 Fermi distribution function

Calculation with static geometry


********************************************************************************
 iSCC Total electronic   Diff electronic      SCC error    
   12   -0.86579598E+02   -0.13972681E-08    0.62991862E-05
********************************************************************************

 Total charge:    -0.00000000

 Atomic gross charges (e)
 Atom           Charge
    1       0.04484142
    2      -0.14268465
    3       0.04159986
    4      -0.13756982
    5       0.02798510
    6       0.12368832
    7      -0.16146991
    8      -0.16629310
    9       0.03688564
   10       0.11079463
   11      -0.11747634
   12       0.05480316
   13       0.11217226
   14       0.13344440
   15       0.03282693
   16      -0.14155659
   17      -0.08903460
   18       0.12656078
   19      -0.11586791
   20      -0.14204667
   21       0.04140267
   22       0.10713447
   23      -0.10108709
   24       0.05911277
   25       0.10982949
   26       0.09929495
   27       0.06119485
   28      -0.09389597
   29       0.07029773
   30      -0.09573206
   31      -0.10959250
   32       0.08956604
   33      -0.10804061
   34       0.09371998
   35       0.07858928
   36       0.07026330
   37       0.01980339
   38      -0.15062581
   39       0.05942728
   40      -0.11676936
   41       0.04676523
   42       0.12274030
   43      -0.17132887
   44      -0.16160565
   45       0.05087409
   46       0.08453392
   47      -0.10319208
   48       0.04579338
   49       0.11480770
   50       0.10493101
   51       0.04036488
   52      -0.12832106
   53      -0.10960608
   54       0.11304970
   55      -0.13562480
   56      -0.13015645
   57       0.05060752
   58       0.11140437
   59      -0.08543720
   60       0.10220351
   61       0.09849008
   62       0.09586027
   63       0.03032616
   64      -0.10710408
   65       0.08551605
   66      -0.12553450
   67      -0.09301464
   68       0.07181726
   69      -0.12350636
   70       0.10204608
   71       0.08155754
   72       0.10524703

Nr. of electrons (up):    204.00000000
Atom populations (up)
 Atom       Population
    1       3.95515858
    2       4.14268465
    3       3.95840014
    4       4.13756982
    5       3.97201490
    6       0.87631168
    7       4.16146991
    8       4.16629310
    9       3.96311436
   10       0.88920537
   11       4.11747634
   12       3.94519684
   13       0.88782774
   14       0.86655560
   15       3.96717307
   16       4.14155659
   17       4.08903460
   18       0.87343922
   19       4.11586791
   20       4.14204667
   21       3.95859733
   22       0.89286553
   23       4.10108709
   24       0.94088723
   25       0.89017051
   26       0.90070505
   27       3.93880515
   28       4.09389597
   29       0.92970227
   30       4.09573206
   31       4.10959250
   32       0.91043396
   33       4.10804061
   34       0.90628002
   35       0.92141072
   36       0.92973670
   37       3.98019661
   38       4.15062581
   39       3.94057272
   40       4.11676936
   41       3.95323477
   42       0.87725970
   43       4.17132887
   44       4.16160565
   45       3.94912591
   46       0.91546608
   47       4.10319208
   48       3.95420662
   49       0.88519230
   50       0.89506899
   51       3.95963512
   52       4.12832106
   53       4.10960608
   54       0.88695030
   55       4.13562480
   56       4.13015645
   57       3.94939248
   58       0.88859563
   59       4.08543720
   60       0.89779649
   61       0.90150992
   62       0.90413973
   63       3.96967384
   64       4.10710408
   65       0.91448395
   66       4.12553450
   67       4.09301464
   68       0.92818274
   69       4.12350636
   70       0.89795392
   71       0.91844246
   72       0.89475297

l-shell populations (up)
 Atom Sh.   l       Population
    1   1   0       1.18200261
    1   2   1       2.77315597
    2   1   0       1.23757165
    2   2   1       2.90511300
    3   1   0       1.18740301
    3   2   1       2.77099713
    4   1   0       1.25767151
    4   2   1       2.87989831
    5   1   0       1.19652449
    5   2   1       2.77549042
    6   1   0       0.87631168
    7   1   0       1.24807951
    7   2   1       2.91339041
    8   1   0       1.23854195
    8   2   1       2.92775116
    9   1   0       1.18692848
    9   2   1       2.77618588
   10   1   0       0.88920537
   11   1   0       1.23586483
   11   2   1       2.88161151
   12   1   0       1.17464296
   12   2   1       2.77055388
   13   1   0       0.88782774
   14   1   0       0.86655560
   15   1   0       1.19269778
   15   2   1       2.77447530
   16   1   0       1.24783125
   16   2   1       2.89372533
   17   1   0       1.21882073
   17   2   1       2.87021387
   18   1   0       0.87343922
   19   1   0       1.23057128
   19   2   1       2.88529663
   20   1   0       1.23312350
   20   2   1       2.90892317
   21   1   0       1.17868382
   21   2   1       2.77991351
   22   1   0       0.89286553
   23   1   0       1.22119093
   23   2   1       2.87989616
   24   1   0       0.94088723
   25   1   0       0.89017051
   26   1   0       0.90070505
   27   1   0       1.15394227
   27   2   1       2.78486288
   28   1   0       1.24081701
   28   2   1       2.85307896
   29   1   0       0.92970227
   30   1   0       1.22777518
   30   2   1       2.86795688
   31   1   0       1.23880414
   31   2   1       2.87078836
   32   1   0       0.91043396
   33   1   0       1.22862290
   33   2   1       2.87941771
   34   1   0       0.90628002
   35   1   0       0.92141072
   36   1   0       0.92973670
   37   1   0       1.21531886
   37   2   1       2.76487775
   38   1   0       1.25395486
   38   2   1       2.89667095
   39   1   0       1.18170502
   39   2   1       2.75886770
   40   1   0       1.25195918
   40   2   1       2.86481018
   41   1   0       1.18099852
   41   2   1       2.77223625
   42   1   0       0.87725970
   43   1   0       1.25196391
   43   2   1       2.91936497
   44   1   0       1.24951197
   44   2   1       2.91209368
   45   1   0       1.17342752
   45   2   1       2.77569840
   46   1   0       0.91546608
   47   1   0       1.23545725
   47   2   1       2.86773483
   48   1   0       1.19395492
   48   2   1       2.76025170
   49   1   0       0.88519230
   50   1   0       0.89506899
   51   1   0       1.18474326
   51   2   1       2.77489185
   52   1   0       1.21756661
   52   2   1       2.91075445
   53   1   0       1.22932376
   53   2   1       2.88028232
   54   1   0       0.88695030
   55   1   0       1.23560133
   55   2   1       2.90002347
   56   1   0       1.24311678
   56   2   1       2.88703967
   57   1   0       1.18065976
   57   2   1       2.76873271
   58   1   0       0.88859563
   59   1   0       1.21857451
   59   2   1       2.86686269
   60   1   0       0.89779649
   61   1   0       0.90150992
   62   1   0       0.90413973
   63   1   0       1.20289494
   63   2   1       2.76677890
   64   1   0       1.23329670
   64   2   1       2.87380738
   65   1   0       0.91448395
   66   1   0       1.24808048
   66   2   1       2.87745402
   67   1   0       1.23362180
   67   2   1       2.85939284
   68   1   0       0.92818274
   69   1   0       1.22622658
   69   2   1       2.89727978
   70   1   0       0.89795392
   71   1   0       0.91844246
   72   1   0       0.89475297

Orbital populations (up)
 Atom Sh.   l   m       Population  Label
    1   1   0   0       1.18200261  s
    1   2   1  -1       0.93897529  p_y
    1   2   1   0       0.91933917  p_z
    1   2   1   1       0.91484151  p_x
    2   1   0   0       1.23757165  s
    2   2   1  -1       0.99248495  p_y
    2   2   1   0       0.93128977  p_z
    2   2   1   1       0.98133828  p_x
    3   1   0   0       1.18740301  s
    3   2   1  -1       0.95470256  p_y
    3   2   1   0       0.91077655  p_z
    3   2   1   1       0.90551802  p_x
    4   1   0   0       1.25767151  s
    4   2   1  -1       0.98072401  p_y
    4   2   1   0       0.93920831  p_z
    4   2   1   1       0.95996599  p_x
    5   1   0   0       1.19652449  s
    5   2   1  -1       0.95877596  p_y
    5   2   1   0       0.90544130  p_z
    5   2   1   1       0.91127316  p_x
    6   1   0   0       0.87631168  s
    7   1   0   0       1.24807951  s
    7   2   1  -1       1.00712131  p_y
    7   2   1   0       0.93299699  p_z
    7   2   1   1       0.97327210  p_x
    8   1   0   0       1.23854195  s
    8   2   1  -1       1.00971351  p_y
    8   2   1   0       0.94444440  p_z
    8   2   1   1       0.97359325  p_x
    9   1   0   0       1.18692848  s
    9   2   1  -1       0.95181825  p_y
    9   2   1   0       0.90588120  p_z
    9   2   1   1       0.91848643  p_x
   10   1   0   0       0.88920537  s
   11   1   0   0       1.23586483  s
   11   2   1  -1       0.97582334  p_y
   11   2   1   0       0.93631742  p_z
   11   2   1   1       0.96947076  p_x
   12   1   0   0       1.17464296  s
   12   2   1  -1       0.94927503  p_y
   12   2   1   0       0.90038230  p_z
   12   2   1   1       0.92089655  p_x
   13   1   0   0       0.88782774  s
   14   1   0   0       0.86655560  s
   15   1   0   0       1.19269778  s
   15   2   1  -1       0.95191767  p_y
   15   2   1   0       0.90516800  p_z
   15   2   1   1       0.91738963  p_x
   16   1   0   0       1.24783125  s
   16   2   1  -1       0.99068473  p_y
   16   2   1   0       0.93637178  p_z
   16   2   1   1       0.96666883  p_x
   17   1   0   0       1.21882073  s
   17   2   1  -1       0.98753042  p_y
   17   2   1   0       0.94621186  p_z
   17   2   1   1       0.93647159  p_x
   18   1   0   0       0.87343922  s
   19   1   0   0       1.23057128  s
   19   2   1  -1       0.99332808  p_y
   19   2   1   0       0.93635493  p_z
   19   2   1   1       0.95561361  p_x
   20   1   0   0       1.23312350  s
   20   2   1  -1       1.01416041  p_y
   20   2   1   0       0.93786360  p_z
   20   2   1   1       0.95689916  p_x
   21   1   0   0       1.17868382  s
   21   2   1  -1       0.96027859  p_y
   21   2   1   0       0.89821264  p_z
   21   2   1   1       0.92142227  p_x
   22   1   0   0       0.89286553  s
   23   1   0   0       1.22119093  s
   23   2   1  -1       0.99253073  p_y
   23   2   1   0       0.95107529  p_z
   23   2   1   1       0.93629014  p_x
   24   1   0   0       0.94088723  s
   25   1   0   0       0.89017051  s
   26   1   0   0       0.90070505  s
   27   1   0   0       1.15394227  s
   27   2   1  -1       0.94825711  p_y
   27   2   1   0       0.91914999  p_z
   27   2   1   1       0.91745578  p_x
   28   1   0   0       1.24081701  s
   28   2   1  -1       0.97376188  p_y
   28   2   1   0       0.93046856  p_z
   28   2   1   1       0.94884851  p_x
   29   1   0   0       0.92970227  s
   30   1   0   0       1.22777518  s
   30   2   1  -1       0.98565011  p_y
   30   2   1   0       0.92691998  p_z
   30   2   1   1       0.95538679  p_x
   31   1   0   0       1.23880414  s
   31   2   1  -1       0.99238287  p_y
   31   2   1   0       0.94411221  p_z
   31   2   1   1       0.93429329  p_x
   32   1   0   0       0.91043396  s
   33   1   0   0       1.22862290  s
   33   2   1  -1       0.99358559  p_y
   33   2   1   0       0.94776120  p_z
   33   2   1   1       0.93807092  p_x
   34   1   0   0       0.90628002  s
   35   1   0   0       0.92141072  s
   36   1   0   0       0.92973670  s
   37   1   0   0       1.21531886  s
   37   2   1  -1       0.95690904  p_y
   37   2   1   0       0.89910538  p_z
   37   2   1   1       0.90886333  p_x
   38   1   0   0       1.25395486  s
   38   2   1  -1       1.00149702  p_y
   38   2   1   0       0.93685266  p_z
   38   2   1   1       0.95832127  p_x
   39   1   0   0       1.18170502  s
   39   2   1  -1       0.94536033  p_y
   39   2   1   0       0.89804556  p_z
   39   2   1   1       0.91546181  p_x
   40   1   0   0       1.25195918  s
   40   2   1  -1       0.99822000  p_y
   40   2   1   0       0.92469111  p_z
   40   2   1   1       0.94189907  p_x
   41   1   0   0       1.18099852  s
   41   2   1  -1       0.95136262  p_y
   41   2   1   0       0.91065373  p_z
   41   2   1   1       0.91021990  p_x
   42   1   0   0       0.87725970  s
   43   1   0   0       1.25196391  s
   43   2   1  -1       1.02666411  p_y
   43   2   1   0       0.92260324  p_z
   43   2   1   1       0.97009762  p_x
   44   1   0   0       1.24951197  s
   44   2   1  -1       1.02565646  p_y
   44   2   1   0       0.92017146  p_z
   44   2   1   1       0.96626576  p_x
   45   1   0   0       1.17342752  s
   45   2   1  -1       0.95366744  p_y
   45   2   1   0       0.90803666  p_z
   45   2   1   1       0.91399429  p_x
   46   1   0   0       0.91546608  s
   47   1   0   0       1.23545725  s
   47   2   1  -1       0.98087179  p_y
   47   2   1   0       0.92777128  p_z
   47   2   1   1       0.95909176  p_x
   48   1   0   0       1.19395492  s
   48   2   1  -1       0.95017296  p_y
   48   2   1   0       0.89938598  p_z
   48   2   1   1       0.91069275  p_x
   49   1   0   0       0.88519230  s
   50   1   0   0       0.89506899  s
   51   1   0   0       1.18474326  s
   51   2   1  -1       0.96596072  p_y
   51   2   1   0       0.89927264  p_z
   51   2   1   1       0.90965850  p_x
   52   1   0   0       1.21756661  s
   52   2   1  -1       1.01008163  p_y
   52   2   1   0       0.92970550  p_z
   52   2   1   1       0.97096732  p_x
   53   1   0   0       1.22932376  s
   53   2   1  -1       0.99562827  p_y
   53   2   1   0       0.94917829  p_z
   53   2   1   1       0.93547577  p_x
   54   1   0   0       0.88695030  s
   55   1   0   0       1.23560133  s
   55   2   1  -1       1.01000477  p_y
   55   2   1   0       0.93003934  p_z
   55   2   1   1       0.95997937  p_x
   56   1   0   0       1.24311678  s
   56   2   1  -1       0.99633562  p_y
   56   2   1   0       0.92554906  p_z
   56   2   1   1       0.96515499  p_x
   57   1   0   0       1.18065976  s
   57   2   1  -1       0.96164446  p_y
   57   2   1   0       0.89117924  p_z
   57   2   1   1       0.91590902  p_x
   58   1   0   0       0.88859563  s
   59   1   0   0       1.21857451  s
   59   2   1  -1       0.99338244  p_y
   59   2   1   0       0.96565250  p_z
   59   2   1   1       0.90782776  p_x
   60   1   0   0       0.89779649  s
   61   1   0   0       0.90150992  s
   62   1   0   0       0.90413973  s
   63   1   0   0       1.20289494  s
   63   2   1  -1       0.95799390  p_y
   63   2   1   0       0.89832130  p_z
   63   2   1   1       0.91046370  p_x
   64   1   0   0       1.23329670  s
   64   2   1  -1       0.98960446  p_y
   64   2   1   0       0.92090351  p_z
   64   2   1   1       0.96329941  p_x
   65   1   0   0       0.91448395  s
   66   1   0   0       1.24808048  s
   66   2   1  -1       0.99317864  p_y
   66   2   1   0       0.92180390  p_z
   66   2   1   1       0.96247148  p_x
   67   1   0   0       1.23362180  s
   67   2   1  -1       0.99218406  p_y
   67   2   1   0       0.93716473  p_z
   67   2   1   1       0.93004405  p_x
   68   1   0   0       0.92818274  s
   69   1   0   0       1.22622658  s
   69   2   1  -1       1.00903960  p_y
   69   2   1   0       0.94654563  p_z
   69   2   1   1       0.94169454  p_x
   70   1   0   0       0.89795392  s
   71   1   0   0       0.91844246  s
   72   1   0   0       0.89475297  s

Fermi level:                        -0.1448811055 H           -3.9424 eV
Band energy:                       -80.6529283464 H        -2194.6778 eV
TS:                                  0.0000000000 H            0.0000 eV
Band free energy (E-TS):           -80.6529283464 H        -2194.6778 eV
Extrapolated E(0K):                -80.6529283464 H        -2194.6778 eV
Input / Output electrons (q):    204.0000000000    204.0000000000

Energy H0:                         -86.5742730159 H        -2355.8058 eV
Energy SCC:                         -0.0043346195 H           -0.1180 eV
Energy 3rd:                         -0.0009899958 H           -0.0269 eV
Total Electronic energy:           -86.5795976312 H        -2355.9507 eV
Repulsive energy:                    0.9072164054 H           24.6866 eV
Total energy:                      -85.6723812258 H        -2331.2641 eV
Extrapolated to 0:                 -85.6723812258 H        -2331.2641 eV
Total Mermin free energy:          -85.6723812258 H        -2331.2641 eV
Force related energy:              -85.6723812258 H        -2331.2641 eV

Non-constrained calculation

SCC converged

Total Forces
    1      0.000801284338      0.037475640025     -0.031631887066
    2      0.042745804773     -0.046305370392      0.041838102472
    3      0.016076748555     -0.021701664028      0.022084273185
    4      0.009377186942     -0.024668113766      0.005450923935
    5     -0.042141626579      0.024926000261      0.007887146418
    6     -0.039763069682      0.024504553025     -0.008493880989
    7     -0.008094026523      0.023682882361     -0.028601830140
    8     -0.075013653524      0.051393981176     -0.024677369490
    9     -0.002017841905      0.005973212575     -0.003181091578
   10      0.000362162377      0.000435365989      0.003903939400
   11      0.080423917704     -0.030219115797     -0.032624055966
   12      0.015053402834     -0.015475785666     -0.004325147760
   13      0.018207420630     -0.012156982382      0.006691383195
   14      0.058797758471     -0.038664632096      0.016396447712
   15      0.007593663878     -0.001103706645     -0.014368175740
   16      0.010326889756     -0.003838737021      0.010336018076
   17     -0.022556508699      0.007249976417      0.017691017422
   18     -0.051288984870      0.030761933578     -0.006739885146
   19     -0.052972225578      0.024902816955     -0.012132156185
   20      0.017974790198     -0.044338324006      0.081834318531
   21     -0.040863851667      0.000776942419      0.015576834559
   22     -0.012939242618      0.008206824448     -0.007316033745
   23      0.008470725874      0.000307180440     -0.007134024553
   24      0.006491011644     -0.004508179830     -0.003189697407
   25      0.036905063965     -0.021543366721      0.007693971979
   26     -0.005503115072     -0.006427700774      0.012131137821
   27     -0.007548153990      0.039516811045     -0.073666955889
   28     -0.018359194473      0.023913224447      0.012416689405
   29      0.007591094862     -0.004548335265      0.007761056497
   30      0.028697822829     -0.023261071043      0.004032141839
   31      0.010826397977     -0.017271626424     -0.013917286749
   32      0.020478825233     -0.018615420821      0.001344734709
   33     -0.025397294943      0.038017111200     -0.028909266969
   34      0.001439720495     -0.002582883831      0.010120079122
   35      0.003674663985     -0.000684853860      0.013053197269
   36      0.001421380473     -0.005855894807      0.001890690903
   37      0.020232205876      0.009787795479     -0.001255208503
   38     -0.116614571767     -0.044776856125     -0.008191320074
   39      0.031746743521      0.018141104935     -0.018968645708
   40      0.044040231934      0.007063110523     -0.031924953265
   41      0.030633135398     -0.003998185401      0.028390416469
   42      0.060929209394      0.020587222268      0.028659495325
   43      0.058781709235      0.025044588027      0.004972879947
   44     -0.000111537361      0.008440960749      0.046024470184
   45     -0.012735421457      0.007092113989     -0.002460844034
   46     -0.034104780303     -0.005784880938      0.000605557805
   47     -0.055639291854     -0.021432914199     -0.031333400764
   48     -0.052304483111     -0.006972833486     -0.011252359973
   49     -0.027027406200     -0.010245365332     -0.012065203282
   50     -0.006517929642     -0.004640041741     -0.005872960104
   51      0.008958156340     -0.002764898948     -0.054966096647
   52     -0.035161161352     -0.006166766812     -0.025126237130
   53     -0.035218682278     -0.007743786927      0.039816868410
   54      0.035079259368      0.013553881777      0.013448289038
   55      0.023045233830     -0.019388524186      0.064349022685
   56     -0.022566596384     -0.022233197514      0.032867559486
   57     -0.053868655731     -0.030220277630      0.015247984550
   58      0.060420576883      0.016694607710      0.025943386706
   59      0.030155557466      0.016224591118     -0.004558473331
   60      0.020225851182      0.010855319028     -0.028715447561
   61     -0.023589166452     -0.004917773585     -0.008946140429
   62      0.012716533327      0.008778108572      0.006444809710
   63      0.002062463091     -0.001298791269      0.014562672662
   64      0.002930562627     -0.007295181740      0.008443154986
   65      0.005350416580      0.005984492811     -0.032612919750
   66      0.040376793864      0.007252637368      0.025468001831
   67      0.001412203957      0.018395170815      0.000077610340
   68      0.014090623711      0.008775296612     -0.001419673904
   69      0.045465878787      0.041835449299     -0.088026451491
   70     -0.026027105400     -0.007094873221     -0.013036321950
   71     -0.001367932031     -0.005187760469     -0.015590070771
   72     -0.046578427199     -0.030556322502      0.041455662835

Maximal derivative component:        0.116615E+00 au

Forces on external charges
     -0.000000927834      0.000000496025     -0.000002180513
     -0.000005848648      0.000002198366     -0.000008612720
     -0.000000506599     -0.000000019172     -0.000002570184
     -0.000002378500      0.000002719165     -0.000005117571
     -0.000002597798     -0.000000160298     -0.000003718177
      0.000007324180     -0.000004676625      0.000007560745
     -0.000002064462     -0.000003388532     -0.000012606811
     -0.000000307006      0.000000390902     -0.000007218073
     -0.000000315968      0.000000603682     -0.000001168486
      0.000003235358     -0.000004133680      0.000004652159
     -0.000013713528      0.000000261793     -0.000012402104
     -0.000001805290     -0.000001520453     -0.000004515371
     -0.000000312524      0.000006128926      0.000014516193
     -0.000000959522      0.000000630703      0.000009005778
     -0.000000114642      0.000000396755     -0.000001413051
     -0.000000806253      0.000002269542     -0.000002654561
     -0.000019600667     -0.000004832197     -0.000015913434
      0.000013848260     -0.000004420721      0.000008900021
     -0.000007244412     -0.000012049981     -0.000018106912
      0.000000221094      0.000001358451     -0.000003921759
     -0.000000084593      0.000000564936     -0.000000649199
      0.000001223698     -0.000003067481      0.000002428536
     -0.000015268448     -0.000013946195     -0.000019149730
      0.000023811149      0.000001537447      0.000012879688
      0.000002279414      0.000017010160      0.000019268351
     -0.000000906952     -0.000001139820      0.000004938061
      0.000000028844      0.000000486223     -0.000000794458
     -0.000000204992      0.000001858257     -0.000001420129
      0.000016737944      0.000021587583      0.000020008766
      0.000000374999      0.000001541688     -0.000002183953
      0.000000046112      0.000001701234     -0.000001210010
      0.000000374102     -0.000002102751      0.000001156505
      0.000000287048      0.000001607216     -0.000001502223
     -0.000000735604     -0.000001488240      0.000002540666
     -0.000000062611     -0.000001611693      0.000000803473
     -0.000000397095     -0.000001485978      0.000001226563
      0.000005475884     -0.000005671643     -0.000000743255
      0.000020916560     -0.000013446948      0.000001307467
      0.000002790101     -0.000009465337     -0.000002933261
      0.000019306357     -0.000015734719     -0.000001352915
      0.000006192165     -0.000006419170      0.000000111560
     -0.000022991363      0.000005892852     -0.000004080894
      0.000000989520     -0.000038531191     -0.000013531106
     -0.000000275265     -0.000042789035     -0.000017395502
      0.000004835147     -0.000006940283     -0.000000901207
     -0.000021544386      0.000009082160     -0.000000791025
      0.000023286743     -0.000016689225      0.000003694914
      0.000003181445     -0.000010713496     -0.000002207144
      0.000022059089      0.000043925772      0.000023430425
      0.000024959786      0.000050868385      0.000030417913
      0.000001973368     -0.000011132390     -0.000002988435
      0.000016397885     -0.000020363520      0.000000252333
      0.000024611830     -0.000028747394     -0.000000711201
     -0.000021746061      0.000007412415     -0.000006065900
      0.000000419652     -0.000047642528     -0.000013698324
     -0.000006645430     -0.000047696014     -0.000011202042
      0.000003491754     -0.000008468301      0.000000710223
     -0.000019504592      0.000013777971     -0.000001520117
      0.000012785545     -0.000047930996     -0.000012244862
     -0.000025138409      0.000023225208      0.000000539262
      0.000024087692      0.000052593686      0.000022608689
      0.000030928267      0.000057404728      0.000021630656
      0.000000021079     -0.000012356722     -0.000000263116
      0.000009838498     -0.000021100204      0.000005642413
     -0.000006282175      0.000060471239      0.000024741895
     -0.000010462576     -0.000039647338      0.000004308419
      0.000003693967     -0.000022333429      0.000008670964
     -0.000012138083      0.000014932426     -0.000004899810
     -0.000004935083     -0.000029284197      0.000009837422
      0.000026587337      0.000043300148     -0.000002295234
     -0.000003258566      0.000016128547     -0.000008492969
      0.000008913498      0.000023505745     -0.000011149385
      0.000000010971     -0.000000482306      0.000001065627
     -0.000000503675     -0.000001247509      0.000003345634
      0.000000217959     -0.000000473541      0.000000918081
     -0.000000329804     -0.000002526282      0.000005079302
     -0.000000068822     -0.000000297028      0.000000801045
      0.000001433380      0.000001348615     -0.000004219451
      0.000000701665     -0.000001309643      0.000002686102
      0.000001636206     -0.000002196127      0.000003444273
      0.000000236133     -0.000001044579      0.000001506648
      0.000002071168      0.000002924258     -0.000006789383
     -0.000000521875     -0.000000810463      0.000002518624
      0.000000074026     -0.000000310473      0.000000733646
     -0.000001255847      0.000001560195     -0.000002943671
     -0.000002464229      0.000002451243     -0.000003547508
      0.000000540361     -0.000000891975      0.000001171464
      0.000000426416     -0.000007010091      0.000007083326
     -0.000000327461     -0.000000721480      0.000002190531
      0.000001019579      0.000000777294     -0.000002792617
      0.000000294965     -0.000000911217      0.000002185749
      0.000003186541     -0.000004374506      0.000003901869
      0.000000440834     -0.000003673243      0.000001723933
      0.000002648164      0.000009870234     -0.000011366787
      0.000000032550     -0.000000767210      0.000002069341
      0.000000459991      0.000000604170     -0.000002012487
     -0.000000589864      0.000000987428     -0.000002213183
     -0.000004278425      0.000004365949     -0.000003608721
      0.000001052937     -0.000002464988      0.000001182419
     -0.000007274092     -0.000039837658      0.000004146301
     -0.000000080803      0.000000687467     -0.000001859207
      0.000004500118     -0.000012321501      0.000001737678
      0.000000858502     -0.000071345055     -0.000009477363
      0.000016248970      0.000080943613     -0.000000059947
      0.000000992468     -0.000033623001     -0.000008605321
     -0.000005213502      0.000009265464     -0.000001139954
     -0.000080343278      0.000219309466      0.000068254719
      0.000010385806      0.000044514908      0.000020465669
     -0.000028137937      0.000015000918     -0.000004971524
     -0.000089327215      0.000030357300     -0.000021852219
     -0.000031203796      0.000040439212      0.000000830138
     -0.000082715519      0.000031835897     -0.000015756859
     -0.000033628166      0.000018532965     -0.000005647801
      0.000080616828     -0.000005387944      0.000025104570
     -0.000108160885      0.000234591198      0.000006425181
     -0.000094053212      0.000217970291      0.000044293808
     -0.000025594296      0.000016900057     -0.000002894058
      0.000074658505     -0.000011036395      0.000019393778
     -0.000100823285      0.000036369910     -0.000013261408
     -0.000042534088      0.000052407929     -0.000002034545
      0.000000739466     -0.000443758611     -0.000056063212
      0.000043729694     -0.000443797014     -0.000150557267
     -0.000030332327      0.000043411433      0.000004626279
     -0.000068465390      0.000043782213     -0.000014143230
     -0.000126296667      0.000055502144      0.000010406088
      0.000077831066     -0.000008554520      0.000018831793
     -0.000202046277      0.000319181964      0.000049009331
     -0.000092704896      0.000246668250      0.000040487688
     -0.000022447198      0.000021572591     -0.000006412805
      0.000062032786     -0.000022548900      0.000017429990
     -0.000205100113      0.000162952360      0.000070620693
      0.000096411076     -0.000025286029     -0.000008236974
      0.000215337633     -0.000752233719     -0.000116513675
      0.000006780446     -0.000492782822     -0.000131008790
     -0.000030012312      0.000053066628     -0.000001403468
     -0.000056291567      0.000044286284     -0.000031805893
      0.000221217250     -0.000148362692     -0.000164387551
     -0.000099830953      0.000295706838     -0.000028435439
     -0.000048476049      0.000061542985     -0.000052638222
      0.000044330386     -0.000020194489      0.000025181096
     -0.000057752776      0.000152993720     -0.000093597068
      0.000056872818     -0.000634588342     -0.000085566210
      0.000027770484     -0.000029878885      0.000044258716
      0.000010406367     -0.000120853163      0.000136527446
      0.000000301246     -0.000000514966      0.000000537454
      0.000001647500     -0.000002010341      0.000001860190
      0.000000223085     -0.000000595668      0.000000688640
      0.000000825732     -0.000001496808      0.000001569193
      0.000000676480     -0.000000782523      0.000000701137
     -0.000002081538      0.000002106981     -0.000001800819
      0.000001156107     -0.000002924265      0.000003454753
      0.000000281360     -0.000001847626      0.000002359322
      0.000000132895     -0.000000363118      0.000000418536
     -0.000001143140      0.000001673675     -0.000001640507
      0.000003316817     -0.000002713722      0.000002110336
      0.000000657371     -0.000001012700      0.000001030616
     -0.000000818823      0.000004115737     -0.000005376667
      0.000000089300      0.000002385339     -0.000003383518
      0.000000067807     -0.000000392766      0.000000499950
      0.000000395154     -0.000001068645      0.000001250547
      0.000005166928     -0.000003766387      0.000002807417
     -0.000003288641      0.000002306727     -0.000001645101
      0.000003731262     -0.000005450991      0.000005376333
     -0.000000031488     -0.000001210297      0.000001685945
      0.000000055725     -0.000000280926      0.000000354770
     -0.000000607076      0.000001233081     -0.000001360071
      0.000006136477     -0.000006010026      0.000004944156
     -0.000006076330      0.000003362023     -0.000002152261
     -0.000003543689      0.000007976990     -0.000008397915
      0.000000334016      0.000001525558     -0.000002310572
      0.000000001404     -0.000000293544      0.000000402895
      0.000000182252     -0.000000847091      0.000001085721
     -0.000009137755      0.000008967864     -0.000006547432
     -0.000000150039     -0.000000893981      0.000001341729
      0.000000061508     -0.000000790848      0.000001089039
     -0.000000305323      0.000000894001     -0.000001094259
     -0.000000087588     -0.000000800945      0.000001191398
      0.000000353624      0.000000968927     -0.000001571164
     -0.000000076338      0.000000722770     -0.000000997224
      0.000000174965      0.000000732599     -0.000001154280
      0.000001734363     -0.000000703298      0.000003109380
      0.000011956532     -0.000005522425      0.000009652895
      0.000000703669     -0.000000348431      0.000004308824
      0.000004096375     -0.000001497409      0.000007755937
      0.000006374691     -0.000004015348      0.000006004381
     -0.000012997827      0.000004599963     -0.000005101074
      0.000001795739     -0.000000137103      0.000026603368
     -0.000000683313     -0.000000302591      0.000011641071
      0.000000462692     -0.000000247553      0.000001916228
     -0.000005845676      0.000001745963     -0.000007358579
      0.000034611693     -0.000035702296      0.000011262206
      0.000003900526     -0.000001214441      0.000012537422
      0.000006476803     -0.000004222349     -0.000032351751
      0.000003918488     -0.000000603920     -0.000013977423
     -0.000000016644     -0.000000139182      0.000002205673
      0.000001307926     -0.000000660873      0.000005082101
      0.000096963061     -0.000057090748      0.000096627925
     -0.000019823147      0.000022960814      0.000010865737
      0.000012020060      0.000017090478      0.000089596625
     -0.000001058646     -0.000000176564      0.000006066537
      0.000000101904     -0.000000130708      0.000001287580
     -0.000002349174      0.000000839079     -0.000005387906
      0.000062515924      0.000035612557      0.000164196037
     -0.000197100731      0.000081168382     -0.000097589282
      0.000016598305     -0.000037357599     -0.000087646896
      0.000002593256     -0.000000146304     -0.000007245615
     -0.000000165357     -0.000000072845      0.000001354222
      0.000000411519     -0.000000441549      0.000003662803
     -0.000064995114     -0.000173456941     -0.000240372915
     -0.000000943688     -0.000000112087      0.000003833920
     -0.000000075606     -0.000000321761      0.000003286343
     -0.000000943056      0.000000564660     -0.000003750369
     -0.000000629716     -0.000000172986      0.000003272862
      0.000001662450     -0.000000024373     -0.000004017771
     -0.000000000959      0.000000327118     -0.000002899506
      0.000000808430      0.000000095104     -0.000002860296
     -0.000000216752     -0.000000381367     -0.000000705375
     -0.000001292124     -0.000001589180     -0.000002728733
     -0.000000075742     -0.000000442678     -0.000000658586
     -0.000000783718     -0.000000918405     -0.000002480701
     -0.000000385820     -0.000000650998     -0.000000832814
      0.000002153659      0.000001550424      0.000003391903
     -0.000000157273     -0.000002055739     -0.000002366866
      0.000000053153     -0.000001317258     -0.000002203359
     -0.000000107565     -0.000000201936     -0.000000615762
      0.000001344010      0.000000786673      0.000003035968
     -0.000002076500     -0.000002493868     -0.000003086123
     -0.000000180931     -0.000000723368     -0.000000762957
     -0.000000258983      0.000002541291      0.000002626943
     -0.000000399371      0.000001666956      0.000002493038
     -0.000000011975     -0.000000254190     -0.000000585220
     -0.000000393360     -0.000000351475     -0.000002037129
     -0.000002022769     -0.000003227756     -0.000003113720
      0.000003042353      0.000002269274      0.000003500198
     -0.000000441009     -0.000003007154     -0.000002558425
      0.000000180819     -0.000000700937     -0.000001914435
     -0.000000038378     -0.000000070012     -0.000000540105
      0.000000742528      0.000000186978      0.000002477699
     -0.000001076349     -0.000003509536     -0.000002818983
      0.000002654385      0.000003349272      0.000003184077
     -0.000000072017      0.000003274569      0.000002501281
     -0.000000481243      0.000000925087      0.000002212490
      0.000000034899     -0.000000114586     -0.000000525584
     -0.000000150441      0.000000028853     -0.000001703534
      0.000000922564      0.000003904520      0.000002696737
      0.000000273797     -0.000000239428     -0.000001655808
      0.000000031033      0.000000108802     -0.000001571000
      0.000000332506     -0.000000202252      0.000001867434
      0.000000216709     -0.000000021306     -0.000001561465
     -0.000000472556      0.000000335779      0.000001743991
     -0.000000020409     -0.000000258756      0.000001427835
     -0.000000304822     -0.000000063890      0.000001421976
     -0.000000078399      0.000001128322      0.000000799436
      0.000000018227      0.000003494232      0.000001878029
     -0.000000034191      0.000000728259      0.000000900486
     -0.000000968192      0.000006996081      0.000003887637
      0.000000050005      0.000000654841      0.000000490861
     -0.000000145582     -0.000005178935     -0.000001724083
      0.000000043245      0.000001683667      0.000002334975
     -0.000000166632      0.000002628672      0.000004650673
     -0.000000367752      0.000002289032      0.000001990644
      0.000001532759     -0.000011142624     -0.000002783881
      0.000000291680      0.000002056605      0.000001370985
      0.000000044116      0.000000462067      0.000000537712
     -0.000000097526     -0.000001437744     -0.000002897828
      0.000000000639     -0.000001961557     -0.000005275420
     -0.000000119008      0.000001285914      0.000001953960
     -0.000003053580      0.000016676618      0.000012786014
      0.000000295681      0.000001514695      0.000001302106
     -0.000000414713     -0.000002677444     -0.000001308640
      0.000000212262      0.000001113531      0.000001573806
      0.000000303884      0.000004010364      0.000010778297
      0.000000418006      0.000005915504      0.000007570052
      0.000007207484     -0.000029188783     -0.000008679615
      0.000000257087      0.000001155887      0.000001365114
     -0.000000320865     -0.000001451462     -0.000001132784
     -0.000000216765     -0.000000933996     -0.000001724562
     -0.000000780839     -0.000001901426     -0.000011587880
      0.000000534197      0.000002439414      0.000005736406
      0.000018875795      0.000065668981      0.000053424725
     -0.000000260568     -0.000000917794     -0.000001245733
      0.000005667775      0.000004765593      0.000029352160
      0.000019515920      0.000085048406      0.000062129474
     -0.000007767762     -0.000151974849     -0.000060550649
      0.000015100771      0.000016487402      0.000059869399
     -0.000005465394      0.000000983987     -0.000024898299
      0.000064432909     -0.000228476853     -0.000038103663
     -0.000028078481     -0.000008844702     -0.000074113942
      0.000000322757     -0.000000370004      0.000000536130
      0.000000777791     -0.000001246539      0.000001904782
      0.000000363089     -0.000000320960      0.000000454630
      0.000001584326     -0.000001691653      0.000002321124
      0.000000178279     -0.000000294609      0.000000477341
     -0.000000806412      0.000001738240     -0.000002623480
      0.000001073258     -0.000000939758      0.000001452773
      0.000001772622     -0.000001242897      0.000001553380
      0.000000605128     -0.000000476097      0.000000555730
     -0.000001825915      0.000002391848     -0.000003429530
      0.000000373280     -0.000000980278      0.000001641937
      0.000000226697     -0.000000260479      0.000000425530
     -0.000001386604      0.000001009038     -0.000001625965
     -0.000002246367      0.000001326531     -0.000001689514
      0.000000602939     -0.000000416846      0.000000443049
      0.000003057541     -0.000001969606      0.000002169890
      0.000000327947     -0.000000845784      0.000001474272
     -0.000000244732      0.000001180635     -0.000001944277
      0.000000681293     -0.000000769780      0.000001344205
      0.000002712817     -0.000001594213      0.000001201997
      0.000001110224     -0.000000525490      0.000000317399
     -0.000004017852      0.000002830388     -0.000003668880
      0.000000480618     -0.000000758958      0.000001360650
     -0.000000183077      0.000000806358     -0.000001438658
     -0.000000839248      0.000000758426     -0.000001381519
     -0.000003385703      0.000001768821     -0.000001363905
      0.000000971738     -0.000000539789      0.000000209448
      0.000005587619     -0.000001115274      0.000000233183
     -0.000000463795      0.000000674645     -0.000001246802
      0.000003762457     -0.000002081539     -0.000000207991
      0.000005003746     -0.000000067284     -0.000002884051
     -0.000008244960      0.000001425322     -0.000002296137
      0.000003895065     -0.000002011098     -0.000002213105
     -0.000004252341      0.000002191220     -0.000000044787
     -0.000005780412     -0.000003528141      0.000005223174
     -0.000003590191      0.000002782056      0.000003338941
      0.000000168543     -0.000000612026     -0.000001323905
     -0.000000075552     -0.000002965794     -0.000005010876
      0.000000499698     -0.000000731634     -0.000001420130
      0.000000274301     -0.000001169563     -0.000003975145
      0.000000063158     -0.000001417243     -0.000001722786
      0.000000887713      0.000002835032      0.000005500638
      0.000002955700     -0.000004353257     -0.000005661441
      0.000002166787     -0.000001615412     -0.000004515205
      0.000000174964     -0.000000166116     -0.000000960134
      0.000000198560      0.000001135518      0.000004381372
     -0.000000995731     -0.000005888644     -0.000006263422
      0.000000654712     -0.000001748102     -0.000001807052
     -0.000005499901      0.000005479913      0.000006337268
     -0.000003809641      0.000002034808      0.000005432517
      0.000000372962     -0.000000193260     -0.000001036169
      0.000000378082     -0.000000080173     -0.000002786120
     -0.000000569376     -0.000008959686     -0.000006991533
      0.000002043036      0.000004956732      0.000006077472
      0.000004041037     -0.000008765284     -0.000006283931
      0.000001473560     -0.000000125754     -0.000003118451
      0.000000170330      0.000000065049     -0.000000696433
     -0.000000101792      0.000000032849      0.000003146150
      0.000002611885     -0.000010844969     -0.000006769023
      0.000001767756      0.000009673909      0.000006924978
     -0.000007441714      0.000009949438      0.000005809065
     -0.000002400064      0.000000045699      0.000003739256
      0.000000294898      0.000000074986     -0.000000728019
      0.000000419012      0.000000455483     -0.000001978776
     -0.000004331197      0.000013375805      0.000006212264
      0.000001077898      0.000000586823     -0.000002095547
      0.000000540948      0.000000668896     -0.000001706500
     -0.000000243603     -0.000000491224      0.000001999053
      0.000000814145      0.000000752360     -0.000001728208
     -0.000001497789     -0.000000734344      0.000002228205
     -0.000000436340     -0.000000717776      0.000001422203
     -0.000000834026     -0.000000876138      0.000001430813
      0.000001644177     -0.000000128742      0.000000828710
      0.000006847997      0.000000703352      0.000001052084
      0.000001821659     -0.000000310791      0.000001431814
      0.000004416628     -0.000000687171      0.000002799043
      0.000002292910      0.000001203857     -0.000000016334
     -0.000007720396     -0.000000711012     -0.000000161127
      0.000010041372      0.000001709148      0.000006348345
      0.000004559219     -0.000002296898      0.000006187784
      0.000000902877     -0.000000277162      0.000000909785
     -0.000005242492      0.000000452948     -0.000002439249
      0.000008848148      0.000007885444     -0.000003265507
      0.000002428492      0.000002949999      0.000000465351
     -0.000015601054     -0.000000247782     -0.000016130776
     -0.000004918997      0.000004364454     -0.000010004507
      0.000000862185     -0.000000448312      0.000001237391
      0.000002433544     -0.000000741679      0.000002704230
      0.000010813660      0.000026762876     -0.000002678073
     -0.000009359996     -0.000005548833      0.000005583516
     -0.000003482497      0.000055555730      0.000011495146
      0.000001902031     -0.000001659490      0.000004391599
      0.000000502971     -0.000000233537      0.000000821956
     -0.000003049186      0.000000621169     -0.000002661487
      0.000001483549      0.000068789356      0.000049673011
     -0.000011360486     -0.000031394768      0.000016258349
     -0.000025948168     -0.000096076986     -0.000066324728
     -0.000001669771      0.000002601258     -0.000006281991
      0.000000415130     -0.000000329494      0.000001011397
      0.000001414600     -0.000000609386      0.000002411707
     -0.000137601723     -0.000119989582     -0.000209490325
      0.000000801129     -0.000001065063      0.000003368456
      0.000000995931     -0.000000626610      0.000002466871
     -0.000001697007      0.000000504705     -0.000002291751
      0.000000697380     -0.000000793250      0.000002816406
     -0.000000405663      0.000001339729     -0.000004014934
     -0.000000874731      0.000000503303     -0.000002188487
     -0.000000365236      0.000000743603     -0.000002721825
     -0.000018452655      0.000045196529      0.000014933639
     -0.000102703656      0.000111354569      0.000011778292
      0.000034930825      0.000029762132      0.000029430972
     -0.000112764982      0.000115719203     -0.000019127409
     -0.000014740980      0.000050316239      0.000020550237
      0.000112342758     -0.000026439868      0.000017597832
      0.000153734338     -0.000002661033      0.000069529208
      0.000161222072      0.000031813892      0.000055191863
     -0.000010391629      0.000040834498      0.000000120036
      0.000108908863     -0.000023341800      0.000049312231
     -0.000121113528      0.000106353563      0.000060494764
      0.000041382303      0.000023820696      0.000029234980
     -0.000117791284      0.000092669513     -0.000026916827
     -0.000142820623      0.000093937299     -0.000010938293
      0.000036236346      0.000030359728      0.000013418190
     -0.000070637323      0.000086063878     -0.000026877925
     -0.000028091655      0.000073799441      0.000128312349
      0.000124789615      0.000005839501     -0.000020454906
      0.000154496446     -0.000033184613      0.000069578273
      0.000165976490      0.000014975831      0.000033159765
     -0.000003013613      0.000039086221     -0.000001545357
      0.000075978497     -0.000012643315      0.000047913837
      0.000129369562      0.000006887717      0.000086071385
      0.000016496491      0.000001877203     -0.000066587459
     -0.000109371295      0.000125382510     -0.000007639113
     -0.000152961593      0.000115892889      0.000010355502
      0.000039509031      0.000021986952      0.000009270523
     -0.000039351127      0.000096465364     -0.000034432214
     -0.000114876986      0.000040519179     -0.000002861926
      0.000151888429     -0.000030096593      0.000026681534
      0.000033952548      0.000082820053     -0.000029041460
      0.000052990394     -0.000023491376      0.000043494270
      0.000115660417      0.000016759901      0.000023971557
     -0.000105224146      0.000123219272     -0.000004956306
     -0.000022007514     -0.000031778418      0.000021277965
     -0.000081896519      0.000032454612     -0.000043942453
      0.000001467958     -0.000001749806     -0.000000084703
      0.000003769948     -0.000007323302     -0.000000191149
      0.000001811237     -0.000001077593      0.000000059015
      0.000004972801     -0.000006922501     -0.000000905161
      0.000001122246     -0.000001904434      0.000000162193
     -0.000002689558      0.000009561700      0.000000773094
      0.000006115476     -0.000003188884      0.000000477155
      0.000007089847     -0.000001896047      0.000000404369
      0.000001686344     -0.000001501863     -0.000000139087
     -0.000003999782      0.000009760274      0.000001908153
      0.000002470170     -0.000007104007      0.000000931096
      0.000001476725     -0.000001403909      0.000000230711
     -0.000007388665      0.000001821419     -0.000000492271
     -0.000008357941     -0.000000270294     -0.000000641540
      0.000001977216     -0.000000757408      0.000000099640
      0.000005165670     -0.000005985087     -0.000000986808
      0.000002463039     -0.000006323033      0.000001552970
     -0.000001260717      0.000008244281     -0.000000712479
      0.000004606642     -0.000004259500      0.000001175258
      0.000007377237     -0.000000880839      0.000001068245
      0.000001817471     -0.000001488874     -0.000000125693
     -0.000004366963      0.000008509922      0.000002182846
      0.000003452284     -0.000005098115      0.000001572057
     -0.000001491754      0.000006061156     -0.000001726182
     -0.000005068233      0.000003281093     -0.000001093320
     -0.000007966211     -0.000001358468     -0.000001527407
      0.000002118438     -0.000000716970      0.000000245309
      0.000005729149     -0.000006428197     -0.000001312194
     -0.000003050788      0.000004474080     -0.000001733889
      0.000007580393     -0.000001256173      0.000001618054
      0.000006674488     -0.000005577621     -0.000000897626
     -0.000004505833      0.000008265638      0.000002673769
      0.000007557086     -0.000003145284      0.000000731240
     -0.000007839680     -0.000001265131     -0.000002717992
     -0.000006150559      0.000006474189      0.000002032285
     -0.000007620048      0.000002455487     -0.000001007371
      0.000000259723      0.000001377444     -0.000000763013
      0.000000978808      0.000004069822     -0.000001269747
      0.000000113772      0.000001209034     -0.000000762782
      0.000001493316      0.000007101371     -0.000005199672
      0.000000206685      0.000000894669     -0.000000180385
     -0.000001553916     -0.000005394669      0.000001208875
      0.000000255658      0.000003266462     -0.000001610200
     -0.000000067778      0.000005332373     -0.000004624059
      0.000000440348      0.000002526585     -0.000002536126
     -0.000002489639     -0.000009274445      0.000006512491
      0.000000711546      0.000002666975      0.000000049745
      0.000000127616      0.000000817731     -0.000000239627
      0.000000005839     -0.000003655489      0.000001825769
      0.000000710053     -0.000005663196      0.000005394000
      0.000000035770      0.000002111730     -0.000002308911
      0.000004924127      0.000013826609     -0.000017611172
      0.000000564654      0.000002147720      0.000000200222
     -0.000000915974     -0.000003113452     -0.000000397137
      0.000000346699      0.000002255243     -0.000000446401
     -0.000001612084      0.000008805148     -0.000013481756
      0.000002055832      0.000005681636     -0.000011558804
     -0.000008606112     -0.000015520242      0.000020165365
      0.000000435052      0.000001987935     -0.000000069105
     -0.000000543163     -0.000001895021     -0.000000455523
     -0.000000230062     -0.000002274475      0.000000575063
      0.000003591975     -0.000008400966      0.000013695299
     -0.000000772127      0.000003880088     -0.000008708470
      0.000040277433      0.000020288661     -0.000110531623
     -0.000000375405     -0.000001693855     -0.000000014669
     -0.000013362369      0.000008515577     -0.000044845162
     -0.000009309767     -0.000054640262     -0.000223083794
     -0.000111367434     -0.000054097041      0.000081665924
     -0.000036105748     -0.000015276897     -0.000100629522
      0.000015650835     -0.000008587794      0.000031171146
      0.000025899792      0.000292244232      0.000374888291
      0.000055402707      0.000030660251      0.000083278290
      0.000002162347      0.000000411913      0.000001244024
      0.000009113659      0.000001186745      0.000002394589
      0.000002577153      0.000000686908      0.000002440717
      0.000005492337      0.000001028184      0.000003301782
      0.000003937705      0.000000494420      0.000000773129
     -0.000008981186     -0.000000825828     -0.000000811918
      0.000014459510      0.000005290508      0.000013889789
      0.000006579804      0.000002022854      0.000009915416
      0.000001187158      0.000000271243      0.000001137258
     -0.000006015833     -0.000000967155     -0.000002410874
      0.000014296145      0.000000299995     -0.000001204188
      0.000005498265      0.000001500013      0.000002720376
     -0.000018745803     -0.000011160880     -0.000028426608
     -0.000007678284     -0.000003244696     -0.000017697140
      0.000001246489      0.000000313479      0.000001766500
      0.000003139201      0.000000711517      0.000003064988
      0.000021137533     -0.000001014871     -0.000003994366
     -0.000011464544      0.000000367557      0.000002654896
      0.000031876693      0.000010382918      0.000012999875
      0.000002897861      0.000000858885      0.000006302276
      0.000000702380      0.000000173722      0.000000982689
     -0.000003591286     -0.000000825655     -0.000002758040
      0.000034221567      0.000004086664      0.000001424995
     -0.000019098481      0.000004617264      0.000008617803
     -0.000043371515     -0.000026516835     -0.000031061018
     -0.000002728710     -0.000001074045     -0.000009802595
      0.000000620918      0.000000186349      0.000001340707
      0.000001924239      0.000000511643      0.000002771496
     -0.000047604776     -0.000004625508      0.000001087606
      0.000001275343      0.000000531020      0.000004602634
      0.000001403346      0.000000462996      0.000002965958
     -0.000002124872     -0.000000536900     -0.000002413246
      0.000001040114      0.000000460932      0.000003654658
     -0.000000725022     -0.000000566349     -0.000005902085
     -0.000001189022     -0.000000406958     -0.000002562808
     -0.000000619618     -0.000000370400     -0.000003519290
      0.000000427469     -0.000000287860      0.000001488707
      0.000001554606     -0.000001921983      0.000006773712
      0.000000702284     -0.000000656926      0.000001840169
      0.000000944171     -0.000000063381      0.000003791455
      0.000001096790     -0.000001998015      0.000002858155
     -0.000000939352      0.000000768517     -0.000007718095
      0.000005152428     -0.000007220218      0.000010646349
      0.000002044254     -0.000001588263      0.000005740145
      0.000000249562      0.000000005682      0.000000885163
     -0.000000799069     -0.000000292390     -0.000004206051
      0.000003005212     -0.000011809604      0.000012257083
      0.000002417087     -0.000003699463      0.000004161651
     -0.000008504012      0.000012627614     -0.000016040853
     -0.000002976250      0.000003132676     -0.000008277538
      0.000000328363     -0.000000110938      0.000001083205
      0.000000629861      0.000000303264      0.000002397668
      0.000006041640     -0.000033688201      0.000011426749
     -0.000001334653      0.000007980282     -0.000014595437
      0.000031027782     -0.000050957100      0.000023759147
      0.000000905013     -0.000000309476      0.000003423406
      0.000000165827      0.000000067373      0.000000628577
     -0.000000612384     -0.000000628565     -0.000002636665
      0.000039496911     -0.000062438982     -0.000005658161
      0.000000321843      0.000048571391     -0.000019523854
     -0.000035286992      0.000105682685     -0.000016989370
     -0.000001160483      0.000000906678     -0.000004859577
      0.000000187966     -0.000000009084      0.000000742389
      0.000000452412      0.000000326920      0.000001768714
     -0.000033545422      0.000127501787      0.000123030108
      0.000000491005     -0.000000058566      0.000002363392
      0.000000409788      0.000000209066      0.000001697269
     -0.000000437835     -0.000000507469     -0.000001743548
      0.000000409343      0.000000056769      0.000001939071
     -0.000000488883      0.000000302623     -0.000002879469
     -0.000000351833     -0.000000243865     -0.000001477213
     -0.000000329109     -0.000000026540     -0.000001829592
     -0.000000655118     -0.000000025403     -0.000000783558
     -0.000002612972     -0.000000047617     -0.000002504875
     -0.000000776134     -0.000000189854     -0.000001122263
     -0.000001782087      0.000000248405     -0.000002286154
     -0.000001021575     -0.000000142608     -0.000000891751
      0.000002673358     -0.000000205078      0.000002423108
     -0.000003899712     -0.000001762879     -0.000005186293
     -0.000002352279     -0.000000430104     -0.000004478490
     -0.000000408485      0.000000087333     -0.000000663762
      0.000001908996     -0.000000437503      0.000002242793
     -0.000003776220     -0.000000265512     -0.000002721688
     -0.000001285857     -0.000000451175     -0.000001286736
      0.000005524277      0.000003912498      0.000008650529
      0.000003241486      0.000001098473      0.000007453182
     -0.000000432699      0.000000031043     -0.000000906552
     -0.000001068928      0.000000474922     -0.000001856558
     -0.000005109168     -0.000000623640     -0.000003276933
      0.000003486881     -0.000000184025      0.000002331034
     -0.000006177236     -0.000002865682     -0.000005480378
     -0.000001105935      0.000000345195     -0.000003282663
     -0.000000241356      0.000000169438     -0.000000539646
      0.000001215844     -0.000000601079      0.000001861127
     -0.000006615165     -0.000002085362     -0.000004643046
      0.000005056436      0.000000241296      0.000002867604
      0.000007964944      0.000005716193      0.000008038749
      0.000001199319     -0.000000350651      0.000005048447
     -0.000000235463      0.000000178325     -0.000000697250
     -0.000000646902      0.000000680261     -0.000001475115
      0.000008150764      0.000002783173      0.000005185303
     -0.000000508218      0.000000798153     -0.000002332230
     -0.000000456487      0.000000751024     -0.000001469941
      0.000000706529     -0.000000726118      0.000001352500
     -0.000000376499      0.000000837760     -0.000001785976
      0.000000381651     -0.000000938645      0.000003078179
      0.000000362939     -0.000000757710      0.000001208163
      0.000000207573     -0.000000917924      0.000001655071
     -0.000001004480      0.000001666712     -0.000000172847
     -0.000004363133      0.000006340989     -0.000000070092
     -0.000001276899      0.000002406244     -0.000000400889
     -0.000002249114      0.000004212449     -0.000000292647
     -0.000002148385      0.000002790065      0.000000017747
      0.000003991762     -0.000006176646     -0.000000517346
     -0.000008532085      0.000014249113     -0.000003126938
     -0.000003013934      0.000007918071     -0.000000972677
     -0.000000437933      0.000001046481     -0.000000052569
      0.000002382959     -0.000004256620      0.000000194355
     -0.000007559764      0.000010397690      0.000001959138
     -0.000003350350      0.000004336543     -0.000000482466
      0.000012462751     -0.000025719909      0.000007473812
      0.000003899491     -0.000012971515      0.000001360457
     -0.000000483051      0.000001383012     -0.000000084350
     -0.000001011200      0.000002722288     -0.000000103939
     -0.000011813110      0.000016243723      0.000004371286
      0.000005754590     -0.000008700634     -0.000002029640
     -0.000023089154      0.000026315128     -0.000001156666
     -0.000001084740      0.000004351639     -0.000000060704
     -0.000000198389      0.000000723939     -0.000000003438
      0.000001123302     -0.000002835673      0.000000048209
     -0.000022371413      0.000026060851      0.000004848375
      0.000009305446     -0.000016611722     -0.000006413435
      0.000039851803     -0.000047954033      0.000006447139
      0.000001293432     -0.000006517943     -0.000000302077
     -0.000000192572      0.000000886037      0.000000017996
     -0.000000445247      0.000001942445      0.000000055490
      0.000031848831     -0.000038291509     -0.000011071821
     -0.000000343437      0.000002746563      0.000000274962
     -0.000000256427      0.000001827649      0.000000186964
      0.000000494512     -0.000001896534     -0.000000041432
     -0.000000189928      0.000002110070      0.000000313011
      0.000000282322     -0.000003470844     -0.000000501697
      0.000000170293     -0.000001538243     -0.000000239435
      0.000000042028     -0.000001925674     -0.000000478451
      0.000000089532     -0.000000547175      0.000001100313
      0.000000740021     -0.000002486249      0.000005276776
      0.000000023909     -0.000000877555      0.000001004163
      0.000000291437     -0.000000796359      0.000003154605
      0.000000331156     -0.000001493137      0.000002193356
     -0.000001175707      0.000001862053     -0.000006180526
     -0.000000437196     -0.000006105645      0.000004101686
      0.000000266524     -0.000002428832      0.000002683949
      0.000000066427     -0.000000167907      0.000000676344
     -0.000000423595      0.000000435204     -0.000003821781
      0.000002913314     -0.000006221953      0.000010024929
     -0.000000035553     -0.000002399974      0.000002016100
      0.000001060939      0.000009805064     -0.000003024081
     -0.000000532765      0.000004021359     -0.000002426233
      0.000000084868     -0.000000316387      0.000000652717
      0.000000222370     -0.000000165231      0.000001929712
      0.000005071966     -0.000012547943      0.000014136860
     -0.000003559362      0.000004271939     -0.000009975703
     -0.000001634315     -0.000016630672      0.000008797544
      0.000000444850     -0.000000843285      0.000001993296
      0.000000075198     -0.000000030959      0.000000473036
     -0.000000246565     -0.000000064148     -0.000002309148
      0.000001737471     -0.000021093827      0.000013801803
     -0.000008532637      0.000013182482     -0.000016033768
      0.000007243104      0.000023100896     -0.000003116175
     -0.000000819929      0.000001472818     -0.000002475261
      0.000000106424     -0.000000094276      0.000000497074
      0.000000241493      0.000000062515      0.000001390543
      0.000000086974      0.000033754690     -0.000014309203
      0.000000435809     -0.000000244032      0.000001593452
      0.000000283238      0.000000057834      0.000001289697
     -0.000000226236     -0.000000175131     -0.000001458010
      0.000000364604     -0.000000061186      0.000001391738
     -0.000000614624      0.000000429230     -0.000001851701
     -0.000000261552     -0.000000110689     -0.000001150131
     -0.000000378544      0.000000074995     -0.000001308091
     -0.000022497001     -0.000000910216     -0.000011894038
     -0.000062889960      0.000000164768     -0.000025437864
     -0.000035814354     -0.000018457665     -0.000025796563
     -0.000060991079      0.000015535880     -0.000027270897
     -0.000023711758     -0.000006587229     -0.000005726073
      0.000048396973     -0.000011922548      0.000017763183
     -0.000160516482     -0.000174734045     -0.000119584556
     -0.000137568069     -0.000115282825     -0.000124293242
     -0.000021783343      0.000002954008     -0.000009103696
      0.000048517759     -0.000027112284      0.000017201376
     -0.000053557721     -0.000009638498     -0.000003759809
     -0.000042166661     -0.000031984649     -0.000009748888
      0.000173063525      0.000494487492      0.000272984329
      0.000134539932      0.000350355999      0.000232550389
     -0.000031801659     -0.000012756410     -0.000019587246
     -0.000062512259      0.000017656271     -0.000015531320
     -0.000052517316     -0.000015739659      0.000010966132
      0.000038093594     -0.000000201119      0.000004783435
     -0.000147725973     -0.000142856113      0.000050537213
     -0.000132911325     -0.000116093336     -0.000084974613
     -0.000025744039      0.000000188718     -0.000005950938
      0.000049639101     -0.000025754106      0.000008327738
     -0.000077475168     -0.000042523725      0.000039470761
      0.000034107338      0.000005016216     -0.000008567185
      0.000179624877      0.000288342997     -0.000203591539
      0.000157669152      0.000359481263      0.000173398531
     -0.000037907853     -0.000019451331     -0.000014834541
     -0.000076446891      0.000005498471     -0.000013767575
      0.000051136021      0.000025019103     -0.000049244977
     -0.000156638800     -0.000168426105     -0.000067440206
     -0.000116385427     -0.000021382697     -0.000034250450
      0.000053964528     -0.000016276361      0.000006542068
     -0.000188320759     -0.000128136800     -0.000065564874
      0.000120864129      0.000378627940      0.000120806160
      0.000097240702      0.000002967739      0.000036401257
      0.000255166009      0.000261650916      0.000135266256
     -0.000000837715     -0.000000257197      0.000001063662
     -0.000002660063     -0.000000470090      0.000002737116
     -0.000000542633     -0.000000314063      0.000001238371
     -0.000004932104     -0.000001219645      0.000004523711
     -0.000000536409     -0.000000127711      0.000000724498
      0.000003884014      0.000000191779     -0.000002730884
     -0.000001216030     -0.000000807506      0.000003614352
     -0.000001567332     -0.000001734859      0.000006375739
     -0.000001639757     -0.000000715012      0.000002086914
      0.000007354171      0.000000485128     -0.000003771619
     -0.000001746056     -0.000000273162      0.000002011625
     -0.000000378297     -0.000000162104      0.000000815884
      0.000000808164      0.000000982935     -0.000004656430
      0.000000497488      0.000001909638     -0.000007842149
     -0.000000825850     -0.000000752061      0.000002446007
     -0.000012032599     -0.000003946151      0.000010045207
     -0.000001366991     -0.000000266174      0.000001908263
      0.000002198093      0.000000157833     -0.000001945287
     -0.000000951538     -0.000000429113      0.000002473892
     -0.000001454312     -0.000003726218      0.000013566641
     -0.000004442053     -0.000001915938      0.000006977415
      0.000017647915      0.000002483786     -0.000005065579
     -0.000001039245     -0.000000321745      0.000002088718
      0.000001330758      0.000000198742     -0.000001656517
      0.000000706054      0.000000468460     -0.000002838439
     -0.000001886317      0.000003891084     -0.000014854358
     -0.000001001788     -0.000001698290      0.000006713967
     -0.000043200816     -0.000002934546      0.000053194134
      0.000000842745      0.000000271545     -0.000001933090
      0.000009184889     -0.000008622518      0.000033111108
     -0.000001843184      0.000030991722      0.000084578579
      0.000092013281      0.000015098989     -0.000023399341
      0.000016840067     -0.000019814883      0.000047607688
     -0.000018033015      0.000009521552     -0.000024502681
     -0.000075514738     -0.000165539782     -0.000142502701
     -0.000059903641      0.000092919104     -0.000093946366
      0.000001289116     -0.000000066994      0.000000508169
      0.000003828457     -0.000000246659      0.000002872283
      0.000001111698     -0.000000000412      0.000000202818
      0.000006690987     -0.000000647559      0.000002013455
      0.000000847189     -0.000000046993      0.000000690523
     -0.000004898856      0.000000332189     -0.000005041391
      0.000003167485      0.000000010665      0.000000872402
      0.000004409161      0.000000242100     -0.000000487870
      0.000002030685     -0.000000172176     -0.000000125946
     -0.000009646373      0.000001264683     -0.000005239959
      0.000002320221     -0.000000148133      0.000002819476
      0.000000805476     -0.000000025997      0.000000447473
     -0.000003566233     -0.000000121417     -0.000000559098
     -0.000004719105     -0.000000553129      0.000001036975
      0.000001528441      0.000000047766     -0.000000421912
      0.000010892967     -0.000001974606     -0.000001889749
      0.000001899272     -0.000000147117      0.000002426683
     -0.000002422328      0.000000135718     -0.000003912039
      0.000002285241     -0.000000085779      0.000001431916
      0.000005161496      0.000000739349     -0.000003798632
      0.000002989571     -0.000000518892     -0.000002263718
     -0.000018224592      0.000004101520     -0.000002418811
      0.000001967909     -0.000000133820      0.000001849047
     -0.000001521167      0.000000147642     -0.000002561994
     -0.000002401624      0.000000059011     -0.000001184071
     -0.000005010822     -0.000001382273      0.000004450509
      0.000001799731      0.000000155556     -0.000002155298
      0.000015154744     -0.000005837271     -0.000015770154
     -0.000001693940      0.000000133466     -0.000001704189
      0.000003863404      0.000001644575     -0.000010940680
      0.000007162335     -0.000005245990     -0.000026516240
     -0.000030967417      0.000011753585      0.000013897967
      0.000001930842      0.000000699291     -0.000019304370
     -0.000002959581     -0.000002552609      0.000009697671
     -0.000006308071      0.000013938159      0.000040020794
      0.000003087578     -0.000002285580      0.000021944828
     -0.000036217721     -0.000069584416     -0.000025848033
     -0.000210574917     -0.000220551814     -0.000079366743
      0.000012734907     -0.000075835226     -0.000008019397
     -0.000186817304     -0.000215523091     -0.000128274340
     -0.000045801845     -0.000065841821     -0.000017224555
      0.000450161010      0.000181163394      0.000126555579
      0.000101452091     -0.000216571529      0.000032167123
      0.000120227301     -0.000227401161     -0.000011210806
     -0.000038265760     -0.000066320544     -0.000037377695
      0.000406323358      0.000209396714      0.000202543097
     -0.000214187740     -0.000176358446     -0.000088463155
      0.000003908480     -0.000073474540      0.000001219907
     -0.000131848591      0.000133234783     -0.000065492670
     -0.000180457050      0.000148616935     -0.000035336883
      0.000012780556     -0.000076237634     -0.000020493470
     -0.000204836660     -0.000189770107     -0.000158098358
     -0.000119997574     -0.000150845986     -0.000053584834
      0.000468159662      0.000115070251      0.000182249469
      0.000053024011     -0.000176929943      0.000054841470
      0.000133475820     -0.000228674446     -0.000048123588
     -0.000046703980     -0.000061293279     -0.000053536459
      0.000428871700      0.000190096258      0.000218926921
     -0.000029481896     -0.000160747031      0.000039907526
      0.000098540498      0.000149624203      0.000110783038
     -0.000071185354      0.000097016236     -0.000073442385
     -0.000194514410      0.000141012564      0.000004055920
      0.000017416961     -0.000084206891     -0.000037986206
     -0.000225650381     -0.000079278335     -0.000171387272
      0.000008321329      0.000091866765     -0.000045477501
      0.000162336835     -0.000214145257     -0.000116311683
     -0.000154046561     -0.000093391961     -0.000188435835
      0.000309816652      0.000033888397      0.000088274333
      0.000057689723     -0.000164782494     -0.000208088730
     -0.000193933110      0.000095897729      0.000059439694
      0.000148780164      0.000008438578      0.000078111014
     -0.000060168441      0.000058497532      0.000143162361
      0.000000674405     -0.000000294222      0.000000491200
      0.000001938604     -0.000001061728      0.000002015938
      0.000000621402     -0.000000214796      0.000000327201
      0.000003265407     -0.000001465588      0.000002279952
      0.000000450943     -0.000000241669      0.000000485518
     -0.000002308516      0.000001570989     -0.000003145976
      0.000001802295     -0.000000611796      0.000001020800
      0.000002630347     -0.000000685349      0.000000852760
      0.000001062411     -0.000000397624      0.000000502579
     -0.000004344359      0.000002349211     -0.000003951840
      0.000001244055     -0.000000827441      0.000001856798
      0.000000450190     -0.000000192710      0.000000362986
     -0.000002113532      0.000000584013     -0.000000936498
     -0.000002953290      0.000000553081     -0.000000645248
      0.000000908048     -0.000000247862      0.000000258487
      0.000005304910     -0.000002090445      0.000002765917
      0.000001065585     -0.000000703570      0.000001625778
     -0.000001222501      0.000001017990     -0.000002426712
      0.000001326009     -0.000000561001      0.000001128869
      0.000003642808     -0.000000703967      0.000000396865
      0.000001882627     -0.000000661036      0.000000680639
     -0.000007321612      0.000003532145     -0.000005420252
      0.000001138798     -0.000000595913      0.000001308316
     -0.000000865289      0.000000678768     -0.000001686356
     -0.000001449772      0.000000510860     -0.000001008487
     -0.000003852769      0.000000409308      0.000000008905
      0.000001463542     -0.000000324257      0.000000160712
      0.000010620437     -0.000004963144      0.000005498582
     -0.000001015539      0.000000522014     -0.000001199671
      0.000005642445     -0.000000653789     -0.000000411650
      0.000014033158     -0.000004555224      0.000003743388
     -0.000013964962      0.000007902980     -0.000012627735
      0.000008874219     -0.000001197525     -0.000000371951
     -0.000004897710     -0.000000031394      0.000001096371
     -0.000024595232      0.000006829819     -0.000007675570
     -0.000009012414     -0.000000342209      0.000001977524
     -0.000004489830     -0.000067808030     -0.000028732319
     -0.000144328898     -0.000194728758     -0.000070019297
      0.000051537838     -0.000041617728     -0.000006256120
     -0.000080999047     -0.000180347964     -0.000129962222
     -0.000021032227     -0.000061992379      0.000002216136
      0.000182359244      0.000091666418      0.000041798061
      0.000177921981     -0.000065934423      0.000017386195
      0.000207342567     -0.000027217464      0.000013379757
      0.000011052285     -0.000054500857     -0.000028076410
      0.000154744905      0.000090463720      0.000109619283
     -0.000082259962     -0.000100128180      0.000029511940
      0.000034603112     -0.000045211921      0.000005495368
     -0.000156840364     -0.000046400095     -0.000023533753
     -0.000168356998     -0.000078624521     -0.000040978019
      0.000056495577     -0.000025249813     -0.000002855503
     -0.000038750812     -0.000158259687     -0.000110090097
     -0.000041015086     -0.000084946786      0.000030006056
      0.000097151073      0.000050821172     -0.000027008050
      0.000093986556     -0.000076246734     -0.000000108245
      0.000174734836      0.000003450373      0.000028744923
      0.000017406471     -0.000056306447     -0.000026818506
      0.000111834177      0.000081362855      0.000110303297
      0.000020341784     -0.000093964987      0.000015357447
      0.000039882366      0.000047467537     -0.000030164785
     -0.000100037197      0.000010467557      0.000014135335
     -0.000133138322     -0.000081325302     -0.000042687116
      0.000054800043     -0.000020323215     -0.000000653636
     -0.000013194324     -0.000159155305     -0.000157685266
     -0.000020699418      0.000066652556     -0.000017129099
      0.000187696005      0.000030141680      0.000012915734
      0.000138752664     -0.000109518896     -0.000106290018
      0.000071811946      0.000065785465      0.000126094561
      0.000223318030      0.000017116652     -0.000004955270
     -0.000124321724     -0.000111524058     -0.000036368860
     -0.000101893902      0.000097891081      0.000083322053
     -0.000171177439     -0.000088959777     -0.000055609685
      0.000000332524     -0.000000247257      0.000000250890
      0.000001003477     -0.000000928991      0.000001054526
      0.000000310732     -0.000000193492      0.000000186114
      0.000001551998     -0.000001079217      0.000001028696
      0.000000242250     -0.000000228238      0.000000271958
     -0.000001231004      0.000001327067     -0.000001598663
      0.000000936297     -0.000000606508      0.000000624373
      0.000001288549     -0.000000633865      0.000000529517
      0.000000488066     -0.000000258256      0.000000205047
     -0.000002052249      0.000001634812     -0.000001668719
      0.000000693932     -0.000000810460      0.000001054925
      0.000000239294     -0.000000189708      0.000000214469
     -0.000001118280      0.000000631523     -0.000000632684
     -0.000001485050      0.000000641241     -0.000000513371
      0.000000428492     -0.000000193648      0.000000141722
      0.000002268290     -0.000001027314      0.000000688816
      0.000000600503     -0.000000721608      0.000000958681
     -0.000000722254      0.000000999352     -0.000001372421
      0.000000728365     -0.000000597376      0.000000701785
      0.000001660329     -0.000000547436      0.000000292548
      0.000000712534     -0.000000217023      0.000000076927
     -0.000003213675      0.000001612575     -0.000001223995
      0.000000639839     -0.000000630767      0.000000798476
     -0.000000496625      0.000000716534     -0.000001000682
     -0.000000794225      0.000000578918     -0.000000660648
     -0.000001845313      0.000000514900     -0.000000250857
      0.000000595340     -0.000000151261      0.000000041700
      0.000003170715     -0.000000590420     -0.000000113659
     -0.000000578843      0.000000580762     -0.000000745816
      0.000002159800     -0.000000249754     -0.000000141881
      0.000003144704     -0.000000080898     -0.000000583549
     -0.000004251271      0.000000738687      0.000000109106
      0.000002596683     -0.000000013197     -0.000000464802
     -0.000002101344      0.000000156638      0.000000165785
     -0.000003543391     -0.000000485876      0.000001093934
     -0.000002516977     -0.000000311477      0.000000658317
      0.000020064843     -0.000052682450     -0.000018273412
      0.000120036350     -0.000348842799     -0.000148620634
      0.000009346728     -0.000015732891     -0.000007691579
      0.000123528738     -0.000310838586     -0.000064448761
      0.000026682580     -0.000078629710     -0.000031797323
     -0.000332362366      0.000719208139      0.000242773222
      0.000031117449     -0.000038671903     -0.000026528208
      0.000021051489     -0.000023459760     -0.000008268458
      0.000023269997     -0.000051326907     -0.000004480495
     -0.000362201055      0.000687932219      0.000098731566
      0.000133086999     -0.000545632650     -0.000120418942
      0.000013787367     -0.000026999764     -0.000012046391
     -0.000021958214      0.000014946501      0.000018059229
     -0.000017012916      0.000000370032      0.000004274364
      0.000009817754     -0.000012949576      0.000000491036
      0.000149846483     -0.000317786877     -0.000006129476
      0.000052927806     -0.000339183549      0.000009171712
     -0.000329372934      0.001103783265      0.000245929075
      0.000037399446     -0.000066424062     -0.000016253514
      0.000028392260     -0.000019048668      0.000012585648
      0.000035312938     -0.000050207685      0.000006378012
     -0.000345122912      0.000710446345      0.000019005882
      0.000037737870     -0.000113562584      0.000001811366
     -0.000005786714      0.000318253545     -0.000055059257
     -0.000026183656      0.000029794268      0.000010199029
     -0.000016140749      0.000000022780     -0.000010676941
      0.000016190062     -0.000012589629      0.000006421176
      0.000206793028     -0.000258578093     -0.000003994617
     -0.000018771922      0.000062651885     -0.000006589508
      0.000042126305     -0.000014436457      0.000017461039
      0.000153334326     -0.000104408650     -0.000026671574
     -0.000347628865      0.000551225909      0.000081881887
      0.000069053073     -0.000023519510      0.000007271921
     -0.000022677489     -0.000001379314     -0.000014231392
     -0.000162115703      0.000081478603      0.000088532701
     -0.000044883984      0.000000825217     -0.000004075698
      0.000001083641      0.000000159021     -0.000001723514
      0.000005146126     -0.000000404734     -0.000010055691
      0.000001191640     -0.000000008294     -0.000001219440
      0.000002460567      0.000001617300     -0.000004932027
      0.000002618404     -0.000001148617     -0.000003441064
     -0.000004528411     -0.000001349157      0.000014871407
      0.000005962944     -0.000001179427     -0.000004231788
      0.000003252512      0.000000580665     -0.000002933384
      0.000000561441      0.000000416867     -0.000000860231
     -0.000002205417     -0.000002850805      0.000006674863
      0.000012797581     -0.000011083779     -0.000020652311
      0.000002618601     -0.000000987942     -0.000001894719
     -0.000006691799      0.000001046877      0.000003245139
     -0.000004035813     -0.000000619191      0.000002707532
      0.000000650164      0.000000305434     -0.000000700224
      0.000001386733      0.000001781520     -0.000002286569
      0.000019430709     -0.000019739006     -0.000017996976
     -0.000008785046      0.000011867528      0.000031490914
      0.000011648929     -0.000005055139     -0.000004155128
      0.000001862624      0.000001171310     -0.000001630368
      0.000000356577      0.000000461923     -0.000000430868
     -0.000001340236     -0.000002626721      0.000002915189
      0.000017411606     -0.000011091272     -0.000006265967
     -0.000021871489      0.000034783634      0.000024493546
     -0.000010518152      0.000003445861      0.000001513414
     -0.000002339089     -0.000001281098      0.000001606704
      0.000000410396      0.000000388485     -0.000000374972
      0.000000926206      0.000001630087     -0.000001018939
     -0.000019479397      0.000011165788      0.000001446404
      0.000001213228      0.000001316302     -0.000000821206
      0.000000856731      0.000001478761     -0.000000613844
     -0.000000837666     -0.000001946709      0.000001054914
      0.000000968875      0.000001368587     -0.000000563929
     -0.000001380222     -0.000001347019      0.000000742342
     -0.000000706740     -0.000001401825      0.000000364104
     -0.000000862439     -0.000001277362      0.000000334438
      0.000000392253     -0.000000399877     -0.000000563354
      0.000001397339     -0.000002097391     -0.000002469050
      0.000000425621     -0.000000326970     -0.000000425580
      0.000001193455     -0.000001127066     -0.000002193159
      0.000000501170     -0.000000738244     -0.000000659458
     -0.000001244180      0.000002812538      0.000003627789
      0.000001714847     -0.000001363988     -0.000001357377
      0.000001425681     -0.000000780030     -0.000001302848
      0.000000319405     -0.000000188081     -0.000000485006
     -0.000001192475      0.000001492466      0.000003209073
      0.000001633588     -0.000003555790     -0.000002791398
      0.000000565043     -0.000000581960     -0.000000473404
     -0.000002087796      0.000001336866      0.000001305840
     -0.000001806074      0.000000785394      0.000001306915
      0.000000341011     -0.000000156471     -0.000000376590
      0.000000948450     -0.000000402659     -0.000001736743
      0.000002012115     -0.000003941112     -0.000002449497
     -0.000001166284      0.000004374510      0.000003830704
      0.000002277138     -0.000002214926     -0.000001396781
      0.000001108589     -0.000000291177     -0.000001114024
      0.000000263085     -0.000000045472     -0.000000406543
     -0.000000988923      0.000000482916      0.000002453877
      0.000002402102     -0.000003103401     -0.000001712666
     -0.000001851615      0.000004839163      0.000002756991
     -0.000002439017      0.000001934653      0.000001154776
     -0.000001375829      0.000000298236      0.000001146993
      0.000000285489     -0.000000038750     -0.000000331620
      0.000000794493      0.000000040655     -0.000001367163
     -0.000002669598      0.000003160283      0.000001442043
      0.000000923402      0.000000035827     -0.000000957194
      0.000000776707      0.000000195955     -0.000001121323
     -0.000000757684     -0.000000097436      0.000001662053
      0.000000827804      0.000000166431     -0.000000951751
     -0.000001034741     -0.000000065537      0.000000898919
     -0.000000690628     -0.000000304422      0.000001054703
     -0.000000777004     -0.000000250882      0.000000808987
     -0.000001029817      0.000000407422      0.000001575710
     -0.000003382281      0.000000856293      0.000004035809
     -0.000000565877      0.000000466357      0.000001661929
     -0.000006164254      0.000002197085      0.000006982449
     -0.000000656201      0.000000197258      0.000001027980
      0.000005066482     -0.000000808084     -0.000004022049
     -0.000001177963      0.000001182844      0.000004652059
     -0.000001537555      0.000002754613      0.000007975998
     -0.000001857773      0.000001121553      0.000002819570
      0.000009509402     -0.000002043894     -0.000006695999
     -0.000002177374      0.000000464615      0.000002761977
     -0.000000410582      0.000000232262      0.000001096279
      0.000000514495     -0.000001475988     -0.000005434588
      0.000000024186     -0.000003318769     -0.000009316504
     -0.000000906827      0.000001195343      0.000002935352
     -0.000011681333      0.000006458215      0.000012445866
     -0.000001600334      0.000000416843      0.000002537740
      0.000002859388     -0.000000422810     -0.000002567029
     -0.000000917411      0.000000641396      0.000003187074
     -0.000001674816      0.000006928699      0.000013626159
     -0.000003552962      0.000003579552      0.000005014416
      0.000018482487     -0.000006182686     -0.000011320768
     -0.000001108534      0.000000479700      0.000002723450
      0.000001548132     -0.000000339617     -0.000002155271
      0.000000498384     -0.000000748234     -0.000003435572
     -0.000001592876     -0.000007496963     -0.000015113686
     -0.000001349748      0.000003568562      0.000005215107
     -0.000020968674      0.000019713816      0.000019238017
      0.000000844551     -0.000000426995     -0.000002433546
     -0.000000484474      0.000017985821      0.000020682269
     -0.000018476297      0.000032573180      0.000024231579
      0.000032116100     -0.000018113870     -0.000015449607
     -0.000003777770      0.000030542395      0.000025450780
     -0.000005076802     -0.000016054302     -0.000019057995
      0.000025813567     -0.000039882973     -0.000020612764
     -0.000003954607     -0.000037615939     -0.000025844085
      0.000000891674      0.000002368035      0.000000716915
      0.000002419994      0.000006429517      0.000002823198
      0.000001792164      0.000004071085      0.000001637287
      0.000003160898      0.000006614712      0.000000771074
      0.000000895683      0.000002103743      0.000001498258
     -0.000002553497     -0.000005561311     -0.000002169613
      0.000010223642      0.000016834303      0.000011295942
      0.000011856095      0.000018819690      0.000005868658
      0.000001225191      0.000002153454      0.000000039336
     -0.000003114802     -0.000005696097     -0.000000390423
      0.000003103773      0.000004779369      0.000004672617
      0.000001752278      0.000003509390      0.000002851853
     -0.000028145734     -0.000024275911     -0.000022662398
     -0.000030663803     -0.000032871226     -0.000014514476
      0.000002392538      0.000003629885      0.000000441790
      0.000004186414      0.000004886435     -0.000000675749
      0.000004855791      0.000003848919      0.000006188368
     -0.000002714197     -0.000004084000     -0.000003417279
      0.000010278953      0.000011839758      0.000014889617
      0.000014440854      0.000013300077      0.000001297541
      0.000001740303      0.000001336891     -0.000000256899
     -0.000003848012     -0.000004277364      0.000000927998
      0.000008266666      0.000005598112      0.000010753454
     -0.000004932784     -0.000002269661     -0.000004645424
     -0.000024306346     -0.000018493311     -0.000027014904
     -0.000034099556     -0.000019522669     -0.000005062980
      0.000003185846      0.000002125654     -0.000000065286
      0.000005190529      0.000002482360     -0.000000990937
     -0.000011860994     -0.000002873392     -0.000011449957
      0.000015788817      0.000004748674      0.000000600484
      0.000006729711      0.000001636185     -0.000000693538
     -0.000004404498     -0.000001865075      0.000000990135
      0.000011138851      0.000002014673      0.000000169352
     -0.000029854041     -0.000003501435     -0.000003318372
     -0.000005863561     -0.000000371335      0.000000380278
     -0.000012447604     -0.000000100755     -0.000001419010
      0.000000000279      0.000002383067      0.000000796511
     -0.000002162431      0.000013140729      0.000005194153
      0.000000325107      0.000002547959      0.000000106772
      0.000000392779      0.000005101952      0.000003490499
     -0.000002110814      0.000007168941     -0.000001016387
      0.000001482328     -0.000011376815     -0.000012180665
      0.000003006746      0.000012566404     -0.000005844975
      0.000001415111      0.000006348962      0.000001367459
      0.000000165493      0.000001010017      0.000000749991
     -0.000000469069     -0.000004927651     -0.000005056130
     -0.000023087589      0.000044365307     -0.000004021928
     -0.000000006049      0.000005328779     -0.000005013031
     -0.000006849772     -0.000012353895      0.000007624179
     -0.000002531303     -0.000007826417     -0.000000945266
      0.000000224204      0.000001153533      0.000000607356
      0.000000527881      0.000002334103      0.000002423125
     -0.000058745924      0.000032392692     -0.000098605972
      0.000016940491     -0.000034430234     -0.000027232164
      0.000005344750      0.000003775773     -0.000045733115
      0.000000673088      0.000003049521      0.000002059305
      0.000000138276      0.000000552173      0.000000572249
     -0.000000629317     -0.000002392238     -0.000003063747
     -0.000027542267     -0.000046508466     -0.000099526686
      0.000119425329     -0.000019333610      0.000217045654
     -0.000016890656      0.000002958899      0.000035344260
     -0.000000923540     -0.000003956096     -0.000002432013
      0.000000144158      0.000000627329      0.000000562218
      0.000000415679      0.000001431990      0.000001729998
      0.000068969725      0.000160368085      0.000107882244
      0.000000395151      0.000001766070      0.000001772826
      0.000000359621      0.000001262189      0.000001557104
     -0.000000453154     -0.000001347891     -0.000001915120
      0.000000335698      0.000001376798      0.000001583261
     -0.000000424239     -0.000002081352     -0.000001952431
     -0.000000317115     -0.000001018283     -0.000001440036
     -0.000000271996     -0.000001209180     -0.000001475847
     -0.000000807777     -0.000002871777     -0.000000977896
     -0.000001596122     -0.000012436883     -0.000004587325
     -0.000001166401     -0.000002014860     -0.000000870905
     -0.000001970038     -0.000012258066     -0.000002632531
     -0.000000812712     -0.000003116981     -0.000001427912
     -0.000002353019      0.000018134040      0.000005411600
     -0.000004341539     -0.000006021741     -0.000003379396
     -0.000004296838     -0.000006048604     -0.000002264517
     -0.000000928770     -0.000002758793     -0.000000428707
     -0.000000993629      0.000018461954      0.000002968751
     -0.000001440876     -0.000013095197     -0.000005694321
     -0.000001240828     -0.000002148055     -0.000001237906
      0.000005610090      0.000005346495      0.000003668443
      0.000005157476      0.000005492893      0.000002473835
     -0.000001121854     -0.000001904116     -0.000000439129
     -0.000002845773     -0.000010856366     -0.000000114218
     -0.000003414685     -0.000012031694     -0.000006483907
     -0.000002646029      0.000017352184      0.000005893057
     -0.000004934631     -0.000006244143     -0.000004505990
     -0.000003957194     -0.000005423720     -0.000000835292
     -0.000000992759     -0.000002440285      0.000000174756
      0.000001387563      0.000016644089     -0.000000767721
     -0.000005017096     -0.000008183585     -0.000005705534
      0.000002754643      0.000014228795      0.000007583535
      0.000005408223      0.000004819294      0.000004240501
      0.000004567476      0.000004985415      0.000001051031
     -0.000001111169     -0.000001740031     -0.000000000708
     -0.000002946389     -0.000008634877      0.000001959008
      0.000005289124      0.000007108720      0.000005881224
     -0.000003817219     -0.000004764376      0.000000371159
     -0.000003355147     -0.000006583936      0.000002018480
      0.000002021756      0.000011341295     -0.000003316910
     -0.000003678490     -0.000005033563      0.000001151725
      0.000004055603      0.000004030523     -0.000000072256
      0.000003111193      0.000006188037     -0.000002683902
      0.000003398475      0.000004033349     -0.000001162924
     -0.000000231579     -0.000000330397      0.000000710663
     -0.000000949398     -0.000000934915      0.000002047833
     -0.000000119413     -0.000000328485      0.000000701319
     -0.000001202594     -0.000001562062      0.000003367117
     -0.000000208912     -0.000000231410      0.000000509862
      0.000001467993      0.000001104642     -0.000002421356
     -0.000000311396     -0.000000984427      0.000002115593
     -0.000000070469     -0.000001494067      0.000003088098
     -0.000000247165     -0.000000533707      0.000001206572
      0.000002130177      0.000001969175     -0.000004161676
     -0.000000756056     -0.000000696765      0.000001518706
     -0.000000136739     -0.000000237476      0.000000523902
      0.000000113536      0.000001193376     -0.000002550069
     -0.000000339135      0.000001830981     -0.000003614992
     -0.000000017081     -0.000000511123      0.000001098552
     -0.000001317605     -0.000002769258      0.000006280553
     -0.000000617924     -0.000000635001      0.000001395862
      0.000000980042      0.000000747026     -0.000001591591
     -0.000000381227     -0.000000712487      0.000001621151
      0.000000928034     -0.000002207893      0.000004630373
      0.000000117081     -0.000001059659      0.000002581261
      0.000003043008      0.000003759858     -0.000007699083
     -0.000000471260     -0.000000630434      0.000001445468
      0.000000618580      0.000000580073     -0.000001254847
      0.000000255600      0.000000776411     -0.000001797835
     -0.000001622125      0.000002676193     -0.000004871089
      0.000000562412     -0.000000773333      0.000001972174
      0.000000458393     -0.000007475489      0.000015777356
      0.000000390917      0.000000575839     -0.000001348326
      0.000004949710     -0.000002152268      0.000006916666
      0.000008993090     -0.000009785637      0.000026272868
      0.000004312737      0.000010734044     -0.000017623036
      0.000011862773     -0.000000370169      0.000014315907
     -0.000004802526      0.000002811400     -0.000004637146
     -0.000012393841      0.000028000572     -0.000046324808
     -0.000019635032     -0.000006324533     -0.000012363171
     -0.000000630199      0.000000185442     -0.000000122805
     -0.000001809520      0.000000556899     -0.000000244904
     -0.000000703429      0.000000115899      0.000000025726
     -0.000002524660      0.000001141340     -0.000001306773
     -0.000000479526      0.000000101206      0.000000044766
      0.000002021464     -0.000000816431      0.000000556576
     -0.000002123352      0.000000219773      0.000000576867
     -0.000003481776      0.000000408410      0.000000127283
     -0.000000900311      0.000000389051     -0.000000621879
      0.000002659356     -0.000001721324      0.000001962730
     -0.000001429882      0.000000310140      0.000000180278
     -0.000000503165      0.000000064668      0.000000141717
      0.000002630283     -0.000000113711     -0.000001224778
      0.000004606126     -0.000000145559     -0.000001167021
     -0.000001152947      0.000000223957     -0.000000352334
     -0.000002957240      0.000002440059     -0.000004536406
     -0.000001315686      0.000000199669      0.000000393346
      0.000001493999     -0.000000412104     -0.000000026045
     -0.000001507666      0.000000119281      0.000000726543
     -0.000006188266      0.000000627992     -0.000002090478
     -0.000001121644      0.000000853163     -0.000002421365
      0.000002450152     -0.000003607086      0.000005556054
     -0.000001331007      0.000000125783      0.000000619918
      0.000001197211     -0.000000174483     -0.000000393527
      0.000001624741     -0.000000059749     -0.000001056916
      0.000008861421      0.000000077548      0.000000091070
     -0.000002106493      0.000000393066     -0.000002008574
     -0.000000349867      0.000004944526     -0.000014780022
      0.000001197347     -0.000000069998     -0.000000726890
     -0.000013041793     -0.000000467900     -0.000012157901
      0.000002850117      0.000004162605     -0.000029958137
     -0.000001986744     -0.000007044815      0.000014020821
     -0.000011399787     -0.000002525177     -0.000030895787
      0.000019772160      0.000002079550      0.000006132025
     -0.000017327968     -0.000005107353      0.000042302265
      0.000025220883      0.000011810581      0.000049036097
     -0.000002421010      0.000001371436     -0.000001757977
     -0.000010688277      0.000007990814     -0.000008701390
     -0.000000517630      0.000000610906     -0.000001470515
     -0.000013078796      0.000009331209     -0.000002236824
     -0.000001472107      0.000000802901     -0.000002576940
      0.000015082652     -0.000023224463      0.000007534711
      0.000001416352      0.000001219651     -0.000005661006
     -0.000000679274      0.000003914428     -0.000002573174
     -0.000002448728      0.000001350746      0.000000143438
      0.000020238259     -0.000024548256     -0.000001812706
     -0.000005813113      0.000005948564     -0.000009920252
      0.000000158763     -0.000000125031     -0.000001971930
     -0.000003539726     -0.000003359604      0.000005440438
     -0.000000937206     -0.000006553223      0.000002751834
     -0.000000723888      0.000000972719     -0.000000060500
     -0.000009985794      0.000005714525      0.000005450710
     -0.000001343648      0.000001364328     -0.000008177705
      0.000006285817     -0.000017684866      0.000010071766
      0.000003081492     -0.000001110452     -0.000005283225
     -0.000000205940      0.000004518888      0.000001974604
     -0.000000854365      0.000000468357      0.000001748921
      0.000016005223     -0.000016135709     -0.000012441911
      0.000002174393     -0.000001797415     -0.000005673517
     -0.000000205305     -0.000003471672      0.000007683483
     -0.000005031642      0.000000138164      0.000004456383
     -0.000000308944     -0.000007699462     -0.000001808073
      0.000000132501      0.000000911386      0.000001211955
     -0.000000327738     -0.000000188380      0.000008150700
     -0.000003454092      0.000001491795      0.000003918299
      0.000002304932      0.000004447536      0.000004465152
      0.000004648947      0.000000136843      0.000005868860
      0.000001447772     -0.000001291792     -0.000012499721
      0.000004231918      0.000003325425      0.000004935970
     -0.000001514737     -0.000007078358     -0.000004178205
     -0.000006817181      0.000000468757     -0.000004728450
     -0.000004010598     -0.000004719341     -0.000004312524
      0.000009952055     -0.000007637649      0.000001068307
      0.000035559004     -0.000039559284      0.000006900331
      0.000008036479     -0.000003423749      0.000001609472
      0.000040272082     -0.000036120066     -0.000004271367
      0.000009091606     -0.000008431265      0.000003879467
     -0.000035024083      0.000070565978     -0.000000166156
      0.000023583133     -0.000008441047      0.000008653082
      0.000026193870     -0.000006595160      0.000002630983
      0.000010233775     -0.000006057374     -0.000001706640
     -0.000044911350      0.000069106854      0.000015114011
      0.000027110437     -0.000039339530      0.000016116287
      0.000007420716     -0.000003962271      0.000003673925
     -0.000023017659      0.000004502777     -0.000009453035
     -0.000025547825      0.000002661755     -0.000003444207
      0.000007998841     -0.000002444334     -0.000000490397
      0.000038144284     -0.000025334190     -0.000015666093
      0.000022752218     -0.000027115245      0.000019849757
     -0.000024968132      0.000065921232     -0.000014230451
      0.000019953714     -0.000009302518      0.000013759274
      0.000023779926     -0.000002971718     -0.000003706003
      0.000009410483     -0.000003435807     -0.000004650215
     -0.000044520612      0.000051948832      0.000030764900
      0.000019575364     -0.000013233989      0.000017449218
     -0.000017775070      0.000029941030     -0.000021072523
     -0.000017372458      0.000005078161     -0.000012387463
     -0.000022864453     -0.000000318928      0.000002580801
      0.000007141127     -0.000000931062     -0.000002494308
      0.000028267707     -0.000010925079     -0.000024063307
     -0.000014991339      0.000008929588     -0.000016565000
      0.000017816107      0.000000953703     -0.000008563194
      0.000018763000     -0.000002211086     -0.000018852608
     -0.000030256525      0.000022283273      0.000038690760
      0.000015679586      0.000001262625     -0.000012014733
     -0.000015623070     -0.000003103164      0.000006539139
     -0.000012552581      0.000001329347      0.000019401502
     -0.000010863170     -0.000002764554      0.000010255148
     -0.000000763930      0.000000024619     -0.000000057359
     -0.000002173049      0.000000094666     -0.000000310553
     -0.000000792384      0.000000090596      0.000000153080
     -0.000003226891     -0.000000184028     -0.000000980454
     -0.000000544113      0.000000055137      0.000000025124
      0.000002468525     -0.000000026512      0.000000918539
     -0.000002298100      0.000000387145      0.000000840617
     -0.000003734221      0.000000566290      0.000001042173
     -0.000001178754     -0.000000066979     -0.000000256939
      0.000003405489      0.000000445417      0.000002024883
     -0.000001639032      0.000000190544      0.000000013781
     -0.000000556463      0.000000083758      0.000000160311
      0.000002695605     -0.000000644584     -0.000001569832
      0.000004453593     -0.000001135684     -0.000002243194
     -0.000001278168      0.000000104203      0.000000120913
     -0.000004806260     -0.000000966471     -0.000002314325
     -0.000001502249      0.000000226491      0.000000282199
      0.000001695295     -0.000000185966      0.000000278016
     -0.000001637844      0.000000319952      0.000000758521
     -0.000006013954      0.000000914830      0.000001116623
     -0.000001999335     -0.000000315843     -0.000000687498
      0.000004631222      0.000001752057      0.000004097067
     -0.000001486020      0.000000269861      0.000000594113
      0.000001349681     -0.000000220273     -0.000000245092
      0.000001703221     -0.000000416371     -0.000001140632
      0.000007239203     -0.000002077704     -0.000003081126
     -0.000002289393      0.000000148930      0.000000004975
     -0.000007757226     -0.000002833058     -0.000004718890
      0.000001320842     -0.000000277407     -0.000000701002
     -0.000010740883      0.000001901346      0.000001053677
     -0.000011573970     -0.000002782178     -0.000004836610
      0.000006204870      0.000004586688      0.000007081177
     -0.000013536172      0.000000932484     -0.000001201106
      0.000011510798     -0.000004180443     -0.000003853682
      0.000012209229      0.000005165936      0.000007152234
      0.000015796682     -0.000003030045      0.000000416168
      0.000000443272     -0.000000138633      0.000000133986
      0.000001446658     -0.000000613668      0.000000695179
      0.000000417079     -0.000000088574      0.000000094093
      0.000001925764     -0.000000585464      0.000000398343
      0.000000359880     -0.000000152877      0.000000202982
     -0.000001854245      0.000000949455     -0.000001042946
      0.000001298509     -0.000000281525      0.000000385134
      0.000001665155     -0.000000188547      0.000000135989
      0.000000563602     -0.000000111333      0.000000028686
     -0.000002539116      0.000000964327     -0.000000674257
      0.000001123851     -0.000000610464      0.000000864483
      0.000000344801     -0.000000109319      0.000000158508
     -0.000001532348      0.000000222118     -0.000000346396
     -0.000001917880      0.000000087035     -0.000000064259
      0.000000523971     -0.000000051867      0.000000000536
      0.000002369292     -0.000000439111     -0.000000153341
      0.000000996332     -0.000000532513      0.000000828109
     -0.000001249686      0.000000815792     -0.000001110591
      0.000001071845     -0.000000338198      0.000000559218
      0.000001956965      0.000000062608     -0.000000295430
      0.000000730942     -0.000000047038     -0.000000155661
     -0.000003112616      0.000000744042      0.000000176922
      0.000000985493     -0.000000407779      0.000000678962
     -0.000000900939      0.000000576253     -0.000000920592
     -0.000001143747      0.000000282042     -0.000000516581
     -0.000002228260     -0.000000240593      0.000000438103
      0.000000655790      0.000000042174     -0.000000162569
      0.000002878622     -0.000000064233     -0.000001070518
     -0.000000898691      0.000000373036     -0.000000667404
      0.000002323331      0.000000572834     -0.000000963297
      0.000002963399      0.000000497011     -0.000001532452
     -0.000003302441      0.000000261729      0.000001427077
      0.000002647472      0.000000865912     -0.000001426281
     -0.000002312367     -0.000000813530      0.000001108534
     -0.000003065639     -0.000000789240      0.000002088009
     -0.000002516127     -0.000001422526      0.000001789630
      0.000000666327     -0.000000082927     -0.000000421935
      0.000002745265     -0.000000891068     -0.000001883190
      0.000000712887     -0.000000000547     -0.000000295225
      0.000001910404     -0.000000062961     -0.000001553859
      0.000001040966     -0.000000368731     -0.000000476794
     -0.000003053945      0.000001402952      0.000002861412
      0.000003075400     -0.000000110296     -0.000000745874
      0.000002223863      0.000000404857     -0.000000841289
      0.000000460302      0.000000079448     -0.000000333321
     -0.000002121840      0.000000256562      0.000002191080
      0.000004178234     -0.000002231456     -0.000001997255
      0.000001091584     -0.000000197154     -0.000000251283
     -0.000003782688     -0.000000291978      0.000000397619
     -0.000002768210     -0.000000778034      0.000000655404
      0.000000486583      0.000000130542     -0.000000242266
      0.000001311935      0.000000390987     -0.000001129370
      0.000005372017     -0.000002562629     -0.000001251175
     -0.000004075877      0.000003008077      0.000002963302
      0.000004566038     -0.000000612931     -0.000000058833
      0.000001460916      0.000000690867     -0.000000606510
      0.000000334854      0.000000168127     -0.000000242922
     -0.000001461963     -0.000000361603      0.000001565399
      0.000005592263     -0.000001377698     -0.000000005031
     -0.000005823591      0.000003588359      0.000001502239
     -0.000004749356     -0.000000057878     -0.000000677779
     -0.000001771750     -0.000001023694      0.000000473578
      0.000000351405      0.000000204978     -0.000000176678
      0.000000955777      0.000000628939     -0.000000766536
     -0.000006120486      0.000000832746     -0.000001052291
      0.000001056381      0.000000846879     -0.000000392433
      0.000000872045      0.000000769590     -0.000000546262
     -0.000000968012     -0.000000619901      0.000000967598
      0.000000905841      0.000000857743     -0.000000369597
     -0.000001137400     -0.000001036841      0.000000237482
     -0.000000754929     -0.000000776376      0.000000478415
     -0.000000806146     -0.000000931138      0.000000210130
      0.000000944376      0.000000887558     -0.000000639471
      0.000004749664      0.000002841567     -0.000004233873
      0.000000990180      0.000000974557     -0.000000366736
      0.000002310201      0.000003062475     -0.000001516752
      0.000002080827      0.000000508900     -0.000001601113
     -0.000005482610     -0.000003438136      0.000006142413
      0.000005414976      0.000003700779     -0.000001876840
      0.000002378249      0.000003500059      0.000000026154
      0.000000459624      0.000000743528     -0.000000119023
     -0.000002659376     -0.000003668108      0.000002480264
      0.000010312375     -0.000000071312     -0.000006969441
      0.000002259986      0.000000579746     -0.000001219999
     -0.000006333109     -0.000005437082      0.000000613004
     -0.000002673042     -0.000004612245     -0.000000925043
      0.000000444010      0.000000786594      0.000000060240
      0.000001187680      0.000002243572     -0.000000134304
      0.000013322601     -0.000004830181     -0.000003299171
     -0.000012253567     -0.000000787908      0.000010450936
      0.000011116069     -0.000000843318     -0.000003692199
      0.000001037647      0.000002447610      0.000000807185
      0.000000252914      0.000000566683      0.000000108592
     -0.000001393744     -0.000002668903      0.000000513793
      0.000012586053     -0.000007402405     -0.000002590810
     -0.000019370340      0.000005087352     -0.000004487628
     -0.000012439104     -0.000001247125      0.000001717429
     -0.000001023709     -0.000003111536     -0.000001517970
      0.000000226847      0.000000584040      0.000000220449
      0.000000690557      0.000001662860      0.000000401849
     -0.000012147674      0.000012249367     -0.000002732871
      0.000000493445      0.000001742758      0.000001051950
      0.000000511270      0.000001478482      0.000000696293
     -0.000000771396     -0.000001790055     -0.000000201612
      0.000000418037      0.000001486323      0.000000952780
     -0.000000373143     -0.000001927694     -0.000001445160
     -0.000000432873     -0.000001307374     -0.000000683475
     -0.000000282250     -0.000001300698     -0.000001048721
      0.000000568332      0.000000502061      0.000000103393
      0.000001759492      0.000002028934      0.000000553654
      0.000000753979      0.000000372523      0.000000142431
      0.000001899407      0.000001847603      0.000000022937
      0.000000620865      0.000000530813      0.000000258134
     -0.000001690273     -0.000002714925     -0.000000509672
      0.000003123161      0.000000969065      0.000000741097
      0.000003102992      0.000000920554      0.000000333134
      0.000000626755      0.000000409268     -0.000000022147
     -0.000001908441     -0.000002469685      0.000000167568
      0.000002008542      0.000001903614      0.000001036491
      0.000000827941      0.000000367296      0.000000271786
     -0.000004511198     -0.000000307606     -0.000000819078
     -0.000004405727     -0.000000255329     -0.000000414484
      0.000000784818      0.000000282617      0.000000027629
      0.000002144042      0.000001271181     -0.000000311287
      0.000002508519      0.000001481376      0.000001088340
     -0.000001751703     -0.000002325279     -0.000000988230
      0.000003319982      0.000000714640      0.000000932031
      0.000003161143      0.000000308990      0.000000045123
      0.000000723405      0.000000214825     -0.000000076651
     -0.000002257464     -0.000001676059      0.000000563182
      0.000003169854      0.000000871503      0.000000979291
     -0.000002384120     -0.000001508725     -0.000001044014
     -0.000004172024      0.000000020459     -0.000000758459
     -0.000004254002      0.000000498281     -0.000000125038
      0.000000854437      0.000000070405     -0.000000020792
      0.000002432057      0.000000502011     -0.000000335273
     -0.000003504173     -0.000000444748     -0.000000762541
      0.000003206248     -0.000000494775      0.000000052462
      0.000002758122     -0.000000039337     -0.000000151408
     -0.000002440805     -0.000000748918      0.000000542755
      0.000003093529     -0.000000541684      0.000000061775
     -0.000003718114      0.000001271224     -0.000000180751
     -0.000002722341      0.000000179300      0.000000125354
     -0.000003150859      0.000001071191     -0.000000271055
      0.000000342198     -0.000000226016      0.000000731660
      0.000001621455     -0.000000770804      0.000002770994
      0.000000350759     -0.000000403885      0.000000854511
      0.000000891951     -0.000000396969      0.000002188732
      0.000000690306     -0.000000405590      0.000001009435
     -0.000001853475      0.000000510464     -0.000002990102
      0.000001846902     -0.000002488336      0.000003907697
      0.000000858785     -0.000001416526      0.000002832325
      0.000000175293     -0.000000114155      0.000000541247
     -0.000001055102      0.000000217123     -0.000002405479
      0.000003039148     -0.000001248361      0.000003593928
      0.000000774751     -0.000000733871      0.000001218275
     -0.000002113955      0.000004452630     -0.000005212241
     -0.000000934453      0.000002556696     -0.000003802386
      0.000000168653     -0.000000224489      0.000000606758
      0.000000468195     -0.000000184421      0.000001567668
      0.000004435684     -0.000002164721      0.000004371084
     -0.000002948598      0.000000724927     -0.000003406255
      0.000004018944     -0.000004190785      0.000005178389
      0.000000416237     -0.000000769199      0.000001925986
      0.000000103854     -0.000000057788      0.000000416201
     -0.000000585171      0.000000048192     -0.000001795162
      0.000005275485     -0.000003957660      0.000005313510
     -0.000005041648      0.000001852086     -0.000004228382
     -0.000004512409      0.000006741433     -0.000006335614
     -0.000000434997      0.000001335014     -0.000002508665
      0.000000098733     -0.000000119054      0.000000460749
      0.000000304626     -0.000000067098      0.000001224029
     -0.000007001973      0.000005564010     -0.000005929166
      0.000000282602     -0.000000402078      0.000001444313
      0.000000267051     -0.000000087381      0.000001149398
     -0.000000337135     -0.000000034920     -0.000001259558
      0.000000265071     -0.000000221265      0.000001240084
     -0.000000296370      0.000000628392     -0.000001668163
     -0.000000247054      0.000000028615     -0.000001020767
     -0.000000254862      0.000000216335     -0.000001161067
      0.000029395702      0.000045411263      0.000022218830
      0.000046432197      0.000237909095      0.000110563359
      0.000025731839      0.000015051078      0.000012599696
      0.000067316493      0.000263102969      0.000071899411
      0.000021615909      0.000041794846      0.000032343430
      0.000193481318     -0.000410405639     -0.000083326581
      0.000074995047      0.000027262912      0.000042941488
      0.000082243620      0.000033228343      0.000023268344
      0.000030570761      0.000046965175      0.000010949646
      0.000195484264     -0.000437695758     -0.000007612405
      0.000001166174      0.000208411273      0.000131508140
      0.000022975294      0.000013941518      0.000019554666
     -0.000069236779     -0.000009263035     -0.000034204322
     -0.000074507941     -0.000015505707     -0.000016436664
      0.000026718298      0.000015682621      0.000004878235
      0.000047504976      0.000262150613      0.000017730796
      0.000036263714      0.000130222317      0.000112055689
      0.000231594780     -0.000310565764     -0.000106068389
      0.000057447513      0.000024135997      0.000055915293
      0.000070478834      0.000035107937     -0.000002085965
      0.000019099751      0.000043390875     -0.000006703267
      0.000273366320     -0.000510464113      0.000055994973
      0.000049483764      0.000043075186      0.000071975872
      0.000015373457     -0.000169454574     -0.000108649048
     -0.000046482338     -0.000008552041     -0.000041015458
     -0.000062047191     -0.000019694927      0.000004325652
      0.000018680139      0.000016571858     -0.000004751574
     -0.000024640032      0.000133140376     -0.000026827716
     -0.000035590654     -0.000022434085     -0.000056085514
      0.000035475116      0.000032338983     -0.000019702088
     -0.000002481538      0.000062551805     -0.000020332825
      0.000190114490     -0.000141173798     -0.000009816085
      0.000017144873      0.000036188460     -0.000021600114
     -0.000031414436     -0.000020125088      0.000015635180
      0.000014026378     -0.000046801137      0.000009841760
     -0.000009870473     -0.000022177417      0.000016978734
     -0.000000571346      0.000000570211     -0.000000396989
     -0.000001702333      0.000001844128     -0.000001728177
     -0.000000449058      0.000000595288     -0.000000145623
     -0.000002980155      0.000002124846     -0.000002204685
     -0.000000344134      0.000000506658     -0.000000320892
      0.000002176208     -0.000002050298      0.000003047551
     -0.000001127963      0.000001893416     -0.000000199602
     -0.000001747581      0.000002523274     -0.000000066021
     -0.000000932257      0.000000721722     -0.000000435105
      0.000004051272     -0.000001963039      0.000004053462
     -0.000000927526      0.000001635567     -0.000001228462
     -0.000000289188      0.000000500871     -0.000000133627
      0.000001082976     -0.000002265496     -0.000000270866
      0.000001553381     -0.000002978767     -0.000000550048
     -0.000000688273      0.000000797603     -0.000000098329
     -0.000004727371      0.000002533080     -0.000002367074
     -0.000000661211      0.000001511918     -0.000000777621
      0.000000984787     -0.000001738898      0.000001868381
     -0.000000714177      0.000001545678     -0.000000213983
     -0.000002446953      0.000003409663      0.000000305657
     -0.000001466051      0.000000996206     -0.000000411681
      0.000006744510     -0.000001956069      0.000004697387
     -0.000000602622      0.000001451493     -0.000000366362
      0.000000507551     -0.000001445183      0.000000795100
      0.000000643514     -0.000001604025     -0.000000079912
      0.000001996622     -0.000004022670     -0.000001102702
     -0.000001016570      0.000001156272      0.000000011955
     -0.000006921875      0.000003448691     -0.000002139717
      0.000000450232     -0.000001316910      0.000000198042
     -0.000003197005      0.000004870274      0.000000847801
     -0.000006900643      0.000005017734     -0.000000990099
      0.000008917241     -0.000002005263      0.000004128730
     -0.000004533841      0.000005788035      0.000000562464
      0.000002129671     -0.000005031717     -0.000001526594
      0.000008302548     -0.000004968689      0.000001610923
      0.000003768108     -0.000006395429     -0.000001041731
     -0.000002038680     -0.000000098799      0.000001108487
     -0.000010664364     -0.000000703712      0.000007837419
     -0.000001984244     -0.000000081096      0.000000370928
     -0.000005067473     -0.000000339196      0.000004066850
     -0.000005077520     -0.000000171338      0.000002427133
      0.000010729533      0.000001435944     -0.000013978792
     -0.000009606660     -0.000000703155     -0.000000011214
     -0.000005043040     -0.000000083631      0.000000570858
     -0.000001052781     -0.000000029608      0.000000666206
      0.000005552440      0.000000813628     -0.000006787354
     -0.000028931158     -0.000000429908      0.000019175253
     -0.000004522306     -0.000000257330      0.000000530405
      0.000010100565      0.000001033636      0.000001735506
      0.000005576401      0.000000124232      0.000000388526
     -0.000001066485      0.000000006032      0.000000340554
     -0.000002784776     -0.000000123200      0.000002389116
     -0.000049509636      0.000001955769      0.000019007783
      0.000025515834      0.000002252963     -0.000034415683
     -0.000021644711     -0.000002127684     -0.000001611258
     -0.000002936281      0.000000112594      0.000000803576
     -0.000000664492      0.000000003165      0.000000491870
      0.000003027261      0.000000347465     -0.000003768669
     -0.000039645473     -0.000001477512      0.000001445208
      0.000079475479     -0.000008925984     -0.000041789851
      0.000018626810      0.000003539872      0.000005460972
      0.000003438945     -0.000000161248     -0.000000320784
     -0.000000682766      0.000000033529      0.000000315654
     -0.000001800175     -0.000000018644      0.000001765686
      0.000047585943      0.000005125198      0.000007351075
     -0.000001967329      0.000000160140      0.000000844503
     -0.000001595963      0.000000051703      0.000001410172
      0.000001799838      0.000000142687     -0.000002306555
     -0.000001672270      0.000000132566      0.000001051878
      0.000002154450     -0.000000210747     -0.000000576211
      0.000001348482     -0.000000025715     -0.000001430615
      0.000001484677     -0.000000153919     -0.000000906088
     -0.000000404039      0.000000021220     -0.000000337393
     -0.000001583786      0.000000232650     -0.000001089341
     -0.000000393915     -0.000000082374     -0.000000399817
     -0.000001321466      0.000000267756     -0.000001125634
     -0.000000523028      0.000000009853     -0.000000352176
      0.000001864458     -0.000000619744      0.000001105775
     -0.000001563303     -0.000000573815     -0.000001540300
     -0.000001225549     -0.000000384528     -0.000001554084
     -0.000000314524      0.000000044163     -0.000000330246
      0.000001617009     -0.000000627747      0.000001173886
     -0.000001959790      0.000000269699     -0.000001106706
     -0.000000528961     -0.000000121414     -0.000000420400
      0.000001814466      0.000001134675      0.000002099170
      0.000001387212      0.000000814451      0.000002115354
     -0.000000299564     -0.000000034537     -0.000000385339
     -0.000000987326      0.000000321321     -0.000001057580
     -0.000002239608      0.000000018948     -0.000001258209
      0.000002085988     -0.000000693566      0.000001017625
     -0.000002055682     -0.000000756936     -0.000001597315
     -0.000000866856     -0.000000170183     -0.000001425667
     -0.000000242118      0.000000073501     -0.000000326178
      0.000001206643     -0.000000605860      0.000001095295
     -0.000002346474     -0.000000553581     -0.000001517906
      0.000002306263     -0.000000180514      0.000001166945
      0.000002159119      0.000001319286      0.000001917875
      0.000000938846      0.000000450073      0.000001893959
     -0.000000220411      0.000000008793     -0.000000375293
     -0.000000742641      0.000000393095     -0.000001016648
      0.000002478961      0.000000847045      0.000001579334
     -0.000000600719      0.000000022037     -0.000001333327
     -0.000000619888      0.000000367587     -0.000001079698
      0.000000832792     -0.000000585035      0.000000960672
     -0.000000555035      0.000000198826     -0.000001241154
      0.000000554717      0.000000134956      0.000001566420
      0.000000549305     -0.000000455946      0.000000968756
      0.000000435343     -0.000000195669      0.000001235582
     -0.000000697041      0.000000050583      0.000000453855
     -0.000002079736      0.000000180027      0.000001167428
     -0.000000590321     -0.000000070295      0.000000630615
     -0.000003455831      0.000000766674      0.000001408192
     -0.000000477023     -0.000000012960      0.000000369458
      0.000002639291     -0.000000473079     -0.000000914860
     -0.000001537102     -0.000000428530      0.000002075430
     -0.000002374682     -0.000000506805      0.000003240818
     -0.000001203767      0.000000276802      0.000000625541
      0.000004297025     -0.000001468050     -0.000000640839
     -0.000001456074     -0.000000012741      0.000001034021
     -0.000000410461     -0.000000081491      0.000000467812
      0.000001497160      0.000000806005     -0.000002827731
      0.000002087193      0.000001159101     -0.000004372283
     -0.000000967963     -0.000000003042      0.000001029505
     -0.000006118443      0.000002773946      0.000001084845
     -0.000001224033     -0.000000121954      0.000001097610
      0.000001644040     -0.000000116802     -0.000000869469
     -0.000001114597     -0.000000364689      0.000001549557
     -0.000003556104     -0.000000348365      0.000005666605
     -0.000002548201      0.000001463155      0.000000789729
      0.000007042697     -0.000004162342      0.000001464837
     -0.000001084525     -0.000000265917      0.000001306135
      0.000001131684      0.000000089868     -0.000000959353
      0.000001012346      0.000000547062     -0.000001846486
      0.000002282110      0.000001651690     -0.000007432835
     -0.000001800713      0.000000493095      0.000002033556
     -0.000012381367      0.000014608266     -0.000002988880
      0.000000919226      0.000000302593     -0.000001268916
     -0.000002201144      0.000001982048      0.000011100106
     -0.000020704372      0.000042738572      0.000000055025
      0.000009587072     -0.000016541056      0.000011764388
     -0.000001504695      0.000015820072      0.000027120946
     -0.000003300981     -0.000000185571     -0.000008170438
     -0.000004393095     -0.000129404246      0.000020445747
     -0.000115218920     -0.000029233924     -0.000056591336
     -0.000004363784     -0.000001189993     -0.000001995751
     -0.000015163019     -0.000007069386     -0.000008340487
     -0.000004096182      0.000000795431     -0.000001532851
     -0.000015308736     -0.000008658578     -0.000006458034
     -0.000004842701     -0.000000899507     -0.000002286688
      0.000014479044      0.000014667979      0.000010249390
     -0.000013424393      0.000006994507     -0.000004190916
     -0.000013199116      0.000004509942     -0.000004330207
     -0.000004032380     -0.000001509505     -0.000001159886
      0.000016099273      0.000017355077      0.000008007534
     -0.000016352577     -0.000007608842     -0.000009005757
     -0.000004534683      0.000001333801     -0.000001493457
      0.000012315779     -0.000012661308      0.000002715375
      0.000012912744     -0.000010350740      0.000004040360
     -0.000003732020      0.000000196549     -0.000001048005
     -0.000012934399     -0.000008197660     -0.000002024523
     -0.000017616690     -0.000004178133     -0.000008200347
      0.000014271150      0.000014994850      0.000010876323
     -0.000015114102      0.000007364171     -0.000003366621
     -0.000011048902      0.000002104031     -0.000002360901
     -0.000003514025     -0.000001435381     -0.000000157572
      0.000014058363      0.000015044355      0.000001649650
     -0.000017669361      0.000003407965     -0.000005265770
      0.000016493221      0.000007527081      0.000009546173
      0.000012673857     -0.000011767974      0.000000983270
      0.000010798876     -0.000005831123      0.000002667429
     -0.000003219751     -0.000000142632     -0.000000339146
     -0.000011094898     -0.000006421165      0.000001445665
      0.000017066088     -0.000005133219      0.000004330098
     -0.000009207500      0.000001029700     -0.000000494736
     -0.000009833220     -0.000003649662      0.000001897964
      0.000011459147      0.000010639984     -0.000002890573
     -0.000008999945     -0.000000665217      0.000000758605
      0.000008092353     -0.000003077481      0.000000955429
      0.000008504592      0.000003996928     -0.000002801170
      0.000007546783     -0.000000174189     -0.000000826539
     -0.000004544133     -0.000011999542     -0.000003151587
     -0.000028972734     -0.000048457497     -0.000012452891
     -0.000001555381     -0.000007973116     -0.000001651819
     -0.000023247964     -0.000057523496     -0.000020956167
     -0.000006268392     -0.000009780303     -0.000002099504
      0.000068197228      0.000080626383      0.000027084411
     -0.000004168343     -0.000022014663     -0.000002791501
     -0.000002010241     -0.000024880601     -0.000006651053
     -0.000003399826     -0.000012838947     -0.000005313110
      0.000062332864      0.000093171706      0.000042508564
     -0.000032195119     -0.000031753495     -0.000010657047
     -0.000002575773     -0.000006883996     -0.000000830788
      0.000001604416      0.000020554775      0.000001991045
      0.000000062121      0.000022666016      0.000005619746
     -0.000000699687     -0.000008360677     -0.000003022782
     -0.000019902158     -0.000052602288     -0.000028995464
     -0.000021540676     -0.000020972254     -0.000007833524
      0.000063436217      0.000038925179      0.000023022209
     -0.000006841469     -0.000017463349     -0.000001426329
      0.000000054624     -0.000023572308     -0.000010640235
     -0.000002996784     -0.000011363459     -0.000007280015
      0.000057956461      0.000080639129      0.000053531674
     -0.000010586239     -0.000017544610     -0.000002588099
      0.000023386439      0.000017755483      0.000011260572
      0.000003744956      0.000015211012      0.000000395697
     -0.000002034036      0.000021332136      0.000009283902
     -0.000000547588     -0.000007516847     -0.000004470135
     -0.000019712430     -0.000039284864     -0.000032934697
      0.000007728454      0.000013781298      0.000001631755
      0.000000818458     -0.000019522057     -0.000014047411
     -0.000010812033     -0.000025367027     -0.000025333062
      0.000048132913      0.000053830999      0.000050108295
     -0.000002171776     -0.000018831994     -0.000017485306
     -0.000003219926      0.000016349507      0.000011428787
      0.000016197322      0.000019947017      0.000024258649
      0.000001668960      0.000013240201      0.000014373290
     -0.000000309859     -0.000000436677      0.000000557946
     -0.000001015649     -0.000002218852      0.000002506653
     -0.000000438657     -0.000000374148      0.000000541460
     -0.000000793278     -0.000001308734      0.000001682254
     -0.000000480863     -0.000000887293      0.000000971898
      0.000000665958      0.000002743877     -0.000002926994
     -0.000002308137     -0.000001633685      0.000002384851
     -0.000001481156     -0.000000923916      0.000001557606
     -0.000000225254     -0.000000266834      0.000000381062
      0.000000657100      0.000001697816     -0.000002023847
     -0.000001331280     -0.000004603117      0.000004268662
     -0.000000760219     -0.000000786173      0.000000952632
      0.000003369664      0.000001535533     -0.000002674403
      0.000002108253      0.000000874096     -0.000001765316
     -0.000000294727     -0.000000222876      0.000000361245
     -0.000000601288     -0.000000839263      0.000001175751
     -0.000002456499     -0.000007136867      0.000005851101
      0.000000341081      0.000004913240     -0.000004365789
     -0.000004253808     -0.000003834638      0.000004252963
     -0.000000995132     -0.000000586739      0.000001061547
     -0.000000183020     -0.000000192813      0.000000294710
      0.000000549572      0.000001112729     -0.000001451002
     -0.000004916611     -0.000006757150      0.000005833453
      0.000001580258      0.000009599429     -0.000006568733
      0.000005812664      0.000003365272     -0.000004190511
      0.000001370100      0.000000566177     -0.000001197035
     -0.000000228450     -0.000000163382      0.000000280447
     -0.000000511609     -0.000000624440      0.000000929497
      0.000007580339      0.000009232900     -0.000006807359
     -0.000000774616     -0.000000458778      0.000000856276
     -0.000000539130     -0.000000532594      0.000000848395
      0.000000447256      0.000000736091     -0.000001018716
     -0.000000655478     -0.000000457340      0.000000815028
      0.000000941640      0.000000410104     -0.000000873288
      0.000000467372      0.000000507499     -0.000000802870
      0.000000642955      0.000000393307     -0.000000748266
      0.000000250660      0.000000427692      0.000001360866
      0.000001684885      0.000001256796      0.000005459966
      0.000000097256      0.000000859364      0.000001565154
      0.000000620056      0.000000932924      0.000003624091
      0.000000749748      0.000000726912      0.000002214497
     -0.000002219663     -0.000000744966     -0.000005719657
      0.000000402588      0.000005376453      0.000008017189
     -0.000000298054      0.000003371891      0.000004391031
      0.000000067150      0.000000307001      0.000000820579
     -0.000000935878     -0.000000602233     -0.000003952789
      0.000004189309      0.000002172823      0.000008275153
      0.000000597395      0.000001481147      0.000002857496
      0.000001280036     -0.000010639069     -0.000010468838
      0.000001101671     -0.000006119346     -0.000005459586
     -0.000000021034      0.000000548408      0.000000885872
      0.000000213560      0.000000723071      0.000002244896
      0.000006917150      0.000004119405      0.000011884845
     -0.000004436823     -0.000001008153     -0.000007444403
      0.000003551503      0.000009340480      0.000015153907
     -0.000000217315      0.000001968030      0.000002429081
      0.000000023993      0.000000243177      0.000000536517
     -0.000000412166     -0.000000493994     -0.000002614076
      0.000007358922      0.000008634497      0.000016755813
     -0.000008734180     -0.000003886119     -0.000011716034
     -0.000001214078     -0.000018028347     -0.000020278681
      0.000000547138     -0.000003346147     -0.000002870634
     -0.000000020313      0.000000384505      0.000000545336
      0.000000131084      0.000000578985      0.000001553643
     -0.000011029242     -0.000013232237     -0.000021926683
     -0.000000079087      0.000001371359      0.000001529045
      0.000000100929      0.000000654368      0.000001349820
     -0.000000210020     -0.000000434592     -0.000001621006
      0.000000025735      0.000000997156      0.000001336353
      0.000000169230     -0.000001953840     -0.000001599825
     -0.000000140824     -0.000000486819     -0.000001223802
     -0.000000047314     -0.000001011984     -0.000001184607

Dipole moment:    0.19445273    0.31241163   -0.31508997 au
Dipole moment:    0.49424957    0.79407123   -0.80087890 Debye


