#"Step","Time (ps)","Potential Energy (kJ/mole)","Kinetic Energy (kJ/mole)","Temperature (K)"
50,0.05000000000000004,-22120.68939409674,396.4682907388705,18.315411955801103
100,0.10000000000000007,-21807.358560395463,694.4649433613741,32.081787682998204
150,0.1500000000000001,-21492.785275241262,983.4996203267693,45.43415230279527
200,0.20000000000000015,-21226.316140927465,1215.3587102192676,56.14521002487473
250,0.25000000000000017,-20988.492707025453,1559.8950592298456,72.06155267643025
300,0.3000000000000002,-20728.964440021366,1815.7862326653246,83.88280639785592
350,0.35000000000000026,-20507.463455974994,2034.7648110815724,93.99883072281477
400,0.4000000000000003,-20283.260211206627,2301.4274124420513,106.3176857516008
450,0.45000000000000034,-19979.439348192158,2465.9890409729383,113.91984231510226
500,0.5000000000000003,-19868.004198587983,2668.581921499915,123.27890621211365
550,0.5500000000000004,-19645.496418447212,2878.7365842167846,132.9872973041696
600,0.6000000000000004,-19393.16836292712,3005.4457109936884,138.84080415374348
650,0.6500000000000005,-19197.114704800246,3199.842953511866,147.82125899202777
700,0.7000000000000005,-19046.35724359762,3414.3356992649706,157.73005394931855
750,0.7500000000000006,-18828.961350712878,3541.136165932752,163.5877803739972
800,0.8000000000000006,-18607.24299310074,3603.9978773555385,166.49176580700455
850,0.8500000000000006,-18530.93094012527,3779.131896958649,174.5823288896875
900,0.9000000000000007,-18421.60572561846,3943.782472243499,182.18859447395812
950,0.9500000000000007,-18311.943173516953,4013.6045808184917,185.4141252718699
1000,1.0000000000000007,-18147.915854409483,4058.7605458182265,187.50016877282823
1050,1.0499999999999952,-18056.343860102737,4170.012211662409,192.63959641004973
1100,1.0999999999999897,-18012.641659602225,4338.74265818291,200.43433740118917
1150,1.1499999999999841,-17796.275108313424,4392.4654111345535,202.9161357560471
1200,1.1999999999999786,-17695.213931087415,4522.843161924453,208.93911986692666
1250,1.2499999999999731,-17610.209976762922,4681.496121424109,216.2683171296583
1300,1.2999999999999676,-17442.66030135547,4712.712887435277,217.7104196704614
1350,1.3499999999999621,-17339.826319745047,4842.75089310779,223.71770877639284
1400,1.3999999999999566,-17112.288655500837,4785.253689572801,221.0615443525311
1450,1.449999999999951,-17128.12814133513,5010.9009054528415,231.48563579202673
1500,1.4999999999999456,-16989.421991834177,5064.468026932806,233.960244531514
1550,1.54999999999994,-16955.23290808893,5284.459319970438,244.1230526369607
1600,1.5999999999999346,-17006.413003821144,5475.299449233995,252.93918161072148
1650,1.649999999999929,-16797.55064731493,5408.17546640996,249.8382945378987
1700,1.6999999999999236,-16759.38303288951,5488.993962295099,253.57181895929932
1750,1.749999999999918,-16624.69250300292,5423.185738628402,250.53171523678265
1800,1.7999999999999126,-16639.75258457916,5444.564221928264,251.51932442968294
1850,1.849999999999907,-16578.515071797145,5405.135188143371,249.6978445947038
1900,1.8999999999999015,-16617.42137579945,5588.473967249879,258.16743811642374
1950,1.949999999999896,-16415.78762649003,5440.576530234089,251.3351073867628
2000,1.9999999999998905,-16467.657864237728,5608.1123854287325,259.07466254649273
2050,2.0499999999998852,-16410.011314877323,5593.681205396745,258.40799382803965
2100,2.0999999999998797,-16561.81068900663,5730.011171198138,264.7059489076739
2150,2.1499999999998742,-16422.879759183023,5676.2975514781465,262.2245724753356
2200,2.1999999999998687,-16409.14550589231,5687.207228989562,262.7285604173577
2250,2.249999999999863,-16331.227479580546,5695.440254379592,263.10889663890003
2300,2.2999999999998577,-16252.453383941516,5624.44501970154,259.8291716258252
2350,2.349999999999852,-16381.547896661406,5746.580783451139,265.47140551908666
2400,2.3999999999998467,-16129.363141243408,5612.978758695175,259.29947152412745
2450,2.449999999999841,-16151.765410095872,5716.592309852596,264.08604567893565
2500,2.4999999999998357,-16058.570616119434,5724.269288513854,264.44069453747306
2550,2.54999999999983,-16061.967746585611,5787.228369548101,267.34917809703313
2600,2.5999999999998247,-16150.671711826242,5950.556612355216,274.8943566671894
2650,2.649999999999819,-16205.58721260068,6119.067565220859,282.6789578393211
2700,2.6999999999998137,-15930.255643861088,5901.129342503697,272.6109942134255
2750,2.749999999999808,-15972.637449501433,5966.5811543561995,275.63463298942463
2800,2.7999999999998026,-15907.06262244322,5875.329824167485,271.4191490706314
2850,2.849999999999797,-16016.213452457314,6074.367121340379,280.6139577790328
2900,2.8999999999997916,-16026.5098215819,6072.342064428872,280.52040741842495
2950,2.949999999999786,-16020.060474187598,6090.854527299336,281.37561675473063
3000,2.9999999999997806,-15936.128804810469,6052.301698957036,279.59461446616274
3050,3.049999999999775,-15862.455550956916,6022.548048616913,278.22010261768014
3100,3.0999999999997696,-15839.690264196928,5932.171363294482,274.0450241522743
3150,3.149999999999764,-15862.212441642923,6051.7823349353475,279.5706217125569
3200,3.1999999999997586,-15769.27706143675,5987.243027993963,276.5891373881222
3250,3.249999999999753,-15626.264620812588,5864.16191139825,270.9032315866031
3300,3.2999999999997476,-15851.327520783616,6104.328428149759,281.9980626110366
3350,3.349999999999742,-15595.072227057575,5742.4447991861425,265.28033789167324
3400,3.3999999999997366,-15832.933425606907,6020.83006563539,278.1407379704318
3450,3.449999999999731,-15685.961677529343,6002.62878503053,277.29990413784486
3500,3.4999999999997256,-15487.047756772703,5902.327328505103,272.6663368666604
3550,3.54999999999972,-15692.925178060268,6069.8171368130725,280.40376482550596
3600,3.5999999999997145,-15589.459462952942,5986.8030517398265,276.56881206442415
3650,3.649999999999709,-15713.784738906174,6100.117533248544,281.8035343811128
3700,3.6999999999997035,-15637.06370563258,5966.321931393103,275.6226578189799
3750,3.749999999999698,-15493.8842876215,5936.940688965556,274.26534987934394
3800,3.7999999999996925,-15498.594127977089,6027.526414543951,278.4500852542499
3850,3.849999999999687,-15489.29820047053,6156.629563813131,284.4141873499046
3900,3.8999999999996815,-15523.689352134541,6223.156766728388,287.48750533301313
3950,3.949999999999676,-15562.966726904338,6250.974393843925,288.7725798576477
4000,3.9999999999996705,-15395.913569460772,6180.734380128149,285.52774334225313
4050,4.049999999999687,-15411.993885873982,6172.517606414641,285.1481578898326
4100,4.099999999999704,-15382.636553972086,6094.5355917736315,281.5456687206947
4150,4.149999999999721,-15516.683404762705,6281.343201474224,290.17550976490156
4200,4.199999999999737,-15551.884348512382,6298.219484349306,290.9551334582964
4250,4.249999999999754,-15531.732521636828,6382.799282802967,294.86241655760927
4300,4.299999999999771,-15276.383413504005,6141.715157976853,283.72519533377545
4350,4.349999999999787,-15324.13067066463,6195.696733136173,286.2189503456162
4400,4.399999999999804,-15389.583877269375,6196.85376887424,286.272401243671
4450,4.449999999999821,-15342.285684981358,6342.114116897938,292.98290792741835
4500,4.4999999999998375,-15382.803978977341,6353.302961502884,293.49979238712416
4550,4.549999999999854,-15343.670625410132,6218.9319390792425,287.292333460145
4600,4.599999999999871,-15287.080304036477,6210.616247569278,286.908178360582
4650,4.649999999999888,-15361.023095463528,6403.355829071258,295.8120552098973
4700,4.699999999999904,-15346.119390098673,6340.422894992787,292.9047795458427
4750,4.749999999999921,-15370.903065769959,6390.114216290997,295.2003402286621
4800,4.799999999999938,-15274.833041557591,6401.428808771369,295.7230337888554
4850,4.849999999999954,-15269.6464433381,6382.413492371724,294.84459442443523
4900,4.899999999999971,-15267.48521779515,6471.46120626857,298.95827918016585
4950,4.949999999999988,-15228.842284714117,6375.970620267882,294.54695685916994
5000,5.000000000000004,-15267.332249793144,6389.476673164516,295.17088802460484
5050,5.050000000000021,-15354.053196212386,6329.809412775908,292.41447476326994
5100,5.100000000000038,-15391.635128102622,6340.2469537026545,292.89665168975915
5150,5.1500000000000545,-15228.40523673614,6197.321425806759,286.2940053153539
5200,5.200000000000071,-15378.706179718392,6337.5849977639455,292.77367888016875
5250,5.250000000000088,-15304.590222675888,6303.102433434535,291.1807081792621
5300,5.300000000000105,-15269.805229161733,6301.33684711233,291.09914442854085
5350,5.350000000000121,-15200.18507558863,6205.125350917582,286.6545186442018
5400,5.400000000000138,-15260.138822312354,6234.237848125068,287.9994115193004
5450,5.450000000000155,-15319.30348326616,6349.733836736173,293.334911633856
5500,5.500000000000171,-15316.817866536587,6435.997719609703,297.31999338854365
5550,5.550000000000188,-15134.257626599065,6326.522980227321,292.2626533757886
5600,5.600000000000205,-15092.477022541258,6290.004315244055,290.5756221330178
5650,5.6500000000002215,-15062.19222236365,6318.28441101268,291.8820610494481
5700,5.700000000000238,-15049.786992681296,6343.3535020828485,293.0401630743338
5750,5.750000000000255,-15207.940165921837,6572.660997507318,303.63334629063877
5800,5.800000000000272,-15183.751061204423,6572.954525140542,303.6469062137108
5850,5.850000000000288,-14948.83908239739,6394.761860869437,295.4150447260121
5900,5.900000000000305,-14992.963689326043,6377.389393881194,294.6124991075838
5950,5.950000000000322,-14903.458685201073,6271.485953535967,289.72014029158714
6000,6.000000000000338,-15167.121265952908,6550.501401430982,302.6096524911779
6050,6.050000000000355,-14989.111517753801,6415.133344547065,296.356134150872
6100,6.100000000000372,-14908.844624791422,6355.549091182458,293.60355551610195
6150,6.1500000000003885,-15043.458163008023,6438.372014368772,297.4296772841606
6200,6.200000000000405,-14961.495013856342,6337.477337235084,292.7687053501702
6250,6.250000000000422,-15166.67839755876,6527.205756322998,301.53347730416937
6300,6.300000000000439,-15021.135452350902,6466.520922468494,298.7300558011704
6350,6.350000000000455,-15029.639396497765,6494.3842363113845,300.01724088862153
6400,6.400000000000472,-15000.615649789645,6304.398173591175,291.2405667235919
6450,6.450000000000489,-14983.092776032645,6286.126141063855,290.396464406143
6500,6.500000000000505,-15080.667112403033,6510.163736122166,300.7461971412195
6550,6.550000000000522,-15000.123497511251,6403.749350579548,295.83023449108117
6600,6.600000000000539,-14867.844570489662,6306.862704239244,291.3544191933895
6650,6.6500000000005555,-15100.110701113965,6460.556513620486,298.45452152093696
6700,6.700000000000572,-15098.213888556407,6458.41877454315,298.35576564872724
6750,6.750000000000589,-15180.686776182207,6507.601010091784,300.6278083972198
6800,6.800000000000606,-15061.025083942415,6436.630633272817,297.3492317280103
6850,6.850000000000622,-15113.211078642402,6438.757646369345,297.44749209840637
6900,6.900000000000639,-14994.228212750233,6306.899632569545,291.35612514969955
6950,6.950000000000656,-14968.488988118635,6146.703229379444,283.955626328479
7000,7.000000000000672,-15296.569841336634,6552.269238361718,302.69132021193496
7050,7.050000000000689,-15178.427618303682,6498.1998802854105,300.1935099444159
7100,7.100000000000706,-14890.594412749555,6331.376318129598,292.4868601663878
7150,7.1500000000007224,-14958.876786571675,6433.790241981177,297.2180158455873
7200,7.200000000000739,-14932.54037249584,6372.655642765321,294.39381679727376
7250,7.250000000000756,-14983.837815461953,6459.52571170164,298.4069021722286
7300,7.3000000000007725,-15149.650394050159,6627.999586730275,306.1897904813771
7350,7.350000000000789,-14970.881500869371,6441.166132565196,297.5587555156765
7400,7.400000000000806,-14992.191536376678,6477.7323894776155,299.24798533474853
7450,7.450000000000823,-15013.848685657591,6412.3453489913245,296.2273387633791
7500,7.500000000000839,-15006.862294890829,6358.2612985980295,293.72884976355164
7550,7.550000000000856,-15035.789661581532,6400.964744160413,295.7015956695346
7600,7.600000000000873,-14978.393096925623,6311.766706076952,291.5809664759534
7650,7.650000000000889,-15139.604275328864,6465.684338539919,298.69140862648993
7700,7.700000000000906,-14904.86844282781,6303.1074796794055,291.18094129766223
7750,7.750000000000923,-15090.515168607522,6418.554064837023,296.5141591499946
7800,7.8000000000009395,-15040.674760050983,6366.069518516246,294.0895614970854
7850,7.850000000000956,-15075.120593020081,6466.031683285477,298.70745470698154
7900,7.900000000000973,-15114.74700014358,6441.876023064581,297.59154990867967
7950,7.95000000000099,-15076.983614110051,6305.89436980567,291.3096856182811
8000,8.000000000001005,-15121.989788522618,6282.453675169118,290.22680966369086
8050,8.050000000000978,-15075.314292864168,6385.708659401734,294.99681931360686
8100,8.10000000000095,-15016.976849885352,6409.891573490728,296.11398314279035
8150,8.150000000000922,-15026.890821224777,6473.2067996941405,299.03891933082474
8200,8.200000000000895,-15048.781010961728,6454.265254591516,298.1638879355335
8250,8.250000000000867,-15095.226964135003,6532.506480438787,301.77835173199253
8300,8.30000000000084,-15070.14204228822,6567.484148366279,303.3941944420144
8350,8.350000000000811,-14913.204815877443,6410.073583846483,296.1223913679215
8400,8.400000000000784,-14946.518162489469,6430.061361224014,297.0457549389856
8450,8.450000000000756,-14938.398678625776,6468.452091509559,298.81926887916325
8500,8.500000000000728,-14946.931227854337,6566.336015978448,303.34115484678284
8550,8.5500000000007,-15041.633849955251,6536.862004513036,301.979561310581
8600,8.600000000000673,-15003.195064331347,6491.100456745836,299.865542059434
8650,8.650000000000645,-14780.98390802246,6259.057042544338,289.1459692158892
8700,8.700000000000617,-15181.72677798944,6697.643535442728,309.40709093312336
8750,8.75000000000059,-14940.837661854337,6526.360459723597,301.49442763536985
8800,8.800000000000562,-15038.44224093634,6522.805434608376,301.33019823539144
8850,8.850000000000534,-14964.13144995856,6475.028923316493,299.12309490187874
8900,8.900000000000507,-15080.238288631921,6554.580208569976,302.79807874060054
8950,8.950000000000479,-15150.052001841703,6555.096891893776,302.82194765558603
9000,9.000000000000451,-15036.177712665749,6454.143397841482,298.15825859107235
9050,9.050000000000423,-15071.476481463276,6485.254005726199,299.5954570074756
9100,9.100000000000396,-15116.726827961435,6453.572382996596,298.13187975482936
9150,9.150000000000368,-15149.60645363004,6527.603086129499,301.551832515061
9200,9.20000000000034,-15219.033966614466,6635.396326415077,306.5314933050871
9250,9.250000000000313,-14924.038104560806,6511.08163383762,300.7886007209875
9300,9.300000000000285,-14893.39975075647,6486.149173730559,299.63681055617667
9350,9.350000000000257,-14941.340888538358,6563.151286396178,303.1940317712945
9400,9.40000000000023,-14977.767410316912,6632.8335281772315,306.41310122536174
9450,9.450000000000202,-15063.96130522888,6738.038010851859,311.2731707058031
9500,9.500000000000174,-14848.361695590884,6610.421916822597,305.3777652246227
9550,9.550000000000146,-14787.734744263254,6471.531572825057,298.961529862503
9600,9.600000000000119,-14829.48018576354,6529.018033439236,301.61719800198375
9650,9.650000000000091,-14917.89171429391,6572.335804894039,303.61832355914595
9700,9.700000000000063,-14921.57100331827,6547.643687021478,302.47763634288884
9750,9.750000000000036,-14812.062968950742,6505.961791065271,300.55208236197893
9800,9.800000000000008,-15003.954115464325,6717.813069094334,310.33885099165695
9850,9.84999999999998,-14831.536189718057,6497.693660799918,300.1701244212015
9900,9.899999999999952,-14872.31714915993,6436.694959659655,297.35220337619023
9950,9.949999999999925,-14955.340458795426,6380.5338605566985,294.7577621812985
10000,9.999999999999897,-15006.618209494562,6508.165006565252,300.65386300989496
10050,10.04999999999987,-14877.482439969779,6470.863360460518,298.93066084973105
10100,10.099999999999842,-14681.884865115122,6258.234892799038,289.10798884866625
10150,10.149999999999814,-14882.750545500323,6444.120597296552,297.69524118156124
10200,10.199999999999786,-14934.275909233298,6511.923789099575,300.8275052712725
10250,10.249999999999758,-15039.592965707625,6549.568883529951,302.56657351131366
10300,10.29999999999973,-14904.059924900412,6438.0710723370885,297.4157748424929
10350,10.349999999999703,-14868.836155377841,6347.10213040149,293.21333624739424
10400,10.399999999999675,-15008.323771469062,6438.356750450601,297.42897214592915
10450,10.449999999999648,-15081.257822647533,6484.902476301596,299.5792176098325
10500,10.49999999999962,-14896.020541195658,6300.820770651431,291.0753035484431
10550,10.549999999999592,-14975.88675990043,6325.775527184212,292.2281237280918
10600,10.599999999999564,-14971.463823320866,6375.269905514394,294.51458635269205
10650,10.649999999999537,-14942.068758865344,6375.7506443539205,294.53679476152263
10700,10.699999999999509,-14950.124522695685,6434.6683133225215,297.2585795898235
10750,10.749999999999481,-15034.580845782453,6520.214294343201,301.2104968557338
10800,10.799999999999454,-14915.740451122749,6485.275192144131,299.5964357439379
10850,10.849999999999426,-14886.145016598497,6493.495551706909,299.9761868497237
10900,10.899999999999398,-14923.97398502294,6473.880934336724,299.070061931585
10950,10.94999999999937,-14905.77008691805,6528.870274524705,301.61037207049566
11000,10.999999999999343,-14873.981144111403,6517.088258131607,301.06608520329775
11050,11.049999999999315,-14844.873483847681,6404.64735744821,295.8717191851232
11100,11.099999999999287,-14907.315386355995,6509.9843775362115,300.737911418335
11150,11.14999999999926,-14920.89700420439,6557.105958124002,302.91475930411536
11200,11.199999999999232,-14842.979603486037,6507.314139935222,300.6145560256733
11250,11.249999999999204,-14955.875693057824,6617.253547739153,305.6933620516312
11300,11.299999999999176,-14974.531560606287,6612.602977998929,305.47852242230647
11350,11.349999999999149,-15118.82314715434,6725.670322228299,310.7018278837594
11400,11.399999999999121,-14880.803250302366,6436.801060533198,297.3571048557113
11450,11.449999999999093,-14940.176371979896,6501.936681203248,300.36613673401223
11500,11.499999999999066,-15131.578995407035,6718.785939605327,310.3837941172605
11550,11.549999999999038,-14940.759677095431,6533.603561847497,301.82903295523016
11600,11.59999999999901,-14946.114147250602,6604.318320074456,305.09580096300175
11650,11.649999999998983,-15005.554869080388,6643.681976797493,306.91426061238644
11700,11.699999999998955,-15031.159788952587,6593.238528009142,304.5839543391957
11750,11.749999999998927,-14939.29082723367,6514.387596192924,300.94132431543926
11800,11.7999999999989,-14984.92779829807,6640.167541167996,306.75190630095733
11850,11.849999999998872,-14918.072039152281,6572.193937086587,303.6117697756595
11900,11.899999999998844,-15056.347228595227,6649.944238483453,307.20355462462544
11950,11.949999999998816,-15025.123456498846,6534.393582824914,301.86552908869936
12000,11.999999999998789,-14956.086448270598,6491.550961488744,299.8863537615225
12050,12.04999999999876,-15021.948286677383,6495.610772295936,300.073902448601
12100,12.099999999998733,-15110.369688031347,6619.696765661737,305.8062299500111
12150,12.149999999998705,-14994.97543748663,6536.778530583717,301.97570511466637
12200,12.199999999998678,-14966.450805065011,6560.999697946399,303.0946361077886
12250,12.24999999999865,-14903.374186999645,6372.569599306962,294.3898418983405
12300,12.299999999998622,-15015.377417051895,6445.032671500862,297.7373757360172
12350,12.349999999998595,-15001.852871694855,6428.949255975528,296.9943796682766
12400,12.399999999998567,-14863.237852619646,6306.784858114172,291.35082298183073
12450,12.44999999999854,-14884.781540271584,6326.452742626188,292.2594086507259
12500,12.499999999998511,-14814.574892119905,6250.253993026009,288.73929992565405
12550,12.549999999998484,-15022.90973102539,6405.787303200869,295.9243805871948
12600,12.599999999998456,-14990.539534262374,6263.485663509049,289.3505556084444
12650,12.649999999998428,-15136.22148698003,6378.669449137231,294.67163306580477
12700,12.6999999999984,-15028.177341286415,6259.666481118535,289.17412309050894
12750,12.749999999998373,-15040.868208308819,6245.388742046394,288.5145427936425
12800,12.799999999998345,-14946.544789911422,6199.272812758843,286.38415238826605
12850,12.849999999998317,-14955.304126485655,6231.694677462082,287.88192616308265
12900,12.89999999999829,-15050.862962922485,6325.244375022295,292.2035864047195
12950,12.949999999998262,-15076.11955582328,6294.175324179514,290.76830777448964
13000,12.999999999998234,-15124.169582304625,6282.180940855914,290.21421031736867
13050,13.049999999998207,-15159.070693030699,6357.923817208107,293.71325933468694
13100,13.099999999998179,-15036.439866548437,6303.901446992942,291.2176197376952
13150,13.149999999998151,-14955.507305809917,6133.243276546238,283.33382482050376
13200,13.199999999998123,-15072.666557044267,6318.069073255228,291.87211321798344
13250,13.249999999998096,-15085.791953990232,6482.005592908438,299.4453919950911
13300,13.299999999998068,-14900.566942890016,6328.12655516825,292.33673278221573
13350,13.34999999999804,-14931.004836121325,6364.901108797251,294.03558516193726
13400,13.399999999998013,-14907.422195665744,6272.758409937167,289.7789232099899
13450,13.449999999997985,-14974.766916866214,6333.348121576846,292.5779504080939
13500,13.499999999997957,-14937.892332025702,6293.094172780267,290.7183624605104
13550,13.54999999999793,-14834.278479923567,6250.260557136213,288.7396031639844
13600,13.599999999997902,-15042.265807356043,6442.85251102699,297.63666014755415
13650,13.649999999997874,-15092.662828150336,6508.699036654522,300.678533283181
13700,13.699999999997846,-14910.23798300064,6347.07157607192,293.2119247470393
13750,13.749999999997819,-15009.1005591762,6407.3879757670875,295.998325914328
13800,13.799999999997791,-14965.870213754504,6390.8206312126595,295.2329740624496
13850,13.849999999997763,-14961.121748423706,6321.640987077805,292.0371228156217
13900,13.899999999997736,-15034.972865045786,6424.944875399159,296.80939165890186
13950,13.949999999997708,-15046.61556991844,6424.402260311653,296.7843247895121
14000,13.99999999999768,-15067.805755714127,6618.486175318117,305.75030502140754
14050,14.049999999997652,-15005.50681891604,6570.541646228943,303.5354398687402
14100,14.099999999997625,-14833.588300474355,6412.708809081544,296.24412931495004
14150,14.149999999997597,-14969.415353657447,6625.160604830782,306.0586397078124
14200,14.19999999999757,-14806.854229989423,6533.60435969917,301.8290698131136
14250,14.249999999997542,-14967.41864912808,6635.393412711112,306.5313587024223
14300,14.299999999997514,-14963.263346456079,6591.81143543507,304.51802778465463
14350,14.349999999997486,-14963.361546986413,6623.385213847196,305.976623016928
14400,14.399999999997458,-14976.681073361922,6521.926558639848,301.28959732026743
14450,14.44999999999743,-14997.83541507414,6550.418210592891,302.6058093730618
14500,14.499999999997403,-14973.733351524503,6453.869026635423,298.1455836261757
14550,14.549999999997375,-14811.011156302999,6314.985428539072,291.7296599004773
14600,14.599999999997348,-15075.534960351546,6519.606488191168,301.1824183931586
14650,14.64999999999732,-15000.162956773496,6421.21877406879,296.6372591518416
14700,14.699999999997292,-14905.394392780308,6356.372675403524,293.6416021509565
14750,14.749999999997264,-14886.429541016216,6329.185064268342,292.385632103246
14800,14.799999999997237,-14982.170144740634,6453.800883431254,298.1424356547351
14850,14.849999999997209,-14896.02954782841,6433.624780926993,297.21037213878697
14900,14.899999999997181,-14807.520550352285,6390.835938919456,295.2336812235584
14950,14.949999999997154,-14860.14429099442,6350.598298717518,293.37484667450946
15000,14.999999999997126,-15000.346631227243,6572.751133687004,303.6375102586071
15050,15.049999999997098,-14938.32573228028,6600.046021561852,304.89843610663286
15100,15.09999999999707,-14894.525278947196,6484.145195466307,299.54423395341274
15150,15.149999999997043,-14839.771688999994,6578.979622016125,303.9252440629856
15200,15.199999999997015,-14765.611453474276,6447.532733691417,297.8528696355415
15250,15.249999999996987,-14874.036534128469,6569.803478194911,303.5013391551353
15300,15.29999999999696,-14977.433961921623,6654.618563948602,307.4194916831735
15350,15.349999999996932,-14774.019367596255,6481.707536545607,299.4316228609665
15400,15.399999999996904,-14884.754572825128,6556.301139453693,302.8775795703491
15450,15.449999999996876,-14713.749430486638,6275.418213481312,289.90179658667716
15500,15.499999999996849,-14902.110292354446,6425.936651420351,296.8552081512175
15550,15.549999999996821,-15110.673198355866,6554.121376644763,302.7768823525789
15600,15.599999999996793,-15122.67300366818,6550.045015450499,302.5885690970234
15650,15.649999999996766,-14954.638902621318,6484.906292048524,299.5793938836444
15700,15.699999999996738,-14939.483407565178,6380.60352096177,294.760980241975
15750,15.74999999999671,-15015.779176451011,6486.256157042502,299.64175280118445
15800,15.799999999996682,-14935.567322714101,6425.168159785105,296.81970659607947
15850,15.849999999996655,-14797.885292848883,6343.7349646597695,293.0577852761724
15900,15.899999999996627,-14928.447278589188,6403.672444142641,295.8266816897427
15950,15.9499999999966,-14938.717797776042,6441.753313195046,297.58588115315973
16000,15.999999999996572,-14857.296172969192,6359.4307477747125,293.782874117914
16050,16.049999999996633,-14884.557006291661,6419.453646617836,296.5557165993251
16100,16.099999999996694,-14937.027155793672,6452.232061875056,298.0699617299394
16150,16.149999999996755,-14863.42078764648,6312.77601325917,291.62759284498236
16200,16.199999999996816,-14905.548816273198,6356.771592665856,293.6600306966095
16250,16.249999999996877,-14956.686705687987,6416.862836409066,296.43603046708864
16300,16.29999999999694,-14948.909410228236,6403.546584027197,295.82086740416923
16350,16.349999999997,-14931.20544200649,6425.207592447547,296.82152824354534
16400,16.39999999999706,-14883.66587122288,6432.151721666744,297.1423220883366
16450,16.44999999999712,-14922.674063787985,6444.022484208278,297.6907087090484
16500,16.499999999997183,-14919.49219730525,6455.293990388288,298.2114118368181
16550,16.549999999997244,-15011.879921437032,6594.149885068659,304.6260557641363
16600,16.599999999997305,-15051.458979047704,6618.995614078868,305.7738392635837
16650,16.649999999997366,-14856.785641664881,6570.773624110343,303.5461564142035
16700,16.699999999997427,-14781.924688840585,6524.958869811694,301.42967921228217
16750,16.74999999999749,-14923.723953114612,6679.91118641828,308.5879200563767
16800,16.79999999999755,-14874.04452034589,6621.951264142462,305.9103796875632
16850,16.84999999999761,-14780.799434713694,6465.234543616107,298.6706297154958
16900,16.89999999999767,-14856.170562885034,6584.877214067854,304.1976916470619
16950,16.949999999997733,-14778.586086684314,6522.187664099964,301.30165945531746
17000,16.999999999997794,-14775.710976757915,6425.297704873186,296.82569111416194
17050,17.049999999997855,-14785.078202617366,6443.570984287269,297.66985103330376
17100,17.099999999997916,-14861.403983695822,6608.009391214074,305.266315200986
17150,17.149999999997977,-14813.719354070203,6465.28851703035,298.67312309350257
17200,17.199999999998038,-14865.80234231793,6497.642067844909,300.16774101186695
17250,17.2499999999981,-14744.668599148094,6337.961603586548,292.7910767173907
17300,17.29999999999816,-14923.916121397664,6551.8680332790545,302.67278597719445
17350,17.34999999999822,-14863.934996736025,6532.337155084311,301.77052950838925
17400,17.399999999998283,-14774.474077720792,6419.497991355806,296.55776516704907
17450,17.449999999998344,-14919.249654402165,6615.469500358532,305.610945466275
17500,17.499999999998405,-14803.408489586016,6569.399889910234,303.482694825016
17550,17.549999999998466,-14827.299065208575,6618.896963471859,305.7692819596346
17600,17.599999999998527,-14786.268698699996,6708.006441071651,309.8858199767478
17650,17.649999999998588,-14719.665046138101,6659.322161321332,307.63678099878354
17700,17.69999999999865,-14848.915743353296,6969.995088316196,321.98875510198667
17750,17.74999999999871,-14817.820413958583,6901.185472971496,318.8099978570889
17800,17.79999999999877,-14588.192244602626,6620.969718640052,305.86503580849404
17850,17.849999999998833,-14736.67350342308,6720.629798433275,310.4689737767971
17900,17.899999999998894,-14629.940292088162,6671.280427511682,308.18920997398664
17950,17.949999999998955,-14585.407457313759,6601.398105938295,304.96089755167657
18000,17.999999999999016,-14785.660400777677,6743.033614309748,311.5039496544261
18050,18.049999999999077,-14762.119677497833,6727.634091349637,310.79254696844674
18100,18.099999999999138,-14871.351532624132,6831.152915341219,315.57474506820523
18150,18.1499999999992,-14692.260069528553,6680.0473200671495,308.59420894231874
18200,18.19999999999926,-14789.846180607785,6692.855080271386,309.1858814918045
18250,18.24999999999932,-14789.784183499247,6769.065534740442,312.7065309398051
18300,18.299999999999383,-14721.505223709215,6733.866982115173,311.0804841495857
18350,18.349999999999444,-14735.979765055923,6683.153117180584,308.7376856210657
18400,18.399999999999505,-14729.770423275517,6636.282966041864,306.5724528733559
18450,18.449999999999566,-14632.949420049445,6476.32058698785,299.18276512722053
18500,18.499999999999627,-14772.980530011642,6662.127191106484,307.76636330653287
18550,18.549999999999688,-14749.85641335767,6620.0459191329155,305.8223595871341
18600,18.59999999999975,-14924.510737085273,6752.9465881479455,311.9618934642962
18650,18.64999999999981,-14918.463629616248,6723.9833983919625,310.62389805753554
18700,18.69999999999987,-14854.598274393398,6707.232881242726,309.8500842892535
18750,18.749999999999932,-14774.136286910005,6569.594814612289,303.4916996465916
18800,18.799999999999994,-14974.89863453754,6760.502834121143,312.31096490600106
18850,18.850000000000055,-14964.828257088384,6786.540119299563,313.51379402346896
18900,18.900000000000116,-14849.020887536975,6674.205110096147,308.32431981158453
18950,18.950000000000177,-14908.548137247399,6683.197261774919,308.7397249428721
19000,19.000000000000238,-14886.084122640299,6679.554897359557,308.5714607807214
19050,19.0500000000003,-14853.157700333792,6693.720798520321,309.2258745675113
19100,19.10000000000036,-14956.27423902204,6740.839660391813,311.4025968583572
19150,19.15000000000042,-14849.184500308716,6588.276489218959,304.35472595774434
19200,19.200000000000482,-14940.155616269616,6585.282616293918,304.2164197747624
19250,19.250000000000544,-14894.945347168938,6465.529515960022,298.6842563790161
19300,19.300000000000605,-15028.174829006082,6554.595062686308,302.7987649474579
19350,19.350000000000666,-14925.787484071501,6390.749384455905,295.22968271801943
19400,19.400000000000727,-14964.296170020052,6421.93093212834,296.67015829798515
19450,19.450000000000788,-14999.870514036274,6436.26550140228,297.33236394618945
19500,19.50000000000085,-14979.306559257442,6441.4748525280465,297.5730172698462
19550,19.55000000000091,-15028.339442185035,6477.7978786499025,299.25101069944253
19600,19.60000000000097,-15042.965500694056,6504.515716004631,300.48527888469386
19650,19.650000000001032,-15080.57240425184,6490.640783618163,299.8443068108782
19700,19.700000000001094,-15016.755647745089,6453.373505738669,298.1226923393597
19750,19.750000000001155,-15062.132424389574,6501.151605673913,300.3298690624933
19800,19.800000000001216,-14949.330140358488,6460.120640290656,298.43438573761495
19850,19.850000000001277,-15065.809974506748,6590.832889454392,304.4728224727231
19900,19.900000000001338,-14982.763818072779,6603.2855783333425,305.04809200146735
19950,19.9500000000014,-14971.859194931718,6501.254297950687,300.3346130770784
20000,20.00000000000146,-14944.776803841152,6450.567946728098,297.9930855832956
20050,20.05000000000152,-14775.821177268463,6354.451746113069,293.5528621126873
20100,20.100000000001582,-14752.290571028534,6368.67382075732,294.2098709127863
20150,20.150000000001643,-14912.003828986799,6415.117442914159,296.3553995525088
20200,20.200000000001705,-14825.215488810614,6457.770418041031,298.32581390552883
20250,20.250000000001766,-14926.849511580893,6525.150269976949,301.43852121290854
20300,20.300000000001827,-14829.7127173891,6424.154339212261,296.7728717246039
20350,20.350000000001888,-14879.565826862916,6448.1130448445065,297.87967792785554
20400,20.40000000000195,-14851.282450716304,6399.754789707801,295.64570011681326
20450,20.45000000000201,-14983.163863789034,6541.326212426151,302.18579169241735
20500,20.50000000000207,-14986.919002746365,6566.165555679345,303.33328019281146
20550,20.550000000002132,-14946.654372460289,6594.061499839856,304.621972683814
20600,20.600000000002193,-14953.36893601829,6615.746822437122,305.62375675089083
20650,20.650000000002255,-14847.032486054162,6501.386421224728,300.34071669809816
20700,20.700000000002316,-15003.96496698634,6594.992375705246,304.6649758075255
20750,20.750000000002377,-14974.584549429956,6534.882195598419,301.88810124501714
20800,20.800000000002438,-15032.838827594485,6634.966785425602,306.5116500531603
20850,20.8500000000025,-15090.281033272255,6671.132129511332,308.1823591386687
20900,20.90000000000256,-15076.37849454076,6689.138793998822,309.0142024051848
20950,20.95000000000262,-15064.073722715175,6534.594315943827,301.87480223828516
21000,21.000000000002682,-15044.524498611157,6544.154193326204,302.3164342592947
21050,21.050000000002743,-14940.101164647946,6443.105613351115,297.64835256644767
21100,21.100000000002805,-15034.648104823835,6504.014379788398,300.46211895099134
21150,21.150000000002866,-14957.188028784823,6330.444634219481,292.4438197139103
21200,21.200000000002927,-14886.703912248091,6175.187919064841,285.2715167494984
21250,21.250000000002988,-15031.150308695063,6322.521502785741,292.07779948082066
21300,21.30000000000305,-15018.68553297997,6409.195497357585,296.0818269239227
21350,21.35000000000311,-15007.472590992245,6429.031789436188,296.99819241791494
21400,21.40000000000317,-15031.645774048377,6282.849867517064,290.24511232808015
21450,21.450000000003232,-15019.434505373021,6294.082041765687,290.76399846179714
21500,21.500000000003293,-15145.900036601972,6384.965350239834,294.962481098348
21550,21.550000000003354,-15029.574959507256,6262.891347630185,289.32310034806784
21600,21.600000000003416,-15001.302197333367,6301.331958402287,291.0989185876843
21650,21.650000000003477,-15055.08551228668,6388.847923578395,295.1418420505488
21700,21.700000000003538,-14928.58904735576,6270.217171597001,289.6615271201506
21750,21.7500000000036,-14952.548779560691,6336.465983518005,292.72198443857644
21800,21.80000000000366,-15198.77989060869,6573.96345343479,303.6935150794755
21850,21.85000000000372,-14980.33562640148,6471.106848992774,298.9419091459478
21900,21.900000000003782,-15045.947498737156,6512.938839120158,300.87439693882067
21950,21.950000000003843,-14943.178301949552,6338.924785840922,292.8355722803133
22000,22.000000000003904,-15049.786153037441,6424.83271372122,296.80421019197223
22050,22.050000000003966,-15131.357441000606,6500.25941386321,300.2886530032565
22100,22.100000000004027,-15090.269111976591,6488.461083182038,299.74361247450776
22150,22.150000000004088,-15047.158296034804,6445.716147230176,297.7689498614557
22200,22.20000000000415,-14945.329875468458,6300.263474687397,291.04955847525315
22250,22.25000000000421,-15141.853743419786,6431.782662239561,297.12527286749616
22300,22.30000000000427,-15023.306865274999,6393.474356030228,295.3555666237879
22350,22.350000000004332,-14934.447041868576,6316.539286798829,291.8014425746865
22400,22.400000000004393,-14942.291706043852,6364.1922045116835,294.0028363284727
22450,22.450000000004454,-14845.250843757505,6212.881193307988,287.01281072395386
22500,22.500000000004515,-15013.12263123773,6382.494753191298,294.8483483826234
22550,22.550000000004577,-14913.288361511037,6331.386917347457,292.48734981220827
22600,22.600000000004638,-14975.190030327914,6401.6614443391645,295.7337807170695
22650,22.6500000000047,-14823.429718824666,6213.672343863778,287.04935903988945
22700,22.70000000000476,-14988.267626722289,6443.567259455116,297.6696789594281
22750,22.75000000000482,-14996.373723634762,6446.828606916915,297.8203415059398
22800,22.800000000004882,-14849.376998634692,6225.231092467272,287.58333173660117
22850,22.850000000004943,-14926.168117670542,6295.666912718664,290.83721381111667
22900,22.900000000005004,-14950.114619631793,6340.582788811189,292.9121660663328
22950,22.950000000005065,-14990.990071552911,6477.383842201487,299.23188370166093
23000,23.000000000005127,-14926.045122318184,6384.210898983756,294.9276281583313
23050,23.050000000005188,-14941.461874873306,6388.259412533166,295.1146549526505
23100,23.10000000000525,-14958.434449374558,6451.935459302232,298.05625975569495
23150,23.15000000000531,-14992.420796599159,6435.210619032668,297.28363216708965
23200,23.20000000000537,-14884.708423825976,6426.095009544332,296.8625237281375
23250,23.250000000005432,-14980.561602109505,6630.0856983270805,306.28616134929706
23300,23.300000000005493,-14689.655518870453,6453.922660340549,298.1480613108406
23350,23.350000000005554,-14697.87849312763,6509.289851888623,300.7058268263346
23400,23.400000000005615,-14895.460051100008,6702.881737776383,309.64907707902654
23450,23.450000000005677,-14716.21467178582,6547.982140258668,302.49327166760884
23500,23.500000000005738,-14622.716378248475,6473.49529598643,299.05224682400495
23550,23.5500000000058,-14616.353691122458,6435.579563913037,297.30067609627844
23600,23.60000000000586,-14774.63741192841,6675.9368315821785,308.4043191284284
23650,23.65000000000592,-14650.05297102296,6563.972566848666,303.2319719803098
23700,23.700000000005982,-14589.952053227302,6465.611807999579,298.688057975866
23750,23.750000000006043,-14826.407420413881,6656.017133439834,307.4841005736675
23800,23.800000000006104,-14768.307476582067,6589.467768893658,304.409758802757
23850,23.850000000006165,-14660.49251591205,6523.700398170823,301.37154233960996
23900,23.900000000006226,-14886.14584064855,6666.562454248438,307.97125654383535
23950,23.950000000006288,-14717.272474051195,6551.885093638614,302.6735741045699
24000,24.00000000000635,-14751.994744600628,6613.538436033035,305.5217372257655
24050,24.05000000000641,-14839.330054903256,6714.24062894239,310.1738170794912
24100,24.10000000000647,-14924.35066834419,6744.543651317804,311.57370794409786
24150,24.150000000006532,-14915.337101526145,6747.785984048802,311.7234920782977
24200,24.200000000006593,-14732.183564967116,6579.9570834801825,303.970399274142
24250,24.250000000006654,-14801.974934906651,6660.553123821094,307.6936470478774
24300,24.300000000006715,-14883.395016006867,6685.281301974204,308.8360001196617
24350,24.350000000006776,-14884.73873636833,6758.5303431266775,312.2198429020814
24400,24.400000000006838,-14856.221595103802,6753.144477360074,311.9710352355965
24450,24.4500000000069,-14969.198720150176,6790.496018833912,313.69654238271943
24500,24.50000000000696,-15080.407868406204,6895.244380040694,318.5355406885407
24550,24.55000000000702,-14868.21602432704,6705.446213730797,309.76754666323546
24600,24.600000000007082,-15011.279787222642,6775.036278663439,312.982357877764
24650,24.650000000007143,-15041.296043642342,6770.212225152929,312.7595039209516
24700,24.700000000007204,-14990.743730490078,6671.757460247552,308.2112471741309
24750,24.750000000007265,-14951.811558061949,6601.606053216666,304.97050396953495
24800,24.800000000007326,-14858.681427456611,6538.366935210989,302.04908370705465
24850,24.850000000007388,-14924.878348483791,6590.906039764139,304.476201754469
24900,24.90000000000745,-14948.378487217566,6614.716989307122,305.57618215674984
24950,24.95000000000751,-14856.161067565794,6566.563453882078,303.3516616615689
25000,25.00000000000757,-14949.323048390554,6670.844512058334,308.16907224470924
25050,25.050000000007632,-14957.556926003288,6643.01287861864,306.8833506781727
25100,25.100000000007693,-15032.49549158787,6820.969117229879,315.10429014900774
25150,25.150000000007754,-14898.981012843053,6693.066268676751,309.19563763809634
25200,25.200000000007815,-14852.498217164157,6626.779160741014,306.1334111812488
25250,25.250000000007876,-14945.336874486726,6656.53222967912,307.5078961710451
25300,25.300000000007937,-14821.377308490577,6498.3366091194775,300.19982632577774
25350,25.350000000008,-14991.42896860552,6690.003707639266,309.0541583108675
25400,25.40000000000806,-14938.53112702751,6631.650897133859,306.3584679160731
25450,25.45000000000812,-14993.94826949717,6704.398857067532,309.7191625447563
25500,25.500000000008182,-14987.637824049456,6588.941008152527,304.38542434726253
25550,25.550000000008243,-14915.016931139326,6556.746949308825,302.89817438547414
25600,25.600000000008304,-15052.758161054751,6729.324622601451,310.8706434443173
25650,25.650000000008365,-14917.433771897595,6545.999331791769,302.4016730334961
25700,25.700000000008426,-15009.751370374339,6643.476037592228,306.9047469602978
25750,25.750000000008487,-14937.798133450506,6608.331944863911,305.2812160218401
25800,25.80000000000855,-14849.968057971128,6531.560180248382,301.7346360598291
25850,25.85000000000861,-15139.770156478055,6856.790285533796,316.75909954877494
25900,25.90000000000867,-15128.632451482488,6855.614280959071,316.7047723585529
25950,25.950000000008732,-14924.059021351948,6739.267855296232,311.329985104751
26000,26.000000000008793,-14942.244638530343,6703.237429841577,309.6655087757237
26050,26.050000000008854,-15003.779008739186,6789.686623640076,313.6591512299931
26100,26.100000000008915,-15067.05364246442,6824.119766675777,315.24983884452234
26150,26.150000000008976,-14970.994211360234,6661.3963819979135,307.7326025488703
26200,26.200000000009037,-15039.902947587334,6667.340953547285,308.0072204171103
26250,26.2500000000091,-14907.193800071775,6592.172527494252,304.53470894169135
26300,26.30000000000916,-14858.537294989083,6489.469865585235,299.7902146006296
26350,26.35000000000922,-15015.601167374913,6721.234759238757,310.49692079457463
26400,26.400000000009282,-14922.786275933066,6603.256424292913,305.0467451894446
26450,26.450000000009343,-14887.9521466119,6624.383584217454,306.02274414450073
26500,26.500000000009404,-15057.286232816245,6625.515255017006,306.0750232734407
26550,26.550000000009465,-14886.226198643204,6378.505427313773,294.66405584629814
26600,26.600000000009526,-15105.076257352406,6615.85393420476,305.6287049300906
26650,26.650000000009587,-15101.961733635793,6722.302049620963,310.5462257793192
26700,26.70000000000965,-15005.27452208335,6582.378362000282,304.08225365087594
26750,26.75000000000971,-15161.082896624735,6715.3942466704075,310.2271100777504
26800,26.80000000000977,-14888.448755003263,6377.627144343961,294.6234823255863
26850,26.850000000009832,-15036.438515615633,6487.466137924875,299.69764957486586
26900,26.900000000009893,-15047.508550976121,6577.530754160676,303.8583115686048
26950,26.950000000009954,-15011.149720753445,6526.098639666407,301.48233248849994
27000,27.000000000010015,-15063.955583163486,6547.956148933058,302.49207096165856
27050,27.050000000010076,-14987.392904831375,6538.412291230365,302.05117899234966
27100,27.100000000010137,-15079.755561906812,6613.997277513393,305.54293405520036
27150,27.1500000000102,-15048.68272475807,6548.806383816005,302.53134876143247
27200,27.20000000001026,-14935.261415754221,6498.995960683545,300.23028600137263
27250,27.25000000001032,-14943.43558987628,6550.504082427206,302.60977634358034
27300,27.30000000001038,-14877.198007975152,6651.216850345247,307.2623447247496
27350,27.350000000010443,-14844.774878601107,6695.571485424594,309.3113696596656
27400,27.400000000010504,-14868.773923279947,6651.012475868504,307.25290335750225
27450,27.450000000010565,-14834.825024064066,6717.283955295144,310.31440783332613
27500,27.500000000010626,-14739.054769100085,6522.651746859145,301.32309841302106
27550,27.550000000010687,-14904.233814417614,6658.8041483833185,307.6128506603939
27600,27.60000000001075,-14902.401712570527,6737.450494777847,311.24602957200364
27650,27.65000000001081,-14776.777924874055,6570.428933185379,303.53023293069776
27700,27.70000000001087,-14920.039962911951,6781.167252331061,313.2655868547987
27750,27.75000000001093,-14749.374229266607,6587.9553832033025,304.3398920123933
27800,27.800000000010993,-14836.52372126445,6611.551798617397,305.4299617079645
27850,27.850000000011054,-14938.190814504964,6707.508473600497,309.86281566697613
27900,27.900000000011115,-14770.767258573507,6554.895223254718,302.8126312883274
27950,27.950000000011176,-14977.691578860893,6690.331256462384,309.0692898907975
28000,28.000000000011237,-14865.421010532125,6581.759832020435,304.0536797859477
28050,28.0500000000113,-14709.158809262688,6467.257155134754,298.76406710773097
28100,28.10000000001136,-14834.56121745523,6624.316632682053,306.0196512238799
28150,28.15000000001142,-14767.880581548503,6538.975183586133,302.0771825987502
28200,28.20000000001148,-14820.831048456059,6689.136216083563,309.014083314753
28250,28.250000000011543,-14760.486107840989,6674.531388321616,308.3393926944638
28300,28.300000000011604,-14839.178683593074,6668.847958937877,308.0768386569369
28350,28.350000000011665,-14909.736112261504,6624.505163101293,306.02836065254104
28400,28.400000000011726,-14667.326834086114,6328.638053912673,292.36036218824347
28450,28.450000000011787,-14842.226855309667,6468.386625973313,298.8162446063696
28500,28.50000000001185,-14958.791587814358,6628.511187475882,306.21342459949335
28550,28.55000000001191,-14849.910466831165,6524.214475074881,301.3952908473588
28600,28.60000000001197,-14847.16907205415,6488.362745732466,299.7390696373082
28650,28.65000000001203,-14910.934656868973,6584.694089328235,304.18923194139626
28700,28.700000000012093,-14992.311718122815,6675.960655754119,308.405419719658
28750,28.750000000012154,-14744.43188956099,6465.673840937055,298.6909236749174
28800,28.800000000012215,-14997.715202011921,6772.594360322926,312.8695500154112
28850,28.850000000012276,-14978.912633719636,6672.737156466131,308.2565056229248
28900,28.900000000012337,-15012.891045117354,6648.193224064526,307.1226640435315
28950,28.9500000000124,-14746.21143314999,6402.408857306831,295.7683085134247
29000,29.00000000001246,-14836.08857721408,6448.998044940501,297.9205617556866
29050,29.05000000001252,-14981.338680076426,6597.514718428612,304.78149898769226
29100,29.10000000001258,-14781.584659313789,6431.301859326984,297.10306149872065
29150,29.150000000012643,-14974.289976941494,6508.419757256251,300.66563157742144
29200,29.200000000012704,-15038.7581860504,6548.150232927888,302.50103694557794
29250,29.250000000012765,-14948.917942330572,6411.712956049172,296.19812447935186
29300,29.300000000012826,-15008.227736499912,6555.259595438543,302.82946397534903
29350,29.350000000012887,-14993.284628623795,6543.222946860092,302.2734140151601
29400,29.400000000012948,-15222.187828309075,6695.198485130914,309.2941383849383
29450,29.45000000001301,-14973.660591016529,6335.302201520323,292.66822188754224
29500,29.50000000001307,-15126.191305100376,6449.426758895886,297.94036680160707
29550,29.55000000001313,-15201.644658016441,6496.117999573311,300.09733452818307
29600,29.600000000013193,-15135.611054536612,6510.553587133369,300.76420685861274
29650,29.650000000013254,-15140.480151662416,6493.141461174677,299.95982913810093
29700,29.700000000013315,-15060.24274801915,6449.094809793832,297.9250319445844
29750,29.750000000013376,-15023.319718900193,6390.644663461823,295.22484498397654
29800,29.800000000013437,-15091.294052748139,6474.310593221957,299.0899106298727
29850,29.850000000013498,-15059.751899475938,6500.695064917599,300.308778518251
29900,29.90000000001356,-15138.207630020936,6528.855971168665,301.6097113067869
29950,29.95000000001362,-15029.27136156098,6423.990408264977,296.76529870325027
30000,30.00000000001368,-14974.21714552537,6444.354172250692,297.7060315060527
30050,30.050000000013743,-15065.325760909092,6524.950334856753,301.4292849279991
30100,30.100000000013804,-14972.399677636993,6396.19819310847,295.48139811990967
30150,30.150000000013865,-15003.930973259885,6511.055537891479,300.78739518194413
30200,30.200000000013926,-14988.730875155527,6429.713830411995,297.0297002628913
30250,30.250000000013987,-15112.256622171599,6600.179992013549,304.90462506063005
30300,30.300000000014048,-15045.576144685085,6459.293163587296,298.39615928405004
30350,30.35000000001411,-15015.769620108971,6398.586616453359,295.59173470547864
30400,30.40000000001417,-15234.820456162166,6594.712688660022,304.6520552699399
30450,30.45000000001423,-14963.340442054123,6325.195394067623,292.20132366042503
30500,30.500000000014293,-15014.938544797844,6340.208437798407,292.89487239323125
30550,30.550000000014354,-15061.135165563384,6411.198073163465,296.17433873814383
30600,30.600000000014415,-15103.032936665373,6423.4425892183135,296.73999142962646
30650,30.650000000014476,-15051.725047088326,6416.993097580384,296.44204806564636
30700,30.700000000014537,-15009.127646875793,6388.667306226827,295.13349817721115
30750,30.750000000014598,-15210.304471702892,6670.03568469333,308.1317073236368
30800,30.80000000001466,-15000.388400998254,6492.627210934498,299.9360726228454
30850,30.85000000001472,-14880.485120197201,6433.212690805713,297.19133505433285
30900,30.90000000001478,-14924.160054401462,6484.676438435794,299.5687754717688
30950,30.950000000014843,-15081.293801372634,6548.513616355811,302.5178239556259
31000,31.000000000014904,-14974.04025824379,6542.936245149821,302.2601694252276
31050,31.050000000014965,-14804.48935135812,6517.963464326043,301.10651658803096
31100,31.100000000015026,-14822.001244309693,6597.578591878523,304.7844497118119
31150,31.150000000015087,-14764.075891101733,6480.3758037211255,299.370101584574
31200,31.200000000015148,-14820.91550899051,6596.69734078988,304.74373907466384
31250,31.25000000001521,-15041.450973836112,6846.134117067393,316.26682281469147
31300,31.30000000001527,-14800.47141050681,6566.571511439548,303.35203389180236
31350,31.35000000001533,-14582.262424890423,6424.7353850405025,296.7997139562729
31400,31.400000000015392,-14727.454253234793,6558.920955287405,302.9986056583456
31450,31.450000000015454,-14878.403409507975,6697.145727718316,309.38409400307785
31500,31.500000000015515,-14735.14573514666,6589.1578396812865,304.39544118559996
31550,31.550000000015576,-14631.559689474103,6582.065794142663,304.0678141377795
31600,31.600000000015637,-14769.288167042294,6605.160335197298,305.1346990393627
31650,31.650000000015698,-14811.139338979867,6616.0899012875625,305.63960576233995
31700,31.70000000001576,-14865.941374434733,6590.622066343039,304.46308320170334
31750,31.75000000001582,-14835.919487404284,6528.094069856699,301.5745142009293
31800,31.80000000001588,-14976.136196564845,6593.969157563899,304.6177068021165
31850,31.850000000015942,-14828.41703256973,6476.284338959981,299.181090598441
31900,31.900000000016004,-14634.35423106591,6221.20826328649,287.3974914679216
31950,31.950000000016065,-14882.170884656045,6393.498947150647,295.3567026452844
32000,32.00000000001612,-14950.806700420726,6440.771908208754,297.5405437654309
32050,32.050000000016006,-14943.047469652201,6429.503086839081,297.01996466626196
32100,32.10000000001589,-14907.665743074014,6528.0352278842665,301.5717959130093
32150,32.15000000001577,-14912.059329655365,6532.780301853139,301.7910012984858
32200,32.200000000015656,-14888.25224158548,6393.874738723107,295.37406286707227
32250,32.25000000001554,-14975.422599274283,6517.2532610956705,301.07370774797874
32300,32.30000000001542,-15069.571866967137,6532.519934690227,301.7789732701166
32350,32.35000000001531,-15069.354045665734,6532.371343241656,301.77210887854415
32400,32.40000000001519,-15013.20401056112,6427.801848342099,296.941373554097
32450,32.45000000001507,-14968.638997706521,6479.958909511548,299.35084256848427
32500,32.50000000001496,-14999.71994444001,6425.03223318223,296.8134272749192
32550,32.55000000001484,-15201.295213910646,6687.254448117987,308.9271523891283
32600,32.600000000014724,-15131.986135679703,6666.5972224064135,307.97286270793757
32650,32.65000000001461,-14963.970047874936,6549.555343178959,302.56594799569933
32700,32.70000000001449,-14988.649841029615,6606.141915433695,305.1800445230174
32750,32.750000000014374,-14910.802315252176,6491.552167812179,299.8864094893353
32800,32.80000000001426,-14933.728684642429,6564.069678559205,303.23645819276567
32850,32.85000000001414,-14915.271420016736,6660.537147945665,307.6929090197761
32900,32.900000000014025,-14699.369545283203,6424.217153912066,296.7757735382689
32950,32.95000000001391,-14855.006977021027,6635.213330933456,306.523039570677
33000,33.00000000001379,-14811.97362324308,6582.70976129231,304.0975631086488
33050,33.050000000013675,-14811.1257872319,6528.572872274049,301.5966331540058
33100,33.10000000001356,-14787.785106666146,6547.791233842168,302.4844524764028
33150,33.15000000001344,-14809.593615424872,6465.037709473606,298.6615366846253
33200,33.200000000013326,-14856.06976012414,6463.1618131902505,298.5748770096435
33250,33.25000000001321,-14924.356097540529,6547.81741519145,302.4856619607647
33300,33.30000000001309,-14788.25366238795,6441.581770192116,297.57795648215784
33350,33.350000000012976,-14845.520457494229,6455.935090277654,298.24102835055413
33400,33.40000000001286,-14961.96139484514,6614.910883859337,305.58513938910045
33450,33.45000000001274,-14918.62437711622,6612.648628784325,305.4806313247336
33500,33.500000000012626,-14830.370010690838,6469.385318389081,298.8623806112889
33550,33.55000000001251,-14730.309179623782,6408.818893408222,296.06442917323767
33600,33.60000000001239,-14759.052247150481,6368.612363405665,294.20703180373374
33650,33.65000000001228,-14857.439755502397,6381.288711671337,294.7926335933455
33700,33.70000000001216,-14934.98178391828,6499.021931139711,300.23148574322965
33750,33.750000000012044,-14850.998851582925,6458.171006732177,298.3443196651938
33800,33.80000000001193,-15001.979384693128,6528.934619322619,301.6133445692013
33850,33.85000000001181,-14775.267155584328,6293.850436573688,290.7532991332464
33900,33.900000000011694,-14900.249152364966,6379.7234171077425,294.7203226029483
33950,33.95000000001158,-15056.50482038718,6463.511201285616,298.5910174855619
34000,34.00000000001146,-14911.250711745157,6238.627808904301,288.2022119500527
34050,34.050000000011345,-15130.417837112069,6394.170253668713,295.3877145968431
34100,34.10000000001123,-15058.763886982564,6381.256983900606,294.79116788422084
34150,34.15000000001111,-15060.245613491634,6373.488754990647,294.4323035917254
34200,34.200000000010995,-15044.688602965402,6378.918433824208,294.68313526464186
34250,34.25000000001088,-15003.180310470212,6360.890549056156,293.8503116973315
34300,34.30000000001076,-15165.106494718846,6613.995503285084,305.5428520922209
34350,34.350000000010645,-15061.147563321294,6564.069529402077,303.2364513022417
34400,34.40000000001053,-15022.689790445736,6525.836405628433,301.47021821720375
34450,34.45000000001041,-15068.37172225512,6498.344407128738,300.2001865658155
34500,34.500000000010296,-15108.108997419378,6543.484846520214,302.28551283939964
34550,34.55000000001018,-15080.67287156224,6449.025462857272,297.9218283650281
34600,34.60000000001006,-15008.956397301923,6388.826734305155,295.14086318218153
34650,34.650000000009946,-15091.733398008459,6612.10018537713,305.4552952078943
34700,34.70000000000983,-14847.653512795703,6368.267726145551,294.1911107993514
34750,34.75000000000971,-14833.960843814602,6369.112274779059,294.2301259148114
34800,34.8000000000096,-14931.069615428078,6416.868680491603,296.4363004427252
34850,34.85000000000948,-14856.944997697543,6336.591774884664,292.7277955482028
34900,34.90000000000936,-15037.676840253142,6523.36970504305,301.35626550409097
34950,34.95000000000925,-14902.041055961929,6406.323668796996,295.94915875251456
35000,35.00000000000913,-15165.211068714261,6663.923960626993,307.8493676090873
35050,35.050000000009014,-15160.259059752874,6585.662268911931,304.2339583629962
35100,35.1000000000089,-15155.571753639568,6595.603791319267,304.6932210142888
35150,35.15000000000878,-15132.190103623365,6557.677518173951,302.94116332687537
35200,35.200000000008664,-15086.587171741228,6545.871025847914,302.39574575942913
35250,35.25000000000855,-14961.581668186895,6447.865584313134,297.86824613953655
35300,35.30000000000843,-15074.238121863367,6636.204717562293,306.56883807446343
35350,35.350000000008315,-14967.837642545217,6578.396334166294,303.8982982579666
35400,35.4000000000082,-14907.610545240586,6571.0102365046705,303.5570870575291
35450,35.45000000000808,-14841.189149191261,6523.318673217712,301.3539080169331
35500,35.500000000007965,-14758.274836639652,6390.679033468993,295.22643275494073
35550,35.55000000000785,-14871.818324400847,6487.854996740778,299.7156134563976
35600,35.60000000000773,-14886.801400018892,6591.368383192385,304.4975603613266
35650,35.650000000007616,-15016.375400792947,6727.586484538797,310.790347704665
35700,35.7000000000075,-14991.650706936834,6754.854193930866,312.0500180043404
35750,35.75000000000738,-14803.48209497048,6594.213689251902,304.6290032883845
35800,35.800000000007266,-15000.858751079515,6755.150356935868,312.0636996721292
35850,35.85000000000715,-14860.353183858206,6596.398086774325,304.7299146132823
35900,35.90000000000703,-14872.371523460853,6550.270783316149,302.59899876204923
35950,35.950000000006916,-14970.816997533777,6620.280545839669,305.8331984988211
36000,36.0000000000068,-14787.32128804535,6336.692369273155,292.73244264787934
36050,36.05000000000668,-15043.957189920988,6616.221932487571,305.6457051298699
36100,36.10000000000657,-14952.546685133197,6480.399542764305,299.3711982431604
36150,36.15000000000645,-14957.370798277909,6638.870912724626,306.692006720969
36200,36.200000000006334,-14980.744610640355,6564.815354656997,303.2709057519669
36250,36.25000000000622,-15009.181787109756,6563.903952274186,303.2288022332528
36300,36.3000000000061,-15032.705535155721,6570.414945159822,303.5295867341255
36350,36.350000000005984,-14932.764669097867,6504.005414017122,300.46170476453995
36400,36.40000000000587,-14919.732680700894,6530.581175596155,301.6894095589184
36450,36.45000000000575,-15095.688416998424,6748.21851984438,311.743473679517
36500,36.500000000005635,-14872.498217413411,6529.125612144302,301.6221677520167
36550,36.55000000000552,-14962.690707978967,6586.898623152622,304.2910734911679
36600,36.6000000000054,-14804.818500623007,6454.780498169329,298.18769033942215
36650,36.650000000005285,-14804.757350200907,6530.905396973444,301.7043874227946
36700,36.70000000000517,-14785.703142245624,6475.261447361062,299.13383667812013
36750,36.75000000000505,-14919.008463105649,6707.070195813342,309.84256880635627
36800,36.800000000004935,-15014.013166126924,6732.606320537683,311.02224610970217
36850,36.85000000000482,-14870.506197028117,6564.259162938367,303.245211690951
36900,36.9000000000047,-14895.714406569,6501.374872576805,300.3401831920166
36950,36.950000000004586,-14947.313846466554,6590.737322060993,304.468407602176
37000,37.00000000000447,-14903.19496289792,6608.497890031734,305.2888820929528
37050,37.05000000000435,-14948.431622415186,6713.267319158073,310.1288536610369
37100,37.100000000004236,-15018.352182840248,6724.70368590056,310.6571727550454
37150,37.15000000000412,-14795.219347401013,6476.292969191942,299.18148928418043
37200,37.200000000004,-14927.573900104126,6610.152003292382,305.36529618834965
37250,37.25000000000389,-14896.264653654036,6571.172300503115,303.5645738325476
37300,37.30000000000377,-14835.513160546783,6536.99332624661,301.9856279033082
37350,37.350000000003654,-14991.14547102766,6697.000846965725,309.3774010323406
37400,37.40000000000354,-14726.271839141515,6490.805263767708,299.851905203405
37450,37.45000000000342,-15017.301881690617,6712.702401769238,310.1027565053773
37500,37.500000000003304,-15009.596991292308,6604.70273168683,305.1135593996931
37550,37.55000000000319,-14929.095003687748,6575.439195004757,303.76168904300704
37600,37.60000000000307,-15133.982615528219,6679.092510754569,308.5501001792533
37650,37.650000000002954,-15020.863072460124,6581.788109390986,304.0549860989688
37700,37.70000000000284,-15016.882899460921,6633.861126271508,306.46057256887474
37750,37.75000000000272,-14876.482058436806,6360.375558637032,293.8265209884656
37800,37.800000000002605,-14954.577514096178,6514.679047916219,300.9547883389238
37850,37.85000000000249,-15044.136167652341,6640.2162952409635,306.7541585641314
37900,37.90000000000237,-15014.901176621172,6664.6180284403445,307.8814310507893
37950,37.950000000002255,-15101.753173742603,6800.670434692452,314.16656387551393
38000,38.00000000000214,-14840.32756831089,6529.403511504836,301.6350057049863
38050,38.05000000000202,-14875.260408712602,6407.322548616049,295.99530341479306
38100,38.100000000001906,-15044.999201884008,6669.719464891516,308.11709910382683
38150,38.15000000000179,-14968.375757447138,6558.795935500679,302.9928301929427
38200,38.20000000000167,-15112.97035525582,6663.392952222229,307.8248369267795
38250,38.250000000001556,-14924.844905809525,6491.560231235555,299.8867819905525
38300,38.30000000000144,-14978.268942704828,6479.3374438648925,299.32213308628667
38350,38.35000000000132,-15175.306865768023,6584.254195884286,304.16891044323165
38400,38.40000000000121,-14901.215187709935,6399.160901142134,295.61826459677263
38450,38.45000000000109,-14921.992222351295,6405.993310975748,295.9338974069534
38500,38.50000000000097,-14967.606788329707,6406.908509726147,295.97617630422354
38550,38.55000000000086,-14939.59001140797,6440.417165066137,297.52415590555086
38600,38.60000000000074,-14913.950682241037,6480.847378970665,299.3918866684388
38650,38.650000000000624,-14886.18318439123,6527.096348263986,301.5284230445504
38700,38.70000000000051,-14829.880633735003,6409.044612228157,296.07485657252755
38750,38.75000000000039,-15130.847694568161,6752.496726082604,311.94111145160446
38800,38.800000000000274,-14994.878665836735,6616.893495216252,305.6767289174394
38850,38.85000000000016,-14867.328897588737,6516.2177951693175,301.02587293886444
38900,38.90000000000004,-14800.288068901955,6492.804428673401,299.9442594462805
38950,38.949999999999925,-14860.104444858362,6487.002103548286,299.6762128522643
39000,38.99999999999981,-14865.280378947122,6513.377065416871,300.8946414207671
39050,39.04999999999969,-14905.620665587892,6506.472492076277,300.5756749155862
39100,39.099999999999575,-14988.444166511405,6547.876603225667,302.488396235497
39150,39.14999999999946,-15035.392832448564,6562.5275068236915,303.16521539402913
39200,39.19999999999934,-14774.11744627953,6415.334922559982,296.3654463315282
39250,39.249999999999226,-14771.985774193005,6406.883757255014,295.97503282890324
39300,39.29999999999911,-14965.840961986802,6623.833513799899,305.99733286562287
39350,39.34999999999899,-14828.107511906044,6664.200321981127,307.8621345116817
39400,39.399999999998876,-14622.314714188664,6522.348360117484,301.30908303452736
39450,39.44999999999876,-14806.841191647425,6640.655426803293,306.77444486609994
39500,39.49999999999864,-14777.116718014897,6649.530049148307,307.18442056402563
39550,39.549999999998526,-14817.87172910778,6622.207856675144,305.9222333415644
39600,39.59999999999841,-14872.541429084458,6670.903722234082,308.1718075423008
39650,39.64999999999829,-14775.585186169916,6492.290689880258,299.9205265580423
39700,39.69999999999818,-14832.869659390886,6516.8324968386605,301.05426994958873
39750,39.74999999999806,-14847.332405591314,6567.34827889912,303.3879177603191
39800,39.799999999997944,-14879.430643830208,6522.412783375645,301.31205915781464
39850,39.84999999999783,-14879.196760976234,6523.537388030776,301.3640118562455
39900,39.89999999999771,-14856.858137538837,6532.922625476484,301.7975761390304
39950,39.949999999997594,-14834.326290610306,6435.80090726306,297.31090136456356
40000,39.99999999999748,-14909.179714094884,6536.748200587392,301.9743039777021
40050,40.04999999999736,-14797.713378510682,6420.021415013764,296.581945461279
40100,40.099999999997245,-14778.829725021369,6434.941809859906,297.27121414816696
40150,40.14999999999713,-14909.491376501292,6607.147039555291,305.2264776496602
40200,40.19999999999701,-14796.79644315883,6517.82050087022,301.0999121895224
40250,40.249999999996895,-14811.71352249417,6488.748785476074,299.7569032878186
40300,40.29999999999678,-14817.538359776234,6507.646083375676,300.62989062115037
40350,40.34999999999666,-15055.814278068634,6708.675972936295,309.91674994568837
40400,40.399999999996545,-14845.878931144263,6480.255005265731,299.3645211295266
40450,40.44999999999643,-14810.031042595543,6444.98373664936,297.73511512152373
40500,40.49999999999631,-14772.69498069239,6384.468214202647,294.93951519784133
40550,40.549999999996196,-14847.446099401946,6462.215559145561,298.5311634692465
40600,40.59999999999608,-14886.226144997905,6574.827572251256,303.7334342671433
40650,40.64999999999596,-14839.990392914724,6447.983276188421,297.8736830817337
40700,40.699999999995846,-14795.834468384564,6429.060428591947,296.99951544411414
40750,40.74999999999573,-14846.073110027144,6563.767947827563,303.22251931599084
40800,40.79999999999561,-14672.131955140485,6382.158662451618,294.83282219680837
40850,40.8499999999955,-14714.868541557122,6418.431045083006,296.50847607892393
40900,40.89999999999538,-14838.764626175525,6561.213712954319,303.1045228329728
40950,40.94999999999526,-14957.583052385851,6606.251889700039,305.1851249393828
41000,40.99999999999515,-14837.451024721136,6555.915706866925,302.8597739683054
41050,41.04999999999503,-14839.373091462714,6430.364858376942,297.05977541808346
41100,41.099999999994914,-14730.236551027418,6419.310053654025,296.54908311980705
41150,41.1499999999948,-14710.153146066968,6414.407627093015,296.3226086093724
41200,41.19999999999468,-14824.027125143632,6604.236355891326,305.0920145119419
41250,41.249999999994564,-14890.36288370386,6762.996847939658,312.426179392447
41300,41.29999999999445,-14594.37409901965,6445.157747966168,297.7431538197671
41350,41.34999999999433,-14740.201080085662,6554.289350609492,302.7846421468266
41400,41.399999999994215,-14812.481543010019,6664.15751472944,307.8601569703054
41450,41.4499999999941,-14841.189991833739,6680.230848897677,308.6026873155339
41500,41.49999999999398,-14826.785885418603,6570.397811976247,303.5287952425418
41550,41.549999999993865,-14790.55908063936,6525.522372644588,301.45571102053464
41600,41.59999999999375,-14812.510511770326,6538.8119000997995,302.0696394877685
41650,41.64999999999363,-14839.707200025743,6529.267497211085,301.62872233282235
41700,41.699999999993516,-14729.601195637333,6419.08543021822,296.5387063233323
41750,41.7499999999934,-14891.506069377489,6577.974549132867,303.87881330337007
41800,41.79999999999328,-14882.84337482429,6526.161930394841,301.48525629297893
41850,41.849999999993166,-14849.410633318956,6440.3632474482965,297.5216651051376
41900,41.89999999999305,-14984.661550411709,6527.986905978646,301.5695636144154
41950,41.94999999999293,-14951.597521840722,6477.793346992628,299.2508013531424
42000,41.999999999992816,-14874.518937568471,6379.768670969095,294.7224131689093
42050,42.0499999999927,-14919.360021473185,6350.2857659491365,293.3604087824099
42100,42.09999999999258,-14928.062387387643,6311.097844017946,291.55006744962907
42150,42.14999999999247,-15056.776652257253,6543.815424951175,302.3007843763376
42200,42.19999999999235,-14955.363075668563,6453.08410363457,298.10932300092514
42250,42.249999999992234,-14881.339688559297,6444.4781085915465,297.7117569201452
42300,42.29999999999212,-14871.964374458681,6465.619088107076,298.6883942907013
42350,42.349999999992,-14822.119980353487,6281.732052153949,290.1934732705711
42400,42.399999999991884,-14818.341261419948,6297.5400632478695,290.92374664211223
42450,42.44999999999177,-15002.942740378376,6543.171648073127,302.27104419533316
42500,42.49999999999165,-14992.472580958716,6599.137359151882,304.8564591648292
42550,42.549999999991535,-15004.059750733657,6627.9904965395235,306.18937054719254
42600,42.59999999999142,-14974.45710921313,6575.550746980713,303.76684234389353
42650,42.6499999999913,-14849.451996730215,6423.646670439316,296.7494192495112
42700,42.699999999991185,-15146.879724103304,6746.081926752738,311.64477074773293
42750,42.74999999999107,-14924.789628160059,6487.053343510399,299.6785799545941
42800,42.79999999999095,-14900.95001760786,6447.915951599475,297.87057292737813
42850,42.849999999990835,-14979.747051154338,6473.911307308333,299.07146505385305
42900,42.89999999999072,-14943.502013142828,6402.265249745355,295.76167435954693
42950,42.9499999999906,-15015.760607240169,6501.521891036159,300.3469749171333
43000,42.999999999990486,-14969.200265139176,6464.279191284262,298.6264958668895
43050,43.04999999999037,-14793.639382561163,6223.431007785319,287.5001742854873
43100,43.09999999999025,-15107.583653551206,6484.1155366269195,299.5428638214899
43150,43.149999999990136,-15032.082290089624,6565.960718656703,303.32381745760387
43200,43.19999999999002,-14925.77511942155,6527.448587826586,301.54469524801993
43250,43.2499999999899,-14863.218855398587,6508.736530480134,300.6802653633446
43300,43.29999999998979,-14860.392028861059,6470.513507530168,298.91449890010483
43350,43.34999999998967,-14990.898133208007,6558.362551150836,302.9728093915621
43400,43.399999999989554,-15086.879099237478,6687.929054902115,308.95831680113326
43450,43.44999999998944,-14725.130762883298,6342.848174539928,293.01681875566464
43500,43.49999999998932,-15030.015245784685,6536.84341339982,301.9787024678811
43550,43.549999999989204,-15035.292136553639,6459.063536491926,298.3855513364635
43600,43.59999999998909,-15052.54908360642,6453.93709631049,298.14872820083565
43650,43.64999999998897,-15016.89121189312,6346.956509585681,293.2066090883926
43700,43.699999999988854,-14997.7155724515,6289.92320530377,290.5718751449113
43750,43.74999999998874,-15112.126973171278,6392.958895652434,295.3317542045183
43800,43.79999999998862,-15037.368102000846,6226.451404380931,287.639705766846
43850,43.849999999988505,-15154.036913389486,6344.025814604651,293.07122149965426
43900,43.89999999998839,-15212.737386863413,6383.888628440289,294.91274041597535
43950,43.94999999998827,-15157.589169984845,6389.767499434975,295.18432315441333
44000,43.999999999988155,-15036.173674266654,6277.077367593042,289.97844355130036
44050,44.04999999998804,-14958.969362244854,6144.4832687506405,283.85307211571615
44100,44.09999999998792,-14998.801766811397,6178.706492552542,285.43406221512424
44150,44.149999999987806,-14947.668258483358,6155.428618747489,284.3587079985231
44200,44.19999999998769,-15095.280219290742,6422.545702213392,296.69855846926964
44250,44.24999999998757,-14849.737879429747,6185.53332858355,285.7494375356312
44300,44.299999999987456,-14912.845954111952,6312.458833485652,291.61294027792536
44350,44.34999999998734,-14896.689782881114,6262.798284706248,289.3188011750203
44400,44.39999999998722,-14963.389198872495,6406.83232829009,295.97265699532204
44450,44.44999999998711,-15005.094733281883,6496.98662862272,300.1374620724239
44500,44.49999999998699,-14803.510046988467,6354.026600821128,293.53322192620874
44550,44.54999999998687,-14853.515111794331,6476.003136163884,299.1681000386057
44600,44.59999999998676,-14922.945196389815,6626.768137748491,306.13290195856
44650,44.64999999998664,-14935.275120179043,6597.429518636666,304.777563063119
44700,44.699999999986524,-14913.091744308436,6597.232447963553,304.7684591053832
44750,44.74999999998641,-14978.824082782849,6697.913843063854,309.41957817498195
44800,44.79999999998629,-14833.088971281792,6551.825095138019,302.6708023892
44850,44.849999999986174,-15038.474089571373,6724.708200735539,310.6573813242159
44900,44.89999999998606,-14997.256109550191,6637.496721172503,306.62852400376005
44950,44.94999999998594,-14982.667985807815,6595.6371715217365,304.6947630598286
45000,44.999999999985825,-15006.829693559437,6673.520179802446,308.29267849049234
45050,45.04999999998571,-14837.614955497644,6461.08819023908,298.4790830723253
45100,45.09999999998559,-15097.955895752977,6613.916131839515,305.53918541633016
45150,45.149999999985475,-15136.612873942548,6629.188978192451,306.2447360977487
45200,45.19999999998536,-15008.216914957138,6629.085878180402,306.2399732472574
45250,45.24999999998524,-14905.561989552318,6612.848878479077,305.4898821418584
45300,45.299999999985125,-14877.998569337706,6647.010901025498,307.068044962938
45350,45.34999999998501,-14829.015170532997,6538.004513806217,302.0323411390232
45400,45.39999999998489,-14935.889565102807,6672.573738217253,308.24895628639723
45450,45.449999999984776,-14898.902350678707,6573.164971827799,303.65662809528845
45500,45.49999999998466,-14751.506920717467,6520.435158422573,301.22069998343517
45550,45.54999999998454,-14599.28190435748,6452.092562938191,298.0635173797712
45600,45.599999999984426,-14710.910455564815,6485.800372052644,299.6206971706397
45650,45.64999999998431,-14773.836792816935,6600.881685810278,304.9370407953915
45700,45.69999999998419,-14764.50362629207,6610.882056464902,305.39902202448
45750,45.74999999998408,-14678.019101438877,6503.228813830196,300.425828623419
45800,45.79999999998396,-14827.689171334887,6648.883614115985,307.154557585835
45850,45.849999999983844,-14704.527138499929,6501.588390805248,300.35004696777213
45900,45.89999999998373,-14846.486528385361,6584.0179222923525,304.1579954513606
45950,45.94999999998361,-14802.503124117293,6658.876146966758,307.61617673651836
46000,45.999999999983494,-14704.836456997065,6487.957863903344,299.72036555007855
46050,46.04999999998338,-14808.240341917532,6567.553017724102,303.3973759591473
46100,46.09999999998326,-14755.306761197924,6644.399213298419,306.94739436429313
46150,46.149999999983145,-14758.364182044701,6619.885232388821,305.8149364363232
46200,46.19999999998303,-14739.391936373991,6638.819004768918,306.68960875973283
46250,46.24999999998291,-14656.58748943326,6495.943261513487,300.08926225702095
46300,46.299999999982795,-14696.74523733533,6532.56018096516,301.78083250355917
46350,46.34999999998268,-14626.861262214261,6431.6783513896,297.1204540806395
46400,46.39999999998256,-14756.973087789771,6561.346492630378,303.11065677740964
46450,46.449999999982445,-14577.771573783008,6323.33623732097,292.1154372919543
46500,46.49999999998233,-14749.429780275821,6550.336873718202,302.60205190140033
46550,46.54999999998221,-14672.844880179859,6528.18445755236,301.5786897880328
46600,46.599999999982096,-14644.790223067252,6518.257966514895,301.1201215320749
46650,46.64999999998198,-14610.224485781244,6536.164729605739,301.94734971265024
46700,46.69999999998186,-14648.122780219914,6480.6100387125225,299.3809224004176
46750,46.749999999981746,-14804.815407614442,6587.8205469873155,304.3336630631934
46800,46.79999999998163,-14652.990045065737,6468.419002894531,298.81774030391665
46850,46.84999999998151,-14887.157990627258,6655.883562386693,307.47793007045
46900,46.8999999999814,-14868.518994841137,6629.222083961673,306.2462654654575
46950,46.94999999998128,-14731.675226262782,6569.053413787823,303.4666888717959
47000,46.99999999998116,-14806.292673910504,6563.570694726443,303.2134069307359
47050,47.04999999998105,-14745.898667020363,6470.530235919113,298.9152716916295
47100,47.09999999998093,-14615.004318754152,6409.817097313966,296.1105426107474
47150,47.149999999980814,-14916.791953380962,6651.504893654784,307.2756512917526
47200,47.1999999999807,-14819.041563643295,6580.650893272668,304.0024507962061
47250,47.24999999998058,-14771.082379267304,6548.472012247046,302.515901995134
47300,47.299999999980464,-14743.811614758972,6488.973488346582,299.76728375389155
47350,47.34999999998035,-14813.681869045558,6618.59185855361,305.7551872075498
47400,47.39999999998023,-14649.515717952892,6456.144623305994,298.25070802436926
47450,47.449999999980115,-14876.613422881046,6653.840093132145,307.3835291256826
47500,47.49999999998,-14816.44350745454,6626.0549111416685,306.0999534493679
47550,47.54999999997988,-14749.575770042775,6458.489927034258,298.35905263842295
47600,47.599999999979765,-14772.152542626534,6574.395822038071,303.71348895701084
47650,47.64999999997965,-14643.60813440533,6460.390458175955,298.44685035543614
47700,47.69999999997953,-14728.632807813168,6469.130270070553,298.85059829443895
47750,47.749999999979416,-14799.05153511389,6529.790918237278,301.6529025054742
47800,47.7999999999793,-14755.019072268711,6523.814877324386,301.3768308655951
47850,47.84999999997918,-14935.143398495042,6638.812552698487,306.6893106972379
47900,47.899999999979066,-14788.502358381029,6551.008108463244,302.63306053730304
47950,47.94999999997895,-14677.826494778155,6437.211813299784,297.37608015917874
48000,47.99999999997883,-14769.700334327934,6563.340531676845,303.20277422398766
48050,48.049999999978716,-14731.370113494162,6594.899027591241,304.6606634597206
48100,48.0999999999786,-14706.540486362497,6522.850787917364,301.3322933954763
48150,48.14999999997848,-14798.315337046972,6602.156470151208,304.9959312562539
48200,48.19999999997837,-14791.697374451041,6620.106251051968,305.82514670524
48250,48.24999999997825,-14706.94770191497,6618.243062646993,305.739074088626
48300,48.299999999978134,-14791.833070749144,6648.897443636977,307.1551964600653
48350,48.34999999997802,-14868.040103271203,6718.778972417863,310.3834722582075
48400,48.3999999999779,-14874.225035143696,6746.94690478171,311.6847296279345
48450,48.449999999977784,-14710.117011299175,6600.181430251742,304.9046915020722
48500,48.49999999997767,-14646.86251943583,6555.37491468921,302.8347913108049
48550,48.54999999997755,-14807.954830415227,6714.048783493406,310.16495450835487
48600,48.599999999977435,-14779.088450502531,6767.649304688983,312.64110619481903
48650,48.64999999997732,-14867.188145221779,6956.095751823288,321.34665564604916
48700,48.6999999999772,-14666.161174658911,6695.657344674121,309.31533604881207
48750,48.749999999977085,-14754.577851751226,6802.29298928871,314.24152007389205
48800,48.79999999997697,-14719.707933542448,6869.835987670482,317.3617641614752
48850,48.84999999997685,-14752.249569209534,6811.479686205041,314.6659124968577
48900,48.899999999976735,-14762.923745766808,6812.625955812156,314.7188660383063
48950,48.94999999997662,-14726.323692306893,6774.430465377449,312.95437147844683
49000,48.9999999999765,-14642.699140570898,6567.763067862378,303.4070795215854
49050,49.049999999976386,-14724.339289935815,6680.079444760918,308.59569298786306
49100,49.09999999997627,-14761.073233543211,6682.457689536754,308.70555936007656
49150,49.14999999997615,-14800.665946453044,6752.75321937671,311.95296052113963
49200,49.199999999976036,-14732.79947097276,6682.987277283706,308.7300244130928
49250,49.24999999997592,-14543.09472834843,6513.388548430001,300.89517189475674
49300,49.2999999999758,-14909.457580346667,6926.518900823352,319.9803112924827
49350,49.34999999997569,-14729.396712207603,6809.318360382031,314.56606700165963
49400,49.39999999997557,-14721.165485862064,6711.6921469912995,310.0560863608273
49450,49.449999999975454,-14580.347440401369,6558.723599796784,302.9894885430632
49500,49.49999999997534,-14672.970132678734,6634.34141323185,306.4827601025089
49550,49.54999999997522,-14915.233477625197,6762.475105362389,312.40207675811075
49600,49.599999999975104,-14894.725709525985,6706.5924626207825,309.82049924762714
49650,49.64999999997499,-14710.48183191004,6518.450890724402,301.12903393807534
49700,49.69999999997487,-14690.099672860752,6491.139705496886,299.8673552108537
49750,49.749999999974754,-14747.002234385021,6495.308626928165,300.0599444171253
49800,49.79999999997464,-14718.1990700558,6438.127992873833,297.41840436698095
49850,49.84999999997452,-14856.804672595488,6820.31343893862,315.07400016543176
49900,49.899999999974405,-14694.403400996513,6652.544979836152,307.3236995400647
49950,49.94999999997429,-14701.58862852454,6543.382722793337,302.280795089779
50000,49.99999999997417,-14758.93488857921,6668.174022831457,308.04570522783473
50050,50.049999999974055,-14757.642882916862,6601.0340155543545,304.9440778827981
50100,50.09999999997394,-14833.98153168511,6622.944462557112,305.956261889351
50150,50.14999999997382,-14965.086899734368,6714.736245288668,310.19671277573264
50200,50.199999999973706,-14918.303872648827,6720.333248261173,310.455274223278
50250,50.24999999997359,-14875.06978172725,6621.195725771976,305.87547652676295
50300,50.29999999997347,-14777.82323771207,6477.26098557583,299.226208166535
50350,50.349999999973356,-14894.246908314279,6494.506432603808,300.02288591872224
50400,50.39999999997324,-14953.966126499954,6604.4771228201025,305.1031370798468
50450,50.44999999997312,-14948.316809043292,6572.657860347473,303.6332013651144
50500,50.49999999997301,-15116.479430075564,6711.125952473003,310.02993020637064
50550,50.54999999997289,-15017.01833987032,6656.301173577887,307.49722220851686
50600,50.59999999997277,-14830.32444460006,6432.895464745624,297.1766803490025
50650,50.64999999997266,-15008.621543107685,6562.416147164003,303.1600709774639
50700,50.69999999997254,-14921.681115529827,6525.3170501529185,301.44622585840045
50750,50.749999999972424,-14905.851344768287,6511.414049646506,300.8039571381906
50800,50.79999999997231,-14902.304938032992,6527.377282574586,301.5414012013194
50850,50.84999999997219,-14927.076298416832,6513.3885592332135,300.89517239382633
50900,50.899999999972074,-14770.172219031749,6457.0355569099775,298.2918659589718
50950,50.94999999997196,-14750.151875793785,6415.565145666008,296.3760818126678
51000,50.99999999997184,-14761.558956723638,6462.0338048727035,298.52276707422607
51050,51.049999999971725,-14748.146082004487,6450.595303254885,297.99434935664016
51100,51.09999999997161,-14835.015225471961,6489.217385519487,299.7785509278395
51150,51.14999999997149,-14774.849289738862,6395.9511940302755,295.46998764907124
51200,51.199999999971375,-14887.815380490218,6528.925246646708,301.6129115852163
51250,51.24999999997126,-14812.963636864613,6435.546865825556,297.29916556200277
51300,51.29999999997114,-14738.546953170473,6412.97162506704,296.25627047013285
51350,51.349999999971025,-14934.052438650571,6558.174549472526,302.96412438883414
51400,51.39999999997091,-14890.623073999628,6585.456961078271,304.22447387800946
51450,51.44999999997079,-14846.092616381442,6465.264151430911,298.67199749026594
51500,51.499999999970676,-15018.512142189722,6617.534798304752,305.7063548182461
51550,51.54999999997056,-14883.469439727778,6503.579099334985,300.4420105564317
51600,51.59999999997044,-14839.819757186246,6388.000856733037,295.1027106027401
51650,51.649999999970326,-14933.257716199581,6517.002941258337,301.0621438699876
51700,51.69999999997021,-14948.23961303696,6463.89397735918,298.60870036623083
51750,51.74999999997009,-15084.47575186223,6702.067201884136,309.61144844448563
51800,51.79999999996998,-14939.676890864557,6600.83577060394,304.9349196776659
51850,51.84999999996986,-14966.425633478362,6540.640633659611,302.15412041420757
51900,51.899999999969744,-14799.82041638558,6423.867595700182,296.75962520357797
51950,51.94999999996963,-14928.033856211512,6441.0954660441475,297.55549097605325
52000,51.99999999996951,-14895.54043256757,6433.399970031983,297.1999866823698
52050,52.049999999969394,-14949.32815676833,6569.523983046809,303.488427482508
52100,52.09999999996928,-14729.761874424232,6398.778500308667,295.60059905084927
52150,52.14999999996916,-14900.443852586737,6530.2534085328625,301.67426789707565
52200,52.199999999969044,-14982.404149110043,6627.317899951466,306.15829899903065
52250,52.24999999996893,-14903.918979687003,6529.900869081608,301.6579818398266
52300,52.29999999996881,-14768.234192989852,6411.368356623871,296.1822052228021
52350,52.349999999968695,-14873.352012828853,6443.922972469184,297.686111623888
52400,52.39999999996858,-14933.845978716627,6491.28387291231,299.8740152279743
52450,52.44999999996846,-14996.637363384023,6506.054920261413,300.5563845965644
52500,52.499999999968345,-14922.299277453316,6479.758836709703,299.3415999231769
52550,52.54999999996823,-14939.532925780766,6593.245232587983,304.58426406667286
52600,52.59999999996811,-14736.930341510946,6362.925684460764,293.9443276481451
52650,52.649999999967996,-14869.460595932895,6474.891818939386,299.1167611717765
52700,52.69999999996788,-14944.229481450478,6619.000738188961,305.77407597907757
52750,52.74999999996776,-14785.326725117811,6558.662530536886,302.9866673624569
52800,52.799999999967646,-14862.11794386957,6626.967543119242,306.1421137709466
52850,52.84999999996753,-14867.417320724393,6532.197317642173,301.7640695204925
52900,52.89999999996741,-14867.368127197824,6629.017587783741,306.23681847605206
52950,52.9499999999673,-14750.299248745756,6528.68316767701,301.6017284057302
53000,52.99999999996718,-14986.77023878353,6694.535632940861,309.26351699298795
53050,53.04999999996706,-14854.442473484769,6554.350151478154,302.7874509287212
53100,53.09999999996695,-14820.520531465161,6456.007965001497,298.2443949012204
53150,53.14999999996683,-15031.985846186022,6632.178275215883,306.38283089050094
53200,53.199999999966714,-14957.760459618894,6551.970450556292,302.677517287788
53250,53.2499999999666,-14702.503135237379,6348.534643963474,293.2795132321188
53300,53.29999999996648,-14836.333963809844,6504.896547273617,300.5028719223719
53350,53.349999999966364,-14876.163014624826,6620.212483250704,305.8300542515137
53400,53.39999999996625,-14769.440292159312,6480.930339541895,299.3957191490524
53450,53.44999999996613,-14809.1054398202,6457.004804101196,298.2904452895897
53500,53.499999999966015,-14914.219957398478,6571.538485467069,303.58149026350435
53550,53.5499999999659,-14922.884757619044,6650.502023316285,307.22932228179917
53600,53.59999999996578,-14815.775361015974,6547.5080489507545,302.47137035087826
53650,53.649999999965665,-14868.749057445462,6681.6561266325525,308.6685300310183
53700,53.69999999996555,-14810.471011479474,6581.602198291308,304.04639767346976
53750,53.74999999996543,-14805.861287473143,6500.112834142248,300.2818815462788
53800,53.799999999965316,-14874.674883160224,6664.803889989574,307.8900171872355
53850,53.8499999999652,-14664.74005850606,6451.141653613173,298.01958878213264
53900,53.89999999996508,-14848.268328798426,6726.372256371041,310.734254721644
53950,53.949999999964966,-14663.373916431809,6411.766862147349,296.200614747598
54000,53.99999999996485,-14877.09434547727,6561.521005945827,303.1187186661884
54050,54.04999999996473,-14774.018782278916,6500.394240391891,300.2948815049376
54100,54.099999999964616,-14642.684740478358,6398.3933685697,295.5828073468941
54150,54.1499999999645,-14785.809606020095,6558.250402414446,302.9676285224856
54200,54.19999999996438,-14792.30688018593,6493.412511079398,299.97235067079725
54250,54.24999999996427,-14754.73953629034,6317.732490296654,291.85656429342225
54300,54.29999999996415,-15017.722817953825,6496.207473456609,300.1014679004354
54350,54.349999999964034,-14797.082192636695,6370.040153748744,294.27299059269836
54400,54.39999999996392,-14774.136185639441,6433.226312431943,297.19196432457153
54450,54.4499999999638,-14910.541691264963,6584.091653157324,304.161401552674
54500,54.499999999963684,-14855.50803328173,6570.659979323716,303.54090643297593
54550,54.54999999996357,-14999.80605710878,6699.7405396282375,309.5039649995439
54600,54.59999999996345,-14829.799909665348,6503.563482902884,300.44128913332196
54650,54.649999999963335,-14767.393297019818,6415.986431893594,296.39554372422486
54700,54.69999999996322,-14809.658975716575,6350.1098989317,293.35228435745825
54750,54.7499999999631,-14771.96839181488,6389.704704885395,295.1814222716164
54800,54.799999999962985,-14924.422717127385,6556.7243958448835,302.89713249639306
54850,54.84999999996287,-14924.542604889357,6625.45704048291,306.0723339709197
54900,54.89999999996275,-14801.168446190559,6497.444217319918,300.15860102777356
54950,54.949999999962635,-14824.064613538136,6582.107824093229,304.0697557706341
55000,54.99999999996252,-14711.55687076502,6496.763062878761,300.1271341375159
55050,55.0499999999624,-14843.373791183189,6635.543051491906,306.5382714769842
55100,55.099999999962286,-14755.997394725387,6509.451428586841,300.71329108983167
55150,55.14999999996217,-14794.930842976952,6624.573790451429,306.0315309897875
55200,55.19999999996205,-14887.235940420607,6621.641148777354,305.89605347081783
55250,55.249999999961936,-14788.037607133268,6562.338296519215,303.15647455711047
55300,55.29999999996182,-14957.439374582325,6634.8277842719335,306.5052286987891
55350,55.3499999999617,-14983.559498252405,6674.6842486897485,308.34645429479724
55400,55.39999999996159,-14936.562068348774,6549.515329465425,302.5640995057586
55450,55.44999999996147,-14913.042821750836,6577.888840222603,303.8748538593579
55500,55.499999999961354,-14907.482427407856,6556.371025215988,302.8808080417204
55550,55.54999999996124,-15055.418385632614,6546.572084895849,302.42813217107465
55600,55.59999999996112,-15069.768421642575,6530.783803552039,301.698770243171
55650,55.649999999961004,-15052.160204817988,6541.291633687661,302.18419427881537
55700,55.69999999996089,-15103.791763959774,6590.652624769281,304.46449489130987
55750,55.74999999996077,-14990.984273163067,6422.630057141297,296.70245536415666
55800,55.799999999960654,-15055.458806841527,6443.624532829493,297.6723247837482
55850,55.84999999996054,-15092.287677419718,6415.330101564528,296.3652236188426
55900,55.89999999996042,-15021.407735788087,6221.35871181869,287.4044416500919
55950,55.949999999960305,-15287.551539662027,6536.725306946357,301.9732463736603
56000,55.99999999996019,-15065.709388336063,6341.177389002753,292.93963446093557
56050,56.04999999996007,-15204.663230107044,6472.890413946229,299.0243034449007
56100,56.099999999959955,-15044.07330727643,6361.930120779389,293.8983361795244
56150,56.14999999995984,-15017.939342204016,6266.921917880796,289.5092982263879
56200,56.19999999995972,-15027.454462315909,6358.325669021207,293.7318234460524
56250,56.249999999959606,-14911.476000313703,6324.744293790897,292.18048444681176
56300,56.29999999995949,-15133.509883518904,6699.011180121095,309.4702712082641
56350,56.34999999995937,-15123.204716655784,6563.639150994181,303.21656936458965
56400,56.399999999959256,-14982.447014805995,6328.949684977713,292.3747584248853
56450,56.44999999995914,-15071.03707347915,6384.913794508539,294.9600994086154
56500,56.49999999995902,-15019.742823048804,6372.614480416031,294.391915244484
56550,56.54999999995891,-14983.766468688158,6465.500045885245,298.6828949673408
56600,56.59999999995879,-15062.02860492078,6507.69776688291,300.6322782136727
56650,56.64999999995867,-15034.252021432229,6487.058842943376,299.6788340086581
56700,56.69999999995856,-15105.401395154935,6541.158446668815,302.1780415166038
56750,56.74999999995844,-15082.097676748825,6558.538558166753,302.980940283941
56800,56.799999999958324,-14990.848564157874,6529.724151109867,301.6498181038406
56850,56.84999999995821,-14886.842575838717,6395.761774845643,295.4612371626391
56900,56.89999999995809,-15052.455536319027,6616.551945416757,305.66095054265566
56950,56.949999999957974,-15070.00352071166,6658.101251234913,307.5803793351043
57000,56.99999999995786,-14891.367137967474,6504.768054257957,300.49693600625903
57050,57.04999999995774,-15149.248346195473,6743.609060946658,311.5305332235532
57100,57.099999999957625,-14892.21976506391,6500.282915192264,300.28973868030357
57150,57.14999999995751,-14901.26218056569,6549.13952781723,302.54673881850783
57200,57.19999999995739,-14873.953555898188,6418.026738188089,296.4897985515909
57250,57.249999999957275,-15005.922259562774,6497.9278860352815,300.18094478635135
57300,57.29999999995716,-15083.680801465925,6593.775509594179,304.60876096099213
57350,57.34999999995704,-14970.677531532987,6522.124066187409,301.2987214600346
57400,57.399999999956925,-15000.757562639461,6591.143256344851,304.4871603090368
57450,57.44999999995681,-14892.87967798108,6413.001518210798,296.25765142607656
57500,57.49999999995669,-14943.393006488805,6436.40041617679,297.33859652451105
57550,57.549999999956576,-15123.423356072428,6586.422472029495,304.2690770183679
57600,57.59999999995646,-15060.70109203985,6476.396147682895,299.1862557601154
57650,57.64999999995634,-15129.047664150623,6496.346995414471,300.107913314091
57700,57.699999999956226,-15080.516081744518,6473.603719399599,299.05725559652024
57750,57.74999999995611,-15134.250709339014,6509.797949067311,300.72929909223484
57800,57.79999999995599,-15157.335930541365,6484.487851587622,299.56006343629355
57850,57.84999999995588,-15263.672393582328,6744.631427766762,311.5777629009765
57900,57.89999999995576,-15095.1251454255,6531.6490350583235,301.73874083311455
57950,57.949999999955644,-15160.313006853148,6596.822806357158,304.7495351335281
58000,57.99999999995553,-15087.267867275834,6542.83043629165,302.25528143576855
58050,58.04999999995541,-15154.109279031798,6727.706115294539,310.79587421617975
58100,58.099999999955294,-15065.73190843951,6734.488055955173,311.10917553172214
58150,58.14999999995518,-14989.99858071256,6619.932447974126,305.81711762688946
58200,58.19999999995506,-14930.655632915641,6538.599513791959,302.05982800268197
58250,58.249999999954944,-15035.503067475833,6592.69542640354,304.55886499441624
58300,58.29999999995483,-14991.553010151807,6613.138820909056,305.5032764414092
58350,58.34999999995471,-14986.71232248122,6630.893196634919,306.3234648726989
58400,58.399999999954595,-15062.02241072143,6696.12533494396,309.3369555194826
58450,58.44999999995448,-14931.721923437914,6464.571891107662,298.6400175481189
58500,58.49999999995436,-15122.707218525107,6619.279839479187,305.7869694568848
58550,58.549999999954245,-15262.259865723927,6747.491501399666,311.70988803691847
58600,58.59999999995413,-15063.63444782421,6539.000998796749,302.07837516881995
58650,58.64999999995401,-15135.495486352826,6511.732842900588,300.81868424225826
58700,58.699999999953896,-14990.806308797286,6455.760452263442,298.23296070114014
58750,58.74999999995378,-15104.273667244208,6369.155448804858,294.2321203998352
58800,58.79999999995366,-15202.332649775926,6504.368224714227,300.4784653164798
58850,58.849999999953546,-14982.750382306,6238.138762511756,288.17961976209165
58900,58.89999999995343,-15140.619833263274,6349.676568766755,293.3322660592255
58950,58.94999999995331,-15263.974239290032,6526.01498901906,301.47846812884666
59000,58.9999999999532,-14908.273042216544,6206.9682942950285,286.73965601321123
59050,59.04999999995308,-15098.173154131588,6412.115209429408,296.21670714167755
59100,59.09999999995296,-15050.596698352188,6378.378732015531,294.65820297827725
59150,59.14999999995285,-15134.217348323762,6491.736129751397,299.8949078706173
59200,59.19999999995273,-15053.479870058638,6503.969917609605,300.46006495792284
59250,59.249999999952614,-14904.613004772404,6274.825997884813,289.87443835180716
59300,59.2999999999525,-15031.645730642345,6483.914615335218,299.53358197899666
59350,59.34999999995238,-15030.800862355796,6518.572151835869,301.1346357661726
59400,59.399999999952264,-15080.26788842223,6643.565926147725,306.9088994889173
59450,59.44999999995215,-15020.557604605525,6592.54989374236,304.55214190784216
59500,59.49999999995203,-14945.516880951007,6522.663263926993,301.32363046021646
59550,59.549999999951915,-15013.559132802766,6658.343477228647,307.59156930657304
59600,59.5999999999518,-14825.34925721109,6501.166719164862,300.33056725152704
59650,59.64999999995168,-15034.879961584571,6722.059405162731,310.53501647629264
59700,59.699999999951565,-14896.697682765072,6587.080110758274,304.2994575671205
59750,59.74999999995145,-14970.190141627378,6718.969425956663,310.3922705280895
59800,59.79999999995133,-14843.079635055845,6566.350528253115,303.3418252617824
59850,59.849999999951216,-14787.649841582897,6483.7926714708265,299.52794861016497
59900,59.8999999999511,-15076.216724941292,6657.311711727846,307.5439054438371
59950,59.94999999995098,-15026.793695463331,6581.363507657246,304.0353710229281
60000,59.999999999950866,-15189.611160961933,6651.598745854735,307.2799869265189
60050,60.04999999995075,-15191.997020884288,6744.908915493,311.5905818379191
60100,60.09999999995063,-15068.044702219784,6544.552888033964,302.3348525237254
60150,60.149999999950516,-15187.502375123142,6781.167316417565,313.26558981536516
60200,60.1999999999504,-14937.832073006692,6448.744082490783,297.90882960207796
60250,60.24999999995028,-14978.485996492042,6453.544297940472,298.1305823260444
60300,60.29999999995017,-15039.808075528548,6590.978435982388,304.47954619989434
60350,60.34999999995005,-15118.314616758948,6756.858117974905,312.1425921023251
60400,60.399999999949934,-14984.583264760293,6533.946167720877,301.8448601168368
60450,60.44999999994982,-14894.75530926843,6561.137652381214,303.1010091075059
60500,60.4999999999497,-15063.31032128638,6715.1802074792195,310.217222235386
60550,60.549999999949584,-14967.749914858236,6682.7846827659805,308.720665273563
60600,60.59999999994947,-14915.39269435825,6729.1723427748875,310.8636086629206
60650,60.64999999994935,-14835.680368446407,6620.269263131926,305.8326772782214
60700,60.699999999949235,-14911.082129392556,6702.874985429885,309.64876514485513
60750,60.74999999994912,-14757.526922458996,6612.542198007862,305.4757146048818
60800,60.799999999949,-14740.24186026182,6445.359016191625,297.7524516893546
60850,60.849999999948885,-14950.745560794014,6728.200592309823,310.8187172794187
60900,60.89999999994877,-14934.974123359852,6767.194844087526,312.6201117462646
60950,60.94999999994865,-14679.264254579484,6568.387804149483,303.43594009563213
61000,60.999999999948535,-14747.793597149896,6540.873680193258,302.1648863275689
61050,61.04999999994842,-14848.955976702426,6664.9555427375935,307.89702299985436
61100,61.0999999999483,-14956.342986721033,6757.287251504821,312.1624165310829
61150,61.149999999948186,-14867.018470908024,6690.981845909389,309.0993447880348
61200,61.19999999994807,-14971.764973981382,6714.6620129678895,310.19328350896086
61250,61.24999999994795,-15071.846719019883,6893.260375690899,318.44388680893064
61300,61.299999999947836,-14843.112481410997,6740.313485008023,311.3782894442708
61350,61.34999999994772,-14844.729316313455,6736.5750775870065,311.20558843999396
61400,61.3999999999476,-14844.533991537393,6738.140670208259,311.2779131995851
61450,61.44999999994749,-14749.218108250778,6658.047902721084,307.5779148252536
61500,61.49999999994737,-14920.846386189958,6808.146110804062,314.5119132788096
61550,61.549999999947254,-14741.998180521725,6688.009618829838,308.96203856541933
61600,61.59999999994714,-14680.210257706134,6598.719666924101,304.83716328316285
61650,61.64999999994702,-14674.193072727532,6521.779094633611,301.282785012484
61700,61.699999999946904,-14889.500379589092,6702.9174325086215,309.65072604753396
61750,61.74999999994679,-14885.581124990738,6643.999114091336,306.92891121703497
61800,61.79999999994667,-14904.503326648606,6656.060781277649,307.48611694710576
61850,61.849999999946554,-14827.180222290464,6647.204030408047,307.07696684719656
61900,61.89999999994644,-14902.14483957864,6640.04324082465,306.7461640712562
61950,61.94999999994632,-14899.09255070255,6661.879404267424,307.75491644397
62000,61.999999999946205,-15036.752090324788,6710.982381818227,310.02329775745
62050,62.04999999994609,-15152.028852738094,6930.353844909541,320.1574719441836
62100,62.09999999994597,-14915.558922060729,6634.209316475137,306.47665770649456
62150,62.149999999945855,-14928.562938376937,6618.808665899736,305.7652029287363
62200,62.19999999994574,-15033.24439230222,6674.384231822423,308.3325945924021
62250,62.24999999994562,-15068.1158366639,6561.087885459149,303.098710054339
62300,62.299999999945506,-15015.467998678221,6521.824333814145,301.2848749002439
62350,62.34999999994539,-14939.43500428582,6587.834857561744,304.3343241603659
62400,62.39999999994527,-14843.472340880706,6488.999568708466,299.7684885729982
62450,62.449999999945156,-14869.464852033921,6465.896142500135,298.70119320920645
62500,62.49999999994504,-14913.351398653502,6466.900093352089,298.7475721350031
62550,62.54999999994492,-14907.380348244598,6464.3859790825,298.6314290798658
62600,62.59999999994481,-14917.076448047763,6500.600011990273,300.3043874141899
62650,62.64999999994469,-14766.54711146041,6325.269202824403,292.2047333600604
62700,62.69999999994457,-15049.230630930939,6627.299691199069,306.15745782002807
62750,62.74999999994446,-15021.534551585362,6555.968626193656,302.8622186512527
62800,62.79999999994434,-15089.62856190864,6606.036530691644,305.1751761262007
62850,62.849999999944224,-15100.405928092985,6595.104102894278,304.6701372026272
62900,62.89999999994411,-15137.213075513284,6641.458712578765,306.81155378562687
62950,62.94999999994399,-15098.794497673864,6590.999779753129,304.48053220549167
63000,62.999999999943874,-15237.5507864838,6609.2383630511285,305.32308928860795
63050,63.04999999994376,-15135.534615069402,6569.858807571391,303.50389517373037
63100,63.09999999994364,-15068.52469355869,6479.7323483170485,299.3403762545132
63150,63.149999999943525,-14806.850357931382,6248.306660266748,288.6493401418982
63200,63.19999999994341,-14978.499601629552,6431.380136613914,297.10667762840967
63250,63.24999999994329,-15076.86460686064,6553.25919314953,302.73705256980554
63300,63.299999999943175,-14947.220519675077,6292.621197787458,290.6965127135307
63350,63.34999999994306,-15045.518012699098,6352.108275953944,293.4446022029465
63400,63.39999999994294,-14987.40531592707,6337.996140144115,292.7926721823854
63450,63.449999999942825,-15029.183714034447,6379.502691499499,294.710125872116
63500,63.49999999994271,-14924.773376757334,6398.512510629348,295.5883112824034
63550,63.54999999994259,-14901.188021935832,6386.662615356266,295.0408886545935
63600,63.599999999942476,-14901.061066139733,6332.832929982154,292.5541504056389
63650,63.64999999994236,-15042.813808842533,6525.086999773337,301.4355983566026
63700,63.69999999994224,-15130.221886167175,6540.25235525911,302.1361833457841
63750,63.749999999942126,-15026.727078618716,6460.549557589082,298.454200177254
63800,63.79999999994201,-14914.025951460051,6286.886632818404,290.4315963955074
63850,63.84999999994189,-14919.425456582983,6253.630888838249,288.89530039120893
63900,63.89999999994178,-15247.488298040702,6453.857313999847,298.1450425444532
63950,63.94999999994166,-15150.428594663173,6481.112456666193,299.40413230650694
64000,63.999999999941544,-14939.079691926043,6284.749194495859,290.3328544170895
64050,64.04999999994178,-14952.122739284174,6343.348895199331,293.03995025285116
64100,64.09999999994201,-14899.577257165327,6236.519637938277,288.1048220184543
64150,64.14999999994225,-15094.83601826457,6339.348000787772,292.85512329177743
64200,64.19999999994249,-14998.858875782968,6242.119741931006,288.3635267220032
64250,64.24999999994273,-15182.46160994748,6489.80885743807,299.80587480745913
64300,64.29999999994297,-14935.265214172645,6281.846012993629,290.19873785231533
64350,64.34999999994321,-14864.491162527383,6185.320119668907,285.739588049063
64400,64.39999999994345,-15028.195078554445,6365.232518147866,294.0508950843808
64450,64.44999999994369,-14927.517179935576,6309.546287678151,291.4783911158597
64500,64.49999999994392,-15086.38688939438,6531.310810818354,301.72311608724414
64550,64.54999999994416,-14997.041953473396,6415.845296681249,296.3890237840028
64600,64.5999999999444,-15082.504482648568,6397.851036561902,295.5577535547709
64650,64.64999999994464,-15136.678146754086,6438.69705745246,297.4446931079231
64700,64.69999999994488,-14963.344873551823,6225.908437711682,287.61462265564177
64750,64.74999999994512,-15093.961572779928,6423.50498494048,296.74287388802844
64800,64.79999999994536,-15158.010642698851,6488.184059240541,299.73081496275546
64850,64.8499999999456,-15041.622248475684,6456.793302353642,298.2806746680133
64900,64.89999999994583,-15060.900467381178,6503.388724371973,300.43321591646907
64950,64.94999999994607,-14967.995494834428,6476.324814919676,299.18296044249524
65000,64.99999999994631,-15210.925335795719,6800.822321472176,314.17358049955743
65050,65.04999999994655,-15051.254071677362,6633.27883233546,306.4336726791049
65100,65.09999999994679,-14897.45526884049,6401.513927473979,295.72696596739235
65150,65.14999999994703,-15067.966167865048,6496.927493813307,300.1347302564864
65200,65.19999999994727,-15201.027558021207,6543.600423848677,302.2908520971234
65250,65.2499999999475,-15137.070823398644,6494.992350341958,300.04533357408013
65300,65.29999999994774,-14940.883758726291,6428.549825328047,296.9759274060723
65350,65.34999999994798,-14901.891502358396,6372.10506509814,294.3683820852838
65400,65.39999999994822,-14949.11690127942,6420.320706183077,296.5957716390308
65450,65.44999999994846,-14951.062736146738,6508.252857621773,300.65792141337516
65500,65.4999999999487,-15038.04734350596,6542.456425287351,302.2380034698385
65550,65.54999999994894,-14851.187888839393,6324.5283503788005,292.1705086362764
65600,65.59999999994918,-15013.886735839036,6426.208954855113,296.8677875925023
65650,65.64999999994942,-14981.965027970058,6367.480413299731,294.15473977184143
65700,65.69999999994965,-14993.620574179768,6369.552110710307,294.2504447560957
65750,65.74999999994989,-15035.475980072833,6411.478106131603,296.1872752561264
65800,65.79999999995013,-14999.72572385385,6380.902180093633,294.77477722186524
65850,65.84999999995037,-14969.272763677414,6408.947481415365,296.07036947761617
65900,65.89999999995061,-14919.237086419365,6462.405674490881,298.5399461158037
65950,65.94999999995085,-14828.759119082577,6471.492820464185,298.9597396425278
66000,65.99999999995109,-14870.538824182011,6477.453720376479,299.2351118225261
66050,66.04999999995132,-14837.470202550216,6562.890426908224,303.18198099927554
66100,66.09999999995156,-14771.036707810905,6432.717408005676,297.1684547667306
66150,66.1499999999518,-14994.944929533438,6581.981001725579,304.0638970324626
66200,66.19999999995204,-14832.528370848664,6472.970089851048,299.02798418571604
66250,66.24999999995228,-14968.57109113976,6552.39678155533,302.69721224967856
66300,66.29999999995252,-14881.780434129665,6423.326455101565,296.73462645028246
66350,66.34999999995276,-14942.509624587035,6426.750421214736,296.89280139478694
66400,66.399999999953,-14911.92552059755,6482.371105062025,299.4622773446239
66450,66.44999999995323,-14865.969387379664,6425.251527549408,296.8235578875515
66500,66.49999999995347,-15051.231412935464,6667.937955378186,308.03479975883005
66550,66.54999999995371,-14851.412434068292,6507.239048376387,300.61108706518746
66600,66.59999999995395,-14693.333076470371,6367.178857636736,294.1408089826097
66650,66.64999999995419,-14951.59864915695,6594.379031327096,304.6366414987826
66700,66.69999999995443,-14829.384743601142,6448.694166490919,297.9065236620519
66750,66.74999999995467,-14938.95760524298,6512.243617433631,300.84228019231966
66800,66.7999999999549,-15003.50640989549,6548.266454959759,302.5064059862851
66850,66.84999999995514,-15024.58205812257,6596.38445881927,304.7292850506747
66900,66.89999999995538,-14923.329646158123,6403.422884983827,295.8151529523687
66950,66.94999999995562,-14961.900099076483,6486.484817940274,299.6523161139101
67000,66.99999999995586,-15099.425955658564,6606.600650949815,305.20123645728484
67050,67.0499999999561,-14842.23704656049,6366.781050409437,294.12243171659077
67100,67.09999999995634,-14990.020752837881,6461.338881973988,298.4906641306495
67150,67.14999999995658,-15194.198184493416,6634.556333921839,306.4926886669538
67200,67.19999999995682,-15053.410320996776,6527.15503896635,301.5311343443361
67250,67.24999999995705,-14966.211247949077,6483.547887391593,299.516640464328
67300,67.2999999999573,-14938.04518025031,6505.271373282092,300.5201875385696
67350,67.34999999995753,-14987.661107405349,6550.396867338772,302.6048233913306
67400,67.39999999995777,-15036.509942875751,6674.848053896606,308.3540215073945
67450,67.44999999995801,-14831.667625284259,6428.269093207101,296.96295858973957
67500,67.49999999995825,-14988.441213030985,6642.490162843322,306.85920308557985
67550,67.54999999995849,-14853.25384964214,6541.019681330063,302.1716310560354
67600,67.59999999995873,-14812.046948252428,6436.907122255678,297.3620045265938
67650,67.64999999995896,-14910.375352554653,6642.614115739454,306.8649292644668
67700,67.6999999999592,-14844.819186726692,6616.910812486682,305.67752891317497
67750,67.74999999995944,-14915.91745591112,6583.737076216434,304.14502137071713
67800,67.79999999995968,-14918.668421290726,6523.948146824788,301.38298743815847
67850,67.84999999995992,-14925.168285124377,6593.150333672477,304.579880077405
67900,67.89999999996016,-14804.11047537766,6524.6826661320965,301.4169195936854
67950,67.9499999999604,-14717.14495680172,6384.586516458901,294.94498033744827
68000,67.99999999996064,-14893.531628930707,6511.070475887068,300.78808526372217
68050,68.04999999996087,-14936.08911440647,6551.804745883428,302.66986232667915
68100,68.09999999996111,-14965.968702712387,6511.860199666091,300.82456766769235
68150,68.14999999996135,-14841.393046046813,6268.583778681655,289.5860702303335
68200,68.19999999996159,-14976.160274816193,6436.091214533322,297.3243125184258
68250,68.24999999996183,-14891.666836450944,6349.652310921905,293.33114543386415
68300,68.29999999996207,-14869.375973879962,6379.761589811886,294.72208604486326
68350,68.34999999996231,-14983.167926110522,6499.338801455393,300.2461240144454
68400,68.39999999996255,-14887.7902774168,6400.764803620832,295.692359134269
68450,68.44999999996278,-14873.522591925348,6275.664745259168,289.9131854699172
68500,68.49999999996302,-15101.490153005418,6546.64509398783,302.4315049290666
68550,68.54999999996326,-15029.648303857379,6572.732110602979,303.63663146040625
68600,68.5999999999635,-14920.05342430053,6459.661511029939,298.41317561376036
68650,68.64999999996374,-14871.233192832608,6382.077751600938,294.829084405927
68700,68.69999999996398,-15022.411703671802,6454.081343768574,298.1553919156398
68750,68.74999999996422,-14902.757019058434,6397.089646682078,295.52258007524244
68800,68.79999999996446,-14963.277255767836,6442.605806108969,297.62526326585987
68850,68.8499999999647,-15040.623936753418,6533.017419386103,301.80195527740324
68900,68.89999999996493,-15079.05954117436,6671.566120492805,308.20240796425315
68950,68.94999999996517,-15030.20838507916,6568.55694327318,303.443753716042
69000,68.99999999996541,-15024.362701544676,6531.700928157874,301.7411381080496
69050,69.04999999996565,-15177.404028277793,6727.0398874328575,310.76509688031666
69100,69.09999999996589,-14992.911278971973,6564.227585091005,303.2437529077479
69150,69.14999999996613,-14984.33806862839,6469.67659505011,298.8758365475252
69200,69.19999999996637,-15181.049051272892,6662.018176410246,307.7613272188621
69250,69.2499999999666,-14959.83508710853,6470.42216488792,298.9102791978967
69300,69.29999999996684,-15051.24153130586,6429.279317228875,297.00962731346516
69350,69.34999999996708,-15037.172140322513,6525.93437000628,301.4747438198287
69400,69.39999999996732,-15095.351699298099,6644.10600964035,306.9338494077104
69450,69.44999999996756,-14990.697488477597,6563.237326735585,303.19800652614344
69500,69.4999999999678,-15051.212319236856,6543.399925956056,302.28158981414794
69550,69.54999999996804,-15263.176553477555,6729.64930657033,310.88564267826456
69600,69.59999999996828,-15071.534047664294,6553.894745466853,302.7664128056255
69650,69.64999999996851,-15172.524270505028,6601.90335864529,304.9842384131945
69700,69.69999999996875,-15136.396683419893,6592.564517727588,304.55281748346863
69750,69.74999999996899,-15250.973901221183,6552.194499030947,302.6878675231214
69800,69.79999999996923,-15006.379602379802,6294.741760904294,290.7944751180164
69850,69.84999999996947,-15135.892153249033,6429.803944835494,297.03386322580184
69900,69.89999999996971,-15244.939423321166,6561.021901531368,303.095661833717
69950,69.94999999996995,-15141.641677558986,6474.933293095606,299.11867712892723
70000,69.99999999997019,-15118.90874029092,6471.213147721247,298.94681976565647
70050,70.04999999997042,-15085.177437925817,6471.238817624284,298.9480056230377
70100,70.09999999997066,-15205.845857504695,6600.179854727035,304.90461871848584
70150,70.1499999999709,-15065.205890223871,6506.163729563499,300.56141119576256
70200,70.19999999997114,-15106.950986575028,6632.211812670903,306.3843802005441
70250,70.24999999997138,-15131.605823751195,6656.720361204128,307.5165871722245
70300,70.29999999997162,-14985.494835840107,6577.998380309596,303.8799142181957
70350,70.34999999997186,-14998.04685862912,6531.583876604748,301.7357307464379
70400,70.3999999999721,-15123.459006847701,6597.277247565501,304.7705286861903
70450,70.44999999997233,-15138.166394034277,6678.968279177726,308.5443611263178
70500,70.49999999997257,-15007.390504251965,6511.9708296122635,300.82967837411235
70550,70.54999999997281,-15012.158891383644,6521.721403903353,301.2801199078202
70600,70.59999999997305,-15186.380465383347,6669.838559515924,308.12260084799834
70650,70.64999999997329,-14925.49282996355,6416.282682813194,296.4092294533525
70700,70.69999999997353,-15006.274783264105,6486.1690848565095,299.6377303787269
70750,70.74999999997377,-15257.827493471068,6611.627186839845,305.4334443732444
70800,70.799999999974,-15019.492479772218,6366.457479997073,294.10748392495753
70850,70.84999999997424,-15149.981610456773,6456.877672135916,298.28457224911904
70900,70.89999999997448,-15263.583925001109,6606.463809951145,305.194914894321
70950,70.94999999997472,-15130.879480683772,6488.752783220799,299.75708796927546
71000,70.99999999997496,-15144.23912614115,6465.3712868010525,298.6769467598167
71050,71.0499999999752,-15105.897020296423,6388.8641924046415,295.1425936119264
71100,71.09999999997544,-15238.982899074468,6487.290139298305,299.6895190700447
71150,71.14999999997568,-15104.227383255184,6381.549306004606,294.80467211616974
71200,71.19999999997592,-15240.79378841288,6554.066156027399,302.7743313582647
71250,71.24999999997615,-15117.434794518216,6423.657137348714,296.7499027831557
71300,71.2999999999764,-15087.182456852028,6500.808906718543,300.3140376008329
71350,71.34999999997663,-15045.4461228924,6403.919744866066,295.838106095508
71400,71.39999999997687,-15101.490756003996,6441.254187300203,297.56282332837173
71450,71.44999999997711,-15161.319412079181,6576.563225340021,303.81361520992147
71500,71.49999999997735,-15144.964485289138,6531.794424220195,301.7454572905356
71550,71.54999999997759,-15066.339920048016,6426.201783743572,296.867456312889
71600,71.59999999997783,-15101.329050935523,6500.898776030993,300.3181892404927
71650,71.64999999997806,-15053.316756349108,6419.336002666016,296.5502818710201
71700,71.6999999999783,-15122.683083317334,6450.3044744957815,297.9809141118652
71750,71.74999999997854,-15051.386608914045,6443.657677679893,297.67385595686716
71800,71.79999999997878,-15020.854098923908,6520.726955197858,301.2341799470831
71850,71.84999999997902,-15040.92995749149,6641.594030839498,306.8178050035637
71900,71.89999999997926,-15022.372335414839,6639.960373634144,306.7423359044969
71950,71.9499999999795,-15168.181044806099,6808.809084155795,314.54254026799464
72000,71.99999999997974,-15047.76030812556,6773.805247206455,312.92548864309407
72050,72.04999999997997,-14893.37675291371,6530.906901715821,301.70445693649134
72100,72.09999999998021,-14925.11339052883,6618.603686820245,305.7557336310121
72150,72.14999999998045,-14977.340416695104,6734.861967789544,311.12644891635745
72200,72.19999999998069,-14917.061585438872,6654.484127430884,307.4132811985989
72250,72.24999999998093,-14944.92088719108,6689.006613022441,309.00809611852407
72300,72.29999999998117,-15050.708434625754,6745.890846715291,311.6359435358623
72350,72.3499999999814,-14842.719128375407,6464.839504078709,298.652380306816
72400,72.39999999998165,-15131.524822078974,6775.212861978644,312.9905153931014
72450,72.44999999998188,-15143.037096165936,6736.528311132038,311.20342799763705
72500,72.49999999998212,-14984.11549537657,6617.029610857307,305.683016971485
72550,72.54999999998236,-14994.128420591978,6681.602114663175,308.66603487190264
72600,72.5999999999826,-15000.269732817984,6570.495134857538,303.5332912103284
72650,72.64999999998284,-14898.101515414604,6472.355473897851,298.99959113477
72700,72.69999999998308,-15074.993213014153,6550.304275086083,302.6005459616054
72750,72.74999999998332,-15062.177358174826,6664.113461241995,307.8581218573102
72800,72.79999999998356,-15085.763933814404,6592.96948885128,304.57152569578693
72850,72.8499999999838,-14874.386828385552,6362.623924306956,293.9303874121717
72900,72.89999999998403,-15065.530284597144,6569.535291885318,303.48894991025537
72950,72.94999999998427,-15049.67329297226,6629.785661840916,306.27230074058195
73000,72.99999999998451,-15056.46904011035,6666.304693997637,307.9593489454484
73050,73.04999999998475,-15160.465385539264,6669.533181700517,308.10849348904435
73100,73.09999999998499,-15116.316258426721,6663.966115498908,307.85131501285986
73150,73.14999999998523,-15167.16920489892,6771.3412648935455,312.8116615044126
73200,73.19999999998547,-15118.29784061662,6677.329232447675,308.4686430505551
73250,73.2499999999857,-14995.860156199844,6504.579324926609,300.4882173885725
73300,73.29999999998594,-15199.533317402917,6682.819466030361,308.72227213552696
73350,73.34999999998618,-15111.463371056849,6524.090711520117,301.38957341536343
73400,73.39999999998642,-15014.00360661893,6428.155583127521,296.95771483149406
73450,73.44999999998666,-15092.175986599634,6507.1128103266365,300.60525532040566
73500,73.4999999999869,-15033.033063855397,6435.151966677343,297.2809226387993
73550,73.54999999998714,-14984.292439291288,6376.306086132292,294.5624541779904
73600,73.59999999998738,-15054.80620826627,6419.396590790597,296.55308082490177
73650,73.64999999998761,-15261.701496356229,6661.364696240059,307.73113878058973
73700,73.69999999998785,-15046.936242275073,6433.8412437235265,297.220371943019
73750,73.74999999998809,-14982.881315810526,6381.672625586852,294.8103690382284
73800,73.79999999998833,-15178.366762233883,6536.36240435097,301.95648157634963
73850,73.84999999998857,-15028.566440581504,6320.310921094477,291.9756785413074
73900,73.89999999998881,-15204.238528158032,6493.736355378789,299.9873111150281
73950,73.94999999998905,-15074.168715170616,6420.855399184004,296.62047253645596
74000,73.99999999998929,-15148.399088588278,6508.5072447711045,300.6696731865815
74050,74.04999999998952,-15000.149942502185,6436.288571983198,297.3334297242187
74100,74.09999999998976,-15091.95500502882,6458.165570794502,298.3440685443848
74150,74.14999999999,-15184.420036749609,6631.362809315922,306.3451592929418
74200,74.19999999999024,-14921.773726729645,6421.786780930353,296.663499030052
74250,74.24999999999048,-15205.328846815677,6687.398752359159,308.93381872710734
74300,74.29999999999072,-15040.662871165558,6565.113222146742,303.28466616083284
74350,74.34999999999096,-14862.852708497914,6344.73903056262,293.1041695169076
74400,74.3999999999912,-15005.762778383294,6517.228237424324,301.0725517441821
74450,74.44999999999143,-15274.736144797665,6691.672466280826,309.1312489702945
74500,74.49999999999167,-15056.664433502181,6499.31861777757,300.2451916009769
74550,74.54999999999191,-14971.137630142443,6325.429789279178,292.21215187786487
74600,74.59999999999215,-15050.214515060128,6372.210573447228,294.3732561923019
74650,74.64999999999239,-15219.287085148495,6503.037084630701,300.4169714225918
74700,74.69999999999263,-15167.301185093445,6532.042075741608,301.7568979019089
74750,74.74999999999287,-15007.032705810869,6384.828627012642,294.95616497600366
74800,74.7999999999931,-15153.642760322924,6501.0622529712455,300.3257412883511
74850,74.84999999999334,-15002.332633972717,6417.910262139011,296.48441777620053
74900,74.89999999999358,-15039.43896162922,6353.017430802314,293.48660189363676
74950,74.94999999999382,-15187.658086591075,6548.99075963957,302.5398662626858
75000,74.99999999999406,-15170.35862026771,6666.193596568371,307.9542166429875
75050,75.0499999999943,-14912.021131567864,6430.749201547851,297.0775306930248
75100,75.09999999999454,-14890.582128527352,6372.383272086187,294.38123424954034
75150,75.14999999999478,-14833.621544687077,6323.128985397771,292.10586299700896
75200,75.19999999999501,-15001.339637451729,6549.880572103562,302.58097240464497
75250,75.24999999999525,-14866.709799826072,6497.589179210255,300.1652977467835
75300,75.29999999999549,-14910.62561632472,6555.992525043872,302.8633226923505
75350,75.34999999999573,-14945.138479372654,6615.929376792051,305.6321901068311
75400,75.39999999999597,-15013.893772300098,6780.923102121861,313.2543079914821
75450,75.44999999999621,-15077.38267951666,6875.499112213675,317.62338018825074
75500,75.49999999999645,-15006.009419410637,6911.814875570092,319.30103810415267
75550,75.54999999999669,-14855.812073035633,6716.364629132452,310.271938264423
75600,75.59999999999692,-14968.026073185487,6828.056719574663,315.4317119372211
75650,75.64999999999716,-14815.0771941442,6689.131387163891,309.01386023599696
75700,75.6999999999974,-15031.598485657421,6830.499301670623,315.5445504626931
75750,75.74999999999764,-14926.376379038986,6679.089059223721,308.549940730917
75800,75.79999999999788,-14951.939264418132,6694.739230831818,309.2729224847594
75850,75.84999999999812,-15088.357395086976,6704.553353619232,309.7262997308976
75900,75.89999999999836,-15110.547015530703,6714.011426063119,310.16322872916567
75950,75.9499999999986,-14904.085920082112,6582.232602210721,304.07552007178583
76000,75.99999999999883,-15015.928451587013,6687.948033304318,308.9591935351943
76050,76.04999999999907,-15030.238010347504,6696.101040506911,309.3358332036929
76100,76.09999999999931,-14989.36646489144,6660.704849530868,307.7006562310673
76150,76.14999999999955,-14903.665778548173,6586.111742802023,304.25472244338476
76200,76.19999999999979,-14828.393167540442,6533.896170944335,301.8425504452181
76250,76.25000000000003,-14870.256391502637,6527.293195499904,301.53751668028974
76300,76.30000000000027,-15017.01538265369,6593.357925280524,304.58947006457106
76350,76.3500000000005,-15032.110240229638,6614.245829601234,305.5544162695101
76400,76.40000000000074,-14935.79017169242,6565.194234136143,303.28840862396004
76450,76.45000000000098,-14891.95567651187,6518.986679430834,301.1537854531619
76500,76.50000000000122,-14939.009902714333,6479.982488089189,299.35193181413877
76550,76.55000000000146,-15060.310919953425,6601.805458709588,304.9797157875654
76600,76.6000000000017,-15050.718019120664,6606.490709309967,305.1961575481465
76650,76.65000000000194,-14788.773603405636,6412.928361027554,296.2542718267998
76700,76.70000000000218,-15024.948787319394,6644.607067937567,306.95699650255193
76750,76.75000000000242,-14961.157091546167,6612.03410232116,305.45224240790594
76800,76.80000000000265,-14852.948876796865,6502.42056765926,300.38849055142646
76850,76.8500000000029,-14981.642841371386,6668.133936101189,308.04385336478293
76900,76.90000000000313,-14761.935088476654,6518.150121606354,301.11513948439693
76950,76.95000000000337,-14962.457804212714,6703.847214388818,309.69367863305627
77000,77.00000000000361,-14875.406957297018,6663.458238472346,307.8278529171976
77050,77.05000000000385,-14770.361142804013,6432.675996915472,297.1665417230034
77100,77.10000000000409,-14953.844989619474,6508.171018060118,300.65414071938017
77150,77.15000000000433,-14942.84978212809,6465.232720781794,298.67054550709344
77200,77.20000000000456,-15047.93383077214,6544.92364845001,302.3519803241458
77250,77.2500000000048,-14939.861659700142,6418.516602544841,296.51242852656225
77300,77.30000000000504,-14987.24988332234,6445.402116157953,297.75444275309667
77350,77.35000000000528,-14973.375354856564,6434.828824044106,297.26599460902634
77400,77.40000000000552,-15095.360525088672,6529.558072733037,301.6421458789498
77450,77.45000000000576,-14995.84517364695,6488.066934215217,299.725404206992
77500,77.500000000006,-15141.940206802748,6628.783304282703,306.22599541923717
77550,77.55000000000624,-14923.972887599528,6372.669962333944,294.3944783099457
77600,77.60000000000647,-14938.89342110304,6364.075305986243,293.99743603619083
77650,77.65000000000671,-14986.244168798035,6396.214703402308,295.4821608362232
77700,77.70000000000695,-15033.27857195568,6411.918106705612,296.2076017033152
77750,77.75000000000719,-15144.730302370257,6498.624604098498,300.2131306600843
77800,77.80000000000743,-15074.974939891626,6452.24154381337,298.0703997614552
77850,77.85000000000767,-15169.009330472902,6521.550955514055,301.27224580403913
77900,77.9000000000079,-15106.994125414327,6445.203950425807,297.7452882075641
77950,77.95000000000815,-15053.659311982918,6310.90346001475,291.54108760639997
78000,78.00000000000838,-15197.597319586319,6461.183851273792,298.483502268765
78050,78.05000000000862,-15067.121560381749,6446.560410047056,297.80795177321346
78100,78.10000000000886,-15049.035428397665,6345.048463627322,293.1184642138232
78150,78.1500000000091,-15025.952967137542,6361.633937865914,293.8846535920356
78200,78.20000000000934,-15106.638300243701,6334.914939338667,292.6503317647818
78250,78.25000000000958,-15221.110356205238,6455.979194004315,298.2430657844207
78300,78.30000000000982,-15126.300657862743,6364.796255799882,294.03074132981635
78350,78.35000000001006,-15185.526833003572,6442.401277658959,297.6158147856002
78400,78.4000000000103,-15279.239075846126,6620.522236670912,305.84436374770377
78450,78.45000000001053,-15165.394969757954,6447.522752417428,297.85240853650976
78500,78.50000000001077,-15147.379586905274,6407.395084632674,295.9986543184017
78550,78.55000000001101,-15212.403217365229,6408.110672083411,296.0317118901086
78600,78.60000000001125,-15125.342085979322,6242.9947715289945,288.4039499486144
78650,78.65000000001149,-15324.284960845245,6433.5755930389705,297.2080998349145
78700,78.70000000001173,-15166.941156482771,6404.236309199506,295.8527302314424
78750,78.75000000001197,-15084.39995506417,6275.921245687801,289.92503486904195
78800,78.8000000000122,-15202.443559561463,6356.324058982688,293.63935624681676
78850,78.85000000001244,-14930.19278018161,6142.800339010041,283.7753268023789
78900,78.90000000001268,-15173.59634733581,6286.159333053643,290.39799775693245
78950,78.95000000001292,-15083.604939330298,6275.493986701603,289.9052970374755
79000,79.00000000001316,-15149.578166507281,6304.369791322934,291.23925556467395
79050,79.0500000000134,-15215.748728086974,6404.3676198978055,295.85879631437956
79100,79.10000000001364,-15129.23444556938,6416.622998054427,296.4249507959759
79150,79.15000000001388,-15192.295266589435,6358.214308424566,293.7266789862033
79200,79.20000000001411,-15069.43052627155,6316.110759636471,291.78164615793344
79250,79.25000000001435,-15049.867873091904,6330.142620719956,292.4298677742742
79300,79.30000000001459,-15067.138752146995,6361.832054130592,293.89380585234863
79350,79.35000000001483,-15198.986668396803,6536.963127593553,301.9842328339315
79400,79.40000000001507,-15067.98106504542,6423.273157012282,296.7321642698648
79450,79.45000000001531,-15028.43494746398,6378.5778270116825,294.6674004524713
79500,79.50000000001555,-15243.805629225579,6540.21777998473,302.1345860922117
79550,79.55000000001579,-15060.398150818244,6329.951083538416,292.42101944398723
79600,79.60000000001602,-15044.44931203331,6332.394776241768,292.53390927553437
79650,79.65000000001626,-15063.192126356505,6377.994577793958,294.640456432117
79700,79.7000000000165,-15223.218694837142,6564.701732693798,303.26565682509977
79750,79.75000000001674,-15021.192694050424,6426.974693327485,296.9031619613976
79800,79.80000000001698,-15050.765720779265,6468.614482189473,298.826770745693
79850,79.85000000001722,-14988.56862296906,6438.531668171352,297.4370527167813
79900,79.90000000001746,-14903.759982603258,6377.557684499744,294.6202735301014
79950,79.9500000000177,-15043.926578977882,6512.054419134955,300.83353991002593
80000,80.00000000001793,-15055.880112128087,6509.550820190249,300.7178826251547
80050,80.05000000001817,-14992.144833102491,6430.006443965212,297.043217958748
80100,80.10000000001841,-15006.231843832124,6466.2866617028385,298.7192337946486
80150,80.15000000001865,-14806.435265379829,6277.104910312107,289.97971592605984
80200,80.20000000001889,-14995.620196846967,6455.9410968798275,298.24130583401455
80250,80.25000000001913,-14893.653317337123,6393.178026087416,295.3418772440715
80300,80.30000000001937,-14873.817640692427,6346.645956032532,293.19226262893267
80350,80.3500000000196,-14984.74292228388,6562.661753068701,303.17141708868746
80400,80.40000000001984,-14892.165227237827,6471.767248906809,298.97241725154834
80450,80.45000000002008,-14759.541967041863,6336.261184350682,292.7125234521487
80500,80.50000000002032,-14950.078484209178,6414.922813993417,296.34640839496814
80550,80.55000000002056,-15074.78296474065,6560.520796257486,303.0725125687221
80600,80.6000000000208,-14966.335527151048,6458.1392972312615,298.34285480006895
80650,80.65000000002104,-15053.781225361357,6581.523800143948,304.0427759604626
80700,80.70000000002128,-14841.825528756093,6314.946793513206,291.7278751009582
80750,80.75000000002152,-14926.039957026833,6335.976795749534,292.6993857195551
80800,80.80000000002175,-14998.297577103207,6417.20069733753,296.45163842927155
80850,80.85000000002199,-15036.43349202978,6433.383398401102,297.19922113250504
80900,80.90000000002223,-15075.66172201799,6401.37436548167,295.7205187042891
80950,80.95000000002247,-15036.807098112537,6305.480682706076,291.290574759161
81000,81.00000000002271,-15184.488776431317,6440.764818937569,297.54021626654827
81050,81.05000000002295,-15111.009052671767,6353.873947708029,293.526169900314
81100,81.10000000002319,-15047.028889007328,6433.768833207005,297.2170268370648
81150,81.15000000002343,-14954.738541071587,6360.880737851555,293.8498584548951
81200,81.20000000002366,-15095.619210278517,6549.949495716562,302.5841564281724
81250,81.2500000000239,-15030.333357338637,6393.257380871239,295.34554315024945
81300,81.30000000002414,-15032.898843358334,6456.832292218316,298.28247585981177
81350,81.35000000002438,-15225.588355986814,6711.3046271431585,310.0381843348001
81400,81.40000000002462,-14911.13918725773,6560.151238972498,303.0554403486381
81450,81.45000000002486,-14885.106927239798,6428.365715850184,296.96742220903445
81500,81.5000000000251,-15050.40820317265,6507.529916969094,300.6245241501319
81550,81.55000000002534,-15178.207567841213,6615.661355081316,305.6198084658276
81600,81.60000000002557,-15121.905564017214,6559.314673125603,303.0167940092664
81650,81.65000000002581,-15276.169771959987,6661.19078327324,307.72310462576286
81700,81.70000000002605,-15062.676748367536,6387.618538091898,295.0850488538074
81750,81.75000000002629,-15185.477184205653,6413.22765011637,296.26809790844004
81800,81.80000000002653,-15123.092987298009,6309.165412637362,291.46079605608145
81850,81.85000000002677,-15262.48807483249,6422.697632293716,296.7055770936454
81900,81.900000000027,-15205.490114609802,6349.171228338144,293.30892114528376
81950,81.95000000002725,-15031.89011763548,6259.7728468787855,289.17903680684515
82000,82.00000000002748,-15074.104010401286,6371.615386623163,294.3457606973833
82050,82.05000000002772,-14928.360519111702,6293.543738999761,290.73913080618587
82100,82.10000000002796,-14952.964845295084,6458.820024234222,298.37430194421614
82150,82.1500000000282,-15238.538199684948,6752.830561814015,311.9565334641315
82200,82.20000000002844,-14937.053291967404,6467.399676894568,298.7706511014693
82250,82.25000000002868,-15033.063690452853,6495.864187671703,300.0856093293567
82300,82.30000000002892,-15123.129348666787,6551.710149822085,302.6654923281866
82350,82.35000000002915,-15055.767555570212,6425.767933876342,296.84741400627604
82400,82.4000000000294,-15119.865142141836,6591.847274801796,304.5196834347562
82450,82.45000000002963,-15060.004606235216,6618.339903100959,305.7435477700018
82500,82.50000000002987,-15074.920996213186,6641.123718965254,306.7960782831029
82550,82.55000000003011,-15056.611132143204,6655.849904496619,307.47637519673964
82600,82.60000000003035,-15061.07679704974,6528.963094406054,301.61466001584796
82650,82.65000000003059,-15109.384524923698,6570.808219338588,303.54775458957295
82700,82.70000000003083,-15095.139002342083,6604.1141724550835,305.0863700757506
82750,82.75000000003106,-14953.057481418893,6421.528565851329,296.6515704202337
82800,82.8000000000313,-14877.882199931188,6370.449221872723,294.29188807172426
82850,82.85000000003154,-15027.350728233914,6557.084945069248,302.9137885764096
82900,82.90000000003178,-14941.201818777554,6531.815258605765,301.74641976436646
82950,82.95000000003202,-14997.973258144262,6599.847323711172,304.889256979134
83000,83.00000000003226,-14904.245311992963,6517.610665393157,301.09021854366193
83050,83.0500000000325,-14866.200320783904,6487.615220846152,299.70453667071325
83100,83.10000000003274,-14976.490031127605,6557.6621148619715,302.94045174915027
83150,83.15000000003297,-14942.527331506077,6496.156036078886,300.0990916782131
83200,83.20000000003321,-15071.219781714452,6520.638131495195,301.2300766108423
83250,83.25000000003345,-14860.41176765324,6398.633729833817,295.5939111745478
83300,83.30000000003369,-14982.784063358238,6468.343804403041,298.814266403526
83350,83.35000000003393,-14892.249555678944,6398.949743825279,295.60850988665834
83400,83.40000000003417,-15072.05749389092,6496.781572615887,300.1279892209326
83450,83.45000000003441,-15161.830029632445,6566.004483881285,303.3258392538894
83500,83.50000000003465,-14953.344890921939,6342.816805494671,293.01536961836933
83550,83.55000000003488,-15072.018749767893,6478.74081959276,299.2945711864269
83600,83.60000000003512,-15049.16491837836,6439.59091213558,297.4859859858969
83650,83.65000000003536,-14980.542032566169,6326.585353493174,292.2655347967895
83700,83.7000000000356,-15132.022408763665,6493.019372829561,299.9541890947783
83750,83.75000000003584,-15070.418130390204,6497.851276447278,300.1774056983667
83800,83.80000000003608,-15071.913115110934,6514.10394064774,300.92822044739995
83850,83.85000000003632,-15010.646017755487,6424.610030840035,296.7939230421555
83900,83.90000000003656,-15036.98616751334,6313.506295609096,291.66132926828624
83950,83.9500000000368,-15015.284401555216,6267.640322108168,289.54248592306493
84000,84.00000000003703,-15084.33489186921,6431.255492185634,297.10091950321964
84050,84.05000000003727,-14947.803377015161,6391.176150279175,295.24939776722874
84100,84.10000000003751,-14873.85676046498,6407.567699609548,296.006628510752
84150,84.15000000003775,-15031.406222119425,6603.995020065173,305.08086566302023
84200,84.20000000003799,-14946.140819715196,6512.627231568003,300.8600017883898
84250,84.25000000003823,-15096.443199122326,6626.712240697235,306.13031971542785
84300,84.30000000003847,-15047.960087377856,6755.487809391819,312.0792887643482
84350,84.3500000000387,-14870.849239240328,6567.842627133261,303.41075487433153
84400,84.40000000003894,-14919.28941929309,6599.457455864756,304.8712464840144
84450,84.45000000003918,-14924.766078792294,6606.898440765759,305.2149932778999
84500,84.50000000003942,-14948.721776502687,6489.246506305278,299.77989620361745
84550,84.55000000003966,-15070.983687510357,6625.811636301138,306.08871502494185
84600,84.6000000000399,-14952.466709071927,6532.55247674387,301.78047659618903
84650,84.65000000004014,-15023.447529474524,6495.944984018527,300.089341830571
84700,84.70000000004038,-14913.483685544346,6416.379811218133,296.4137164370297
84750,84.75000000004061,-14975.068198724513,6463.682021988219,298.5989087888813
84800,84.80000000004085,-15261.37657639485,6715.231364000783,310.21958548306196
84850,84.85000000004109,-15139.096510587813,6583.7840809467425,304.14719282053943
84900,84.90000000004133,-15114.156352174083,6479.170156457104,299.3144050085054
84950,84.95000000004157,-15219.827112836883,6523.981912589712,301.3845472952997
85000,85.00000000004181,-15168.396929132601,6457.781805325525,298.32633995719914
85050,85.05000000004205,-15157.578283300998,6450.002674755917,297.96697204715815
85100,85.10000000004229,-15190.050938327866,6455.724744259061,298.2313111195074
85150,85.15000000004252,-15257.013010336008,6539.740691163453,302.11254630112296
85200,85.20000000004276,-15145.51743814507,6366.4849492111725,294.1087529040514
85250,85.250000000043,-15136.050272227625,6412.115250165486,296.21670902353816
85300,85.30000000004324,-15098.302068045403,6383.01916218887,294.8725741960067
85350,85.35000000004348,-15255.02301083897,6477.745539196168,299.2485928045463
85400,85.40000000004372,-15213.140182808176,6550.360833450881,302.60315875504944
85450,85.45000000004396,-15130.284446189888,6522.038080438611,301.2947492270759
85500,85.5000000000442,-15078.548336135122,6497.602311728962,300.1659044220101
85550,85.55000000004443,-15050.949715999508,6449.212922150876,297.9304883115294
85600,85.60000000004467,-14926.833184208082,6273.852739703887,289.82947731724425
85650,85.65000000004491,-15289.460331581595,6657.470733582155,307.5512516827159
85700,85.70000000004515,-15168.355530163957,6473.117974619923,299.034815931223
85750,85.75000000004539,-15166.626364840109,6473.570277292187,299.0557106911943
85800,85.80000000004563,-15119.23571019892,6530.33375092789,301.6779794273463
85850,85.85000000004587,-15139.889097566653,6597.934736752069,304.80090232662957
85900,85.9000000000461,-15285.942852854903,6769.826328846033,312.7416768967024
85950,85.95000000004634,-15195.689151109847,6615.0793540326395,305.5929221064031
86000,86.00000000004658,-15029.88676464271,6322.5138936988615,292.07744796831867
86050,86.05000000004682,-15112.75596820048,6417.565869241548,296.4685080604956
86100,86.10000000004706,-15177.639735748231,6578.9593904555495,303.9243094375058
86150,86.1500000000473,-15228.327989766753,6577.144486874948,303.84046740646517
86200,86.20000000004754,-15145.167172170328,6479.409707596967,299.32547141132636
86250,86.25000000004778,-15119.128839965377,6489.797147390322,299.805333845285
86300,86.30000000004802,-15067.527272448977,6507.464416764304,300.6214982757759
86350,86.35000000004825,-15005.829081861333,6441.1383107675265,297.5574702484873
86400,86.4000000000485,-15019.454504548848,6489.44897895705,299.7892497133775
86450,86.45000000004873,-15113.87630722336,6577.635836017257,303.8631659731998
86500,86.50000000004897,-14925.799624329971,6369.192814073363,294.23384654112186
86550,86.55000000004921,-15036.448799540074,6548.646808830318,302.52397696986935
86600,86.60000000004945,-15025.284232566442,6496.138784138822,300.0982947005059
86650,86.65000000004969,-15236.877242751369,6755.202869243365,312.06612555224876
86700,86.70000000004993,-15212.903762485761,6740.8059468676465,311.40103941455146
86750,86.75000000005016,-15025.901571304903,6492.567769754906,299.9333266537054
86800,86.8000000000504,-15042.457539038656,6529.906037065846,301.65822058214854
86850,86.85000000005064,-15208.158654876059,6623.823568574388,305.99687343190146
86900,86.90000000005088,-15133.325077875481,6598.194740281763,304.8129135564493
86950,86.95000000005112,-15116.692609882411,6683.882660809163,308.77138791809494
87000,87.00000000005136,-15125.236162415615,6624.943759873655,306.0486222491326
87050,87.0500000000516,-15130.831577484794,6568.975000749074,303.4630664708601
87100,87.10000000005184,-15115.526955800493,6582.391091421324,304.08284170443727
87150,87.15000000005207,-15119.68829489984,6551.511565055836,302.6563184247825
87200,87.20000000005231,-15057.404600127673,6530.328469548057,301.6777354465549
87250,87.25000000005255,-15134.202551604703,6568.416077997299,303.4372462459156
87300,87.30000000005279,-15172.752881445376,6576.684873997946,303.81923494127403
87350,87.35000000005303,-15101.184459283932,6510.747919385828,300.77318431114355
87400,87.40000000005327,-15102.050124974332,6482.478815476337,299.4672531791512
87450,87.4500000000535,-15227.830977041756,6632.760846491863,306.40974359238004
87500,87.50000000005375,-15066.284698737216,6490.119967983159,299.8202469979475
87550,87.55000000005398,-15063.417197304068,6579.970780305914,303.97103201832766
87600,87.60000000005422,-15084.181612727196,6549.89861926586,302.58180611876503
87650,87.65000000005446,-15161.737318500152,6627.519210548509,306.1675988260333
87700,87.7000000000547,-15248.159402309971,6707.052403186701,309.8417468508699
87750,87.75000000005494,-15227.13724234965,6707.689488778283,309.87117791845714
87800,87.80000000005518,-14927.588593705219,6397.138959501768,295.5248581505096
87850,87.85000000005542,-15022.256561773502,6496.318121166935,300.10657942749555
87900,87.90000000005566,-15164.033290793703,6602.23197921198,304.99941950383067
87950,87.9500000000559,-15282.176613853597,6709.5877142700265,309.9588691227184
88000,88.00000000005613,-15207.466462762093,6550.676923358303,302.61776097420477
88050,88.05000000005637,-15242.311372237255,6511.387246518603,300.80271892988816
88100,88.10000000005661,-15208.177546654999,6490.156184580057,299.82192007472895
88150,88.15000000005685,-15136.316506605315,6359.140756486563,293.7694775612911
88200,88.20000000005709,-15200.776260787032,6399.837967778929,295.6495426451414
88250,88.25000000005733,-15216.07986549369,6432.799321886309,297.17223889399565
88300,88.30000000005757,-15077.20461792589,6266.940451804854,289.510154427154
88350,88.3500000000578,-14945.101627279046,6086.782428759134,281.1875004184924
88400,88.40000000005804,-15267.349050394345,6415.904528098866,296.39176006289244
88450,88.45000000005828,-15143.859963582807,6304.730839091927,291.2559346756629
88500,88.50000000005852,-15110.210165081306,6312.59879599024,291.6194060432584
88550,88.55000000005876,-14913.067585384404,6194.059618114708,286.1433215078565
88600,88.600000000059,-15106.08620651946,6440.572050380742,297.531311051143
88650,88.65000000005924,-15130.238523937243,6529.887564467264,301.6573672143993
88700,88.70000000005948,-15068.482057366351,6519.587339324965,301.18153378427263
88750,88.75000000005971,-15025.096803726774,6515.475930081623,300.99160143465053
88800,88.80000000005995,-15076.443773026904,6547.822054496868,302.48587628002275
88850,88.85000000006019,-14990.79464836402,6542.161069495362,302.2243590923935
88900,88.90000000006043,-15098.404818985015,6624.322220295098,306.0199093515466
88950,88.95000000006067,-15111.153043804183,6701.593196701365,309.5895511064275
89000,89.00000000006091,-14858.365767623864,6422.48667797915,296.69583176150815
89050,89.05000000006115,-15163.401579722084,6623.309405494326,305.9731209431305
89100,89.10000000006139,-15107.134374482872,6544.956181870714,302.35348325140745
89150,89.15000000006162,-15204.343389263466,6580.202773342931,303.98174926392613
89200,89.20000000006186,-15059.594345948597,6395.696006324662,295.4581988930382
89250,89.2500000000621,-14881.814211097482,6190.503775453387,285.9790543401827
89300,89.30000000006234,-15210.230881556863,6562.192706532762,303.1497488223145
89350,89.35000000006258,-14993.589511589922,6389.768058807054,295.18434899539557
89400,89.40000000006282,-15105.04812830885,6529.629221696784,301.64543270569413
89450,89.45000000006306,-14949.468684092895,6351.963050233072,293.43789329591283
89500,89.5000000000633,-15139.559348688781,6522.408602681485,301.31186602475066
89550,89.55000000006353,-14946.344883125545,6319.622061506514,291.9438557009241
89600,89.60000000006377,-15017.415988362482,6478.982126793589,299.3057187129613
89650,89.65000000006401,-14844.658787336622,6327.722924756985,292.31808650599925
89700,89.70000000006425,-14854.458910128451,6320.554954563284,291.98695201163684
89750,89.75000000006449,-15137.214065101958,6669.183955320034,308.09236048377306
89800,89.80000000006473,-15007.58515098092,6491.770846051897,299.89651163909036
89850,89.85000000006497,-14938.268815749234,6448.849895637612,297.91371778965765
89900,89.9000000000652,-14914.189653363044,6416.766134666892,296.43156319369973
89950,89.95000000006544,-14926.709369447513,6354.107186218786,293.53694468232874
90000,90.00000000006568,-15020.153804327862,6423.968220412611,296.76427370411164
90050,90.05000000006592,-14975.900454757237,6370.138617339312,294.2775392571591
90100,90.10000000006616,-14942.989300003437,6361.690618444352,293.88727203131117
90150,90.1500000000664,-14935.620175459742,6380.4688987035715,294.754761176857
90200,90.20000000006664,-15067.02284363828,6436.225913087889,297.3305351081622
90250,90.25000000006688,-15009.986364274606,6421.713209601821,296.6601002987494
90300,90.30000000006712,-14954.515148102835,6516.195079298018,301.02482354714635
90350,90.35000000006735,-14860.318031846684,6418.594838587665,296.5160427509217
90400,90.40000000006759,-14898.440109500252,6399.698915585007,295.64311893289374
90450,90.45000000006783,-14994.05984501223,6516.660693527974,301.0463332533028
90500,90.50000000006807,-14833.887962344426,6399.425017771489,295.6304658370332
90550,90.55000000006831,-14867.978396774393,6437.172221389559,297.3742511550369
90600,90.60000000006855,-14819.141762381772,6374.8098882599115,294.49333520671286
90650,90.65000000006879,-14924.856832499492,6562.161778721263,303.14832006843494
90700,90.70000000006902,-14992.4618482357,6703.455953355515,309.67560377770315
90750,90.75000000006926,-14925.342987743621,6718.123910904434,310.3532107675534
90800,90.8000000000695,-14846.47384442382,6552.694156395471,302.710949899901
90850,90.85000000006974,-14933.584762175306,6704.035861482344,309.70239345165055
90900,90.90000000006998,-14928.870463644453,6696.742947642597,309.3654870093114
90950,90.95000000007022,-14908.1581803878,6687.266830182731,308.9277243960755
91000,91.00000000007046,-14975.421087993593,6711.420872441809,310.04355445034895
91050,91.0500000000707,-14916.844907394458,6706.258840779659,309.8050871160636
91100,91.10000000007093,-14909.477102711422,6701.477822349148,309.58422122547773
91150,91.15000000007117,-14924.677990711862,6659.66770234131,307.65274375362765
91200,91.20000000007141,-15035.657539031483,6759.534912235432,312.2662503891231
91250,91.25000000007165,-15074.93923771807,6681.639952596784,308.66778284862056
91300,91.30000000007189,-14893.624183674576,6574.83878355243,303.7339521890159
91350,91.35000000007213,-14856.448614319012,6538.706028170807,302.06474858466385
91400,91.40000000007237,-15097.498371776825,6625.681765118032,306.0827154424397
91450,91.4500000000726,-15067.124713568432,6694.222934510511,309.2490714479
91500,91.50000000007284,-14806.71417439116,6438.125474522531,297.4182880281901
91550,91.55000000007308,-14884.966811577166,6536.088348623886,301.9438211854492
91600,91.60000000007332,-15000.111801296705,6664.172846199797,307.8608652292054
91650,91.65000000007356,-14826.379186493386,6501.605879983762,300.3508549050441
91700,91.7000000000738,-14845.548974024287,6490.574095054445,299.84122603860516
91750,91.75000000007404,-14871.57443201535,6532.150191021008,301.76189243975017
91800,91.80000000007428,-14719.532984276833,6403.086203608209,295.7995994812934
91850,91.85000000007452,-14863.912149051659,6552.8092163163055,302.71626525524954
91900,91.90000000007475,-14926.974556613452,6581.937502857341,304.06188754088413
91950,91.950000000075,-14968.327641785272,6670.841884493832,308.1689508606606
92000,92.00000000007523,-14843.426671361576,6538.964956617661,302.0767101495153
92050,92.05000000007547,-14776.370904758973,6407.925123696174,296.02314022062245
92100,92.10000000007571,-14942.193949147671,6601.227374760107,304.95301038406376
92150,92.15000000007595,-14808.927020997306,6373.79573923343,294.4464851618581
92200,92.20000000007619,-14962.585048836974,6448.0548231614,297.8769882950759
92250,92.25000000007643,-14986.24966215778,6483.582008936635,299.51821675723374
92300,92.30000000007666,-14992.194060850617,6479.314085589435,299.32105401780234
92350,92.3500000000769,-14899.73297094629,6398.436959256929,295.58482108018046
92400,92.40000000007714,-14966.062177832151,6427.34336850895,296.92019343146507
92450,92.45000000007738,-14876.099138743837,6311.93883775335,291.58891834155656
92500,92.50000000007762,-15061.355903414722,6538.139004780143,302.03855413927903
92550,92.55000000007786,-15046.103690955839,6500.659861316497,300.30715223823927
92600,92.6000000000781,-14963.21660916629,6429.439366911193,297.01702103430875
92650,92.65000000007834,-15103.65768729743,6543.951836411642,302.3070860961783
92700,92.70000000007857,-14992.870281465068,6414.192650605836,296.31267746729753
92750,92.75000000007881,-15072.77939672186,6516.48458390682,301.0381976209303
92800,92.80000000007905,-15148.660343252053,6755.7899654739995,312.09324729079117
92850,92.85000000007929,-14960.241970956753,6695.450238337048,309.30576847942314
92900,92.90000000007953,-14987.685482382498,6696.460102536533,309.3524205806505
92950,92.95000000007977,-15012.039434128536,6693.128572167703,309.19851583574723
93000,93.00000000008001,-15025.737836970846,6767.640251169677,312.64068795472366
93050,93.05000000008025,-15052.632551186543,6797.8975866529445,314.0384682489009
93100,93.10000000008048,-14897.557230259888,6618.047980563626,305.73006199659864
93150,93.15000000008072,-14876.266438874347,6598.632943431147,304.83315696907215
93200,93.20000000008096,-14981.708795422646,6628.55734701728,306.2155570046217
93250,93.2500000000812,-14933.289780715211,6596.3788796078525,304.7290273111331
93300,93.30000000008144,-15008.97964713583,6718.670543159523,310.37846321566633
93350,93.35000000008168,-14788.268456262856,6505.513835052378,300.5313884020688
93400,93.40000000008192,-14868.208143609269,6667.730330513475,308.0252082353254
93450,93.45000000008216,-14898.367228783216,6653.422840531369,307.36425355320597
93500,93.5000000000824,-14928.684394736232,6678.38648400778,308.5174842777517
93550,93.55000000008263,-14936.684131863749,6611.912684076726,305.44663332082956
93600,93.60000000008287,-14913.098469395045,6536.517870464605,301.9636635527723
93650,93.65000000008311,-15019.614241677826,6672.292579311656,308.23596775414546
93700,93.70000000008335,-14984.369454618674,6716.432031928473,310.27505203166476
93750,93.75000000008359,-14922.654087798539,6688.754995512968,308.9964722927379
93800,93.80000000008383,-14935.645323157918,6680.080439209717,308.5957389278281
93850,93.85000000008407,-14808.520665210499,6645.060958491666,306.97796461696447
93900,93.9000000000843,-14789.260858728652,6643.176111140695,306.8908914347877
93950,93.95000000008454,-14803.274527679112,6632.407521667594,306.3934212537168
94000,94.00000000008478,-14858.101263989862,6754.413118730092,312.02964191325225
94050,94.05000000008502,-14729.935072218737,6637.567388582332,306.6317885844418
94100,94.10000000008526,-14678.904230185262,6547.134431223083,302.4541105529168
94150,94.1500000000855,-14986.926913247535,6776.220180299067,313.03704988385425
94200,94.20000000008574,-14934.401845208571,6804.027399700699,314.32164360946365
94250,94.25000000008598,-14804.238228048594,6652.9417625683955,307.3420294780894
94300,94.30000000008621,-14696.040612165816,6421.793171486402,296.6637942508032
94350,94.35000000008645,-14804.315858459642,6495.097393098902,300.05018617241234
94400,94.40000000008669,-14790.272458838932,6474.314733761482,299.09010190793674
94450,94.45000000008693,-14815.137734993703,6514.657555587367,300.953795470475
94500,94.50000000008717,-14959.636152156221,6618.779684105043,305.76386407384825
94550,94.55000000008741,-14868.110937289955,6476.683597147636,299.19953489362035
94600,94.60000000008765,-14773.151769031483,6347.280216984039,293.22156320828714
94650,94.65000000008789,-15045.144935933915,6617.391813254651,305.6997494221594
94700,94.70000000008812,-14836.973428974872,6463.603748814802,298.59529284922183
94750,94.75000000008836,-14868.181095080945,6500.752321368535,300.31142356076896
94800,94.8000000000886,-14833.444333866311,6410.377866133489,296.1364481173957
94850,94.85000000008884,-14922.454447623459,6461.052168229251,298.477418984768
94900,94.90000000008908,-14984.637856430916,6445.128319042773,297.7417943091379
94950,94.95000000008932,-14943.398388590876,6417.869633238813,296.48254086684403
95000,95.00000000008956,-14982.704268631433,6409.284137766235,296.085921792638
95050,95.0500000000898,-14956.592765266189,6320.950054360996,292.00520420412687
95100,95.10000000009003,-14973.078339142847,6399.677991320708,295.6421523069883
95150,95.15000000009027,-14953.275705864058,6339.5398139749595,292.86398437253456
95200,95.20000000009051,-15054.77123759528,6439.328758442204,297.47387542623284
95250,95.25000000009075,-14947.796846368143,6277.826930956435,290.0130706882195
95300,95.30000000009099,-14923.578580671383,6240.631431076678,288.2947721026502
95350,95.35000000009123,-14978.53917328484,6192.6122063762305,286.0764562808531
95400,95.40000000009147,-15213.19160433442,6510.09970049041,300.7432389248808
95450,95.4500000000917,-15149.113464530212,6500.473951509794,300.298563872471
95500,95.50000000009194,-14923.227000443447,6328.803027820703,292.36798339064
95550,95.55000000009218,-15017.825284297001,6326.440518989879,292.2588439626037
95600,95.60000000009242,-15052.701960091552,6334.314502528642,292.62259373935603
95650,95.65000000009266,-15065.95937749725,6306.747359245814,291.34909066871035
95700,95.7000000000929,-15128.87149479684,6368.062723579214,294.18164041661925
95750,95.75000000009314,-15129.047290058115,6380.523774032688,294.7572962200937
95800,95.80000000009338,-14964.20673584521,6150.365722580599,284.1248203682835
95850,95.85000000009362,-15121.603309265365,6304.6717454185855,291.2532047600643
95900,95.90000000009385,-15211.312982159414,6432.2994464021385,297.1491464408712
95950,95.9500000000941,-15266.010670159565,6544.280979412585,302.3222913214017
96000,96.00000000009433,-15181.811349680069,6466.13371601445,298.7121682528256
96050,96.05000000009457,-14880.067054016845,6182.027251389629,285.58746935392406
96100,96.10000000009481,-15122.716162479763,6410.206969575362,296.1285533098233
96150,96.15000000009505,-15003.994554322046,6342.433384041756,292.99765692349087
96200,96.20000000009529,-15061.846822643274,6425.63236693603,296.8411513002352
96250,96.25000000009553,-14851.99131630762,6239.946305929331,288.26312178001893
96300,96.30000000009576,-15013.37937711777,6442.99337317592,297.6431674732266
96350,96.350000000096,-15015.71660858094,6414.027986971461,296.3050705984302
96400,96.40000000009624,-14921.803973455359,6381.133245618376,294.7854516197258
96450,96.45000000009648,-14964.196021406997,6327.908043455091,292.3266383253899
96500,96.50000000009672,-15026.78458956884,6381.784275201863,294.81552684968875
96550,96.55000000009696,-14990.376002947378,6407.493160302492,296.0031850623161
96600,96.6000000000972,-15024.492712723388,6402.801093648371,295.78642842451757
96650,96.65000000009744,-15036.801755012542,6418.615410735856,296.5169931103268
96700,96.70000000009767,-14926.857966749709,6281.078731416357,290.16329219751236
96750,96.75000000009791,-15116.831294168052,6496.697369328547,300.1240993312953
96800,96.80000000009815,-15136.612105983213,6407.368805034762,295.99744029530564
96850,96.85000000009839,-15032.811933269719,6232.425983421278,287.9157098734607
96900,96.90000000009863,-15187.37482050062,6442.189889817242,297.6060494260647
96950,96.95000000009887,-15008.470983305157,6296.65268427378,290.8827529186518
97000,97.0000000000991,-15142.19332489692,6454.3189639683615,298.1663691159602
97050,97.05000000009935,-15218.346036261428,6512.078587771034,300.83465641426227
97100,97.10000000009958,-15158.649030749379,6443.607893382835,297.67155610103794
97150,97.15000000009982,-15283.175058103703,6595.216536744341,304.675331242932
97200,97.20000000010006,-15073.152477138425,6414.149555409162,296.3106866238963
97250,97.2500000001003,-15191.223079424426,6445.5990380679505,297.76353983851044
97300,97.30000000010054,-15124.879386796481,6431.8853182876865,297.13001520844773
97350,97.35000000010078,-15203.546187308719,6454.633585828201,298.1809035165867
97400,97.40000000010102,-15109.24106891785,6394.335076411836,295.3953288159635
97450,97.45000000010126,-15084.55914919732,6346.164502127306,293.17002118663345
97500,97.5000000001015,-15147.136788661071,6345.240974469429,293.12735752373345
97550,97.55000000010173,-15190.106703797162,6421.835460494481,296.6657478511851
97600,97.60000000010197,-15082.693773425472,6295.117191233514,290.8118186516633
97650,97.65000000010221,-15065.340223888015,6243.182982117675,288.4126446022517
97700,97.70000000010245,-15247.748937354565,6549.876291858112,302.58077467266867
97750,97.75000000010269,-14973.273264128498,6327.608823902974,292.31281545609556
97800,97.80000000010293,-15222.462867234466,6587.255801444628,304.30757384620904
97850,97.85000000010317,-15227.9852279416,6676.785580317691,308.4435282735252
97900,97.9000000001034,-15006.537043828732,6471.315630836095,298.95155411771134
97950,97.95000000010364,-14866.380343902616,6378.466339363473,294.66225012329585
98000,98.00000000010388,-14968.070179445382,6423.976776937192,296.7646689848346
98050,98.05000000010412,-15029.07967301381,6581.718418757562,304.051766641851
98100,98.10000000010436,-14968.55953731299,6571.000129657076,303.5566201574476
98150,98.1500000001046,-14988.511010287433,6642.326121982112,306.8516249865974
98200,98.20000000010484,-14960.496356218142,6592.2799882841755,304.53967324446796
98250,98.25000000010508,-15067.582136777457,6611.121769974444,305.41009592819734
98300,98.30000000010531,-14940.603125729487,6614.840221032206,305.5818750201228
98350,98.35000000010555,-15100.665033555853,6747.649235611309,311.717174791328
98400,98.40000000010579,-15061.014744290711,6852.9715182806585,316.58268620869626
98450,98.45000000010603,-14880.22653464517,6708.00141259162,309.88558767901947
98500,98.50000000010627,-14868.70492750032,6693.329673439485,309.2078059926742
98550,98.55000000010651,-14795.506530847928,6603.498705617214,305.05793771698694
98600,98.60000000010675,-14933.4184442764,6696.847220823951,309.37030405601365
98650,98.65000000010698,-14970.928368770366,6711.445250502859,310.04468062926725
98700,98.70000000010722,-14961.450839914385,6706.445303362521,309.8137010181063
98750,98.75000000010746,-14946.10006285296,6679.4612571890875,308.5671349409561
98800,98.8000000001077,-14903.41019041579,6685.018206973937,308.82384607499796
98850,98.85000000010794,-14891.052866770762,6780.362839509083,313.22842586976856
98900,98.90000000010818,-14852.604323572377,6788.6636240816015,313.6118923223283
98950,98.95000000010842,-14738.398173966616,6652.10915292401,307.3035659010732
99000,99.00000000010866,-14798.156953816782,6712.645383287464,310.10012245618043
99050,99.0500000001089,-14787.980746692967,6657.297074298134,307.5432292471237
99100,99.10000000010913,-14856.967528195892,6640.075667636908,306.74766207359033
99150,99.15000000010937,-14823.181385760578,6607.93403377652,305.2628339578577
99200,99.20000000010961,-14814.960490943504,6588.051466160782,304.34433070015035
99250,99.25000000010985,-14735.819335076165,6507.560122877243,300.6259195546678
99300,99.30000000011009,-14844.355809617486,6683.366659574561,308.7475505131821
99350,99.35000000011033,-14735.37313670335,6562.194851488625,303.1498479115763
99400,99.40000000011057,-14791.676856206657,6551.256428841981,302.6445320474839
99450,99.4500000001108,-14933.993740311462,6548.976768031604,302.539219900619
99500,99.50000000011104,-14778.59871506525,6361.569635446174,293.88168305104955
99550,99.55000000011128,-14918.040373683692,6454.784835019844,298.1878906863493
99600,99.60000000011152,-15003.562521086318,6585.772348283805,304.23904363485974
99650,99.65000000011176,-15055.257754407507,6580.03581653863,303.9740364588392
99700,99.700000000112,-14989.687409888156,6500.6128091665505,300.3049785977999
99750,99.75000000011224,-14895.159894519431,6380.921170676646,294.775654518636
99800,99.80000000011248,-14942.824513027539,6345.391597692956,293.1343157760161
99850,99.85000000011271,-14995.092256492733,6388.893101674348,295.1439291164204
99900,99.90000000011295,-15046.977892190378,6507.662025889306,300.6306271080563
99950,99.95000000011319,-14930.218015845725,6441.044110969407,297.5531185559332
100000,100.00000000011343,-15042.67188114206,6570.795219191242,303.54715402942804
100050,100.05000000011367,-14938.88335234073,6501.723073859984,300.35626884147194
100100,100.10000000011391,-15091.389707920043,6611.503024449987,305.42770851649925
100150,100.15000000011415,-15057.995614116571,6689.921912144252,309.0503796525931
100200,100.20000000011439,-14953.043158443163,6457.108151867915,298.29521958545746
100250,100.25000000011462,-15018.609392686356,6481.37524098344,299.41627199873034
100300,100.30000000011486,-15064.111616695041,6675.932298447231,308.404109713865
100350,100.3500000001151,-14961.329286095919,6652.934127412816,307.34167676130716
100400,100.40000000011534,-14812.032621768449,6612.473340983062,305.4725336574902
100450,100.45000000011558,-14748.97611173799,6547.613194425205,302.47622769439056
100500,100.50000000011582,-14742.919371761187,6603.645046395991,305.0646981356934
100550,100.55000000011606,-14838.844347954491,6770.9756081474125,312.7947694752232
100600,100.6000000001163,-14538.683354911045,6436.400455594368,297.3385983454617
100650,100.65000000011653,-14792.380362855693,6569.560828275475,303.49012959982076
100700,100.70000000011677,-14859.68331696328,6643.879527343144,306.92338673851106
100750,100.75000000011701,-14793.436865650789,6540.115061387625,302.12984086172173
100800,100.80000000011725,-14843.149154622755,6638.773175973164,306.6874916338661
100850,100.85000000011749,-14684.024633659217,6523.455357024345,301.3602223181891
100900,100.90000000011773,-14814.029834497273,6647.687891351864,307.0993194860389
100950,100.95000000011797,-14914.538389606761,6681.512787717809,308.6619082876553
101000,101.0000000001182,-14726.973027397435,6564.299776451985,303.2470878895027
101050,101.05000000011844,-14735.166160980672,6657.044016383369,307.53153887978317
101100,101.10000000011868,-14712.374599857623,6564.755608625824,303.2681456997781
101150,101.15000000011892,-14827.504568628083,6745.361292572935,311.6114800352577
101200,101.20000000011916,-14764.173734884995,6609.218919138875,305.3221910496535
101250,101.2500000001194,-14838.592342502823,6788.075886395315,313.5847409508372
101300,101.30000000011964,-14722.98015853489,6706.194215087356,309.8021016410455
101350,101.35000000011988,-14804.96198189137,6692.049605183827,309.1486714339174
101400,101.40000000012012,-14709.139464941793,6643.919168720969,306.9252180278785
101450,101.45000000012035,-14760.16500766203,6676.490913958933,308.4299157454209
101500,101.5000000001206,-14711.764948848886,6636.6629732734855,306.5900078434655
101550,101.55000000012083,-14708.890694576336,6619.07705065645,305.777601341161
101600,101.60000000012107,-14706.297412744476,6415.952768727368,296.39398860677517
101650,101.65000000012131,-14783.194514137364,6545.653773667687,302.3857094885038
101700,101.70000000012155,-14700.47864244233,6435.054465944014,297.276418454887
101750,101.75000000012179,-14899.24688840948,6607.68343953865,305.2512574035467
101800,101.80000000012203,-14971.067008454304,6732.4919987805115,311.0169648548654
101850,101.85000000012226,-14692.122881091884,6432.228034649783,297.14584747423646
101900,101.9000000001225,-15008.90349066214,6752.449291906399,311.9389201629232
101950,101.95000000012274,-14822.737476720016,6705.3466905438,309.762949049223
102000,102.00000000012298,-14714.205124643075,6616.995286546643,305.68143131153545
102050,102.05000000012322,-14681.324540857451,6576.530963035914,303.8121248072735
102100,102.10000000012346,-14640.772028441723,6595.4572594740885,304.68645176900037
102150,102.1500000001237,-14742.234977832737,6750.736142587664,311.85977881354574
102200,102.20000000012394,-14776.166550020269,6650.216071017589,307.2161123119916
102250,102.25000000012417,-14783.265901357103,6667.760432052899,308.0265988184009
102300,102.30000000012441,-14824.470925323041,6708.26981268137,309.89798679977537
102350,102.35000000012465,-14638.40937955919,6463.910459486495,298.60946178135214
102400,102.40000000012489,-14704.840231579823,6555.699804976296,302.84980007591275
102450,102.45000000012513,-14846.240870752028,6591.728639957218,304.51420293076245
102500,102.50000000012537,-14928.460803643136,6733.433218185585,311.06044581298335
102550,102.5500000001256,-14697.381931079137,6482.282704614463,299.4581935612495
102600,102.60000000012585,-14710.013247602748,6509.832071469308,300.7308754247288
102650,102.65000000012608,-14882.435093806796,6699.550828962611,309.49520104773603
102700,102.70000000012632,-14606.612836891323,6450.788585954178,298.003278323582
102750,102.75000000012656,-14801.725079890657,6572.5853834679365,303.62985319342704
102800,102.8000000001268,-14744.7806021414,6563.060695246352,303.1898467853389
102850,102.85000000012704,-14815.98919986888,6612.240001490608,305.4617542104835
102900,102.90000000012728,-14882.282819874556,6624.627892252154,306.03403029878893
102950,102.95000000012752,-14832.040990798818,6586.711853824605,304.2824454186
103000,103.00000000012776,-14726.60116579514,6478.736367586203,299.2943655197039
103050,103.050000000128,-14782.35397993552,6536.631815856078,301.9689274208647
103100,103.10000000012823,-14735.60860721676,6539.970613783896,302.1231679009071
103150,103.15000000012847,-14853.00939033315,6703.318110909094,309.6692359514477
103200,103.20000000012871,-14770.183639088134,6610.528103283763,305.3826706579847
103250,103.25000000012895,-14687.242023321465,6400.059379165354,295.6597710564641
103300,103.30000000012919,-14950.279417803818,6638.066865738658,306.65486263624945
103350,103.35000000012943,-14701.138613101342,6388.4319697937735,295.1226264787165
103400,103.40000000012967,-14792.936610850085,6484.726912980261,299.5711072145507
103450,103.4500000001299,-14801.200973067573,6510.60597679532,300.7666270729483
103500,103.50000000013014,-14731.397036340593,6384.6066026993085,294.9459082496578
103550,103.55000000013038,-14964.021864650207,6492.070349984228,299.9103476457299
103600,103.60000000013062,-14947.739252223484,6509.860978580395,300.7322108295023
103650,103.65000000013086,-14873.068501377522,6465.761474376997,298.6949720252929
103700,103.7000000001311,-14902.37796839839,6579.466432221264,303.94773294711496
103750,103.75000000013134,-14745.033893481239,6342.995550385085,293.0236269907227
103800,103.80000000013158,-14933.919200902797,6531.006254107963,301.70904666039456
103850,103.85000000013181,-15160.963118407313,6729.081669350184,310.8594198761609
103900,103.90000000013205,-14896.15120622507,6500.372233147882,300.2938648492568
103950,103.95000000013229,-15019.947924575208,6564.380792394989,303.2508305352723
104000,104.00000000013253,-15111.735244658345,6605.544579965454,305.1524497684501
104050,104.05000000013277,-14870.295008387031,6350.557939377415,293.37298221786176
104100,104.10000000013301,-15080.094998624141,6628.339155203155,306.205477325983
104150,104.15000000013325,-14804.239263705305,6389.728625258525,295.18252730699567
104200,104.20000000013349,-14772.214314048237,6255.74182979614,288.992818286489
104250,104.25000000013372,-14851.893080248448,6423.744990854756,296.753961299795
104300,104.30000000013396,-14951.051506296966,6474.192713021913,299.08446498774777
104350,104.3500000001342,-15079.211617588882,6573.163694548891,303.6565690895875
104400,104.40000000013444,-14904.785861542065,6395.3261492312695,295.441112822882
104450,104.45000000013468,-14917.403589915,6339.976929994831,292.8841775636761
104500,104.50000000013492,-15069.55286299864,6491.227483903789,299.8714102581824
104550,104.55000000013516,-14979.741898254844,6462.274771263602,298.5338988565651
104600,104.6000000001354,-14881.128513340887,6410.055481023017,296.1215550824553
104650,104.65000000013563,-14895.23072044156,6457.928942177695,298.33313715163894
104700,104.70000000013587,-15011.746747648978,6553.856785537745,302.7646591931534
104750,104.75000000013611,-14884.737051961227,6479.431334170146,299.32647048138125
104800,104.80000000013635,-15035.205957734543,6670.5284511231175,308.15447136396585
104850,104.85000000013659,-14830.635808923067,6404.167304028392,295.84954244022293
104900,104.90000000013683,-14897.744402000993,6408.172017508452,296.0345458285533
104950,104.95000000013707,-14940.97947032628,6550.44509476602,302.6070513253628
105000,105.0000000001373,-14862.133902472357,6454.729300722747,298.1853252011573
105050,105.05000000013754,-15063.828879378527,6620.52809378287,305.8446343252528
105100,105.10000000013778,-15026.124916498075,6639.337894292807,306.71357959324354
105150,105.15000000013802,-14873.899291307858,6539.501489302135,302.101496033717
105200,105.20000000013826,-14923.900379649123,6486.6494724278145,299.6599225602265
105250,105.2500000001385,-14934.819208510871,6512.561337914306,300.85695773810653
105300,105.30000000013874,-15026.354513048762,6669.272262662809,308.0964399660404
105350,105.35000000013898,-14943.9317394368,6650.501371449182,307.22929216787884
105400,105.40000000013922,-14903.594644821547,6600.203513950943,304.9057116897084
105450,105.45000000013945,-14946.323013852783,6584.578401042556,304.18388755784736
105500,105.50000000013969,-15003.510001485134,6606.684139524524,305.205093329764
105550,105.55000000013993,-14959.032710108202,6454.39042397953,298.16967031197896
105600,105.60000000014017,-15140.810966746887,6578.1965958201,303.88907106330976
105650,105.65000000014041,-15128.621502799768,6693.970815377702,309.2374244489162
105700,105.70000000014065,-14914.848019831676,6387.740009582888,295.0906604006834
105750,105.75000000014089,-14974.714127967412,6333.173124960598,292.56986619255304
105800,105.80000000014113,-15195.329316463485,6598.4420211618735,304.82433704552477
105850,105.85000000014136,-15119.21347080886,6473.031796245395,299.0308347996469
105900,105.9000000001416,-15148.317905676136,6459.989356924721,298.42832091733493
105950,105.95000000014184,-15111.499927568546,6453.367067823581,298.12239493079073
106000,106.00000000014208,-15021.903228274361,6444.480053089544,297.7118467489732
106050,106.05000000014232,-14968.17996364868,6416.09631253206,296.40061981531835
106100,106.10000000014256,-15031.709555229203,6527.024647194777,301.5251107125154
106150,106.1500000001428,-15050.643083121207,6570.007336931845,303.5107566970547
106200,106.20000000014304,-14990.034552304267,6462.0866740357515,298.5252094397913
106250,106.25000000014327,-14932.91005030307,6372.183143093781,294.37198900843066
106300,106.30000000014351,-14851.938784679824,6211.807903758846,286.9632285992302
106350,106.35000000014375,-15041.416419005904,6349.091980575311,293.30526018309143
106400,106.40000000014399,-14947.528723805843,6216.24805831937,287.16834780251344
106450,106.45000000014423,-15131.910821837873,6479.762629600123,299.34177514110013
106500,106.50000000014447,-15112.60416437984,6446.592665113364,297.8094418415011
106550,106.5500000001447,-15025.524161336838,6371.973767058568,294.3623165871345
106600,106.60000000014495,-15084.77791962948,6416.838402386948,296.4349017029698
106650,106.65000000014518,-14910.765838993979,6271.549877769586,289.7230933617318
106700,106.70000000014542,-15091.05221599295,6485.403991239299,299.60238579982547
106750,106.75000000014566,-14997.995206944732,6428.544407222475,296.9756771090425
106800,106.8000000001459,-14935.899334370963,6348.812589811688,293.29235333265234
106850,106.85000000014614,-15187.886837139005,6594.669199519257,304.6500462277358
106900,106.90000000014638,-14932.419870000289,6367.677939752554,294.16386478496395
106950,106.95000000014662,-15222.973842385927,6606.096827208192,305.17796160883796
107000,107.00000000014685,-15008.280986030162,6425.920023861366,296.85444001767496
107050,107.0500000001471,-14975.520689177265,6323.143912208745,292.10655256209793
107100,107.10000000014733,-15129.4478608786,6480.112186078722,299.35792339571947
107150,107.15000000014757,-15009.559891461558,6346.969897119234,293.2072275443898
107200,107.20000000014781,-14960.99900065583,6255.711900794714,288.99143567404974
107250,107.25000000014805,-14957.898667889525,6226.826289818918,287.6570241284738
107300,107.30000000014829,-15108.644590069129,6374.918383289242,294.4983472876377
107350,107.35000000014853,-15002.612365926276,6318.5833556453335,291.8958712184501
107400,107.40000000014876,-15070.475820824007,6347.631457940533,293.23778927973905
107450,107.450000000149,-15160.991986318462,6462.521038659461,298.5452755263059
107500,107.50000000014924,-15194.532272350532,6465.23785484714,298.6707826824843
107550,107.55000000014948,-14991.454010413085,6333.943768745995,292.6054671693031
107600,107.60000000014972,-14988.388069640921,6330.938543077396,292.46663653031817
107650,107.65000000014996,-15000.391503893545,6367.973179853081,294.17750381787863
107700,107.7000000001502,-15023.687915980729,6481.315268664019,299.41350149283664
107750,107.75000000015044,-14985.789691186348,6420.847119387279,296.6200900395666
107800,107.80000000015067,-14983.01192248555,6365.1521559243965,294.04718263810724
107850,107.85000000015091,-14964.621215150992,6371.013860781385,294.31797236259945
107900,107.90000000015115,-15061.775112244253,6439.355363428989,297.4751044811268
107950,107.95000000015139,-15049.427414197808,6517.768456341106,301.09750791908505
108000,108.00000000015163,-14977.818191888266,6392.197054383736,295.2965598724441
108050,108.05000000015187,-15020.004115813343,6403.382208022735,295.81327382277146
108100,108.10000000015211,-15136.00944999004,6562.498202789799,303.16386165284666
108150,108.15000000015235,-15014.41419289539,6433.184667204014,297.1900404645218
108200,108.20000000015258,-15052.22180959068,6423.276847483783,296.73233475640166
108250,108.25000000015282,-15151.709880947963,6443.232492913205,297.6542139467969
108300,108.30000000015306,-15191.55215253293,6537.197819625961,301.9950747634293
108350,108.3500000001533,-15109.423060374711,6416.540370194641,296.42113368543676
108400,108.40000000015354,-15158.936975538216,6461.778915253056,298.51099208869476
108450,108.45000000015378,-15214.513141999185,6466.020934786588,298.7069581649134
108500,108.50000000015402,-15144.40925004497,6460.220360335962,298.4389924457747
108550,108.55000000015426,-15118.287479810642,6517.759451539792,301.09709192958604
108600,108.6000000001545,-15181.475379816115,6566.283422813219,303.3387252313263
108650,108.65000000015473,-15089.254729108721,6392.209235995739,295.2971226191942
108700,108.70000000015497,-15236.510731250943,6529.859288484987,301.65606096551136
108750,108.75000000015521,-15249.861689230831,6581.3355471725135,304.03407934889424
108800,108.80000000015545,-15141.914379668304,6419.501612387583,296.55793244571987
108850,108.85000000015569,-15147.37432935524,6373.2950764222405,294.4233563370515
108900,108.90000000015593,-15138.997279745776,6319.393834314836,291.9333124238632
108950,108.95000000015617,-15170.675074392111,6261.071733409422,289.23904070236
109000,109.0000000001564,-15348.785504513511,6377.294863619541,294.6081321488007
109050,109.05000000015664,-15166.40659279438,6213.7309173752465,287.0520649258765
109100,109.10000000015688,-15187.558279168068,6130.367253369715,283.2009628728956
109150,109.15000000015712,-15362.921058795271,6379.789699311897,294.723384602868
109200,109.20000000015736,-15085.035443538185,6126.592987849186,283.0266053531297
109250,109.2500000001576,-15228.19028559754,6303.111999944201,291.1811501176708
109300,109.30000000015784,-15255.239124184842,6411.862945297617,296.20505344426124
109350,109.35000000015808,-15119.374607491181,6264.789385791288,289.4107828983259
109400,109.40000000015831,-15284.43308717531,6369.969292537986,294.2697170591093
109450,109.45000000015855,-15087.68996370466,6204.1548803785345,286.6096863886878
109500,109.50000000015879,-15123.483548946071,6278.039256153153,290.02287935019154
109550,109.55000000015903,-15244.87785853228,6434.271806800951,297.2402624117405
109600,109.60000000015927,-15050.563371947403,6328.652676158113,292.3610376834979
109650,109.65000000015951,-15217.113969858297,6496.062631316804,300.0947767134703
109700,109.70000000015975,-15132.615706804085,6543.830085684939,302.3014616496145
109750,109.75000000015999,-14957.227732663287,6354.108292964844,293.53699581002405
109800,109.80000000016022,-15085.237895112721,6511.210112771958,300.79453598659387
109850,109.85000000016046,-14991.91370314388,6560.0111023716945,303.04896654068494
109900,109.9000000001607,-14968.286405976898,6458.6712493911045,298.367429080474
109950,109.95000000016094,-15051.979814913922,6444.683231542488,297.721232864214
110000,110.00000000016118,-15129.631399924447,6629.246112567822,306.2473755008137
110050,110.05000000016142,-15126.594032688998,6681.1007827072135,308.6428751350094
110100,110.10000000016166,-14936.63419718294,6503.69375715254,300.4473073360519
110150,110.1500000001619,-14945.41729552162,6466.390644537446,298.72403742837326
110200,110.20000000016213,-14907.540427589198,6354.765178866635,293.56734158087204
110250,110.25000000016237,-15016.715978531627,6488.738634724711,299.7564343595406
110300,110.30000000016261,-14959.524194570717,6395.743051046468,295.4603721903241
110350,110.35000000016285,-15087.088661037202,6522.687138421964,301.32473337618944
110400,110.40000000016309,-15170.260340665129,6612.192568148181,305.4595629603198
110450,110.45000000016333,-15025.049312745636,6490.809449366976,299.85209856306744
110500,110.50000000016357,-15078.80170300275,6521.939968529506,301.2902168090364
110550,110.5500000001638,-15077.190097769777,6501.181861583838,300.33126677693184
110600,110.60000000016404,-14971.699126244424,6329.851428463239,292.41641573721427
110650,110.65000000016428,-15159.938396208061,6475.1649925029415,299.1293808098884
110700,110.70000000016452,-15122.457577024645,6484.259118519609,299.54949678956183
110750,110.75000000016476,-14910.255411241898,6351.443038112393,293.4138706024599
110800,110.800000000165,-15070.386555165947,6476.206361631187,299.1774883257412
110850,110.85000000016524,-14836.80090839276,6322.161984624789,292.06119103223284
110900,110.90000000016548,-15001.083072892921,6494.739424914563,300.03364932718057
110950,110.95000000016572,-15004.479455803592,6442.302581704639,297.61125538676816
111000,111.00000000016595,-14987.499366423963,6542.543364072638,302.2420197296622
111050,111.0500000001662,-14897.985317494675,6373.862953894117,294.44959023792273
111100,111.10000000016643,-14940.320666117588,6461.245037741202,298.4863288639377
111150,111.15000000016667,-15053.467045017453,6611.003458925746,305.4046303824111
111200,111.20000000016691,-14939.091701678988,6517.307901706725,301.07623194808343
111250,111.25000000016715,-14996.095244548884,6549.227451326233,302.5508005690327
111300,111.30000000016739,-14929.495894704225,6443.009685500158,297.6439210440552
111350,111.35000000016763,-14985.949029862366,6561.984468275024,303.14012896225375
111400,111.40000000016786,-14976.202955688968,6539.000573592593,302.0783555259142
111450,111.4500000001681,-14927.189900982181,6404.887042660973,295.88279178163094
111500,111.50000000016834,-14957.788302377876,6498.390452018975,300.2023136744718
111550,111.55000000016858,-14896.379232435633,6423.727942605638,296.7531737318784
111600,111.60000000016882,-14923.484998565182,6469.452562576126,298.86548705136533
111650,111.65000000016906,-14994.345595198616,6583.158704648925,304.118302680295
111700,111.7000000001693,-14927.284037241818,6555.2125722851115,302.82729167444455
111750,111.75000000016954,-14831.18292163947,6438.640644796031,297.4420870456826
111800,111.80000000016977,-14932.621166658137,6580.352286046801,303.9886562141866
111850,111.85000000017001,-14899.607553115138,6546.987373808377,302.4473170282027
111900,111.90000000017025,-14887.13931675694,6601.695931303458,304.9746560145379
111950,111.95000000017049,-14797.549513110569,6635.198087036757,306.52233535736565
112000,112.00000000017073,-14787.72117068671,6710.261667163138,309.99000332730543
112050,112.05000000017097,-14942.210480758231,6784.3282476113945,313.41161349072905
112100,112.1000000001712,-14728.086961953715,6592.27253707276,304.53932902524576
112150,112.15000000017145,-14684.939834769157,6605.531522011957,305.15184653786855
112200,112.20000000017168,-14750.727555410846,6572.307415955208,303.61701209207075
112250,112.25000000017192,-14736.912720658296,6540.163461416793,302.1320767693431
112300,112.30000000017216,-14775.212396129691,6600.343240671595,304.9121665626699
112350,112.3500000001724,-14768.016438406456,6676.388467728178,308.4251830972787
112400,112.40000000017264,-14706.286697718719,6513.748977480503,300.91182242317217
112450,112.45000000017288,-14846.823210405419,6659.423444201962,307.6414599043257
112500,112.50000000017312,-14910.836807889944,6668.452781633174,308.05858288390215
112550,112.55000000017336,-14803.833092486952,6507.814635639943,300.63767713076095
112600,112.6000000001736,-14813.772323645568,6485.451536422355,299.6045822166248
112650,112.65000000017383,-14879.025111121977,6585.761637813563,304.2385488495786
112700,112.70000000017407,-14842.718141776353,6549.706812488789,302.5729453341322
112750,112.75000000017431,-14960.827904613221,6563.077969340618,303.1906447864907
112800,112.80000000017455,-14972.888983591,6505.522923087309,300.53180823666213
112850,112.85000000017479,-14865.81183998103,6441.351123729745,297.56730144347466
112900,112.90000000017503,-14887.707957252553,6377.777428041011,294.63042489296436
112950,112.95000000017527,-14968.307373869497,6414.1946459042765,296.3127696429236
113000,113.0000000001755,-15075.82471460354,6569.096230158671,303.4686668344447
113050,113.05000000017574,-15117.91381064508,6634.925350194659,306.5097358942176
113100,113.10000000017598,-14927.788470834617,6348.605803537891,293.2828005490379
113150,113.15000000017622,-14988.056851017029,6370.773023772649,294.3068465572519
113200,113.20000000017646,-15026.37681630071,6509.616454759349,300.7209147066595
113250,113.2500000001767,-15017.643524757314,6555.9713566136925,302.8623447868578
113300,113.30000000017694,-15176.717561234866,6664.866321368405,307.8929012928474
113350,113.35000000017718,-15146.085832507411,6647.005904301521,307.0678141322254
113400,113.40000000017741,-14924.061370463845,6445.137065857914,297.7421983806018
113450,113.45000000017765,-14959.426458229378,6499.920885582979,300.2730142118173
113500,113.50000000017789,-14888.817362605765,6451.624537409247,298.04189628025665
113550,113.55000000017813,-15016.349082728877,6563.997015076658,303.233101400689
113600,113.60000000017837,-15063.167917755694,6652.345621406686,307.314489896197
113650,113.65000000017861,-14855.596452728672,6396.36321642801,295.48902160494055
113700,113.70000000017885,-14755.115469694996,6386.031466553016,295.01173184531774
113750,113.75000000017909,-15108.702616972205,6672.310570732639,308.2367988932168
113800,113.80000000017932,-14909.041436546635,6532.704557343555,301.78750217401904
113850,113.85000000017956,-14940.552624472793,6639.395460310878,306.71623893665196
113900,113.9000000001798,-14813.825642977095,6573.5449575697685,303.67418207265325
113950,113.95000000018004,-14707.314907112943,6379.39976794356,294.7053711732637
114000,114.00000000018028,-15024.443238667558,6708.973039615567,309.93047335998483
114050,114.05000000018052,-14842.80430446482,6491.18120628898,299.86927239848626
114100,114.10000000018076,-14955.670371422157,6716.9198299458885,310.2975865491757
114150,114.150000000181,-14990.216887345618,6697.06675919076,309.38044594055305
114200,114.20000000018123,-14746.481662439026,6278.478951847736,290.0431917130453
114250,114.25000000018147,-14852.167378737297,6389.607210059374,295.17691836060044
114300,114.30000000018171,-14886.509137609404,6382.7407392986015,294.85971205784256
114350,114.35000000018195,-15018.540213378055,6548.524638202825,302.51833312539634
114400,114.40000000018219,-15010.54407440628,6499.542651519287,300.25554115570145
114450,114.45000000018243,-14871.216918053427,6397.146018255262,295.52518423958446
114500,114.50000000018267,-14799.40522581518,6311.87321341384,291.58588673262204
114550,114.5500000001829,-14898.350673420417,6430.34114349353,297.0586798755916
114600,114.60000000018314,-14941.840134988655,6515.3340135781145,300.98504540158103
114650,114.65000000018338,-14946.802436001688,6484.391412513166,299.5556082972104
114700,114.70000000018362,-14926.657800266745,6459.59501338364,298.4101036611868
114750,114.75000000018386,-14728.619631498554,6259.228536700655,289.1538916303529
114800,114.8000000001841,-15027.082391572072,6622.932667586203,305.95571700403167
114850,114.85000000018434,-14961.662858235484,6590.547259021502,304.4596273719605
114900,114.90000000018458,-14971.33485389789,6624.004301100396,306.00522262588487
114950,114.95000000018482,-14935.852206364903,6478.259301071039,299.2723267590775
115000,115.00000000018505,-14854.544243837641,6522.86546472625,301.33297141136615
115050,115.05000000018529,-14836.95078245818,6446.94760491881,297.8258387864979
115100,115.10000000018553,-14853.715103320204,6472.08169688587,298.9869436195069
115150,115.15000000018577,-14951.193570417145,6527.584288116857,301.5509641143502
115200,115.20000000018601,-14880.903363899753,6556.703409667058,302.8961630103049
115250,115.25000000018625,-14816.097974792014,6560.248521896626,303.05993447054726
115300,115.30000000018649,-14756.277917827445,6472.745245129315,299.01759716662565
115350,115.35000000018672,-14932.244333377099,6617.265315938398,305.6939057001958
115400,115.40000000018696,-14864.061171982967,6537.950507554453,302.02984624404075
115450,115.4500000001872,-14877.543879848556,6515.415917277515,300.9888290585097
115500,115.50000000018744,-14972.072384425956,6636.416086750016,306.5786025722514
115550,115.55000000018768,-15044.848887152997,6692.465646184633,309.1678910348244
115600,115.60000000018792,-14945.787019423215,6599.29651358822,304.8638115285218
115650,115.65000000018816,-15053.566037459517,6672.855475080133,308.26197151820094
115700,115.7000000001884,-14859.414427350188,6685.060011824337,308.8257773090329
115750,115.75000000018863,-14895.325995412102,6806.940729929707,314.45622900898735
115800,115.80000000018887,-14770.859334361015,6672.2015458787955,308.2317623363012
115850,115.85000000018911,-14734.045816514461,6515.801859661191,301.00665821134066
115900,115.90000000018935,-14896.134572216664,6672.703341209328,308.2549434794364
115950,115.95000000018959,-14716.393072760453,6690.570982360135,309.0803643668056
116000,116.00000000018983,-14627.874116294206,6581.194410537655,304.02755934295715
116050,116.05000000019007,-14754.979382865875,6708.877297615087,309.9260504232173
116100,116.1000000001903,-14754.208038686706,6729.244458722277,310.86694016083834
116150,116.15000000019054,-14625.832891242579,6585.413397883754,304.2224614147877
116200,116.20000000019078,-14621.972722024002,6605.990942954,305.17307013635343
116250,116.25000000019102,-14701.69534880358,6561.426078455807,303.11433335688054
116300,116.30000000019126,-14609.3061694568,6475.811800735581,299.15926102859413
116350,116.3500000001915,-14639.275636376,6633.409561152228,306.4397118812039
116400,116.40000000019174,-14555.622085807663,6513.261260625683,300.8892916550818
116450,116.45000000019198,-14663.74241654403,6675.35827943957,308.37759209608487
116500,116.50000000019222,-14747.134986595483,6725.507900566939,310.69432458599806
116550,116.55000000019245,-14756.865787655934,6595.713053569602,304.6982685380703
116600,116.6000000001927,-14840.535851516273,6534.778798638857,301.8833246766166
116650,116.65000000019293,-14967.58177583601,6496.343134107071,300.1077349355488
116700,116.70000000019317,-14911.369307359577,6526.783435541769,301.51396759994736
116750,116.75000000019341,-14926.444227847865,6571.483640386675,303.57895661765014
116800,116.80000000019365,-14844.321743234263,6489.149411703168,299.7754107815096
116850,116.85000000019389,-14837.79507437444,6484.798070151855,299.5743944204681
116900,116.90000000019413,-14768.153645444996,6386.642918841019,295.0399787462874
116950,116.95000000019436,-14827.105460271161,6411.055949808855,296.1677731492959
117000,117.0000000001946,-14876.129688919436,6432.580494953282,297.1621298751433
117050,117.05000000019484,-14956.230863489387,6567.627579434576,303.40082044254075
117100,117.10000000019508,-14818.880869075892,6457.110145500009,298.29531168410426
117150,117.15000000019532,-14887.291466215156,6541.938067688154,302.21405720933933
117200,117.20000000019556,-14989.829633664576,6589.211420868522,304.39791644412685
117250,117.2500000001958,-14858.789431851812,6505.97625885099,300.55275072174874
117300,117.30000000019604,-14918.832934308904,6578.22137855549,303.89021593673004
117350,117.35000000019627,-14872.02350222,6588.177207261258,304.3501394876595
117400,117.40000000019651,-14922.744450756747,6615.454126905375,305.6102352679203
117450,117.45000000019675,-14894.342966539385,6612.137240203969,305.45700700789035
117500,117.50000000019699,-14775.092745831247,6516.255700072164,301.02762400932073
117550,117.55000000019723,-14767.73625419688,6458.7515412996345,298.3711382784497
117600,117.60000000019747,-14774.846771632609,6500.07178676063,300.27998530458274
117650,117.6500000001977,-14764.216746781989,6544.032231941356,302.31080008108074
117700,117.70000000019795,-14746.569461058005,6528.975960135614,301.6152543663736
117750,117.75000000019818,-14826.72762160045,6619.4986466081855,305.797077560862
117800,117.80000000019842,-14623.26069218336,6383.430076677624,294.89155697045794
117850,117.85000000019866,-14633.439184371467,6353.108518702182,293.4908098276613
117900,117.9000000001989,-14863.511204606802,6576.16794826798,303.7953548279938
117950,117.95000000019914,-14717.074012345678,6461.041883019356,298.47694384498834
118000,118.00000000019938,-14708.95617984678,6508.585599573657,300.67329289721414
118050,118.05000000019962,-14859.896895229698,6660.944813623628,307.71174171082987
118100,118.10000000019986,-14798.05915851831,6627.012295216766,306.1441811572198
118150,118.1500000002001,-14737.982033641802,6547.637397371201,302.47734578362196
118200,118.20000000020033,-14715.611982421571,6443.356763508788,297.6599548022582
118250,118.25000000020057,-14952.381735633557,6698.688132433125,309.4553475646216
118300,118.30000000020081,-14880.241154991552,6632.525897962881,306.3988898136612
118350,118.35000000020105,-14669.437452112783,6343.879412574562,293.064458251357
118400,118.40000000020129,-14804.426117115696,6445.711798817362,297.7687489803919
118450,118.45000000020153,-14873.859825631593,6620.528875074738,305.84467041813275
118500,118.50000000020177,-14810.573857956031,6489.417716253073,299.7878054886676
118550,118.550000000202,-14779.75582900938,6462.009781931576,298.52165730057357
118600,118.60000000020224,-14876.559741947345,6541.915102015142,302.2129962776787
118650,118.65000000020248,-14927.923249796848,6636.59821925164,306.58701644008323
118700,118.70000000020272,-14902.577976661883,6669.353334388833,308.1001851887853
118750,118.75000000020296,-14851.929787398229,6697.246514768417,309.38875000302926
118800,118.8000000002032,-14687.110233058542,6549.537097825538,302.56510512586084
118850,118.85000000020344,-14652.963195798447,6542.882556233524,302.2576891900048
118900,118.90000000020368,-14760.123276807913,6573.821579977406,303.6869610349825
118950,118.95000000020391,-14876.350487577609,6744.375877558071,311.56595739860245
119000,119.00000000020415,-14660.948876135404,6444.8597175484565,297.72938588421397
119050,119.05000000020439,-14734.16554015443,6546.25472469396,302.4134712688745
119100,119.10000000020463,-14589.0425492649,6355.832911097628,293.6166669774446
119150,119.15000000020487,-14663.390299939685,6470.694418679627,298.92285634585056
119200,119.20000000020511,-14675.556784981605,6568.390959434312,303.4360858584658
119250,119.25000000020535,-14781.39900820097,6599.32939089384,304.8653303420323
119300,119.30000000020559,-14658.330776246301,6424.66330075098,296.79638392083507
119350,119.35000000020582,-14766.652629634224,6529.428579089307,301.6361637374117
119400,119.40000000020606,-14694.617455892028,6409.38890990524,296.0907618893927
119450,119.4500000002063,-14753.277081959424,6520.966793321148,301.24525960750833
119500,119.50000000020654,-14648.731172530612,6529.44034664955,301.63670735645667
119550,119.55000000020678,-14493.710833371897,6419.13920892187,296.5411907064086
119600,119.60000000020702,-14736.723196783867,6680.557398256318,308.61777272379265
119650,119.65000000020726,-14750.595435832076,6662.84918850211,307.799716994686
119700,119.7000000002075,-14653.31519683251,6610.805445281736,305.39548286280456
119750,119.75000000020773,-14671.627394905778,6525.3252147735875,301.4466030345694
119800,119.80000000020797,-14722.632622262094,6552.3774437262455,302.69631891138573
119850,119.85000000020821,-14746.909872717937,6603.522055740792,305.05901640888374
119900,119.90000000020845,-14655.156786424433,6579.118479169184,303.9316587650455
119950,119.95000000020869,-14719.224833151233,6559.369447399661,303.01932438412206
120000,120.00000000020893,-14762.787039722076,6547.3624303832785,302.4646432957416
120050,120.05000000020917,-14705.557314013287,6471.595330991041,298.964475260919
120100,120.1000000002094,-14713.665962307961,6398.799804510165,295.6015832284896
120150,120.15000000020964,-14705.79230775109,6413.451408483731,296.2784347418578
120200,120.20000000020988,-14750.58165422425,6404.978208157098,295.8870033003241
120250,120.25000000021012,-14771.321793640958,6398.025154875849,295.56579719589797
120300,120.30000000021036,-14663.587809237812,6343.237771062586,293.0348167166005
120350,120.3500000002106,-14778.115237315928,6419.681863142153,296.5662593835921
120400,120.40000000021084,-14774.229399994147,6491.491773143789,299.8836194724352
120450,120.45000000021108,-14698.848726335418,6510.828999167554,300.77692990603293
120500,120.50000000021132,-14667.708499401899,6450.32548305326,297.981884631813
120550,120.55000000021155,-14753.262648787517,6547.701183077934,302.4802924543217
120600,120.60000000021179,-14739.839151231654,6536.950830085821,301.98366473321477
120650,120.65000000021203,-14627.611970411064,6510.069178848055,300.7418289345579
120700,120.70000000021227,-14577.335208194623,6359.350811233656,293.77918133664
120750,120.75000000021251,-14628.180285868555,6441.922398110824,297.59369226935826
120800,120.80000000021275,-14714.984296565603,6538.368386533152,302.0491507529292
120850,120.85000000021299,-14795.378273279002,6507.514475838029,300.6238108253009
120900,120.90000000021323,-14717.126289006354,6427.713095850203,296.93727350753807
120950,120.95000000021346,-14808.237697682876,6473.199819440808,299.03859686817555
121000,121.0000000002137,-14714.262710463736,6420.384593830533,296.59872301902607
121050,121.05000000021394,-14798.36902977549,6540.11028729237,302.129620315657
121100,121.10000000021418,-14811.571117260875,6521.796146926392,301.2835727672033
121150,121.15000000021442,-14660.103201670408,6264.077653965003,289.37790344262925
121200,121.20000000021466,-14826.731920399056,6416.321569210852,296.4110258653462
121250,121.2500000002149,-14782.044579903108,6373.135409216392,294.41598028524794
121300,121.30000000021514,-14715.227986512293,6403.640356743644,295.8251993670829
121350,121.35000000021537,-14750.810200945467,6459.259111803435,298.39458621386063
121400,121.40000000021561,-14755.137188944942,6397.180780664347,295.5267901381086
121450,121.45000000021585,-14779.563986219455,6408.621209115572,296.05529686848183
121500,121.50000000021609,-14877.94562769941,6479.220868554674,299.316747725388
121550,121.55000000021633,-14782.285151298665,6385.476836251164,294.9861099161525
121600,121.60000000021657,-14850.641607847256,6608.288450561802,305.27920674120037
121650,121.6500000002168,-14650.8555639513,6346.3154664138465,293.17699519480306
121700,121.70000000021705,-14812.009597789904,6427.3846843907295,296.9221020769047
121750,121.75000000021728,-14812.778603915616,6411.525656326299,296.1894719044455
121800,121.80000000021752,-14890.78685092608,6550.21258340147,302.5963101348928
121850,121.85000000021776,-14893.118837462232,6489.6161435605845,299.79697211804313
121900,121.900000000218,-14783.483691478206,6322.8614187972535,292.0935023804639
121950,121.95000000021824,-15001.955125412147,6471.354994535582,298.95337257933625
122000,122.00000000021848,-14929.670582967468,6445.956275227192,297.78004291300664
122050,122.05000000021872,-14882.347042639412,6509.106675793218,300.69736474821593
122100,122.10000000021896,-14984.928351640418,6558.169848113077,302.96390720290253
122150,122.1500000002192,-14817.734349712173,6479.760383184213,299.3416713647483
122200,122.20000000021943,-14863.40686754406,6486.583784308559,299.6568880048967
122250,122.25000000021967,-14865.138918437255,6523.861119425503,301.3789670846861
122300,122.30000000021991,-14817.894145477134,6516.047727196675,301.01801640896736
122350,122.35000000022015,-14698.018623224212,6447.832483583154,297.86671700462267
122400,122.40000000022039,-14789.933395450511,6368.116991852885,294.1841474160733
122450,122.45000000022063,-14932.896367921689,6466.811596898808,298.7434839165092
122500,122.50000000022087,-14941.217600880442,6411.5351841980455,296.189912057921
122550,122.5500000002211,-14879.768563239713,6422.527175558116,296.69770260429505
122600,122.60000000022134,-14904.4956653591,6521.424558023341,301.266406693657
122650,122.65000000022158,-14742.797867902358,6400.7612895905895,295.692196798685
122700,122.70000000022182,-14893.03629586236,6543.387304923932,302.28100676776546
122750,122.75000000022206,-14792.161610093106,6416.74248167649,296.4304705104428
122800,122.8000000002223,-14883.52195618567,6570.258596246214,303.5223639755128
122850,122.85000000022254,-14821.692076569932,6457.0810354094065,298.2939669024057
122900,122.90000000022278,-14933.011731385375,6506.19812100152,300.5629999567551
122950,122.95000000022301,-14785.395701741716,6469.944943718299,298.8882332927895
123000,123.00000000022325,-14717.208069160519,6431.146427024507,297.09588108425214
123050,123.05000000022349,-14818.58966615687,6489.72810348487,299.8021442646781
123100,123.10000000022373,-14702.502233082887,6434.460875966144,297.24899672853087
123150,123.15000000022397,-14695.218818830343,6428.302300095376,296.9644926287857
123200,123.20000000022421,-14762.28479575656,6567.626451152537,303.4007683199604
123250,123.25000000022445,-14729.020865826828,6500.686984705274,300.3084052414446
123300,123.30000000022468,-14711.312825011182,6423.721867827495,296.7528930989329
123350,123.35000000022492,-14639.626573292971,6360.990010279086,293.8549064488265
123400,123.40000000022516,-14784.6417799497,6402.07027679085,295.7526673088813
123450,123.4500000002254,-14847.171717738305,6424.100973015709,296.77040639787486
123500,123.50000000022564,-14951.24845818674,6567.029574941609,303.37319478143246
123550,123.55000000022588,-14839.715432067731,6408.953695046187,296.070656525057
123600,123.60000000022612,-14853.09388103098,6474.254391628409,299.0873143179798
123650,123.65000000022636,-14840.773445403694,6438.041415462253,297.4144048013254
123700,123.7000000002266,-14847.89856761118,6517.343493656883,301.07787616842757
123750,123.75000000022683,-14910.877521883293,6526.635428812366,301.5071302203017
123800,123.80000000022707,-14843.446216301561,6460.652127136494,298.4589385221831
123850,123.85000000022731,-14730.58683741927,6352.809554762105,293.47699876672567
123900,123.90000000022755,-14800.105581020893,6429.645834642695,297.0265591024125
123950,123.95000000022779,-14969.681408100796,6665.684610285954,307.93070330368624
124000,124.00000000022803,-14854.76436156249,6727.325313875827,310.77828255747727
124050,124.05000000022827,-14811.463134705475,6623.564995771621,305.98492829653037
124100,124.1000000002285,-14915.966341505198,6745.2777243139735,311.60761948165214
124150,124.15000000022874,-14776.514995158546,6602.191545854142,304.9975516278293
124200,124.20000000022898,-14876.278666293605,6675.870523710238,308.40125594274906
124250,124.25000000022922,-14820.361905890582,6665.114934335931,307.9043863195801
124300,124.30000000022946,-14749.195350931965,6593.502151098695,304.59613277968896
124350,124.3500000002297,-14852.083956963774,6653.176031743001,307.3528518730745
124400,124.40000000022994,-14848.66989247933,6625.949433277043,306.09508075062257
124450,124.45000000023018,-14837.105317707546,6602.757760248679,305.02370870049697
124500,124.50000000023041,-14901.572332847023,6671.709589656189,308.2090357246358
124550,124.55000000023065,-14651.631252020328,6443.74611125055,297.6779412704096
124600,124.60000000023089,-14725.690128810016,6567.905161903709,303.413643756265
124650,124.65000000023113,-14673.332865774351,6541.461272086051,302.19203096392397
124700,124.70000000023137,-14626.27560974253,6580.24877362752,303.9838743119615
124750,124.75000000023161,-14582.617274900455,6604.016237845488,305.08184584831207
124800,124.80000000023185,-14566.616849520375,6554.851735726722,302.8106223206274
124850,124.85000000023209,-14469.967398718021,6403.492353217216,295.8183621354032
124900,124.90000000023232,-14545.957626480715,6516.333437181833,301.0312151847593
124950,124.95000000023256,-14638.10817495816,6603.096385599572,305.0393519762523
125000,125.0000000002328,-14788.644895895068,6812.964918434803,314.73452489480616
125050,125.05000000023304,-14567.417379562765,6590.861975804288,304.4741661576862
125100,125.10000000023328,-14600.659478701466,6568.248172116503,303.42948959690125
125150,125.15000000023352,-14698.914533990755,6659.183660364433,307.63038275170777
125200,125.20000000023376,-14549.762023713374,6573.651629259016,303.67910992181095
125250,125.250000000234,-14665.55952863528,6657.679415096369,307.56089201963476
125300,125.30000000023423,-14794.299670034767,6764.365821787638,312.4894210704529
125350,125.35000000023447,-14636.296531260601,6610.373467307929,305.37552703094883
125400,125.40000000023471,-14576.918945282107,6539.644719240905,302.1081127427811
125450,125.45000000023495,-14719.085847525414,6721.867011842083,310.52612859545195
125500,125.50000000023519,-14728.747807941305,6746.72268642599,311.67437154470565
125550,125.55000000023543,-14579.707655655926,6538.565186220285,302.0582421920854
125600,125.60000000023567,-14593.321146022092,6514.877106531652,300.96393793604864
125650,125.6500000002359,-14703.622980376133,6586.116368534996,304.2549361356445
125700,125.70000000023614,-14758.254767717934,6646.403931604161,307.0400051543176
125750,125.75000000023638,-14584.764319241018,6639.30350241735,306.71199081204304
125800,125.80000000023662,-14650.079549874146,6629.314808123147,306.2505489888951
125850,125.85000000023686,-14755.102918833727,6786.020244794349,313.48977768735654
125900,125.9000000002371,-14698.820674147846,6604.522437848659,305.10523047151315
125950,125.95000000023734,-14781.213110968163,6594.1859576457055,304.6277221877176
126000,126.00000000023758,-14721.475273133905,6548.718227111902,302.52727623813104
126050,126.05000000023782,-14530.511559442108,6308.312551388999,291.42139692765227
126100,126.10000000023805,-14614.634385823567,6435.43795783525,297.294134403763
126150,126.1500000002383,-14662.18997386744,6580.7308029737615,304.00614233757017
126200,126.20000000023853,-14736.375023792585,6589.333071840017,304.40353628235806
126250,126.25000000023877,-14949.963779164058,6842.7756317516705,316.1116728479935
126300,126.30000000023901,-14556.325816470267,6516.147173123566,301.02261045384034
126350,126.35000000023925,-14637.53542152038,6428.349825525682,296.96668813307883
126400,126.40000000023949,-14891.291468823318,6702.666046902404,309.63911293484574
126450,126.45000000023973,-14761.807226875217,6625.593848948667,306.0786540309798
126500,126.50000000023996,-14941.882495290223,6818.698582191305,314.9993995800443
126550,126.5500000002402,-14611.888544256512,6515.236608689239,300.9805456453384
126600,126.60000000024044,-14733.029101009524,6625.9230304565845,306.09386103508723
126650,126.65000000024068,-14964.488214180778,6867.365380960407,317.24763099942214
126700,126.70000000024092,-14707.427279849118,6625.015730239188,306.05194702169103
126750,126.75000000024116,-14718.756879294946,6579.3223026459045,303.9410746780696
126800,126.8000000002414,-14810.465612070813,6635.833031624135,306.55166751824356
126850,126.85000000024164,-14706.97317696142,6517.269795603313,301.0744715828831
126900,126.90000000024187,-14668.295108257376,6415.957737424507,296.39421814274846
126950,126.95000000024211,-14705.839622227384,6411.29458903429,296.1787974249435
127000,127.00000000024235,-14759.342964151248,6467.8690349276585,298.79233375789255
127050,127.05000000024259,-14831.407401690583,6539.610717762782,302.1065419965361
127100,127.10000000024283,-14524.378890140142,6285.142726578647,290.35103418677716
127150,127.15000000024307,-14705.279566244455,6375.043868476526,294.5041442528759
127200,127.2000000002433,-14866.021032538698,6477.886887708738,299.2551225984732
127250,127.25000000024355,-14637.089896227972,6231.345639221538,287.86580184920126
127300,127.30000000024378,-14916.79879502243,6512.2734589316,300.84365876241327
127350,127.35000000024402,-14728.874932673802,6453.753917344489,298.1402659901058
127400,127.40000000024426,-14670.916676521543,6356.3576218636745,293.64090673144835
127450,127.4500000002445,-14811.850454473531,6485.126996065496,299.58958961703735
127500,127.50000000024474,-14854.412541679258,6518.0272979959045,301.1094654744551
127550,127.55000000024498,-14879.647767380327,6614.876777707176,305.5835638072906
127600,127.60000000024522,-14761.840680186342,6504.667564170566,300.49229372491885
127650,127.65000000024546,-14676.653392061955,6373.386273608387,294.42756931970985
127700,127.7000000002457,-14838.16095983821,6517.380015009196,301.0795633238153
127750,127.75000000024593,-14708.986846265147,6483.531011469468,299.51586085729997
127800,127.80000000024617,-14917.324840814867,6705.689172355425,309.77877047962187
127850,127.85000000024641,-14728.45044961329,6541.045394911612,302.1728189312071
127900,127.90000000024665,-14682.911609567327,6580.972920603124,304.017327302994
127950,127.95000000024689,-14599.668772128738,6531.967547245831,301.7534549529153
128000,128.00000000024713,-14661.444452782966,6555.720698563223,302.8507652846337
128050,128.05000000024737,-14758.135363616002,6667.27214124946,308.00404153594445
128100,128.1000000002476,-14595.53394488883,6466.95372976202,298.75004994462034
128150,128.15000000024784,-14630.663058873924,6525.596651334751,301.4591424294056
128200,128.20000000024808,-14645.27354693147,6561.57856034078,303.1213774726505
128250,128.25000000024832,-14515.778859593554,6443.479194205702,297.665610661005
128300,128.30000000024856,-14623.210266948854,6502.673838533927,300.40019075675
128350,128.3500000002488,-14679.61102581526,6498.407168115673,300.20308589813874
128400,128.40000000024904,-14644.727919607534,6578.157805038048,303.8872790684139
128450,128.45000000024928,-14687.494330838868,6675.446742726818,308.3816787824271
128500,128.5000000002495,-14620.430429997608,6555.195530032193,302.8265043835309
128550,128.55000000024975,-14620.82597974246,6549.034687094603,302.5418955534359
128600,128.60000000025,-14723.217250455635,6722.07313039833,310.5356505329122
128650,128.65000000025023,-14555.916777424396,6596.676808680624,304.7427905649138
128700,128.70000000025047,-14548.721300033534,6601.928117616351,304.98538218878815
128750,128.7500000002507,-14646.078486127324,6629.406766805754,306.2547971499567
128800,128.80000000025095,-14670.631693198187,6650.154986235806,307.2132904143299
128850,128.85000000025119,-14767.848395370456,6851.940864544782,316.5350737055092
128900,128.90000000025142,-14727.860200272364,6755.431420378295,312.0766837943251
128950,128.95000000025166,-14732.379308434807,6843.455065366313,316.1430602422428
129000,129.0000000002519,-14733.506682129062,6875.843937519862,317.6393098796867
129050,129.05000000025214,-14739.18947277437,6828.14857416706,315.4359552896886
129100,129.10000000025238,-14740.785697667921,6853.540055969278,316.6089506092113
129150,129.15000000025262,-14612.642448384764,6685.641131685579,308.8526229607608
129200,129.20000000025286,-14627.605566743983,6649.670792649431,307.1909224085953
129250,129.2500000002531,-14631.550990297368,6565.416538279485,303.29867827744795
129300,129.30000000025333,-14590.185781651027,6613.123372682091,305.502562788773
129350,129.35000000025357,-14554.37340724531,6574.5063473506025,303.7185948297321
129400,129.4000000002538,-14568.889351278907,6497.754004564628,300.1729120865342
129450,129.45000000025405,-14723.682380058875,6688.934358868369,309.0047582359538
129500,129.5000000002543,-14759.92409468464,6655.875821036883,307.47757244787545
129550,129.55000000025453,-14718.291412114142,6573.021761365847,303.6500122859834
129600,129.60000000025477,-14791.963964702496,6694.557382950062,309.2645217653439
129650,129.650000000255,-14751.049462436533,6605.386505288727,305.14514728577575
129700,129.70000000025524,-14707.683195794743,6582.505102393199,304.08810860210895
129750,129.75000000025548,-14879.930921458443,6620.795200304808,305.8569736878188
129800,129.80000000025572,-14686.284470140226,6537.271045054753,301.99845751540545
129850,129.85000000025596,-14731.896340993788,6574.011512570382,303.6957352390373
129900,129.9000000002562,-14608.998356349748,6359.061719370767,293.7658263302357
129950,129.95000000025644,-14726.49059815104,6398.356131795082,295.5810871415638
130000,130.00000000025668,-14698.545315035142,6374.890490146121,294.4970587245447
130050,130.05000000025692,-14835.515745085084,6456.337046983094,298.25959730756915
130100,130.10000000025715,-14841.952082443224,6449.506204367,297.9440368972123
130150,130.1500000002574,-14837.825553854818,6432.922765787718,297.17794155915334
130200,130.20000000025763,-14850.638921168067,6467.505671969981,298.7755476934965
130250,130.25000000025787,-14827.12541290982,6553.410666694022,302.74405010386465
130300,130.3000000002581,-14775.9658166792,6489.1232211895485,299.7742008737881
130350,130.35000000025835,-14871.79043362306,6539.581433465803,302.10518916712823
130400,130.4000000002586,-14817.580815050987,6434.45144017962,297.2485608290621
130450,130.45000000025883,-14852.885780213319,6485.630222339301,299.6128368646156
130500,130.50000000025906,-15012.962810341516,6620.371383701062,305.8373948819657
130550,130.5500000002593,-14883.8650240826,6463.036264747185,298.5690771222153
130600,130.60000000025954,-14932.516448031238,6499.111839407582,300.23563918249016
130650,130.65000000025978,-14748.559505770547,6379.045313477971,294.6889966492261
130700,130.70000000026002,-14803.946957106851,6408.541629017893,296.05162055361245
130750,130.75000000026026,-14909.466616388907,6483.067542848191,299.49445027056316
130800,130.8000000002605,-14807.053026124315,6378.406733743431,294.65949655759727
130850,130.85000000026074,-14906.285646592967,6451.754934824586,298.0479201727991
130900,130.90000000026097,-14831.519497204448,6464.164461392027,298.6211957576777
130950,130.9500000002612,-14826.30388761112,6397.083684875418,295.522304661174
131000,131.00000000026145,-14867.129854449857,6570.317128606927,303.52506796048266
131050,131.0500000002617,-14832.90252899297,6599.535545505158,304.87485394510736
131100,131.10000000026193,-14850.92277685374,6574.091367229986,303.699424237682
131150,131.15000000026217,-14851.707621640562,6512.8575239632255,300.8706404704416
131200,131.2000000002624,-14782.925368065447,6433.157322658936,297.1887772446893
131250,131.25000000026265,-14823.3896271337,6410.688769451396,296.15081073473203
131300,131.30000000026288,-14917.65641912039,6514.785752764702,300.9597177199191
131350,131.35000000026312,-14762.072620814288,6396.612500820754,295.50053764910825
131400,131.40000000026336,-14785.547982394055,6323.981638445398,292.14525250731145
131450,131.4500000002636,-14834.25999443151,6420.178254921661,296.5891909020654
131500,131.50000000026384,-14842.55474851427,6400.7521877739755,295.6917763274273
131550,131.55000000026408,-14913.727175320779,6408.495683682555,296.0494980440352
131600,131.60000000026432,-14867.916485879741,6346.842998496347,293.20136528350014
131650,131.65000000026455,-14828.073066380686,6322.9115415726565,292.09581787277773
131700,131.7000000002648,-14918.700916919133,6402.231207081999,295.7601017106921
131750,131.75000000026503,-14669.73186188237,6163.868962416178,284.7486215803948
131800,131.80000000026527,-14886.634861373203,6352.854838051936,293.47909069217684
131850,131.8500000002655,-14889.659469078557,6412.76159168323,296.246567681691
131900,131.90000000026575,-14771.501899035089,6296.783087311066,290.8887770709081
131950,131.950000000266,-14880.17537756752,6343.250621981454,293.0354103829254
132000,132.00000000026623,-14837.563354403897,6372.405369601361,294.38225507542495
132050,132.05000000026646,-14858.7067510729,6275.994278633078,289.92840872897057
132100,132.1000000002667,-14940.325157820012,6457.59608475421,298.3177603334266
132150,132.15000000026694,-14880.090351927807,6486.422300581265,299.64942803632255
132200,132.20000000026718,-14824.392446720045,6294.952998886853,290.80423355459675
132250,132.25000000026742,-14966.348373076144,6474.453332617103,299.0965046775821
132300,132.30000000026766,-15025.036090268604,6540.5548907246975,302.1501593983788
132350,132.3500000002679,-14887.215452348173,6442.302198475085,297.61123768293834
132400,132.40000000026814,-14883.044712265599,6487.932092597509,299.719175008252
132450,132.45000000026837,-15032.653107959186,6632.783181172598,306.41077537446233
132500,132.5000000002686,-14862.356430572258,6572.356524271019,303.6192807199927
132550,132.55000000026885,-14797.609973429053,6494.527742525265,300.0238703606041
132600,132.6000000002691,-14770.99870804806,6462.697550183182,298.55342972513444
132650,132.65000000026933,-14989.631755744147,6598.300231872165,304.8177868892762
132700,132.70000000026957,-14922.331530458941,6634.57953318895,306.49376038982336
132750,132.7500000002698,-14782.73616248506,6496.614201953528,300.120257297089
132800,132.80000000027005,-14817.12905865879,6512.142282969702,300.83759890381435
132850,132.85000000027028,-14789.73903137015,6479.7727777076425,299.3422439472421
132900,132.90000000027052,-14767.710758529833,6420.764174032569,296.6162582619016
132950,132.95000000027076,-14741.08039299104,6368.881190355491,294.2194506438929
133000,133.000000000271,-14871.569151043506,6484.520957466423,299.5615928090645
133050,133.05000000027124,-14742.578708169942,6391.158753676608,295.24859410663316
133100,133.10000000027148,-14849.160123269785,6455.886554044898,298.2387861508159
133150,133.15000000027172,-14753.944575635855,6334.271213236648,292.62059392944775
133200,133.20000000027196,-14841.575618126675,6392.695861873032,295.31960298803875
133250,133.2500000002722,-14943.049082450465,6480.7833810719185,299.3889301952296
133300,133.30000000027243,-14862.236388705242,6397.479209195711,295.54057646508346
133350,133.35000000027267,-14781.750624538727,6413.35756541727,296.27409952902593
133400,133.4000000002729,-14820.995394244563,6519.741589143774,301.18865957224006
133450,133.45000000027315,-14885.212162947419,6563.984574275716,303.2325266803403
133500,133.5000000002734,-14852.825000174604,6454.952050566299,298.195615444395
133550,133.55000000027363,-14849.198617641483,6479.796859352533,299.3433564327978
133600,133.60000000027387,-14854.190537679131,6519.825186139688,301.1925214533897
133650,133.6500000002741,-14867.795482967027,6650.1696695963265,307.2139687328817
133700,133.70000000027434,-14617.673701463566,6406.763072922321,295.9694576459151
133750,133.75000000027458,-14574.557096022721,6341.004147696673,292.9316313344239
133800,133.80000000027482,-14686.063354954616,6461.677110649597,298.5062890814306
133850,133.85000000027506,-14707.696583685367,6472.118613944122,298.98864905508873
133900,133.9000000002753,-14741.888425938756,6538.961949567818,302.07657123460604
133950,133.95000000027554,-14789.868090423646,6534.316504871544,301.8619683639159
134000,134.00000000027578,-14596.070177636617,6280.14048616979,290.11994863484205
134050,134.05000000027601,-14806.422679251233,6448.100247715796,297.87908674644285
134100,134.10000000027625,-14710.811725050728,6310.381932173615,291.5169948921024
134150,134.1500000002765,-14863.669182757261,6541.499785515645,302.19381014613174
134200,134.20000000027673,-14678.692268493707,6322.559834697332,292.0795702775482
134250,134.25000000027697,-14747.174768922812,6378.302218574241,294.6546683319256
134300,134.3000000002772,-14797.371732154126,6466.791949383226,298.74257627181174
134350,134.35000000027745,-15027.954671653259,6752.11997341621,311.9237068307265
134400,134.40000000027769,-14798.034039949434,6537.305206798406,302.00003566534264
134450,134.45000000027792,-14699.664022669898,6420.792082949163,296.61754755367247
134500,134.50000000027816,-14880.59351693479,6682.216723465438,308.69442759250114
134550,134.5500000002784,-14662.457133036798,6494.89818042105,300.0409832617461
134600,134.60000000027864,-14863.288948956031,6680.300272148362,308.605894420529
134650,134.65000000027888,-14778.462917591103,6566.866955136254,303.3656823301298
134700,134.70000000027912,-14727.10704555711,6523.939048800391,301.3825671420876
134750,134.75000000027936,-14815.703039338947,6582.220968823352,304.0749826510461
134800,134.8000000002796,-14732.991049740427,6430.737586420388,297.0769941158272
134850,134.85000000027983,-14846.388358440412,6592.326875581914,304.541839269327
134900,134.90000000028007,-14717.496182860503,6422.011754770102,296.6738920139312
134950,134.9500000002803,-14758.199349019409,6495.678434425215,300.0770281961084
135000,135.00000000028055,-14675.474051362791,6372.430178586208,294.38340116147594
135050,135.0500000002808,-14746.522366257646,6454.692453424998,298.18362298826037
135100,135.10000000028103,-14789.9207745688,6554.155854822201,302.77847512062124
135150,135.15000000028127,-14734.698385230446,6342.292275783159,292.99113822843526
135200,135.2000000002815,-14820.186961155272,6429.004793414011,296.9969452985894
135250,135.25000000028174,-14797.565177819231,6394.3028242368555,295.39383888124485
135300,135.30000000028198,-14666.394165103946,6325.272215950381,292.20487255566536
135350,135.35000000028222,-14861.10537835961,6515.6350629804865,300.99895280338916
135400,135.40000000028246,-14832.618531826927,6506.144318679131,300.56051448257784
135450,135.4500000002827,-14818.276198174466,6422.61569001376,296.70179165443363
135500,135.50000000028294,-14814.08171745759,6364.522848161039,294.0181108782664
135550,135.55000000028318,-15056.805032291933,6565.3680946930235,303.2964403576359
135600,135.60000000028342,-14956.976778545475,6363.463542963376,293.96917478038586
135650,135.65000000028365,-14953.5241457612,6289.379069084014,290.54673800467157
135700,135.7000000002839,-14987.40122968944,6410.082520440353,296.1228042064814
135750,135.75000000028413,-14969.900722430059,6464.862535851442,298.65344429204646
135800,135.80000000028437,-14808.937811569827,6311.6584092854855,291.5759635529063
135850,135.8500000002846,-14757.45930232548,6379.064307671219,294.68987411277675
135900,135.90000000028485,-14937.116129798706,6531.691935842322,301.740722695348
135950,135.9500000002851,-14642.629011701156,6367.78581975973,294.1688484540728
136000,136.00000000028533,-14731.984200757946,6515.080884238807,300.97335173468304
136050,136.05000000028556,-14734.946459884028,6551.1429219744705,302.63928843762443
136100,136.1000000002858,-14729.203456702762,6508.039675440025,300.6480731617708
136150,136.15000000028604,-14675.753730192824,6489.177106216945,299.7766901686399
136200,136.20000000028628,-14743.804591011525,6457.502760167906,298.3134490725169
136250,136.25000000028652,-14772.378412247755,6392.8435848077725,295.3264272573897
136300,136.30000000028676,-14687.333225910208,6432.560407973554,297.1612019287797
136350,136.350000000287,-14688.001886097118,6521.184732156543,301.25532759943775
136400,136.40000000028724,-14761.697913525928,6494.154389902065,300.00662280951764
136450,136.45000000028747,-14630.863670428902,6451.256255380734,298.0248829724444
136500,136.5000000002877,-14784.380528793616,6590.623669388999,304.4631572566728
136550,136.55000000028795,-14834.465287011946,6651.600776777279,307.28008074785066
136600,136.6000000002882,-14727.855685189304,6514.081326601029,300.9271757596124
136650,136.65000000028843,-14757.952576096488,6554.740421629128,302.80548000886745
136700,136.70000000028867,-14781.960503498818,6472.606195686767,299.01117358148156
136750,136.7500000002889,-14943.596249055743,6611.305258569025,305.4185724426562
136800,136.80000000028915,-14796.49702771735,6445.759964898131,297.77097408043693
136850,136.85000000028938,-14827.562718119583,6414.554244418289,296.32938180353443
136900,136.90000000028962,-14882.897955257875,6445.130265649141,297.741884235365
136950,136.95000000028986,-14932.067548069881,6518.879798323408,301.14884792963596
137000,137.0000000002901,-14849.558832364797,6460.981700137217,298.47416361185293
137050,137.05000000029034,-14980.95618416581,6569.909484315806,303.5062362574242
137100,137.10000000029058,-14797.843397688071,6445.816741300497,297.77359694643394
137150,137.15000000029082,-14795.15538758739,6430.457017657668,297.0640328460581
137200,137.20000000029106,-15093.148747886276,6591.922146054427,304.5231422178862
137250,137.2500000002913,-14861.055903588407,6467.886253066405,298.7931291741001
137300,137.30000000029153,-14845.762264687986,6500.948081118754,300.32046695857247
137350,137.35000000029177,-14846.839581122073,6530.394347117618,301.68077875380885
137400,137.400000000292,-14860.249858041687,6520.907898762017,301.24253889027153
137450,137.45000000029225,-14869.307451976965,6467.438752395715,298.77245624936535
137500,137.5000000002925,-14851.357298831215,6563.707812374378,303.2197412739028
137550,137.55000000029273,-14756.041076877205,6478.946438942056,299.3040700623179
137600,137.60000000029297,-14852.222833648362,6573.230427369966,303.65965190639156
137650,137.6500000002932,-14930.38547242571,6629.38696119596,306.2538822018741
137700,137.70000000029344,-14919.606941619833,6605.93500633643,305.1704860653996
137750,137.75000000029368,-14669.427808267757,6435.231324035665,297.28458866391
137800,137.80000000029392,-14656.412735412227,6476.498092178863,299.1909652299113
137850,137.85000000029416,-14729.85763365862,6506.484251540904,300.57621816064267
137900,137.9000000002944,-14850.925214028988,6603.780201227504,305.0709418037869
137950,137.95000000029464,-14744.543372082017,6465.573232741734,298.6862759374149
138000,138.00000000029488,-14672.791060310054,6512.984279887755,300.8764961391794
138050,138.0500000002951,-14725.61824748306,6519.874820986638,301.19481440516034
138100,138.10000000029535,-14790.541687062301,6587.563095363858,304.3217697222821
138150,138.1500000002956,-14821.307276912536,6684.715213081279,308.8098488447182
138200,138.20000000029583,-14723.74849505614,6603.322797968523,305.04981141501725
138250,138.25000000029607,-14842.68710965792,6694.188180340226,309.24746592997883
138300,138.3000000002963,-14800.970996835867,6555.846580195089,302.8565805641886
138350,138.35000000029655,-14716.362923668868,6551.274907290666,302.64538568548693
138400,138.40000000029679,-14696.642195595534,6532.03145815895,301.7564074077007
138450,138.45000000029702,-14652.55907942536,6471.629498624864,298.96605368296093
138500,138.50000000029726,-14796.736391344839,6638.699431125722,306.68408488661277
138550,138.5500000002975,-14805.722580002825,6766.88877919472,312.60597264680104
138600,138.60000000029774,-14723.731462041551,6644.596661186651,306.95651574801343
138650,138.65000000029798,-14546.67563023794,6440.253403593243,297.51659071330573
138700,138.70000000029822,-14604.713837719792,6531.501768480664,301.7319376458227
138750,138.75000000029846,-14677.35834889237,6510.666335995782,300.7694154513574
138800,138.8000000002987,-14786.853054156263,6650.663911900125,307.2368009532925
138850,138.85000000029893,-15019.268527317772,6847.313608514806,316.321311085916
138900,138.90000000029917,-14709.373405037859,6456.823802706073,298.2820836748183
138950,138.9500000002994,-14722.911360880877,6477.281430535762,299.2271526502991
139000,139.00000000029965,-14908.007015224684,6707.817971663857,309.87711336659646
139050,139.0500000002999,-14794.184921573173,6629.739931040216,306.27018814173493
139100,139.10000000030013,-14743.277327122812,6517.18118601405,301.0703781379129
139150,139.15000000030037,-14816.044485979583,6616.849242888168,305.6746846187205
139200,139.2000000003006,-14911.17652607019,6709.658527518344,309.96214044061486
139250,139.25000000030084,-14612.075995472193,6435.960370712177,297.31826800353747
139300,139.30000000030108,-14766.749304144541,6559.043729580998,303.00427739002566
139350,139.35000000030132,-14907.023016056697,6737.849978359311,311.26448427956785
139400,139.40000000030156,-14805.936167059046,6655.360048231882,307.45374559559025
139450,139.4500000003018,-14783.598706154475,6595.408799220802,304.6842130792409
139500,139.50000000030204,-14847.193651165022,6649.684690973634,307.1915644612871
139550,139.55000000030228,-14824.365393162152,6604.20563007512,305.0905950895199
139600,139.60000000030251,-14759.46817224951,6568.148995634276,303.4249079994047
139650,139.65000000030275,-14853.535997802392,6671.85129412451,308.2155819624407
139700,139.700000000303,-14821.857709633015,6566.729492459548,303.3593320478721
139750,139.75000000030323,-14965.125139781108,6698.672020581061,309.45460325488784
139800,139.80000000030347,-14606.993153225601,6303.382226764928,291.193633626841
139850,139.8500000003037,-14901.690043311813,6431.474437775931,297.11103400361196
139900,139.90000000030395,-15003.782200973848,6591.228638539346,304.4911046599532
139950,139.9500000003042,-14852.89858387814,6457.202287669734,298.29956832161207
140000,140.00000000030442,-14956.973465621499,6502.972639766235,300.41399430117076
140050,140.05000000030466,-14773.300033420874,6406.466029598888,295.95573531057454
140100,140.1000000003049,-14695.681584130682,6381.8691841356995,294.8194493376613
140150,140.15000000030514,-14889.545973373492,6536.555596548613,301.9654063624401
140200,140.20000000030538,-14872.291952093492,6588.093905349323,304.3462912383305
140250,140.25000000030562,-14833.476499823291,6461.3139358721,298.4895117102834
140300,140.30000000030586,-14971.777704839576,6596.602657496139,304.73936504634753
140350,140.3500000003061,-14929.523714579835,6515.032439859842,300.9711137782603
140400,140.40000000030633,-14893.0197364639,6369.802968654822,294.26203349270713
140450,140.45000000030657,-14940.261542409751,6412.609143462777,296.239525121101
140500,140.5000000003068,-14953.50911909975,6448.555921749416,297.9001372512077
140550,140.55000000030705,-14934.131588395592,6380.947510386435,294.7768713186849
140600,140.6000000003073,-14795.234454683872,6246.360917501518,288.55945381015965
140650,140.65000000030753,-14816.938587385997,6220.026478078822,287.34289723320643
140700,140.70000000030777,-14951.88092187999,6391.555608057121,295.2669273545507
140750,140.750000000308,-14781.042269144742,6233.041442945319,287.9441418943518
140800,140.80000000030824,-14818.572058922287,6240.450814013932,288.28642824265506
140850,140.85000000030848,-14983.161223792375,6469.626115024976,298.8735045515561
140900,140.90000000030872,-14761.244861393341,6249.048068038479,288.6835905197562
140950,140.95000000030896,-14824.219229498962,6262.451471589713,289.30277965388143
141000,141.0000000003092,-14898.233730366534,6439.1427505728225,297.46528253032074
141050,141.05000000030944,-14980.694664232904,6528.545478150751,301.59536764383745
141100,141.10000000030968,-14992.188627934738,6639.688794813789,306.72978993779674
141150,141.15000000030992,-14855.0677904992,6522.237741999588,301.3039728745313
141200,141.20000000031015,-14821.782227472688,6534.476098511957,301.86934101726035
141250,141.2500000003104,-14932.043424870246,6556.457895601124,302.8848211417026
141300,141.30000000031063,-14810.769483655513,6575.780349202682,303.77744914241833
141350,141.35000000031087,-14854.755270747057,6683.004862582938,308.7308367907969
141400,141.4000000003111,-14850.085022610208,6714.214243037162,310.1725981453788
141450,141.45000000031135,-14733.737646952077,6558.343525731223,302.9719304854655
141500,141.5000000003116,-14826.187592230035,6613.067498328766,305.49998159420375
141550,141.55000000031183,-14762.013132125976,6534.861259613081,301.8871340776418
141600,141.60000000031206,-14733.726967126115,6484.399713814752,299.55599178754716
141650,141.6500000003123,-14753.901109216224,6497.978029948187,300.1832612551419
141700,141.70000000031254,-14903.703326246095,6588.145093824801,304.3486559621625
141750,141.75000000031278,-14748.210194360287,6430.85593494977,297.08246139308653
141800,141.80000000031302,-14758.34223570134,6379.174534007682,294.6949661738769
141850,141.85000000031326,-14881.691582213081,6529.587209475739,301.6434918918797
141900,141.9000000003135,-14885.47478466067,6570.96874262944,303.55517018943084
141950,141.95000000031374,-14879.708108615534,6582.850015753333,304.10404236132115
142000,142.00000000031397,-14813.777888482673,6475.019580089324,299.12266327832
142050,142.0500000003142,-14985.608350641201,6649.163954110791,307.1675082873475
142100,142.10000000031445,-14775.944323950682,6514.611571659886,300.95167117807927
142150,142.1500000003147,-14794.147684002837,6542.9985234667465,302.26304645992883
142200,142.20000000031493,-14884.040170851556,6625.938051879085,306.09455497088913
142250,142.25000000031517,-14826.136250444226,6601.92883934385,304.985415530008
142300,142.3000000003154,-14596.82166653755,6326.558274797835,292.2642838582606
142350,142.35000000031565,-14772.939254925586,6434.2637140702,297.2398885566277
142400,142.40000000031588,-14970.808186504735,6590.722574343298,304.4677263105537
142450,142.45000000031612,-14729.051065625299,6270.2476070901175,289.6629331306879
142500,142.50000000031636,-14855.442124537476,6308.723553373539,291.4403837440947
142550,142.5500000003166,-14894.064717732732,6451.893341568635,298.0543140675794
142600,142.60000000031684,-14843.018148775975,6388.804206764732,295.13982249067396
142650,142.65000000031708,-15018.579692249152,6559.852505269149,303.04163992381297
142700,142.70000000031732,-14951.483940734375,6465.773093867663,298.6955088040549
142750,142.75000000031756,-14869.141172175547,6256.868913910847,289.0448855270525
142800,142.8000000003178,-14961.763662977675,6352.473560551467,293.4614770402059
142850,142.85000000031803,-14958.141652856802,6392.654232632042,295.3176798665283
142900,142.90000000031827,-15036.688297075849,6511.708826685878,300.817574779342
142950,142.9500000003185,-14909.510604085914,6360.835672481268,293.8477765965447
143000,143.00000000031875,-14989.462265378597,6363.760059340212,293.98287277268497
143050,143.050000000319,-15053.406253566485,6411.66546114034,296.1959303850412
143100,143.10000000031923,-14984.190788646269,6312.008489392818,291.5921359972936
143150,143.15000000031947,-15123.298561917423,6409.370977186723,296.0899334621646
143200,143.2000000003197,-15074.561068658393,6449.755260369973,297.9555423905924
143250,143.25000000031994,-14888.018646454006,6329.502216948667,292.40028341869476
143300,143.30000000032018,-14936.541808893306,6358.204794548403,293.7262394792735
143350,143.35000000032042,-14977.757193376829,6323.116820527855,292.10530102368324
143400,143.40000000032066,-14967.088830316334,6402.478517504273,295.77152656450943
143450,143.4500000003209,-14884.911287546438,6505.626743469067,300.53660436564826
143500,143.50000000032114,-14686.623880999901,6351.791773549314,293.4299809279008
143550,143.55000000032138,-14830.67159495677,6501.805144614276,300.3600602157369
143600,143.60000000032161,-14831.486292799138,6489.995171023799,299.8144818263691
143650,143.65000000032185,-14868.401436369722,6462.392879644216,298.5393550398133
143700,143.7000000003221,-14923.653708227133,6572.072020453389,303.60613766481123
143750,143.75000000032233,-14848.329482752224,6471.999768181812,298.9831588074529
143800,143.80000000032257,-14826.22272802777,6432.3623477133215,297.152052255671
143850,143.8500000003228,-14962.389229184388,6468.131284140205,298.80444873019945
143900,143.90000000032305,-14918.364411359098,6477.325397438403,299.2291837633871
143950,143.95000000032329,-14910.87914226755,6450.7893155750535,298.0033120294475
144000,144.00000000032352,-14989.67249069987,6482.949466216957,299.4889955540224
144050,144.05000000032376,-14813.164821913286,6313.449194635571,291.6586914082667
144100,144.100000000324,-14924.197866987603,6421.658875505749,296.65759025853674
144150,144.15000000032424,-14904.369169835414,6484.554405762893,299.56313800030273
144200,144.20000000032448,-14913.38016467262,6433.49878384586,297.2045515258904
144250,144.25000000032472,-14922.904093132121,6512.1125601811,300.83622581766735
144300,144.30000000032496,-14979.634881375445,6587.8002642562315,304.33272607381986
144350,144.3500000003252,-14993.148189001382,6597.251010960985,304.76931664923484
144400,144.40000000032543,-14918.008366577531,6562.871398095232,303.18110193641695
144450,144.45000000032567,-14949.783957000418,6645.556135013398,307.0008399948906
144500,144.5000000003259,-14827.34889821474,6490.019038639102,299.8155844245261
144550,144.55000000032615,-14973.02894274148,6522.578628556271,301.31972060987783
144600,144.6000000003264,-14949.911204411732,6364.920362979307,294.03647463603767
144650,144.65000000032663,-15006.763452515963,6506.958331358307,300.5981189465529
144700,144.70000000032687,-15049.994155117158,6444.607624497837,297.71774009013376
144750,144.7500000003271,-14911.484290755154,6371.83646264607,294.35597361611514
144800,144.80000000032734,-15036.745188624685,6528.66241952876,301.6007699157542
144850,144.85000000032758,-14793.159285370022,6255.641379223163,288.98817783057297
144900,144.90000000032782,-14972.194107124711,6464.164073842053,298.62117785425994
144950,144.95000000032806,-14979.55473670022,6527.7613264591255,301.5591426503047
145000,145.0000000003283,-14936.475927711712,6434.42788513271,297.24747267044296
145050,145.05000000032854,-14983.077867497774,6431.225323580439,297.0995258219463
145100,145.10000000032878,-14921.165679349859,6415.8306185053,296.3883457049595
145150,145.15000000032902,-14994.484738631916,6345.476822661949,293.1382528636786
145200,145.20000000032925,-15030.55486179919,6431.736495669914,297.1231401376879
145250,145.2500000003295,-14966.554356443341,6321.453777037779,292.02847438374084
145300,145.30000000032973,-15154.232800935399,6435.064967988824,297.2769036116614
145350,145.35000000032997,-15079.431793551557,6351.72225253781,293.42676930670683
145400,145.4000000003302,-14978.904240258253,6322.630845063378,292.0828507015762
145450,145.45000000033045,-15016.35502641449,6411.962186274761,296.20963802119144
145500,145.5000000003307,-15021.185294566285,6329.327167276646,292.3921967521676
145550,145.55000000033093,-15088.462312906893,6430.617368684281,297.0714404879265
145600,145.60000000033116,-15029.2351135174,6286.865471879905,290.4306188361035
145650,145.6500000003314,-14991.286254421106,6214.894256441487,287.10580701506797
145700,145.70000000033164,-15035.657851286658,6360.218346988281,293.81925837458607
145750,145.75000000033188,-14974.915643153941,6305.008187147822,291.268747160337
145800,145.80000000033212,-15004.125612408274,6323.491069951066,292.1225900037112
145850,145.85000000033236,-15153.991093314193,6555.991034114668,302.86325381677284
145900,145.9000000003326,-14951.940246964728,6418.271428133819,296.50110234879776
145950,145.95000000033284,-15053.08446917776,6488.189553360905,299.73106877139577
146000,146.00000000033307,-14952.297167311473,6458.268960283276,298.3488447676618
146050,146.0500000003333,-14917.139096943687,6374.414320512322,294.4750613966181
146100,146.10000000033355,-14890.638212988266,6380.518102077788,294.7570341961361
146150,146.1500000003338,-14933.99964954905,6377.618497297204,294.6230828630637
146200,146.20000000033403,-15096.474251726973,6588.913655693447,304.3841607618315
146250,146.25000000033427,-14949.871612901388,6496.4228534414515,300.111417682654
146300,146.3000000003345,-14800.773422521524,6251.44749800428,288.7944355717043
146350,146.35000000033475,-14854.244904665698,6296.264241442431,290.8648082541134
146400,146.40000000033498,-15021.168577144683,6532.4900599014245,301.777593162106
146450,146.45000000033522,-14998.74003609495,6415.076716891526,296.3535181564444
146500,146.50000000033546,-15014.062358424124,6465.544936009852,298.6849687299698
146550,146.5500000003357,-15075.319795800631,6602.483192377793,305.0110246503911
146600,146.60000000033594,-14958.358850013197,6518.691372945661,301.1401433535149
146650,146.65000000033618,-14909.058969193105,6467.504594185038,298.7754979037007
146700,146.70000000033642,-14924.885957064469,6443.73918255273,297.67762118944006
146750,146.75000000033666,-14917.74897054516,6541.30408306758,302.1847693954821
146800,146.8000000003369,-14838.53830336246,6470.734170837703,298.92469275286794
146850,146.85000000033713,-14916.885127999858,6539.314678944845,302.092866065744
146900,146.90000000033737,-14924.177624442626,6548.845047237754,302.5331348727395
146950,146.9500000003376,-15023.075116051641,6652.2628192749435,307.31066473491904
147000,147.00000000033785,-14954.816128186141,6568.5100584592,303.44158780592363
147050,147.0500000003381,-14905.613328144216,6453.804789618415,298.1426161065611
147100,147.10000000033833,-15051.815734766922,6489.012374048071,299.76908013372474
147150,147.15000000033857,-15089.852092738534,6600.347852892057,304.91237963070023
147200,147.2000000003388,-14988.941295946766,6481.225504773626,299.40935472329744
147250,147.25000000033904,-14927.373163488217,6291.83646560062,290.66026090320275
147300,147.30000000033928,-14942.378871395571,6344.295097657415,293.0836614101321
147350,147.35000000033952,-14978.608490179431,6420.371242262812,296.59810622452125
147400,147.40000000033976,-14899.956322340713,6377.554128895414,294.6201092739438
147450,147.45000000034,-14990.08249462635,6448.508506142398,297.89794682035625
147500,147.50000000034024,-14862.716838487819,6488.7210643966255,299.7556226734497
147550,147.55000000034048,-14937.326071706624,6582.622693630051,304.09354089517154
147600,147.6000000003407,-14790.2541899542,6391.872046883561,295.2815456925122
147650,147.65000000034095,-14956.115842417883,6497.292966973113,300.1516138046465
147700,147.7000000003412,-15074.08593898835,6664.927626618891,307.8957333753719
147750,147.75000000034143,-14774.599354074122,6389.088467508758,295.1529543167274
147800,147.80000000034167,-14889.613156660058,6513.005888896939,300.8774943978407
147850,147.8500000003419,-14764.802607554284,6425.194951415462,296.8209442732366
147900,147.90000000034215,-14979.70209659862,6505.781050850351,300.5437328127954
147950,147.95000000034238,-14842.47444216379,6445.556308127259,297.76156586862464
148000,148.00000000034262,-14848.449473229983,6549.4732981726565,302.56215781089907
148050,148.05000000034286,-14931.466491658064,6635.120955516758,306.51877215799624
148100,148.1000000003431,-14884.515504504427,6604.4924926812555,305.1038471122638
148150,148.15000000034334,-14847.675999023075,6565.058963551316,303.282159608479
148200,148.20000000034358,-14965.203709940972,6732.231380019712,311.0049252035769
148250,148.25000000034382,-14873.951768318318,6663.597523168775,307.83428737022655
148300,148.30000000034406,-14913.781322285347,6698.9839097868935,309.46901141670764
148350,148.3500000003443,-14939.630230613226,6686.8562315542,308.90875621323295
148400,148.40000000034453,-14881.73223259136,6631.21485534908,306.33832435073697
148450,148.45000000034477,-14937.377495856073,6632.886248412543,306.415536711
148500,148.500000000345,-14881.624666023788,6598.127942519671,304.80982773960335
148550,148.55000000034525,-14751.099113857192,6497.748949107607,300.17267854256585
148600,148.6000000003455,-14837.219874223432,6579.067196040311,303.9292896685663
148650,148.65000000034573,-14959.466187366013,6766.415506378498,312.58410914144866
148700,148.70000000034597,-14785.31774381132,6614.165964084401,305.55072676930035
148750,148.7500000003462,-14691.152206223156,6575.0801186713525,303.74510100526606
148800,148.80000000034644,-14704.348231349628,6585.216919356556,304.2133848120677
148850,148.85000000034668,-14887.361996933989,6648.3448630307985,307.12966921948305
148900,148.90000000034692,-14854.548462504568,6663.247318718778,307.8181091816544
148950,148.95000000034716,-14907.430087647734,6697.541314360704,309.40236868604444
149000,149.0000000003474,-14842.607812839073,6635.355344451717,306.52960008547984
149050,149.05000000034764,-14787.61648517722,6555.930638517617,302.86046375697197
149100,149.10000000034788,-14926.812771715666,6656.94958778675,307.52717661755975
149150,149.15000000034811,-14767.750724937207,6466.840872584039,298.74483634808524
149200,149.20000000034835,-14852.98166995768,6547.3983233000945,302.4663014196651
149250,149.2500000003486,-14938.456632789974,6586.028307166534,304.2508680165076
149300,149.30000000034883,-14892.52554822328,6533.408385685002,301.8200165170848
149350,149.35000000034907,-15050.287396503983,6615.251063890588,305.60085448550797
149400,149.4000000003493,-15008.623749289596,6611.037072577812,305.4061832124843
149450,149.45000000034955,-14944.902901313728,6591.359391608846,304.4971449824413
149500,149.5000000003498,-14802.4622883015,6446.04896336121,297.7843247721051
149550,149.55000000035002,-14806.289049510666,6535.77859226234,301.9295115533798
149600,149.60000000035026,-14938.355422320761,6622.38572585562,305.9304502592619
149650,149.6500000003505,-14930.349493364789,6563.574588814495,303.2135868236265
149700,149.70000000035074,-14828.50302944347,6463.043879905676,298.56942891520384
149750,149.75000000035098,-14977.043819053333,6574.501600116306,303.7183755245473
149800,149.80000000035122,-14767.934821006083,6576.990652265693,303.8333607996888
149850,149.85000000035146,-14844.167420213937,6718.320248390392,310.3622808546744
149900,149.9000000003517,-14934.921144955468,6774.202249305034,312.94382871505604
149950,149.95000000035193,-14752.14839024712,6538.287131706232,302.0453970715801
150000,150.00000000035217,-14844.704037432613,6678.4845803702265,308.52201597759137
150050,150.0500000003524,-14700.818531562712,6605.62253931614,305.1560512106259
150100,150.10000000035265,-14838.04268564521,6695.754409095772,309.31982007669103
150150,150.1500000003529,-14871.220536776718,6705.456938734667,309.7680421199181
150200,150.20000000035313,-14760.830095476495,6607.983894520936,305.26513734528044
150250,150.25000000035337,-14637.793284527192,6437.441295788862,297.38668142647373
150300,150.3000000003536,-14719.335050150636,6581.76914783773,304.05411014326864
150350,150.35000000035384,-14594.539080398834,6380.582061076651,294.75998887231026
150400,150.40000000035408,-14611.66661376048,6469.987932875918,298.89021923756695
150450,150.45000000035432,-14789.866302657112,6632.526131343546,306.3989005950102
150500,150.50000000035456,-14827.326323922684,6569.073710169076,303.46762649175827
150550,150.5500000003548,-14864.050505835316,6594.884512552833,304.65999291704617
150600,150.60000000035504,-14687.813696897563,6354.463537610361,293.55340683753803
150650,150.65000000035528,-14792.631806194857,6452.634132832534,298.0885359649884
150700,150.70000000035552,-14987.49582471951,6506.654004093865,300.5840601192827
150750,150.75000000035575,-14987.582009077976,6467.440048418316,298.77251612095756
150800,150.800000000356,-14985.289789169628,6541.238837302244,302.18175527531554
150850,150.85000000035623,-14830.426584993511,6398.350906853041,295.5808457679958
150900,150.90000000035647,-14727.341669210116,6257.906174555131,289.0928032456932
150950,150.9500000003567,-15004.703580665064,6504.919541113741,300.50393415525195
151000,151.00000000035695,-15036.171834425162,6654.619066565586,307.419514902274
151050,151.0500000003572,-14697.103659454264,6435.844560530165,297.3129179888155
151100,151.10000000035743,-14753.812087056216,6428.019491511491,296.9514278873184
151150,151.15000000035766,-14885.123555952072,6586.192576999014,304.25845669314083
151200,151.2000000003579,-14943.977833665904,6642.4829507731665,306.8588699138256
151250,151.25000000035814,-14777.623680456862,6475.605271197436,299.14972010524536
151300,151.30000000035838,-14841.722657192588,6607.287153078876,305.2329503915288
151350,151.35000000035862,-14786.470312091858,6573.137454841176,303.65535690927544
151400,151.40000000035886,-14644.63086218779,6480.201083401095,299.3620301329267
151450,151.4500000003591,-14752.061921212735,6650.672710015691,307.23720739465193
151500,151.50000000035934,-14737.531082640275,6638.947642634766,306.69555136740456
151550,151.55000000035957,-14666.467766722104,6561.936237384817,303.13790086824525
151600,151.6000000003598,-14606.161518952416,6485.8051047504205,299.62091580428944
151650,151.65000000036005,-14627.168381088351,6393.381249719412,295.35126544642236
151700,151.7000000003603,-14678.422622254415,6516.941301236149,301.0592963222121
151750,151.75000000036053,-14716.795879925947,6650.469534494044,307.22782141482645
151800,151.80000000036077,-14955.139843353618,6812.231168783432,314.7006282946209
151850,151.850000000361,-14837.537905027713,6750.889446154685,311.86686088807704
151900,151.90000000036125,-14733.385892586473,6489.394802490289,299.7867469550732
151950,151.95000000036148,-14934.259953653967,6673.504893670897,308.29197232608254
152000,152.00000000036172,-14909.24553162962,6573.235923907485,303.65990582669576
152050,152.05000000036196,-14946.265920680664,6514.922380623777,300.9660294365988
152100,152.1000000003622,-15006.547475060404,6540.133929290843,302.13071249112625
152150,152.15000000036244,-14988.175545211812,6589.349451478561,304.40429296286595
152200,152.20000000036268,-14848.967225634351,6496.6829182237025,300.123431742122
152250,152.25000000036292,-14963.62841289967,6657.409427880203,307.5484195793353
152300,152.30000000036316,-14934.34758059701,6706.437061389795,309.81332026854994
152350,152.3500000003634,-14841.388479774665,6607.101186772617,305.2243594156838
152400,152.40000000036363,-14823.981481574712,6662.672343220864,307.79154737745773
152450,152.45000000036387,-14740.67997927065,6637.153065905695,306.6126483639438
152500,152.5000000003641,-14825.196875129805,6708.754659053852,309.92038496188496
152550,152.55000000036435,-14856.158422763729,6622.699083041227,305.94492623647807
152600,152.6000000003646,-14742.428155058109,6576.700508820573,303.81995721396004
152650,152.65000000036483,-14774.053469132137,6524.64527774924,301.41519238459864
152700,152.70000000036507,-14850.399413552832,6662.488524639862,307.78305561881064
152750,152.7500000003653,-14767.655120218968,6670.363129744949,308.1468341096961
152800,152.80000000036554,-14691.051164243421,6559.743982670453,303.0366265692823
152850,152.85000000036578,-14636.516962871006,6446.313897070517,297.79656375852664
152900,152.90000000036602,-14792.263857833406,6551.736511854024,302.6667101594387
152950,152.95000000036626,-14812.110733078924,6533.567249034417,301.8273554336064
153000,153.0000000003665,-14963.074750605345,6672.555627805627,308.2481196503853
153050,153.05000000036674,-14892.915590059252,6635.686550233427,306.5449006037706
153100,153.10000000036698,-14788.63549434683,6426.119461447511,296.8636533182971
153150,153.1500000003672,-14900.592964281033,6533.946373938096,301.8448696433321
153200,153.20000000036745,-14905.417774439284,6523.090029833756,301.3433455132828
153250,153.2500000003677,-15049.884464457964,6728.057930788704,310.81212682920983
153300,153.30000000036793,-14936.480304832152,6595.3515615985525,304.68156890654075
153350,153.35000000036817,-14956.45921305755,6665.7294144411435,307.9327730948368
153400,153.4000000003684,-14901.99707600354,6600.173075938888,304.9043055628052
153450,153.45000000036865,-14850.385883985457,6562.315602070292,303.15542615502926
153500,153.50000000036889,-14936.432074185615,6655.65362389583,307.4673077375093
153550,153.55000000036912,-14883.18905637863,6571.5743182850765,303.5831456110786
153600,153.60000000036936,-14858.946172391315,6590.256155024137,304.4461794121658
153650,153.6500000003696,-14783.942874819219,6461.129489737605,298.48099096091744
153700,153.70000000036984,-14860.5221514262,6601.816098765292,304.9802073199477
153750,153.75000000037008,-14712.098689859247,6391.131795853922,295.24734875198703
153800,153.80000000037032,-14829.083806320243,6537.738249870208,302.02004070090265
153850,153.85000000037056,-14844.2164532361,6438.53001348668,297.43697627628876
153900,153.9000000003708,-14759.30220983604,6391.809174049254,295.2786411932419
153950,153.95000000037103,-14881.56403062456,6461.907997723556,298.51695523550546
154000,154.00000000037127,-14920.940429476417,6462.1144962220515,298.52649472493385
154050,154.0500000003715,-15062.109067145198,6547.017365026407,302.4487025148257
154100,154.10000000037175,-14995.346281427073,6459.481389260278,298.4048546345279
154150,154.150000000372,-14913.602650737674,6375.91530215945,294.5444013611183
154200,154.20000000037223,-14981.783425014764,6443.358221709499,297.660022165897
154250,154.25000000037247,-14885.229296039262,6419.136325265418,296.54105749183105
154300,154.3000000003727,-14995.826363320279,6548.653208573338,302.5242726150258
154350,154.35000000037294,-14838.53049464272,6355.42144351858,293.5976586522071
154400,154.40000000037318,-14904.05256829704,6447.022348419965,297.82929166796833
154450,154.45000000037342,-15032.475605244104,6546.160689681068,302.4091271888065
154500,154.50000000037366,-14861.492065014825,6421.984468574972,296.6726314896568
154550,154.5500000003739,-14871.10232638443,6424.321713128339,296.7806037987577
154600,154.60000000037414,-14963.617078834755,6452.753248128277,298.09403866410133
154650,154.65000000037438,-14877.280905156762,6327.789274588733,292.32115163007103
154700,154.70000000037462,-14989.022200812624,6462.705524937826,298.5537981301746
154750,154.75000000037485,-14990.993705028308,6455.2168278877625,298.2078472062596
154800,154.8000000003751,-14890.799237614177,6321.2042299171635,292.0169462024885
154850,154.85000000037533,-15105.081040657218,6495.778016014016,300.0816285080747
154900,154.90000000037557,-15059.041764257474,6436.879802169803,297.3607424366886
154950,154.9500000003758,-15067.684194382147,6420.6715813956625,296.6119808144269
155000,155.00000000037605,-15057.217945403412,6380.312700076633,294.74754536094906
155050,155.0500000003763,-14915.839915835328,6192.0536236621465,286.05065176442946
155100,155.10000000037653,-14898.702748778733,6176.906212639999,285.35089574505787
155150,155.15000000037676,-14899.262208535938,6189.168126320206,285.9173521443854
155200,155.200000000377,-14944.47687083731,6250.869442259609,288.7677314711637
155250,155.25000000037724,-14999.76328450163,6329.761110518428,292.4122433723496
155300,155.30000000037748,-14948.945051852761,6275.747340620669,289.91700107915227
155350,155.35000000037772,-14795.981361479027,6212.773859610134,287.0078522923747
155400,155.40000000037796,-14802.124799537232,6251.7070896290315,288.8064277729942
155450,155.4500000003782,-14828.139018348187,6355.967901675449,293.62290305760706
155500,155.50000000037844,-14806.376259482557,6259.696940291701,289.1755301949796
155550,155.55000000037867,-14902.696382627433,6369.8396087269375,294.2637261325237
155600,155.6000000003789,-14937.968232370376,6530.969425060795,301.70734529060894
155650,155.65000000037915,-14853.530145062658,6451.8352830939175,298.0516319744416
155700,155.7000000003794,-14731.700033366993,6328.453664223524,292.3518440464499
155750,155.75000000037963,-14877.571732949775,6424.228502926445,296.7762978219972
155800,155.80000000037987,-14869.537383696665,6349.890708073056,293.34215852654876
155850,155.8500000003801,-14843.441678982554,6375.19585626694,294.51116554325074
155900,155.90000000038034,-14673.501367696377,6248.827781126866,288.67341405513366
155950,155.95000000038058,-14909.915516515372,6452.559003904498,298.08506527817957
156000,156.00000000038082,-14776.623268175983,6274.840362396652,289.87510194069444
156050,156.05000000038106,-14946.872122912562,6379.386255914124,294.70474696600365
156100,156.1000000003813,-14890.59029886725,6430.637531792468,297.0723719511516
156150,156.15000000038154,-14823.93809069084,6316.998227888093,291.8226440056954
156200,156.20000000038178,-14931.14889822588,6386.999331117236,295.05644371414866
156250,156.25000000038202,-15029.460071857715,6542.074974637641,302.2203818189942
156300,156.30000000038225,-14768.294409853188,6362.638861078612,293.9310774374084
156350,156.3500000003825,-14761.503518551377,6370.9576517385285,294.3153757065752
156400,156.40000000038273,-14977.919845203693,6611.4168758050455,305.4237287583234
156450,156.45000000038297,-14976.797689137948,6600.941030514909,304.9397823077346
156500,156.5000000003832,-14889.887940483422,6527.782508185248,301.5601211700222
156550,156.55000000038345,-14836.00579319472,6426.166400340713,296.8658217266814
156600,156.6000000003837,-14967.895928962032,6587.177900732901,304.30397511294274
156650,156.65000000038393,-14874.158046388533,6537.287756164954,301.9992295087141
156700,156.70000000038416,-14801.919528008486,6512.391116718689,300.849094129858
156750,156.7500000003844,-14936.641086156927,6526.864744875466,301.51772379931384
156800,156.80000000038464,-15003.088474559772,6644.833485674122,306.96745618928094
156850,156.85000000038488,-14790.52529741018,6409.893725152213,296.1140825418279
156900,156.90000000038512,-14970.454141312557,6555.582720390064,302.8443911882903
156950,156.95000000038536,-14883.98773035317,6556.720641095581,302.8969590404525
157000,157.0000000003856,-14748.083963250418,6287.760925930563,290.4719855991168
157050,157.05000000038584,-14925.305668501738,6411.887303355526,296.2061786991062
157100,157.10000000038607,-14807.614461706506,6449.982379902224,297.96603449776353
157150,157.1500000003863,-14794.601527680403,6354.747654564926,293.56653202103456
157200,157.20000000038655,-14726.627525857664,6304.02571362489,291.2233604100508
157250,157.2500000003868,-14799.880718072513,6337.33035911934,292.7619154887835
157300,157.30000000038703,-14829.312194421556,6431.289442200229,297.1024878720344
157350,157.35000000038727,-14719.754048497061,6391.779479782424,295.27726942469843
157400,157.4000000003875,-14581.230542380541,6148.9295053151,284.05847228575055
157450,157.45000000038775,-14863.022560005487,6437.703585609474,297.3987982747276
157500,157.50000000038798,-14866.671478210417,6525.765684397067,301.46695115016024
157550,157.55000000038822,-14815.274391786239,6438.418610549939,297.43182986047907
157600,157.60000000038846,-14780.990318364984,6386.212519006918,295.0200958188216
157650,157.6500000003887,-14675.52343096998,6278.495089646228,290.0439372214109
157700,157.70000000038894,-14808.240860284128,6403.553470343862,295.82118552728156
157750,157.75000000038918,-14912.205205223834,6497.38237780274,300.1557442640456
157800,157.80000000038942,-14961.641305377125,6499.845878636802,300.26954916013256
157850,157.85000000038966,-14898.579337675856,6498.743195293172,300.21860914760913
157900,157.9000000003899,-14761.418603096876,6386.7119964367075,295.0431698832623
157950,157.95000000039013,-14840.43463178817,6367.346144686459,294.14853704384973
158000,158.00000000039037,-14980.255472382758,6493.136543342159,299.9596019518906
158050,158.0500000003906,-14951.867690263596,6467.887575013892,298.7931902433291
158100,158.10000000039085,-14918.642486859755,6408.766082214518,296.06198948564816
158150,158.1500000003911,-14692.710484994202,6235.391534687369,288.0527076974564
158200,158.20000000039133,-14776.93224188417,6336.616301793552,292.72892860335696
158250,158.25000000039157,-14966.508826519137,6474.685336797933,299.1072224379848
158300,158.3000000003918,-14779.878118747223,6287.261274965152,290.4489035179532
158350,158.35000000039204,-14837.150501393859,6344.001335023535,293.0700906308733
158400,158.40000000039228,-14776.986747540392,6343.862253654784,293.06366557085323
158450,158.45000000039252,-14700.071864226153,6248.922267417317,288.67777898260505
158500,158.50000000039276,-14811.88679805791,6376.486479711104,294.57078771382993
158550,158.550000000393,-14813.44417783539,6425.620080557452,296.8405837136454
158600,158.60000000039324,-14813.859150877617,6506.569078912315,300.580136880724
158650,158.65000000039348,-14837.543233904269,6623.941296497453,306.0023120393765
158700,158.70000000039371,-14718.810366685166,6449.209051939449,297.93030952165316
158750,158.75000000039395,-14835.456446232034,6562.981708574833,303.18619788462803
158800,158.8000000003942,-14900.828635540684,6518.456794880161,301.1293066888792
158850,158.85000000039443,-14853.617705933008,6520.748648318515,301.2351820913925
158900,158.90000000039467,-14856.813220486023,6564.172718514074,303.24121826883083
158950,158.9500000003949,-14779.749337152787,6548.257731672333,302.5060030017172
159000,159.00000000039515,-14826.6544142477,6550.912619650447,302.6286492968977
159050,159.05000000039539,-14984.796564823884,6671.940426219362,308.2196995452937
159100,159.10000000039562,-14866.722336421486,6613.251995046094,305.508504680315
159150,159.15000000039586,-14702.409877424581,6414.307604083967,296.3179879053752
159200,159.2000000003961,-14729.349551674884,6494.597099086814,300.0270743848004
159250,159.25000000039634,-14877.503798564854,6645.738279285412,307.0092544064722
159300,159.30000000039658,-14816.706294623378,6758.291187427539,312.20879476720245
159350,159.35000000039682,-14674.139421939753,6739.937591909043,311.36092453232203
159400,159.40000000039706,-14557.043136222566,6739.424652645791,311.33722857949505
159450,159.4500000003973,-14701.68748631878,6893.745114985155,318.46628002441054
159500,159.50000000039753,-14553.592450964832,6795.669046422021,313.9355176893155
159550,159.55000000039777,-14634.774957959555,6948.6160771631,321.0011215241616
159600,159.600000000398,-14656.04310791157,6973.006529490836,322.12787287504085
159650,159.65000000039825,-14471.028211594945,6773.256494754428,312.90013824949284
159700,159.7000000003985,-14571.053073208503,6783.931459509278,313.3932833046356
159750,159.75000000039873,-14496.063304891544,6810.902119282247,314.6392309781332
159800,159.80000000039897,-14598.669806261236,6892.921400521216,318.42822737280284
159850,159.8500000003992,-14479.959391996808,6737.238781563501,311.2362491814206
159900,159.90000000039944,-14518.388402654418,6813.846323497514,314.7752426450035
159950,159.95000000039968,-14666.039445731138,6902.750667551261,318.8823042285921
160000,160.00000000039992,-14675.02166627262,6813.678698385802,314.767498966513
160050,160.05000000040016,-14557.035020673107,6756.160101057007,312.1103462261679
160100,160.1000000004004,-14599.643745189696,6763.002134608786,312.4264236175848
160150,160.15000000040064,-14544.742112607266,6730.593290446462,310.9292513450227
160200,160.20000000040088,-14707.58083933399,6791.39440893103,313.7380447805406
160250,160.25000000040112,-14711.971025157201,6747.091463146692,311.6914077055214
160300,160.30000000040135,-14797.540139005478,6834.325858324468,315.7213236451253
160350,160.3500000004016,-14611.003374566786,6584.598580710114,304.18481978605604
160400,160.40000000040183,-14804.387535264566,6745.9480520048755,311.63858621490937
160450,160.45000000040207,-14856.053735823207,6731.522455646252,310.97217544212367
160500,160.5000000004023,-14788.010840172594,6629.248995027811,306.24750866011897
160550,160.55000000040255,-14809.352063056147,6645.027189396429,306.9764046059748
160600,160.6000000004028,-14736.878643579013,6464.894431632789,298.6549177626585
160650,160.65000000040303,-14870.333339640656,6527.350002356007,301.54014095314017
160700,160.70000000040326,-14824.179190872665,6464.182836016882,298.62204459939244
160750,160.7500000004035,-14838.018899931463,6569.20163110719,303.473535979942
160800,160.80000000040374,-14822.999725900201,6567.534026715217,303.39649864270285
160850,160.85000000040398,-14773.344998705976,6483.946690623905,299.53506374220353
160900,160.90000000040422,-14949.523004966317,6601.108116461959,304.94750107875296
160950,160.95000000040446,-14866.665078770655,6439.419217342901,297.47805430275343
161000,161.0000000004047,-14995.777534562949,6517.3728419743375,301.07923195535164
161050,161.05000000040494,-14914.323713783726,6514.32735954094,300.93854159832995
161100,161.10000000040517,-14818.860849094064,6437.709942716706,297.3990919502636
161150,161.1500000004054,-14798.5148970236,6357.373180778536,293.68782190808554
161200,161.20000000040565,-14889.238852118093,6437.5152543668555,297.3900980473114
161250,161.2500000004059,-14790.375414244212,6404.290545097075,295.85523573523676
161300,161.30000000040613,-14803.542174011467,6424.647337511821,296.7956464764841
161350,161.35000000040637,-14858.958184114419,6473.72157828424,299.06270025395
161400,161.4000000004066,-14959.127553288257,6498.5119870227545,300.20792815541074
161450,161.45000000040685,-14891.515052324648,6543.448710222877,302.2838434721696
161500,161.50000000040708,-14920.692397678866,6500.743279360013,300.31100585243047
161550,161.55000000040732,-15071.343147388969,6617.1175626950735,305.68708003069713
161600,161.60000000040756,-14882.905659108765,6464.817543994271,298.6513658297381
161650,161.6500000004078,-14952.410474483138,6552.6268551904595,302.7078408257993
161700,161.70000000040804,-14924.441660609813,6459.479741789666,298.4047785272991
161750,161.75000000040828,-14987.468329293857,6422.007402578885,296.6736909583186
161800,161.80000000040852,-14899.112019819699,6357.053277940581,293.67304354522565
161850,161.85000000040876,-14972.047685704561,6409.07553764795,296.0762852159188
161900,161.900000000409,-15085.06671916404,6590.216636778357,304.4443538110568
161950,161.95000000040923,-15020.776909926259,6474.917865769214,299.1179644418225
162000,162.00000000040947,-15037.823200691873,6473.387212055199,299.0472537343366
162050,162.0500000004097,-15239.692767393175,6767.540792855257,312.6360933375914
162100,162.10000000040995,-15015.768609618191,6633.728045169397,306.45442469963615
162150,162.1500000004102,-14854.304365652253,6436.8408031673325,297.3589408227568
162200,162.20000000041043,-15019.728382838657,6512.401867300817,300.8495907681644
162250,162.25000000041067,-14844.445875405,6420.056668296759,296.5835740364159
162300,162.3000000004109,-14909.96795051986,6465.67846346591,298.6911372191586
162350,162.35000000041114,-15078.164064010562,6535.17962020624,301.9018411943278
162400,162.40000000041138,-14977.727619151516,6474.953896071234,299.1196289124493
162450,162.45000000041162,-14993.873129546628,6485.473266949776,299.6055860889925
162500,162.50000000041186,-15071.731306235226,6463.408161832241,298.5862574326639
162550,162.5500000004121,-15132.244841378664,6550.130446476506,302.5925157037803
162600,162.60000000041234,-14981.386189807698,6485.800635033187,299.6207093193968
162650,162.65000000041258,-14970.921674510762,6461.341320524003,298.49077678290735
162700,162.7000000004128,-14964.851945745544,6510.19803960955,300.7477818392083
162750,162.75000000041305,-14813.61899987584,6437.2173023978585,297.37633373580735
162800,162.8000000004133,-14874.613775660968,6443.546996476985,297.66874288257003
162850,162.85000000041353,-14943.953307680898,6488.931355756218,299.7653373794467
162900,162.90000000041377,-14935.392297629725,6500.249574705158,300.288198469471
162950,162.950000000414,-14801.353998568642,6276.329037735939,289.9438733979443
163000,163.00000000041425,-14901.689086035063,6334.522274484432,292.63219205794053
163050,163.05000000041449,-15103.916920127444,6552.036206129319,302.68055495923994
163100,163.10000000041472,-14907.735118650704,6392.230633698944,295.29811111627777
163150,163.15000000041496,-14905.372832184536,6419.019273643968,296.5356501270631
163200,163.2000000004152,-14922.290615989574,6471.681340623571,298.96844859722046
163250,163.25000000041544,-15032.56038577472,6616.463122582834,305.6568472465475
163300,163.30000000041568,-14918.281758833276,6404.592738769111,295.8691959981962
163350,163.35000000041592,-15022.089831958066,6528.054422730321,301.5726826459993
163400,163.40000000041616,-15081.026091738233,6611.525552793833,305.42874924512216
163450,163.4500000004164,-14921.424170846672,6349.955795968903,293.34516535371154
163500,163.50000000041663,-14921.845245245458,6367.2714091134185,294.1450845286298
163550,163.55000000041687,-15147.758889988963,6601.168257666961,304.95027938655426
163600,163.6000000004171,-15068.137696632564,6435.418361824947,297.2932291384246
163650,163.65000000041735,-15023.403885833666,6385.431511924069,294.9840160949271
163700,163.7000000004176,-14968.721906342955,6328.749392824124,292.36550564631455
163750,163.75000000041783,-15000.517629661357,6427.03339592658,296.9058738107697
163800,163.80000000041807,-14972.72490410438,6448.299349208057,297.8882845207339
163850,163.8500000004183,-14801.039675144573,6371.516769854728,294.34120495665485
163900,163.90000000041854,-15028.790692411223,6481.948283734414,299.4427445169557
163950,163.95000000041878,-14841.453465143215,6359.444046944502,293.7834884918224
164000,164.00000000041902,-14770.971269316187,6260.172206842379,289.1974858037075
164050,164.05000000041926,-14940.835212285408,6387.44716329476,295.0771319533093
164100,164.1000000004195,-14843.935068299324,6291.781147409252,290.6577054013197
164150,164.15000000041974,-14863.240225230116,6280.757115544153,290.14843469861887
164200,164.20000000041998,-14907.673926951604,6397.476235642296,295.54043909758894
164250,164.25000000042021,-14766.461353025872,6261.071630574515,289.2390359517564
164300,164.30000000042045,-14862.84583106466,6354.013903678617,293.53263536379967
164350,164.3500000004207,-14830.853735290262,6331.580099569988,292.4962741374843
164400,164.40000000042093,-14853.220963525871,6464.94859418178,298.6574198780118
164450,164.45000000042117,-14689.907222355818,6367.727010120438,294.1661316598278
164500,164.5000000004214,-14844.5521455717,6587.350031414719,304.3119269325998
164550,164.55000000042165,-14849.939645655579,6580.580874409787,303.9992161760655
164600,164.6000000004219,-14865.303516368534,6637.9634979330485,306.6500874146569
164650,164.65000000042212,-14849.503453301051,6675.580804106802,308.3878719369848
164700,164.70000000042236,-14923.281576847632,6699.865520638422,309.5097386736097
164750,164.7500000004226,-14812.490034200635,6587.602973906134,304.3236119677959
164800,164.80000000042284,-14877.458327193028,6694.14579746159,309.2455079931142
164850,164.85000000042308,-14891.664291636145,6682.0109390628295,308.68492109173957
164900,164.90000000042332,-14825.881930898446,6700.391289365531,309.5340273016171
164950,164.95000000042356,-14708.6067786661,6501.194673721917,300.3318586517234
165000,165.0000000004238,-14830.343242002597,6549.20806820711,302.5499051385026
165050,165.05000000042403,-14716.03450105237,6452.418875575256,298.07859185234275
165100,165.10000000042427,-14989.760712936617,6741.315520489302,311.4245798868173
165150,165.1500000004245,-14921.386619314157,6785.244084364644,313.4539218614408
165200,165.20000000042475,-14748.098101929812,6537.124306714454,301.99167873078363
165250,165.250000000425,-14804.561996956847,6509.064658472514,300.69542369881566
165300,165.30000000042523,-14900.638298114805,6515.283236907059,300.9826997016352
165350,165.35000000042547,-14825.866584158677,6379.001622092576,294.686978264046
165400,165.4000000004257,-14973.072537819822,6621.443000377159,305.8868997259592
165450,165.45000000042594,-14961.748292414666,6560.7559394658265,303.0833753409286
165500,165.50000000042618,-14948.066659232496,6449.546545773677,297.9459005254001
165550,165.55000000042642,-15064.877586974102,6560.151463276586,303.0554507106819
165600,165.60000000042666,-15015.815782532245,6545.67165960904,302.3865357547948
165650,165.6500000004269,-15038.881346394384,6566.619860350315,303.3542674379371
165700,165.70000000042714,-14992.000950688089,6634.78171079412,306.50310026948944
165750,165.75000000042738,-14936.794089526104,6611.305767756332,305.4185959652821
165800,165.80000000042762,-15006.01415197187,6587.161623499393,304.30322316317984
165850,165.85000000042785,-15030.227782266886,6632.387218709073,306.3924833299082
165900,165.9000000004281,-14917.961285827647,6526.928787711509,301.5206823484648
165950,165.95000000042833,-15082.413542996142,6698.053231816103,309.4260174350163
166000,166.00000000042857,-15032.88149320562,6695.967818347657,309.32967881812067
166050,166.0500000004288,-15008.791392589901,6647.996713785655,307.11358597399817
166100,166.10000000042905,-14900.774586891042,6498.766817298749,300.2197003994783
166150,166.1500000004293,-14809.871652396781,6497.06581860396,300.141120365314
166200,166.20000000042953,-14960.327434274424,6590.316550139009,304.44896944969173
166250,166.25000000042976,-15089.03034512673,6691.639120442743,309.129708512266
166300,166.30000000043,-14987.899192065985,6587.596873071877,304.3233301311514
166350,166.35000000043024,-14862.77924186001,6528.134130607617,301.5763648638283
166400,166.40000000043048,-14883.71995526566,6543.858911605781,302.3027933036901
166450,166.45000000043072,-15030.181555604075,6660.535487610108,307.6928323182329
166500,166.50000000043096,-14911.209816533925,6637.275876668029,306.61832178034877
166550,166.5500000004312,-14893.564125585728,6567.635190878024,303.40117206390767
166600,166.60000000043144,-15128.588582347085,6617.0456590454105,305.68375834017235
166650,166.65000000043167,-15029.578473255246,6543.8821332681055,302.30386606113814
166700,166.7000000004319,-15136.277790456263,6677.348694400387,308.469542122914
166750,166.75000000043215,-15162.374716653172,6797.719620746761,314.03024686282293
166800,166.8000000004324,-14893.537949859192,6586.47535508557,304.27152002574104
166850,166.85000000043263,-14943.637294940032,6568.706881151924,303.4506803078555
166900,166.90000000043287,-14968.672823919465,6619.0333704554105,305.7755834726579
166950,166.9500000004331,-14893.889836973605,6445.069887296725,297.7390949722043
167000,167.00000000043335,-14876.015847457382,6450.668474972412,297.99772962734863
167050,167.05000000043358,-15102.36122787339,6718.025580728318,310.34866826636147
167100,167.10000000043382,-14901.134032129305,6473.196440044883,299.0384407522138
167150,167.15000000043406,-15048.020244466159,6473.276477325409,299.04213818728965
167200,167.2000000004343,-14774.69189893654,6276.213080483948,289.9385165891172
167250,167.25000000043454,-15020.922287098078,6451.235235929656,298.02391194925144
167300,167.30000000043478,-15037.816693832388,6448.056473327404,297.87706452682215
167350,167.35000000043502,-14933.99087890859,6326.800475105679,292.27547264313347
167400,167.40000000043526,-14914.80542845224,6501.324061546183,300.33783590478214
167450,167.4500000004355,-14941.9303929562,6502.999935663423,300.41525527364536
167500,167.50000000043573,-14841.898288233402,6418.61785035265,296.5171058118659
167550,167.55000000043597,-15015.966375276865,6579.827274792646,303.9644025787108
167600,167.6000000004362,-14968.263484786194,6583.24382623117,304.1222349918608
167650,167.65000000043645,-14673.647829045758,6327.157721534963,292.2919761458723
167700,167.7000000004367,-14902.695999591593,6530.180633103841,301.6709059334737
167750,167.75000000043693,-14858.540885986054,6555.890491678606,302.858609117112
167800,167.80000000043717,-14770.557999688084,6499.061489297453,300.23331318812797
167850,167.8500000004374,-14837.160944843195,6565.399502783978,303.2978912987024
167900,167.90000000043764,-14811.763897713867,6534.413456287011,301.8664471713148
167950,167.95000000043788,-14813.081472653646,6428.805667044151,296.9877463750426
168000,168.00000000043812,-14954.612561850598,6526.44448140694,301.49830913555434
168050,168.05000000043836,-14914.700069239909,6391.648776537623,295.27123140393263
168100,168.1000000004386,-14952.25934529428,6414.498353879297,296.32679986124543
168150,168.15000000043884,-15090.305467416763,6603.231938499278,305.0456140336675
168200,168.20000000043908,-14928.778666249706,6435.665925446432,297.3046656891367
168250,168.25000000043931,-14884.810617507468,6426.420355221019,296.8775535306103
168300,168.30000000043955,-15014.87332355011,6632.9089162946175,306.4165838857882
168350,168.3500000004398,-14828.00912141221,6483.822700394483,299.5293358386526
168400,168.40000000044003,-14854.359052831274,6509.265288826662,300.70469210103823
168450,168.45000000044027,-14982.046095464688,6682.5835589868675,308.7113740768782
168500,168.5000000004405,-14809.433798114267,6594.16488409246,304.6267486651987
168550,168.55000000044075,-14842.207639110497,6673.525819741925,308.2929390354524
168600,168.60000000044099,-14705.698004772137,6544.249770562363,302.320849584542
168650,168.65000000044122,-14838.284735994059,6655.1663819786845,307.4447989098348
168700,168.70000000044146,-14936.87012244411,6715.4038471565045,310.22755358574824
168750,168.7500000004417,-14860.280523149922,6646.051397263215,307.0237193331465
168800,168.80000000044194,-14867.436607339121,6632.80431087321,306.41175149078805
168850,168.85000000044218,-14910.252337437742,6594.338675370396,304.634777198436
168900,168.90000000044242,-14965.98551953055,6568.192177475694,303.42690284548206
168950,168.95000000044266,-14913.71661059616,6542.232986535387,302.2276814015049
169000,169.0000000004429,-14958.726993062406,6627.420022067656,306.1630166742433
169050,169.05000000044313,-14964.016606371793,6555.639623704399,302.8470199171648
169100,169.10000000044337,-15003.08424902722,6638.604340439423,306.6796920382226
169150,169.1500000004436,-14911.042132906567,6575.257975227111,303.7533173397469
169200,169.20000000044385,-14832.793572105353,6361.0303811065505,293.856771436149
169250,169.2500000004441,-14993.116613665015,6496.917676715197,300.13427674179104
169300,169.30000000044433,-14972.08882698739,6503.468874853468,300.4369185810234
169350,169.35000000044457,-14896.963631461062,6419.377221844646,296.5521860491214
169400,169.4000000004448,-14895.331995396984,6419.789084513082,296.5712126260706
169450,169.45000000044504,-14812.444596431313,6416.408888908157,296.41505972193784
169500,169.50000000044528,-15043.334827901002,6530.5620480064035,301.6885259329281
169550,169.55000000044552,-14980.543202313034,6529.701170742335,301.64875649334596
169600,169.60000000044576,-14928.305885021136,6528.700622069605,301.6025347360176
169650,169.650000000446,-15096.676652606151,6612.370783992243,305.46779589263065
169700,169.70000000044624,-14966.342334201625,6524.204342196114,301.39482274473056
169750,169.75000000044648,-15017.088387358068,6591.248500162589,304.49202219565603
169800,169.80000000044672,-14835.800383452846,6481.031890235738,299.4004104266036
169850,169.85000000044695,-14911.837689489155,6588.744519055881,304.37634725627197
169900,169.9000000004472,-14886.314983721002,6526.6532132054535,301.50795179542735
169950,169.95000000044743,-14968.784317336946,6512.438823472519,300.8512980106472
170000,170.00000000044767,-14972.042871094374,6483.645817547721,299.5211644860324
170050,170.0500000004479,-14978.788714857117,6470.007459667824,298.8911213052639
170100,170.10000000044815,-14997.55124861568,6611.367259074012,305.4214366434431
170150,170.1500000004484,-14889.717886449836,6492.758612309672,299.9421428947287
170200,170.20000000044863,-14950.371933987253,6612.638188610992,305.4801490261994
170250,170.25000000044886,-15109.074776927348,6686.611615552264,308.8974558319639
170300,170.3000000004491,-15114.466141772518,6755.879051385812,312.09736274015347
170350,170.35000000044934,-15002.985113456969,6674.401318516922,308.3333839363573
170400,170.40000000044958,-15038.70517219149,6603.25165536862,305.0465248822597
170450,170.45000000044982,-15221.222556937893,6824.293967091387,315.25788627845156
170500,170.50000000045006,-15170.507752420963,6734.788298385873,311.1230456543355
170550,170.5500000004503,-14979.532008502472,6615.1511066514795,305.59623681984596
170600,170.60000000045054,-14987.089786968849,6612.981985358345,305.49603120190903
170650,170.65000000045077,-15047.448863890071,6664.727223117253,307.88647545292105
170700,170.700000000451,-15064.328814111668,6598.291620700575,304.81738908405754
170750,170.75000000045125,-15003.832571205821,6464.121865346387,298.61922797326264
170800,170.8000000004515,-15077.039469884072,6619.129194018536,305.7800101773268
170850,170.85000000045173,-15104.455386959602,6605.21978377218,305.1374453501386
170900,170.90000000045197,-14894.398537249155,6382.486577465522,294.8479706934383
170950,170.9500000004522,-14999.556696846037,6522.431421046751,301.31292015132203
171000,171.00000000045245,-15149.153067408179,6637.8353793073675,306.6441687940172
171050,171.05000000045268,-15114.811559465586,6618.969394181174,305.7726279984235
171100,171.10000000045292,-14950.452355964542,6494.415372851884,300.0186792850316
171150,171.15000000045316,-14948.281372796235,6491.766287538934,299.8963010521538
171200,171.2000000004534,-14994.790331546144,6417.4282582625,296.462150927202
171250,171.25000000045364,-15172.939267658297,6645.784141141873,307.01137305962493
171300,171.30000000045388,-15031.278877640285,6551.705790974632,302.66529096507975
171350,171.35000000045412,-14889.127659751912,6343.994141394509,293.069758311033
171400,171.40000000045436,-15176.59115340423,6578.250618993363,303.8915667400047
171450,171.4500000004546,-15103.874064504305,6539.137415592437,302.0846771351287
171500,171.50000000045483,-15221.605850855907,6769.87316753894,312.7438406761927
171550,171.55000000045507,-15002.244628833625,6555.827142667838,302.8556826201984
171600,171.6000000004553,-15029.09997207609,6556.833689623439,302.9021814766651
171650,171.65000000045555,-15079.15835701794,6525.674645850714,301.4627454960909
171700,171.7000000004558,-15052.25884318985,6420.505818988688,296.60432318620934
171750,171.75000000045603,-15229.165381424791,6569.943148352185,303.5077914150718
171800,171.80000000045627,-15093.351691711134,6562.1641250575285,303.1484284607485
171850,171.8500000004565,-14832.650714704443,6322.0738506321,292.0571195581172
171900,171.90000000045674,-14886.949727236382,6366.079743456171,294.09003385260877
171950,171.95000000045698,-15087.191048759947,6499.3391253433265,300.2461389769054
172000,172.00000000045722,-15107.664332361928,6466.979018927068,298.7512182132731
172050,172.05000000045746,-15104.795844722774,6439.145265387111,297.4653987057143
172100,172.1000000004577,-15216.125819266377,6526.433288380996,301.4977920579317
172150,172.15000000045794,-15224.796876195307,6539.837707865922,302.11702812454695
172200,172.20000000045818,-15138.20411518065,6451.9975071152385,298.0591261419425
172250,172.2500000004584,-15052.434181161934,6366.586699080895,294.1134533828134
172300,172.30000000045865,-15163.394995868559,6508.734618681645,300.6801770451166
172350,172.3500000004589,-15169.065465945298,6596.53354044478,304.73617208666224
172400,172.40000000045913,-15071.633155934567,6495.0435999328165,300.04770112122344
172450,172.45000000045937,-15151.116539429957,6411.052337744123,296.1676062848704
172500,172.5000000004596,-15053.171723218726,6336.532034907241,292.72503577567545
172550,172.55000000045985,-15150.468600072749,6372.619691428672,294.3921559745637
172600,172.60000000046008,-15174.452636201217,6432.397560913303,297.1536789791165
172650,172.65000000046032,-15156.650953353872,6409.447115509723,296.09345077939764
172700,172.70000000046056,-15105.084279101138,6335.441968551004,292.6746786226824
172750,172.7500000004608,-15165.40161407447,6400.711740851594,295.68990782479284
172800,172.80000000046104,-15157.858592398641,6442.0714515297095,297.60057800230106
172850,172.85000000046128,-15137.770648931559,6463.828582087035,298.60567933938637
172900,172.90000000046152,-15050.13850448676,6390.510514836116,295.2186477989796
172950,172.95000000046176,-15072.390138924538,6365.156946162754,294.04740392992534
173000,173.000000000462,-14906.314623091654,6223.840353715265,287.5190845981517
173050,173.05000000046223,-15009.629017014748,6270.716446191934,289.68459181434895
173100,173.10000000046247,-15073.014621090326,6330.3358145070015,292.4387926337893
173150,173.1500000004627,-14969.76135355941,6309.800147588926,291.49011853253717
173200,173.20000000046295,-14939.775483333093,6278.992082738898,290.06689651839395
173250,173.2500000004632,-15012.97977614213,6418.904029917488,296.53032628055354
173300,173.30000000046343,-15004.640490766316,6363.1318084261975,293.95384983549036
173350,173.35000000046367,-15109.602174917396,6448.227294104666,297.8849558335906
173400,173.4000000004639,-15031.063466036414,6301.635246532399,291.1129294106784
173450,173.45000000046414,-15115.238623985262,6369.241794180705,294.2361092462728
173500,173.50000000046438,-15132.660583395162,6434.013232799209,297.22831722098095
173550,173.55000000046462,-15055.433638401508,6412.912476042773,296.2535379975202
173600,173.60000000046486,-15022.674087321302,6361.962600808584,293.89983664028995
173650,173.6500000004651,-15209.124159022667,6500.982225088884,300.3220442874367
173700,173.70000000046534,-15214.046851385021,6504.930195101664,300.5044263312527
173750,173.75000000046558,-15143.030666105358,6461.503481207767,298.4982680244405
173800,173.80000000046581,-15027.507060758238,6263.920235231918,289.37063126219675
173850,173.85000000046605,-15049.11095546891,6327.720073284756,292.31795477821726
173900,173.9000000004663,-15228.036137838637,6527.6685597379355,301.55485716076095
173950,173.95000000046653,-15067.18816564651,6440.66265677847,297.53549674149696
174000,174.00000000046677,-14988.030059937591,6340.876306966882,292.9257255515769
174050,174.050000000467,-14953.639923117642,6422.926415385015,296.71614605127337
174100,174.10000000046725,-15106.001125326044,6575.467318385765,303.76298824226404
174150,174.1500000004675,-15094.58109849677,6533.596756416637,301.8287185687517
174200,174.20000000046772,-15126.72836710863,6484.4373259722615,299.5577293342197
174250,174.25000000046796,-14989.649903289333,6397.958371856501,295.56271206011394
174300,174.3000000004682,-14848.626850402114,6218.124156627615,287.25501681031994
174350,174.35000000046844,-15035.764926642749,6434.0171610373,297.22849869148087
174400,174.40000000046868,-15143.588963127602,6577.76361558413,303.8690689305396
174450,174.45000000046892,-15030.75044811823,6516.145663788146,301.0225407279615
174500,174.50000000046916,-14889.247352059054,6441.711417382172,297.58394571698506
174550,174.5500000004694,-14952.600988170112,6429.693385450915,297.02875577907423
174600,174.60000000046963,-15103.2353453361,6581.703269751345,304.0510668121393
174650,174.65000000046987,-14976.839211226992,6565.865278094786,303.31940844621596
174700,174.7000000004701,-14858.907900130278,6368.149866403694,294.1856661023213
174750,174.75000000047035,-15003.555369194211,6547.201402315522,302.4572043770026
174800,174.8000000004706,-15116.868169992114,6638.797446089595,306.68861282613045
174850,174.85000000047083,-14996.272491239966,6586.078594660758,304.25319111823967
174900,174.90000000047107,-14911.109336540947,6416.976055513742,296.441260783338
174950,174.9500000004713,-15134.515255649068,6568.806857871323,303.4552988734371
175000,175.00000000047154,-15151.211801943191,6675.941386247454,308.4045295376157
175050,175.05000000047178,-14982.3302932712,6487.969391611008,299.72089808879525
175100,175.10000000047202,-14968.18257969038,6535.6641516572,301.92422480819346
175150,175.15000000047226,-14897.33894624879,6511.285855382315,300.7980350233232
175200,175.2000000004725,-14893.748314498893,6653.56030663522,307.3706039937854
175250,175.25000000047274,-14893.433118156212,6623.070138221125,305.96206765393043
175300,175.30000000047298,-14885.16725862158,6724.204159475249,310.63409642718744
175350,175.35000000047322,-14792.215460594976,6662.783887255234,307.79670031147145
175400,175.40000000047345,-14825.553510084897,6785.451442801899,313.46350107695326
175450,175.4500000004737,-14787.920975111007,6883.730938903616,318.0036610341516
175500,175.50000000047393,-14782.482147395582,6766.407620250421,312.5837448306379
175550,175.55000000047417,-14896.915594767925,6899.83307184341,318.74752177925626
175600,175.6000000004744,-14639.814276201581,6561.142869722595,303.1012501299506
175650,175.65000000047465,-14821.287875604598,6765.919143327648,312.5611789501363
175700,175.7000000004749,-15009.472115592362,6871.584370579581,317.44253317626067
175750,175.75000000047513,-14709.847942517965,6530.610408423879,301.69076001063144
175800,175.80000000047536,-14783.465291818138,6465.816977565917,298.69753607339885
175850,175.8500000004756,-14854.82602829416,6555.30746483176,302.83167536949406
175900,175.90000000047584,-14798.45407162272,6516.684150841394,301.0474168969855
175950,175.95000000047608,-14900.481055143398,6589.526510889545,304.4124724721195
176000,176.00000000047632,-14766.809633534256,6521.647830155328,301.27672106474574
176050,176.05000000047656,-14925.463979519924,6655.267273684987,307.4494597445271
176100,176.1000000004768,-14944.296200205637,6689.649939474423,309.037815491461
176150,176.15000000047704,-15025.491257469961,6683.211807899186,308.74039692160164
176200,176.20000000047727,-14913.394562622649,6492.2339329977085,299.9179045937907
176250,176.2500000004775,-15164.509238288158,6665.2272548139235,307.90957512250225
176300,176.30000000047775,-15031.12061656372,6611.485625574598,305.42690475090757
176350,176.350000000478,-14963.37891007606,6522.571010461528,301.319368681245
176400,176.40000000047823,-15119.71399679446,6600.826994975717,304.9345142751411
176450,176.45000000047847,-15062.11966208363,6589.872980105477,304.428478106285
176500,176.5000000004787,-15086.793728405395,6589.495149030422,304.41102366679775
176550,176.55000000047895,-15185.236236438946,6727.197910382148,310.7723969733691
176600,176.60000000047918,-15039.96554030681,6706.325682931241,309.80817498354463
176650,176.65000000047942,-14832.198415316801,6543.732153925043,302.29693755382186
176700,176.70000000047966,-15012.057198442833,6627.611221378412,306.17184939611275
176750,176.7500000004799,-14893.094641919824,6554.743154659173,302.8056062650456
176800,176.80000000048014,-14929.805468624814,6630.596976289632,306.3097805559948
176850,176.85000000048038,-14876.557619763766,6536.512246494999,301.963403745563
176900,176.90000000048062,-14966.046400301904,6520.557526727576,301.22635295989966
176950,176.95000000048086,-14995.22096655371,6551.198203787675,302.64184225896696
177000,177.0000000004811,-14903.609305363003,6563.119096553268,303.1925447160937
177050,177.05000000048133,-14916.389187481254,6587.471228699406,304.31752581212896
177100,177.10000000048157,-14994.055948622285,6670.131742585881,308.13614485348415
177150,177.1500000004818,-15007.59629329945,6690.95779165412,309.0982335677813
177200,177.20000000048205,-14977.7113400178,6608.8443771049115,305.304888552059
177250,177.2500000004823,-14993.555792014931,6594.283421476782,304.63222466687836
177300,177.30000000048253,-14889.280029256062,6574.8700386760465,303.7353960635404
177350,177.35000000048277,-14892.283061682507,6570.547290501519,303.53570061387376
177400,177.400000000483,-15038.18151595026,6721.568209297515,310.51232499040947
177450,177.45000000048324,-14946.310814666034,6669.283682505125,308.09696752176524
177500,177.50000000048348,-15036.911918058562,6747.520861312256,311.71124435949616
177550,177.55000000048372,-14927.446326831769,6580.358819515827,303.98895803700447
177600,177.60000000048396,-14994.870383680252,6622.947275685144,305.95639184576874
177650,177.6500000004842,-14972.61888160443,6548.602779436495,302.52194296991314
177700,177.70000000048444,-15019.886396844784,6613.935882782388,305.54009783899716
177750,177.75000000048468,-15141.861804247277,6707.219481439544,309.84946526644353
177800,177.8000000004849,-15069.544806557114,6601.485248706247,304.9649232347672
177850,177.85000000048515,-15011.643529792485,6515.045584894295,300.97172103166946
177900,177.9000000004854,-14842.375755070916,6333.026718182053,292.5631027248942
177950,177.95000000048563,-14931.97495835591,6430.004741554403,297.0431393134792
178000,178.00000000048587,-14966.118050124092,6505.2377354895225,300.5186335932917
178050,178.0500000004861,-14891.61886579853,6432.159882023402,297.14269906752355
178100,178.10000000048635,-14874.350746632135,6363.825987945167,293.9859184375909
178150,178.15000000048659,-14937.158881873684,6466.572681766068,298.7324468949344
178200,178.20000000048682,-14998.284559705926,6619.4282524372775,305.79382560283767
178250,178.25000000048706,-14960.937832735523,6553.208424324795,302.73470723233146
178300,178.3000000004873,-14900.178647315452,6450.7882448936425,298.00326256780943
178350,178.35000000048754,-14957.709852764307,6413.423586311344,296.2771494573579
178400,178.40000000048778,-15044.017875473375,6544.29949201935,302.3231465373854
178450,178.45000000048802,-14948.29658886467,6501.267445813614,300.33522046115297
178500,178.50000000048826,-14985.006185376486,6558.9657890783365,303.000676818561
178550,178.5500000004885,-14961.419436765707,6391.144200569334,295.24792180531387
178600,178.60000000048873,-14999.27502606751,6445.084099561062,297.7397515278035
178650,178.65000000048897,-15079.094894658654,6473.318806993296,299.0440936660086
178700,178.7000000004892,-15030.232639265803,6376.528034133235,294.5727073789777
178750,178.75000000048945,-15040.467368819442,6447.564876291788,297.85435450830647
178800,178.8000000004897,-14980.119239351492,6443.7584980718275,297.6785134970916
178850,178.85000000048993,-15040.35703441541,6540.462516752326,302.1458920524207
178900,178.90000000049017,-15072.88018985203,6474.053456960658,299.07803185756103
178950,178.9500000004904,-15029.269431713772,6434.961914511511,297.27214291090786
179000,179.00000000049064,-15032.473780547254,6449.802180921334,297.9577099516495
179050,179.05000000049088,-15094.868641626626,6529.3483782735875,301.63245874759684
179100,179.10000000049112,-14995.063486176994,6373.163377647063,294.41727232635554
179150,179.15000000049136,-14994.435088911596,6372.781521775793,294.39963195572966
179200,179.2000000004916,-14967.503405234263,6429.025335114413,296.99789425141597
179250,179.25000000049184,-15017.26668153725,6508.74023257347,300.68043638676846
179300,179.30000000049208,-14943.521328341962,6433.13038747351,297.1875329358033
179350,179.35000000049232,-15099.702695193908,6642.401179947321,306.8550923951783
179400,179.40000000049255,-14969.944858144241,6455.0625512010165,298.2007201770899
179450,179.4500000004928,-14946.916703817928,6371.8724869415755,294.3576378092625
179500,179.50000000049303,-14949.747980557604,6410.6371739650895,296.14842720846065
179550,179.55000000049327,-14992.815810196693,6476.1584218560365,299.1752736802034
179600,179.6000000004935,-15087.78036333742,6720.183499885332,310.44835638581833
179650,179.65000000049375,-14945.577003959392,6599.934491585835,304.8932838220646
179700,179.700000000494,-14838.613505819922,6546.35681253148,302.4181873605356
179750,179.75000000049423,-14855.576053260142,6556.833454810659,302.9021706291575
179800,179.80000000049446,-15075.180367780169,6722.989401206072,310.57797895538346
179850,179.8500000004947,-14732.509274105521,6401.994778630187,295.74917956485046
179900,179.90000000049494,-14891.328283092453,6513.416812468472,300.89647759188364
179950,179.95000000049518,-14923.118050769255,6568.4873216050655,303.4405374448739
180000,180.00000000049542,-14893.650946999409,6577.595725378916,303.86131300568087
180050,180.05000000049566,-14945.212614776767,6658.254365880902,307.58745268216194
180100,180.1000000004959,-14865.905745352538,6598.80208344744,304.8409706307167
180150,180.15000000049614,-14932.109644750019,6536.579192758354,301.9664964226343
180200,180.20000000049637,-14993.638905860735,6576.623776980735,303.8164124783795
180250,180.2500000004966,-14985.019308507173,6502.6278781787205,300.3980675533088
180300,180.30000000049685,-15155.820243012575,6650.539717983842,307.2310636401397
180350,180.3500000004971,-15012.709829815758,6642.549317979021,306.86193584051875
180400,180.40000000049733,-14916.503001022073,6640.098663700296,306.74872440917716
180450,180.45000000049757,-14766.504993130016,6469.344923346042,298.86051450529385
180500,180.5000000004978,-14847.41902121696,6564.054485691961,303.23575633683197
180550,180.55000000049804,-14849.632990739829,6559.5697837850585,303.02857920604356
180600,180.60000000049828,-14784.92060353907,6588.565237585366,304.36806509584403
180650,180.65000000049852,-14685.950608196654,6514.750521620791,300.9580901675285
180700,180.70000000049876,-14740.685712971725,6581.446064944236,304.03918487325734
180750,180.750000000499,-14820.214043916549,6660.652258763162,307.69822672636764
180800,180.80000000049924,-14683.079998220903,6518.556886118015,301.13393054480224
180850,180.85000000049948,-14811.17964178191,6607.8238097639,305.25774200411075
180900,180.90000000049972,-14759.961107276937,6659.977850139139,307.6670714686483
180950,180.95000000049995,-14672.688046358797,6645.129916374691,306.981150223644
181000,181.0000000005002,-14722.438814634512,6526.557888003699,301.5035481132649
181050,181.05000000050043,-14763.828658796974,6586.153418061375,304.2566476907784
181100,181.10000000050067,-14982.345337627072,6772.187005279361,312.8507316745516
181150,181.1500000005009,-14880.800621710003,6700.955148461568,309.560075567948
181200,181.20000000050115,-14793.458117912374,6602.217555585008,304.99875318403645
181250,181.2500000005014,-14845.666996170241,6623.36603344664,305.97573695126806
181300,181.30000000050163,-14797.3664833915,6659.032906162105,307.62341844867467
181350,181.35000000050186,-14708.046719931759,6453.448307927452,298.12614793198776
181400,181.4000000005021,-14765.988736810094,6605.944727146465,305.1709351319315
181450,181.45000000050234,-14734.588680596793,6525.485450838285,301.45400536560993
181500,181.50000000050258,-14699.843993950491,6384.6663821094535,294.9486698438354
181550,181.55000000050282,-14906.787152128813,6639.340922051374,306.71371946482157
181600,181.60000000050306,-14849.901534696528,6560.234301512005,303.05927753982013
181650,181.6500000005033,-14833.885984499912,6492.100897346033,299.9117588241991
181700,181.70000000050354,-14661.361291549021,6498.493654496154,300.2070812584842
181750,181.75000000050377,-14701.353082839236,6565.649575200415,303.30944374673624
181800,181.800000000504,-14626.650638171031,6553.253186578278,302.7367750877736
181850,181.85000000050425,-14626.995405488698,6430.1151215006685,297.0482384708008
181900,181.9000000005045,-14800.830323361577,6624.184551489122,306.01354954685644
181950,181.95000000050473,-14762.24305560756,6737.708717565208,311.25795853791936
182000,182.00000000050497,-14635.543947280461,6530.663477409228,301.6932116072697
182050,182.0500000005052,-14687.962991239201,6583.876937279224,304.15148244980315
182100,182.10000000050545,-14847.665000193065,6793.764795071756,313.8475481120197
182150,182.15000000050568,-14746.86500812331,6590.153918590398,304.4414564558927
182200,182.20000000050592,-14906.353374449693,6646.859314022604,307.061042187508
182250,182.25000000050616,-14853.213639100177,6630.996073888947,306.3282174325692
182300,182.3000000005064,-14815.968039972784,6478.92952043863,299.3032884881865
182350,182.35000000050664,-14816.415325848648,6591.750686260352,304.5152213908347
182400,182.40000000050688,-14871.133197911942,6590.681902612282,304.46584742256715
182450,182.45000000050712,-14853.121758091384,6554.159642048529,302.7786500768838
182500,182.50000000050736,-14895.40417827685,6648.301509503423,307.1276664421307
182550,182.5500000005076,-14958.703436111286,6590.800837823548,304.4713418024237
182600,182.60000000050783,-14835.476022289666,6432.615414134091,297.1637430159584
182650,182.65000000050807,-14879.559996918215,6431.761115064069,297.12427746532944
182700,182.7000000005083,-14823.446308278193,6384.917396944395,294.9602658282214
182750,182.75000000050855,-14916.488986130247,6545.917223376375,302.3978799194234
182800,182.8000000005088,-14794.875651336086,6441.173256207502,297.55908460238163
182850,182.85000000050903,-14657.70473774986,6453.890677239631,298.1465838063778
182900,182.90000000050927,-14750.982691298941,6499.543613279977,300.25558558559317
182950,182.9500000005095,-14905.872580911491,6672.52109209478,308.24652422450606
183000,183.00000000050974,-14963.367707140384,6758.219810081095,312.20549738999733
183050,183.05000000050998,-14837.846078062743,6664.765497935566,307.8882436121441
183100,183.10000000051022,-14788.518432882127,6589.718198729868,304.4213277623015
183150,183.15000000051046,-14876.445008153736,6600.287498958586,304.9095914956072
183200,183.2000000005107,-15025.526655057154,6770.870355259691,312.7899071696033
183250,183.25000000051094,-14812.38673224761,6511.7415953226755,300.81908857274294
183300,183.30000000051118,-15004.363394190397,6697.107930506733,309.3823479075714
183350,183.35000000051141,-14918.29255179951,6511.2964508888745,300.7985244976949
183400,183.40000000051165,-14649.322273713577,6247.062859498044,288.59188101086085
183450,183.4500000005119,-14850.091347158868,6516.654356483384,301.0460405045888
183500,183.50000000051213,-14853.15592508833,6430.002656963368,297.0430430128558
183550,183.55000000051237,-14848.329463278626,6485.246762046904,299.5951223754925
183600,183.6000000005126,-14802.274985971937,6428.943373757826,296.9941079309323
183650,183.65000000051285,-14887.280970806012,6467.677332265953,298.7834777830159
183700,183.70000000051309,-14969.529142880412,6504.614736622518,300.4898532818173
183750,183.75000000051332,-14896.508095842071,6473.326949745913,299.0444698319521
183800,183.80000000051356,-14887.068033214451,6508.439957707241,300.66656476575
183850,183.8500000005138,-14991.416159181837,6583.466625784317,304.1325275315034
183900,183.90000000051404,-14982.714593417853,6546.504018921436,302.4249877673716
183950,183.95000000051428,-14968.79567944859,6606.667324922968,305.20431655552613
184000,184.00000000051452,-15054.237165853827,6715.544412242279,310.23404718816914
184050,184.05000000051476,-14949.737089072367,6735.2065890210715,311.1423691802766
184100,184.100000000515,-14754.32466666148,6495.056755644037,300.048308867861
184150,184.15000000051523,-14961.873357607332,6688.132096521402,308.9676965951503
184200,184.20000000051547,-15048.074817104356,6682.345081770655,308.70035728547515
184250,184.2500000005157,-14885.273718602552,6547.524922363775,302.47214984199474
184300,184.30000000051595,-14885.47404432861,6569.15432014353,303.471350383238
184350,184.3500000005162,-14804.835695478168,6531.3127628014945,301.72320626185876
184400,184.40000000051643,-14814.908440160067,6507.027718644208,300.6013243901041
184450,184.45000000051667,-14749.822590215561,6325.1320319023325,292.19839655581967
184500,184.5000000005169,-14881.8589107954,6526.806935304345,301.5150532046287
184550,184.55000000051714,-14907.50920683547,6627.177847991192,306.1518291011661
184600,184.60000000051738,-14734.068547487452,6424.867215407878,296.80580404605604
184650,184.65000000051762,-14954.98083915745,6626.438956822998,306.1176949813585
184700,184.70000000051786,-14798.360392927825,6383.909659902401,294.91371199403494
184750,184.7500000005181,-14905.356004771676,6442.796690319165,297.63408143121444
184800,184.80000000051834,-15019.82771578399,6555.139811956094,302.8239304084086
184850,184.85000000051858,-14933.196593163368,6506.072819669743,300.5572114849814
184900,184.90000000051882,-15091.818624112222,6645.8889806613615,307.01621626911617
184950,184.95000000051905,-14833.07191097873,6387.320844367851,295.071296472293
185000,185.0000000005193,-14959.737293552666,6560.506025396203,303.0718302079491
185050,185.05000000051953,-15075.696669914718,6594.79261966838,304.65574779562314
185100,185.10000000051977,-14894.631999372745,6433.865082399314,297.22147320427433
185150,185.15000000052,-15013.45453978822,6414.206967965118,296.3133388779059
185200,185.20000000052025,-15099.418084886172,6544.249303498416,302.32082800786407
185250,185.2500000005205,-15012.658832751833,6453.906387905912,298.14730958276834
185300,185.30000000052073,-14828.754466029806,6315.6828538323225,291.7618784456994
185350,185.35000000052096,-14985.402821111778,6467.425225927281,298.77183137507535
185400,185.4000000005212,-14901.153759246214,6346.838332740449,293.20114974232484
185450,185.45000000052144,-14952.984936930508,6316.441210777317,291.796911814525
185500,185.50000000052168,-14943.073641747342,6372.2749908513115,294.3762320451518
185550,185.55000000052192,-15042.535895833793,6446.962058708712,297.8265064997113
185600,185.60000000052216,-15017.141272351375,6500.999419829418,300.32283862273084
185650,185.6500000005224,-14969.533347945364,6404.268159402871,295.8542015965154
185700,185.70000000052264,-15029.491116661698,6476.813292881685,299.20552637100576
185750,185.75000000052287,-14960.37823890472,6335.1666953383565,292.6619619883189
185800,185.8000000005231,-14964.508049998898,6356.548344263848,293.64971742176067
185850,185.85000000052335,-14998.418186168363,6360.619833268853,293.8378055996606
185900,185.9000000005236,-15094.066333573712,6506.319898062392,300.5686256198629
185950,185.95000000052383,-14967.083937894386,6486.737721054753,299.663999330033
186000,186.00000000052407,-14941.636466418371,6329.346957890485,292.39311100749086
186050,186.0500000005243,-14900.899288007673,6254.692061143435,288.9443227427552
186100,186.10000000052455,-14871.286191734433,6293.950391867206,290.75791670902913
186150,186.15000000052478,-14918.477770315412,6504.950127046639,300.5053471155672
186200,186.20000000052502,-15004.739667329743,6564.203348840266,303.24263327995686
186250,186.25000000052526,-14875.82455145691,6449.466189218023,297.94218834095926
186300,186.3000000005255,-14787.970733249977,6340.599848840259,292.9129541784409
186350,186.35000000052574,-15018.066259141346,6488.944906171148,299.7659633599789
186400,186.40000000052598,-15014.462911669281,6507.248299697192,300.61151444300214
186450,186.45000000052622,-15088.26618445187,6502.279341534675,300.3819664113852
186500,186.50000000052646,-15001.099595217771,6461.5702592025145,298.5013529281061
186550,186.5500000005267,-15028.417402708132,6574.207586264908,303.7047931399409
186600,186.60000000052693,-14944.116949600026,6543.397361707343,302.28147135506146
186650,186.65000000052717,-15047.09930983071,6548.230229755635,302.50473251188066
186700,186.7000000005274,-15039.823593190416,6464.900082852626,298.6551788287306
186750,186.75000000052765,-15006.680184765735,6513.162178546276,300.8847144186567
186800,186.8000000005279,-14966.106749002985,6433.567781662992,297.2077389773823
186850,186.85000000052813,-15123.257981972278,6616.233281735971,305.64622942440917
186900,186.90000000052837,-15015.497060399888,6579.6913936283145,303.95812535664817
186950,186.9500000005286,-14901.537375140666,6489.9746518095635,299.8135339123227
187000,187.00000000052884,-14965.47932535371,6598.108675748253,304.8089376839196
187050,187.05000000052908,-14758.606359161435,6389.203115141583,295.1582506258497
187100,187.10000000052932,-14821.01471863173,6487.524372544788,299.70033980527955
187150,187.15000000052956,-14881.502788934944,6532.238365653827,301.76596579129387
187200,187.2000000005298,-14790.852361328223,6402.369556949036,295.7664929779586
187250,187.25000000053004,-14917.278301793991,6492.150298287481,299.91404097037514
187300,187.30000000053028,-14794.096541820803,6361.534298999681,293.88005063405757
187350,187.3500000005305,-14910.191743240543,6412.608002569644,296.23947241593334
187400,187.40000000053075,-14927.31261807248,6419.739856479079,296.56893846759783
187450,187.450000000531,-14920.476362313431,6425.424779110055,296.83156148778727
187500,187.50000000053123,-14973.249522201697,6437.863778928579,297.40619863107514
187550,187.55000000053147,-14918.752755010275,6487.36590741743,299.6930192851875
187600,187.6000000005317,-14686.842250891768,6234.409978537961,288.00736332653423
187650,187.65000000053195,-14784.224205271705,6338.765342755144,292.82820658205253
187700,187.70000000053219,-14888.399600388428,6466.401227870878,298.7245263403902
187750,187.75000000053242,-14924.700443844575,6536.893311551093,301.9810075833663
187800,187.80000000053266,-14936.570714706952,6608.267096425905,305.27822025677006
187850,187.8500000005329,-14803.803197615602,6474.544495716661,299.1007160855625
187900,187.90000000053314,-14839.814260405308,6449.295326414691,297.9342950927373
187950,187.95000000053338,-14847.879032410126,6498.930674449722,300.2272700117073
188000,188.00000000053362,-14853.98423528951,6477.7506644448695,299.24882957263986
188050,188.05000000053386,-15001.011497130103,6585.804517954483,304.2405297581759
188100,188.1000000005341,-14792.90849804928,6361.420031844116,293.87477190161906
188150,188.15000000053433,-14833.797775278505,6429.317048230646,297.011370350316
188200,188.20000000053457,-14852.929943527563,6413.035805052474,296.2592353550934
188250,188.2500000005348,-14912.82726948882,6441.959834463676,297.5954216944867
188300,188.30000000053505,-14978.261982860673,6406.419576389837,295.95358933905476
188350,188.3500000005353,-14983.437812343293,6451.691882245678,298.04500736997335
188400,188.40000000053553,-15078.244342713624,6543.815932417131,302.3008078194433
188450,188.45000000053577,-14955.385869829299,6425.901624623447,296.853590038925
188500,188.500000000536,-14992.124399704151,6449.691890372946,297.9526149241889
188550,188.55000000053624,-14918.415512619888,6365.094981271002,294.0445413743421
188600,188.60000000053648,-15045.835988554265,6435.796476271671,297.3106966686659
188650,188.65000000053672,-14969.148213669481,6385.135405590455,294.970337045153
188700,188.70000000053696,-14944.03263406179,6368.96041511315,294.22311054332886
188750,188.7500000005372,-15200.360110420816,6688.20455907391,308.9710441049803
188800,188.80000000053744,-14992.83118342088,6582.165996907133,304.072443145832
188850,188.85000000053768,-14907.310829817172,6443.222540372765,297.65375417515213
188900,188.90000000053791,-14978.051219429823,6469.390585253352,298.8626239215135
188950,188.95000000053815,-15032.584479918509,6510.632209276568,300.7678389194235
189000,189.0000000005384,-15119.805147986688,6605.850698893982,305.16659136417013
189050,189.05000000053863,-15056.90414760336,6549.428904143578,302.56010696610275
189100,189.10000000053887,-15108.066543615734,6534.935871233847,301.89058086671156
189150,189.1500000005391,-15184.719494703331,6665.571224508459,307.92546528775097
189200,189.20000000053935,-14976.745856317897,6491.3540006671865,299.8772548785343
189250,189.2500000005396,-15063.417114641521,6518.293347619175,301.1217560120963
189300,189.30000000053982,-15039.800899719372,6450.723598444975,298.00027613392183
189350,189.35000000054006,-15027.40269993518,6490.741119156927,299.84894195262643
189400,189.4000000005403,-15176.504733382557,6667.7926996589995,308.0280894659819
189450,189.45000000054054,-15190.753511782776,6704.213926770335,309.71061942881136
189500,189.50000000054078,-15131.991045853329,6657.71307670603,307.56244706517674
189550,189.55000000054102,-15022.055343078093,6684.642822802648,308.8065046736818
189600,189.60000000054126,-14950.751952830544,6660.263834384807,307.6802829142913
189650,189.6500000005415,-14932.617079264473,6649.138870052442,307.1663494938881
189700,189.70000000054173,-15040.815273789436,6712.815330464547,310.10797340575624
189750,189.75000000054197,-14982.089173879725,6748.753377950666,311.7681822042171
189800,189.8000000005422,-14818.29413599299,6526.310354523693,301.49211295498094
189850,189.85000000054245,-14963.275723864002,6646.544113650438,307.0464810616886
189900,189.9000000005427,-14924.044972805723,6562.638833770264,303.1703582993658
189950,189.95000000054293,-14860.737340792411,6649.6462601144,307.18978909353353
190000,190.00000000054317,-14884.935267333414,6669.843929468259,308.12284892052145
190050,190.0500000005434,-14906.659479143502,6718.278002727663,310.3603292566921
190100,190.10000000054364,-14828.085282145159,6691.858981958488,309.1398653251264
190150,190.15000000054388,-14870.967002198777,6637.245090299339,306.61689956061934
190200,190.20000000054412,-14932.761886181874,6686.2785681134,308.882070235723
190250,190.25000000054436,-14932.484750539377,6714.279949858168,310.1756335646624
190300,190.3000000005446,-15017.179883850193,6766.995506714036,312.6109030751075
190350,190.35000000054484,-14834.814160893407,6615.936065917193,305.6324991204029
190400,190.40000000054508,-14916.187228602732,6638.386837954947,306.6696442041394
190450,190.45000000054532,-15033.180598639836,6752.900889296309,311.9597823413813
190500,190.50000000054555,-15073.134542261836,6711.262910856512,310.03625719209276
190550,190.5500000005458,-15095.520046056643,6639.391890405385,306.716074019832
190600,190.60000000054603,-14937.725347377052,6592.127347652878,304.5326217951876
190650,190.65000000054627,-14991.724458844783,6652.180511729413,307.3068624217488
190700,190.7000000005465,-14987.234563097238,6590.504848311176,304.4576681493716
190750,190.75000000054675,-14984.740680966303,6547.581951790608,302.474784396814
190800,190.800000000547,-14952.233540719726,6555.565760620637,302.8436077078178
190850,190.85000000054723,-15027.461695225313,6680.65364271108,308.6222188721444
190900,190.90000000054746,-14949.32084306216,6617.989437092077,305.727357498348
190950,190.9500000005477,-14995.362491842869,6547.578162993008,302.47460936796426
191000,191.00000000054794,-15042.295749120727,6546.85775438716,302.44132907619615
191050,191.05000000054818,-15097.29909887075,6578.780135466764,303.91602850043864
191100,191.10000000054842,-15131.47214202474,6596.047821723858,304.71373362518597
191150,191.15000000054866,-15052.55991343809,6563.6471455031815,303.2169386822101
191200,191.2000000005489,-15040.769746531692,6378.020213349251,294.64164070275575
191250,191.25000000054914,-15136.853737992275,6513.19535765706,300.88624717448243
191300,191.30000000054937,-15167.330414644566,6606.585906401377,305.20055531207083
191350,191.3500000005496,-15120.659361374523,6527.312194931754,301.538394385845
191400,191.40000000054985,-15153.975398737617,6571.18737379221,303.5652701643999
191450,191.4500000005501,-15125.847019421242,6463.066070617107,298.570454046421
191500,191.50000000055033,-14944.589281291836,6380.878526063117,294.77368449055876
191550,191.55000000055057,-15207.361749961725,6595.509735313563,304.6888759644283
191600,191.6000000005508,-15262.713890570247,6503.059580192536,300.4180106368034
191650,191.65000000055105,-15034.317990641874,6359.319895700794,293.77775314998945
191700,191.70000000055128,-15053.583054304669,6427.944004885054,296.94794067612736
191750,191.75000000055152,-15132.579057308156,6398.370611152288,295.5817560358948
191800,191.80000000055176,-15139.833756735792,6386.197462598628,295.0194002668017
191850,191.850000000552,-15281.914655785426,6450.702569970043,297.9993046938592
191900,191.90000000055224,-15099.093558123332,6297.110334081857,290.9038946971048
191950,191.95000000055248,-15081.91954563552,6197.6161890787125,286.3076223205
192000,192.00000000055272,-15269.977842624026,6410.772172513328,296.1546636568278
192050,192.05000000055296,-15174.109978253584,6313.611872662157,291.6662065491813
192100,192.1000000005532,-15168.464815921834,6293.806773691606,290.75128206481696
192150,192.15000000055343,-15095.524441350919,6310.603423663267,291.52722700390666
192200,192.20000000055367,-15054.678172231776,6365.9303523960225,294.0831325218516
192250,192.2500000005539,-14972.309683603511,6355.4471383106375,293.5988456593717
192300,192.30000000055415,-14995.302960145844,6371.710051880954,294.3501338925034
192350,192.3500000005544,-15087.31085672727,6519.487365000348,301.17691532932145
192400,192.40000000055463,-15026.557844000468,6533.7793956262385,301.8371558446733
192450,192.45000000055487,-15175.91520737304,6623.798868577935,305.99573238072304
192500,192.5000000005551,-15081.627104481662,6503.08234809127,300.41906243200225
192550,192.55000000055534,-15101.791970483882,6438.392796437074,297.4306373411214
192600,192.60000000055558,-15017.670056851406,6441.415128436776,297.57025823120216
192650,192.65000000055582,-14919.29075157104,6313.755996171938,291.67286453801876
192700,192.70000000055606,-15090.286268779231,6517.32149567208,301.0768599404889
192750,192.7500000005563,-15021.715570352226,6409.784084164824,296.1090175217539
192800,192.80000000055654,-15074.232872628314,6449.095419778272,297.9250601236761
192850,192.85000000055678,-15053.553113281785,6496.76376612826,300.1271666251185
192900,192.90000000055701,-14905.40745686994,6354.70044748949,293.56435122359363
192950,192.95000000055725,-15087.610639633027,6466.536400392207,298.7307708256897
193000,193.0000000005575,-15133.691499544224,6530.789613625687,301.69903864771896
193050,193.05000000055773,-14992.841079369693,6449.84271406455,297.95958243737715
193100,193.10000000055797,-15038.974186494506,6459.602572725483,298.4104528756466
193150,193.1500000005582,-15145.958298524762,6528.418945687558,301.58952229821136
193200,193.20000000055845,-15076.536286369337,6463.2215452590335,298.57763641682004
193250,193.25000000055869,-15057.252743205878,6438.018645585757,297.41335291476105
193300,193.30000000055892,-15150.30674058152,6454.365222368893,298.16850608802577
193350,193.35000000055916,-15143.394070788,6469.30352055953,298.85860184516736
193400,193.4000000005594,-15052.69065843551,6293.603637677732,290.74189791010883
193450,193.45000000055964,-15279.366845755636,6613.8910132204655,305.53802502629037
193500,193.50000000055988,-15203.693168941716,6434.442762557567,297.24815995407056
193550,193.55000000056012,-15116.805054916476,6299.499560303356,291.0142683726913
193600,193.60000000056036,-15217.07289816284,6498.788139897043,300.2206854269846
193650,193.6500000005606,-15231.55005742968,6589.953819944598,304.4322126166873
193700,193.70000000056083,-15108.11976720656,6398.987177194011,295.610239173931
193750,193.75000000056107,-15146.441647769227,6386.625978426891,295.03919615996034
193800,193.8000000005613,-15196.436059729494,6484.313632507629,299.55201514013686
193850,193.85000000056155,-15274.071027732894,6514.529298402173,300.9478704488831
193900,193.9000000005618,-15321.939807813073,6498.269421254766,300.196722487591
193950,193.95000000056203,-15301.52883995302,6571.045291156152,303.558706456603
194000,194.00000000056227,-15235.674880660737,6520.35087551239,301.2168064155083
194050,194.0500000005625,-15183.59074636812,6505.430047618793,300.5275177233823
194100,194.10000000056274,-15173.82268171418,6473.339739782409,299.0450606857299
194150,194.15000000056298,-15271.546396358775,6520.103826674895,301.20539364596874
194200,194.20000000056322,-15131.555000601129,6306.416884093266,291.33382390286437
194250,194.25000000056346,-15266.98059275606,6353.955471562834,293.5299360097857
194300,194.3000000005637,-15260.270689378942,6467.11139068596,298.75733331340103
194350,194.35000000056394,-15110.972458898157,6421.892232121798,296.668370496592
194400,194.40000000056418,-15156.907091430232,6484.96397531419,299.5820586434709
194450,194.45000000056442,-15086.068577997075,6484.133200968805,299.5436798506809
194500,194.50000000056465,-15023.518482836877,6424.155595852243,296.7729297768605
194550,194.5500000005649,-15085.542586856984,6459.989353418017,298.42832075533784
194600,194.60000000056513,-15092.482761152556,6391.600848079963,295.2690172812223
194650,194.65000000056537,-15100.80601335699,6420.684882253155,296.6125952663012
194700,194.7000000005656,-15244.059444092156,6428.123432279013,296.9562295776947
194750,194.75000000056585,-15317.77404580151,6499.369921602776,300.2475616535524
194800,194.8000000005661,-15032.827116153258,6310.539743393985,291.5242852040387
194850,194.85000000056633,-15292.524468709571,6488.232668626558,299.73306054191175
194900,194.90000000056656,-15255.99308626117,6508.909506457572,300.6882562326253
194950,194.9500000005668,-15172.352795212124,6462.680983637037,298.5526644101662
195000,195.00000000056704,-15127.649489516525,6401.542895230846,295.7283041737833
195050,195.05000000056728,-15107.578537151476,6355.547727276295,293.6034925085328
195100,195.10000000056752,-15126.013715421443,6583.09447768774,304.1153356252234
195150,195.15000000056776,-15073.844413400795,6650.5217098985,307.2302317312349
195200,195.200000000568,-15027.13899141408,6503.898155371265,300.45674980009363
195250,195.25000000056824,-15247.696469819135,6766.453954719687,312.5858853168058
195300,195.30000000056847,-14975.001326412283,6574.928010844726,303.7380741696491
195350,195.3500000005687,-14896.20521879956,6474.346956451361,299.09159048054954
195400,195.40000000056895,-15083.10957452379,6728.241385861011,310.82060179506
195450,195.4500000005692,-15083.324073342035,6794.87951078783,313.89904397696125
195500,195.50000000056943,-14973.455621675294,6647.664208492206,307.09822542292954
195550,195.55000000056967,-14952.445637115374,6632.14084947035,306.38110195539264
195600,195.6000000005699,-15035.64178882185,6619.044791656644,305.77611109115975
195650,195.65000000057015,-15161.711400238763,6742.231218489582,311.46688184763985
195700,195.70000000057038,-14921.779587101677,6568.070533262485,303.4212833194594
195750,195.75000000057062,-15072.060286889888,6718.021884347803,310.3484975068494
195800,195.80000000057086,-14994.088014718076,6622.216245236046,305.9226208629683
195850,195.8500000005711,-14937.470417941537,6605.94658440126,305.1710209304366
195900,195.90000000057134,-14949.071928628053,6711.859845958108,310.06383345115813
195950,195.95000000057158,-15049.647015741117,6911.9743800194765,319.30840663719175
196000,196.00000000057182,-14979.686461556044,6914.85471831719,319.44146792791037
196050,196.05000000057206,-14798.189428637468,6753.069932932604,311.96759155061585
196100,196.1000000005723,-14876.827008059743,6749.559264599281,311.8054112747477
196150,196.15000000057253,-15055.757782965142,6787.4407800810395,313.55540131875716
196200,196.20000000057277,-14921.175187484805,6752.731154654029,311.95194121015044
196250,196.250000000573,-14913.463034945718,6682.066681255254,308.6874961809495
196300,196.30000000057325,-14895.73606397746,6769.544406929602,312.7286531160889
196350,196.3500000005735,-14868.398869386143,6686.556389721963,308.89490459683054
196400,196.40000000057373,-14858.445775447777,6649.785028873211,307.1961997120964
196450,196.45000000057397,-14961.181850902502,6714.631651185328,310.1918809035866
196500,196.5000000005742,-14820.694167688183,6565.255422888828,303.2912353247043
196550,196.55000000057444,-14880.728532908997,6658.365600380978,307.5925913168023
196600,196.60000000057468,-14816.242339337363,6659.31069785108,307.6362514276047
196650,196.65000000057492,-15017.088522910466,6797.561525372177,314.0229434239819
196700,196.70000000057516,-15052.721124338888,6838.476368181649,315.9130623027598
196750,196.7500000005754,-14938.834743690255,6648.897387193358,307.1551938525727
196800,196.80000000057564,-14899.758143042569,6616.894694815114,305.67678433460105
196850,196.85000000057587,-14966.934391948605,6689.310233483385,309.0221222940097
196900,196.9000000005761,-14947.796186796548,6691.499868078747,309.12327555287936
196950,196.95000000057635,-14995.81985787216,6670.596303638258,308.1576059066167
197000,197.0000000005766,-14880.9984848916,6628.982679384085,306.2352058332875
197050,197.05000000057683,-14710.39875989188,6384.023053664381,294.9189503788249
197100,197.10000000057707,-14958.095616690613,6645.976145991289,307.0202429944891
197150,197.1500000005773,-14927.933609503962,6677.0558970864795,308.456015937973
197200,197.20000000057755,-14948.786004530335,6578.595929948144,303.90751886666243
197250,197.25000000057778,-14906.568543721278,6606.101710849284,305.1781872155272
197300,197.30000000057802,-14866.003002318204,6547.113623277046,302.45314930049756
197350,197.35000000057826,-15073.77827795831,6743.302898207033,311.5163896039177
197400,197.4000000005785,-14974.977921028247,6694.570842654311,309.2651435553682
197450,197.45000000057874,-14846.628819720278,6623.915828378125,306.0011355036784
197500,197.50000000057898,-14971.870155011606,6857.169097029261,316.7765992801661
197550,197.55000000057922,-14835.113685770428,6674.655989850733,308.34514883786653
197600,197.60000000057946,-14958.79021114598,6801.972739784224,314.2267256962828
197650,197.6500000005797,-14902.294722266754,6803.223807074085,314.28452051451535
197700,197.70000000057993,-14831.058969459387,6792.456116627479,313.78709186524156
197750,197.75000000058017,-14865.161442120509,6694.543242898293,309.2638685457062
197800,197.8000000005804,-14939.188919677079,6704.555372848486,309.7263930120413
197850,197.85000000058065,-15122.354762449286,6782.419510268669,313.3234366766835
197900,197.9000000005809,-15003.549221695986,6671.636838797634,308.2056748961012
197950,197.95000000058113,-14930.237809617405,6639.059526471681,306.7007199990761
198000,198.00000000058137,-14836.784355095353,6541.3681388888635,302.1877285445045
198050,198.0500000005816,-14902.132752446481,6625.114367041857,306.05650368792914
198100,198.10000000058184,-14997.243120594414,6694.824948376646,309.2768823276574
198150,198.15000000058208,-14967.827624640751,6685.776094256799,308.8588577471189
198200,198.20000000058232,-14890.06947525471,6624.586603578034,306.0321229102454
198250,198.25000000058256,-14814.496312253352,6512.458231179361,300.8521945770416
198300,198.3000000005828,-14924.771766037036,6590.722704991967,304.46773234605325
198350,198.35000000058304,-14987.261503886944,6566.277165808093,303.3384361801482
198400,198.40000000058328,-14986.48709566521,6595.738342523172,304.6994367969535
198450,198.45000000058351,-15114.958442134337,6672.617176868541,308.2509629961688
198500,198.50000000058375,-15042.150489749149,6713.717025601412,310.1496284845507
198550,198.550000000584,-14937.687092351493,6654.707073944723,307.42358052729793
198600,198.60000000058423,-15025.188153826482,6771.854012046558,312.8353485824361
198650,198.65000000058447,-14986.316979274889,6667.312944343799,308.00592649244504
198700,198.7000000005847,-14974.305453913174,6676.25239264429,308.4188969168286
198750,198.75000000058495,-14944.547602441282,6543.966099952437,302.3077450205657
198800,198.8000000005852,-14919.675216991509,6511.144684455181,300.7915134332061
198850,198.85000000058542,-14915.534509606297,6502.378045912952,300.38652619937386
198900,198.90000000058566,-15008.244084177128,6514.974344077749,300.96842996165554
198950,198.9500000005859,-15096.981553686688,6532.279974315046,301.7678879620928
199000,199.00000000058614,-15141.325660491415,6526.538267277425,301.50264170613735
199050,199.05000000058638,-15159.260366588449,6533.527983832934,301.8255415222357
199100,199.10000000058662,-15224.081854025873,6531.050428050191,301.7110873379683
199150,199.15000000058686,-15137.638835672393,6401.444871456855,295.7237758272697
199200,199.2000000005871,-15143.868554543194,6442.525892599895,297.62157154858085
199250,199.25000000058733,-15062.47473477098,6356.671866119581,293.65542368812834
199300,199.30000000058757,-15131.326951714644,6305.159590557438,291.2757414544165
199350,199.3500000005878,-15384.997196602493,6540.691563289382,302.1564731802971
199400,199.40000000058805,-15327.931784229148,6411.021194707816,296.1661675883773
199450,199.4500000005883,-15241.600464944318,6416.004293487353,296.39636886574436
199500,199.50000000058853,-15220.019916528423,6334.94275172583,292.65161659723947
199550,199.55000000058877,-15364.68813437233,6412.645372031577,296.24119875094135
199600,199.600000000589,-15313.847493879977,6324.62793366386,292.17510902660365
199650,199.65000000058924,-15317.192269788971,6355.370842108133,293.59532104867225
199700,199.70000000058948,-15387.659129536423,6469.912494002114,298.88673423237617
199750,199.75000000058972,-15305.340908746528,6499.409242354617,300.2493781311502
199800,199.80000000058996,-15125.338474321456,6340.059611333932,292.88799714476755
199850,199.8500000005902,-15263.910211136106,6499.525351036356,300.25474193548814
199900,199.90000000059044,-15344.611126401462,6568.731609520334,303.45182266971653
199950,199.95000000059068,-15239.926398022075,6479.03932606984,299.30836111421405
200000,200.00000000059092,-15156.116125140514,6453.43229549636,298.125408215146
