# CDFTB-CI Results
# Frame  Time(fs)   J_lowdin(meV)        E1(Ha)        E2(Ha)        dE(eV)
    0      0.00       50.5672    -85.4606332307    -85.4531811243    0.202782
    1      4.00       57.9779    -85.4681028858    -85.4635707359    0.123326
    2      8.00       61.9828    -85.4610757157    -85.4564727999    0.125252
    3     12.00      -66.4189    -85.4541668313    -85.4490587966    0.138997
    4     16.00       62.1621    -85.4574909983    -85.4499241327    0.205905
    5     20.00      -60.7096    -85.4620190435    -85.4522227226    0.266571
    6     24.00       63.7301    -85.4737084781    -85.4656045215    0.220520
    7     28.00      -63.0688    -85.4764226730    -85.4702403576    0.168229
    8     32.00       63.4727    -85.4659304733    -85.4590645924    0.186830
    9     36.00      -55.7566    -85.4624981285    -85.4536454874    0.240893
   10     40.00       49.7247    -85.4774373396    -85.4664993009    0.297639
   11     44.00       54.0109    -85.4796996175    -85.4703559755    0.254253
   12     48.00       55.5565    -85.4708257888    -85.4649578041    0.159676
   13     52.00       61.7489    -85.4685623799    -85.4633408005    0.142086
   14     56.00       65.8017    -85.4685990069    -85.4634128830    0.141122
   15     60.00       67.2640    -85.4701734563    -85.4643776482    0.157712
   16     64.00       68.6907    -85.4595834559    -85.4529148955    0.181461
   17     68.00       70.6610    -85.4604392442    -85.4535076002    0.188620
   18     72.00       64.5126    -85.4599979500    -85.4510916147    0.242354
   19     76.00      -60.2147    -85.4557235531    -85.4441099897    0.316021
   20     80.00       62.8024    -85.4565407294    -85.4450910023    0.311563
   21     84.00       66.4674    -85.4504406759    -85.4414026926    0.245936
   22     88.00       66.5403    -85.4662088772    -85.4600444767    0.167742
   23     92.00      -64.3312    -85.4769093335    -85.4715447870    0.145977
   24     96.00       69.2656    -85.4679902111    -85.4608908780    0.193183
   25    100.00      -76.6362    -85.4576727335    -85.4473701564    0.280347
   26    104.00      -79.5281    -85.4609976913    -85.4498061101    0.304538
   27    108.00       82.5052    -85.4735749417    -85.4637386105    0.267660
   28    112.00       80.4482    -85.4721461748    -85.4631813578    0.243945
   29    116.00       74.5552    -85.4640355855    -85.4556227645    0.228925
   30    120.00      -73.5654    -85.4591564996    -85.4510340560    0.221023
   31    124.00       72.7089    -85.4589572416    -85.4515787457    0.200779
   32    128.00      -74.0238    -85.4646564333    -85.4583241088    0.172311
   33    132.00      -75.8536    -85.4629481157    -85.4563137254    0.180531
   34    136.00      -73.7027    -85.4550371310    -85.4469851691    0.219105
   35    140.00       74.6235    -85.4666169009    -85.4577412194    0.241520
   36    144.00       76.8078    -85.4629885887    -85.4545461110    0.229732
   37    148.00       71.3548    -85.4549479869    -85.4472857788    0.208499
   38    152.00       68.9452    -85.4580669434    -85.4492097660    0.241016
   39    156.00      -66.9421    -85.4744518560    -85.4637717773    0.290620
   40    160.00       62.9683    -85.4787920245    -85.4679462350    0.295129
   41    164.00      -62.6574    -85.4634770492    -85.4548121892    0.235783
   42    168.00      -56.5042    -85.4606888528    -85.4547808889    0.160764
   43    172.00       56.6781    -85.4578350568    -85.4528187785    0.136500
   44    176.00       52.2233    -85.4603498396    -85.4546678341    0.154615
   45    180.00       44.6642    -85.4681188462    -85.4606451467    0.203370
   46    184.00      -46.1476    -85.4671295752    -85.4598691795    0.197565
   47    188.00      -44.3453    -85.4620614414    -85.4566463590    0.147352
   48    192.00      -37.8597    -85.4548474111    -85.4495609594    0.143852
   49    196.00       38.9368    -85.4598498262    -85.4545847606    0.143270
   50    200.00       42.5457    -85.4522917452    -85.4467247257    0.151486
   51    204.00      -46.4666    -85.4495012229    -85.4434783707    0.163890
   52    208.00      -50.2407    -85.4552585230    -85.4498276288    0.147782
   53    212.00       44.4894    -85.4624917785    -85.4566139345    0.159944
   54    216.00       42.5098    -85.4567554147    -85.4474690812    0.252694
   55    220.00      -40.5340    -85.4456733925    -85.4340018384    0.317599
   56    224.00       39.9850    -85.4595476474    -85.4498964066    0.262624
   57    228.00      -47.3566    -85.4692928960    -85.4628433398    0.175501
   58    232.00      -46.2798    -85.4738070222    -85.4685978382    0.141749
   59    236.00      -45.7196    -85.4678393727    -85.4620641700    0.157151
   60    240.00      -43.5160    -85.4539277385    -85.4456738279    0.224600
   61    244.00       42.8056    -85.4634107610    -85.4539609343    0.257143
   62    248.00       46.3726    -85.4626186099    -85.4537426107    0.241528
   63    252.00       47.9950    -85.4649543124    -85.4567335238    0.223699
   64    256.00       44.3220    -85.4693451896    -85.4615205013    0.212921
   65    260.00      -46.4995    -85.4625292177    -85.4555486314    0.189951
   66    264.00       43.1294    -85.4677815123    -85.4617671981    0.163658
   67    268.00      -40.7870    -85.4564208756    -85.4486295834    0.212012
   68    272.00      -39.9436    -85.4520801113    -85.4406212113    0.311813
   69    276.00       35.5032    -85.4778277394    -85.4637227957    0.383815
   70    280.00       42.8499    -85.4732439080    -85.4605224834    0.346168
   71    284.00       45.9030    -85.4446369478    -85.4371842717    0.202798
   72    288.00       43.1092    -85.4438898814    -85.4393577624    0.123325
   73    292.00      -45.0804    -85.4626914774    -85.4574014107    0.143950
   74    296.00      -41.8353    -85.4672380165    -85.4589533165    0.225438
   75    300.00      -44.1352    -85.4748500728    -85.4651080336    0.265094
   76    304.00      -45.4420    -85.4681150681    -85.4596183214    0.231208
   77    308.00       42.9254    -85.4598494910    -85.4527937617    0.191996
   78    312.00       46.7157    -85.4730009301    -85.4654497760    0.205477
   79    316.00       42.8345    -85.4572282179    -85.4499479730    0.198106
   80    320.00       44.6581    -85.4574706964    -85.4513853097    0.165592
   81    324.00      -48.9793    -85.4682512998    -85.4631870950    0.137804
   82    328.00       48.9216    -85.4643721530    -85.4606002143    0.102640
   83    332.00      -44.5649    -85.4437710296    -85.4394549933    0.117445
   84    336.00      -40.3705    -85.4427083071    -85.4355540846    0.194676
   85    340.00       37.9876    -85.4612129985    -85.4529704496    0.224291
   86    344.00       40.0457    -85.4643139308    -85.4580085486    0.171578
   87    348.00      -44.7188    -85.4699055396    -85.4651521098    0.129347
   88    352.00       45.1963    -85.4563384664    -85.4516411417    0.127821
   89    356.00       45.2603    -85.4378803132    -85.4314933279    0.173799
   90    360.00      -36.1320    -85.4594868565    -85.4508563212    0.234849
   91    364.00       32.3817    -85.4706433159    -85.4611087513    0.259449
   92    368.00      -29.1876    -85.4744018405    -85.4670658032    0.199624
   93    372.00       33.5154    -85.4713184341    -85.4648251439    0.176691
   94    376.00       35.1663    -85.4502021750    -85.4435371684    0.181364
   95    380.00       34.5439    -85.4581791793    -85.4517448358    0.175087
   96    384.00       35.4767    -85.4772440952    -85.4699881278    0.197445
   97    388.00       37.6933    -85.4736026135    -85.4655289085    0.219697
   98    392.00      -36.6146    -85.4708266819    -85.4617621987    0.246657
   99    396.00      -30.8872    -85.4646858018    -85.4544845517    0.277590
  100    400.00      -37.5678    -85.4460424081    -85.4348468604    0.304646
  101    404.00       32.5914    -85.4592301079    -85.4481660005    0.301070
  102    408.00      -36.8503    -85.4740419699    -85.4630730416    0.298480
  103    412.00      -36.1298    -85.4677689739    -85.4565716050    0.304696
  104    416.00      -28.1068    -85.4550875797    -85.4423403183    0.346871
  105    420.00      -21.7230    -85.4454704775    -85.4324266745    0.354940
  106    424.00       26.0185    -85.4672034104    -85.4557711084    0.311089
  107    428.00       36.3175    -85.4728145527    -85.4623049761    0.285980
  108    432.00      -36.7025    -85.4678839099    -85.4590789014    0.239596
  109    436.00       31.4141    -85.4744991839    -85.4676566687    0.186194
  110    440.00       24.5538    -85.4697570333    -85.4613629449    0.228415
  111    444.00      -37.8909    -85.4737087149    -85.4628599131    0.295211
  112    448.00      -36.5676    -85.4750165040    -85.4626491547    0.336533
  113    452.00       26.6041    -85.4823739585    -85.4692098404    0.358214
  114    456.00       29.9349    -85.4770701588    -85.4653653397    0.318504
  115    460.00       28.3365    -85.4561899225    -85.4473127215    0.241561
  116    464.00       35.5569    -85.4521628768    -85.4437670358    0.228462
  117    468.00       45.9740    -85.4565903545    -85.4466542662    0.270375
  118    472.00      -50.2726    -85.4546922333    -85.4438661267    0.294593
  119    476.00      -46.5708    -85.4692795534    -85.4585431610    0.292152
  120    480.00       42.3960    -85.4691907749    -85.4600776854    0.247980
  121    484.00      -46.5882    -85.4646736924    -85.4574690032    0.196050
  122    488.00       41.9480    -85.4649827562    -85.4574465842    0.205070
  123    492.00       43.0675    -85.4656226710    -85.4547346019    0.296279
  124    496.00       42.3019    -85.4701778841    -85.4571922638    0.353357
  125    500.00      -41.3602    -85.4693721160    -85.4582051247    0.303869
  126    504.00      -45.7368    -85.4646544140    -85.4570690182    0.206409
  127    508.00      -42.6348    -85.4609510556    -85.4558259783    0.139460
  128    512.00      -43.5121    -85.4783767234    -85.4725367426    0.158914
  129    516.00      -47.2573    -85.4685734773    -85.4605127651    0.219343
  130    520.00       48.6742    -85.4583445887    -85.4506150156    0.210332
  131    524.00      -51.5740    -85.4705452744    -85.4640888255    0.175689
  132    528.00       49.5671    -85.4600862180    -85.4540941416    0.163053
  133    532.00      -43.7306    -85.4613392299    -85.4524905229    0.240786
  134    536.00      -47.0413    -85.4712502249    -85.4575732441    0.372170
  135    540.00      -48.6437    -85.4643504240    -85.4504822546    0.377372
  136    544.00       50.8909    -85.4645657506    -85.4539023803    0.290165
  137    548.00       51.1341    -85.4632213978    -85.4569117331    0.171695
  138    552.00       50.8033    -85.4636009447    -85.4593834337    0.114764
  139    556.00      -51.8173    -85.4703900688    -85.4646623223    0.155860
  140    560.00       47.5076    -85.4671510337    -85.4586194176    0.232157
  141    564.00       45.5564    -85.4626385808    -85.4528680236    0.265870
  142    568.00      -43.1642    -85.4689749649    -85.4599541007    0.245470
  143    572.00       42.1423    -85.4723485856    -85.4646976320    0.208193
  144    576.00      -31.3926    -85.4749610035    -85.4679354721    0.191174
  145    580.00      -29.3890    -85.4719402595    -85.4637562865    0.222697
  146    584.00      -28.1955    -85.4657857728    -85.4559994389    0.266300
  147    588.00       30.5570    -85.4628001576    -85.4537333302    0.246721
  148    592.00      -28.6307    -85.4680305091    -85.4606942953    0.199629
  149    596.00      -34.1916    -85.4640298433    -85.4573292127    0.182333
  150    600.00       40.0229    -85.4693920936    -85.4611766657    0.223553
  151    604.00      -43.7021    -85.4721653833    -85.4619256149    0.278638
  152    608.00       47.8477    -85.4578226425    -85.4461912847    0.316505
  153    612.00       49.4375    -85.4670831801    -85.4555767154    0.313107
  154    616.00      -47.3828    -85.4786111452    -85.4700236999    0.233676
  155    620.00      -50.1104    -85.4903845715    -85.4842983836    0.165614
  156    624.00      -53.1587    -85.4771219488    -85.4709442878    0.168103
  157    628.00      -49.9566    -85.4587848122    -85.4524591263    0.172131
  158    632.00       45.5252    -85.4719372388    -85.4645191879    0.201855
  159    636.00      -49.8382    -85.4680145403    -85.4602069612    0.212455
  160    640.00       58.4041    -85.4776687341    -85.4702605741    0.201586
  161    644.00      -63.9645    -85.4803778990    -85.4718255304    0.232722
  162    648.00       66.6053    -85.4720123665    -85.4618296071    0.277087
  163    652.00      -77.2405    -85.4629175907    -85.4507974636    0.329805
  164    656.00           nan               nan               nan         nan
  165    660.00      -98.4862    -85.4762307289    -85.4660685917    0.276526
  166    664.00      100.3927    -85.4656381931    -85.4562681973    0.254971
  167    668.00       98.9496    -85.4569517942    -85.4467776519    0.276853
  168    672.00      101.5685    -85.4735782723    -85.4618596788    0.318879
  169    676.00      114.1337    -85.4782227296    -85.4647653378    0.366194
  170    680.00      119.9861    -85.4673175617    -85.4544074296    0.351303
  171    684.00     -126.2478    -85.4647738816    -85.4531305488    0.316831
  172    688.00     -133.6703    -85.4643120254    -85.4523655489    0.325080
  173    692.00      139.9438    -85.4661115036    -85.4532489314    0.350008
  174    696.00     -147.5748    -85.4671091160    -85.4538649901    0.360391
  175    700.00      146.0877    -85.4695141452    -85.4564538641    0.355388
  176    704.00      135.4503    -85.4772344342    -85.4649806791    0.333442
  177    708.00      130.9073    -85.4784706367    -85.4667783250    0.318164
  178    712.00     -131.1486    -85.4621725879    -85.4509746899    0.304710
  179    716.00     -130.5884    -85.4605046657    -85.4496892941    0.294301
  180    720.00      132.8675    -85.4680910661    -85.4566179424    0.312200
  181    724.00      128.2453    -85.4656634605    -85.4531303537    0.341043
  182    728.00     -135.5683    -85.4734415145    -85.4588022503    0.398355
  183    732.00     -147.0464    -85.4662896494    -85.4510351753    0.415095
  184    736.00      147.0739    -85.4688995339    -85.4553028979    0.369983
  185    740.00     -143.9868    -85.4661857729    -85.4535200770    0.344651
  186    744.00      132.8743    -85.4653336525    -85.4527209116    0.343210
  187    748.00     -122.6242    -85.4827784089    -85.4702767115    0.340189
  188    752.00     -123.3572    -85.4729572554    -85.4609180792    0.327603
  189    756.00      117.1381    -85.4690823291    -85.4585149053    0.287554
  190    760.00      112.3795    -85.4686058462    -85.4583328395    0.279543
  191    764.00     -110.6036    -85.4670538084    -85.4554230695    0.316489
  192    768.00      107.7134    -85.4788992055    -85.4661229678    0.347659
  193    772.00      115.8047    -85.4781220168    -85.4655588750    0.341861
  194    776.00     -118.4705    -85.4719306755    -85.4612878867    0.289605
  195    780.00      114.3366    -85.4657722777    -85.4563088190    0.257514
  196    784.00     -107.4470    -85.4739630523    -85.4628663909    0.301956
  197    788.00      -98.1365    -85.4722026267    -85.4567863483    0.419498
  198    792.00      -92.3978    -85.4591930767    -85.4422281543    0.461639
  199    796.00      -90.4142    -85.4740421921    -85.4597480068    0.388965
  200    800.00       87.3404    -85.4761696948    -85.4665243759    0.262462
  201    804.00       88.3648    -85.4721539326    -85.4637230069    0.229417
  202    808.00      -84.3244    -85.4658243365    -85.4548625644    0.298285
  203    812.00      -83.4150    -85.4678647363    -85.4535330233    0.389986
  204    816.00       82.9947    -85.4795864880    -85.4657200106    0.377326
  205    820.00      -81.5126    -85.4721258356    -85.4614203360    0.291311
  206    824.00       83.3990    -85.4539246566    -85.4459028722    0.218284
  207    828.00      -89.3311    -85.4608016235    -85.4521926899    0.234261
  208    832.00       85.5211    -85.4796803697    -85.4688838600    0.293788
  209    836.00       79.9443    -85.4686630004    -85.4564622297    0.332000
  210    840.00       77.2227    -85.4679977573    -85.4575483928    0.284342
  211    844.00      -78.1455    -85.4701398051    -85.4621205139    0.218216
  212    848.00      -83.8080    -85.4698727599    -85.4614317542    0.229691
  213    852.00       82.9230    -85.4798990222    -85.4691899088    0.291410
  214    856.00       78.0531    -85.4688697955    -85.4565258874    0.335895
  215    860.00       77.1362    -85.4739891792    -85.4618319761    0.330814
  216    864.00       79.6988    -85.4687997572    -85.4586948096    0.274970
  217    868.00      -80.6076    -85.4644510983    -85.4553586410    0.247418
  218    872.00       81.8499    -85.4810740984    -85.4693824940    0.318145
  219    876.00       73.1459    -85.4738661101    -85.4594920954    0.391137
  220    880.00       78.1843    -85.4856696404    -85.4718681048    0.375559
  221    884.00       85.9479    -85.4689332721    -85.4588920993    0.273234
  222    888.00       91.4639    -85.4605003398    -85.4528529149    0.208097
  223    892.00      -91.8389    -85.4857653226    -85.4772852710    0.230754
  224    896.00       87.6651    -85.4737010964    -85.4617722924    0.324599
  225    900.00       84.0883    -85.4740774046    -85.4602958127    0.375016
  226    904.00      -91.0947    -85.4732261437    -85.4610821962    0.330454
  227    908.00       97.0851    -85.4694277949    -85.4601443938    0.252614
  228    912.00       92.4885    -85.4717408853    -85.4627593376    0.244400
  229    916.00       87.3771    -85.4645201620    -85.4522867735    0.332887
  230    920.00      -86.2119    -85.4763469589    -85.4613807181    0.407252
  231    924.00       85.4272    -85.4830385286    -85.4691645688    0.377530
  232    928.00      -91.7613    -85.4746847234    -85.4630986040    0.315274
  233    932.00      -82.9827    -85.4613838005    -85.4517071267    0.263316
  234    936.00      -78.7635    -85.4682795309    -85.4581610121    0.275339
  235    940.00      -79.0882    -85.4955657416    -85.4841109334    0.311701
  236    944.00       76.5301    -85.4832995774    -85.4726943634    0.288583
  237    948.00       77.8294    -85.4651147460    -85.4559869166    0.248381
  238    952.00      -77.5653    -85.4582626810    -85.4486938105    0.260382
  239    956.00      -76.2132    -85.4631791999    -85.4512804197    0.323782
  240    960.00       86.9909    -85.4740281080    -85.4606005177    0.365383
  241    964.00       88.3575    -85.4817288677    -85.4708896694    0.294950
  242    968.00       88.2550    -85.4787935550    -85.4709538230    0.213330
  243    972.00      -87.5002    -85.4707222366    -85.4638114027    0.188053
  244    976.00      -83.3484    -85.4703267264    -85.4621732128    0.221868
  245    980.00      -80.5300    -85.4699750242    -85.4572791721    0.345472
  246    984.00       82.0746    -85.4749547309    -85.4610193305    0.379202
  247    988.00       79.7789    -85.4723162577    -85.4610317892    0.307066
  248    992.00       85.1115    -85.4657380193    -85.4561881825    0.259864
  249    996.00       89.0545    -85.4750933644    -85.4659387947    0.249109
  250   1000.00      -86.1436    -85.4607129447    -85.4499656758    0.292448
  251   1004.00       93.6932    -85.4660115320    -85.4536040717    0.337624
  252   1008.00      -92.0902    -85.4833397341    -85.4724781385    0.295559
  253   1012.00       91.8660    -85.4821809465    -85.4724166385    0.265700
  254   1016.00      -98.6283    -85.4747241057    -85.4641691143    0.287216
  255   1020.00       99.6895    -85.4663166543    -85.4551600623    0.303586
  256   1024.00     -102.5846    -85.4690808493    -85.4581302648    0.297981
  257   1028.00      105.1836    -85.4653451489    -85.4561602180    0.249935
  258   1032.00     -108.6615    -85.4710974421    -85.4624410824    0.235552
  259   1036.00     -112.3234    -85.4790031225    -85.4688700536    0.275735
  260   1040.00     -110.8531    -85.4708394376    -85.4584623775    0.336797
  261   1044.00     -107.9440    -85.4661230597    -85.4522516075    0.377461
  262   1048.00     -107.4199    -85.4688488628    -85.4571583685    0.318115
  263   1052.00     -105.5626    -85.4727306715    -85.4641275217    0.234104
  264   1056.00      106.6829    -85.4667272429    -85.4583188222    0.228805
  265   1060.00     -109.1605    -85.4556206144    -85.4460530693    0.260346
  266   1064.00      105.5029    -85.4677525094    -85.4576408203    0.275153
  267   1068.00      100.7165    -85.4753743853    -85.4654526467    0.269984
  268   1072.00       96.4954    -85.4747171313    -85.4655100478    0.250538
  269   1076.00       93.3010    -85.4735464656    -85.4641701160    0.255143
  270   1080.00      -96.1598    -85.4719200607    -85.4623001496    0.261771
  271   1084.00       91.4306    -85.4687412470    -85.4594565639    0.252649
  272   1088.00      -86.7409    -85.4645530926    -85.4558988528    0.235494
  273   1092.00       82.0484    -85.4667680543    -85.4586238612    0.221615
  274   1096.00       75.0103    -85.4648790703    -85.4556774371    0.250389
  275   1100.00      -71.1152    -85.4701880650    -85.4586020025    0.315273
  276   1104.00      -74.3881    -85.4824076503    -85.4710776227    0.308306
  277   1108.00       80.2922    -85.4777203503    -85.4692095530    0.231591
  278   1112.00       80.7853    -85.4618334249    -85.4549735222    0.186667
  279   1116.00           nan               nan               nan         nan
  280   1120.00      -62.5829    -85.4849823879    -85.4714915307    0.367105
  281   1124.00      -62.4928    -85.4789829560    -85.4620685246    0.460265
  282   1128.00      -63.1262    -85.4675099290    -85.4526749943    0.403679
  283   1132.00      -63.3336    -85.4757381108    -85.4646013689    0.303046
  284   1136.00      -60.1233    -85.4737374773    -85.4651542514    0.233561
  285   1140.00       54.7514    -85.4742774361    -85.4637536851    0.286366
  286   1144.00       53.0878    -85.4657162694    -85.4531494240    0.341961
  287   1148.00      -54.3948    -85.4766896520    -85.4662354436    0.284473
  288   1152.00      -53.1760    -85.4795665117    -85.4707950898    0.238683
  289   1156.00      -48.2092    -85.4747609873    -85.4646064407    0.276319
  290   1160.00      -41.4579    -85.4871692927    -85.4734941224    0.372120
  291   1164.00       37.6427    -85.4756448138    -85.4591158794    0.449775
  292   1168.00      -38.1971    -85.4675601406    -85.4532992974    0.388057
  293   1172.00      -39.7440    -85.4692712732    -85.4587232441    0.287026
  294   1176.00       36.7479    -85.4788430878    -85.4682640083    0.287871
  295   1180.00      -39.6876    -85.4807942898    -85.4666957080    0.383642
  296   1184.00      -38.3213    -85.4675808161    -85.4509861296    0.451564
  297   1188.00      -40.8404    -85.4740559280    -85.4594366389    0.397811
  298   1192.00       38.5354    -85.4822119813    -85.4732027165    0.245155
  299   1196.00      -44.3182    -85.4757218050    -85.4685071535    0.196321
  300   1200.00      -43.2627    -85.4736046184    -85.4642026427    0.255841
  301   1204.00      -35.4971    -85.4628011437    -85.4503477602    0.338874
  302   1208.00       33.9338    -85.4611323563    -85.4484422311    0.345316
  303   1212.00      -35.3206    -85.4759956453    -85.4669688397    0.245632
  304   1216.00      -34.5584    -85.4823840307    -85.4749614401    0.201979
  305   1220.00      -39.6697    -85.4782781325    -85.4696112154    0.235839
  306   1224.00       40.8579    -85.4630772554    -85.4540476813    0.245707
  307   1228.00       41.4173    -85.4507321707    -85.4426701045    0.219380
  308   1232.00      -43.3047    -85.4726716866    -85.4674026099    0.143379
  309   1236.00       37.8547    -85.4790500524    -85.4731529749    0.160468
  310   1240.00       37.7647    -85.4773568703    -85.4660205355    0.308477
  311   1244.00      -37.6447    -85.4744755054    -85.4597331633    0.401160
  312   1248.00       34.3136    -85.4627458952    -85.4500911202    0.344354
  313   1252.00      -38.8299    -85.4694196643    -85.4630206370    0.174126
  314   1256.00       44.4783    -85.4706333429    -85.4664238615    0.114546
  315   1260.00      -41.7402    -85.4849858089    -85.4774279342    0.205660
  316   1264.00      -42.4598    -85.4819254754    -85.4701800165    0.319610
  317   1268.00      -47.2492    -85.4684736192    -85.4575579878    0.297029
  318   1272.00       50.0319    -85.4611079225    -85.4541542999    0.189218
  319   1276.00      -49.5486    -85.4544205168    -85.4501722244    0.115602
  320   1280.00      -53.0831    -85.4703615304    -85.4651349187    0.142223
  321   1284.00       48.4864    -85.4777155062    -85.4681987544    0.258964
  322   1288.00       44.0227    -85.4802542365    -85.4691355071    0.302556
  323   1292.00      -41.4619    -85.4757700686    -85.4668620576    0.242399
  324   1296.00      -43.2776    -85.4644096804    -85.4579252358    0.176451
  325   1300.00       43.2856    -85.4797593188    -85.4723766719    0.200892
  326   1304.00      -42.2335    -85.4820441758    -85.4712322006    0.294209
  327   1308.00       44.5648    -85.4761158272    -85.4645532352    0.314634
  328   1312.00      -41.0126    -85.4709131218    -85.4619873843    0.242882
  329   1316.00      -49.0104    -85.4706081054    -85.4638915154    0.182768
  330   1320.00      -50.7981    -85.4691661071    -85.4625068852    0.181207
  331   1324.00      -43.9017    -85.4674512406    -85.4575532427    0.269338
  332   1328.00       42.9434    -85.4843212356    -85.4728064064    0.313334
  333   1332.00       40.9057    -85.4856166760    -85.4760795410    0.259519
  334   1336.00      -46.6506    -85.4770375522    -85.4699956474    0.191620
  335   1340.00       54.5857    -85.4636136353    -85.4578943703    0.155629
  336   1344.00       53.0263    -85.4619930979    -85.4552650557    0.183079
  337   1348.00      -50.8850    -85.4821149304    -85.4737817283    0.226758
  338   1352.00      -54.7843    -85.4821053517    -85.4737003929    0.228711
  339   1356.00           nan               nan               nan         nan
  340   1360.00      -58.5738    -85.4764097440    -85.4676355129    0.238759
  341   1364.00       59.1211    -85.4767877368    -85.4658812244    0.296781
  342   1368.00       48.6200    -85.4707038910    -85.4571068700    0.369994
  343   1372.00       44.5414    -85.4701185350    -85.4562417513    0.377607
  344   1376.00      -43.5211    -85.4961834328    -85.4847423653    0.311327
  345   1380.00      -41.1293    -85.4774522031    -85.4671604879    0.280052
  346   1384.00      -37.5833    -85.4699027994    -85.4601117363    0.266428
  347   1388.00      -34.5376    -85.4628488662    -85.4530005526    0.267986
  348   1392.00       39.0687    -85.4660829093    -85.4573243156    0.238333
  349   1396.00       48.5673    -85.4875590623    -85.4805440991    0.190887
  350   1400.00      -54.7107    -85.4685208043    -85.4605071600    0.218062
  351   1404.00      -50.9086    -85.4626336937    -85.4523507912    0.279812
  352   1408.00      -42.3943    -85.4669830550    -85.4537209314    0.360881
  353   1412.00       43.6349    -85.4647004985    -85.4511435598    0.368903
  354   1416.00       47.8027    -85.4713870100    -85.4617475120    0.262304
  355   1420.00      -51.0930    -85.4642730946    -85.4576674453    0.179749
  356   1424.00       44.2416    -85.4752435694    -85.4682003021    0.191657
  357   1428.00       33.0900    -85.4737549708    -85.4634085773    0.281540
  358   1432.00       33.9165    -85.4711589857    -85.4580635473    0.356345
  359   1436.00      -40.9925    -85.4675583530    -85.4545948288    0.352755
  360   1440.00      -48.6816    -85.4629304108    -85.4513180064    0.315990
  361   1444.00       44.1601    -85.4683766980    -85.4575504997    0.294596
  362   1448.00       32.6209    -85.4680898719    -85.4572449717    0.295105
  363   1452.00       34.5808    -85.4661353556    -85.4553865938    0.292489
  364   1456.00      -38.7481    -85.4509748952    -85.4410776913    0.269317
  365   1460.00      -41.8507    -85.4587003850    -85.4502009841    0.231280
  366   1464.00      -44.6679    -85.4630045463    -85.4541396920    0.241225
  367   1468.00      -44.9816    -85.4494165764    -85.4391720383    0.278768
  368   1472.00      -43.1125    -85.4725811197    -85.4621076090    0.284999
  369   1476.00      -37.9741    -85.4605647104    -85.4514299024    0.248571
  370   1480.00       37.3998    -85.4583961425    -85.4512526581    0.194384
  371   1484.00      -38.1283    -85.4770772644    -85.4691308972    0.216232
  372   1488.00       34.4916    -85.4667887347    -85.4562845066    0.285835
  373   1492.00       35.6397    -85.4682676553    -85.4573886937    0.296032
  374   1496.00      -33.3849    -85.4517166760    -85.4426557428    0.246561
  375   1500.00      -37.7230    -85.4482494449    -85.4420277464    0.169301
  376   1504.00      -37.5909    -85.4595508275    -85.4539044725    0.153645
  377   1508.00      -31.7147    -85.4636762823    -85.4555243553    0.221825
  378   1512.00      -34.2879    -85.4776240713    -85.4668106419    0.294248
  379   1516.00       33.8003    -85.4685789427    -85.4581882366    0.282746
  380   1520.00           nan               nan               nan         nan
  381   1524.00       37.4545    -85.4699389920    -85.4652874049    0.126576
  382   1528.00      -37.5984    -85.4676903411    -85.4630029815    0.127550
  383   1532.00       30.8074    -85.4613230783    -85.4551555865    0.167826
  384   1536.00           nan               nan               nan         nan
  385   1540.00           nan               nan               nan         nan
  386   1544.00       37.4675    -85.4579717118    -85.4506203352    0.200041
  387   1548.00       38.5534    -85.4706487339    -85.4619029347    0.237985
  388   1552.00       41.8094    -85.4757074895    -85.4651623622    0.286948
  389   1556.00      -47.6878    -85.4841906171    -85.4739541171    0.278549
  390   1560.00      -47.9675    -85.4761769884    -85.4684969686    0.208984
  391   1564.00      -46.0887    -85.4583400638    -85.4530319302    0.144442
  392   1568.00      -44.0219    -85.4600742044    -85.4554285261    0.126415
  393   1572.00      -44.7916    -85.4582046654    -85.4520060539    0.168673
  394   1576.00       39.9514    -85.4731189145    -85.4647901447    0.226637
  395   1580.00      -42.6504    -85.4794681190    -85.4698322243    0.262206
  396   1584.00      -41.5853    -85.4663593740    -85.4575712467    0.239137
  397   1588.00      -46.4344    -85.4625015141    -85.4552635427    0.196955
  398   1592.00       43.1125    -85.4592695619    -85.4538575699    0.147268
  399   1596.00      -36.8529    -85.4636785850    -85.4592847098    0.119563
  400   1600.00      -30.5412    -85.4661019021    -85.4598080084    0.171266
  401   1604.00      -20.6698    -85.4812938855    -85.4719158621    0.255189
  402   1608.00       22.8367    -85.4834166736    -85.4724769086    0.297686
  403   1612.00      -24.0324    -85.4732195846    -85.4641261161    0.247446
  404   1616.00      -29.1919    -85.4793133018    -85.4728140476    0.176854
  405   1620.00       33.3931    -85.4775482220    -85.4711868262    0.173102
  406   1624.00       33.6671    -85.4778376330    -85.4702705894    0.205910
  407   1628.00       38.8262    -85.4756762802    -85.4659737625    0.264019
  408   1632.00       43.4290    -85.4693721301    -85.4597176119    0.262713
  409   1636.00      -43.5795    -85.4696704033    -85.4624342642    0.196905
  410   1640.00       41.0279    -85.4668401842    -85.4606762911    0.167728
  411   1644.00       35.2213    -85.4833459481    -85.4781504229    0.141377
  412   1648.00       34.3016    -85.4782171161    -85.4725805392    0.153379
  413   1652.00       32.8312    -85.4736384873    -85.4679338103    0.155232
  414   1656.00       34.6011    -85.4672820726    -85.4623490447    0.134235
  415   1660.00      -36.0710    -85.4604370280    -85.4558176879    0.125699
  416   1664.00      -38.3590    -85.4748152841    -85.4697852211    0.136875
  417   1668.00      -38.6365    -85.4791289039    -85.4727764142    0.172860
  418   1672.00      -41.6340    -85.4800970407    -85.4728119303    0.198238
  419   1676.00       41.8649    -85.4707141882    -85.4642122637    0.176926
  420   1680.00      -44.4357    -85.4644151768    -85.4593618123    0.137509
  421   1684.00      -45.5152    -85.4677231395    -85.4633103719    0.120078
  422   1688.00      -47.2885    -85.4659153884    -85.4609271494    0.135737
  423   1692.00       52.0763    -85.4759899814    -85.4706317228    0.145806
  424   1696.00       53.5888    -85.4836496387    -85.4774906412    0.167595
  425   1700.00      -58.7699    -85.4785139054    -85.4718380050    0.181661
  426   1704.00       58.3707    -85.4638049879    -85.4577543866    0.164645
  427   1708.00       60.1339    -85.4627296962    -85.4576890184    0.137164
  428   1712.00       62.4044    -85.4737760769    -85.4691868929    0.124878
  429   1716.00       62.7043    -85.4743959003    -85.4697314907    0.126925
  430   1720.00      -68.2955    -85.4749374849    -85.4698611489    0.138134
  431   1724.00      -68.5226    -85.4716661863    -85.4666237696    0.137211
  432   1728.00       64.5976    -85.4751527485    -85.4699345988    0.141993
  433   1732.00      -61.5399    -85.4887899995    -85.4831820405    0.152600
  434   1736.00      -59.6091    -85.4823997833    -85.4762514790    0.167304
  435   1740.00      -58.1349    -85.4735421048    -85.4666601060    0.187269
  436   1744.00      -53.5447    -85.4771488870    -85.4686464505    0.231363
  437   1748.00      -55.5038    -85.4763542820    -85.4673809802    0.244176
  438   1752.00       60.3290    -85.4743262184    -85.4670796319    0.197190
  439   1756.00       63.6591    -85.4736607350    -85.4669591773    0.182359
  440   1760.00       68.5183    -85.4795152518    -85.4724800699    0.191437
  441   1764.00       68.5370    -85.4813602605    -85.4736397839    0.210085
  442   1768.00       65.7699    -85.4741332722    -85.4659188388    0.223526
  443   1772.00      -68.5807    -85.4790894265    -85.4722197762    0.186933
  444   1776.00       70.6124    -85.4936469469    -85.4880697520    0.151763
  445   1780.00       70.8070    -85.4734704519    -85.4676077315    0.159533
  446   1784.00       67.8484    -85.4713850161    -85.4646427778    0.183466
  447   1788.00      -60.6522    -85.4880980904    -85.4802445459    0.213706
  448   1792.00       60.1436    -85.4785500018    -85.4699559648    0.233856
  449   1796.00       62.7878    -85.4721869203    -85.4641812701    0.217845
  450   1800.00       66.4024    -85.4749117162    -85.4668519645    0.219317
  451   1804.00      -68.2666    -85.4842273613    -85.4755785488    0.235346
  452   1808.00       64.5302    -85.4748384870    -85.4666928146    0.221655
  453   1812.00      -63.0329    -85.4553345753    -85.4469670880    0.227691
  454   1816.00       64.8572    -85.4701072028    -85.4608298603    0.252449
  455   1820.00      -63.4003    -85.4853329084    -85.4752366688    0.274733
  456   1824.00      -62.6307    -85.4828296011    -85.4714880260    0.308620
  457   1828.00      -61.6185    -85.4770441220    -85.4660653780    0.298747
  458   1832.00       64.2534    -85.4667689195    -85.4588262356    0.216131
  459   1836.00       69.2043    -85.4717504817    -85.4653280907    0.174762
  460   1840.00      -72.8844    -85.4747779782    -85.4679335546    0.186246
  461   1844.00      -72.4238    -85.4871455294    -85.4798289216    0.199095
  462   1848.00       71.8907    -85.4806229165    -85.4713650255    0.251920
  463   1852.00      -68.3476    -85.4721012368    -85.4613815208    0.291698
  464   1856.00       68.0241    -85.4716097430    -85.4619079236    0.264000
  465   1860.00      -67.6464    -85.4789389227    -85.4690686690    0.268583
  466   1864.00      -64.2464    -85.4765778496    -85.4651813237    0.310115
  467   1868.00      -61.5757    -85.4702080210    -85.4575255847    0.345107
  468   1872.00       61.4863    -85.4706542978    -85.4568012536    0.376961
  469   1876.00      -62.1952    -85.4682400833    -85.4538026238    0.392863
  470   1880.00      -63.7430    -85.4809011803    -85.4676415223    0.360814
  471   1884.00       65.0076    -85.4813619648    -85.4695251672    0.322096
  472   1888.00       62.8048    -85.4713318810    -85.4596494410    0.317895
  473   1892.00       67.6770    -85.4772703331    -85.4663974603    0.295866
  474   1896.00       71.1028    -85.4728644293    -85.4619631108    0.296640
  475   1900.00      -71.2219    -85.4744222567    -85.4629488765    0.312207
  476   1904.00      -71.0070    -85.4695698107    -85.4588419164    0.291921
  477   1908.00      -77.6563    -85.4765292591    -85.4663755149    0.276297
  478   1912.00       84.8674    -85.4818678852    -85.4721103408    0.265516
  479   1916.00       93.7551    -85.4755578112    -85.4654548052    0.274917
  480   1920.00       86.8974    -85.4741498617    -85.4636104526    0.286792
  481   1924.00      -76.1734    -85.4567598309    -85.4466411341    0.275344
  482   1928.00      -76.2523    -85.4689888116    -85.4589627898    0.272822
  483   1932.00       78.4919    -85.4641874735    -85.4537002359    0.285372
  484   1936.00       74.0989    -85.4610611502    -85.4493910716    0.317559
  485   1940.00       69.7349    -85.4765802808    -85.4627424832    0.376546
  486   1944.00       63.6454    -85.4711035683    -85.4571528349    0.379619
  487   1948.00       66.3772    -85.4733479275    -85.4628093687    0.286769
  488   1952.00       71.8403    -85.4603913867    -85.4535431754    0.186349
  489   1956.00      -71.6774    -85.4522828105    -85.4461869748    0.165876
  490   1960.00      -71.3512    -85.4789088891    -85.4715053975    0.201459
  491   1964.00       60.3240    -85.4801346213    -85.4697280450    0.283177
  492   1968.00       62.7859    -85.4675016835    -85.4548666613    0.343816
  493   1972.00       70.3011    -85.4773455441    -85.4674615682    0.268957
  494   1976.00       72.8739    -85.4833946061    -85.4765994899    0.184905
  495   1980.00       71.8583    -85.4768593328    -85.4686505396    0.223373
  496   1984.00       63.5297    -85.4735539793    -85.4622052236    0.308815
  497   1988.00      -61.2780    -85.4780937779    -85.4649738646    0.357011
  498   1992.00       65.4435    -85.4736533049    -85.4610103765    0.344032
  499   1996.00       67.6502    -85.4722168671    -85.4634257769    0.239218
  500   2000.00      -64.3244    -85.4725938816    -85.4653786425    0.196337
  501   2004.00      -55.5764    -85.4826192375    -85.4735355658    0.247179
  502   2008.00      -54.3972    -85.4754603736    -85.4633493002    0.329559
  503   2012.00       53.2632    -85.4615157261    -85.4477775884    0.373834
  504   2016.00       56.5771    -85.4808962607    -85.4685773623    0.335214
  505   2020.00      -55.7433    -85.4875055251    -85.4775078480    0.272051
  506   2024.00       64.1813    -85.4888043225    -85.4786642494    0.275925
  507   2028.00       64.7222    -85.4695873802    -85.4587600859    0.294626
  508   2032.00       65.5075    -85.4807834972    -85.4693609610    0.310823
  509   2036.00      -60.7609    -85.4889679286    -85.4785405676    0.283743
  510   2040.00       59.2719    -85.4794604400    -85.4705583101    0.242239
  511   2044.00       61.8035    -85.4875509597    -85.4778807555    0.263140
  512   2048.00       64.9390    -85.4645380644    -85.4517286708    0.348561
  513   2052.00      -61.0161    -85.4705284193    -85.4563852952    0.384854
  514   2056.00       61.2453    -85.4802914425    -85.4665777234    0.373169
  515   2060.00       62.9895    -85.4768053818    -85.4651921959    0.316011
  516   2064.00       67.5553    -85.4750466017    -85.4648591730    0.277214
  517   2068.00      -69.1223    -85.4713104912    -85.4604739217    0.294878
  518   2072.00       61.6079    -85.4859775989    -85.4743720515    0.315803
  519   2076.00       62.0578    -85.4726500213    -85.4611230713    0.313664
  520   2080.00      -64.5556    -85.4634970381    -85.4525951459    0.296656
  521   2084.00      -67.3782    -85.4672517833    -85.4567490144    0.285795
  522   2088.00       66.6292    -85.4685733604    -85.4572420204    0.308341
  523   2092.00      -64.6985    -85.4871062774    -85.4762256760    0.296076
  524   2096.00       57.0661    -85.4758389981    -85.4666051505    0.251266
  525   2100.00      -57.6209    -85.4765882341    -85.4682287202    0.227474
  526   2104.00       61.0603    -85.4772185066    -85.4692966867    0.215564
  527   2108.00      -56.5495    -85.4803009981    -85.4714083032    0.241983
  528   2112.00      -55.7962    -85.4770299631    -85.4667954148    0.278496
  529   2116.00       53.9290    -85.4681587021    -85.4590168347    0.248763
  530   2120.00       59.1785    -85.4763896985    -85.4668827450    0.258697
  531   2124.00           nan               nan               nan         nan
  532   2128.00      -54.0319    -85.4715740050    -85.4594221041    0.330670
  533   2132.00       50.7943    -85.4868269983    -85.4740275309    0.348291
  534   2136.00      -51.4171    -85.4827303712    -85.4715107115    0.305302
  535   2140.00       55.7352    -85.4762937694    -85.4672428371    0.246288
  536   2144.00      -63.6529    -85.4640219395    -85.4543512634    0.263152
  537   2148.00       51.3085    -85.4750448207    -85.4644269249    0.288928
  538   2152.00      -48.0347    -85.4771027538    -85.4657682181    0.308428
  539   2156.00      -48.9512    -85.4681049831    -85.4586408989    0.257531
  540   2160.00      -46.6931    -85.4701665872    -85.4626598623    0.204268
  541   2164.00       44.1420    -85.4853021877    -85.4762869870    0.245316
  542   2168.00       36.1112    -85.4824791295    -85.4721032623    0.282342
  543   2172.00       33.5731    -85.4627418579    -85.4519393064    0.293952
  544   2176.00       37.4525    -85.4745631419    -85.4649292895    0.262150
  545   2180.00      -44.1989    -85.4779625421    -85.4706644096    0.198592
  546   2184.00       52.2031    -85.4801940484    -85.4711887996    0.245045
  547   2188.00       55.9784    -85.4749631724    -85.4615687875    0.364480
  548   2192.00       50.4597    -85.4651490639    -85.4501162656    0.409063
  549   2196.00      -53.2124    -85.4691420901    -85.4557352065    0.364820
  550   2200.00      -50.1740    -85.4738446375    -85.4640135844    0.267517
  551   2204.00       40.2948    -85.4800230225    -85.4719857706    0.218705
  552   2208.00      -37.2390    -85.4736007309    -85.4631758655    0.283675
  553   2212.00      -28.4841    -85.4742481775    -85.4632585569    0.299043
  554   2216.00       22.5200    -85.4761091867    -85.4681677208    0.216098
  555   2220.00      -34.1897    -85.4633374258    -85.4589211753    0.120172
  556   2224.00       38.7252    -85.4677609004    -85.4640265387    0.101617
  557   2228.00      -35.5855    -85.4784372659    -85.4715400113    0.187684
  558   2232.00       29.4136    -85.4824193833    -85.4719159922    0.285812
  559   2236.00      -29.1229    -85.4776828860    -85.4667842427    0.296567
  560   2240.00       31.3194    -85.4740266318    -85.4652418746    0.239045
  561   2244.00      -25.8434    -85.4784195812    -85.4713032403    0.193645
  562   2248.00      -15.8411    -85.4772491825    -85.4688226459    0.229298
  563   2252.00        9.7788    -85.4875248683    -85.4757535979    0.320313
  564   2256.00       -5.1774    -85.4777566366    -85.4653694838    0.337072
  565   2260.00        4.1666    -85.4697571934    -85.4601193494    0.262259
  566   2264.00       16.3755    -85.4826393227    -85.4742924702    0.227129
  567   2268.00       -6.3450    -85.4758038420    -85.4678584630    0.216205
  568   2272.00        6.1599    -85.4862331500    -85.4771009063    0.248501
  569   2276.00       17.7713    -85.4799119480    -85.4697215712    0.277294
  570   2280.00        6.6716    -85.4685085456    -85.4594991293    0.245159
  571   2284.00       -7.1417    -85.4896308668    -85.4821121550    0.204595
  572   2288.00      -10.0876    -85.4870596728    -85.4798111746    0.197242
  573   2292.00      -12.8610    -85.4820695567    -85.4738792878    0.222869
  574   2296.00      -13.5920    -85.4775837539    -85.4692415167    0.227004
  575   2300.00       11.6576    -85.4659745058    -85.4590789389    0.187638
  576   2304.00       -7.7569    -85.4684982859    -85.4610586319    0.202443
  577   2308.00        8.3784    -85.4759353738    -85.4667893168    0.248877
  578   2312.00      -12.2263    -85.4735972072    -85.4641111834    0.258128
  579   2316.00      -14.8199    -85.4839467868    -85.4738971049    0.273466
  580   2320.00      -17.3530    -85.4869695381    -85.4770996815    0.268572
  581   2324.00      -18.1053    -85.4760089335    -85.4662467423    0.265643
  582   2328.00      -19.7254    -85.4745507317    -85.4631736790    0.309585
  583   2332.00      -21.4283    -85.4737900923    -85.4617341273    0.328060
  584   2336.00      -14.6187    -85.4748012301    -85.4661801821    0.234591
  585   2340.00      -14.3570    -85.4764841677    -85.4712303589    0.142963
  586   2344.00      -13.8593    -85.4668227191    -85.4618326446    0.135787
  587   2348.00      -25.1106    -85.4733366789    -85.4655137011    0.212874
  588   2352.00      -23.4619    -85.4796756187    -85.4684910398    0.304348
  589   2356.00      -22.9226    -85.4811202381    -85.4687517315    0.336564
  590   2360.00      -15.7222    -85.4827484992    -85.4726690721    0.274275
  591   2364.00       16.4938    -85.4744961458    -85.4663472095    0.221744
  592   2368.00       18.8317    -85.4731802221    -85.4630804372    0.274829
  593   2372.00      -27.2817    -85.4716259548    -85.4579224944    0.372890
  594   2376.00       26.5789    -85.4749917859    -85.4617298535    0.360876
  595   2380.00       26.4740    -85.4721656506    -85.4620947758    0.274042
  596   2384.00      -17.1260    -85.4848004823    -85.4768849075    0.215394
  597   2388.00      -32.2888    -85.4882389029    -85.4785194785    0.264479
  598   2392.00      -32.8357    -85.4671876081    -85.4543365039    0.349696
  599   2396.00      -35.8358    -85.4704385386    -85.4571415308    0.361830
  600   2400.00      -34.1654    -85.4786287555    -85.4693574412    0.252285
  601   2404.00      -42.3489    -85.4814385956    -85.4754763379    0.162241
  602   2408.00       41.6056    -85.4742973910    -85.4681882016    0.166240
  603   2412.00       46.5509    -85.4706030897    -85.4604981752    0.274969
  604   2416.00      -43.7491    -85.4812149653    -85.4685255504    0.345297
  605   2420.00      -46.1070    -85.4705268485    -85.4600965498    0.283823
  606   2424.00      -49.1760    -85.4739715826    -85.4669375193    0.191407
  607   2428.00       54.1466    -85.4819151195    -85.4757632402    0.167401
  608   2432.00       57.3021    -85.4714322972    -85.4626763322    0.238262
  609   2436.00       56.3102    -85.4743047961    -85.4609196375    0.364229
  610   2440.00       52.8219    -85.4721327371    -85.4598296305    0.334785
  611   2444.00      -60.7002    -85.4694048329    -85.4611121393    0.225656
  612   2448.00       66.7754    -85.4773132209    -85.4694279316    0.214570
  613   2452.00      -64.3519    -85.4873085978    -85.4774328185    0.268734
  614   2456.00       62.6720    -85.4780567990    -85.4650068721    0.355107
  615   2460.00      -62.8254    -85.4696944567    -85.4567315555    0.352739
  616   2464.00       74.3357    -85.4673567359    -85.4587636664    0.233829
  617   2468.00       85.2233    -85.4647143357    -85.4577504420    0.189497
  618   2472.00       81.5508    -85.4741665421    -85.4662072675    0.216583
  619   2476.00       78.7837    -85.4686899700    -85.4572359326    0.311680
  620   2480.00      -84.8639    -85.4782978418    -85.4636958512    0.397340
  621   2484.00      -91.6097    -85.4752818133    -85.4627253652    0.341678
  622   2488.00       94.0641    -85.4659371947    -85.4561729574    0.265698
  623   2492.00       86.8168    -85.4778404195    -85.4679697640    0.268594
  624   2496.00      -84.6152    -85.4828517710    -85.4708484469    0.326627
  625   2500.00      -82.2332    -85.4824260729    -85.4673878234    0.409212
  626   2504.00       83.5672    -85.4771332982    -85.4616266836    0.421956
  627   2508.00       88.4258    -85.4777653382    -85.4644864768    0.361336
  628   2512.00      -89.9693    -85.4860402514    -85.4738862601    0.330727
  629   2516.00      -93.4097    -85.4741623169    -85.4623049581    0.322655
  630   2520.00      -94.0696    -85.4718882478    -85.4593712305    0.340605
  631   2524.00      -91.6771    -85.4729378665    -85.4590433638    0.378089
  632   2528.00       86.0569    -85.4806275589    -85.4673600030    0.361029
  633   2532.00       79.3111    -85.4857012883    -85.4737100404    0.326298
  634   2536.00       77.0290    -85.4816130388    -85.4701287609    0.312503
  635   2540.00      -82.2082    -85.4733780248    -85.4625007719    0.295985
  636   2544.00       83.2645    -85.4773166482    -85.4665095058    0.294077
  637   2548.00       76.2870    -85.4849803263    -85.4730695880    0.324108
  638   2552.00      -74.4306    -85.4708708354    -85.4572494773    0.370656
  639   2556.00      -80.7171    -85.4841822605    -85.4690046443    0.413004
  640   2560.00      -87.9095    -85.4905251934    -85.4758935762    0.398147
  641   2564.00      -88.8531    -85.4770129565    -85.4642143729    0.348267
  642   2568.00      -83.8987    -85.4828112350    -85.4693777793    0.365543
  643   2572.00       76.8892    -85.4781260713    -85.4631731800    0.406889
  644   2576.00      -77.9726    -85.4747840518    -85.4591391641    0.425719
  645   2580.00       83.4862    -85.4672293572    -85.4527394939    0.394289
  646   2584.00      -87.1455    -85.4744713080    -85.4637824446    0.290859
  647   2588.00       86.5723    -85.4764686441    -85.4666747413    0.266506
  648   2592.00      -87.3372    -85.4736437388    -85.4604319525    0.359511
  649   2596.00      -93.5553    -85.4902949103    -85.4736005281    0.454277
  650   2600.00       95.5149    -85.4767090570    -85.4601718587    0.450000
  651   2604.00      -94.5592    -85.4764925484    -85.4653133342    0.304202
  652   2608.00       88.7843    -85.4747758582    -85.4664764476    0.225838
  653   2612.00       90.2622    -85.4704752141    -85.4589551759    0.313476
  654   2616.00      -96.0684    -85.4787952002    -85.4617503705    0.463813
  655   2620.00       99.1565    -85.4733126106    -85.4532248134    0.546617
  656   2624.00      -94.5873    -85.4810755589    -85.4644712348    0.451827
  657   2628.00      -96.3271    -85.4796459074    -85.4681364913    0.313187
  658   2632.00     -104.9939    -85.4824232603    -85.4712443547    0.304194
  659   2636.00     -121.4051    -85.4845899538    -85.4701105891    0.394004
  660   2640.00     -133.3395    -85.4755796415    -85.4584991333    0.464784
  661   2644.00     -130.5589    -85.4726898000    -85.4563772638    0.443887
  662   2648.00      120.2511    -85.4701103191    -85.4580245929    0.328869
  663   2652.00      121.5592    -85.4814248227    -85.4706362652    0.293572
  664   2656.00     -127.2472    -85.4778405315    -85.4657409496    0.329246
  665   2660.00      128.6950    -85.4647341901    -85.4519170037    0.348773
  666   2664.00     -126.8702    -85.4626208757    -85.4493622625    0.360785
  667   2668.00      124.4440    -85.4722208941    -85.4602204697    0.326548
  668   2672.00     -131.5043    -85.4768483827    -85.4654765424    0.309444
  669   2676.00      139.7470    -85.4686654198    -85.4551136510    0.368762
  670   2680.00     -139.2117    -85.4738119390    -85.4589326995    0.404885
  671   2684.00     -128.3680    -85.4697002783    -85.4549068310    0.402550
  672   2688.00      114.0083    -85.4673455681    -85.4537296286    0.370509
  673   2692.00      112.4636    -85.4853991219    -85.4744517503    0.297893
  674   2696.00      120.0757    -85.4690022983    -85.4580641022    0.297643
  675   2700.00      116.5171    -85.4677941847    -85.4567579519    0.300311
  676   2704.00           nan               nan               nan         nan
  677   2708.00      106.3153    -85.4679612932    -85.4558374267    0.329907
  678   2712.00      108.5118    -85.4675632884    -85.4561248555    0.311256
  679   2716.00     -113.9176    -85.4639095947    -85.4532187068    0.290914
  680   2720.00     -108.5800    -85.4758410175    -85.4651325970    0.291391
  681   2724.00       98.7225    -85.4738862513    -85.4635682883    0.280766
  682   2728.00      -96.9141    -85.4687868558    -85.4582031729    0.287997
  683   2732.00       98.0647    -85.4620792636    -85.4507706464    0.307723
  684   2736.00       96.3905    -85.4619339253    -85.4504487549    0.312527
  685   2740.00      -89.3078    -85.4732044275    -85.4614615452    0.319540
  686   2744.00      -82.6876    -85.4764019065    -85.4647347185    0.317480
  687   2748.00      -80.9802    -85.4768143088    -85.4660193230    0.293747
  688   2752.00      -86.1262    -85.4755356350    -85.4644272754    0.302274
  689   2756.00      -89.5018    -85.4763616967    -85.4654123168    0.297948
  690   2760.00       88.8272    -85.4764580269    -85.4663289036    0.275627
  691   2764.00       81.7368    -85.4720900428    -85.4626502839    0.256869
  692   2768.00      -75.6212    -85.4739183666    -85.4651797262    0.237791
  693   2772.00       75.8964    -85.4718406208    -85.4621472165    0.263771
  694   2776.00       79.3947    -85.4722650232    -85.4609868981    0.306893
  695   2780.00      -77.9035    -85.4747845152    -85.4643062092    0.285129
  696   2784.00       77.2026    -85.4840068565    -85.4750707306    0.243164
  697   2788.00       82.6709    -85.4719883599    -85.4639786064    0.217956
  698   2792.00       79.7448    -85.4551370637    -85.4466741238    0.230288
  699   2796.00      -79.7013    -85.4676853626    -85.4563015686    0.309769
  700   2800.00       71.7408    -85.4701025186    -85.4571755929    0.351760
  701   2804.00      -67.5230    -85.4727841057    -85.4599655662    0.348810
  702   2808.00       67.6076    -85.4699713484    -85.4593462479    0.289124
  703   2812.00       67.8028    -85.4691703038    -85.4607698068    0.228589
  704   2816.00      -70.3464    -85.4843573635    -85.4747068453    0.262604
  705   2820.00       69.6091    -85.4707757600    -85.4590162794    0.319992
  706   2824.00       68.8789    -85.4671281915    -85.4546012990    0.340874
  707   2828.00      -77.1921    -85.4769527439    -85.4647853207    0.331092
  708   2832.00       83.5923    -85.4772329128    -85.4675419979    0.263703
  709   2836.00      -87.8287    -85.4756249441    -85.4674052041    0.223671
  710   2840.00       86.7384    -85.4640191382    -85.4546320555    0.255436
  711   2844.00       79.5238    -85.4672330522    -85.4567440112    0.285421
  712   2848.00       74.5926    -85.4821756938    -85.4711242019    0.300726
  713   2852.00      -77.2174    -85.4800132399    -85.4699143705    0.274804
  714   2856.00      -78.7461    -85.4649744102    -85.4564448603    0.232101
  715   2860.00      -80.4174    -85.4618402394    -85.4525378322    0.253131
  716   2864.00      -79.5501    -85.4724195915    -85.4611316863    0.307160
  717   2868.00      -79.7143    -85.4691411416    -85.4564493946    0.345360
  718   2872.00      -86.5857    -85.4692879347    -85.4573819286    0.323979
  719   2876.00      -87.8746    -85.4758138697    -85.4660005420    0.267034
  720   2880.00       89.3543    -85.4868097525    -85.4779612040    0.240781
  721   2884.00       89.1372    -85.4805407736    -85.4710347634    0.258672
  722   2888.00      -86.9629    -85.4704208028    -85.4602098782    0.277853
  723   2892.00      -84.1605    -85.4752980645    -85.4662634775    0.245844
  724   2896.00      -88.5700    -85.4670722609    -85.4590578225    0.218084
  725   2900.00      -94.0777    -85.4693254222    -85.4609606722    0.227616
  726   2904.00     -102.6017    -85.4724064555    -85.4628055659    0.261254
  727   2908.00      101.5219    -85.4663105951    -85.4560565459    0.279027
  728   2912.00      -96.0389    -85.4676521380    -85.4580237513    0.262002
  729   2916.00       95.3858    -85.4667365461    -85.4581782343    0.232884
  730   2920.00       97.1619    -85.4791831605    -85.4708288471    0.227332
  731   2924.00      -96.9196    -85.4757539191    -85.4659546864    0.266651
  732   2928.00       96.1289    -85.4690784178    -85.4568643271    0.332362
  733   2932.00       91.7982    -85.4680850851    -85.4549621265    0.357094
  734   2936.00       91.8037    -85.4659315615    -85.4543364388    0.315519
  735   2940.00       97.4849    -85.4941789820    -85.4848642453    0.253467
  736   2944.00      -97.6709    -85.4765102193    -85.4672042386    0.253229
  737   2948.00      -98.4649    -85.4679577377    -85.4567267182    0.305612
  738   2952.00       89.9023    -85.4668317938    -85.4549397159    0.323600
  739   2956.00       83.4615    -85.4604686742    -85.4481929302    0.334040
  740   2960.00      -81.6372    -85.4843966778    -85.4729232792    0.312207
  741   2964.00      -79.2704    -85.4710288301    -85.4607155509    0.280639
  742   2968.00       75.7594    -85.4616919956    -85.4520901383    0.261280
  743   2972.00      -70.9887    -85.4676902016    -85.4587107640    0.244343
  744   2976.00      -72.8531    -85.4540632077    -85.4460636168    0.217680
  745   2980.00      -71.5291    -85.4650249226    -85.4564076872    0.234487
  746   2984.00      -69.1131    -85.4705615317    -85.4604473341    0.275221
  747   2988.00       62.6925    -85.4598047900    -85.4484152551    0.309925
  748   2992.00      -60.0745    -85.4700339999    -85.4566701731    0.363648
  749   2996.00      -57.3396    -85.4721470368    -85.4575918226    0.396068
  750   3000.00      -57.0394    -85.4662504012    -85.4532659803    0.353324
  751   3004.00       53.3715    -85.4606931167    -85.4489762705    0.318832
  752   3008.00       53.7278    -85.4723983388    -85.4615805961    0.294366
  753   3012.00      -54.6864    -85.4833280934    -85.4728694361    0.284595
  754   3016.00       55.4279    -85.4911815288    -85.4800545420    0.302781
  755   3020.00       54.0433    -85.4780096312    -85.4666998631    0.307754
  756   3024.00      -52.1073    -85.4624310793    -85.4512625751    0.303910
  757   3028.00      -53.9770    -85.4751851031    -85.4656085969    0.260590
  758   3032.00       51.0221    -85.4754103561    -85.4667609352    0.235363
  759   3036.00       48.9360    -85.4749595510    -85.4655834195    0.255138
  760   3040.00      -48.0308    -85.4655475026    -85.4561026157    0.257008
  761   3044.00       55.0188    -85.4637141135    -85.4539688201    0.265183
  762   3048.00      -55.4290    -85.4758436850    -85.4665095244    0.253995
  763   3052.00      -55.8191    -85.4770214581    -85.4676031172    0.256286
  764   3056.00      -55.6696    -85.4791577228    -85.4688905912    0.279383
  765   3060.00       51.7582    -85.4696825603    -85.4604170661    0.252127
  766   3064.00      -52.6427    -85.4676709452    -85.4585278670    0.248796
  767   3068.00       52.0419    -85.4650201856    -85.4549726212    0.273408
  768   3072.00      -53.5456    -85.4848793218    -85.4735734749    0.307648
  769   3076.00      -55.2993    -85.4886943076    -85.4773486239    0.308732
  770   3080.00       56.5568    -85.4643165410    -85.4551145300    0.250399
  771   3084.00       59.6921    -85.4613888693    -85.4545665939    0.185644
  772   3088.00       61.6607    -85.4616507950    -85.4550809079    0.178776
  773   3092.00       64.0509    -85.4646769546    -85.4572980495    0.200790
  774   3096.00      -66.0109    -85.4737034111    -85.4665436936    0.194826
  775   3100.00      -70.4917    -85.4670442958    -85.4596403330    0.201472
  776   3104.00      -70.6363    -85.4659573992    -85.4584199662    0.205104
  777   3108.00      -72.5790    -85.4589306074    -85.4506809545    0.224484
  778   3112.00       70.6965    -85.4590606160    -85.4488516277    0.277801
  779   3116.00      -68.4445    -85.4645754219    -85.4546683772    0.269584
  780   3120.00      -68.4989    -85.4711028164    -85.4632803351    0.212861
  781   3124.00       66.9651    -85.4690048018    -85.4630361136    0.162416
  782   3128.00      -69.1071    -85.4583627963    -85.4522574657    0.166135
  783   3132.00      -70.0021    -85.4624900351    -85.4537826325    0.236940
  784   3136.00      -67.2626    -85.4714549299    -85.4607507686    0.291275
  785   3140.00      -67.4714    -85.4803823090    -85.4700587494    0.280918
  786   3144.00      -72.1466    -85.4669810797    -85.4580646144    0.242629
  787   3148.00      -73.2539    -85.4633293697    -85.4554885964    0.213358
  788   3152.00      -81.0162    -85.4774375575    -85.4683166440    0.248193
  789   3156.00      -79.4172    -85.4658454612    -85.4556301467    0.277973
  790   3160.00       75.5590    -85.4653755156    -85.4571073691    0.224988
  791   3164.00      -77.0338    -85.4599286310    -85.4538537732    0.165305
  792   3168.00       79.2082    -85.4613219960    -85.4554867765    0.158784
  793   3172.00      -78.9561    -85.4583580426    -85.4517848922    0.178865
  794   3176.00      -75.7023    -85.4625535964    -85.4520993875    0.284474
  795   3180.00      -69.1290    -85.4747100048    -85.4610070437    0.372877
  796   3184.00      -69.6142    -85.4720197456    -85.4598165541    0.332066
  797   3188.00       78.3380    -85.4822071459    -85.4726212123    0.260847
  798   3192.00      -82.0069    -85.4720967797    -85.4628812336    0.250768
  799   3196.00       79.5326    -85.4749838927    -85.4639418602    0.300469
  800   3200.00      -70.2378    -85.4661268835    -85.4532288983    0.350972
  801   3204.00      -64.6383    -85.4556129139    -85.4427754008    0.349327
  802   3208.00      -67.6068    -85.4805429286    -85.4688476578    0.318245
  803   3212.00      -77.3754    -85.4689654818    -85.4575728477    0.310009
  804   3216.00      -79.5327    -85.4672606809    -85.4551041089    0.330797
  805   3220.00      -75.1685    -85.4631312774    -85.4491747948    0.379775
  806   3224.00      -70.0477    -85.4478643214    -85.4341912712    0.372063
  807   3228.00       71.9858    -85.4791827353    -85.4674790184    0.318474
  808   3232.00      -77.4354    -85.4821184444    -85.4724557783    0.262935
  809   3236.00       76.9808    -85.4694946527    -85.4606019559    0.241983
  810   3240.00       68.9830    -85.4701473931    -85.4598202037    0.281017
  811   3244.00      -63.2941    -85.4642529906    -85.4512366219    0.354193
  812   3248.00       62.7989    -85.4712365101    -85.4578786274    0.363487
  813   3252.00      -67.5876    -85.4723866693    -85.4603362019    0.327910
  814   3256.00      -69.6566    -85.4732059425    -85.4625861249    0.288980
  815   3260.00       63.7660    -85.4648987382    -85.4546564232    0.278708
  816   3264.00       59.4707    -85.4667355910    -85.4551883316    0.314217
  817   3268.00       55.0832    -85.4703231764    -85.4577836717    0.341217
  818   3272.00      -58.8716    -85.4752115060    -85.4629294266    0.334212
  819   3276.00       59.7731    -85.4813369986    -85.4715128570    0.267329
  820   3280.00      -56.6466    -85.4663467288    -85.4593902526    0.189295
  821   3284.00      -54.2926    -85.4757959980    -85.4696937526    0.166051
  822   3288.00      -54.4499    -85.4773741646    -85.4704950508    0.187190
  823   3292.00       51.0568    -85.4759837181    -85.4674049853    0.233439
  824   3296.00       47.6329    -85.4738969962    -85.4631466041    0.292533
  825   3300.00       42.2757    -85.4580823619    -85.4480153873    0.273936
  826   3304.00      -52.0813    -85.4687686675    -85.4602774030    0.231059
  827   3308.00       53.3222    -85.4809970504    -85.4733051059    0.209308
  828   3312.00       54.3782    -85.4762997725    -85.4684746870    0.212931
  829   3316.00       59.1475    -85.4574969983    -85.4479298652    0.260335
  830   3320.00      -56.5783    -85.4645002052    -85.4536664334    0.294802
  831   3324.00      -55.0542    -85.4779488534    -85.4683213048    0.261979
  832   3328.00      -53.8115    -85.4752683009    -85.4662183076    0.246263
  833   3332.00       55.0048    -85.4622770471    -85.4521456923    0.275688
  834   3336.00      -53.1374    -85.4556444742    -85.4438773961    0.320199
  835   3340.00      -53.3816    -85.4757449765    -85.4639208635    0.321751
  836   3344.00      -54.7463    -85.4762758639    -85.4680131159    0.224841
  837   3348.00      -60.3544    -85.4688056157    -85.4625544872    0.170102
  838   3352.00      -63.8347    -85.4664924398    -85.4597200065    0.184287
  839   3356.00       65.4731    -85.4588080110    -85.4500374077    0.238660
  840   3360.00       66.0782    -85.4724384653    -85.4609801671    0.311796
  841   3364.00      -70.8685    -85.4832253084    -85.4717292837    0.312823
  842   3368.00      -72.8151    -85.4842848631    -85.4747493642    0.259474
  843   3372.00       84.3818    -85.4720797500    -85.4624708004    0.261473
  844   3376.00      -86.6172    -85.4633301202    -85.4524325959    0.296537
  845   3380.00      -81.4794    -85.4679497410    -85.4544499257    0.367349
  846   3384.00       88.3185    -85.4586744314    -85.4435950660    0.410330
  847   3388.00      -86.7523    -85.4716040877    -85.4590177719    0.342491
  848   3392.00      -99.6114    -85.4747962500    -85.4646406021    0.276349
  849   3396.00     -106.7216    -85.4592955680    -85.4500420373    0.251801
  850   3400.00     -101.5193    -85.4677292735    -85.4583578117    0.255010
  851   3404.00      102.8538    -85.4751219003    -85.4638016063    0.308041
  852   3408.00      101.9252    -85.4756880877    -85.4634385575    0.333327
  853   3412.00     -100.7577    -85.4712247523    -85.4580469608    0.358586
  854   3416.00      104.7815    -85.4776113244    -85.4631000996    0.394871
  855   3420.00       99.8260    -85.4742445794    -85.4602710484    0.380239
  856   3424.00     -101.5937    -85.4627356632    -85.4493626316    0.363899
  857   3428.00     -107.1366    -85.4648395290    -85.4524681458    0.336642
  858   3432.00     -107.2441    -85.4668224359    -85.4562117852    0.288731
  859   3436.00      109.6940    -85.4747051967    -85.4631335515    0.314881
  860   3440.00     -104.4867    -85.4579989225    -85.4427350028    0.415352
  861   3444.00     -103.1216    -85.4541673145    -85.4360070293    0.494167
  862   3448.00     -110.2177    -85.4700787231    -85.4512914892    0.511227
  863   3452.00     -113.8922    -85.4689157485    -85.4511692886    0.482906
  864   3456.00      111.8286    -85.4666243503    -85.4505162367    0.438324
  865   3460.00      109.1097    -85.4569815759    -85.4435047271    0.366724
  866   3464.00      103.4385    -85.4601537774    -85.4492180766    0.297576
  867   3468.00      102.6370    -85.4640432783    -85.4533518106    0.290930
  868   3472.00     -102.9120    -85.4618942058    -85.4500942122    0.321094
  869   3476.00       95.7078    -85.4654655922    -85.4524377080    0.354507
  870   3480.00       92.5649    -85.4752253953    -85.4624106843    0.348706
  871   3484.00      -92.2663    -85.4739689062    -85.4629665717    0.299389
  872   3488.00      -92.0444    -85.4674249866    -85.4581178737    0.253259
  873   3492.00       92.8973    -85.4601567053    -85.4490987028    0.300904
  874   3496.00       80.2428    -85.4612105758    -85.4472633568    0.379523
  875   3500.00      -72.4216    -85.4756513399    -85.4597041038    0.433946
  876   3504.00       67.3258    -85.4819487883    -85.4673635491    0.396885
  877   3508.00       66.9381    -85.4683637507    -85.4580933144    0.279473
  878   3512.00       66.9277    -85.4504220992    -85.4426764778    0.210769
  879   3516.00      -63.4236    -85.4500087500    -85.4410497064    0.243788
  880   3520.00      -60.1597    -85.4710839123    -85.4584297251    0.344338
  881   3524.00       63.4141    -85.4809286738    -85.4659189955    0.408434
  882   3528.00       64.2059    -85.4665881805    -85.4533650157    0.359821
  883   3532.00      -58.7724    -85.4577066864    -85.4475239496    0.277086
  884   3536.00       61.5485    -85.4717420288    -85.4620477376    0.263795
  885   3540.00      -56.5157    -85.4790156880    -85.4687523859    0.279279
  886   3544.00       50.3847    -85.4707551695    -85.4610942578    0.262887
  887   3548.00      -49.6067    -85.4714551308    -85.4638629996    0.206592
  888   3552.00       39.9592    -85.4703166254    -85.4643790288    0.161570
  889   3556.00       35.3421    -85.4703214274    -85.4623867880    0.215913
  890   3560.00      -35.0653    -85.4768013574    -85.4642165492    0.342450
  891   3564.00       34.2237    -85.4793381341    -85.4661050168    0.360091
  892   3568.00       41.0082    -85.4654444583    -85.4564137982    0.245737
  893   3572.00       43.5526    -85.4434348039    -85.4385930181    0.131752
  894   3576.00      -32.3682    -85.4541915580    -85.4500867760    0.111697
  895   3580.00       37.1963    -85.4723452731    -85.4647882539    0.205637
  896   3584.00       27.3308    -85.4684748544    -85.4564755402    0.326518
  897   3588.00      -31.3523    -85.4570037048    -85.4451869626    0.321550
  898   3592.00       25.3467    -85.4568581249    -85.4507552143    0.166069
  899   3596.00       22.1103    -85.4747886099    -85.4731607894    0.044295
  900   3600.00       22.1707    -85.4753637272    -85.4735886194    0.048303
  901   3604.00       25.1533    -85.4563010899    -85.4507159642    0.151979
  902   3608.00       22.6121    -85.4597375834    -85.4505835810    0.249093
  903   3612.00      -20.3173    -85.4772031654    -85.4685966356    0.234196
  904   3616.00      -18.2550    -85.4777057403    -85.4724173887    0.143903
  905   3620.00      -18.6502    -85.4554857251    -85.4518179324    0.099806
  906   3624.00       16.5580    -85.4556685240    -85.4501643925    0.149775
  907   3628.00       22.6251    -85.4597871302    -85.4520732083    0.209907
  908   3632.00      -18.4150    -85.4699555158    -85.4624500330    0.204235
  909   3636.00       19.3267    -85.4780522356    -85.4722547955    0.157756
  910   3640.00      -12.0350    -85.4645410801    -85.4590668394    0.148962
  911   3644.00      -12.8900    -85.4633986604    -85.4546334620    0.238513
  912   3648.00       19.2967    -85.4630354771    -85.4512388931    0.321001
  913   3652.00      -18.3272    -85.4686309174    -85.4565504051    0.328727
  914   3656.00       18.8207    -85.4719743746    -85.4632822707    0.236524
  915   3660.00      -19.2498    -85.4624591103    -85.4570909750    0.146074
  916   3664.00      -14.9070    -85.4628804214    -85.4569491055    0.161399
  917   3668.00       16.0478    -85.4560953021    -85.4466989388    0.255688
  918   3672.00       -9.7778    -85.4673438673    -85.4563184782    0.300016
  919   3676.00       23.4870    -85.4662696894    -85.4555727499    0.291079
  920   3680.00      -23.9005    -85.4681444056    -85.4590756352    0.246774
  921   3684.00      -24.6373    -85.4759520444    -85.4682173336    0.210472
  922   3688.00      -18.3280    -85.4649610669    -85.4567355074    0.223829
  923   3692.00      -27.0827    -85.4693052356    -85.4573202083    0.326129
  924   3696.00       23.7102    -85.4721847067    -85.4588334886    0.363305
  925   3700.00       27.3148    -85.4645482066    -85.4522437138    0.334822
  926   3704.00       31.1839    -85.4674701862    -85.4565836399    0.296238
  927   3708.00       28.8523    -85.4606684878    -85.4522153446    0.230022
  928   3712.00      -30.3762    -85.4568680945    -85.4496173474    0.197303
  929   3716.00       30.5378    -85.4575283560    -85.4484224580    0.247784
  930   3720.00       22.2574    -85.4624585808    -85.4496849670    0.347588
  931   3724.00      -32.2725    -85.4796985553    -85.4644037438    0.416193
  932   3728.00       31.7245    -85.4806914151    -85.4683287368    0.336406
  933   3732.00       37.1533    -85.4663105825    -85.4585900607    0.210086
  934   3736.00       44.9473    -85.4633212981    -85.4581035845    0.141981
  935   3740.00      -47.2074    -85.4629363321    -85.4566946256    0.169845
  936   3744.00      -44.1583    -85.4636485372    -85.4545221285    0.248342
  937   3748.00       44.7282    -85.4724902105    -85.4626920450    0.266622
  938   3752.00      -46.6473    -85.4669159683    -85.4581364568    0.238903
  939   3756.00       50.2382    -85.4630199943    -85.4550692374    0.216351
  940   3760.00       50.5522    -85.4635261410    -85.4534918080    0.273048
  941   3764.00      -48.0094    -85.4651715761    -85.4526574716    0.340526
  942   3768.00      -44.8762    -85.4781217182    -85.4662956598    0.321803
  943   3772.00      -42.9092    -85.4832277186    -85.4752754285    0.216393
  944   3776.00      -43.1499    -85.4743666730    -85.4689975238    0.146102
  945   3780.00       47.5300    -85.4651008328    -85.4573539031    0.210805
  946   3784.00      -44.0255    -85.4641535416    -85.4516973579    0.338950
  947   3788.00       43.5223    -85.4645143003    -85.4504975645    0.381415
  948   3792.00      -45.8072    -85.4780293120    -85.4678022573    0.278292
  949   3796.00      -56.5049    -85.4887762720    -85.4826940289    0.165506
  950   3800.00      -52.1054    -85.4701714789    -85.4648477657    0.144866
  951   3804.00       53.4072    -85.4607528379    -85.4522316570    0.231873
  952   3808.00       49.5451    -85.4698804021    -85.4560545638    0.376220
  953   3812.00      -47.7018    -85.4767950579    -85.4612245130    0.423696
  954   3816.00      -57.7205    -85.4870959117    -85.4761176230    0.298734
  955   3820.00      -60.3574    -85.4837823798    -85.4768484044    0.188683
  956   3824.00       60.2666    -85.4746062513    -85.4683233308    0.170967
  957   3828.00       59.3378    -85.4599980695    -85.4510964602    0.242225
  958   3832.00           nan               nan               nan         nan
  959   3836.00       54.2708    -85.4789774309    -85.4631119523    0.431722
  960   3840.00      -59.5196    -85.4681592389    -85.4540703728    0.383378
  961   3844.00      -54.9511    -85.4626388476    -85.4521174952    0.286301
  962   3848.00       55.6046    -85.4686066081    -85.4602642845    0.227006
  963   3852.00       58.7827    -85.4718936014    -85.4639838853    0.215234
  964   3856.00       53.0942    -85.4748763529    -85.4663319430    0.232505
  965   3860.00       55.3650    -85.4667238743    -85.4559512435    0.293138
  966   3864.00      -53.3934    -85.4674323373    -85.4558934363    0.313989
  967   3868.00      -49.0775    -85.4721082680    -85.4616960520    0.283331
  968   3872.00       50.8021    -85.4714515521    -85.4619736994    0.257906
  969   3876.00      -45.1193    -85.4707993985    -85.4614132746    0.255409
  970   3880.00      -44.0696    -85.4735869774    -85.4639637726    0.261861
  971   3884.00      -41.8878    -85.4742593004    -85.4650361135    0.250976
  972   3888.00       45.4470    -85.4688656950    -85.4602400469    0.234716
  973   3892.00      -49.0961    -85.4688351360    -85.4608088775    0.218406
  974   3896.00      -51.9801    -85.4672574344    -85.4566019621    0.289950
  975   3900.00       40.9364    -85.4668690846    -85.4531634495    0.372949
  976   3904.00      -36.5264    -85.4797350568    -85.4660939813    0.371193
  977   3908.00       39.8314    -85.4891987602    -85.4795138531    0.263540
  978   3912.00       42.6164    -85.4748188191    -85.4698183784    0.136069
  979   3916.00       42.2616    -85.4619648692    -85.4571567163    0.130837
  980   3920.00      -33.8141    -85.4585877909    -85.4492530310    0.254012
  981   3924.00       32.7129    -85.4670209500    -85.4536575343    0.363637
  982   3928.00       27.8017    -85.4846872655    -85.4719606321    0.346309
  983   3932.00      -32.0600    -85.4779633338    -85.4697731511    0.222866
  984   3936.00       40.8365    -85.4701912690    -85.4661468297    0.110055
  985   3940.00       41.8792    -85.4660947019    -85.4620163498    0.110978
  986   3944.00      -32.3768    -85.4696556110    -85.4620539121    0.206853
  987   3948.00       30.6123    -85.4776090708    -85.4667795315    0.294687
  988   3952.00       30.4926    -85.4741576685    -85.4644615776    0.263844
  989   3956.00       34.0712    -85.4776298225    -85.4710767917    0.178317
  990   3960.00      -43.2200    -85.4802389366    -85.4748459155    0.146752
  991   3964.00      -44.6422    -85.4715944444    -85.4642508482    0.199829
  992   3968.00       43.2683    -85.4687637881    -85.4594452650    0.253570
  993   3972.00       43.9661    -85.4678187577    -85.4589363164    0.241704
  994   3976.00       39.5491    -85.4685886481    -85.4616129605    0.189818
  995   3980.00      -39.4240    -85.4606186727    -85.4549264171    0.154894
  996   3984.00       36.4330    -85.4558761096    -85.4493452681    0.177713
  997   3988.00      -34.5672    -85.4687388176    -85.4607299316    0.217933
  998   3992.00      -33.9834    -85.4758237507    -85.4680830903    0.210634
  999   3996.00      -34.6967    -85.4829838747    -85.4776937306    0.143952
 1000   4000.00      -38.4681    -85.4730021458    -85.4691607055    0.104531
 1001   4004.00       36.7440    -85.4684099303    -85.4621649734    0.169934
 1002   4008.00      -35.0716    -85.4646514049    -85.4539556063    0.291048
 1003   4012.00       32.1026    -85.4623705269    -85.4508070246    0.314659
 1004   4016.00      -35.0980    -85.4784554059    -85.4701668322    0.225544
 1005   4020.00       36.6574    -85.4636102198    -85.4583183273    0.144000
 1006   4024.00       35.9822    -85.4664763590    -85.4605510478    0.161236
 1007   4028.00       31.6801    -85.4739271867    -85.4642865243    0.262336
 1008   4032.00      -21.7455    -85.4646161447    -85.4516019058    0.354135
 1009   4036.00       34.6536    -85.4676817624    -85.4547994130    0.350547
 1010   4040.00       38.3611    -85.4746360681    -85.4646947497    0.270517
 1011   4044.00       41.8076    -85.4787442680    -85.4706421770    0.220469
 1012   4048.00       42.9742    -85.4650927456    -85.4560047342    0.247297
 1013   4052.00       42.4929    -85.4637305469    -85.4526888268    0.300461
 1014   4056.00      -41.5055    -85.4608957189    -85.4494281595    0.312048
 1015   4060.00      -45.6522    -85.4566032501    -85.4452350282    0.309345
 1016   4064.00       36.9381    -85.4728663143    -85.4624700189    0.282898
 1017   4068.00      -38.6516    -85.4796972331    -85.4702064587    0.258257
 1018   4072.00       37.0599    -85.4740268186    -85.4639206410    0.275003
 1019   4076.00       36.7925    -85.4616837437    -85.4514334664    0.278924
 1020   4080.00       38.8878    -85.4657412936    -85.4552426018    0.285684
 1021   4084.00      -44.0367    -85.4866225412    -85.4764899996    0.275721
 1022   4088.00      -44.9638    -85.4802222806    -85.4712926735    0.242987
 1023   4092.00      -49.2860    -85.4804580864    -85.4701654207    0.280078
 1024   4096.00       46.3003    -85.4745041015    -85.4625024015    0.326583
 1025   4100.00       48.7711    -85.4767473804    -85.4631916299    0.368871
 1026   4104.00      -56.1144    -85.4832858049    -85.4697213275    0.369108
 1027   4108.00      -58.1385    -85.4750819151    -85.4634677000    0.316039
 1028   4112.00       60.6995    -85.4705396518    -85.4607113148    0.267443
 1029   4116.00      -63.8205    -85.4670480034    -85.4574250328    0.261854
 1030   4120.00      -66.1428    -85.4613528636    -85.4492942765    0.328131
 1031   4124.00       70.5578    -85.4731591978    -85.4586273617    0.395431
 1032   4128.00      -67.0810    -85.4790713193    -85.4650608101    0.381245
 1033   4132.00      -67.9257    -85.4695669014    -85.4575807745    0.326159
 1034   4136.00      -64.7198    -85.4761883968    -85.4647702762    0.310703
 1035   4140.00      -57.3924    -85.4693984054    -85.4559731538    0.365320
 1036   4144.00      -61.1257    -85.4658301167    -85.4497497220    0.437570
 1037   4148.00      -68.7115    -85.4771777255    -85.4606480105    0.449796
 1038   4152.00      -72.5213    -85.4760840571    -85.4622457909    0.376558
 1039   4156.00       75.4576    -85.4624340816    -85.4514079186    0.300037
 1040   4160.00      -75.8623    -85.4626770268    -85.4524928481    0.277126
 1041   4164.00       76.6095    -85.4644428532    -85.4521493308    0.334524
 1042   4168.00       75.7797    -85.4618572817    -85.4462200847    0.425510
 1043   4172.00       75.2828    -85.4749139561    -85.4581871547    0.455159
 1044   4176.00       80.9427    -85.4759509653    -85.4610262234    0.406123
 1045   4180.00      -85.4404    -85.4722090916    -85.4586672632    0.368492
 1046   4184.00       80.9974    -85.4692427843    -85.4557604231    0.366874
 1047   4188.00       84.8752    -85.4554349439    -85.4411032552    0.389985
 1048   4192.00      -84.6419    -85.4632226040    -85.4496807908    0.368492
 1049   4196.00      -86.1677    -85.4739866455    -85.4623576068    0.316442
 1050   4200.00      -91.1998    -85.4656676009    -85.4553257286    0.281417
 1051   4204.00       90.9138    -85.4619568655    -85.4511465106    0.294165
 1052   4208.00      -81.2020    -85.4695846057    -85.4554488138    0.384654
 1053   4212.00       71.9377    -85.4850232217    -85.4684002337    0.452335
 1054   4216.00       67.7220    -85.4716670919    -85.4556510133    0.435820
 1055   4220.00      -71.8728    -85.4676213394    -85.4546641873    0.352582
 1056   4224.00       81.3146    -85.4864826750    -85.4757891195    0.290986
 1057   4228.00      -80.5626    -85.4744261650    -85.4623108294    0.329675
 1058   4232.00       77.6082    -85.4648459937    -85.4498636708    0.407690
 1059   4236.00       76.3757    -85.4764891004    -85.4613189915    0.412800
 1060   4240.00      -71.2498    -85.4796005014    -85.4667473924    0.349751
 1061   4244.00       72.5763    -85.4799672202    -85.4691548146    0.294221
 1062   4248.00      -70.6422    -85.4714839458    -85.4601209756    0.309202
 1063   4252.00       70.1768    -85.4599878278    -85.4452685418    0.400532
 1064   4256.00      -70.8859    -85.4705642952    -85.4535914078    0.461856
 1065   4260.00       75.7367    -85.4840928487    -85.4689880517    0.411022
 1066   4264.00      -78.4602    -85.4817300364    -85.4709175691    0.294222
 1067   4268.00      -77.8014    -85.4745203458    -85.4663539272    0.222220
 1068   4272.00      -77.4167    -85.4690347005    -85.4598669274    0.249468
 1069   4276.00      -73.9241    -85.4711136106    -85.4585715010    0.341288
 1070   4280.00       67.5149    -85.4833430483    -85.4693531815    0.380684
 1071   4284.00       65.0235    -85.4862657380    -85.4734375026    0.349074
 1072   4288.00      -66.8681    -85.4758715673    -85.4646187125    0.306206
 1073   4292.00      -69.1207    -85.4750756013    -85.4640161614    0.300943
 1074   4296.00      -66.6919    -85.4692281005    -85.4557149731    0.367711
 1075   4300.00      -64.6231    -85.4733510735    -85.4590126310    0.390169
 1076   4304.00      -66.8052    -85.4815396763    -85.4694391819    0.329271
 1077   4308.00      -63.0783    -85.4826216102    -85.4740450858    0.233379
 1078   4312.00      -65.8754    -85.4755289173    -85.4695198855    0.163514
 1079   4316.00       63.6942    -85.4718483356    -85.4657244641    0.166639
 1080   4320.00      -65.8604    -85.4849838556    -85.4759898364    0.244740
 1081   4324.00      -68.8457    -85.4711911729    -85.4614313496    0.265578
 1082   4328.00       78.4247    -85.4587554776    -85.4503821309    0.227850
 1083   4332.00       87.8027    -85.4721443639    -85.4652025337    0.188897
 1084   4336.00      -87.9567    -85.4730856352    -85.4664448178    0.180706
 1085   4340.00      -89.8570    -85.4631536492    -85.4552398087    0.215347
 1086   4344.00       84.3756    -85.4592624054    -85.4493114142    0.270780
 1087   4348.00       76.4410    -85.4643467127    -85.4533307838    0.299759
 1088   4352.00      -69.0765    -85.4647597556    -85.4562449129    0.231701
 1089   4356.00      -64.1768    -85.4713803329    -85.4655727320    0.158033
 1090   4360.00      -60.7620    -85.4770058906    -85.4718431051    0.140487
 1091   4364.00       56.3783    -85.4721400203    -85.4654145219    0.183010
 1092   4368.00      -54.8620    -85.4646936767    -85.4552109640    0.258038
 1093   4372.00      -56.6928    -85.4592132629    -85.4489361594    0.279654
 1094   4376.00      -55.8949    -85.4645709872    -85.4564314111    0.221489
 1095   4380.00       54.6230    -85.4680224113    -85.4626479355    0.146247
 1096   4384.00       54.0996    -85.4694928940    -85.4643629854    0.139592
 1097   4388.00       53.6485    -85.4649066959    -85.4575419215    0.200406
 1098   4392.00      -55.9327    -85.4605894691    -85.4506666555    0.270014
 1099   4396.00      -64.2779    -85.4686469825    -85.4582523974    0.282851
 1100   4400.00      -66.7732    -85.4722111930    -85.4639847290    0.223853
 1101   4404.00      -72.5979    -85.4650379016    -85.4582028220    0.185992
 1102   4408.00      -69.4400    -85.4614266672    -85.4543424965    0.192770
 1103   4412.00       59.2411    -85.4715963311    -85.4623894848    0.250531
 1104   4416.00       55.5308    -85.4763115516    -85.4646143127    0.318298
 1105   4420.00       51.7786    -85.4825918700    -85.4717397590    0.295301
 1106   4424.00       47.9646    -85.4759710427    -85.4666570790    0.253446
 1107   4428.00       42.0367    -85.4590517758    -85.4497287492    0.253692
 1108   4432.00       33.8333    -85.4649418896    -85.4548949609    0.273391
 1109   4436.00      -27.9230    -85.4716479591    -85.4624501358    0.250286
 1110   4440.00      -39.1176    -85.4713252113    -85.4646715506    0.181055
 1111   4444.00      -37.4312    -85.4741743350    -85.4701330475    0.109969
 1112   4448.00      -44.3459    -85.4688907362    -85.4644378684    0.121169
 1113   4452.00       45.7962    -85.4775913351    -85.4697356821    0.213763
 1114   4456.00      -42.6590    -85.4835926611    -85.4717497640    0.322262
 1115   4460.00      -45.9304    -85.4677776588    -85.4553962668    0.336915
 1116   4464.00      -54.8137    -85.4802409486    -85.4706724712    0.260372
 1117   4468.00       55.6459    -85.4690472806    -85.4620745731    0.189737
 1118   4472.00      -55.4974    -85.4554168621    -85.4484982390    0.188265
 1119   4476.00      -53.1312    -85.4687081915    -85.4607045318    0.217791
 1120   4480.00      -48.1569    -85.4752403083    -85.4663367653    0.242278
 1121   4484.00      -49.8679    -85.4668011207    -85.4581784803    0.234634
 1122   4488.00       52.1407    -85.4616506302    -85.4535503173    0.220421
 1123   4492.00       54.5185    -85.4793542516    -85.4703834101    0.244109
 1124   4496.00      -50.7496    -85.4826877485    -85.4729067528    0.266154
 1125   4500.00      -47.9999    -85.4682024683    -85.4583957730    0.266854
 1126   4504.00       41.0745    -85.4625582849    -85.4546175843    0.216077
 1127   4508.00       34.8704    -85.4709635766    -85.4658418572    0.139369
 1128   4512.00      -36.5751    -85.4654853632    -85.4602042665    0.143706
 1129   4516.00       39.2181    -85.4561768925    -85.4491131496    0.192214
 1130   4520.00       40.0520    -85.4610393043    -85.4525316916    0.231504
 1131   4524.00      -45.0966    -85.4672186915    -85.4588943590    0.226517
 1132   4528.00      -51.1919    -85.4692680501    -85.4626091650    0.181197
 1133   4532.00       53.3132    -85.4627845034    -85.4561470015    0.180616
 1134   4536.00      -54.9319    -85.4590524516    -85.4504814978    0.233228
 1135   4540.00       52.0049    -85.4709875165    -85.4608046263    0.277091
 1136   4544.00       47.7968    -85.4738636563    -85.4633402860    0.286355
 1137   4548.00      -51.7125    -85.4642052590    -85.4554725956    0.237628
 1138   4552.00      -41.9341    -85.4702058965    -85.4637921962    0.174526
 1139   4556.00      -50.5855    -85.4724547087    -85.4655648806    0.187482
 1140   4560.00       48.2254    -85.4656643646    -85.4581506897    0.204458
 1141   4564.00      -52.2101    -85.4606477337    -85.4523094068    0.226897
 1142   4568.00       47.9673    -85.4627168739    -85.4541513713    0.233079
 1143   4572.00       47.8846    -85.4710624079    -85.4631834644    0.214397
 1144   4576.00      -48.6129    -85.4765581892    -85.4696115010    0.189029
 1145   4580.00       47.7450    -85.4674779252    -85.4623162029    0.140458
 1146   4584.00      -41.2587    -85.4582854267    -85.4547220755    0.096964
 1147   4588.00      -40.0799    -85.4616333388    -85.4577133299    0.106669
 1148   4592.00       40.9043    -85.4587078369    -85.4522612412    0.175421
 1149   4596.00      -33.5377    -85.4554969709    -85.4466717321    0.240147
 1150   4600.00       35.6614    -85.4618980982    -85.4515734295    0.280949
 1151   4604.00      -42.7322    -85.4596562358    -85.4510859604    0.233209
 1152   4608.00       41.1825    -85.4572762591    -85.4500049837    0.197861
 1153   4612.00      -41.2949    -85.4589901434    -85.4509478298    0.218843
 1154   4616.00      -44.8889    -85.4546395881    -85.4448216980    0.267158
 1155   4620.00       53.8809    -85.4690178386    -85.4584272050    0.288186
 1156   4624.00      -55.0771    -85.4803931744    -85.4714272280    0.243976
 1157   4628.00      -56.3956    -85.4656179023    -85.4583927168    0.196607
 1158   4632.00       60.0579    -85.4671426129    -85.4598401539    0.198710
 1159   4636.00      -60.2477    -85.4898826204    -85.4809151720    0.244017
 1160   4640.00       53.4781    -85.4775799197    -85.4670383251    0.286851
 1161   4644.00       60.8133    -85.4480962269    -85.4377962414    0.280277
 1162   4648.00       65.9168    -85.4500795334    -85.4413304575    0.238074
 1163   4652.00       67.1593    -85.4665197612    -85.4582859534    0.224053
 1164   4656.00       73.6423    -85.4648885296    -85.4551467817    0.265086
 1165   4660.00       75.8917    -85.4602876437    -85.4489094263    0.309617
 1166   4664.00      -72.9013    -85.4679793866    -85.4571387626    0.294988
 1167   4668.00       78.9450    -85.4680696220    -85.4579058223    0.276571
 1168   4672.00      -82.6779    -85.4544117341    -85.4441593859    0.278981
 1169   4676.00       82.0438    -85.4587535906    -85.4474342336    0.308015
 1170   4680.00      -77.3972    -85.4719680734    -85.4586055649    0.363612
 1171   4684.00       78.5123    -85.4764504821    -85.4620305761    0.392386
 1172   4688.00       83.0692    -85.4661299537    -85.4529349636    0.359054
 1173   4692.00      -93.0545    -85.4605106574    -85.4483846328    0.329966
 1174   4696.00       94.2260    -85.4582106118    -85.4460921371    0.329760
 1175   4700.00       87.4415    -85.4623301672    -85.4493868689    0.352205
 1176   4704.00      -82.2070    -85.4629350432    -85.4498755676    0.355366
 1177   4708.00       82.9470    -85.4696701757    -85.4581148149    0.314437
 1178   4712.00      -92.6647    -85.4687332599    -85.4590043610    0.264737
 1179   4716.00      -93.3273    -85.4579508520    -85.4488685395    0.247142
 1180   4720.00       89.5585    -85.4638738230    -85.4533419306    0.286587
 1181   4724.00       87.3030    -85.4724473522    -85.4589970747    0.366001
 1182   4728.00      -82.8424    -85.4606891814    -85.4458494102    0.403811
 1183   4732.00       82.7802    -85.4632843649    -85.4487792470    0.394704
 1184   4736.00       80.5668    -85.4597865139    -85.4457612699    0.381646
 1185   4740.00      -74.5104    -85.4596726048    -85.4469249616    0.346881
 1186   4744.00      -73.5250    -85.4727841566    -85.4617700356    0.299709
 1187   4748.00       71.7040    -85.4640925808    -85.4548358222    0.251889
 1188   4752.00      -73.8249    -85.4634926820    -85.4553863729    0.220584
 1189   4756.00      -75.7156    -85.4797621781    -85.4707339419    0.245671
 1190   4760.00       70.2200    -85.4674716546    -85.4562923795    0.304204
 1191   4764.00      -70.0708    -85.4690416463    -85.4568957709    0.330506
 1192   4768.00       71.7823    -85.4758065935    -85.4648718492    0.297550
 1193   4772.00       65.6161    -85.4696557628    -85.4616444958    0.217998
 1194   4776.00       64.5411    -85.4707832874    -85.4639409649    0.186189
 1195   4780.00      -59.6350    -85.4657378420    -85.4579812251    0.211068
 1196   4784.00      -56.3797    -85.4643644074    -85.4548158466    0.259830
 1197   4788.00       57.9949    -85.4575011136    -85.4464736984    0.300071
 1198   4792.00       50.5343    -85.4554332563    -85.4442006337    0.305655
 1199   4796.00       47.5396    -85.4763452230    -85.4658643399    0.285199
 1200   4800.00       53.3505    -85.4776073992    -85.4674269109    0.277025
 1201   4804.00      -51.7766    -85.4766441289    -85.4675788735    0.246678
 1202   4808.00       56.8810    -85.4816107853    -85.4734814032    0.221212
 1203   4812.00       61.1957    -85.4695632019    -85.4613087708    0.224615
 1204   4816.00      -56.5591    -85.4623664361    -85.4525494427    0.267134
 1205   4820.00      -52.1897    -85.4775294341    -85.4673242790    0.277696
 1206   4824.00       51.8680    -85.4774534405    -85.4687570209    0.236642
 1207   4828.00      -56.6081    -85.4468978239    -85.4398813909    0.190927
 1208   4832.00      -61.1330    -85.4481201201    -85.4425061285    0.152764
 1209   4836.00      -65.9321    -85.4647368234    -85.4587678426    0.162424
 1210   4840.00      -68.2460    -85.4703608283    -85.4613920599    0.244053
 1211   4844.00      -69.4799    -85.4690118698    -85.4573602252    0.317057
 1212   4848.00       67.9883    -85.4623037843    -85.4514506968    0.295328
 1213   4852.00      -67.7977    -85.4743205353    -85.4648339635    0.258143
 1214   4856.00       69.5723    -85.4696692554    -85.4614881478    0.222619
 1215   4860.00       70.1697    -85.4552789549    -85.4480583239    0.196483
 1216   4864.00       72.8679    -85.4678555848    -85.4600501405    0.212397
 1217   4868.00      -69.9109    -85.4615912787    -85.4534536793    0.221435
 1218   4872.00       69.9653    -85.4554344305    -85.4466873470    0.238020
 1219   4876.00      -70.6107    -85.4701191800    -85.4592533632    0.295674
 1220   4880.00       73.2097    -85.4734672863    -85.4606336315    0.349222
 1221   4884.00      -81.4834    -85.4733650590    -85.4598914375    0.366636
 1222   4888.00      -84.1391    -85.4625881729    -85.4516624882    0.297303
 1223   4892.00      -85.1654    -85.4543857511    -85.4469075688    0.203492
 1224   4896.00      -86.0721    -85.4639544252    -85.4570315311    0.188382
 1225   4900.00       85.6047    -85.4743890741    -85.4659019394    0.230947
 1226   4904.00      -84.9116    -85.4674736393    -85.4568383316    0.289401
 1227   4908.00      -82.6338    -85.4555547961    -85.4442055844    0.308828
 1228   4912.00       81.8049    -85.4649318772    -85.4549323213    0.272102
 1229   4916.00      -82.5627    -85.4653707466    -85.4554881583    0.268919
 1230   4920.00      -85.2272    -85.4623027296    -85.4506186537    0.317940
 1231   4924.00       86.4173    -85.4541375177    -85.4414266720    0.345880
 1232   4928.00       88.2639    -85.4537729514    -85.4413899746    0.336958
 1233   4932.00       88.4592    -85.4719543112    -85.4602552787    0.318347
 1234   4936.00      -86.5869    -85.4623982744    -85.4520368658    0.281948
 1235   4940.00       88.9202    -85.4656590835    -85.4549942510    0.290205
 1236   4944.00       88.6603    -85.4756673292    -85.4651509910    0.286164
 1237   4948.00      -87.0391    -85.4656307650    -85.4571070968    0.231941
 1238   4952.00      -89.2087    -85.4631623616    -85.4556255027    0.205088
 1239   4956.00      -92.0767    -85.4740671679    -85.4652892526    0.238859
 1240   4960.00       91.5652    -85.4665375058    -85.4541932379    0.335905
 1241   4964.00       87.7779    -85.4580983453    -85.4434952434    0.397371
 1242   4968.00      -85.9991    -85.4497972593    -85.4368090261    0.353428
 1243   4972.00      -88.9750    -85.4548137377    -85.4453149617    0.258475
 1244   4976.00       99.5021    -85.4684660024    -85.4599891546    0.230667
 1245   4980.00      102.0859    -85.4703755611    -85.4612774757    0.247572
 1246   4984.00       93.7429    -85.4678279424    -85.4578284682    0.272100
 1247   4988.00      -84.3272    -85.4538472682    -85.4441006088    0.265220
 1248   4992.00       84.4444    -85.4650302388    -85.4557356521    0.252919
 1249   4996.00      -81.7389    -85.4770059458    -85.4673259940    0.263405
 1250   5000.00       77.6422    -85.4633873548    -85.4518985282    0.312627
 1251   5004.00       70.3041    -85.4537038261    -85.4401271321    0.369441
 1252   5008.00       62.2454    -85.4547016166    -85.4416095279    0.356254
 1253   5012.00       59.1701    -85.4579025451    -85.4476850372    0.278033
 1254   5016.00      -62.1750    -85.4678012142    -85.4599672796    0.213172
 1255   5020.00       61.4035    -85.4709299605    -85.4644257471    0.176989
 1256   5024.00       62.3555    -85.4695616467    -85.4631607943    0.174176
 1257   5028.00       52.4493    -85.4650904093    -85.4588879493    0.168778
 1258   5032.00      -53.9980    -85.4678753498    -85.4619589902    0.160992
 1259   5036.00      -58.6354    -85.4695100396    -85.4627938785    0.182756
 1260   5040.00       52.3565    -85.4740767547    -85.4656611427    0.229000
 1261   5044.00      -51.8669    -85.4774351248    -85.4682486326    0.249977
 1262   5048.00      -47.2300    -85.4699480466    -85.4612332888    0.237141
 1263   5052.00       35.7176    -85.4708068460    -85.4630044664    0.212314
 1264   5056.00      -35.5963    -85.4695920512    -85.4621204427    0.203313
 1265   5060.00      -36.5876    -85.4674332628    -85.4594568012    0.217051
 1266   5064.00       35.0419    -85.4625874643    -85.4550832979    0.204199
 1267   5068.00       30.9840    -85.4582884338    -85.4519961123    0.171223
 1268   5072.00      -32.5154    -85.4630767070    -85.4578911536    0.141106
 1269   5076.00      -30.2990    -85.4675649926    -85.4625798310    0.135653
 1270   5080.00      -33.7776    -85.4650609725    -85.4587673544    0.171258
 1271   5084.00       29.9192    -85.4629954788    -85.4567298560    0.170496
 1272   5088.00       29.4995    -85.4680100572    -85.4629982160    0.136379
 1273   5092.00       25.9582    -85.4708174038    -85.4660384490    0.130042
 1274   5096.00      -25.7810    -85.4670859229    -85.4611329562    0.161988
 1275   5100.00       27.0351    -85.4512797191    -85.4428227852    0.230125
 1276   5104.00       11.4644    -85.4443399621    -85.4349997128    0.254161
 1277   5108.00      -16.8677    -85.4587678891    -85.4524816133    0.171058
 1278   5112.00       18.7677    -85.4603468713    -85.4574524451    0.078761
 1279   5116.00      -26.7865    -85.4637925504    -85.4605123129    0.089260
 1280   5120.00      -14.1505    -85.4683136364    -85.4623755399    0.161584
 1281   5124.00      -19.2907    -85.4627694325    -85.4516516805    0.302529
 1282   5128.00       23.7292    -85.4679079655    -85.4552507455    0.344420
 1283   5132.00       21.6258    -85.4583372512    -85.4487129805    0.261890
 1284   5136.00      -16.3185    -85.4670316207    -85.4615566460    0.148982
 1285   5140.00       24.9096    -85.4801767626    -85.4774680616    0.073708
 1286   5144.00       21.5418    -85.4524621963    -85.4496487110    0.076559
 1287   5148.00      -22.4542    -85.4586296072    -85.4525897544    0.164353
 1288   5152.00      -11.4830    -85.4759714658    -85.4681553870    0.212686
 1289   5156.00       22.2703    -85.4666294795    -85.4585296882    0.220407
 1290   5160.00       25.8996    -85.4555743519    -85.4483473157    0.196658
 1291   5164.00       19.7441    -85.4666329661    -85.4617663149    0.132428
 1292   5168.00      -23.2517    -85.4710108555    -85.4666667064    0.118210
 1293   5172.00      -33.9470    -85.4556301502    -85.4514365251    0.114114
 1294   5176.00      -28.7075    -85.4640661289    -85.4606003814    0.094308
 1295   5180.00       25.7126    -85.4727133248    -85.4685029271    0.114571
 1296   5184.00       26.0639    -85.4637200182    -85.4571461974    0.178883
 1297   5188.00      -23.7586    -85.4576367195    -85.4478917065    0.265175
 1298   5192.00       34.4405    -85.4579579145    -85.4468036774    0.303522
 1299   5196.00       37.7726    -85.4556558006    -85.4479076576    0.210838
 1300   5200.00      -48.5815    -85.4611097578    -85.4567285692    0.119218
 1301   5204.00       49.9170    -85.4575152088    -85.4538445569    0.099884
 1302   5208.00       48.0353    -85.4573341278    -85.4534928758    0.104526
 1303   5212.00       45.9043    -85.4688035986    -85.4606580566    0.221651
 1304   5216.00       33.8541    -85.4651865351    -85.4551053192    0.274324
 1305   5220.00           nan               nan               nan         nan
 1306   5224.00      -35.8852    -85.4577497474    -85.4526503178    0.138763
 1307   5228.00      -34.4311    -85.4490456401    -85.4453032139    0.101837
 1308   5232.00      -36.0478    -85.4641957960    -85.4578643586    0.172287
 1309   5236.00       36.5570    -85.4670916024    -85.4576259160    0.257574
 1310   5240.00           nan               nan               nan         nan
 1311   5244.00      -51.1146    -85.4622310781    -85.4527719945    0.257395
 1312   5248.00       50.6689    -85.4691886103    -85.4610681775    0.220968
 1313   5252.00      -45.4062    -85.4563997930    -85.4489658418    0.202288
 1314   5256.00      -48.7137    -85.4610095715    -85.4528174067    0.222920
 1315   5260.00       44.3042    -85.4652565361    -85.4585531415    0.182409
 1316   5264.00      -46.8868    -85.4568565469    -85.4508535496    0.163350
 1317   5268.00      -50.5784    -85.4582397537    -85.4509913223    0.197240
 1318   5272.00      -44.9319    -85.4604943653    -85.4517111144    0.239004
 1319   5276.00       50.5622    -85.4682296285    -85.4568002880    0.311008
 1320   5280.00      -49.6717    -85.4676706248    -85.4565945538    0.301395
 1321   5284.00      -48.7450    -85.4425426172    -85.4346905011    0.213667
 1322   5288.00       55.2367    -85.4467078545    -85.4403675556    0.172528
 1323   5292.00       42.7615    -85.4671637750    -85.4614599215    0.155210
 1324   5296.00      -36.7800    -85.4679084367    -85.4584438666    0.257544
 1325   5300.00       29.5916    -85.4550203409    -85.4410358762    0.380537
 1326   5304.00      -21.8253    -85.4610833408    -85.4460797338    0.408269
 1327   5308.00       29.5381    -85.4830139840    -85.4692905898    0.373433
 1328   5312.00      -42.7837    -85.4780350359    -85.4676541764    0.282478
 1329   5316.00      -45.6027    -85.4523305615    -85.4448924216    0.202402
 1330   5320.00       49.8231    -85.4579953495    -85.4499009995    0.220258
 1331   5324.00      -45.7852    -85.4718950778    -85.4628539252    0.246022
 1332   5328.00       43.8513    -85.4557504075    -85.4449219649    0.294657
 1333   5332.00       51.7529    -85.4508827505    -85.4388454781    0.327551
 1334   5336.00      -55.0281    -85.4634423709    -85.4541229192    0.253595
 1335   5340.00       60.6075    -85.4806145836    -85.4732280705    0.200997
 1336   5344.00       57.1858    -85.4701981919    -85.4630729075    0.193889
 1337   5348.00       58.8558    -85.4488977512    -85.4407863286    0.220723
 1338   5352.00       59.3519    -85.4662131394    -85.4551208170    0.301837
 1339   5356.00      -57.7524    -85.4684278549    -85.4566961836    0.319235
 1340   5360.00       56.8475    -85.4583340748    -85.4484745212    0.268292
 1341   5364.00      -60.9772    -85.4617349989    -85.4521377274    0.261155
 1342   5368.00       58.7678    -85.4562870415    -85.4461403452    0.276106
 1343   5372.00       59.4186    -85.4618892829    -85.4496066243    0.334228
 1344   5376.00      -57.2433    -85.4691862356    -85.4564071922    0.347735
 1345   5380.00      -57.2647    -85.4604114198    -85.4497966372    0.288843
 1346   5384.00      -60.4061    -85.4577127573    -85.4477189324    0.271946
 1347   5388.00      -60.5945    -85.4812548137    -85.4695172965    0.319394
 1348   5392.00       60.0482    -85.4811929793    -85.4674815401    0.373107
 1349   5396.00       61.2476    -85.4588872723    -85.4452657072    0.370662
 1350   5400.00      -61.7658    -85.4590324481    -85.4486854656    0.281556
 1351   5404.00       68.6447    -85.4663641544    -85.4584446541    0.215501
 1352   5408.00       74.5338    -85.4712283579    -85.4627448055    0.230849
 1353   5412.00       69.3606    -85.4690494706    -85.4584936948    0.287237
 1354   5416.00       64.4273    -85.4573693875    -85.4433402246    0.381753
 1355   5420.00       59.2751    -85.4618885874    -85.4472106675    0.399407
 1356   5424.00       60.7705    -85.4588308022    -85.4470902342    0.319477
 1357   5428.00      -64.7435    -85.4434630216    -85.4341245987    0.254111
 1358   5432.00       62.8769    -85.4641863471    -85.4545166920    0.263125
 1359   5436.00       52.8395    -85.4752956530    -85.4622238711    0.355701
 1360   5440.00      -48.9060    -85.4611957131    -85.4459396005    0.415140
 1361   5444.00       49.8152    -85.4693683912    -85.4569468566    0.338007
 1362   5448.00       54.1379    -85.4751741449    -85.4648098008    0.282028
 1363   5452.00       57.3943    -85.4708588310    -85.4608940284    0.271156
 1364   5456.00      -51.7790    -85.4711240581    -85.4606355835    0.285406
 1365   5460.00       46.9334    -85.4559745446    -85.4439209581    0.327995
 1366   5464.00      -47.5700    -85.4586293916    -85.4465628780    0.328347
 1367   5468.00       47.2831    -85.4718739376    -85.4604110227    0.311922
 1368   5472.00       45.9602    -85.4723272810    -85.4610792760    0.306074
 1369   5476.00       45.0831    -85.4707087419    -85.4600262690    0.290685
 1370   5480.00       43.4398    -85.4777088370    -85.4667196148    0.299032
 1371   5484.00       48.8230    -85.4661087475    -85.4555083773    0.288451
 1372   5488.00      -46.8295    -85.4552926603    -85.4464753725    0.239931
 1373   5492.00      -48.3069    -85.4653971105    -85.4570233899    0.227861
 1374   5496.00      -43.4609    -85.4696894551    -85.4611392584    0.232663
 1375   5500.00      -41.6746    -85.4747856924    -85.4650609215    0.264624
 1376   5504.00       43.7821    -85.4687414355    -85.4572717259    0.312107
 1377   5508.00       43.9511    -85.4626899105    -85.4511372524    0.314364
 1378   5512.00       40.0728    -85.4677807538    -85.4563434995    0.311224
 1379   5516.00      -40.7856    -85.4679727395    -85.4569004197    0.301293
 1380   5520.00      -41.7494    -85.4690764488    -85.4601792885    0.242104
 1381   5524.00       46.9454    -85.4606776740    -85.4521313854    0.232556
 1382   5528.00      -49.4005    -85.4655637767    -85.4561637491    0.255788
 1383   5532.00      -51.7365    -85.4795038211    -85.4703379379    0.249416
 1384   5536.00       49.1504    -85.4686850424    -85.4601058599    0.233451
 1385   5540.00      -50.9008    -85.4557213338    -85.4480425794    0.208950
 1386   5544.00      -51.4232    -85.4654198395    -85.4575249236    0.214832
 1387   5548.00      -50.6808    -85.4715527664    -85.4614432283    0.275095
 1388   5552.00      -48.7611    -85.4747113657    -85.4623953410    0.335136
 1389   5556.00       48.3572    -85.4648048555    -85.4526448584    0.330890
 1390   5560.00      -50.9723    -85.4662189703    -85.4567907901    0.256554
 1391   5564.00      -54.2097    -85.4758294492    -85.4692463660    0.179135
 1392   5568.00       61.7412    -85.4663784967    -85.4594244826    0.189228
 1393   5572.00      -55.0516    -85.4629118853    -85.4540114216    0.242194
 1394   5576.00      -46.5851    -85.4728338610    -85.4611138433    0.318918
 1395   5580.00      -50.9141    -85.4837539964    -85.4714661374    0.334370
 1396   5584.00       48.3582    -85.4753101407    -85.4660528041    0.251905
 1397   5588.00       51.4473    -85.4688126073    -85.4609322756    0.214435
 1398   5592.00       44.6185    -85.4677427057    -85.4587302894    0.245240
 1399   5596.00       32.9073    -85.4673759649    -85.4558502760    0.313630
 1400   5600.00      -37.1821    -85.4707064007    -85.4584247066    0.334202
 1401   5604.00       39.5467    -85.4545933095    -85.4447447357    0.267993
 1402   5608.00       43.6874    -85.4669070391    -85.4585825041    0.226522
 1403   5612.00       42.1576    -85.4828615102    -85.4735410358    0.253623
 1404   5616.00       38.8922    -85.4721130499    -85.4602374038    0.323153
 1405   5620.00      -32.8697    -85.4566045020    -85.4439118422    0.345385
 1406   5624.00       41.1956    -85.4631403080    -85.4522018127    0.297652
 1407   5628.00       38.0672    -85.4794117381    -85.4715197187    0.214753
 1408   5632.00       47.5421    -85.4757039935    -85.4681483060    0.205601
 1409   5636.00      -48.4024    -85.4641786147    -85.4535929689    0.288050
 1410   5640.00      -45.6223    -85.4664219126    -85.4524661324    0.379756
 1411   5644.00      -48.5975    -85.4783396278    -85.4638989552    0.392951
 1412   5648.00       51.0530    -85.4794173713    -85.4681375664    0.306939
 1413   5652.00      -47.7376    -85.4736676429    -85.4662101583    0.202928
 1414   5656.00      -51.0771    -85.4818498430    -85.4746822613    0.195040
 1415   5660.00      -43.7493    -85.4821089930    -85.4719764476    0.275721
 1416   5664.00       36.9753    -85.4689832731    -85.4566883554    0.334562
 1417   5668.00      -43.5453    -85.4567604965    -85.4445908064    0.331154
 1418   5672.00       50.2649    -85.4631047519    -85.4535077526    0.261148
 1419   5676.00      -52.2590    -85.4884309902    -85.4809498843    0.203571
 1420   5680.00      -52.4219    -85.4735148486    -85.4657656922    0.210865
 1421   5684.00      -54.1058    -85.4524603918    -85.4424838715    0.271475
 1422   5688.00      -55.5093    -85.4630685709    -85.4515850569    0.312482
 1423   5692.00      -57.6631    -85.4731834646    -85.4619519780    0.305624
 1424   5696.00      -60.9256    -85.4735963296    -85.4630486118    0.287018
 1425   5700.00      -67.7519    -85.4620135974    -85.4524514279    0.260200
 1426   5704.00      -67.5020    -85.4546360450    -85.4458789238    0.238293
 1427   5708.00      -64.8403    -85.4755330557    -85.4670118621    0.231873
 1428   5712.00      -71.7647    -85.4824165358    -85.4732958582    0.248186
 1429   5716.00       73.6392    -85.4626749469    -85.4538447126    0.240283
 1430   5720.00      -81.5405    -85.4678544591    -85.4581084904    0.265201
 1431   5724.00       81.9103    -85.4715586971    -85.4610059243    0.287156
 1432   5728.00       76.0952    -85.4747145833    -85.4639666919    0.292465
 1433   5732.00      -77.1771    -85.4724529699    -85.4609085751    0.314139
 1434   5736.00       82.5104    -85.4603888336    -85.4500656464    0.280908
 1435   5740.00      -92.6552    -85.4723602066    -85.4633737044    0.244535
 1436   5744.00       97.6931    -85.4732758066    -85.4648642721    0.228890
 1437   5748.00       96.2636    -85.4661789956    -85.4578277341    0.227249
 1438   5752.00      -88.0281    -85.4700292407    -85.4600677377    0.271066
 1439   5756.00      -82.9931    -85.4758557916    -85.4649468496    0.296847
 1440   5760.00      -80.3779    -85.4659751472    -85.4567908891    0.249916
 1441   5764.00      -79.8912    -85.4674437031    -85.4598805754    0.205803
 1442   5768.00      -76.4906    -85.4694577189    -85.4630238366    0.175075
 1443   5772.00      -70.4348    -85.4620701233    -85.4554062840    0.181332
 1444   5776.00       64.3886    -85.4670472924    -85.4579954798    0.246312
 1445   5780.00       57.4823    -85.4664730075    -85.4570362842    0.256786
 1446   5784.00       53.5579    -85.4750879099    -85.4676638117    0.202020
 1447   5788.00       54.4958    -85.4770328521    -85.4701263914    0.187934
 1448   5792.00       54.2268    -85.4726327345    -85.4657585044    0.187057
 1449   5796.00      -52.0929    -85.4796797446    -85.4722489447    0.202202
 1450   5800.00      -49.3928    -85.4673547807    -85.4590642999    0.225595
 1451   5804.00       44.7354    -85.4664709984    -85.4590770057    0.201201
 1452   5808.00       45.3149    -85.4718738921    -85.4655948582    0.170861
 1453   5812.00      -46.6725    -85.4557503310    -85.4496166941    0.166905
 1454   5816.00      -42.5544    -85.4610976072    -85.4544615976    0.180575
 1455   5820.00      -38.2182    -85.4677510445    -85.4599547649    0.212148
 1456   5824.00       37.1464    -85.4754890298    -85.4681538453    0.199601
 1457   5828.00      -25.9940    -85.4680685492    -85.4616172263    0.175549
 1458   5832.00       33.5287    -85.4619642268    -85.4549144772    0.191833
 1459   5836.00      -25.9544    -85.4728897440    -85.4635493895    0.254164
 1460   5840.00      -26.4043    -85.4736953912    -85.4619376451    0.319945
 1461   5844.00      -32.7051    -85.4740325492    -85.4626531167    0.309650
 1462   5848.00      -23.1070    -85.4625525885    -85.4534998365    0.246338
 1463   5852.00      -26.7232    -85.4787191512    -85.4709826852    0.210520
 1464   5856.00      -29.7671    -85.4817535835    -85.4746289443    0.193871
 1465   5860.00       24.7111    -85.4680510310    -85.4591659537    0.241775
 1466   5864.00       23.2743    -85.4698983825    -85.4591644502    0.292085
 1467   5868.00       35.3499    -85.4626369271    -85.4512708630    0.309286
 1468   5872.00      -33.2572    -85.4759552386    -85.4653364945    0.288951
 1469   5876.00       24.7234    -85.4736348245    -85.4653672337    0.224973
 1470   5880.00      -25.8019    -85.4626033852    -85.4559094716    0.182151
 1471   5884.00      -22.6470    -85.4686284856    -85.4608952210    0.210433
 1472   5888.00       31.8974    -85.4620644676    -85.4531579831    0.242358
 1473   5892.00       14.6258    -85.4738943364    -85.4648811359    0.245262
 1474   5896.00      -16.3939    -85.4826873646    -85.4726480793    0.273183
 1475   5900.00       13.3644    -85.4663349749    -85.4573394114    0.244782
 1476   5904.00       28.8742    -85.4615335274    -85.4523904774    0.248795
 1477   5908.00       33.6710    -85.4749136157    -85.4645230154    0.282743
 1478   5912.00      -29.3706    -85.4642627300    -85.4549352046    0.253815
 1479   5916.00      -27.3491    -85.4473236830    -85.4393446737    0.217120
 1480   5920.00       33.5641    -85.4664800549    -85.4605706258    0.160804
 1481   5924.00      -32.9043    -85.4725787589    -85.4674917400    0.138425
 1482   5928.00       40.8654    -85.4660525695    -85.4592253217    0.185779
 1483   5932.00      -33.6319    -85.4634561064    -85.4554820866    0.216984
 1484   5936.00       26.2533    -85.4504430109    -85.4412795379    0.249351
 1485   5940.00       28.5966    -85.4712297316    -85.4634679153    0.211210
 1486   5944.00      -48.5980    -85.4676574230    -85.4621304973    0.150395
 1487   5948.00       55.4944    -85.4559921278    -85.4505655909    0.147664
 1488   5952.00       55.8668    -85.4637608758    -85.4568211042    0.188841
 1489   5956.00       45.3667    -85.4560494121    -85.4465671509    0.258025
 1490   5960.00      -45.4073    -85.4559384558    -85.4445122693    0.310922
 1491   5964.00       55.6227    -85.4754524528    -85.4654506124    0.272164
 1492   5968.00       59.2117    -85.4749632537    -85.4672954335    0.208652
 1493   5972.00       54.1716    -85.4735677429    -85.4663489896    0.196432
 1494   5976.00      -44.1848    -85.4718354937    -85.4629767809    0.241058
 1495   5980.00       50.4561    -85.4727142821    -85.4617872852    0.297339
 1496   5984.00      -64.5195    -85.4611634903    -85.4494328335    0.319207
 1497   5988.00       71.4043    -85.4587451583    -85.4498015066    0.243369
 1498   5992.00       68.4801    -85.4615544528    -85.4544466852    0.193412
 1499   5996.00      -69.1745    -85.4585159852    -85.4511944926    0.199228
 1500   6000.00      -79.3822    -85.4513336840    -85.4422295771    0.247735
 1501   6004.00       94.8946    -85.4586311243    -85.4475105684    0.302606
 1502   6008.00       97.1756    -85.4748597971    -85.4638533504    0.299501
 1503   6012.00      -88.9836    -85.4653111129    -85.4554251754    0.269010
 1504   6016.00      -83.2716    -85.4546785677    -85.4448904445    0.266348
 1505   6020.00       85.8938    -85.4599835773    -85.4485179903    0.311995
 1506   6024.00       88.8236    -85.4561820939    -85.4423192331    0.377228
 1507   6028.00       89.2146    -85.4657763831    -85.4520025614    0.374805
 1508   6032.00       84.7757    -85.4743657657    -85.4624853652    0.323282
 1509   6036.00      -89.9747    -85.4765142776    -85.4657176212    0.293792
 1510   6040.00       96.5055    -85.4775923976    -85.4672939542    0.280235
 1511   6044.00      -96.7906    -85.4602570796    -85.4489983504    0.306366
 1512   6048.00      -90.7180    -85.4688619275    -85.4564706914    0.337183
 1513   6052.00      -78.1059    -85.4793914301    -85.4671088615    0.334226
 1514   6056.00       81.1080    -85.4700998512    -85.4583487742    0.319763
 1515   6060.00       87.8320    -85.4596705177    -85.4486667770    0.299427
 1516   6064.00       90.4756    -85.4511959792    -85.4411655328    0.272942
 1517   6068.00       89.4078    -85.4738955810    -85.4636992244    0.277457
 1518   6072.00       83.4299    -85.4767036664    -85.4655825704    0.302620
 1519   6076.00       84.3252    -85.4682177314    -85.4558411346    0.336784
 1520   6080.00      -90.0673    -85.4701239236    -85.4574317972    0.345370
 1521   6084.00       84.5734    -85.4651696991    -85.4535387668    0.316494
 1522   6088.00       80.0043    -85.4584059548    -85.4477673571    0.289491
 1523   6092.00      -70.2307    -85.4592007735    -85.4489552679    0.278794
 1524   6096.00      -64.5558    -85.4707297079    -85.4595775567    0.303465
 1525   6100.00      -65.6695    -85.4686083813    -85.4557015778    0.351212
 1526   6104.00      -59.3906    -85.4614063415    -85.4477249251    0.372290
 1527   6108.00       51.7948    -85.4643841568    -85.4513444726    0.354828
 1528   6112.00       52.0790    -85.4693767622    -85.4579295892    0.311493
 1529   6116.00      -58.5882    -85.4828102898    -85.4731006009    0.264214
 1530   6120.00       65.4067    -85.4628351024    -85.4539327496    0.242245
 1531   6124.00      -63.5492    -85.4609192044    -85.4525148057    0.228695
 1532   6128.00      -61.7371    -85.4659109381    -85.4575957333    0.226268
 1533   6132.00       56.9769    -85.4473879877    -85.4385512290    0.240460
 1534   6136.00       52.4781    -85.4727614882    -85.4624485290    0.280630
 1535   6140.00       52.2357    -85.4810174395    -85.4689777744    0.327616
 1536   6144.00       48.3570    -85.4684825138    -85.4558557601    0.343591
 1537   6148.00      -40.1062    -85.4777765002    -85.4664545987    0.308085
 1538   6152.00      -37.8746    -85.4665856829    -85.4568355327    0.265315
 1539   6156.00       46.2416    -85.4616740040    -85.4521194913    0.259992
 1540   6160.00       45.2473    -85.4689537701    -85.4595518525    0.255839
 1541   6164.00      -44.0291    -85.4688032454    -85.4597970103    0.245072
 1542   6168.00       47.4774    -85.4678566948    -85.4601553565    0.209564
 1543   6172.00      -41.5297    -85.4745443648    -85.4680255628    0.177386
 1544   6176.00       32.4456    -85.4769761832    -85.4703878598    0.179277
 1545   6180.00       45.6499    -85.4619510553    -85.4538905120    0.219339
 1546   6184.00       41.8048    -85.4614090865    -85.4524523365    0.243726
 1547   6188.00      -35.5218    -85.4765768025    -85.4679155835    0.235684
 1548   6192.00       35.3252    -85.4652445044    -85.4572587989    0.217302
 1549   6196.00      -37.4987    -85.4550881042    -85.4462110186    0.241558
 1550   6200.00       39.1829    -85.4597137699    -85.4498726850    0.267790
 1551   6204.00      -40.4436    -85.4570799130    -85.4465947832    0.285315
 1552   6208.00      -42.4619    -85.4603086013    -85.4509117149    0.255702
 1553   6212.00      -38.4017    -85.4678696992    -85.4598658077    0.217797
 1554   6216.00       40.3483    -85.4713777563    -85.4628023453    0.233349
 1555   6220.00       35.1682    -85.4675450689    -85.4568101686    0.292112
 1556   6224.00      -37.8211    -85.4653345845    -85.4524060509    0.351803
 1557   6228.00       39.8663    -85.4655188809    -85.4518187417    0.372800
 1558   6232.00      -40.9922    -85.4674459575    -85.4558349493    0.315952
 1559   6236.00      -37.0153    -85.4671094929    -85.4590377965    0.219642
 1560   6240.00       47.9083    -85.4655397543    -85.4570399615    0.231291
 1561   6244.00      -39.5278    -85.4738255344    -85.4646700200    0.249134
 1562   6248.00      -41.6291    -85.4795622397    -85.4700551202    0.258702
 1563   6252.00      -43.6163    -85.4802098234    -85.4716431983    0.233110
 1564   6256.00      -48.3382    -85.4775252466    -85.4698358955    0.209238
 1565   6260.00       39.7863    -85.4548245056    -85.4466871093    0.221430
 1566   6264.00      -42.6703    -85.4616836211    -85.4505996115    0.301611
 1567   6268.00      -43.0930    -85.4846867748    -85.4714959831    0.358940
 1568   6272.00       45.4369    -85.4775090029    -85.4637938950    0.373207
 1569   6276.00       48.9809    -85.4639671657    -85.4512983878    0.344735
 1570   6280.00       47.5944    -85.4767652775    -85.4645650306    0.331986
 1571   6284.00       48.1902    -85.4823566506    -85.4696004010    0.347115
 1572   6288.00      -51.1653    -85.4709764610    -85.4579035650    0.355732
 1573   6292.00      -58.3401    -85.4712678686    -85.4599916644    0.306841
 1574   6296.00      -59.0722    -85.4785504054    -85.4698695665    0.236218
 1575   6300.00      -56.7842    -85.4720789793    -85.4634096523    0.235904
 1576   6304.00       57.5576    -85.4743249764    -85.4645343737    0.266416
 1577   6308.00       56.7465    -85.4864512020    -85.4753951276    0.300851
 1578   6312.00      -58.0629    -85.4843999298    -85.4726264709    0.320372
 1579   6316.00      -62.1533    -85.4806138431    -85.4691307881    0.312470
 1580   6320.00       62.5624    -85.4723241092    -85.4601385429    0.331586
 1581   6324.00       64.6545    -85.4577181770    -85.4444883949    0.360001
 1582   6328.00       64.7715    -85.4618829438    -85.4490870288    0.348195
 1583   6332.00      -66.8330    -85.4804870568    -85.4683216547    0.331037
 1584   6336.00      -69.1949    -85.4689112913    -85.4575224995    0.309905
 1585   6340.00       68.0115    -85.4655593836    -85.4547388220    0.294442
 1586   6344.00      -70.6577    -85.4639446439    -85.4515610776    0.336974
 1587   6348.00      -73.9224    -85.4624323982    -85.4477197134    0.400353
 1588   6352.00       70.4064    -85.4755849520    -85.4609157554    0.399169
 1589   6356.00       67.2370    -85.4731033548    -85.4590601086    0.382136
 1590   6360.00       63.0859    -85.4654848631    -85.4523310207    0.357934
 1591   6364.00       63.4935    -85.4710715300    -85.4590895415    0.326047
 1592   6368.00      -66.5834    -85.4690159164    -85.4574404806    0.314984
 1593   6372.00       69.3080    -85.4689839195    -85.4592877850    0.263845
 1594   6376.00      -66.4357    -85.4680614486    -85.4597803516    0.225340
 1595   6380.00       60.0308    -85.4713863764    -85.4632033944    0.222670
 1596   6384.00       56.9175    -85.4670448049    -85.4576979275    0.254341
 1597   6388.00       56.3794    -85.4626944447    -85.4508100979    0.323390
 1598   6392.00      -57.7424    -85.4743108253    -85.4606230041    0.372465
 1599   6396.00       55.7135    -85.4639012090    -85.4504350565    0.366433
 1600   6400.00       53.5032    -85.4527308420    -85.4410412817    0.318089
 1601   6404.00      -57.6211    -85.4696016372    -85.4582738841    0.308244
 1602   6408.00      -56.5879    -85.4776412566    -85.4654324122    0.332220
 1603   6412.00       56.6915    -85.4818307489    -85.4702500026    0.315128
 1604   6416.00       57.6508    -85.4698734209    -85.4594666172    0.283184
 1605   6420.00       54.7674    -85.4580878240    -85.4496657995    0.229175
 1606   6424.00       60.0855    -85.4692578556    -85.4614370376    0.212815
 1607   6428.00       65.2693    -85.4741320557    -85.4647383802    0.255615
 1608   6432.00      -55.8396    -85.4670233077    -85.4574006515    0.261846
 1609   6436.00       61.0459    -85.4685129395    -85.4579752814    0.286744
 1610   6440.00      -59.4937    -85.4766902407    -85.4669366297    0.265409
 1611   6444.00      -60.9662    -85.4606857801    -85.4525358930    0.221770
 1612   6448.00      -64.7274    -85.4602502889    -85.4518431271    0.228771
 1613   6452.00       57.8450    -85.4796510161    -85.4694013914    0.278906
 1614   6456.00       57.1585    -85.4699275303    -85.4571584922    0.347463
 1615   6460.00       63.6739    -85.4689282669    -85.4567711639    0.330812
 1616   6464.00      -65.1412    -85.4751895678    -85.4646054692    0.288008
 1617   6468.00      -67.0478    -85.4734375230    -85.4636655941    0.265908
 1618   6472.00       61.1704    -85.4754007630    -85.4655154625    0.268993
 1619   6476.00       58.5553    -85.4733645591    -85.4624888577    0.295943
 1620   6480.00      -61.6057    -85.4756587851    -85.4650976838    0.287382
 1621   6484.00      -58.7272    -85.4692485474    -85.4595733000    0.263277
 1622   6488.00      -60.7293    -85.4776421906    -85.4694941073    0.221721
 1623   6492.00       62.2932    -85.4824695503    -85.4744814338    0.217368
 1624   6496.00       63.1199    -85.4592640510    -85.4506022635    0.235699
 1625   6500.00      -69.3822    -85.4647350056    -85.4553058722    0.256580
 1626   6504.00      -73.2963    -85.4806390603    -85.4704691773    0.276737
 1627   6508.00      -71.6637    -85.4755366588    -85.4661159781    0.256350
 1628   6512.00      -77.5636    -85.4708820012    -85.4614133569    0.257655
 1629   6516.00       79.0047    -85.4777442441    -85.4675050037    0.278624
 1630   6520.00       78.6465    -85.4719417280    -85.4610929978    0.295209
 1631   6524.00       79.1972    -85.4555092244    -85.4438322214    0.317747
 1632   6528.00      -69.6400    -85.4674520783    -85.4556360389    0.321531
 1633   6532.00       65.4594    -85.4811240978    -85.4696385495    0.312538
 1634   6536.00       68.1841    -85.4763424762    -85.4653983879    0.297804
 1635   6540.00       68.9903    -85.4682305138    -85.4569980382    0.305651
 1636   6544.00       75.8652    -85.4742622514    -85.4619608251    0.334739
 1637   6548.00      -74.0384    -85.4893561869    -85.4771363811    0.332518
 1638   6552.00       78.7793    -85.4686108591    -85.4572396864    0.309425
 1639   6556.00       84.9519    -85.4519883294    -85.4418718177    0.275284
 1640   6560.00       86.6903    -85.4764490360    -85.4660837368    0.282054
 1641   6564.00      -90.4651    -85.4836597416    -85.4719042377    0.319884
 1642   6568.00       89.1348    -85.4718844867    -85.4598546801    0.327348
 1643   6572.00       88.6690    -85.4618967147    -85.4504626402    0.311137
 1644   6576.00       93.3812    -85.4638945233    -85.4538996211    0.271975
 1645   6580.00       96.5339    -85.4684309405    -85.4590912795    0.254145
 1646   6584.00      -97.7413    -85.4777051582    -85.4663714772    0.308405
 1647   6588.00      -99.8444    -85.4829968801    -85.4689912497    0.381113
 1648   6592.00      105.7511    -85.4601875428    -85.4463117049    0.377581
 1649   6596.00     -114.3873    -85.4608401528    -85.4489418363    0.323770
 1650   6600.00     -115.6085    -85.4763041473    -85.4654380103    0.295683
 1651   6604.00     -111.1336    -85.4715966856    -85.4603239768    0.306746
 1652   6608.00     -105.2312    -85.4743065341    -85.4609841030    0.362522
 1653   6612.00      104.4803    -85.4723802682    -85.4587436250    0.371072
 1654   6616.00      110.9654    -85.4659576654    -85.4551318795    0.294585
 1655   6620.00      114.5332    -85.4523576885    -85.4431954194    0.249318
 1656   6624.00      112.7916    -85.4666687709    -85.4579867536    0.236250
 1657   6628.00      108.2445    -85.4756934578    -85.4661481225    0.259742
 1658   6632.00      106.7352    -85.4656910519    -85.4535191750    0.331214
 1659   6636.00     -111.9874    -85.4686899995    -85.4558904883    0.348292
 1660   6640.00     -117.0759    -85.4657627549    -85.4540988421    0.317391
 1661   6644.00      117.7796    -85.4724980287    -85.4621406912    0.281838
 1662   6648.00     -112.7871    -85.4848097552    -85.4749240128    0.269005
 1663   6652.00      101.5570    -85.4637278893    -85.4520083901    0.318904
 1664   6656.00      -95.1671    -85.4750212664    -85.4623491713    0.344825
 1665   6660.00      -94.4899    -85.4851624276    -85.4735911320    0.314871
 1666   6664.00       86.4755    -85.4597699924    -85.4498288774    0.270512
 1667   6668.00      -82.0506    -85.4586632499    -85.4500490910    0.234403
 1668   6672.00       74.8209    -85.4730931678    -85.4642440445    0.240797
 1669   6676.00      -71.7891    -85.4732025623    -85.4632137726    0.271809
 1670   6680.00       76.3267    -85.4624033928    -85.4526127697    0.266416
 1671   6684.00       77.2052    -85.4647082192    -85.4561245531    0.233573
 1672   6688.00       75.4080    -85.4707278073    -85.4630731090    0.208295
 1673   6692.00      -69.3565    -85.4634504382    -85.4558042702    0.208063
 1674   6696.00      -66.6259    -85.4630414773    -85.4540711892    0.244094
 1675   6700.00       62.3500    -85.4714563495    -85.4600247452    0.311070
 1676   6704.00      -58.5020    -85.4847706693    -85.4724346659    0.335680
 1677   6708.00       59.0564    -85.4746422816    -85.4633928962    0.306111
 1678   6712.00      -56.5616    -85.4629186315    -85.4531237908    0.266531
 1679   6716.00       54.5029    -85.4715150400    -85.4614996268    0.272533
 1680   6720.00      -54.2179    -85.4815062390    -85.4696176572    0.323505
 1681   6724.00      -47.7130    -85.4832454981    -85.4702926629    0.352465
 1682   6728.00       43.1697    -85.4692180905    -85.4548260039    0.391629
 1683   6732.00       46.1245    -85.4697021147    -85.4565349824    0.358296
 1684   6736.00       50.1347    -85.4758934963    -85.4658376607    0.273633
 1685   6740.00      -54.6456    -85.4676921308    -85.4592624426    0.229383
 1686   6744.00       53.0761    -85.4806075864    -85.4723984804    0.223381
 1687   6748.00       45.4034    -85.4749376633    -85.4651452596    0.266465
 1688   6752.00       42.5598    -85.4523816024    -85.4408436943    0.313962
 1689   6756.00       49.3334    -85.4685607180    -85.4580086157    0.287137
 1690   6760.00      -52.9687    -85.4723303358    -85.4626948369    0.262195
 1691   6764.00      -57.6870    -85.4660910636    -85.4572121721    0.241607
 1692   6768.00      -52.3460    -85.4707958619    -85.4605544552    0.278683
 1693   6772.00       52.5547    -85.4727013728    -85.4594742703    0.359928
 1694   6776.00      -56.4121    -85.4681527037    -85.4541269515    0.381660
 1695   6780.00       60.7785    -85.4705059630    -85.4576032571    0.351101
 1696   6784.00      -61.9221    -85.4650680006    -85.4539540108    0.302427
 1697   6788.00       58.2802    -85.4685183403    -85.4589949721    0.259144
 1698   6792.00      -59.5615    -85.4608156127    -85.4494662630    0.308832
 1699   6796.00       63.2389    -85.4569850864    -85.4440497197    0.351989
 1700   6800.00      -63.3401    -85.4756417574    -85.4653345331    0.280474
 1701   6804.00      -65.7558    -85.4795806224    -85.4724566313    0.193854
 1702   6808.00       63.8678    -85.4664010307    -85.4601103808    0.171177
 1703   6812.00      -68.8237    -85.4616446745    -85.4536176421    0.218427
 1704   6816.00       79.5923    -85.4668858400    -85.4548131938    0.328513
 1705   6820.00      -73.7365    -85.4730991440    -85.4595297209    0.369243
 1706   6824.00      -74.8338    -85.4711735464    -85.4597356902    0.311240
 1707   6828.00       72.3651    -85.4604159113    -85.4520280252    0.228246
 1708   6832.00      -75.9440    -85.4659004931    -85.4586434035    0.197475
 1709   6836.00      -85.4678    -85.4668948405    -85.4575963291    0.253025
 1710   6840.00       77.4455    -85.4701382330    -85.4588721491    0.306566
 1711   6844.00       72.3086    -85.4754400168    -85.4644709912    0.298482
 1712   6848.00       72.9085    -85.4742904828    -85.4647787503    0.258827
 1713   6852.00      -70.3249    -85.4617196362    -85.4538422510    0.214355
 1714   6856.00       74.1995    -85.4668961306    -85.4582568272    0.235087
 1715   6860.00      -70.6126    -85.4667052228    -85.4580208585    0.236314
 1716   6864.00      -64.8462    -85.4614313448    -85.4549118186    0.177405
 1717   6868.00       69.4341    -85.4710670707    -85.4656255703    0.148071
 1718   6872.00      -71.1166    -85.4619054345    -85.4566564697    0.142832
 1719   6876.00       73.4361    -85.4657776706    -85.4591981750    0.179037
 1720   6880.00       67.3241    -85.4818079054    -85.4723118070    0.258402
 1721   6884.00       54.0637    -85.4763202456    -85.4661573824    0.276546
 1722   6888.00       47.6230    -85.4776657894    -85.4686553094    0.245188
 1723   6892.00       45.8032    -85.4704163147    -85.4649922068    0.147597
 1724   6896.00       53.3501    -85.4577982678    -85.4535453369    0.115728
 1725   6900.00       54.4533    -85.4683537868    -85.4616576239    0.182212
 1726   6904.00      -50.4877    -85.4897986941    -85.4782136121    0.315246
 1727   6908.00      -46.4226    -85.4796808371    -85.4656746568    0.381128
 1728   6912.00      -45.5335    -85.4537120550    -85.4420510110    0.317313
 1729   6916.00      -55.3216    -85.4713348601    -85.4642816571    0.191927
 1730   6920.00      -54.6769    -85.4846717813    -85.4796747644    0.135976
 1731   6924.00       47.8910    -85.4667294830    -85.4603261941    0.174242
 1732   6928.00      -41.0326    -85.4671039808    -85.4578661768    0.251373
 1733   6932.00       40.8712    -85.4648219279    -85.4544288674    0.282810
 1734   6936.00      -48.1823    -85.4712540500    -85.4619611244    0.252873
 1735   6940.00       53.3362    -85.4695409709    -85.4619052411    0.207779
 1736   6944.00       55.2055    -85.4650222709    -85.4579258599    0.193103
 1737   6948.00      -54.6755    -85.4908790452    -85.4824098838    0.230458
 1738   6952.00      -56.4799    -85.4814708808    -85.4721526818    0.253561
 1739   6956.00       60.3015    -85.4642267063    -85.4544936029    0.264851
 1740   6960.00       57.5719    -85.4607898282    -85.4501401288    0.289793
 1741   6964.00      -51.9485    -85.4741986222    -85.4619999482    0.331943
 1742   6968.00      -48.0429    -85.4776092663    -85.4639523203    0.371624
 1743   6972.00      -46.0094    -85.4646167198    -85.4515956296    0.354322
 1744   6976.00      -51.6339    -85.4656804667    -85.4541515456    0.313718
 1745   6980.00      -57.7774    -85.4813891593    -85.4717467926    0.262382
 1746   6984.00       56.9586    -85.4707223884    -85.4630489964    0.208804
 1747   6988.00       65.9193    -85.4740106051    -85.4664253855    0.206404
 1748   6992.00       74.2576    -85.4748589164    -85.4655843243    0.252375
 1749   6996.00      -78.3207    -85.4702197504    -85.4583277659    0.323597
 1750   7000.00      -80.5283    -85.4709333857    -85.4578642812    0.355628
 1751   7004.00      -80.6701    -85.4702679406    -85.4598458956    0.283598
 1752   7008.00      -82.1190    -85.4695290801    -85.4620644259    0.203124
 1753   7012.00       87.6100    -85.4688914227    -85.4619634529    0.188520
 1754   7016.00      -82.2625    -85.4744585224    -85.4658184760    0.235108
 1755   7020.00      -81.8449    -85.4736169232    -85.4608509252    0.347380
 1756   7024.00       76.3403    -85.4776820656    -85.4644670824    0.359598
 1757   7028.00      -72.1552    -85.4787877687    -85.4676673735    0.302601
 1758   7032.00      -73.6184    -85.4602425726    -85.4512212054    0.245484
 1759   7036.00      -72.1323    -85.4675439882    -85.4590219334    0.231897
 1760   7040.00       70.8623    -85.4734943398    -85.4629187644    0.287776
 1761   7044.00       67.5930    -85.4696180410    -85.4580638016    0.314407
 1762   7048.00      -60.8238    -85.4730033929    -85.4637656525    0.251372
 1763   7052.00       60.8492    -85.4662985909    -85.4593343439    0.189507
 1764   7056.00      -62.3726    -85.4690335058    -85.4622647178    0.184188
 1765   7060.00       56.9754    -85.4857726576    -85.4782024265    0.205996
 1766   7064.00      -52.2522    -85.4773891066    -85.4692433204    0.221658
 1767   7068.00       49.0929    -85.4624463693    -85.4562908356    0.167501
 1768   7072.00      -49.5504    -85.4558152924    -85.4520414882    0.102690
 1769   7076.00      -51.3507    -85.4773226290    -85.4735330662    0.103119
 1770   7080.00       51.2078    -85.4828499977    -85.4779552160    0.133194
 1771   7084.00       45.7691    -85.4669583972    -85.4582749777    0.236288
 1772   7088.00      -41.3510    -85.4728729665    -85.4627695980    0.274927
 1773   7092.00      -29.4743    -85.4716741934    -85.4646514121    0.191100
 1774   7096.00       36.1815    -85.4637997153    -85.4595719583    0.115043
 1775   7100.00      -27.8093    -85.4629870459    -85.4595313913    0.094033
 1776   7104.00       23.8160    -85.4618643289    -85.4562004154    0.154123
 1777   7108.00       19.8728    -85.4736167408    -85.4657779238    0.213305
 1778   7112.00        5.6877    -85.4629134022    -85.4567421426    0.167929
 1779   7116.00       24.3490    -85.4607597994    -85.4562643960    0.122326
 1780   7120.00       25.9849    -85.4770406955    -85.4735734773    0.094348
 1781   7124.00       20.8858    -85.4731484618    -85.4689112512    0.115300
 1782   7128.00      -23.1526    -85.4713439994    -85.4651748357    0.167871
 1783   7132.00      -24.9031    -85.4672662530    -85.4611252561    0.167105
 1784   7136.00      -23.7235    -85.4681123116    -85.4632829224    0.131414
 1785   7140.00       25.6497    -85.4708022417    -85.4666867903    0.111987
 1786   7144.00       27.4161    -85.4737039620    -85.4684187935    0.143817
 1787   7148.00      -24.5131    -85.4782002607    -85.4704744504    0.210230
 1788   7152.00       24.6931    -85.4631931595    -85.4546127348    0.233485
 1789   7156.00      -19.6791    -85.4634318056    -85.4562174976    0.196311
 1790   7160.00       26.6985    -85.4724339803    -85.4671547182    0.143656
 1791   7164.00      -22.0121    -85.4718077765    -85.4671766622    0.126019
 1792   7168.00       -9.3759    -85.4777923614    -85.4720807032    0.155422
 1793   7172.00      -25.7788    -85.4699283367    -85.4622921509    0.207791
 1794   7176.00       25.4377    -85.4625773361    -85.4556598330    0.188235
 1795   7180.00      -26.5703    -85.4699088896    -85.4645093230    0.146930
 1796   7184.00       29.7552    -85.4771288374    -85.4724054489    0.128530
 1797   7188.00      -22.1424    -85.4721725123    -85.4678437389    0.117792
 1798   7192.00       28.6993    -85.4683582064    -85.4625717165    0.157458
 1799   7196.00       25.0899    -85.4713319750    -85.4639683277    0.200375
 1800   7200.00       15.5708    -85.4706020853    -85.4632119369    0.201096
 1801   7204.00      -24.8727    -85.4792680978    -85.4719306931    0.199661
 1802   7208.00      -30.8416    -85.4608801477    -85.4535420760    0.199679
 1803   7212.00      -35.4074    -85.4626127000    -85.4548379172    0.211563
 1804   7216.00       38.5162    -85.4864523231    -85.4778886607    0.233029
 1805   7220.00      -38.0325    -85.4776908504    -85.4686440813    0.246175
 1806   7224.00      -38.5764    -85.4692744063    -85.4604477233    0.240186
 1807   7228.00      -44.3537    -85.4632009319    -85.4559027955    0.198592
 1808   7232.00       48.1549    -85.4663838906    -85.4597715586    0.179931
 1809   7236.00      -47.3851    -85.4774847227    -85.4714081080    0.165353
 1810   7240.00      -45.5760    -85.4731590311    -85.4661562821    0.190555
 1811   7244.00      -42.4390    -85.4628567427    -85.4537192679    0.248643
 1812   7248.00      -49.3899    -85.4749641991    -85.4649024329    0.273795
 1813   7252.00       54.3623    -85.4790981762    -85.4707848302    0.226218
 1814   7256.00       56.2748    -85.4736020042    -85.4671570380    0.175376
 1815   7260.00       66.4571    -85.4767165474    -85.4697660226    0.189133
 1816   7264.00           nan               nan               nan         nan
 1817   7268.00       75.8488    -85.4710893140    -85.4604863072    0.288523
 1818   7272.00       79.7548    -85.4667751422    -85.4557834058    0.299100
 1819   7276.00      -76.7361    -85.4825060310    -85.4736797975    0.240174
 1820   7280.00       80.6721    -85.4831183226    -85.4749765855    0.221548
 1821   7284.00       77.7608    -85.4716645927    -85.4627890316    0.241516
 1822   7288.00       75.7347    -85.4712333868    -85.4607495592    0.285279
 1823   7292.00      -81.0636    -85.4713465843    -85.4597669856    0.315097
 1824   7296.00      -81.8357    -85.4801278880    -85.4707547887    0.255055
 1825   7300.00       89.4189    -85.4648102036    -85.4566279145    0.222651
 1826   7304.00      -99.3843    -85.4632560269    -85.4538738283    0.255303
 1827   7308.00       93.1451    -85.4813406408    -85.4708057288    0.286670
 1828   7312.00       94.9335    -85.4831901653    -85.4721503874    0.300408
 1829   7316.00      -89.1359    -85.4792747068    -85.4703439489    0.243018
 1830   7320.00       86.8548    -85.4686516999    -85.4616643562    0.190135
 1831   7324.00      -95.9428    -85.4726193403    -85.4647819164    0.213267
 1832   7328.00      -84.3092    -85.4819598871    -85.4720518428    0.269612
 1833   7332.00       76.9564    -85.4604308472    -85.4477835763    0.344150
 1834   7336.00      -73.9327    -85.4613495205    -85.4490363121    0.335059
 1835   7340.00      -68.6068    -85.4771051816    -85.4679790750    0.248334
 1836   7344.00       72.6697    -85.4776716207    -85.4712066294    0.175921
 1837   7348.00      -76.7528    -85.4706493447    -85.4639460501    0.182406
 1838   7352.00       69.8998    -85.4700794819    -85.4610913377    0.244580
 1839   7356.00      -71.2559    -85.4729595492    -85.4616455340    0.307870
 1840   7360.00      -62.6678    -85.4687021914    -85.4584253527    0.279647
 1841   7364.00      -65.0035    -85.4627117508    -85.4542064799    0.231440
 1842   7368.00      -67.2843    -85.4713049219    -85.4638264849    0.203499
 1843   7372.00      -58.7440    -85.4751737949    -85.4671917677    0.217202
 1844   7376.00      -52.7356    -85.4636142976    -85.4546720530    0.243331
 1845   7380.00      -49.8132    -85.4669105703    -85.4583850319    0.231992
 1846   7384.00      -51.5510    -85.4798788327    -85.4727341243    0.194417
 1847   7388.00       52.0829    -85.4700182564    -85.4630217727    0.190384
 1848   7392.00      -48.8957    -85.4678305276    -85.4596719519    0.222006
 1849   7396.00      -41.8581    -85.4713941407    -85.4607838009    0.288722
 1850   7400.00      -43.1211    -85.4659125793    -85.4543504215    0.314622
 1851   7404.00       38.9726    -85.4585458968    -85.4496222031    0.242826
 1852   7408.00      -42.1106    -85.4706999469    -85.4641144887    0.179199
 1853   7412.00      -41.8510    -85.4767313165    -85.4701643302    0.178697
 1854   7416.00      -34.6211    -85.4703999354    -85.4600867446    0.280636
 1855   7420.00       21.8116    -85.4726950932    -85.4578675741    0.403477
 1856   7424.00       28.1795    -85.4729984808    -85.4570838338    0.433060
 1857   7428.00      -14.5382    -85.4675290014    -85.4547573313    0.347535
 1858   7432.00      -23.6200    -85.4686476162    -85.4599325564    0.237149
 1859   7436.00      -20.4722    -85.4778818904    -85.4713787866    0.176958
 1860   7440.00       14.2394    -85.4862213530    -85.4783112327    0.215245
 1861   7444.00       16.7805    -85.4640056006    -85.4525431452    0.311909
 1862   7448.00       -3.7483    -85.4631948482    -85.4492494685    0.379473
 1863   7452.00       -3.3744    -85.4813617750    -85.4686824013    0.345023
 1864   7456.00       12.8745    -85.4728051960    -85.4617410491    0.301071
 1865   7460.00        4.6095    -85.4672210358    -85.4571928596    0.272881
 1866   7464.00       10.7063    -85.4640749132    -85.4530978819    0.298700
 1867   7468.00       -1.9985    -85.4800466692    -85.4671046344    0.352171
 1868   7472.00        0.6870    -85.4740923420    -85.4601583031    0.379165
 1869   7476.00       -0.2103    -85.4682422637    -85.4551915432    0.355128
 1870   7480.00        2.6565    -85.4775274168    -85.4672839969    0.278738
 1871   7484.00       -8.1509    -85.4785254899    -85.4697716649    0.238204
 1872   7488.00       18.2932    -85.4728394052    -85.4628208020    0.272620
 1873   7492.00       -7.0127    -85.4688608067    -85.4575385714    0.308094
 1874   7496.00      -15.2066    -85.4677985777    -85.4562898211    0.313169
 1875   7500.00       15.7326    -85.4773969939    -85.4672869734    0.275108
 1876   7504.00       -9.3054    -85.4650603118    -85.4560293362    0.245745
 1877   7508.00      -12.2723    -85.4642752976    -85.4539216696    0.281737
 1878   7512.00      -12.0570    -85.4780719923    -85.4657808595    0.334459
 1879   7516.00       12.8273    -85.4728610538    -85.4601432765    0.346068
 1880   7520.00       16.3102    -85.4613643292    -85.4518780561    0.258135
 1881   7524.00      -25.0032    -85.4708489888    -85.4645292927    0.171968
 1882   7528.00       29.5947    -85.4754414959    -85.4692839073    0.167557
 1883   7532.00      -26.9052    -85.4738978583    -85.4647583351    0.248699
 1884   7536.00      -24.9897    -85.4660368316    -85.4530559052    0.353229
 1885   7540.00      -25.4693    -85.4579056652    -85.4457956180    0.329531
 1886   7544.00       29.0615    -85.4722982825    -85.4641401925    0.221993
 1887   7548.00      -36.6075    -85.4754842460    -85.4697217565    0.156805
 1888   7552.00      -35.8402    -85.4710589690    -85.4637751957    0.198202
 1889   7556.00      -32.7922    -85.4749564943    -85.4632076813    0.319701
 1890   7560.00       31.4997    -85.4684068453    -85.4546986717    0.373018
 1891   7564.00       27.8632    -85.4715311873    -85.4600581794    0.312196
 1892   7568.00      -37.1546    -85.4768522128    -85.4695983634    0.197387
 1893   7572.00       41.5851    -85.4763160541    -85.4703188150    0.163193
 1894   7576.00       33.1437    -85.4634802208    -85.4556255138    0.213737
 1895   7580.00       31.6737    -85.4691192931    -85.4595288876    0.260968
 1896   7584.00       35.9608    -85.4734832233    -85.4642207831    0.252044
 1897   7588.00       35.2218    -85.4602446251    -85.4527636435    0.203568
 1898   7592.00       31.5595    -85.4662185276    -85.4580487951    0.222310
 1899   7596.00       26.4137    -85.4823363742    -85.4707676116    0.314802
 1900   7600.00      -16.1571    -85.4803600951    -85.4665881418    0.374754
 1901   7604.00       16.6945    -85.4665373143    -85.4546164127    0.324384
 1902   7608.00       26.2596    -85.4702202481    -85.4623676739    0.213679
 1903   7612.00      -24.6484    -85.4779999318    -85.4712577337    0.183465
 1904   7616.00       24.8305    -85.4621511609    -85.4537328228    0.229075
 1905   7620.00       26.3997    -85.4758405316    -85.4649385558    0.296658
 1906   7624.00      -30.2882    -85.4717099862    -85.4604424250    0.306606
 1907   7628.00       33.1976    -85.4648369551    -85.4571481973    0.209222
 1908   7632.00      -30.0236    -85.4656948191    -85.4605586592    0.139762
 1909   7636.00      -27.1252    -85.4602740749    -85.4548780428    0.146834
 1910   7640.00      -27.1736    -85.4792164217    -85.4716269197    0.206521
 1911   7644.00       25.3340    -85.4739963519    -85.4632341384    0.292855
 1912   7648.00      -30.1626    -85.4493784138    -85.4378041081    0.314953
 1913   7652.00       24.5647    -85.4615312474    -85.4513989127    0.275715
 1914   7656.00       23.3465    -85.4801200620    -85.4710104513    0.247885
 1915   7660.00      -30.9549    -85.4726366195    -85.4646463891    0.217425
 1916   7664.00      -28.6138    -85.4594141217    -85.4520303837    0.200922
 1917   7668.00       32.2555    -85.4611536346    -85.4535036155    0.208168
 1918   7672.00      -31.8697    -85.4649387627    -85.4563268444    0.234342
 1919   7676.00       27.3850    -85.4761396292    -85.4666962576    0.256967
 1920   7680.00       32.4861    -85.4657459883    -85.4556787510    0.273943
 1921   7684.00      -29.5551    -85.4651887952    -85.4561946659    0.244743
 1922   7688.00      -30.9029    -85.4859374226    -85.4780214830    0.215404
 1923   7692.00       37.1281    -85.4613487453    -85.4529415728    0.228771
 1924   7696.00       26.4897    -85.4582616647    -85.4501823185    0.219850
 1925   7700.00      -37.0275    -85.4649520710    -85.4581717769    0.184501
 1926   7704.00      -46.6249    -85.4619224602    -85.4564282065    0.149506
 1927   7708.00      -44.4310    -85.4647466623    -85.4592514229    0.149533
 1928   7712.00      -48.9454    -85.4691499012    -85.4606656833    0.230867
 1929   7716.00      -43.3078    -85.4761521510    -85.4658289318    0.280909
 1930   7720.00      -46.0496    -85.4650078524    -85.4551611037    0.267944
 1931   7724.00       56.7877    -85.4621334264    -85.4546824291    0.202752
 1932   7728.00      -52.6227    -85.4792701022    -85.4734263340    0.159017
 1933   7732.00       48.6083    -85.4791656128    -85.4705819628    0.233573
 1934   7736.00      -46.4937    -85.4631321764    -85.4498027649    0.362712
 1935   7740.00       44.7261    -85.4589985359    -85.4447449016    0.387861
 1936   7744.00       55.5331    -85.4780620084    -85.4686023427    0.257411
 1937   7748.00      -58.9088    -85.4722867277    -85.4673894418    0.133262
 1938   7752.00       61.7522    -85.4751873689    -85.4700771109    0.139057
 1939   7756.00      -63.9435    -85.4773326983    -85.4685917641    0.237853
 1940   7760.00       63.1767    -85.4592425250    -85.4459995456    0.360360
 1941   7764.00       63.0401    -85.4660723139    -85.4541512563    0.324388
 1942   7768.00      -67.5015    -85.4681398132    -85.4612649508    0.187075
 1943   7772.00       67.5719    -85.4579001188    -85.4528175457    0.138304
 1944   7776.00       75.0248    -85.4638706674    -85.4576597237    0.169008
 1945   7780.00      -74.6846    -85.4748756691    -85.4649426804    0.270290
 1946   7784.00       75.8342    -85.4759834404    -85.4638965395    0.328901
 1947   7788.00           nan               nan               nan         nan
 1948   7792.00       84.1000    -85.4513854735    -85.4440776749    0.198855
 1949   7796.00      -90.2106    -85.4645374376    -85.4564325996    0.220544
 1950   7800.00      -87.8797    -85.4805499388    -85.4679179505    0.343734
 1951   7804.00       78.4482    -85.4764826424    -85.4617607036    0.400604
 1952   7808.00      -75.8313    -85.4637903780    -85.4524404104    0.308848
 1953   7812.00      -78.3273    -85.4656409442    -85.4584139885    0.196655
 1954   7816.00       82.6383    -85.4708304154    -85.4640823905    0.183623
 1955   7820.00      -89.4895    -85.4688849232    -85.4596976457    0.249999
 1956   7824.00      -77.2425    -85.4658826584    -85.4542500415    0.316540
 1957   7828.00       71.5589    -85.4661581104    -85.4544977051    0.317296
 1958   7832.00      -81.4369    -85.4548748408    -85.4460076276    0.241289
 1959   7836.00       85.2255    -85.4494729566    -85.4418542835    0.207315
 1960   7840.00       85.8212    -85.4720111363    -85.4633053055    0.236898
 1961   7844.00      -82.9482    -85.4894674633    -85.4777982355    0.317536
 1962   7848.00       76.9424    -85.4684050944    -85.4547680174    0.371084
 1963   7852.00       82.5901    -85.4577853305    -85.4461411173    0.316855
 1964   7856.00       92.4425    -85.4679624365    -85.4588159658    0.248888
 1965   7860.00      -91.6957    -85.4702763816    -85.4612015605    0.246938
 1966   7864.00       88.5115    -85.4601073872    -85.4490679399    0.300399
 1967   7868.00      -85.8640    -85.4649952797    -85.4522331241    0.347276
 1968   7872.00       87.6215    -85.4781517864    -85.4656134981    0.341184
 1969   7876.00      -92.0429    -85.4720414584    -85.4601322931    0.324065
 1970   7880.00      -88.5632    -85.4475889789    -85.4368820333    0.291351
 1971   7884.00      -84.9379    -85.4574461786    -85.4478270548    0.261750
 1972   7888.00       82.9403    -85.4830568194    -85.4739491412    0.247833
 1973   7892.00       80.3966    -85.4702103632    -85.4622405419    0.216870
 1974   7896.00       79.7397    -85.4621598960    -85.4542584689    0.215009
 1975   7900.00       75.5875    -85.4715503230    -85.4632584894    0.225632
 1976   7904.00      -68.9572    -85.4633421942    -85.4542683076    0.246913
 1977   7908.00       71.9716    -85.4644731048    -85.4543808694    0.274624
 1978   7912.00      -74.1414    -85.4775308732    -85.4677231156    0.266883
 1979   7916.00       69.6097    -85.4737658454    -85.4643191183    0.257059
 1980   7920.00       68.1517    -85.4598866353    -85.4495956060    0.280033
 1981   7924.00       69.6978    -85.4637523838    -85.4519276340    0.321768
 1982   7928.00      -71.9795    -85.4745044173    -85.4617418818    0.347286
 1983   7932.00      -73.7585    -85.4742816472    -85.4616945341    0.342513
 1984   7936.00       72.1002    -85.4684273089    -85.4571711149    0.306297
 1985   7940.00       69.2155    -85.4752217944    -85.4641775708    0.300529
 1986   7944.00       65.0066    -85.4749855118    -85.4640039422    0.298824
 1987   7948.00       66.7829    -85.4646339038    -85.4545334424    0.274848
 1988   7952.00       72.5743    -85.4700478937    -85.4607546265    0.252883
 1989   7956.00      -69.4247    -85.4709373222    -85.4619735114    0.243918
 1990   7960.00       68.0015    -85.4701363985    -85.4591079071    0.300101
 1991   7964.00       69.0760    -85.4681797098    -85.4551627649    0.354209
 1992   7968.00      -71.9200    -85.4671119054    -85.4542590047    0.349745
 1993   7972.00      -72.6062    -85.4745693260    -85.4636451477    0.297262
 1994   7976.00       71.0317    -85.4647979011    -85.4557536667    0.246106
 1995   7980.00      -69.5383    -85.4718377775    -85.4616642314    0.276836
 1996   7984.00       69.9898    -85.4772307368    -85.4630346013    0.386297
 1997   7988.00      -71.5267    -85.4611071877    -85.4453419080    0.428995
 1998   7992.00       73.5594    -85.4542338884    -85.4411603338    0.355750
 1999   7996.00       78.7593    -85.4622190919    -85.4512027819    0.299769
 2000   8000.00      -80.7007    -85.4777976034    -85.4667763635    0.299903
 2001   8004.00      -76.5233    -85.4780611721    -85.4653298655    0.346436
 2002   8008.00      -74.7598    -85.4649790880    -85.4514325811    0.368619
 2003   8012.00      -74.4099    -85.4646989606    -85.4532105339    0.312616
 2004   8016.00       75.0998    -85.4683838650    -85.4589603484    0.256427
 2005   8020.00      -83.7256    -85.4736804552    -85.4638656733    0.267074
 2006   8024.00      -83.7900    -85.4722404954    -85.4595224214    0.346076
 2007   8028.00       81.7609    -85.4690562454    -85.4548689095    0.386057
 2008   8032.00       79.6965    -85.4677528457    -85.4558004805    0.325240
 2009   8036.00       77.4410    -85.4732514190    -85.4642966283    0.243672
 2010   8040.00       82.1672    -85.4732004569    -85.4649756504    0.223808
 2011   8044.00      -85.9751    -85.4602494652    -85.4491862728    0.301045
 2012   8048.00       83.6539    -85.4632744827    -85.4476636131    0.424793
 2013   8052.00      -81.2213    -85.4702620496    -85.4547024765    0.423398
 2014   8056.00      -81.6991    -85.4697218963    -85.4575065820    0.332396
 2015   8060.00       82.0135    -85.4753645666    -85.4646187872    0.292408
 2016   8064.00       85.9770    -85.4567064214    -85.4449060750    0.321104
 2017   8068.00       85.6199    -85.4679092548    -85.4548692104    0.354838
 2018   8072.00      -88.0714    -85.4797149194    -85.4666989958    0.354181
 2019   8076.00      -84.7370    -85.4576381937    -85.4477372559    0.269418
 2020   8080.00       85.0463    -85.4605482149    -85.4522742075    0.225147
 2021   8084.00      -86.2151    -85.4728308719    -85.4632572776    0.260511
 2022   8088.00      -80.3209    -85.4607377282    -85.4491366483    0.315681
 2023   8092.00       76.6609    -85.4649066535    -85.4514134373    0.367169
 2024   8096.00      -78.5616    -85.4641095580    -85.4520660706    0.327720
 2025   8100.00      -78.8186    -85.4662702389    -85.4561437446    0.275556
 2026   8104.00       78.8510    -85.4591321075    -85.4476214454    0.313221
 2027   8108.00      -75.9016    -85.4536532241    -85.4414464623    0.332163
 2028   8112.00       71.9475    -85.4708126997    -85.4584675180    0.335930
 2029   8116.00       68.7122    -85.4798056862    -85.4685976769    0.304985
 2030   8120.00      -67.5546    -85.4745790583    -85.4651661206    0.256139
 2031   8124.00      -64.8428    -85.4629658095    -85.4525141773    0.284403
 2032   8128.00       60.9431    -85.4504544148    -85.4397023271    0.292579
 2033   8132.00      -56.6246    -85.4531823586    -85.4433679093    0.267065
 2034   8136.00       58.4794    -85.4628385646    -85.4536824657    0.249150
 2035   8140.00       65.2605    -85.4699503858    -85.4623270384    0.207442
 2036   8144.00      -64.7672    -85.4689756345    -85.4612488364    0.210257
 2037   8148.00      -66.2889    -85.4661184010    -85.4560892006    0.272908
 2038   8152.00       62.8818    -85.4724748530    -85.4620213491    0.284454
 2039   8156.00      -62.1944    -85.4685359462    -85.4588199252    0.264386
 2040   8160.00       69.0405    -85.4520936991    -85.4427626631    0.253910
 2041   8164.00      -69.5935    -85.4543227811    -85.4450810483    0.251480
 2042   8168.00       62.0662    -85.4718305947    -85.4616899205    0.275942
 2043   8172.00      -64.7180    -85.4573942429    -85.4483007517    0.247446
 2044   8176.00       66.0352    -85.4559244737    -85.4484304722    0.203922
 2045   8180.00       83.6657    -85.4818457277    -85.4728718561    0.244191
 2046   8184.00      -76.4195    -85.4767335132    -85.4667800269    0.270848
 2047   8188.00       75.3683    -85.4660108552    -85.4540522205    0.325411
 2048   8192.00      -79.7064    -85.4681345788    -85.4564414385    0.318187
 2049   8196.00       72.9107    -85.4714294499    -85.4639402733    0.203791
 2050   8200.00      -76.7388    -85.4633575408    -85.4573557443    0.163317
 2051   8204.00       75.3676    -85.4536790111    -85.4475608561    0.166483
 2052   8208.00      -68.0408    -85.4655657181    -85.4580563383    0.204341
 2053   8212.00      -73.1796    -85.4787356649    -85.4686284668    0.275031
 2054   8216.00       78.7778    -85.4798067983    -85.4709616052    0.240690
 2055   8220.00      -83.2864    -85.4662886853    -85.4590725383    0.196361
 2056   8224.00      -98.6638    -85.4527635973    -85.4445082706    0.224639
 2057   8228.00      -87.8542    -85.4698895660    -85.4615037423    0.228190
 2058   8232.00       88.4340    -85.4668898307    -85.4572255431    0.262979
 2059   8236.00      -87.2967    -85.4536410836    -85.4447379557    0.242266
 2060   8240.00       78.9408    -85.4570364111    -85.4495660912    0.203278
 2061   8244.00      -77.4829    -85.4663824645    -85.4586387256    0.210718
 2062   8248.00       72.9632    -85.4728541814    -85.4638183706    0.245877
 2063   8252.00      -74.0184    -85.4679878421    -85.4576510722    0.281278
 2064   8256.00       84.7575    -85.4569752398    -85.4469069830    0.273971
 2065   8260.00      -82.8319    -85.4644045262    -85.4575574319    0.186319
 2066   8264.00      -87.6340    -85.4683811441    -85.4619209995    0.175789
 2067   8268.00       90.4765    -85.4527285225    -85.4456270443    0.193241
 2068   8272.00       81.0991    -85.4596501490    -85.4505803538    0.246802
 2069   8276.00      -86.2691    -85.4781068116    -85.4658985177    0.332205
 2070   8280.00      -84.6039    -85.4688983504    -85.4585236700    0.282309
 2071   8284.00       78.8436    -85.4665613712    -85.4596331698    0.188526
 2072   8288.00       77.7267    -85.4738521761    -85.4675864663    0.170499
 2073   8292.00       69.7963    -85.4721463418    -85.4650551639    0.192961
 2074   8296.00      -66.2652    -85.4673756378    -85.4565049275    0.295807
 2075   8300.00      -68.4444    -85.4633228961    -85.4505115557    0.348614
 2076   8304.00       63.4919    -85.4611517804    -85.4505269166    0.289117
 2077   8308.00       62.0447    -85.4764059875    -85.4666207369    0.266270
 2078   8312.00      -61.8644    -85.4712965283    -85.4612549139    0.273246
 2079   8316.00      -54.7758    -85.4700222856    -85.4596511164    0.282214
 2080   8320.00       56.1950    -85.4783306035    -85.4680337532    0.280192
 2081   8324.00      -55.7547    -85.4685853460    -85.4603650992    0.223684
 2082   8328.00       53.0622    -85.4621909467    -85.4541236533    0.219522
 2083   8332.00       54.1893    -85.4636949543    -85.4545948092    0.247628
 2084   8336.00       49.2534    -85.4640197402    -85.4529132093    0.302224
 2085   8340.00      -39.6971    -85.4757983164    -85.4627949757    0.353839
 2086   8344.00      -45.4013    -85.4672176988    -85.4552938053    0.324466
 2087   8348.00       40.1538    -85.4598025921    -85.4495501775    0.278982
 2088   8352.00       41.0510    -85.4766663859    -85.4676200607    0.246163
 2089   8356.00      -42.3690    -85.4773895834    -85.4696772935    0.209862
 2090   8360.00      -45.0617    -85.4636618125    -85.4549152960    0.238005
 2091   8364.00      -41.7659    -85.4574174209    -85.4479783794    0.256849
 2092   8368.00      -48.3675    -85.4564207831    -85.4464403835    0.271581
 2093   8372.00      -47.0984    -85.4630017137    -85.4522506455    0.292551
 2094   8376.00       48.6871    -85.4769577747    -85.4665976403    0.281914
 2095   8380.00      -47.0455    -85.4772767176    -85.4689100278    0.227669
 2096   8384.00       44.7088    -85.4597364081    -85.4522048530    0.204944
 2097   8388.00       48.9334    -85.4601147580    -85.4524836667    0.207653
 2098   8392.00      -48.6674    -85.4701308420    -85.4620884712    0.218844
 2099   8396.00      -48.3989    -85.4727757460    -85.4638635800    0.242512
 2100   8400.00       52.0814    -85.4694621603    -85.4615639931    0.214920
 2101   8404.00       54.4314    -85.4583161091    -85.4510407659    0.197972
 2102   8408.00      -52.7544    -85.4596076489    -85.4526725198    0.188714
 2103   8412.00      -59.9061    -85.4659234318    -85.4598005786    0.166611
 2104   8416.00       66.2147    -85.4684012401    -85.4620840992    0.171898
 2105   8420.00      -72.4267    -85.4662775466    -85.4592070090    0.192399
 2106   8424.00      -76.7983    -85.4546880302    -85.4463616246    0.226573
 2107   8428.00       76.5311    -85.4583329250    -85.4475684804    0.292915
 2108   8432.00      -75.2994    -85.4709655161    -85.4595641668    0.310247
 2109   8436.00      -77.7789    -85.4736134135    -85.4630650450    0.287036
 2110   8440.00       80.7680    -85.4696457716    -85.4616758481    0.216873
 2111   8444.00      -90.0787    -85.4755603587    -85.4684264261    0.194124
 2112   8448.00       91.3084    -85.4733455982    -85.4661442394    0.195959
 2113   8452.00      -87.9033    -85.4540703115    -85.4469822796    0.192875
 2114   8456.00      -90.4162    -85.4522635953    -85.4444449202    0.212757
 2115   8460.00       85.2424    -85.4721295667    -85.4640924246    0.218702
 2116   8464.00       82.6104    -85.4766063072    -85.4683980931    0.223357
 2117   8468.00       79.8680    -85.4686048633    -85.4595424294    0.246601
 2118   8472.00       72.5921    -85.4729480876    -85.4628014504    0.276104
 2119   8476.00      -69.7027    -85.4768660553    -85.4668958870    0.271302
 2120   8480.00       62.6426    -85.4577639394    -85.4489148212    0.240797
 2121   8484.00      -61.4975    -85.4736550737    -85.4665401691    0.193606
 2122   8488.00       68.4322    -85.4870005933    -85.4804590819    0.178004
 2123   8492.00       65.9424    -85.4596503178    -85.4519715574    0.208950
 2124   8496.00      -61.5682    -85.4508260732    -85.4416781818    0.248927
 2125   8500.00      -64.1800    -85.4645984295    -85.4549495321    0.262560
 2126   8504.00      -62.6363    -85.4735798866    -85.4652296663    0.227221
 2127   8508.00       60.3882    -85.4663016363    -85.4597504774    0.178266
 2128   8512.00       57.5898    -85.4611856893    -85.4532249634    0.216622
 2129   8516.00      -52.1589    -85.4681733932    -85.4570395681    0.302967
 2130   8520.00       46.9292    -85.4700681434    -85.4563209252    0.374081
 2131   8524.00      -42.5017    -85.4704526422    -85.4570253803    0.365374
 2132   8528.00      -39.4821    -85.4621718054    -85.4542817782    0.214699
 2133   8532.00       49.6039    -85.4642949120    -85.4591727206    0.139382
 2134   8536.00       44.2516    -85.4671185634    -85.4610290227    0.165705
 2135   8540.00       40.4667    -85.4660862582    -85.4566180756    0.257642
 2136   8544.00      -45.5326    -85.4694350702    -85.4559337179    0.367391
 2137   8548.00      -42.6702    -85.4688514221    -85.4550635447    0.375187
 2138   8552.00       42.8424    -85.4619029985    -85.4506956620    0.304967
 2139   8556.00       47.6992    -85.4666672208    -85.4566152579    0.273528
 2140   8560.00       41.9188    -85.4690502070    -85.4585273244    0.286342
 2141   8564.00       41.9488    -85.4611616160    -85.4496886322    0.312196
 2142   8568.00       43.3837    -85.4663623849    -85.4548276849    0.313875
 2143   8572.00      -40.3155    -85.4694994042    -85.4590828996    0.283448
 2144   8576.00      -47.7746    -85.4692303775    -85.4590792258    0.276227
 2145   8580.00      -52.2082    -85.4703758393    -85.4596949758    0.290641
 2146   8584.00      -53.3996    -85.4669389957    -85.4560356049    0.296696
 2147   8588.00      -54.7848    -85.4625346604    -85.4506167372    0.324303
 2148   8592.00       52.1790    -85.4687177797    -85.4575266596    0.304526
 2149   8596.00      -51.3549    -85.4707512130    -85.4608043172    0.270669
 2150   8600.00      -53.1056    -85.4659706261    -85.4540758189    0.323674
 2151   8604.00       51.6425    -85.4741798471    -85.4613129200    0.350127
 2152   8608.00       56.9367    -85.4712220866    -85.4582276614    0.353596
 2153   8612.00      -58.6325    -85.4723590391    -85.4592053174    0.357931
 2154   8616.00      -62.8032    -85.4747294116    -85.4629205800    0.321335
 2155   8620.00       71.7266    -85.4640665307    -85.4534252043    0.289565
 2156   8624.00      -75.2795    -85.4649820999    -85.4555420722    0.256876
 2157   8628.00       75.9039    -85.4697559501    -85.4596801223    0.274177
 2158   8632.00      -77.6080    -85.4644512818    -85.4524485758    0.326610
 2159   8636.00      -83.5996    -85.4545808309    -85.4427808241    0.321095
 2160   8640.00           nan               nan               nan         nan
 2161   8644.00       95.7492    -85.4678381121    -85.4588564951    0.244402
 2162   8648.00       98.2446    -85.4666591024    -85.4580449656    0.234403
 2163   8652.00     -100.7385    -85.4655601217    -85.4554078783    0.276257
 2164   8656.00      105.2337    -85.4761020806    -85.4632799280    0.348909
 2165   8660.00      109.7362    -85.4766834500    -85.4625098672    0.385683
 2166   8664.00     -108.4249    -85.4578015524    -85.4450463313    0.347087
 2167   8668.00     -105.3268    -85.4623833118    -85.4516663812    0.291623
 2168   8672.00      103.7234    -85.4804930686    -85.4700818588    0.283303
 2169   8676.00     -105.5281    -85.4693690495    -85.4578983175    0.312135
 2170   8680.00     -108.3772    -85.4644111447    -85.4524908289    0.324368
 2171   8684.00     -113.1798    -85.4683402818    -85.4569627511    0.309598
 2172   8688.00     -104.3560    -85.4730171690    -85.4628071138    0.277830
 2173   8692.00       99.3017    -85.4677731504    -85.4571538052    0.288967
 2174   8696.00      -99.2815    -85.4594392470    -85.4462124177    0.359920
 2175   8700.00      101.7712    -85.4693539784    -85.4557986082    0.368860
 2176   8704.00      104.3394    -85.4662168459    -85.4549325226    0.307062
 2177   8708.00      101.5921    -85.4555946929    -85.4463985630    0.250239
 2178   8712.00      100.6997    -85.4722339830    -85.4641398940    0.220251
 2179   8716.00      -99.8473    -85.4707655635    -85.4610336323    0.264819
 2180   8720.00       98.6719    -85.4574982336    -85.4444511439    0.355029
 2181   8724.00       98.5934    -85.4689382188    -85.4558335136    0.356597
 2182   8728.00       99.8266    -85.4630533870    -85.4519777517    0.301383
 2183   8732.00       97.5566    -85.4619239568    -85.4526276702    0.252965
 2184   8736.00      -89.8357    -85.4718235031    -85.4617133376    0.275112
 2185   8740.00       78.2082    -85.4616215951    -85.4488415259    0.347763
 2186   8744.00      -72.7567    -85.4640369928    -85.4498247355    0.386735
 2187   8748.00      -65.1741    -85.4731851564    -85.4605596581    0.343557
 2188   8752.00      -68.9347    -85.4632935061    -85.4542619728    0.245761
 2189   8756.00       70.1476    -85.4638652704    -85.4564952766    0.200548
 2190   8760.00      -66.7562    -85.4656582067    -85.4575166219    0.221544
 2191   8764.00       62.0708    -85.4742077082    -85.4640309418    0.276924
 2192   8768.00      -57.2273    -85.4705288129    -85.4592306877    0.307438
 2193   8772.00       59.2993    -85.4492101403    -85.4398630526    0.254347
 2194   8776.00       59.9430    -85.4641491722    -85.4569365267    0.196266
 2195   8780.00       58.2753    -85.4815692451    -85.4741274603    0.202501
 2196   8784.00      -52.3390    -85.4678766897    -85.4571888135    0.290832
 2197   8788.00      -45.5167    -85.4556044993    -85.4425191200    0.356071
 2198   8792.00       45.6017    -85.4679532140    -85.4565924177    0.309143
 2199   8796.00       45.9231    -85.4701717737    -85.4630088678    0.194913
 2200   8800.00      -52.5094    -85.4616422235    -85.4563124194    0.145031
 2201   8804.00      -53.5485    -85.4760237190    -85.4692464483    0.184419
 2202   8808.00       48.1942    -85.4745082216    -85.4651440964    0.254811
 2203   8812.00      -45.6326    -85.4633631143    -85.4525340200    0.294675
 2204   8816.00      -45.2399    -85.4628944570    -85.4537128119    0.249845
 2205   8820.00       43.3829    -85.4623156158    -85.4567902238    0.150354
 2206   8824.00      -37.1212    -85.4758401286    -85.4691572722    0.181850
 2207   8828.00      -30.6583    -85.4670391437    -85.4576486122    0.255529
 2208   8832.00      -30.3343    -85.4633750101    -85.4529602410    0.283400
 2209   8836.00       32.1273    -85.4695472596    -85.4601386575    0.256021
 2210   8840.00      -35.3106    -85.4631401901    -85.4580771044    0.137774
 2211   8844.00       41.8712    -85.4755739165    -85.4711508859    0.120357
 2212   8848.00      -37.1356    -85.4728484459    -85.4670745578    0.157115
 2213   8852.00      -37.4505    -85.4744732164    -85.4662095309    0.224866
 2214   8856.00       35.0991    -85.4691973616    -85.4596129329    0.260806
 2215   8860.00       37.6774    -85.4552805819    -85.4483449813    0.188727
 2216   8864.00      -38.7620    -85.4645089087    -85.4603192629    0.114006
 2217   8868.00       40.1596    -85.4682165255    -85.4644464937    0.102588
 2218   8872.00      -42.7726    -85.4775018097    -85.4725203511    0.135552
 2219   8876.00       40.3152    -85.4702967136    -85.4634185167    0.187165
 2220   8880.00      -40.9614    -85.4525188278    -85.4447409456    0.211647
 2221   8884.00      -32.0621    -85.4675310894    -85.4611997298    0.172285
 2222   8888.00      -34.5280    -85.4729500981    -85.4676809962    0.143380
 2223   8892.00      -33.9810    -85.4634028829    -85.4583568041    0.137311
 2224   8896.00      -33.7056    -85.4630075724    -85.4578612360    0.140039
 2225   8900.00      -37.4679    -85.4722197143    -85.4658870487    0.172321
 2226   8904.00      -36.6084    -85.4687791217    -85.4619812721    0.184979
 2227   8908.00       40.0341    -85.4705125483    -85.4638850918    0.180342
 2228   8912.00       39.3248    -85.4721252813    -85.4653995121    0.183018
 2229   8916.00      -43.0356    -85.4578317046    -85.4516010123    0.169546
 2230   8920.00       41.4166    -85.4696946674    -85.4626119502    0.192731
 2231   8924.00       40.4145    -85.4801616487    -85.4727218161    0.202448
 2232   8928.00      -43.2648    -85.4678749196    -85.4615131029    0.173114
 2233   8932.00       46.8088    -85.4743944269    -85.4673378880    0.192018
 2234   8936.00       48.3905    -85.4659305508    -85.4584539785    0.203448
 2235   8940.00      -48.9629    -85.4705472855    -85.4619972119    0.232659
 2236   8944.00      -47.9672    -85.4769948722    -85.4674967870    0.258456
 2237   8948.00      -50.7011    -85.4661519307    -85.4590283719    0.193842
 2238   8952.00       56.5113    -85.4743029519    -85.4687229770    0.151839
 2239   8956.00      -57.0307    -85.4657937863    -85.4601683689    0.153075
 2240   8960.00      -53.6397    -85.4680243051    -85.4615284044    0.176762
 2241   8964.00       42.3395    -85.4773215575    -85.4688118805    0.231560
 2242   8968.00      -42.0315    -85.4571188301    -85.4462729462    0.295132
 2243   8972.00      -33.1909    -85.4562944073    -85.4461408792    0.276292
 2244   8976.00      -43.9017    -85.4706453902    -85.4627561742    0.214677
 2245   8980.00      -50.4159    -85.4701174141    -85.4636734013    0.175351
 2246   8984.00       50.1258    -85.4729515279    -85.4659802603    0.189698
 2247   8988.00      -49.8582    -85.4649354943    -85.4565817840    0.227316
 2248   8992.00       54.0220    -85.4706757434    -85.4605396261    0.275818
 2249   8996.00      -56.5425    -85.4633614037    -85.4528618811    0.285707
 2250   9000.00       54.4889    -85.4691461660    -85.4605457241    0.234030
 2251   9004.00       55.8678    -85.4703130858    -85.4623797804    0.215876
 2252   9008.00       52.4624    -85.4571665843    -85.4479330827    0.251256
 2253   9012.00      -54.9407    -85.4683872553    -85.4574365496    0.297984
 2254   9016.00      -55.2969    -85.4723699068    -85.4605040496    0.322886
 2255   9020.00       52.1459    -85.4779316129    -85.4672122341    0.291689
 2256   9024.00       58.0088    -85.4593439217    -85.4511789061    0.222181
 2257   9028.00      -57.1441    -85.4590532436    -85.4502868114    0.238547
 2258   9032.00      -58.8380    -85.4802130447    -85.4690891876    0.302696
 2259   9036.00       59.1738    -85.4682787825    -85.4563288801    0.325173
 2260   9040.00       55.3858    -85.4734986362    -85.4623441444    0.303529
 2261   9044.00       53.4336    -85.4685058108    -85.4601406534    0.227628
 2262   9048.00       45.4730    -85.4639847498    -85.4566014330    0.200910
 2263   9052.00       48.1329    -85.4652111013    -85.4547972452    0.283375
 2264   9056.00      -51.9789    -85.4608155550    -85.4475996562    0.359623
 2265   9060.00      -51.8127    -85.4865731047    -85.4723635951    0.386660
 2266   9064.00      -53.2041    -85.4731798664    -85.4611752396    0.326663
 2267   9068.00       58.5320    -85.4592858694    -85.4507446496    0.232418
 2268   9072.00      -61.5191    -85.4726596078    -85.4651381418    0.204670
 2269   9076.00      -61.4315    -85.4717487552    -85.4618188643    0.270206
 2270   9080.00      -61.9869    -85.4710982048    -85.4571640738    0.379167
 2271   9084.00      -58.5442    -85.4662945928    -85.4517211227    0.396564
 2272   9088.00       62.0866    -85.4662696520    -85.4538005062    0.339303
 2273   9092.00      -63.8494    -85.4700226011    -85.4616935872    0.226644
 2274   9096.00       65.9058    -85.4623903075    -85.4559079794    0.176393
 2275   9100.00       60.1705    -85.4584604506    -85.4508445536    0.207239
 2276   9104.00       55.7573    -85.4612966552    -85.4506551189    0.289571
 2277   9108.00      -56.9180    -85.4661272405    -85.4537663471    0.336357
 2278   9112.00       57.1229    -85.4612453103    -85.4497061088    0.313998
 2279   9116.00       60.5103    -85.4629362095    -85.4527862530    0.276194
 2280   9120.00       62.6420    -85.4761832117    -85.4667365684    0.257056
 2281   9124.00       57.1679    -85.4672382798    -85.4567905295    0.284298
 2282   9128.00       57.5760    -85.4641359704    -85.4512426643    0.350845
 2283   9132.00      -65.1278    -85.4686006954    -85.4564022825    0.331936
 2284   9136.00      -60.7394    -85.4751865709    -85.4644143328    0.293128
 2285   9140.00       62.8185    -85.4644709116    -85.4546597626    0.266975
 2286   9144.00      -59.7957    -85.4598722717    -85.4503144049    0.260083
 2287   9148.00       54.8530    -85.4784540833    -85.4675636642    0.296343
 2288   9152.00      -60.5766    -85.4728312180    -85.4615785573    0.306200
 2289   9156.00       58.2452    -85.4578475030    -85.4472279935    0.288972
 2290   9160.00      -57.6791    -85.4681546289    -85.4587805480    0.255082
 2291   9164.00      -61.8540    -85.4692444475    -85.4606522458    0.233806
 2292   9168.00      -59.6208    -85.4707853105    -85.4607686282    0.272568
 2293   9172.00      -65.5402    -85.4716643486    -85.4587209406    0.352208
 2294   9176.00      -67.6311    -85.4695979508    -85.4562791497    0.362423
 2295   9180.00       57.3325    -85.4610831308    -85.4500693503    0.299700
 2296   9184.00      -54.5829    -85.4638134192    -85.4548254481    0.244575
 2297   9188.00      -51.0530    -85.4771387423    -85.4679517943    0.249990
 2298   9192.00       38.7055    -85.4703515809    -85.4582038949    0.330555
 2299   9196.00      -47.0332    -85.4699811637    -85.4548736936    0.411095
 2300   9200.00       47.0080    -85.4811820518    -85.4672964808    0.377846
 2301   9204.00      -49.3116    -85.4740950321    -85.4630407342    0.300803
 2302   9208.00       58.0044    -85.4664386212    -85.4566007574    0.267702
 2303   9212.00      -54.9223    -85.4677704918    -85.4570729112    0.291096
 2304   9216.00      -51.4670    -85.4701283315    -85.4573059959    0.348914
 2305   9220.00       48.5458    -85.4836992861    -85.4713021208    0.337344
 2306   9224.00       47.7258    -85.4680409282    -85.4574675079    0.287717
 2307   9228.00      -52.8096    -85.4594147901    -85.4500617311    0.254510
 2308   9232.00      -57.8755    -85.4670724886    -85.4569476166    0.275512
 2309   9236.00       55.2307    -85.4656771241    -85.4524719778    0.359330
 2310   9240.00      -51.3558    -85.4700978738    -85.4551506449    0.406735
 2311   9244.00      -48.7909    -85.4761844616    -85.4632559882    0.351802
 2312   9248.00      -64.3097    -85.4717745220    -85.4619006976    0.268680
 2313   9252.00      -75.1286    -85.4578749523    -85.4495760278    0.225825
 2314   9256.00      -67.1758    -85.4572974091    -85.4473404456    0.270943
 2315   9260.00       57.5899    -85.4712193567    -85.4567561725    0.393563
 2316   9264.00       57.6841    -85.4649501994    -85.4487771839    0.440090
 2317   9268.00       63.9686    -85.4762109328    -85.4630034075    0.359395
 2318   9272.00       75.0979    -85.4712941227    -85.4620296191    0.252100
 2319   9276.00      -75.0065    -85.4670736502    -85.4591248998    0.216297
 2320   9280.00      -70.9493    -85.4714013377    -85.4610502747    0.281667
 2321   9284.00       78.8432    -85.4657402857    -85.4529888720    0.346984
 2322   9288.00       89.6608    -85.4621251435    -85.4503246851    0.321107
 2323   9292.00      101.7475    -85.4673172835    -85.4572591446    0.273696
 2324   9296.00      102.2552    -85.4727040116    -85.4635044180    0.250334
 2325   9300.00      -90.5792    -85.4534870320    -85.4427971099    0.290888
 2326   9304.00       92.6890    -85.4574574494    -85.4434683620    0.380662
 2327   9308.00     -100.7710    -85.4731996417    -85.4594633513    0.373783
 2328   9312.00      109.4816    -85.4787120928    -85.4673810185    0.308334
 2329   9316.00      117.7759    -85.4673287439    -85.4573995409    0.270187
 2330   9320.00     -113.6931    -85.4496518088    -85.4401922557    0.257408
 2331   9324.00     -117.4395    -85.4450566040    -85.4331429092    0.324188
 2332   9328.00      126.1460    -85.4696572076    -85.4548029893    0.404204
 2333   9332.00      126.2426    -85.4820197158    -85.4674608389    0.396167
 2334   9336.00      123.3370    -85.4655792544    -85.4537258586    0.322547
 2335   9340.00      121.9596    -85.4542770790    -85.4446570881    0.261773
 2336   9344.00     -120.5017    -85.4590832534    -85.4493527800    0.264780
 2337   9348.00     -125.4600    -85.4717846364    -85.4603766360    0.310428
 2338   9352.00     -119.6232    -85.4685976964    -85.4556550138    0.352188
 2339   9356.00      109.6167    -85.4571279691    -85.4449519183    0.331327
 2340   9360.00      107.4052    -85.4647096699    -85.4550898164    0.261770
 2341   9364.00     -108.6602    -85.4611613185    -85.4527551595    0.228743
 2342   9368.00     -115.4117    -85.4579539983    -85.4491226364    0.240314
 2343   9372.00     -117.7794    -85.4671515609    -85.4572640268    0.269054
 2344   9376.00      108.7578    -85.4620400731    -85.4507903998    0.306119
 2345   9380.00      102.2319    -85.4681356527    -85.4568238953    0.307809
 2346   9384.00      100.5797    -85.4624366241    -85.4522272547    0.277811
 2347   9388.00      -98.5687    -85.4561210330    -85.4463487113    0.265918
 2348   9392.00       96.9856    -85.4600702987    -85.4497348619    0.281242
 2349   9396.00      -89.8949    -85.4528842189    -85.4427635781    0.275397
 2350   9400.00      -87.1476    -85.4629875616    -85.4531630700    0.267338
 2351   9404.00       87.1717    -85.4723595735    -85.4643953868    0.216717
 2352   9408.00      -80.9272    -85.4692461725    -85.4624684293    0.184432
 2353   9412.00       76.2959    -85.4672480337    -85.4589088786    0.226920
 2354   9416.00      -69.5417    -85.4579466539    -85.4470308352    0.297035
 2355   9420.00       68.3110    -85.4667993524    -85.4521128449    0.399640
 2356   9424.00      -67.1243    -85.4732556844    -85.4584026335    0.404172
 2357   9428.00      -62.2167    -85.4699797470    -85.4607466307    0.251246
 2358   9432.00       59.9658    -85.4489475353    -85.4432927713    0.153874
 2359   9436.00       56.9028    -85.4515475560    -85.4463725831    0.140818
 2360   9440.00       47.7741    -85.4795043146    -85.4714978635    0.217867
 2361   9444.00      -44.6707    -85.4641729996    -85.4510579368    0.356879
 2362   9448.00       38.8561    -85.4559559975    -85.4431781542    0.347703
 2363   9452.00      -43.1443    -85.4644266306    -85.4557496366    0.236113
 2364   9456.00      -47.7572    -85.4622296233    -85.4563153191    0.160936
 2365   9460.00      -47.4147    -85.4738525870    -85.4672334866    0.180115
 2366   9464.00       38.9366    -85.4593990132    -85.4496348870    0.265695
 2367   9468.00       30.9735    -85.4606136811    -85.4494292538    0.304344
 2368   9472.00       32.5257    -85.4694190591    -85.4605089064    0.242458
 2369   9476.00       43.8860    -85.4462171982    -85.4407576216    0.148563
 2370   9480.00      -48.7462    -85.4531841182    -85.4485566508    0.125920
 2371   9484.00      -43.4183    -85.4582213519    -85.4511880088    0.191387
 2372   9488.00      -33.6565    -85.4683905658    -85.4572649435    0.302744
 2373   9492.00      -36.3972    -85.4737672850    -85.4624526911    0.307886
 2374   9496.00       46.7487    -85.4648201400    -85.4563322468    0.230967
 2375   9500.00       55.8387    -85.4609092735    -85.4531090656    0.212254
 2376   9504.00       57.0493    -85.4511352538    -85.4428926486    0.224293
 2377   9508.00       54.9379    -85.4655326234    -85.4554971955    0.273078
 2378   9512.00       55.9939    -85.4684228208    -85.4578798020    0.286890
 2379   9516.00      -61.2391    -85.4641407429    -85.4551467517    0.244739
 2380   9520.00      -63.5862    -85.4746582611    -85.4668527533    0.212399
 2381   9524.00       62.6629    -85.4602659723    -85.4533942884    0.186988
 2382   9528.00       52.2553    -85.4626028329    -85.4536820266    0.242748
 2383   9532.00       58.8912    -85.4856991332    -85.4734596887    0.333052
 2384   9536.00      -65.4197    -85.4671674578    -85.4547617185    0.337577
 2385   9540.00      -69.2406    -85.4611108357    -85.4507400025    0.282205
 2386   9544.00      -66.8241    -85.4615516404    -85.4540733063    0.203496
 2387   9548.00      -63.8452    -85.4670725924    -85.4606147164    0.175728
 2388   9552.00      -65.0242    -85.4685508455    -85.4606005837    0.216338
 2389   9556.00      -66.0684    -85.4624546748    -85.4519522203    0.285786
 2390   9560.00       68.4841    -85.4755275250    -85.4628846586    0.344030
 2391   9564.00       67.2502    -85.4714585923    -85.4597638466    0.318230
 2392   9568.00      -68.6300    -85.4709782266    -85.4614393229    0.259567
 2393   9572.00      -65.7378    -85.4655178631    -85.4574225565    0.220285
 2394   9576.00      -67.5510    -85.4442803106    -85.4357674917    0.231646
 2395   9580.00      -62.7442    -85.4644589297    -85.4551180833    0.254177
 2396   9584.00      -61.0063    -85.4697378609    -85.4601248837    0.261582
 2397   9588.00      -64.1091    -85.4682644258    -85.4589493247    0.253477
 2398   9592.00      -65.9069    -85.4655537888    -85.4569871347    0.233111
 2399   9596.00      -65.4716    -85.4455622082    -85.4367961222    0.238537
 2400   9600.00       63.8820    -85.4656252440    -85.4560279716    0.261155
 2401   9604.00       55.8686    -85.4777694304    -85.4670388101    0.291995
 2402   9608.00      -51.5620    -85.4708875493    -85.4594273211    0.311849
 2403   9612.00      -45.0619    -85.4542623898    -85.4438777606    0.282580
 2404   9616.00       51.3389    -85.4498937452    -85.4386075733    0.307112
 2405   9620.00      -49.1099    -85.4676425990    -85.4554435325    0.331954
 2406   9624.00      -43.5956    -85.4776080914    -85.4648812448    0.346315
 2407   9628.00      -43.4289    -85.4827578421    -85.4688442795    0.378607
 2408   9632.00      -41.7065    -85.4589346103    -85.4475875951    0.308768
 2409   9636.00      -41.2716    -85.4520386877    -85.4419570705    0.274335
 2410   9640.00      -37.3810    -85.4676109007    -85.4567289161    0.296114
 2411   9644.00      -34.0225    -85.4618918683    -85.4495656466    0.335414
 2412   9648.00      -36.0351    -85.4689820081    -85.4557875730    0.359039
 2413   9652.00       32.7582    -85.4650075492    -85.4540713517    0.297589
 2414   9656.00       32.3609    -85.4654543738    -85.4569018074    0.232727
 2415   9660.00       31.7354    -85.4665712340    -85.4582444373    0.226584
 2416   9664.00       30.2668    -85.4682429975    -85.4566090297    0.316576
 2417   9668.00       31.5381    -85.4739333351    -85.4596372777    0.389016
 2418   9672.00      -33.1664    -85.4567805246    -85.4420023858    0.402134
 2419   9676.00       33.4932    -85.4697143622    -85.4574908271    0.332619
 2420   9680.00      -31.3329    -85.4761912605    -85.4679420529    0.224472
 2421   9684.00      -28.8670    -85.4650937774    -85.4561631844    0.243014
 2422   9688.00      -28.0092    -85.4669624826    -85.4544137820    0.341468
 2423   9692.00       29.0538    -85.4549185844    -85.4410233089    0.378110
 2424   9696.00      -29.8600    -85.4735215244    -85.4596979445    0.376159
 2425   9700.00       29.6445    -85.4824171883    -85.4702763655    0.330369
 2426   9704.00      -27.8412    -85.4613347822    -85.4512492383    0.274442
 2427   9708.00       27.4870    -85.4676677863    -85.4566326397    0.300282
 2428   9712.00       31.0328    -85.4634945184    -85.4505154348    0.353179
 2429   9716.00      -34.1756    -85.4659564961    -85.4540547519    0.323863
 2430   9720.00       35.5413    -85.4635158763    -85.4540409916    0.257825
 2431   9724.00      -45.2830    -85.4500335496    -85.4409085353    0.248304
 2432   9728.00       32.0077    -85.4595612506    -85.4495164624    0.273333
 2433   9732.00      -32.9978    -85.4712328625    -85.4585829226    0.344222
 2434   9736.00      -34.7432    -85.4747729609    -85.4610331823    0.373878
 2435   9740.00      -29.4792    -85.4700481218    -85.4584345069    0.316023
 2436   9744.00      -28.1171    -85.4656305238    -85.4564973119    0.248527
 2437   9748.00      -28.9946    -85.4698979870    -85.4604280689    0.257690
 2438   9752.00       31.4909    -85.4666456696    -85.4548488384    0.321008
 2439   9756.00      -39.2355    -85.4682754995    -85.4540408220    0.387345
 2440   9760.00       30.3734    -85.4768718165    -85.4635573725    0.362304
 2441   9764.00       29.1565    -85.4649317504    -85.4552764122    0.262735
 2442   9768.00      -31.8141    -85.4589215619    -85.4527377157    0.168271
 2443   9772.00       34.8328    -85.4664165041    -85.4595421552    0.187061
 2444   9776.00       28.2591    -85.4575752003    -85.4478263567    0.265280
 2445   9780.00      -28.1209    -85.4596987597    -85.4486404107    0.300913
 2446   9784.00      -26.7956    -85.4783198658    -85.4675459233    0.293174
 2447   9788.00       26.0117    -85.4760345193    -85.4680711485    0.216694
 2448   9792.00       26.4456    -85.4616589193    -85.4545111467    0.194501
 2449   9796.00       26.2195    -85.4633126769    -85.4547567486    0.232819
 2450   9800.00       26.6382    -85.4668880032    -85.4581864720    0.236781
 2451   9804.00       25.7342    -85.4724332406    -85.4632991924    0.248550
 2452   9808.00       24.4204    -85.4768695163    -85.4672963284    0.260500
 2453   9812.00       24.4107    -85.4678341991    -85.4588528664    0.244395
 2454   9816.00      -26.3673    -85.4563472997    -85.4475262639    0.240033
 2455   9820.00      -27.9484    -85.4645825871    -85.4558854320    0.236662
 2456   9824.00       29.6646    -85.4606164431    -85.4529421794    0.208827
 2457   9828.00      -31.5818    -85.4713114628    -85.4639125661    0.201334
 2458   9832.00       32.9938    -85.4759235220    -85.4675214648    0.228632
 2459   9836.00      -34.9695    -85.4491681472    -85.4417089395    0.202975
 2460   9840.00      -37.9299    -85.4511954843    -85.4434789568    0.209977
 2461   9844.00      -40.5834    -85.4681359806    -85.4587525030    0.255337
 2462   9848.00       38.3836    -85.4669794552    -85.4580215624    0.243757
 2463   9852.00      -40.6839    -85.4524577922    -85.4445909153    0.214069
 2464   9856.00       39.8073    -85.4622349631    -85.4553443958    0.187502
 2465   9860.00      -42.1321    -85.4633941917    -85.4581609672    0.142403
 2466   9864.00       48.5230    -85.4664641114    -85.4605520931    0.160874
 2467   9868.00      -39.8094    -85.4788008410    -85.4703408321    0.230209
 2468   9872.00       52.0692    -85.4656147498    -85.4550028344    0.288765
 2469   9876.00       53.9905    -85.4683884678    -85.4586463156    0.265097
 2470   9880.00       56.4696    -85.4786000217    -85.4695895210    0.245188
 2471   9884.00       58.4099    -85.4616035584    -85.4535224635    0.219898
 2472   9888.00       54.0570    -85.4520611266    -85.4433709250    0.236472
 2473   9892.00       53.0454    -85.4589709096    -85.4491410655    0.267484
 2474   9896.00       58.1809    -85.4594881663    -85.4509029287    0.233616
 2475   9900.00       60.5155    -85.4639337739    -85.4559192613    0.218086
 2476   9904.00      -64.4919    -85.4781360776    -85.4698934973    0.224292
 2477   9908.00      -63.7821    -85.4582219787    -85.4489296701    0.252857
 2478   9912.00      -64.0611    -85.4549583736    -85.4431259631    0.321976
 2479   9916.00       69.1435    -85.4777489228    -85.4647481509    0.353769
 2480   9920.00       73.0107    -85.4638097859    -85.4531072320    0.291231
 2481   9924.00       70.3697    -85.4765488040    -85.4679788608    0.233200
 2482   9928.00      -65.7934    -85.4787172933    -85.4713730573    0.199847
 2483   9932.00       59.0966    -85.4484409853    -85.4413156416    0.193890
 2484   9936.00       58.6131    -85.4627558999    -85.4538658194    0.241911
 2485   9940.00      -57.4634    -85.4738171436    -85.4636584598    0.276432
 2486   9944.00       54.3459    -85.4644522239    -85.4551358663    0.253511
 2487   9948.00       55.1535    -85.4622618578    -85.4541813001    0.219883
 2488   9952.00      -56.6513    -85.4583257376    -85.4510179599    0.198855
 2489   9956.00       53.7898    -85.4593797794    -85.4530904675    0.171141
 2490   9960.00       58.6759    -85.4690423541    -85.4619366883    0.193355
 2491   9964.00      -54.4350    -85.4527508249    -85.4441159654    0.234966
 2492   9968.00       49.1206    -85.4564367917    -85.4476591536    0.238852
 2493   9972.00      -54.8786    -85.4671027049    -85.4585560904    0.232565
 2494   9976.00      -53.6138    -85.4646761798    -85.4570949922    0.206295
 2495   9980.00      -55.2823    -85.4538303768    -85.4474562727    0.173448
 2496   9984.00      -50.8658    -85.4535641189    -85.4460779092    0.203710
 2497   9988.00       40.9313    -85.4680922687    -85.4582280071    0.268420
 2498   9992.00       46.8012    -85.4618831187    -85.4518461473    0.273120
 2499   9996.00      -55.8187    -85.4599880578    -85.4507105364    0.252454
 2500  10000.00       55.2369    -85.4719491901    -85.4639975618    0.216375
 2501  10004.00      -60.7875    -85.4598530163    -85.4515698756    0.225396
 2502  10008.00      -61.6481    -85.4545984906    -85.4451188743    0.257953
 2503  10012.00      -65.0824    -85.4585389220    -85.4488405836    0.263905
 2504  10016.00      -73.8655    -85.4557477167    -85.4478536510    0.214808
 2505  10020.00      -69.4854    -85.4632393231    -85.4575945202    0.153603
 2506  10024.00      -63.2161    -85.4471633991    -85.4418687961    0.144073
 2507  10028.00       60.3350    -85.4581924967    -85.4509395705    0.197362
 2508  10032.00      -62.3430    -85.4559830423    -85.4462612695    0.264543
 2509  10036.00      -71.9624    -85.4578544136    -85.4487173755    0.248631
 2510  10040.00       82.8435    -85.4651059589    -85.4582342205    0.186990
 2511  10044.00      -87.5583    -85.4533552625    -85.4469198362    0.175117
 2512  10048.00       94.7787    -85.4651868454    -85.4581175242    0.192366
 2513  10052.00      -95.2808    -85.4548463971    -85.4463122876    0.232225
 2514  10056.00       92.4316    -85.4590005999    -85.4486222088    0.282410
 2515  10060.00      -92.2420    -85.4641956623    -85.4543164548    0.268827
 2516  10064.00      -92.8646    -85.4486719450    -85.4404391978    0.224024
 2517  10068.00      -90.9957    -85.4457516880    -85.4372846207    0.230401
 2518  10072.00       86.1359    -85.4558383310    -85.4447538002    0.301625
 2519  10076.00      -81.8397    -85.4579118190    -85.4475915361    0.280829
 2520  10080.00       83.1010    -85.4560291394    -85.4480095897    0.218223
 2521  10084.00      -88.7733    -85.4613458874    -85.4542672608    0.192619
 2522  10088.00      -86.0543    -85.4609976234    -85.4544781414    0.177404
 2523  10092.00       83.5455    -85.4404231354    -85.4323448730    0.219821
 2524  10096.00       75.6304    -85.4485146872    -85.4374790661    0.300295
 2525  10100.00      -69.8052    -85.4640860007    -85.4533634996    0.291774
 2526  10104.00      -63.7747    -85.4688995460    -85.4601598525    0.237819
 2527  10108.00      -60.3717    -85.4544610662    -85.4466020006    0.213856
 2528  10112.00       53.2997    -85.4445642333    -85.4354637507    0.247637
 2529  10116.00       51.7570    -85.4738631410    -85.4619946347    0.322959
 2530  10120.00       53.2752    -85.4777433752    -85.4660487577    0.318227
 2531  10124.00       57.2107    -85.4619092140    -85.4508177822    0.301813
 2532  10128.00       67.9038    -85.4627022051    -85.4512414572    0.311863
 2533  10132.00       65.1536    -85.4683538368    -85.4552066836    0.357752
 2534  10136.00       60.2235    -85.4532321138    -85.4378524734    0.418501
 2535  10140.00       59.2304    -85.4552432130    -85.4405110414    0.400883
 2536  10144.00       58.4371    -85.4775229096    -85.4661656332    0.309047
 2537  10148.00      -64.9274    -85.4688544481    -85.4604661671    0.228257
 2538  10152.00       63.3913    -85.4639008872    -85.4549509886    0.243539
 2539  10156.00      -60.8076    -85.4618002858    -85.4500354308    0.320138
 2540  10160.00       56.0357    -85.4469276553    -85.4336876905    0.360278
 2541  10164.00      -60.1783    -85.4662411349    -85.4549879618    0.306214
 2542  10168.00      -66.8928    -85.4603423090    -85.4515499550    0.239252
 2543  10172.00      -65.8097    -85.4461281182    -85.4378950803    0.224032
 2544  10176.00      -64.9297    -85.4613462356    -85.4507688097    0.287826
 2545  10180.00       64.3997    -85.4644547120    -85.4499584896    0.394462
 2546  10184.00           nan               nan               nan         nan
 2547  10188.00      -70.4076    -85.4611077281    -85.4493472416    0.320019
 2548  10192.00       65.0805    -85.4645794219    -85.4533354692    0.305964
 2549  10196.00      -61.6838    -85.4594809609    -85.4488294626    0.289842
 2550  10200.00      -66.0231    -85.4618307433    -85.4504972291    0.308401
 2551  10204.00      -69.9212    -85.4544554856    -85.4420150304    0.338522
 2552  10208.00       72.6710    -85.4632812116    -85.4527871598    0.285558
 2553  10212.00       72.4965    -85.4730967757    -85.4637700940    0.253792
 2554  10216.00       69.1800    -85.4650167609    -85.4543763226    0.289541
 2555  10220.00       68.1609    -85.4659551451    -85.4537689666    0.331603
 2556  10224.00      -71.7268    -85.4625311299    -85.4512600428    0.306702
 2557  10228.00       73.3822    -85.4589168707    -85.4499263699    0.244644
 2558  10232.00       71.7648    -85.4469438550    -85.4396542630    0.198360
 2559  10236.00      -69.7767    -85.4614927265    -85.4548209470    0.181548
 2560  10240.00       66.4283    -85.4775059263    -85.4692500177    0.224655
 2561  10244.00       64.5050    -85.4663580289    -85.4559664012    0.282771
 2562  10248.00       61.2487    -85.4718111080    -85.4602708239    0.314027
 2563  10252.00       54.1013    -85.4694413455    -85.4570849491    0.336235
 2564  10256.00      -57.1326    -85.4678754105    -85.4558718482    0.326634
 2565  10260.00      -64.9447    -85.4642821012    -85.4527825117    0.312920
 2566  10264.00      -70.5269    -85.4577874553    -85.4470420235    0.292398
 2567  10268.00      -67.3963    -85.4645533533    -85.4549920352    0.260177
 2568  10272.00       55.5001    -85.4698211109    -85.4602043608    0.261685
 2569  10276.00       58.5980    -85.4645215521    -85.4538271179    0.291010
 2570  10280.00      -57.9841    -85.4461323538    -85.4348609724    0.306710
 2571  10284.00      -61.5245    -85.4699610315    -85.4593992221    0.287401
 2572  10288.00      -62.9535    -85.4727731122    -85.4637225169    0.246279
 2573  10292.00       59.5245    -85.4541978904    -85.4473808270    0.185502
 2574  10296.00      -61.2547    -85.4617361612    -85.4537826998    0.216425
 2575  10300.00       66.0726    -85.4545490744    -85.4450859922    0.257504
 2576  10304.00       65.4259    -85.4589089053    -85.4490171400    0.269169
 2577  10308.00      -63.7945    -85.4618247639    -85.4497400655    0.328841
 2578  10312.00      -56.9007    -85.4568391138    -85.4440468974    0.348094
 2579  10316.00      -55.0476    -85.4512882424    -85.4404239324    0.295633
 2580  10320.00       61.4436    -85.4567695160    -85.4474142193    0.254571
 2581  10324.00       66.5538    -85.4727284115    -85.4637234458    0.245038
 2582  10328.00      -65.5388    -85.4687336931    -85.4595804144    0.249073
 2583  10332.00       62.1725    -85.4660864453    -85.4558550793    0.278410
 2584  10336.00      -58.4029    -85.4548305789    -85.4420416386    0.348005
 2585  10340.00      -58.5958    -85.4720831764    -85.4591657601    0.351501
 2586  10344.00       62.9407    -85.4807413246    -85.4709635337    0.266067
 2587  10348.00      -67.7484    -85.4529731216    -85.4462906400    0.181840
 2588  10352.00       70.5834    -85.4502826185    -85.4447213394    0.151330
 2589  10356.00       70.4328    -85.4587305922    -85.4533041471    0.147661
 2590  10360.00       62.0685    -85.4662035840    -85.4602858548    0.161030
 2591  10364.00      -59.4759    -85.4644935729    -85.4562185596    0.225175
 2592  10368.00       58.2366    -85.4646726359    -85.4549163819    0.265481
 2593  10372.00       60.0461    -85.4737506915    -85.4630485474    0.291220
 2594  10376.00      -63.1701    -85.4638580100    -85.4536194196    0.278606
 2595  10380.00       61.6218    -85.4659785706    -85.4564826145    0.258398
 2596  10384.00       63.4324    -85.4588894113    -85.4496061921    0.252609
 2597  10388.00      -63.6788    -85.4620569250    -85.4535215168    0.232260
 2598  10392.00      -63.2433    -85.4690269853    -85.4608710395    0.221935
 2599  10396.00       66.8145    -85.4652514580    -85.4552715093    0.271568
 2600  10400.00      -64.8538    -85.4764745703    -85.4648333783    0.316773
 2601  10404.00       60.6089    -85.4641313054    -85.4519991426    0.330133
 2602  10408.00       62.1717    -85.4587968060    -85.4493118824    0.258098
 2603  10412.00       61.3765    -85.4600928308    -85.4535384424    0.178354
 2604  10416.00      -67.6424    -85.4568665040    -85.4497020252    0.194955
 2605  10420.00      -64.4380    -85.4665083667    -85.4578930064    0.234436
 2606  10424.00       61.7289    -85.4572393968    -85.4482187120    0.245465
 2607  10428.00      -64.2934    -85.4558848920    -85.4462831083    0.261278
 2608  10432.00      -67.7578    -85.4639546845    -85.4550214689    0.243085
 2609  10436.00       66.0910    -85.4636777004    -85.4565185127    0.194811
 2610  10440.00       63.4094    -85.4687759172    -85.4607869223    0.217392
 2611  10444.00       59.5053    -85.4598074273    -85.4500829892    0.264615
 2612  10448.00       62.5778    -85.4491399131    -85.4395339207    0.261392
 2613  10452.00       65.7930    -85.4585551631    -85.4498129839    0.237887
 2614  10456.00      -62.1966    -85.4655853528    -85.4571153090    0.230482
 2615  10460.00       59.1060    -85.4599190630    -85.4523407405    0.206217
 2616  10464.00       54.3631    -85.4602274639    -85.4532238433    0.190578
 2617  10468.00      -56.8309    -85.4745327223    -85.4680847141    0.175459
 2618  10472.00       60.5554    -85.4607169951    -85.4549206132    0.157728
 2619  10476.00      -60.5107    -85.4409446123    -85.4353683550    0.151738
 2620  10480.00       54.6283    -85.4571980728    -85.4509457421    0.170135
 2621  10484.00       51.2426    -85.4686345551    -85.4609536257    0.209009
 2622  10488.00      -52.9576    -85.4764535958    -85.4684625622    0.217447
 2623  10492.00       54.5813    -85.4638492968    -85.4559969085    0.213674
 2624  10496.00       51.8722    -85.4509639658    -85.4433998847    0.205829
 2625  10500.00       44.3463    -85.4692128220    -85.4617945656    0.201861
 2626  10504.00       42.9283    -85.4677961708    -85.4600369127    0.211140
 2627  10508.00       43.2002    -85.4673778761    -85.4606676577    0.182594
 2628  10512.00       46.1736    -85.4688493658    -85.4630292136    0.158374
 2629  10516.00       51.6541    -85.4663262840    -85.4599739573    0.172856
 2630  10520.00      -50.3255    -85.4639706342    -85.4553582168    0.234356
 2631  10524.00      -42.6111    -85.4524259521    -85.4415286107    0.296532
 2632  10528.00       44.2870    -85.4616320628    -85.4513579946    0.279572
 2633  10532.00      -42.2636    -85.4721838706    -85.4649920007    0.195701
 2634  10536.00       47.5912    -85.4697341343    -85.4645272792    0.141686
 2635  10540.00       48.1782    -85.4679449432    -85.4632346228    0.128174
 2636  10544.00      -48.7446    -85.4647716841    -85.4597135912    0.137638
 2637  10548.00      -45.9302    -85.4600676857    -85.4537658419    0.171482
 2638  10552.00       46.7179    -85.4600209940    -85.4530595350    0.189431
 2639  10556.00       43.0717    -85.4615053478    -85.4550390593    0.175957
 2640  10560.00       38.6192    -85.4587250226    -85.4503771641    0.227157
 2641  10564.00      -39.0372    -85.4606455522    -85.4501084507    0.286729
 2642  10568.00      -42.8369    -85.4559945351    -85.4469622454    0.245781
 2643  10572.00       49.8004    -85.4661760760    -85.4595569226    0.180116
 2644  10576.00      -48.1672    -85.4819990536    -85.4765106049    0.149348
 2645  10580.00       46.0939    -85.4639092471    -85.4580462826    0.159539
 2646  10584.00      -43.1157    -85.4567160058    -85.4502459516    0.176059
 2647  10588.00       41.2448    -85.4643666213    -85.4579333875    0.175057
 2648  10592.00       51.8208    -85.4595582643    -85.4549756316    0.124700
 2649  10596.00      -58.5190    -85.4634061296    -85.4590835924    0.117622
 2650  10600.00      -53.6520    -85.4602561311    -85.4553110067    0.134564
 2651  10604.00      -54.9444    -85.4488522222    -85.4415642807    0.198315
 2652  10608.00       51.6530    -85.4594476823    -85.4518531292    0.206658
 2653  10612.00      -56.3745    -85.4621649409    -85.4555126142    0.181019
 2654  10616.00      -54.9523    -85.4741000526    -85.4683270052    0.157093
 2655  10620.00      -45.0475    -85.4702405007    -85.4637558546    0.176456
 2656  10624.00      -43.6486    -85.4527022395    -85.4452603315    0.202505
 2657  10628.00      -45.7533    -85.4625462377    -85.4563925472    0.167450
 2658  10632.00       51.5795    -85.4682005155    -85.4638182210    0.119248
 2659  10636.00      -60.6510    -85.4578107219    -85.4533212139    0.122166
 2660  10640.00      -55.4715    -85.4509537339    -85.4457571147    0.141407
 2661  10644.00      -49.7905    -85.4460630992    -85.4366748165    0.255468
 2662  10648.00      -47.9748    -85.4681243054    -85.4565872440    0.313939
 2663  10652.00       46.0591    -85.4731236049    -85.4649165529    0.223325
 2664  10656.00      -59.8193    -85.4495896568    -85.4449924034    0.125098
 2665  10660.00      -56.2974    -85.4488927205    -85.4445249304    0.118854
 2666  10664.00      -52.8832    -85.4529870500    -85.4486971935    0.116733
 2667  10668.00       47.0513    -85.4591743430    -85.4502726663    0.242227
 2668  10672.00      -47.9863    -85.4617261526    -85.4508552916    0.295811
 2669  10676.00       60.6066    -85.4550310624    -85.4469117956    0.220937
 2670  10680.00       64.7582    -85.4611381427    -85.4551816426    0.162085
 2671  10684.00       64.8702    -85.4615786342    -85.4558712939    0.155305
 2672  10688.00      -65.4769    -85.4642708927    -85.4572977069    0.189750
 2673  10692.00       63.2931    -85.4582085175    -85.4489220303    0.252698
 2674  10696.00      -55.5588    -85.4493752376    -85.4399260121    0.257127
 2675  10700.00       52.4924    -85.4544474846    -85.4469972075    0.202732
 2676  10704.00      -49.3151    -85.4556312574    -85.4486839535    0.189046
 2677  10708.00      -57.3923    -85.4634703667    -85.4538820538    0.260911
 2678  10712.00       62.6786    -85.4637792014    -85.4531524133    0.289170
 2679  10716.00       61.1297    -85.4658211796    -85.4577058856    0.220828
 2680  10720.00      -58.2285    -85.4572473144    -85.4518719437    0.146271
 2681  10724.00       61.5977    -85.4478764464    -85.4432666868    0.125438
 2682  10728.00      -62.4688    -85.4637656769    -85.4586259301    0.139860
 2683  10732.00       63.1475    -85.4644632725    -85.4559551186    0.231519
 2684  10736.00      -57.0003    -85.4572351476    -85.4465265004    0.291397
 2685  10740.00      -60.8464    -85.4594775363    -85.4506045340    0.241447
 2686  10744.00       63.2745    -85.4560310632    -85.4496507400    0.173617
 2687  10748.00       61.9798    -85.4571674499    -85.4504993369    0.181449
 2688  10752.00       64.7311    -85.4591164934    -85.4506769006    0.229653
 2689  10756.00      -68.1734    -85.4682352726    -85.4587314096    0.258613
 2690  10760.00      -69.3247    -85.4698289004    -85.4598869055    0.270535
 2691  10764.00      -65.6395    -85.4622158690    -85.4532504719    0.243961
 2692  10768.00      -66.4468    -85.4462732971    -85.4376467722    0.234740
 2693  10772.00       61.1356    -85.4473614194    -85.4390601005    0.225890
 2694  10776.00      -61.5309    -85.4530253465    -85.4459793653    0.191731
 2695  10780.00      -58.5615    -85.4547080209    -85.4484572030    0.170093
 2696  10784.00      -50.7687    -85.4637397501    -85.4570517225    0.181991
 2697  10788.00       47.3206    -85.4580424503    -85.4495668396    0.230633
 2698  10792.00       45.6040    -85.4484061592    -85.4391573291    0.251673
 2699  10796.00      -42.0185    -85.4565289576    -85.4495008321    0.191245
 2700  10800.00      -40.2578    -85.4743896184    -85.4695380710    0.132017
 2701  10804.00      -39.4314    -85.4666084118    -85.4617908804    0.131092
 2702  10808.00      -33.1140    -85.4558413764    -85.4489678482    0.187038
 2703  10812.00      -26.9658    -85.4605726459    -85.4509115767    0.262891
 2704  10816.00       28.5331    -85.4550348312    -85.4443490305    0.290775
 2705  10820.00      -27.9243    -85.4499490821    -85.4404265185    0.259122
 2706  10824.00      -26.0194    -85.4635264325    -85.4531528516    0.282280
 2707  10828.00       23.1624    -85.4630902433    -85.4488044084    0.388737
 2708  10832.00      -24.8672    -85.4635429834    -85.4493883495    0.385167
 2709  10836.00      -36.2977    -85.4562546804    -85.4468118317    0.256953
 2710  10840.00       42.3412    -85.4381050228    -85.4318430626    0.170397
 2711  10844.00       42.9643    -85.4528858898    -85.4479301047    0.134854
 2712  10848.00       41.4531    -85.4670190136    -85.4599797638    0.191548
 2713  10852.00       38.4515    -85.4505754117    -85.4401570383    0.283498
 2714  10856.00       37.2775    -85.4521947991    -85.4432011122    0.244731
 2715  10860.00       38.5989    -85.4562134715    -85.4500676485    0.167236
 2716  10864.00      -31.0628    -85.4582766309    -85.4513361766    0.188859
 2717  10868.00      -31.9995    -85.4717145552    -85.4611242045    0.288178
 2718  10872.00       39.0411    -85.4665466493    -85.4541937502    0.336140
 2719  10876.00      -41.2918    -85.4442013468    -85.4334942489    0.291355
 2720  10880.00      -45.3553    -85.4498728079    -85.4424327288    0.202455
 2721  10884.00      -44.8084    -85.4563511027    -85.4494355132    0.188183
 2722  10888.00      -47.7803    -85.4627298094    -85.4523134170    0.283444
 2723  10892.00       45.1325    -85.4636756622    -85.4495637956    0.384003
 2724  10896.00      -45.5874    -85.4484374903    -85.4355621168    0.350357
 2725  10900.00       36.9831    -85.4439177889    -85.4360089918    0.215209
 2726  10904.00      -42.5368    -85.4512092204    -85.4453091237    0.160550
 2727  10908.00       47.1213    -85.4564278386    -85.4475476555    0.241642
 2728  10912.00       51.3122    -85.4581470602    -85.4457430349    0.337531
 2729  10916.00      -54.8284    -85.4679289957    -85.4564326911    0.312830
 2730  10920.00      -54.6887    -85.4500225442    -85.4427631229    0.197539
 2731  10924.00      -60.3625    -85.4387603168    -85.4340722853    0.127568
 2732  10928.00       61.4569    -85.4566259943    -85.4511047779    0.150240
 2733  10932.00       54.1280    -85.4619494757    -85.4512756716    0.290449
 2734  10936.00       49.6156    -85.4559255043    -85.4421641922    0.374464
 2735  10940.00       49.9243    -85.4607980242    -85.4487627531    0.327496
 2736  10944.00      -58.0197    -85.4658486727    -85.4565813912    0.252176
 2737  10948.00      -67.1728    -85.4652842921    -85.4575593839    0.210205
 2738  10952.00      -70.1839    -85.4548015186    -85.4465202525    0.225345
 2739  10956.00       61.0560    -85.4623926941    -85.4519992527    0.282820
 2740  10960.00       56.6565    -85.4603276285    -85.4486493023    0.317783
 2741  10964.00      -54.9829    -85.4610495854    -85.4526003496    0.229915
 2742  10968.00      -64.1819    -85.4544843008    -85.4473266287    0.194770
 2743  10972.00       67.9234    -85.4514724269    -85.4430512062    0.229153
 2744  10976.00      -65.4758    -85.4687220048    -85.4588343467    0.269057
 2745  10980.00       68.9749    -85.4654989256    -85.4534635845    0.327498
 2746  10984.00      -72.0936    -85.4580171013    -85.4451251341    0.350808
 2747  10988.00       83.7308    -85.4520449139    -85.4403672639    0.317765
 2748  10992.00       83.3386    -85.4582289609    -85.4474962493    0.292052
 2749  10996.00       73.5839    -85.4610385430    -85.4512035339    0.267624
 2750  11000.00      -73.7357    -85.4641579887    -85.4548331653    0.253741
 2751  11004.00      -72.4792    -85.4641989707    -85.4540914505    0.275040
 2752  11008.00      -72.4327    -85.4615758478    -85.4502025686    0.309483
 2753  11012.00      -73.1784    -85.4591909834    -85.4470607914    0.330079
 2754  11016.00       76.1922    -85.4542852924    -85.4424360364    0.322435
 2755  11020.00      -78.9446    -85.4583409879    -85.4471019326    0.305830
 2756  11024.00      -84.0760    -85.4582989664    -85.4473861967    0.296952
 2757  11028.00      -84.1949    -85.4637669648    -85.4521487231    0.316148
 2758  11032.00       83.8066    -85.4654814749    -85.4532750283    0.332154
 2759  11036.00       83.5401    -85.4520689330    -85.4404414197    0.316401
 2760  11040.00      -82.0222    -85.4538458312    -85.4449561109    0.241902
 2761  11044.00       83.5374    -85.4698184968    -85.4625468189    0.197872
 2762  11048.00       78.3674    -85.4677089782    -85.4602781516    0.202203
 2763  11052.00       73.1445    -85.4545587002    -85.4440649847    0.285549
 2764  11056.00      -73.4640    -85.4655039632    -85.4528624973    0.343992
 2765  11060.00       78.8033    -85.4637439330    -85.4530957746    0.289751
 2766  11064.00      -80.4507    -85.4544677929    -85.4457023261    0.238521
 2767  11068.00       78.4907    -85.4544740800    -85.4461648193    0.226107
 2768  11072.00       76.5627    -85.4584852006    -85.4500506207    0.229517
 2769  11076.00      -67.2625    -85.4727726749    -85.4624690764    0.280375
 2770  11080.00       67.8323    -85.4610468397    -85.4512423929    0.266793
 2771  11084.00      -67.7364    -85.4491543934    -85.4427171463    0.175166
 2772  11088.00      -67.2452    -85.4614851500    -85.4551675630    0.171910
 2773  11092.00      -64.3953    -85.4663387510    -85.4576198024    0.237255
 2774  11096.00       60.3862    -85.4671640041    -85.4564811026    0.290697
 2775  11100.00       66.2685    -85.4583086107    -85.4470904648    0.305261
 2776  11104.00       68.8503    -85.4604504378    -85.4517501872    0.236746
 2777  11108.00       68.7120    -85.4718024728    -85.4649563541    0.186292
 2778  11112.00      -62.9730    -85.4636300694    -85.4551420164    0.230972
 2779  11116.00       59.4032    -85.4597855547    -85.4480694548    0.318811
 2780  11120.00      -52.5628    -85.4613590126    -85.4488190077    0.341231
 2781  11124.00      -49.7947    -85.4593879069    -85.4482078698    0.304224
 2782  11128.00       47.7577    -85.4657840365    -85.4566106532    0.249620
 2783  11132.00       47.4299    -85.4584233677    -85.4491494209    0.252357
 2784  11136.00      -51.8701    -85.4665621678    -85.4556988947    0.295605
 2785  11140.00       52.6290    -85.4715419365    -85.4600833097    0.311805
 2786  11144.00      -49.7631    -85.4576481632    -85.4464350532    0.305124
 2787  11148.00      -49.4021    -85.4551520242    -85.4444783646    0.290445
 2788  11152.00      -45.0880    -85.4573726384    -85.4467475279    0.289124
 2789  11156.00      -43.1057    -85.4588978240    -85.4462743527    0.343502
 2790  11160.00      -40.7224    -85.4667947382    -85.4535367473    0.360768
 2791  11164.00      -39.4656    -85.4640209010    -85.4527297488    0.307248
 2792  11168.00       36.2130    -85.4568257621    -85.4475548142    0.252275
 2793  11172.00       36.2611    -85.4557167387    -85.4478389507    0.214366
 2794  11176.00      -32.1936    -85.4637690633    -85.4557525785    0.218140
 2795  11180.00       42.2370    -85.4793967525    -85.4686377916    0.292766
 2796  11184.00      -43.1335    -85.4595006386    -85.4472435910    0.333531
 2797  11188.00       44.3227    -85.4617139907    -85.4505022455    0.305087
 2798  11192.00       38.0899    -85.4670635885    -85.4576002461    0.257511
 2799  11196.00      -36.4913    -85.4612548867    -85.4515694027    0.263555
 2800  11200.00       37.2848    -85.4707653852    -85.4605826798    0.277086
 2801  11204.00       32.9574    -85.4637900288    -85.4515068350    0.334243
 2802  11208.00      -29.2849    -85.4653059302    -85.4505725809    0.400915
 2803  11212.00      -26.6644    -85.4550587255    -85.4418246995    0.360116
 2804  11216.00       24.6300    -85.4494565609    -85.4387132335    0.292341
 2805  11220.00       30.6680    -85.4750799202    -85.4657387448    0.254186
 2806  11224.00      -34.2402    -85.4638372099    -85.4556744304    0.222121
 2807  11228.00      -32.3874    -85.4531541155    -85.4452571374    0.214888
 2808  11232.00      -37.6101    -85.4642564397    -85.4550271807    0.251141
 2809  11236.00      -28.9214    -85.4624349334    -85.4524008752    0.273041
 2810  11240.00       30.4407    -85.4721661092    -85.4616683675    0.285658
 2811  11244.00       31.8289    -85.4590249558    -85.4468146857    0.332258
 2812  11248.00       27.4068    -85.4681015969    -85.4554632023    0.343908
 2813  11252.00      -24.6788    -85.4787342549    -85.4673890661    0.308718
 2814  11256.00      -29.9753    -85.4577515794    -85.4469271991    0.294546
 2815  11260.00      -25.8844    -85.4527143603    -85.4419470092    0.292995
 2816  11264.00       28.8912    -85.4519086621    -85.4394363922    0.339388
 2817  11268.00       23.8090    -85.4657326159    -85.4513921727    0.390223
 2818  11272.00       28.0990    -85.4679040090    -85.4524681125    0.420032
 2819  11276.00      -36.1382    -85.4603078449    -85.4448024285    0.421924
 2820  11280.00      -34.1231    -85.4601756043    -85.4469435499    0.360063
 2821  11284.00      -38.0526    -85.4605807492    -85.4496891352    0.296376
 2822  11288.00       35.5174    -85.4667454366    -85.4560814067    0.290183
 2823  11292.00      -30.2252    -85.4631479360    -85.4516846078    0.311933
 2824  11296.00       39.6001    -85.4705263100    -85.4574674038    0.355351
 2825  11300.00       38.6309    -85.4587181629    -85.4451173754    0.370096
 2826  11304.00       41.1785    -85.4491225317    -85.4369170834    0.332127
 2827  11308.00       53.4154    -85.4535010097    -85.4446261537    0.241497
 2828  11312.00       47.3188    -85.4586298637    -85.4510447061    0.206403
 2829  11316.00       44.2458    -85.4659277487    -85.4561792437    0.265270
 2830  11320.00      -46.6637    -85.4615768644    -85.4498140597    0.320082
 2831  11324.00       40.8930    -85.4559836400    -85.4437953587    0.331660
 2832  11328.00      -48.0291    -85.4702495169    -85.4584739836    0.320429
 2833  11332.00       49.1391    -85.4551820805    -85.4459606798    0.250927
 2834  11336.00       47.0401    -85.4554110028    -85.4471579476    0.224577
 2835  11340.00      -53.5058    -85.4641319287    -85.4537690804    0.281987
 2836  11344.00       45.2122    -85.4650374529    -85.4548754422    0.276522
 2837  11348.00       43.4124    -85.4674932962    -85.4571938958    0.280261
 2838  11352.00       47.3332    -85.4648706229    -85.4534244484    0.311466
 2839  11356.00      -44.8295    -85.4501258765    -85.4401020231    0.272763
 2840  11360.00      -53.6987    -85.4496517000    -85.4393318151    0.280818
 2841  11364.00       54.1587    -85.4647640434    -85.4545968016    0.276665
 2842  11368.00      -44.5801    -85.4651463077    -85.4570478859    0.220369
 2843  11372.00       49.0762    -85.4541320736    -85.4465488597    0.206350
 2844  11376.00       45.9456    -85.4555236874    -85.4483388927    0.195508
 2845  11380.00       45.6755    -85.4726341822    -85.4643990673    0.224089
 2846  11384.00       47.8179    -85.4673247614    -85.4570489899    0.279618
 2847  11388.00       36.5302    -85.4533271678    -85.4432058035    0.275416
 2848  11392.00      -41.5232    -85.4560505048    -85.4467396042    0.253363
 2849  11396.00       43.1608    -85.4545733518    -85.4462268233    0.227121
 2850  11400.00      -40.2109    -85.4593745839    -85.4515355553    0.213311
 2851  11404.00       44.1936    -85.4750843539    -85.4661188346    0.243964
 2852  11408.00      -34.5466    -85.4633986704    -85.4526812600    0.291636
 2853  11412.00      -36.5585    -85.4574880400    -85.4460363392    0.311617
 2854  11416.00      -38.7717    -85.4630379202    -85.4537091977    0.253847
 2855  11420.00      -36.6687    -85.4674406522    -85.4596632529    0.211634
 2856  11424.00       34.2025    -85.4651311194    -85.4572020337    0.215761
 2857  11428.00       36.0536    -85.4682984778    -85.4589959781    0.253134
 2858  11432.00      -30.3947    -85.4703477962    -85.4598925505    0.284502
 2859  11436.00       31.5830    -85.4691692364    -85.4598578544    0.253376
 2860  11440.00       36.4692    -85.4620592334    -85.4552648564    0.184884
 2861  11444.00       32.7197    -85.4491433283    -85.4429304000    0.169062
 2862  11448.00      -39.0842    -85.4580235031    -85.4503924885    0.207650
 2863  11452.00      -37.1601    -85.4707716718    -85.4624601095    0.226169
 2864  11456.00      -35.6525    -85.4726086937    -85.4633401639    0.252210
 2865  11460.00      -26.6536    -85.4760017560    -85.4668151378    0.249981
 2866  11464.00       37.5020    -85.4556532144    -85.4481359843    0.204554
 2867  11468.00       37.1886    -85.4585338013    -85.4503915205    0.221563
 2868  11472.00      -32.6126    -85.4795977369    -85.4689034820    0.291005
 2869  11476.00       40.0686    -85.4654199579    -85.4548262096    0.288271
 2870  11480.00       39.1623    -85.4491649003    -85.4418282483    0.199640
 2871  11484.00       40.9408    -85.4627412148    -85.4580919679    0.126512
 2872  11488.00       34.6116    -85.4588125413    -85.4542019273    0.125461
 2873  11492.00       31.8396    -85.4564908738    -85.4491661900    0.199315
 2874  11496.00      -27.1361    -85.4686709771    -85.4581458913    0.286402
 2875  11500.00       26.5245    -85.4693436072    -85.4580596651    0.307052
 2876  11504.00      -32.7571    -85.4562897386    -85.4494935517    0.184934
 2877  11508.00      -41.7403    -85.4586253529    -85.4539856726    0.126252
 2878  11512.00       36.8345    -85.4609740002    -85.4559647014    0.136310
 2879  11516.00      -36.4963    -85.4704360899    -85.4638364456    0.179585
 2880  11520.00       37.5786    -85.4628172554    -85.4535792977    0.251378
 2881  11524.00      -27.4757    -85.4584412606    -85.4493283752    0.247974
 2882  11528.00      -31.9699    -85.4604903354    -85.4526675846    0.212868
 2883  11532.00       37.9800    -85.4673300120    -85.4600711806    0.197523
 2884  11536.00       39.3283    -85.4692066356    -85.4623679712    0.186090
 2885  11540.00       47.2629    -85.4459561915    -85.4382316801    0.210195
 2886  11544.00       40.1917    -85.4546884955    -85.4467466162    0.216110
 2887  11548.00      -34.3898    -85.4703463909    -85.4636120252    0.183251
 2888  11552.00      -40.1378    -85.4458062242    -85.4397347117    0.165214
 2889  11556.00      -37.7448    -85.4418561128    -85.4372472014    0.125415
 2890  11560.00       38.5682    -85.4570171066    -85.4533678581    0.099301
 2891  11564.00       39.2024    -85.4773451428    -85.4719426516    0.147009
 2892  11568.00       33.7239    -85.4752336132    -85.4685958752    0.180622
 2893  11572.00      -40.7302    -85.4542501337    -85.4493907521    0.132231
 2894  11576.00       46.1127    -85.4419256054    -85.4375334505    0.119517
 2895  11580.00       48.6934    -85.4542998474    -85.4496998295    0.125173
 2896  11584.00      -48.2031    -85.4669171519    -85.4606393925    0.170827
 2897  11588.00       43.5869    -85.4654632611    -85.4563734203    0.247347
 2898  11592.00       47.8189    -85.4730795223    -85.4633612204    0.264448
 2899  11596.00       53.5260    -85.4576150869    -85.4510225361    0.179392
 2900  11600.00       61.7436    -85.4492010104    -85.4446404755    0.124098
 2901  11604.00      -60.5302    -85.4636279027    -85.4591708213    0.121283
 2902  11608.00       50.5057    -85.4463573199    -85.4412249214    0.139660
 2903  11612.00      -45.1116    -85.4636426423    -85.4561214234    0.204663
 2904  11616.00      -51.7443    -85.4723858932    -85.4631890449    0.250259
 2905  11620.00      -59.1229    -85.4527108040    -85.4461834645    0.177618
 2906  11624.00           nan               nan               nan         nan
 2907  11628.00       64.5244    -85.4509710075    -85.4452602584    0.155397
 2908  11632.00       60.1849    -85.4635566142    -85.4552279892    0.226633
 2909  11636.00      -59.3658    -85.4643426129    -85.4532360434    0.302225
 2910  11640.00      -62.3769    -85.4716037306    -85.4624211828    0.249870
 2911  11644.00      -71.9103    -85.4588915724    -85.4531157131    0.157169
 2912  11648.00       80.9045    -85.4464020741    -85.4403883509    0.163642
 2913  11652.00       75.4685    -85.4675483124    -85.4590655363    0.230828
 2914  11656.00      -76.6354    -85.4611743143    -85.4472059641    0.380098
 2915  11660.00       78.4546    -85.4584202060    -85.4442111792    0.386647
 2916  11664.00      -81.0168    -85.4601773075    -85.4516309187    0.232559
 2917  11668.00       92.8436    -85.4482276657    -85.4413925704    0.185992
 2918  11672.00       90.7588    -85.4561629376    -85.4492654407    0.187690
 2919  11676.00       86.9221    -85.4627136222    -85.4527155323    0.272062
 2920  11680.00      -87.9301    -85.4580358083    -85.4459545834    0.328747
 2921  11684.00      -87.0583    -85.4497780682    -85.4396534545    0.275505
 2922  11688.00       99.3235    -85.4530617576    -85.4452722623    0.211963
 2923  11692.00     -111.5307    -85.4565041483    -85.4475681530    0.243161
 2924  11696.00      -99.1246    -85.4588726228    -85.4468204412    0.327957
 2925  11700.00       86.9679    -85.4689931800    -85.4540325471    0.407100
 2926  11704.00      -83.8154    -85.4590598133    -85.4460234229    0.354738
 2927  11708.00      -87.5945    -85.4652512492    -85.4561400471    0.247928
 2928  11712.00      102.0176    -85.4614522765    -85.4523709970    0.247114
 2929  11716.00       92.8171    -85.4386450487    -85.4289908994    0.262703
 2930  11720.00       85.6159    -85.4643489010    -85.4514209825    0.351787
 2931  11724.00       92.6950    -85.4676840120    -85.4522876830    0.418955
 2932  11728.00       94.0765    -85.4557647700    -85.4442371824    0.313682
 2933  11732.00       97.1414    -85.4567002377    -85.4476215451    0.247044
 2934  11736.00       91.8461    -85.4541375839    -85.4440682053    0.274002
 2935  11740.00       74.6097    -85.4570387913    -85.4449062241    0.330144
 2936  11744.00      -70.5097    -85.4708640069    -85.4570403955    0.376160
 2937  11748.00       77.6637    -85.4707166288    -85.4589069233    0.321358
 2938  11752.00      -80.1351    -85.4587172199    -85.4507525451    0.216730
 2939  11756.00      -83.9298    -85.4530615223    -85.4450622468    0.217671
 2940  11760.00       83.8731    -85.4537604973    -85.4434138426    0.281547
 2941  11764.00      -84.4053    -85.4589119381    -85.4473956717    0.313374
 2942  11768.00      100.5632    -85.4664821031    -85.4530187809    0.366356
 2943  11772.00       99.1920    -85.4621350608    -85.4483976853    0.373813
 2944  11776.00       93.3681    -85.4564749812    -85.4437899540    0.345177
 2945  11780.00       88.8497    -85.4555506738    -85.4434710345    0.328704
 2946  11784.00      -81.3002    -85.4623816444    -85.4519849770    0.282908
 2947  11788.00       85.5971    -85.4618950958    -85.4525162824    0.255211
 2948  11792.00       82.8813    -85.4598707950    -85.4507022329    0.249489
 2949  11796.00      -74.7304    -85.4681551017    -85.4584456804    0.264207
 2950  11800.00       77.9266    -85.4469898290    -85.4353994032    0.315392
 2951  11804.00       76.7163    -85.4483620642    -85.4381868108    0.276883
 2952  11808.00       85.5028    -85.4594919906    -85.4500538713    0.256824
 2953  11812.00      -91.0894    -85.4597727361    -85.4496137273    0.276441
 2954  11816.00      -87.7919    -85.4706504881    -85.4603639413    0.279911
 2955  11820.00      -87.6788    -85.4651286296    -85.4554779968    0.262607
 2956  11824.00       90.7123    -85.4486677676    -85.4414950369    0.195180
 2957  11828.00      -91.7098    -85.4518457894    -85.4450772114    0.184182
 2958  11832.00       91.4937    -85.4578001580    -85.4498632389    0.215975
 2959  11836.00      -84.0870    -85.4689546795    -85.4577575699    0.304689
 2960  11840.00       78.9501    -85.4675285795    -85.4531466447    0.391352
 2961  11844.00       83.4919    -85.4643284359    -85.4519543875    0.336715
 2962  11848.00       86.9718    -85.4482641659    -85.4405025788    0.211204
 2963  11852.00      -86.6918    -85.4618693860    -85.4546383201    0.196767
 2964  11856.00      -78.6395    -85.4720202846    -85.4608965793    0.302691
 2965  11860.00       69.0792    -85.4493544812    -85.4332606132    0.437936
 2966  11864.00       67.8570    -85.4634115366    -85.4470795667    0.444416
 2967  11868.00       66.9541    -85.4640746425    -85.4538498431    0.278231
 2968  11872.00       72.5035    -85.4449180723    -85.4392928777    0.153069
 2969  11876.00      -68.2922    -85.4518207186    -85.4459047192    0.160983
 2970  11880.00      -65.5215    -85.4667705950    -85.4556296124    0.303162
 2971  11884.00       67.8890    -85.4756822197    -85.4609321872    0.401369
 2972  11888.00      -67.7515    -85.4669954450    -85.4531758042    0.376052
 2973  11892.00      -68.3083    -85.4591032909    -85.4495562473    0.259788
 2974  11896.00       65.1526    -85.4497060109    -85.4422774477    0.202141
 2975  11900.00      -56.4309    -85.4564441019    -85.4464901313    0.270861
 2976  11904.00       54.1150    -85.4656636137    -85.4522420073    0.365221
 2977  11908.00      -58.2415    -85.4545538999    -85.4427725164    0.320588
 2978  11912.00       52.6179    -85.4621827174    -85.4555083696    0.181618
 2979  11916.00       53.0989    -85.4594217958    -85.4524947491    0.188495
 2980  11920.00       47.2832    -85.4616210048    -85.4505894656    0.300183
 2981  11924.00      -41.6884    -85.4691333870    -85.4531683989    0.434429
 2982  11928.00      -41.3706    -85.4707464747    -85.4535506652    0.467922
 2983  11932.00       47.0790    -85.4659716795    -85.4537876617    0.331544
 2984  11936.00       48.6701    -85.4408118357    -85.4340695991    0.183466
 2985  11940.00      -48.9968    -85.4476912641    -85.4423278882    0.145945
 2986  11944.00       50.4485    -85.4522331001    -85.4447843332    0.202691
 2987  11948.00      -49.2581    -85.4515649612    -85.4402507820    0.307874
 2988  11952.00      -49.5682    -85.4682758082    -85.4556376850    0.343901
 2989  11956.00      -48.5510    -85.4676743423    -85.4580121012    0.262923
 2990  11960.00      -51.7508    -85.4645594124    -85.4560777983    0.230796
 2991  11964.00       54.0052    -85.4578172823    -85.4495489682    0.224992
 2992  11968.00      -49.0523    -85.4466040258    -85.4369349895    0.263108
 2993  11972.00      -45.8554    -85.4695225149    -85.4567332472    0.348014
 2994  11976.00       48.3793    -85.4611573967    -85.4468921523    0.388177
 2995  11980.00       52.1968    -85.4449500344    -85.4319734277    0.353111
 2996  11984.00      -55.1542    -85.4545119174    -85.4429173625    0.315504
 2997  11988.00       58.2225    -85.4674816895    -85.4575416763    0.270482
 2998  11992.00       65.1775    -85.4576168967    -85.4478318161    0.266266
 2999  11996.00      -69.3512    -85.4539979517    -85.4432007885    0.293806
 3000  12000.00       71.5941    -85.4619128378    -85.4511267829    0.293504
 3001  12004.00       68.0642    -85.4558741736    -85.4461134688    0.265602
 3002  12008.00       66.0160    -85.4479581074    -85.4372328448    0.291849
 3003  12012.00       64.2370    -85.4582373771    -85.4464378943    0.321080
 3004  12016.00      -67.3804    -85.4730217239    -85.4612841787    0.319395
 3005  12020.00      -67.1258    -85.4679391395    -85.4566891275    0.306128
 3006  12024.00       73.5270    -85.4494316684    -85.4403372717    0.247471
 3007  12028.00       79.8468    -85.4502266771    -85.4438229864    0.174253
 3008  12032.00       82.6736    -85.4484830814    -85.4416501495    0.185934
 3009  12036.00      -80.9697    -85.4575555407    -85.4470669467    0.285409
 3010  12040.00       82.0020    -85.4551016216    -85.4417825103    0.362431
 3011  12044.00       78.5766    -85.4520419201    -85.4386882985    0.363371
 3012  12048.00      -82.5255    -85.4565739752    -85.4450273959    0.314198
 3013  12052.00       84.2734    -85.4632467069    -85.4549094209    0.226869
 3014  12056.00      -81.1097    -85.4467595555    -85.4386977718    0.219372
 3015  12060.00      -83.0109    -85.4497240020    -85.4382322597    0.312706
 3016  12064.00      -85.7089    -85.4658061748    -85.4530812329    0.346263
 3017  12068.00      -86.8884    -85.4565585020    -85.4449333971    0.316335
 3018  12072.00      -89.4584    -85.4398071708    -85.4293733028    0.283920
 3019  12076.00      -91.5396    -85.4523742200    -85.4437388879    0.234979
 3020  12080.00      -92.9892    -85.4584412785    -85.4486646645    0.266035
 3021  12084.00      -87.6419    -85.4661498593    -85.4543588966    0.320848
 3022  12088.00       79.2138    -85.4670670871    -85.4554099935    0.317206
 3023  12092.00       73.0512    -85.4476704003    -85.4371323264    0.286756
 3024  12096.00      -72.3564    -85.4509794929    -85.4417708344    0.250580
 3025  12100.00      -75.7972    -85.4578905100    -85.4484914194    0.255762
 3026  12104.00      -74.9585    -85.4639172923    -85.4531914887    0.291864
 3027  12108.00      -76.2576    -85.4634442608    -85.4519029717    0.314054
 3028  12112.00      -75.9500    -85.4483030246    -85.4388830434    0.256331
 3029  12116.00       78.6274    -85.4424565189    -85.4346793696    0.211627
 3030  12120.00       76.1161    -85.4459021509    -85.4383050806    0.206727
 3031  12124.00       68.7598    -85.4533147704    -85.4434165620    0.269344
 3032  12128.00       58.1646    -85.4620659571    -85.4484229459    0.371245
 3033  12132.00      -53.6001    -85.4790687065    -85.4667309442    0.335728
 3034  12136.00      -51.8938    -85.4570653317    -85.4487766601    0.225546
 3035  12140.00       49.4370    -85.4442700544    -85.4376659703    0.179706
 3036  12144.00      -54.4208    -85.4508167753    -85.4446871268    0.166796
 3037  12148.00       55.0251    -85.4628909546    -85.4553070047    0.206370
 3038  12152.00      -56.0287    -85.4589314832    -85.4496135546    0.253554
 3039  12156.00      -56.1566    -85.4640198614    -85.4566235232    0.201265
 3040  12160.00      -61.0688    -85.4651719017    -85.4598948144    0.143597
 3041  12164.00      -60.5522    -85.4461881860    -85.4405477423    0.153484
 3042  12168.00       56.7128    -85.4519562428    -85.4442156517    0.210632
 3043  12172.00      -58.8835    -85.4618241620    -85.4532986871    0.231990
 3044  12176.00      -51.7678    -85.4583050320    -85.4501109993    0.222971
 3045  12180.00      -52.0198    -85.4609853097    -85.4532277076    0.211095
 3046  12184.00       57.1601    -85.4526589802    -85.4466565185    0.163335
 3047  12188.00       57.1789    -85.4480445060    -85.4420265031    0.163758
 3048  12192.00      -59.8034    -85.4589690014    -85.4525745879    0.174001
 3049  12196.00      -59.5605    -85.4644220805    -85.4598715345    0.123827
 3050  12200.00      -62.2624    -85.4522672879    -85.4475374790    0.128705
 3051  12204.00       68.0334    -85.4591927554    -85.4535771700    0.152808
 3052  12208.00       61.9999    -85.4629443236    -85.4572468740    0.155036
 3053  12212.00       55.3948    -85.4562608519    -85.4493908213    0.186943
 3054  12216.00      -49.4052    -85.4563546086    -85.4498486676    0.177036
 3055  12220.00       52.4819    -85.4415927583    -85.4369678688    0.125850
 3056  12224.00       57.9764    -85.4519899272    -85.4467870950    0.141576
 3057  12228.00       62.4041    -85.4543687115    -85.4478472975    0.177457
 3058  12232.00      -64.2004    -85.4483320595    -85.4413935590    0.188806
 3059  12236.00      -68.6440    -85.4705373388    -85.4639295894    0.179806
 3060  12240.00       75.0831    -85.4646959176    -85.4589301254    0.156895
 3061  12244.00      -79.1205    -85.4533569201    -85.4469631876    0.173982
 3062  12248.00       86.2352    -85.4623925023    -85.4539043063    0.230976
 3063  12252.00      -78.5166    -85.4482403851    -85.4407331442    0.204282
 3064  12256.00       81.5030    -85.4379597646    -85.4315375746    0.174757
 3065  12260.00      -84.4999    -85.4448081310    -85.4385721779    0.169689
 3066  12264.00      -81.5715    -85.4638829912    -85.4576468418    0.169694
 3067  12268.00      -80.9805    -85.4565215972    -85.4477938154    0.237495
 3068  12272.00       82.8364    -85.4582021295    -85.4477483759    0.284461
 3069  12276.00      -95.8805    -85.4711896358    -85.4624967140    0.236546
 3070  12280.00     -101.3378    -85.4521693990    -85.4447208101    0.202686
 3071  12284.00      100.5492    -85.4570539083    -85.4496458670    0.201583
 3072  12288.00       97.8991    -85.4514421786    -85.4425396631    0.242250
 3073  12292.00       90.8363    -85.4464928010    -85.4350023633    0.312671
 3074  12296.00      -92.4268    -85.4583421507    -85.4459401272    0.337476
 3075  12300.00      -98.7486    -85.4518049772    -85.4412215011    0.287991
 3076  12304.00     -101.4375    -85.4435147366    -85.4345380002    0.244269
 3077  12308.00       99.3120    -85.4501700552    -85.4390605745    0.302304
 3078  12312.00       96.2940    -85.4547090687    -85.4420001560    0.345827
 3079  12316.00     -101.9364    -85.4595224213    -85.4501512916    0.255001
 3080  12320.00     -109.8903    -85.4629483717    -85.4546167828    0.226714
 3081  12324.00      117.1857    -85.4570506371    -85.4483794833    0.235954
 3082  12328.00      111.8734    -85.4488514887    -85.4395299366    0.253652
 3083  12332.00      109.9751    -85.4629145061    -85.4495045773    0.364903
 3084  12336.00      106.9237    -85.4601457594    -85.4466123413    0.368263
 3085  12340.00           nan               nan               nan         nan
 3086  12344.00     -118.4098    -85.4607965864    -85.4503809549    0.283424
 3087  12348.00     -116.7654    -85.4587227159    -85.4476324047    0.301783
 3088  12352.00     -114.5594    -85.4514237349    -85.4365137013    0.405723
 3089  12356.00      116.4241    -85.4569119626    -85.4395324037    0.472922
 3090  12360.00     -116.3094    -85.4538267854    -85.4399783021    0.376836
 3091  12364.00     -116.9451    -85.4355726441    -85.4251403089    0.283878
 3092  12368.00     -113.4408    -85.4496750703    -85.4400766979    0.261185
 3093  12372.00     -112.1398    -85.4659593401    -85.4548854736    0.301335
 3094  12376.00      115.5927    -85.4501239027    -85.4351760670    0.406751
 3095  12380.00     -114.6594    -85.4683236185    -85.4529298947    0.418885
 3096  12384.00      110.6424    -85.4629251500    -85.4496401664    0.361503
 3097  12388.00      109.6746    -85.4460051640    -85.4340506978    0.325298
 3098  12392.00      110.0539    -85.4578997099    -85.4471312060    0.293026
 3099  12396.00     -116.0853    -85.4516681326    -85.4407796542    0.296291
 3100  12400.00      118.7843    -85.4488826405    -85.4379653989    0.297073
 3101  12404.00      110.5055    -85.4651295800    -85.4554196183    0.264222
 3102  12408.00      108.0725    -85.4691188614    -85.4593385258    0.266136
 3103  12412.00      102.4762    -85.4576756809    -85.4468643411    0.294192
 3104  12416.00      105.2282    -85.4582808784    -85.4452131227    0.355592
 3105  12420.00      108.2372    -85.4707930583    -85.4564894761    0.389220
 3106  12424.00      109.4478    -85.4637785610    -85.4494103928    0.390978
 3107  12428.00      104.6553    -85.4540344141    -85.4401189979    0.378658
 3108  12432.00     -101.6053    -85.4505833592    -85.4395877959    0.299205
 3109  12436.00     -104.3229    -85.4420477240    -85.4327028041    0.254288
 3110  12440.00     -100.8301    -85.4480279990    -85.4389478027    0.247085
 3111  12444.00      100.4334    -85.4659387094    -85.4566274228    0.253373
 3112  12448.00      -93.5527    -85.4596995941    -85.4490416180    0.290018
 3113  12452.00      -92.1787    -85.4678365462    -85.4568667138    0.298504
 3114  12456.00      -95.7827    -85.4570116620    -85.4471655798    0.267926
 3115  12460.00       91.8789    -85.4520323178    -85.4441639950    0.214108
 3116  12464.00      -91.4217    -85.4680557498    -85.4602566909    0.212223
 3117  12468.00       89.2526    -85.4588739859    -85.4492439778    0.262046
 3118  12472.00      -83.1170    -85.4650394604    -85.4533968898    0.316810
 3119  12476.00       84.2313    -85.4647486283    -85.4531429820    0.315806
 3120  12480.00      -75.5536    -85.4575183656    -85.4484771805    0.246023
 3121  12484.00      -69.9373    -85.4544285455    -85.4476803824    0.183627
 3122  12488.00       64.7078    -85.4569366275    -85.4504027692    0.177795
 3123  12492.00       61.1513    -85.4583383103    -85.4496395317    0.236706
 3124  12496.00       60.6441    -85.4385228146    -85.4275711277    0.298011
 3125  12500.00       61.9349    -85.4506151057    -85.4395408314    0.301346
 3126  12504.00      -56.8031    -85.4632719114    -85.4507954147    0.339503
 3127  12508.00      -55.9120    -85.4529776367    -85.4398088714    0.358340
 3128  12512.00      -54.9162    -85.4607324840    -85.4483903137    0.335848
 3129  12516.00       56.4665    -85.4566150340    -85.4444163608    0.331943
 3130  12520.00      -61.4152    -85.4609400872    -85.4520108364    0.242977
 3131  12524.00      -52.4143    -85.4524043823    -85.4466090203    0.157700
 3132  12528.00       47.6607    -85.4528452096    -85.4462382447    0.179785
 3133  12532.00       44.0415    -85.4634458549    -85.4552072510    0.224184
 3134  12536.00      -45.3781    -85.4496137318    -85.4400707912    0.259677
 3135  12540.00       48.8884    -85.4609097959    -85.4507668187    0.276004
 3136  12544.00      -46.2681    -85.4496949430    -85.4393525787    0.281430
 3137  12548.00      -47.2589    -85.4596807212    -85.4488074193    0.295878
 3138  12552.00       47.1937    -85.4708378619    -85.4583349863    0.340221
 3139  12556.00       39.5234    -85.4584119581    -85.4449595717    0.366058
 3140  12560.00       36.9078    -85.4645999084    -85.4532831216    0.307945
 3141  12564.00       40.1096    -85.4558735920    -85.4472605739    0.234372
 3142  12568.00       41.7802    -85.4633010505    -85.4561400986    0.194859
 3143  12572.00       44.6558    -85.4514188635    -85.4426996898    0.237261
 3144  12576.00       46.6827    -85.4519078081    -85.4417115929    0.277453
 3145  12580.00       43.7109    -85.4556482195    -85.4458561541    0.266456
 3146  12584.00      -49.9115    -85.4464613462    -85.4366918520    0.265841
 3147  12588.00      -50.0365    -85.4608278393    -85.4507209270    0.275023
 3148  12592.00      -50.9674    -85.4705865923    -85.4592584767    0.308254
 3149  12596.00       50.2206    -85.4669394961    -85.4552332185    0.318544
 3150  12600.00      -44.8021    -85.4573573620    -85.4468181127    0.286788
 3151  12604.00       45.5572    -85.4559663147    -85.4481058022    0.213895
 3152  12608.00      -48.1265    -85.4658334875    -85.4598142463    0.163792
 3153  12612.00       47.8995    -85.4448729648    -85.4367765318    0.220315
 3154  12616.00       52.9862    -85.4472587267    -85.4360343713    0.305430
 3155  12620.00       46.6237    -85.4661194628    -85.4533221328    0.348233
 3156  12624.00      -48.9128    -85.4649874684    -85.4515657746    0.365223
 3157  12628.00      -56.8851    -85.4583561606    -85.4470576892    0.307447
 3158  12632.00      -53.3036    -85.4449999960    -85.4339739198    0.300035
 3159  12636.00       48.2964    -85.4577642157    -85.4461230583    0.316772
 3160  12640.00      -51.1490    -85.4574662121    -85.4476908734    0.266001
 3161  12644.00       52.9911    -85.4578403652    -85.4485624102    0.252466
 3162  12648.00      -55.2461    -85.4525935384    -85.4425959543    0.272048
 3163  12652.00      -57.4344    -85.4587342505    -85.4486634430    0.274041
 3164  12656.00      -61.7434    -85.4713571505    -85.4597329943    0.316309
 3165  12660.00       64.7731    -85.4550494896    -85.4428705718    0.331405
 3166  12664.00       65.0714    -85.4615982711    -85.4516041471    0.271954
 3167  12668.00      -67.1971    -85.4583232161    -85.4478655592    0.284567
 3168  12672.00      -64.6411    -85.4596039886    -85.4474653574    0.330309
 3169  12676.00      -60.9949    -85.4583755613    -85.4463012492    0.328559
 3170  12680.00      -59.5716    -85.4335992296    -85.4229471989    0.289857
 3171  12684.00       64.7399    -85.4584652443    -85.4509797275    0.203691
 3172  12688.00       70.7935    -85.4673090684    -85.4603703013    0.188813
 3173  12692.00       69.7604    -85.4439063829    -85.4358035664    0.220489
 3174  12696.00      -70.8061    -85.4594009103    -85.4494846648    0.269835
 3175  12700.00      -72.1331    -85.4678758514    -85.4584132798    0.257490
 3176  12704.00      -75.1983    -85.4639071008    -85.4566525275    0.197407
 3177  12708.00       78.2957    -85.4409884041    -85.4344842423    0.176987
 3178  12712.00       73.1914    -85.4393403535    -85.4313050125    0.218653
 3179  12716.00       68.4864    -85.4626262614    -85.4507370857    0.323521
 3180  12720.00       70.5330    -85.4574915482    -85.4432605030    0.387246
 3181  12724.00       72.1870    -85.4557637788    -85.4437359147    0.327295
 3182  12728.00      -75.9644    -85.4629915164    -85.4537926290    0.250314
 3183  12732.00       77.7030    -85.4523853858    -85.4438906289    0.231154
 3184  12736.00      -74.3822    -85.4577505412    -85.4488259592    0.242850
 3185  12740.00       72.8033    -85.4723122526    -85.4620050385    0.280474
 3186  12744.00       75.3900    -85.4554143856    -85.4460914553    0.253690
 3187  12748.00      -76.2176    -85.4459841257    -85.4391586381    0.185731
 3188  12752.00      -77.9509    -85.4559987159    -85.4478074141    0.222897
 3189  12756.00       69.1699    -85.4554945610    -85.4437489326    0.319615
 3190  12760.00       67.6681    -85.4611174731    -85.4472460107    0.377462
 3191  12764.00       70.3917    -85.4596586775    -85.4457053921    0.379688
 3192  12768.00      -71.6319    -85.4415866971    -85.4309290792    0.290009
 3193  12772.00       72.2516    -85.4523330773    -85.4437126186    0.234575
 3194  12776.00      -71.3189    -85.4611159775    -85.4515597257    0.260039
 3195  12780.00       66.5560    -85.4611015457    -85.4501768550    0.297276
 3196  12784.00      -72.0956    -85.4592628248    -85.4463287029    0.351955
 3197  12788.00      -69.3959    -85.4651334960    -85.4520196511    0.356846
 3198  12792.00       67.4739    -85.4694487428    -85.4572053434    0.333160
 3199  12796.00       69.2272    -85.4536999241    -85.4416749579    0.327216
 3200  12800.00       71.0331    -85.4497109927    -85.4379003192    0.321385
 3201  12804.00       70.5913    -85.4594833280    -85.4460862643    0.364553
 3202  12808.00      -70.3186    -85.4656088281    -85.4502882107    0.416895
 3203  12812.00      -65.7799    -85.4607266355    -85.4448360014    0.432406
 3204  12816.00      -69.0700    -85.4588009643    -85.4441813591    0.397820
 3205  12820.00      -75.5965    -85.4611076660    -85.4489715112    0.330242
 3206  12824.00       68.2464    -85.4602040621    -85.4513449866    0.241068
 3207  12828.00       66.3087    -85.4612360164    -85.4524298286    0.239629
 3208  12832.00       61.1961    -85.4649507043    -85.4548389202    0.275156
 3209  12836.00      -55.9488    -85.4597980836    -85.4479854411    0.321438
 3210  12840.00      -57.8327    -85.4594384872    -85.4466753524    0.347303
 3211  12844.00      -51.8380    -85.4674962771    -85.4558265731    0.317549
 3212  12848.00      -51.0902    -85.4564562496    -85.4447978460    0.317241
 3213  12852.00       49.9408    -85.4459290555    -85.4345233793    0.310364
 3214  12856.00      -50.3349    -85.4600179009    -85.4507576923    0.251983
 3215  12860.00      -53.1029    -85.4652199251    -85.4573865177    0.213158
 3216  12864.00       52.0341    -85.4457220072    -85.4393595482    0.173131
 3217  12868.00      -49.0979    -85.4459627351    -85.4390393655    0.188394
 3218  12872.00       49.8115    -85.4493138097    -85.4388362734    0.285108
 3219  12876.00      -47.2619    -85.4654160413    -85.4534490978    0.325637
 3220  12880.00       45.9180    -85.4633564208    -85.4525946057    0.292844
 3221  12884.00       43.8519    -85.4597191327    -85.4514133192    0.226013
 3222  12888.00       44.1519    -85.4603903241    -85.4551036942    0.143857
 3223  12892.00       48.9860    -85.4541562261    -85.4485516747    0.152508
 3224  12896.00       45.1717    -85.4564541925    -85.4483384344    0.220841
 3225  12900.00       39.2461    -85.4648825360    -85.4555298931    0.254498
 3226  12904.00       38.1449    -85.4568173832    -85.4481375801    0.236189
 3227  12908.00      -39.3770    -85.4549728914    -85.4486687038    0.171546
 3228  12912.00       37.1713    -85.4644134409    -85.4594299457    0.135608
 3229  12916.00      -35.8018    -85.4648871381    -85.4598450847    0.137201
 3230  12920.00      -31.9108    -85.4645205945    -85.4581024862    0.174646
 3231  12924.00       30.6352    -85.4658529869    -85.4565609569    0.252849
 3232  12928.00       26.6420    -85.4489350570    -85.4376818267    0.306216
 3233  12932.00       19.6608    -85.4387377932    -85.4278857158    0.295300
 3234  12936.00      -20.4415    -85.4701803348    -85.4605801320    0.261235
 3235  12940.00       24.9239    -85.4760430412    -85.4677269969    0.226291
 3236  12944.00      -27.4488    -85.4504942280    -85.4427816267    0.209871
 3237  12948.00       25.5491    -85.4495311576    -85.4409442961    0.233660
 3238  12952.00      -25.2677    -85.4522583357    -85.4427926718    0.257574
 3239  12956.00       33.8217    -85.4520480498    -85.4411093783    0.297656
 3240  12960.00       29.3926    -85.4660405490    -85.4543528027    0.318040
 3241  12964.00      -35.5018    -85.4748193952    -85.4633601459    0.311822
 3242  12968.00       32.1185    -85.4670147845    -85.4559344181    0.301512
 3243  12972.00      -29.3239    -85.4509161675    -85.4426453880    0.225059
 3244  12976.00       36.3786    -85.4512531724    -85.4449573097    0.171319
 3245  12980.00      -31.4445    -85.4689591496    -85.4625479790    0.174457
 3246  12984.00      -27.6604    -85.4710915361    -85.4626753103    0.229017
 3247  12988.00      -31.5632    -85.4604722764    -85.4485374618    0.324763
 3248  12992.00       31.6194    -85.4453350188    -85.4325259306    0.348553
 3249  12996.00       33.3848    -85.4533904956    -85.4434237709    0.271208
 3250  13000.00       30.9402    -85.4652664255    -85.4564467577    0.239995
 3251  13004.00       32.9757    -85.4562389624    -85.4459751372    0.279293
 3252  13008.00       31.1644    -85.4579061595    -85.4442831422    0.370701
 3253  13012.00      -29.8672    -85.4565719397    -85.4402777495    0.443387
 3254  13016.00       32.2661    -85.4601626597    -85.4448885223    0.415630
 3255  13020.00      -37.5155    -85.4709933289    -85.4591920818    0.321128
 3256  13024.00      -38.1745    -85.4712072912    -85.4615088798    0.263907
 3257  13028.00       43.8036    -85.4630525376    -85.4520880332    0.298359
 3258  13032.00       42.0654    -85.4494983640    -85.4373691064    0.330054
 3259  13036.00      -45.1709    -85.4500269553    -85.4376725887    0.336179
 3260  13040.00      -46.3822    -85.4611871270    -85.4503191030    0.295734
 3261  13044.00       42.8765    -85.4610066858    -85.4502215207    0.293479
 3262  13048.00      -40.4311    -85.4528820994    -85.4402205345    0.344539
 3263  13052.00       39.4101    -85.4616665708    -85.4467822323    0.405023
 3264  13056.00       39.6065    -85.4608716962    -85.4456551911    0.414062
 3265  13060.00       42.8870    -85.4565582775    -85.4431710725    0.364284
 3266  13064.00      -40.2197    -85.4547786157    -85.4441876075    0.288196
 3267  13068.00           nan               nan               nan         nan
 3268  13072.00       36.8475    -85.4663027806    -85.4534217137    0.350512
 3269  13076.00      -35.1400    -85.4607664700    -85.4443077133    0.447866
 3270  13080.00      -35.1503    -85.4564466080    -85.4391986175    0.469342
 3271  13084.00       41.1730    -85.4725874003    -85.4573506875    0.414612
 3272  13088.00      -46.1460    -85.4562918293    -85.4429513591    0.363013
 3273  13092.00       47.2313    -85.4575984665    -85.4450416828    0.341687
 3274  13096.00       44.6720    -85.4656651124    -85.4533552144    0.334969
 3275  13100.00       45.1297    -85.4630458765    -85.4503511726    0.345440
 3276  13104.00       42.3515    -85.4573632515    -85.4447629192    0.342873
 3277  13108.00       40.9553    -85.4531198788    -85.4421714818    0.297921
 3278  13112.00       44.4591    -85.4555230798    -85.4469170554    0.234182
 3279  13116.00       42.7053    -85.4421799099    -85.4348426111    0.199658
 3280  13120.00       42.6072    -85.4487565995    -85.4413083604    0.202677
 3281  13124.00      -47.6655    -85.4709634797    -85.4618258766    0.248647
 3282  13128.00      -49.1006    -85.4491119828    -85.4385981801    0.286095
 3283  13132.00      -53.0895    -85.4372512267    -85.4271038582    0.276124
 3284  13136.00      -56.7737    -85.4594046480    -85.4503488662    0.246420
 3285  13140.00       58.9672    -85.4580735383    -85.4495428315    0.232132
 3286  13144.00       55.7483    -85.4481379120    -85.4376192217    0.286228
 3287  13148.00       48.5305    -85.4564781256    -85.4442539643    0.332636
 3288  13152.00       49.3306    -85.4640031791    -85.4541283660    0.268707
 3289  13156.00       51.3477    -85.4569537484    -85.4509122896    0.164396
 3290  13160.00       57.0398    -85.4581270269    -85.4533555783    0.129838
 3291  13164.00       59.2323    -85.4564570535    -85.4500254777    0.175012
 3292  13168.00      -57.9335    -85.4567397410    -85.4458990443    0.294990
 3293  13172.00      -58.9534    -85.4502170333    -85.4375355828    0.345080
 3294  13176.00      -69.1116    -85.4510247853    -85.4411217405    0.269476
 3295  13180.00      -73.6709    -85.4638170680    -85.4572039719    0.179952
 3296  13184.00           nan               nan               nan         nan
 3297  13188.00      -65.7695    -85.4651578251    -85.4560788963    0.247050
 3298  13192.00      -53.2299    -85.4544512141    -85.4424997217    0.325217
 3299  13196.00      -57.9207    -85.4638858337    -85.4529574247    0.297377
 3300  13200.00       71.0532    -85.4531482449    -85.4460383734    0.193469
 3301  13204.00       75.7451    -85.4402319511    -85.4342618114    0.162456
 3302  13208.00      -71.5820    -85.4500588471    -85.4425411079    0.204568
 3303  13212.00       62.8563    -85.4631426235    -85.4518706526    0.306726
 3304  13216.00       56.2491    -85.4670758854    -85.4541726774    0.351114
 3305  13220.00       57.4183    -85.4584060195    -85.4467008836    0.318513
 3306  13224.00      -57.0080    -85.4520212103    -85.4426433584    0.255184
 3307  13228.00       53.6838    -85.4725532538    -85.4633115532    0.251479
 3308  13232.00       53.2562    -85.4731954892    -85.4610364085    0.330865
 3309  13236.00      -56.4644    -85.4586976476    -85.4433906175    0.416526
 3310  13240.00           nan               nan               nan         nan
 3311  13244.00       72.8431    -85.4517075614    -85.4402313522    0.312284
 3312  13248.00      -72.2387    -85.4644605420    -85.4545727052    0.269062
 3313  13252.00      -70.0688    -85.4552792537    -85.4431013448    0.331378
 3314  13256.00       66.8617    -85.4617983254    -85.4473494998    0.393173
 3315  13260.00       63.5567    -85.4715874229    -85.4565630618    0.408834
 3316  13264.00      -60.7211    -85.4575453000    -85.4431138548    0.392700
 3317  13268.00       63.0215    -85.4583162045    -85.4466158771    0.318382
 3318  13272.00      -60.1335    -85.4659963065    -85.4558048389    0.277324
 3319  13276.00      -61.5457    -85.4645281400    -85.4519073396    0.343429
 3320  13280.00       59.0119    -85.4604022389    -85.4462780749    0.384338
 3321  13284.00       61.8182    -85.4564971366    -85.4432659974    0.360038
 3322  13288.00       67.9954    -85.4604443755    -85.4491452566    0.307465
 3323  13292.00       70.9035    -85.4693089296    -85.4598618805    0.257067
 3324  13296.00       73.1471    -85.4788497042    -85.4675397408    0.307760
 3325  13300.00      -69.7082    -85.4628158791    -85.4479382780    0.404840
 3326  13304.00      -66.3160    -85.4604933813    -85.4432016764    0.470531
 3327  13308.00       76.0058    -85.4636513569    -85.4473496215    0.443593
 3328  13312.00      -81.8232    -85.4495887361    -85.4369429757    0.344109
 3329  13316.00      -87.2835    -85.4537412434    -85.4442202842    0.259078
 3330  13320.00      -91.2859    -85.4699811621    -85.4606357698    0.254301
 3331  13324.00       86.8307    -85.4752715417    -85.4627415403    0.340959
 3332  13328.00       91.4083    -85.4543340336    -85.4383179405    0.435820
 3333  13332.00       89.5138    -85.4500349436    -85.4357085800    0.389840
 3334  13336.00       88.0738    -85.4559416097    -85.4446212846    0.308042
 3335  13340.00       92.5680    -85.4527945284    -85.4423534769    0.284115
 3336  13344.00       93.6407    -85.4385105749    -85.4262122111    0.334656
 3337  13348.00     -104.1322    -85.4435681078    -85.4287809237    0.402380
 3338  13352.00      107.9451    -85.4547966579    -85.4402042157    0.397081
 3339  13356.00     -106.1217    -85.4538319477    -85.4423413457    0.312675
 3340  13360.00      111.0808    -85.4529934679    -85.4430987981    0.269248
 3341  13364.00      110.9790    -85.4543951372    -85.4441751203    0.278101
 3342  13368.00      116.3304    -85.4603758407    -85.4481684056    0.332181
 3343  13372.00     -120.1859    -85.4731724236    -85.4597541050    0.365131
 3344  13376.00      117.1054    -85.4597476357    -85.4476152947    0.330138
 3345  13380.00     -115.7144    -85.4469169490    -85.4351861592    0.319211
 3346  13384.00      113.0879    -85.4583211963    -85.4455854762    0.346557
 3347  13388.00      111.0248    -85.4481628309    -85.4339795791    0.385946
 3348  13392.00      114.3669    -85.4549908263    -85.4398925470    0.410845
 3349  13396.00     -113.9525    -85.4663936371    -85.4541246767    0.333855
 3350  13400.00     -108.5194    -85.4497200917    -85.4400615807    0.262821
 3351  13404.00     -110.6397    -85.4629164075    -85.4536171986    0.253044
 3352  13408.00      103.4002    -85.4640255594    -85.4549101007    0.248044
 3353  13412.00      -96.8506    -85.4611668703    -85.4503103147    0.295422
 3354  13416.00      -89.7970    -85.4613789072    -85.4493033227    0.328593
 3355  13420.00       83.4987    -85.4425315244    -85.4301304549    0.337450
 3356  13424.00       83.4405    -85.4603494714    -85.4480027973    0.335970
 3357  13428.00      -87.6396    -85.4656050944    -85.4555761461    0.272902
 3358  13432.00       88.1706    -85.4587023247    -85.4505926973    0.220674
 3359  13436.00       84.9983    -85.4673516225    -85.4594778937    0.214255
 3360  13440.00      -83.2583    -85.4524332984    -85.4421957194    0.278579
 3361  13444.00      -79.1570    -85.4623673827    -85.4480920137    0.388453
 3362  13448.00       74.1850    -85.4665645674    -85.4510955421    0.420934
 3363  13452.00       69.8009    -85.4586598670    -85.4470234851    0.316642
 3364  13456.00      -71.0685    -85.4722014525    -85.4643706689    0.213086
 3365  13460.00       69.9507    -85.4546133747    -85.4471380704    0.203413
 3366  13464.00      -65.6160    -85.4487776257    -85.4395075816    0.252251
 3367  13468.00       61.6035    -85.4556677536    -85.4436527560    0.326945
 3368  13472.00       60.8683    -85.4554780041    -85.4427243351    0.347045
 3369  13476.00      -56.7327    -85.4572443153    -85.4480203996    0.250996
 3370  13480.00       56.0971    -85.4606530044    -85.4529312133    0.210121
 3371  13484.00       50.2610    -85.4628250761    -85.4542095503    0.234440
 3372  13488.00       53.8811    -85.4395763084    -85.4297299885    0.267932
 3373  13492.00      -55.5381    -85.4463894220    -85.4374801712    0.242433
 3374  13496.00      -52.8069    -85.4775016407    -85.4714266393    0.165309
 3375  13500.00      -54.0900    -85.4588535781    -85.4531746125    0.154533
 3376  13504.00       56.5181    -85.4616965371    -85.4519929447    0.264048
 3377  13508.00       54.5865    -85.4636052850    -85.4483898909    0.414032
 3378  13512.00       59.1156    -85.4620716666    -85.4457924103    0.442981
 3379  13516.00       66.3950    -85.4652839152    -85.4536865466    0.315580
 3380  13520.00      -64.1730    -85.4443162161    -85.4377918090    0.177538
 3381  13524.00      -69.2816    -85.4470475102    -85.4406385083    0.174398
 3382  13528.00       68.0519    -85.4542941145    -85.4432210140    0.301314
 3383  13532.00       63.1666    -85.4536636783    -85.4389604231    0.400096
 3384  13536.00      -62.9277    -85.4673528393    -85.4544777328    0.350349
 3385  13540.00       62.0490    -85.4627024261    -85.4539929388    0.236997
 3386  13544.00      -66.5477    -85.4493505940    -85.4428290087    0.177461
 3387  13548.00       71.2223    -85.4529420507    -85.4451410659    0.212276
 3388  13552.00       63.6926    -85.4590933216    -85.4490460347    0.273401
 3389  13556.00       63.6543    -85.4687668743    -85.4587976124    0.271277
 3390  13560.00       60.6645    -85.4535477543    -85.4456583514    0.214682
 3391  13564.00      -66.0850    -85.4519180850    -85.4452402650    0.181713
 3392  13568.00      -72.0098    -85.4577499647    -85.4501611445    0.206502
 3393  13572.00      -72.7938    -85.4522432694    -85.4439365609    0.226037
 3394  13576.00       75.8602    -85.4560014405    -85.4472036971    0.239399
 3395  13580.00           nan               nan               nan         nan
 3396  13584.00       83.7997    -85.4517014026    -85.4452386198    0.175861
 3397  13588.00      -83.9820    -85.4530557747    -85.4450658611    0.217417
 3398  13592.00           nan               nan               nan         nan
 3399  13596.00      -70.0996    -85.4603087070    -85.4484411822    0.322932
 3400  13600.00      -73.7995    -85.4467111706    -85.4355729069    0.303088
 3401  13604.00      -76.6812    -85.4448187128    -85.4378238085    0.190341
 3402  13608.00       78.4492    -85.4505849402    -85.4447468374    0.158863
 3403  13612.00      -70.6417    -85.4460775568    -85.4408431557    0.142435
 3404  13616.00       65.7107    -85.4482520168    -85.4424717460    0.157289
 3405  13620.00      -65.6117    -85.4542094797    -85.4448449625    0.254821
 3406  13624.00       68.2208    -85.4530010069    -85.4411169372    0.323382
 3407  13628.00           nan               nan               nan         nan
 3408  13632.00      -69.1954    -85.4501254956    -85.4415364573    0.233720
 3409  13636.00      -64.8120    -85.4432969896    -85.4367090568    0.179267
 3410  13640.00       71.1475    -85.4552075305    -85.4480315956    0.195267
 3411  13644.00      -76.7754    -85.4723432721    -85.4641284892    0.223536
 3412  13648.00       77.8593    -85.4477658230    -85.4391604591    0.234164
 3413  13652.00      -80.0340    -85.4458034489    -85.4377010764    0.220477
 3414  13656.00       80.0147    -85.4619234631    -85.4536305409    0.225662
 3415  13660.00      -69.6833    -85.4525052571    -85.4419275762    0.287833
 3416  13664.00      -66.1691    -85.4575251832    -85.4440733762    0.366042
 3417  13668.00       67.3184    -85.4654237376    -85.4516156671    0.375737
 3418  13672.00       62.8960    -85.4553180475    -85.4447191049    0.288412
 3419  13676.00      -62.1448    -85.4502502759    -85.4422115125    0.218746
 3420  13680.00       62.0693    -85.4555675003    -85.4463830602    0.249921
 3421  13684.00       61.2549    -85.4638737294    -85.4509824950    0.350788
 3422  13688.00       63.6302    -85.4690468588    -85.4550387731    0.381179
 3423  13692.00      -63.2024    -85.4582053626    -85.4487993385    0.255951
 3424  13696.00      -63.0450    -85.4625805455    -85.4572522079    0.144991
 3425  13700.00      -65.3176    -85.4577614749    -85.4527666722    0.135916
 3426  13704.00      -60.7315    -85.4463746740    -85.4387638650    0.207101
 3427  13708.00       56.2999    -85.4595864650    -85.4460576642    0.368137
 3428  13712.00       56.2642    -85.4465190725    -85.4316686711    0.404100
 3429  13716.00      -52.1584    -85.4395528670    -85.4276130126    0.324900
 3430  13720.00      -59.0204    -85.4658284595    -85.4575210082    0.226057
 3431  13724.00       64.0522    -85.4534639116    -85.4478236082    0.153480
 3432  13728.00       64.5093    -85.4495482209    -85.4438355302    0.155450
 3433  13732.00      -60.4612    -85.4457835037    -85.4396620775    0.166572
 3434  13736.00      -55.4544    -85.4307085609    -85.4250876232    0.152954
 3435  13740.00      -51.7532    -85.4421141614    -85.4357482219    0.173226
 3436  13744.00       54.9518    -85.4577591853    -85.4493400988    0.229095
 3437  13748.00      -50.3884    -85.4559083375    -85.4462202417    0.263627
 3438  13752.00      -48.7021    -85.4488729970    -85.4397370235    0.248603
 3439  13756.00       48.8227    -85.4550569808    -85.4479445322    0.193540
 3440  13760.00       49.5762    -85.4457917788    -85.4404918827    0.144218
 3441  13764.00      -53.6948    -85.4535266338    -85.4485770976    0.134684
 3442  13768.00       57.8929    -85.4655191626    -85.4597587859    0.156748
 3443  13772.00       55.8999    -85.4473526326    -85.4412483505    0.166106
 3444  13776.00      -52.6869    -85.4508483306    -85.4446149763    0.169618
 3445  13780.00       50.0761    -85.4519319260    -85.4453824977    0.178219
 3446  13784.00      -47.8807    -85.4569670571    -85.4512970078    0.154290
 3447  13788.00       47.2311    -85.4582862380    -85.4540966141    0.114005
 3448  13792.00       48.7238    -85.4320643227    -85.4282495507    0.103805
 3449  13796.00       40.4972    -85.4417288540    -85.4383788398    0.091159
 3450  13800.00       45.5744    -85.4549747410    -85.4508843969    0.111304
 3451  13804.00      -45.4165    -85.4484625013    -85.4439816580    0.121930
 3452  13808.00       47.2625    -85.4329258260    -85.4280456775    0.132796
 3453  13812.00       49.9506    -85.4375537471    -85.4325291283    0.136727
 3454  13816.00      -53.3101    -85.4610783549    -85.4563188731    0.129512
 3455  13820.00       55.2055    -85.4500540588    -85.4448852886    0.140649
 3456  13824.00       61.1025    -85.4518639728    -85.4454250699    0.175211
 3457  13828.00       54.3677    -85.4604505825    -85.4545997460    0.159209
 3458  13832.00       54.1993    -85.4482184095    -85.4429750256    0.142680
 3459  13836.00       57.6296    -85.4447107598    -85.4394461189    0.143258
 3460  13840.00      -58.4594    -85.4645195557    -85.4587347441    0.157413
 3461  13844.00      -62.6562    -85.4543228918    -85.4476488818    0.181609
 3462  13848.00      -62.1202    -85.4352756456    -85.4288428017    0.175047
 3463  13852.00       59.1853    -85.4459771879    -85.4406030439    0.146238
 3464  13856.00      -59.0887    -85.4484502003    -85.4434880272    0.135028
 3465  13860.00       60.8513    -85.4488882235    -85.4431767555    0.155417
 3466  13864.00      -63.5967    -85.4663592491    -85.4573813315    0.244302
 3467  13868.00       62.4169    -85.4606164423    -85.4486119775    0.326658
 3468  13872.00       57.1640    -85.4486175147    -85.4375275578    0.301773
 3469  13876.00       56.4620    -85.4456530112    -85.4368709529    0.238972
 3470  13880.00       54.1252    -85.4438294166    -85.4364785347    0.200028
 3471  13884.00      -62.6160    -85.4519992691    -85.4435049459    0.231142
 3472  13888.00      -63.2029    -85.4509288922    -85.4406724456    0.279092
 3473  13892.00      -62.8402    -85.4522878376    -85.4414751144    0.294229
 3474  13896.00      -61.9500    -85.4526619604    -85.4420276656    0.289374
 3475  13900.00       58.0335    -85.4537410707    -85.4441475648    0.261053
 3476  13904.00       54.6837    -85.4603190064    -85.4501502386    0.276706
 3477  13908.00      -52.7335    -85.4465472800    -85.4344068524    0.330358
 3478  13912.00      -48.2411    -85.4513238601    -85.4376884131    0.371039
 3479  13916.00       51.9908    -85.4646539027    -85.4525062858    0.330553
 3480  13920.00      -55.2737    -85.4458815837    -85.4378669697    0.218089
 3481  13924.00      -55.1312    -85.4401117397    -85.4339602744    0.167390
 3482  13928.00      -58.5047    -85.4443567941    -85.4359108566    0.229826
 3483  13932.00      -47.2295    -85.4636877143    -85.4502099842    0.366748
 3484  13936.00      -48.3913    -85.4661776622    -85.4497798072    0.446208
 3485  13940.00           nan               nan               nan         nan
 3486  13944.00       47.4690    -85.4496444550    -85.4389433696    0.291191
 3487  13948.00      -40.1840    -85.4506706370    -85.4424052547    0.224913
 3488  13952.00      -29.2629    -85.4675785333    -85.4573317605    0.278829
 3489  13956.00      -24.2783    -85.4594011160    -85.4447689633    0.398161
 3490  13960.00      -28.8374    -85.4466380831    -85.4324694760    0.385547
 3491  13964.00       30.6493    -85.4576040901    -85.4480722552    0.259374
 3492  13968.00       29.3513    -85.4495906149    -85.4423911587    0.195907
 3493  13972.00      -21.7661    -85.4490148688    -85.4423057393    0.182565
 3494  13976.00      -19.0104    -85.4459063297    -85.4381755245    0.210366
 3495  13980.00       24.7267    -85.4450767511    -85.4367738208    0.225934
 3496  13984.00       28.0358    -85.4574913548    -85.4512046252    0.171071
 3497  13988.00       22.9753    -85.4560573617    -85.4513047430    0.129325
 3498  13992.00      -28.6403    -85.4481370814    -85.4411227416    0.190870
 3499  13996.00       23.8674    -85.4605734712    -85.4506959326    0.268782
 3500  14000.00      -30.1598    -85.4606259056    -85.4513809164    0.251569
 3501  14004.00      -34.7517    -85.4362762672    -85.4295014854    0.184351
 3502  14008.00      -37.7237    -85.4351075833    -85.4301300385    0.135446
 3503  14012.00       38.8408    -85.4611906436    -85.4550303699    0.167630
 3504  14016.00      -40.4185    -85.4629661522    -85.4529632275    0.272193
 3505  14020.00       39.3547    -85.4512722911    -85.4385981623    0.344881
 3506  14024.00      -37.9312    -85.4542809547    -85.4419353027    0.335942
 3507  14028.00       39.3699    -85.4608086466    -85.4510209973    0.266336
 3508  14032.00       44.2798    -85.4509451342    -85.4445672188    0.173552
 3509  14036.00       46.9827    -85.4463153926    -85.4417108220    0.125297
 3510  14040.00       47.8774    -85.4443655837    -85.4398574407    0.122673
 3511  14044.00       49.2136    -85.4431949512    -85.4377801659    0.147344
 3512  14048.00       48.1140    -85.4520168644    -85.4437899745    0.223865
 3513  14052.00      -52.2801    -85.4618604584    -85.4510339440    0.294604
 3514  14056.00       53.1335    -85.4520627669    -85.4416146090    0.284309
 3515  14060.00       59.5731    -85.4445281715    -85.4364445193    0.219967
 3516  14064.00      -60.5164    -85.4333366428    -85.4281263211    0.141780
 3517  14068.00      -54.9093    -85.4374479559    -85.4332308199    0.114754
 3518  14072.00      -60.3107    -85.4394579677    -85.4327524597    0.182466
 3519  14076.00      -54.1298    -85.4520118697    -85.4418182757    0.277382
 3520  14080.00       50.4709    -85.4470888948    -85.4368036764    0.279875
 3521  14084.00       52.4798    -85.4459877056    -85.4373301100    0.235585
 3522  14088.00      -53.5735    -85.4537809960    -85.4473185576    0.175852
 3523  14092.00       59.4164    -85.4474227851    -85.4404596397    0.189477
 3524  14096.00       53.3753    -85.4417899155    -85.4318191641    0.271318
 3525  14100.00      -46.1107    -85.4438584295    -85.4330968883    0.292836
 3526  14104.00       48.2189    -85.4498811011    -85.4402907277    0.260967
 3527  14108.00      -50.0426    -85.4410421186    -85.4323496140    0.236535
 3528  14112.00      -49.3813    -85.4457171303    -85.4371662727    0.232681
 3529  14116.00      -43.2964    -85.4654150216    -85.4565481343    0.241280
 3530  14120.00      -41.8456    -85.4469319411    -85.4403626638    0.178759
 3531  14124.00       46.6896    -85.4372456572    -85.4327886120    0.121282
 3532  14128.00      -51.6889    -85.4517015050    -85.4469272829    0.129913
 3533  14132.00       42.9018    -85.4701934564    -85.4627094102    0.203651
 3534  14136.00      -41.3090    -85.4633778556    -85.4492991207    0.383102
 3535  14140.00       31.8545    -85.4401750170    -85.4238648652    0.443822
 3536  14144.00      -34.1423    -85.4421042718    -85.4315522611    0.287135
 3537  14148.00      -46.6990    -85.4467532053    -85.4424089652    0.118213
 3538  14152.00       39.2433    -85.4524854818    -85.4494021915    0.083901
 3539  14156.00      -38.9024    -85.4523239619    -85.4487248927    0.097936
 3540  14160.00       30.0734    -85.4500979812    -85.4404736886    0.261890
 3541  14164.00       26.4649    -85.4532491718    -85.4399764060    0.361170
 3542  14168.00      -31.7730    -85.4433779261    -85.4305101523    0.350150
 3543  14172.00       29.3787    -85.4501674438    -85.4390612789    0.302214
 3544  14176.00      -28.0341    -85.4654766526    -85.4546162848    0.295526
 3545  14180.00      -30.0205    -85.4578601172    -85.4453041473    0.341665
 3546  14184.00       31.4292    -85.4588049945    -85.4480784419    0.291884
 3547  14188.00       34.4140    -85.4501254131    -85.4436827109    0.175315
 3548  14192.00       41.5577    -85.4408686912    -85.4352614305    0.152581
 3549  14196.00       38.6605    -85.4634300841    -85.4570207845    0.174406
 3550  14200.00       36.3319    -85.4560913167    -85.4463175589    0.265957
 3551  14204.00       36.7193    -85.4520550682    -85.4401749857    0.323274
 3552  14208.00       38.0275    -85.4513723546    -85.4425997971    0.238713
 3553  14212.00      -36.2340    -85.4417316309    -85.4358194547    0.160879
 3554  14216.00       29.8343    -85.4564968394    -85.4502961848    0.168728
 3555  14220.00       23.7387    -85.4504246833    -85.4433788570    0.191727
 3556  14224.00      -37.8591    -85.4394817182    -85.4319769846    0.204214
 3557  14228.00      -38.2236    -85.4447747564    -85.4396703621    0.138898
 3558  14232.00      -44.2403    -85.4512744776    -85.4477128085    0.096918
 3559  14236.00      -34.2743    -85.4534347481    -85.4508142770    0.071307
 3560  14240.00      -31.3939    -85.4427813103    -85.4398253340    0.080436
 3561  14244.00       24.5406    -85.4514824242    -85.4466490929    0.131522
 3562  14248.00       35.5426    -85.4522392146    -85.4454388040    0.185049
 3563  14252.00      -45.3687    -85.4342830848    -85.4257707126    0.231633
 3564  14256.00       39.5771    -85.4519771860    -85.4408916057    0.301654
 3565  14260.00       47.8402    -85.4694540991    -85.4584347924    0.299851
 3566  14264.00      -62.0076    -85.4681966119    -85.4605991150    0.206738
 3567  14268.00      -83.8948    -85.4525483316    -85.4462827184    0.170496
 3568  14272.00       88.6831    -85.4411606029    -85.4345539640    0.179776
 3569  14276.00       79.6175    -85.4499235484    -85.4434496296    0.176164
 3570  14280.00       69.0287    -85.4452881518    -85.4355600022    0.264716
 3571  14284.00       59.4990    -85.4470753830    -85.4357137474    0.309166
 3572  14288.00      -55.8478    -85.4484717060    -85.4397765450    0.236607
 3573  14292.00      -59.1832    -85.4379043954    -85.4328279755    0.138136
 3574  14296.00      -55.2620    -85.4440435153    -85.4392341793    0.130869
 3575  14300.00      -54.9125    -85.4494631942    -85.4420276754    0.202331
 3576  14304.00      -58.6397    -85.4645413766    -85.4559386857    0.234091
 3577  14308.00       63.5099    -85.4569441635    -85.4489938678    0.216339
 3578  14312.00       65.7624    -85.4506596672    -85.4445302378    0.166790
 3579  14316.00       61.0906    -85.4600312758    -85.4539229480    0.166216
 3580  14320.00       53.3980    -85.4635701335    -85.4540027092    0.260343
 3581  14324.00      -54.2950    -85.4567881789    -85.4431689656    0.370598
 3582  14328.00       47.0856    -85.4740311196    -85.4606428286    0.364314
 3583  14332.00      -55.2584    -85.4623660479    -85.4520010637    0.282046
 3584  14336.00       56.6633    -85.4429292886    -85.4336142247    0.253476
 3585  14340.00       55.9146    -85.4593300042    -85.4489455772    0.282575
 3586  14344.00      -57.2011    -85.4397035655    -85.4274060353    0.334633
 3587  14348.00       53.2760    -85.4526518559    -85.4411651059    0.312570
 3588  14352.00      -58.8269    -85.4847290822    -85.4760525652    0.236100
 3589  14356.00      -59.7939    -85.4539221025    -85.4456464362    0.225192
 3590  14360.00       54.5001    -85.4536461582    -85.4423535130    0.307289
 3591  14364.00       53.6714    -85.4540718589    -85.4388032671    0.415480
 3592  14368.00       49.2785    -85.4550642830    -85.4391335971    0.433496
 3593  14372.00       49.9454    -85.4688733003    -85.4550846550    0.375208
 3594  14376.00       56.0917    -85.4475092945    -85.4365626155    0.297874
 3595  14380.00      -52.1712    -85.4504939212    -85.4383981771    0.329142
 3596  14384.00      -50.8386    -85.4655175441    -85.4489521111    0.450768
 3597  14388.00       50.9518    -85.4610164873    -85.4436248398    0.473251
 3598  14392.00       56.1143    -85.4601628199    -85.4453432885    0.403260
 3599  14396.00       56.9021    -85.4633342794    -85.4511977379    0.330252
 3600  14400.00       49.2158    -85.4659080971    -85.4533669463    0.341262
 3601  14404.00       50.1577    -85.4599559605    -85.4434043050    0.450393
 3602  14408.00       46.2389    -85.4552989071    -85.4360046005    0.525025
 3603  14412.00       46.7536    -85.4583031017    -85.4418224510    0.448461
 3604  14416.00      -51.0989    -85.4555078805    -85.4433319060    0.331325
 3605  14420.00      -53.6964    -85.4618084416    -85.4508656536    0.297768
 3606  14424.00       55.7013    -85.4583426467    -85.4450715508    0.361125
 3607  14428.00      -48.8449    -85.4520010649    -85.4369160989    0.410483
 3608  14432.00       49.0818    -85.4644555896    -85.4515960353    0.349926
 3609  14436.00       57.1477    -85.4531615601    -85.4446507254    0.231592
 3610  14440.00       55.4869    -85.4447479460    -85.4371023276    0.208048
 3611  14444.00      -50.7722    -85.4688084966    -85.4568265894    0.326044
 3612  14448.00      -47.2792    -85.4840128349    -85.4679599424    0.436821
 3613  14452.00      -43.4693    -85.4711513029    -85.4553446599    0.430121
 3614  14456.00       47.9604    -85.4449445345    -85.4336412238    0.307579
 3615  14460.00      -49.1339    -85.4471352191    -85.4401529097    0.189998
 3616  14464.00      -43.0824    -85.4667421159    -85.4590558282    0.209155
 3617  14468.00      -39.2988    -85.4608407266    -85.4498065054    0.300256
 3618  14472.00       44.1641    -85.4507619792    -85.4403975491    0.282031
 3619  14476.00       52.3744    -85.4437490061    -85.4363865160    0.200344
 3620  14480.00      -51.7911    -85.4529123365    -85.4482161384    0.127790
 3621  14484.00      -54.6560    -85.4703257677    -85.4652819610    0.137249
 3622  14488.00      -51.0356    -85.4587812827    -85.4508675471    0.215344
 3623  14492.00       48.5580    -85.4566871657    -85.4462653571    0.283592
 3624  14496.00       51.5328    -85.4583367000    -85.4484376591    0.269367
 3625  14500.00      -45.0105    -85.4447874744    -85.4361960476    0.233785
 3626  14504.00       47.4061    -85.4520430581    -85.4444464951    0.206713
 3627  14508.00       49.2979    -85.4574568488    -85.4510592563    0.174087
 3628  14512.00       49.1244    -85.4548566111    -85.4486043641    0.170132
 3629  14516.00       46.3224    -85.4569812722    -85.4507908946    0.168449
 3630  14520.00      -46.8700    -85.4507552598    -85.4442175518    0.177900
 3631  14524.00      -43.1244    -85.4520006690    -85.4434010481    0.234008
 3632  14528.00      -44.4704    -85.4641343226    -85.4538047898    0.281081
 3633  14532.00      -43.5993    -85.4637122294    -85.4544934817    0.250855
 3634  14536.00       43.8393    -85.4482887570    -85.4413964134    0.187550
 3635  14540.00      -44.0838    -85.4540082776    -85.4498851824    0.112195
 3636  14544.00       40.0305    -85.4490841107    -85.4457757266    0.090026
 3637  14548.00       45.1238    -85.4408692034    -85.4361115721    0.129462
 3638  14552.00      -49.1282    -85.4582953685    -85.4518040375    0.176638
 3639  14556.00       45.6065    -85.4487249751    -85.4412185203    0.204261
 3640  14560.00      -51.8982    -85.4380410120    -85.4302696027    0.211471
 3641  14564.00       45.4963    -85.4564048358    -85.4493567642    0.191788
 3642  14568.00       46.7142    -85.4568284513    -85.4498054855    0.191105
 3643  14572.00       49.1491    -85.4490488982    -85.4423479217    0.182343
 3644  14576.00       47.0486    -85.4552776645    -85.4488754754    0.174212
 3645  14580.00       51.3527    -85.4627971211    -85.4557376868    0.192097
 3646  14584.00      -50.0425    -85.4615359621    -85.4535681775    0.216814
 3647  14588.00       45.9237    -85.4580699858    -85.4483535252    0.264398
 3648  14592.00      -41.5021    -85.4548150867    -85.4442149101    0.288445
 3649  14596.00      -30.7700    -85.4512560128    -85.4418873870    0.254933
 3650  14600.00       34.7965    -85.4592839848    -85.4514714851    0.212589
 3651  14604.00      -40.6573    -85.4520207622    -85.4445790417    0.202500
 3652  14608.00       43.6293    -85.4505504686    -85.4417544077    0.239353
 3653  14612.00       40.7257    -85.4567961236    -85.4461686428    0.289188
 3654  14616.00      -40.0033    -85.4486409720    -85.4363613317    0.334146
 3655  14620.00       40.2286    -85.4465685713    -85.4341645272    0.337531
 3656  14624.00       55.2114    -85.4497973415    -85.4383948257    0.310278
 3657  14628.00      -50.9682    -85.4589219813    -85.4479581275    0.298342
 3658  14632.00      -50.9508    -85.4564612378    -85.4453826697    0.301463
 3659  14636.00       44.5277    -85.4483697968    -85.4361141269    0.333494
 3660  14640.00      -35.2098    -85.4517506090    -85.4380212230    0.373596
 3661  14644.00       47.0271    -85.4491945441    -85.4351316098    0.382672
 3662  14648.00       50.3783    -85.4669004218    -85.4539174006    0.353286
 3663  14652.00       43.6041    -85.4600505612    -85.4479777730    0.328517
 3664  14656.00       51.6202    -85.4357496941    -85.4253655134    0.282568
 3665  14660.00       51.3694    -85.4408160417    -85.4314803596    0.254037
 3666  14664.00      -56.7408    -85.4431635381    -85.4321162462    0.300612
 3667  14668.00      -56.5518    -85.4709448072    -85.4571540991    0.375264
 3668  14672.00      -40.4790    -85.4747322586    -85.4576396860    0.465113
 3669  14676.00       39.5630    -85.4406732953    -85.4238608988    0.457489
 3670  14680.00      -45.7696    -85.4505569802    -85.4390399861    0.313393
 3671  14684.00       51.9773    -85.4468788776    -85.4386123937    0.224942
 3672  14688.00      -54.3081    -85.4446809108    -85.4370330450    0.208109
 3673  14692.00      -52.8857    -85.4494850109    -85.4383779548    0.302238
 3674  14696.00       53.1281    -85.4448396496    -85.4293633891    0.421130
 3675  14700.00       71.2258    -85.4511909752    -85.4371917105    0.380939
 3676  14704.00      -76.0164    -85.4459404649    -85.4346346261    0.307648
 3677  14708.00      -79.1278    -85.4481793325    -85.4368921476    0.307140
 3678  14712.00      -76.4410    -85.4579956465    -85.4452567732    0.346642
 3679  14716.00       66.9757    -85.4617404588    -85.4470223234    0.400501
 3680  14720.00       74.4214    -85.4615816986    -85.4493414999    0.333073
 3681  14724.00      -76.6634    -85.4431872683    -85.4358800469    0.198840
 3682  14728.00       71.4621    -85.4387249005    -85.4326710084    0.164735
 3683  14732.00      -66.7333    -85.4509799265    -85.4434401543    0.205168
 3684  14736.00       57.8679    -85.4616501894    -85.4503344491    0.307917
 3685  14740.00       56.1677    -85.4443543163    -85.4307621855    0.369861
 3686  14744.00      -64.7183    -85.4462435446    -85.4360228750    0.278119
 3687  14748.00      -60.3734    -85.4496976757    -85.4422759350    0.201956
 3688  14752.00      -59.1828    -85.4462085131    -85.4380907352    0.220896
 3689  14756.00       62.3429    -85.4578704358    -85.4483290669    0.259634
 3690  14760.00      -54.3797    -85.4441513434    -85.4329075981    0.305958
 3691  14764.00       57.9143    -85.4449159555    -85.4348522483    0.273847
 3692  14768.00      -50.6126    -85.4610580506    -85.4534994129    0.205681
 3693  14772.00      -41.5651    -85.4480678802    -85.4404924300    0.206139
 3694  14776.00       43.7504    -85.4612657802    -85.4511393286    0.275555
 3695  14780.00      -41.1445    -85.4670872603    -85.4547921044    0.334568
 3696  14784.00       41.4595    -85.4544085847    -85.4425557174    0.322533
 3697  14788.00       42.6974    -85.4574620642    -85.4481397141    0.253674
 3698  14792.00      -39.5241    -85.4488553876    -85.4405844456    0.225064
 3699  14796.00      -45.6503    -85.4469849307    -85.4379996270    0.244503
 3700  14800.00       44.6779    -85.4608057596    -85.4508732789    0.270277
 3701  14804.00       39.8585    -85.4661095792    -85.4565182975    0.260992
 3702  14808.00       32.8759    -85.4576163261    -85.4492464151    0.227757
 3703  14812.00       27.9580    -85.4589666704    -85.4505982048    0.227718
 3704  14816.00      -31.5660    -85.4588236720    -85.4508593295    0.216721
 3705  14820.00           nan               nan               nan         nan
 3706  14824.00       23.3998    -85.4589640830    -85.4515782846    0.200978
 3707  14828.00       25.0442    -85.4526967421    -85.4444752303    0.223719
 3708  14832.00      -28.4118    -85.4473571211    -85.4378595141    0.258443
 3709  14836.00       32.6972    -85.4689136076    -85.4573993949    0.313318
 3710  14840.00       41.7076    -85.4556331851    -85.4443439285    0.307196
 3711  14844.00       47.1822    -85.4549835540    -85.4465185216    0.230345
 3712  14848.00      -49.7318    -85.4570233140    -85.4512217225    0.157869
 3713  14852.00      -51.2821    -85.4574642261    -85.4517709156    0.154923
 3714  14856.00      -49.5541    -85.4732110264    -85.4651899015    0.218266
 3715  14860.00       48.2173    -85.4592230458    -85.4482943950    0.297384
 3716  14864.00       50.0215    -85.4588794318    -85.4468708469    0.326770
 3717  14868.00       54.0045    -85.4641922486    -85.4542007072    0.271884
 3718  14872.00       58.3144    -85.4537558925    -85.4465397780    0.196360
 3719  14876.00      -59.6456    -85.4439305288    -85.4381289626    0.157869
 3720  14880.00      -60.1364    -85.4516226471    -85.4448890574    0.183230
 3721  14884.00       60.1852    -85.4653955957    -85.4549275162    0.284851
 3722  14888.00      -60.0195    -85.4690628413    -85.4570308622    0.327407
 3723  14892.00      -61.5615    -85.4640330354    -85.4531280170    0.296741
 3724  14896.00       65.5171    -85.4588127957    -85.4491001377    0.264295
 3725  14900.00       62.9868    -85.4635682095    -85.4546347670    0.243091
 3726  14904.00       60.7744    -85.4555619980    -85.4461332115    0.256570
 3727  14908.00       67.7808    -85.4501884917    -85.4402873941    0.269423
 3728  14912.00       74.1185    -85.4561498168    -85.4468169827    0.253959
 3729  14916.00           nan               nan               nan         nan
 3730  14920.00      -83.2116    -85.4618118674    -85.4511066362    0.291304
 3731  14924.00       82.0668    -85.4520225666    -85.4407305463    0.307272
 3732  14928.00      -80.3204    -85.4573665549    -85.4459609406    0.310363
 3733  14932.00       81.3781    -85.4671738527    -85.4574964669    0.263335
 3734  14936.00      -87.6620    -85.4445375727    -85.4363148987    0.223750
 3735  14940.00      -85.4443    -85.4521207039    -85.4440702743    0.219063
 3736  14944.00       76.7093    -85.4591769074    -85.4497695277    0.255988
 3737  14948.00      -70.1460    -85.4703575515    -85.4589669478    0.309954
 3738  14952.00       70.0284    -85.4587202417    -85.4465116638    0.332212
 3739  14956.00       67.0737    -85.4548962460    -85.4433255645    0.314854
 3740  14960.00      -66.6601    -85.4539535888    -85.4438036702    0.276193
 3741  14964.00       60.8529    -85.4466023914    -85.4380740053    0.232069
 3742  14968.00      -60.2204    -85.4568732201    -85.4494927742    0.200832
 3743  14972.00       55.3908    -85.4525715448    -85.4449771612    0.206654
 3744  14976.00       54.9008    -85.4538799834    -85.4450428564    0.240470
 3745  14980.00       53.2510    -85.4591437665    -85.4472284000    0.324234
 3746  14984.00      -52.5242    -85.4656787865    -85.4513752362    0.389219
 3747  14988.00       50.6190    -85.4598258285    -85.4483878368    0.311244
 3748  14992.00       57.8759    -85.4556736013    -85.4484478164    0.196624
 3749  14996.00      -56.7347    -85.4573440619    -85.4515305362    0.158194
 3750  15000.00       52.4660    -85.4521853730    -85.4450998826    0.192806
 3751  15004.00      -52.1272    -85.4589333846    -85.4476128672    0.308047
 3752  15008.00      -47.8733    -85.4583281792    -85.4445092450    0.376032
 3753  15012.00       47.9704    -85.4576322064    -85.4447531279    0.350458
 3754  15016.00       53.2061    -85.4633906521    -85.4540076824    0.255324
 3755  15020.00       50.5195    -85.4457122242    -85.4391430144    0.178757
 3756  15024.00      -45.4597    -85.4594894159    -85.4519365691    0.205523
 3757  15028.00      -38.8091    -85.4709670062    -85.4607763328    0.277302
 3758  15032.00       33.8466    -85.4570359092    -85.4464804007    0.287230
 3759  15036.00           nan               nan               nan         nan
 3760  15040.00       44.8197    -85.4484196858    -85.4396112035    0.239691
 3761  15044.00      -46.9682    -85.4592571349    -85.4506236613    0.234929
 3762  15048.00       46.3514    -85.4499883804    -85.4414712640    0.231763
 3763  15052.00       39.9188    -85.4417455973    -85.4346036067    0.194343
 3764  15056.00       41.8784    -85.4494771194    -85.4434213847    0.164785
 3765  15060.00       45.5843    -85.4458650562    -85.4390380040    0.185774
 3766  15064.00       43.1916    -85.4605529078    -85.4515532914    0.244892
 3767  15068.00       49.6037    -85.4559608267    -85.4456582906    0.280346
 3768  15072.00       52.1436    -85.4690312632    -85.4590932476    0.270427
 3769  15076.00      -59.5119    -85.4615766955    -85.4538262342    0.210901
 3770  15080.00       63.4362    -85.4321745171    -85.4261270028    0.164561
 3771  15084.00      -58.2743    -85.4491181433    -85.4427073801    0.174446
 3772  15088.00       44.8620    -85.4500459812    -85.4414737157    0.233263
 3773  15092.00       44.8961    -85.4541290539    -85.4438615310    0.279394
 3774  15096.00       45.5680    -85.4551506433    -85.4473996709    0.210915
 3775  15100.00       43.7604    -85.4417867223    -85.4367116951    0.138099
 3776  15104.00       45.1693    -85.4474658407    -85.4432761757    0.114007
 3777  15108.00       41.3978    -85.4529204014    -85.4481119464    0.130845
 3778  15112.00       46.2431    -85.4639400866    -85.4565145399    0.202059
 3779  15116.00       44.5347    -85.4486584295    -85.4407289174    0.215773
 3780  15120.00       45.1331    -85.4399572282    -85.4323978532    0.205701
 3781  15124.00      -38.9399    -85.4543906169    -85.4458732134    0.231770
 3782  15128.00       36.3044    -85.4568871817    -85.4466900783    0.277477
 3783  15132.00      -38.5652    -85.4565897536    -85.4462383142    0.281677
 3784  15136.00      -44.7976    -85.4457261831    -85.4378435448    0.214498
 3785  15140.00       48.4118    -85.4502419257    -85.4456721711    0.124349
 3786  15144.00      -48.7942    -85.4611064146    -85.4568980274    0.114516
 3787  15148.00       46.1645    -85.4434150807    -85.4364429019    0.189723
 3788  15152.00       49.9527    -85.4392648556    -85.4284442015    0.294445
 3789  15156.00       51.6423    -85.4602491927    -85.4499736916    0.279611
 3790  15160.00       49.0963    -85.4445232298    -85.4372576925    0.197705
 3791  15164.00      -46.0231    -85.4368625529    -85.4315013731    0.145885
 3792  15168.00      -39.7603    -85.4505502647    -85.4448378621    0.155442
 3793  15172.00       38.0504    -85.4540227063    -85.4461738312    0.213579
 3794  15176.00       41.4248    -85.4590414703    -85.4505777828    0.230309
 3795  15180.00       45.8529    -85.4440699977    -85.4355920620    0.230696
 3796  15184.00       49.2659    -85.4474520081    -85.4391569357    0.225720
 3797  15188.00      -54.4856    -85.4626899808    -85.4548335284    0.213785
 3798  15192.00       52.2936    -85.4397892469    -85.4329084837    0.187235
 3799  15196.00       58.6841    -85.4410433855    -85.4354278783    0.152806
 3800  15200.00      -65.0515    -85.4506990007    -85.4446495589    0.164614
 3801  15204.00      -64.3487    -85.4541117167    -85.4453236331    0.239136
 3802  15208.00       57.6256    -85.4634013628    -85.4507328054    0.344729
 3803  15212.00       60.1930    -85.4554729420    -85.4428874767    0.342468
 3804  15216.00      -66.1002    -85.4534750200    -85.4461680774    0.198832
 3805  15220.00       73.1600    -85.4484004348    -85.4430231512    0.146323
 3806  15224.00      -78.3646    -85.4416266628    -85.4356351426    0.163038
 3807  15228.00       80.0223    -85.4445460375    -85.4337995979    0.292426
 3808  15232.00      -77.2053    -85.4556726548    -85.4406070293    0.409957
 3809  15236.00       72.9892    -85.4612728722    -85.4487669901    0.340302
 3810  15240.00       78.2640    -85.4383051722    -85.4304525966    0.213679
 3811  15244.00       85.4258    -85.4333013857    -85.4257782993    0.204714
 3812  15248.00      -80.5031    -85.4591647078    -85.4495032650    0.262901
 3813  15252.00       81.0836    -85.4487691006    -85.4360860914    0.345122
 3814  15256.00       78.3407    -85.4472176625    -85.4355971403    0.316211
 3815  15260.00      -80.0731    -85.4543874290    -85.4468348987    0.205515
 3816  15264.00      -85.0396    -85.4501602733    -85.4435089123    0.180993
 3817  15268.00      -84.1693    -85.4696183063    -85.4606063919    0.245227
 3818  15272.00       80.0777    -85.4722445293    -85.4592722765    0.352993
 3819  15276.00       79.4569    -85.4511545281    -85.4375767727    0.369470
 3820  15280.00       83.2889    -85.4485414145    -85.4395476049    0.244734
 3821  15284.00       87.8464    -85.4441806224    -85.4373560467    0.185706
 3822  15288.00      -89.1858    -85.4559469689    -85.4473229725    0.234671
 3823  15292.00      -82.2863    -85.4575817116    -85.4447860221    0.348188
 3824  15296.00      -84.2838    -85.4477938541    -85.4321999624    0.424331
 3825  15300.00       83.8820    -85.4611234563    -85.4480093636    0.356853
 3826  15304.00       86.8289    -85.4612212783    -85.4535584074    0.208517
 3827  15308.00      -86.9828    -85.4414235816    -85.4347463055    0.181698
 3828  15312.00       73.6567    -85.4557849533    -85.4465204375    0.252100
 3829  15316.00       69.1359    -85.4629855649    -85.4481744540    0.403031
 3830  15320.00      -69.8860    -85.4481136707    -85.4319719317    0.439239
 3831  15324.00      -70.1270    -85.4537876643    -85.4414531207    0.335640
 3832  15328.00      -77.6762    -85.4545246722    -85.4459136707    0.234317
 3833  15332.00       78.9533    -85.4486194488    -85.4404080630    0.223443
 3834  15336.00       76.8571    -85.4599965463    -85.4503372274    0.262843
 3835  15340.00       75.7715    -85.4561000697    -85.4440984988    0.326579
 3836  15344.00       72.4532    -85.4672535870    -85.4537007730    0.368791
 3837  15348.00      -66.7318    -85.4752533702    -85.4621429484    0.356753
 3838  15352.00      -60.8134    -85.4530706718    -85.4400168256    0.355213
 3839  15356.00      -58.0374    -85.4538699501    -85.4423840319    0.312548
 3840  15360.00       57.5758    -85.4493431220    -85.4390750251    0.279409
 3841  15364.00       70.7612    -85.4544744528    -85.4438228427    0.289845
 3842  15368.00      -70.4714    -85.4572321390    -85.4463147500    0.297077
 3843  15372.00       74.2389    -85.4462923411    -85.4341515979    0.330366
 3844  15376.00       75.0562    -85.4447289994    -85.4321673208    0.341821
 3845  15380.00      -72.7942    -85.4486602229    -85.4378074978    0.295318
 3846  15384.00      -74.5102    -85.4619667300    -85.4527667768    0.250343
 3847  15388.00       73.5938    -85.4573172161    -85.4488089574    0.231522
 3848  15392.00      -70.0770    -85.4533422976    -85.4442962555    0.246155
 3849  15396.00      -64.1168    -85.4534521652    -85.4426588821    0.293700
 3850  15400.00       66.1989    -85.4388303783    -85.4277504765    0.301499
 3851  15404.00       68.8758    -85.4725939234    -85.4616004969    0.299146
 3852  15408.00      -77.2843    -85.4646654675    -85.4532617997    0.310310
 3853  15412.00      -84.0107    -85.4475620472    -85.4362642791    0.307428
 3854  15416.00       90.6428    -85.4522815991    -85.4411648652    0.302502
 3855  15420.00       91.1934    -85.4329381663    -85.4237459024    0.250134
 3856  15424.00      -88.7277    -85.4522814793    -85.4441827087    0.220379
 3857  15428.00       88.3669    -85.4539554251    -85.4445486438    0.255972
 3858  15432.00      -80.0912    -85.4534890988    -85.4424357684    0.300776
 3859  15436.00       75.3220    -85.4486698055    -85.4362071982    0.339125
 3860  15440.00       79.1461    -85.4359210307    -85.4244902507    0.311047
 3861  15444.00       80.7262    -85.4585856306    -85.4508465394    0.210591
 3862  15448.00       86.9843    -85.4550335308    -85.4480381018    0.190355
 3863  15452.00       88.0512    -85.4454457160    -85.4373214898    0.221071
 3864  15456.00       88.7614    -85.4534545808    -85.4417868941    0.317494
 3865  15460.00       84.2264    -85.4551446826    -85.4400997940    0.409392
 3866  15464.00       86.3823    -85.4563519794    -85.4424342757    0.378720
 3867  15468.00      -78.7169    -85.4575185940    -85.4470119758    0.285900
 3868  15472.00       81.5320    -85.4530631776    -85.4449547171    0.220642
 3869  15476.00      -80.3075    -85.4494552189    -85.4415572851    0.214914
 3870  15480.00       75.4365    -85.4591130297    -85.4491516642    0.271063
 3871  15484.00       72.2315    -85.4554619087    -85.4441244658    0.308508
 3872  15488.00       76.0602    -85.4600095659    -85.4494999518    0.285981
 3873  15492.00       82.4536    -85.4514769320    -85.4414032849    0.274118
 3874  15496.00       84.1881    -85.4398410407    -85.4289936033    0.295174
 3875  15500.00       80.0889    -85.4525847177    -85.4405455958    0.327601
 3876  15504.00       75.0515    -85.4529597962    -85.4407046335    0.333480
 3877  15508.00       70.9987    -85.4464588166    -85.4368826420    0.260581
 3878  15512.00      -65.4483    -85.4468275563    -85.4390066211    0.212818
 3879  15516.00       64.1527    -85.4573325620    -85.4484963398    0.240446
 3880  15520.00      -55.5947    -85.4665981871    -85.4557455031    0.295317
 3881  15524.00      -51.7711    -85.4517102196    -85.4374006486    0.389383
 3882  15528.00       45.7322    -85.4586947415    -85.4440199718    0.399321
 3883  15532.00       37.1250    -85.4605973717    -85.4488849749    0.318711
 3884  15536.00      -43.7634    -85.4583315941    -85.4492414843    0.247354
 3885  15540.00       39.4265    -85.4628972133    -85.4538416962    0.246413
 3886  15544.00       39.2541    -85.4512946250    -85.4387994559    0.340011
 3887  15548.00       40.4831    -85.4559854451    -85.4396172419    0.445401
 3888  15552.00       29.3668    -85.4565789974    -85.4408331523    0.428466
 3889  15556.00      -31.6337    -85.4426562745    -85.4304491760    0.332172
 3890  15560.00      -44.0458    -85.4604978432    -85.4519463029    0.232699
 3891  15564.00       40.2386    -85.4513985659    -85.4428867391    0.231619
 3892  15568.00      -38.1432    -85.4457490560    -85.4345525219    0.304673
 3893  15572.00       37.7567    -85.4580665723    -85.4455154312    0.341534
 3894  15576.00      -35.3339    -85.4604760173    -85.4482815154    0.331829
 3895  15580.00      -36.8955    -85.4573014490    -85.4482268349    0.246933
 3896  15584.00       36.9906    -85.4340730955    -85.4274675897    0.179745
 3897  15588.00      -36.7469    -85.4429504447    -85.4360426937    0.187969
 3898  15592.00      -37.8548    -85.4629872457    -85.4547907321    0.223038
 3899  15596.00       38.4915    -85.4547793672    -85.4463692820    0.228850
 3900  15600.00      -37.0720    -85.4620034192    -85.4535739619    0.229377
 3901  15604.00      -34.4419    -85.4670115549    -85.4594247830    0.206447
 3902  15608.00       25.6465    -85.4629546463    -85.4551992977    0.211034
 3903  15612.00       27.9649    -85.4622112415    -85.4520568915    0.276314
 3904  15616.00      -27.0716    -85.4561156515    -85.4454431322    0.290414
 3905  15620.00       25.2255    -85.4575768448    -85.4469781577    0.288405
 3906  15624.00      -34.2010    -85.4398453173    -85.4298740108    0.271333
 3907  15628.00      -37.7775    -85.4401736625    -85.4320534361    0.220963
 3908  15632.00      -37.2595    -85.4584562385    -85.4497531859    0.236822
 3909  15636.00       42.9365    -85.4536059680    -85.4455366050    0.219579
 3910  15640.00       42.3310    -85.4517121564    -85.4445893322    0.193822
 3911  15644.00       46.1429    -85.4456934161    -85.4382873173    0.201530
 3912  15648.00       35.8416    -85.4495721230    -85.4434541799    0.166478
 3913  15652.00      -42.1360    -85.4593528577    -85.4518253970    0.204833
 3914  15656.00       47.3092    -85.4486677856    -85.4384051489    0.279261
 3915  15660.00       38.4929    -85.4489244532    -85.4375806476    0.308681
 3916  15664.00      -41.8678    -85.4641153085    -85.4522344410    0.323295
 3917  15668.00       46.8878    -85.4713205892    -85.4622532345    0.246735
 3918  15672.00       54.7249    -85.4586160293    -85.4532047929    0.147247
 3919  15676.00       60.2475    -85.4448841894    -85.4398103020    0.138068
 3920  15680.00       53.5540    -85.4482541979    -85.4409835154    0.197845
 3921  15684.00       51.5091    -85.4434671395    -85.4309568567    0.340422
 3922  15688.00       46.8592    -85.4401587231    -85.4259840690    0.385712
 3923  15692.00      -45.8216    -85.4531553514    -85.4429175938    0.278584
 3924  15696.00       52.4754    -85.4504242009    -85.4440554606    0.173302
 3925  15700.00       56.0911    -85.4500349446    -85.4435593048    0.176211
 3926  15704.00       50.8246    -85.4542984228    -85.4460164230    0.225365
 3927  15708.00       55.7977    -85.4607535156    -85.4500038746    0.292513
 3928  15712.00       59.6700    -85.4494774452    -85.4408916756    0.233631
 3929  15716.00      -62.1741    -85.4432310259    -85.4376470170    0.151949
 3930  15720.00      -64.3665    -85.4495036370    -85.4432824085    0.169288
 3931  15724.00      -57.7625    -85.4627450358    -85.4534248553    0.253615
 3932  15728.00      -50.2174    -85.4627537265    -85.4494128982    0.363022
 3933  15732.00      -46.1481    -85.4696576992    -85.4564895882    0.358323
 3934  15736.00       44.7039    -85.4602985062    -85.4521939971    0.220535
 3935  15740.00      -51.1013    -85.4491362684    -85.4418032730    0.199541
 3936  15744.00       54.5486    -85.4580443076    -85.4478000066    0.278762
 3937  15748.00       50.7450    -85.4525691029    -85.4392242644    0.363132
 3938  15752.00       49.9938    -85.4534891491    -85.4399513830    0.368381
 3939  15756.00       53.6829    -85.4535332840    -85.4465387224    0.190332
 3940  15760.00       57.8361    -85.4515018437    -85.4471348342    0.118832
 3941  15764.00      -57.9232    -85.4624130467    -85.4557424866    0.181515
 3942  15768.00      -49.3113    -85.4610107940    -85.4474857479    0.368035
 3943  15772.00      -46.2948    -85.4577639164    -85.4393118963    0.502105
 3944  15776.00       45.7068    -85.4644692069    -85.4486421635    0.430676
 3945  15780.00       45.9811    -85.4543558258    -85.4454547562    0.242210
 3946  15784.00      -48.4284    -85.4617182961    -85.4550226756    0.182197
 3947  15788.00      -50.8617    -85.4655588128    -85.4568636039    0.236609
 3948  15792.00       47.2180    -85.4593773623    -85.4483424725    0.300275
 3949  15796.00       49.5715    -85.4619766786    -85.4509621073    0.299722
 3950  15800.00      -48.2445    -85.4717109571    -85.4642180505    0.203892
 3951  15804.00      -50.6988    -85.4696212173    -85.4641799661    0.148064
 3952  15808.00      -47.5853    -85.4604757854    -85.4536346615    0.186156
 3953  15812.00      -45.9483    -85.4486804130    -85.4402282209    0.229996
 3954  15816.00      -44.9551    -85.4465412059    -85.4377301465    0.239761
 3955  15820.00       44.8012    -85.4516704547    -85.4444813272    0.195626
 3956  15824.00       44.9086    -85.4576980810    -85.4533282755    0.118908
 3957  15828.00       45.6384    -85.4507266182    -85.4453114306    0.147355
 3958  15832.00      -41.2906    -85.4551419378    -85.4468257795    0.226294
 3959  15836.00      -41.9257    -85.4710519223    -85.4612661606    0.266284
 3960  15840.00      -45.6682    -85.4585251758    -85.4484799903    0.273343
 3961  15844.00       50.1030    -85.4614393484    -85.4528853958    0.232765
 3962  15848.00       51.4154    -85.4694547515    -85.4610967084    0.227434
 3963  15852.00       57.6739    -85.4586914489    -85.4497139453    0.244290
 3964  15856.00       59.5881    -85.4546330657    -85.4468274649    0.212401
 3965  15860.00      -67.7624    -85.4612291068    -85.4537195589    0.204345
 3966  15864.00       68.7036    -85.4751911169    -85.4689363904    0.170200
 3967  15868.00       65.6943    -85.4549352850    -85.4491449189    0.157564
 3968  15872.00      -69.4070    -85.4368055612    -85.4297582891    0.191766
 3969  15876.00       69.1243    -85.4590464694    -85.4509981926    0.219005
 3970  15880.00       73.6206    -85.4649168420    -85.4558494179    0.246737
 3971  15884.00      -81.6421    -85.4603180164    -85.4508084568    0.258768
 3972  15888.00      -79.3019    -85.4457078768    -85.4375049826    0.223212
 3973  15892.00       85.9610    -85.4466310045    -85.4394118516    0.196443
 3974  15896.00       91.9807    -85.4627072272    -85.4552659620    0.202487
 3975  15900.00       94.5909    -85.4640541106    -85.4565519454    0.204144
 3976  15904.00       98.0043    -85.4509358656    -85.4419312666    0.245028
 3977  15908.00       89.9336    -85.4513193736    -85.4387989068    0.340699
 3978  15912.00      -89.1223    -85.4623457549    -85.4490296647    0.362349
 3979  15916.00      -98.6351    -85.4639920918    -85.4525286577    0.311936
 3980  15920.00      101.6630    -85.4651785861    -85.4564465551    0.237611
 3981  15924.00      105.5805    -85.4586541401    -85.4499582741    0.236627
 3982  15928.00      107.1089    -85.4505025691    -85.4393905891    0.302372
 3983  15932.00      105.6933    -85.4577943973    -85.4444497453    0.363126
 3984  15936.00     -119.3594    -85.4591724207    -85.4452482273    0.378897
 3985  15940.00      126.7802    -85.4643618284    -85.4531839856    0.304165
 3986  15944.00      125.8458    -85.4667920426    -85.4569136531    0.268805
 3987  15948.00      124.0916    -85.4504191151    -85.4390422784    0.309579
 3988  15952.00      108.4503    -85.4567970279    -85.4440917397    0.345729
 3989  15956.00     -106.5185    -85.4572022725    -85.4443344004    0.350153
 3990  15960.00     -111.3356    -85.4478572707    -85.4373969310    0.284640
 3991  15964.00     -104.2741    -85.4391204930    -85.4306888422    0.229437
 3992  15968.00     -105.8521    -85.4423972160    -85.4324434876    0.270855
 3993  15972.00      -99.9914    -85.4685696344    -85.4554711501    0.356428
 3994  15976.00       95.0832    -85.4677577832    -85.4538577614    0.378239
 3995  15980.00      -97.1407    -85.4627319796    -85.4515004359    0.305626
 3996  15984.00       90.8589    -85.4519987578    -85.4438830664    0.220839
 3997  15988.00      -88.0720    -85.4566478331    -85.4480284359    0.234546
 3998  15992.00       85.8571    -85.4712608277    -85.4580718493    0.358890
 3999  15996.00       77.8549    -85.4621367507    -85.4459476614    0.440528
 4000  16000.00       72.6965    -85.4555391763    -85.4422870133    0.360610
 4001  16004.00      -67.8068    -85.4546455500    -85.4475990251    0.191746
 4002  16008.00       61.0756    -85.4508552515    -85.4461850554    0.127083
 4003  16012.00      -65.0000    -85.4616756954    -85.4568956324    0.130072
 4004  16016.00      -64.0239    -85.4512785692    -85.4427636356    0.231703
 4005  16020.00       54.5948    -85.4633686306    -85.4529088240    0.284626
 4006  16024.00      -52.5633    -85.4650462610    -85.4565249682    0.231876
 4007  16028.00       50.7158    -85.4482042628    -85.4430956791    0.139012
 4008  16032.00      -49.8197    -85.4543454898    -85.4499528260    0.119530
 4009  16036.00      -46.6146    -85.4491706756    -85.4424126704    0.183895
 4010  16040.00      -42.1628    -85.4565202346    -85.4487081880    0.212577
 4011  16044.00       34.8009    -85.4468929572    -85.4404416380    0.175549
 4012  16048.00      -30.3015    -85.4502814323    -85.4470786600    0.087152
 4013  16052.00       19.9910    -85.4638163387    -85.4622983592    0.041306
 4014  16056.00       19.0841    -85.4540662350    -85.4506724101    0.092351
 4015  16060.00      -25.5639    -85.4527528375    -85.4453421547    0.201655
 4016  16064.00      -19.3826    -85.4585185750    -85.4511036035    0.201772
 4017  16068.00      -25.6998    -85.4614264051    -85.4569133288    0.122807
 4018  16072.00       33.7090    -85.4550591555    -85.4524698271    0.070459
 4019  16076.00       33.7615    -85.4506218658    -85.4476145603    0.081833
 4020  16080.00       32.3860    -85.4485399912    -85.4438139406    0.128602
 4021  16084.00      -25.1157    -85.4490483289    -85.4447996864    0.115611
 4022  16088.00      -16.4284    -85.4475356463    -85.4457255343    0.049256
 4023  16092.00      -23.1211    -85.4410141326    -85.4389037570    0.057426
 4024  16096.00      -19.6811    -85.4541785490    -85.4527276940    0.039480
 4025  16100.00       23.5814    -85.4633636960    -85.4586870404    0.127258
 4026  16104.00       23.1980    -85.4495601367    -85.4432488516    0.171739
 4027  16108.00        7.8358    -85.4440113132    -85.4379804896    0.164107
 4028  16112.00       28.1468    -85.4590388813    -85.4534174026    0.152968
 4029  16116.00       29.0215    -85.4595953691    -85.4547956077    0.130608
 4030  16120.00      -30.5552    -85.4466458093    -85.4417735803    0.132580
 4031  16124.00       22.2306    -85.4507504978    -85.4463149020    0.120699
 4032  16128.00       19.5894    -85.4551280988    -85.4517831405    0.091021
 4033  16132.00      -25.9932    -85.4766976302    -85.4729923157    0.100827
 4034  16136.00      -33.0513    -85.4523309784    -85.4472390796    0.138558
 4035  16140.00      -27.7370    -85.4313700996    -85.4258046459    0.151444
 4036  16144.00      -32.7018    -85.4513613144    -85.4442280365    0.194106
 4037  16148.00       37.0899    -85.4499770263    -85.4431198993    0.186592
 4038  16152.00       39.7403    -85.4636499838    -85.4561878777    0.203054
 4039  16156.00       46.8427    -85.4667605842    -85.4562239897    0.286715
 4040  16160.00       42.8971    -85.4613241550    -85.4499827883    0.308614
 4041  16164.00      -43.8399    -85.4641603560    -85.4544873406    0.263216
 4042  16168.00      -52.3927    -85.4534692225    -85.4462531182    0.196360
 4043  16172.00      -49.4363    -85.4541928335    -85.4473561212    0.186036
 4044  16176.00      -50.2301    -85.4559988497    -85.4464686567    0.259330
 4045  16180.00       46.1364    -85.4625979612    -85.4508726855    0.319061
 4046  16184.00      -43.0438    -85.4580664107    -85.4456871005    0.336858
 4047  16188.00      -50.1888    -85.4532548178    -85.4420094338    0.306002
 4048  16192.00       59.8332    -85.4767695892    -85.4656153532    0.303522
 4049  16196.00       61.4143    -85.4720546675    -85.4583972174    0.371638
 4050  16200.00      -67.9178    -85.4613734127    -85.4469306156    0.393009
 4051  16204.00       74.4613    -85.4651192315    -85.4539413911    0.304165
 4052  16208.00       78.8246    -85.4648505881    -85.4561781325    0.235990
 4053  16212.00      -87.7507    -85.4567488249    -85.4477650046    0.244462
 4054  16216.00      -81.9449    -85.4506546742    -85.4381232172    0.340998
 4055  16220.00      -73.5065    -85.4704845753    -85.4522560872    0.496022
 4056  16224.00       71.2756    -85.4706954166    -85.4534475256    0.469339
 4057  16228.00       74.6242    -85.4569968211    -85.4451129652    0.323376
 4058  16232.00       86.2040    -85.4396813381    -85.4300052715    0.263299
 4059  16236.00       90.3002    -85.4569832838    -85.4454538481    0.313732
 4060  16240.00      -88.1295    -85.4837032008    -85.4671354960    0.450830
 4061  16244.00      -86.1157    -85.4726010380    -85.4543562469    0.496466
 4062  16248.00       87.2134    -85.4633976555    -85.4494626374    0.379191
 4063  16252.00       96.4700    -85.4481170279    -85.4374182182    0.291129
 4064  16256.00      -98.2178    -85.4599307347    -85.4491451375    0.293491
 4065  16260.00       92.2505    -85.4749089383    -85.4616494750    0.360808
 4066  16264.00      -81.6294    -85.4669706388    -85.4508299512    0.439210
 4067  16268.00      -79.0346    -85.4701363396    -85.4562592208    0.377616
 4068  16272.00      -88.8746    -85.4569557610    -85.4455032589    0.311638
 4069  16276.00      -98.0802    -85.4485589518    -85.4364601094    0.329226
 4070  16280.00      -96.8057    -85.4624037136    -85.4480009661    0.391919
 4071  16284.00      -94.2454    -85.4666710563    -85.4505815191    0.437819
 4072  16288.00      -96.7326    -85.4757762887    -85.4630087975    0.347421
 4073  16292.00      101.6058    -85.4558095296    -85.4467866334    0.245526
 4074  16296.00     -105.0941    -85.4493892456    -85.4407054533    0.236298
 4075  16300.00      -91.2691    -85.4527108261    -85.4423393067    0.282223
 4076  16304.00      -78.3849    -85.4640286190    -85.4508252915    0.359281
 4077  16308.00      -78.5830    -85.4652690961    -85.4531784271    0.329004
 4078  16312.00      -82.8735    -85.4698781414    -85.4602657313    0.261567
 4079  16316.00       88.3454    -85.4627940078    -85.4538815678    0.242520
 4080  16320.00       83.5667    -85.4459257357    -85.4374017850    0.231949
 4081  16324.00      -73.1053    -85.4485167698    -85.4389979163    0.259021
 4082  16328.00      -71.7564    -85.4594316146    -85.4494603713    0.271331
 4083  16332.00       73.8849    -85.4729543803    -85.4649677613    0.217327
 4084  16336.00       74.9349    -85.4519573176    -85.4446534108    0.198749
 4085  16340.00      -71.7449    -85.4517486730    -85.4435981883    0.221786
 4086  16344.00       64.8798    -85.4573934258    -85.4489012937    0.231083
 4087  16348.00       64.8996    -85.4629839089    -85.4541756841    0.239684
 4088  16352.00      -68.0847    -85.4729384970    -85.4649372499    0.217725
 4089  16356.00       60.7769    -85.4378744518    -85.4306059470    0.197786
 4090  16360.00      -56.2730    -85.4487148991    -85.4400866963    0.234785
 4091  16364.00       49.8885    -85.4618818612    -85.4527350379    0.248898
 4092  16368.00      -49.8403    -85.4481744140    -85.4400640666    0.220694
 4093  16372.00      -59.5178    -85.4649234691    -85.4575030365    0.201920
 4094  16376.00      -58.3882    -85.4563618148    -85.4497436630    0.180089
 4095  16380.00       53.0295    -85.4709656638    -85.4635272811    0.202409
 4096  16384.00      -53.4472    -85.4587471865    -85.4493648203    0.255307
 4097  16388.00       46.1512    -85.4479878983    -85.4389338712    0.246373
 4098  16392.00      -52.0360    -85.4608006584    -85.4525836967    0.223595
 4099  16396.00       53.2368    -85.4444167801    -85.4370053853    0.201674
 4100  16400.00      -49.9616    -85.4588120790    -85.4510041184    0.212465
 4101  16404.00       49.7525    -85.4520166946    -85.4436259496    0.228324
 4102  16408.00       52.4264    -85.4508773310    -85.4432542286    0.207435
 4103  16412.00       44.5399    -85.4578024991    -85.4510615288    0.183431
 4104  16416.00      -47.3503    -85.4503410985    -85.4437764810    0.178632
 4105  16420.00       50.4101    -85.4659406632    -85.4576331487    0.226059
 4106  16424.00      -47.0137    -85.4596205355    -85.4486601218    0.298248
 4107  16428.00      -48.3690    -85.4451524312    -85.4347717082    0.282474
 4108  16432.00      -50.8333    -85.4585753327    -85.4500268978    0.232615
 4109  16436.00      -53.5152    -85.4720368975    -85.4637093565    0.226604
 4110  16440.00      -47.6640    -85.4604190914    -85.4519121712    0.231485
 4111  16444.00       43.9981    -85.4622810335    -85.4525757130    0.264095
 4112  16448.00       41.1574    -85.4631214432    -85.4536885408    0.256682
 4113  16452.00       39.8274    -85.4417953609    -85.4341301713    0.208580
 4114  16456.00      -36.6925    -85.4537488153    -85.4467303457    0.190982
 4115  16460.00      -39.6505    -85.4599086763    -85.4525793657    0.199441
 4116  16464.00      -43.2754    -85.4531252156    -85.4445330118    0.233806
 4117  16468.00      -39.8348    -85.4639957368    -85.4540092709    0.271746
 4118  16472.00      -40.8854    -85.4676249742    -85.4587126785    0.242516
 4119  16476.00      -42.9836    -85.4579272871    -85.4509907994    0.188751
 4120  16480.00       45.1767    -85.4512911080    -85.4437215735    0.205978
 4121  16484.00       46.8644    -85.4713524524    -85.4613379555    0.272508
 4122  16488.00       41.5433    -85.4745624791    -85.4626267714    0.324787
 4123  16492.00       37.2174    -85.4634190989    -85.4516412294    0.320492
 4124  16496.00      -38.8323    -85.4675146170    -85.4596537443    0.213905
 4125  16500.00       35.3470    -85.4498856408    -85.4450329438    0.132049
 4126  16504.00      -40.5916    -85.4584168585    -85.4528812713    0.150631
 4127  16508.00       38.0687    -85.4587618984    -85.4500094090    0.238167
 4128  16512.00      -38.7816    -85.4587404993    -85.4466297446    0.329550
 4129  16516.00       42.2102    -85.4736167745    -85.4623916473    0.305451
 4130  16520.00       45.6078    -85.4489900642    -85.4399826456    0.245104
 4131  16524.00       47.1718    -85.4512215019    -85.4438662333    0.200147
 4132  16528.00       43.8407    -85.4606514858    -85.4536668743    0.190061
 4133  16532.00       35.9213    -85.4665412622    -85.4582990285    0.224283
 4134  16536.00      -44.1205    -85.4551040714    -85.4471565836    0.216262
 4135  16540.00      -47.2970    -85.4477679123    -85.4409420206    0.185742
 4136  16544.00       47.0640    -85.4550743127    -85.4486443118    0.174969
 4137  16548.00       44.4795    -85.4450245306    -85.4382335957    0.184791
 4138  16552.00       40.8082    -85.4627637967    -85.4544257270    0.226890
 4139  16556.00       47.7014    -85.4666844502    -85.4586101942    0.219712
 4140  16560.00       52.8215    -85.4654538208    -85.4594583793    0.163144
 4141  16564.00       51.5489    -85.4609251799    -85.4557715313    0.140238
 4142  16568.00      -48.8931    -85.4490598678    -85.4428647234    0.168578
 4143  16572.00       39.4125    -85.4531530862    -85.4447417991    0.228883
 4144  16576.00      -37.7203    -85.4550613834    -85.4455648215    0.258415
 4145  16580.00      -48.1648    -85.4509411374    -85.4427308034    0.223415
 4146  16584.00      -49.8061    -85.4420900700    -85.4365623352    0.150417
 4147  16588.00       47.8271    -85.4516591833    -85.4473052481    0.118477
 4148  16592.00      -44.7022    -85.4589925784    -85.4537660241    0.142222
 4149  16596.00      -36.1611    -85.4467422085    -85.4389614091    0.211726
 4150  16600.00      -43.9922    -85.4648521110    -85.4538131479    0.300385
 4151  16604.00       48.0983    -85.4676152896    -85.4564969979    0.302544
 4152  16608.00      -49.9657    -85.4511454552    -85.4423371671    0.239686
 4153  16612.00      -58.5421    -85.4484306601    -85.4414809571    0.189111
 4154  16616.00       61.0399    -85.4476307600    -85.4411767343    0.175623
 4155  16620.00      -61.0957    -85.4584146967    -85.4515072109    0.187962
 4156  16624.00       53.4591    -85.4590035210    -85.4520324557    0.189692
 4157  16628.00       35.2990    -85.4505560828    -85.4436770383    0.187188
 4158  16632.00      -39.0404    -85.4554722921    -85.4485971286    0.187083
 4159  16636.00      -43.6862    -85.4545986973    -85.4485437203    0.164764
 4160  16640.00      -46.9494    -85.4607981837    -85.4553869123    0.147248
 4161  16644.00      -54.5763    -85.4499584319    -85.4441239497    0.158764
 4162  16648.00      -47.4137    -85.4436992224    -85.4369120225    0.184689
 4163  16652.00       56.0699    -85.4509762140    -85.4437787680    0.195852
 4164  16656.00      -68.7969    -85.4553569895    -85.4474754934    0.214466
 4165  16660.00       61.7247    -85.4597675557    -85.4510537122    0.237116
 4166  16664.00      -50.7628    -85.4558365278    -85.4464156880    0.256354
 4167  16668.00      -41.4026    -85.4623856211    -85.4534784767    0.242376
 4168  16672.00       41.6609    -85.4600246660    -85.4525625012    0.203056
 4169  16676.00      -54.3763    -85.4451860521    -85.4394455979    0.156206
 4170  16680.00      -57.2728    -85.4508613340    -85.4453385101    0.150284
 4171  16684.00       51.0341    -85.4690226127    -85.4628762522    0.167251
 4172  16688.00      -47.4058    -85.4462146958    -85.4384056368    0.212495
 4173  16692.00       43.9016    -85.4456005725    -85.4372546580    0.227104
 4174  16696.00      -58.1284    -85.4681356530    -85.4606133754    0.204692
 4175  16700.00       67.0014    -85.4659040140    -85.4589743972    0.188564
 4176  16704.00      -51.2933    -85.4563492651    -85.4500026258    0.172701
 4177  16708.00       41.9819    -85.4479455527    -85.4409424854    0.190563
 4178  16712.00       34.9589    -85.4489929004    -85.4413686649    0.207466
 4179  16716.00       32.8544    -85.4575463022    -85.4509834724    0.178584
 4180  16720.00      -43.2686    -85.4544936283    -85.4484761683    0.163743
 4181  16724.00       46.2199    -85.4597337785    -85.4536857153    0.164576
 4182  16728.00      -51.9503    -85.4539538975    -85.4469391599    0.190881
 4183  16732.00      -58.7156    -85.4579144539    -85.4496253710    0.225557
 4184  16736.00       52.7448    -85.4550585787    -85.4461944681    0.241205
 4185  16740.00      -58.5635    -85.4568817146    -85.4472552733    0.261949
 4186  16744.00      -54.4704    -85.4742161002    -85.4650261163    0.250072
 4187  16748.00      -37.2414    -85.4653202882    -85.4570234275    0.225769
 4188  16752.00      -43.9345    -85.4647906467    -85.4580681296    0.182929
 4189  16756.00      -46.2985    -85.4539508467    -85.4483329167    0.152872
 4190  16760.00       47.0423    -85.4466105197    -85.4419882238    0.125779
 4191  16764.00       49.3990    -85.4636970048    -85.4580047665    0.154894
 4192  16768.00      -42.7644    -85.4541727625    -85.4454113775    0.238409
 4193  16772.00       37.8488    -85.4633110658    -85.4521602578    0.303429
 4194  16776.00      -41.2137    -85.4734824332    -85.4613700901    0.329594
 4195  16780.00       36.2893    -85.4632346680    -85.4526698817    0.287482
 4196  16784.00      -36.5466    -85.4550993491    -85.4474742106    0.207491
 4197  16788.00       40.7449    -85.4607842126    -85.4538784872    0.187914
 4198  16792.00       38.1653    -85.4666275798    -85.4598437328    0.184598
 4199  16796.00      -41.9392    -85.4723853120    -85.4640918019    0.225678
 4200  16800.00      -39.9537    -85.4675416093    -85.4586969115    0.240676
 4201  16804.00      -35.3898    -85.4558051457    -85.4485205338    0.198224
 4202  16808.00      -35.1651    -85.4587209623    -85.4519031032    0.185523
 4203  16812.00       32.7097    -85.4586885854    -85.4514406583    0.197226
 4204  16816.00       34.1058    -85.4618565858    -85.4523096283    0.259786
 4205  16820.00      -38.9148    -85.4695448534    -85.4582769610    0.306615
 4206  16824.00      -28.9562    -85.4602248897    -85.4507614500    0.257513
 4207  16828.00       34.9108    -85.4591535298    -85.4508165771    0.226860
 4208  16832.00       40.5838    -85.4567393280    -85.4485787824    0.222060
 4209  16836.00       37.1595    -85.4615132044    -85.4534846579    0.218468
 4210  16840.00       31.8922    -85.4675180924    -85.4594698144    0.219005
 4211  16844.00       18.6505    -85.4506718407    -85.4435678449    0.193310
 4212  16848.00      -15.3750    -85.4448585959    -85.4375670970    0.198412
 4213  16852.00       29.2311    -85.4574515422    -85.4483932970    0.246487
 4214  16856.00       25.2202    -85.4711291336    -85.4593004943    0.321874
 4215  16860.00       26.7386    -85.4682042511    -85.4556533951    0.341526
 4216  16864.00       26.7084    -85.4607472320    -85.4495968096    0.303418
 4217  16868.00      -21.1717    -85.4463105883    -85.4381764571    0.221341
 4218  16872.00       36.7957    -85.4446524312    -85.4380718524    0.179067
 4219  16876.00      -41.4920    -85.4669492147    -85.4604068313    0.178027
 4220  16880.00      -37.3109    -85.4727795489    -85.4660514176    0.183082
 4221  16884.00       33.7305    -85.4602774997    -85.4516704646    0.234209
 4222  16888.00       25.4328    -85.4534594253    -85.4424970621    0.298301
 4223  16892.00       27.1587    -85.4530273630    -85.4402804900    0.346860
 4224  16896.00       28.9018    -85.4560016948    -85.4428693960    0.357348
 4225  16900.00      -31.4216    -85.4639642401    -85.4534104053    0.287184
 4226  16904.00       31.9040    -85.4633551657    -85.4544451130    0.242455
 4227  16908.00      -35.4005    -85.4537149791    -85.4450896216    0.234708
 4228  16912.00       42.1914    -85.4404223919    -85.4303752338    0.273397
 4229  16916.00       44.6039    -85.4508460842    -85.4379685895    0.350414
 4230  16920.00      -42.2415    -85.4730579086    -85.4616283255    0.311015
 4231  16924.00       47.0387    -85.4742758233    -85.4667455476    0.204909
 4232  16928.00       50.1134    -85.4533934417    -85.4473472769    0.164525
 4233  16932.00       59.6451    -85.4548391712    -85.4468618883    0.217073
 4234  16936.00       59.7532    -85.4604172760    -85.4484115110    0.326694
 4235  16940.00      -55.8364    -85.4535214570    -85.4388325561    0.399705
 4236  16944.00       55.1918    -85.4588751633    -85.4460039932    0.350242
 4237  16948.00       58.0018    -85.4707124365    -85.4607530608    0.271008
 4238  16952.00       61.3475    -85.4635718195    -85.4548880966    0.236296
 4239  16956.00      -63.8970    -85.4462968560    -85.4364251535    0.268623
 4240  16960.00      -66.4622    -85.4538089800    -85.4425421597    0.306586
 4241  16964.00       64.1650    -85.4546794404    -85.4433177565    0.309167
 4242  16968.00       69.1977    -85.4629218979    -85.4528882109    0.273031
 4243  16972.00      -77.2161    -85.4740495144    -85.4637813367    0.279411
 4244  16976.00       77.0879    -85.4583446086    -85.4466516036    0.318183
 4245  16980.00      -75.4203    -85.4575869645    -85.4440498772    0.368363
 4246  16984.00       72.0448    -85.4483066703    -85.4351394736    0.358298
 4247  16988.00      -71.2699    -85.4546258603    -85.4455077933    0.248115
 4248  16992.00       76.9661    -85.4748292444    -85.4668942993    0.215921
 4249  16996.00      -79.3837    -85.4619798313    -85.4530788989    0.242207
 4250  17000.00      -77.2166    -85.4563849727    -85.4472193225    0.249410
 4251  17004.00       79.7810    -85.4417075149    -85.4317756341    0.270260
 4252  17008.00      -81.5600    -85.4467444981    -85.4382652300    0.230733
 4253  17012.00      -87.1904    -85.4573053344    -85.4489093136    0.228467
 4254  17016.00      -86.9118    -85.4723828855    -85.4610073784    0.309543
 4255  17020.00      -79.6548    -85.4726102913    -85.4582786198    0.389985
 4256  17024.00      -80.8596    -85.4602572258    -85.4442999688    0.434219
 4257  17028.00       84.0335    -85.4554894888    -85.4430391725    0.338790
 4258  17032.00       92.2591    -85.4567910220    -85.4476430536    0.248929
 4259  17036.00       93.3406    -85.4630692379    -85.4543575834    0.237056
 4260  17040.00      -89.9856    -85.4563155491    -85.4468692835    0.257046
 4261  17044.00      -85.8625    -85.4518753538    -85.4404663660    0.310454
 4262  17048.00      -85.2905    -85.4569190505    -85.4442163444    0.345658
 4263  17052.00      -85.9547    -85.4629965215    -85.4523100560    0.290794
 4264  17056.00       84.3511    -85.4710445648    -85.4612591354    0.266275
 4265  17060.00      -77.0681    -85.4603549830    -85.4499065371    0.284317
 4266  17064.00       70.4994    -85.4669521452    -85.4566470895    0.280415
 4267  17068.00       69.7488    -85.4557067172    -85.4457692381    0.270413
 4268  17072.00       70.8565    -85.4390105861    -85.4296790664    0.253924
 4269  17076.00       75.7419    -85.4609842873    -85.4519813593    0.244982
 4270  17080.00      -72.8435    -85.4664772095    -85.4563732894    0.274942
 4271  17084.00       73.6109    -85.4609804282    -85.4489646766    0.326965
 4272  17088.00       76.6379    -85.4597196024    -85.4473402717    0.336859
 4273  17092.00      -81.6660    -85.4586934839    -85.4473728999    0.308049
 4274  17096.00       78.5080    -85.4578411357    -85.4489592351    0.241689
 4275  17100.00       74.4222    -85.4670798208    -85.4575250328    0.259999
 4276  17104.00       67.1345    -85.4658619435    -85.4527083548    0.357927
 4277  17108.00       62.9581    -85.4568944627    -85.4408761999    0.435879
 4278  17112.00       61.8180    -85.4714757995    -85.4555404153    0.433624
 4279  17116.00      -69.2384    -85.4617419696    -85.4499245919    0.321567
 4280  17120.00       70.4016    -85.4582729477    -85.4495744225    0.236699
 4281  17124.00       76.4455    -85.4626195285    -85.4540461636    0.233293
 4282  17128.00      -74.1998    -85.4543383287    -85.4447570672    0.260719
 4283  17132.00       72.3773    -85.4715794926    -85.4582637605    0.362340
 4284  17136.00       66.4014    -85.4682643773    -85.4539183114    0.390376
 4285  17140.00       60.6850    -85.4495832981    -85.4353641457    0.386923
 4286  17144.00      -59.1490    -85.4738693237    -85.4606947913    0.358497
 4287  17148.00       57.1002    -85.4792137529    -85.4688749522    0.281333
 4288  17152.00      -54.8433    -85.4627520321    -85.4533319869    0.256332
 4289  17156.00       55.9220    -85.4709303662    -85.4606071576    0.280909
 4290  17160.00      -58.9355    -85.4651353237    -85.4531880958    0.325101
 4291  17164.00      -60.1028    -85.4560695129    -85.4417802207    0.388831
 4292  17168.00      -68.2946    -85.4701874602    -85.4561703417    0.381425
 4293  17172.00       69.7520    -85.4656611270    -85.4543905120    0.306689
 4294  17176.00      -74.1534    -85.4583792890    -85.4482305005    0.276163
 4295  17180.00      -70.9559    -85.4579180298    -85.4464231906    0.312791
 4296  17184.00      -64.3941    -85.4618392669    -85.4498775889    0.325494
 4297  17188.00       60.7602    -85.4679924323    -85.4565550905    0.311226
 4298  17192.00       58.4944    -85.4600093425    -85.4496715129    0.281307
 4299  17196.00       55.3560    -85.4652960892    -85.4546112707    0.290749
 4300  17200.00      -57.1849    -85.4619564337    -85.4482969696    0.371693
 4301  17204.00       54.1394    -85.4660746141    -85.4519826156    0.383463
 4302  17208.00      -55.9783    -85.4698845233    -85.4588010008    0.301598
 4303  17212.00      -58.9533    -85.4585988691    -85.4520362620    0.178578
 4304  17216.00      -59.7651    -85.4630379078    -85.4581453144    0.133134
 4305  17220.00       64.0173    -85.4557008121    -85.4481081982    0.206606
 4306  17224.00       62.1810    -85.4680995753    -85.4547293353    0.363823
 4307  17228.00       57.6489    -85.4741262339    -85.4575948670    0.449841
 4308  17232.00      -53.3720    -85.4492398391    -85.4365678654    0.344822
 4309  17236.00      -60.2975    -85.4563746136    -85.4500070606    0.173270
 4310  17240.00      -61.9539    -85.4643086277    -85.4581494009    0.167601
 4311  17244.00       61.5640    -85.4654725877    -85.4557962125    0.263308
 4312  17248.00       54.6512    -85.4510234056    -85.4369562826    0.382786
 4313  17252.00       52.7542    -85.4643835045    -85.4510015572    0.364141
 4314  17256.00      -65.2165    -85.4705904221    -85.4627846689    0.212405
 4315  17260.00       64.3675    -85.4521534607    -85.4463070236    0.159090
 4316  17264.00       66.5001    -85.4609832510    -85.4524390437    0.232500
 4317  17268.00      -60.5966    -85.4577035329    -85.4455125654    0.331733
 4318  17272.00       54.8046    -85.4555242156    -85.4417510850    0.374786
 4319  17276.00      -55.2610    -85.4659562320    -85.4552673838    0.290858
 4320  17280.00      -52.9585    -85.4572158426    -85.4497942421    0.201952
 4321  17284.00       57.3312    -85.4658507618    -85.4569223747    0.242954
 4322  17288.00      -55.0548    -85.4719167088    -85.4594617795    0.338916
 4323  17292.00      -54.8361    -85.4565310685    -85.4428296764    0.372834
 4324  17296.00       62.1960    -85.4616208534    -85.4511638226    0.284550
 4325  17300.00      -63.2797    -85.4627517973    -85.4564695766    0.170948
 4326  17304.00       60.4503    -85.4503197404    -85.4443289276    0.163018
 4327  17308.00       56.3033    -85.4583024593    -85.4477521636    0.287088
 4328  17312.00       53.5049    -85.4598634436    -85.4447180838    0.412126
 4329  17316.00      -57.2944    -85.4644762000    -85.4488395808    0.425494
 4330  17320.00      -61.5845    -85.4781299159    -85.4662947353    0.322052
 4331  17324.00      -58.5741    -85.4634999762    -85.4553924735    0.220616
 4332  17328.00      -49.3990    -85.4529548206    -85.4447767632    0.222536
 4333  17332.00      -48.6455    -85.4641242774    -85.4543746544    0.265301
 4334  17336.00       52.9400    -85.4665237334    -85.4553887100    0.302999
 4335  17340.00      -58.0106    -85.4713443888    -85.4609441545    0.283005
 4336  17344.00       60.0599    -85.4676312925    -85.4597982289    0.213149
 4337  17348.00      -60.4241    -85.4616987064    -85.4547110013    0.190145
 4338  17352.00       62.5382    -85.4574425739    -85.4500912838    0.200039
 4339  17356.00      -67.8091    -85.4600605663    -85.4509027584    0.249197
 4340  17360.00       68.9976    -85.4611938120    -85.4507397695    0.284469
 4341  17364.00      -66.9496    -85.4656439216    -85.4565469024    0.247543
 4342  17368.00       61.8582    -85.4799806373    -85.4719247119    0.219213
 4343  17372.00       57.5100    -85.4495850140    -85.4432456037    0.172504
 4344  17376.00       61.8961    -85.4429283650    -85.4371604491    0.156953
 4345  17380.00       56.1258    -85.4666746843    -85.4597422458    0.188641
 4346  17384.00      -49.7853    -85.4690600872    -85.4614272733    0.207699
 4347  17388.00      -52.1431    -85.4723065396    -85.4655583311    0.183628
 4348  17392.00       64.0948    -85.4613037467    -85.4556622938    0.153512
 4349  17396.00      -70.5912    -85.4636660703    -85.4583908098    0.143547
 4350  17400.00       75.3502    -85.4683334421    -85.4621741600    0.167603
 4351  17404.00       66.4145    -85.4519855036    -85.4431880347    0.239391
 4352  17408.00       63.4828    -85.4614287187    -85.4520359064    0.255591
 4353  17412.00      -70.6854    -85.4684441682    -85.4615186693    0.188452
 4354  17416.00      -72.5378    -85.4500535251    -85.4447217573    0.145085
 4355  17420.00      -68.4330    -85.4609358588    -85.4555382628    0.146876
 4356  17424.00       53.9372    -85.4708565710    -85.4661163488    0.128988
 4357  17428.00      -42.0077    -85.4593670392    -85.4511791835    0.222803
 4358  17432.00      -47.0906    -85.4665005705    -85.4572784760    0.250946
 4359  17436.00       62.4969    -85.4692028743    -85.4626934420    0.177131
 4360  17440.00      -64.8402    -85.4618095462    -85.4570320578    0.130002
 4361  17444.00      -56.5078    -85.4591370123    -85.4543282536    0.130853
 4362  17448.00       49.1571    -85.4570691686    -85.4475622661    0.258696
 4363  17452.00      -46.1375    -85.4688543666    -85.4572561869    0.315603
 4364  17456.00       48.9934    -85.4768982745    -85.4689862095    0.215298
 4365  17460.00       52.5969    -85.4581839756    -85.4542941916    0.105846
 4366  17464.00       45.1698    -85.4560668653    -85.4526146779    0.093939
 4367  17468.00       37.0886    -85.4579929950    -85.4521219134    0.159760
 4368  17472.00      -35.3147    -85.4614909474    -85.4498099733    0.317855
 4369  17476.00       42.5278    -85.4728065882    -85.4603859398    0.337983
 4370  17480.00      -47.7983    -85.4749617478    -85.4677551930    0.196100
 4371  17484.00      -48.2307    -85.4523740268    -85.4486294872    0.101894
 4372  17488.00       48.4491    -85.4503523835    -85.4448278421    0.150330
 4373  17492.00      -44.2905    -85.4688911924    -85.4567532360    0.330291
 4374  17496.00      -37.9582    -85.4674684940    -85.4520873632    0.418542
 4375  17500.00       34.8468    -85.4856486971    -85.4739701445    0.317790
 4376  17504.00      -36.5844    -85.4671692015    -85.4616042097    0.151431
 4377  17508.00      -30.2599    -85.4495205182    -85.4454263679    0.111408
 4378  17512.00       30.1538    -85.4713245640    -85.4627386296    0.233635
 4379  17516.00       30.6102    -85.4755073950    -85.4617851403    0.373402
 4380  17520.00       35.0392    -85.4774470627    -85.4633396352    0.383883
 4381  17524.00      -38.4395    -85.4603501965    -85.4500269891    0.280909
 4382  17528.00       45.5828    -85.4490589969    -85.4421024415    0.189298
 4383  17532.00       49.0505    -85.4716432866    -85.4640805439    0.205793
 4384  17536.00      -50.7674    -85.4659481346    -85.4549340887    0.299707
 4385  17540.00      -46.4003    -85.4724315574    -85.4607342186    0.318301
 4386  17544.00      -43.3448    -85.4724444146    -85.4629651602    0.257944
 4387  17548.00       45.6336    -85.4662768404    -85.4597500168    0.177604
 4388  17552.00       47.6239    -85.4601822939    -85.4532781059    0.187873
 4389  17556.00      -46.6087    -85.4599737457    -85.4478486352    0.329941
 4390  17560.00      -43.0941    -85.4798052651    -85.4649814004    0.403378
 4391  17564.00       44.8088    -85.4759480596    -85.4617379445    0.386677
 4392  17568.00       52.9767    -85.4657345459    -85.4547383735    0.299221
 4393  17572.00       65.0204    -85.4610133072    -85.4534638759    0.205430
 4394  17576.00      -64.3052    -85.4532382306    -85.4461069731    0.194051
 4395  17580.00      -58.6595    -85.4570570038    -85.4487396703    0.226326
 4396  17584.00       53.3899    -85.4589135446    -85.4499486311    0.243948
 4397  17588.00      -47.7933    -85.4632258102    -85.4554481231    0.211642
 4398  17592.00       56.5071    -85.4653371195    -85.4592290759    0.166208
 4399  17596.00       61.7265    -85.4612885996    -85.4552237377    0.165033
 4400  17600.00       57.4282    -85.4487581765    -85.4420870740    0.181530
 4401  17604.00      -57.5277    -85.4566346874    -85.4485624397    0.219657
 4402  17608.00       64.0518    -85.4708183969    -85.4611140171    0.264070
 4403  17612.00       65.8036    -85.4685857124    -85.4595229367    0.246611
 4404  17616.00      -65.5544    -85.4593865476    -85.4518187276    0.205931
 4405  17620.00      -60.1594    -85.4505637418    -85.4444634559    0.165997
 4406  17624.00       59.1528    -85.4592536552    -85.4534577407    0.157715
 4407  17628.00       59.5511    -85.4638024782    -85.4572398499    0.178578
 4408  17632.00      -58.6065    -85.4629527696    -85.4548239493    0.221196
 4409  17636.00       54.6294    -85.4597047749    -85.4520459023    0.208409
 4410  17640.00      -49.4878    -85.4548658058    -85.4488051350    0.164919
 4411  17644.00      -51.8931    -85.4654854043    -85.4592739712    0.169022
 4412  17648.00      -55.7917    -85.4490180709    -85.4418812595    0.194203
 4413  17652.00       56.8186    -85.4583937601    -85.4502956033    0.220362
 4414  17656.00      -56.1289    -85.4736210274    -85.4661963439    0.202036
 4415  17660.00       54.7525    -85.4504976207    -85.4455536684    0.134532
 4416  17664.00      -58.1990    -85.4445935912    -85.4400353483    0.124036
 4417  17668.00       62.1336    -85.4455348986    -85.4403534377    0.140995
 4418  17672.00      -60.3269    -85.4589441195    -85.4517799122    0.194948
 4419  17676.00       56.4836    -85.4705028952    -85.4601408924    0.281964
 4420  17680.00       47.8878    -85.4616627021    -85.4516184710    0.273317
 4421  17684.00       44.7487    -85.4575887462    -85.4496021343    0.217327
 4422  17688.00      -40.4289    -85.4467833345    -85.4400791335    0.182431
 4423  17692.00       34.0713    -85.4519073852    -85.4435169347    0.228316
 4424  17696.00       35.3733    -85.4695272520    -85.4576129277    0.324205
 4425  17700.00      -38.2453    -85.4744321410    -85.4624700779    0.325504
 4426  17704.00      -39.2759    -85.4553730809    -85.4461091174    0.252085
 4427  17708.00      -40.8371    -85.4273290842    -85.4214817995    0.159113
 4428  17712.00       37.4144    -85.4436646150    -85.4387038668    0.134989
 4429  17716.00       35.5771    -85.4645934040    -85.4568520367    0.210653
 4430  17720.00       40.9339    -85.4617415732    -85.4503577020    0.309771
 4431  17724.00      -36.9047    -85.4645569452    -85.4526961688    0.322748
 4432  17728.00      -36.8302    -85.4755882260    -85.4652992335    0.279978
 4433  17732.00      -37.3123    -85.4561275127    -85.4475765128    0.232685
 4434  17736.00       35.4917    -85.4587870235    -85.4496821385    0.247757
 4435  17740.00       38.6903    -85.4662893841    -85.4541240681    0.331035
 4436  17744.00      -43.9296    -85.4481348419    -85.4351071103    0.354503
 4437  17748.00       45.9648    -85.4527318828    -85.4414917714    0.305859
 4438  17752.00      -52.6581    -85.4505331447    -85.4416648589    0.241318
 4439  17756.00       47.4389    -85.4611985422    -85.4533791689    0.212776
 4440  17760.00      -50.4013    -85.4676680312    -85.4561488214    0.313454
 4441  17764.00      -51.6060    -85.4551296899    -85.4388944751    0.441783
 4442  17768.00      -48.4653    -85.4629332306    -85.4456422774    0.470511
 4443  17772.00      -45.9537    -85.4631234604    -85.4485973012    0.395277
 4444  17776.00      -52.2653    -85.4456045166    -85.4357219266    0.268919
 4445  17780.00       47.9955    -85.4620067401    -85.4538297713    0.222507
 4446  17784.00      -54.2984    -85.4690773010    -85.4590044238    0.274097
 4447  17788.00      -56.1774    -85.4591103337    -85.4482220186    0.296286
 4448  17792.00      -59.2166    -85.4553267755    -85.4441225945    0.304881
 4449  17796.00       65.3580    -85.4727333428    -85.4624134686    0.280818
 4450  17800.00      -66.9623    -85.4587448579    -85.4489108985    0.267596
 4451  17804.00      -67.1630    -85.4427534596    -85.4313667802    0.309847
 4452  17808.00      -62.5843    -85.4637969115    -85.4518364693    0.325460
 4453  17812.00      -60.0350    -85.4667258492    -85.4543295840    0.337320
 4454  17816.00      -64.4017    -85.4571728979    -85.4460406400    0.302924
 4455  17820.00       67.3097    -85.4494577516    -85.4397958367    0.262914
 4456  17824.00       65.4310    -85.4566314652    -85.4468926844    0.265006
 4457  17828.00       63.4572    -85.4653116055    -85.4551859301    0.275534
 4458  17832.00      -66.7412    -85.4578691159    -85.4477888796    0.274297
 4459  17836.00       73.9729    -85.4471390255    -85.4373744295    0.265708
 4460  17840.00      -81.5787    -85.4393716655    -85.4300805853    0.252823
 4461  17844.00      -83.2717    -85.4537943016    -85.4446548815    0.248696
 4462  17848.00      -79.2452    -85.4557473002    -85.4461913809    0.260030
 4463  17852.00       73.1064    -85.4654624617    -85.4547863483    0.290512
 4464  17856.00       70.6385    -85.4705590597    -85.4576982783    0.349960
 4465  17860.00      -69.5310    -85.4493466652    -85.4358216037    0.368036
 4466  17864.00       66.3155    -85.4537916029    -85.4421196685    0.317610
 4467  17868.00       64.9064    -85.4496979139    -85.4406752302    0.245520
 4468  17872.00       70.1446    -85.4481044680    -85.4410770990    0.191224
 4469  17876.00       74.0955    -85.4623393874    -85.4537879273    0.232697
 4470  17880.00      -78.8559    -85.4737805914    -85.4608196939    0.352684
 4471  17884.00       74.6747    -85.4603588068    -85.4452355539    0.411525
 4472  17888.00      -66.9351    -85.4403300296    -85.4247052451    0.425172
 4473  17892.00       67.6495    -85.4605220037    -85.4469203544    0.370120
 4474  17896.00      -74.1367    -85.4672185803    -85.4564081540    0.294167
 4475  17900.00       77.7502    -85.4582056401    -85.4483078288    0.269333
 4476  17904.00      -74.6554    -85.4523516607    -85.4429489972    0.255860
 4477  17908.00       70.1418    -85.4483453005    -85.4395842308    0.238401
 4478  17912.00      -70.8431    -85.4612639798    -85.4525961714    0.235863
 4479  17916.00       74.7775    -85.4502040063    -85.4409855798    0.250846
 4480  17920.00      -75.9408    -85.4531264583    -85.4426609636    0.284781
 4481  17924.00      -73.8730    -85.4643374146    -85.4532039804    0.302956
 4482  17928.00      -67.2763    -85.4604533777    -85.4499562994    0.285640
 4483  17932.00       66.1289    -85.4548794484    -85.4457169721    0.249324
 4484  17936.00       65.8959    -85.4456471546    -85.4370711330    0.233365
 4485  17940.00       60.5738    -85.4709827491    -85.4607895002    0.277372
 4486  17944.00      -55.5402    -85.4687887643    -85.4556742746    0.356863
 4487  17948.00       58.4385    -85.4447199699    -85.4307139931    0.381122
 4488  17952.00      -68.2022    -85.4533311939    -85.4425956112    0.292130
 4489  17956.00      -72.3844    -85.4703568318    -85.4626469806    0.209796
 4490  17960.00       74.3211    -85.4664731277    -85.4589998735    0.203358
 4491  17964.00       69.8709    -85.4592742900    -85.4488993805    0.282316
 4492  17968.00       70.3007    -85.4534323635    -85.4392727807    0.385302
 4493  17972.00      -71.9265    -85.4395419014    -85.4263408040    0.359220
 4494  17976.00       77.0564    -85.4429865041    -85.4339616011    0.245580
 4495  17980.00       78.0661    -85.4514175645    -85.4444421201    0.189812
 4496  17984.00      -71.0084    -85.4541982266    -85.4457764846    0.229167
 4497  17988.00       70.4390    -85.4644929660    -85.4522445237    0.333297
 4498  17992.00      -70.5664    -85.4686017193    -85.4548216352    0.374975
 4499  17996.00       75.6624    -85.4629587377    -85.4514678706    0.312682
 4500  18000.00       82.3036    -85.4447333696    -85.4365771239    0.221943
 4501  18004.00       75.3658    -85.4559525709    -85.4475035779    0.229909
 4502  18008.00      -77.5977    -85.4698140780    -85.4569556681    0.349895
 4503  18012.00      -78.0416    -85.4671680101    -85.4516554704    0.422118
 4504  18016.00      -79.0024    -85.4649959213    -85.4501437335    0.404149
 4505  18020.00      -79.4755    -85.4598221103    -85.4485428182    0.306925
 4506  18024.00      -76.6628    -85.4654267466    -85.4558842864    0.259664
 4507  18028.00      -73.9780    -85.4563464306    -85.4445449626    0.321134
 4508  18032.00      -79.8687    -85.4589446356    -85.4435350647    0.419316
 4509  18036.00       86.7280    -85.4603144142    -85.4451671518    0.412178
 4510  18040.00       92.1815    -85.4542599135    -85.4438341802    0.283699
 4511  18044.00      -95.0697    -85.4544563525    -85.4465851567    0.214186
 4512  18048.00      -95.5631    -85.4491764214    -85.4403193657    0.241013
 4513  18052.00      -96.8686    -85.4680935617    -85.4559169967    0.331341
 4514  18056.00       92.8017    -85.4560394298    -85.4415558460    0.394118
 4515  18060.00       91.8567    -85.4476224186    -85.4334767811    0.384922
 4516  18064.00       89.1955    -85.4643395954    -85.4515714863    0.347438
 4517  18068.00      -89.6759    -85.4587324980    -85.4467317423    0.326557
 4518  18072.00       88.6689    -85.4655628104    -85.4533097625    0.333422
 4519  18076.00       87.6453    -85.4633476507    -85.4495745110    0.374786
 4520  18080.00      -85.0645    -85.4536593030    -85.4400809167    0.369487
 4521  18084.00      -85.4917    -85.4565498006    -85.4452611722    0.307179
 4522  18088.00      -90.5108    -85.4567020775    -85.4465674519    0.275777
 4523  18092.00       89.4887    -85.4570738334    -85.4467658330    0.280495
 4524  18096.00      -87.8830    -85.4433642554    -85.4323111614    0.300770
 4525  18100.00      -91.1215    -85.4552113641    -85.4422342828    0.353124
 4526  18104.00      -92.1369    -85.4524867309    -85.4379427447    0.395762
 4527  18108.00       92.7100    -85.4431460948    -85.4289216690    0.387066
 4528  18112.00       87.1865    -85.4449801450    -85.4325082765    0.339377
 4529  18116.00       81.8332    -85.4447656170    -85.4341111558    0.289923
 4530  18120.00       77.9481    -85.4638378597    -85.4540260439    0.266993
 4531  18124.00       72.3825    -85.4573838204    -85.4462675612    0.302489
 4532  18128.00      -69.3828    -85.4540767554    -85.4422449826    0.321959
 4533  18132.00       67.8651    -85.4545930263    -85.4445690402    0.272767
 4534  18136.00       63.9915    -85.4573837638    -85.4480723709    0.253376
 4535  18140.00      -62.0960    -85.4562016259    -85.4453366212    0.295652
 4536  18144.00      -58.1579    -85.4487020405    -85.4353810523    0.362483
 4537  18148.00       55.6201    -85.4554591248    -85.4410705423    0.391533
 4538  18152.00       50.0448    -85.4703213401    -85.4570809506    0.360289
 4539  18156.00       50.9206    -85.4602317681    -85.4500200794    0.277874
 4540  18160.00      -41.3521    -85.4424905648    -85.4349670620    0.204725
 4541  18164.00       34.7141    -85.4531103959    -85.4445815018    0.232083
 4542  18168.00       32.8673    -85.4547327876    -85.4439526106    0.293344
 4543  18172.00       35.1520    -85.4516033013    -85.4407871127    0.294323
 4544  18176.00      -40.0594    -85.4650659169    -85.4556251313    0.256897
 4545  18180.00      -43.7281    -85.4522478092    -85.4443618061    0.214589
 4546  18184.00       49.0924    -85.4546800378    -85.4454948689    0.249941
 4547  18188.00       44.5217    -85.4595178326    -85.4473219757    0.331866
 4548  18192.00      -37.4418    -85.4571563816    -85.4432419238    0.378632
 4549  18196.00      -34.6572    -85.4562879927    -85.4434174904    0.350224
 4550  18200.00      -30.0401    -85.4469417478    -85.4382709172    0.235945
 4551  18204.00      -24.5000    -85.4413211661    -85.4365156253    0.130765
 4552  18208.00       22.4244    -85.4398419865    -85.4358086272    0.109753
 4553  18212.00       20.7363    -85.4576720744    -85.4524438619    0.142267
 4554  18216.00       22.7942    -85.4647109037    -85.4574359794    0.197961
 4555  18220.00      -28.0927    -85.4500094915    -85.4418809781    0.221188
 4556  18224.00       29.3871    -85.4550968392    -85.4484363421    0.181241
 4557  18228.00       33.5217    -85.4461726057    -85.4397950346    0.173543
 4558  18232.00       29.9977    -85.4551611580    -85.4480980865    0.192196
 4559  18236.00      -26.6728    -85.4603253592    -85.4524115279    0.215346
 4560  18240.00      -29.6357    -85.4391810971    -85.4305672391    0.234395
 4561  18244.00       28.4941    -85.4488794961    -85.4417789484    0.193216
 4562  18248.00      -29.7964    -85.4546521433    -85.4499923794    0.126799
 4563  18252.00      -27.7287    -85.4668643022    -85.4628328617    0.109701
 4564  18256.00       25.9540    -85.4568833474    -85.4515047568    0.146359
 4565  18260.00       30.6639    -85.4558071825    -85.4478709531    0.215956
 4566  18264.00       26.9236    -85.4637064787    -85.4549597960    0.238009
 4567  18268.00       28.6139    -85.4633569967    -85.4566006260    0.183850
 4568  18272.00       35.5403    -85.4678028205    -85.4626927711    0.139052
 4569  18276.00       36.6398    -85.4458854156    -85.4415837844    0.117053
 4570  18280.00      -38.6472    -85.4459353174    -85.4416278329    0.117213
 4571  18284.00      -32.5492    -85.4508772798    -85.4463609655    0.122895
 4572  18288.00       28.6192    -85.4571784569    -85.4533485356    0.104217
 4573  18292.00       23.6056    -85.4667593981    -85.4640969522    0.072449
 4574  18296.00       19.6521    -85.4629967029    -85.4593258282    0.099890
 4575  18300.00       19.3476    -85.4629160770    -85.4564403124    0.176215
 4576  18304.00       23.4389    -85.4456191695    -85.4364337373    0.249948
 4577  18308.00        1.0874    -85.4550185342    -85.4455471370    0.257730
 4578  18312.00      -19.5711    -85.4698353043    -85.4616676608    0.222253
 4579  18316.00      -34.4566    -85.4589339475    -85.4513158728    0.207298
 4580  18320.00       36.1186    -85.4648366143    -85.4568272367    0.217946
 4581  18324.00      -45.5597    -85.4546748455    -85.4450558310    0.261747
 4582  18328.00      -55.2360    -85.4600611202    -85.4495389336    0.286323
 4583  18332.00       50.1433    -85.4641784814    -85.4545633215    0.261642
 4584  18336.00       50.0827    -85.4500724886    -85.4408908109    0.249846
 4585  18340.00       40.9334    -85.4510807873    -85.4423871590    0.236566
 4586  18344.00       33.7626    -85.4607311591    -85.4524736705    0.224698
 4587  18348.00      -44.6458    -85.4648980266    -85.4555786400    0.253593
 4588  18352.00       53.8895    -85.4477660459    -85.4379034402    0.268375
 4589  18356.00      -59.9734    -85.4660368415    -85.4563591483    0.263343
 4590  18360.00       64.0712    -85.4724978846    -85.4632582860    0.251422
 4591  18364.00       65.6866    -85.4580624381    -85.4503803483    0.209040
 4592  18368.00      -69.9176    -85.4534677516    -85.4465339890    0.188677
 4593  18372.00       70.8060    -85.4547955091    -85.4465171778    0.225265
 4594  18376.00      -70.4056    -85.4703540817    -85.4586889244    0.317425
 4595  18380.00      -70.1169    -85.4637588561    -85.4501967697    0.369043
 4596  18384.00      -71.3438    -85.4598365283    -85.4477348193    0.329304
 4597  18388.00       75.8263    -85.4564732344    -85.4473315116    0.248759
 4598  18392.00      -77.0170    -85.4595783266    -85.4517513429    0.212983
 4599  18396.00      -78.9849    -85.4727005839    -85.4635670705    0.248536
 4600  18400.00      -80.7242    -85.4597677636    -85.4482994932    0.312068
 4601  18404.00       86.7343    -85.4686037431    -85.4569750351    0.316433
 4602  18408.00       98.8830    -85.4629759262    -85.4526499090    0.280985
 4603  18412.00     -105.4242    -85.4575754536    -85.4480483757    0.259245
 4604  18416.00      -96.4099    -85.4659701554    -85.4570944587    0.241520
 4605  18420.00       87.9734    -85.4689270660    -85.4589187988    0.272339
 4606  18424.00       83.5310    -85.4857737080    -85.4748727604    0.296630
 4607  18428.00       84.3825    -85.4738454730    -85.4641245937    0.264519
 4608  18432.00       86.0852    -85.4536965599    -85.4452961920    0.228586
 4609  18436.00       73.5649    -85.4613865839    -85.4520854396    0.253097
 4610  18440.00      -63.9657    -85.4656183403    -85.4519031254    0.373210
 4611  18444.00      -68.6011    -85.4687901206    -85.4528272355    0.434372
 4612  18448.00       78.2055    -85.4563534289    -85.4422256937    0.384435
 4613  18452.00      -85.5672    -85.4590557240    -85.4489721395    0.274388
 4614  18456.00      -86.0217    -85.4699952543    -85.4623751024    0.207355
 4615  18460.00      -77.8265    -85.4614213950    -85.4526043912    0.239923
 4616  18464.00       73.6136    -85.4562864281    -85.4437047101    0.342366
 4617  18468.00      -74.2208    -85.4727925574    -85.4591575703    0.371027
 4618  18472.00      -71.0481    -85.4741086108    -85.4629191800    0.304480
 4619  18476.00       73.5445    -85.4531341521    -85.4440560447    0.247028
 4620  18480.00      -73.4625    -85.4593188227    -85.4500045182    0.253455
 4621  18484.00       70.2592    -85.4646408571    -85.4528929901    0.319676
 4622  18488.00       70.5222    -85.4720890277    -85.4589255983    0.358195
 4623  18492.00       67.8391    -85.4653610107    -85.4541157435    0.305999
 4624  18496.00      -68.2279    -85.4629732477    -85.4545412758    0.229446
 4625  18500.00       68.2808    -85.4695177855    -85.4622233943    0.198490
 4626  18504.00      -67.1844    -85.4612321489    -85.4521784446    0.246364
 4627  18508.00      -66.7295    -85.4597681218    -85.4499144356    0.268132
 4628  18512.00       59.7253    -85.4664419117    -85.4582718024    0.222320
 4629  18516.00       50.7963    -85.4656361038    -85.4587156771    0.188314
 4630  18520.00       48.1949    -85.4611185387    -85.4528859911    0.224019
 4631  18524.00       40.2225    -85.4600773246    -85.4487129345    0.309241
 4632  18528.00      -48.0138    -85.4724734336    -85.4592794825    0.359026
 4633  18532.00      -52.7697    -85.4730363453    -85.4633946350    0.262364
 4634  18536.00       56.5227    -85.4609657922    -85.4557631599    0.141571
 4635  18540.00      -56.9174    -85.4519274987    -85.4476841098    0.115468
 4636  18544.00       55.2984    -85.4454203963    -85.4397714452    0.153716
 4637  18548.00       57.1591    -85.4529448037    -85.4437084972    0.251333
 4638  18552.00       57.0556    -85.4598508711    -85.4496832625    0.276675
 4639  18556.00       54.5238    -85.4580245871    -85.4494345200    0.233748
 4640  18560.00      -52.0200    -85.4522782795    -85.4437820380    0.231195
 4641  18564.00      -47.1120    -85.4592978384    -85.4487274961    0.287634
 4642  18568.00       41.8044    -85.4584109557    -85.4459872034    0.338068
 4643  18572.00      -41.3425    -85.4586746187    -85.4459036586    0.347516
 4644  18576.00      -43.9383    -85.4654978801    -85.4553053916    0.277352
 4645  18580.00       43.5169    -85.4591816052    -85.4514952618    0.209156
 4646  18584.00      -40.2934    -85.4642341985    -85.4558883525    0.227102
 4647  18588.00       40.1726    -85.4765774566    -85.4674238197    0.249083
 4648  18592.00       40.0068    -85.4663237610    -85.4570178511    0.253227
 4649  18596.00       40.3349    -85.4577176310    -85.4484735436    0.251544
 4650  18600.00       37.3484    -85.4581487904    -85.4490199864    0.248407
 4651  18604.00      -34.7289    -85.4709455657    -85.4598904092    0.300826
 4652  18608.00      -34.3987    -85.4651685656    -85.4523188267    0.349659
 4653  18612.00       36.3185    -85.4659608635    -85.4537122953    0.333301
 4654  18616.00      -31.2801    -85.4557551683    -85.4461522584    0.261308
 4655  18620.00       42.3280    -85.4488554593    -85.4395712435    0.252636
 4656  18624.00      -43.7263    -85.4672701915    -85.4560320137    0.305806
 4657  18628.00      -43.2388    -85.4637717727    -85.4514613112    0.334985
 4658  18632.00       45.0699    -85.4625071879    -85.4510140426    0.312744
 4659  18636.00       49.1840    -85.4598074490    -85.4488494563    0.298182
 4660  18640.00      -50.0724    -85.4540512482    -85.4421128249    0.324861
 4661  18644.00      -48.0421    -85.4586757492    -85.4447915903    0.377807
 4662  18648.00      -43.8538    -85.4633168948    -85.4496162226    0.372814
 4663  18652.00      -45.9373    -85.4683480631    -85.4585177326    0.267497
 4664  18656.00      -49.0858    -85.4616038334    -85.4545460983    0.192051
 4665  18660.00       48.0392    -85.4673391728    -85.4589089146    0.229399
 4666  18664.00       50.6898    -85.4667289283    -85.4544437557    0.334297
 4667  18668.00       51.2772    -85.4594913613    -85.4455162477    0.380282
 4668  18672.00      -53.5630    -85.4587781185    -85.4483065746    0.284945
 4669  18676.00       63.8771    -85.4521118217    -85.4457627656    0.172767
 4670  18680.00       67.5777    -85.4516078539    -85.4446888326    0.188276
 4671  18684.00       70.1080    -85.4501182402    -85.4379270504    0.331739
 4672  18688.00      -64.4176    -85.4701080609    -85.4525296323    0.478333
 4673  18692.00      -73.7729    -85.4805758422    -85.4632611190    0.471158
 4674  18696.00       81.5880    -85.4558339513    -85.4449776132    0.295416
 4675  18700.00      -84.7891    -85.4442134653    -85.4371366271    0.192571
 4676  18704.00      -82.7958    -85.4498622862    -85.4422506320    0.207124
 4677  18708.00       77.3515    -85.4697571631    -85.4585800416    0.304145
 4678  18712.00      -80.4133    -85.4670957816    -85.4540928248    0.353828
 4679  18716.00      -86.3966    -85.4590371314    -85.4485748313    0.284694
 4680  18720.00       88.6848    -85.4518895562    -85.4438091240    0.219880
 4681  18724.00           nan               nan               nan         nan
 4682  18728.00      -86.2568    -85.4538342597    -85.4413914917    0.338585
 4683  18732.00      -86.8953    -85.4556250986    -85.4420771466    0.368659
 4684  18736.00      -92.0153    -85.4604265112    -85.4496508221    0.293221
 4685  18740.00       96.3406    -85.4387175143    -85.4305574593    0.222046
 4686  18744.00      -91.5664    -85.4474456575    -85.4397990908    0.208074
 4687  18748.00      -90.3524    -85.4712519507    -85.4614013016    0.268050
 4688  18752.00      -89.7234    -85.4595297602    -85.4462123370    0.362386
 4689  18756.00       90.0245    -85.4595843859    -85.4455568013    0.381710
 4690  18760.00       97.2864    -85.4567840746    -85.4454100471    0.309503
 4691  18764.00       94.8971    -85.4523992659    -85.4435296729    0.241354
 4692  18768.00       89.5434    -85.4578367551    -85.4487479877    0.247318
 4693  18772.00       88.3285    -85.4536816548    -85.4423621462    0.308020
 4694  18776.00      -86.0540    -85.4618312730    -85.4494142914    0.337883
 4695  18780.00      -82.8911    -85.4478313447    -85.4356500670    0.331469
 4696  18784.00      -80.3344    -85.4445505435    -85.4340289939    0.286306
 4697  18788.00       74.8375    -85.4588877588    -85.4504183263    0.230465
 4698  18792.00      -74.0531    -85.4540905530    -85.4465119222    0.206225
 4699  18796.00       69.1977    -85.4523109862    -85.4445330217    0.211649
 4700  18800.00      -66.7012    -85.4502281661    -85.4406860739    0.259654
 4701  18804.00      -69.4343    -85.4547985902    -85.4426474795    0.330649
 4702  18808.00       64.4020    -85.4633490657    -85.4497534844    0.369955
 4703  18812.00       69.5377    -85.4520778100    -85.4396745229    0.337511
 4704  18816.00      -65.5616    -85.4461031273    -85.4365965156    0.258688
 4705  18820.00       65.1174    -85.4633058091    -85.4550925025    0.223495
 4706  18824.00       62.7941    -85.4675901279    -85.4588467151    0.237920
 4707  18828.00       58.6720    -85.4555304788    -85.4459949983    0.259474
 4708  18832.00       61.2321    -85.4562574412    -85.4469515833    0.253225
 4709  18836.00      -62.8325    -85.4504550528    -85.4423010223    0.221882
 4710  18840.00       62.4861    -85.4603477646    -85.4529776722    0.200550
 4711  18844.00      -59.6712    -85.4589414733    -85.4499923411    0.243518
 4712  18848.00       58.8100    -85.4473856781    -85.4368197428    0.287514
 4713  18852.00      -50.0332    -85.4558056515    -85.4456467227    0.276439
 4714  18856.00       49.2232    -85.4594576256    -85.4508054760    0.235437
 4715  18860.00      -56.2718    -85.4558692308    -85.4475277623    0.226983
 4716  18864.00      -55.1643    -85.4554188715    -85.4451986227    0.278107
 4717  18868.00      -51.9012    -85.4605527797    -85.4483272952    0.332672
 4718  18872.00       50.4619    -85.4589533804    -85.4473576939    0.315535
 4719  18876.00      -47.7453    -85.4547990622    -85.4463169158    0.230811
 4720  18880.00      -53.7531    -85.4616818634    -85.4551695454    0.177209
 4721  18884.00       47.8724    -85.4680116101    -85.4606634222    0.199954
 4722  18888.00       51.2315    -85.4722004374    -85.4610008140    0.304757
 4723  18892.00       46.8220    -85.4621957600    -85.4483442580    0.376919
 4724  18896.00       49.3382    -85.4505735739    -85.4379209161    0.344296
 4725  18900.00       58.0493    -85.4592270028    -85.4507577281    0.230461
 4726  18904.00       59.8727    -85.4537324289    -85.4474579685    0.170737
 4727  18908.00       58.6619    -85.4441424199    -85.4367736607    0.200514
 4728  18912.00      -59.4194    -85.4537003570    -85.4442280427    0.257755
 4729  18916.00      -54.5759    -85.4615114005    -85.4516005296    0.269689
 4730  18920.00       56.5972    -85.4801332179    -85.4732616649    0.186984
 4731  18924.00       62.9938    -85.4616259772    -85.4564242193    0.141547
 4732  18928.00      -60.2745    -85.4548851065    -85.4491754364    0.155368
 4733  18932.00       57.6797    -85.4701981307    -85.4618075622    0.228319
 4734  18936.00      -49.5008    -85.4596484075    -85.4494674824    0.277037
 4735  18940.00      -53.1109    -85.4478436146    -85.4387312255    0.247961
 4736  18944.00      -51.7545    -85.4541218787    -85.4474566579    0.181370
 4737  18948.00      -53.6328    -85.4698771690    -85.4638717135    0.163417
 4738  18952.00      -51.7692    -85.4653880304    -85.4573708623    0.218158
 4739  18956.00       51.1437    -85.4599980073    -85.4498767786    0.275413
 4740  18960.00      -55.7476    -85.4653159852    -85.4567599896    0.232820
 4741  18964.00       64.3614    -85.4646960919    -85.4589661744    0.155919
 4742  18968.00      -70.8996    -85.4491499959    -85.4438613283    0.143912
 4743  18972.00       69.0902    -85.4444448366    -85.4379706188    0.176172
 4744  18976.00       72.3006    -85.4617229158    -85.4516232164    0.274827
 4745  18980.00      -68.6472    -85.4600997265    -85.4493602016    0.292237
 4746  18984.00       66.7930    -85.4621561784    -85.4536843620    0.230530
 4747  18988.00      -71.3219    -85.4638646747    -85.4579703546    0.160393
 4748  18992.00      -66.5932    -85.4650523067    -85.4599889460    0.137781
 4749  18996.00       61.8948    -85.4546872691    -85.4484917490    0.168589
 4750  19000.00      -63.2694    -85.4478198415    -85.4391933590    0.234739
 4751  19004.00      -65.7289    -85.4633260873    -85.4545633374    0.238447
 4752  19008.00      -66.7882    -85.4510390928    -85.4445136365    0.177567
 4753  19012.00       68.0461    -85.4526896749    -85.4473890374    0.144238
 4754  19016.00       64.5693    -85.4635167454    -85.4578153133    0.155144
 4755  19020.00       65.8935    -85.4649082691    -85.4566402407    0.224985
 4756  19024.00       64.8324    -85.4636960527    -85.4531653526    0.286555
 4757  19028.00       58.2909    -85.4545643835    -85.4444391915    0.275521
 4758  19032.00      -57.9671    -85.4539161613    -85.4448315852    0.247204
 4759  19036.00       59.3986    -85.4523762751    -85.4430369059    0.254137
 4760  19040.00       57.6644    -85.4518785899    -85.4412566556    0.289038
 4761  19044.00       60.7606    -85.4685737694    -85.4580912843    0.285243
 4762  19048.00       61.8779    -85.4672473815    -85.4583527404    0.242036
 4763  19052.00      -64.8402    -85.4597393928    -85.4512828187    0.230115
 4764  19056.00       65.6430    -85.4614834915    -85.4530271838    0.230108
 4765  19060.00       59.6374    -85.4736178364    -85.4644390514    0.249767
 4766  19064.00      -61.5253    -85.4593810228    -85.4493602688    0.272679
 4767  19068.00       60.1040    -85.4379422846    -85.4282337574    0.264182
 4768  19072.00      -54.7396    -85.4411559845    -85.4316887628    0.257616
 4769  19076.00       55.9138    -85.4638775302    -85.4536302794    0.278842
 4770  19080.00      -51.3734    -85.4707822348    -85.4605490879    0.278458
 4771  19084.00      -47.5596    -85.4586837343    -85.4494325174    0.251738
 4772  19088.00       40.7438    -85.4622755941    -85.4528686390    0.255976
 4773  19092.00       42.3474    -85.4692276175    -85.4588498650    0.282393
 4774  19096.00       36.2243    -85.4643837946    -85.4534854055    0.296560
 4775  19100.00      -35.7185    -85.4657423744    -85.4540202801    0.318974
 4776  19104.00       34.1318    -85.4704097412    -85.4593132990    0.301950
 4777  19108.00      -38.7838    -85.4618932243    -85.4528912971    0.244955
 4778  19112.00      -41.6213    -85.4503032393    -85.4413299729    0.244175
 4779  19116.00      -39.8507    -85.4625287857    -85.4510130762    0.313358
 4780  19120.00      -42.4624    -85.4882484320    -85.4754671674    0.347796
 4781  19124.00       42.2620    -85.4644328540    -85.4536350861    0.293822
 4782  19128.00      -44.6424    -85.4522200925    -85.4441619022    0.219275
 4783  19132.00       39.6637    -85.4621436001    -85.4559716604    0.167947
 4784  19136.00      -31.7535    -85.4542309685    -85.4475606220    0.181509
 4785  19140.00      -33.4573    -85.4532911153    -85.4438726396    0.256290
 4786  19144.00      -34.1563    -85.4567202356    -85.4463245025    0.282882
 4787  19148.00      -38.0473    -85.4640803827    -85.4546077325    0.257764
 4788  19152.00      -38.4623    -85.4635968617    -85.4544727274    0.248280
 4789  19156.00       32.8378    -85.4658951424    -85.4559596925    0.270357
 4790  19160.00      -33.0396    -85.4724222525    -85.4603932189    0.327327
 4791  19164.00      -36.1297    -85.4579723941    -85.4458302484    0.330405
 4792  19168.00      -36.0907    -85.4711709821    -85.4615916435    0.260667
 4793  19172.00      -37.6027    -85.4710545281    -85.4632109166    0.213436
 4794  19176.00      -26.0096    -85.4641560994    -85.4565122640    0.207999
 4795  19180.00      -31.0936    -85.4691971029    -85.4593403592    0.268216
 4796  19184.00      -36.3402    -85.4611597324    -85.4503550684    0.294010
 4797  19188.00      -39.1781    -85.4536629682    -85.4446182828    0.246118
 4798  19192.00       43.1773    -85.4488749084    -85.4411031825    0.211479
 4799  19196.00       51.1294    -85.4484088495    -85.4390623405    0.254331
 4800  19200.00       40.7169    -85.4646758308    -85.4526849026    0.326290
 4801  19204.00       49.0475    -85.4714516258    -85.4578206202    0.370919
 4802  19208.00      -51.9342    -85.4591370397    -85.4482499586    0.296253
 4803  19212.00      -54.9546    -85.4614488891    -85.4538969558    0.205499
 4804  19216.00      -59.7621    -85.4662425634    -85.4592379098    0.190606
 4805  19220.00      -45.9552    -85.4613300829    -85.4525711096    0.238344
 4806  19224.00       47.1149    -85.4686899623    -85.4561497037    0.341238
 4807  19228.00       48.0504    -85.4701846088    -85.4560960574    0.383369
 4808  19232.00       49.5963    -85.4608979130    -85.4491652183    0.319263
 4809  19236.00      -59.7321    -85.4607422858    -85.4509145560    0.267426
 4810  19240.00      -61.8338    -85.4677323221    -85.4572832921    0.284333
 4811  19244.00       51.7765    -85.4633664716    -85.4510921551    0.334001
 4812  19248.00       59.0368    -85.4553673812    -85.4412988320    0.382825
 4813  19252.00       52.8568    -85.4676823853    -85.4553176708    0.336461
 4814  19256.00      -61.1902    -85.4738714250    -85.4644370803    0.256722
 4815  19260.00      -65.5760    -85.4735760435    -85.4654414041    0.221355
 4816  19264.00      -54.9449    -85.4657688160    -85.4565787224    0.250075
 4817  19268.00      -48.5585    -85.4482328359    -85.4362215918    0.326843
 4818  19272.00      -49.8055    -85.4610949915    -85.4475807196    0.367742
 4819  19276.00      -45.1427    -85.4713038246    -85.4589386676    0.336473
 4820  19280.00      -50.1384    -85.4773679250    -85.4651212941    0.333248
 4821  19284.00      -50.3875    -85.4759089691    -85.4622477013    0.371742
 4822  19288.00       46.7155    -85.4675002847    -85.4527674868    0.400900
 4823  19292.00      -53.0263    -85.4657696894    -85.4500605267    0.427468
 4824  19296.00       49.2003    -85.4674223285    -85.4524262422    0.408064
 4825  19300.00       50.0864    -85.4797064340    -85.4685091771    0.304693
 4826  19304.00       53.4346    -85.4658717583    -85.4563656091    0.258675
 4827  19308.00      -43.8184    -85.4581712986    -85.4467323423    0.311270
 4828  19312.00      -45.8256    -85.4649165746    -85.4493782378    0.422820
 4829  19316.00      -42.9804    -85.4728824748    -85.4549142559    0.488940
 4830  19320.00       41.2474    -85.4643408927    -85.4475987108    0.455578
 4831  19324.00       48.8764    -85.4599584280    -85.4463886083    0.369254
 4832  19328.00      -53.7961    -85.4664054700    -85.4545809178    0.321762
 4833  19332.00      -57.0488    -85.4706270656    -85.4592580830    0.309366
 4834  19336.00      -65.1536    -85.4669022773    -85.4549975420    0.323944
 4835  19340.00      -62.9288    -85.4706320788    -85.4587603515    0.323046
 4836  19344.00       62.8583    -85.4747729489    -85.4631429385    0.316469
 4837  19348.00       65.0101    -85.4673164551    -85.4563727021    0.297795
 4838  19352.00       56.6179    -85.4669702709    -85.4559582574    0.299652
 4839  19356.00      -59.5134    -85.4622609571    -85.4487036008    0.368914
 4840  19360.00      -59.7991    -85.4508403534    -85.4356288207    0.413927
 4841  19364.00      -57.5120    -85.4556373858    -85.4405137833    0.411534
 4842  19368.00       66.9552    -85.4742788330    -85.4598501190    0.392625
 4843  19372.00      -66.9812    -85.4624562301    -85.4495972873    0.349910
 4844  19376.00       74.3090    -85.4580320619    -85.4462018946    0.321915
 4845  19380.00      -82.9445    -85.4670545234    -85.4558764239    0.304172
 4846  19384.00           nan               nan               nan         nan
 4847  19388.00           nan               nan               nan         nan
 4848  19392.00       83.4834    -85.4688593952    -85.4578410928    0.299823
 4849  19396.00       78.5320    -85.4607893208    -85.4501443091    0.289666
 4850  19400.00       78.2673    -85.4736859608    -85.4618130152    0.323079
 4851  19404.00       70.4187    -85.4643751357    -85.4512377162    0.357487
 4852  19408.00      -69.6748    -85.4522661084    -85.4387229633    0.368528
 4853  19412.00      -75.6894    -85.4699834743    -85.4569837842    0.353740
 4854  19416.00      -75.7904    -85.4663035408    -85.4555386299    0.292928
 4855  19420.00       81.4438    -85.4570021023    -85.4470221668    0.271568
 4856  19424.00       83.4029    -85.4729671279    -85.4622800314    0.290811
 4857  19428.00       73.1395    -85.4567151300    -85.4448575097    0.322662
 4858  19432.00       77.4579    -85.4617531520    -85.4488447397    0.351256
 4859  19436.00      -76.1112    -85.4749878182    -85.4616146670    0.363902
 4860  19440.00       75.3796    -85.4687015463    -85.4552148151    0.366993
 4861  19444.00      -70.6338    -85.4762128833    -85.4618437834    0.391003
 4862  19448.00      -63.4319    -85.4685269644    -85.4527604369    0.429029
 4863  19452.00       61.5852    -85.4622199803    -85.4461244894    0.437981
 4864  19456.00      -62.3915    -85.4705377972    -85.4563713104    0.385490
 4865  19460.00      -63.5164    -85.4730286774    -85.4600696135    0.352634
 4866  19464.00      -66.1437    -85.4794917236    -85.4659492829    0.368509
 4867  19468.00      -63.4331    -85.4707075638    -85.4556156044    0.410673
 4868  19472.00       57.7521    -85.4600947493    -85.4437727736    0.444144
 4869  19476.00       61.2072    -85.4691121430    -85.4541290462    0.407711
 4870  19480.00       57.3521    -85.4700712417    -85.4569640728    0.356664
 4871  19484.00      -53.3767    -85.4637945155    -85.4494175053    0.391218
 4872  19488.00      -47.4525    -85.4620068474    -85.4448981724    0.465551
 4873  19492.00      -41.3811    -85.4560411348    -85.4365535566    0.530284
 4874  19496.00       42.2549    -85.4608664518    -85.4422988147    0.505251
 4875  19500.00       50.3479    -85.4866170240    -85.4732401442    0.364003
 4876  19504.00       56.3293    -85.4744567664    -85.4646953200    0.265622
 4877  19508.00      -67.6245    -85.4637676916    -85.4533674873    0.283004
 4878  19512.00      -64.1465    -85.4835208737    -85.4703243468    0.359096
 4879  19516.00      -54.5732    -85.4629898066    -85.4459554001    0.463530
 4880  19520.00       52.7266    -85.4628434506    -85.4465458112    0.443481
 4881  19524.00       53.4618    -85.4770233598    -85.4653698733    0.317108
 4882  19528.00      -54.8725    -85.4611628881    -85.4508536046    0.280530
 4883  19532.00      -51.7247    -85.4649451135    -85.4530745509    0.323014
 4884  19536.00       45.2570    -85.4583565530    -85.4450381499    0.362412
 4885  19540.00      -45.5737    -85.4597447229    -85.4456223589    0.384289
 4886  19544.00      -51.3197    -85.4735207322    -85.4610484730    0.339387
 4887  19548.00       63.2431    -85.4605236176    -85.4499202582    0.288532
 4888  19552.00       68.2266    -85.4519851715    -85.4408017426    0.304317
 4889  19556.00      -66.3180    -85.4643310975    -85.4520810202    0.333342
 4890  19560.00      -69.4646    -85.4584442451    -85.4463224605    0.329851
 4891  19564.00       74.1215    -85.4535978204    -85.4434995678    0.274787
 4892  19568.00      -79.5016    -85.4772783464    -85.4688888868    0.228289
 4893  19572.00      -73.6209    -85.4770494994    -85.4691826124    0.214069
 4894  19576.00      -67.5891    -85.4656147985    -85.4562216995    0.255599
 4895  19580.00       67.2476    -85.4586542098    -85.4476844164    0.298503
 4896  19584.00       68.6662    -85.4500152580    -85.4396645030    0.281658
 4897  19588.00       73.6318    -85.4641590493    -85.4559079436    0.224524
 4898  19592.00       79.5911    -85.4639945603    -85.4567282656    0.197726
 4899  19596.00       78.4503    -85.4576015601    -85.4498638856    0.210553
 4900  19600.00       77.8516    -85.4510017418    -85.4411227135    0.268822
 4901  19604.00       76.2512    -85.4542381377    -85.4427437915    0.312777
 4902  19608.00       71.0985    -85.4611098045    -85.4503148016    0.293747
 4903  19612.00      -63.4685    -85.4577569518    -85.4496292516    0.221166
 4904  19616.00      -59.5698    -85.4549673616    -85.4488676390    0.165982
 4905  19620.00       61.1210    -85.4626331892    -85.4571568767    0.149018
 4906  19624.00       64.6860    -85.4572585506    -85.4510705352    0.168384
 4907  19628.00       65.3091    -85.4559594058    -85.4487396307    0.196460
 4908  19632.00       62.7716    -85.4709537273    -85.4636550968    0.198606
 4909  19636.00      -62.7476    -85.4726460051    -85.4656740890    0.189716
 4910  19640.00       67.5930    -85.4494581901    -85.4433556033    0.166060
 4911  19644.00      -71.7933    -85.4497623826    -85.4439952382    0.156932
 4912  19648.00       72.9533    -85.4550299545    -85.4487724316    0.170276
 4913  19652.00      -68.3249    -85.4458030074    -85.4393412727    0.175833
 4914  19656.00       63.2929    -85.4501769830    -85.4434572727    0.182853
 4915  19660.00      -59.2324    -85.4481507435    -85.4403105024    0.213344
 4916  19664.00      -55.7105    -85.4574903901    -85.4495695153    0.215538
 4917  19668.00       53.0834    -85.4718911303    -85.4635390563    0.227272
 4918  19672.00      -47.2081    -85.4641772916    -85.4555424713    0.234965
 4919  19676.00       44.9329    -85.4525798834    -85.4462309349    0.172764
 4920  19680.00      -44.5571    -85.4608219179    -85.4562719458    0.123811
 4921  19684.00       45.0229    -85.4637165830    -85.4589051956    0.130925
 4922  19688.00       43.3233    -85.4635482716    -85.4573791387    0.167871
 4923  19692.00      -45.3511    -85.4648798414    -85.4559202516    0.243803
 4924  19696.00       44.8999    -85.4582003692    -85.4482044468    0.272003
 4925  19700.00       51.2736    -85.4745259748    -85.4662164535    0.226114
 4926  19704.00       57.3379    -85.4727595487    -85.4659444736    0.185448
 4927  19708.00      -46.5612    -85.4480990849    -85.4432399594    0.132224
 4928  19712.00      -47.1702    -85.4645038787    -85.4583933092    0.166277
 4929  19716.00      -40.7724    -85.4618374815    -85.4536083877    0.223925
 4930  19720.00      -38.4726    -85.4446472861    -85.4353862954    0.252004
 4931  19724.00       42.2516    -85.4599751677    -85.4516392913    0.226831
 4932  19728.00       38.8771    -85.4660476377    -85.4589064400    0.194322
 4933  19732.00      -33.8298    -85.4579914250    -85.4508538123    0.194224
 4934  19736.00       37.8370    -85.4651758514    -85.4553043523    0.268617
 4935  19740.00      -32.9990    -85.4657656933    -85.4543073616    0.311797
 4936  19744.00      -32.5863    -85.4644650291    -85.4540791681    0.282614
 4937  19748.00       32.2964    -85.4633590356    -85.4559031962    0.202884
 4938  19752.00       23.5001    -85.4621740483    -85.4567158213    0.148526
 4939  19756.00       28.7348    -85.4787270234    -85.4717877534    0.188827
 4940  19760.00       22.1567    -85.4840566657    -85.4756789885    0.227968
 4941  19764.00      -19.5485    -85.4736322471    -85.4653739717    0.224719
 4942  19768.00      -29.5923    -85.4611382589    -85.4546173736    0.177442
 4943  19772.00      -32.1680    -85.4573851044    -85.4516526915    0.155987
 4944  19776.00      -40.0361    -85.4667096952    -85.4592759359    0.202283
 4945  19780.00      -44.2475    -85.4649213368    -85.4542163449    0.291298
 4946  19784.00       39.2492    -85.4456843492    -85.4348983957    0.293501
 4947  19788.00      -45.9749    -85.4499911474    -85.4418763014    0.220816
 4948  19792.00      -38.8754    -85.4736991874    -85.4687843520    0.133739
 4949  19796.00      -29.7165    -85.4869292220    -85.4831962704    0.101579
 4950  19800.00       18.2847    -85.4737170375    -85.4673927472    0.172093
 4951  19804.00        7.4495    -85.4557550405    -85.4472012647    0.232760
 4952  19808.00       -0.8049    -85.4595337746    -85.4509326451    0.234049
 4953  19812.00       -9.1041    -85.4742516848    -85.4671255771    0.193911
 4954  19816.00       21.1437    -85.4686366814    -85.4640519828    0.124756
 4955  19820.00      -30.7112    -85.4679598916    -85.4627233877    0.142493
 4956  19824.00       31.1205    -85.4771388993    -85.4700902334    0.191804
 4957  19828.00      -26.6919    -85.4655016405    -85.4578075958    0.209366
 4958  19832.00      -37.4548    -85.4628429279    -85.4554597205    0.200907
 4959  19836.00       28.5287    -85.4664284569    -85.4605680677    0.159469
 4960  19840.00      -31.8554    -85.4648028468    -85.4599797961    0.131242
 4961  19844.00      -35.5271    -85.4626676766    -85.4583473798    0.117561
 4962  19848.00      -32.6197    -85.4567054130    -85.4520591819    0.126430
 4963  19852.00      -37.0120    -85.4535860137    -85.4476424865    0.161732
 4964  19856.00       33.8681    -85.4685025031    -85.4610023311    0.204090
 4965  19860.00      -36.4211    -85.4726409319    -85.4650945117    0.205349
 4966  19864.00      -36.1428    -85.4719890569    -85.4661293259    0.159451
 4967  19868.00      -37.2432    -85.4783490078    -85.4738454126    0.122549
 4968  19872.00      -37.5345    -85.4623077892    -85.4579248687    0.119265
 4969  19876.00      -30.5534    -85.4515922972    -85.4457149527    0.159931
 4970  19880.00       30.8998    -85.4670317505    -85.4593668451    0.208573
 4971  19884.00       26.3068    -85.4772840345    -85.4698839768    0.201366
 4972  19888.00       34.6541    -85.4752317489    -85.4687616817    0.176059
 4973  19892.00       40.5251    -85.4591646528    -85.4542074762    0.134892
 4974  19896.00       45.3922    -85.4563615720    -85.4500175581    0.172629
 4975  19900.00      -47.3381    -85.4700107403    -85.4611690809    0.240594
 4976  19904.00       47.8903    -85.4738911197    -85.4642834374    0.261438
 4977  19908.00      -53.6159    -85.4682887925    -85.4598964021    0.228369
 4978  19912.00       68.2054    -85.4597198728    -85.4521273884    0.206602
 4979  19916.00      -69.8007    -85.4582385064    -85.4489578192    0.252540
 4980  19920.00      -70.0746    -85.4686191390    -85.4571419668    0.312310
 4981  19924.00       78.0801    -85.4783029082    -85.4672627000    0.300419
 4982  19928.00       86.5203    -85.4710583855    -85.4623612304    0.236662
 4983  19932.00     -100.2725    -85.4664838665    -85.4588306087    0.208256
 4984  19936.00     -106.4103    -85.4769390945    -85.4689920624    0.216250
 4985  19940.00       97.3756    -85.4642211953    -85.4554362492    0.239051
 4986  19944.00      -98.7610    -85.4476904320    -85.4353169473    0.336700
 4987  19948.00     -104.6135    -85.4558948888    -85.4433683866    0.340863
 4988  19952.00      110.8641    -85.4673616593    -85.4572216886    0.275923
 4989  19956.00      115.8952    -85.4665956762    -85.4569763559    0.261755
 4990  19960.00      105.7742    -85.4645973754    -85.4552941687    0.253153
 4991  19964.00      100.4078    -85.4710483997    -85.4600642340    0.298894
 4992  19968.00      -98.1169    -85.4669939628    -85.4547156533    0.334110
 4993  19972.00       92.1037    -85.4613329889    -85.4498450570    0.312603
 4994  19976.00       89.3168    -85.4606901079    -85.4495708113    0.302571
 4995  19980.00       91.0329    -85.4651607829    -85.4539066292    0.306241
 4996  19984.00       94.2968    -85.4641272432    -85.4526400144    0.312583
 4997  19988.00     -100.1287    -85.4586130607    -85.4479123936    0.291180
 4998  19992.00      103.7651    -85.4721113416    -85.4625665220    0.259728
 4999  19996.00       98.3971    -85.4792194733    -85.4698902543    0.253861
 5000  20000.00       97.2759    -85.4641115967    -85.4533443442    0.292992
 5001  20004.00      -89.9796    -85.4609952402    -85.4480877832    0.351230
 5002  20008.00       88.9596    -85.4709992331    -85.4580442898    0.352522
 5003  20012.00       87.9733    -85.4772620954    -85.4666763400    0.288053
 5004  20016.00       80.6285    -85.4713841559    -85.4624044445    0.244350
 5005  20020.00      -71.1498    -85.4661025725    -85.4568667432    0.251320
 5006  20024.00      -69.5296    -85.4730001343    -85.4610729120    0.324556
 5007  20028.00      -61.7768    -85.4819380634    -85.4680824738    0.377030
 5008  20032.00       59.1627    -85.4732108466    -85.4595169162    0.372631
 5009  20036.00      -62.2325    -85.4552473077    -85.4425597357    0.345246
 5010  20040.00       62.8946    -85.4581779482    -85.4469660887    0.305090
 5011  20044.00       70.0937    -85.4666338724    -85.4551357249    0.312881
 5012  20048.00      -72.3728    -85.4791138086    -85.4661332183    0.353220
 5013  20052.00       65.5617    -85.4656114508    -85.4523626196    0.360519
 5014  20056.00       71.1965    -85.4566685203    -85.4449634700    0.318511
 5015  20060.00      -67.2764    -85.4707760457    -85.4607369174    0.273179
 5016  20064.00       64.8086    -85.4627632733    -85.4529328495    0.267499
 5017  20068.00       71.4145    -85.4612055324    -85.4508950444    0.280563
 5018  20072.00       58.5639    -85.4716898611    -85.4620904020    0.261215
 5019  20076.00      -60.7732    -85.4584505780    -85.4487380370    0.264292
 5020  20080.00       60.9893    -85.4564971860    -85.4458494774    0.289739
 5021  20084.00      -56.3661    -85.4665435140    -85.4534912773    0.355169
 5022  20088.00      -61.6215    -85.4640912095    -85.4493930645    0.399957
 5023  20092.00      -56.8823    -85.4732075193    -85.4591986248    0.381201
 5024  20096.00      -57.3683    -85.4741809060    -85.4614902941    0.345329
 5025  20100.00       68.5105    -85.4600616041    -85.4486774404    0.309779
 5026  20104.00      -59.0290    -85.4583119604    -85.4482051449    0.275020
 5027  20108.00      -60.3963    -85.4670796366    -85.4568489367    0.278392
 5028  20112.00       60.2512    -85.4608544619    -85.4498040262    0.300698
 5029  20116.00      -51.2889    -85.4548539744    -85.4434193290    0.311153
 5030  20120.00      -60.4286    -85.4708859040    -85.4587050249    0.331459
 5031  20124.00      -62.4506    -85.4669669569    -85.4545869879    0.336876
 5032  20128.00       63.5450    -85.4600639073    -85.4497029608    0.281936
 5033  20132.00       65.8019    -85.4688943195    -85.4606249408    0.225021
 5034  20136.00       64.4181    -85.4577108496    -85.4492171554    0.231125
 5035  20140.00       65.4028    -85.4651978505    -85.4541763754    0.299910
 5036  20144.00       64.7554    -85.4631292121    -85.4478123625    0.416793
 5037  20148.00      -56.8489    -85.4536099993    -85.4382271169    0.418590
 5038  20152.00      -56.7873    -85.4758325660    -85.4635451041    0.334359
 5039  20156.00       53.9667    -85.4743766556    -85.4640354120    0.281400
 5040  20160.00       53.2456    -85.4561547541    -85.4458175386    0.281290
 5041  20164.00       56.4758    -85.4489305323    -85.4350199366    0.378527
 5042  20168.00       44.9784    -85.4557100042    -85.4390361656    0.453718
 5043  20172.00       47.0337    -85.4599949752    -85.4430165624    0.462006
 5044  20176.00       52.6231    -85.4689443006    -85.4548943107    0.382320
 5045  20180.00       55.5518    -85.4650763235    -85.4544565555    0.288979
 5046  20184.00       61.5271    -85.4609357059    -85.4517046679    0.251189
 5047  20188.00       60.9223    -85.4753843183    -85.4667100755    0.236038
 5048  20192.00       52.4789    -85.4681792616    -85.4589067304    0.252318
 5049  20196.00       59.5457    -85.4579854513    -85.4478345936    0.276219
 5050  20200.00       58.2656    -85.4664343959    -85.4564984540    0.270371
 5051  20204.00      -62.4691    -85.4549725589    -85.4443665375    0.288605
 5052  20208.00      -62.4426    -85.4607919669    -85.4493935131    0.310168
 5053  20212.00       53.8560    -85.4715280695    -85.4597347100    0.320914
 5054  20216.00      -61.6234    -85.4682942344    -85.4557773514    0.340602
 5055  20220.00      -62.5927    -85.4624103354    -85.4503393595    0.328468
 5056  20224.00       61.9669    -85.4542783271    -85.4426577797    0.316211
 5057  20228.00      -66.8317    -85.4587890937    -85.4465420296    0.333260
 5058  20232.00      -55.7533    -85.4573124112    -85.4444437990    0.350173
 5059  20236.00       50.6095    -85.4582890461    -85.4440693855    0.386937
 5060  20240.00      -49.8081    -85.4684115913    -85.4543345164    0.383057
 5061  20244.00       52.6348    -85.4628118215    -85.4505090549    0.334775
 5062  20248.00       63.5783    -85.4689606901    -85.4590833592    0.268776
 5063  20252.00       56.2776    -85.4789678929    -85.4707470985    0.223699
 5064  20256.00      -56.8957    -85.4706518859    -85.4614781870    0.249629
 5065  20260.00      -66.5030    -85.4637260860    -85.4516603698    0.328325
 5066  20264.00       59.0499    -85.4561004282    -85.4435287305    0.342093
 5067  20268.00      -61.5851    -85.4649973823    -85.4536788674    0.307992
 5068  20272.00      -63.7617    -85.4709299805    -85.4616831514    0.251619
 5069  20276.00      -66.1875    -85.4589247843    -85.4506993674    0.223825
 5070  20280.00      -72.2164    -85.4584037382    -85.4476404970    0.292883
 5071  20284.00       72.2139    -85.4745592879    -85.4604500398    0.383932
 5072  20288.00       67.7319    -85.4633874111    -85.4480305952    0.417880
 5073  20292.00       67.8937    -85.4556604197    -85.4413587952    0.389167
 5074  20296.00       69.2453    -85.4760201427    -85.4652533956    0.292978
 5075  20300.00      -69.4034    -85.4621215890    -85.4534386177    0.236276
 5076  20304.00      -71.2276    -85.4530883522    -85.4433287697    0.265572
 5077  20308.00       62.3820    -85.4690287495    -85.4583758125    0.289881
 5078  20312.00      -68.9529    -85.4694400476    -85.4581362751    0.307591
 5079  20316.00      -66.0003    -85.4731444705    -85.4631641630    0.271578
 5080  20320.00      -70.4202    -85.4815251650    -85.4721905850    0.254007
 5081  20324.00      -78.1698    -85.4696765464    -85.4604405337    0.251325
 5082  20328.00      -71.6222    -85.4688371389    -85.4600845405    0.238170
 5083  20332.00       60.7371    -85.4667464565    -85.4581304611    0.234453
 5084  20336.00       66.1960    -85.4608758178    -85.4513490063    0.259238
 5085  20340.00       50.8469    -85.4594569188    -85.4495563742    0.269408
 5086  20344.00      -58.5575    -85.4571481848    -85.4468543587    0.280109
 5087  20348.00      -59.6346    -85.4573287889    -85.4484744031    0.240940
 5088  20352.00      -62.2615    -85.4761074319    -85.4692927730    0.185436
 5089  20356.00       67.2745    -85.4686392858    -85.4634942951    0.140002
 5090  20360.00      -65.0917    -85.4524870317    -85.4474977824    0.135764
 5091  20364.00      -63.7173    -85.4686706322    -85.4613437723    0.199374
 5092  20368.00       61.6704    -85.4795731398    -85.4685219221    0.300719
 5093  20372.00       57.8937    -85.4629688116    -85.4517908652    0.304167
 5094  20376.00      -58.3787    -85.4598803542    -85.4525950076    0.198244
 5095  20380.00      -50.5455    -85.4708079228    -85.4659690617    0.131672
 5096  20384.00      -49.9933    -85.4641600545    -85.4592161330    0.134531
 5097  20388.00       51.6846    -85.4594556076    -85.4528630990    0.179391
 5098  20392.00      -40.3222    -85.4619452020    -85.4536764789    0.225003
 5099  20396.00      -42.7469    -85.4680086315    -85.4602683028    0.210625
 5100  20400.00       50.8838    -85.4661342565    -85.4599248366    0.168967
 5101  20404.00      -51.0837    -85.4520610529    -85.4464750606    0.152003
 5102  20408.00      -50.0678    -85.4660023994    -85.4596167930    0.173761
 5103  20412.00       47.7024    -85.4758181416    -85.4684876769    0.199472
 5104  20416.00      -36.2207    -85.4582255985    -85.4514330557    0.184835
 5105  20420.00      -43.3392    -85.4655426154    -85.4582589297    0.198199
 5106  20424.00      -36.8073    -85.4786092295    -85.4714673725    0.194340
 5107  20428.00      -40.8227    -85.4763223503    -85.4684930416    0.213046
 5108  20432.00       43.1961    -85.4701038401    -85.4624674306    0.207797
 5109  20436.00      -43.6213    -85.4632928728    -85.4562287058    0.192226
 5110  20440.00       45.3978    -85.4710467187    -85.4650409687    0.163425
 5111  20444.00       46.4937    -85.4748549831    -85.4695485277    0.144396
 5112  20448.00       49.2874    -85.4625749243    -85.4557978896    0.184413
 5113  20452.00       47.7968    -85.4661431363    -85.4570304410    0.247969
 5114  20456.00       42.4583    -85.4693969334    -85.4572269852    0.331161
 5115  20460.00       33.4916    -85.4701441370    -85.4564792521    0.371840
 5116  20464.00       32.7865    -85.4766565961    -85.4659257494    0.292001
 5117  20468.00       32.5572    -85.4688488119    -85.4619076315    0.188879
 5118  20472.00       33.9639    -85.4584225272    -85.4526002039    0.158433
 5119  20476.00       29.9618    -85.4702369236    -85.4627044517    0.204969
 5120  20480.00      -28.7285    -85.4721650691    -85.4604426944    0.318982
 5121  20484.00       30.3995    -85.4690437711    -85.4552418697    0.375569
 5122  20488.00       36.3706    -85.4741837080    -85.4609758413    0.359404
 5123  20492.00       46.4235    -85.4818654751    -85.4712127444    0.289876
 5124  20496.00      -45.7232    -85.4752742572    -85.4677056608    0.205952
 5125  20500.00       42.0850    -85.4639480853    -85.4565176290    0.202193
 5126  20504.00      -35.4871    -85.4722231740    -85.4613568437    0.295688
 5127  20508.00       29.7907    -85.4866996064    -85.4735474424    0.357889
 5128  20512.00      -37.2179    -85.4776753334    -85.4649715061    0.345689
 5129  20516.00       43.1863    -85.4551467528    -85.4440864903    0.300965
 5130  20520.00       43.7559    -85.4666047442    -85.4569692174    0.262196
 5131  20524.00       47.7979    -85.4784336166    -85.4685233517    0.269672
 5132  20528.00      -46.8729    -85.4616837294    -85.4504271975    0.306306
 5133  20532.00      -48.8127    -85.4609015378    -85.4490570595    0.322305
 5134  20536.00       55.0302    -85.4634401217    -85.4516109504    0.321888
 5135  20540.00       53.5586    -85.4736571925    -85.4645116237    0.248864
 5136  20544.00      -53.6390    -85.4710332097    -85.4627189083    0.226244
 5137  20548.00       51.4925    -85.4759644904    -85.4666209249    0.254251
 5138  20552.00       45.3683    -85.4842131601    -85.4749689202    0.251549
 5139  20556.00       51.7033    -85.4714185441    -85.4614429969    0.271448
 5140  20560.00       52.7472    -85.4695127635    -85.4604025729    0.247901
 5141  20564.00      -59.8520    -85.4688062923    -85.4597652727    0.246019
 5142  20568.00      -64.1691    -85.4683530575    -85.4578847510    0.284857
 5143  20572.00       64.7449    -85.4674042701    -85.4571322640    0.279516
 5144  20576.00      -63.8540    -85.4577786510    -85.4483082660    0.257702
 5145  20580.00       67.5006    -85.4656590355    -85.4578509961    0.212468
 5146  20584.00      -67.3697    -85.4676385591    -85.4612296604    0.174395
 5147  20588.00       66.6753    -85.4631542237    -85.4554185777    0.210498
 5148  20592.00       62.4762    -85.4668743099    -85.4562266075    0.289739
 5149  20596.00       59.9302    -85.4621417991    -85.4505497325    0.315436
 5150  20600.00       62.7225    -85.4624792549    -85.4522674276    0.277878
 5151  20604.00      -66.2876    -85.4833118827    -85.4753761923    0.215941
 5152  20608.00       66.3554    -85.4813322804    -85.4736678083    0.208561
 5153  20612.00      -63.4791    -85.4698051693    -85.4606839242    0.248202
 5154  20616.00       57.9477    -85.4637967884    -85.4541087551    0.263625
 5155  20620.00       58.0374    -85.4624686844    -85.4527670261    0.263996
 5156  20624.00      -62.7123    -85.4712584064    -85.4611171798    0.275957
 5157  20628.00      -60.3784    -85.4764449054    -85.4675199279    0.242861
 5158  20632.00      -59.6752    -85.4656665762    -85.4572503216    0.229018
 5159  20636.00       58.8969    -85.4640001239    -85.4563010502    0.209502
 5160  20640.00      -62.9367    -85.4607997230    -85.4537760997    0.191123
 5161  20644.00      -60.6768    -85.4574020680    -85.4492907007    0.220722
 5162  20648.00       60.8809    -85.4708309194    -85.4612946979    0.259494
 5163  20652.00      -60.3628    -85.4677155531    -85.4573188347    0.282909
 5164  20656.00      -58.0940    -85.4590948496    -85.4480221407    0.301304
 5165  20660.00       56.7919    -85.4600782234    -85.4504150784    0.262948
 5166  20664.00       59.4545    -85.4685702242    -85.4594839376    0.247250
 5167  20668.00       54.2402    -85.4840487766    -85.4753183790    0.237566
 5168  20672.00      -47.3471    -85.4763648793    -85.4676663007    0.236700
 5169  20676.00       44.1674    -85.4713041947    -85.4610181804    0.279897
 5170  20680.00      -38.8804    -85.4813133538    -85.4699951961    0.307983
 5171  20684.00      -38.3727    -85.4738980845    -85.4616149004    0.334242
 5172  20688.00       39.6883    -85.4723768269    -85.4615729706    0.293988
 5173  20692.00       37.6314    -85.4728836944    -85.4650960826    0.211912
 5174  20696.00       38.9212    -85.4579583924    -85.4506800564    0.198054
 5175  20700.00      -45.6979    -85.4604035375    -85.4511841224    0.250873
 5176  20704.00       43.5356    -85.4516493083    -85.4393865263    0.333687
 5177  20708.00      -46.2775    -85.4548284971    -85.4409936776    0.376465
 5178  20712.00       42.8066    -85.4712605238    -85.4597926096    0.312058
 5179  20716.00      -50.7561    -85.4690189232    -85.4606511778    0.227698
 5180  20720.00      -54.3888    -85.4753160506    -85.4680898499    0.196635
 5181  20724.00      -51.5405    -85.4714183435    -85.4637559336    0.208505
 5182  20728.00      -49.6545    -85.4680310907    -85.4573164968    0.291559
 5183  20732.00       42.9048    -85.4744287129    -85.4613667084    0.355435
 5184  20736.00       43.5799    -85.4742217583    -85.4624521407    0.320268
 5185  20740.00       48.1348    -85.4693840183    -85.4591812085    0.277633
 5186  20744.00       46.8591    -85.4601806944    -85.4510612100    0.248154
 5187  20748.00       52.6038    -85.4597641418    -85.4505595881    0.250469
 5188  20752.00       49.6214    -85.4580019631    -85.4474304687    0.287665
 5189  20756.00       47.8737    -85.4614954687    -85.4511765327    0.280793
 5190  20760.00       54.7380    -85.4645403239    -85.4557593827    0.238942
 5191  20764.00      -61.0115    -85.4600083892    -85.4512010782    0.239659
 5192  20768.00      -62.7133    -85.4595937345    -85.4512992725    0.225704
 5193  20772.00      -59.9295    -85.4592580068    -85.4504909823    0.238563
 5194  20776.00       62.1816    -85.4700555473    -85.4611509606    0.242306
 5195  20780.00       65.5442    -85.4668618369    -85.4596587440    0.196006
 5196  20784.00       69.6988    -85.4513004468    -85.4439224386    0.200766
 5197  20788.00       71.5452    -85.4671291255    -85.4583402354    0.239158
 5198  20792.00      -72.7212    -85.4659146209    -85.4555361782    0.282412
 5199  20796.00       72.1903    -85.4722522242    -85.4615004792    0.292570
 5200  20800.00       70.9203    -85.4683404087    -85.4589276647    0.256134
 5201  20804.00      -67.1681    -85.4573922680    -85.4499356227    0.202906
 5202  20808.00      -68.8119    -85.4544835012    -85.4475898150    0.187587
 5203  20812.00      -69.5937    -85.4556345019    -85.4479818458    0.208239
 5204  20816.00       73.5213    -85.4600401004    -85.4506013696    0.256841
 5205  20820.00      -72.2050    -85.4685766789    -85.4585446543    0.272985
 5206  20824.00       71.6908    -85.4627146871    -85.4524714634    0.278732
 5207  20828.00       69.7982    -85.4525195907    -85.4432632047    0.251879
 5208  20832.00      -73.3147    -85.4656367849    -85.4575285360    0.220637
 5209  20836.00       77.1783    -85.4711811054    -85.4632825196    0.214931
 5210  20840.00       83.5111    -85.4554166002    -85.4475269450    0.214688
 5211  20844.00       85.9732    -85.4498334954    -85.4418465011    0.217337
 5212  20848.00       81.4205    -85.4639317716    -85.4551485206    0.239004
 5213  20852.00       82.6417    -85.4703235021    -85.4603129345    0.272401
 5214  20856.00      -81.1209    -85.4795846916    -85.4696385290    0.270649
 5215  20860.00       86.3051    -85.4852427188    -85.4755022996    0.265050
 5216  20864.00       86.5876    -85.4688570839    -85.4602743632    0.233548
 5217  20868.00       85.0514    -85.4587521072    -85.4508765723    0.214304
 5218  20872.00       82.8901    -85.4614306269    -85.4522918189    0.248680
 5219  20876.00      -80.2978    -85.4571671135    -85.4454969131    0.317562
 5220  20880.00      -77.9363    -85.4642332577    -85.4504749255    0.374383
 5221  20884.00       80.4758    -85.4708725486    -85.4573088526    0.369087
 5222  20888.00       76.9915    -85.4570741979    -85.4461661292    0.296824
 5223  20892.00      -76.5896    -85.4645968289    -85.4553523048    0.251556
 5224  20896.00      -78.7453    -85.4860249500    -85.4774209101    0.234128
 5225  20900.00      -79.7380    -85.4780936362    -85.4684537981    0.262313
 5226  20904.00      -79.6899    -85.4724902763    -85.4611290551    0.309155
 5227  20908.00      -80.1687    -85.4601330036    -85.4480101116    0.329881
 5228  20912.00       77.6205    -85.4681140381    -85.4571548972    0.298213
 5229  20916.00       80.6641    -85.4891925800    -85.4800906421    0.247676
 5230  20920.00       78.5030    -85.4693793861    -85.4609166722    0.230282
 5231  20924.00       76.4451    -85.4594827556    -85.4502128629    0.252247
 5232  20928.00       76.0850    -85.4675139145    -85.4574735410    0.273212
 5233  20932.00       74.8781    -85.4573210989    -85.4479733142    0.254366
 5234  20936.00      -77.7917    -85.4648863354    -85.4567844991    0.220462
 5235  20940.00      -80.3564    -85.4615982946    -85.4541420492    0.202895
 5236  20944.00       78.3310    -85.4618440847    -85.4532460838    0.233964
 5237  20948.00      -76.2132    -85.4636490143    -85.4532635409    0.282603
 5238  20952.00       74.5254    -85.4580135643    -85.4482644419    0.265287
 5239  20956.00      -74.9163    -85.4759718051    -85.4682617100    0.209802
 5240  20960.00      -77.8280    -85.4665937575    -85.4599420957    0.181001
 5241  20964.00       71.4315    -85.4594873106    -85.4534241523    0.164987
 5242  20968.00      -65.8149    -85.4683925520    -85.4603516821    0.218803
 5243  20972.00      -59.7962    -85.4651600741    -85.4547641889    0.282886
 5244  20976.00       56.9381    -85.4684225033    -85.4588390085    0.260780
 5245  20980.00      -61.6035    -85.4516917553    -85.4431059650    0.233631
 5246  20984.00      -63.7803    -85.4566053086    -85.4478654000    0.237825
 5247  20988.00      -55.6782    -85.4896553771    -85.4804890358    0.249429
 5248  20992.00      -55.4170    -85.4688510525    -85.4594184624    0.256674
 5249  20996.00      -56.6753    -85.4616148183    -85.4537490845    0.214038
 5250  21000.00      -57.8443    -85.4707658053    -85.4646166609    0.167327
 5251  21004.00       61.6884    -85.4560364008    -85.4504781822    0.151247
 5252  21008.00      -55.0053    -85.4600516142    -85.4540973270    0.162024
 5253  21012.00      -55.2490    -85.4715239245    -85.4634284278    0.220290
 5254  21016.00       60.2940    -85.4678188970    -85.4581521472    0.263046
 5255  21020.00      -54.4153    -85.4625974703    -85.4526444085    0.270837
 5256  21024.00      -57.8975    -85.4795000040    -85.4700450561    0.257282
 5257  21028.00       54.0329    -85.4780342037    -85.4699324085    0.220461
 5258  21032.00      -48.0264    -85.4672731601    -85.4602031782    0.192384
 5259  21036.00      -48.9574    -85.4652250287    -85.4595797457    0.153616
 5260  21040.00      -42.5141    -85.4492695132    -85.4444167039    0.132052
 5261  21044.00      -39.8865    -85.4614683990    -85.4554141751    0.164744
 5262  21048.00      -43.7779    -85.4782583189    -85.4710419218    0.196368
 5263  21052.00       41.8354    -85.4731993563    -85.4658193027    0.200821
 5264  21056.00      -43.4621    -85.4876842340    -85.4798280734    0.213777
 5265  21060.00      -47.4010    -85.4745636796    -85.4657844414    0.238895
 5266  21064.00       46.9727    -85.4577798453    -85.4484078028    0.255026
 5267  21068.00      -45.5769    -85.4724230233    -85.4639526229    0.230491
 5268  21072.00      -50.4792    -85.4758820483    -85.4701318294    0.156471
 5269  21076.00      -49.1583    -85.4679210139    -85.4638188287    0.111626
 5270  21080.00      -51.9667    -85.4616686327    -85.4577578123    0.106419
 5271  21084.00       48.7365    -85.4753562852    -85.4711019732    0.115766
 5272  21088.00      -44.8459    -85.4805779293    -85.4730692071    0.204323
 5273  21092.00       41.4677    -85.4659996246    -85.4562427173    0.265499
 5274  21096.00      -39.9355    -85.4696105250    -85.4602989205    0.253382
 5275  21100.00      -42.4974    -85.4579362625    -85.4500965665    0.213329
 5276  21104.00       43.7072    -85.4611377397    -85.4536224243    0.204502
 5277  21108.00      -38.3469    -85.4745394403    -85.4664526419    0.220053
 5278  21112.00       40.1504    -85.4739707105    -85.4667775248    0.195737
 5279  21116.00      -43.5320    -85.4697161299    -85.4642993950    0.147397
 5280  21120.00       46.3474    -85.4663339546    -85.4609268215    0.147136
 5281  21124.00      -43.8031    -85.4686181449    -85.4625550350    0.164986
 5282  21128.00       36.7400    -85.4675006474    -85.4600625998    0.202400
 5283  21132.00      -34.3373    -85.4595600579    -85.4507467442    0.239822
 5284  21136.00      -39.4632    -85.4507050085    -85.4423784016    0.226579
 5285  21140.00      -41.3069    -85.4609835344    -85.4542929253    0.182061
 5286  21144.00      -41.6516    -85.4803435844    -85.4742519787    0.165761
 5287  21148.00      -41.0727    -85.4652820633    -85.4581765421    0.193351
 5288  21152.00       41.0156    -85.4564963505    -85.4483137023    0.222661
 5289  21156.00      -42.6189    -85.4785403388    -85.4708188789    0.210112
 5290  21160.00      -45.7492    -85.4792923579    -85.4722025785    0.192923
 5291  21164.00       48.0439    -85.4597137227    -85.4522949336    0.201876
 5292  21168.00      -45.3071    -85.4615536492    -85.4528226726    0.237582
 5293  21172.00      -32.2765    -85.4733088169    -85.4626678757    0.289555
 5294  21176.00       31.6023    -85.4687491749    -85.4574846217    0.306524
 5295  21180.00       23.3287    -85.4644918415    -85.4544421539    0.273466
 5296  21184.00       25.6217    -85.4820790872    -85.4721040403    0.271435
 5297  21188.00      -35.6315    -85.4846920344    -85.4746868778    0.272254
 5298  21192.00      -41.7757    -85.4618269064    -85.4507880562    0.300382
 5299  21196.00       42.0647    -85.4635931942    -85.4515182794    0.328575
 5300  21200.00       51.7693    -85.4720282467    -85.4614838842    0.286927
 5301  21204.00       51.0365    -85.4675518121    -85.4591056606    0.229831
 5302  21208.00       48.7432    -85.4565415496    -85.4490788965    0.203069
 5303  21212.00      -47.9036    -85.4542030413    -85.4453334008    0.241355
 5304  21216.00      -44.7582    -85.4675839651    -85.4567722282    0.294202
 5305  21220.00       49.0665    -85.4685317006    -85.4579577837    0.287731
 5306  21224.00       55.5602    -85.4600200322    -85.4501958920    0.267328
 5307  21228.00      -54.8842    -85.4725497375    -85.4627677838    0.266181
 5308  21232.00      -58.8892    -85.4822566747    -85.4717734744    0.285262
 5309  21236.00      -61.5433    -85.4713775034    -85.4586388414    0.346637
 5310  21240.00       60.2134    -85.4624629738    -85.4490396915    0.365266
 5311  21244.00      -59.9525    -85.4639860014    -85.4515359477    0.338783
 5312  21248.00       54.2378    -85.4847275410    -85.4733687845    0.309088
 5313  21252.00       47.6797    -85.4887595186    -85.4774151690    0.308695
 5314  21256.00      -41.8634    -85.4731884997    -85.4597542022    0.365566
 5315  21260.00      -35.8757    -85.4677570651    -85.4533289019    0.392610
 5316  21264.00      -38.1046    -85.4781712857    -85.4654147504    0.347123
 5317  21268.00      -43.9103    -85.4852218080    -85.4749953723    0.278275
 5318  21272.00      -48.9676    -85.4716503442    -85.4627995114    0.240843
 5319  21276.00      -47.6495    -85.4605981933    -85.4500683965    0.286530
 5320  21280.00       40.9864    -85.4802525533    -85.4676053096    0.344149
 5321  21284.00      -45.5436    -85.4869011038    -85.4741287187    0.347554
 5322  21288.00      -45.8683    -85.4695911048    -85.4583226785    0.306629
 5323  21292.00      -48.3454    -85.4664722339    -85.4564928122    0.271554
 5324  21296.00      -49.0571    -85.4685909550    -85.4585809450    0.272386
 5325  21300.00       46.5293    -85.4820396022    -85.4699390108    0.329274
 5326  21304.00      -42.1228    -85.4804386726    -85.4669351386    0.367450
 5327  21308.00       42.2116    -85.4649847215    -85.4519385483    0.355004
 5328  21312.00      -43.2496    -85.4769443641    -85.4647917090    0.330691
 5329  21316.00       43.4613    -85.4849706933    -85.4726170178    0.336161
 5330  21320.00      -44.0153    -85.4690173761    -85.4562437322    0.347589
 5331  21324.00       46.2002    -85.4602741687    -85.4474290889    0.349532
 5332  21328.00       45.6482    -85.4676010190    -85.4560456490    0.314438
 5333  21332.00      -41.2858    -85.4672440136    -85.4558389351    0.310348
 5334  21336.00      -32.3363    -85.4612718601    -85.4478069855    0.366398
 5335  21340.00       32.9501    -85.4718942362    -85.4578386302    0.382473
 5336  21344.00       34.0967    -85.4884221157    -85.4751451592    0.361284
 5337  21348.00      -38.7447    -85.4683510585    -85.4580699729    0.279763
 5338  21352.00       36.4812    -85.4478983814    -85.4400659002    0.213133
 5339  21356.00      -33.2632    -85.4677826102    -85.4591348060    0.235319
 5340  21360.00       32.7502    -85.4798030606    -85.4693829703    0.283545
 5341  21364.00       40.8193    -85.4635091185    -85.4514449452    0.328283
 5342  21368.00       38.6321    -85.4712005055    -85.4593458669    0.322581
 5343  21372.00      -42.6832    -85.4719883253    -85.4607121705    0.306840
 5344  21376.00       38.3803    -85.4656860063    -85.4532168056    0.339304
 5345  21380.00      -35.3362    -85.4702290434    -85.4558763904    0.390556
 5346  21384.00       38.3350    -85.4619686111    -85.4472828166    0.399621
 5347  21388.00      -40.7335    -85.4627664199    -85.4494147821    0.363317
 5348  21392.00       38.8520    -85.4641239411    -85.4512055759    0.351527
 5349  21396.00      -37.7230    -85.4631842613    -85.4486388569    0.395801
 5350  21400.00       35.5356    -85.4700012108    -85.4547159601    0.415933
 5351  21404.00       34.8289    -85.4650206867    -85.4510450578    0.380296
 5352  21408.00      -46.4393    -85.4662960753    -85.4541020988    0.331815
 5353  21412.00      -49.9014    -85.4650462712    -85.4540139515    0.300205
 5354  21416.00      -51.0420    -85.4690912923    -85.4573617594    0.319177
 5355  21420.00      -48.4730    -85.4705435167    -85.4569622288    0.369566
 5356  21424.00       50.4714    -85.4682773754    -85.4547504200    0.368087
 5357  21428.00      -52.9653    -85.4598503403    -85.4484993102    0.308877
 5358  21432.00      -52.2457    -85.4458498175    -85.4350656436    0.293452
 5359  21436.00      -54.6059    -85.4618141667    -85.4498562496    0.325391
 5360  21440.00      -60.5507    -85.4813564140    -85.4667847243    0.396516
 5361  21444.00      -57.1695    -85.4719585185    -85.4559811246    0.434767
 5362  21448.00      -67.9877    -85.4633113357    -85.4487236932    0.396950
 5363  21452.00       71.7180    -85.4650540991    -85.4516214177    0.365522
 5364  21456.00       74.5362    -85.4707261714    -85.4580964953    0.343671
 5365  21460.00       79.4490    -85.4603965697    -85.4474753353    0.351605
 5366  21464.00      -78.8065    -85.4432030920    -85.4297571726    0.365882
 5367  21468.00      -78.5465    -85.4518145584    -85.4395401950    0.334002
 5368  21472.00       78.1420    -85.4697675810    -85.4572192136    0.341458
 5369  21476.00       71.8538    -85.4825964494    -85.4698016888    0.348163
 5370  21480.00           nan               nan               nan         nan
 5371  21484.00      -65.6717    -85.4627734611    -85.4480341508    0.401077
 5372  21488.00       72.3606    -85.4648951744    -85.4532899130    0.315795
 5373  21492.00      -81.1085    -85.4499179608    -85.4405958383    0.253668
 5374  21496.00       80.7212    -85.4531320768    -85.4437144436    0.256267
 5375  21500.00       81.8583    -85.4725657132    -85.4603806116    0.331574
 5376  21504.00      -81.0427    -85.4699554376    -85.4543901501    0.423553
 5377  21508.00      -79.9038    -85.4651264841    -85.4490135901    0.438454
 5378  21512.00       79.2386    -85.4757592193    -85.4612952664    0.393584
 5379  21516.00       76.8386    -85.4796896454    -85.4661654653    0.368012
 5380  21520.00      -75.6731    -85.4599184606    -85.4468588091    0.355371
 5381  21524.00      -76.0983    -85.4548825406    -85.4409752437    0.378437
 5382  21528.00       75.9456    -85.4773624000    -85.4625182908    0.403929
 5383  21532.00       76.2358    -85.4737962668    -85.4613223595    0.339432
 5384  21536.00      -83.9120    -85.4576165977    -85.4470177357    0.288410
 5385  21540.00      -87.1358    -85.4691663555    -85.4588765172    0.280001
 5386  21544.00      -87.8690    -85.4768488661    -85.4666558373    0.277366
 5387  21548.00       86.1698    -85.4770498759    -85.4657062546    0.308676
 5388  21552.00      -79.6149    -85.4673846248    -85.4545815900    0.348388
 5389  21556.00      -73.2170    -85.4638808678    -85.4505983815    0.361435
 5390  21560.00       69.0968    -85.4659248543    -85.4511811185    0.401197
 5391  21564.00      -68.2268    -85.4664537414    -85.4518604239    0.397104
 5392  21568.00      -73.7644    -85.4705330416    -85.4567262783    0.375701
 5393  21572.00      -73.5302    -85.4719075116    -85.4587695501    0.357502
 5394  21576.00      -71.7738    -85.4674198335    -85.4567554614    0.290192
 5395  21580.00      -75.6692    -85.4704525022    -85.4601933805    0.279165
 5396  21584.00      -79.0720    -85.4756780148    -85.4639909502    0.318021
 5397  21588.00      -76.5875    -85.4586898465    -85.4452660514    0.365280
 5398  21592.00      -78.6410    -85.4571118688    -85.4423022942    0.402989
 5399  21596.00      -76.3500    -85.4731847158    -85.4601263695    0.355336
 5400  21600.00      -74.3776    -85.4643177125    -85.4538243550    0.285539
 5401  21604.00      -75.2590    -85.4518780682    -85.4426100295    0.252196
 5402  21608.00       69.6888    -85.4547980214    -85.4453784489    0.256320
 5403  21612.00           nan               nan               nan         nan
 5404  21616.00       68.8447    -85.4782757432    -85.4644617135    0.375899
 5405  21620.00       66.7554    -85.4719590250    -85.4584702950    0.367047
 5406  21624.00      -69.3045    -85.4779386189    -85.4662780599    0.317300
 5407  21628.00       72.0317    -85.4599499389    -85.4506713105    0.252484
 5408  21632.00       76.0113    -85.4572072445    -85.4484678509    0.237811
 5409  21636.00       79.2521    -85.4731496990    -85.4636024024    0.259795
 5410  21640.00      -81.8084    -85.4632019667    -85.4535214895    0.263419
 5411  21644.00       85.0506    -85.4725313801    -85.4619126823    0.288949
 5412  21648.00       85.3786    -85.4724848589    -85.4611332161    0.308894
 5413  21652.00      -86.2661    -85.4677706607    -85.4563544707    0.310650
 5414  21656.00       87.3075    -85.4726293753    -85.4611298759    0.312917
 5415  21660.00      -90.0149    -85.4679673883    -85.4576989897    0.279417
 5416  21664.00      -92.6289    -85.4558590911    -85.4472729176    0.233642
 5417  21668.00       98.8501    -85.4641604880    -85.4556460145    0.231691
 5418  21672.00      101.2344    -85.4776400489    -85.4686343066    0.245059
 5419  21676.00       99.7103    -85.4537385713    -85.4426118239    0.302774
 5420  21680.00      -97.6154    -85.4424816051    -85.4287208533    0.374449
 5421  21684.00     -104.9343    -85.4659687930    -85.4527057178    0.360907
 5422  21688.00      107.2795    -85.4748665116    -85.4639092369    0.298163
 5423  21692.00     -107.8244    -85.4747684319    -85.4653941639    0.255087
 5424  21696.00      -97.6658    -85.4622000549    -85.4532671685    0.243076
 5425  21700.00       90.5832    -85.4723330440    -85.4615255867    0.294086
 5426  21704.00       87.6805    -85.4759920396    -85.4639108946    0.328745
 5427  21708.00       89.4140    -85.4704326865    -85.4596088605    0.294531
 5428  21712.00       91.2667    -85.4725913459    -85.4637066874    0.241764
 5429  21716.00      -90.2172    -85.4563676589    -85.4488954414    0.203329
 5430  21720.00       87.7644    -85.4554035289    -85.4475935744    0.212520
 5431  21724.00       87.2132    -85.4628988592    -85.4527985178    0.274844
 5432  21728.00      -85.7846    -85.4711163761    -85.4596841613    0.311086
 5433  21732.00      -81.8705    -85.4669651208    -85.4571465663    0.267176
 5434  21736.00      -76.8551    -85.4582405043    -85.4498360083    0.228698
 5435  21740.00       70.1233    -85.4685507690    -85.4602718238    0.225282
 5436  21744.00      -62.9960    -85.4615380837    -85.4524088935    0.248418
 5437  21748.00       58.3534    -85.4575848106    -85.4467367292    0.295191
 5438  21752.00      -58.3014    -85.4692699839    -85.4577194229    0.314307
 5439  21756.00       55.5612    -85.4811845833    -85.4715518392    0.262120
 5440  21760.00      -62.2242    -85.4777481489    -85.4696762622    0.219647
 5441  21764.00       65.5123    -85.4768517941    -85.4679552703    0.242087
 5442  21768.00      -61.3209    -85.4795399366    -85.4685166570    0.299959
 5443  21772.00      -56.6022    -85.4722353423    -85.4607437872    0.312701
 5444  21776.00       52.3571    -85.4718129178    -85.4623533642    0.257408
 5445  21780.00       56.5112    -85.4723185473    -85.4660282898    0.171167
 5446  21784.00       61.8581    -85.4683511126    -85.4620421728    0.171675
 5447  21788.00      -58.9806    -85.4569736054    -85.4482443925    0.237534
 5448  21792.00      -57.5171    -85.4736273046    -85.4631344149    0.285526
 5449  21796.00      -53.4419    -85.4829708897    -85.4721115807    0.295497
 5450  21800.00      -56.9152    -85.4585506219    -85.4498181027    0.237624
 5451  21804.00      -59.4374    -85.4719076949    -85.4647929974    0.193601
 5452  21808.00       62.2284    -85.4645655553    -85.4561561823    0.228831
 5453  21812.00       62.1525    -85.4598101989    -85.4497945251    0.272540
 5454  21816.00       57.1248    -85.4745652230    -85.4643207984    0.278765
 5455  21820.00       53.3581    -85.4664346988    -85.4574501664    0.244482
 5456  21824.00       48.6678    -85.4713992216    -85.4642894457    0.193467
 5457  21828.00      -55.4692    -85.4677625616    -85.4606007020    0.194884
 5458  21832.00      -52.4801    -85.4728578230    -85.4652394555    0.207306
 5459  21836.00      -53.4762    -85.4761235975    -85.4688639838    0.197544
 5460  21840.00       56.1754    -85.4551110007    -85.4488510675    0.170341
 5461  21844.00       56.1496    -85.4553810449    -85.4495067746    0.159847
 5462  21848.00       51.1875    -85.4711216977    -85.4653506634    0.157038
 5463  21852.00      -52.5671    -85.4656532220    -85.4598087017    0.159037
 5464  21856.00      -51.5333    -85.4459200740    -85.4404475701    0.148914
 5465  21860.00      -54.8974    -85.4587245781    -85.4537023698    0.136661
 5466  21864.00      -55.3347    -85.4621755004    -85.4576496124    0.123156
 5467  21868.00      -53.0204    -85.4617844663    -85.4568766836    0.133548
 5468  21872.00       57.6433    -85.4674749965    -85.4617184045    0.156645
 5469  21876.00       58.5848    -85.4548776400    -85.4485153861    0.173126
 5470  21880.00       59.8216    -85.4731682827    -85.4668671308    0.171463
 5471  21884.00      -60.9454    -85.4725239483    -85.4667841665    0.156187
 5472  21888.00       57.8375    -85.4678444044    -85.4624251996    0.147464
 5473  21892.00       58.0111    -85.4817760942    -85.4752434141    0.177763
 5474  21896.00       57.1934    -85.4697587392    -85.4607710897    0.244566
 5475  21900.00      -58.0541    -85.4718396568    -85.4618295703    0.272388
 5476  21904.00      -65.1454    -85.4651766546    -85.4566443462    0.232176
 5477  21908.00       66.9401    -85.4668112735    -85.4607036752    0.166196
 5478  21912.00      -66.6776    -85.4779267307    -85.4726337956    0.144028
 5479  21916.00       61.8024    -85.4645365871    -85.4590774930    0.148550
 5480  21920.00      -62.6675    -85.4578010180    -85.4511983235    0.179668
 5481  21924.00      -68.5056    -85.4766822884    -85.4690029356    0.208966
 5482  21928.00       70.3364    -85.4741264278    -85.4669280709    0.195877
 5483  21932.00       72.1995    -85.4510226404    -85.4443375457    0.181911
 5484  21936.00      -64.5559    -85.4721260138    -85.4655435054    0.179119
 5485  21940.00      -66.1009    -85.4781503216    -85.4718221031    0.172200
 5486  21944.00      -70.4114    -85.4661269778    -85.4600009420    0.166698
 5487  21948.00      -78.1281    -85.4717748986    -85.4653730125    0.174204
 5488  21952.00       77.6228    -85.4701987899    -85.4635065569    0.182105
 5489  21956.00      -75.1717    -85.4861365303    -85.4781274728    0.217938
 5490  21960.00       75.3372    -85.4813892855    -85.4725943797    0.239322
 5491  21964.00       72.5218    -85.4666086796    -85.4576063466    0.244966
 5492  21968.00      -73.7910    -85.4685433615    -85.4604249440    0.220913
 5493  21972.00       73.7513    -85.4599383363    -85.4525402298    0.201313
 5494  21976.00       74.0165    -85.4667918676    -85.4584004188    0.228343
 5495  21980.00       78.1588    -85.4736441771    -85.4648275363    0.239913
 5496  21984.00      -82.1236    -85.4755037412    -85.4664545263    0.246242
 5497  21988.00      -80.7075    -85.4776953179    -85.4688641530    0.240308
 5498  21992.00       77.9558    -85.4696752053    -85.4614401338    0.224088
 5499  21996.00       74.6545    -85.4601442501    -85.4518183151    0.226560
 5500  22000.00      -80.6821    -85.4656388498    -85.4578559756    0.211783
 5501  22004.00       85.2397    -85.4734150402    -85.4664298048    0.190078
 5502  22008.00      -83.0349    -85.4695482385    -85.4629954155    0.178311
 5503  22012.00       80.2324    -85.4735928742    -85.4655075663    0.220012
 5504  22016.00      -76.3565    -85.4845347977    -85.4732402703    0.307340
 5505  22020.00       82.9142    -85.4791951653    -85.4665969336    0.342815
 5506  22024.00      -92.1213    -85.4741093506    -85.4634273889    0.290671
 5507  22028.00      -97.6233    -85.4706505987    -85.4624223977    0.223901
 5508  22032.00       95.4009    -85.4780939648    -85.4702407259    0.213698
 5509  22036.00      -89.0016    -85.4732299514    -85.4637676128    0.257483
 5510  22040.00       86.6453    -85.4624958476    -85.4497041534    0.348080
 5511  22044.00      -86.5392    -85.4761547886    -85.4631734069    0.353241
 5512  22048.00      -82.3530    -85.4755898763    -85.4656948925    0.269256
 5513  22052.00       74.7860    -85.4753674725    -85.4674457022    0.215562
 5514  22056.00       70.2429    -85.4830004920    -85.4759785872    0.191076
 5515  22060.00      -77.2383    -85.4738212525    -85.4662256818    0.206686
 5516  22064.00      -83.0056    -85.4722224660    -85.4635898982    0.234904
 5517  22068.00       83.4762    -85.4754954029    -85.4661875002    0.253281
 5518  22072.00      -75.4422    -85.4699189526    -85.4587388318    0.304227
 5519  22076.00       77.0144    -85.4803628949    -85.4675177829    0.349533
 5520  22080.00      -84.9346    -85.4805809891    -85.4681208674    0.339057
 5521  22084.00       86.1368    -85.4671621867    -85.4571261294    0.273095
 5522  22088.00      -84.7194    -85.4704194546    -85.4628054171    0.207189
 5523  22092.00      -77.4408    -85.4711870698    -85.4641971349    0.190206
 5524  22096.00      -75.9280    -85.4835186503    -85.4747720030    0.238008
 5525  22100.00      -79.5663    -85.4828615139    -85.4713663251    0.312800
 5526  22104.00       83.3604    -85.4570012334    -85.4449579206    0.327715
 5527  22108.00      -81.0200    -85.4689099770    -85.4567114127    0.331940
 5528  22112.00       72.3751    -85.4863947871    -85.4738598926    0.341092
 5529  22116.00       68.2261    -85.4747984648    -85.4616909167    0.356675
 5530  22120.00       73.3646    -85.4769902923    -85.4629076700    0.383208
 5531  22124.00      -78.4769    -85.4856876170    -85.4729913187    0.345484
 5532  22128.00      -70.4424    -85.4807081814    -85.4696517893    0.300860
 5533  22132.00       60.5899    -85.4757370125    -85.4654853893    0.278961
 5534  22136.00       58.9343    -85.4871149139    -85.4776663249    0.257109
 5535  22140.00      -61.5661    -85.4754000735    -85.4656373815    0.265656
 5536  22144.00      -69.5709    -85.4644074685    -85.4549280299    0.257949
 5537  22148.00      -64.6345    -85.4712420900    -85.4615186885    0.264587
 5538  22152.00       63.4999    -85.4847171238    -85.4731452250    0.314887
 5539  22156.00      -66.9546    -85.4943052639    -85.4799596372    0.390364
 5540  22160.00       71.4226    -85.4796098992    -85.4619436110    0.480724
 5541  22164.00      -67.0012    -85.4747413613    -85.4596317699    0.411153
 5542  22168.00      -66.1371    -85.4720686028    -85.4622448235    0.267319
 5543  22172.00      -64.6735    -85.4730091236    -85.4663546325    0.181078
 5544  22176.00       66.1169    -85.4732103973    -85.4667497475    0.175803
 5545  22180.00      -61.6710    -85.4583570229    -85.4487298858    0.261968
 5546  22184.00       54.7451    -85.4731143582    -85.4602856695    0.349086
 5547  22188.00      -45.5800    -85.4805543187    -85.4669192492    0.371029
 5548  22192.00       40.9056    -85.4833984214    -85.4692605910    0.384710
 5549  22196.00       46.9000    -85.4867938903    -85.4744517589    0.335847
 5550  22200.00      -51.8874    -85.4706891280    -85.4598059735    0.296146
 5551  22204.00      -47.4573    -85.4637073641    -85.4535179960    0.277267
 5552  22208.00      -46.6240    -85.4618540644    -85.4533968969    0.230131
 5553  22212.00       47.2612    -85.4753397833    -85.4690266330    0.171790
 5554  22216.00       53.7199    -85.4767827654    -85.4708709963    0.160867
 5555  22220.00       59.9442    -85.4733444192    -85.4667642153    0.179056
 5556  22224.00       52.5795    -85.4743269842    -85.4673367029    0.190215
 5557  22228.00       47.6245    -85.4739039817    -85.4671081968    0.184923
 5558  22232.00      -46.2293    -85.4771342655    -85.4712334041    0.160571
 5559  22236.00      -50.5744    -85.4670838355    -85.4589048264    0.222562
 5560  22240.00      -48.8762    -85.4574524654    -85.4457870058    0.317433
 5561  22244.00      -53.1812    -85.4719653042    -85.4603457146    0.316185
 5562  22248.00       51.5962    -85.4703639457    -85.4604913306    0.268648
 5563  22252.00       56.8167    -85.4757587113    -85.4695114800    0.169996
 5564  22256.00       58.5041    -85.4765272853    -85.4722244750    0.117085
 5565  22260.00       58.2895    -85.4635820984    -85.4589564101    0.125871
 5566  22264.00      -53.5823    -85.4752639080    -85.4675679451    0.209418
 5567  22268.00       49.2207    -85.4850740704    -85.4729713937    0.329331
 5568  22272.00       52.1686    -85.4758507905    -85.4636417274    0.332226
 5569  22276.00       59.6701    -85.4767050189    -85.4672569472    0.257095
 5570  22280.00      -61.3505    -85.4687065323    -85.4604798250    0.223860
 5571  22284.00       62.2729    -85.4808850210    -85.4730578846    0.212987
 5572  22288.00      -60.9202    -85.4860593713    -85.4776012651    0.230157
 5573  22292.00       65.7126    -85.4823215566    -85.4738868408    0.229520
 5574  22296.00       72.6918    -85.4727831462    -85.4650909036    0.209317
 5575  22300.00      -71.3961    -85.4574840190    -85.4484982789    0.244514
 5576  22304.00      -71.2442    -85.4820716917    -85.4702823010    0.320806
 5577  22308.00      -65.9106    -85.4905855935    -85.4768018434    0.375075
 5578  22312.00       69.0423    -85.4778187239    -85.4637599807    0.382558
 5579  22316.00      -67.8898    -85.4660656750    -85.4538500986    0.332403
 5580  22320.00      -65.6358    -85.4692093542    -85.4587282787    0.285205
 5581  22324.00       69.2754    -85.4789247089    -85.4672630176    0.317331
 5582  22328.00      -65.9703    -85.4737042929    -85.4611551989    0.341478
 5583  22332.00      -67.8146    -85.4830152140    -85.4709423553    0.328519
 5584  22336.00       72.9046    -85.4808197459    -85.4708883852    0.270246
 5585  22340.00      -73.8950    -85.4751345283    -85.4682351273    0.187742
 5586  22344.00      -73.0495    -85.4883622663    -85.4814335616    0.188540
 5587  22348.00       73.3337    -85.4883744043    -85.4788433030    0.259354
 5588  22352.00       72.3929    -85.4881887253    -85.4757623619    0.338139
 5589  22356.00      -74.6551    -85.4702920305    -85.4548422571    0.420410
 5590  22360.00       69.2379    -85.4720218009    -85.4565773938    0.420264
 5591  22364.00       66.8446    -85.4796991771    -85.4669014307    0.348244
 5592  22368.00       72.5336    -85.4685920790    -85.4580365353    0.287231
 5593  22372.00      -78.4604    -85.4761052063    -85.4666768190    0.256559
 5594  22376.00       85.8644    -85.4831882588    -85.4715241740    0.317396
 5595  22380.00       86.8834    -85.4809476413    -85.4669272487    0.381514
 5596  22384.00       81.0284    -85.4801120140    -85.4648754165    0.414609
 5597  22388.00       82.9731    -85.4795074202    -85.4638367323    0.426421
 5598  22392.00      -85.9451    -85.4774054677    -85.4641318687    0.361193
 5599  22396.00       88.4650    -85.4747143924    -85.4632511232    0.311931
 5600  22400.00      -87.8399    -85.4781085258    -85.4670630410    0.300563
 5601  22404.00      -75.4439    -85.4761251107    -85.4650050262    0.302593
 5602  22408.00      -73.0137    -85.4882162625    -85.4759168880    0.334683
 5603  22412.00       77.5838    -85.4878945107    -85.4759839578    0.324103
 5604  22416.00       78.4771    -85.4770896608    -85.4656609387    0.310991
 5605  22420.00      -75.5223    -85.4804700572    -85.4686722382    0.321035
 5606  22424.00       70.5079    -85.4651020368    -85.4537150745    0.309855
 5607  22428.00       71.2093    -85.4760804733    -85.4651357580    0.297821
 5608  22432.00      -80.9217    -85.4804770931    -85.4688171573    0.317283
 5609  22436.00      -78.2721    -85.4717633425    -85.4596348455    0.330033
 5610  22440.00      -73.6754    -85.4858200874    -85.4729905800    0.349109
 5611  22444.00      -70.4486    -85.4859887713    -85.4720223809    0.380045
 5612  22448.00       68.9958    -85.4839188245    -85.4710251499    0.350855
 5613  22452.00      -75.9654    -85.4804593316    -85.4693016080    0.303617
 5614  22456.00       80.7240    -85.4716958666    -85.4626602718    0.245871
 5615  22460.00       78.1493    -85.4676180954    -85.4591305818    0.230957
 5616  22464.00      -79.9994    -85.4802997923    -85.4694880761    0.294202
 5617  22468.00      -75.0246    -85.4923517438    -85.4800197744    0.335570
 5618  22472.00       79.3418    -85.4807556346    -85.4679950452    0.347233
 5619  22476.00      -78.8171    -85.4794754452    -85.4674806248    0.326396
 5620  22480.00       69.1756    -85.4796333515    -85.4692859700    0.281567
 5621  22484.00       63.5108    -85.4739289988    -85.4641225782    0.266846
 5622  22488.00       56.2853    -85.4759815342    -85.4661350213    0.267937
 5623  22492.00      -53.7291    -85.4761458378    -85.4665104412    0.262192
 5624  22496.00      -50.4126    -85.4628046687    -85.4539775241    0.240199
 5625  22500.00      -48.8709    -85.4682134548    -85.4599988994    0.223529
 5626  22504.00      -43.9476    -85.4886078687    -85.4798733587    0.237678
 5627  22508.00      -52.0714    -85.4745392882    -85.4657927434    0.238006
 5628  22512.00       58.2916    -85.4616905854    -85.4548144160    0.187110
 5629  22516.00      -64.1888    -85.4735608218    -85.4669822103    0.179013
 5630  22520.00       63.4746    -85.4839442879    -85.4772557370    0.182005
 5631  22524.00      -57.3651    -85.4884479776    -85.4806181953    0.213059
 5632  22528.00      -57.3247    -85.4817090769    -85.4727018911    0.245098
 5633  22532.00       55.2139    -85.4685715754    -85.4610833175    0.203766
 5634  22536.00       54.0192    -85.4623719102    -85.4564658781    0.160711
 5635  22540.00       53.1352    -85.4803757185    -85.4747835516    0.152171
 5636  22544.00       52.5913    -85.4896493707    -85.4838597596    0.157543
 5637  22548.00      -53.1641    -85.4730323442    -85.4668122965    0.169256
 5638  22552.00      -56.9545    -85.4677430661    -85.4612871764    0.175674
 5639  22556.00      -58.1598    -85.4591850784    -85.4531735092    0.163583
 5640  22560.00      -56.0997    -85.4793546122    -85.4733681505    0.162900
 5641  22564.00      -53.6864    -85.4832936185    -85.4773661702    0.161294
 5642  22568.00      -46.8232    -85.4676353201    -85.4622300636    0.147085
 5643  22572.00       49.0949    -85.4701929199    -85.4651685299    0.136721
 5644  22576.00       46.1910    -85.4692392159    -85.4649817353    0.115852
 5645  22580.00       42.4602    -85.4842220015    -85.4795937744    0.125940
 5646  22584.00      -40.7829    -85.4893701520    -85.4831361899    0.169635
 5647  22588.00      -47.7165    -85.4842382858    -85.4785356175    0.155178
 5648  22592.00       54.3043    -85.4770336390    -85.4728231715    0.114573
 5649  22596.00       58.0015    -85.4775017923    -85.4730037178    0.122399
 5650  22600.00       53.2390    -85.4855362240    -85.4815176197    0.109352
 5651  22604.00       47.8194    -85.4811911295    -85.4766162860    0.124488
 5652  22608.00       45.0137    -85.4878797557    -85.4800411511    0.213299
 5653  22612.00       45.3561    -85.4890938996    -85.4799277069    0.249425
 5654  22616.00       43.4746    -85.4727537754    -85.4661369020    0.180054
 5655  22620.00      -43.0884    -85.4748335524    -85.4701821821    0.126570
 5656  22624.00       41.7080    -85.4860758067    -85.4801845122    0.160310
 5657  22628.00      -40.4848    -85.4817102047    -85.4737865352    0.215614
 5658  22632.00       42.2780    -85.4759317424    -85.4662805992    0.262621
 5659  22636.00       41.8833    -85.4860266804    -85.4767586848    0.252195
 5660  22640.00      -39.8148    -85.4916131474    -85.4845158251    0.193128
 5661  22644.00      -39.6299    -85.4830887056    -85.4767853259    0.171524
 5662  22648.00       37.0838    -85.4764024741    -85.4692770299    0.193893
 5663  22652.00      -38.3510    -85.4801256222    -85.4714374725    0.236417
 5664  22656.00       37.5845    -85.4886830271    -85.4794844475    0.250306
 5665  22660.00      -36.0498    -85.4815829570    -85.4725348907    0.246210
 5666  22664.00      -34.2581    -85.4836743630    -85.4739100059    0.265702
 5667  22668.00      -25.4686    -85.4891051378    -85.4772602475    0.322316
 5668  22672.00      -24.8528    -85.4799439678    -85.4660745861    0.377405
 5669  22676.00       26.0596    -85.4827695331    -85.4700471729    0.346193
 5670  22680.00       33.8198    -85.4733113887    -85.4626174655    0.290996
 5671  22684.00       34.6603    -85.4829139342    -85.4735361807    0.255182
 5672  22688.00       27.3337    -85.4829464792    -85.4726494250    0.280197
 5673  22692.00      -25.5964    -85.4637566277    -85.4494519075    0.389251
 5674  22696.00       23.8089    -85.4763342782    -85.4591764347    0.466889
 5675  22700.00      -20.9255    -85.4817668079    -85.4632136136    0.504858
 5676  22704.00       19.9555    -85.4913596492    -85.4735779698    0.483864
 5677  22708.00       19.4521    -85.4934400599    -85.4792667161    0.385676
 5678  22712.00      -20.3064    -85.4716957563    -85.4609674855    0.291931
 5679  22716.00       18.4350    -85.4745884961    -85.4648000814    0.266356
 5680  22720.00       15.8790    -85.4877968844    -85.4759097375    0.323466
 5681  22724.00      -16.2057    -85.4894554313    -85.4749447561    0.394856
 5682  22728.00       14.9471    -85.4831865292    -85.4671730645    0.435749
 5683  22732.00      -17.5116    -85.4679886075    -85.4525295491    0.420662
 5684  22736.00       21.6409    -85.4787501599    -85.4655913080    0.358071
 5685  22740.00      -23.3594    -85.4833372982    -85.4707422202    0.342730
 5686  22744.00      -23.5397    -85.4791380900    -85.4656022505    0.368329
 5687  22748.00       23.3966    -85.4764368910    -85.4622381591    0.386367
 5688  22752.00      -23.8714    -85.4747473909    -85.4607740473    0.380234
 5689  22756.00       23.4847    -85.4711832456    -85.4571591299    0.381616
 5690  22760.00      -22.5561    -85.4656260831    -85.4507891984    0.403732
 5691  22764.00      -25.1836    -85.4765272934    -85.4619152905    0.397613
 5692  22768.00      -26.6320    -85.4839154636    -85.4710213670    0.350866
 5693  22772.00       21.1177    -85.4731658283    -85.4634686932    0.263872
 5694  22776.00      -31.8235    -85.4684708832    -85.4594218559    0.246237
 5695  22780.00       31.4638    -85.4751189601    -85.4640599015    0.300932
 5696  22784.00      -31.2985    -85.4858333856    -85.4733192486    0.340527
 5697  22788.00       21.0030    -85.4824546336    -85.4708396231    0.316061
 5698  22792.00       20.9584    -85.4730819109    -85.4635379362    0.259705
 5699  22796.00      -26.3634    -85.4788703688    -85.4708430593    0.218434
 5700  22800.00       34.3039    -85.4750488665    -85.4667152740    0.226769
 5701  22804.00      -35.1790    -85.4682266464    -85.4586455859    0.260714
 5702  22808.00      -37.3226    -85.4701991295    -85.4594287852    0.293076
 5703  22812.00       32.8770    -85.4725096866    -85.4626058582    0.269497
 5704  22816.00      -33.4158    -85.4727634081    -85.4641478576    0.234441
 5705  22820.00      -44.3510    -85.4753911047    -85.4650748087    0.280721
 5706  22824.00      -49.7930    -85.4789222215    -85.4668655241    0.328079
 5707  22828.00       50.0643    -85.4783419314    -85.4670198433    0.308090
 5708  22832.00       48.4483    -85.4793011807    -85.4712548199    0.218953
 5709  22836.00       49.0192    -85.4794172017    -85.4736609080    0.156637
 5710  22840.00      -51.4243    -85.4769827028    -85.4711727827    0.158096
 5711  22844.00       48.8761    -85.4827443925    -85.4754329237    0.198955
 5712  22848.00       47.0407    -85.4843816343    -85.4753412135    0.246002
 5713  22852.00       47.2736    -85.4755815090    -85.4670740134    0.231501
 5714  22856.00       48.9856    -85.4709707857    -85.4637988423    0.195159
 5715  22860.00      -48.7716    -85.4794450532    -85.4729749405    0.176061
 5716  22864.00      -51.6010    -85.4832756291    -85.4759495241    0.199353
 5717  22868.00       47.7956    -85.4786194578    -85.4694305942    0.250042
 5718  22872.00      -47.7811    -85.4846356658    -85.4736937185    0.297746
 5719  22876.00       47.4956    -85.4894627319    -85.4786074134    0.295388
 5720  22880.00      -46.1248    -85.4845242890    -85.4744310157    0.274652
 5721  22884.00       49.1432    -85.4733555111    -85.4633573730    0.272063
 5722  22888.00       48.7843    -85.4731097830    -85.4633846269    0.264635
 5723  22892.00       48.3340    -85.4883986398    -85.4795513666    0.240747
 5724  22896.00      -52.0295    -85.4861313694    -85.4769539804    0.249729
 5725  22900.00      -49.0584    -85.4815128320    -85.4720665231    0.257047
 5726  22904.00      -55.4657    -85.4811460620    -85.4719306863    0.250763
 5727  22908.00       58.7395    -85.4782924889    -85.4696077744    0.236323
 5728  22912.00       55.4729    -85.4830774019    -85.4752164632    0.213907
 5729  22916.00       53.2388    -85.4772793363    -85.4680889471    0.250083
 5730  22920.00       49.9534    -85.4782321690    -85.4674702157    0.292848
 5731  22924.00       46.1306    -85.4736183893    -85.4625413103    0.301423
 5732  22928.00      -45.8396    -85.4854057077    -85.4753591517    0.273381
 5733  22932.00      -47.1347    -85.4881550140    -85.4802208134    0.215901
 5734  22936.00       42.9586    -85.4682443913    -85.4604538494    0.211991
 5735  22940.00      -44.9112    -85.4790485073    -85.4679228926    0.302743
 5736  22944.00      -54.4875    -85.4771805086    -85.4626876967    0.394369
 5737  22948.00       57.6069    -85.4827628542    -85.4682064058    0.396101
 5738  22952.00       60.7397    -85.4906807810    -85.4793391524    0.308621
 5739  22956.00      -58.0192    -85.4816736319    -85.4733518526    0.226447
 5740  22960.00       59.9982    -85.4816079250    -85.4726833800    0.242849
 5741  22964.00      -60.2270    -85.4770952858    -85.4651359999    0.325429
 5742  22968.00      -59.6005    -85.4827449169    -85.4702713376    0.339423
 5743  22972.00      -63.8592    -85.4869911882    -85.4775415583    0.257138
 5744  22976.00       68.3528    -85.4828890142    -85.4765776613    0.171741
 5745  22980.00       70.4987    -85.4819917297    -85.4753841973    0.179800
 5746  22984.00      -68.8333    -85.4856514103    -85.4757058889    0.270631
 5747  22988.00      -68.0238    -85.4937314479    -85.4807655831    0.352819
 5748  22992.00       65.7375    -85.4813636369    -85.4694784227    0.323413
 5749  22996.00       70.5646    -85.4715144305    -85.4633490159    0.222192
 5750  23000.00      -72.3667    -85.4747022683    -85.4679364414    0.184108
 5751  23004.00      -67.5411    -85.4790590034    -85.4699953185    0.246635
 5752  23008.00       61.1041    -85.4924159156    -85.4800240301    0.337200
 5753  23012.00      -60.0187    -85.4871199734    -85.4746879758    0.338292
 5754  23016.00      -59.6103    -85.4812296020    -85.4729931422    0.224125
 5755  23020.00       66.6868    -85.4815134458    -85.4760661726    0.148228
 5756  23024.00       71.6723    -85.4910094700    -85.4844359741    0.178874
 5757  23028.00       70.5759    -85.4932316892    -85.4831185505    0.275193
 5758  23032.00       68.2786    -85.4788606916    -85.4672648497    0.315539
 5759  23036.00       70.7311    -85.4821575407    -85.4723835328    0.265964
 5760  23040.00       70.3668    -85.4746735119    -85.4681359021    0.177897
 5761  23044.00       73.7537    -85.4770986340    -85.4704376230    0.181255
 5762  23048.00      -72.0441    -85.4854071886    -85.4764383096    0.244056
 5763  23052.00      -69.5883    -85.4856347784    -85.4757150752    0.269929
 5764  23056.00      -72.7784    -85.4819140324    -85.4733863622    0.232050
 5765  23060.00       71.5538    -85.4825313958    -85.4762360319    0.171306
 5766  23064.00      -70.3955    -85.4858535847    -85.4791676891    0.181932
 5767  23068.00       67.7334    -85.4793414841    -85.4686912311    0.289808
 5768  23072.00      -60.3808    -85.4837694218    -85.4692092492    0.396202
 5769  23076.00      -61.0512    -85.4798832518    -85.4659626602    0.378799
 5770  23080.00      -62.6202    -85.4794165483    -85.4691299322    0.279913
 5771  23084.00      -64.4012    -85.4975866567    -85.4900451931    0.205214
 5772  23088.00       67.6496    -85.4897866938    -85.4826485363    0.194239
 5773  23092.00      -64.1991    -85.4770712473    -85.4695654351    0.204244
 5774  23096.00       63.2047    -85.4839413854    -85.4761625145    0.211674
 5775  23100.00      -63.4635    -85.4840802913    -85.4768029351    0.198027
 5776  23104.00      -62.2900    -85.4856345686    -85.4783638817    0.197845
 5777  23108.00       59.4595    -85.4821465886    -85.4738077259    0.226912
 5778  23112.00       58.0909    -85.4766633699    -85.4663017709    0.281953
 5779  23116.00       53.2028    -85.4881650902    -85.4766315217    0.313844
 5780  23120.00       54.3136    -85.4928705471    -85.4814082282    0.311906
 5781  23124.00       54.9949    -85.4830955127    -85.4716951302    0.310220
 5782  23128.00      -55.9065    -85.4851528772    -85.4738846100    0.306625
 5783  23132.00      -56.0893    -85.4813591229    -85.4708726105    0.285353
 5784  23136.00       54.4199    -85.4764098022    -85.4673581476    0.246308
 5785  23140.00       51.7167    -85.4911853322    -85.4821175888    0.246746
 5786  23144.00      -48.2375    -85.4993073454    -85.4890609446    0.278819
 5787  23148.00       39.9816    -85.4944316586    -85.4838458124    0.288056
 5788  23152.00      -37.1296    -85.4803609899    -85.4695705337    0.293623
 5789  23156.00       36.5304    -85.4772611481    -85.4664159591    0.295113
 5790  23160.00       41.7220    -85.4886190680    -85.4777603430    0.295481
 5791  23164.00           nan               nan               nan         nan
 5792  23168.00      -45.5614    -85.4843299709    -85.4738232687    0.285902
 5793  23172.00      -49.3740    -85.4723688599    -85.4634782369    0.241926
 5794  23176.00       50.8991    -85.4650560437    -85.4579575518    0.193160
 5795  23180.00      -42.5010    -85.4726758311    -85.4657985495    0.187140
 5796  23184.00      -44.4301    -85.4829645656    -85.4731662765    0.266625
 5797  23188.00       38.6868    -85.4873385582    -85.4728959340    0.393004
 5798  23192.00       38.1913    -85.4757842728    -85.4588745441    0.460137
 5799  23196.00       39.5122    -85.4695470929    -85.4549547933    0.397077
 5800  23200.00       42.3893    -85.4684455932    -85.4572560006    0.304484
 5801  23204.00      -40.3056    -85.4806091591    -85.4709114997    0.263887
 5802  23208.00      -39.8334    -85.4954420365    -85.4851352221    0.280463
 5803  23212.00       43.5508    -85.4821035460    -85.4711378285    0.298392
 5804  23216.00       49.3020    -85.4723265784    -85.4632019662    0.248293
 5805  23220.00      -52.4524    -85.4661139711    -85.4599667277    0.167275
 5806  23224.00      -53.6421    -85.4773846947    -85.4722283920    0.140310
 5807  23228.00       50.5652    -85.4822431452    -85.4760080687    0.169665
 5808  23232.00      -47.0600    -85.4629584344    -85.4534469493    0.258821
 5809  23236.00       47.5104    -85.4674696424    -85.4561212216    0.308806
 5810  23240.00       47.6738    -85.4726493445    -85.4628906104    0.265549
 5811  23244.00       51.4656    -85.4773591227    -85.4704108365    0.189072
 5812  23248.00      -53.1342    -85.4852835304    -85.4795059938    0.157215
 5813  23252.00       53.0187    -85.4713498410    -85.4642375546    0.193535
 5814  23256.00      -60.6552    -85.4715135378    -85.4617834161    0.264770
 5815  23260.00       61.7306    -85.4732031404    -85.4624454984    0.292730
 5816  23264.00       68.6345    -85.4783207377    -85.4683356887    0.271707
 5817  23268.00       78.4370    -85.4824727579    -85.4743467659    0.221120
 5818  23272.00       80.8397    -85.4654955897    -85.4581871390    0.198873
 5819  23276.00       84.4712    -85.4720252571    -85.4643339176    0.209292
 5820  23280.00       84.1821    -85.4754452762    -85.4677196258    0.210226
 5821  23284.00      -80.2292    -85.4782639058    -85.4717105202    0.178327
 5822  23288.00       76.5432    -85.4800276984    -85.4743333592    0.154951
 5823  23292.00      -76.6732    -85.4702314045    -85.4645391733    0.154893
 5824  23296.00      -84.0143    -85.4695190627    -85.4630192686    0.176868
 5825  23300.00      -86.9832    -85.4621571591    -85.4542501808    0.215160
 5826  23304.00      -84.9916    -85.4773749371    -85.4686484260    0.237460
 5827  23308.00      -86.9759    -85.4730447087    -85.4654073701    0.207823
 5828  23312.00      -92.0994    -85.4697943077    -85.4628353604    0.189363
 5829  23316.00      -98.9059    -85.4806596880    -85.4732196272    0.202454
 5830  23320.00     -102.1518    -85.4737483209    -85.4651222558    0.234727
 5831  23324.00      -99.8564    -85.4802334309    -85.4701502310    0.274378
 5832  23328.00      -95.2046    -85.4729918861    -85.4627481220    0.278747
 5833  23332.00       98.9339    -85.4732414842    -85.4641772139    0.246651
 5834  23336.00     -106.6374    -85.4728525243    -85.4646096117    0.224301
 5835  23340.00     -113.9615    -85.4795270112    -85.4709546535    0.233266
 5836  23344.00      116.3610    -85.4827618709    -85.4737471038    0.245304
 5837  23348.00      116.4479    -85.4648654328    -85.4552023777    0.262945
 5838  23352.00     -119.2026    -85.4688398491    -85.4588479049    0.271895
 5839  23356.00     -123.6716    -85.4677123020    -85.4576597632    0.273544
 5840  23360.00      121.8191    -85.4656204853    -85.4558865030    0.264875
 5841  23364.00      116.6716    -85.4680810139    -85.4587998376    0.252554
 5842  23368.00     -111.0527    -85.4709687040    -85.4622222419    0.238003
 5843  23372.00      113.1245    -85.4765739056    -85.4679041932    0.235915
 5844  23376.00           nan               nan               nan         nan
 5845  23380.00           nan               nan               nan         nan
 5846  23384.00     -102.9713    -85.4798700026    -85.4680593321    0.321385
 5847  23388.00      -99.7819    -85.4761516791    -85.4640603179    0.329023
 5848  23392.00     -105.9496    -85.4767102424    -85.4663792896    0.281120
 5849  23396.00     -115.1556    -85.4678089828    -85.4588761572    0.243075
 5850  23400.00     -117.8088    -85.4781927666    -85.4694820671    0.237030
 5851  23404.00     -110.5775    -85.4824618123    -85.4741082103    0.227313
 5852  23408.00      100.3437    -85.4786629631    -85.4694750588    0.250016
 5853  23412.00       96.8022    -85.4814194075    -85.4710741643    0.281508
 5854  23416.00      -98.3479    -85.4753940601    -85.4651752766    0.278067
 5855  23420.00       94.3688    -85.4861599850    -85.4773591395    0.239483
 5856  23424.00      -90.9408    -85.4800296412    -85.4726230967    0.201542
 5857  23428.00       82.5119    -85.4651579490    -85.4583766226    0.184529
 5858  23432.00      -79.4251    -85.4685813561    -85.4612546783    0.199369
 5859  23436.00      -81.1942    -85.4776793673    -85.4684890497    0.250081
 5860  23440.00       81.5084    -85.4808853802    -85.4694015141    0.312492
 5861  23444.00       78.0138    -85.4790717869    -85.4674038669    0.317500
 5862  23448.00       73.7128    -85.4822628775    -85.4722916246    0.271332
 5863  23452.00       72.4800    -85.4804251452    -85.4718155479    0.234279
 5864  23456.00      -70.1704    -85.4747013458    -85.4660096745    0.236512
 5865  23460.00       66.1911    -85.4818133226    -85.4721889500    0.261893
 5866  23464.00      -56.2189    -85.4906373040    -85.4805241047    0.275194
 5867  23468.00      -50.8686    -85.4797016254    -85.4702868414    0.256189
 5868  23472.00      -54.7816    -85.4651359779    -85.4567510485    0.228166
 5869  23476.00       54.6434    -85.4796512060    -85.4711932535    0.230153
 5870  23480.00       57.4185    -85.4893145275    -85.4807200580    0.233867
 5871  23484.00       53.5923    -85.4844682679    -85.4769341111    0.205015
 5872  23488.00      -47.8261    -85.4763533907    -85.4698708460    0.176399
 5873  23492.00       49.5467    -85.4685917696    -85.4625246568    0.165095
 5874  23496.00      -49.1789    -85.4776433356    -85.4696565038    0.217333
 5875  23500.00       45.9997    -85.4833599945    -85.4713341533    0.327240
 5876  23504.00       43.1508    -85.4781028465    -85.4636391871    0.393576
 5877  23508.00      -36.8393    -85.4711144988    -85.4583435736    0.347515
 5878  23512.00      -37.7141    -85.4787264806    -85.4709447618    0.211751
 5879  23516.00       41.4384    -85.4800389607    -85.4752372517    0.130661
 5880  23520.00       38.7609    -85.4852216640    -85.4794726155    0.156440
 5881  23524.00       34.8470    -85.4868443035    -85.4773412867    0.258590
 5882  23528.00      -21.2342    -85.4758966315    -85.4630052922    0.350791
 5883  23532.00      -29.6847    -85.4780729660    -85.4663989142    0.317667
 5884  23536.00      -36.7243    -85.4715804115    -85.4647430427    0.186054
 5885  23540.00      -38.7922    -85.4747107591    -85.4704772054    0.115201
 5886  23544.00       37.3137    -85.4820718751    -85.4771093699    0.135037
 5887  23548.00      -35.4988    -85.4722228200    -85.4642693851    0.216424
 5888  23552.00       31.2419    -85.4702613706    -85.4600472405    0.277941
 5889  23556.00      -34.5428    -85.4747806447    -85.4651650711    0.261653
 5890  23560.00       36.0789    -85.4770157276    -85.4696796334    0.199625
 5891  23564.00      -34.0544    -85.4724497555    -85.4654035226    0.191738
 5892  23568.00       34.2987    -85.4729542692    -85.4645805588    0.227860
 5893  23572.00       30.1847    -85.4828101805    -85.4740139524    0.239358
 5894  23576.00       34.0540    -85.4758835575    -85.4681941698    0.209239
 5895  23580.00      -34.2552    -85.4759305220    -85.4696991365    0.169565
 5896  23584.00       29.9356    -85.4738914336    -85.4667378642    0.194659
 5897  23588.00       32.2509    -85.4738324729    -85.4647677607    0.246663
 5898  23592.00       31.6536    -85.4805423543    -85.4707702644    0.265912
 5899  23596.00       35.0387    -85.4815328610    -85.4719833804    0.259855
 5900  23600.00      -42.1520    -85.4882064381    -85.4801187668    0.220077
 5901  23604.00       29.7812    -85.4903022730    -85.4838540885    0.175464
 5902  23608.00       32.4040    -85.4833195192    -85.4757039376    0.207231
 5903  23612.00       38.9749    -85.4710483861    -85.4610950786    0.270843
 5904  23616.00      -41.0424    -85.4658182786    -85.4552016282    0.288894
 5905  23620.00       50.9170    -85.4767935887    -85.4666836140    0.275106
 5906  23624.00      -46.8179    -85.4796870792    -85.4692219758    0.284770
 5907  23628.00       44.2438    -85.4827753298    -85.4702995345    0.339484
 5908  23632.00       43.9339    -85.4880287261    -85.4738414467    0.386056
 5909  23636.00      -48.4766    -85.4856157895    -85.4719740164    0.371212
 5910  23640.00       49.6468    -85.4791076676    -85.4676068435    0.312953
 5911  23644.00       51.7366    -85.4742614968    -85.4633574297    0.296715
 5912  23648.00       39.2662    -85.4847609250    -85.4726405569    0.329812
 5913  23652.00       45.9480    -85.4831299125    -85.4691520418    0.380357
 5914  23656.00      -54.5321    -85.4845994502    -85.4698055113    0.402564
 5915  23660.00       57.1861    -85.4794564893    -85.4654432558    0.381320
 5916  23664.00       59.4459    -85.4753556684    -85.4626740568    0.345084
 5917  23668.00       56.1302    -85.4781988791    -85.4660376718    0.330923
 5918  23672.00       56.7594    -85.4822102266    -85.4692830721    0.351766
 5919  23676.00       55.0523    -85.4901548847    -85.4763136977    0.376638
 5920  23680.00       61.0249    -85.4784948779    -85.4641715205    0.389758
 5921  23684.00       57.2216    -85.4756877808    -85.4610473211    0.398387
 5922  23688.00      -64.7787    -85.4755315091    -85.4597497050    0.429445
 5923  23692.00      -66.9361    -85.4883343081    -85.4726692810    0.426267
 5924  23696.00       71.9868    -85.4959081069    -85.4811570372    0.401397
 5925  23700.00       73.7976    -85.4834612697    -85.4688862680    0.396606
 5926  23704.00       67.2331    -85.4791971994    -85.4636344694    0.423483
 5927  23708.00      -67.8565    -85.4805732685    -85.4634534865    0.465853
 5928  23712.00       69.5824    -85.4936050927    -85.4763592497    0.469283
 5929  23716.00       71.4797    -85.4844036606    -85.4692178431    0.413227
 5930  23720.00       70.1186    -85.4734667873    -85.4605131005    0.352488
 5931  23724.00      -62.3038    -85.4787526343    -85.4666139350    0.330311
 5932  23728.00      -60.0192    -85.4898493563    -85.4772499019    0.342849
 5933  23732.00       62.8395    -85.4957666206    -85.4821291383    0.371095
 5934  23736.00      -64.8561    -85.4883468302    -85.4747542320    0.369873
 5935  23740.00      -64.0300    -85.4861436555    -85.4740066500    0.330265
 5936  23744.00       59.2166    -85.4815673771    -85.4686280533    0.352097
 5937  23748.00       55.9704    -85.4770184787    -85.4619516949    0.409988
 5938  23752.00       57.9543    -85.4858610420    -85.4692812806    0.451158
 5939  23756.00      -60.5860    -85.4778014185    -85.4615941181    0.441023
 5940  23760.00      -62.7943    -85.4860382100    -85.4717689989    0.388285
 5941  23764.00       63.2935    -85.4907537858    -85.4779662597    0.347966
 5942  23768.00       63.9685    -85.4826499008    -85.4688029325    0.376795
 5943  23772.00      -68.5222    -85.4832843805    -85.4669030035    0.445760
 5944  23776.00      -71.0995    -85.4775803010    -85.4599778369    0.478987
 5945  23780.00      -68.0240    -85.4854765748    -85.4702319423    0.414828
 5946  23784.00      -66.5444    -85.4830915292    -85.4713471416    0.319581
 5947  23788.00       68.6306    -85.4765246678    -85.4664103073    0.275226
 5948  23792.00      -71.9041    -85.4790698397    -85.4680069571    0.301036
 5949  23796.00      -70.6159    -85.4690114054    -85.4562458710    0.347368
 5950  23800.00      -64.8290    -85.4750628346    -85.4615669591    0.367241
 5951  23804.00      -63.5805    -85.4847326746    -85.4721923537    0.341240
 5952  23808.00       69.4912    -85.4801370302    -85.4693726976    0.292912
 5953  23812.00       65.0071    -85.4726502236    -85.4631952984    0.257282
 5954  23816.00       64.8328    -85.4778476641    -85.4680387636    0.266914
 5955  23820.00      -61.0405    -85.4828940092    -85.4717126366    0.304261
 5956  23824.00      -52.7013    -85.4873579733    -85.4750916909    0.333783
 5957  23828.00      -61.2133    -85.4901258461    -85.4772989913    0.349036
 5958  23832.00       61.7908    -85.4724710649    -85.4593749489    0.356363
 5959  23836.00      -64.4034    -85.4713404045    -85.4581683767    0.358429
 5960  23840.00      -66.3820    -85.4729012235    -85.4599427106    0.352619
 5961  23844.00       61.5023    -85.4720118866    -85.4601139665    0.323759
 5962  23848.00       61.9260    -85.4682967571    -85.4581698357    0.275568
 5963  23852.00      -68.5953    -85.4728395462    -85.4623782906    0.284665
 5964  23856.00      -64.1603    -85.4814088811    -85.4708539537    0.287214
 5965  23860.00       61.3505    -85.4798105641    -85.4690475706    0.292876
 5966  23864.00       55.3158    -85.4855420922    -85.4746980458    0.295082
 5967  23868.00       57.1016    -85.4813046026    -85.4703289029    0.298664
 5968  23872.00       58.0544    -85.4797480944    -85.4680531299    0.318236
 5969  23876.00       56.3323    -85.4696069677    -85.4572673760    0.335777
 5970  23880.00      -57.1055    -85.4710327384    -85.4584028557    0.343677
 5971  23884.00      -60.5945    -85.4834425616    -85.4713607265    0.328763
 5972  23888.00       53.6266    -85.4713701396    -85.4602006056    0.303939
 5973  23892.00       58.9735    -85.4749883975    -85.4629707344    0.327017
 5974  23896.00       61.6844    -85.4777462963    -85.4639306862    0.375942
 5975  23900.00       61.3026    -85.4740933782    -85.4601428823    0.379612
 5976  23904.00       69.2875    -85.4801889122    -85.4673501717    0.349360
 5977  23908.00      -69.9948    -85.4674871050    -85.4551603831    0.335427
 5978  23912.00      -76.2477    -85.4698405578    -85.4567513829    0.356175
 5979  23916.00      -79.8828    -85.4770707153    -85.4636239270    0.365906
 5980  23920.00       84.6808    -85.4833297644    -85.4699109584    0.365144
 5981  23924.00       84.4385    -85.4794890894    -85.4674650412    0.327191
 5982  23928.00       86.5202    -85.4634499735    -85.4518486808    0.315687
 5983  23932.00      -85.9039    -85.4685733281    -85.4559033427    0.344768
 5984  23936.00       86.2010    -85.4729906067    -85.4578239924    0.412705
 5985  23940.00       84.8661    -85.4829156924    -85.4658796652    0.463574
 5986  23944.00       84.5092    -85.4659674030    -85.4501038313    0.431670
 5987  23948.00       87.6653    -85.4652341897    -85.4514996388    0.373736
 5988  23952.00      -91.1125    -85.4730508310    -85.4603629722    0.345254
 5989  23956.00       94.7043    -85.4760879772    -85.4638422585    0.333223
 5990  23960.00      -98.8824    -85.4946241478    -85.4818437347    0.347773
 5991  23964.00     -100.5801    -85.4832194357    -85.4696979026    0.367940
 5992  23968.00     -101.3355    -85.4648302553    -85.4504063143    0.392495
 5993  23972.00      -99.0507    -85.4743573132    -85.4591488963    0.413842
 5994  23976.00       98.2865    -85.4807932923    -85.4661172966    0.399354
 5995  23980.00       99.2031    -85.4697815906    -85.4570466497    0.346535
 5996  23984.00      101.2856    -85.4697531495    -85.4594675499    0.279885
 5997  23988.00      104.0965    -85.4756780956    -85.4659241097    0.265419
 5998  23992.00      102.0538    -85.4751186583    -85.4645031116    0.288864
 5999  23996.00       99.6428    -85.4827890757    -85.4702029806    0.342485
 6000  24000.00      -97.0355    -85.4803866302    -85.4667757935    0.370370
 6001  24004.00      -94.8635    -85.4696522277    -85.4579961433    0.317178
 6002  24008.00      -90.4135    -85.4676427763    -85.4586993015    0.243364
 6003  24012.00      -86.7911    -85.4672214035    -85.4584390522    0.238980
 6004  24016.00      -81.0567    -85.4842898390    -85.4732038773    0.301664
 6005  24020.00       79.2511    -85.4756238568    -85.4627091829    0.351426
 6006  24024.00       79.6349    -85.4705705759    -85.4587879288    0.320622
 6007  24028.00      -76.7341    -85.4730257023    -85.4638178152    0.250559
 6008  24032.00       76.4797    -85.4633252972    -85.4550923212    0.224031
 6009  24036.00       74.7789    -85.4789009630    -85.4690464356    0.268155
 6010  24040.00       77.5712    -85.4845811082    -85.4722117089    0.336588
 6011  24044.00      -74.7437    -85.4789866305    -85.4676459044    0.308597
 6012  24048.00       77.8621    -85.4735460037    -85.4649099894    0.234998
 6013  24052.00       76.8528    -85.4735986660    -85.4658217729    0.211620
 6014  24056.00       73.4498    -85.4847827638    -85.4748618102    0.269963
 6015  24060.00      -67.5151    -85.4806525362    -85.4682815169    0.336633
 6016  24064.00       67.5714    -85.4778995062    -85.4655929236    0.334879
 6017  24068.00       69.9520    -85.4685346316    -85.4596940568    0.240564
 6018  24072.00      -70.1404    -85.4626354177    -85.4564024709    0.169607
 6019  24076.00      -66.8604    -85.4763723941    -85.4688055778    0.205904
 6020  24080.00      -62.2216    -85.4800542835    -85.4683585631    0.318257
 6021  24084.00      -59.1243    -85.4771701532    -85.4627363012    0.392765
 6022  24088.00       54.8794    -85.4652247050    -85.4523536045    0.350240
 6023  24092.00      -57.1858    -85.4717058123    -85.4630025030    0.236829
 6024  24096.00       51.5631    -85.4762650181    -85.4697645246    0.176887
 6025  24100.00       48.7579    -85.4744741123    -85.4670518615    0.201970
 6026  24104.00      -46.6427    -85.4742903817    -85.4654552080    0.240417
 6027  24108.00       48.1267    -85.4550158595    -85.4460705761    0.243414
 6028  24112.00       47.4019    -85.4500767062    -85.4424034100    0.208801
 6029  24116.00      -52.5871    -85.4775068472    -85.4693726501    0.221343
 6030  24120.00       49.8732    -85.4904128840    -85.4804848932    0.270154
 6031  24124.00      -51.0393    -85.4814185593    -85.4708470107    0.287666
 6032  24128.00       52.0636    -85.4620838549    -85.4535587518    0.231980
 6033  24132.00      -56.8984    -85.4571663341    -85.4510564379    0.166259
 6034  24136.00       51.0935    -85.4723727990    -85.4663667888    0.163432
 6035  24140.00      -47.7525    -85.4775883543    -85.4686491633    0.243248
 6036  24144.00       46.7436    -85.4711451220    -85.4602878321    0.295442
 6037  24148.00       47.0709    -85.4731628292    -85.4633715110    0.266435
 6038  24152.00       48.8150    -85.4672719725    -85.4604937179    0.184446
 6039  24156.00      -48.6026    -85.4698343705    -85.4644502958    0.146508
 6040  24160.00       47.1711    -85.4854764982    -85.4793526154    0.166639
 6041  24164.00       45.1345    -85.4686806810    -85.4611242396    0.205621
 6042  24168.00       45.5764    -85.4620040283    -85.4549192002    0.192788
 6043  24172.00       47.6591    -85.4702266025    -85.4638847409    0.172571
 6044  24176.00       51.4058    -85.4696226506    -85.4632169543    0.174308
 6045  24180.00      -52.0634    -85.4684651887    -85.4611009435    0.200391
 6046  24184.00       53.4502    -85.4645572495    -85.4564580917    0.220389
 6047  24188.00       55.0634    -85.4687273542    -85.4615535762    0.195208
 6048  24192.00       58.2103    -85.4743357512    -85.4684355939    0.160551
 6049  24196.00       59.6426    -85.4757961238    -85.4696841624    0.166315
 6050  24200.00      -57.1313    -85.4750088553    -85.4665091542    0.231289
 6051  24204.00       53.6282    -85.4619691451    -85.4516473488    0.280870
 6052  24208.00       55.8041    -85.4688284502    -85.4596500800    0.249756
 6053  24212.00       58.1967    -85.4793163917    -85.4725793976    0.183323
 6054  24216.00       55.5874    -85.4827471285    -85.4763317020    0.174573
 6055  24220.00      -54.2974    -85.4785494691    -85.4692538215    0.252947
 6056  24224.00       54.3636    -85.4785330112    -85.4666921990    0.322205
 6057  24228.00       55.2115    -85.4916499397    -85.4818325900    0.267144
 6058  24232.00       58.5253    -85.4741547329    -85.4679604905    0.168554
 6059  24236.00      -61.9558    -85.4698494124    -85.4648263939    0.136683
 6060  24240.00      -60.6264    -85.4726014204    -85.4663514388    0.170071
 6061  24244.00       56.5354    -85.4661396869    -85.4565854785    0.259983
 6062  24248.00      -53.9935    -85.4769412159    -85.4666942204    0.278835
 6063  24252.00      -50.3623    -85.4809155654    -85.4725822954    0.226760
 6064  24256.00      -51.6130    -85.4822541285    -85.4742134371    0.218798
 6065  24260.00      -52.3359    -85.4848547718    -85.4750110480    0.267861
 6066  24264.00      -54.3275    -85.4769914527    -85.4655600992    0.311063
 6067  24268.00      -60.0975    -85.4702328024    -85.4601419699    0.274586
 6068  24272.00      -62.0146    -85.4700867254    -85.4632633369    0.185674
 6069  24276.00       60.8192    -85.4808330470    -85.4750082158    0.158502
 6070  24280.00      -59.0134    -85.4790731942    -85.4704398176    0.234926
 6071  24284.00       57.2020    -85.4744881249    -85.4616966811    0.348073
 6072  24288.00      -55.0719    -85.4834128107    -85.4702142695    0.359151
 6073  24292.00       54.6939    -85.4776768964    -85.4676757478    0.272145
 6074  24296.00       53.4747    -85.4699717165    -85.4627300635    0.197055
 6075  24300.00       52.8996    -85.4725345973    -85.4646415546    0.214781
 6076  24304.00      -50.9857    -85.4787377920    -85.4678661416    0.295833
 6077  24308.00       52.6494    -85.4668030447    -85.4553892660    0.310585
 6078  24312.00       52.9818    -85.4634286982    -85.4543288855    0.247619
 6079  24316.00      -52.6670    -85.4745790296    -85.4680096864    0.178761
 6080  24320.00       53.6353    -85.4822898214    -85.4756041614    0.181926
 6081  24324.00      -59.0713    -85.4670314142    -85.4581243150    0.242375
 6082  24328.00      -59.4567    -85.4674260842    -85.4566542883    0.293115
 6083  24332.00       54.3159    -85.4839534691    -85.4727520095    0.304807
 6084  24336.00      -55.4710    -85.4735469321    -85.4626648726    0.296116
 6085  24340.00       59.8578    -85.4648006553    -85.4545801407    0.278114
 6086  24344.00       65.8160    -85.4644996675    -85.4536362868    0.295608
 6087  24348.00       72.3624    -85.4718330909    -85.4618758335    0.270951
 6088  24352.00      -74.7514    -85.4764463396    -85.4686892724    0.211081
 6089  24356.00       68.7487    -85.4742126478    -85.4678387807    0.173442
 6090  24360.00      -63.0059    -85.4747111839    -85.4674607164    0.197295
 6091  24364.00       61.1301    -85.4569436481    -85.4465409380    0.283072
 6092  24368.00      -61.7550    -85.4575463274    -85.4463875053    0.303647
 6093  24372.00      -62.1026    -85.4759885891    -85.4670535459    0.243135
 6094  24376.00      -69.1995    -85.4688032100    -85.4624583882    0.172651
 6095  24380.00       73.8691    -85.4642044120    -85.4584164797    0.157498
 6096  24384.00       71.1906    -85.4625237191    -85.4562756576    0.170018
 6097  24388.00      -65.8932    -85.4619919006    -85.4544460508    0.205333
 6098  24392.00      -62.0029    -85.4723945839    -85.4641354049    0.224744
 6099  24396.00       59.4187    -85.4760192234    -85.4689951207    0.191136
 6100  24400.00      -60.5725    -85.4682803692    -85.4620154774    0.170476
 6101  24404.00      -63.2164    -85.4692661543    -85.4623716987    0.187608
 6102  24408.00       62.5545    -85.4766907832    -85.4693179780    0.200624
 6103  24412.00       61.0873    -85.4839069220    -85.4765250400    0.200871
 6104  24416.00       62.7798    -85.4713966095    -85.4643181130    0.192616
 6105  24420.00           nan               nan               nan         nan
 6106  24424.00      -68.2976    -85.4634027678    -85.4561025586    0.198649
 6107  24428.00      -68.2355    -85.4607446211    -85.4536606899    0.192764
 6108  24432.00       66.9599    -85.4707905014    -85.4646908026    0.165981
 6109  24436.00      -63.2451    -85.4756787722    -85.4699722588    0.155282
 6110  24440.00      -63.7913    -85.4671548666    -85.4602179288    0.188764
 6111  24444.00       61.7452    -85.4699338809    -85.4614421733    0.231071
 6112  24448.00      -54.0668    -85.4773238794    -85.4684880043    0.240436
 6113  24452.00       54.9503    -85.4698160666    -85.4611381674    0.236138
 6114  24456.00       54.4998    -85.4688840894    -85.4618805530    0.190576
 6115  24460.00       56.9031    -85.4808444492    -85.4754067153    0.147968
 6116  24464.00      -59.2780    -85.4794176866    -85.4741096895    0.144438
 6117  24468.00       54.8632    -85.4720583331    -85.4665652075    0.149476
 6118  24472.00      -52.1408    -85.4710603705    -85.4646455199    0.174557
 6119  24476.00       50.0707    -85.4735801477    -85.4658480672    0.210401
 6120  24480.00       49.8242    -85.4692993734    -85.4598246174    0.257821
 6121  24484.00       48.1606    -85.4739762814    -85.4642597835    0.264399
 6122  24488.00      -53.7679    -85.4772921491    -85.4695188133    0.211523
 6123  24492.00       56.9200    -85.4688797376    -85.4635583989    0.144801
 6124  24496.00       64.6096    -85.4563011451    -85.4514588605    0.131765
 6125  24500.00      -66.8096    -85.4688706127    -85.4623557688    0.177278
 6126  24504.00       66.6188    -85.4796891708    -85.4692451789    0.284195
 6127  24508.00      -69.7325    -85.4821759946    -85.4700206830    0.330763
 6128  24512.00       70.3738    -85.4764583167    -85.4669829913    0.257837
 6129  24516.00      -75.0639    -85.4678476884    -85.4612034872    0.180798
 6130  24520.00      -75.6430    -85.4600941698    -85.4543159164    0.157234
 6131  24524.00      -67.7276    -85.4596705980    -85.4531424518    0.177640
 6132  24528.00       65.7976    -85.4801510736    -85.4707737747    0.255169
 6133  24532.00      -65.9673    -85.4794977611    -85.4692228891    0.279594
 6134  24536.00      -68.4197    -85.4745350476    -85.4656638324    0.241398
 6135  24540.00       77.9980    -85.4661110924    -85.4587393339    0.200596
 6136  24544.00       79.7557    -85.4674552580    -85.4600490963    0.201532
 6137  24548.00       80.0567    -85.4780691204    -85.4696440605    0.229258
 6138  24552.00      -79.9892    -85.4778402883    -85.4688544690    0.244517
 6139  24556.00       76.7900    -85.4788805932    -85.4697562770    0.248285
 6140  24560.00       76.7784    -85.4625559891    -85.4531641813    0.255564
 6141  24564.00       72.2337    -85.4635962345    -85.4542335305    0.254772
 6142  24568.00      -72.0238    -85.4807232021    -85.4701283236    0.288301
 6143  24572.00      -77.7060    -85.4796704508    -85.4687097784    0.298255
 6144  24576.00       80.6588    -85.4751961338    -85.4656277301    0.260370
 6145  24580.00       81.3656    -85.4758327064    -85.4673840846    0.229899
 6146  24584.00      -76.7345    -85.4666381139    -85.4582918037    0.227115
 6147  24588.00       68.8659    -85.4656616503    -85.4565326648    0.248412
 6148  24592.00      -71.3377    -85.4898319356    -85.4789122816    0.297139
 6149  24596.00       68.9079    -85.4890123021    -85.4780534865    0.298205
 6150  24600.00       72.0595    -85.4659364832    -85.4565733238    0.254785
 6151  24604.00       67.6598    -85.4575589932    -85.4494924550    0.219502
 6152  24608.00       66.7785    -85.4780200309    -85.4700943413    0.215669
 6153  24612.00       67.7575    -85.4906789216    -85.4821237311    0.232799
 6154  24616.00       68.4965    -85.4755502610    -85.4647293196    0.294453
 6155  24620.00       64.7436    -85.4782840173    -85.4662307211    0.327987
 6156  24624.00      -66.3378    -85.4804160974    -85.4687587416    0.317213
 6157  24628.00      -68.6276    -85.4759487632    -85.4660741041    0.268703
 6158  24632.00       68.6293    -85.4816209944    -85.4728331250    0.239130
 6159  24636.00       66.8892    -85.4769224826    -85.4668291926    0.274652
 6160  24640.00       61.0068    -85.4776218462    -85.4652201698    0.337467
 6161  24644.00       60.2017    -85.4833299058    -85.4697694210    0.369000
 6162  24648.00      -63.7879    -85.4788370811    -85.4664497401    0.337077
 6163  24652.00       66.7055    -85.4735845173    -85.4634532383    0.275686
 6164  24656.00      -71.5679    -85.4783729353    -85.4697870468    0.233634
 6165  24660.00       69.0755    -85.4780892765    -85.4691235010    0.243971
 6166  24664.00      -67.2495    -85.4835053040    -85.4737069373    0.266627
 6167  24668.00       70.1285    -85.4868435888    -85.4766651185    0.276970
 6168  24672.00       66.2253    -85.4835211109    -85.4732098395    0.280584
 6169  24676.00       61.8569    -85.4729344294    -85.4623461683    0.288121
 6170  24680.00      -60.3899    -85.4715044869    -85.4601126892    0.309987
 6171  24684.00      -55.8179    -85.4923477434    -85.4810506948    0.307408
 6172  24688.00      -59.9628    -85.4974009515    -85.4866344679    0.292971
 6173  24692.00       60.9245    -85.4751543205    -85.4647382425    0.283436
 6174  24696.00      -59.8433    -85.4699978321    -85.4591990704    0.293849
 6175  24700.00      -58.8029    -85.4789674431    -85.4666308729    0.335695
 6176  24704.00       57.9972    -85.4782076580    -85.4652723900    0.351987
 6177  24708.00       63.0441    -85.4721646002    -85.4601154195    0.327875
 6178  24712.00       67.2866    -85.4725224678    -85.4615780587    0.297813
 6179  24716.00      -62.9507    -85.4846005041    -85.4752143445    0.255410
 6180  24720.00      -62.9226    -85.4843109355    -85.4745463042    0.265709
 6181  24724.00       62.6791    -85.4881131004    -85.4770777766    0.300286
 6182  24728.00      -66.9704    -85.4767610316    -85.4658517992    0.296855
 6183  24732.00       70.2316    -85.4660291771    -85.4561634221    0.268461
 6184  24736.00      -67.2497    -85.4860857367    -85.4770267323    0.246508
 6185  24740.00       59.3375    -85.4908402910    -85.4819656244    0.241492
 6186  24744.00       60.6484    -85.4728657987    -85.4630001578    0.268458
 6187  24748.00      -58.5751    -85.4784833100    -85.4678095945    0.290447
 6188  24752.00      -60.3694    -85.4864396849    -85.4759287569    0.286017
 6189  24756.00      -58.3347    -85.4734232741    -85.4640498450    0.255064
 6190  24760.00      -54.6475    -85.4720300599    -85.4637107297    0.226381
 6191  24764.00       51.4210    -85.4772188547    -85.4695937964    0.207488
 6192  24768.00      -54.5678    -85.4739229804    -85.4669717199    0.189153
 6193  24772.00       57.0797    -85.4710250000    -85.4644158287    0.179845
 6194  24776.00       63.7043    -85.4770814321    -85.4689120750    0.222300
 6195  24780.00           nan               nan               nan         nan
 6196  24784.00           nan               nan               nan         nan
 6197  24788.00      -76.2475    -85.4637646393    -85.4535458080    0.278069
 6198  24792.00      -75.1014    -85.4799660835    -85.4715934499    0.227831
 6199  24796.00       74.2693    -85.4867836758    -85.4796497087    0.194125
 6200  24800.00      -68.5302    -85.4773803196    -85.4700607852    0.199175
 6201  24804.00      -65.4046    -85.4760415464    -85.4682320412    0.212507
 6202  24808.00       62.5132    -85.4702881890    -85.4625526201    0.210496
 6203  24812.00      -62.7942    -85.4745528237    -85.4665653717    0.217350
 6204  24816.00       65.5147    -85.4858568898    -85.4769640656    0.241986
 6205  24820.00      -73.9102    -85.4755674300    -85.4651231554    0.284203
 6206  24824.00      -72.5211    -85.4688711830    -85.4585622605    0.280520
 6207  24828.00      -71.6402    -85.4792509210    -85.4703305477    0.242736
 6208  24832.00      -65.2254    -85.4786852973    -85.4713375910    0.199941
 6209  24836.00      -63.1054    -85.4641551636    -85.4564596994    0.209404
 6210  24840.00      -66.4016    -85.4736526114    -85.4635313440    0.275414
 6211  24844.00      -69.2695    -85.4843500099    -85.4718086102    0.341269
 6212  24848.00      -71.9912    -85.4799983316    -85.4677973770    0.332005
 6213  24852.00       75.5163    -85.4730610188    -85.4631164955    0.270604
 6214  24856.00      -73.2561    -85.4839906440    -85.4758133080    0.222517
 6215  24860.00      -72.5828    -85.4942965701    -85.4859400439    0.227393
 6216  24864.00      -71.3420    -85.4735923980    -85.4632317432    0.281928
 6217  24868.00       69.0786    -85.4791473569    -85.4682350023    0.296940
 6218  24872.00       74.2616    -85.4798285859    -85.4701981370    0.262058
 6219  24876.00      -80.9873    -85.4670178765    -85.4592053001    0.212591
 6220  24880.00      -80.4221    -85.4760131053    -85.4684987214    0.204477
 6221  24884.00       77.6924    -85.4720710640    -85.4637107904    0.227495
 6222  24888.00      -74.6630    -85.4708142238    -85.4612675476    0.259778
 6223  24892.00       70.5605    -85.4846482903    -85.4748683569    0.266126
 6224  24896.00       73.5873    -85.4913423348    -85.4821444006    0.250289
 6225  24900.00       72.3233    -85.4778350296    -85.4687330324    0.247678
 6226  24904.00       68.0182    -85.4684788270    -85.4589622715    0.258959
 6227  24908.00      -64.1674    -85.4829502429    -85.4731300924    0.267220
 6228  24912.00      -52.9487    -85.4835713142    -85.4739793065    0.261012
 6229  24916.00      -50.6900    -85.4793521393    -85.4699556497    0.255692
 6230  24920.00       53.0188    -85.4729870860    -85.4632775830    0.264209
 6231  24924.00      -51.5457    -85.4699608471    -85.4600719471    0.269091
 6232  24928.00      -47.1921    -85.4807811382    -85.4709576953    0.267309
 6233  24932.00      -42.2134    -85.4862008833    -85.4763173418    0.268945
 6234  24936.00      -39.1507    -85.4898218814    -85.4800576668    0.265698
 6235  24940.00       38.5496    -85.4777230229    -85.4679802237    0.265115
 6236  24944.00      -33.2438    -85.4718642771    -85.4625005329    0.254800
 6237  24948.00       31.4261    -85.4837718570    -85.4740360256    0.264925
 6238  24952.00      -38.6413    -85.4826271739    -85.4726036128    0.272755
 6239  24956.00       45.3647    -85.4768548102    -85.4673158818    0.259567
 6240  24960.00       46.6262    -85.4702511136    -85.4607588902    0.258297
 6241  24964.00       41.6007    -85.4701137986    -85.4603732441    0.265054
 6242  24968.00       36.5679    -85.4732105218    -85.4640869287    0.248266
 6243  24972.00      -30.4215    -85.4773606052    -85.4679846551    0.255133
 6244  24976.00      -25.7416    -85.4856027635    -85.4754457951    0.276385
 6245  24980.00      -29.0151    -85.4808023190    -85.4701752608    0.289177
 6246  24984.00      -24.5018    -85.4761990274    -85.4651835839    0.299745
 6247  24988.00      -22.5717    -85.4823780727    -85.4722070000    0.276769
 6248  24992.00       30.4130    -85.4874116647    -85.4801615898    0.197285
 6249  24996.00       36.2815    -85.4774812338    -85.4707862437    0.182180
 6250  25000.00       41.5173    -85.4783989684    -85.4705898694    0.212496
 6251  25004.00       38.5133    -85.4756123666    -85.4659382800    0.263245
 6252  25008.00       37.2546    -85.4671182203    -85.4554145342    0.318474
 6253  25012.00      -37.7936    -85.4740743384    -85.4631614392    0.296955
 6254  25016.00       40.8992    -85.4841635255    -85.4745696017    0.261064
 6255  25020.00      -44.5947    -85.4745002727    -85.4657056705    0.239313
 6256  25024.00       43.1741    -85.4708100092    -85.4620977590    0.237072
 6257  25028.00       45.6817    -85.4835079767    -85.4745489786    0.243787
 6258  25032.00      -53.6330    -85.4761695442    -85.4679164295    0.224579
 6259  25036.00       59.9118    -85.4657085250    -85.4575400256    0.222276
 6260  25040.00       65.5507    -85.4739372590    -85.4640787802    0.268263
 6261  25044.00       67.1120    -85.4695542656    -85.4585441580    0.299600
 6262  25048.00      -69.3419    -85.4724199518    -85.4616946783    0.291850
 6263  25052.00       70.0662    -85.4825512184    -85.4740748219    0.230654
 6264  25056.00      -75.4502    -85.4795579904    -85.4723584626    0.195909
 6265  25060.00       73.0615    -85.4669180237    -85.4595402559    0.200759
 6266  25064.00      -68.2670    -85.4674767571    -85.4576478139    0.267459
 6267  25068.00       69.2343    -85.4851491318    -85.4727190322    0.338240
 6268  25072.00      -70.9217    -85.4790129757    -85.4673584834    0.317135
 6269  25076.00       76.0550    -85.4756268124    -85.4670742108    0.232728
 6270  25080.00       75.6649    -85.4807526981    -85.4738718893    0.187236
 6271  25084.00           nan               nan               nan         nan
 6272  25088.00       68.3831    -85.4790331392    -85.4674489274    0.315222
 6273  25092.00       68.6185    -85.4726421018    -85.4584476728    0.386250
 6274  25096.00      -69.9005    -85.4639453052    -85.4522368585    0.318603
 6275  25100.00       69.0824    -85.4554077832    -85.4482675071    0.194297
 6276  25104.00      -68.2311    -85.4653371685    -85.4594045157    0.161436
 6277  25108.00      -69.0892    -85.4811017307    -85.4737049852    0.201276
 6278  25112.00       69.5995    -85.4824423555    -85.4722216006    0.278121
 6279  25116.00      -70.0636    -85.4780322797    -85.4670535413    0.298747
 6280  25120.00      -68.0182    -85.4723036752    -85.4632671804    0.245896
 6281  25124.00      -67.2434    -85.4860832050    -85.4775913885    0.231074
 6282  25128.00       75.5239    -85.4821241193    -85.4717466654    0.282385
 6283  25132.00       75.7680    -85.4710038781    -85.4594781504    0.313631
 6284  25136.00      -73.4945    -85.4750192342    -85.4637596338    0.306389
 6285  25140.00       73.3822    -85.4716810057    -85.4628608876    0.240008
 6286  25144.00       68.7295    -85.4783765770    -85.4718223516    0.178350
 6287  25148.00      -73.3497    -85.4796300910    -85.4717215485    0.215202
 6288  25152.00      -73.8369    -85.4688980647    -85.4593718665    0.259221
 6289  25156.00      -69.5327    -85.4790402419    -85.4682853107    0.292657
 6290  25160.00      -71.6472    -85.4836899804    -85.4731418771    0.287029
 6291  25164.00       67.3161    -85.4732161562    -85.4644362829    0.238913
 6292  25168.00       62.5442    -85.4670438549    -85.4583698388    0.236032
 6293  25172.00      -63.2021    -85.4759939337    -85.4657238593    0.279463
 6294  25176.00       61.9925    -85.4727460713    -85.4621679039    0.287847
 6295  25180.00       65.1875    -85.4724085269    -85.4621239263    0.279858
 6296  25184.00       67.5692    -85.4825590526    -85.4738527843    0.236910
 6297  25188.00      -65.3476    -85.4857135848    -85.4781020713    0.207120
 6298  25192.00      -62.5683    -85.4750053914    -85.4667155253    0.225579
 6299  25196.00       56.5698    -85.4702499407    -85.4601339183    0.275271
 6300  25200.00      -57.4216    -85.4819263920    -85.4702229498    0.318467
 6301  25204.00      -58.2338    -85.4755446335    -85.4633547484    0.331704
 6302  25208.00       56.6247    -85.4730610039    -85.4614385413    0.316263
 6303  25212.00      -57.7329    -85.4845408364    -85.4742707941    0.279462
 6304  25216.00       64.5033    -85.4660425752    -85.4576041625    0.229621
 6305  25220.00      -65.4589    -85.4629284909    -85.4555564412    0.200604
 6306  25224.00       70.5865    -85.4702242094    -85.4624932404    0.210370
 6307  25228.00      -66.1842    -85.4664666805    -85.4572091510    0.251910
 6308  25232.00       61.6049    -85.4691993033    -85.4570177871    0.331476
 6309  25236.00      -60.0118    -85.4750112612    -85.4618456400    0.358255
 6310  25240.00      -59.9840    -85.4764012144    -85.4649895173    0.310528
 6311  25244.00      -66.7225    -85.4623929186    -85.4532248523    0.249476
 6312  25248.00       66.1139    -85.4657485255    -85.4575088434    0.224213
 6313  25252.00       64.2237    -85.4913879222    -85.4813677254    0.272663
 6314  25256.00      -62.1214    -85.4877731713    -85.4755120510    0.333642
 6315  25260.00       64.4935    -85.4665566393    -85.4553426926    0.305147
 6316  25264.00      -66.8533    -85.4663220825    -85.4576238147    0.236692
 6317  25268.00       70.5540    -85.4769803495    -85.4699688962    0.190791
 6318  25272.00      -73.5004    -85.4735421014    -85.4659828934    0.205697
 6319  25276.00       73.7183    -85.4648180850    -85.4554303876    0.255452
 6320  25280.00       75.8366    -85.4711866932    -85.4602094943    0.298705
 6321  25284.00       78.7643    -85.4826751077    -85.4722001453    0.285038
 6322  25288.00       78.2509    -85.4750590086    -85.4654483952    0.261518
 6323  25292.00      -82.1749    -85.4638811494    -85.4540283366    0.268109
 6324  25296.00      -81.6114    -85.4711001819    -85.4609978438    0.274899
 6325  25300.00       87.4309    -85.4833152699    -85.4738095029    0.258665
 6326  25304.00      -87.7224    -85.4797250345    -85.4718979551    0.212986
 6327  25308.00      -81.1228    -85.4706725153    -85.4638228519    0.186389
 6328  25312.00      -75.2532    -85.4737734745    -85.4656085342    0.222179
 6329  25316.00      -70.7653    -85.4806711486    -85.4693867566    0.307064
 6330  25320.00       71.3841    -85.4774585830    -85.4651333140    0.335388
 6331  25324.00       76.6134    -85.4673209451    -85.4571776317    0.276014
 6332  25328.00      -75.0339    -85.4646901777    -85.4575260109    0.194947
 6333  25332.00      -68.7544    -85.4678015205    -85.4619476822    0.159291
 6334  25336.00       67.2864    -85.4652912537    -85.4578231496    0.203217
 6335  25340.00       65.3111    -85.4784443406    -85.4671298514    0.307883
 6336  25344.00       68.3837    -85.4876970388    -85.4749008344    0.348202
 6337  25348.00      -70.3831    -85.4699562170    -85.4590439170    0.296939
 6338  25352.00      -68.3132    -85.4622396129    -85.4540540054    0.222742
 6339  25356.00      -71.4472    -85.4716464638    -85.4643584319    0.198317
 6340  25360.00       70.0703    -85.4717449926    -85.4641524716    0.206603
 6341  25364.00       70.7720    -85.4700969218    -85.4607356493    0.254733
 6342  25368.00      -73.9432    -85.4814355266    -85.4711309984    0.280400
 6343  25372.00      -67.3989    -85.4788541365    -85.4687307817    0.275471
 6344  25376.00       66.9824    -85.4656792969    -85.4553453322    0.281202
 6345  25380.00      -64.8951    -85.4789717033    -85.4682762606    0.291038
 6346  25384.00       60.1368    -85.4904101789    -85.4801335583    0.279641
 6347  25388.00      -57.8912    -85.4764123475    -85.4672519189    0.249268
 6348  25392.00      -55.1897    -85.4669386809    -85.4587334679    0.223275
 6349  25396.00       51.9067    -85.4741555387    -85.4647713978    0.255355
 6350  25400.00      -53.8628    -85.4776593232    -85.4652152467    0.338621
 6351  25404.00       45.6672    -85.4785674041    -85.4642511355    0.389566
 6352  25408.00      -48.2188    -85.4823294881    -85.4686209675    0.373028
 6353  25412.00      -47.6655    -85.4772683047    -85.4665374539    0.292001
 6354  25416.00       50.0764    -85.4655361637    -85.4573843201    0.221823
 6355  25420.00      -46.4283    -85.4721410782    -85.4627002763    0.256897
 6356  25424.00       45.2687    -85.4827910713    -85.4699306882    0.349949
 6357  25428.00      -42.3677    -85.4775311022    -85.4623049722    0.414324
 6358  25432.00       43.3930    -85.4712248131    -85.4556071124    0.424979
 6359  25436.00       46.4008    -85.4744695530    -85.4621348193    0.335645
 6360  25440.00      -48.3026    -85.4792131092    -85.4700181583    0.250207
 6361  25444.00       48.0948    -85.4848300570    -85.4766495005    0.222604
 6362  25448.00      -47.1149    -85.4839409379    -85.4747258550    0.250755
 6363  25452.00       42.3075    -85.4714631911    -85.4597518330    0.318682
 6364  25456.00      -44.5654    -85.4719151523    -85.4580919690    0.376148
 6365  25460.00       45.4578    -85.4773578315    -85.4642068842    0.357856
 6366  25464.00      -46.3772    -85.4753201782    -85.4639727358    0.308780
 6367  25468.00       40.5580    -85.4711700549    -85.4614403045    0.264760
 6368  25472.00      -37.6119    -85.4668993583    -85.4581760474    0.237373
 6369  25476.00       40.6926    -85.4774023947    -85.4684060306    0.244804
 6370  25480.00       40.0266    -85.4896917433    -85.4804264759    0.252121
 6371  25484.00       36.4607    -85.4736620186    -85.4651078846    0.232770
 6372  25488.00       32.7845    -85.4645894889    -85.4563311293    0.224721
 6373  25492.00      -37.2484    -85.4679724766    -85.4590842857    0.241860
 6374  25496.00      -41.8165    -85.4680294383    -85.4579964589    0.273011
 6375  25500.00       40.6775    -85.4711005150    -85.4606529161    0.284294
 6376  25504.00      -40.6530    -85.4687107410    -85.4587408384    0.271295
 6377  25508.00       43.8163    -85.4648428338    -85.4552702422    0.260483
 6378  25512.00      -44.3819    -85.4677784634    -85.4591954839    0.233555
 6379  25516.00       53.2332    -85.4742284129    -85.4653470467    0.241674
 6380  25520.00      -54.3651    -85.4723420412    -85.4628530647    0.258208
 6381  25524.00      -50.6386    -85.4704968682    -85.4621858301    0.226155
 6382  25528.00       56.4157    -85.4739157631    -85.4663277437    0.206481
 6383  25532.00       56.2017    -85.4686862574    -85.4613555590    0.199478
 6384  25536.00       59.9977    -85.4615610911    -85.4531579189    0.228662
 6385  25540.00      -61.1779    -85.4778010127    -85.4677964878    0.272237
 6386  25544.00      -53.0181    -85.4774216812    -85.4674408977    0.271591
 6387  25548.00      -55.6283    -85.4615699402    -85.4536890856    0.214449
 6388  25552.00      -64.3248    -85.4759507231    -85.4702285636    0.155708
 6389  25556.00      -66.3084    -85.4754314200    -85.4699931684    0.147982
 6390  25560.00       64.5345    -85.4635944651    -85.4567931395    0.185073
 6391  25564.00       56.2144    -85.4777880121    -85.4687785068    0.245161
 6392  25568.00      -56.8499    -85.4793791741    -85.4692748767    0.274952
 6393  25572.00      -70.1547    -85.4708399624    -85.4618244500    0.245325
 6394  25576.00      -74.9793    -85.4778504680    -85.4701427507    0.209738
 6395  25580.00       85.4249    -85.4809018699    -85.4725102577    0.228347
 6396  25584.00       92.4097    -85.4764996457    -85.4669124368    0.260881
 6397  25588.00      -86.4922    -85.4707766817    -85.4613576225    0.256306
 6398  25592.00       89.6298    -85.4623958434    -85.4537901404    0.234173
 6399  25596.00      -83.7139    -85.4699531165    -85.4613878253    0.233073
 6400  25600.00      -78.6001    -85.4778163928    -85.4686160006    0.250355
 6401  25604.00       84.6095    -85.4738371881    -85.4642335836    0.261327
 6402  25608.00      -84.1934    -85.4637090967    -85.4550822505    0.234748
 6403  25612.00       81.2410    -85.4655520855    -85.4578415988    0.209813
 6404  25616.00       79.6796    -85.4816305126    -85.4730702142    0.232938
 6405  25620.00       71.2552    -85.4893184303    -85.4795698534    0.265272
 6406  25624.00       68.0962    -85.4804688072    -85.4695678635    0.296630
 6407  25628.00      -74.1018    -85.4687112973    -85.4579689906    0.292313
 6408  25632.00       77.6141    -85.4641572686    -85.4559689066    0.222817
 6409  25636.00       84.4451    -85.4746651979    -85.4667020526    0.216688
 6410  25640.00       81.5888    -85.4845311728    -85.4753142416    0.250805
 6411  25644.00       77.7765    -85.4763274857    -85.4660056044    0.280873
 6412  25648.00       78.0319    -85.4633693611    -85.4518026099    0.314747
 6413  25652.00       76.5469    -85.4636039987    -85.4523256060    0.306901
 6414  25656.00      -74.6247    -85.4740032216    -85.4632784696    0.291835
 6415  25660.00       72.8997    -85.4848992356    -85.4737896296    0.302308
 6416  25664.00       70.9670    -85.4669255656    -85.4561267869    0.293850
 6417  25668.00       72.3762    -85.4493932138    -85.4392349022    0.276422
 6418  25672.00       75.7396    -85.4762832562    -85.4663284040    0.270885
 6419  25676.00       74.4869    -85.4809867361    -85.4710570516    0.270200
 6420  25680.00       69.4150    -85.4717489717    -85.4603977541    0.308882
 6421  25684.00       63.7614    -85.4717442046    -85.4597864224    0.325388
 6422  25688.00      -61.6505    -85.4644141032    -85.4537797666    0.289375
 6423  25692.00      -60.5814    -85.4657870889    -85.4564932798    0.252897
 6424  25696.00       63.1078    -85.4659199629    -85.4568057163    0.248011
 6425  25700.00       65.8571    -85.4734251983    -85.4629887674    0.283990
 6426  25704.00      -63.4335    -85.4798804618    -85.4675542396    0.335414
 6427  25708.00      -62.0179    -85.4705102455    -85.4584697625    0.327638
 6428  25712.00       60.2043    -85.4840370001    -85.4750777201    0.243794
 6429  25716.00      -61.4839    -85.4839453765    -85.4773346818    0.179886
 6430  25720.00      -70.7607    -85.4718344584    -85.4644922460    0.199792
 6431  25724.00       69.8720    -85.4777728548    -85.4690103199    0.238441
 6432  25728.00       66.3556    -85.4740952623    -85.4645535178    0.259644
 6433  25732.00      -64.2489    -85.4734592892    -85.4641908330    0.252208
 6434  25736.00      -62.8629    -85.4777652335    -85.4694155770    0.227206
 6435  25740.00       63.7285    -85.4779605857    -85.4694610223    0.231285
 6436  25744.00       65.4049    -85.4800443565    -85.4697410733    0.280367
 6437  25748.00      -66.0795    -85.4793510568    -85.4686640884    0.290807
 6438  25752.00       63.1595    -85.4807166367    -85.4721804913    0.232280
 6439  25756.00      -66.7385    -85.4794562374    -85.4723936511    0.192183
 6440  25760.00       64.9529    -85.4742103367    -85.4677485834    0.175833
 6441  25764.00       61.9548    -85.4790891666    -85.4712463841    0.213413
 6442  25768.00       59.3953    -85.4768810518    -85.4669187152    0.271089
 6443  25772.00      -59.3740    -85.4707104309    -85.4614138528    0.252973
 6444  25776.00      -61.5925    -85.4785182833    -85.4715850977    0.188662
 6445  25780.00       61.3583    -85.4737999338    -85.4676927881    0.166184
 6446  25784.00      -57.9030    -85.4738673012    -85.4659866123    0.214444
 6447  25788.00       58.5685    -85.4665888454    -85.4546059966    0.326070
 6448  25792.00       60.0555    -85.4622034052    -85.4491637370    0.354827
 6449  25796.00       61.3542    -85.4825376403    -85.4722791192    0.279149
 6450  25800.00      -66.6519    -85.4827051798    -85.4760239409    0.181806
 6451  25804.00      -66.0591    -85.4738755361    -85.4680500159    0.158520
 6452  25808.00      -65.2476    -85.4572285098    -85.4491579574    0.219611
 6453  25812.00      -62.1224    -85.4611955009    -85.4506670175    0.286495
 6454  25816.00      -61.5850    -85.4792203688    -85.4699379246    0.252588
 6455  25820.00      -62.2593    -85.4663085865    -85.4589837884    0.199318
 6456  25824.00      -65.4171    -85.4649099417    -85.4570271338    0.214502
 6457  25828.00       59.8612    -85.4595507100    -85.4499344857    0.261671
 6458  25832.00       63.3654    -85.4701864745    -85.4587931144    0.310029
 6459  25836.00       59.0706    -85.4777310280    -85.4673680022    0.281992
 6460  25840.00       60.6715    -85.4726734665    -85.4646431099    0.218517
 6461  25844.00       65.4009    -85.4712307374    -85.4641941392    0.191476
 6462  25848.00       65.8286    -85.4592902141    -85.4516383635    0.208217
 6463  25852.00       63.5772    -85.4698193613    -85.4604483679    0.254998
 6464  25856.00      -63.1187    -85.4841721622    -85.4750466143    0.248319
 6465  25860.00      -58.1549    -85.4738005040    -85.4662408572    0.205708
 6466  25864.00      -61.2069    -85.4714870149    -85.4635737086    0.215332
 6467  25868.00      -64.2726    -85.4790760892    -85.4683070856    0.293040
 6468  25872.00       60.3429    -85.4726126624    -85.4585354152    0.383061
 6469  25876.00      -61.0715    -85.4721787918    -85.4582918521    0.377883
 6470  25880.00      -61.8427    -85.4747434558    -85.4646427563    0.274854
 6471  25884.00       63.8772    -85.4773970995    -85.4702997784    0.193128
 6472  25888.00       66.4323    -85.4739425757    -85.4668975192    0.191706
 6473  25892.00       59.0187    -85.4697290951    -85.4604666202    0.252045
 6474  25896.00       55.2164    -85.4865381933    -85.4748167504    0.318957
 6475  25900.00       51.5627    -85.4780469709    -85.4663049736    0.319516
 6476  25904.00      -51.9208    -85.4567584887    -85.4470524522    0.264115
 6477  25908.00       55.4831    -85.4730448825    -85.4631803498    0.268428
 6478  25912.00       49.5277    -85.4836018918    -85.4725066529    0.301917
 6479  25916.00      -49.5208    -85.4760666778    -85.4658025395    0.279301
 6480  25920.00       48.8169    -85.4713078480    -85.4625280174    0.238911
 6481  25924.00       54.3388    -85.4611163735    -85.4537017327    0.201763
 6482  25928.00      -52.8177    -85.4675738276    -85.4591288667    0.229799
 6483  25932.00      -54.6124    -85.4687427240    -85.4557565251    0.353372
 6484  25936.00      -50.0965    -85.4765470866    -85.4613053859    0.414748
 6485  25940.00      -52.6103    -85.4896396705    -85.4770542922    0.342466
 6486  25944.00      -54.7815    -85.4668757591    -85.4588399611    0.218665
 6487  25948.00      -56.4094    -85.4600846184    -85.4533911417    0.182139
 6488  25952.00      -52.7555    -85.4696289625    -85.4595602087    0.273985
 6489  25956.00       53.7738    -85.4708878900    -85.4567309376    0.385230
 6490  25960.00       50.5743    -85.4717163316    -85.4581397827    0.369437
 6491  25964.00      -55.7126    -85.4658462553    -85.4564043326    0.256928
 6492  25968.00      -61.0296    -85.4591172166    -85.4521054195    0.190801
 6493  25972.00      -56.8909    -85.4723505787    -85.4644655768    0.214562
 6494  25976.00      -52.7083    -85.4868722299    -85.4758270941    0.300553
 6495  25980.00      -49.8689    -85.4781722578    -85.4657300756    0.338569
 6496  25984.00      -55.2209    -85.4759476869    -85.4646727750    0.306806
 6497  25988.00      -55.5109    -85.4750739854    -85.4649370525    0.275840
 6498  25992.00       47.2267    -85.4794549930    -85.4687990585    0.289963
 6499  25996.00       43.1774    -85.4819837646    -85.4698838744    0.329255
 6500  26000.00       41.4624    -85.4738778760    -85.4630728662    0.294019
 6501  26004.00      -50.2395    -85.4734403241    -85.4653009716    0.221483
 6502  26008.00       61.7436    -85.4746228243    -85.4676145795    0.190704
 6503  26012.00       62.2572    -85.4734134327    -85.4654282073    0.217289
 6504  26016.00       63.0896    -85.4651386480    -85.4533590637    0.320539
 6505  26020.00       62.2223    -85.4692072614    -85.4552152226    0.380743
 6506  26024.00       64.5309    -85.4828851438    -85.4704993688    0.337034
 6507  26028.00       75.3559    -85.4700200441    -85.4597446971    0.279606
 6508  26032.00      -68.6597    -85.4694693320    -85.4606062450    0.241177
 6509  26036.00       63.0756    -85.4811690368    -85.4721781558    0.244654
 6510  26040.00       65.4363    -85.4791855359    -85.4699128445    0.252323
 6511  26044.00       64.5537    -85.4672537578    -85.4592114907    0.218841
 6512  26048.00       66.4779    -85.4729573549    -85.4645906915    0.227669
 6513  26052.00      -61.6593    -85.4915731754    -85.4812226857    0.281651
 6514  26056.00       50.4583    -85.4731115362    -85.4603060540    0.348455
 6515  26060.00      -50.8924    -85.4590586513    -85.4453528856    0.372953
 6516  26064.00      -54.4927    -85.4711899123    -85.4600465567    0.303226
 6517  26068.00      -57.9711    -85.4815463110    -85.4717477042    0.266634
 6518  26072.00       57.1483    -85.4866009084    -85.4745532707    0.327833
 6519  26076.00      -51.9124    -85.4787807232    -85.4642945742    0.394188
 6520  26080.00       50.7134    -85.4709192146    -85.4563579597    0.396232
 6521  26084.00       60.4783    -85.4707084967    -85.4598432733    0.295658
 6522  26088.00       64.8686    -85.4585931523    -85.4519074628    0.181927
 6523  26092.00      -64.7436    -85.4721707940    -85.4645909508    0.206258
 6524  26096.00       60.4696    -85.4692609262    -85.4575989551    0.317338
 6525  26100.00       59.2077    -85.4574329910    -85.4440356361    0.364561
 6526  26104.00      -61.6611    -85.4713867006    -85.4585530397    0.349222
 6527  26108.00      -59.5859    -85.4741357820    -85.4627394474    0.310110
 6528  26112.00      -53.5172    -85.4866353381    -85.4740818335    0.341598
 6529  26116.00      -48.9622    -85.4832062730    -85.4685243754    0.399515
 6530  26120.00       47.3367    -85.4730179476    -85.4601321402    0.350641
 6531  26124.00       48.8072    -85.4660003944    -85.4571354337    0.241228
 6532  26128.00       48.5864    -85.4661329605    -85.4592625911    0.186952
 6533  26132.00       46.5250    -85.4835732727    -85.4739380535    0.262188
 6534  26136.00      -43.0684    -85.4800166873    -85.4650037762    0.408522
 6535  26140.00       44.6471    -85.4700743872    -85.4544699620    0.424618
 6536  26144.00       50.6739    -85.4783204670    -85.4662987841    0.327127
 6537  26148.00      -50.3993    -85.4748671504    -85.4668671906    0.217690
 6538  26152.00      -50.6899    -85.4789480083    -85.4713526849    0.206679
 6539  26156.00       45.5651    -85.4787585720    -85.4682045277    0.287190
 6540  26160.00      -45.4714    -85.4772548435    -85.4657353094    0.313462
 6541  26164.00       46.5894    -85.4780555517    -85.4702003555    0.213751
 6542  26168.00      -50.0710    -85.4760063889    -85.4702242758    0.157339
 6543  26172.00      -45.4782    -85.4809053308    -85.4736943034    0.196222
 6544  26176.00       43.7590    -85.4752358375    -85.4643643985    0.295827
 6545  26180.00       41.8362    -85.4647496781    -85.4529594262    0.320829
 6546  26184.00       46.2425    -85.4795635540    -85.4711041956    0.230191
 6547  26188.00      -48.0054    -85.4803025196    -85.4743483400    0.162021
 6548  26192.00       45.5643    -85.4767018019    -85.4695572869    0.194412
 6549  26196.00       31.6620    -85.4739591982    -85.4624281436    0.313776
 6550  26200.00       33.1078    -85.4701201953    -85.4557887509    0.389978
 6551  26204.00      -35.8522    -85.4759412384    -85.4647036204    0.305791
 6552  26208.00      -35.9407    -85.4764999252    -85.4703477250    0.167410
 6553  26212.00       22.3982    -85.4736658058    -85.4682296444    0.147925
 6554  26216.00       33.5252    -85.4678133693    -85.4587967007    0.245356
 6555  26220.00       30.2425    -85.4679432771    -85.4559559634    0.326191
 6556  26224.00      -31.5688    -85.4761131171    -85.4639974577    0.329684
 6557  26228.00      -23.7712    -85.4848028211    -85.4755390482    0.252080
 6558  26232.00       34.0603    -85.4766021295    -85.4682828751    0.226378
 6559  26236.00       32.0990    -85.4675437782    -85.4572947192    0.278891
 6560  26240.00       35.3508    -85.4613097192    -85.4494876131    0.321696
 6561  26244.00      -36.6097    -85.4731922681    -85.4624654796    0.291891
 6562  26248.00      -39.4050    -85.4881101390    -85.4801397641    0.216885
 6563  26252.00      -31.3037    -85.4849322080    -85.4771735836    0.211123
 6564  26256.00       37.5365    -85.4843944246    -85.4731417910    0.306200
 6565  26260.00       33.6490    -85.4788094957    -85.4656097669    0.359183
 6566  26264.00      -32.4556    -85.4771682363    -85.4642291804    0.352090
 6567  26268.00      -29.6614    -85.4700132774    -85.4608464019    0.249443
 6568  26272.00       26.3296    -85.4694832488    -85.4635203417    0.162259
 6569  26276.00       39.6563    -85.4778182829    -85.4699356187    0.214498
 6570  26280.00       35.3658    -85.4766891834    -85.4667648958    0.270054
 6571  26284.00      -34.3690    -85.4716684598    -85.4614614616    0.277747
 6572  26288.00       36.6610    -85.4749633085    -85.4654440710    0.259032
 6573  26292.00       32.2226    -85.4757017012    -85.4679946307    0.209720
 6574  26296.00       29.7484    -85.4859928983    -85.4771305145    0.241158
 6575  26300.00      -38.3415    -85.4770378134    -85.4651670037    0.323021
 6576  26304.00       38.8062    -85.4769095122    -85.4649918463    0.324296
 6577  26308.00      -42.4588    -85.4819809440    -85.4717237338    0.279113
 6578  26312.00      -48.7250    -85.4672511424    -85.4588820733    0.227734
 6579  26316.00      -47.8458    -85.4729177994    -85.4642044086    0.237103
 6580  26320.00       34.2144    -85.4888603201    -85.4784468282    0.283366
 6581  26324.00      -41.8101    -85.4757161878    -85.4659988525    0.264422
 6582  26328.00       39.8991    -85.4595597303    -85.4528411263    0.182823
 6583  26332.00       43.7587    -85.4694655363    -85.4635147032    0.161930
 6584  26336.00       37.4892    -85.4794842237    -85.4733590535    0.166674
 6585  26340.00      -33.3983    -85.4801461144    -85.4712455475    0.242197
 6586  26344.00       40.3568    -85.4782865267    -85.4673510459    0.297570
 6587  26348.00       36.5344    -85.4685669687    -85.4596625618    0.242301
 6588  26352.00       38.6356    -85.4699089602    -85.4631730590    0.183293
 6589  26356.00      -34.3198    -85.4733327546    -85.4663282625    0.190602
 6590  26360.00      -39.2155    -85.4765724577    -85.4668632626    0.264201
 6591  26364.00      -45.0035    -85.4810010992    -85.4692268662    0.320393
 6592  26368.00       47.9698    -85.4731378085    -85.4627292868    0.283230
 6593  26372.00       49.1192    -85.4696971171    -85.4614304072    0.224949
 6594  26376.00       54.6579    -85.4674572898    -85.4601264429    0.199483
 6595  26380.00       41.8703    -85.4757105326    -85.4666600505    0.246276
 6596  26384.00      -47.8965    -85.4767448623    -85.4645056926    0.333045
 6597  26388.00      -56.9774    -85.4735915341    -85.4632115311    0.282454
 6598  26392.00       55.5494    -85.4762927818    -85.4698766904    0.174591
 6599  26396.00       57.2259    -85.4687996805    -85.4632660154    0.150579
 6600  26400.00       55.3594    -85.4713674351    -85.4643797306    0.190145
 6601  26404.00       52.1815    -85.4744153575    -85.4643997227    0.272539
 6602  26408.00       56.4992    -85.4710654209    -85.4604660477    0.288424
 6603  26412.00       57.6760    -85.4743410837    -85.4670630738    0.198045
 6604  26416.00      -56.7327    -85.4734602264    -85.4682400581    0.142048
 6605  26420.00       59.7633    -85.4755413490    -85.4689562080    0.179191
 6606  26424.00      -53.2533    -85.4738641677    -85.4640704554    0.266500
 6607  26428.00       56.4643    -85.4713024212    -85.4597150892    0.315307
 6608  26432.00       61.3567    -85.4815368802    -85.4726032944    0.243095
 6609  26436.00       60.2797    -85.4801201063    -85.4743186062    0.157867
 6610  26440.00      -57.1012    -85.4680759513    -85.4624061236    0.154284
 6611  26444.00      -61.0948    -85.4695162527    -85.4608181464    0.236688
 6612  26448.00       68.5821    -85.4708522123    -85.4585928477    0.333594
 6613  26452.00      -74.6807    -85.4664602814    -85.4549990621    0.311876
 6614  26456.00      -75.7763    -85.4717823068    -85.4646385558    0.194391
 6615  26460.00       75.8797    -85.4752275922    -85.4692339607    0.163095
 6616  26464.00      -72.7598    -85.4686862367    -85.4619039437    0.184556
 6617  26468.00       73.0925    -85.4582956071    -85.4495523232    0.237917
 6618  26472.00      -73.0069    -85.4680618587    -85.4582212519    0.267777
 6619  26476.00      -74.5980    -85.4877640643    -85.4800137928    0.210896
 6620  26480.00       75.1967    -85.4798801886    -85.4733894661    0.176622
 6621  26484.00       76.4433    -85.4745898950    -85.4670754915    0.204477
 6622  26488.00       80.2821    -85.4754257230    -85.4655652284    0.268318
 6623  26492.00       78.1898    -85.4723191894    -85.4614110951    0.296824
 6624  26496.00      -73.5935    -85.4711609889    -85.4616821064    0.257934
 6625  26500.00      -73.3380    -85.4664927100    -85.4584770958    0.218116
 6626  26504.00      -77.6453    -85.4758001269    -85.4667064448    0.247452
 6627  26508.00      -78.3915    -85.4685059448    -85.4577419764    0.292903
 6628  26512.00      -81.2447    -85.4649926380    -85.4538168727    0.304108
 6629  26516.00       87.1627    -85.4815419090    -85.4710554224    0.285352
 6630  26520.00       84.7958    -85.4756193097    -85.4671306846    0.230987
 6631  26524.00      -86.7636    -85.4654977506    -85.4571258697    0.227810
 6632  26528.00       90.1381    -85.4612260699    -85.4509513155    0.279590
 6633  26532.00      -89.6379    -85.4725431740    -85.4609447507    0.315609
 6634  26536.00       90.3972    -85.4826946332    -85.4705976559    0.329176
 6635  26540.00       94.9281    -85.4731972438    -85.4622315384    0.298392
 6636  26544.00       91.4843    -85.4762928169    -85.4666548118    0.262263
 6637  26548.00      -85.2797    -85.4653683820    -85.4555304154    0.267705
 6638  26552.00      -81.6146    -85.4614949937    -85.4508487716    0.289698
 6639  26556.00       76.9300    -85.4801296623    -85.4679976013    0.330130
 6640  26560.00       79.2676    -85.4728551245    -85.4599152873    0.352111
 6641  26564.00      -79.8892    -85.4626695831    -85.4503691626    0.334711
 6642  26568.00       80.9334    -85.4618728861    -85.4502881075    0.315238
 6643  26572.00           nan               nan               nan         nan
 6644  26576.00      -86.3424    -85.4862388101    -85.4753608762    0.296004
 6645  26580.00       88.4540    -85.4747250116    -85.4628099566    0.324225
 6646  26584.00       89.3359    -85.4578887967    -85.4453459509    0.341308
 6647  26588.00       86.9238    -85.4619145736    -85.4489358339    0.353169
 6648  26592.00       99.1561    -85.4734859580    -85.4606145722    0.350248
 6649  26596.00     -105.1973    -85.4858373058    -85.4749074526    0.297416
 6650  26600.00      106.2506    -85.4803649107    -85.4699584049    0.283175
 6651  26604.00     -110.9308    -85.4628979009    -85.4514569687    0.311324
 6652  26608.00      -97.5911    -85.4683192003    -85.4567025598    0.316105
 6653  26612.00      -91.4171    -85.4884018532    -85.4752082972    0.359015
 6654  26616.00      -93.7183    -85.4922228481    -85.4782785283    0.379444
 6655  26620.00       81.2944    -85.4812587664    -85.4672653875    0.380779
 6656  26624.00      -73.8545    -85.4682680967    -85.4532771815    0.407924
 6657  26628.00       66.3273    -85.4652000322    -85.4513059617    0.378077
 6658  26632.00      -58.4926    -85.4583324893    -85.4474326720    0.296599
 6659  26636.00       60.4673    -85.4627538740    -85.4548014586    0.216396
 6660  26640.00       60.4426    -85.4682650070    -85.4617971990    0.175998
 6661  26644.00      -53.4716    -85.4571262444    -85.4483669062    0.238354
 6662  26648.00       45.1926    -85.4597650151    -85.4460001912    0.374560
 6663  26652.00       41.8470    -85.4788942420    -85.4634183137    0.421121
 6664  26656.00       52.8703    -85.4883763900    -85.4763018430    0.328565
 6665  26660.00       72.1485    -85.4784032759    -85.4710958167    0.198846
 6666  26664.00       78.8438    -85.4667455673    -85.4605447630    0.168732
 6667  26668.00      -84.6716    -85.4826491058    -85.4741694497    0.230743
 6668  26672.00      -78.3346    -85.4796826371    -85.4670796218    0.342946
 6669  26676.00       75.2230    -85.4632078713    -85.4488653066    0.390281
 6670  26680.00       82.9183    -85.4651851224    -85.4530432621    0.330397
 6671  26684.00       71.9288    -85.4629319073    -85.4555047259    0.202104
 6672  26688.00       66.1580    -85.4573869729    -85.4509228545    0.175898
 6673  26692.00       62.6989    -85.4718997097    -85.4629153133    0.244478
 6674  26696.00      -56.1598    -85.4777742277    -85.4665428414    0.305622
 6675  26700.00       58.0312    -85.4751591510    -85.4646138557    0.286952
 6676  26704.00      -56.2464    -85.4669645848    -85.4585288324    0.229549
 6677  26708.00      -53.1019    -85.4764012068    -85.4681574408    0.224324
 6678  26712.00       56.1870    -85.4763929345    -85.4673848231    0.245123
 6679  26716.00       60.5173    -85.4664312116    -85.4575756804    0.240971
 6680  26720.00      -62.2642    -85.4715319922    -85.4649472201    0.179181
 6681  26724.00      -64.7763    -85.4720526682    -85.4669628996    0.138500
 6682  26728.00       59.6222    -85.4687531182    -85.4635418843    0.141805
 6683  26732.00      -57.2018    -85.4846337880    -85.4754919609    0.248762
 6684  26736.00       50.7632    -85.4870819059    -85.4739875833    0.356315
 6685  26740.00       52.4260    -85.4805902058    -85.4673817375    0.359421
 6686  26744.00       58.8581    -85.4683833295    -85.4593411180    0.246051
 6687  26748.00      -61.8986    -85.4640948087    -85.4585385091    0.151195
 6688  26752.00       62.6850    -85.4754576007    -85.4700641310    0.146764
 6689  26756.00       56.0764    -85.4698688603    -85.4624932321    0.200701
 6690  26760.00      -46.9911    -85.4605368092    -85.4507597780    0.266047
 6691  26764.00      -46.9584    -85.4615215871    -85.4506807418    0.294994
 6692  26768.00      -50.9072    -85.4653137591    -85.4565713409    0.237893
 6693  26772.00      -51.0079    -85.4693035154    -85.4629362121    0.173263
 6694  26776.00      -47.7834    -85.4809915254    -85.4757378212    0.142961
 6695  26780.00       39.2785    -85.4820921658    -85.4771827541    0.133592
 6696  26784.00      -29.2049    -85.4728307965    -85.4662074144    0.180231
 6697  26788.00       28.9539    -85.4644369626    -85.4545354717    0.269433
 6698  26792.00       25.3380    -85.4812691151    -85.4702358444    0.300231
 6699  26796.00       30.6788    -85.4809370687    -85.4709856136    0.270793
 6700  26800.00      -36.6278    -85.4661272260    -85.4592849620    0.186187
 6701  26804.00      -39.0544    -85.4727889983    -85.4686346737    0.113045
 6702  26808.00      -42.7764    -85.4722802705    -85.4679112360    0.118887
 6703  26812.00      -44.9929    -85.4686565773    -85.4607748900    0.214472
 6704  26816.00       39.9643    -85.4635074033    -85.4516683891    0.322156
 6705  26820.00      -42.9289    -85.4597668397    -85.4469753053    0.348075
 6706  26824.00      -39.3920    -85.4682403210    -85.4578212221    0.283518
 6707  26828.00       38.1455    -85.4641642651    -85.4563018688    0.213947
 6708  26832.00      -34.0159    -85.4680502662    -85.4611020964    0.189069
 6709  26836.00       31.1840    -85.4717363563    -85.4661389368    0.152314
 6710  26840.00       28.4777    -85.4770056571    -85.4734670203    0.096291
 6711  26844.00      -30.1604    -85.4850895884    -85.4821180398    0.080860
 6712  26848.00      -33.2367    -85.4879455819    -85.4834628589    0.121981
 6713  26852.00       31.0144    -85.4879366185    -85.4800336134    0.215052
 6714  26856.00      -30.9826    -85.4618277084    -85.4527276393    0.247625
 6715  26860.00       26.7194    -85.4523825899    -85.4454602685    0.188366
 6716  26864.00      -25.9464    -85.4728940160    -85.4690326774    0.105072
 6717  26868.00       26.0821    -85.4792439159    -85.4760514070    0.086873
 6718  26872.00      -23.0532    -85.4740200937    -85.4682841035    0.156084
 6719  26876.00      -28.7943    -85.4749069369    -85.4655359196    0.254998
 6720  26880.00       38.1703    -85.4752541740    -85.4655990477    0.262729
 6721  26884.00      -40.8830    -85.4765717988    -85.4696892710    0.187283
 6722  26888.00      -47.1451    -85.4694701513    -85.4652903701    0.113738
 6723  26892.00       46.3926    -85.4673057446    -85.4633861484    0.106658
 6724  26896.00       43.1848    -85.4750337160    -85.4685904807    0.175329
 6725  26900.00      -35.6369    -85.4683742591    -85.4582276262    0.276104
 6726  26904.00      -28.9048    -85.4664091625    -85.4558243728    0.288027
 6727  26908.00      -34.1591    -85.4873100657    -85.4803721093    0.188791
 6728  26912.00      -31.6341    -85.4850243433    -85.4815980466    0.093234
 6729  26916.00       31.4038    -85.4775713205    -85.4739001096    0.099899
 6730  26920.00       29.3914    -85.4810326820    -85.4744560099    0.178960
 6731  26924.00      -21.4072    -85.4708258653    -85.4623694025    0.230112
 6732  26928.00      -24.6981    -85.4676082599    -85.4594455765    0.222118
 6733  26932.00      -30.5587    -85.4714412071    -85.4640677589    0.200642
 6734  26936.00       24.3418    -85.4699390671    -85.4607089004    0.251166
 6735  26940.00       32.6342    -85.4721076886    -85.4584916264    0.370512
 6736  26944.00       22.6638    -85.4703664845    -85.4558296448    0.395568
 6737  26948.00      -37.5102    -85.4719328424    -85.4603497507    0.315192
 6738  26952.00       41.2264    -85.4741395034    -85.4666822267    0.202923
 6739  26956.00       38.9870    -85.4804747534    -85.4741452431    0.172235
 6740  26960.00       40.4147    -85.4837435857    -85.4745790655    0.249379
 6741  26964.00       39.3040    -85.4755528566    -85.4638637212    0.318078
 6742  26968.00      -42.2961    -85.4659004961    -85.4537340768    0.331065
 6743  26972.00      -43.6418    -85.4749846191    -85.4653872618    0.261157
 6744  26976.00      -38.1267    -85.4813674343    -85.4740972636    0.197831
 6745  26980.00       40.6864    -85.4778971259    -85.4702755982    0.207392
 6746  26984.00       42.8053    -85.4845828101    -85.4752295818    0.254514
 6747  26988.00      -43.4442    -85.4934440232    -85.4821407583    0.307578
 6748  26992.00       44.9529    -85.4826610501    -85.4709837840    0.317755
 6749  26996.00      -43.7147    -85.4621962162    -85.4512971457    0.296579
 6750  27000.00       39.8661    -85.4668826464    -85.4564131219    0.284890
 6751  27004.00       35.2575    -85.4798713268    -85.4689447934    0.297326
 6752  27008.00       34.3267    -85.4838917460    -85.4716829047    0.332219
 6753  27012.00      -32.2666    -85.4732947015    -85.4597122546    0.369597
 6754  27016.00       37.2850    -85.4807133806    -85.4673462905    0.363737
 6755  27020.00       39.4184    -85.4841024282    -85.4737081703    0.282842
 6756  27024.00       45.1429    -85.4789375123    -85.4716094558    0.199407
 6757  27028.00       50.5793    -85.4907357879    -85.4841881215    0.178171
 6758  27032.00      -48.7692    -85.4907963499    -85.4826871608    0.220662
 6759  27036.00      -49.5727    -85.4819949458    -85.4700827176    0.324148
 6760  27040.00       46.5352    -85.4765223608    -85.4625545993    0.380082
 6761  27044.00       51.4327    -85.4636735218    -85.4512236648    0.338778
 6762  27048.00       53.7546    -85.4684437347    -85.4596275087    0.239902
 6763  27052.00      -51.0983    -85.4832635625    -85.4771646298    0.165960
 6764  27056.00      -38.5570    -85.4806735378    -85.4734204728    0.197366
 6765  27060.00      -45.6202    -85.4817734869    -85.4703177719    0.311726
 6766  27064.00       41.6634    -85.4790585307    -85.4660215865    0.354753
 6767  27068.00       43.4669    -85.4749016844    -85.4630162736    0.323419
 6768  27072.00      -48.2040    -85.4754742735    -85.4657797295    0.263802
 6769  27076.00       49.1457    -85.4723153709    -85.4629259724    0.255499
 6770  27080.00      -51.6920    -85.4804347919    -85.4693677288    0.301150
 6771  27084.00       48.6431    -85.4811434669    -85.4699783209    0.303819
 6772  27088.00       52.8102    -85.4761840291    -85.4673988787    0.239056
 6773  27092.00       56.1553    -85.4818828403    -85.4761945708    0.154786
 6774  27096.00       57.2000    -85.4879327496    -85.4824396993    0.149474
 6775  27100.00       53.2841    -85.4802183472    -85.4711159340    0.247689
 6776  27104.00      -53.7605    -85.4686812203    -85.4561714402    0.340408
 6777  27108.00       54.2241    -85.4719034815    -85.4608485607    0.300820
 6778  27112.00      -57.7012    -85.4787982459    -85.4711382681    0.208439
 6779  27116.00       63.4967    -85.4706691790    -85.4645532175    0.166424
 6780  27120.00       61.8223    -85.4674019176    -85.4579866547    0.256202
 6781  27124.00      -58.4249    -85.4740989419    -85.4584532880    0.425740
 6782  27128.00       54.1060    -85.4791738125    -85.4625708095    0.451791
 6783  27132.00       53.6680    -85.4734750498    -85.4612609263    0.332363
 6784  27136.00       54.7505    -85.4670663397    -85.4613203667    0.156356
 6785  27140.00      -57.4703    -85.4716535415    -85.4674056784    0.115590
 6786  27144.00       53.0259    -85.4819129171    -85.4756802213    0.169600
 6787  27148.00       52.4602    -85.4695623722    -85.4577101722    0.322515
 6788  27152.00      -48.3532    -85.4641681898    -85.4493092793    0.404332
 6789  27156.00       49.3388    -85.4801102853    -85.4672425817    0.350148
 6790  27160.00      -57.4550    -85.4864677801    -85.4767907096    0.263327
 6791  27164.00      -59.9082    -85.4846887349    -85.4760277314    0.235678
 6792  27168.00      -64.7377    -85.4834253616    -85.4750806665    0.227071
 6793  27172.00      -70.1711    -85.4841568730    -85.4764451162    0.209848
 6794  27176.00      -71.3250    -85.4688898538    -85.4614209626    0.203239
 6795  27180.00       73.3123    -85.4606064707    -85.4516343588    0.244144
 6796  27184.00      -68.2865    -85.4618538803    -85.4494202363    0.338337
 6797  27188.00       63.6665    -85.4741852702    -85.4595869142    0.397241
 6798  27192.00       64.9116    -85.4813781841    -85.4685305897    0.349601
 6799  27196.00      -70.6128    -85.4745156837    -85.4641832214    0.281161
 6800  27200.00       75.3572    -85.4791837893    -85.4697215515    0.257481
 6801  27204.00      -74.4064    -85.4853590751    -85.4741234361    0.305737
 6802  27208.00       72.1611    -85.4816094002    -85.4668358725    0.402008
 6803  27212.00      -73.6974    -85.4920386649    -85.4759706897    0.437232
 6804  27216.00       79.5798    -85.4917119771    -85.4763706536    0.417459
 6805  27220.00      -83.7478    -85.4683655218    -85.4543217855    0.382150
 6806  27224.00      -87.4043    -85.4698799610    -85.4579513778    0.324593
 6807  27228.00       85.1631    -85.4749163531    -85.4647185024    0.277498
 6808  27232.00       87.9238    -85.4732792471    -85.4633626563    0.269844
 6809  27236.00       93.5889    -85.4904648894    -85.4789525550    0.313267
 6810  27240.00      100.5083    -85.4845557945    -85.4687159231    0.431025
 6811  27244.00      100.8250    -85.4746784167    -85.4551852787    0.530435
 6812  27248.00      -98.6355    -85.4709453376    -85.4530930236    0.485786
 6813  27252.00     -100.8743    -85.4617854596    -85.4489899357    0.348184
 6814  27256.00      109.7723    -85.4782040504    -85.4690837551    0.248176
 6815  27260.00     -109.9018    -85.4706341842    -85.4618659135    0.238597
 6816  27264.00     -102.0958    -85.4704121371    -85.4590173552    0.310068
 6817  27268.00       97.5079    -85.4837162448    -85.4690473417    0.399161
 6818  27272.00       90.6717    -85.4762265644    -85.4619181274    0.389352
 6819  27276.00       87.4369    -85.4817208182    -85.4711099635    0.288736
 6820  27280.00       88.6431    -85.4751910527    -85.4665867903    0.234134
 6821  27284.00       86.4141    -85.4746654071    -85.4635291499    0.303033
 6822  27288.00      -85.6683    -85.4852243577    -85.4704048555    0.403259
 6823  27292.00       82.6990    -85.4754520742    -85.4604716743    0.407637
 6824  27296.00       81.3778    -85.4707429294    -85.4592438712    0.312905
 6825  27300.00      -85.3867    -85.4710273500    -85.4624283539    0.233991
 6826  27304.00      -86.4154    -85.4708951855    -85.4616944952    0.250364
 6827  27308.00       85.3581    -85.4670767270    -85.4555331131    0.314118
 6828  27312.00      -86.4925    -85.4682746223    -85.4574485606    0.294592
 6829  27316.00      -84.6568    -85.4766311412    -85.4682867461    0.227063
 6830  27320.00      -79.9337    -85.4634616203    -85.4564945478    0.189584
 6831  27324.00       79.8887    -85.4720177336    -85.4630015938    0.245342
 6832  27328.00       71.4132    -85.4847109915    -85.4704899359    0.386975
 6833  27332.00      -73.0328    -85.4792310655    -85.4631572488    0.437391
 6834  27336.00      -72.4314    -85.4794903955    -85.4670801855    0.337699
 6835  27340.00       68.3691    -85.4761582935    -85.4687443119    0.201745
 6836  27344.00      -62.7691    -85.4722529107    -85.4665284532    0.155770
 6837  27348.00       50.4094    -85.4858769953    -85.4773531173    0.231947
 6838  27352.00      -50.0384    -85.4842912758    -85.4714600601    0.349155
 6839  27356.00       51.6600    -85.4937021772    -85.4809553582    0.346859
 6840  27360.00       50.9530    -85.4865412430    -85.4771636726    0.255177
 6841  27364.00       55.5991    -85.4621240417    -85.4557061279    0.174640
 6842  27368.00       52.3689    -85.4685859173    -85.4616290194    0.189307
 6843  27372.00       54.8724    -85.4829630945    -85.4723623103    0.288462
 6844  27376.00      -56.8656    -85.4835833514    -85.4713386138    0.333196
 6845  27380.00      -57.2041    -85.4794358223    -85.4687482325    0.290824
 6846  27384.00      -59.3779    -85.4703694945    -85.4626424146    0.210265
 6847  27388.00      -64.3512    -85.4734679839    -85.4671854479    0.170957
 6848  27392.00       66.9882    -85.4746406904    -85.4665365494    0.220525
 6849  27396.00       69.4091    -85.4777432772    -85.4661842840    0.314536
 6850  27400.00       67.5883    -85.4951403984    -85.4813805894    0.374423
 6851  27404.00           nan               nan               nan         nan
 6852  27408.00       69.7470    -85.4657671548    -85.4566537695    0.247988
 6853  27412.00      -66.6692    -85.4880383078    -85.4810465924    0.190254
 6854  27416.00       64.1601    -85.4878123802    -85.4806805550    0.194067
 6855  27420.00      -63.5469    -85.4793292768    -85.4709606028    0.227723
 6856  27424.00      -60.5910    -85.4709834533    -85.4621334714    0.240820
 6857  27428.00       61.6224    -85.4733176882    -85.4647981202    0.231829
 6858  27432.00      -60.9041    -85.4712555092    -85.4630523943    0.223218
 6859  27436.00       59.1205    -85.4594897798    -85.4501420631    0.254364
 6860  27440.00       60.1568    -85.4719026710    -85.4608379815    0.301086
 6861  27444.00       60.8019    -85.4867938361    -85.4748936592    0.323820
 6862  27448.00      -63.6805    -85.4837189212    -85.4730830221    0.289418
 6863  27452.00      -74.4686    -85.4801827765    -85.4712968132    0.241799
 6864  27456.00      -75.1894    -85.4824748676    -85.4738008925    0.236031
 6865  27460.00      -74.5192    -85.4805117755    -85.4700391012    0.284976
 6866  27464.00      -71.6668    -85.4714087715    -85.4594457907    0.325529
 6867  27468.00       71.4268    -85.4758470238    -85.4643010258    0.314183
 6868  27472.00       75.7976    -85.4835049425    -85.4741991349    0.253224
 6869  27476.00       76.0735    -85.4772408301    -85.4698565189    0.200937
 6870  27480.00      -71.6929    -85.4765180735    -85.4689884713    0.204891
 6871  27484.00       70.6341    -85.4818563713    -85.4722442406    0.261559
 6872  27488.00      -64.4435    -85.4788081604    -85.4668536336    0.325299
 6873  27492.00       62.4581    -85.4763156750    -85.4640655082    0.333344
 6874  27496.00       64.1834    -85.4777700231    -85.4678784957    0.269162
 6875  27500.00       61.3934    -85.4793800264    -85.4721382212    0.197060
 6876  27504.00      -63.9648    -85.4759170033    -85.4702249099    0.154890
 6877  27508.00       65.6716    -85.4731740255    -85.4676541098    0.150205
 6878  27512.00       64.5700    -85.4807874427    -85.4731821912    0.206949
 6879  27516.00      -64.9360    -85.4808317122    -85.4706679472    0.276570
 6880  27520.00       62.0922    -85.4882307174    -85.4774228185    0.294098
 6881  27524.00       66.6937    -85.4856451645    -85.4751714536    0.285004
 6882  27528.00      -70.1173    -85.4697526832    -85.4598114617    0.270514
 6883  27532.00       70.5022    -85.4717264085    -85.4617596147    0.271210
 6884  27536.00      -73.0071    -85.4781485158    -85.4675749130    0.287722
 6885  27540.00       72.2713    -85.4791139327    -85.4688966057    0.278028
 6886  27544.00      -70.6149    -85.4742681260    -85.4658785819    0.228291
 6887  27548.00       75.5166    -85.4587185043    -85.4515924542    0.193910
 6888  27552.00       74.4913    -85.4677092936    -85.4602723792    0.202369
 6889  27556.00      -71.7350    -85.4808705093    -85.4721689424    0.236782
 6890  27560.00      -68.9116    -85.4628705766    -85.4541888583    0.236242
 6891  27564.00      -64.2558    -85.4648036000    -85.4582357545    0.178720
 6892  27568.00       63.4552    -85.4757027265    -85.4705496873    0.140221
 6893  27572.00       61.3966    -85.4735463953    -85.4676706415    0.159887
 6894  27576.00       61.6282    -85.4830833582    -85.4734129873    0.263144
 6895  27580.00           nan               nan               nan         nan
 6896  27584.00       59.6164    -85.4743925894    -85.4646479354    0.265166
 6897  27588.00       66.1132    -85.4745841708    -85.4690530551    0.150509
 6898  27592.00       71.3580    -85.4709247634    -85.4656626445    0.143190
 6899  27596.00       68.7418    -85.4866298216    -85.4803418834    0.171104
 6900  27600.00       70.5317    -85.4825443877    -85.4708755131    0.317526
 6901  27604.00       76.3283    -85.4734801460    -85.4597093073    0.374724
 6902  27608.00      -77.6268    -85.4753930727    -85.4644083479    0.298910
 6903  27612.00       85.3717    -85.4729697203    -85.4653215594    0.208117
 6904  27616.00      -88.0452    -85.4699735247    -85.4627140763    0.197540
 6905  27620.00       77.6721    -85.4658132009    -85.4567912653    0.245499
 6906  27624.00      -70.0409    -85.4697425184    -85.4580916781    0.317036
 6907  27628.00       61.4736    -85.4827530546    -85.4727268411    0.272827
 6908  27632.00      -59.1071    -85.4765815175    -85.4694384645    0.194372
 6909  27636.00       58.2638    -85.4671663529    -85.4604021473    0.184063
 6910  27640.00       56.8244    -85.4644483767    -85.4552078788    0.251447
 6911  27644.00      -53.5672    -85.4743686114    -85.4625498666    0.321604
 6912  27648.00       54.9204    -85.4934141024    -85.4822330371    0.304252
 6913  27652.00      -52.6762    -85.4780582791    -85.4693795320    0.236161
 6914  27656.00       52.3668    -85.4792700624    -85.4715145947    0.211037
 6915  27660.00      -47.9014    -85.4809386587    -85.4721874764    0.238132
 6916  27664.00      -46.2485    -85.4709982257    -85.4606299936    0.282134
 6917  27668.00      -47.7891    -85.4713067936    -85.4613264836    0.271578
 6918  27672.00      -50.8415    -85.4610517347    -85.4528314887    0.223684
 6919  27676.00      -53.4932    -85.4629020783    -85.4558442950    0.192052
 6920  27680.00      -57.1040    -85.4704771943    -85.4627214180    0.211045
 6921  27684.00       58.8174    -85.4668332118    -85.4570253977    0.266884
 6922  27688.00      -60.6206    -85.4765421765    -85.4662601088    0.279789
 6923  27692.00      -64.0594    -85.4738203885    -85.4646912463    0.248417
 6924  27696.00      -60.9540    -85.4700422955    -85.4620923389    0.216329
 6925  27700.00      -61.0742    -85.4724770358    -85.4654836259    0.190300
 6926  27704.00       54.9294    -85.4753915347    -85.4692562086    0.166951
 6927  27708.00      -48.2794    -85.4794303871    -85.4732077787    0.169326
 6928  27712.00       37.0020    -85.4659153303    -85.4587582773    0.194753
 6929  27716.00      -34.8277    -85.4746124244    -85.4652410795    0.255007
 6930  27720.00       35.6505    -85.4825608335    -85.4719261275    0.289385
 6931  27724.00       39.8594    -85.4737022861    -85.4649913411    0.237037
 6932  27728.00      -49.2284    -85.4795827232    -85.4742420900    0.145326
 6933  27732.00       51.4044    -85.4731488123    -85.4692090588    0.107206
 6934  27736.00       48.4731    -85.4693422378    -85.4646661939    0.127242
 6935  27740.00       49.9578    -85.4774855566    -85.4694570292    0.218467
 6936  27744.00      -54.7478    -85.4723169993    -85.4628957311    0.256366
 6937  27748.00       61.0600    -85.4725091237    -85.4640281966    0.230778
 6938  27752.00       65.7889    -85.4752600039    -85.4689715603    0.171117
 6939  27756.00      -66.2205    -85.4781504068    -85.4728032212    0.145504
 6940  27760.00       68.5135    -85.4887943919    -85.4823986333    0.174037
 6941  27764.00       69.8772    -85.4664013805    -85.4578345167    0.233116
 6942  27768.00       71.8225    -85.4663883386    -85.4565597671    0.267449
 6943  27772.00       69.7954    -85.4782032738    -85.4688802675    0.253692
 6944  27776.00      -67.7110    -85.4720230147    -85.4638739262    0.221748
 6945  27780.00      -68.6774    -85.4767836171    -85.4688884317    0.214839
 6946  27784.00      -68.2264    -85.4761358094    -85.4684664510    0.208694
 6947  27788.00      -69.9879    -85.4766074057    -85.4692286342    0.200787
 6948  27792.00      -70.1772    -85.4771400673    -85.4705079113    0.180470
 6949  27796.00       68.0777    -85.4670262025    -85.4603718996    0.181073
 6950  27800.00      -69.9512    -85.4789924409    -85.4702357239    0.238282
 6951  27804.00       71.1793    -85.4699447765    -85.4608822642    0.246604
 6952  27808.00      -74.4716    -85.4586674363    -85.4504348530    0.224020
 6953  27812.00       73.2295    -85.4742089059    -85.4672033846    0.190630
 6954  27816.00       73.3361    -85.4723565612    -85.4659972806    0.173045
 6955  27820.00       74.1124    -85.4728235032    -85.4656507801    0.195180
 6956  27824.00       75.8581    -85.4778391318    -85.4686318533    0.250543
 6957  27828.00       78.0894    -85.4797999628    -85.4691972670    0.288514
 6958  27832.00       76.3946    -85.4712507406    -85.4613808882    0.268572
 6959  27836.00      -80.0689    -85.4771296988    -85.4679411840    0.250032
 6960  27840.00       82.3701    -85.4784178795    -85.4686389275    0.266099
 6961  27844.00      -79.5344    -85.4660403011    -85.4565458279    0.258358
 6962  27848.00      -76.1252    -85.4668179681    -85.4578444480    0.244182
 6963  27852.00      -68.8718    -85.4659830057    -85.4570809577    0.242237
 6964  27856.00      -63.1956    -85.4609468384    -85.4516273125    0.253597
 6965  27860.00       62.7809    -85.4713320864    -85.4617296104    0.261297
 6966  27864.00       63.0813    -85.4702408523    -85.4611722325    0.246770
 6967  27868.00      -63.4349    -85.4735476224    -85.4656601611    0.214629
 6968  27872.00       63.6709    -85.4827833211    -85.4753917146    0.201136
 6969  27876.00      -63.6981    -85.4711549672    -85.4621358629    0.245422
 6970  27880.00      -60.0544    -85.4746737993    -85.4621273406    0.341407
 6971  27884.00      -61.5861    -85.4875866220    -85.4727345891    0.404144
 6972  27888.00       63.9294    -85.4823851535    -85.4694378887    0.352313
 6973  27892.00       66.4165    -85.4736775351    -85.4652453461    0.229452
 6974  27896.00      -75.1958    -85.4766768671    -85.4698504615    0.185756
 6975  27900.00      -76.5962    -85.4725079462    -85.4640520867    0.230096
 6976  27904.00      -76.5795    -85.4723309518    -85.4606252859    0.318527
 6977  27908.00       77.4754    -85.4698037087    -85.4557311776    0.382933
 6978  27912.00       79.8199    -85.4757112199    -85.4628826447    0.349083
 6979  27916.00       81.4715    -85.4758231291    -85.4651313122    0.290939
 6980  27920.00       77.3041    -85.4789657844    -85.4676312710    0.308428
 6981  27924.00      -69.2486    -85.4767241364    -85.4650826493    0.316781
 6982  27928.00       64.9133    -85.4756703103    -85.4651596019    0.286011
 6983  27932.00       66.6810    -85.4857374447    -85.4775574286    0.222590
 6984  27936.00       69.6598    -85.4762753184    -85.4699876093    0.171097
 6985  27940.00      -75.1837    -85.4693950135    -85.4613866792    0.217918
 6986  27944.00      -70.5286    -85.4842321598    -85.4731036909    0.302821
 6987  27948.00       77.9907    -85.4786355838    -85.4670884270    0.314214
 6988  27952.00       85.6605    -85.4671675719    -85.4576719017    0.258390
 6989  27956.00       89.9301    -85.4707903974    -85.4632135037    0.206178
 6990  27960.00      -94.9325    -85.4749511437    -85.4671003746    0.213630
 6991  27964.00       89.5685    -85.4769521820    -85.4664637845    0.285404
 6992  27968.00      -88.7831    -85.4754203138    -85.4622654309    0.357963
 6993  27972.00       93.7067    -85.4719617115    -85.4601149955    0.322366
 6994  27976.00      -90.9713    -85.4749215877    -85.4669256304    0.217581
 6995  27980.00      -91.3732    -85.4690544502    -85.4622564687    0.184982
 6996  27984.00       92.9294    -85.4621697480    -85.4552274046    0.188911
 6997  27988.00       89.5198    -85.4748918011    -85.4672477431    0.208005
 6998  27992.00      -89.2313    -85.4761423689    -85.4647270115    0.310628
 6999  27996.00      -84.9134    -85.4767831472    -85.4637654886    0.354229
 7000  28000.00      -81.8246    -85.4776457164    -85.4671967545    0.284331
 7001  28004.00      -83.2843    -85.4771268604    -85.4703005013    0.185755
 7002  28008.00       83.0838    -85.4869301887    -85.4808181776    0.166316
 7003  28012.00      -87.4822    -85.4818044251    -85.4753281148    0.176229
 7004  28016.00       88.3006    -85.4713926845    -85.4641745072    0.196417
 7005  28020.00      -82.6580    -85.4593536215    -85.4513587114    0.217553
 7006  28024.00       78.2146    -85.4685071147    -85.4609957303    0.204395
 7007  28028.00       76.4370    -85.4719538608    -85.4643799196    0.206097
 7008  28032.00       74.9332    -85.4631273681    -85.4544507908    0.236102
 7009  28036.00      -72.7868    -85.4663237937    -85.4566836239    0.262322
 7010  28040.00       72.0971    -85.4759510024    -85.4663218552    0.262022
 7011  28044.00      -71.5555    -85.4761629954    -85.4689331830    0.196733
 7012  28048.00       76.6879    -85.4727156310    -85.4665810107    0.166932
 7013  28052.00      -78.5148    -85.4788043395    -85.4725175814    0.171071
 7014  28056.00      -74.5809    -85.4719666808    -85.4650608496    0.187917
 7015  28060.00       68.2776    -85.4548441983    -85.4465406187    0.225952
 7016  28064.00       62.2812    -85.4697443430    -85.4606589712    0.247226
 7017  28068.00      -57.1585    -85.4850471964    -85.4772777138    0.211418
 7018  28072.00      -48.3226    -85.4797353897    -85.4725230655    0.196257
 7019  28076.00       43.0631    -85.4829806633    -85.4740025531    0.244307
 7020  28080.00       27.3006    -85.4808437244    -85.4700031268    0.294988
 7021  28084.00      -22.3568    -85.4706135793    -85.4593412076    0.306737
 7022  28088.00       28.0882    -85.4763376945    -85.4668488112    0.258206
 7023  28092.00      -36.6850    -85.4657848316    -85.4588564666    0.188530
 7024  28096.00       38.6737    -85.4656326056    -85.4599045626    0.155868
 7025  28100.00           nan               nan               nan         nan
 7026  28104.00      -31.9316    -85.4717928470    -85.4626647028    0.248389
 7027  28108.00       36.6690    -85.4703020067    -85.4573612706    0.352135
 7028  28112.00       38.1752    -85.4760776394    -85.4621500799    0.378988
 7029  28116.00       48.1470    -85.4838374804    -85.4715170333    0.335256
 7030  28120.00       50.2961    -85.4835777294    -85.4739959366    0.260734
 7031  28124.00       51.2034    -85.4644230722    -85.4568300862    0.206616
 7032  28128.00      -54.0928    -85.4604632868    -85.4523736889    0.220129
 7033  28132.00       44.5332    -85.4744344890    -85.4652423407    0.250131
 7034  28136.00       40.6069    -85.4772421309    -85.4666026376    0.289515
 7035  28140.00       39.3828    -85.4766110926    -85.4662259197    0.282595
 7036  28144.00       35.4878    -85.4765131798    -85.4683588264    0.221891
 7037  28148.00       38.1782    -85.4710851197    -85.4627481239    0.226861
 7038  28152.00      -29.0492    -85.4771588962    -85.4669447908    0.277940
 7039  28156.00      -19.1110    -85.4700979239    -85.4579123344    0.331587
 7040  28160.00       17.8933    -85.4723278083    -85.4598965698    0.338271
 7041  28164.00       23.6702    -85.4752150157    -85.4657619856    0.257230
 7042  28168.00       32.3783    -85.4651023447    -85.4579768678    0.193894
 7043  28172.00       35.6685    -85.4670224995    -85.4606091972    0.174515
 7044  28176.00       36.0638    -85.4683360294    -85.4616490069    0.181963
 7045  28180.00      -43.6499    -85.4692958762    -85.4613688586    0.215705
 7046  28184.00       41.5225    -85.4780208151    -85.4706785524    0.199793
 7047  28188.00       49.7905    -85.4765511186    -85.4683616978    0.222845
 7048  28192.00       51.2197    -85.4807006786    -85.4705835484    0.275301
 7049  28196.00      -53.4937    -85.4829753656    -85.4718122160    0.303765
 7050  28200.00      -51.4417    -85.4663428624    -85.4562387326    0.274947
 7051  28204.00      -53.4943    -85.4567582245    -85.4499052801    0.186478
 7052  28208.00      -52.6183    -85.4703403610    -85.4662476467    0.111368
 7053  28212.00       47.8597    -85.4817463629    -85.4771994448    0.123728
 7054  28216.00       42.9600    -85.4766156131    -85.4678538970    0.238418
 7055  28220.00       39.0448    -85.4687776509    -85.4565200823    0.333545
 7056  28224.00       38.8386    -85.4753041572    -85.4628179452    0.339767
 7057  28228.00       33.2081    -85.4850533740    -85.4764543020    0.233993
 7058  28232.00       42.3295    -85.4663963001    -85.4608919828    0.149780
 7059  28236.00       43.5648    -85.4631461348    -85.4576248040    0.150243
 7060  28240.00       43.9762    -85.4759160922    -85.4679406949    0.217022
 7061  28244.00       44.3815    -85.4853937773    -85.4750841398    0.280540
 7062  28248.00       40.5993    -85.4924468544    -85.4826235135    0.267307
 7063  28252.00       41.4892    -85.4740860674    -85.4658249976    0.224795
 7064  28256.00      -44.1428    -85.4808886009    -85.4731993816    0.209234
 7065  28260.00       47.5648    -85.4855093673    -85.4768311632    0.236146
 7066  28264.00      -41.3581    -85.4651291046    -85.4552964946    0.267559
 7067  28268.00       43.8359    -85.4664046193    -85.4565931227    0.266984
 7068  28272.00       53.5652    -85.4782058525    -85.4704220099    0.211809
 7069  28276.00      -55.3255    -85.4757910891    -85.4691058267    0.181915
 7070  28280.00       55.2966    -85.4695295677    -85.4611049107    0.229247
 7071  28284.00       53.1788    -85.4822263257    -85.4709210805    0.307631
 7072  28288.00       47.6694    -85.4832647463    -85.4715752526    0.318087
 7073  28292.00       50.3214    -85.4801281945    -85.4710857546    0.246057
 7074  28296.00       59.3082    -85.4748037668    -85.4672109164    0.206612
 7075  28300.00       60.0687    -85.4727198895    -85.4637727010    0.243465
 7076  28304.00       57.8083    -85.4847719480    -85.4723323582    0.338498
 7077  28308.00      -59.2043    -85.4794912990    -85.4629353551    0.450510
 7078  28312.00      -59.1005    -85.4763907397    -85.4594216313    0.461753
 7079  28316.00      -64.4444    -85.4913590393    -85.4789619145    0.337343
 7080  28320.00       64.7208    -85.4806482940    -85.4719794831    0.235890
 7081  28324.00      -59.5743    -85.4800852657    -85.4717441900    0.226972
 7082  28328.00      -59.3968    -85.4891429158    -85.4766855890    0.338981
 7083  28332.00      -61.4620    -85.4833092876    -85.4657410039    0.478057
 7084  28336.00      -66.7111    -85.4811963514    -85.4634612606    0.482596
 7085  28340.00       74.9762    -85.4825054663    -85.4678229718    0.399531
 7086  28344.00      -74.3935    -85.4738640689    -85.4624327676    0.311062
 7087  28348.00       74.8225    -85.4750101048    -85.4652455547    0.265707
 7088  28352.00      -76.4141    -85.4897071825    -85.4783477240    0.309107
 7089  28356.00      -71.0257    -85.4896186807    -85.4752444601    0.391142
 7090  28360.00      -65.5047    -85.4821145774    -85.4669721136    0.412047
 7091  28364.00      -65.5979    -85.4791615100    -85.4647375188    0.392497
 7092  28368.00       65.1776    -85.4882084610    -85.4751530608    0.355256
 7093  28372.00      -75.6278    -85.4889805192    -85.4753088897    0.372024
 7094  28376.00      -75.0043    -85.4783405163    -85.4623797438    0.434315
 7095  28380.00      -76.3913    -85.4774128595    -85.4607721858    0.452816
 7096  28384.00       77.3695    -85.4841690256    -85.4696971814    0.393799
 7097  28388.00      -80.8916    -85.4819973371    -85.4706431297    0.308964
 7098  28392.00      -88.4762    -85.4688017140    -85.4581464357    0.289945
 7099  28396.00       88.1916    -85.4656811643    -85.4520954792    0.369685
 7100  28400.00       85.8388    -85.4809290860    -85.4642192862    0.454697
 7101  28404.00      -87.4670    -85.4830580615    -85.4661368805    0.460449
 7102  28408.00      -95.6516    -85.4635500573    -85.4492459549    0.389234
 7103  28412.00     -107.1066    -85.4706724154    -85.4590464637    0.316358
 7104  28416.00     -112.2844    -85.4785779366    -85.4669747701    0.315738
 7105  28420.00     -113.6294    -85.4732746635    -85.4593144353    0.379877
 7106  28424.00      114.8989    -85.4703752938    -85.4544141635    0.434324
 7107  28428.00      114.6691    -85.4778145979    -85.4621705401    0.425696
 7108  28432.00     -113.6212    -85.4756362158    -85.4627572355    0.350455
 7109  28436.00      107.2074    -85.4718524942    -85.4609579861    0.296455
 7110  28440.00      100.6475    -85.4642818078    -85.4517629424    0.340656
 7111  28444.00      -91.3770    -85.4677100716    -85.4532509299    0.393453
 7112  28448.00      -92.7594    -85.4708617404    -85.4554612211    0.419069
 7113  28452.00      -91.2536    -85.4620847570    -85.4474754641    0.397539
 7114  28456.00      -91.7016    -85.4704088677    -85.4584301483    0.325958
 7115  28460.00      -90.3167    -85.4830412070    -85.4718211098    0.305314
 7116  28464.00       91.2839    -85.4791028548    -85.4666196503    0.339685
 7117  28468.00       93.1476    -85.4744154552    -85.4618164176    0.342837
 7118  28472.00      -91.1715    -85.4738989705    -85.4615363787    0.336403
 7119  28476.00      -90.3759    -85.4793137355    -85.4676088315    0.318507
 7120  28480.00       84.3434    -85.4696811085    -85.4593846722    0.280180
 7121  28484.00      -85.6933    -85.4651607998    -85.4535548738    0.315813
 7122  28488.00      -85.1522    -85.4721636158    -85.4586988992    0.366394
 7123  28492.00      -79.4156    -85.4748456146    -85.4605037503    0.390262
 7124  28496.00      -79.2331    -85.4835401021    -85.4693782372    0.385364
 7125  28500.00      -75.7090    -85.4810751273    -85.4685694270    0.340297
 7126  28504.00      -73.7256    -85.4745447939    -85.4627861448    0.319969
 7127  28508.00       74.0940    -85.4812932677    -85.4689401812    0.336145
 7128  28512.00       66.3429    -85.4816004703    -85.4691846348    0.337852
 7129  28516.00       60.7564    -85.4633976514    -85.4509559924    0.338555
 7130  28520.00       54.2746    -85.4666557822    -85.4556930431    0.298311
 7131  28524.00      -56.0710    -85.4805275018    -85.4709363621    0.260988
 7132  28528.00       55.5011    -85.4788883488    -85.4686613584    0.278291
 7133  28532.00       50.9164    -85.4817493166    -85.4696880561    0.328204
 7134  28536.00       45.2660    -85.4794833463    -85.4656843178    0.375491
 7135  28540.00       42.8233    -85.4761652738    -85.4640377399    0.330007
 7136  28544.00      -53.8331    -85.4665453039    -85.4576632015    0.241694
 7137  28548.00      -58.3309    -85.4583543624    -85.4506737979    0.208999
 7138  28552.00      -59.4335    -85.4757599543    -85.4663739720    0.255406
 7139  28556.00      -60.1412    -85.4784484139    -85.4659428156    0.340295
 7140  28560.00       60.1784    -85.4757525076    -85.4621940974    0.368943
 7141  28564.00      -66.4682    -85.4690502953    -85.4572746067    0.320433
 7142  28568.00       71.1341    -85.4721646438    -85.4629653794    0.250325
 7143  28572.00      -66.1567    -85.4772777005    -85.4686945085    0.233561
 7144  28576.00      -60.2914    -85.4769810928    -85.4656621693    0.308004
 7145  28580.00      -48.7539    -85.4771352014    -85.4629951383    0.384771
 7146  28584.00       45.6560    -85.4689028031    -85.4557091731    0.359017
 7147  28588.00       52.4216    -85.4689930331    -85.4598704942    0.248237
 7148  28592.00      -51.4646    -85.4730986470    -85.4669461715    0.167417
 7149  28596.00       52.4003    -85.4740963609    -85.4670469924    0.191823
 7150  28600.00      -52.7771    -85.4759971811    -85.4658158466    0.277048
 7151  28604.00       53.4828    -85.4765334802    -85.4649252117    0.315877
 7152  28608.00      -55.8513    -85.4773429693    -85.4672276932    0.275251
 7153  28612.00      -56.1949    -85.4772755881    -85.4703206199    0.189254
 7154  28616.00      -51.7159    -85.4713630730    -85.4657036782    0.154000
 7155  28620.00      -58.5265    -85.4720413996    -85.4628781208    0.249346
 7156  28624.00       57.8679    -85.4700395093    -85.4569433383    0.356365
 7157  28628.00      -56.6058    -85.4690572475    -85.4558376155    0.359725
 7158  28632.00      -60.5550    -85.4784706193    -85.4690927023    0.255186
 7159  28636.00       63.4778    -85.4770999626    -85.4716979500    0.146996
 7160  28640.00       64.5155    -85.4658692313    -85.4605523575    0.144680
 7161  28644.00       70.7393    -85.4743232231    -85.4653909539    0.243059
 7162  28648.00       70.6069    -85.4775317101    -85.4648909906    0.343971
 7163  28652.00      -72.1296    -85.4766913720    -85.4640422249    0.344201
 7164  28656.00      -65.6872    -85.4771309873    -85.4693515821    0.211688
 7165  28660.00       66.4195    -85.4631974834    -85.4581333333    0.137803
 7166  28664.00       66.5137    -85.4649411372    -85.4592974069    0.153574
 7167  28668.00       74.8220    -85.4853432100    -85.4744967383    0.295148
 7168  28672.00       81.6792    -85.4769589702    -85.4617306083    0.414385
 7169  28676.00      -83.2309    -85.4738415840    -85.4597010045    0.384785
 7170  28680.00      -87.2236    -85.4740982640    -85.4644892302    0.261475
 7171  28684.00      -90.6909    -85.4708979258    -85.4633076062    0.206543
 7172  28688.00       89.2756    -85.4720723372    -85.4631876350    0.241765
 7173  28692.00       91.0533    -85.4728651178    -85.4596501898    0.359597
 7174  28696.00      -88.3638    -85.4863073109    -85.4701339928    0.440098
 7175  28700.00       86.7045    -85.4820691325    -85.4678564604    0.386747
 7176  28704.00      -86.6060    -85.4780018681    -85.4678869946    0.275240
 7177  28708.00      -89.2029    -85.4734613454    -85.4643263441    0.248576
 7178  28712.00       87.2276    -85.4740008612    -85.4622395716    0.320041
 7179  28716.00       92.0976    -85.4742416262    -85.4595835067    0.398868
 7180  28720.00      -92.1658    -85.4753479883    -85.4611427578    0.386544
 7181  28724.00       91.1212    -85.4747860653    -85.4636985771    0.301706
 7182  28728.00      -90.5498    -85.4639316015    -85.4548212182    0.247906
 7183  28732.00      -95.4512    -85.4763148730    -85.4654372677    0.295995
 7184  28736.00      -94.2974    -85.4861955614    -85.4712377109    0.407024
 7185  28740.00      -86.4738    -85.4933839954    -85.4763841436    0.462590
 7186  28744.00      -74.0531    -85.4823156529    -85.4683274077    0.380640
 7187  28748.00      -72.3737    -85.4605401650    -85.4501764259    0.282012
 7188  28752.00      -77.1454    -85.4744323277    -85.4639055937    0.286447
 7189  28756.00       78.9727    -85.4881093790    -85.4743141226    0.375388
 7190  28760.00       82.1218    -85.4820372565    -85.4652103110    0.457885
 7191  28764.00       78.8252    -85.4843665788    -85.4692018134    0.412654
 7192  28768.00      -74.2664    -85.4646705092    -85.4546791044    0.271880
 7193  28772.00       80.2778    -85.4598053029    -85.4523921601    0.201722
 7194  28776.00      -71.2733    -85.4801235784    -85.4732797711    0.186229
 7195  28780.00       70.6692    -85.4894425808    -85.4803707371    0.246857
 7196  28784.00       66.4628    -85.4877688865    -85.4766262105    0.303208
 7197  28788.00       63.2653    -85.4821934631    -85.4712734150    0.297150
 7198  28792.00      -66.0635    -85.4787418065    -85.4682581867    0.285274
 7199  28796.00      -59.4076    -85.4709800850    -85.4620489213    0.243029
 7200  28800.00      -49.6149    -85.4689876447    -85.4620151505    0.189731
 7201  28804.00       51.2378    -85.4783417332    -85.4714919020    0.186393
 7202  28808.00      -50.2373    -85.4810093155    -85.4745342327    0.176196
 7203  28812.00      -52.8353    -85.4765556078    -85.4698075258    0.183625
 7204  28816.00      -58.8477    -85.4815887575    -85.4733938854    0.222994
 7205  28820.00      -51.0098    -85.4783320900    -85.4690350971    0.252984
 7206  28824.00       51.5553    -85.4891748528    -85.4793936838    0.266159
 7207  28828.00       51.9188    -85.4902554127    -85.4815333482    0.237339
 7208  28832.00       47.4583    -85.4732789412    -85.4664708288    0.185258
 7209  28836.00      -53.1033    -85.4738150236    -85.4679094046    0.160700
 7210  28840.00       47.2139    -85.4653263060    -85.4603210063    0.136201
 7211  28844.00      -46.0409    -85.4746691477    -85.4699408226    0.128664
 7212  28848.00       51.3537    -85.4850369147    -85.4793624233    0.154411
 7213  28852.00      -47.0853    -85.4742479824    -85.4681621321    0.165604
 7214  28856.00       44.9883    -85.4737546466    -85.4678229224    0.161410
 7215  28860.00      -43.0494    -85.4691040375    -85.4636540463    0.148302
 7216  28864.00      -36.9268    -85.4766449922    -85.4718394583    0.130765
 7217  28868.00       36.1009    -85.4824819905    -85.4760867965    0.174022
 7218  28872.00       36.4481    -85.4779846535    -85.4689021710    0.247147
 7219  28876.00      -27.6045    -85.4736331401    -85.4633108053    0.280885
 7220  28880.00      -34.8983    -85.4723613362    -85.4631658139    0.250223
 7221  28884.00       30.4097    -85.4849225910    -85.4796877143    0.142448
 7222  28888.00       31.5902    -85.4780920693    -85.4739449396    0.112849
 7223  28892.00      -41.2520    -85.4719262015    -85.4652896715    0.180589
 7224  28896.00      -34.8580    -85.4771607988    -85.4689583906    0.223199
 7225  28900.00      -36.8449    -85.4732213435    -85.4653846715    0.213247
 7226  28904.00      -42.2954    -85.4677118350    -85.4626759160    0.137034
 7227  28908.00       37.5903    -85.4650343645    -85.4617126202    0.090389
 7228  28912.00      -40.0687    -85.4780943747    -85.4726522803    0.148087
 7229  28916.00       32.4093    -85.4873355280    -85.4777340630    0.261269
 7230  28920.00       25.8846    -85.4829530929    -85.4723691875    0.288003
 7231  28924.00      -27.2457    -85.4762589011    -85.4692450889    0.190856
 7232  28928.00      -30.1079    -85.4779570008    -85.4746110065    0.091049
 7233  28932.00      -31.8426    -85.4821362821    -85.4779798579    0.113102
 7234  28936.00      -24.2096    -85.4784504574    -85.4699819944    0.230439
 7235  28940.00       -2.0769    -85.4778826947    -85.4655993241    0.334248
 7236  28944.00        3.4093    -85.4756515883    -85.4629393617    0.345917
 7237  28948.00       19.8596    -85.4869652440    -85.4772814420    0.263510
 7238  28952.00      -19.4448    -85.4876733796    -85.4806188094    0.191965
 7239  28956.00       23.5099    -85.4708115952    -85.4631497965    0.208488
 7240  28960.00       23.0383    -85.4798618111    -85.4709578070    0.242290
 7241  28964.00      -22.7458    -85.4793673949    -85.4696464040    0.264522
 7242  28968.00       31.3114    -85.4791555319    -85.4700577500    0.247563
 7243  28972.00       29.6386    -85.4866126829    -85.4791682494    0.202573
 7244  28976.00       27.9415    -85.4713629191    -85.4640830017    0.198097
 7245  28980.00      -29.9889    -85.4696273847    -85.4614730348    0.221891
 7246  28984.00       20.3361    -85.4649328028    -85.4560537975    0.241610
 7247  28988.00      -22.6457    -85.4624541887    -85.4522180453    0.278540
 7248  28992.00       30.7081    -85.4825857060    -85.4721061603    0.285163
 7249  28996.00      -32.8614    -85.4849742685    -85.4752408132    0.264861
 7250  29000.00       38.1620    -85.4768204371    -85.4679514500    0.241337
 7251  29004.00       30.8250    -85.4753011801    -85.4676661139    0.207761
 7252  29008.00       31.2269    -85.4789091321    -85.4715596036    0.199991
 7253  29012.00       36.4968    -85.4893586584    -85.4807424525    0.234459
 7254  29016.00      -34.2866    -85.4748694881    -85.4645958730    0.279559
 7255  29020.00      -34.0835    -85.4734644028    -85.4633285684    0.275810
 7256  29024.00       31.0526    -85.4845822544    -85.4772425399    0.199724
 7257  29028.00       38.1987    -85.4771884397    -85.4724494251    0.128955
 7258  29032.00      -47.6030    -85.4783004891    -85.4726325372    0.154233
 7259  29036.00       48.3682    -85.4798628921    -85.4720543911    0.212480
 7260  29040.00      -51.0864    -85.4819497974    -85.4721375113    0.267006
 7261  29044.00       51.9041    -85.4856024714    -85.4762908664    0.253382
 7262  29048.00      -48.6639    -85.4580741648    -85.4515017010    0.178846
 7263  29052.00       49.2591    -85.4751542669    -85.4682230522    0.188608
 7264  29056.00      -52.5233    -85.4984929398    -85.4891269960    0.254860
 7265  29060.00      -54.5853    -85.4847012069    -85.4736579977    0.300501
 7266  29064.00       56.3209    -85.4879366481    -85.4772988931    0.289468
 7267  29068.00      -57.7345    -85.4792377893    -85.4723967109    0.186155
 7268  29072.00       62.3564    -85.4697092115    -85.4643742992    0.145170
 7269  29076.00      -63.2859    -85.4853731326    -85.4777915656    0.206305
 7270  29080.00       66.3002    -85.4784522309    -85.4668328400    0.316180
 7271  29084.00       64.1762    -85.4760145443    -85.4632861559    0.346357
 7272  29088.00       65.6043    -85.4677670771    -85.4580548195    0.264284
 7273  29092.00      -70.2862    -85.4736294537    -85.4676072078    0.163874
 7274  29096.00       68.7844    -85.4855236869    -85.4802553364    0.143359
 7275  29100.00       67.3992    -85.4792675959    -85.4723137183    0.189225
 7276  29104.00           nan               nan               nan         nan
 7277  29108.00       65.8922    -85.4825733840    -85.4703241187    0.333319
 7278  29112.00      -72.4741    -85.4660416423    -85.4562368814    0.266801
 7279  29116.00      -79.9274    -85.4776701092    -85.4699507132    0.210055
 7280  29120.00      -84.4745    -85.4866371746    -85.4777640385    0.241450
 7281  29124.00      -85.7498    -85.4738839056    -85.4631592151    0.291834
 7282  29128.00       81.2013    -85.4670960141    -85.4562833281    0.294228
 7283  29132.00      -84.3686    -85.4654176690    -85.4561034665    0.253452
 7284  29136.00      -86.6728    -85.4853957039    -85.4765711106    0.240129
 7285  29140.00       85.4659    -85.4840854597    -85.4732515815    0.294805
 7286  29144.00      -79.5095    -85.4749930239    -85.4622559330    0.346594
 7287  29148.00      -78.7622    -85.4816138282    -85.4701079392    0.313091
 7288  29152.00      -85.4889    -85.4845161152    -85.4759916083    0.231964
 7289  29156.00       91.4461    -85.4714661040    -85.4642097700    0.197455
 7290  29160.00       85.6907    -85.4649754846    -85.4567927880    0.222663
 7291  29164.00      -77.2232    -85.4762039073    -85.4641963516    0.326742
 7292  29168.00      -73.6253    -85.4893242518    -85.4752610375    0.382680
 7293  29172.00       75.9670    -85.4714320823    -85.4596652326    0.320192
 7294  29176.00      -76.6505    -85.4708521652    -85.4615758402    0.252422
 7295  29180.00      -73.0459    -85.4865730265    -85.4769985261    0.260535
 7296  29184.00       71.2213    -85.4701848003    -85.4582809910    0.323919
 7297  29188.00       67.0400    -85.4745540688    -85.4608354439    0.373303
 7298  29192.00      -70.2675    -85.4835304615    -85.4708261093    0.345703
 7299  29196.00       72.9364    -85.4859538254    -85.4757909442    0.276546
 7300  29200.00       73.6420    -85.4825206720    -85.4724555468    0.273886
 7301  29204.00       71.7079    -85.4760122907    -85.4636675152    0.335918
 7302  29208.00       72.6253    -85.4835249340    -85.4699923006    0.368242
 7303  29212.00       75.7230    -85.4824124104    -85.4704766626    0.324788
 7304  29216.00      -76.5099    -85.4676801894    -85.4583948322    0.252667
 7305  29220.00      -76.5549    -85.4663388795    -85.4573086366    0.245725
 7306  29224.00       72.9700    -85.4805124423    -85.4684463599    0.328335
 7307  29228.00      -66.1319    -85.4830438831    -85.4675529719    0.421529
 7308  29232.00       63.6282    -85.4704528052    -85.4555506777    0.405508
 7309  29236.00      -62.4269    -85.4769529572    -85.4661762650    0.293249
 7310  29240.00      -61.6143    -85.4906598695    -85.4826200501    0.218775
 7311  29244.00       58.7484    -85.4780682515    -85.4693385732    0.237547
 7312  29248.00      -60.5252    -85.4781993971    -85.4663448191    0.322579
 7313  29252.00       64.2438    -85.4961785465    -85.4827062387    0.366600
 7314  29256.00      -67.3392    -85.4762134623    -85.4629681879    0.360422
 7315  29260.00      -69.9688    -85.4644318141    -85.4527158950    0.318806
 7316  29264.00      -68.4518    -85.4805109523    -85.4701912380    0.280814
 7317  29268.00       73.5631    -85.4831915097    -85.4730727624    0.275345
 7318  29272.00       74.8810    -85.4774553447    -85.4680400035    0.256204
 7319  29276.00      -73.6324    -85.4729474099    -85.4641380550    0.239715
 7320  29280.00       71.1037    -85.4759732872    -85.4659869673    0.271742
 7321  29284.00       73.0713    -85.4744269895    -85.4623748068    0.327957
 7322  29288.00       80.9929    -85.4712717967    -85.4574431732    0.376296
 7323  29292.00       84.2926    -85.4791187377    -85.4662237476    0.350891
 7324  29296.00      -81.2315    -85.4821393572    -85.4729289944    0.250627
 7325  29300.00       77.5128    -85.4720510342    -85.4640931974    0.216544
 7326  29304.00      -72.6412    -85.4700179171    -85.4605912949    0.256511
 7327  29308.00       73.5832    -85.4773242702    -85.4654116277    0.324160
 7328  29312.00       75.3035    -85.4798896544    -85.4670665373    0.348935
 7329  29316.00      -75.7807    -85.4800355517    -85.4695593193    0.285073
 7330  29320.00      -74.5862    -85.4781290318    -85.4694271276    0.236791
 7331  29324.00       74.6824    -85.4774483463    -85.4673321192    0.275277
 7332  29328.00       78.3046    -85.4676858188    -85.4558098843    0.323161
 7333  29332.00      -79.8715    -85.4785607289    -85.4670440380    0.313385
 7334  29336.00       79.6844    -85.4881977791    -85.4795064922    0.236502
 7335  29340.00       81.9255    -85.4756637930    -85.4689321137    0.183178
 7336  29344.00       90.9372    -85.4729278955    -85.4655418998    0.200983
 7337  29348.00       97.4237    -85.4781454254    -85.4680308537    0.275232
 7338  29352.00      -98.7495    -85.4718477105    -85.4592750963    0.342118
 7339  29356.00      -97.0452    -85.4723676852    -85.4610741750    0.307312
 7340  29360.00      -94.8154    -85.4810047217    -85.4719818142    0.245526
 7341  29364.00       91.6470    -85.4779499044    -85.4692052630    0.237954
 7342  29368.00      -90.4029    -85.4678257581    -85.4577855530    0.273208
 7343  29372.00      -86.4357    -85.4723135342    -85.4614725578    0.294998
 7344  29376.00      -81.6111    -85.4830288944    -85.4730122545    0.272567
 7345  29380.00      -84.4594    -85.4774036256    -85.4692419860    0.222090
 7346  29384.00       90.9859    -85.4752803679    -85.4678007222    0.203532
 7347  29388.00      -93.4795    -85.4688452511    -85.4609215298    0.215615
 7348  29392.00      -93.1420    -85.4696125124    -85.4612299368    0.228102
 7349  29396.00      -91.8274    -85.4661396433    -85.4575079343    0.234881
 7350  29400.00      -92.9966    -85.4706317296    -85.4620909230    0.232407
 7351  29404.00       99.2560    -85.4791857443    -85.4706752850    0.231581
 7352  29408.00      103.6128    -85.4704504335    -85.4616829706    0.238575
 7353  29412.00     -101.8941    -85.4598389607    -85.4515330177    0.226016
 7354  29416.00      -97.1922    -85.4584418232    -85.4507742087    0.208646
 7355  29420.00      -93.3277    -85.4755394155    -85.4674155118    0.221063
 7356  29424.00       86.8318    -85.4873730360    -85.4789001328    0.230559
 7357  29428.00      -89.0143    -85.4703306732    -85.4612802598    0.246274
 7358  29432.00       91.4793    -85.4596025655    -85.4510926970    0.231565
 7359  29436.00       95.3689    -85.4665640588    -85.4592060388    0.200222
 7360  29440.00      100.6644    -85.4695649142    -85.4616422354    0.215587
 7361  29444.00       99.8399    -85.4774539668    -85.4672814495    0.276808
 7362  29448.00     -100.1673    -85.4831765577    -85.4710691397    0.329460
 7363  29452.00       98.6823    -85.4712316050    -85.4601433081    0.301728
 7364  29456.00       95.1907    -85.4621019677    -85.4540202405    0.219915
 7365  29460.00       91.3332    -85.4726462640    -85.4658460579    0.185043
 7366  29464.00       91.6391    -85.4771350356    -85.4696409271    0.203925
 7367  29468.00      -92.3291    -85.4793413788    -85.4685847623    0.292702
 7368  29472.00      -93.8298    -85.4698651601    -85.4569958998    0.350190
 7369  29476.00     -104.6834    -85.4649281888    -85.4535292163    0.310182
 7370  29480.00      108.9458    -85.4774999764    -85.4677618554    0.264988
 7371  29484.00      110.8987    -85.4859900186    -85.4746166506    0.309485
 7372  29488.00      109.9460    -85.4808229005    -85.4658473096    0.407507
 7373  29492.00      106.9994    -85.4727053433    -85.4569754328    0.428033
 7374  29496.00     -102.7837    -85.4700339963    -85.4576066767    0.338165
 7375  29500.00           nan               nan               nan         nan
 7376  29504.00     -100.6488    -85.4780537078    -85.4691132178    0.243283
 7377  29508.00       94.4415    -85.4889600913    -85.4758589128    0.356501
 7378  29512.00      -91.7793    -85.4741367426    -85.4573515701    0.456748
 7379  29516.00       97.4974    -85.4829195148    -85.4676695137    0.414974
 7380  29520.00      105.2739    -85.4797144488    -85.4693968751    0.280755
 7381  29524.00     -107.4000    -85.4633133850    -85.4545665423    0.238014
 7382  29528.00      105.8392    -85.4923748764    -85.4812562452    0.302553
 7383  29532.00      -98.0285    -85.4969835178    -85.4821101657    0.404725
 7384  29536.00      -90.1524    -85.4759018793    -85.4612141920    0.399672
 7385  29540.00      -87.5037    -85.4775051392    -85.4663967268    0.302275
 7386  29544.00       83.7118    -85.4808740413    -85.4721390200    0.237692
 7387  29548.00       79.4995    -85.4812580049    -85.4705972128    0.290095
 7388  29552.00      -76.8489    -85.4719521253    -85.4574548930    0.394490
 7389  29556.00       76.6557    -85.4768492817    -85.4609072394    0.433805
 7390  29560.00      -83.5386    -85.4860148764    -85.4723699881    0.371296
 7391  29564.00       86.8542    -85.4822674180    -85.4709927616    0.306799
 7392  29568.00       82.9521    -85.4826201005    -85.4703404672    0.334146
 7393  29572.00       82.9824    -85.4860659889    -85.4706733513    0.418855
 7394  29576.00      -81.5527    -85.4821546924    -85.4669720201    0.413142
 7395  29580.00       79.5347    -85.4688160145    -85.4575397835    0.306842
 7396  29584.00      -80.3947    -85.4693233967    -85.4614691743    0.213724
 7397  29588.00      -72.8595    -85.4820929233    -85.4749084030    0.195501
 7398  29592.00       66.6115    -85.4904652173    -85.4794992749    0.298398
 7399  29596.00       59.7084    -85.4839433823    -85.4679352653    0.435603
 7400  29600.00       57.7618    -85.4896417998    -85.4731776668    0.448012
 7401  29604.00       59.5108    -85.4881892553    -85.4756288212    0.341787
 7402  29608.00      -61.7320    -85.4781260233    -85.4694513871    0.236049
 7403  29612.00      -61.4394    -85.4828855343    -85.4745071337    0.227988
 7404  29616.00      -58.2644    -85.4750630970    -85.4646634810    0.282988
 7405  29620.00       56.7541    -85.4757559228    -85.4639669709    0.320794
 7406  29624.00      -59.0987    -85.4727469698    -85.4610105604    0.319364
 7407  29628.00      -58.5306    -85.4807725585    -85.4710023284    0.265862
 7408  29632.00       53.3961    -85.4935215837    -85.4851949243    0.226580
 7409  29636.00      -52.7925    -85.4798339858    -85.4710694959    0.238494
 7410  29640.00       52.4689    -85.4767135183    -85.4677539938    0.243801
 7411  29644.00       53.3551    -85.4664072694    -85.4571372434    0.252250
 7412  29648.00      -56.9547    -85.4742332256    -85.4648748086    0.254655
 7413  29652.00      -59.0222    -85.4963860092    -85.4879421710    0.229769
 7414  29656.00      -60.5663    -85.4775432446    -85.4695885475    0.216458
 7415  29660.00      -61.2941    -85.4841218785    -85.4774685272    0.181047
 7416  29664.00       60.3149    -85.4812287291    -85.4757630121    0.148730
 7417  29668.00       56.0689    -85.4644884631    -85.4582015075    0.171077
 7418  29672.00      -53.8569    -85.4820823409    -85.4731522463    0.243000
 7419  29676.00      -49.8991    -85.4858091633    -85.4748935762    0.297028
 7420  29680.00       47.9837    -85.4794632105    -85.4677603976    0.318450
 7421  29684.00       44.8386    -85.4751263614    -85.4649025842    0.278203
 7422  29688.00       38.0301    -85.4792161743    -85.4704612534    0.238234
 7423  29692.00      -39.8479    -85.4851987521    -85.4766107122    0.233692
 7424  29696.00       37.0899    -85.4777989580    -85.4704920649    0.198831
 7425  29700.00       46.1923    -85.4733628609    -85.4678144166    0.150981
 7426  29704.00      -54.4184    -85.4713381046    -85.4669205284    0.120208
 7427  29708.00      -52.1825    -85.4718054439    -85.4670610400    0.129102
 7428  29712.00      -47.3991    -85.4888337833    -85.4798541981    0.244347
 7429  29716.00       40.9112    -85.4839294375    -85.4710223327    0.351220
 7430  29720.00      -30.4194    -85.4696841916    -85.4571708749    0.340505
 7431  29724.00       39.0963    -85.4725345329    -85.4638057595    0.237522
 7432  29728.00       41.5694    -85.4741724573    -85.4693212586    0.132008
 7433  29732.00       30.5716    -85.4836558890    -85.4778269090    0.158615
 7434  29736.00      -29.4355    -85.4918967576    -85.4804985132    0.310162
 7435  29740.00      -25.5494    -85.4856513895    -85.4707484786    0.405529
 7436  29744.00      -27.0563    -85.4778029831    -85.4633471760    0.393363
 7437  29748.00      -34.3017    -85.4656949102    -85.4566777757    0.245369
 7438  29752.00      -26.3137    -85.4681500920    -85.4626293573    0.150227
 7439  29756.00       26.3737    -85.4865408340    -85.4786498088    0.214726
 7440  29760.00       29.4097    -85.4883478438    -85.4773218581    0.300032
 7441  29764.00       17.3387    -85.4727595477    -85.4595720691    0.358850
 7442  29768.00       28.5008    -85.4748845157    -85.4638135891    0.301255
 7443  29772.00      -31.6496    -85.4838057927    -85.4765631221    0.197083
 7444  29776.00      -23.6132    -85.4846066611    -85.4779710058    0.180565
 7445  29780.00      -32.7820    -85.4761030239    -85.4681546435    0.216286
 7446  29784.00      -29.3044    -85.4885765487    -85.4800611001    0.231717
 7447  29788.00       32.9252    -85.4805779194    -85.4724617565    0.220852
 7448  29792.00      -44.1742    -85.4698606198    -85.4626164801    0.197123
 7449  29796.00      -40.0395    -85.4750177982    -85.4669192477    0.220373
 7450  29800.00      -37.1609    -85.4727439629    -85.4610266770    0.318844
 7451  29804.00      -31.0105    -85.4827592463    -85.4685486116    0.386691
 7452  29808.00      -27.7626    -85.4859056452    -85.4732118846    0.345415
 7453  29812.00      -32.6990    -85.4730630366    -85.4647632260    0.225849
 7454  29816.00      -33.7557    -85.4836901461    -85.4778922835    0.157768
 7455  29820.00      -37.3330    -85.4854760117    -85.4783454890    0.194031
 7456  29824.00       39.4019    -85.4801429186    -85.4718870039    0.224655
 7457  29828.00      -34.1958    -85.4804724942    -85.4717286470    0.237932
 7458  29832.00       31.9012    -85.4842849347    -85.4772455227    0.191552
 7459  29836.00      -38.9078    -85.4782344119    -85.4735691525    0.126948
 7460  29840.00      -40.3816    -85.4666626845    -85.4609347843    0.155864
 7461  29844.00      -40.4606    -85.4802205101    -85.4725327556    0.209194
 7462  29848.00      -39.8807    -85.4858023123    -85.4783114626    0.203836
 7463  29852.00       40.9247    -85.4690775055    -85.4626772090    0.174161
 7464  29856.00      -42.9201    -85.4648561657    -85.4603643924    0.122227
 7465  29860.00      -43.7641    -85.4689590087    -85.4641500663    0.130858
 7466  29864.00      -50.7292    -85.4820794557    -85.4736348107    0.229790
 7467  29868.00      -51.9891    -85.4873451040    -85.4766939166    0.289834
 7468  29872.00      -52.7655    -85.4786847427    -85.4694592854    0.251037
 7469  29876.00      -60.2480    -85.4774815373    -85.4712872759    0.168554
 7470  29880.00       64.4249    -85.4628953983    -85.4570897457    0.157980
 7471  29884.00       63.9666    -85.4662072854    -85.4583695911    0.213275
 7472  29888.00       65.4413    -85.4789720378    -85.4690758654    0.269289
 7473  29892.00      -65.1455    -85.4731265965    -85.4634722271    0.262709
 7474  29896.00      -66.8071    -85.4752395710    -85.4678634837    0.200714
 7475  29900.00       66.0274    -85.4703449552    -85.4644940350    0.159212
 7476  29904.00       65.0761    -85.4854762839    -85.4788093439    0.181417
 7477  29908.00       69.5924    -85.4885837880    -85.4788096552    0.265968
 7478  29912.00      -70.5735    -85.4818001392    -85.4705107058    0.307201
 7479  29916.00      -75.3192    -85.4849919151    -85.4746524262    0.281352
 7480  29920.00      -80.1260    -85.4751371730    -85.4663566100    0.238931
 7481  29924.00       79.4785    -85.4608284131    -85.4514922147    0.254051
 7482  29928.00      -76.4045    -85.4670245866    -85.4546302923    0.337266
 7483  29932.00       77.5938    -85.4829071099    -85.4690975160    0.375778
 7484  29936.00      -78.0104    -85.4819685894    -85.4697909839    0.331370
 7485  29940.00       77.9989    -85.4676266572    -85.4581674069    0.257399
 7486  29944.00      -81.4306    -85.4762906328    -85.4680393280    0.224529
 7487  29948.00       76.6547    -85.4820781610    -85.4726521074    0.256496
 7488  29952.00       79.2955    -85.4771045720    -85.4653900470    0.318768
 7489  29956.00      -79.3230    -85.4749120027    -85.4619812637    0.351863
 7490  29960.00      -80.1270    -85.4762240605    -85.4634495349    0.347613
 7491  29964.00      -78.2091    -85.4765778941    -85.4659328551    0.289666
 7492  29968.00       73.8362    -85.4765786578    -85.4670746694    0.258617
 7493  29972.00       71.8137    -85.4712735160    -85.4615887767    0.263535
 7494  29976.00       72.1818    -85.4767546125    -85.4673015563    0.257231
 7495  29980.00      -68.1613    -85.4786852311    -85.4691643274    0.259077
 7496  29984.00      -62.7870    -85.4715299904    -85.4601650598    0.309256
 7497  29988.00      -55.2933    -85.4757290324    -85.4620653401    0.371808
 7498  29992.00      -54.0001    -85.4846675037    -85.4703141513    0.390575
 7499  29996.00       56.8297    -85.4800657299    -85.4684923211    0.314928
 7500  30000.00      -54.8910    -85.4793454880    -85.4713375420    0.217907
 7501  30004.00      -56.9391    -85.4863090985    -85.4796550152    0.181067
 7502  30008.00      -55.5283    -85.4785055888    -85.4714793229    0.191194
 7503  30012.00       52.7804    -85.4675601988    -85.4591544345    0.228732
 7504  30016.00       52.8753    -85.4808966394    -85.4729178646    0.217114
 7505  30020.00      -52.8249    -85.4844221931    -85.4786571212    0.156876
 7506  30024.00       53.2866    -85.4719673792    -85.4666188124    0.145542
 7507  30028.00      -43.7519    -85.4791701020    -85.4730118674    0.167574
 7508  30032.00      -39.8090    -85.4765071742    -85.4686781191    0.213039
 7509  30036.00      -42.0606    -85.4710040590    -85.4619663680    0.245928
 7510  30040.00       43.4311    -85.4815825323    -85.4743239975    0.197515
 7511  30044.00       40.1342    -85.4903760589    -85.4849375857    0.147988
 7512  30048.00      -40.2198    -85.4940809604    -85.4874787582    0.179655
 7513  30052.00       34.1938    -85.4729708268    -85.4641788630    0.239242
 7514  30056.00       36.0944    -85.4702382885    -85.4604069972    0.267523
 7515  30060.00      -39.6442    -85.4875439506    -85.4798788168    0.208579
 7516  30064.00      -37.7892    -85.4750053876    -85.4705722762    0.120631
 7517  30068.00       40.0379    -85.4621657002    -85.4584413367    0.101345
 7518  30072.00      -37.7329    -85.4728632158    -85.4687427613    0.112123
 7519  30076.00       37.5175    -85.4940133441    -85.4870583704    0.189254
 7520  30080.00       41.0245    -85.4879565279    -85.4801047769    0.213657
 7521  30084.00       37.3591    -85.4691598284    -85.4636315791    0.150431
 7522  30088.00      -36.9837    -85.4763453432    -85.4721000315    0.115521
 7523  30092.00       38.2389    -85.4822482181    -85.4785980066    0.099327
 7524  30096.00       36.6511    -85.4733509291    -85.4694921063    0.105004
 7525  30100.00       40.3335    -85.4803786896    -85.4742665720    0.166319
 7526  30104.00      -41.6540    -85.4780256042    -85.4687908889    0.251289
 7527  30108.00      -39.6052    -85.4666225924    -85.4545548556    0.328380
 7528  30112.00      -40.1589    -85.4694755486    -85.4570682282    0.337620
 7529  30116.00      -40.8609    -85.4766623477    -85.4676041264    0.246487
 7530  30120.00      -41.9924    -85.4785811032    -85.4728768291    0.155221
 7531  30124.00      -41.8813    -85.4771904091    -85.4722664830    0.133987
 7532  30128.00      -40.6512    -85.4747235927    -85.4687380695    0.162874
 7533  30132.00       45.2377    -85.4762283566    -85.4679548116    0.225135
 7534  30136.00      -43.4688    -85.4739987681    -85.4660383533    0.216614
 7535  30140.00       44.8153    -85.4723098488    -85.4654459189    0.186777
 7536  30144.00      -47.3159    -85.4684374786    -85.4606825444    0.211023
 7537  30148.00       49.6460    -85.4860694906    -85.4771033338    0.243982
 7538  30152.00       51.9785    -85.4894646263    -85.4790292526    0.283961
 7539  30156.00       53.4975    -85.4721626843    -85.4628154194    0.254352
 7540  30160.00      -54.4467    -85.4813884420    -85.4740329342    0.200154
 7541  30164.00      -54.6834    -85.4841396802    -85.4757915287    0.227165
 7542  30168.00       51.8511    -85.4717718701    -85.4606161276    0.303563
 7543  30172.00       49.3775    -85.4811537348    -85.4667581437    0.391724
 7544  30176.00       51.2075    -85.4929777491    -85.4781091238    0.404596
 7545  30180.00      -52.5720    -85.4861098274    -85.4739326579    0.331358
 7546  30184.00       57.3224    -85.4775526022    -85.4668914781    0.290104
 7547  30188.00       58.8798    -85.4844304662    -85.4737270905    0.291254
 7548  30192.00       60.5349    -85.4872765315    -85.4751916298    0.328847
 7549  30196.00       59.9310    -85.4785751246    -85.4654770778    0.356416
 7550  30200.00       56.9477    -85.4716676910    -85.4602353266    0.311090
 7551  30204.00       60.4533    -85.4679920476    -85.4583330644    0.262834
 7552  30208.00       65.4726    -85.4833770582    -85.4733849663    0.271899
 7553  30212.00      -67.1282    -85.4808918089    -85.4697650068    0.302776
 7554  30216.00      -66.6447    -85.4679328212    -85.4558280061    0.329389
 7555  30220.00      -68.0345    -85.4802065045    -85.4670492233    0.358028
 7556  30224.00      -70.4336    -85.4886859310    -85.4751883787    0.367287
 7557  30228.00       80.1183    -85.4926358899    -85.4782158856    0.392388
 7558  30232.00      -88.4273    -85.4858082235    -85.4704471618    0.417996
 7559  30236.00       90.8788    -85.4685816014    -85.4542844712    0.389045
 7560  30240.00      -88.5256    -85.4664164677    -85.4536987546    0.346067
 7561  30244.00      -89.8483    -85.4769497364    -85.4664497386    0.285719
 7562  30248.00      -90.6902    -85.4813609237    -85.4712008481    0.276470
 7563  30252.00      -89.6545    -85.4831002231    -85.4713346920    0.320156
 7564  30256.00      -81.7922    -85.4853348816    -85.4734348706    0.323816
 7565  30260.00       75.9080    -85.4712493200    -85.4593057484    0.325001
 7566  30264.00       82.5072    -85.4681596522    -85.4576446127    0.286129
 7567  30268.00      -90.5858    -85.4787478534    -85.4691634248    0.260806
 7568  30272.00       98.8681    -85.4771596760    -85.4664184625    0.292283
 7569  30276.00       99.6603    -85.4835188326    -85.4718608268    0.317230
 7570  30280.00     -103.9914    -85.4760040728    -85.4638075933    0.331883
 7571  30284.00      107.5415    -85.4785813398    -85.4663803596    0.332006
 7572  30288.00     -112.4324    -85.4825928521    -85.4711592296    0.311125
 7573  30292.00      109.4897    -85.4768286874    -85.4656112980    0.305241
 7574  30296.00      -99.5912    -85.4769060415    -85.4648881209    0.327024
 7575  30300.00       94.0308    -85.4698066575    -85.4565402860    0.360996
 7576  30304.00       97.2722    -85.4845119596    -85.4706234112    0.377927
 7577  30308.00      103.7782    -85.4878596855    -85.4748646694    0.353612
 7578  30312.00      104.9541    -85.4755681125    -85.4638296679    0.319419
 7579  30316.00      -99.5672    -85.4816573478    -85.4704800342    0.304150
 7580  30320.00      -95.3456    -85.4826222696    -85.4722485950    0.282282
 7581  30324.00      -96.8087    -85.4760482754    -85.4657882609    0.279189
 7582  30328.00       92.5951    -85.4757081413    -85.4651432781    0.287485
 7583  30332.00      -84.3667    -85.4806975629    -85.4714339734    0.252075
 7584  30336.00      -73.8119    -85.4864872691    -85.4785828152    0.215091
 7585  30340.00       68.7217    -85.4784911534    -85.4707259321    0.211302
 7586  30344.00      -69.2385    -85.4683785732    -85.4604086615    0.216872
 7587  30348.00       71.7306    -85.4808214689    -85.4709256716    0.269278
 7588  30352.00      -64.4670    -85.4849126873    -85.4729439858    0.325685
 7589  30356.00       59.1952    -85.4825833089    -85.4709574682    0.316355
 7590  30360.00       62.1150    -85.4834313285    -85.4734578132    0.271393
 7591  30364.00      -65.1568    -85.4768995606    -85.4687650860    0.221350
 7592  30368.00       68.6111    -85.4780775305    -85.4698070485    0.225051
 7593  30372.00       66.7370    -85.4824505272    -85.4727777153    0.263211
 7594  30376.00      -62.3645    -85.4752923591    -85.4651950227    0.274763
 7595  30380.00      -64.4411    -85.4699797421    -85.4608854853    0.247467
 7596  30384.00      -55.7693    -85.4639613989    -85.4576708054    0.171176
 7597  30388.00      -56.2122    -85.4699722726    -85.4640155791    0.162090
 7598  30392.00      -53.2075    -85.4782124968    -85.4693345794    0.241580
 7599  30396.00       42.4418    -85.4736788918    -85.4621662435    0.313275
 7600  30400.00      -45.5815    -85.4751029502    -85.4640483621    0.300811
 7601  30404.00      -49.2595    -85.4816600255    -85.4740081150    0.208219
 7602  30408.00      -49.5309    -85.4846502483    -85.4794126264    0.142523
 7603  30412.00      -53.3995    -85.4851620578    -85.4783319127    0.185858
 7604  30416.00       44.8354    -85.4872707567    -85.4766584546    0.288775
 7605  30420.00       41.5421    -85.4885960587    -85.4752982894    0.361851
 7606  30424.00       43.5142    -85.4784856181    -85.4672263532    0.306380
 7607  30428.00       42.2621    -85.4770091539    -85.4697799899    0.196716
 7608  30432.00       43.6402    -85.4748648219    -85.4692965849    0.151519
 7609  30436.00       48.3900    -85.4868011221    -85.4786901483    0.220711
 7610  30440.00       54.6316    -85.4850818190    -85.4741915537    0.296339
 7611  30444.00      -65.2059    -85.4725076182    -85.4611463804    0.309155
 7612  30448.00       70.8941    -85.4754383897    -85.4666427537    0.239341
 7613  30452.00       72.9742    -85.4725036747    -85.4665051795    0.163227
 7614  30456.00       81.1713    -85.4707689421    -85.4639486561    0.185589
 7615  30460.00       75.0157    -85.4773018396    -85.4680914705    0.250627
 7616  30464.00       76.3479    -85.4887556930    -85.4764555296    0.334704
 7617  30468.00      -71.0485    -85.4833654345    -85.4695753296    0.375248
 7618  30472.00       71.4353    -85.4739462217    -85.4622641357    0.317886
 7619  30476.00      -79.3324    -85.4706526783    -85.4604671920    0.277161
 7620  30480.00       80.1381    -85.4783224486    -85.4673963605    0.297314
 7621  30484.00      -76.6837    -85.4832113020    -85.4722031848    0.299546
 7622  30488.00           nan               nan               nan         nan
 7623  30492.00       87.3753    -85.4868288454    -85.4770036292    0.267358
 7624  30496.00       94.8405    -85.4785543776    -85.4680743059    0.285177
 7625  30500.00      -97.4983    -85.4825478093    -85.4697846356    0.347304
 7626  30504.00       92.8128    -85.4860049686    -85.4723470465    0.371651
 7627  30508.00      -95.6512    -85.4748208551    -85.4630275735    0.320912
 7628  30512.00      -98.4508    -85.4789491378    -85.4697490867    0.250346
 7629  30516.00     -103.2434    -85.4731881007    -85.4647385214    0.229925
 7630  30520.00      103.4052    -85.4745203819    -85.4654749355    0.246139
 7631  30524.00       96.9170    -85.4719470832    -85.4605097929    0.311225
 7632  30528.00       95.8004    -85.4693952619    -85.4561772795    0.359680
 7633  30532.00           nan               nan               nan         nan
 7634  30536.00       99.3229    -85.4783751178    -85.4673703389    0.299455
 7635  30540.00       99.6144    -85.4844235921    -85.4737551531    0.290303
 7636  30544.00       91.0493    -85.4897824539    -85.4784948770    0.307151
 7637  30548.00      -82.9753    -85.4859809273    -85.4738003134    0.331451
 7638  30552.00       88.0103    -85.4838999788    -85.4716416097    0.333567
 7639  30556.00      -87.1053    -85.4689909641    -85.4563433008    0.344160
 7640  30560.00       82.0674    -85.4762944932    -85.4635886325    0.345744
 7641  30564.00       76.7832    -85.4787244303    -85.4659040231    0.348861
 7642  30568.00      -75.4764    -85.4794244223    -85.4668823183    0.341288
 7643  30572.00      -76.3418    -85.4793048893    -85.4685881430    0.291618
 7644  30576.00      -80.8480    -85.4765595092    -85.4663059777    0.279013
 7645  30580.00      -77.8479    -85.4787052222    -85.4691005203    0.261357
 7646  30584.00       71.4094    -85.4708317413    -85.4608291381    0.272185
 7647  30588.00      -69.1404    -85.4891613155    -85.4776200403    0.314054
 7648  30592.00       68.9356    -85.4871299216    -85.4758156376    0.307877
 7649  30596.00      -70.1572    -85.4787680741    -85.4675442185    0.305417
 7650  30600.00      -61.4109    -85.4806342060    -85.4693973336    0.305771
 7651  30604.00       56.6218    -85.4610127767    -85.4488618909    0.330642
 7652  30608.00       53.5389    -85.4855927445    -85.4729561754    0.343859
 7653  30612.00       51.2375    -85.4977314306    -85.4855030508    0.332751
 7654  30616.00      -50.9869    -85.4871788142    -85.4752934434    0.323417
 7655  30620.00       42.1735    -85.4883862696    -85.4765742589    0.321421
 7656  30624.00       38.9632    -85.4779025300    -85.4655166009    0.337038
 7657  30628.00       47.6988    -85.4862174277    -85.4745428270    0.317682
 7658  30632.00      -49.0019    -85.4792208048    -85.4682598201    0.298264
 7659  30636.00       44.9910    -85.4827533551    -85.4729116071    0.267808
 7660  30640.00       39.9549    -85.4865535510    -85.4758977821    0.289958
 7661  30644.00      -39.0220    -85.4795895897    -85.4664344679    0.357969
 7662  30648.00      -43.2894    -85.4900211624    -85.4767917555    0.359990
 7663  30652.00      -46.7194    -85.4837823161    -85.4729499611    0.294763
 7664  30656.00       49.6615    -85.4709649032    -85.4639370861    0.191237
 7665  30660.00       52.1948    -85.4731933301    -85.4679651478    0.142266
 7666  30664.00       42.6476    -85.4727831644    -85.4650284027    0.211018
 7667  30668.00       45.3625    -85.4747887587    -85.4634455888    0.308663
 7668  30672.00       47.4489    -85.4832825721    -85.4707583224    0.340802
 7669  30676.00      -48.9178    -85.4883413855    -85.4771920844    0.303388
 7670  30680.00      -52.8429    -85.4821052575    -85.4739115944    0.222961
 7671  30684.00      -39.0263    -85.4800869417    -85.4727236160    0.200366
 7672  30688.00      -40.7444    -85.4863020837    -85.4768633681    0.256841
 7673  30692.00      -41.0993    -85.4848450853    -85.4732697578    0.314981
 7674  30696.00      -45.1791    -85.4778230413    -85.4662377396    0.315252
 7675  30700.00       48.6044    -85.4676710887    -85.4590983294    0.233277
 7676  30704.00      -51.8574    -85.4715582785    -85.4652244042    0.172353
 7677  30708.00      -54.0032    -85.4797933282    -85.4728824885    0.188054
 7678  30712.00       52.0376    -85.4783350662    -85.4696063410    0.237521
 7679  30716.00      -55.0277    -85.4794130280    -85.4699040141    0.258753
 7680  30720.00       59.2962    -85.4853703486    -85.4771876400    0.222663
 7681  30724.00      -50.6794    -85.4711441610    -85.4650929255    0.164663
 7682  30728.00       45.5987    -85.4680473463    -85.4615822569    0.175924
 7683  30732.00      -52.9192    -85.4782050138    -85.4689052063    0.253061
 7684  30736.00      -52.0081    -85.4690953850    -85.4592005097    0.269253
 7685  30740.00       54.0865    -85.4749954302    -85.4660949227    0.242195
 7686  30744.00       56.0177    -85.4818841992    -85.4755770436    0.171626
 7687  30748.00       49.7803    -85.4858332061    -85.4804408711    0.146733
 7688  30752.00       48.4032    -85.4858341402    -85.4780200558    0.212632
 7689  30756.00      -46.5336    -85.4795050177    -85.4704183118    0.247262
 7690  30760.00      -47.3527    -85.4853411389    -85.4768368394    0.231414
 7691  30764.00       51.4243    -85.4799605124    -85.4735765817    0.173716
 7692  30768.00       48.8793    -85.4794714524    -85.4743683128    0.138863
 7693  30772.00       42.1001    -85.4814377538    -85.4750119402    0.174855
 7694  30776.00      -42.0787    -85.4837794448    -85.4755801326    0.223115
 7695  30780.00       40.6456    -85.4926291221    -85.4837680674    0.241122
 7696  30784.00      -41.1737    -85.4804619393    -85.4722136719    0.224447
 7697  30788.00       44.8964    -85.4761414053    -85.4696133040    0.177639
 7698  30792.00       44.9463    -85.4753568092    -85.4686396131    0.182784
 7699  30796.00       48.2007    -85.4760083027    -85.4682349926    0.211523
 7700  30800.00      -50.3928    -85.4810580289    -85.4723867854    0.235957
 7701  30804.00      -46.6667    -85.4798543409    -85.4708503350    0.245011
 7702  30808.00      -44.8209    -85.4930812109    -85.4837213715    0.254694
 7703  30812.00       44.0702    -85.4863941846    -85.4750272809    0.309309
 7704  30816.00      -38.0225    -85.4698262624    -85.4580776527    0.319696
 7705  30820.00       40.4490    -85.4786878857    -85.4682591291    0.283781
 7706  30824.00       42.7485    -85.4931763148    -85.4851296252    0.218962
 7707  30828.00      -39.4499    -85.4833403411    -85.4779828318    0.145785
 7708  30832.00      -41.6682    -85.4673773598    -85.4623720916    0.136200
 7709  30836.00      -38.5175    -85.4838461998    -85.4773515440    0.176729
 7710  30840.00      -40.6515    -85.4842427224    -85.4757409312    0.231346
 7711  30844.00      -41.2839    -85.4759773677    -85.4670059730    0.244124
 7712  30848.00       34.5719    -85.4779185479    -85.4695543158    0.227602
 7713  30852.00      -39.6520    -85.4802895523    -85.4733394585    0.189122
 7714  30856.00      -44.0246    -85.4797115634    -85.4735970466    0.166384
 7715  30860.00       48.9495    -85.4693912502    -85.4616169580    0.211549
 7716  30864.00      -50.5777    -85.4749712723    -85.4665146747    0.230116
 7717  30868.00       40.1094    -85.4855999021    -85.4766572156    0.243343
 7718  30872.00      -39.9905    -85.4808535072    -85.4722320045    0.234603
 7719  30876.00      -47.4676    -85.4743775256    -85.4677697319    0.179807
 7720  30880.00       48.0007    -85.4751714339    -85.4689971353    0.168011
 7721  30884.00       52.1174    -85.4864449707    -85.4797001172    0.183537
 7722  30888.00       45.3511    -85.4821312991    -85.4737242191    0.228768
 7723  30892.00      -40.7650    -85.4755525134    -85.4655151598    0.273130
 7724  30896.00       46.2428    -85.4725520813    -85.4631357345    0.256232
 7725  30900.00       42.0100    -85.4817249526    -85.4741974547    0.204834
 7726  30904.00      -34.9708    -85.4988303239    -85.4931175019    0.155454
 7727  30908.00       33.5714    -85.4821616273    -85.4772875285    0.132631
 7728  30912.00       36.2000    -85.4712327901    -85.4664799732    0.129331
 7729  30916.00      -41.2342    -85.4686239723    -85.4634371541    0.141141
 7730  30920.00      -43.4963    -85.4696569757    -85.4638883811    0.156971
 7731  30924.00       38.0343    -85.4812719413    -85.4752334147    0.164317
 7732  30928.00      -33.7243    -85.4875702343    -85.4790845256    0.230908
 7733  30932.00      -39.2998    -85.4930042655    -85.4824861944    0.286211
 7734  30936.00      -49.4005    -85.4802415545    -85.4702894591    0.270810
 7735  30940.00       52.8165    -85.4707039546    -85.4636818060    0.191082
 7736  30944.00      -48.0964    -85.4772475259    -85.4728306472    0.120189
 7737  30948.00       46.4926    -85.4772600776    -85.4726943919    0.124239
 7738  30952.00      -48.7099    -85.4856062527    -85.4779560436    0.208173
 7739  30956.00      -52.3072    -85.4804799427    -85.4694777822    0.299384
 7740  30960.00      -51.7353    -85.4808972475    -85.4708352923    0.273800
 7741  30964.00      -47.5951    -85.4889711883    -85.4826269952    0.172634
 7742  30968.00      -35.2230    -85.4711487955    -85.4675040383    0.099179
 7743  30972.00       43.5825    -85.4704892791    -85.4658798749    0.125428
 7744  30976.00      -50.1242    -85.4771350759    -85.4683916848    0.237920
 7745  30980.00      -48.5393    -85.4818867613    -85.4708341085    0.300758
 7746  30984.00      -47.1272    -85.4800756466    -85.4712465079    0.240253
 7747  30988.00       47.0205    -85.4628898403    -85.4569851275    0.160675
 7748  30992.00       56.1573    -85.4729477607    -85.4678227259    0.139459
 7749  30996.00       59.2048    -85.4812724428    -85.4746009898    0.181539
 7750  31000.00      -53.3612    -85.4763754275    -85.4680224416    0.227296
 7751  31004.00      -48.9702    -85.4823323147    -85.4734759974    0.240993
 7752  31008.00       48.3297    -85.4905012051    -85.4819031432    0.233965
 7753  31012.00       55.0562    -85.4861814886    -85.4776909162    0.231040
 7754  31016.00       61.2412    -85.4653172590    -85.4566455888    0.235968
 7755  31020.00      -54.9596    -85.4694609658    -85.4612591248    0.223183
 7756  31024.00      -57.9370    -85.4732110055    -85.4658161163    0.201225
 7757  31028.00       62.7170    -85.4710916099    -85.4652788082    0.158174
 7758  31032.00      -68.8814    -85.4879432389    -85.4820755636    0.159668
 7759  31036.00      -69.1223    -85.4976586443    -85.4900326594    0.207514
 7760  31040.00      -63.9894    -85.4876152864    -85.4779537058    0.262905
 7761  31044.00       56.7763    -85.4803777961    -85.4699642507    0.283367
 7762  31048.00      -55.6623    -85.4813021746    -85.4722780908    0.245558
 7763  31052.00       61.5958    -85.4824768344    -85.4746212698    0.213761
 7764  31056.00       61.5061    -85.4796498314    -85.4722596118    0.201098
 7765  31060.00       53.9653    -85.4836958583    -85.4762012900    0.203938
 7766  31064.00      -49.6928    -85.4820770104    -85.4733346653    0.237891
 7767  31068.00       49.3484    -85.4742434142    -85.4645357407    0.264159
 7768  31072.00       52.9527    -85.4828955329    -85.4720967985    0.293849
 7769  31076.00      -56.4493    -85.4751314616    -85.4646266588    0.285850
 7770  31080.00       59.2834    -85.4810024338    -85.4721695603    0.240355
 7771  31084.00      -60.1140    -85.4879052278    -85.4798987418    0.217868
 7772  31088.00      -63.3532    -85.4770415698    -85.4691475353    0.214808
 7773  31092.00       61.5762    -85.4800978712    -85.4705945512    0.258599
 7774  31096.00       63.0253    -85.4757045026    -85.4635446705    0.330886
 7775  31100.00      -58.1235    -85.4662857617    -85.4546830276    0.315726
 7776  31104.00       58.3099    -85.4792266423    -85.4699497016    0.252438
 7777  31108.00      -63.4553    -85.4767927813    -85.4697388594    0.191947
 7778  31112.00      -59.4253    -85.4683062861    -85.4618050535    0.176908
 7779  31116.00       49.5049    -85.4716106882    -85.4627742046    0.240453
 7780  31120.00      -41.2373    -85.4722649358    -85.4608063498    0.311804
 7781  31124.00       39.6269    -85.4768980868    -85.4655381950    0.309118
 7782  31128.00      -45.3656    -85.4841634107    -85.4747949887    0.254928
 7783  31132.00      -43.1713    -85.4777169779    -85.4704349603    0.198154
 7784  31136.00      -40.2552    -85.4750525856    -85.4676866473    0.200437
 7785  31140.00      -39.0862    -85.4763975147    -85.4676830111    0.237134
 7786  31144.00       37.5652    -85.4727223920    -85.4645772176    0.221641
 7787  31148.00      -40.9057    -85.4738986561    -85.4676275203    0.170646
 7788  31152.00       42.6161    -85.4653907943    -85.4590468912    0.172626
 7789  31156.00       41.4700    -85.4720195138    -85.4639685909    0.219077
 7790  31160.00       45.4455    -85.4767715390    -85.4679647512    0.239645
 7791  31164.00      -53.0752    -85.4654693229    -85.4579935055    0.203427
 7792  31168.00       56.8450    -85.4784971415    -85.4730527789    0.148149
 7793  31172.00       59.7860    -85.4854505128    -85.4808620162    0.124859
 7794  31176.00      -54.7670    -85.4724755781    -85.4672581066    0.141975
 7795  31180.00       42.5289    -85.4773124827    -85.4682533196    0.246512
 7796  31184.00       45.6386    -85.4745982308    -85.4632617690    0.308481
 7797  31188.00       50.8244    -85.4693507413    -85.4600842764    0.252153
 7798  31192.00       56.4725    -85.4784041551    -85.4719032904    0.176898
 7799  31196.00      -69.9275    -85.4767624093    -85.4707945190    0.162395
 7800  31200.00      -70.7614    -85.4792062949    -85.4711017288    0.220536
 7801  31204.00      -73.8506    -85.4921390993    -85.4809797458    0.303661
 7802  31208.00       79.2955    -85.4907400772    -85.4807745837    0.271175
 7803  31212.00       80.4129    -85.4812666997    -85.4738950328    0.200593
 7804  31216.00       86.8414    -85.4847675775    -85.4781365485    0.180439
 7805  31220.00       89.4994    -85.4746920032    -85.4678126998    0.187195
 7806  31224.00       91.3434    -85.4864042959    -85.4779249324    0.230735
 7807  31228.00       95.2579    -85.4845161230    -85.4742304435    0.279888
 7808  31232.00     -101.5001    -85.4714638163    -85.4613327000    0.275682
 7809  31236.00      113.6785    -85.4799539315    -85.4692387721    0.291574
 7810  31240.00     -126.8422    -85.4800261599    -85.4683131926    0.318726
 7811  31244.00      133.3713    -85.4738131525    -85.4615559179    0.333536
 7812  31248.00      145.3679    -85.4726960381    -85.4599316349    0.347337
 7813  31252.00     -156.3702    -85.4720020770    -85.4597047578    0.334627
 7814  31256.00     -164.6224    -85.4767580629    -85.4642504992    0.340348
 7815  31260.00      169.9947    -85.4799319645    -85.4663022326    0.370884
 7816  31264.00      164.3508    -85.4818627202    -85.4674424774    0.392395
 7817  31268.00     -161.6835    -85.4838466148    -85.4689026099    0.406647
 7818  31272.00      167.7597    -85.4797135530    -85.4654315272    0.388634
 7819  31276.00      173.3551    -85.4666143318    -85.4533179098    0.361814
 7820  31280.00     -173.3827    -85.4645350963    -85.4514663268    0.355619
 7821  31284.00      165.8350    -85.4762535133    -85.4634732732    0.347768
 7822  31288.00     -158.2425    -85.4751429704    -85.4621649214    0.353151
 7823  31292.00      161.2023    -85.4767971308    -85.4627757858    0.381540
 7824  31296.00     -162.4079    -85.4819772388    -85.4675886190    0.391534
 7825  31300.00     -161.5560    -85.4948057589    -85.4799859742    0.403267
 7826  31304.00     -157.9551    -85.4920876552    -85.4779772004    0.383965
 7827  31308.00     -153.0756    -85.4711588395    -85.4582111672    0.352324
 7828  31312.00      150.2634    -85.4841202978    -85.4719462659    0.331272
 7829  31316.00     -145.6321    -85.4867470838    -85.4750879100    0.317262
 7830  31320.00      129.5552    -85.4797526945    -85.4673710858    0.336921
 7831  31324.00     -118.1646    -85.4800781074    -85.4660337124    0.382167
 7832  31328.00     -111.0728    -85.4831253700    -85.4704510205    0.344887
 7833  31332.00     -106.5936    -85.4816943201    -85.4712835681    0.283291
 7834  31336.00     -102.7114    -85.4706268676    -85.4621934849    0.229484
 7835  31340.00      -96.5398    -85.4800101554    -85.4714542260    0.232819
 7836  31344.00       89.6370    -85.4882953622    -85.4770438322    0.306170
 7837  31348.00      -83.2570    -85.4811369414    -85.4687927056    0.335904
 7838  31352.00      -81.4758    -85.4851743617    -85.4742962572    0.296008
 7839  31356.00       73.4940    -85.4798833612    -85.4716343876    0.224466
 7840  31360.00       65.5375    -85.4762559730    -85.4694815248    0.184342
 7841  31364.00       53.0738    -85.4831744760    -85.4754121262    0.211224
 7842  31368.00      -50.9442    -85.4838575101    -85.4737023290    0.276337
 7843  31372.00      -50.5277    -85.4845450080    -85.4747719302    0.265939
 7844  31376.00       48.9258    -85.4701995907    -85.4620892098    0.220695
 7845  31380.00       49.8342    -85.4809097028    -85.4742145297    0.182185
 7846  31384.00       51.1301    -85.4886838353    -85.4806591982    0.218361
 7847  31388.00      -49.8074    -85.4701642098    -85.4596539551    0.285999
 7848  31392.00       50.1986    -85.4740843925    -85.4648630056    0.250927
 7849  31396.00      -49.0887    -85.4866717653    -85.4805999894    0.165221
 7850  31400.00      -43.9011    -85.4838397695    -85.4799219907    0.106608
 7851  31404.00      -40.9981    -85.4780576127    -85.4740249844    0.109733
 7852  31408.00      -37.9301    -85.4797040738    -85.4714617790    0.224284
 7853  31412.00      -35.2532    -85.4789683477    -85.4677919315    0.304126
 7854  31416.00      -33.0568    -85.4744637448    -85.4639830096    0.285195
 7855  31420.00      -29.9149    -85.4752526824    -85.4688014834    0.175546
 7856  31424.00       34.8650    -85.4776000372    -85.4747156367    0.078489
 7857  31428.00       36.8043    -85.4808623051    -85.4775679095    0.089645
 7858  31432.00       33.5150    -85.4827558610    -85.4763333029    0.174767
 7859  31436.00       30.1513    -85.4700990784    -85.4616827134    0.229021
 7860  31440.00       29.4115    -85.4927703242    -85.4846845555    0.220025
 7861  31444.00      -33.6054    -85.4982592413    -85.4928104387    0.148269
 7862  31448.00       37.0635    -85.4755504917    -85.4720297901    0.095803
 7863  31452.00       36.5944    -85.4714387483    -85.4676091264    0.104209
 7864  31456.00      -35.2813    -85.4689848520    -85.4636284544    0.145755
 7865  31460.00      -37.7969    -85.4851114159    -85.4793371606    0.157125
 7866  31464.00       42.3445    -85.4748715277    -85.4701030122    0.129758
 7867  31468.00       45.7595    -85.4638344165    -85.4604706595    0.091532
 7868  31472.00       48.3684    -85.4870322343    -85.4833209044    0.100990
 7869  31476.00       45.3419    -85.4801772812    -85.4759796368    0.114224
 7870  31480.00      -44.2461    -85.4750228265    -85.4689809705    0.164407
 7871  31484.00       43.0362    -85.4807478848    -85.4739949855    0.183756
 7872  31488.00      -40.9346    -85.4786660995    -85.4740630411    0.125256
 7873  31492.00       39.8579    -85.4749982924    -85.4717659421    0.087957
 7874  31496.00       38.9613    -85.4711293535    -85.4669399946    0.113998
 7875  31500.00       39.2735    -85.4851163107    -85.4782824854    0.185958
 7876  31504.00       44.0823    -85.4787499861    -85.4707940240    0.216493
 7877  31508.00      -41.4627    -85.4720065050    -85.4662046939    0.157875
 7878  31512.00      -50.5250    -85.4821040051    -85.4779479763    0.113091
 7879  31516.00       49.0464    -85.4781580564    -85.4736708005    0.122104
 7880  31520.00      -53.0597    -85.4864468011    -85.4785672548    0.214413
 7881  31524.00       51.6480    -85.4816039113    -85.4708355616    0.293022
 7882  31528.00       50.7986    -85.4782442036    -85.4684844861    0.265575
 7883  31532.00      -50.1494    -85.4795662140    -85.4734284386    0.167017
 7884  31536.00       47.3530    -85.4777740058    -85.4734532921    0.117573
 7885  31540.00      -49.7817    -85.4882763859    -85.4829613752    0.144629
 7886  31544.00      -52.1778    -85.4839022280    -85.4758362941    0.219485
 7887  31548.00       49.8336    -85.4725150802    -85.4632884624    0.251069
 7888  31552.00      -53.5073    -85.4863720260    -85.4782717916    0.220419
 7889  31556.00       60.7355    -85.4893076199    -85.4818090873    0.204045
 7890  31560.00       60.3517    -85.4672834784    -85.4580406244    0.251511
 7891  31564.00       60.9342    -85.4636594252    -85.4511683972    0.339898
 7892  31568.00      -61.1180    -85.4835958247    -85.4698070778    0.375211
 7893  31572.00      -62.5731    -85.4896522326    -85.4777441957    0.324034
 7894  31576.00       68.3359    -85.4782939150    -85.4691224428    0.249568
 7895  31580.00       69.7997    -85.4876125378    -85.4791250593    0.230956
 7896  31584.00       71.4988    -85.4932106883    -85.4829330906    0.279668
 7897  31588.00       73.4289    -85.4848473922    -85.4739122655    0.297560
 7898  31592.00      -74.7429    -85.4785046184    -85.4684493789    0.273617
 7899  31596.00       86.7657    -85.4773966637    -85.4687944178    0.234079
 7900  31600.00      -91.3643    -85.4789062707    -85.4708937060    0.218033
 7901  31604.00      -86.9907    -85.4702179936    -85.4602818127    0.270377
 7902  31608.00       82.5249    -85.4652742393    -85.4524258590    0.349622
 7903  31612.00      -76.8424    -85.4755089332    -85.4612454195    0.388130
 7904  31616.00           nan               nan               nan         nan
 7905  31620.00       82.0248    -85.4761481922    -85.4650673786    0.301524
 7906  31624.00      -78.2178    -85.4760948362    -85.4674537048    0.235137
 7907  31628.00       76.2554    -85.4815706543    -85.4724515149    0.248144
 7908  31632.00       77.4979    -85.4897480635    -85.4789142235    0.294804
 7909  31636.00       80.5111    -85.4859730834    -85.4736178542    0.336203
 7910  31640.00      -82.4900    -85.4788069484    -85.4660838129    0.346214
 7911  31644.00       81.2021    -85.4890449847    -85.4778519971    0.304577
 7912  31648.00       81.8247    -85.4704640597    -85.4610442526    0.256326
 7913  31652.00       83.0734    -85.4641255443    -85.4554532936    0.235984
 7914  31656.00      -79.7094    -85.4750139239    -85.4656402152    0.255072
 7915  31660.00      -75.0801    -85.4814445777    -85.4708343124    0.288720
 7916  31664.00      -71.2232    -85.4923831297    -85.4820150715    0.282129
 7917  31668.00       67.3285    -85.4790648981    -85.4702038413    0.241122
 7918  31672.00      -69.9365    -85.4686538623    -85.4608517088    0.212307
 7919  31676.00       69.6094    -85.4789743426    -85.4708453298    0.221202
 7920  31680.00      -65.5968    -85.4724150948    -85.4610864651    0.308268
 7921  31684.00       58.7824    -85.4776349427    -85.4631487013    0.394191
 7922  31688.00       57.8850    -85.4880440980    -85.4733925131    0.398690
 7923  31692.00      -56.7302    -85.4823162029    -85.4701298520    0.331607
 7924  31696.00      -57.7320    -85.4716552160    -85.4620351794    0.261775
 7925  31700.00      -52.7617    -85.4708685910    -85.4605457960    0.280898
 7926  31704.00      -44.4861    -85.4827232616    -85.4698281495    0.350894
 7927  31708.00      -44.0745    -85.4839462142    -85.4704648310    0.366847
 7928  31712.00      -46.8028    -85.4817295958    -85.4706127369    0.302505
 7929  31716.00      -40.2919    -85.4800744593    -85.4733779632    0.182221
 7930  31720.00       48.6716    -85.4694457919    -85.4628316268    0.179981
 7931  31724.00       41.7933    -85.4856549860    -85.4750011249    0.289906
 7932  31728.00       33.3281    -85.4932223894    -85.4786502925    0.396527
 7933  31732.00       36.9129    -85.4730154004    -85.4584842358    0.395413
 7934  31736.00       36.2438    -85.4636589522    -85.4541664002    0.258305
 7935  31740.00      -34.7292    -85.4600584627    -85.4543542385    0.155220
 7936  31744.00      -41.0564    -85.4725256618    -85.4651523663    0.200638
 7937  31748.00       29.4083    -85.4825968700    -85.4710988954    0.312876
 7938  31752.00       28.3416    -85.4797245262    -85.4653594592    0.390893
 7939  31756.00      -29.4771    -85.4854776230    -85.4731982287    0.334139
 7940  31760.00      -22.5812    -85.4770973305    -85.4692196901    0.214362
 7941  31764.00       26.7188    -85.4777232440    -85.4715261766    0.168631
 7942  31768.00       32.3711    -85.4909239603    -85.4823082432    0.234446
 7943  31772.00      -29.9697    -85.4818699988    -85.4710311063    0.294941
 7944  31776.00      -31.1764    -85.4746891421    -85.4648076354    0.268889
 7945  31780.00       26.9726    -85.4675448133    -85.4608748132    0.181500
 7946  31784.00      -30.3285    -85.4713250652    -85.4663394052    0.135667
 7947  31788.00      -30.3537    -85.4839986149    -85.4767511533    0.197213
 7948  31792.00       19.1303    -85.4839164971    -85.4740963758    0.267219
 7949  31796.00      -20.2070    -85.4751365198    -85.4648796724    0.279103
 7950  31800.00       13.3194    -85.4747552952    -85.4658105098    0.243400
 7951  31804.00       19.4231    -85.4756420933    -85.4692884860    0.172890
 7952  31808.00       -5.3295    -85.4698405799    -85.4639714751    0.159706
 7953  31812.00       12.8029    -85.4814384203    -85.4740346069    0.201468
 7954  31816.00      -24.6928    -85.4781196043    -85.4694662653    0.235469
 7955  31820.00       24.6349    -85.4657410819    -85.4563182978    0.256407
 7956  31824.00       29.5173    -85.4736457254    -85.4642643657    0.255280
 7957  31828.00       30.6176    -85.4653349098    -85.4563328520    0.244958
 7958  31832.00      -21.3554    -85.4720052753    -85.4632972991    0.236956
 7959  31836.00      -27.3130    -85.4820314133    -85.4732906541    0.237848
 7960  31840.00      -26.9046    -85.4669984614    -85.4584051985    0.233835
 7961  31844.00       25.1135    -85.4856594939    -85.4772254350    0.229502
 7962  31848.00      -18.0853    -85.4823371038    -85.4750792226    0.197497
 7963  31852.00      -22.9504    -85.4782984526    -85.4721749137    0.166630
 7964  31856.00       18.4013    -85.4801236724    -85.4735696368    0.178344
 7965  31860.00       24.3330    -85.4722608172    -85.4639973032    0.224862
 7966  31864.00       18.2475    -85.4756614110    -85.4652921538    0.282162
 7967  31868.00      -23.2091    -85.4778652633    -85.4670621216    0.293968
 7968  31872.00       13.4790    -85.4716665911    -85.4637946207    0.214207
 7969  31876.00       17.1781    -85.4637317907    -85.4572777301    0.175624
 7970  31880.00      -30.9986    -85.4791456533    -85.4712273741    0.215467
 7971  31884.00       30.4798    -85.4886536534    -85.4788523658    0.266707
 7972  31888.00      -27.1525    -85.4815361587    -85.4715568161    0.271552
 7973  31892.00      -31.8571    -85.4873287263    -85.4795913637    0.210544
 7974  31896.00       40.7397    -85.4736946413    -85.4677901015    0.160671
 7975  31900.00      -39.4685    -85.4795096209    -85.4737639260    0.156348
 7976  31904.00       43.1645    -85.4913998597    -85.4822943888    0.247772
 7977  31908.00       34.3743    -85.4782230063    -85.4656670871    0.341664
 7978  31912.00       36.1290    -85.4876059875    -85.4758272228    0.320517
 7979  31916.00       36.0216    -85.4790958618    -85.4708800105    0.223565
 7980  31920.00       36.0722    -85.4631943043    -85.4576773020    0.150125
 7981  31924.00      -40.4510    -85.4805568545    -85.4742552318    0.171476
 7982  31928.00      -35.5543    -85.4752731219    -85.4653530072    0.269940
 7983  31932.00       36.5333    -85.4703249987    -85.4583330731    0.326317
 7984  31936.00      -38.6055    -85.4804947307    -85.4699306218    0.287464
 7985  31940.00      -44.5462    -85.4830235927    -85.4740097981    0.245278
 7986  31944.00       48.5811    -85.4768060545    -85.4677780183    0.245665
 7987  31948.00      -44.8518    -85.4727324760    -85.4622244608    0.285938
 7988  31952.00      -40.5867    -85.4744577775    -85.4625939496    0.322831
 7989  31956.00      -43.0804    -85.4805823200    -85.4701485153    0.283918
 7990  31960.00       53.0180    -85.4827011968    -85.4756269663    0.192500
 7991  31964.00       58.6531    -85.4701419575    -85.4644609828    0.154587
 7992  31968.00       58.7629    -85.4663284959    -85.4599121143    0.174599
 7993  31972.00      -51.8017    -85.4702587253    -85.4615047806    0.238207
 7994  31976.00       49.8851    -85.4866005000    -85.4757970949    0.293976
 7995  31980.00       51.9474    -85.4886240063    -85.4782938331    0.281098
 7996  31984.00       53.6970    -85.4830178717    -85.4741478665    0.241365
 7997  31988.00       49.2231    -85.4723151026    -85.4637613357    0.232760
 7998  31992.00      -47.0631    -85.4686740693    -85.4596378775    0.245887
 7999  31996.00      -44.0064    -85.4823502856    -85.4721478030    0.277624
 8000  32000.00       44.6102    -85.4850125348    -85.4737122209    0.307497
 8001  32004.00       44.7693    -85.4824948811    -85.4722215287    0.279552
 8002  32008.00      -48.6755    -85.4751760604    -85.4667266521    0.229920
 8003  32012.00      -52.5549    -85.4690655380    -85.4620942518    0.189698
 8004  32016.00      -50.5340    -85.4789555468    -85.4725679512    0.173815
 8005  32020.00      -51.7843    -85.4850525798    -85.4777638559    0.198336
 8006  32024.00      -47.7210    -85.4867066262    -85.4774826150    0.250998
 8007  32028.00       45.1969    -85.4808269213    -85.4707984435    0.272889
 8008  32032.00       47.1079    -85.4819916397    -85.4731435055    0.240770
 8009  32036.00      -50.6531    -85.4852326202    -85.4783243229    0.187984
 8010  32040.00      -53.9482    -85.4758978486    -85.4699634885    0.161482
 8011  32044.00      -55.5883    -85.4785560237    -85.4710371408    0.204599
 8012  32048.00      -51.3620    -85.4724399887    -85.4634531192    0.244545
 8013  32052.00      -48.0187    -85.4650678045    -85.4568506764    0.223599
 8014  32056.00       52.3145    -85.4741676728    -85.4675263027    0.180721
 8015  32060.00      -50.4602    -85.4742270792    -85.4681137748    0.166351
 8016  32064.00       49.3377    -85.4784702102    -85.4700893904    0.228054
 8017  32068.00      -39.2563    -85.4770969987    -85.4651991745    0.323756
 8018  32072.00       37.8364    -85.4754846184    -85.4630352950    0.338763
 8019  32076.00       42.8500    -85.4829470609    -85.4749754132    0.216920
 8020  32080.00      -45.9602    -85.4825339437    -85.4784715570    0.110543
 8021  32084.00       46.7303    -85.4774482930    -85.4733146732    0.112482
 8022  32088.00      -45.7496    -85.4749478449    -85.4682291825    0.182824
 8023  32092.00      -42.6057    -85.4788224587    -85.4691860805    0.262219
 8024  32096.00      -48.8858    -85.4824358987    -85.4728959416    0.259595
 8025  32100.00       50.6682    -85.4797449753    -85.4727426005    0.190544
 8026  32104.00       50.7812    -85.4758486179    -85.4694832706    0.173210
 8027  32108.00       50.7273    -85.4793404169    -85.4714562894    0.214538
 8028  32112.00       50.9275    -85.4745844588    -85.4646874640    0.269311
 8029  32116.00      -53.6099    -85.4651309707    -85.4551586773    0.271360
 8030  32120.00      -54.6970    -85.4721106933    -85.4647887840    0.199239
 8031  32124.00       52.8254    -85.4839398349    -85.4786629142    0.143592
 8032  32128.00       54.9049    -85.4724920291    -85.4670359406    0.148468
 8033  32132.00       59.3589    -85.4679428789    -85.4609489035    0.190316
 8034  32136.00       62.4602    -85.4750377467    -85.4662519669    0.239073
 8035  32140.00       60.9808    -85.4776502733    -85.4693293210    0.226425
 8036  32144.00       60.3469    -85.4748431405    -85.4683686945    0.176179
 8037  32148.00      -61.8247    -85.4632684337    -85.4573268746    0.161678
 8038  32152.00       60.1207    -85.4686297139    -85.4618928014    0.183321
 8039  32156.00      -62.3636    -85.4864953707    -85.4776249165    0.241377
 8040  32160.00      -61.0707    -85.4827461164    -85.4728315938    0.269788
 8041  32164.00      -65.5540    -85.4784738075    -85.4701062226    0.227694
 8042  32168.00      -69.8701    -85.4795537185    -85.4730711006    0.176401
 8043  32172.00      -76.7754    -85.4708559979    -85.4645373437    0.171939
 8044  32176.00      -81.4636    -85.4800411266    -85.4727912651    0.197279
 8045  32180.00       80.9747    -85.4778043230    -85.4684574986    0.254340
 8046  32184.00      -79.1383    -85.4720826272    -85.4621459824    0.270390
 8047  32188.00       84.0983    -85.4721533805    -85.4634848284    0.235883
 8048  32192.00      -82.2334    -85.4604422750    -85.4533926374    0.191830
 8049  32196.00      -76.1086    -85.4710101916    -85.4643910741    0.180115
 8050  32200.00       71.9847    -85.4792936998    -85.4712630549    0.218525
 8051  32204.00      -66.7975    -85.4811483603    -85.4711432545    0.272253
 8052  32208.00       70.4609    -85.4735992043    -85.4635752313    0.272766
 8053  32212.00      -75.9073    -85.4663087607    -85.4575548565    0.238206
 8054  32216.00      -74.2559    -85.4794616817    -85.4713304195    0.221263
 8055  32220.00      -74.9972    -85.4849127242    -85.4753424462    0.260421
 8056  32224.00      -75.9353    -85.4793904375    -85.4678850210    0.313078
 8057  32228.00       73.0529    -85.4759159454    -85.4645967015    0.308012
 8058  32232.00       75.0996    -85.4768781897    -85.4667041715    0.276849
 8059  32236.00       74.6692    -85.4810181648    -85.4709587994    0.273729
 8060  32240.00       73.7991    -85.4753366672    -85.4633489350    0.326203
 8061  32244.00      -78.8604    -85.4753317374    -85.4605688137    0.401720
 8062  32248.00       80.5813    -85.4830085543    -85.4691319195    0.377602
 8063  32252.00      -86.0944    -85.4799463848    -85.4693132602    0.289342
 8064  32256.00      -88.7971    -85.4758356191    -85.4660973761    0.264991
 8065  32260.00       85.2406    -85.4880047985    -85.4768110576    0.304597
 8066  32264.00      -88.9053    -85.4940287773    -85.4801798973    0.376847
 8067  32268.00      -92.1957    -85.4834729654    -85.4682106339    0.415309
 8068  32272.00      -92.1300    -85.4647902536    -85.4504197862    0.391040
 8069  32276.00      -88.0101    -85.4744399566    -85.4613920267    0.355052
 8070  32280.00      -82.7282    -85.4851783310    -85.4718916509    0.361549
 8071  32284.00      -76.9930    -85.4830152397    -85.4688811719    0.384608
 8072  32288.00       74.5599    -85.4854008465    -85.4714913129    0.378498
 8073  32292.00      -77.8120    -85.4770915864    -85.4646794235    0.337752
 8074  32296.00       78.0049    -85.4843171209    -85.4728059375    0.313235
 8075  32300.00       75.8790    -85.4930759555    -85.4801933045    0.350555
 8076  32304.00      -69.0754    -85.4798505708    -85.4661659071    0.372379
 8077  32308.00       67.6705    -85.4822952922    -85.4700478550    0.333270
 8078  32312.00       70.9554    -85.4705713462    -85.4606906905    0.268866
 8079  32316.00       69.7549    -85.4635938778    -85.4537895241    0.266790
 8080  32320.00      -65.5912    -85.4836968964    -85.4713589283    0.335733
 8081  32324.00       64.6274    -85.4877976770    -85.4735123300    0.388724
 8082  32328.00      -64.7162    -85.4912581012    -85.4783972443    0.349962
 8083  32332.00       68.7022    -85.4726175311    -85.4628306169    0.266315
 8084  32336.00      -68.8907    -85.4650992501    -85.4571740253    0.215656
 8085  32340.00       64.5734    -85.4824493408    -85.4730903494    0.254671
 8086  32344.00      -61.1940    -85.4899687311    -85.4780142288    0.325299
 8087  32348.00      -52.5778    -85.4905733053    -85.4787287807    0.322306
 8088  32352.00      -56.2873    -85.4801016882    -85.4688488222    0.306206
 8089  32356.00      -51.8819    -85.4729279099    -85.4615255854    0.310273
 8090  32360.00       57.6203    -85.4892326748    -85.4758645441    0.363765
 8091  32364.00      -52.4300    -85.4952696211    -85.4792457741    0.436031
 8092  32368.00       47.1613    -85.4797571478    -85.4654960931    0.388063
 8093  32372.00      -49.1843    -85.4683102717    -85.4593677012    0.243340
 8094  32376.00       46.8659    -85.4732324636    -85.4671105042    0.166587
 8095  32380.00       51.3512    -85.4698564330    -85.4621471310    0.209781
 8096  32384.00      -44.4032    -85.4768990030    -85.4644860692    0.337773
 8097  32388.00       41.4249    -85.4901396313    -85.4754805166    0.398895
 8098  32392.00      -30.1406    -85.4931907691    -85.4811769182    0.326914
 8099  32396.00      -31.9897    -85.4871112734    -85.4789193812    0.222913
 8100  32400.00      -34.7048    -85.4690105753    -85.4608513265    0.222024
 8101  32404.00      -41.4214    -85.4694572569    -85.4570159868    0.338544
 8102  32408.00      -40.6017    -85.4760948902    -85.4607092904    0.418663
 8103  32412.00       37.6310    -85.4757859902    -85.4632263559    0.341765
 8104  32416.00       43.1364    -85.4748916982    -85.4673438065    0.205389
 8105  32420.00      -44.7562    -85.4826287020    -85.4773360623    0.144020
 8106  32424.00      -38.5981    -85.4811962787    -85.4736072734    0.206507
 8107  32428.00       32.1407    -85.4754855719    -85.4629655744    0.340686
 8108  32432.00      -31.6982    -85.4863463453    -85.4733400088    0.353920
 8109  32436.00      -36.5833    -85.4834858771    -85.4742183276    0.252183
 8110  32440.00      -40.2264    -85.4705643856    -85.4630827915    0.203585
 8111  32444.00      -40.2464    -85.4693706867    -85.4605002541    0.241377
 8112  32448.00       39.8006    -85.4754625810    -85.4644201038    0.300481
 8113  32452.00      -35.9888    -85.4767655898    -85.4668825270    0.268932
 8114  32456.00       36.9025    -85.4717579380    -85.4666483623    0.139039
 8115  32460.00      -35.5411    -85.4744121560    -85.4710196923    0.092314
 8116  32464.00       35.5692    -85.4719341168    -85.4665786869    0.145729
 8117  32468.00       29.0591    -85.4765208505    -85.4669988650    0.259106
 8118  32472.00      -32.2342    -85.4889847391    -85.4759597420    0.354428
 8119  32476.00       33.3518    -85.4802690392    -85.4691010449    0.303897
 8120  32480.00      -34.6099    -85.4751692583    -85.4670172742    0.221827
 8121  32484.00       31.6062    -85.4765415909    -85.4685005865    0.218807
 8122  32488.00      -31.0503    -85.4797126816    -85.4710125333    0.236743
 8123  32492.00       34.7002    -85.4868080906    -85.4768873513    0.269957
 8124  32496.00       30.5627    -85.4835703818    -85.4752861734    0.225425
 8125  32500.00      -30.6864    -85.4716501043    -85.4664700616    0.140956
 8126  32504.00       34.5146    -85.4731906732    -85.4686473420    0.123630
 8127  32508.00      -34.8660    -85.4755070492    -85.4703381532    0.140653
 8128  32512.00       40.7244    -85.4623747439    -85.4560185634    0.172960
 8129  32516.00      -39.3845    -85.4722741085    -85.4649938500    0.198106
 8130  32520.00      -38.6143    -85.4845763526    -85.4763959675    0.222600
 8131  32524.00       39.6303    -85.4767158631    -85.4680766899    0.235084
 8132  32528.00      -39.2649    -85.4782211756    -85.4700695515    0.221817
 8133  32532.00       39.9438    -85.4783308608    -85.4722101373    0.166553
 8134  32536.00      -40.3769    -85.4898589014    -85.4849576945    0.133369
 8135  32540.00      -42.5945    -85.4725573176    -85.4670998119    0.148506
 8136  32544.00       44.9751    -85.4628584452    -85.4565685240    0.171157
 8137  32548.00       43.8068    -85.4819284037    -85.4744982540    0.202185
 8138  32552.00      -41.7765    -85.4773461256    -85.4700213570    0.199317
 8139  32556.00       44.0045    -85.4750469136    -85.4685938846    0.175596
 8140  32560.00      -41.7924    -85.4719408787    -85.4655760675    0.173195
 8141  32564.00      -36.0555    -85.4720698098    -85.4657475205    0.172038
 8142  32568.00       37.8109    -85.4810548256    -85.4744455840    0.179847
 8143  32572.00       36.2677    -85.4735785084    -85.4691940015    0.119309
 8144  32576.00       41.8842    -85.4770945923    -85.4738885362    0.087241
 8145  32580.00       47.2668    -85.4652202181    -85.4613386643    0.105622
 8146  32584.00      -47.8599    -85.4588486340    -85.4532984113    0.151029
 8147  32588.00      -42.6102    -85.4690125297    -85.4611595342    0.213691
 8148  32592.00       39.7950    -85.4749441568    -85.4677609198    0.195466
 8149  32596.00       31.5564    -85.4815283436    -85.4772968348    0.115145
 8150  32600.00      -32.7527    -85.4664323710    -85.4616806218    0.129302
 8151  32604.00       30.2581    -85.4756408300    -85.4686232410    0.190958
 8152  32608.00       34.9154    -85.4763535615    -85.4658760275    0.285108
 8153  32612.00      -31.2980    -85.4779582088    -85.4670620849    0.296499
 8154  32616.00       24.0309    -85.4835712335    -85.4773544405    0.169168
 8155  32620.00      -34.7128    -85.4724791554    -85.4696207712    0.077781
 8156  32624.00       32.8801    -85.4740331093    -85.4710946830    0.079959
 8157  32628.00      -26.7589    -85.4738699792    -85.4673904366    0.176317
 8158  32632.00      -18.9842    -85.4769855630    -85.4667392367    0.278817
 8159  32636.00       14.9271    -85.4711257894    -85.4606420478    0.285277
 8160  32640.00      -17.5939    -85.4680740509    -85.4609219816    0.194618
 8161  32644.00      -21.9886    -85.4770660441    -85.4712248925    0.158946
 8162  32648.00       19.9665    -85.4719847514    -85.4639390914    0.218934
 8163  32652.00       19.5994    -85.4785177689    -85.4677670977    0.292541
 8164  32656.00       24.1804    -85.4828244840    -85.4708689120    0.325328
 8165  32660.00      -26.2428    -85.4772477437    -85.4672315303    0.272555
 8166  32664.00       24.5514    -85.4812522311    -85.4730818389    0.222328
 8167  32668.00      -23.9852    -85.4734904992    -85.4635040370    0.271745
 8168  32672.00       22.2965    -85.4809006073    -85.4682604588    0.343956
 8169  32676.00      -27.5845    -85.4878536916    -85.4732736079    0.396744
 8170  32680.00       27.5999    -85.4764802335    -85.4647634057    0.318831
 8171  32684.00       31.8460    -85.4672929563    -85.4594101625    0.214502
 8172  32688.00      -33.1354    -85.4716260998    -85.4640515370    0.206114
 8173  32692.00       32.6057    -85.4860154845    -85.4763926528    0.261851
 8174  32696.00      -31.9826    -85.4713768459    -85.4595818978    0.320957
 8175  32700.00       34.5399    -85.4739254249    -85.4623178877    0.315857
 8176  32704.00       34.4925    -85.4835395083    -85.4738002596    0.265018
 8177  32708.00       34.8694    -85.4818842255    -85.4731567556    0.237487
 8178  32712.00       39.0296    -85.4794788184    -85.4701025427    0.255141
 8179  32716.00      -41.1225    -85.4759628444    -85.4649815727    0.298816
 8180  32720.00      -46.6560    -85.4821711684    -85.4697157049    0.338930
 8181  32724.00      -51.0699    -85.4776093736    -85.4652353399    0.336715
 8182  32728.00      -45.6599    -85.4755685470    -85.4638098980    0.319969
 8183  32732.00      -49.0747    -85.4816323226    -85.4710703711    0.287405
 8184  32736.00      -46.0963    -85.4850648238    -85.4758000502    0.252107
 8185  32740.00      -55.4971    -85.4816995759    -85.4720623084    0.262243
 8186  32744.00       71.2172    -85.4662855854    -85.4560143229    0.279495
 8187  32748.00       70.1678    -85.4859560542    -85.4754256510    0.286547
 8188  32752.00      -72.8556    -85.4937187590    -85.4831060523    0.288786
 8189  32756.00      -79.5841    -85.4714332317    -85.4629498375    0.230845
 8190  32760.00       89.7734    -85.4762029462    -85.4685672886    0.207777
 8191  32764.00       97.2884    -85.4718086076    -85.4634130749    0.228454
 8192  32768.00       96.9336    -85.4734817847    -85.4643855688    0.247521
 8193  32772.00      -97.6369    -85.4782041098    -85.4680113112    0.277360
 8194  32776.00      100.1645    -85.4650785481    -85.4551250234    0.270849
 8195  32780.00      101.1765    -85.4709736226    -85.4621876438    0.239079
 8196  32784.00     -105.5573    -85.4751888328    -85.4652977868    0.269149
 8197  32788.00      107.8900    -85.4859879153    -85.4741845901    0.321185
 8198  32792.00      108.6124    -85.4834594827    -85.4700447435    0.365034
 8199  32796.00      114.4036    -85.4594180963    -85.4465399755    0.350432
 8200  32800.00     -121.6889    -85.4638100798    -85.4535519337    0.279138
 8201  32804.00      130.0009    -85.4781176873    -85.4680319138    0.274448
 8202  32808.00      133.5912    -85.4810781201    -85.4693831032    0.318238
 8203  32812.00      133.9763    -85.4715464229    -85.4575675194    0.380385
 8204  32816.00      136.5237    -85.4617634116    -85.4477436311    0.381498
 8205  32820.00     -139.1307    -85.4711501688    -85.4596578451    0.312722
 8206  32824.00      138.2395    -85.4708448874    -85.4605156599    0.281073
 8207  32828.00      138.6577    -85.4747030158    -85.4634555201    0.306060
 8208  32832.00      136.6541    -85.4790525428    -85.4647154582    0.390132
 8209  32836.00     -134.5046    -85.4835485723    -85.4682593614    0.416041
 8210  32840.00     -141.2212    -85.4802648777    -85.4669097237    0.363412
 8211  32844.00     -148.4107    -85.4699383431    -85.4582403625    0.318318
 8212  32848.00     -153.0949    -85.4775385696    -85.4647643194    0.347605
 8213  32852.00     -146.2945    -85.4781661157    -85.4615777184    0.451393
 8214  32856.00      128.6028    -85.4728591764    -85.4533154429    0.531812
 8215  32860.00      117.3213    -85.4797540167    -85.4618884622    0.486147
 8216  32864.00     -113.2613    -85.4748031983    -85.4626173478    0.331594
 8217  32868.00      110.9802    -85.4759375593    -85.4666373780    0.253071
 8218  32872.00     -112.2805    -85.4744746490    -85.4633225107    0.303465
 8219  32876.00     -104.2634    -85.4724923205    -85.4578657365    0.398010
 8220  32880.00     -102.8459    -85.4784366354    -85.4623756443    0.437042
 8221  32884.00      112.3911    -85.4725845835    -85.4589215225    0.371791
 8222  32888.00     -117.5710    -85.4663087806    -85.4554650748    0.295072
 8223  32892.00      118.4418    -85.4720093138    -85.4602171194    0.320882
 8224  32896.00      101.6132    -85.4680601775    -85.4540920981    0.380091
 8225  32900.00       87.6310    -85.4730165398    -85.4574720378    0.422987
 8226  32904.00      -86.9360    -85.4807752657    -85.4661910895    0.396856
 8227  32908.00      -85.4619    -85.4768026364    -85.4657286752    0.301338
 8228  32912.00      -82.7890    -85.4717245669    -85.4618124318    0.269723
 8229  32916.00      -74.6171    -85.4709372141    -85.4589276857    0.326796
 8230  32920.00       60.1766    -85.4784582752    -85.4645630565    0.378108
 8231  32924.00      -59.7250    -85.4784002009    -85.4639867980    0.392209
 8232  32928.00      -67.8667    -85.4719970975    -85.4609315962    0.301108
 8233  32932.00       69.9515    -85.4796635098    -85.4717096004    0.216437
 8234  32936.00       70.6271    -85.4734955426    -85.4649371399    0.232886
 8235  32940.00      -61.5509    -85.4717200811    -85.4615207874    0.277537
 8236  32944.00      -56.9173    -85.4709055253    -85.4602023541    0.291248
 8237  32948.00       56.8174    -85.4641474108    -85.4543513777    0.266564
 8238  32952.00       56.2232    -85.4639754295    -85.4565779083    0.201297
 8239  32956.00       53.8888    -85.4587184674    -85.4530757662    0.153546
 8240  32960.00      -54.3698    -85.4779421787    -85.4717965719    0.167230
 8241  32964.00      -55.1624    -85.4879388204    -85.4795815573    0.227413
 8242  32968.00      -55.5077    -85.4790384440    -85.4673406473    0.318313
 8243  32972.00      -58.8659    -85.4746179829    -85.4613904352    0.359940
 8244  32976.00      -57.1215    -85.4735598748    -85.4616897307    0.323003
 8245  32980.00       56.8614    -85.4796133299    -85.4706432089    0.244089
 8246  32984.00      -59.0040    -85.4639172987    -85.4574330989    0.176444
 8247  32988.00      -58.5511    -85.4704504190    -85.4643247872    0.166687
 8248  32992.00      -54.2212    -85.4740041131    -85.4658156948    0.222818
 8249  32996.00      -54.0071    -85.4541607799    -85.4437305374    0.283821
 8250  33000.00      -50.5452    -85.4737336594    -85.4638656909    0.268521
 8251  33004.00      -49.9760    -85.4742670944    -85.4675278228    0.183385
 8252  33008.00       52.3802    -85.4742107104    -85.4692407342    0.135240
 8253  33012.00       52.2832    -85.4761663113    -85.4713193558    0.131892
 8254  33016.00      -54.8815    -85.4663684117    -85.4606518833    0.155555
 8255  33020.00      -58.8165    -85.4742114231    -85.4677637440    0.175450
 8256  33024.00       57.3579    -85.4665761689    -85.4607023430    0.159835
 8257  33028.00      -59.5386    -85.4570591708    -85.4510300246    0.164061
 8258  33032.00      -58.0891    -85.4697776231    -85.4624666941    0.198941
 8259  33036.00       58.0387    -85.4811184601    -85.4726551453    0.230299
 8260  33040.00       60.8868    -85.4787507195    -85.4707635524    0.217342
 8261  33044.00      -64.6890    -85.4552371081    -85.4489811921    0.170232
 8262  33048.00      -67.3840    -85.4647218634    -85.4592796780    0.148089
 8263  33052.00       70.5880    -85.4754889952    -85.4689359761    0.178317
 8264  33056.00      -65.2857    -85.4710699868    -85.4624435895    0.234736
 8265  33060.00      -69.4124    -85.4675382487    -85.4579524905    0.260842
 8266  33064.00      -67.6670    -85.4671272561    -85.4591522580    0.217011
 8267  33068.00      -69.5988    -85.4726777601    -85.4669577377    0.155650
 8268  33072.00       71.3528    -85.4740030819    -85.4682998973    0.155192
 8269  33076.00      -68.5734    -85.4737463959    -85.4661592849    0.206456
 8270  33080.00       60.0249    -85.4698236122    -85.4594764112    0.281562
 8271  33084.00      -57.3893    -85.4716312350    -85.4599077974    0.319011
 8272  33088.00       61.9467    -85.4697041224    -85.4606617027    0.246057
 8273  33092.00      -63.1588    -85.4723708764    -85.4656999122    0.181526
 8274  33096.00       60.1230    -85.4844892709    -85.4772071947    0.198155
 8275  33100.00       58.8500    -85.4838573642    -85.4743601488    0.258432
 8276  33104.00       64.9904    -85.4743411568    -85.4619875205    0.336160
 8277  33108.00       64.2780    -85.4749905713    -85.4608235472    0.385504
 8278  33112.00      -74.1038    -85.4753181226    -85.4610480977    0.388307
 8279  33116.00       74.6102    -85.4773596070    -85.4638902889    0.366519
 8280  33120.00       64.5836    -85.4753504566    -85.4631061454    0.333185
 8281  33124.00      -65.2771    -85.4640279895    -85.4534338575    0.288281
 8282  33128.00       63.1451    -85.4649044337    -85.4548942982    0.272390
 8283  33132.00       67.1667    -85.4773285765    -85.4668231202    0.285868
 8284  33136.00      -66.4827    -85.4702038480    -85.4596216562    0.287956
 8285  33140.00       56.4848    -85.4593042045    -85.4481137803    0.304507
 8286  33144.00       54.1449    -85.4787499406    -85.4673274010    0.310823
 8287  33148.00       53.6843    -85.4795691203    -85.4685126325    0.300862
 8288  33152.00       51.1645    -85.4677991059    -85.4565383616    0.306420
 8289  33156.00       53.6733    -85.4813950833    -85.4697201587    0.317691
 8290  33160.00      -54.0582    -85.4792579491    -85.4669495471    0.334929
 8291  33164.00      -56.6343    -85.4702168215    -85.4578677888    0.336034
 8292  33168.00       59.3068    -85.4702277566    -85.4583618153    0.322889
 8293  33172.00      -57.1604    -85.4770221572    -85.4651223535    0.323810
 8294  33176.00      -55.5258    -85.4709968322    -85.4604202797    0.287803
 8295  33180.00      -54.9161    -85.4570916163    -85.4486765644    0.228985
 8296  33184.00       56.4193    -85.4629430401    -85.4563937701    0.178215
 8297  33188.00       61.8898    -85.4720075830    -85.4654116824    0.179484
 8298  33192.00      -60.9814    -85.4838335876    -85.4740736410    0.265582
 8299  33196.00       52.9604    -85.4842855894    -85.4720741242    0.332291
 8300  33200.00      -48.1276    -85.4735403664    -85.4616944692    0.322343
 8301  33204.00       49.8026    -85.4703235922    -85.4620487928    0.225169
 8302  33208.00       58.9730    -85.4583261804    -85.4533531035    0.135324
 8303  33212.00      -56.2396    -85.4671536365    -85.4627853892    0.118866
 8304  33216.00       48.4217    -85.4846878818    -85.4781583001    0.177679
 8305  33220.00       39.8068    -85.4661699061    -85.4562305436    0.270464
 8306  33224.00       37.6854    -85.4785583373    -85.4689139557    0.262437
 8307  33228.00      -45.7129    -85.4838438926    -85.4762357733    0.207027
 8308  33232.00      -47.1429    -85.4805948657    -85.4749004446    0.154953
 8309  33236.00      -40.0802    -85.4729704101    -85.4673778193    0.152182
 8310  33240.00       39.1347    -85.4547684053    -85.4477456254    0.191100
 8311  33244.00      -40.0442    -85.4696115294    -85.4637404811    0.159759
 8312  33248.00      -46.4391    -85.4749270221    -85.4704939060    0.120631
 8313  33252.00           nan               nan               nan         nan
 8314  33256.00       42.2344    -85.4673792776    -85.4632137635    0.113349
 8315  33260.00       31.5875    -85.4659330881    -85.4606187296    0.144611
 8316  33264.00      -33.2277    -85.4784715785    -85.4734686204    0.136137
 8317  33268.00       34.7032    -85.4742865316    -85.4714242204    0.077887
 8318  33272.00       39.0865    -85.4700420960    -85.4671285714    0.079281
 8319  33276.00       32.9943    -85.4729462576    -85.4695613138    0.092109
 8320  33280.00      -27.8805    -85.4689528521    -85.4605366058    0.229018
 8321  33284.00       32.7010    -85.4745450732    -85.4642383581    0.280460
 8322  33288.00      -30.1763    -85.4762903861    -85.4687402789    0.205449
 8323  33292.00      -25.3976    -85.4765217593    -85.4729173926    0.098080
 8324  33296.00       27.7355    -85.4767506222    -85.4740461554    0.073592
 8325  33300.00      -23.6833    -85.4723909105    -85.4675875489    0.130706
 8326  33304.00       25.3934    -85.4745796982    -85.4674953376    0.192775
 8327  33308.00       28.8654    -85.4706115245    -85.4630158806    0.206688
 8328  33312.00      -24.9939    -85.4656552650    -85.4606063337    0.137388
 8329  33316.00      -28.4702    -85.4666873968    -85.4638691840    0.076687
 8330  33320.00       26.3421    -85.4686167261    -85.4657422088    0.078220
 8331  33324.00      -28.4206    -85.4785612867    -85.4749515581    0.098226
 8332  33328.00      -33.1512    -85.4951568645    -85.4914026680    0.102157
 8333  33332.00      -33.1350    -85.4836883603    -85.4800521899    0.098945
 8334  33336.00       35.9754    -85.4763771849    -85.4727120258    0.099734
 8335  33340.00      -35.4284    -85.4735302927    -85.4685687275    0.135011
 8336  33344.00      -37.6624    -85.4761401069    -85.4692478550    0.187548
 8337  33348.00      -36.9522    -85.4716022224    -85.4636756504    0.215693
 8338  33352.00      -41.7509    -85.4629687908    -85.4548698367    0.220384
 8339  33356.00       37.3811    -85.4809907812    -85.4732911907    0.209517
 8340  33360.00      -38.7419    -85.4774730979    -85.4698674630    0.206960
 8341  33364.00      -40.2243    -85.4638035162    -85.4557291419    0.219715
 8342  33368.00      -44.9512    -85.4682578653    -85.4589863947    0.252290
 8343  33372.00       48.7531    -85.4780917232    -85.4695068042    0.233608
 8344  33376.00      -46.1248    -85.4855294531    -85.4782503823    0.198074
 8345  33380.00       45.8666    -85.4752906919    -85.4686329297    0.181167
 8346  33384.00      -52.5941    -85.4705525280    -85.4647531764    0.157808
 8347  33388.00      -58.9133    -85.4724040813    -85.4659246180    0.176315
 8348  33392.00       61.8420    -85.4718433601    -85.4636126989    0.223968
 8349  33396.00      -60.1390    -85.4737088993    -85.4643654664    0.254248
 8350  33400.00       59.2762    -85.4684820755    -85.4596221649    0.241090
 8351  33404.00      -65.8565    -85.4750877087    -85.4677840548    0.198743
 8352  33408.00       71.6941    -85.4747892369    -85.4680100806    0.184470
 8353  33412.00       70.8423    -85.4730228641    -85.4644579823    0.233062
 8354  33416.00       62.9154    -85.4758534904    -85.4638256586    0.327294
 8355  33420.00      -60.3486    -85.4676343655    -85.4543434755    0.361664
 8356  33424.00      -67.0186    -85.4709779902    -85.4589178324    0.328174
 8357  33428.00       71.4339    -85.4722237127    -85.4630698135    0.249090
 8358  33432.00      -66.3716    -85.4666915301    -85.4594286228    0.197634
 8359  33436.00      -54.2587    -85.4696004914    -85.4604631803    0.248639
 8360  33440.00       50.0038    -85.4700275930    -85.4587877894    0.305851
 8361  33444.00       54.0431    -85.4671973146    -85.4561087361    0.301736
 8362  33448.00       62.9332    -85.4698060326    -85.4604586641    0.254355
 8363  33452.00       67.0152    -85.4811587790    -85.4739183093    0.197023
 8364  33456.00      -63.8845    -85.4777693431    -85.4694601614    0.226104
 8365  33460.00       61.1912    -85.4838716544    -85.4726308679    0.305877
 8366  33464.00      -61.4696    -85.4732826025    -85.4611741801    0.329487
 8367  33468.00       66.6409    -85.4642807119    -85.4530310300    0.306119
 8368  33472.00      -62.9012    -85.4765356676    -85.4658625490    0.290430
 8369  33476.00           nan               nan               nan         nan
 8370  33480.00           nan               nan               nan         nan
 8371  33484.00       51.7177    -85.4645746166    -85.4479351381    0.452783
 8372  33488.00      -54.8987    -85.4755213650    -85.4605446904    0.407536
 8373  33492.00      -56.4892    -85.4704080996    -85.4586909781    0.318839
 8374  33496.00       52.8724    -85.4635303659    -85.4524077633    0.302661
 8375  33500.00      -51.5486    -85.4867188282    -85.4735639080    0.357964
 8376  33504.00      -50.9313    -85.4807465106    -85.4651179369    0.425275
 8377  33508.00       52.7856    -85.4795914048    -85.4642121116    0.418492
 8378  33512.00       57.9048    -85.4892357592    -85.4763582423    0.350415
 8379  33516.00       56.8671    -85.4843135010    -85.4743038637    0.272376
 8380  33520.00      -57.6358    -85.4798944774    -85.4718289354    0.219475
 8381  33524.00       64.2895    -85.4692804482    -85.4606354259    0.235243
 8382  33528.00           nan               nan               nan         nan
 8383  33532.00       64.2468    -85.4592501167    -85.4472711689    0.325964
 8384  33536.00      -63.0195    -85.4681822141    -85.4543320956    0.376881
 8385  33540.00      -63.4026    -85.4777055615    -85.4645831996    0.357078
 8386  33544.00       70.1628    -85.4608156213    -85.4492112976    0.315770
 8387  33548.00      -69.2199    -85.4717106985    -85.4628983412    0.239796
 8388  33552.00       68.3627    -85.4725516711    -85.4636915828    0.241095
 8389  33556.00      -70.2065    -85.4773710037    -85.4662447239    0.302761
 8390  33560.00       66.8922    -85.4755265118    -85.4626798118    0.349577
 8391  33564.00      -69.6021    -85.4631729214    -85.4494267218    0.374053
 8392  33568.00      -74.0630    -85.4753588213    -85.4640700422    0.307183
 8393  33572.00       70.1400    -85.4653535282    -85.4568341941    0.231823
 8394  33576.00       73.8068    -85.4583672220    -85.4498252572    0.232439
 8395  33580.00       74.2824    -85.4673569146    -85.4583832360    0.244186
 8396  33584.00       74.8714    -85.4733124086    -85.4634308718    0.268890
 8397  33588.00      -73.7859    -85.4794850071    -85.4699288978    0.260035
 8398  33592.00      -71.4476    -85.4728656392    -85.4640289344    0.240459
 8399  33596.00      -71.6631    -85.4786189789    -85.4688585720    0.265594
 8400  33600.00      -74.2953    -85.4620293204    -85.4520189066    0.272397
 8401  33604.00      -73.3836    -85.4520133545    -85.4422953201    0.264441
 8402  33608.00       71.3767    -85.4719796242    -85.4623535575    0.261939
 8403  33612.00      -68.2901    -85.4710982452    -85.4624902542    0.234235
 8404  33616.00      -66.8017    -85.4734007284    -85.4632745411    0.275548
 8405  33620.00       72.1128    -85.4681911996    -85.4540126563    0.385818
 8406  33624.00       68.3281    -85.4655760006    -85.4514934787    0.383205
 8407  33628.00       63.6556    -85.4782330869    -85.4675810984    0.289855
 8408  33632.00      -66.2202    -85.4775447967    -85.4708757916    0.181473
 8409  33636.00       64.8476    -85.4651098528    -85.4601936868    0.133776
 8410  33640.00       70.2239    -85.4610221224    -85.4549911610    0.164111
 8411  33644.00      -65.0039    -85.4719480600    -85.4636377980    0.226134
 8412  33648.00      -53.2585    -85.4646388038    -85.4544427933    0.277448
 8413  33652.00       51.7993    -85.4629876897    -85.4522293162    0.292750
 8414  33656.00      -45.7464    -85.4735390028    -85.4647101632    0.240245
 8415  33660.00      -47.8452    -85.4574571733    -85.4492607855    0.223035
 8416  33664.00       49.1969    -85.4434322985    -85.4347113207    0.237310
 8417  33668.00       47.1231    -85.4551326906    -85.4464373051    0.236613
 8418  33672.00       49.0024    -85.4704186346    -85.4623689430    0.219043
 8419  33676.00       64.7628    -85.4652094250    -85.4570099695    0.223119
 8420  33680.00      -71.8370    -85.4643871613    -85.4539824134    0.283128
 8421  33684.00      -71.9528    -85.4774363901    -85.4647121535    0.346244
 8422  33688.00      -63.2087    -85.4626480112    -85.4510194950    0.316428
 8423  33692.00       64.6595    -85.4677212886    -85.4582971273    0.256444
 8424  33696.00      -77.2315    -85.4748554812    -85.4661800988    0.236069
 8425  33700.00       80.5563    -85.4668237620    -85.4574885117    0.254025
 8426  33704.00      -76.8744    -85.4603088754    -85.4498450189    0.284736
 8427  33708.00       68.5951    -85.4486753900    -85.4379257843    0.292512
 8428  33712.00       62.9397    -85.4557081043    -85.4456772721    0.272953
 8429  33716.00      -70.8354    -85.4660911961    -85.4573459605    0.237970
 8430  33720.00      -69.7615    -85.4659030311    -85.4584391264    0.203103
 8431  33724.00      -60.3273    -85.4588570284    -85.4503341908    0.231918
 8432  33728.00      -50.8204    -85.4607983806    -85.4493852499    0.310567
 8433  33732.00      -48.3286    -85.4693170706    -85.4570871773    0.332792
 8434  33736.00      -57.1313    -85.4640079089    -85.4509517209    0.355277
 8435  33740.00      -64.9282    -85.4671504648    -85.4542142079    0.352013
 8436  33744.00       62.3790    -85.4643262296    -85.4540818996    0.278762
 8437  33748.00      -57.8488    -85.4561201275    -85.4474250925    0.236604
 8438  33752.00       59.2357    -85.4621396265    -85.4547268318    0.201712
 8439  33756.00       69.2447    -85.4625935024    -85.4547189607    0.214277
 8440  33760.00       78.7339    -85.4619653726    -85.4516252384    0.281369
 8441  33764.00       68.7551    -85.4638043790    -85.4539256226    0.268815
 8442  33768.00       64.4842    -85.4653698501    -85.4571698687    0.223133
 8443  33772.00       64.8843    -85.4723826951    -85.4651395329    0.197096
 8444  33776.00       65.1372    -85.4695160744    -85.4629809561    0.177830
 8445  33780.00       67.4441    -85.4584866623    -85.4507246203    0.211216
 8446  33784.00       60.5111    -85.4584759458    -85.4499890979    0.230939
 8447  33788.00       42.7079    -85.4665799066    -85.4588740488    0.209687
 8448  33792.00       38.2270    -85.4676513128    -85.4602449230    0.201538
 8449  33796.00      -42.6283    -85.4621789459    -85.4550123258    0.195014
 8450  33800.00           nan               nan               nan         nan
 8451  33804.00       38.8705    -85.4536503606    -85.4424797816    0.303967
 8452  33808.00      -34.9127    -85.4637080273    -85.4537090677    0.272086
 8453  33812.00      -41.8348    -85.4741651920    -85.4658462313    0.226370
 8454  33816.00           nan               nan               nan         nan
 8455  33820.00      -58.2153    -85.4571799218    -85.4487575961    0.229183
 8456  33824.00      -56.6622    -85.4635973145    -85.4545815974    0.245330
 8457  33828.00       45.5691    -85.4749337124    -85.4663406929    0.233828
 8458  33832.00       44.2796    -85.4640008789    -85.4561805718    0.212801
 8459  33836.00      -55.7817    -85.4600627020    -85.4528845092    0.195329
 8460  33840.00       51.4864    -85.4731014778    -85.4656353182    0.203165
 8461  33844.00       45.9900    -85.4725468109    -85.4626252226    0.269980
 8462  33848.00      -45.7825    -85.4707190771    -85.4593241892    0.310071
 8463  33852.00       44.9636    -85.4751303986    -85.4644020164    0.291934
 8464  33856.00      -49.5918    -85.4717970548    -85.4626883599    0.247860
 8465  33860.00       47.6194    -85.4658470648    -85.4586501028    0.195839
 8466  33864.00      -33.5405    -85.4675106931    -85.4603304488    0.195384
 8467  33868.00       31.6614    -85.4780728537    -85.4679657575    0.275028
 8468  33872.00      -32.2920    -85.4785364607    -85.4672712070    0.306543
 8469  33876.00      -38.7998    -85.4671039347    -85.4552074890    0.323719
 8470  33880.00      -38.1633    -85.4760382690    -85.4644125596    0.316352
 8471  33884.00      -39.6349    -85.4807766645    -85.4704352797    0.281403
 8472  33888.00       39.7925    -85.4707812291    -85.4611925425    0.260921
 8473  33892.00      -38.7247    -85.4623094089    -85.4537274393    0.233527
 8474  33896.00       44.5832    -85.4583352355    -85.4496297567    0.236888
 8475  33900.00       44.4155    -85.4760434305    -85.4661094933    0.270316
 8476  33904.00      -45.3207    -85.4822621945    -85.4720450828    0.278022
 8477  33908.00      -43.3157    -85.4608761558    -85.4516645514    0.250661
 8478  33912.00       44.3526    -85.4613727153    -85.4546304181    0.183467
 8479  33916.00      -46.2842    -85.4756129195    -85.4701084608    0.149784
 8480  33920.00      -42.2382    -85.4679265278    -85.4598802143    0.218951
 8481  33924.00      -31.6087    -85.4677990103    -85.4544066944    0.364423
 8482  33928.00       23.7273    -85.4769486782    -85.4602636513    0.454023
 8483  33932.00       26.0527    -85.4690702515    -85.4540469736    0.408804
 8484  33936.00       33.0473    -85.4650713436    -85.4540784769    0.299131
 8485  33940.00       26.2759    -85.4713586440    -85.4629147868    0.229769
 8486  33944.00      -36.6316    -85.4743890440    -85.4660789261    0.226130
 8487  33948.00      -32.0128    -85.4787081770    -85.4693526755    0.254576
 8488  33952.00      -34.0962    -85.4783920621    -85.4693652422    0.245632
 8489  33956.00       36.8053    -85.4726750294    -85.4646793759    0.217573
 8490  33960.00      -27.0983    -85.4812049267    -85.4727089856    0.231186
 8491  33964.00      -33.1172    -85.4773802124    -85.4666968114    0.290710
 8492  33968.00      -34.3295    -85.4757595708    -85.4642381912    0.313513
 8493  33972.00       33.7839    -85.4797262205    -85.4691317698    0.288290
 8494  33976.00      -37.7135    -85.4724654822    -85.4645813280    0.214539
 8495  33980.00      -39.3403    -85.4664800663    -85.4599380954    0.178016
 8496  33984.00       34.3240    -85.4632337076    -85.4543524061    0.241673
 8497  33988.00      -37.8965    -85.4686039408    -85.4556082668    0.353630
 8498  33992.00       38.0110    -85.4859207637    -85.4707123157    0.413843
 8499  33996.00      -38.5319    -85.4804905597    -85.4663185851    0.385639
 8500  34000.00       37.0596    -85.4710428130    -85.4594629019    0.315105
 8501  34004.00      -28.8034    -85.4778326777    -85.4672935374    0.286785
 8502  34008.00      -26.2877    -85.4707191124    -85.4587200602    0.326511
 8503  34012.00      -25.3997    -85.4773266918    -85.4631172115    0.386660
 8504  34016.00      -25.9855    -85.4736885626    -85.4594469084    0.387535
 8505  34020.00      -32.4155    -85.4633536495    -85.4531469880    0.277737
 8506  34024.00      -33.5128    -85.4724707913    -85.4646723702    0.212206
 8507  34028.00       33.2219    -85.4702634195    -85.4618752659    0.228253
 8508  34032.00      -36.7842    -85.4685099926    -85.4585427474    0.271223
 8509  34036.00       32.9773    -85.4762560801    -85.4649875512    0.306632
 8510  34040.00       37.5531    -85.4698891418    -85.4588349184    0.300801
 8511  34044.00      -36.9659    -85.4792131022    -85.4683449198    0.295738
 8512  34048.00      -30.7586    -85.4809875939    -85.4688371737    0.330630
 8513  34052.00      -38.9433    -85.4696344829    -85.4559760353    0.371665
 8514  34056.00       41.0106    -85.4689634645    -85.4551896293    0.374805
 8515  34060.00      -31.4167    -85.4775999819    -85.4653109772    0.334401
 8516  34064.00      -36.5119    -85.4783738886    -85.4669003678    0.312210
 8517  34068.00      -35.3006    -85.4663129852    -85.4540018978    0.335002
 8518  34072.00      -35.4654    -85.4677581127    -85.4542137043    0.368562
 8519  34076.00       38.4787    -85.4831805563    -85.4695096262    0.372005
 8520  34080.00       41.7845    -85.4835636688    -85.4707081138    0.349817
 8521  34084.00       43.6945    -85.4817371710    -85.4698147312    0.324426
 8522  34088.00      -44.6836    -85.4760556618    -85.4649048458    0.303429
 8523  34092.00       36.1447    -85.4653416486    -85.4544139303    0.297358
 8524  34096.00      -45.7511    -85.4730374646    -85.4616057577    0.311073
 8525  34100.00       50.8038    -85.4834873022    -85.4714902435    0.326457
 8526  34104.00       41.8785    -85.4646021379    -85.4524161325    0.331598
 8527  34108.00       52.1572    -85.4643990353    -85.4522737235    0.329947
 8528  34112.00      -55.4046    -85.4791340998    -85.4669872296    0.330533
 8529  34116.00      -61.0846    -85.4719091690    -85.4598313821    0.328653
 8530  34120.00       65.5165    -85.4663527878    -85.4548488421    0.313038
 8531  34124.00      -62.3631    -85.4695369517    -85.4572107719    0.335412
 8532  34128.00      -59.8288    -85.4775890808    -85.4648132070    0.347649
 8533  34132.00       58.5830    -85.4859222379    -85.4736401044    0.334214
 8534  34136.00       61.4820    -85.4811297055    -85.4695682070    0.314604
 8535  34140.00      -63.1026    -85.4766704755    -85.4661329872    0.286740
 8536  34144.00       65.4283    -85.4721185880    -85.4614205733    0.291108
 8537  34148.00       61.5927    -85.4613579450    -85.4505349383    0.294509
 8538  34152.00      -62.0532    -85.4568987620    -85.4456449267    0.306232
 8539  34156.00      -66.3205    -85.4715537535    -85.4618811178    0.263206
 8540  34160.00       67.5013    -85.4783645726    -85.4710998578    0.197683
 8541  34164.00      -70.9381    -85.4484138210    -85.4405523512    0.213921
 8542  34168.00      -66.4296    -85.4617080511    -85.4517786536    0.270193
 8543  34172.00      -62.4543    -85.4848023502    -85.4736107958    0.304538
 8544  34176.00      -63.6886    -85.4759571348    -85.4660441112    0.269747
 8545  34180.00      -65.8537    -85.4659841730    -85.4584888596    0.203958
 8546  34184.00      -69.7998    -85.4584567719    -85.4515191357    0.188783
 8547  34188.00      -64.4489    -85.4717222922    -85.4632441381    0.230702
 8548  34192.00       60.9691    -85.4805266014    -85.4689604263    0.314732
 8549  34196.00      -64.9186    -85.4721322431    -85.4607516574    0.309682
 8550  34200.00       69.8053    -85.4672292797    -85.4593649614    0.213999
 8551  34204.00       73.6330    -85.4650607703    -85.4590679289    0.163074
 8552  34208.00      -75.7759    -85.4642706210    -85.4573092344    0.189429
 8553  34212.00      -69.9408    -85.4672382839    -85.4574758656    0.265649
 8554  34216.00      -67.6242    -85.4756195197    -85.4651663535    0.284445
 8555  34220.00      -70.0154    -85.4765910302    -85.4683259953    0.224903
 8556  34224.00       65.2904    -85.4694549376    -85.4636373960    0.158303
 8557  34228.00       66.3988    -85.4588508648    -85.4532144554    0.153375
 8558  34232.00      -59.3851    -85.4764641976    -85.4695994954    0.186798
 8559  34236.00       60.2036    -85.4799578781    -85.4708681704    0.247344
 8560  34240.00      -64.6341    -85.4594495233    -85.4508560941    0.233839
 8561  34244.00      -63.5843    -85.4720168645    -85.4655377519    0.176306
 8562  34248.00       65.7336    -85.4645627178    -85.4581664482    0.174051
 8563  34252.00       69.3161    -85.4665446469    -85.4577996379    0.237964
 8564  34256.00       70.5740    -85.4811153399    -85.4701423082    0.298591
 8565  34260.00      -78.6830    -85.4688453707    -85.4577480323    0.301974
 8566  34264.00       78.2596    -85.4760163725    -85.4684288787    0.206466
 8567  34268.00      -79.4119    -85.4730003335    -85.4669768269    0.163908
 8568  34272.00       80.6216    -85.4812417839    -85.4746019070    0.180680
 8569  34276.00      -72.9321    -85.4728819214    -85.4647885872    0.220231
 8570  34280.00      -72.7213    -85.4541396043    -85.4447570241    0.255313
 8571  34284.00      -72.5022    -85.4684442707    -85.4604978152    0.216234
 8572  34288.00       68.0298    -85.4654528834    -85.4598411810    0.152702
 8573  34292.00      -69.0202    -85.4675038882    -85.4614909852    0.163619
 8574  34296.00      -63.0950    -85.4662222534    -85.4580000290    0.223738
 8575  34300.00      -59.1993    -85.4639239494    -85.4537461204    0.276953
 8576  34304.00       62.8094    -85.4716495655    -85.4615274157    0.275438
 8577  34308.00       60.7448    -85.4699465721    -85.4616263254    0.226405
 8578  34312.00      -62.1252    -85.4824432767    -85.4750571308    0.200987
 8579  34316.00       62.4816    -85.4845401079    -85.4770627377    0.203470
 8580  34320.00      -57.4501    -85.4670495864    -85.4594707355    0.206231
 8581  34324.00       62.2119    -85.4646968466    -85.4568555104    0.213374
 8582  34328.00      -63.2418    -85.4734670155    -85.4653582407    0.220651
 8583  34332.00      -61.2474    -85.4852225647    -85.4767665755    0.230099
 8584  34336.00       63.5964    -85.4650956384    -85.4564311425    0.235773
 8585  34340.00       62.2708    -85.4499693262    -85.4421552664    0.212631
 8586  34344.00       65.4874    -85.4605520628    -85.4532144136    0.199668
 8587  34348.00      -70.1533    -85.4761381701    -85.4691972384    0.188872
 8588  34352.00      -66.7018    -85.4784277683    -85.4723890043    0.164323
 8589  34356.00      -66.6511    -85.4811532540    -85.4747088742    0.175361
 8590  34360.00      -65.9663    -85.4764252758    -85.4687830470    0.207956
 8591  34364.00       62.7150    -85.4721036557    -85.4638243375    0.225292
 8592  34368.00      -65.1195    -85.4754974510    -85.4659497071    0.259807
 8593  34372.00       62.0402    -85.4759282253    -85.4660390072    0.269099
 8594  34376.00       63.9658    -85.4714907051    -85.4617776572    0.264305
 8595  34380.00      -63.1974    -85.4632249183    -85.4549891498    0.224107
 8596  34384.00       64.7141    -85.4666602708    -85.4600203058    0.180683
 8597  34388.00      -69.3406    -85.4789215017    -85.4720633641    0.186619
 8598  34392.00       73.8904    -85.4805081231    -85.4728897883    0.207305
 8599  34396.00      -71.4576    -85.4727587066    -85.4655951699    0.194930
 8600  34400.00      -74.4066    -85.4707779534    -85.4639255049    0.186465
 8601  34404.00      -77.7297    -85.4660422347    -85.4600944595    0.161847
 8602  34408.00      -77.0473    -85.4613201857    -85.4555264747    0.157655
 8603  34412.00      -77.8845    -85.4675203635    -85.4605039846    0.190925
 8604  34416.00       74.9855    -85.4763340855    -85.4676481650    0.236356
 8605  34420.00      -75.7189    -85.4665925023    -85.4573502035    0.251496
 8606  34424.00           nan               nan               nan         nan
 8607  34428.00       90.9578    -85.4712324890    -85.4644365986    0.184926
 8608  34432.00       91.8480    -85.4573925426    -85.4500542539    0.199685
 8609  34436.00      -86.3241    -85.4568277887    -85.4475930851    0.251289
 8610  34440.00       79.8146    -85.4676126950    -85.4573943655    0.278055
 8611  34444.00       81.3498    -85.4827523882    -85.4731435014    0.261471
 8612  34448.00       88.4564    -85.4803098206    -85.4720887925    0.223706
 8613  34452.00      -88.7744    -85.4673476486    -85.4593539785    0.217519
 8614  34456.00      -88.5489    -85.4807845875    -85.4710923577    0.263739
 8615  34460.00      -84.6121    -85.4794885996    -85.4692111567    0.279663
 8616  34464.00      -90.5619    -85.4683254239    -85.4593569831    0.244044
 8617  34468.00      -98.5549    -85.4612070760    -85.4533534445    0.213708
 8618  34472.00      -98.9199    -85.4594198872    -85.4517740235    0.208055
 8619  34476.00      -99.8227    -85.4570741626    -85.4474752805    0.261199
 8620  34480.00      -97.3072    -85.4729302380    -85.4607940717    0.330242
 8621  34484.00       95.8395    -85.4824812481    -85.4707096922    0.320320
 8622  34488.00      100.8600    -85.4889814458    -85.4791128325    0.268539
 8623  34492.00      100.9585    -85.4842923195    -85.4753721180    0.242731
 8624  34496.00       96.7529    -85.4705388273    -85.4604439185    0.274696
 8625  34500.00       90.4719    -85.4826731901    -85.4702254430    0.338720
 8626  34504.00      -87.9124    -85.4801182839    -85.4668703514    0.360495
 8627  34508.00      -90.1081    -85.4657058953    -85.4534683482    0.333001
 8628  34512.00       92.6510    -85.4709933984    -85.4609183192    0.274157
 8629  34516.00       89.9109    -85.4738010808    -85.4647031694    0.247567
 8630  34520.00       88.4588    -85.4712630052    -85.4610696784    0.277375
 8631  34524.00      -84.9033    -85.4711075287    -85.4604855028    0.289040
 8632  34528.00       82.5268    -85.4692417663    -85.4584715447    0.293073
 8633  34532.00      -83.1603    -85.4787165485    -85.4678791623    0.294900
 8634  34536.00           nan               nan               nan         nan
 8635  34540.00      -77.8051    -85.4705000379    -85.4605254397    0.271423
 8636  34544.00       77.6502    -85.4715285870    -85.4617814242    0.265234
 8637  34548.00       70.5870    -85.4740586159    -85.4645859995    0.257763
 8638  34552.00       72.3012    -85.4673708834    -85.4563485424    0.299933
 8639  34556.00       70.4101    -85.4784580623    -85.4659551584    0.340221
 8640  34560.00      -64.3237    -85.4763593699    -85.4642453895    0.329638
 8641  34564.00      -63.3885    -85.4629984517    -85.4518624370    0.303026
 8642  34568.00       64.6507    -85.4684892125    -85.4585106393    0.271531
 8643  34572.00      -66.3611    -85.4700831091    -85.4601653335    0.269876
 8644  34576.00       69.6003    -85.4801946296    -85.4694142611    0.293349
 8645  34580.00      -63.0931    -85.4818766922    -85.4710802965    0.293785
 8646  34584.00      -56.6184    -85.4717250759    -85.4612219216    0.285805
 8647  34588.00      -57.1204    -85.4660782666    -85.4561309592    0.270680
 8648  34592.00       50.9116    -85.4651589607    -85.4556363111    0.259124
 8649  34596.00       50.2444    -85.4758894079    -85.4653938776    0.285598
 8650  34600.00      -49.5701    -85.4848034430    -85.4737254704    0.301447
 8651  34604.00       49.8049    -85.4739705067    -85.4642739980    0.263855
 8652  34608.00      -53.2659    -85.4558035593    -85.4486709921    0.194087
 8653  34612.00      -57.3851    -85.4754912406    -85.4690721150    0.174673
 8654  34616.00       60.9843    -85.4804905346    -85.4717325139    0.238318
 8655  34620.00      -62.9173    -85.4779693135    -85.4665702992    0.310183
 8656  34624.00       58.6449    -85.4953604946    -85.4834906701    0.322994
 8657  34628.00      -61.6531    -85.4788846758    -85.4691452355    0.265024
 8658  34632.00       61.4787    -85.4683328412    -85.4617664878    0.178680
 8659  34636.00      -57.7174    -85.4708857363    -85.4645504282    0.172393
 8660  34640.00       59.1652    -85.4721924064    -85.4636081937    0.233588
 8661  34644.00       53.1590    -85.4867976507    -85.4770420628    0.265463
 8662  34648.00      -51.1777    -85.4692545920    -85.4608023130    0.229998
 8663  34652.00      -51.1489    -85.4622075386    -85.4562678102    0.161628
 8664  34656.00      -52.9146    -85.4734335290    -85.4683496076    0.138341
 8665  34660.00      -49.4577    -85.4665839353    -85.4597847501    0.185015
 8666  34664.00       45.7036    -85.4749683973    -85.4659605164    0.245117
 8667  34668.00      -41.6833    -85.4853188234    -85.4771582121    0.222062
 8668  34672.00      -44.5956    -85.4876067746    -85.4808932648    0.182684
 8669  34676.00      -47.2216    -85.4803324963    -85.4741047783    0.169465
 8670  34680.00           nan               nan               nan         nan
 8671  34684.00       53.1879    -85.4673728840    -85.4571060690    0.279374
 8672  34688.00      -54.5709    -85.4713692698    -85.4621001812    0.252225
 8673  34692.00       55.9658    -85.4669934364    -85.4601285843    0.186802
 8674  34696.00       59.5975    -85.4531659841    -85.4474158928    0.156468
 8675  34700.00       52.1437    -85.4639978063    -85.4576218702    0.173498
 8676  34704.00       53.5071    -85.4708845778    -85.4608279167    0.273656
 8677  34708.00       49.5826    -85.4745034111    -85.4630439100    0.311829
 8678  34712.00      -48.1044    -85.4843576418    -85.4752699827    0.247288
 8679  34716.00      -49.8385    -85.4751293829    -85.4691517826    0.162659
 8680  34720.00       49.1562    -85.4688561973    -85.4630870285    0.156987
 8681  34724.00       47.9437    -85.4601742169    -85.4516131557    0.232958
 8682  34728.00       43.9661    -85.4677323146    -85.4561389563    0.315471
 8683  34732.00       44.3001    -85.4831377177    -85.4712232650    0.324209
 8684  34736.00       50.9281    -85.4776997734    -85.4681628554    0.259513
 8685  34740.00      -51.5307    -85.4650373908    -85.4577319440    0.198791
 8686  34744.00       57.0313    -85.4696640657    -85.4610834928    0.233489
 8687  34748.00      -51.2306    -85.4736376127    -85.4626140152    0.299967
 8688  34752.00      -51.2569    -85.4850208276    -85.4723103130    0.345871
 8689  34756.00      -53.8860    -85.4855021877    -85.4730515447    0.338799
 8690  34760.00       64.9764    -85.4733198096    -85.4618605915    0.311821
 8691  34764.00      -63.7100    -85.4713432440    -85.4623556563    0.244565
 8692  34768.00      -65.2600    -85.4717217425    -85.4633574229    0.227605
 8693  34772.00       64.4874    -85.4708317288    -85.4620469566    0.239046
 8694  34776.00       63.6163    -85.4748223780    -85.4667169850    0.220559
 8695  34780.00      -70.1985    -85.4689614159    -85.4607671624    0.222977
 8696  34784.00       74.1048    -85.4729269548    -85.4651339974    0.212057
 8697  34788.00       73.1245    -85.4713826142    -85.4629093661    0.230569
 8698  34792.00      -69.4574    -85.4638186332    -85.4524282261    0.309949
 8699  34796.00      -70.0499    -85.4686369407    -85.4550210664    0.370507
 8700  34800.00      -69.9142    -85.4718419407    -85.4588091705    0.354640
 8701  34804.00      -72.8558    -85.4821429020    -85.4724512363    0.263724
 8702  34808.00       73.5788    -85.4826782409    -85.4763681466    0.171706
 8703  34812.00      -71.7172    -85.4722270945    -85.4661398283    0.165643
 8704  34816.00      -72.3980    -85.4693368512    -85.4616760061    0.208462
 8705  34820.00       71.8102    -85.4698933014    -85.4606055433    0.252733
 8706  34824.00      -75.7155    -85.4774891444    -85.4662425673    0.306035
 8707  34828.00      -75.9170    -85.4707449328    -85.4609571512    0.266339
 8708  34832.00      -78.3531    -85.4626854499    -85.4552704098    0.201774
 8709  34836.00       84.4203    -85.4573711699    -85.4496029027    0.211385
 8710  34840.00      -82.2945    -85.4691294972    -85.4603749723    0.238223
 8711  34844.00       80.8063    -85.4778147165    -85.4679638219    0.268056
 8712  34848.00      -77.6099    -85.4791557813    -85.4690198051    0.275814
 8713  34852.00       68.9819    -85.4718685016    -85.4631882369    0.236202
 8714  34856.00       71.6246    -85.4648902804    -85.4570634914    0.212978
 8715  34860.00      -76.2180    -85.4693542277    -85.4601188844    0.251306
 8716  34864.00       72.8100    -85.4715947938    -85.4602091899    0.309818
 8717  34868.00       72.0888    -85.4719692820    -85.4592449474    0.346247
 8718  34872.00       66.1149    -85.4671417968    -85.4556262972    0.313353
 8719  34876.00       66.9570    -85.4658353558    -85.4564210094    0.256177
 8720  34880.00       68.5896    -85.4758557731    -85.4676724509    0.222680
 8721  34884.00       60.5409    -85.4704495420    -85.4617737138    0.236081
 8722  34888.00       52.1642    -85.4706225752    -85.4599042776    0.291660
 8723  34892.00       44.8030    -85.4758927432    -85.4650931801    0.293871
 8724  34896.00       46.4593    -85.4730310370    -85.4636782358    0.254503
 8725  34900.00       57.7424    -85.4751722230    -85.4661166787    0.246414
 8726  34904.00      -58.2654    -85.4713868813    -85.4625787783    0.239681
 8727  34908.00           nan               nan               nan         nan
 8728  34912.00       58.5811    -85.4665323024    -85.4545934451    0.324873
 8729  34916.00      -62.9219    -85.4821373529    -85.4719677888    0.276728
 8730  34920.00       67.4150    -85.4609692212    -85.4527291736    0.224223
 8731  34924.00      -70.2433    -85.4622940660    -85.4542917805    0.217753
 8732  34928.00      -59.6522    -85.4749192509    -85.4656919188    0.251088
 8733  34932.00       54.5743    -85.4600915456    -85.4478417365    0.333334
 8734  34936.00       52.0376    -85.4744693071    -85.4622521327    0.332446
 8735  34940.00           nan               nan               nan         nan
 8736  34944.00      -57.2364    -85.4757204668    -85.4673566249    0.227592
 8737  34948.00       54.8910    -85.4862049928    -85.4784995652    0.209675
 8738  34952.00      -58.7148    -85.4660446294    -85.4578734157    0.222350
 8739  34956.00      -60.6589    -85.4670801749    -85.4577829284    0.252991
 8740  34960.00      -58.1594    -85.4794432935    -85.4707494834    0.236571
 8741  34964.00      -61.1160    -85.4691989810    -85.4612635746    0.215933
 8742  34968.00      -55.6220    -85.4703930450    -85.4619253613    0.230417
 8743  34972.00      -54.3671    -85.4721616779    -85.4621826579    0.271543
 8744  34976.00       61.5497    -85.4686077071    -85.4570324516    0.314979
 8745  34980.00       58.6154    -85.4680944679    -85.4565423071    0.314350
 8746  34984.00      -63.2939    -85.4740291107    -85.4644038786    0.261916
 8747  34988.00      -67.5332    -85.4883064247    -85.4798854043    0.229148
 8748  34992.00       69.8239    -85.4701755132    -85.4617442198    0.229427
 8749  34996.00      -73.6041    -85.4544068917    -85.4450788547    0.253829
 8750  35000.00       77.0401    -85.4778271127    -85.4678346560    0.271909
 8751  35004.00       73.2449    -85.4801921161    -85.4704803065    0.264272
 8752  35008.00      -75.1045    -85.4735278129    -85.4633570761    0.276760
 8753  35012.00      -75.9670    -85.4698858025    -85.4597382101    0.276130
 8754  35016.00      -73.7122    -85.4638005473    -85.4525106446    0.307214
 8755  35020.00      -74.6208    -85.4745506362    -85.4623648348    0.331593
 8756  35024.00      -67.5139    -85.4809123329    -85.4708307233    0.274335
 8757  35028.00      -69.4632    -85.4693983965    -85.4619405019    0.202940
 8758  35032.00       73.7090    -85.4682939009    -85.4619287596    0.173204
 8759  35036.00       74.2049    -85.4829665536    -85.4765595299    0.174344
 8760  35040.00      -81.1736    -85.4718881892    -85.4624707009    0.256263
 8761  35044.00      -78.6706    -85.4710475332    -85.4588599552    0.331641
 8762  35048.00      -73.6357    -85.4782526880    -85.4673569033    0.296489
 8763  35052.00       78.7830    -85.4507784315    -85.4421195638    0.235620
 8764  35056.00       81.3912    -85.4649056441    -85.4580823094    0.185672
 8765  35060.00       80.9284    -85.4798384775    -85.4729524208    0.187379
 8766  35064.00       81.2768    -85.4677105876    -85.4576113326    0.274815
 8767  35068.00       77.5667    -85.4746059226    -85.4622456125    0.336341
 8768  35072.00      -79.3130    -85.4750309225    -85.4635801984    0.311590
 8769  35076.00       81.0812    -85.4774042326    -85.4678118420    0.261022
 8770  35080.00       78.8224    -85.4867676963    -85.4790014598    0.211330
 8771  35084.00      -80.6574    -85.4802200386    -85.4710174440    0.250415
 8772  35088.00       76.9162    -85.4727284361    -85.4611550879    0.314927
 8773  35092.00      -79.8202    -85.4666384657    -85.4552006801    0.311238
 8774  35096.00      -81.4011    -85.4744542459    -85.4643986039    0.273628
 8775  35100.00       77.9832    -85.4769882632    -85.4687273655    0.224790
 8776  35104.00       72.9509    -85.4706571803    -85.4625767223    0.219880
 8777  35108.00      -71.1550    -85.4704085415    -85.4603725232    0.273094
 8778  35112.00       70.1258    -85.4629567019    -85.4513080835    0.316975
 8779  35116.00       74.5775    -85.4779121135    -85.4670143417    0.296543
 8780  35120.00      -74.7907    -85.4904750428    -85.4809947533    0.257972
 8781  35124.00      -72.2472    -85.4750229907    -85.4658186993    0.250462
 8782  35128.00       75.8836    -85.4689760941    -85.4592825615    0.263774
 8783  35132.00      -77.2535    -85.4721570601    -85.4614926082    0.290195
 8784  35136.00       78.9472    -85.4746665597    -85.4633439233    0.308105
 8785  35140.00      -79.2754    -85.4692507508    -85.4587249130    0.286423
 8786  35144.00      -77.2160    -85.4770445175    -85.4678074511    0.251353
 8787  35148.00       76.3355    -85.4695216399    -85.4609512431    0.233212
 8788  35152.00      -73.5818    -85.4646006145    -85.4551969761    0.255886
 8789  35156.00      -72.3069    -85.4802266901    -85.4690163421    0.305049
 8790  35160.00      -67.0700    -85.4827727515    -85.4695640431    0.359427
 8791  35164.00       68.0163    -85.4866487286    -85.4732581021    0.364378
 8792  35168.00       69.2847    -85.4781389320    -85.4668537218    0.307086
 8793  35172.00       68.0913    -85.4743434118    -85.4645081472    0.267631
 8794  35176.00       67.4395    -85.4779575375    -85.4689731492    0.244478
 8795  35180.00       64.4343    -85.4769104996    -85.4674827063    0.256543
 8796  35184.00      -67.1211    -85.4786181864    -85.4663939554    0.332638
 8797  35188.00      -67.1025    -85.4744664385    -85.4618174465    0.344197
 8798  35192.00       67.5327    -85.4861559386    -85.4748956215    0.306409
 8799  35196.00      -65.3616    -85.4780542280    -85.4686316220    0.256402
 8800  35200.00      -62.7029    -85.4789025378    -85.4706549498    0.224428
 8801  35204.00      -63.4573    -85.4855874502    -85.4748767545    0.291453
 8802  35208.00       62.6661    -85.4799079636    -85.4666655479    0.360344
 8803  35212.00       65.9647    -85.4809404329    -85.4678912858    0.355085
 8804  35216.00      -69.1778    -85.4869860519    -85.4753605802    0.316345
 8805  35220.00      -63.7582    -85.4779452764    -85.4686258004    0.253596
 8806  35224.00      -63.4333    -85.4758814517    -85.4669809560    0.242195
 8807  35228.00       61.2095    -85.4772403463    -85.4652590783    0.326027
 8808  35232.00       53.7139    -85.4804118200    -85.4666498845    0.374481
 8809  35236.00      -54.2146    -85.4809580822    -85.4675468299    0.364939
 8810  35240.00       50.1155    -85.4867645045    -85.4744941525    0.333893
 8811  35244.00       45.4113    -85.4802954750    -85.4694292459    0.295685
 8812  35248.00      -48.6087    -85.4788589528    -85.4671623604    0.318280
 8813  35252.00      -44.2839    -85.4847165971    -85.4714847628    0.360057
 8814  35256.00      -46.5378    -85.4935225204    -85.4808218769    0.345602
 8815  35260.00      -54.4185    -85.4916881065    -85.4801138930    0.314950
 8816  35264.00       52.5684    -85.4703485099    -85.4593829699    0.298388
 8817  35268.00      -53.4647    -85.4751810416    -85.4631145572    0.328346
 8818  35272.00       51.3265    -85.4807070211    -85.4683436503    0.336424
 8819  35276.00       48.8646    -85.4747431211    -85.4626906051    0.327966
 8820  35280.00       53.7981    -85.4801384723    -85.4681031890    0.327497
 8821  35284.00       51.0605    -85.4702209293    -85.4586496623    0.314870
 8822  35288.00       49.7350    -85.4781849664    -85.4658731866    0.335021
 8823  35292.00       47.7539    -85.4827729175    -85.4695276573    0.360422
 8824  35296.00       44.4450    -85.4787695592    -85.4672543242    0.313346
 8825  35300.00       49.5944    -85.4864212151    -85.4769681893    0.257230
 8826  35304.00      -55.9277    -85.4802672010    -85.4719639659    0.225943
 8827  35308.00      -53.1359    -85.4727146051    -85.4646750518    0.218767
 8828  35312.00      -51.5653    -85.4664585985    -85.4576338330    0.240134
 8829  35316.00      -48.1687    -85.4735392857    -85.4641127863    0.256508
 8830  35320.00      -46.5625    -85.4809632896    -85.4719458418    0.245377
 8831  35324.00      -47.5868    -85.4723619156    -85.4638745764    0.230952
 8832  35328.00      -37.9630    -85.4767711247    -85.4685938260    0.222516
 8833  35332.00      -48.3457    -85.4790651732    -85.4707656367    0.225842
 8834  35336.00       49.7462    -85.4788192444    -85.4702712776    0.232602
 8835  35340.00      -51.7008    -85.4823388785    -85.4747841477    0.205575
 8836  35344.00      -53.0341    -85.4761842866    -85.4699510779    0.169614
 8837  35348.00      -56.3107    -85.4799636663    -85.4734508462    0.177223
 8838  35352.00       58.6521    -85.4830742452    -85.4758877510    0.195554
 8839  35356.00      -62.7257    -85.4829822303    -85.4738131075    0.249505
 8840  35360.00      -56.3095    -85.4738647654    -85.4630700013    0.293740
 8841  35364.00       58.0656    -85.4742451599    -85.4644278402    0.267143
 8842  35368.00       62.2368    -85.4811822687    -85.4732398451    0.216124
 8843  35372.00       63.4254    -85.4765443334    -85.4697699390    0.184341
 8844  35376.00      -62.3887    -85.4781458258    -85.4717678614    0.173553
 8845  35380.00       59.1578    -85.4803351756    -85.4741411985    0.168547
 8846  35384.00      -56.3160    -85.4772803634    -85.4707221733    0.178457
 8847  35388.00      -57.0982    -85.4795255881    -85.4726949185    0.185872
 8848  35392.00      -56.5377    -85.4801407305    -85.4741884710    0.161969
 8849  35396.00      -55.0467    -85.4831580143    -85.4768774937    0.170902
 8850  35400.00       54.5174    -85.4889836880    -85.4806347376    0.227187
 8851  35404.00       49.5462    -85.4719341726    -85.4623177206    0.261677
 8852  35408.00       46.3240    -85.4672792610    -85.4566847316    0.288292
 8853  35412.00      -49.3985    -85.4828107466    -85.4739848047    0.240166
 8854  35416.00       48.6306    -85.4802590228    -85.4751609808    0.138725
 8855  35420.00      -48.2768    -85.4655543990    -85.4613039747    0.115660
 8856  35424.00       46.4439    -85.4719786251    -85.4663219423    0.153926
 8857  35428.00       42.5792    -85.4879240519    -85.4795473181    0.227943
 8858  35432.00       43.8804    -85.4924678569    -85.4813336959    0.302976
 8859  35436.00      -47.9825    -85.4852824296    -85.4740517549    0.305602
 8860  35440.00       50.3315    -85.4739416083    -85.4644040834    0.259529
 8861  35444.00       51.1315    -85.4680861539    -85.4587263511    0.254693
 8862  35448.00      -43.1863    -85.4859593346    -85.4765206369    0.256840
 8863  35452.00       34.7991    -85.4816581440    -85.4719138179    0.265157
 8864  35456.00       38.2117    -85.4729620765    -85.4630801188    0.268902
 8865  35460.00       29.8420    -85.4852853397    -85.4779374375    0.199947
 8866  35464.00      -36.8697    -85.4765310676    -85.4693682156    0.194911
 8867  35468.00      -36.9169    -85.4691661820    -85.4610724065    0.220243
 8868  35472.00       33.2340    -85.4826575531    -85.4731637937    0.258338
 8869  35476.00       34.2733    -85.4832196104    -85.4715934292    0.316365
 8870  35480.00       32.5809    -85.4845659883    -85.4733330615    0.305664
 8871  35484.00       31.8311    -85.4883547425    -85.4783247334    0.272930
 8872  35488.00      -28.8765    -85.4838787095    -85.4735130320    0.282064
 8873  35492.00       21.1600    -85.4802484825    -85.4697489502    0.285707
 8874  35496.00      -30.0432    -85.4864765410    -85.4760471461    0.283798
 8875  35500.00      -28.3031    -85.4691365473    -85.4606172932    0.231821
 8876  35504.00       24.5145    -85.4684389037    -85.4613578324    0.192686
 8877  35508.00      -36.1754    -85.4865698414    -85.4796618943    0.187975
 8878  35512.00      -38.3014    -85.4794964684    -85.4713004556    0.223025
 8879  35516.00       30.2149    -85.4725387932    -85.4624677903    0.274046
 8880  35520.00      -38.9367    -85.4826673462    -85.4719974330    0.290343
 8881  35524.00      -31.5151    -85.4892273410    -85.4786318434    0.288318
 8882  35528.00      -28.2643    -85.4875643621    -85.4766598465    0.296727
 8883  35532.00      -32.9229    -85.4784202089    -85.4679846441    0.283966
 8884  35536.00      -27.9479    -85.4750380854    -85.4661038094    0.243114
 8885  35540.00      -27.0610    -85.4814541741    -85.4733438801    0.220692
 8886  35544.00      -32.9882    -85.4869396304    -85.4791085367    0.213095
 8887  35548.00       27.6779    -85.4719526252    -85.4629395204    0.245259
 8888  35552.00      -27.8929    -85.4784575230    -85.4667159940    0.319503
 8889  35556.00      -31.3009    -85.4912290840    -85.4793621404    0.322916
 8890  35560.00      -23.8142    -85.4828730011    -85.4725899409    0.279816
 8891  35564.00       28.9074    -85.4769286275    -85.4683723151    0.232829
 8892  35568.00       38.1673    -85.4812724622    -85.4735928869    0.208972
 8893  35572.00       41.9228    -85.4901496996    -85.4803056420    0.267870
 8894  35576.00       46.6502    -85.4792061082    -85.4681371425    0.301202
 8895  35580.00       43.3241    -85.4824194145    -85.4721685347    0.278941
 8896  35584.00      -43.4234    -85.4821487162    -85.4727582605    0.255527
 8897  35588.00       46.3290    -85.4696045163    -85.4618678394    0.210526
 8898  35592.00       42.0525    -85.4807364993    -85.4726355759    0.220437
 8899  35596.00       41.9685    -85.4749380296    -85.4647414260    0.277464
 8900  35600.00       39.8880    -85.4785863842    -85.4678147015    0.293112
 8901  35604.00      -37.2526    -85.4895160945    -85.4777246595    0.320861
 8902  35608.00       40.3084    -85.4841778976    -85.4707935077    0.364208
 8903  35612.00      -38.1811    -85.4906689582    -85.4768526515    0.375961
 8904  35616.00       36.8620    -85.4958721658    -85.4833458116    0.340859
 8905  35620.00       36.5041    -85.4884112242    -85.4782572305    0.276304
 8906  35624.00       40.1262    -85.4755526790    -85.4675172991    0.218654
 8907  35628.00      -45.5466    -85.4779942714    -85.4703738037    0.207363
 8908  35632.00       40.7967    -85.4880166544    -85.4777570609    0.279178
 8909  35636.00       39.3808    -85.4826539657    -85.4692354093    0.365138
 8910  35640.00       41.9388    -85.4796961495    -85.4664450083    0.360582
 8911  35644.00      -44.0912    -85.4737110489    -85.4634537667    0.279115
 8912  35648.00      -45.6009    -85.4836675356    -85.4746429515    0.245571
 8913  35652.00       47.9404    -85.4919540807    -85.4828630893    0.247378
 8914  35656.00      -43.4603    -85.4867819020    -85.4762890958    0.285524
 8915  35660.00       45.9764    -85.4840229946    -85.4716621436    0.336356
 8916  35664.00      -45.1000    -85.4841367313    -85.4724895179    0.316937
 8917  35668.00       44.5131    -85.4824083851    -85.4700293569    0.336851
 8918  35672.00       48.9868    -85.4745392462    -85.4602708006    0.388264
 8919  35676.00      -38.1763    -85.4779730293    -85.4635216671    0.393242
 8920  35680.00       40.5618    -85.4794657987    -85.4658788160    0.369721
 8921  35684.00       44.9241    -85.4745198161    -85.4652071067    0.253412
 8922  35688.00      -40.7275    -85.4797726709    -85.4734203387    0.172856
 8923  35692.00      -50.5605    -85.4802732842    -85.4723121561    0.216633
 8924  35696.00       43.1883    -85.4870534823    -85.4767572006    0.280176
 8925  35700.00       40.4634    -85.4821329875    -85.4696356434    0.340070
 8926  35704.00       48.5381    -85.4792544846    -85.4673651793    0.323524
 8927  35708.00      -47.2277    -85.4809242173    -85.4727057976    0.223635
 8928  35712.00           nan               nan               nan         nan
 8929  35716.00      -54.9867    -85.4751308145    -85.4659971914    0.248539
 8930  35720.00       52.5876    -85.4679734061    -85.4575700018    0.283091
 8931  35724.00      -57.4084    -85.4736186893    -85.4623479626    0.306692
 8932  35728.00       59.1743    -85.4791805683    -85.4693807688    0.266666
 8933  35732.00      -56.8338    -85.4742240583    -85.4660660619    0.221990
 8934  35736.00       62.0697    -85.4738546083    -85.4632227927    0.289306
 8935  35740.00       52.7910    -85.4799845699    -85.4666655340    0.362429
 8936  35744.00       52.7894    -85.4851878747    -85.4717798248    0.364852
 8937  35748.00       57.8057    -85.4839894928    -85.4722352122    0.319850
 8938  35752.00      -53.1575    -85.4792013184    -85.4704261751    0.238784
 8939  35756.00       58.8582    -85.4775268118    -85.4697130095    0.212624
 8940  35760.00       56.5186    -85.4780377829    -85.4703459255    0.209306
 8941  35764.00      -51.4463    -85.4731280782    -85.4650114386    0.220865
 8942  35768.00      -53.0302    -85.4745105897    -85.4663172557    0.222952
 8943  35772.00      -52.8318    -85.4832301762    -85.4760227634    0.196124
 8944  35776.00      -50.1954    -85.4739425064    -85.4665364198    0.201530
 8945  35780.00       55.4598    -85.4674884740    -85.4591746857    0.226230
 8946  35784.00      -49.4999    -85.4696596207    -85.4612314697    0.229342
 8947  35788.00      -53.4168    -85.4813362838    -85.4713028096    0.273025
 8948  35792.00       53.6763    -85.4849761337    -85.4746321365    0.281475
 8949  35796.00       44.2302    -85.4692679076    -85.4607143530    0.232754
 8950  35800.00      -53.7572    -85.4636132669    -85.4556881362    0.215654
 8951  35804.00       53.8565    -85.4667725437    -85.4594638005    0.198881
 8952  35808.00       49.8030    -85.4736276262    -85.4651412682    0.230926
 8953  35812.00      -52.5851    -85.4682898370    -85.4589049533    0.255376
 8954  35816.00       49.6924    -85.4726168761    -85.4635185082    0.247579
 8955  35820.00       48.4234    -85.4738429900    -85.4656378677    0.223273
 8956  35824.00       51.7909    -85.4634018984    -85.4560797136    0.199247
 8957  35828.00       43.3916    -85.4762586169    -85.4685141485    0.210738
 8958  35832.00       46.7027    -85.4769106492    -85.4661420688    0.293028
 8959  35836.00      -45.7155    -85.4795457335    -85.4692730855    0.279533
 8960  35840.00      -44.0627    -85.4792434435    -85.4717513703    0.203870
 8961  35844.00       52.3751    -85.4676649267    -85.4616251688    0.164350
 8962  35848.00       55.3300    -85.4797013720    -85.4747660731    0.134296
 8963  35852.00      -48.6741    -85.4797792357    -85.4729351536    0.186237
 8964  35856.00      -54.4694    -85.4585068782    -85.4459883830    0.340646
 8965  35860.00      -53.3671    -85.4605648138    -85.4458665487    0.399960
 8966  35864.00       51.3523    -85.4752337574    -85.4619797314    0.360660
 8967  35868.00       55.2059    -85.4787206996    -85.4683699819    0.281657
 8968  35872.00      -61.3043    -85.4709137763    -85.4634053531    0.204315
 8969  35876.00       71.6210    -85.4754804065    -85.4682976334    0.195453
 8970  35880.00       71.9392    -85.4832994655    -85.4741730427    0.248343
 8971  35884.00       71.2516    -85.4855567677    -85.4742009843    0.309007
 8972  35888.00       70.9630    -85.4856286360    -85.4747982007    0.294711
 8973  35892.00      -68.6683    -85.4762120797    -85.4672687541    0.243360
 8974  35896.00      -69.2374    -85.4745577538    -85.4667511579    0.212428
 8975  35900.00      -65.7474    -85.4649227439    -85.4575589912    0.200378
 8976  35904.00      -61.5359    -85.4732344857    -85.4645853206    0.235356
 8977  35908.00      -61.3613    -85.4848316708    -85.4747471718    0.274413
 8978  35912.00      -61.9547    -85.4841137789    -85.4743108675    0.266751
 8979  35916.00      -62.7888    -85.4730848210    -85.4635180129    0.260326
 8980  35920.00       68.9138    -85.4714690079    -85.4616063306    0.268377
 8981  35924.00      -70.7291    -85.4812759114    -85.4714871369    0.266366
 8982  35928.00      -75.5857    -85.4671685973    -85.4577872924    0.255278
 8983  35932.00       83.9883    -85.4618262930    -85.4533480155    0.230706
 8984  35936.00       77.5693    -85.4753763816    -85.4683171406    0.192092
 8985  35940.00       79.8352    -85.4802542086    -85.4721792496    0.219731
 8986  35944.00       82.5155    -85.4876785681    -85.4769793029    0.291142
 8987  35948.00       76.8275    -85.4882675903    -85.4751155880    0.357884
 8988  35952.00      -84.1270    -85.4815578944    -85.4689380465    0.343404
 8989  35956.00      -83.1771    -85.4803854959    -85.4725185048    0.214072
 8990  35960.00       84.7561    -85.4639270996    -85.4574451933    0.176382
 8991  35964.00      -93.9407    -85.4660463581    -85.4584168167    0.207610
 8992  35968.00       87.3922    -85.4925014146    -85.4838823975    0.234535
 8993  35972.00      -92.1822    -85.4907451569    -85.4786841369    0.328197
 8994  35976.00       94.6874    -85.4715109340    -85.4598233340    0.318036
 8995  35980.00       98.2000    -85.4836291060    -85.4741256456    0.258602
 8996  35984.00      103.6480    -85.4763689375    -85.4664508543    0.269885
 8997  35988.00      103.5776    -85.4707033547    -85.4589200957    0.320639
 8998  35992.00     -101.3935    -85.4706874444    -85.4572816287    0.364791
 8999  35996.00      108.0322    -85.4698975137    -85.4575648493    0.335589
 9000  36000.00     -102.1314    -85.4750530027    -85.4650556822    0.272041
 9001  36004.00      103.1201    -85.4719260105    -85.4623956643    0.259334
 9002  36008.00      103.9858    -85.4799165286    -85.4693715457    0.286944
 9003  36012.00     -100.7801    -85.4825490664    -85.4705787454    0.325729
 9004  36016.00     -112.8405    -85.4810352241    -85.4683965425    0.343916
 9005  36020.00      123.9600    -85.4746599314    -85.4633554823    0.307610
 9006  36024.00      126.3618    -85.4777348846    -85.4668455305    0.296314
 9007  36028.00     -125.7655    -85.4822879455    -85.4707177137    0.314842
 9008  36032.00     -114.1712    -85.4718672591    -85.4587485986    0.356977
 9009  36036.00      108.2351    -85.4728951732    -85.4571568357    0.428262
 9010  36040.00     -108.6408    -85.4776979241    -85.4620562838    0.425631
 9011  36044.00     -105.4735    -85.4768307152    -85.4646317855    0.331950
 9012  36048.00      106.2823    -85.4729970791    -85.4632203303    0.266039
 9013  36052.00      105.2493    -85.4764547956    -85.4670958115    0.254671
 9014  36056.00      100.5734    -85.4809336334    -85.4703512411    0.287962
 9015  36060.00      101.6471    -85.4810318471    -85.4671536997    0.377644
 9016  36064.00      100.1106    -85.4907112418    -85.4748939281    0.430411
 9017  36068.00      -98.1585    -85.4836523005    -85.4677499678    0.432725
 9018  36072.00     -102.0104    -85.4766302136    -85.4634872672    0.357638
 9019  36076.00      -99.9025    -85.4864456088    -85.4751108600    0.308434
 9020  36080.00       91.9893    -85.4823784406    -85.4695934051    0.347899
 9021  36084.00      -93.8779    -85.4822474308    -85.4680705691    0.385772
 9022  36088.00       90.9564    -85.4782908648    -85.4652497713    0.354866
 9023  36092.00       95.9511    -85.4753968228    -85.4641572694    0.305844
 9024  36096.00      101.6506    -85.4775335869    -85.4680333661    0.258514
 9025  36100.00       95.8415    -85.4719776527    -85.4611890020    0.293574
 9026  36104.00      -90.5705    -85.4756616622    -85.4600324408    0.425293
 9027  36108.00           nan               nan               nan         nan
 9028  36112.00      -79.8715    -85.4929836547    -85.4796600227    0.362554
 9029  36116.00      -81.7795    -85.4724339975    -85.4645764081    0.213816
 9030  36120.00      -80.4933    -85.4737953458    -85.4669961051    0.185017
 9031  36124.00       66.2079    -85.4838228889    -85.4734378026    0.282593
 9032  36128.00       60.0519    -85.4868661570    -85.4707366536    0.438906
 9033  36132.00      -56.1215    -85.4794061213    -85.4635834382    0.430557
 9034  36136.00       62.6197    -85.4791210416    -85.4690931904    0.272872
 9035  36140.00      -73.4374    -85.4825288255    -85.4764752142    0.164727
 9036  36144.00       71.2294    -85.4810570149    -85.4744385742    0.180097
 9037  36148.00      -66.1000    -85.4877123415    -85.4771154826    0.288355
 9038  36152.00      -64.1972    -85.4895319369    -85.4758264937    0.372944
 9039  36156.00      -66.1396    -85.4927559204    -85.4796834270    0.355721
 9040  36160.00       72.6937    -85.4790756903    -85.4699956345    0.247081
 9041  36164.00      -70.0166    -85.4718611719    -85.4640931794    0.211378
 9042  36168.00      -64.7801    -85.4825738726    -85.4724254728    0.276152
 9043  36172.00       61.2093    -85.4724965174    -85.4601848003    0.335019
 9044  36176.00           nan               nan               nan         nan
 9045  36180.00      -59.9505    -85.4850759180    -85.4764782466    0.233955
 9046  36184.00      -56.3163    -85.4819213173    -85.4743647842    0.205624
 9047  36188.00      -51.1630    -85.4801471080    -85.4696899368    0.284554
 9048  36192.00       54.5853    -85.4803401823    -85.4669858959    0.363389
 9049  36196.00       58.5864    -85.4853100057    -85.4723515430    0.352618
 9050  36200.00      -61.6161    -85.4822027110    -85.4733209468    0.241685
 9051  36204.00       62.5360    -85.4929824358    -85.4875625080    0.147484
 9052  36208.00      -58.8487    -85.4812712884    -85.4751089618    0.167685
 9053  36212.00       62.3550    -85.4702168607    -85.4606292220    0.260893
 9054  36216.00      -60.5165    -85.4817521506    -85.4703094770    0.311371
 9055  36220.00       59.4796    -85.4725438222    -85.4611127545    0.311055
 9056  36224.00      -60.9662    -85.4777342165    -85.4686562525    0.247024
 9057  36228.00      -60.6584    -85.4730297953    -85.4641878867    0.240601
 9058  36232.00      -67.2590    -85.4721548577    -85.4610209026    0.302970
 9059  36236.00       76.5053    -85.4943304649    -85.4829626655    0.309334
 9060  36240.00      -75.2239    -85.4817602995    -85.4717767518    0.271666
 9061  36244.00      -74.9628    -85.4720373137    -85.4625095941    0.259262
 9062  36248.00       68.9677    -85.4836343142    -85.4737012370    0.270293
 9063  36252.00      -65.7196    -85.4752481804    -85.4637734100    0.312244
 9064  36256.00       67.0948    -85.4738477074    -85.4623873016    0.311854
 9065  36260.00      -61.5144    -85.4803256849    -85.4708154349    0.258787
 9066  36264.00       47.7923    -85.4758152512    -85.4678987272    0.215420
 9067  36268.00      -47.1606    -85.4742915963    -85.4651447698    0.248898
 9068  36272.00      -50.0445    -85.4779779721    -85.4657502223    0.332734
 9069  36276.00       59.2722    -85.4718660243    -85.4577049490    0.385342
 9070  36280.00      -65.9619    -85.4815534349    -85.4692924644    0.333638
 9071  36284.00       64.1088    -85.4796296331    -85.4702303531    0.255767
 9072  36288.00       63.7910    -85.4805404010    -85.4714502311    0.247356
 9073  36292.00       60.3536    -85.4917736717    -85.4811890883    0.288021
 9074  36296.00       54.7429    -85.4769417444    -85.4644569073    0.339730
 9075  36300.00       50.3689    -85.4816920515    -85.4685616240    0.357297
 9076  36304.00      -41.4938    -85.4759966755    -85.4628569593    0.357550
 9077  36308.00      -41.9884    -85.4778041894    -85.4639783416    0.376220
 9078  36312.00      -50.2266    -85.4809414408    -85.4668586512    0.383212
 9079  36316.00      -55.3541    -85.4666396535    -85.4550583432    0.315144
 9080  36320.00       61.2302    -85.4749388107    -85.4673610906    0.206200
 9081  36324.00      -54.8221    -85.4748066436    -85.4685782981    0.169482
 9082  36328.00      -46.2506    -85.4826514330    -85.4735920119    0.246519
 9083  36332.00      -45.2570    -85.4899675120    -85.4759969690    0.380158
 9084  36336.00      -42.9956    -85.4840631411    -85.4674056234    0.453274
 9085  36340.00      -38.8432    -85.4786223065    -85.4646448164    0.380347
 9086  36344.00       40.9673    -85.4756268263    -85.4661094957    0.258980
 9087  36348.00      -43.3667    -85.4802200252    -85.4700991324    0.275404
 9088  36352.00       45.3770    -85.4777419422    -85.4634579973    0.388686
 9089  36356.00      -52.5668    -85.4823752355    -85.4665140679    0.431604
 9090  36360.00       48.1774    -85.4754746366    -85.4619438022    0.368193
 9091  36364.00       48.6019    -85.4774460206    -85.4670036214    0.284152
 9092  36368.00      -50.3484    -85.4862574224    -85.4763455075    0.269717
 9093  36372.00       54.7755    -85.4756528664    -85.4620192116    0.370991
 9094  36376.00       54.8558    -85.4815772424    -85.4660531938    0.422431
 9095  36380.00       49.9132    -85.4799770519    -85.4677873880    0.331698
 9096  36384.00      -49.1097    -85.4707579187    -85.4637807586    0.189858
 9097  36388.00       58.6818    -85.4754334775    -85.4701617045    0.143452
 9098  36392.00      -57.9074    -85.4772520959    -85.4690995950    0.221841
 9099  36396.00      -59.9427    -85.4752743278    -85.4611971067    0.383061
 9100  36400.00       57.2113    -85.4783647157    -85.4636879943    0.399374
 9101  36404.00      -54.5370    -85.4812668433    -85.4710409275    0.278261
 9102  36408.00      -64.7677    -85.4765112995    -85.4704505534    0.164921
 9103  36412.00       67.3752    -85.4668340209    -85.4608927440    0.161670
 9104  36416.00       60.8185    -85.4732702770    -85.4642824503    0.244571
 9105  36420.00      -57.5946    -85.4838674475    -85.4709718608    0.350907
 9106  36424.00      -57.0789    -85.4866836149    -85.4742520610    0.338280
 9107  36428.00      -60.8753    -85.4817955049    -85.4723295559    0.257582
 9108  36432.00      -65.2341    -85.4780512930    -85.4703345920    0.209982
 9109  36436.00      -61.9170    -85.4758809791    -85.4687336329    0.194489
 9110  36440.00      -69.6317    -85.4731946370    -85.4645370986    0.235584
 9111  36444.00       61.2361    -85.4673266083    -85.4579527703    0.255075
 9112  36448.00       59.5515    -85.4722103265    -85.4639198939    0.225594
 9113  36452.00       60.6568    -85.4735793733    -85.4662925178    0.198285
 9114  36456.00      -58.1092    -85.4696032365    -85.4618024304    0.212271
 9115  36460.00       57.6364    -85.4803272281    -85.4727261287    0.206836
 9116  36464.00       59.8815    -85.4888528155    -85.4820864744    0.184122
 9117  36468.00       59.2769    -85.4779360233    -85.4700955774    0.213349
 9118  36472.00      -52.3317    -85.4734948484    -85.4640888217    0.255951
 9119  36476.00       48.3600    -85.4815322839    -85.4725178921    0.245294
 9120  36480.00      -44.2160    -85.4815739157    -85.4723832228    0.250091
 9121  36484.00      -39.6474    -85.4773835333    -85.4682309312    0.249055
 9122  36488.00       39.0642    -85.4726981727    -85.4622141263    0.285285
 9123  36492.00      -32.8334    -85.4713114115    -85.4579597973    0.363316
 9124  36496.00       35.1560    -85.4877032003    -85.4748476068    0.349819
 9125  36500.00       36.6003    -85.4791829460    -85.4697949098    0.255461
 9126  36504.00       36.9580    -85.4679781489    -85.4608661454    0.193527
 9127  36508.00      -40.3644    -85.4779037600    -85.4701199526    0.211808
 9128  36512.00      -36.4230    -85.4639473422    -85.4537152806    0.278429
 9129  36516.00      -41.4540    -85.4750384176    -85.4629939284    0.327747
 9130  36520.00      -37.2526    -85.4872792335    -85.4779769736    0.253127
 9131  36524.00      -36.2500    -85.4748356695    -85.4689888037    0.159101
 9132  36528.00      -32.2085    -85.4800071309    -85.4736336166    0.173432
 9133  36532.00       32.5868    -85.4725374570    -85.4612431331    0.307334
 9134  36536.00       32.2869    -85.4733495710    -85.4574175858    0.433531
 9135  36540.00      -30.2155    -85.4890882263    -85.4742259110    0.404424
 9136  36544.00       30.9608    -85.4844458437    -85.4747874270    0.262819
 9137  36548.00      -32.4195    -85.4769145564    -85.4696130741    0.198683
 9138  36552.00       31.7676    -85.4796994042    -85.4695616636    0.275862
 9139  36556.00       22.7772    -85.4810820994    -85.4669401827    0.384821
 9140  36560.00       33.2856    -85.4895260125    -85.4748016832    0.400669
 9141  36564.00      -32.9980    -85.4819076233    -85.4717549831    0.276267
 9142  36568.00      -34.2061    -85.4751882006    -85.4704651675    0.128520
 9143  36572.00      -32.5694    -85.4678718005    -85.4618140948    0.164839
 9144  36576.00       32.4644    -85.4657220078    -85.4530622728    0.344489
 9145  36580.00       32.3659    -85.4842309743    -85.4694439875    0.402374
 9146  36584.00       35.4284    -85.4840121220    -85.4718083246    0.332082
 9147  36588.00       36.1607    -85.4752640396    -85.4674998924    0.211273
 9148  36592.00       42.2153    -85.4847136578    -85.4798767128    0.131620
 9149  36596.00       39.3962    -85.4827657479    -85.4744667588    0.225827
 9150  36600.00       33.5314    -85.4786758263    -85.4650261423    0.371427
 9151  36604.00      -35.4931    -85.4983168642    -85.4853012169    0.354174
 9152  36608.00      -45.2580    -85.4848525172    -85.4738487105    0.299429
 9153  36612.00      -36.4000    -85.4689663911    -85.4588171976    0.276174
 9154  36616.00       33.2742    -85.4806986641    -85.4688740283    0.321765
 9155  36620.00      -31.2116    -85.4887342012    -85.4726919406    0.436532
 9156  36624.00       34.4291    -85.4816967626    -85.4648871098    0.457414
 9157  36628.00       43.2674    -85.4703169947    -85.4588226227    0.312778
 9158  36632.00       51.2785    -85.4627257379    -85.4557303395    0.190354
 9159  36636.00       51.9567    -85.4684400098    -85.4619665803    0.176151
 9160  36640.00       49.8086    -85.4850621604    -85.4757970994    0.252115
 9161  36644.00       54.2628    -85.4836281446    -85.4703824271    0.360434
 9162  36648.00       56.9260    -85.4860985062    -85.4725882969    0.367632
 9163  36652.00      -64.0044    -85.4953788765    -85.4847423867    0.289434
 9164  36656.00       70.8476    -85.4808232058    -85.4726316671    0.222903
 9165  36660.00      -73.7342    -85.4824198441    -85.4742674151    0.221839
 9166  36664.00       78.2449    -85.4856244622    -85.4750041384    0.288994
 9167  36668.00       80.8472    -85.4726963316    -85.4588739805    0.376125
 9168  36672.00      -83.6751    -85.4665660752    -85.4526655424    0.378253
 9169  36676.00      -83.3052    -85.4751179340    -85.4642287330    0.296310
 9170  36680.00      -91.4180    -85.4808660444    -85.4710278336    0.267711
 9171  36684.00       98.3283    -85.4671427420    -85.4571990181    0.270583
 9172  36688.00      -97.2998    -85.4765529531    -85.4660423443    0.286008
 9173  36692.00       93.9066    -85.4745661611    -85.4620883886    0.339537
 9174  36696.00       87.6756    -85.4659830549    -85.4538906749    0.329050
 9175  36700.00       89.1402    -85.4857933624    -85.4765242898    0.252224
 9176  36704.00       96.5587    -85.4678038248    -85.4586531724    0.249002
 9177  36708.00       98.5694    -85.4548612084    -85.4457898372    0.246845
 9178  36712.00      -98.7362    -85.4779068365    -85.4691522649    0.238224
 9179  36716.00      -94.5004    -85.4702365505    -85.4599481789    0.279961
 9180  36720.00      -92.7445    -85.4758530247    -85.4653140184    0.286781
 9181  36724.00      104.8791    -85.4906017825    -85.4806345847    0.271221
 9182  36728.00     -107.3640    -85.4686964724    -85.4580700027    0.289161
 9183  36732.00      101.1956    -85.4743377380    -85.4638391124    0.285682
 9184  36736.00      -95.9697    -85.4800441440    -85.4701953497    0.267999
 9185  36740.00      -85.1694    -85.4660717346    -85.4562150666    0.268214
 9186  36744.00      -86.0869    -85.4851537092    -85.4756551289    0.258470
 9187  36748.00       91.2804    -85.4794640616    -85.4712057970    0.224719
 9188  36752.00       81.4133    -85.4681877997    -85.4609320228    0.197440
 9189  36756.00       71.5211    -85.4719345638    -85.4636297274    0.225986
 9190  36760.00       59.9042    -85.4630768892    -85.4520995410    0.298709
 9191  36764.00      -55.1576    -85.4626764781    -85.4493640676    0.362249
 9192  36768.00      -56.8813    -85.4688496652    -85.4567369677    0.329603
 9193  36772.00      -60.9041    -85.4779705663    -85.4706007725    0.200542
 9194  36776.00       59.7278    -85.4776263146    -85.4726966857    0.134142
 9195  36780.00      -53.3070    -85.4805461292    -85.4753031407    0.142669
 9196  36784.00      -47.5301    -85.4880002653    -85.4794609692    0.232366
 9197  36788.00       44.3315    -85.4839630369    -85.4726099293    0.308934
 9198  36792.00       39.8692    -85.4807531875    -85.4711372568    0.261663
 9199  36796.00       39.5517    -85.4771910930    -85.4714891830    0.155157
 9200  36800.00       41.5121    -85.4698130938    -85.4641035899    0.155364
 9201  36804.00      -29.7754    -85.4788253583    -85.4697765758    0.246230
 9202  36808.00      -27.9915    -85.4789640148    -85.4676346188    0.308289
 9203  36812.00      -24.6869    -85.4661371580    -85.4570616715    0.246957
 9204  36816.00       31.8532    -85.4655912200    -85.4616825688    0.106360
 9205  36820.00      -38.2466    -85.4696013563    -85.4666892602    0.079242
 9206  36824.00       34.3157    -85.4764959430    -85.4698870224    0.179838
 9207  36828.00      -34.5238    -85.4839328933    -85.4729534456    0.298766
 9208  36832.00      -30.2755    -85.4818065521    -85.4702968102    0.313196
 9209  36836.00       22.9077    -85.4678992837    -85.4590358934    0.241185
 9210  36840.00       24.0810    -85.4686050905    -85.4653933589    0.087396
 9211  36844.00      -17.2385    -85.4821074273    -85.4795872308    0.068578
 9212  36848.00       20.1091    -85.4710603061    -85.4634293450    0.207649
 9213  36852.00      -24.3303    -85.4687449047    -85.4609544438    0.211989
 9214  36856.00       26.4204    -85.4731305123    -85.4677639442    0.146032
 9215  36860.00      -31.5873    -85.4800357667    -85.4753335851    0.127953
 9216  36864.00      -29.4234    -85.4881323764    -85.4837784322    0.118477
 9217  36868.00       27.0783    -85.4768275612    -85.4707225242    0.166127
 9218  36872.00      -28.7312    -85.4731169683    -85.4645513697    0.233082
 9219  36876.00      -24.8758    -85.4798187912    -85.4722242928    0.206657
 9220  36880.00      -23.8453    -85.4685739530    -85.4637472051    0.131342
 9221  36884.00       29.7850    -85.4625388280    -85.4591254712    0.092882
 9222  36888.00      -26.3330    -85.4709518446    -85.4675060203    0.093766
 9223  36892.00       37.8371    -85.4693434197    -85.4642644123    0.138207
 9224  36896.00       36.2761    -85.4587663982    -85.4523137886    0.175584
 9225  36900.00      -36.3441    -85.4628598955    -85.4557489974    0.193497
 9226  36904.00      -39.1815    -85.4747898375    -85.4681948930    0.179458
 9227  36908.00      -38.3941    -85.4750698087    -85.4692419965    0.158583
 9228  36912.00       34.8918    -85.4767543907    -85.4707909151    0.162274
 9229  36916.00      -36.2157    -85.4827049453    -85.4765038287    0.168741
 9230  36920.00      -32.9024    -85.4726323592    -85.4658292775    0.185121
 9231  36924.00       31.8093    -85.4878960074    -85.4813926195    0.176966
 9232  36928.00      -33.7642    -85.4944450046    -85.4877552428    0.182038
 9233  36932.00       30.6019    -85.4792497731    -85.4721603854    0.192912
 9234  36936.00       40.5433    -85.4806253266    -85.4734413858    0.195485
 9235  36940.00       36.3898    -85.4717092518    -85.4629771729    0.237612
 9236  36944.00      -41.9020    -85.4648710589    -85.4562427732    0.234788
 9237  36948.00      -50.2787    -85.4664878787    -85.4602952245    0.168511
 9238  36952.00       47.9161    -85.4507359056    -85.4441732199    0.178580
 9239  36956.00       53.7916    -85.4596223815    -85.4523175354    0.198775
 9240  36960.00      -52.9077    -85.4773293175    -85.4701192139    0.196197
 9241  36964.00       53.4983    -85.4716893181    -85.4611031411    0.288065
 9242  36968.00      -55.7188    -85.4768582111    -85.4658264445    0.300190
 9243  36972.00       53.3597    -85.4782210441    -85.4708583209    0.200350
 9244  36976.00       50.7665    -85.4691509886    -85.4629778189    0.167981
 9245  36980.00       46.1230    -85.4718656030    -85.4650155222    0.186400
 9246  36984.00      -37.1386    -85.4767159511    -85.4678836553    0.240339
 9247  36988.00      -41.1599    -85.4833905204    -85.4720112733    0.309645
 9248  36992.00      -36.3679    -85.4823986057    -85.4721867196    0.277880
 9249  36996.00       36.8320    -85.4771811718    -85.4703820492    0.185014
 9250  37000.00       46.0438    -85.4737961695    -85.4670869364    0.182568
 9251  37004.00       35.3657    -85.4847687453    -85.4761478370    0.234587
 9252  37008.00       38.0872    -85.4925185383    -85.4813807750    0.303074
 9253  37012.00       40.2038    -85.4773533876    -85.4662524945    0.302071
 9254  37016.00       42.4127    -85.4715292230    -85.4640675449    0.203043
 9255  37020.00      -49.2796    -85.4742473902    -85.4693366275    0.133629
 9256  37024.00      -48.1729    -85.4737257979    -85.4688573582    0.132477
 9257  37028.00       48.9548    -85.4750151149    -85.4665993604    0.229004
 9258  37032.00      -49.9216    -85.4698000156    -85.4573302914    0.339318
 9259  37036.00      -54.4337    -85.4803794071    -85.4689332241    0.311467
 9260  37040.00       57.0070    -85.4865276588    -85.4790005141    0.204824
 9261  37044.00      -58.4847    -85.4803046399    -85.4746897295    0.152789
 9262  37048.00      -55.0631    -85.4783116432    -85.4698451053    0.230386
 9263  37052.00      -51.4797    -85.4762343410    -85.4620888786    0.384918
 9264  37056.00       44.9597    -85.4933492702    -85.4772772252    0.437343
 9265  37060.00      -42.5404    -85.4877252625    -85.4764219674    0.307578
 9266  37064.00      -52.7001    -85.4680871583    -85.4633288149    0.129481
 9267  37068.00       48.3455    -85.4727341544    -85.4687617932    0.108093
 9268  37072.00       44.5104    -85.4753049845    -85.4665221065    0.238994
 9269  37076.00      -47.3961    -85.4736180459    -85.4603543448    0.360924
 9270  37080.00      -44.7495    -85.4701351434    -85.4561953885    0.379320
 9271  37084.00       52.3469    -85.4624047804    -85.4508145056    0.315387
 9272  37088.00      -52.9956    -85.4552638812    -85.4477278498    0.205066
 9273  37092.00       43.2596    -85.4570195480    -85.4493580606    0.208480
 9274  37096.00      -41.2015    -85.4702465894    -85.4596591338    0.288099
 9275  37100.00       42.9469    -85.4819598195    -85.4724541038    0.258664
 9276  37104.00      -45.8757    -85.4867957676    -85.4803214948    0.176174
 9277  37108.00      -54.6654    -85.4687827078    -85.4636365181    0.140035
 9278  37112.00      -45.5221    -85.4732012940    -85.4682190749    0.135573
 9279  37116.00      -43.4156    -85.4874772663    -85.4788013996    0.236082
 9280  37120.00       35.5225    -85.4765598342    -85.4657239405    0.294860
 9281  37124.00       33.7410    -85.4640610906    -85.4556203684    0.229684
 9282  37128.00       32.3979    -85.4608296913    -85.4554818893    0.145521
 9283  37132.00       32.8133    -85.4658220989    -85.4620512621    0.102610
 9284  37136.00      -33.0774    -85.4774675791    -85.4720740937    0.146764
 9285  37140.00      -31.6166    -85.4770811487    -85.4686127921    0.230436
 9286  37144.00      -28.1482    -85.4638872125    -85.4553906940    0.231202
 9287  37148.00       32.1977    -85.4799241462    -85.4730564096    0.186881
 9288  37152.00       38.2382    -85.4853035409    -85.4805928141    0.128185
 9289  37156.00       34.8950    -85.4636724127    -85.4600854110    0.097607
 9290  37160.00       35.2021    -85.4800659879    -85.4754811903    0.124759
 9291  37164.00       32.8102    -85.4801961700    -85.4749304548    0.143287
 9292  37168.00      -28.5294    -85.4700423980    -85.4634207992    0.180183
 9293  37172.00      -27.8559    -85.4805631492    -85.4714461919    0.248085
 9294  37176.00       24.0319    -85.4778623307    -85.4670153061    0.295163
 9295  37180.00      -26.9294    -85.4794901453    -85.4691338918    0.281808
 9296  37184.00      -29.9640    -85.4835012009    -85.4745859605    0.242596
 9297  37188.00       27.1109    -85.4708293493    -85.4633543023    0.203406
 9298  37192.00      -31.5841    -85.4799129353    -85.4731241291    0.184733
 9299  37196.00      -32.0930    -85.4820232233    -85.4747457893    0.198029
 9300  37200.00      -32.9665    -85.4793684384    -85.4691525033    0.277990
 9301  37204.00       24.9206    -85.4771865633    -85.4648819520    0.334826
 9302  37208.00      -24.4966    -85.4751556053    -85.4622183084    0.352042
 9303  37212.00      -27.0939    -85.4748467689    -85.4612658463    0.369556
 9304  37216.00       30.3512    -85.4699898089    -85.4571023945    0.350684
 9305  37220.00      -35.1322    -85.4758518145    -85.4656404289    0.277866
 9306  37224.00       36.4686    -85.4717388739    -85.4626775112    0.246572
 9307  37228.00      -39.0671    -85.4681490476    -85.4589024401    0.251613
 9308  37232.00      -43.5336    -85.4711583110    -85.4608087777    0.281625
 9309  37236.00      -44.2436    -85.4701184154    -85.4567347799    0.364187
 9310  37240.00      -45.0992    -85.4796987162    -85.4651872423    0.394877
 9311  37244.00      -49.1192    -85.4939087878    -85.4813098013    0.342836
 9312  37248.00      -56.0110    -85.4816767841    -85.4708691799    0.294090
 9313  37252.00      -60.2188    -85.4677843355    -85.4565986312    0.304379
 9314  37256.00      -64.3885    -85.4779266908    -85.4641895928    0.373805
 9315  37260.00      -71.4039    -85.4765772169    -85.4611880851    0.418760
 9316  37264.00       76.8280    -85.4744345943    -85.4600843355    0.390490
 9317  37268.00       81.4113    -85.4738205006    -85.4619986367    0.321689
 9318  37272.00       87.8680    -85.4632568913    -85.4527126666    0.286923
 9319  37276.00       86.2892    -85.4693967684    -85.4578088030    0.315325
 9320  37280.00       82.5566    -85.4821654692    -85.4690939650    0.355694
 9321  37284.00       80.8325    -85.4724444463    -85.4599815035    0.339134
 9322  37288.00      -84.9880    -85.4749548837    -85.4633961612    0.314529
 9323  37292.00       90.8707    -85.4826777786    -85.4707132035    0.325573
 9324  37296.00      -93.3857    -85.4724264344    -85.4579830641    0.393024
 9325  37300.00       92.7190    -85.4689215604    -85.4527275584    0.440661
 9326  37304.00       91.5631    -85.4706528788    -85.4564228014    0.387220
 9327  37308.00      -97.7811    -85.4705674748    -85.4598292556    0.292202
 9328  37312.00     -109.5803    -85.4775172182    -85.4680616863    0.257298
 9329  37316.00     -113.2565    -85.4724731976    -85.4613755640    0.301982
 9330  37320.00      112.9514    -85.4731464014    -85.4576868461    0.420676
 9331  37324.00      111.5861    -85.4816149051    -85.4650515611    0.450712
 9332  37328.00     -113.6759    -85.4805907184    -85.4664664261    0.384342
 9333  37332.00     -117.8041    -85.4676991365    -85.4557967641    0.323880
 9334  37336.00     -119.8193    -85.4698951273    -85.4589929255    0.296664
 9335  37340.00     -118.8991    -85.4801135060    -85.4680907959    0.327155
 9336  37344.00      115.8580    -85.4663641425    -85.4511918272    0.412860
 9337  37348.00      118.9552    -85.4697178154    -85.4545282590    0.413329
 9338  37352.00     -122.2765    -85.4901030310    -85.4772644051    0.349357
 9339  37356.00      118.2881    -85.4847875838    -85.4728663533    0.324393
 9340  37360.00      107.2661    -85.4730713525    -85.4610825454    0.326232
 9341  37364.00      -99.2529    -85.4690697999    -85.4555700192    0.367348
 9342  37368.00      -97.8137    -85.4753618075    -85.4611359475    0.387105
 9343  37372.00      101.6725    -85.4844171922    -85.4718766498    0.341246
 9344  37376.00     -104.1291    -85.4712438239    -85.4606346369    0.288691
 9345  37380.00     -106.1932    -85.4623063290    -85.4528548213    0.257189
 9346  37384.00      109.3923    -85.4747745071    -85.4650960756    0.263364
 9347  37388.00      118.9776    -85.4817203261    -85.4702442688    0.312279
 9348  37392.00     -124.0709    -85.4581215713    -85.4457921240    0.335501
 9349  37396.00     -122.9192    -85.4613355433    -85.4491416727    0.331812
 9350  37400.00      113.5579    -85.4743157023    -85.4639364280    0.282434
 9351  37404.00     -101.9673    -85.4674161536    -85.4588912503    0.231974
 9352  37408.00      -98.3410    -85.4688361052    -85.4600797932    0.238271
 9353  37412.00       98.5156    -85.4686033181    -85.4580654498    0.286750
 9354  37416.00      -96.0150    -85.4757866175    -85.4629900433    0.348213
 9355  37420.00       92.8181    -85.4820703935    -85.4691050751    0.352804
 9356  37424.00      -92.9580    -85.4733063254    -85.4632194461    0.274478
 9357  37428.00       96.9016    -85.4826824005    -85.4741373582    0.232522
 9358  37432.00       95.4903    -85.4828062297    -85.4736701608    0.248605
 9359  37436.00      -95.4566    -85.4722991941    -85.4603019648    0.326461
 9360  37440.00      -94.5201    -85.4714283028    -85.4579082916    0.367898
 9361  37444.00       97.6193    -85.4771235714    -85.4656069349    0.313384
 9362  37448.00      104.5415    -85.4795661968    -85.4693055048    0.279208
 9363  37452.00     -111.2414    -85.4756222688    -85.4642013907    0.310778
 9364  37456.00     -110.6280    -85.4664757337    -85.4535404812    0.351986
 9365  37460.00     -111.7895    -85.4619920804    -85.4471556595    0.403720
 9366  37464.00     -115.1974    -85.4710175407    -85.4569744204    0.382133
 9367  37468.00      117.3108    -85.4702029689    -85.4599035445    0.280262
 9368  37472.00     -115.7920    -85.4691629257    -85.4601886825    0.244202
 9369  37476.00      106.9806    -85.4652530532    -85.4555922847    0.262883
 9370  37480.00      101.6637    -85.4619927871    -85.4492464701    0.346845
 9371  37484.00      101.2775    -85.4804267418    -85.4661508453    0.388467
 9372  37488.00     -104.7136    -85.4758323162    -85.4635028901    0.335501
 9373  37492.00      105.2071    -85.4685710686    -85.4583472416    0.278205
 9374  37496.00     -104.1830    -85.4829593801    -85.4729866400    0.271372
 9375  37500.00     -105.1419    -85.4899992932    -85.4793255078    0.290448
 9376  37504.00      109.3479    -85.4774162600    -85.4657214365    0.318232
 9377  37508.00      111.4069    -85.4681865422    -85.4571588555    0.300079
 9378  37512.00      114.3441    -85.4807128983    -85.4706966787    0.272555
 9379  37516.00     -115.1114    -85.4739810766    -85.4637196249    0.279228
 9380  37520.00     -119.2205    -85.4579719164    -85.4461934881    0.320507
 9381  37524.00      121.3546    -85.4525112355    -85.4396947000    0.348756
 9382  37528.00      131.6383    -85.4624441285    -85.4499958875    0.338734
 9383  37532.00      140.6270    -85.4701362706    -85.4581667619    0.325707
 9384  37536.00      142.6328    -85.4568045322    -85.4442197085    0.342450
 9385  37540.00      143.7579    -85.4563073544    -85.4423505226    0.379785
 9386  37544.00     -137.4248    -85.4653134809    -85.4507350784    0.396699
 9387  37548.00      130.7510    -85.4653244760    -85.4519476132    0.364003
 9388  37552.00      124.9726    -85.4581861376    -85.4466463939    0.314012
 9389  37556.00     -119.2070    -85.4713857352    -85.4609967550    0.282699
 9390  37560.00     -120.3745    -85.4793143300    -85.4686164509    0.291104
 9391  37564.00      119.7256    -85.4575399475    -85.4459012266    0.316706
 9392  37568.00     -119.6781    -85.4663597422    -85.4539625633    0.337344
 9393  37572.00      122.6475    -85.4781503514    -85.4663807573    0.320267
 9394  37576.00     -135.3728    -85.4711059148    -85.4598206352    0.307088
 9395  37580.00      141.2316    -85.4580126092    -85.4462101896    0.321160
 9396  37584.00      137.2984    -85.4569746174    -85.4451221560    0.322522
 9397  37588.00      127.8953    -85.4754613543    -85.4639549184    0.313106
 9398  37592.00      121.8145    -85.4705959520    -85.4584033788    0.331777
 9399  37596.00     -120.3109    -85.4635265037    -85.4507978084    0.346365
 9400  37600.00     -121.0953    -85.4650763883    -85.4523300102    0.346847
 9401  37604.00     -117.8410    -85.4717721995    -85.4594221302    0.336063
 9402  37608.00      108.3836    -85.4793591109    -85.4677828842    0.315005
 9403  37612.00      105.0673    -85.4724140355    -85.4607689109    0.316880
 9404  37616.00      100.2892    -85.4651258193    -85.4541011631    0.299996
 9405  37620.00      -96.5566    -85.4646627336    -85.4544330849    0.278363
 9406  37624.00      -88.4962    -85.4702539051    -85.4604284033    0.267366
 9407  37628.00      -82.9951    -85.4676012644    -85.4576438949    0.270954
 9408  37632.00       77.3444    -85.4724708542    -85.4614351844    0.300296
 9409  37636.00       75.3785    -85.4737719467    -85.4606164363    0.357980
 9410  37640.00      -70.7068    -85.4644758017    -85.4509215607    0.368830
 9411  37644.00       68.9231    -85.4790586258    -85.4676570590    0.310252
 9412  37648.00      -70.0528    -85.4712040913    -85.4631655405    0.218740
 9413  37652.00      -71.0658    -85.4648430589    -85.4585624989    0.170903
 9414  37656.00      -75.0342    -85.4732732606    -85.4658342756    0.202425
 9415  37660.00       72.2640    -85.4686155192    -85.4582858616    0.281084
 9416  37664.00      -69.7654    -85.4717916901    -85.4607676936    0.299978
 9417  37668.00      -63.5970    -85.4697669196    -85.4604225137    0.254274
 9418  37672.00      -64.4441    -85.4601733812    -85.4531441230    0.191276
 9419  37676.00       64.4109    -85.4658440911    -85.4598123206    0.164133
 9420  37680.00       60.9563    -85.4656323852    -85.4572893181    0.227026
 9421  37684.00      -55.1689    -85.4699559696    -85.4574337061    0.340748
 9422  37688.00       55.9372    -85.4762503259    -85.4636069271    0.344044
 9423  37692.00       53.5140    -85.4773299894    -85.4693541724    0.217033
 9424  37696.00      -56.4488    -85.4646807508    -85.4593520273    0.145002
 9425  37700.00      -58.6744    -85.4608363387    -85.4553367374    0.149652
 9426  37704.00      -56.8224    -85.4683755404    -85.4609802633    0.201236
 9427  37708.00       55.9573    -85.4613139270    -85.4509404544    0.282277
 9428  37712.00      -54.9043    -85.4567019272    -85.4460860603    0.288872
 9429  37716.00       55.2440    -85.4633162187    -85.4552075494    0.220648
 9430  37720.00       55.7183    -85.4692285656    -85.4622139319    0.190878
 9431  37724.00       53.2227    -85.4676928400    -85.4602396554    0.202811
 9432  37728.00       55.6601    -85.4697114008    -85.4613618377    0.227203
 9433  37732.00       62.3078    -85.4742113426    -85.4655448123    0.235828
 9434  37736.00       66.3493    -85.4703374998    -85.4635001193    0.186055
 9435  37740.00       68.4529    -85.4732403668    -85.4678832833    0.145774
 9436  37744.00       64.4596    -85.4651953266    -85.4599745066    0.142066
 9437  37748.00       63.7746    -85.4748485171    -85.4673572257    0.203848
 9438  37752.00       71.4895    -85.4910957434    -85.4795006369    0.315519
 9439  37756.00      -73.6893    -85.4706695097    -85.4580745301    0.342727
 9440  37760.00       76.9290    -85.4568115339    -85.4460491864    0.292858
 9441  37764.00      -73.2866    -85.4681324613    -85.4595299623    0.234086
 9442  37768.00       75.0652    -85.4753668631    -85.4679144586    0.202790
 9443  37772.00       80.6771    -85.4652232142    -85.4562816376    0.243313
 9444  37776.00      -78.1451    -85.4621820523    -85.4512550118    0.297340
 9445  37780.00      -72.2398    -85.4680620608    -85.4591221213    0.243268
 9446  37784.00      -69.0030    -85.4793814128    -85.4728340683    0.178162
 9447  37788.00       75.6460    -85.4698775453    -85.4630603611    0.185505
 9448  37792.00       74.4111    -85.4615861071    -85.4536358945    0.216336
 9449  37796.00      -72.5813    -85.4804863533    -85.4698694281    0.288901
 9450  37800.00      -71.9993    -85.4768840556    -85.4644082427    0.339484
 9451  37804.00      -78.2539    -85.4563762927    -85.4459467016    0.283804
 9452  37808.00      -86.5581    -85.4623797107    -85.4542578737    0.221006
 9453  37812.00       84.9077    -85.4726215436    -85.4648546488    0.211348
 9454  37816.00      -80.3249    -85.4740068951    -85.4652193499    0.239121
 9455  37820.00      -75.0068    -85.4670845570    -85.4576674211    0.256253
 9456  37824.00      -80.6034    -85.4725542288    -85.4640997148    0.230059
 9457  37828.00      -85.2562    -85.4770454772    -85.4690894934    0.216493
 9458  37832.00      -82.4178    -85.4699530194    -85.4614750383    0.230698
 9459  37836.00       73.1182    -85.4703551109    -85.4596589096    0.291058
 9460  37840.00       65.3759    -85.4759306821    -85.4633174449    0.343224
 9461  37844.00      -68.1766    -85.4771816325    -85.4661675172    0.299709
 9462  37848.00      -69.0862    -85.4631110375    -85.4554588783    0.208226
 9463  37852.00       66.4324    -85.4616572242    -85.4555052024    0.167405
 9464  37856.00      -64.5940    -85.4758629697    -85.4684401188    0.201986
 9465  37860.00       53.0522    -85.4796491220    -85.4702547422    0.255634
 9466  37864.00       50.0879    -85.4754771078    -85.4657035296    0.265953
 9467  37868.00      -53.3441    -85.4699725302    -85.4622174645    0.211026
 9468  37872.00       56.4238    -85.4715648187    -85.4659762962    0.152071
 9469  37876.00       56.6350    -85.4790790805    -85.4722949156    0.184607
 9470  37880.00      -51.1118    -85.4734163383    -85.4616523208    0.320115
 9471  37884.00       49.5608    -85.4737807630    -85.4588608340    0.405992
 9472  37888.00       48.6308    -85.4757985231    -85.4622529487    0.368594
 9473  37892.00      -48.8999    -85.4769959664    -85.4651646127    0.321948
 9474  37896.00      -46.9402    -85.4710191550    -85.4614407445    0.260642
 9475  37900.00       46.1624    -85.4780072826    -85.4699127573    0.220263
 9476  37904.00      -43.9883    -85.4822888128    -85.4718647037    0.283654
 9477  37908.00      -41.4841    -85.4813374456    -85.4696718646    0.317437
 9478  37912.00      -43.3485    -85.4825236891    -85.4724043762    0.275361
 9479  37916.00       40.6441    -85.4740567298    -85.4640469899    0.272379
 9480  37920.00      -43.8749    -85.4697718058    -85.4598536559    0.269887
 9481  37924.00       40.4960    -85.4828709249    -85.4732528093    0.261722
 9482  37928.00       43.6534    -85.4716095459    -85.4615769165    0.273002
 9483  37932.00       48.3753    -85.4655289051    -85.4560245746    0.258626
 9484  37936.00      -44.0617    -85.4817944420    -85.4739395109    0.213744
 9485  37940.00       42.9134    -85.4738150370    -85.4660733779    0.210661
 9486  37944.00       42.4235    -85.4646093314    -85.4548423940    0.265772
 9487  37948.00      -45.5168    -85.4702654954    -85.4585539484    0.318687
 9488  37952.00      -43.0321    -85.4693524504    -85.4577297885    0.316269
 9489  37956.00       43.6524    -85.4814419949    -85.4703729410    0.301204
 9490  37960.00       52.4975    -85.4720874143    -85.4620773253    0.272388
 9491  37964.00       54.1982    -85.4679128973    -85.4582012880    0.264266
 9492  37968.00       58.8232    -85.4827411436    -85.4717072009    0.300249
 9493  37972.00       53.5737    -85.4834392804    -85.4709652824    0.339435
 9494  37976.00       53.4793    -85.4785518761    -85.4665593026    0.326335
 9495  37980.00       55.7563    -85.4684127925    -85.4589137466    0.258482
 9496  37984.00      -58.7339    -85.4763261262    -85.4685504873    0.211586
 9497  37988.00       62.8421    -85.4611339725    -85.4543580902    0.184381
 9498  37992.00       65.9312    -85.4566881142    -85.4495288667    0.194813
 9499  37996.00      -67.2992    -85.4770953122    -85.4674847508    0.261517
 9500  38000.00       66.6509    -85.4781674085    -85.4646714137    0.367245
 9501  38004.00       70.1388    -85.4811008597    -85.4660833659    0.408647
 9502  38008.00      -71.1355    -85.4737408209    -85.4601324327    0.370303
 9503  38012.00       73.2763    -85.4698285534    -85.4585276552    0.307513
 9504  38016.00       78.4207    -85.4729927634    -85.4644183862    0.233321
 9505  38020.00       79.0940    -85.4755914786    -85.4670723091    0.231818
 9506  38024.00      -81.8846    -85.4665487813    -85.4539711257    0.342255
 9507  38028.00       81.5551    -85.4654185750    -85.4506664466    0.401426
 9508  38032.00      -75.8086    -85.4750525597    -85.4606946251    0.390699
 9509  38036.00      -79.3534    -85.4729911669    -85.4589665067    0.381630
 9510  38040.00      -86.9899    -85.4750090305    -85.4626706842    0.335744
 9511  38044.00       93.3015    -85.4771950026    -85.4655673762    0.316404
 9512  38048.00       92.0937    -85.4726556804    -85.4601368924    0.340654
 9513  38052.00       88.6958    -85.4721093520    -85.4605638709    0.314169
 9514  38056.00      -93.6328    -85.4746263479    -85.4644288733    0.277487
 9515  38060.00      -94.1707    -85.4654488108    -85.4540954101    0.308942
 9516  38064.00       87.9653    -85.4690252244    -85.4561557032    0.350198
 9517  38068.00      -89.1904    -85.4728026844    -85.4594340157    0.363780
 9518  38072.00      -86.0782    -85.4624964815    -85.4497246794    0.347538
 9519  38076.00      -88.1973    -85.4675433908    -85.4556246473    0.324326
 9520  38080.00       91.4654    -85.4831175368    -85.4718493275    0.306624
 9521  38084.00      -85.4518    -85.4885473008    -85.4753902482    0.358022
 9522  38088.00       78.0759    -85.4815128053    -85.4661956461    0.416801
 9523  38092.00      -76.3375    -85.4754937943    -85.4609620671    0.395428
 9524  38096.00      -79.3958    -85.4763333072    -85.4646731866    0.317288
 9525  38100.00       85.4716    -85.4822481357    -85.4727422380    0.258669
 9526  38104.00      -82.4124    -85.4846984238    -85.4759319325    0.238548
 9527  38108.00      -75.5060    -85.4728097116    -85.4631394264    0.263142
 9528  38112.00      -76.3719    -85.4791739226    -85.4681768837    0.299245
 9529  38116.00      -73.9738    -85.4858400141    -85.4744165113    0.310849
 9530  38120.00      -73.8280    -85.4694542485    -85.4586488027    0.294031
 9531  38124.00      -74.3268    -85.4715016541    -85.4621748461    0.253795
 9532  38128.00      -65.7865    -85.4761881031    -85.4670454878    0.248783
 9533  38132.00       69.6250    -85.4684802415    -85.4591013000    0.255214
 9534  38136.00      -72.3978    -85.4680071368    -85.4601963750    0.212542
 9535  38140.00       74.2862    -85.4718314999    -85.4638604267    0.216904
 9536  38144.00       73.0370    -85.4751668606    -85.4644534575    0.291527
 9537  38148.00      -67.0488    -85.4800091037    -85.4671362162    0.350289
 9538  38152.00      -68.2217    -85.4808688349    -85.4670745309    0.375362
 9539  38156.00       65.1579    -85.4755555038    -85.4648255520    0.291977
 9540  38160.00      -60.9470    -85.4748613864    -85.4684631526    0.174105
 9541  38164.00       58.7147    -85.4772107385    -85.4716933742    0.150135
 9542  38168.00       50.9189    -85.4680300123    -85.4605615376    0.203228
 9543  38172.00       56.7499    -85.4657347467    -85.4565155560    0.250867
 9544  38176.00      -63.2685    -85.4713595718    -85.4625658602    0.239289
 9545  38180.00      -63.0712    -85.4792642907    -85.4712794082    0.217280
 9546  38184.00      -57.6338    -85.4803295292    -85.4728046267    0.204763
 9547  38188.00       58.2170    -85.4782446146    -85.4701441743    0.220424
 9548  38192.00      -57.6899    -85.4770684239    -85.4677687615    0.253057
 9549  38196.00       55.5271    -85.4750396937    -85.4668256468    0.223516
 9550  38200.00      -53.3614    -85.4713430842    -85.4648245749    0.177378
 9551  38204.00       50.3484    -85.4763774930    -85.4688748050    0.204159
 9552  38208.00      -50.0444    -85.4771767500    -85.4672823671    0.269240
 9553  38212.00       46.6440    -85.4745107014    -85.4632186595    0.307272
 9554  38216.00       47.4365    -85.4824200927    -85.4720891654    0.281119
 9555  38220.00       43.7537    -85.4799474048    -85.4711785509    0.238613
 9556  38224.00       38.5124    -85.4855575341    -85.4754272989    0.275658
 9557  38228.00      -35.2777    -85.4825157416    -85.4705654560    0.325184
 9558  38232.00      -35.6482    -85.4712964706    -85.4606981977    0.288394
 9559  38236.00      -35.5439    -85.4748910397    -85.4662008192    0.236473
 9560  38240.00      -31.8714    -85.4766865958    -85.4696858287    0.190501
 9561  38244.00      -34.6608    -85.4792941399    -85.4713454074    0.216296
 9562  38248.00      -33.4167    -85.4743461395    -85.4627517953    0.315498
 9563  38252.00       33.1757    -85.4733662699    -85.4616501469    0.318812
 9564  38256.00      -30.5682    -85.4791809716    -85.4703283664    0.240892
 9565  38260.00      -30.0363    -85.4801655990    -85.4719860632    0.222577
 9566  38264.00      -22.2545    -85.4793028723    -85.4699011299    0.255834
 9567  38268.00      -22.9588    -85.4839620312    -85.4706632445    0.361878
 9568  38272.00       21.2091    -85.4749699901    -85.4586383516    0.444407
 9569  38276.00       29.9842    -85.4744570514    -85.4607398383    0.373264
 9570  38280.00      -26.9928    -85.4851074669    -85.4756694440    0.256822
 9571  38284.00       35.5014    -85.4762207525    -85.4686190581    0.206853
 9572  38288.00      -30.5557    -85.4703370789    -85.4614494367    0.241845
 9573  38292.00      -31.0014    -85.4754748292    -85.4657231863    0.265356
 9574  38296.00       29.2841    -85.4797977773    -85.4715817259    0.223570
 9575  38300.00      -20.6818    -85.4814578774    -85.4748548166    0.179678
 9576  38304.00      -25.1860    -85.4769573904    -85.4694386105    0.204596
 9577  38308.00       25.5342    -85.4681672133    -85.4574445569    0.291778
 9578  38312.00      -26.7708    -85.4786205778    -85.4660797343    0.341254
 9579  38316.00      -35.8206    -85.4887339532    -85.4796813952    0.246333
 9580  38320.00      -34.8333    -85.4736954431    -85.4678943941    0.157855
 9581  38324.00      -38.5409    -85.4724360231    -85.4673098389    0.139491
 9582  38328.00      -38.7170    -85.4793621598    -85.4733543534    0.163481
 9583  38332.00       31.2320    -85.4784778757    -85.4689093864    0.260372
 9584  38336.00      -30.3650    -85.4892152446    -85.4787316010    0.285274
 9585  38340.00      -25.5876    -85.4799188098    -85.4702269732    0.263728
 9586  38344.00       29.7254    -85.4638335498    -85.4533014551    0.286593
 9587  38348.00       32.0591    -85.4723889363    -85.4617949112    0.288278
 9588  38352.00      -33.7001    -85.4734957237    -85.4630772464    0.283501
 9589  38356.00       29.7669    -85.4741725847    -85.4636894607    0.285260
 9590  38360.00      -32.8459    -85.4805524481    -85.4715649889    0.244561
 9591  38364.00       33.9038    -85.4798777708    -85.4717364530    0.221537
 9592  38368.00       30.0608    -85.4823148708    -85.4736231936    0.236513
 9593  38372.00       28.6181    -85.4804972560    -85.4727969667    0.209536
 9594  38376.00      -23.4496    -85.4918756454    -85.4861331997    0.156260
 9595  38380.00      -25.7165    -85.4809248908    -85.4760662755    0.132210
 9596  38384.00      -24.8150    -85.4613499080    -85.4545615925    0.184719
 9597  38388.00       23.1752    -85.4752324768    -85.4641561912    0.301401
 9598  38392.00       20.6302    -85.4802086894    -85.4660744899    0.384611
 9599  38396.00       29.2432    -85.4827356625    -85.4690122994    0.373432
 9600  38400.00      -33.6314    -85.4836674051    -85.4732615373    0.283158
 9601  38404.00       37.5577    -85.4692158397    -85.4623197740    0.187652
 9602  38408.00      -38.2320    -85.4752134511    -85.4692039063    0.163528
 9603  38412.00       38.4540    -85.4776883239    -85.4704444684    0.197115
 9604  38416.00      -34.8932    -85.4591632468    -85.4499593566    0.250451
 9605  38420.00       33.7406    -85.4788115930    -85.4686964154    0.275248
 9606  38424.00       32.1489    -85.4916545579    -85.4821762367    0.257918
 9607  38428.00       26.9088    -85.4729352504    -85.4632772866    0.262807
 9608  38432.00       30.6836    -85.4648938719    -85.4551440538    0.265306
 9609  38436.00      -31.5845    -85.4659484354    -85.4578420743    0.220585
 9610  38440.00       26.4763    -85.4704810443    -85.4636126460    0.186899
 9611  38444.00      -34.1970    -85.4790299290    -85.4734014906    0.153158
 9612  38448.00       36.9112    -85.4724464272    -85.4658332892    0.179953
 9613  38452.00       31.2029    -85.4661127274    -85.4555622007    0.287094
 9614  38456.00      -36.0407    -85.4776228886    -85.4656326854    0.326270
 9615  38460.00      -30.1680    -85.4857506711    -85.4738972572    0.322548
 9616  38464.00      -33.7474    -85.4731968184    -85.4615870859    0.315917
 9617  38468.00      -37.9648    -85.4876046950    -85.4772143204    0.282736
 9618  38472.00       40.6204    -85.4888948113    -85.4786149062    0.279730
 9619  38476.00      -37.2115    -85.4752760648    -85.4641920948    0.301610
 9620  38480.00       34.1264    -85.4805868466    -85.4701267197    0.284635
 9621  38484.00      -38.8384    -85.4852914666    -85.4755737582    0.264432
 9622  38488.00      -47.8223    -85.4837514132    -85.4748966066    0.240952
 9623  38492.00       42.1691    -85.4857584649    -85.4777943314    0.216715
 9624  38496.00       38.8826    -85.4776490385    -85.4699360067    0.209882
 9625  38500.00       36.9542    -85.4747676168    -85.4674493287    0.199141
 9626  38504.00       31.0814    -85.4891147832    -85.4812853312    0.213050
 9627  38508.00       33.5585    -85.4896818824    -85.4809031193    0.238882
 9628  38512.00      -29.8567    -85.4774864429    -85.4678682570    0.261724
 9629  38516.00       33.3746    -85.4825690150    -85.4726178200    0.270786
 9630  38520.00      -30.4979    -85.4839821651    -85.4753246572    0.235583
 9631  38524.00       29.3508    -85.4698834940    -85.4609872845    0.242078
 9632  38528.00      -31.1971    -85.4753392358    -85.4645149699    0.294543
 9633  38532.00       34.9500    -85.4868022210    -85.4759932424    0.294127
 9634  38536.00       34.5809    -85.4927741386    -85.4826103793    0.276570
 9635  38540.00       37.4616    -85.4828566068    -85.4738992508    0.243742
 9636  38544.00      -38.1159    -85.4729285789    -85.4650367120    0.214749
 9637  38548.00       39.9025    -85.4834301182    -85.4751708322    0.224747
 9638  38552.00       42.8990    -85.4880382114    -85.4797945459    0.224322
 9639  38556.00       40.2265    -85.4818792542    -85.4739479517    0.215822
 9640  38560.00      -38.1043    -85.4663300499    -85.4589602028    0.200544
 9641  38564.00      -35.8813    -85.4666883150    -85.4610541495    0.153313
 9642  38568.00      -34.4481    -85.4798422721    -85.4738403010    0.163322
 9643  38572.00       33.2667    -85.4831749864    -85.4768971918    0.170827
 9644  38576.00       33.6090    -85.4790910690    -85.4742833567    0.130825
 9645  38580.00      -38.6342    -85.4783620977    -85.4729183430    0.148132
 9646  38584.00       37.6770    -85.4763643611    -85.4697877522    0.178959
 9647  38588.00      -29.2841    -85.4808693536    -85.4726594592    0.223403
 9648  38592.00       32.2309    -85.4905152363    -85.4794674787    0.300625
 9649  38596.00       31.5168    -85.4785910446    -85.4678449825    0.292415
 9650  38600.00      -31.9952    -85.4772483347    -85.4704384388    0.185307
 9651  38604.00      -30.4992    -85.4801903866    -85.4752928970    0.133267
 9652  38608.00      -35.9699    -85.4759552696    -85.4702696750    0.154713
 9653  38612.00      -34.8893    -85.4857348386    -85.4783437849    0.201121
 9654  38616.00      -38.4000    -85.4781723376    -85.4699507713    0.223720
 9655  38620.00       42.0261    -85.4602956729    -85.4542401760    0.164778
 9656  38624.00           nan               nan               nan         nan
 9657  38628.00      -45.9602    -85.4725361464    -85.4691118894    0.093179
 9658  38632.00           nan               nan               nan         nan
 9659  38636.00           nan               nan               nan         nan
 9660  38640.00       47.3984    -85.4648552848    -85.4570746984    0.211721
 9661  38644.00      -53.6839    -85.4696819111    -85.4622316081    0.202733
 9662  38648.00      -49.4334    -85.4820329837    -85.4754013940    0.180455
 9663  38652.00       44.0084    -85.4788278860    -85.4728614764    0.162354
 9664  38656.00       40.8914    -85.4816555411    -85.4746461305    0.190736
 9665  38660.00      -38.6881    -85.4763966864    -85.4695044482    0.187547
 9666  38664.00      -34.8884    -85.4641732974    -85.4582761034    0.160471
 9667  38668.00       34.8582    -85.4847273328    -85.4788562104    0.159761
 9668  38672.00      -30.3603    -85.4733558869    -85.4674033773    0.161976
 9669  38676.00       32.3132    -85.4703840612    -85.4632148011    0.195086
 9670  38680.00      -40.2845    -85.4791078265    -85.4711992257    0.215204
 9671  38684.00       50.5614    -85.4696431538    -85.4627321293    0.188059
 9672  38688.00       59.4208    -85.4753279807    -85.4697704705    0.151228
 9673  38692.00       60.0856    -85.4704230496    -85.4659823569    0.120837
 9674  38696.00      -59.7150    -85.4651542468    -85.4607615931    0.119530
 9675  38700.00       58.6295    -85.4774900011    -85.4719509087    0.150726
 9676  38704.00       55.3283    -85.4763446376    -85.4690795809    0.197692
 9677  38708.00      -57.8243    -85.4694079638    -85.4615498968    0.213829
 9678  38712.00      -53.2111    -85.4699314247    -85.4621003098    0.213095
 9679  38716.00       53.7451    -85.4793566889    -85.4727521068    0.179720
 9680  38720.00       58.0533    -85.4869347186    -85.4798993940    0.191441
 9681  38724.00       62.0043    -85.4767685572    -85.4669931401    0.266003
 9682  38728.00       60.3199    -85.4758001588    -85.4647677946    0.300206
 9683  38732.00      -59.2562    -85.4873218591    -85.4771140461    0.277769
 9684  38736.00       55.3753    -85.4823041838    -85.4733756095    0.242959
 9685  38740.00      -58.1722    -85.4722951011    -85.4638025397    0.231094
 9686  38744.00       53.5026    -85.4725194387    -85.4644338395    0.220020
 9687  38748.00      -55.6502    -85.4713972334    -85.4636155869    0.211749
 9688  38752.00       56.5232    -85.4767315498    -85.4698403797    0.187518
 9689  38756.00       67.2751    -85.4794387785    -85.4728460334    0.179398
 9690  38760.00       75.2750    -85.4727652063    -85.4659659604    0.185017
 9691  38764.00       77.5231    -85.4807853668    -85.4724831826    0.225914
 9692  38768.00      -75.0545    -85.4829761015    -85.4726300713    0.281530
 9693  38772.00      -71.2475    -85.4654043747    -85.4545524564    0.295296
 9694  38776.00       74.2124    -85.4642469793    -85.4540716281    0.276885
 9695  38780.00       78.7518    -85.4732066058    -85.4635789113    0.261983
 9696  38784.00       73.0174    -85.4700396526    -85.4591610401    0.296022
 9697  38788.00      -68.9415    -85.4691424707    -85.4571664992    0.325883
 9698  38792.00       62.5497    -85.4743155804    -85.4633532261    0.298301
 9699  38796.00       68.0260    -85.4690459950    -85.4597819096    0.252089
 9700  38800.00      -75.1894    -85.4695587057    -85.4619869758    0.206037
 9701  38804.00      -74.7378    -85.4656556606    -85.4574854536    0.222323
 9702  38808.00      -74.2265    -85.4718644353    -85.4613973343    0.284824
 9703  38812.00       73.9617    -85.4854301998    -85.4748057734    0.289105
 9704  38816.00       75.5484    -85.4710512951    -85.4619456607    0.247777
 9705  38820.00      -75.1044    -85.4676628238    -85.4599597113    0.209612
 9706  38824.00       73.1999    -85.4796498829    -85.4730508601    0.179569
 9707  38828.00      -72.2235    -85.4791190810    -85.4712878865    0.213098
 9708  38832.00       76.0899    -85.4777277630    -85.4679327391    0.266536
 9709  38836.00      -79.0375    -85.4811949621    -85.4710715988    0.275471
 9710  38840.00      -81.1786    -85.4698715966    -85.4586268274    0.305986
 9711  38844.00       81.8172    -85.4634524861    -85.4515715571    0.323297
 9712  38848.00      -82.4266    -85.4781098395    -85.4659854762    0.329921
 9713  38852.00       85.2743    -85.4725770099    -85.4596718905    0.351166
 9714  38856.00      -83.0751    -85.4655817284    -85.4533299463    0.333388
 9715  38860.00       82.7660    -85.4670169078    -85.4554792262    0.313956
 9716  38864.00       76.3902    -85.4723231618    -85.4616521627    0.290373
 9717  38868.00       76.9426    -85.4703431567    -85.4605218320    0.267252
 9718  38872.00       75.7078    -85.4736126840    -85.4638060711    0.266852
 9719  38876.00      -75.4741    -85.4826883418    -85.4728027145    0.269002
 9720  38880.00      -76.0587    -85.4757968878    -85.4653890565    0.283212
 9721  38884.00       75.9618    -85.4678697694    -85.4569227343    0.297884
 9722  38888.00       78.9962    -85.4772801410    -85.4665937460    0.290792
 9723  38892.00      -78.0153    -85.4782793413    -85.4683519175    0.270139
 9724  38896.00       79.0107    -85.4713586808    -85.4618335217    0.259193
 9725  38900.00       75.3709    -85.4723714983    -85.4617555236    0.288875
 9726  38904.00      -76.3036    -85.4757660190    -85.4634234272    0.335859
 9727  38908.00      -77.4729    -85.4806328283    -85.4683390503    0.334531
 9728  38912.00       79.7597    -85.4796582362    -85.4691084485    0.287074
 9729  38916.00      -82.3316    -85.4663426729    -85.4570621925    0.252535
 9730  38920.00       77.4918    -85.4627308881    -85.4525416096    0.277264
 9731  38924.00       73.4381    -85.4695927775    -85.4558994848    0.372613
 9732  38928.00      -71.6630    -85.4746473140    -85.4586244627    0.436004
 9733  38932.00       73.1455    -85.4861928608    -85.4727766690    0.365073
 9734  38936.00       71.1966    -85.4790861847    -85.4695483311    0.259538
 9735  38940.00      -75.8742    -85.4650687419    -85.4576091154    0.202987
 9736  38944.00      -77.0857    -85.4756770765    -85.4674893907    0.222798
 9737  38948.00       73.3823    -85.4748294662    -85.4638817367    0.297903
 9738  38952.00      -72.2358    -85.4778161793    -85.4664051979    0.310509
 9739  38956.00      -68.6859    -85.4871851843    -85.4769236068    0.279232
 9740  38960.00      -66.1121    -85.4697477947    -85.4597116147    0.273098
 9741  38964.00      -67.9045    -85.4728918225    -85.4623449391    0.286995
 9742  38968.00      -67.2324    -85.4886910952    -85.4761582665    0.341036
 9743  38972.00       68.5060    -85.4768037883    -85.4635748246    0.359978
 9744  38976.00       74.8133    -85.4735453877    -85.4619068383    0.316701
 9745  38980.00       81.4940    -85.4788156364    -85.4688336255    0.271624
 9746  38984.00       89.3391    -85.4646228788    -85.4544580270    0.276600
 9747  38988.00       84.4621    -85.4727340480    -85.4605765693    0.330822
 9748  38992.00      -82.4485    -85.4757487267    -85.4615028437    0.387650
 9749  38996.00       80.8129    -85.4829803392    -85.4697167816    0.360920
 9750  39000.00       76.5784    -85.4883811866    -85.4773250719    0.300852
 9751  39004.00       80.4063    -85.4684668625    -85.4589589053    0.258725
 9752  39008.00       76.0575    -85.4741923539    -85.4644445742    0.265251
 9753  39012.00       71.3585    -85.4885260562    -85.4772859847    0.305858
 9754  39016.00       76.6436    -85.4843503953    -85.4728743782    0.312278
 9755  39020.00       82.6010    -85.4810428607    -85.4706063601    0.283992
 9756  39024.00       90.0757    -85.4734095796    -85.4625785935    0.294726
 9757  39028.00       93.4045    -85.4699436128    -85.4583565115    0.315301
 9758  39032.00       87.8930    -85.4808163247    -85.4684917553    0.335369
 9759  39036.00       85.4588    -85.4810276805    -85.4678590502    0.358337
 9760  39040.00       84.9448    -85.4663266216    -85.4542970631    0.327341
 9761  39044.00      -82.0523    -85.4823054473    -85.4706583421    0.316934
 9762  39048.00      -80.9065    -85.4842057835    -85.4716437915    0.341829
 9763  39052.00       77.4766    -85.4682527689    -85.4556520695    0.342882
 9764  39056.00       86.3586    -85.4758797251    -85.4634703828    0.337675
 9765  39060.00      -97.9356    -85.4722538588    -85.4613883907    0.295664
 9766  39064.00      -98.4429    -85.4857051000    -85.4755436481    0.276507
 9767  39068.00       96.9730    -85.4809872075    -85.4696922843    0.307351
 9768  39072.00       93.7404    -85.4697112057    -85.4581244751    0.315291
 9769  39076.00       92.2345    -85.4858293100    -85.4743182556    0.313232
 9770  39080.00      -93.2969    -85.4789457434    -85.4673086915    0.316660
 9771  39084.00      -83.9135    -85.4768947635    -85.4659731857    0.297191
 9772  39088.00       80.5356    -85.4786434022    -85.4681612447    0.285234
 9773  39092.00       70.9680    -85.4693679051    -85.4595313490    0.267666
 9774  39096.00       69.7731    -85.4748269721    -85.4660894954    0.237759
 9775  39100.00      -82.1159    -85.4787215948    -85.4693851331    0.254058
 9776  39104.00       81.1359    -85.4784025729    -85.4670239662    0.309628
 9777  39108.00      -79.9738    -85.4825162235    -85.4689091757    0.370267
 9778  39112.00       75.5728    -85.4739196947    -85.4613096335    0.343137
 9779  39116.00      -77.4039    -85.4656382581    -85.4556843141    0.270861
 9780  39120.00       78.6250    -85.4716669941    -85.4638974127    0.211421
 9781  39124.00      -79.1314    -85.4842084301    -85.4768906217    0.199128
 9782  39128.00       67.6074    -85.4862939271    -85.4784685956    0.212938
 9783  39132.00      -60.7475    -85.4734918821    -85.4645147832    0.244279
 9784  39136.00       56.5472    -85.4672757026    -85.4590297516    0.224384
 9785  39140.00      -61.9269    -85.4729263314    -85.4648813586    0.218915
 9786  39144.00       66.7617    -85.4760537840    -85.4666358878    0.256274
 9787  39148.00       65.4065    -85.4690734598    -85.4588845131    0.277255
 9788  39152.00      -59.0847    -85.4684570471    -85.4586884555    0.265817
 9789  39156.00      -58.2928    -85.4805851856    -85.4725880420    0.217613
 9790  39160.00       59.9997    -85.4753174761    -85.4683466223    0.189687
 9791  39164.00      -57.6359    -85.4648844729    -85.4565229768    0.227528
 9792  39168.00      -52.7141    -85.4755655470    -85.4645174398    0.300634
 9793  39172.00       46.3328    -85.4798958120    -85.4681906074    0.318515
 9794  39176.00       52.1925    -85.4813705540    -85.4725136949    0.241007
 9795  39180.00       60.0790    -85.4675374048    -85.4617236294    0.158201
 9796  39184.00       53.7119    -85.4673993044    -85.4620102872    0.146643
 9797  39188.00      -56.3017    -85.4897367166    -85.4818954812    0.213371
 9798  39192.00      -59.1417    -85.4744441991    -85.4651059679    0.254106
 9799  39196.00      -63.4499    -85.4736369304    -85.4644453713    0.250115
 9800  39200.00       69.0460    -85.4715543846    -85.4641406117    0.201739
 9801  39204.00       70.5054    -85.4672718614    -85.4613537757    0.161039
 9802  39208.00       63.6640    -85.4794821756    -85.4732525189    0.169518
 9803  39212.00       66.0910    -85.4661852292    -85.4581953555    0.217416
 9804  39216.00      -64.8808    -85.4687401389    -85.4612157674    0.204749
 9805  39220.00      -63.1364    -85.4751342370    -85.4674416938    0.209325
 9806  39224.00       59.6826    -85.4719184821    -85.4635673977    0.227245
 9807  39228.00       54.4158    -85.4750891446    -85.4656652873    0.256436
 9808  39232.00       49.1451    -85.4746587906    -85.4643442004    0.280674
 9809  39236.00      -55.6330    -85.4737255845    -85.4639104419    0.267084
 9810  39240.00      -60.3681    -85.4678227103    -85.4601060507    0.209981
 9811  39244.00      -61.2944    -85.4769312891    -85.4701945544    0.183316
 9812  39248.00       58.9009    -85.4824618665    -85.4760882129    0.173436
 9813  39252.00      -53.4063    -85.4783500252    -85.4715775494    0.184288
 9814  39256.00       55.5482    -85.4812135545    -85.4731809873    0.218577
 9815  39260.00       55.3922    -85.4663727223    -85.4576467262    0.237446
 9816  39264.00      -57.6381    -85.4825994013    -85.4728406378    0.265549
 9817  39268.00      -55.9117    -85.4882100968    -85.4778633141    0.281550
 9818  39272.00           nan               nan               nan         nan
 9819  39276.00      -60.2116    -85.4661434269    -85.4567833033    0.254702
 9820  39280.00      -58.5805    -85.4595018925    -85.4501631986    0.254119
 9821  39284.00      -59.1805    -85.4672967332    -85.4575799736    0.264406
 9822  39288.00      -51.8863    -85.4739829860    -85.4643012813    0.263453
 9823  39292.00       51.2820    -85.4691453113    -85.4597074859    0.256816
 9824  39296.00       49.3659    -85.4710858601    -85.4617879792    0.253008
 9825  39300.00      -46.7142    -85.4759894733    -85.4665458179    0.256975
 9826  39304.00       51.3832    -85.4730841664    -85.4626398787    0.284204
 9827  39308.00      -54.9772    -85.4797062787    -85.4686220331    0.301618
 9828  39312.00       54.8451    -85.4789101809    -85.4677739122    0.303033
 9829  39316.00       55.1128    -85.4657128926    -85.4539357162    0.320473
 9830  39320.00       55.4407    -85.4737842084    -85.4627439479    0.300421
 9831  39324.00       59.9812    -85.4672092868    -85.4574234398    0.266286
 9832  39328.00       63.6699    -85.4707209333    -85.4610709874    0.262588
 9833  39332.00       64.2187    -85.4793999487    -85.4699356358    0.257537
 9834  39336.00      -65.8754    -85.4693327731    -85.4592674863    0.273890
 9835  39340.00       71.1622    -85.4675868237    -85.4560768944    0.313201
 9836  39344.00       72.1865    -85.4658766329    -85.4539126183    0.325557
 9837  39348.00       78.4986    -85.4707776107    -85.4583447945    0.338314
 9838  39352.00      -78.9811    -85.4739955061    -85.4610179648    0.353137
 9839  39356.00       74.0447    -85.4710644490    -85.4574377193    0.370802
 9840  39360.00       74.6717    -85.4668077425    -85.4532216453    0.369697
 9841  39364.00      -73.8937    -85.4682066403    -85.4561347814    0.328492
 9842  39368.00      -81.6723    -85.4840598929    -85.4732715064    0.293567
 9843  39372.00      -93.0642    -85.4699931826    -85.4597577230    0.278521
 9844  39376.00      -92.8342    -85.4593999387    -85.4492184181    0.277053
 9845  39380.00       88.6775    -85.4757717995    -85.4638423743    0.324616
 9846  39384.00      -87.9016    -85.4686480092    -85.4552413798    0.364813
 9847  39388.00       87.7628    -85.4735347692    -85.4608318600    0.345664
 9848  39392.00       93.8971    -85.4724559210    -85.4613430869    0.302396
 9849  39396.00       93.8243    -85.4721722413    -85.4624670325    0.264092
 9850  39400.00      -91.6139    -85.4711213743    -85.4614090801    0.264285
 9851  39404.00       94.4600    -85.4564318154    -85.4462536203    0.276963
 9852  39408.00       96.4952    -85.4709938962    -85.4608952702    0.274798
 9853  39412.00     -103.6299    -85.4816480480    -85.4710037260    0.289647
 9854  39416.00      110.1638    -85.4706650811    -85.4591251093    0.314019
 9855  39420.00      109.0483    -85.4531052926    -85.4404616599    0.344051
 9856  39424.00     -117.1635    -85.4604370110    -85.4467377308    0.372776
 9857  39428.00     -119.3867    -85.4809021189    -85.4688174366    0.328841
 9858  39432.00     -118.3517    -85.4660187129    -85.4554615140    0.287276
 9859  39436.00     -114.5506    -85.4578953788    -85.4474504423    0.284221
 9860  39440.00     -106.3127    -85.4696912126    -85.4586193758    0.301280
 9861  39444.00      101.3201    -85.4813647752    -85.4695708050    0.320930
 9862  39448.00       98.8125    -85.4734740022    -85.4621912928    0.307018
 9863  39452.00       98.3824    -85.4632018101    -85.4541883182    0.245270
 9864  39456.00     -103.2622    -85.4684509621    -85.4599925660    0.230165
 9865  39460.00     -100.5706    -85.4597262145    -85.4508717775    0.240942
 9866  39464.00       99.6558    -85.4635143564    -85.4532961108    0.278053
 9867  39468.00      -95.8164    -85.4686183618    -85.4577828375    0.294850
 9868  39472.00       88.1596    -85.4630265978    -85.4525932347    0.283906
 9869  39476.00       84.3711    -85.4675458420    -85.4565616373    0.298895
 9870  39480.00      -79.4640    -85.4584039301    -85.4472343144    0.303941
 9871  39484.00      -70.9906    -85.4708618216    -85.4602604052    0.288479
 9872  39488.00      -68.7240    -85.4820225863    -85.4717975494    0.278237
 9873  39492.00       70.9513    -85.4579342947    -85.4488520251    0.247141
 9874  39496.00       66.6876    -85.4573795422    -85.4491431414    0.224124
 9875  39500.00      -68.3227    -85.4682795053    -85.4583647145    0.269795
 9876  39504.00      -62.2645    -85.4791127179    -85.4676564037    0.311742
 9877  39508.00      -65.2226    -85.4685293570    -85.4572181581    0.307793
 9878  39512.00       67.1810    -85.4650901164    -85.4558602320    0.251158
 9879  39516.00      -62.7710    -85.4609579507    -85.4534049291    0.205528
 9880  39520.00       58.1921    -85.4715410973    -85.4636732220    0.214096
 9881  39524.00      -54.3055    -85.4607448511    -85.4512171125    0.259263
 9882  39528.00      -46.7873    -85.4637293459    -85.4530300929    0.291142
 9883  39532.00      -41.0689    -85.4831893806    -85.4728033511    0.282618
 9884  39536.00       41.8816    -85.4551622228    -85.4453335309    0.267452
 9885  39540.00       39.4555    -85.4596358057    -85.4492304266    0.283145
 9886  39544.00      -39.1978    -85.4816504521    -85.4700249259    0.316347
 9887  39548.00      -45.4469    -85.4749210124    -85.4636476674    0.306763
 9888  39552.00       50.3475    -85.4674072401    -85.4561117537    0.307366
 9889  39556.00       50.5172    -85.4526782675    -85.4402150809    0.339141
 9890  39560.00      -50.5207    -85.4747528014    -85.4602451633    0.394773
 9891  39564.00       52.9319    -85.4771588653    -85.4607593018    0.446255
 9892  39568.00      -55.0438    -85.4606526195    -85.4454194691    0.414515
 9893  39572.00       64.2648    -85.4665089398    -85.4557574849    0.292562
 9894  39576.00      -67.6342    -85.4760288482    -85.4680447178    0.217259
 9895  39580.00      -69.3732    -85.4628916877    -85.4530506229    0.267789
 9896  39584.00      -66.5051    -85.4590848431    -85.4457560758    0.362694
 9897  39588.00       66.0068    -85.4875416920    -85.4731857101    0.390646
 9898  39592.00       68.7727    -85.4753743923    -85.4616848888    0.372510
 9899  39596.00      -68.9053    -85.4481800152    -85.4362567078    0.324450
 9900  39600.00       68.8127    -85.4550938022    -85.4456558786    0.256819
 9901  39604.00      -69.5563    -85.4650506274    -85.4551447297    0.269553
 9902  39608.00       68.6493    -85.4684639334    -85.4565028902    0.325477
 9903  39612.00       73.0221    -85.4620200720    -85.4495098776    0.340420
 9904  39616.00      -78.9850    -85.4619604845    -85.4500988871    0.322771
 9905  39620.00      -72.5976    -85.4668534492    -85.4541162236    0.346598
 9906  39624.00      -69.0002    -85.4725821092    -85.4590505705    0.368212
 9907  39628.00       68.9203    -85.4707819321    -85.4572758643    0.367519
 9908  39632.00       69.5438    -85.4679913702    -85.4556243411    0.336524
 9909  39636.00      -69.6727    -85.4628606023    -85.4522109374    0.289792
 9910  39640.00      -67.9098    -85.4623733585    -85.4531743019    0.250319
 9911  39644.00      -67.2888    -85.4673371376    -85.4577391951    0.261173
 9912  39648.00       67.9145    -85.4620615783    -85.4505874388    0.312227
 9913  39652.00      -69.7525    -85.4601209226    -85.4481642254    0.325358
 9914  39656.00       70.9872    -85.4596316326    -85.4494728364    0.276435
 9915  39660.00       66.1419    -85.4759450976    -85.4670332714    0.242503
 9916  39664.00       59.1492    -85.4797792370    -85.4714915524    0.225519
 9917  39668.00      -55.9215    -85.4613908039    -85.4533030246    0.220080
 9918  39672.00      -56.0637    -85.4697389120    -85.4596061710    0.275726
 9919  39676.00       50.0946    -85.4677857635    -85.4548192943    0.352836
 9920  39680.00       51.4733    -85.4567956614    -85.4417207188    0.410210
 9921  39684.00      -53.2408    -85.4702238147    -85.4551770241    0.409444
 9922  39688.00      -52.2446    -85.4760091959    -85.4634371729    0.342102
 9923  39692.00      -56.8418    -85.4646567004    -85.4553265028    0.253888
 9924  39696.00       55.2708    -85.4633760019    -85.4548737444    0.231358
 9925  39700.00       57.5229    -85.4802662552    -85.4688239716    0.311360
 9926  39704.00      -54.0876    -85.4759872535    -85.4615009135    0.394193
 9927  39708.00       53.2755    -85.4721954623    -85.4580756799    0.384219
 9928  39712.00      -54.6459    -85.4678602960    -85.4553778106    0.339666
 9929  39716.00       52.5179    -85.4706920459    -85.4604227430    0.279442
 9930  39720.00       49.1477    -85.4781670719    -85.4684025192    0.265707
 9931  39724.00       44.1126    -85.4697658430    -85.4574283940    0.335719
 9932  39728.00      -41.0685    -85.4653412632    -85.4515049981    0.376504
 9933  39732.00      -44.1282    -85.4691737877    -85.4573978968    0.320438
 9934  39736.00           nan               nan               nan         nan
 9935  39740.00       47.5012    -85.4544487419    -85.4440991996    0.281625
 9936  39744.00       53.2860    -85.4692213456    -85.4568505326    0.336627
 9937  39748.00       48.3585    -85.4698451892    -85.4552627879    0.396807
 9938  39752.00      -43.7172    -85.4626374462    -85.4478337772    0.402828
 9939  39756.00       42.6755    -85.4742841406    -85.4621105673    0.331260
 9940  39760.00       41.3689    -85.4773427795    -85.4674550143    0.269060
 9941  39764.00      -43.7267    -85.4653894771    -85.4538034286    0.315272
 9942  39768.00      -44.0587    -85.4669656306    -85.4522462072    0.400536
 9943  39772.00      -52.7331    -85.4734330413    -85.4585541270    0.404876
 9944  39776.00       54.7740    -85.4711160952    -85.4592230008    0.323628
 9945  39780.00       59.0541    -85.4622699265    -85.4530697540    0.250349
 9946  39784.00       58.1818    -85.4597047642    -85.4513371335    0.227695
 9947  39788.00      -56.8632    -85.4655733378    -85.4567492779    0.240115
 9948  39792.00      -55.9510    -85.4665136250    -85.4562392625    0.279580
 9949  39796.00      -47.6959    -85.4646268784    -85.4536966526    0.297427
 9950  39800.00       48.1584    -85.4708098978    -85.4595398763    0.306673
 9951  39804.00      -45.3598    -85.4815778829    -85.4688821652    0.345468
 9952  39808.00      -49.6353    -85.4714986614    -85.4580797562    0.365147
 9953  39812.00      -53.3898    -85.4634818563    -85.4517187763    0.320090
 9954  39816.00      -54.8434    -85.4676432768    -85.4578212702    0.267270
 9955  39820.00       52.8037    -85.4608518715    -85.4513600974    0.258284
 9956  39824.00       54.8138    -85.4583248261    -85.4504092560    0.215394
 9957  39828.00       53.7655    -85.4759832224    -85.4692713873    0.182638
 9958  39832.00       49.5577    -85.4749848222    -85.4665178295    0.230399
 9959  39836.00       46.4275    -85.4714301720    -85.4627414768    0.236431
 9960  39840.00      -45.6428    -85.4840441523    -85.4768832978    0.194857
 9961  39844.00      -42.4635    -85.4806247843    -85.4723219778    0.225931
 9962  39848.00      -41.7808    -85.4724468943    -85.4640310604    0.229007
 9963  39852.00      -45.5088    -85.4733430291    -85.4666062774    0.183316
 9964  39856.00      -46.6344    -85.4773024801    -85.4698376845    0.203127
 9965  39860.00       47.1887    -85.4700917483    -85.4626462372    0.202603
 9966  39864.00       43.0355    -85.4593305104    -85.4529064736    0.174807
 9967  39868.00      -46.1192    -85.4611622491    -85.4543902258    0.184276
 9968  39872.00      -45.7813    -85.4717334198    -85.4648032046    0.188581
 9969  39876.00      -39.7103    -85.4751651391    -85.4684533124    0.182638
 9970  39880.00      -41.5047    -85.4584481523    -85.4512666233    0.195419
 9971  39884.00      -27.6943    -85.4582043249    -85.4519015673    0.171507
 9972  39888.00       28.0612    -85.4788845925    -85.4720506866    0.185960
 9973  39892.00       30.5766    -85.4618563523    -85.4554664331    0.173879
 9974  39896.00       25.4416    -85.4659006275    -85.4600484847    0.159245
 9975  39900.00      -26.9368    -85.4879760416    -85.4810119947    0.189501
 9976  39904.00      -30.9402    -85.4705487920    -85.4639065937    0.180743
 9977  39908.00      -27.0250    -85.4604825808    -85.4549247216    0.151237
 9978  39912.00       30.6425    -85.4590325443    -85.4536705174    0.145908
 9979  39916.00      -36.6745    -85.4666028274    -85.4612947313    0.144441
 9980  39920.00      -33.2431    -85.4718239750    -85.4659152004    0.160786
 9981  39924.00       31.3694    -85.4575014220    -85.4485284011    0.244168
 9982  39928.00       19.7406    -85.4642517206    -85.4536149144    0.289442
 9983  39932.00      -32.7320    -85.4792763858    -85.4696081245    0.263087
 9984  39936.00       34.1484    -85.4763027587    -85.4677567490    0.232549
 9985  39940.00      -33.5199    -85.4673604887    -85.4588398557    0.231858
 9986  39944.00      -36.0676    -85.4686265408    -85.4607145820    0.215295
 9987  39948.00       30.7671    -85.4751939819    -85.4669030382    0.225608
 9988  39952.00      -26.3527    -85.4745411689    -85.4654067378    0.248561
 9989  39956.00       27.9102    -85.4770471889    -85.4706763447    0.173359
 9990  39960.00       24.9133    -85.4784574332    -85.4734882732    0.135218
 9991  39964.00       21.9838    -85.4652038195    -85.4558469854    0.254612
 9992  39968.00       21.3554    -85.4718158133    -85.4601189315    0.318288
 9993  39972.00      -23.8081    -85.4758610811    -85.4646893591    0.303998
 9994  39976.00       26.2864    -85.4782513727    -85.4687227622    0.259287
 9995  39980.00      -28.3278    -85.4792805004    -85.4735642271    0.155548
 9996  39984.00      -35.0633    -85.4767235391    -85.4716486834    0.138094
 9997  39988.00      -43.2942    -85.4706730335    -85.4620680614    0.234153
 9998  39992.00      -46.6052    -85.4703046132    -85.4604380821    0.268482
 9999  39996.00      -44.4579    -85.4706599656    -85.4606294688    0.272944
10000  40000.00      -45.5919    -85.4596339009    -85.4498868847    0.265230
10001  40004.00       38.1406    -85.4637182396    -85.4543694870    0.254393
10002  40008.00      -32.9234    -85.4656728518    -85.4545209796    0.303458
10003  40012.00       30.2307    -85.4628494346    -85.4506237818    0.332677
10004  40016.00       24.1246    -85.4782295368    -85.4665617450    0.317497
10005  40020.00       29.7509    -85.4745966556    -85.4636052163    0.299092
10006  40024.00       32.9076    -85.4591274889    -85.4501076556    0.245442
10007  40028.00       36.1231    -85.4681493172    -85.4601006117    0.219016
10008  40032.00      -42.4425    -85.4893354072    -85.4803430435    0.244695
10009  40036.00       40.1881    -85.4763033383    -85.4672267473    0.246987
10010  40040.00      -40.8538    -85.4514624077    -85.4414446304    0.272598
10011  40044.00       42.4577    -85.4647905536    -85.4520387884    0.346993
10012  40048.00       35.8872    -85.4792755581    -85.4656767685    0.370042
10013  40052.00      -41.0482    -85.4731558276    -85.4610838533    0.328495
10014  40056.00       44.9998    -85.4666781702    -85.4556232697    0.300819
10015  40060.00      -44.8237    -85.4658671841    -85.4545789789    0.307168
10016  40064.00      -48.0389    -85.4749992113    -85.4640497859    0.297949
10017  40068.00       51.1199    -85.4744144761    -85.4632157466    0.304733
10018  40072.00       52.6164    -85.4613664447    -85.4519335758    0.256681
10019  40076.00       69.2216    -85.4629217993    -85.4562519531    0.181496
10020  40080.00      -70.3005    -85.4619958065    -85.4551946306    0.185069
10021  40084.00       71.0440    -85.4593777294    -85.4501467411    0.251188
10022  40088.00       75.3260    -85.4825005279    -85.4725507006    0.270749
10023  40092.00      -68.5832    -85.4880737298    -85.4779800025    0.274664
10024  40096.00       68.6352    -85.4717783629    -85.4623743897    0.255895
10025  40100.00      -69.8661    -85.4631122104    -85.4557201663    0.201148
10026  40104.00      -72.9034    -85.4544628571    -85.4465400345    0.215591
10027  40108.00      -79.5751    -85.4606117866    -85.4527544067    0.213810
10028  40112.00       79.3775    -85.4613292949    -85.4543773999    0.189171
10029  40116.00      -84.2226    -85.4599819107    -85.4515738153    0.228796
10030  40120.00       86.9214    -85.4706123089    -85.4607502314    0.268361
10031  40124.00       82.5605    -85.4768186498    -85.4668743135    0.270599
10032  40128.00      -80.1658    -85.4677768151    -85.4582592881    0.258985
10033  40132.00       79.1241    -85.4637300334    -85.4549755927    0.238220
10034  40136.00       74.7949    -85.4661278960    -85.4577160839    0.228897
10035  40140.00      -77.7970    -85.4630088019    -85.4538395827    0.249507
10036  40144.00      -77.8386    -85.4632164193    -85.4540734219    0.248794
10037  40148.00      -70.1133    -85.4737478032    -85.4652759132    0.230532
10038  40152.00      -73.5663    -85.4816265573    -85.4742177924    0.201603
10039  40156.00       72.5234    -85.4756338066    -85.4695851144    0.164593
10040  40160.00      -76.4271    -85.4714920769    -85.4651585284    0.172345
10041  40164.00       71.2163    -85.4733353918    -85.4655355268    0.212245
10042  40168.00       64.0468    -85.4789232215    -85.4700624333    0.241114
10043  40172.00       65.6643    -85.4631635276    -85.4539946476    0.249498
10044  40176.00       67.3868    -85.4536318940    -85.4451069164    0.231976
10045  40180.00      -68.8907    -85.4600825639    -85.4530533230    0.191275
10046  40184.00       68.3309    -85.4638292708    -85.4574158218    0.174519
10047  40188.00      -65.8546    -85.4626025025    -85.4547884981    0.212630
10048  40192.00      -64.2575    -85.4628702908    -85.4543879054    0.230817
10049  40196.00       63.1402    -85.4647075907    -85.4560015091    0.236905
10050  40200.00      -65.2737    -85.4703932947    -85.4611099909    0.252612
10051  40204.00       66.8897    -85.4736908686    -85.4656343838    0.219228
10052  40208.00       73.3082    -85.4711249304    -85.4637360132    0.201063
10053  40212.00      -71.7072    -85.4673289824    -85.4588918514    0.229586
10054  40216.00       72.6291    -85.4656308966    -85.4567451790    0.241793
10055  40220.00      -75.5454    -85.4717852594    -85.4635008622    0.225430
10056  40224.00      -76.1746    -85.4605615286    -85.4529403909    0.207382
10057  40228.00      -80.8956    -85.4693815087    -85.4626323401    0.183654
10058  40232.00       78.6718    -85.4789607170    -85.4722905915    0.181503
10059  40236.00       76.6396    -85.4637177186    -85.4553984876    0.226378
10060  40240.00      -78.1120    -85.4490450926    -85.4397473197    0.253005
10061  40244.00      -79.9280    -85.4558048821    -85.4463793377    0.256482
10062  40248.00       85.7520    -85.4720109906    -85.4625253609    0.258117
10063  40252.00      -92.1723    -85.4676381491    -85.4584886625    0.248970
10064  40256.00      -95.5187    -85.4602212722    -85.4498005306    0.283563
10065  40260.00           nan               nan               nan         nan
10066  40264.00       95.9907    -85.4766267813    -85.4666255022    0.272149
10067  40268.00      -98.7148    -85.4741757017    -85.4653825532    0.239274
10068  40272.00      -98.6020    -85.4699234670    -85.4621186910    0.212379
10069  40276.00      -96.9345    -85.4642885416    -85.4561938860    0.220267
10070  40280.00      -96.6316    -85.4621720547    -85.4511407549    0.300177
10071  40284.00       92.8411    -85.4672022483    -85.4542120296    0.353482
10072  40288.00      -89.8933    -85.4631383126    -85.4514650167    0.317647
10073  40292.00      -89.3323    -85.4633514520    -85.4543674472    0.244467
10074  40296.00       91.1304    -85.4653376897    -85.4576411720    0.209433
10075  40300.00       99.2408    -85.4643442009    -85.4559395058    0.228703
10076  40304.00      101.1520    -85.4665945882    -85.4557804795    0.294267
10077  40308.00       94.7141    -85.4668309272    -85.4530771445    0.374259
10078  40312.00      -88.2638    -85.4616852591    -85.4482450713    0.365726
10079  40316.00      -83.5240    -85.4683622796    -85.4573067455    0.300836
10080  40320.00       80.0743    -85.4639680895    -85.4549980476    0.244087
10081  40324.00      -84.3266    -85.4555571071    -85.4471290154    0.229340
10082  40328.00      -82.7790    -85.4582121094    -85.4489262838    0.252680
10083  40332.00      -77.0576    -85.4553719035    -85.4454734971    0.269349
10084  40336.00      -75.6630    -85.4732369538    -85.4637280849    0.258750
10085  40340.00      -70.1331    -85.4748438609    -85.4657127281    0.248471
10086  40344.00       70.2661    -85.4627386961    -85.4527853348    0.270845
10087  40348.00       71.7032    -85.4758535187    -85.4646887218    0.303810
10088  40352.00       61.5364    -85.4647102484    -85.4529022277    0.321313
10089  40356.00       57.8305    -85.4464533586    -85.4350622814    0.309967
10090  40360.00       62.2958    -85.4648300915    -85.4549795151    0.268048
10091  40364.00       58.6297    -85.4661411586    -85.4568091765    0.253936
10092  40368.00       58.0725    -85.4612966935    -85.4520963589    0.250354
10093  40372.00       52.8203    -85.4523646021    -85.4430699111    0.252921
10094  40376.00      -49.9672    -85.4514934460    -85.4406699132    0.294523
10095  40380.00       51.2358    -85.4741480775    -85.4637422699    0.283156
10096  40384.00      -51.3145    -85.4750383196    -85.4649108554    0.275582
10097  40388.00       47.3102    -85.4616867920    -85.4496079524    0.328682
10098  40392.00       40.2687    -85.4641130369    -85.4523614302    0.319778
10099  40396.00       44.5277    -85.4677165159    -85.4562936230    0.310833
10100  40400.00       49.5088    -85.4782466018    -85.4671288663    0.302529
10101  40404.00      -52.2497    -85.4663774601    -85.4568649713    0.258848
10102  40408.00      -48.6967    -85.4600805438    -85.4511499557    0.243014
10103  40412.00      -46.0113    -85.4651381353    -85.4556599321    0.257915
10104  40416.00       35.7638    -85.4595424774    -85.4504105712    0.248492
10105  40420.00      -37.5375    -85.4609872596    -85.4513040435    0.263494
10106  40424.00       42.9377    -85.4693035505    -85.4578872452    0.310653
10107  40428.00       40.6701    -85.4719039498    -85.4589260825    0.353146
10108  40432.00      -36.4718    -85.4646827623    -85.4505819996    0.383701
10109  40436.00       41.8243    -85.4510745075    -85.4367707921    0.389224
10110  40440.00      -47.5999    -85.4644985325    -85.4515054643    0.353559
10111  40444.00      -57.1786    -85.4740612848    -85.4631370022    0.297265
10112  40448.00       59.1557    -85.4646208463    -85.4546102018    0.272404
10113  40452.00       56.1107    -85.4584531003    -85.4483248285    0.275604
10114  40456.00       47.9103    -85.4722637976    -85.4633048594    0.243785
10115  40460.00       45.4003    -85.4722196782    -85.4634401816    0.238902
10116  40464.00      -49.6882    -85.4549779184    -85.4446191229    0.281877
10117  40468.00       51.4230    -85.4562207767    -85.4442670388    0.325278
10118  40472.00       51.9677    -85.4733553107    -85.4603574892    0.353689
10119  40476.00      -53.8233    -85.4771055853    -85.4659662662    0.303116
10120  40480.00      -57.1752    -85.4732824477    -85.4641755389    0.247812
10121  40484.00      -62.7320    -85.4547600777    -85.4464499470    0.226130
10122  40488.00      -66.0356    -85.4536958426    -85.4458135702    0.214488
10123  40492.00       64.8968    -85.4739166555    -85.4653469514    0.233194
10124  40496.00       65.3977    -85.4718676409    -85.4630315543    0.240442
10125  40500.00       66.5883    -85.4574391162    -85.4494056573    0.218602
10126  40504.00      -64.8546    -85.4588012347    -85.4490826536    0.264456
10127  40508.00       53.0787    -85.4571407944    -85.4442090745    0.351890
10128  40512.00       46.7938    -85.4576002455    -85.4435255436    0.382992
10129  40516.00       53.5723    -85.4647059378    -85.4524690398    0.332983
10130  40520.00       67.5020    -85.4833347531    -85.4751110695    0.223778
10131  40524.00      -80.0348    -85.4770701829    -85.4706242610    0.175402
10132  40528.00       78.1818    -85.4509443297    -85.4437993394    0.194425
10133  40532.00       64.9203    -85.4590452302    -85.4499239613    0.248202
10134  40536.00       62.3839    -85.4635289552    -85.4538528662    0.263300
10135  40540.00       66.8899    -85.4676101157    -85.4590961965    0.231676
10136  40544.00      -68.8912    -85.4545674747    -85.4466089912    0.216561
10137  40548.00       65.4589    -85.4494245705    -85.4403872636    0.245918
10138  40552.00      -63.0128    -85.4794680515    -85.4683823006    0.301659
10139  40556.00       51.2509    -85.4699176353    -85.4574933724    0.338081
10140  40560.00       58.1502    -85.4705451794    -85.4601561035    0.282701
10141  40564.00       69.0756    -85.4663071184    -85.4586416082    0.208589
10142  40568.00       72.3203    -85.4586159401    -85.4502838676    0.226727
10143  40572.00      -74.1495    -85.4685969769    -85.4576687808    0.297371
10144  40576.00      -67.0567    -85.4549285316    -85.4430275982    0.323841
10145  40580.00       68.8546    -85.4587186560    -85.4481399668    0.287861
10146  40584.00      -69.1613    -85.4723522127    -85.4646869016    0.208584
10147  40588.00       65.1553    -85.4593362744    -85.4523887076    0.189053
10148  40592.00       61.4813    -85.4603906204    -85.4505604336    0.267493
10149  40596.00      -56.6470    -85.4692927892    -85.4573096692    0.326077
10150  40600.00       59.1512    -85.4671905283    -85.4548060902    0.336998
10151  40604.00      -65.1662    -85.4661649013    -85.4564854978    0.263390
10152  40608.00      -71.3510    -85.4652429175    -85.4578584588    0.200941
10153  40612.00       71.1001    -85.4655005802    -85.4574490982    0.219092
10154  40616.00       71.9504    -85.4683593536    -85.4588401233    0.259031
10155  40620.00      -70.9303    -85.4571870339    -85.4460961149    0.301799
10156  40624.00      -68.8629    -85.4615791901    -85.4488715555    0.345792
10157  40628.00       64.7146    -85.4729357957    -85.4612889720    0.316926
10158  40632.00       59.0013    -85.4753521469    -85.4642442157    0.302262
10159  40636.00      -60.9196    -85.4731368151    -85.4611651632    0.325765
10160  40640.00       66.1710    -85.4694152863    -85.4580793597    0.308466
10161  40644.00      -66.1945    -85.4571124921    -85.4459674402    0.303272
10162  40648.00       60.3553    -85.4637362688    -85.4523173603    0.310724
10163  40652.00       60.8954    -85.4769929713    -85.4654394755    0.314387
10164  40656.00      -59.0129    -85.4786301209    -85.4684375843    0.277353
10165  40660.00      -62.5638    -85.4693102024    -85.4607064641    0.234120
10166  40664.00      -67.7158    -85.4685937666    -85.4605714733    0.218298
10167  40668.00           nan               nan               nan         nan
10168  40672.00       60.1598    -85.4671114256    -85.4578487787    0.252049
10169  40676.00      -54.1759    -85.4762304464    -85.4653187609    0.296922
10170  40680.00       52.0975    -85.4798633549    -85.4682766716    0.315290
10171  40684.00           nan               nan               nan         nan
10172  40688.00      -46.7214    -85.4654582378    -85.4535307506    0.324563
10173  40692.00       44.4059    -85.4689300203    -85.4579533683    0.298690
10174  40696.00       49.0467    -85.4756313336    -85.4656166685    0.272513
10175  40700.00      -46.6393    -85.4712589318    -85.4625431585    0.237168
10176  40704.00       48.0699    -85.4690205681    -85.4596456128    0.255106
10177  40708.00           nan               nan               nan         nan
10178  40712.00      -44.4553    -85.4661461868    -85.4540934097    0.327973
10179  40716.00      -46.3973    -85.4825628289    -85.4719129823    0.289797
10180  40720.00      -48.5392    -85.4597873347    -85.4516036069    0.222691
10181  40724.00       49.2875    -85.4569537267    -85.4497343462    0.196449
10182  40728.00       48.0849    -85.4725403930    -85.4638599718    0.236206
10183  40732.00      -38.4781    -85.4745620121    -85.4639408877    0.289016
10184  40736.00       39.8757    -85.4716018014    -85.4608673615    0.292099
10185  40740.00      -39.6366    -85.4637474195    -85.4541658793    0.260727
10186  40744.00      -36.8079    -85.4683418380    -85.4598299508    0.231620
10187  40748.00      -38.9316    -85.4715105757    -85.4623654897    0.248850
10188  40752.00      -38.2879    -85.4645948996    -85.4528742529    0.318935
10189  40756.00      -29.7056    -85.4608655042    -85.4473275497    0.368387
10190  40760.00       32.4790    -85.4726526709    -85.4593980651    0.360676
10191  40764.00      -23.2690    -85.4819253722    -85.4694995974    0.338123
10192  40768.00       11.8284    -85.4706249615    -85.4575491759    0.355810
10193  40772.00       13.4214    -85.4559268513    -85.4432764605    0.344235
10194  40776.00       21.4772    -85.4599184225    -85.4484270561    0.312696
10195  40780.00      -16.9316    -85.4632855101    -85.4540750782    0.250629
10196  40784.00      -18.4168    -85.4615270909    -85.4552907052    0.169701
10197  40788.00       18.3588    -85.4610242789    -85.4555276051    0.149572
10198  40792.00      -16.2267    -85.4634839888    -85.4550281296    0.230096
10199  40796.00       21.0365    -85.4564396922    -85.4446755153    0.320120
10200  40800.00      -18.3339    -85.4568806403    -85.4442412228    0.343936
10201  40804.00      -13.8754    -85.4692024762    -85.4588912172    0.280584
10202  40808.00       18.9450    -85.4580670339    -85.4502585043    0.212481
10203  40812.00        9.1791    -85.4539331257    -85.4460444107    0.214663
10204  40816.00        7.2083    -85.4597994022    -85.4494445957    0.281769
10205  40820.00      -11.7716    -85.4631819867    -85.4500741558    0.356682
10206  40824.00        8.1458    -85.4696485480    -85.4559205687    0.373557
10207  40828.00       -8.7714    -85.4637368258    -85.4527420554    0.299183
10208  40832.00       -9.0352    -85.4573400201    -85.4492774154    0.219395
10209  40836.00       10.4971    -85.4543947332    -85.4465733773    0.212830
10210  40840.00       13.1832    -85.4584072350    -85.4490638814    0.254246
10211  40844.00      -11.3957    -85.4668247260    -85.4554070729    0.310690
10212  40848.00        9.0954    -85.4710341791    -85.4585233562    0.340437
10213  40852.00      -13.4907    -85.4719131554    -85.4609220251    0.299084
10214  40856.00      -11.4423    -85.4673866926    -85.4579655766    0.256362
10215  40860.00      -11.9996    -85.4713796276    -85.4625462296    0.240369
10216  40864.00      -10.5946    -85.4683023834    -85.4598338540    0.230440
10217  40868.00        7.9523    -85.4506303082    -85.4425024818    0.221169
10218  40872.00      -11.2721    -85.4560363867    -85.4477015494    0.226802
10219  40876.00       23.2841    -85.4631095920    -85.4528760023    0.278470
10220  40880.00      -18.9484    -85.4583155088    -85.4462705186    0.327761
10221  40884.00       18.4587    -85.4624125434    -85.4483630913    0.382305
10222  40888.00       -8.7009    -85.4723025899    -85.4579764479    0.389834
10223  40892.00       13.2245    -85.4758387890    -85.4641217989    0.318836
10224  40896.00      -17.6852    -85.4703111420    -85.4605525311    0.265545
10225  40900.00      -19.2349    -85.4634910396    -85.4540624102    0.256566
10226  40904.00      -19.8270    -85.4656480755    -85.4569812287    0.235837
10227  40908.00      -22.9538    -85.4811506688    -85.4722200412    0.243015
10228  40912.00      -27.9417    -85.4776347413    -85.4671694356    0.284775
10229  40916.00      -29.2858    -85.4549048427    -85.4441741946    0.291996
10230  40920.00      -33.3183    -85.4557408730    -85.4461689178    0.260466
10231  40924.00      -31.4045    -85.4802996591    -85.4722940499    0.217844
10232  40928.00      -34.3597    -85.4824428876    -85.4739479028    0.231160
10233  40932.00      -32.4524    -85.4682240686    -85.4582998037    0.270053
10234  40936.00       32.6951    -85.4714343481    -85.4595134828    0.324383
10235  40940.00      -31.5825    -85.4717738923    -85.4591963270    0.342253
10236  40944.00      -37.9952    -85.4664574501    -85.4566855201    0.265908
10237  40948.00       40.0667    -85.4664163886    -85.4594910677    0.188448
10238  40952.00      -42.2768    -85.4677169285    -85.4603071022    0.201632
10239  40956.00      -38.7090    -85.4744198480    -85.4649373498    0.258032
10240  40960.00       41.1003    -85.4777718000    -85.4664410584    0.308325
10241  40964.00      -45.5989    -85.4711528275    -85.4601498106    0.299407
10242  40968.00       49.6482    -85.4623730839    -85.4534269299    0.243437
10243  40972.00      -57.5562    -85.4649242809    -85.4566105022    0.226229
10244  40976.00      -55.3851    -85.4704991283    -85.4621233794    0.227916
10245  40980.00      -62.6467    -85.4625024409    -85.4540756886    0.229304
10246  40984.00       64.2211    -85.4609547357    -85.4533558940    0.206775
10247  40988.00       64.2299    -85.4681140327    -85.4608203900    0.198470
10248  40992.00      -66.4527    -85.4709796145    -85.4627692552    0.223415
10249  40996.00      -66.8030    -85.4692665640    -85.4597833053    0.258053
10250  41000.00      -70.0464    -85.4614549268    -85.4508979419    0.287270
10251  41004.00      -70.4625    -85.4593968860    -85.4481747945    0.305369
10252  41008.00       72.4578    -85.4629183731    -85.4526190299    0.280259
10253  41012.00       81.8862    -85.4575398895    -85.4480861294    0.257250
10254  41016.00      -86.2181    -85.4564603227    -85.4460684299    0.282778
10255  41020.00       85.7680    -85.4656088382    -85.4538348468    0.320387
10256  41024.00       83.2178    -85.4659909705    -85.4542384003    0.319804
10257  41028.00      -78.8734    -85.4650075850    -85.4542898367    0.291645
10258  41032.00       78.3063    -85.4655630105    -85.4568640403    0.236711
10259  41036.00      -83.9890    -85.4617398648    -85.4540861532    0.208268
10260  41040.00       86.2821    -85.4661207514    -85.4573651569    0.238252
10261  41044.00      -88.4830    -85.4603795016    -85.4489700384    0.310467
10262  41048.00       90.7817    -85.4622531291    -85.4499991888    0.333447
10263  41052.00       99.2514    -85.4785853948    -85.4679665759    0.288953
10264  41056.00     -105.1255    -85.4642501671    -85.4550513295    0.250313
10265  41060.00       99.1441    -85.4557899665    -85.4466500959    0.248709
10266  41064.00           nan               nan               nan         nan
10267  41068.00       84.7894    -85.4780346385    -85.4652287210    0.348467
10268  41072.00       83.2061    -85.4835524014    -85.4706940905    0.349892
10269  41076.00       85.1594    -85.4513061940    -85.4414124968    0.269221
10270  41080.00      -88.1495    -85.4519716830    -85.4438851684    0.220045
10271  41084.00       85.9903    -85.4657048538    -85.4567009183    0.245010
10272  41088.00       91.4815    -85.4621193584    -85.4498027240    0.335153
10273  41092.00      -92.9350    -85.4632458087    -85.4507358966    0.340412
10274  41096.00       97.8496    -85.4655258409    -85.4550171717    0.285955
10275  41100.00       95.9272    -85.4562406762    -85.4476714060    0.233182
10276  41104.00      -89.5943    -85.4475341424    -85.4395018475    0.218570
10277  41108.00       81.7866    -85.4571717223    -85.4470902152    0.274332
10278  41112.00       75.0274    -85.4679847936    -85.4556751665    0.334962
10279  41116.00       75.8137    -85.4722256765    -85.4613748761    0.295265
10280  41120.00       79.7131    -85.4704048632    -85.4617719954    0.234912
10281  41124.00      -80.9209    -85.4678789036    -85.4595889251    0.225582
10282  41128.00       78.8578    -85.4671767707    -85.4570976112    0.274268
10283  41132.00       83.0301    -85.4710572446    -85.4569581453    0.383656
10284  41136.00      -77.0975    -85.4771832383    -85.4611037839    0.437544
10285  41140.00       72.5791    -85.4662083703    -85.4523784930    0.376330
10286  41144.00      -71.4912    -85.4653387520    -85.4544197039    0.297122
10287  41148.00       71.5887    -85.4736541877    -85.4633277189    0.280998
10288  41152.00      -72.2273    -85.4666239750    -85.4543802782    0.333168
10289  41156.00       71.4153    -85.4710529313    -85.4575320500    0.367922
10290  41160.00       77.2163    -85.4693587633    -85.4567906712    0.341995
10291  41164.00       82.1393    -85.4683351138    -85.4569356300    0.310196
10292  41168.00           nan               nan               nan         nan
10293  41172.00       84.7715    -85.4670549262    -85.4558838239    0.303981
10294  41176.00       80.0990    -85.4715600205    -85.4588054832    0.347069
10295  41180.00       69.4435    -85.4866547794    -85.4731827299    0.366593
10296  41184.00       68.2185    -85.4839658517    -85.4712938748    0.344822
10297  41188.00       64.4124    -85.4707176613    -85.4592620350    0.311723
10298  41192.00      -62.0474    -85.4646343421    -85.4540587703    0.287776
10299  41196.00      -64.8095    -85.4612198903    -85.4512157471    0.272227
10300  41200.00      -62.2481    -85.4646199520    -85.4546738947    0.270646
10301  41204.00      -66.0607    -85.4637374915    -85.4530572875    0.290623
10302  41208.00      -74.8067    -85.4568834185    -85.4460953322    0.293559
10303  41212.00       81.1864    -85.4679233470    -85.4569981153    0.297291
10304  41216.00      -79.0344    -85.4753105023    -85.4641980725    0.302385
10305  41220.00       82.3995    -85.4624007917    -85.4520633607    0.281296
10306  41224.00      -80.4195    -85.4615584948    -85.4521204090    0.256823
10307  41228.00       83.7090    -85.4814061635    -85.4720708591    0.254027
10308  41232.00      -88.0214    -85.4720811565    -85.4628486103    0.251230
10309  41236.00       85.0165    -85.4462096576    -85.4374404091    0.238623
10310  41240.00       88.3174    -85.4466234307    -85.4375922904    0.245750
10311  41244.00       95.4393    -85.4624952539    -85.4526847075    0.266959
10312  41248.00      106.0298    -85.4703838045    -85.4593099151    0.301336
10313  41252.00     -112.8304    -85.4670102574    -85.4553163731    0.318207
10314  41256.00     -111.9179    -85.4594170058    -85.4485551279    0.295567
10315  41260.00      106.7185    -85.4594280557    -85.4486245322    0.293979
10316  41264.00     -109.1650    -85.4589705972    -85.4483226375    0.289746
10317  41268.00      115.1332    -85.4700596928    -85.4596809383    0.282420
10318  41272.00     -121.5223    -85.4614376307    -85.4496972595    0.319472
10319  41276.00     -123.0057    -85.4598921076    -85.4478149733    0.328636
10320  41280.00      119.8538    -85.4653826886    -85.4536369621    0.319617
10321  41284.00     -125.2217    -85.4515808356    -85.4397420954    0.322149
10322  41288.00      135.3547    -85.4600472359    -85.4488235081    0.305413
10323  41292.00      144.4567    -85.4695568026    -85.4582223288    0.308427
10324  41296.00      138.0500    -85.4627282094    -85.4513405345    0.309874
10325  41300.00     -123.2577    -85.4663889361    -85.4557488353    0.289532
10326  41304.00      119.7315    -85.4671128070    -85.4565581908    0.287206
10327  41308.00      116.9874    -85.4650161593    -85.4545747106    0.284126
10328  41312.00     -121.2010    -85.4635580546    -85.4529237445    0.289374
10329  41316.00      125.1456    -85.4582689830    -85.4477186257    0.287090
10330  41320.00     -119.6813    -85.4606228958    -85.4502713249    0.281681
10331  41324.00     -122.4812    -85.4718405164    -85.4606128880    0.305519
10332  41328.00     -119.8700    -85.4662862153    -85.4553967266    0.296318
10333  41332.00     -117.8300    -85.4575449651    -85.4468914288    0.289897
10334  41336.00     -116.3775    -85.4703997276    -85.4588798237    0.313473
10335  41340.00     -106.0099    -85.4601587909    -85.4496100913    0.287045
10336  41344.00     -102.8318    -85.4486592745    -85.4396466175    0.245247
10337  41348.00      103.7660    -85.4545556077    -85.4461276928    0.229335
10338  41352.00       98.1252    -85.4514877887    -85.4433654363    0.221020
10339  41356.00      -95.8229    -85.4613735276    -85.4523638051    0.245167
10340  41360.00      -89.8565    -85.4830510013    -85.4725141465    0.286722
10341  41364.00      -90.2687    -85.4698683141    -85.4590096811    0.295478
10342  41368.00       98.2706    -85.4431016961    -85.4331082234    0.271936
10343  41372.00      -92.6447    -85.4644193675    -85.4557264777    0.236546
10344  41376.00      -84.4488    -85.4554785071    -85.4471034796    0.227896
10345  41380.00       82.8022    -85.4425233157    -85.4329317297    0.261000
10346  41384.00           nan               nan               nan         nan
10347  41388.00      -82.4236    -85.4564652099    -85.4460727287    0.282794
10348  41392.00       81.7343    -85.4714938793    -85.4616910862    0.266748
10349  41396.00      -68.1354    -85.4645349843    -85.4549099262    0.261911
10350  41400.00       69.0224    -85.4727457692    -85.4604426630    0.334785
10351  41404.00       60.3948    -85.4749050198    -85.4621369167    0.347438
10352  41408.00       60.8323    -85.4645984882    -85.4537156996    0.296136
10353  41412.00       62.3582    -85.4734054649    -85.4656003916    0.212387
10354  41416.00      -52.3975    -85.4580187285    -85.4523855260    0.153287
10355  41420.00      -45.4731    -85.4619571916    -85.4558234767    0.166907
10356  41424.00       39.7374    -85.4568357803    -85.4483906972    0.229802
10357  41428.00       34.2328    -85.4476760909    -85.4367796233    0.296508
10358  41432.00      -39.9876    -85.4671799155    -85.4571078445    0.274075
10359  41436.00       43.3315    -85.4679523276    -85.4606849390    0.197756
10360  41440.00       39.7284    -85.4634265658    -85.4568732307    0.178325
10361  41444.00       43.8000    -85.4592668058    -85.4505478448    0.237255
10362  41448.00       41.3030    -85.4535458233    -85.4425166782    0.300118
10363  41452.00       40.8173    -85.4660651275    -85.4551825816    0.296129
10364  41456.00      -37.5957    -85.4686336292    -85.4588991485    0.264889
10365  41460.00      -31.3272    -85.4629251618    -85.4552650830    0.208441
10366  41464.00      -31.0644    -85.4565071545    -85.4494580317    0.191816
10367  41468.00       30.7451    -85.4618613346    -85.4522230739    0.262270
10368  41472.00       21.4227    -85.4552121535    -85.4447372952    0.285035
10369  41476.00       27.9648    -85.4683837169    -85.4578878298    0.285608
10370  41480.00      -28.7942    -85.4754452316    -85.4662095258    0.251316
10371  41484.00       28.4640    -85.4653016474    -85.4573603404    0.216094
10372  41488.00       33.3877    -85.4584509284    -85.4510201271    0.202202
10373  41492.00      -32.0436    -85.4640548994    -85.4563712988    0.209081
10374  41496.00       30.3203    -85.4725820877    -85.4647476531    0.213186
10375  41500.00      -28.4645    -85.4639652891    -85.4559999926    0.216747
10376  41504.00      -29.5295    -85.4704646096    -85.4617835188    0.236225
10377  41508.00       31.1529    -85.4633710751    -85.4549609490    0.228851
10378  41512.00      -37.5479    -85.4500156314    -85.4430811820    0.188696
10379  41516.00       40.3859    -85.4673351021    -85.4601980310    0.194210
10380  41520.00       36.2134    -85.4715027140    -85.4626263017    0.241539
10381  41524.00      -40.9887    -85.4664890006    -85.4559024208    0.288076
10382  41528.00      -44.2503    -85.4670620988    -85.4569356467    0.275555
10383  41532.00       48.0573    -85.4629134983    -85.4547899724    0.221052
10384  41536.00      -48.2631    -85.4648393720    -85.4586718984    0.167826
10385  41540.00      -42.2127    -85.4624415421    -85.4575206611    0.133904
10386  41544.00       46.4990    -85.4649629088    -85.4582738931    0.182017
10387  41548.00      -50.9816    -85.4534195687    -85.4456359683    0.211803
10388  41552.00       50.1388    -85.4662058200    -85.4603133720    0.160342
10389  41556.00       53.7842    -85.4704378648    -85.4654750835    0.135044
10390  41560.00      -52.7914    -85.4589459039    -85.4532527123    0.154920
10391  41564.00      -46.3020    -85.4592124194    -85.4503958615    0.239911
10392  41568.00       43.0358    -85.4542432439    -85.4428375496    0.310365
10393  41572.00      -37.1082    -85.4636397576    -85.4531451382    0.285573
10394  41576.00      -35.6706    -85.4671729816    -85.4599767924    0.195818
10395  41580.00      -46.1121    -85.4624696601    -85.4569465778    0.150291
10396  41584.00      -42.4599    -85.4694680891    -85.4630569347    0.174456
10397  41588.00       46.3764    -85.4740226693    -85.4648297209    0.250153
10398  41592.00      -45.7953    -85.4698334881    -85.4600403101    0.266486
10399  41596.00      -46.2703    -85.4659918002    -85.4579923828    0.217675
10400  41600.00      -52.4280    -85.4641679530    -85.4558809870    0.225500
10401  41604.00       52.0602    -85.4599177547    -85.4499170412    0.272133
10402  41608.00       42.8693    -85.4648817308    -85.4531366204    0.319601
10403  41612.00       33.3426    -85.4763904391    -85.4639438337    0.338689
10404  41616.00       28.6481    -85.4707885216    -85.4604198249    0.282147
10405  41620.00       32.7831    -85.4718339101    -85.4637828079    0.219082
10406  41624.00       33.2586    -85.4666264209    -85.4595760614    0.191850
10407  41628.00      -35.5104    -85.4741412920    -85.4655193072    0.234616
10408  41632.00       35.6370    -85.4786057056    -85.4680027169    0.288522
10409  41636.00      -30.6062    -85.4660622545    -85.4548614442    0.304790
10410  41640.00       34.6329    -85.4638144717    -85.4511571292    0.344424
10411  41644.00      -34.2278    -85.4645213853    -85.4509454615    0.369420
10412  41648.00      -34.5209    -85.4717904689    -85.4582247472    0.369142
10413  41652.00       30.4866    -85.4773567866    -85.4640902248    0.361002
10414  41656.00       31.8787    -85.4726976014    -85.4624726550    0.278235
10415  41660.00       33.3906    -85.4648562708    -85.4566342824    0.223732
10416  41664.00      -33.9207    -85.4718818685    -85.4628012995    0.247095
10417  41668.00      -36.1990    -85.4774836621    -85.4687006523    0.238998
10418  41672.00       41.4161    -85.4764140664    -85.4662696107    0.276045
10419  41676.00      -41.2261    -85.4683519747    -85.4571323350    0.305302
10420  41680.00       36.8047    -85.4594762675    -85.4491578661    0.280778
10421  41684.00      -35.2830    -85.4622540858    -85.4505849721    0.317533
10422  41688.00       26.6434    -85.4787293994    -85.4661332860    0.342758
10423  41692.00      -26.2965    -85.4844048861    -85.4731475859    0.306327
10424  41696.00       23.8983    -85.4604620380    -85.4504168216    0.273344
10425  41700.00       -1.1743    -85.4532995671    -85.4441678486    0.248487
10426  41704.00        1.2367    -85.4667524081    -85.4574180680    0.254000
10427  41708.00       -3.7595    -85.4668648204    -85.4571848064    0.263407
10428  41712.00      -13.8585    -85.4686980576    -85.4595348590    0.249343
10429  41716.00      -20.1959    -85.4810348179    -85.4725231501    0.231614
10430  41720.00      -15.5660    -85.4655758785    -85.4557219310    0.268140
10431  41724.00       17.8581    -85.4626099455    -85.4497191155    0.350777
10432  41728.00      -17.5675    -85.4721353282    -85.4592168206    0.351530
10433  41732.00       24.3548    -85.4721471189    -85.4629220010    0.251028
10434  41736.00       22.9084    -85.4693525862    -85.4640258997    0.144947
10435  41740.00       21.6377    -85.4533610198    -85.4489600130    0.119757
10436  41744.00       -4.4701    -85.4517574421    -85.4447097635    0.191777
10437  41748.00      -19.7061    -85.4697047074    -85.4597378386    0.271212
10438  41752.00       25.8906    -85.4813450501    -85.4720829621    0.252034
10439  41756.00      -17.5519    -85.4725048524    -85.4660108344    0.176711
10440  41760.00      -30.9742    -85.4631704202    -85.4573954413    0.157145
10441  41764.00      -26.9760    -85.4665763795    -85.4590737995    0.204156
10442  41768.00      -29.5311    -85.4702780323    -85.4579587042    0.335226
10443  41772.00       28.0607    -85.4727792162    -85.4591449208    0.371008
10444  41776.00       26.7587    -85.4737710128    -85.4646313423    0.248703
10445  41780.00       28.7686    -85.4591057759    -85.4533062275    0.157814
10446  41784.00       31.7558    -85.4644442822    -85.4590405841    0.147042
10447  41788.00      -32.0566    -85.4698651665    -85.4623065105    0.205682
10448  41792.00       36.6176    -85.4686773182    -85.4572756136    0.310256
10449  41796.00      -42.3766    -85.4791524779    -85.4693660523    0.266302
10450  41800.00       48.0416    -85.4769964867    -85.4703119214    0.181896
10451  41804.00       54.8040    -85.4565369156    -85.4497917915    0.183544
10452  41808.00      -55.2717    -85.4689016234    -85.4612779510    0.207451
10453  41812.00       58.6439    -85.4855920817    -85.4761904742    0.255831
10454  41816.00       59.7042    -85.4683974356    -85.4590254072    0.255026
10455  41820.00      -62.2678    -85.4548030136    -85.4477215734    0.192696
10456  41824.00      -66.2598    -85.4559271981    -85.4494144680    0.177220
10457  41828.00       68.2047    -85.4659224041    -85.4578563214    0.219489
10458  41832.00       68.0017    -85.4756985821    -85.4643738522    0.308162
10459  41836.00       70.9511    -85.4694855297    -85.4559305382    0.368850
10460  41840.00      -75.8460    -85.4580573590    -85.4460006607    0.328079
10461  41844.00       85.0272    -85.4631817114    -85.4528284072    0.281728
10462  41848.00       93.0194    -85.4717491295    -85.4614872558    0.279240
10463  41852.00       93.8754    -85.4590988934    -85.4486061179    0.285523
10464  41856.00       85.5615    -85.4625956781    -85.4519191266    0.290524
10465  41860.00      -80.6135    -85.4676168680    -85.4571458653    0.284930
10466  41864.00       75.3308    -85.4635383052    -85.4533091557    0.278349
10467  41868.00      -77.6691    -85.4692085674    -85.4586561373    0.287146
10468  41872.00      -78.0949    -85.4721355419    -85.4617730334    0.281978
10469  41876.00      -76.8018    -85.4670580038    -85.4561436758    0.296994
10470  41880.00       76.8524    -85.4666073125    -85.4556576766    0.297955
10471  41884.00       77.1823    -85.4714550418    -85.4600527159    0.310273
10472  41888.00      -77.3358    -85.4632143559    -85.4507186516    0.340025
10473  41892.00      -79.6648    -85.4701160154    -85.4583389982    0.320469
10474  41896.00       77.7000    -85.4789649450    -85.4679490221    0.299759
10475  41900.00      -79.4294    -85.4660009934    -85.4557767090    0.278217
10476  41904.00      -84.0487    -85.4714083360    -85.4623607461    0.246197
10477  41908.00       84.5487    -85.4765007613    -85.4662223031    0.279691
10478  41912.00       81.1901    -85.4729669177    -85.4602998932    0.344687
10479  41916.00       75.3796    -85.4675907324    -85.4542649342    0.362613
10480  41920.00       74.9278    -85.4600998146    -85.4470967741    0.353831
10481  41924.00      -77.6900    -85.4691020341    -85.4576333120    0.312080
10482  41928.00      -82.8252    -85.4696009445    -85.4598541770    0.265223
10483  41932.00      -79.7531    -85.4682675112    -85.4592819588    0.244509
10484  41936.00       77.0384    -85.4460857079    -85.4367078683    0.255184
10485  41940.00      -76.2048    -85.4541973178    -85.4443988777    0.266629
10486  41944.00       79.4447    -85.4848412181    -85.4734910613    0.308853
10487  41948.00       73.9885    -85.4757798238    -85.4620057010    0.374813
10488  41952.00      -72.1094    -85.4631917897    -85.4480990038    0.410696
10489  41956.00      -67.7906    -85.4543409997    -85.4407093456    0.370936
10490  41960.00       69.5888    -85.4580639863    -85.4474287111    0.289401
10491  41964.00      -78.4963    -85.4634777072    -85.4552591059    0.223640
10492  41968.00      -80.0932    -85.4547029108    -85.4464014951    0.225893
10493  41972.00       77.3463    -85.4634114535    -85.4529945628    0.283458
10494  41976.00       69.6214    -85.4665346404    -85.4542187259    0.335133
10495  41980.00      -65.7029    -85.4681740027    -85.4552387897    0.351985
10496  41984.00       62.2873    -85.4621092827    -85.4508358895    0.306765
10497  41988.00      -71.6428    -85.4680335813    -85.4584413191    0.261019
10498  41992.00       72.7010    -85.4807047943    -85.4714179535    0.252708
10499  41996.00      -68.8658    -85.4603568649    -85.4495294987    0.294628
10500  42000.00      -64.8344    -85.4484807672    -85.4368263948    0.317132
10501  42004.00      -60.2911    -85.4584348095    -85.4479739011    0.284656
10502  42008.00       62.2639    -85.4711987890    -85.4622773256    0.242765
10503  42012.00      -65.7022    -85.4689521955    -85.4595894212    0.254774
10504  42016.00       62.6911    -85.4673829384    -85.4554602361    0.324433
10505  42020.00       61.2235    -85.4661335067    -85.4531139722    0.354280
10506  42024.00      -57.3736    -85.4607429674    -85.4488937454    0.322434
10507  42028.00      -52.4706    -85.4744172339    -85.4640603176    0.281826
10508  42032.00       52.5193    -85.4695153292    -85.4601646667    0.254444
10509  42036.00      -54.9525    -85.4727122185    -85.4620496785    0.290142
10510  42040.00       53.9004    -85.4763142575    -85.4637771798    0.341151
10511  42044.00       49.0143    -85.4517157191    -85.4405415376    0.304065
10512  42048.00      -52.9317    -85.4663235685    -85.4589663272    0.200201
10513  42052.00       48.7336    -85.4728810898    -85.4672665844    0.152778
10514  42056.00       47.5526    -85.4685510271    -85.4610645317    0.203718
10515  42060.00       47.9590    -85.4731883585    -85.4625586133    0.289250
10516  42064.00      -45.1998    -85.4550963069    -85.4431616219    0.324759
10517  42068.00      -54.9409    -85.4610497006    -85.4496212251    0.310985
10518  42072.00       54.3471    -85.4682283851    -85.4591966387    0.245766
10519  42076.00       54.1886    -85.4636146585    -85.4562562698    0.200232
10520  42080.00      -51.3989    -85.4689071846    -85.4602741323    0.234917
10521  42084.00       46.9239    -85.4671301010    -85.4570468811    0.274378
10522  42088.00      -43.8839    -85.4694152354    -85.4588682208    0.286999
10523  42092.00       44.8666    -85.4640021813    -85.4538146643    0.277216
10524  42096.00      -45.3729    -85.4597558505    -85.4513625061    0.228395
10525  42100.00      -49.4700    -85.4650026706    -85.4576458703    0.200189
10526  42104.00       45.3520    -85.4594532052    -85.4512922695    0.222070
10527  42108.00      -54.5414    -85.4554961379    -85.4456862481    0.266941
10528  42112.00      -53.6732    -85.4581824999    -85.4481753540    0.272308
10529  42116.00       50.5963    -85.4631487035    -85.4542508443    0.242123
10530  42120.00       54.9891    -85.4651768680    -85.4576174327    0.205703
10531  42124.00       51.2276    -85.4688065610    -85.4613252470    0.203577
10532  42128.00      -47.8982    -85.4630673679    -85.4548230792    0.224339
10533  42132.00       53.9994    -85.4567222134    -85.4471794283    0.259672
10534  42136.00       55.2916    -85.4618279268    -85.4518773877    0.270768
10535  42140.00       58.8746    -85.4519993877    -85.4428468713    0.249053
10536  42144.00       60.3484    -85.4597091541    -85.4509501170    0.238346
10537  42148.00       52.9124    -85.4648991013    -85.4560612696    0.240490
10538  42152.00      -54.1686    -85.4683583695    -85.4581513298    0.277748
10539  42156.00       55.7801    -85.4621808098    -85.4518165440    0.282026
10540  42160.00       57.1760    -85.4570555237    -85.4473783271    0.263330
10541  42164.00       54.4112    -85.4700861202    -85.4619263204    0.222039
10542  42168.00       51.9878    -85.4598103808    -85.4521351952    0.208852
10543  42172.00      -51.6484    -85.4588526460    -85.4492487787    0.261335
10544  42176.00       54.7406    -85.4718950006    -85.4607752445    0.302584
10545  42180.00      -62.6546    -85.4599725691    -85.4501774832    0.266538
10546  42184.00      -70.3744    -85.4581875724    -85.4497633952    0.229234
10547  42188.00      -69.1541    -85.4563155769    -85.4488473861    0.203220
10548  42192.00       71.8054    -85.4657823796    -85.4571781614    0.234133
10549  42196.00      -68.1656    -85.4704437487    -85.4595431262    0.296621
10550  42200.00       67.7041    -85.4633264092    -85.4499161038    0.364913
10551  42204.00       70.4020    -85.4619760066    -85.4494152746    0.341795
10552  42208.00       64.5226    -85.4587510150    -85.4482702952    0.285195
10553  42212.00       64.8224    -85.4616070398    -85.4512724022    0.281220
10554  42216.00       67.8663    -85.4704729769    -85.4600512467    0.283590
10555  42220.00      -67.1310    -85.4680882304    -85.4556638847    0.338084
10556  42224.00      -73.4613    -85.4661349237    -85.4524188518    0.373233
10557  42228.00      -70.2193    -85.4651020435    -85.4514179743    0.372362
10558  42232.00      -75.1256    -85.4597143776    -85.4466948961    0.354278
10559  42236.00       86.8489    -85.4600345921    -85.4487839468    0.306146
10560  42240.00       90.5820    -85.4536956805    -85.4443522665    0.254247
10561  42244.00      -90.0071    -85.4538101791    -85.4453255539    0.230878
10562  42248.00       82.7468    -85.4582753582    -85.4498369763    0.229620
10563  42252.00       70.2189    -85.4574788831    -85.4476483124    0.267503
10564  42256.00      -73.1200    -85.4577886307    -85.4466259735    0.303751
10565  42260.00       76.2306    -85.4687170143    -85.4569105879    0.321269
10566  42264.00       77.1728    -85.4705709482    -85.4579935648    0.342248
10567  42268.00      -73.2818    -85.4549419727    -85.4419321485    0.354015
10568  42272.00       70.9001    -85.4532346325    -85.4421366039    0.301993
10569  42276.00      -76.4626    -85.4574936038    -85.4475998559    0.269223
10570  42280.00      -85.2814    -85.4532126246    -85.4425216979    0.290915
10571  42284.00      -81.1849    -85.4697124027    -85.4583586532    0.308951
10572  42288.00      -76.8309    -85.4670127606    -85.4540748393    0.352059
10573  42292.00       65.1747    -85.4595978118    -85.4461404132    0.366194
10574  42296.00      -65.4802    -85.4638165368    -85.4519636139    0.322534
10575  42300.00       69.2105    -85.4481280654    -85.4385222714    0.261387
10576  42304.00      -63.1890    -85.4541330609    -85.4457055024    0.229326
10577  42308.00      -62.8377    -85.4735774204    -85.4636708322    0.269572
10578  42312.00      -58.0254    -85.4751080520    -85.4628763422    0.332842
10579  42316.00      -64.8693    -85.4665488172    -85.4531714773    0.364016
10580  42320.00       67.4209    -85.4606001781    -85.4491127256    0.312590
10581  42324.00      -63.6861    -85.4623019489    -85.4541057059    0.223031
10582  42328.00       57.3343    -85.4494554116    -85.4422783676    0.195297
10583  42332.00      -57.2678    -85.4654674294    -85.4569094231    0.232875
10584  42336.00      -58.8415    -85.4689775815    -85.4577373839    0.305861
10585  42340.00      -58.1012    -85.4494863862    -85.4370868667    0.337408
10586  42344.00      -57.3629    -85.4624469608    -85.4510076440    0.311280
10587  42348.00       62.9531    -85.4721960673    -85.4613664243    0.294690
10588  42352.00       68.2446    -85.4777760982    -85.4666008497    0.304094
10589  42356.00      -71.5308    -85.4715900565    -85.4606207799    0.298489
10590  42360.00       76.8346    -85.4565362421    -85.4473124465    0.250992
10591  42364.00      -77.6318    -85.4534584811    -85.4465048068    0.189219
10592  42368.00       78.8093    -85.4547234440    -85.4483980730    0.172122
10593  42372.00      -83.2391    -85.4681812465    -85.4608086176    0.200619
10594  42376.00       78.1549    -85.4525795879    -85.4439196520    0.235649
10595  42380.00      -72.8379    -85.4490942423    -85.4393382379    0.265474
10596  42384.00       68.6271    -85.4617575843    -85.4520657451    0.263728
10597  42388.00      -64.7297    -85.4565377762    -85.4483466379    0.222892
10598  42392.00       72.7321    -85.4621550808    -85.4537739964    0.228061
10599  42396.00       73.8324    -85.4651287934    -85.4546721586    0.284540
10600  42400.00       70.4693    -85.4741670526    -85.4620762116    0.329009
10601  42404.00       71.0238    -85.4684692817    -85.4555731730    0.350921
10602  42408.00       71.2200    -85.4519946258    -85.4409948363    0.299320
10603  42412.00           nan               nan               nan         nan
10604  42416.00       77.2318    -85.4772388344    -85.4696822991    0.205624
10605  42420.00      -67.1139    -85.4683642341    -85.4591428505    0.250927
10606  42424.00      -61.4254    -85.4532782944    -85.4425399274    0.292206
10607  42428.00      -60.4471    -85.4558009709    -85.4449783289    0.294499
10608  42432.00       61.3104    -85.4633485576    -85.4539057186    0.256953
10609  42436.00      -63.6072    -85.4538025195    -85.4452454546    0.232850
10610  42440.00       62.2320    -85.4658608414    -85.4564338826    0.256521
10611  42444.00      -54.1413    -85.4756112982    -85.4645327502    0.301463
10612  42448.00      -53.0025    -85.4539374337    -85.4421883029    0.319710
10613  42452.00           nan               nan               nan         nan
10614  42456.00           nan               nan               nan         nan
10615  42460.00       65.1141    -85.4687745758    -85.4598485006    0.242891
10616  42464.00       61.5382    -85.4680357364    -85.4585903568    0.257022
10617  42468.00      -57.6669    -85.4593480135    -85.4489205120    0.283747
10618  42472.00           nan               nan               nan         nan
10619  42476.00      -55.6373    -85.4755675951    -85.4657618780    0.266827
10620  42480.00      -58.8504    -85.4665858559    -85.4570780645    0.258720
10621  42484.00       63.1570    -85.4665173262    -85.4573640341    0.249074
10622  42488.00      -59.6776    -85.4788431796    -85.4705401205    0.225938
10623  42492.00      -60.9219    -85.4713246457    -85.4638490205    0.203422
10624  42496.00      -57.8334    -85.4635746278    -85.4571295609    0.175379
10625  42500.00       54.9091    -85.4561903868    -85.4502937359    0.160456
10626  42504.00       57.2291    -85.4672996534    -85.4611189128    0.168187
10627  42508.00       59.3159    -85.4645572217    -85.4572214027    0.199618
10628  42512.00      -57.7025    -85.4485964558    -85.4399085312    0.236410
10629  42516.00      -58.6987    -85.4608957204    -85.4519512851    0.243390
10630  42520.00       56.2149    -85.4640395038    -85.4557190089    0.226412
10631  42524.00       54.7951    -85.4686594578    -85.4597303759    0.242973
10632  42528.00      -60.5076    -85.4809971216    -85.4711427802    0.268150
10633  42532.00      -62.9890    -85.4695003369    -85.4593719922    0.275606
10634  42536.00      -62.9375    -85.4615739153    -85.4514397573    0.275764
10635  42540.00      -60.3762    -85.4670730788    -85.4575202679    0.259945
10636  42544.00      -64.8030    -85.4646970915    -85.4557637602    0.243088
10637  42548.00      -69.4883    -85.4599754303    -85.4516176345    0.227427
10638  42552.00      -66.1291    -85.4667399757    -85.4597783859    0.189435
10639  42556.00      -64.8043    -85.4501412272    -85.4441403702    0.163292
10640  42560.00      -66.4173    -85.4499007121    -85.4442064428    0.154949
10641  42564.00      -66.7782    -85.4676788962    -85.4617534912    0.161238
10642  42568.00      -72.0882    -85.4662398706    -85.4596220052    0.180081
10643  42572.00       65.2741    -85.4601360434    -85.4541703397    0.162335
10644  42576.00       52.6583    -85.4431839854    -85.4373825570    0.157865
10645  42580.00       49.7414    -85.4442813743    -85.4373649381    0.188206
10646  42584.00       46.3142    -85.4617931912    -85.4540689065    0.210188
10647  42588.00      -49.6657    -85.4747473421    -85.4667242135    0.218320
10648  42592.00       52.6754    -85.4680169396    -85.4601847328    0.213125
10649  42596.00       50.2850    -85.4581140618    -85.4514305774    0.181867
10650  42600.00      -54.4992    -85.4632448960    -85.4567653127    0.176318
10651  42604.00      -59.2081    -85.4511543915    -85.4444811088    0.181589
10652  42608.00      -57.1639    -85.4532123503    -85.4470400454    0.167957
10653  42612.00      -59.5414    -85.4638977816    -85.4581003541    0.157756
10654  42616.00       46.9500    -85.4576303207    -85.4521877908    0.148099
10655  42620.00       43.3861    -85.4567674963    -85.4508482567    0.161071
10656  42624.00      -43.2822    -85.4646686461    -85.4587706083    0.160494
10657  42628.00      -40.6574    -85.4735951627    -85.4675764404    0.163778
10658  42632.00      -42.0877    -85.4544048796    -85.4487201925    0.154688
10659  42636.00       35.4199    -85.4615850495    -85.4571915105    0.119554
10660  42640.00       33.0280    -85.4554424499    -85.4505917586    0.131994
10661  42644.00      -33.9716    -85.4424238512    -85.4357543674    0.181486
10662  42648.00      -27.4526    -85.4679266757    -85.4601989280    0.210283
10663  42652.00      -30.8980    -85.4627204165    -85.4535420131    0.249757
10664  42656.00       21.0615    -85.4643990965    -85.4561042184    0.225715
10665  42660.00      -14.3728    -85.4747255431    -85.4681762357    0.178216
10666  42664.00       28.4079    -85.4597558527    -85.4532067591    0.178210
10667  42668.00      -33.0643    -85.4606510368    -85.4536619351    0.190183
10668  42672.00       34.6912    -85.4641810730    -85.4568504615    0.199476
10669  42676.00      -40.1405    -85.4712392280    -85.4635103865    0.210312
10670  42680.00      -45.0341    -85.4638720547    -85.4558241130    0.218996
10671  42684.00      -44.1045    -85.4539467462    -85.4462909246    0.208326
10672  42688.00      -51.1477    -85.4626024072    -85.4559751778    0.180336
10673  42692.00      -50.7728    -85.4536705859    -85.4483558371    0.144622
10674  42696.00       48.7547    -85.4551933356    -85.4501769017    0.136504
10675  42700.00       46.2409    -85.4525435594    -85.4460334107    0.177150
10676  42704.00      -42.0497    -85.4578094518    -85.4486873496    0.248225
10677  42708.00       44.5308    -85.4751329260    -85.4631913818    0.324946
10678  42712.00       45.0791    -85.4657180511    -85.4532012857    0.340599
10679  42716.00       39.4153    -85.4659458398    -85.4545530913    0.310012
10680  42720.00      -41.4465    -85.4661680316    -85.4544790800    0.318073
10681  42724.00       46.0146    -85.4672736017    -85.4561612133    0.302383
10682  42728.00      -48.9781    -85.4709239545    -85.4607454074    0.276972
10683  42732.00       59.2502    -85.4747618866    -85.4661002396    0.235695
10684  42736.00      -61.1602    -85.4643690673    -85.4562330793    0.221392
10685  42740.00      -64.8996    -85.4513688283    -85.4413018169    0.273937
10686  42744.00      -61.9479    -85.4663807154    -85.4547463434    0.316587
10687  42748.00       62.7070    -85.4760008692    -85.4649930281    0.299539
10688  42752.00       73.7986    -85.4739353321    -85.4652857735    0.235366
10689  42756.00      -70.3202    -85.4688868160    -85.4623197845    0.178698
10690  42760.00       63.7071    -85.4561593229    -85.4488275959    0.199506
10691  42764.00      -70.4573    -85.4632466012    -85.4530989527    0.276132
10692  42768.00       68.4263    -85.4766349088    -85.4659021710    0.292053
10693  42772.00      -72.6304    -85.4762489718    -85.4664245165    0.267337
10694  42776.00      -72.6624    -85.4602640033    -85.4515040743    0.238370
10695  42780.00      -67.9477    -85.4633269888    -85.4534517821    0.268718
10696  42784.00      -69.3417    -85.4680530394    -85.4548197633    0.360096
10697  42788.00      -66.4853    -85.4559026785    -85.4411372753    0.401787
10698  42792.00      -68.7800    -85.4610355202    -85.4481115922    0.351678
10699  42796.00       70.3689    -85.4679078241    -85.4575979456    0.280546
10700  42800.00      -64.9373    -85.4639120088    -85.4545452592    0.254882
10701  42804.00      -59.2069    -85.4630607094    -85.4530772237    0.271664
10702  42808.00      -64.2585    -85.4668588259    -85.4563900818    0.284869
10703  42812.00      -58.6746    -85.4585479915    -85.4500842747    0.230309
10704  42816.00       63.4891    -85.4501708633    -85.4433981139    0.184296
10705  42820.00       71.3438    -85.4642551548    -85.4572805942    0.189787
10706  42824.00       63.7408    -85.4634025727    -85.4548353136    0.233127
10707  42828.00      -66.2793    -85.4559039366    -85.4445831615    0.308054
10708  42832.00      -63.7447    -85.4576650094    -85.4459051698    0.320002
10709  42836.00       57.7487    -85.4553075331    -85.4453533370    0.270867
10710  42840.00       61.9788    -85.4622521689    -85.4536077872    0.235226
10711  42844.00      -57.3859    -85.4636969921    -85.4545588730    0.248661
10712  42848.00       53.6938    -85.4602999666    -85.4494984885    0.293923
10713  42852.00      -52.0228    -85.4680941532    -85.4563504909    0.319561
10714  42856.00      -48.8681    -85.4607298375    -85.4499693361    0.292808
10715  42860.00      -50.4307    -85.4767912093    -85.4677227951    0.246764
10716  42864.00      -55.5862    -85.4786301826    -85.4698347547    0.239336
10717  42868.00      -58.6139    -85.4566288686    -85.4482517450    0.227953
10718  42872.00       60.5132    -85.4629020787    -85.4556880681    0.196303
10719  42876.00       61.4088    -85.4533503227    -85.4470693104    0.170915
10720  42880.00       63.5110    -85.4520254534    -85.4455072729    0.177369
10721  42884.00       61.7883    -85.4671952708    -85.4593698284    0.212941
10722  42888.00       58.3455    -85.4736036620    -85.4649603585    0.235196
10723  42892.00      -54.1424    -85.4804016546    -85.4712566565    0.248848
10724  42896.00       52.2350    -85.4657135290    -85.4577808965    0.215858
10725  42900.00      -56.0032    -85.4653055997    -85.4590620543    0.169896
10726  42904.00       59.1827    -85.4849725134    -85.4773691302    0.206899
10727  42908.00       60.2468    -85.4659138119    -85.4565692826    0.254278
10728  42912.00      -62.0331    -85.4659692887    -85.4558253186    0.276031
10729  42916.00       64.3541    -85.4712947242    -85.4610463799    0.278872
10730  42920.00       65.1753    -85.4518589398    -85.4421270931    0.264817
10731  42924.00      -67.6866    -85.4524931243    -85.4415323173    0.298259
10732  42928.00       57.9979    -85.4855157239    -85.4729085622    0.343058
10733  42932.00      -53.5321    -85.4845226574    -85.4726659967    0.322636
10734  42936.00       53.9230    -85.4602860078    -85.4516676556    0.234517
10735  42940.00       52.6361    -85.4509351980    -85.4449411825    0.163105
10736  42944.00      -58.9793    -85.4424435464    -85.4357773279    0.181397
10737  42948.00       56.5421    -85.4705720956    -85.4607699152    0.266731
10738  42952.00      -52.1327    -85.4787473453    -85.4655292272    0.359683
10739  42956.00       52.6199    -85.4673553858    -85.4554792818    0.323165
10740  42960.00      -57.0248    -85.4594008940    -85.4509249752    0.230641
10741  42964.00       53.3147    -85.4451111112    -85.4369517856    0.222027
10742  42968.00       49.6190    -85.4752664812    -85.4634171642    0.322436
10743  42972.00      -43.2187    -85.4731811987    -85.4560038141    0.467420
10744  42976.00       37.3648    -85.4590277245    -85.4412107427    0.484825
10745  42980.00      -42.4059    -85.4757344050    -85.4618223251    0.378567
10746  42984.00      -46.7393    -85.4625653739    -85.4526052897    0.271028
10747  42988.00      -46.1033    -85.4641733571    -85.4544749670    0.263907
10748  42992.00      -48.7135    -85.4840314311    -85.4722767643    0.319861
10749  42996.00       42.9423    -85.4796864245    -85.4669071053    0.347743
10750  43000.00       47.9634    -85.4698734840    -85.4580815074    0.320876
10751  43004.00      -50.7160    -85.4598058811    -85.4494774662    0.281050
10752  43008.00       44.8371    -85.4609535579    -85.4511626361    0.266425
10753  43012.00       43.2446    -85.4674926782    -85.4551867139    0.334862
10754  43016.00      -45.2811    -85.4717489955    -85.4591992582    0.341496
10755  43020.00      -48.9126    -85.4634381968    -85.4526726240    0.292946
10756  43024.00      -51.3045    -85.4705893907    -85.4607856867    0.266772
10757  43028.00       53.1574    -85.4723871173    -85.4628003349    0.260870
10758  43032.00      -47.0889    -85.4689775988    -85.4569515673    0.327245
10759  43036.00      -48.8248    -85.4751388949    -85.4597389808    0.419053
10760  43040.00      -57.7994    -85.4659994786    -85.4505365588    0.420767
10761  43044.00      -57.3258    -85.4635742457    -85.4509922645    0.342373
10762  43048.00       61.7540    -85.4583108316    -85.4480641205    0.278827
10763  43052.00       60.6819    -85.4471652974    -85.4377693113    0.255678
10764  43056.00      -57.8491    -85.4706351825    -85.4603956649    0.278631
10765  43060.00      -61.5201    -85.4711507260    -85.4610739833    0.274202
10766  43064.00       60.2451    -85.4632234276    -85.4548630097    0.227499
10767  43068.00      -59.9316    -85.4618334898    -85.4545882192    0.197154
10768  43072.00      -59.6636    -85.4618372015    -85.4551035234    0.183233
10769  43076.00       63.1256    -85.4634998645    -85.4566969932    0.185116
10770  43080.00       65.7610    -85.4468480578    -85.4392458716    0.206866
10771  43084.00       64.0044    -85.4486552754    -85.4413255223    0.199453
10772  43088.00       60.5916    -85.4652758367    -85.4571620632    0.220787
10773  43092.00       60.4107    -85.4688617532    -85.4591931379    0.263096
10774  43096.00       58.3641    -85.4569041770    -85.4475919809    0.253398
10775  43100.00       58.1557    -85.4555020833    -85.4463386943    0.249349
10776  43104.00       56.9927    -85.4603311156    -85.4525956214    0.210494
10777  43108.00      -48.5934    -85.4617194464    -85.4550789968    0.180696
10778  43112.00      -50.2506    -85.4649948986    -85.4570930592    0.215020
10779  43116.00       53.7427    -85.4605095729    -85.4527475067    0.211217
10780  43120.00       54.3369    -85.4553418439    -85.4488764480    0.175932
10781  43124.00       55.2508    -85.4654691508    -85.4600221846    0.148220
10782  43128.00       53.9683    -85.4643240260    -85.4593886609    0.134298
10783  43132.00       53.0773    -85.4675269663    -85.4620324416    0.149514
10784  43136.00       54.1594    -85.4676700463    -85.4605472082    0.193822
10785  43140.00       53.7106    -85.4655695979    -85.4588119432    0.183885
10786  43144.00       51.6480    -85.4590928470    -85.4538024350    0.143959
10787  43148.00      -51.1553    -85.4608355406    -85.4557323521    0.138865
10788  43152.00      -52.0082    -85.4719334379    -85.4655250458    0.174381
10789  43156.00       50.3124    -85.4598752056    -85.4500533985    0.267265
10790  43160.00       46.4030    -85.4631435251    -85.4524002209    0.292340
10791  43164.00       45.3268    -85.4727989506    -85.4646938477    0.220551
10792  43168.00       44.0429    -85.4787013672    -85.4725016257    0.168704
10793  43172.00       41.0438    -85.4703168896    -85.4644555048    0.159496
10794  43176.00       42.4238    -85.4549481480    -85.4461431281    0.239597
10795  43180.00       41.7364    -85.4605433846    -85.4491279748    0.310629
10796  43184.00      -42.4080    -85.4732004865    -85.4636349750    0.260291
10797  43188.00       46.4480    -85.4588917628    -85.4525110549    0.173628
10798  43192.00      -48.9251    -85.4604722732    -85.4562751729    0.114209
10799  43196.00      -47.1684    -85.4692894506    -85.4645625168    0.128626
10800  43200.00       42.6312    -85.4623648940    -85.4542266178    0.221454
10801  43204.00      -36.9908    -85.4504637967    -85.4413182725    0.248862
10802  43208.00      -46.8004    -85.4566412352    -85.4468857508    0.265460
10803  43212.00      -45.4596    -85.4651654765    -85.4559621047    0.250437
10804  43216.00       40.8791    -85.4696821323    -85.4597675054    0.269791
10805  43220.00      -35.3860    -85.4633058778    -85.4509875488    0.335199
10806  43224.00      -31.6012    -85.4578747275    -85.4455013879    0.336696
10807  43228.00       37.7326    -85.4693704456    -85.4589086243    0.284681
10808  43232.00      -42.5349    -85.4687448008    -85.4599262761    0.239964
10809  43236.00       38.5920    -85.4665287910    -85.4578980742    0.234854
10810  43240.00       41.3705    -85.4673489508    -85.4574223656    0.270116
10811  43244.00      -41.6168    -85.4654461288    -85.4552146876    0.278412
10812  43248.00       41.6920    -85.4744924569    -85.4653799451    0.247964
10813  43252.00       42.5022    -85.4555002205    -85.4478101578    0.209257
10814  43256.00       44.2110    -85.4550882663    -85.4487241451    0.173177
10815  43260.00       49.3623    -85.4778013197    -85.4715136038    0.171097
10816  43264.00      -57.8677    -85.4685379315    -85.4612090943    0.199428
10817  43268.00       61.5439    -85.4630763860    -85.4561314972    0.188980
10818  43272.00       65.0342    -85.4701770339    -85.4632012224    0.189821
10819  43276.00       66.7006    -85.4701717243    -85.4610548724    0.248082
10820  43280.00       62.7234    -85.4683447512    -85.4579784729    0.282081
10821  43284.00       60.2850    -85.4542101217    -85.4429356987    0.306793
10822  43288.00      -60.5024    -85.4636488819    -85.4526585188    0.299063
10823  43292.00       62.1390    -85.4752595377    -85.4663727512    0.241822
10824  43296.00      -57.6846    -85.4689450741    -85.4607611990    0.222695
10825  43300.00      -61.7878    -85.4620090439    -85.4532860144    0.237366
10826  43304.00       60.0332    -85.4614172359    -85.4534079100    0.217945
10827  43308.00      -67.6259    -85.4621892275    -85.4547099270    0.203522
10828  43312.00           nan               nan               nan         nan
10829  43316.00      -64.9315    -85.4581803018    -85.4510303093    0.194561
10830  43320.00       70.4781    -85.4586740668    -85.4505919002    0.219927
10831  43324.00      -67.6753    -85.4637657627    -85.4573562038    0.174413
10832  43328.00       69.2672    -85.4537510139    -85.4483802183    0.146147
10833  43332.00       74.1788    -85.4657774368    -85.4602799276    0.149595
10834  43336.00       70.4645    -85.4627267928    -85.4571240011    0.152460
10835  43340.00      -76.7079    -85.4494376752    -85.4408131024    0.234687
10836  43344.00      -79.9953    -85.4606199673    -85.4505328670    0.274484
10837  43348.00       76.5575    -85.4636820472    -85.4552389825    0.229747
10838  43352.00      -80.6816    -85.4683318903    -85.4610245053    0.198844
10839  43356.00       76.1501    -85.4814348470    -85.4747420399    0.182121
10840  43360.00      -73.0228    -85.4707101663    -85.4621233415    0.233659
10841  43364.00      -72.7784    -85.4652309270    -85.4553083820    0.270006
10842  43368.00       67.2206    -85.4666459936    -85.4593014583    0.199855
10843  43372.00      -70.2300    -85.4638028518    -85.4582444405    0.151252
10844  43376.00      -71.1737    -85.4596955554    -85.4541939323    0.149707
10845  43380.00       65.2667    -85.4635006145    -85.4567695219    0.183162
10846  43384.00           nan               nan               nan         nan
10847  43388.00      -66.2574    -85.4681111587    -85.4594680316    0.235191
10848  43392.00      -66.9514    -85.4761003815    -85.4694208271    0.181760
10849  43396.00           nan               nan               nan         nan
10850  43400.00      -68.8066    -85.4723752445    -85.4652259014    0.194544
10851  43404.00       66.2719    -85.4701339137    -85.4587581331    0.309551
10852  43408.00       67.0867    -85.4574962520    -85.4449086860    0.342525
10853  43412.00       69.2369    -85.4638711491    -85.4547879353    0.247167
10854  43416.00       73.9898    -85.4598483247    -85.4530454944    0.185114
10855  43420.00       73.7438    -85.4642391099    -85.4567416227    0.204017
10856  43424.00           nan               nan               nan         nan
10857  43428.00      -57.7675    -85.4585081702    -85.4452630453    0.360418
10858  43432.00       55.7267    -85.4530885759    -85.4430501801    0.273159
10859  43436.00       56.4359    -85.4607574651    -85.4544907479    0.170526
10860  43440.00       57.2809    -85.4614065823    -85.4557852371    0.152965
10861  43444.00       47.6090    -85.4571140054    -85.4500072528    0.193385
10862  43448.00       46.4331    -85.4612021457    -85.4518491217    0.254509
10863  43452.00      -45.4220    -85.4574786495    -85.4492216029    0.224686
10864  43456.00      -47.5074    -85.4672208044    -85.4617469487    0.148951
10865  43460.00       50.2765    -85.4663468904    -85.4608548369    0.149446
10866  43464.00       47.1673    -85.4660534978    -85.4579507742    0.220486
10867  43468.00      -36.2853    -85.4729549746    -85.4616800811    0.306805
10868  43472.00       36.6432    -85.4729052402    -85.4608146276    0.329002
10869  43476.00      -43.2426    -85.4616373176    -85.4521537900    0.258060
10870  43480.00       46.2070    -85.4540166556    -85.4458396998    0.222506
10871  43484.00      -45.4409    -85.4709453448    -85.4619864690    0.243783
10872  43488.00      -34.6893    -85.4696159842    -85.4592755722    0.281377
10873  43492.00       42.8926    -85.4706675159    -85.4603865009    0.279761
10874  43496.00       45.2179    -85.4769902363    -85.4698109221    0.195359
10875  43500.00      -45.2867    -85.4658041701    -85.4603231128    0.149147
10876  43504.00       40.8108    -85.4644312700    -85.4582828147    0.167308
10877  43508.00      -30.1760    -85.4569103232    -85.4492095618    0.209548
10878  43512.00       24.2323    -85.4611367335    -85.4517533997    0.255334
10879  43516.00       20.0883    -85.4758185412    -85.4655023462    0.280718
10880  43520.00       23.9263    -85.4639210772    -85.4524864269    0.311153
10881  43524.00       35.3057    -85.4569511280    -85.4455420996    0.310455
10882  43528.00      -31.3770    -85.4755698974    -85.4659880793    0.260735
10883  43532.00      -33.1027    -85.4767789859    -85.4687740204    0.217826
10884  43536.00       36.8794    -85.4704905979    -85.4619499873    0.232402
10885  43540.00       31.6254    -85.4629401129    -85.4515273404    0.310557
10886  43544.00      -32.7452    -85.4536873429    -85.4400155733    0.372028
10887  43548.00      -40.1878    -85.4704677013    -85.4577178972    0.346940
10888  43552.00       54.8795    -85.4688817469    -85.4593441847    0.259530
10889  43556.00       56.9744    -85.4627936103    -85.4553927339    0.201388
10890  43560.00      -59.6976    -85.4715355382    -85.4632565586    0.225283
10891  43564.00      -54.4506    -85.4546306630    -85.4440730946    0.287286
10892  43568.00      -54.3044    -85.4624972295    -85.4510611811    0.311191
10893  43572.00       52.6434    -85.4688936058    -85.4605764173    0.226322
10894  43576.00       53.8418    -85.4604086011    -85.4546186380    0.157553
10895  43580.00      -59.9552    -85.4647728969    -85.4583136899    0.175764
10896  43584.00       62.4965    -85.4673572173    -85.4572793614    0.274232
10897  43588.00      -62.5660    -85.4689715507    -85.4544563580    0.394979
10898  43592.00      -60.6887    -85.4699174902    -85.4553285894    0.396984
10899  43596.00      -64.0367    -85.4677357393    -85.4568683082    0.295718
10900  43600.00      -63.9303    -85.4709109145    -85.4617343881    0.249706
10901  43604.00      -63.4861    -85.4758697063    -85.4659041045    0.271178
10902  43608.00      -62.7422    -85.4657594798    -85.4541927772    0.314746
10903  43612.00      -65.9609    -85.4667394649    -85.4553849410    0.308972
10904  43616.00      -66.1194    -85.4759827193    -85.4680628375    0.215511
10905  43620.00      -68.6462    -85.4639892449    -85.4577996032    0.168429
10906  43624.00      -67.4989    -85.4691417308    -85.4616872682    0.202846
10907  43628.00       62.7309    -85.4655189277    -85.4554747732    0.273315
10908  43632.00      -64.5523    -85.4648264968    -85.4534164783    0.310482
10909  43636.00       69.7174    -85.4689259755    -85.4594719509    0.257257
10910  43640.00      -70.5213    -85.4581450264    -85.4513992364    0.183562
10911  43644.00       69.7857    -85.4599974896    -85.4532730000    0.182983
10912  43648.00      -62.2037    -85.4658682748    -85.4563275391    0.259617
10913  43652.00      -51.8209    -85.4714351333    -85.4586003122    0.349253
10914  43656.00      -53.0282    -85.4750067051    -85.4609467048    0.382592
10915  43660.00       46.9531    -85.4694182381    -85.4562772084    0.357586
10916  43664.00      -47.3139    -85.4764454670    -85.4641410062    0.334821
10917  43668.00      -52.2584    -85.4766747061    -85.4631363510    0.368397
10918  43672.00       52.3318    -85.4701008717    -85.4546544024    0.420320
10919  43676.00       52.9676    -85.4675460787    -85.4515466019    0.435368
10920  43680.00       53.1732    -85.4745994963    -85.4590864465    0.422132
10921  43684.00      -52.6888    -85.4712445827    -85.4557379350    0.421957
10922  43688.00       57.3833    -85.4530773853    -85.4380576456    0.408708
10923  43692.00      -59.9597    -85.4731591646    -85.4602855105    0.350310
10924  43696.00      -61.7291    -85.4806816173    -85.4700885489    0.288252
10925  43700.00       71.0024    -85.4645177148    -85.4535337615    0.298889
10926  43704.00       68.2465    -85.4580757878    -85.4443503977    0.373487
10927  43708.00       72.1764    -85.4690665161    -85.4527731410    0.443365
10928  43712.00       74.2513    -85.4879810967    -85.4726105843    0.418253
10929  43716.00       67.6623    -85.4701818662    -85.4568163063    0.363695
10930  43720.00       66.5234    -85.4441716883    -85.4314759219    0.345469
10931  43724.00       64.6986    -85.4713106484    -85.4571269280    0.385959
10932  43728.00      -66.3719    -85.4863287726    -85.4689659945    0.472465
10933  43732.00       70.3386    -85.4765142458    -85.4595817544    0.460757
10934  43736.00       66.7967    -85.4745744352    -85.4616374059    0.352034
10935  43740.00       72.7045    -85.4801246284    -85.4692181710    0.296780
10936  43744.00      -79.3813    -85.4710096379    -85.4594359263    0.314937
10937  43748.00      -77.9799    -85.4532037712    -85.4406184622    0.342464
10938  43752.00       81.7156    -85.4606543642    -85.4484379766    0.332425
10939  43756.00       79.1070    -85.4819919903    -85.4719440190    0.273419
10940  43760.00      -81.3248    -85.4707693200    -85.4620947799    0.236046
10941  43764.00      -90.8556    -85.4581545166    -85.4484609941    0.263774
10942  43768.00      -84.6306    -85.4698019379    -85.4582298975    0.314891
10943  43772.00       87.6265    -85.4723731316    -85.4603035954    0.328429
10944  43776.00      -94.0039    -85.4610848615    -85.4511948095    0.269122
10945  43780.00      -90.5865    -85.4629668217    -85.4547668702    0.223132
10946  43784.00       94.3899    -85.4823718923    -85.4730909223    0.252548
10947  43788.00      -83.1333    -85.4802972829    -85.4692592546    0.300360
10948  43792.00       70.8468    -85.4665208830    -85.4542570434    0.333716
10949  43796.00      -70.8142    -85.4649355380    -85.4545467690    0.282693
10950  43800.00      -69.2091    -85.4736639575    -85.4669126803    0.183712
10951  43804.00      -69.0479    -85.4704295241    -85.4635453566    0.187328
10952  43808.00       65.0786    -85.4698622822    -85.4608602247    0.244958
10953  43812.00       58.3146    -85.4606997271    -85.4511120825    0.260893
10954  43816.00      -60.2124    -85.4625961869    -85.4551694541    0.202092
10955  43820.00      -67.4347    -85.4623805576    -85.4572468265    0.139696
10956  43824.00       76.4094    -85.4717141046    -85.4660977368    0.152829
10957  43828.00       63.6145    -85.4730331324    -85.4676040795    0.147732
10958  43832.00      -58.0830    -85.4612790160    -85.4533156405    0.216694
10959  43836.00      -60.0641    -85.4710593956    -85.4618012407    0.251927
10960  43840.00      -64.4652    -85.4657793770    -85.4580538121    0.210223
10961  43844.00           nan               nan               nan         nan
10962  43848.00       67.7936    -85.4653288876    -85.4580460714    0.198176
10963  43852.00       63.5156    -85.4621565752    -85.4532150928    0.243310
10964  43856.00       63.5087    -85.4654431133    -85.4567775866    0.235801
10965  43860.00      -62.8693    -85.4665581055    -85.4606102794    0.161849
10966  43864.00      -56.0166    -85.4704752783    -85.4659601016    0.122864
10967  43868.00       55.2848    -85.4694256197    -85.4635655047    0.159462
10968  43872.00       42.2901    -85.4626252687    -85.4544965896    0.221193
10969  43876.00       43.2887    -85.4558784433    -85.4462904472    0.260903
10970  43880.00       47.4723    -85.4536586953    -85.4461160365    0.205246
10971  43884.00      -46.4533    -85.4557193698    -85.4508016510    0.133818
10972  43888.00      -46.8089    -85.4664326358    -85.4614408052    0.135835
10973  43892.00      -47.2943    -85.4746831143    -85.4683255357    0.172999
10974  43896.00       50.2579    -85.4684343518    -85.4607511245    0.209071
10975  43900.00      -50.2017    -85.4775702186    -85.4678764926    0.263780
10976  43904.00       50.4243    -85.4786442234    -85.4691751292    0.257667
10977  43908.00       51.6399    -85.4660983912    -85.4574019467    0.236642
10978  43912.00      -52.4202    -85.4727341862    -85.4651106068    0.207448
10979  43916.00       60.3691    -85.4794934345    -85.4731384677    0.172927
10980  43920.00       60.5088    -85.4725396360    -85.4655102634    0.191279
10981  43924.00       66.2200    -85.4738464932    -85.4629610180    0.296209
10982  43928.00       68.2053    -85.4716473315    -85.4576382782    0.381206
10983  43932.00       64.9501    -85.4690114480    -85.4550402705    0.380175
10984  43936.00       69.4245    -85.4702126000    -85.4597452882    0.284830
10985  43940.00      -73.9476    -85.4606836520    -85.4541860508    0.176809
10986  43944.00      -73.5645    -85.4725276256    -85.4668244615    0.155191
10987  43948.00       74.0288    -85.4718027547    -85.4641641627    0.207857
10988  43952.00       69.5117    -85.4616802580    -85.4509504632    0.291973
10989  43956.00       68.1268    -85.4655749370    -85.4534055777    0.331145
10990  43960.00      -72.4561    -85.4758694763    -85.4642325180    0.316658
10991  43964.00      -77.4009    -85.4722455379    -85.4614766437    0.293037
10992  43968.00       83.2743    -85.4819078458    -85.4693999953    0.340356
10993  43972.00      -88.8418    -85.4791821885    -85.4645218733    0.398927
10994  43976.00      -90.2249    -85.4689437948    -85.4552148497    0.373584
10995  43980.00       89.3663    -85.4797467837    -85.4684773838    0.306656
10996  43984.00       89.4724    -85.4708060442    -85.4612203658    0.260840
10997  43988.00       94.0796    -85.4624581498    -85.4520778177    0.282463
10998  43992.00      -95.8273    -85.4727989105    -85.4599418287    0.349859
10999  43996.00       92.3188    -85.4603348885    -85.4471780941    0.358015
11000  44000.00       94.0351    -85.4623354989    -85.4515279550    0.294088
11001  44004.00      -90.5744    -85.4641872974    -85.4555140319    0.236012
11002  44008.00       86.9185    -85.4591591846    -85.4503899427    0.238623
11003  44012.00      -84.4234    -85.4669572451    -85.4548932585    0.328278
11004  44016.00       84.8138    -85.4701817708    -85.4552375958    0.406652
11005  44020.00       78.4907    -85.4725387931    -85.4588954360    0.371255
11006  44024.00      -72.5861    -85.4791551763    -85.4678552925    0.307486
11007  44028.00       72.3738    -85.4718826623    -85.4615259569    0.281820
11008  44032.00       69.7359    -85.4687305032    -85.4577556595    0.298641
11009  44036.00       70.8608    -85.4739848589    -85.4606402183    0.363126
11010  44040.00       72.9337    -85.4683326288    -85.4543607878    0.380193
11011  44044.00      -75.3768    -85.4725080560    -85.4606659805    0.322239
11012  44048.00      -76.9526    -85.4717457110    -85.4613059403    0.284081
11013  44052.00      -76.9972    -85.4630261626    -85.4523581535    0.290291
11014  44056.00       76.8696    -85.4651188192    -85.4533123526    0.321270
11015  44060.00      -75.1971    -85.4699134510    -85.4579560272    0.325378
11016  44064.00      -78.1069    -85.4708085133    -85.4613584197    0.257150
11017  44068.00       83.2501    -85.4569308441    -85.4491377517    0.212061
11018  44072.00       82.3937    -85.4545990650    -85.4466841054    0.215377
11019  44076.00       79.5272    -85.4730677250    -85.4630346228    0.273015
11020  44080.00       73.0866    -85.4673002329    -85.4542391905    0.355409
11021  44084.00       68.6549    -85.4691319693    -85.4557741399    0.363485
11022  44088.00       68.9708    -85.4779952553    -85.4673121361    0.290702
11023  44092.00       68.1632    -85.4749535335    -85.4658742273    0.247061
11024  44096.00       69.5564    -85.4705296990    -85.4617059351    0.240107
11025  44100.00       69.0870    -85.4708571867    -85.4606871530    0.276741
11026  44104.00       69.5782    -85.4722059979    -85.4600449495    0.330919
11027  44108.00      -72.9329    -85.4623590559    -85.4508771216    0.312439
11028  44112.00       76.1945    -85.4668032417    -85.4571018861    0.263987
11029  44116.00      -80.1496    -85.4700789539    -85.4607416285    0.254082
11030  44120.00       81.7451    -85.4727903367    -85.4627728798    0.272589
11031  44124.00       78.4262    -85.4780611385    -85.4664315730    0.316457
11032  44128.00      -76.4528    -85.4560850623    -85.4443796986    0.318519
11033  44132.00       77.2058    -85.4491704473    -85.4393615211    0.266914
11034  44136.00      -79.4983    -85.4668031864    -85.4588598207    0.216150
11035  44140.00       83.1878    -85.4578983960    -85.4505435342    0.200136
11036  44144.00      -83.9362    -85.4561191498    -85.4476054154    0.231671
11037  44148.00      -79.8834    -85.4706207682    -85.4604977718    0.275461
11038  44152.00       84.4811    -85.4750400763    -85.4644857231    0.287199
11039  44156.00       84.1850    -85.4801859693    -85.4700440032    0.275977
11040  44160.00       81.4844    -85.4800419966    -85.4700315167    0.272399
11041  44164.00       78.4946    -85.4651325657    -85.4552606025    0.268630
11042  44168.00       73.3304    -85.4748343419    -85.4645647496    0.279450
11043  44172.00       67.1093    -85.4745960911    -85.4643764884    0.278090
11044  44176.00      -63.1872    -85.4498435261    -85.4410411774    0.239524
11045  44180.00      -64.7413    -85.4614632017    -85.4540127762    0.202736
11046  44184.00       68.6790    -85.4672181268    -85.4604648862    0.183765
11047  44188.00      -66.9775    -85.4559366692    -85.4497863918    0.167358
11048  44192.00      -69.7746    -85.4616631035    -85.4552126227    0.175527
11049  44196.00       71.9614    -85.4582549395    -85.4513584579    0.187663
11050  44200.00       73.8121    -85.4639690251    -85.4557695189    0.223120
11051  44204.00      -77.0391    -85.4802385216    -85.4706742165    0.260258
11052  44208.00       78.9037    -85.4658351387    -85.4557690309    0.273913
11053  44212.00       78.7311    -85.4630392605    -85.4524066482    0.289328
11054  44216.00       80.8568    -85.4656042506    -85.4554559733    0.276149
11055  44220.00      -77.7586    -85.4628963779    -85.4540973369    0.239434
11056  44224.00      -78.2223    -85.4698076271    -85.4616645196    0.221585
11057  44228.00       71.3249    -85.4616917343    -85.4544885268    0.196009
11058  44232.00       68.2286    -85.4619141666    -85.4544879538    0.202078
11059  44236.00      -69.1480    -85.4658080712    -85.4567082630    0.247618
11060  44240.00      -66.0728    -85.4529619803    -85.4425084315    0.284456
11061  44244.00      -70.2032    -85.4575106618    -85.4461398013    0.309417
11062  44248.00      -66.7995    -85.4708692719    -85.4604613960    0.283213
11063  44252.00       63.6732    -85.4619713221    -85.4534878784    0.230846
11064  44256.00       65.0394    -85.4594737598    -85.4519111901    0.205788
11065  44260.00       64.6797    -85.4696709207    -85.4620071133    0.208543
11066  44264.00      -68.6190    -85.4581104161    -85.4488164149    0.252903
11067  44268.00      -69.3866    -85.4550992095    -85.4444944490    0.288570
11068  44272.00       67.6274    -85.4651170603    -85.4553342040    0.266205
11069  44276.00      -72.2567    -85.4644098885    -85.4549003920    0.258767
11070  44280.00      -74.5401    -85.4626960813    -85.4536180238    0.247027
11071  44284.00       74.1101    -85.4476478388    -85.4381099217    0.259540
11072  44288.00      -72.3826    -85.4590996637    -85.4482323679    0.295714
11073  44292.00       67.9785    -85.4732492244    -85.4618290130    0.310760
11074  44296.00       66.4781    -85.4597322370    -85.4485899778    0.303196
11075  44300.00       64.8743    -85.4687069834    -85.4575623616    0.303261
11076  44304.00       62.6879    -85.4671971707    -85.4572849810    0.269724
11077  44308.00       61.6521    -85.4663657107    -85.4570963772    0.252231
11078  44312.00      -59.7966    -85.4648466293    -85.4559243223    0.242788
11079  44316.00      -63.5513    -85.4640995739    -85.4558650468    0.224073
11080  44320.00      -60.0675    -85.4686213650    -85.4599026048    0.237250
11081  44324.00      -62.1498    -85.4653547873    -85.4548138000    0.286835
11082  44328.00       60.8516    -85.4596286578    -85.4476829656    0.325059
11083  44332.00      -61.2832    -85.4744888097    -85.4618139219    0.344901
11084  44336.00      -65.4174    -85.4821187540    -85.4707770401    0.308624
11085  44340.00      -66.1870    -85.4666916402    -85.4572533129    0.256830
11086  44344.00      -65.3184    -85.4632394790    -85.4537555887    0.258070
11087  44348.00      -64.4876    -85.4561149273    -85.4454702055    0.289658
11088  44352.00       60.4169    -85.4621407506    -85.4502520310    0.323509
11089  44356.00      -65.5574    -85.4746670875    -85.4626775140    0.326253
11090  44360.00       62.8683    -85.4661331581    -85.4562750427    0.268253
11091  44364.00       59.3972    -85.4645632383    -85.4567681341    0.212116
11092  44368.00       58.9123    -85.4734990117    -85.4666672731    0.185901
11093  44372.00       52.7196    -85.4653515490    -85.4585157318    0.186012
11094  44376.00      -52.9153    -85.4664540550    -85.4566689109    0.266267
11095  44380.00      -52.0158    -85.4649416028    -85.4525571449    0.336998
11096  44384.00       47.7886    -85.4644045632    -85.4517546040    0.344223
11097  44388.00       49.9278    -85.4711351294    -85.4594035303    0.319233
11098  44392.00      -51.8984    -85.4627368187    -85.4522587080    0.285124
11099  44396.00       54.1647    -85.4675958023    -85.4575253875    0.274030
11100  44400.00      -59.2775    -85.4715679094    -85.4609900256    0.287839
11101  44404.00       55.6819    -85.4610239640    -85.4506252214    0.282964
11102  44408.00      -59.2604    -85.4700361867    -85.4600790967    0.270946
11103  44412.00       61.7949    -85.4674820417    -85.4572311228    0.278942
11104  44416.00       54.2414    -85.4641682685    -85.4530817647    0.301679
11105  44420.00       58.5776    -85.4663124306    -85.4532655838    0.355023
11106  44424.00      -57.8306    -85.4572645002    -85.4437906365    0.366643
11107  44428.00      -55.9702    -85.4705366717    -85.4587048480    0.321960
11108  44432.00       57.4843    -85.4758325700    -85.4664083014    0.256447
11109  44436.00       60.0530    -85.4573310979    -85.4487890019    0.232442
11110  44440.00      -61.0675    -85.4598904922    -85.4503551366    0.259470
11111  44444.00       55.8126    -85.4697214566    -85.4574812009    0.333074
11112  44448.00       53.0652    -85.4767338705    -85.4632615112    0.366602
11113  44452.00       58.1003    -85.4720964167    -85.4607273895    0.309367
11114  44456.00       53.7556    -85.4649990296    -85.4570253476    0.216975
11115  44460.00      -53.8957    -85.4657760892    -85.4570866799    0.236451
11116  44464.00      -52.6871    -85.4634807457    -85.4512484485    0.332858
11117  44468.00      -54.4803    -85.4578506693    -85.4435800671    0.388323
11118  44472.00      -53.5421    -85.4633649550    -85.4502539441    0.356769
11119  44476.00      -53.8145    -85.4711988171    -85.4614067992    0.266454
11120  44480.00       61.2627    -85.4617243636    -85.4530689749    0.235525
11121  44484.00       57.5135    -85.4707893365    -85.4601342982    0.289938
11122  44488.00       59.6823    -85.4753484547    -85.4621649128    0.358742
11123  44492.00      -57.4451    -85.4751048345    -85.4619553861    0.357815
11124  44496.00      -60.2242    -85.4691489757    -85.4579420773    0.304955
11125  44500.00       59.7032    -85.4620688610    -85.4529985890    0.246815
11126  44504.00       58.5894    -85.4654302272    -85.4566431884    0.239108
11127  44508.00       57.6583    -85.4636179191    -85.4532034695    0.283392
11128  44512.00      -55.1634    -85.4738144681    -85.4615088342    0.334853
11129  44516.00       58.9140    -85.4724132195    -85.4612568996    0.303579
11130  44520.00      -58.0400    -85.4675380851    -85.4585695462    0.244046
11131  44524.00      -52.7379    -85.4594910014    -85.4502579653    0.251244
11132  44528.00      -53.1450    -85.4650538300    -85.4538388960    0.305174
11133  44532.00       48.6227    -85.4748140283    -85.4619110973    0.351107
11134  44536.00       44.9019    -85.4661463816    -85.4533518557    0.348157
11135  44540.00      -53.3088    -85.4630750034    -85.4530364572    0.273163
11136  44544.00      -54.3436    -85.4581702250    -85.4498701241    0.225857
11137  44548.00      -55.3674    -85.4748875466    -85.4653259968    0.260183
11138  44552.00      -56.7172    -85.4767154518    -85.4649237294    0.320869
11139  44556.00      -59.3723    -85.4639869860    -85.4512008745    0.347928
11140  44560.00      -71.2094    -85.4668378867    -85.4554806424    0.309046
11141  44564.00      -73.0732    -85.4653581166    -85.4562884931    0.246797
11142  44568.00       74.9350    -85.4746300537    -85.4649652910    0.262992
11143  44572.00      -73.4911    -85.4641424243    -85.4525338498    0.315885
11144  44576.00      -69.7088    -85.4692653100    -85.4573082188    0.325369
11145  44580.00      -72.1602    -85.4742872613    -85.4637842985    0.285800
11146  44584.00       71.5688    -85.4523608896    -85.4436607492    0.236743
11147  44588.00       70.3195    -85.4649313368    -85.4568688979    0.219390
11148  44592.00       67.2219    -85.4765764310    -85.4667935794    0.266205
11149  44596.00       68.0823    -85.4755117475    -85.4637187291    0.320904
11150  44600.00       76.7164    -85.4618370221    -85.4501514083    0.317982
11151  44604.00      -75.8404    -85.4563285517    -85.4459427016    0.282613
11152  44608.00       76.1179    -85.4791495528    -85.4695891811    0.260151
11153  44612.00       78.5774    -85.4726751735    -85.4637636184    0.242496
11154  44616.00      -79.8057    -85.4615210659    -85.4532508337    0.225044
11155  44620.00      -81.7903    -85.4591102822    -85.4516666870    0.202551
11156  44624.00       81.7695    -85.4643456753    -85.4571927560    0.194641
11157  44628.00      -75.2989    -85.4716096452    -85.4634437563    0.222205
11158  44632.00      -69.8382    -85.4634187950    -85.4531908370    0.278317
11159  44636.00       67.3625    -85.4698978484    -85.4596445537    0.279006
11160  44640.00      -66.3314    -85.4576534438    -85.4498077537    0.213492
11161  44644.00       69.0657    -85.4529219509    -85.4471584795    0.156832
11162  44648.00      -70.2150    -85.4701412738    -85.4647252878    0.147376
11163  44652.00       62.5013    -85.4594609204    -85.4541456194    0.144637
11164  44656.00      -64.0854    -85.4651276979    -85.4589478023    0.168164
11165  44660.00       59.9685    -85.4639397271    -85.4581716935    0.156956
11166  44664.00      -53.5673    -85.4550400328    -85.4494835843    0.151199
11167  44668.00       50.2514    -85.4652895909    -85.4599861578    0.144314
11168  44672.00      -47.3189    -85.4633834921    -85.4584293565    0.134809
11169  44676.00       46.7048    -85.4660364990    -85.4608136536    0.142121
11170  44680.00       44.6762    -85.4655603223    -85.4614280237    0.112446
11171  44684.00      -45.3276    -85.4610982397    -85.4571668114    0.106980
11172  44688.00       45.4543    -85.4597542833    -85.4547854590    0.135209
11173  44692.00       47.8818    -85.4601515464    -85.4550614049    0.138510
11174  44696.00       48.1579    -85.4505280489    -85.4460493512    0.121872
11175  44700.00       45.0585    -85.4580197979    -85.4544903138    0.096042
11176  44704.00       47.8339    -85.4649471435    -85.4613823448    0.097003
11177  44708.00      -48.3226    -85.4528697046    -85.4482541476    0.125596
11178  44712.00      -41.5198    -85.4564521557    -85.4496934740    0.183913
11179  44716.00      -43.2216    -85.4570606841    -85.4491094798    0.216363
11180  44720.00      -45.6923    -85.4675986525    -85.4601848202    0.201741
11181  44724.00      -48.1657    -85.4640033725    -85.4583171562    0.154730
11182  44728.00      -51.8835    -85.4580953293    -85.4531503046    0.134561
11183  44732.00      -50.5808    -85.4604500050    -85.4556848685    0.129666
11184  44736.00      -50.9944    -85.4627145209    -85.4578380566    0.132695
11185  44740.00       48.1414    -85.4732974784    -85.4688734765    0.120383
11186  44744.00      -33.7843    -85.4678022557    -85.4627598132    0.137212
11187  44748.00      -32.1346    -85.4610468049    -85.4525643323    0.230820
11188  44752.00       32.6246    -85.4583847166    -85.4482744043    0.275116
11189  44756.00       41.7805    -85.4654564552    -85.4564420284    0.245295
11190  44760.00      -42.1539    -85.4683454145    -85.4613520828    0.190298
11191  44764.00       47.1312    -85.4604196268    -85.4553712636    0.137373
11192  44768.00       47.6252    -85.4605441582    -85.4551939720    0.145586
11193  44772.00       51.7402    -85.4674211346    -85.4599213719    0.204079
11194  44776.00      -57.2065    -85.4695231068    -85.4612958161    0.223876
11195  44780.00       66.2302    -85.4718257370    -85.4627844084    0.246027
11196  44784.00       64.4551    -85.4562655385    -85.4474944542    0.238673
11197  44788.00      -66.5916    -85.4671654700    -85.4590797341    0.220024
11198  44792.00      -68.1006    -85.4712428337    -85.4631194479    0.221049
11199  44796.00       67.8699    -85.4580706108    -85.4500314080    0.218758
11200  44800.00      -71.9571    -85.4616098759    -85.4534522706    0.221980
11201  44804.00       70.0730    -85.4687993093    -85.4596385763    0.249276
11202  44808.00      -64.8073    -85.4652866123    -85.4557798994    0.258691
11203  44812.00      -66.1236    -85.4649949221    -85.4557471877    0.251644
11204  44816.00       70.3384    -85.4668382011    -85.4585635505    0.225165
11205  44820.00       80.8590    -85.4630981849    -85.4551970048    0.215002
11206  44824.00      -84.5015    -85.4631300713    -85.4542890165    0.240577
11207  44828.00      -84.5122    -85.4655899606    -85.4546770939    0.296954
11208  44832.00      -79.2900    -85.4607378068    -85.4492776441    0.311847
11209  44836.00       85.6362    -85.4728256704    -85.4626047638    0.278125
11210  44840.00       86.9931    -85.4744613572    -85.4660987658    0.227558
11211  44844.00       85.8110    -85.4571635775    -85.4492737566    0.214693
11212  44848.00       84.4480    -85.4587745888    -85.4495091036    0.252127
11213  44852.00      -78.2866    -85.4745230932    -85.4634799076    0.300500
11214  44856.00       79.4908    -85.4633632767    -85.4517961348    0.314758
11215  44860.00      -86.3291    -85.4600598085    -85.4502449593    0.267076
11216  44864.00       87.4906    -85.4694567832    -85.4614243035    0.218575
11217  44868.00      -83.8051    -85.4675080658    -85.4589633739    0.232513
11218  44872.00       78.4115    -85.4669395601    -85.4560680266    0.295829
11219  44876.00       76.4976    -85.4555268523    -85.4437697523    0.319927
11220  44880.00       76.1163    -85.4641034298    -85.4537066558    0.282911
11221  44884.00       73.5217    -85.4749933537    -85.4671094098    0.214533
11222  44888.00           nan               nan               nan         nan
11223  44892.00      -69.7808    -85.4579894936    -85.4503150725    0.208832
11224  44896.00       66.7085    -85.4649751316    -85.4569491171    0.218399
11225  44900.00      -66.3712    -85.4715830009    -85.4644862913    0.193111
11226  44904.00      -67.2357    -85.4717862558    -85.4660060467    0.157288
11227  44908.00       67.3400    -85.4581158682    -85.4528290747    0.143861
11228  44912.00      -72.2979    -85.4644826280    -85.4584265205    0.164795
11229  44916.00      -65.3305    -85.4666205127    -85.4600956986    0.177549
11230  44920.00       63.2472    -85.4697487888    -85.4636447560    0.166099
11231  44924.00      -60.2302    -85.4718850496    -85.4672598530    0.125858
11232  44928.00       57.6793    -85.4589529380    -85.4546483732    0.117133
11233  44932.00      -58.4113    -85.4523692373    -85.4479129051    0.121263
11234  44936.00       53.1100    -85.4673868499    -85.4605894572    0.184966
11235  44940.00      -51.3179    -85.4737049918    -85.4646668851    0.245939
11236  44944.00       55.5636    -85.4640743483    -85.4570603770    0.190860
11237  44948.00      -58.7323    -85.4615309318    -85.4571578317    0.118998
11238  44952.00      -61.8920    -85.4501542150    -85.4455272707    0.125906
11239  44956.00       63.5829    -85.4591658741    -85.4544436674    0.128498
11240  44960.00       52.8443    -85.4814060333    -85.4763494546    0.137597
11241  44964.00      -50.0490    -85.4683600658    -85.4623151317    0.164491
11242  44968.00      -47.2593    -85.4639986458    -85.4587267660    0.143455
11243  44972.00      -43.4897    -85.4638177375    -85.4591043127    0.128259
11244  44976.00      -48.0094    -85.4621067882    -85.4559092286    0.168644
11245  44980.00       42.5925    -85.4695345275    -85.4633306333    0.168817
11246  44984.00       46.5566    -85.4646527347    -85.4592066732    0.148195
11247  44988.00       49.9537    -85.4661027628    -85.4604715482    0.153233
11248  44992.00      -50.9579    -85.4798139449    -85.4735080165    0.171593
11249  44996.00      -50.8077    -85.4780778882    -85.4696268382    0.229965
11250  45000.00      -51.4064    -85.4683488582    -85.4587668583    0.260739
11251  45004.00      -53.7147    -85.4549079345    -85.4470528704    0.213747
11252  45008.00       53.6314    -85.4704199709    -85.4648887289    0.150513
11253  45012.00      -53.3020    -85.4838440843    -85.4791995945    0.126383
11254  45016.00      -52.8104    -85.4711829912    -85.4648382525    0.172649
11255  45020.00      -49.3829    -85.4713772168    -85.4609676376    0.283259
11256  45024.00      -49.5412    -85.4711420814    -85.4591122136    0.327349
11257  45028.00       51.7275    -85.4664896530    -85.4556777195    0.294208
11258  45032.00      -55.9534    -85.4675797020    -85.4591774846    0.228636
11259  45036.00      -51.9600    -85.4730978690    -85.4665882647    0.177135
11260  45040.00      -55.6947    -85.4748734823    -85.4684995783    0.173443
11261  45044.00       53.2261    -85.4744414656    -85.4669489994    0.203880
11262  45048.00      -52.4245    -85.4689436324    -85.4600582288    0.241784
11263  45052.00       46.1590    -85.4638258160    -85.4544205692    0.255930
11264  45056.00       41.5262    -85.4765159374    -85.4663761347    0.275918
11265  45060.00      -41.3293    -85.4703079996    -85.4602854923    0.272726
11266  45064.00       39.4841    -85.4623893318    -85.4531116096    0.252460
11267  45068.00      -35.6561    -85.4755586186    -85.4668806227    0.236140
11268  45072.00      -40.2040    -85.4702678520    -85.4613396216    0.242950
11269  45076.00       41.5323    -85.4658963948    -85.4551399812    0.292697
11270  45080.00       42.3545    -85.4696513740    -85.4574806230    0.331183
11271  45084.00      -42.7544    -85.4676952921    -85.4560679865    0.316395
11272  45088.00      -41.7738    -85.4754057683    -85.4654791045    0.270118
11273  45092.00       42.2760    -85.4715837861    -85.4635048572    0.219839
11274  45096.00      -43.9428    -85.4645947821    -85.4565790212    0.218120
11275  45100.00       43.5354    -85.4704523160    -85.4608540481    0.261182
11276  45104.00      -49.0252    -85.4761880564    -85.4640656368    0.329868
11277  45108.00       44.6858    -85.4741444141    -85.4610133035    0.357316
11278  45112.00       42.7784    -85.4648062214    -85.4515496981    0.360728
11279  45116.00      -39.3453    -85.4747544560    -85.4613215680    0.365527
11280  45120.00       41.8430    -85.4922231267    -85.4788055890    0.365110
11281  45124.00      -47.6616    -85.4755550563    -85.4621169473    0.365670
11282  45128.00       50.6766    -85.4639749072    -85.4503555201    0.370602
11283  45132.00       51.6437    -85.4722865552    -85.4592795547    0.353939
11284  45136.00       50.5304    -85.4656508483    -85.4533456202    0.334842
11285  45140.00      -54.5732    -85.4763044094    -85.4634537680    0.349684
11286  45144.00      -59.7259    -85.4796958819    -85.4660799553    0.370508
11287  45148.00       61.2865    -85.4698845058    -85.4563881344    0.367255
11288  45152.00      -57.3575    -85.4743330374    -85.4617566006    0.342222
11289  45156.00       57.9122    -85.4615801666    -85.4500023671    0.315048
11290  45160.00      -59.6173    -85.4638321266    -85.4520603954    0.320325
11291  45164.00      -70.3253    -85.4656814796    -85.4526132605    0.355604
11292  45168.00       79.1798    -85.4629834281    -85.4496073844    0.363981
11293  45172.00      -80.4316    -85.4777281626    -85.4644228444    0.362056
11294  45176.00      -87.4846    -85.4725922964    -85.4606463261    0.325066
11295  45180.00      -92.4291    -85.4743202602    -85.4631006797    0.305300
11296  45184.00      -93.1319    -85.4765829911    -85.4645575060    0.327230
11297  45188.00      -88.0287    -85.4684655794    -85.4548282705    0.371090
11298  45192.00      -77.0906    -85.4703314825    -85.4565027043    0.376300
11299  45196.00       80.2565    -85.4745191532    -85.4626399161    0.323251
11300  45200.00      -87.3451    -85.4706907999    -85.4612572440    0.256700
11301  45204.00      -94.1823    -85.4650079381    -85.4553925383    0.261648
11302  45208.00      101.6652    -85.4630299876    -85.4514424705    0.315312
11303  45212.00     -104.1395    -85.4738969556    -85.4599209204    0.380307
11304  45216.00      105.4058    -85.4851714240    -85.4707905830    0.391323
11305  45220.00     -111.9239    -85.4749286853    -85.4627054007    0.332613
11306  45224.00     -108.6625    -85.4634442853    -85.4540410966    0.255874
11307  45228.00      103.0862    -85.4627586183    -85.4543183621    0.229671
11308  45232.00       98.0686    -85.4649706455    -85.4566365781    0.226782
11309  45236.00       91.9689    -85.4790874039    -85.4703454569    0.237880
11310  45240.00      -92.4510    -85.4790651727    -85.4691884105    0.268760
11311  45244.00      -94.8188    -85.4713748327    -85.4609325810    0.284148
11312  45248.00       90.7795    -85.4836813330    -85.4715130559    0.331116
11313  45252.00      -87.8219    -85.4795546539    -85.4660193861    0.368313
11314  45256.00      -89.4785    -85.4676462901    -85.4547348551    0.351338
11315  45260.00       91.6072    -85.4644057090    -85.4535852793    0.294439
11316  45264.00       90.9913    -85.4669793981    -85.4585265851    0.230013
11317  45268.00       85.3663    -85.4734552557    -85.4655576499    0.214905
11318  45272.00      -80.3099    -85.4694693900    -85.4601608189    0.253299
11319  45276.00      -74.1998    -85.4695218385    -85.4584339971    0.301716
11320  45280.00       77.0473    -85.4731441718    -85.4619578550    0.304395
11321  45284.00       75.0518    -85.4679390180    -85.4586281648    0.253361
11322  45288.00       76.8974    -85.4618697134    -85.4540690630    0.212267
11323  45292.00      -77.7129    -85.4630793854    -85.4544523504    0.234754
11324  45296.00      -74.7162    -85.4658233486    -85.4553194334    0.285826
11325  45300.00      -70.7781    -85.4719739947    -85.4593548146    0.343385
11326  45304.00      -68.7091    -85.4745355121    -85.4610062497    0.368150
11327  45308.00       64.4844    -85.4713983295    -85.4597621766    0.316636
11328  45312.00      -64.9033    -85.4762390077    -85.4668186260    0.256342
11329  45316.00      -71.2326    -85.4742731213    -85.4660774172    0.223016
11330  45320.00      -72.6822    -85.4659088024    -85.4581022709    0.212427
11331  45324.00      -75.1638    -85.4845687045    -85.4747086307    0.268306
11332  45328.00       73.3964    -85.4771937644    -85.4661553434    0.300371
11333  45332.00      -76.3479    -85.4714369151    -85.4602904865    0.303310
11334  45336.00      -82.7762    -85.4682406264    -85.4576109396    0.289249
11335  45340.00      -83.2122    -85.4613931869    -85.4516408506    0.265375
11336  45344.00       81.9236    -85.4766159366    -85.4668214290    0.266522
11337  45348.00      -79.2676    -85.4672194943    -85.4576230460    0.261133
11338  45352.00           nan               nan               nan         nan
11339  45356.00      -85.3909    -85.4705017886    -85.4629808966    0.204654
11340  45360.00           nan               nan               nan         nan
11341  45364.00           nan               nan               nan         nan
11342  45368.00      -87.0626    -85.4591358027    -85.4456166631    0.367875
11343  45372.00       92.9789    -85.4694025245    -85.4562811017    0.357052
11344  45376.00      -96.2467    -85.4942031914    -85.4840623417    0.275947
11345  45380.00      -99.5801    -85.4828783017    -85.4744501038    0.229343
11346  45384.00       96.1177    -85.4747154783    -85.4654330070    0.252589
11347  45388.00      -95.9447    -85.4576176511    -85.4457792370    0.322140
11348  45392.00       97.9215    -85.4626259909    -85.4510565040    0.314822
11349  45396.00      100.3839    -85.4800506406    -85.4712122408    0.240505
11350  45400.00      103.9262    -85.4728417693    -85.4651397776    0.209582
11351  45404.00     -100.8595    -85.4731257150    -85.4654918224    0.207729
11352  45408.00      101.7717    -85.4797392110    -85.4694566729    0.279802
11353  45412.00     -104.8371    -85.4663948431    -85.4530644236    0.362739
11354  45416.00     -103.7477    -85.4644793354    -85.4527754720    0.318478
11355  45420.00     -102.7664    -85.4818515332    -85.4731687305    0.236271
11356  45424.00     -104.8075    -85.4741281608    -85.4661672236    0.216628
11357  45428.00     -103.3265    -85.4659993700    -85.4569703853    0.245691
11358  45432.00     -104.1160    -85.4714197100    -85.4600972850    0.308099
11359  45436.00       97.7420    -85.4736161465    -85.4620104334    0.315808
11360  45440.00       95.1021    -85.4729323056    -85.4624202127    0.286049
11361  45444.00       97.5538    -85.4600112954    -85.4509139273    0.247552
11362  45448.00       98.5245    -85.4757229255    -85.4661126878    0.261508
11363  45452.00      100.3100    -85.4850232180    -85.4732605829    0.320078
11364  45456.00       98.8232    -85.4691032193    -85.4577662634    0.308494
11365  45460.00      -95.4776    -85.4740404272    -85.4646114183    0.256576
11366  45464.00      -99.4377    -85.4731881784    -85.4642897702    0.242138
11367  45468.00      100.7462    -85.4665313262    -85.4569696613    0.260186
11368  45472.00       90.7202    -85.4614716726    -85.4508739497    0.288379
11369  45476.00      -85.2203    -85.4711630995    -85.4600665566    0.301952
11370  45480.00      -80.7952    -85.4707216662    -85.4613262340    0.255663
11371  45484.00       84.8184    -85.4673927487    -85.4588388326    0.232764
11372  45488.00       88.9246    -85.4752566634    -85.4655500788    0.264130
11373  45492.00       86.7613    -85.4778399191    -85.4668667300    0.298596
11374  45496.00       87.2143    -85.4781718549    -85.4659661327    0.332135
11375  45500.00           nan               nan               nan         nan
11376  45504.00       84.3550    -85.4671300823    -85.4572907740    0.267741
11377  45508.00           nan               nan               nan         nan
11378  45512.00       74.5522    -85.4713356455    -85.4629487911    0.228218
11379  45516.00       70.3415    -85.4659307519    -85.4576412244    0.225570
11380  45520.00       59.7027    -85.4681016997    -85.4591446854    0.243733
11381  45524.00       63.0886    -85.4737564533    -85.4632380684    0.286220
11382  45528.00       63.8479    -85.4777551806    -85.4667887226    0.298413
11383  45532.00      -60.1538    -85.4712218620    -85.4616632173    0.260104
11384  45536.00       59.9268    -85.4763129767    -85.4683887786    0.215628
11385  45540.00      -56.9594    -85.4723631867    -85.4660156539    0.172725
11386  45544.00       52.6796    -85.4702672163    -85.4644915596    0.157164
11387  45548.00      -52.0665    -85.4641025489    -85.4572320097    0.186957
11388  45552.00       49.3023    -85.4654897665    -85.4573134195    0.222490
11389  45556.00      -45.6990    -85.4792155482    -85.4697290806    0.258140
11390  45560.00       43.9251    -85.4822755292    -85.4727246028    0.259894
11391  45564.00      -38.7403    -85.4720677742    -85.4629048790    0.249335
11392  45568.00       37.9468    -85.4630588938    -85.4540746089    0.244475
11393  45572.00      -44.2683    -85.4664052630    -85.4575470980    0.241043
11394  45576.00       41.9673    -85.4710841596    -85.4636140942    0.203271
11395  45580.00       44.6007    -85.4798454219    -85.4735479372    0.171363
11396  45584.00      -38.2835    -85.4836048055    -85.4771318729    0.176137
11397  45588.00      -32.5012    -85.4674287418    -85.4605274035    0.187795
11398  45592.00      -38.0678    -85.4739757919    -85.4665592872    0.201813
11399  45596.00      -34.4171    -85.4635359785    -85.4565155163    0.191037
11400  45600.00      -32.9267    -85.4633868657    -85.4580044745    0.146462
11401  45604.00      -32.6978    -85.4853297483    -85.4800525737    0.143599
11402  45608.00       27.0079    -85.4761444329    -85.4680912295    0.219139
11403  45612.00       23.6767    -85.4690461958    -85.4582480218    0.293833
11404  45616.00       29.6711    -85.4849720532    -85.4729453379    0.327264
11405  45620.00      -28.9178    -85.4837390191    -85.4741278862    0.261532
11406  45624.00      -28.3116    -85.4655073755    -85.4598966009    0.152677
11407  45628.00       28.1375    -85.4641744413    -85.4596840750    0.122189
11408  45632.00      -27.8174    -85.4790057841    -85.4718958015    0.193472
11409  45636.00      -25.9622    -85.4860097412    -85.4751675980    0.295030
11410  45640.00       26.5718    -85.4773747525    -85.4650252834    0.336046
11411  45644.00      -32.1545    -85.4651168969    -85.4549443107    0.276810
11412  45648.00      -28.8393    -85.4718868581    -85.4661827034    0.155218
11413  45652.00       31.7341    -85.4678960227    -85.4641628765    0.101584
11414  45656.00      -29.4166    -85.4695229550    -85.4643497317    0.140771
11415  45660.00      -24.1407    -85.4732467418    -85.4649839353    0.224842
11416  45664.00      -23.6945    -85.4714911574    -85.4615483620    0.270557
11417  45668.00      -13.9442    -85.4767674662    -85.4671140871    0.262682
11418  45672.00      -21.2227    -85.4745976264    -85.4648598466    0.264978
11419  45676.00       24.8044    -85.4800264459    -85.4702879439    0.264998
11420  45680.00       23.3406    -85.4787156830    -85.4693101542    0.255937
11421  45684.00       24.4136    -85.4684417990    -85.4599589128    0.230831
11422  45688.00      -15.1178    -85.4696607930    -85.4625438978    0.193661
11423  45692.00       24.7780    -85.4666597072    -85.4589164374    0.210705
11424  45696.00       24.6627    -85.4798128358    -85.4687628807    0.300685
11425  45700.00       25.6152    -85.4743525221    -85.4608981474    0.366112
11426  45704.00       25.6561    -85.4715342737    -85.4595493359    0.326127
11427  45708.00      -20.7073    -85.4597145727    -85.4517128510    0.217738
11428  45712.00       29.2125    -85.4666946841    -85.4607906125    0.160658
11429  45716.00      -33.1600    -85.4808051650    -85.4738136366    0.190249
11430  45720.00       35.9273    -85.4648357658    -85.4555200859    0.253493
11431  45724.00      -33.3459    -85.4702024884    -85.4596220061    0.287910
11432  45728.00       22.0400    -85.4733730805    -85.4638339701    0.259572
11433  45732.00       31.3720    -85.4640676579    -85.4553721614    0.236617
11434  45736.00       22.5788    -85.4686748034    -85.4595087243    0.249422
11435  45740.00      -26.9038    -85.4677042359    -85.4576873609    0.272573
11436  45744.00       27.5826    -85.4822417121    -85.4716356539    0.288606
11437  45748.00       31.2700    -85.4736040671    -85.4633313375    0.279535
11438  45752.00       30.4860    -85.4577274372    -85.4477346068    0.271919
11439  45756.00      -36.0930    -85.4608268869    -85.4487448956    0.328768
11440  45760.00       36.0089    -85.4681366134    -85.4548969165    0.360271
11441  45764.00      -40.5095    -85.4912544030    -85.4793437890    0.324104
11442  45768.00      -39.7268    -85.4838274953    -85.4753169747    0.231583
11443  45772.00       39.3522    -85.4652970110    -85.4593038710    0.163082
11444  45776.00      -41.1312    -85.4737887777    -85.4666631376    0.193899
11445  45780.00       36.8935    -85.4667273727    -85.4566406613    0.274473
11446  45784.00       43.7146    -85.4692996311    -85.4577633577    0.313918
11447  45788.00       50.0367    -85.4746072188    -85.4642855878    0.280866
11448  45792.00      -48.4935    -85.4675425509    -85.4595213369    0.218268
11449  45796.00       48.5571    -85.4625860633    -85.4551159587    0.203272
11450  45800.00      -48.0233    -85.4703851216    -85.4606253345    0.265577
11451  45804.00       41.7317    -85.4628165711    -85.4505213440    0.334570
11452  45808.00      -40.9597    -85.4752243281    -85.4616581934    0.369153
11453  45812.00       35.4612    -85.4751923267    -85.4623744759    0.348791
11454  45816.00       31.9503    -85.4680239091    -85.4573147683    0.291411
11455  45820.00       35.5588    -85.4765233551    -85.4670623696    0.257447
11456  45824.00       38.9525    -85.4719037882    -85.4625896899    0.253450
11457  45828.00       40.5565    -85.4645226041    -85.4548042428    0.264450
11458  45832.00      -40.2971    -85.4633214078    -85.4515443328    0.320471
11459  45836.00      -39.4232    -85.4576840961    -85.4444430097    0.360308
11460  45840.00      -40.1476    -85.4740906996    -85.4601239376    0.380055
11461  45844.00       38.2116    -85.4705210952    -85.4566586424    0.377217
11462  45848.00      -39.7122    -85.4634062479    -85.4514105261    0.326420
11463  45852.00       38.7360    -85.4612153086    -85.4512479038    0.271227
11464  45856.00      -33.0734    -85.4643651438    -85.4535268101    0.294926
11465  45860.00      -33.1748    -85.4773318146    -85.4650195707    0.335033
11466  45864.00      -37.4610    -85.4690575243    -85.4557999570    0.360757
11467  45868.00      -41.4067    -85.4705806793    -85.4581811664    0.337408
11468  45872.00       46.6177    -85.4671392458    -85.4572997857    0.267745
11469  45876.00       47.9471    -85.4678512079    -85.4586189268    0.251223
11470  45880.00      -39.1663    -85.4790727840    -85.4668661341    0.332160
11471  45884.00       35.1799    -85.4674521174    -85.4531282984    0.389771
11472  45888.00      -34.2314    -85.4683364327    -85.4551387923    0.359126
11473  45892.00       38.3637    -85.4586395471    -85.4487328752    0.269574
11474  45896.00       45.1952    -85.4631617764    -85.4555885798    0.206077
11475  45900.00       42.8791    -85.4760543846    -85.4665413298    0.258863
11476  45904.00       45.3099    -85.4733586908    -85.4602215198    0.357481
11477  45908.00      -48.8509    -85.4688839861    -85.4555245412    0.363529
11478  45912.00       48.9562    -85.4727866526    -85.4630015208    0.266267
11479  45916.00      -51.2902    -85.4689919342    -85.4618759482    0.193636
11480  45920.00      -47.9503    -85.4606191942    -85.4521620128    0.230132
11481  45924.00      -51.1950    -85.4773801981    -85.4655099502    0.323006
11482  45928.00       52.1203    -85.4647188763    -85.4526390234    0.328710
11483  45932.00      -52.2143    -85.4568810137    -85.4499655413    0.188180
11484  45936.00      -55.9322    -85.4659738506    -85.4618370939    0.112567
11485  45940.00      -56.5806    -85.4600340765    -85.4555828842    0.121123
11486  45944.00       50.3585    -85.4762665613    -85.4678303884    0.229560
11487  45948.00      -51.2483    -85.4869319860    -85.4733896082    0.368507
11488  45952.00       52.3450    -85.4751147777    -85.4628423267    0.333950
11489  45956.00      -52.9332    -85.4698053388    -85.4631491725    0.181124
11490  45960.00      -54.3927    -85.4661466472    -85.4618253486    0.117589
11491  45964.00      -51.8424    -85.4666042541    -85.4619163851    0.127563
11492  45968.00       53.8235    -85.4674260173    -85.4594060814    0.218234
11493  45972.00       53.6024    -85.4694510532    -85.4583647487    0.301674
11494  45976.00      -56.6789    -85.4534929528    -85.4440812006    0.256107
11495  45980.00      -59.1539    -85.4607874486    -85.4550955358    0.154885
11496  45984.00           nan               nan               nan         nan
11497  45988.00      -54.2988    -85.4569479776    -85.4512243258    0.155748
11498  45992.00      -52.8489    -85.4803389201    -85.4716254420    0.237106
11499  45996.00      -49.5565    -85.4707943028    -85.4605378579    0.279092
11500  46000.00       51.6010    -85.4700511043    -85.4609092516    0.248762
11501  46004.00       60.0905    -85.4659559802    -85.4579774010    0.217108
11502  46008.00      -67.9477    -85.4592189066    -85.4516260181    0.206613
11503  46012.00       72.5967    -85.4621988148    -85.4546074974    0.206570
11504  46016.00      -78.0909    -85.4646657367    -85.4557505918    0.242593
11505  46020.00      -70.3974    -85.4779142869    -85.4689675781    0.243452
11506  46024.00      -71.1067    -85.4704572295    -85.4614826109    0.244212
11507  46028.00       67.1466    -85.4607830675    -85.4507725080    0.272401
11508  46032.00       56.0033    -85.4734035528    -85.4622395188    0.303789
11509  46036.00      -57.2967    -85.4672116343    -85.4541226265    0.356170
11510  46040.00      -59.6715    -85.4752584604    -85.4621529261    0.356620
11511  46044.00      -67.7651    -85.4784565790    -85.4675619196    0.296459
11512  46048.00       75.3042    -85.4695398753    -85.4600848193    0.257285
11513  46052.00      -75.3735    -85.4665676801    -85.4581621641    0.228726
11514  46056.00       74.9993    -85.4726566560    -85.4630580958    0.261190
11515  46060.00      -68.0045    -85.4698967876    -85.4573046299    0.342650
11516  46064.00       61.5915    -85.4608415579    -85.4467985609    0.382129
11517  46068.00       67.8981    -85.4681482908    -85.4555425940    0.343018
11518  46072.00       69.4970    -85.4672081043    -85.4576269045    0.260718
11519  46076.00      -72.6358    -85.4728042596    -85.4642121443    0.233803
11520  46080.00       71.6844    -85.4772857702    -85.4669149926    0.282203
11521  46084.00      -65.4899    -85.4676462608    -85.4545104312    0.357444
11522  46088.00      -68.0704    -85.4753003983    -85.4605045314    0.402616
11523  46092.00      -75.7083    -85.4586820112    -85.4447775011    0.378361
11524  46096.00       76.2554    -85.4654656397    -85.4549749312    0.285467
11525  46100.00      -77.3993    -85.4690077351    -85.4599103502    0.247552
11526  46104.00      -75.7032    -85.4493895888    -85.4395870315    0.266741
11527  46108.00      -68.6271    -85.4644829397    -85.4541162059    0.282093
11528  46112.00      -65.1580    -85.4727298263    -85.4616715350    0.300911
11529  46116.00      -58.0918    -85.4566184093    -85.4460134064    0.288577
11530  46120.00       60.3685    -85.4543709250    -85.4439709316    0.282998
11531  46124.00       60.3894    -85.4673248259    -85.4555585572    0.320176
11532  46128.00       60.7054    -85.4728388418    -85.4600312783    0.348512
11533  46132.00       67.5391    -85.4791819868    -85.4682724534    0.296864
11534  46136.00      -66.7890    -85.4639714296    -85.4562054700    0.211323
11535  46140.00       68.7494    -85.4571912252    -85.4506427845    0.178192
11536  46144.00       66.5447    -85.4677610217    -85.4602017323    0.205699
11537  46148.00       64.5025    -85.4653258859    -85.4553974194    0.270167
11538  46152.00      -56.4481    -85.4771992150    -85.4660906323    0.302280
11539  46156.00       60.4378    -85.4711227866    -85.4606945286    0.283767
11540  46160.00      -57.0918    -85.4566836737    -85.4486041429    0.219855
11541  46164.00       59.9064    -85.4613571339    -85.4538822195    0.203403
11542  46168.00       58.7101    -85.4509282152    -85.4420490064    0.241616
11543  46172.00       53.7684    -85.4663728697    -85.4564242135    0.270717
11544  46176.00      -54.6120    -85.4840404565    -85.4745841071    0.257320
11545  46180.00       54.8095    -85.4712259961    -85.4636960353    0.204901
11546  46184.00      -60.7936    -85.4637674440    -85.4585111241    0.143032
11547  46188.00       62.1296    -85.4689174427    -85.4637465441    0.140707
11548  46192.00       60.0096    -85.4743312838    -85.4679174238    0.174530
11549  46196.00       56.0900    -85.4540298409    -85.4463290859    0.209548
11550  46200.00      -52.1223    -85.4441545479    -85.4347700583    0.255365
11551  46204.00       47.3507    -85.4623665373    -85.4546080825    0.211118
11552  46208.00      -51.0057    -85.4774248630    -85.4717367582    0.154781
11553  46212.00      -51.1389    -85.4721891457    -85.4667595433    0.147747
11554  46216.00       49.9391    -85.4711607312    -85.4656566624    0.149773
11555  46220.00       48.6952    -85.4629364274    -85.4575687657    0.146062
11556  46224.00      -47.1284    -85.4522792047    -85.4472362263    0.137226
11557  46228.00       53.6737    -85.4618879390    -85.4570771711    0.130908
11558  46232.00      -62.0040    -85.4575514206    -85.4520892032    0.148635
11559  46236.00      -64.7162    -85.4578900326    -85.4511548711    0.183273
11560  46240.00      -67.0419    -85.4611873281    -85.4534867531    0.209543
11561  46244.00      -61.1980    -85.4425852491    -85.4349921307    0.206619
11562  46248.00       53.6376    -85.4568472624    -85.4502726867    0.178903
11563  46252.00      -53.7618    -85.4702938042    -85.4643851375    0.160783
11564  46256.00       54.5400    -85.4646484341    -85.4586474771    0.163294
11565  46260.00      -52.7443    -85.4695479902    -85.4633656300    0.168231
11566  46264.00       53.9539    -85.4522218379    -85.4449658473    0.197446
11567  46268.00       55.6885    -85.4683368757    -85.4613394245    0.190410
11568  46272.00      -55.3391    -85.4792732772    -85.4743515248    0.133928
11569  46276.00       62.0406    -85.4580904689    -85.4532688040    0.131204
11570  46280.00       54.5090    -85.4600649834    -85.4549812814    0.138335
11571  46284.00       49.3542    -85.4729170287    -85.4649336661    0.217238
11572  46288.00       39.1606    -85.4666584235    -85.4557524013    0.296768
11573  46292.00      -40.3528    -85.4625728992    -85.4538096148    0.238461
11574  46296.00      -46.7511    -85.4699102734    -85.4641842160    0.155814
11575  46300.00      -46.1956    -85.4653667610    -85.4613795891    0.108496
11576  46304.00      -38.6517    -85.4595707922    -85.4556387789    0.106996
11577  46308.00       45.1709    -85.4637649871    -85.4560524363    0.209869
11578  46312.00       36.8392    -85.4720355106    -85.4625997565    0.256760
11579  46316.00       42.0109    -85.4740098992    -85.4650403459    0.244074
11580  46320.00       42.8502    -85.4657689344    -85.4577988372    0.216877
11581  46324.00      -32.2986    -85.4618144142    -85.4538500049    0.216723
11582  46328.00      -35.6671    -85.4589465775    -85.4488851712    0.273785
11583  46332.00       41.7212    -85.4627320465    -85.4520750914    0.289991
11584  46336.00      -42.8128    -85.4691940038    -85.4600750254    0.248140
11585  46340.00      -50.2834    -85.4651298678    -85.4570250036    0.220545
11586  46344.00      -54.9091    -85.4614907574    -85.4537213059    0.211418
11587  46348.00      -60.2012    -85.4621564067    -85.4531464571    0.245173
11588  46352.00      -68.4642    -85.4619388831    -85.4516469881    0.280057
11589  46356.00      -61.5536    -85.4653404494    -85.4562759482    0.246658
11590  46360.00       58.0266    -85.4616742981    -85.4533031874    0.227790
11591  46364.00       53.1256    -85.4586022552    -85.4496223221    0.244356
11592  46368.00       45.9102    -85.4625690311    -85.4527343346    0.267616
11593  46372.00      -44.2386    -85.4598208005    -85.4496012304    0.278089
11594  46376.00      -45.6585    -85.4603280967    -85.4518602921    0.230421
11595  46380.00       44.3734    -85.4593529222    -85.4525435689    0.185292
11596  46384.00      -54.1148    -85.4653013164    -85.4584235039    0.187155
11597  46388.00       52.4126    -85.4748061658    -85.4684961988    0.171703
11598  46392.00      -48.9786    -85.4789840840    -85.4721043656    0.187207
11599  46396.00       42.7010    -85.4687067330    -85.4595925609    0.248009
11600  46400.00       41.5990    -85.4620266195    -85.4518012935    0.278245
11601  46404.00       35.5492    -85.4728835063    -85.4623133797    0.287628
11602  46408.00      -28.5637    -85.4781622508    -85.4683311105    0.267519
11603  46412.00       33.5749    -85.4773546042    -85.4693471669    0.217893
11604  46416.00      -29.9711    -85.4613726012    -85.4535457334    0.212980
11605  46420.00       32.8754    -85.4586936080    -85.4499899275    0.236839
11606  46424.00      -28.2411    -85.4676907816    -85.4583793510    0.253377
11607  46428.00       33.7584    -85.4561465491    -85.4467705155    0.255135
11608  46432.00      -35.3301    -85.4572069755    -85.4500557426    0.194595
11609  46436.00      -29.9131    -85.4566024295    -85.4493287993    0.197926
11610  46440.00      -30.2189    -85.4665892415    -85.4578999330    0.236448
11611  46444.00       22.2047    -85.4768963816    -85.4672512704    0.262457
11612  46448.00      -24.0528    -85.4661725713    -85.4553714146    0.293914
11613  46452.00      -21.7437    -85.4660356218    -85.4571164701    0.242702
11614  46456.00      -26.8965    -85.4723033067    -85.4653604692    0.188924
11615  46460.00       35.1320    -85.4538462469    -85.4464620690    0.200934
11616  46464.00       30.2927    -85.4567770004    -85.4494808906    0.198537
11617  46468.00       27.0007    -85.4661608660    -85.4591929546    0.189607
11618  46472.00      -31.6975    -85.4604849957    -85.4540134332    0.176100
11619  46476.00      -30.1761    -85.4551042702    -85.4495689070    0.150625
11620  46480.00       30.8993    -85.4686749597    -85.4615358737    0.194264
11621  46484.00      -22.1133    -85.4882448398    -85.4784600613    0.266257
11622  46488.00       22.2192    -85.4711177523    -85.4607975582    0.280827
11623  46492.00       28.3018    -85.4537086029    -85.4451166159    0.233800
11624  46496.00      -30.6397    -85.4568610688    -85.4512024976    0.153978
11625  46500.00       27.1421    -85.4664233771    -85.4606126972    0.158117
11626  46504.00      -29.1436    -85.4728619640    -85.4640569364    0.239597
11627  46508.00       30.2386    -85.4537343456    -85.4440046525    0.264758
11628  46512.00       34.4935    -85.4589247276    -85.4492534381    0.263169
11629  46516.00       45.6695    -85.4663932064    -85.4583279963    0.219466
11630  46520.00       51.2122    -85.4639949561    -85.4564868474    0.204306
11631  46524.00       54.1191    -85.4726074175    -85.4629524145    0.262726
11632  46528.00      -53.0492    -85.4664210296    -85.4552728085    0.303359
11633  46532.00      -58.1398    -85.4651216979    -85.4533100165    0.321412
11634  46536.00      -64.6265    -85.4692862876    -85.4574637519    0.321708
11635  46540.00       63.9321    -85.4688481342    -85.4582243797    0.289087
11636  46544.00       60.8275    -85.4698446642    -85.4591167711    0.291921
11637  46548.00      -66.3063    -85.4708497203    -85.4595828422    0.306587
11638  46552.00      -80.1234    -85.4673252730    -85.4567596207    0.287506
11639  46556.00      -93.5850    -85.4535422821    -85.4430399375    0.285783
11640  46560.00       92.1914    -85.4547681612    -85.4440517685    0.291608
11641  46564.00      -86.1607    -85.4578715071    -85.4454811256    0.337159
11642  46568.00      -88.1295    -85.4655688359    -85.4510050786    0.396300
11643  46572.00      -90.5657    -85.4761951392    -85.4624303413    0.374559
11644  46576.00     -101.0205    -85.4634286335    -85.4500201388    0.364864
11645  46580.00      105.9511    -85.4602886543    -85.4458344331    0.393319
11646  46584.00      104.7659    -85.4753869050    -85.4598640375    0.422399
11647  46588.00     -106.4776    -85.4697743323    -85.4535765146    0.440765
11648  46592.00      112.9670    -85.4741108514    -85.4590831072    0.408926
11649  46596.00      118.7111    -85.4703662938    -85.4571166993    0.360540
11650  46600.00     -126.6127    -85.4540928155    -85.4406394912    0.366084
11651  46604.00     -123.6720    -85.4616348700    -85.4476692998    0.380023
11652  46608.00      118.0921    -85.4582250560    -85.4432994126    0.406147
11653  46612.00     -118.7322    -85.4605960882    -85.4456521166    0.406646
11654  46616.00     -113.0106    -85.4819322752    -85.4691449343    0.347961
11655  46620.00      103.2427    -85.4725229126    -85.4600231697    0.340135
11656  46624.00      101.4285    -85.4600644299    -85.4465245442    0.368439
11657  46628.00      -97.9491    -85.4701341328    -85.4567605298    0.363914
11658  46632.00      103.4003    -85.4711491651    -85.4585967627    0.341568
11659  46636.00      109.1633    -85.4694717597    -85.4590332278    0.284047
11660  46640.00     -103.7621    -85.4684242389    -85.4584140231    0.272392
11661  46644.00       97.2636    -85.4701231466    -85.4575176549    0.343013
11662  46648.00      -92.1534    -85.4708621613    -85.4566512258    0.386699
11663  46652.00       88.3306    -85.4659574641    -85.4522710225    0.372427
11664  46656.00      -86.8881    -85.4706887941    -85.4590743125    0.316046
11665  46660.00      -81.4265    -85.4672098618    -85.4573737480    0.267654
11666  46664.00      -75.6021    -85.4701613083    -85.4586192751    0.314075
11667  46668.00      -71.1502    -85.4744539591    -85.4605540318    0.378236
11668  46672.00       72.5201    -85.4585483828    -85.4458138088    0.346525
11669  46676.00       77.5010    -85.4616275048    -85.4520544506    0.260496
11670  46680.00       76.8514    -85.4697682953    -85.4628701364    0.187708
11671  46684.00      -68.3753    -85.4669017721    -85.4604928444    0.174396
11672  46688.00      -65.3064    -85.4624187105    -85.4534613602    0.243742
11673  46692.00       54.5411    -85.4496816521    -85.4396668265    0.272517
11674  46696.00      -60.3622    -85.4650982013    -85.4554176865    0.263420
11675  46700.00      -58.6203    -85.4817600527    -85.4736813954    0.219831
11676  46704.00      -55.3698    -85.4616188977    -85.4542013249    0.201842
11677  46708.00      -55.5508    -85.4517759316    -85.4416437581    0.275710
11678  46712.00      -53.9314    -85.4605538994    -85.4484724920    0.328752
11679  46716.00       47.4302    -85.4657087356    -85.4542117978    0.312848
11680  46720.00       51.2910    -85.4702624840    -85.4607042230    0.260094
11681  46724.00       53.3366    -85.4699701550    -85.4616173294    0.227292
11682  46728.00      -48.4804    -85.4681442618    -85.4573666566    0.293274
11683  46732.00      -52.4755    -85.4711796620    -85.4593592271    0.321650
11684  46736.00       51.0250    -85.4529995072    -85.4437656632    0.251266
11685  46740.00       51.1946    -85.4524875881    -85.4450217536    0.203156
11686  46744.00       53.6946    -85.4669643160    -85.4591855820    0.211670
11687  46748.00      -51.8644    -85.4651604527    -85.4546067029    0.287182
11688  46752.00      -51.5414    -85.4615637070    -85.4485157971    0.355052
11689  46756.00       40.3264    -85.4830485362    -85.4721339470    0.297001
11690  46760.00       49.0267    -85.4818538400    -85.4728767198    0.244280
11691  46764.00       52.9021    -85.4646166716    -85.4557289826    0.241846
11692  46768.00       53.3651    -85.4594809702    -85.4497791790    0.263999
11693  46772.00      -58.5864    -85.4664263777    -85.4552981476    0.302815
11694  46776.00       59.2266    -85.4711039415    -85.4601785027    0.297296
11695  46780.00      -62.4183    -85.4736821479    -85.4622813397    0.310232
11696  46784.00       65.5228    -85.4678070461    -85.4549405192    0.350116
11697  46788.00       68.7650    -85.4635555823    -85.4503690465    0.358824
11698  46792.00      -70.2160    -85.4610424259    -85.4496081592    0.311142
11699  46796.00       70.0163    -85.4696121076    -85.4606248103    0.244557
11700  46800.00       71.8826    -85.4884907166    -85.4805877697    0.215050
11701  46804.00       79.9930    -85.4715319455    -85.4616481747    0.268951
11702  46808.00      -81.2058    -85.4492285769    -85.4378969363    0.308350
11703  46812.00      -82.4987    -85.4653892909    -85.4543741601    0.299737
11704  46816.00       89.5732    -85.4752384737    -85.4646325539    0.288602
11705  46820.00      -97.3050    -85.4572144111    -85.4467418128    0.284974
11706  46824.00     -104.5319    -85.4572006769    -85.4453125882    0.323491
11707  46828.00     -105.9936    -85.4662868057    -85.4524932835    0.375341
11708  46832.00      100.8004    -85.4673553471    -85.4539951072    0.363551
11709  46836.00       98.2560    -85.4600007207    -85.4484411612    0.314552
11710  46840.00      100.6218    -85.4697080327    -85.4589825447    0.291855
11711  46844.00     -101.6326    -85.4769455790    -85.4656036717    0.308629
11712  46848.00      103.4965    -85.4620225861    -85.4484415823    0.369558
11713  46852.00       97.6364    -85.4687077372    -85.4553672581    0.363013
11714  46856.00       95.1088    -85.4736367795    -85.4630024437    0.289375
11715  46860.00     -100.7217    -85.4632053261    -85.4541417582    0.246632
11716  46864.00      -98.4095    -85.4637353326    -85.4548949100    0.240560
11717  46868.00       93.6973    -85.4590280396    -85.4492512026    0.266041
11718  46872.00           nan               nan               nan         nan
11719  46876.00       84.7391    -85.4648883851    -85.4554814111    0.255977
11720  46880.00       82.9532    -85.4546437837    -85.4470048847    0.207865
11721  46884.00       82.0340    -85.4727014039    -85.4656639207    0.191500
11722  46888.00       78.7652    -85.4724168233    -85.4639109563    0.231456
11723  46892.00      -76.7345    -85.4685164029    -85.4566394215    0.323189
11724  46896.00      -70.4667    -85.4719819522    -85.4595946192    0.337077
11725  46900.00       66.1085    -85.4682787517    -85.4582407165    0.273149
11726  46904.00      -67.9808    -85.4727066872    -85.4649171336    0.211965
11727  46908.00      -61.1232    -85.4729962946    -85.4656117773    0.200943
11728  46912.00       58.8881    -85.4687915536    -85.4595343370    0.251902
11729  46916.00       53.6732    -85.4694021111    -85.4589023782    0.285712
11730  46920.00       53.5940    -85.4493863077    -85.4401537012    0.251232
11731  46924.00      -55.9605    -85.4573790091    -85.4492266732    0.221836
11732  46928.00       56.3743    -85.4783114512    -85.4707719052    0.205161
11733  46932.00       53.6797    -85.4753235804    -85.4676284175    0.209396
11734  46936.00       49.6983    -85.4705543123    -85.4627772351    0.211625
11735  46940.00       52.0164    -85.4743106375    -85.4682254788    0.165586
11736  46944.00      -53.0095    -85.4720826435    -85.4665308831    0.151071
11737  46948.00      -54.5713    -85.4641016117    -85.4564356223    0.208602
11738  46952.00       50.6225    -85.4544305403    -85.4441675398    0.279270
11739  46956.00      -50.4267    -85.4714541800    -85.4592703562    0.331539
11740  46960.00      -52.1677    -85.4741145524    -85.4632789365    0.294852
11741  46964.00       54.3174    -85.4621759244    -85.4542453675    0.215801
11742  46968.00      -57.2515    -85.4571116215    -85.4503094065    0.185098
11743  46972.00       60.3231    -85.4569670257    -85.4493116429    0.208314
11744  46976.00      -57.0966    -85.4696665025    -85.4596165359    0.273474
11745  46980.00      -53.0675    -85.4693926734    -85.4574546995    0.324849
11746  46984.00      -51.8917    -85.4772998885    -85.4656076446    0.318162
11747  46988.00      -45.2307    -85.4690650898    -85.4584827191    0.287961
11748  46992.00      -43.3085    -85.4579984725    -85.4490059028    0.244700
11749  46996.00       48.1080    -85.4651519735    -85.4574499924    0.209582
11750  47000.00       50.6208    -85.4693031347    -85.4621692195    0.194124
11751  47004.00       57.3295    -85.4666626110    -85.4585733864    0.220119
11752  47008.00      -54.2214    -85.4604920664    -85.4510234370    0.257655
11753  47012.00      -52.0574    -85.4669137637    -85.4563580700    0.287235
11754  47016.00       51.8517    -85.4706655365    -85.4604402419    0.278244
11755  47020.00       48.2731    -85.4666416552    -85.4573426901    0.253038
11756  47024.00      -47.7583    -85.4740164427    -85.4647343649    0.252578
11757  47028.00      -47.5399    -85.4662026296    -85.4556605625    0.286864
11758  47032.00      -42.0941    -85.4623956434    -85.4489459588    0.365985
11759  47036.00       43.8024    -85.4747981966    -85.4601683035    0.398100
11760  47040.00      -45.5002    -85.4707971246    -85.4580917488    0.345731
11761  47044.00      -49.2385    -85.4696855775    -85.4590060148    0.290606
11762  47048.00       53.4416    -85.4768059709    -85.4676848863    0.248197
11763  47052.00       51.5741    -85.4634626861    -85.4543835813    0.247055
11764  47056.00      -50.4082    -85.4603499217    -85.4501713355    0.276973
11765  47060.00       45.9768    -85.4652459626    -85.4540281574    0.305252
11766  47064.00      -47.4029    -85.4690639295    -85.4579298470    0.302974
11767  47068.00      -51.1361    -85.4842996907    -85.4735760346    0.291806
11768  47072.00      -52.0041    -85.4712342986    -85.4609008830    0.281187
11769  47076.00       48.8734    -85.4614380677    -85.4515100391    0.270155
11770  47080.00      -51.6249    -85.4672436348    -85.4587083142    0.232258
11771  47084.00       48.8137    -85.4690930255    -85.4613712871    0.210119
11772  47088.00      -45.2386    -85.4733010896    -85.4639892431    0.253388
11773  47092.00       46.3943    -85.4602750627    -85.4490240778    0.306155
11774  47096.00       45.0749    -85.4601608362    -85.4482804828    0.323281
11775  47100.00       48.6689    -85.4725213054    -85.4624384547    0.274368
11776  47104.00      -55.6771    -85.4585165893    -85.4508905806    0.207514
11777  47108.00      -54.7274    -85.4511482291    -85.4439483895    0.195918
11778  47112.00      -57.3274    -85.4596295964    -85.4509398658    0.236460
11779  47116.00       54.8354    -85.4825174310    -85.4715762617    0.297724
11780  47120.00       53.5211    -85.4838438527    -85.4719706518    0.323086
11781  47124.00      -50.9968    -85.4650592727    -85.4549140246    0.276066
11782  47128.00      -55.2842    -85.4732128877    -85.4641934249    0.245432
11783  47132.00      -60.5719    -85.4701789738    -85.4612302942    0.243506
11784  47136.00      -59.8035    -85.4644772006    -85.4561548950    0.226461
11785  47140.00       56.7182    -85.4624827621    -85.4546442621    0.213296
11786  47144.00      -58.6911    -85.4602767925    -85.4520909452    0.222748
11787  47148.00      -59.0782    -85.4736488771    -85.4632988820    0.281638
11788  47152.00      -58.9853    -85.4734943791    -85.4609405039    0.341608
11789  47156.00       56.6017    -85.4706865597    -85.4578299360    0.349847
11790  47160.00       52.5028    -85.4764212393    -85.4660791951    0.281421
11791  47164.00       56.6067    -85.4709015996    -85.4632858970    0.207234
11792  47168.00       54.0314    -85.4645165384    -85.4576913000    0.185724
11793  47172.00       53.1513    -85.4656474554    -85.4564831469    0.249374
11794  47176.00           nan               nan               nan         nan
11795  47180.00      -46.7260    -85.4727605118    -85.4607591874    0.326573
11796  47184.00       46.5822    -85.4652774659    -85.4562186725    0.246502
11797  47188.00       55.1610    -85.4604133675    -85.4543467723    0.165080
11798  47192.00       51.5546    -85.4641654674    -85.4581308478    0.164210
11799  47196.00       46.3773    -85.4722989252    -85.4635221273    0.238829
11800  47200.00       42.7942    -85.4683283160    -85.4568611492    0.312038
11801  47204.00       36.1053    -85.4722489516    -85.4595236601    0.346273
11802  47208.00      -40.2731    -85.4784330308    -85.4665605540    0.323067
11803  47212.00      -44.3117    -85.4721384568    -85.4625222650    0.261670
11804  47216.00      -41.8208    -85.4796932893    -85.4710452241    0.235326
11805  47220.00      -41.7874    -85.4761245177    -85.4679298076    0.222989
11806  47224.00      -38.5082    -85.4653869430    -85.4570251501    0.227536
11807  47228.00      -33.2414    -85.4662912125    -85.4573699708    0.242759
11808  47232.00      -32.5153    -85.4638324307    -85.4535074955    0.280956
11809  47236.00       29.7163    -85.4643712355    -85.4521170096    0.333454
11810  47240.00       27.1626    -85.4604421477    -85.4484685903    0.325817
11811  47244.00       31.3171    -85.4613284183    -85.4521714016    0.249175
11812  47248.00       33.4610    -85.4720762055    -85.4658513164    0.169388
11813  47252.00      -36.8626    -85.4703394554    -85.4651463499    0.141312
11814  47256.00       35.3426    -85.4784867939    -85.4719310607    0.178391
11815  47260.00      -32.6383    -85.4823203916    -85.4733173686    0.244985
11816  47264.00      -36.0891    -85.4657487970    -85.4550690681    0.290610
11817  47268.00       31.7040    -85.4575186782    -85.4472650152    0.279016
11818  47272.00      -38.3452    -85.4794583602    -85.4709069796    0.232695
11819  47276.00       38.3337    -85.4732892544    -85.4662964866    0.190283
11820  47280.00       35.5847    -85.4514520426    -85.4447551496    0.182232
11821  47284.00      -41.2276    -85.4629578127    -85.4556607827    0.198562
11822  47288.00       48.1362    -85.4771925208    -85.4684793658    0.237097
11823  47292.00      -48.8153    -85.4746676563    -85.4653800806    0.252728
11824  47296.00      -51.1698    -85.4684585624    -85.4599452522    0.231659
11825  47300.00      -53.4876    -85.4699545031    -85.4622549141    0.209516
11826  47304.00      -57.8951    -85.4741889397    -85.4669641945    0.196595
11827  47308.00       60.3828    -85.4651842157    -85.4579145475    0.197818
11828  47312.00       62.0243    -85.4650678591    -85.4580329098    0.191431
11829  47316.00       65.8471    -85.4741426012    -85.4668199424    0.199260
11830  47320.00       68.1146    -85.4752761228    -85.4670352099    0.224247
11831  47324.00      -71.8028    -85.4593383005    -85.4507281397    0.234294
11832  47328.00      -79.2225    -85.4522249341    -85.4436698173    0.232797
11833  47332.00       78.9623    -85.4717874322    -85.4634758333    0.226170
11834  47336.00       73.8839    -85.4730777195    -85.4651748096    0.215049
11835  47340.00      -74.2243    -85.4729723372    -85.4642965078    0.236081
11836  47344.00       77.0056    -85.4792461819    -85.4692871426    0.270999
11837  47348.00       79.5809    -85.4754635474    -85.4661438678    0.253601
11838  47352.00       80.6713    -85.4689107982    -85.4602424037    0.235879
11839  47356.00       77.9125    -85.4544109066    -85.4459798762    0.229420
11840  47360.00      -80.2985    -85.4613229131    -85.4528034705    0.231826
11841  47364.00      -82.2995    -85.4692179032    -85.4598220358    0.255675
11842  47368.00       79.0666    -85.4708619714    -85.4612010851    0.262886
11843  47372.00       73.3662    -85.4622669866    -85.4532686570    0.244857
11844  47376.00      -74.7092    -85.4635572699    -85.4544491469    0.247845
11845  47380.00      -68.9735    -85.4811345030    -85.4712881803    0.267932
11846  47384.00      -71.6594    -85.4683399645    -85.4567898165    0.314296
11847  47388.00       73.6455    -85.4700198741    -85.4577561779    0.333712
11848  47392.00      -73.0974    -85.4791298601    -85.4691104118    0.272643
11849  47396.00      -68.4208    -85.4735240251    -85.4645192598    0.245032
11850  47400.00      -66.3098    -85.4811665405    -85.4716386180    0.259268
11851  47404.00       64.7114    -85.4871681528    -85.4767979537    0.282187
11852  47408.00       62.7315    -85.4743515162    -85.4625753783    0.320445
11853  47412.00      -61.6259    -85.4660790007    -85.4539765459    0.329325
11854  47416.00      -58.4695    -85.4631759078    -85.4506252807    0.341520
11855  47420.00      -60.8580    -85.4677147707    -85.4545221991    0.358988
11856  47424.00       59.8285    -85.4733607662    -85.4602796058    0.355957
11857  47428.00       60.3352    -85.4717890004    -85.4590739532    0.345994
11858  47432.00       58.1398    -85.4656295812    -85.4543436330    0.307106
11859  47436.00       57.2866    -85.4627685984    -85.4530321105    0.264943
11860  47440.00       62.3685    -85.4757015329    -85.4656409174    0.273763
11861  47444.00       60.3165    -85.4855630933    -85.4731366934    0.338140
11862  47448.00      -59.5307    -85.4747482854    -85.4600104545    0.401037
11863  47452.00       57.9979    -85.4725574446    -85.4583656641    0.386178
11864  47456.00       54.3323    -85.4723266602    -85.4600061517    0.335258
11865  47460.00      -60.8629    -85.4752190594    -85.4639494464    0.306662
11866  47464.00      -58.3546    -85.4727277392    -85.4614972404    0.305597
11867  47468.00      -59.7857    -85.4671202855    -85.4561626867    0.298171
11868  47472.00      -58.7298    -85.4717333378    -85.4609572499    0.293232
11869  47476.00      -55.4162    -85.4705224059    -85.4596776204    0.295102
11870  47480.00       60.2098    -85.4778581832    -85.4667523598    0.302205
11871  47484.00       60.2937    -85.4886286946    -85.4762691090    0.336321
11872  47488.00       56.3768    -85.4711866862    -85.4590128599    0.331267
11873  47492.00       59.6681    -85.4677967183    -85.4567697571    0.300059
11874  47496.00      -62.3709    -85.4648231324    -85.4548086357    0.272508
11875  47500.00      -69.4087    -85.4685770930    -85.4589132780    0.262966
11876  47504.00      -70.2059    -85.4779115855    -85.4664619785    0.311560
11877  47508.00       67.4325    -85.4759996088    -85.4638175169    0.331492
11878  47512.00      -66.7655    -85.4643334044    -85.4539697611    0.282009
11879  47516.00       70.2006    -85.4684222203    -85.4594896420    0.243068
11880  47520.00      -74.9383    -85.4724870133    -85.4644484913    0.218739
11881  47524.00       71.8054    -85.4734267201    -85.4647208575    0.236899
11882  47528.00      -67.3322    -85.4735763681    -85.4630786040    0.285659
11883  47532.00       70.1986    -85.4736186778    -85.4633069723    0.280596
11884  47536.00      -73.3988    -85.4761220226    -85.4666437630    0.257917
11885  47540.00       76.5940    -85.4807302610    -85.4710684825    0.262910
11886  47544.00       72.7659    -85.4749817750    -85.4652279897    0.265414
11887  47548.00       70.6190    -85.4685191226    -85.4577935306    0.291858
11888  47552.00       66.8668    -85.4682342039    -85.4580146490    0.278088
11889  47556.00      -70.3346    -85.4650325550    -85.4571101769    0.215579
11890  47560.00       68.1444    -85.4704058995    -85.4635983890    0.185242
11891  47564.00       65.6712    -85.4732617135    -85.4656952835    0.205893
11892  47568.00      -61.9501    -85.4623973498    -85.4529938765    0.255882
11893  47572.00       63.0884    -85.4620625220    -85.4509446884    0.302532
11894  47576.00      -60.7841    -85.4705747629    -85.4603413267    0.278466
11895  47580.00       64.9121    -85.4755802445    -85.4670148212    0.233077
11896  47584.00      -58.3018    -85.4648159007    -85.4573532448    0.203069
11897  47588.00       57.3076    -85.4701143500    -85.4622845643    0.213059
11898  47592.00       60.5146    -85.4652321708    -85.4568975771    0.226796
11899  47596.00       60.8469    -85.4617332905    -85.4541976916    0.205054
11900  47600.00      -58.8015    -85.4632906542    -85.4559892641    0.198681
11901  47604.00       58.0614    -85.4628613732    -85.4544839188    0.227962
11902  47608.00       60.5903    -85.4682263837    -85.4582791436    0.270678
11903  47612.00       61.6529    -85.4575502202    -85.4458636226    0.318009
11904  47616.00      -61.7524    -85.4732119172    -85.4622292106    0.298855
11905  47620.00      -62.5562    -85.4710987399    -85.4622252294    0.241461
11906  47624.00      -64.4580    -85.4631289724    -85.4548875994    0.224259
11907  47628.00      -58.2939    -85.4671528552    -85.4590574585    0.220287
11908  47632.00       61.3900    -85.4626260449    -85.4525058022    0.275386
11909  47636.00      -58.7886    -85.4755456605    -85.4650862581    0.284615
11910  47640.00       63.4727    -85.4685409366    -85.4594509490    0.247351
11911  47644.00      -61.0709    -85.4706339698    -85.4623114912    0.226466
11912  47648.00       66.2099    -85.4676412707    -85.4581383583    0.258587
11913  47652.00       68.0087    -85.4698530415    -85.4591751773    0.290559
11914  47656.00       69.6311    -85.4850744195    -85.4739478326    0.302770
11915  47660.00      -66.5145    -85.4798836988    -85.4692928598    0.288191
11916  47664.00      -68.9416    -85.4800526743    -85.4696408061    0.283321
11917  47668.00      -70.0041    -85.4778978494    -85.4661932379    0.318499
11918  47672.00       68.8348    -85.4760838493    -85.4628837288    0.359194
11919  47676.00       68.4283    -85.4798524526    -85.4664450328    0.364834
11920  47680.00      -69.1522    -85.4712696636    -85.4595233435    0.319634
11921  47684.00      -75.0456    -85.4711176340    -85.4616236694    0.258344
11922  47688.00      -78.4113    -85.4702898835    -85.4612639898    0.245607
11923  47692.00      -81.0467    -85.4644795409    -85.4532530260    0.305489
11924  47696.00       78.0860    -85.4768437788    -85.4635252485    0.362416
11925  47700.00      -77.3702    -85.4742351625    -85.4596345176    0.397304
11926  47704.00      -76.4504    -85.4734991475    -85.4609208529    0.342273
11927  47708.00      -77.8434    -85.4731673600    -85.4630374620    0.275649
11928  47712.00      -75.7895    -85.4687246801    -85.4583892734    0.281241
11929  47716.00       73.4762    -85.4778943863    -85.4669277825    0.298416
11930  47720.00       71.4334    -85.4726026949    -85.4605409787    0.328216
11931  47724.00      -75.1553    -85.4686545192    -85.4554550238    0.359177
11932  47728.00      -77.5855    -85.4690991256    -85.4559356534    0.358196
11933  47732.00      -76.9956    -85.4730965388    -85.4586800531    0.392293
11934  47736.00       78.3702    -85.4832888792    -85.4687899120    0.394537
11935  47740.00      -73.6088    -85.4786279932    -85.4657422782    0.350638
11936  47744.00      -73.9732    -85.4835436683    -85.4720028243    0.314042
11937  47748.00       75.4594    -85.4798944357    -85.4688686226    0.300028
11938  47752.00      -78.5846    -85.4725278130    -85.4598106531    0.346052
11939  47756.00      -78.9001    -85.4725691471    -85.4586843802    0.377824
11940  47760.00       81.4033    -85.4741453837    -85.4604286307    0.373252
11941  47764.00       86.7663    -85.4808529795    -85.4682399949    0.343217
11942  47768.00      -89.7138    -85.4741886881    -85.4628195539    0.309370
11943  47772.00      -87.7209    -85.4664415827    -85.4547100591    0.319231
11944  47776.00       86.1024    -85.4730024813    -85.4592188438    0.375072
11945  47780.00      -87.0138    -85.4655273722    -85.4509517441    0.396623
11946  47784.00       88.6361    -85.4655138564    -85.4519566818    0.368910
11947  47788.00       89.6892    -85.4739939143    -85.4605594360    0.365571
11948  47792.00       91.2213    -85.4760815222    -85.4628539872    0.359940
11949  47796.00      -92.0296    -85.4775864628    -85.4643560067    0.360019
11950  47800.00       94.7475    -85.4672766908    -85.4552938541    0.326070
11951  47804.00      100.4192    -85.4683532217    -85.4583627701    0.271854
11952  47808.00     -101.3526    -85.4655120624    -85.4558169463    0.263818
11953  47812.00     -101.3291    -85.4584454554    -85.4462303220    0.332391
11954  47816.00     -104.1771    -85.4703340492    -85.4551603350    0.412898
11955  47820.00      106.8671    -85.4794973444    -85.4641745218    0.416955
11956  47824.00      107.9583    -85.4671969959    -85.4559623254    0.305711
11957  47828.00     -110.4983    -85.4612446993    -85.4525397796    0.236873
11958  47832.00     -106.6680    -85.4700430078    -85.4613133892    0.237545
11959  47836.00      102.6473    -85.4728952551    -85.4609146766    0.326008
11960  47840.00     -102.5856    -85.4702814821    -85.4545009668    0.429410
11961  47844.00     -107.9488    -85.4693113005    -85.4547446862    0.396378
11962  47848.00      113.3376    -85.4661857617    -85.4550424880    0.303224
11963  47852.00      107.7357    -85.4779643943    -85.4679260977    0.273156
11964  47856.00      -98.8185    -85.4800839215    -85.4690877013    0.299222
11965  47860.00       93.0350    -85.4707813161    -85.4579636775    0.348786
11966  47864.00      -89.0112    -85.4661778615    -85.4540483320    0.330061
11967  47868.00       94.6683    -85.4659754111    -85.4564515962    0.259156
11968  47872.00      -93.7875    -85.4765723736    -85.4676910319    0.241674
11969  47876.00      -86.0726    -85.4846465559    -85.4748677088    0.266096
11970  47880.00      -87.2717    -85.4854072962    -85.4748367564    0.287639
11971  47884.00       82.3522    -85.4812908753    -85.4710811216    0.277822
11972  47888.00       82.1869    -85.4732038187    -85.4640507620    0.249067
11973  47892.00      -80.2113    -85.4672185155    -85.4580894899    0.248413
11974  47896.00       73.8035    -85.4695677630    -85.4584588901    0.302288
11975  47900.00       69.6648    -85.4715804334    -85.4590272489    0.341590
11976  47904.00       73.1515    -85.4735278344    -85.4622442659    0.307042
11977  47908.00      -65.5149    -85.4767843435    -85.4688452779    0.216033
11978  47912.00       62.8498    -85.4711536742    -85.4648564663    0.171356
11979  47916.00       57.6641    -85.4853698801    -85.4774877708    0.214483
11980  47920.00       46.5468    -85.4847256402    -85.4734202628    0.307635
11981  47924.00      -44.2014    -85.4842011841    -85.4713380241    0.350024
11982  47928.00      -39.4508    -85.4804134199    -85.4688700894    0.314110
11983  47932.00      -37.3800    -85.4716757655    -85.4620923881    0.260777
11984  47936.00      -40.3574    -85.4813977616    -85.4722620898    0.248594
11985  47940.00      -34.6436    -85.4691649836    -85.4601108431    0.246376
11986  47944.00      -35.8747    -85.4637458655    -85.4556414540    0.220532
11987  47948.00      -37.5303    -85.4747448336    -85.4682102711    0.177815
11988  47952.00      -33.0365    -85.4712944171    -85.4653787794    0.160973
11989  47956.00      -36.3179    -85.4826863975    -85.4750930947    0.206624
11990  47960.00      -32.5641    -85.4746203706    -85.4652866214    0.253984
11991  47964.00       30.0851    -85.4682844093    -85.4591930291    0.247389
11992  47968.00       36.2560    -85.4680845790    -85.4608174674    0.197748
11993  47972.00       30.4471    -85.4640082439    -85.4568199032    0.195605
11994  47976.00      -34.1768    -85.4795082723    -85.4694489069    0.273729
11995  47980.00      -33.4795    -85.4747973913    -85.4626039982    0.331799
11996  47984.00      -33.3716    -85.4685535735    -85.4572575386    0.307381
11997  47988.00       45.0918    -85.4781139583    -85.4707674265    0.199909
11998  47992.00       48.6625    -85.4690782049    -85.4635686230    0.149923
11999  47996.00       48.6886    -85.4753078292    -85.4677588745    0.205418
12000  48000.00      -48.9879    -85.4751511038    -85.4646897643    0.284668
12001  48004.00      -42.4831    -85.4795753073    -85.4675926995    0.326063
12002  48008.00       45.9766    -85.4755096404    -85.4658818827    0.261985
12003  48012.00      -52.5969    -85.4642170232    -85.4575740644    0.180764
12004  48016.00      -53.5949    -85.4818546476    -85.4751476928    0.182506
12005  48020.00       54.8982    -85.4795671398    -85.4718677463    0.209511
12006  48024.00       56.9689    -85.4643739178    -85.4567017747    0.208770
12007  48028.00       61.3051    -85.4732763823    -85.4665489037    0.183064
12008  48032.00      -68.1256    -85.4645442121    -85.4578646247    0.181761
12009  48036.00       74.2053    -85.4702752613    -85.4608535289    0.256378
12010  48040.00       67.1662    -85.4661307530    -85.4532080798    0.351644
12011  48044.00      -69.3666    -85.4667361267    -85.4531915487    0.368567
12012  48048.00       68.7257    -85.4753779578    -85.4661839194    0.250183
12013  48052.00       70.5246    -85.4635746528    -85.4575109884    0.165001
12014  48056.00      -71.8784    -85.4721511950    -85.4654162994    0.183266
12015  48060.00       65.3756    -85.4781819434    -85.4687740123    0.256003
12016  48064.00      -60.9341    -85.4783063289    -85.4663466222    0.325440
12017  48068.00      -56.9896    -85.4775674819    -85.4678660471    0.263989
12018  48072.00       63.3263    -85.4734679357    -85.4676772564    0.157572
12019  48076.00       67.0919    -85.4696418615    -85.4643564469    0.143823
12020  48080.00      -60.6266    -85.4689161362    -85.4621969596    0.182838
12021  48084.00       54.7423    -85.4708749173    -85.4612557281    0.261751
12022  48088.00      -54.8018    -85.4693128289    -85.4597091456    0.261330
12023  48092.00      -47.9034    -85.4648798893    -85.4580095376    0.186952
12024  48096.00       45.1603    -85.4704470254    -85.4634973984    0.189109
12025  48100.00      -46.7715    -85.4724947948    -85.4634259272    0.246776
12026  48104.00       37.2274    -85.4707228741    -85.4598628735    0.295516
12027  48108.00      -42.7652    -85.4829744632    -85.4720896415    0.296191
12028  48112.00      -34.9641    -85.4792044023    -85.4712607802    0.216157
12029  48116.00       39.7668    -85.4613503556    -85.4550637586    0.171067
12030  48120.00      -45.1411    -85.4776827691    -85.4685402328    0.248781
12031  48124.00      -39.6130    -85.4723663765    -85.4590632862    0.361996
12032  48128.00      -36.3271    -85.4720094999    -85.4594518895    0.341710
12033  48132.00       38.6489    -85.4820150913    -85.4740740951    0.216086
12034  48136.00      -41.8086    -85.4715059529    -85.4674366956    0.110730
12035  48140.00      -43.9168    -85.4783766717    -85.4742422891    0.112502
12036  48144.00      -39.5544    -85.4776458676    -85.4703084222    0.199662
12037  48148.00       38.9943    -85.4663206558    -85.4563159481    0.272242
12038  48152.00       32.5456    -85.4758275039    -85.4665049894    0.253679
12039  48156.00       35.4429    -85.4842463235    -85.4770315481    0.196324
12040  48160.00      -37.0796    -85.4834054467    -85.4766968325    0.182551
12041  48164.00       38.8531    -85.4741034950    -85.4651458518    0.243750
12042  48168.00       38.6567    -85.4671104197    -85.4561604159    0.297965
12043  48172.00       39.8102    -85.4708093587    -85.4600388168    0.293081
12044  48176.00      -35.9468    -85.4782741804    -85.4689692325    0.253201
12045  48180.00       38.9006    -85.4740638224    -85.4650901372    0.244186
12046  48184.00      -46.4962    -85.4645486947    -85.4551226172    0.256497
12047  48188.00      -43.6328    -85.4802730205    -85.4717537424    0.231821
12048  48192.00       49.3980    -85.4817092179    -85.4754238225    0.171034
12049  48196.00      -56.2976    -85.4685360022    -85.4633949608    0.139895
12050  48200.00       56.5597    -85.4791509425    -85.4727905016    0.173076
12051  48204.00       56.1329    -85.4754823485    -85.4666153257    0.241284
12052  48208.00       53.7233    -85.4724413644    -85.4630022701    0.256851
12053  48212.00       55.5946    -85.4736180239    -85.4653837143    0.224067
12054  48216.00      -60.3575    -85.4705021754    -85.4637983180    0.182421
12055  48220.00       56.4127    -85.4731176754    -85.4663410578    0.184401
12056  48224.00      -59.7507    -85.4599151527    -85.4516777088    0.224152
12057  48228.00       57.6904    -85.4603324956    -85.4523246993    0.217903
12058  48232.00       62.1796    -85.4649595499    -85.4578265672    0.194098
12059  48236.00       66.4163    -85.4684062554    -85.4612027843    0.196016
12060  48240.00       60.8241    -85.4870594490    -85.4771994505    0.268304
12061  48244.00       59.2241    -85.4792379386    -85.4663051255    0.351920
12062  48248.00       56.4195    -85.4720649777    -85.4596187315    0.338680
12063  48252.00      -60.4464    -85.4745894618    -85.4654576412    0.248489
12064  48256.00      -66.7220    -85.4749885690    -85.4686113867    0.173532
12065  48260.00       69.5504    -85.4758240225    -85.4688895226    0.188697
12066  48264.00       65.8525    -85.4776477395    -85.4666161018    0.300186
12067  48268.00      -62.1473    -85.4785905840    -85.4653012280    0.361622
12068  48272.00      -63.7675    -85.4724185821    -85.4623720247    0.273381
12069  48276.00       62.6775    -85.4704669898    -85.4644666132    0.163279
12070  48280.00      -67.4435    -85.4752083666    -85.4691021591    0.166158
12071  48284.00      -65.4970    -85.4844894756    -85.4757185610    0.238669
12072  48288.00       61.7002    -85.4799543037    -85.4672869695    0.344696
12073  48292.00       60.0021    -85.4725403952    -85.4591119514    0.365407
12074  48296.00      -58.9019    -85.4841603047    -85.4731484894    0.299647
12075  48300.00      -64.9998    -85.4823673079    -85.4723612385    0.272279
12076  48304.00      -63.6875    -85.4673604167    -85.4548182359    0.341290
12077  48308.00      -58.9009    -85.4685195311    -85.4536984828    0.403301
12078  48312.00      -59.3696    -85.4780320062    -85.4640007868    0.381809
12079  48316.00       66.0731    -85.4844604709    -85.4741663992    0.280116
12080  48320.00       67.2740    -85.4764722753    -85.4684199116    0.219116
12081  48324.00       67.7217    -85.4632068148    -85.4534994463    0.264151
12082  48328.00      -62.5163    -85.4739492759    -85.4607140010    0.360150
12083  48332.00      -61.2253    -85.4788764007    -85.4641697867    0.400187
12084  48336.00       72.6484    -85.4846389890    -85.4721726709    0.339226
12085  48340.00       78.3186    -85.4843657951    -85.4741069057    0.279159
12086  48344.00       78.1839    -85.4729232531    -85.4621879682    0.292122
12087  48348.00      -73.7629    -85.4765192186    -85.4642308261    0.334384
12088  48352.00       65.6799    -85.4796893526    -85.4664391474    0.360556
12089  48356.00       69.5489    -85.4661882092    -85.4544635967    0.319043
12090  48360.00      -71.9243    -85.4671416146    -85.4577481594    0.255609
12091  48364.00           nan               nan               nan         nan
12092  48368.00       72.0294    -85.4701006951    -85.4598899134    0.277850
12093  48372.00           nan               nan               nan         nan
12094  48376.00      -68.1324    -85.4756611598    -85.4628317866    0.349105
12095  48380.00       73.1875    -85.4705792993    -85.4582608184    0.335203
12096  48384.00       68.5618    -85.4714126043    -85.4596184591    0.320935
12097  48388.00       66.9573    -85.4808234267    -85.4693903233    0.311111
12098  48392.00       69.3314    -85.4785620931    -85.4672128801    0.308828
12099  48396.00      -74.7845    -85.4692100318    -85.4578225739    0.309869
12100  48400.00       76.9359    -85.4780088528    -85.4671913491    0.294359
12101  48404.00       71.2593    -85.4657641092    -85.4551529532    0.288744
12102  48408.00      -64.1234    -85.4636505985    -85.4523318680    0.307998
12103  48412.00      -65.0516    -85.4718765570    -85.4598622210    0.326927
12104  48416.00       64.7356    -85.4690344512    -85.4582723537    0.292852
12105  48420.00      -65.6778    -85.4862022624    -85.4756825716    0.286255
12106  48424.00      -61.1800    -85.4787235513    -85.4674993219    0.305427
12107  48428.00       50.2114    -85.4803056454    -85.4677425809    0.341858
12108  48432.00      -45.7790    -85.4799705385    -85.4661367178    0.376437
12109  48436.00      -48.2315    -85.4525244964    -85.4399323058    0.342651
12110  48440.00       47.7429    -85.4660543145    -85.4553895265    0.290204
12111  48444.00      -50.4333    -85.4864031148    -85.4749958435    0.310408
12112  48448.00      -49.9319    -85.4775576502    -85.4662609506    0.307399
12113  48452.00      -49.1810    -85.4699477037    -85.4591447540    0.293963
12114  48456.00       54.7409    -85.4668815722    -85.4574616672    0.256329
12115  48460.00       54.0698    -85.4779471952    -85.4697532589    0.222968
12116  48464.00      -52.2108    -85.4642691358    -85.4546161261    0.262672
12117  48468.00       46.5694    -85.4668717281    -85.4543081378    0.341873
12118  48472.00       35.5548    -85.4811168015    -85.4678050243    0.362232
12119  48476.00      -38.7085    -85.4772887130    -85.4659490498    0.308568
12120  48480.00       47.9338    -85.4667340580    -85.4589536465    0.211716
12121  48484.00      -47.7517    -85.4532359279    -85.4458316869    0.201480
12122  48488.00       54.6063    -85.4717987625    -85.4617287221    0.274020
12123  48492.00      -50.2773    -85.4740187411    -85.4626000543    0.310718
12124  48496.00       47.7401    -85.4574497052    -85.4458453148    0.315772
12125  48500.00       47.9840    -85.4636083235    -85.4528784238    0.291975
12126  48504.00      -40.4974    -85.4694727641    -85.4596158226    0.268221
12127  48508.00      -40.4323    -85.4707459223    -85.4602397329    0.285888
12128  48512.00       48.7235    -85.4693713082    -85.4586265850    0.292379
12129  48516.00      -49.3549    -85.4644581689    -85.4551274360    0.253902
12130  48520.00       57.6305    -85.4799548207    -85.4716308732    0.226506
12131  48524.00      -56.2497    -85.4738554163    -85.4658350011    0.218247
12132  48528.00      -47.2587    -85.4717062779    -85.4623045218    0.255835
12133  48532.00      -52.9233    -85.4780114815    -85.4675904014    0.283572
12134  48536.00       53.5186    -85.4788277766    -85.4693317228    0.258401
12135  48540.00       54.7642    -85.4656101340    -85.4568836923    0.237459
12136  48544.00       55.0817    -85.4598095195    -85.4510182672    0.239222
12137  48548.00      -50.4436    -85.4792906215    -85.4695977749    0.263756
12138  48552.00       54.3065    -85.4730560474    -85.4623291275    0.291894
12139  48556.00      -59.8424    -85.4642470900    -85.4538325877    0.283393
12140  48560.00      -59.6346    -85.4728965238    -85.4637306116    0.249417
12141  48564.00       61.6717    -85.4617738554    -85.4525648033    0.250591
12142  48568.00       56.9055    -85.4632195982    -85.4539562119    0.252070
12143  48572.00      -61.4932    -85.4727426744    -85.4634955054    0.251628
12144  48576.00      -66.5362    -85.4711169862    -85.4620870750    0.245716
12145  48580.00      -69.2546    -85.4700127197    -85.4611628205    0.240818
12146  48584.00       65.7585    -85.4691202760    -85.4594921760    0.261994
12147  48588.00      -65.4443    -85.4665853845    -85.4564265226    0.276437
12148  48592.00      -67.0811    -85.4550297517    -85.4453841525    0.262470
12149  48596.00       71.7444    -85.4607368961    -85.4517978932    0.243243
12150  48600.00       70.6062    -85.4849763122    -85.4775377858    0.202413
12151  48604.00       62.3856    -85.4913176974    -85.4834728558    0.213469
12152  48608.00      -52.4484    -85.4671090895    -85.4573012034    0.266886
12153  48612.00      -51.9830    -85.4676839994    -85.4572835559    0.283010
12154  48616.00      -51.8510    -85.4868835606    -85.4768161777    0.273947
12155  48620.00       53.7395    -85.4659740166    -85.4571561146    0.239947
12156  48624.00       49.5613    -85.4566489900    -85.4483071979    0.226992
12157  48628.00       52.4465    -85.4634825101    -85.4541034110    0.255218
12158  48632.00       54.7919    -85.4722155980    -85.4624567400    0.265552
12159  48636.00       47.3151    -85.4682687301    -85.4596552184    0.234386
12160  48640.00      -51.4118    -85.4571397368    -85.4490919613    0.218991
12161  48644.00      -49.5630    -85.4685177448    -85.4608343733    0.209075
12162  48648.00      -53.5682    -85.4705412141    -85.4615408226    0.244913
12163  48652.00       60.1510    -85.4621200774    -85.4520900425    0.272931
12164  48656.00      -53.9341    -85.4688513316    -85.4601162201    0.237694
12165  48660.00      -57.2128    -85.4752950701    -85.4677901921    0.204218
12166  48664.00       54.8147    -85.4732771284    -85.4669853165    0.171209
12167  48668.00      -44.0834    -85.4616040323    -85.4552006991    0.174244
12168  48672.00      -43.9067    -85.4685868473    -85.4590221144    0.260270
12169  48676.00       31.9076    -85.4791630268    -85.4684750335    0.290835
12170  48680.00      -31.5810    -85.4735247745    -85.4638761235    0.262553
12171  48684.00       37.9492    -85.4562085331    -85.4486418987    0.205899
12172  48688.00       37.5416    -85.4654995244    -85.4588086607    0.182068
12173  48692.00       40.7354    -85.4875806846    -85.4778555210    0.264635
12174  48696.00      -37.2639    -85.4689326653    -85.4568369995    0.329140
12175  48700.00      -34.6792    -85.4556283237    -85.4448554691    0.293144
12176  48704.00      -45.5994    -85.4710031078    -85.4632431670    0.211159
12177  48708.00      -46.6519    -85.4737327343    -85.4687840346    0.134661
12178  48712.00      -47.3708    -85.4712225901    -85.4654020476    0.158385
12179  48716.00       48.0345    -85.4598709428    -85.4504801888    0.255535
12180  48720.00       42.9422    -85.4611048469    -85.4501990183    0.296763
12181  48724.00       41.7433    -85.4688109619    -85.4596668509    0.248824
12182  48728.00      -49.4288    -85.4715641537    -85.4653898777    0.168011
12183  48732.00       51.9463    -85.4848375130    -85.4794996825    0.145250
12184  48736.00      -52.5183    -85.4810952326    -85.4736209840    0.203385
12185  48740.00      -46.6620    -85.4675491196    -85.4583413300    0.250557
12186  48744.00       38.9789    -85.4769668643    -85.4685876205    0.228011
12187  48748.00      -45.9082    -85.4712877294    -85.4647422499    0.178112
12188  48752.00       52.3952    -85.4691676280    -85.4633145589    0.159270
12189  48756.00      -47.9701    -85.4705994909    -85.4629425126    0.208357
12190  48760.00       45.6145    -85.4663793671    -85.4558088643    0.287638
12191  48764.00       46.9955    -85.4601667042    -85.4498504245    0.280720
12192  48768.00       47.4596    -85.4696030489    -85.4608137773    0.239168
12193  48772.00       59.2484    -85.4686175875    -85.4614646543    0.194641
12194  48776.00      -58.9249    -85.4608267721    -85.4548968973    0.161360
12195  48780.00       59.1239    -85.4551024915    -85.4479017817    0.195941
12196  48784.00       57.9604    -85.4731246484    -85.4651084163    0.218133
12197  48788.00      -55.9190    -85.4927027635    -85.4843895651    0.226214
12198  48792.00       57.5091    -85.4697595685    -85.4617108898    0.219016
12199  48796.00      -57.4216    -85.4531468320    -85.4467370916    0.174418
12200  48800.00       56.5274    -85.4748283558    -85.4680954541    0.183212
12201  48804.00      -60.8644    -85.4759446951    -85.4681742692    0.211444
12202  48808.00      -59.2728    -85.4710071832    -85.4627111158    0.225747
12203  48812.00       59.7864    -85.4664943421    -85.4578924658    0.234069
12204  48816.00       54.4687    -85.4650704666    -85.4581520551    0.188260
12205  48820.00      -50.5600    -85.4719277326    -85.4661556870    0.157065
12206  48824.00       59.3199    -85.4759626564    -85.4696656793    0.171349
12207  48828.00      -60.1644    -85.4783084488    -85.4718131075    0.176747
12208  48832.00      -56.4687    -85.4725666276    -85.4654599668    0.193382
12209  48836.00      -56.0413    -85.4799491288    -85.4722248189    0.210189
12210  48840.00      -51.0527    -85.4625419524    -85.4560573898    0.176454
12211  48844.00      -59.9715    -85.4520722088    -85.4454002960    0.181552
12212  48848.00      -59.4452    -85.4718410764    -85.4646194174    0.196511
12213  48852.00      -54.4761    -85.4689406538    -85.4611646433    0.211596
12214  48856.00       58.0402    -85.4679811173    -85.4589931883    0.244574
12215  48860.00       54.0019    -85.4664484373    -85.4578835500    0.233062
12216  48864.00       56.3028    -85.4718073945    -85.4637655769    0.218829
12217  48868.00      -61.7276    -85.4816094729    -85.4742481093    0.200313
12218  48872.00       57.4314    -85.4709613715    -85.4640972801    0.186781
12219  48876.00       62.0680    -85.4665087538    -85.4587448243    0.211267
12220  48880.00      -66.5872    -85.4685001228    -85.4610545148    0.202605
12221  48884.00       65.5909    -85.4674803658    -85.4603697513    0.193490
12222  48888.00      -73.3059    -85.4650374374    -85.4573435251    0.209362
12223  48892.00       61.8270    -85.4658597695    -85.4591609527    0.182284
12224  48896.00       53.0897    -85.4715612758    -85.4639319773    0.207604
12225  48900.00      -50.9100    -85.4666451102    -85.4583163674    0.226637
12226  48904.00      -53.6000    -85.4588807391    -85.4506589913    0.223725
12227  48908.00      -55.4406    -85.4680229190    -85.4596072973    0.229001
12228  48912.00       62.0985    -85.4796287439    -85.4723173175    0.198954
12229  48916.00       61.4694    -85.4791934539    -85.4724855020    0.182533
12230  48920.00      -67.1695    -85.4742676881    -85.4659800819    0.225517
12231  48924.00       68.8972    -85.4607243870    -85.4520530992    0.235958
12232  48928.00       67.2376    -85.4688270956    -85.4595458741    0.252555
12233  48932.00      -70.3267    -85.4847002410    -85.4748590729    0.267792
12234  48936.00       68.2780    -85.4675371568    -85.4587926804    0.237949
12235  48940.00      -71.5753    -85.4671801441    -85.4578097340    0.254982
12236  48944.00      -79.9902    -85.4760862975    -85.4668659887    0.250897
12237  48948.00      -77.5376    -85.4723563903    -85.4650515091    0.198776
12238  48952.00       87.1784    -85.4729004354    -85.4656390295    0.197593
12239  48956.00       86.9620    -85.4729772468    -85.4662134808    0.184051
12240  48960.00      -84.8220    -85.4838151097    -85.4767307264    0.192776
12241  48964.00       88.8285    -85.4755219743    -85.4670050841    0.231756
12242  48968.00      -80.9777    -85.4704162712    -85.4621428177    0.225132
12243  48972.00       77.2187    -85.4682694862    -85.4594491005    0.240015
12244  48976.00       78.0064    -85.4619238712    -85.4528071043    0.248080
12245  48980.00       74.0059    -85.4744134407    -85.4656446449    0.238611
12246  48984.00      -78.7032    -85.4748240173    -85.4651109982    0.264305
12247  48988.00      -81.2853    -85.4691924441    -85.4590606476    0.275700
12248  48992.00      -79.5176    -85.4762123930    -85.4668003873    0.256114
12249  48996.00      -85.6805    -85.4765419623    -85.4677241415    0.239945
12250  49000.00       86.5455    -85.4797228296    -85.4721931145    0.204894
12251  49004.00      -84.8038    -85.4717280475    -85.4644085199    0.199174
12252  49008.00      -84.1423    -85.4781464377    -85.4694188379    0.237490
12253  49012.00       76.5127    -85.4831841401    -85.4736335328    0.259885
12254  49016.00       77.3624    -85.4643463668    -85.4547766530    0.260405
12255  49020.00      -86.6199    -85.4754789636    -85.4664061070    0.246885
12256  49024.00       87.3490    -85.4747007454    -85.4666427862    0.219268
12257  49028.00       86.7081    -85.4589866220    -85.4508966638    0.220139
12258  49032.00      -83.6315    -85.4627761046    -85.4546491460    0.221146
12259  49036.00      -76.3189    -85.4603800051    -85.4527375767    0.207961
12260  49040.00      -74.3821    -85.4774682835    -85.4700075278    0.203018
12261  49044.00      -73.9381    -85.4801930192    -85.4717736004    0.229104
12262  49048.00       67.2336    -85.4724212559    -85.4621433764    0.279675
12263  49052.00       65.4679    -85.4775369504    -85.4665666026    0.298518
12264  49056.00       63.5904    -85.4829418662    -85.4729928019    0.270728
12265  49060.00       62.4872    -85.4807939895    -85.4731771799    0.207264
12266  49064.00       64.1175    -85.4577798797    -85.4515776387    0.168772
12267  49068.00      -59.9570    -85.4641333028    -85.4569045766    0.196704
12268  49072.00      -55.7198    -85.4816755956    -85.4710025753    0.290428
12269  49076.00       51.6369    -85.4727093943    -85.4613896019    0.308027
12270  49080.00      -53.1301    -85.4709141037    -85.4618737935    0.245999
12271  49084.00       54.6012    -85.4567466486    -85.4507439960    0.163340
12272  49088.00      -59.2844    -85.4772253703    -85.4721864518    0.137116
12273  49092.00      -53.7342    -85.4833312529    -85.4772463563    0.165578
12274  49096.00       55.8403    -85.4644363164    -85.4554163799    0.245445
12275  49100.00       53.6165    -85.4842491313    -85.4737435572    0.285871
12276  49104.00       54.7234    -85.4738050051    -85.4629515260    0.295338
12277  49108.00      -49.2999    -85.4629562505    -85.4532632556    0.263760
12278  49112.00       41.9719    -85.4748547681    -85.4664304533    0.229237
12279  49116.00       43.4423    -85.4695107290    -85.4624178908    0.193006
12280  49120.00      -40.4959    -85.4669161359    -85.4611564182    0.156730
12281  49124.00      -36.1008    -85.4708780344    -85.4648243149    0.164730
12282  49128.00       37.1839    -85.4733419824    -85.4652891034    0.219130
12283  49132.00       33.6556    -85.4707315601    -85.4602730146    0.284592
12284  49136.00       36.4121    -85.4726669244    -85.4618274909    0.294956
12285  49140.00      -42.2596    -85.4773373525    -85.4692866451    0.219071
12286  49144.00      -39.8712    -85.4839741570    -85.4785363160    0.147971
12287  49148.00       44.0730    -85.4854374000    -85.4802691869    0.140634
12288  49152.00      -36.8803    -85.4793788784    -85.4730805845    0.171385
12289  49156.00      -36.6187    -85.4681127408    -85.4613207232    0.184820
12290  49160.00       38.4566    -85.4533144732    -85.4478427153    0.148894
12291  49164.00      -36.1341    -85.4667075331    -85.4611341384    0.151660
12292  49168.00       37.8965    -85.4874138026    -85.4803693203    0.191690
12293  49172.00       36.7303    -85.4670769577    -85.4597400270    0.199648
12294  49176.00       34.6728    -85.4569203869    -85.4509568363    0.162276
12295  49180.00      -37.3571    -85.4746529637    -85.4700608344    0.124958
12296  49184.00      -35.8914    -85.4881564185    -85.4822678915    0.160235
12297  49188.00      -28.0311    -85.4786570231    -85.4689142500    0.265114
12298  49192.00      -30.6375    -85.4743652810    -85.4616793840    0.345201
12299  49196.00       27.4740    -85.4818707245    -85.4725906229    0.252524
12300  49200.00       39.4677    -85.4819965414    -85.4784958677    0.095258
12301  49204.00      -46.9013    -85.4733016985    -85.4697949686    0.095423
12302  49208.00       37.6474    -85.4703097844    -85.4661452751    0.113322
12303  49212.00       38.2232    -85.4728835069    -85.4640237769    0.241086
12304  49216.00       37.4229    -85.4710863414    -85.4605991276    0.285372
12305  49220.00      -39.0170    -85.4801326065    -85.4720299682    0.220484
12306  49224.00      -47.2067    -85.4784468312    -85.4726208891    0.158532
12307  49228.00      -47.3858    -85.4762153787    -85.4697252610    0.176605
12308  49232.00      -47.1199    -85.4816042069    -85.4730145510    0.233736
12309  49236.00      -48.3806    -85.4709052087    -85.4622238736    0.236231
12310  49240.00       50.9233    -85.4744297045    -85.4674583843    0.189699
12311  49244.00      -57.3906    -85.4833649304    -85.4773128700    0.164685
12312  49248.00       52.1342    -85.4713646293    -85.4636045287    0.211163
12313  49252.00      -45.8023    -85.4770954135    -85.4649038005    0.331751
12314  49256.00       52.1779    -85.4856237016    -85.4723452185    0.361326
12315  49260.00      -50.9262    -85.4816654657    -85.4730815857    0.233579
12316  49264.00      -53.8972    -85.4691920332    -85.4643886196    0.130708
12317  49268.00      -62.0884    -85.4584739685    -85.4532373865    0.142495
12318  49272.00       53.1566    -85.4832114738    -85.4744931037    0.237239
12319  49276.00       56.6035    -85.4911432227    -85.4790352885    0.329474
12320  49280.00      -65.1418    -85.4854762402    -85.4739393830    0.313934
12321  49284.00       64.8939    -85.4844645298    -85.4763239548    0.221516
12322  49288.00       67.0261    -85.4771392310    -85.4704654777    0.181602
12323  49292.00       65.1472    -85.4742413298    -85.4656139319    0.234763
12324  49296.00      -54.2299    -85.4730223862    -85.4619599815    0.301023
12325  49300.00       61.5021    -85.4786735154    -85.4665787987    0.329114
12326  49304.00      -66.3237    -85.4599108633    -85.4482711716    0.316732
12327  49308.00      -68.0277    -85.4632214915    -85.4522216933    0.299320
12328  49312.00      -72.3212    -85.4865269766    -85.4753690448    0.303623
12329  49316.00       71.2425    -85.4726705951    -85.4617303290    0.297700
12330  49320.00      -74.9040    -85.4664336681    -85.4564271762    0.272291
12331  49324.00      -72.1895    -85.4766956288    -85.4674696759    0.251051
12332  49328.00      -71.0391    -85.4879505216    -85.4779797273    0.271319
12333  49332.00       72.1957    -85.4874395876    -85.4756544809    0.320689
12334  49336.00      -63.9253    -85.4732009171    -85.4605265476    0.344887
12335  49340.00       61.2021    -85.4803466687    -85.4684260980    0.324375
12336  49344.00      -63.5797    -85.4735545085    -85.4627017248    0.295319
12337  49348.00       63.8722    -85.4647936010    -85.4537346628    0.300929
12338  49352.00       63.8934    -85.4765973327    -85.4644580085    0.330328
12339  49356.00       59.0257    -85.4798448149    -85.4669056600    0.352092
12340  49360.00      -60.6728    -85.4747404396    -85.4622157563    0.340814
12341  49364.00      -62.3387    -85.4752818466    -85.4634683922    0.321460
12342  49368.00      -61.1739    -85.4880786489    -85.4757206235    0.336279
12343  49372.00       53.9302    -85.4790226727    -85.4655430058    0.366800
12344  49376.00      -56.5881    -85.4745026090    -85.4609339587    0.369222
12345  49380.00      -53.7949    -85.4742462830    -85.4629768007    0.306658
12346  49384.00      -50.8823    -85.4686385271    -85.4597591917    0.241619
12347  49388.00       53.2268    -85.4808571415    -85.4706265913    0.278387
12348  49392.00       48.5803    -85.4828430131    -85.4694139624    0.365423
12349  49396.00      -43.0725    -85.4739085101    -85.4593862309    0.395171
12350  49400.00      -41.4086    -85.4691107294    -85.4573482794    0.320073
12351  49404.00      -43.9934    -85.4742877876    -85.4674996269    0.184715
12352  49408.00      -49.4618    -85.4818429075    -85.4761595196    0.154653
12353  49412.00       43.7340    -85.4861880330    -85.4762829249    0.269532
12354  49416.00       38.0434    -85.4817122663    -85.4664504173    0.415296
12355  49420.00       40.7832    -85.4755070401    -85.4606472855    0.404355
12356  49424.00      -44.9107    -85.4819746775    -85.4730192117    0.243691
12357  49428.00      -50.6715    -85.4724597665    -85.4676708909    0.130312
12358  49432.00       47.3429    -85.4575795340    -85.4521852841    0.146785
12359  49436.00      -41.7158    -85.4727740801    -85.4625042057    0.279458
12360  49440.00       40.9696    -85.4733594810    -85.4607268653    0.343751
12361  49444.00       42.2262    -85.4824761688    -85.4733088160    0.249456
12362  49448.00      -48.2035    -85.4624647069    -85.4570042058    0.148588
12363  49452.00      -43.7313    -85.4593326019    -85.4534285969    0.160656
12364  49456.00       36.8171    -85.4902083254    -85.4805570570    0.262624
12365  49460.00      -40.1577    -85.4692447168    -85.4574744003    0.320287
12366  49464.00       44.4016    -85.4717145138    -85.4617121958    0.272177
12367  49468.00       45.3054    -85.4857100077    -85.4800191824    0.154855
12368  49472.00       45.3051    -85.4802184272    -85.4744913309    0.155842
12369  49476.00       42.9550    -85.4740758478    -85.4636703555    0.283148
12370  49480.00      -41.3195    -85.4643518043    -85.4506759727    0.372138
12371  49484.00       49.0348    -85.4856014875    -85.4734988795    0.329329
12372  49488.00       52.1142    -85.4794426890    -85.4719995026    0.202539
12373  49492.00       55.2775    -85.4541362694    -85.4491615869    0.135368
12374  49496.00       55.1086    -85.4702685326    -85.4634013538    0.186865
12375  49500.00       52.9822    -85.4816696531    -85.4705703318    0.302028
12376  49504.00      -55.6714    -85.4739798639    -85.4619889762    0.326289
12377  49508.00       57.8820    -85.4660910957    -85.4570110310    0.247081
12378  49512.00      -58.4439    -85.4644437970    -85.4580977188    0.172686
12379  49516.00       55.0674    -85.4648490617    -85.4575378060    0.198949
12380  49520.00      -51.1936    -85.4701464680    -85.4599771113    0.276722
12381  49524.00      -55.3626    -85.4732529707    -85.4615536176    0.318356
12382  49528.00      -55.2799    -85.4716871455    -85.4609838124    0.291253
12383  49532.00       57.2192    -85.4695495618    -85.4610986228    0.229962
12384  49536.00       63.0827    -85.4734314968    -85.4651064276    0.226537
12385  49540.00      -60.3250    -85.4704739660    -85.4609502194    0.259154
12386  49544.00       63.6680    -85.4688901863    -85.4598604522    0.245712
12387  49548.00      -60.2706    -85.4650292988    -85.4568982792    0.221256
12388  49552.00       63.1565    -85.4785086945    -85.4699050551    0.234117
12389  49556.00      -65.4565    -85.4673070647    -85.4573142688    0.271918
12390  49560.00       63.5220    -85.4553973181    -85.4422845110    0.356818
12391  49564.00      -63.4373    -85.4790030754    -85.4653671208    0.371053
12392  49568.00      -60.6136    -85.4765753313    -85.4653876985    0.304431
12393  49572.00       62.2123    -85.4580831480    -85.4475133062    0.287620
12394  49576.00       66.0443    -85.4760203019    -85.4652252629    0.293748
12395  49580.00      -65.5527    -85.4692441996    -85.4568370029    0.337617
12396  49584.00       64.9254    -85.4692941428    -85.4553411744    0.379680
12397  49588.00      -68.7293    -85.4777352490    -85.4644062169    0.362701
12398  49592.00      -68.8440    -85.4630143185    -85.4505333620    0.339624
12399  49596.00       65.9294    -85.4722707841    -85.4611203783    0.303418
12400  49600.00       60.8683    -85.4710454834    -85.4609238655    0.275423
12401  49604.00       61.1300    -85.4656605783    -85.4545190402    0.303177
12402  49608.00      -59.6000    -85.4816829090    -85.4705545136    0.302819
12403  49612.00      -56.4372    -85.4711355876    -85.4589241923    0.332289
12404  49616.00       53.7796    -85.4710127251    -85.4563339000    0.399431
12405  49620.00      -53.9519    -85.4807629509    -85.4658811446    0.404955
12406  49624.00       58.3160    -85.4800355478    -85.4664965737    0.368414
12407  49628.00      -64.4229    -85.4829710663    -85.4720993007    0.295836
12408  49632.00       68.2177    -85.4688796890    -85.4598747871    0.245036
12409  49636.00       65.0932    -85.4643604697    -85.4533889501    0.298550
12410  49640.00      -64.7197    -85.4907781493    -85.4767415812    0.381954
12411  49644.00       66.8583    -85.4816566366    -85.4674295092    0.387140
12412  49648.00      -70.7237    -85.4582472944    -85.4457745730    0.339400
12413  49652.00      -77.2996    -85.4696800514    -85.4600756487    0.261349
12414  49656.00      -76.1678    -85.4851709879    -85.4754038796    0.265777
12415  49660.00      -74.5592    -85.4780326873    -85.4651761471    0.349844
12416  49664.00      -78.9584    -85.4689626749    -85.4557361200    0.359913
12417  49668.00      -85.8578    -85.4729017714    -85.4615009718    0.310232
12418  49672.00      -93.5351    -85.4722743773    -85.4625863495    0.263625
12419  49676.00       97.0602    -85.4817789280    -85.4717778847    0.272142
12420  49680.00       97.4711    -85.4775210753    -85.4651398424    0.336911
12421  49684.00       94.3356    -85.4780260575    -85.4654541833    0.342098
12422  49688.00       93.7471    -85.4719980759    -85.4617782456    0.278096
12423  49692.00     -100.0243    -85.4546578648    -85.4453220263    0.254041
12424  49696.00      103.8035    -85.4849086375    -85.4738736207    0.300278
12425  49700.00       99.9059    -85.4783428387    -85.4621412010    0.440869
12426  49704.00      104.1452    -85.4696275035    -85.4498944374    0.536964
12427  49708.00     -107.6237    -85.4750345914    -85.4579910252    0.463779
12428  49712.00      113.5833    -85.4687348743    -85.4565049477    0.332793
12429  49716.00     -117.6377    -85.4816056598    -85.4714999818    0.274990
12430  49720.00      114.0698    -85.4788964119    -85.4672635291    0.316547
12431  49724.00     -109.3913    -85.4611718818    -85.4446970665    0.448303
12432  49728.00     -107.5472    -85.4691744690    -85.4521072915    0.464422
12433  49732.00     -111.7227    -85.4801017767    -85.4652023530    0.405434
12434  49736.00     -111.2156    -85.4848054704    -85.4720289762    0.347666
12435  49740.00     -107.2560    -85.4714807224    -85.4587125937    0.347438
12436  49744.00      103.6691    -85.4612421458    -85.4455841495    0.426076
12437  49748.00      103.7248    -85.4791315395    -85.4626372355    0.448833
12438  49752.00     -108.1743    -85.4881784860    -85.4736082719    0.396476
12439  49756.00      114.4349    -85.4705343790    -85.4572338979    0.361925
12440  49760.00     -111.3415    -85.4630485007    -85.4500445461    0.353856
12441  49764.00      110.4277    -85.4685810303    -85.4541984853    0.391369
12442  49768.00      115.5765    -85.4642781952    -85.4489853573    0.416139
12443  49772.00     -118.3590    -85.4720835859    -85.4573049357    0.402148
12444  49776.00      124.9971    -85.4725674371    -85.4580318691    0.395533
12445  49780.00      124.7926    -85.4672520554    -85.4521143044    0.411919
12446  49784.00      120.3777    -85.4778830981    -85.4614565078    0.446990
12447  49788.00     -116.8243    -85.4759925815    -85.4598538144    0.439158
12448  49792.00     -117.5127    -85.4740249262    -85.4596433075    0.391344
12449  49796.00      113.6188    -85.4791402610    -85.4661417503    0.353707
12450  49800.00     -108.0268    -85.4712292580    -85.4589350156    0.334543
12451  49804.00      102.5300    -85.4645278991    -85.4526766466    0.322489
12452  49808.00     -103.7877    -85.4759571348    -85.4643571081    0.315653
12453  49812.00     -105.8016    -85.4783486621    -85.4668480194    0.312948
12454  49816.00      -99.6108    -85.4745840775    -85.4623327093    0.333377
12455  49820.00       93.0562    -85.4783122572    -85.4635949424    0.400479
12456  49824.00       90.5612    -85.4764847069    -85.4610179997    0.420871
12457  49828.00      -87.3885    -85.4707690152    -85.4568937480    0.377565
12458  49832.00      -89.2031    -85.4604482775    -85.4488762458    0.314891
12459  49836.00       83.2347    -85.4498076827    -85.4403451364    0.257489
12460  49840.00      -76.4603    -85.4666367272    -85.4562217725    0.283405
12461  49844.00      -72.6334    -85.4665230330    -85.4534310071    0.356252
12462  49848.00      -69.2304    -85.4625683951    -85.4494229516    0.357706
12463  49852.00       72.5808    -85.4683914303    -85.4562084459    0.331516
12464  49856.00      -71.4650    -85.4735856337    -85.4618849906    0.318391
12465  49860.00      -68.1729    -85.4740037858    -85.4604749858    0.368137
12466  49864.00      -67.3252    -85.4710546426    -85.4557403990    0.416722
12467  49868.00      -62.7757    -85.4723967124    -85.4588501331    0.368621
12468  49872.00       60.6238    -85.4703250334    -85.4599630769    0.281963
12469  49876.00      -61.7504    -85.4750383066    -85.4658653006    0.249610
12470  49880.00       50.0963    -85.4773106119    -85.4664886569    0.294480
12471  49884.00      -50.1084    -85.4660796644    -85.4521974440    0.377754
12472  49888.00      -52.1573    -85.4705960042    -85.4575136244    0.355990
12473  49892.00      -49.8396    -85.4775351828    -85.4680758521    0.257401
12474  49896.00       59.3910    -85.4793936411    -85.4713990858    0.217543
12475  49900.00      -55.6846    -85.4720419755    -85.4623912918    0.262608
12476  49904.00       48.5684    -85.4716135892    -85.4571580376    0.393356
12477  49908.00       50.9777    -85.4811794174    -85.4651820343    0.435311
12478  49912.00      -46.7925    -85.4758959251    -85.4641120022    0.320657
12479  49916.00      -43.5050    -85.4584444546    -85.4516171704    0.185780
12480  49920.00       43.7462    -85.4643825065    -85.4586317762    0.156485
12481  49924.00       38.5493    -85.4686485166    -85.4586121922    0.273102
12482  49928.00      -38.4557    -85.4761827643    -85.4623285279    0.376993
12483  49932.00      -48.2410    -85.4828265730    -85.4710154761    0.321396
12484  49936.00      -50.4120    -85.4781717787    -85.4707018871    0.203266
12485  49940.00      -55.2007    -85.4770520489    -85.4711071433    0.161769
12486  49944.00      -51.7749    -85.4667457477    -85.4581547497    0.233773
12487  49948.00      -46.4677    -85.4724876296    -85.4591196565    0.363761
12488  49952.00      -48.4208    -85.4900214543    -85.4765173662    0.367465
12489  49956.00      -45.2949    -85.4801056379    -85.4705800309    0.259205
12490  49960.00      -44.0791    -85.4748562705    -85.4683868372    0.176042
12491  49964.00       46.0611    -85.4745285407    -85.4675254018    0.190565
12492  49968.00      -43.8753    -85.4684459091    -85.4583420510    0.274940
12493  49972.00       53.3143    -85.4765986063    -85.4656115742    0.298972
12494  49976.00      -52.3855    -85.4644429620    -85.4558652111    0.233412
12495  49980.00       54.0522    -85.4630711388    -85.4563166649    0.183799
12496  49984.00      -51.6401    -85.4723616824    -85.4651712959    0.195660
12497  49988.00       48.2496    -85.4757067251    -85.4663823492    0.253729
12498  49992.00       49.9253    -85.4756315825    -85.4649679571    0.290172
12499  49996.00       54.6177    -85.4574879523    -85.4474015079    0.274466
