200050,200.05000000059115,-44273.868602684684,17581.618981367636,302.255963458116,81.27610650933082,0.7833547029789862
200100,200.1000000005914,-44322.487529110775,17541.949819310397,301.57398753713323,81.54177253088586,0.7808025052409736
200150,200.15000000059163,-44345.94557059923,17614.829795871483,302.82691012381997,82.20829949972264,0.7744719287633495
200200,200.20000000059187,-43885.52721612499,17170.169480523437,295.1824928395217,83.0081526513242,0.7670092423492769
200250,200.2500000005921,-43946.02790898205,17283.41339874929,297.12933571249044,83.34960653775735,0.7638670765057984
200300,200.30000000059235,-43842.41116380059,17226.021051223383,296.1426700752161,83.41504113892907,0.763267863979893
200350,200.3500000005926,-43658.55721106965,16948.161469560135,291.36582241114724,84.01839609764316,0.7577866661476447
200400,200.40000000059283,-43938.62922613567,17157.168347383653,294.958982705024,84.1238253573643,0.7568369603193719
200450,200.45000000059306,-43453.84711452147,16679.892265178136,286.7538485694575,84.5537059716315,0.752989115524593
200500,200.5000000005933,-43651.04102947409,16912.427471825875,290.75149821695186,84.5537059716315,0.752989115524593
200550,200.55000000059354,-43670.6168891792,16987.943122128007,292.0497322227295,84.81921546151308,0.7506320345864884
200600,200.60000000059378,-43591.23766575125,16950.49808521155,291.40599254654256,85.3988569790108,0.7455371479919634
200650,200.65000000059402,-43527.04628787407,16985.959966682643,292.01563862984364,85.3988569790108,0.7455371479919634
200700,200.70000000059426,-43367.53447219769,16926.208091555072,290.98840896434734,84.60638091360399,0.752520313319158
200750,200.7500000005945,-43712.03916455849,17302.34389256201,297.45478097735287,85.39683060100597,0.7455548388133657
200800,200.80000000059474,-43491.363546781184,17199.997162227424,295.6952780773724,85.64825570430901,0.743366222117961
200850,200.85000000059497,-43263.64437813334,17032.335565010348,292.81290884530796,85.86922021443922,0.7414533416619904
200900,200.9000000005952,-43212.54963370882,17081.361179830514,293.6557370545474,85.85372371729885,0.7415871731266176
200950,200.95000000059545,-43033.96311333985,16969.247853495155,291.728330852428,85.9348000173807,0.7408875131032848
201000,201.0000000005957,-43101.15574861733,17187.721399461134,295.48423821204256,85.93496758650302,0.7408860684076759
201050,201.05000000059593,-43272.11531527918,17309.47735323027,297.5774164996766,86.47284019243745,0.7362776581897611
201100,201.10000000059617,-43048.93271130905,17259.381060065596,296.71618162863217,86.39857498568011,0.7369105368283884
201150,201.1500000005964,-42907.34234433163,17284.018269159922,297.1397343958498,86.798907777893,0.7335117676460098
201200,201.20000000059665,-43044.24728838926,17383.543274570395,298.85072736130974,86.7210994648231,0.7341698925269174
201250,201.25000000059688,-42949.025324155955,17390.137941697012,298.96410016663293,87.05430310712194,0.7313598294568002
201300,201.30000000059712,-42904.285201348444,17296.312281577742,297.351088001684,87.05430310712194,0.7313598294568002
201350,201.35000000059736,-42915.64620706506,17308.467561002308,297.56005656694913,86.51344226207182,0.7359321119258927
201400,201.4000000005976,-42998.59427402564,17221.56394686952,296.0660453700545,86.63457332824692,0.7349031434907124
201450,201.45000000059784,-43086.693317175246,17250.46908320286,296.56297058727034,86.63457332824692,0.7349031434907124
201500,201.50000000059808,-43074.99319037507,17396.342505598124,299.07076647772493,86.56011880896838,0.7355352690124627
201550,201.55000000059832,-42981.22565150975,17280.541263465693,297.0799591437998,86.63820878083972,0.7348723059933074
201600,201.60000000059856,-42894.97733077038,17247.991489611984,296.520376817114,86.55435846913942,0.7355842201361339
201650,201.6500000005988,-42823.30424513714,17269.76500479043,296.8946981361635,86.82977757246958,0.7332509889336859
201700,201.70000000059903,-42735.325104962896,17153.59430502582,294.8975392385576,86.82977757246958,0.7332509889336859
201750,201.75000000059927,-43076.90398428692,17534.67726584246,301.44896078859654,86.82977757246958,0.7332509889336859
201800,201.8000000005995,-43030.49952488976,17622.041623912955,302.950892905797,86.82977757246958,0.7332509889336859
201850,201.85000000059975,-42846.5073974475,17392.68980844881,299.0079708104285,86.0674120257697,0.7397459593050417
201900,201.9000000006,-42922.24848831925,17387.10458394213,298.91195192751536,86.70600971719607,0.7342976626599189
201950,201.95000000060023,-42889.886646640705,17453.274224950048,300.04951318485587,86.70600971719607,0.7342976626599189
202000,202.00000000060047,-42792.99931283194,17353.591458363735,298.33580805413686,86.58222126882107,0.7353475036893359
202050,202.0500000006007,-43096.614519775074,17725.286237218184,304.72583184057333,86.44925719472027,0.7364785116718585
202100,202.10000000060094,-42750.9524126086,17383.78418802551,298.85486904635957,86.4077795730711,0.7368320374447785
202150,202.15000000060118,-42923.622092210775,17490.371622054343,300.68727638035165,86.86681898437045,0.7329383188920592
202200,202.20000000060142,-42982.46715371788,17547.123354713643,301.66292883027864,86.62553936554951,0.7349797847172275
202250,202.25000000060166,-42778.356493712825,17281.21965037647,297.09162169259764,86.37386082214726,0.737121389131885
202300,202.3000000006019,-42753.10631035572,17326.68578714956,297.8732568190119,86.9001113897287,0.7326575220182128
202350,202.35000000060214,-42726.44976849413,17224.393457142804,296.11468914709644,86.2214189740161,0.738424640089633
202400,202.40000000060238,-43043.99304281167,17656.14324971933,303.5371540330866,86.51480372913892,0.7359205307017458
202450,202.4500000006026,-42889.4865936234,17588.334036109216,302.37140591780883,86.48431582804109,0.7361799612371104
202500,202.50000000060285,-42738.71506389704,17436.419541680978,299.7597544012266,86.48431582804109,0.7361799612371104
202550,202.5500000006031,-42787.08468719247,17475.525943106106,300.4320555728455,86.86819398319975,0.7329267175304537
202600,202.60000000060333,-42829.22199408692,17522.173127017915,301.233994775988,86.75218223673683,0.7339068439818899
202650,202.65000000060357,-42862.98305929243,17443.889249220305,299.8881705414832,86.17162882510983,0.7388513034043156
202700,202.7000000006038,-43027.591988800705,17658.51687222993,303.57796037518676,86.17162882510983,0.7388513034043156
202750,202.75000000060405,-43039.01299310487,17718.163672609287,304.6033836388215,86.84677724325465,0.7331074599990451
202800,202.80000000060429,-42758.56602354833,17238.12725717976,296.3507949895965,86.92922843141591,0.7324121175668448
202850,202.85000000060452,-42785.205222448414,17347.580804602505,298.23247536642816,86.82053330920407,0.7333290622295184
202900,202.90000000060476,-42882.583785411494,17507.721072549273,300.98554099866533,86.83257045699938,0.7332274046342383
202950,202.950000000605,-42883.402495243594,17440.24875976388,299.8255847438228,86.170526828193,0.7388607522482338
203000,203.00000000060524,-42816.54462082,17382.382008570556,298.83076335378666,86.18731161599155,0.7387168607553141
203050,203.05000000060548,-42846.23936602568,17505.848305336276,300.9533451548754,86.53142865112851,0.7357791413637427
203100,203.10000000060572,-42766.36322543626,17508.71563437032,301.0026390965002,86.77974433576519,0.7336737479608513
203150,203.15000000060596,-42608.840332197244,17491.885306426157,300.71329901960115,87.01917438262177,0.7316550717196895
203200,203.2000000006062,-42572.11909781789,17196.90390351451,295.6421000456173,86.41971048279294,0.7367303120806249
203250,203.25000000060643,-42949.579633017944,17569.16793167738,302.0419101320724,86.2986079503003,0.7377641631319471
203300,203.30000000060667,-42812.41744143147,17489.97451357026,300.6804494545958,86.54686774978043,0.735647885697941
203350,203.3500000006069,-42982.56766843235,17482.988191471366,300.56034347804905,86.44076197515878,0.7365508912589422
203400,203.40000000060715,-43103.16527965715,17505.46679641777,300.946786410436,86.44076197515878,0.7365508912589422
203450,203.4500000006074,-43037.61206561471,17421.707686845595,299.5068342428363,86.55711123554589,0.7355608264310827
203500,203.50000000060763,-42901.33525071609,17343.929521805047,298.1697040140872,86.77654365241364,0.733700808929769
203550,203.55000000060787,-43066.02332930184,17524.711078804878,301.27762619943036,86.86691247982183,0.7329375300255392
203600,203.6000000006081,-43084.6782721462,17392.71113180051,299.0083373927222,86.60958383780414,0.7351151853256557
203650,203.65000000060834,-43213.90291821696,17569.11348098751,302.0409740382039,86.85649576692748,0.7330254313362281
203700,203.70000000060858,-43029.43032189946,17383.282011582443,298.84623583545977,86.51632917290156,0.7359075550543266
203750,203.75000000060882,-42977.655837279744,17269.009231227134,296.88170518785927,87.16819450296539,0.7304042562421017
203800,203.80000000060906,-43159.4229985211,17578.870393291618,302.2087108622119,87.07000826047572,0.7312279112623739
203850,203.8500000006093,-42981.86317433568,17476.43308347898,300.4476507570937,86.88052367219555,0.7328227039022904
203900,203.90000000060954,-42835.33440107673,17374.574357828154,298.69653743295476,86.88052367219555,0.7328227039022904
203950,203.95000000060978,-42825.54823037225,17332.873116154035,297.97962683484843,87.3108820300487,0.7292105954443739
204000,204.00000000061002,-42770.3483297154,17205.433953383967,295.7887451551701,87.67285380788651,0.7261999297230372
204050,204.05000000061025,-42566.5801175193,16994.663518378537,292.1652665114476,87.67285380788651,0.7261999297230372
204100,204.1000000006105,-42756.631238401926,17164.95419172295,295.09283373914116,87.60548677917453,0.7267583642836442
204150,204.15000000061073,-42589.13249842664,16964.52334717793,291.6471090826757,87.60548677917453,0.7267583642836442
204200,204.20000000061097,-42622.36116995916,17053.98507700213,293.185098352566,87.60548677917453,0.7267583642836442
204250,204.2500000006112,-42835.73695852017,17112.542562762723,294.1917945672326,87.60548677917453,0.7267583642836442
204300,204.30000000061145,-42777.673687701055,17092.131709276964,293.8408995676379,88.01879648362122,0.7233457263387237
204350,204.3500000006117,-42775.68519326584,17244.846571627575,296.46631068040716,88.28963151593382,0.7211268093515033
204400,204.40000000061193,-42591.09964846121,17037.4629370372,292.9010565166701,88.21752831340102,0.7217162109520764
204450,204.45000000061216,-42658.87172079069,16973.180518065943,291.7959396045037,88.6053925508696,0.7185569460386126
204500,204.5000000006124,-42628.26670338157,17130.407056111053,294.49891359048144,88.03660299454758,0.7231994205620188
204550,204.55000000061264,-42590.256569369834,17013.870185279073,292.49545963046535,87.93304356801795,0.724051138121437
204600,204.60000000061288,-42968.41933529945,17385.799932699447,298.88952289986145,87.63456644332933,0.7265172050012652
204650,204.65000000061312,-42636.95770189963,17159.376751460244,294.99694867974927,88.29912383685267,0.7210492868710969
204700,204.70000000061336,-42452.13432661291,17015.62541312264,292.5256347857516,88.12294529790746,0.7224908343527316
204750,204.7500000006136,-42668.40596047214,17400.208122213175,299.1372225689177,87.9843903677596,0.7236285892052434
204800,204.80000000061384,-42582.14936315934,17150.702280058475,294.8478207346032,87.74709714998312,0.7255854876324822
204850,204.85000000061407,-42693.01648721583,17297.147189651812,297.36544139795507,87.07537590063767,0.7311828357371357
204900,204.9000000006143,-42797.04102983785,17539.649657967606,301.5344441092208,87.49444142256264,0.727680744499123
204950,204.95000000061455,-43031.65245323992,17772.467440568547,305.5369516862992,87.49444142256264,0.727680744499123
205000,205.0000000006148,-42635.706016834214,17475.90512971095,300.4385743930236,87.17790598932594,0.7303228903169664
205050,205.05000000061503,-42553.570572523866,17351.279079248478,298.2960545833044,87.28210854510108,0.7294509875526926
205100,205.10000000061527,-42472.568095794006,17255.8948104444,296.6562474587911,87.28210854510108,0.7294509875526926
205150,205.1500000006155,-42634.97284928853,17499.35906056908,300.8417847274027,87.30337922618476,0.7292732633974546
205200,205.20000000061574,-42365.838953351355,17206.25781799507,295.80290869676725,87.01506797747733,0.7316895999022249
205250,205.25000000061598,-42725.13435509196,17590.67840604849,302.41170936173216,87.99341577605873,0.7235543672487835
205300,205.30000000061622,-42593.317247439045,17584.251458276463,302.30121991858204,87.39102701572239,0.7285418474650821
205350,205.35000000061646,-42306.200016277005,17322.64374094141,297.8037676228075,87.14995575577953,0.7305571152821041
205400,205.4000000006167,-42529.350131213476,17580.411735123347,302.2352089771387,87.14995575577953,0.7305571152821041
205450,205.45000000061694,-42545.334893670864,17757.868232151945,305.28596809881714,87.50865568349839,0.7275625454032799
205500,205.50000000061718,-42503.384978702044,17790.487843769664,305.8467510476225,87.47865950337628,0.7278120245023644
205550,205.55000000061742,-42335.29358274623,17710.941242581874,304.479218591862,87.47865950337628,0.7278120245023644
205600,205.60000000061765,-42254.56659323383,17632.590670749414,303.1322477809366,88.1223520541766,0.7224956981942894
205650,205.6500000006179,-42396.88304791501,17962.516909992795,308.8042040108096,88.34987240799111,0.7206351128600682
205700,205.70000000061813,-41940.64693152607,17506.93810333927,300.9720805139865,88.23517449937545,0.7215718746536388
205750,205.75000000061837,-41949.211081607435,17539.159719746967,301.52602129280825,88.58034230189863,0.7187601517378719
205800,205.8000000006186,-42276.6355865656,17840.85739499285,306.71268365883714,88.24529642678806,0.7214891087903694
205850,205.85000000061885,-42331.87938860203,17717.005773016786,304.5834775051889,87.59904857367142,0.7268117783306749
205900,205.9000000006191,-42192.709142729895,17523.78668108118,301.2617343339036,87.85342838402012,0.7247072931019051
205950,205.95000000061933,-42250.94853613073,17620.95813793657,302.9322660604517,87.85342838402012,0.7247072931019051
206000,206.00000000061956,-42296.1238236279,17561.680259943572,301.9131851587717,87.38214821590458,0.7286158737662731
206050,206.0500000006198,-42201.74643950656,17443.58710764347,299.88297624774356,87.47937064508157,0.7278061079362025
206100,206.10000000062004,-42302.87349953539,17355.64107536742,298.3710442268025,87.26025444511767,0.7296336766236372
206150,206.15000000062028,-42528.10688716321,17636.922765888376,303.206723379083,87.63763683109867,0.726491751444767
206200,206.20000000062052,-42367.388427657796,17474.398366710833,300.41267074315,87.79995660618994,0.7251486530850593
206250,206.25000000062076,-42274.78381045408,17470.708635320698,300.3492383984149,87.79995660618994,0.7251486530850593
206300,206.300000000621,-42395.108057819,17581.00839279258,302.24546647042536,87.52193242502783,0.7274521769551189
206350,206.35000000062124,-42198.743232661975,17378.694370868667,298.7673670028789,87.5041551464469,0.7275999655942111
206400,206.40000000062147,-42240.45202822966,17533.522633875273,301.4291108306346,87.5041551464469,0.7275999655942111
206450,206.4500000006217,-42438.2812027396,17614.791688717738,302.82625500130354,87.5041551464469,0.7275999655942111
206500,206.50000000062195,-42322.144622847125,17493.56919207873,300.7422476892777,87.5041551464469,0.7275999655942111
206550,206.5500000006222,-42402.867036943455,17634.119588420293,303.1585323047993,87.63296334510699,0.7265304954161432
206600,206.60000000062243,-42576.19926126579,17704.3988591441,304.36674462621687,87.215629234751,0.7300070048515664
206650,206.65000000062267,-42532.647277816606,17584.12345452277,302.29901933068743,87.17832438897912,0.7303193852387699
206700,206.7000000006229,-42636.260463669765,17589.145954030253,302.3853640768231,87.10895362892992,0.7309009880329959
206750,206.75000000062315,-42476.766255181996,17445.8818093278,299.922425815453,86.82129897478028,0.73332259509731
206800,206.80000000062338,-42991.626284514095,17899.600117825838,307.7225643930775,86.82129897478028,0.73332259509731
206850,206.85000000062362,-42918.71188058638,17996.549225146347,309.38927357785843,86.61826179847478,0.7350415368763079
206900,206.90000000062386,-42788.633020422305,17792.998046748908,305.8899054249736,86.61826179847478,0.7350415368763079
206950,206.9500000006241,-42667.00459045821,17548.219929083265,301.6817806858981,86.61826179847478,0.7350415368763079
207000,207.00000000062434,-43008.31141244693,17836.134625780025,306.6314917526694,86.32180016976744,0.7375659468256062
207050,207.05000000062458,-42661.76866151883,17484.83854666409,300.59215402360286,87.08834160910992,0.7310739772686781
207100,207.10000000062482,-42876.67266957722,17746.43650793359,305.0894385971104,87.08834160910992,0.7310739772686781
207150,207.15000000062506,-42714.15332850365,17653.442442545984,303.4907228668124,87.00732437815081,0.7317547198347538
207200,207.2000000006253,-42574.56963414882,17539.26500624057,301.5278313349095,86.98830957104012,0.7319146743725373
207250,207.25000000062553,-42630.752995216826,17601.66246881732,302.60054285189005,86.98830957104012,0.7319146743725373
207300,207.30000000062577,-42555.468444748985,17502.528794838177,300.8962774954707,87.53701594025026,0.727326829570737
207350,207.350000000626,-42869.66009800973,17737.93519255987,304.9432874791918,86.81818379749382,0.7333489079017477
207400,207.40000000062625,-42631.20692279432,17575.79755208318,302.1558838397975,86.81818379749382,0.7333489079017477
207450,207.4500000006265,-42479.103340184374,17301.67384284532,297.4432617581673,86.16607439602252,0.7388989311650044
207500,207.50000000062673,-42738.04726761964,17505.059544783853,300.9397851078193,86.31984746635837,0.7375826318358449
207550,207.55000000062697,-42598.73847951828,17509.93874551113,301.02366632025434,86.61387884817152,0.7350787324224468
207600,207.6000000006272,-42519.50198463718,17430.014000207284,299.6496329663545,87.02598359920417,0.7315978244742013
207650,207.65000000062744,-42479.73761203999,17356.759103905075,298.39026491365615,87.0168898690965,0.7316742803573424
207700,207.70000000062768,-42575.07203638513,17485.067730636503,300.5960940602095,86.99392227673083,0.7318674524339184
207750,207.75000000062792,-42541.34181371345,17475.883630505257,300.43820478752036,86.99392227673083,0.7318674524339184
207800,207.80000000062816,-42808.784087698514,17783.671127593865,305.7295608663587,87.16864090395043,0.7304005157549714
207850,207.8500000006284,-42724.372351026155,17713.900343649093,304.5300902405418,87.25621345750605,0.7296674672332847
207900,207.90000000062864,-42452.41177509132,17546.07769673014,301.64495230823104,86.94419771655062,0.7322860173081511
207950,207.95000000062888,-42744.45808098969,17693.57775599875,304.1807126708922,86.96087880000843,0.7321455481185768
208000,208.00000000062911,-42609.31732857576,17288.64691907004,297.21930824167003,86.96087880000843,0.7321455481185768
208050,208.05000000062935,-42582.292814849,17319.396387858607,297.74794046401337,86.71758764479715,0.7341996243564235
208100,208.1000000006296,-42762.85388728026,17477.381617262465,300.46395755983485,86.37737193112035,0.7370914262670076
208150,208.15000000062983,-42745.273870990626,17411.76275284546,299.33586502715013,87.12072856410653,0.7308022019932501
208200,208.20000000063007,-42692.622841418066,17505.902339393935,300.9542740861744,87.12072856410653,0.7308022019932501
208250,208.2500000006303,-42684.640735497,17531.867580080765,301.4006578264054,87.12072856410653,0.7308022019932501
208300,208.30000000063055,-42734.638972073386,17493.44281768648,300.74007511269497,86.64189479358267,0.734841042264706
208350,208.35000000063079,-42696.40807952378,17487.732825995598,300.6419112836589,86.64189479358267,0.734841042264706
208400,208.40000000063102,-42826.646680545025,17490.574370442686,300.6907619472681,86.80064557991916,0.7334970822916844
208450,208.45000000063126,-42853.64645149617,17547.81450896329,301.674810869916,87.15028458090354,0.7305543588305883
208500,208.5000000006315,-42852.86438687018,17666.084832720557,303.70806563977766,86.79695219648752,0.7335282940554887
208550,208.55000000063174,-42660.28393912594,17525.626537821892,301.2933643943877,86.79695219648752,0.7335282940554887
208600,208.60000000063198,-42575.03134926529,17553.534659162528,301.77314933985025,87.44951634385622,0.728054572921355
208650,208.65000000063222,-42624.3487833418,17826.70665459752,306.4694099491538,87.62078227047968,0.7266314979631914
208700,208.70000000063246,-42373.73575643285,17594.79284382044,302.48244308393186,87.62078227047968,0.7266314979631914
208750,208.7500000006327,-42443.281168473506,17557.98908458331,301.849727989896,88.01570034668468,0.7233711715423906
208800,208.80000000063293,-42606.68114766448,17746.38009460819,305.08846876241887,87.75258381551583,0.725540120935424
208850,208.85000000063317,-42613.50283408489,17881.712159917988,307.41504197677074,87.56378116212422,0.7271045108938826
208900,208.9000000006334,-42363.045036619194,17531.66719950746,301.3972129659914,87.87626541312633,0.7245189582714677
208950,208.95000000063365,-42156.88931068464,17372.015840356573,298.65255245271965,87.87626541312633,0.7245189582714677
209000,209.0000000006339,-42454.068095706694,17702.890782545946,304.3408183935061,87.87626541312633,0.7245189582714677
209050,209.05000000063413,-42189.30487455752,17350.39773098167,298.2809028063373,87.51572074213922,0.7275038099897502
209100,209.10000000063437,-42441.60904762424,17619.472264800697,302.90672154053374,87.13755976212506,0.7306610426974458
209150,209.1500000006346,-42517.72486546572,17747.347124561576,305.10509354370686,87.13755976212506,0.7306610426974458
209200,209.20000000063484,-42283.15384173191,17563.390707454306,301.94259046899083,87.13755976212506,0.7306610426974458
209250,209.25000000063508,-42526.48046323539,17785.27064979961,305.7570591943501,87.13755976212506,0.7306610426974458
209300,209.30000000063532,-42165.97065469507,17335.6657372166,298.0276364277496,87.13755976212506,0.7306610426974458
209350,209.35000000063556,-42758.10115898218,17806.275922279936,306.11817320085714,86.96593917786647,0.7321029460015228
209400,209.4000000006358,-42430.76605544214,17379.514847481852,298.7814722994091,86.96593917786647,0.7321029460015228
209450,209.45000000063604,-42572.18091006659,17464.545928757958,300.24329168147125,86.54201332058176,0.7356891506331933
209500,209.50000000063628,-43066.23964145064,17909.03623253353,307.88478619672924,86.96532726395296,0.7321080972956406
209550,209.55000000063652,-42864.257002932114,17554.93671086382,301.7972528361348,86.96532726395296,0.7321080972956406
209600,209.60000000063675,-42914.69945667314,17521.09622237888,301.21548107428805,86.96532726395296,0.7321080972956406
209650,209.650000000637,-42780.29801191646,17485.545123645,300.60430120449377,87.34167084428913,0.7289535414019189
209700,209.70000000063723,-42495.39472316422,17325.947096710923,297.86055755676165,87.00426806087629,0.7317804251781903
209750,209.75000000063747,-42687.618796088645,17440.19695499579,299.82469413755337,87.18979484486563,0.7302233063764861
209800,209.8000000006377,-42700.22422913553,17318.234472164542,297.7279652872143,87.3258526276638,0.7290855841439103
209850,209.85000000063795,-42749.94344552324,17366.690419094393,298.5610000003473,87.3258526276638,0.7290855841439103
209900,209.9000000006382,-42685.13814444096,17302.42420244624,297.4561616318568,87.3258526276638,0.7290855841439103
209950,209.95000000063843,-42576.20597279661,17419.896029858817,299.4756889809253,86.92974907726489,0.7324077309519885
210000,210.00000000063866,-42649.42582974722,17515.44624438089,301.1183489759807,86.9680967089208,0.7320847837684658
210050,210.0500000006389,-42450.027767927524,17385.606270533623,298.886193539546,87.17106748145592,0.7303801836251407
210100,210.10000000063914,-42592.44028316422,17348.61060239134,298.2501792265313,86.80963397259418,0.7334211349630306
210150,210.15000000063938,-42576.35784413509,17356.988158799537,298.3942027312078,86.57207870663457,0.7354336551124769
210200,210.20000000063962,-42550.614778470685,17392.55683189682,299.0056847322305,87.20929374960377,0.7300600376000014
210250,210.25000000063986,-42291.52222232279,17110.343963180512,294.15399714734286,87.55665857397196,0.7271636596332143
210300,210.3000000006401,-42610.08386576264,17422.522590438733,299.52084373029766,87.01891616075386,0.731657242849228
210350,210.35000000064034,-42728.33879646662,17636.634339586355,303.2017648727079,86.8025129371932,0.733481302781786
210400,210.40000000064057,-42398.02284948386,17279.95980030722,297.06996286829377,87.06165490291667,0.731298070831552
210450,210.4500000006408,-42407.58351925441,17400.889062748272,299.1489290185747,86.96187422322316,0.7321371674956697
210500,210.50000000064105,-42601.47277814693,17360.10206719183,298.44773576375906,87.50729686279068,0.7275738430560277
210550,210.5500000006413,-42640.625539012886,17253.188301921873,296.6097182772663,87.55295037182654,0.7271944577939988
210600,210.60000000064153,-42825.96365931905,17455.324699526944,300.08476410056744,86.91576813410767,0.7325255433015101
210650,210.65000000064177,-42730.146972786446,17365.511193389382,298.5407272369584,86.91576813410767,0.7325255433015101
210700,210.700000000642,-42700.971768306,17412.28409836095,299.34482778486006,86.98506408878558,0.7319419826939416
210750,210.75000000064225,-42665.47127316399,17313.22221543701,297.6417966307393,86.98506408878558,0.7319419826939416
210800,210.80000000064248,-42812.288826225296,17452.052431537155,300.0285086149381,86.68351143190041,0.734488246059617
210850,210.85000000064272,-42910.59049825233,17652.876517624205,303.48099371828187,86.72453499542794,0.73414080891021
210900,210.90000000064296,-42662.59459893196,17527.691367459658,301.3288620964026,87.56264098351815,0.727113978733116
210950,210.9500000006432,-42762.07500623246,17508.781313018517,301.00376821681107,87.56181696137263,0.7271208214191359
211000,211.00000000064344,-42691.89939135079,17418.445849485266,299.4507580762993,87.46546482602994,0.7279218192064936
211050,211.05000000064368,-42443.62222374306,17317.890632271392,297.72205413316817,87.46546482602994,0.7279218192064936
211100,211.10000000064392,-42760.064086586084,17395.588991525525,299.05781237365557,87.45679307861677,0.7279939960372519
211150,211.15000000064416,-42751.87196335386,17383.356454086173,298.847515620371,87.45679307861677,0.7279939960372519
211200,211.2000000006444,-42749.43354733447,17412.178699475553,299.34301581056536,87.7804485294816,0.7253098080550591
211250,211.25000000064463,-42685.02558242073,17225.271385537362,296.1297821310262,87.7804485294816,0.7253098080550591
211300,211.30000000064487,-42766.21251865673,17305.55299640746,297.5099505709876,87.36320675789744,0.7287738469850735
211350,211.3500000006451,-42630.98046100134,17265.26921960968,296.8174084461328,87.35172031385316,0.7288696781831798
211400,211.40000000064535,-42555.84524680371,17163.394611064243,295.06602206980125,87.75460228334907,0.725523432586805
211450,211.4500000006456,-42876.42604319612,17533.038930650273,301.42079520370316,87.63555693685893,0.7265089936015109
211500,211.50000000064583,-42662.797166663455,17300.257131578503,297.4189062406608,87.63555693685893,0.7265089936015109
211550,211.55000000064607,-42797.84649980229,17402.997245689912,299.18517203276167,87.63555693685893,0.7265089936015109
211600,211.6000000006463,-42601.45830375072,17206.46483008,295.806467563402,87.25968762443853,0.7296384161713868
211650,211.65000000064654,-42809.73698710557,17463.541995009247,300.22603246530997,87.12463800259671,0.7307694095900599
211700,211.70000000064678,-42782.69999382508,17498.726566949095,300.8309111571876,86.49276954341563,0.7361080077560321
211750,211.75000000064702,-42499.192393023586,17203.25531959855,295.75129097904835,87.5709064210389,0.7270453496026513
211800,211.80000000064726,-42679.25363465076,17161.920177736225,295.04067421835555,87.5709064210389,0.7270453496026513
211850,211.8500000006475,-42694.8332910974,17345.203471275538,298.1916052294991,87.5709064210389,0.7270453496026513
211900,211.90000000064774,-42799.10849565088,17447.307701872225,299.94693917370853,86.98496654664525,0.7319428034701104
211950,211.95000000064798,-42945.80269445641,17613.52404849618,302.8044622519048,86.98496654664525,0.7319428034701104
212000,212.0000000006482,-42767.46676312982,17581.023521687315,302.2457265601622,86.64571843280184,0.7348086140376697
212050,212.05000000064845,-42838.136897601304,17571.20904750791,302.0770001560651,86.54259410738776,0.7356842134279198
212100,212.1000000006487,-42847.230713746976,17714.989205240905,304.5488095012569,86.62974632185272,0.7349440922678169
212150,212.15000000064893,-42701.77201004333,17567.922510838896,302.02049936917024,87.3661187766711,0.7287495560682525
212200,212.20000000064917,-42726.74016589052,17465.09155055272,300.25267178699136,86.84993688907069,0.7330807891688562
212250,212.2500000006494,-42817.60055126628,17624.00882619296,302.9847122384244,86.84993688907069,0.7330807891688562
212300,212.30000000064965,-42772.29211644325,17634.155029900467,303.1591416001518,86.84993688907069,0.7330807891688562
212350,212.35000000064989,-42588.73049989456,17412.22368364552,299.34378915991664,86.37814676528795,0.7370848143675504
212400,212.40000000065012,-43010.63628535118,17803.283735193825,306.06673275094647,86.42645988691434,0.7366727777258542
212450,212.45000000065036,-42868.62653454633,17520.14944244205,301.1992044229572,87.21463046088199,0.7300153648241626
212500,212.5000000006506,-42775.81652960727,17268.874916868834,296.8793961106453,87.28714706317882,0.729408881101614
212550,212.55000000065084,-42954.70411289955,17270.716481272084,296.9110555285615,86.82089535704911,0.7333260042075344
212600,212.60000000065108,-42841.649288942084,17114.324035229176,294.2224209092829,86.86227423783075,0.7329766671729191
212650,212.65000000065132,-43020.062536922844,17513.40130882105,301.08319328477245,87.06694118281457,0.7312536699804518
212700,212.70000000065156,-42713.30439645922,17389.600441478644,298.9548596839144,86.69352951531496,0.734403370469049
212750,212.7500000006518,-42902.597705287495,17641.18031451969,303.2799174043256,86.69352951531496,0.734403370469049
212800,212.80000000065203,-42928.85412725072,17763.294292841456,305.37925070283836,86.7575138122221,0.7338617426463868
212850,212.85000000065227,-42605.08904268903,17408.208006036628,299.27475328182726,87.24218333876001,0.7297848109404069
212900,212.9000000006525,-42934.99985805768,17784.950759493135,305.7515597717493,87.24218333876001,0.7297848109404069
212950,212.95000000065275,-42774.98758196221,17463.705487257,300.2288431568006,87.3577225423778,0.7288195985537459
213000,213.000000000653,-42552.90931394652,17205.235086637767,295.7853263198492,87.71263060258713,0.7258706053678359
213050,213.05000000065323,-42606.97726744442,17164.014992223252,295.0766874075683,87.49792899999532,0.7276517398932801
213100,213.10000000065347,-42540.38417483124,17141.13014865758,294.6832605878959,88.16422707279058,0.7221525372341708
213150,213.1500000006537,-42632.99640013047,17200.988837106903,295.712326544095,88.16422707279058,0.7221525372341708
213200,213.20000000065394,-42457.96741710634,17022.472089869927,292.64334003683973,88.16422707279058,0.7221525372341708
213250,213.25000000065418,-42664.30292941886,17309.599172737762,297.5795107705536,88.06723754204435,0.7229478526961791
213300,213.30000000065442,-42489.283640649126,17170.615137901365,295.19015439789587,88.69481396646381,0.717832502562987
213350,213.35000000065466,-42253.1841538687,17089.651397471513,293.79825906705446,88.69481396646381,0.717832502562987
213400,213.4000000006549,-42445.050020869996,17283.13390164717,297.124530713248,88.024365332722,0.7232999639730145
213450,213.45000000065514,-42272.940991707575,17134.94136112762,294.5768654976891,88.024365332722,0.7232999639730145
213500,213.50000000065538,-42312.49668507045,17291.136437801553,297.2621070239402,88.08798203753057,0.7227776003175898
213550,213.55000000065561,-42414.08741699367,17365.90650350163,298.54752324584524,87.44607021917713,0.7280832645117853
213600,213.60000000065585,-42380.01483383335,17462.89974847864,300.21499122706615,87.44607021917713,0.7280832645117853
213650,213.6500000006561,-42429.41381395959,17542.333478476863,301.5805832477514,88.16467426291595,0.7221488743217135
213700,213.70000000065633,-42122.303460328345,17224.766674548966,296.1211053472654,88.18683022098308,0.7219674424668934
213750,213.75000000065657,-42488.96982605375,17412.93801203053,299.3560695997593,88.27313144926543,0.7212616028071711
213800,213.8000000006568,-42518.05079978031,17515.981027592785,301.1275427490413,88.27317016781018,0.7212612864460437
213850,213.85000000065705,-42446.96859932408,17605.37507234684,302.66436840503974,88.39131732875768,0.7202972214691862
213900,213.9000000006573,-42609.45426068244,17850.549411104214,306.87930481418675,88.49486885299946,0.7194543717519427
213950,213.95000000065752,-42363.45301242647,17533.72490514108,301.4325881950566,88.49486885299946,0.7194543717519427
214000,214.00000000065776,-42449.92699521631,17730.783904675445,304.8203454786989,88.68632713799148,0.7179011954665915
214050,214.050000000658,-42187.33204757291,17626.608568118747,303.02940593252356,88.74060133460124,0.7174621234967924
214100,214.10000000065824,-42204.35479142204,17765.433159092387,305.4160212118607,88.74060133460124,0.7174621234967924
214150,214.15000000065848,-42212.98577118497,17883.29665368665,307.442281942052,88.74868211222324,0.7173967968718308
214200,214.20000000065872,-41745.239333773774,17323.080151723152,297.81127021750245,89.40752463832989,0.7121103120957023
214250,214.25000000065896,-42119.11296792774,17530.295467719476,301.37363071718806,89.15506847361655,0.7141267609787818
214300,214.3000000006592,-42241.38208441301,17633.574968003566,303.14916941455857,87.96682460161342,0.7237730878913361
214350,214.35000000065943,-42467.193208368146,17875.179459390238,307.30273447573273,88.01183762513548,0.7234029193332308
214400,214.40000000065967,-42182.96521960695,17688.354543432008,304.09091734838063,88.2609642180018,0.721361032456515
214450,214.4500000006599,-42168.413588555835,17562.063607269,301.9197755083469,88.75281557563575,0.717363385724332
214500,214.50000000066015,-42455.22926766765,17830.57485621598,306.5359104806621,88.56546930986998,0.7188808546945729
214550,214.5500000006604,-42407.06386283023,17880.69977260642,307.39763743043306,88.7586624798486,0.7173161299986942
214600,214.60000000066063,-42555.13610147996,17910.641635429198,307.9123856231235,88.37735448100979,0.7204110221197677
214650,214.65000000066087,-42344.562493702826,17766.37799529435,305.432264447301,88.37735448100979,0.7204110221197677
214700,214.7000000006611,-42390.38080362161,17782.77507751349,305.71415634185854,88.37735448100979,0.7204110221197677
214750,214.75000000066134,-41996.34092470378,17302.86123222374,297.4636748680723,88.90848815563463,0.7161073323219062
214800,214.80000000066158,-42259.85172021809,17510.708598789442,301.0369013212292,88.14545856597607,0.7223063026695851
214850,214.85000000066182,-42854.33517538952,18108.490973001848,311.3137300733101,87.4612447805884,0.727956941770352
214900,214.90000000066206,-42513.25897386386,17712.446526522723,304.5050968143568,87.65576433769334,0.726341510509504
214950,214.9500000006623,-42469.54751799204,17777.977140250106,305.6316721774769,87.79725771379638,0.7251709441934033
215000,215.00000000066254,-42118.63027183508,17474.004914818233,300.40590668001124,88.15851869043804,0.7221992975797463
215050,215.05000000066278,-42274.84811131164,17571.64590874792,302.0845104948534,88.09658776297881,0.7227069957034222
215100,215.10000000066302,-42375.65731447426,17581.92974986332,302.26130606229685,88.09658776297881,0.7227069957034222
215150,215.15000000066325,-42537.72956221154,17689.65820185216,304.11332930783783,88.02225454075841,0.7233173088565237
215200,215.2000000006635,-42512.83417430274,17560.43662736972,301.8918051389797,88.30491571112333,0.7210019936170479
215250,215.25000000066373,-42623.46182715011,17697.497590767605,304.2481008582891,88.25819326608426,0.7213836802885422
215300,215.30000000066397,-42276.128218731035,17373.978635319843,298.6862960165702,88.56358604853315,0.7188961413443105
215350,215.3500000006642,-42322.14732454115,17506.75188000806,300.9688790390568,88.34317333576239,0.7206897586973108
215400,215.40000000066445,-42528.71730101371,17649.270852831985,303.4190066119275,88.30542030949813,0.7209978736385355
215450,215.4500000006647,-42308.709011982704,17294.67367748548,297.32291779397116,88.00212864097202,0.7234827299877693
215500,215.50000000066493,-42567.6687772376,17639.560241199368,303.2520657700235,88.16371643122456,0.7221567199197183
215550,215.55000000066516,-42193.399520453604,17382.377755386857,298.8306902348015,87.864476639091,0.724616166957049
215600,215.6000000006654,-42370.70323901564,17420.853032424748,299.49214137549166,87.9383653656,0.7240073204591445
215650,215.65000000066564,-42466.714070366055,17519.719049173098,301.19180527886755,87.78528022641572,0.7252698870436227
215700,215.70000000066588,-42375.832251611144,17380.41425639713,298.79693456761765,87.73524341342781,0.7256835200637394
215750,215.75000000066612,-42897.398245094024,17874.891670962224,307.2977869354253,87.25802368847359,0.7296523297526342
215800,215.80000000066636,-42773.1002165111,17777.223413193646,305.61871441187657,86.58951726543128,0.7352855436153721
215850,215.8500000006666,-42771.7366493601,17718.028950302363,304.60106754832253,86.58951726543128,0.7352855436153721
215900,215.90000000066684,-42706.66898092221,17744.617817495087,305.0581724189896,87.26964547566831,0.7295551612118855
215950,215.95000000066707,-42526.08930086121,17737.06785074061,304.92837649531106,87.53054051864707,0.7273806364801527
216000,216.0000000006673,-42624.89872614717,17865.095808139577,307.12938049012007,87.62955135017164,0.7265587840280616
216050,216.05000000066755,-42750.136271742034,17908.490879641653,307.8754107140769,87.22937634242021,0.7298919577732108
216100,216.1000000006678,-42346.46162553591,17517.70099590351,301.1571117369386,87.75744506465618,0.725499930256598
216150,216.15000000066803,-42266.00191179727,17411.517427954514,299.3316475025096,87.60157159257581,0.7267908453745268
216200,216.20000000066827,-42670.08702142867,17677.852397665854,303.9103687771546,87.83790028486132,0.7248354078071962
216250,216.2500000006685,-42550.939008139976,17485.762021225764,300.60803001850775,87.83790028486132,0.7248354078071962
216300,216.30000000066875,-42775.88218917146,17704.091778013346,304.3614654136976,87.84081167667772,0.7248113838958248
216350,216.35000000066898,-42523.481897985825,17491.46032659267,300.7059929410678,87.36972499053601,0.728719476692892
216400,216.40000000066922,-42226.301154561384,17352.838029927705,298.32285542229613,88.12028729438146,0.7225126271003971
216450,216.45000000066946,-42275.79637481946,17496.434788004957,300.7915118360257,88.12028729438146,0.7225126271003971
216500,216.5000000006697,-42375.24368003564,17705.735120632755,304.3897170842205,88.12028729438146,0.7225126271003971
216550,216.55000000066994,-42341.51949289638,17529.14831692029,301.3539093723901,88.12028729438146,0.7225126271003971
216600,216.60000000067018,-42231.163925508445,17501.445818623146,300.877659413733,88.12028729438146,0.7225126271003971
216650,216.65000000067042,-42366.431114074585,17576.266265008573,302.1639417596626,87.3844599209728,0.7285965986570638
216700,216.70000000067066,-42486.208417505026,17539.17260884302,301.5262428768472,87.2586869092548,0.7296467839370221
216750,216.7500000006709,-42587.15487415651,17598.746677916566,302.55041577378165,87.00518389957928,0.7317727222712435
216800,216.80000000067113,-42688.198956421744,17674.045767855507,303.84492676285123,86.81902864437681,0.7333417715913251
216850,216.85000000067137,-42636.12771490161,17501.854944054485,300.88469292990436,86.81902864437681,0.7333417715913251
216900,216.9000000006716,-42681.68658927622,17668.324208739607,303.74656407140105,87.60549637912652,0.726758284644287
216950,216.95000000067185,-42702.395731754645,17486.103117462782,300.61389400474593,87.1582196052586,0.7304878479879361
217000,217.0000000006721,-43002.9677893337,17650.761512861052,303.4446334261448,86.41913317353358,0.7367352336901714
217050,217.05000000067233,-42899.492638369906,17585.625871327364,302.3248482625548,86.97339243146841,0.7320402078609636
217100,217.10000000067257,-42714.59326447736,17270.800976917693,296.91250814295375,86.97339243146841,0.7320402078609636
217150,217.1500000006728,-42819.30534545361,17426.30042233464,299.58579066269846,86.97339243146841,0.7320402078609636
217200,217.20000000067304,-42780.86204658028,17473.60593761986,300.3990476280877,86.97339243146841,0.7320402078609636
217250,217.25000000067328,-42997.39883926497,17543.682241663515,301.6037706298059,87.01445082002428,0.7316947894734473
217300,217.30000000067352,-42966.50950936867,17554.56692382306,301.79089560939707,87.01445082002428,0.7316947894734473
217350,217.35000000067376,-42937.09270013134,17468.98906949359,300.3196763298504,87.80364930259628,0.7251181560174934
217400,217.400000000674,-42699.425098435066,17054.19393367384,293.18868893057817,87.44585579345596,0.7280850498425782
217450,217.45000000067424,-42920.01590196611,17259.410617230395,296.71668976325464,87.44585579345596,0.7280850498425782
217500,217.50000000067448,-42715.41594417402,17046.48157317224,293.05610120038006,87.383913732064,0.7286011527147179
217550,217.55000000067471,-42878.473705493554,17304.443144279176,297.4908704496014,86.96515953827883,0.7321095092786094
217600,217.60000000067495,-42873.53930913913,17531.50283634693,301.3943873021264,86.9107544713134,0.7325678008573746
217650,217.6500000006752,-42193.78523298337,16831.507020796693,289.36034709968493,87.18550350651424,0.7302592485360621
217700,217.70000000067543,-42752.70632156731,17246.479973693647,296.494391457025,87.43854443789738,0.728145930186716
217750,217.75000000067567,-42710.257101216535,17407.020338135088,299.2543353836673,87.43854443789738,0.728145930186716
217800,217.8000000006759,-42595.77695646402,17250.306023319743,296.5601673288147,87.54907807735526,0.727226621594467
217850,217.85000000067615,-42560.06091389074,17345.05084125835,298.1889812770095,87.61629731199875,0.7266686932362089
217900,217.90000000067639,-42415.94723640105,17007.664011355067,292.38876564052185,87.90902116307832,0.7242489955131679
217950,217.95000000067662,-42636.585260128806,17150.512363366295,294.8445557649305,88.3885042993818,0.720320145459805
218000,218.00000000067686,-42815.87774995412,17270.462614645843,296.9066911579205,88.17357932623055,0.7220759411199817
218050,218.0500000006771,-42690.52139237168,17195.10165531783,295.6111165357565,87.81587857671163,0.7250171757751994
218100,218.10000000067734,-42785.041553115996,17274.690083517824,296.9793680643102,88.06795704855894,0.7229419462835955
218150,218.15000000067758,-42596.61388899712,17170.116332896177,295.1815791473697,88.06795704855894,0.7229419462835955
218200,218.20000000067782,-42514.605492374554,17155.004415391097,294.92178127607934,87.82996463092108,0.7249008984741249
218250,218.25000000067806,-42761.0681971826,17326.970934186138,297.878158949604,87.95829654376449,0.7238432618147245
218300,218.3000000006783,-42696.280139459326,17340.73392706438,298.1147666634265,87.08303260633352,0.7311185470735977
218350,218.35000000067853,-42803.91127518969,17440.312242330998,299.8266761100108,87.36501565723816,0.7287587576667529
218400,218.40000000067877,-43013.85254005005,17607.760532743476,302.70537825920843,87.22379505816903,0.7299386621671927
218450,218.450000000679,-42711.84973538352,17328.80395318046,297.9096714583641,87.30277241352468,0.7292783323344041
218500,218.50000000067925,-42772.91724391994,17423.549253419034,299.53849369806153,87.30277241352468,0.7292783323344041
218550,218.5500000006795,-42818.25615730266,17613.5823155936,302.80546395588254,87.151272004596,0.7305460816515416
218600,218.60000000067973,-42788.0022374603,17602.1619938931,302.6091304815737,86.79558085991387,0.7335398835185406
218650,218.65000000067997,-42876.16951902942,17704.66151630838,304.37126012017296,87.2748822244511,0.7295113857634967
218700,218.7000000006802,-42536.362730238456,17381.01277000934,298.80722396751264,87.2748822244511,0.7295113857634967
218750,218.75000000068044,-42416.41926842142,17266.07152381522,296.8312013301038,87.2748822244511,0.7295113857634967
218800,218.80000000068068,-42757.37826432701,17389.96635707611,298.96115035439095,87.2748822244511,0.7295113857634967
218850,218.85000000068092,-42620.17175083165,17338.247334483916,298.07201818634195,87.2748822244511,0.7295113857634967
218900,218.90000000068116,-42538.14363892349,17170.020748126026,295.1799358933085,87.74024424912967,0.7256421590658707
218950,218.9500000006814,-42888.45737241589,17698.15072155286,304.25932921416296,87.07745942634783,0.7311653405294537
219000,219.00000000068164,-42608.601774603856,17580.870494879233,302.24309578620665,87.37445510239482,0.7286800266655996
219050,219.05000000068188,-42419.329736649364,17296.82761827096,297.35994745819244,87.45072532931793,0.7280445077401837
219100,219.10000000068212,-42728.45867377511,17416.786701234458,299.4222346818611,87.37364335659547,0.7286867964754415
219150,219.15000000068235,-42746.3673318708,17435.109154734528,299.7372267677121,87.04058031825556,0.7314751354036159
219200,219.2000000006826,-42658.220454685375,17288.488049726297,297.2165770252441,87.18447604654098,0.7302678545652773
219250,219.25000000068283,-42600.558849305504,17237.990044244507,296.3484360812396,87.18447604654098,0.7302678545652773
219300,219.30000000068307,-42734.14502780901,17400.456639920118,299.1414949831378,86.59902575095693,0.735204810005634
219350,219.3500000006833,-42839.18673308065,17451.99554597759,300.02753066179105,86.65983079856237,0.734688952046298
219400,219.40000000068355,-42751.30828262947,17546.326608754152,301.649231501388,86.65983079856237,0.734688952046298
219450,219.4500000006838,-42421.31271588345,17209.038645881465,295.85071554623346,87.31753517297415,0.7291550333822447
219500,219.50000000068403,-42563.501004036574,17469.89911399389,300.335321440663,86.86022381921089,0.7329939697878585
219550,219.55000000068426,-42817.41615520181,17920.12415074065,308.07540512687376,86.9500547774689,0.7322366896357998
219600,219.6000000006845,-42587.12946632483,17669.996585136556,303.77531487868794,86.9500547774689,0.7322366896357998
219650,219.65000000068474,-42786.7041327169,17883.708676355684,307.44936526634234,86.9500547774689,0.7322366896357998
219700,219.70000000068498,-42644.86526427785,17574.882994693526,302.140161145247,86.49827337180609,0.7360611696863968
219750,219.75000000068522,-42677.84323118152,17459.856477127327,300.1626725574754,87.23359672724452,0.7298566454043812
219800,219.80000000068546,-42702.573851294546,17515.974483182097,301.127430240224,87.7422848451706,0.7256252830234979
219850,219.8500000006857,-42554.43470932204,17328.990899238415,297.91288535811475,87.71639972882217,0.725839415100675
219900,219.90000000068594,-42740.98819300357,17453.336427905215,300.0505825524814,87.20044436496262,0.7301341264665308
219950,219.95000000068617,-42775.857088629295,17609.560452617807,302.73632174150896,87.20044436496262,0.7301341264665308
220000,220.0000000006864,-42459.02325094341,17277.651357724604,297.0302770727117,87.49925261612115,0.7276407325812391
220050,220.05000000068665,-42651.2384857126,17504.197089877336,300.92495813773286,86.67493961995221,0.7345608840695308
220100,220.1000000006869,-42726.72185659855,17480.528968409653,300.51806552647565,86.67493961995221,0.7345608840695308
220150,220.15000000068713,-42672.713273094676,17503.571711838493,300.9142068956626,86.67493961995221,0.7345608840695308
220200,220.20000000068737,-42373.877070357375,17164.892656868684,295.0917758572315,86.69248196793534,0.7344122446217881
220250,220.2500000006876,-42760.34816646465,17469.2150024958,300.3235604771142,86.62749260281005,0.7349632127276879
220300,220.30000000068785,-42800.00386057515,17403.2008489612,299.1886722964741,87.12803310497895,0.7307409338300208
220350,220.35000000068808,-42799.522180554944,17447.09431301868,299.94327068029,86.84644810840561,0.7331102383649821
220400,220.40000000068832,-42566.9206118444,17320.319704687863,297.76381374724735,87.63697836730735,0.7264972099683483
220450,220.45000000068856,-42630.16504015164,17377.874788324796,298.7532770768207,87.69643053866,0.7260046946362082
220500,220.5000000006888,-42797.12053173332,17665.33985635977,303.6952583125388,87.4306769495896,0.7282114527217343
220550,220.55000000068904,-42619.58093490597,17720.952341410168,304.65132528606506,87.05070293044052,0.7313900764796857
220600,220.60000000068928,-42332.02662007538,17464.847861636583,300.248482387357,87.85068578220287,0.7247299176667714
220650,220.65000000068952,-42502.67718347232,17619.98610300827,302.91555523569315,87.56056217237527,0.7271312414436747
220700,220.70000000068976,-42625.77489147211,17602.03517128285,302.60695019941136,87.56056217237527,0.7271312414436747
220750,220.75000000069,-42674.385623329756,17500.99121331114,300.8698440261559,87.38382034135594,0.728601931400947
220800,220.80000000069023,-42510.9056181456,17370.631145484662,298.6287473479083,87.38382034135594,0.728601931400947
220850,220.85000000069047,-42683.27199456636,17570.1670969499,302.05908737055194,87.6015598136657,0.72679094309886
220900,220.9000000006907,-42584.60409109457,17612.658903318927,302.7895890317902,87.6015598136657,0.72679094309886
220950,220.95000000069095,-42396.203470897286,17554.228245883947,301.78507319754203,87.6015598136657,0.72679094309886
221000,221.0000000006912,-42553.039339352676,17734.392713814388,304.88238664136907,87.3325283496811,0.729029852645252
221050,221.05000000069143,-42704.66353751745,17812.877132476595,306.23165849194976,86.93378142150254,0.7323737588867542
221100,221.10000000069167,-42636.72573721279,17743.94130886802,305.046542160873,86.93378142150254,0.7323737588867542
221150,221.1500000006919,-42487.79014346972,17535.730766528697,301.46707213916443,86.5137567546552,0.7359294366844078
221200,221.20000000069214,-42694.056829086476,17644.4559807451,303.3362313110243,86.5137567546552,0.7359294366844078
221250,221.25000000069238,-42620.54822805156,17561.534549362405,301.91068016238063,86.47588149465133,0.7362517637688754
221300,221.30000000069262,-42902.1089126799,17920.50134569075,308.08188970734244,86.08412769248271,0.7396023167168028
221350,221.35000000069286,-42772.37906852829,17799.499529372253,306.00167624063675,86.9967300798368,0.7318438315494988
221400,221.4000000006931,-42534.49100514868,17593.972563000316,302.4683411533955,86.77869405305013,0.7336826276157524
221450,221.45000000069334,-42286.85607621745,17273.325723381306,296.95591254590755,86.77869405305013,0.7336826276157524
221500,221.50000000069357,-42633.97547076244,17622.39978375988,302.9570502425996,86.388146499131,0.736999494190395
221550,221.5500000006938,-42594.53081169459,17448.703756710387,299.9709395743881,86.56222797347057,0.7355173470513969
221600,221.60000000069405,-42789.347455517476,17498.314355519768,300.8238245878078,86.24193251726595,0.7382489980863859
221650,221.6500000006943,-42848.98544008015,17456.979143929075,300.1132066283735,86.24193251726595,0.7382489980863859
221700,221.70000000069453,-42807.34836601228,17379.471120392074,298.7807205612635,86.78813015355938,0.7336028574558952
221750,221.75000000069477,-43021.0069383137,17571.1398098614,302.07580985091886,86.78813015355938,0.7336028574558952
221800,221.800000000695,-42821.96024310078,17571.240319830973,302.0775377769831,86.79811436101585,0.7335184726374757
221850,221.85000000069525,-42777.41344845742,17691.963982769794,304.1529693451701,86.7921811510857,0.7335686167752089
221900,221.90000000069548,-42928.10417179861,17787.66168371791,305.7981648662114,87.07610065932572,0.7311767498983264
221950,221.95000000069572,-43031.976353495585,17631.928853965084,303.12087009893855,86.72386365611479,0.7341464919778876
222000,222.00000000069596,-42874.6354404443,17409.502396873282,299.29700591680006,87.04223747970447,0.7314612091486123
222050,222.0500000006962,-43006.67199771674,17514.60230382817,301.1038402970511,87.04223747970447,0.7314612091486123
222100,222.10000000069644,-43013.96214221593,17569.581558743834,302.0490210385035,86.78068582902807,0.7336657882531782
222150,222.15000000069668,-42870.184188798,17475.902541652584,300.43852990018837,87.17165772067293,0.7303752382215659
222200,222.20000000069692,-42797.150497183786,17380.868443627223,298.80474276770246,87.20640961052491,0.7300841825532651
222250,222.25000000069716,-42885.339159426374,17522.90639868057,301.24660088086983,87.20640961052491,0.7300841825532651
222300,222.3000000006974,-42810.10696674246,17620.37134096688,302.92217808825666,87.20640961052491,0.7300841825532651
222350,222.35000000069763,-42474.461477558165,17086.584749138325,293.7455385100047,87.20640961052491,0.7300841825532651
222400,222.40000000069787,-42733.926695696544,17363.563316364227,298.50724013616525,87.20640961052491,0.7300841825532651
222450,222.4500000006981,-43012.914519087426,17665.301006668302,303.69459042461915,87.71385803710686,0.7258604478094087
222500,222.50000000069835,-42562.56668350493,17288.548937850843,297.21762378884233,87.59495381341084,0.7268457542603063
222550,222.5500000006986,-42484.07007828089,17234.888882552325,296.2951221847149,87.59495381341084,0.7268457542603063
222600,222.60000000069883,-42910.35067426971,17611.118954096684,302.76311485803296,87.59495381341084,0.7268457542603063
222650,222.65000000069907,-42698.638945306615,17381.884357992636,298.8222079496993,87.28402250030645,0.7294349922253155
222700,222.7000000006993,-42779.124392621285,17469.49854583168,300.3284350375435,87.28402250030645,0.7294349922253155
222750,222.75000000069954,-42810.68125322045,17649.59707477423,303.4246148854067,87.21688987697486,0.7299964532524974
222800,222.80000000069978,-42396.02916585466,17095.912896038317,293.9059041755059,87.74887632066813,0.7255707758722502
222850,222.85000000070002,-42650.426248619406,17247.17932282347,296.5064143796723,87.74887632066813,0.7255707758722502
222900,222.90000000070026,-42577.04557781036,17479.051940610323,300.49267307194606,88.33290174242002,0.7207735624893444
222950,222.9500000007005,-42325.63839897954,17322.43150441932,297.8001189397975,87.72603537101483,0.7257596904344039
223000,223.00000000070074,-42521.883417724806,17449.07707753693,299.97735755251773,87.8057103738559,0.725101135254438
223050,223.05000000070098,-42404.43167370411,17264.4993758977,296.80417360961843,87.8057103738559,0.725101135254438
223100,223.10000000070121,-42509.06420863865,17293.42539048151,297.30145775713055,87.8057103738559,0.725101135254438
223150,223.15000000070145,-42650.10791331069,17199.31234272973,295.68350494218555,88.16382908077931,0.7221557971985318
223200,223.2000000007017,-42745.57082168152,17529.610722471127,301.3618588584655,88.20392739674148,0.7218274985367306
223250,223.25000000070193,-42430.98350757783,17181.41178452659,295.3757659067838,88.20392739674148,0.7218274985367306
223300,223.30000000070217,-42541.40666682065,17260.469479710042,296.7348932915699,88.27044991757758,0.7212835137167106
223350,223.3500000007024,-42638.2039646007,17447.693353403727,299.95356913624704,88.34556887513567,0.7206702167925514
223400,223.40000000070265,-42549.11921648532,17325.69520956569,297.8562272165441,88.34556887513567,0.7206702167925514
223450,223.4500000007029,-42979.20911225166,17748.80150180895,305.1300965992618,88.34556887513567,0.7206702167925514
223500,223.50000000070312,-42659.57580672076,17347.87123666509,298.23746835501413,88.34556887513567,0.7206702167925514
223550,223.55000000070336,-42477.66725965538,17385.970071732252,298.8924478601473,88.34556887513567,0.7206702167925514
223600,223.6000000007036,-42510.28752731882,17441.01948215806,299.83883468628017,87.62198700614799,0.7266215073328345
223650,223.65000000070384,-42617.86990021404,17489.43418273287,300.67116030903907,87.62198700614799,0.7266215073328345
223700,223.70000000070408,-43015.63103962586,17922.16991628176,308.1105750867787,87.46374597124833,0.7279361244696136
223750,223.75000000070432,-42612.062843869804,17430.25546729521,299.65378416923187,87.44367889618397,0.7281031754107016
223800,223.80000000070456,-42483.54790136046,17308.598800897744,297.5623127892618,87.82575876447153,0.7249356130773464
223850,223.8500000007048,-42453.40280693922,17227.697863296737,296.17149713882765,87.46936090995773,0.7278893959159722
223900,223.90000000070503,-42597.987204608085,17346.534732954948,298.21449173283827,88.14660545640209,0.7222969046198373
223950,223.95000000070527,-42821.80257313907,17412.49447627504,299.34844451544564,88.14660545640209,0.7222969046198373
224000,224.0000000007055,-42831.7605506705,17501.89618903354,300.8854019966232,88.14660545640209,0.7222969046198373
224050,224.05000000070575,-42623.133110928364,17178.492801171236,295.3255839453088,88.05406417673528,0.723056009613773
224100,224.100000000706,-42600.255877035146,17050.00416726463,293.11666018942395,88.02759918097927,0.7232733922801621
224150,224.15000000070623,-42627.607399021144,17128.039060286043,294.4582039800461,88.02759918097927,0.7232733922801621
224200,224.20000000070647,-42857.57278720184,17325.273995982894,297.84898588584383,88.02759918097927,0.7232733922801621
224250,224.2500000007067,-42767.82532311132,17174.15094192275,295.2509404866068,87.74896931492918,0.7255700069296782
224300,224.30000000070694,-42604.80842493553,17074.561058327152,293.53883216206793,88.08523118165354,0.7228001722854775
224350,224.35000000070718,-42867.79396964358,17422.04566540394,299.5126446312248,88.08523118165354,0.7228001722854775
224400,224.40000000070742,-42693.18172488306,17307.185931256085,297.53802331539526,88.04752734149012,0.7231096908260748
224450,224.45000000070766,-42554.805355358316,17169.420019588375,295.1696084153261,88.11375231072469,0.7225662124725563
224500,224.5000000007079,-42871.78915263479,17393.545569718448,299.0226827062624,88.11375231072469,0.7225662124725563
224550,224.55000000070814,-42875.318873158954,17273.666280918733,296.9617672710439,88.11375231072469,0.7225662124725563
224600,224.60000000070838,-42782.861448006275,17031.272995423406,292.79464158592856,88.11375231072469,0.7225662124725563
224650,224.65000000070862,-42835.43148637658,17210.02910019499,295.86774302948817,88.10718698872498,0.7226200546165759
224700,224.70000000070885,-42610.02773973177,17143.077997110177,294.7167471974814,88.09430509203192,0.7227257222517558
224750,224.7500000007091,-42734.877046605805,17230.24707489226,296.21532213626847,88.09430509203192,0.7227257222517558
224800,224.80000000070933,-42666.638695384936,17143.6649929895,294.7268385892491,88.23301673180397,0.7215895209322009
224850,224.85000000070957,-42551.86961418296,17214.269154407822,295.94063629788235,87.61760640486919,0.7266578360940827
224900,224.9000000007098,-42669.218192335255,17306.172815570135,297.5206062471448,87.61760640486919,0.7266578360940827
224950,224.95000000071005,-42532.806110044425,17153.310222764336,294.892655413141,87.91218624239788,0.7242229205670666
225000,225.0000000007103,-42755.64870396086,17386.79118511943,298.90656410383417,87.91218624239788,0.7242229205670666
225050,225.05000000071053,-42594.001834085415,17286.774014250364,297.1871100322027,87.83115059954747,0.7248911102643956
225100,225.10000000071076,-42708.63061271496,17350.09657983992,298.27572553975034,88.38407667781989,0.7203562300706013
225150,225.150000000711,-42916.67181914403,17356.553739612595,298.38673437519157,88.49719704779122,0.7194354442607103
225200,225.20000000071124,-42810.00546581342,17267.981335322296,296.8640340241638,88.46998603537025,0.7196567234502654
225250,225.25000000071148,-42751.93906123792,17236.380195302656,296.3207602202477,88.40905689793176,0.7201526914534334
225300,225.30000000071172,-42717.78854144462,17097.98753941471,293.94157059127957,87.96731234385149,0.7237690748699496
225350,225.35000000071196,-42868.35237857723,17317.37412225165,297.7131745053126,88.32160697456285,0.7208657366508521
225400,225.4000000007122,-42726.050992234916,17197.942381439367,295.6599531310493,88.1872126858561,0.7219643113192157
225450,225.45000000071244,-43030.232338914335,17578.991402265056,302.2107911987209,88.20580930993286,0.7218120980013006
225500,225.50000000071267,-42784.91092232625,17472.349039020704,300.37743954424406,88.20580930993286,0.7218120980013006
225550,225.5500000007129,-42659.97490122546,17357.95513440604,298.41082657818646,88.12758107749562,0.7224528291309659
225600,225.60000000071315,-42363.281056387685,17109.92078467461,294.1467220364927,88.41024475080853,0.7201430157032003
225650,225.6500000007134,-42737.16960659355,17463.23178764307,300.2206995078369,88.05696063120425,0.7230322261582081
225700,225.70000000071363,-42602.14228078909,17289.669491810117,297.236887891706,87.71743434624312,0.725830853905181
225750,225.75000000071387,-42443.77588319607,17085.707871521714,293.7304635906173,88.09561819142142,0.72271494974429
225800,225.8000000007141,-42859.544280524424,17552.41868564302,301.7539639820235,88.28807495257156,0.7211395231814468
225850,225.85000000071435,-42420.932337771395,17140.29725386459,294.6689418031253,88.4153209865523,0.7201016697500765
225900,225.90000000071458,-42291.76677717775,16804.767306215792,288.9006489227531,88.37342013767993,0.7204430944815166
225950,225.95000000071482,-42672.80121802086,17166.836094533828,295.12518663837295,88.37342013767993,0.7204430944815166
226000,226.00000000071506,-42572.56637896146,17213.760305945016,295.93188838436294,87.69657531845364,0.7260034960624954
226050,226.0500000007153,-42680.67409883521,17221.403339248274,296.06328426987653,87.69657531845364,0.7260034960624954
226100,226.10000000071554,-42327.34996423914,17007.340277404717,292.3832001395762,88.18082356246173,0.7220166210945725
226150,226.15000000071578,-42730.55802455468,17423.75784743408,299.5420797605883,88.18082356246173,0.7220166210945725
226200,226.20000000071602,-42501.323778983126,17064.396740012842,293.3640913814696,87.40165222790284,0.7284532803554871
226250,226.25000000071626,-42585.02632477945,17420.311663203687,299.4828343784699,87.62178029049824,0.726623221564576
226300,226.3000000007165,-42541.881419270445,17265.70954309754,296.8249783064623,87.62178029049824,0.726623221564576
226350,226.35000000071673,-42724.69643100283,17489.065187796456,300.6648166998336,87.11540388665092,0.7308468701671419
226400,226.40000000071697,-42584.111399223926,17503.12285924345,300.9064904064297,87.21057537762216,0.7300493087933716
226450,226.4500000007172,-42452.573075473454,17376.503225594948,298.72969773439536,87.21057537762216,0.7300493087933716
226500,226.50000000071745,-42610.514839263975,17494.64932639158,300.7608169142019,87.21057537762216,0.7300493087933716
226550,226.5500000007177,-42672.232400493,17583.38783370064,302.28637284002184,87.06941377371726,0.7312329038917235
226600,226.60000000071793,-42597.37537445486,17610.674429800656,302.7554727791369,87.06941377371726,0.7312329038917235
226650,226.65000000071817,-42419.623561333974,17463.370336684493,300.22308138598163,87.8440735619325,0.724784469711751
226700,226.7000000007184,-42482.618259848634,17573.478733475236,302.11601966385496,86.89919975126216,0.7326652081509019
226750,226.75000000071864,-42235.96356465308,17409.90740095584,299.303968580438,86.89919975126216,0.7326652081509019
226800,226.80000000071888,-42573.45877311017,17612.307622325403,302.7835499534064,86.68911212479219,0.734440793236558
226850,226.85000000071912,-42544.94739691763,17437.69498075203,299.7816812252387,86.89754793847075,0.7326791351924739
226900,226.90000000071936,-42452.219661914394,17375.430300097283,298.71125244045743,86.89754793847075,0.7326791351924739
226950,226.9500000007196,-42366.746134543326,17487.417601838337,300.6364920795765,86.985708537269,0.7319365599767087
227000,227.00000000071984,-42267.52887314089,17422.324622195138,299.517440341664,87.02051976241893,0.731643759974429
227050,227.05000000072008,-42248.52171488205,17578.672984128578,302.2053170850613,87.62291425134136,0.7266138180622159
227100,227.1000000007203,-42425.75777392228,17454.067424299603,300.0631495418869,87.62291425134136,0.7266138180622159
227150,227.15000000072055,-42444.93357136235,17458.449490567902,300.13848422313924,87.73357228547609,0.7256973427086276
227200,227.2000000007208,-42364.44022897922,17413.886845471676,299.3723815540918,87.8947351508407,0.7243667116652813
227250,227.25000000072103,-42463.40737738063,17595.34587023154,302.49195048657106,88.03739246121827,0.7231929353422407
227300,227.30000000072127,-42316.11904769881,17502.968212929878,300.9038317906018,87.81526698941629,0.725022225139721
227350,227.3500000007215,-42397.12797565893,17542.057768863553,301.5758433614591,87.81526698941629,0.725022225139721
227400,227.40000000072175,-42481.40841450321,17573.75952441224,302.1208469061745,87.72386608732992,0.7257776374165177
227450,227.45000000072199,-42212.64986338712,17488.930423543272,300.66249988821176,87.58894189971245,0.7268956433656188
227500,227.50000000072222,-42335.50763250611,17662.031784896524,303.6383873083172,87.49320824068484,0.7276910008690172
227550,227.55000000072246,-42677.697854744845,18129.82159952005,311.6804374326414,87.40386231673577,0.7284348607294254
227600,227.6000000007227,-42301.61229896842,17805.593788047616,306.1064462296484,88.17118735150238,0.7220955301428231
227650,227.65000000072294,-42293.62635001964,17619.5866385191,302.90868780646673,88.02255614392945,0.7233148304600355
227700,227.70000000072318,-42398.777312866165,17725.73159089739,304.73348817788394,87.9765695183041,0.7236929175859572
227750,227.75000000072342,-42286.45048109945,17585.94971158919,302.3304155911636,88.29658147312902,0.721070048371931
227800,227.80000000072366,-42277.81781703801,17588.224377813356,302.369520717481,88.25430162191374,0.7214154902801518
227850,227.8500000007239,-42031.30692288403,17372.5305520542,298.6614011645609,88.03740804316782,0.7231928073426087
227900,227.90000000072413,-42247.38915444645,17444.8488061327,299.9046668493236,88.13945046432714,0.7223555393015955
227950,227.95000000072437,-42325.13154306376,17442.761500493732,299.8687827491388,87.7762148512888,0.7253447916587904
228000,228.0000000007246,-42272.973277744786,17451.43691590993,300.0179269233927,87.75059828695898,0.7255565376967611
228050,228.05000000072485,-42340.27257352951,17435.837055245338,299.74974053396033,87.90010911012999,0.7243224259725966
228100,228.1000000007251,-42549.50540143953,17579.213007001374,302.2146009362174,88.33156079449581,0.7207845044426366
228150,228.15000000072533,-42396.95643466262,17435.943458744227,299.751569779157,87.81264331198126,0.7250438874468815
228200,228.20000000072557,-42566.28476589587,17592.02727625639,302.434898583652,88.38401570792828,0.7203567269934998
228250,228.2500000007258,-42577.560476075254,17694.91840530612,304.2037605624708,87.35870077570434,0.7288114373103435
228300,228.30000000072604,-42434.820941087746,17513.03919120325,301.0769679076005,87.76964648235268,0.7253990738894756
228350,228.35000000072628,-42300.855501861806,17491.078813716744,300.699434128594,88.48281972206337,0.7195523433124673
228400,228.40000000072652,-42085.89359441225,17178.576213551558,295.3270179366497,88.41967779612197,0.7200661873108265
228450,228.45000000072676,-42358.539993179504,17468.76056375797,300.3157479532118,88.59913834226708,0.718607668936345
228500,228.500000000727,-42448.93555868214,17588.133706220142,302.36796192873726,88.22727417540766,0.7216364879110366
228550,228.55000000072724,-42156.92927218984,17483.62735627061,300.57133173643456,88.23391666681992,0.7215821611356332
228600,228.60000000072748,-42132.33798078154,17396.026125825305,299.06532740677517,88.59300296381575,0.7186574350562356
228650,228.65000000072772,-42102.176165489254,17352.81588128592,298.3224746519547,87.93776608506025,0.7240122544427685
228700,228.70000000072795,-42338.57513352353,17564.838514939525,301.9674805798964,88.72490027861843,0.7175890880009078
228750,228.7500000007282,-42295.261649482316,17495.001201431034,300.7668662051789,88.67973142508929,0.7179545906460912
228800,228.80000000072843,-42303.87361335127,17494.40439049451,300.7566060769841,88.67973142508929,0.7179545906460912
228850,228.85000000072867,-42433.002893991244,17622.52941170548,302.9592787529336,88.39452330633026,0.7202710970369111
228900,228.9000000007289,-42554.39084811327,17609.696033070253,302.7386525848928,88.2703045885393,0.7212847012444966
228950,228.95000000072915,-42515.85597959682,17547.217585307026,301.6645488038897,87.44363423844041,0.728103547255321
229000,229.0000000007294,-42540.92887863291,17497.737052125005,300.8138998252489,87.44363423844041,0.728103547255321
229050,229.05000000072963,-42622.5863491362,17512.964374215426,301.0756816847127,87.5745278294162,0.7270152846033304
229100,229.10000000072986,-42670.6428413844,17590.853194785872,302.4147142578271,87.5745278294162,0.7270152846033304
229150,229.1500000007301,-42674.852170863516,17611.078644911297,302.76242187909406,87.69302288286858,0.726032906391499
229200,229.20000000073034,-42983.468909698575,17915.654717413276,307.9985684670696,87.790504786701,0.7252267250153696
229250,229.25000000073058,-42468.98500360256,17412.99547850128,299.3570575396926,87.85959472664469,0.7246564302054201
229300,229.30000000073082,-42705.19679873759,17694.57439438886,304.19784646824843,87.47760899202832,0.7278207647365768
229350,229.35000000073106,-42461.82948850906,17388.58707707231,298.9374383397654,87.34357409091652,0.7289376572526425
229400,229.4000000007313,-42339.72527985001,17278.52753326986,297.045339922377,87.34357409091652,0.7289376572526425
229450,229.45000000073154,-42535.74834942804,17561.9387515732,301.91762904056907,87.47950522762358,0.727804988245415
229500,229.50000000073177,-42666.03378983536,17593.988989592934,302.46862355262067,87.33218453427428,0.7290327227405864
229550,229.550000000732,-42450.410374515515,17357.929048803708,298.41037812523837,87.28303020174063,0.7294432849861759
229600,229.60000000073225,-42330.242811102,17337.301501479924,298.0557578142911,87.77099049260545,0.7253879660759806
229650,229.6500000007325,-42554.36932462217,17518.05168189428,301.1631405862797,87.77099049260545,0.7253879660759806
229700,229.70000000073273,-42546.53284341,17549.332502892987,301.7009075973124,87.85347841895282,0.7247068803614958
229750,229.75000000073297,-42583.57476646344,17507.93336309767,300.9891906104734,87.85347841895282,0.7247068803614958
229800,229.8000000007332,-42555.74049494042,17420.89591771702,299.4928786418008,87.0836177897229,0.731113634112466
229850,229.85000000073344,-42528.997417752566,17366.281460636183,298.55396935470924,86.6224858008788,0.7350056937901841
229900,229.90000000073368,-42965.96970544773,17720.79779459626,304.64866838079445,86.6224858008788,0.7350056937901841
229950,229.95000000073392,-42738.44321865463,17586.086263021705,302.33276312723757,87.08212245266685,0.7311261884838854
230000,230.00000000073416,-42624.65971478598,17624.73762384281,302.997241427918,87.08212245266685,0.7311261884838854
230050,230.0500000007344,-42568.020766936024,17660.47423111718,303.61161048425384,87.08212245266685,0.7311261884838854
230100,230.10000000073464,-42588.094939400806,17583.0878153352,302.28121504765943,87.08212245266685,0.7311261884838854
230150,230.15000000073488,-42577.72259350002,17516.289239415364,301.1328413999494,87.49266316340466,0.727695534367224
230200,230.20000000073512,-42510.583452448875,17613.66350619001,302.80685975122805,87.17687407983342,0.7303315351224962
230250,230.25000000073535,-42464.67154228365,17488.52441865419,300.6555200191196,87.38293271534778,0.728609332457467
230300,230.3000000007356,-42447.24658120262,17257.133713234212,296.67754616608096,87.38293271534778,0.728609332457467
230350,230.35000000073583,-42751.025263457705,17715.96453527153,304.5655769740596,87.38293271534778,0.728609332457467
230400,230.40000000073607,-42792.25883033963,17790.666049514086,305.8498146874972,87.01091273575076,0.7317245420383413
230450,230.4500000007363,-42683.8450659316,17637.06825680684,303.20922459912316,87.63521993388562,0.7265117874062297
230500,230.50000000073655,-42552.60978073452,17520.799883438205,301.210386537083,87.63521993388562,0.7265117874062297
230550,230.5500000007368,-42508.95664542612,17415.368634739225,299.3978558658249,87.51191800537015,0.7275354228894666
230600,230.60000000073703,-42601.131851874,17699.25284844743,304.27827652650797,87.64580787928412,0.7264240220319061
230650,230.65000000073726,-42536.191351310365,17785.328372936558,305.7580515467831,87.3175687129278,0.7291547533031452
230700,230.7000000007375,-42552.00170279595,17883.576800679224,307.4470981139437,87.24950711219908,0.7297235523867314
230750,230.75000000073774,-42055.67136978598,17544.79488361474,301.62289871268086,87.691340676547,0.726046834073929
230800,230.80000000073798,-42257.40720985951,17688.517709352094,304.0937224297802,87.691340676547,0.726046834073929
230850,230.85000000073822,-42172.649301801925,17525.31014317756,301.28792506777296,87.98411383686627,0.7236308635437745
230900,230.90000000073846,-42465.7269463432,17833.59975638788,306.5879133204911,87.34920991968737,0.7288906257130937
230950,230.9500000007387,-42584.67127624931,17929.153298345773,308.23063051945473,87.34920991968737,0.7288906257130937
231000,231.00000000073894,-42377.78815448718,17738.782263337853,304.9578499716669,87.24096733212893,0.7297949830326763
231050,231.05000000073917,-42471.02447105443,17849.08965644372,306.8542093123568,87.24096733212893,0.7297949830326763
231100,231.1000000007394,-42505.531632014885,17881.018174542212,307.4031112655772,87.24096733212893,0.7297949830326763
231150,231.15000000073965,-42476.45274306271,17832.98121694067,306.57727964467597,87.44251157859337,0.7281128952555355
231200,231.2000000007399,-42588.75644045525,17887.9007657848,307.52143394389947,87.7702558689155,0.7253940374629102
231250,231.25000000074013,-42635.020604315694,17757.68422383464,305.2828047034956,87.87724578486468,0.7245108754292684
231300,231.30000000074037,-42583.47259976632,17692.234500716473,304.15761997846465,87.87724578486468,0.7245108754292684
231350,231.3500000007406,-42514.75196287202,17707.7617660455,304.4245583387413,87.87974670146566,0.7244902570121249
231400,231.40000000074085,-42526.130977211535,17863.847776030343,307.107924835325,87.87974670146566,0.7244902570121249
231450,231.45000000074108,-42382.6090673164,17532.403136321598,301.40986488906157,87.5406660786566,0.7272965025957036
231500,231.50000000074132,-42624.77921888229,17779.636134024768,305.66019291622473,87.43458154474182,0.7281789327409915
231550,231.55000000074156,-42852.13103539083,18025.84155377767,309.89285524583653,87.55688097556337,0.7271618125784388
231600,231.6000000007418,-42627.158921483264,17580.873561924105,302.2431485135809,87.31555001007965,0.7291716110882368
231650,231.65000000074204,-42798.18325150466,17683.71142326487,304.0110947358523,87.0462028547841,0.7314278875566836
231700,231.70000000074228,-42533.5157089664,17457.927375764633,300.1295082401502,87.4182795563565,0.7283147254443509
231750,231.75000000074252,-42588.412538012446,17661.74663338907,303.6334851008636,87.67427420066404,0.7261881647082181
231800,231.80000000074276,-42495.16487239986,17512.81449900021,301.07310509164574,87.44774598210591,0.7280693122374295
231850,231.850000000743,-42638.16145334932,17553.79461944349,301.7776184700974,87.44774598210591,0.7280693122374295
231900,231.90000000074323,-42719.699899525134,17460.974822528868,300.1818986917227,87.44774598210591,0.7280693122374295
231950,231.95000000074347,-42597.981076358636,17377.68630902538,298.7500368182133,87.04713810663304,0.7314200289492775
232000,232.0000000007437,-42893.62643455851,17504.66805654287,300.9330548029716,87.3636359104284,0.7287702670614855
232050,232.05000000074395,-43156.00440237349,17784.623107601088,305.74592691516125,87.0925890142845,0.7310383236335158
232100,232.1000000007442,-42784.07868636632,17481.658972479512,300.53749209175436,87.0925890142845,0.7310383236335158
232150,232.15000000074443,-42875.40478621715,17545.93551050248,301.64250790107616,87.0925890142845,0.7310383236335158
232200,232.20000000074467,-42931.16205503234,17756.782660956735,305.2673054052473,86.57589447848004,0.7354012413897856
232250,232.2500000007449,-42581.65256048535,17436.818481800638,299.7666128157081,86.36851344734129,0.7371670268786502
232300,232.30000000074514,-42872.207944415786,17742.078166559575,305.0145117844841,86.63796161556702,0.7348744024751557
232350,232.35000000074538,-42600.116696806996,17629.305460054526,303.07576978964363,86.39257949563003,0.7369616770978089
232400,232.40000000074562,-42547.98475818986,17682.265177296136,303.9862314698959,86.58400783084238,0.7353323306342248
232450,232.45000000074586,-42729.802386975505,17709.83968333199,304.46028103823096,86.58400783084238,0.7353323306342248
232500,232.5000000007461,-42744.568207021686,17659.96240363185,303.60281135660426,86.26891122592683,0.7380181269144246
232550,232.55000000074634,-42978.82266178697,17915.981322667394,308.0041833302889,86.55461136149516,0.7355820709308709
232600,232.60000000074658,-42726.05280268012,17585.865630096258,302.3289700967139,86.12398594580861,0.739260028140904
232650,232.65000000074681,-42845.37765718893,17712.14855819387,304.4999742653804,86.57466140322303,0.7354117156447237
232700,232.70000000074705,-42928.85788416809,17762.391723443747,305.3637341009155,86.8796164824966,0.7328303559757576
232750,232.7500000007473,-42900.153956330985,17615.87954559842,302.844956989438,87.37629054116839,0.7286647199094283
232800,232.80000000074753,-42797.53078804093,17452.61027579526,300.0380988440218,87.37371711078082,0.7286861813739804
232850,232.85000000074777,-43032.1068839739,17663.482036627276,303.66331943968686,87.15360892497905,0.7305264929271039
232900,232.900000000748,-42834.209444616,17614.836925871397,302.8270326998464,87.03983633638543,0.7314813877618704
232950,232.95000000074825,-42656.86669800173,17390.782248732186,298.975176828224,87.0080054987456,0.7317489914743902
233000,233.00000000074849,-42773.3917098137,17508.960476412525,301.0068483202037,87.51476436446279,0.727511760287148
233050,233.05000000074872,-42618.64303367985,17545.29987382716,301.6315802967462,87.51476436446279,0.727511760287148
233100,233.10000000074896,-42447.245714779485,17295.717847572072,297.34086873670697,87.81587206874619,0.7250172295056538
233150,233.1500000007492,-42533.46674890251,17371.741821794152,298.64784163827886,87.81587206874619,0.7250172295056538
233200,233.20000000074944,-42655.305026228,17464.715185945442,300.24620148143504,87.13611765260289,0.7306731351945128
233250,233.25000000074968,-42634.55233088706,17591.93720881117,302.4333501811721,87.16053339805693,0.7304684562121398
233300,233.30000000074992,-42725.05513271223,17682.800604506814,303.9954363143188,87.09583064919944,0.7310111149906177
233350,233.35000000075016,-42574.76636446778,17616.63621092963,302.8579652686496,87.30979528245558,0.7292196719501303
233400,233.4000000007504,-42635.214706640225,17456.599175659943,300.1066743701446,86.74173490768557,0.7339952370293682
233450,233.45000000075063,-42735.96420404867,17669.19737676769,303.7615752170679,86.74173490768557,0.7339952370293682
233500,233.50000000075087,-42647.0092904161,17603.889899828035,302.63883592984223,86.74173490768557,0.7339952370293682
233550,233.5500000007511,-42791.753092870444,17903.287726326464,307.7859602419691,87.15742765516131,0.7304944855165764
233600,233.60000000075135,-42503.18746769496,17607.83446048969,302.7066491946201,87.15742765516131,0.7304944855165764
233650,233.6500000007516,-42396.05037414521,17548.685734971954,301.6897886291836,86.83147575756252,0.7332366485589781
233700,233.70000000075183,-42589.78887832713,17720.731748102487,304.64753293663375,87.32124868886253,0.7291240245631748
233750,233.75000000075207,-42590.95323665653,17863.547223395915,307.1027578580298,87.43832169467028,0.7281477850893623
233800,233.8000000007523,-42807.75472739642,18010.57859866066,309.6304607980329,86.6205374317334,0.7350222263869324
233850,233.85000000075254,-42713.1725252471,17933.51967247778,308.3056954279531,86.71640502644891,0.7342096372017065
233900,233.90000000075278,-42521.571920961855,17767.934958980193,305.45903112671954,87.1726218579759,0.7303671602035217
233950,233.95000000075302,-42360.97595605245,17427.2856464108,299.6027282298632,87.06858768974615,0.7312398416381263
234000,234.00000000075326,-42682.03510668949,17952.93719864719,308.63951355280994,86.63305156062962,0.7349160525570038
234050,234.0500000007535,-42538.04295927039,17685.30764176969,304.038536267976,87.19606937250971,0.7301707603574377
234100,234.10000000075374,-42416.19900932313,17422.609455835,299.52233708446875,86.93246056961898,0.7323848865743009
234150,234.15000000075398,-42398.159925025466,17476.950573599086,300.45654723443164,86.8918033251292,0.7327275742646768
234200,234.20000000075422,-42456.47343834167,17605.392021832613,302.66465979362897,87.05568280550101,0.7313482385308698
234250,234.25000000075445,-42471.26381240968,17496.827996892447,300.7982717215205,87.12881456274185,0.7307343798194071
234300,234.3000000007547,-42364.94164237065,17425.05388135195,299.5643606427377,87.43436910388463,0.7281807020104246
234350,234.35000000075493,-42317.138084034596,17531.608649839727,301.3962064041811,87.82850273771025,0.7249129643487437
234400,234.40000000075517,-42048.189652400964,17398.58252354779,299.10927594515556,87.82850273771025,0.7249129643487437
234450,234.4500000007554,-42307.846928680316,17547.028480789722,301.6612977967935,87.98496476898795,0.7236238650668455
234500,234.50000000075565,-42476.86492069045,17733.139716585305,304.8608456282753,87.63639041892368,0.7265020840036469
234550,234.5500000007559,-42618.46824080456,17783.061499811687,305.71908039622406,87.14017482622009,0.7306391156647974
234600,234.60000000075613,-42570.74539195122,17588.62390799314,302.37638927603354,87.03756245560292,0.7315004979187207
234650,234.65000000075636,-42576.46729761083,17513.403346324718,301.08322831269766,87.21398169352693,0.7300207952623583
234700,234.7000000007566,-42513.38759165518,17504.856219771937,300.9362896278276,87.50183037026015,0.7276192966992446
234750,234.75000000075684,-42534.61991093337,17434.323196490866,299.7237148967959,87.50183037026015,0.7276192966992446
234800,234.80000000075708,-42700.02407590425,17571.523306768497,302.0824027720406,87.73574789016523,0.7256793474150368
234850,234.85000000075732,-42562.77093804892,17443.086605450157,299.8743718198571,87.73574789016523,0.7256793474150368
234900,234.90000000075756,-42357.78928662092,17265.841433771755,296.8272457166962,88.1016813879603,0.7226652121829535
234950,234.9500000007578,-42433.10777418082,17346.205776940573,298.20883645631534,87.21226788593805,0.7300351408952526
235000,235.00000000075804,-42413.26162336854,17283.204741252397,297.12574855860987,87.51313508571201,0.7275253047619381
235050,235.05000000075827,-42591.37661762636,17633.84826596007,303.1538678406387,87.51313508571201,0.7275253047619381
235100,235.1000000007585,-42215.85548358973,17328.76242897997,297.9089575913852,87.66137080797621,0.7262950566147457
235150,235.15000000075875,-42307.92680918488,17375.097346145263,298.7055284330346,87.75320015942566,0.7255350250274223
235200,235.200000000759,-42359.85193324463,17486.26700424927,300.6167114789842,87.7006505123954,0.7259697607933547
235250,235.25000000075923,-42200.20550872453,17316.679144086287,297.70122672648876,88.4207965376745,0.7200570766943669
235300,235.30000000075947,-42410.46843129431,17452.38385717097,300.03420634814285,88.38424376489834,0.7203548682643246
235350,235.3500000007597,-42548.34397396968,17376.61298967108,298.7315847532541,88.34502443382284,0.7206746580459378
235400,235.40000000075995,-42430.462197416724,17234.536751059226,296.28906848489214,87.99781293726448,0.7235182119730134
235450,235.45000000076018,-43164.16943218,17784.734174461963,305.7478363309595,87.38510589329996,0.7285912126907073
235500,235.50000000076042,-42584.503746890856,17472.678750864532,300.38310781467607,87.69699676128911,0.7260000071291997
235550,235.55000000076066,-42648.7353416525,17438.0651954179,299.7880458035314,87.57505055661316,0.7270109451178325
235600,235.6000000007609,-42964.04878533791,17637.909797957418,303.22369202851786,87.35687998782971,0.7288266279974207
235650,235.65000000076114,-42863.13824725145,17555.685715252752,301.810129411577,87.105409021674,0.7309307308121715
235700,235.70000000076138,-42835.693825021284,17480.331058908618,300.5146631477199,86.72849456871381,0.7341072918481478
235750,235.75000000076162,-42902.46499452827,17564.752624680255,301.9660039898796,86.72849456871381,0.7341072918481478
235800,235.80000000076186,-42662.17469905919,17204.051249079926,295.764974271383,86.72849456871381,0.7341072918481478
235850,235.8500000007621,-43041.05803015997,17584.57557325666,302.30679197003616,86.54710958103566,0.735645830139385
235900,235.90000000076233,-42802.065282864154,17326.21125991203,297.86509894188356,86.54710958103566,0.735645830139385
235950,235.95000000076257,-42819.361114687024,17353.137812603298,298.32800916277563,86.54710958103566,0.735645830139385
236000,236.0000000007628,-43002.49261308609,17658.58318747733,303.57910043964927,86.06740830307028,0.7397459913014955
236050,236.05000000076305,-42931.500550558434,17522.93456058558,301.24708502875984,85.97351939331769,0.7405538440578705
236100,236.1000000007633,-42723.99764086027,17359.089839040436,298.4303339536377,86.25614861927824,0.7381273253333677
236150,236.15000000076353,-42706.3688830631,17418.671130554736,299.45463101580356,86.28202086085552,0.7379059929134117
236200,236.20000000076377,-42793.45006263378,17579.768726046113,302.22415462950687,86.28202086085552,0.7379059929134117
236250,236.250000000764,-42557.49217276591,17330.45444423895,297.938046021912,86.46898428594912,0.7363104909774117
236300,236.30000000076424,-42558.21002547938,17307.638096164792,297.54579674856245,86.46898428594912,0.7363104909774117
236350,236.35000000076448,-42703.76584508004,17438.230227797063,299.7908829723279,86.21537828148318,0.7384763779152789
236400,236.40000000076472,-42668.8505747089,17246.693145865083,296.49805622533376,86.62389325919364,0.7349937514745452
236450,236.45000000076496,-42836.17193223053,17481.013417936425,300.5263939835203,87.17288704357277,0.7303649383790773
236500,236.5000000007652,-42637.634005039436,17396.903122785163,299.0804043778626,86.84590115438374,0.7331148554809085
236550,236.55000000076544,-42621.841323931214,17333.835938135082,297.99617927440636,86.54756046269972,0.7356419976891774
236600,236.60000000076568,-42707.6602667041,17471.16188114591,300.35703041425415,86.54756046269972,0.7356419976891774
236650,236.6500000007659,-42550.26301717454,17392.696429012503,299.00808462843696,86.54756046269972,0.7356419976891774
236700,236.70000000076615,-42693.31171606352,17639.8125195691,303.2564028360118,85.99228515616217,0.7403922358649272
236750,236.7500000007664,-42493.99273370062,17552.159411803328,301.7495066527924,86.8325052414436,0.7332279553247035
236800,236.80000000076663,-42561.671396171914,17576.922879896996,302.17523001280534,86.84572058509875,0.733116379770469
236850,236.85000000076687,-42627.91800660901,17817.510150666018,306.31130743543144,86.41508115598177,0.7367697793280161
236900,236.9000000007671,-42318.6501607908,17520.999854086404,301.21382435023315,86.88403799141417,0.7327930624057428
236950,236.95000000076735,-42479.03405890873,17749.5490664288,305.14294842278605,86.3804771135084,0.7370649295007046
237000,237.00000000076759,-42273.5483506102,17520.98357795126,301.213544537611,86.3804771135084,0.7370649295007046
237050,237.05000000076782,-42425.16045872943,17588.204904466755,302.36918593971427,87.18165138654722,0.7302915150300737
237100,237.10000000076806,-42476.84375119416,17696.741197356467,304.2350972538156,87.28315520084936,0.7294422403429078
237150,237.1500000007683,-42436.553559873224,17568.184037421808,302.02499542663634,87.41138223915718,0.7283721941349681
237200,237.20000000076854,-42351.82108179899,17462.155507543866,300.2021965429688,87.81959791166317,0.7249864698532132
237250,237.25000000076878,-42536.636428174126,17692.670536598052,304.1651161280302,87.7392898762143,0.7256500521457421
237300,237.30000000076902,-42618.49299028973,17602.193908158948,302.60967913850806,87.37230727415884,0.7286979394297819
237350,237.35000000076926,-42571.14361789449,17519.44816312489,301.18714831732296,86.93806683229295,0.7323376582173547
237400,237.4000000007695,-42789.27147703263,17687.423228337102,304.0749065622527,86.74098597773491,0.7340015744142903
237450,237.45000000076973,-43073.30021836213,18004.585247155963,309.5274255636034,86.46857951716976,0.7363139377265122
237500,237.50000000076997,-42650.115992835956,17716.95880105986,304.58266998262167,87.32344522753766,0.7291056841379344
237550,237.5500000007702,-42592.70603553117,17596.476718728045,302.5113915688854,86.92752136492945,0.7324265005397002
237600,237.60000000077045,-42741.9453317668,17644.497611030696,303.33694700177466,86.92752136492945,0.7324265005397002
237650,237.6500000007707,-42740.42504718604,17609.47792707391,302.73490299629515,86.92752136492945,0.7324265005397002
237700,237.70000000077093,-42566.291058030954,17414.58833812857,299.3844413273751,86.43066174721992,0.7366369640916606
237750,237.75000000077117,-42686.2751724201,17318.362096808465,297.73015935760964,86.87982613771192,0.7328285875363755
237800,237.8000000007714,-42686.11022709134,17366.45914983062,298.55702411426915,87.16034859737455,0.7304700049791116
237850,237.85000000077164,-42624.29824263456,17417.008368572693,299.426045495584,87.16034859737455,0.7304700049791116
237900,237.90000000077188,-42761.00178391118,17428.90971668523,299.63064857815664,87.16034859737455,0.7304700049791116
237950,237.95000000077212,-42820.04004763166,17483.008306988435,300.56068929574644,87.16034859737455,0.7304700049791116
238000,238.00000000077236,-42822.19055261719,17289.77996728777,297.23878714068707,87.18681942833693,0.7302482266397746
238050,238.0500000007726,-42806.45673706464,17259.375003766105,296.71607751122184,87.17062065849449,0.7303839274396754
238100,238.10000000077284,-42898.549000881496,17467.216987132728,300.2892114186339,86.98823234080865,0.7319153241838761
238150,238.15000000077308,-42910.74912433844,17502.6617939142,300.8985639608927,87.03301640334095,0.7315387068609202
238200,238.20000000077331,-42969.12631517978,17559.483353492753,301.8754168465006,86.9396809807287,0.7323240614146966
238250,238.25000000077355,-42791.90224612236,17408.044287037177,299.27193869211465,86.9396809807287,0.7323240614146966
238300,238.3000000007738,-42994.19129717306,17663.39750265419,303.66186616638436,86.9396809807287,0.7323240614146966
238350,238.35000000077403,-43072.05603015768,17804.69772513117,306.0910414844758,86.43348117493727,0.7366129352703524
238400,238.40000000077427,-42975.023877339976,17716.433124695628,304.57363277074114,86.16157254536422,0.7389375378494161
238450,238.4500000007745,-42888.296283310156,17639.357246796542,303.2485759737273,86.16157254536422,0.7389375378494161
238500,238.50000000077475,-42746.31930186993,17474.51800926319,300.41472758870964,86.97638514037558,0.7320150196073136
238550,238.550000000775,-42703.0333233768,17437.151338260785,299.77233514709076,86.51556112038242,0.7359140881640261
238600,238.60000000077522,-42906.77391314801,17709.471850617767,304.4539574094715,86.51556112038242,0.7359140881640261
238650,238.65000000077546,-42818.2269805937,17647.44068348647,303.3875430931579,86.18465904747043,0.7387395967864421
238700,238.7000000007757,-42783.41305134335,17621.75529287057,302.9459704202639,86.93793136562837,0.7323387993457245
238750,238.75000000077594,-42675.97504091506,17513.838881486838,301.0907158541002,86.93793136562837,0.7323387993457245
238800,238.80000000077618,-42757.514865517296,17563.581186257867,301.9458651022512,86.93793136562837,0.7323387993457245
238850,238.85000000077642,-42924.964741918346,17714.026489506472,304.5322588882471,86.93793136562837,0.7323387993457245
238900,238.90000000077666,-42515.0233169896,17277.000833900835,297.01909353464765,87.5499914679224,0.7272190345927416
238950,238.9500000007769,-42597.174117691306,17310.73778157416,297.5990852654402,87.5499914679224,0.7272190345927416
239000,239.00000000077713,-42550.22460292626,17227.58878671843,296.1696219391487,87.37741421165552,0.7286553493066453
239050,239.05000000077737,-42700.172512286925,17412.22005027538,299.3437266965114,87.83025665666511,0.7248984882600108
239100,239.1000000007776,-42518.582780797035,17228.572276813997,296.1865296964323,88.23104875429291,0.7216056158553538
239150,239.15000000077785,-42453.07006734073,17295.007482455778,297.3286564317503,88.23104875429291,0.7216056158553538
239200,239.2000000007781,-42232.489000368885,17130.025134540894,294.4923477519044,87.59194475068378,0.7268707237306576
239250,239.25000000077833,-42482.15515075199,17354.870519514017,298.3577971474456,87.59194475068378,0.7268707237306576
239300,239.30000000077857,-42844.27404664406,17926.183451545894,308.17957413455804,87.71721097906259,0.7258327021945825
239350,239.3500000007788,-42349.22892127869,17482.772952328352,300.5566431752149,87.71721097906259,0.7258327021945825
239400,239.40000000077904,-42477.483447744016,17553.176953350827,301.76699980863447,87.71721097906259,0.7258327021945825
239450,239.45000000077928,-42366.38779817514,17362.20403439186,298.4838719194723,87.68256893097352,0.726119467645009
239500,239.50000000077952,-42593.25069360891,17641.40085017164,303.28370876256326,87.05474924906456,0.7313560813523271
239550,239.55000000077976,-42640.586365199386,17775.613938307208,305.59104498149145,87.05474924906456,0.7313560813523271
239600,239.60000000078,-42536.612857357744,17659.99907010918,303.60344171160426,87.5600999596812,0.7271350798277127
239650,239.65000000078024,-42423.22646611131,17509.369954126807,301.01388789267855,87.85545310903537,0.7246905914296338
239700,239.70000000078048,-42137.75243007734,17303.55441502269,297.475591781695,87.30280979293387,0.7292780200879454
239750,239.75000000078072,-42440.553794420804,17629.761796008042,303.08361492969794,87.20567519294238,0.7300903310826954
239800,239.80000000078095,-42437.04785178977,17839.630445893672,306.69159045448095,87.22329368693383,0.7299428579528964
239850,239.8500000007812,-42233.19856838402,17566.97593681131,302.00422625774655,87.22329368693383,0.7299428579528964
239900,239.90000000078143,-42419.26551136671,17609.74342891482,302.73946739476196,87.22329368693383,0.7299428579528964
239950,239.95000000078167,-42530.34912428468,17741.021636776113,304.99634835892243,86.81573497389714,0.733369593577113
240000,240.0000000007819,-42491.664021000164,17642.171445096348,303.29695651361794,87.43365686669394,0.728186633792259
240050,240.05000000078215,-42371.2882730362,17652.570127642404,303.4757263877111,87.92486744748552,0.7241184675306107
240100,240.1000000007824,-42264.42018908037,17568.1846716628,302.02500633024664,87.92486744748552,0.7241184675306107
240150,240.15000000078263,-42325.88446156269,17632.92655595008,303.13802218118076,87.92486744748552,0.7241184675306107
240200,240.20000000078286,-42522.12585956775,17820.89466283531,306.3694925768368,87.40425016292858,0.728431628384466
240250,240.2500000007831,-42382.935136569096,17769.8635456716,305.49218659602764,87.94919032444534,0.7239182082181019
240300,240.30000000078334,-42338.02102567625,17664.64093571161,303.683242756172,87.62179515351187,0.7266230983097302
240350,240.35000000078358,-42359.23685825407,17597.249539688204,302.52467758902617,87.85396336015704,0.72470288008406
240400,240.40000000078382,-42548.03097247391,17578.462947186443,302.20170621632536,87.29854566639928,0.7293136419156953
240450,240.45000000078406,-42925.138667574065,17878.89571901787,307.3666228830177,87.24190822734307,0.7297871122671141
240500,240.5000000007843,-42725.32922358396,17637.8877471329,303.2233129398107,87.35063176835779,0.7288787612062656
240550,240.55000000078454,-42565.72414829588,17516.61984307791,301.1385250021622,87.35063176835779,0.7288787612062656
240600,240.60000000078477,-42743.35809137425,17863.085700536318,307.09482354681916,87.50283789750198,0.7276109187279615
240650,240.650000000785,-42449.146899763284,17382.561429582194,298.83384788603564,87.4522868580299,0.7280315079383116
240700,240.70000000078525,-42822.76870709713,17724.170711175186,304.70665417557865,86.99033514864196,0.731897631674997
240750,240.7500000007855,-42625.921866061944,17643.716742871136,303.323522637491,86.99033514864196,0.731897631674997
240800,240.80000000078573,-42614.92689137903,17667.476593161842,303.7319922129521,86.99033514864196,0.731897631674997
240850,240.85000000078597,-42519.19512345068,17505.86204757361,300.9535814057685,87.13594664047243,0.7306745692062422
240900,240.9000000007862,-42507.27997392879,17532.328584809908,301.4085832301304,87.13253242378148,0.7307032000888808
240950,240.95000000078645,-42716.35793678602,17617.66281001326,302.87561413792815,87.13253242378148,0.7307032000888808
241000,241.00000000078668,-42752.51348670196,17667.06544528015,303.72492392764593,87.13253242378148,0.7307032000888808
241050,241.05000000078692,-42637.95944199474,17610.249641597693,302.74816999503673,86.95127648077484,0.732226401391387
241100,241.10000000078716,-42456.70950555678,17378.075549882942,298.7567284869694,87.41325368629427,0.7283566002747699
241150,241.1500000007874,-42471.87059130631,17357.53401422038,298.4035868531314,87.53197685415661,0.727368700697657
241200,241.20000000078764,-42496.06788670835,17497.06473689074,300.80234165821685,87.70915509276495,0.7258993682765189
241250,241.25000000078788,-42358.458697731636,17340.18476798656,298.10532574639075,88.08328303325722,0.7228161585424381
241300,241.30000000078812,-42170.42088818147,17336.28723112044,298.0383208953682,86.97824633807751,0.7319993556369575
241350,241.35000000078836,-42587.1100073057,17627.986260525864,303.0530906538398,87.69513432769364,0.7260154256220722
241400,241.4000000007886,-42355.528903627004,17410.082461174283,299.3069781437237,87.54610476169647,0.7272513202867432
241450,241.45000000078883,-42418.267899068116,17574.340602287342,302.13083655804735,87.54610476169647,0.7272513202867432
241500,241.50000000078907,-42188.28656018824,17351.255857682278,298.29565536768763,87.54610476169647,0.7272513202867432
241550,241.5500000007893,-42559.20246114602,17687.6805789706,304.0793308285138,87.70021018163177,0.7259734057882581
241600,241.60000000078955,-42500.745956527506,17641.344219074534,303.2827351840302,87.75275879249335,0.7255386742251534
241650,241.6500000007898,-42012.10070411425,17246.43558522669,296.49362834875484,87.56187066682081,0.7271203754447717
241700,241.70000000079003,-42313.119402632794,17528.487800587704,301.3425540472236,88.3772998099726,0.7204114677728695
241750,241.75000000079027,-42400.193108450694,17700.134388828163,304.29343160621863,88.46335472894837,0.7197106696776766
241800,241.8000000007905,-42187.4007033926,17458.608115106817,300.1412112309813,88.3942208633369,0.7202735614621245
241850,241.85000000079074,-42130.80765098167,17271.850921322584,296.93055835539525,88.22322164127331,0.7216696362867755
241900,241.90000000079098,-42347.413638031074,17370.253652542277,298.6222576444788,88.22322164127331,0.7216696362867755
241950,241.95000000079122,-42532.23039220448,17837.044515391717,306.6471342007007,87.64396050242081,0.7264393337421889
242000,242.00000000079146,-42121.93025862101,17525.009589464124,301.2827580719279,87.64396050242081,0.7264393337421889
242050,242.0500000007917,-42187.983480142124,17654.801581860225,303.5140886309855,87.38887895922888,0.7285597553392291
242100,242.10000000079194,-42373.54490847196,17769.054761835017,305.47828231690437,87.91982247174931,0.7241600185710487
242150,242.15000000079218,-42174.55571674598,17631.4826210549,303.11319864625057,87.2995984633246,0.7293048466958625
242200,242.20000000079241,-42240.292774011585,17535.871885222965,301.4694981937242,87.50999339714943,0.7275514235838033
242250,242.25000000079265,-42111.48708003743,17468.984012220317,300.319589387288,87.32666019049519,0.7290788418453114
242300,242.3000000007929,-42282.655472469865,17593.746604045595,302.4644565599667,87.66294148125249,0.726282043450724
242350,242.35000000079313,-42299.552389149845,17583.07891990217,302.28106212103285,87.66294148125249,0.726282043450724
242400,242.40000000079337,-42340.0654375655,17431.027062118756,299.6670491101362,87.66294148125249,0.726282043450724
242450,242.4500000007936,-42516.61978576944,17672.885441461458,303.8249789086445,87.66294148125249,0.726282043450724
242500,242.50000000079385,-42532.0676254477,17699.13588120601,304.2762656737937,87.66294148125249,0.726282043450724
242550,242.55000000079409,-42528.83683072821,17793.191254925772,305.89322698049756,87.6989464451677,0.7259838670207134
242600,242.60000000079432,-42355.26297853401,17694.114396041292,304.18993836582166,87.88918382950916,0.7244124646487897
242650,242.65000000079456,-42137.469708896606,17385.55798120053,298.88536336918946,88.03768026908035,0.7231905711203307
242700,242.7000000007948,-42470.8179673949,17804.204523150078,306.0825625588358,87.99343803528919,0.7235541842150962
242750,242.75000000079504,-42326.39350483071,17709.63131702476,304.4566988903634,87.99343803528919,0.7235541842150962
242800,242.80000000079528,-42271.19114440836,17582.889203394505,302.27780059285,87.83525441239318,0.7248572421157808
242850,242.85000000079552,-42552.094102547075,17838.552268429507,306.67305487089476,87.83525441239318,0.7248572421157808
242900,242.90000000079576,-42361.11852797192,17556.755893185866,301.82852747051504,87.22380829897803,0.729938551360538
242950,242.950000000796,-42476.90442393803,17540.89281352332,301.5558159283131,87.4139239691659,0.7283510152954963
243000,243.00000000079623,-42690.44745889035,17672.768014959856,303.82296016051805,87.4139239691659,0.7283510152954963
243050,243.05000000079647,-42609.71598585966,17583.69046055392,302.29157547643456,87.4139239691659,0.7283510152954963
243100,243.1000000007967,-42956.12109395049,17946.025429125144,308.5206892535062,87.60094994693621,0.7267960029254459
243150,243.15000000079695,-42370.18836320579,17462.148161326662,300.20207024982363,87.60094994693621,0.7267960029254459
243200,243.2000000007972,-42541.273459708784,17861.671718562127,307.07051495018914,87.4984879514237,0.7276470915617617
243250,243.25000000079743,-42497.51509974175,17745.803786174285,305.0785611048178,87.18338730357321,0.7302769741236684
243300,243.30000000079767,-42526.40440399312,17657.667877912507,303.5633648140126,87.18338730357321,0.7302769741236684
243350,243.3500000007979,-42651.32401767804,17814.467720596564,306.25900322881256,87.54638677226981,0.727248977613683
243400,243.40000000079814,-42655.15622115271,17835.579794791567,306.6219533264783,87.52373007931038,0.727437235778365
243450,243.45000000079838,-42336.20378477909,17544.300933958104,301.61440693331036,87.61384856273638,0.7266890031467509
243500,243.50000000079862,-42432.805290586264,17636.127277083393,303.19304766267567,87.61384856273638,0.7266890031467509
243550,243.55000000079886,-42325.48761381967,17583.52356875939,302.2887063413337,87.27825782583879,0.7294831709513836
243600,243.6000000007991,-42144.03486804415,17410.848402372918,299.32014588983344,87.64432826421103,0.7264362855514486
243650,243.65000000079934,-42287.97788797303,17611.069583279103,302.7622660952398,87.86730739821382,0.7245928225086312
243700,243.70000000079958,-42160.312556374556,17577.09432532243,302.1781774320561,87.93485784942878,0.7240361994207611
243750,243.75000000079982,-41901.65871203229,17194.95360239373,295.60857127076895,87.93485784942878,0.7240361994207611
243800,243.80000000080005,-42363.925836270486,17624.371962339297,302.9909551257202,88.32724724534384,0.7208197046722923
243850,243.8500000008003,-42249.71743923767,17490.284155431436,300.68577269013946,88.27138833800052,0.7212758456920796
243900,243.90000000080053,-42140.98947141132,17290.692939310145,297.25448258025534,88.67035272982623,0.7180305289626884
243950,243.95000000080077,-42332.82146579705,17390.817855450285,298.97578896427905,88.4197003433026,0.7200660036926699
244000,244.000000000801,-42399.25657944053,17440.263907715722,299.8258451611816,87.9304095604316,0.7240728275028494
244050,244.05000000080125,-42477.999684777795,17394.283980972017,299.03537716887774,87.9304095604316,0.7240728275028494
244100,244.1000000008015,-42615.17003996573,17572.39341674293,302.09736134490674,87.9304095604316,0.7240728275028494
244150,244.15000000080173,-42641.70579446567,17681.49984285951,303.9730741549891,87.75662168786366,0.7255067372620873
244200,244.20000000080196,-42528.76106078162,17571.550145421992,302.08286417113464,88.1820748528884,0.7220063757869251
244250,244.2500000008022,-42526.6933593377,17573.165258989295,302.1106305394024,88.1820748528884,0.7220063757869251
244300,244.30000000080244,-42530.643252031296,17388.813875124768,298.9413373586173,87.46844962964593,0.7278969793506676
244350,244.35000000080268,-42629.93974582913,17448.003135141687,299.9588947764949,87.46844962964593,0.7278969793506676
244400,244.40000000080292,-42692.69435663339,17525.745186528373,301.2954041541577,87.96534862063872,0.7237852321654676
244450,244.45000000080316,-42630.78651583482,17448.279030852373,299.9636378620967,87.64782598145534,0.7264072960278133
244500,244.5000000008034,-42582.18639079219,17427.6653613048,299.60925613217114,87.47315928055224,0.7278577885783588
244550,244.55000000080364,-42508.81760435052,17665.150133605915,303.691996676974,87.49864937636615,0.7276457491365846
244600,244.60000000080387,-42527.9300060479,17765.011199122735,305.4087670495846,87.61722947974437,0.7266609621412906
244650,244.6500000008041,-42555.77688175353,17785.54937983043,305.76185100641817,87.5510037074791,0.7272106266951502
244700,244.70000000080435,-42473.7378570549,17706.53113156259,304.40340177678354,87.5510037074791,0.7272106266951502
244750,244.7500000008046,-42530.76804174385,17508.896176034763,301.00574289455136,87.56305915829294,0.727110506255941
244800,244.80000000080483,-42653.45915627534,17645.16573654081,303.348433140792,87.56305915829294,0.727110506255941
244850,244.85000000080507,-42500.52063238129,17366.210822208217,298.5527549679042,87.04340337857006,0.731451411625068
244900,244.9000000008053,-42658.658303718534,17576.746782118993,302.17220261222246,86.47779111521822,0.7362355057043206
244950,244.95000000080555,-42661.64662643215,17673.194341907725,303.8302893980879,86.75774725576753,0.7338597680067441
245000,245.00000000080578,-42602.32532901281,17538.47039783434,301.5141707539554,86.81889042210423,0.7333429391271662
245050,245.05000000080602,-42440.09915166544,17384.610851201185,298.86908069972793,86.81889042210423,0.7333429391271662
245100,245.10000000080626,-42704.69698269306,17517.231692340818,301.14904366307996,87.57143554732808,0.7270409566312961
245150,245.1500000008065,-42437.240572979106,17280.591668811303,297.0808256917734,88.07895902218021,0.7228516433518736
245200,245.20000000080674,-42458.19389708044,17313.163923296586,297.64079449623256,87.9106586827489,0.7242355048626106
245250,245.25000000080698,-42539.63682931287,17367.516400147415,298.5751999269436,87.30259516298283,0.7292798129888947
245300,245.30000000080722,-42415.73365279732,17195.97630468161,295.62615314793754,87.30259516298283,0.7292798129888947
245350,245.35000000080746,-42584.57412125543,17200.655293958665,295.7065924074531,87.30259516298283,0.7292798129888947
245400,245.4000000008077,-42658.02582628287,17325.11099939225,297.84618371548646,87.5413194738561,0.7272910741643495
245450,245.45000000080793,-42486.21376408734,17162.794156961387,295.055699309789,87.5413194738561,0.7272910741643495
245500,245.50000000080817,-42656.62244760815,17181.632626827908,295.3795625368113,87.09842874978723,0.7309893093112868
245550,245.5500000008084,-42882.118030072175,17454.16088686482,300.0647563118736,87.09842874978723,0.7309893093112868
245600,245.60000000080865,-42719.215186304995,17304.274921322594,297.48797842971004,87.4946945000026,0.7276786396905861
245650,245.6500000008089,-42684.547997058544,17077.27401038839,293.58547211826055,87.4946945000026,0.7276786396905861
245700,245.70000000080913,-42687.890808786746,17060.82300734242,293.3026532390218,87.50192503365408,0.7276185095289958
245750,245.75000000080937,-42913.701360456835,17192.546010186652,295.56718093561636,87.77766907985482,0.7253327747400534
245800,245.8000000008096,-42955.496808547,17366.393350118095,298.5558929126701,87.77766907985482,0.7253327747400534
245850,245.85000000080984,-42681.638815772996,17004.27009691255,292.33041885910177,87.9592201950294,0.7238356608066336
245900,245.90000000081008,-42880.75044113632,17141.471267339275,294.68912495999376,87.9592201950294,0.7238356608066336
245950,245.95000000081032,-43053.575761982116,17132.934852890856,294.5423704332167,87.84939332284297,0.7247405800507682
246000,246.00000000081056,-43018.496667874526,17245.70800277774,296.48112005049546,87.84939332284297,0.7247405800507682
246050,246.0500000008108,-43175.106648972556,17343.897650051425,298.1691560880056,87.32191210186103,0.7291184851705553
246100,246.10000000081104,-42924.180936779674,17044.958804012138,293.02992237918625,86.89828096285723,0.7326729547287454
246150,246.15000000081127,-43059.42539243867,17157.025318330976,294.95652380836805,86.66499484809944,0.7346451746232526
246200,246.2000000008115,-43181.400429562724,17329.305958392266,297.91830172552636,86.66499484809944,0.7346451746232526
246250,246.25000000081175,-42983.44157049747,17246.180849055407,296.4892490292531,86.66499484809944,0.7346451746232526
246300,246.300000000812,-42914.315297591624,17199.05524902402,295.67908509292135,86.94866783604492,0.7322483697388111
246350,246.35000000081223,-42834.78505509258,17091.908024895416,293.83705407773584,86.80445504840554,0.7334648923076762
246400,246.40000000081247,-42766.64226124719,17032.069897012403,292.80834159033765,87.57438685040961,0.7270164549671352
246450,246.4500000008127,-42853.460478632565,17293.083524991758,297.2955805462157,87.57438685040961,0.7270164549671352
246500,246.50000000081295,-42678.17550549668,17158.361575728948,294.97949619604634,87.44641989043815,0.7280803531313818
246550,246.55000000081318,-42623.51903581698,17139.425148566916,294.65394892748253,87.43364586603681,0.7281867254106674
246600,246.60000000081342,-42613.93966624125,17113.91762084518,294.21543400032255,87.31287735039906,0.7291939311356836
246650,246.65000000081366,-42703.6805141497,17273.96322990401,296.96687229588474,88.13831228710373,0.7223648674654859
246700,246.7000000008139,-42857.82435025397,17313.922632771315,297.65383791751884,87.48547969846639,0.7277552857153893
246750,246.75000000081414,-42886.061823962154,17488.01439724366,300.64675194076534,87.48547969846639,0.7277552857153893
246800,246.80000000081438,-42944.699367486195,17618.829040911907,302.8956634999499,87.05410922982689,0.7313614582606177
246850,246.85000000081462,-42497.72918902652,17254.44410492555,296.63130752608305,87.13891668919685,0.7306496648448536
246900,246.90000000081486,-42690.662590606764,17549.954518935017,301.711601041316,87.52500101827304,0.727426672758484
246950,246.9500000008151,-42954.98947484985,17828.58469943349,306.5016965236675,87.52500101827304,0.727426672758484
247000,247.00000000081533,-42627.54640313957,17636.936198522093,303.20695430739795,87.34884039415856,0.728893709253673
247050,247.05000000081557,-42546.79496401072,17481.432603655365,300.533600452019,87.91002177051553,0.724240751982832
247100,247.1000000008158,-42551.11048491224,17753.131102559433,305.2045293149072,87.91002177051553,0.724240751982832
247150,247.15000000081605,-42427.78791818152,17620.74891293095,302.9286691501944,88.02826901672185,0.7232678886575734
247200,247.2000000008163,-42442.61648625791,17344.9839889305,298.18783197928065,88.35824907258717,0.7205667941835446
247250,247.25000000081653,-42366.461283835786,17358.547824449815,298.4210158616878,87.69651820941696,0.7260039688447807
247300,247.30000000081677,-42540.96539846342,17585.29961661798,302.3192394257564,87.69651820941696,0.7260039688447807
247350,247.350000000817,-42581.58627572132,17494.51394210486,300.7584894432185,87.66168746074699,0.7262924330816066
247400,247.40000000081724,-42586.71923514732,17571.683968670863,302.08516480539726,87.65810831378498,0.7263220881518038
247450,247.45000000081748,-42435.498401777695,17368.822099706493,298.59764697682186,88.24651417951321,0.7214791526426784
247500,247.50000000081772,-42182.84616923707,16977.358241883823,291.86776131437995,87.67759689475429,0.7261606445524571
247550,247.55000000081796,-42687.2902565547,17580.256096310528,302.23253329867197,87.42586808365627,0.7282515080431629
247600,247.6000000008182,-42667.732926513105,17674.090447566676,303.84569487807204,87.44102318987471,0.7281252889236293
247650,247.65000000081844,-42306.78604516845,17256.110915052584,296.6599626403466,87.96593061968717,0.7237804434670086
247700,247.70000000081868,-42420.644279385786,17301.456293971398,297.4395217473892,87.76695925999717,0.7254212839400966
247750,247.75000000081891,-42561.560116101056,17588.74902763489,302.3785402814617,87.35625601343897,0.7288318339113635
247800,247.80000000081915,-42641.181359787544,17647.309687960085,303.38529107193744,86.99216922237663,0.7318822009272098
247850,247.8500000008194,-42659.587740874485,17680.80026475098,303.96104729583396,87.07536766910346,0.7311829048583658
247900,247.90000000081963,-42722.95912029447,17726.26730019247,304.7426978717858,87.07536766910346,0.7311829048583658
247950,247.95000000081987,-42630.14790474884,17610.094250248985,302.7454985708711,86.98861789616798,0.7319120801516954
248000,248.0000000008201,-42586.33113090178,17533.745665376417,301.43294509648535,86.98861789616798,0.7319120801516954
248050,248.05000000082035,-42930.90089400929,17812.69774554972,306.2285745456721,86.56767780057979,0.7354710429055645
248100,248.1000000008206,-42922.61012328581,17550.794402454354,301.7260399733961,86.86064543699415,0.7329904118671093
248150,248.15000000082082,-42766.958758550274,17329.162739059848,297.91583955765935,86.86064543699415,0.7329904118671093
248200,248.20000000082106,-42876.00194891945,17567.881792246244,302.01979935187,86.61580175347213,0.735062413381783
248250,248.2500000008213,-42682.71556710724,17383.375275395392,298.8478391885792,86.61580175347213,0.735062413381783
248300,248.30000000082154,-42870.41725889481,17481.445449566556,300.5338212936416,86.5299615395322,0.7357916164659085
248350,248.35000000082178,-42912.81247754749,17403.266039919297,299.1897930326173,86.73768037216948,0.7340295474898787
248400,248.40000000082202,-42568.0736100643,16995.940222682304,292.18721508682023,87.28121252162202,0.7294584760509936
248450,248.45000000082226,-42759.32833471456,17222.54338503043,296.0828834681436,87.20908865615897,0.7300617545142627
248500,248.5000000008225,-42951.87975967045,17303.526985033397,297.4751202165992,87.20908865615897,0.7300617545142627
248550,248.55000000082273,-43034.37754752326,17460.119376976967,300.1671922235784,86.65653462438426,0.7347168975758899
248600,248.60000000082297,-42720.55923464219,17163.563024708255,295.06891736791255,87.26417658568428,0.7296008828020049
248650,248.6500000008232,-42558.977653593014,17196.53659012789,295.6357853449244,87.70206901979769,0.7259580188414142
248700,248.70000000082345,-42375.053100049015,16946.38293607522,291.3352465948589,87.98453385534607,0.7236274090919301
248750,248.7500000008237,-42853.62771983918,17331.20733517834,297.9509894133315,87.98453385534607,0.7236274090919301
248800,248.80000000082393,-42522.50188142076,17102.622254799695,294.02124871224936,87.7337631447424,0.7256957639998453
248850,248.85000000082417,-42570.23253648689,17208.126315806745,295.83503114276533,87.21540373591621,0.7300088923132066
248900,248.9000000008244,-42606.99315957484,17270.18372258471,296.90189656029395,87.21540373591621,0.7300088923132066
248950,248.95000000082464,-42751.118595937674,17483.932930625626,300.57658504508504,86.73833332061493,0.7340240218654679
249000,249.00000000082488,-42888.422923944236,17508.973560071023,301.00707324908024,86.73833332061493,0.7340240218654679
249050,249.05000000082512,-42917.55239245698,17410.75067456681,299.3184657935794,87.15428854087769,0.7305207963925183
249100,249.10000000082536,-43061.96303459183,17662.834539919433,303.652187942555,86.44386116879251,0.7365244843654714
249150,249.1500000008256,-42882.035217857585,17463.385845402066,300.2233480054765,86.32441588972765,0.7375435978070903
249200,249.20000000082584,-43055.739014735984,17658.23036150919,303.57303480069726,86.26818916916126,0.7380243040578975
249250,249.25000000082608,-43215.468228283324,17663.791213109398,303.66863467462525,87.0369122424933,0.7315059626256042
249300,249.30000000082632,-43075.23813560984,17476.69446585655,300.45214433544095,87.22523147326868,0.729926641621091
249350,249.35000000082655,-43092.32792894478,17381.217932078103,298.81075102943026,87.396229213536,0.7284984815345368
249400,249.4000000008268,-43059.031655368606,17318.27030915479,297.7285813820134,86.73732854823041,0.7340325248604194
249450,249.45000000082703,-43145.095593184014,17403.225992232998,299.18910454926316,86.62588033674788,0.7349768917372428
249500,249.50000000082727,-42944.775455032184,17267.532950903897,296.8563255836313,86.65266904135761,0.7347496733599492
249550,249.5500000008275,-43095.03737335981,17391.395269887562,298.9857156358352,86.63952234650489,0.7348611643918385
249600,249.60000000082775,-43118.9388760569,17446.14680081569,299.92698144014065,86.456331166289,0.736418252024216
249650,249.650000000828,-43117.15424211223,17336.958938399926,298.04986861069165,86.16578458602783,0.7389014163776251
249700,249.70000000082823,-43074.21259695447,17289.49243575447,297.23384401680784,86.20323357750327,0.7385804178292558
249750,249.75000000082846,-43004.0918255951,17323.087971770616,297.81140465654266,86.07823260304819,0.7396529685676968
249800,249.8000000008287,-43008.84915094573,17265.768536410942,296.8259924952466,86.22954208250698,0.738355078042579
249850,249.85000000082894,-43043.61585358764,17409.025593809674,299.28880891460574,86.27739099681466,0.7379455908240885
249900,249.90000000082918,-42915.30715408572,17229.405001965726,296.20084556480015,86.27739099681466,0.7379455908240885
249950,249.95000000082942,-42991.16455967946,17336.370727977326,298.03975633899546,86.29478971079635,0.7377968065891212
250000,250.00000000082966,-43046.01971949948,17415.17857980064,299.3945885194768,86.29478971079635,0.7377968065891212
250050,250.0500000008299,-42824.407149247454,17366.760956422295,298.5622126490816,87.04077262740702,0.7314735192717922
250100,250.10000000083014,-42714.52111174316,17334.266963635226,298.0035892875547,86.87142621863826,0.732899447439316
250150,250.15000000083037,-42484.847820272276,17320.8718482174,297.77330597174983,87.62470273440562,0.726598987352755
250200,250.2000000008306,-42598.11086406617,17347.27657768699,298.2272452224035,86.97123914645375,0.7320583321423373
250250,250.25000000083085,-42463.236503217246,17158.833878126497,294.9876158246406,86.97123914645375,0.7320583321423373
250300,250.3000000008311,-42666.11259426548,17313.079305848765,297.63933978786673,86.65556712253641,0.7347251006259611
250350,250.35000000083133,-42877.64356930263,17362.08706993141,298.48186111456744,86.71680205812754,0.7342062756330392
250400,250.40000000083157,-42520.286787296354,17171.797634925573,295.2104834004591,86.96697994660086,0.732094184631897
250450,250.4500000008318,-42727.556980478636,17347.48645365214,298.23085332368936,86.69889048908348,0.734357959078172
250500,250.50000000083205,-42817.588094905346,17533.77907879314,301.4335195262051,86.59918076817276,0.7352034939492729
250550,250.55000000083228,-42851.386962970755,17519.44504182077,301.1870946571461,86.59918076817276,0.7352034939492729
250600,250.60000000083252,-42762.58153364856,17377.29245116965,298.7432657759233,86.23615839226468,0.7382984291148139
250650,250.65000000083276,-43042.61373701546,17724.605084127466,304.71412173674753,86.40427898571471,0.7368618894954448
250700,250.700000000833,-42678.61942046148,17400.437843281183,299.14117183905097,86.81953437615556,0.7333374998080077
250750,250.75000000083324,-42667.153787555246,17429.65379936423,299.6434405415857,87.0695622964833,0.7312316565587791
250800,250.80000000083348,-42701.789837988865,17479.262440792,300.49629190450565,86.84424068507941,0.7331288726996033
250850,250.85000000083372,-42996.845350032534,17748.410415084985,305.1233731971295,86.84424068507941,0.7331288726996033
250900,250.90000000083396,-42557.60735110288,17325.863150392437,297.8591143861754,86.84424068507941,0.7331288726996033
250950,250.9500000008342,-42635.415594887396,17381.97784939723,298.82381521548075,87.12022997475955,0.7308063843765239
251000,251.00000000083443,-42677.172619423654,17305.804585512906,297.5142757874278,87.37662316445217,0.728661946045629
251050,251.05000000083467,-42817.97180717027,17483.484400173937,300.56887409400827,87.22113592762257,0.7299609159726833
251100,251.1000000008349,-42733.94776097448,17327.138724977318,297.8810435398856,87.22113592762257,0.7299609159726833
251150,251.15000000083515,-42899.4030576355,17423.350907215623,299.5350838116982,87.24824241427632,0.7297341300194189
251200,251.2000000008354,-42850.44497129041,17477.262503451253,300.46190980417555,86.55002774173718,0.735621026764877
251250,251.25000000083563,-42602.51714689811,17170.681706499163,295.19129881785426,86.86816795396703,0.7329269371450782
251300,251.30000000083587,-42707.24405363718,17234.180192343945,296.28293867408627,86.86816795396703,0.7329269371450782
251350,251.3500000008361,-42741.75729214822,17358.793290663518,298.42523581589097,86.34399353314842,0.7373763671176783
251400,251.40000000083634,-42762.82020666929,17428.452117711884,299.6227817247848,87.01770129653707,0.7316674576008251
251450,251.45000000083658,-42787.219298544944,17416.992723886488,299.4257765385723,86.48916205160941,0.7361387110666375
251500,251.50000000083682,-42934.96527782196,17583.177050428923,302.2827491406947,86.51059914175713,0.7359562979049336
251550,251.55000000083706,-42641.557833616294,17142.28510587148,294.70311613736556,86.76000593903451,0.7338406629276194
251600,251.6000000008373,-42714.655297249694,17207.868216478142,295.83059400524587,86.3745124445971,0.7371158281760912
251650,251.65000000083754,-42988.88370141239,17368.642285179907,298.5945556794257,86.3745124445971,0.7371158281760912
251700,251.70000000083778,-43116.11873623639,17543.486311246805,301.6004022746541,85.58646184469539,0.7439029363012674
251750,251.750000000838,-42937.44865620098,17400.361753586178,299.13986373630473,85.40829378268826,0.7454547732319928
251800,251.80000000083825,-42944.6851895827,17362.53332747296,298.48953299070774,85.84207183090604,0.7416878334358032
251850,251.8500000008385,-43245.9159970244,17595.145743520992,302.48850999046124,85.8386218532561,0.741717642936391
251900,251.90000000083873,-43021.63359449985,17505.698514910848,300.9507700194796,85.6785728733421,0.7431031836632617
251950,251.95000000083897,-43179.598794999656,17652.72847844239,303.47844868954604,85.17381771981552,0.7475069449551404
252000,252.0000000008392,-43147.51249829567,17597.820147701423,302.534487247339,85.89246758811383,0.7412526623314283
252050,252.05000000083945,-42726.53271639494,17270.37541325416,296.9051920274544,85.89246758811383,0.7412526623314283
252100,252.10000000083969,-42805.32717302142,17239.529722898576,296.3749056035,86.03507506666229,0.740023998637458
252150,252.15000000083992,-42857.01866613193,17445.655630824327,299.9185374476324,86.83327922715495,0.7332214197203174
252200,252.20000000084016,-42865.37555929925,17322.354178765923,297.7987895889629,86.38629284143411,0.7370153085602456
252250,252.2500000008404,-42901.25795390854,17402.496006229252,299.1765549300781,86.60419379499983,0.7351609371783243
252300,252.30000000084064,-42807.93806889909,17300.873762881045,297.4295071124375,87.1750917176744,0.7303464673154666
252350,252.35000000084088,-42824.68388879286,17374.984805675318,298.7035936835552,87.20350474582108,0.7301085026282313
252400,252.40000000084112,-42571.71799739807,17047.777744480038,293.07838444448066,86.77136648145255,0.7337445848281574
252450,252.45000000084136,-42722.61063484592,17256.27610059721,296.6628024423007,86.77136648145255,0.7337445848281574
252500,252.5000000008416,-42800.469839596764,17223.471892609166,296.09884598860816,86.77136648145255,0.7337445848281574
252550,252.55000000084183,-42690.478575574,17073.04090633317,293.5126983341179,86.87775222396851,0.7328460813508486
252600,252.60000000084207,-42968.02174311456,17343.411396474283,298.1607966164688,86.96017173915652,0.7321515010904329
252650,252.6500000008423,-42948.82318219464,17306.436306438613,297.5251360738006,87.081977241888,0.7311274076500852
252700,252.70000000084255,-43045.604494204235,17364.47477780943,298.5229096065119,87.081977241888,0.7311274076500852
252750,252.7500000008428,-42854.349049120996,17181.399582793623,295.3755561396083,87.10695837090006,0.7309177299339034
252800,252.80000000084303,-42875.44871104743,17318.301683731177,297.72912076082855,87.10695837090006,0.7309177299339034
252850,252.85000000084327,-43037.9705075519,17501.32648923862,300.875607952026,86.87285239706718,0.732887415540355
252900,252.9000000008435,-42694.68338595767,17142.07902548461,294.6995732881007,86.93249740391448,0.7323845762544305
252950,252.95000000084374,-42851.979554421865,17351.5273217029,298.30032226549633,86.93249740391448,0.7323845762544305
253000,253.00000000084398,-42814.42241503195,17138.479644352155,294.637694207841,86.83063809102875,0.7332437221889241
253050,253.05000000084422,-42837.69458457289,17101.63546991948,294.0042843123832,86.83063809102875,0.7332437221889241
253100,253.10000000084446,-42803.902849804836,17134.318178673806,294.5661520012137,86.84866820340005,0.733091498015772
253150,253.1500000008447,-42761.9021550537,17122.444846648006,294.36203055968326,86.733129864007,0.7340680588113608
253200,253.20000000084494,-43007.33811938364,17263.237229044822,296.78247529995497,86.733129864007,0.7340680588113608
253250,253.25000000084518,-42957.6787337912,17389.913176132904,298.9602360894849,87.16293451772513,0.730448333642989
253300,253.30000000084542,-42638.164004231585,17208.135060271004,295.8351814739989,87.16293451772513,0.730448333642989
253350,253.35000000084565,-42915.49412766361,17403.02797036508,299.1857002387423,87.16293451772513,0.730448333642989
253400,253.4000000008459,-42929.74736289669,17336.424104832422,298.04067397193813,87.16293451772513,0.730448333642989
253450,253.45000000084613,-43107.43557225243,17741.389073226157,305.00266517527115,87.16293451772513,0.730448333642989
253500,253.50000000084637,-42905.53422634324,17456.987524090426,300.1133506966613,86.67263808773309,0.7345803898279673
253550,253.5500000008466,-42897.81982917949,17559.752189086976,301.88003855748354,86.86536601272266,0.7329505785375983
253600,253.60000000084685,-43012.42205065614,17620.0998057148,302.917509965866,86.79896246845244,0.7335113054726408
253650,253.6500000008471,-42944.43358099134,17598.16600901794,302.54043315286435,86.79186845152498,0.7335712597253875
253700,253.70000000084733,-42941.38788346599,17715.11278431415,304.5509340218649,87.08953077559383,0.7310639947981873
253750,253.75000000084756,-42644.68259792153,17473.981858912135,300.4055103123548,87.33358003948331,0.7290210735105687
253800,253.8000000008478,-42510.693539424596,17089.214010801854,293.7907396952957,87.37941053288574,0.7286387020194359
253850,253.85000000084804,-42959.43753026715,17419.31411729986,299.4656849795109,87.13610683703016,0.7306732258876678
253900,253.90000000084828,-42684.770858723445,17135.395667893514,294.5846757527842,87.25789539915472,0.7296534025105773
253950,253.95000000084852,-42949.04400521644,17359.244548022507,298.4329936468367,87.32303516941842,0.7291091079276022
254000,254.00000000084876,-42621.96127481806,16929.42374848141,291.0436912158539,86.96430327439435,0.7321167177412621
254050,254.050000000849,-42999.23649652407,17360.805345571855,298.45982623646,86.96430327439435,0.7321167177412621
254100,254.10000000084923,-43092.022682171904,17506.977200512072,300.9727526565034,86.39735518089067,0.7369209409316196
254150,254.15000000084947,-42725.71660634657,17303.123148600745,297.4681776267182,86.73548192822071,0.7340481525956674
254200,254.2000000008497,-42845.102731173785,17299.711586666872,297.4095274568839,87.0984535130928,0.730989101480827
254250,254.25000000084995,-42713.40483457317,17263.585019586717,296.7884543719297,87.01356532379441,0.731702235588028
254300,254.3000000008502,-43041.454274962416,17574.830172555954,302.1392530487799,87.19059317303201,0.7302166203589697
254350,254.35000000085043,-42892.78248384635,17395.63480956931,299.0586000586227,87.06132902636874,0.7313008081305743
254400,254.40000000085067,-42849.47770867531,17523.949711971498,301.26453709392695,87.13208963925075,0.7307069133485409
254450,254.4500000008509,-42688.30130637973,17257.564634039372,296.6849543793562,87.59772143682491,0.7268227897893712
254500,254.50000000085114,-42774.78887440168,17279.216360276252,297.0571819530054,87.59772143682491,0.7268227897893712
254550,254.55000000085138,-43091.11274316553,17661.507824414806,303.6293795951832,87.59331718499622,0.7268593349357813
254600,254.60000000085162,-42660.489504864425,17293.7070664076,297.30630021381864,87.19893984542554,0.7301467241088863
254650,254.65000000085186,-42773.06928109795,17465.14223864263,300.25354319578867,87.27938089902756,0.7294737842785805
254700,254.7000000008521,-42455.057678206664,17337.148242932857,298.0531230563743,87.27938089902756,0.7294737842785805
254750,254.75000000085234,-42566.287245025116,17383.767490489754,298.8545819891913,87.09784151921409,0.7309942377832626
254800,254.80000000085258,-42659.399109306534,17512.81465197066,301.07310772145087,87.06762358698289,0.7312479386818137
254850,254.85000000085282,-42673.36329475374,17749.081013239564,305.13490184483373,87.44083625340878,0.7281268455552227
254900,254.90000000085305,-42610.98346417282,17753.10187835595,305.2040269044187,86.51283601892929,0.7359372690079715
254950,254.9500000008533,-42325.97998559207,17488.742531645712,300.6592697279755,87.13223488081529,0.730705695326124
255000,255.00000000085353,-42641.107061912306,17631.885824840323,303.12013035992055,87.36353819822187,0.7287710821584049
255050,255.05000000085377,-42656.74861490973,17643.35210395847,303.3172539152545,87.53015889697545,0.7273838077781132
255100,255.100000000854,-42346.81396375288,17387.746720932842,298.9229912825944,87.25063655031713,0.729714106294092
255150,255.15000000085425,-42458.84585984996,17468.750065241577,300.31556746703524,87.08554868028062,0.7310974236110207
255200,255.2000000008545,-42896.42477575113,17832.01129806096,306.56060519815463,85.96798383676743,0.7406015289924164
255250,255.25000000085473,-42636.93782012629,17574.43395122763,302.132441374641,86.78654435259688,0.7336162621619602
255300,255.30000000085496,-42744.16116320073,17755.707163198065,305.248815890056,86.78654435259688,0.7336162621619602
255350,255.3500000008552,-42471.58376287663,17334.443095574006,298.0066172754157,86.78654435259688,0.7336162621619602
255400,255.40000000085544,-42568.9624043172,17411.41083019192,299.3298149176112,87.30442913047281,0.7292644933140346
255450,255.45000000085568,-42923.1491305894,17669.64306556458,303.76923731558395,86.82064386727505,0.73332812840269
255500,255.50000000085592,-42669.489356360325,17464.79217613931,300.2475250651874,86.82064386727505,0.73332812840269
255550,255.55000000085616,-42743.400799834664,17443.15048969575,299.8754700915363,86.39149623234323,0.7369709178629699
255600,255.6000000008564,-42921.71592290453,17485.17192119657,300.59788526147196,86.82267251809337,0.7333109938609321
255650,255.65000000085664,-42905.372563580335,17336.49379509499,298.04187205827355,86.84102720204149,0.7331560015495597
255700,255.70000000085687,-43033.66896574361,17509.92888051587,301.02349672531267,86.7542809618405,0.7338890895990497
255750,255.7500000008571,-42763.18646855916,17339.680011461547,298.0966481797832,87.56477951664583,0.727096220938947
255800,255.80000000085735,-42515.4383212477,17171.570580861473,295.2065799803603,87.56477951664583,0.727096220938947
255850,255.8500000008576,-42725.9453188146,17284.173737802445,297.1424071488189,87.05520757349873,0.7313522309409444
255900,255.90000000085783,-42423.66661571846,16985.14658975034,292.00165538810757,87.78183685359083,0.7252983368312925
255950,255.95000000085807,-42448.1482481815,16896.08249983893,290.47050218007683,87.7235249933687,0.7257804594459487
256000,256.0000000008583,-42874.83736425807,17093.401547107867,293.86273009743286,86.94747067154134,0.7322584519384344
256050,256.0500000008571,-42923.332338290515,17298.725756098538,297.3925794631551,86.94747067154134,0.7322584519384344
256100,256.1000000008559,-42983.25803169371,17157.805768532107,294.96994098728226,86.94747067154134,0.7322584519384344
256150,256.15000000085473,-43080.33616921056,17321.817777296248,297.78956799548,86.94747067154134,0.7322584519384344
256200,256.20000000085355,-43036.16883029077,17209.68082922214,295.86175569814196,87.15673441627416,0.7305002958212832
256250,256.25000000085237,-42858.25851732248,17118.43208809994,294.2930448648871,87.43798523418518,0.7281505869946936
256300,256.3000000008512,-42971.904266602614,17135.20631308563,294.5814204427952,87.3307020573489,0.7290450983904304
256350,256.35000000085,-42904.66849004444,17002.291928089464,292.2964109941754,87.69629699566562,0.7260058001884855
256400,256.4000000008488,-42931.963416804334,17247.89943866136,296.51879431502493,86.98824639778903,0.7319152059090542
256450,256.45000000084764,-43008.70927798199,17233.7915654994,296.2762575611894,86.67994106384076,0.734518499810851
256500,256.50000000084646,-43282.00094060508,17521.62570249688,301.2245836787391,86.67994106384076,0.734518499810851
256550,256.5500000008453,-43045.42147219811,17511.227975280504,301.045830228281,87.33114545945189,0.7290413968458314
256600,256.6000000008441,-42721.16006372283,17083.723614554052,293.6963510608131,87.33114545945189,0.7290413968458314
256650,256.6500000008429,-42880.203077737206,17449.809573124043,299.9899503154281,87.99879319600153,0.7235101523732967
256700,256.7000000008417,-42866.72879969697,17275.237756346098,296.98878343035506,87.48255666814866,0.7277796020002013
256750,256.75000000084054,-42710.78360289426,17191.546432427225,295.54999660583155,87.09834522933708,0.730990010272436
256800,256.80000000083936,-42934.164723339534,17350.965159495958,298.2906578040119,87.32901853254029,0.7290591528883552
256850,256.8500000008382,-42823.87198492818,17194.111914696157,295.5941013219986,87.36587662630588,0.7287515759297588
256900,256.900000000837,-42894.98512981287,17231.240504561436,296.23240077061394,87.23724493972965,0.7298261232102432
256950,256.9500000008358,-42812.752900546504,17302.151333506088,297.45147058124934,87.68764240435237,0.7260774554790076
257000,257.00000000083463,-42779.88412186313,17204.726771544672,295.7765875758026,87.38707978635912,0.7285747553249134
257050,257.05000000083345,-42613.83809254634,17047.004009891367,293.06508271761425,88.08071220793347,0.7228372554890705
257100,257.10000000083227,-42765.73820455496,17272.301647514723,296.93830705473886,88.06641014183923,0.7229546449249148
257150,257.1500000008311,-42562.75454109577,16998.967626396203,292.23926096651377,87.97846170420759,0.7236773528498778
257200,257.2000000008299,-42750.13491178493,17115.591236342705,294.244206109717,87.97846170420759,0.7236773528498778
257250,257.2500000008287,-42730.332431849165,17045.72008764457,293.0430100543332,87.97846170420759,0.7236773528498778
257300,257.30000000082754,-42803.76660282235,17037.70290791496,292.90518199731764,87.91480655603971,0.7242013349972085
257350,257.35000000082636,-42828.156746607565,17189.890986328755,295.5215368572739,87.7613958474032,0.7254672701948506
257400,257.4000000008252,-42961.095792640306,17386.614639061507,298.9035289966072,87.58851248138222,0.7268992071013712
257450,257.450000000824,-42767.459239147,17119.099092907927,294.30451173725436,87.58851248138222,0.7268992071013712
257500,257.5000000008228,-42817.481335077304,17166.38909308924,295.1175019733575,87.00276239667294,0.7317930893231043
257550,257.5500000008216,-42797.26103038841,17151.113655110436,294.8548929253272,87.47775316251074,0.7278195652285078
257600,257.60000000082044,-42916.67609949032,17391.54783357641,298.9883384480353,87.47775316251074,0.7278195652285078
257650,257.65000000081926,-42597.17229054829,17175.755575508563,295.2785266873424,87.47775316251074,0.7278195652285078
257700,257.7000000008181,-42760.55287674184,17376.71770270606,298.7333849366904,87.49699753053787,0.727659486277619
257750,257.7500000008169,-42849.15201102303,17463.140771920258,300.2191348029586,87.40626408926514,0.7284148446029365
257800,257.8000000008157,-42698.799969171574,17318.435700910253,297.7314247290594,87.73344269644134,0.7256984146193525
257850,257.85000000081453,-42565.19155060977,17442.046719835,299.85649453399236,87.7305951431269,0.7257219692860278
257900,257.90000000081335,-42631.35456957713,17400.116306697004,299.13564411432094,87.7305951431269,0.7257219692860278
257950,257.95000000081217,-42655.28778632251,17546.29503753061,301.64868874189585,87.40079915887172,0.7284603903698127
258000,258.000000000811,-42745.62799138292,17680.551937240052,303.95677815138555,87.48575059312762,0.7277530322624527
258050,258.0500000008098,-42510.89447307271,17483.870873384454,300.57551818251454,86.72538765262091,0.7341335910647983
258100,258.1000000008086,-42831.09647065466,17727.017693175694,304.75559831937016,87.01319498171908,0.7317053498297762
258150,258.15000000080744,-42529.38308734546,17467.751007422452,300.2983920758503,87.01319498171908,0.7317053498297762
258200,258.20000000080626,-42426.42101563928,17339.305978336626,298.0902179561128,87.15054802265901,0.730552150485063
258250,258.2500000008051,-42643.818668349195,17664.83760878902,303.68662387884115,87.15054802265901,0.730552150485063
258300,258.3000000008039,-42651.15733878685,17634.902672276392,303.1719947604266,87.39132129550906,0.7285393941878427
258350,258.3500000008027,-42625.953252338084,17549.94472303588,301.71143263424636,87.87861226796515,0.7244996095268852
258400,258.4000000008015,-42433.51959867664,17505.791133209153,300.9523622751768,87.97329381408899,0.7237198644449165
258450,258.45000000080034,-42179.81624438696,17218.829601078392,296.01903762165546,87.96975504016288,0.7237489776439351
258500,258.50000000079916,-42453.14119012373,17496.96130691243,300.80056353256316,87.96975504016288,0.7237489776439351
258550,258.550000000798,-42481.76292557434,17425.791032780147,299.57703344695335,87.94952864440438,0.7239154234848313
258600,258.6000000007968,-42527.1002874098,17617.040917545768,302.8649228183672,87.72386457550063,0.7257776499245382
258650,258.6500000007956,-42583.75607483575,17397.190978319308,299.0853530718311,87.72386457550063,0.7257776499245382
258700,258.70000000079443,-42486.37930537435,17306.90203872253,297.5331427517031,87.79808372230798,0.7251641217509665
258750,258.75000000079325,-42892.251411132296,17718.14705783726,304.60309800449323,87.79808372230798,0.7251641217509665
258800,258.80000000079207,-42441.361147402415,17284.7765922652,297.1527711748314,87.79808372230798,0.7251641217509665
258850,258.8500000007909,-42755.08813863946,17600.569080264246,302.5817457655185,87.58332912456918,0.7269422264521447
258900,258.9000000007897,-42754.9826346663,17603.222661804077,302.62736504812193,87.40365466365456,0.7284365913406209
258950,258.9500000007885,-42666.16083707755,17633.69018090437,303.15115010737026,87.38828773152261,0.7285646844289756
259000,259.00000000078734,-42350.57437921289,17189.90576990919,295.5217910105093,87.51645682059582,0.7274976911419234
259050,259.05000000078616,-42646.36228131596,17506.422331699516,300.96321358005605,86.79071411419964,0.7335810163991807
259100,259.100000000785,-42882.01435771459,17732.216456395734,304.8449733187675,86.84974039282278,0.7330824477532553
259150,259.1500000007838,-42812.80774185422,17727.082970626034,304.7567205424524,86.84974039282278,0.7330824477532553
259200,259.2000000007826,-42572.243549059946,17425.69925526588,299.57545564566965,87.26479914397876,0.7295956777355209
259250,259.2500000007814,-42717.302844594626,17541.99035879301,301.5746844752473,87.31155055105843,0.7292050120753866
259300,259.30000000078024,-42634.70071443646,17488.286229657013,300.65142517183034,88.16863576587907,0.7221164274671081
259350,259.35000000077906,-42744.55507738378,17420.928062386145,299.49343125973354,88.16863576587907,0.7221164274671081
259400,259.4000000007779,-42546.63162400235,17186.908347392404,295.47026055522747,87.59582595883438,0.7268385174406147
259450,259.4500000007767,-42721.754970273985,17556.525139746787,301.8245604522829,87.57766045413219,0.7269892795006861
259500,259.5000000007755,-42696.880509093,17664.694345304666,303.68416095193226,87.45497435857543,0.7280091354536233
259550,259.55000000077433,-42419.27071923185,17372.259579678637,298.6567427189119,87.21502833501063,0.7300120345010209
259600,259.60000000077315,-42686.68984005273,17662.20264771413,303.6413247116138,87.31435638919831,0.729181579145004
259650,259.65000000077197,-42485.16638741413,17389.8348186667,298.95888900014876,87.31435638919831,0.729181579145004
259700,259.7000000007708,-42547.18983601233,17415.196924013744,299.3949038856449,86.87105457384402,0.7329025828710853
259750,259.7500000007696,-42544.68508228296,17524.724818454164,301.2778624058308,87.58922746066597,0.7268932735192457
259800,259.8000000007684,-42654.15505007576,17593.10617710851,302.45344660342647,87.41807584371973,0.728316422655273
259850,259.85000000076724,-42640.74913753468,17536.729060261256,301.4842343944873,87.50703275390926,0.7275760389791187
259900,259.90000000076606,-42797.05966019099,17461.561291397924,300.1919810233466,87.09608159423556,0.7310090087694503
259950,259.9500000007649,-42719.129808934056,17476.104341831287,300.4419991658746,86.34922761454798,0.7373316708530535
260000,260.0000000007637,-42975.620974498146,17786.200368217953,305.7730425310712,86.13919583907104,0.7391294944621104
260050,260.0500000007625,-42907.89278418735,17614.18485224157,302.815822518154,86.4091440296353,0.7368204023878469
260100,260.1000000007613,-42758.53009789121,17483.620508208664,300.57121400736975,86.85583259232347,0.7330310282413024
260150,260.15000000076014,-42918.91213947236,17475.174919677283,300.4260209224082,86.85583259232347,0.7330310282413024
260200,260.20000000075896,-42725.63846538837,17214.228212020378,295.9399324331941,86.97200198208864,0.7320519112233077
260250,260.2500000007578,-42721.511271928255,17285.637909881647,297.1675785930947,87.11301270219016,0.7308669313454312
260300,260.3000000007566,-42779.15403445667,17357.912183621836,298.4100881859671,86.4015447757378,0.7368852077721618
260350,260.3500000007554,-42810.286420823686,17297.96711118811,297.3795371518317,86.60601229917367,0.7351455006838222
260400,260.40000000075423,-42779.60342314455,17353.718362806583,298.33798974313146,86.75648392025639,0.7338704543677309
260450,260.45000000075305,-42685.815555179775,17237.70066676331,296.34346122258324,86.75648392025639,0.7338704543677309
260500,260.50000000075187,-42998.004089201706,17633.25246191274,303.1436250224689,86.50433676694483,0.7360095765537875
260550,260.5500000007507,-42715.960754769425,17286.697830735422,297.1858003165427,86.70184750085383,0.7343329134166178
260600,260.6000000007495,-42909.29319778961,17394.09964660893,299.0322081683112,86.70184750085383,0.7343329134166178
260650,260.6500000007483,-43041.187518571125,17675.457111999527,303.8691900109897,86.88342277339991,0.7327982512838778
260700,260.70000000074714,-42693.98832101692,17180.94396786259,295.367723395076,86.95927825429062,0.732159023764251
260750,260.75000000074596,-42893.63705398603,17268.49874944539,296.87292919499237,86.8807369494963,0.7328209049483024
260800,260.8000000007448,-42758.993623921146,17201.57431339131,295.7223918116118,87.23695371326205,0.7298285596167747
260850,260.8500000007436,-42760.95885292614,17179.05524529513,295.33525325339355,87.5442958195582,0.7272663476000143
260900,260.9000000007424,-42791.30210063829,17378.686840966286,298.7672375518937,87.15115365085813,0.7305470737538354
260950,260.9500000007412,-42587.999456524,17150.832013679916,294.8500510616728,87.36928703169816,0.7287231295684731
261000,261.00000000074004,-42581.84196913506,17152.718044763547,294.8824749324722,87.51391145986736,0.7275188505670044
261050,261.05000000073886,-42664.01893511432,17118.507945204143,294.2943489690279,87.5938034589535,0.7268552998014313
261100,261.1000000007377,-42650.862403955296,17123.69206279016,294.3834721867079,87.5938034589535,0.7268552998014313
261150,261.1500000007365,-42621.86117266062,17102.669248603426,294.02205661039795,87.54925356303228,0.7272251639252026
261200,261.2000000007353,-42882.407371045454,17478.442676234925,300.4821988493513,87.82722355445004,0.7249235225389219
261250,261.25000000073413,-42603.09151532274,17100.39358093847,293.9829342677223,87.77723426819142,0.7253363677348992
261300,261.30000000073295,-42691.83188212864,17256.130023622893,296.6602911470293,88.11173626362269,0.722582745202252
261350,261.35000000073177,-42732.64913165273,17234.796064739166,296.2935264990404,87.94344113882275,0.7239655334091647
261400,261.4000000007306,-42752.682785375924,17426.817540358126,299.5946807431044,87.81225309874459,0.7250471093403196
261450,261.4500000007294,-42612.932852176855,17210.817281209627,295.881293113369,87.65069713351173,0.7263835012849308
261500,261.5000000007282,-42625.868119330175,17174.225526733517,295.25222271800203,87.65069713351173,0.7263835012849308
261550,261.55000000072704,-42736.21549536424,17200.423295313547,295.7026039821508,87.14571920709976,0.7305926309770848
261600,261.60000000072586,-42811.92992182464,17248.38124051475,296.52707725435755,87.68692595828941,0.7260833878951426
261650,261.6500000007247,-43035.3337277214,17469.35206315263,300.32591676756317,87.7086717287154,0.7259033687208455
261700,261.7000000007235,-42797.1858868959,17204.47859580217,295.7723210404945,87.7086717287154,0.7259033687208455
261750,261.7500000007223,-43029.150137269324,17380.039015386144,298.7904835784667,87.37135141043807,0.7287059115615214
261800,261.8000000007211,-42767.702267909386,17201.411905967492,295.71959976996817,87.26609299953836,0.7295848603448088
261850,261.85000000071994,-42971.955547190846,17301.706148022815,297.443817135494,87.45446158197642,0.7280134040299975
261900,261.90000000071876,-42984.33498287569,17377.15870959187,298.74096654571645,87.02613123409373,0.7315965833600384
261950,261.9500000007176,-43023.84682932417,17542.594977892582,301.5850788381703,87.55689401402003,0.7271617042937871
262000,262.0000000007164,-42794.20070580184,17216.119857549344,295.9724528252288,87.55689401402003,0.7271617042937871
262050,262.0500000007152,-42796.87177686307,17165.259167416385,295.0980767558479,87.14547297850929,0.7305946952586544
262100,262.10000000071403,-43109.29920885336,17625.630127427405,303.0125849825211,87.51132361847598,0.7275403643930632
262150,262.15000000071285,-42886.45394492065,17514.567585168505,301.1032434281314,86.93051855751952,0.732401247920521
262200,262.20000000071167,-42878.35241560061,17585.51789579164,302.32299199154727,86.93051855751952,0.732401247920521
262250,262.2500000007105,-42871.998442980985,17663.55884981788,303.6646399804719,86.59935381359696,0.7352020248436171
262300,262.3000000007093,-42813.16370152733,17468.387084274254,300.3093272475133,86.59935381359696,0.7352020248436171
262350,262.3500000007081,-43032.87532712904,17465.070401488058,300.25230820096874,86.10929402275474,0.7393861603032159
262400,262.40000000070694,-43306.21144598402,17613.99270671796,302.8125192313278,86.10929402275474,0.7393861603032159
262450,262.45000000070576,-42879.643012159046,17245.867680131974,296.48386515790554,87.07592795103292,0.7311782001302237
262500,262.5000000007046,-42909.00058409239,17198.795800828455,295.6746247662358,87.07592795103292,0.7311782001302237
262550,262.5500000007034,-42800.29133307109,17106.94208853653,294.09551351741266,86.6361508620109,0.7348897618421676
262600,262.6000000007022,-42939.83374175787,17088.47808438725,293.7780879510101,85.99592883616032,0.7403608651661381
262650,262.650000000701,-43198.570304679895,17099.190200315996,293.9622462429256,86.2243933112023,0.7383991679026811
262700,262.70000000069984,-43123.07241830976,17163.935913468118,295.07532791812946,86.9604073173597,0.732149517671307
262750,262.75000000069866,-43133.141216863136,17292.415803187494,297.2841013475433,86.4122979014393,0.7367935099529951
262800,262.8000000006975,-43009.39081506856,17140.493779979224,294.6723203992708,86.40582682386066,0.7368486896571609
262850,262.8500000006963,-43151.60798325527,17290.66060102354,297.2539266337305,86.40582682386066,0.7368486896571609
262900,262.9000000006951,-42826.17607032984,17079.16888146486,293.61804796258144,86.69615754653609,0.7343811084099092
262950,262.95000000069393,-43074.76813052503,17319.472800135285,297.74925411245107,86.77072618477676,0.7337499992604112
263000,263.00000000069275,-43142.10061242814,17485.263089270855,300.5994525855142,86.56953258980401,0.735455285124226
263050,263.05000000069157,-43099.53338464979,17512.31689781565,301.0645505367088,86.56953258980401,0.735455285124226
263100,263.1000000006904,-43202.94242144313,17721.64159797451,304.66317470147703,86.28492157300245,0.7378811861124329
263150,263.1500000006892,-42951.67186594672,17495.92827172711,300.782804016471,85.91445115061514,0.741062992560937
263200,263.200000000688,-42890.327360783805,17404.882762601283,299.21758706412294,86.45250732884652,0.736450824170154
263250,263.25000000068684,-43068.84443544911,17633.618042433565,303.1499099324456,86.78329480450692,0.7336437319800725
263300,263.30000000068566,-42942.711181003935,17533.100335774445,301.4218508553464,86.04724692164078,0.7399193181844017
263350,263.3500000006845,-43333.17049097129,17756.649318384963,305.26501303458775,86.10613471744735,0.7394132889930373
263400,263.4000000006833,-43149.21636771013,17553.13832805687,301.7663357784646,86.10613471744735,0.7394132889930373
263450,263.4500000006821,-42903.215435691774,17420.858622832067,299.49223748347544,86.11378611578239,0.7393475905042878
263500,263.5000000006809,-42899.32216222954,17561.064836806836,301.9026050572847,86.11378611578239,0.7393475905042878
263550,263.55000000067974,-42932.322524406525,17701.19426872356,304.3116526255271,85.91963768538768,0.7410182583292397
263600,263.60000000067856,-43007.48293133731,17799.166834747404,305.99595669146004,86.60975994217844,0.7351136906095885
263650,263.6500000006774,-42791.77518092505,17643.052848122898,303.31210923199205,86.60975994217844,0.7351136906095885
263700,263.7000000006762,-42641.23513186838,17344.486313260128,298.17927614381426,86.09555428201924,0.7395041568040888
263750,263.750000000675,-42884.831928243446,17492.579674996472,300.7252363185176,85.15348590177892,0.7476854247322742
263800,263.80000000067383,-43007.09367121552,17665.875871009095,303.7044732559653,85.42749660523248,0.7452872061570583
263850,263.85000000067265,-42892.15632580592,17728.115325110008,304.7744683562069,85.60276642087472,0.74376124669704
263900,263.90000000067147,-42829.45803089735,17688.975023645227,304.1015843890469,86.07807919865229,0.7396542867432169
263950,263.9500000006703,-42654.482260521065,17429.08097595487,299.6335927970935,86.04544865579348,0.7399347817755669
264000,264.0000000006691,-42525.82612364958,17324.99689109812,297.84422201261833,86.05740282524944,0.7398319979884979
264050,264.0500000006679,-42968.11028166117,17828.28448022855,306.49653527855503,86.41825755694678,0.7367426985200455
264100,264.10000000066674,-42849.23662375139,17842.901915969403,306.74783222269997,86.31669730599108,0.737609550191701
264150,264.15000000066556,-42471.80755582216,17377.216519525882,298.7419603903289,85.87778436699888,0.7413794003093964
264200,264.2000000006644,-42809.86296633572,17574.64679790627,302.1361005472114,85.5661035938459,0.7440799288479514
264250,264.2500000006632,-42874.71243895425,17395.227384677903,299.05159577743444,85.81228371946001,0.7419452963406803
264300,264.300000000662,-42993.41003560688,17519.70189245185,301.19151032757117,85.82548622851431,0.7418311631161197
264350,264.3500000006608,-43091.52352465705,17677.89445614343,303.9110918292054,86.07981052800359,0.7396394100239421
264400,264.40000000065965,-42752.30639133495,17435.88992223508,299.75064940150753,86.07981052800359,0.7396394100239421
264450,264.45000000065846,-42729.4387402487,17078.835902850566,293.6123235311749,86.4052551219264,0.7368535650298513
264500,264.5000000006573,-42919.923848419145,17414.864334280726,299.3891861397253,86.02200974183508,0.7401363960802886
264550,264.5500000006561,-42849.66781994451,17449.16573701871,299.9788817498691,86.02200974183508,0.7401363960802886
264600,264.6000000006549,-42777.943835423546,17553.670846432826,301.7754906153971,86.41767822753461,0.7367476375177509
264650,264.65000000065373,-42947.36217929573,17706.55387758335,304.4037928170186,85.7448814189658,0.7425285243886598
264700,264.70000000065255,-42733.06663601861,17380.599651620556,298.80012180605894,85.7448814189658,0.7425285243886598
264750,264.75000000065137,-42389.5104492899,17086.27214012544,293.740164264409,86.48901343986907,0.7361399759539411
264800,264.8000000006502,-42799.47261439426,17539.799658187596,301.5370228513184,86.48901343986907,0.7361399759539411
264850,264.850000000649,-42929.21261161764,17546.71943348487,301.6559847826176,86.26091897803143,0.738086505780445
264900,264.9000000006478,-43086.4533349794,17638.611035102982,303.2357474091554,86.26091897803143,0.738086505780445
264950,264.95000000064664,-42869.42116014694,17397.2689917302,299.0866942463098,86.44664040442848,0.7365008053065266
265000,265.00000000064546,-42626.27448015914,17233.27409803945,296.2673614734155,86.44664040442848,0.7365008053065266
265050,265.0500000006443,-42735.5901054795,17460.48067967678,300.1734035910155,86.44664040442848,0.7365008053065266
265100,265.1000000006431,-42605.32052838015,17386.406646237727,298.8999532695134,86.91311135408786,0.7325479353111519
265150,265.1500000006419,-42800.858954740164,17576.75429203726,302.17233171964904,85.85618526399576,0.7415659113916492
265200,265.2000000006407,-42816.60682231775,17773.31034834926,305.55144261023713,85.85618526399576,0.7415659113916492
265250,265.25000000063955,-42605.31192473577,17621.05150072091,302.9338711150466,86.01413677459767,0.7402041415674382
265300,265.30000000063836,-42564.30456590601,17471.63645368789,300.36518907023793,86.0692397233128,0.7397302506514428
265350,265.3500000006372,-42473.253690898426,17401.964653596537,299.1674201341241,87.15961437689025,0.7304761583569651
265400,265.400000000636,-42466.274688779646,17477.421343720514,300.464640520765,87.24752848505244,0.7297401012890942
265450,265.4500000006348,-42381.74056946773,17431.1171530999,299.66859791723607,86.65571814562215,0.7347238201512938
265500,265.50000000063363,-42719.16235281258,17754.808360808307,305.23336404898475,86.65571814562215,0.7347238201512938
265550,265.55000000063245,-42299.53205888136,17405.599430277973,299.22990772010616,86.96687273317762,0.732095087163185
265600,265.60000000063127,-42382.072678536235,17289.594769462965,297.23560329584177,87.13725063734618,0.7306636347626257
265650,265.6500000006301,-42723.30086866926,17675.408047226094,303.8683465095817,87.13725063734618,0.7306636347626257
265700,265.7000000006289,-42397.7036767807,17294.503241166232,297.319987722859,87.13725063734618,0.7306636347626257
265750,265.7500000006277,-42424.87279366657,17347.091589596672,298.2240649832272,86.52225338130445,0.7358571672113032
265800,265.80000000062654,-42797.58809641557,17712.33131588178,304.50311616039573,87.08768324931178,0.7310795039941361
265850,265.85000000062536,-42535.776475867555,17448.120249980235,299.96090816663815,86.98961715358278,0.7319036726129912
265900,265.9000000006242,-42582.34920674552,17498.292416898148,300.82344742804673,86.98961715358278,0.7319036726129912
265950,265.950000000623,-42650.58277993578,17546.190994784636,301.6469000817925,86.57854892336798,0.7353786944414933
266000,266.0000000006218,-42958.90642438515,17911.040956595225,307.9192505883974,86.57854892336798,0.7353786944414933
266050,266.0500000006206,-42913.97300373601,17805.95515423924,306.1126586886106,86.41982827902787,0.7367293078659829
266100,266.10000000061945,-42771.04338440629,17695.615683725497,304.2157478863157,86.33459763936264,0.7374566166377435
266150,266.15000000061826,-43035.11857511409,18104.26515426639,311.24108153538896,86.33459763936264,0.7374566166377435
266200,266.2000000006171,-42565.91716708359,17664.629098264,303.68303925164054,86.5137643588575,0.7359293719992523
266250,266.2500000006159,-42658.91391734019,17652.872965689417,303.4809326548796,86.42193361571336,0.7367113603013516
266300,266.3000000006147,-43103.06431284726,18147.92240063663,311.99161896186536,86.04561079779465,0.7399333874626538
266350,266.35000000061353,-42666.0483952716,17756.81831156949,305.2679182959212,86.77825796006678,0.7336863146435108
266400,266.40000000061235,-42307.31157806575,17420.28367623377,299.48235323799213,87.17927797463184,0.7303113968485945
266450,266.45000000061117,-42457.44214188098,17472.382702534425,300.37801827352854,87.23128996537706,0.7298759458810679
266500,266.50000000061,-42523.99609099159,17556.610649477036,301.82603050040126,87.7663483420825,0.7254263334022927
266550,266.5500000006088,-42445.87617938833,17381.487583348753,298.8153867631869,87.36675573658412,0.7287442430146782
266600,266.6000000006076,-42801.50309959623,17752.666006007068,305.19653356624,87.25124405638432,0.7297090254983774
266650,266.65000000060644,-42513.26151453736,17338.53841741348,298.0770223643653,87.25124405638432,0.7297090254983774
266700,266.70000000060526,-42806.24690905794,17410.390453125045,299.312273014686,86.80203874023326,0.7334853097683613
266750,266.7500000006041,-42594.476202886406,17331.149231449366,297.94999051791694,86.80203874023326,0.7334853097683613
266800,266.8000000006029,-42849.29502156402,17637.196696555366,303.21143268246163,87.09598176313848,0.7310098466660999
266850,266.8500000006017,-42867.12883694655,17794.71414283748,305.91940784322014,87.09598176313848,0.7310098466660999
266900,266.9000000006005,-42416.4760752613,17357.21269185191,298.3980628111097,87.02427076659073,0.7316122239584215
266950,266.95000000059935,-42680.54653199567,17436.789084557182,299.76610743038754,87.6434953610496,0.7264431890994679
267000,267.00000000059816,-42989.41169052564,17854.053706596216,306.9395492212177,87.28381441811636,0.7294367311780836
267050,267.050000000597,-42528.31613216185,17391.140857186296,298.9813418772969,87.6318932708206,0.7265393670902838
267100,267.1000000005958,-42643.70601740539,17377.169103103133,298.741145226688,87.51301513867759,0.7275263019222192
267150,267.1500000005946,-42839.38407252408,17326.754897566854,297.8744449368858,87.12233243757912,0.7307887483329464
267200,267.20000000059343,-42933.22970646415,17393.209669182394,299.0169080423786,87.12233243757912,0.7307887483329464
267250,267.25000000059225,-43124.25618738777,17596.570464969624,302.5130032157195,87.12233243757912,0.7307887483329464
267300,267.30000000059107,-42933.391482021034,17460.057617344057,300.1661304773667,87.16606063860462,0.7304221368667385
267350,267.3500000005899,-42701.9595284727,17244.345602173726,296.45769821956975,87.24088379778854,0.7297956818213619
267400,267.4000000005887,-42738.17492745944,17377.48901301001,298.7466449862509,87.24088379778854,0.7297956818213619
267450,267.4500000005875,-42547.34155652399,17086.68199598318,293.74721033777075,87.5885319208078,0.7268990457731387
267500,267.50000000058634,-42901.20353993794,17390.900310844936,298.97720650351584,87.49626904840011,0.7276655446723815
267550,267.55000000058516,-42644.189227310366,16993.705353538055,292.14879413553507,87.26336770211375,0.7296076458021351
267600,267.600000000584,-42661.255654204,17081.11295797383,293.6514697264633,87.61413325495992,0.7266866418529683
267650,267.6500000005828,-42872.646270501275,17283.672876510605,297.1337965474582,87.61413325495992,0.7266866418529683
267700,267.7000000005816,-42765.84225691349,17170.93222806577,295.1956056816056,86.90952633625437,0.7325781529124056
267750,267.7500000005804,-42733.02971113003,17260.318406012524,296.732296094688,86.53166032305143,0.7357771714562211
267800,267.80000000057925,-42797.89121004563,17233.424779719833,296.26995193090005,87.53714994764488,0.7273257161329164
267850,267.85000000057806,-42648.7575988187,17276.954700619088,297.01830043023926,86.93087216697259,0.7323982687256934
267900,267.9000000005769,-42684.600361260236,17189.921670041284,295.5220643590417,86.93087216697259,0.7323982687256934
267950,267.9500000005757,-42732.40063759918,17475.432215794783,300.4304442514526,87.60159400610641,0.7267906594195902
268000,268.0000000005745,-42615.83002915676,17287.505545814744,297.1996862220306,87.60159400610641,0.7267906594195902
268050,268.05000000057333,-42507.14346468949,17141.82409039477,294.69519054887286,87.64319975188882,0.7264456392982522
268100,268.10000000057215,-42749.60150822874,17214.12328220163,295.9381285229004,87.32143982669356,0.7291224285841702
268150,268.15000000057097,-42939.11629968964,17481.167431393053,300.52904171953185,86.70386553094345,0.7343158218382204
268200,268.2000000005698,-42635.34897328752,17208.760513346944,295.84593400607605,87.2086516918175,0.7300654125338238
268250,268.2500000005686,-42687.10421195728,17296.19725006756,297.3491104272652,87.2086516918175,0.7300654125338238
268300,268.3000000005674,-42726.70677826296,17264.007719096106,296.79572124806884,87.64086538701271,0.726464988595835
268350,268.35000000056624,-42724.86237960159,17335.69852757953,298.02820014618476,87.15082752577935,0.730549807516999
268400,268.40000000056506,-42645.231998547795,17298.712686720017,297.39235477977405,87.97611727009993,0.723696637786763
268450,268.4500000005639,-42806.19235112625,17408.743132209045,299.28395295092406,87.05094091210539,0.7313880769903494
268500,268.5000000005627,-43066.18581761371,17627.061721145023,303.0371963530017,87.27709836135642,0.7294928620369386
268550,268.5500000005615,-42747.52445789863,17323.217769771007,297.8136360903887,86.91212342807906,0.7325562621489905
268600,268.6000000005603,-42678.388684528196,17284.452612211036,297.1472014429702,86.91212342807906,0.7325562621489905
268650,268.65000000055915,-42998.34128236764,17765.098792959947,305.4102729268128,86.91212342807906,0.7325562621489905
268700,268.70000000055796,-42764.67073336695,17486.35137177485,300.6181618907897,86.7609021866419,0.7338330822902382
268750,268.7500000005568,-42812.318325072076,17469.00485603699,300.3199477256127,86.7609021866419,0.7338330822902382
268800,268.8000000005556,-42856.047484368435,17526.420154700147,301.30700792940047,86.73998309298054,0.7340100609156984
268850,268.8500000005544,-42658.265438775044,17314.65411979823,297.6664133416769,87.18546281774837,0.7302595893422771
268900,268.90000000055323,-42587.929685596624,17357.61733580598,298.4050192835668,87.29172886851676,0.7293705955784804
268950,268.95000000055205,-42981.39303419883,17847.119089716838,306.8203321395422,86.81967768053575,0.733336289362649
269000,269.00000000055087,-42689.814243350214,17581.564177040862,302.25502128466724,86.63359502509182,0.7349114423274831
269050,269.0500000005497,-42833.625390029774,17610.32895453445,302.74953351042967,86.26529705946818,0.7380490468839962
269100,269.1000000005485,-43036.97188416288,17725.411710949345,304.7279889333611,86.26529705946818,0.7380490468839962
269150,269.1500000005473,-42826.55909211037,17678.239151995673,303.9170176985483,85.95158906022884,0.7407427945199618
269200,269.20000000054614,-42862.704266718145,17663.067467069286,303.6561923303289,85.9590335597074,0.740678642340497
269250,269.25000000054496,-42863.752590092925,17647.69113046646,303.39184867464684,86.32308421588898,0.7375549756155063
269300,269.3000000005438,-42812.99748823843,17515.794063098107,301.12432853233395,86.61042847745404,0.7351080163571644
269350,269.3500000005426,-42749.483155146365,17364.231230507034,298.5187226414428,86.54649129994178,0.7356510855333557
269400,269.4000000005414,-42706.12277701872,17320.026768613738,297.7587777107248,87.58466056451965,0.7269311756595089
269450,269.45000000054023,-42858.876894479035,17419.0586655945,299.4612933588416,87.10672769685333,0.7309196655335413
269500,269.50000000053905,-43406.39226357487,17844.391300858395,306.77343711523343,86.7567561315273,0.7338681517481082
269550,269.55000000053786,-43073.99984400203,17524.4149906547,301.2725359737125,86.7567561315273,0.7338681517481082
269600,269.6000000005367,-42861.53217946744,17170.5805454392,295.18955969851174,86.65659115339244,0.7347164182953533
269650,269.6500000005355,-43058.609455733895,17385.40379234049,298.8827126177146,87.00997098832686,0.7317324618168981
269700,269.7000000005343,-42851.86922668194,17172.635360614968,295.2248852360142,87.00997098832686,0.7317324618168981
269750,269.75000000053313,-43118.804459687395,17419.817637126962,299.47434128531665,86.94348371186706,0.732292031049765
269800,269.80000000053195,-43029.393977671454,17297.51571004401,297.3717768489915,86.74909865245895,0.7339329314414794
269850,269.85000000053077,-42567.02625587637,16918.63079422983,290.8581431847353,87.00220194280026,0.7317978034138026
269900,269.9000000005296,-42935.80395019421,17278.936710201117,297.05237432391385,86.37887711365666,0.7370785821877658
269950,269.9500000005284,-43080.80365496535,17506.15040134219,300.95853866517854,86.21150736594312,0.7385095356661937
270000,270.0000000005272,-43162.90171424449,17488.665548106706,300.6579462586308,86.37422342637052,0.7371182946516323
270050,270.05000000052604,-43139.78768310313,17483.024344238587,300.56096500155604,86.3408977588717,0.7374028059299774
270100,270.10000000052486,-42854.62439153693,17306.874538418535,297.5326699777858,86.60932751257621,0.7351173609408328
270150,270.1500000005237,-42748.132699981565,17203.0678154078,295.74806748410816,87.13676846639173,0.7306676778868816
270200,270.2000000005225,-42839.45308252154,17297.030682298577,297.3634384514495,86.8798258730394,0.7328285897688798
270250,270.2500000005213,-42796.41800585683,17277.36801786946,297.02540601043967,87.21480843899502,0.7300138750914046
270300,270.30000000052013,-43043.03463191486,17510.63197598924,301.0355840535576,86.87279989860546,0.7328878584345861
270350,270.35000000051895,-42787.418248769616,17412.13041753076,299.34218576722543,87.00126789042916,0.7318056600518725
270400,270.40000000051776,-42699.811093127384,17217.863629092106,296.00243102850277,86.77964119268287,0.7336746199784205
270450,270.4500000005166,-42885.689140972405,17408.02047147913,299.2715292648344,86.94965901359684,0.7322400225163521
270500,270.5000000005154,-43073.35309638745,17646.424791414745,303.37007829442496,86.49407451789186,0.7360969017679373
270550,270.5500000005142,-42764.52932697182,17288.570324950564,297.21799146706576,86.20150962522287,0.738595188770056
270600,270.60000000051303,-42773.59356075646,17223.816975070753,296.10477850437985,86.50441021028003,0.736008951672375
270650,270.65000000051185,-42698.85193042784,17318.259654634086,297.7283982138749,86.50441021028003,0.736008951672375
270700,270.70000000051067,-42889.47409642713,17628.167015222487,303.0561981142526,87.13218991972995,0.7307060723776035
270750,270.7500000005095,-42690.561078046274,17396.98661999735,299.08183982759806,87.13218991972995,0.7307060723776035
270800,270.8000000005083,-42508.217636837995,17302.695336112578,297.4608228503505,87.13218991972995,0.7307060723776035
270850,270.8500000005071,-42497.28738303402,17298.079980715742,297.3814775583356,86.96781919028972,0.7320871198873763
270900,270.90000000050594,-42583.19059746781,17586.127014587448,302.3334637113976,87.17999238139475,0.7303054122254409
270950,270.95000000050476,-42514.5048351173,17517.607856651543,301.15551052522034,87.8246751276386,0.7249445577951115
271000,271.0000000005036,-42512.4205079518,17638.203198670974,303.22873605293046,87.8246751276386,0.7249445577951115
271050,271.0500000005024,-42123.62514103803,17185.772111826896,295.4507268606381,88.1677269322017,0.72212387104937
271100,271.1000000005012,-41984.44533145387,17179.724044903374,295.34675098122875,88.66958478880917,0.7180367476124769
271150,271.15000000050003,-42302.35536191548,17486.03321033996,300.6126921902382,88.38160913260874,0.7203763418515847
271200,271.20000000049885,-42325.80893650958,17436.851855414337,299.7671865611506,88.38160913260874,0.7203763418515847
271250,271.25000000049766,-42615.816114207235,17804.983467175778,306.09595384420135,88.45616939365097,0.7197691321061788
271300,271.3000000004965,-42362.551992872104,17575.243762165337,302.1463633112644,88.45716368120985,0.719761041664845
271350,271.3500000004953,-42030.15177782801,17148.933233333333,294.81740801078763,87.8701354516606,0.7245695018750772
271400,271.4000000004941,-42565.3497884559,17671.331086918875,303.7982570845439,87.63860989034022,0.7264836851425569
271450,271.45000000049293,-42484.76327840089,17602.136827933708,302.60869783874875,87.63860989034022,0.7264836851425569
271500,271.50000000049175,-42446.13219406942,17681.19183722387,303.967779048762,86.95929033917103,0.7321589220148669
271550,271.55000000049057,-42504.19426217194,17708.307577332453,304.43394170193324,87.18541408741143,0.7302599975045393
271600,271.6000000004894,-42428.41022783372,17679.508597609038,303.9388414855005,87.146810185339,0.7305834847942189
271650,271.6500000004882,-42402.255926191145,17562.12919330073,301.9209030364336,86.60574079745321,0.7351478053031972
271700,271.700000000487,-42676.156597414236,17925.43318794762,308.1666759113065,86.67130493022066,0.7345916889697763
271750,271.75000000048584,-42533.768256663534,18003.02628898143,309.5006245957554,87.15886664566655,0.7304824250725935
271800,271.80000000048466,-42354.01385737728,17724.07880239149,304.7050741175649,86.72957424483164,0.7340981531187372
271850,271.8500000004835,-42405.14334980325,17769.230634374577,305.4813058452806,86.72957424483164,0.7340981531187372
271900,271.9000000004823,-42478.872120209904,17672.60513906155,303.8201600650537,87.22685195509807,0.7299130811998098
271950,271.9500000004811,-42587.31000314112,17654.77365341602,303.5136084966577,87.22685195509807,0.7299130811998098
272000,272.00000000047993,-42482.621719704155,17559.638896371052,301.8780908757006,87.22685195509807,0.7299130811998098
272050,272.05000000047875,-42659.89372408297,17728.95351488779,304.7888781701787,87.52247002687707,0.727447708621039
272100,272.10000000047756,-42386.66227282434,17524.61951626521,301.27605209390157,87.62574714624891,0.7265903270147558
272150,272.1500000004764,-42192.425105016984,17361.6908930645,298.4750502047909,87.94029655874884,0.7239914210588503
272200,272.2000000004752,-42270.89730738519,17391.30413975946,298.9841489641483,87.95079093661465,0.7239050336658174
272250,272.250000000474,-42504.54420783079,17682.524498195577,303.9906896081589,87.39235930075132,0.7285307409403917
272300,272.30000000047283,-42774.04600630926,17938.564124171615,308.3924175670492,87.1298732418025,0.7307255009681243
272350,272.35000000047165,-42683.79316054947,17689.578432388844,304.11195794402806,86.55342517812738,0.7355921518169406
272400,272.40000000047047,-42643.109664808835,17560.217885798662,301.8880446238429,86.64402625973973,0.7348229649790579
272450,272.4500000004693,-42644.73314644467,17563.51740041735,301.9447685223116,86.64402625973973,0.7348229649790579
272500,272.5000000004681,-42527.22336023629,17347.486730102428,298.230858076309,86.8742955701638,0.7328752406686737
272550,272.5500000004669,-42732.54681992472,17572.239257442096,302.09471110160155,86.88255113855323,0.7328056029613209
272600,272.60000000046574,-42483.516166659465,17267.160254162838,296.84991833452267,87.01079700021644,0.7317255153259534
272650,272.65000000046456,-42446.343630712916,17140.49008215387,294.67225682777797,87.01079700021644,0.7317255153259534
272700,272.7000000004634,-42765.755596305746,17355.177281520875,298.36307087371813,87.03042954180556,0.7315604508572717
272750,272.7500000004622,-42781.36206062844,17253.362142350394,296.61270687042526,87.03042954180556,0.7315604508572717
272800,272.800000000461,-42664.74555808172,17275.42728863657,296.9920417915517,87.12334741810196,0.7307802346983369
272850,272.85000000045983,-42788.07591484818,17470.9263406924,300.3529810996385,87.12334741810196,0.7307802346983369
272900,272.90000000045865,-42544.58432576305,17260.188773136375,296.73006749959006,87.43487335424288,0.7281765024803541
272950,272.95000000045746,-42594.2132612424,17173.10391071078,295.23294035658006,87.07679123833968,0.7311709511623855
273000,273.0000000004563,-42687.060037502786,17450.82949964879,300.00748447281825,87.07679123833968,0.7311709511623855
273050,273.0500000004551,-42721.1905732265,17331.801079001405,297.961196812973,87.07679123833968,0.7311709511623855
273100,273.1000000004539,-42637.384838659455,17443.024599197248,299.87330583385585,86.98721417519405,0.7319238910867588
273150,273.15000000045274,-42877.70990238553,17468.19842679731,300.30608392575107,87.91479374659238,0.7242014405155003
273200,273.20000000045155,-42494.87155208414,17221.152016097763,296.0589636256243,87.31560495367526,0.7291711522549029
273250,273.25000000045037,-42798.10784809476,17449.939599401216,299.9921856737147,87.31560495367526,0.7291711522549029
273300,273.3000000004492,-42820.48519320883,17447.630049093696,299.95248083458154,87.31517660342394,0.7291747294182149
273350,273.350000000448,-42640.53648285041,17290.0721503836,297.2438102323165,87.31517660342394,0.7291747294182149
273400,273.4000000004468,-42938.20582324895,17690.457840790565,304.12707637163226,86.7745949986975,0.7337172852821838
273450,273.45000000044564,-42589.782806403105,17399.40446031729,299.1234063440927,86.72743240835376,0.7341162825405247
273500,273.50000000044446,-42669.297267611335,17569.288908448274,302.0439899149685,86.94627216151977,0.732268545747763
273550,273.5500000004433,-42982.856219812806,17705.104969152162,304.3788837791026,87.01972805935132,0.731650416449025
273600,273.6000000004421,-42595.05175133077,17300.756250577568,297.4274868892406,87.01972805935132,0.731650416449025
273650,273.6500000004409,-42403.650306881056,17100.161646140055,293.9789469400462,87.69260018311643,0.7260364060474441
273700,273.70000000043973,-42712.58588363371,17394.86906912353,299.0454357637734,87.69260018311643,0.7260364060474441
273750,273.75000000043855,-42854.59645271952,17596.735146652027,302.5158343554815,87.62942140185675,0.7265598614640203
273800,273.80000000043736,-42417.05508221798,17318.61434310089,297.7344958721381,87.6681725540091,0.7262387069227637
273850,273.8500000004362,-42527.98302058721,17424.69040218041,299.5581118582938,88.13088446543637,0.7224257496119303
273900,273.900000000435,-42378.49686367312,17375.72188096513,298.71626517883107,87.99492229960731,0.7235419795829447
273950,273.9500000004338,-42208.403311687005,17029.890036282795,292.7708663210959,87.99492229960731,0.7235419795829447
274000,274.00000000043264,-42611.19541587788,17421.176094650706,299.4976953284278,88.4208865368085,0.7200563437848037
274050,274.05000000043145,-42820.323213201395,17462.740506240265,300.2122535999889,88.01867225413112,0.7233467472683567
274100,274.10000000043027,-42630.243465663385,17352.47104880115,298.31654643368165,88.26780410142383,0.7213051340979069
274150,274.1500000004291,-42396.4870162293,17156.0136566103,294.9391317360907,88.05398821393457,0.7230566333829023
274200,274.2000000004279,-42566.70019426223,17280.236280943624,297.074716009698,87.59916840770511,0.7268107840656755
274250,274.2500000004267,-42815.56631778503,17640.869966249193,303.2745820244834,87.34528414352148,0.7289233860558416
274300,274.30000000042554,-42885.599730363705,17557.577036521077,301.84264422905613,87.34528414352148,0.7289233860558416
274350,274.35000000042436,-42721.06573199409,17462.641196336117,300.2105463049559,87.72078854023692,0.7258031001933049
274400,274.4000000004232,-42650.731144267185,17383.09987072504,298.84310454474087,87.33630703832745,0.7289983104731536
274450,274.450000000422,-42448.175577966715,17076.77355293004,293.57686845943914,87.33630703832745,0.7289983104731536
274500,274.5000000004208,-42580.78612956228,17370.82561990091,298.6320906720989,87.33630703832745,0.7289983104731536
274550,274.55000000041963,-42686.06653096134,17493.911068298406,300.74812508465703,87.87209748809612,0.724553323454357
274600,274.60000000041845,-42762.230176867866,17663.71072615154,303.66725097594434,87.7520186553357,0.7255447937212097
274650,274.65000000041726,-42691.79736107573,17653.587835166716,303.49322239695834,87.7520186553357,0.7255447937212097
274700,274.7000000004161,-42597.42713349934,17643.123446664296,303.31332293308355,87.7520186553357,0.7255447937212097
274750,274.7500000004149,-42454.05509323074,17314.73333122733,297.667775111992,87.59879543916757,0.7268138786008667
274800,274.8000000004137,-42542.2087896388,17395.226489863446,299.0515803941523,87.92813724366397,0.7240915396338976
274850,274.85000000041254,-42684.46740368042,17437.5373422475,299.7789711688943,87.9429027711105,0.7239699653719007
274900,274.90000000041135,-42674.83361790133,17427.698705807554,299.6098293771503,88.2653983531611,0.7213247938808528
274950,274.95000000041017,-42284.753647586476,17066.811784226073,293.40560982844755,87.8477504019563,0.7247541340852304
275000,275.000000000409,-42582.199796816436,17310.415746144143,297.59354896475753,87.71333078343068,0.7258648110297549
275050,275.0500000004078,-42570.576034017606,17396.395953325995,299.07168532908327,88.10924633942005,0.7226031650371777
275100,275.1000000004066,-42428.3248609287,17330.14550457729,297.93273485829366,87.94949748538608,0.7239156799558126
275150,275.15000000040544,-42552.31666090388,17368.99812422814,298.6006731180116,88.41718760048896,0.7200864673686274
275200,275.20000000040426,-42624.96703085181,17447.06644019448,299.9427915021585,88.44485028296312,0.7198612476612388
275250,275.2500000004031,-42358.13050169889,17053.526964702418,293.1772226742984,88.44485028296312,0.7198612476612388
275300,275.3000000004019,-42606.03083722708,17449.2411893268,299.98017889492166,88.44485028296312,0.7198612476612388
275350,275.3500000004007,-42483.879644465684,17482.071539207038,300.5445847692746,88.08838373271898,0.7227743043519693
275400,275.40000000039953,-42377.373038609076,17333.822075152024,297.9959409477025,88.31097057363856,0.7209525595782619
275450,275.45000000039835,-42376.23771032583,17392.89839394788,299.01155672655216,88.3738594424127,0.7204395131729362
275500,275.50000000039716,-42267.841916512116,17174.390113247293,295.25505222166413,88.3738594424127,0.7204395131729362
275550,275.550000000396,-42521.63010438831,17454.351437028134,300.0680321719216,88.82638974761701,0.7167691995003471
275600,275.6000000003948,-42173.61738258864,17154.660568732852,294.9158700057304,88.82638974761701,0.7167691995003471
275650,275.6500000003936,-42491.980134358,17583.953048475756,302.296089780003,88.2668712350156,0.7213127573581434
275700,275.70000000039244,-42427.31989726288,17525.326377074238,301.2882041542488,88.2668712350156,0.7213127573581434
275750,275.75000000039125,-42445.13771299804,17613.5936926077,302.8056595448304,88.17355056767047,0.7220761766312456
275800,275.80000000039007,-42437.133061977576,17783.679598997194,305.72970650324106,88.17355056767047,0.7220761766312456
275850,275.8500000003889,-42025.312105989215,17277.092356320813,297.0206669504553,88.25781765419143,0.7213867503881302
275900,275.9000000003877,-42275.9947406266,17461.4449461468,300.1899808636338,88.3798736503236,0.7203904876104354
275950,275.9500000003865,-42197.4053611076,17445.29103758025,299.91226951051146,87.92632792572627,0.7241064397422281
276000,276.00000000038534,-42598.91194618572,17917.553004672794,308.03120304100474,88.03448770726476,0.7232167975534354
276050,276.05000000038416,-42502.13206766614,17615.303211143477,302.83504888449403,88.03448770726476,0.7232167975534354
276100,276.100000000383,-42246.15536226884,17345.761605075426,298.20120043626605,87.75649148163302,0.7255078137123415
276150,276.1500000003818,-42264.0187169672,17365.4363591594,298.5394407176506,87.75649148163302,0.7255078137123415
276200,276.2000000003806,-42458.983987436775,17369.64335222446,298.611765612388,88.02078252575785,0.7233294052489693
276250,276.25000000037943,-42674.71940210708,17650.523552132818,303.4405425031613,88.02078252575785,0.7233294052489693
276300,276.30000000037825,-42295.93594269151,17343.102704576984,298.1554897123135,87.77589529612116,0.7253474323345215
276350,276.35000000037707,-42299.669747339954,17325.40419508036,297.8512242151858,87.77589529612116,0.7253474323345215
276400,276.4000000003759,-42655.610538366214,17654.32382082403,303.50587515972035,87.77589529612116,0.7253474323345215
276450,276.4500000003747,-42662.75277639916,17750.187814556924,305.1539295179331,87.64583591478107,0.7264237896688024
276500,276.5000000003735,-42604.57904941491,17629.507166296204,303.0792374404031,87.64583591478107,0.7264237896688024
276550,276.55000000037234,-42425.93399820938,17585.807693084065,302.3279740674256,88.4991369624021,0.7194196741257936
276600,276.60000000037115,-42368.347473918264,17606.269016483668,302.6797367250244,88.4991369624021,0.7194196741257936
276650,276.65000000036997,-42246.771226921606,17396.074284124923,299.0661553244581,87.79934622137687,0.7251536943495347
276700,276.7000000003688,-42506.737786798054,17575.27581417785,302.1469143362828,87.6701612657813,0.7262222329087431
276750,276.7500000003676,-42639.94251795739,17603.707980861025,302.63570845377177,87.6701612657813,0.7262222329087431
276800,276.8000000003664,-42687.435339318676,17700.39643743786,304.29793663815457,88.25025986693811,0.7214485302355211
276850,276.85000000036524,-42339.510164467225,17430.49163718841,299.6578443049159,87.98357602515726,0.7236352868369502
276900,276.90000000036406,-42449.31232409773,17440.432333351808,299.8287406654556,87.34838260845854,0.7288975293257449
276950,276.9500000003629,-42655.30268182987,17674.81350174204,303.8581253281141,87.89390282095137,0.724373571208954
277000,277.0000000003617,-42435.46730704145,17734.14255726777,304.8780860528912,87.60003951358048,0.7268035565672885
277050,277.0500000003605,-42544.78960506084,17800.91855952135,306.0260716234138,87.77291223522089,0.7253720840808224
277100,277.10000000035933,-42431.67269058484,17675.47086573962,303.8694264596334,87.91632348595027,0.7241888394489102
277150,277.15000000035815,-42462.95920146408,17601.929174832327,302.60512795202277,88.31619852737664,0.7209098821680963
277200,277.20000000035697,-42228.765630538546,17374.411161601278,298.69373183053335,88.31619852737664,0.7209098821680963
277250,277.2500000003558,-42319.15340410133,17357.99312760724,298.41147974167757,88.03328273920921,0.7232266966860268
277300,277.3000000003546,-42567.51220299196,17655.147058440183,303.5200279222782,88.66599761191557,0.718065797359834
277350,277.3500000003534,-42261.08508531138,17256.585801430527,296.66812669166916,88.23051060094828,0.7216100172180235
277400,277.40000000035224,-42249.303205379474,17239.74020743373,296.3785241670711,88.23814594542658,0.7215475755041658
277450,277.45000000035105,-42345.33289365609,17268.915632287557,296.8800960733806,88.23814594542658,0.7215475755041658
277500,277.50000000034987,-42413.06849732687,17300.62358515605,297.4252061598697,88.23814594542658,0.7215475755041658
277550,277.5500000003487,-42593.42163403069,17500.455993101186,300.86064274040433,88.23814594542658,0.7215475755041658
277600,277.6000000003475,-42597.5499012776,17421.240595669784,299.49880420342316,87.5966678605211,0.7268315317117195
277650,277.6500000003463,-42589.02961502383,17413.070975563223,299.35835545413494,87.5966678605211,0.7268315317117195
277700,277.70000000034514,-42455.889440197134,17239.602177385408,296.3761512112423,87.5966678605211,0.7268315317117195
277750,277.75000000034396,-42432.00324610956,17259.196263606667,296.71300468390393,87.85775090429162,0.7246716381718267
277800,277.8000000003428,-42564.06036626895,17318.385694048517,297.73056503165674,88.33411407102862,0.7207636703381713
277850,277.8500000003416,-42524.7710599265,17260.53616977391,296.736039799723,87.68426058107266,0.7261054589727421
277900,277.9000000003404,-42788.165892764824,17580.496651730442,302.23666882852774,87.68426058107266,0.7261054589727421
277950,277.95000000033923,-42731.24070557287,17463.891259253895,300.2320368725764,87.80957665667304,0.7250692088271999
278000,278.00000000033805,-42549.40532759817,17185.6712884114,295.4489935459404,88.0364587775144,0.7232006052720388
278050,278.05000000033687,-42622.38529541048,17173.093269203553,295.23275741216395,88.0364587775144,0.7232006052720388
278100,278.1000000003357,-42901.76986775284,17375.79841899972,298.717580989247,88.23527335624976,0.7215710662202607
278150,278.1500000003345,-42927.54439627298,17351.14882048443,298.2938152281991,87.46961287239151,0.7278872991788575
278200,278.2000000003333,-42682.08222655581,16928.79625494633,291.0329036050423,87.608605994516,0.7267324887910064
278250,278.25000000033214,-43107.85065605163,17361.563301833667,298.47285670881956,87.66504940873611,0.7262645798219394
278300,278.30000000033095,-42719.86657460098,17018.084261895667,292.56790630270785,87.90399230802527,0.7242904287077833
278350,278.35000000032977,-42811.862380236074,17088.43519073486,293.7773505409773,88.03927045499026,0.7231775086829613
278400,278.4000000003286,-42943.0668029075,17350.693805040653,298.28599278980516,88.03927045499026,0.7231775086829613
278450,278.4500000003274,-42627.88527005188,16971.62477010237,291.7691938252825,88.57128684020397,0.7188336372347401
278500,278.5000000003262,-42834.06873229997,17198.38502020621,295.66756279470303,88.57128684020397,0.7188336372347401
278550,278.55000000032504,-42918.98019397474,17176.67859252708,295.2943948163535,88.25469319906585,0.7214122894325488
278600,278.60000000032386,-42520.348228328454,16923.765387137333,290.9464149945082,88.68694951345529,0.7178961574751852
278650,278.6500000003227,-42745.10744454825,17255.072134067548,296.64210434482857,88.68694951345529,0.7178961574751852
278700,278.7000000003215,-42713.47493398579,17350.786865330585,298.2875926440406,88.68694951345529,0.7178961574751852
278750,278.7500000003203,-42368.753839615005,17157.16017374391,294.9588421871708,88.88300443789052,0.7163126480315491
278800,278.80000000031913,-42385.775972424875,17053.51368704573,293.17699441028475,89.06022233059873,0.7148872819738139
278850,278.85000000031795,-42689.52910556142,17381.214831194917,298.8106977203217,88.72787995432691,0.7175649897943995
278900,278.90000000031677,-42492.68834592157,17195.08373822959,295.6108085125435,88.90188009468179,0.7161605604526915
278950,278.9500000003156,-42436.77783506944,17107.83014664021,294.11078064713604,89.06828287552578,0.7148225857557203
279000,279.0000000003144,-42323.757178734784,16928.920068673484,291.03503215972376,89.06828287552578,0.7148225857557203
279050,279.0500000003132,-42276.34784420586,17028.09308026049,292.7399737921206,88.9573363919306,0.7157141035945033
279100,279.10000000031204,-42416.16889796471,17200.522156348834,295.7043035604149,88.4322460914876,0.7199638490244556
279150,279.15000000031085,-42522.0094319278,17324.53599854836,297.8362985374352,88.4322460914876,0.7199638490244556
279200,279.20000000030967,-42688.04284586425,17601.318546008508,302.5946302723919,87.91920367294667,0.7241651154023859
279250,279.2500000003085,-42673.76651777835,17640.19856470742,303.2630395652769,87.59896007886115,0.7268125125753551
279300,279.3000000003073,-42371.30689336085,17289.454109485265,297.2331851273486,87.61930287315288,0.7266437666832155
279350,279.3500000003061,-42483.799358072305,17462.37390909513,300.20595121262517,87.74195096309397,0.7256280442257927
279400,279.40000000030494,-42618.08172940447,17594.69900916047,302.48082991704524,87.87274990043714,0.7245479439990595
279450,279.45000000030376,-42500.069982917135,17497.21915669599,300.8049963800068,87.87274990043714,0.7245479439990595
279500,279.5000000003026,-42303.42244506684,17163.09808591211,295.06092433132545,87.93021168975893,0.7240744568947807
279550,279.5500000003014,-42471.24622026461,17286.62243592484,297.18450415996375,87.93021168975893,0.7240744568947807
279600,279.6000000003002,-42368.39342005859,17268.61711715202,296.8749641239285,88.56606472017066,0.7188760218156683
279650,279.65000000029903,-42365.474068883,17298.408616673314,297.38712733257347,88.73592986425895,0.7174998940260106
279700,279.70000000029785,-42780.44332530156,17823.029401639757,306.40619212849657,88.3141630292104,0.7209264979711888
279750,279.75000000029667,-42438.115849670416,17547.515209856603,301.66966544275425,88.65185884562845,0.7181803190925968
279800,279.8000000002955,-42238.697128653315,17266.683148251963,296.8417161259026,88.65185884562845,0.7181803190925968
279850,279.8500000002943,-42518.82713402996,17381.373767039728,298.81343008000664,88.30718567661596,0.7209834600217002
279900,279.9000000002931,-42578.42485806158,17466.974127219633,300.285036270879,88.16296275742447,0.7221628933805723
279950,279.95000000029194,-42613.04441574187,17520.13020349043,301.1988736748126,88.16296275742447,0.7221628933805723
280000,280.00000000029075,-42392.32458848581,17411.279611982434,299.3275590681144,88.94621905932341,0.7158035602552301
280050,280.0500000002896,-42398.479003922344,17493.95990887737,300.7489647318059,88.6669809356086,0.7180578339544688
280100,280.1000000002884,-42275.328416204036,17301.162525406216,297.43447139902275,88.6669809356086,0.7180578339544688
280150,280.1500000002872,-42610.08789155219,17684.7219352181,304.02846704180047,88.6669809356086,0.7180578339544688
280200,280.200000000286,-42475.87344415966,17456.95307801773,300.11275851394475,88.64265627200868,0.7182548780863891
280250,280.25000000028484,-42238.41101364902,17369.798033417002,298.6144248278408,88.64265627200868,0.7182548780863891
280300,280.30000000028366,-42306.271077324316,17368.29143582541,298.58852402160255,88.16531498870165,0.7221436262328822
280350,280.3500000002825,-42598.77298529401,17506.026138830155,300.95640239517195,88.31315852975875,0.7209346979980472
280400,280.4000000002813,-42330.119170411126,17402.839663215804,299.1824629396693,87.9760744091332,0.7236969903637304
280450,280.4500000002801,-42400.23051380626,17443.89423745406,299.8882562971466,87.83746163899892,0.7248390275162204
280500,280.50000000027893,-42561.793557951794,17609.909894342734,302.7423291999433,87.57885499592847,0.7269793636473691
280550,280.55000000027775,-42476.568748700694,17534.481269298332,301.4455912966093,88.14120032232776,0.7223411984528765
280600,280.60000000027657,-42487.58226741427,17554.559938906892,301.79077552759077,87.9738389214034,0.7237153801005191
280650,280.6500000002754,-42342.77803201881,17523.60755916926,301.258654943654,88.00655763620932,0.7234463201831882
280700,280.7000000002742,-42561.49034559582,17684.250591653665,304.02036389707087,88.00655763620932,0.7234463201831882
280750,280.750000000273,-42259.475135675355,17457.088871135344,300.1150930133807,87.88958602138307,0.7244091496621137
280800,280.80000000027184,-42170.05259260111,17236.20936498865,296.3178233757396,87.99253790580498,0.7235615858933537
280850,280.85000000027065,-42493.43799064715,17532.517933036823,301.411838426982,87.5932215473793,0.7268601285484992
280900,280.9000000002695,-42465.77359505998,17389.481199785965,298.95280972976946,87.53175972238488,0.727370505012516
280950,280.9500000002683,-42801.30260848261,17693.974881462305,304.1875398885521,87.19114375251841,0.7302120093139197
281000,281.0000000002671,-42709.305669846006,17562.75111124937,301.93159479405597,87.19114375251841,0.7302120093139197
281050,281.0500000002659,-42714.140919754675,17480.419660253847,300.5161863456117,87.30678291337568,0.7292448324098212
281100,281.10000000026474,-42578.09664268869,17279.893608754817,297.06882493034476,88.02820306008188,0.7232684305784359
281150,281.15000000026356,-42440.41328829098,17231.667754027072,296.23974586772977,88.02820306008188,0.7232684305784359
281200,281.2000000002624,-42570.945321731226,17607.111265605752,302.69421632557413,87.45975090881122,0.7279693757679225
281250,281.2500000002612,-42594.672283990934,17607.747026549674,302.70514606627876,87.45975090881122,0.7279693757679225
281300,281.30000000026,-42561.90225091837,17649.45028282769,303.42209129862687,87.51558731289862,0.7275049191667995
281350,281.35000000025883,-42501.98104546052,17656.486274907358,303.54305118105736,88.21132868948949,0.7217669342451638
281400,281.40000000025765,-42187.23279598728,17251.980088497265,296.5889471689227,88.21132868948949,0.7217669342451638
281450,281.45000000025647,-42559.101404044675,17458.3391907714,300.1365879943962,88.21132868948949,0.7217669342451638
281500,281.5000000002553,-42722.23543395641,17723.329920206717,304.69219964300623,87.83197249003995,0.7248843270726407
281550,281.5500000002541,-42764.03727043513,17706.059966763823,304.3953017053197,87.63486837161815,0.7265147019325601
281600,281.6000000002529,-42556.16296705066,17456.131789653253,300.0986392621202,87.4115978816266,0.7283703972569517
281650,281.65000000025174,-42390.13064674534,17079.728481118767,293.62766836970786,87.9760086495896,0.7236975313064773
281700,281.70000000025055,-42612.69952624137,17338.398711526715,298.0746205982111,88.21160734077381,0.7217646542585581
281750,281.7500000002494,-42645.451390871094,17424.260683472276,299.55072431097625,88.30827590288197,0.7209745589861241
281800,281.8000000002482,-42363.69376228677,17083.58584788184,293.693982632838,88.62503048354,0.71839772496022
281850,281.850000000247,-42806.81400192632,17436.92484466229,299.7684413622861,88.62503048354,0.71839772496022
281900,281.9000000002458,-42638.14349237444,17261.560969413746,296.7536577337039,87.77703715024212,0.7253379965984609
281950,281.95000000024464,-42488.5216316374,17000.587463741613,292.2671085440321,87.75404032327839,0.7255280786999407
282000,282.00000000024346,-42613.890346079934,17197.353777042936,295.649834086317,87.20906872830858,0.7300619213382137
282050,282.0500000002423,-42753.63152244184,17517.302680777255,301.1502640670867,87.20906872830858,0.7300619213382137
282100,282.1000000002411,-42787.15577215589,17670.401542896885,303.7822767459732,87.90276463060633,0.7243005443737445
282150,282.1500000002399,-42575.34692645014,17431.42147229679,299.6738296477242,87.7594795150168,0.7254831116336652
282200,282.20000000023873,-42507.363419293375,17344.768827524083,298.18413301286216,87.9883393289524,0.7235961123879905
282250,282.25000000023755,-42577.860532508865,17370.724528895207,298.6303527571004,88.29258880814604,0.7211026557648196
282300,282.30000000023637,-42655.19214312367,17518.21104362516,301.16588026762287,88.26166707523942,0.7213552880168346
282350,282.3500000002352,-42769.11694724158,17729.68995901478,304.8015388147628,87.83618578649457,0.7248495560663871
282400,282.400000000234,-42353.311163426646,17401.747678827604,299.16368999312283,88.19978644588524,0.7218613880994899
282450,282.4500000002328,-42422.73593046786,17532.272781439664,301.40762388153706,88.19978644588524,0.7218613880994899
282500,282.50000000023164,-42515.59883556828,17737.86892201809,304.9421481832899,87.34865246807708,0.7288952774305678
282550,282.55000000023045,-42596.76216062437,17750.546927831776,305.1601032456766,87.25389962378772,0.7296868168462662
282600,282.6000000002293,-42554.93504783259,17561.619236305407,301.912136065479,87.59175061997942,0.7268723347034327
282650,282.6500000002281,-42676.49479474976,17621.544679135797,302.9423496355461,87.59147679701586,0.7268746070059912
282700,282.7000000002269,-42648.728841563054,17697.338411717366,304.24536431751636,87.21962445636997,0.7299735658200874
282750,282.7500000002257,-42587.692890301565,17580.33613658705,302.233909318191,87.63611683886057,0.726504351978235
282800,282.80000000022454,-42378.14544113758,17267.105449408373,296.8489761537212,87.66267830905284,0.7262842238226523
282850,282.85000000022336,-42759.939070403794,17589.48343594587,302.3911659271341,87.61093362467133,0.7267131811043309
282900,282.9000000002222,-42882.50658034867,17709.389187726276,304.4525363030344,87.61093362467133,0.7267131811043309
282950,282.950000000221,-42598.29020469087,17421.897786204405,299.51010235283866,87.60612114378556,0.7267531017542564
283000,283.0000000002198,-42665.606877529695,17547.13105149497,301.66306115017807,87.60612114378556,0.7267531017542564
283050,283.05000000021863,-42456.257614709924,17356.255798243074,298.3816122896889,88.13769364072297,0.7223699378093125
283100,283.10000000021745,-42457.73020047959,17219.88267620599,296.03714165619414,87.98010567402882,0.7236638304322894
283150,283.15000000021627,-42498.00622669398,17314.81157032901,297.6691201664539,87.85117724939361,0.7247258632990573
283200,283.2000000002151,-42608.078348372415,17565.106251657013,301.97208339944245,87.49365640766356,0.727687273432187
283250,283.2500000002139,-42465.22516186451,17675.589367131528,303.871463686832,87.82506612513612,0.7249413303394381
283300,283.3000000002127,-42203.72998889526,17474.825633261426,300.42001613398344,87.82506612513612,0.7249413303394381
283350,283.35000000021154,-42448.47552998744,17657.15647565357,303.5545729966803,87.41435999945566,0.7283473822184566
283400,283.40000000021035,-42639.61346653253,17772.04559603815,305.5296995086073,87.48094789765435,0.7277929858326608
283450,283.4500000002092,-42412.59463692428,17617.70814554712,302.876393527783,87.48094789765435,0.7277929858326608
283500,283.500000000208,-42715.28245948733,17764.21209317341,305.39502914871923,87.50711912983117,0.7275753208083944
283550,283.5500000002068,-42646.28586825261,17743.405094772592,305.0373237886511,87.57548690826562,0.7270073227294398
283600,283.6000000002056,-42518.40929086618,17684.59463158764,304.0262784901366,87.76020266013565,0.7254771336441542
283650,283.65000000020444,-42480.6265482717,17667.37616749246,303.73026573614203,87.76020266013565,0.7254771336441542
283700,283.70000000020326,-42403.80347302,17614.696930382408,302.82462595497,87.90784733076642,0.7242586664003368
283750,283.7500000002021,-42588.66798774889,17789.210500963385,305.82479149537716,87.90784733076642,0.7242586664003368
283800,283.8000000002009,-42494.26646705946,17721.679652353538,304.6638289167122,87.59370578766796,0.7268561102808018
283850,283.8500000001997,-42554.47153696697,17830.874710968972,306.5410654602666,87.15394644753952,0.7305236638048159
283900,283.90000000019853,-42497.80749795084,17762.889295348872,305.37228815249244,87.15394644753952,0.7305236638048159
283950,283.95000000019735,-42419.87103787737,17849.599086539412,306.86296722506955,87.66588466880692,0.7262576601426747
284000,284.00000000019617,-42191.53291800501,17596.090459711282,302.5047511627101,87.48852873478009,0.72772992293554
284050,284.050000000195,-42132.323926011195,17500.800315260534,300.86656218537263,87.73148107935474,0.72571464074927
284100,284.1000000001938,-42660.22437960379,18095.94633321826,311.09806778486893,87.73148107935474,0.72571464074927
284150,284.1500000001926,-42239.596921332726,17745.166539605194,305.06760582385624,87.60435787040554,0.7267677296155788
284200,284.20000000019144,-42540.93826514734,17930.59887179501,308.2554822237325,87.16877251651957,0.7303994129530667
284250,284.25000000019025,-42172.43864957123,17621.904026402728,302.9485273859852,87.65123590855947,0.7263790363472544
284300,284.3000000001891,-42223.53626464579,17544.718782729997,301.62159041756524,87.16324281619862,0.7304457500297714
284350,284.3500000001879,-42424.71001559989,17694.559162920526,304.1975846151085,86.697199054855,0.7343722861637236
284400,284.4000000001867,-42620.313608623816,17821.74397876854,306.3840936670976,87.44874347540723,0.7280610074381495
284450,284.4500000001855,-42622.077012911686,17848.213621769573,306.8391488844896,86.66467669438762,0.734647871570822
284500,284.50000000018434,-42521.070113516544,17607.115451564667,302.6942882888584,86.61485951499432,0.7350704097474569
284550,284.55000000018316,-42529.76142740022,17543.945555027043,301.60829740486963,86.77740283258903,0.733693544582495
284600,284.600000000182,-42748.42953280921,17854.1315277971,306.94088709130097,87.10434218278782,0.730939683125078
284650,284.6500000001808,-42667.38192027733,17724.262296155037,304.70822866688985,86.86596967858416,0.7329454849751356
284700,284.7000000001796,-42497.061084670924,17619.978607100227,302.91542636912465,86.72474135780588,0.7341390620149102
284750,284.75000000017843,-42819.87571184424,17842.979497099073,306.7491659655777,86.67701286657064,0.7345433139454742
284800,284.80000000017725,-42645.598881420214,17864.03224561821,307.1110961606204,87.4123631432479,0.7283640206542487
284850,284.85000000017607,-42528.170025262516,17743.791882653823,305.0439732868469,87.30364271637055,0.7292710623856561
284900,284.9000000001749,-42412.23654070821,17633.079379052564,303.1406494531134,87.49722946675939,0.7276575574097816
284950,284.9500000001737,-42689.51543986226,17921.032369146265,308.09101884421744,87.2289419174439,0.7298955928430568
285000,285.0000000001725,-42617.46739804512,17858.98807724392,307.02437889223734,87.2289419174439,0.7298955928430568
285050,285.05000000017134,-42530.71595368074,17776.262850610343,305.6022008149555,87.33879222769056,0.7289775671264607
285100,285.10000000017016,-42567.0617689806,17888.57737985062,307.5330660146758,87.33879222769056,0.7289775671264607
285150,285.150000000169,-42358.67381119524,17751.482705532046,305.1761907510808,88.06892789055065,0.7229339768167717
285200,285.2000000001678,-42197.42517061315,17612.990301285827,302.7952862893567,88.0968712159304,0.7227046703832578
285250,285.2500000001666,-42209.97118983038,17615.281053741666,302.8346679635539,88.0968712159304,0.7227046703832578
285300,285.3000000001654,-42383.86756197947,17774.065505089875,305.56442495437955,87.58609804169258,0.7269192451477648
285350,285.35000000016424,-42467.600154890926,17761.29433414892,305.344868235437,87.58609804169258,0.7269192451477648
285400,285.40000000016306,-42579.368929327866,17676.187799425752,303.88175168874164,87.32026766426435,0.7291322161162054
285450,285.4500000001619,-42521.0053192114,17495.25829901553,300.7712861211257,86.92946774883755,0.7324101012312557
285500,285.5000000001607,-42751.61025117604,17658.13140160899,303.57133352278817,87.10587510986592,0.7309268197306019
285550,285.5500000001595,-42627.27688753631,17570.790561466398,302.069805716133,86.48693734378918,0.7361576467995654
285600,285.60000000015833,-42565.553924022315,17521.70434402255,301.2259356515088,86.85617449307125,0.7330281427370977
285650,285.65000000015715,-42449.25912926904,17342.468409291487,298.1445851686058,87.24607028638474,0.7297522978962305
285700,285.70000000015597,-42510.83570103169,17462.912035653168,300.21520246311775,88.03476144162896,0.7232145487907079
285750,285.7500000001548,-42394.645906701546,17427.7372727817,299.6104924047099,88.76751326744869,0.7172446081944323
285800,285.8000000001536,-42243.901314532544,17416.624703774618,299.41944968814954,88.03262678775228,0.7232320856153669
285850,285.8500000001524,-42564.52958336689,17459.31826139612,300.1534197739544,87.8422013988649,0.7247999168965272
285900,285.90000000015124,-42587.34914130245,17617.7697881385,302.8774532618648,87.8422013988649,0.7247999168965272
285950,285.95000000015006,-42564.21655372545,17369.995627503362,298.6178217841171,87.88778233479725,0.7244240164277911
286000,286.0000000001489,-42896.65674652016,17479.30892719768,300.49709107967556,87.42255345854369,0.728279119690745
286050,286.0500000001477,-42894.872728527815,17333.023706597967,297.98221572383335,87.42255345854369,0.728279119690745
286100,286.1000000001465,-42748.344902261866,17197.30102848527,295.64892725480536,87.65422080978558,0.7263543008621154
286150,286.1500000001453,-42752.5446324853,17149.445928160312,294.82622204941816,87.62370146735087,0.7266072901249029
286200,286.20000000014414,-43093.4521493894,17522.6127916007,301.2415533086924,87.42000217400897,0.7283003739484529
286250,286.25000000014296,-42892.603906800075,17468.39020560715,300.3093809081849,87.63604770501152,0.72650492509904
286300,286.3000000001418,-42697.520039931165,17307.684120035134,297.546587972015,87.63604770501152,0.72650492509904
286350,286.3500000001406,-42712.25020186671,17413.4289100445,299.364508916544,87.98822687086403,0.7235970372189419
286400,286.4000000001394,-42531.09720048952,17385.220709540572,298.87956513350736,87.98822687086403,0.7235970372189419
286450,286.45000000013823,-42570.29150697908,17372.7699701364,298.66551714177444,88.1922920796635,0.7219227301224284
286500,286.50000000013705,-42515.89112344608,17389.79325391199,298.95817443597844,88.1922920796635,0.7219227301224284
286550,286.55000000013587,-42506.92767927001,17361.08068039606,298.4645596795321,88.29828248328586,0.7210561574168458
286600,286.6000000001347,-42542.80062685271,17139.090487203925,294.6481955669524,88.29828248328586,0.7210561574168458
286650,286.6500000001335,-42322.59199649622,16960.960592640215,291.5858596717709,88.54592335594278,0.7190395431076863
286700,286.7000000001323,-42427.937073282505,17192.562644355723,295.56746690341055,88.48455055435574,0.7195382682629355
286750,286.75000000013114,-42304.51620437227,16957.012143151278,291.5179795518735,88.42775258611732,0.7200004343873919
286800,286.80000000012996,-42328.859431001896,17064.09192082651,293.3588510553687,88.59027973535113,0.7186795262877939
286850,286.8500000001288,-42444.08350057952,17121.405482418697,294.34416223726953,87.92301785637625,0.7241337004367627
286900,286.9000000001276,-42484.08112961225,17011.56198553694,292.45577800969704,88.18056416852399,0.7220187449949608
286950,286.9500000001264,-43006.044088105344,17637.729701779157,303.22059588908195,88.11675199012035,0.7225416148003703
287000,287.0000000001252,-42709.49538349781,17408.334847456284,299.2769338873531,87.96121529125371,0.7238192430958378
287050,287.05000000012404,-42676.911216574474,17362.950321776803,298.4967017852993,87.86451667725075,0.7246158367634857
287100,287.10000000012286,-42674.979710696236,17274.23358154262,296.9715200700793,87.86451667725075,0.7246158367634857
287150,287.1500000001217,-42795.138329160545,17394.710919569854,299.04271692168226,87.07818769487159,0.7311592255112468
287200,287.2000000001205,-42920.908930414706,17484.528167279823,300.5868181088655,87.07818769487159,0.7311592255112468
287250,287.2500000001193,-42923.80772887675,17420.99529744554,299.4945871372257,87.07818769487159,0.7311592255112468
287300,287.30000000011813,-42747.80386602286,17408.72460500343,299.28363443882404,86.71606596878556,0.7342125079431454
287350,287.35000000011695,-42938.45460275845,17544.254968565016,301.61361671517466,87.0074287278459,0.7317538422271401
287400,287.40000000011577,-42992.90273348822,17499.789991009384,300.84919310632137,87.0074287278459,0.7317538422271401
287450,287.4500000001146,-43088.66684857166,17565.289992430353,301.97524219525815,87.55298670267999,0.7271941560384989
287500,287.5000000001134,-42669.233337505706,16944.213279923573,291.2979467585251,87.55298670267999,0.7271941560384989
287550,287.5500000001122,-42868.302627956,17169.888515870472,295.1776626107487,88.203071772955,0.7218345007053067
287600,287.60000000011104,-42758.34902734232,16958.128975758947,291.5371796787908,88.21633304778989,0.7217259896692158
287650,287.65000000010986,-42865.44551850288,17214.996460743398,295.9531398493142,87.66345080395736,0.7262778237681599
287700,287.7000000001087,-43104.479594639575,17387.350773305723,298.9161843138141,87.66345080395736,0.7262778237681599
287750,287.7500000001075,-42701.34130957311,17026.82749799408,292.7182164222406,87.66345080395736,0.7262778237681599
287800,287.8000000001063,-42942.12811015216,17288.94332798684,297.2244039818757,86.91794974369631,0.7325071571712123
287850,287.8500000001051,-42889.41575836729,17383.43184528611,298.84881171487734,87.20638386211064,0.7300843981167269
287900,287.90000000010394,-42693.43126469692,17069.210162282427,293.44684175771005,87.65556829157913,0.7263431350090481
287950,287.95000000010276,-42912.414738105595,17238.73089952986,296.36117256064426,87.17159136570943,0.7303757941827628
288000,288.0000000001016,-42860.839416055525,17089.46112300715,293.7949879467095,87.19061799039892,0.7302164125148897
288050,288.0500000001004,-42768.75144373816,16979.214972168284,291.8996814578893,87.19061799039892,0.7302164125148897
288100,288.1000000000992,-42888.970931030955,17136.341893854613,294.60094288039204,87.19061799039892,0.7302164125148897
288150,288.15000000009803,-43002.963394048194,17266.70926943091,296.8421651904693,87.08037778377214,0.7311408367106343
288200,288.20000000009685,-42858.38069423346,17019.63127790266,292.5945019657224,87.27757824373033,0.7294888510323548
288250,288.25000000009567,-43007.910785813176,17408.74988468503,299.2840690367144,87.27757824373033,0.7294888510323548
288300,288.3000000000945,-42815.92282690532,17155.027982907228,294.92218643912497,87.06154555708964,0.7312989893127465
288350,288.3500000000933,-42852.95760197707,17159.494705306195,294.99897649376277,87.59059132969313,0.7268819550978634
288400,288.4000000000921,-42729.03277672952,17149.996451123377,294.8356864138083,87.59059132969313,0.7268819550978634
288450,288.45000000009094,-42776.55972442046,17115.10822408578,294.23590236162454,88.1919007397803,0.7219259335589631
288500,288.50000000008976,-42764.34253404165,17056.244774599156,293.22394614440117,87.92431257353277,0.7241230373073263
288550,288.5500000000886,-42669.489474991635,16990.187568932663,292.0883178292138,87.991875487304,0.7235670329937642
288600,288.6000000000874,-42811.85997110186,17114.775270313177,294.23017835728615,87.153334873009,0.7305287900534829
288650,288.6500000000862,-42942.94849518842,17325.289822420305,297.84925796744756,87.153334873009,0.7305287900534829
288700,288.700000000085,-42985.60223202147,17404.6329392349,299.21329220354266,87.10693792121124,0.7309179015280437
288750,288.75000000008384,-42675.59976104525,17187.522635215286,295.4808211388655,87.58919282447648,0.7268935609612501
288800,288.80000000008266,-42767.42171933803,17286.34109176216,297.1796674068157,87.58919282447648,0.7268935609612501
288850,288.8500000000815,-42782.59077751337,17392.389380636978,299.00280597903213,87.48970658675228,0.7277201256901452
288900,288.9000000000803,-42577.7737299217,17484.481084916373,300.5860086882347,87.47639546432042,0.7278308615250841
288950,288.9500000000791,-42555.30336456847,17457.25905586413,300.1180187592532,87.47639546432042,0.7278308615250841
289000,289.00000000007793,-42553.131899409884,17453.378318099014,300.05130271146675,87.62303231074955,0.7266128390548124
289050,289.05000000007675,-42612.318443866905,17603.015800340305,302.6238087709042,87.61918209981076,0.7266447682812004
289100,289.10000000007557,-42378.87053923705,17376.154891033322,298.72370930985716,87.89455386412331,0.724368205706238
289150,289.1500000000744,-42550.40006587023,17609.931673105835,302.7427036114825,87.89455386412331,0.724368205706238
289200,289.2000000000732,-42649.83731847832,17530.950672048348,301.38489472057114,87.93437806541799,0.7240401498779016
289250,289.250000000072,-42455.64275446294,17618.669840938644,302.89292659947716,87.89337192942156,0.7243779465535894
289300,289.30000000007084,-42156.807965601925,17187.80651483536,295.4857014805544,87.89337192942156,0.7243779465535894
289350,289.35000000006966,-42407.037381017886,17673.565615882122,303.83667218757716,87.89337192942156,0.7243779465535894
289400,289.4000000000685,-42404.342009386484,17753.434606471532,305.2097470293544,87.89337192942156,0.7243779465535894
289450,289.4500000000673,-42117.90804392009,17439.736158403935,299.81677231203906,87.89337192942156,0.7243779465535894
289500,289.5000000000661,-42518.42051702774,17630.55429694448,303.0972392798979,87.88176351668656,0.7244736305481206
289550,289.5500000000649,-42357.00502880438,17380.747026693734,298.8026554177121,87.88176351668656,0.7244736305481206
289600,289.60000000006374,-42415.85990424392,17383.150590849003,298.8439765042545,87.63731273893887,0.7264944380889993
289650,289.65000000006256,-42416.368968354254,17317.976800442946,297.7235355009387,87.63731273893887,0.7264944380889993
289700,289.7000000000614,-42582.98486817569,17504.525376733178,300.93060191035744,87.56956024083989,0.7270565262495448
289750,289.7500000000602,-42645.87859617043,17569.312111287752,302.0443888086431,87.33653631129472,0.7289963967310606
289800,289.800000000059,-42473.83399129892,17480.853714145207,300.52364842161643,87.82050012925525,0.7249790217568557
289850,289.85000000005783,-42527.015969693406,17543.05918817833,301.59305935050617,88.24147611419723,0.7215203448263906
289900,289.90000000005665,-42395.94241199048,17448.051328734404,299.95972330092224,88.32391721848508,0.7208468813312594
289950,289.95000000005547,-42532.52343280794,17672.0638057383,303.8108536851723,88.18285796063896,0.7219999640102838
290000,290.0000000000543,-42492.41543573246,17523.113645846253,301.25016378891627,88.72559923145278,0.7175834350559709
290050,290.0500000000531,-42477.81314970045,17568.94062803253,302.038002421284,88.77250930974402,0.7172042422700429
290100,290.1000000000519,-42575.71887380058,17565.116814734258,301.97226499552255,88.77250930974402,0.7172042422700429
290150,290.15000000005074,-42577.4448741792,17552.11685892212,301.7487751011576,88.77250930974402,0.7172042422700429
290200,290.20000000004956,-42483.41856954511,17582.039402063598,302.26319115783184,88.81587276513143,0.7168540745219244
290250,290.2500000000484,-42415.8322261097,17435.64285896156,299.7464019913087,88.09782089530175,0.7226968797510939
290300,290.3000000000472,-42609.45599324371,17594.897181198052,302.4842368092213,88.30253575895689,0.7210214262442308
290350,290.350000000046,-42520.87429658925,17523.05688875555,301.24918804435305,87.75465358759031,0.725523008422072
290400,290.4000000000448,-42605.182898143255,17595.267074942978,302.490595870373,88.02507557228606,0.7232941279513156
290450,290.45000000004364,-42218.6055850409,17334.35612960432,298.00512219222776,87.97983564021406,0.7236660515515188
290500,290.50000000004246,-42449.830844736585,17696.84626018398,304.2369034507413,87.55896575030921,0.7271444988907998
290550,290.5500000000413,-42430.70896645719,17740.021068860784,304.9791470067845,87.55475827930005,0.7271794420447607
290600,290.6000000000401,-42469.391078048466,17813.077165996274,306.23509738596056,87.64267596487215,0.7264499808224011
290650,290.6500000000389,-42480.15522752472,17754.734613965033,305.23209622358206,87.90852651417676,0.7242530707602947
290700,290.70000000003773,-42527.96099260893,17880.53945556895,307.3948813258519,88.12953623692624,0.7224368014684778
290750,290.75000000003655,-42450.263340067315,17745.320598574363,305.0702543423007,88.53553602706486,0.719123903586491
290800,290.80000000003537,-42423.79829126848,17833.188538299368,306.5808438282182,88.20565972659786,0.7218133220844399
290850,290.8500000000342,-42363.954944461955,17735.244736040833,304.89703425710996,88.06267754693272,0.7229852878363099
290900,290.900000000033,-42154.760251590975,17448.752665089603,299.97178038713105,88.60923231264916,0.7185258083408149
290950,290.9500000000318,-42653.05164013537,17800.71700263989,306.0226065403938,87.84927008146825,0.7247415967698065
291000,291.00000000003064,-42262.52212814287,17551.99056113491,301.7466038415372,88.38860404037887,0.7203193326236901
291050,291.05000000002946,-42338.60897129148,17381.03547108481,298.80761423506686,87.93658692436374,0.724021962879542
291100,291.1000000000283,-42687.84386407494,17669.112397407564,303.7601142868546,87.93658692436374,0.724021962879542
291150,291.1500000000271,-42472.96198994811,17404.767431642864,299.2156043417132,87.77426488321659,0.7253609057121175
291200,291.2000000000259,-42587.14658763518,17508.9600190992,301.006840458261,87.7692637126371,0.7254022374205961
291250,291.2500000000247,-42513.914184226174,17389.144696612468,298.94702470559054,87.7692637126371,0.7254022374205961
291300,291.30000000002354,-42560.10573507093,17433.533461800613,299.71013810276276,87.7692637126371,0.7254022374205961
291350,291.35000000002236,-42627.55084128794,17576.73719641493,302.17203781874014,87.7692637126371,0.7254022374205961
291400,291.4000000000212,-42589.768732850775,17703.52181471193,304.351666839005,87.7692637126371,0.7254022374205961
291450,291.45000000002,-42655.12795702825,17659.52245870268,303.59524800430006,87.7692637126371,0.7254022374205961
291500,291.5000000000188,-42722.20871124901,17687.43673062349,304.07513868800766,87.7692637126371,0.7254022374205961
291550,291.55000000001763,-42673.968778561815,17739.525769634824,304.9706320261732,87.7692637126371,0.7254022374205961
291600,291.60000000001645,-42386.14993958782,17447.00357524473,299.94171075379427,87.7725738964918,0.7253748801873753
291650,291.65000000001527,-42492.029979824474,17657.215333406024,303.55558485495646,87.81604502819982,0.7250158015367235
291700,291.7000000000141,-42448.386072222565,17443.205952796525,299.87642359035675,87.54580214263089,0.7272538341721564
291750,291.7500000000129,-42300.297073450056,17361.260108045248,298.4676443258911,88.03214160477549,0.7232360716583032
291800,291.8000000000117,-42692.56031477278,17748.21873500822,305.1200779120741,88.03214160477549,0.7232360716583032
291850,291.85000000001054,-42639.47434961652,17714.205078265884,304.53532911275806,87.67771186780593,0.7261596923275018
291900,291.90000000000936,-42485.53106867793,17433.042298625503,299.70169422743675,87.65711153904702,0.7263303473734045
291950,291.9500000000082,-42617.6390072863,17472.24733912217,300.3756911614103,86.98295890114468,0.7319596973731762
292000,292.000000000007,-42372.40487137092,17371.702855850315,298.64717175179635,87.30490152014603,0.7292605474071073
292050,292.0500000000058,-42650.449276385865,17732.005010028133,304.84133821976855,87.31407887507218,0.7291838967344618
292100,292.1000000000046,-42496.408827739324,17590.469335874197,302.40811511327144,87.28634025720228,0.7294156231811064
292150,292.15000000000344,-42292.33197621414,17464.09515726981,300.23554220341725,87.98203382324375,0.7236479711507305
292200,292.20000000000226,-42376.19720876556,17598.07319115968,302.5388374664145,87.98203382324375,0.7236479711507305
292250,292.2500000000011,-42483.71883393617,17494.31538871723,300.75507599502924,87.74123202797388,0.72563398988524
292300,292.2999999999999,-42672.20775855409,17758.48644018978,305.29659607717855,87.74123202797388,0.72563398988524
292350,292.3499999999987,-42576.32441175225,17708.847880820576,304.44323037731266,87.74123202797388,0.72563398988524
292400,292.39999999999753,-42528.49233202421,17482.187360252814,300.5465759170646,87.86328524372013,0.7246259924984519
292450,292.44999999999635,-42542.816505430936,17632.50415836484,303.1307604955974,88.41683352964112,0.7200893510008028
292500,292.49999999999517,-42451.12534081485,17643.313315194733,303.3165870747794,88.433295583936,0.7199553047695155
292550,292.549999999994,-42522.3515914435,17589.710606920915,302.39507135711784,88.09954415605252,0.7226827435239488
292600,292.5999999999928,-42304.54678203902,17475.388949623233,300.4297004372237,88.0105199271859,0.7234137501582768
292650,292.6499999999916,-42627.23431973734,17703.458823908302,304.3505839270126,87.9516142976401,0.7238982568124803
292700,292.69999999999044,-42694.59804704439,17634.248131754342,303.16074216893753,87.63024387275317,0.726553042193479
292750,292.74999999998926,-42518.23851291438,17419.771792369473,299.47355314109853,87.29386640451958,0.7293527357222079
292800,292.7999999999881,-42849.6663220681,17732.8684222596,304.8561816477918,87.28669670898597,0.7294126444740441
292850,292.8499999999869,-42533.516809784094,17583.530329469064,302.2888225686742,87.74874997942227,0.7255718205539784
292900,292.8999999999857,-42613.780584656124,17628.234085568147,303.05735116005394,87.50346427610637,0.7276057102494676
292950,292.9499999999845,-42522.93309317143,17587.841981756676,302.36294672172687,87.06816136077627,0.7312434221516406
293000,292.99999999998334,-42556.97809852031,17665.02978900068,303.68992776201,87.48034748671478,0.7277979809530849
293050,293.04999999998216,-42518.39710461529,17722.676422857756,304.68096498531986,87.32771997630445,0.7290699939398511
293100,293.099999999981,-42250.76872045647,17516.348108352617,301.13385345051006,87.94310991662064,0.7239682600975711
293150,293.1499999999798,-42274.11069545163,17329.570496868484,297.92284956222363,87.89920345629059,0.7243298889001346
293200,293.1999999999786,-42297.2769222413,17325.333342379516,297.85000614468964,88.93611142690916,0.7158849116787608
293250,293.24999999997743,-42331.2098655904,17173.980404825918,295.2480086829678,88.21021425479465,0.7217760529409963
293300,293.29999999997625,-42391.80203766454,17055.47323952299,293.21068223064924,87.5074234322969,0.7275727907034564
293350,293.34999999997507,-42777.82642236814,17430.10748503374,299.65124011904726,87.5074234322969,0.7275727907034564
293400,293.3999999999739,-42487.99981360134,17301.067399043764,297.4328360257182,87.49668583973985,0.7276620784302679
293450,293.4499999999727,-42333.24688354735,17126.737760820393,294.4358325747646,87.90518482929265,0.7242806029876999
293500,293.4999999999715,-42279.64603957586,17086.55936557142,293.7451021261609,87.90518482929265,0.7242806029876999
293550,293.54999999997034,-42500.43913898226,17394.444946103595,299.0381444152263,88.11623245477331,0.7225458749224629
293600,293.59999999996916,-42417.65200453892,17149.532707910752,294.8277139312014,88.11623245477331,0.7225458749224629
293650,293.649999999968,-42547.09198735014,17245.866250449122,296.48384057938586,88.11623245477331,0.7225458749224629
293700,293.6999999999668,-42704.697954540396,17462.165625648155,300.2023704892569,87.44207541540666,0.7281165271002642
293750,293.7499999999656,-42574.90623685504,17415.46775537099,299.399559906965,87.03993959097055,0.7314805200130235
293800,293.7999999999644,-42741.331339447774,17649.50163902328,303.42297419322233,87.03993959097055,0.7314805200130235
293850,293.84999999996325,-42612.886368216576,17442.00724071894,299.855815825264,87.06640567432821,0.7312581676112305
293900,293.89999999996206,-42693.82500234357,17372.784194681033,298.6657616842963,87.06640567432821,0.7312581676112305
293950,293.9499999999609,-42550.76331553429,17386.555795856126,298.9025173884183,87.58204012173351,0.7269529253418938
294000,293.9999999999597,-42520.40889071503,17394.62891247371,299.04130708940903,87.19134941735832,0.7302102869075457
294050,294.0499999999585,-42757.23581332034,17609.313542277563,302.7320769604761,87.19134941735832,0.7302102869075457
294100,294.09999999995733,-42655.94258158245,17399.332041587753,299.12216135107514,87.19134941735832,0.7302102869075457
294150,294.14999999995615,-42842.351944695634,17595.001227952656,302.4860255382394,87.19134941735832,0.7302102869075457
294200,294.19999999995497,-42745.954150800724,17453.301078352542,300.0499748375086,87.15196234596738,0.7305402949065242
294250,294.2499999999538,-42450.46831320756,17293.986905224094,297.311111087674,87.8979130099511,0.7243405229279711
294300,294.2999999999526,-42627.38537220342,17429.930899980038,299.6482043414209,87.6104528668109,0.7267171689055882
294350,294.3499999999514,-42672.41020567858,17607.57099199849,302.7021197526653,87.65094740165925,0.7263814272554006
294400,294.39999999995024,-42553.65650124652,17466.031874002685,300.268837441055,87.75431670437763,0.7255257936585268
294450,294.44999999994906,-42487.37838825369,17520.056206412763,301.1976015474831,87.55533481894085,0.727174653669784
294500,294.4999999999479,-42557.82446458944,17639.172016988075,303.245391579032,87.55533481894085,0.727174653669784
294550,294.5499999999467,-42638.84069366925,17648.425683665184,303.40447681116984,87.55533481894085,0.727174653669784
294600,294.5999999999455,-42638.1636581016,17581.725328643155,302.2577917367437,87.69357172602291,0.726028362407457
294650,294.6499999999443,-42887.92229270924,17799.595387552105,306.00332419504514,87.69357172602291,0.726028362407457
294700,294.69999999994315,-42515.38491075008,17472.18077160853,300.3745467600904,87.54334011051192,0.7272742871534581
294750,294.74999999994196,-42687.10607706415,17619.24400442694,302.9027973820553,87.33178029259133,0.7290360972900776
294800,294.7999999999408,-42796.28493376831,17760.622269715135,305.33331438006365,87.33178029259133,0.7290360972900776
294850,294.8499999999396,-42488.74945789789,17495.62098361311,300.7775212455809,88.00151425639848,0.7234877809989056
294900,294.8999999999384,-42589.24852251923,17457.61414020352,300.12412322319506,88.03274516439153,0.7232311130933408
294950,294.94999999993723,-42404.25692568445,17391.191122585813,298.9822060193748,88.03274516439153,0.7232311130933408
295000,294.99999999993605,-42487.80142233681,17427.623681899386,299.60853959697306,88.03274516439153,0.7232311130933408
295050,295.04999999993487,-42351.44725616517,17465.125988941516,300.2532638376095,88.03274516439153,0.7232311130933408
295100,295.0999999999337,-42341.16926989441,17388.00240219058,298.92738684963393,88.03274516439153,0.7232311130933408
295150,295.1499999999325,-42561.39428695712,17578.068988808936,302.1949334459064,88.03274516439153,0.7232311130933408
295200,295.1999999999313,-42392.08848467455,17336.10672562404,298.03521771910306,88.45829778546548,0.7197518137678491
295250,295.24999999993014,-42245.547068996166,17161.50297347198,295.03350181421104,88.45829778546548,0.7197518137678491
295300,295.29999999992896,-42421.840127773714,17289.018898368413,297.225703156799,88.00606738276429,0.7234503502695369
295350,295.3499999999278,-42734.12053596744,17613.361982248112,302.80167607561435,88.21783773101217,0.7217136795852727
295400,295.3999999999266,-42287.34419106887,17314.630040603035,297.66599938205525,88.17077366116241,0.7220989181582952
295450,295.4499999999254,-42200.981456353686,17289.165928508777,297.22823083850915,88.30099115208066,0.7210340387261335
295500,295.4999999999242,-42517.88420760204,17627.9140288301,303.05184887623,88.30099115208066,0.7210340387261335
295550,295.54999999992305,-42283.630025887505,17550.307849551733,301.7176753559788,87.98389616936602,0.7236326537682136
295600,295.59999999992186,-42097.5867679021,17312.714403479353,297.63306653639023,87.9096522945435,0.7242437958983615
295650,295.6499999999207,-42497.871666411345,17684.378062418367,304.022555322038,87.9096522945435,0.7242437958983615
295700,295.6999999999195,-42534.84957668479,17760.802189369628,305.3364074847756,87.86126007495443,0.724642694853114
295750,295.7499999999183,-42441.15019725612,17909.559341932538,307.8937792783993,87.86126007495443,0.724642694853114
295800,295.79999999991713,-42355.68983806215,17845.942322332852,306.8001016385974,87.73521635516106,0.725683743870542
295850,295.84999999991595,-42357.52544249125,17815.179375776235,306.27123771200826,87.73521635516106,0.725683743870542
295900,295.89999999991477,-42201.67382345537,17568.44666302195,302.0295103779548,88.05758819389445,0.7230270733024661
295950,295.9499999999136,-42175.44911143974,17605.931741324977,302.67393842919347,88.05758819389445,0.7230270733024661
296000,295.9999999999124,-42220.2358415482,17645.827948149446,303.3598176104472,88.28782278215617,0.7211415829225004
296050,296.0499999999112,-42221.97554858365,17634.364436744174,303.16274163649473,87.90901749256516,0.7242490257531313
296100,296.09999999991004,-42269.811304031355,17675.196030828964,303.86470161086953,87.65370997637854,0.7263585339521048
296150,296.14999999990886,-42482.35174550125,17812.470724552208,306.22467169404047,87.65370997637854,0.7263585339521048
296200,296.1999999999077,-42422.48620766816,17742.920353906164,305.02899032301497,87.65370997637854,0.7263585339521048
296250,296.2499999999065,-42267.92023993562,17661.158208888715,303.62336914883065,87.65370997637854,0.7263585339521048
296300,296.2999999999053,-42423.30503963152,17839.62530844919,306.6915021336481,88.118087444849,0.7225306644762755
296350,296.3499999999041,-42564.05592488747,17815.88170807562,306.28331192007994,88.07016090198589,0.7229238555015476
296400,296.39999999990295,-42305.22615299327,17715.565881595783,304.558723484004,88.16096967534895,0.7221792195385502
296450,296.44999999990176,-42417.21597357973,17776.31082713226,305.60302560759095,88.13461065186665,0.7223952066390259
296500,296.4999999999006,-42371.70270677142,17779.479367881915,305.65749785716355,88.35718388068344,0.7205754809918102
296550,296.5499999998994,-42357.83790123722,17707.1154096546,304.41344644546933,88.40828416163227,0.7201589859781055
296600,296.5999999998982,-42349.888389582215,17566.47441284151,301.99560426389894,88.18120840489354,0.7220134700532419
296650,296.64999999989703,-42552.14036641551,17688.416889136417,304.09198917009246,88.18120840489354,0.7220134700532419
296700,296.69999999989585,-42426.18858851504,17639.76216369776,303.2555371385795,88.32863889946007,0.7208083478607127
296750,296.74999999989467,-42218.87794728552,17347.039903811426,298.22317642246196,88.32863889946007,0.7208083478607127
296800,296.7999999998935,-42371.45284669458,17362.297615477488,298.48548072701317,88.32863889946007,0.7208083478607127
296850,296.8499999998923,-42463.973371643646,17532.7586853383,301.4159773415447,87.89854203228614,0.7243353393793415
296900,296.8999999998911,-42553.73188651043,17520.375652317267,301.20309333010795,87.79964396707308,0.725151235212096
296950,296.94999999988994,-42322.35759146388,17379.47671554554,298.780816750841,87.79964396707308,0.725151235212096
297000,296.99999999988876,-42317.68486191907,17364.13585666449,298.5170830135622,87.79964396707308,0.725151235212096
297050,297.0499999998876,-42337.07845171177,17442.55757948842,299.8652770230737,87.98872934246529,0.7235929050196854
297100,297.0999999998864,-42467.737434344985,17469.46942754546,300.3279344479411,88.16586393809968,0.7221391299313524
297150,297.1499999998852,-42199.98776966197,17223.4068258224,296.09772738716737,88.16586393809968,0.7221391299313524
297200,297.199999999884,-42170.08318297302,16987.428583938676,292.0408864937715,88.85021820243024,0.7165769714695405
297250,297.24999999988285,-42467.06171822956,17312.432827716977,297.6282258016755,88.99575075547749,0.7154051708472909
297300,297.29999999988166,-42333.26684100277,17340.283003439636,298.1070145699028,88.66550253165171,0.7180698068132773
297350,297.3499999998805,-42172.80176453832,17164.15338928395,295.0790666729229,88.66550253165171,0.7180698068132773
297400,297.3999999998793,-42496.45018326727,17467.127180704872,300.28766750345727,88.66550253165171,0.7180698068132773
297450,297.4499999998781,-42357.33107312095,17425.274569068974,299.56815461521563,89.1932151013165,0.7138213394548387
297500,297.49999999987693,-42199.9401949427,17128.51028797111,294.46630513262534,89.22526450484676,0.7135649373216127
297550,297.54999999987575,-42521.448485171815,17416.036692233134,299.40934083553566,88.66411444969125,0.7180810485625619
297600,297.59999999987457,-42262.322331512594,17156.622794499293,294.94960378418324,88.86113823125297,0.7164889122646068
297650,297.6499999998734,-42437.22841979941,17324.52246994902,297.8360659593187,88.34521665925654,0.7206730899701105
297700,297.6999999998722,-42218.55442558114,17041.784783476647,292.97535592338903,88.66362971271765,0.7180849744162114
297750,297.749999999871,-42418.52339929324,17353.042900449298,298.3263774720547,89.01194624599637,0.7152750047499269
297800,297.79999999986984,-42174.28982025647,16917.844829449947,290.84463120145097,88.19853943753907,0.7218715942455495
297850,297.84999999986866,-42401.12141465662,17212.647666838464,295.9127603503925,88.19853943753907,0.7218715942455495
297900,297.8999999998675,-42694.148288605465,17531.327578111686,301.39137433461735,87.94447592893974,0.7239570149391744
297950,297.9499999998663,-42461.8739579456,17480.362354473804,300.51520116820694,87.782807476335,0.7252903171394842
298000,297.9999999998651,-42447.43600437006,17462.477318512047,300.20772898479584,88.34596403007377,0.7206669933697495
298050,298.0499999998639,-42125.496677867304,17212.470041119916,295.90970668208405,88.4377075424573,0.7199193878170062
298100,298.09999999986275,-42472.296676614926,17400.488605161507,299.14204451642274,88.47392748997255,0.7196246632220694
298150,298.14999999986156,-42496.87971805944,17415.1877097701,299.3947454781573,88.47392748997255,0.7196246632220694
298200,298.1999999998604,-42688.887587900186,17558.276795315556,301.8546741944898,88.00462230026442,0.723462229707382
298250,298.2499999998592,-42802.325122157556,17703.545898480956,304.3520808772581,87.90549364885348,0.7242780585276389
298300,298.299999999858,-42385.847958020226,17379.285024093784,298.77752127023143,88.52170772018798,0.7192362406197159
298350,298.34999999985683,-42397.20097529081,17380.50690677201,298.7985273747621,88.30162005165214,0.7210289033956865
298400,298.39999999985565,-42525.449398722776,17547.38775930753,301.6674743653259,88.23231266495526,0.7215952789957122
298450,298.44999999985447,-42547.39028167885,17555.096694002947,301.80000320047293,88.23231266495526,0.7215952789957122
298500,298.4999999998533,-42560.07054054059,17451.48342686995,300.0187265206907,87.94292403321747,0.7239697903364785
298550,298.5499999998521,-42503.235385819935,17422.033775878688,299.512440231396,87.87410759224696,0.7245367494295061
298600,298.5999999998509,-42472.38427863622,17478.507250930135,300.4833089909564,87.91846881386674,0.7241711682752078
298650,298.64999999984974,-42495.73489330072,17442.34864849215,299.8616851673042,87.91846881386674,0.7241711682752078
298700,298.69999999984856,-42445.154721032464,17506.640797492237,300.966969354125,87.78044027504843,0.7253098762595624
298750,298.7499999998474,-42533.08949882335,17723.547812383797,304.69594555571103,87.74794770743372,0.7255784543951396
298800,298.7999999998462,-42543.348439959205,17882.028550389932,307.4204812316555,87.35583222158047,0.7288353697141778
298850,298.849999999845,-42259.562796747006,17791.924656048286,305.87145213345786,87.44367354302321,0.7281032199840044
298900,298.8999999998438,-42084.09117453071,17649.90544936018,303.4299163344758,87.64352998522735,0.7264429021131027
298950,298.94999999984265,-42231.37592997906,17812.87888058199,306.2316885446589,87.79887557254366,0.7251575815603664
299000,298.99999999984146,-42251.84521562124,17831.076008789903,306.54452608962464,88.1374473182771,0.7223719566552778
299050,299.0499999998403,-42369.220187612875,17910.15235857318,307.9039741766196,87.62037644225727,0.7266348634767985
299100,299.0999999998391,-42371.17800845782,17890.917754105947,307.5733007664438,87.61525939761107,0.7266773015528079
299150,299.1499999998379,-42274.14378128783,17804.087489009955,306.0805505560266,88.06963095689818,0.7229282055816133
299200,299.19999999983673,-42250.758525111276,17571.600831665484,302.08373554818917,87.79538141018385,0.7251864420571912
299250,299.24999999983555,-42390.71346358753,17669.706904127033,303.77033480189743,87.79538141018385,0.7251864420571912
299300,299.29999999983437,-42497.63142309598,17569.08572034164,302.04049678859604,87.39179943779591,0.7285354081674812
299350,299.3499999998332,-42610.02058420856,17681.084485596126,303.96593350372393,87.74625345677765,0.7255924642442666
299400,299.399999999832,-42492.68624222129,17501.784876808913,300.88348836263225,87.49481217159844,0.7276776610370561
299450,299.4499999998308,-42439.00568533143,17365.05408915627,298.5328688889572,87.89443111980817,0.7243692172843117
299500,299.49999999982964,-42487.41948149649,17387.23190649414,298.91414080447083,87.89443111980817,0.7243692172843117
299550,299.54999999982846,-42581.09239688095,17445.00641683597,299.9073764277201,87.71200571929741,0.7258757766600448
299600,299.5999999998273,-42511.260135289136,17531.12435100376,301.3878805377508,87.71200571929741,0.7258757766600448
299650,299.6499999998261,-42621.60961177881,17525.7169052897,301.2949179547325,87.71353127718886,0.7258631518631271
299700,299.6999999998249,-42447.62755359783,17489.58517124589,300.673756041464,87.8702511451495,0.7245685478778766
299750,299.74999999982373,-42400.65403455795,17535.642582121905,301.4655561091068,87.8702511451495,0.7245685478778766
299800,299.79999999982255,-42513.90162934718,17510.880897363124,301.0398634074538,87.53266616348944,0.7273629727556696
299850,299.84999999982136,-42453.680986906,17315.845308554886,297.68689176893014,87.6881714668208,0.7260730747247457
299900,299.8999999998202,-42973.14688015485,17845.0707925686,306.78511865728865,87.6881714668208,0.7260730747247457
299950,299.949999999819,-42671.71643062943,17776.751178867566,305.61059595353896,87.51951270050306,0.7274722894285417
300000,299.9999999998178,-42317.81719679536,17346.51629700413,298.2141747895532,88.2559126505826,0.7214023215189652
300050,300.04999999981663,-42425.350988394785,17537.15313146959,301.4915248523107,88.26653703007426,0.7213154884756866
300100,300.09999999981545,-42458.099119639606,17631.905647498,303.12047114289965,88.26653703007426,0.7213154884756866
300150,300.14999999981427,-42415.22916877836,17609.38999849798,302.7333913643765,88.3607910376122,0.7205460649034249
300200,300.1999999998131,-42040.66619589121,17250.276312303344,296.5596565492388,88.3607910376122,0.7205460649034249
300250,300.2499999998119,-42588.715466477224,17813.413780064617,306.24088431659806,88.3607910376122,0.7205460649034249
300300,300.2999999998107,-42643.771190071515,17919.056639359627,308.05705291020274,88.13453970134321,0.722395788185355
300350,300.34999999980954,-42035.66329258631,17333.98597264025,297.99875860592067,88.10559983060806,0.7226330720897821
300400,300.39999999980836,-42637.36860210136,17885.284769595986,307.4764608131946,87.4572796495357,0.7279899458231468
300450,300.4499999998072,-42365.13154053081,17595.548628057266,302.4954362157311,87.47545816115814,0.7278386602629524
300500,300.499999999806,-42355.349130395814,17605.030149608494,302.65843863516426,88.13006422568293,0.7224324733369604
300550,300.5499999998048,-42350.93277055528,17471.541281340797,300.36355290638437,88.13006422568293,0.7224324733369604
300600,300.59999999980363,-42236.4070285941,17403.952547972018,299.2015951967477,88.14286103190437,0.7223275887409633
300650,300.64999999980245,-42282.128734205864,17347.209297876714,298.2260885755727,87.89905246436572,0.7243311331452215
300700,300.69999999980126,-42376.87686200744,17462.823426563373,300.21367913208456,88.415369869313,0.7201012716229448
300750,300.7499999998001,-42487.01125335276,17568.098360805594,302.0235225094831,88.6960339867481,0.7178226287256295
300800,300.7999999997989,-42341.18299433123,17469.25221933617,300.32420029372923,88.59740707411176,0.718621711137065
300850,300.8499999997977,-42215.986217505604,17392.895957760564,299.0115148446217,88.34856968080193,0.7206457388493558
300900,300.89999999979653,-42252.482290062195,17279.801324338423,297.06723841460814,88.34856968080193,0.7206457388493558
300950,300.94999999979535,-42479.51693808939,17622.134740479185,302.95249372751135,88.51832991055983,0.719263686269684
301000,300.99999999979417,-42262.919182567675,17446.290240807193,299.92944740148783,88.5613670846921,0.7189141537643491
301050,301.049999999793,-42372.22600946623,17461.439103019162,300.18988041098635,88.67845800120097,0.7179649004839828
301100,301.0999999997918,-42401.73135030594,17462.43245950735,300.2069577872344,88.57817738776875,0.7187777187510391
301150,301.1499999997906,-42339.13833110041,17250.119279835442,296.5569569116269,88.75634077462799,0.7173348936902717
301200,301.19999999978944,-42488.21485339469,17326.37882812902,297.8679797057612,87.77889513732345,0.7253226436070024
301250,301.24999999978826,-42809.08224679694,17605.391650417205,302.664653408408,87.77889513732345,0.7253226436070024
301300,301.2999999997871,-42970.03831264193,17940.867500025975,308.4320162575227,87.48463218682936,0.7277623358801797
301350,301.3499999997859,-42530.23399258114,17509.034300415107,301.00811747209747,87.78523915021371,0.7252702264097016
301400,301.3999999997847,-42483.73524929632,17523.33736928937,301.2540099503488,87.78523915021371,0.7252702264097016
301450,301.44999999978353,-42784.58066324497,17703.754830466678,304.35567275003785,87.59867324259588,0.7268148924765446
301500,301.49999999978235,-42639.2472804962,17653.3024262888,303.4883157648976,87.77420495700265,0.7253614009388512
301550,301.54999999978116,-42607.957462442784,17637.73506449775,303.2206880827347,87.96355506110127,0.7237999900035895
301600,301.59999999978,-42839.6269530094,17823.2782396056,306.410470048476,87.2284808512935,0.7298994508736899
301650,301.6499999997788,-42519.212228868964,17461.895292349873,300.19772303036166,87.2284808512935,0.7298994508736899
301700,301.6999999997776,-42606.04739720919,17588.899965750512,302.38113514747533,87.2284808512935,0.7298994508736899
301750,301.74999999977643,-42595.55034644691,17638.92061373818,303.2410695577441,87.4557973415501,0.7280022846885272
301800,301.79999999977525,-42655.22546130106,17719.489147299777,304.6261706546269,87.60180667109248,0.7267888950390216
301850,301.84999999977407,-42266.48813836898,17444.30822844066,299.8953734599432,87.44863445657293,0.7280619150836813
301900,301.8999999997729,-42436.751395236235,17666.281954984916,303.7114544846841,87.31423127183257,0.7291826240294059
301950,301.9499999997717,-42530.03671351266,17818.311221883025,306.3250791223706,87.93654107690404,0.7240223403627516
302000,301.9999999997705,-42191.268917908936,17614.944303808545,302.82887869718496,88.01798617944957,0.7233523855465179
302050,302.04999999976934,-42193.193200964175,17632.946227826367,303.13836037198826,88.01798617944957,0.7233523855465179
302100,302.09999999976816,-42208.01326239269,17660.88686910999,303.6187043869375,88.32633214998091,0.7208271726464875
302150,302.149999999767,-42352.2007416953,17796.68302355723,305.95325603089344,88.22792939178818,0.7216311287458504
302200,302.1999999997658,-42411.8981818741,17735.732968075845,304.90542774148076,88.20775331628477,0.7217961900198517
302250,302.2499999997646,-42294.96264361144,17684.720225120647,304.0284376425084,88.20775331628477,0.7217961900198517
302300,302.29999999976343,-42424.15257705987,17758.32576012219,305.29383373153286,87.52439614204901,0.7274316999636803
302350,302.34999999976225,-42255.20309458093,17637.464993882528,303.2160451397786,87.48092591924109,0.7277931686809199
302400,302.39999999976106,-42542.03924840979,17789.543531989217,305.8305168278213,87.97833807614683,0.7236783697686978
302450,302.4499999997599,-42485.80225975497,17854.60181064057,306.94897200055203,87.9761607835539,0.7236962798427468
302500,302.4999999997587,-42389.749632346255,17689.674181986702,304.11360403173944,87.83620174949972,0.7248494243350854
302550,302.5499999997575,-42340.72931481628,17468.3875827864,300.3093358177291,87.83620174949972,0.7248494243350854
302600,302.59999999975634,-42568.1466397426,17674.9700832701,303.8608172133537,87.40612873222561,0.7284159726254029
302650,302.64999999975515,-42640.01895114137,17738.130008490625,304.9466366745594,87.43785916587207,0.7281516368456058
302700,302.69999999975397,-42550.01109357477,17813.801300735387,306.24754641261023,87.08741957930079,0.7310817174451923
302750,302.7499999997528,-42474.864332101904,17793.195698333606,305.89330336973774,87.86784208715412,0.7245884132531039
302800,302.7999999997516,-42529.195692499066,17682.369394041936,303.98802312133284,88.22551311552618,0.7216508924185653
302850,302.8499999997504,-42301.25809857593,17371.14221650126,298.63753347065847,87.94021260618695,0.7239921122208658
302900,302.89999999974924,-42571.02993641768,17493.558133951778,300.7420575825066,87.18305156765635,0.7302797863699142
302950,302.94999999974806,-42700.18659638815,17565.92583024958,301.9861732575714,87.3697867488189,0.7287189615896136
303000,302.9999999997469,-42678.67304464158,17561.785634961914,301.9149967227538,87.36582318290463,0.7287520217215051
303050,303.0499999997457,-42555.1353224586,17447.18593762815,299.9448458528974,87.72422414330018,0.7257746750760845
303100,303.0999999997445,-42457.64832267116,17268.76263248665,296.8774657637214,87.72422414330018,0.7257746750760845
303150,303.14999999974333,-42391.288857218045,17278.138361345947,297.0386494386999,87.99872645134812,0.7235107011361744
303200,303.19999999974215,-42759.28538388043,17769.27529794032,305.4820736829359,87.99872645134812,0.7235107011361744
303250,303.24999999974096,-42493.526345537655,17594.463195265987,302.4767759015448,88.10966427430021,0.722599737478241
303300,303.2999999997398,-42116.951992848175,17266.525162770977,296.8390001044817,87.63594137120545,0.7265058066098974
303350,303.3499999997386,-42061.56962053513,17213.70897787046,295.9310059732128,87.95844283539039,0.7238420579256576
303400,303.3999999997374,-42394.920633869,17490.326900284716,300.6865075420791,87.24953981383487,0.7297232788820929
303450,303.44999999973624,-42044.157261719105,17221.742090202035,296.06910793696943,87.98515513344785,0.7236222994360748
303500,303.49999999973505,-42397.74906768884,17519.314232512603,301.18484583731265,87.64452224249645,0.726434677774242
303550,303.54999999973387,-42307.05218829158,17577.618910853384,302.18719589077955,87.64452224249645,0.726434677774242
303600,303.5999999997327,-42185.21219991386,17319.766962120222,297.7543112243282,88.1642598288622,0.7221522689295282
303650,303.6499999997315,-42267.962070795,17365.481960882247,298.540224683717,88.1642598288622,0.7221522689295282
303700,303.6999999997303,-42332.081373834015,17517.674012443047,301.1566478483827,88.20054234181858,0.7218552016059242
303750,303.74999999972914,-42669.72733981059,17982.20419518481,309.1426597218504,87.45302095087331,0.7280253967403914
303800,303.79999999972796,-42451.99956650175,17625.364082355725,303.00801124505415,87.86937325349608,0.7245757869494319
303850,303.8499999997268,-42317.43725905659,17311.6541781577,297.61483957865556,88.51059474324387,0.7193265445633575
303900,303.8999999997256,-42543.1834588381,17675.06005441326,303.86236396024816,88.51059474324387,0.7193265445633575
303950,303.9499999997244,-42355.92192433756,17463.42867939303,300.2240843898346,88.55199134513775,0.7189902712154107
304000,303.99999999972323,-42290.865145869546,17482.877704653212,300.5584440341067,88.98557486883084,0.7154869805331384
304050,304.04999999972205,-42346.102900885075,17479.921838952498,300.5076280065174,88.98557486883084,0.7154869805331384
304100,304.09999999972086,-42380.02776058061,17512.675386440893,301.0707135257331,88.87137971638722,0.7164063445069412
304150,304.1499999997197,-42463.420654475325,17555.908322978892,301.8139563920621,88.15842911103067,0.7222000314197856
304200,304.1999999997185,-42652.493475900934,17688.44154987224,304.09241312732155,87.65395324475571,0.7263565180697028
304250,304.2499999997173,-42772.31536880441,17817.352007412715,306.3085887016538,87.65395324475571,0.7263565180697028
304300,304.29999999971614,-42532.409076205775,17507.500978482592,300.98175723198,87.7910820238809,0.7252219565603069
304350,304.34999999971495,-42633.11703148538,17619.26195144416,302.90310591979505,87.77959114045451,0.725316892534066
304400,304.39999999971377,-42816.78370786712,17756.444725059264,305.261495750267,87.2143007107164,0.7300181249527823
304450,304.4499999997126,-42626.7230606465,17327.623840203818,297.8893834413662,87.42473984839773,0.7282609062870681
304500,304.4999999997114,-42771.456360337965,17387.701724611976,298.9222177243498,87.36244384605394,0.7287802111637139
304550,304.5499999997102,-42830.91930444692,17501.774303565424,300.88330659177814,87.23336346090097,0.729858597077276
304600,304.59999999970904,-42810.39844866891,17458.389533320777,300.13745346280285,87.69645828245368,0.7260044649561864
304650,304.64999999970786,-42596.772821210645,17438.67758445202,299.7985737439739,87.01920775926827,0.7316547910897766
304700,304.6999999997067,-42570.335028345005,17470.821757979815,300.35118315665113,87.2213970860539,0.7299587303226696
304750,304.7499999997055,-42796.904391727774,17517.44177658322,301.15265534498263,87.05895694495452,0.7313207337662131
304800,304.7999999997043,-42581.37807578748,17250.107749811094,296.55675869218976,87.05976135085031,0.7313139765835512
304850,304.84999999970313,-42626.77682590237,17293.99232203713,297.3112042112962,87.10237059558095,0.7309562281550053
304900,304.89999999970195,-42831.776782887086,17578.408296737143,302.2007666882748,87.32390079674099,0.7291018803901331
304950,304.94999999970076,-42459.45083964363,17290.66037474048,297.2539227435651,87.34539083360599,0.7289224956952065
305000,304.9999999996996,-42556.69770589088,17396.178106894848,299.0679402028237,87.33945041254263,0.7289720735953025
305050,305.0499999996984,-42694.4672312658,17563.612870208173,301.9464097996956,87.35748474129447,0.7288215825175767
305100,305.0999999996972,-42446.847732783215,17321.091639940456,297.7770845406679,87.82324750420644,0.7249563422356456
305150,305.14999999969604,-42609.14742704315,17511.311627246814,301.04726833848565,87.82324750420644,0.7249563422356456
305200,305.19999999969485,-42663.176943555656,17483.65311140558,300.5717745081238,87.6516334035105,0.7263757422614711
305250,305.24999999969367,-42696.187478410866,17376.620575771358,298.7317151703704,86.87061186439868,0.7329063178844459
305300,305.2999999996925,-42817.7773263012,17457.109507577785,300.1154477866129,86.87061186439868,0.7329063178844459
305350,305.3499999996913,-42558.35094246999,17348.943142173695,298.25589611371953,86.87061186439868,0.7329063178844459
305400,305.3999999996901,-42613.60292534926,17245.399990067268,296.47582482264073,86.90886359226191,0.7325837393595156
305450,305.44999999968894,-42873.85445831178,17574.154595968997,302.1276388139135,86.83190947186615,0.7332329861355169
305500,305.49999999968776,-42910.665545632626,17574.15514308527,302.1276482197115,86.83190947186615,0.7332329861355169
305550,305.5499999996866,-42848.95489502578,17650.033389258057,303.4321158245875,86.59308204306355,0.7352552741134978
305600,305.5999999996854,-42603.99260237148,17401.169781736622,299.1537550239827,85.94562627969789,0.7407941861602907
305650,305.6499999996842,-42888.79945452579,17745.51428741353,305.0735841611732,86.15003922407531,0.7390364629818155
305700,305.69999999968303,-42967.93468682669,17769.829397487538,305.49159953449,86.15003922407531,0.7390364629818155
305750,305.74999999968185,-42621.76436687129,17467.97073746669,300.3021695844115,86.33250662207904,0.7374744782126199
305800,305.79999999968067,-42861.21919961409,17690.451046224334,304.12695956224377,86.65197772651636,0.7347555352383175
305850,305.8499999996795,-42694.89577255511,17479.00789813874,300.4919159118861,86.36788321013867,0.7371724060782741
305900,305.8999999996783,-42877.44275855496,17525.78286704911,301.296051942175,86.36788321013867,0.7371724060782741
305950,305.9499999996771,-43042.58630410618,17816.62786873654,306.29613960731973,86.41765539653537,0.7367478321618276
306000,305.99999999967594,-42677.90711311482,17551.34368939917,301.73548308866873,86.41765539653537,0.7367478321618276
306050,306.04999999967475,-42763.723610126144,17560.2596995323,301.88876346835656,87.21407322138644,0.7300200291332427
306100,306.09999999967357,-42911.224504625265,17630.539984757816,303.09699323067036,86.01490346808484,0.7401975437608765
306150,306.1499999996724,-42916.8302316713,17854.50811382322,306.947361203399,86.59954876798291,0.735200369744239
306200,306.1999999996712,-42686.829444324634,17639.15519719519,303.2451024200695,86.82753129507202,0.7332699585519464
306250,306.24999999967,-42557.15923646106,17373.797951857843,298.6831897807937,86.65998256649013,0.7346876653829906
306300,306.29999999966884,-42875.32892192039,17599.601896357242,302.56511833752324,86.55031454571852,0.7356185891187479
306350,306.34999999966766,-42828.89730602418,17478.508495817598,300.4833303925497,86.70479586324505,0.7343079427154818
306400,306.3999999996665,-42723.51771029958,17447.972241004172,299.95836365718725,86.4337823914247,0.7366103682189656
306450,306.4499999996653,-42678.044317743,17319.309974157022,297.74645487519155,86.4337823914247,0.7366103682189656
306500,306.4999999996641,-42702.22150043561,17470.623387790154,300.3477728579261,86.65141145658373,0.7347603368908289
306550,306.54999999966293,-42666.85561136137,17419.47725088018,299.4684895049386,86.53230069593941,0.7357717264172193
306600,306.59999999966175,-42801.475667328355,17732.127599708834,304.84344573114674,86.53230069593941,0.7357717264172193
306650,306.64999999966057,-42841.55984207177,17698.361529703874,304.2629533412047,86.53230069593941,0.7357717264172193
306700,306.6999999996594,-42467.275751648274,17295.07933101141,297.3298916225725,86.9340589247442,0.732371421067783
306750,306.7499999996582,-42841.73890463193,17673.73980456155,303.83966676772246,86.90463024631916,0.732619425379834
306800,306.799999999657,-42754.1625933911,17634.691794015995,303.1683694280931,87.35298079201951,0.7288591608052137
306850,306.84999999965584,-42435.08011997522,17365.537957275617,298.5411873506845,87.35298079201951,0.7288591608052137
306900,306.89999999965465,-42514.697947888155,17437.734070877956,299.78235324660864,86.78282946791616,0.73364766583744
306950,306.94999999965347,-42858.10774431935,17819.5452454466,306.3462939480094,86.10793781987643,0.7393978056597785
307000,306.9999999996523,-42659.314956475515,17574.458028723027,302.1328553050405,85.96743394055383,0.7406062662976715
307050,307.0499999996511,-42729.33162212651,17655.166149626893,303.52035613010923,85.96743394055383,0.7406062662976715
307100,307.0999999996499,-42850.63047879458,17590.14949227409,302.4026164936273,85.5628799931478,0.7441079622261905
307150,307.14999999964874,-42977.031534459755,17542.970826273366,301.591540268973,85.61430749428571,0.7436609853809165
307200,307.19999999964756,-42972.664972640494,17693.530562557826,304.1799013406631,85.94460649901106,0.7408029760964453
307250,307.2499999996464,-42547.70642547096,17349.67939156301,298.26855341045365,85.94460649901106,0.7408029760964453
307300,307.2999999996452,-42938.77384005356,17716.83909597316,304.58061206199733,86.5872643884658,0.7353046746951672
307350,307.349999999644,-42681.14968001327,17525.798422000178,301.296319356497,86.8101867862271,0.7334164644834811
307400,307.39999999964283,-42664.612176156996,17485.79788853062,300.6086466344631,86.86813855193192,0.7329271852169709
307450,307.44999999964165,-42727.24579350071,17539.339667210832,301.5291148756075,86.43736579118332,0.7365798308536547
307500,307.49999999964047,-42700.11715787302,17433.805358385885,299.714812437045,86.43736579118332,0.7365798308536547
307550,307.5499999996393,-42846.40443784362,17737.401511019496,304.9341126456149,86.55953546252717,0.7355402259693049
307600,307.5999999996381,-42379.60132178692,17233.84143581013,296.2771149110634,86.81647156518378,0.7333633713286989
307650,307.6499999996369,-42793.692582231364,17678.178285034384,303.91597129878005,86.55591062090221,0.7355710293749741
307700,307.69999999963574,-42672.95297097502,17387.07031552489,298.9113627989783,86.55591062090221,0.7355710293749741
307750,307.74999999963455,-42955.167769219894,17627.452171204226,303.04390880985517,85.99269299065165,0.7403887244329783
307800,307.79999999963337,-42965.672446932425,17535.618750597325,301.4651464073364,86.02580353714548,0.7401037555715919
307850,307.8499999996322,-42815.911469448474,17413.392484769513,299.3638827081956,85.97963743659452,0.7405011485522618
307900,307.899999999631,-42985.239705826665,17579.796645897568,302.2246346161116,86.59856050559476,0.7352087598475955
307950,307.9499999996298,-42849.66400983542,17389.573245886386,298.9543921484759,86.65873453023399,0.7346982461611234
308000,307.99999999962864,-42692.5542870293,17384.695620120187,298.870538012124,86.65873453023399,0.7346982461611234
308050,308.04999999962746,-42911.813802864315,17506.57854530893,300.96589914018955,86.65873453023399,0.7346982461611234
308100,308.0999999996263,-42798.30115878306,17314.241579956535,297.6593211263668,86.65873453023399,0.7346982461611234
308150,308.1499999996251,-42943.04452456119,17478.375827681306,300.4810496165075,86.65873453023399,0.7346982461611234
308200,308.1999999996239,-42911.48633526346,17275.195952602833,296.98806475759176,86.5746734438058,0.7354116133655549
308250,308.24999999962273,-42878.626311839136,17130.78854752438,294.505472033979,86.87993995821489,0.7328276274652881
308300,308.29999999962155,-42900.2498606571,17244.353627637734,296.4578361900467,86.83526832073423,0.7332046241711544
308350,308.34999999962037,-42809.17310365476,17099.475571375035,293.96715222481976,86.60181383607592,0.7351811405985005
308400,308.3999999996192,-42896.622541238314,17249.25667709547,296.54212740004846,86.693215384266,0.7344060315642698
308450,308.449999999618,-42877.34309320241,17270.41111821719,296.90580585249586,86.68871533714209,0.7344441548855957
308500,308.4999999996168,-43057.57800489449,17400.576398426612,299.1435538221333,86.68871533714209,0.7344441548855957
308550,308.54999999961564,-42849.61179185446,17046.110921036587,293.04972910128674,86.68871533714209,0.7344441548855957
308600,308.59999999961445,-42747.0295863445,17130.353896025048,294.4979996841438,86.89685074149594,0.7326850136756664
308650,308.64999999961327,-43014.081244238776,17462.785942883198,300.2130347280694,86.89685074149594,0.7326850136756664
308700,308.6999999996121,-42737.18280628972,17388.696840152497,298.93932534150224,86.67412255815954,0.7345678086464986
308750,308.7499999996109,-42632.84748745199,17444.780284030632,299.9034888455231,87.18639743813651,0.7302517611085058
308800,308.7999999996097,-42720.9363794608,17495.74990837447,300.77973766706054,86.85702548300893,0.7330209608244079
308850,308.84999999960854,-42614.4350036048,17485.126951301037,300.59711215752094,86.85702548300893,0.7330209608244079
308900,308.89999999960736,-42758.54926653577,17609.192815992243,302.730001483825,86.87401414074768,0.7328776148268512
308950,308.9499999996062,-42695.23338699336,17540.625382980572,301.55121837239733,87.33268398522117,0.7290285534414526
309000,308.999999999605,-42555.102996788446,17634.925504176244,303.1723872770597,87.17330605817216,0.7303614277450782
309050,309.0499999996038,-42985.88055743937,18090.219217249487,310.99960956228927,87.17330605817216,0.7303614277450782
309100,309.09999999960263,-42427.53078267466,17490.904271447325,300.696433469675,86.96465580751008,0.73211374992192
309150,309.14999999960145,-42685.005113250845,17769.601386877795,305.4876796698518,86.96465580751008,0.73211374992192
309200,309.19999999960027,-42560.750180261515,17728.414869042037,304.77961799230525,87.41045175481297,0.7283799476576853
309250,309.2499999995991,-42393.901360752396,17478.095724330855,300.47623419489315,87.28008143352086,0.7294679293167216
309300,309.2999999995979,-43014.071955920896,18005.38083071576,309.5411029089965,87.28008143352086,0.7294679293167216
309350,309.3499999995967,-42523.938026144846,17648.352889053873,303.4032253561474,87.47264986812488,0.7278620273867568
309400,309.39999999959554,-42150.678815765335,17236.779909825003,296.3276319479417,87.27143207973995,0.7295402258981127
309450,309.44999999959435,-42649.26992223249,17733.597409405425,304.8687140950223,87.64376825671864,0.7264409271793787
309500,309.4999999995932,-42214.215339683855,17380.983994760096,298.80672927526086,87.64376825671864,0.7264409271793787
309550,309.549999999592,-42408.146917855236,17334.795109018058,298.0126689457877,87.64376825671864,0.7264409271793787
309600,309.5999999995908,-42701.02998925207,17648.307151275447,303.4024390510694,87.61354221421509,0.7266915440793046
309650,309.6499999995896,-42689.85814889316,17537.71132463262,301.5011210796243,87.5050244536704,0.7275927373474922
309700,309.69999999958844,-42607.476462461455,17364.417523394266,298.52192531215104,87.5050244536704,0.7275927373474922
309750,309.74999999958726,-42506.3425170915,17337.04079324193,298.0512758254743,87.73970120101552,0.7256466502893492
309800,309.7999999995861,-42610.68856851964,17294.87098196637,297.32630977146937,87.54818416751245,0.7272340469344806
309850,309.8499999995849,-42898.740803882036,17467.66990475867,300.2969977922063,87.11473064469436,0.7308525183138236
309900,309.8999999995837,-42758.51803646066,17378.713075656797,298.7676885679045,86.69197811853266,0.7344165129886983
309950,309.94999999958253,-42744.99272139028,17289.732984757487,297.2379794363471,87.2348524859631,0.7298461390090626
310000,309.99999999958135,-42968.199177075934,17295.562069537147,297.33819066479094,87.2348524859631,0.7298461390090626
310050,310.04999999958017,-42801.84647008899,17050.56997607455,293.1263873418072,87.17213628869122,0.7303712285202411
310100,310.099999999579,-43009.63618603693,17116.558820484242,294.2608404183798,86.56671621353006,0.7354792125516044
310150,310.1499999995778,-43473.401889505934,17425.5591216235,299.57304652571685,85.91307496169519,0.7410748631950611
310200,310.1999999995766,-43040.272370870814,16979.6885419893,291.90782287550667,86.59112957767323,0.7352718527224472
310250,310.24999999957544,-43420.54771818953,17403.50474542477,299.19389675950475,86.59112957767323,0.7352718527224472
310300,310.29999999957425,-43017.29553060344,17007.255989646746,292.3817510991027,86.84960528919405,0.7330835881395418
310350,310.3499999995731,-42997.21933702081,17016.88200299569,292.547237562103,86.6713761367844,0.7345910854516108
310400,310.3999999995719,-43049.011882695806,17103.775285069154,294.0410711344826,86.44290498633839,0.7365326313821535
310450,310.4499999995707,-42982.74631889718,17020.37398439987,292.6072702704001,86.28980039458898,0.737839466342047
310500,310.4999999995695,-43057.45930859991,17210.965971298272,295.88384933222727,86.28980039458898,0.737839466342047
310550,310.54999999956834,-42859.69215834041,17103.110554511775,294.02964336009654,86.47427028465715,0.7362654817938568
310600,310.59999999956716,-43244.68602514345,17305.137132036216,297.50280120173267,86.12506247325152,0.7392507876981701
310650,310.649999999566,-43125.488761829234,17296.088062243987,297.34723331510355,86.45010226460687,0.7364713124228578
310700,310.6999999995648,-43130.74677795355,17522.397639143088,301.2378544961181,86.45010226460687,0.7364713124228578
310750,310.7499999995636,-43092.01691975202,17329.857918272613,297.92779079280746,85.93188084866966,0.7409126815928521
310800,310.79999999956243,-43054.36121387719,17276.10719133981,297.0037303992301,85.93188084866966,0.7409126815928521
310850,310.84999999956125,-43264.71043968661,17596.87936835541,302.51831375569793,86.06838398840064,0.7397376054194973
310900,310.89999999956007,-43172.47408826581,17544.38917471092,301.61592393204563,85.58279239263214,0.7439348319205638
310950,310.9499999995589,-43340.4253144199,17792.044743148876,305.87351662150786,85.99476150092653,0.7403709151890527
311000,310.9999999995577,-42872.216207723875,17385.255460886867,298.8801625643621,86.30743862871985,0.7376886776560994
311050,311.0499999995565,-43024.199829951045,17514.911319241943,301.10915276296856,86.28428671508748,0.7378866152552022
311100,311.09999999955534,-43071.43155589259,17445.721873720508,299.91967626826255,86.22057878276054,0.7384318357955104
311150,311.14999999955415,-42818.76929788104,17463.64871150022,300.2278670913379,86.22057878276054,0.7384318357955104
311200,311.199999999553,-43090.678810500394,17793.596580416823,305.9001951696581,85.99183807528736,0.7403960852443092
311250,311.2499999995518,-42663.225686168815,17355.821513919636,298.3741462521906,85.69896373835331,0.7429263726955849
311300,311.2999999995506,-42883.548010714236,17466.880074722452,300.2834193590246,85.69896373835331,0.7429263726955849
311350,311.3499999995494,-42795.97242240246,17267.205233997625,296.8506916093453,85.50909863214574,0.7445759725266283
311400,311.39999999954824,-43080.71782322324,17509.505981263825,301.01622641527985,85.50909863214574,0.7445759725266283
311450,311.44999999954706,-43110.40873541231,17447.476554691046,299.9498420219325,85.50909863214574,0.7445759725266283
311500,311.4999999995459,-43060.83133536023,17683.940272823187,304.01502902334937,85.95474672794037,0.7407155822984867
311550,311.5499999995447,-42696.622124756585,17327.260391443455,297.88313517973864,86.21126977772421,0.7385115709124636
311600,311.5999999995435,-43019.53215334548,17698.33438946552,304.2624867573878,85.87504577583172,0.7414030432089007
311650,311.64999999954233,-42945.57601050898,17534.007143905135,301.4374403278235,86.07965045496235,0.7396407854515741
311700,311.69999999954115,-42812.364310977326,17375.495980527652,298.71238159140665,86.38540832806352,0.7370228549723928
311750,311.74999999953997,-43103.588395374914,17640.418953220593,303.2668283939652,86.12845774044469,0.739221645716381
311800,311.7999999995388,-42964.41889578617,17644.591805962944,303.33856636231417,86.39292198241534,0.736958755566393
311850,311.8499999995376,-42859.169855657135,17544.812681620282,301.62320468867307,86.19580749217036,0.7386440492443743
311900,311.8999999995364,-42746.74005238905,17507.58079057524,300.98312932865576,86.84518893521552,0.7331208677708116
311950,311.94999999953524,-42876.18768215452,17701.49504359135,304.3168234233668,87.02818048139383,0.7315793564995556
312000,311.99999999953405,-42832.630693298335,17504.48036961631,300.9298281665125,87.02818048139383,0.7315793564995556
312050,312.0499999995329,-42688.12673149342,17310.72730139381,297.59890509448934,86.57404566975391,0.7354169460530222
312100,312.0999999995317,-42789.10707802323,17273.595542202947,296.9605511601319,87.26214593423634,0.7296178611271792
312150,312.1499999995305,-42896.78207933918,17496.14704960446,300.78656515577063,86.82876282696333,0.7332595582501399
312200,312.1999999995293,-42704.574948946334,17375.64977866075,298.7150256256647,86.82876282696333,0.7332595582501399
312250,312.24999999952814,-42840.57882920238,17443.54987561496,299.8823361700204,86.58498876834646,0.7353239999169567
312300,312.29999999952696,-42996.5709336883,17563.521831824328,301.9448447052381,86.11893267997448,0.7393034062614461
312350,312.3499999995258,-42816.509824612236,17573.401257568505,302.11468772992674,86.65276885894136,0.7347488269826434
312400,312.3999999995246,-42574.703643940506,17289.481134825477,297.2336497358839,87.14512079416521,0.7305976478509647
312450,312.4499999995234,-42967.655241485445,17696.899034410093,304.2378107235343,87.05837646824831,0.731325609973052
312500,312.49999999952223,-42797.463432242504,17437.835937663593,299.78410449849673,87.05837646824831,0.731325609973052
312550,312.54999999952105,-42656.1020074522,17386.038292199155,298.89362067836004,87.18561879867694,0.7302582828588179
312600,312.59999999951987,-42700.830766578816,17508.543305042997,300.99967648157167,86.88036873907684,0.7328240107395958
312650,312.6499999995187,-42495.31452066466,17340.86423042028,298.1170067851367,86.85860100788179,0.7330076645849717
312700,312.6999999995175,-42822.53927237431,17507.595526807476,300.98338266790034,87.10635535302166,0.7309227899143952
312750,312.7499999995163,-42990.43315057625,17660.116268077978,303.6054565308886,87.10635535302166,0.7309227899143952
312800,312.79999999951514,-42743.438496673785,17493.533599072085,300.7416357889444,86.88426824273674,0.7327911204365555
312850,312.84999999951395,-42839.03183041735,17548.008166718024,301.6781401543977,86.73016380528459,0.7340931629835791
312900,312.8999999995128,-42817.08619068421,17562.236806355948,301.92275307582526,87.35621137033897,0.7288322063784374
312950,312.9499999995116,-42704.998170947576,17329.00305189454,297.9130942815814,87.35621137033897,0.7288322063784374
313000,312.9999999995104,-42903.112320819615,17320.91309604802,297.77401508749153,87.35621137033897,0.7288322063784374
313050,313.0499999995092,-42999.151748465265,17426.04394536522,299.58138141611096,87.19376757524337,0.7301900358757102
313100,313.09999999950804,-42988.01037098528,17319.446954741346,297.7488097890668,86.93062432256103,0.7324003568369817
313150,313.14999999950686,-42614.05230242379,16932.349485228064,291.09398927885496,87.08189624090551,0.7311280877229925
313200,313.1999999995057,-42742.17167405343,17052.758640948272,293.164013968274,86.86956346518367,0.7329151630815172
313250,313.2499999995045,-42835.898634084275,17373.40647716973,298.6764597089414,87.159226905747,0.7304794057289559
313300,313.2999999995033,-42896.37641456103,17476.722198515683,300.45262110391224,87.463269313014,0.7279400915834721
313350,313.34999999950213,-42953.989082067535,17372.45043088761,298.66002375441303,87.30387161428996,0.7292691503441191
313400,313.39999999950095,-42790.64890103406,17121.13117830597,294.33944651376527,87.23751141115322,0.7298238939191634
313450,313.44999999949977,-42992.136991545325,17381.767907072666,298.82020597337123,87.11690957713681,0.7308342385301337
313500,313.4999999994986,-42647.34833060707,17092.221635602673,293.8424455440492,87.11690957713681,0.7308342385301337
313550,313.5499999994974,-42762.008787584055,17200.715659211135,295.7076301820496,86.61886740452597,0.7350363977465092
313600,313.5999999994962,-42961.20999687561,17468.025448731965,300.30311015798526,86.61886740452597,0.7350363977465092
313650,313.64999999949504,-42708.92240401196,17213.38782767229,295.92548489107213,86.85518052086877,0.7330365315239628
313700,313.69999999949385,-42901.29236145849,17345.56034568622,298.1977404676105,86.78511798270408,0.7336283196226577
313750,313.7499999994927,-42915.36864433352,17421.873135917784,299.50967857524796,86.99374538809948,0.7318689405757545
313800,313.7999999994915,-42696.08335302372,17249.36990967804,296.5440740480435,87.77723310175244,0.7253363773736242
313850,313.8499999994903,-42814.50549678714,17424.661631304632,299.5576172412288,87.77723310175244,0.7253363773736242
313900,313.8999999994891,-42569.64160394547,17259.313510002477,296.7150203357256,87.77723310175244,0.7253363773736242
313950,313.94999999948794,-42689.03521805271,17268.47082015683,296.87244904614874,88.15488527752314,0.7222290639193735
314000,313.99999999948676,-42906.65888841271,17612.11869611427,302.7803020116765,87.71555095200883,0.7258464386633052
314050,314.0499999994856,-42720.07398787509,17449.62805231464,299.98682968431945,87.58242041891278,0.7269497687935175
314100,314.0999999994844,-42507.35873501157,17177.502502803098,295.3085591430031,87.24930672131049,0.7297252283880268
314150,314.1499999994832,-42830.51996125654,17506.04816214777,300.9567810109918,87.24731086372896,0.7297419214828064
314200,314.19999999948203,-42855.548157689365,17524.972890520752,301.2821271587851,87.16727468665283,0.7304119636959835
314250,314.24999999948085,-43165.725646455154,17765.682701119855,305.42031123577806,87.66044309200437,0.7263027430409207
314300,314.29999999947967,-42688.09616093435,17353.786735715246,298.33916518206036,87.66044309200437,0.7263027430409207
314350,314.3499999994785,-42899.984330942614,17509.78710548051,301.0210593872067,87.49241877889669,0.7276975669720782
314400,314.3999999994773,-42846.55258398708,17514.319558470186,301.09897945512967,87.23633188666984,0.7298337618850992
314450,314.4499999994761,-42667.89445810287,17327.83547537455,297.8930217861909,88.11804004726596,0.7225310531164126
314500,314.49999999947494,-42901.13173496272,17422.351259767544,299.51789828385466,88.18267248344439,0.7220014826139282
314550,314.54999999947375,-42918.55830832496,17403.803470894673,299.19903232493886,88.18267248344439,0.7220014826139282
314600,314.5999999994726,-42811.30247342985,17308.113869994697,297.55397605659425,88.12304733612118,0.7224899977761903
314650,314.6499999994714,-42777.75150276147,17212.13503242789,295.903947350416,88.12304733612118,0.7224899977761903
314700,314.6999999994702,-42692.31845224656,17263.727389123364,296.79090193045727,87.84413646375552,0.7247839507213405
314750,314.749999999469,-42795.096606950196,17530.263935017745,301.3730886199471,87.84413646375552,0.7247839507213405
314800,314.79999999946784,-42581.03758935805,17279.69170891184,297.06535395127133,88.38176874951338,0.7203750408565548
314850,314.84999999946666,-42630.6998307857,17188.745196966946,295.50183891774736,87.65742568699307,0.7263277443402333
314900,314.8999999994655,-42634.867878649304,17293.15913534409,297.29688040829984,87.65742568699307,0.7263277443402333
314950,314.9499999994643,-42800.19289474327,17472.40519442491,300.37840494486045,87.65742568699307,0.7263277443402333
315000,314.9999999994631,-42944.978187196335,17593.823042712007,302.4657706620859,87.65742568699307,0.7263277443402333
315050,315.04999999946193,-42551.078488512016,17193.60239366317,295.58534184592924,87.59328108916127,0.7268596344632594
315100,315.09999999946075,-42973.383989821195,17494.06717159701,300.75080874837244,87.59328108916127,0.7268596344632594
315150,315.14999999945957,-42666.99098481442,16980.46539471485,291.92117820810006,86.73089342307871,0.734086987474333
315200,315.1999999994584,-42677.207435788885,16919.417523120752,290.8716683043024,86.63311226134519,0.7349155376276757
315250,315.2499999994572,-43151.83826142754,17414.127394453702,299.37651697327004,86.63311226134519,0.7349155376276757
315300,315.299999999456,-43057.77760558212,17091.646507516907,293.832558178508,86.86673026318073,0.7329390674773859
315350,315.34999999945484,-43332.71785107131,17343.524938852286,298.16274859033956,86.66465456467888,0.7346480591622169
315400,315.39999999945366,-43150.108162052726,17201.45758765555,295.7203851107636,86.21866141833472,0.738448257332444
315450,315.4499999994525,-42990.36088035881,17005.56122277196,292.35261536392846,86.69936490679511,0.7343539406816955
315500,315.4999999994513,-43263.318681112854,17153.403331784524,294.89425610512694,86.69936490679511,0.7343539406816955
315550,315.5499999994501,-43014.992277888625,17090.089518784494,293.80579106849916,86.93843468794132,0.7323345595355685
315600,315.5999999994489,-43094.002268284086,17228.644697649088,296.1877747256476,87.24082994742844,0.729796132295759
315650,315.64999999944774,-43018.35309636965,17343.153045544736,298.15635515352943,87.22896884281319,0.7298953675428083
315700,315.69999999944656,-42787.337620048624,17208.945221637994,295.84910943505844,87.43529707514953,0.7281729736582633
315750,315.7499999994454,-42930.33891382989,17344.775942196316,298.18425532538146,87.43529707514953,0.7281729736582633
315800,315.7999999994442,-42892.628163469126,17258.510721611794,296.70121912784276,87.70218746476594,0.7259570384089189
315850,315.849999999443,-43147.98789428926,17504.195395948274,300.924929016401,86.62941096548928,0.7349469373544377
315900,315.89999999944183,-43200.9443300711,17549.712071054233,301.7074329770511,86.62941096548928,0.7349469373544377
315950,315.94999999944065,-42845.01516924108,17311.7811195011,297.6170219020294,86.8881671074261,0.732758238474382
316000,315.99999999943947,-42831.02358656451,17244.681080873223,296.463465631413,87.06968901803648,0.7312305923214732
316050,316.0499999994383,-42852.0283000884,17397.22984781006,299.08602130013185,87.10332643940527,0.7309482068770004
316100,316.0999999994371,-43079.653957043,17710.257838242687,304.46746978549834,87.10332643940527,0.7309482068770004
316150,316.1499999994359,-42871.515710634725,17567.813473576254,302.01862484539015,87.10332643940527,0.7309482068770004
316200,316.19999999943474,-42748.809180342534,17528.72256880578,301.34659008588534,87.1525417842533,0.7305354378707152
316250,316.24999999943356,-42931.20488248725,17498.881032101628,300.83356665856934,87.31361093754724,0.7291878046304269
316300,316.2999999994324,-42568.55881188827,17237.663425976894,296.34282099429765,88.18472165002686,0.7219847053164214
316350,316.3499999994312,-42720.57483393894,17410.973885254833,299.32230313993716,88.12857299651053,0.7224446976626553
316400,316.39999999943,-42856.67272924783,17451.162655213124,300.0132119462771,87.74875770451116,0.725571756677213
316450,316.4499999994288,-42646.08746037444,17187.027868380042,295.4723153108965,87.74875770451116,0.725571756677213
316500,316.49999999942764,-42714.96328479778,17176.538193100525,295.29198112714846,87.89237702354097,0.7243861462166683
316550,316.54999999942646,-42510.11400241154,17167.941978896048,295.14419854755664,87.89237702354097,0.7243861462166683
316600,316.5999999994253,-42596.44211649934,17342.33643424756,298.1423163079226,87.6056187348812,0.7267572696059862
316650,316.6499999994241,-42365.28191768988,17094.47277642376,293.8811462313112,88.17172397312301,0.7220911353997449
316700,316.6999999994229,-42259.20374234195,17077.27872231922,293.58555312383766,88.36854282004364,0.7204828578373275
316750,316.74999999942173,-42457.51692967876,17097.793668790193,293.9382376472281,88.36854282004364,0.7204828578373275
316800,316.79999999942055,-42470.38910123902,17159.02979447202,294.99098393788637,88.29615787423917,0.7210735076897468
316850,316.84999999941937,-42694.77963933489,17499.593166519036,300.8458093806232,88.29615787423917,0.7210735076897468
316900,316.8999999994182,-42457.469290615074,17305.37414191058,297.50687577802745,87.6342642631343,0.7265197101756117
316950,316.949999999417,-42488.093318457555,17351.724335663857,298.3037092484953,87.17042499268497,0.7303855668851916
317000,316.9999999994158,-42609.08409888072,17389.655677011815,298.9558092704862,87.48699964340418,0.7277426421458649
317050,317.04999999941464,-42495.329773100224,17422.8106304525,299.5257955957639,87.76385753526058,0.725446921568205
317100,317.09999999941346,-42584.65102478472,17433.583890677804,299.7110050552816,87.93024364617791,0.7240741937449728
317150,317.1499999994123,-42797.24830417708,17730.4667202792,304.8148925749941,87.76760349449128,0.7254159591802163
317200,317.1999999994111,-42550.79564562064,17326.634053687612,297.87236743860836,87.70570519658416,0.7259279214641666
317250,317.2499999994099,-42736.813893694816,17400.112818852605,299.13558415273434,87.89532913228102,0.7243618165202609
317300,317.2999999994087,-42698.7837523561,17410.537766633723,299.31480556794764,87.89532913228102,0.7243618165202609
317350,317.34999999940754,-42550.379026095674,17195.189374764934,295.6126245724183,88.0697136405305,0.722927526865543
317400,317.39999999940636,-42793.62705872101,17382.17734982826,298.8272449448507,88.0697136405305,0.722927526865543
317450,317.4499999994052,-42659.15029531275,17436.751923558757,299.76546857378435,87.80704436143192,0.7250901193284058
317500,317.499999999404,-42681.767720295604,17584.754922948323,302.3098752761814,87.76091031678607,0.725471283787806
317550,317.5499999994028,-42567.345805485995,17518.830365352915,301.17652739208347,87.5838499637632,0.7269379035090053
317600,317.59999999940163,-42532.06149109611,17432.911958109547,299.6994534668862,87.32741443456679,0.7290725448147884
317650,317.64999999940045,-42928.58151463489,17752.473410891314,305.1932225502107,87.21734645644257,0.7299926317490283
317700,317.69999999939927,-42519.15719276835,17353.29638701184,298.3307353087969,87.33384898344549,0.7290188284953963
317750,317.7499999993981,-42469.15137522051,17202.40109055648,295.73660542464074,87.24851348125826,0.7297318628538209
317800,317.7999999993969,-42659.21022178988,17340.393561548786,298.1089152394506,87.4723131463441,0.7278648292675943
317850,317.8499999993957,-42942.43567517797,17754.52749185087,305.22853546536993,87.4723131463441,0.7278648292675943
317900,317.89999999939454,-42660.99803985694,17548.955578490568,301.6944276679882,87.4723131463441,0.7278648292675943
317950,317.94999999939336,-42495.001765230605,17348.04912901128,298.24052660707537,87.21744069485688,0.7299918429922437
318000,317.9999999993922,-42719.770467468974,17439.981767735353,299.8209947266631,87.01686172172687,0.7316745170322351
318050,318.049999999391,-42554.726875189874,17215.506490785046,295.96190807605115,87.17946805339369,0.730309804539199
318100,318.0999999993898,-42569.76208236534,17313.759872832798,297.6510398155874,87.19107347400394,0.7302125978858138
318150,318.1499999993886,-42614.89334495766,17357.447334701676,298.402096694491,87.61692214123144,0.7266635110883896
318200,318.19999999938744,-42553.67312885249,17298.041809156774,297.380821328591,86.90681446096926,0.7326010125765139
318250,318.24999999938626,-42725.69876764272,17462.449643798067,300.2072532124937,87.2216681132392,0.7299564620943229
318300,318.2999999993851,-42628.87982659326,17316.722455537652,297.7019713191497,87.37393559220342,0.7286843592700263
318350,318.3499999993839,-42579.025901497116,17449.387132758027,299.9826878943752,87.37393559220342,0.7286843592700263
318400,318.3999999993827,-42621.57024831641,17598.552663106224,302.54708035094677,87.44248691703064,0.728113100606532
318450,318.44999999938153,-42615.64762242815,17765.451314639282,305.41633333455684,86.84293962101617,0.7331398562940573
318500,318.49999999938035,-42537.874016157424,17694.677964985895,304.19962701136143,86.92723211506869,0.7324289376846332
318550,318.54999999937917,-42429.5504726252,17695.581081295233,304.21515301556406,87.38422549382022,0.7285985532755894
318600,318.599999999378,-42662.4036866043,17862.726552209333,307.08864921647375,86.53156473874533,0.7357779842087766
318650,318.6499999993768,-42641.191621637234,17808.33922128283,306.15364458882675,87.10691909372669,0.7309180595102757
318700,318.6999999993756,-42393.809888069845,17442.65810469646,299.8670052111114,87.80018719464223,0.7251467486368919
318750,318.74999999937444,-42552.60384791751,17714.718617998853,304.5441576766649,87.42860684827237,0.7282286950356844
318800,318.79999999937326,-42487.03859900613,17702.291460684028,304.3305150985144,87.17355440978196,0.7303593469943557
318850,318.8499999993721,-42284.12497180805,17314.49118193336,297.66361218090884,87.4679953068529,0.7279007601642961
318900,318.8999999993709,-42866.21142591724,17973.63626439916,308.99536337916413,87.25385873679824,0.7296871587760978
318950,318.9499999993697,-42750.30629060524,17923.91786996238,308.14062518764683,87.78830847440877,0.7252448689390707
319000,318.9999999993685,-42487.82404547956,17601.384046829084,302.5957563355634,87.8913164636099,0.7243948871816717
319050,319.04999999936734,-42511.60400412892,17521.289655611436,301.21880649887675,87.8638003791052,0.7246217440993609
319100,319.09999999936616,-42719.85545595559,17687.931302191373,304.08364115902066,87.8638003791052,0.7246217440993609
319150,319.149999999365,-42748.948715788014,17779.734649721668,305.6618865575733,87.78049707698936,0.7253094069183066
319200,319.1999999993638,-42453.59721863424,17479.67469739983,300.5033792505757,87.80876764020307,0.7250758891729966
319250,319.2499999993626,-42233.54202721339,17468.999339286478,300.3198528839065,88.14087651436333,0.7223438521572908
319300,319.29999999936143,-42481.84636785024,17661.273163255326,303.62534539702887,87.77313773217976,0.7253702205357421
319350,319.34999999936025,-42436.950239878846,17660.679237091736,303.615134862664,87.77313773217976,0.7253702205357421
319400,319.39999999935907,-42638.06059112945,17873.150232038137,307.2678488335723,87.77313773217976,0.7253702205357421
319450,319.4499999993579,-42577.011200155066,17816.498444778717,306.29391460385966,88.32107561187841,0.7208700735676106
319500,319.4999999993567,-42234.891695852595,17461.469384249398,300.19040099344403,88.32107561187841,0.7208700735676106
319550,319.5499999993555,-42297.72780909169,17447.73970516513,299.9543659966679,87.54890028395342,0.727228098438774
319600,319.59999999935434,-42448.545892915354,17728.628255823827,304.7832864501069,87.3874089354753,0.7285720111110764
319650,319.64999999935316,-42555.48292598488,17874.792669715993,307.29608494671226,87.3874089354753,0.7285720111110764
319700,319.699999999352,-42401.00249598355,17669.229170999603,303.76212181042825,87.56981286364291,0.7270544288251972
319750,319.7499999993508,-42417.317329920545,17488.559959960636,300.6561310306444,87.27324448365826,0.729525075532479
319800,319.7999999993496,-42838.033667674,17779.128429676493,305.65146467185184,86.91026363896724,0.7325719380899334
319850,319.8499999993484,-42662.59168240134,17595.39107661142,302.49272765606383,86.9493917188727,0.7322422735257147
319900,319.89999999934724,-42503.944616496665,17543.32699123873,301.5976633105922,87.11432659522617,0.7308559081187258
319950,319.94999999934606,-42560.2421678488,17577.23860590047,302.18065784442143,86.9944992158242,0.7318625987598553
320000,319.9999999993449,-42384.89925826654,17377.855186941873,298.75294009790616,87.0692010925915,0.7312346900507238
320050,320.0499999993437,-42402.71816494112,17427.566677440052,299.60755959975006,87.44851542669706,0.7280629060795715
320100,320.0999999993425,-42370.02461681132,17339.741217448936,298.0977004079487,87.17900888988876,0.7303136510111171
320150,320.14999999934133,-42520.36772808728,17560.048781866513,301.8851374585818,87.64384321601338,0.7264403058750456
320200,320.19999999934015,-42489.3263194052,17558.774226392026,301.8632258249985,87.84587368575278,0.7247696175424486
320250,320.24999999933897,-42662.0438079935,17669.14667002334,303.7607034875711,87.57582844260013,0.7270044874954881
320300,320.2999999993378,-42725.02055784073,17692.372083653645,304.1599852477424,86.89433020977137,0.7327062665677323
320350,320.3499999993366,-42824.00659396891,17857.022699826408,306.9905909318954,87.07430719814975,0.7311918098759008
320400,320.3999999993354,-42741.43305622362,17649.299013223066,303.4194907337906,87.43721634560004,0.7281569900653541
320450,320.44999999933424,-42837.033514778115,17860.351993272256,307.0478267757148,87.38604457839857,0.7285833862955704
320500,320.49999999933306,-42594.39035257547,17586.180383965228,302.3343812157933,87.38604457839857,0.7285833862955704
320550,320.5499999993319,-42793.416237622434,17723.992919546203,304.7035976550062,87.72726450132473,0.7257495219509994
320600,320.5999999993307,-42670.25445604128,17594.641527008404,302.47984170752517,87.72726450132473,0.7257495219509994
320650,320.6499999993295,-42479.3424099095,17460.80312744107,300.17894698037935,88.01629216568577,0.7233663076155695
320700,320.6999999993283,-42568.43632237256,17580.05436253783,302.22906517461047,87.44547501536246,0.7280882202620554
320750,320.74999999932714,-42424.15774391287,17458.950900136082,300.14710425024134,87.10572138936365,0.7309281096394169
320800,320.79999999932596,-42673.31653255163,17645.923322644794,303.3614572495504,87.19465693232851,0.7301825881753033
320850,320.8499999993248,-42582.36561301929,17556.908342936855,301.83114832394233,87.4360032177162,0.7281670928550052
320900,320.8999999993236,-42438.49931099348,17367.134173347706,298.5686288409857,87.4360032177162,0.7281670928550052
320950,320.9499999993224,-42706.56669663237,17399.82417119369,299.1306218408825,86.98639376987933,0.7319307941692318
321000,320.99999999932123,-42615.498568595955,17191.61819786513,295.55123036772795,87.46745411858413,0.727905263912075
321050,321.04999999932005,-42945.45414552907,17650.298395266316,303.43667169890335,87.47598497033431,0.7278342769789561
321100,321.09999999931887,-42804.72211301193,17454.71718115818,300.07431989460076,87.47598497033431,0.7278342769789561
321150,321.1499999993177,-42787.63312114013,17295.70158672967,297.3405891869912,87.47598497033431,0.7278342769789561
321200,321.1999999993165,-42824.13279736776,17379.343270341975,298.77852261577783,87.41736772755324,0.7283223223139634
321250,321.2499999993153,-42812.074414309944,17335.065958922758,298.017325285968,87.36107395786372,0.7287916389926005
321300,321.29999999931414,-42794.19175860486,17375.975869778977,298.72063165007114,87.7127545572697,0.7258695795756245
321350,321.34999999931296,-42683.29641721064,17294.07076215239,297.3125527215009,87.28295127422255,0.7294439446012236
321400,321.3999999993118,-42615.802060574206,17191.587897221267,295.5507094515192,87.3482940393145,0.7288982684109323
321450,321.4499999993106,-42851.146447347666,17497.94083606966,300.8174031950236,87.30688463435538,0.7292439827689355
321500,321.4999999993094,-42875.1667704759,17536.776812926713,301.4850553386746,87.30688463435538,0.7292439827689355
321550,321.5499999993082,-42731.26528237797,17381.35947531964,298.81318438263213,87.30827930875137,0.7292323337258064
321600,321.59999999930704,-42961.16637521153,17539.37701855894,301.5297570046241,86.75167430385284,0.7339111410219509
321650,321.64999999930586,-42829.41152539538,17389.128508536687,298.9467464068487,86.97972804726514,0.7319868859478134
321700,321.6999999993047,-42901.10898992323,17314.29544101127,297.6602470834706,86.93332537589139,0.7323776008637753
321750,321.7499999993035,-42845.34360582023,17339.489718051995,298.0933767337403,87.69754245501682,0.725995489629175
321800,321.7999999993023,-43040.635460931946,17531.350574773587,301.3917696837719,87.82384667136824,0.7249513963120672
321850,321.84999999930113,-42672.93708034409,17184.558599215867,295.42986465086074,87.74614297003755,0.7255933778838102
321900,321.89999999929995,-42645.35526698197,17102.060007450462,294.0115827870337,87.68551478703861,0.7260950731547338
321950,321.94999999929877,-42874.96574500132,17142.219369333674,294.70198602184036,86.573271896533,0.7354235190509764
322000,321.9999999992976,-43082.93861010356,17293.34607172251,297.30009414164397,86.8765056680084,0.7328565966638613
322050,322.0499999992964,-43064.739125833185,17292.891807610176,297.2922846198313,86.61507514845302,0.7350685797452943
322100,322.0999999992952,-42923.09336343658,17182.45176754058,295.3936448670892,86.61507514845302,0.7350685797452943
322150,322.14999999929404,-43045.0350054232,17349.78979637967,298.27045144466,86.56690407766754,0.7354776164431449
322200,322.19999999929286,-42840.4536098661,17292.141567540006,297.2793868010653,86.56690407766754,0.7354776164431449
322250,322.2499999992917,-42924.53338761497,17473.530124338162,300.3977442773254,86.56690407766754,0.7354776164431449
322300,322.2999999992905,-42804.14890655177,17206.38949964697,295.8051725135755,86.56690407766754,0.7354776164431449
322350,322.3499999992893,-42966.37780930832,17373.430181999964,298.6768672326347,86.45762055956759,0.7364072693862687
322400,322.3999999992881,-43096.18832866907,17400.33266775702,299.13936370469077,86.51437669587473,0.7359241631910316
322450,322.44999999928694,-43104.63675529386,17378.88029518727,298.7705633373069,86.51437669587473,0.7359241631910316
322500,322.49999999928576,-42909.60701148922,17210.17018898177,295.87016856989067,86.51437669587473,0.7359241631910316
322550,322.5499999992846,-43037.88729421533,17272.009386557922,296.93328262455566,86.74531138276149,0.7339649746943874
322600,322.5999999992834,-43121.826469499894,17383.439562229883,298.84894438140117,86.74531138276149,0.7339649746943874
322650,322.6499999992822,-42785.07414996665,17038.086783064417,292.91178142102655,86.75006302928355,0.7339247725089649
322700,322.69999999928103,-42898.02350207194,17146.229098978052,294.7709196449698,86.75006302928355,0.7339247725089649
322750,322.74999999927985,-42945.67942922673,17124.233709788652,294.392783959165,86.75006302928355,0.7339247725089649
322800,322.79999999927867,-42700.35220533803,17055.83439692611,293.2168911002053,86.70082072377724,0.7343416099456216
322850,322.8499999992775,-42891.13353746492,17341.71319098445,298.1316017660388,86.70082072377724,0.7343416099456216
322900,322.8999999992763,-42748.00683711986,17233.600625091774,296.27297499222175,86.70082072377724,0.7343416099456216
322950,322.9499999992751,-42847.24481301143,17391.7553401789,298.9919058162126,87.3480758188137,0.7289000894074874
323000,322.99999999927394,-42767.20204530787,17268.851034710297,296.87898553839676,86.8673932744757,0.7329334733544135
323050,323.04999999927276,-42792.573134845225,17154.64641531516,294.9156266859938,86.8673932744757,0.7329334733544135
323100,323.0999999992716,-43102.01422220035,17432.41539261904,299.6909167171755,87.09688086659278,0.7310023004317029
323150,323.1499999992704,-43003.441353805065,17435.89551167736,299.75074549290065,87.61373657543055,0.7266899319958883
323200,323.1999999992692,-42676.11224005528,16986.114498005056,292.0182952687908,87.61638846180678,0.7266679372622061
323250,323.249999999268,-42937.02700843992,17231.15810613243,296.23098421070705,87.11056506718577,0.7308874672641608
323300,323.29999999926684,-42726.39735607246,17031.56920177019,292.7997338436339,87.65637739477344,0.7263364305732937
323350,323.34999999926566,-42654.13729069919,17088.46183158677,293.77780853954783,87.7973696477964,0.7251700196636047
323400,323.3999999992645,-42759.555645078945,17163.973706069744,295.07597763299526,87.7973696477964,0.7251700196636047
323450,323.4499999992633,-42563.42499950327,17111.909020257015,294.18090296500543,87.7973696477964,0.7251700196636047
323500,323.4999999992621,-43002.9028969106,17482.738583399536,300.5560523187242,87.27161064163569,0.7295387332238652
323550,323.54999999926093,-43044.50334583431,17572.185696863955,302.09379031016783,86.84634344711273,0.7331111218594659
323600,323.59999999925975,-42876.1087478735,17255.588037337497,296.65097354169126,86.84634344711273,0.7331111218594659
323650,323.64999999925857,-43154.038405016996,17540.714877264858,301.5527569213302,86.40445575308819,0.7368603820136872
323700,323.6999999992574,-43048.88767742387,17540.998098141186,301.55762593816735,86.40445575308819,0.7368603820136872
323750,323.7499999992562,-42865.67510462284,17281.270489755054,297.0924957022876,86.36939739682984,0.7371594823265747
323800,323.799999999255,-42863.301430008396,17199.460489405734,295.6860518189173,86.36939739682984,0.7371594823265747
323850,323.84999999925384,-43120.53201139357,17368.342608992592,298.5894037696489,86.36939739682984,0.7371594823265747
323900,323.89999999925266,-42982.03523033054,17282.730522845584,297.1175959907722,86.01437989656064,0.7402020493604827
323950,323.9499999992515,-43390.830701894694,17773.379182147557,305.55262597259104,86.01437989656064,0.7402020493604827
324000,323.9999999992503,-43059.78261147712,17384.36905233837,298.8649237931131,86.1511460189036,0.7390269684855385
324050,324.0499999992491,-42902.55797137141,17266.62978321109,296.8407986960652,86.40323946188651,0.73687075473588
324100,324.0999999992479,-42984.440272446474,17156.531465047003,294.94803368579676,85.83425886309222,0.7417553447447759
324150,324.14999999924675,-43382.8566341371,17507.601520772878,300.98348571368865,85.6090845543276,0.7437063555270412
324200,324.19999999924556,-43386.114346977796,17342.613970452116,298.1470875962204,85.39102516268828,0.7456055264895113
324250,324.2499999992444,-43142.105976689316,17210.30992336402,295.8725708259275,86.09081797379834,0.7395448408131352
324300,324.2999999992432,-42999.44156502121,16958.878080330385,291.5500579765295,86.5414614094712,0.735693842430738
324350,324.349999999242,-43035.37512175901,17130.422196305197,294.49917387447306,86.2013913390621,0.7385962022756142
324400,324.39999999924083,-43025.93181248459,17095.54864810648,293.89964217485107,86.54118180386052,0.7356962193814773
324450,324.44999999923965,-43204.978939202934,17303.80819881898,297.4799547283577,85.99930276766617,0.7403318192696215
324500,324.49999999923847,-43206.95988871122,17391.755921976295,298.99191581823413,85.94267013740865,0.7408196670188424
324550,324.5499999992373,-43254.46540698304,17432.145884166002,299.68628343868056,85.98770911169997,0.7404316376332238
324600,324.5999999992361,-43244.75876106811,17426.001842811438,299.58065760632013,85.694373255479,0.7429661698334971
324650,324.6499999992349,-42953.18910559241,17134.798835210797,294.5744152507378,85.81845212391207,0.741891967265687
324700,324.69999999923374,-42865.31309445708,17080.219872408416,293.6361161666852,85.81845212391207,0.741891967265687
324750,324.74999999923256,-43205.10922779484,17424.975964238973,299.5630211237732,86.33481198962484,0.7374547856959079
324800,324.7999999992314,-43203.92818114043,17519.4537666408,301.1872446506641,85.86225601630815,0.7415134801700596
324850,324.8499999992302,-43346.754197823706,17648.278158444795,303.4019406182475,85.44366523758501,0.7451461743462168
324900,324.899999999229,-42913.77407447518,17357.78282401531,298.40786428880807,85.91037939780593,0.7410981155035071
324950,324.9499999992278,-42777.523498858456,17180.29913526251,295.3566376981893,85.95920338399957,0.7406771790274228
325000,324.99999999922665,-42953.47783370168,17486.80832972192,300.6260177239013,86.167191567181,0.738889351224427
325050,325.04999999922546,-43121.454829530005,17573.21051147354,302.1114085015024,86.167191567181,0.738889351224427
325100,325.0999999992243,-42672.321346547185,17061.08222483707,293.30710959959214,86.167191567181,0.738889351224427
325150,325.1499999992231,-42718.58409600473,17057.053662587776,293.2378522140634,86.167191567181,0.738889351224427
325200,325.1999999992219,-42860.597084099834,17195.626512406296,295.620139662985,86.06448017713213,0.7397711592850855
325250,325.24999999922073,-43177.600517199004,17701.996302697662,304.32544086379033,86.23299413625017,0.7383255204302465
325300,325.29999999921955,-43152.434690618735,17730.373753146356,304.81329432227693,86.44775741340328,0.7364912888305174
325350,325.34999999921837,-42757.89906996703,17231.21883994928,296.2320283215109,87.07146325528232,0.7312156921865303
325400,325.3999999992172,-42764.33792291827,17273.064899077886,296.95142856174164,87.14548349487184,0.7305946070934576
325450,325.449999999216,-42729.681356493085,17297.3532676094,297.3689842054567,86.86604736645708,0.7329448294718933
325500,325.4999999992148,-42726.58821631764,17290.949625483623,297.25889542339297,86.86604736645708,0.7329448294718933
325550,325.54999999921364,-43044.13346156125,17712.876832870137,304.5124944641272,86.56688936745113,0.7354777414220485
325600,325.59999999921246,-42657.328855044674,17342.745906700664,298.14935578994937,86.73417225494703,0.7340592366150573
325650,325.6499999992113,-42663.43454805795,17359.004830036403,298.4288725137985,86.42127934427714,0.7367169377378747
325700,325.6999999992101,-42874.41713844606,17571.28364931617,302.0782826796743,86.4481706975369,0.7364877678749927
325750,325.7499999992089,-42859.25623987154,17343.187794426547,298.1569525420158,86.59100252762624,0.7352729315449659
325800,325.7999999992077,-43090.392040084225,17716.294654204215,304.5712522429958,86.03544870420595,0.7400207848371785
325850,325.84999999920655,-42758.45536895476,17337.685619291504,298.06236140974744,86.03544870420595,0.7400207848371785
325900,325.89999999920536,-42908.25478848987,17478.5724784839,300.4844303562372,85.46918076082781,0.7449237222955293
325950,325.9499999992042,-43012.80402905743,17572.69467762935,302.10254049817894,85.46918076082781,0.7449237222955293
326000,325.999999999203,-43001.12421517318,17549.560160638273,301.7048213956499,86.1848144521249,0.7387382647237986
326050,326.0499999992018,-43079.082565196564,17720.794913943497,304.64861885779675,86.21976985901905,0.7384387638474458
326100,326.09999999920063,-43108.58994066999,17802.779543518092,306.0580648949955,85.96953216108805,0.7405881906464884
326150,326.14999999919945,-42687.76703308538,17371.32878309659,298.64074084684376,86.18463329905654,0.7387398174913655
326200,326.19999999919827,-42866.342603567915,17498.03819533007,300.8190769553916,86.18463329905654,0.7387398174913655
326250,326.2499999991971,-42973.47922725094,17593.369946636532,302.4579812206826,86.18463329905654,0.7387398174913655
326300,326.2999999991959,-42981.50669008749,17443.60565412762,299.8832950912722,86.28227518770717,0.7379038178512963
326350,326.3499999991947,-43050.06168503885,17675.58381729021,303.8713682762423,86.12394688525548,0.7392603634240239
326400,326.39999999919354,-42814.003367294295,17414.347516353304,299.3803012184475,86.36428428474406,0.7372031251250932
326450,326.44999999919236,-42689.211763660314,17224.22466753213,296.1117873855209,86.77988895938452,0.7336725252518329
326500,326.4999999991912,-42890.254848514625,17413.477146268542,299.36533817387163,87.3088617530517,0.7292274689594141
326550,326.54999999919,-42770.47177189264,17368.34433883518,298.5894335083913,87.3088617530517,0.7292274689594141
326600,326.5999999991888,-42456.13127008452,17101.60694093845,294.0037938538733,87.3088617530517,0.7292274689594141
326650,326.6499999991876,-42698.33860070522,17229.467784392415,296.20192489446185,87.29152738251648,0.7293722791091555
326700,326.69999999918645,-42909.84702621715,17287.025288798854,297.191429840909,86.68254167526155,0.7344964631104675
326750,326.74999999918526,-43094.18696329549,17542.76490770976,301.5880002017072,86.61961427978407,0.7350300599152473
326800,326.7999999991841,-42796.78267660222,17312.441885528366,297.628381519844,87.21304979045733,0.7300285957993377
326850,326.8499999991829,-42521.85703300254,16975.03338669447,291.82779336001227,87.21304979045733,0.7300285957993377
326900,326.8999999991817,-42917.33750390973,17424.07027373973,299.54745086515635,87.21304979045733,0.7300285957993377
326950,326.94999999918053,-42628.63121150436,17297.456340654786,297.3707561948664,86.94664822842826,0.7322653784955021
327000,326.99999999917935,-42596.8895761476,17205.624529338715,295.79202145861376,86.60009182773739,0.7351957593827041
327050,327.04999999917817,-42887.46720366932,17440.710799341876,299.83352793824366,86.60009182773739,0.7351957593827041
327100,327.099999999177,-42676.908139196385,17273.596615478975,296.960569611452,86.9316881633172,0.732391393967792
327150,327.1499999991758,-42763.427078373585,17325.199224739987,297.8477004493839,86.73028401474093,0.7340921455195984
327200,327.1999999991746,-42764.63139966899,17427.440960824155,299.6053983313879,86.8521212636532,0.7330623518178796
327250,327.24999999917344,-42759.363873089635,17330.797700729,297.94394714633194,86.8892678883462,0.7327489553223017
327300,327.29999999917226,-42978.04896893113,17510.699000932724,301.03673631882344,86.8892678883462,0.7327489553223017
327350,327.3499999991711,-42845.86825096497,17584.30154924122,302.3020810618493,86.44438706118608,0.7365200036509083
327400,327.3999999991699,-43005.42063240397,17579.81763719227,302.2249954898179,86.44438706118608,0.7365200036509083
327450,327.4499999991687,-42981.790242522824,17582.76348881023,302.2756393594146,86.75928781708308,0.7338467370564208
327500,327.4999999991675,-42793.52359794686,17229.34616482019,296.1998340607896,86.75928781708308,0.7338467370564208
327550,327.54999999916635,-43112.311817247,17437.660820460016,299.7810939555461,86.75971483270409,0.7338431251955385
327600,327.59999999916516,-43295.26384160743,17521.203909944295,301.2173323946284,86.1502246764928,0.7390348720852256
327650,327.649999999164,-43061.66711489692,17545.263132567066,301.6309486561118,86.70594509143277,0.7342982099643384
327700,327.6999999991628,-42845.573893448,17359.42152279415,298.4360361243336,87.24290125160424,0.7297788056164002
327750,327.7499999991616,-42741.323903570345,17325.36333866922,297.85052182856685,87.67084908881202,0.7262165353207488
327800,327.79999999916043,-42778.79744780985,17330.848820528634,297.94482597690535,87.27570148097358,0.7295045378441921
327850,327.84999999915925,-42738.703144114654,17340.875441224704,298.1171995166761,86.7689962238453,0.7337646284354324
327900,327.89999999915807,-42878.28354554058,17475.469699964204,300.4310886638788,86.49186001783478,0.7361157484736348
327950,327.9499999991569,-42786.25162058011,17487.22705758111,300.63321632106357,86.47455714945512,0.7362630393569638
328000,327.9999999991557,-42908.41502612841,17577.313135196877,302.18193912143664,86.47455714945512,0.7362630393569638
328050,328.0499999991545,-42605.917847593984,17323.440227604675,297.8174604939841,86.88957010758722,0.7327464066754059
328100,328.09999999915334,-43002.6047948582,17557.23064249175,301.83668916535123,86.92268665597544,0.7324672386840966
328150,328.14999999915216,-43051.766011068896,17569.623522014175,302.04974245379066,86.92268665597544,0.7324672386840966
328200,328.199999999151,-42993.25729051286,17429.734086602468,299.6448208067691,86.92268665597544,0.7324672386840966
328250,328.2499999991498,-43002.31816937703,17384.95129759293,298.8749335140934,86.96673672402734,0.7320962321024398
328300,328.2999999991486,-42955.401149171004,17478.57829712762,300.4845303879673,86.96673672402734,0.7320962321024398
328350,328.3499999991474,-42789.94183057822,17326.21248119983,297.86511993776116,87.0513768140002,0.7313844146307145
328400,328.39999999914625,-42870.867470899386,17530.31689639161,301.3739991101074,87.00543023291517,0.7317706504463549
328450,328.44999999914506,-42879.55050537022,17617.44258567185,302.8718281316133,87.6131580103803,0.7266947307887474
328500,328.4999999991439,-42708.67156119527,17384.208195919196,298.86215841570345,87.85667274826531,0.7246805311684467
328550,328.5499999991427,-42535.69169230793,17169.17513768708,295.16539850638156,87.77916338374756,0.7253204270763591
328600,328.5999999991415,-42663.906116868304,17241.280683678175,296.4050074011772,87.77916338374756,0.7253204270763591
328650,328.64999999914033,-42912.266128484815,17474.455941604836,300.4136605470513,88.05098916713034,0.7230812609391187
328700,328.69999999913915,-42760.83773945477,17379.77187797939,298.7858910620244,88.57293082241439,0.7188202951255778
328750,328.74999999913797,-42479.0473053764,17268.84675410867,296.8789119480539,88.57293082241439,0.7188202951255778
328800,328.7999999991368,-42475.975939237425,17342.587120325334,298.1466259998823,88.57293082241439,0.7188202951255778
328850,328.8499999991356,-42412.45366412541,17094.167418883688,293.87589665005413,88.35278036130622,0.7206113946108308
328900,328.8999999991344,-42957.234261834805,17446.590327602262,299.93460637026436,88.55228652256156,0.7189878745557158
328950,328.94999999913324,-42722.754048666466,17423.235807884423,299.53310507132835,88.48846335251066,0.7195064515955215
329000,328.99999999913206,-42478.12750504656,17242.065050307672,296.4184919097173,88.3705022882073,0.7204668823343503
329050,329.0499999991309,-42706.91794490828,17347.17357334762,298.22547441415946,88.50660384049708,0.7193589801349192
329100,329.0999999991297,-42503.75235557407,17376.541434946696,298.73035461385786,88.51271052608634,0.7193093499847251
329150,329.1499999991285,-42720.71736710114,17478.10904371088,300.4764631761972,88.10151527323063,0.7226665747626547
329200,329.19999999912733,-42822.171460235215,17790.66907195059,305.8498666479827,88.15836020994372,0.7222005958627612
329250,329.24999999912615,-42511.26024387304,17632.12117357758,303.1241763786292,88.15836020994372,0.7222005958627612
329300,329.29999999912496,-42634.080676556405,17693.156983545487,304.17347892390944,87.81313615134563,0.725039818236006
329350,329.3499999991238,-42327.23351833682,17426.22469898948,299.58448885808815,88.67392948083796,0.7180015664881939
329400,329.3999999991226,-42492.81098804909,17606.07935372024,302.6764761207904,88.30352862215993,0.7210133192562781
329450,329.4499999991214,-42408.08639545172,17458.733800323993,300.1433719595496,88.26899256624205,0.721295422354857
329500,329.49999999912023,-42321.41372491624,17395.138511018085,299.0500678980223,87.65532449648376,0.7263451551817517
329550,329.54999999911905,-42138.69105971654,17336.592293552952,298.04356540325745,88.0822908863648,0.7228243002449105
329600,329.59999999911787,-42056.441126647806,17278.779740857546,297.04967577150956,88.55502536676553,0.7189656375819834
329650,329.6499999991167,-42127.87334672245,17288.868316461536,297.22311441457964,88.55502536676553,0.7189656375819834
329700,329.6999999991155,-42475.98411237849,17650.057429580855,303.432529115931,88.55502536676553,0.7189656375819834
329750,329.7499999991143,-42351.47852004226,17458.60802649166,300.141209707546,88.21641437877167,0.7217253242750968
329800,329.79999999911314,-42157.82790881391,17298.04145190446,297.3808151868562,88.21641437877167,0.7217253242750968
329850,329.84999999911196,-42493.471830865965,17535.705914726957,301.46664489720865,88.21641437877167,0.7217253242750968
329900,329.8999999991108,-42331.7125187061,17368.229379077828,298.58745716751764,88.15714489071333,0.7222105519959078
329950,329.9499999991096,-42253.337598753475,17374.452930121948,298.6944498977643,87.98702248471525,0.7236069419778973
330000,329.9999999991084,-42476.99705553042,17596.813319317633,302.51717826780174,87.91859693912656,0.7241701129283037
330050,330.04999999910723,-42566.61943614461,17604.601274786615,302.65106559559223,87.826274108218,0.7249313593271037
330100,330.09999999910605,-42510.184149199486,17606.97501796601,302.6918740121807,88.56182465677733,0.7189104393529792
330150,330.14999999910486,-42357.88072460408,17318.10671659719,297.72576896603715,88.56182465677733,0.7189104393529792
330200,330.1999999991037,-42270.61207252158,17221.421134608223,296.0635902003868,88.56182465677733,0.7189104393529792
330250,330.2499999991025,-42543.95505003106,17545.628888455336,301.6372365809335,87.57212656446241,0.7270352196716253
330300,330.2999999991013,-42573.96224390121,17468.701505729452,300.31473265187185,87.81102878136679,0.7250572184096247
330350,330.34999999910013,-42676.22124580972,17530.970251691935,301.38523132575193,87.81102878136679,0.7250572184096247
330400,330.39999999909895,-42257.066571466785,17137.769912612242,294.62549279163056,87.6607365041869,0.7263003120087218
330450,330.44999999909777,-42422.73202742935,17294.54312881461,297.3206734549069,88.35002439741825,0.7206338731443043
330500,330.4999999990966,-42778.91217567443,17638.660259895,303.23659366153714,87.96775130807615,0.7237654632199295
330550,330.5499999990954,-42569.64625131131,17422.61450625147,299.52242390915177,88.72762411527283,0.7175670588360319
330600,330.5999999990942,-42484.55307765617,17314.51664376506,297.6640499102488,88.52207086389453,0.7192332901000122
330650,330.64999999909304,-42439.11618079667,17282.750464883477,297.1179388260869,88.52207086389453,0.7192332901000122
330700,330.69999999909186,-42474.87956895896,17049.442705899295,293.1070077765203,88.29644127913464,0.721071193261678
330750,330.7499999990907,-42638.9444342708,17062.03688336518,293.3235216964242,88.42355436967156,0.7200346189175902
330800,330.7999999990895,-42647.81325240672,17134.89140333808,294.5760066439154,88.79163065038689,0.7170497918277376
330850,330.8499999990883,-42791.298547498234,17279.067445477816,297.05462187102876,88.32741835921611,0.7208183082514169
330900,330.89999999908713,-42568.331709328384,17121.98253448896,294.354082679161,88.29791533231011,0.7210591556356688
330950,330.94999999908595,-42617.876800960206,17216.990322469563,295.9874175001769,87.8194021336018,0.7249880860842753
331000,330.99999999908476,-42843.981541532485,17275.971490081087,297.0013974789945,87.8194021336018,0.7249880860842753
331050,331.0499999990836,-43037.05633736167,17574.597038433614,302.1352451028201,87.59542130456029,0.7268418751310998
331100,331.0999999990824,-42688.6464611503,17279.82280565238,297.06760771252397,87.21153170199034,0.7300413033847939
331150,331.1499999990812,-42488.34489537019,17120.979022817628,294.3368307191805,87.98142619816801,0.7236529688720938
331200,331.19999999908003,-42700.88985642478,17338.245939854678,298.07199421044953,88.0322643648592,0.7232350631130687
331250,331.24999999907885,-42568.051975886825,17251.192325500746,296.5754042714375,87.89995858410722,0.7243236663528623
331300,331.29999999907767,-42563.84080298155,17343.101933612317,298.155476458206,87.89995858410722,0.7243236663528623
331350,331.3499999990765,-42478.882214202225,17301.38141903592,297.43823452828923,87.73303160252941,0.7257018150512617
331400,331.3999999990753,-42602.08569734637,17521.037781149054,301.2144763766975,87.54061689068071,0.7272969112544966
331450,331.4499999990741,-42674.36006173159,17645.40522720784,303.35255036585414,87.54061689068071,0.7272969112544966
331500,331.49999999907294,-42335.610161644174,17096.314523508405,293.91280878981087,87.0781957758612,0.7311591576585535
331550,331.54999999907176,-42759.42984872941,17482.187498677573,300.54657829680616,87.83055213931,0.7248960495309198
331600,331.5999999990706,-42506.03581645116,17460.924745165375,300.18103778228283,87.70242741890421,0.7259550521880046
331650,331.6499999990694,-42511.699088536596,17478.741330126028,300.48733318423206,87.70242741890421,0.7259550521880046
331700,331.6999999990682,-42758.88720027619,17695.24948534529,304.20945235435454,87.21967798687146,0.729973117803631
331750,331.74999999906703,-42484.90754824178,17346.828918894185,298.2195492565279,87.78122041807877,0.7253034301718673
331800,331.79999999906585,-42852.27439666868,17779.39136852657,305.6559850084343,87.92675415483609,0.7241029296019278
331850,331.84999999906466,-42342.312137226625,17344.794214158068,298.18456944943387,87.87482708412023,0.7245308171469582
331900,331.8999999990635,-42624.93299230016,17546.639896802702,301.6546174206856,87.48177144413889,0.7277861344469942
331950,331.9499999990623,-42811.27647130887,17726.52662137859,304.74715601497724,87.48177144413889,0.7277861344469942
332000,331.9999999990611,-42548.344596022056,17454.191175064032,300.0652770141391,87.48177144413889,0.7277861344469942
332050,332.04999999905993,-42521.548229221364,17330.173659949403,297.9332188938728,87.25590130568902,0.7296700775670537
332100,332.09999999905875,-42687.02200884211,17389.658960049845,298.9558657111259,87.25590130568902,0.7296700775670537
332150,332.14999999905757,-42557.64677091442,17293.0047027605,297.29422546682986,87.59832065204208,0.7268178179671653
332200,332.1999999990564,-42624.10580815858,17290.223299333393,297.2464087229045,87.277736719722,0.7294875264509275
332250,332.2499999990552,-42714.49995908267,17344.648376712157,298.1820622720364,87.48342431149472,0.7277723840256646
332300,332.299999999054,-42584.62260232858,17254.60215279776,296.6340246201083,87.47684650854308,0.7278271087159893
332350,332.34999999905284,-42553.30268496725,17214.74215553112,295.94876793868235,87.47684650854308,0.7278271087159893
332400,332.39999999905166,-42698.22627087338,17409.182844171573,299.29151229816165,88.03887195916185,0.7231807820463517
332450,332.4499999990505,-42508.6801571973,17413.60501391675,299.3675364218967,88.26291373106444,0.7213450993460361
332500,332.4999999990493,-42727.76345806317,17543.714111339632,301.604318520172,88.17279904241846,0.7220823311197785
332550,332.5499999990481,-42497.11622562349,17356.04908969729,298.37805864137437,88.15717962075941,0.7222102674767584
332600,332.59999999904693,-42513.854350443646,17407.861320253614,299.2687932024129,88.44814135251028,0.7198344623224614
332650,332.64999999904575,-42564.994177051754,17463.57379228856,300.22657911105995,88.44814135251028,0.7198344623224614
332700,332.69999999904456,-42409.19321463511,17359.478878088274,298.437022152964,88.08218633056357,0.7228251582557865
332750,332.7499999990434,-42518.777930377924,17448.068061103717,299.96001095693464,87.71208663731308,0.725875107009718
332800,332.7999999990422,-42662.63613649963,17766.569233509734,305.43555213605714,87.36614475484805,0.7287493393757917
332850,332.849999999041,-42477.415110549526,17632.309954754557,303.12742182699157,87.36614475484805,0.7287493393757917
332900,332.89999999903984,-42453.79726911595,17568.550788341206,302.0313004576241,87.36614475484805,0.7287493393757917
332950,332.94999999903865,-42422.616114751705,17509.51447987001,301.01637251982254,87.67719733385042,0.726163953798331
333000,332.99999999903747,-42482.43291050068,17573.861907908282,302.1226070411355,88.145908782767,0.7223026133954017
333050,333.0499999990363,-42611.65665615773,17690.966323059583,304.1358179896987,88.1858375976779,0.7219755689612204
333100,333.0999999990351,-42609.0405852495,17680.7034239675,303.9593824489081,88.1858375976779,0.7219755689612204
333150,333.1499999990339,-42375.56444310745,17638.306903887595,303.230518910368,88.1858375976779,0.7219755689612204
333200,333.19999999903274,-42556.78904381802,17778.6593830981,305.6434010159616,88.12735796072432,0.7224546582036442
333250,333.24999999903156,-42529.17503622784,17685.107350746744,304.035092947075,88.17932443475726,0.7220288960255353
333300,333.2999999990304,-42635.3470554413,17765.032641873953,305.4091356845457,88.11816947974937,0.7225299918257719
333350,333.3499999990292,-42781.16718760293,17880.47471781318,307.3937683809768,87.43674768838714,0.7281608929555521
333400,333.399999999028,-42618.24064294135,17511.701102221472,301.05396403208664,87.28672566276775,0.7294124025213946
333450,333.44999999902683,-42598.50708053596,17496.752306871425,300.796970489805,86.92259837553074,0.7324679825934454
333500,333.49999999902565,-42751.22335012966,17720.922228563082,304.6508075983812,87.08822382601679,0.7310749660149238
333550,333.54999999902446,-42523.8087407695,17518.495550012794,301.1707713844418,87.08822382601679,0.7310749660149238
333600,333.5999999990233,-42627.208787223506,17414.97145107216,299.39102764755415,86.96521968862298,0.732109002907912
333650,333.6499999990221,-42592.69623888374,17614.52213824184,302.82162100036885,87.58204089660782,0.7269529189102426
333700,333.6999999990209,-42434.68890607675,17580.006220340296,302.2282375337479,86.98345271698348,0.7319555419472805
333750,333.74999999901974,-42786.706363019155,17644.750899955267,303.34130144080615,86.76425310356436,0.733804740967565
333800,333.79999999901855,-42597.95419362705,17270.467324595626,296.9067721294403,86.6543231569978,0.7347356479670774
333850,333.84999999901737,-42801.05352552947,17361.93969223958,298.4793274578954,87.01160411028825,0.7317187279205348
333900,333.8999999990162,-42666.60487798964,17289.8987600952,297.2408293777814,87.50346863664988,0.7276056739908322
333950,333.949999999015,-42628.40163071316,17304.533210370875,297.49241882881216,87.50683686659845,0.7275776676851579
334000,333.9999999990138,-42740.16245298869,17552.722326463332,301.7591840501404,87.58502144667618,0.7269281804385683
334050,334.04999999901264,-42321.91158167163,17299.08086098897,297.39868428040194,88.02471315952938,0.723297105876598
334100,334.09999999901146,-42412.88241559143,17470.186903720994,300.3402690033039,88.02471315952938,0.723297105876598
334150,334.1499999990103,-42543.04187372813,17633.677756094028,303.1509365051403,88.02471315952938,0.723297105876598
334200,334.1999999990091,-42359.14163950775,17397.20565422605,299.08560537398466,87.53272897145408,0.7273624508458834
334250,334.2499999990079,-42608.00436167877,17545.84865532167,301.6410147225251,87.53272897145408,0.7273624508458834
334300,334.29999999900673,-42392.82676243264,17519.517400029174,301.18833860970915,87.32999705081441,0.7290509839002857
334350,334.34999999900555,-42550.517488466416,17710.975551370353,304.4798084144448,87.35182663414602,0.7288687910393087
334400,334.39999999900436,-42406.682632842276,17687.462129855794,304.0755753411646,87.46170815897389,0.7279530850024076
334450,334.4499999990032,-42434.90091608755,17872.85949224335,307.262850554581,87.42482965831681,0.7282601581580376
334500,334.499999999002,-42193.722895674364,17818.53915579179,306.3289976683971,87.22389800115263,0.7299378006823766
334550,334.5499999990008,-42318.30256044418,17891.031597875073,307.5752579217068,87.93884915125221,0.7240033374145958
334600,334.59999999899964,-42342.824735189235,17966.504853150658,308.87276308962214,87.93884915125221,0.7240033374145958
334650,334.64999999899845,-42148.238866138716,17637.988234788394,303.2250404822605,88.07437408431156,0.7228892732516881
334700,334.69999999899727,-42431.787599029114,17758.441667952906,305.29582637129386,87.6200832973757,0.7266372945323621
334750,334.7499999989961,-42371.49328431138,17746.021666069046,305.08230680637007,88.21539533466492,0.7217336614812682
334800,334.7999999989949,-42568.957754916315,17959.487946067362,308.75213130860095,88.21472725402721,0.7217391274198912
334850,334.8499999989937,-42400.68820378927,17707.006694662592,304.41157746203345,88.19973519720841,0.7218618075388556
334900,334.89999999899254,-42176.76604126609,17369.675108887866,298.61231155988605,88.13547226516015,0.7223881444959726
334950,334.94999999899136,-42491.58922353317,17825.26532463726,306.4446311971936,88.10416976617122,0.7226448015216583
335000,334.9999999989902,-42088.560214255165,17524.00090441558,301.2654171733738,88.10416976617122,0.7226448015216583
335050,335.049999998989,-42032.43106164432,17487.795085289225,300.642981619832,88.10124652636671,0.7226687792079185
335100,335.0999999989878,-42426.8899810078,17702.94656302972,304.34177734864454,87.55848127650745,0.727148522286988
335150,335.14999999898663,-42390.51023416922,17732.932842388967,304.8572891321645,87.54661611844537,0.7272470724370003
335200,335.19999999898545,-42159.30973228889,17446.192785511474,299.9277719901203,87.74980049827826,0.7255631341880319
335250,335.24999999898426,-42205.61052004337,17359.291522000687,298.4338012041525,87.74980049827826,0.7255631341880319
335300,335.2999999989831,-42284.51140137682,17542.718262111386,301.58719828976194,87.45965628708987,0.7279701633506589
335350,335.3499999989819,-42303.7904906612,17641.235589474683,303.28086766862117,87.38184705122917,0.7286183849670604
335400,335.3999999989807,-42433.70873362486,17712.777221827353,304.5107819920426,87.94201825398468,0.7239772470314038
335450,335.44999999897954,-42074.46881331615,17415.018735480364,299.3918405416553,87.87954430994459,0.7244919255538347
335500,335.49999999897835,-42246.17946185198,17671.461585792662,303.80050056751713,87.96245257050215,0.7238090618593791
335550,335.54999999897717,-41997.98973330882,17395.074388734196,299.0489655340866,88.4053891450347,0.7201825690677504
335600,335.599999998976,-42048.02474676863,17485.63942919398,300.6059224667107,88.4313340475646,0.7199712744315284
335650,335.6499999989748,-42483.01608972277,17839.53870339674,306.6900132552009,88.64680051120048,0.7182212996605655
335700,335.6999999989736,-42065.42470568949,17332.211982845718,297.9682609028889,88.11761544111157,0.7225345347259677
335750,335.74999999897244,-42344.81413693009,17701.322021865883,304.31384890501414,88.41517694033739,0.7201028429414162
335800,335.79999999897126,-42280.43034898357,17633.913843268838,303.15499521876376,88.41517694033739,0.7201028429414162
335850,335.8499999989701,-42110.93653683789,17514.106225426494,301.09531192117123,87.79571657733571,0.7251836736000976
335900,335.8999999989689,-42395.454366608385,17745.884428543708,305.0799474752705,87.75886297551143,0.7254882084294034
335950,335.9499999989677,-42547.158198359,17874.621934608447,307.29314973895447,87.75886297551143,0.7254882084294034
336000,335.99999999896653,-42305.4483841593,17711.075560608333,304.4815277321374,88.16849462056014,0.7221175834736148
336050,336.04999999896535,-42254.848917431125,17631.74313819626,303.11767734981265,87.96630726775098,0.7237773444338547
336100,336.09999999896417,-42549.008329902084,17995.484454504647,309.37096847885084,87.96630726775098,0.7237773444338547
336150,336.149999998963,-42347.02214046696,17743.69034013635,305.0422276096437,87.63591059436739,0.7265060617513276
336200,336.1999999989618,-42505.11795454211,17793.49313870112,305.89841684221994,87.7949978595856,0.7251896101840831
336250,336.2499999989606,-42548.97221446635,17955.032559675677,308.67553613793876,87.86006958547871,0.7246525136423085
336300,336.29999999895944,-42180.240578441,17513.915748681968,301.0920373233089,87.91760326050374,0.7241782977779107
336350,336.34999999895825,-42317.18218895475,17731.08474113087,304.82551733532796,87.91760326050374,0.7241782977779107
336400,336.39999999895707,-42440.22864995336,17828.21376612644,306.49531959079115,87.35843139099804,0.728813684725411
336450,336.4499999989559,-42520.83712795112,17816.914717970645,306.30107100139173,87.2755272574702,0.7295059941153864
336500,336.4999999989547,-42521.82594245152,17779.16376515272,305.65207214482814,86.84975116860213,0.7330823567969245
336550,336.5499999989535,-42467.79989843907,17626.768962933853,303.0321633742259,86.84975116860213,0.7330823567969245
336600,336.59999999895234,-42702.32282164606,17720.255023822174,304.6393372888494,87.02193499350186,0.7316318613078363
336650,336.64999999895116,-42363.04235097696,17360.593747977167,298.45618853762716,87.02193499350186,0.7316318613078363
336700,336.69999999895,-42271.009180781955,16992.102312241866,292.12123530878785,86.95425934232671,0.7322012832431042
336750,336.7499999989488,-42750.62655204275,17527.485871222605,301.32532928960114,86.9464365207724,0.732267161503443
336800,336.7999999989476,-42835.8822088056,17578.270322866156,302.1983946982237,86.9464365207724,0.732267161503443
336850,336.84999999894643,-42697.60935902559,17338.071036113888,298.06898733726337,86.82469113797376,0.7332939448379951
336900,336.89999999894525,-42836.246230528115,17514.323032057335,301.0990391716115,87.29410703592218,0.7293507252179741
336950,336.94999999894407,-42739.746485955424,17382.662850418397,298.83559147134446,86.47287739014278,0.7362773414680306
337000,336.9999999989429,-42813.263293330674,17451.731443233737,300.0229903160254,86.68561660077316,0.73447040893907
337050,337.0499999989417,-42714.09198072953,17311.34929715517,297.609598189836,86.6282530158388,0.7349567613035491
337100,337.0999999989405,-42594.92788272434,17326.647373218697,297.8725964225094,86.59233226277804,0.7352616404960047
337150,337.14999999893934,-42746.085918768134,17528.621006383702,301.3448440664904,86.72432185365675,0.7341426132030424
337200,337.19999999893815,-42782.10228774123,17522.628136165964,301.24181710614835,86.72432185365675,0.7341426132030424
337250,337.24999999893697,-42865.223913358466,17529.6557588569,301.3626331054895,86.53994050194896,0.7357067719785575
337300,337.2999999989358,-42842.86092999976,17527.768833239996,301.330193856242,86.91092494959344,0.7325663639045545
337350,337.3499999989346,-42846.096073025794,17706.98981565152,304.4112872850163,86.5130350522902,0.7359355758981646
337400,337.3999999989334,-42668.89061935585,17579.939300283175,302.22708707164537,86.44644698440007,0.7365024531938794
337450,337.44999999893224,-42804.81591030124,17631.45467442098,303.1127181992126,86.9567124536342,0.7321806273190633
337500,337.49999999893106,-42872.392739114766,17726.619797091156,304.7487578535111,86.74523936678554,0.7339655840327712
337550,337.5499999989299,-42771.830960440464,17623.264649986268,302.9719186671057,86.74523936678554,0.7339655840327712
337600,337.5999999989287,-42657.1731487563,17499.786407918655,300.84913150729903,86.55679713941011,0.7355634956242698
337650,337.6499999989275,-42838.89935486078,17641.7293566562,303.2893563109544,86.91051382489549,0.7325698292634832
337700,337.69999999892633,-42920.789232662195,17715.906993363664,304.5645877372424,86.21436303891622,0.7384850740608759
337750,337.74999999892515,-43115.20577090879,17793.09651189328,305.891598197244,86.26649674644295,0.7380387830172381
337800,337.79999999892397,-42982.057166784776,17670.15910665134,303.7781088817365,86.34411995323578,0.7373752874936716
337850,337.8499999989228,-43124.851593585016,17627.521169526102,303.04509500063074,86.34411995323578,0.7373752874936716
337900,337.8999999989216,-43097.712515642226,17312.73669213553,297.63344971380144,86.26985920388084,0.7380100171884968
337950,337.9499999989204,-43049.81406380026,17125.74273823055,294.41872655558205,86.26985920388084,0.7380100171884968
338000,337.99999999891924,-43309.03242628583,17389.472653255558,298.9526628013333,85.96188353525446,0.7406540859216275
338050,338.04999999891805,-43059.94437020719,17114.994714021217,294.2339509432732,86.09355929692248,0.7395212928103576
338100,338.09999999891687,-43065.41913911597,17156.59008195693,294.9490414036072,86.09355929692248,0.7395212928103576
338150,338.1499999989157,-43011.16435872131,17229.669416362303,296.2053912683713,86.36675225981536,0.7371820591606139
338200,338.1999999989145,-42957.24900254001,17151.037896169553,294.8535905087698,86.36675225981536,0.7371820591606139
338250,338.2499999989133,-42808.48750130452,17189.02212914676,295.5065998219002,86.42824126246285,0.7366575941370836
338300,338.29999999891214,-42656.22326514985,17315.919726550266,297.6881711325039,86.416405803773,0.7367584856338182
338350,338.34999999891096,-42627.88131583214,17209.432459164294,295.8574858222444,86.416405803773,0.7367584856338182
338400,338.3999999989098,-42918.36095502812,17589.887826866,302.3981180495358,86.29928832042506,0.7377583467143903
338450,338.4499999989086,-42711.84454734361,17385.77209366569,298.8890443026413,86.66648855469293,0.7346325129317555
338500,338.4999999989074,-42762.44411838891,17355.830152303683,298.37429475973676,86.06505731519722,0.7397661985018268
338550,338.54999999890623,-43119.807287368545,17566.02854577213,301.9879391005955,86.06505731519722,0.7397661985018268
338600,338.59999999890505,-43223.29906084862,17711.716394645486,304.49254468737473,85.99339068356267,0.7403827174135978
338650,338.64999999890387,-43019.73623122245,17420.573514393425,299.48733601644307,86.32644635083889,0.7375262502426244
338700,338.6999999989027,-42824.49752346991,17321.24996475871,297.7798063958356,86.2393676026098,0.7382709549458542
338750,338.7499999989015,-42899.81121838042,17504.006841399732,300.92168746414154,86.33399453400992,0.7374617683052332
338800,338.7999999989003,-42996.524499052284,17549.833068783788,301.7095131202599,86.77124110842306,0.7337456449925656
338850,338.84999999889914,-42908.74053108941,17501.51781837881,300.87889720392394,86.79028324147905,0.7335846582820794
338900,338.89999999889795,-42963.7943485086,17530.226602801173,301.3724468198319,86.828493772252,0.7332618303952642
338950,338.94999999889677,-42879.81416684635,17404.39926811468,299.2092750257362,87.01083444757818,0.7317252004089636
339000,338.9999999988956,-42624.89326622427,17239.13317318201,296.3680882838455,87.24220751565491,0.7297846086996432
339050,339.0499999988944,-42595.75157651128,17301.257017151944,297.43609586225756,87.24220751565491,0.7297846086996432
339100,339.0999999988932,-42889.260903906776,17609.30939665518,302.7320056906409,86.69581254404154,0.7343840308499547
339150,339.14999999889204,-42983.700955058535,17792.057983820945,305.87374424969715,87.16936239533023,0.7303944703089406
339200,339.19999999889086,-42795.209873467975,17508.355084500763,300.9964406714113,86.56818303867739,0.7354667504741247
339250,339.2499999988897,-42897.53665784372,17572.42144877913,302.0978432601455,86.2546443580335,0.7381401981048855
339300,339.2999999988885,-42844.70806904554,17507.593173120556,300.98334220428274,86.2546443580335,0.7381401981048855
339350,339.3499999988873,-42776.550036095694,17445.964865137223,299.9238536767736,86.51089268421296,0.7359538007116625
339400,339.39999999888613,-42707.45026306629,17572.019240248217,302.0909286564818,86.65023623708014,0.7347703022956088
339450,339.44999999888495,-42503.80884743395,17416.65283242513,299.41993326434186,86.98335199951131,0.731956389473965
339500,339.49999999888377,-42575.56773373313,17675.455741910533,303.8691664569832,86.60961725462026,0.7351149016942327
339550,339.5499999988826,-42645.750136263756,17674.244017056375,303.84833498158673,87.08162669476486,0.7311303508037575
339600,339.5999999988814,-42584.426403458274,17593.030820389045,302.45215110169426,87.43344852020638,0.7281883689992079
339650,339.6499999988802,-42482.65188131279,17620.227689450334,302.9197084904579,87.03999356296936,0.7314800664345691
339700,339.69999999887904,-42385.90909997629,17452.913127227108,300.04330534129684,87.03999356296936,0.7314800664345691
339750,339.74999999887785,-42810.028322247395,17634.758660660624,303.16951897195,86.60162140641316,0.7351827741782956
339800,339.7999999988767,-42706.85549674375,17477.128503767377,300.4596061367149,86.48843081423982,0.7361449349295249
339850,339.8499999988755,-42943.287228807014,17621.784553819565,302.9464734624661,86.78403409583734,0.7336374822538836
339900,339.8999999988743,-42888.889373920494,17698.620337157332,304.2674026525155,86.78403409583734,0.7336374822538836
339950,339.9499999988731,-43069.383484747494,17652.811182967,303.4798705117227,86.78403409583734,0.7336374822538836
340000,339.99999999887194,-43081.86962010718,17729.25766079993,304.7941069216266,87.3407073046615,0.7289615831918873
340050,340.04999999887076,-42588.94634879196,17345.922325558276,298.2039634767143,87.77489202280283,0.7253557231077554
340100,340.0999999988696,-42785.843939489656,17431.48395783201,299.67490387334976,87.26418622730995,0.7296008021900277
340150,340.1499999988684,-43021.23650920295,17481.303256321677,300.5313767658496,87.26418622730995,0.7296008021900277
340200,340.1999999988672,-42966.1000274207,17603.626532405247,302.634308225414,87.29083138126221,0.7293780946571695
340250,340.24999999886603,-42785.325119256304,17399.35179605725,299.1225009617911,87.14576132510453,0.7305922778778239
340300,340.29999999886485,-42674.31897002757,17268.491929886863,296.87281195594653,87.88470667720914,0.7244493687365986
340350,340.34999999886367,-42555.76148697571,17156.398977540048,294.9457560150598,87.34868229772155,0.728895028512251
340400,340.3999999988625,-42785.385310265876,17331.186605638253,297.9506330396029,87.8235889244108,0.7249535239183171
340450,340.4499999988613,-42711.59424875785,17361.11643552739,298.4651743670464,87.14319459227103,0.7306137968868103
340500,340.4999999988601,-42833.8329881375,17516.08992764553,301.1294149139652,87.85225494777985,0.7247169729650095
340550,340.54999999885894,-42303.67253886744,17021.063809863146,292.6191294660885,87.85225494777985,0.7247169729650095
340600,340.59999999885775,-42378.42271616138,17171.24285033715,295.2009457719584,87.55335106238273,0.7271911297665937
340650,340.6499999988566,-42662.5656064995,17514.268761448086,301.09810617361495,87.63905395619248,0.7264800040599545
340700,340.6999999988554,-42601.25974971497,17494.274653932327,300.75437569935855,87.63905395619248,0.7264800040599545
340750,340.7499999988542,-42664.79155875089,17594.727338134897,302.48131693712384,87.84542870799709,0.7247732888360213
340800,340.799999998853,-42385.84241120765,17423.596854102783,299.5393120294417,87.84542870799709,0.7247732888360213
340850,340.84999999885184,-42338.92341915102,17412.585267391358,299.35000535898143,87.15689892156679,0.730498917030087
340900,340.89999999885066,-42626.325904508594,17620.449561988844,302.9235228318995,87.29656896968042,0.729330156102908
340950,340.9499999988495,-42693.076442418314,17525.361354254437,301.28880546754715,87.18392967405173,0.7302724310768778
341000,340.9999999988483,-42473.74773436549,17257.17123094146,296.67819115507564,87.27042359929749,0.7295486563264236
341050,341.0499999988471,-42440.7567009708,17265.85638997625,296.82750283761345,86.61185812029079,0.7350958824307872
341100,341.09999999884593,-42635.89173720602,17659.08419587821,303.5877135700481,87.50862628859588,0.7275627897978157
341150,341.14999999884475,-42311.42135410355,17455.534775160424,300.08837563446906,87.50862628859588,0.7275627897978157
341200,341.19999999884357,-42485.38435355399,17634.44159630452,303.164068131926,86.75883422110708,0.7338505737830193
341250,341.2499999988424,-42398.289477735685,17415.686681417134,299.4033235935216,86.73980918483412,0.7340115325621125
341300,341.2999999988412,-42501.69305912264,17427.53414667498,299.60700034421455,87.48894213304249,0.7277264843034307
341350,341.34999999884,-42532.37049139245,17465.433144751074,300.25854433397603,87.48894213304249,0.7277264843034307
341400,341.39999999883884,-42489.47449952501,17499.070917087534,300.8368310831609,87.20262944759322,0.7301158311076883
341450,341.44999999883765,-42595.873457610694,17606.35480132512,302.68121150274146,87.20262944759322,0.7301158311076883
341500,341.4999999988365,-42480.427738897655,17333.991477965523,297.99885325120886,87.05876152879843,0.7313223753228371
341550,341.5499999988353,-42556.64904991804,17425.348082207478,299.5694184228621,86.97791379701356,0.73200215427668
341600,341.5999999988341,-42474.75536023223,17338.398050673815,298.0746092370998,87.34217834281135,0.7289493058441158
341650,341.6499999988329,-42453.55964235209,17468.901123121825,300.3181643919931,87.1243941410523,0.7307714550167005
341700,341.69999999883174,-42651.53260447478,17698.24710627835,304.2609862207274,87.26000815120463,0.7296357360359284
341750,341.74999999883056,-42618.11661683986,17633.500263476704,303.14788512505334,87.29133728611059,0.7293738674803859
341800,341.7999999988294,-42841.00540176425,17762.12395970761,305.359130816876,87.29133728611059,0.7293738674803859
341850,341.8499999988282,-42452.03832883274,17514.027700066334,301.0939619454712,87.86614029461612,0.7246024470908331
341900,341.899999998827,-42615.15832250906,17707.949398757977,304.42778404317414,87.94410319016099,0.723960083329707
341950,341.94999999882583,-42317.85936182348,17258.4747938459,296.700601472466,87.59956435553622,0.726807498899183
342000,341.99999999882465,-42459.938300788424,17491.01020528681,300.6982546406803,87.59956435553622,0.726807498899183
342050,342.04999999882347,-42687.90889047955,17588.304567622876,302.3708993077099,86.86890543012542,0.7329207149400291
342100,342.0999999988223,-42542.9057821924,17352.5430581321,298.31778438848704,87.00002370263934,0.7318161256084094
342150,342.1499999988211,-42641.920957661605,17460.82193387824,300.17927029291343,87.00739231327469,0.7317541484827546
342200,342.1999999988199,-42592.47541122067,17367.7559128587,298.5793175309815,87.19737614151099,0.7301598177745584
342250,342.24999999881874,-42736.473087375176,17379.677946191838,298.7842762253603,87.34799279579832,0.7289007822165766
342300,342.29999999881755,-42764.99625079034,17190.458508999323,295.5312934736446,87.1498369856978,0.7305581109044861
342350,342.3499999988164,-42872.33785626928,17423.830898301767,299.54333562106495,87.1498369856978,0.7305581109044861
342400,342.3999999988152,-42509.509726177144,17279.432196667432,297.0608925234844,87.1498369856978,0.7305581109044861
342450,342.449999998814,-42540.990838255835,17296.45616220959,297.35356153833885,87.1498369856978,0.7305581109044861
342500,342.4999999988128,-42630.354663874474,17597.797230419634,302.5340932628547,87.33375570085857,0.729019607172114
342550,342.54999999881164,-42316.84472097171,17151.751631122977,294.86586074658067,87.36594387590603,0.728751014976029
342600,342.59999999881046,-42478.46707217397,17449.762954867077,299.9891488735251,87.5903211445826,0.7268841972711858
342650,342.6499999988093,-42642.831055474526,17630.936678708676,303.10381302994153,87.54499092392622,0.7272605731289727
342700,342.6999999988081,-42168.83253875171,17186.983734741865,295.4715565835379,87.74300775677754,0.7256193046218817
342750,342.7499999988069,-42590.62533513303,17547.760792139376,301.6738873923692,87.78046983551381,0.7253096320082213
342800,342.79999999880573,-42456.21090070592,17533.5613181638,301.4297758750149,87.29966469177377,0.7293042934207823
342850,342.84999999880455,-42529.32817396255,17714.73451537347,304.5444309777918,87.00386929586996,0.7317837791488613
342900,342.89999999880337,-42755.113035263916,17832.675011998064,306.572015495223,87.00386929586996,0.7317837791488613
342950,342.9499999988022,-42240.19976338396,17430.17913949274,299.65247197304,87.18459324773116,0.7302668728750666
343000,342.999999998801,-42653.39264518622,17916.66224512091,308.0158894690948,87.16287981627951,0.7304487920557892
343050,343.0499999987998,-42518.71666742453,17779.1315907813,305.65151901626575,87.41122490971071,0.7283735051152712
343100,343.09999999879864,-42407.99213710187,17580.23301262152,302.2321364533832,87.41122490971071,0.7283735051152712
343150,343.14999999879745,-42655.51822183272,17662.975110559957,303.65460457520015,87.11473397507486,0.7308524903734642
343200,343.1999999987963,-42470.27135758751,17566.10658185047,301.9892806647636,87.48313757696816,0.7277747693707237
343250,343.2499999987951,-42759.487370193405,17949.839544642666,308.58625995900894,87.47754486445221,0.7278212982835751
343300,343.2999999987939,-42556.01819118978,17715.35816125908,304.555152441396,87.18135723590827,0.7302939790398412
343350,343.3499999987927,-42407.883416400546,17470.963828525753,300.3536255750534,87.24325274929983,0.7297758653825097
343400,343.39999999879154,-42662.785460438114,17597.456398367205,302.5282338183693,87.39139645152679,0.7285387676488259
343450,343.44999999879036,-42479.766983817455,17374.45218695853,298.6944371216044,87.39139645152679,0.7285387676488259
343500,343.4999999987892,-43076.9836750986,17793.74942739219,305.90282285200357,87.47321198211954,0.7278573500527192
343550,343.549999998788,-42868.06072920739,17467.183897912542,300.2886425623678,86.79223647949102,0.7335681491391229
343600,343.5999999987868,-42717.84924245652,17439.3448857616,299.81004571367464,86.79223647949102,0.7335681491391229
343650,343.64999999878563,-42755.927937739005,17487.395513602936,300.6361123477168,86.95022621232792,0.7322352459260003
343700,343.69999999878445,-42862.59821128413,17655.007188585543,303.5176233372557,87.02455831954069,0.7316098065114699
343750,343.74999999878327,-43010.29842128711,17649.599119642382,303.4246500399391,86.5282042627917,0.7358065594490028
343800,343.7999999987821,-42904.53072731604,17386.46949713938,298.90103377636854,86.36095181012254,0.7372315721333057
343850,343.8499999987809,-43104.21445023406,17499.52663478745,300.84466559445355,86.58544104095365,0.7353201590067694
343900,343.8999999987797,-42988.44255156845,17306.532130218973,297.5267834368271,86.07548962693518,0.7396765391617589
343950,343.94999999877854,-42943.03131284468,17342.0477524852,298.1373534097783,86.07548962693518,0.7396765391617589
344000,343.99999999877735,-42822.39621332513,17210.103984930192,295.86903041706097,86.72434008909929,0.7341424588355903
344050,344.0499999987762,-42670.58017389484,17066.178521243164,293.39472303166144,86.72434008909929,0.7341424588355903
344100,344.099999998775,-43041.76005063027,17393.827470781365,299.02752903341025,86.72434008909929,0.7341424588355903
344150,344.1499999987738,-42960.05707686562,17358.431468256556,298.41901551386235,86.69671307372826,0.734376402710458
344200,344.1999999987726,-42899.106694043105,17226.29015309623,296.14729636395157,86.4582885895225,0.7364015794504282
344250,344.24999999877144,-43026.78469596295,17459.265824258047,300.15251829624026,86.4582885895225,0.7364015794504282
344300,344.29999999877026,-43071.50156306059,17337.195329047852,298.05393254150016,85.83235342661885,0.7417718113524332
344350,344.3499999987691,-43295.598199009466,17725.400738086875,304.7278002924218,85.71939741740117,0.742749274868101
344400,344.3999999987679,-43146.8542388136,17569.470284248033,302.04710805313096,85.71939741740117,0.742749274868101
344450,344.4499999987667,-43022.85545224187,17462.831485648792,300.213817680567,85.71939741740117,0.742749274868101
344500,344.49999999876553,-42974.408181761806,17383.124924276784,298.8435352550997,85.88629660262815,0.7413059218105469
344550,344.54999999876435,-42877.460696343354,17260.850143505282,296.7414375069977,85.954525439854,0.7407174892549024
344600,344.59999999876317,-43011.12591375235,17351.066322021485,298.2923969485499,85.954525439854,0.7407174892549024
344650,344.649999998762,-43084.850782518515,17482.828483622456,300.557597846387,85.74539323110255,0.7425240922542169
344700,344.6999999987608,-43064.95756349589,17461.36854496023,300.1886674058527,85.74539323110255,0.7425240922542169
344750,344.7499999987596,-43052.924081667916,17388.743302495404,298.9401241029948,85.79169382259275,0.7421233622635236
344800,344.79999999875844,-42792.50860189784,17259.1215682448,296.71172055195956,86.37461488751616,0.7371149539343106
344850,344.84999999875726,-42939.35877833042,17446.44022067909,299.93202579376947,86.85161494846642,0.7330666253204715
344900,344.8999999987561,-42726.3617930687,17302.290164423484,297.4538573052899,86.68741512078229,0.7344551707441745
344950,344.9499999987549,-43443.2493128717,18262.000517268058,313.95280303077624,86.68741512078229,0.7344551707441745
345000,344.9999999987537,-42788.46888240089,17623.8147279297,302.9813753809012,86.68741512078229,0.7344551707441745
345050,345.0499999987525,-42662.21391767038,17658.04994113148,303.56993308775776,86.68741512078229,0.7344551707441745
345100,345.09999999875134,-42924.499652564235,17811.91178554141,306.21506264441865,87.16115180980087,0.7304632735101846
345150,345.14999999875016,-42755.69195360152,17586.050820020035,302.33215380572796,87.16115180980087,0.7304632735101846
345200,345.199999998749,-42907.07248137305,17885.361905222322,307.47778689716216,87.16115180980087,0.7304632735101846
345250,345.2499999987478,-42671.24307793708,17793.852509721524,305.904595001019,87.07687990059051,0.7311702066793223
345300,345.2999999987466,-42187.79788044719,17440.207445650372,299.82487448857285,87.94347554375304,0.7239652501819719
345350,345.34999999874543,-42590.24783677817,17820.82471566841,306.3682900739077,87.17873449928425,0.7303159496359518
345400,345.39999999874425,-42527.87884252649,17790.64855731469,305.8495139687985,87.29422375356532,0.7293497500320567
345450,345.44999999874307,-42685.54361174246,17794.743490463345,305.9199123755354,87.26166307588078,0.7296218984336915
345500,345.4999999987419,-42488.93219350802,17556.320185085948,301.821036956037,87.26166307588078,0.7296218984336915
345550,345.5499999987407,-42677.55791963785,17544.413031649627,301.6163340707252,87.01882110617039,0.7316580420714373
345600,345.5999999987395,-42772.61616041789,17484.358179330986,300.583895745953,87.01882110617039,0.7316580420714373
345650,345.64999999873834,-42633.39258484507,17521.84945871416,301.2284304036116,87.04623090304568,0.7314276518740985
345700,345.69999999873716,-42542.03404090417,17506.65102013171,300.967145097539,86.72890025390336,0.7341038579702251
345750,345.749999998736,-42671.78250871728,17411.367847488447,299.3290759766488,86.94326661313195,0.7322938595947445
345800,345.7999999987348,-42790.647111194325,17576.667552186307,302.17084052380136,87.28215819147216,0.729450572638635
345850,345.8499999987336,-42741.84342458012,17513.834605105007,301.0906423363023,86.74249760741861,0.7339887832381267
345900,345.8999999987324,-42801.769207629135,17681.597343966358,303.97475035392273,86.66938791944418,0.7346079371540299
345950,345.94999999873124,-42302.532833711004,17193.50987086453,295.58375123202313,86.86747192530835,0.7329328097478104
346000,345.99999999873006,-42565.54774079542,17339.12779811412,298.0871547550003,87.28117214671012,0.7294588134871323
346050,346.0499999987289,-42798.20460026823,17700.60327155149,304.30149244518,86.59452117059647,0.7352430547941414
346100,346.0999999987277,-42450.64264195896,17395.5263400056,299.05673529448916,86.59452117059647,0.7352430547941414
346150,346.1499999987265,-42807.30508676259,17771.04151284688,305.51243772329093,87.13899991794482,0.7306489669821644
346200,346.19999999872533,-42695.364646620525,17723.27200284166,304.6912039514835,86.80110810233884,0.7334931738295374
346250,346.24999999872415,-42661.03649847951,17530.337674884504,301.37435632541246,87.09764642029221,0.7309958752119824
346300,346.29999999872297,-42674.94077528632,17559.09977485707,301.86882252033456,87.09764642029221,0.7309958752119824
346350,346.3499999987218,-42714.97362999604,17601.303997390627,302.5943801585361,86.73148080457169,0.7340820159333575
346400,346.3999999987206,-42650.621212595965,17317.292249049737,297.71176697489386,86.73148080457169,0.7340820159333575
346450,346.4499999987194,-43013.42220187258,17780.689866029374,305.67830824352285,86.27393972132684,0.7379751113668757
346500,346.49999999871824,-42821.637802470636,17591.620524763013,302.4279058792458,86.27393972132684,0.7379751113668757
346550,346.54999999871706,-42944.969320149205,17700.22106378007,304.2949216863486,86.27393972132684,0.7379751113668757
346600,346.5999999987159,-42804.82728173533,17369.235458314095,298.6047532680188,86.27393972132684,0.7379751113668757
346650,346.6499999987147,-42704.732752996155,17228.454499023817,296.1845049090971,86.26017761999641,0.7380928492216098
346700,346.6999999987135,-42889.6156562438,17342.57012179996,298.1463337682243,86.11299683569732,0.7393543670926144
346750,346.7499999987123,-42936.21903685719,17435.594860207355,299.7455768164649,86.2459239369723,0.7382148322793003
346800,346.79999999871114,-42692.6127071206,17249.834611800496,296.5520630158339,86.43205602254233,0.7366250810613605
346850,346.84999999870996,-42712.343754123955,17324.168913320584,297.8299877591553,86.49097539784162,0.736123277382927
346900,346.8999999987088,-42684.20963957886,17197.218328151557,295.6475055046769,86.49097539784162,0.736123277382927
346950,346.9499999987076,-42857.89614573508,17346.54621850766,298.2146891877373,86.98901079443492,0.7319087743664563
347000,346.9999999987064,-43059.16351630885,17715.635369442283,304.5599180904856,87.43732160869799,0.7281561134595848
347050,347.04999999870523,-42771.6425069549,17451.294897317694,300.01548539815707,86.54353098632302,0.7356762492619711
347100,347.09999999870405,-42669.18834358605,17339.74675335771,298.09779557901584,86.79559316929848,0.7335397794876305
347150,347.14999999870287,-42657.87317404718,17597.223729396435,302.524233869104,86.79559316929848,0.7335397794876305
347200,347.1999999987017,-42460.58387468783,17177.898900567583,295.3153738503599,86.7492684305732,0.7339314950518552
347250,347.2499999987005,-42840.53940899712,17602.375261273726,302.6127968866797,87.36484040207313,0.7287602195676247
347300,347.2999999986993,-42452.03873297777,17254.991614781502,296.6407200903747,87.58749532565656,0.7269076485996437
347350,347.34999999869814,-42669.523512971806,17431.68118953807,299.678294599733,87.08111763523327,0.731134624851726
347400,347.39999999869696,-42588.18395142972,17288.142370274614,297.2106342462641,87.04180794386743,0.731464818779549
347450,347.4499999986958,-42906.1785481333,17573.577927612994,302.1177249686798,87.04180794386743,0.731464818779549
347500,347.4999999986946,-42780.45803406393,17256.925230029683,296.673962008563,87.04180794386743,0.731464818779549
347550,347.5499999986934,-42755.29980160609,17215.76986178637,295.9664358420002,87.20610202160397,0.7300867576690049
347600,347.5999999986922,-42766.77722131347,17306.75052844679,297.5305380493481,87.16784037355195,0.7304072235937045
347650,347.64999999869104,-42959.949441706245,17750.947414374186,305.16698824562206,87.24756957589841,0.7297397576045853
347700,347.69999999868986,-42836.33446875184,17830.347554000204,306.5320027944418,87.50339332670913,0.7276063002058637
347750,347.7499999986887,-42435.872934081504,17584.691370337638,302.3087827058332,87.35220784548008,0.7288656102033455
347800,347.7999999986875,-42537.854997843664,17687.971463091428,304.08433158869906,87.35220784548008,0.7288656102033455
347850,347.8499999986863,-42371.08676240096,17332.29067030327,297.96961366530064,88.03704797906136,0.72319576514024
347900,347.89999999868513,-42564.47470955384,17566.02275203296,301.9878394970143,87.20405109278386,0.7301039283847425
347950,347.94999999868395,-42759.96261353391,17732.591680995392,304.85142402578157,87.20405109278386,0.7301039283847425
348000,347.99999999868277,-42456.09053379342,17355.183914873713,298.36318491159227,87.07285349968107,0.731204017267431
348050,348.0499999986816,-42481.38970701689,17326.40690697273,297.86846242569544,87.07285349968107,0.731204017267431
348100,348.0999999986804,-42863.27671874414,17638.379354397548,303.23176444974143,86.96128343025784,0.7321421414504131
348150,348.1499999986792,-42761.314041169455,17675.98701555257,303.878299894962,86.6327694475675,0.7349184457555511
348200,348.19999999867804,-42807.12958201358,17707.667482182762,304.42293744934534,86.59584045320973,0.7352318534087904
348250,348.24999999867686,-42710.772356514935,17440.893600566145,299.8366705817181,86.38785596569653,0.7370019728141767
348300,348.2999999986757,-42766.54643375115,17516.766528220534,301.141046752813,87.3356052367821,0.7290041684750469
348350,348.3499999986745,-42667.05060574054,17521.931748463943,301.2298450951499,87.3356052367821,0.7290041684750469
348400,348.3999999986733,-42563.4827536251,17387.821847145035,298.9242828215403,86.70776339775762,0.7342828113537967
348450,348.4499999986721,-42847.67231439259,17792.747717510516,305.8856018676498,86.91624395102191,0.7325215331415241
348500,348.49999999867094,-42611.17198309701,17608.937311538757,302.7256089563315,86.91624395102191,0.7325215331415241
348550,348.54999999866976,-42470.061212220964,17354.205774528844,298.3463691250228,86.91624395102191,0.7325215331415241
348600,348.5999999986686,-42708.812231370466,17682.89989544913,303.99714328336773,86.91624395102191,0.7325215331415241
348650,348.6499999986674,-42846.838200238075,17750.015770293772,305.15097180371055,86.19656781171632,0.7386375338398471
348700,348.6999999986662,-42834.832969647214,17844.178896382095,306.7697855448237,86.42564603423989,0.7366797148230916
348750,348.74999999866503,-42948.89228109211,17975.75787893074,309.03183730372183,86.42564603423989,0.7366797148230916
348800,348.79999999866385,-42841.07005023914,17658.540633264063,303.5783688651143,86.28679476510816,0.7378651675175072
348850,348.84999999866267,-42724.80318991066,17526.550364537954,301.309246443386,86.41382606927509,0.7367804802771348
348900,348.8999999986615,-42759.14859244664,17562.340631858246,301.92453800116476,86.20936436415157,0.7385278936168606
348950,348.9499999986603,-42878.8763570016,17615.059206859558,302.83085406318656,85.995078065096,0.7403681897434908
349000,348.9999999986591,-42831.99127631317,17523.553550846264,301.2577264547748,86.134905863883,0.7391663070314187
349050,349.04999999865794,-42861.042635059224,17553.438134036147,301.7714899195715,86.48935367298573,0.7361370801154629
349100,349.09999999865676,-42741.21505643666,17283.721344504334,297.134629789275,86.48935367298573,0.7361370801154629
349150,349.1499999986556,-42956.80523750529,17556.90667240148,301.83111960478516,86.18149083899789,0.7387667543701268
349200,349.1999999986544,-42887.41063036499,17380.112194424702,298.7917416424043,86.34954530686642,0.7373289581044555
349250,349.2499999986532,-42765.59332167476,17252.356347044635,296.59541565114074,86.86930592771215,0.7329173359216927
349300,349.299999998652,-42768.8654535525,17298.766698131465,297.39328332174864,86.86930592771215,0.7329173359216927
349350,349.34999999865084,-42743.51761326871,17241.445431474225,296.4078396775379,86.86930592771215,0.7329173359216927
349400,349.39999999864966,-42868.0912223442,17323.85635447321,297.8246143759845,86.16354156129809,0.7389206515914956
349450,349.4499999986485,-42694.11039852959,17197.997465316632,295.6609001104152,86.46341582691458,0.7363579112044116
349500,349.4999999986473,-42927.71203685205,17450.544477087416,300.0025844821526,86.75699143304391,0.7338661613576366
349550,349.5499999986461,-43160.835157914495,17738.2977621689,304.94952062681114,86.57431401528873,0.7354146665564307
349600,349.59999999864493,-42675.828494961446,17369.411241513997,298.60777526050435,87.26078647418191,0.7296292280467003
349650,349.64999999864375,-42725.92078332574,17300.057967119377,297.4154822871817,87.26078647418191,0.7296292280467003
349700,349.69999999864257,-42832.75327258367,17283.28439141132,297.12711787138755,87.09691624199091,0.7310020035268465
349750,349.7499999986414,-42674.76061875618,17129.688861067098,294.4865666766283,86.91104731623275,0.7325653324858017
349800,349.7999999986402,-42693.84305312617,17159.9284341329,295.00643298138965,87.02858548706443,0.7315759519424643
349850,349.849999998639,-43076.96465663105,17462.26197218825,300.2040268393538,86.87746091903801,0.7328485386242833
349900,349.89999999863784,-42932.22519170779,17328.475020055885,297.9040165753531,86.848967827715,0.7330889688891356
349950,349.94999999863666,-42651.669496673305,17117.00700324078,294.26854539202446,86.848967827715,0.7330889688891356
350000,349.9999999986355,-42734.95126704008,17187.61017670958,295.4823261162358,86.94987349375455,0.7322382162922693
350050,350.0499999986343,-42988.8866774172,17420.077462574904,299.47880809756987,87.08574224710085,0.7310957985895199
350100,350.0999999986331,-42851.604382544916,17234.0540118435,296.2807694308117,87.08574224710085,0.7310957985895199
350150,350.1499999986319,-43028.383425565466,17540.265538214317,301.54503206915444,86.54761512923331,0.7356415330316832
350200,350.19999999863074,-43083.07336340661,17687.813065868937,304.08160848878754,86.98568355171483,0.7319367702163692
350250,350.24999999862956,-42480.58242831144,17217.71253423881,295.9998334679195,87.62477477027905,0.7265983900194912
350300,350.2999999986284,-42621.01515652087,17466.344976034034,300.27422016242133,87.06790188424361,0.7312456013761723
350350,350.3499999986272,-42778.25502960347,17781.828980358692,305.6978914286358,87.06790188424361,0.7312456013761723
350400,350.399999998626,-42559.42145722329,17438.20827564533,299.79050557996266,87.06790188424361,0.7312456013761723
350450,350.44999999862483,-42475.451768021194,17433.86488133519,299.71583573111195,87.2455686775064,0.7297564935274489
350500,350.49999999862365,-42604.53155540097,17565.29324952962,301.9752981899693,87.2455686775064,0.7297564935274489
350550,350.54999999862247,-42530.25193826353,17341.130278903216,298.1215805812485,87.14653008529618,0.7305858329825538
350600,350.5999999986213,-42796.64660288459,17648.398181720204,303.40400400904133,87.14653008529618,0.7305858329825538
350650,350.6499999986201,-42735.406879024114,17591.986931364136,302.43420499085533,87.36166820622692,0.728786681632611
350700,350.6999999986189,-42778.39806606572,17709.41228978258,304.45293346408613,87.3845750438187,0.7285956387838378
350750,350.74999999861774,-42483.782292748496,17368.707747522698,298.59568108110295,87.3845750438187,0.7285956387838378
350800,350.79999999861656,-42554.95222246293,17498.90842792789,300.8340376363485,87.83956748062914,0.7248216504247441
350850,350.8499999986154,-42664.98035607131,17609.34328509345,302.7325882867358,88.29553517928993,0.7210785929846074
350900,350.8999999986142,-42289.16370251691,17167.303561549634,295.13322313907275,88.29553517928993,0.7210785929846074
350950,350.949999998613,-42455.565732770134,17244.676136536105,296.46338063040247,88.30712140412467,0.7209839847744315
351000,350.9999999986118,-42564.19467328664,17532.412942154366,301.4100334669061,88.56627718392878,0.7188742972868062
351050,351.04999999861064,-42195.94734575198,17249.97300091541,296.5544421445878,88.53636961687633,0.7191171328733728
351100,351.09999999860946,-42382.80990564749,17303.955170974437,297.4824814132151,89.03230295085189,0.715111461387803
351150,351.1499999986083,-42396.55994143226,17354.774524477998,298.3561468402623,89.1714778777798,0.7139953468212106
351200,351.1999999986071,-42435.67938668504,17413.296099316496,299.3622256891238,88.47464835739675,0.7196187999156083
351250,351.2499999986059,-42544.21433994764,17450.449358872145,300.00094924891107,88.47464835739675,0.7196187999156083
351300,351.29999999860473,-42422.634464441,17335.37130465228,298.02257466418297,88.27727264827908,0.7212277675090415
351350,351.34999999860355,-42476.55431471628,17419.055160421693,299.46123309935206,88.74033804639576,0.7174642521715208
351400,351.39999999860237,-42496.11931912943,17591.17005664938,302.42016161668175,88.19227816008865,0.7219228440650284
351450,351.4499999986012,-42325.33393448678,17547.81791712174,301.6748694615746,88.3979255518957,0.720243375355316
351500,351.4999999986,-42204.2439928144,17315.743904950803,297.6851484798688,87.74509689394168,0.7256020282348246
351550,351.5499999985988,-42385.71490382738,17467.52563325452,300.29451753583555,87.83203518537785,0.7248838096433481
351600,351.59999999859764,-42542.950116120046,17686.37552513575,304.0568948796609,87.54044336246172,0.7272983529485622
351650,351.64999999859646,-42251.866943800116,17411.13851340937,299.32513335947016,87.93784680823254,0.7240115898305671
351700,351.6999999985953,-42193.54998971615,17466.540566748245,300.2775826775475,87.93784680823254,0.7240115898305671
351750,351.7499999985941,-42477.32081361486,17697.867254763583,304.25445596969143,87.93784680823254,0.7240115898305671
351800,351.7999999985929,-42446.303988354324,17630.84844130314,303.10229608875136,88.30223142270293,0.7210239112659155
351850,351.8499999985917,-42413.801302026055,17540.278912019956,301.5452619861213,87.74098740994981,0.7256360129209732
351900,351.89999999859054,-42319.6702447418,17641.70405546744,303.2889213433219,87.74098740994981,0.7256360129209732
351950,351.94999999858936,-42445.21668720315,17817.605621565184,306.31294873186954,87.70174892664795,0.7259606684372509
352000,351.9999999985882,-42329.58289124899,17575.33529522258,302.14793690994344,87.70174892664795,0.7259606684372509
352050,352.049999998587,-42607.690160899845,17958.89982364103,308.7420205497004,87.70174892664795,0.7259606684372509
352100,352.0999999985858,-42370.192316904395,17890.24974777104,307.5618166762376,87.70174892664795,0.7259606684372509
352150,352.14999999858463,-42078.03424695844,17458.143517436485,300.1332240588889,87.70174892664795,0.7259606684372509
352200,352.19999999858345,-42263.575934911016,17694.775962325042,304.2013117413168,88.01331458108625,0.7233907798717005
352250,352.24999999858227,-42078.00022773037,17413.162830790065,299.3599345914212,87.99496427307366,0.7235416344545027
352300,352.2999999985811,-42445.80535876134,17652.3998910746,303.4727997506437,88.25110400427135,0.721441629453426
352350,352.3499999985799,-42251.180008412695,17632.17232272554,303.1250557137469,88.25110400427135,0.721441629453426
352400,352.3999999985787,-42196.68465902447,17374.0848076407,298.6881212874492,88.25110400427135,0.721441629453426
352450,352.44999999857754,-42261.58647649031,17554.604881423762,301.7915481608591,88.25110400427135,0.721441629453426
352500,352.49999999857636,-42342.716761959695,17686.331944806156,304.05614566455597,87.64787668126465,0.7264068758383827
352550,352.5499999985752,-42364.993928176475,17850.973092576824,306.8865885718338,88.21774389167273,0.7217144472895006
352600,352.599999998574,-42108.12498410896,17628.384377511484,303.0599349173394,88.35037001898621,0.7206310540660241
352650,352.6499999985728,-42049.95657253139,17577.102742193256,302.1783221314381,88.56400422743883,0.7188927468816922
352700,352.6999999985716,-42369.52154832284,17670.64428056707,303.78644979217825,88.19437749713228,0.7219056597567743
352750,352.74999999857044,-42523.470422858656,17765.4361549954,305.41607271619336,87.70775892756389,0.7259109234165642
352800,352.79999999856926,-42309.76787447145,17438.435959600414,299.79441982888824,87.70327210660746,0.7259480603701287
352850,352.8499999985681,-42549.91235141444,17686.883628293785,304.06562998020706,87.12609272784894,0.7307572080935805
352900,352.8999999985669,-42389.39208145309,17579.19197180508,302.214239307773,87.1842979351547,0.7302693464511215
352950,352.9499999985657,-42585.90736524906,17870.134150072157,307.2159975927132,87.52427359520556,0.7274327184749457
353000,352.99999999856453,-42479.13482437522,17725.19083595144,304.7241917412272,87.05107203549687,0.731386975314254
353050,353.04999999856335,-42437.82601665562,17741.780323486608,305.00939138885536,87.05107203549687,0.731386975314254
353100,353.09999999856217,-42431.02356620717,17621.130361561747,302.93522685819244,86.9038711071027,0.7326258250963192
353150,353.149999998561,-42539.73972514685,17674.555834143972,303.85369561272853,87.17586124110274,0.7303400203620394
353200,353.1999999985598,-42322.61809804574,17416.822192181444,299.42284482762676,87.17586124110274,0.7303400203620394
353250,353.2499999985586,-42492.317124404995,17525.362338717347,301.28882239202864,86.80651236167775,0.733447509198776
353300,353.29999999855744,-42833.77954182384,17864.9432643157,307.1267580194304,86.55580578465884,0.735571920297342
353350,353.34999999855626,-42506.19772004645,17543.934556118737,301.60810831616106,86.55580578465884,0.735571920297342
353400,353.3999999985551,-42560.52470070501,17592.81002065392,302.4483552034472,87.03180410627053,0.731548896724733
353450,353.4499999985539,-42729.496444249424,17704.704544795968,304.371999848237,87.12736589119531,0.7307465297804818
353500,353.4999999985527,-42651.7548169691,17587.522846516382,302.35746027991337,86.80002485556982,0.7335023276761172
353550,353.5499999985515,-42639.85186394184,17609.419730898742,302.7339025115836,87.47361552626732,0.7278539922107886
353600,353.59999999855035,-42388.21591653857,17372.2697816037,298.65691810621223,87.47361552626732,0.7278539922107886
353650,353.64999999854916,-42452.09697624762,17472.74739481816,300.3842879132985,87.5465549469512,0.7272475805870934
353700,353.699999998548,-42722.21364811651,17682.378534638523,303.98818026271044,86.76353664736453,0.7338108004134618
353750,353.7499999985468,-42560.225304233,17345.32059326341,298.1936187425506,86.76353664736453,0.7338108004134618
353800,353.7999999985456,-42634.33599489695,17344.310448040505,298.17625274127937,86.83314576562744,0.7332225466730474
353850,353.84999999854443,-42734.77901344698,17424.413723355825,299.55335530971985,86.83314576562744,0.7332225466730474
353900,353.89999999854325,-42865.81444571217,17605.76162958609,302.6710139381334,86.40478721330861,0.7368575553195592
353950,353.94999999854207,-42746.03062928155,17583.187909278433,302.28293582156994,86.40478721330861,0.7368575553195592
354000,353.9999999985409,-42766.50397130024,17538.199206755355,301.5095085484472,86.51388636696817,0.7359283341386725
354050,354.0499999985397,-42513.30583778144,17299.772237553552,297.4105701419863,86.71396109800017,0.7342303300151471
354100,354.0999999985385,-42405.8208844996,17075.130034176815,293.54861376089605,86.71396109800017,0.7342303300151471
354150,354.14999999853734,-42795.68325674605,17478.107986472613,300.47644500059175,86.93690266713449,0.7323474648927683
354200,354.19999999853616,-42941.32359033833,17543.215977248576,301.5957548037257,86.93690266713449,0.7323474648927683
354250,354.249999998535,-42471.87318817705,17219.673675630293,296.03354860424383,86.77563525122474,0.7337084895959514
354300,354.2999999985338,-42762.70303125861,17466.690653314774,300.2801629040793,86.48503433855828,0.7361738451148385
354350,354.3499999985326,-42770.12606085851,17458.967313013552,300.1473864136813,86.71423705224255,0.734227993444114
354400,354.3999999985314,-42655.972734855044,17577.60576408517,302.1869698769467,86.71423705224255,0.734227993444114
354450,354.44999999853025,-42543.108980297824,17596.560349873605,302.5128293211484,87.2435168589327,0.7297736561543305
354500,354.49999999852906,-42610.474721688355,17615.538725866194,302.83909775675653,86.71856972734155,0.7341913095901922
354550,354.5499999985279,-42629.63376181677,17528.725771388414,301.34664514336896,86.08291356972805,0.739612748148139
354600,354.5999999985267,-42946.45983641276,17670.525809419345,303.78441308492535,86.08291356972805,0.739612748148139
354650,354.6499999985255,-43224.6033514468,17917.32652022498,308.02730941351484,86.19342487449512,0.7386644673490036
354700,354.69999999852433,-42834.4022259244,17659.193076740743,303.5895854050618,86.41369628614562,0.7367815868340878
354750,354.74999999852315,-42856.44911281469,17552.535572049503,301.75597344505667,86.41369628614562,0.7367815868340878
354800,354.79999999852197,-43101.0126594316,17774.45398239528,305.571103496461,86.52015469562089,0.7358750166119128
354850,354.8499999985208,-42863.776723355026,17640.91872303049,303.27542023101716,86.80117870071501,0.7334925772543782
354900,354.8999999985196,-42892.212986729675,17574.780489043973,302.13839891027317,86.91415251363806,0.7325391599937062
354950,354.9499999985184,-42864.48127573607,17581.69864721202,302.25733304055177,86.67995625497501,0.7345183710824849
355000,354.99999999851724,-42826.63769823911,17489.646930116982,300.6748177745788,86.67995625497501,0.7345183710824849
355050,355.04999999851606,-42854.783807572516,17622.405898196284,302.95715535947585,86.31341645171703,0.7376375874255959
355100,355.0999999985149,-42866.50613607911,17538.61861398745,301.516718825109,86.31341645171703,0.7376375874255959
355150,355.1499999985137,-42714.759991460014,17417.833217457635,299.44022595841227,86.26382678605621,0.7380616261299072
355200,355.1999999985125,-42923.836628677636,17754.564498930362,305.22917167586223,86.26382678605621,0.7380616261299072
355250,355.2499999985113,-42466.331549583694,17458.98854231218,300.14775137905326,86.26382678605621,0.7380616261299072
355300,355.29999999851015,-42736.78805774971,17550.34942754145,301.71839014767994,86.5482040616014,0.7356365272304097
355350,355.34999999850896,-42816.18061349778,17519.30707295013,301.18472275305885,86.5482040616014,0.7356365272304097
355400,355.3999999985078,-42719.801110578686,17522.070165187753,301.2322246985447,86.5482040616014,0.7356365272304097
355450,355.4499999985066,-42871.83798668307,17569.130544429987,302.0412673858899,86.08074455221835,0.7396313845227368
355500,355.4999999985054,-42666.35860495253,17337.31400558043,298.05597277964495,86.01377900770606,0.7402072203826926
355550,355.54999999850423,-42926.19397701367,17540.121521754834,301.5425561974068,85.99656665992251,0.740355374019564
355600,355.59999999850305,-43136.999440392654,17724.418252875643,304.7109098106966,85.86861535886237,0.7414585644338588
355650,355.64999999850187,-42847.28717952234,17361.630591295034,298.47401352156805,85.87356668672545,0.7414158131590364
355700,355.6999999985007,-43099.527075922684,17678.460026018714,303.92081487392267,85.62526789013636,0.7435657936346096
355750,355.7499999984995,-42893.37514043548,17466.291678366564,300.2733038908397,85.62526789013636,0.7435657936346096
355800,355.7999999984983,-43302.13456179312,17712.375396619023,304.50387397830315,85.62526789013636,0.7435657936346096
355850,355.84999999849714,-42842.673365724826,17327.273458486496,297.88335982296906,85.6136921185916,0.7436663306812269
355900,355.89999999849596,-43208.28718678565,17715.86926982634,304.56393920970174,85.30877388112101,0.7463244092879308
355950,355.9499999984948,-43072.466552275306,17572.101045082825,302.09233501155785,85.05958229532571,0.7485108503454766
356000,355.9999999984936,-42827.215096168045,17287.538360550323,297.2002503594703,85.29860382855423,0.7464133926725777
356050,356.0499999984924,-42827.24452992813,17213.485778092174,295.9271688144107,86.0580936749433,0.7398260588294079
356100,356.0999999984912,-42894.388253838864,17458.0247792016,300.1311827599834,86.12020201400097,0.739292509596697
356150,356.14999999849005,-42949.3222221727,17533.07850372781,301.42147552777857,86.12020201400097,0.739292509596697
356200,356.19999999848886,-42837.20734602294,17460.90893646665,300.18076600563535,85.77659302550308,0.7422540115923645
356250,356.2499999984877,-43046.79307726606,17705.168577609715,304.37997730954726,86.35346809841701,0.7372954633546724
356300,356.2999999984865,-42956.37134636288,17786.01475100413,305.7698514762624,86.416506369949,0.7367576282399401
356350,356.3499999984853,-42795.21057740446,17656.205113181626,303.5382175642904,85.90051506717982,0.7411832190309072
356400,356.39999999848413,-42707.096597622745,17666.72781132909,303.71911946360416,85.82927663525176,0.7417984022453662
356450,356.44999999848295,-42845.98882156494,17874.284909911683,307.28735574896206,86.43033920818701,0.7366397130589349
356500,356.49999999848177,-42700.98616603853,17784.37086599744,305.74159048124034,86.43033920818701,0.7366397130589349
356550,356.5499999984806,-42690.50645613537,17609.724125142777,302.73913553225134,85.90549050661278,0.7411402914811865
356600,356.5999999984794,-43085.938678006845,17829.105712539837,306.51065356673615,85.89290727840603,0.7412488678202165
356650,356.6499999984782,-42957.74180831956,17707.728353586423,304.423983925485,86.33367456549952,0.7374645014744707
356700,356.69999999847704,-42503.924754630025,17262.62507872029,296.77195146330956,86.42254203105645,0.736706173847858
356750,356.74999999847586,-42834.25149089473,17520.185916193204,301.19983146468803,86.28773845910364,0.737857097785463
356800,356.7999999984747,-43138.72375567318,17859.574930134524,307.0344678258017,85.85291055089809,0.7415941971607306
356850,356.8499999984735,-43068.050412742356,17754.07073606666,305.220683107759,85.85291055089809,0.7415941971607306
356900,356.8999999984723,-42978.08388157421,17780.564465130996,305.6761524028464,85.85291055089809,0.7415941971607306
356950,356.9499999984711,-42636.28702232874,17386.607416583163,298.9034048307296,86.61764160497397,0.7350467998686447
357000,356.99999999846995,-42867.79806657584,17671.699400674475,303.80458898316886,86.61764160497397,0.7350467998686447
357050,357.04999999846876,-42765.87677044295,17461.62291947251,300.19304050786167,86.61764160497397,0.7350467998686447
357100,357.0999999984676,-42522.76331958239,17408.956543014472,299.2876218217303,86.66553209592493,0.7346406204883729
357150,357.1499999984664,-42791.26090751577,17675.60103503259,303.87166427658883,86.79184613973554,0.7335714483063225
357200,357.1999999984652,-42765.23599431233,17696.08890789114,304.2238833615679,86.50055022406634,0.7360417952138234
357250,357.24999999846403,-42835.61552626759,17550.83171135125,301.726681372609,86.50055022406634,0.7360417952138234
357300,357.29999999846285,-42740.81226311076,17371.548906810884,298.6445251232187,86.87482266053232,0.7328707941389561
357350,357.34999999846167,-42897.73790328352,17494.765844176465,300.7628200400441,86.86222815310401,0.7329770560534501
357400,357.3999999984605,-42951.5904077663,17560.10302324607,301.88606995407355,86.84127148593932,0.7331539391867833
357450,357.4499999984593,-42573.03278821314,17032.87854171583,292.8222434775409,87.30647747638045,0.7292473836334742
357500,357.4999999984581,-42871.006392057505,17241.004891802437,296.4002661006631,86.76977437112375,0.7337580480685619
357550,357.54999999845694,-43045.0257471628,17363.026534512668,298.4980120033134,86.88432681179444,0.7327906264592527
357600,357.59999999845576,-42902.129311165976,17477.330636089726,300.46308111247805,86.63563724183611,0.7348941186429016
357650,357.6499999984546,-42895.919011600294,17345.57509049626,298.1979939543212,87.08510160766335,0.7311011768780277
357700,357.6999999984534,-43127.529212951165,17399.940504833594,299.13262180098,86.41641346203531,0.7367584203419423
357750,357.7499999984522,-43087.27249178117,17526.39898393068,301.3066439702378,86.41641346203531,0.7367584203419423
357800,357.799999998451,-43131.32445313292,17482.90841564596,300.5589720048648,86.3753704842359,0.7371085057808827
357850,357.84999999844985,-43004.391895917164,17227.436274393425,296.1670000099748,87.13781544275247,0.7306588987846925
357900,357.89999999844866,-43008.11831907365,17346.04561583246,298.20608303240755,86.94648778409086,0.7322667297615099
357950,357.9499999984475,-42811.702612829475,17178.72099009263,295.3295068754075,86.94648778409086,0.7322667297615099
358000,357.9999999984463,-42974.06657722557,17317.622096391686,297.71743757475394,86.94648778409086,0.7322667297615099
358050,358.0499999984451,-42960.54416620017,17391.567533115485,298.98867711441005,87.05649912095578,0.7313413807904834
358100,358.09999999844393,-42860.985320367814,17273.70122524445,296.96236801952153,86.4152753583946,0.7367681235736574
358150,358.14999999844275,-42996.18942353834,17237.37959781887,296.3379415373232,87.01041655136746,0.7317287147604706
358200,358.19999999844157,-43104.51717363139,17376.722309903347,298.7334641417316,86.28406888427514,0.7378884781070921
358250,358.2499999984404,-43146.898946062356,17449.19736029622,299.9794254042517,86.28406888427514,0.7378884781070921
358300,358.2999999984392,-42947.22465791436,17261.836339917703,296.7583917901676,86.28406888427514,0.7378884781070921
358350,358.349999998438,-43048.91963787872,17338.56734566603,298.077519686987,86.74779099971309,0.7339439948864619
358400,358.39999999843684,-43038.142410265704,17352.781334447896,298.3218807369221,86.60750658091499,0.7351328168583404
358450,358.44999999843566,-42776.235662982275,17256.212302619788,296.6617056537084,86.60750658091499,0.7351328168583404
358500,358.4999999984345,-43004.15770323577,17285.051387701373,297.15749534496626,86.44241483538241,0.7365368077135769
358550,358.5499999984333,-43013.53452639488,17400.092811547045,299.1352401953647,86.57620680337057,0.7353985884194061
358600,358.5999999984321,-42910.19222728939,17282.94224323603,297.1212358006592,86.36451522909502,0.7372011537958174
358650,358.6499999984309,-42968.8567224636,17419.54404865226,299.46963786476704,85.9531142539599,0.7407296504206895
358700,358.69999999842975,-42939.581290158916,17341.34036088635,298.1251922243107,86.65015170223505,0.7347710191286722
358750,358.74999999842856,-42839.97960477574,17184.58178686049,295.43026328331166,86.6483981500692,0.7347858891013376
358800,358.7999999984274,-42992.0594961226,17250.468366212215,296.56295826106197,86.10542530494304,0.7394193809324384
358850,358.8499999984262,-42930.571856237075,17374.380811207833,298.6932100590502,86.18535176414592,0.7387336591505554
358900,358.899999998425,-42858.40470599844,17337.51367957004,298.0594054927626,85.99352285701279,0.7403815794332602
358950,358.94999999842383,-43028.71856906532,17553.495655603303,301.7724788066995,86.13787654744814,0.7391408150029614
359000,358.99999999842265,-42738.28718183491,17208.794603632556,295.84652007224736,85.89865113977437,0.741199302074076
359050,359.04999999842147,-42999.72916994529,17401.549944035203,299.1602906178861,86.24202235459286,0.7382482290608601
359100,359.0999999984203,-42998.831398140086,17457.68621108057,300.12536223607566,86.68335168885635,0.7344895995996679
359150,359.1499999984191,-42934.58232850283,17259.8338586587,296.723965955841,85.91837004677308,0.7410291913038513
359200,359.1999999984179,-42937.30476125829,17280.67613904472,297.0822778692898,85.98550185581128,0.7404506445827336
359250,359.24999999841674,-43121.85696489086,17494.27382832375,300.75436150583533,85.98550185581128,0.7404506445827336
359300,359.29999999841556,-42869.404749861416,17318.084271173826,297.7253830935488,86.2022191522325,0.7385891094226708
359350,359.3499999984144,-43025.24433393498,17403.53366882642,299.1943939987318,86.08242379870175,0.7396169562184829
359400,359.3999999984132,-42786.88804422737,17216.25564706968,295.97478726282185,86.08242379870175,0.7396169562184829
359450,359.449999998412,-42793.36461490117,17204.49854854471,295.7726640598391,86.5412900921204,0.7356952988120786
359500,359.49999999841083,-43003.475249307456,17483.294790641416,300.5656144048981,86.5412900921204,0.7356952988120786
359550,359.54999999840965,-42763.55269360805,17168.86110170542,295.1599997289255,86.5412900921204,0.7356952988120786
359600,359.59999999840846,-43011.17580983379,17284.009160710917,297.1395778071402,86.76124326258405,0.7338301974444187
359650,359.6499999984073,-43046.478037418216,17153.00238806502,294.88736324558084,86.75481844993662,0.7338845428008823
359700,359.6999999984061,-43249.76378921965,17307.745449267783,297.54764231896235,86.75481844993662,0.7338845428008823
359750,359.7499999984049,-43070.536410351684,17012.267848372154,292.46791291328884,86.75481844993662,0.7338845428008823
359800,359.79999999840373,-43089.68392211605,16960.028600957838,291.5698372540293,86.2657475075186,0.7380451930629388
359850,359.84999999840255,-43436.75677414579,17285.560085398596,297.16624066658574,86.1493287423637,0.7390425578858482
359900,359.89999999840137,-43478.195789425874,17348.662281823184,298.2510676780714,86.24753554754558,0.7382010380900345
359950,359.9499999984002,-43269.35158167712,17148.229698836425,294.80531313503053,86.24753554754558,0.7382010380900345
360000,359.999999998399,-42982.034131492386,16884.94944390341,290.27910726066756,86.47590784186905,0.7362515394499177
360050,360.0499999983978,-43221.41307173529,17101.583015914955,294.00338254470796,86.47590784186905,0.7362515394499177
360100,360.09999999839664,-43265.45142010627,17355.201580783945,298.36348861665624,86.47590784186905,0.7362515394499177
360150,360.14999999839546,-42895.22430678013,16993.84435923628,292.15118386433574,86.70446504086725,0.7343107444800684
360200,360.1999999983943,-43193.022939950955,17363.12061977396,298.499629478435,86.2646007327228,0.7380550044063912
360250,360.2499999983931,-43099.79988063291,17250.55037255805,296.5643680804362,86.2646007327228,0.7380550044063912
360300,360.2999999983919,-43098.64143227225,17092.736073062384,293.851289541305,86.2646007327228,0.7380550044063912
360350,360.34999999839073,-43012.896692019945,17126.329263626263,294.4288098589889,86.78039274158796,0.7336682660966286
360400,360.39999999838955,-43018.46204587721,17004.127602048193,292.32796914599174,86.34790918790058,0.7373429290031578
360450,360.44999999838836,-42951.95896889437,16927.95056902349,291.0183649204273,86.19644001382595,0.7386386289699773
360500,360.4999999983872,-43251.27610590491,17261.567669676846,296.75377292187176,86.19644001382595,0.7386386289699773
360550,360.549999998386,-43092.508218941264,17139.49659744767,294.6551772472586,85.58356013054497,0.7439281583611294
360600,360.5999999983848,-43330.14493819552,17416.37834703459,299.41521442438403,86.03391596784219,0.7400339686700204
360650,360.64999999838363,-43113.47624442694,17213.40250929976,295.9257372915741,86.42522322523831,0.7366833188035393
360700,360.69999999838245,-43073.009525798036,17215.55457489079,295.96273471822354,86.42522322523831,0.7366833188035393
360750,360.74999999838127,-43203.678017254126,17441.74263144165,299.8512667713838,86.47988526841624,0.7362176773973799
360800,360.7999999983801,-42861.902605424475,17196.463664969975,295.63453164559843,86.48851860062676,0.736144187737815
360850,360.8499999983789,-43025.247590107785,17634.403077519833,303.16340593281967,86.46155036815676,0.7363737985590624
360900,360.8999999983777,-42948.16609695137,17591.171472452468,302.4201859565862,86.49827003504393,0.7360611980807341
360950,360.94999999837654,-42740.57954377154,17414.028022519306,299.3748086118385,86.49827003504393,0.7360611980807341
361000,360.99999999837536,-42767.29807305911,17533.18381904942,301.42328606547903,86.9987701172491,0.7318266705161381
361050,361.0499999983742,-42661.02347578269,17284.530466168195,297.14853987618585,87.1445359970852,0.7306025506410965
361100,361.099999998373,-42747.04417411688,17436.000728336996,299.752554334445,87.51395893366248,0.7275184559090403
361150,361.1499999983718,-42693.14511103211,17403.0993812424,299.18692790517895,87.22480928296581,0.7299301746520307
361200,361.19999999837063,-42828.27682427631,17587.791724454753,302.3620827188595,86.83689241638801,0.7331909111695681
361250,361.24999999836945,-42729.17890100847,17398.621537364008,299.10994665464034,86.83689241638801,0.7331909111695681
361300,361.29999999836826,-42720.286058885096,17328.34743733506,297.90182322568245,86.64870889705334,0.7347832539495629
361350,361.3499999983671,-42961.6444924954,17577.89407084273,302.1919263281626,86.9487256876705,0.732247882534908
361400,361.3999999983659,-43010.1008039697,17630.045533291162,303.08849282438837,86.9487256876705,0.732247882534908
361450,361.4499999983647,-42793.628878809504,17319.048426210993,297.74195845045944,86.9487256876705,0.732247882534908
361500,361.49999999836353,-42860.999983750065,17556.800960444987,301.8293022483009,87.31496355663381,0.7291765085901828
361550,361.54999999836235,-42985.09419512843,17768.494186794076,305.46864514132517,87.31496355663381,0.7291765085901828
361600,361.59999999836117,-42641.29077994827,17505.083721802315,300.9402007491784,87.31496355663381,0.7291765085901828
361650,361.64999999836,-42611.42620735162,17569.73833126856,302.05171620727924,86.78919624835939,0.7335938460786107
361700,361.6999999983588,-42767.70860610815,17671.33247901238,303.7982810168429,87.43291651516988,0.7281927998233789
361750,361.7499999983576,-42762.665705756575,17605.281033668587,302.6627517307546,86.656149863422,0.7347201597838341
361800,361.79999999835644,-42718.45555199481,17409.762196895746,299.30147229194904,87.05913706260404,0.7313192207283397
361850,361.84999999835526,-42937.682612436445,17588.51045674159,302.37443886877134,86.84298010705332,0.7331395145056085
361900,361.8999999983541,-42779.95233527545,17452.822835481653,300.04175308273955,87.21128489562237,0.7300433693885544
361950,361.9499999983529,-42703.15575986307,17351.733518476776,298.30386711563875,87.40172752057491,0.7284526528256258
362000,361.9999999983517,-42900.594961073,17609.195150006297,302.73004160923483,87.25472430142243,0.7296799202982225
362050,362.04999999835053,-42690.13445554534,17335.256625027545,298.02060313923414,87.24818332675855,0.7297346242208651
362100,362.09999999834935,-42733.59233082465,17475.57110770876,300.4328320241214,87.24818332675855,0.7297346242208651
362150,362.14999999834816,-42645.66489409532,17389.530780310684,298.95366209776154,88.21731573589052,0.7217179500736323
362200,362.199999998347,-42491.67816893858,17201.893501332517,295.7278791594377,88.21731573589052,0.7217179500736323
362250,362.2499999983458,-42516.08506191704,17363.58901189509,298.50768188316505,88.21731573589052,0.7217179500736323
362300,362.2999999983446,-42495.47568968156,17296.15415600723,297.3483695719015,88.11177392797886,0.7225824363262339
362350,362.34999999834343,-42679.4692005832,17392.791986651224,299.0097274160658,88.13576613423278,0.7223857358536765
362400,362.39999999834225,-42592.276648130355,17163.415376965582,295.0663790686375,87.65124541015072,0.7263789576061406
362450,362.44999999834107,-42756.9863925862,17376.39146551363,298.7277764010363,87.84027756514186,0.7248157911009495
362500,362.4999999983399,-42791.45845746484,17434.870897105324,299.7331307405293,87.78244800914953,0.725293287187311
362550,362.5499999983387,-42642.63967693624,17227.336915636668,296.16529187508786,87.78244800914953,0.725293287187311
362600,362.5999999983375,-42624.212964561455,17337.10212001154,298.0523301300781,87.78244800914953,0.725293287187311
362650,362.64999999833634,-42801.00414633437,17496.855382185582,300.7987425182185,87.93313158791936,0.7240504133558264
362700,362.69999999833516,-42781.8896493727,17466.631536983212,300.27914660041745,87.9688413841718,0.7237564945962908
362750,362.749999998334,-42789.19882855968,17387.006698566387,298.9102691223889,87.9688413841718,0.7237564945962908
362800,362.7999999983328,-42634.14279638602,17274.1796626674,296.9705931189496,88.00574976065012,0.7234529612788217
362850,362.8499999983316,-42712.77745443765,17318.478950928387,297.7321682655856,88.60390205527482,0.7185690336096769
362900,362.89999999833043,-42785.934762574936,17467.143156748236,300.28794215702493,88.48057770271777,0.7195705761305135
362950,362.94999999832925,-42706.6372691503,17368.24557002093,298.5877355155533,88.12077825625218,0.7225086016462643
363000,362.99999999832806,-42839.94538478902,17370.96909406128,298.6345572208633,88.12077825625218,0.7225086016462643
363050,363.0499999983269,-42566.336759487436,17139.418541019924,294.65383533325183,88.12077825625218,0.7225086016462643
363100,363.0999999983257,-42535.554713405516,17147.446764724667,294.7918532537463,88.23802144375398,0.721548593590004
363150,363.1499999983245,-42795.71807051335,17469.003010230674,300.3199159932695,88.23802144375398,0.721548593590004
363200,363.19999999832334,-42716.50800365063,17441.06687645035,299.8396494694633,88.23802144375398,0.721548593590004
363250,363.24999999832215,-42708.221637677656,17385.294026352713,298.88082556599164,88.02188835687417,0.7233203179619477
363300,363.29999999832097,-42996.09814157003,17584.24302017523,302.3010748542156,87.60036996316184,0.7268008148901574
363350,363.3499999983198,-42647.56045412077,17300.2494569112,297.41877430093655,87.65133004335644,0.7263782562388057
363400,363.3999999983186,-42714.84149794272,17285.673085620594,297.1681833199334,87.25593493686998,0.7296697963292624
363450,363.4499999983174,-42845.34839118885,17417.540508646554,299.4351938289024,87.47023134007179,0.7278821525734064
363500,363.49999999831624,-42772.56350524357,17345.54774704934,298.19752387702613,87.09526598157514,0.7310158543792055
363550,363.54999999831506,-42733.423463768464,17440.015578320217,299.82157598433423,86.81632596959362,0.7333646012180273
363600,363.5999999983139,-42722.20553867234,17411.165810303963,299.32560263645667,86.54365768422237,0.7356751722490752
363650,363.6499999983127,-42755.01466206925,17496.175290094186,300.7870506546567,86.54365768422237,0.7356751722490752
363700,363.6999999983115,-42842.40818785729,17610.643702043897,302.7549445201788,86.74201647788834,0.7339928544332964
363750,363.74999999831033,-42922.604313768024,17504.23880508236,300.92567528838316,87.19235631388813,0.7302018544458599
363800,363.79999999830915,-42917.042862396396,17573.284556533854,302.11268145372986,86.97671004945909,0.7320122851013868
363850,363.84999999830796,-42944.5178881542,17460.91863393754,300.180932720567,86.43529445659672,0.7365974822458208
363900,363.8999999983068,-42751.8533204832,17188.631729011628,295.49988822332085,86.69266705581774,0.7344106766597935
363950,363.9499999983056,-42993.39203188759,17332.949925501285,297.9809473095601,86.99635825821892,0.7318469594431593
364000,363.9999999983044,-42914.61079767868,17238.09743789639,296.35028234873937,87.26648051648515,0.7295816205384613
364050,364.04999999830324,-42854.286440282594,17117.671819747946,294.2799746440239,86.8171401181029,0.7333577239159643
364100,364.09999999830205,-42997.49383217245,17214.406914031613,295.9430046046839,86.85423832969184,0.7330444834738693
364150,364.14999999830087,-42816.59103763987,17242.30377095946,296.42259589699404,86.77556513939697,0.7337090824084922
364200,364.1999999982997,-42873.96521882643,17205.91471862759,295.79701027353394,86.82302870107434,0.7333079855243229
364250,364.2499999982985,-42888.979754264066,17325.646129787357,297.85538345717805,86.09944707949072,0.7394707217471936
364300,364.2999999982973,-43112.47044517647,17531.307655861703,301.3910318394883,86.09944707949072,0.7394707217471936
364350,364.34999999829614,-42998.78879141555,17477.810758261192,300.4713351754098,86.28757925141181,0.737858459192591
364400,364.39999999829496,-42975.23512291825,17467.79978449322,300.2992306311924,86.28757925141181,0.737858459192591
364450,364.4499999982938,-42979.867273134085,17465.10676188733,300.2529332940007,86.1566367911925,0.7389798702125505
364500,364.4999999982926,-42858.01896706948,17293.222928471354,297.29797711351017,86.60045367285312,0.7351926874935469
364550,364.5499999982914,-42813.00336712578,17091.328577844422,293.82709246232054,86.85973501827976,0.7329980946926244
364600,364.59999999829023,-42773.4475518316,16986.85028112069,292.03094454953947,86.85973501827976,0.7329980946926244
364650,364.64999999828905,-42877.5938649405,17152.46307280459,294.8780915594055,86.94571095229523,0.7322732723278118
364700,364.69999999828786,-43111.87039573124,17363.839371338177,298.5119859597556,86.54240952632907,0.7356857825241782
364750,364.7499999982867,-43242.34727818171,17417.576186023452,299.4358071796945,86.71257891394163,0.7342420335242592
364800,364.7999999982855,-42788.997559476025,17014.319657799857,292.5031867772066,86.72958901962097,0.7340980280616984
364850,364.8499999982843,-43319.65618562878,17536.00269222096,301.47174697384213,87.12018625557533,0.7308067511142494
364900,364.89999999828314,-42862.19078335512,17046.899383101212,293.06328401686346,86.8166488588981,0.7333618736814415
364950,364.94999999828195,-43158.58107022261,17297.282996643942,297.367776135916,86.8166488588981,0.7333618736814415
365000,364.99999999828077,-42967.9623908278,17251.363501810312,296.5783470641589,86.8166488588981,0.7333618736814415
365050,365.0499999982796,-42872.35052199078,17212.782860092473,295.91508453722,86.77810204108475,0.7336876328980082
365100,365.0999999982784,-43294.797992607615,17780.2177035387,305.67019102015,86.6521694188457,0.7347539098087293
365150,365.1499999982772,-42932.00017623164,17502.649014960567,300.89834427037687,86.6521694188457,0.7347539098087293
365200,365.19999999827604,-42916.56141329602,17533.176728757237,301.4231641720915,87.01369117398842,0.7317011773078074
365250,365.24999999827486,-42865.01467613013,17387.08370089909,298.9115929148271,86.97813873534098,0.7320002612108747
365300,365.2999999982737,-42700.3975590007,17312.9001531094,297.63625986764436,87.70482209442754,0.7259352308514692
365350,365.3499999982725,-42882.85784141092,17524.98733259587,301.28237544100153,87.13894104516835,0.730649460622927
365400,365.3999999982713,-42734.475033491,17452.633257612364,300.03849393797066,87.00213446832268,0.7317983709593551
365450,365.44999999827013,-42837.269839632325,17431.96309258409,299.6831409609735,86.32396634419638,0.7375474386805182
365500,365.49999999826895,-42880.82680688916,17423.209634407463,299.53265510767574,86.99565775488759,0.7318528523951335
365550,365.54999999826777,-42646.290738559284,17354.75263306204,298.3557704920415,86.91954172600582,0.7324937408736497
365600,365.5999999982666,-42909.762533658024,17578.256360476425,302.1981546625612,87.04908614615805,0.7314036607691063
365650,365.6499999982654,-42467.24872120487,17247.788857850344,296.51689325519595,87.73978097924433,0.7256459904882435
365700,365.6999999982642,-42386.357962973874,17032.697544812076,292.8191318532027,87.96953582704293,0.7237507811690981
365750,365.74999999826304,-42809.40954574905,17350.583022576524,298.28408826323874,87.374805798563,0.7286771019633259
365800,365.79999999826185,-42688.948294594156,17535.494247118084,301.4630059947207,87.374805798563,0.7286771019633259
365850,365.84999999826067,-42328.003727421514,17089.38958277593,293.7937580564738,86.97538134672122,0.7320234678833684
365900,365.8999999982595,-42717.55105220461,17496.03386879318,300.7846193978063,86.97538134672122,0.7320234678833684
365950,365.9499999982583,-42558.53489113296,17528.118199747572,301.3362000215706,86.77817722976339,0.7336869971966671
366000,365.9999999982571,-42499.58465766863,17475.19915993387,300.4264376509311,86.79745070624632,0.7335240811320679
366050,366.04999999825594,-42683.63172645991,17728.99392596908,304.78957290087,87.39814667557286,0.7284824987221388
366100,366.09999999825476,-42440.4232871425,17400.699747305996,299.14567438534306,87.39814667557286,0.7284824987221388
366150,366.1499999982536,-42590.00423038975,17438.36908650614,299.79327017415164,87.36473387755153,0.7287611081508126
366200,366.1999999982524,-42724.1067787107,17781.49083886703,305.6920782391647,87.586753123669,0.726913808347349
366250,366.2499999982512,-42559.28314591005,17670.348616515133,303.7813668573829,87.64819595786922,0.7264042297517369
366300,366.29999999825003,-42538.31938317259,17740.4395259018,304.986340948152,87.64819595786922,0.7264042297517369
366350,366.34999999824885,-42226.710959096396,17370.95670832958,298.63434429045725,87.75262444609334,0.7255397850011508
366400,366.39999999824767,-42219.60554881007,17217.442698476378,295.995194562456,88.16916953840907,0.7221120558039241
366450,366.4499999982465,-42486.49260884206,17430.61006790357,299.6598803170688,88.16916953840907,0.7221120558039241
366500,366.4999999982453,-42355.58605572785,17208.748581409083,295.84572887710715,88.57790619314392,0.7187799193974772
366550,366.5499999982441,-42598.63708011313,17197.43652876724,295.6512567199314,88.83177741173878,0.7167257273126655
366600,366.59999999824294,-42599.24405302963,17133.821337256268,294.5576105078789,87.89046090589515,0.7244019387049868
366650,366.64999999824175,-42575.713053736436,17132.751875301816,294.53922475775164,87.52290996494838,0.7274440520705194
366700,366.69999999824057,-42640.6795632501,17152.41466967071,294.8772594326326,87.75503230686373,0.7255198773247505
366750,366.7499999982394,-42446.36101532308,17137.15898775138,294.61499002265265,87.75503230686373,0.7255198773247505
366800,366.7999999982382,-42849.42792635131,17677.109198710732,303.89759200634296,87.96205814726608,0.7238123074304639
366850,366.849999998237,-42576.51193824815,17189.662233772186,295.517604237391,87.71384371733222,0.7258605663101789
366900,366.89999999823584,-42547.15418126517,17011.420734639865,292.45334968236097,87.76851135094054,0.7254084556513675
366950,366.94999999823466,-42623.88601447111,17106.777557279092,294.0926849636948,88.15480047199684,0.7222297587087162
367000,366.9999999982335,-42543.50397685157,16979.31830343273,291.9014578864948,87.84737771686375,0.7247572087935321
367050,367.0499999982323,-42712.55479888823,17204.767159027462,295.7772819007982,87.8756329639277,0.7245241727025801
367100,367.0999999982311,-42890.86570981944,17206.6562109592,295.8097577047759,87.98175855001925,0.7236502352667668
367150,367.14999999822993,-43123.35040921906,17537.62019808897,301.49955446955977,87.22506462833897,0.729928037831684
367200,367.19999999822875,-42926.599353327234,17490.699879033913,300.6929196393557,86.89586526962889,0.7326933229371733
367250,367.24999999822757,-42953.46386772494,17605.317086667823,302.66337153909143,87.41951492244881,0.7283044332879927
367300,367.2999999982264,-42656.829126643956,17489.82230001846,300.6778326618078,86.89774149027471,0.7326775032585949
367350,367.3499999982252,-42583.97759469337,17490.34818018993,300.68687337745865,87.34257178281295,0.7289460222470083
367400,367.399999998224,-42532.33058259588,17375.519305838647,298.71278259056123,87.34257178281295,0.7289460222470083
367450,367.44999999822284,-42756.912443069414,17491.869996432946,300.7130358164938,86.8496774557129,0.7330829789940374
367500,367.49999999822165,-42857.93271123592,17589.709354712533,302.39504982966633,86.80264279503305,0.7334802054845783
367550,367.54999999822047,-42604.86408815608,17230.03501370467,296.211676467537,86.80264279503305,0.7334802054845783
367600,367.5999999982193,-42564.35228733804,17272.21489163051,296.9368155832539,86.80264279503305,0.7334802054845783
367650,367.6499999982181,-42911.139688267715,17631.478437416747,303.11312672286385,86.0516948029287,0.7398810728796757
367700,367.6999999982169,-43010.136628128275,17669.114534227603,303.760151022186,86.07604579046871,0.7396717598864807
367750,367.74999999821574,-42907.016281521224,17471.415354885885,300.3613880305561,86.27539561489533,0.7379626580687982
367800,367.79999999821456,-42784.984243976825,17335.687946420632,298.0280182392522,86.52797882665205,0.7358084764866193
367850,367.8499999982134,-42972.84526835219,17448.108080813596,299.96069895932965,87.03063228660208,0.7315587466288769
367900,367.8999999982122,-42933.09564912018,17387.063729518966,298.9112495750728,87.16014968415121,0.7304716720269974
367950,367.949999998211,-42665.35237542548,17305.514252879846,297.5092845081934,87.16014968415121,0.7304716720269974
368000,367.99999999820983,-42511.75035960491,17107.88375704877,294.11170229523384,87.06832365707623,0.7312420591059681
368050,368.04999999820865,-42750.34147852508,17203.299187621087,295.752045140052,86.78258744143896,0.7336497118948958
368100,368.09999999820747,-42799.59598088066,17426.16302646428,299.58342860939644,86.90186196403651,0.7326427631694897
368150,368.1499999982063,-43012.64149224148,17624.554389365505,302.99409133613545,86.67066424498188,0.7345971192045132
368200,368.1999999982051,-42846.275946149086,17541.631829334034,301.5685207842262,86.75068338121302,0.7339195242315916
368250,368.2499999982039,-42817.496470890634,17587.02224449858,302.34885413588535,86.40152756670342,0.7368853545413595
368300,368.29999999820274,-42652.663256140884,17418.992432769883,299.4601547113576,86.92225982168287,0.7324708354858398
368350,368.34999999820155,-42603.92931927541,17420.62666035851,299.4882496800197,87.05228389332297,0.7313767936511166
368400,368.39999999820037,-42610.014340811875,17381.634572359115,298.8179137378069,87.24212655897031,0.7297852859062258
368450,368.4499999981992,-42739.67610094637,17400.18619896629,299.13684567347275,87.05828388244676,0.7313263877320978
368500,368.499999998198,-42919.789860533245,17506.690165144068,300.96781806249396,87.23176734592877,0.7298719515955877
368550,368.5499999981968,-42658.476234700094,17054.890102770147,293.20065718339697,87.72658742291257,0.7257551233239512
368600,368.59999999819564,-42621.04970400971,17062.139197881283,293.32528064551036,88.19511324521524,0.7218996374196437
368650,368.64999999819446,-42784.93053393888,17259.351359270986,296.7156710247851,88.12333131241012,0.7224876695615698
368700,368.6999999981933,-42628.67237071149,17109.811576140906,294.1448445682909,87.97087180511156,0.7237397898585547
368750,368.7499999981921,-42642.215378323184,17260.084025667613,296.7282667241823,87.97087180511156,0.7237397898585547
368800,368.7999999981909,-42723.95906256943,17428.932517696376,299.6310405637638,88.09258427791677,0.7227398400873764
368850,368.84999999818973,-42652.20226745897,17289.85093396719,297.24000717065616,88.09258427791677,0.7227398400873764
368900,368.89999999818855,-42429.38022189918,17221.877828718352,296.07144149772233,88.09258427791677,0.7227398400873764
368950,368.94999999818737,-42386.316800360124,17264.593692893475,296.8057950686239,88.7852153280675,0.7171016034443074
369000,368.9999999981862,-42298.48354535024,17316.59205148419,297.6997294662885,88.43563400788994,0.719936267638733
369050,369.049999998185,-42346.81520225527,17623.254775594367,302.97174891062076,88.33612580451623,0.7207472559392031
369100,369.0999999981838,-42343.85350175777,17540.45547104769,301.5482973163199,88.34088018975224,0.720708466308568
369150,369.14999999818264,-42351.54723183751,17694.658129296276,304.1992860043425,87.72606996853783,0.7257594042083415
369200,369.19999999818145,-42128.555397236654,17383.508079974887,298.8501223102968,88.45395774080413,0.7197871288074089
369250,369.2499999981803,-42292.38300104907,17563.359284592538,301.94205026007324,88.45395774080413,0.7197871288074089
369300,369.2999999981791,-42170.170679111354,17556.612466086197,301.8260617307989,87.8439202420078,0.7247857347270192
369350,369.3499999981779,-42611.5818955895,17911.319015374265,307.9240308605809,87.79952127418996,0.7251522485535636
369400,369.3999999981767,-42296.90415362441,17507.997792404487,300.99029825262096,87.72300076673119,0.7257847966602083
369450,369.44999999817554,-42374.68129861037,17586.491478727967,302.3397294290232,88.21667289008968,0.7217232093215544
369500,369.49999999817436,-42231.59865647473,17640.64847397052,303.2707742203124,88.5452380715259,0.7190451080212235
369550,369.5499999981732,-42126.919366164184,17606.926074817722,302.6910326017021,88.5452380715259,0.7190451080212235
369600,369.599999998172,-42359.47231119624,17730.17894499016,304.8099452605664,88.407576380717,0.7201647514883377
369650,369.6499999981708,-42151.543771358236,17712.61782341056,304.5080416800103,88.19924882263751,0.721865788244265
369700,369.69999999816963,-42563.44996568859,18109.497947916614,311.33104157194765,88.19924882263751,0.721865788244265
369750,369.74999999816845,-42325.798201956,17863.14753421958,307.095886566074,88.19924882263751,0.721865788244265
369800,369.79999999816727,-42147.33873540384,17735.94724508157,304.90911150364633,88.19924882263751,0.721865788244265
369850,369.8499999981661,-42406.86786405358,17861.941516718252,307.0751532091404,88.15010845285214,0.7222682012689604
369900,369.8999999981649,-42467.2947286206,17910.280235449096,307.9061725832837,87.65692015418837,0.7263319331994936
369950,369.9499999981637,-42464.657426690384,17700.14699852083,304.2936483868695,87.51291615190819,0.727527124834784
370000,369.99999999816254,-42473.20560039855,17632.89440404023,303.1374694387684,87.78055988044814,0.7253088879886084
370050,370.04999999816135,-42271.59848674922,17436.252426654453,299.7568814284131,87.78055988044814,0.7253088879886084
370100,370.0999999981602,-42313.58592568539,17372.875255510236,298.6673271646251,88.11651943482642,0.7225435217172422
370150,370.149999998159,-42547.58878851739,17665.278805559665,303.6942087522892,87.94977789665592,0.7239133718872771
370200,370.1999999981578,-42294.0480702249,17550.4950330975,301.7208933385224,88.30191753342453,0.7210264743096357
370250,370.2499999981566,-42348.95759893364,17588.702660391908,302.37774315488787,88.30191753342453,0.7210264743096357
370300,370.29999999815544,-42283.25232142556,17472.304890354608,300.37668055853175,88.544338613298,0.7190524122831196
370350,370.34999999815426,-42247.44879609319,17516.084223418016,301.12931684923154,88.15165139284854,0.7222555592313099
370400,370.3999999981531,-42564.759178522974,17862.664995066,307.08759095137964,88.15165139284854,0.7222555592313099
370450,370.4499999981519,-42263.16700213026,17502.43156757526,300.8946060043493,88.29814125499755,0.7210573107086983
370500,370.4999999981507,-42479.16699295174,17704.845529312966,304.3744235960763,88.09615662295742,0.7227105326103832
370550,370.54999999814953,-42482.829632628804,17926.217408028715,308.1801579004468,88.09615662295742,0.7227105326103832
370600,370.59999999814835,-42371.99785504403,18030.300004043398,309.9695030893614,88.09615662295742,0.7227105326103832
370650,370.64999999814717,-42056.805187438134,17630.53555383591,303.0969170560831,88.09615662295742,0.7227105326103832
370700,370.699999998146,-42193.126245702966,17756.650383596727,305.26503134727034,87.61895527798359,0.7266466493683866
370750,370.7499999981448,-42552.456284006876,17933.14746657884,308.29929661720035,87.63139583177119,0.7265434912862834
370800,370.7999999981436,-42445.816052944836,17791.42838832587,305.8629205028536,87.3946986516267,0.7285112398830867
370850,370.84999999814244,-42333.22946261977,17618.271826879292,302.8860841054437,87.36176062571481,0.7287859106535074
370900,370.89999999814125,-42458.735803045885,17596.65154049534,302.514397032817,87.76719562283647,0.7254193303327932
370950,370.9499999981401,-42389.51283211293,17569.45067816585,302.04677099342865,87.39548408549936,0.7285046926637377
371000,370.9999999981389,-42466.01480993344,17614.801255757815,302.82641947392233,87.76615296684894,0.7254279482655916
371050,371.0499999981377,-42497.11897125001,17530.859927468307,301.38333467706786,87.76615296684894,0.7254279482655916
371100,371.0999999981365,-42741.389375566316,17721.877860953537,304.6672364374543,87.58531342323947,0.7269257571328382
371150,371.14999999813534,-42631.350681920536,17771.887237430383,305.5269770725441,87.58531342323947,0.7269257571328382
371200,371.19999999813416,-42579.31143957885,17683.08716886536,304.0003628109274,87.58531342323947,0.7269257571328382
371250,371.249999998133,-42616.06657104805,17752.398933051572,305.1919421578173,87.43948192239097,0.7281381233527365
371300,371.2999999981318,-42432.96766993244,17533.83682341643,301.4345122480224,88.12716012646626,0.7224562800224011
371350,371.3499999981306,-42602.75446538566,17387.083706521145,298.91159301147917,88.00293890948156,0.7234760686730386
371400,371.39999999812943,-42526.050715758436,17340.959705927875,298.11864816080094,88.00293890948156,0.7234760686730386
371450,371.44999999812825,-42692.190391940654,17478.70617749115,300.486728854589,88.00293890948156,0.7234760686730386
371500,371.49999999812707,-42494.93025619916,17421.88834362397,299.50994001987885,88.12682921811735,0.7224589927810117
371550,371.5499999981259,-42476.35564082987,17421.40984271882,299.5017138290909,87.45123604559437,0.728040255951451
371600,371.5999999981247,-42809.10343249347,17455.23542204175,300.0832292787555,87.26238968390516,0.7296158230886536
371650,371.6499999981235,-42896.012082543646,17448.58276468972,299.9688595293242,87.26238968390516,0.7296158230886536
371700,371.69999999812234,-42842.81154584286,17489.905256594986,300.67925881715735,87.67325347578877,0.7261966192629934
371750,371.74999999812115,-42602.48193579295,17055.714944836745,293.2148375290071,87.54933689389502,0.7272244717406305
371800,371.79999999812,-42767.66987645457,17089.334835360638,293.7928168614238,87.51425844760254,0.727515966007131
371850,371.8499999981188,-42816.19654176933,17275.54823688255,296.9941210840592,87.65714321765164,0.726330084883309
371900,371.8999999981176,-42903.19021525506,17158.92965207119,294.98926233091277,87.18149690543822,0.7302928090689138
371950,371.9499999981164,-43045.032999918956,17207.192764335876,295.8189819097814,87.13780658501234,0.7306589730576963
372000,371.99999999811524,-43169.451038651285,17335.558318021922,298.02578972112855,86.90254444178778,0.7326370094555024
372050,372.04999999811406,-42864.05172671559,17053.576290845973,293.17807066907403,86.90254444178778,0.7326370094555024
372100,372.0999999981129,-42668.187370711865,16786.653594315732,288.5892454366488,87.68114274240997,0.7261312784317773
372150,372.1499999981117,-43235.00743572267,17353.06144585292,298.3266962970073,87.24291892240912,0.7297786578017805
372200,372.1999999981105,-42855.71438777971,16980.74334635954,291.9259566384738,87.03037164663266,0.7315609375128839
372250,372.24999999810933,-42922.100166190954,17118.374008417682,294.29204638287376,87.03037164663266,0.7315609375128839
372300,372.29999999810815,-42845.20304363207,17190.677501898295,295.5350583095075,87.03037164663266,0.7315609375128839
372350,372.34999999810697,-43042.212115613635,17352.317704418692,298.3139102001181,87.03037164663266,0.7315609375128839
372400,372.3999999981058,-42880.298481632584,17286.482810727794,297.182103780994,87.081786480984,0.7311290092539436
372450,372.4499999981046,-42860.67897237264,17410.79310438716,299.3191952296025,87.081786480984,0.7311290092539436
372500,372.4999999981034,-42662.050054372696,17379.37409862047,298.77905260286417,87.17373793177146,0.7303578094097163
372550,372.54999999810224,-42690.21937846265,17280.903804372134,297.0861917979761,87.17373793177146,0.7303578094097163
372600,372.59999999810105,-42736.59316467782,17428.943216238487,299.63122448870024,87.51513805043622,0.7275086538424073
372650,372.6499999980999,-42953.37946761861,17702.87560668267,304.3405574963054,87.51513805043622,0.7275086538424073
372700,372.6999999980987,-42498.0084229343,17333.08973360086,297.9833508329149,87.69687839291082,0.7260009870437081
372750,372.7499999980975,-42555.258129682894,17360.014261520984,298.4462262447741,87.14745024362159,0.7305781189916709
372800,372.7999999980963,-43007.115026184765,17688.526879721117,304.09388008299334,87.64188907210406,0.7264565032541098
372850,372.84999999809514,-43042.81062441984,17797.567676234416,305.96846461592486,86.98151754284511,0.7319718265727414
372900,372.89999999809396,-42906.64582104254,17554.108243181883,301.78301016043673,86.98151754284511,0.7319718265727414
372950,372.9499999980928,-42809.58392203076,17295.279555775352,297.33333380437597,87.62602284107449,0.7265880409679061
373000,372.9999999980916,-42946.58533501229,17541.177182114847,301.56070467619804,86.96233074825373,0.7321333240045867
373050,373.0499999980904,-42636.89222081711,17254.21572341828,296.62738128512717,87.40521258867797,0.7284236075658551
373100,373.09999999808923,-42811.56007310211,17363.55570852035,298.5071093452419,87.2087086371705,0.7300649358172976
373150,373.14999999808805,-42886.416194149715,17527.329445320036,301.32264007981104,87.16963923106687,0.7303921507021025
373200,373.19999999808687,-42783.75725031511,17557.477111919037,301.84092636638974,87.07002974258097,0.7312277308522487
373250,373.2499999980857,-42561.03378606941,17327.646671885166,297.88977595424285,86.96608801749066,0.7321016930312003
373300,373.2999999980845,-42744.91548117813,17416.930819747737,299.42471230807564,86.80309509542248,0.733476383577281
373350,373.3499999980833,-42667.8376068915,17345.049904842206,298.18896517852824,86.798789451186,0.7335127675911999
373400,373.39999999808214,-42681.29231671173,17330.738404169573,297.9429277442668,86.41458640759319,0.7367739975471413
373450,373.44999999808095,-42684.22577932387,17351.452717662738,298.2990397035172,86.41458640759319,0.7367739975471413
373500,373.4999999980798,-42567.71401477489,17361.220192074255,298.4669581069324,86.2940796672057,0.7378028773172144
373550,373.5499999980786,-42680.47547490569,17504.03997237954,300.922257038322,86.2940796672057,0.7378028773172144
373600,373.5999999980774,-42941.97930588442,17816.945968827633,306.3016082532738,86.20605203174865,0.7385562703933725
373650,373.6499999980762,-42761.828563307456,17716.449553526298,304.57391520844203,86.95232443586559,0.7322175765509942
373700,373.69999999807504,-42552.45328234436,17580.417427480053,302.2353068377944,86.95232443586559,0.7322175765509942
373750,373.74999999807386,-42306.358274615486,17128.869301830502,294.47247715125917,86.97731994171792,0.7320071521698781
373800,373.7999999980727,-42462.57851849659,17227.723894272476,296.1719446526578,87.42602301264827,0.7282502174975314
373850,373.8499999980715,-42504.16449654433,17142.984300109983,294.715136397185,87.22379033571904,0.7299387016873604
373900,373.8999999980703,-42703.85002459008,17337.376648263275,298.05704970688794,87.22379033571904,0.7299387016873604
373950,373.94999999806913,-42692.65450288112,17384.201337250903,298.86204050429865,87.87458755233244,0.7245327920997492
374000,373.99999999806795,-42731.37541533564,17451.00275605793,300.0104630257561,87.43734642681495,0.7281559067805815
374050,374.04999999806677,-42532.159490143065,17387.49047813985,298.91858606187174,87.20024682466301,0.7301357804860931
374100,374.0999999980656,-42460.76624558093,17229.883735004252,296.20907574632963,87.9025501080266,0.7243023119996106
374150,374.1499999980644,-42627.665246406206,17411.620022980664,299.3334112740092,87.9025501080266,0.7243023119996106
374200,374.1999999980632,-42816.60955112661,17561.630544596188,301.91233047296384,87.601077859332,0.7267949416803077
374250,374.24999999806204,-42504.855954303035,17307.15209479132,297.5374416128075,87.62149825665037,0.7266255604009026
374300,374.29999999806085,-42471.72069078432,17265.004759613523,296.8128619586324,87.62149825665037,0.7266255604009026
374350,374.3499999980597,-42513.26348594439,17250.219370369312,296.5586776269251,87.62149825665037,0.7266255604009026
374400,374.3999999980585,-42732.92551245537,17638.26606285143,303.22981678806934,87.62149825665037,0.7266255604009026
374450,374.4499999980573,-42558.13231142626,17463.134246584403,300.21902262206794,87.33335498402421,0.7290229521761991
374500,374.4999999980561,-42455.70751190229,17238.41974975662,296.3558234016965,88.10322376444765,0.7226525608657386
374550,374.54999999805494,-42704.095770067914,17514.301233459064,301.0986644190742,88.10322376444765,0.7226525608657386
374600,374.59999999805376,-42618.42473318907,17394.42887642485,299.0378681519176,87.96439881625265,0.7237930473088362
374650,374.6499999980526,-42607.30823779827,17175.71791229141,295.2778791968013,87.96439881625265,0.7237930473088362
374700,374.6999999980514,-42630.39154401768,17318.183798141123,297.72709412024227,87.96439881625265,0.7237930473088362
374750,374.7499999980502,-42776.247124711714,17600.473716148324,302.5801063048541,88.28652964740911,0.7211521454991714
374800,374.79999999804903,-42376.82619416673,17173.66671376672,295.24261583527687,87.89817612809078,0.7243383546562358
374850,374.84999999804785,-42648.65933372529,17290.389160438797,297.24926013882174,87.48084112910753,0.7277938740888604
374900,374.89999999804667,-42785.75761165834,17447.252420828863,299.9459888047442,87.47753560913809,0.7278213752886564
374950,374.9499999980455,-42636.987293222104,17322.720416940327,297.8050858050495,87.47753560913809,0.7278213752886564
375000,374.9999999980443,-42682.18964917195,17442.93363166029,299.87174195736895,87.47753560913809,0.7278213752886564
375050,375.0499999980431,-42501.165419093064,17394.877349201706,299.0455781114724,87.28762259289388,0.7294049073927754
375100,375.09999999804194,-42694.53829224036,17508.467319273812,300.99837016547536,87.22671705269518,0.7299142100629826
375150,375.14999999804076,-42782.76747049747,17598.318862758002,302.54306095150565,86.61630638939025,0.7350581308290939
375200,375.1999999980396,-42433.163901410786,17320.86357715973,297.77316377912763,87.13580147774812,0.7306757864637786
375250,375.2499999980384,-42987.04256811783,17760.543786904953,305.3319651358654,86.67276807922308,0.734579288107075
375300,375.2999999980372,-42735.98107972749,17440.446487531324,299.8289839982893,86.67276807922308,0.734579288107075
375350,375.349999998036,-42913.8306200452,17667.174442774012,303.72679776773754,87.07742926220266,0.7311655938095247
375400,375.39999999803484,-42838.062060663004,17641.64539248925,303.28791283352473,87.45113635753341,0.7280410858654401
375450,375.44999999803366,-42384.7540499001,17265.416035553626,296.8199324454662,87.45113635753341,0.7280410858654401
375500,375.4999999980325,-42799.19313022832,17638.973310729605,303.2419755027501,87.45113635753341,0.7280410858654401
375550,375.5499999980313,-42790.245222114936,17577.779759683108,302.1899611377145,87.54929615331943,0.7272248101504734
375600,375.5999999980301,-42753.22769683053,17559.568221306585,301.8768758590559,87.4703743227139,0.727880962747547
375650,375.64999999802893,-42804.88041826974,17534.024887461426,301.4377453677466,87.5465068300563,0.7272479802934514
375700,375.69999999802775,-43069.08408413458,17727.112435609448,304.75722709233037,86.86032490347274,0.732993116761411
375750,375.74999999802657,-42887.267934698,17456.08554149145,300.097844182741,86.48851315360824,0.7361442340999373
375800,375.7999999980254,-43060.05604727864,17685.39247214057,304.0399946368275,86.98772899372146,0.73191955934958
375850,375.8499999980242,-42915.873346800334,17480.347051093016,300.5149380787777,86.98772899372146,0.73191955934958
375900,375.899999998023,-42823.61036378678,17365.97279991247,298.54866298647744,87.2025798218713,0.7301162466060058
375950,375.94999999802184,-42758.264580245115,17283.5801785219,297.1322029217565,86.68012910893292,0.7345169063360788
376000,375.99999999802066,-42736.00458148925,17255.335783268114,296.6466368934645,87.17798386603712,0.7303222379143497
376050,376.0499999980195,-43001.1414800816,17559.335245926428,301.87287064212643,86.55214705468694,0.7356030143732588
376100,376.0999999980183,-42976.5236759127,17584.109350272505,302.29877685621693,87.03154749909916,0.7315510536517152
376150,376.1499999980171,-42716.015683532496,17433.63617488596,299.71190390388745,87.18657015393747,0.7302503144864215
376200,376.1999999980159,-42913.749957510765,17473.425444125696,300.3959446581602,87.18657015393747,0.7302503144864215
376250,376.24999999801474,-42833.019194359214,17325.23809585259,297.8483687055669,87.18657015393747,0.7302503144864215
376300,376.29999999801356,-42868.098878346005,17306.246854596837,297.52187909564486,87.13566670711832,0.7306769165823586
376350,376.3499999980124,-43090.4646101965,17493.26270566114,300.73697870082265,87.15937915721679,0.7304781297152412
376400,376.3999999980112,-43051.16311555611,17540.208195701667,301.54404626025786,87.68565967683044,0.7260938733717318
376450,376.44999999801,-42817.181712532736,17394.540135210296,299.03978086720423,87.40777244262759,0.7284022747026929
376500,376.49999999800883,-42947.962061792714,17585.45993884857,302.32199561961556,87.38059798068107,0.7286288002741937
376550,376.54999999800765,-42838.39354949635,17538.276708466394,301.5108409259924,87.72815795052435,0.7257421307057633
376600,376.59999999800647,-42687.445202207855,17455.332003551848,300.08488966836,87.31738270563591,0.7291563065803601
376650,376.6499999980053,-42746.30460469548,17529.08087499883,301.3527499386103,86.90156776909592,0.7326452434445839
376700,376.6999999980041,-42755.55813315854,17581.53735633751,302.2545601941647,86.46258708869975,0.7363649691465963
376750,376.7499999980029,-42636.88393411723,17285.991670653577,297.1736603028091,87.05725588411636,0.7313350234546224
376800,376.79999999800174,-42500.513312017545,17083.04042909226,293.68460601729953,86.9539683092019,0.7322037339055821
376850,376.84999999800056,-42517.12995439455,17299.206197377465,297.40083901205105,87.3286790258689,0.7290619872429911
376900,376.8999999979994,-42452.833131866704,17191.58980851851,295.55074230975544,87.00676125013767,0.7317594559216459
376950,376.9499999979982,-42777.334345378884,17573.63248831594,302.1186629538479,87.00676125013767,0.7317594559216459
377000,376.999999997997,-42705.10283493629,17592.93523380439,302.45050781643886,86.97359650901898,0.7320384901790632
377050,377.0499999979958,-42473.64317427858,17455.85295021905,300.0938455692342,87.80282514154531,0.725124962337684
377100,377.09999999799464,-42639.735549661345,17491.11024872536,300.6999745463351,87.35667727907538,0.72882831921946
377150,377.14999999799346,-42618.98643834866,17633.776695036584,303.15263742275414,87.41450391427345,0.7283461831041665
377200,377.1999999979923,-42614.28865461722,17609.76966931924,302.739918509004,87.87612930486392,0.7245200804535354
377250,377.2499999979911,-42563.07970854935,17402.61971082123,299.1786816085525,87.66912641709935,0.7262308052551465
377300,377.2999999979899,-42600.95855337191,17321.31081357632,297.7808524836851,87.66311065193207,0.7262806418848209
377350,377.34999999798873,-42617.959168625115,17235.902261969113,296.3125437869174,87.36405992754361,0.7287667300112781
377400,377.39999999798755,-42695.58444324844,17375.87287238827,298.7188609612856,87.38607325586695,0.7285831471965212
377450,377.44999999798637,-42628.83229787854,17331.88098101926,297.962570455606,87.43934700834899,0.7281392468293029
377500,377.4999999979852,-42883.77330365105,17511.177691475936,301.04496576979096,87.43934700834899,0.7281392468293029
377550,377.549999997984,-42971.341449205545,17717.1134051997,304.58532787341613,87.31438883779641,0.7291813081596564
377600,377.5999999979828,-42457.85894407617,17130.07886187757,294.49327141018233,87.31438883779641,0.7291813081596564
377650,377.64999999798164,-42767.11970425007,17602.89235267992,302.62168650949206,87.31438883779641,0.7291813081596564
377700,377.69999999798046,-42738.87273624189,17606.02940493207,302.6756174217645,87.31438883779641,0.7291813081596564
377750,377.7499999979793,-42777.1221853208,17695.029826651768,304.20567607242543,87.58377541818358,0.7269385222309901
377800,377.7999999979781,-42834.23226534292,17693.09976709159,304.17249528216314,87.47913059295792,0.7278081051142795
377850,377.8499999979769,-42412.95091843991,17255.432413470506,296.6482981201669,87.70676056027798,0.7259191864707892
377900,377.8999999979757,-42786.16240612249,17588.558145616364,302.3752587162954,87.79269416042109,0.7252086393153232
377950,377.94999999797454,-42476.43387881269,17378.411216000648,298.7624991208294,87.75377019523194,0.7255303120567766
378000,377.99999999797336,-42764.4495079287,17524.723232916906,301.2778351479262,87.6163470229425,0.7266682809457201
378050,378.0499999979722,-43085.74374669519,17762.812185516144,305.370962511958,87.0477617416426,0.7314147888474343
378100,378.099999997971,-42521.99788260629,17356.274773765872,298.38193850907356,87.05446090772696,0.7313585037461775
378150,378.1499999979698,-42646.67317307366,17262.631791735952,296.7720668707142,87.35316992996748,0.7288575826721461
378200,378.19999999796863,-42644.56858634093,17226.74338752359,296.15508818384365,87.35316992996748,0.7288575826721461
378250,378.24999999796745,-42730.91251964263,17310.086161431715,297.5878828799162,87.35316992996748,0.7288575826721461
378300,378.29999999796627,-42707.3196587663,17332.358232070324,297.97077515941646,87.35316992996748,0.7288575826721461
378350,378.3499999979651,-42572.30385357424,17261.34449086313,296.74993612348396,87.16285446618707,0.7304490044965646
378400,378.3999999979639,-42715.402839444534,17512.89763307676,301.0745342985026,87.10936015544252,0.7308975770260824
378450,378.4499999979627,-42672.75435638739,17537.251110793244,301.49320927255104,87.10936015544252,0.7308975770260824
378500,378.49999999796154,-42534.46637473387,17415.94225955821,299.40771738782183,87.13772844625596,0.7306596282593468
378550,378.54999999796036,-42534.53278515325,17499.444743298533,300.84325774965225,87.1527980655557,0.7305332896600139
378600,378.5999999979592,-42545.027581317394,17544.723158085657,301.6216656368805,86.95042001078319,0.7322336138917958
378650,378.649999997958,-42505.63099546141,17596.41587180571,302.5103455136187,86.9431411668937,0.7322949161876943
378700,378.6999999979568,-42721.239069484145,17850.58976672103,306.8799985913556,87.5682795134616,0.7270671597940644
378750,378.7499999979556,-42512.05910304279,17555.399364209075,301.80520658218995,87.21387687830952,0.7300216726145771
378800,378.79999999795444,-42522.185284081716,17528.30022020091,301.3393292423523,87.31477765821312,0.7291780610508887
378850,378.84999999795326,-42617.36796726746,17652.75950284473,303.4789820483129,87.21055787650927,0.73004945529714
378900,378.8999999979521,-42561.28510852794,17680.21281044346,303.9509480229572,87.21055787650927,0.73004945529714
378950,378.9499999979509,-42498.29838369987,17463.346523249744,300.22267199520417,87.48925295285851,0.7277238989366075
379000,378.9999999979497,-42472.48880587163,17352.30935789128,298.31376671005114,87.48925295285851,0.7277238989366075
379050,379.04999999794853,-42553.40194977744,17442.620849872692,299.86636474150146,87.44047719618683,0.7281298354657398
379100,379.09999999794735,-42527.52215719616,17507.16088271632,300.9759104454235,87.8959427622539,0.724356759516401
379150,379.14999999794617,-42560.59681293344,17454.758602175993,300.0750319877055,87.8959427622539,0.724356759516401
379200,379.199999997945,-42594.33796165695,17528.887433127384,301.3494243655054,87.7935406749354,0.7252016467776675
379250,379.2499999979438,-42560.2903554103,17500.707732397623,300.8649705388662,87.89217766468748,0.7243877892842931
379300,379.2999999979426,-42393.72429193306,17336.715655697335,298.04568619451356,87.89217766468748,0.7243877892842931
379350,379.34999999794144,-42701.215472062075,17651.100534575897,303.4504617480508,87.54333816431631,0.7272743033216561
379400,379.39999999794026,-42318.37604814736,17262.898936317037,296.77665951049465,87.54333816431631,0.7272743033216561
379450,379.4499999979391,-42640.46380890682,17473.97952327651,300.40547015906765,87.54333816431631,0.7272743033216561
379500,379.4999999979379,-42726.916706805736,17680.62292149868,303.95799848356916,87.22329857682509,0.7299428170310182
379550,379.5499999979367,-42431.85466383231,17534.243836375725,301.4415094474431,87.77568325433907,0.7253491845733705
379600,379.5999999979355,-42411.9006812732,17504.739148369037,300.93427698441207,87.77568325433907,0.7253491845733705
379650,379.64999999793434,-42304.17429355027,17520.05362532902,301.1975571745528,87.468536225191,0.7278962587185592
379700,379.69999999793316,-42667.76201520962,17703.994259086303,304.3597889084064,87.468536225191,0.7278962587185592
379750,379.749999997932,-42577.8002996313,17582.986256023592,302.2794690817384,87.77199926700507,0.7253796291027308
379800,379.7999999979308,-42522.78008473864,17599.494035489235,302.563264037836,87.77199926700507,0.7253796291027308
379850,379.8499999979296,-42772.52814444881,18013.201270989754,309.67554870219607,87.46529304803651,0.7279232488129708
379900,379.89999999792843,-42076.87441984803,17437.52968827118,299.778839584881,87.62237741310506,0.7266182698254764
379950,379.94999999792725,-42033.04812056359,17500.036761842617,300.853435489007,87.98279364497864,0.7236417217076963
380000,379.99999999792607,-42261.16396644245,17535.30953456061,301.4598304923918,87.98279364497864,0.7236417217076963
380050,380.0499999979249,-42445.07139873693,17703.61625947104,304.35329049446517,87.58776545407778,0.7269054067521155
380100,380.0999999979237,-42269.800261838536,17668.361739626154,303.7472092869688,87.62849504829413,0.7265675421997873
380150,380.1499999979225,-42130.30253231739,17438.349849991013,299.79293946789414,87.60174773449315,0.7267893840071873
380200,380.19999999792134,-42396.01586899685,17694.294561610084,304.19303569819107,87.60174773449315,0.7267893840071873
380250,380.24999999792016,-42503.122358860775,17745.318184365475,305.0702128382143,87.80091529497352,0.725140735264638
380300,380.299999997919,-42394.56100825948,17781.60535941241,305.69404702928665,87.21932803967314,0.7299760466504035
380350,380.3499999979178,-42296.93333324683,17665.54236700996,303.6987397923586,87.6445573359515,0.726434386905037
380400,380.3999999979166,-42394.12790665279,17714.793741123234,304.5454491625264,87.19781769915808,0.7301561203465764
380450,380.4499999979154,-42338.39304076064,17623.14911922147,302.9699325097069,87.63185387426115,0.7265396937198152
380500,380.49999999791424,-42399.166496378544,17532.98318934908,301.4198369221755,87.46161822591468,0.7279538335255796
380550,380.54999999791306,-42646.79986630704,17925.662413762067,308.17061666724425,87.43474086018112,0.728177605921178
380600,380.5999999979119,-42318.66297351376,17732.292521615145,304.84628100073934,87.75895986291299,0.7254874074779396
380650,380.6499999979107,-42174.99648141425,17542.43420388632,301.5823148775696,87.57182617127968,0.7270377135835732
380700,380.6999999979095,-42203.70561230986,17476.07306558069,300.44146147743606,87.57182617127968,0.7270377135835732
380750,380.74999999790833,-42305.30696685857,17680.78644477728,303.96080970852927,88.26849753740923,0.7212994675356521
380800,380.79999999790715,-42288.72980163497,17619.594223104483,302.90881819753963,88.40739124177774,0.7201662596262468
380850,380.84999999790597,-42473.44450943076,17659.65589964454,303.5975420660977,88.25133700218883,0.7214397247299061
380900,380.8999999979048,-42441.1143174234,17469.04089858098,300.3205673542072,88.25133700218883,0.7214397247299061
380950,380.9499999979036,-42325.39165052174,17520.976696012603,301.2134262261517,87.86881040029081,0.7245804282983053
381000,380.9999999979024,-42311.80984335994,17521.925735451277,301.2297417219089,87.54599810615301,0.7272522062825224
381050,381.04999999790124,-42440.4871612365,17756.096791776043,305.25551422434205,86.97154973801311,0.7320557178260512
381100,381.09999999790006,-42501.38012475173,17899.245798622724,307.71647308304387,87.3661214091409,0.7287495341099561
381150,381.1499999978989,-42246.08426741708,17611.968992330334,302.7777283657856,87.59506927188468,0.7268447962097881
381200,381.1999999978977,-42444.614332567224,17724.41765301035,304.7108994980592,87.02164392508698,0.7316343084568045
381250,381.2499999978965,-42747.123138205585,18126.279805950147,311.6195483740754,87.78941997103861,0.7252356866568787
381300,381.2999999978953,-42287.60309352122,17738.217193468096,304.9481355228391,87.78941997103861,0.7252356866568787
381350,381.34999999789414,-42326.18589032782,17524.646138824257,301.2765097779887,87.5756214168492,0.7270062061090419
381400,381.39999999789296,-42335.8934998683,17558.65384841694,301.86115633635364,87.5756214168492,0.7270062061090419
381450,381.4499999978918,-42479.994508324264,17771.712536125477,305.5239736795524,87.14586888128895,0.7305913761745214
381500,381.4999999978906,-42280.41817138643,17665.422477562202,303.69667870227477,86.82730450402822,0.7332718738372387
381550,381.5499999978894,-42266.29764574703,17533.320125688053,301.4256293931571,87.34913955219753,0.7288912128992292
381600,381.59999999788823,-42388.37076941679,17613.605240760455,302.8058580759236,87.67259046561924,0.7262021110106547
381650,381.64999999788705,-42176.77084494593,17445.07464177784,299.90854932286464,87.9250693374434,0.7241168048393213
381700,381.69999999788587,-42414.163231028244,17629.338916977696,303.0763449673083,88.27001163775284,0.7212870950463844
381750,381.7499999978847,-42327.634412004176,17542.351322069688,301.5808900074614,88.27001163775284,0.7212870950463844
381800,381.7999999978835,-42319.62994767929,17544.151873470906,301.6118443467124,88.75538606458147,0.7173426098059926
381850,381.8499999978823,-42286.84593484891,17603.061180938297,302.6245889354831,88.75538606458147,0.7173426098059926
381900,381.89999999788114,-42141.863716555206,17515.50926674266,301.11943243050763,88.49895678430809,0.7194211388172475
381950,381.94999999787996,-42354.39313077148,17530.16251884273,301.37134511477154,88.70578568621309,0.7177437162793854
382000,381.9999999978788,-42446.436515080844,17618.028370176726,302.8818986979296,88.63650334589047,0.7183047375577365
382050,382.0499999978776,-42194.66991023765,17479.786170577892,300.50529565161196,88.22571143407879,0.7216492702524399
382100,382.0999999978764,-42211.704746825795,17335.007406493518,298.01631867668294,88.52824955832477,0.7191830923072652
382150,382.1499999978752,-42158.87227121779,17285.318223063645,297.162082668784,88.52824955832477,0.7191830923072652
382200,382.19999999787404,-42172.36101364024,17247.02071438856,296.50368764868375,89.10148999031136,0.7145561794850834
382250,382.24999999787286,-42223.354505480675,17338.218804034626,298.0715277025903,89.03837940659515,0.7150626583528018
382300,382.2999999978717,-42424.43406493591,17446.092899844185,299.9260547968041,88.83246270704208,0.7167201981540707
382350,382.3499999978705,-42480.96135017897,17375.43180858491,298.71127837375644,88.17010568188829,0.7221043888006118
382400,382.3999999978693,-42450.60149006931,17511.25385155455,301.0462750825433,88.01121791330267,0.7234080130174182
382450,382.44999999786813,-42237.37278602468,17312.700660447033,297.6328302718301,87.72806886404548,0.7257428676855217
382500,382.49999999786695,-42315.44077594045,17454.430874808655,300.06939783357717,87.88946864336982,0.7244101171239503
382550,382.54999999786577,-42471.18290088118,17627.143027613063,303.03859414036464,87.72348305669446,0.7257808064091293
382600,382.5999999978646,-42370.4245506678,17442.15301754772,299.85832196055674,87.34348928313982,0.7289383650281456
382650,382.6499999978634,-42328.729767412195,17577.62099770807,302.18723176712706,87.34348928313982,0.7289383650281456
382700,382.6999999978622,-42497.63775232568,17768.311610284934,305.46550636106076,87.06460540822405,0.7312732880989002
382750,382.74999999786104,-42413.93326121406,17541.867103570643,301.57256552215046,87.64883105718256,0.7263989662608044
382800,382.79999999785986,-42657.50809096812,17712.66388837533,304.5088336099414,86.98790354196493,0.7319180906939596
382850,382.8499999978587,-42603.99991044765,17584.970201262866,302.3135762524364,86.98790354196493,0.7319180906939596
382900,382.8999999978575,-42697.19523573378,17614.33170673609,302.818347180233,86.89131287458747,0.7327317100824456
382950,382.9499999978563,-42800.1590267919,17712.633993164152,304.5083196637646,86.96912707166882,0.7320761104275344
383000,382.9999999978551,-42777.489199914315,17638.494251792315,303.23373971850316,87.33626639048148,0.728998649761885
383050,383.04999999785394,-42719.00184412747,17672.578917195224,303.819709269511,87.32670738009497,0.7290784478657398
383100,383.09999999785276,-42589.508099733066,17643.134513243138,303.3135131851561,87.32670738009497,0.7290784478657398
383150,383.1499999978516,-42184.29532867274,17331.15862455192,297.9501520002733,87.61013664990644,0.7267197918926347
383200,383.1999999978504,-42493.72417562874,17674.198481644664,303.84755215551405,87.67487248858511,0.7261832092449818
383250,383.2499999978492,-42377.61517698049,17582.24735230821,302.2667661529221,87.6726711846604,0.7262014424062048
383300,383.29999999784803,-42473.928138571086,17621.428006401424,302.940343845876,87.6726711846604,0.7262014424062048
383350,383.34999999784685,-42616.96157214091,17902.88961011526,307.779115991783,87.59196494358461,0.7268705561624513
383400,383.39999999784567,-42418.09676454959,17688.313146109165,304.09020566263007,87.73061667741514,0.7257217911508835
383450,383.4499999978445,-42355.75800712105,17387.718257988672,298.922501959363,87.71212152165715,0.7258748183189813
383500,383.4999999978433,-42360.56320764168,17282.858301121534,297.1197927023462,88.47023466667159,0.7196547009713115
383550,383.5499999978421,-42563.670456112035,17382.339756184883,298.83003696814757,88.47023466667159,0.7196547009713115
383600,383.59999999784094,-42563.359670693484,17322.647371063158,297.8038300303678,88.09494578853463,0.7227204660155606
383650,383.64999999783976,-42450.67230763769,17119.921146698,294.31864414796104,87.83955996502696,0.7248217124408923
383700,383.6999999978386,-42800.47137218882,17416.44275703697,299.41632173465763,87.52090278046603,0.7274607351069908
383750,383.7499999978374,-42768.8277028883,17297.057789365368,297.3639044649945,87.65716100220969,0.7263299375198831
383800,383.7999999978362,-42901.33744613098,17403.739094605164,299.197925594243,87.59435239596182,0.726850744738658
383850,383.849999997835,-42866.15845813679,17387.317578092545,298.91561363535993,87.59435239596182,0.726850744738658
383900,383.89999999783385,-42771.234736852784,17174.414289744393,295.2554678540602,87.17850411844228,0.7303178795934006
383950,383.94999999783266,-42983.50489484871,17364.521850124565,298.52371885439624,87.17850411844228,0.7303178795934006
384000,383.9999999978315,-43000.466317112296,17462.608250359863,300.2099799112805,87.17850411844228,0.7303178795934006
384050,384.0499999978303,-42815.746854905396,17320.81044050632,297.77225027563355,87.5113932463826,0.7275397855300069
384100,384.0999999978291,-42982.21415674177,17321.311597671694,297.78086596353035,86.87325786938999,0.732883994860965
384150,384.14999999782793,-43167.9649987304,17535.11941981967,301.45656211794625,86.87325786938999,0.732883994860965
384200,384.19999999782675,-42941.76113982071,17357.95121396207,298.410759179526,86.84950019203072,0.733084475248914
384250,384.24999999782557,-42659.18484064156,17116.784396564035,294.26471842958017,87.02132764548736,0.7316369675866109
384300,384.2999999978244,-42578.37990242246,16942.3820522001,291.26646504455687,87.73025147188312,0.7257248122024409
384350,384.3499999978232,-43018.03387919971,17316.58497123624,297.6996077455773,87.10890068746886,0.7309014322466856
384400,384.399999997822,-42738.45716021549,17100.739886015104,293.98888780218914,87.39325027140633,0.7285233135989273
384450,384.44999999782084,-42799.48151697369,17195.247225370436,295.6136191162383,87.99300083743434,0.7235577792321339
384500,384.49999999781966,-42572.101331669706,17077.926193410967,293.59668418058817,87.5552947184615,0.7271749867170575
384550,384.5499999978185,-42503.98472932503,16985.38036426824,292.00567434348443,88.04652428779481,0.7231179287190908
384600,384.5999999978173,-42606.64966538829,17191.476384797734,295.548792375791,87.79312017478755,0.72520512025485
384650,384.6499999978161,-42525.772520291066,17181.491276557237,295.3771325010852,87.79422302466637,0.725196010402841
384700,384.6999999978149,-42516.30722609581,17135.935930821553,294.5939637308714,87.5910029908702,0.726878538889908
384750,384.74999999781375,-42637.95074503978,17182.794240646246,295.399532523887,87.14850240457865,0.7305692985787933
384800,384.79999999781256,-42834.18734940603,17392.43728946066,299.0036296078274,87.2688597576006,0.7295617297023316
384850,384.8499999978114,-43010.24360186626,17640.69888993589,303.2716409508566,86.91387204755611,0.7325415238555759
384900,384.8999999978102,-42750.00514594671,17300.800801687456,297.4282527936011,86.91387204755611,0.7325415238555759
384950,384.949999997809,-42546.63414438316,17171.773958765898,295.2100763696583,87.2011480556396,0.7301282344732577
385000,384.99999999780783,-42769.84949414985,17452.582905108167,300.0376282984249,87.01897198621863,0.7316567734676126
385050,385.04999999780665,-42597.791399012436,17259.422718336053,296.7168978004868,87.07627027112757,0.731175325673269
385100,385.09999999780547,-42662.17537160089,17264.476534569134,296.8037809308907,87.55635316250593,0.7271661961038565
385150,385.1499999978043,-42535.369187129894,17217.613461633064,295.998130252423,88.04732206070933,0.7231113767435843
385200,385.1999999978031,-42558.27299408945,17182.12954121516,295.3881052846114,88.04732206070933,0.7231113767435843
385250,385.2499999978019,-42586.10409278834,17321.94820466047,297.79181024909025,87.7458484049277,0.7255958137197723
385300,385.29999999780074,-42401.95625659734,17230.087246919407,296.212574439485,87.75499963038301,0.7255201474795723
385350,385.34999999779956,-42316.135851159845,17164.938369042593,295.0925617221272,87.960117924433,0.723828273270425
385400,385.3999999977984,-42561.14036987091,17258.261797770585,296.6969397315293,87.960117924433,0.723828273270425
385450,385.4499999977972,-42643.10706622637,17195.20171252627,295.6128366781375,88.15361117373918,0.7222395024569555
385500,385.499999997796,-42633.8834769122,17358.433831020393,298.41905613352657,87.33930564325911,0.7289732819031086
385550,385.5499999977948,-42867.977056885415,17477.565230722965,300.46711416694063,87.33930564325911,0.7289732819031086
385600,385.59999999779365,-42543.171396176236,17130.561935029156,294.5015762051508,87.29937290104374,0.7293067310583634
385650,385.64999999779246,-42649.658061619186,17226.465307162693,296.15030754063383,87.29937290104374,0.7293067310583634
385700,385.6999999977913,-42794.78233147494,17385.2228387385,298.87960173780255,87.06204646017068,0.731294781854597
385750,385.7499999977901,-42622.584002392075,17359.24146398906,298.4329406274019,86.73511687924037,0.7340512420424712
385800,385.7999999977889,-42516.052502014565,17299.794461251655,297.41095220266504,86.86131985064996,0.7329847207407922
385850,385.84999999778773,-42837.0635142299,17517.969233649423,301.16172316995926,86.86131985064996,0.7329847207407922
385900,385.89999999778655,-42655.14060504138,17247.78362894951,296.51680336208307,86.86131985064996,0.7329847207407922
385950,385.94999999778537,-43014.64147725855,17554.715728609382,301.7934538000908,86.77363466818773,0.733725405387989
386000,385.9999999977842,-42782.894669545145,17359.835634008137,298.44315535403,86.77363466818773,0.733725405387989
386050,386.049999997783,-42620.332247581595,17156.941884877087,294.9550894547391,86.77363466818773,0.733725405387989
386100,386.0999999977818,-42961.18972318593,17364.077532109168,298.5160803217919,86.90448838281296,0.7326206213130054
386150,386.14999999778064,-42863.13720055515,17330.935869928315,297.9463224943874,87.35023707181428,0.7288820546824751
386200,386.19999999777946,-42745.02989737825,17146.55191736166,294.77646940586857,87.29541967053649,0.7293397581934554
386250,386.2499999977783,-42681.92961261451,17188.601192778984,295.4993632569666,87.29541967053649,0.7293397581934554
386300,386.2999999977771,-42588.5168800018,17175.26686618148,295.27012499756256,87.45475547807987,0.728010957504345
386350,386.3499999977759,-42882.5610335821,17371.40007590912,298.6419664835592,87.47710204425451,0.7278249826074
386400,386.3999999977747,-42704.10053149137,17264.78198960267,296.8090321882154,87.47710204425451,0.7278249826074
386450,386.44999999777355,-42809.42290859674,17345.173917106822,298.1910971463841,87.32154371461598,0.7291215611348436
386500,386.49999999777236,-42855.4087087995,17294.612314887996,297.32186287342927,86.95262731097043,0.7322150260763033
386550,386.5499999977712,-42989.15649166616,17522.36067443548,301.2372190140659,87.50983548016406,0.7275527364959679
386600,386.59999999777,-42949.367117106114,17435.13952947219,299.7377489577111,87.35429666991601,0.7288481814980023
386650,386.6499999977688,-42739.677085514384,17166.244795346687,295.11502126590693,87.35429666991601,0.7288481814980023
386700,386.69999999776763,-42718.47367364935,17111.26140733037,294.1697694698877,86.87883853757134,0.732836918007043
386750,386.74999999776645,-42807.062572821415,17298.516186410117,297.3889766272528,86.87883853757134,0.732836918007043
386800,386.79999999776527,-42796.614421636994,17413.24573152682,299.36135978679636,87.17828251537615,0.7303197360268686
386850,386.8499999977641,-42873.63908493146,17657.2883549455,303.5568402112346,87.09791388132953,0.730993630463442
386900,386.8999999977629,-42661.72156097614,17473.38471358174,300.3952444353981,86.98924753156946,0.7319067825112453
386950,386.9499999977617,-42745.70584080124,17352.775509351824,298.3217805942658,87.52224944383623,0.7274495420134466
387000,386.99999999776054,-42808.131981527404,17500.208802653808,300.8563931438849,87.52224944383623,0.7274495420134466
387050,387.04999999775936,-42531.3176547054,17323.590045243225,297.82003609721664,87.52224944383623,0.7274495420134466
387100,387.0999999977582,-42678.93588990497,17454.968144342067,300.0786343504548,87.14332387833878,0.7306127129462324
387150,387.149999997757,-42492.01136052089,17211.054386771964,295.88536933469203,87.6172413307362,0.7266608638540928
387200,387.1999999977558,-42348.98458478177,17107.19820346624,294.09991653996235,87.6172413307362,0.7266608638540928
387250,387.2499999977546,-42552.97426439562,17224.76615830789,296.1210964722612,86.64817569704374,0.7347877755270215
387300,387.29999999775345,-42776.95869082546,17566.30699662628,301.9927261131731,86.64817569704374,0.7347877755270215
387350,387.34999999775226,-42531.523161772566,17475.828579509485,300.4372583734396,87.21821222116685,0.7299853855345799
387400,387.3999999977511,-42517.50153275207,17478.78772413625,300.48813077097725,87.21821222116685,0.7299853855345799
387450,387.4499999977499,-42570.6920799452,17415.756924335223,299.40453118088345,87.37991634049928,0.7286344842195291
387500,387.4999999977487,-42538.151121533796,17493.700932836622,300.74451252221183,87.51151210243746,0.7275387974027698
387550,387.54999999774753,-42491.374728276525,17333.099539453535,297.9835194111016,87.50995211183516,0.7275517668269254
387600,387.59999999774635,-42432.56805708172,17368.84546413217,298.59804864842,87.32079574011787,0.7291278066612286
387650,387.64999999774517,-42598.41081902877,17586.411660579295,302.33835722823477,87.32079574011787,0.7291278066612286
387700,387.699999997744,-42415.28093152282,17520.754266406442,301.20960230783203,87.32079574011787,0.7291278066612286
387750,387.7499999977428,-42283.181201969084,17512.461344333242,301.06703380183865,87.52684320716052,0.7274113625144045
387800,387.7999999977416,-42434.9100268457,17473.37518731685,300.3950806637696,87.84006071155714,0.7248175804770188
387850,387.84999999774044,-42384.74546170804,17553.864988286907,301.7788282223157,87.56922239616665,0.7270593312553197
387900,387.89999999773926,-42545.08762984483,17694.623931998718,304.19869809846585,87.14636465420946,0.7305872198632202
387950,387.9499999977381,-42642.40337326793,17751.826217385526,305.18209626560383,87.1908641818214,0.7302143506817033
388000,387.9999999977369,-42477.89143931484,17784.768636128134,305.7484287817527,87.1908641818214,0.7302143506817033
388050,388.0499999977357,-42471.436022357186,17652.56206433615,303.4755877666659,87.16708343356602,0.7304135662911054
388100,388.0999999977345,-42487.96310708425,17657.37304665528,303.5582961962815,87.05734567939372,0.7313342691192959
388150,388.14999999773335,-42437.79680700795,17536.869763425642,301.4866533054282,87.69379535787607,0.726026510930195
388200,388.19999999773216,-42686.6727360808,17650.2020392771,303.43501518636117,87.85095984243458,0.7247276567962071
388250,388.249999997731,-42451.484951554805,17411.347901005032,299.32873306490853,87.22915301465957,0.7298938264734195
388300,388.2999999977298,-42367.7444922032,17406.316980243362,299.24224354403384,87.59279105270875,0.7268637008677258
388350,388.3499999977286,-42281.07620360409,17301.524965661185,297.44070232284025,87.9976277333781,0.7235197347229803
388400,388.39999999772743,-42233.325944358425,17405.949998551732,299.2359345457048,87.748237924011,0.7255760546330412
388450,388.44999999772625,-42436.424581417166,17750.961787626096,305.16723534465825,88.22283899094141,0.721672766396042
388500,388.49999999772507,-42299.418166409785,17601.497943353545,302.5977143977744,88.20376329653233,0.7218288414731207
388550,388.5499999977239,-42163.14473957168,17383.534623466356,298.85057863508666,88.67527476527651,0.7179906737524588
388600,388.5999999977227,-42250.32639080935,17496.32933472769,300.78969892664827,88.97022112757499,0.7156104533292247
388650,388.6499999977215,-42031.64599911776,17375.035822758546,298.70447074827035,88.97022112757499,0.7156104533292247
388700,388.69999999772034,-42034.879234198546,17337.82312296154,298.0647253162973,88.71144484679907,0.7176979293241958
388750,388.74999999771916,-42350.2573283946,17567.016788766345,302.004928567758,88.2992290973238,0.7210484273167337
388800,388.799999997718,-42319.1512060606,17481.211287691294,300.5297956789762,88.2992290973238,0.7210484273167337
388850,388.8499999977168,-42430.257218651204,17498.254186443824,300.82279018579743,88.2992290973238,0.7210484273167337
388900,388.8999999977156,-42325.700857824166,17293.17331140712,297.2971241173459,88.2992290973238,0.7210484273167337
388950,388.94999999771443,-42464.1473509093,17605.346847503035,302.6638831751319,88.2992290973238,0.7210484273167337
389000,388.99999999771325,-42265.82768058764,17594.280526975264,302.4736355434091,88.5335283537807,0.7191402111467575
389050,389.04999999771206,-42327.12133919433,17443.150671334377,299.8754732141929,88.06384979608447,0.7229756639226114
389100,389.0999999977109,-42435.44626156047,17631.26580954002,303.1094713118458,88.13319488918445,0.7224068111221793
389150,389.1499999977097,-42651.79658780146,17815.729037888836,306.28068727701117,87.58605047178851,0.7269196399535424
389200,389.1999999977085,-42615.79607211884,17875.834020747734,307.3139874254163,87.25963268084432,0.7296388755929525
389250,389.24999999770733,-42562.2656474939,17707.398446024537,304.4183122903485,86.76036084182118,0.7338376610717753
389300,389.29999999770615,-42733.51604689496,18022.309017639986,309.8321253372384,86.54025339823151,0.7357041119457408
389350,389.34999999770497,-42516.527977789585,17749.128556122814,305.13571918253155,86.6398536062502,0.7348583547157828
389400,389.3999999977038,-42516.517714181304,17698.538539682726,304.26599642396957,86.45592365729411,0.7364217231231183
389450,389.4499999977026,-42571.87109385846,17667.829834796947,303.7380649978797,86.67045049352103,0.734598930908577
389500,389.4999999977014,-42597.95039195786,17739.027001692768,304.96205741282114,87.15165603648714,0.7305428625160016
389550,389.54999999770024,-42575.406120420805,17750.891710955184,305.1660306153494,87.25623584175331,0.729667280048302
389600,389.59999999769906,-42363.872492555136,17584.746989332114,302.30973888471414,87.86208229056137,0.7246359136282939
389650,389.6499999976979,-42427.748654679686,17394.42486222242,299.0377991414002,87.58340053949136,0.7269416337082889
389700,389.6999999976967,-42653.71424143142,17814.052367229153,306.2518626445253,88.07989912825471,0.7228439281157345
389750,389.7499999976955,-42275.1526446028,17527.709551486205,301.32917470870916,88.22820038293143,0.72162891227035
389800,389.79999999769433,-42491.809310479264,17736.31490636757,304.91543218528227,88.22820038293143,0.72162891227035
389850,389.84999999769315,-42296.67934239465,17465.580089562212,300.2610705487412,88.22820038293143,0.72162891227035
389900,389.89999999769196,-42429.39973651846,17614.76885612699,302.8258624727928,88.30046934129139,0.7210382996699727
389950,389.9499999976908,-42571.37500847947,17807.298666742892,306.13575580308225,87.69772310952133,0.725993994101688
390000,389.9999999976896,-42437.98230018716,17679.775098212416,303.9434230542811,87.94582677002094,0.7239458950155496
390050,390.0499999976884,-42221.62447748777,17345.323210240724,298.1936637325485,87.89530830941884,0.7243619881253962
390100,390.09999999768723,-42296.5448261352,17410.159858480398,299.30830872638245,87.8353229996267,0.7248566761025731
390150,390.14999999768605,-42770.43211462262,17797.42280092251,305.96597397913956,87.8353229996267,0.7248566761025731
390200,390.19999999768487,-42344.34024719488,17286.571553426078,297.18362940896935,87.96423307431542,0.7237944110774684
390250,390.2499999976837,-42566.893361831666,17571.316013625783,302.07883907357603,87.5807810026014,0.7269633764971126
390300,390.2999999976825,-42652.6677976065,17764.912397925218,305.4070685000268,87.72327856092336,0.7257824983101627
390350,390.3499999976813,-42376.25017046609,17390.38321717876,298.9683168418508,87.72327856092336,0.7257824983101627
390400,390.39999999768014,-42787.803486206496,17802.189899317993,306.0479279743861,87.45558846421088,0.7280040234359628
390450,390.44999999767896,-42878.194425033165,17662.404502795318,303.6447949211609,86.97116263215528,0.732058976182592
390500,390.4999999976778,-42846.52077599275,17558.58540522399,301.85997968912625,87.13829100099814,0.7306549112051784
390550,390.5499999976766,-42907.89249135245,17584.855595649486,302.31160599986026,86.88186615072125,0.7328113804951547
390600,390.5999999976754,-42826.6248792145,17510.535008433624,301.0339170272174,86.88186615072125,0.7328113804951547
390650,390.64999999767423,-42849.71475465917,17663.706035003026,303.6671703276482,86.88186615072125,0.7328113804951547
390700,390.69999999767305,-42819.53533092183,17711.10124274934,304.48196924894444,86.7822635482519,0.7336524500597426
390750,390.74999999767186,-42435.1577651382,17350.82034558477,298.2881682228025,87.3500377039521,0.7288837182840127
390800,390.7999999976707,-42724.004125375766,17838.04396724884,306.6643163660249,87.3500377039521,0.7288837182840127
390850,390.8499999976695,-42415.59967074867,17353.237477948594,298.3297225684067,87.3500377039521,0.7288837182840127
390900,390.8999999976683,-42616.41048027807,17414.707033650502,299.3864818919771,87.02272542726311,0.7316252158422851
390950,390.94999999766713,-42811.712080298516,17603.262445367243,302.62804899077975,86.61921481611184,0.7350334496689821
391000,390.99999999766595,-42514.471494751095,17285.01824588595,297.15692558450434,86.7210359356702,0.7341704303571088
391050,391.04999999766477,-42746.321222875995,17512.93238023682,301.07513165738936,86.72350292300317,0.7341495457169492
391100,391.0999999976636,-43063.63733717261,17758.175719416708,305.2912542934253,86.38038981254464,0.7370656744206898
391150,391.1499999976624,-42888.31189139075,17736.709575861234,304.9222171809178,86.64457205933446,0.7348183361134872
391200,391.1999999976612,-42964.854404818936,17795.793240928644,305.9379592538471,86.45002556146866,0.7364719658600373
391250,391.24999999766004,-42926.01899088818,17565.526492211982,301.9793080022484,86.57613874886292,0.735399166490796
391300,391.29999999765886,-42765.31343425925,17526.14281830175,301.3022400760879,86.85441150013152,0.7330430219288158
391350,391.3499999976577,-43020.5850246149,17588.219651946456,302.3694394723207,87.16748810436007,0.7304101753818997
391400,391.3999999976565,-42716.106947910936,17423.3625320622,299.53528366128006,87.16748810436007,0.7304101753818997
391450,391.4499999976553,-42911.05241191027,17549.879962307637,301.7103192944379,87.16748810436007,0.7304101753818997
391500,391.49999999765413,-42934.96272135872,17649.159023957818,303.41708409591007,86.4769002797161,0.7362430899808649
391550,391.54999999765295,-42758.80383674825,17575.79720874527,302.1558779372733,86.4769002797161,0.7362430899808649
391600,391.59999999765176,-42469.30215448268,17362.755782583517,298.4933573474885,86.64068350227093,0.7348513158051955
391650,391.6499999976506,-42803.64001571587,17790.26795316377,305.8429707787513,86.3891270086508,0.7369911293064662
391700,391.6999999976494,-42679.144851324,17686.02994152774,304.0509537483859,86.40920274698627,0.7368199016987906
391750,391.7499999976482,-42584.87432701897,17648.912192793814,303.4128406760426,86.56478056410425,0.7354956583844962
391800,391.79999999764703,-42575.79726132414,17594.10154013012,302.4705584751719,86.96762364123435,0.7320887660050779
391850,391.84999999764585,-42628.0179009097,17743.743319400226,305.0431384073617,86.62080252985746,0.7350199768924961
391900,391.89999999764467,-42584.25426147831,17786.451324167858,305.77735686256165,86.99088974816274,0.7318929655533264
391950,391.9499999976435,-42751.3784706935,17699.37460448608,304.2803697062548,87.07878462525964,0.731154213370091
392000,391.9999999976423,-42756.49516450698,17833.38746143575,306.5842636329759,87.08888774696167,0.731069392674917
392050,392.0499999976411,-42340.264647389915,17511.65824718786,301.053227285972,87.446093509321,0.7280830705961591
392100,392.09999999763994,-42529.43232196485,17686.029279538758,304.0509423677436,86.73694214554108,0.7340357948874072
392150,392.14999999763876,-42506.132792590746,17633.291154809915,303.14429021484546,87.03812236849157,0.7314957922041937
392200,392.1999999976376,-42307.67325944599,17355.396824613385,298.36684516828205,87.03812236849157,0.7314957922041937
392250,392.2499999976364,-42638.369334609015,17759.886520243905,305.3206656777157,87.03812236849157,0.7314957922041937
392300,392.2999999976352,-42386.704985702156,17547.632099615163,301.67167496341494,86.75139738552154,0.7339134837328999
392350,392.34999999763403,-42434.23373437315,17488.774037085048,300.65981135653266,86.75139738552154,0.7339134837328999
392400,392.39999999763285,-42437.15005572565,17665.387767134205,303.6960819748706,86.62841531213824,0.7349553843793357
392450,392.44999999763166,-42596.96290959338,17974.32762205694,309.0072489157104,86.62841531213824,0.7349553843793357
392500,392.4999999976305,-42304.639036858345,17869.92877113445,307.21246680247395,87.19493693889,0.7301802433612242
392550,392.5499999976293,-42442.32122414652,17879.444668500608,307.37606019678105,87.34208368467284,0.7289500958525682
392600,392.5999999976281,-42455.37688981896,17754.90638440464,305.2350492303428,87.20950768689936,0.7300582466591486
392650,392.64999999762694,-42409.62888030921,17540.937609629236,301.55658604454453,87.29602136917856,0.7293347311288167
392700,392.69999999762575,-42693.42953019788,17645.565956757724,303.3553135621791,87.29602136917856,0.7293347311288167
392750,392.74999999762457,-42634.41622656707,17467.308469213567,300.2907841409476,87.28919900376555,0.7293917346080668
392800,392.7999999976234,-42861.97799297893,17628.241249331048,303.05747431651974,86.92620067860875,0.7324376284350024
392850,392.8499999976222,-42680.986239883845,17439.725310033828,299.8165858113213,87.2817233625379,0.7294542066894175
392900,392.899999997621,-42815.61948297669,17279.86136917771,297.068270680793,87.06937445224331,0.7312332341244345
392950,392.94999999761984,-42886.04741983117,17483.17031161267,300.5634744126253,87.05436683111988,0.7313592940997129
393000,392.99999999761866,-42863.033891553314,17500.74624242433,300.8656325874089,87.05436683111988,0.7313592940997129
393050,393.0499999976175,-42658.335817023835,17312.903021917482,297.6363091870132,87.41482241863179,0.7283435293044186
393100,393.0999999976163,-42735.48293520608,17503.48457359689,300.9127088508466,87.41482241863179,0.7283435293044186
393150,393.1499999976151,-42819.66405599163,17483.144879958232,300.5630372020804,87.10971792533753,0.7308945751434494
393200,393.19999999761393,-42918.15684375545,17394.65872184853,299.0418195599225,86.48521755119894,0.7361722855841121
393250,393.24999999761275,-43217.107466197864,17649.12266144477,303.4164589665391,86.4787494740045,0.7362273467315099
393300,393.29999999761156,-42694.60718100522,17099.478775052397,293.96720730112355,86.95075828681654,0.732230765186537
393350,393.3499999976104,-42909.250153725894,17234.326011079283,296.28544552981936,86.69658148293414,0.7343775173700254
393400,393.3999999976092,-42914.60161207894,17362.27171013702,298.48503537305294,86.94837808011148,0.7322508099604065
393450,393.449999997608,-42688.33469168404,17118.921651347497,294.3014612349166,86.94837808011148,0.7322508099604065
393500,393.49999999760684,-42896.8430675351,17077.665828999965,293.5922081027036,86.94837808011148,0.7322508099604065
393550,393.54999999760565,-43027.84766942861,17222.13899816452,296.07593141544044,86.94837808011148,0.7322508099604065
393600,393.59999999760447,-42766.275815224064,17019.019752600863,292.5839888742108,87.1554737451424,0.7305108622331804
393650,393.6499999976033,-42725.20922561963,16911.358929464248,290.7331282760863,87.57797843102077,0.7269866399582661
393700,393.6999999976021,-42727.90163040443,17139.128510285285,294.64884924413093,87.57797843102077,0.7269866399582661
393750,393.7499999976009,-42940.61730477341,17422.295731066348,299.5169436572587,87.43942006236965,0.7281386384824092
393800,393.79999999759974,-43007.260133012474,17385.226559407263,298.87966570200985,87.30416120916563,0.729266731300101
393850,393.84999999759856,-43004.82571975046,17313.864698011865,297.6528419269588,87.41864488052305,0.7283116818033699
393900,393.8999999975974,-42795.79647728447,16953.276247938873,291.4537535776899,87.48334617461464,0.7277730340449652
393950,393.9499999975962,-42941.43308046079,17180.27307493277,295.3561896797171,87.07556578079937,0.7311812412931165
394000,393.999999997595,-43148.80798626406,17242.305790223007,296.4226306113425,87.16505346200817,0.7304305767638367
394050,394.04999999759383,-43024.228323194664,17283.69325288622,297.13414684972844,86.72017774173301,0.7341776958013065
394100,394.09999999759265,-43141.22829662072,17277.820544181734,297.0331856567083,86.72017774173301,0.7341776958013065
394150,394.14999999759146,-42959.746912736766,17290.09188176242,297.244149446067,86.82908725212332,0.7332568185248124
394200,394.1999999975903,-43124.604680786535,17372.331310572074,298.657975886934,86.71954546260008,0.7341830487495311
394250,394.2499999975891,-43023.68251053133,17286.160731496817,297.1765667273033,86.71954546260008,0.7341830487495311
394300,394.2999999975879,-43209.952583127364,17507.300141853328,300.9783045312395,86.61295333518241,0.7350865871934559
394350,394.34999999758674,-43118.28573970819,17328.808723028254,297.90975345962585,86.61295333518241,0.7350865871934559
394400,394.39999999758555,-43105.52590170512,17276.631385858847,297.0127421358376,87.18900719449354,0.7302299030872125
394450,394.44999999758437,-42918.25472449692,17141.9188629395,294.69681983948857,87.18900719449354,0.7302299030872125
394500,394.4999999975832,-42830.96931175662,17327.834731353054,297.89300899527933,87.24290002058939,0.7297788159137258
394550,394.549999997582,-42971.685364400604,17427.695251399684,299.60976999039076,87.43286991085546,0.7281931879717518
394600,394.5999999975808,-42864.51505214907,17362.998022284577,298.49752183281316,87.1055476891998,0.7309295672082604
394650,394.64999999757964,-42705.65774575701,17267.93834819754,296.8632950071925,87.0987740086974,0.7309864116749519
394700,394.69999999757846,-42690.80168788425,17130.26531583644,294.496476849968,87.0987740086974,0.7309864116749519
394750,394.7499999975773,-42924.951386574714,17297.762364000555,297.3760172223812,87.44673848564987,0.72807770051199
394800,394.7999999975761,-42589.7584395135,17196.144803824776,295.6290499159151,87.44673848564987,0.72807770051199
394850,394.8499999975749,-42702.76672031089,17287.106608997823,297.1928278643285,87.44673848564987,0.72807770051199
394900,394.89999999757373,-42799.497865989615,17426.28139116322,299.58546348662554,87.28501615527766,0.7294266883177478
394950,394.94999999757255,-42509.45863722848,17252.121558960975,296.5913792709581,87.63746799379639,0.7264931510619655
395000,394.99999999757136,-42553.05474349484,17284.90859312934,297.15504047940516,87.05096810515063,0.7313878485188057
395050,395.0499999975702,-42774.89083395965,17640.71035100178,303.27183798478825,86.8446928555723,0.7331250555493225
395100,395.099999997569,-42479.22233332721,17279.286859563486,297.0583939477602,87.16149801102245,0.7304603721456673
395150,395.1499999975678,-42434.12753047276,17203.63151539,295.75775838239235,87.16149801102245,0.7304603721456673
395200,395.19999999756664,-42851.787936161476,17553.535100489593,301.77315692696374,86.53488995042306,0.7357497110169264
395250,395.24999999756545,-42700.27160533762,17574.390780025296,302.1316991930837,86.89263211515323,0.7327205854407788
395300,395.29999999756427,-42722.65498459352,17618.716641794956,302.893731180553,86.89263211515323,0.7327205854407788
395350,395.3499999975631,-42647.31644290697,17679.331119040606,303.93579034693636,86.79657895126348,0.7335314483956223
395400,395.3999999975619,-42514.71826356123,17472.583932882902,300.3814777429278,87.37233715110716,0.7286976902517082
395450,395.4499999975607,-42680.53356900018,17641.144683738454,303.279304854587,87.23520158169839,0.729843218328306
395500,395.49999999755954,-42363.063533066204,17385.535302256067,298.8849734821025,87.64683352521239,0.7264155213957687
395550,395.54999999755836,-42406.495560850824,17550.6425113847,301.7234287245886,87.64683352521239,0.7264155213957687
395600,395.5999999975572,-42506.38954225178,17672.02666801598,303.81021522872226,87.78735642461227,0.7252527341859354
395650,395.649999997556,-42394.943604035565,17529.815059030363,301.3653717285628,87.80639543264365,0.7250954780707868
395700,395.6999999975548,-42530.94436313523,17667.42623155628,303.73112641693945,87.57708565157553,0.7269940510147576
395750,395.74999999755363,-42407.44418004093,17641.00003655068,303.27681813961783,87.64617188608997,0.7264210050913795
395800,395.79999999755245,-42393.5663709371,17593.838587608527,302.46603790355437,87.60908223415525,0.726728538300835
395850,395.84999999755127,-42581.0641942047,17696.531796606592,304.2314973222354,87.51902983689129,0.7274763030687499
395900,395.8999999975501,-42540.97995512634,17648.389905564887,303.40386172878254,88.14207862544511,0.722334000590785
395950,395.9499999975489,-42465.23571615025,17617.935356067173,302.88029963760823,88.58406546391737,0.7187299424617055
396000,395.9999999975477,-42698.986149025724,17635.81727446822,303.18771822519767,87.16153965786998,0.7304600231227856
396050,396.04999999754654,-42483.75795110529,17425.301103882575,299.5686107908192,87.76732852197952,0.7254182318875178
396100,396.09999999754535,-42855.0386701357,17826.275728585297,306.4620016463609,87.76732852197952,0.7254182318875178
396150,396.14999999754417,-42430.14448853471,17458.215121552505,300.1344550474059,88.18621773492474,0.7219724567991149
396200,396.199999997543,-42276.06125273471,17414.17738624221,299.37737641154,87.51022180363948,0.7275495246345883
396250,396.2499999975418,-42755.24856253434,17891.080096780788,307.57609169494975,87.51438463004503,0.7275149170396736
396300,396.2999999975406,-42407.544624081,17522.324507398742,301.23659724524316,87.37286980187169,0.7286932478958292
396350,396.34999999753944,-42414.77001384624,17461.20190771166,300.18580264680133,87.52755482227491,0.7274054485262784
396400,396.39999999753826,-42234.68979887887,17381.7872019982,298.8205376837964,87.83002860607782,0.724900370458259
396450,396.4499999975371,-42504.746387346844,17585.167648180017,302.3169706786402,87.12082518796194,0.7308013914760615
396500,396.4999999975359,-42405.78949335652,17646.02332722925,303.3631764872416,87.88975930670215,0.7244077214016242
396550,396.5499999975347,-42319.586732616226,17562.67452448052,301.93027814582064,87.34227618266185,0.7289484892831761
396600,396.59999999753353,-42224.638898219746,17349.71996055266,298.2692508558405,87.31632532178669,0.7291651365225191
396650,396.64999999753235,-42557.31742591304,17558.185199457283,301.85309951616125,86.73467490487276,0.7340549825514873
396700,396.69999999753117,-42745.40674251842,17676.077968639802,303.87986352303517,86.89866890966402,0.7326696838140493
396750,396.74999999753,-42563.32476226697,17552.276367984938,301.75151731537085,87.21180781991612,0.7300389920293081
396800,396.7999999975288,-42208.495350593876,17238.831354630667,296.3628995434273,87.15030970761907,0.7305541482010264
396850,396.8499999975276,-42504.46568824296,17456.631452405498,300.10722925868106,87.15030970761907,0.7305541482010264
396900,396.89999999752644,-42587.78748081476,17389.40092941598,298.9514297545782,87.56857334048696,0.7270647201976128
396950,396.94999999752525,-42750.64163473686,17613.170634253507,302.7983864995789,87.5320804327312,0.7273678399867857
397000,396.99999999752407,-42730.03871493948,17466.00021090775,300.26829310214765,87.5320804327312,0.7273678399867857
397050,397.0499999975229,-42645.206409928025,17410.082042908114,299.30697095306374,87.23665193251557,0.7298310843377795
397100,397.0999999975217,-42781.608034853714,17488.198197643527,300.6499117616558,86.8010235768789,0.7334938880935555
397150,397.1499999975205,-42857.078741977915,17592.908953930924,302.45005602366126,87.3612939976652,0.7287898033608211
397200,397.19999999751934,-42867.19779620599,17635.355642276478,303.1797820343937,87.3612939976652,0.7287898033608211
397250,397.24999999751816,-42658.5357644491,17344.074545393414,298.1721971999806,87.25670720426729,0.7296633383707564
397300,397.299999997517,-42596.92505347354,17161.35130289265,295.0308943559826,86.88758160004424,0.7327631762957583
397350,397.3499999975158,-42725.39516870076,17214.33942865122,295.94184442377605,87.2848637168459,0.7294279622231618
397400,397.3999999975146,-42974.08187165949,17281.1735342074,297.0908288823833,86.81065089330619,0.7334125434925707
397450,397.44999999751343,-42854.50024097091,17124.539725756153,294.3980448598357,86.81065089330619,0.7334125434925707
397500,397.49999999751225,-42697.3763211413,17049.061873594776,293.10046066415026,86.81065089330619,0.7334125434925707
397550,397.54999999751107,-42942.95460887943,17283.505876890056,297.13092555865677,86.6206238050278,0.7350214934634279
397600,397.5999999975099,-43064.27808195268,17370.085658874246,298.6193695664219,87.26690772582434,0.7295780489201913
397650,397.6499999975087,-42798.40914333356,17308.39249056453,297.558765986854,87.31723530538612,0.729157537469329
397700,397.6999999975075,-42813.515302370004,17355.92216838258,298.3758766623256,87.31723530538612,0.729157537469329
397750,397.74999999750634,-42625.48145518256,17202.4586982923,295.737595793145,87.66184338686288,0.7262911412087264
397800,397.79999999750515,-42547.472831335486,17265.92584245755,296.8286968361111,88.2198328343672,0.7216973579335845
397850,397.84999999750397,-42569.63027574822,17203.28706401465,295.75183671599575,88.2198328343672,0.7216973579335845
397900,397.8999999975028,-42882.60067828392,17556.60546521395,301.8259413746822,88.11288768728681,0.7225733027824884
397950,397.9499999975016,-42650.22342672062,17436.42459794239,299.7598413263935,87.93518929876353,0.7240334703504248
398000,397.9999999975004,-42590.5396361918,17541.385580724167,301.56428737938995,87.93518929876353,0.7240334703504248
398050,398.04999999749924,-42570.57117102274,17574.987759661366,302.1419622214918,88.54077784368778,0.7190813298060978
398100,398.09999999749806,-42348.08753768849,17270.551498756344,296.9082192169965,88.34868203865162,0.7206448223647661
398150,398.1499999974969,-42609.52916319179,17358.48031902385,298.4198553361648,88.61269212564143,0.7184977540647587
398200,398.1999999974957,-42689.140629126385,17262.65034158541,296.7723857720978,88.06560639255919,0.7229612431225445
398250,398.2499999974945,-42708.6075980449,17273.44984976692,296.9580464756846,87.90336143522815,0.7242956268608597
398300,398.29999999749333,-42712.38439897025,17233.55736500073,296.2722312825263,87.90336143522815,0.7242956268608597
398350,398.34999999749215,-42863.31366919281,17448.537439893902,299.9680803240734,87.90336143522815,0.7242956268608597
398400,398.39999999749097,-42611.062274624855,17223.341392767023,296.0966024889873,87.4944083417521,0.727681019628349
398450,398.4499999974898,-42437.40341179956,17220.146276087726,296.0416733569611,87.34135718777395,0.7289561591884394
398500,398.4999999974886,-42810.98543062238,17456.100030617097,300.09809327383084,86.69007050985849,0.7344326737704625
398550,398.5499999974874,-42887.505988844845,17356.015217683354,298.3774763276399,87.25749380570691,0.7296567606637037
398600,398.59999999748624,-42811.32422696297,17375.147820496837,298.70639616733035,86.95494344077994,0.7321955228142486
398650,398.64999999748505,-42886.27750622771,17450.03487011807,299.9938235287007,86.30266842914575,0.7377294518555537
398700,398.69999999748387,-42903.9007055922,17360.57848979556,298.4559262252436,86.8757223124784,0.7328632048076835
398750,398.7499999974827,-42862.65718504116,17464.012643439717,300.23412365958234,86.56204970027622,0.7355188618379278
398800,398.7999999974815,-43031.24593735032,17490.90668286245,300.69647492573216,86.29979760333273,0.737753992964713
398850,398.8499999974803,-42952.86562634558,17339.41476157047,298.09208811273425,86.68188670553498,0.734502012977526
398900,398.89999999747914,-43001.84367261002,17421.833359496584,299.50899475537193,86.68188670553498,0.734502012977526
398950,398.94999999747796,-42843.86251269298,17234.368626887383,296.2861781632673,85.86442323666432,0.7414947643498395
399000,398.9999999974768,-42977.0593812867,17442.4110466119,299.86275789011904,85.86442323666432,0.7414947643498395
399050,399.0499999974756,-42982.022513015894,17471.509443282423,300.3630055595775,86.25696134943873,0.7381203705516295
399100,399.0999999974744,-42732.53311684253,17231.823690200574,296.2424266582992,86.25696134943873,0.7381203705516295
399150,399.14999999747323,-42674.32935941071,17157.709867371395,294.9682922939646,86.3453173572593,0.7373650618536123
399200,399.19999999747205,-42900.985605788104,17377.833453053783,298.7525664578397,86.34566999699351,0.7373620504203878
399250,399.24999999747087,-42941.374750837895,17374.43406506976,298.69412557754487,86.62576971523087,0.7349778303062043
399300,399.2999999974697,-42900.88463911896,17302.729752331892,297.46141451984,86.6289231094962,0.7349510762523382
399350,399.3499999974685,-42928.086874309774,17244.346553659256,296.45771457711766,86.38609456530314,0.7370170001813864
399400,399.3999999974673,-42865.43952929237,17127.89996759009,294.4558127556162,86.73186635617576,0.7340787526979327
399450,399.44999999746614,-42753.83941083713,16946.177317685513,291.33171168805933,87.23155141138083,0.7298737583337159
399500,399.49999999746495,-42704.80229603497,16969.7125097349,291.7363190314216,87.31256127390428,0.7291965708596639
399550,399.5499999974638,-42908.475062245634,17244.60149501198,296.4620974240145,87.31256127390428,0.7291965708596639
399600,399.5999999974626,-42837.380028705156,17207.204390857398,295.8191817881583,86.80440760539634,0.733465293183422
399650,399.6499999974614,-42502.235293701044,16864.822127279727,289.93308671020725,86.80440760539634,0.733465293183422
399700,399.6999999974602,-42948.042903088266,17177.08053053748,295.30130476933977,86.55516854242757,0.735577335773964
399750,399.74999999745904,-43194.13910007509,17567.072560090506,302.00588736542824,86.84943666325313,0.733085011486826
399800,399.79999999745786,-42965.63861387359,17335.386851056148,298.02284193156515,86.29280575263613,0.7378137692777516
399850,399.8499999974567,-42791.65325256849,17201.43769758567,295.7200431688616,86.93759245512982,0.732341654236234
399900,399.8999999974555,-42947.661716478724,17388.634620049583,298.9382556790796,86.93759245512982,0.732341654236234
399950,399.9499999974543,-42891.174400974174,17376.155179721303,298.72371427286214,86.85308894758012,0.733054184317289
400000,399.99999999745313,-42983.84769495012,17426.45046551687,299.5883701433853,86.67393720860646,0.7345693794971997
