#"Step","Time (ps)","Potential Energy (kJ/mole)","Kinetic Energy (kJ/mole)","Temperature (K)"
50,0.05000000000000004,17926.23939508303,584.1842658497725,17.002109481586956
100,0.10000000000000007,18411.958079748212,1067.1951600350792,31.059667317027923
150,0.1500000000000001,18888.810870910514,1524.9250482230352,44.38144629484018
200,0.20000000000000015,19360.5456023983,1936.8965506885593,56.37147238365296
250,0.25000000000000017,19780.9898832376,2328.4453947465986,67.76711705131598
300,0.3000000000000002,20126.88269524224,2757.904780855246,80.2661108232435
350,0.35000000000000026,20520.95010063058,3081.1252157960607,89.67312423117235
400,0.4000000000000003,20863.925293313667,3445.860606596829,100.28838966832598
450,0.45000000000000034,21186.68001069023,3818.3946919426526,111.13062845313667
500,0.5000000000000003,21587.776659691,4035.4485636124004,117.44776827572885
550,0.5500000000000004,21863.56266125996,4407.184256486931,128.26677063155688
600,0.6000000000000004,22164.709471335773,4664.253509486774,135.74851883902585
650,0.6500000000000005,22441.69265591757,4917.036462675034,143.1055184989429
700,0.7000000000000005,22705.898738791853,5180.313450511131,150.76793673381346
750,0.7500000000000006,23007.951277662192,5403.337992087914,157.2588470418023
800,0.8000000000000006,23207.21172264535,5689.840813593134,165.59723036154065
850,0.8500000000000006,23445.98678683678,5825.328931509349,169.54047900572448
900,0.9000000000000007,23714.429106163996,6035.625305124401,175.6609484822223
950,0.9500000000000007,23900.2179176149,6252.48136352225,181.97233114375703
1000,1.0000000000000007,24196.323393029015,6361.399616360872,185.14228995223618
1050,1.0499999999999952,24291.48717964493,6710.57050591174,195.3045658623745
1100,1.0999999999999897,24524.535400009867,6751.046457556242,196.48257869404532
1150,1.1499999999999841,24756.782468317186,6885.256194255947,200.38862130808954
1200,1.1999999999999786,24769.89856878698,7076.495718763815,205.95445990211553
1250,1.2499999999999731,24889.068280634958,7317.4019863609265,212.96580028891714
1300,1.2999999999999676,25145.061041532455,7347.672714031484,213.84680009673204
1350,1.3499999999999621,25200.182368570844,7648.510071884935,222.6023760226524
1400,1.3999999999999566,25334.699586761766,7693.234405992381,223.9040338546718
1450,1.449999999999951,25576.627061134437,7676.29642378583,223.41107051295285
1500,1.4999999999999456,25626.934292957907,7861.089522385427,228.78929221028284
1550,1.54999999999994,25790.799401600132,7993.935194614157,232.65563506719351
1600,1.5999999999999346,26037.28396722566,7969.62152531178,231.94800959430134
1650,1.649999999999929,25989.987290000725,8232.202268177754,239.59016430291823
1700,1.6999999999999236,26160.210193511848,8374.99920662903,243.74612899267652
1750,1.749999999999918,26241.69788345204,8402.089392939555,244.53456226699305
1800,1.7999999999999126,26391.140806975185,8404.73727088208,244.61162615471554
1850,1.849999999999907,26413.843503744727,8639.834072942707,251.4538877510483
1900,1.8999999999999015,26687.739733056886,8567.034524180215,249.33512836188612
1950,1.949999999999896,26737.39689439081,8625.065737086483,251.0240698361082
2000,1.9999999999998905,26686.704518719038,8835.2532662999,257.14137150316435
2050,2.0499999999998852,26903.81458057837,8649.935547353029,251.74788124572055
2100,2.0999999999998797,26858.182016965657,8914.129399266489,259.43698390934816
2150,2.1499999999998742,26814.536479321527,9137.985780301802,265.95210408804365
2200,2.1999999999998687,27023.427287875427,9194.684670363238,267.6022696139959
2250,2.249999999999863,27223.967093883803,9224.820732239654,268.47935010609257
2300,2.2999999999998577,27306.11389701174,9200.302842525996,267.7657809986421
2350,2.349999999999852,27293.824935466742,9334.856799807721,271.6818418147561
2400,2.3999999999998467,27477.004886414594,9276.326742691683,269.97838196959435
2450,2.449999999999841,27422.271236877576,9549.431216960884,277.9268195480728
2500,2.4999999999998357,27282.04024649223,9626.108256646676,280.1584295034787
2550,2.54999999999983,27496.638869357404,9563.880233511305,278.3473439881383
2600,2.5999999999998247,27553.514057371453,9580.594966216626,278.8338098723194
2650,2.649999999999819,27756.322241958376,9432.131400065815,274.51292354709267
2700,2.6999999999998137,27479.944559016156,9789.925947396334,284.9261825498483
2750,2.749999999999808,27670.401156849242,9671.3786996483,281.4759812986711
2800,2.7999999999998026,27560.031875730165,9650.74111472753,280.87534465237593
2850,2.849999999999797,27629.773634568664,9584.053760470437,278.93447468309114
2900,2.8999999999997916,27502.64752845234,9855.849125186889,286.8448119133741
2950,2.949999999999786,27768.931680387264,9595.494296375728,279.26744024782926
3000,2.9999999999997806,27791.299481260176,9678.123891036461,281.67229347131916
3050,3.049999999999775,27874.025567665383,9776.31487815245,284.5300457434087
3100,3.0999999999997696,27763.78403035824,9910.473932510211,288.4346132976526
3150,3.149999999999764,27945.383788344225,9810.01014216763,285.5107133191842
3200,3.1999999999997586,28093.551199355737,9893.91169195054,287.9525855476476
3250,3.249999999999753,28093.509837728125,9897.549626795668,288.05846406944204
3300,3.2999999999997476,27808.536953952607,10107.126579306743,294.1579955010656
3350,3.349999999999742,27915.106232789214,10072.121458870984,293.13920584023975
3400,3.3999999999997366,27995.053420628872,10077.558342328684,293.2974409951219
3450,3.449999999999731,28135.291629015635,10054.044948851466,292.61310676437745
3500,3.4999999999997256,28016.170364077487,10244.281019068247,298.1497408064938
3550,3.54999999999972,28353.99574568941,10007.909616497207,291.2703832137602
3600,3.5999999999997145,28208.509898473,10220.200994566152,297.44891533611184
3650,3.649999999999709,28342.644305096488,10164.506149392946,295.82797155081926
3700,3.6999999999997035,28362.756913243058,10195.739428271945,296.73698546648376
3750,3.749999999999698,28327.107539706565,10205.309205291065,297.0155044306273
3800,3.7999999999996925,28232.75321802131,10346.85592810475,301.1350828217663
3850,3.849999999999687,28400.98084610336,10271.834974245388,298.951671618326
3900,3.8999999999996815,28415.97917581779,10207.205306657486,297.07068859922725
3950,3.949999999999676,28371.078102876847,10294.60193093113,299.6142815391366
4000,3.9999999999996705,28374.845058346793,10314.655924707826,300.1979333381772
4050,4.049999999999687,28274.03768232008,10386.648141497291,302.29319612293597
4100,4.099999999999704,28350.564839310413,10388.164518618001,302.3373287901933
4150,4.149999999999721,28430.697523174436,10262.219918374549,298.67183485765975
4200,4.199999999999737,28444.60571868266,10194.102798062408,296.6893529511455
4250,4.249999999999754,28332.87158395644,10265.837263897069,298.77711414743516
4300,4.299999999999771,28583.637320156784,10173.270481399886,296.0830488287022
4350,4.349999999999787,28350.18775292035,10511.540576271316,305.92806781254086
4400,4.399999999999804,28486.56954330473,10374.927598676311,301.952081231839
4450,4.449999999999821,28478.398249578437,10386.847944898183,302.2990112047438
4500,4.4999999999998375,28841.144096105665,10014.338597163749,291.45749238382416
4550,4.549999999999854,28423.323342254087,10541.089017407272,306.7880461799365
4600,4.599999999999871,28636.646264497387,10344.378483478413,301.062979228373
4650,4.649999999999888,28536.391685089417,10547.603976598592,306.9776576705469
4700,4.699999999999904,28726.22957222208,10418.229510034998,303.2123408463485
4750,4.749999999999921,28798.501259124234,10457.238716194257,304.34766549078194
4800,4.799999999999938,28742.159015998826,10385.370499348002,302.25601160262215
4850,4.849999999999954,28507.869233120655,10401.577198488112,302.72769166869597
4900,4.899999999999971,28721.546328764212,10115.33155349253,294.39679321876423
4950,4.949999999999988,28627.616151251314,10196.647127098739,296.7634031496218
5000,5.000000000000004,28478.26385740887,10351.855261626995,301.2805835153814
5050,5.050000000000021,28517.544336622785,10208.064708330554,297.0957006411262
5100,5.100000000000038,28711.93202901483,9995.710297149264,290.9153340019284
5150,5.1500000000000545,28584.70202779826,10037.464731319102,292.1305558122327
5200,5.200000000000071,28569.017196731264,10052.251349375174,292.5609058126492
5250,5.250000000000088,28592.325420289468,10159.27390040461,295.6756920812495
5300,5.300000000000105,28639.924249831965,10123.096394744898,294.62278129957616
5350,5.350000000000121,28421.90622266529,10392.411808104038,302.460941980522
5400,5.400000000000138,28457.647344191355,10363.50411986264,301.61961209700513
5450,5.450000000000155,28698.666894746544,10099.112222992175,293.9247455293525
5500,5.500000000000171,28503.116268802354,10221.31508212807,297.4813397607448
5550,5.550000000000188,28636.567832156827,10302.987153712182,299.8583252152249
5600,5.600000000000205,28525.632987283367,10274.670983463413,299.0342108821069
5650,5.6500000000002215,28666.539661670868,10226.776618977028,297.64029242837375
5700,5.700000000000238,28405.795377707662,10456.568577465447,304.3281617610495
5750,5.750000000000255,28767.48007292996,10132.605838528722,294.8995443241441
5800,5.800000000000272,28560.49568506333,10364.898225363468,301.66018616881695
5850,5.850000000000288,28440.8809851939,10526.44058926679,306.3617180613328
5900,5.900000000000305,28789.904804188314,10177.218658240992,296.19795663918126
5950,5.950000000000322,28719.7682505266,10242.661108171531,298.10259489033956
6000,6.000000000000338,28673.921137414938,10179.306944034057,296.2587341468241
6050,6.050000000000355,28586.540804389784,10195.706131147723,296.7360163863757
6100,6.100000000000372,28640.703308409342,10175.096936521399,296.1362060117255
6150,6.1500000000003885,28612.5943188011,10258.460097786989,298.56240897100423
6200,6.200000000000405,28458.181964573036,10310.704407555937,300.0829283112324
6250,6.250000000000422,28475.371667699343,10310.002377957695,300.0624964290569
6300,6.300000000000439,28756.760060134395,10146.216893326598,295.29568071014677
6350,6.350000000000455,28823.856005977366,10219.89709780461,297.44007071924545
6400,6.400000000000472,28706.90766401543,10278.71444879652,299.15189197058754
6450,6.450000000000489,29090.10628189882,9882.14733500919,287.6101954895957
6500,6.500000000000505,28559.8341224463,10358.837928560892,301.4838071806249
6550,6.550000000000522,28833.954953453365,10060.243951745135,292.7935226571635
6600,6.600000000000539,28412.679856729002,10377.661268398682,302.03164200507996
6650,6.6500000000005555,28665.291236067795,10081.407931314377,293.4094795028668
6700,6.700000000000572,28378.152976223086,10409.997821837274,302.9727656435614
6750,6.750000000000589,28703.03556616717,10055.994845258607,292.66985658481934
6800,6.800000000000606,28368.456135775625,10328.983197936712,300.61491455840195
6850,6.850000000000622,28511.68708741139,10277.42089502548,299.11424435814536
6900,6.900000000000639,28448.54194801119,10382.883415091339,302.18362745725284
6950,6.950000000000656,28709.794992063704,10356.51231153254,301.4161223804005
7000,7.000000000000672,28622.479608806098,10555.285054205518,307.2012078927008
7050,7.050000000000689,28708.74837460777,10489.83435933594,305.296329680687
7100,7.100000000000706,28671.957766367785,10505.65297651964,305.75671500245414
7150,7.1500000000007224,28637.32421818772,10436.375293101055,303.7404560462152
7200,7.200000000000739,28715.827910672735,10295.933983574945,299.6530496234712
7250,7.250000000000756,28686.44562304917,10379.951743551319,302.0983040355154
7300,7.3000000000007725,28625.33315812965,10289.186319020186,299.4566654717375
7350,7.350000000000789,28610.098098153183,10376.172593033949,301.9883155702317
7400,7.400000000000806,28661.66871724563,10245.779078423097,298.1933403531608
7450,7.450000000000823,28401.217120870228,10432.401666461197,303.624807544331
7500,7.500000000000839,28551.498577142876,10327.98797312545,300.58594951742253
7550,7.550000000000856,28488.449622855427,10465.437019340663,304.58626905442924
7600,7.600000000000873,28492.61946376683,10308.604831229222,300.02182220369315
7650,7.650000000000889,28364.621390684893,10405.689984890178,302.8473902788264
7700,7.700000000000906,28496.730025498866,10398.971948216049,302.6518684174687
7750,7.750000000000923,28526.077161069858,10230.772583643935,297.7565910566028
7800,7.8000000000009395,28808.949690687477,10030.612850273612,291.93113854186043
7850,7.850000000000956,28484.85959241588,10521.436311026886,306.21607345656514
7900,7.900000000000973,28633.49513828147,10334.906448236035,300.78730494267467
7950,7.95000000000099,28655.79098114228,10367.389425497335,301.7326901027511
8000,8.000000000001005,28618.287461827967,10493.074785294979,305.39063909664225
8050,8.050000000000978,28652.51881011916,10471.899877303022,304.7743641899258
8100,8.10000000000095,28683.57416609185,10464.387206648345,304.55571528676836
8150,8.150000000000922,28730.260724842134,10436.580893982713,303.7464398580085
8200,8.200000000000895,28554.850830014453,10645.514601479752,309.8272502750628
8250,8.250000000000867,28680.78255789964,10568.681994735869,307.5911126931733
8300,8.30000000000084,28729.738795525132,10486.17946885209,305.18995768167525
8350,8.350000000000811,28571.567686857445,10598.96472247331,308.47246175115265
8400,8.400000000000784,28771.1134461022,10405.104630984275,302.8303541281195
8450,8.450000000000756,28740.690862520038,10497.4118380331,305.5168647582898
8500,8.500000000000728,29055.461293788343,10215.108576660812,297.3007055129208
8550,8.5500000000007,28744.734000401993,10542.664153984007,306.83388898346897
8600,8.600000000000673,28757.27506711695,10414.272056974743,303.0971630606188
8650,8.650000000000645,28635.78540912251,10525.371012965868,306.3305890932482
8700,8.700000000000617,28571.03668074242,10664.917674501912,310.3919576646432
8750,8.75000000000059,28871.556387523924,10442.5993919999,303.9216023335916
8800,8.800000000000562,28864.348519504638,10374.691479493616,301.9452092148581
8850,8.850000000000534,28771.10461217555,10530.194885762694,306.47098317472444
8900,8.900000000000507,28670.27157310344,10477.694572868852,304.9430131149005
8950,8.950000000000479,28769.6382087491,10379.691969943724,302.0907435797227
9000,9.000000000000451,28457.11145843358,10476.78329716902,304.91649133038464
9050,9.050000000000423,28423.672268348164,10509.06931286804,305.85614411757575
9100,9.100000000000396,28677.8028489817,10317.911758845823,300.29269119405274
9150,9.150000000000368,28736.79856993392,10250.974984452962,298.3445620966073
9200,9.20000000000034,28613.78232003982,10429.919743920937,303.55257362564964
9250,9.250000000000313,28597.70631631607,10397.34380783876,302.6044829903624
9300,9.300000000000285,28504.7349396391,10425.061413948986,303.4111767019228
9350,9.350000000000257,28528.44108206271,10470.688095727017,304.7390964769328
9400,9.40000000000023,28611.405037228862,10339.92163937311,300.9332671565998
9450,9.450000000000202,28509.098267752823,10405.865159864878,302.8524885744711
9500,9.500000000000174,28525.386318625096,10296.984690451194,299.6836294154774
9550,9.550000000000146,28475.51374103204,10298.496135049349,299.7276185265087
9600,9.600000000000119,28475.833159289636,10351.859673149327,301.2807119084075
9650,9.650000000000091,28683.704986980643,10147.056819607411,295.3201259398759
9700,9.700000000000063,28702.324998861084,10083.261143279227,293.4634154175446
9750,9.750000000000036,28615.8365293788,10155.657447906047,295.57043878205957
9800,9.800000000000008,28567.940843999546,10188.952249666007,296.53945129708706
9850,9.84999999999998,28400.2401828894,10207.829007193042,297.08884079093997
9900,9.899999999999952,28397.4023329966,10256.08335488595,298.4932362024527
9950,9.949999999999925,28366.492882809784,10442.754961360171,303.92613002707793
10000,9.999999999999897,28520.98856654086,10258.15004880287,298.55338529974017
10050,10.04999999999987,28279.800418118997,10435.689406309733,303.7204939845854
10100,10.099999999999842,28305.22414491696,10268.212678963997,298.84624827067853
10150,10.149999999999814,28546.51381788474,10066.404080327995,292.9728071513018
10200,10.199999999999786,28545.53998833242,10112.614856607577,294.3177264232916
10250,10.249999999999758,28415.564323978448,10137.228990019808,295.0340966090932
10300,10.29999999999973,28337.52356206924,10340.460165738883,300.9489404377285
10350,10.349999999999703,28381.923178545396,10306.832466511089,299.9702392687519
10400,10.399999999999675,28456.05084043223,10233.881407072025,297.84707031010754
10450,10.449999999999648,28396.938027291842,10207.499545386143,297.0792521285292
10500,10.49999999999962,28492.482644296128,10181.413244829582,296.32003596342577
10550,10.549999999999592,28374.597709132344,10329.18917410159,300.6209092924449
10600,10.599999999999564,28428.90684309027,10341.07707037395,300.9668948414299
10650,10.649999999999537,28535.742825971676,10143.157209926292,295.206631628903
10700,10.699999999999509,28393.242461261427,10259.467734874452,298.59173525909557
10750,10.749999999999481,28521.021523323587,10024.158054448173,291.74327804694315
10800,10.799999999999454,28397.244696995243,10100.510951207098,293.9654541407193
10850,10.849999999999426,28399.259275482582,10115.676587914726,294.40683510685335
10900,10.899999999999398,28419.90308883699,9984.966832132837,290.60265600099797
10950,10.94999999999937,28354.19007147019,9971.093958420195,290.19889963254553
11000,10.999999999999343,28473.08362769636,9953.30044956494,289.681037027707
11050,11.049999999999315,28296.090188713802,10120.474422694228,294.5464713774006
11100,11.099999999999287,28277.73339131342,10132.709605847049,294.902564370061
11150,11.14999999999926,28069.25186405646,10351.667571737065,301.2751209854166
11200,11.199999999999232,28359.104943002385,10141.709806593222,295.16450637601366
11250,11.249999999999204,28356.16149724371,10064.914244581987,292.9294469446959
11300,11.299999999999176,28360.531856045738,10127.772361910489,294.75887073287515
11350,11.349999999999149,28396.93850817062,10029.323886944265,291.89362452971665
11400,11.399999999999121,28276.83901974876,10133.394461819555,294.9224964307212
11450,11.449999999999093,28273.43729820886,10275.773523081885,299.06629921518413
11500,11.499999999999066,28449.52472935187,10142.266680651024,295.1807136487043
11550,11.549999999999038,28369.300270992557,10231.772248418572,297.7856853183569
11600,11.59999999999901,28289.069651895225,10290.323192565058,299.48975306003217
11650,11.649999999998983,28537.346505400987,10021.584675331598,291.66838237440396
11700,11.699999999998955,28326.097147767316,10266.69752521014,298.8021512083124
11750,11.749999999998927,28514.909738662056,10096.312263022897,293.8432554435617
11800,11.7999999999989,28546.30633000128,10013.181799761864,291.42382493123324
11850,11.849999999998872,28461.273273413986,10204.373515182073,296.98827208870387
11900,11.899999999998844,28658.845363567212,9923.969232152533,288.82738074350607
11950,11.949999999998816,28679.269434792135,10044.469024934682,292.3344089008127
12000,11.999999999998789,28636.241874741892,10129.013320692304,294.79498761979585
12050,12.04999999999876,28462.3971550146,10405.901856099817,302.85355658235915
12100,12.099999999998733,28638.85567728256,10213.164439389271,297.24412330646595
12150,12.149999999998705,28552.703783292927,10292.310410997272,299.5475891013695
12200,12.199999999998678,28718.25300214554,10292.106335443397,299.5416496827437
12250,12.24999999999865,28617.393691409954,10448.267341618277,304.08656244221
12300,12.299999999998622,28627.103659849192,10454.55676322944,304.2696098829919
12350,12.349999999998595,28667.485318488965,10381.996825342361,302.15782413309887
12400,12.399999999998567,28801.717303506593,10103.00340308079,294.0379945053121
12450,12.44999999999854,28456.80907614837,10427.611092810941,303.4853826018212
12500,12.499999999998511,28475.641275169444,10524.390285348925,306.30204597887547
12550,12.549999999998484,28724.635858228183,10218.642376894126,297.403553299082
12600,12.599999999998456,28417.068689812724,10495.746120893607,305.4683856964139
12650,12.649999999998428,28567.112073608776,10294.694568644998,299.6169776688433
12700,12.6999999999984,28545.494191329744,10271.453485445414,298.940568761364
12750,12.749999999998373,28733.82194394338,10037.763087274918,292.1392391693887
12800,12.799999999998345,28614.618078672313,10125.399065979642,294.6897982850067
12850,12.849999999998317,28569.9165052991,10138.294604541796,295.06511027349177
12900,12.89999999999829,28488.984718566033,10306.468323328236,299.9596412389457
12950,12.949999999998262,28601.374038889444,10098.40190778367,293.9040725026254
13000,12.999999999998234,28541.15580742238,10205.584250098045,297.02350933968427
13050,13.049999999998207,28412.418161313617,10368.621070021707,301.7685359073541
13100,13.099999999998179,28467.561276514236,10353.844871881533,301.33848916835916
13150,13.149999999998151,28673.26928898177,10182.78620055916,296.3599944919111
13200,13.199999999998123,28574.22294061025,10314.049520159997,300.18028452920544
13250,13.249999999998096,28593.086999289124,10229.685115058453,297.7249413511434
13300,13.299999999998068,28564.098154661777,10144.322880418336,295.240557324071
13350,13.34999999999804,28496.494374897673,10274.119250232323,299.01815322813025
13400,13.399999999998013,28354.383535480345,10289.154096022956,299.45572765304104
13450,13.449999999997985,28633.968983853396,10203.056876174722,296.94995260312487
13500,13.499999999997957,28484.879971065042,10347.641078637209,301.15793385712067
13550,13.54999999999793,28636.368823796496,10267.795434384976,298.8341047768739
13600,13.599999999997902,28693.412014723326,10279.250858553718,299.16750364990185
13650,13.649999999997874,28868.980679044143,10131.269826238879,294.8606609981996
13700,13.699999999997846,28574.15032378624,10380.454363824485,302.1129323050728
13750,13.749999999997819,28797.644557549414,10207.637064377474,297.0832544837501
13800,13.799999999997791,28572.46513642341,10383.720963915772,302.20800349344836
13850,13.849999999997763,28839.11876585534,10143.90469133544,295.2283863414084
13900,13.899999999997736,28685.83232915101,10225.831220181008,297.6127775246468
13950,13.949999999997708,28659.292974208845,10351.768104724726,301.2780468993151
14000,13.99999999999768,28683.0294772064,10369.866747134169,301.8047901166556
14050,14.049999999997652,28554.420730780403,10433.45778461229,303.6555448261787
14100,14.099999999997625,28496.798672460653,10593.454815386334,308.312101315238
14150,14.149999999997597,28554.334980295258,10529.09312021354,306.4389173701747
14200,14.19999999999757,28596.81434999257,10407.09129595458,302.8881740614914
14250,14.249999999997542,28701.312750295067,10401.323537049262,302.7203091015734
14300,14.299999999997514,28678.012228181884,10420.010891704711,303.26418621081217
14350,14.349999999997486,28736.252844870374,10371.384959829884,301.8489762065212
14400,14.399999999997458,28738.678743977507,10449.332937648007,304.11757556840956
14450,14.44999999999743,28663.663814750696,10571.262252982508,307.66620857603874
14500,14.499999999997403,28686.324409299377,10480.751528509853,305.031982807388
14550,14.549999999997375,28743.273174795824,10286.710211098787,299.3846007818291
14600,14.599999999997348,28578.758751533343,10480.124816839138,305.01374297954294
14650,14.64999999999732,28518.491364068737,10496.082065533752,305.47816303532113
14700,14.699999999997292,28521.940794408983,10410.50556225986,302.98754293004043
14750,14.749999999997264,28754.618487506857,10228.784538699372,297.69873096043506
14800,14.799999999997237,28531.238391854444,10482.808368850117,305.0918451260015
14850,14.849999999997209,28685.331753843675,10365.81992383784,301.6870112979524
14900,14.899999999997181,28614.462938649944,10434.530021777964,303.6867512361194
14950,14.949999999997154,28457.043686849793,10562.967185308178,307.4247887758136
15000,14.999999999997126,28709.970335520353,10352.014851621567,301.28522822548143
15050,15.049999999997098,28587.899328822496,10392.619633130424,302.4669905238639
15100,15.09999999999707,28712.70743573142,10362.492497742549,301.5901698284518
15150,15.149999999997043,28820.511686474143,10253.923572903237,298.430377868408
15200,15.199999999997015,28837.259409096325,10187.146229451815,296.4868888519774
15250,15.249999999996987,28474.820424451806,10470.367125371195,304.72975494986844
15300,15.29999999999696,28428.293988862766,10427.264587401547,303.4752979020939
15350,15.349999999996932,28550.251119217275,10465.180949780462,304.57881640129915
15400,15.399999999996904,28718.406049841033,10203.000082109218,296.9482996676111
15450,15.449999999996876,28796.627592857345,10232.951978864648,297.8200202146824
15500,15.499999999996849,28434.108629518305,10556.00481379309,307.2221557888077
15550,15.549999999996821,28672.785938565823,10361.86555184933,301.5719231837907
15600,15.599999999996793,28645.549574181976,10307.425495356778,299.9874987910458
15650,15.649999999996766,28614.35245603454,10463.52218048655,304.53053954964724
15700,15.699999999996738,28514.287567179665,10493.74476975472,305.41013833652494
15750,15.74999999999671,28742.60054987923,10290.521188375224,299.4955155336866
15800,15.799999999996682,28798.646230411716,10209.444274285572,297.1358515537328
15850,15.849999999996655,28785.928632345684,10143.566241376506,295.21853608765764
15900,15.899999999996627,28575.156160872888,10297.49385856115,299.6984482533957
15950,15.9499999999966,28579.773002382382,10415.098372170465,303.1212121530803
16000,15.999999999996572,28606.3080067532,10354.948971374275,301.3706229000454
16050,16.049999999996633,28551.832580915194,10364.242949859987,301.64111501866444
16100,16.099999999996694,28828.87781674938,9987.424199017034,290.67417525141934
16150,16.149999999996755,28451.83587944541,10282.943128067369,299.2749635288756
16200,16.199999999996816,28568.72565980343,10275.799411410664,299.067052669575
16250,16.249999999996877,28697.289614792833,10232.605121605926,297.8099252747259
16300,16.29999999999694,28768.188632932237,10085.29064180218,293.52248197941054
16350,16.349999999997,28682.835449212973,10164.918675087409,295.839977706122
16400,16.39999999999706,28556.294463860162,10358.579893918191,301.47629733569806
16450,16.44999999999712,28504.83559129246,10405.779976063106,302.8500093835575
16500,16.499999999997183,28555.803787916135,10388.514069841853,302.3475021353598
16550,16.549999999997244,28779.1352110293,10284.462399022166,299.31918041833273
16600,16.599999999997305,28750.358356422956,10389.99772067807,302.3906823362389
16650,16.649999999997366,28786.573119320972,10313.904868603557,300.17607458768003
16700,16.699999999997427,28786.131713993665,10282.323543915301,299.25693114046277
16750,16.74999999999749,28782.28677550156,10362.306370855049,301.5847527881381
16800,16.79999999999755,29051.802143162262,10126.062842401845,294.7091168460521
16850,16.84999999999761,28601.689631494286,10525.65859279522,306.33895882182384
16900,16.89999999999767,28736.730725167115,10535.879838315856,306.6364381370656
16950,16.949999999997733,28817.12897823524,10466.836886935804,304.6270108263386
17000,16.999999999997794,28830.952447711163,10433.583437539039,303.6592018312405
17050,17.049999999997855,28671.452049891304,10604.837377391854,308.64337960654444
17100,17.099999999997916,28617.518484301785,10634.558130652189,309.5083729491371
17150,17.149999999997977,28897.967348630387,10511.052948868984,305.91387589576846
17200,17.199999999998038,28992.588629124613,10435.29036125151,303.7088801699646
17250,17.2499999999981,28986.67200693787,10288.154171609842,299.4266258347639
17300,17.29999999999816,28879.921485655308,10418.895478550736,303.23172320612395
17350,17.34999999999822,28961.022992995982,10280.769797222354,299.2117108684965
17400,17.399999999998283,28848.30546471507,10482.514155109706,305.08328232395786
17450,17.449999999998344,28646.766066503405,10581.673676493489,307.9692228349651
17500,17.499999999998405,28856.126574588998,10583.075645930734,308.01002577892524
17550,17.549999999998466,28796.96162636116,10621.516278103696,309.1288026357367
17600,17.599999999998527,28951.67461391547,10607.428114875242,308.71878047730655
17650,17.649999999998588,28867.475927615094,10683.560381556852,310.9345353493061
17700,17.69999999999865,29067.98444667139,10565.70859532635,307.5045748227642
17750,17.74999999999871,28839.948708518714,10587.853274011723,308.14907395335206
17800,17.79999999999877,28825.856836139923,10630.733544586583,309.39706212683245
17850,17.849999999998833,28871.19149021015,10553.10116652969,307.1376479861259
17900,17.899999999998894,28874.68044609041,10528.005751132261,306.4072705606875
17950,17.949999999998955,28915.849288736033,10474.989182370222,304.86427538070075
18000,17.999999999999016,28967.311052527635,10421.81839367298,303.3167917809194
18050,18.049999999999077,28613.99631475148,10723.2892446659,312.0908049026746
18100,18.099999999999138,28854.25084440207,10415.347003678304,303.12844832899935
18150,18.1499999999992,28662.711436034428,10529.381635514335,306.44731432472827
18200,18.19999999999926,28538.137808169144,10590.3021084068,308.2203448740551
18250,18.24999999999932,28769.97094569337,10390.476997365928,302.40463121366554
18300,18.299999999999383,28581.777601788315,10489.194090153049,305.27769527476136
18350,18.349999999999444,28905.522504777975,10202.494748621943,296.933592432621
18400,18.399999999999505,28757.061890304685,10272.047680725482,298.95786223158524
18450,18.449999999999566,28556.16261176308,10566.663534668773,307.5323673947269
18500,18.499999999999627,28474.19648808601,10630.060117156721,309.37746268268484
18550,18.549999999999688,28669.614711381997,10421.816181729107,303.3167274044648
18600,18.59999999999975,28859.318607096844,10143.20648180012,295.20806563841364
18650,18.64999999999981,28783.13439164988,10293.62001754733,299.58570391418374
18700,18.69999999999987,28692.8375051833,10330.626445049917,300.6627396522247
18750,18.749999999999932,28786.67917818659,10259.854311637217,298.602986196219
18800,18.799999999999994,28508.6441731804,10436.555821397204,303.7457101450245
18850,18.850000000000055,28735.657158829352,10201.936795647684,296.91735375912623
18900,18.900000000000116,28627.78151966625,10446.188575511058,304.02606199567686
18950,18.950000000000177,28719.391902797528,10354.355502276905,301.3533505646587
19000,19.000000000000238,28642.745224118407,10411.672989019424,303.02151973965033
19050,19.0500000000003,28757.465905842568,10235.630196948028,297.8979671224153
19100,19.10000000000036,28750.71118053169,10279.399530751647,299.17183060825016
19150,19.15000000000042,28654.560278047917,10344.325273670402,301.06143060915446
19200,19.200000000000482,28608.75885604026,10442.989572933455,303.9329581665671
19250,19.250000000000544,28414.6970315172,10516.829684376657,306.0820021108844
19300,19.300000000000605,28609.070555341932,10263.031177683059,298.69544576330634
19350,19.350000000000666,28560.776567415545,10236.949560001198,297.93636588867327
19400,19.400000000000727,28758.427550035994,10090.374615727478,293.6704460488532
19450,19.450000000000788,28648.159224163566,10274.097690841876,299.0175257632392
19500,19.50000000000085,28622.47538638133,10105.205934698939,294.1020970255228
19550,19.55000000000091,28296.45451931947,10415.263837895243,303.12602787053896
19600,19.60000000000097,28454.702214619843,10328.905177099192,300.61264383853
19650,19.650000000001032,28415.920891055248,10379.619533497858,302.08863538808686
19700,19.700000000001094,28543.242252201693,10277.850598154026,299.12675044580163
19750,19.750000000001155,28659.800154605684,10147.751723273408,295.3403504287899
19800,19.800000000001216,28590.948114202685,10230.556232817216,297.7502943782132
19850,19.850000000001277,28753.037369728016,10157.96975686179,295.6377362638971
19900,19.900000000001338,28571.70151692378,10205.194788891824,297.01217445366615
19950,19.9500000000014,28598.73531728884,10275.367162164295,299.0544724796594
20000,20.00000000000146,28513.95714395807,10384.905023145127,302.242464374761
20050,20.05000000000152,28572.55513366816,10353.357735470074,301.324311541394
20100,20.100000000001582,28564.63626133105,10298.001375950718,299.7132190487178
20150,20.150000000001643,28642.206956442584,10249.601145729242,298.3045778694444
20200,20.200000000001705,28638.476142307845,10238.704411287208,297.9874391123679
20250,20.250000000001766,28552.675661773515,10268.550521446852,298.8560808444345
20300,20.300000000001827,28486.58289972644,10421.998482500967,303.3220330894394
20350,20.350000000001888,28569.523260256632,10253.246476937114,298.41067165511447
20400,20.40000000000195,28634.060895824434,10259.852175346397,298.60292402157216
20450,20.45000000000201,28616.956155809232,10205.802821456575,297.02987064447194
20500,20.50000000000207,28500.852691868327,10345.18466236002,301.08644227318285
20550,20.550000000002132,28510.390558746927,10408.991548279602,302.9434790396658
20600,20.600000000002193,28493.10993543858,10332.007254135278,300.70292674491935
20650,20.650000000002255,28507.788442251265,10311.871061469732,300.11688262792495
20700,20.700000000002316,28583.907221582405,10241.301825942988,298.0630343156766
20750,20.750000000002377,28569.92923002768,10449.639048673034,304.1264846292407
20800,20.800000000002438,28659.888811116194,10282.490591401918,299.26179289354667
20850,20.8500000000025,28622.335602648905,10249.082340032024,298.2894785390115
20900,20.90000000000256,28503.95415479673,10298.29161224124,299.7216660909875
20950,20.95000000000262,28500.06155554647,10263.476213820784,298.70839810314027
21000,21.000000000002682,28149.039397173103,10501.337357106248,305.6311131366788
21050,21.050000000002743,28456.824239435926,10175.698375535889,296.1537103037249
21100,21.100000000002805,28405.120211949376,10228.241641394705,297.6829304674214
21150,21.150000000002866,28463.509649813393,10063.029646688587,292.8745975733836
21200,21.200000000002927,28375.69932520955,10075.367302498387,293.2336729321135
21250,21.250000000002988,28316.992074853486,10131.90119933848,294.87903649235557
21300,21.30000000000305,28334.716712889065,10100.789258658862,293.9735540058493
21350,21.35000000000311,28476.153415201014,10003.709378811978,291.1481394198966
21400,21.40000000000317,28572.39261642078,10075.3299815566,293.23258674274604
21450,21.450000000003232,28423.014884871896,10222.36535272134,297.5119068551633
21500,21.500000000003293,28431.16879029703,10289.489434152238,299.46548734004506
21550,21.550000000003354,28516.978014628512,10248.606349154552,298.27562529186997
21600,21.600000000003416,28509.759895888412,10226.025925023836,297.61844421792813
21650,21.650000000003477,28582.95390432667,10260.936982264353,298.63449626181153
21700,21.700000000003538,28480.582135830715,10433.396091180883,303.6537492994307
21750,21.7500000000036,28647.121485402567,10204.592734477435,296.99465225105695
21800,21.80000000000366,28512.712036252917,10325.003269398401,300.4990826459508
21850,21.85000000000372,28650.86033455038,10064.547919050503,292.9187853997754
21900,21.900000000003782,28386.61618899177,10335.338281792392,300.79987303434064
21950,21.950000000003843,28431.935920199052,10283.0269488627,299.27740305082506
22000,22.000000000003904,28650.61035555366,10166.985768996183,295.9001384447797
22050,22.050000000003966,28587.415141633588,10224.262663269488,297.5671262158102
22100,22.100000000004027,28652.744275537654,10121.514455995944,294.57674052549993
22150,22.150000000004088,28350.09816670665,10452.710556631862,304.2158778526504
22200,22.20000000000415,28472.716861212197,10308.586245168839,300.02128127465426
22250,22.25000000000421,28751.64226087201,10090.695516937081,293.67978556348476
22300,22.30000000000427,28638.322941330676,10128.21050792729,294.7716225425044
22350,22.350000000004332,28569.543030965688,10201.05422057718,296.89166727824744
22400,22.400000000004393,28494.89311851793,10263.847396328032,298.7192010055715
22450,22.450000000004454,28662.05215892627,10242.471300449131,298.0970707229401
22500,22.500000000004515,28347.380821826016,10416.402236112077,303.15915983291404
22550,22.550000000004577,28649.22031100066,10282.217800740746,299.25385358919027
22600,22.600000000004638,28695.25153727075,10199.871267540268,296.85723859157974
22650,22.6500000000047,28768.306922087417,10204.506593303,296.99214519675195
22700,22.70000000000476,28698.368431431758,10230.418896827083,297.74629734906244
22750,22.75000000000482,28734.36426044513,10150.182242325905,295.41108829943005
22800,22.800000000004882,28714.356166160658,10131.845480756187,294.8774148577247
22850,22.850000000004943,28530.7571294882,10352.66492946508,301.3041481028439
22900,22.900000000005004,28622.485747727915,10291.261542495207,299.5170628134389
22950,22.950000000005065,28568.788188747094,10249.664233847858,298.3064139871943
23000,23.000000000005127,28633.760635887316,10297.9448256335,299.71157320725854
23050,23.050000000005188,28668.244457032204,10259.03658357667,298.5791870238956
23100,23.10000000000525,28588.625645479544,10350.87472541764,301.2520459717386
23150,23.15000000000531,28424.98920071146,10470.060013423968,304.72081675817947
23200,23.20000000000537,28503.153010477858,10473.06777536176,304.8083547162353
23250,23.250000000005432,28560.687270648355,10448.10538274131,304.08184878811375
23300,23.300000000005493,28470.771400421996,10558.804477258998,307.303637245159
23350,23.350000000005554,28773.43840618249,10289.043990133689,299.4525231292403
23400,23.400000000005615,28653.416102687486,10466.300559708716,304.6114015489822
23450,23.450000000005677,28772.971601828292,10406.71813100372,302.8773134619852
23500,23.500000000005738,28788.347372502125,10378.887550168116,302.0673317319658
23550,23.5500000000058,28871.744606101383,10298.657500133022,299.73231489883415
23600,23.60000000000586,28697.539817089026,10599.780933054375,308.49621675872567
23650,23.65000000000592,28836.851819632844,10295.583815566399,299.6428583273917
23700,23.700000000005982,28553.768564391255,10586.595810940862,308.1124767253032
23750,23.750000000006043,28781.27137505344,10363.589186384677,301.6220878746072
23800,23.800000000006104,28715.493418475307,10403.631071638449,302.78746763015994
23850,23.850000000006165,28641.557795310327,10540.7007645428,306.7767464615186
23900,23.900000000006226,28794.95920767537,10440.365857153778,303.8565974948709
23950,23.950000000006288,28839.07161726828,10353.864056030448,301.3390475041776
24000,24.00000000000635,28906.04388873635,10362.89298019093,301.6018254769019
24050,24.05000000000641,28856.168568416317,10344.06250739891,301.0537830548174
24100,24.10000000000647,28886.461310842853,10342.786682589849,301.01665142640655
24150,24.150000000006532,28890.114377633225,10236.20007355539,297.9145528215444
24200,24.200000000006593,28749.68544509836,10411.547687438204,303.0178729601551
24250,24.250000000006654,28893.95700473761,10507.44988275963,305.8090121942932
24300,24.300000000006715,28914.7698633342,10462.531490424548,304.5017064880927
24350,24.350000000006776,29070.624545552528,10343.582938954316,301.03982568609734
24400,24.400000000006838,28785.734293596535,10436.81262773143,303.7531842412392
24450,24.4500000000069,28940.822380316895,10302.057137526634,299.83125800727237
24500,24.50000000000696,28682.65923731117,10488.047649233571,305.24432923742245
24550,24.55000000000702,28881.28305844831,10217.60044393333,297.37322886327036
24600,24.600000000007082,28650.936152305345,10398.007024744427,302.62378526722836
24650,24.650000000007143,28776.575503488268,10424.450478000077,303.3933960109717
24700,24.700000000007204,28950.530840826083,10118.222796474136,294.4809400070034
24750,24.750000000007265,28866.418461875182,10323.513765528003,300.4557320982586
24800,24.800000000007326,28745.50412779991,10359.804362027191,301.5119342777777
24850,24.850000000007388,28691.344387530335,10306.454141223683,299.9592284827172
24900,24.90000000000745,28579.477920056277,10467.176453119804,304.63689356672404
24950,24.95000000000751,28624.94540061817,10397.18688075719,302.59991578173066
25000,25.00000000000757,28598.828416716868,10335.195679619912,300.7957227381233
25050,25.050000000007632,28704.979530646175,10279.071722483475,299.16229007046053
25100,25.100000000007693,28601.33243555206,10448.447849769938,304.0918159547338
25150,25.150000000007754,28570.187036447765,10326.109512817598,300.5312787745116
25200,25.200000000007815,28578.349801155688,10437.728677713336,303.7798449765473
25250,25.250000000007876,28694.7670811328,10288.645025939164,299.440911668078
25300,25.300000000007937,28756.776497080908,10247.46456578367,298.24239480791
25350,25.350000000008,28645.086279291943,10394.152363453713,302.511599135026
25400,25.40000000000806,28672.70118959285,10462.84228601778,304.51075188868185
25450,25.45000000000812,28856.78148470982,10309.061968438611,300.0351267333364
25500,25.500000000008182,28765.154719303602,10451.433718867804,304.178716743179
25550,25.550000000008243,28528.817112574696,10658.268420675757,310.19843766054197
25600,25.600000000008304,28585.285998303218,10548.51131004933,307.0040647197736
25650,25.650000000008365,28766.318142915465,10451.05776765362,304.16777505221444
25700,25.700000000008426,28751.941090758373,10533.740742226257,306.5741818456297
25750,25.750000000008487,28971.332381052074,10449.68187718562,304.1277311110487
25800,25.80000000000855,28784.48396867921,10526.647130771002,306.367729249022
25850,25.85000000000861,28817.022130532743,10624.520852418069,309.21624782114276
25900,25.90000000000867,28784.248141560587,10600.865511730904,308.5277823562224
25950,25.950000000008732,28827.612619510794,10443.95928761886,303.96118076038033
26000,26.000000000008793,28939.565435948614,10330.31132656868,300.6535684382245
26050,26.050000000008854,28877.218274259874,10328.279868576015,300.59444484791635
26100,26.100000000008915,28770.353651244623,10514.89708486513,306.0257556996066
26150,26.150000000008976,28788.501979881796,10509.73239137985,305.87544236662444
26200,26.200000000009037,28754.70919473745,10523.55981563604,306.277875973271
26250,26.2500000000091,28841.230582601143,10381.55730074872,302.1450322013441
26300,26.30000000000916,28874.02527143887,10318.154725901022,300.2997625116393
26350,26.35000000000922,28741.890275860926,10514.63317325906,306.01807481143106
26400,26.400000000009282,29019.948998049163,10240.003027149553,298.02523405200736
26450,26.450000000009343,28864.504085403467,10413.784783612537,303.0829814478367
26500,26.500000000009404,28858.80873351855,10416.780136805699,303.1701582615636
26550,26.550000000009465,28877.897018987424,10368.723901111105,301.77152870524725
26600,26.600000000009526,28682.996232490128,10672.005671159208,310.59824684806927
26650,26.650000000009587,28609.196613650398,10607.125125065273,308.7099622563752
26700,26.70000000000965,28634.515562282242,10508.460410859212,305.8384226224537
26750,26.75000000000971,28761.042603470923,10254.178538678725,298.43779839696776
26800,26.80000000000977,28556.34757729889,10440.14935059344,303.85029628400724
26850,26.850000000009832,28546.235467193437,10344.950852672666,301.07963747179633
26900,26.900000000009893,28643.583460137612,10261.78327644516,298.65912682301774
26950,26.950000000009954,28631.38541529046,10365.364692629426,301.67376224059603
27000,27.000000000010015,28477.708356132425,10509.447475672532,305.8671501747048
27050,27.050000000010076,28595.705970235053,10393.710960301185,302.4987525296593
27100,27.100000000010137,28674.458368829364,10406.36742690894,302.86710656364227
27150,27.1500000000102,28599.675837307666,10431.282812484362,303.59224439787175
27200,27.20000000001026,28593.901831064155,10442.601507058305,303.9216638902898
27250,27.25000000001032,28677.00294557723,10251.233777612193,298.35209401741304
27300,27.30000000001038,28610.396736421215,10438.771385256503,303.81019195581837
27350,27.350000000010443,28526.6454640117,10435.325284238274,303.7098965692055
27400,27.400000000010504,28719.826893011625,10332.401757216436,300.7144083697572
27450,27.450000000010565,28544.628328649364,10185.701579421915,296.4448437312736
27500,27.500000000010626,28461.869839937695,10309.534232631571,300.0488715189843
27550,27.550000000010687,28595.687815548335,10199.88823917497,296.85773253434434
27600,27.60000000001075,28334.428257677828,10412.104426776023,303.0340763119529
27650,27.65000000001081,28568.248416911425,10112.857217053755,294.32478008611827
27700,27.70000000001087,28594.783977341132,10017.376938830086,291.545920334855
27750,27.75000000001093,28505.246357372802,10107.3680409081,294.1650230038963
27800,27.800000000010993,28173.678076319782,10395.387122162429,302.54753557490665
27850,27.850000000011054,28321.458620092322,10149.38531253919,295.3878944404459
27900,27.900000000011115,28305.188689887313,10240.601295275632,298.04264605841286
27950,27.950000000011176,28283.429254076196,10211.738688888376,297.2026282379975
28000,28.000000000011237,28432.78348552053,10103.21723691854,294.04421792920897
28050,28.0500000000113,28474.226638687906,10110.685812296268,294.26158348262544
28100,28.10000000001136,28619.548419022925,10036.87447307985,292.11337692571897
28150,28.15000000001142,28669.223020094912,10113.832854270566,294.3531750493931
28200,28.20000000001148,28677.716981409758,10130.128788080785,294.82745220292617
28250,28.250000000011543,28594.571027434627,10266.588979022574,298.79899207809837
28300,28.300000000011604,28629.068671672117,10156.364222429667,295.59100876062945
28350,28.350000000011665,28460.979452101405,10331.837007467106,300.69797188279733
28400,28.400000000011726,28447.896361855317,10373.250716593018,301.903277225236
28450,28.450000000011787,28504.14435542952,10333.618355938213,300.74981628104825
28500,28.50000000001185,28400.57712080857,10351.782206382313,301.27845731421354
28550,28.55000000001191,28453.683986181677,10256.62404886177,298.5089725697435
28600,28.60000000001197,28379.050363409042,10376.13948085602,301.98735187280397
28650,28.65000000001203,28577.018297446433,10181.57650867866,296.3247875974541
28700,28.700000000012093,28505.143279824377,10217.880624492253,297.38138324334506
28750,28.750000000012154,28376.81782814851,10415.626015219146,303.1365686859507
28800,28.800000000012215,28786.177673070437,10067.22034389985,292.9965637011198
28850,28.850000000012276,28592.801936585958,10319.671451204254,300.343905312407
28900,28.900000000012337,28713.11989899145,10179.109922026555,296.25300001474005
28950,28.9500000000124,28450.296335295876,10424.059596823698,303.3820197981163
29000,29.00000000001246,28385.498600756226,10400.336936079153,302.6915950490235
29050,29.05000000001252,28551.932169961983,10225.666871383302,297.6079943142539
29100,29.10000000001258,28555.818979894473,10161.026813550072,295.7267088972664
29150,29.150000000012643,28470.088445155394,10225.949193894456,297.61621103374523
29200,29.200000000012704,28478.125236769032,10245.835942996084,298.1949953407257
29250,29.250000000012765,28570.701514496403,10184.70035160754,296.4157039787825
29300,29.300000000012826,28429.026036164585,10295.708954706794,299.64650037920615
29350,29.350000000012887,28704.830803145647,10057.373891461093,292.7099923705388
29400,29.400000000012948,28495.86956686079,10265.097487697638,298.7555836874932
29450,29.45000000001301,28407.75662876526,10279.392033432592,299.1716124061402
29500,29.50000000001307,28464.79088710904,10233.423915320927,297.8337554618759
29550,29.55000000001313,28662.3672250386,10072.682617979857,293.1555378251346
29600,29.600000000013193,28536.78485089379,10225.268597818847,297.5964029532017
29650,29.650000000013254,28503.9926197671,10275.426532753152,299.05620040235567
29700,29.700000000013315,28651.217794626515,10178.966103529065,296.24881431857744
29750,29.750000000013376,28425.983128187923,10423.531956130983,303.36666333381396
29800,29.800000000013437,28545.437277227218,10266.174208190681,298.7869205802751
29850,29.850000000013498,28537.830403760745,10236.016079934936,297.90919786787356
29900,29.90000000001356,28582.510197501913,10266.066583096028,298.78378825756585
29950,29.95000000001362,28414.14821471148,10425.755510458965,303.43137769935345
30000,30.00000000001368,28612.677992115176,10256.42290525935,298.5031184826861
30050,30.050000000013743,28678.478954486476,10278.292424490259,299.13960936751454
30100,30.100000000013804,28699.052841029006,10171.127038609337,296.02066603080283
30150,30.150000000013865,28603.77638792109,10299.370232230804,299.75305826675066
30200,30.200000000013926,28566.85105507249,10396.928590639422,302.59239850145286
30250,30.250000000013987,28584.436952718417,10443.647747154148,303.95211368103804
30300,30.300000000014048,28566.018749456613,10471.623484557947,304.7663200504541
30350,30.35000000001411,28641.737596337225,10337.634536185053,300.8667032638827
30400,30.40000000001417,28748.041548386456,10269.698979769993,298.8895055963262
30450,30.45000000001423,28913.39152419562,10207.636674504605,297.0832431368831
30500,30.500000000014293,28704.31851510595,10239.790643852188,298.0190528446642
30550,30.550000000014354,28741.108855860548,10292.992868999492,299.567451371459
30600,30.600000000014415,28762.751642409923,10219.288918243756,297.42237025026225
30650,30.650000000014476,28849.05191903851,10113.190555146426,294.33448156402045
30700,30.700000000014537,28569.648300276895,10283.937857557336,299.3039141540151
30750,30.750000000014598,28680.80131759287,10308.076344194295,300.0064411074317
30800,30.80000000001466,28613.829238603023,10290.5556904518,299.49651968274986
30850,30.85000000001472,28643.668747898213,10257.808543235386,298.54344611550266
30900,30.90000000001478,28306.07732443919,10410.021742368483,302.9734618271361
30950,30.950000000014843,28454.13907145874,10225.933829903604,297.6157638798765
31000,31.000000000014904,28450.973582673185,10209.028199443057,297.1237421039607
31050,31.050000000014965,28521.99867405161,10045.61900044626,292.36787780898425
31100,31.100000000015026,28452.345435555173,10078.328435097865,293.3198537890604
31150,31.150000000015087,28558.82451120243,10036.390237508487,292.0992837248567
31200,31.200000000015148,28288.720438903314,10330.854151891053,300.66936683626403
31250,31.25000000001521,28427.8767807794,10228.241422220417,297.68292408856894
31300,31.30000000001527,28260.20925256797,10390.822269182809,302.4146800108939
31350,31.35000000001533,28405.988073982633,10222.411509749143,297.51325021013866
31400,31.400000000015392,28371.73037195349,10203.48919433504,296.96253479871325
31450,31.450000000015454,28262.509732745813,10198.931033113935,296.8298739917619
31500,31.500000000015515,28380.080953925397,10022.912170075751,291.70701780554396
31550,31.550000000015576,28442.256350140786,10011.659587841736,291.37952244786777
31600,31.600000000015637,28373.44526025086,10144.579671952797,295.2480309895531
31650,31.650000000015698,28444.253184797017,10069.14016122619,293.05243809944784
31700,31.70000000001576,28465.01552656755,10059.970779637788,292.78557225119073
31750,31.75000000001582,28471.52765840169,10068.01341589637,293.01964528290796
31800,31.80000000001588,28479.00228825713,10014.175623067276,291.452749182761
31850,31.850000000015942,28680.300110087315,9877.135264626044,287.46432410214965
31900,31.900000000016004,28421.23716843489,10224.43326711274,297.57209147316223
31950,31.950000000016065,28214.848086339196,10335.0550000905,300.7916283985446
32000,32.00000000001612,28552.925734224737,10108.554294026279,294.1995477361891
32050,32.050000000016006,28529.846311410853,10149.563241510097,295.39307288844617
32100,32.10000000001589,28452.84151650886,10069.571826943724,293.06500130632963
32150,32.15000000001577,28411.09951050359,10162.646491669195,295.7738480386574
32200,32.200000000015656,28541.42828762495,10069.93207714169,293.07548603463306
32250,32.25000000001554,28470.220876451764,10053.87608895332,292.60819226283553
32300,32.30000000001542,28480.960159079877,10032.754929889868,291.99348166591034
32350,32.35000000001531,28393.124722362634,10203.652860205104,296.9672981331677
32400,32.40000000001519,28540.93230115522,10015.486927725311,291.4909134173406
32450,32.45000000001507,28377.531779523306,10183.697618056382,296.38652040330084
32500,32.50000000001496,28372.620237369585,10074.718746931689,293.2147973591231
32550,32.55000000001484,28283.436144336018,10277.053225914438,299.1035437096611
32600,32.600000000014724,28315.79002415695,10308.139187466719,300.00827009917356
32650,32.65000000001461,28154.028793422636,10543.380213740647,306.8547291996293
32700,32.70000000001449,28545.99660227466,10204.771152122888,296.9998449214501
32750,32.750000000014374,28318.81873342672,10435.446866575714,303.7134351037622
32800,32.80000000001426,28547.835255223326,10294.034437656694,299.5977652045722
32850,32.85000000001414,28479.769405307496,10373.348760778907,301.9061307050025
32900,32.900000000014025,28512.709423827102,10261.021482803428,298.6369555670352
32950,32.95000000001391,28246.999192105417,10498.187609554623,305.5394428267395
33000,33.00000000001379,28608.345187322062,10118.970178696716,294.50269183278124
33050,33.050000000013675,28513.06108629723,10164.811761712723,295.8368660973237
33100,33.10000000001356,28263.924274311583,10409.154774968563,302.94822959218544
33150,33.15000000001344,28509.500377192126,10101.88783518605,294.0055269970458
33200,33.200000000013326,28498.710839440697,10079.120340335327,293.3429014134718
33250,33.25000000001321,28711.900999945727,9878.024681933222,287.49020971960886
33300,33.30000000001309,28553.764934736057,10138.423077092557,295.06884934094205
33350,33.350000000012976,28519.83399779581,10322.28763294864,300.42004671340334
33400,33.40000000001286,28333.888845407047,10564.152150134352,307.4592760136325
33450,33.45000000001274,28602.931781584724,10373.276606147041,301.9040307152864
33500,33.500000000012626,28470.559293298975,10278.880716910342,299.15673104079156
33550,33.55000000001251,28626.733723043653,10204.852112127004,297.00220118288007
33600,33.60000000001239,28479.985959369995,10373.772325248918,301.91845813302933
33650,33.65000000001228,28713.807273528924,10087.382758188016,293.58337097269504
33700,33.70000000001216,28417.692323222895,10362.613440101919,301.59368973707507
33750,33.750000000012044,28391.250795024745,10309.588544186845,300.05045220347523
33800,33.80000000001193,28484.778850071358,10302.307768910101,299.8385523876081
33850,33.85000000001181,28416.329495221726,10302.788613411227,299.8525468947006
33900,33.900000000011694,28506.042121188242,10195.83725570784,296.7398326379545
33950,33.95000000001158,28551.442792151494,10120.52687863585,294.5479980560782
34000,34.00000000001146,28395.11542373582,10322.080587885259,300.41402087011886
34050,34.050000000011345,28432.895113164697,10202.544980158724,296.93505437217965
34100,34.10000000001123,28399.93225139779,10299.256492662471,299.74974798828845
34150,34.15000000001111,28595.134074868976,10239.657333062361,298.01517296501623
34200,34.200000000010995,28576.9896272963,10207.834469182191,297.08899975677133
34250,34.25000000001088,28508.583182574417,10331.020845719646,300.67421829647844
34300,34.30000000001076,28564.998939820987,10266.48258075155,298.79589546088636
34350,34.350000000010645,28737.73770101094,10139.324468132905,295.09508344214885
34400,34.40000000001053,28333.107983394213,10391.839340746883,302.4442808801639
34450,34.45000000001041,28457.91176922075,10180.991167898605,296.30775182876204
34500,34.500000000010296,28287.631168487336,10321.061351859347,300.38435700631226
34550,34.55000000001018,28348.451783399018,10327.052354212547,300.55871924759134
34600,34.60000000001006,28363.502430416433,10451.229290267876,304.17276704949444
34650,34.650000000009946,28592.989205350626,10252.400496174385,298.3860502156337
34700,34.70000000000983,28482.892428472915,10334.243327532702,300.76800546568325
34750,34.75000000000971,28329.50034832402,10374.889523724809,301.95097309775906
34800,34.8000000000096,28563.374799914185,10152.150798467092,295.4683811931104
34850,34.85000000000948,28638.81900126332,9956.756759168355,289.78162952516846
34900,34.90000000000936,28702.047532042183,9998.776947306254,291.0045858437852
34950,34.95000000000925,28710.501806510132,10056.168696570832,292.6749163565674
35000,35.00000000000913,28642.553434874535,10091.323404065568,293.6980596018741
35050,35.050000000009014,28310.202543458137,10369.008267196381,301.77980490095695
35100,35.1000000000089,28459.598854484306,10258.253023680449,298.5563822824472
35150,35.15000000000878,28475.335094629896,10320.811857295572,300.3770957119975
35200,35.200000000008664,28556.792710155372,10130.212165169636,294.82987881123415
35250,35.25000000000855,28671.014945269228,10087.664574649081,293.59157296409546
35300,35.30000000000843,28652.16875532669,10118.025712336377,294.4752040666792
35350,35.350000000008315,28660.475250913798,10058.553955022579,292.7443369618613
35400,35.4000000000082,28565.080452977592,10128.06525613394,294.76739513167314
35450,35.45000000000808,28518.47900372884,10169.13797350949,295.9627762440172
35500,35.500000000007965,28364.232129418066,10306.091330495701,299.9486692327017
35550,35.55000000000785,28522.37458803918,10235.149276849213,297.88397041512627
35600,35.60000000000773,28596.49824962198,10086.568879204162,293.5596838239696
35650,35.650000000007616,28491.881743805592,10119.558259734604,294.51980735398695
35700,35.7000000000075,28468.992014109732,10171.434990266931,296.0296286614377
35750,35.75000000000738,28598.542001151087,9964.136088975478,289.9963976738774
35800,35.800000000007266,28437.775347057897,10198.74645150179,296.8245019251701
35850,35.85000000000715,28375.72125259492,10216.502806738677,297.34128321042505
35900,35.90000000000703,28366.023852920967,10282.20417844964,299.2534571257826
35950,35.950000000006916,28531.705131606002,10179.526380104415,296.26512061820057
36000,36.0000000000068,28462.908958686254,10146.70340757459,295.309840229655
36050,36.05000000000668,28454.26666279886,10149.016864594149,295.3771711247627
36100,36.10000000000657,28527.185686187753,10210.512162394576,297.16693138864923
36150,36.15000000000645,28548.476466255335,10314.024413806821,300.1795538334467
36200,36.200000000006334,28413.68916526823,10317.643615050076,300.284887132152
36250,36.25000000000622,28390.746883451924,10274.775569145739,299.0372547457045
36300,36.3000000000061,28595.82576173848,10183.998621651604,296.3952808174022
36350,36.350000000005984,28551.994481215683,10261.359090577467,298.64678130982156
36400,36.40000000000587,28529.925799687553,10258.537961856206,298.5646751282887
36450,36.45000000000575,28521.351456587094,10298.054415325294,299.71476270763856
36500,36.500000000005635,28611.423524458696,10188.467246277016,296.5253357496466
36550,36.55000000000552,28416.741698247664,10519.46785930289,306.1587836018445
36600,36.6000000000054,28673.90083520949,10320.646754083646,300.3722905451195
36650,36.650000000005285,28809.11335409183,10197.611330171963,296.79146533337405
36700,36.70000000000517,28655.37988916351,10351.885134188511,301.2814529269542
36750,36.75000000000505,28631.590798702287,10312.337508762244,300.1304581183966
36800,36.800000000004935,28606.37551034239,10245.994296056842,298.1996040510815
36850,36.85000000000482,28700.195401125093,10282.570804179177,299.2641274076726
36900,36.9000000000047,28673.05703196572,10258.141134031011,298.5531258440581
36950,36.950000000004586,28599.96334725951,10354.945444058256,301.37052024097596
37000,37.00000000000447,28458.455778671698,10425.889825720855,303.43528681317457
37050,37.05000000000435,28510.159886418965,10449.164955190863,304.1126866039265
37100,37.100000000004236,28562.18207869368,10399.07340822329,302.65482131136184
37150,37.15000000000412,28715.640631001937,10285.308848712244,299.3438155054836
37200,37.200000000004,28407.063614410967,10472.579681896073,304.7941492351466
37250,37.25000000000389,28432.41630830148,10380.263630604499,302.10738120197476
37300,37.30000000000377,28458.451093810065,10407.211284540777,302.89166621148297
37350,37.350000000003654,28521.359035112437,10284.84502292594,299.3303163113763
37400,37.40000000000354,28577.7242594832,10252.757214134324,298.3964321416175
37450,37.45000000000342,28606.502397234428,10271.637717557844,298.9459306561096
37500,37.500000000003304,28440.60974816374,10489.15105964001,305.27644291392846
37550,37.55000000000319,28494.09692803152,10548.626973162449,307.0074309811181
37600,37.60000000000307,28544.582173407573,10642.381368804408,309.7360606143827
37650,37.650000000002954,28656.14927928867,10454.564311625827,304.26982957165745
37700,37.70000000000284,28674.943217679713,10481.55808782864,305.0554569244484
37750,37.75000000000272,28874.504602127476,10368.032320896957,301.7514009421362
37800,37.800000000002605,28730.26371308659,10577.811196566006,307.85680914901627
37850,37.85000000000249,28776.489289020385,10537.483249654544,306.68310384978344
37900,37.90000000000237,28888.99761555077,10480.162928793245,305.0148521905473
37950,37.950000000002255,28834.956936699564,10622.333872226507,309.15259790993383
38000,38.00000000000214,28746.51812749749,10647.103947801837,309.87350663928197
38050,38.05000000000202,28935.864890847974,10452.233743971416,304.20200068832224
38100,38.100000000001906,28829.179358961388,10536.875422197123,306.665413628425
38150,38.15000000000179,28566.32264261724,10783.790970065953,313.8516482173782
38200,38.20000000000167,28927.78757083894,10404.278919973793,302.80632261987614
38250,38.250000000001556,28801.89051725209,10619.716499857135,309.0764218569663
38300,38.30000000000144,28957.21285721784,10409.331431025066,302.9533709932618
38350,38.35000000000132,28925.304861457924,10418.329709590898,303.21525705604296
38400,38.40000000000121,28934.713137250408,10304.048663801379,299.889219424137
38450,38.45000000000109,28879.53291832268,10242.379604041711,298.09440198903343
38500,38.50000000000097,28673.587269419462,10442.796458069419,303.9273377480574
38550,38.55000000000086,28628.054264810497,10482.197160126208,305.0740564962018
38600,38.60000000000074,28474.038311408636,10583.69657906027,308.02809742800287
38650,38.650000000000624,28541.20598151932,10503.338868846784,305.6893651707211
38700,38.70000000000051,28414.699421067242,10595.06217363742,308.3588818989659
38750,38.75000000000039,28685.036293142155,10242.98969273379,298.1121580214064
38800,38.800000000000274,28730.566393762994,10309.703315102746,300.05379249829576
38850,38.85000000000016,28729.288256928477,10259.676059859428,298.59779835324133
38900,38.90000000000004,28623.477828603027,10286.635436671399,299.38242454553654
38950,38.949999999999925,28660.154587831814,10226.792268256593,297.6407478852904
39000,38.99999999999981,28533.69782478158,10356.183333285811,301.40654779153374
39050,39.04999999999969,28430.328435293595,10306.14031791913,299.9500949635627
39100,39.099999999999575,28575.08394469122,10171.946287646502,296.04450946965744
39150,39.14999999999946,28319.754524380784,10443.315539409296,303.94244510079926
39200,39.19999999999934,28450.76851740363,10428.373176084202,303.507562287245
39250,39.249999999999226,28524.973323602113,10241.94204472609,298.0816672547659
39300,39.29999999999911,28714.337682600424,10080.383639719372,293.3796685016855
39350,39.34999999999899,28465.030531026787,10232.554011937873,297.8084377780188
39400,39.399999999998876,28508.51237046827,10160.275317024312,295.7048373287342
39450,39.44999999999876,28612.46232737664,9991.995462352206,290.8072173825365
39500,39.49999999999864,28519.035907871243,10166.480650217982,295.8854374586864
39550,39.549999999998526,28460.333106255668,10286.593172476647,299.381194487645
39600,39.59999999999841,28533.82734011463,10335.647215137315,300.8088642360213
39650,39.64999999999829,28555.347103525586,10291.417388181908,299.52159854913464
39700,39.69999999999818,28602.24501410324,10165.952718166443,295.8700725146716
39750,39.74999999999806,28388.834048766163,10374.995972478448,301.954071184218
39800,39.799999999997944,28623.534583784938,10029.883689930217,291.9099170459853
39850,39.84999999999783,28366.71243783846,10338.497970305953,300.8918326662166
39900,39.89999999999771,28376.942488151595,10193.241448297904,296.66428421195803
39950,39.949999999997594,28439.84708723353,10098.167053162226,293.89723728945813
40000,39.99999999999748,28515.67769642543,10059.18276771586,292.7626379379053
40050,40.04999999999736,28623.09320817628,9949.116128904956,289.5592564832351
40100,40.099999999997245,28423.468884902475,10252.35610405088,298.3847582264651
40150,40.14999999999713,28553.43563217231,10107.494838511891,294.1687133236596
40200,40.19999999999701,28395.41859216753,10383.794310010038,302.2101381595078
40250,40.249999999996895,28624.531892956773,10136.861479692487,295.02340058185314
40300,40.29999999999678,28567.903616289557,10200.034810720095,296.86199835525525
40350,40.34999999999666,28524.52053053726,10215.122271570386,297.30110408981767
40400,40.399999999996545,28373.35201193535,10299.94553240129,299.76980181335944
40450,40.44999999999643,28435.20030592462,10287.048802165888,299.39445514239446
40500,40.49999999999631,28499.441837745384,10297.566250815069,299.7005551588683
40550,40.549999999996196,28543.929592544315,10148.447091221613,295.3605884301818
40600,40.59999999999608,28466.97867761892,10213.170511481243,297.24430002874095
40650,40.64999999999596,28654.817593424472,10015.987305786222,291.5054764295119
40700,40.699999999995846,28531.821248618347,10289.895386192322,299.47730217559143
40750,40.74999999999573,28644.32053764767,10203.3185730145,296.95756903270194
40800,40.79999999999561,28494.176028529524,10369.597725690093,301.79696051166206
40850,40.8499999999955,28556.49129317983,10315.413281177196,300.2199754546147
40900,40.89999999999538,28376.28913752728,10389.05680384229,302.3632978755641
40950,40.94999999999526,28552.016943495255,10288.613366538017,299.43999025229215
41000,40.99999999999515,28773.338347637342,9907.815554523564,288.3572438164553
41050,41.04999999999503,28612.41970530367,10142.049200114634,295.17438409122394
41100,41.099999999994914,28440.61228523818,10339.869021390408,300.93173576187576
41150,41.1499999999948,28606.11503820028,10151.99330278204,295.4637974358327
41200,41.19999999999468,28373.808570856716,10484.602694508258,305.1440672125394
41250,41.249999999994564,28882.90528952919,10134.440834045847,294.95295006699644
41300,41.29999999999445,28768.98837896077,10313.230840954324,300.156457674737
41350,41.34999999999433,28465.78395018282,10499.918460433537,305.58981754215023
41400,41.399999999994215,28566.445227956596,10412.091713174237,303.03370629505565
41450,41.4499999999941,28534.591085128493,10473.906960496535,304.8327783756368
41500,41.49999999999398,28781.42237702643,10237.93760873334,297.9651220769157
41550,41.549999999993865,28658.47426906354,10455.382171373394,304.29363257660225
41600,41.59999999999375,28755.157111192508,10258.903223957876,298.5753057231285
41650,41.64999999999363,28694.75237016109,10280.120387383162,299.1928104327439
41700,41.699999999993516,28711.311593071026,10267.444598729724,298.8238940495925
41750,41.7499999999934,28434.822849642333,10590.570675728035,308.22816126224933
41800,41.79999999999328,28483.248479691705,10451.780636585554,304.18881344273615
41850,41.849999999993166,28577.905062550497,10329.681813252588,300.63524707124145
41900,41.89999999999305,28690.521458202646,10256.057189899968,298.4924746962256
41950,41.94999999999293,28665.1972754327,10162.533056771059,295.7705466273222
42000,41.999999999992816,28592.509017162694,10170.610106687964,296.0056212347762
42050,42.0499999999927,28593.02351285558,10225.089490885643,297.59119022176526
42100,42.09999999999258,28708.97191512485,10136.741794799376,295.01991727055065
42150,42.14999999999247,28570.192770562302,10304.915983047915,299.91446189923806
42200,42.19999999999235,28326.34330533623,10568.859942780493,307.5962916962954
42250,42.249999999992234,28633.555480013158,10336.839037074691,300.84355104332917
42300,42.29999999999212,28771.700557538534,10121.29290444929,294.5702924852629
42350,42.349999999992,28725.53443734783,10026.490897799751,291.81117316220997
42400,42.399999999991884,28583.84852025933,10228.249660159558,297.6831638456993
42450,42.44999999999177,28523.744268977876,10321.013524073598,300.38296502556733
42500,42.49999999999165,28582.453262067742,10208.140997970844,297.0979209762026
42550,42.549999999991535,28474.164424255207,10288.130227161611,299.42592895510785
42600,42.59999999999142,28399.520689550845,10345.344149136492,301.0910839792215
42650,42.6499999999913,28352.933075206194,10380.204606754469,302.10566337077165
42700,42.699999999991185,28628.51370662041,10049.235592990253,292.4731351840589
42750,42.74999999999107,28629.138558520535,10161.249731847583,295.7331967154452
42800,42.79999999999095,28674.768176716512,10187.601692889262,296.50014466813167
42850,42.849999999990835,28517.06497780698,10290.54003452091,299.49606403225295
42900,42.89999999999072,28514.764751231683,10215.620353007997,297.31560026102267
42950,42.9499999999906,28550.626428253694,10263.911824226354,298.7210761162943
43000,42.999999999990486,28629.448988726588,10176.736720186644,296.1839303052959
43050,43.04999999999037,28678.207605898722,10304.986211493057,299.9165058291807
43100,43.09999999999025,28561.585895435892,10381.921282805599,302.15562554173715
43150,43.149999999990136,28468.296754737523,10559.382067367205,307.32044743815686
43200,43.19999999999002,28588.61058435044,10336.01667273425,300.8196169366315
43250,43.2499999999899,28415.03874920289,10490.399393521717,305.3127744458904
43300,43.29999999998979,28552.992151037863,10353.319452881664,301.3231973642458
43350,43.34999999998967,28534.214146276376,10360.169640649314,301.52256535342906
43400,43.399999999989554,28768.824527993696,10079.218836774162,293.3457680556163
43450,43.44999999998944,28510.89712654957,10275.535962656792,299.05938525225827
43500,43.49999999998932,28513.822841206646,10139.396319298936,295.0971745997898
43550,43.549999999989204,28450.52021301454,10206.975619508035,297.0640037802587
43600,43.59999999998909,28509.494748250712,10090.623965675053,293.67770313425535
43650,43.64999999998897,28282.558409032754,10314.449558199547,300.1919272435729
43700,43.699999999988854,28530.440648371048,10078.22544282356,293.31685630003875
43750,43.74999999998874,28659.6152593612,10006.919307227978,291.24156123480543
43800,43.79999999998862,28774.686976658493,10040.784569642985,292.2271764470965
43850,43.849999999988505,28429.149392470972,10451.676300596675,304.18577684622113
43900,43.89999999998839,28344.02543086515,10483.938688194683,305.1247419607314
43950,43.94999999998827,28658.157744584103,10175.256705359528,296.1408559268918
44000,43.999999999988155,28540.485821489026,10220.89825275035,297.46920835096637
44050,44.04999999998804,28559.76686195474,10255.026553994214,298.46247905010904
44100,44.09999999998792,28622.91268066877,10229.216360764285,297.7112987176538
44150,44.149999999987806,28669.15280944394,10162.55341536346,295.7711391441651
44200,44.19999999998769,28539.512429387127,10350.763367376952,301.24880500530026
44250,44.24999999998757,28560.703006079922,10297.69347381739,299.7042578594381
44300,44.299999999987456,28852.64833170388,9907.451212048718,288.3466399864513
44350,44.34999999998734,28645.473980448514,10049.295293957079,292.4748727220815
44400,44.39999999998722,28666.207252715998,9984.27597492832,290.5825492803723
44450,44.44999999998711,28316.24396154334,10377.420810902096,302.02464372573286
44500,44.49999999998699,28760.57751552359,9978.136277484782,290.40385941448386
44550,44.54999999998687,28585.684584890645,10329.793486735161,300.6384972183062
44600,44.59999999998676,28796.069123318877,10148.032242581749,295.34851466783385
44650,44.64999999998664,28465.085281778716,10409.789717172862,302.9667089616293
44700,44.699999999986524,28622.935683273332,10291.925138563874,299.5363761254717
44750,44.74999999998641,28550.061435437798,10350.518950052376,301.2416914790474
44800,44.79999999998629,28755.015054903306,10161.69687444343,295.74621036167446
44850,44.849999999986174,28537.506013818856,10315.4411840529,300.22078754041587
44900,44.89999999998606,28674.022361926996,10191.88734225922,296.62487428521877
44950,44.94999999998594,28636.48659821978,10229.188874612157,297.7104987601831
45000,44.999999999985825,28828.819673881553,10115.491630384025,294.4014520995212
45050,45.04999999998571,28662.842440805958,10293.785814195668,299.59052926284767
45100,45.09999999998559,28569.383563969634,10360.169085691166,301.5225492019171
45150,45.149999999985475,28534.85724630244,10450.910232434047,304.16348118450486
45200,45.19999999998536,28509.66524231167,10448.042628832069,304.0800223971996
45250,45.24999999998524,28614.646753729343,10280.385181337417,299.200517000797
45300,45.299999999985125,28632.20353091906,10212.848910539478,297.23494014909187
45350,45.34999999998501,28533.202534693795,10251.891941577476,298.37124923341037
45400,45.39999999998489,28556.836115510407,10330.498075273761,300.65900357592835
45450,45.449999999984776,28535.436283340197,10416.60298594244,303.1650024596224
45500,45.49999999998466,28666.7036991305,10250.532859034669,298.33169447040467
45550,45.54999999998454,28542.237435928655,10292.03396710311,299.53954347325384
45600,45.599999999984426,28507.316213598097,10364.287188716871,301.6424025471585
45650,45.64999999998431,28568.50046856261,10333.755189960551,300.75379870091916
45700,45.69999999998419,28703.687430030084,10230.328482265373,297.74366592201665
45750,45.74999999998408,28615.714882200242,10295.510344952318,299.6407200373053
45800,45.79999999998396,28468.912799332786,10419.90357595589,303.2610628913098
45850,45.849999999983844,28539.680373223542,10306.892450095353,299.9719850320776
45900,45.89999999998373,28720.591138882803,10068.462221400325,293.03270732644506
45950,45.94999999998361,28685.12126554276,10207.77752079915,297.08734232999717
46000,45.999999999983494,28730.808318200754,10058.818573979568,292.75203843679077
46050,46.04999999998338,28279.503292207875,10356.348094229106,301.41134299701935
46100,46.09999999998326,28408.179830090732,10228.392304122823,297.6873153581965
46150,46.149999999983145,28437.310804489847,10197.153351450288,296.7781363123419
46200,46.19999999998303,28557.996249383817,10151.060613244717,295.4366524226016
46250,46.24999999998291,28465.2717415819,10366.458286140129,301.7055902059903
46300,46.299999999982795,28423.470055720987,10345.421683509572,301.09334054102357
46350,46.34999999998268,28517.833915880467,10269.32230076204,298.8785427236386
46400,46.39999999998256,28427.68309572977,10265.252276920151,298.760088675836
46450,46.449999999982445,28342.33732168827,10326.362753898315,300.5386491075234
46500,46.49999999998233,28435.24902898554,10182.030195897278,296.3379917185033
46550,46.54999999998221,28410.791583802777,10264.653250300538,298.742654594221
46600,46.599999999982096,28409.316112967666,10294.729746551746,299.61800148728
46650,46.64999999998198,28340.95619433561,10397.62402247736,302.6126383622926
46700,46.69999999998186,28639.74141862544,10244.218953317919,298.1479344437692
46750,46.749999999981746,28514.16875161139,10367.632505931086,301.7397647201092
46800,46.79999999998163,28416.608457529495,10481.968302675701,305.0673958248064
46850,46.84999999998151,28445.5494891408,10373.424136708229,301.9083244474183
46900,46.8999999999814,28714.495519151744,10163.549044038018,295.8001159391892
46950,46.94999999998128,28526.422649869928,10411.970369091076,303.03017469465584
47000,46.99999999998116,28752.08268756966,10239.985269946179,298.0247172460379
47050,47.04999999998105,28570.44399213881,10410.861524944663,302.997902874483
47100,47.09999999998093,28648.194392171252,10272.978367548592,298.9849489577855
47150,47.149999999980814,28426.658462316285,10236.96894085138,297.9369299492889
47200,47.1999999999807,28598.081294048614,10045.766227079208,292.3721626955831
47250,47.24999999998058,28379.032697177754,10276.726168783665,299.094025032988
47300,47.299999999980464,28345.2087437293,10233.209553691575,297.8275166771227
47350,47.34999999998035,28232.92396151179,10302.277287836945,299.8376652659015
47400,47.39999999998023,28240.363937435388,10420.641185106699,303.2825302814293
47450,47.449999999980115,28531.21758098268,10268.101706547208,298.84301852744517
47500,47.49999999998,28553.13653618288,10242.69915852454,298.10370230850447
47550,47.54999999997988,28501.264586183774,10395.049504288927,302.5377095381854
47600,47.599999999979765,28406.256737718708,10420.715193309428,303.2846842175054
47650,47.64999999997965,28455.94863189051,10308.951231246083,300.0319038360742
47700,47.69999999997953,28563.30707166713,10183.911198388963,296.39273644917876
47750,47.749999999979416,28572.489707093722,10291.345124517893,299.51949538614485
47800,47.7999999999793,28527.252081690058,10345.407944949227,301.0929406937138
47850,47.84999999997918,28569.674066891697,10140.410283068286,295.1266850197457
47900,47.899999999979066,28642.60395179577,10077.42715395929,293.29362288643676
47950,47.94999999997895,28639.609512397335,10084.399600657825,293.4965491017647
48000,47.99999999997883,28430.86890706604,10387.889706280886,302.3293306469435
48050,48.049999999978716,28524.20242156463,10238.185978654312,297.9723506396058
48100,48.0999999999786,28398.57413001432,10332.913141719962,300.72929171363415
48150,48.14999999997848,28366.01633933671,10226.542796227628,297.6334872468292
48200,48.19999999997837,28427.345893948026,10210.0746440641,297.1541978472141
48250,48.24999999997825,28471.203933436853,10172.351250178708,296.0562955065485
48300,48.299999999978134,28392.172135218527,10218.324796442486,297.3943104318505
48350,48.34999999997802,28335.607504747117,10210.891669162795,297.17797656052295
48400,48.3999999999779,28352.714604558605,10157.136653316558,295.6134896031882
48450,48.449999999977784,28376.680921614592,10195.341841062027,296.7254140811064
48500,48.49999999997767,28504.395611199478,10135.198901043328,294.97501286265697
48550,48.54999999997755,28267.834987376482,10372.557826218743,301.88311133120084
48600,48.599999999977435,28403.944781343183,10251.405572979053,298.3570939528898
48650,48.64999999997732,28549.166416423293,10108.716239859505,294.2042610106601
48700,48.6999999999772,28507.50109849732,10235.08625707087,297.882136286353
48750,48.749999999977085,28505.859315301183,10294.24159204467,299.6037942296416
48800,48.79999999997697,28580.862107065834,10164.227610487183,295.8198649494479
48850,48.84999999997685,28701.24004785096,10106.628000047836,294.14348484126066
48900,48.899999999976735,28627.84212630969,10219.302899377053,297.4227771574196
48950,48.94999999997662,28545.991699861617,10263.482892721084,298.7085924859759
49000,48.9999999999765,28452.52714113726,10360.231066980523,301.52435310648804
49050,49.049999999976386,28524.23105928216,10279.030039814003,299.1610769372913
49100,49.09999999997627,28282.901808231654,10511.50901104212,305.9271491375371
49150,49.14999999997615,28632.760864596283,10192.932265096752,296.65528573845717
49200,49.199999999976036,28425.323616281632,10257.493822811304,298.5342864865652
49250,49.24999999997592,28469.976160669707,10201.38536250962,296.90130483906245
49300,49.2999999999758,28385.654159226113,10274.109780242343,299.0178776133699
49350,49.34999999997569,28474.153242433887,10109.041387895759,294.21372412501165
49400,49.39999999997557,28299.87464207768,10295.518147790848,299.64094713125957
49450,49.449999999975454,28434.911828496202,10272.788703800836,298.9794289806266
49500,49.49999999997534,28502.16959715799,10260.010576983717,298.6075341457012
49550,49.54999999997522,28512.76990613016,10177.6870547763,296.2115888604505
49600,49.599999999975104,28334.715675955456,10297.020829075209,299.68468119464706
49650,49.64999999997499,28516.942137040132,10100.069836215007,293.95261592197926
49700,49.69999999997487,28480.8617221433,10126.163780237788,294.7120545426624
49750,49.749999999974754,28437.412078869587,10235.005256837214,297.8797788540818
49800,49.79999999997464,28420.910344031094,10265.757313595323,298.7747872724012
49850,49.84999999997452,28574.310329523054,10047.989552412484,292.4368703964564
49900,49.899999999974405,28319.404745663327,10346.37466872108,301.1210762399247
49950,49.94999999997429,28466.347776901377,10245.1707697922,298.1756361277208
50000,49.99999999997417,28445.34119633519,10231.661752033722,297.7824694295657
50050,50.049999999974055,28382.713690854267,10203.664930975889,296.96764944109975
50100,50.09999999997394,28433.360536944812,10258.749372864855,298.5708280381234
50150,50.14999999997382,28444.274717009437,10296.17331694979,299.6600151863587
50200,50.199999999973706,28492.13544539381,10338.007511010564,300.8775583299773
50250,50.24999999997359,28515.885612659935,10259.459400507398,298.59149269552546
50300,50.29999999997347,28451.88729318622,10294.589772170184,299.6139276703372
50350,50.349999999973356,28287.42423618341,10428.983601692134,303.52532812522304
50400,50.39999999997324,28500.448004256505,10310.41140503488,300.0744007605389
50450,50.44999999997312,28687.885657832878,10335.428746919102,300.8025059330312
50500,50.49999999997301,28630.87257086105,10372.377325450567,301.8778580335661
50550,50.54999999997289,28569.260295450025,10377.894693164753,302.0384356037105
50600,50.59999999997277,28453.974596346205,10423.43764878781,303.3639186111858
50650,50.64999999997266,28411.448924569537,10508.292545740498,305.8335370729904
50700,50.69999999997254,28694.180460334268,10191.946768286485,296.6266038213954
50750,50.749999999972424,28585.019472132015,10291.158142914801,299.51405347017305
50800,50.79999999997231,28448.62300018376,10262.552048034357,298.68150116531
50850,50.84999999997219,28316.34672857661,10447.677543370195,304.0693969432876
50900,50.899999999972074,28663.80898048015,10180.448182945653,296.29194878483116
50950,50.94999999997196,28755.925261068078,10085.273288372022,293.52197692486413
51000,50.99999999997184,28677.07136969496,10120.604010895271,294.550242914757
51050,51.049999999971725,28645.931791139228,10189.933034798725,296.5679960853999
51100,51.09999999997161,28653.23597999965,10267.42514192114,298.8233277782822
51150,51.14999999997149,28663.177118130123,10130.937150297434,294.8509787915587
51200,51.199999999971375,28505.70722149728,10406.79385173323,302.87951723947185
51250,51.24999999997126,28690.807212100575,10171.79505439639,296.0401079743999
51300,51.29999999997114,28336.956391270454,10554.012620689253,307.1641749645371
51350,51.349999999971025,28457.091357895748,10431.017517738022,303.5845232547568
51400,51.39999999997091,28391.770193647906,10574.745725182996,307.76759161421876
51450,51.44999999997079,28785.530207586402,10205.3145855434,297.01566101758897
51500,51.499999999970676,28677.94257950149,10260.709620058155,298.6278791080336
51550,51.54999999997056,28735.311970748895,10308.943160818146,300.031668954193
51600,51.59999999997044,28533.77551610214,10367.708617511924,301.74197987293996
51650,51.649999999970326,28648.721778211482,10189.595860483534,296.55818295800776
51700,51.69999999997021,28510.77168589784,10295.31056035857,299.63490550286093
51750,51.74999999997009,28491.20358054793,10288.114326038298,299.42546616852616
51800,51.79999999996998,28650.009917693053,10267.315450309841,298.82013531163506
51850,51.84999999996986,28620.982569815176,10311.99790976576,300.12057442303603
51900,51.899999999969744,28612.224410778806,10350.982829205208,301.25519222633505
51950,51.94999999996963,28625.021181246622,10325.396592646244,300.51052993289846
52000,51.99999999996951,28509.40084994187,10368.572580596212,301.76712467023395
52050,52.049999999969394,28499.364436269032,10450.886850047205,304.1628006630936
52100,52.09999999996928,28732.00143406711,10161.52236288004,295.74113137396455
52150,52.14999999996916,28613.514419575782,10330.951440028472,300.6721983119822
52200,52.199999999969044,28723.332571612584,10226.151878987828,297.6221099843833
52250,52.24999999996893,28564.409739197014,10394.876654544601,302.5326789160878
52300,52.29999999996881,28580.06587201707,10392.019898824688,302.44953584573915
52350,52.349999999968695,28718.745645928844,10287.548214779466,299.408990056169
52400,52.39999999996858,28680.489654530233,10364.20739700732,301.6400802877948
52450,52.44999999996846,28415.90514126895,10616.836463465434,308.9926012255232
52500,52.499999999968345,28494.123786596654,10417.097010120771,303.1793805482796
52550,52.54999999996823,28470.75264923543,10460.528436685996,304.4434095757121
52600,52.59999999996811,28637.900979125377,10274.520864050826,299.02984180399693
52650,52.649999999967996,28560.639335573498,10292.566350784027,299.55503797757086
52700,52.69999999996788,28716.54427313619,10124.876886815293,294.6746007731251
52750,52.74999999996776,28757.829998148016,10033.417150041527,292.01275493322953
52800,52.799999999967646,28517.58496298229,10311.356589970734,300.10190944007576
52850,52.84999999996753,28680.26612649393,10129.794158069433,294.81771312499916
52900,52.89999999996741,28647.954241878426,10142.388670547407,295.1842640448639
52950,52.9499999999673,28551.305432172492,10297.493807857136,299.69844677770516
53000,52.99999999996718,28596.82721643806,10233.122133431902,297.82497239629765
53050,53.04999999996706,28636.67973215021,10181.683511218662,296.32790180132133
53100,53.09999999996695,28734.47864180075,10102.591274143717,294.0259998972436
53150,53.14999999996683,28789.875556415653,10057.503162194162,292.7137546683016
53200,53.199999999966714,28741.654949497788,10088.026559694967,293.6021081834442
53250,53.2499999999666,28592.96773980184,10174.236883224126,296.1111750049439
53300,53.29999999996648,28586.983228891775,10217.998108644522,297.3848025042461
53350,53.349999999966364,28712.646870902594,10107.952552165865,294.1820346301565
53400,53.39999999996625,28730.871346131324,10172.042559288726,296.04731136128095
53450,53.44999999996613,28632.63863552711,10282.391284905447,299.25890267547004
53500,53.499999999966015,28518.02814375794,10435.84734145701,303.7250905319798
53550,53.5499999999659,28579.124616308,10257.703840005957,298.5403988308121
53600,53.59999999996578,28578.319233866445,10161.7027907325,295.746382549459
53650,53.649999999965665,28661.14762837124,10006.650047250825,291.23372468754087
53700,53.69999999996555,28508.388312263756,10211.104730155266,297.1841774915169
53750,53.74999999996543,28638.11967584573,9986.026016494949,290.6334825219068
53800,53.799999999965316,28470.635522227247,10123.064780976229,294.6218612118787
53850,53.8499999999652,28583.838974339473,10003.375438973226,291.13842042876547
53900,53.89999999996508,28627.37647772453,10082.995491564394,293.455683885212
53950,53.949999999964966,28549.585421680036,10235.744254702413,297.90128666137014
54000,53.99999999996485,28611.981576849925,10129.183640784246,294.79994461884456
54050,54.04999999996473,28436.48161358972,10219.25945620275,297.42151278648583
54100,54.099999999964616,28464.18110859683,10141.231529283346,295.1505865845019
54150,54.1499999999645,28584.543705398035,10209.445253110061,297.1358800414585
54200,54.19999999996438,28364.702739184075,10300.377556340922,299.78237544594367
54250,54.24999999996427,28447.505718700428,10299.640165539147,299.7609144106584
54300,54.29999999996415,28636.267597856066,10091.613707708333,293.7065086043648
54350,54.349999999964034,28583.120125972666,10127.830546716496,294.76056414452574
54400,54.39999999996392,28337.715423649046,10315.167197647283,300.2128134350915
54450,54.4499999999638,28366.586054096697,10253.08032559766,298.40583598351384
54500,54.499999999963684,28341.18498845945,10215.761042807897,297.31969489951376
54550,54.54999999996357,28440.90292956656,10055.116634095803,292.64429711118953
54600,54.59999999996345,28604.040057911334,9929.536255328152,288.98940348710175
54650,54.649999999963335,28613.640144311772,9991.071530961737,290.7803272665705
54700,54.69999999996322,28415.118269076767,10212.02977498935,297.2111000131661
54750,54.7499999999631,28402.560794934892,10341.904250870213,300.99096911761404
54800,54.799999999962985,28570.951144864986,10206.998554372027,297.0646712769568
54850,54.84999999996287,28634.266710445103,10136.11414653635,295.00165018410604
54900,54.89999999996275,28675.943786304204,10143.798681052982,295.2253010162227
54950,54.949999999962635,28527.61743129603,10317.166541411963,300.27100237232514
55000,54.99999999996252,28542.486148107986,10297.461420869096,299.6975041862171
55050,55.0499999999624,28497.231639438643,10312.4310105233,300.13317939534824
55100,55.099999999962286,28511.196505594737,10177.084711760028,296.1940582583669
55150,55.14999999996217,28277.91978812455,10394.354058957071,302.51746928461836
55200,55.19999999996205,28290.61199661639,10454.770644381346,304.2758346839209
55250,55.249999999961936,28577.365345730985,10277.291543762292,299.1104797166327
55300,55.29999999996182,28661.429802822044,10312.555359575808,300.13679845243047
55350,55.3499999999617,28588.659122964455,10350.592791233608,301.2438405541269
55400,55.39999999996159,28526.206906473926,10449.715898434071,304.12872126608147
55450,55.44999999996147,28757.598165830765,10124.188779888422,294.65457409663003
55500,55.499999999961354,28536.129381342005,10370.4018765859,301.8203645339363
55550,55.54999999996124,28775.29018476545,10270.844045706921,298.922831616148
55600,55.59999999996112,28629.34416862703,10461.710477756718,304.47781172049923
55650,55.649999999961004,28708.75047845152,10324.254053657405,300.47727745741975
55700,55.69999999996089,28689.101934541257,10368.896214725744,301.7765437238168
55750,55.74999999996077,28592.022373550535,10406.055063082167,302.8580155211556
55800,55.799999999960654,28826.88496493463,10251.11481789987,298.34863181178537
55850,55.84999999996054,28762.2985509536,10289.314666368364,299.4604008952896
55900,55.89999999996042,28843.28769053038,10266.378085489849,298.7928542288922
55950,55.949999999960305,28538.616553756132,10399.581433934904,302.669606900898
56000,55.99999999996019,28595.369565478955,10394.593396543016,302.5244349700659
56050,56.04999999996007,28661.46567591893,10220.046456631513,297.4444176612558
56100,56.099999999959955,28554.809151293455,10430.436695388842,303.567618990559
56150,56.14999999995984,28823.3681677246,10147.501146988949,295.33305765205677
56200,56.19999999995972,28615.73923173877,10362.543129610733,301.5916434192628
56250,56.249999999959606,28484.02306933354,10444.304511348753,303.97122815808416
56300,56.29999999995949,28436.120614513035,10629.203559716925,309.3525334194027
56350,56.34999999995937,28489.52240672188,10459.25409687664,304.40632116675965
56400,56.399999999959256,28752.053176574387,10161.531842554583,295.7414072705846
56450,56.44999999995914,28712.54256487864,10165.122239076507,295.8459022361573
56500,56.49999999995902,28631.899705902943,10255.512993469032,298.4766363934175
56550,56.54999999995891,28425.355462185027,10437.78058903964,303.7813558047307
56600,56.59999999995879,28683.36258287992,10064.139971899365,292.90691249848066
56650,56.64999999995867,28385.902531734224,10417.552364708945,303.19263319648263
56700,56.69999999995856,28402.83810680121,10291.285277826648,299.5177536069561
56750,56.74999999995844,28399.921174219162,10351.600759347573,301.2731764764196
56800,56.799999999958324,28474.84207367347,10235.304943428384,297.8885009380732
56850,56.84999999995821,28387.182903732224,10316.038827109092,300.23818135477603
56900,56.89999999995809,28572.331823791166,10206.621134921043,297.0536868544017
56950,56.949999999957974,28540.48672463408,10281.795085234764,299.241550869428
57000,56.99999999995786,28457.154618386026,10394.94270527005,302.5346012576006
57050,57.04999999995774,28395.262638027794,10461.645000024966,304.4759060554053
57100,57.099999999957625,28607.32039035549,10288.678554659553,299.4418874885651
57150,57.14999999995751,28655.111596034338,10338.320072446953,300.88665512369784
57200,57.19999999995739,28541.386816963226,10314.908628284651,300.20528802766603
57250,57.249999999957275,28617.97990724143,10216.889174441425,297.35252806306187
57300,57.29999999995716,28404.277156704527,10367.19408515079,301.7270049137581
57350,57.34999999995704,28638.04834596748,10228.605371792357,297.6935164835197
57400,57.399999999956925,28682.66086065428,10130.5681434072,294.8402392083244
57450,57.44999999995681,28630.0174545588,10299.829335468321,299.7664200157123
57500,57.49999999995669,28480.87932631105,10439.87368025328,303.84227316942133
57550,57.549999999956576,28597.675180412676,10368.426628700578,301.76287688361305
57600,57.59999999995646,28639.2202723265,10394.966158108082,302.5352838294246
57650,57.64999999995634,28954.366093148106,10108.147700406618,294.18771422809914
57700,57.699999999956226,28818.119509623888,10290.298452891817,299.48903303613287
57750,57.74999999995611,28742.453097158934,10283.712732476353,299.2973621095701
57800,57.79999999995599,28648.336991847784,10394.209247125324,302.51325467843753
57850,57.84999999995588,28711.68915083469,10344.214574915333,301.05820883057675
57900,57.89999999995576,28868.590820076293,10129.920732851633,294.8213969597588
57950,57.949999999955644,28834.798248374755,10196.083366032875,296.74699543732345
58000,57.99999999995553,28401.039541476457,10582.421425926974,307.9909853480557
58050,58.04999999995541,28597.466653671465,10428.835241164397,303.5210102377297
58100,58.099999999955294,28554.50115721522,10384.00989920718,302.2164126714163
58150,58.14999999995518,28543.43462035439,10473.223896503867,304.8128984687903
58200,58.19999999995506,28531.369081758465,10432.118992265066,303.6165805893937
58250,58.249999999954944,28629.476311199112,10339.375468962167,300.9173714030417
58300,58.29999999995483,28530.01981890297,10357.973621672241,301.4586523772425
58350,58.34999999995471,28685.241149531925,10230.82173129982,297.75802145087215
58400,58.399999999954595,28633.871687914012,10248.144866102832,298.26219428075257
58450,58.44999999995448,28585.121688665175,10355.579711512322,301.3889799724769
58500,58.49999999995436,28531.17104472182,10449.975313086585,304.1362712748389
58550,58.549999999954245,28683.393544851708,10310.782114634367,300.0851898994542
58600,58.59999999995413,28687.2968268322,10375.356061759308,301.964551229187
58650,58.64999999995401,28629.400564728312,10337.584081361701,300.8652348257877
58700,58.699999999953896,28941.118268726023,10172.755189775879,296.0680517719197
58750,58.74999999995378,28611.061278301,10493.803929053702,305.4118601098367
58800,58.79999999995366,28847.159847851763,10341.647640377389,300.983500721171
58850,58.849999999953546,28709.100520977234,10377.249974688633,302.01967170547397
58900,58.89999999995343,28544.021398042,10451.451244459977,304.1792268083318
58950,58.94999999995331,28628.582847353195,10527.802958901855,306.40136849193124
59000,58.9999999999532,28730.802597236427,10469.202414150655,304.6958571733557
59050,59.04999999995308,28653.946050578066,10535.788001483526,306.6337653162298
59100,59.09999999995296,28677.41992961568,10382.71678821085,302.1787779454973
59150,59.14999999995285,28655.842419601133,10390.402737503013,302.4024699532668
59200,59.19999999995273,28688.133254647968,10278.638990739035,299.1496958379123
59250,59.249999999952614,28606.341792639352,10391.758238044851,302.4419204656512
59300,59.2999999999525,28556.053505502925,10384.97742301275,302.24457150182303
59350,59.34999999995238,28470.443723103694,10511.094755544744,305.9150926380189
59400,59.399999999952264,28477.343816513632,10423.21589577533,303.3574647074837
59450,59.44999999995215,28796.900632669887,10169.447039072913,295.9717712937874
59500,59.49999999995203,28678.77629428106,10280.042581482065,299.19054596838544
59550,59.549999999951915,28730.988688195088,10345.082875616237,301.0834798699435
59600,59.5999999999518,28586.797947726365,10368.483281081595,301.76452569553896
59650,59.64999999995168,28626.88501593876,10290.092948699292,299.48305203838186
59700,59.699999999951565,28594.13671876232,10250.393168454462,298.3276289132217
59750,59.74999999995145,28623.251065732344,10226.85542756205,297.64258607486335
59800,59.79999999995133,28543.234646424447,10302.667638164998,299.84902602893754
59850,59.849999999951216,28512.9477476697,10368.08300688074,301.75287610792867
59900,59.8999999999511,28435.317606657685,10511.294849577858,305.92091617839225
59950,59.94999999995098,28564.568878116443,10380.91218128539,302.1262566327686
60000,59.999999999950866,28713.55729440244,10157.917314243328,295.6362099729771
60050,60.04999999995075,28903.815031952945,10137.118376698041,295.0308773169678
60100,60.09999999995063,28623.48652611563,10447.849925747285,304.0744139631207
60150,60.149999999950516,28549.626885021353,10392.9594423223,302.47688033675496
60200,60.1999999999504,28309.24359679847,10720.053721197582,311.9966381688983
60250,60.24999999995028,28510.157709506973,10549.471058641491,307.0319972602281
60300,60.29999999995017,28720.882871121852,10470.37360989557,304.72994367558357
60350,60.34999999995005,28654.387165362503,10416.798283203505,303.1706863946548
60400,60.399999999949934,28801.67872982743,10294.559578923774,299.6130489255454
60450,60.44999999994982,28648.213393406993,10443.335759546157,303.94303358802966
60500,60.4999999999497,28733.048987043832,10392.959305963745,302.47687636817307
60550,60.549999999949584,28665.50248286641,10455.292025566647,304.2910089714057
60600,60.59999999994947,28477.27405570048,10513.951330874937,305.99823045830186
60650,60.64999999994935,28559.731194209322,10324.619354208531,300.48790917129327
60700,60.699999999949235,28483.533619356785,10387.485383748342,302.3175632366142
60750,60.74999999994912,28730.254226274643,10075.78042233613,293.2456963793731
60800,60.799999999949,28587.696195984965,10304.528643186402,299.9031887528748
60850,60.849999999948885,28705.091786726276,10178.324136055466,296.2301304855682
60900,60.89999999994877,28546.554998082676,10295.227256750963,299.6324810331524
60950,60.94999999994865,28470.52764560333,10204.83192600094,297.0016136855005
61000,60.999999999948535,28592.86325899486,10191.072247021104,296.6011517386072
61050,61.04999999994842,28382.82983758599,10476.894165191525,304.9197180353249
61100,61.0999999999483,28554.32479908922,10326.612001847323,300.54590322435746
61150,61.149999999948186,28582.866853770094,10370.129011891713,301.81242307492175
61200,61.19999999994807,28728.89350971731,10116.892594209854,294.4422257761484
61250,61.24999999994795,28552.388782905873,10412.674827557628,303.05067726665874
61300,61.299999999947836,28744.91620899752,10238.898866944648,297.9930985533532
61350,61.34999999994772,28599.171049087767,10258.696495285962,298.5692890881071
61400,61.3999999999476,28492.87168416966,10300.289379033473,299.7798091319865
61450,61.44999999994749,28631.631001485526,10303.372808897415,299.8695493307391
61500,61.49999999994737,28615.889664705493,10342.641161468666,301.0124161770531
61550,61.549999999947254,28699.510067139025,10367.492804459227,301.7356988459353
61600,61.59999999994714,28632.40335479496,10391.049723524922,302.42129984619714
61650,61.64999999994702,28515.57438384866,10521.805200403218,306.2268096196726
61700,61.699999999946904,28635.63614350852,10458.509081364775,304.38463822177346
61750,61.74999999994679,28880.77818780278,10140.20703033538,295.1207695485163
61800,61.79999999994667,28669.68892230968,10366.41552628286,301.7043457223279
61850,61.849999999946554,28729.594729780023,10461.63098202693,304.4754980753359
61900,61.89999999994644,28572.618936004168,10601.503143712973,308.5463400090074
61950,61.94999999994632,28672.78643605706,10393.734443410818,302.49943598250854
62000,61.999999999946205,28542.028457091765,10501.092743479412,305.62399389724135
62050,62.04999999994609,28810.15497163654,10260.925474733474,298.6341613464239
62100,62.09999999994597,28657.189468130215,10475.129569266845,304.86836120348937
62150,62.149999999945855,28807.04925695322,10317.052239034541,300.267675713857
62200,62.19999999994574,28548.669033066995,10627.70302096051,309.3088617121874
62250,62.24999999994562,28765.17749688944,10373.373797460492,301.906859373038
62300,62.299999999945506,28708.338095214764,10596.084064998047,308.38862304368223
62350,62.34999999994539,28740.118897190878,10613.035584797477,308.88198038375026
62400,62.39999999994527,28944.53079274312,10332.59584964224,300.7200572392424
62450,62.449999999945156,28770.38434925866,10532.422794156735,306.53582426108153
62500,62.49999999994504,28634.843948991882,10654.583105713693,310.09118018696387
62550,62.54999999994492,28516.046497176925,10743.26182429982,312.6720872230254
62600,62.59999999994481,28730.76558972081,10555.684387343741,307.21283009160715
62650,62.64999999994469,28741.593124263192,10579.154596328073,307.89590748008646
62700,62.69999999994457,29016.051063315084,10269.21284385913,298.87535708794866
62750,62.74999999994446,28765.10905135188,10475.633646878357,304.88303188744845
62800,62.79999999994434,28836.740059348776,10283.918783924879,299.3033590346697
62850,62.849999999944224,28756.645847630112,10371.187611314175,301.84323257173634
62900,62.89999999994411,28676.075743123416,10334.655353229748,300.77999706905206
62950,62.94999999994399,28616.243130861592,10406.204374307108,302.8623610777576
63000,62.999999999943874,28649.325804623142,10420.22940632007,303.2705458641457
63050,63.04999999994376,28786.25296946783,10345.006840020633,301.08126692858826
63100,63.09999999994364,28826.020049720442,10262.701084480488,298.6858387247446
63150,63.149999999943525,28755.309552275823,10370.857495773413,301.83362488304334
63200,63.19999999994341,28581.85667296152,10534.642803934777,306.6004354659752
63250,63.24999999994329,28666.10782856903,10283.351075771228,299.28683644625676
63300,63.299999999943175,28650.896214639957,10273.496370241224,299.00002491755833
63350,63.34999999994306,28737.47559399521,10337.829471272928,300.8723766582201
63400,63.39999999994294,28734.35240679353,10414.567917643235,303.10577379488717
63450,63.449999999942825,28512.13192729005,10563.718461536757,307.44665393281275
63500,63.49999999994271,28469.896137367272,10559.773046964521,307.331826515457
63550,63.54999999994259,28781.536776516732,10383.140603444303,302.1911126717479
63600,63.599999999942476,28658.293150345904,10536.762306160183,306.66212149723174
63650,63.64999999994236,28501.115951681983,10768.08796402705,313.3946276444686
63700,63.69999999994224,28778.18970588933,10506.954249739067,305.7945872818624
63750,63.749999999942126,28685.349592923543,10581.8702845827,307.9749449203637
63800,63.79999999994201,28775.320016745383,10608.0786255338,308.73771295132593
63850,63.84999999994189,28767.040820668473,10529.336354376856,306.4459964616808
63900,63.89999999994178,28919.209498840974,10329.434006174046,300.6280348895276
63950,63.94999999994166,28962.09227751244,10232.06980139856,297.7943453056898
64000,63.999999999941544,28750.626252574213,10418.40034047963,303.21731269871117
64050,64.04999999994178,28716.620221668425,10411.28283890508,303.0101648036376
64100,64.09999999994201,28770.11824655714,10420.75334576245,303.285794607191
64150,64.14999999994225,28600.768302094068,10502.03865461672,305.6515237121585
64200,64.19999999994249,28556.974147574503,10501.946562231233,305.648843453699
64250,64.24999999994273,28538.70380507505,10572.54897457388,307.7036573445999
64300,64.29999999994297,28682.489045700415,10393.94365938752,302.5055250080936
64350,64.34999999994321,28622.44720900298,10497.672896501661,305.52446260869937
64400,64.39999999994345,28619.75160757845,10429.621764536036,303.5439012282204
64450,64.44999999994369,28628.544979495004,10415.287486801139,303.12671614872556
64500,64.49999999994392,28651.241736129617,10270.571186236933,298.9148903091786
64550,64.54999999994416,28456.871886720175,10355.447425716151,301.38512992426286
64600,64.5999999999444,28530.870909836223,10323.15557174563,300.4453072199119
64650,64.64999999994464,28624.855613662075,10204.014852048673,296.97783355035637
64700,64.69999999994488,28471.090178212813,10408.028314457904,302.9154450650276
64750,64.74999999994512,28433.62603848685,10439.774671042273,303.83939160354623
64800,64.79999999994536,28422.16376167038,10559.572994804937,307.32600419377167
64850,64.8499999999456,28704.90473140822,10337.966367218252,300.8763608802987
64900,64.89999999994583,28618.848044370745,10345.11242525342,301.0843398831206
64950,64.94999999994607,28394.18907712338,10560.366949080468,307.34911145342426
65000,64.99999999994631,28481.640272684417,10400.967103342826,302.7099354485087
65050,65.04999999994655,28641.195400077704,10268.860598004787,298.8651053182074
65100,65.09999999994679,28515.262602818017,10437.89945943873,303.78481541098444
65150,65.14999999994703,28640.025831712752,10313.750653989806,300.171586322761
65200,65.19999999994727,28557.675669406024,10444.448266102005,303.9754119990332
65250,65.2499999999475,28515.676644002247,10497.503224591255,305.51952447433786
65300,65.29999999994774,28775.720446906715,10204.791333995507,297.0004322950372
65350,65.34999999994798,28732.349513111658,10208.510125857965,297.1086640809324
