# DFTB+ Hessian matrix (original data)
# Size: 108 x 108
# Number of atoms: 36

+6.0370318260e-01 -1.8335544110e-01 -1.1187645550e-01 -2.4106345300e-01 +3.6817328100e-02 +1.2333990850e-01 -2.1733941160e-01 +8.2833989900e-02 -1.1749776700e-02 -1.0880458370e-01 +4.6697322300e-02 -3.7572710400e-02 +1.3728403800e-02 -2.2326996800e-02 +3.8046188600e-02 -1.3328816900e-02 -6.8467300000e-05 +1.5887248800e-02 +2.6723012000e-03 +1.7502109200e-02 -3.5982884200e-02 -3.7249884700e-02 +8.3759468000e-03 +2.4300151300e-02 +1.0338789000e-02 -1.2273822600e-02 +2.0915601000e-02 -1.7804161000e-03 +1.2136692000e-02 -2.1393105100e-02 +8.9292543000e-03 +6.7488462000e-03 -1.5594482700e-02 -2.0603172100e-02 +1.5197326000e-03 +1.2658495400e-02 +2.4596816000e-03 +1.1094307000e-03 +1.8672330000e-03 +6.8542450000e-04 +1.6182511000e-03 +2.8708291000e-03 +4.5140880000e-03 +3.3991742000e-03 -1.7688019600e-02 -2.3570387000e-03 +2.6418188000e-03 +4.7571483000e-03 +6.6337884000e-03 -7.1689794000e-03 +7.0906306000e-03 -8.4054800000e-05 +2.6057100000e-05 -9.6667100000e-05 +1.6012149000e-03 +1.8274938000e-03 -6.4886932000e-03 -4.6279138000e-03 -2.1129884000e-03 +8.8051068000e-03 +1.5895351000e-03 -1.3631562000e-03 -4.2583350000e-04 -1.8981210000e-04 +8.0064700000e-05 -8.7292200000e-05 -7.6259832000e-03 +2.8526883000e-03 +2.4976255000e-03 -1.3758450000e-04 -1.8782410000e-04 -2.1444250000e-04 +4.6601600000e-05 -7.0683300000e-05 -3.8262000000e-05 +2.4318600000e-05 -4.2329900000e-05 -2.4128500000e-05 +2.3255860000e-04 +2.5615887000e-03 -5.5234848000e-03 -4.3845910000e-04 -2.2911910000e-04 +2.2768110000e-04 +2.4364500000e-05 +1.2748810000e-04 -2.6358400000e-05 -1.2907619000e-03 -6.4808640000e-04 +3.0358579000e-03 +9.6947190000e-04 -2.2145950000e-04 -2.1207480000e-04 -1.0106600000e-05 +5.2907000000e-06 -5.5091000000e-06 -1.1808875000e-03 +1.2128661000e-03 -1.3342982000e-03 -2.8336300000e-05 +9.0677000000e-06 +1.1973600000e-05 -1.0858700000e-05 -4.6956000000e-06 +5.1086300000e-05 -1.4397000000e-06 -2.9213600000e-05 -2.8288700000e-05
-1.8335546950e-01 +3.1801764950e-01 -1.9922605820e-01 +3.1126639400e-02 -6.9334495700e-02 +5.3318227000e-03 +8.1976850800e-02 -1.1837347080e-01 +3.0337844400e-02 +5.1881650500e-02 -1.3380731600e-01 +1.2016629350e-01 -1.2198160400e-02 +3.7841010000e-03 +1.5588469400e-02 +1.0627847000e-02 +1.2084609000e-03 -1.0582065600e-02 +1.3021361500e-02 -1.2956963800e-02 +2.1354325900e-02 +1.2235112800e-02 +5.1491108000e-03 -1.8718551500e-02 -2.0365038900e-02 +4.1085386000e-03 +2.4665554200e-02 +1.4860349000e-03 -3.7243265000e-03 +1.1074089400e-02 +4.0734942000e-03 +3.8504666000e-03 +3.8589236000e-03 +1.6297578000e-03 -9.9301910000e-04 -1.1521473900e-02 +1.7313429000e-03 +3.9924523000e-03 +3.3286637000e-03 +1.0932993000e-03 +4.9051475000e-03 +2.4868889000e-03 +3.3991212000e-03 -1.0863301900e-02 +7.9642158000e-03 +5.0051251000e-03 +9.9367255000e-03 -1.0640431900e-02 -1.0230823000e-03 -1.9864400000e-04 -5.8229800000e-04 +6.4794400000e-05 -1.2660050000e-04 -6.2650600000e-05 -1.8773456000e-03 -2.2589999000e-03 +4.9411609000e-03 +1.1755888000e-03 +2.8868610000e-04 -2.9937518000e-03 -6.1450593000e-03 -6.4828170000e-04 +4.6378163000e-03 +5.9270000000e-07 -7.7060700000e-05 -7.5379600000e-05 +2.8548192000e-03 -3.6288220000e-04 -1.3905188000e-03 -2.6666780000e-04 -5.4793160000e-04 -7.1037900000e-05 -7.5231000000e-05 -6.1532700000e-05 -6.9749700000e-05 -7.3814800000e-05 -1.2765400000e-05 -7.3154400000e-05 +2.2086261000e-03 -2.0985929000e-03 +2.3957960000e-03 +6.8590280000e-04 +6.7552770000e-04 -3.6016542000e-03 +9.4064700000e-05 +1.9196680000e-04 +2.8509500000e-05 +3.9847400000e-04 +4.2840020000e-04 -7.5013980000e-04 -2.6251623000e-03 +1.1406974000e-03 +1.0696091000e-03 +1.2542800000e-05 -1.3942500000e-05 +6.6695000000e-06 +1.2685452000e-03 -1.1831545000e-03 +1.1196989000e-03 -3.7054200000e-05 +1.6738100000e-05 +6.4638000000e-06 +3.0750000000e-06 +1.2427500000e-05 +2.9942000000e-05 -1.2591800000e-05 -6.3792700000e-05 -3.3835600000e-05
-1.1187622770e-01 -1.9922595540e-01 +6.7197836270e-01 +1.3534165030e-01 -7.0685750000e-04 -1.9318702430e-01 -9.9131977000e-03 +2.9432386000e-02 -1.1471327120e-01 -4.8534687800e-02 +1.2564794500e-01 -2.6535762310e-01 +1.6598686700e-02 +2.6331992700e-02 -6.8301325900e-02 -6.7260522000e-03 +7.6105170000e-04 +7.0751858000e-03 -2.6492887000e-02 +1.6595789200e-02 -3.3896145000e-03 +1.6130102000e-02 -1.4627566400e-02 +1.6282373500e-02 +3.8032986400e-02 +1.6094848200e-02 -6.8745697100e-02 +1.1336357000e-03 -1.9895230000e-04 +1.4878703000e-03 -9.8955919000e-03 +1.0227912000e-03 +1.6075623900e-02 +1.2426388100e-02 -1.1412084600e-02 +5.3474126000e-03 +5.4575240000e-04 +3.9905384000e-03 -2.5829020000e-03 +3.9783229000e-03 +1.9311211000e-03 -1.6699216000e-03 -1.7688039300e-02 +7.9642312000e-03 -3.5071124000e-03 -2.3948210000e-04 -8.1371978000e-03 +2.4885163600e-02 -5.9145867000e-03 +5.9307172000e-03 -7.2672009000e-03 -1.7953750000e-04 -2.2101600000e-05 +1.1115900000e-04 +1.3545866000e-03 +1.0066275000e-03 -4.4491198000e-03 +1.8461902000e-03 +4.9086820000e-04 -3.5337045000e-03 +9.6859996000e-03 -4.3221770000e-04 -1.0891496700e-02 +8.0599000000e-05 -1.5955670000e-04 +1.3934840000e-04 +2.4782170000e-03 -1.3821136000e-03 +7.0730180000e-04 -4.9689600000e-05 -1.5587280000e-04 -3.3572130000e-04 -3.0109600000e-05 -7.3525700000e-05 +5.6873000000e-05 +4.1338300000e-05 -1.0598120000e-04 +9.6180300000e-05 -4.7704120000e-03 +2.0211040000e-03 +9.2375890000e-04 -1.7071550000e-03 -2.6263438000e-03 +6.6951119000e-03 +4.3960900000e-05 -5.9133000000e-06 +2.2022580000e-04 +8.1611270000e-04 +3.6110940000e-04 -1.3566248000e-03 +4.8744285000e-03 -1.4822565000e-03 -1.7090364000e-03 -2.0997600000e-05 +1.3547600000e-05 -1.3045600000e-05 -1.4513612000e-03 +1.1787303000e-03 -9.7241550000e-04 +1.0970450000e-04 -4.2375000000e-05 -2.5131400000e-05 +3.4540100000e-05 +3.7594900000e-05 -8.9718900000e-05 -6.3159100000e-05 -1.6147800000e-05 +1.5747700000e-05
-2.4106344980e-01 +3.1126635200e-02 +1.3534165730e-01 +6.0837750080e-01 -2.0000943190e-01 -9.9912557700e-02 -3.7011156000e-02 +1.2936221400e-02 +1.5731145300e-02 +1.7869475000e-03 -1.4043600400e-02 +2.7619813900e-02 -1.1185003290e-01 +5.3831500100e-02 -4.9629963400e-02 -2.2894701190e-01 +1.1232455780e-01 -2.7846291500e-02 -9.6318400000e-04 -4.5111055000e-03 +8.1294796000e-03 -5.0734040000e-04 +4.1691768000e-03 -3.9000206000e-03 +1.0468688000e-02 +4.1211393000e-03 -1.1949139700e-02 +6.2622980000e-04 -1.0358238000e-03 -1.4139182000e-03 +3.2487873000e-03 -1.4900156300e-02 +2.9301383800e-02 +3.6273583000e-03 +1.2794507800e-02 -2.8800607100e-02 +1.5825400000e-04 -4.2763000000e-04 +5.5473800000e-05 -7.2446890000e-04 -1.0501440000e-04 +6.7009660000e-04 -4.6279068000e-03 +1.1755740000e-03 +1.8461998000e-03 -8.2474670000e-04 -2.5813835000e-03 +6.7892556000e-03 -4.8487315000e-03 +4.9018267000e-03 +1.3017633000e-03 +8.6858050000e-04 -1.6778143000e-03 +4.1077300000e-04 -3.4404685000e-03 +3.6706275000e-03 +1.2507703000e-03 +1.5652883000e-03 +3.2084710000e-04 -3.0288713000e-03 +2.4759888000e-03 -1.3550860000e-04 -3.1410297000e-03 +8.7448300000e-05 +4.1909300000e-05 +3.2808800000e-05 +1.8236886000e-03 -1.0144492000e-03 -3.4819780000e-04 +9.6892000000e-05 -5.2462210000e-04 +7.2461120000e-04 -2.1076890000e-04 +6.2914080000e-04 -9.2859920000e-04 +9.5965500000e-05 -3.7114200000e-05 -1.4679500000e-05 -1.3655366000e-03 +1.3038680000e-04 +1.3133753000e-03 -5.4941670000e-04 -8.3174280000e-04 +2.2110137000e-03 -1.0757210000e-04 -3.4918160000e-04 -1.2895140000e-04 +5.0076050000e-04 +2.5418740000e-04 -9.3065480000e-04 +1.4899952000e-03 -4.3384090000e-04 -5.7137660000e-04 -1.4256800000e-05 +4.1298000000e-06 -8.8970000000e-06 -2.7750990000e-04 +1.8557550000e-04 -1.3126710000e-04 +4.2546500000e-05 -1.6659400000e-05 -1.1800000000e-05 +1.5709600000e-05 +2.0243000000e-05 -3.7211900000e-05 -2.3093300000e-05 -3.0953000000e-06 +4.4140000000e-06
+3.6817329300e-02 -6.9334496400e-02 -7.0685670000e-04 -2.0000945540e-01 +3.0967703190e-01 -1.9990610880e-01 +8.4482757000e-03 +6.1703595000e-03 -1.4266353800e-02 -1.5431359800e-02 -2.8328942000e-03 +2.1956646100e-02 +4.3818367800e-02 -1.3511516770e-01 +1.3109527450e-01 +1.1229536590e-01 -1.0056910950e-01 +2.7835225100e-02 -4.4272054000e-03 -2.6824695000e-03 +5.5097863000e-03 +4.3065406000e-03 +1.3423576000e-03 +1.3479710000e-03 +6.4813187000e-03 +3.7558469000e-03 +8.7057860000e-04 -1.9477232000e-03 -1.3972776000e-03 -8.5635840000e-04 -1.1280978700e-02 -1.9530677000e-03 +1.8511696900e-02 +1.9524770500e-02 -1.4501162700e-02 +1.4249487100e-02 -5.3973100000e-04 -2.8513110000e-04 -1.8118060000e-04 +4.4985900000e-04 -2.7295070000e-04 -5.3420880000e-04 -2.1129687000e-03 +2.8866580000e-04 +4.9087340000e-04 -8.6911810000e-04 -5.7325400000e-04 +3.0380982000e-03 -3.2229625000e-03 +1.0361164600e-02 -5.5029506000e-03 -7.2528120000e-04 -1.0623575000e-03 -1.4073639000e-03 +3.8957293000e-03 +2.7201047000e-03 +8.1491350000e-04 +3.2085170000e-04 -3.4117610000e-04 -9.9831240000e-04 +1.0976379000e-03 -5.7020360000e-04 -1.5585330000e-03 +5.9113300000e-05 +1.5319230000e-04 +4.0965000000e-05 +3.5082011000e-03 -2.0705111000e-03 -4.5352010000e-04 -1.0830200000e-05 -1.3379220000e-04 -2.7963260000e-04 +1.0322600000e-04 -1.4067900000e-04 +5.4210500000e-04 +4.3360700000e-05 -1.4906700000e-05 +3.5317000000e-06 -5.1126000000e-04 +3.8560970000e-04 +4.9681000000e-06 -5.6034000000e-04 -4.6240450000e-04 +1.3061516000e-03 -3.4443820000e-04 -6.6023930000e-04 -1.9509550000e-04 +9.0379800000e-05 -5.0320900000e-05 +2.8987150000e-04 +1.2526722000e-03 -3.1854930000e-04 -4.7151480000e-04 -1.4911900000e-05 -1.1294000000e-06 -1.1244800000e-05 -5.2079320000e-04 +4.9631160000e-04 -5.6460750000e-04 +2.2562500000e-05 -1.0982100000e-05 -4.6466000000e-06 +9.4641000000e-06 +1.8260300000e-05 -3.6011000000e-06 -1.5663800000e-05 -1.4670800000e-05 -6.0601000000e-06
+1.2333989770e-01 +5.3318249000e-03 -1.9318702400e-01 -9.9912569700e-02 -1.9990604180e-01 +6.4393765510e-01 +2.5217195000e-02 -1.9026938600e-02 +1.7167633500e-02 +3.0555467800e-02 +2.0488891400e-02 -7.5891307300e-02 -2.8457143500e-02 +1.2047925320e-01 -2.7603046620e-01 -2.7813922500e-02 +2.7811028400e-02 -6.0493832000e-02 +7.9559204000e-03 +5.5983179000e-03 -2.2569309600e-02 -4.1941393000e-03 +1.4918377000e-03 +5.4192041000e-03 -1.6952278300e-02 +3.3696023000e-03 +1.8240007200e-02 +5.1578180000e-04 -1.8237397000e-03 +5.3178610000e-04 +2.1645660000e-02 +2.2347216200e-02 -6.9186348900e-02 -4.3019992500e-02 +2.1362282300e-02 +2.4053440000e-03 +2.9630190000e-04 -2.9898510000e-04 -3.1594550000e-04 -5.0214100000e-04 +5.3475700000e-05 +1.1960630000e-04 +8.8051266000e-03 -2.9937382000e-03 -3.5337028000e-03 +3.1664788000e-03 +4.8542423000e-03 -1.3194851300e-02 +1.8496652900e-02 -1.4121780500e-02 +1.6411355600e-02 -1.6045076000e-03 -3.9696340000e-04 +4.5597890000e-04 +7.7547760000e-04 +1.0628642000e-03 +2.0005470000e-03 -3.0288664000e-03 -9.9830910000e-04 +4.6698935000e-03 -5.7487185000e-03 -2.5124250000e-04 +5.8695703000e-03 -3.5873000000e-06 +5.9142200000e-05 +8.0788100000e-05 -9.9242993000e-03 +4.3485334000e-03 +8.0902920000e-04 -3.6608000000e-04 +2.6751890000e-04 -4.4559560000e-04 +1.8297370000e-04 -1.5007700000e-05 +3.8133000000e-06 -1.8435340000e-04 +8.8747500000e-05 +1.6562800000e-05 +2.6683023000e-03 -6.7536430000e-04 -1.2711106000e-03 +1.6331545000e-03 +1.5913292000e-03 -5.2334423000e-03 -1.3968920000e-04 -1.9031290000e-04 -3.7396070000e-04 -5.8206830000e-04 +1.1545420000e-04 +5.0512730000e-04 -4.1363930000e-03 +1.3182139000e-03 +1.6900667000e-03 +3.1934700000e-05 -3.1320600000e-05 +1.9394300000e-05 +1.3625371000e-03 -1.3126882000e-03 +1.3018684000e-03 -9.4848900000e-05 +3.6800200000e-05 +2.0400600000e-05 -1.3911500000e-05 -1.4739100000e-05 +6.8450100000e-05 +3.0651400000e-05 -1.9430600000e-05 -1.7176000000e-05
-2.1733941590e-01 +8.1976826700e-02 -9.9131959000e-03 -3.7011149300e-02 +8.4482717000e-03 +2.5217196400e-02 +6.0563969070e-01 -1.8312205190e-01 -1.1423565760e-01 +2.0654367000e-03 +1.6773480900e-02 -3.5087843600e-02 +2.5943642000e-03 +4.2933683000e-03 -1.7808216300e-02 +7.3908620000e-04 +1.5346698000e-03 +2.7896782000e-03 -1.0865611610e-01 +4.6361713300e-02 -3.7224376400e-02 -2.4273622780e-01 +3.6452570900e-02 +1.2586834540e-01 -1.7758480900e-02 +8.3282560000e-04 +1.1322435000e-02 +2.3575949000e-03 +1.2875182000e-03 +1.8014107000e-03 -3.6027409000e-03 -2.4742751000e-03 +8.1478686000e-03 +1.0747060900e-02 -1.2545213100e-02 +2.0490174100e-02 -1.9722247000e-03 +1.1939794800e-02 -2.1535536900e-02 -1.3107244200e-02 +1.8578950000e-04 +1.5878411500e-02 +1.0338747400e-02 -2.0365090500e-02 +3.8033028000e-02 +1.2394106000e-03 +1.8515891000e-03 -5.8000892000e-03 -2.6919498000e-03 +3.4232139000e-03 -3.9563742000e-03 +4.9327400000e-05 -7.4759500000e-05 -3.4101300000e-05 -2.5713199000e-03 +2.7474512000e-03 +5.0893700000e-03 +1.0468706700e-02 +6.4813756000e-03 -1.6952234800e-02 -5.4880286000e-03 +1.5504210000e-03 +2.6851486000e-03 +9.0288300000e-05 -6.6054800000e-05 -4.4818300000e-05 +2.7098853000e-03 -1.4750955000e-03 -8.0165490000e-04 +7.2743700000e-05 +9.9275000000e-05 -2.0237500000e-05 -1.4963160000e-04 +5.7587700000e-05 -9.3958100000e-05 -6.2582600000e-05 +1.4502800000e-05 -8.6309000000e-05 +2.0852653000e-03 -6.0862063000e-03 +9.0467082000e-03 +6.0298330000e-04 +6.1666510000e-04 -1.6541548000e-03 -2.5640760000e-04 -2.7955850000e-04 +1.0657480000e-04 +1.9592738000e-03 +9.6004590000e-04 -4.8389389000e-03 -2.9778290000e-03 +1.0637203000e-03 +8.9166290000e-04 +3.8245700000e-05 -2.9394400000e-05 +2.2954100000e-05 +2.6444164000e-03 -2.4338408000e-03 +2.6949185000e-03 -2.7872200000e-05 +1.0573700000e-05 +2.5786000000e-06 -2.9076100000e-05 -1.5599900000e-05 -2.6992600000e-05 -4.2202000000e-06 +3.8610000000e-06 +2.6230400000e-05
+8.2834017400e-02 -1.1837347220e-01 +2.9432385300e-02 +1.2936218700e-02 +6.1703618000e-03 -1.9026941100e-02 -1.8312207980e-01 +3.1717171190e-01 -1.9768436530e-01 +1.2909155400e-02 -1.3799595500e-02 +2.0646929100e-02 +4.1941133000e-03 -1.2172527300e-02 +9.4182292000e-03 +9.1189850000e-04 +4.8220638000e-03 +2.4433636000e-03 +5.2042174400e-02 -1.3319621430e-01 +1.1823639920e-01 +3.1269659800e-02 -6.9284392800e-02 +5.5249759000e-03 +8.3280000000e-04 -1.3293340000e-04 -1.2016131900e-02 +1.8102466000e-03 +4.0995856000e-03 +3.4316156000e-03 +1.2275364000e-03 +2.4536030000e-04 -3.6636847000e-03 -2.2675303800e-02 +5.2092065000e-03 +2.3675316400e-02 +1.2417738000e-03 -4.2622270000e-03 +1.0946210200e-02 +1.0837446800e-02 +1.7305830000e-03 -1.0355891300e-02 -1.2273883700e-02 +4.1084618000e-03 +1.6094929100e-02 -1.4374969000e-03 -2.5387753000e-03 +5.7571487000e-03 +3.4169441000e-03 -2.7409588000e-03 +3.0499080000e-03 -7.0811200000e-05 -6.2820300000e-05 -7.1243400000e-05 +5.4305787000e-03 +9.3942344000e-03 -9.3189723000e-03 +4.1211285000e-03 +3.7558407000e-03 +3.3696216000e-03 +1.9039611000e-03 +6.5852510000e-04 -3.1156462000e-03 -3.5041900000e-05 -4.4424000000e-05 -4.6515300000e-05 -7.6198629000e-03 +1.6945211000e-03 +2.4129359000e-03 +1.3291960000e-04 +1.6887120000e-04 +3.7224500000e-05 +1.8462400000e-05 -9.3934600000e-05 -7.9769100000e-05 +9.4482500000e-05 -1.3903350000e-04 -4.4923700000e-05 -1.3063485000e-03 -8.8709130000e-04 +1.5262400000e-05 -4.3082730000e-04 -4.8318550000e-04 +2.0626111000e-03 -2.0211310000e-04 -4.9046870000e-04 -2.6084790000e-04 +4.7058300000e-05 -4.7951780000e-04 -4.7706770000e-04 +1.0047979000e-03 -3.1687740000e-04 -4.3468400000e-04 +1.6715200000e-05 -1.5553200000e-05 +1.7185800000e-05 -2.7263500000e-05 +3.3149850000e-04 +2.3455100000e-05 +3.2425000000e-06 -5.4673000000e-06 -1.7549000000e-06 -3.2383300000e-05 -5.0463500000e-05 -4.1252100000e-05 -3.9170000000e-06 +9.1208000000e-06 +4.3982600000e-05
-1.1749783400e-02 +3.0337849000e-02 -1.1471327130e-01 +1.5731147200e-02 -1.4266353000e-02 +1.7167630200e-02 -1.1423565870e-01 -1.9768433670e-01 +6.7100551980e-01 -2.6917731000e-02 +1.6563797000e-02 -4.0950620000e-03 -1.7576984300e-02 +9.2987888000e-03 -6.6709477000e-03 +4.1105425000e-03 +1.7826938000e-03 -1.6922149000e-03 -4.9244558700e-02 +1.2426072430e-01 -2.6182334240e-01 +1.3683808500e-01 +3.1519400000e-05 -1.9594340950e-01 +1.1322439900e-02 -1.2016083000e-02 +8.0267339000e-03 +6.9272490000e-04 +3.9866857000e-03 -2.5368624000e-03 +2.9905460000e-04 +2.6424890000e-04 -1.7479243000e-03 +4.1928349800e-02 +1.2930106000e-02 -6.6747005700e-02 +1.0872416000e-03 -3.7946050000e-04 +1.1860199000e-03 -6.6494039000e-03 +9.2096230000e-04 +7.3496188000e-03 +2.0915625300e-02 +2.4665652800e-02 -6.8745577300e-02 +1.1584089000e-03 +2.2721766000e-03 -6.5728584000e-03 -3.9377608000e-03 +3.0445450000e-03 -1.8493597000e-03 -4.2049900000e-05 -6.6686900000e-05 +5.5403800000e-05 -5.8926060000e-04 -6.4575024000e-03 +2.2034846100e-02 -1.1949173800e-02 +8.7050840000e-04 +1.8239987100e-02 +1.9335708000e-03 -2.7388284000e-03 +3.8860032000e-03 -1.1039080000e-04 -1.3814100000e-05 +6.1906000000e-05 +1.2199324300e-02 -4.1103594000e-03 -5.2389661000e-03 -8.9631000000e-05 +7.3171900000e-05 +1.9502620000e-04 -1.2822300000e-05 -1.2353940000e-04 +1.4412030000e-04 -2.5340440000e-04 +4.0236000000e-05 +7.3464600000e-05 -1.0720883000e-03 +5.0759153000e-03 -1.1146160000e-02 +5.6375150000e-04 +9.4931030000e-04 -2.3375463000e-03 -6.0917400000e-05 -1.8006870000e-04 -2.7439410000e-04 -2.8966808000e-03 -1.4423125000e-03 +5.4521814000e-03 +1.0080110000e-03 -4.9462840000e-04 -4.2596300000e-05 -7.4532700000e-05 +6.6591400000e-05 -5.9442600000e-05 -2.3932662000e-03 +2.5714272000e-03 -2.5747913000e-03 +1.7517400000e-05 -9.7939000000e-06 -3.7449000000e-06 +7.9441000000e-06 -5.8661600000e-05 +3.0047800000e-05 +4.2351400000e-05 +3.5523300000e-05 -9.3030600000e-05
-1.0880457830e-01 +5.1881650200e-02 -4.8534704400e-02 +1.7869532000e-03 -1.5431358500e-02 +3.0555473500e-02 +2.0654355000e-03 +1.2909159800e-02 -2.6917733200e-02 +6.0917875270e-01 -1.9783658440e-01 -1.0321981210e-01 -2.6025598000e-03 +4.9506510000e-03 +1.4911780000e-04 +7.5830800000e-04 -1.9095572000e-03 +3.3867500000e-04 -3.6025273000e-03 +3.8131015000e-03 +1.2946190000e-04 -4.5027460000e-04 -3.5655225000e-03 +5.8795137000e-03 -2.4273610290e-01 +3.1269850100e-02 +1.3683808560e-01 -2.2896052310e-01 +1.1212502930e-01 -2.8116483600e-02 -6.1664420000e-04 -8.3858470000e-04 +2.6800167000e-03 +1.1434207000e-03 -1.0556903000e-03 +6.0016910000e-04 -2.9539220000e-04 +6.0426150000e-04 -9.4175400000e-04 +2.4051260000e-04 -4.7575770000e-04 +1.2143290000e-04 -3.7249878800e-02 +1.2235149600e-02 +1.6130141100e-02 +1.3630157000e-03 -1.4093823600e-02 +2.8184778500e-02 -1.2140396000e-03 +7.2061550000e-04 -9.4849910000e-04 +6.2287300000e-05 +3.9640900000e-05 +1.1020300000e-05 -1.7210100000e-05 -1.4057870000e-04 -5.1460260000e-04 -5.0735760000e-04 +4.3065335000e-03 -4.1941402000e-03 +1.1301939700e-02 +3.2602592000e-03 -1.1017734300e-02 +6.4753020000e-04 -1.0302682000e-03 -1.4012715000e-03 +6.1321090000e-04 -2.2606380000e-04 -8.0179900000e-05 +1.3331300000e-05 -2.6292800000e-05 +3.7857800000e-05 -1.5457600000e-05 +4.6595000000e-06 -5.3008000000e-06 -6.3206940000e-04 -2.1939300000e-05 +7.4045160000e-04 -4.1074537000e-03 +1.2723159000e-03 +1.2428584000e-03 -8.0963350000e-04 -2.1348820000e-03 +5.6296143000e-03 +4.0221700000e-05 +3.5761500000e-05 +3.3933800000e-05 +9.1478750000e-04 +3.7476240000e-04 -2.5952133000e-03 +2.7406602000e-03 -1.1643453000e-03 -1.1562999000e-03 +4.1753300000e-05 +4.1421600000e-05 +2.7412900000e-05 -3.5339310000e-04 +5.7111700000e-05 +3.4848590000e-04 +5.7810100000e-05 -2.2414500000e-05 -2.5702700000e-05 +2.3978200000e-05 +2.5116200000e-05 -8.3270200000e-05 -1.8829400000e-05 +4.6619400000e-05 +7.4203100000e-05
+4.6697312400e-02 -1.3380731340e-01 +1.2564797630e-01 -1.4043598400e-02 -2.8328975000e-03 +2.0488897500e-02 +1.6773483900e-02 -1.3799598100e-02 +1.6563795900e-02 -1.9783707310e-01 +3.0830360660e-01 -1.9621746580e-01 +1.6623871000e-03 +1.0233913600e-02 -7.7190864000e-03 -1.0184751000e-03 -1.4419468000e-03 -1.6500594000e-03 +3.9511838000e-03 +2.8339989000e-03 -1.4314516000e-03 -3.5655194000e-03 -2.0848742000e-03 +3.9119823000e-03 +3.6452935700e-02 -6.9284348200e-02 +3.1063900000e-05 +1.1212358260e-01 -1.0082394060e-01 +2.7858660500e-02 -2.1127453000e-03 -6.1050730000e-04 +4.0326603000e-03 +1.8745251000e-03 -2.1606753000e-03 +1.7429527000e-03 +1.6390200000e-05 -2.2686300000e-04 +5.0746940000e-04 -4.7531950000e-04 -3.0162930000e-04 -1.1619980000e-04 +8.3759036000e-03 +5.1491333000e-03 -1.4627515200e-02 -1.5484011800e-02 -2.6340653000e-03 +2.1592803500e-02 -1.6188953000e-03 +9.2274450000e-04 -1.6563978000e-03 +4.4368500000e-05 +1.0825060000e-04 +4.5090300000e-05 +2.6746420000e-04 +6.1725300000e-05 -2.0734072000e-03 +4.1691597000e-03 +1.3423797000e-03 +1.4918509000e-03 +6.5525154000e-03 +3.5350884000e-03 +1.2764662000e-03 -1.9230090000e-03 -1.3898726000e-03 -8.0732520000e-04 +1.6825720000e-04 -1.4492910000e-04 +3.1319490000e-04 +2.4111600000e-05 +9.5939000000e-06 -5.3645700000e-05 -3.0806600000e-05 +2.0055700000e-05 -3.3283400000e-05 +5.6473750000e-04 -6.4517100000e-05 -4.1715230000e-04 -1.6596362000e-03 +3.7041090000e-04 +1.3482090000e-04 -8.6224300000e-04 -5.1912190000e-04 +2.5087393000e-03 +5.3384300000e-05 +7.4831300000e-05 +8.9347500000e-05 -3.3557600000e-05 -3.8654360000e-04 -8.0222020000e-04 +1.1759047000e-03 -9.8465380000e-04 -5.8513430000e-04 +3.7479400000e-05 +1.1806460000e-04 +3.1889700000e-05 -3.3727680000e-04 +3.2207670000e-04 -1.3842460000e-04 +1.3050600000e-05 -1.5391000000e-05 -5.2253000000e-06 -2.5023500000e-05 +4.5434000000e-06 +9.6248000000e-06 +2.9053300000e-05 +1.0326480000e-04 +5.4710300000e-05
-3.7572690900e-02 +1.2016625730e-01 -2.6535761620e-01 +2.7619804700e-02 +2.1956644200e-02 -7.5891312000e-02 -3.5087843800e-02 +2.0646929100e-02 -4.0950612000e-03 -1.0321966860e-01 -1.9621742470e-01 +6.4075348010e-01 +7.1083421000e-03 -1.1192124900e-02 +2.3582715400e-02 -1.5476117000e-03 -7.0914570000e-04 +3.9941750000e-04 -1.6157930000e-04 -1.2835967000e-03 +7.0234097000e-03 +5.8795223000e-03 +3.9120004000e-03 -1.6519280800e-02 +1.2586853560e-01 +5.5247884000e-03 -1.9594383290e-01 -2.8111107000e-02 +2.7853096500e-02 -6.0678194900e-02 +5.3683894000e-03 +2.6711686000e-03 -1.1129902600e-02 -5.6000910000e-03 +4.8474460000e-03 -4.7187920000e-03 +3.0103830000e-04 -1.1451360000e-04 -5.4373500000e-05 +1.2146110000e-04 -1.1559660000e-04 -4.7725690000e-04 +2.4300092100e-02 -1.8718631500e-02 +1.6282360300e-02 +3.1109567200e-02 +2.0118533700e-02 -7.5678968700e-02 +3.9961842000e-03 -4.1331967000e-03 +3.8364513000e-03 +1.6034000000e-06 +5.0987700000e-05 +4.4625000000e-05 -1.3766906000e-03 -1.6362182000e-03 +4.1497881000e-03 -3.9000489000e-03 +1.3479604000e-03 +5.4192008000e-03 -1.7958135800e-02 +4.7684597000e-03 +1.6380176800e-02 +4.8678810000e-04 -1.7529589000e-03 +4.5729440000e-04 -9.1081100000e-04 +7.3028720000e-04 -4.9055030000e-04 -6.8789900000e-05 +3.2670000000e-07 +6.9955600000e-05 +6.9517300000e-05 -7.1490600000e-05 +6.4732900000e-05 -5.0265180000e-04 +2.0567080000e-04 +1.2072500000e-04 +7.4398383000e-03 -2.9720083000e-03 -2.0007268000e-03 +2.9255374000e-03 +3.8496221000e-03 -1.1028094400e-02 -3.0188000000e-06 +1.0758030000e-04 -8.1663800000e-05 -1.7284964000e-03 -1.2338819000e-03 +3.6663948000e-03 -6.0975761000e-03 +1.8946961000e-03 +1.7902895000e-03 +3.8257100000e-05 +2.8275000000e-05 +5.5404500000e-05 +1.1783445000e-03 -5.5473770000e-04 +8.9934000000e-06 -1.0089340000e-04 +3.2178800000e-05 +2.6918300000e-05 +2.4029200000e-05 -4.3355900000e-05 +6.4392800000e-05 +1.1086110000e-04 +3.5968500000e-05 -5.1111700000e-05
+1.3728411900e-02 -1.2198159100e-02 +1.6598681200e-02 -1.1185002460e-01 +4.3818370800e-02 -2.8457171000e-02 +2.5943619000e-03 +4.1941111000e-03 -1.7576983600e-02 -2.6025619000e-03 +1.6623859000e-03 +7.1083453000e-03 +6.0128455710e-01 -1.8468636740e-01 -1.0125376130e-01 -1.5620836000e-03 +1.2154109900e-02 -2.1398941500e-02 -3.8797516900e-02 +7.9178156000e-03 +2.6504983700e-02 -4.1074388000e-03 -1.6596258000e-03 +7.4398208000e-03 +2.0852637000e-03 -1.3063450000e-03 -1.0720968000e-03 -1.4356620000e-04 +1.4606900000e-05 -7.0392400000e-05 -2.2679006330e-01 +3.5668825100e-02 +1.0645375750e-01 -2.2854814880e-01 +9.0643280400e-02 -1.7425878000e-02 +5.5737410000e-04 +1.7825301000e-03 +3.0080615000e-03 +6.8720000000e-06 -1.9984800000e-05 -1.5611100000e-05 +2.3256330000e-04 +2.2086271000e-03 -4.7701723000e-03 -5.1748170000e-04 -4.8031370000e-04 +7.6160860000e-04 +3.0106414100e-02 -2.8371958800e-02 +3.3402960200e-02 -1.3392684400e-02 -3.7271920000e-04 +1.5822009100e-02 +6.3970901000e-03 +1.7313823500e-02 -3.8138605000e-02 -1.3655333000e-03 -5.1126810000e-04 +2.6682853000e-03 +1.0704213000e-03 -1.5167460000e-04 -3.1312530000e-04 -3.0937800000e-05 +6.7526000000e-06 -1.4344000000e-05 -3.1295498100e-02 +6.9241008000e-03 +1.0571754800e-02 +1.9178333000e-03 +3.9304621000e-03 -4.6258190000e-04 +2.1911932000e-03 +8.5047390000e-04 +1.8224525000e-03 -2.5165100000e-05 +1.1775000000e-05 +5.8491000000e-06 -3.1941860000e-04 +9.9441390000e-04 -1.7284945000e-03 -6.7125300000e-05 -6.6711900000e-05 +2.6221650000e-04 -2.9885120000e-04 -3.3260620000e-04 +4.4975600000e-05 -4.6933690000e-04 -2.4834690000e-04 +9.4495930000e-04 +5.1717710000e-04 -2.2010280000e-04 -1.8012060000e-04 -1.0403700000e-05 +1.3508900000e-05 -7.8084000000e-06 -5.1717890000e-04 +5.0444150000e-04 -5.3021800000e-04 +7.0341000000e-06 -3.0732000000e-06 -5.3710000000e-07 +5.9832000000e-06 +1.9921000000e-06 +4.9931000000e-06 +8.4790000000e-06 +1.2852600000e-05 -8.8755000000e-06
-2.2326994900e-02 +3.7841000000e-03 +2.6331990600e-02 +5.3831496200e-02 -1.3511516540e-01 +1.2047929120e-01 +4.2933670000e-03 -1.2172526300e-02 +9.2987941000e-03 +4.9506504000e-03 +1.0233914000e-02 -1.1192121400e-02 -1.8468639370e-01 +3.2572825960e-01 -2.0239157850e-01 +1.5641097000e-03 -3.5434601000e-03 +1.1134740300e-02 +1.4637481100e-02 +5.9447835000e-03 -2.3840525700e-02 +1.2723357000e-03 +3.7041250000e-04 -2.9720474000e-03 -6.0862018000e-03 -8.8708860000e-04 +5.0758933000e-03 -4.3955600000e-05 -1.2062430000e-04 -8.1217200000e-05 +2.7595493600e-02 -7.1871115700e-02 +5.4627190000e-03 +8.3535750800e-02 -1.2338286150e-01 +3.6758453600e-02 +1.3314831000e-03 +5.0371008000e-03 +2.6373721000e-03 -1.9894500000e-05 -1.6502700000e-05 -4.4271300000e-05 +2.5615836000e-03 -2.0985984000e-03 +2.0211985000e-03 +7.5331640000e-04 +8.7237510000e-04 -4.2443390000e-03 -1.0535333400e-02 +2.9944366000e-03 +1.5393725100e-02 +1.0063312700e-02 +7.4442490000e-04 -1.0666521400e-02 +1.2760418900e-02 -1.0457099600e-02 +1.9263264800e-02 +1.3040010000e-04 +3.8562090000e-04 -6.7537930000e-04 -2.4066415000e-03 +4.6559920000e-04 +2.5645027000e-03 +8.6183000000e-06 -4.0655600000e-05 +1.1481100000e-05 +1.2665813000e-03 -4.4067091000e-03 -8.0189329000e-03 +3.6016325000e-03 +5.1368370000e-03 +5.0502552000e-03 +1.4205450000e-03 +3.4219774000e-03 +3.1235980000e-03 -6.9297800000e-05 +3.4087900000e-05 +8.4084000000e-06 +9.9441930000e-04 -1.1336157000e-03 +1.4212705000e-03 +8.5022020000e-04 +6.9115370000e-04 -2.2675295000e-03 -3.4988650000e-04 -4.2381950000e-04 -7.0045840000e-04 +2.7306650000e-04 +3.8023680000e-04 -1.2560675000e-03 -2.3655779000e-03 +6.6290310000e-04 +9.1635610000e-04 +3.0446500000e-05 -1.6626300000e-05 +2.2482300000e-05 +1.1979268000e-03 -1.2373325000e-03 +1.3263773000e-03 -4.5739800000e-05 +1.8592500000e-05 +1.0292100000e-05 -5.1133000000e-06 +6.1281000000e-06 +2.4087800000e-05 +1.6380800000e-05 +1.0864700000e-05 +1.4435800000e-05
+3.8046186700e-02 +1.5588469400e-02 -6.8301328100e-02 -4.9629945900e-02 +1.3109523500e-01 -2.7603046480e-01 -1.7808220600e-02 +9.4182269000e-03 -6.6709439000e-03 +1.4911700000e-04 -7.7190871000e-03 +2.3582711500e-02 -1.0125354150e-01 -2.0239147640e-01 +6.7358662190e-01 +1.0054295000e-03 -9.0378400000e-05 +1.6412710000e-03 +1.2279688800e-02 -1.6728360700e-02 +2.4385866300e-02 +1.2428703000e-03 +1.3482520000e-04 -2.0007388000e-03 +9.0467133000e-03 +1.5274000000e-05 -1.1146178600e-02 +5.3883000000e-05 -1.4264150000e-04 +6.5672600000e-05 +1.2352568940e-01 -3.1197146000e-03 -1.8007991250e-01 -2.3599387000e-03 +2.9241363600e-02 -1.2352295040e-01 +3.9546386000e-03 +2.1623095000e-03 -1.8160487000e-03 -1.5724100000e-05 -4.4260300000e-05 +6.2787400000e-05 -5.5237222000e-03 +2.3957112000e-03 +9.2376500000e-04 -1.8481400000e-03 -2.9395355000e-03 +7.4208181000e-03 -4.3759856000e-03 +3.4349467300e-02 -6.3163951100e-02 -6.2891060000e-03 +4.2201910000e-04 +6.5479062000e-03 -2.8472743000e-02 +1.4394158600e-02 +4.7704016000e-03 +1.3133783000e-03 +4.9659000000e-06 -1.2711241000e-03 +4.4606416000e-03 +1.7436480000e-04 -4.6258236000e-03 -1.8206600000e-05 +1.3518700000e-05 -4.0027200000e-05 +2.2547761800e-02 -1.4026783600e-02 -1.7951253000e-03 +2.4487680000e-04 +4.6973072000e-03 -9.0299260000e-04 +6.2833800000e-04 +3.7220248000e-03 -2.9375525000e-03 +1.7708480000e-04 -7.7242700000e-05 -2.0479100000e-05 -1.7285070000e-03 +1.4212585000e-03 -1.1381234000e-03 -1.6795492000e-03 -1.2931472000e-03 +4.5707384000e-03 +7.2342300000e-05 -7.1547820000e-04 +5.0869360000e-04 -1.6013110000e-04 -7.0136360000e-04 +1.5814144000e-03 +4.3636818000e-03 -1.3631512000e-03 -1.8406350000e-03 -4.3673000000e-05 +4.0331700000e-05 -3.0161000000e-05 -1.9991038000e-03 +2.0624937000e-03 -2.2564960000e-03 +8.9979300000e-05 -3.4906300000e-05 -2.0656200000e-05 +2.0123400000e-05 +1.6059300000e-05 -4.1604500000e-05 -1.6209200000e-05 +1.8128200000e-05 +4.6553000000e-06
-1.3328814700e-02 +1.0627844800e-02 -6.7260469000e-03 -2.2894701290e-01 +1.1229535040e-01 -2.7813923200e-02 +7.3908920000e-04 +9.1189700000e-04 +4.1105411000e-03 +7.5831160000e-04 -1.0184760000e-03 -1.5476097000e-03 -1.5620806000e-03 +1.5641154000e-03 +1.0054302000e-03 +2.4070941680e-01 -1.2459572410e-01 +3.0378031800e-02 +3.2464490000e-04 -4.0761770000e-04 -1.6109290000e-04 -6.3206310000e-04 +5.6473470000e-04 -5.0264610000e-04 -6.2590600000e-05 +9.4482000000e-05 -2.5340520000e-04 +4.3355900000e-05 +3.2067900000e-05 +4.2718860000e-04 +5.2478300000e-04 -1.9367877000e-03 +5.5126080000e-04 +2.1899897000e-03 +1.9710117000e-03 +8.7825470000e-04 -2.5998140000e-04 -3.0539540000e-04 -1.9225510000e-04 -2.0582560000e-04 -3.2011000000e-06 +1.4788510000e-04 +2.4321400000e-05 -7.3816800000e-05 +4.1334700000e-05 +7.6748700000e-05 +4.0820500000e-05 +4.6531000000e-05 -7.4305100000e-05 -1.5234750000e-04 +8.5376200000e-05 +2.7631600000e-05 +3.7720410000e-04 -4.4812830000e-04 -3.4607520000e-04 -1.2628090000e-04 -1.8021800000e-05 +9.5967300000e-05 +4.3360600000e-05 -1.8435130000e-04 -5.4365500000e-05 +4.1186000000e-06 +1.6232300000e-05 -2.2116000000e-06 -2.0682200000e-05 +5.9688000000e-06 -1.2879210000e-04 +2.2437000000e-06 +2.2468800000e-05 +5.2024500000e-05 +6.3378200000e-05 +5.0544400000e-05 -1.4949000000e-06 +5.8140900000e-05 -5.7179600000e-05 -8.5119000000e-06 +1.1090200000e-05 +7.8117000000e-06 -2.5163700000e-05 -6.9295200000e-05 +1.7708170000e-04 +2.8173400000e-05 +6.7358000000e-06 -5.9488600000e-05 +2.5939500000e-05 +4.6040400000e-05 +8.3963000000e-06 +5.2288900000e-05 +4.5699200000e-05 -1.5463110000e-04 -1.0357940000e-04 +3.8239200000e-05 +4.0590900000e-05 +2.3457000000e-06 -8.9170000000e-07 +2.0179000000e-06 +7.1008900000e-05 -8.9456400000e-05 +1.1190080000e-04 -2.3337000000e-06 +1.7577000000e-06 +9.8750000000e-07 -7.1060000000e-07 +1.2570000000e-07 +1.3366000000e-06 -1.0360000000e-07 -4.9170000000e-07 +1.6017000000e-06
-6.8463200000e-05 +1.2084602000e-03 +7.6104730000e-04 +1.1232458230e-01 -1.0056910710e-01 +2.7811029900e-02 +1.5346718000e-03 +4.8220627000e-03 +1.7826940000e-03 -1.9095597000e-03 -1.4419446000e-03 -7.0915040000e-04 +1.2154109600e-02 -3.5434641000e-03 -9.0376200000e-05 -1.2459574940e-01 +9.8070517900e-02 -3.1430062900e-02 -5.1966140000e-04 -3.6387110000e-04 -3.4087000000e-05 -2.1931700000e-05 -6.4520900000e-05 +2.0566830000e-04 +1.4505800000e-05 -1.3903380000e-04 +4.0238900000e-05 +4.2551500000e-04 +3.3718420000e-04 -8.6312900000e-05 -1.0049569000e-03 -1.4220160000e-03 -1.8959699000e-03 +1.5197025000e-03 +4.2517199000e-03 +4.1020525000e-03 -2.9944920000e-04 -7.3916660000e-04 -3.4124670000e-04 -3.1236000000e-06 -5.0343900000e-05 -4.3201700000e-05 -4.2328200000e-05 -1.2765100000e-05 -1.0598070000e-04 +5.7987400000e-05 +1.5850230000e-04 +3.0736800000e-05 -5.4646500000e-05 -1.6996390000e-04 -2.1348930000e-04 -1.4576400000e-05 +2.3656690000e-04 +2.7391070000e-04 +3.6885960000e-04 -6.7593910000e-04 -2.6293350000e-04 -3.7112500000e-05 -1.4911400000e-05 +8.8753900000e-05 +5.6142000000e-06 -2.9427700000e-05 -8.9824000000e-06 -1.3553600000e-05 -2.4605700000e-05 -1.3642200000e-05 +2.9884900000e-05 -8.0402100000e-05 -7.9771100000e-05 +6.1150800000e-05 +1.6950860000e-04 +5.4767100000e-05 +5.5336100000e-05 -4.0990200000e-05 +1.5620900000e-04 +1.1086800000e-05 +1.2210900000e-05 +6.9416000000e-06 +1.1773400000e-05 +3.4090300000e-05 -7.7247400000e-05 -1.6555000000e-05 -1.2313200000e-05 +1.3254900000e-05 +3.3489800000e-05 +8.2331700000e-05 +5.6515800000e-05 -2.3604800000e-05 -2.2577400000e-05 +6.8486100000e-05 +4.5246300000e-05 -6.5130000000e-06 -1.1352400000e-05 +1.4510000000e-07 +2.2837000000e-06 +2.7740000000e-07 -3.1144900000e-05 +3.6475300000e-05 -4.8616700000e-05 +1.8310000000e-06 +1.0044000000e-06 +3.7780000000e-07 +6.4000000000e-07 +5.2710000000e-07 -1.5060000000e-07 +2.7540000000e-07 +4.3640000000e-07 -3.8380000000e-07
+1.5887249900e-02 -1.0582067000e-02 +7.0751905000e-03 -2.7846304100e-02 +2.7835228400e-02 -6.0493832200e-02 +2.7896813000e-03 +2.4433625000e-03 -1.6922160000e-03 +3.3867560000e-04 -1.6500606000e-03 +3.9942160000e-04 -2.1398942600e-02 +1.1134741800e-02 +1.6412703000e-03 +3.0378040300e-02 -3.1430065500e-02 +5.5050430300e-02 +7.9708500000e-05 -1.5193790000e-04 -4.0371920000e-04 +7.4045720000e-04 -4.1715620000e-04 +1.2072460000e-04 -8.6306500000e-05 -4.4924800000e-05 +7.3466900000e-05 -4.0703990000e-04 +3.3140780000e-04 +2.3962740000e-04 -1.4270692000e-03 -9.0546560000e-04 +6.0927820000e-04 +1.8248850000e-03 +3.6280734000e-03 -2.6638716000e-03 -2.0360210000e-04 -3.3535990000e-04 -1.2512080000e-04 +1.4831060000e-04 -4.3100800000e-05 -1.3806240000e-04 -2.4125900000e-05 -7.3157900000e-05 +9.6184100000e-05 +1.0461100000e-05 +4.9534400000e-05 +8.6127000000e-05 -1.2177590000e-04 -1.0977930000e-04 +6.3716600000e-05 +3.8194500000e-04 -1.4171640000e-04 +2.5375570000e-04 -1.0665878000e-03 +2.6254220000e-04 -3.8668000000e-05 -1.4681900000e-05 +3.5332000000e-06 +1.6561700000e-05 +1.1932000000e-05 -7.4024000000e-06 -2.7820800000e-05 -9.0903000000e-06 -6.0836000000e-06 -1.5342200000e-05 -3.6048100000e-05 -5.0414600000e-05 +4.1753400000e-05 +5.5472900000e-05 +5.2674400000e-05 +5.5881900000e-05 -5.1079600000e-05 +1.5333990000e-04 -2.0951940000e-04 +7.8115000000e-06 +6.9427000000e-06 -1.9503000000e-06 +5.8482000000e-06 +8.4090000000e-06 -2.0480900000e-05 -9.4693000000e-06 -1.1150400000e-05 +1.9290100000e-05 +3.5238000000e-05 +4.3086900000e-05 -2.9161000000e-06 -7.6872000000e-06 -4.8198000000e-06 +1.6276500000e-05 +2.4207700000e-05 -3.4382000000e-06 -7.6027000000e-06 -1.4610000000e-07 +1.3590000000e-06 -2.3570000000e-07 -1.0954800000e-05 +1.2550900000e-05 -1.7046800000e-05 +8.0570000000e-07 +4.6930000000e-07 +2.5560000000e-07 +2.2550000000e-07 +4.0350000000e-07 -3.1240000000e-07 -4.2400000000e-08 +4.4460000000e-07 -4.9490000000e-07
+2.6723047000e-03 +1.3021359800e-02 -2.6492885800e-02 -9.6318430000e-04 -4.4272031000e-03 +7.9559217000e-03 -1.0865611350e-01 +5.2042170600e-02 -4.9244570200e-02 -3.6025230000e-03 +3.9511840000e-03 -1.6158150000e-04 -3.8797517800e-02 +1.4637477000e-02 +1.2279688500e-02 +3.2463990000e-04 -5.1965690000e-04 +7.9702300000e-05 +6.1434527460e-01 -1.9923137530e-01 -1.0751465550e-01 +1.3629937000e-03 -1.5484035500e-02 +3.1109541400e-02 +1.2394152000e-03 -1.4374857000e-03 +1.1583988000e-03 -3.3693930000e-04 +4.9428960000e-04 -1.0074234000e-03 -1.6456219000e-03 +4.1007274000e-03 -1.5717452000e-03 -2.4503717440e-01 +2.8482599100e-02 +1.4512960750e-01 -2.2880344040e-01 +1.1225378030e-01 -2.8163195400e-02 +7.9612330000e-04 -1.9303697000e-03 +2.9727620000e-04 -2.3570502000e-03 +5.0051170000e-03 -2.3948610000e-04 -1.1374370000e-04 +1.2770840000e-04 -8.4058270000e-04 -4.1606429000e-03 +2.8244699000e-03 -2.1166781000e-03 -6.3401460000e-04 +5.5464600000e-05 +7.3580950000e-04 +1.0187876000e-03 -1.1538518800e-02 +2.4562839100e-02 -8.2474970000e-04 -8.6912180000e-04 +3.1664637000e-03 +6.9306460000e-04 -2.7431230000e-04 -1.4337700000e-05 -3.7871600000e-05 +2.7943300000e-05 -9.9495000000e-06 +1.3979534100e-02 -1.0680084000e-03 -6.0652266000e-03 -2.0763950000e-04 -3.5497810000e-04 -7.7748000000e-06 +6.2174280000e-04 -7.5425030000e-04 -1.2862125000e-03 +7.6749600000e-05 +5.7990700000e-05 +1.0459100000e-05 -5.1748420000e-04 +7.5332050000e-04 -1.8481408000e-03 -3.0633850000e-04 -2.6017000000e-06 +4.7037490000e-04 +1.4015690000e-04 -7.1347000000e-06 -4.2614930000e-04 -4.9283610000e-04 -5.5332360000e-04 +1.5616911000e-03 +1.1053424000e-03 -3.6234780000e-04 -4.4053880000e-04 -2.0412900000e-05 +1.5399500000e-05 -1.2678200000e-05 -8.8395950000e-04 +9.7973450000e-04 -1.0440922000e-03 +1.4367000000e-05 -1.1608100000e-05 -5.3758000000e-06 +6.6180000000e-07 -1.2957900000e-05 -3.4010000000e-07 +8.0887000000e-06 +8.5575000000e-06 -4.1548000000e-06
+1.7502114700e-02 -1.2956968200e-02 +1.6595791800e-02 -4.5111029000e-03 -2.6824716000e-03 +5.5983203000e-03 +4.6361710800e-02 -1.3319621480e-01 +1.2426076450e-01 +3.8131014000e-03 +2.8339979000e-03 -1.2835909000e-03 +7.9178193000e-03 +5.9447827000e-03 -1.6728359000e-02 -4.0761860000e-04 -3.6387130000e-04 -1.5193710000e-04 -1.9923139380e-01 +3.0685429720e-01 -1.9483082720e-01 -1.4093800000e-02 -2.6340306000e-03 +2.0118530200e-02 +1.8516043000e-03 -2.5387554000e-03 +2.2721508000e-03 -6.0181400000e-05 -4.5974280000e-04 +4.0066050000e-04 +3.8784462000e-03 +1.8566515000e-03 +2.6671157000e-03 +3.8477329300e-02 -7.0967950100e-02 +1.0075146000e-03 +1.1228647270e-01 -1.0058834390e-01 +2.8040737600e-02 -1.0155422000e-03 -1.4793957000e-03 -1.6721814000e-03 +2.6418130000e-03 +9.9367254000e-03 -8.1371752000e-03 +1.2771250000e-04 +4.6833930000e-04 -2.5055795000e-03 -1.7000632000e-03 +8.1458600000e-04 -1.0321687000e-03 +5.7982100000e-04 +6.3275300000e-05 -3.9511570000e-04 -1.5163995500e-02 -8.8765250000e-04 +2.0360123700e-02 -2.5813869000e-03 -5.7326960000e-04 +4.8542157000e-03 +3.6701350000e-04 -6.0680270000e-04 +1.1735811000e-03 -5.2416000000e-05 +4.9626400000e-05 -3.1618100000e-05 +7.0647252000e-03 +1.2856688000e-03 +2.7959868000e-03 -3.6086120000e-04 -6.1182860000e-04 -2.7991080000e-04 -1.7077748000e-03 -9.4294640000e-04 -6.1886020000e-04 +4.0817500000e-05 +1.5850220000e-04 +4.9535800000e-05 -4.8031640000e-04 +8.7238210000e-04 -2.9395294000e-03 +1.6131040000e-04 +3.3812470000e-04 -6.0933500000e-04 -5.2063850000e-04 -1.5358590000e-04 +3.0813920000e-04 -8.2574180000e-04 -4.8951090000e-04 +1.6458860000e-03 +3.4492700000e-04 -1.7070880000e-04 -7.1623900000e-05 -2.3887500000e-05 +1.9479200000e-05 -1.9572400000e-05 -7.0660030000e-04 +8.2669270000e-04 -8.1576370000e-04 +7.5560000000e-06 -1.4944600000e-05 -6.0135000000e-06 -4.4340000000e-07 -2.6126000000e-05 +2.1220000000e-06 +1.9479500000e-05 +2.1973700000e-05 -2.2020600000e-05
-3.5982891600e-02 +2.1354329400e-02 -3.3896142000e-03 +8.1294794000e-03 +5.5097851000e-03 -2.2569314300e-02 -3.7224366400e-02 +1.1823636310e-01 -2.6182334140e-01 +1.2945880000e-04 -1.4314575000e-03 +7.0234146000e-03 +2.6504986900e-02 -2.3840523800e-02 +2.4385862300e-02 -1.6108670000e-04 -3.4091000000e-05 -4.0371490000e-04 -1.0751465020e-01 -1.9483078880e-01 +6.4096885260e-01 +2.8184759000e-02 +2.1592733700e-02 -7.5678962500e-02 -5.8001047000e-03 +5.7571258000e-03 -6.5728822000e-03 +1.6575490000e-04 -1.8644590000e-04 -8.1043100000e-05 -1.0879693000e-03 +2.4345807000e-03 +1.0691597000e-03 +1.2392879320e-01 +1.1589104200e-02 -2.0705544810e-01 -2.8200040000e-02 +2.8064719800e-02 -6.0619038300e-02 -1.6368697000e-03 -7.0425160000e-04 +4.4288000000e-04 +4.7571381000e-03 -1.0640437100e-02 +2.4885162000e-02 -8.4058890000e-04 -2.5055853000e-03 +5.5392932000e-03 +7.4580516000e-03 -5.8347904000e-03 +3.9079786000e-03 -3.7682810000e-04 +1.6154090000e-04 +2.2330570000e-04 +3.2215218300e-02 +1.6523828300e-02 -6.8030725600e-02 +6.7892847000e-03 +3.0381501000e-03 -1.3194826500e-02 -1.3706916000e-03 +1.8528612000e-03 -2.3363350000e-03 +1.5993530000e-04 -1.1668580000e-04 +8.5868300000e-05 -2.3251187700e-02 +1.1421998200e-02 +6.6603214000e-03 +1.3142000000e-06 -2.8683310000e-04 -3.2228440000e-04 +7.3256880000e-04 -1.6267661000e-03 +5.8282180000e-04 +4.6531200000e-05 +3.0734100000e-05 +8.6129400000e-05 +7.6160410000e-04 -4.2443538000e-03 +7.4208133000e-03 +1.2261400000e-04 -4.3400610000e-04 +9.2257090000e-04 +6.6485290000e-04 -2.3875090000e-04 -4.6951870000e-04 +2.1344566000e-03 +1.3533749000e-03 -5.2635515000e-03 -1.9339171000e-03 +6.7878860000e-04 +5.8670920000e-04 +7.0102200000e-05 -6.1574500000e-05 +5.2894000000e-05 +2.5239411000e-03 -2.6023865000e-03 +2.9190246000e-03 -4.5928400000e-05 +1.4609300000e-05 +4.6212000000e-06 -2.6733900000e-05 +1.5292500000e-05 -2.9448400000e-05 -2.7009400000e-05 -1.0173700000e-05 +7.2376900000e-05
-3.7249887600e-02 +1.2235109700e-02 +1.6130102700e-02 -5.0733630000e-04 +4.3065418000e-03 -4.1941388000e-03 -2.4273622760e-01 +3.1269656800e-02 +1.3683809030e-01 -4.5027310000e-04 -3.5655231000e-03 +5.8795194000e-03 -4.1074372000e-03 +1.2723379000e-03 +1.2428699000e-03 -6.3206360000e-04 -2.1931600000e-05 +7.4045470000e-04 +1.3630010000e-03 -1.4093795700e-02 +2.8184753700e-02 +6.0917930760e-01 -1.9783588300e-01 -1.0321980880e-01 +2.0654366000e-03 +1.2909220000e-02 -2.6917760200e-02 +2.4051730000e-04 -4.7574480000e-04 +1.2143890000e-04 +9.1477960000e-04 +3.7475140000e-04 -2.5952181000e-03 +1.1301935400e-02 +3.2602106000e-03 -1.1017740400e-02 +6.4750960000e-04 -1.0302822000e-03 -1.4012813000e-03 -2.2896086770e-01 +1.1212472300e-01 -2.8116630100e-02 -1.0880458620e-01 +5.1881525500e-02 -4.8534486500e-02 -3.6025493000e-03 +3.8130852000e-03 +1.2945550000e-04 -3.5339390000e-04 +5.7107700000e-05 +3.4848530000e-04 +5.7810100000e-05 -2.2414200000e-05 -2.5702600000e-05 -8.0963650000e-04 -2.1348723000e-03 +5.6296112000e-03 +1.7869307000e-03 -1.5431433600e-02 +3.0555495000e-02 +1.1434269000e-03 -1.0556857000e-03 +6.0016870000e-04 -2.9539740000e-04 +6.0425380000e-04 -9.4175830000e-04 +2.7406538000e-03 -1.1643537000e-03 -1.1562982000e-03 -1.8828000000e-05 +4.6618400000e-05 +7.4202300000e-05 +4.1757100000e-05 +4.1425200000e-05 +2.7414000000e-05 +7.5832630000e-04 -1.9095490000e-03 +3.3867680000e-04 -2.6025947000e-03 +4.9506360000e-03 +1.4910720000e-04 -1.7209000000e-05 -1.4057810000e-04 -5.1460260000e-04 +2.3974700000e-05 +2.5118100000e-05 -8.3269000000e-05 -6.1664930000e-04 -8.3859090000e-04 +2.6800211000e-03 +6.1321430000e-04 -2.2606410000e-04 -8.0181200000e-05 -1.5455500000e-05 +4.6602000000e-06 -5.3004000000e-06 -1.2140405000e-03 +7.2061980000e-04 -9.4849950000e-04 +6.2287100000e-05 +3.9640500000e-05 +1.1020200000e-05 +4.0218500000e-05 +3.5760500000e-05 +3.3933700000e-05 +1.3332200000e-05 -2.6292900000e-05 +3.7857800000e-05
+8.3759453000e-03 +5.1491132000e-03 -1.4627568000e-02 +4.1691771000e-03 +1.3423587000e-03 +1.4918391000e-03 +3.6452572400e-02 -6.9284392100e-02 +3.1516900000e-05 -3.5655189000e-03 -2.0848741000e-03 +3.9119948000e-03 -1.6596249000e-03 +3.7041330000e-04 +1.3482700000e-04 +5.6473720000e-04 -6.4521600000e-05 -4.1715500000e-04 -1.5484036100e-02 -2.6340316000e-03 +2.1592743400e-02 -1.9783637220e-01 +3.0830371760e-01 -1.9621819560e-01 +1.6773458800e-02 -1.3799582200e-02 +1.6563714500e-02 -4.7531730000e-04 -3.0162050000e-04 -1.1619580000e-04 -3.3558400000e-05 -3.8654520000e-04 -8.0222230000e-04 +6.5525268000e-03 +3.5350531000e-03 +1.2764701000e-03 -1.9230286000e-03 -1.3898568000e-03 -8.0732670000e-04 +1.1212336220e-01 -1.0082364490e-01 +2.7858709000e-02 +4.6697246000e-02 -1.3380760080e-01 +1.2564827240e-01 +3.9511703000e-03 +2.8340298000e-03 -1.4314366000e-03 -3.3727180000e-04 +3.2207300000e-04 -1.3842390000e-04 +1.3050600000e-05 -1.5390600000e-05 -5.2251000000e-06 -8.6224130000e-04 -5.1910260000e-04 +2.5087368000e-03 -1.4043632500e-02 -2.8330245000e-03 +2.0488993900e-02 +1.8745345000e-03 -2.1606720000e-03 +1.7429493000e-03 +1.6389400000e-05 -2.2685930000e-04 +5.0746960000e-04 +1.1758966000e-03 -9.8465720000e-04 -5.8512790000e-04 +2.9053600000e-05 +1.0326450000e-04 +5.4709800000e-05 +3.7478600000e-05 +1.1806510000e-04 +3.1888800000e-05 -1.0184611000e-03 -1.4419552000e-03 -1.6500619000e-03 +1.6623585000e-03 +1.0233941300e-02 -7.7190813000e-03 +2.6746660000e-04 +6.1727600000e-05 -2.0734074000e-03 -2.5023400000e-05 +4.5435000000e-06 +9.6252000000e-06 -2.1127503000e-03 -6.1052560000e-04 +4.0326692000e-03 +1.6825880000e-04 -1.4493360000e-04 +3.1319100000e-04 -3.0809500000e-05 +2.0056800000e-05 -3.3282900000e-05 -1.6189004000e-03 +9.2275130000e-04 -1.6564008000e-03 +4.4368800000e-05 +1.0825130000e-04 +4.5090600000e-05 +5.3383800000e-05 +7.4830300000e-05 +8.9347700000e-05 +2.4110700000e-05 +9.5943000000e-06 -5.3645300000e-05
+2.4300154800e-02 -1.8718552700e-02 +1.6282378500e-02 -3.9000306000e-03 +1.3479680000e-03 +5.4192047000e-03 +1.2586834260e-01 +5.5249744000e-03 -1.9594340700e-01 +5.8795154000e-03 +3.9119879000e-03 -1.6519281100e-02 +7.4398168000e-03 -2.9720516000e-03 -2.0007414000e-03 -5.0264930000e-04 +2.0566930000e-04 +1.2072400000e-04 +3.1109535100e-02 +2.0118519900e-02 -7.5678960200e-02 -1.0321966660e-01 -1.9621815460e-01 +6.4075240680e-01 -3.5087850000e-02 +2.0646971700e-02 -4.0950838000e-03 +1.2144770000e-04 -1.1562650000e-04 -4.7727080000e-04 -1.7284907000e-03 -1.2338632000e-03 +3.6664008000e-03 -1.7958093900e-02 +4.7685272000e-03 +1.6380209400e-02 +4.8678410000e-04 -1.7529386000e-03 +4.5730020000e-04 -2.8111177500e-02 +2.7853244000e-02 -6.0678138300e-02 -3.7572527000e-02 +1.2016639420e-01 -2.6535718840e-01 -1.6160210000e-04 -1.2836153000e-03 +7.0234023000e-03 +1.1783484000e-03 -5.5473410000e-04 +8.9963000000e-06 -1.0089390000e-04 +3.2177800000e-05 +2.6917800000e-05 +2.9255278000e-03 +3.8495902000e-03 -1.1028107700e-02 +2.7619877200e-02 +2.1956794900e-02 -7.5891144100e-02 -5.6000943000e-03 +4.8474292000e-03 -4.7187987000e-03 +3.0103900000e-04 -1.1450890000e-04 -5.4371900000e-05 -6.0975716000e-03 +1.8947116000e-03 +1.7902960000e-03 +1.1085900000e-04 +3.5970900000e-05 -5.1110400000e-05 +3.8254100000e-05 +2.8270900000e-05 +5.5402200000e-05 -1.5476083000e-03 -7.0915610000e-04 +3.9941370000e-04 +7.1083342000e-03 -1.1192120300e-02 +2.3582707800e-02 -1.3766927000e-03 -1.6362242000e-03 +4.1497858000e-03 +2.4031200000e-05 -4.3358300000e-05 +6.4391700000e-05 +5.3683933000e-03 +2.6712018000e-03 -1.1129889400e-02 -9.1080590000e-04 +7.3029480000e-04 -4.9054860000e-04 +6.9521500000e-05 -7.1493600000e-05 +6.4731400000e-05 +3.9961811000e-03 -4.1332001000e-03 +3.8364427000e-03 +1.6024000000e-06 +5.0986100000e-05 +4.4624200000e-05 -3.0148000000e-06 +1.0758290000e-04 -8.1662100000e-05 -6.8789000000e-05 +3.2570000000e-07 +6.9955100000e-05
+1.0338786000e-02 -2.0365039500e-02 +3.8032989000e-02 +1.0468687500e-02 +6.4813203000e-03 -1.6952272400e-02 -1.7758482900e-02 +8.3279880000e-04 +1.1322444500e-02 -2.4273610510e-01 +3.6452934300e-02 +1.2586854520e-01 +2.0852707000e-03 -6.0862013000e-03 +9.0467166000e-03 -6.2585700000e-05 +1.4502200000e-05 -8.6309300000e-05 +1.2394177000e-03 +1.8516020000e-03 -5.8000968000e-03 +2.0654368000e-03 +1.6773453500e-02 -3.5087844000e-02 +6.0564048090e-01 -1.8312173850e-01 -1.1423516800e-01 -1.3107256400e-02 +1.8577840000e-04 +1.5878398900e-02 +1.9592709000e-03 +9.6003440000e-04 -4.8389460000e-03 -5.4880257000e-03 +1.5504422000e-03 +2.6851640000e-03 +9.0288600000e-05 -6.6053300000e-05 -4.4817200000e-05 +2.3575964000e-03 +1.2875278000e-03 +1.8014246000e-03 -2.1733989060e-01 +8.1976420100e-02 -9.9134880000e-03 -1.0865639970e-01 +4.6361602400e-02 -3.7224727300e-02 +2.6444180000e-03 -2.4338393000e-03 +2.6949240000e-03 -2.7871900000e-05 +1.0574500000e-05 +2.5790000000e-06 +6.0298290000e-04 +6.1665790000e-04 -1.6541644000e-03 -3.7011284500e-02 +8.4481751000e-03 +2.5217198500e-02 +1.0747112100e-02 -1.2545203900e-02 +2.0490250700e-02 -1.9722460000e-03 +1.1939782300e-02 -2.1535599600e-02 -2.9778296000e-03 +1.0637280000e-03 +8.9166560000e-04 -4.2184000000e-06 +3.8620000000e-06 +2.6230800000e-05 +3.8245500000e-05 -2.9394700000e-05 +2.2954000000e-05 +7.3906390000e-04 +1.5346554000e-03 +2.7896794000e-03 +2.5943746000e-03 +4.2934256000e-03 -1.7808222800e-02 -2.5713579000e-03 +2.7473923000e-03 +5.0893719000e-03 -2.9079200000e-05 -1.5601500000e-05 -2.6993200000e-05 -3.6027466000e-03 -2.4743033000e-03 +8.1478598000e-03 +2.7098865000e-03 -1.4750875000e-03 -8.0165270000e-04 -1.4963500000e-04 +5.7590300000e-05 -9.3957700000e-05 -2.6919526000e-03 +3.4232168000e-03 -3.9563686000e-03 +4.9328300000e-05 -7.4758300000e-05 -3.4101000000e-05 -2.5640700000e-04 -2.7955800000e-04 +1.0657410000e-04 +7.2742900000e-05 +9.9274300000e-05 -2.0237700000e-05
-1.2273819800e-02 +4.1085382000e-03 +1.6094851300e-02 +4.1211373000e-03 +3.7558454000e-03 +3.3696012000e-03 +8.3282740000e-04 -1.3293350000e-04 -1.2016082200e-02 +3.1269851000e-02 -6.9284348900e-02 +5.5247905000e-03 -1.3063444000e-03 -8.8708880000e-04 +1.5272800000e-05 +9.4480300000e-05 -1.3903270000e-04 -4.4923500000e-05 -1.4374875000e-03 -2.5387577000e-03 +5.7571251000e-03 +1.2909215000e-02 -1.3799579700e-02 +2.0646971800e-02 -1.8312177160e-01 +3.1717056880e-01 -1.9768420890e-01 +1.0837430200e-02 +1.7305427000e-03 -1.0355928900e-02 +4.7055900000e-05 -4.7951790000e-04 -4.7707280000e-04 +1.9039455000e-03 +6.5851370000e-04 -3.1156336000e-03 -3.5044300000e-05 -4.4426800000e-05 -4.6516100000e-05 +1.8102354000e-03 +4.0995674000e-03 +3.4316319000e-03 +8.2833670900e-02 -1.1837299030e-01 +2.9432348900e-02 +5.2042143400e-02 -1.3319568320e-01 +1.1823639640e-01 -2.7260200000e-05 +3.3149460000e-04 +2.3459500000e-05 +3.2420000000e-06 -5.4677000000e-06 -1.7551000000e-06 -4.3082270000e-04 -4.8317660000e-04 +2.0625982000e-03 +1.2936054500e-02 +6.1704413000e-03 -1.9026823000e-02 -2.2675310800e-02 +5.2090455000e-03 +2.3675397200e-02 +1.2417545000e-03 -4.2621942000e-03 +1.0946081800e-02 +1.0047867000e-03 -3.1687880000e-04 -4.3468180000e-04 -3.9176000000e-06 +9.1209000000e-06 +4.3982300000e-05 +1.6715600000e-05 -1.5551800000e-05 +1.7186400000e-05 +9.1187170000e-04 +4.8220756000e-03 +2.4433850000e-03 +4.1941300000e-03 -1.2172484000e-02 +9.4181827000e-03 +5.4305568000e-03 +9.3942784000e-03 -9.3189166000e-03 -3.2383300000e-05 -5.0463300000e-05 -4.1251500000e-05 +1.2275326000e-03 +2.4536770000e-04 -3.6636749000e-03 -7.6198769000e-03 +1.6944970000e-03 +2.4129322000e-03 +1.8465600000e-05 -9.3927100000e-05 -7.9767100000e-05 +3.4169394000e-03 -2.7409636000e-03 +3.0499079000e-03 -7.0811200000e-05 -6.2821800000e-05 -7.1244100000e-05 -2.0210930000e-04 -4.9046550000e-04 -2.6084860000e-04 +1.3291850000e-04 +1.6886900000e-04 +3.7223700000e-05
+2.0915593900e-02 +2.4665555200e-02 -6.8745699600e-02 -1.1949139400e-02 +8.7057920000e-04 +1.8240009600e-02 +1.1322431300e-02 -1.2016132600e-02 +8.0267339000e-03 +1.3683807980e-01 +3.1065700000e-05 -1.9594383540e-01 -1.0721072000e-03 +5.0758909000e-03 -1.1146173600e-02 -2.5340390000e-04 +4.0239400000e-05 +7.3466300000e-05 +1.1583977000e-03 +2.2721552000e-03 -6.5728803000e-03 -2.6917756600e-02 +1.6563715600e-02 -4.0950844000e-03 -1.1423516060e-01 -1.9768417970e-01 +6.7100641240e-01 -6.6493438000e-03 +9.2108280000e-04 +7.3496660000e-03 -2.8966776000e-03 -1.4422928000e-03 +5.4521887000e-03 +1.9335648000e-03 -2.7388327000e-03 +3.8860097000e-03 -1.1038930000e-04 -1.3809300000e-05 +6.1908400000e-05 +6.9272850000e-04 +3.9866973000e-03 -2.5368479000e-03 -1.1749902500e-02 +3.0338109500e-02 -1.1471325600e-01 -4.9244953300e-02 +1.2426054190e-01 -2.6182387050e-01 -2.3932636000e-03 +2.5714235000e-03 -2.5747936000e-03 +1.7517000000e-05 -9.7943000000e-06 -3.7449000000e-06 +5.6375640000e-04 +9.4931260000e-04 -2.3375517000e-03 +1.5731094100e-02 -1.4266297600e-02 +1.7167687100e-02 +4.1928423500e-02 +1.2930262200e-02 -6.6746905000e-02 +1.0872804000e-03 -3.7935250000e-04 +1.1860178000e-03 +1.0080073000e-03 -4.9462430000e-04 -4.2593700000e-05 +4.2350800000e-05 +3.5522100000e-05 -9.3031300000e-05 -7.4533600000e-05 +6.6589000000e-05 -5.9443900000e-05 +4.1105313000e-03 +1.7827033000e-03 -1.6922044000e-03 -1.7577030100e-02 +9.2987153000e-03 -6.6710022000e-03 -5.8926350000e-04 -6.4575377000e-03 +2.2034851000e-02 +7.9469000000e-06 -5.8660800000e-05 +3.0048400000e-05 +2.9905790000e-04 +2.6425920000e-04 -1.7479197000e-03 +1.2199337100e-02 -4.1103186000e-03 -5.2389566000e-03 -1.2829700000e-05 -1.2355140000e-04 +1.4411310000e-04 -3.9377607000e-03 +3.0445523000e-03 -1.8493515000e-03 -4.2049100000e-05 -6.6685900000e-05 +5.5404200000e-05 -6.0923900000e-05 -1.8007470000e-04 -2.7439820000e-04 -8.9627000000e-05 +7.3177400000e-05 +1.9502910000e-04
-1.7804177000e-03 +1.4860394000e-03 +1.1336311000e-03 +6.2623110000e-04 -1.9477242000e-03 +5.1578340000e-04 +2.3575944000e-03 +1.8102413000e-03 +6.9272790000e-04 -2.2896051480e-01 +1.1212356990e-01 -2.8111110500e-02 -1.4356530000e-04 -4.3958000000e-05 +5.3883400000e-05 +4.3357900000e-05 +4.2551640000e-04 -4.0703780000e-04 -3.3693920000e-04 -6.0179400000e-05 +1.6576060000e-04 +2.4052050000e-04 -4.7578530000e-04 +1.2158520000e-04 -1.3107254600e-02 +1.0837431000e-02 -6.6493421000e-03 +2.4058640370e-01 -1.2452496790e-01 +3.0541706300e-02 +6.5830300000e-05 +6.3735700000e-05 -2.2033000000e-06 +2.5591400000e-05 -1.7563600000e-05 -4.0033100000e-05 -3.0066700000e-05 +1.7105400000e-05 -8.0987300000e-05 -2.5415110000e-04 -2.7998940000e-04 -1.8917940000e-04 +6.8543480000e-04 +1.0933246000e-03 +3.9783269000e-03 +7.9611140000e-04 -1.0155418000e-03 -1.6368814000e-03 -1.2037500000e-05 -1.0101700000e-05 +1.2628300000e-05 -2.1881000000e-06 -1.0892100000e-05 -7.6036000000e-06 -2.6013700000e-05 -1.5088700000e-05 +1.1482430000e-04 -7.2446410000e-04 +4.4984560000e-04 -5.0213810000e-04 -5.0727600000e-05 +2.5608500000e-05 -1.9077460000e-04 +4.2027800000e-05 +3.1271500000e-05 +4.2870300000e-04 +5.1017200000e-05 +3.1866000000e-06 -6.2676200000e-05 -3.3940000000e-07 -2.2200000000e-07 -3.6252000000e-06 -1.6201000000e-06 +9.0316000000e-06 +5.7750000000e-07 -2.0582430000e-04 -3.1245000000e-06 +1.4831360000e-04 +6.8756000000e-06 -1.9898400000e-05 -1.5726600000e-05 +6.7463800000e-05 +5.7974500000e-05 +8.1591000000e-06 +1.2687000000e-06 -1.9490000000e-07 -3.1187000000e-06 +7.6111700000e-05 +5.6091400000e-05 -1.4450220000e-04 -3.8077400000e-05 +1.0761500000e-05 -3.9618000000e-06 -1.5904000000e-06 -1.7785200000e-05 +6.3760000000e-06 +1.3074100000e-05 -5.9763600000e-05 +1.1114190000e-04 -6.4390000000e-06 +8.3144000000e-06 +7.2126000000e-06 -2.4257000000e-06 -2.5672000000e-06 +3.5972000000e-06 -2.6020000000e-07 -3.6782000000e-06 +5.9650000000e-06
+1.2136689800e-02 -3.7243277000e-03 -1.9894690000e-04 -1.0358302000e-03 -1.3972782000e-03 -1.8237328000e-03 +1.2875228000e-03 +4.0995849000e-03 +3.9866873000e-03 +1.1212504850e-01 -1.0082393710e-01 +2.7853093300e-02 +1.4609200000e-05 -1.2062410000e-04 -1.4264250000e-04 +3.2068700000e-05 +3.3718290000e-04 +3.3140470000e-04 +4.9428910000e-04 -4.5974650000e-04 -1.8644430000e-04 -4.7527520000e-04 -3.0161860000e-04 -1.1563220000e-04 +1.8578260000e-04 +1.7305403000e-03 +9.2107990000e-04 -1.2452545700e-01 +9.7946198600e-02 -3.1585738000e-02 +5.8018400000e-05 +1.4555490000e-04 +3.4932700000e-05 -1.7945700000e-05 -2.5588500000e-05 -2.7708300000e-05 +1.7008300000e-05 -1.3509990000e-04 +1.1460510000e-04 -2.7998680000e-04 -7.0121880000e-04 -3.1913850000e-04 +1.6182548000e-03 +4.9051422000e-03 +1.9311134000e-03 -1.9303695000e-03 -1.4793832000e-03 -7.0428670000e-04 +1.3687900000e-05 -2.8771700000e-05 +3.3048000000e-06 -1.7865700000e-05 -2.0176600000e-05 -4.1667000000e-06 +4.4374600000e-05 +6.8367900000e-05 -8.1431600000e-05 -1.0500830000e-04 -2.7295900000e-04 +5.3488400000e-05 -3.3089800000e-05 -1.6478850000e-04 +2.3098000000e-06 +4.2566590000e-04 +3.3742340000e-04 -8.6779000000e-05 -5.5237600000e-05 -1.0382000000e-06 +5.7565300000e-05 -2.3414000000e-06 -3.6602000000e-06 +1.3663000000e-06 +8.8776000000e-06 +7.6877000000e-06 +1.0237100000e-05 -3.1990000000e-06 -5.0344500000e-05 -4.3106600000e-05 -1.9982200000e-05 -1.6501800000e-05 -4.4259800000e-05 +6.4108400000e-05 +1.4496130000e-04 +3.0066400000e-05 -3.5120000000e-06 -1.6186000000e-06 +2.8801000000e-06 -3.2505000000e-06 +1.9241200000e-05 +7.2884300000e-05 -1.3576700000e-05 -1.6211700000e-05 +5.4415000000e-06 -1.0830400000e-05 -2.0448300000e-05 -1.1004300000e-05 -9.0540000000e-07 +1.6961800000e-05 -3.8394100000e-05 +8.4827000000e-06 +1.0013900000e-05 +5.7374000000e-06 -4.6820000000e-07 -2.6656000000e-06 -2.7585000000e-06 -3.5080000000e-07 -8.6370000000e-07 -2.0282000000e-06
-2.1393100400e-02 +1.1074087800e-02 +1.4878682000e-03 -1.4139166000e-03 -8.5635740000e-04 +5.3178430000e-04 +1.8014096000e-03 +3.4316168000e-03 -2.5368657000e-03 -2.8116492900e-02 +2.7858661400e-02 -6.0678191000e-02 -7.0399700000e-05 -8.1216200000e-05 +6.5678500000e-05 +4.2718990000e-04 -8.6312700000e-05 +2.3962850000e-04 -1.0074231000e-03 +4.0066450000e-04 -8.1048400000e-05 +1.2129650000e-04 -1.1620010000e-04 -4.7726010000e-04 +1.5878396000e-02 -1.0355924400e-02 +7.3496640000e-03 +3.0541849500e-02 -3.1585740900e-02 +5.5140987000e-02 +1.0734800000e-05 +2.8916300000e-05 +1.1893600000e-04 -3.9959700000e-05 -2.7501700000e-05 +5.3033800000e-05 -8.0786600000e-05 +1.1465230000e-04 -2.2908990000e-04 -1.8917860000e-04 -3.1913680000e-04 -1.1709690000e-04 +2.8708255000e-03 +2.4868760000e-03 -1.6699338000e-03 +2.9728340000e-04 -1.6721643000e-03 +4.4286880000e-04 -3.7831600000e-05 +2.8558400000e-05 -4.0707700000e-05 +7.1473000000e-06 -1.1616700000e-05 -1.4180300000e-05 -1.1258500000e-05 -1.8545700000e-05 +1.0343840000e-04 +6.7011090000e-04 -5.3420760000e-04 +1.1960730000e-04 -6.7003200000e-05 -6.0014900000e-05 +1.7698700000e-05 -4.0543980000e-04 +3.3084570000e-04 +2.3890630000e-04 +6.1551500000e-05 -4.6262000000e-06 -5.7247300000e-05 +8.5540000000e-07 -8.9110000000e-07 -3.2320000000e-06 +9.4370000000e-07 +1.0074100000e-05 -5.3189000000e-06 +1.4788510000e-04 -4.3198500000e-05 -1.3806120000e-04 -1.5610000000e-05 -4.4272200000e-05 +6.2785900000e-05 -4.2558000000e-06 +3.6877700000e-05 +1.1797310000e-04 +3.9326000000e-06 -6.6650000000e-07 -4.8293000000e-06 -1.8397200000e-05 +1.0134300000e-05 +5.0210300000e-05 +4.6189500000e-05 -1.9995800000e-05 -2.7214200000e-05 -8.4173000000e-06 -3.6306000000e-06 -1.4476400000e-05 -1.2984600000e-05 +2.3370700000e-05 -3.7330800000e-05 +6.8532000000e-06 +5.9197000000e-06 -2.8269000000e-06 -9.0480000000e-07 -5.2450000000e-07 -2.1408000000e-06 -1.0972000000e-06 +1.4946000000e-06 -4.0136000000e-06
+8.9292519000e-03 +4.0734962000e-03 -9.8955934000e-03 +3.2487873000e-03 -1.1280974700e-02 +2.1645655300e-02 -3.6027424000e-03 +1.2275368000e-03 +2.9905730000e-04 -6.1664530000e-04 -2.1127443000e-03 +5.3683832000e-03 -2.2679006150e-01 +2.7595496600e-02 +1.2352569210e-01 +5.2478540000e-04 -1.0049556000e-03 -1.4270690000e-03 -1.6456205000e-03 +3.8784448000e-03 -1.0879650000e-03 +9.1478420000e-04 -3.3558700000e-05 -1.7284944000e-03 +1.9592704000e-03 +4.7054700000e-05 -2.8966746000e-03 +6.5832200000e-05 +5.8017100000e-05 +1.0738100000e-05 +5.9606984250e-01 -2.1226381620e-01 -6.3555927300e-02 -3.3183448700e-02 +1.2786970800e-02 +1.3505069400e-02 -7.8733950000e-04 -1.7805030000e-04 +5.5583120000e-04 +7.6109000000e-05 -3.2511000000e-06 -1.8394300000e-05 -1.2907662000e-03 +3.9847340000e-04 +8.1610220000e-04 -4.9283270000e-04 -8.2574270000e-04 +2.1344573000e-03 -1.2146013450e-01 +6.4766005200e-02 -5.7859104300e-02 -2.3119107750e-01 +1.1269935280e-01 -2.6374968300e-02 -1.8645068000e-03 -6.3082137000e-03 +1.1005375000e-02 +5.0075490000e-04 +9.0379600000e-05 -5.8206590000e-04 +1.1637156000e-03 +7.5150800000e-05 -1.3427772000e-03 -6.9719000000e-06 +2.6718000000e-06 -1.3458800000e-05 +6.2953090000e-03 +1.3805198000e-02 -3.1760240700e-02 +5.9061487000e-03 -1.1008416000e-02 +1.8890412700e-02 +2.8818210000e-04 -4.7759850000e-04 -7.4778900000e-05 +5.2290000000e-05 -2.3605900000e-05 -7.6840000000e-06 -4.6933810000e-04 +2.7306280000e-04 -1.6013500000e-04 -4.1203200000e-04 -3.5953120000e-04 +1.2563097000e-03 -2.8334150000e-03 +4.0970614000e-03 +5.0097640000e-04 -4.0103000000e-06 -1.3042790000e-04 +2.5876650000e-04 +1.0978248000e-03 -3.3431310000e-04 -4.6106250000e-04 -1.2322300000e-05 +9.8248000000e-06 -8.5316000000e-06 -4.5002610000e-04 +4.6809190000e-04 -4.9498050000e-04 +2.4002900000e-05 -9.6609000000e-06 -6.3409000000e-06 +2.6095000000e-06 -7.9430000000e-07 -1.7005800000e-05 -6.2143000000e-06 +3.3703000000e-06 +4.2350000000e-07
+6.7488484000e-03 +3.8504675000e-03 +1.0227912000e-03 -1.4900154000e-02 -1.9530693000e-03 +2.2347215100e-02 -2.4742714000e-03 +2.4535750000e-04 +2.6424860000e-04 -8.3858310000e-04 -6.1050630000e-04 +2.6711670000e-03 +3.5668832500e-02 -7.1871117400e-02 -3.1197183000e-03 -1.9367900000e-03 -1.4220137000e-03 -9.0546710000e-04 +4.1007280000e-03 +1.8566477000e-03 +2.4345809000e-03 +3.7475100000e-04 -3.8654560000e-04 -1.2338633000e-03 +9.6002880000e-04 -4.7951740000e-04 -1.4422919000e-03 +6.3736200000e-05 +1.4555190000e-04 +2.8918000000e-05 -2.1226383040e-01 +3.2729510740e-01 -2.2911687050e-01 +8.2236692000e-03 +8.6168797000e-03 -1.6325650300e-02 +3.1907920000e-04 -4.6263540000e-04 -6.5902040000e-04 +5.6092700000e-05 +1.9243900000e-05 +1.0134700000e-05 -6.4808090000e-04 +4.2839640000e-04 +3.6109770000e-04 -5.5332010000e-04 -4.8950530000e-04 +1.3533629000e-03 +3.4400255300e-02 -1.4573395130e-01 +1.7339289980e-01 +1.1327596190e-01 -1.0056973730e-01 +2.6639772000e-02 -9.7407692000e-03 -4.8452781000e-03 +1.1995669600e-02 +2.5417910000e-04 -5.0323300000e-05 +1.1546370000e-04 +9.9112010000e-04 +9.8751400000e-05 -1.1597780000e-03 -2.0739800000e-05 +4.4766000000e-06 -1.7800900000e-05 +3.4765081900e-02 -1.9381942000e-02 +1.2517521500e-02 +9.8254400000e-05 +2.8947449000e-03 -2.6150899000e-03 -5.4489880000e-04 -3.1686010000e-04 -2.9712600000e-04 +4.5703700000e-05 -2.2574500000e-05 -4.8194000000e-06 -2.4834300000e-04 +3.8023310000e-04 -7.0136310000e-04 -5.6360400000e-04 -2.7649770000e-04 +1.2980570000e-03 +3.8591769000e-03 +3.0485315000e-03 +1.7268527000e-03 -1.3042780000e-04 -3.4627120000e-04 +8.2872560000e-04 +1.3258205000e-03 -3.9531680000e-04 -5.7694730000e-04 -9.0387000000e-06 +6.8152000000e-06 -6.1249000000e-06 -6.6717130000e-04 +7.3907290000e-04 -8.2019110000e-04 +1.7068200000e-05 -7.9631000000e-06 -3.8653000000e-06 -4.5852000000e-06 -9.0582000000e-06 -7.4456000000e-06 -3.7692000000e-06 +3.8900000000e-07 +4.9503000000e-06
-1.5594487100e-02 +3.8589237000e-03 +1.6075620200e-02 +2.9301379100e-02 +1.8511696700e-02 -6.9186341800e-02 +8.1478631000e-03 -3.6636820000e-03 -1.7479214000e-03 +2.6800167000e-03 +4.0326610000e-03 -1.1129903200e-02 +1.0645374480e-01 +5.4627169000e-03 -1.8007990930e-01 +5.5126030000e-04 -1.8959752000e-03 +6.0928110000e-04 -1.5717476000e-03 +2.6671227000e-03 +1.0691593000e-03 -2.5952191000e-03 -8.0222130000e-04 +3.6664022000e-03 -4.8389379000e-03 -4.7707210000e-04 +5.4521869000e-03 -2.1986000000e-06 +3.4935300000e-05 +1.1893130000e-04 -6.3555942200e-02 -2.2911682330e-01 +6.6612403940e-01 +2.3170544500e-02 -2.1180337600e-02 +2.5272754800e-02 -4.9173280000e-04 -1.3372290000e-04 +1.8909500000e-04 -1.4450400000e-04 +7.2880200000e-05 +5.0207200000e-05 +3.0358659000e-03 -7.5012520000e-04 -1.3566193000e-03 +1.5616906000e-03 +1.6458832000e-03 -5.2635547000e-03 +6.4868972000e-03 +1.4110819120e-01 -3.5297643210e-01 -2.7604706400e-02 +2.7250774500e-02 -5.9664924400e-02 +1.8304214100e-02 +8.3375372000e-03 -4.1184320400e-02 -9.3065340000e-04 +2.8987460000e-04 +5.0513230000e-04 -3.2871420000e-03 -1.8940820000e-04 +3.9320835000e-03 +3.6134300000e-05 -4.2816900000e-05 +3.7636500000e-05 -7.6164331800e-02 +3.4788541000e-02 +1.1182503400e-02 -4.6680249000e-03 +9.2128540000e-03 -1.2831885000e-02 +7.0699800000e-05 -3.6941580000e-04 -2.1708300000e-05 -1.5463490000e-04 +6.8477200000e-05 +1.6272800000e-05 +9.4496260000e-04 -1.2560595000e-03 +1.5814146000e-03 +1.6892576000e-03 +1.0816111000e-03 -4.0324296000e-03 +1.0039980000e-03 +1.4789849000e-03 +1.6094080000e-03 +2.5876500000e-04 +8.2873670000e-04 -2.0522504000e-03 -3.9792442000e-03 +1.1876135000e-03 +1.7101814000e-03 +3.1588700000e-05 -2.6199500000e-05 +2.1420200000e-05 +1.9108749000e-03 -2.0267541000e-03 +2.2818156000e-03 -6.3080600000e-05 +2.4330700000e-05 +1.3606700000e-05 -8.7280000000e-06 -1.1179900000e-05 +1.9116700000e-05 +1.5531600000e-05 -2.5307000000e-06 -1.0058100000e-05
-2.0603169900e-02 +1.6297573000e-03 +1.2426386600e-02 +3.6273565000e-03 +1.9524770200e-02 -4.3019989200e-02 +1.0747062500e-02 -2.2675306100e-02 +4.1928347000e-02 +1.1434221000e-03 +1.8745297000e-03 -5.6000959000e-03 -2.2854815520e-01 +8.3535717700e-02 -2.3599275000e-03 +2.1899863000e-03 +1.5196984000e-03 +1.8248861000e-03 -2.4503717740e-01 +3.8477327600e-02 +1.2392880240e-01 +1.1301936600e-02 +6.5525276000e-03 -1.7958094500e-02 -5.4880249000e-03 +1.9039453000e-03 +1.9335672000e-03 +2.5592300000e-05 -1.7944400000e-05 -3.9959600000e-05 -3.3183453700e-02 +8.2236693000e-03 +2.3170543100e-02 +6.1569894290e-01 -1.8295608810e-01 -1.1987354790e-01 -1.2997134500e-02 +2.4938100000e-04 +1.5907270800e-02 -5.0719600000e-05 -3.3076100000e-05 -6.6999500000e-05 +1.5895264000e-03 -6.1450623000e-03 +9.6859841000e-03 +6.9305610000e-04 +3.6700850000e-04 -1.3706879000e-03 -3.7124447000e-03 +4.4160355000e-03 -1.3456863700e-02 +5.7837590000e-04 +1.2355250000e-03 +2.7315873000e-03 -1.0779886610e-01 +4.1237241800e-02 -3.1712893700e-02 +2.4759971000e-03 +1.0976555000e-03 -5.7487024000e-03 -2.7984162000e-03 +7.0920130000e-04 +1.5035636000e-03 +7.8135000000e-05 -5.7381000000e-05 +4.2310400000e-05 +1.0624218400e-02 -1.2769388500e-02 +2.1042604400e-02 +2.6739940000e-04 -2.8610670000e-04 -6.7039480000e-04 -1.8848151000e-03 +1.1388004500e-02 -2.1304033800e-02 -5.4371100000e-05 +5.6116000000e-06 +1.1926600000e-05 +1.0704217000e-03 -2.4066377000e-03 +4.4606333000e-03 +8.3001480000e-04 +4.2249110000e-04 -1.8562574000e-03 -1.0785970000e-03 +3.2582049000e-03 +4.1600497000e-03 +1.1637117000e-03 +9.9113140000e-04 -3.2871310000e-03 -2.8975865000e-03 +9.2613150000e-04 +1.1063754000e-03 +4.8479900000e-05 -4.1067300000e-05 +3.5833800000e-05 +2.0470689000e-03 -2.1911130000e-03 +2.3704107000e-03 -5.3758800000e-05 +2.5495900000e-05 +1.2953400000e-05 -1.1651400000e-05 +1.4186600000e-05 +1.0241400000e-05 -2.3721000000e-06 -6.0643000000e-06 +3.1303200000e-05
+1.5197339000e-03 -9.9302080000e-04 -1.1412080300e-02 +1.2794504600e-02 -1.4501160300e-02 +2.1362282000e-02 -1.2545212000e-02 +5.2092055000e-03 +1.2930104500e-02 -1.0556903000e-03 -2.1606773000e-03 +4.8474474000e-03 +9.0643307400e-02 -1.2338285910e-01 +2.9241362300e-02 +1.9710161000e-03 +4.2517228000e-03 +3.6280711000e-03 +2.8482601400e-02 -7.0967949800e-02 +1.1589098000e-02 +3.2602079000e-03 +3.5350528000e-03 +4.7685292000e-03 +1.5504425000e-03 +6.5851300000e-04 -2.7388375000e-03 -1.7566000000e-05 -2.5588300000e-05 -2.7502500000e-05 +1.2786973600e-02 +8.6168779000e-03 -2.1180335500e-02 -1.8295611870e-01 +3.1887904910e-01 -1.8972991730e-01 +1.0837291100e-02 +1.9754307000e-03 -1.0351462200e-02 +2.5609000000e-05 -1.6479030000e-04 -6.0010000000e-05 -1.3631603000e-03 -6.4826170000e-04 -4.3224410000e-04 -2.7431640000e-04 -6.0680480000e-04 +1.8528638000e-03 +1.0087185400e-02 -1.7698047100e-02 +1.0781272500e-02 +6.6683110000e-04 +4.1996290000e-03 +2.2695861000e-03 +4.9300196200e-02 -1.2926794530e-01 +1.0389199530e-01 -1.3551750000e-04 -5.7020800000e-04 -2.5122010000e-04 +7.0921310000e-04 +6.0912900000e-05 -8.0456830000e-04 +2.3585100000e-05 -1.5653700000e-05 +1.5488100000e-05 -3.0614659100e-02 +1.2376022700e-02 +1.6845549200e-02 -2.7017120000e-04 -6.9593060000e-04 -2.0281160000e-04 +9.4695160000e-04 -4.7991059000e-03 +1.0772713600e-02 +4.1221000000e-06 -2.9427800000e-05 -7.4034000000e-06 -1.5168160000e-04 +4.6560890000e-04 +1.7434730000e-04 -9.8915300000e-05 -2.4511040000e-04 +4.6456370000e-04 +3.5899467000e-03 +6.5783389000e-03 +2.0016351000e-03 +7.5149200000e-05 +9.8742000000e-05 -1.8938780000e-04 +2.2960430000e-04 -9.0192800000e-05 -7.5101500000e-05 +1.7409000000e-06 -1.4462000000e-06 +2.2064000000e-06 -4.3319400000e-05 -7.5770400000e-05 +1.3557700000e-05 +8.5058000000e-06 +4.2195000000e-06 +1.4628000000e-06 +1.0561000000e-05 +2.0548600000e-05 -6.4600000000e-08 +1.0542000000e-06 +1.0052300000e-05 +8.8225000000e-06
+1.2658494900e-02 -1.1521476000e-02 +5.3474129000e-03 -2.8800606000e-02 +1.4249486300e-02 +2.4053417000e-03 +2.0490174700e-02 +2.3675321900e-02 -6.6747006300e-02 +6.0016730000e-04 +1.7429532000e-03 -4.7187915000e-03 -1.7425882700e-02 +3.6758456900e-02 -1.2352295230e-01 +8.7825280000e-04 +4.1020492000e-03 -2.6638671000e-03 +1.4512960280e-01 +1.0075217000e-03 -2.0705545120e-01 -1.1017738300e-02 +1.2764705000e-03 +1.6380206800e-02 +2.6851681000e-03 -3.1156324000e-03 +3.8860122000e-03 -4.0033900000e-05 -2.7706900000e-05 +5.3034500000e-05 +1.3505066900e-02 -1.6325645700e-02 +2.5272751400e-02 -1.1987354140e-01 -1.8972988540e-01 +6.6614404260e-01 -6.5045784000e-03 +8.5636760000e-04 +7.5580219000e-03 -1.9078280000e-04 +2.2968000000e-06 +1.7683800000e-05 -4.2583680000e-04 +4.6378285000e-03 -1.0891491600e-02 -1.4334600000e-05 +1.1735906000e-03 -2.3363288000e-03 -2.5429146600e-02 +1.6784700000e-02 -1.6090072500e-02 +3.9280126000e-03 +1.6751644000e-03 -2.1028566000e-03 -4.8797673000e-02 +1.1247423620e-01 -2.4171909990e-01 -3.1410376000e-03 -1.5585583000e-03 +5.8695614000e-03 +1.5035706000e-03 -8.0455560000e-04 +1.4560590000e-04 -1.2892400000e-04 +1.0130140000e-04 -7.4045500000e-05 +5.8820963500e-02 -2.0978431000e-03 -5.3064302300e-02 -6.9853760000e-04 -1.8818190000e-04 +2.1468160000e-04 +7.9849320000e-04 -3.3038080000e-04 +5.8040660000e-04 +1.6237800000e-05 -8.9822000000e-06 -2.7813100000e-05 -3.1312840000e-04 +2.5645122000e-03 -4.6258355000e-03 -7.4990420000e-04 -8.8629200000e-05 +9.0809820000e-04 +3.4537983000e-03 +2.3547264000e-03 +6.5229250000e-04 -1.3427852000e-03 -1.1597857000e-03 +3.9320778000e-03 +2.5732991000e-03 -8.1290800000e-04 -1.0236937000e-03 -5.4441000000e-05 +4.7777000000e-05 -4.2058300000e-05 -2.1745051000e-03 +2.2894995000e-03 -2.6318165000e-03 +4.8731900000e-05 -1.6535300000e-05 -7.6853000000e-06 +1.7485000000e-05 -3.8012000000e-06 +1.5085800000e-05 +1.5896600000e-05 +1.6284300000e-05 -3.7175500000e-05
+2.4596788000e-03 +1.7313411000e-03 +5.4575140000e-04 +1.5825660000e-04 -5.3973560000e-04 +2.9630690000e-04 -1.9722240000e-03 +1.2417795000e-03 +1.0872451000e-03 -2.9538690000e-04 +1.6387800000e-05 +3.0103600000e-04 +5.5737460000e-04 +1.3314852000e-03 +3.9546419000e-03 -2.5998230000e-04 -2.9944800000e-04 -2.0359880000e-04 -2.2880343420e-01 +1.1228646610e-01 -2.8200038600e-02 +6.4750680000e-04 -1.9230269000e-03 +4.8678460000e-04 +9.0293900000e-05 -3.5043000000e-05 -1.1039720000e-04 -3.0066000000e-05 +1.7009900000e-05 -8.0788300000e-05 -7.8733950000e-04 +3.1908060000e-04 -4.9173040000e-04 -1.2997135700e-02 +1.0837287300e-02 -6.5045788000e-03 +2.4061381790e-01 -1.2455401310e-01 +3.0669460000e-02 +4.2026600000e-05 +4.2567310000e-04 -4.0543730000e-04 -1.8981530000e-04 +5.9420000000e-07 +8.0586800000e-05 -3.7861300000e-05 -5.2418500000e-05 +1.5992660000e-04 -6.5661800000e-05 +3.7417200000e-05 -1.1881610000e-04 -1.7248610000e-04 +3.5773700000e-05 +1.7190100000e-04 +7.7617820000e-04 -9.7398360000e-04 -1.7513225000e-03 +8.7447500000e-05 +5.9115300000e-05 -3.5850000000e-06 +7.8130700000e-05 +2.3582500000e-05 -1.2891640000e-04 -2.7781000000e-06 +1.1745000000e-05 +3.5190000000e-07 +1.5839700000e-05 -4.4221400000e-05 -2.3849950000e-04 +1.6890600000e-05 +3.2303800000e-05 +4.6920100000e-05 +1.8907400000e-05 -1.6369600000e-05 +3.9352010000e-04 -2.2120000000e-06 -1.3554200000e-05 -9.0861000000e-06 -3.0948600000e-05 +8.6252000000e-06 -1.8207600000e-05 -4.7351300000e-05 -3.5053900000e-05 +1.2232310000e-04 +7.8290000000e-05 +6.3945800000e-05 +2.0939800000e-05 -6.9751000000e-06 -2.0745100000e-05 +3.6145500000e-05 +1.0616400000e-04 -2.7319500000e-05 -5.7155800000e-05 -1.0701000000e-06 +1.9781000000e-06 -8.3260000000e-07 -4.6891700000e-05 +5.2147900000e-05 -4.9165400000e-05 +2.2495000000e-06 +1.2910000000e-07 -2.7800000000e-08 +5.1760000000e-07 +3.4180000000e-07 -8.7390000000e-07 +6.1400000000e-08 +7.2840000000e-07 -7.8340000000e-07
+1.1094333000e-03 +3.9924518000e-03 +3.9905408000e-03 -4.2763080000e-04 -2.8512890000e-04 -2.9898790000e-04 +1.1939793900e-02 -4.2622285000e-03 -3.7946440000e-04 +6.0426210000e-04 -2.2686430000e-04 -1.1451120000e-04 +1.7825257000e-03 +5.0371008000e-03 +2.1623082000e-03 -3.0539280000e-04 -7.3916850000e-04 -3.3536120000e-04 +1.1225379690e-01 -1.0058834320e-01 +2.8064716600e-02 -1.0302846000e-03 -1.3898556000e-03 -1.7529395000e-03 -6.6054400000e-05 -4.4427500000e-05 -1.3807500000e-05 +1.7102300000e-05 -1.3509950000e-04 +1.1465330000e-04 -1.7805360000e-04 -4.6263630000e-04 -1.3372090000e-04 +2.4938210000e-04 +1.9754323000e-03 +8.5636950000e-04 -1.2455402790e-01 +9.8061188200e-02 -3.1612574200e-02 +3.1267500000e-05 +3.3742200000e-04 +3.3084620000e-04 +8.0070600000e-05 -7.7052800000e-05 -1.5957350000e-04 +2.7946300000e-05 +4.9630500000e-05 -1.1669420000e-04 +9.1089000000e-06 -1.1069200000e-04 +6.2745000000e-06 +3.8319700000e-05 +4.1488700000e-05 -9.5100000000e-08 -1.9085909000e-03 -1.5444103000e-03 -6.7867350000e-04 +4.1901700000e-05 +1.5319350000e-04 +5.9145600000e-05 -5.7380600000e-05 -1.5656000000e-05 +1.0130710000e-04 +1.1745500000e-05 +9.4063000000e-06 +1.2082800000e-05 -1.4106730000e-04 -2.1306820000e-04 -3.0241100000e-05 +4.5055400000e-05 +8.6646300000e-05 +3.4980800000e-05 +3.7708630000e-04 +2.4034360000e-04 -1.4951820000e-04 -2.0683600000e-05 -2.4604900000e-05 -6.0858000000e-06 +6.7512000000e-06 -4.0658500000e-05 +1.3525200000e-05 +3.4275000000e-05 +2.5353600000e-05 -9.4510000000e-05 +6.6574800000e-05 +1.5686610000e-04 +7.6086100000e-05 +2.6688000000e-06 +4.4794000000e-06 -4.2818100000e-05 -8.5345800000e-05 +1.9738300000e-05 +4.4474900000e-05 +1.9023000000e-06 +3.9570000000e-07 +1.5979000000e-06 +4.4652700000e-05 -3.3867000000e-05 +4.7281100000e-05 -8.9550000000e-07 +2.3278000000e-06 +1.2747000000e-06 -4.2620000000e-07 +1.3820000000e-07 +1.0139000000e-06 +2.0820000000e-07 +1.5990000000e-07 +1.0977000000e-06
+1.8672337000e-03 +3.3286639000e-03 -2.5829049000e-03 +5.5475700000e-05 -1.8118050000e-04 -3.1594720000e-04 -2.1535537000e-02 +1.0946210500e-02 +1.1860225000e-03 -9.4175510000e-04 +5.0747080000e-04 -5.4374500000e-05 +3.0080650000e-03 +2.6373714000e-03 -1.8160489000e-03 -1.9225830000e-04 -3.4124490000e-04 -1.2512090000e-04 -2.8163202000e-02 +2.8040739200e-02 -6.0619037000e-02 -1.4012812000e-03 -8.0732770000e-04 +4.5730310000e-04 -4.4818500000e-05 -4.6515600000e-05 +6.1909600000e-05 -8.0983000000e-05 +1.1460360000e-04 -2.2909040000e-04 +5.5583520000e-04 -6.5902210000e-04 +1.8909620000e-04 +1.5907273900e-02 -1.0351463800e-02 +7.5580210000e-03 +3.0669461900e-02 -3.1612575000e-02 +5.5162343900e-02 +4.2870100000e-04 -8.6778800000e-05 +2.3890730000e-04 -8.7294000000e-05 -7.5376800000e-05 +1.3934110000e-04 -9.9506000000e-06 -3.1618400000e-05 +8.5866200000e-05 -6.0239000000e-05 -2.2650900000e-05 +8.8703000000e-06 +1.6551210000e-04 +2.5729000000e-06 -1.2100060000e-04 +2.2524020000e-04 -1.6740551000e-03 +4.7960660000e-04 +3.2806900000e-05 +4.0963100000e-05 +8.0791400000e-05 +4.2305900000e-05 +1.5487500000e-05 -7.4038900000e-05 +3.5140000000e-07 +1.2082300000e-05 -4.9114000000e-06 -3.0708600000e-05 -1.3347620000e-04 +1.7192900000e-05 +2.0196800000e-05 +4.8457100000e-05 +1.7756000000e-06 -4.3567810000e-04 +2.6634030000e-04 +2.5736010000e-04 +5.9704000000e-06 -1.3642800000e-05 -1.5341600000e-05 -1.4339800000e-05 +1.1481600000e-05 -4.0031900000e-05 -2.4443500000e-05 -2.0851900000e-05 +6.8024900000e-05 +1.6461700000e-05 +7.8700500000e-05 +4.2299900000e-05 -1.3455400000e-05 -1.7799600000e-05 +3.7630900000e-05 +6.5603500000e-05 -1.7142900000e-05 -3.5486500000e-05 -6.5120000000e-07 +1.5066000000e-06 -3.9520000000e-07 -3.3140100000e-05 +3.9162100000e-05 -3.6902900000e-05 +2.1418000000e-06 +1.8830000000e-07 -1.8980000000e-07 +7.7500000000e-07 +1.8040000000e-07 -8.2450000000e-07 +3.2580000000e-07 +5.3990000000e-07 -7.1460000000e-07
+6.8541830000e-04 +1.0933043000e-03 +3.9783216000e-03 -7.2447310000e-04 +4.4985480000e-04 -5.0213980000e-04 -1.3107248200e-02 +1.0837447900e-02 -6.6494029000e-03 +2.4051530000e-04 -4.7578820000e-04 +1.2160080000e-04 +6.8721000000e-06 -1.9898500000e-05 -1.5725800000e-05 -2.0582360000e-04 -3.1227000000e-06 +1.4831560000e-04 +7.9611680000e-04 -1.0155436000e-03 -1.6368621000e-03 -2.2896086100e-01 +1.1212335230e-01 -2.8111182200e-02 +2.3575937000e-03 +1.8102301000e-03 +6.9273020000e-04 -2.5414980000e-04 -2.7998770000e-04 -1.8917780000e-04 +7.6113800000e-05 +5.6091300000e-05 -1.4450490000e-04 -5.0722900000e-05 +2.5611500000e-05 -1.9078060000e-04 +4.2030300000e-05 +3.1265200000e-05 +4.2870040000e-04 +2.4058673340e-01 -1.2452473560e-01 +3.0541843200e-02 -1.7804115000e-03 +1.4860321000e-03 +1.1335981000e-03 -3.3693240000e-04 -6.0181800000e-05 +1.6576000000e-04 +1.3078300000e-05 -5.9763800000e-05 +1.1114270000e-04 -6.4391000000e-06 +8.3144000000e-06 +7.2125000000e-06 +6.7462900000e-05 +5.7972500000e-05 +8.1610000000e-06 +6.2623300000e-04 -1.9477191000e-03 +5.1578900000e-04 +2.5589100000e-05 -1.7563300000e-05 -4.0032500000e-05 -3.0066300000e-05 +1.7104900000e-05 -8.0986300000e-05 -3.8075800000e-05 +1.0760900000e-05 -3.9620000000e-06 -2.5960000000e-07 -3.6781000000e-06 +5.9651000000e-06 -1.5904000000e-06 -1.7785000000e-05 +6.3763000000e-06 +4.3353500000e-05 +4.2551880000e-04 -4.0703850000e-04 -1.4355570000e-04 -4.3958100000e-05 +5.3879400000e-05 -2.6013300000e-05 -1.5088700000e-05 +1.1482250000e-04 -2.4229000000e-06 -2.5673000000e-06 +3.5972000000e-06 +6.5829600000e-05 +6.3735700000e-05 -2.2032000000e-06 +5.1018300000e-05 +3.1872000000e-06 -6.2675200000e-05 -1.6213000000e-06 +9.0315000000e-06 +5.7760000000e-07 -1.2035500000e-05 -1.0102100000e-05 +1.2629000000e-05 -2.1882000000e-06 -1.0892200000e-05 -7.6037000000e-06 +1.2688000000e-06 -1.9500000000e-07 -3.1186000000e-06 -3.3890000000e-07 -2.2200000000e-07 -3.6252000000e-06
+1.6182541000e-03 +4.9051443000e-03 +1.9311225000e-03 -1.0501420000e-04 -2.7295050000e-04 +5.3481600000e-05 +1.8579730000e-04 +1.7305807000e-03 +9.2095950000e-04 -4.7528820000e-04 -3.0162740000e-04 -1.1560230000e-04 -1.9984900000e-05 -1.6500900000e-05 -4.4259000000e-05 -3.2013000000e-06 -5.0344700000e-05 -4.3104300000e-05 -1.9303704000e-03 -1.4793932000e-03 -7.0425580000e-04 +1.1212474060e-01 -1.0082364140e-01 +2.7853240200e-02 +1.2875337000e-03 +4.0995666000e-03 +3.9866989000e-03 -2.7998920000e-04 -7.0121890000e-04 -3.1913690000e-04 -3.2495000000e-06 +1.9242800000e-05 +7.2880200000e-05 -3.3079300000e-05 -1.6478860000e-04 +2.2941000000e-06 +4.2567460000e-04 +3.3742120000e-04 -8.6779100000e-05 -1.2452522400e-01 +9.7945862200e-02 -3.1585787900e-02 +1.2136743000e-02 -3.7242964000e-03 -1.9899110000e-04 +4.9429890000e-04 -4.5974790000e-04 -1.8644480000e-04 -9.0820000000e-07 +1.6961400000e-05 -3.8393100000e-05 +8.4827000000e-06 +1.0013900000e-05 +5.7374000000e-06 +6.4109100000e-05 +1.4495880000e-04 +3.0071700000e-05 -1.0358254000e-03 -1.3972818000e-03 -1.8237253000e-03 -1.7945700000e-05 -2.5589200000e-05 -2.7706800000e-05 +1.7008700000e-05 -1.3509990000e-04 +1.1460740000e-04 -1.3573600000e-05 -1.6212700000e-05 +5.4410000000e-06 -3.5150000000e-07 -8.6380000000e-07 -2.0281000000e-06 -1.0830400000e-05 -2.0448700000e-05 -1.1004200000e-05 +3.2066100000e-05 +3.3718450000e-04 +3.3140230000e-04 +1.4605700000e-05 -1.2062110000e-04 -1.4264820000e-04 +4.4376300000e-05 +6.8369100000e-05 -8.1435200000e-05 -4.6960000000e-07 -2.6656000000e-06 -2.7584000000e-06 +5.8016800000e-05 +1.4555570000e-04 +3.4932700000e-05 -5.5242200000e-05 -1.0379000000e-06 +5.7567000000e-05 +8.8786000000e-06 +7.6875000000e-06 +1.0237200000e-05 +1.3687600000e-05 -2.8772900000e-05 +3.3063000000e-06 -1.7865800000e-05 -2.0176500000e-05 -4.1667000000e-06 -3.5121000000e-06 -1.6185000000e-06 +2.8802000000e-06 -2.3416000000e-06 -3.6602000000e-06 +1.3663000000e-06
+2.8708312000e-03 +2.4868892000e-03 -1.6699240000e-03 +6.7010190000e-04 -5.3420940000e-04 +1.1960150000e-04 +1.5878406800e-02 -1.0355886900e-02 +7.3496168000e-03 +1.2129070000e-04 -1.1620400000e-04 -4.7724620000e-04 -1.5611200000e-05 -4.4270900000e-05 +6.2786800000e-05 +1.4788350000e-04 -4.3200600000e-05 -1.3806100000e-04 +2.9727580000e-04 -1.6721796000e-03 +4.4287890000e-04 -2.8116639400e-02 +2.7858710800e-02 -6.0678134500e-02 +1.8014238000e-03 +3.4316331000e-03 -2.5368511000e-03 -1.8918030000e-04 -3.1913830000e-04 -1.1709690000e-04 -1.8396100000e-05 +1.0135100000e-05 +5.0208400000e-05 -6.6998000000e-05 -6.0014000000e-05 +1.7691500000e-05 -4.0543530000e-04 +3.3084590000e-04 +2.3890790000e-04 +3.0541986800e-02 -3.1585791200e-02 +5.5140989300e-02 -2.1393106900e-02 +1.1074062100e-02 +1.4878229000e-03 -1.0074209000e-03 +4.0065710000e-04 -8.1051600000e-05 -1.2983900000e-05 +2.3370500000e-05 -3.7330400000e-05 +6.8532000000e-06 +5.9197000000e-06 -2.8269000000e-06 -4.2555000000e-06 +3.6877000000e-05 +1.1797570000e-04 -1.4139189000e-03 -8.5636870000e-04 +5.3178380000e-04 -3.9960600000e-05 -2.7501600000e-05 +5.3034600000e-05 -8.0787400000e-05 +1.1465000000e-04 -2.2908990000e-04 +4.6191100000e-05 -1.9996500000e-05 -2.7214500000e-05 -1.0966000000e-06 +1.4945000000e-06 -4.0136000000e-06 -8.4170000000e-06 -3.6308000000e-06 -1.4476300000e-05 +4.2718850000e-04 -8.6309800000e-05 +2.3962940000e-04 -7.0398100000e-05 -8.1216200000e-05 +6.5674800000e-05 -1.1257300000e-05 -1.8545400000e-05 +1.0343670000e-04 -9.0490000000e-07 -5.2450000000e-07 -2.1408000000e-06 +1.0734300000e-05 +2.8916600000e-05 +1.1893610000e-04 +6.1550800000e-05 -4.6255000000e-06 -5.7246300000e-05 +9.4300000000e-07 +1.0074200000e-05 -5.3188000000e-06 -3.7830800000e-05 +2.8558100000e-05 -4.0706900000e-05 +7.1472000000e-06 -1.1616800000e-05 -1.4180400000e-05 +3.9325000000e-06 -6.6660000000e-07 -4.8293000000e-06 +8.5530000000e-07 -8.9110000000e-07 -3.2320000000e-06
+4.5140878000e-03 +3.3991232000e-03 -1.7688035900e-02 -4.6279120000e-03 -2.1129717000e-03 +8.8051264000e-03 +1.0338752200e-02 -1.2273884000e-02 +2.0915627100e-02 -3.7249877800e-02 +8.3759062000e-03 +2.4300088800e-02 +2.3256240000e-04 +2.5615825000e-03 -5.5234969000e-03 +2.4323300000e-05 -4.2329800000e-05 -2.4128500000e-05 -2.3570501000e-03 +2.6418080000e-03 +4.7571388000e-03 -1.0880458870e-01 +4.6697254800e-02 -3.7572546800e-02 -2.1733989050e-01 +8.2833640700e-02 -1.1749893400e-02 +6.8543720000e-04 +1.6182533000e-03 +2.8708229000e-03 -1.2907615000e-03 -6.4807820000e-04 +3.0358690000e-03 +1.5895275000e-03 -1.3631622000e-03 -4.2583060000e-04 -1.8981290000e-04 +8.0067800000e-05 -8.7291900000e-05 -1.7804106000e-03 +1.2136743400e-02 -2.1393110900e-02 +6.0370443390e-01 -1.8335409980e-01 -1.1187617670e-01 +2.6723009000e-03 +1.7502195300e-02 -3.5982979300e-02 -1.1808868000e-03 +1.2128679000e-03 -1.3343022000e-03 -2.8337000000e-05 +9.0668000000e-06 +1.1973200000e-05 -4.3845790000e-04 -2.2911180000e-04 +2.2768420000e-04 -2.4106409950e-01 +3.6816548800e-02 +1.2333967730e-01 -2.0603251800e-02 +1.5196432000e-03 +1.2658479400e-02 +2.4596669000e-03 +1.1094420000e-03 +1.8672327000e-03 +9.6947500000e-04 -2.2146230000e-04 -2.1207700000e-04 -1.4381000000e-06 -2.9213700000e-05 -2.8288700000e-05 -1.0106200000e-05 +5.2911000000e-06 -5.5089000000e-06 -1.3328858800e-02 -6.8513800000e-05 +1.5887261700e-02 +1.3728437400e-02 -2.2327048700e-02 +3.8046269400e-02 +1.6012216000e-03 +1.8275160000e-03 -6.4887005000e-03 -1.0861800000e-05 -4.6954000000e-06 +5.1086600000e-05 +8.9292620000e-03 +6.7488852000e-03 -1.5594496200e-02 -7.6260027000e-03 +2.8526725000e-03 +2.4976230000e-03 +4.6604000000e-05 -7.0680600000e-05 -3.8261100000e-05 +6.6338027000e-03 -7.1689968000e-03 +7.0906310000e-03 -8.4056800000e-05 +2.6053900000e-05 -9.6669200000e-05 +2.4364700000e-05 +1.2749370000e-04 -2.6355300000e-05 -1.3758310000e-04 -1.8782360000e-04 -2.1444290000e-04
+3.3991735000e-03 -1.0863301900e-02 +7.9642324000e-03 +1.1755732000e-03 +2.8866700000e-04 -2.9937375000e-03 -2.0365093600e-02 +4.1084622000e-03 +2.4665652000e-02 +1.2235151600e-02 +5.1491308000e-03 -1.8718630000e-02 +2.2086292000e-03 -2.0985989000e-03 +2.3957766000e-03 -7.3814700000e-05 -1.2765300000e-05 -7.3154800000e-05 +5.0051165000e-03 +9.9367266000e-03 -1.0640434000e-02 +5.1881525500e-02 -1.3380760340e-01 +1.2016643190e-01 +8.1976449200e-02 -1.1837298890e-01 +3.0338105700e-02 +1.0933191000e-03 +4.9051454000e-03 +2.4868757000e-03 +3.9847080000e-04 +4.2839650000e-04 -7.5012630000e-04 -6.1450624000e-03 -6.4826220000e-04 +4.6378339000e-03 +5.9300000000e-07 -7.7052100000e-05 -7.5377800000e-05 +1.4860290000e-03 -3.7242951000e-03 +1.1074063900e-02 -1.8335412850e-01 +3.1801715120e-01 -1.9922710910e-01 +1.3021356700e-02 -1.2956838100e-02 +2.1354112600e-02 +1.2685425000e-03 -1.1831474000e-03 +1.1196958000e-03 -3.7054400000e-05 +1.6738200000e-05 +6.4638000000e-06 +6.8589550000e-04 +6.7551860000e-04 -3.6016565000e-03 +3.1125919800e-02 -6.9334239900e-02 +5.3324242000e-03 +1.6296860000e-03 -9.9296630000e-04 -1.1521414000e-02 +1.7313078000e-03 +3.9924710000e-03 +3.3286565000e-03 -2.6251589000e-03 +1.1407060000e-03 +1.0696080000e-03 -1.2591000000e-05 -6.3792000000e-05 -3.3835200000e-05 +1.2543200000e-05 -1.3943700000e-05 +6.6688000000e-06 +1.0627816600e-02 +1.2085063000e-03 -1.0581984900e-02 -1.2198159400e-02 +3.7839121000e-03 +1.5588633300e-02 -1.8773419000e-03 -2.2590004000e-03 +4.9411358000e-03 +3.0754000000e-06 +1.2426100000e-05 +2.9941600000e-05 +4.0735169000e-03 +3.8504848000e-03 +3.8588708000e-03 +2.8547990000e-03 -3.6285910000e-04 -1.3905108000e-03 -7.5232600000e-05 -6.1534100000e-05 -6.9750600000e-05 -1.0230546000e-03 -1.9866660000e-04 -5.8227550000e-04 +6.4793300000e-05 -1.2660090000e-04 -6.2651900000e-05 +9.4065400000e-05 +1.9196560000e-04 +2.8509700000e-05 -2.6666840000e-04 -5.4793100000e-04 -7.1038600000e-05
-1.7688025700e-02 +7.9642145000e-03 -3.5071124000e-03 +1.8461977000e-03 +4.9087350000e-04 -3.5336932000e-03 +3.8033031600e-02 +1.6094925800e-02 -6.8745574900e-02 +1.6130142000e-02 -1.4627513900e-02 +1.6282355600e-02 -4.7703940000e-03 +2.0211325000e-03 +9.2376360000e-04 +4.1333200000e-05 -1.0598090000e-04 +9.6180100000e-05 -2.3948660000e-04 -8.1371770000e-03 +2.4885165600e-02 -4.8534470000e-02 +1.2564823970e-01 -2.6535719500e-01 -9.9134925000e-03 +2.9432348600e-02 -1.1471325590e-01 +3.9783305000e-03 +1.9311120000e-03 -1.6699315000e-03 +8.1610280000e-04 +3.6109620000e-04 -1.3566233000e-03 +9.6859796000e-03 -4.3224590000e-04 -1.0891495800e-02 +8.0588800000e-05 -1.5957240000e-04 +1.3933950000e-04 +1.1336037000e-03 -1.9899670000e-04 +1.4878250000e-03 -1.1187595060e-01 -1.9922700350e-01 +6.7197719840e-01 -2.6492924800e-02 +1.6595776500e-02 -3.3897359000e-03 -1.4513674000e-03 +1.1787264000e-03 -9.7242040000e-04 +1.0970490000e-04 -4.2374100000e-05 -2.5130900000e-05 -1.7071523000e-03 -2.6263268000e-03 +6.6951152000e-03 +1.3534147560e-01 -7.0616920000e-04 -1.9318639820e-01 +1.2426369800e-02 -1.1412044000e-02 +5.3474404000e-03 +5.4573630000e-04 +3.9905455000e-03 -2.5829035000e-03 +4.8744199000e-03 -1.4822703000e-03 -1.7090405000e-03 -6.3162300000e-05 -1.6149200000e-05 +1.5747000000e-05 -2.0998700000e-05 +1.3550500000e-05 -1.3044500000e-05 -6.7260999000e-03 +7.6099020000e-04 +7.0751842000e-03 +1.6598734300e-02 +2.6332095000e-02 -6.8301166700e-02 +1.3545811000e-03 +1.0066347000e-03 -4.4491292000e-03 +3.4542400000e-05 +3.7597300000e-05 -8.9717600000e-05 -9.8955926000e-03 +1.0227496000e-03 +1.6075592000e-02 +2.4782021000e-03 -1.3821139000e-03 +7.0730160000e-04 -3.0107200000e-05 -7.3525300000e-05 +5.6872900000e-05 -5.9145769000e-03 +5.9307164000e-03 -7.2671831000e-03 -1.7953560000e-04 -2.2097000000e-05 +1.1116100000e-04 +4.3958300000e-05 -5.9178000000e-06 +2.2022410000e-04 -4.9689200000e-05 -1.5587330000e-04 -3.3572200000e-04
-2.3570387000e-03 +5.0051261000e-03 -2.3948370000e-04 -8.2474940000e-04 -8.6911320000e-04 +3.1664712000e-03 +1.2394091000e-03 -1.4374939000e-03 +1.1584082000e-03 +1.3630062000e-03 -1.5484011600e-02 +3.1109574500e-02 -5.1748460000e-04 +7.5331940000e-04 -1.8481425000e-03 +7.6747600000e-05 +5.7989500000e-05 +1.0458500000e-05 -1.1374360000e-04 +1.2770890000e-04 -8.4059040000e-04 -3.6025486000e-03 +3.9511703000e-03 -1.6160290000e-04 -1.0865639950e-01 +5.2042138800e-02 -4.9244962300e-02 +7.9612010000e-04 -1.9303712000e-03 +2.9728450000e-04 -4.9283330000e-04 -5.5332000000e-04 +1.5616941000e-03 +6.9305880000e-04 -2.7431750000e-04 -1.4336100000e-05 -3.7870400000e-05 +2.7945500000e-05 -9.9483000000e-06 -3.3693750000e-04 +4.9430070000e-04 -1.0074217000e-03 +2.6723008000e-03 +1.3021355900e-02 -2.6492923300e-02 +6.1434829730e-01 -1.9922910480e-01 -1.0751364850e-01 -8.8395650000e-04 +9.7973390000e-04 -1.0440939000e-03 +1.4367000000e-05 -1.1608100000e-05 -5.3759000000e-06 -3.0633760000e-04 -2.5977000000e-06 +4.7037340000e-04 -9.6317250000e-04 -4.4272200000e-03 +7.9559337000e-03 -2.4503844510e-01 +2.8481551500e-02 +1.4512975020e-01 -2.2880474250e-01 +1.1225281470e-01 -2.8163951100e-02 +1.1053430000e-03 -3.6235090000e-04 -4.4053870000e-04 +8.0875000000e-06 +8.5573000000e-06 -4.1549000000e-06 -2.0414600000e-05 +1.5399300000e-05 -1.2678400000e-05 +3.2464220000e-04 -5.1965330000e-04 +7.9704700000e-05 -3.8797705200e-02 +1.4637257300e-02 +1.2279612200e-02 +1.0187675000e-03 -1.1538563200e-02 +2.4562928400e-02 +6.6430000000e-07 -1.2957500000e-05 -3.3980000000e-07 -1.6456410000e-03 +4.1007192000e-03 -1.5717597000e-03 +1.3979571600e-02 -1.0679932000e-03 -6.0652248000e-03 +6.2174260000e-04 -7.5424980000e-04 -1.2862296000e-03 -4.1606434000e-03 +2.8244830000e-03 -2.1166793000e-03 -6.3401530000e-04 +5.5466200000e-05 +7.3581360000e-04 +1.4015790000e-04 -7.1365000000e-06 -4.2615120000e-04 -2.0763710000e-04 -3.5497130000e-04 -7.7715000000e-06
+2.6418229000e-03 +9.9367243000e-03 -8.1371959000e-03 -2.5813829000e-03 -5.7325440000e-04 +4.8542337000e-03 +1.8515918000e-03 -2.5387730000e-03 +2.2721722000e-03 -1.4093827200e-02 -2.6340643000e-03 +2.0118544000e-02 -4.8031880000e-04 +8.7237750000e-04 -2.9395366000e-03 +4.0820400000e-05 +1.5850130000e-04 +4.9535400000e-05 +1.2771330000e-04 +4.6833920000e-04 -2.5055978000e-03 +3.8130852000e-03 +2.8340287000e-03 -1.2836095000e-03 +4.6361596500e-02 -1.3319568380e-01 +1.2426058140e-01 -1.0155387000e-03 -1.4793857000e-03 -1.6721662000e-03 -8.2574400000e-04 -4.8950670000e-04 +1.6458923000e-03 +3.6701050000e-04 -6.0680560000e-04 +1.1735888000e-03 -5.2414300000e-05 +4.9628900000e-05 -3.1616700000e-05 -6.0183900000e-05 -4.5974430000e-04 +4.0065300000e-04 +1.7502200400e-02 -1.2956842600e-02 +1.6595779300e-02 -1.9922912150e-01 +3.0685193090e-01 -1.9483208910e-01 -7.0660070000e-04 +8.2669330000e-04 -8.1576660000e-04 +7.5559000000e-06 -1.4944700000e-05 -6.0135000000e-06 +1.6131180000e-04 +3.3812650000e-04 -6.0934010000e-04 -4.5110917000e-03 -2.6825184000e-03 +5.5983466000e-03 +3.8476262000e-02 -7.0967666500e-02 +1.0085173000e-03 +1.1228557150e-01 -1.0058684050e-01 +2.8040925600e-02 +3.4492880000e-04 -1.7070850000e-04 -7.1622000000e-05 +1.9479500000e-05 +2.1973400000e-05 -2.2020700000e-05 -2.3887400000e-05 +1.9478400000e-05 -1.9572800000e-05 -4.0761510000e-04 -3.6387770000e-04 -1.5193860000e-04 +7.9176615000e-03 +5.9449004000e-03 -1.6728292400e-02 -1.5164117800e-02 -8.8780370000e-04 +2.0360336000e-02 -4.4430000000e-07 -2.6125800000e-05 +2.1222000000e-06 +3.8784319000e-03 +1.8566777000e-03 +2.6671026000e-03 +7.0647922000e-03 +1.2856374000e-03 +2.7959834000e-03 -1.7077763000e-03 -9.4294680000e-04 -6.1887560000e-04 -1.7000692000e-03 +8.1459950000e-04 -1.0321825000e-03 +5.7981640000e-04 +6.3275300000e-05 -3.9511090000e-04 -5.2064360000e-04 -1.5358920000e-04 +3.0813680000e-04 -3.6085950000e-04 -6.1182590000e-04 -2.7990940000e-04
+4.7571501000e-03 -1.0640434900e-02 +2.4885160100e-02 +6.7892680000e-03 +3.0381003000e-03 -1.3194850000e-02 -5.8000995000e-03 +5.7571493000e-03 -6.5728604000e-03 +2.8184784600e-02 +2.1592793700e-02 -7.5678971100e-02 +7.6160690000e-04 -4.2443397000e-03 +7.4208233000e-03 +4.6531400000e-05 +3.0736000000e-05 +8.6130300000e-05 -8.4058410000e-04 -2.5055669000e-03 +5.5392931000e-03 +1.2945480000e-04 -1.4314423000e-03 +7.0234073000e-03 -3.7224708200e-02 +1.1823636100e-01 -2.6182386940e-01 -1.6368908000e-03 -7.0428260000e-04 +4.4287000000e-04 +2.1344544000e-03 +1.3533596000e-03 -5.2635579000e-03 -1.3706891000e-03 +1.8528662000e-03 -2.3363292000e-03 +1.5993120000e-04 -1.1669400000e-04 +8.5864600000e-05 +1.6575760000e-04 -1.8644640000e-04 -8.1046200000e-05 -3.5982984100e-02 +2.1354115900e-02 -3.3897357000e-03 -1.0751364740e-01 -1.9483205220e-01 +6.4096887700e-01 +2.5239375000e-03 -2.6023842000e-03 +2.9190283000e-03 -4.5928200000e-05 +1.4609400000e-05 +4.6212000000e-06 +1.2261490000e-04 -4.3400890000e-04 +9.2256700000e-04 +8.1295138000e-03 +5.5098160000e-03 -2.2569278700e-02 +1.2392885260e-01 +1.1590009200e-02 -2.0705480920e-01 -2.8200765600e-02 +2.8064852000e-02 -6.0619244400e-02 -1.9339257000e-03 +6.7879100000e-04 +5.8671030000e-04 -2.7008000000e-05 -1.0172800000e-05 +7.2377400000e-05 +7.0103800000e-05 -6.1572700000e-05 +5.2895100000e-05 -1.6108110000e-04 -3.4089700000e-05 -4.0371410000e-04 +2.6504998100e-02 -2.3840342100e-02 +2.4385942900e-02 +3.2215274800e-02 +1.6524052800e-02 -6.8030602500e-02 -2.6734600000e-05 +1.5291500000e-05 -2.9448900000e-05 -1.0879804000e-03 +2.4345852000e-03 +1.0691571000e-03 -2.3251174700e-02 +1.1421955400e-02 +6.6603242000e-03 +7.3258260000e-04 -1.6267531000e-03 +5.8281650000e-04 +7.4580431000e-03 -5.8347984000e-03 +3.9079609000e-03 -3.7683070000e-04 +1.6153930000e-04 +2.2330750000e-04 +6.6485790000e-04 -2.3874070000e-04 -4.6951570000e-04 +1.3065000000e-06 -2.8684420000e-04 -3.2229000000e-04
+6.6337899000e-03 -1.0230874000e-03 -5.9145793000e-03 -4.8487251000e-03 -3.2229620000e-03 +1.8496652700e-02 -2.6919499000e-03 +3.4169508000e-03 -3.9377664000e-03 -1.2140405000e-03 -1.6188974000e-03 +3.9961822000e-03 +3.0106415800e-02 -1.0535332500e-02 -4.3759826000e-03 -7.4305200000e-05 -5.4648200000e-05 -1.2177700000e-04 -4.1606467000e-03 -1.7000629000e-03 +7.4580532000e-03 -3.5339280000e-04 -3.3727150000e-04 +1.1783487000e-03 +2.6444216000e-03 -2.7258000000e-05 -2.3932644000e-03 -1.2039100000e-05 +1.3689600000e-05 -3.7827300000e-05 -1.2146013090e-01 +3.4400257900e-02 +6.4868686000e-03 -3.7124441000e-03 +1.0087186200e-02 -2.5429148100e-02 -6.5662400000e-05 +9.1086000000e-06 -6.0239400000e-05 +1.3077400000e-05 -9.0370000000e-07 -1.2992800000e-05 -1.1808900000e-03 +1.2685379000e-03 -1.4513639000e-03 -8.8395810000e-04 -7.0659610000e-04 +2.5239380000e-03 +5.9920257370e-01 -1.9683516360e-01 -9.9550452400e-02 -8.1509240000e-04 +1.1925638700e-02 -2.2489649000e-02 -5.4382292000e-02 +6.8707178000e-03 +4.7465122200e-02 -2.7751020000e-04 -5.2080350000e-04 +1.3625322000e-03 +2.0470768000e-03 -4.3304100000e-05 -2.1745014000e-03 -4.6896500000e-05 +4.4651300000e-05 -3.3144000000e-05 -2.7028996700e-01 +1.3422730090e-01 -5.1755105400e-02 -1.7518483880e-01 +1.1410262100e-02 +1.2663153130e-01 +3.8192860000e-04 +2.6048291000e-03 +3.4464092000e-03 +7.1009500000e-05 -3.1143600000e-05 -1.0949600000e-05 -5.1718830000e-04 +1.1979246000e-03 -1.9991071000e-03 -9.9661140000e-04 -5.7442550000e-04 +2.2727411000e-03 +1.4040850000e-03 -3.2805740000e-04 +1.2843010000e-03 -4.5002720000e-04 -6.6717080000e-04 +1.9108701000e-03 +2.5075719000e-03 -7.4695570000e-04 -1.0645056000e-03 -2.5316300000e-05 +2.0162800000e-05 -1.7800600000e-05 -1.4000894000e-03 +1.4902738000e-03 -1.6668827000e-03 +3.4299600000e-05 -1.3775100000e-05 -7.3057000000e-06 +3.3330000000e-06 -6.6030000000e-07 -6.5481000000e-06 -5.5710000000e-06 +1.0187000000e-06 -2.6787000000e-06
-7.1689779000e-03 -1.9864200000e-04 +5.9307142000e-03 +4.9018224000e-03 +1.0361164500e-02 -1.4121778700e-02 +3.4232172000e-03 -2.7409627000e-03 +3.0445447000e-03 +7.2061340000e-04 +9.2274590000e-04 -4.1332018000e-03 -2.8371959800e-02 +2.9944373000e-03 +3.4349466700e-02 -1.5234790000e-04 -1.6996110000e-04 -1.0977960000e-04 +2.8244722000e-03 +8.1458560000e-04 -5.8347945000e-03 +5.7108100000e-05 +3.2207110000e-04 -5.5473190000e-04 -2.4338428000e-03 +3.3149310000e-04 +2.5714230000e-03 -1.0101300000e-05 -2.8774000000e-05 +2.8555700000e-05 +6.4766007100e-02 -1.4573395260e-01 +1.4110823810e-01 +4.4160343000e-03 -1.7698048700e-02 +1.6784704200e-02 +3.7418800000e-05 -1.1069400000e-04 -2.2648000000e-05 -5.9766200000e-05 +1.6960200000e-05 +2.3374300000e-05 +1.2128697000e-03 -1.1831459000e-03 +1.1787272000e-03 +9.7973300000e-04 +8.2669260000e-04 -2.6023832000e-03 -1.9683519600e-01 +3.1459393670e-01 -2.1733373310e-01 +7.5689050000e-04 -4.0364527000e-03 +1.1579813700e-02 +2.7831137300e-02 +9.8453929000e-03 -4.2060689300e-02 +1.8557620000e-04 +4.9631670000e-04 -1.3126754000e-03 -2.1911199000e-03 -7.5783500000e-05 +2.2894855000e-03 +5.2151500000e-05 -3.3863400000e-05 +3.9165400000e-05 +1.0078788110e-01 -1.3006189570e-01 +5.9343219700e-02 +1.0973079400e-02 -4.1523705000e-02 +5.4236776000e-03 +2.1871152000e-03 +6.2346951000e-03 +3.1514695000e-03 -8.9457500000e-05 +3.6471600000e-05 +1.2547300000e-05 +5.0444750000e-04 -1.2373274000e-03 +2.0624958000e-03 +1.0863357000e-03 +6.1405650000e-04 -2.4602580000e-03 +1.0356438500e-02 -3.5326776000e-03 +6.7956770000e-04 +4.6809460000e-04 +7.3907290000e-04 -2.0267505000e-03 -2.6902286000e-03 +8.2346650000e-04 +1.1503143000e-03 +2.3982400000e-05 -2.1826800000e-05 +1.6608000000e-05 +1.4902659000e-03 -1.5914482000e-03 +1.7952321000e-03 -3.7925900000e-05 +1.4899800000e-05 +7.8855000000e-06 -5.2574000000e-06 -3.1336000000e-06 +4.9311000000e-06 +3.4878000000e-06 -6.1964000000e-06 -2.7195000000e-06
+7.0906319000e-03 -5.8229950000e-04 -7.2672026000e-03 +1.3017639000e-03 -5.5029509000e-03 +1.6411353600e-02 -3.9563752000e-03 +3.0499105000e-03 -1.8493622000e-03 -9.4849220000e-04 -1.6563937000e-03 +3.8364530000e-03 +3.3402954000e-02 +1.5393721400e-02 -6.3163948100e-02 +8.5375600000e-05 -2.1349260000e-04 +6.3718300000e-05 -2.1166810000e-03 -1.0321627000e-03 +3.9079770000e-03 +3.4848490000e-04 -1.3842410000e-04 +8.9976000000e-06 +2.6949290000e-03 +2.3459300000e-05 -2.5747906000e-03 +1.2628300000e-05 +3.3084000000e-06 -4.0706800000e-05 -5.7859089600e-02 +1.7339285860e-01 -3.5297643290e-01 -1.3456863300e-02 +1.0781272400e-02 -1.6090072900e-02 -1.1881250000e-04 +6.2749000000e-06 +8.8667000000e-06 +1.1114190000e-04 -3.8391000000e-05 -3.7330900000e-05 -1.3343026000e-03 +1.1196936000e-03 -9.7241730000e-04 -1.0440981000e-03 -8.1576800000e-04 +2.9190292000e-03 -9.9550461500e-02 -2.1733369460e-01 +6.8026348390e-01 +1.1875845000e-03 -2.8760320000e-04 +1.1706567000e-03 +3.0599366000e-03 -1.9792717800e-02 +4.2632736600e-02 -1.3126880000e-04 -5.6461620000e-04 +1.3018658000e-03 +2.3704216000e-03 +1.3577900000e-05 -2.6318144000e-03 -4.9172100000e-05 +4.7277500000e-05 -3.6906300000e-05 +1.9094364600e-02 +2.3807270200e-02 -1.2222656700e-01 +1.2756107100e-01 +4.9470634000e-03 -1.7975631920e-01 +4.3424825000e-03 +2.6999764000e-03 -1.5247020000e-03 +1.1190540000e-04 -4.8611200000e-05 -1.7045600000e-05 -5.3022290000e-04 +1.3263728000e-03 -2.2565033000e-03 -1.2457883000e-03 -6.9614810000e-04 +2.7956420000e-03 -2.1339893400e-02 +1.2029188900e-02 -8.2927590000e-04 -4.9498330000e-04 -8.2019170000e-04 +2.2818117000e-03 +3.0540575000e-03 -9.1539050000e-04 -1.2895138000e-03 -2.5955800000e-05 +2.0740600000e-05 -1.8192200000e-05 -1.6668832000e-03 +1.7952404000e-03 -2.0299174000e-03 +4.3631900000e-05 -1.7486100000e-05 -9.2048000000e-06 +3.6607000000e-06 -4.8810000000e-07 -7.1724000000e-06 -7.6853000000e-06 -3.4390000000e-07 +2.7854000000e-06
-8.4062600000e-05 +6.4799700000e-05 -1.7953900000e-04 +8.6857290000e-04 -7.2528380000e-04 -1.6045023000e-03 +4.9326400000e-05 -7.0811300000e-05 -4.2047900000e-05 +6.2289300000e-05 +4.4367400000e-05 +1.6010000000e-06 -1.3392681800e-02 +1.0063311600e-02 -6.2891089000e-03 +2.7634000000e-05 -1.4575500000e-05 +3.8194500000e-04 -6.3401370000e-04 +5.7981690000e-04 -3.7682400000e-04 +5.7815700000e-05 +1.3050500000e-05 -1.0090060000e-04 -2.7873500000e-05 +3.2412000000e-06 +1.7512800000e-05 -2.1852000000e-06 -1.7868600000e-05 +7.1406000000e-06 -2.3119106860e-01 +1.1327594960e-01 -2.7604703900e-02 +5.7837120000e-04 +6.6683010000e-04 +3.9280151000e-03 -1.7249010000e-04 +3.8315400000e-05 +1.6551780000e-04 -6.4394000000e-06 +8.4817000000e-06 +6.8546000000e-06 -2.8339400000e-05 -3.7050800000e-05 +1.0970380000e-04 +1.4370100000e-05 +7.5516000000e-06 -4.5925600000e-05 -8.1509700000e-04 +7.5689450000e-04 +1.1875852000e-03 +2.4258581830e-01 -1.2472044510e-01 +2.9840947400e-02 +3.6910820000e-04 -4.6715640000e-04 -1.7907830000e-04 +4.2542900000e-05 +2.2566200000e-05 -9.4845500000e-05 -5.3755500000e-05 +8.5014000000e-06 +4.8732700000e-05 +2.2444000000e-06 -8.9770000000e-07 +2.1457000000e-06 +2.2674591000e-03 +2.8209522000e-03 +9.7851140000e-04 -1.1225120000e-04 -1.7417046000e-03 -1.9261400000e-05 -2.4934800000e-04 -3.7204040000e-04 -2.0744440000e-04 -2.3354000000e-06 +1.8319000000e-06 +8.0430000000e-07 +7.0340000000e-06 -4.5738800000e-05 +8.9981500000e-05 +1.3922400000e-05 +1.2876500000e-05 -4.2717200000e-05 -1.8046600000e-04 -1.7272650000e-04 +1.8273500000e-05 +2.4001000000e-05 +1.7066900000e-05 -6.3078300000e-05 -5.2973900000e-05 +1.7006000000e-05 +1.8230300000e-05 +1.3314000000e-06 -2.6570000000e-07 +1.0301000000e-06 +3.4295600000e-05 -3.7928500000e-05 +4.3633700000e-05 -8.7550000000e-07 +6.7160000000e-07 +4.7840000000e-07 -1.0660000000e-07 +3.0660000000e-07 +7.0220000000e-07 +2.1910000000e-07 +8.0700000000e-08 +6.4000000000e-07
+2.6057200000e-05 -1.2660150000e-04 -2.2101200000e-05 -1.6778117000e-03 -1.0623568000e-03 -3.9696250000e-04 -7.4759500000e-05 -6.2819200000e-05 -6.6689400000e-05 +3.9641100000e-05 +1.0825180000e-04 +5.0986500000e-05 -3.7272500000e-04 +7.4442620000e-04 +4.2202310000e-04 +3.7720550000e-04 +2.3656450000e-04 -1.4171640000e-04 +5.5462600000e-05 +6.3277500000e-05 +1.6154120000e-04 -2.2415400000e-05 -1.5388900000e-05 +3.2176200000e-05 +1.0577500000e-05 -5.4684000000e-06 -9.7909000000e-06 -1.0892500000e-05 -2.0175400000e-05 -1.1612700000e-05 +1.1269936690e-01 -1.0056973530e-01 +2.7250775700e-02 +1.2355245000e-03 +4.1996307000e-03 +1.6751631000e-03 +3.5779700000e-05 +4.1489100000e-05 +2.5699000000e-06 +8.3154000000e-06 +1.0013800000e-05 +5.9197000000e-06 +9.0678000000e-06 +1.6737700000e-05 -4.2376400000e-05 -1.1611000000e-05 -1.4944100000e-05 +1.4611900000e-05 +1.1925639700e-02 -4.0364510000e-03 -2.8760780000e-04 -1.2472045430e-01 +9.8839717700e-02 -3.0568933600e-02 -5.3370120000e-04 -3.5507980000e-04 -2.2960650000e-04 -1.6657200000e-05 -1.0984600000e-05 +3.6799400000e-05 +2.5495500000e-05 +4.2205000000e-06 -1.6533100000e-05 +1.3090000000e-07 +2.3293000000e-06 +1.8570000000e-07 +2.3991384000e-03 +5.3298219000e-03 +4.8482835000e-03 -1.2838673000e-03 -1.9661043000e-03 -2.1129978000e-03 -3.6177750000e-04 -8.1911530000e-04 -3.9558190000e-04 +1.7561000000e-06 +1.0054000000e-06 +4.6940000000e-07 -3.0718000000e-06 +1.8590300000e-05 -3.4906400000e-05 -5.9991000000e-06 -5.8256000000e-06 +1.7393600000e-05 +2.4764000000e-04 -5.4711580000e-04 -1.8093840000e-04 -9.6601000000e-06 -7.9626000000e-06 +2.4331000000e-05 +2.0739000000e-05 -8.4828000000e-06 -8.1451000000e-06 +1.7110000000e-07 +1.5529000000e-06 +2.9330000000e-07 -1.3771400000e-05 +1.4900400000e-05 -1.7485900000e-05 +6.7050000000e-07 +5.0350000000e-07 +1.5470000000e-07 +5.0310000000e-07 +8.3020000000e-07 +1.4450000000e-07 +2.9860000000e-07 +7.6790000000e-07 +1.5790000000e-07
-9.6664500000e-05 -6.2651400000e-05 +1.1115930000e-04 +4.1077320000e-04 -1.4073638000e-03 +4.5597660000e-04 -3.4100200000e-05 -7.1244000000e-05 +5.5403600000e-05 +1.1020500000e-05 +4.5089200000e-05 +4.4626300000e-05 +1.5822014600e-02 -1.0666521500e-02 +6.5479047000e-03 -4.4813090000e-04 +2.7391360000e-04 +2.5375510000e-04 +7.3581050000e-04 -3.9511690000e-04 +2.2330490000e-04 -2.5703300000e-05 -5.2256000000e-06 +2.6919300000e-05 +2.5780000000e-06 -1.7548000000e-06 -3.7470000000e-06 -7.6060000000e-06 -4.1664000000e-06 -1.4181200000e-05 -2.6374974800e-02 +2.6639773000e-02 -5.9664922900e-02 +2.7315900000e-03 +2.2695839000e-03 -2.1028546000e-03 +1.7189910000e-04 -9.4900000000e-08 -1.2099950000e-04 +7.2123000000e-06 +5.7373000000e-06 -2.8268000000e-06 +1.1972500000e-05 +6.4633000000e-06 -2.5128900000e-05 -5.3747000000e-06 -6.0121000000e-06 +4.6191000000e-06 -2.2489649400e-02 +1.1579811700e-02 +1.1706616000e-03 +2.9840946800e-02 -3.0568931500e-02 +5.4983586900e-02 -3.1625100000e-05 -2.9859040000e-04 -6.4509500000e-05 -1.1801300000e-05 -4.6462000000e-06 +2.0401600000e-05 +1.2951200000e-05 +1.4640000000e-06 -7.6874000000e-06 -2.6500000000e-08 +1.2744000000e-06 -1.8940000000e-07 +1.8736669000e-03 +4.3993035000e-03 -2.5052483000e-03 -9.9576300000e-04 -1.6244588000e-03 +8.9827100000e-04 -2.3105290000e-04 -3.8321770000e-04 -1.2861850000e-04 +9.9040000000e-07 +3.7650000000e-07 +2.5600000000e-07 -5.3780000000e-07 +1.0293100000e-05 -2.0655700000e-05 -2.5816000000e-06 -2.6939000000e-06 +7.8194000000e-06 -8.7523910000e-04 +2.6800950000e-04 -1.4379790000e-04 -6.3399000000e-06 -3.8659000000e-06 +1.3604300000e-05 +9.9997000000e-06 -4.0852000000e-06 -3.8870000000e-06 +1.1070000000e-07 +7.5250000000e-07 +5.9800000000e-08 -7.3073000000e-06 +7.8862000000e-06 -9.2075000000e-06 +4.8050000000e-07 +1.5370000000e-07 +7.5200000000e-08 +2.7650000000e-07 +3.6070000000e-07 +9.1400000000e-08 +1.8630000000e-07 +3.8690000000e-07 -3.0600000000e-08
+1.6012247000e-03 -1.8773449000e-03 +1.3545821000e-03 -3.4404673000e-03 +3.8957263000e-03 +7.7547340000e-04 -2.5713114000e-03 +5.4305712000e-03 -5.8925900000e-04 -1.7203900000e-05 +2.6746490000e-04 -1.3766940000e-03 +6.3970985000e-03 +1.2760413800e-02 -2.8472739900e-02 -3.4608420000e-04 +3.6886480000e-04 -1.0665889000e-03 +1.0187841000e-03 -1.5163994500e-02 +3.2215218600e-02 -8.0964370000e-04 -8.6224140000e-04 +2.9255305000e-03 +6.0297940000e-04 -4.3082280000e-04 +5.6375480000e-04 -2.6020100000e-05 +4.4374900000e-05 -1.1259300000e-05 -1.8645109000e-03 -9.7407711000e-03 +1.8304216200e-02 -1.0779885850e-01 +4.9300196100e-02 -4.8797684600e-02 +7.7617630000e-04 -1.9085871000e-03 +2.2523900000e-04 +6.7463800000e-05 +6.4110300000e-05 -4.2538000000e-06 -4.3846130000e-04 +6.8589730000e-04 -1.7071523000e-03 -3.0633840000e-04 +1.6131240000e-04 +1.2261980000e-04 -5.4382287100e-02 +2.7831134400e-02 +3.0599376000e-03 +3.6910660000e-04 -5.3369780000e-04 -3.1627900000e-05 +6.5741165460e-01 -2.0534519680e-01 -1.4406247350e-01 -5.4942220000e-04 -5.6034360000e-04 +1.6331544000e-03 +8.3000670000e-04 -9.8904700000e-05 -7.4990060000e-04 -4.7347900000e-05 +3.4270600000e-05 -2.4445800000e-05 -2.7186384140e-01 +1.7219737300e-02 +2.0296379740e-01 -1.8244814000e-03 +3.9744323000e-03 -3.1658420000e-04 -2.2896008290e-01 +1.1358405790e-01 -3.0334223600e-02 +2.8180500000e-05 -1.6551400000e-05 -9.4697000000e-06 -6.7118000000e-05 +8.5021660000e-04 -1.6795465000e-03 -6.1823650000e-04 -2.0103920000e-04 +1.0606725000e-03 +6.7313710000e-03 +1.8878430000e-04 -5.7567889000e-03 -4.1203180000e-04 -5.6360620000e-04 +1.6892399000e-03 +1.5098975000e-03 -4.4314150000e-04 -6.4739960000e-04 -1.5865200000e-05 +1.2555600000e-05 -1.0901600000e-05 -9.9660850000e-04 +1.0863350000e-03 -1.2457887000e-03 +1.3919600000e-05 -5.9978000000e-06 -2.5804000000e-06 -1.9640000000e-07 -3.1444000000e-06 +7.5258000000e-06 -1.4519000000e-06 -5.0723000000e-06 -3.6063000000e-06
+1.8274946000e-03 -2.2590014000e-03 +1.0066308000e-03 +3.6706287000e-03 +2.7201047000e-03 +1.0628638000e-03 +2.7474498000e-03 +9.3942326000e-03 -6.4575014000e-03 -1.4057750000e-04 +6.1722400000e-05 -1.6362165000e-03 +1.7313827900e-02 -1.0457100200e-02 +1.4394156100e-02 -1.2627620000e-04 -6.7594030000e-04 +2.6254260000e-04 -1.1538521200e-02 -8.8765290000e-04 +1.6523829000e-02 -2.1348731000e-03 -5.1910050000e-04 +3.8495893000e-03 +6.1665930000e-04 -4.8317850000e-04 +9.4931380000e-04 -1.5090800000e-05 +6.8368400000e-05 -1.8545100000e-05 -6.3082120000e-03 -4.8452767000e-03 +8.3375307000e-03 +4.1237236300e-02 -1.2926794420e-01 +1.1247427000e-01 -9.7398650000e-04 -1.5444088000e-03 -1.6740552000e-03 +5.7969800000e-05 +1.4495850000e-04 +3.6877500000e-05 -2.2911150000e-04 +6.7551740000e-04 -2.6263243000e-03 -2.5936000000e-06 +3.3812670000e-04 -4.3401000000e-04 +6.8707189000e-03 +9.8453951000e-03 -1.9792722200e-02 -4.6715850000e-04 -3.5508010000e-04 -2.9858830000e-04 -2.0534521350e-01 +2.9799249240e-01 -1.7386039910e-01 -8.3174340000e-04 -4.6240530000e-04 +1.5913120000e-03 +4.2248140000e-04 -2.4510460000e-04 -8.8624300000e-05 -3.5052200000e-05 +2.5353100000e-05 -2.0853600000e-05 +4.7583397200e-02 -7.3360730100e-02 +5.8423895000e-03 +4.2135801000e-03 +2.5638385000e-03 +2.3823804000e-03 +1.1300606250e-01 -1.0172151910e-01 +2.9170769900e-02 +6.7381000000e-06 -1.2313200000e-05 -1.1149700000e-05 -6.6707900000e-05 +6.9114390000e-04 -1.2931291000e-03 -2.0103140000e-04 -5.0858200000e-05 +2.7729650000e-04 -1.0918676200e-02 +2.4980851000e-03 +9.9562221000e-03 -3.5952610000e-04 -2.7649390000e-04 +1.0815902000e-03 +6.9305310000e-04 -2.0513520000e-04 -2.6498190000e-04 -1.4246400000e-05 +1.1248900000e-05 -1.1339800000e-05 -5.7442120000e-04 +6.1404850000e-04 -6.9613990000e-04 +1.2877400000e-05 -5.8264000000e-06 -2.6932000000e-06 +4.0470000000e-06 -2.5310000000e-06 +2.8453000000e-06 -1.2052000000e-06 -7.0557000000e-06 -1.5134200000e-05
-6.4886990000e-03 +4.9411591000e-03 -4.4491198000e-03 +1.2507688000e-03 +8.1491590000e-04 +2.0005510000e-03 +5.0893700000e-03 -9.3189654000e-03 +2.2034845900e-02 -5.1460570000e-04 -2.0734037000e-03 +4.1497859000e-03 -3.8138611800e-02 +1.9263264300e-02 +4.7704058000e-03 -1.8025500000e-05 -2.6293450000e-04 -3.8668300000e-05 +2.4562841200e-02 +2.0360124600e-02 -6.8030722300e-02 +5.6296152000e-03 +2.5087335000e-03 -1.1028105100e-02 -1.6541595000e-03 +2.0626001000e-03 -2.3375517000e-03 +1.1483150000e-04 -8.1430700000e-05 +1.0343750000e-04 +1.1005375900e-02 +1.1995673300e-02 -4.1184319300e-02 -3.1712879100e-02 +1.0389195740e-01 -2.4171909810e-01 -1.7513243000e-03 -6.7867510000e-04 +4.7960570000e-04 +8.1619000000e-06 +3.0073600000e-05 +1.1797120000e-04 +2.2768030000e-04 -3.6016561000e-03 +6.6951178000e-03 +4.7036640000e-04 -6.0934400000e-04 +9.2256970000e-04 +4.7465124700e-02 -4.2060691900e-02 +4.2632738000e-02 -1.7907660000e-04 -2.2960740000e-04 -6.4510400000e-05 -1.4406247160e-01 -1.7386036030e-01 +6.3416702210e-01 +2.2110287000e-03 +1.3061685000e-03 -5.2334388000e-03 -1.8562616000e-03 +4.6454880000e-04 +9.0810080000e-04 +1.2231340000e-04 -9.4502300000e-05 +6.8030100000e-05 +1.3860934690e-01 +3.8106842500e-02 -2.7497972740e-01 -8.1579890000e-04 +2.6368931000e-03 +1.0849650000e-03 -2.9108179000e-02 +2.8565788100e-02 -6.0745236100e-02 -5.9493100000e-05 +1.3247200000e-05 +1.9289100000e-05 +2.6221410000e-04 -2.2675289000e-03 +4.5707334000e-03 +1.0606824000e-03 +2.7731170000e-04 -1.7343718000e-03 +1.7810183300e-02 -1.8574273000e-03 -1.3260019300e-02 +1.2563113000e-03 +1.2980747000e-03 -4.0324292000e-03 -3.0532668000e-03 +9.4232730000e-04 +1.2664064000e-03 +4.5604500000e-05 -3.9968100000e-05 +3.4265800000e-05 +2.2727482000e-03 -2.4602589000e-03 +2.7956444000e-03 -4.2718500000e-05 +1.7393600000e-05 +7.8200000000e-06 -7.4239000000e-06 +1.0573300000e-05 -1.3153200000e-05 -1.1570600000e-05 -1.0881300000e-05 +2.1163800000e-05
-4.6279120000e-03 +1.1755878000e-03 +1.8461979000e-03 +1.5652865000e-03 +3.2084720000e-04 -3.0288705000e-03 +1.0468706400e-02 +4.1211296000e-03 -1.1949172100e-02 -5.0735930000e-04 +4.1691576000e-03 -3.9000369000e-03 -1.3655358000e-03 +1.3039900000e-04 +1.3133762000e-03 +9.5969300000e-05 -3.7115600000e-05 -1.4680100000e-05 -8.2474750000e-04 -2.5813880000e-03 +6.7892770000e-03 +1.7869260000e-03 -1.4043635200e-02 +2.7619888900e-02 -3.7011294200e-02 +1.2936057400e-02 +1.5731090400e-02 -7.2446560000e-04 -1.0500440000e-04 +6.7010410000e-04 +5.0075690000e-04 +2.5418110000e-04 -9.3065540000e-04 +2.4759973000e-03 -1.3551410000e-04 -3.1410404000e-03 +8.7447300000e-05 +4.1904600000e-05 +3.2806600000e-05 +6.2623640000e-04 -1.0358206000e-03 -1.4139202000e-03 -2.4106409690e-01 +3.1125915800e-02 +1.3534148390e-01 -9.6316810000e-04 -4.5110920000e-03 +8.1295066000e-03 -2.7751300000e-04 +1.8557680000e-04 -1.3127060000e-04 +4.2546900000e-05 -1.6658900000e-05 -1.1799700000e-05 -5.4941710000e-04 -8.3173950000e-04 +2.2110235000e-03 +6.0837938940e-01 -2.0000775350e-01 -9.9911868200e-02 +3.6273899000e-03 +1.2794570500e-02 -2.8800636500e-02 +1.5826010000e-04 -4.2762400000e-04 +5.5477100000e-05 +1.4900001000e-03 -4.3384780000e-04 -5.7138060000e-04 -2.3092100000e-05 -3.0957000000e-06 +4.4138000000e-06 -1.4256000000e-05 +4.1306000000e-06 -8.8967000000e-06 -2.2894789620e-01 +1.1232391830e-01 -2.7846720700e-02 -1.1185024870e-01 +5.3831393900e-02 -4.9630038200e-02 -3.4405003000e-03 +3.6705974000e-03 +1.2507653000e-03 +1.5708200000e-05 +2.0243500000e-05 -3.7211800000e-05 +3.2487886000e-03 -1.4900215400e-02 +2.9301390400e-02 +1.8236973000e-03 -1.0144500000e-03 -3.4819410000e-04 -2.1076320000e-04 +6.2915020000e-04 -9.2859800000e-04 -4.8487546000e-03 +4.9018137000e-03 +1.3017599000e-03 +8.6858710000e-04 -1.6778048000e-03 +4.1077160000e-04 -1.0757030000e-04 -3.4918070000e-04 -1.2895340000e-04 +9.6895400000e-05 -5.2462270000e-04 +7.2461200000e-04
-2.1129857000e-03 +2.8868490000e-04 +4.9086800000e-04 +3.2084920000e-04 -3.4117600000e-04 -9.9831290000e-04 +6.4813750000e-03 +3.7558423000e-03 +8.7050780000e-04 +4.3065318000e-03 +1.3423786000e-03 +1.3479634000e-03 -5.1126950000e-04 +3.8562110000e-04 +4.9643000000e-06 +4.3358400000e-05 -1.4908200000e-05 +3.5311000000e-06 -8.6912620000e-04 -5.7326920000e-04 +3.0381480000e-03 -1.5431437000e-02 -2.8330212000e-03 +2.1956796600e-02 +8.4481762000e-03 +6.1704391000e-03 -1.4266298400e-02 +4.4984970000e-04 -2.7295920000e-04 -5.3420700000e-04 +9.0381700000e-05 -5.0323000000e-05 +2.8987470000e-04 +1.0976556000e-03 -5.7020800000e-04 -1.5585575000e-03 +5.9114900000e-05 +1.5319110000e-04 +4.0964300000e-05 -1.9477192000e-03 -1.3972812000e-03 -8.5636980000e-04 +3.6816548000e-02 -6.9334240500e-02 -7.0616850000e-04 -4.4272214000e-03 -2.6825162000e-03 +5.5098171000e-03 -5.2079850000e-04 +4.9631720000e-04 -5.6461520000e-04 +2.2562900000e-05 -1.0982100000e-05 -4.6466000000e-06 -5.6034470000e-04 -4.6240590000e-04 +1.3061722000e-03 -2.0000777900e-01 +3.0967575890e-01 -1.9990709490e-01 +1.9524882800e-02 -1.4501087900e-02 +1.4249431200e-02 -5.3972930000e-04 -2.8514000000e-04 -1.8118330000e-04 +1.2526883000e-03 -3.1855830000e-04 -4.7152260000e-04 -1.5665000000e-05 -1.4671000000e-05 -6.0602000000e-06 -1.4912700000e-05 -1.1290000000e-06 -1.1244700000e-05 +1.1229476790e-01 -1.0056813840e-01 +2.7835329800e-02 +4.3818190800e-02 -1.3511501390e-01 +1.3109520560e-01 +3.8957026000e-03 +2.7201324000e-03 +8.1492970000e-04 +9.4664000000e-06 +1.8260800000e-05 -3.6012000000e-06 -1.1281013600e-02 -1.9532057000e-03 +1.8511820600e-02 +3.5082158000e-03 -2.0705167000e-03 -4.5351380000e-04 +1.0322280000e-04 -1.4068070000e-04 +5.4209660000e-04 -3.2230020000e-03 +1.0361200300e-02 -5.5029407000e-03 -7.2527360000e-04 -1.0623558000e-03 -1.4073590000e-03 -3.4444010000e-04 -6.6024370000e-04 -1.9510190000e-04 -1.0829400000e-05 -1.3379350000e-04 -2.7963000000e-04
+8.8051090000e-03 -2.9937523000e-03 -3.5337140000e-03 -3.0288601000e-03 -9.9830880000e-04 +4.6698937000e-03 -1.6952242500e-02 +3.3696228000e-03 +1.8239984700e-02 -4.1941403000e-03 +1.4918494000e-03 +5.4192005000e-03 +2.6682921000e-03 -6.7537830000e-04 -1.2711204000e-03 -1.8435080000e-04 +8.8751500000e-05 +1.6564600000e-05 +3.1664669000e-03 +4.8542244000e-03 -1.3194827800e-02 +3.0555491400e-02 +2.0488988000e-02 -7.5891139000e-02 +2.5217207100e-02 -1.9026820400e-02 +1.7167690500e-02 -5.0213960000e-04 +5.3482500000e-05 +1.1961220000e-04 -5.8206850000e-04 +1.1546060000e-04 +5.0513100000e-04 -5.7487005000e-03 -2.5122520000e-04 +5.8695635000e-03 -3.5840000000e-06 +5.9147200000e-05 +8.0790500000e-05 +5.1578820000e-04 -1.8237323000e-03 +5.3178570000e-04 +1.2333967010e-01 +5.3324264000e-03 -1.9318639830e-01 +7.9559285000e-03 +5.5983442000e-03 -2.2569273900e-02 +1.3625309000e-03 -1.3126812000e-03 +1.3018676000e-03 -9.4849000000e-05 +3.6799300000e-05 +2.0400100000e-05 +1.6331479000e-03 +1.5913092000e-03 -5.2334374000e-03 -9.9911871400e-02 -1.9990703220e-01 +6.4393655430e-01 -4.3020058600e-02 +2.1362081600e-02 +2.4052276000e-03 +2.9630650000e-04 -2.9897990000e-04 -3.1594170000e-04 -4.1363829000e-03 +1.3182253000e-03 +1.6900667000e-03 +3.0652300000e-05 -1.9429800000e-05 -1.7175400000e-05 +3.1935300000e-05 -3.1322000000e-05 +1.9393900000e-05 -2.7814335600e-02 +2.7811123300e-02 -6.0493911600e-02 -2.8457200100e-02 +1.2047934850e-01 -2.7603019980e-01 +7.7547090000e-04 +1.0628732000e-03 +2.0005525000e-03 -1.3914500000e-05 -1.4740500000e-05 +6.8449200000e-05 +2.1645678100e-02 +2.2347355900e-02 -6.9186180900e-02 -9.9243050000e-03 +4.3485194000e-03 +8.0903210000e-04 +1.8297030000e-04 -1.5005300000e-05 +3.8110000000e-06 +1.8496641100e-02 -1.4121783900e-02 +1.6411336700e-02 -1.6045105000e-03 -3.9698360000e-04 +4.5597290000e-04 -1.3968490000e-04 -1.9030150000e-04 -3.7395730000e-04 -3.6608150000e-04 +2.6751830000e-04 -4.4559400000e-04
+1.5895342000e-03 -6.1450588000e-03 +9.6860028000e-03 +2.4759855000e-03 +1.0976366000e-03 -5.7487202000e-03 -5.4880284000e-03 +1.9039613000e-03 +1.9335739000e-03 +1.1301944400e-02 +6.5525160000e-03 -1.7958140500e-02 +1.0704185000e-03 -2.4066446000e-03 +4.4606420000e-03 -5.4366800000e-05 +5.6159000000e-06 +1.1928600000e-05 +6.9306090000e-04 +3.6701190000e-04 -1.3706890000e-03 +1.1434283000e-03 +1.8745402000e-03 -5.6001016000e-03 +1.0747111800e-02 -2.2675313700e-02 +4.1928423800e-02 -5.0727500000e-05 -3.3086000000e-05 -6.7004700000e-05 +1.1637172000e-03 +9.9112600000e-04 -3.2871432000e-03 -2.7984172000e-03 +7.0921660000e-04 +1.5035731000e-03 +7.8133100000e-05 -5.7385800000e-05 +4.2308500000e-05 +2.5590000000e-05 -1.7945700000e-05 -3.9959900000e-05 -2.0603253800e-02 +1.6296869000e-03 +1.2426367600e-02 -2.4503844060e-01 +3.8476257100e-02 +1.2392885900e-01 +2.0470764000e-03 -2.1911155000e-03 +2.3704207000e-03 -5.3758900000e-05 +2.5496100000e-05 +1.2953500000e-05 +8.3001580000e-04 +4.2248380000e-04 -1.8562657000e-03 +3.6273891000e-03 +1.9524884800e-02 -4.3020059500e-02 +6.1570122190e-01 -1.8295439690e-01 -1.1987360650e-01 -1.2997205500e-02 +2.4933710000e-04 +1.5907299600e-02 -2.8975893000e-03 +9.2614210000e-04 +1.1063807000e-03 -2.3697000000e-06 -6.0637000000e-06 +3.1303600000e-05 +4.8480400000e-05 -4.1067300000e-05 +3.5834100000e-05 +2.1899628000e-03 +1.5196784000e-03 +1.8248800000e-03 -2.2854880770e-01 +8.3535363300e-02 -2.3600688000e-03 -1.0779893070e-01 +4.1237187500e-02 -3.1712755200e-02 -1.1653200000e-05 +1.4185300000e-05 +1.0240700000e-05 -3.3183587100e-02 +8.2235030000e-03 +2.3170488600e-02 +1.0624140600e-02 -1.2769496000e-02 +2.1042656400e-02 -1.8848073000e-03 +1.1388127200e-02 -2.1304012700e-02 -3.7124184000e-03 +4.4160455000e-03 -1.3456868800e-02 +5.7837100000e-04 +1.2355186000e-03 +2.7315920000e-03 -1.0786218000e-03 +3.2581706000e-03 +4.1600640000e-03 +2.6740210000e-04 -2.8610370000e-04 -6.7039560000e-04
-1.3631572000e-03 -6.4828130000e-04 -4.3221600000e-04 -1.3550820000e-04 -5.7020360000e-04 -2.5123740000e-04 +1.5504203000e-03 +6.5852440000e-04 -2.7388333000e-03 +3.2602579000e-03 +3.5350881000e-03 +4.7684615000e-03 -1.5167360000e-04 +4.6559990000e-04 +1.7436830000e-04 +4.1199000000e-06 -2.9427600000e-05 -7.4034000000e-06 -2.7431070000e-04 -6.0680190000e-04 +1.8528587000e-03 -1.0556853000e-03 -2.1606739000e-03 +4.8474304000e-03 -1.2545205000e-02 +5.2090445000e-03 +1.2930260600e-02 +2.5607600000e-05 -1.6479020000e-04 -6.0010900000e-05 +7.5151600000e-05 +9.8747300000e-05 -1.8940820000e-04 +7.0919810000e-04 +6.0912900000e-05 -8.0455880000e-04 +2.3584900000e-05 -1.5655500000e-05 +1.5488000000e-05 -1.7565300000e-05 -2.5589100000e-05 -2.7502400000e-05 +1.5196456000e-03 -9.9296800000e-04 -1.1412039600e-02 +2.8481553400e-02 -7.0967666300e-02 +1.1590003000e-02 -4.3306000000e-05 -7.5784900000e-05 +1.3573500000e-05 +8.5055000000e-06 +4.2197000000e-06 +1.4630000000e-06 -9.8909800000e-05 -2.4510640000e-04 +4.6455010000e-04 +1.2794565500e-02 -1.4501085500e-02 +2.1362081200e-02 -1.8295442640e-01 +3.1887895570e-01 -1.8973192630e-01 +1.0837254500e-02 +1.9754902000e-03 -1.0351347800e-02 +2.2958220000e-04 -9.0187300000e-05 -7.5093200000e-05 +1.0530000000e-06 +1.0052200000e-05 +8.8226000000e-06 +1.7402000000e-06 -1.4462000000e-06 +2.2067000000e-06 +1.9709973000e-03 +4.2517282000e-03 +3.6280904000e-03 +9.0642901700e-02 -1.2338232520e-01 +2.9241633700e-02 +4.9300187600e-02 -1.2926868170e-01 +1.0389249700e-01 +1.0560300000e-05 +2.0548800000e-05 -6.4600000000e-08 +1.2786930500e-02 +8.6170397000e-03 -2.1180330500e-02 -3.0614882600e-02 +1.2375896000e-02 +1.6845794400e-02 +9.4695240000e-04 -4.7991031000e-03 +1.0772694700e-02 +1.0087290400e-02 -1.7698103800e-02 +1.0781243400e-02 +6.6681700000e-04 +4.1996130000e-03 +2.2695942000e-03 +3.5899221000e-03 +6.5783364000e-03 +2.0016880000e-03 -2.7017290000e-04 -6.9593970000e-04 -2.0281910000e-04
-4.2583340000e-04 +4.6378109000e-03 -1.0891492500e-02 -3.1410295000e-03 -1.5585340000e-03 +5.8695686000e-03 +2.6851543000e-03 -3.1156451000e-03 +3.8860057000e-03 -1.1017734500e-02 +1.2764665000e-03 +1.6380174700e-02 -3.1312570000e-04 +2.5645051000e-03 -4.6258318000e-03 +1.6235800000e-05 -8.9868000000e-06 -2.7815300000e-05 -1.4338600000e-05 +1.1735828000e-03 -2.3363342000e-03 +6.0016610000e-04 +1.7429496000e-03 -4.7187976000e-03 +2.0490255800e-02 +2.3675402700e-02 -6.6746905600e-02 -1.9077850000e-04 +2.3125000000e-06 +1.7690900000e-05 -1.3427789000e-03 -1.1597722000e-03 +3.9320752000e-03 +1.5035615000e-03 -8.0456510000e-04 +1.4560600000e-04 -1.2892010000e-04 +1.0130900000e-04 -7.4041700000e-05 -4.0032000000e-05 -2.7705500000e-05 +5.3035400000e-05 +1.2658478800e-02 -1.1521416000e-02 +5.3474405000e-03 +1.4512974780e-01 +1.0085243000e-03 -2.0705481190e-01 -2.1745031000e-03 +2.2894912000e-03 -2.6318132000e-03 +4.8731700000e-05 -1.6535300000e-05 -7.6853000000e-06 -7.4989640000e-04 -8.8620800000e-05 +9.0809440000e-04 -2.8800633500e-02 +1.4249430300e-02 +2.4052256000e-03 -1.1987360170e-01 -1.8973189740e-01 +6.6614269260e-01 -6.5046472000e-03 +8.5628920000e-04 +7.5580208000e-03 +2.5732889000e-03 -8.1291240000e-04 -1.0236918000e-03 +1.5896500000e-05 +1.6283600000e-05 -3.7175800000e-05 -5.4439200000e-05 +4.7776100000e-05 -4.2058700000e-05 +8.7824970000e-04 +4.1020724000e-03 -2.6638514000e-03 -1.7426199200e-02 +3.6758428700e-02 -1.2352293140e-01 -4.8797456800e-02 +1.1247495040e-01 -2.4171858830e-01 +1.7488300000e-05 -3.8001000000e-06 +1.5086300000e-05 +1.3505079500e-02 -1.6325638200e-02 +2.5272704800e-02 +5.8820982200e-02 -2.0975290000e-03 -5.3064103900e-02 +7.9845150000e-04 -3.3044390000e-04 +5.8036750000e-04 -2.5429107600e-02 +1.6784676000e-02 -1.6090059000e-02 +3.9280263000e-03 +1.6752009000e-03 -2.1028369000e-03 +3.4537987000e-03 +2.3547423000e-03 +6.5232240000e-04 -6.9852830000e-04 -1.8816570000e-04 +2.1468880000e-04
-1.8980750000e-04 +5.9390000000e-07 +8.0596600000e-05 +8.7449600000e-05 +5.9113800000e-05 -3.5887000000e-06 +9.0294500000e-05 -3.5040600000e-05 -1.1039860000e-04 +6.4752600000e-04 -1.9230074000e-03 +4.8678900000e-04 -3.0944500000e-05 +8.6262000000e-06 -1.8208400000e-05 -2.2112000000e-06 -1.3554200000e-05 -9.0862000000e-06 -3.7863000000e-05 -5.2420300000e-05 +1.5993050000e-04 -2.9539460000e-04 +1.6387000000e-05 +3.0103670000e-04 -1.9722455000e-03 +1.2417602000e-03 +1.0872843000e-03 +4.2025200000e-05 +4.2566420000e-04 -4.0544170000e-04 -6.9758000000e-06 -2.0745700000e-05 +3.6147500000e-05 +7.8135500000e-05 +2.3582700000e-05 -1.2892060000e-04 -2.7784000000e-06 +1.1744900000e-05 +3.5180000000e-07 -3.0067300000e-05 +1.7010400000e-05 -8.0789300000e-05 +2.4596696000e-03 +1.7313061000e-03 +5.4573550000e-04 -2.2880473660e-01 +1.1228556530e-01 -2.8200763200e-02 -4.6896200000e-05 +5.2149900000e-05 -4.9167800000e-05 +2.2496000000e-06 +1.2910000000e-07 -2.7900000000e-08 -4.7355200000e-05 -3.5054200000e-05 +1.2232750000e-04 +1.5826410000e-04 -5.3973410000e-04 +2.9631210000e-04 -1.2997203800e-02 +1.0837250600e-02 -6.5046471000e-03 +2.4061521840e-01 -1.2455301160e-01 +3.0670225000e-02 +1.0616820000e-04 -2.7321000000e-05 -5.7157800000e-05 +6.0600000000e-08 +7.2840000000e-07 -7.8340000000e-07 -1.0693000000e-06 +1.9781000000e-06 -8.3270000000e-07 -2.5997860000e-04 -2.9944260000e-04 -2.0359690000e-04 +5.5733980000e-04 +1.3314312000e-03 +3.9546296000e-03 +7.7619270000e-04 -9.7395480000e-04 -1.7513179000e-03 +5.1650000000e-07 +3.4190000000e-07 -8.7390000000e-07 -7.8734240000e-04 +3.1908540000e-04 -4.9172990000e-04 +1.5848600000e-05 -4.4218100000e-05 -2.3850090000e-04 +1.8905100000e-05 -1.6378200000e-05 +3.9352250000e-04 -6.5664000000e-05 +3.7419500000e-05 -1.1881710000e-04 -1.7248710000e-04 +3.5773100000e-05 +1.7190160000e-04 +7.8290200000e-05 +6.3944000000e-05 +2.0939400000e-05 +1.6887900000e-05 +3.2302600000e-05 +4.6919900000e-05
+8.0063400000e-05 -7.7061400000e-05 -1.5955770000e-04 +4.1906100000e-05 +1.5319470000e-04 +5.9140700000e-05 -6.6056500000e-05 -4.4424600000e-05 -1.3812300000e-05 -1.0302698000e-03 -1.3898714000e-03 -1.7529599000e-03 +6.7480000000e-06 -4.0657800000e-05 +1.3523700000e-05 -2.0683800000e-05 -2.4604800000e-05 -6.0857000000e-06 +2.7944200000e-05 +4.9628100000e-05 -1.1668600000e-04 +6.0425590000e-04 -2.2686050000e-04 -1.1450640000e-04 +1.1939782100e-02 -4.2621956000e-03 -3.7935630000e-04 +3.1273300000e-05 +3.3742410000e-04 +3.3084600000e-04 +2.6688000000e-06 +4.4775000000e-06 -4.2814200000e-05 -5.7377300000e-05 -1.5654200000e-05 +1.0129970000e-04 +1.1745700000e-05 +9.4064000000e-06 +1.2082500000e-05 +1.7102800000e-05 -1.3509950000e-04 +1.1465100000e-04 +1.1094413000e-03 +3.9924704000e-03 +3.9905478000e-03 +1.1225283060e-01 -1.0058683980e-01 +2.8064847800e-02 +4.4650600000e-05 -3.3863100000e-05 +4.7276800000e-05 -8.9530000000e-07 +2.3277000000e-06 +1.2747000000e-06 +3.4272900000e-05 +2.5351100000e-05 -9.4502100000e-05 -4.2762550000e-04 -2.8513780000e-04 -2.9898270000e-04 +2.4933650000e-04 +1.9754919000e-03 +8.5629090000e-04 -1.2455302560e-01 +9.8059598100e-02 -3.1612753900e-02 -8.5338800000e-05 +1.9736500000e-05 +4.4471400000e-05 +2.0860000000e-07 +1.6000000000e-07 +1.0977000000e-06 +1.9019000000e-06 +3.9580000000e-07 +1.5979000000e-06 -3.0539000000e-04 -7.3917220000e-04 -3.3536440000e-04 +1.7825113000e-03 +5.0371154000e-03 +2.1623411000e-03 -1.9085875000e-03 -1.5444248000e-03 -6.7868580000e-04 -4.2540000000e-07 +1.3820000000e-07 +1.0138000000e-06 -1.7806090000e-04 -4.6263210000e-04 -1.3372450000e-04 -1.4106080000e-04 -2.1307050000e-04 -3.0247500000e-05 +3.7708960000e-04 +2.4034380000e-04 -1.4951110000e-04 +9.1067000000e-06 -1.1069010000e-04 +6.2719000000e-06 +3.8318100000e-05 +4.1489500000e-05 -9.3300000000e-08 +6.6574500000e-05 +1.5686680000e-04 +7.6087500000e-05 +4.5056700000e-05 +8.6646300000e-05 +3.4981200000e-05
-8.7293200000e-05 -7.5378600000e-05 +1.3935000000e-04 +3.2808700000e-05 +4.0963800000e-05 +8.0789000000e-05 -4.4819200000e-05 -4.6514800000e-05 +6.1907200000e-05 -1.4012717000e-03 -8.0732620000e-04 +4.5729740000e-04 -1.4338800000e-05 +1.1481800000e-05 -4.0032700000e-05 +5.9705000000e-06 -1.3643100000e-05 -1.5341800000e-05 -9.9513000000e-06 -3.1619900000e-05 +8.5869900000e-05 -9.4176010000e-04 +5.0747100000e-04 -5.4373100000e-05 -2.1535601500e-02 +1.0946082000e-02 +1.1860203000e-03 +4.2870380000e-04 -8.6778700000e-05 +2.3890560000e-04 -1.3455600000e-05 -1.7800300000e-05 +3.7632800000e-05 +4.2308100000e-05 +1.5487700000e-05 -7.4042800000e-05 +3.5160000000e-07 +1.2082500000e-05 -4.9113000000e-06 -8.0982800000e-05 +1.1460590000e-04 -2.2909040000e-04 +1.8672344000e-03 +3.3286568000e-03 -2.5829064000e-03 -2.8163957800e-02 +2.8040928400e-02 -6.0619243200e-02 -3.3141800000e-05 +3.9163900000e-05 -3.6905000000e-05 +2.1418000000e-06 +1.8820000000e-07 -1.8980000000e-07 -2.4445900000e-05 -2.0852500000e-05 +6.8028900000e-05 +5.5478500000e-05 -1.8118320000e-04 -3.1594340000e-04 +1.5907303000e-02 -1.0351349400e-02 +7.5580200000e-03 +3.0670227700e-02 -3.1612755800e-02 +5.5162553000e-02 +6.5608000000e-05 -1.7144200000e-05 -3.5488300000e-05 +3.2560000000e-07 +5.3990000000e-07 -7.1460000000e-07 -6.5130000000e-07 +1.5067000000e-06 -3.9530000000e-07 -1.9225720000e-04 -3.4124560000e-04 -1.2512190000e-04 +3.0080636000e-03 +2.6373940000e-03 -1.8160271000e-03 +2.2524970000e-04 -1.6740643000e-03 +4.7959800000e-04 +7.7460000000e-07 +1.8040000000e-07 -8.2450000000e-07 +5.5583190000e-04 -6.5902050000e-04 +1.8909350000e-04 -3.0704600000e-05 -1.3347670000e-04 +1.7190800000e-05 -4.3567520000e-04 +2.6633930000e-04 +2.5735150000e-04 -6.0239700000e-05 -2.2649500000e-05 +8.8695000000e-06 +1.6551070000e-04 +2.5722000000e-06 -1.2100030000e-04 +1.6461900000e-05 +7.8700300000e-05 +4.2300400000e-05 +2.0196500000e-05 +4.8457200000e-05 +1.7759000000e-06
-7.6259778000e-03 +2.8548195000e-03 +2.4782143000e-03 +1.8237017000e-03 +3.5081997000e-03 -9.9243182000e-03 +2.7098899000e-03 -7.6198611000e-03 +1.2199317000e-02 +6.1321130000e-04 +1.6825710000e-04 -9.1080930000e-04 -3.1295493800e-02 +1.2665829000e-03 +2.2547760200e-02 -1.2879510000e-04 +2.9882800000e-05 -3.6045400000e-05 +1.3979533200e-02 +7.0647235000e-03 -2.3251188600e-02 +2.7406532000e-03 +1.1758927000e-03 -6.0975666000e-03 -2.9778342000e-03 +1.0047870000e-03 +1.0080144000e-03 +5.1018900000e-05 -5.5242300000e-05 +6.1561200000e-05 +6.2953116000e-03 +3.4765076200e-02 -7.6164328300e-02 +1.0624222800e-02 -3.0614657000e-02 +5.8820960500e-02 +1.5841300000e-05 -1.4106460000e-04 -3.0709400000e-05 -3.8079600000e-05 -1.3568500000e-05 +4.6186500000e-05 +9.6947360000e-04 -2.6251624000e-03 +4.8744176000e-03 +1.1053439000e-03 +3.4493490000e-04 -1.9339196000e-03 -2.7028996380e-01 +1.0078784840e-01 +1.9094378600e-02 +2.2674560000e-03 +2.3991450000e-03 +1.8736631000e-03 -2.7186384620e-01 +4.7583393200e-02 +1.3860934690e-01 +1.4900008000e-03 +1.2526855000e-03 -4.1363833000e-03 -2.8975907000e-03 +2.2958460000e-04 +2.5732868000e-03 +1.0618200000e-04 -8.5337700000e-05 +6.5602900000e-05 +6.2391038210e-01 -1.9398719000e-01 -1.3186504660e-01 -1.1499607900e-02 +8.8812140000e-03 -4.4870674000e-03 -1.2999586000e-02 -6.3599570000e-04 +1.7095617700e-02 -1.0358860000e-04 +4.5240800000e-05 +2.4207500000e-05 +5.1717720000e-04 -2.3655713000e-03 +4.3636784000e-03 +1.5098906000e-03 +6.9306130000e-04 -3.0532556000e-03 -5.8649869600e-02 +2.4272080900e-02 -2.4623869900e-02 +1.0978186000e-03 +1.3258271000e-03 -3.9792297000e-03 -3.9459234000e-03 +1.1991632000e-03 +1.6565051000e-03 +4.3381300000e-05 -3.6949700000e-05 +3.1521600000e-05 +2.5075734000e-03 -2.6902276000e-03 +3.0540509000e-03 -5.2973300000e-05 +2.0737200000e-05 +9.9994000000e-06 -7.6399000000e-06 +3.4248000000e-06 -4.6348000000e-06 -1.2654000000e-06 -5.7223000000e-06 +1.0076000000e-05
+2.8526870000e-03 -3.6288040000e-04 -1.3821164000e-03 -1.0144533000e-03 -2.0705107000e-03 +4.3485596000e-03 -1.4750988000e-03 +1.6945197000e-03 -4.1103537000e-03 -2.2606550000e-04 -1.4492870000e-04 +7.3028760000e-04 +6.9240989000e-03 -4.4067107000e-03 -1.4026782000e-02 +2.2438000000e-06 -8.0402200000e-05 -5.0413400000e-05 -1.0680060000e-03 +1.2856710000e-03 +1.1421995900e-02 -1.1643473000e-03 -9.8465900000e-04 +1.8947147000e-03 +1.0637264000e-03 -3.1687920000e-04 -4.9462470000e-04 +3.1883000000e-06 -1.0378000000e-06 -4.6315000000e-06 +1.3805195300e-02 -1.9381940700e-02 +3.4788540700e-02 -1.2769388300e-02 +1.2376022700e-02 -2.0978416000e-03 -4.4222400000e-05 -2.1306820000e-04 -1.3347690000e-04 +1.0760300000e-05 -1.6213900000e-05 -1.9994500000e-05 -2.2146240000e-04 +1.1407075000e-03 -1.4822686000e-03 -3.6235240000e-04 -1.7071040000e-04 +6.7879020000e-04 +1.3422733250e-01 -1.3006189760e-01 +2.3807272400e-02 +2.8209506000e-03 +5.3298210000e-03 +4.3993043000e-03 +1.7219740900e-02 -7.3360729400e-02 +3.8106840700e-02 -4.3384610000e-04 -3.1855690000e-04 +1.3182247000e-03 +9.2614210000e-04 -9.0188800000e-05 -8.1290960000e-04 -2.7324800000e-05 +1.9735300000e-05 -1.7142000000e-05 -1.9398723310e-01 +3.0279379490e-01 -1.9520358770e-01 -1.7940366000e-03 +2.6787561000e-03 +4.2068940000e-04 +1.0533644700e-02 +1.8368316000e-03 -1.1257946500e-02 +3.8241600000e-05 -6.5115000000e-06 -3.4380000000e-06 -2.2010260000e-04 +6.6290820000e-04 -1.3631675000e-03 -4.4314450000e-04 -2.0513970000e-04 +9.4233530000e-04 +2.4701274100e-02 -9.7684493000e-02 +1.0984539420e-01 -3.3431580000e-04 -3.9532420000e-04 +1.1876250000e-03 +1.1991807000e-03 -3.6526410000e-04 -4.9417730000e-04 -1.2784800000e-05 +1.0600400000e-05 -9.3333000000e-06 -7.4696430000e-04 +8.2347510000e-04 -9.1539880000e-04 +1.7003900000e-05 -8.4814000000e-06 -4.0853000000e-06 +8.0320000000e-07 -5.2729000000e-06 -2.2835000000e-06 -1.0835000000e-06 -1.0496000000e-06 -4.6004000000e-06
+2.4976255000e-03 -1.3905200000e-03 +7.0730140000e-04 -3.4818610000e-04 -4.5354680000e-04 +8.0903380000e-04 -8.0165560000e-04 +2.4129382000e-03 -5.2389696000e-03 -8.0178500000e-05 +3.1319470000e-04 -4.9055220000e-04 +1.0571756600e-02 -8.0189350000e-03 -1.7951224000e-03 +2.2467000000e-05 -7.9766600000e-05 +4.1748300000e-05 -6.0652305000e-03 +2.7959850000e-03 +6.6603240000e-03 -1.1563080000e-03 -5.8512810000e-04 +1.7902983000e-03 +8.9166630000e-04 -4.3468040000e-04 -4.2594800000e-05 -6.2671100000e-05 +5.7563100000e-05 -5.7244500000e-05 -3.1760237100e-02 +1.2517523200e-02 +1.1182502300e-02 +2.1042600900e-02 +1.6845543500e-02 -5.3064297800e-02 -2.3850260000e-04 -3.0242300000e-05 +1.7194800000e-05 -3.9602000000e-06 +5.4403000000e-06 -2.7214900000e-05 -2.1207540000e-04 +1.0696095000e-03 -1.7090428000e-03 -4.4053980000e-04 -7.1625600000e-05 +5.8671110000e-04 -5.1755119100e-02 +5.9343220400e-02 -1.2222657080e-01 +9.7851420000e-04 +4.8482823000e-03 -2.5052472000e-03 +2.0296380340e-01 +5.8423951000e-03 -2.7497973340e-01 -5.7138300000e-04 -4.7152280000e-04 +1.6900669000e-03 +1.1063840000e-03 -7.5096700000e-05 -1.0236890000e-03 -5.7161500000e-05 +4.4471400000e-05 -3.5487900000e-05 -1.3186503750e-01 -1.9520354240e-01 +6.6738620720e-01 +1.8142628300e-02 -1.0932059000e-02 +5.8614364000e-03 -6.5748934000e-03 +6.1783890000e-04 +7.4850073000e-03 +4.0590400000e-05 -1.1346800000e-05 -7.6035000000e-06 -1.8012110000e-04 +9.1635900000e-04 -1.8406398000e-03 -6.4740380000e-04 -2.6498820000e-04 +1.2664115000e-03 -2.5567144700e-02 +1.1030970780e-01 -2.4013174570e-01 -4.6106180000e-04 -5.7695470000e-04 +1.7101881000e-03 +1.6565074000e-03 -4.9417090000e-04 -7.1057640000e-04 -1.9293700000e-05 +1.6250200000e-05 -1.3986700000e-05 -1.0645068000e-03 +1.1503148000e-03 -1.2895120000e-03 +1.8228000000e-05 -8.1418000000e-06 -3.8887000000e-06 +1.9720000000e-07 -4.8495000000e-06 +3.9249000000e-06 -2.8970000000e-07 +4.7360000000e-07 -4.6413000000e-06
-1.3758910000e-04 -2.6666630000e-04 -4.9693200000e-05 +9.6884800000e-05 -1.0832300000e-05 -3.6607300000e-04 +7.2738500000e-05 +1.3292020000e-04 -8.9624400000e-05 +1.3329400000e-05 +2.4112200000e-05 -6.8791500000e-05 +1.9178309000e-03 +3.6016298000e-03 +2.4487440000e-04 +5.2026900000e-05 +6.1148300000e-05 +5.5475300000e-05 -2.0763920000e-04 -3.6085760000e-04 +1.3149000000e-06 -1.8827300000e-05 +2.9052100000e-05 +1.1086200000e-04 -4.2156000000e-06 -3.9191000000e-06 +4.2352400000e-05 -3.3480000000e-07 -2.3404000000e-06 +8.4860000000e-07 +5.9061488000e-03 +9.8261700000e-05 -4.6680306000e-03 +2.6739720000e-04 -2.7017090000e-04 -6.9853590000e-04 +1.6884300000e-05 +4.5055100000e-05 +2.0196700000e-05 -2.6060000000e-07 -3.5300000000e-07 -1.0949000000e-06 -1.4381000000e-06 -1.2588200000e-05 -6.3163600000e-05 +8.0857000000e-06 +1.9474000000e-05 -2.7007700000e-05 -1.7518482950e-01 +1.0973077100e-02 +1.2756106950e-01 -1.1225510000e-04 -1.2838681000e-03 -9.9576250000e-04 -1.8244797000e-03 +4.2135875000e-03 -8.1580420000e-04 -2.3090000000e-05 -1.5664400000e-05 +3.0653200000e-05 -2.3652000000e-06 +1.0543000000e-06 +1.5893900000e-05 +4.7500000000e-08 +2.0830000000e-07 +3.2870000000e-07 -1.1499602100e-02 -1.7940427000e-03 +1.8142634200e-02 +1.8036596140e-01 -1.3401150300e-02 -1.3922260560e-01 -5.9631570000e-04 -2.2069090000e-04 +5.6134490000e-04 -1.0850000000e-07 +2.7680000000e-07 -4.4400000000e-08 +8.4760000000e-06 +1.6377600000e-05 -1.6203100000e-05 -1.4444000000e-06 -1.1995000000e-06 -1.1573900000e-05 +9.0022850000e-04 -1.5732215000e-03 +2.9687750000e-04 -6.2154000000e-06 -3.7665000000e-06 +1.5533900000e-05 -1.2706000000e-06 -1.0797000000e-06 -2.9270000000e-07 +2.7940000000e-07 +3.4870000000e-07 +1.9580000000e-07 -5.5756000000e-06 +3.4905000000e-06 -7.6859000000e-06 +2.2100000000e-07 +2.9710000000e-07 +1.8710000000e-07 +9.2300000000e-07 +1.5789000000e-06 +1.1705000000e-06 +3.7570000000e-07 +4.6920000000e-07 +1.7970000000e-07
-1.8782360000e-04 -5.4793060000e-04 -1.5587600000e-04 -5.2462320000e-04 -1.3379260000e-04 +2.6752180000e-04 +9.9276500000e-05 +1.6887050000e-04 +7.3172300000e-05 -2.6294700000e-05 +9.5963000000e-06 +3.2380000000e-07 +3.9304601000e-03 +5.1368370000e-03 +4.6973089000e-03 +6.3375200000e-05 +1.6951010000e-04 +5.2673600000e-05 -3.5497730000e-04 -6.1182970000e-04 -2.8683140000e-04 +4.6620100000e-05 +1.0326540000e-04 +3.5967400000e-05 +3.8640000000e-06 +9.1197000000e-06 +3.5523800000e-05 -2.2200000000e-07 -3.6602000000e-06 -8.9000000000e-07 -1.1008418000e-02 +2.8947448000e-03 +9.2128576000e-03 -2.8610530000e-04 -6.9593200000e-04 -1.8818030000e-04 +3.2304900000e-05 +8.6646000000e-05 +4.8456800000e-05 -3.6770000000e-06 -8.6440000000e-07 +1.4946000000e-06 -2.9212300000e-05 -6.3791400000e-05 -1.6152900000e-05 +8.5562000000e-06 +2.1972800000e-05 -1.0169900000e-05 +1.1410268400e-02 -4.1523705900e-02 +4.9470624000e-03 -1.7417038000e-03 -1.9661043000e-03 -1.6244582000e-03 +3.9744273000e-03 +2.5638386000e-03 +2.6368983000e-03 -3.0937000000e-06 -1.4672200000e-05 -1.9430200000e-05 -6.0598000000e-06 +1.0051700000e-05 +1.6281400000e-05 +7.2580000000e-07 +1.6170000000e-07 +5.3890000000e-07 +8.8812165000e-03 +2.6787519000e-03 -1.0932051800e-02 -1.3401151500e-02 +3.2935578100e-02 -7.1300173000e-03 +2.0080730000e-04 -3.4674930000e-04 -5.5504150000e-04 -4.9510000000e-07 +4.3820000000e-07 +4.4420000000e-07 +1.2850100000e-05 +1.0863400000e-05 +1.8133000000e-05 -5.0745000000e-06 -7.0552000000e-06 -1.0879500000e-05 -1.0872240000e-03 -8.8313230000e-04 -1.1156661000e-03 +3.3692000000e-06 +3.8760000000e-07 -2.5259000000e-06 -5.7251000000e-06 -1.0479000000e-06 +4.7220000000e-07 +5.4890000000e-07 +6.4340000000e-07 +5.0170000000e-07 +1.0188000000e-06 -6.1954000000e-06 -3.4480000000e-07 +8.4200000000e-08 +7.6600000000e-07 +3.8700000000e-07 +1.6340000000e-06 +3.4839000000e-06 +1.8177000000e-06 +4.7410000000e-07 +9.4180000000e-07 +6.7690000000e-07
-2.1443840000e-04 -7.1038300000e-05 -3.3571820000e-04 +7.2461720000e-04 -2.7963170000e-04 -4.4560050000e-04 -2.0228800000e-05 +3.7222400000e-05 +1.9501730000e-04 +3.7860800000e-05 -5.3645700000e-05 +6.9954700000e-05 -4.6257790000e-04 +5.0502586000e-03 -9.0299220000e-04 +5.0541900000e-05 +5.4770600000e-05 +5.5879000000e-05 -7.7761000000e-06 -2.7991520000e-04 -3.2228340000e-04 +7.4202000000e-05 +5.4711900000e-05 -5.1115600000e-05 +2.6228300000e-05 +4.3982600000e-05 -9.3033100000e-05 -3.6299000000e-06 +1.3647000000e-06 -3.2260000000e-06 +1.8890415700e-02 -2.6151006000e-03 -1.2831875400e-02 -6.7039250000e-04 -2.0281340000e-04 +2.1468290000e-04 +4.6926700000e-05 +3.4980900000e-05 +1.7761000000e-06 +5.9637000000e-06 -2.0259000000e-06 -4.0143000000e-06 -2.8288200000e-05 -3.3837800000e-05 +1.5749300000e-05 -4.1481000000e-06 -2.2016200000e-05 +7.2373400000e-05 +1.2663153200e-01 +5.4236740000e-03 -1.7975630730e-01 -1.9258800000e-05 -2.1129975000e-03 +8.9826970000e-04 -3.1659120000e-04 +2.3823735000e-03 +1.0849741000e-03 +4.4077000000e-06 -6.0587000000e-06 -1.7175000000e-05 +3.1299200000e-05 +8.8227000000e-06 -3.7178100000e-05 -7.6920000000e-07 +1.0973000000e-06 -7.1660000000e-07 -4.4870722000e-03 +4.2069670000e-04 +5.8614276000e-03 -1.3922260370e-01 -7.1300140000e-03 +1.8615175370e-01 -3.3201600000e-04 -1.0675120000e-04 +7.1635500000e-05 +1.6050000000e-06 -3.8340000000e-07 -4.9400000000e-07 -8.8797000000e-06 +1.4440400000e-05 +4.6553000000e-06 -3.6185000000e-06 -1.5141800000e-05 +2.1173900000e-05 -7.3274620000e-04 -5.9808500000e-04 +9.4530300000e-05 +4.2220000000e-07 +4.9432000000e-06 -1.0050200000e-05 +1.0071400000e-05 -4.6004000000e-06 -4.6338000000e-06 -2.3530000000e-07 +7.1190000000e-07 -1.1830000000e-07 -2.6773000000e-06 -2.7216000000e-06 +2.7849000000e-06 +6.4500000000e-07 +1.5640000000e-07 -3.2000000000e-08 +1.0454000000e-06 +1.8726000000e-06 +5.7400000000e-08 +1.8780000000e-07 +6.8140000000e-07 -1.2740000000e-07
+4.6599000000e-05 -7.5231100000e-05 -3.0109900000e-05 -2.1076630000e-04 +1.0322750000e-04 +1.8297490000e-04 -1.4963810000e-04 +1.8462000000e-05 -1.2819900000e-05 -1.5454200000e-05 -3.0809800000e-05 +6.9519400000e-05 +2.1911922000e-03 +1.4205450000e-03 +6.2833910000e-04 -1.4935000000e-06 +5.5340900000e-05 -5.1083400000e-05 +6.2174230000e-04 -1.7077732000e-03 +7.3256680000e-04 +4.1754900000e-05 +3.7479000000e-05 +3.8257500000e-05 +3.8244100000e-05 +1.6715000000e-05 -7.4535300000e-05 -1.6161000000e-06 +8.8772000000e-06 +9.4090000000e-07 +2.8818690000e-04 -5.4490090000e-04 +7.0701700000e-05 -1.8848202000e-03 +9.4694870000e-04 +7.9849650000e-04 +1.8910100000e-05 +3.7708420000e-04 -4.3567670000e-04 -1.5889000000e-06 -1.0835200000e-05 -8.4111000000e-06 -1.0103200000e-05 +1.2547000000e-05 -2.0998000000e-05 -2.0415600000e-05 -2.3894600000e-05 +7.0104600000e-05 +3.8192860000e-04 +2.1871156000e-03 +4.3424820000e-03 -2.4935030000e-04 -3.6177930000e-04 -2.3104980000e-04 -2.2896006690e-01 +1.1300604730e-01 -2.9108173600e-02 -1.4256300000e-05 -1.4913300000e-05 +3.1938800000e-05 +4.8475600000e-05 +1.7394000000e-06 -5.4440800000e-05 -1.0724000000e-06 +1.9023000000e-06 -6.4950000000e-07 -1.2999591600e-02 +1.0533647000e-02 -6.5748966000e-03 -5.9631670000e-04 +2.0080770000e-04 -3.3201310000e-04 +2.4095523230e-01 -1.2496507810e-01 +3.1778721500e-02 +2.3456000000e-06 +1.4890000000e-07 -1.4980000000e-07 -1.0399300000e-05 +3.0444400000e-05 -4.3668500000e-05 -1.5864100000e-05 -1.4246700000e-05 +4.5604600000e-05 +5.0069750000e-04 -1.2135826000e-03 -1.7977689000e-03 -1.2314300000e-05 -9.0436000000e-06 +3.1591400000e-05 +4.3379200000e-05 -1.2781200000e-05 -1.9294300000e-05 -2.7190000000e-07 +7.3830000000e-07 -3.0560000000e-07 -2.5319900000e-05 +2.3979700000e-05 -2.5957300000e-05 +1.3324000000e-06 +1.7360000000e-07 +1.0890000000e-07 +4.3070000000e-07 +3.0900000000e-07 -8.6800000000e-08 +2.7860000000e-07 +5.4970000000e-07 -2.3920000000e-07
-7.0684800000e-05 -6.1532600000e-05 -7.3523100000e-05 +6.2913570000e-04 -1.4068020000e-04 -1.5003600000e-05 +5.7596700000e-05 -9.3934500000e-05 -1.2354500000e-04 +4.6551000000e-06 +2.0060600000e-05 -7.1495600000e-05 +8.5047260000e-04 +3.4219780000e-03 +3.7220243000e-03 +5.8142000000e-05 -4.0994100000e-05 +1.5334190000e-04 -7.5424810000e-04 -9.4294820000e-04 -1.6267643000e-03 +4.1432800000e-05 +1.1806380000e-04 +2.8264500000e-05 -2.9389800000e-05 -1.5552100000e-05 +6.6588000000e-05 +9.0298000000e-06 +7.6878000000e-06 +1.0076100000e-05 -4.7759860000e-04 -3.1686010000e-04 -3.6941640000e-04 +1.1388002600e-02 -4.7991003000e-03 -3.3038460000e-04 -1.6370000000e-05 +2.4034390000e-04 +2.6633960000e-04 -1.7792400000e-05 -2.0442200000e-05 -3.6353000000e-06 +5.2899000000e-06 -1.3948300000e-05 +1.3554400000e-05 +1.5396400000e-05 +1.9483700000e-05 -6.1572500000e-05 +2.6048224000e-03 +6.2346980000e-03 +2.6999758000e-03 -3.7203840000e-04 -8.1911480000e-04 -3.8321940000e-04 +1.1358406770e-01 -1.0172151410e-01 +2.8565786100e-02 +4.1306000000e-06 -1.1319000000e-06 -3.1317400000e-05 -4.1066700000e-05 -1.4436000000e-06 +4.7775700000e-05 +1.9812000000e-06 +3.9410000000e-07 +1.5061000000e-06 -6.3599480000e-04 +1.8368316000e-03 +6.1784150000e-04 -2.2068800000e-04 -3.4675040000e-04 -1.0675490000e-04 -1.2496508610e-01 +9.9700544000e-02 -3.1940240800e-02 -8.9300000000e-07 +2.2825000000e-06 +1.3601000000e-06 +1.3503300000e-05 -1.6625500000e-05 +4.0332800000e-05 +1.2552900000e-05 +1.1250700000e-05 -3.9967800000e-05 -1.6723357000e-03 -2.2596904000e-03 -1.0714644000e-03 +9.8221000000e-06 +6.8179000000e-06 -2.6201900000e-05 -3.6952400000e-05 +1.0599800000e-05 +1.6251000000e-05 +7.3980000000e-07 +2.1510000000e-07 +6.9520000000e-07 +2.0165500000e-05 -2.1823900000e-05 +2.0739200000e-05 -2.6210000000e-07 +1.5490000000e-06 +7.5440000000e-07 +1.0830000000e-07 +6.7390000000e-07 +5.7640000000e-07 +3.5240000000e-07 +6.4250000000e-07 +7.1090000000e-07
-3.8266200000e-05 -6.9748000000e-05 +5.6874700000e-05 -9.2860020000e-04 +5.4210500000e-04 +3.8145000000e-06 -9.3959200000e-05 -7.9768700000e-05 +1.4411730000e-04 -5.3007000000e-06 -3.3283300000e-05 +6.4732400000e-05 +1.8224499000e-03 +3.1236007000e-03 -2.9375552000e-03 -5.7175800000e-05 +1.5620830000e-04 -2.0951980000e-04 -1.2862142000e-03 -6.1885970000e-04 +5.8282080000e-04 +2.7416300000e-05 +3.1889500000e-05 +5.5398500000e-05 +2.2953700000e-05 +1.7184100000e-05 -5.9441200000e-05 +5.7800000000e-07 +1.0236400000e-05 -5.3191000000e-06 -7.4778900000e-05 -2.9712560000e-04 -2.1710300000e-05 -2.1304039600e-02 +1.0772715700e-02 +5.8040730000e-04 +3.9352810000e-04 -1.4952210000e-04 +2.5736160000e-04 +6.3767000000e-06 -1.1005700000e-05 -1.4473700000e-05 -5.5088000000e-06 +6.6696000000e-06 -1.3043600000e-05 -1.2680300000e-05 -1.9573800000e-05 +5.2898100000e-05 +3.4464046000e-03 +3.1514716000e-03 -1.5247021000e-03 -2.0744270000e-04 -3.9558340000e-04 -1.2861720000e-04 -3.0334228000e-02 +2.9170769000e-02 -6.0745234300e-02 -8.8981000000e-06 -1.1245500000e-05 +1.9397900000e-05 +3.5831100000e-05 +2.2067000000e-06 -4.2058100000e-05 -8.3340000000e-07 +1.5997000000e-06 -3.9610000000e-07 +1.7095614900e-02 -1.1257945600e-02 +7.4850090000e-03 +5.6134480000e-04 -5.5504080000e-04 +7.1637300000e-05 +3.1778731700e-02 -3.1940245400e-02 +5.5756305300e-02 +2.0195000000e-06 +2.7790000000e-07 -2.3670000000e-07 -7.8008000000e-06 +2.2479100000e-05 -3.0161100000e-05 -1.0898000000e-05 -1.1339900000e-05 +3.4259400000e-05 -8.2310100000e-04 -1.5621230000e-03 +5.7864070000e-04 -8.5284000000e-06 -6.1239000000e-06 +2.1413000000e-05 +3.1529400000e-05 -9.3346000000e-06 -1.3989900000e-05 -3.1000000000e-07 +6.9720000000e-07 -2.3800000000e-07 -1.7801500000e-05 +1.6607300000e-05 -1.8194000000e-05 +1.0276000000e-06 +2.9490000000e-07 +6.0000000000e-08 +3.7090000000e-07 +3.4130000000e-07 -1.3850000000e-07 +1.8920000000e-07 +5.0210000000e-07 -1.1130000000e-07
+2.4318000000e-05 -7.3816800000e-05 +4.1334900000e-05 +9.5969900000e-05 +4.3360700000e-05 -1.8435360000e-04 -6.2589800000e-05 +9.4484700000e-05 -2.5340530000e-04 -6.3206730000e-04 +5.6473370000e-04 -5.0264710000e-04 -2.5166800000e-05 -6.9296900000e-05 +1.7708550000e-04 -8.5167000000e-06 +1.1090500000e-05 +7.8120000000e-06 +7.6749100000e-05 +4.0819400000e-05 +4.6529000000e-05 +7.5832530000e-04 -1.0184606000e-03 -1.5476037000e-03 +7.3906220000e-04 +9.1187100000e-04 +4.1105297000e-03 -2.0582230000e-04 -3.1994000000e-06 +1.4788690000e-04 +5.2287500000e-05 +4.5699900000e-05 -1.5463490000e-04 -5.4371100000e-05 +4.1191000000e-06 +1.6235400000e-05 -2.2116000000e-06 -2.0682400000e-05 +5.9688000000e-06 +4.3357500000e-05 +3.2063600000e-05 +4.2718750000e-04 -1.3328858800e-02 +1.0627815000e-02 -6.7260970000e-03 +3.2464880000e-04 -4.0761480000e-04 -1.6108920000e-04 +7.1010900000e-05 -8.9458700000e-05 +1.1190380000e-04 -2.3337000000e-06 +1.7577000000e-06 +9.8750000000e-07 +2.8174000000e-05 +6.7362000000e-06 -5.9491800000e-05 -2.2894790160e-01 +1.1229475400e-01 -2.7814338000e-02 +2.1899672000e-03 +1.9709922000e-03 +8.7825230000e-04 -2.5997680000e-04 -3.0539330000e-04 -1.9225360000e-04 -1.0358450000e-04 +3.8240600000e-05 +4.0592600000e-05 -1.0630000000e-07 -4.9170000000e-07 +1.6017000000e-06 +2.3451000000e-06 -8.9160000000e-07 +2.0180000000e-06 +2.4071036550e-01 -1.2459505840e-01 +3.0378488200e-02 -1.5620856000e-03 +1.5640908000e-03 +1.0054415000e-03 -3.4608010000e-04 -1.2628030000e-04 -1.8022000000e-05 -7.0720000000e-07 +1.2560000000e-07 +1.3365000000e-06 +5.2479330000e-04 -1.9367741000e-03 +5.5126430000e-04 -1.2879240000e-04 +2.2433000000e-06 +2.2468500000e-05 -1.4945000000e-06 +5.8140800000e-05 -5.7179900000e-05 -7.4305000000e-05 -1.5234540000e-04 +8.5375800000e-05 +2.7631400000e-05 +3.7720250000e-04 -4.4813140000e-04 +2.5939000000e-05 +4.6040200000e-05 +8.3965000000e-06 +5.2023800000e-05 +6.3377100000e-05 +5.0544000000e-05
-4.2326300000e-05 -1.2765200000e-05 -1.0598100000e-04 -3.7111800000e-05 -1.4910000000e-05 +8.8750100000e-05 +1.4506800000e-05 -1.3903450000e-04 +4.0235500000e-05 -2.1939800000e-05 -6.4516400000e-05 +2.0567020000e-04 +1.1776100000e-05 +3.4087000000e-05 -7.7241400000e-05 +1.1089400000e-05 +1.2210900000e-05 +6.9417000000e-06 +5.7988000000e-05 +1.5850320000e-04 +3.0735000000e-05 -1.9095517000e-03 -1.4419530000e-03 -7.0916060000e-04 +1.5346598000e-03 +4.8220745000e-03 +1.7827035000e-03 -3.1271000000e-06 -5.0343700000e-05 -4.3199600000e-05 -2.3602100000e-05 -2.2575000000e-05 +6.8479800000e-05 +5.6120000000e-06 -2.9427800000e-05 -8.9780000000e-06 -1.3553900000e-05 -2.4605800000e-05 -1.3641800000e-05 +4.2551580000e-04 +3.3718580000e-04 -8.6310100000e-05 -6.8508000000e-05 +1.2085057000e-03 +7.6098580000e-04 -5.1965760000e-04 -3.6387760000e-04 -3.4085700000e-05 -3.1140800000e-05 +3.6470700000e-05 -4.8611500000e-05 +1.8309000000e-06 +1.0045000000e-06 +3.7780000000e-07 -1.6551800000e-05 -1.2311700000e-05 +1.3249300000e-05 +1.1232394450e-01 -1.0056813610e-01 +2.7811123300e-02 +1.5196825000e-03 +4.2517252000e-03 +4.1020759000e-03 -2.9944390000e-04 -7.3917030000e-04 -3.4124740000e-04 +4.5239800000e-05 -6.5109000000e-06 -1.1349500000e-05 +2.7710000000e-07 +4.3640000000e-07 -3.8380000000e-07 +1.4560000000e-07 +2.2836000000e-06 +2.7740000000e-07 -1.2459508290e-01 +9.8069474800e-02 -3.1430167200e-02 +1.2154145800e-02 -3.5434376000e-03 -9.0326400000e-05 +3.6886440000e-04 -6.7593630000e-04 -2.6293610000e-04 +6.3780000000e-07 +5.2720000000e-07 -1.5060000000e-07 -1.0049507000e-03 -1.4220234000e-03 -1.8959691000e-03 +2.9887900000e-05 -8.0403000000e-05 -7.9771600000e-05 +5.5335100000e-05 -4.0990800000e-05 +1.5620840000e-04 -5.4649800000e-05 -1.6996340000e-04 -2.1349030000e-04 -1.4574900000e-05 +2.3656860000e-04 +2.7390840000e-04 +3.3490100000e-05 +8.2331600000e-05 +5.6516400000e-05 +6.1151000000e-05 +1.6950880000e-04 +5.4767500000e-05
-2.4126800000e-05 -7.3157500000e-05 +9.6184200000e-05 -1.4681700000e-05 +3.5338000000e-06 +1.6559900000e-05 -8.6306200000e-05 -4.4925100000e-05 +7.3465200000e-05 +7.4045410000e-04 -4.1715360000e-04 +1.2072570000e-04 +5.8474000000e-06 +8.4077000000e-06 -2.0477800000e-05 +7.8107000000e-06 +6.9426000000e-06 -1.9503000000e-06 +1.0462300000e-05 +4.9534800000e-05 +8.6126100000e-05 +3.3867720000e-04 -1.6500632000e-03 +3.9941790000e-04 +2.7896809000e-03 +2.4433839000e-03 -1.6922055000e-03 +1.4830930000e-04 -4.3103200000e-05 -1.3806260000e-04 -7.6864000000e-06 -4.8187000000e-06 +1.6273400000e-05 +1.1929200000e-05 -7.4024000000e-06 -2.7818600000e-05 -9.0902000000e-06 -6.0835000000e-06 -1.5342000000e-05 -4.0704010000e-04 +3.3140540000e-04 +2.3962820000e-04 +1.5887261700e-02 -1.0581986200e-02 +7.0751889000e-03 +7.9711100000e-05 -1.5193950000e-04 -4.0371820000e-04 -1.0952400000e-05 +1.2548600000e-05 -1.7044400000e-05 +8.0560000000e-07 +4.6940000000e-07 +2.5560000000e-07 -9.4681000000e-06 -1.1149800000e-05 +1.9287400000e-05 -2.7846734300e-02 +2.7835334800e-02 -6.0493911600e-02 +1.8248785000e-03 +3.6280926000e-03 -2.6638559000e-03 -2.0360020000e-04 -3.3536300000e-04 -1.2512190000e-04 +2.4204600000e-05 -3.4373000000e-06 -7.6013000000e-06 -4.3000000000e-08 +4.4460000000e-07 -4.9490000000e-07 -1.4630000000e-07 +1.3590000000e-06 -2.3570000000e-07 +3.0378496200e-02 -3.1430171800e-02 +5.5050504000e-02 -2.1398980300e-02 +1.1134642600e-02 +1.6412515000e-03 -1.0665907000e-03 +2.6253810000e-04 -3.8669900000e-05 +2.2660000000e-07 +4.0350000000e-07 -3.1240000000e-07 -1.4270645000e-03 -9.0547620000e-04 +6.0927800000e-04 -3.6046400000e-05 -5.0415500000e-05 +4.1753000000e-05 -5.1078300000e-05 +1.5334210000e-04 -2.0951840000e-04 -1.2177730000e-04 -1.0977880000e-04 +6.3715000000e-05 +3.8194390000e-04 -1.4171680000e-04 +2.5376080000e-04 +3.5238100000e-05 +4.3087100000e-05 -2.9157000000e-06 +5.5473200000e-05 +5.2674400000e-05 +5.5882000000e-05
+2.3255460000e-04 +2.2086240000e-03 -4.7701917000e-03 -1.3655301000e-03 -5.1126060000e-04 +2.6682990000e-03 +2.0852654000e-03 -1.3063476000e-03 -1.0720882000e-03 -4.1074519000e-03 -1.6596359000e-03 +7.4398396000e-03 -3.1942490000e-04 +9.9441640000e-04 -1.7285027000e-03 -2.5167700000e-05 +1.1774500000e-05 +5.8488000000e-06 -5.1748360000e-04 -4.8031050000e-04 +7.6160410000e-04 -2.6025884000e-03 +1.6623549000e-03 +7.1083357000e-03 +2.5943773000e-03 +4.1941269000e-03 -1.7577030900e-02 +6.8736000000e-06 -1.9981400000e-05 -1.5609700000e-05 -4.6933840000e-04 -2.4834580000e-04 +9.4496630000e-04 +1.0704232000e-03 -1.5168140000e-04 -3.1312750000e-04 -3.0937800000e-05 +6.7532000000e-06 -1.4343700000e-05 -1.4355990000e-04 +1.4608900000e-05 -7.0392200000e-05 +1.3728440600e-02 -1.2198161200e-02 +1.6598736200e-02 -3.8797703800e-02 +7.9176576000e-03 +2.6504997900e-02 -5.1718200000e-04 +5.0444400000e-04 -5.3022250000e-04 +7.0341000000e-06 -3.0733000000e-06 -5.3710000000e-07 -6.7119900000e-05 -6.6710300000e-05 +2.6221820000e-04 -1.1185024510e-01 +4.3818190900e-02 -2.8457217700e-02 -2.2854880670e-01 +9.0642878200e-02 -1.7426191900e-02 +5.5733920000e-04 +1.7825160000e-03 +3.0080596000e-03 +5.1717610000e-04 -2.2010460000e-04 -1.8012170000e-04 +8.4776000000e-06 +1.2852300000e-05 -8.8757000000e-06 -1.0404900000e-05 +1.3508900000e-05 -7.8085000000e-06 -1.5620842000e-03 +1.2154145700e-02 -2.1398979900e-02 +6.0128595050e-01 -1.8468504700e-01 -1.0125343620e-01 +6.3971283000e-03 +1.7313911000e-02 -3.8138552000e-02 +5.9884000000e-06 +1.9924000000e-06 +4.9933000000e-06 -2.2679033110e-01 +3.5668407100e-02 +1.0645378090e-01 -3.1295544600e-02 +6.9240273000e-03 +1.0571749200e-02 +2.1911915000e-03 +8.5045790000e-04 +1.8224644000e-03 +3.0106444000e-02 -2.8372022100e-02 +3.3402954600e-02 -1.3392718900e-02 -3.7281060000e-04 +1.5821988900e-02 -2.9885000000e-04 -3.3259510000e-04 +4.4978800000e-05 +1.9178255000e-03 +3.9304425000e-03 -4.6258950000e-04
+2.5615912000e-03 -2.0985924000e-03 +2.0211699000e-03 +1.3038620000e-04 +3.8560960000e-04 -6.7536540000e-04 -6.0862060000e-03 -8.8709120000e-04 +5.0759178000e-03 +1.2723122000e-03 +3.7041020000e-04 -2.9720043000e-03 +9.9441720000e-04 -1.1336157000e-03 +1.4212564000e-03 -6.9296900000e-05 +3.4091200000e-05 +8.4097000000e-06 +7.5331820000e-04 +8.7237960000e-04 -4.2443532000e-03 +4.9506343000e-03 +1.0233941700e-02 -1.1192117000e-02 +4.2934223000e-03 -1.2172483000e-02 +9.2987205000e-03 -1.9893300000e-05 -1.6503600000e-05 -4.4272500000e-05 +2.7306340000e-04 +3.8023270000e-04 -1.2560595000e-03 -2.4066363000e-03 +4.6560810000e-04 +2.5645098000e-03 +8.6174000000e-06 -4.0656300000e-05 +1.1480900000e-05 -4.3956600000e-05 -1.2062130000e-04 -8.1217100000e-05 -2.2327046500e-02 +3.7839112000e-03 +2.6332092900e-02 +1.4637260900e-02 +5.9449012000e-03 -2.3840343700e-02 +1.1979226000e-03 -1.2373260000e-03 +1.3263742000e-03 -4.5739800000e-05 +1.8592300000e-05 +1.0291900000e-05 +8.5021600000e-04 +6.9114630000e-04 -2.2675328000e-03 +5.3831390400e-02 -1.3511501160e-01 +1.2047938380e-01 +8.3535393100e-02 -1.2338232760e-01 +3.6758424400e-02 +1.3314292000e-03 +5.0371154000e-03 +2.6373947000e-03 -2.3655700000e-03 +6.6290920000e-04 +9.1635720000e-04 +1.6379900000e-05 +1.0865300000e-05 +1.4436000000e-05 +3.0446100000e-05 -1.6626700000e-05 +2.2482000000e-05 +1.5640835000e-03 -3.5434336000e-03 +1.1134641100e-02 -1.8468507040e-01 +3.2572751000e-01 -2.0239248390e-01 +1.2760476200e-02 -1.0457130900e-02 +1.9263249700e-02 -5.1127000000e-06 +6.1272000000e-06 +2.4087400000e-05 +2.7594935200e-02 -7.1871004500e-02 +5.4631797000e-03 +1.2665326000e-03 -4.4066483000e-03 -8.0189081000e-03 +1.4205430000e-03 +3.4219530000e-03 +3.1236325000e-03 -1.0535299400e-02 +2.9942972000e-03 +1.5393867300e-02 +1.0063299200e-02 +7.4445870000e-04 -1.0666501500e-02 -3.4988130000e-04 -4.2381260000e-04 -7.0046020000e-04 +3.6016349000e-03 +5.1368319000e-03 +5.0502599000e-03
-5.5237066000e-03 +2.3957308000e-03 +9.2376030000e-04 +1.3133775000e-03 +4.9694000000e-06 -1.2711140000e-03 +9.0467023000e-03 +1.5263600000e-05 -1.1146164900e-02 +1.2428585000e-03 +1.3481890000e-04 -2.0007234000e-03 -1.7284931000e-03 +1.4212726000e-03 -1.1381234000e-03 +1.7708540000e-04 -7.7248900000e-05 -2.0482200000e-05 -1.8481374000e-03 -2.9395283000e-03 +7.4208083000e-03 +1.4910660000e-04 -7.7190821000e-03 +2.3582704800e-02 -1.7808224900e-02 +9.4181804000e-03 -6.6709983000e-03 -1.5726800000e-05 -4.4261300000e-05 +6.2786500000e-05 -1.6013410000e-04 -7.0136430000e-04 +1.5814196000e-03 +4.4606350000e-03 +1.7434380000e-04 -4.6258273000e-03 -1.8206300000e-05 +1.3520500000e-05 -4.0026500000e-05 +5.3874200000e-05 -1.4264720000e-04 +6.5668800000e-05 +3.8046271500e-02 +1.5588633400e-02 -6.8301168900e-02 +1.2279610300e-02 -1.6728294400e-02 +2.4385947400e-02 -1.9991045000e-03 +2.0624916000e-03 -2.2565014000e-03 +8.9979400000e-05 -3.4906000000e-05 -2.0655900000e-05 -1.6795488000e-03 -1.2931309000e-03 +4.5707415000e-03 -4.9630020100e-02 +1.3109516880e-01 -2.7603019800e-01 -2.3600771000e-03 +2.9241636100e-02 -1.2352292950e-01 +3.9546258000e-03 +2.1623426000e-03 -1.8160271000e-03 +4.3636777000e-03 -1.3631662000e-03 -1.8406389000e-03 -1.6205600000e-05 +1.8127400000e-05 +4.6548000000e-06 -4.3671500000e-05 +4.0332800000e-05 -3.0160700000e-05 +1.0054416000e-03 -9.0328800000e-05 +1.6412522000e-03 -1.0125321120e-01 -2.0239238560e-01 +6.7358570470e-01 -2.8472749600e-02 +1.4394024500e-02 +4.7704221000e-03 +2.0116600000e-05 +1.6061000000e-05 -4.1603600000e-05 +1.2352559600e-01 -3.1192956000e-03 -1.8007965170e-01 +2.2547762600e-02 -1.4026768000e-02 -1.7951296000e-03 +6.2834090000e-04 +3.7220399000e-03 -2.9375234000e-03 -4.3759826000e-03 +3.4349567300e-02 -6.3163837500e-02 -6.2890868000e-03 +4.2204270000e-04 +6.5479201000e-03 +7.2333000000e-05 -7.1550020000e-04 +5.0867980000e-04 +2.4488310000e-04 +4.6973252000e-03 -9.0297840000e-04
-4.3846720000e-04 +6.8590340000e-04 -1.7071526000e-03 -5.4941700000e-04 -5.6033920000e-04 +1.6331608000e-03 +6.0298120000e-04 -4.3082800000e-04 +5.6375060000e-04 -8.0963860000e-04 -8.6224290000e-04 +2.9255392000e-03 -6.7122400000e-05 +8.5021930000e-04 -1.6795501000e-03 +2.8173700000e-05 -1.6554300000e-05 -9.4710000000e-06 -3.0634220000e-04 +1.6131020000e-04 +1.2262150000e-04 -1.7203900000e-05 +2.6746590000e-04 -1.3766928000e-03 -2.5713562000e-03 +5.4305527000e-03 -5.8926610000e-04 +6.7463500000e-05 +6.4110100000e-05 -4.2541000000e-06 -4.1203160000e-04 -5.6360320000e-04 +1.6892454000e-03 +8.3000630000e-04 -9.8911500000e-05 -7.4990640000e-04 -4.7346200000e-05 +3.4274200000e-05 -2.4444200000e-05 -2.6020100000e-05 +4.4376600000e-05 -1.1258500000e-05 +1.6012266000e-03 -1.8773420000e-03 +1.3545809000e-03 +1.0187643000e-03 -1.5164114700e-02 +3.2215270900e-02 -9.9660790000e-04 +1.0863364000e-03 -1.2457927000e-03 +1.3919500000e-05 -5.9980000000e-06 -2.5805000000e-06 -6.1823470000e-04 -2.0103490000e-04 +1.0606769000e-03 -3.4405017000e-03 +3.8957012000e-03 +7.7546380000e-04 -1.0779893080e-01 +4.9300187400e-02 -4.8797468700e-02 +7.7619630000e-04 -1.9085870000e-03 +2.2525000000e-04 +1.5098970000e-03 -4.4314790000e-04 -6.4740260000e-04 -1.4535000000e-06 -5.0723000000e-06 -3.6064000000e-06 -1.5866600000e-05 +1.2555800000e-05 -1.0901600000e-05 -3.4608080000e-04 +3.6886640000e-04 -1.0665906000e-03 +6.3971297000e-03 +1.2760474600e-02 -2.8472748800e-02 +6.5741295090e-01 -2.0534375820e-01 -1.4406322860e-01 -1.9350000000e-07 -3.1439000000e-06 +7.5261000000e-06 -1.8645227000e-03 -9.7408306000e-03 +1.8304233000e-02 -2.7186469710e-01 +1.7218537800e-02 +2.0296395300e-01 -2.2896028980e-01 +1.1358400160e-01 -3.0333901600e-02 -5.4382418100e-02 +2.7831077800e-02 +3.0599122000e-03 +3.6911520000e-04 -5.3368350000e-04 -3.1622700000e-05 +6.7313593000e-03 +1.8880280000e-04 -5.7567729000e-03 -1.8244770000e-03 +3.9744366000e-03 -3.1657830000e-04
-2.2912020000e-04 +6.7552650000e-04 -2.6263412000e-03 -8.3174360000e-04 -4.6240370000e-04 +1.5913319000e-03 +6.1666490000e-04 -4.8318750000e-04 +9.4931160000e-04 -2.1348815000e-03 -5.1911980000e-04 +3.8496207000e-03 -6.6709600000e-05 +6.9115130000e-04 -1.2931453000e-03 +6.7385000000e-06 -1.2314500000e-05 -1.1150300000e-05 -2.5977000000e-06 +3.3812500000e-04 -4.3400740000e-04 -1.4057500000e-04 +6.1724800000e-05 -1.6362228000e-03 +2.7473921000e-03 +9.3942767000e-03 -6.4575366000e-03 +5.7972500000e-05 +1.4496110000e-04 +3.6878200000e-05 -3.5953190000e-04 -2.7649570000e-04 +1.0816058000e-03 +4.2248980000e-04 -2.4510860000e-04 -8.8632500000e-05 -3.5051600000e-05 +2.5355500000e-05 -2.0852900000e-05 -1.5087800000e-05 +6.8369600000e-05 -1.8544800000e-05 +1.8275173000e-03 -2.2590020000e-03 +1.0066379000e-03 -1.1538565500e-02 -8.8780410000e-04 +1.6524053300e-02 -5.7442980000e-04 +6.1405700000e-04 -6.9615110000e-04 +1.2877500000e-05 -5.8265000000e-06 -2.6932000000e-06 -2.0103550000e-04 -5.0858200000e-05 +2.7730600000e-04 +3.6705985000e-03 +2.7201325000e-03 +1.0628725000e-03 +4.1237185600e-02 -1.2926868060e-01 +1.1247498190e-01 -9.7395750000e-04 -1.5444235000e-03 -1.6740642000e-03 +6.9306350000e-04 -2.0514080000e-04 -2.6498790000e-04 -1.2053000000e-06 -7.0559000000e-06 -1.5134300000e-05 -1.4246500000e-05 +1.1248900000e-05 -1.1339900000e-05 -1.2627570000e-04 -6.7593750000e-04 +2.6253850000e-04 +1.7313915100e-02 -1.0457131400e-02 +1.4394021700e-02 -2.0534377220e-01 +2.9799335060e-01 -1.7386243600e-01 +4.0470000000e-06 -2.5307000000e-06 +2.8455000000e-06 -6.3082585000e-03 -4.8453636000e-03 +8.3376727000e-03 +4.7582401900e-02 -7.3360787000e-02 +5.8436816000e-03 +1.1300599140e-01 -1.0172155660e-01 +2.9170655900e-02 +6.8705275000e-03 +9.8456342000e-03 -1.9792823800e-02 -4.6715260000e-04 -3.5507310000e-04 -2.9858690000e-04 -1.0918770900e-02 +2.4980394000e-03 +9.9562620000e-03 +4.2135931000e-03 +2.5638284000e-03 +2.3823776000e-03
+2.2768550000e-04 -3.6016539000e-03 +6.6951145000e-03 +2.2110083000e-03 +1.3061479000e-03 -5.2334439000e-03 -1.6541479000e-03 +2.0626131000e-03 -2.3375464000e-03 +5.6296143000e-03 +2.5087361000e-03 -1.1028092000e-02 +2.6221770000e-04 -2.2675255000e-03 +4.5707301000e-03 -5.9486500000e-05 +1.3252800000e-05 +1.9291800000e-05 +4.7037060000e-04 -6.0933890000e-04 +9.2257350000e-04 -5.1460880000e-04 -2.0734039000e-03 +4.1497832000e-03 +5.0893736000e-03 -9.3189097000e-03 +2.2034850900e-02 +8.1587000000e-06 +3.0068400000e-05 +1.1796860000e-04 +1.2563128000e-03 +1.2980627000e-03 -4.0324302000e-03 -1.8562559000e-03 +4.6456250000e-04 +9.0810440000e-04 +1.2230910000e-04 -9.4510500000e-05 +6.8026200000e-05 +1.1482420000e-04 -8.1434400000e-05 +1.0343590000e-04 -6.4887046000e-03 +4.9411341000e-03 -4.4491292000e-03 +2.4562930400e-02 +2.0360337000e-02 -6.8030599400e-02 +2.2727427000e-03 -2.4602537000e-03 +2.7956445000e-03 -4.2718300000e-05 +1.7393900000e-05 +7.8201000000e-06 +1.0606759000e-03 +2.7730210000e-04 -1.7343717000e-03 +1.2507663000e-03 +8.1493210000e-04 +2.0005564000e-03 -3.1712739400e-02 +1.0389246110e-01 -2.4171858650e-01 -1.7513197000e-03 -6.7868740000e-04 +4.7959710000e-04 -3.0532540000e-03 +9.4233600000e-04 +1.2664071000e-03 -1.1568800000e-05 -1.0880900000e-05 +2.1164000000e-05 +4.5605900000e-05 -3.9967900000e-05 +3.4265900000e-05 -1.8029400000e-05 -2.6293680000e-04 -3.8670300000e-05 -3.8138555700e-02 +1.9263249100e-02 +4.7704264000e-03 -1.4406322920e-01 -1.7386240000e-01 +6.3416531510e-01 -7.4268000000e-06 +1.0572100000e-05 -1.3153800000e-05 +1.1005381500e-02 +1.1995774600e-02 -4.1184220300e-02 +1.3860955230e-01 +3.8107953300e-02 -2.7497894990e-01 -2.9107873200e-02 +2.8565796700e-02 -6.0744997000e-02 +4.7465094900e-02 -4.2060677000e-02 +4.2632625100e-02 -1.7909130000e-04 -2.2963850000e-04 -6.4526300000e-05 +1.7810189500e-02 -1.8573217000e-03 -1.3259955500e-02 -8.1579180000e-04 +2.6368895000e-03 +1.0849687000e-03
+2.4362200000e-05 +9.4066300000e-05 +4.3960200000e-05 -1.0757370000e-04 -3.4443690000e-04 -1.3969130000e-04 -2.5640690000e-04 -2.0211270000e-04 -6.0921100000e-05 +4.0219700000e-05 +5.3385400000e-05 -3.0188000000e-06 -2.9885640000e-04 -3.4988460000e-04 +7.2342700000e-05 +2.5941200000e-05 +3.3489700000e-05 +3.5238200000e-05 +1.4016030000e-04 -5.2063870000e-04 +6.6485000000e-04 +2.3978200000e-05 -2.5024800000e-05 +2.4030300000e-05 -2.9079100000e-05 -3.2384400000e-05 +7.9470000000e-06 +1.2709000000e-06 -3.5132000000e-06 +3.9314000000e-06 -2.8334155000e-03 +3.8591745000e-03 +1.0040032000e-03 -1.0785986000e-03 +3.5899461000e-03 +3.4537991000e-03 +7.8293100000e-05 +6.6573100000e-05 +1.6462600000e-05 -2.4266000000e-06 -4.6850000000e-07 -9.0320000000e-07 -1.0860200000e-05 +3.0755000000e-06 +3.4543600000e-05 +6.6150000000e-07 -4.4550000000e-07 -2.6732200000e-05 +1.4040846000e-03 +1.0356439100e-02 -2.1339893500e-02 -1.8046460000e-04 +2.4763880000e-04 -8.7523890000e-04 +6.7313699000e-03 -1.0918677700e-02 +1.7810188900e-02 +1.5708100000e-05 +9.4650000000e-06 -1.3909800000e-05 -1.1655300000e-05 +1.0561500000e-05 +1.7486000000e-05 +5.1660000000e-07 -4.2580000000e-07 +7.7510000000e-07 -5.8649872600e-02 +2.4701277600e-02 -2.5567150600e-02 +9.0023250000e-04 -1.0872221000e-03 -7.3274950000e-04 +5.0069950000e-04 -1.6723377000e-03 -8.2310220000e-04 -7.0760000000e-07 +6.3930000000e-07 +2.2500000000e-07 +5.9888000000e-06 -5.1145000000e-06 +2.0121300000e-05 -1.9230000000e-07 +4.0472000000e-06 -7.4291000000e-06 +5.3566953200e-02 -2.7860752900e-02 +2.6383498100e-02 +2.6116000000e-06 -4.5838000000e-06 -8.7341000000e-06 -7.6358000000e-06 +8.0230000000e-07 +1.9640000000e-07 +4.2910000000e-07 +1.0870000000e-07 +3.7180000000e-07 +3.3322000000e-06 -5.2583000000e-06 +3.6605000000e-06 -1.0950000000e-07 +5.0490000000e-07 +2.7660000000e-07 +1.2470000000e-07 +4.4380000000e-07 +5.1930000000e-07 +9.1700000000e-07 +1.6339000000e-06 +1.0508000000e-06
+1.2748410000e-04 +1.9196320000e-04 -5.9056000000e-06 -3.4917770000e-04 -6.6023770000e-04 -1.9031550000e-04 -2.7956430000e-04 -4.9046050000e-04 -1.8007290000e-04 +3.5759100000e-05 +7.4825400000e-05 +1.0759340000e-04 -3.3260380000e-04 -4.2381830000e-04 -7.1548370000e-04 +4.6049900000e-05 +8.2324100000e-05 +4.3089600000e-05 -7.1369000000e-06 -1.5358190000e-04 -2.3875600000e-04 +2.5119600000e-05 +4.5429000000e-06 -4.3356900000e-05 -1.5597600000e-05 -5.0462500000e-05 -5.8660100000e-05 -1.9140000000e-07 -1.6184000000e-06 -6.6580000000e-07 +4.0970632000e-03 +3.0485397000e-03 +1.4789705000e-03 +3.2581980000e-03 +6.5783447000e-03 +2.3547199000e-03 +6.3942200000e-05 +1.5686520000e-04 +7.8701500000e-05 -2.5735000000e-06 -2.6601000000e-06 -5.3070000000e-07 -4.6950000000e-06 +1.2420000000e-05 +3.7604400000e-05 -1.2953700000e-05 -2.6124200000e-05 +1.5285100000e-05 -3.2806860000e-04 -3.5326701000e-03 +1.2029184000e-02 -1.7272450000e-04 -5.4711760000e-04 +2.6801140000e-04 +1.8879110000e-04 +2.4980907000e-03 -1.8574395000e-03 +2.0243100000e-05 +1.8259500000e-05 -1.4740700000e-05 +1.4187700000e-05 +2.0552900000e-05 -3.8051000000e-06 +3.3680000000e-07 +1.3830000000e-07 +1.8060000000e-07 +2.4272081300e-02 -9.7684487000e-02 +1.1030971960e-01 -1.5732296000e-03 -8.8313880000e-04 -5.9807760000e-04 -1.2135727000e-03 -2.2596955000e-03 -1.5621172000e-03 +1.2420000000e-07 +5.2490000000e-07 +4.0510000000e-07 +1.9865000000e-06 +6.1302000000e-06 +1.6056900000e-05 -3.1402000000e-06 -2.5266000000e-06 +1.0568100000e-05 -2.7860748000e-02 +9.4036512600e-02 -1.2126667660e-01 -7.9610000000e-07 -9.0523000000e-06 -1.1184300000e-05 +3.4170000000e-06 -5.2724000000e-06 -4.8465000000e-06 +3.1890000000e-07 +6.6700000000e-07 +3.4580000000e-07 -6.6270000000e-07 -3.1288000000e-06 -4.8820000000e-07 +3.0620000000e-07 +8.2900000000e-07 +3.6190000000e-07 +4.4770000000e-07 +1.0676000000e-06 +4.4750000000e-07 +1.5781000000e-06 +3.4822000000e-06 +1.8725000000e-06
-2.6354400000e-05 +2.8513300000e-05 +2.2022180000e-04 -1.2895220000e-04 -1.9509710000e-04 -3.7396530000e-04 +1.0657880000e-04 -2.6085820000e-04 -2.7438870000e-04 +3.3932900000e-05 +8.9349300000e-05 -8.1662800000e-05 +4.4978200000e-05 -7.0045720000e-04 +5.0869040000e-04 +8.3975000000e-06 +5.6517900000e-05 -2.9162000000e-06 -4.2614350000e-04 +3.0813880000e-04 -4.6952710000e-04 -8.3273900000e-05 +9.6247000000e-06 +6.4394900000e-05 -2.7002700000e-05 -4.1254600000e-05 +3.0053400000e-05 -3.1180000000e-06 +2.8766000000e-06 -4.8312000000e-06 +5.0097580000e-04 +1.7268473000e-03 +1.6094086000e-03 +4.1600492000e-03 +2.0016377000e-03 +6.5229020000e-04 +2.0943000000e-05 +7.6089300000e-05 +4.2299000000e-05 +3.5971000000e-06 -2.7604000000e-06 -2.1336000000e-06 +5.1092700000e-05 +2.9943300000e-05 -8.9719500000e-05 -3.3670000000e-07 +2.1216000000e-06 -2.9449800000e-05 +1.2843082000e-03 +6.7956740000e-04 -8.2927760000e-04 +1.8269000000e-05 -1.8093610000e-04 -1.4379770000e-04 -5.7567920000e-03 +9.9562166000e-03 -1.3260017600e-02 -3.7213100000e-05 -3.5973000000e-06 +6.8447900000e-05 +1.0236700000e-05 -6.4200000000e-08 +1.5078600000e-05 -8.6590000000e-07 +1.0145000000e-06 -8.2440000000e-07 -2.4623864700e-02 +1.0984537310e-01 -2.4013173400e-01 +2.9687460000e-04 -1.1156556000e-03 +9.4537800000e-05 -1.7977733000e-03 -1.0714643000e-03 +5.7863670000e-04 +1.3377000000e-06 -1.4570000000e-07 -3.1530000000e-07 +4.9995000000e-06 +2.4084000000e-05 -4.1596000000e-05 +7.5208000000e-06 +2.8385000000e-06 -1.3151100000e-05 +2.6383492500e-02 -1.2126667900e-01 +2.5184937830e-01 -1.7004600000e-05 -7.4532000000e-06 +1.9119000000e-05 -4.6341000000e-06 -2.2834000000e-06 +3.9310000000e-06 -8.5800000000e-08 +5.7790000000e-07 -1.4350000000e-07 -6.5502000000e-06 +4.9262000000e-06 -7.1727000000e-06 +7.0200000000e-07 +1.4670000000e-07 +8.9600000000e-08 +5.1490000000e-07 +4.4060000000e-07 -1.6000000000e-09 +1.1686000000e-06 +1.8205000000e-06 +6.4200000000e-08
-1.2907678000e-03 +3.9847760000e-04 +8.1610930000e-04 +5.0075720000e-04 +9.0380200000e-05 -5.8206940000e-04 +1.9592718000e-03 +4.7057200000e-05 -2.8966775000e-03 +9.1479070000e-04 -3.3556300000e-05 -1.7285000000e-03 -4.6933530000e-04 +2.7306570000e-04 -1.6013170000e-04 +5.2290800000e-05 -2.3607500000e-05 -7.6847000000e-06 -4.9283150000e-04 -8.2574210000e-04 +2.1344599000e-03 -6.1664540000e-04 -2.1127516000e-03 +5.3683889000e-03 -3.6027500000e-03 +1.2275339000e-03 +2.9906070000e-04 +7.6111900000e-05 -3.2529000000e-06 -1.8395200000e-05 -4.0131000000e-06 -1.3042800000e-04 +2.5876600000e-04 +1.1637138000e-03 +7.5145200000e-05 -1.3427807000e-03 -6.9717000000e-06 +2.6722000000e-06 -1.3458700000e-05 +6.5833300000e-05 +5.8015700000e-05 +1.0737500000e-05 +8.9292600000e-03 +4.0735189000e-03 -9.8955945000e-03 -1.6456428000e-03 +3.8784316000e-03 -1.0879759000e-03 -4.5002840000e-04 +4.6809100000e-04 -4.9498130000e-04 +2.4003000000e-05 -9.6609000000e-06 -6.3408000000e-06 -4.1203020000e-04 -3.5952770000e-04 +1.2563121000e-03 +3.2487913000e-03 -1.1281011600e-02 +2.1645674100e-02 -3.3183581100e-02 +1.2786927600e-02 +1.3505083200e-02 -7.8734240000e-04 -1.7805760000e-04 +5.5582780000e-04 +1.0978220000e-03 -3.3431700000e-04 -4.6106380000e-04 -6.2147000000e-06 +3.3700000000e-06 +4.2340000000e-07 -1.2322100000e-05 +9.8251000000e-06 -8.5314000000e-06 +5.2479820000e-04 -1.0049497000e-03 -1.4270642000e-03 -2.2679032820e-01 +2.7594938500e-02 +1.2352560150e-01 -1.8645162000e-03 -6.3082600000e-03 +1.1005380100e-02 +2.6105000000e-06 -7.9400000000e-07 -1.7005600000e-05 +5.9607065310e-01 -2.1226308720e-01 -6.3555982900e-02 +6.2953782000e-03 +1.3805269900e-02 -3.1760215700e-02 +2.8818280000e-04 -4.7760240000e-04 -7.4782500000e-05 -1.2146027280e-01 +6.4766080900e-02 -5.7859106400e-02 -2.3119139590e-01 +1.1269921450e-01 -2.6374878300e-02 -2.8334192000e-03 +4.0970507000e-03 +5.0099240000e-04 +5.9061517000e-03 -1.1008455200e-02 +1.8890402000e-02
-6.4809230000e-04 +4.2840010000e-04 +3.6111080000e-04 +2.5418970000e-04 -5.0321200000e-05 +1.1545720000e-04 +9.6004150000e-04 -4.7951730000e-04 -1.4423116000e-03 +3.7476310000e-04 -3.8654400000e-04 -1.2338821000e-03 -2.4834730000e-04 +3.8023720000e-04 -7.0136250000e-04 +4.5698900000e-05 -2.2577000000e-05 -4.8205000000e-06 -5.5332540000e-04 -4.8950950000e-04 +1.3533782000e-03 -8.3858960000e-04 -6.1052460000e-04 +2.6712001000e-03 -2.4743009000e-03 +2.4536500000e-04 +2.6425880000e-04 +5.6090700000e-05 +1.9242300000e-05 +1.0133900000e-05 -1.3042820000e-04 -3.4627120000e-04 +8.2872970000e-04 +9.9112540000e-04 +9.8746000000e-05 -1.1597916000e-03 -2.0739100000e-05 +4.4785000000e-06 -1.7800200000e-05 +6.3737400000e-05 +1.4555270000e-04 +2.8918300000e-05 +6.7488853000e-03 +3.8504857000e-03 +1.0227496000e-03 +4.1007216000e-03 +1.8566740000e-03 +2.4345853000e-03 -6.6717410000e-04 +7.3907650000e-04 -8.2019700000e-04 +1.7068300000e-05 -7.9633000000e-06 -3.8653000000e-06 -5.6360530000e-04 -2.7649590000e-04 +1.2980691000e-03 -1.4900216100e-02 -1.9532073000e-03 +2.2347355200e-02 +8.2234998000e-03 +8.6170414000e-03 -1.6325642800e-02 +3.1908420000e-04 -4.6263120000e-04 -6.5901880000e-04 +1.3258267000e-03 -3.9532460000e-04 -5.7695290000e-04 -3.7706000000e-06 +3.8890000000e-07 +4.9502000000e-06 -9.0397000000e-06 +6.8156000000e-06 -6.1248000000e-06 -1.9367746000e-03 -1.4220211000e-03 -9.0547760000e-04 +3.5668410700e-02 -7.1871006200e-02 -3.1192993000e-03 -9.7408305000e-03 -4.8453652000e-03 +1.1995771100e-02 -4.5831000000e-06 -9.0578000000e-06 -7.4454000000e-06 -2.1226309920e-01 +3.2729515130e-01 -2.2911759100e-01 +3.4765322600e-02 -1.9381989800e-02 +1.2517436200e-02 -5.4490370000e-04 -3.1686750000e-04 -2.9713110000e-04 +3.4400100500e-02 -1.4573425860e-01 +1.7339306240e-01 +1.1327581020e-01 -1.0056945200e-01 +2.6639708700e-02 +3.8591618000e-03 +3.0485099000e-03 +1.7268722000e-03 +9.8267300000e-05 +2.8947227000e-03 -2.6150376000e-03
+3.0358637000e-03 -7.5013880000e-04 -1.3566209000e-03 -9.3066180000e-04 +2.8987130000e-04 +5.0512840000e-04 -4.8389321000e-03 -4.7706690000e-04 +5.4521797000e-03 -2.5952186000e-03 -8.0221910000e-04 +3.6663961000e-03 +9.4496110000e-04 -1.2560675000e-03 +1.5814093000e-03 -1.5462430000e-04 +6.8483600000e-05 +1.6275800000e-05 +1.5616901000e-03 +1.6458770000e-03 -5.2635483000e-03 +2.6800197000e-03 +4.0326699000e-03 -1.1129890100e-02 +8.1478569000e-03 -3.6636721000e-03 -1.7479168000e-03 -1.4450030000e-04 +7.2884300000e-05 +5.0209100000e-05 +2.5876940000e-04 +8.2873270000e-04 -2.0522504000e-03 -3.2871295000e-03 -1.8938790000e-04 +3.9320860000e-03 +3.6132100000e-05 -4.2820800000e-05 +3.7634600000e-05 -2.2029000000e-06 +3.4935300000e-05 +1.1893140000e-04 -1.5594496600e-02 +3.8588709000e-03 +1.6075588400e-02 -1.5717645000e-03 +2.6671096000e-03 +1.0691564000e-03 +1.9108721000e-03 -2.0267490000e-03 +2.2818158000e-03 -6.3080400000e-05 +2.4330800000e-05 +1.3606600000e-05 +1.6892470000e-03 +1.0815955000e-03 -4.0324286000e-03 +2.9301392600e-02 +1.8511820000e-02 -6.9186174000e-02 +2.3170494700e-02 -2.1180332500e-02 +2.5272708100e-02 -4.9173230000e-04 -1.3372650000e-04 +1.8909240000e-04 -3.9792276000e-03 +1.1876263000e-03 +1.7101828000e-03 +1.5535000000e-05 -2.5301000000e-06 -1.0057700000e-05 +3.1590300000e-05 -2.6200600000e-05 +2.1419700000e-05 +5.5125780000e-04 -1.8959743000e-03 +6.0928100000e-04 +1.0645377140e-01 +5.4631778000e-03 -1.8007964840e-01 +1.8304232700e-02 +8.3376789000e-03 -4.1184221400e-02 -8.7334000000e-06 -1.1181200000e-05 +1.9116100000e-05 -6.3555994400e-02 -2.2911754520e-01 +6.6612291100e-01 -7.6164290800e-02 +3.4788318900e-02 +1.1182484600e-02 +7.0711200000e-05 -3.6939320000e-04 -2.1698800000e-05 +6.4868836000e-03 +1.4110852140e-01 -3.5297582470e-01 -2.7604672900e-02 +2.7250644900e-02 -5.9664892100e-02 +1.0040194000e-03 +1.4790088000e-03 +1.6094353000e-03 -4.6680301000e-03 +9.2128701000e-03 -1.2831865500e-02
+9.6946970000e-04 -2.6251670000e-03 +4.8744246000e-03 +1.4899980000e-03 +1.2526712000e-03 -4.1363974000e-03 -2.9778293000e-03 +1.0047986000e-03 +1.0080160000e-03 +2.7406628000e-03 +1.1759004000e-03 -6.0975715000e-03 +5.1716730000e-04 -2.3655775000e-03 +4.3636834000e-03 -1.0358900000e-04 +4.5247900000e-05 +2.4210800000e-05 +1.1053426000e-03 +3.4493540000e-04 -1.9339188000e-03 +6.1321410000e-04 +1.6825950000e-04 -9.1080430000e-04 +2.7098953000e-03 -7.6198769000e-03 +1.2199331700e-02 -3.8084000000e-05 -1.3571800000e-05 +4.6185000000e-05 +1.0978195000e-03 +1.3258192000e-03 -3.9792402000e-03 -2.8975850000e-03 +2.2960520000e-04 +2.5732975000e-03 +1.0617850000e-04 -8.5345600000e-05 +6.5599400000e-05 +5.1023100000e-05 -5.5245600000e-05 +6.1560000000e-05 -7.6260044000e-03 +2.8547988000e-03 +2.4782023000e-03 +1.3979575500e-02 +7.0647889000e-03 -2.3251172200e-02 +2.5075747000e-03 -2.6902283000e-03 +3.0540587000e-03 -5.2973100000e-05 +2.0737600000e-05 +9.9996000000e-06 +1.5098976000e-03 +6.9304930000e-04 -3.0532629000e-03 +1.8237027000e-03 +3.5082136000e-03 -9.9243185000e-03 +1.0624136400e-02 -3.0614879100e-02 +5.8820978500e-02 +1.5848600000e-05 -1.4105690000e-04 -3.0706200000e-05 -3.9459275000e-03 +1.1991780000e-03 +1.6565108000e-03 -1.2664000000e-06 -5.7217000000e-06 +1.0076300000e-05 +4.3380100000e-05 -3.6950200000e-05 +3.1521600000e-05 -1.2878900000e-04 +2.9885000000e-05 -3.6044000000e-05 -3.1295541800e-02 +1.2665337000e-03 +2.2547759300e-02 -2.7186469670e-01 +4.7582401300e-02 +1.3860954720e-01 -7.6331000000e-06 +3.4234000000e-06 -4.6355000000e-06 +6.2953810000e-03 +3.4765318000e-02 -7.6164291300e-02 +6.2391112800e-01 -1.9398594750e-01 -1.3186593940e-01 -1.2999578200e-02 -6.3606480000e-04 +1.7095588000e-02 -2.7028989360e-01 +1.0078771780e-01 +1.9094614600e-02 +2.2674330000e-03 +2.3991105000e-03 +1.8736537000e-03 -5.8649772900e-02 +2.4272069400e-02 -2.4623443100e-02 -1.1499645800e-02 +8.8811822000e-03 -4.4870795000e-03
-2.2145770000e-04 +1.1406989000e-03 -1.4822549000e-03 -4.3384010000e-04 -3.1854800000e-04 +1.3182134000e-03 +1.0637168000e-03 -3.1687770000e-04 -4.9462880000e-04 -1.1643391000e-03 -9.8465560000e-04 +1.8946990000e-03 -2.2009810000e-04 +6.6290210000e-04 -1.3631523000e-03 +3.8242500000e-05 -6.5135000000e-06 -3.4389000000e-06 -3.6234810000e-04 -1.7071060000e-04 +6.7878800000e-04 -2.2606570000e-04 -1.4493320000e-04 +7.3029540000e-04 -1.4750919000e-03 +1.6944956000e-03 -4.1103130000e-03 +1.0763200000e-05 -1.6212900000e-05 -1.9993800000e-05 -3.3431220000e-04 -3.9531640000e-04 +1.1876122000e-03 +9.2613210000e-04 -9.0194300000e-05 -8.1290500000e-04 -2.7323400000e-05 +1.9737200000e-05 -1.7140800000e-05 +3.1865000000e-06 -1.0374000000e-06 -4.6308000000e-06 +2.8526734000e-03 -3.6285730000e-04 -1.3821168000e-03 -1.0679935000e-03 +1.2856396000e-03 +1.1421953200e-02 -7.4695510000e-04 +8.2346460000e-04 -9.1538910000e-04 +1.7003600000e-05 -8.4815000000e-06 -4.0853000000e-06 -4.4314140000e-04 -2.0513410000e-04 +9.4232660000e-04 -1.0144506000e-03 -2.0705164000e-03 +4.3485458000e-03 -1.2769492100e-02 +1.2375896000e-02 -2.0975272000e-03 -4.4219100000e-05 -2.1307050000e-04 -1.3347740000e-04 +1.1991672000e-03 -3.6526410000e-04 -4.9417260000e-04 -1.0823000000e-06 -1.0498000000e-06 -4.6004000000e-06 -1.2784000000e-05 +1.0600500000e-05 -9.3331000000e-06 +2.2416000000e-06 -8.0403200000e-05 -5.0414300000e-05 +6.9240280000e-03 -4.4066499000e-03 -1.4026766500e-02 +1.7218536600e-02 -7.3360786300e-02 +3.8107950600e-02 +8.0010000000e-07 -5.2724000000e-06 -2.2833000000e-06 +1.3805267100e-02 -1.9381988500e-02 +3.4788318600e-02 -1.9398598510e-01 +3.0279527200e-01 -1.9520574300e-01 +1.0533663400e-02 +1.8368865000e-03 -1.1257926200e-02 +1.3422747850e-01 -1.3006219610e-01 +2.3807471600e-02 +2.8209438000e-03 +5.3298239000e-03 +4.3993294000e-03 +2.4701207500e-02 -9.7685557400e-02 +1.0984609630e-01 -1.7940803000e-03 +2.6788033000e-03 +4.2069390000e-04
-2.1207250000e-04 +1.0696104000e-03 -1.7090387000e-03 -5.7137910000e-04 -4.7151500000e-04 +1.6900669000e-03 +8.9166470000e-04 -4.3468270000e-04 -4.2597300000e-05 -1.1563114000e-03 -5.8513440000e-04 +1.7902919000e-03 -1.8011870000e-04 +9.1635800000e-04 -1.8406362000e-03 +4.0588300000e-05 -1.1349800000e-05 -7.6050000000e-06 -4.4053920000e-04 -7.1627500000e-05 +5.8671010000e-04 -8.0181200000e-05 +3.1319060000e-04 -4.9055050000e-04 -8.0165340000e-04 +2.4129345000e-03 -5.2389600000e-03 -3.9618000000e-06 +5.4409000000e-06 -2.7214500000e-05 -4.6106020000e-04 -5.7694910000e-04 +1.7101866000e-03 +1.1063773000e-03 -7.5104900000e-05 -1.0236911000e-03 -5.7159600000e-05 +4.4474900000e-05 -3.5486100000e-05 -6.2670600000e-05 +5.7564800000e-05 -5.7243600000e-05 +2.4976240000e-03 -1.3905119000e-03 +7.0730130000e-04 -6.0652282000e-03 +2.7959817000e-03 +6.6603268000e-03 -1.0645035000e-03 +1.1503114000e-03 -1.2895108000e-03 +1.8227800000e-05 -8.1420000000e-06 -3.8888000000e-06 -6.4740270000e-04 -2.6498220000e-04 +1.2664108000e-03 -3.4818510000e-04 -4.5354050000e-04 +8.0903670000e-04 +2.1042651800e-02 +1.6845788700e-02 -5.3064099400e-02 -2.3850400000e-04 -3.0248600000e-05 +1.7192700000e-05 +1.6565033000e-03 -4.9417570000e-04 -7.1057650000e-04 -2.9120000000e-07 +4.7340000000e-07 -4.6414000000e-06 -1.9293800000e-05 +1.6250400000e-05 -1.3986700000e-05 +2.2465500000e-05 -7.9767000000e-05 +4.1747900000e-05 +1.0571750000e-02 -8.0189102000e-03 -1.7951266000e-03 +2.0296396140e-01 +5.8436859000e-03 -2.7497895480e-01 +1.9670000000e-07 -4.8489000000e-06 +3.9252000000e-06 -3.1760209800e-02 +1.2517437900e-02 +1.1182483500e-02 -1.3186593330e-01 -1.9520569860e-01 +6.6738405350e-01 -6.5749048000e-03 +6.1776650000e-04 +7.4849718000e-03 -5.1754853700e-02 +5.9343228000e-02 -1.2222631670e-01 +9.7851520000e-04 +4.8482996000e-03 -2.5052270000e-03 -2.5566739700e-02 +1.1031042720e-01 -2.4013078660e-01 +1.8142627600e-02 -1.0932042500e-02 +5.8614274000e-03
-1.0103700000e-05 +1.2547500000e-05 -2.0999500000e-05 -1.4254000000e-05 -1.4913200000e-05 +3.1939500000e-05 +3.8243600000e-05 +1.6714400000e-05 -7.4534100000e-05 +4.1753400000e-05 +3.7479200000e-05 +3.8259700000e-05 -1.0395100000e-05 +3.0444800000e-05 -4.3669400000e-05 +2.3452000000e-06 +1.4870000000e-07 -1.4990000000e-07 -2.0413900000e-05 -2.3894500000e-05 +7.0103800000e-05 -1.5455600000e-05 -3.0809400000e-05 +6.9517800000e-05 -1.4964380000e-04 +1.8463300000e-05 -1.2827000000e-05 -1.5872000000e-06 -1.0835200000e-05 -8.4111000000e-06 -1.2317200000e-05 -9.0437000000e-06 +3.1592100000e-05 +4.8477500000e-05 +1.7390000000e-06 -5.4441000000e-05 -1.0725000000e-06 +1.9024000000e-06 -6.4940000000e-07 -1.6175000000e-06 +8.8771000000e-06 +9.4090000000e-07 +4.6605700000e-05 -7.5231500000e-05 -3.0109100000e-05 +6.2174460000e-04 -1.7077770000e-03 +7.3258260000e-04 -2.5317700000e-05 +2.3980100000e-05 -2.5958000000e-05 +1.3324000000e-06 +1.7360000000e-07 +1.0890000000e-07 -1.5869100000e-05 -1.4246200000e-05 +4.5605000000e-05 -2.1076710000e-04 +1.0322440000e-04 +1.8297510000e-04 -1.8848115000e-03 +9.4694910000e-04 +7.9845590000e-04 +1.8906700000e-05 +3.7708830000e-04 -4.3567430000e-04 +4.3381200000e-05 -1.2781500000e-05 -1.9294600000e-05 +2.7690000000e-07 +5.4970000000e-07 -2.3930000000e-07 -2.7370000000e-07 +7.3830000000e-07 -3.0560000000e-07 -1.4962000000e-06 +5.5340700000e-05 -5.1082600000e-05 +2.1911922000e-03 +1.4205425000e-03 +6.2834550000e-04 -2.2896027730e-01 +1.1300597460e-01 -2.9107865600e-02 +4.2880000000e-07 +3.0900000000e-07 -8.6800000000e-08 +2.8818800000e-04 -5.4490450000e-04 +7.0712400000e-05 -1.2999581900e-02 +1.0533663900e-02 -6.5749044000e-03 +2.4095545480e-01 -1.2496501420e-01 +3.1778425700e-02 +3.8190250000e-04 +2.1870942000e-03 +4.3424901000e-03 -2.4934880000e-04 -3.6177780000e-04 -2.3104980000e-04 +5.0069860000e-04 -1.2135688000e-03 -1.7977700000e-03 -5.9632070000e-04 +2.0081180000e-04 -3.3201320000e-04
+5.2902000000e-06 -1.3947000000e-05 +1.3551600000e-05 +4.1276000000e-06 -1.1324000000e-06 -3.1316000000e-05 -2.9389000000e-05 -1.5553500000e-05 +6.6590400000e-05 +4.1428800000e-05 +1.1806320000e-04 +2.8268600000e-05 +1.3501300000e-05 -1.6625100000e-05 +4.0331900000e-05 -8.9250000000e-07 +2.2827000000e-06 +1.3602000000e-06 +1.5395800000e-05 +1.9484600000e-05 -6.1574500000e-05 +4.6567000000e-06 +2.0061700000e-05 -7.1498400000e-05 +5.7602900000e-05 -9.3926900000e-05 -1.2355690000e-04 -1.7793700000e-05 -2.0441900000e-05 -3.6351000000e-06 +9.8237000000e-06 +6.8174000000e-06 -2.6200900000e-05 -4.1068200000e-05 -1.4436000000e-06 +4.7776800000e-05 +1.9812000000e-06 +3.9410000000e-07 +1.5060000000e-06 +9.0302000000e-06 +7.6877000000e-06 +1.0076100000e-05 -7.0684900000e-05 -6.1534000000e-05 -7.3522700000e-05 -7.5424740000e-04 -9.4294860000e-04 -1.6267512000e-03 +2.0163400000e-05 -2.1823400000e-05 +2.0738700000e-05 -2.6210000000e-07 +1.5490000000e-06 +7.5440000000e-07 +1.2555400000e-05 +1.1250500000e-05 -3.9968100000e-05 +6.2914720000e-04 -1.4068190000e-04 -1.5001200000e-05 +1.1388125000e-02 -4.7990975000e-03 -3.3044800000e-04 -1.6378700000e-05 +2.4034400000e-04 +2.6633860000e-04 -3.6952500000e-05 +1.0599800000e-05 +1.6250900000e-05 +3.5350000000e-07 +6.4250000000e-07 +7.1090000000e-07 +7.4100000000e-07 +2.1510000000e-07 +6.9530000000e-07 +5.8142900000e-05 -4.0994800000e-05 +1.5334400000e-04 +8.5045460000e-04 +3.4219537000e-03 +3.7220392000e-03 +1.1358401370e-01 -1.0172155140e-01 +2.8565794700e-02 +1.0920000000e-07 +6.7390000000e-07 +5.7630000000e-07 -4.7760410000e-04 -3.1686750000e-04 -3.6939370000e-04 -6.3606440000e-04 +1.8368864000e-03 +6.1776910000e-04 -1.2496502330e-01 +9.9700538700e-02 -3.1940169900e-02 +2.6047740000e-03 +6.2346908000e-03 +2.7000132000e-03 -3.7203620000e-04 -8.1911340000e-04 -3.8322030000e-04 -1.6723253000e-03 -2.2596785000e-03 -1.0714852000e-03 -2.2069440000e-04 -3.4674450000e-04 -1.0675770000e-04
-5.5105000000e-06 +6.6702000000e-06 -1.3044800000e-05 -8.8966000000e-06 -1.1245600000e-05 +1.9398400000e-05 +2.2953500000e-05 +1.7183400000e-05 -5.9439900000e-05 +2.7416000000e-05 +3.1890300000e-05 +5.5400800000e-05 -7.8007000000e-06 +2.2479400000e-05 -3.0161500000e-05 +2.0187000000e-06 +2.7780000000e-07 -2.3680000000e-07 -1.2680200000e-05 -1.9573400000e-05 +5.2897100000e-05 -5.3002000000e-06 -3.3282800000e-05 +6.4730900000e-05 -9.3960300000e-05 -7.9766800000e-05 +1.4411010000e-04 +6.3770000000e-06 -1.1005900000e-05 -1.4473800000e-05 -8.5296000000e-06 -6.1240000000e-06 +2.1413500000e-05 +3.5831600000e-05 +2.2064000000e-06 -4.2057800000e-05 -8.3330000000e-07 +1.5997000000e-06 -3.9610000000e-07 +5.7850000000e-07 +1.0236500000e-05 -5.3190000000e-06 -3.8264800000e-05 -6.9748800000e-05 +5.6874600000e-05 -1.2862313000e-03 -6.1887510000e-04 +5.8281570000e-04 -1.7800900000e-05 +1.6607500000e-05 -1.8194300000e-05 +1.0276000000e-06 +2.9490000000e-07 +6.0000000000e-08 -1.0898500000e-05 -1.1339700000e-05 +3.4259300000e-05 -9.2860020000e-04 +5.4209660000e-04 +3.8124000000e-06 -2.1304018700e-02 +1.0772696800e-02 +5.8036830000e-04 +3.9353050000e-04 -1.4951500000e-04 +2.5735300000e-04 +3.1529000000e-05 -9.3347000000e-06 -1.3990000000e-05 +1.8870000000e-07 +5.0210000000e-07 -1.1130000000e-07 -3.1070000000e-07 +6.9730000000e-07 -2.3800000000e-07 -5.7175800000e-05 +1.5620770000e-04 -2.0951880000e-04 +1.8224622000e-03 +3.1236351000e-03 -2.9375260000e-03 -3.0333906600e-02 +2.9170655100e-02 -6.0744995200e-02 +3.7100000000e-07 +3.4130000000e-07 -1.3850000000e-07 -7.4782000000e-05 -2.9713070000e-04 -2.1700900000e-05 +1.7095584800e-02 -1.1257925500e-02 +7.4849733000e-03 +3.1778436400e-02 -3.1940174400e-02 +5.5756116300e-02 +3.4464042000e-03 +3.1515179000e-03 -1.5246672000e-03 -2.0744430000e-04 -3.9558830000e-04 -1.2862020000e-04 -8.2310670000e-04 -1.5621366000e-03 +5.7861960000e-04 +5.6134050000e-04 -5.5504200000e-04 +7.1634100000e-05
-1.1808863000e-03 +1.2685409000e-03 -1.4513602000e-03 -2.7751020000e-04 -5.2079660000e-04 +1.3625345000e-03 +2.6444228000e-03 -2.7262000000e-05 -2.3932656000e-03 -3.5339470000e-04 -3.3727550000e-04 +1.1783435000e-03 -5.1718590000e-04 +1.1979282000e-03 -1.9991049000e-03 +7.1009300000e-05 -3.1147800000e-05 -1.0951500000e-05 -8.8395970000e-04 -7.0659530000e-04 +2.5239381000e-03 -1.2140418000e-03 -1.6189024000e-03 +3.9961797000e-03 -2.6919483000e-03 +3.4169461000e-03 -3.9377641000e-03 +1.3074300000e-05 -9.0340000000e-07 -1.2992600000e-05 -4.5002550000e-04 -6.6716690000e-04 +1.9108725000e-03 +2.0470698000e-03 -4.3316800000e-05 -2.1745067000e-03 -4.6894800000e-05 +4.4654800000e-05 -3.3142400000e-05 -1.2037600000e-05 +1.3690400000e-05 -3.7827000000e-05 +6.6338006000e-03 -1.0230598000e-03 -5.9145691000e-03 -4.1606431000e-03 -1.7000697000e-03 +7.4580448000e-03 -1.4000920000e-03 +1.4902722000e-03 -1.6668850000e-03 +3.4299500000e-05 -1.3775200000e-05 -7.3058000000e-06 -9.9660630000e-04 -5.7441700000e-04 +2.2727442000e-03 -4.8487499000e-03 -3.2230011000e-03 +1.8496640700e-02 -3.7124204000e-03 +1.0087290600e-02 -2.5429107800e-02 -6.5663500000e-05 +9.1058000000e-06 -6.0240000000e-05 +2.5075699000e-03 -7.4696450000e-04 -1.0645082000e-03 -5.5703000000e-06 +1.0183000000e-06 -2.6789000000e-06 -2.5314400000e-05 +2.0163300000e-05 -1.7800400000e-05 -7.4306800000e-05 -5.4650800000e-05 -1.2177870000e-04 +3.0106443300e-02 -1.0535298500e-02 -4.3759794000e-03 -5.4382418800e-02 +6.8705255000e-03 +4.7465093900e-02 +3.3354000000e-06 -6.5940000000e-07 -6.5476000000e-06 -1.2146027170e-01 +3.4400106900e-02 +6.4868551000e-03 -2.7028989390e-01 +1.3422744750e-01 -5.1754838800e-02 +3.8189900000e-04 +2.6047813000e-03 +3.4464084000e-03 +5.9920276260e-01 -1.9683480720e-01 -9.9550733200e-02 -8.1508950000e-04 +1.1925704400e-02 -2.2489641600e-02 +1.4040908000e-03 -3.2812690000e-04 +1.2842769000e-03 -1.7518484710e-01 +1.1410051900e-02 +1.2663157680e-01
+1.2128662000e-03 -1.1831530000e-03 +1.1787311000e-03 +1.8557940000e-04 +4.9631130000e-04 -1.3126825000e-03 -2.4338459000e-03 +3.3149690000e-04 +2.5714267000e-03 +5.7113500000e-05 +3.2207490000e-04 -5.5473570000e-04 +5.0444620000e-04 -1.2373339000e-03 +2.0624978000e-03 -8.9456500000e-05 +3.6476200000e-05 +1.2549600000e-05 +9.7973350000e-04 +8.2669210000e-04 -2.6023857000e-03 +7.2061820000e-04 +9.2275270000e-04 -4.1332057000e-03 +3.4232173000e-03 -2.7409675000e-03 +3.0445521000e-03 -5.9764800000e-05 +1.6960600000e-05 +2.3374500000e-05 +4.6809250000e-04 +7.3906930000e-04 -2.0267557000e-03 -2.1911161000e-03 -7.5768900000e-05 +2.2894937000e-03 +5.2149800000e-05 -3.3867400000e-05 +3.9163600000e-05 -1.0102300000e-05 -2.8775200000e-05 +2.8555400000e-05 -7.1689932000e-03 -1.9866460000e-04 +5.9307134000e-03 +2.8244841000e-03 +8.1459900000e-04 -5.8348027000e-03 +1.4902689000e-03 -1.5914482000e-03 +1.7952364000e-03 -3.7925800000e-05 +1.4900000000e-05 +7.8856000000e-06 +1.0863322000e-03 +6.1404800000e-04 -2.4602631000e-03 +4.9018092000e-03 +1.0361200200e-02 -1.4121782200e-02 +4.4160453000e-03 -1.7698105400e-02 +1.6784680200e-02 +3.7421200000e-05 -1.1069220000e-04 -2.2646600000e-05 -2.6902288000e-03 +8.2347690000e-04 +1.1503177000e-03 +3.4879000000e-06 -6.1960000000e-06 -2.7193000000e-06 +2.3981300000e-05 -2.1827400000e-05 +1.6607900000e-05 -1.5234550000e-04 -1.6996050000e-04 -1.0977920000e-04 -2.8372024200e-02 +2.9942979000e-03 +3.4349566700e-02 +2.7831077500e-02 +9.8456318000e-03 -4.2060674200e-02 -5.2594000000e-06 -3.1346000000e-06 +4.9307000000e-06 +6.4766080000e-02 -1.4573425980e-01 +1.4110856770e-01 +1.0078774790e-01 -1.3006219420e-01 +5.9343225700e-02 +2.1870942000e-03 +6.2346878000e-03 +3.1515159000e-03 -1.9683483380e-01 +3.1459455920e-01 -2.1733442220e-01 +7.5687160000e-04 -4.0364904000e-03 +1.1579759200e-02 +1.0356545000e-02 -3.5326864000e-03 +6.7958490000e-04 +1.0972823300e-02 -4.1523741900e-02 +5.4239353000e-03
-1.3342980000e-03 +1.1196966000e-03 -9.7241260000e-04 -1.3127090000e-04 -5.6460870000e-04 +1.3018666000e-03 +2.6949240000e-03 +2.3454900000e-05 -2.5747883000e-03 +3.4848440000e-04 -1.3842480000e-04 +8.9949000000e-06 -5.3022040000e-04 +1.3263759000e-03 -2.2564979000e-03 +1.1190320000e-04 -4.8616600000e-05 -1.7048000000e-05 -1.0440946000e-03 -8.1576520000e-04 +2.9190258000e-03 -9.4849410000e-04 -1.6563967000e-03 +3.8364446000e-03 -3.9563708000e-03 +3.0499105000e-03 -1.8493541000e-03 +1.1114180000e-04 -3.8392000000e-05 -3.7331400000e-05 -4.9497770000e-04 -8.2018590000e-04 +2.2818116000e-03 +2.3704104000e-03 +1.3562100000e-05 -2.6318179000e-03 -4.9169800000e-05 +4.7281900000e-05 -3.6904200000e-05 +1.2629100000e-05 +3.3100000000e-06 -4.0706000000e-05 +7.0906316000e-03 -5.8227690000e-04 -7.2671848000e-03 -2.1166825000e-03 -1.0321765000e-03 +3.9079594000e-03 -1.6668810000e-03 +1.7952362000e-03 -2.0299174000e-03 +4.3631700000e-05 -1.7486300000e-05 -9.2049000000e-06 -1.2457833000e-03 -6.9613680000e-04 +2.7956419000e-03 +1.3017623000e-03 -5.5029412000e-03 +1.6411334900e-02 -1.3456868100e-02 +1.0781243200e-02 -1.6090059100e-02 -1.1881350000e-04 +6.2723000000e-06 +8.8658000000e-06 +3.0540510000e-03 -9.1540020000e-04 -1.2895152000e-03 -7.6862000000e-06 -3.4430000000e-07 +2.7852000000e-06 -2.5955300000e-05 +2.0741200000e-05 -1.8191900000e-05 +8.5374600000e-05 -2.1349360000e-04 +6.3716800000e-05 +3.3402952900e-02 +1.5393863700e-02 -6.3163834300e-02 +3.0599145000e-03 -1.9792819800e-02 +4.2632623600e-02 +3.6624000000e-06 -4.8700000000e-07 -7.1719000000e-06 -5.7859091200e-02 +1.7339302160e-01 -3.5297582550e-01 +1.9094600300e-02 +2.3807470300e-02 -1.2222631180e-01 +4.3424929000e-03 +2.7000140000e-03 -1.5246672000e-03 -9.9550743500e-02 -2.1733438520e-01 +6.8026251220e-01 +1.1876115000e-03 -2.8754960000e-04 +1.1706811000e-03 -2.1339862900e-02 +1.2029131800e-02 -8.2927060000e-04 +1.2756109400e-01 +4.9473342000e-03 -1.7975626960e-01
-2.8335100000e-05 -3.7050400000e-05 +1.0970360000e-04 +4.2545200000e-05 +2.2565700000e-05 -9.4845100000e-05 -2.7877000000e-05 +3.2417000000e-06 +1.7513200000e-05 +5.7814300000e-05 +1.3050300000e-05 -1.0090010000e-04 +7.0382000000e-06 -4.5738900000e-05 +8.9981900000e-05 -2.3338000000e-06 +1.8321000000e-06 +8.0440000000e-07 +1.4370800000e-05 +7.5517000000e-06 -4.5925900000e-05 +6.2290400000e-05 +4.4367700000e-05 +1.6002000000e-06 +4.9329000000e-05 -7.0811300000e-05 -4.2047100000e-05 -6.4395000000e-06 +8.4817000000e-06 +6.8546000000e-06 +2.3998900000e-05 +1.7066800000e-05 -6.3078600000e-05 -5.3756600000e-05 +8.5017000000e-06 +4.8733400000e-05 +2.2442000000e-06 -8.9770000000e-07 +2.1456000000e-06 -2.1882000000e-06 -1.7868700000e-05 +7.1406000000e-06 -8.4062100000e-05 +6.4798500000e-05 -1.7953730000e-04 -6.3401830000e-04 +5.7981210000e-04 -3.7682650000e-04 +3.4295800000e-05 -3.7928700000e-05 +4.3634100000e-05 -8.7550000000e-07 +6.7150000000e-07 +4.7840000000e-07 +1.3917000000e-05 +1.2876200000e-05 -4.2717700000e-05 +8.6858410000e-04 -7.2527620000e-04 -1.6045053000e-03 +5.7837190000e-04 +6.6681610000e-04 +3.9280284000e-03 -1.7249150000e-04 +3.8313800000e-05 +1.6551640000e-04 -5.2973200000e-05 +1.7006300000e-05 +1.8230400000e-05 +2.2120000000e-07 +8.0700000000e-08 +6.4000000000e-07 +1.3331000000e-06 -2.6570000000e-07 +1.0302000000e-06 +2.7631800000e-05 -1.4574200000e-05 +3.8194370000e-04 -1.3392720300e-02 +1.0063298200e-02 -6.2890901000e-03 +3.6911290000e-04 -4.6715020000e-04 -1.7909280000e-04 -1.1360000000e-07 +3.0660000000e-07 +7.0210000000e-07 -2.3119138790e-01 +1.1327579830e-01 -2.7604672100e-02 +2.2674364000e-03 +2.8209454000e-03 +9.7851250000e-04 -2.4934920000e-04 -3.7203820000e-04 -2.0744600000e-04 -8.1509400000e-04 +7.5687570000e-04 +1.1876120000e-03 +2.4258618240e-01 -1.2472025760e-01 +2.9840875800e-02 -1.8046590000e-04 -1.7272450000e-04 +1.8272800000e-05 -1.1225410000e-04 -1.7417003000e-03 -1.9259800000e-05
+9.0672000000e-06 +1.6737600000e-05 -4.2377300000e-05 -1.6659900000e-05 -1.0984600000e-05 +3.6800200000e-05 +1.0578400000e-05 -5.4681000000e-06 -9.7906000000e-06 -2.2415300000e-05 -1.5389200000e-05 +3.2177100000e-05 -3.0738000000e-06 +1.8590500000e-05 -3.4907000000e-05 +1.7557000000e-06 +1.0052000000e-06 +4.6930000000e-07 -1.1611100000e-05 -1.4944100000e-05 +1.4611800000e-05 +3.9639800000e-05 +1.0825250000e-04 +5.0984800000e-05 -7.4759100000e-05 -6.2820700000e-05 -6.6688400000e-05 +8.3155000000e-06 +1.0013800000e-05 +5.9197000000e-06 -9.6586000000e-06 -7.9624000000e-06 +2.4331100000e-05 +2.5496000000e-05 +4.2203000000e-06 -1.6533300000e-05 +1.3100000000e-07 +2.3293000000e-06 +1.8580000000e-07 -1.0891200000e-05 -2.0175300000e-05 -1.1612800000e-05 +2.6052800000e-05 -1.2660180000e-04 -2.2096500000e-05 +5.5466300000e-05 +6.3277600000e-05 +1.6153950000e-04 -1.3771300000e-05 +1.4900300000e-05 -1.7485800000e-05 +6.7040000000e-07 +5.0360000000e-07 +1.5470000000e-07 -5.9959000000e-06 -5.8253000000e-06 +1.7393400000e-05 -1.6778043000e-03 -1.0623551000e-03 -3.9698270000e-04 +1.2355151000e-03 +4.1996147000e-03 +1.6751998000e-03 +3.5779300000e-05 +4.1489800000e-05 +2.5692000000e-06 +2.0738500000e-05 -8.4828000000e-06 -8.1449000000e-06 +2.9760000000e-07 +7.6790000000e-07 +1.5780000000e-07 +1.7030000000e-07 +1.5529000000e-06 +2.9330000000e-07 +3.7720480000e-04 +2.3656630000e-04 -1.4171670000e-04 -3.7281370000e-04 +7.4446000000e-04 +4.2204690000e-04 -5.3368430000e-04 -3.5507290000e-04 -2.2963770000e-04 +5.0670000000e-07 +8.3020000000e-07 +1.4450000000e-07 +1.1269922960e-01 -1.0056945010e-01 +2.7250645000e-02 +2.3991040000e-03 +5.3298247000e-03 +4.8483008000e-03 -3.6177430000e-04 -8.1911400000e-04 -3.9558680000e-04 +1.1925705200e-02 -4.0364888000e-03 -2.8755410000e-04 -1.2472026630e-01 +9.8839432400e-02 -3.0568872600e-02 +2.4763540000e-04 -5.4711390000e-04 -1.8094080000e-04 -1.2838649000e-03 -1.9661009000e-03 -2.1130023000e-03
+1.1972300000e-05 +6.4632000000e-06 -2.5129400000e-05 -1.1799600000e-05 -4.6462000000e-06 +2.0402100000e-05 +2.5772000000e-06 -1.7547000000e-06 -3.7469000000e-06 -2.5703000000e-05 -5.2259000000e-06 +2.6919800000e-05 -5.3790000000e-07 +1.0293200000e-05 -2.0655900000e-05 +9.8960000000e-07 +3.7650000000e-07 +2.5600000000e-07 -5.3751000000e-06 -6.0120000000e-06 +4.6190000000e-06 +1.1020900000e-05 +4.5089600000e-05 +4.4625600000e-05 -3.4099900000e-05 -7.1244800000e-05 +5.5404000000e-05 +7.2123000000e-06 +5.7373000000e-06 -2.8268000000e-06 -6.3411000000e-06 -3.8658000000e-06 +1.3604300000e-05 +1.2951100000e-05 +1.4639000000e-06 -7.6874000000e-06 -2.6500000000e-08 +1.2744000000e-06 -1.8940000000e-07 -7.6057000000e-06 -4.1663000000e-06 -1.4181300000e-05 -9.6666800000e-05 -6.2652700000e-05 +1.1116130000e-04 +7.3581430000e-04 -3.9511210000e-04 +2.2330680000e-04 -7.3072000000e-06 +7.8861000000e-06 -9.2074000000e-06 +4.8050000000e-07 +1.5370000000e-07 +7.5200000000e-08 -2.5818000000e-06 -2.6939000000e-06 +7.8193000000e-06 +4.1077150000e-04 -1.4073588000e-03 +4.5597070000e-04 +2.7315949000e-03 +2.2695920000e-03 -2.1028350000e-03 +1.7189980000e-04 -9.3000000000e-08 -1.2099920000e-04 +9.9988000000e-06 -4.0851000000e-06 -3.8869000000e-06 +1.8620000000e-07 +3.8690000000e-07 -3.0600000000e-08 +1.1070000000e-07 +7.5260000000e-07 +5.9900000000e-08 -4.4813350000e-04 +2.7391130000e-04 +2.5376010000e-04 +1.5821992700e-02 -1.0666501600e-02 +6.5479185000e-03 -3.1620900000e-05 -2.9858890000e-04 -6.4525500000e-05 +2.7610000000e-07 +3.6070000000e-07 +9.1300000000e-08 -2.6374884100e-02 +2.6639710700e-02 -5.9664890600e-02 +1.8736569000e-03 +4.3993285000e-03 -2.5052282000e-03 -2.3105330000e-04 -3.8321860000e-04 -1.2862150000e-04 -2.2489642000e-02 +1.1579757300e-02 +1.1706859000e-03 +2.9840873500e-02 -3.0568871600e-02 +5.4983496400e-02 -8.7524010000e-04 +2.6801230000e-04 -1.4379750000e-04 -9.9576670000e-04 -1.6244660000e-03 +8.9826660000e-04
-1.0860800000e-05 +3.0762000000e-06 +3.4542400000e-05 +1.5708600000e-05 +9.4646000000e-06 -1.3909100000e-05 -2.9078800000e-05 -3.2384400000e-05 +7.9466000000e-06 +2.3977800000e-05 -2.5024400000e-05 +2.4031700000e-05 +5.9893000000e-06 -5.1141000000e-06 +2.0120400000e-05 -7.0780000000e-07 +6.3930000000e-07 +2.2490000000e-07 +6.6150000000e-07 -4.4560000000e-07 -2.6731700000e-05 +4.0219000000e-05 +5.3384900000e-05 -3.0178000000e-06 -2.5640800000e-04 -2.0211070000e-04 -6.0924000000e-05 -2.4258000000e-06 -4.6850000000e-07 -9.0320000000e-07 +2.6108000000e-06 -4.5840000000e-06 -8.7334000000e-06 -1.1654000000e-05 +1.0561500000e-05 +1.7485400000e-05 +5.1660000000e-07 -4.2570000000e-07 +7.7510000000e-07 +1.2703000000e-06 -3.5132000000e-06 +3.9314000000e-06 +2.4365900000e-05 +9.4065600000e-05 +4.3958100000e-05 +1.4015800000e-04 -5.2064180000e-04 +6.6485390000e-04 +3.3326000000e-06 -5.2578000000e-06 +3.6599000000e-06 -1.0950000000e-07 +5.0490000000e-07 +2.7660000000e-07 -1.9370000000e-07 +4.0470000000e-06 -7.4285000000e-06 -1.0757320000e-04 -3.4443880000e-04 -1.3968590000e-04 -1.0786227000e-03 +3.5899219000e-03 +3.4537984000e-03 +7.8292200000e-05 +6.6573400000e-05 +1.6462500000e-05 -7.6349000000e-06 +8.0200000000e-07 +1.9610000000e-07 +9.1680000000e-07 +1.6340000000e-06 +1.0507000000e-06 +4.2870000000e-07 +1.0870000000e-07 +3.7180000000e-07 +2.5940800000e-05 +3.3489800000e-05 +3.5238300000e-05 -2.9884920000e-04 -3.4988120000e-04 +7.2332200000e-05 +6.7313570000e-03 -1.0918769500e-02 +1.7810188800e-02 +1.2420000000e-07 +4.4380000000e-07 +5.1930000000e-07 -2.8334196000e-03 +3.8591617000e-03 +1.0040200000e-03 -5.8649771400e-02 +2.4701208400e-02 -2.5566746300e-02 +5.0070250000e-04 -1.6723285000e-03 -8.2310690000e-04 +1.4040903000e-03 +1.0356546000e-02 -2.1339864200e-02 -1.8046660000e-04 +2.4763510000e-04 -8.7523950000e-04 +5.3566881100e-02 -2.7860670900e-02 +2.6383059200e-02 +9.0023090000e-04 -1.0872189000e-03 -7.3274990000e-04
-4.6913000000e-06 +1.2421400000e-05 +3.7602000000e-05 +2.0238300000e-05 +1.8259000000e-05 -1.4739300000e-05 -1.5595700000e-05 -5.0462600000e-05 -5.8660900000e-05 +2.5115600000e-05 +4.5427000000e-06 -4.3354600000e-05 +1.9877000000e-06 +6.1311000000e-06 +1.6055500000e-05 +1.2720000000e-07 +5.2490000000e-07 +4.0520000000e-07 -1.2953500000e-05 -2.6124400000e-05 +1.5286000000e-05 +3.5758600000e-05 +7.4824400000e-05 +1.0759600000e-04 -2.7955870000e-04 -4.9045730000e-04 -1.8007890000e-04 -2.5750000000e-06 -2.6602000000e-06 -5.3070000000e-07 -7.9470000000e-07 -9.0527000000e-06 -1.1183100000e-05 +1.4187000000e-05 +2.0552600000e-05 -3.8060000000e-06 +3.3670000000e-07 +1.3840000000e-07 +1.8060000000e-07 -1.9140000000e-07 -1.6184000000e-06 -6.6580000000e-07 +1.2748920000e-04 +1.9196200000e-04 -5.9102000000e-06 -7.1390000000e-06 -1.5358520000e-04 -2.3874580000e-04 -6.6600000000e-07 -3.1279000000e-06 -4.8910000000e-07 +3.0630000000e-07 +8.2900000000e-07 +3.6190000000e-07 -3.1404000000e-06 -2.5270000000e-06 +1.0569100000e-05 -3.4917440000e-04 -6.6024200000e-04 -1.9030430000e-04 +3.2581654000e-03 +6.5783423000e-03 +2.3547356000e-03 +6.3940300000e-05 +1.5686590000e-04 +7.8701300000e-05 +3.4196000000e-06 -5.2728000000e-06 -4.8471000000e-06 +1.5793000000e-06 +3.4822000000e-06 +1.8725000000e-06 +3.2070000000e-07 +6.6700000000e-07 +3.4580000000e-07 +4.6048400000e-05 +8.2323900000e-05 +4.3089700000e-05 -3.3259380000e-04 -4.2381140000e-04 -7.1550590000e-04 +1.8881280000e-04 +2.4980452000e-03 -1.8573337000e-03 +4.4640000000e-07 +1.0677000000e-06 +4.4750000000e-07 +4.0970519000e-03 +3.0485181000e-03 +1.4789945000e-03 +2.4272070700e-02 -9.7685551500e-02 +1.1031043870e-01 -1.2135612000e-03 -2.2596835000e-03 -1.5621308000e-03 -3.2813840000e-04 -3.5326789000e-03 +1.2029126700e-02 -1.7272260000e-04 -5.4711560000e-04 +2.6801420000e-04 -2.7860664900e-02 +9.4037632400e-02 -1.2126746570e-01 -1.5732323000e-03 -8.8313110000e-04 -5.9807610000e-04
+5.1084800000e-05 +2.9943600000e-05 -8.9721100000e-05 -3.7205300000e-05 -3.5971000000e-06 +6.8448700000e-05 -2.7002200000e-05 -4.1255300000e-05 +3.0052700000e-05 -8.3270800000e-05 +9.6244000000e-06 +6.4395900000e-05 +4.9958000000e-06 +2.4084500000e-05 -4.1597200000e-05 +1.3318000000e-06 -1.4590000000e-07 -3.1540000000e-07 -3.3860000000e-07 +2.1213000000e-06 -2.9449200000e-05 +3.3932200000e-05 +8.9349500000e-05 -8.1661400000e-05 +1.0656910000e-04 -2.6085890000e-04 -2.7439280000e-04 +3.5992000000e-06 -2.7604000000e-06 -2.1336000000e-06 -1.7007900000e-05 -7.4533000000e-06 +1.9119800000e-05 +1.0241000000e-05 -6.4100000000e-08 +1.5077600000e-05 -8.6580000000e-07 +1.0145000000e-06 -8.2430000000e-07 -3.1175000000e-06 +2.8767000000e-06 -4.8312000000e-06 -2.6351100000e-05 +2.8513500000e-05 +2.2022020000e-04 -4.2614430000e-04 +3.0813650000e-04 -4.6952410000e-04 -6.5464000000e-06 +4.9268000000e-06 -7.1735000000e-06 +7.0200000000e-07 +1.4670000000e-07 +8.9600000000e-08 +7.5212000000e-06 +2.8386000000e-06 -1.3150200000e-05 -1.2895900000e-04 -1.9510350000e-04 -3.7396190000e-04 +4.1600596000e-03 +2.0016905000e-03 +6.5232060000e-04 +2.0942900000e-05 +7.6090800000e-05 +4.2299500000e-05 -4.6360000000e-06 -2.2836000000e-06 +3.9307000000e-06 +1.1662000000e-06 +1.8206000000e-06 +6.4200000000e-08 -8.9200000000e-08 +5.7790000000e-07 -1.4360000000e-07 +8.4006000000e-06 +5.6518700000e-05 -2.9157000000e-06 +4.4982800000e-05 -7.0045910000e-04 +5.0867710000e-04 -5.7567814000e-03 +9.9562561000e-03 -1.3259953900e-02 +5.1820000000e-07 +4.4060000000e-07 -1.6000000000e-09 +5.0099270000e-04 +1.7268667000e-03 +1.6094357000e-03 -2.4623438400e-02 +1.0984607570e-01 -2.4013077490e-01 -1.7977703000e-03 -1.0714851000e-03 +5.7861570000e-04 +1.2842850000e-03 +6.7958460000e-04 -8.2927210000e-04 +1.8268200000e-05 -1.8093850000e-04 -1.4379730000e-04 +2.6383049400e-02 -1.2126746850e-01 +2.5184833130e-01 +2.9686530000e-04 -1.1156659000e-03 +9.4531500000e-05
-1.4318000000e-06 -1.2588500000e-05 -6.3162800000e-05 -2.3094400000e-05 -1.5664200000e-05 +3.0652900000e-05 -4.2202000000e-06 -3.9191000000e-06 +4.2353000000e-05 -1.8829100000e-05 +2.9052400000e-05 +1.1086070000e-04 +8.4819000000e-06 +1.6377200000e-05 -1.6202400000e-05 -1.0290000000e-07 +2.7690000000e-07 -4.4300000000e-08 +8.0893000000e-06 +1.9474200000e-05 -2.7008200000e-05 +1.3329900000e-05 +2.4112500000e-05 -6.8791800000e-05 +7.2739900000e-05 +1.3291940000e-04 -8.9621400000e-05 -2.5790000000e-07 -3.5300000000e-07 -1.0949000000e-06 -6.2140000000e-06 -3.7665000000e-06 +1.5533500000e-05 -2.3668000000e-06 +1.0542000000e-06 +1.5894500000e-05 +4.7500000000e-08 +2.0840000000e-07 +3.2870000000e-07 -3.3840000000e-07 -2.3404000000e-06 +8.4870000000e-07 -1.3758470000e-04 -2.6666600000e-04 -4.9693800000e-05 -2.0764140000e-04 -3.6085720000e-04 +1.3088000000e-06 -5.5765000000e-06 +3.4902000000e-06 -7.6855000000e-06 +2.2100000000e-07 +2.9710000000e-07 +1.8710000000e-07 -1.4504000000e-06 -1.1997000000e-06 -1.1574300000e-05 +9.6894300000e-05 -1.0831100000e-05 -3.6607300000e-04 +2.6740810000e-04 -2.7017240000e-04 -6.9852700000e-04 +1.6883500000e-05 +4.5055100000e-05 +2.0196800000e-05 -1.2679000000e-06 -1.0796000000e-06 -2.9260000000e-07 +3.7840000000e-07 +4.6920000000e-07 +1.7970000000e-07 +2.8170000000e-07 +3.4870000000e-07 +1.9590000000e-07 +5.2022700000e-05 +6.1148400000e-05 +5.5475200000e-05 +1.9178218000e-03 +3.6016331000e-03 +2.4488290000e-04 -1.8244737000e-03 +4.2135994000e-03 -8.1579480000e-04 +9.1560000000e-07 +1.5789000000e-06 +1.1704000000e-06 +5.9061478000e-03 +9.8274700000e-05 -4.6680324000e-03 -1.1499644300e-02 -1.7940836000e-03 +1.8142632700e-02 -5.9631800000e-04 -2.2069790000e-04 +5.6134040000e-04 -1.7518483930e-01 +1.0972822900e-02 +1.2756109090e-01 -1.1225260000e-04 -1.2838686000e-03 -9.9576570000e-04 +9.0023230000e-04 -1.5732247000e-03 +2.9686850000e-04 +1.8036601290e-01 -1.3400872300e-02 -1.3922263020e-01
-2.9212100000e-05 -6.3792100000e-05 -1.6151500000e-05 -3.0939000000e-06 -1.4672000000e-05 -1.9431000000e-05 +3.8633000000e-06 +9.1195000000e-06 +3.5524900000e-05 +4.6621100000e-05 +1.0326570000e-04 +3.5965000000e-05 +1.2850100000e-05 +1.0862900000e-05 +1.8133700000e-05 -4.9500000000e-07 +4.3820000000e-07 +4.4420000000e-07 +8.5564000000e-06 +2.1973100000e-05 -1.0170800000e-05 -2.6294900000e-05 +9.5967000000e-06 +3.2270000000e-07 +9.9276100000e-05 +1.6886840000e-04 +7.3177800000e-05 -3.6772000000e-06 -8.6430000000e-07 +1.4947000000e-06 +3.3698000000e-06 +3.8780000000e-07 -2.5265000000e-06 -6.0605000000e-06 +1.0051800000e-05 +1.6282100000e-05 +7.2590000000e-07 +1.6170000000e-07 +5.3890000000e-07 -2.2170000000e-07 -3.6603000000e-06 -8.9000000000e-07 -1.8782340000e-04 -5.4792990000e-04 -1.5587650000e-04 -3.5497010000e-04 -6.1182700000e-04 -2.8684240000e-04 +1.0190000000e-06 -6.1957000000e-06 -3.4440000000e-07 +8.4200000000e-08 +7.6600000000e-07 +3.8700000000e-07 -5.0739000000e-06 -7.0550000000e-06 -1.0880000000e-05 -5.2462410000e-04 -1.3379390000e-04 +2.6752130000e-04 -2.8610270000e-04 -6.9594100000e-04 -1.8816420000e-04 +3.2303900000e-05 +8.6645900000e-05 +4.8456900000e-05 -5.7256000000e-06 -1.0477000000e-06 +4.7240000000e-07 +4.7410000000e-07 +9.4180000000e-07 +6.7690000000e-07 +5.4890000000e-07 +6.4340000000e-07 +5.0170000000e-07 +6.3374000000e-05 +1.6951040000e-04 +5.2673600000e-05 +3.9304405000e-03 +5.1368319000e-03 +4.6973269000e-03 +3.9744320000e-03 +2.5638285000e-03 +2.6368947000e-03 +1.6344000000e-06 +3.4839000000e-06 +1.8177000000e-06 -1.1008457100e-02 +2.8947225000e-03 +9.2128736000e-03 +8.8811847000e-03 +2.6787991000e-03 -1.0932035400e-02 +2.0081140000e-04 -3.4674350000e-04 -5.5504280000e-04 +1.1410057400e-02 -4.1523742700e-02 +4.9473332000e-03 -1.7416994000e-03 -1.9661009000e-03 -1.6244654000e-03 -1.0872209000e-03 -8.8312470000e-04 -1.1156764000e-03 -1.3400872900e-02 +3.2935597000e-02 -7.1303245000e-03
-2.8295200000e-05 -3.3838300000e-05 +1.5749900000e-05 +4.4140000000e-06 -6.0586000000e-06 -1.7175600000e-05 +2.6231500000e-05 +4.3982800000e-05 -9.3032400000e-05 +7.4205700000e-05 +5.4712400000e-05 -5.1116800000e-05 -8.8851000000e-06 +1.4440300000e-05 +4.6555000000e-06 +1.5988000000e-06 -3.8350000000e-07 -4.9410000000e-07 -4.1516000000e-06 -2.2016100000e-05 +7.2373100000e-05 +3.7860400000e-05 -5.3645400000e-05 +6.9954100000e-05 -2.0231600000e-05 +3.7221600000e-05 +1.9502020000e-04 +5.9612000000e-06 -2.0260000000e-06 -4.0143000000e-06 +4.2020000000e-07 +4.9432000000e-06 -1.0050400000e-05 +3.1300300000e-05 +8.8227000000e-06 -3.7178200000e-05 -7.6910000000e-07 +1.0972000000e-06 -7.1650000000e-07 -3.6264000000e-06 +1.3647000000e-06 -3.2260000000e-06 -2.1444270000e-04 -7.1038900000e-05 -3.3571880000e-04 -7.7679000000e-06 -2.7991370000e-04 -3.2228900000e-04 -2.6755000000e-06 -2.7216000000e-06 +2.7849000000e-06 +6.4500000000e-07 +1.5640000000e-07 -3.2000000000e-08 -3.6130000000e-06 -1.5141500000e-05 +2.1173800000e-05 +7.2460950000e-04 -2.7962910000e-04 -4.4559880000e-04 -6.7040160000e-04 -2.0282100000e-04 +2.1469050000e-04 +4.6926700000e-05 +3.4981500000e-05 +1.7764000000e-06 +1.0067900000e-05 -4.6004000000e-06 -4.6336000000e-06 +1.8500000000e-07 +6.8140000000e-07 -1.2740000000e-07 -2.3790000000e-07 +7.1190000000e-07 -1.1840000000e-07 +5.0545500000e-05 +5.4771200000e-05 +5.5879200000e-05 -4.6258870000e-04 +5.0502632000e-03 -9.0297760000e-04 -3.1658730000e-04 +2.3823706000e-03 +1.0849775000e-03 +1.0524000000e-06 +1.8726000000e-06 +5.7500000000e-08 +1.8890405400e-02 -2.6150483000e-03 -1.2831856100e-02 -4.4870852000e-03 +4.2070140000e-04 +5.8614185000e-03 -3.3201660000e-04 -1.0675390000e-04 +7.1632400000e-05 +1.2663157800e-01 +5.4239314000e-03 -1.7975625730e-01 -1.9257100000e-05 -2.1130021000e-03 +8.9826540000e-04 -7.3275140000e-04 -5.9808340000e-04 +9.4523900000e-05 -1.3922262540e-01 -7.1303213000e-03 +1.8615168440e-01
