Coefficients and Mulliken populations of the atomic orbitals

Eigenvector:   1    (up)

    1 C   s             0.210906   0.087930
          p_y           0.003957   0.000083
          p_z           0.001344   0.000007
          p_x          -0.009180   0.000432

    2 C   s             0.153070   0.045632
          p_y           0.009662   0.000446
          p_z           0.001210   0.000005
          p_x          -0.020436   0.001969

    3 C   s             0.210916   0.087938
          p_y          -0.005637   0.000162
          p_z           0.004369   0.000092
          p_x           0.007127   0.000268

    4 C   s             0.174514   0.059368
          p_y           0.012575   0.000750
          p_z          -0.003969   0.000075
          p_x          -0.021372   0.002166

    5 C   s             0.158673   0.049853
          p_y           0.001302   0.000011
          p_z           0.006815   0.000210
          p_x          -0.009034   0.000411

    6 H   s            -0.017009   0.001686

    7 C   s             0.153086   0.045642
          p_y          -0.012417   0.000726
          p_z           0.008170   0.000305
          p_x           0.017075   0.001389

    8 C   s             0.174514   0.059368
          p_y          -0.012574   0.000750
          p_z           0.003968   0.000075
          p_x           0.021373   0.002166

    9 C   s             0.210914   0.087936
          p_y           0.005637   0.000162
          p_z          -0.004370   0.000092
          p_x          -0.007126   0.000268

   10 H   s            -0.019343   0.002187

   11 C   s             0.092597   0.016733
          p_y           0.004385   0.000095
          p_z           0.005955   0.000156
          p_x          -0.014358   0.000973

   12 C   s             0.158681   0.049858
          p_y          -0.005977   0.000178
          p_z           0.009108   0.000390
          p_x           0.003325   0.000064

   13 H   s            -0.017012   0.001686

   14 H   s            -0.019343   0.002187

   15 C   s             0.210903   0.087928
          p_y          -0.003956   0.000083
          p_z          -0.001344   0.000007
          p_x           0.009180   0.000432

   16 C   s             0.153083   0.045640
          p_y           0.012417   0.000726
          p_z          -0.008170   0.000305
          p_x          -0.017074   0.001389

   17 C   s             0.069301   0.009420
          p_y          -0.001301   0.000007
          p_z           0.010330   0.000506
          p_x          -0.007118   0.000253

   18 H   s            -0.010295   0.000615

   19 C   s             0.092603   0.016735
          p_y          -0.009123   0.000392
          p_z           0.010206   0.000475
          p_x           0.008573   0.000358

   20 C   s             0.153066   0.045630
          p_y          -0.009661   0.000446
          p_z          -0.001210   0.000005
          p_x           0.020436   0.001969

   21 C   s             0.158676   0.049855
          p_y           0.005976   0.000178
          p_z          -0.009107   0.000390
          p_x          -0.003325   0.000064

   22 H   s            -0.017011   0.001686

   23 C   s             0.069302   0.009420
          p_y          -0.005087   0.000128
          p_z           0.011520   0.000636
          p_x          -0.000696   0.000001

   24 H   s            -0.006950   0.000285

   25 H   s            -0.010296   0.000615

   26 H   s            -0.017009   0.001685

   27 C   s             0.158667   0.049849
          p_y          -0.001302   0.000011
          p_z          -0.006815   0.000210
          p_x           0.009033   0.000411

   28 C   s             0.092600   0.016734
          p_y           0.009123   0.000392
          p_z          -0.010205   0.000475
          p_x          -0.008573   0.000358

   29 H   s            -0.006950   0.000286

   30 C   s             0.092595   0.016732
          p_y          -0.004385   0.000095
          p_z          -0.005954   0.000156
          p_x           0.014358   0.000973

   31 C   s             0.069301   0.009420
          p_y           0.005087   0.000128
          p_z          -0.011519   0.000636
          p_x           0.000696   0.000001

   32 H   s            -0.010296   0.000615

   33 C   s             0.069300   0.009420
          p_y           0.001301   0.000007
          p_z          -0.010329   0.000506
          p_x           0.007118   0.000253

   34 H   s            -0.010295   0.000615

   35 H   s            -0.006950   0.000285

   36 H   s            -0.006951   0.000286

Eigenvector:   2    (up)

    1 C   s            -0.105412   0.021356
          p_y          -0.008314   0.000317
          p_z           0.020169   0.001820
          p_x          -0.002432   0.000022

    2 C   s            -0.147455   0.041266
          p_y          -0.014215   0.000901
          p_z           0.015031   0.000969
          p_x           0.014204   0.000934

    3 C   s            -0.105419   0.021358
          p_y          -0.003030   0.000038
          p_z           0.018502   0.001520
          p_x          -0.011418   0.000602

    4 C   s             0.000006   0.000000
          p_y          -0.006216   0.000164
          p_z           0.021186   0.001905
          p_x          -0.007592   0.000245

    5 C   s            -0.217956   0.091453
          p_y          -0.005728   0.000160
          p_z           0.002455   0.000030
          p_x           0.009135   0.000408

    6 H   s             0.016892   0.001586

    7 C   s            -0.147469   0.041274
          p_y           0.007402   0.000256
          p_z           0.008216   0.000276
          p_x          -0.022528   0.002271

    8 C   s            -0.000002   0.000000
          p_y          -0.006217   0.000164
          p_z           0.021186   0.001905
          p_x          -0.007592   0.000245

    9 C   s             0.105423   0.021360
          p_y          -0.003030   0.000038
          p_z           0.018502   0.001520
          p_x          -0.011418   0.000602

   10 H   s            -0.000002   0.000000

   11 C   s            -0.156212   0.046401
          p_y          -0.009278   0.000397
          p_z          -0.004289   0.000079
          p_x           0.022554   0.002314

   12 C   s            -0.217966   0.091461
          p_y           0.005323   0.000138
          p_z          -0.001027   0.000005
          p_x          -0.009635   0.000454

   13 H   s             0.016893   0.001586

   14 H   s             0.000001   0.000000

   15 C   s             0.105416   0.021357
          p_y          -0.008314   0.000317
          p_z           0.020169   0.001820
          p_x          -0.002432   0.000022

   16 C   s             0.147471   0.041275
          p_y           0.007402   0.000256
          p_z           0.008216   0.000276
          p_x          -0.022528   0.002271

   17 C   s            -0.131936   0.033209
          p_y           0.001534   0.000009
          p_z          -0.017680   0.001427
          p_x           0.013563   0.000871

   18 H   s             0.017886   0.001770

   19 C   s            -0.156219   0.046406
          p_y           0.013941   0.000883
          p_z          -0.011596   0.000600
          p_x          -0.016864   0.001307

   20 C   s             0.147457   0.041267
          p_y          -0.014215   0.000901
          p_z           0.015031   0.000969
          p_x           0.014204   0.000934

   21 C   s             0.217968   0.091463
          p_y           0.005322   0.000138
          p_z          -0.001027   0.000005
          p_x          -0.009635   0.000454

   22 H   s            -0.016894   0.001586

   23 C   s            -0.131938   0.033210
          p_y           0.009539   0.000429
          p_z          -0.020197   0.001879
          p_x          -0.000019   0.000000

   24 H   s             0.014214   0.001129

   25 H   s             0.017888   0.001770

   26 H   s            -0.016892   0.001586

   27 C   s             0.217958   0.091454
          p_y          -0.005728   0.000160
          p_z           0.002455   0.000030
          p_x           0.009135   0.000408

   28 C   s             0.156221   0.046407
          p_y           0.013941   0.000883
          p_z          -0.011596   0.000600
          p_x          -0.016864   0.001307

   29 H   s             0.014214   0.001129

   30 C   s             0.156214   0.046403
          p_y          -0.009278   0.000397
          p_z          -0.004289   0.000079
          p_x           0.022554   0.002314

   31 C   s             0.131941   0.033212
          p_y           0.009540   0.000429
          p_z          -0.020197   0.001879
          p_x          -0.000019   0.000000

   32 H   s            -0.017888   0.001770

   33 C   s             0.131941   0.033211
          p_y           0.001534   0.000009
          p_z          -0.017680   0.001427
          p_x           0.013564   0.000872

   34 H   s            -0.017887   0.001770

   35 H   s            -0.014214   0.001129

   36 H   s            -0.014216   0.001129

Eigenvector:   3    (up)

    1 C   s             0.161500   0.047893
          p_y          -0.002104   0.000017
          p_z           0.021658   0.001957
          p_x          -0.016250   0.001128

    2 C   s             0.009475   0.000162
          p_y          -0.008986   0.000319
          p_z           0.032666   0.004225
          p_x          -0.012875   0.000659

    3 C   s             0.161506   0.047897
          p_y          -0.011473   0.000560
          p_z           0.024612   0.002541
          p_x          -0.000330  -0.000000

    4 C   s             0.171860   0.053769
          p_y           0.012789   0.000691
          p_z          -0.004036   0.000069
          p_x          -0.021735   0.001996

    5 C   s            -0.139845   0.035953
          p_y          -0.011693   0.000584
          p_z           0.026752   0.003022
          p_x          -0.001867   0.000013

    6 H   s            -0.001201   0.000007

    7 C   s             0.009480   0.000163
          p_y          -0.010292   0.000421
          p_z           0.033077   0.004335
          p_x          -0.010669   0.000449

    8 C   s             0.171860   0.053769
          p_y          -0.012789   0.000691
          p_z           0.004037   0.000069
          p_x           0.021735   0.001996

    9 C   s             0.161508   0.047898
          p_y           0.011473   0.000560
          p_z          -0.024612   0.002541
          p_x           0.000330  -0.000000

   10 H   s            -0.020793   0.002224

   11 C   s            -0.171109   0.053370
          p_y          -0.014582   0.000892
          p_z           0.009248   0.000333
          p_x           0.020392   0.001798

   12 C   s            -0.139848   0.035954
          p_y          -0.003189   0.000041
          p_z           0.024071   0.002438
          p_x          -0.016320   0.001140

   13 H   s            -0.001202   0.000007

   14 H   s            -0.020793   0.002224

   15 C   s             0.161501   0.047894
          p_y           0.002104   0.000017
          p_z          -0.021658   0.001957
          p_x           0.016250   0.001128

   16 C   s             0.009483   0.000163
          p_y           0.010292   0.000421
          p_z          -0.033077   0.004335
          p_x           0.010669   0.000449

   17 C   s            -0.182119   0.060477
          p_y          -0.000311   0.000001
          p_z          -0.019386   0.001612
          p_x           0.018842   0.001538

   18 H   s             0.020606   0.002171

   19 C   s            -0.171114   0.053373
          p_y           0.011595   0.000585
          p_z           0.001010   0.000001
          p_x          -0.024053   0.002437

   20 C   s             0.009477   0.000162
          p_y           0.008986   0.000319
          p_z          -0.032666   0.004225
          p_x           0.012875   0.000659

   21 C   s            -0.139845   0.035953
          p_y           0.003190   0.000041
          p_z          -0.024071   0.002438
          p_x           0.016320   0.001140

   22 H   s            -0.001203   0.000007

   23 C   s            -0.182120   0.060478
          p_y           0.012855   0.000715
          p_z          -0.023526   0.002381
          p_x          -0.003499   0.000055

   24 H   s             0.022063   0.002488

   25 H   s             0.020607   0.002171

   26 H   s            -0.001201   0.000007

   27 C   s            -0.139842   0.035951
          p_y           0.011693   0.000584
          p_z          -0.026752   0.003022
          p_x           0.001867   0.000013

   28 C   s            -0.171114   0.053373
          p_y          -0.011595   0.000585
          p_z          -0.001010   0.000001
          p_x           0.024053   0.002437

   29 H   s             0.022064   0.002488

   30 C   s            -0.171111   0.053371
          p_y           0.014582   0.000892
          p_z          -0.009249   0.000333
          p_x          -0.020392   0.001798

   31 C   s            -0.182123   0.060479
          p_y          -0.012855   0.000715
          p_z           0.023526   0.002381
          p_x           0.003499   0.000055

   32 H   s             0.020607   0.002171

   33 C   s            -0.182124   0.060480
          p_y           0.000311   0.000001
          p_z           0.019386   0.001612
          p_x          -0.018843   0.001538

   34 H   s             0.020606   0.002171

   35 H   s             0.022064   0.002488

   36 H   s             0.022067   0.002489

Eigenvector:   4    (up)

    1 C   s             0.190439   0.062581
          p_y           0.013882   0.000735
          p_z          -0.025989   0.002594
          p_x          -0.003192   0.000037

    2 C   s             0.150953   0.039159
          p_y           0.005617   0.000129
          p_z           0.015888   0.000906
          p_x          -0.026201   0.002607

    3 C   s             0.190450   0.062589
          p_y           0.000093   0.000000
          p_z          -0.021639   0.001804
          p_x           0.020250   0.001562

    4 C   s            -0.000005   0.000000
          p_y           0.013619   0.000673
          p_z          -0.046410   0.007816
          p_x           0.016631   0.001004

    5 C   s             0.029088   0.001463
          p_y          -0.012348   0.000588
          p_z           0.044654   0.007702
          p_x          -0.017436   0.001176

    6 H   s            -0.019930   0.001825

    7 C   s             0.150970   0.039168
          p_y          -0.017029   0.001097
          p_z           0.023026   0.001946
          p_x           0.012266   0.000599

    8 C   s             0.000009   0.000000
          p_y           0.013619   0.000673
          p_z          -0.046410   0.007815
          p_x           0.016631   0.001004

    9 C   s            -0.190448   0.062587
          p_y           0.000093   0.000000
          p_z          -0.021640   0.001804
          p_x           0.020250   0.001562

   10 H   s             0.000003   0.000000

   11 C   s            -0.132873   0.030400
          p_y          -0.019296   0.001395
          p_z           0.033036   0.003920
          p_x           0.007406   0.000241

   12 C   s             0.029093   0.001463
          p_y          -0.013962   0.000754
          p_z           0.045159   0.007878
          p_x          -0.014714   0.000835

   13 H   s            -0.019933   0.001825

   14 H   s            -0.000004   0.000000

   15 C   s            -0.190436   0.062579
          p_y           0.013882   0.000735
          p_z          -0.025990   0.002594
          p_x          -0.003192   0.000037

   16 C   s            -0.150973   0.039170
          p_y          -0.017028   0.001097
          p_z           0.023025   0.001946
          p_x           0.012267   0.000599

   17 C   s            -0.215150   0.079417
          p_y          -0.005078   0.000094
          p_z          -0.013375   0.000706
          p_x           0.022688   0.001960

   18 H   s             0.017150   0.001350

   19 C   s            -0.132871   0.030400
          p_y           0.001930   0.000020
          p_z           0.026354   0.002440
          p_x          -0.028644   0.003096

   20 C   s            -0.150954   0.039159
          p_y           0.005617   0.000129
          p_z           0.015887   0.000905
          p_x          -0.026201   0.002607

   21 C   s            -0.029101   0.001464
          p_y          -0.013962   0.000754
          p_z           0.045159   0.007878
          p_x          -0.014714   0.000835

   22 H   s             0.019934   0.001825

   23 C   s            -0.215150   0.079416
          p_y           0.014714   0.000826
          p_z          -0.019599   0.001494
          p_x          -0.010900   0.000439

   24 H   s             0.030602   0.004263

   25 H   s             0.017148   0.001349

   26 H   s             0.019930   0.001825

   27 C   s            -0.029093   0.001463
          p_y          -0.012348   0.000588
          p_z           0.044654   0.007702
          p_x          -0.017437   0.001176

   28 C   s             0.132864   0.030397
          p_y           0.001930   0.000020
          p_z           0.026355   0.002440
          p_x          -0.028643   0.003096

   29 H   s             0.030602   0.004263

   30 C   s             0.132871   0.030400
          p_y          -0.019297   0.001395
          p_z           0.033036   0.003920
          p_x           0.007405   0.000241

   31 C   s             0.215148   0.079415
          p_y           0.014714   0.000826
          p_z          -0.019598   0.001494
          p_x          -0.010901   0.000439

   32 H   s            -0.017147   0.001349

   33 C   s             0.215153   0.079419
          p_y          -0.005078   0.000094
          p_z          -0.013374   0.000706
          p_x           0.022688   0.001960

   34 H   s            -0.017149   0.001350

   35 H   s            -0.030602   0.004263

   36 H   s            -0.030607   0.004265

Eigenvector:   5    (up)

    1 C   s             0.170367   0.047818
          p_y          -0.031698   0.003435
          p_z           0.013434   0.000614
          p_x           0.050606   0.008765

    2 C   s             0.206129   0.069712
          p_y           0.002228   0.000011
          p_z           0.005734   0.000121
          p_x          -0.009869   0.000291

    3 C   s            -0.170335   0.047801
          p_y          -0.029472   0.002974
          p_z           0.005858   0.000119
          p_x           0.053336   0.009726

    4 C   s             0.238802   0.093653
          p_y           0.005007   0.000071
          p_z          -0.001585   0.000007
          p_x          -0.008512   0.000204

    5 C   s             0.123351   0.025094
          p_y          -0.025270   0.002181
          p_z           0.017345   0.001016
          p_x           0.034061   0.003982

    6 H   s            -0.036724   0.005685

    7 C   s            -0.206115   0.069704
          p_y           0.006393   0.000124
          p_z          -0.008452   0.000243
          p_x          -0.004778   0.000055

    8 C   s            -0.238805   0.093655
          p_y           0.005007   0.000071
          p_z          -0.001584   0.000007
          p_x          -0.008512   0.000204

    9 C   s             0.170331   0.047799
          p_y          -0.029472   0.002974
          p_z           0.005858   0.000119
          p_x           0.053335   0.009726

   10 H   s            -0.042429   0.007611

   11 C   s             0.116916   0.022464
          p_y          -0.000879   0.000004
          p_z           0.010725   0.000413
          p_x          -0.008350   0.000221

   12 C   s            -0.123331   0.025085
          p_y          -0.019199   0.001267
          p_z          -0.003331   0.000035
          p_x           0.041475   0.005878

   13 H   s             0.036725   0.005685

   14 H   s             0.042429   0.007611

   15 C   s            -0.170366   0.047818
          p_y          -0.031698   0.003435
          p_z           0.013435   0.000614
          p_x           0.050605   0.008765

   16 C   s             0.206112   0.069702
          p_y           0.006393   0.000124
          p_z          -0.008452   0.000243
          p_x          -0.004778   0.000055

   17 C   s             0.047059   0.003628
          p_y          -0.012536   0.000526
          p_z           0.015815   0.000833
          p_x           0.010125   0.000346

   18 H   s            -0.020947   0.001840

   19 C   s            -0.116917   0.022464
          p_y           0.005867   0.000111
          p_z          -0.012288   0.000528
          p_x          -0.000110  -0.000000

   20 C   s            -0.206123   0.069708
          p_y           0.002228   0.000011
          p_z           0.005735   0.000121
          p_x          -0.009869   0.000291

   21 C   s             0.123330   0.025085
          p_y          -0.019198   0.001267
          p_z          -0.003332   0.000035
          p_x           0.041474   0.005878

   22 H   s            -0.036724   0.005685

   23 C   s            -0.047067   0.003629
          p_y          -0.004893   0.000081
          p_z          -0.010328   0.000354
          p_x           0.019471   0.001270

   24 H   s            -0.007601   0.000243

   25 H   s             0.020948   0.001841

   26 H   s             0.036723   0.005685

   27 C   s            -0.123345   0.025091
          p_y          -0.025269   0.002180
          p_z           0.017344   0.001016
          p_x           0.034060   0.003982

   28 C   s             0.116914   0.022463
          p_y           0.005867   0.000111
          p_z          -0.012289   0.000528
          p_x          -0.000110  -0.000000

   29 H   s             0.007602   0.000243

   30 C   s            -0.116913   0.022463
          p_y          -0.000879   0.000004
          p_z           0.010723   0.000413
          p_x          -0.008350   0.000221

   31 C   s             0.047064   0.003629
          p_y          -0.004893   0.000081
          p_z          -0.010328   0.000354
          p_x           0.019471   0.001270

   32 H   s            -0.020948   0.001841

   33 C   s            -0.047061   0.003628
          p_y          -0.012536   0.000526
          p_z           0.015815   0.000833
          p_x           0.010125   0.000346

   34 H   s             0.020947   0.001840

   35 H   s            -0.007601   0.000243

   36 H   s             0.007603   0.000244

Eigenvector:   6    (up)

    1 C   s            -0.086993   0.012159
          p_y           0.009088   0.000274
          p_z           0.018100   0.001072
          p_x          -0.035224   0.004091

    2 C   s            -0.207013   0.068486
          p_y          -0.008886   0.000236
          p_z           0.016761   0.000913
          p_x           0.001941   0.000003

    3 C   s             0.086990   0.012158
          p_y           0.022638   0.001689
          p_z          -0.028093   0.002591
          p_x          -0.018680   0.001156

    4 C   s             0.000012   0.000000
          p_y          -0.008798   0.000258
          p_z           0.029986   0.003001
          p_x          -0.010746   0.000385

    5 C   s            -0.172590   0.047909
          p_y           0.032052   0.003385
          p_z          -0.011496   0.000423
          p_x          -0.053094   0.009343

    6 H   s             0.038031   0.005823

    7 C   s             0.206987   0.068469
          p_y           0.000128   0.000000
          p_z          -0.013993   0.000658
          p_x           0.012945   0.000493

    8 C   s             0.000007   0.000000
          p_y           0.008798   0.000258
          p_z          -0.029987   0.003001
          p_x           0.010746   0.000385

    9 C   s             0.086989   0.012158
          p_y          -0.022638   0.001689
          p_z           0.028093   0.002591
          p_x           0.018681   0.001157

   10 H   s            -0.000004   0.000000

   11 C   s            -0.204953   0.067235
          p_y          -0.000782  -0.000001
          p_z          -0.011077   0.000439
          p_x           0.012003   0.000430

   12 C   s             0.172544   0.047884
          p_y           0.031132   0.003215
          p_z          -0.008411   0.000244
          p_x          -0.054217   0.009696

   13 H   s            -0.038028   0.005822

   14 H   s            -0.000003   0.000000

   15 C   s            -0.087000   0.012161
          p_y          -0.009088   0.000274
          p_z          -0.018100   0.001072
          p_x           0.035225   0.004092

   16 C   s             0.206987   0.068469
          p_y          -0.000129   0.000000
          p_z           0.013993   0.000658
          p_x          -0.012945   0.000493

   17 C   s            -0.090850   0.013193
          p_y           0.024193   0.001887
          p_z          -0.029727   0.002816
          p_x          -0.020286   0.001348

   18 H   s             0.037840   0.005738

   19 C   s             0.204956   0.067237
          p_y          -0.008099   0.000200
          p_z           0.013860   0.000653
          p_x           0.003072   0.000015

   20 C   s            -0.207018   0.068489
          p_y           0.008886   0.000236
          p_z          -0.016760   0.000913
          p_x          -0.001942   0.000003

   21 C   s             0.172547   0.047886
          p_y          -0.031132   0.003215
          p_z           0.008412   0.000244
          p_x           0.054218   0.009696

   22 H   s            -0.038028   0.005822

   23 C   s             0.090882   0.013202
          p_y           0.009954   0.000327
          p_z           0.018978   0.001136
          p_x          -0.037696   0.004588

   24 H   s             0.015651   0.000985

   25 H   s            -0.037841   0.005738

   26 H   s             0.038032   0.005823

   27 C   s            -0.172589   0.047909
          p_y          -0.032052   0.003386
          p_z           0.011497   0.000423
          p_x           0.053094   0.009343

   28 C   s             0.204962   0.067241
          p_y           0.008099   0.000200
          p_z          -0.013860   0.000653
          p_x          -0.003072   0.000015

   29 H   s            -0.015657   0.000986

   30 C   s            -0.204953   0.067235
          p_y           0.000782  -0.000001
          p_z           0.011077   0.000439
          p_x          -0.012003   0.000430

   31 C   s             0.090886   0.013203
          p_y          -0.009954   0.000327
          p_z          -0.018979   0.001136
          p_x           0.037697   0.004588

   32 H   s            -0.037842   0.005738

   33 C   s            -0.090851   0.013194
          p_y          -0.024194   0.001887
          p_z           0.029727   0.002816
          p_x           0.020287   0.001348

   34 H   s             0.037840   0.005738

   35 H   s            -0.015657   0.000986

   36 H   s             0.015655   0.000986

Eigenvector:   7    (up)

    1 C   s             0.073109   0.008554
          p_y          -0.011587   0.000474
          p_z           0.050026   0.008681
          p_x          -0.024088   0.001979

    2 C   s            -0.127545   0.026116
          p_y          -0.020431   0.001399
          p_z           0.040121   0.005251
          p_x           0.002934   0.000039

    3 C   s             0.073093   0.008550
          p_y          -0.018400   0.001159
          p_z           0.052174   0.009417
          p_x          -0.012521   0.000559

    4 C   s             0.154463   0.038328
          p_y           0.011502   0.000460
          p_z          -0.003632   0.000046
          p_x          -0.019544   0.001328

    5 C   s            -0.189467   0.057490
          p_y           0.000975   0.000005
          p_z          -0.030449   0.003241
          p_x           0.026736   0.002395

    6 H   s             0.018795   0.001421

    7 C   s            -0.127579   0.026130
          p_y          -0.001337   0.000003
          p_z           0.034103   0.003751
          p_x          -0.029521   0.002936

    8 C   s             0.154454   0.038323
          p_y          -0.011502   0.000460
          p_z           0.003634   0.000046
          p_x           0.019543   0.001328

    9 C   s             0.073104   0.008553
          p_y           0.018400   0.001159
          p_z          -0.052174   0.009417
          p_x           0.012523   0.000559

   10 H   s            -0.022712   0.002080

   11 C   s             0.054608   0.004782
          p_y           0.022006   0.001597
          p_z          -0.059515   0.011462
          p_x           0.012110   0.000442

   12 C   s            -0.189494   0.057507
          p_y           0.018468   0.001149
          p_z          -0.035956   0.004471
          p_x          -0.002960   0.000021

   13 H   s             0.018799   0.001422

   14 H   s            -0.022710   0.002080

   15 C   s             0.073108   0.008554
          p_y           0.011586   0.000474
          p_z          -0.050025   0.008680
          p_x           0.024090   0.001980

   16 C   s            -0.127573   0.026127
          p_y           0.001338   0.000003
          p_z          -0.034105   0.003752
          p_x           0.029521   0.002936

   17 C   s             0.229992   0.084314
          p_y           0.013372   0.000577
          p_z          -0.001365   0.000006
          p_x          -0.025360   0.002070

   18 H   s            -0.007369   0.000218

   19 C   s             0.054577   0.004777
          p_y           0.011880   0.000438
          p_z          -0.056326   0.010214
          p_x           0.029321   0.002851

   20 C   s            -0.127547   0.026117
          p_y           0.020431   0.001399
          p_z          -0.040121   0.005251
          p_x          -0.002934   0.000039

   21 C   s            -0.189499   0.057510
          p_y          -0.018467   0.001149
          p_z           0.035953   0.004471
          p_x           0.002961   0.000021

   22 H   s             0.018798   0.001421

   23 C   s             0.229980   0.084304
          p_y          -0.015196   0.000743
          p_z           0.007618   0.000185
          p_x           0.023132   0.001726

   24 H   s            -0.039988   0.006360

   25 H   s            -0.007362   0.000217

   26 H   s             0.018795   0.001421

   27 C   s            -0.189470   0.057492
          p_y          -0.000975   0.000005
          p_z           0.030448   0.003241
          p_x          -0.026736   0.002395

   28 C   s             0.054566   0.004775
          p_y          -0.011881   0.000438
          p_z           0.056325   0.010214
          p_x          -0.029320   0.002850

   29 H   s            -0.039986   0.006359

   30 C   s             0.054608   0.004782
          p_y          -0.022006   0.001597
          p_z           0.059515   0.011462
          p_x          -0.012111   0.000442

   31 C   s             0.229972   0.084299
          p_y           0.015196   0.000743
          p_z          -0.007617   0.000185
          p_x          -0.023134   0.001726

   32 H   s            -0.007360   0.000217

   33 C   s             0.229994   0.084316
          p_y          -0.013372   0.000577
          p_z           0.001366   0.000006
          p_x           0.025358   0.002069

   34 H   s            -0.007369   0.000218

   35 H   s            -0.039984   0.006359

   36 H   s            -0.039995   0.006363

Eigenvector:   8    (up)

    1 C   s            -0.119468   0.022049
          p_y           0.031008   0.002991
          p_z          -0.036574   0.004116
          p_x          -0.027397   0.002367

    2 C   s             0.001584   0.000004
          p_y           0.013157   0.000543
          p_z          -0.044547   0.006237
          p_x           0.015748   0.000781

    3 C   s             0.119433   0.022036
          p_y           0.013687   0.000594
          p_z           0.022469   0.001537
          p_x          -0.048564   0.007347

    4 C   s            -0.235581   0.085111
          p_y          -0.004936   0.000061
          p_z           0.001563   0.000006
          p_x           0.008387   0.000176

    5 C   s             0.117458   0.021323
          p_y          -0.013705   0.000589
          p_z          -0.021427   0.001427
          p_x           0.047505   0.007053

    6 H   s            -0.000225   0.000000

    7 C   s            -0.001582   0.000004
          p_y          -0.012944   0.000527
          p_z           0.044469   0.006217
          p_x          -0.016132   0.000816

    8 C   s             0.235586   0.085115
          p_y          -0.004937   0.000061
          p_z           0.001564   0.000006
          p_x           0.008387   0.000176

    9 C   s            -0.119433   0.022036
          p_y           0.013688   0.000594
          p_z           0.022467   0.001537
          p_x          -0.048563   0.007347

   10 H   s             0.045593   0.007779

   11 C   s             0.239757   0.088221
          p_y           0.006238   0.000097
          p_z          -0.004885   0.000059
          p_x          -0.007864   0.000156

   12 C   s            -0.117434   0.021314
          p_y          -0.030307   0.002870
          p_z           0.035277   0.003878
          p_x           0.027220   0.002323

   13 H   s             0.000222   0.000000

   14 H   s            -0.045594   0.007779

   15 C   s             0.119471   0.022050
          p_y           0.031009   0.002992
          p_z          -0.036576   0.004117
          p_x          -0.027396   0.002367

   16 C   s             0.001574   0.000004
          p_y          -0.012944   0.000527
          p_z           0.044468   0.006216
          p_x          -0.016131   0.000816

   17 C   s             0.126085   0.024444
          p_y          -0.033443   0.003399
          p_z           0.039121   0.004543
          p_x           0.029896   0.002793

   18 H   s            -0.046561   0.008069

   19 C   s            -0.239751   0.088216
          p_y           0.004373   0.000048
          p_z           0.001551   0.000006
          p_x          -0.010154   0.000258

   20 C   s            -0.001585   0.000004
          p_y           0.013158   0.000543
          p_z          -0.044548   0.006237
          p_x           0.015748   0.000781

   21 C   s             0.117427   0.021312
          p_y          -0.030308   0.002870
          p_z           0.035279   0.003878
          p_x           0.027220   0.002323

   22 H   s            -0.000221   0.000000

   23 C   s            -0.126095   0.024448
          p_y          -0.015032   0.000713
          p_z          -0.023862   0.001651
          p_x           0.052411   0.008369

   24 H   s            -0.024154   0.002181

   25 H   s             0.046560   0.008068

   26 H   s             0.000225   0.000000

   27 C   s            -0.117461   0.021324
          p_y          -0.013704   0.000589
          p_z          -0.021426   0.001427
          p_x           0.047503   0.007052

   28 C   s             0.239755   0.088220
          p_y           0.004373   0.000048
          p_z           0.001553   0.000006
          p_x          -0.010156   0.000258

   29 H   s             0.024156   0.002181

   30 C   s            -0.239754   0.088219
          p_y           0.006237   0.000097
          p_z          -0.004883   0.000059
          p_x          -0.007864   0.000156

   31 C   s             0.126107   0.024452
          p_y          -0.015031   0.000713
          p_z          -0.023863   0.001651
          p_x           0.052411   0.008369

   32 H   s            -0.046560   0.008069

   33 C   s            -0.126079   0.024442
          p_y          -0.033444   0.003399
          p_z           0.039121   0.004543
          p_x           0.029898   0.002794

   34 H   s             0.046560   0.008069

   35 H   s            -0.024158   0.002182

   36 H   s             0.024159   0.002182

Eigenvector:   9    (up)

    1 C   s            -0.221669   0.073246
          p_y          -0.014159   0.000574
          p_z           0.006233   0.000115
          p_x           0.022387   0.001424

    2 C   s            -0.008762   0.000116
          p_y           0.020039   0.001180
          p_z          -0.069838   0.014372
          p_x           0.025882   0.001981

    3 C   s            -0.221679   0.073253
          p_y           0.013008   0.000480
          p_z          -0.002335   0.000014
          p_x          -0.023782   0.001618

    4 C   s             0.000008   0.000000
          p_y          -0.020949   0.001296
          p_z           0.071385   0.015047
          p_x          -0.025582   0.001932

    5 C   s             0.211649   0.066816
          p_y           0.014663   0.000622
          p_z          -0.009990   0.000304
          p_x          -0.019824   0.001108

    6 H   s             0.001503   0.000008

    7 C   s            -0.008767   0.000116
          p_y           0.021013   0.001305
          p_z          -0.070146   0.014506
          p_x           0.024252   0.001727

    8 C   s            -0.000010   0.000000
          p_y          -0.020948   0.001296
          p_z           0.071382   0.015046
          p_x          -0.025581   0.001932

    9 C   s             0.221685   0.073256
          p_y           0.013006   0.000480
          p_z          -0.002332   0.000014
          p_x          -0.023781   0.001618

   10 H   s            -0.000005   0.000000

   11 C   s             0.020975   0.000673
          p_y          -0.018272   0.000982
          p_z           0.063302   0.011770
          p_x          -0.023119   0.001567

   12 C   s             0.211661   0.066824
          p_y          -0.011176   0.000350
          p_z          -0.001853   0.000013
          p_x           0.024068   0.001669

   13 H   s             0.001506   0.000008

   14 H   s             0.000005   0.000000

   15 C   s             0.221662   0.073241
          p_y          -0.014160   0.000574
          p_z           0.006233   0.000115
          p_x           0.022389   0.001425

   16 C   s             0.008780   0.000116
          p_y           0.021014   0.001305
          p_z          -0.070146   0.014506
          p_x           0.024251   0.001727

   17 C   s            -0.191601   0.054676
          p_y          -0.019486   0.001113
          p_z           0.017058   0.000932
          p_x           0.022793   0.001424

   18 H   s            -0.004405   0.000069

   19 C   s             0.021004   0.000675
          p_y          -0.018811   0.001038
          p_z           0.063465   0.011828
          p_x          -0.022219   0.001452

   20 C   s             0.008754   0.000115
          p_y           0.020039   0.001180
          p_z          -0.069836   0.014371
          p_x           0.025882   0.001981

   21 C   s            -0.211656   0.066821
          p_y          -0.011175   0.000350
          p_z          -0.001856   0.000013
          p_x           0.024070   0.001669

   22 H   s            -0.001508   0.000008

   23 C   s            -0.191586   0.054667
          p_y           0.012445   0.000417
          p_z           0.007016   0.000183
          p_x          -0.031410   0.002870

   24 H   s             0.040527   0.005788

   25 H   s            -0.004412   0.000070

   26 H   s            -0.001501   0.000008

   27 C   s            -0.211650   0.066817
          p_y           0.014662   0.000621
          p_z          -0.009989   0.000304
          p_x          -0.019823   0.001108

   28 C   s            -0.021014   0.000675
          p_y          -0.018811   0.001038
          p_z           0.063462   0.011827
          p_x          -0.022217   0.001452

   29 H   s             0.040524   0.005787

   30 C   s            -0.020975   0.000673
          p_y          -0.018272   0.000982
          p_z           0.063302   0.011770
          p_x          -0.023120   0.001568

   31 C   s             0.191574   0.054660
          p_y           0.012445   0.000417
          p_z           0.007017   0.000183
          p_x          -0.031412   0.002870

   32 H   s             0.004413   0.000070

   33 C   s             0.191602   0.054677
          p_y          -0.019485   0.001113
          p_z           0.017059   0.000932
          p_x           0.022791   0.001423

   34 H   s             0.004404   0.000069

   35 H   s            -0.040521   0.005786

   36 H   s            -0.040534   0.005790

Eigenvector:  10    (up)

    1 C   s            -0.138642   0.028171
          p_y           0.018322   0.000990
          p_z           0.020445   0.001171
          p_x          -0.055880   0.009047

    2 C   s            -0.206432   0.061747
          p_y           0.004063   0.000059
          p_z          -0.026600   0.002090
          p_x           0.016976   0.000763

    3 C   s             0.138629   0.028166
          p_y           0.035274   0.003600
          p_z          -0.037342   0.003976
          p_x          -0.035184   0.003633

    4 C   s            -0.000001  -0.000000
          p_y          -0.017127   0.000856
          p_z           0.058368   0.009938
          p_x          -0.020916   0.001276

    5 C   s            -0.005059   0.000038
          p_y           0.018196   0.000941
          p_z          -0.058762   0.009794
          p_x           0.019037   0.001025

    6 H   s             0.043361   0.006337

    7 C   s             0.206420   0.061741
          p_y          -0.012296   0.000408
          p_z           0.029191   0.002464
          p_x          -0.003006   0.000040

    8 C   s             0.000003   0.000000
          p_y           0.017128   0.000856
          p_z          -0.058371   0.009939
          p_x           0.020917   0.001276

    9 C   s             0.138617   0.028161
          p_y          -0.035275   0.003600
          p_z           0.037344   0.003977
          p_x           0.035184   0.003633

   10 H   s            -0.000004   0.000000

   11 C   s             0.210612   0.064370
          p_y           0.014331   0.000545
          p_z          -0.034154   0.003286
          p_x           0.003541   0.000052

   12 C   s             0.005057   0.000038
          p_y          -0.016028   0.000727
          p_z           0.058053   0.009556
          p_x          -0.022775   0.001475

   13 H   s            -0.043360   0.006337

   14 H   s            -0.000005   0.000000

   15 C   s            -0.138650   0.028174
          p_y          -0.018321   0.000990
          p_z          -0.020446   0.001171
          p_x           0.055878   0.009047

   16 C   s             0.206424   0.061743
          p_y           0.012294   0.000408
          p_z          -0.029186   0.002464
          p_x           0.003004   0.000040

   17 C   s             0.145225   0.030815
          p_y          -0.038059   0.004075
          p_z           0.040928   0.004514
          p_x           0.037400   0.004106

   18 H   s            -0.043940   0.006508

   19 C   s            -0.210605   0.064366
          p_y          -0.004762   0.000077
          p_z           0.031138   0.002782
          p_x          -0.019806   0.001025

   20 C   s            -0.206434   0.061749
          p_y          -0.004063   0.000059
          p_z           0.026602   0.002091
          p_x          -0.016977   0.000763

   21 C   s             0.005071   0.000038
          p_y           0.016028   0.000727
          p_z          -0.058053   0.009556
          p_x           0.022776   0.001475

   22 H   s            -0.043361   0.006338

   23 C   s            -0.145224   0.030815
          p_y          -0.019423   0.001122
          p_z          -0.022836   0.001334
          p_x           0.060195   0.010239

   24 H   s            -0.032254   0.003528

   25 H   s             0.043938   0.006507

   26 H   s             0.043361   0.006338

   27 C   s            -0.005054   0.000038
          p_y          -0.018197   0.000941
          p_z           0.058762   0.009794
          p_x          -0.019034   0.001024

   28 C   s            -0.210603   0.064364
          p_y           0.004763   0.000077
          p_z          -0.031142   0.002782
          p_x           0.019808   0.001025

   29 H   s             0.032254   0.003528

   30 C   s             0.210605   0.064366
          p_y          -0.014330   0.000545
          p_z           0.034152   0.003286
          p_x          -0.003541   0.000052

   31 C   s            -0.145236   0.030820
          p_y           0.019421   0.001122
          p_z           0.022836   0.001334
          p_x          -0.060193   0.010238

   32 H   s             0.043937   0.006507

   33 C   s             0.145214   0.030811
          p_y           0.038059   0.004075
          p_z          -0.040928   0.004514
          p_x          -0.037402   0.004107

   34 H   s            -0.043939   0.006507

   35 H   s             0.032257   0.003529

   36 H   s            -0.032260   0.003530

Eigenvector:  11    (up)

    1 C   s            -0.039567   0.002153
          p_y           0.030826   0.002458
          p_z          -0.080358   0.016545
          p_x           0.014285   0.000501

    2 C   s             0.216319   0.063391
          p_y           0.014472   0.000514
          p_z          -0.036966   0.003577
          p_x           0.005986   0.000122

    3 C   s             0.039564   0.002153
          p_y          -0.014834   0.000550
          p_z           0.075283   0.014481
          p_x          -0.041489   0.004466

    4 C   s            -0.249322   0.084268
          p_y          -0.004551   0.000041
          p_z           0.001437   0.000004
          p_x           0.007726   0.000117

    5 C   s             0.105070   0.015192
          p_y          -0.038282   0.003840
          p_z           0.064495   0.010681
          p_x           0.015631   0.000690

    6 H   s            -0.050344   0.007561

    7 C   s            -0.216279   0.063368
          p_y          -0.006474   0.000128
          p_z           0.034447   0.003164
          p_x          -0.019596   0.000923

    8 C   s             0.249316   0.084264
          p_y          -0.004551   0.000041
          p_z           0.001438   0.000004
          p_x           0.007725   0.000117

    9 C   s            -0.039566   0.002153
          p_y          -0.014834   0.000550
          p_z           0.075286   0.014482
          p_x          -0.041491   0.004467

   10 H   s             0.057947   0.010034

   11 C   s            -0.127809   0.022145
          p_y          -0.020498   0.001064
          p_z           0.060498   0.009559
          p_x          -0.016035   0.000723

   12 C   s            -0.105083   0.015196
          p_y          -0.004436   0.000061
          p_z          -0.051006   0.006609
          p_x           0.056974   0.008534

   13 H   s             0.050331   0.007557

   14 H   s            -0.057946   0.010033

   15 C   s             0.039570   0.002154
          p_y           0.030826   0.002458
          p_z          -0.080355   0.016544
          p_x           0.014283   0.000501

   16 C   s             0.216283   0.063370
          p_y          -0.006474   0.000128
          p_z           0.034448   0.003164
          p_x          -0.019596   0.000923

   17 C   s            -0.136712   0.025695
          p_y           0.034836   0.003118
          p_z          -0.032292   0.002476
          p_x          -0.039096   0.004158

   18 H   s             0.029194   0.002548

   19 C   s             0.127789   0.022138
          p_y           0.014332   0.000564
          p_z          -0.058553   0.009020
          p_x           0.026546   0.001766

   20 C   s            -0.216311   0.063387
          p_y           0.014472   0.000514
          p_z          -0.036967   0.003578
          p_x           0.005988   0.000122

   21 C   s             0.105085   0.015196
          p_y          -0.004436   0.000061
          p_z          -0.051007   0.006610
          p_x           0.056975   0.008534

   22 H   s            -0.050331   0.007557

   23 C   s             0.136737   0.025704
          p_y           0.021109   0.001230
          p_z           0.014681   0.000443
          p_x          -0.055880   0.008076

   24 H   s             0.036744   0.004074

   25 H   s            -0.029188   0.002547

   26 H   s             0.050343   0.007561

   27 C   s            -0.105074   0.015193
          p_y          -0.038281   0.003839
          p_z           0.064491   0.010679
          p_x           0.015634   0.000690

   28 C   s            -0.127788   0.022138
          p_y           0.014332   0.000564
          p_z          -0.058554   0.009020
          p_x           0.026547   0.001766

   29 H   s            -0.036751   0.004075

   30 C   s             0.127796   0.022141
          p_y          -0.020498   0.001064
          p_z           0.060498   0.009559
          p_x          -0.016036   0.000723

   31 C   s            -0.136737   0.025704
          p_y           0.021108   0.001230
          p_z           0.014681   0.000443
          p_x          -0.055879   0.008076

   32 H   s             0.029187   0.002547

   33 C   s             0.136712   0.025695
          p_y           0.034835   0.003118
          p_z          -0.032288   0.002476
          p_x          -0.039097   0.004158

   34 H   s            -0.029191   0.002547

   35 H   s             0.036751   0.004075

   36 H   s            -0.036753   0.004076

Eigenvector:  12    (up)

    1 C   s             0.037760   0.001828
          p_y           0.037264   0.003494
          p_z          -0.112699   0.032299
          p_x           0.031977   0.002663

    2 C   s             0.187286   0.046205
          p_y          -0.000938   0.000001
          p_z           0.028588   0.001955
          p_x          -0.025082   0.001558

    3 C   s             0.037768   0.001829
          p_y           0.028016   0.002029
          p_z          -0.109774   0.030719
          p_x           0.047727   0.005710

    4 C   s            -0.210882   0.058612
          p_y          -0.009193   0.000214
          p_z           0.002905   0.000021
          p_x           0.015613   0.000617

    5 C   s            -0.103159   0.013627
          p_y          -0.037605   0.003490
          p_z           0.090928   0.021016
          p_x          -0.010667   0.000348

    6 H   s            -0.043425   0.005201

    7 C   s             0.187301   0.046212
          p_y          -0.017335   0.000741
          p_z           0.033752   0.002750
          p_x           0.002766   0.000023

    8 C   s            -0.210889   0.058616
          p_y           0.009193   0.000214
          p_z          -0.002906   0.000021
          p_x          -0.015613   0.000617

    9 C   s             0.037766   0.001829
          p_y          -0.028015   0.002029
          p_z           0.109772   0.030718
          p_x          -0.047726   0.005710

   10 H   s             0.048946   0.006616

   11 C   s            -0.130710   0.022627
          p_y           0.011918   0.000342
          p_z          -0.050652   0.006163
          p_x           0.023875   0.001364

   12 C   s            -0.103152   0.013625
          p_y          -0.013464   0.000506
          p_z           0.083311   0.017803
          p_x          -0.051719   0.006549

   13 H   s            -0.043426   0.005201

   14 H   s             0.048948   0.006616

   15 C   s             0.037758   0.001828
          p_y          -0.037265   0.003495
          p_z           0.112702   0.032301
          p_x          -0.031979   0.002664

   16 C   s             0.187295   0.046209
          p_y           0.017335   0.000741
          p_z          -0.033752   0.002750
          p_x          -0.002766   0.000023

   17 C   s             0.149687   0.029058
          p_y           0.040344   0.003944
          p_z          -0.056743   0.008376
          p_x          -0.027071   0.001519

   18 H   s             0.032785   0.002972

   19 C   s            -0.130722   0.022631
          p_y           0.018286   0.000801
          p_z          -0.052648   0.006654
          p_x           0.013061   0.000412

   20 C   s             0.187295   0.046209
          p_y           0.000938   0.000001
          p_z          -0.028587   0.001955
          p_x           0.025082   0.001558

   21 C   s            -0.103151   0.013625
          p_y           0.013465   0.000506
          p_z          -0.083310   0.017802
          p_x           0.051718   0.006548

   22 H   s            -0.043424   0.005201

   23 C   s             0.149671   0.029052
          p_y          -0.011985   0.000270
          p_z          -0.040278   0.004420
          p_x           0.061768   0.009151

   24 H   s            -0.050071   0.006902

   25 H   s             0.032789   0.002973

   26 H   s            -0.043427   0.005201

   27 C   s            -0.103156   0.013626
          p_y           0.037606   0.003491
          p_z          -0.090932   0.021018
          p_x           0.010668   0.000348

   28 C   s            -0.130719   0.022630
          p_y          -0.018286   0.000801
          p_z           0.052648   0.006654
          p_x          -0.013061   0.000412

   29 H   s            -0.050066   0.006901

   30 C   s            -0.130722   0.022631
          p_y          -0.011917   0.000342
          p_z           0.050650   0.006162
          p_x          -0.023875   0.001364

   31 C   s             0.149671   0.029051
          p_y           0.011984   0.000270
          p_z           0.040278   0.004420
          p_x          -0.061766   0.009150

   32 H   s             0.032788   0.002973

   33 C   s             0.149682   0.029056
          p_y          -0.040346   0.003945
          p_z           0.056748   0.008377
          p_x           0.027070   0.001519

   34 H   s             0.032788   0.002973

   35 H   s            -0.050066   0.006901

   36 H   s            -0.050076   0.006904

Eigenvector:  13    (up)

    1 C   s            -0.142682   0.024080
          p_y          -0.012218   0.000295
          p_z          -0.041104   0.003868
          p_x           0.063186   0.008655

    2 C   s             0.153571   0.028881
          p_y           0.012259   0.000305
          p_z          -0.040667   0.003510
          p_x           0.013919   0.000442

    3 C   s            -0.142625   0.024061
          p_y           0.041285   0.003711
          p_z          -0.057974   0.007540
          p_x          -0.027720   0.001572

    4 C   s             0.000009   0.000000
          p_y          -0.021163   0.000958
          p_z           0.072098   0.011116
          p_x          -0.025841   0.001428

    5 C   s             0.024452   0.000727
          p_y          -0.025191   0.001434
          p_z           0.106387   0.025601
          p_x          -0.049967   0.005653

    6 H   s            -0.046597   0.005257

    7 C   s             0.153573   0.028882
          p_y           0.011529   0.000298
          p_z          -0.040409   0.003496
          p_x           0.015128   0.000456

    8 C   s            -0.000013   0.000000
          p_y          -0.021148   0.000956
          p_z           0.072046   0.011099
          p_x          -0.025822   0.001426

    9 C   s             0.142704   0.024088
          p_y           0.041268   0.003708
          p_z          -0.057967   0.007538
          p_x          -0.027692   0.001569

   10 H   s            -0.000004   0.000000

   11 C   s            -0.203797   0.051118
          p_y           0.013814   0.000474
          p_z          -0.024724   0.001353
          p_x          -0.004316   0.000073

   12 C   s             0.024410   0.000725
          p_y          -0.038367   0.003332
          p_z           0.110511   0.027628
          p_x          -0.027659   0.001728

   13 H   s            -0.046595   0.005257

   14 H   s             0.000005   0.000000

   15 C   s             0.142606   0.024054
          p_y          -0.012235   0.000296
          p_z          -0.041096   0.003867
          p_x           0.063214   0.008663

   16 C   s            -0.153571   0.028881
          p_y           0.011544   0.000298
          p_z          -0.040461   0.003506
          p_x           0.015147   0.000457

   17 C   s             0.142468   0.024676
          p_y           0.068376   0.010264
          p_z          -0.095745   0.021151
          p_x          -0.046303   0.004240

   18 H   s             0.070367   0.012004

   19 C   s            -0.203796   0.051118
          p_y          -0.000711   0.000004
          p_z          -0.020177   0.000849
          p_x           0.020356   0.001050

   20 C   s            -0.153569   0.028880
          p_y           0.012244   0.000304
          p_z          -0.040617   0.003501
          p_x           0.013902   0.000441

   21 C   s            -0.024488   0.000729
          p_y          -0.038352   0.003329
          p_z           0.110506   0.027626
          p_x          -0.027685   0.001731

   22 H   s             0.046594   0.005257

   23 C   s             0.142500   0.024687
          p_y          -0.020591   0.000789
          p_z          -0.067746   0.010949
          p_x           0.104739   0.023913

   24 H   s            -0.061725   0.009199

   25 H   s             0.070367   0.012004

   26 H   s             0.046597   0.005257

   27 C   s            -0.024381   0.000723
          p_y          -0.025174   0.001432
          p_z           0.106380   0.025598
          p_x          -0.049995   0.005659

   28 C   s             0.203797   0.051118
          p_y          -0.000724   0.000004
          p_z          -0.020127   0.000845
          p_x           0.020337   0.001048

   29 H   s            -0.061737   0.009202

   30 C   s             0.203799   0.051119
          p_y           0.013828   0.000475
          p_z          -0.024770   0.001358
          p_x          -0.004300   0.000073

   31 C   s            -0.142426   0.024661
          p_y          -0.020604   0.000790
          p_z          -0.067743   0.010948
          p_x           0.104763   0.023924

   32 H   s            -0.070366   0.012004

   33 C   s            -0.142533   0.024699
          p_y           0.068362   0.010260
          p_z          -0.095742   0.021151
          p_x          -0.046275   0.004234

   34 H   s            -0.070368   0.012005

   35 H   s             0.061708   0.009193

   36 H   s             0.061757   0.009208

Eigenvector:  14    (up)

    1 C   s             0.181271   0.040044
          p_y          -0.039813   0.003594
          p_z           0.014152   0.000447
          p_x           0.066157   0.009953

    2 C   s            -0.006410   0.000049
          p_y          -0.035986   0.002860
          p_z           0.121474   0.032671
          p_x          -0.042743   0.004063

    3 C   s            -0.181297   0.040056
          p_y          -0.038778   0.003421
          p_z           0.010619   0.000262
          p_x           0.067424   0.010312

    4 C   s            -0.000009   0.000000
          p_y           0.036259   0.002916
          p_z          -0.123551   0.033862
          p_x           0.044274   0.004348

    5 C   s            -0.173586   0.036740
          p_y           0.039352   0.003499
          p_z          -0.017131   0.000635
          p_x          -0.062384   0.008888

    6 H   s             0.001576   0.000006

    7 C   s             0.006461   0.000050
          p_y           0.035182   0.002749
          p_z          -0.121214   0.032549
          p_x           0.044183   0.004306

    8 C   s            -0.000017   0.000000
          p_y          -0.036268   0.002918
          p_z           0.123581   0.033879
          p_x          -0.044285   0.004350

    9 C   s            -0.181238   0.040030
          p_y           0.038797   0.003425
          p_z          -0.010649   0.000263
          p_x          -0.067435   0.010315

   10 H   s             0.000012   0.000000

   11 C   s             0.010132   0.000118
          p_y           0.034701   0.002638
          p_z          -0.113217   0.028253
          p_x           0.037303   0.003101

   12 C   s             0.173587   0.036740
          p_y           0.036287   0.003013
          p_z          -0.006658   0.000113
          p_x          -0.066127   0.009896

   13 H   s            -0.001582   0.000006

   14 H   s             0.000015   0.000000

   15 C   s             0.181333   0.040071
          p_y           0.039807   0.003593
          p_z          -0.014166   0.000448
          p_x          -0.066131   0.009945

   16 C   s             0.006386   0.000049
          p_y          -0.035178   0.002749
          p_z           0.121200   0.032541
          p_x          -0.044178   0.004305

   17 C   s             0.159332   0.031213
          p_y          -0.035846   0.002801
          p_z           0.016090   0.000399
          p_x           0.056336   0.007465

   18 H   s            -0.001221   0.000004

   19 C   s            -0.010207   0.000120
          p_y          -0.031213   0.002165
          p_z           0.112092   0.027730
          p_x          -0.043276   0.004093

   20 C   s            -0.006468   0.000050
          p_y           0.035992   0.002861
          p_z          -0.121493   0.032681
          p_x           0.042750   0.004064

   21 C   s             0.173582   0.036739
          p_y          -0.036306   0.003016
          p_z           0.006711   0.000115
          p_x           0.066115   0.009893

   22 H   s            -0.001559   0.000006

   23 C   s            -0.159281   0.031193
          p_y          -0.032767   0.002558
          p_z           0.005469   0.000133
          p_x           0.060158   0.007984

   24 H   s            -0.064137   0.009980

   25 H   s             0.001245   0.000004

   26 H   s             0.001594   0.000006

   27 C   s            -0.173599   0.036745
          p_y          -0.039362   0.003501
          p_z           0.017173   0.000639
          p_x           0.062366   0.008883

   28 C   s            -0.010109   0.000118
          p_y           0.031213   0.002165
          p_z          -0.112105   0.027737
          p_x           0.043288   0.004096

   29 H   s             0.064116   0.009973

   30 C   s             0.010208   0.000120
          p_y          -0.034695   0.002637
          p_z           0.113207   0.028249
          p_x          -0.037307   0.003102

   31 C   s            -0.159354   0.031221
          p_y           0.032757   0.002557
          p_z          -0.005500   0.000134
          p_x          -0.060110   0.007972

   32 H   s             0.001210   0.000004

   33 C   s             0.159270   0.031190
          p_y           0.035877   0.002806
          p_z          -0.016126   0.000401
          p_x          -0.056365   0.007472

   34 H   s            -0.001249   0.000004

   35 H   s             0.064147   0.009983

   36 H   s            -0.064128   0.009977

Eigenvector:  15    (up)

    1 C   s             0.006981   0.000090
          p_y           0.015297   0.000545
          p_z           0.034835   0.002473
          p_x          -0.063424   0.008766

    2 C   s            -0.123206   0.017976
          p_y           0.044376   0.004470
          p_z          -0.044810   0.004146
          p_x          -0.046280   0.005262

    3 C   s             0.006986   0.000090
          p_y          -0.040936   0.003636
          p_z           0.052558   0.005794
          p_x           0.032115   0.002354

    4 C   s             0.017734   0.000340
          p_y           0.021466   0.001074
          p_z          -0.006777   0.000107
          p_x          -0.036465   0.003098

    5 C   s             0.147732   0.025460
          p_y           0.065700   0.009140
          p_z          -0.002606   0.000015
          p_x          -0.128577   0.034971

    6 H   s             0.080644   0.014482

    7 C   s            -0.123192   0.017972
          p_y          -0.024440   0.001500
          p_z          -0.023122   0.000958
          p_x           0.070624   0.011420

    8 C   s             0.017731   0.000340
          p_y          -0.021466   0.001074
          p_z           0.006776   0.000107
          p_x           0.036465   0.003098

    9 C   s             0.006981   0.000090
          p_y           0.040934   0.003636
          p_z          -0.052557   0.005794
          p_x          -0.032112   0.002353

   10 H   s             0.019928   0.000878

   11 C   s            -0.189261   0.042288
          p_y           0.033170   0.002706
          p_z           0.005339   0.000025
          p_x          -0.071187   0.011893

   12 C   s             0.147736   0.025461
          p_y          -0.077335   0.012649
          p_z           0.042447   0.003799
          p_x           0.114339   0.027679

   13 H   s             0.080645   0.014483

   14 H   s             0.019929   0.000878

   15 C   s             0.006978   0.000090
          p_y          -0.015295   0.000545
          p_z          -0.034833   0.002473
          p_x           0.063419   0.008765

   16 C   s            -0.123185   0.017970
          p_y           0.024436   0.001500
          p_z           0.023124   0.000958
          p_x          -0.070621   0.011419

   17 C   s             0.074331   0.006661
          p_y           0.066432   0.009152
          p_z          -0.072090   0.010817
          p_x          -0.064685   0.008644

   18 H   s             0.106668   0.025377

   19 C   s            -0.189262   0.042289
          p_y          -0.043353   0.004384
          p_z           0.029419   0.001827
          p_x           0.058748   0.008412

   20 C   s            -0.123194   0.017972
          p_y          -0.044373   0.004469
          p_z           0.044808   0.004146
          p_x           0.046276   0.005261

   21 C   s             0.147732   0.025459
          p_y           0.077329   0.012648
          p_z          -0.042445   0.003799
          p_x          -0.114330   0.027675

   22 H   s             0.080640   0.014481

   23 C   s             0.074340   0.006662
          p_y          -0.033498   0.002315
          p_z          -0.040641   0.003452
          p_x           0.104976   0.022844

   24 H   s            -0.029359   0.001906

   25 H   s             0.106670   0.025378

   26 H   s             0.080637   0.014480

   27 C   s             0.147722   0.025456
          p_y          -0.065695   0.009139
          p_z           0.002603   0.000015
          p_x           0.128571   0.034968

   28 C   s            -0.189252   0.042284
          p_y           0.043351   0.004384
          p_z          -0.029420   0.001827
          p_x          -0.058743   0.008410

   29 H   s            -0.029362   0.001907

   30 C   s            -0.189256   0.042285
          p_y          -0.033168   0.002706
          p_z          -0.005338   0.000025
          p_x           0.071182   0.011891

   31 C   s             0.074333   0.006661
          p_y           0.033497   0.002315
          p_z           0.040640   0.003452
          p_x          -0.104972   0.022843

   32 H   s             0.106664   0.025375

   33 C   s             0.074331   0.006661
          p_y          -0.066430   0.009152
          p_z           0.072090   0.010817
          p_x           0.064679   0.008642

   34 H   s             0.106663   0.025375

   35 H   s            -0.029359   0.001906

   36 H   s            -0.029357   0.001906

Eigenvector:  16    (up)

    1 C   s             0.159146   0.029453
          p_y           0.101376   0.021485
          p_z          -0.074957   0.011520
          p_x          -0.131672   0.036622

    2 C   s            -0.088348   0.009227
          p_y           0.022352   0.001262
          p_z           0.024761   0.001061
          p_x          -0.067991   0.010410

    3 C   s             0.159187   0.029468
          p_y          -0.073556   0.011455
          p_z          -0.019771   0.000745
          p_x           0.165611   0.057418

    4 C   s            -0.268074   0.084294
          p_y           0.060260   0.008500
          p_z          -0.019011   0.000846
          p_x          -0.102410   0.024550

    5 C   s            -0.035934   0.001343
          p_y           0.015530   0.000524
          p_z          -0.037402   0.002804
          p_x           0.004228   0.000014

    6 H   s             0.067793   0.010121

    7 C   s            -0.088337   0.009225
          p_y          -0.042911   0.004103
          p_z           0.045349   0.004118
          p_x           0.042897   0.004516

    8 C   s            -0.268067   0.084290
          p_y          -0.060259   0.008500
          p_z           0.019010   0.000846
          p_x           0.102410   0.024550

    9 C   s             0.159187   0.029467
          p_y           0.073553   0.011454
          p_z           0.019776   0.000746
          p_x          -0.165610   0.057417

   10 H   s             0.158760   0.055684

   11 C   s             0.089819   0.009377
          p_y          -0.001368   0.000007
          p_z          -0.009830   0.000190
          p_x           0.011991   0.000338

   12 C   s            -0.035946   0.001344
          p_y           0.005439   0.000042
          p_z          -0.034201   0.002282
          p_x           0.021405   0.001017

   13 H   s             0.067802   0.010124

   14 H   s             0.158758   0.055682

   15 C   s             0.159142   0.029451
          p_y          -0.101374   0.021485
          p_z           0.074954   0.011519
          p_x           0.131671   0.036622

   16 C   s            -0.088326   0.009223
          p_y           0.042911   0.004103
          p_z          -0.045352   0.004119
          p_x          -0.042894   0.004515

   17 C   s            -0.050924   0.003010
          p_y          -0.037592   0.002879
          p_z           0.052483   0.005835
          p_x           0.025610   0.001233

   18 H   s            -0.034420   0.002638

   19 C   s             0.089814   0.009376
          p_y           0.008005   0.000148
          p_z          -0.012788   0.000343
          p_x          -0.003887   0.000045

   20 C   s            -0.088350   0.009227
          p_y          -0.022352   0.001262
          p_z          -0.024759   0.001061
          p_x           0.067989   0.010409

   21 C   s            -0.035955   0.001345
          p_y          -0.005439   0.000042
          p_z           0.034198   0.002282
          p_x          -0.021403   0.001017

   22 H   s             0.067797   0.010122

   23 C   s            -0.050900   0.003008
          p_y           0.011436   0.000235
          p_z           0.037053   0.002987
          p_x          -0.057626   0.006727

   24 H   s             0.027925   0.001708

   25 H   s            -0.034416   0.002637

   26 H   s             0.067792   0.010121

   27 C   s            -0.035932   0.001343
          p_y          -0.015527   0.000524
          p_z           0.037403   0.002804
          p_x          -0.004234   0.000014

   28 C   s             0.089812   0.009375
          p_y          -0.008007   0.000148
          p_z           0.012794   0.000343
          p_x           0.003886   0.000045

   29 H   s             0.027912   0.001706

   30 C   s             0.089826   0.009378
          p_y           0.001370   0.000007
          p_z           0.009826   0.000190
          p_x          -0.011991   0.000338

   31 C   s            -0.050891   0.003007
          p_y          -0.011437   0.000235
          p_z          -0.037052   0.002987
          p_x           0.057628   0.006728

   32 H   s            -0.034416   0.002637

   33 C   s            -0.050930   0.003011
          p_y           0.037592   0.002879
          p_z          -0.052486   0.005836
          p_x          -0.025606   0.001233

   34 H   s            -0.034424   0.002639

   35 H   s             0.027908   0.001706

   36 H   s             0.027929   0.001708

Eigenvector:  17    (up)

    1 C   s             0.084712   0.008257
          p_y           0.035026   0.002606
          p_z           0.018764   0.000638
          p_x          -0.087632   0.015827

    2 C   s            -0.181507   0.038447
          p_y           0.044056   0.004493
          p_z          -0.013589   0.000416
          p_x          -0.075097   0.013116

    3 C   s             0.084782   0.008270
          p_y          -0.054249   0.006046
          p_z           0.046856   0.004333
          p_x           0.064106   0.008671

    4 C   s             0.000050   0.000000
          p_y           0.005729   0.000059
          p_z          -0.019504   0.000690
          p_x           0.007000   0.000089

    5 C   s             0.132392   0.020380
          p_y           0.084258   0.014830
          p_z          -0.045169   0.004221
          p_x          -0.125507   0.033012

    6 H   s             0.111941   0.027443

    7 C   s            -0.181407   0.038406
          p_y          -0.044252   0.004557
          p_z           0.014311   0.000488
          p_x           0.074852   0.012981

    8 C   s            -0.000045   0.000000
          p_y           0.005731   0.000060
          p_z          -0.019506   0.000690
          p_x           0.006996   0.000089

    9 C   s            -0.084785   0.008271
          p_y          -0.054253   0.006047
          p_z           0.046859   0.004334
          p_x           0.064112   0.008673

   10 H   s            -0.000025   0.000000

   11 C   s            -0.127531   0.019066
          p_y           0.034590   0.002876
          p_z           0.005845   0.000029
          p_x          -0.074483   0.012705

   12 C   s             0.132276   0.020344
          p_y          -0.072229   0.010940
          p_z           0.004165   0.000041
          p_x           0.140258   0.041114

   13 H   s             0.111910   0.027428

   14 H   s             0.000021   0.000000

   15 C   s            -0.084717   0.008258
          p_y           0.035029   0.002606
          p_z           0.018765   0.000638
          p_x          -0.087638   0.015829

   16 C   s             0.181415   0.038409
          p_y          -0.044253   0.004557
          p_z           0.014309   0.000488
          p_x           0.074857   0.012983

   17 C   s             0.032929   0.001356
          p_y           0.043165   0.003825
          p_z          -0.035054   0.002401
          p_x          -0.053117   0.005965

   18 H   s             0.089761   0.017612

   19 C   s            -0.127573   0.019078
          p_y          -0.045343   0.004680
          p_z           0.030904   0.001962
          p_x           0.061345   0.008961

   20 C   s             0.181517   0.038451
          p_y           0.044058   0.004494
          p_z          -0.013591   0.000416
          p_x          -0.075102   0.013117

   21 C   s            -0.132285   0.020347
          p_y          -0.072233   0.010942
          p_z           0.004167   0.000041
          p_x           0.140264   0.041117

   22 H   s            -0.111916   0.027431

   23 C   s             0.033082   0.001368
          p_y          -0.029323   0.001830
          p_z          -0.012249   0.000257
          p_x           0.069961   0.010086

   24 H   s            -0.005961   0.000075

   25 H   s             0.089780   0.017619

   26 H   s            -0.111947   0.027446

   27 C   s            -0.132399   0.020382
          p_y           0.084261   0.014831
          p_z          -0.045171   0.004221
          p_x          -0.125514   0.033016

   28 C   s             0.127582   0.019081
          p_y          -0.045346   0.004681
          p_z           0.030906   0.001962
          p_x           0.061348   0.008962

   29 H   s            -0.006036   0.000077

   30 C   s             0.127539   0.019068
          p_y           0.034592   0.002877
          p_z           0.005845   0.000029
          p_x          -0.074487   0.012706

   31 C   s            -0.033084   0.001369
          p_y          -0.029325   0.001831
          p_z          -0.012250   0.000257
          p_x           0.069967   0.010087

   32 H   s            -0.089786   0.017622

   33 C   s            -0.032933   0.001356
          p_y           0.043169   0.003826
          p_z          -0.035056   0.002402
          p_x          -0.053121   0.005966

   34 H   s            -0.089766   0.017614

   35 H   s             0.006036   0.000077

   36 H   s             0.005957   0.000075

Eigenvector:  18    (up)

    1 C   s            -0.055265   0.003466
          p_y          -0.013687   0.000336
          p_z           0.084888   0.013815
          p_x          -0.052784   0.005521

    2 C   s            -0.133149   0.019739
          p_y           0.026684   0.001471
          p_z          -0.086299   0.014914
          p_x           0.028113   0.001489

    3 C   s             0.055174   0.003455
          p_y           0.038453   0.002914
          p_z          -0.092701   0.016584
          p_x           0.010778   0.000191

    4 C   s             0.159332   0.028283
          p_y          -0.001455   0.000008
          p_z           0.000480   0.000001
          p_x           0.002477   0.000022

    5 C   s             0.144419   0.023690
          p_y          -0.015283   0.000518
          p_z          -0.048842   0.004571
          p_x           0.076498   0.011917

    6 H   s             0.047915   0.004782

    7 C   s             0.133308   0.019787
          p_y          -0.023595   0.001067
          p_z           0.085295   0.014470
          p_x          -0.033400   0.002332

    8 C   s            -0.159340   0.028286
          p_y          -0.001454   0.000008
          p_z           0.000468   0.000001
          p_x           0.002486   0.000022

    9 C   s            -0.055153   0.003453
          p_y           0.038454   0.002914
          p_z          -0.092704   0.016585
          p_x           0.010778   0.000191

   10 H   s            -0.056908   0.006763

   11 C   s             0.068052   0.005214
          p_y          -0.043653   0.003823
          p_z           0.139003   0.038482
          p_x          -0.043688   0.003747

   12 C   s            -0.144515   0.023721
          p_y          -0.049873   0.005042
          p_z           0.069369   0.009443
          p_x           0.034058   0.002496

   13 H   s            -0.048013   0.004802

   14 H   s             0.056914   0.006764

   15 C   s             0.055255   0.003465
          p_y          -0.013695   0.000336
          p_z           0.084892   0.013816
          p_x          -0.052773   0.005518

   16 C   s            -0.133322   0.019791
          p_y          -0.023591   0.001067
          p_z           0.085284   0.014466
          p_x          -0.033398   0.002332

   17 C   s            -0.183466   0.038900
          p_y           0.035114   0.002457
          p_z           0.004397   0.000097
          p_x          -0.074125   0.011870

   18 H   s            -0.027637   0.001581

   19 C   s            -0.067969   0.005201
          p_y           0.037078   0.002710
          p_z          -0.136929   0.037284
          p_x           0.054922   0.006067

   20 C   s             0.133152   0.019740
          p_y           0.026679   0.001470
          p_z          -0.086287   0.014910
          p_x           0.028111   0.001489

   21 C   s             0.144505   0.023718
          p_y          -0.049874   0.005043
          p_z           0.069376   0.009445
          p_x           0.034053   0.002496

   22 H   s             0.048019   0.004803

   23 C   s             0.183456   0.038895
          p_y           0.045091   0.004436
          p_z          -0.029621   0.002220
          p_x          -0.062007   0.007787

   24 H   s             0.096717   0.020021

   25 H   s             0.027568   0.001573

   26 H   s            -0.047915   0.004782

   27 C   s            -0.144408   0.023686
          p_y          -0.015278   0.000518
          p_z          -0.048849   0.004573
          p_x           0.076495   0.011916

   28 C   s             0.067991   0.005204
          p_y           0.037074   0.002710
          p_z          -0.136925   0.037281
          p_x           0.054926   0.006068

   29 H   s            -0.096726   0.020025

   30 C   s            -0.068061   0.005215
          p_y          -0.043649   0.003822
          p_z           0.138994   0.038478
          p_x          -0.043690   0.003747

   31 C   s            -0.183467   0.038899
          p_y           0.045085   0.004435
          p_z          -0.029625   0.002220
          p_x          -0.061992   0.007783

   32 H   s            -0.027580   0.001575

   33 C   s             0.183452   0.038896
          p_y           0.035116   0.002457
          p_z           0.004405   0.000097
          p_x          -0.074140   0.011876

   34 H   s             0.027637   0.001581

   35 H   s             0.096730   0.020026

   36 H   s            -0.096739   0.020031

Eigenvector:  19    (up)

    1 C   s            -0.140723   0.020580
          p_y           0.049523   0.004376
          p_z          -0.068428   0.008039
          p_x          -0.034328   0.002252

    2 C   s             0.136775   0.019259
          p_y           0.012808   0.000248
          p_z          -0.067911   0.008046
          p_x           0.038540   0.002821

    3 C   s             0.140716   0.020578
          p_y           0.015370   0.000467
          p_z           0.047970   0.003840
          p_x          -0.076015   0.010364

    4 C   s            -0.000014   0.000000
          p_y          -0.047115   0.003911
          p_z           0.160580   0.045433
          p_x          -0.057579   0.005842

    5 C   s            -0.014650   0.000226
          p_y          -0.029192   0.001428
          p_z           0.109877   0.020561
          p_x          -0.045215   0.003552

    6 H   s            -0.066946   0.008082

    7 C   s            -0.136774   0.019259
          p_y          -0.028475   0.001517
          p_z           0.072838   0.009407
          p_x          -0.011895   0.000185

    8 C   s             0.000003   0.000000
          p_y           0.047118   0.003911
          p_z          -0.160584   0.045435
          p_x           0.057579   0.005841

    9 C   s             0.140729   0.020582
          p_y          -0.015370   0.000467
          p_z          -0.047960   0.003838
          p_x           0.076005   0.010362

   10 H   s             0.000018   0.000000

   11 C   s            -0.130678   0.017737
          p_y           0.040973   0.003081
          p_z          -0.103967   0.019111
          p_x           0.016037   0.000367

   12 C   s             0.014656   0.000226
          p_y           0.035808   0.002218
          p_z          -0.111898   0.021384
          p_x           0.034171   0.001942

   13 H   s             0.066933   0.008078

   14 H   s             0.000009   0.000000

   15 C   s            -0.140730   0.020582
          p_y          -0.049528   0.004377
          p_z           0.068419   0.008037
          p_x           0.034346   0.002254

   16 C   s            -0.136775   0.019259
          p_y           0.028482   0.001517
          p_z          -0.072851   0.009410
          p_x           0.011892   0.000185

   17 C   s             0.163998   0.029000
          p_y          -0.019765   0.000708
          p_z          -0.041045   0.003530
          p_x           0.077952   0.011863

   18 H   s             0.070089   0.008842

   19 C   s             0.130671   0.017735
          p_y          -0.017644   0.000492
          p_z           0.096632   0.016325
          p_x          -0.055657   0.005744

   20 C   s             0.136757   0.019254
          p_y          -0.012820   0.000248
          p_z           0.067935   0.008052
          p_x          -0.038539   0.002821

   21 C   s             0.014642   0.000226
          p_y          -0.035802   0.002217
          p_z           0.111890   0.021381
          p_x          -0.034178   0.001942

   22 H   s             0.066938   0.008079

   23 C   s            -0.163999   0.029000
          p_y          -0.050192   0.004941
          p_z           0.063044   0.008083
          p_x           0.040757   0.003082

   24 H   s            -0.124743   0.028695

   25 H   s            -0.070081   0.008840

   26 H   s            -0.066932   0.008078

   27 C   s            -0.014624   0.000225
          p_y           0.029197   0.001429
          p_z          -0.109886   0.020564
          p_x           0.045211   0.003552

   28 C   s             0.130685   0.017739
          p_y           0.017631   0.000491
          p_z          -0.096613   0.016319
          p_x           0.055664   0.005746

   29 H   s             0.124752   0.028699

   30 C   s            -0.130686   0.017739
          p_y          -0.040963   0.003080
          p_z           0.103947   0.019104
          p_x          -0.016044   0.000367

   31 C   s            -0.163999   0.029000
          p_y           0.050176   0.004937
          p_z          -0.063038   0.008081
          p_x          -0.040734   0.003079

   32 H   s            -0.070097   0.008844

   33 C   s             0.163981   0.028995
          p_y           0.019764   0.000708
          p_z           0.041067   0.003533
          p_x          -0.077980   0.011871

   34 H   s             0.070084   0.008840

   35 H   s             0.124742   0.028695

   36 H   s            -0.124774   0.028710

Eigenvector:  20    (up)

    1 C   s            -0.027307   0.000640
          p_y           0.006234   0.000081
          p_z           0.105894   0.019767
          p_x          -0.112446   0.022736

    2 C   s             0.003081   0.000011
          p_y           0.029595   0.001384
          p_z          -0.142227   0.033937
          p_x           0.075070   0.009888

    3 C   s            -0.027320   0.000641
          p_y          -0.075997   0.010363
          p_z           0.131828   0.030817
          p_x           0.027283   0.001407

    4 C   s             0.004012   0.000005
          p_y           0.068461   0.008866
          p_z          -0.021704   0.000891
          p_x          -0.116246   0.025563

    5 C   s             0.032119   0.000874
          p_y          -0.078953   0.011162
          p_z           0.091936   0.014941
          p_x           0.070942   0.009154

    6 H   s            -0.018551   0.000621

    7 C   s             0.003103   0.000011
          p_y           0.056293   0.005512
          p_z          -0.150633   0.038370
          p_x           0.029827   0.001342

    8 C   s             0.004028   0.000005
          p_y          -0.068405   0.008852
          p_z           0.021520   0.000876
          p_x           0.116309   0.025590

    9 C   s            -0.027306   0.000640
          p_y           0.076074   0.010384
          p_z          -0.131768   0.030789
          p_x          -0.027496   0.001429

   10 H   s             0.087284   0.013700

   11 C   s            -0.009239   0.000064
          p_y          -0.072659   0.009734
          p_z           0.065515   0.007448
          p_x           0.083250   0.013337

   12 C   s             0.032121   0.000875
          p_y           0.035693   0.002330
          p_z           0.055845   0.005442
          p_x          -0.123823   0.027495

   13 H   s            -0.018545   0.000621

   14 H   s             0.087275   0.013697

   15 C   s            -0.027314   0.000640
          p_y          -0.006366   0.000084
          p_z          -0.105785   0.019726
          p_x           0.112607   0.022800

   16 C   s             0.003055   0.000011
          p_y          -0.056224   0.005498
          p_z           0.150679   0.038393
          p_x          -0.030009   0.001360

   17 C   s             0.025136   0.000699
          p_y           0.031981   0.001685
          p_z          -0.131377   0.031551
          p_x           0.059736   0.007210

   18 H   s            -0.074934   0.009943

   19 C   s            -0.009272   0.000064
          p_y           0.045175   0.003970
          p_z           0.028405   0.001245
          p_x          -0.116842   0.025300

   20 C   s             0.003025   0.000011
          p_y          -0.029721   0.001397
          p_z           0.142365   0.034004
          p_x          -0.074951   0.009855

   21 C   s             0.032100   0.000873
          p_y          -0.035650   0.002325
          p_z          -0.056004   0.005474
          p_x           0.123886   0.027523

   22 H   s            -0.018407   0.000612

   23 C   s             0.025171   0.000701
          p_y           0.046113   0.004207
          p_z          -0.135832   0.034271
          p_x           0.035779   0.001980

   24 H   s            -0.102402   0.018435

   25 H   s            -0.074918   0.009939

   26 H   s            -0.018407   0.000612

   27 C   s             0.032130   0.000875
          p_y           0.079012   0.011179
          p_z          -0.092109   0.014997
          p_x          -0.070900   0.009143

   28 C   s            -0.009198   0.000063
          p_y          -0.045299   0.003992
          p_z          -0.028283   0.001233
          p_x           0.116974   0.025358

   29 H   s            -0.102432   0.018446

   30 C   s            -0.009193   0.000063
          p_y           0.072730   0.009754
          p_z          -0.065471   0.007438
          p_x          -0.083437   0.013396

   31 C   s             0.025169   0.000701
          p_y          -0.046232   0.004228
          p_z           0.135942   0.034328
          p_x          -0.035652   0.001965

   32 H   s            -0.075075   0.009981

   33 C   s             0.025140   0.000699
          p_y          -0.031924   0.001679
          p_z           0.131452   0.031589
          p_x          -0.059935   0.007256

   34 H   s            -0.075075   0.009980

   35 H   s            -0.102543   0.018486

   36 H   s            -0.102536   0.018483

Eigenvector:  21    (up)

    1 C   s             0.000974   0.000003
          p_y           0.092241   0.015067
          p_z          -0.084091   0.012631
          p_x          -0.104781   0.019314

    2 C   s            -0.032411   0.001130
          p_y           0.081809   0.012353
          p_z          -0.082686   0.011988
          p_x          -0.085273   0.014036

    3 C   s             0.001037   0.000003
          p_y          -0.056632   0.005632
          p_z          -0.037122   0.002498
          p_x           0.148208   0.038869

    4 C   s             0.000001   0.000000
          p_y          -0.038171   0.002492
          p_z           0.130250   0.029021
          p_x          -0.046755   0.003740

    5 C   s            -0.007242   0.000049
          p_y          -0.039236   0.002736
          p_z           0.115669   0.024163
          p_x          -0.030705   0.001772

    6 H   s             0.095791   0.016338

    7 C   s            -0.032432   0.001132
          p_y          -0.045003   0.003960
          p_z          -0.042670   0.002969
          p_x           0.130222   0.031454

    8 C   s             0.000001  -0.000000
          p_y          -0.038271   0.002506
          p_z           0.130263   0.029028
          p_x          -0.046568   0.003709

    9 C   s            -0.001062   0.000003
          p_y          -0.056517   0.005609
          p_z          -0.037330   0.002526
          p_x           0.148176   0.038851

   10 H   s             0.000041   0.000000

   11 C   s             0.041408   0.001801
          p_y          -0.046218   0.004209
          p_z          -0.039336   0.002482
          p_x           0.129170   0.031126

   12 C   s            -0.007244   0.000049
          p_y          -0.027418   0.001395
          p_z           0.111937   0.022716
          p_x          -0.050749   0.004552

   13 H   s             0.095823   0.016349

   14 H   s             0.000096   0.000000

   15 C   s            -0.001030   0.000003
          p_y           0.092226   0.015062
          p_z          -0.084243   0.012677
          p_x          -0.104607   0.019249

   16 C   s             0.032425   0.001132
          p_y          -0.045088   0.003974
          p_z          -0.042446   0.002937
          p_x           0.130182   0.031436

   17 C   s             0.004287   0.000024
          p_y          -0.042950   0.003163
          p_z          -0.037763   0.003006
          p_x           0.121152   0.026859

   18 H   s            -0.100407   0.017897

   19 C   s             0.041435   0.001803
          p_y           0.080961   0.012164
          p_z          -0.079326   0.011025
          p_x          -0.086719   0.014627

   20 C   s             0.032438   0.001132
          p_y           0.081769   0.012342
          p_z          -0.082469   0.011926
          p_x          -0.085398   0.014075

   21 C   s             0.007295   0.000049
          p_y          -0.027483   0.001401
          p_z           0.111872   0.022690
          p_x          -0.050559   0.004517

   22 H   s            -0.095848   0.016358

   23 C   s             0.004261   0.000024
          p_y           0.075985   0.010627
          p_z          -0.075169   0.011031
          p_x          -0.080746   0.011362

   24 H   s            -0.076558   0.010378

   25 H   s            -0.100420   0.017901

   26 H   s            -0.095837   0.016354

   27 C   s             0.007277   0.000049
          p_y          -0.039112   0.002719
          p_z           0.115521   0.024102
          p_x          -0.030813   0.001784

   28 C   s            -0.041442   0.001803
          p_y           0.080903   0.012146
          p_z          -0.079392   0.011043
          p_x          -0.086540   0.014568

   29 H   s            -0.076534   0.010371

   30 C   s            -0.041432   0.001802
          p_y          -0.046118   0.004191
          p_z          -0.039417   0.002493
          p_x           0.129051   0.031069

   31 C   s            -0.004239   0.000024
          p_y           0.075935   0.010612
          p_z          -0.074977   0.010977
          p_x          -0.080823   0.011383

   32 H   s             0.100307   0.017861

   33 C   s            -0.004223   0.000024
          p_y          -0.042998   0.003170
          p_z          -0.037574   0.002978
          p_x           0.121079   0.026825

   34 H   s             0.100306   0.017861

   35 H   s             0.076402   0.010336

   36 H   s             0.076416   0.010339

Eigenvector:  22    (up)

    1 C   s            -0.019982   0.000351
          p_y          -0.000049  -0.000000
          p_z          -0.046635   0.004051
          p_x           0.044200   0.003316

    2 C   s            -0.052532   0.002795
          p_y           0.064053   0.007334
          p_z          -0.011144   0.000199
          p_x          -0.117242   0.024795

    3 C   s            -0.020128   0.000357
          p_y           0.030203   0.001567
          p_z          -0.056116   0.005724
          p_x          -0.007318   0.000053

    4 C   s             0.074285   0.005498
          p_y          -0.060394   0.006565
          p_z           0.019093   0.000656
          p_x           0.102633   0.018959

    5 C   s             0.023969   0.000514
          p_y           0.024604   0.000947
          p_z           0.081328   0.011605
          p_x          -0.125643   0.026530

    6 H   s             0.114147   0.021915

    7 C   s            -0.052534   0.002795
          p_y          -0.069748   0.008788
          p_z           0.030861   0.001779
          p_x           0.110209   0.021745

    8 C   s             0.074444   0.005522
          p_y           0.060413   0.006569
          p_z          -0.019042   0.000653
          p_x          -0.102722   0.018991

    9 C   s            -0.019979   0.000351
          p_y          -0.030252   0.001572
          p_z           0.056164   0.005733
          p_x           0.007366   0.000054

   10 H   s            -0.114297   0.021951

   11 C   s             0.027051   0.000750
          p_y          -0.024738   0.001219
          p_z          -0.080967   0.010635
          p_x           0.125526   0.027851

   12 C   s             0.024080   0.000519
          p_y          -0.082004   0.011340
          p_z           0.114988   0.022825
          p_x           0.055379   0.004931

   13 H   s             0.114125   0.021906

   14 H   s            -0.114434   0.022002

   15 C   s            -0.020096   0.000356
          p_y           0.000072  -0.000000
          p_z           0.046494   0.004028
          p_x          -0.044114   0.003304

   16 C   s            -0.052549   0.002797
          p_y           0.069777   0.008795
          p_z          -0.031035   0.001797
          p_x          -0.110106   0.021706

   17 C   s            -0.004798   0.000002
          p_y          -0.071505   0.008292
          p_z          -0.018575   0.000858
          p_x           0.160064   0.043969

   18 H   s            -0.085019   0.012178

   19 C   s             0.026922   0.000743
          p_y           0.081959   0.011798
          p_z          -0.114517   0.022001
          p_x          -0.055506   0.005883

   20 C   s            -0.052557   0.002798
          p_y          -0.064103   0.007344
          p_z           0.011351   0.000207
          p_x           0.117145   0.024756

   21 C   s             0.023968   0.000514
          p_y           0.081988   0.011335
          p_z          -0.114877   0.022783
          p_x          -0.055456   0.004944

   22 H   s             0.114099   0.021896

   23 C   s            -0.004665   0.000001
          p_y           0.098060   0.016610
          p_z          -0.071988   0.009797
          p_x          -0.127691   0.026757

   24 H   s            -0.088202   0.013071

   25 H   s            -0.084892   0.012143

   26 H   s             0.114142   0.021913

   27 C   s             0.024138   0.000522
          p_y          -0.024548   0.000943
          p_z          -0.081402   0.011624
          p_x           0.125597   0.026511

   28 C   s             0.027071   0.000751
          p_y          -0.081999   0.011810
          p_z           0.114475   0.021985
          p_x           0.055619   0.005907

   29 H   s            -0.088345   0.013112

   30 C   s             0.026880   0.000741
          p_y           0.024713   0.001216
          p_z           0.080928   0.010626
          p_x          -0.125448   0.027816

   31 C   s            -0.004817   0.000002
          p_y          -0.098023   0.016598
          p_z           0.071945   0.009785
          p_x           0.127649   0.026739

   32 H   s            -0.085052   0.012187

   33 C   s            -0.004655   0.000001
          p_y           0.071474   0.008285
          p_z           0.018731   0.000870
          p_x          -0.160162   0.044025

   34 H   s            -0.084875   0.012138

   35 H   s            -0.088220   0.013076

   36 H   s            -0.088426   0.013137

Eigenvector:  23    (up)

    1 C   s            -0.111328   0.011801
          p_y           0.001836   0.000009
          p_z           0.066996   0.006773
          p_x          -0.066753   0.007013

    2 C   s            -0.000463   0.000000
          p_y           0.051607   0.004191
          p_z          -0.163848   0.042086
          p_x           0.051671   0.004155

    3 C   s             0.111393   0.011814
          p_y           0.045441   0.003235
          p_z          -0.081600   0.010169
          p_x          -0.013508   0.000327

    4 C   s             0.131233   0.017020
          p_y          -0.034724   0.002149
          p_z           0.010890   0.000212
          p_x           0.059229   0.006251

    5 C   s             0.113880   0.012305
          p_y          -0.045999   0.003275
          p_z           0.084523   0.010859
          p_x           0.012298   0.000261

    6 H   s             0.006476   0.000066

    7 C   s             0.000296   0.000000
          p_y          -0.043750   0.002985
          p_z           0.161271   0.040739
          p_x          -0.064746   0.006605

    8 C   s            -0.131140   0.016996
          p_y          -0.034650   0.002140
          p_z           0.010848   0.000210
          p_x           0.059122   0.006228

    9 C   s            -0.111407   0.011816
          p_y           0.045412   0.003230
          p_z          -0.081555   0.010156
          p_x          -0.013493   0.000326

   10 H   s            -0.118702   0.022557

   11 C   s            -0.132179   0.017486
          p_y           0.045425   0.003622
          p_z          -0.026534   0.001172
          p_x          -0.065699   0.007723

   12 C   s            -0.113731   0.012274
          p_y          -0.000781   0.000002
          p_z          -0.069631   0.007306
          p_x           0.067423   0.007058

   13 H   s            -0.006390   0.000065

   14 H   s             0.118569   0.022505

   15 C   s             0.111285   0.011792
          p_y           0.001829   0.000009
          p_z           0.067053   0.006786
          p_x          -0.066793   0.007021

   16 C   s            -0.000375   0.000000
          p_y          -0.043665   0.002972
          p_z           0.161252   0.040728
          p_x          -0.064896   0.006638

   17 C   s             0.131711   0.017578
          p_y          -0.001254   0.000003
          p_z          -0.068336   0.008276
          p_x           0.066680   0.007899

   18 H   s             0.131587   0.027665

   19 C   s             0.132174   0.017485
          p_y           0.037767   0.002562
          p_z           0.000538  -0.000001
          p_x          -0.075568   0.010050

   20 C   s             0.000418   0.000000
          p_y           0.051529   0.004177
          p_z          -0.163816   0.042070
          p_x           0.051800   0.004177

   21 C   s             0.113774   0.012283
          p_y          -0.000689   0.000002
          p_z          -0.069770   0.007338
          p_x           0.067377   0.007049

   22 H   s             0.006545   0.000068

   23 C   s            -0.131696   0.017572
          p_y          -0.045302   0.003645
          p_z           0.082616   0.012104
          p_x           0.012661   0.000287

   24 H   s            -0.140862   0.031879

   25 H   s            -0.131792   0.027752

   26 H   s            -0.006353   0.000064

   27 C   s            -0.113867   0.012302
          p_y          -0.046014   0.003277
          p_z           0.084399   0.010825
          p_x           0.012453   0.000268

   28 C   s            -0.132141   0.017476
          p_y           0.037669   0.002548
          p_z           0.000657  -0.000001
          p_x          -0.075479   0.010026

   29 H   s             0.140548   0.031735

   30 C   s             0.132213   0.017494
          p_y           0.045459   0.003628
          p_z          -0.026413   0.001162
          p_x          -0.065868   0.007762

   31 C   s             0.131686   0.017570
          p_y          -0.045411   0.003662
          p_z           0.082717   0.012135
          p_x           0.012793   0.000293

   32 H   s             0.131678   0.027703

   33 C   s            -0.131691   0.017573
          p_y          -0.001162   0.000003
          p_z          -0.068314   0.008269
          p_x           0.066498   0.007857

   34 H   s            -0.131702   0.027714

   35 H   s            -0.140657   0.031785

   36 H   s             0.140759   0.031832

Eigenvector:  24    (up)

    1 C   s             0.051256   0.002282
          p_y          -0.025573   0.001129
          p_z           0.127269   0.026382
          p_x          -0.068984   0.007408

    2 C   s            -0.058157   0.003172
          p_y          -0.007607   0.000134
          p_z          -0.067777   0.007239
          p_x           0.079147   0.010754

    3 C   s             0.051022   0.002260
          p_y          -0.051513   0.004167
          p_z           0.135576   0.029701
          p_x          -0.025058   0.001132

    4 C   s            -0.000126   0.000000
          p_y           0.035023   0.001891
          p_z          -0.119100   0.021859
          p_x           0.042633   0.002800

    5 C   s             0.060203   0.003121
          p_y          -0.036019   0.002332
          p_z          -0.026005   0.001014
          p_x           0.096522   0.016039

    6 H   s            -0.016740   0.000492

    7 C   s            -0.058168   0.003173
          p_y           0.053094   0.004799
          p_z          -0.087171   0.012312
          p_x          -0.023647   0.001112

    8 C   s             0.000154   0.000000
          p_y           0.035046   0.001893
          p_z          -0.119117   0.021866
          p_x           0.042603   0.002796

    9 C   s            -0.051023   0.002260
          p_y          -0.051520   0.004168
          p_z           0.135588   0.029706
          p_x          -0.025053   0.001132

   10 H   s             0.000134   0.000000

   11 C   s            -0.016328   0.000216
          p_y          -0.086253   0.012324
          p_z           0.159691   0.040398
          p_x           0.021828   0.001027

   12 C   s             0.060405   0.003143
          p_y           0.060271   0.006227
          p_z          -0.056197   0.005155
          p_x          -0.067102   0.008011

   13 H   s            -0.016748   0.000492

   14 H   s            -0.000175   0.000000

   15 C   s            -0.051272   0.002283
          p_y          -0.025577   0.001129
          p_z           0.127288   0.026391
          p_x          -0.068995   0.007410

   16 C   s             0.058141   0.003170
          p_y           0.053122   0.004804
          p_z          -0.087175   0.012313
          p_x          -0.023695   0.001116

   17 C   s             0.008626   0.000126
          p_y           0.083094   0.010946
          p_z          -0.193023   0.062613
          p_x           0.015782   0.000667

   18 H   s            -0.056441   0.005184

   19 C   s            -0.016573   0.000224
          p_y           0.000829   0.000007
          p_z           0.132245   0.027133
          p_x          -0.126080   0.026554

   20 C   s             0.058147   0.003171
          p_y          -0.007629   0.000134
          p_z          -0.067767   0.007236
          p_x           0.079185   0.010764

   21 C   s            -0.060389   0.003142
          p_y           0.060298   0.006232
          p_z          -0.056238   0.005162
          p_x          -0.067112   0.008013

   22 H   s             0.016800   0.000495

   23 C   s             0.008868   0.000132
          p_y           0.024392   0.001232
          p_z          -0.174674   0.052233
          p_x           0.115590   0.020858

   24 H   s            -0.114857   0.021568

   25 H   s            -0.056206   0.005142

   26 H   s             0.016774   0.000494

   27 C   s            -0.060203   0.003121
          p_y          -0.036021   0.002332
          p_z          -0.026045   0.001017
          p_x           0.096569   0.016055

   28 C   s             0.016583   0.000224
          p_y           0.000800   0.000007
          p_z           0.132277   0.027146
          p_x          -0.126049   0.026540

   29 H   s            -0.115119   0.021665

   30 C   s             0.016340   0.000217
          p_y          -0.086241   0.012320
          p_z           0.159732   0.040418
          p_x           0.021776   0.001022

   31 C   s            -0.008872   0.000132
          p_y           0.024364   0.001229
          p_z          -0.174640   0.052213
          p_x           0.115626   0.020871

   32 H   s             0.056170   0.005135

   33 C   s            -0.008617   0.000126
          p_y           0.083126   0.010955
          p_z          -0.193018   0.062607
          p_x           0.015733   0.000664

   34 H   s             0.056405   0.005178

   35 H   s             0.115086   0.021653

   36 H   s             0.114817   0.021552

Eigenvector:  25    (up)

    1 C   s             0.145297   0.018586
          p_y          -0.011911   0.000136
          p_z           0.003608   0.000012
          p_x           0.020246   0.000395

    2 C   s            -0.037511   0.001967
          p_y           0.088350   0.012934
          p_z          -0.014011   0.000359
          p_x          -0.163230   0.043775

    3 C   s            -0.145333   0.018594
          p_y          -0.011950   0.000138
          p_z           0.003831   0.000015
          p_x           0.020108   0.000387

    4 C   s            -0.047711   0.003102
          p_y           0.109235   0.019694
          p_z          -0.034522   0.001967
          p_x          -0.185716   0.056924

    5 C   s             0.098335   0.008499
          p_y          -0.008450   0.000067
          p_z           0.005708   0.000039
          p_x           0.011339   0.000105

    6 H   s             0.185354   0.052414

    7 C   s             0.037498   0.001966
          p_y           0.097258   0.015521
          p_z          -0.044515   0.003154
          p_x          -0.152305   0.038378

    8 C   s             0.047712   0.003102
          p_y           0.109233   0.019694
          p_z          -0.034514   0.001966
          p_x          -0.185720   0.056926

    9 C   s             0.145323   0.018592
          p_y          -0.011949   0.000138
          p_z           0.003832   0.000015
          p_x           0.020105   0.000387

   10 H   s             0.219553   0.073640

   11 C   s            -0.015344   0.000368
          p_y           0.044386   0.003288
          p_z           0.002576   0.000003
          p_x          -0.091067   0.013573

   12 C   s            -0.098315   0.008495
          p_y          -0.006519   0.000034
          p_z          -0.001022   0.000003
          p_x           0.013881   0.000179

   13 H   s            -0.185349   0.052410

   14 H   s            -0.219554   0.073641

   15 C   s            -0.145288   0.018584
          p_y          -0.011909   0.000136
          p_z           0.003606   0.000012
          p_x           0.020245   0.000395

   16 C   s            -0.037491   0.001966
          p_y           0.097248   0.015518
          p_z          -0.044516   0.003154
          p_x          -0.152287   0.038369

   17 C   s             0.031859   0.000908
          p_y          -0.004068   0.000017
          p_z           0.009137   0.000104
          p_x          -0.000563   0.000001

   18 H   s             0.097762   0.014551

   19 C   s             0.015340   0.000368
          p_y           0.055158   0.004967
          p_z          -0.034016   0.001803
          p_x          -0.077965   0.010108

   20 C   s             0.037503   0.001966
          p_y           0.088336   0.012930
          p_z          -0.014001   0.000358
          p_x          -0.163212   0.043765

   21 C   s             0.098296   0.008492
          p_y          -0.006517   0.000034
          p_z          -0.001023   0.000003
          p_x           0.013878   0.000179

   22 H   s             0.185328   0.052398

   23 C   s            -0.031863   0.000908
          p_y           0.001081   0.000003
          p_z          -0.008222   0.000089
          p_x           0.005550   0.000029

   24 H   s            -0.013556   0.000256

   25 H   s            -0.097779   0.014557

   26 H   s            -0.185330   0.052400

   27 C   s            -0.098317   0.008496
          p_y          -0.008447   0.000067
          p_z           0.005704   0.000039
          p_x           0.011337   0.000105

   28 C   s            -0.015332   0.000367
          p_y           0.055146   0.004965
          p_z          -0.034009   0.001802
          p_x          -0.077947   0.010103

   29 H   s             0.013516   0.000254

   30 C   s             0.015337   0.000368
          p_y           0.044377   0.003287
          p_z           0.002578   0.000003
          p_x          -0.091050   0.013568

   31 C   s             0.031852   0.000908
          p_y           0.001083   0.000003
          p_z          -0.008223   0.000089
          p_x           0.005548   0.000029

   32 H   s             0.097756   0.014550

   33 C   s            -0.031848   0.000907
          p_y          -0.004067   0.000017
          p_z           0.009138   0.000104
          p_x          -0.000564   0.000001

   34 H   s            -0.097741   0.014545

   35 H   s            -0.013508   0.000254

   36 H   s             0.013547   0.000255

Eigenvector:  26    (up)

    1 C   s             0.079415   0.005629
          p_y          -0.016418   0.000356
          p_z           0.026067   0.000935
          p_x           0.008254   0.000079

    2 C   s            -0.064783   0.004808
          p_y           0.096727   0.015254
          p_z          -0.068785   0.007273
          p_x          -0.128134   0.027542

    3 C   s            -0.079383   0.005625
          p_y          -0.002964   0.000009
          p_z          -0.019943   0.000560
          p_x           0.024805   0.000807

    4 C   s            -0.000017   0.000000
          p_y           0.024162   0.000860
          p_z          -0.082346   0.009987
          p_x           0.029542   0.001285

    5 C   s             0.154883   0.021412
          p_y          -0.019770   0.000494
          p_z           0.008869   0.000097
          p_x           0.031106   0.001231

    6 H   s             0.180742   0.049805

    7 C   s             0.064773   0.004807
          p_y           0.071959   0.008740
          p_z           0.015632   0.000278
          p_x          -0.158396   0.041061

    8 C   s            -0.000029   0.000000
          p_y          -0.024193   0.000862
          p_z           0.082382   0.009996
          p_x          -0.029524   0.001284

    9 C   s            -0.079414   0.005629
          p_y           0.002943   0.000009
          p_z           0.019938   0.000560
          p_x          -0.024769   0.000804

   10 H   s            -0.000022   0.000000

   11 C   s            -0.058589   0.004011
          p_y           0.071205   0.008525
          p_z           0.008903   0.000082
          p_x          -0.150483   0.037251

   12 C   s            -0.154895   0.021415
          p_y          -0.017989   0.000412
          p_z           0.003010   0.000012
          p_x           0.033157   0.001390

   13 H   s            -0.180757   0.049813

   14 H   s             0.000017   0.000000

   15 C   s             0.079434   0.005632
          p_y           0.016442   0.000357
          p_z          -0.026083   0.000936
          p_x          -0.008298   0.000079

   16 C   s             0.064777   0.004808
          p_y          -0.071972   0.008743
          p_z          -0.015639   0.000278
          p_x           0.158420   0.041073

   17 C   s             0.078405   0.005782
          p_y          -0.002408   0.000003
          p_z          -0.014781   0.000431
          p_x           0.018627   0.000556

   18 H   s             0.173806   0.045997

   19 C   s             0.058591   0.004011
          p_y           0.091490   0.013731
          p_z          -0.060008   0.005637
          p_x          -0.125756   0.026477

   20 C   s            -0.064792   0.004809
          p_y          -0.096731   0.015255
          p_z           0.068757   0.007267
          p_x           0.128159   0.027553

   21 C   s            -0.154891   0.021414
          p_y           0.018008   0.000413
          p_z          -0.003024   0.000013
          p_x          -0.033195   0.001394

   22 H   s            -0.180782   0.049827

   23 C   s            -0.078402   0.005781
          p_y          -0.012401   0.000251
          p_z           0.019415   0.000697
          p_x           0.006520   0.000044

   24 H   s            -0.065635   0.006364

   25 H   s            -0.173808   0.045997

   26 H   s             0.180764   0.049817

   27 C   s             0.154902   0.021417
          p_y           0.019742   0.000492
          p_z          -0.008860   0.000097
          p_x          -0.031074   0.001228

   28 C   s             0.058584   0.004010
          p_y          -0.091503   0.013735
          p_z           0.060036   0.005642
          p_x           0.125746   0.026472

   29 H   s             0.065655   0.006368

   30 C   s            -0.058588   0.004010
          p_y          -0.071212   0.008526
          p_z          -0.008896   0.000081
          p_x           0.150475   0.037247

   31 C   s            -0.078399   0.005781
          p_y           0.012371   0.000250
          p_z          -0.019404   0.000696
          p_x          -0.006483   0.000043

   32 H   s            -0.173806   0.045996

   33 C   s             0.078391   0.005780
          p_y           0.002420   0.000003
          p_z           0.014780   0.000431
          p_x          -0.018667   0.000558

   34 H   s             0.173806   0.045996

   35 H   s             0.065630   0.006364

   36 H   s            -0.065651   0.006368

Eigenvector:  27    (up)

    1 C   s            -0.000024   0.000000
          p_y          -0.199236   0.060103
          p_z          -0.094397   0.013493
          p_x          -0.100222   0.015209

    2 C   s            -0.000005  -0.000000
          p_y          -0.148333   0.032989
          p_z          -0.070308   0.007413
          p_x          -0.074233   0.008262

    3 C   s             0.000126   0.000000
          p_y          -0.199637   0.060347
          p_z          -0.094334   0.013474
          p_x          -0.099510   0.014992

    4 C   s             0.000049   0.000000
          p_y          -0.168377   0.042546
          p_z          -0.079289   0.009433
          p_x          -0.084253   0.010652

    5 C   s            -0.000087   0.000000
          p_y          -0.152143   0.035091
          p_z          -0.071735   0.007801
          p_x          -0.075832   0.008717

    6 H   s            -0.000053   0.000000

    7 C   s            -0.000010   0.000000
          p_y          -0.148387   0.033013
          p_z          -0.070267   0.007404
          p_x          -0.074215   0.008257

    8 C   s            -0.000052   0.000000
          p_y          -0.168376   0.042545
          p_z          -0.079290   0.009433
          p_x          -0.084253   0.010652

    9 C   s            -0.000123   0.000000
          p_y          -0.199636   0.060347
          p_z          -0.094330   0.013473
          p_x          -0.099508   0.014991

   10 H   s            -0.000097   0.000000

   11 C   s            -0.000041   0.000000
          p_y          -0.091891   0.012686
          p_z          -0.043160   0.002798
          p_x          -0.046206   0.003209

   12 C   s            -0.000113   0.000000
          p_y          -0.151776   0.034921
          p_z          -0.071903   0.007838
          p_x          -0.076434   0.008856

   13 H   s             0.000040   0.000000

   14 H   s             0.000098   0.000000

   15 C   s             0.000024   0.000000
          p_y          -0.199234   0.060101
          p_z          -0.094394   0.013492
          p_x          -0.100222   0.015209

   16 C   s             0.000009   0.000000
          p_y          -0.148382   0.033011
          p_z          -0.070268   0.007405
          p_x          -0.074215   0.008257

   17 C   s             0.000051   0.000000
          p_y          -0.070056   0.007369
          p_z          -0.033129   0.001647
          p_x          -0.035463   0.001889

   18 H   s             0.000090   0.000000

   19 C   s             0.000047   0.000000
          p_y          -0.091952   0.012705
          p_z          -0.043201   0.002803
          p_x          -0.046066   0.003188

   20 C   s             0.000005  -0.000000
          p_y          -0.148324   0.032985
          p_z          -0.070313   0.007414
          p_x          -0.074235   0.008262

   21 C   s             0.000117   0.000000
          p_y          -0.151773   0.034920
          p_z          -0.071897   0.007836
          p_x          -0.076431   0.008856

   22 H   s            -0.000036   0.000000

   23 C   s            -0.000019   0.000000
          p_y          -0.070382   0.007439
          p_z          -0.032943   0.001628
          p_x          -0.034994   0.001838

   24 H   s             0.000090   0.000000

   25 H   s             0.000053   0.000000

   26 H   s             0.000047   0.000000

   27 C   s             0.000083   0.000000
          p_y          -0.152140   0.035090
          p_z          -0.071727   0.007799
          p_x          -0.075831   0.008716

   28 C   s            -0.000049   0.000000
          p_y          -0.091944   0.012703
          p_z          -0.043205   0.002804
          p_x          -0.046070   0.003188

   29 H   s             0.000230   0.000000

   30 C   s             0.000043   0.000000
          p_y          -0.091884   0.012684
          p_z          -0.043165   0.002799
          p_x          -0.046206   0.003209

   31 C   s             0.000021   0.000000
          p_y          -0.070381   0.007439
          p_z          -0.032942   0.001628
          p_x          -0.034993   0.001838

   32 H   s            -0.000046   0.000000

   33 C   s            -0.000056   0.000000
          p_y          -0.070057   0.007369
          p_z          -0.033125   0.001647
          p_x          -0.035462   0.001889

   34 H   s            -0.000095   0.000000

   35 H   s            -0.000232   0.000000

   36 H   s            -0.000094   0.000000

Eigenvector:  28    (up)

    1 C   s            -0.023056   0.000407
          p_y          -0.116037   0.020686
          p_z           0.080728   0.009926
          p_x           0.154348   0.036762

    2 C   s            -0.019618   0.000353
          p_y          -0.022366   0.000813
          p_z           0.070660   0.008124
          p_x          -0.022766   0.000843

    3 C   s            -0.023013   0.000405
          p_y           0.086481   0.011553
          p_z           0.016849   0.000414
          p_x          -0.189853   0.055410

    4 C   s             0.000023   0.000000
          p_y           0.044878   0.003118
          p_z          -0.154381   0.036887
          p_x           0.055169   0.004712

    5 C   s             0.054417   0.002391
          p_y           0.086659   0.011330
          p_z          -0.012646   0.000209
          p_x          -0.161699   0.039834

    6 H   s             0.006885   0.000072

    7 C   s            -0.019633   0.000353
          p_y          -0.019448   0.000615
          p_z           0.069703   0.007906
          p_x          -0.027836   0.001260

    8 C   s            -0.000010   0.000000
          p_y           0.044880   0.003118
          p_z          -0.154379   0.036886
          p_x           0.055165   0.004711

    9 C   s             0.022994   0.000404
          p_y           0.086490   0.011555
          p_z           0.016839   0.000414
          p_x          -0.189852   0.055409

   10 H   s            -0.000066   0.000000

   11 C   s            -0.008695   0.000061
          p_y          -0.000690   0.000002
          p_z          -0.071991   0.008264
          p_x           0.068604   0.007768

   12 C   s             0.054443   0.002393
          p_y          -0.096711   0.014269
          p_z           0.045116   0.003209
          p_x           0.149752   0.033893

   13 H   s             0.006928   0.000073

   14 H   s             0.000056   0.000000

   15 C   s             0.023058   0.000407
          p_y          -0.116035   0.020686
          p_z           0.080730   0.009927
          p_x           0.154354   0.036765

   16 C   s             0.019635   0.000353
          p_y          -0.019456   0.000615
          p_z           0.069721   0.007910
          p_x          -0.027822   0.001259

   17 C   s            -0.012526   0.000031
          p_y          -0.072861   0.008004
          p_z          -0.031848   0.002044
          p_x           0.174822   0.048734

   18 H   s            -0.031809   0.001583

   19 C   s            -0.008686   0.000061
          p_y           0.046836   0.003607
          p_z          -0.086895   0.012156
          p_x          -0.011975   0.000269

   20 C   s             0.019614   0.000352
          p_y          -0.022399   0.000815
          p_z           0.070699   0.008133
          p_x          -0.022722   0.000840

   21 C   s            -0.054474   0.002396
          p_y          -0.096693   0.014264
          p_z           0.045093   0.003205
          p_x           0.149765   0.033899

   22 H   s            -0.006948   0.000074

   23 C   s            -0.012529   0.000032
          p_y           0.107839   0.018655
          p_z          -0.088685   0.013581
          p_x          -0.131875   0.026545

   24 H   s            -0.111939   0.019401

   25 H   s            -0.031808   0.001582

   26 H   s            -0.006832   0.000071

   27 C   s            -0.054391   0.002388
          p_y           0.086682   0.011336
          p_z          -0.012683   0.000211
          p_x          -0.161685   0.039827

   28 C   s             0.008700   0.000062
          p_y           0.046806   0.003602
          p_z          -0.086871   0.012150
          p_x          -0.011914   0.000266

   29 H   s            -0.111938   0.019401

   30 C   s             0.008688   0.000061
          p_y          -0.000707   0.000002
          p_z          -0.071948   0.008255
          p_x           0.068625   0.007773

   31 C   s             0.012508   0.000031
          p_y           0.107851   0.018659
          p_z          -0.088676   0.013578
          p_x          -0.131880   0.026546

   32 H   s             0.031739   0.001576

   33 C   s             0.012566   0.000032
          p_y          -0.072838   0.007999
          p_z          -0.031866   0.002046
          p_x           0.174832   0.048740

   34 H   s             0.031844   0.001586

   35 H   s             0.111950   0.019405

   36 H   s             0.111947   0.019404

Eigenvector:  29    (up)

    1 C   s             0.058610   0.002815
          p_y           0.024049   0.000785
          p_z          -0.095807   0.013883
          p_x           0.044079   0.003265

    2 C   s            -0.053762   0.002630
          p_y          -0.026077   0.000938
          p_z           0.110527   0.017503
          p_x          -0.049925   0.003708

    3 C   s             0.058626   0.002817
          p_y           0.034414   0.001944
          p_z          -0.099042   0.015092
          p_x           0.026481   0.000889

    4 C   s            -0.032889   0.000893
          p_y          -0.055051   0.004965
          p_z           0.017392   0.000496
          p_x           0.093533   0.014333

    5 C   s             0.016165   0.000218
          p_y           0.032543   0.001474
          p_z          -0.145337   0.030950
          p_x           0.075457   0.008705

    6 H   s             0.035614   0.001887

    7 C   s            -0.053791   0.002633
          p_y          -0.038062   0.002138
          p_z           0.114307   0.018830
          p_x          -0.029521   0.001177

    8 C   s            -0.032890   0.000893
          p_y           0.055058   0.004966
          p_z          -0.017396   0.000496
          p_x          -0.093522   0.014329

    9 C   s             0.058626   0.002817
          p_y          -0.034398   0.001942
          p_z           0.099044   0.015093
          p_x          -0.026491   0.000889

   10 H   s            -0.069574   0.007386

   11 C   s             0.022182   0.000506
          p_y          -0.081415   0.009879
          p_z           0.192520   0.053817
          p_x          -0.016184   0.000279

   12 C   s             0.016202   0.000219
          p_y           0.057641   0.005035
          p_z          -0.153202   0.034645
          p_x           0.032997   0.001457

   13 H   s             0.035639   0.001889

   14 H   s            -0.069568   0.007385

   15 C   s             0.058615   0.002816
          p_y          -0.024048   0.000785
          p_z           0.095811   0.013884
          p_x          -0.044061   0.003262

   16 C   s            -0.053789   0.002633
          p_y           0.038062   0.002138
          p_z          -0.114297   0.018827
          p_x           0.029523   0.001177

   17 C   s            -0.021261   0.000241
          p_y           0.094159   0.013092
          p_z          -0.183077   0.051561
          p_x          -0.013502   0.000126

   18 H   s            -0.060335   0.005298

   19 C   s             0.022175   0.000506
          p_y          -0.023929   0.000741
          p_z           0.174436   0.043803
          p_x          -0.113811   0.019428

   20 C   s            -0.053762   0.002630
          p_y           0.026080   0.000938
          p_z          -0.110517   0.017500
          p_x           0.049922   0.003708

   21 C   s             0.016201   0.000219
          p_y          -0.057648   0.005037
          p_z           0.153208   0.034648
          p_x          -0.032985   0.001456

   22 H   s             0.035635   0.001889

   23 C   s            -0.021241   0.000241
          p_y           0.006417   0.000107
          p_z          -0.155445   0.037789
          p_x           0.135494   0.026880

   24 H   s            -0.091075   0.012412

   25 H   s            -0.060284   0.005289

   26 H   s             0.035612   0.001887

   27 C   s             0.016161   0.000218
          p_y          -0.032535   0.001473
          p_z           0.145335   0.030949
          p_x          -0.075469   0.008708

   28 C   s             0.022174   0.000506
          p_y           0.023938   0.000742
          p_z          -0.174442   0.043806
          p_x           0.113798   0.019423

   29 H   s            -0.091078   0.012413

   30 C   s             0.022180   0.000506
          p_y           0.081416   0.009879
          p_z          -0.192531   0.053822
          p_x           0.016183   0.000279

   31 C   s            -0.021236   0.000241
          p_y          -0.006414   0.000107
          p_z           0.155431   0.037783
          p_x          -0.135502   0.026883

   32 H   s            -0.060270   0.005286

   33 C   s            -0.021264   0.000242
          p_y          -0.094173   0.013096
          p_z           0.183075   0.051559
          p_x           0.013508   0.000127

   34 H   s            -0.060336   0.005298

   35 H   s            -0.091069   0.012410

   36 H   s            -0.091051   0.012405

Eigenvector:  30    (up)

    1 C   s             0.000326   0.000000
          p_y          -0.099254   0.014470
          p_z          -0.047580   0.003326
          p_x          -0.049537   0.003602

    2 C   s            -0.000334   0.000000
          p_y          -0.142760   0.029601
          p_z          -0.066813   0.006485
          p_x          -0.071831   0.007496

    3 C   s             0.000314   0.000000
          p_y          -0.099238   0.014461
          p_z          -0.047560   0.003324
          p_x          -0.049614   0.003617

    4 C   s            -0.000166   0.000000
          p_y          -0.000331   0.000000
          p_z           0.000137   0.000000
          p_x           0.000551   0.000000

    5 C   s             0.000090   0.000000
          p_y          -0.208501   0.063928
          p_z          -0.099341   0.014511
          p_x          -0.104131   0.015942

    6 H   s             0.000273   0.000000

    7 C   s            -0.000341   0.000000
          p_y          -0.142891   0.029659
          p_z          -0.066838   0.006490
          p_x          -0.071593   0.007444

    8 C   s            -0.000165   0.000000
          p_y           0.000336   0.000000
          p_z          -0.000124   0.000000
          p_x          -0.000560   0.000001

    9 C   s             0.000317   0.000000
          p_y           0.099240   0.014461
          p_z           0.047555   0.003323
          p_x           0.049629   0.003619

   10 H   s            -0.000432   0.000000

   11 C   s             0.000091   0.000000
          p_y          -0.155919   0.035386
          p_z          -0.072205   0.007589
          p_x          -0.078041   0.008862

   12 C   s             0.000055   0.000000
          p_y          -0.208327   0.063816
          p_z          -0.099457   0.014545
          p_x          -0.104400   0.016030

   13 H   s             0.000211   0.000000

   14 H   s            -0.000439   0.000000

   15 C   s             0.000322   0.000000
          p_y           0.099265   0.014473
          p_z           0.047576   0.003326
          p_x           0.049533   0.003601

   16 C   s            -0.000345   0.000000
          p_y           0.142894   0.029660
          p_z           0.066839   0.006490
          p_x           0.071595   0.007444

   17 C   s            -0.000115   0.000000
          p_y          -0.133895   0.026108
          p_z          -0.064465   0.006058
          p_x          -0.067414   0.006614

   18 H   s            -0.000314   0.000000

   19 C   s             0.000143   0.000000
          p_y          -0.155571   0.035224
          p_z          -0.072421   0.007635
          p_x          -0.078562   0.008985

   20 C   s            -0.000335   0.000000
          p_y           0.142761   0.029602
          p_z           0.066816   0.006486
          p_x           0.071833   0.007497

   21 C   s             0.000057   0.000000
          p_y           0.208334   0.063820
          p_z           0.099454   0.014544
          p_x           0.104394   0.016028

   22 H   s             0.000212   0.000000

   23 C   s            -0.000148   0.000000
          p_y          -0.134345   0.026279
          p_z          -0.064238   0.006015
          p_x          -0.066740   0.006486

   24 H   s            -0.000618   0.000001

   25 H   s            -0.000295   0.000000

   26 H   s             0.000274   0.000000

   27 C   s             0.000096   0.000000
          p_y           0.208500   0.063928
          p_z           0.099339   0.014510
          p_x           0.104139   0.015945

   28 C   s             0.000144   0.000000
          p_y           0.155564   0.035220
          p_z           0.072425   0.007636
          p_x           0.078577   0.008988

   29 H   s            -0.000481   0.000000

   30 C   s             0.000089   0.000000
          p_y           0.155917   0.035385
          p_z           0.072215   0.007591
          p_x           0.078043   0.008862

   31 C   s            -0.000151   0.000000
          p_y           0.134342   0.026278
          p_z           0.064252   0.006018
          p_x           0.066741   0.006487

   32 H   s            -0.000310   0.000000

   33 C   s            -0.000108   0.000000
          p_y           0.133903   0.026111
          p_z           0.064467   0.006058
          p_x           0.067408   0.006613

   34 H   s            -0.000309   0.000000

   35 H   s            -0.000490   0.000000

   36 H   s            -0.000615   0.000001

Eigenvector:  31    (up)

    1 C   s             0.024180   0.000449
          p_y          -0.019596   0.000459
          p_z           0.088766   0.010862
          p_x          -0.044530   0.003053

    2 C   s            -0.001914   0.000003
          p_y           0.025819   0.000954
          p_z          -0.083454   0.009937
          p_x           0.027259   0.001054

    3 C   s            -0.024196   0.000449
          p_y           0.033738   0.001715
          p_z          -0.093104   0.012182
          p_x           0.020675   0.000459

    4 C   s             0.031438   0.000392
          p_y           0.097388   0.014768
          p_z          -0.030711   0.001469
          p_x          -0.165408   0.042604

    5 C   s            -0.024696   0.000473
          p_y          -0.034764   0.001830
          p_z           0.094844   0.012761
          p_x          -0.019944   0.000432

    6 H   s             0.002710   0.000011

    7 C   s             0.001906   0.000003
          p_y          -0.022885   0.000744
          p_z           0.082458   0.009694
          p_x          -0.032180   0.001484

    8 C   s            -0.031425   0.000391
          p_y           0.097408   0.014774
          p_z          -0.030733   0.001471
          p_x          -0.165429   0.042615

    9 C   s             0.024202   0.000450
          p_y           0.033736   0.001715
          p_z          -0.093109   0.012183
          p_x           0.020664   0.000459

   10 H   s             0.155582   0.035350

   11 C   s            -0.035359   0.000508
          p_y          -0.111341   0.019184
          p_z           0.041218   0.002502
          p_x           0.183248   0.052495

   12 C   s             0.024702   0.000473
          p_y           0.019302   0.000452
          p_z          -0.089920   0.011264
          p_x           0.046128   0.003286

   13 H   s            -0.002713   0.000011

   14 H   s            -0.155614   0.035365

   15 C   s            -0.024188   0.000449
          p_y          -0.019616   0.000460
          p_z           0.088785   0.010867
          p_x          -0.044529   0.003053

   16 C   s            -0.001923   0.000003
          p_y          -0.022882   0.000744
          p_z           0.082472   0.009698
          p_x          -0.032226   0.001489

   17 C   s            -0.016655   0.000085
          p_y           0.028828   0.001027
          p_z          -0.118965   0.020786
          p_x           0.054216   0.005042

   18 H   s            -0.174796   0.044462

   19 C   s             0.035351   0.000508
          p_y          -0.107453   0.018080
          p_z           0.027523   0.001274
          p_x           0.188080   0.054830

   20 C   s             0.001917   0.000003
          p_y           0.025795   0.000953
          p_z          -0.083444   0.009935
          p_x           0.027275   0.001055

   21 C   s            -0.024707   0.000473
          p_y           0.019282   0.000450
          p_z          -0.089947   0.011271
          p_x           0.046163   0.003290

   22 H   s             0.002754   0.000011

   23 C   s             0.016660   0.000085
          p_y          -0.041930   0.002920
          p_z           0.123018   0.022798
          p_x          -0.032332   0.001157

   24 H   s            -0.099186   0.014304

   25 H   s             0.174805   0.044466

   26 H   s            -0.002689   0.000011

   27 C   s             0.024687   0.000473
          p_y          -0.034758   0.001829
          p_z           0.094821   0.012755
          p_x          -0.019964   0.000433

   28 C   s            -0.035351   0.000508
          p_y          -0.107483   0.018090
          p_z           0.027502   0.001273
          p_x           0.188141   0.054866

   29 H   s             0.099219   0.014313

   30 C   s             0.035373   0.000509
          p_y          -0.111361   0.019190
          p_z           0.041232   0.002504
          p_x           0.183264   0.052505

   31 C   s            -0.016663   0.000085
          p_y          -0.041920   0.002919
          p_z           0.123039   0.022806
          p_x          -0.032381   0.001161

   32 H   s            -0.174861   0.044494

   33 C   s             0.016673   0.000085
          p_y           0.028822   0.001027
          p_z          -0.119000   0.020798
          p_x           0.054267   0.005051

   34 H   s             0.174812   0.044470

   35 H   s            -0.099224   0.014315

   36 H   s             0.099232   0.014317

Eigenvector:  32    (up)

    1 C   s             0.039787   0.001298
          p_y           0.015092   0.000367
          p_z          -0.044792   0.002899
          p_x           0.012314   0.000157

    2 C   s            -0.001569   0.000020
          p_y           0.097590   0.014709
          p_z          -0.052793   0.004149
          p_x          -0.144749   0.032766

    3 C   s            -0.039796   0.001298
          p_y          -0.010899   0.000139
          p_z           0.043520   0.002660
          p_x          -0.019304   0.000623

    4 C   s             0.000011   0.000000
          p_y          -0.005787   0.000050
          p_z           0.019814   0.000585
          p_x          -0.007066   0.000074

    5 C   s             0.001532   0.000002
          p_y          -0.035463   0.001786
          p_z           0.115647   0.018924
          p_x          -0.037956   0.002024

    6 H   s             0.156733   0.035564

    7 C   s             0.001562   0.000020
          p_y           0.083178   0.010844
          p_z          -0.004211   0.000042
          p_x          -0.162159   0.040688

    8 C   s             0.000002   0.000000
          p_y           0.005813   0.000050
          p_z          -0.019825   0.000586
          p_x           0.007055   0.000074

    9 C   s            -0.039795   0.001298
          p_y           0.010920   0.000139
          p_z          -0.043527   0.002661
          p_x           0.019298   0.000623

   10 H   s            -0.000034   0.000000

   11 C   s            -0.012557  -0.000039
          p_y          -0.103657   0.016624
          p_z           0.027151   0.001086
          p_x           0.181374   0.051239

   12 C   s            -0.001546   0.000002
          p_y           0.031875   0.001430
          p_z          -0.114362   0.018491
          p_x           0.044228   0.002782

   13 H   s            -0.156667   0.035534

   14 H   s            -0.000051   0.000000

   15 C   s             0.039788   0.001298
          p_y          -0.015092   0.000367
          p_z           0.044818   0.002902
          p_x          -0.012309   0.000157

   16 C   s             0.001566   0.000020
          p_y          -0.083180   0.010845
          p_z           0.004231   0.000043
          p_x           0.162152   0.040685

   17 C   s            -0.031716   0.000664
          p_y           0.022518   0.000618
          p_z          -0.088810   0.011442
          p_x           0.038654   0.002570

   18 H   s            -0.177228   0.045391

   19 C   s             0.012562  -0.000039
          p_y          -0.107356   0.017970
          p_z           0.039268   0.002481
          p_x           0.176934   0.048488

   20 C   s            -0.001569   0.000020
          p_y          -0.097577   0.014705
          p_z           0.052773   0.004146
          p_x           0.144749   0.032765

   21 C   s            -0.001552   0.000002
          p_y          -0.031881   0.001431
          p_z           0.114346   0.018485
          p_x          -0.044218   0.002781

   22 H   s            -0.156668   0.035535

   23 C   s             0.031728   0.000664
          p_y          -0.030215   0.001514
          p_z           0.091271   0.012416
          p_x          -0.025674   0.000722

   24 H   s            -0.061105   0.005457

   25 H   s             0.177212   0.045383

   26 H   s             0.156724   0.035561

   27 C   s             0.001532   0.000002
          p_y           0.035451   0.001785
          p_z          -0.115621   0.018915
          p_x           0.037938   0.002022

   28 C   s             0.012554  -0.000039
          p_y           0.107335   0.017964
          p_z          -0.039265   0.002481
          p_x          -0.176920   0.048481

   29 H   s             0.061191   0.005472

   30 C   s            -0.012551  -0.000039
          p_y           0.103628   0.016615
          p_z          -0.027162   0.001086
          p_x          -0.181340   0.051220

   31 C   s             0.031729   0.000665
          p_y           0.030199   0.001513
          p_z          -0.091264   0.012414
          p_x           0.025668   0.000722

   32 H   s             0.177196   0.045375

   33 C   s            -0.031721   0.000664
          p_y          -0.022530   0.000619
          p_z           0.088786   0.011436
          p_x          -0.038651   0.002569

   34 H   s            -0.177194   0.045374

   35 H   s             0.061180   0.005470

   36 H   s            -0.061086   0.005453

Eigenvector:  33    (up)

    1 C   s            -0.006864   0.000043
          p_y           0.044606   0.002962
          p_z          -0.047470   0.003554
          p_x          -0.044275   0.002742

    2 C   s            -0.018664   0.000387
          p_y           0.094107   0.013456
          p_z          -0.112858   0.018578
          p_x          -0.081371   0.010586

    3 C   s            -0.006834   0.000043
          p_y          -0.023047   0.000728
          p_z          -0.026163   0.001151
          p_x           0.070638   0.007382

    4 C   s             0.053984   0.002794
          p_y          -0.067535   0.007095
          p_z           0.021301   0.000706
          p_x           0.114749   0.020483

    5 C   s            -0.037148   0.001017
          p_y          -0.109681   0.017009
          p_z           0.112442   0.018293
          p_x           0.112910   0.017631

    6 H   s             0.127170   0.022822

    7 C   s            -0.018661   0.000387
          p_y          -0.040347   0.002652
          p_z          -0.070475   0.006965
          p_x           0.147150   0.033054

    8 C   s             0.053999   0.002795
          p_y           0.067407   0.007069
          p_z          -0.021299   0.000706
          p_x          -0.114728   0.020475

    9 C   s            -0.006836   0.000043
          p_y           0.022942   0.000721
          p_z           0.026169   0.001152
          p_x          -0.070658   0.007385

   10 H   s            -0.146245   0.030182

   11 C   s             0.021577   0.000423
          p_y          -0.025723   0.001060
          p_z           0.039453   0.002529
          p_x           0.014391   0.000319

   12 C   s            -0.037161   0.001018
          p_y           0.059400   0.004847
          p_z           0.059251   0.005228
          p_x          -0.174355   0.042883

   13 H   s             0.127259   0.022855

   14 H   s            -0.146181   0.030156

   15 C   s            -0.006868   0.000043
          p_y          -0.044654   0.002968
          p_z           0.047375   0.003541
          p_x           0.044239   0.002737

   16 C   s            -0.018671   0.000388
          p_y           0.040367   0.002655
          p_z           0.070426   0.006955
          p_x          -0.147175   0.033066

   17 C   s             0.023009   0.000165
          p_y           0.072496   0.007297
          p_z           0.039794   0.002852
          p_x          -0.181693   0.048638

   18 H   s            -0.038434   0.002082

   19 C   s             0.021562   0.000422
          p_y           0.005730   0.000049
          p_z           0.029505   0.001427
          p_x          -0.039108   0.002443

   20 C   s            -0.018664   0.000387
          p_y          -0.094118   0.013459
          p_z           0.112887   0.018587
          p_x           0.081342   0.010579

   21 C   s            -0.037150   0.001017
          p_y          -0.059336   0.004836
          p_z          -0.059220   0.005223
          p_x           0.174362   0.042887

   22 H   s             0.127298   0.022869

   23 C   s             0.022991   0.000165
          p_y          -0.112615   0.018798
          p_z           0.097957   0.015257
          p_x           0.132521   0.024712

   24 H   s             0.132382   0.024887

   25 H   s            -0.038547   0.002094

   26 H   s             0.127158   0.022818

   27 C   s            -0.037150   0.001017
          p_y           0.109743   0.017029
          p_z          -0.112454   0.018297
          p_x          -0.112855   0.017614

   28 C   s             0.021577   0.000423
          p_y          -0.005653   0.000048
          p_z          -0.029477   0.001425
          p_x           0.039151   0.002448

   29 H   s             0.132341   0.024871

   30 C   s             0.021568   0.000422
          p_y           0.025821   0.001067
          p_z          -0.039397   0.002523
          p_x          -0.014404   0.000319

   31 C   s             0.022982   0.000165
          p_y           0.112712   0.018829
          p_z          -0.097922   0.015247
          p_x          -0.132488   0.024700

   32 H   s            -0.038558   0.002096

   33 C   s             0.023030   0.000166
          p_y          -0.072407   0.007279
          p_z          -0.039731   0.002844
          p_x           0.181732   0.048658

   34 H   s            -0.038476   0.002087

   35 H   s             0.132357   0.024877

   36 H   s             0.132361   0.024879

Eigenvector:  34    (up)

    1 C   s            -0.007375   0.000042
          p_y           0.036879   0.001879
          p_z          -0.121318   0.020639
          p_x           0.047466   0.003230

    2 C   s            -0.002785   0.000038
          p_y           0.095236   0.014015
          p_z          -0.014886   0.000364
          p_x          -0.175388   0.047314

    3 C   s             0.007375   0.000042
          p_y          -0.035108   0.001760
          p_z           0.124071   0.021649
          p_x          -0.040577   0.002256

    4 C   s            -0.000669  -0.000009
          p_y          -0.119520   0.022054
          p_z           0.039638   0.002413
          p_x           0.208235   0.066772

    5 C   s             0.019387   0.000300
          p_y          -0.022400   0.000672
          p_z           0.075645   0.008058
          p_x          -0.031756   0.001518

    6 H   s             0.172228   0.042511

    7 C   s             0.002795   0.000038
          p_y           0.104703   0.016847
          p_z          -0.047668   0.003433
          p_x          -0.163655   0.041360

    8 C   s             0.000661  -0.000009
          p_y          -0.119526   0.022056
          p_z           0.039628   0.002412
          p_x           0.208258   0.066786

    9 C   s            -0.007372   0.000042
          p_y          -0.035111   0.001761
          p_z           0.124055   0.021644
          p_x          -0.040560   0.002254

   10 H   s            -0.208283   0.062254

   11 C   s             0.003792   0.000035
          p_y          -0.052338   0.004212
          p_z           0.004266   0.000028
          p_x           0.093592   0.013560

   12 C   s            -0.019402   0.000300
          p_y           0.022744   0.000771
          p_z          -0.078684   0.008802
          p_x           0.023462   0.000712

   13 H   s            -0.172157   0.042476

   14 H   s             0.208305   0.062267

   15 C   s             0.007374   0.000042
          p_y           0.036882   0.001880
          p_z          -0.121314   0.020638
          p_x           0.047456   0.003229

   16 C   s            -0.002799   0.000038
          p_y           0.104691   0.016842
          p_z          -0.047674   0.003434
          p_x          -0.163630   0.041348

   17 C   s            -0.023275   0.000419
          p_y           0.005621   0.000035
          p_z          -0.032173   0.001476
          p_x           0.011529   0.000235

   18 H   s            -0.093516   0.012508

   19 C   s            -0.003758   0.000034
          p_y          -0.059155   0.005387
          p_z           0.027263   0.001157
          p_x           0.085258   0.011247

   20 C   s             0.002793   0.000038
          p_y           0.095248   0.014019
          p_z          -0.014909   0.000365
          p_x          -0.175393   0.047316

   21 C   s             0.019411   0.000301
          p_y           0.022751   0.000771
          p_z          -0.078674   0.008799
          p_x           0.023437   0.000711

   22 H   s             0.172136   0.042465

   23 C   s             0.023248   0.000418
          p_y          -0.012707   0.000259
          p_z           0.030248   0.001349
          p_x          -0.010727   0.000127

   24 H   s            -0.012820   0.000252

   25 H   s             0.093449   0.012490

   26 H   s            -0.172245   0.042519

   27 C   s            -0.019385   0.000300
          p_y          -0.022419   0.000673
          p_z           0.075661   0.008061
          p_x          -0.031735   0.001516

   28 C   s             0.003750   0.000034
          p_y          -0.059157   0.005388
          p_z           0.027259   0.001156
          p_x           0.085264   0.011249

   29 H   s             0.012775   0.000250

   30 C   s            -0.003790   0.000035
          p_y          -0.052348   0.004213
          p_z           0.004283   0.000029
          p_x           0.093597   0.013561

   31 C   s            -0.023250   0.000418
          p_y          -0.012729   0.000260
          p_z           0.030280   0.001352
          p_x          -0.010712   0.000127

   32 H   s            -0.093450   0.012490

   33 C   s             0.023271   0.000419
          p_y           0.005638   0.000035
          p_z          -0.032180   0.001477
          p_x           0.011508   0.000235

   34 H   s             0.093526   0.012510

   35 H   s            -0.012812   0.000252

   36 H   s             0.012815   0.000252

Eigenvector:  35    (up)

    1 C   s            -0.000140   0.000000
          p_y          -0.160978   0.036227
          p_z          -0.078347   0.008582
          p_x          -0.080050   0.008956

    2 C   s            -0.000018   0.000000
          p_y          -0.012002   0.000196
          p_z          -0.006181   0.000053
          p_x          -0.009229   0.000121

    3 C   s             0.000084   0.000000
          p_y          -0.161855   0.036624
          p_z          -0.075079   0.007879
          p_x          -0.081395   0.009260

    4 C   s             0.000012   0.000000
          p_y          -0.172653   0.041230
          p_z          -0.080018   0.008841
          p_x          -0.082920   0.009463

    5 C   s             0.000227   0.000000
          p_y           0.130181   0.023726
          p_z           0.062406   0.005452
          p_x           0.064868   0.005887

    6 H   s             0.002418   0.000008

    7 C   s             0.000048   0.000000
          p_y          -0.011950   0.000195
          p_z          -0.006525   0.000059
          p_x          -0.009025   0.000116

    8 C   s            -0.000038   0.000000
          p_y          -0.172670   0.041238
          p_z          -0.080056   0.008849
          p_x          -0.082850   0.009446

    9 C   s            -0.000078   0.000000
          p_y          -0.161860   0.036626
          p_z          -0.075131   0.007890
          p_x          -0.081340   0.009247

   10 H   s            -0.002784   0.000011

   11 C   s             0.000119   0.000000
          p_y           0.169728   0.039818
          p_z           0.080710   0.009009
          p_x           0.086903   0.010464

   12 C   s            -0.000271   0.000000
          p_y           0.130716   0.023922
          p_z           0.060218   0.005075
          p_x           0.065870   0.006072

   13 H   s            -0.002371   0.000008

   14 H   s             0.002852   0.000012

   15 C   s             0.000143   0.000000
          p_y          -0.160974   0.036224
          p_z          -0.078324   0.008577
          p_x          -0.080082   0.008963

   16 C   s            -0.000061   0.000000
          p_y          -0.011997   0.000196
          p_z          -0.006539   0.000060
          p_x          -0.008923   0.000113

   17 C   s            -0.000375   0.000000
          p_y           0.187610   0.048789
          p_z           0.087720   0.010665
          p_x           0.094051   0.012268

   18 H   s            -0.001499   0.000003

   19 C   s             0.000010  -0.000000
          p_y           0.169682   0.039796
          p_z           0.081164   0.009115
          p_x           0.086580   0.010383

   20 C   s             0.000044   0.000000
          p_y          -0.011977   0.000196
          p_z          -0.006247   0.000054
          p_x          -0.009221   0.000121

   21 C   s             0.000298   0.000000
          p_y           0.130731   0.023928
          p_z           0.060268   0.005084
          p_x           0.065786   0.006056

   22 H   s             0.002281   0.000007

   23 C   s             0.000295   0.000000
          p_y           0.187157   0.048551
          p_z           0.088617   0.010888
          p_x           0.094117   0.012284

   24 H   s            -0.000181   0.000000

   25 H   s             0.001168   0.000002

   26 H   s            -0.002446   0.000009

   27 C   s            -0.000217   0.000000
          p_y           0.130126   0.023706
          p_z           0.062443   0.005459
          p_x           0.064938   0.005900

   28 C   s            -0.000033  -0.000000
          p_y           0.169688   0.039799
          p_z           0.081144   0.009111
          p_x           0.086586   0.010384

   29 H   s             0.000079   0.000000

   30 C   s            -0.000115   0.000000
          p_y           0.169709   0.039809
          p_z           0.080758   0.009020
          p_x           0.086899   0.010463

   31 C   s            -0.000298   0.000000
          p_y           0.187094   0.048517
          p_z           0.088712   0.010913
          p_x           0.094160   0.012295

   32 H   s            -0.001155   0.000002

   33 C   s             0.000361   0.000000
          p_y           0.187655   0.048812
          p_z           0.087712   0.010663
          p_x           0.093982   0.012250

   34 H   s             0.001509   0.000003

   35 H   s            -0.000189   0.000000

   36 H   s             0.000168   0.000000

Eigenvector:  36    (up)

    1 C   s             0.014020   0.000146
          p_y          -0.034817   0.001714
          p_z           0.191616   0.051464
          p_x          -0.112171   0.017538

    2 C   s            -0.005945   0.000025
          p_y           0.036772   0.001732
          p_z          -0.179587   0.044033
          p_x           0.096015   0.013181

    3 C   s             0.014047   0.000147
          p_y          -0.082747   0.009553
          p_z           0.206866   0.059918
          p_x          -0.030970   0.001368

    4 C   s            -0.000016   0.000000
          p_y           0.044995   0.002723
          p_z          -0.154701   0.032204
          p_x           0.055400   0.004131

    5 C   s             0.017159   0.000235
          p_y          -0.061976   0.005377
          p_z           0.151756   0.031966
          p_x          -0.018567   0.000451

    6 H   s            -0.026613   0.001010

    7 C   s            -0.005960   0.000025
          p_y           0.071885   0.007325
          p_z          -0.190710   0.050067
          p_x           0.036373   0.001608

    8 C   s             0.000015   0.000000
          p_y           0.044999   0.002724
          p_z          -0.154710   0.032207
          p_x           0.055399   0.004131

    9 C   s            -0.014045   0.000147
          p_y          -0.082741   0.009552
          p_z           0.206864   0.059917
          p_x          -0.030966   0.001367

   10 H   s            -0.000127   0.000000

   11 C   s            -0.030842   0.000903
          p_y           0.053200   0.003909
          p_z          -0.129708   0.022808
          p_x           0.016881   0.000341

   12 C   s             0.017148   0.000235
          p_y          -0.022751   0.000698
          p_z           0.139267   0.026849
          p_x          -0.085316   0.010213

   13 H   s            -0.026794   0.001024

   14 H   s             0.000124   0.000000

   15 C   s            -0.014019   0.000146
          p_y          -0.034817   0.001714
          p_z           0.191627   0.051470
          p_x          -0.112171   0.017538

   16 C   s             0.005956   0.000025
          p_y           0.071887   0.007325
          p_z          -0.190705   0.050065
          p_x           0.036378   0.001608

   17 C   s             0.026829   0.000451
          p_y          -0.059453   0.004932
          p_z           0.117835   0.020072
          p_x           0.008899   0.000061

   18 H   s             0.050817   0.003459

   19 C   s            -0.030877   0.000905
          p_y           0.020298   0.000525
          p_z          -0.119327   0.019190
          p_x           0.072615   0.007321

   20 C   s             0.005946   0.000025
          p_y           0.036776   0.001732
          p_z          -0.179590   0.044034
          p_x           0.096024   0.013184

   21 C   s            -0.017146   0.000235
          p_y          -0.022751   0.000698
          p_z           0.139275   0.026852
          p_x          -0.085312   0.010212

   22 H   s             0.026793   0.001023

   23 C   s             0.026860   0.000453
          p_y          -0.003376   0.000029
          p_z           0.100111   0.014696
          p_x          -0.086311   0.010317

   24 H   s             0.057269   0.004602

   25 H   s             0.050872   0.003467

   26 H   s             0.026616   0.001010

   27 C   s            -0.017160   0.000235
          p_y          -0.061972   0.005377
          p_z           0.151761   0.031968
          p_x          -0.018567   0.000451

   28 C   s             0.030875   0.000905
          p_y           0.020301   0.000526
          p_z          -0.119336   0.019193
          p_x           0.072624   0.007323

   29 H   s             0.057184   0.004589

   30 C   s             0.030845   0.000904
          p_y           0.053197   0.003909
          p_z          -0.129708   0.022808
          p_x           0.016885   0.000341

   31 C   s            -0.026858   0.000453
          p_y          -0.003381   0.000029
          p_z           0.100122   0.014700
          p_x          -0.086320   0.010319

   32 H   s            -0.050875   0.003467

   33 C   s            -0.026830   0.000451
          p_y          -0.059459   0.004933
          p_z           0.117829   0.020069
          p_x           0.008901   0.000061

   34 H   s            -0.050813   0.003459

   35 H   s            -0.057196   0.004590

   36 H   s            -0.057247   0.004598

Eigenvector:  37    (up)

    1 C   s            -0.013904   0.000190
          p_y           0.058906   0.004795
          p_z          -0.162776   0.035370
          p_x           0.035863   0.001519

    2 C   s             0.071960   0.003697
          p_y           0.038630   0.002350
          p_z           0.060336   0.004776
          p_x          -0.134134   0.026326

    3 C   s             0.013902   0.000190
          p_y          -0.034331   0.001459
          p_z           0.154908   0.031734
          p_x          -0.077912   0.008480

    4 C   s            -0.000006   0.000000
          p_y          -0.054314   0.004004
          p_z           0.185147   0.046529
          p_x          -0.066346   0.005975

    5 C   s            -0.038568   0.001376
          p_y           0.012518   0.000273
          p_z           0.027878   0.001000
          p_x          -0.051432   0.003993

    6 H   s             0.072767   0.007612

    7 C   s            -0.071959   0.003697
          p_y           0.085467   0.010628
          p_z          -0.099536   0.013701
          p_x          -0.076904   0.009125

    8 C   s             0.000007   0.000000
          p_y           0.054347   0.004009
          p_z          -0.185086   0.046499
          p_x           0.066362   0.005978

    9 C   s             0.013902   0.000190
          p_y           0.034356   0.001461
          p_z          -0.154890   0.031727
          p_x           0.077972   0.008493

   10 H   s            -0.000015   0.000000

   11 C   s             0.061023   0.002828
          p_y           0.064638   0.005828
          p_z          -0.120433   0.019580
          p_x          -0.015583   0.000418

   12 C   s             0.038561   0.001375
          p_y           0.033124   0.001641
          p_z          -0.042327   0.002475
          p_x          -0.026290   0.001153

   13 H   s            -0.072766   0.007611

   14 H   s            -0.000015   0.000000

   15 C   s            -0.013912   0.000191
          p_y          -0.058840   0.004784
          p_z           0.162766   0.035365
          p_x          -0.035856   0.001518

   16 C   s            -0.071970   0.003698
          p_y          -0.085464   0.010627
          p_z           0.099517   0.013695
          p_x           0.076913   0.009128

   17 C   s            -0.031648   0.001272
          p_y          -0.044631   0.002548
          p_z           0.167591   0.040385
          p_x          -0.068396   0.007692

   18 H   s             0.024312   0.000862

   19 C   s            -0.061026   0.002828
          p_y           0.000115   0.000000
          p_z           0.100031   0.013306
          p_x          -0.094439   0.012519

   20 C   s             0.071960   0.003697
          p_y          -0.038658   0.002354
          p_z          -0.060297   0.004770
          p_x           0.134157   0.026335

   21 C   s             0.038566   0.001376
          p_y          -0.033163   0.001644
          p_z           0.042313   0.002473
          p_x           0.026254   0.001150

   22 H   s            -0.072763   0.007611

   23 C   s             0.031653   0.001273
          p_y           0.054144   0.004677
          p_z          -0.170499   0.042635
          p_x           0.052466   0.003309

   24 H   s             0.186063   0.047072

   25 H   s            -0.024307   0.000862

   26 H   s             0.072802   0.007619

   27 C   s            -0.038566   0.001376
          p_y          -0.012545   0.000274
          p_z          -0.027960   0.001007
          p_x           0.051445   0.003995

   28 C   s            -0.061015   0.002827
          p_y          -0.000162   0.000001
          p_z          -0.100064   0.013315
          p_x           0.094415   0.012513

   29 H   s            -0.186057   0.047069

   30 C   s             0.061019   0.002827
          p_y          -0.064663   0.005832
          p_z           0.120441   0.019582
          p_x           0.015497   0.000414

   31 C   s             0.031650   0.001272
          p_y          -0.054181   0.004682
          p_z           0.170464   0.042618
          p_x          -0.052509   0.003315

   32 H   s            -0.024313   0.000862

   33 C   s            -0.031631   0.001271
          p_y           0.044587   0.002543
          p_z          -0.167606   0.040391
          p_x           0.068383   0.007690

   34 H   s             0.024259   0.000859

   35 H   s            -0.186039   0.047059

   36 H   s             0.186050   0.047065

Eigenvector:  38    (up)

    1 C   s            -0.020220   0.000281
          p_y          -0.095304   0.011952
          p_z           0.037598   0.001772
          p_x           0.154916   0.031923

    2 C   s            -0.012166   0.000214
          p_y           0.072146   0.007537
          p_z          -0.020579   0.000555
          p_x          -0.124653   0.022829

    3 C   s            -0.020246   0.000282
          p_y           0.090485   0.010911
          p_z          -0.021038   0.000642
          p_x          -0.160822   0.034093

    4 C   s             0.000000  -0.000000
          p_y           0.036966   0.001870
          p_z          -0.125714   0.021626
          p_x           0.045055   0.002778

    5 C   s            -0.010070   0.000073
          p_y          -0.045749   0.002818
          p_z           0.096430   0.012864
          p_x           0.000127  -0.000000

    6 H   s             0.154759   0.031368

    7 C   s            -0.012171   0.000215
          p_y          -0.073597   0.007976
          p_z           0.025346   0.001016
          p_x           0.122974   0.021949

    8 C   s             0.000003   0.000000
          p_y           0.036988   0.001872
          p_z          -0.125755   0.021639
          p_x           0.045044   0.002776

    9 C   s             0.020251   0.000282
          p_y           0.090533   0.010923
          p_z          -0.021048   0.000642
          p_x          -0.160812   0.034089

   10 H   s             0.000037   0.000000

   11 C   s             0.019461   0.000419
          p_y          -0.059762   0.005261
          p_z           0.037138   0.002059
          p_x           0.084115   0.010366

   12 C   s            -0.010069   0.000073
          p_y          -0.007422   0.000091
          p_z           0.084402   0.009954
          p_x          -0.064968   0.005647

   13 H   s             0.154804   0.031386

   14 H   s            -0.000066   0.000000

   15 C   s             0.020219   0.000281
          p_y          -0.095297   0.011951
          p_z           0.037653   0.001778
          p_x           0.154937   0.031932

   16 C   s             0.012161   0.000214
          p_y          -0.073576   0.007972
          p_z           0.025400   0.001020
          p_x           0.122973   0.021949

   17 C   s             0.018799   0.000074
          p_y           0.089039   0.010317
          p_z           0.002928   0.000052
          p_x          -0.180374   0.044677

   18 H   s            -0.120569   0.019015

   19 C   s             0.019457   0.000419
          p_y           0.047877   0.003355
          p_z           0.003244   0.000018
          p_x          -0.098633   0.014320

   20 C   s             0.012175   0.000215
          p_y           0.072160   0.007539
          p_z          -0.020572   0.000555
          p_x          -0.124620   0.022817

   21 C   s             0.010071   0.000073
          p_y          -0.007429   0.000091
          p_z           0.084408   0.009956
          p_x          -0.064917   0.005638

   22 H   s            -0.154794   0.031382

   23 C   s             0.018796   0.000074
          p_y          -0.109093   0.016456
          p_z           0.065250   0.006622
          p_x           0.155920   0.031966

   24 H   s             0.124251   0.020400

   25 H   s            -0.120592   0.019023

   26 H   s            -0.154742   0.031361

   27 C   s             0.010058   0.000073
          p_y          -0.045725   0.002815
          p_z           0.096438   0.012866
          p_x           0.000100  -0.000000

   28 C   s            -0.019469   0.000420
          p_y           0.047871   0.003354
          p_z           0.003223   0.000018
          p_x          -0.098641   0.014322

   29 H   s             0.124254   0.020401

   30 C   s            -0.019448   0.000419
          p_y          -0.059801   0.005268
          p_z           0.037128   0.002058
          p_x           0.084136   0.010371

   31 C   s            -0.018784   0.000074
          p_y          -0.109132   0.016468
          p_z           0.065248   0.006622
          p_x           0.155902   0.031958

   32 H   s             0.120609   0.019028

   33 C   s            -0.018816   0.000075
          p_y           0.089004   0.010309
          p_z           0.002873   0.000050
          p_x          -0.180375   0.044677

   34 H   s             0.120599   0.019025

   35 H   s            -0.124279   0.020409

   36 H   s            -0.124207   0.020386

Eigenvector:  39    (up)

    1 C   s             0.000021   0.000000
          p_y           0.193166   0.048873
          p_z           0.091212   0.010898
          p_x           0.096654   0.012237

    2 C   s             0.000032   0.000000
          p_y           0.154900   0.030984
          p_z           0.073168   0.006913
          p_x           0.077588   0.007773

    3 C   s             0.000025   0.000000
          p_y           0.193085   0.048833
          p_z           0.091361   0.010933
          p_x           0.096744   0.012259

    4 C   s            -0.000012   0.000000
          p_y          -0.000079   0.000000
          p_z           0.000045   0.000000
          p_x           0.000078   0.000000

    5 C   s            -0.000013   0.000000
          p_y           0.042888   0.002411
          p_z           0.020263   0.000538
          p_x           0.021647   0.000614

    6 H   s             0.000035   0.000000

    7 C   s            -0.000010   0.000000
          p_y           0.154941   0.031000
          p_z           0.073158   0.006911
          p_x           0.077609   0.007778

    8 C   s             0.000009   0.000000
          p_y           0.000078   0.000000
          p_z          -0.000064   0.000000
          p_x          -0.000052   0.000000

    9 C   s             0.000041   0.000000
          p_y          -0.193082   0.048832
          p_z          -0.091338   0.010927
          p_x          -0.096769   0.012265

   10 H   s            -0.000113   0.000000

   11 C   s             0.000030   0.000000
          p_y          -0.131046   0.022204
          p_z          -0.061887   0.004952
          p_x          -0.065873   0.005612

   12 C   s             0.000005   0.000000
          p_y           0.043042   0.002428
          p_z           0.020256   0.000538
          p_x           0.021389   0.000600

   13 H   s             0.000041   0.000000

   14 H   s            -0.000107   0.000000

   15 C   s             0.000012   0.000000
          p_y          -0.193180   0.048880
          p_z          -0.091224   0.010900
          p_x          -0.096610   0.012225

   16 C   s            -0.000024   0.000000
          p_y          -0.154951   0.031004
          p_z          -0.073201   0.006919
          p_x          -0.077557   0.007767

   17 C   s            -0.000011   0.000000
          p_y          -0.223990   0.065166
          p_z          -0.105479   0.014452
          p_x          -0.112229   0.016360

   18 H   s             0.000155   0.000000

   19 C   s            -0.000027   0.000000
          p_y          -0.131142   0.022238
          p_z          -0.061843   0.004945
          p_x          -0.065697   0.005580

   20 C   s             0.000047   0.000000
          p_y          -0.154905   0.030985
          p_z          -0.073131   0.006906
          p_x          -0.077613   0.007779

   21 C   s             0.000016   0.000000
          p_y          -0.043063   0.002430
          p_z          -0.020189   0.000534
          p_x          -0.021426   0.000602

   22 H   s             0.000008   0.000000

   23 C   s             0.000012   0.000000
          p_y          -0.223789   0.065048
          p_z          -0.105672   0.014505
          p_x          -0.112441   0.016422

   24 H   s            -0.000013   0.000000

   25 H   s             0.000141   0.000000

   26 H   s             0.000009   0.000000

   27 C   s            -0.000018   0.000000
          p_y          -0.042890   0.002411
          p_z          -0.020298   0.000540
          p_x          -0.021617   0.000612

   28 C   s            -0.000031   0.000000
          p_y           0.131163   0.022246
          p_z           0.061778   0.004935
          p_x           0.065703   0.005581

   29 H   s            -0.000127   0.000000

   30 C   s             0.000026   0.000000
          p_y           0.131024   0.022196
          p_z           0.061953   0.004963
          p_x           0.065854   0.005609

   31 C   s             0.000010   0.000000
          p_y           0.223755   0.065027
          p_z           0.105741   0.014525
          p_x           0.112439   0.016421

   32 H   s             0.000160   0.000000

   33 C   s            -0.000010   0.000000
          p_y           0.224023   0.065184
          p_z           0.105438   0.014440
          p_x           0.112209   0.016354

   34 H   s             0.000162   0.000000

   35 H   s            -0.000207   0.000000

   36 H   s             0.000030   0.000000

Eigenvector:  40    (up)

    1 C   s            -0.038367   0.001249
          p_y          -0.001698  -0.000002
          p_z           0.058613   0.004195
          p_x          -0.051830   0.003600

    2 C   s             0.046092   0.001589
          p_y           0.058017   0.004374
          p_z          -0.135810   0.023379
          p_x           0.012364   0.000148

    3 C   s             0.038356   0.001248
          p_y           0.035835   0.001702
          p_z          -0.069360   0.006023
          p_x          -0.005964   0.000076

    4 C   s             0.060683   0.002721
          p_y           0.026770   0.000988
          p_z          -0.008416   0.000098
          p_x          -0.045459   0.002849

    5 C   s            -0.028197   0.000655
          p_y          -0.039268   0.001850
          p_z           0.162100   0.032537
          p_x          -0.074520   0.007101

    6 H   s             0.008485   0.000112

    7 C   s            -0.046097   0.001589
          p_y          -0.017995   0.000370
          p_z           0.123199   0.019080
          p_x          -0.080407   0.008455

    8 C   s            -0.060684   0.002721
          p_y           0.026785   0.000989
          p_z          -0.008448   0.000098
          p_x          -0.045501   0.002855

    9 C   s            -0.038350   0.001248
          p_y           0.035804   0.001699
          p_z          -0.069396   0.006030
          p_x          -0.006027   0.000077

   10 H   s             0.013415   0.000273

   11 C   s             0.007459   0.000049
          p_y           0.055802   0.003810
          p_z          -0.199026   0.049598
          p_x           0.075641   0.007405

   12 C   s             0.028193   0.000654
          p_y           0.057446   0.004191
          p_z          -0.167872   0.035071
          p_x           0.043600   0.002239

   13 H   s            -0.008471   0.000112

   14 H   s            -0.013469   0.000275

   15 C   s             0.038371   0.001249
          p_y          -0.001804  -0.000002
          p_z           0.058611   0.004194
          p_x          -0.051838   0.003602

   16 C   s             0.046092   0.001589
          p_y          -0.018038   0.000372
          p_z           0.123220   0.019087
          p_x          -0.080439   0.008462

   17 C   s            -0.011346   0.000252
          p_y          -0.060044   0.004457
          p_z           0.183084   0.045156
          p_x          -0.052643   0.004430

   18 H   s            -0.012771   0.000213

   19 C   s            -0.007454   0.000049
          p_y          -0.061067   0.004787
          p_z           0.200520   0.050566
          p_x          -0.067239   0.005473

   20 C   s            -0.046090   0.001589
          p_y           0.057949   0.004364
          p_z          -0.135829   0.023385
          p_x           0.012336   0.000147

   21 C   s            -0.028192   0.000654
          p_y           0.057421   0.004187
          p_z          -0.167855   0.035063
          p_x           0.043653   0.002244

   22 H   s             0.008478   0.000112

   23 C   s             0.011342   0.000252
          p_y           0.045653   0.003173
          p_z          -0.178715   0.043848
          p_x           0.076681   0.007032

   24 H   s             0.200682   0.050354

   25 H   s             0.012771   0.000213

   26 H   s            -0.008478   0.000112

   27 C   s             0.028192   0.000654
          p_y          -0.039263   0.001850
          p_z           0.162106   0.032539
          p_x          -0.074581   0.007113

   28 C   s             0.007447   0.000049
          p_y          -0.060985   0.004774
          p_z           0.200533   0.050573
          p_x          -0.067237   0.005473

   29 H   s            -0.200695   0.050360

   30 C   s            -0.007455   0.000049
          p_y           0.055813   0.003811
          p_z          -0.199019   0.049593
          p_x           0.075708   0.007418

   31 C   s            -0.011335   0.000252
          p_y           0.045711   0.003180
          p_z          -0.178663   0.043823
          p_x           0.076751   0.007045

   32 H   s            -0.012723   0.000211

   33 C   s             0.011333   0.000252
          p_y          -0.059968   0.004446
          p_z           0.183095   0.045160
          p_x          -0.052638   0.004429

   34 H   s             0.012828   0.000215

   35 H   s             0.200661   0.050343

   36 H   s            -0.200658   0.050341

Eigenvector:  41    (up)

    1 C   s             0.000045   0.000000
          p_y           0.173080   0.038383
          p_z           0.081655   0.008543
          p_x           0.086339   0.009552

    2 C   s             0.000010   0.000000
          p_y           0.205710   0.053592
          p_z           0.097114   0.011944
          p_x           0.103203   0.013490

    3 C   s             0.000049   0.000000
          p_y          -0.173006   0.038351
          p_z          -0.081776   0.008569
          p_x          -0.086254   0.009533

    4 C   s            -0.000035   0.000000
          p_y           0.236967   0.071171
          p_z           0.112154   0.015945
          p_x           0.118946   0.017937

    5 C   s             0.000023   0.000000
          p_y           0.126635   0.020569
          p_z           0.059751   0.004579
          p_x           0.063749   0.005212

    6 H   s            -0.000072   0.000000

    7 C   s            -0.000044   0.000000
          p_y          -0.205673   0.053573
          p_z          -0.097358   0.012005
          p_x          -0.102972   0.013429

    8 C   s            -0.000031   0.000000
          p_y          -0.236971   0.071174
          p_z          -0.112152   0.015944
          p_x          -0.118944   0.017936

    9 C   s             0.000052   0.000000
          p_y           0.172999   0.038348
          p_z           0.081780   0.008570
          p_x           0.086256   0.009534

   10 H   s            -0.000320   0.000000

   11 C   s             0.000014  -0.000000
          p_y           0.119444   0.018104
          p_z           0.056248   0.004014
          p_x           0.059554   0.004498

   12 C   s            -0.000027   0.000000
          p_y          -0.126554   0.020541
          p_z          -0.059973   0.004613
          p_x          -0.063636   0.005194

   13 H   s            -0.000022   0.000000

   14 H   s            -0.000319   0.000000

   15 C   s             0.000041   0.000000
          p_y          -0.173077   0.038382
          p_z          -0.081660   0.008544
          p_x          -0.086337   0.009552

   16 C   s            -0.000048   0.000000
          p_y           0.205673   0.053573
          p_z           0.097348   0.012003
          p_x           0.102971   0.013428

   17 C   s            -0.000003  -0.000000
          p_y           0.051603   0.003387
          p_z           0.024435   0.000759
          p_x           0.026235   0.000875

   18 H   s             0.000330   0.000000

   19 C   s            -0.000003   0.000000
          p_y          -0.119374   0.018082
          p_z          -0.056261   0.004016
          p_x          -0.059700   0.004521

   20 C   s             0.000013   0.000000
          p_y          -0.205711   0.053593
          p_z          -0.097101   0.011941
          p_x          -0.103198   0.013489

   21 C   s            -0.000025   0.000000
          p_y           0.126547   0.020539
          p_z           0.059983   0.004615
          p_x           0.063635   0.005194

   22 H   s            -0.000018   0.000000

   23 C   s            -0.000048   0.000000
          p_y          -0.051601   0.003385
          p_z          -0.024517   0.000765
          p_x          -0.026219   0.000874

   24 H   s            -0.000193   0.000000

   25 H   s             0.000229   0.000000

   26 H   s            -0.000068   0.000000

   27 C   s             0.000020   0.000000
          p_y          -0.126625   0.020566
          p_z          -0.059763   0.004581
          p_x          -0.063742   0.005211

   28 C   s            -0.000004   0.000000
          p_y           0.119374   0.018082
          p_z           0.056244   0.004014
          p_x           0.059704   0.004521

   29 H   s            -0.000187   0.000000

   30 C   s             0.000016  -0.000000
          p_y          -0.119445   0.018104
          p_z          -0.056232   0.004012
          p_x          -0.059558   0.004499

   31 C   s            -0.000046   0.000000
          p_y           0.051596   0.003385
          p_z           0.024529   0.000766
          p_x           0.026210   0.000873

   32 H   s             0.000229   0.000000

   33 C   s            -0.000005  -0.000000
          p_y          -0.051600   0.003386
          p_z          -0.024453   0.000760
          p_x          -0.026227   0.000875

   34 H   s             0.000329   0.000000

   35 H   s            -0.000201   0.000000

   36 H   s            -0.000176   0.000000

Eigenvector:  42    (up)

    1 C   s            -0.017478   0.000228
          p_y          -0.096422   0.011674
          p_z           0.058882   0.004447
          p_x           0.138126   0.023753

    2 C   s             0.007965   0.000042
          p_y          -0.011666   0.000172
          p_z           0.071129   0.006664
          p_x          -0.042498   0.002438

    3 C   s            -0.017474   0.000228
          p_y           0.078405   0.007639
          p_z           0.003302   0.000020
          p_x          -0.160280   0.032221

    4 C   s             0.012534  -0.000025
          p_y           0.084285   0.009865
          p_z          -0.026281   0.000960
          p_x          -0.142389   0.028169

    5 C   s             0.001043   0.000001
          p_y           0.058016   0.004215
          p_z           0.025416   0.000890
          p_x          -0.139099   0.024645

    6 H   s             0.016365   0.000336

    7 C   s             0.007959   0.000042
          p_y          -0.031521   0.001334
          p_z           0.076787   0.007805
          p_x          -0.010389   0.000130

    8 C   s             0.012521  -0.000025
          p_y          -0.084265   0.009860
          p_z           0.026268   0.000959
          p_x           0.142389   0.028169

    9 C   s            -0.017481   0.000228
          p_y          -0.078377   0.007634
          p_z          -0.003323   0.000020
          p_x           0.160259   0.032212

   10 H   s             0.188707   0.043918

   11 C   s            -0.000629  -0.000007
          p_y          -0.072345   0.007300
          p_z           0.014060   0.000288
          p_x           0.131264   0.023922

   12 C   s             0.001045   0.000001
          p_y          -0.086110   0.009462
          p_z           0.070483   0.006491
          p_x           0.104767   0.013795

   13 H   s             0.016352   0.000335

   14 H   s             0.188705   0.043917

   15 C   s            -0.017467   0.000228
          p_y           0.096417   0.011673
          p_z          -0.058864   0.004444
          p_x          -0.138109   0.023747

   16 C   s             0.007968   0.000042
          p_y           0.031492   0.001332
          p_z          -0.076763   0.007800
          p_x           0.010390   0.000130

   17 C   s             0.010381  -0.000001
          p_y           0.090482   0.010087
          p_z          -0.021098   0.000301
          p_x          -0.160973   0.033696

   18 H   s            -0.177491   0.038743

   19 C   s            -0.000633  -0.000007
          p_y           0.077787   0.008398
          p_z          -0.033481   0.001527
          p_x          -0.124458   0.021584

   20 C   s             0.007952   0.000042
          p_y           0.011694   0.000172
          p_z          -0.071167   0.006671
          p_x           0.042478   0.002436

   21 C   s             0.001041   0.000001
          p_y           0.086120   0.009464
          p_z          -0.070531   0.006499
          p_x          -0.104798   0.013803

   22 H   s             0.016321   0.000334

   23 C   s             0.010386  -0.000001
          p_y          -0.095790   0.012028
          p_z           0.037361   0.002245
          p_x           0.154829   0.029810

   24 H   s             0.108919   0.014733

   25 H   s            -0.177489   0.038742

   26 H   s             0.016332   0.000334

   27 C   s             0.001054   0.000001
          p_y          -0.058050   0.004220
          p_z          -0.025370   0.000887
          p_x           0.139103   0.024646

   28 C   s            -0.000631  -0.000007
          p_y          -0.077819   0.008405
          p_z           0.033537   0.001532
          p_x           0.124434   0.021576

   29 H   s             0.108913   0.014731

   30 C   s            -0.000636  -0.000007
          p_y           0.072366   0.007304
          p_z          -0.014097   0.000289
          p_x          -0.131255   0.023919

   31 C   s             0.010376  -0.000001
          p_y           0.095796   0.012029
          p_z          -0.037403   0.002250
          p_x          -0.154798   0.029798

   32 H   s            -0.177497   0.038745

   33 C   s             0.010393  -0.000001
          p_y          -0.090478   0.010086
          p_z           0.021163   0.000304
          p_x           0.160946   0.033684

   34 H   s            -0.177497   0.038745

   35 H   s             0.108962   0.014745

   36 H   s             0.108838   0.014711

Eigenvector:  43    (up)

    1 C   s            -0.001451   0.000002
          p_y           0.053484   0.003413
          p_z          -0.177895   0.037641
          p_x           0.061153   0.004423

    2 C   s             0.009782   0.000064
          p_y          -0.051126   0.003124
          p_z           0.188733   0.043063
          p_x          -0.075860   0.007065

    3 C   s             0.001453   0.000002
          p_y          -0.050622   0.003035
          p_z           0.177032   0.037250
          p_x          -0.065929   0.005194

    4 C   s             0.000005   0.000000
          p_y          -0.058630   0.004163
          p_z           0.199596   0.048240
          p_x          -0.071560   0.006201

    5 C   s            -0.002858   0.000008
          p_y           0.051262   0.003163
          p_z          -0.161798   0.031218
          p_x           0.050321   0.002961

    6 H   s             0.004001   0.000022

    7 C   s            -0.009780   0.000064
          p_y           0.060471   0.004473
          p_z          -0.191569   0.044460
          p_x           0.060369   0.004331

    8 C   s             0.000005   0.000000
          p_y           0.058606   0.004159
          p_z          -0.199589   0.048236
          p_x           0.071544   0.006198

    9 C   s             0.001452   0.000002
          p_y           0.050617   0.003035
          p_z          -0.177009   0.037240
          p_x           0.065964   0.005199

   10 H   s            -0.000027   0.000000

   11 C   s             0.020268   0.000285
          p_y          -0.036491   0.001520
          p_z           0.158428   0.030108
          p_x          -0.076119   0.007270

   12 C   s             0.002856   0.000008
          p_y          -0.042776   0.002152
          p_z           0.159180   0.030151
          p_x          -0.064596   0.005041

   13 H   s            -0.004009   0.000022

   14 H   s            -0.000027   0.000000

   15 C   s            -0.001452   0.000002
          p_y          -0.053509   0.003417
          p_z           0.177881   0.037635
          p_x          -0.061206   0.004430

   16 C   s            -0.009775   0.000064
          p_y          -0.060373   0.004458
          p_z           0.191605   0.044477
          p_x          -0.060364   0.004330

   17 C   s            -0.003279  -0.000019
          p_y           0.045070   0.002438
          p_z          -0.124720   0.020127
          p_x           0.027327   0.001196

   18 H   s             0.010837   0.000160

   19 C   s            -0.020269   0.000285
          p_y           0.058107   0.004197
          p_z          -0.165175   0.032968
          p_x           0.039605   0.001736

   20 C   s             0.009787   0.000064
          p_y           0.051054   0.003115
          p_z          -0.188747   0.043069
          p_x           0.075866   0.007066

   21 C   s             0.002854   0.000008
          p_y           0.042827   0.002157
          p_z          -0.159124   0.030130
          p_x           0.064694   0.005057

   22 H   s            -0.003961   0.000022

   23 C   s             0.003280  -0.000019
          p_y          -0.026043   0.001010
          p_z           0.118711   0.018581
          p_x          -0.059718   0.004174

   24 H   s            -0.134261   0.021443

   25 H   s            -0.010803   0.000159

   26 H   s             0.004049   0.000023

   27 C   s            -0.002860   0.000008
          p_y          -0.051261   0.003163
          p_z           0.161778   0.031210
          p_x          -0.050394   0.002970

   28 C   s            -0.020264   0.000285
          p_y          -0.058014   0.004184
          p_z           0.165185   0.032972
          p_x          -0.039590   0.001735

   29 H   s             0.134251   0.021440

   30 C   s             0.020274   0.000285
          p_y           0.036405   0.001513
          p_z          -0.158474   0.030126
          p_x           0.076119   0.007271

   31 C   s             0.003283  -0.000019
          p_y           0.026041   0.001010
          p_z          -0.118695   0.018576
          p_x           0.059744   0.004178

   32 H   s            -0.010762   0.000158

   33 C   s            -0.003285  -0.000019
          p_y          -0.045121   0.002444
          p_z           0.124684   0.020115
          p_x          -0.027379   0.001200

   34 H   s             0.010881   0.000161

   35 H   s             0.134227   0.021432

   36 H   s            -0.134247   0.021438

Eigenvector:  44    (up)

    1 C   s            -0.000001   0.000000
          p_y           0.087658   0.009521
          p_z           0.041406   0.002124
          p_x           0.044077   0.002407

    2 C   s             0.000062   0.000000
          p_y           0.208846   0.053493
          p_z           0.098642   0.011933
          p_x           0.104469   0.013383

    3 C   s             0.000012   0.000000
          p_y          -0.087602   0.009508
          p_z          -0.041560   0.002140
          p_x          -0.044013   0.002400

    4 C   s             0.000008   0.000000
          p_y           0.000016   0.000000
          p_z          -0.000023   0.000000
          p_x          -0.000007   0.000000

    5 C   s             0.000031   0.000000
          p_y           0.176522   0.038650
          p_z           0.083381   0.008623
          p_x           0.088854   0.009791

    6 H   s             0.000215   0.000000

    7 C   s            -0.000007   0.000000
          p_y          -0.208877   0.053509
          p_z          -0.098690   0.011944
          p_x          -0.104339   0.013349

    8 C   s            -0.000010   0.000000
          p_y           0.000045   0.000000
          p_z          -0.000085   0.000000
          p_x           0.000012   0.000000

    9 C   s            -0.000011   0.000000
          p_y          -0.087582   0.009504
          p_z          -0.041618   0.002146
          p_x          -0.044001   0.002399

   10 H   s             0.000010   0.000000

   11 C   s             0.000063   0.000000
          p_y           0.212659   0.055566
          p_z           0.100313   0.012363
          p_x           0.106316   0.013885

   12 C   s            -0.000047   0.000000
          p_y          -0.176472   0.038627
          p_z          -0.083523   0.008653
          p_x          -0.088775   0.009775

   13 H   s             0.000251   0.000000

   14 H   s            -0.000019   0.000000

   15 C   s             0.000002   0.000000
          p_y           0.087642   0.009517
          p_z           0.041469   0.002131
          p_x           0.044069   0.002406

   16 C   s             0.000004   0.000000
          p_y          -0.208902   0.053522
          p_z          -0.098626   0.011929
          p_x          -0.104356   0.013353

   17 C   s             0.000008   0.000000
          p_y           0.100315   0.012375
          p_z           0.047339   0.002755
          p_x           0.050545   0.003142

   18 H   s             0.000286   0.000000

   19 C   s             0.000033   0.000000
          p_y          -0.212569   0.055518
          p_z          -0.100244   0.012346
          p_x          -0.106541   0.013945

   20 C   s            -0.000061   0.000000
          p_y           0.208870   0.053505
          p_z           0.098585   0.011919
          p_x           0.104491   0.013388

   21 C   s             0.000047   0.000000
          p_y          -0.176461   0.038622
          p_z          -0.083575   0.008663
          p_x          -0.088755   0.009770

   22 H   s            -0.000257   0.000000

   23 C   s            -0.000053   0.000000
          p_y          -0.100283   0.012366
          p_z          -0.047417   0.002765
          p_x          -0.050521   0.003139

   24 H   s            -0.000160   0.000000

   25 H   s             0.000161   0.000000

   26 H   s            -0.000219   0.000000

   27 C   s            -0.000030   0.000000
          p_y           0.176506   0.038643
          p_z           0.083438   0.008634
          p_x           0.088835   0.009787

   28 C   s            -0.000038   0.000000
          p_y          -0.212589   0.055528
          p_z          -0.100191   0.012333
          p_x          -0.106560   0.013950

   29 H   s            -0.000102   0.000000

   30 C   s            -0.000059   0.000000
          p_y           0.212671   0.055572
          p_z           0.100260   0.012350
          p_x           0.106343   0.013892

   31 C   s             0.000052   0.000000
          p_y          -0.100280   0.012365
          p_z          -0.047458   0.002770
          p_x          -0.050496   0.003135

   32 H   s            -0.000159   0.000000

   33 C   s            -0.000005   0.000000
          p_y           0.100303   0.012372
          p_z           0.047387   0.002760
          p_x           0.050525   0.003139

   34 H   s            -0.000278   0.000000

   35 H   s             0.000145   0.000000

   36 H   s             0.000110   0.000000

Eigenvector:  45    (up)

    1 C   s             0.002459   0.000008
          p_y           0.048042   0.002773
          p_z           0.014128   0.000255
          p_x          -0.108824   0.014336

    2 C   s            -0.023658   0.000137
          p_y          -0.072501   0.006976
          p_z           0.042562   0.002348
          p_x           0.105345   0.014851

    3 C   s             0.002476   0.000008
          p_y          -0.066822   0.005410
          p_z           0.050153   0.003086
          p_x           0.085843   0.008866

    4 C   s             0.000002   0.000000
          p_y          -0.015707   0.000312
          p_z           0.053675   0.003643
          p_x          -0.019194   0.000466

    5 C   s             0.005953   0.000042
          p_y           0.114052   0.015651
          p_z          -0.015577   0.000263
          p_x          -0.212311   0.054611

    6 H   s            -0.162638   0.031084

    7 C   s            -0.023659   0.000137
          p_y           0.059802   0.004797
          p_z           0.000404  -0.000000
          p_x          -0.120793   0.019381

    8 C   s             0.000003  -0.000000
          p_y          -0.015724   0.000313
          p_z           0.053727   0.003650
          p_x          -0.019190   0.000466

    9 C   s            -0.002478   0.000008
          p_y          -0.066860   0.005416
          p_z           0.050190   0.003091
          p_x           0.085844   0.008866

   10 H   s            -0.000009   0.000000

   11 C   s            -0.027023   0.000207
          p_y          -0.059195   0.004756
          p_z          -0.023821   0.000671
          p_x           0.141143   0.026476

   12 C   s             0.005962   0.000043
          p_y          -0.127168   0.019613
          p_z           0.060001   0.004467
          p_x           0.196348   0.046441

   13 H   s            -0.162642   0.031085

   14 H   s             0.000033   0.000000

   15 C   s            -0.002460   0.000008
          p_y           0.048063   0.002775
          p_z           0.014078   0.000253
          p_x          -0.108834   0.014338

   16 C   s             0.023662   0.000137
          p_y           0.059815   0.004799
          p_z           0.000347  -0.000000
          p_x          -0.120789   0.019380

   17 C   s             0.008282   0.000007
          p_y           0.070662   0.005870
          p_z          -0.016730   0.000152
          p_x          -0.124986   0.019608

   18 H   s            -0.176819   0.036801

   19 C   s            -0.027021   0.000207
          p_y           0.086604   0.009949
          p_z          -0.070096   0.006315
          p_x          -0.107578   0.015632

   20 C   s             0.023660   0.000137
          p_y          -0.072519   0.006980
          p_z           0.042603   0.002352
          p_x           0.105340   0.014850

   21 C   s            -0.005964   0.000043
          p_y          -0.127173   0.019615
          p_z           0.060038   0.004473
          p_x           0.196339   0.046437

   22 H   s             0.162656   0.031091

   23 C   s             0.008288   0.000007
          p_y          -0.074353   0.007007
          p_z           0.028666   0.001331
          p_x           0.120600   0.017291

   24 H   s             0.091333   0.009915

   25 H   s            -0.176810   0.036797

   26 H   s             0.162651   0.031089

   27 C   s            -0.005955   0.000042
          p_y           0.114069   0.015656
          p_z          -0.015621   0.000264
          p_x          -0.212296   0.054603

   28 C   s             0.027024   0.000207
          p_y           0.086626   0.009954
          p_z          -0.070137   0.006323
          p_x          -0.107550   0.015624

   29 H   s             0.091310   0.009911

   30 C   s             0.027020   0.000207
          p_y          -0.059197   0.004756
          p_z          -0.023786   0.000669
          p_x           0.141121   0.026468

   31 C   s            -0.008282   0.000007
          p_y          -0.074341   0.007004
          p_z           0.028699   0.001334
          p_x           0.120570   0.017282

   32 H   s             0.176800   0.036793

   33 C   s            -0.008288   0.000007
          p_y           0.070663   0.005870
          p_z          -0.016770   0.000153
          p_x          -0.124954   0.019598

   34 H   s             0.176806   0.036796

   35 H   s            -0.091339   0.009917

   36 H   s            -0.091266   0.009901

Eigenvector:  46    (up)

    1 C   s             0.004505   0.000036
          p_y           0.117843   0.016330
          p_z          -0.034811   0.001410
          p_x          -0.202277   0.048198

    2 C   s            -0.041917   0.000702
          p_y          -0.064542   0.005465
          p_z          -0.001463   0.000000
          p_x           0.129962   0.021955

    3 C   s             0.004511   0.000036
          p_y          -0.119237   0.016752
          p_z           0.039962   0.001899
          p_x           0.200505   0.047289

    4 C   s            -0.046747   0.000864
          p_y          -0.080616   0.008487
          p_z           0.025552   0.000852
          p_x           0.137257   0.024598

    5 C   s             0.004150   0.000027
          p_y           0.089273   0.009348
          p_z          -0.022013   0.000535
          p_x          -0.157735   0.029408

    6 H   s            -0.177511   0.036143

    7 C   s            -0.041927   0.000702
          p_y           0.078446   0.007989
          p_z          -0.046532   0.002747
          p_x          -0.112849   0.016679

    8 C   s            -0.046747   0.000864
          p_y           0.080745   0.008513
          p_z          -0.025491   0.000848
          p_x          -0.137193   0.024576

    9 C   s             0.004511   0.000036
          p_y           0.119309   0.016773
          p_z          -0.039927   0.001896
          p_x          -0.200467   0.047271

   10 H   s            -0.200660   0.046236

   11 C   s            -0.027366   0.000315
          p_y          -0.033370   0.001493
          p_z          -0.028724   0.000981
          p_x           0.093299   0.011291

   12 C   s             0.004168   0.000028
          p_y          -0.093440   0.010332
          p_z           0.035635   0.001554
          p_x           0.152750   0.027404

   13 H   s            -0.177497   0.036136

   14 H   s            -0.200660   0.046236

   15 C   s             0.004505   0.000036
          p_y          -0.117774   0.016311
          p_z           0.034845   0.001412
          p_x           0.202308   0.048214

   16 C   s            -0.041925   0.000702
          p_y          -0.078543   0.008008
          p_z           0.046488   0.002742
          p_x           0.112796   0.016664

   17 C   s             0.005461   0.000007
          p_y           0.039069   0.001742
          p_z          -0.007876   0.000017
          p_x          -0.070552   0.006135

   18 H   s            -0.112221   0.014472

   19 C   s            -0.027371   0.000315
          p_y           0.058609   0.004441
          p_z          -0.057550   0.004140
          p_x          -0.062442   0.005187

   20 C   s            -0.041917   0.000702
          p_y           0.064431   0.005447
          p_z           0.001411   0.000000
          p_x          -0.130015   0.021972

   21 C   s             0.004167   0.000028
          p_y           0.093261   0.010292
          p_z          -0.035716   0.001561
          p_x          -0.152831   0.027434

   22 H   s            -0.177492   0.036135

   23 C   s             0.005466   0.000007
          p_y          -0.041905   0.002189
          p_z           0.017679   0.000502
          p_x           0.067059   0.005203

   24 H   s             0.054736   0.003480

   25 H   s            -0.112217   0.014472

   26 H   s            -0.177507   0.036141

   27 C   s             0.004151   0.000028
          p_y          -0.089451   0.009386
          p_z           0.021930   0.000531
          p_x           0.157635   0.029370

   28 C   s            -0.027369   0.000315
          p_y          -0.058564   0.004435
          p_z           0.057572   0.004143
          p_x           0.062453   0.005189

   29 H   s             0.054754   0.003483

   30 C   s            -0.027365   0.000315
          p_y           0.033403   0.001496
          p_z           0.028740   0.000982
          p_x          -0.093273   0.011285

   31 C   s             0.005463   0.000007
          p_y           0.042096   0.002208
          p_z          -0.017587   0.000498
          p_x          -0.066946   0.005185

   32 H   s            -0.112207   0.014469

   33 C   s             0.005464   0.000007
          p_y          -0.038866   0.001724
          p_z           0.007975   0.000018
          p_x           0.070636   0.006149

   34 H   s            -0.112210   0.014470

   35 H   s             0.054752   0.003483

   36 H   s             0.054713   0.003477

Eigenvector:  47    (up)

    1 C   s            -0.000008   0.000000
          p_y           0.084203   0.008611
          p_z           0.039842   0.001928
          p_x           0.042271   0.002170

    2 C   s             0.000018   0.000000
          p_y          -0.125815   0.018924
          p_z          -0.059483   0.004230
          p_x          -0.063112   0.004762

    3 C   s            -0.000005   0.000000
          p_y           0.084301   0.008631
          p_z           0.039819   0.001925
          p_x           0.042080   0.002151

    4 C   s             0.000024   0.000000
          p_y           0.155327   0.028869
          p_z           0.073431   0.006452
          p_x           0.077676   0.007219

    5 C   s            -0.000007   0.000000
          p_y          -0.213643   0.055491
          p_z          -0.100866   0.012370
          p_x          -0.107017   0.013924

    6 H   s             0.000054   0.000000

    7 C   s            -0.000013   0.000000
          p_y          -0.125892   0.018948
          p_z          -0.059469   0.004228
          p_x          -0.062983   0.004742

    8 C   s             0.000013   0.000000
          p_y           0.155263   0.028844
          p_z           0.073429   0.006452
          p_x           0.077787   0.007241

    9 C   s             0.000002  -0.000000
          p_y           0.084215   0.008613
          p_z           0.039837   0.001927
          p_x           0.042248   0.002167

   10 H   s             0.000082   0.000000

   11 C   s            -0.000012   0.000000
          p_y           0.050117   0.003002
          p_z           0.023664   0.000669
          p_x           0.025089   0.000752

   12 C   s             0.000002   0.000000
          p_y          -0.213565   0.055452
          p_z          -0.100982   0.012397
          p_x          -0.107065   0.013936

   13 H   s             0.000071   0.000000

   14 H   s             0.000077   0.000000

   15 C   s             0.000006   0.000000
          p_y           0.084290   0.008628
          p_z           0.039832   0.001927
          p_x           0.042101   0.002153

   16 C   s             0.000047   0.000000
          p_y          -0.125832   0.018930
          p_z          -0.059484   0.004230
          p_x          -0.063080   0.004758

   17 C   s            -0.000014   0.000000
          p_y           0.239577   0.069125
          p_z           0.112914   0.015354
          p_x           0.120258   0.017418

   18 H   s             0.000056   0.000000

   19 C   s             0.000034   0.000000
          p_y           0.050063   0.002996
          p_z           0.023709   0.000672
          p_x           0.025162   0.000757

   20 C   s             0.000015   0.000000
          p_y          -0.125862   0.018940
          p_z          -0.059504   0.004233
          p_x          -0.063000   0.004745

   21 C   s            -0.000005   0.000000
          p_y          -0.213642   0.055491
          p_z          -0.100969   0.012394
          p_x          -0.106930   0.013901

   22 H   s             0.000074   0.000000

   23 C   s            -0.000034   0.000000
          p_y           0.239593   0.069134
          p_z           0.112975   0.015370
          p_x           0.120175   0.017393

   24 H   s            -0.000073   0.000000

   25 H   s             0.000035   0.000000

   26 H   s             0.000091   0.000000

   27 C   s             0.000007  -0.000000
          p_y          -0.213573   0.055456
          p_z          -0.100862   0.012368
          p_x          -0.107159   0.013960

   28 C   s            -0.000011   0.000000
          p_y           0.050101   0.003000
          p_z           0.023678   0.000670
          p_x           0.025094   0.000753

   29 H   s            -0.000040   0.000000

   30 C   s             0.000034   0.000000
          p_y           0.050094   0.002999
          p_z           0.023618   0.000667
          p_x           0.025180   0.000758

   31 C   s             0.000026   0.000000
          p_y           0.239550   0.069109
          p_z           0.112975   0.015371
          p_x           0.120245   0.017413

   32 H   s             0.000066   0.000000

   33 C   s             0.000017   0.000000
          p_y           0.239609   0.069143
          p_z           0.112938   0.015361
          p_x           0.120176   0.017393

   34 H   s             0.000046   0.000000

   35 H   s             0.000008   0.000000

   36 H   s             0.000003   0.000000

Eigenvector:  48    (up)

    1 C   s             0.000005   0.000000
          p_y           0.126101   0.018687
          p_z           0.059594   0.004174
          p_x           0.063223   0.004697

    2 C   s             0.000019   0.000000
          p_y           0.004372   0.000023
          p_z           0.002108   0.000005
          p_x           0.002144   0.000005

    3 C   s            -0.000011   0.000000
          p_y          -0.126069   0.018678
          p_z          -0.059584   0.004172
          p_x          -0.063200   0.004694

    4 C   s             0.000016   0.000000
          p_y           0.249833   0.072873
          p_z           0.118178   0.016305
          p_x           0.124993   0.018240

    5 C   s            -0.000055   0.000000
          p_y          -0.116108   0.015880
          p_z          -0.054829   0.003541
          p_x          -0.058120   0.003979

    6 H   s             0.000038   0.000000

    7 C   s             0.000028   0.000000
          p_y          -0.004369   0.000023
          p_z          -0.002115   0.000005
          p_x          -0.002150   0.000005

    8 C   s             0.000015   0.000000
          p_y          -0.249836   0.072874
          p_z          -0.118179   0.016306
          p_x          -0.124995   0.018240

    9 C   s            -0.000011   0.000000
          p_y           0.126067   0.018677
          p_z           0.059583   0.004172
          p_x           0.063200   0.004694

   10 H   s             0.000064   0.000000

   11 C   s            -0.000001  -0.000000
          p_y          -0.255009   0.075967
          p_z          -0.120225   0.016885
          p_x          -0.127851   0.019095

   12 C   s             0.000028   0.000000
          p_y           0.116079   0.015871
          p_z           0.054851   0.003544
          p_x           0.058080   0.003974

   13 H   s             0.000027   0.000000

   14 H   s             0.000064   0.000000

   15 C   s             0.000006   0.000000
          p_y          -0.126102   0.018687
          p_z          -0.059593   0.004174
          p_x          -0.063225   0.004697

   16 C   s             0.000029   0.000000
          p_y           0.004371   0.000023
          p_z           0.002118   0.000005
          p_x           0.002148   0.000005

   17 C   s            -0.000021   0.000000
          p_y          -0.139262   0.022637
          p_z          -0.065665   0.005033
          p_x          -0.069849   0.005695

   18 H   s            -0.000005   0.000000

   19 C   s             0.000007  -0.000000
          p_y           0.254882   0.075890
          p_z           0.120346   0.016919
          p_x           0.127974   0.019132

   20 C   s             0.000018   0.000000
          p_y          -0.004368   0.000023
          p_z          -0.002108   0.000005
          p_x          -0.002141   0.000005

   21 C   s             0.000028   0.000000
          p_y          -0.116078   0.015871
          p_z          -0.054850   0.003544
          p_x          -0.058074   0.003973

   22 H   s             0.000030   0.000000

   23 C   s             0.000033   0.000000
          p_y           0.139260   0.022636
          p_z           0.065717   0.005041
          p_x           0.069840   0.005694

   24 H   s            -0.000010   0.000000

   25 H   s             0.000082   0.000000

   26 H   s             0.000040   0.000000

   27 C   s            -0.000054   0.000000
          p_y           0.116113   0.015881
          p_z           0.054836   0.003542
          p_x           0.058114   0.003978

   28 C   s             0.000009  -0.000000
          p_y          -0.254883   0.075891
          p_z          -0.120345   0.016919
          p_x          -0.127980   0.019134

   29 H   s            -0.000020   0.000000

   30 C   s            -0.000002  -0.000000
          p_y           0.255008   0.075966
          p_z           0.120219   0.016883
          p_x           0.127855   0.019096

   31 C   s             0.000031   0.000000
          p_y          -0.139268   0.022639
          p_z          -0.065723   0.005042
          p_x          -0.069836   0.005693

   32 H   s             0.000087   0.000000

   33 C   s            -0.000016   0.000000
          p_y           0.139259   0.022636
          p_z           0.065674   0.005034
          p_x           0.069835   0.005692

   34 H   s             0.000001  -0.000000

   35 H   s            -0.000018   0.000000

   36 H   s            -0.000017   0.000000

Eigenvector:  49    (up)

    1 C   s            -0.000002  -0.000000
          p_y          -0.246256   0.069133
          p_z          -0.116421   0.015452
          p_x          -0.123314   0.017335

    2 C   s            -0.000011   0.000000
          p_y          -0.009643   0.000104
          p_z          -0.004558   0.000023
          p_x          -0.004844   0.000026

    3 C   s            -0.000005   0.000000
          p_y          -0.246272   0.069142
          p_z          -0.116480   0.015467
          p_x          -0.123271   0.017323

    4 C   s             0.000001   0.000000
          p_y           0.000010   0.000000
          p_z          -0.000012   0.000000
          p_x           0.000021   0.000000

    5 C   s             0.000002  -0.000000
          p_y           0.229004   0.059853
          p_z           0.108159   0.013352
          p_x           0.114852   0.015055

    6 H   s             0.000033   0.000000

    7 C   s             0.000027   0.000000
          p_y          -0.009671   0.000105
          p_z          -0.004575   0.000023
          p_x          -0.004813   0.000026

    8 C   s            -0.000000  -0.000000
          p_y          -0.000009   0.000000
          p_z           0.000012   0.000000
          p_x          -0.000021   0.000000

    9 C   s            -0.000005   0.000000
          p_y           0.246274   0.069143
          p_z           0.116481   0.015467
          p_x           0.123272   0.017324

   10 H   s            -0.000016   0.000000

   11 C   s             0.000024   0.000000
          p_y           0.019931   0.000448
          p_z           0.009379   0.000099
          p_x           0.009958   0.000112

   12 C   s            -0.000003   0.000000
          p_y           0.229052   0.059879
          p_z           0.108241   0.013372
          p_x           0.114705   0.015017

   13 H   s             0.000008   0.000000

   14 H   s            -0.000015   0.000000

   15 C   s            -0.000001  -0.000000
          p_y           0.246255   0.069132
          p_z           0.116422   0.015452
          p_x           0.123310   0.017334

   16 C   s             0.000028   0.000000
          p_y           0.009675   0.000105
          p_z           0.004579   0.000024
          p_x           0.004813   0.000026

   17 C   s             0.000012   0.000000
          p_y          -0.188194   0.040038
          p_z          -0.088679   0.008890
          p_x          -0.094402   0.010075

   18 H   s             0.000027   0.000000

   19 C   s            -0.000011   0.000000
          p_y           0.019940   0.000449
          p_z           0.009394   0.000100
          p_x           0.010032   0.000114

   20 C   s            -0.000012   0.000000
          p_y           0.009640   0.000104
          p_z           0.004554   0.000023
          p_x           0.004843   0.000026

   21 C   s            -0.000003   0.000000
          p_y          -0.229052   0.059879
          p_z          -0.108243   0.013372
          p_x          -0.114701   0.015016

   22 H   s             0.000009   0.000000

   23 C   s             0.000025   0.000000
          p_y          -0.188127   0.040010
          p_z          -0.088727   0.008899
          p_x          -0.094426   0.010079

   24 H   s             0.000015   0.000000

   25 H   s             0.000048   0.000000

   26 H   s             0.000034   0.000000

   27 C   s             0.000004  -0.000000
          p_y          -0.229005   0.059854
          p_z          -0.108156   0.013351
          p_x          -0.114858   0.015056

   28 C   s            -0.000009   0.000000
          p_y          -0.019943   0.000449
          p_z          -0.009393   0.000100
          p_x          -0.010039   0.000114

   29 H   s            -0.000003   0.000000

   30 C   s             0.000022   0.000000
          p_y          -0.019930   0.000448
          p_z          -0.009386   0.000099
          p_x          -0.009954   0.000112

   31 C   s             0.000023   0.000000
          p_y           0.188121   0.040007
          p_z           0.088724   0.008899
          p_x           0.094430   0.010080

   32 H   s             0.000052   0.000000

   33 C   s             0.000019   0.000000
          p_y           0.188196   0.040038
          p_z           0.088692   0.008893
          p_x           0.094389   0.010072

   34 H   s             0.000032   0.000000

   35 H   s            -0.000000  -0.000000

   36 H   s             0.000010   0.000000

Eigenvector:  50    (up)

    1 C   s            -0.000017   0.000000
          p_y          -0.142846   0.022433
          p_z          -0.067524   0.005013
          p_x          -0.071529   0.005625

    2 C   s            -0.000019   0.000000
          p_y          -0.237299   0.061594
          p_z          -0.112154   0.013758
          p_x          -0.118917   0.015468

    3 C   s             0.000003   0.000000
          p_y           0.142840   0.022431
          p_z           0.067548   0.005016
          p_x           0.071493   0.005619

    4 C   s             0.000004   0.000000
          p_y          -0.000000   0.000000
          p_z          -0.000003   0.000000
          p_x           0.000001   0.000000

    5 C   s             0.000039   0.000000
          p_y          -0.015538   0.000262
          p_z          -0.007339   0.000059
          p_x          -0.007848   0.000067

    6 H   s            -0.000018   0.000000

    7 C   s             0.000001  -0.000000
          p_y           0.237316   0.061602
          p_z           0.112217   0.013774
          p_x           0.118792   0.015435

    8 C   s            -0.000004   0.000000
          p_y          -0.000001   0.000000
          p_z          -0.000005   0.000000
          p_x           0.000001   0.000000

    9 C   s            -0.000003   0.000000
          p_y           0.142838   0.022430
          p_z           0.067546   0.005016
          p_x           0.071492   0.005619

   10 H   s            -0.000005   0.000000

   11 C   s             0.000003  -0.000000
          p_y           0.231210   0.058521
          p_z           0.109023   0.013011
          p_x           0.115906   0.014706

   12 C   s            -0.000004   0.000000
          p_y           0.015540   0.000262
          p_z           0.007344   0.000059
          p_x           0.007831   0.000067

   13 H   s             0.000004   0.000000

   14 H   s             0.000006   0.000000

   15 C   s             0.000017   0.000000
          p_y          -0.142849   0.022434
          p_z          -0.067524   0.005013
          p_x          -0.071532   0.005625

   16 C   s             0.000000   0.000000
          p_y           0.237317   0.061603
          p_z           0.112219   0.013774
          p_x           0.118789   0.015435

   17 C   s             0.000009   0.000000
          p_y           0.156625   0.026793
          p_z           0.073835   0.005954
          p_x           0.078581   0.006744

   18 H   s             0.000020   0.000000

   19 C   s            -0.000006   0.000000
          p_y          -0.231111   0.058471
          p_z          -0.109126   0.013036
          p_x          -0.115992   0.014729

   20 C   s             0.000019   0.000000
          p_y          -0.237298   0.061594
          p_z          -0.112156   0.013759
          p_x          -0.118915   0.015467

   21 C   s             0.000004   0.000000
          p_y           0.015542   0.000262
          p_z           0.007345   0.000059
          p_x           0.007835   0.000067

   22 H   s            -0.000003   0.000000

   23 C   s            -0.000015   0.000000
          p_y          -0.156603   0.026786
          p_z          -0.073873   0.005960
          p_x          -0.078580   0.006744

   24 H   s            -0.000017   0.000000

   25 H   s            -0.000025   0.000000

   26 H   s             0.000019   0.000000

   27 C   s            -0.000037   0.000000
          p_y          -0.015536   0.000262
          p_z          -0.007335   0.000058
          p_x          -0.007851   0.000067

   28 C   s             0.000007   0.000000
          p_y          -0.231109   0.058470
          p_z          -0.109124   0.013036
          p_x          -0.115994   0.014729

   29 H   s             0.000032   0.000000

   30 C   s            -0.000004  -0.000000
          p_y           0.231209   0.058521
          p_z           0.109018   0.013010
          p_x           0.115907   0.014707

   31 C   s             0.000013   0.000000
          p_y          -0.156607   0.026787
          p_z          -0.073877   0.005961
          p_x          -0.078577   0.006744

   32 H   s             0.000028   0.000000

   33 C   s            -0.000003   0.000000
          p_y           0.156623   0.026792
          p_z           0.073844   0.005956
          p_x           0.078569   0.006742

   34 H   s            -0.000017   0.000000

   35 H   s            -0.000030   0.000000

   36 H   s             0.000014   0.000000

Eigenvector:  51    (up)

    1 C   s            -0.000003   0.000000
          p_y           0.041628   0.001767
          p_z           0.019684   0.000395
          p_x           0.020863   0.000444

    2 C   s            -0.000018   0.000000
          p_y          -0.261372   0.069494
          p_z          -0.123522   0.015521
          p_x          -0.130976   0.017450

    3 C   s            -0.000014   0.000000
          p_y          -0.041629   0.001767
          p_z          -0.019690   0.000395
          p_x          -0.020878   0.000444

    4 C   s             0.000007   0.000000
          p_y           0.306176   0.095445
          p_z           0.144785   0.021343
          p_x           0.153249   0.023911

    5 C   s             0.000013   0.000000
          p_y          -0.108175   0.011937
          p_z          -0.051085   0.002662
          p_x          -0.054265   0.003004

    6 H   s            -0.000034   0.000000

    7 C   s             0.000013   0.000000
          p_y           0.261371   0.069493
          p_z           0.123585   0.015537
          p_x           0.130836   0.017414

    8 C   s             0.000007   0.000000
          p_y          -0.306176   0.095444
          p_z          -0.144786   0.021343
          p_x          -0.153247   0.023911

    9 C   s            -0.000013   0.000000
          p_y           0.041629   0.001767
          p_z           0.019690   0.000395
          p_x           0.020877   0.000444

   10 H   s             0.000020   0.000000

   11 C   s             0.000003  -0.000000
          p_y           0.144000   0.021102
          p_z           0.067905   0.004692
          p_x           0.072183   0.005302

   12 C   s             0.000008   0.000000
          p_y           0.108191   0.011940
          p_z           0.051120   0.002666
          p_x           0.054241   0.003001

   13 H   s             0.000003   0.000000

   14 H   s             0.000020   0.000000

   15 C   s            -0.000003   0.000000
          p_y          -0.041628   0.001767
          p_z          -0.019684   0.000395
          p_x          -0.020861   0.000444

   16 C   s             0.000012   0.000000
          p_y          -0.261373   0.069494
          p_z          -0.123586   0.015537
          p_x          -0.130835   0.017413

   17 C   s             0.000000   0.000000
          p_y           0.131571   0.017564
          p_z           0.062019   0.003902
          p_x           0.066012   0.004421

   18 H   s             0.000018   0.000000

   19 C   s            -0.000002   0.000000
          p_y          -0.143934   0.021083
          p_z          -0.067961   0.004700
          p_x          -0.072224   0.005308

   20 C   s            -0.000018   0.000000
          p_y           0.261372   0.069495
          p_z           0.123524   0.015521
          p_x           0.130975   0.017450

   21 C   s             0.000008   0.000000
          p_y          -0.108191   0.011941
          p_z          -0.051120   0.002666
          p_x          -0.054242   0.003001

   22 H   s             0.000003   0.000000

   23 C   s             0.000000  -0.000000
          p_y          -0.131569   0.017563
          p_z          -0.062056   0.003907
          p_x          -0.066028   0.004423

   24 H   s            -0.000016   0.000000

   25 H   s             0.000004   0.000000

   26 H   s            -0.000035   0.000000

   27 C   s             0.000012   0.000000
          p_y           0.108175   0.011937
          p_z           0.051084   0.002662
          p_x           0.054267   0.003004

   28 C   s            -0.000003   0.000000
          p_y           0.143934   0.021083
          p_z           0.067961   0.004700
          p_x           0.072226   0.005309

   29 H   s             0.000027   0.000000

   30 C   s             0.000004   0.000000
          p_y          -0.143999   0.021102
          p_z          -0.067903   0.004692
          p_x          -0.072183   0.005302

   31 C   s             0.000001  -0.000000
          p_y           0.131570   0.017564
          p_z           0.062058   0.003907
          p_x           0.066026   0.004423

   32 H   s             0.000003   0.000000

   33 C   s            -0.000005   0.000000
          p_y          -0.131571   0.017564
          p_z          -0.062027   0.003903
          p_x          -0.066005   0.004420

   34 H   s             0.000016   0.000000

   35 H   s             0.000026   0.000000

   36 H   s            -0.000017   0.000000

Eigenvector:  52    (up)

    1 C   s             0.000005   0.000000
          p_y          -0.044761   0.001877
          p_z          -0.021181   0.000420
          p_x          -0.022399   0.000470

    2 C   s            -0.000019   0.000000
          p_y          -0.267692   0.066080
          p_z          -0.126516   0.014760
          p_x          -0.134156   0.016597

    3 C   s            -0.000013   0.000000
          p_y          -0.044763   0.001877
          p_z          -0.021181   0.000420
          p_x          -0.022433   0.000471

    4 C   s            -0.000001   0.000000
          p_y           0.307817   0.087441
          p_z           0.145558   0.019552
          p_x           0.154090   0.021912

    5 C   s            -0.000017   0.000000
          p_y           0.119911   0.013491
          p_z           0.056667   0.003013
          p_x           0.060155   0.003395

    6 H   s            -0.000007   0.000000

    7 C   s            -0.000012   0.000000
          p_y          -0.267725   0.066096
          p_z          -0.126581   0.014775
          p_x          -0.134023   0.016564

    8 C   s             0.000001   0.000000
          p_y           0.307818   0.087441
          p_z           0.145559   0.019553
          p_x           0.154090   0.021912

    9 C   s             0.000013   0.000000
          p_y          -0.044764   0.001877
          p_z          -0.021180   0.000420
          p_x          -0.022434   0.000471

   10 H   s            -0.000005   0.000000

   11 C   s             0.000018   0.000000
          p_y           0.161034   0.023965
          p_z           0.075929   0.005328
          p_x           0.080715   0.006021

   12 C   s             0.000009   0.000000
          p_y           0.119938   0.013498
          p_z           0.056703   0.003017
          p_x           0.060056   0.003384

   13 H   s            -0.000015   0.000000

   14 H   s             0.000005   0.000000

   15 C   s            -0.000005   0.000000
          p_y          -0.044762   0.001877
          p_z          -0.021182   0.000420
          p_x          -0.022399   0.000470

   16 C   s             0.000011   0.000000
          p_y          -0.267724   0.066096
          p_z          -0.126581   0.014775
          p_x          -0.134020   0.016563

   17 C   s             0.000008   0.000000
          p_y          -0.148353   0.020445
          p_z          -0.069915   0.004541
          p_x          -0.074416   0.005144

   18 H   s             0.000023   0.000000

   19 C   s             0.000001  -0.000000
          p_y           0.160977   0.023949
          p_z           0.075984   0.005336
          p_x           0.080788   0.006032

   20 C   s             0.000019   0.000000
          p_y          -0.267693   0.066081
          p_z          -0.126516   0.014760
          p_x          -0.134155   0.016596

   21 C   s            -0.000010   0.000000
          p_y           0.119938   0.013498
          p_z           0.056704   0.003017
          p_x           0.060055   0.003384

   22 H   s             0.000015   0.000000

   23 C   s             0.000005   0.000000
          p_y          -0.148309   0.020433
          p_z          -0.069963   0.004547
          p_x          -0.074434   0.005147

   24 H   s            -0.000005   0.000000

   25 H   s             0.000027   0.000000

   26 H   s             0.000007   0.000000

   27 C   s             0.000016   0.000000
          p_y           0.119911   0.013491
          p_z           0.056665   0.003013
          p_x           0.060157   0.003396

   28 C   s            -0.000002  -0.000000
          p_y           0.160977   0.023948
          p_z           0.075983   0.005336
          p_x           0.080789   0.006032

   29 H   s            -0.000021   0.000000

   30 C   s            -0.000018   0.000000
          p_y           0.161035   0.023966
          p_z           0.075932   0.005329
          p_x           0.080716   0.006021

   31 C   s            -0.000005   0.000000
          p_y          -0.148307   0.020432
          p_z          -0.069963   0.004547
          p_x          -0.074435   0.005147

   32 H   s            -0.000028   0.000000

   33 C   s            -0.000014   0.000000
          p_y          -0.148353   0.020445
          p_z          -0.069924   0.004542
          p_x          -0.074408   0.005143

   34 H   s            -0.000025   0.000000

   35 H   s             0.000019   0.000000

   36 H   s             0.000002  -0.000000

Eigenvector:  53    (up)

    1 C   s            -0.000019   0.000000
          p_y          -0.174118   0.026214
          p_z          -0.082304   0.005857
          p_x          -0.087208   0.006576

    2 C   s             0.000016   0.000000
          p_y           0.256782   0.056188
          p_z           0.121395   0.012558
          p_x           0.128689   0.014112

    3 C   s             0.000010   0.000000
          p_y          -0.174134   0.026219
          p_z          -0.082355   0.005864
          p_x          -0.087144   0.006566

    4 C   s            -0.000007   0.000000
          p_y           0.000018   0.000000
          p_z          -0.000009   0.000000
          p_x           0.000016   0.000000

    5 C   s             0.000035   0.000000
          p_y          -0.008736   0.000067
          p_z          -0.004188   0.000015
          p_x          -0.004415   0.000017

    6 H   s             0.000023   0.000000

    7 C   s             0.000013   0.000000
          p_y           0.256827   0.056208
          p_z           0.121448   0.012569
          p_x           0.128565   0.014085

    8 C   s            -0.000006   0.000000
          p_y          -0.000017   0.000000
          p_z           0.000010   0.000000
          p_x          -0.000016   0.000000

    9 C   s             0.000010   0.000000
          p_y           0.174135   0.026220
          p_z           0.082355   0.005864
          p_x           0.087145   0.006567

   10 H   s            -0.000018   0.000000

   11 C   s            -0.000027   0.000000
          p_y          -0.265013   0.059964
          p_z          -0.124970   0.013334
          p_x          -0.132841   0.015067

   12 C   s            -0.000002   0.000000
          p_y          -0.008743   0.000067
          p_z          -0.004172   0.000015
          p_x          -0.004359   0.000017

   13 H   s             0.000019   0.000000

   14 H   s            -0.000018   0.000000

   15 C   s            -0.000019   0.000000
          p_y           0.174116   0.026214
          p_z           0.082303   0.005857
          p_x           0.087207   0.006576

   16 C   s             0.000012   0.000000
          p_y          -0.256827   0.056208
          p_z          -0.121449   0.012569
          p_x          -0.128563   0.014085

   17 C   s             0.000004   0.000000
          p_y           0.177997   0.027161
          p_z           0.083902   0.006035
          p_x           0.089290   0.006835

   18 H   s            -0.000018   0.000000

   19 C   s            -0.000013   0.000000
          p_y          -0.264915   0.059920
          p_z          -0.125068   0.013355
          p_x          -0.132952   0.015092

   20 C   s             0.000017   0.000000
          p_y          -0.256783   0.056189
          p_z          -0.121395   0.012558
          p_x          -0.128688   0.014112

   21 C   s            -0.000003   0.000000
          p_y           0.008741   0.000067
          p_z           0.004171   0.000015
          p_x           0.004359   0.000017

   22 H   s             0.000019   0.000000

   23 C   s             0.000015   0.000000
          p_y           0.177937   0.027143
          p_z           0.083955   0.006043
          p_x           0.089290   0.006835

   24 H   s             0.000021   0.000000

   25 H   s            -0.000009   0.000000

   26 H   s             0.000023   0.000000

   27 C   s             0.000034   0.000000
          p_y           0.008737   0.000067
          p_z           0.004187   0.000015
          p_x           0.004418   0.000017

   28 C   s            -0.000014   0.000000
          p_y           0.264915   0.059920
          p_z           0.125068   0.013355
          p_x           0.132952   0.015092

   29 H   s             0.000045   0.000000

   30 C   s            -0.000026   0.000000
          p_y           0.265014   0.059965
          p_z           0.124973   0.013335
          p_x           0.132841   0.015067

   31 C   s             0.000016   0.000000
          p_y          -0.177933   0.027141
          p_z          -0.083955   0.006043
          p_x          -0.089291   0.006835

   32 H   s            -0.000010   0.000000

   33 C   s            -0.000004   0.000000
          p_y          -0.177998   0.027161
          p_z          -0.083913   0.006037
          p_x          -0.089281   0.006834

   34 H   s            -0.000020   0.000000

   35 H   s             0.000043   0.000000

   36 H   s             0.000014   0.000000

Eigenvector:  54    (up)

    1 C   s            -0.000017   0.000000
          p_y          -0.282394   0.064747
          p_z          -0.133498   0.014469
          p_x          -0.141400   0.016233

    2 C   s             0.000019   0.000000
          p_y           0.000049  -0.000000
          p_z           0.000042  -0.000000
          p_x           0.000008  -0.000000

    3 C   s             0.000017   0.000000
          p_y           0.282353   0.064727
          p_z           0.133534   0.014477
          p_x           0.141356   0.016223

    4 C   s             0.000003   0.000000
          p_y           0.000027   0.000000
          p_z           0.000019   0.000000
          p_x           0.000008   0.000000

    5 C   s             0.000036   0.000000
          p_y           0.269741   0.059128
          p_z           0.127382   0.013186
          p_x           0.135203   0.014855

    6 H   s             0.000038   0.000000

    7 C   s             0.000022   0.000000
          p_y          -0.000051  -0.000000
          p_z          -0.000045  -0.000000
          p_x          -0.000005  -0.000000

    8 C   s            -0.000004   0.000000
          p_y           0.000027   0.000000
          p_z           0.000019   0.000000
          p_x           0.000008   0.000000

    9 C   s            -0.000017   0.000000
          p_y           0.282352   0.064727
          p_z           0.133533   0.014477
          p_x           0.141355   0.016223

   10 H   s            -0.000002   0.000000

   11 C   s            -0.000030   0.000000
          p_y           0.003540   0.000011
          p_z           0.001648   0.000002
          p_x           0.001803   0.000003

   12 C   s            -0.000032   0.000000
          p_y          -0.269699   0.059108
          p_z          -0.127460   0.013202
          p_x          -0.135142   0.014841

   13 H   s             0.000037   0.000000

   14 H   s             0.000001   0.000000

   15 C   s             0.000017   0.000000
          p_y          -0.282396   0.064747
          p_z          -0.133500   0.014470
          p_x          -0.141399   0.016233

   16 C   s            -0.000022   0.000000
          p_y          -0.000048  -0.000000
          p_z          -0.000045  -0.000000
          p_x          -0.000003  -0.000000

   17 C   s             0.000012   0.000000
          p_y          -0.237812   0.045713
          p_z          -0.112095   0.010157
          p_x          -0.119312   0.011506

   18 H   s            -0.000035   0.000000

   19 C   s            -0.000011   0.000000
          p_y          -0.003590   0.000012
          p_z          -0.001678   0.000003
          p_x          -0.001810   0.000003

   20 C   s            -0.000018   0.000000
          p_y           0.000051  -0.000000
          p_z           0.000044  -0.000000
          p_x           0.000010  -0.000000

   21 C   s             0.000032   0.000000
          p_y          -0.269700   0.059109
          p_z          -0.127462   0.013203
          p_x          -0.135141   0.014841

   22 H   s            -0.000037   0.000000

   23 C   s            -0.000025   0.000000
          p_y           0.237805   0.045711
          p_z           0.112169   0.010170
          p_x           0.119334   0.011511

   24 H   s             0.000004   0.000000

   25 H   s            -0.000040   0.000000

   26 H   s            -0.000039   0.000000

   27 C   s            -0.000038   0.000000
          p_y           0.269740   0.059127
          p_z           0.127380   0.013185
          p_x           0.135204   0.014855

   28 C   s             0.000010   0.000000
          p_y          -0.003592   0.000012
          p_z          -0.001681   0.000003
          p_x          -0.001810   0.000003

   29 H   s            -0.000037   0.000000

   30 C   s             0.000031   0.000000
          p_y           0.003541   0.000011
          p_z           0.001651   0.000003
          p_x           0.001805   0.000003

   31 C   s             0.000026   0.000000
          p_y           0.237808   0.045712
          p_z           0.112171   0.010170
          p_x           0.119333   0.011510

   32 H   s             0.000039   0.000000

   33 C   s            -0.000024   0.000000
          p_y          -0.237812   0.045713
          p_z          -0.112109   0.010159
          p_x          -0.119298   0.011504

   34 H   s             0.000032   0.000000

   35 H   s             0.000035   0.000000

   36 H   s            -0.000015   0.000000

Eigenvector:  55    (up)

    1 C   s             0.000000   0.000000
          p_y          -0.159459   0.020402
          p_z          -0.075409   0.004563
          p_x          -0.079850   0.005116

    2 C   s            -0.000023   0.000000
          p_y          -0.003588   0.000010
          p_z          -0.001626   0.000002
          p_x          -0.001787   0.000003

    3 C   s             0.000016   0.000000
          p_y          -0.159498   0.020411
          p_z          -0.075452   0.004568
          p_x          -0.079857   0.005117

    4 C   s             0.000007   0.000000
          p_y           0.298457   0.070613
          p_z           0.141145   0.015792
          p_x           0.149389   0.017691

    5 C   s             0.000058   0.000000
          p_y           0.156544   0.019673
          p_z           0.073872   0.004381
          p_x           0.078474   0.004944

    6 H   s             0.000008   0.000000

    7 C   s            -0.000031   0.000000
          p_y          -0.003564   0.000010
          p_z          -0.001649   0.000002
          p_x          -0.001809   0.000003

    8 C   s            -0.000007   0.000000
          p_y           0.298456   0.070612
          p_z           0.141144   0.015792
          p_x           0.149388   0.017691

    9 C   s            -0.000016   0.000000
          p_y          -0.159500   0.020412
          p_z          -0.075453   0.004568
          p_x          -0.079858   0.005117

   10 H   s            -0.000008   0.000000

   11 C   s            -0.000038   0.000000
          p_y          -0.303712   0.073194
          p_z          -0.143236   0.016280
          p_x          -0.152232   0.018389

   12 C   s             0.000033   0.000000
          p_y           0.156578   0.019683
          p_z           0.073961   0.004392
          p_x           0.078433   0.004938

   13 H   s             0.000003   0.000000

   14 H   s             0.000008   0.000000

   15 C   s             0.000000  -0.000000
          p_y          -0.159459   0.020402
          p_z          -0.075409   0.004563
          p_x          -0.079850   0.005116

   16 C   s             0.000031   0.000000
          p_y          -0.003565   0.000010
          p_z          -0.001649   0.000002
          p_x          -0.001810   0.000003

   17 C   s             0.000028   0.000000
          p_y           0.162583   0.021026
          p_z           0.076657   0.004675
          p_x           0.081564   0.005292

   18 H   s             0.000001  -0.000000

   19 C   s            -0.000029   0.000000
          p_y          -0.303575   0.073128
          p_z          -0.143354   0.016307
          p_x          -0.152370   0.018423

   20 C   s             0.000023   0.000000
          p_y          -0.003585   0.000010
          p_z          -0.001625   0.000002
          p_x          -0.001786   0.000003

   21 C   s            -0.000032   0.000000
          p_y           0.156580   0.019683
          p_z           0.073963   0.004392
          p_x           0.078433   0.004938

   22 H   s            -0.000003   0.000000

   23 C   s             0.000045   0.000000
          p_y           0.162512   0.021008
          p_z           0.076694   0.004679
          p_x           0.081532   0.005288

   24 H   s             0.000041   0.000000

   25 H   s             0.000026   0.000000

   26 H   s            -0.000008   0.000000

   27 C   s            -0.000057   0.000000
          p_y           0.156541   0.019673
          p_z           0.073872   0.004381
          p_x           0.078470   0.004943

   28 C   s             0.000030   0.000000
          p_y          -0.303572   0.073126
          p_z          -0.143353   0.016306
          p_x          -0.152370   0.018423

   29 H   s             0.000068   0.000000

   30 C   s             0.000038   0.000000
          p_y          -0.303712   0.073194
          p_z          -0.143238   0.016281
          p_x          -0.152232   0.018389

   31 C   s            -0.000045   0.000000
          p_y           0.162506   0.021007
          p_z           0.076693   0.004679
          p_x           0.081530   0.005288

   32 H   s            -0.000025   0.000000

   33 C   s            -0.000019   0.000000
          p_y           0.162586   0.021027
          p_z           0.076669   0.004676
          p_x           0.081556   0.005291

   34 H   s             0.000002   0.000000

   35 H   s            -0.000066   0.000000

   36 H   s            -0.000033   0.000000

Eigenvector:  56    (up)

    1 C   s            -0.000001  -0.000000
          p_y          -0.099216   0.007577
          p_z          -0.046917   0.001694
          p_x          -0.049669   0.001899

    2 C   s            -0.000006   0.000000
          p_y          -0.141717   0.015417
          p_z          -0.066974   0.003443
          p_x          -0.071030   0.003873

    3 C   s            -0.000004   0.000000
          p_y           0.099244   0.007581
          p_z           0.046931   0.001695
          p_x           0.049676   0.001900

    4 C   s             0.000004   0.000000
          p_y           0.165291   0.020977
          p_z           0.078168   0.004691
          p_x           0.082740   0.005256

    5 C   s             0.000043   0.000000
          p_y           0.261251   0.052591
          p_z           0.123381   0.011729
          p_x           0.130922   0.013207

    6 H   s            -0.000001   0.000000

    7 C   s             0.000035   0.000000
          p_y           0.141673   0.015407
          p_z           0.066959   0.003442
          p_x           0.070939   0.003863

    8 C   s             0.000003   0.000000
          p_y          -0.165295   0.020978
          p_z          -0.078170   0.004692
          p_x          -0.082742   0.005257

    9 C   s            -0.000004   0.000000
          p_y          -0.099240   0.007581
          p_z          -0.046928   0.001695
          p_x          -0.049674   0.001899

   10 H   s            -0.000001   0.000000

   11 C   s            -0.000038   0.000000
          p_y           0.083410   0.005383
          p_z           0.039311   0.001196
          p_x           0.041844   0.001355

   12 C   s            -0.000037   0.000000
          p_y          -0.261155   0.052552
          p_z          -0.123444   0.011742
          p_x          -0.130852   0.013193

   13 H   s             0.000049   0.000000

   14 H   s            -0.000001   0.000000

   15 C   s            -0.000000  -0.000000
          p_y           0.099217   0.007577
          p_z           0.046919   0.001694
          p_x           0.049668   0.001899

   16 C   s             0.000035   0.000000
          p_y          -0.141676   0.015408
          p_z          -0.066959   0.003442
          p_x          -0.070939   0.003863

   17 C   s             0.000012   0.000000
          p_y          -0.319295   0.078142
          p_z          -0.150509   0.017363
          p_x          -0.160199   0.019670

   18 H   s            -0.000045   0.000000

   19 C   s            -0.000019   0.000000
          p_y          -0.083475   0.005392
          p_z          -0.039385   0.001200
          p_x          -0.041900   0.001358

   20 C   s            -0.000007   0.000000
          p_y           0.141717   0.015417
          p_z           0.066973   0.003443
          p_x           0.071029   0.003873

   21 C   s            -0.000036   0.000000
          p_y           0.261153   0.052551
          p_z           0.123444   0.011742
          p_x           0.130849   0.013193

   22 H   s             0.000049   0.000000

   23 C   s            -0.000030   0.000000
          p_y           0.319302   0.078145
          p_z           0.150619   0.017388
          p_x           0.160213   0.019674

   24 H   s            -0.000012   0.000000

   25 H   s            -0.000041   0.000000

   26 H   s            -0.000000   0.000000

   27 C   s             0.000046   0.000000
          p_y          -0.261250   0.052591
          p_z          -0.123378   0.011729
          p_x          -0.130924   0.013208

   28 C   s            -0.000017   0.000000
          p_y           0.083480   0.005393
          p_z           0.039392   0.001201
          p_x           0.041900   0.001359

   29 H   s            -0.000041   0.000000

   30 C   s            -0.000040   0.000000
          p_y          -0.083409   0.005383
          p_z          -0.039314   0.001196
          p_x          -0.041845   0.001355

   31 C   s            -0.000031   0.000000
          p_y          -0.319307   0.078148
          p_z          -0.150622   0.017389
          p_x          -0.160212   0.019673

   32 H   s            -0.000039   0.000000

   33 C   s             0.000030   0.000000
          p_y           0.319295   0.078141
          p_z           0.150529   0.017367
          p_x           0.160179   0.019666

   34 H   s            -0.000041   0.000000

   35 H   s            -0.000037   0.000000

   36 H   s             0.000006   0.000000

Eigenvector:  57    (up)

    1 C   s             0.000060   0.000000
          p_y           0.119833   0.010861
          p_z           0.056620   0.002425
          p_x           0.060046   0.002727

    2 C   s            -0.000094   0.000000
          p_y          -0.265459   0.052713
          p_z          -0.125407   0.011764
          p_x          -0.133000   0.013231

    3 C   s             0.000031   0.000000
          p_y           0.119829   0.010861
          p_z           0.056633   0.002426
          p_x           0.059950   0.002718

    4 C   s            -0.000017   0.000000
          p_y          -0.000050   0.000000
          p_z          -0.000002   0.000000
          p_x          -0.000006   0.000000

    5 C   s             0.000079   0.000000
          p_y           0.238837   0.043181
          p_z           0.112777   0.009629
          p_x           0.119765   0.010859

    6 H   s            -0.000023   0.000000

    7 C   s            -0.000086   0.000000
          p_y          -0.265497   0.052726
          p_z          -0.125488   0.011779
          p_x          -0.132954   0.013223

    8 C   s            -0.000018   0.000000
          p_y           0.000044   0.000000
          p_z          -0.000000   0.000000
          p_x           0.000003   0.000000

    9 C   s             0.000031   0.000000
          p_y          -0.119827   0.010861
          p_z          -0.056632   0.002426
          p_x          -0.059949   0.002718

   10 H   s             0.000028   0.000000

   11 C   s            -0.000048   0.000000
          p_y          -0.263019   0.051830
          p_z          -0.124062   0.011531
          p_x          -0.131815   0.013017

   12 C   s             0.000069   0.000000
          p_y           0.238921   0.043213
          p_z           0.112896   0.009649
          p_x           0.119663   0.010839

   13 H   s            -0.000023   0.000000

   14 H   s             0.000028   0.000000

   15 C   s             0.000060   0.000000
          p_y          -0.119827   0.010860
          p_z          -0.056618   0.002424
          p_x          -0.060042   0.002727

   16 C   s            -0.000086   0.000000
          p_y           0.265496   0.052726
          p_z           0.125488   0.011779
          p_x           0.132951   0.013223

   17 C   s             0.000046   0.000000
          p_y           0.121195   0.011013
          p_z           0.057163   0.002451
          p_x           0.060809   0.002773

   18 H   s             0.000020   0.000000

   19 C   s            -0.000035   0.000000
          p_y          -0.262850   0.051763
          p_z          -0.124150   0.011548
          p_x          -0.131950   0.013045

   20 C   s            -0.000093   0.000000
          p_y           0.265455   0.052711
          p_z           0.125407   0.011764
          p_x           0.132997   0.013230

   21 C   s             0.000068   0.000000
          p_y          -0.238919   0.043212
          p_z          -0.112897   0.009649
          p_x          -0.119661   0.010839

   22 H   s            -0.000024   0.000000

   23 C   s             0.000060   0.000000
          p_y           0.121085   0.010994
          p_z           0.057154   0.002450
          p_x           0.060733   0.002766

   24 H   s             0.000054   0.000000

   25 H   s             0.000050   0.000000

   26 H   s            -0.000023   0.000000

   27 C   s             0.000078   0.000000
          p_y          -0.238838   0.043181
          p_z          -0.112779   0.009629
          p_x          -0.119763   0.010858

   28 C   s            -0.000036   0.000000
          p_y           0.262848   0.051762
          p_z           0.124149   0.011547
          p_x           0.131950   0.013045

   29 H   s             0.000075   0.000000

   30 C   s            -0.000048   0.000000
          p_y           0.263018   0.051830
          p_z           0.124064   0.011532
          p_x           0.131815   0.013018

   31 C   s             0.000061   0.000000
          p_y          -0.121083   0.010993
          p_z          -0.057154   0.002450
          p_x          -0.060734   0.002766

   32 H   s             0.000050   0.000000

   33 C   s             0.000039   0.000000
          p_y          -0.121194   0.011013
          p_z          -0.057170   0.002451
          p_x          -0.060801   0.002772

   34 H   s             0.000018   0.000000

   35 H   s             0.000073   0.000000

   36 H   s             0.000047   0.000000

Eigenvector:  58    (up)

    1 C   s            -0.000049   0.000000
          p_y          -0.240114   0.041974
          p_z          -0.113472   0.009374
          p_x          -0.120284   0.010534

    2 C   s             0.000095   0.000000
          p_y           0.266737   0.051294
          p_z           0.126043   0.011453
          p_x           0.133645   0.012876

    3 C   s            -0.000003   0.000000
          p_y          -0.240045   0.041951
          p_z          -0.113469   0.009373
          p_x          -0.120165   0.010512

    4 C   s             0.000013   0.000000
          p_y           0.310147   0.069402
          p_z           0.146634   0.015513
          p_x           0.155235   0.017386

    5 C   s            -0.000058   0.000000
          p_y          -0.174269   0.022130
          p_z          -0.082308   0.004937
          p_x          -0.087401   0.005567

    6 H   s             0.000033   0.000000

    7 C   s             0.000071   0.000000
          p_y           0.266687   0.051274
          p_z           0.126048   0.011454
          p_x           0.133532   0.012855

    8 C   s            -0.000013   0.000000
          p_y           0.310146   0.069401
          p_z           0.146635   0.015513
          p_x           0.155234   0.017386

    9 C   s             0.000002   0.000000
          p_y          -0.240047   0.041951
          p_z          -0.113469   0.009373
          p_x          -0.120166   0.010512

   10 H   s            -0.000012   0.000000

   11 C   s             0.000035   0.000000
          p_y           0.151436   0.016558
          p_z           0.071438   0.003685
          p_x           0.075884   0.004157

   12 C   s            -0.000054   0.000000
          p_y          -0.174264   0.022130
          p_z          -0.082350   0.004942
          p_x          -0.087280   0.005551

   13 H   s             0.000035   0.000000

   14 H   s             0.000013   0.000000

   15 C   s             0.000048   0.000000
          p_y          -0.240116   0.041974
          p_z          -0.113473   0.009374
          p_x          -0.120284   0.010534

   16 C   s            -0.000071   0.000000
          p_y           0.266691   0.051275
          p_z           0.126050   0.011454
          p_x           0.133532   0.012855

   17 C   s            -0.000036   0.000000
          p_y          -0.063894   0.002946
          p_z          -0.030145   0.000656
          p_x          -0.032063   0.000742

   18 H   s            -0.000022   0.000000

   19 C   s             0.000022   0.000000
          p_y           0.151397   0.016549
          p_z           0.071515   0.003693
          p_x           0.076010   0.004172

   20 C   s            -0.000095   0.000000
          p_y           0.266741   0.051296
          p_z           0.126046   0.011454
          p_x           0.133646   0.012876

   21 C   s             0.000053   0.000000
          p_y          -0.174266   0.022130
          p_z          -0.082352   0.004942
          p_x          -0.087280   0.005551

   22 H   s            -0.000035   0.000000

   23 C   s            -0.000043   0.000000
          p_y          -0.063979   0.002954
          p_z          -0.030201   0.000658
          p_x          -0.032085   0.000743

   24 H   s            -0.000040   0.000000

   25 H   s            -0.000040   0.000000

   26 H   s            -0.000033   0.000000

   27 C   s             0.000058   0.000000
          p_y          -0.174273   0.022131
          p_z          -0.082311   0.004937
          p_x          -0.087402   0.005567

   28 C   s            -0.000022   0.000000
          p_y           0.151400   0.016550
          p_z           0.071517   0.003693
          p_x           0.076011   0.004172

   29 H   s            -0.000049   0.000000

   30 C   s            -0.000035   0.000000
          p_y           0.151439   0.016559
          p_z           0.071440   0.003685
          p_x           0.075885   0.004158

   31 C   s             0.000043   0.000000
          p_y          -0.063981   0.002954
          p_z          -0.030203   0.000658
          p_x          -0.032087   0.000743

   32 H   s             0.000040   0.000000

   33 C   s             0.000032   0.000000
          p_y          -0.063894   0.002946
          p_z          -0.030149   0.000656
          p_x          -0.032059   0.000742

   34 H   s             0.000020   0.000000

   35 H   s             0.000048   0.000000

   36 H   s             0.000036   0.000000

Eigenvector:  59    (up)

    1 C   s             0.000034   0.000000
          p_y           0.280689   0.055999
          p_z           0.132673   0.012511
          p_x           0.140560   0.014043

    2 C   s            -0.000049   0.000000
          p_y          -0.188034   0.025005
          p_z          -0.088918   0.005591
          p_x          -0.094232   0.006279

    3 C   s            -0.000026   0.000000
          p_y          -0.280745   0.056021
          p_z          -0.132789   0.012533
          p_x          -0.140567   0.014044

    4 C   s            -0.000011   0.000000
          p_y           0.000048   0.000000
          p_z           0.000010   0.000000
          p_x           0.000035   0.000000

    5 C   s             0.000007   0.000000
          p_y           0.028192   0.000568
          p_z           0.013342   0.000127
          p_x           0.014070   0.000142

    6 H   s            -0.000068   0.000000

    7 C   s             0.000007   0.000000
          p_y           0.188170   0.025040
          p_z           0.088969   0.005598
          p_x           0.094185   0.006274

    8 C   s             0.000012   0.000000
          p_y           0.000046   0.000000
          p_z           0.000009   0.000000
          p_x           0.000034   0.000000

    9 C   s             0.000026   0.000000
          p_y          -0.280746   0.056022
          p_z          -0.132788   0.012533
          p_x          -0.140567   0.014044

   10 H   s             0.000001   0.000000

   11 C   s            -0.000012   0.000000
          p_y           0.185601   0.024464
          p_z           0.087532   0.005441
          p_x           0.093039   0.006148

   12 C   s            -0.000003   0.000000
          p_y          -0.028216   0.000569
          p_z          -0.013381   0.000128
          p_x          -0.014139   0.000143

   13 H   s             0.000027   0.000000

   14 H   s            -0.000000   0.000000

   15 C   s            -0.000035   0.000000
          p_y           0.280690   0.056000
          p_z           0.132674   0.012511
          p_x           0.140560   0.014043

   16 C   s            -0.000007   0.000000
          p_y           0.188169   0.025040
          p_z           0.088968   0.005598
          p_x           0.094183   0.006273

   17 C   s             0.000001   0.000000
          p_y          -0.299501   0.063532
          p_z          -0.141192   0.014120
          p_x          -0.150290   0.015997

   18 H   s            -0.000041   0.000000

   19 C   s            -0.000024   0.000000
          p_y          -0.185501   0.024438
          p_z          -0.087561   0.005445
          p_x          -0.093111   0.006157

   20 C   s             0.000050   0.000000
          p_y          -0.188035   0.025005
          p_z          -0.088917   0.005591
          p_x          -0.094231   0.006279

   21 C   s             0.000002   0.000000
          p_y          -0.028212   0.000569
          p_z          -0.013380   0.000128
          p_x          -0.014137   0.000143

   22 H   s            -0.000028   0.000000

   23 C   s            -0.000013   0.000000
          p_y           0.299475   0.063521
          p_z           0.141283   0.014138
          p_x           0.150224   0.015983

   24 H   s            -0.000048   0.000000

   25 H   s             0.000001  -0.000000

   26 H   s             0.000067   0.000000

   27 C   s            -0.000010   0.000000
          p_y           0.028189   0.000568
          p_z           0.013337   0.000127
          p_x           0.014072   0.000142

   28 C   s             0.000021   0.000000
          p_y          -0.185503   0.024438
          p_z          -0.087567   0.005446
          p_x          -0.093110   0.006157

   29 H   s            -0.000017   0.000000

   30 C   s             0.000013   0.000000
          p_y           0.185599   0.024463
          p_z           0.087534   0.005442
          p_x           0.093041   0.006148

   31 C   s             0.000014   0.000000
          p_y           0.299476   0.063522
          p_z           0.141283   0.014138
          p_x           0.150221   0.015983

   32 H   s            -0.000004   0.000000

   33 C   s            -0.000020   0.000000
          p_y          -0.299498   0.063531
          p_z          -0.141212   0.014123
          p_x          -0.150269   0.015993

   34 H   s             0.000036   0.000000

   35 H   s             0.000012   0.000000

   36 H   s             0.000025   0.000000

Eigenvector:  60    (up)

    1 C   s             0.000023   0.000000
          p_y           0.240985   0.038260
          p_z           0.113940   0.008553
          p_x           0.120650   0.009590

    2 C   s            -0.000019   0.000000
          p_y          -0.004908   0.000015
          p_z          -0.002390   0.000004
          p_x          -0.002476   0.000004

    3 C   s             0.000005   0.000000
          p_y          -0.240959   0.038251
          p_z          -0.113978   0.008559
          p_x          -0.120658   0.009591

    4 C   s             0.000006   0.000000
          p_y          -0.240492   0.037853
          p_z          -0.113732   0.008466
          p_x          -0.120377   0.009484

    5 C   s            -0.000063   0.000000
          p_y          -0.220581   0.032065
          p_z          -0.104122   0.007145
          p_x          -0.110659   0.008070

    6 H   s            -0.000068   0.000000

    7 C   s            -0.000071   0.000000
          p_y           0.004934   0.000016
          p_z           0.002387   0.000004
          p_x           0.002414   0.000004

    8 C   s             0.000006   0.000000
          p_y           0.240492   0.037853
          p_z           0.113731   0.008466
          p_x           0.120377   0.009484

    9 C   s             0.000005   0.000000
          p_y           0.240960   0.038251
          p_z           0.113977   0.008559
          p_x           0.120657   0.009591

   10 H   s             0.000023   0.000000

   11 C   s             0.000045   0.000000
          p_y           0.241504   0.038246
          p_z           0.113945   0.008514
          p_x           0.121003   0.009601

   12 C   s             0.000062   0.000000
          p_y           0.220623   0.032077
          p_z           0.104221   0.007159
          p_x           0.110505   0.008047

   13 H   s            -0.000018   0.000000

   14 H   s             0.000024   0.000000

   15 C   s             0.000023   0.000000
          p_y          -0.240985   0.038260
          p_z          -0.113941   0.008553
          p_x          -0.120650   0.009590

   16 C   s            -0.000071   0.000000
          p_y          -0.004934   0.000016
          p_z          -0.002387   0.000004
          p_x          -0.002414   0.000004

   17 C   s            -0.000017   0.000000
          p_y          -0.253098   0.042072
          p_z          -0.119336   0.009354
          p_x          -0.127049   0.010601

   18 H   s            -0.000041   0.000000

   19 C   s            -0.000025   0.000000
          p_y          -0.241405   0.038215
          p_z          -0.113981   0.008519
          p_x          -0.121206   0.009633

   20 C   s            -0.000020   0.000000
          p_y           0.004909   0.000015
          p_z           0.002388   0.000004
          p_x           0.002475   0.000004

   21 C   s             0.000063   0.000000
          p_y          -0.220624   0.032078
          p_z          -0.104222   0.007159
          p_x          -0.110504   0.008047

   22 H   s            -0.000018   0.000000

   23 C   s             0.000012   0.000000
          p_y           0.253129   0.042082
          p_z           0.119429   0.009368
          p_x           0.126917   0.010579

   24 H   s            -0.000091   0.000000

   25 H   s             0.000070   0.000000

   26 H   s            -0.000066   0.000000

   27 C   s            -0.000060   0.000000
          p_y           0.220582   0.032066
          p_z           0.104126   0.007145
          p_x           0.110655   0.008069

   28 C   s            -0.000022   0.000000
          p_y           0.241404   0.038214
          p_z           0.113984   0.008520
          p_x           0.121204   0.009633

   29 H   s             0.000020   0.000000

   30 C   s             0.000045   0.000000
          p_y          -0.241501   0.038245
          p_z          -0.113946   0.008514
          p_x          -0.121005   0.009601

   31 C   s             0.000012   0.000000
          p_y          -0.253128   0.042082
          p_z          -0.119427   0.009368
          p_x          -0.126914   0.010579

   32 H   s             0.000073   0.000000

   33 C   s             0.000002   0.000000
          p_y           0.253094   0.042071
          p_z           0.119354   0.009356
          p_x           0.127028   0.010598

   34 H   s            -0.000034   0.000000

   35 H   s             0.000025   0.000000

   36 H   s            -0.000066   0.000000

Eigenvector:  61    (up)

    1 C   s            -0.000073   0.000000
          p_y          -0.164914   0.016862
          p_z          -0.077926   0.003765
          p_x          -0.082668   0.004237

    2 C   s             0.000095   0.000000
          p_y           0.219130   0.029495
          p_z           0.103550   0.006586
          p_x           0.109752   0.007398

    3 C   s             0.000051   0.000000
          p_y           0.164965   0.016873
          p_z           0.077991   0.003771
          p_x           0.082545   0.004224

    4 C   s             0.000042   0.000000
          p_y           0.000020   0.000000
          p_z           0.000004   0.000000
          p_x          -0.000050   0.000000

    5 C   s            -0.000129   0.000000
          p_y          -0.338027   0.070904
          p_z          -0.159596   0.015805
          p_x          -0.169557   0.017841

    6 H   s            -0.000009  -0.000000

    7 C   s            -0.000144   0.000000
          p_y          -0.219157   0.029501
          p_z          -0.103521   0.006582
          p_x          -0.109792   0.007405

    8 C   s            -0.000043   0.000000
          p_y           0.000016   0.000000
          p_z           0.000003   0.000000
          p_x          -0.000052   0.000000

    9 C   s            -0.000051   0.000000
          p_y           0.164961   0.016872
          p_z           0.077989   0.003771
          p_x           0.082542   0.004224

   10 H   s            -0.000037   0.000000

   11 C   s             0.000097   0.000000
          p_y           0.224955   0.031139
          p_z           0.106181   0.006938
          p_x           0.112648   0.007808

   12 C   s             0.000115   0.000000
          p_y           0.338096   0.070933
          p_z           0.159760   0.015839
          p_x           0.169314   0.017788

   13 H   s            -0.000054   0.000000

   14 H   s             0.000036   0.000000

   15 C   s             0.000073   0.000000
          p_y          -0.164910   0.016861
          p_z          -0.077925   0.003765
          p_x          -0.082665   0.004237

   16 C   s             0.000144   0.000000
          p_y          -0.219156   0.029501
          p_z          -0.103521   0.006582
          p_x          -0.109789   0.007405

   17 C   s            -0.000032   0.000000
          p_y          -0.184986   0.021162
          p_z          -0.087240   0.004707
          p_x          -0.092913   0.005339

   18 H   s            -0.000048   0.000000

   19 C   s            -0.000018   0.000000
          p_y          -0.224831   0.031104
          p_z          -0.106186   0.006938
          p_x          -0.112934   0.007848

   20 C   s            -0.000094   0.000000
          p_y           0.219127   0.029494
          p_z           0.103550   0.006586
          p_x           0.109751   0.007398

   21 C   s            -0.000116   0.000000
          p_y           0.338095   0.070932
          p_z           0.159760   0.015840
          p_x           0.169312   0.017788

   22 H   s             0.000055   0.000000

   23 C   s             0.000030   0.000000
          p_y           0.185055   0.021178
          p_z           0.087310   0.004714
          p_x           0.092725   0.005317

   24 H   s            -0.000121   0.000000

   25 H   s             0.000130   0.000000

   26 H   s             0.000008  -0.000000

   27 C   s             0.000127   0.000000
          p_y          -0.338026   0.070904
          p_z          -0.159598   0.015806
          p_x          -0.169552   0.017840

   28 C   s             0.000015   0.000000
          p_y          -0.224829   0.031104
          p_z          -0.106189   0.006938
          p_x          -0.112932   0.007848

   29 H   s             0.000051   0.000000

   30 C   s            -0.000098   0.000000
          p_y           0.224951   0.031138
          p_z           0.106182   0.006938
          p_x           0.112651   0.007808

   31 C   s            -0.000031   0.000000
          p_y           0.185055   0.021178
          p_z           0.087307   0.004714
          p_x           0.092723   0.005317

   32 H   s            -0.000132   0.000000

   33 C   s             0.000016   0.000000
          p_y          -0.184984   0.021162
          p_z          -0.087255   0.004709
          p_x          -0.092896   0.005337

   34 H   s             0.000042   0.000000

   35 H   s            -0.000057   0.000000

   36 H   s             0.000098   0.000000

Eigenvector:  62    (up)

    1 C   s            -0.000106   0.000000
          p_y          -0.329974   0.064982
          p_z          -0.155930   0.014510
          p_x          -0.165289   0.016306

    2 C   s             0.000123   0.000000
          p_y           0.229306   0.031029
          p_z           0.108397   0.006934
          p_x           0.114866   0.007785

    3 C   s             0.000022   0.000000
          p_y           0.329979   0.064984
          p_z           0.156021   0.014528
          p_x           0.165221   0.016292

    4 C   s            -0.000029   0.000000
          p_y           0.262781   0.040778
          p_z           0.124194   0.009108
          p_x           0.131519   0.010215

    5 C   s            -0.000111   0.000000
          p_y          -0.247268   0.036524
          p_z          -0.116746   0.008142
          p_x          -0.124027   0.009190

    6 H   s             0.000044   0.000000

    7 C   s            -0.000108   0.000000
          p_y          -0.229367   0.031044
          p_z          -0.108330   0.006925
          p_x          -0.114857   0.007785

    8 C   s            -0.000030   0.000000
          p_y          -0.262781   0.040778
          p_z          -0.124194   0.009108
          p_x          -0.131520   0.010215

    9 C   s             0.000021   0.000000
          p_y          -0.329981   0.064985
          p_z          -0.156021   0.014528
          p_x          -0.165223   0.016292

   10 H   s            -0.000063   0.000000

   11 C   s             0.000083   0.000000
          p_y           0.135697   0.010884
          p_z           0.064068   0.002426
          p_x           0.067923   0.002727

   12 C   s             0.000087   0.000000
          p_y           0.247315   0.036537
          p_z           0.116872   0.008160
          p_x           0.123850   0.009163

   13 H   s            -0.000070   0.000000

   14 H   s            -0.000063   0.000000

   15 C   s            -0.000106   0.000000
          p_y           0.329977   0.064983
          p_z           0.155933   0.014511
          p_x           0.165289   0.016306

   16 C   s            -0.000109   0.000000
          p_y           0.229371   0.031045
          p_z           0.108332   0.006925
          p_x           0.114856   0.007785

   17 C   s            -0.000027   0.000000
          p_y          -0.098381   0.005763
          p_z          -0.046403   0.001282
          p_x          -0.049442   0.001455

   18 H   s            -0.000036   0.000000

   19 C   s            -0.000002   0.000000
          p_y          -0.135609   0.010869
          p_z          -0.064052   0.002425
          p_x          -0.068140   0.002744

   20 C   s             0.000122   0.000000
          p_y          -0.229308   0.031029
          p_z          -0.108399   0.006934
          p_x          -0.114867   0.007785

   21 C   s             0.000087   0.000000
          p_y          -0.247318   0.036538
          p_z          -0.116875   0.008161
          p_x          -0.123852   0.009163

   22 H   s            -0.000071   0.000000

   23 C   s             0.000023   0.000000
          p_y           0.098440   0.005770
          p_z           0.046440   0.001284
          p_x           0.049298   0.001447

   24 H   s            -0.000092   0.000000

   25 H   s             0.000107   0.000000

   26 H   s             0.000044   0.000000

   27 C   s            -0.000110   0.000000
          p_y           0.247273   0.036525
          p_z           0.116750   0.008142
          p_x           0.124026   0.009189

   28 C   s             0.000000  -0.000000
          p_y           0.135611   0.010870
          p_z           0.064054   0.002425
          p_x           0.068140   0.002744

   29 H   s             0.000042   0.000000

   30 C   s             0.000083   0.000000
          p_y          -0.135697   0.010884
          p_z          -0.064070   0.002426
          p_x          -0.067927   0.002727

   31 C   s             0.000023   0.000000
          p_y          -0.098442   0.005770
          p_z          -0.046439   0.001284
          p_x          -0.049299   0.001447

   32 H   s             0.000108   0.000000

   33 C   s            -0.000018   0.000000
          p_y           0.098382   0.005763
          p_z           0.046413   0.001283
          p_x           0.049432   0.001455

   34 H   s            -0.000031   0.000000

   35 H   s             0.000045   0.000000

   36 H   s            -0.000077   0.000000

Eigenvector:  63    (up)

    1 C   s            -0.040390   0.000695
          p_y          -0.139777   0.010145
          p_z           0.044315   0.001008
          p_x           0.237224   0.029278

    2 C   s             0.056583   0.000358
          p_y          -0.136136   0.008632
          p_z           0.023556   0.000245
          p_x           0.249534   0.029135

    3 C   s             0.040429   0.000696
          p_y          -0.139563   0.010136
          p_z           0.043762   0.001008
          p_x           0.237454   0.029285

    4 C   s             0.063979   0.000484
          p_y          -0.157202   0.011532
          p_z           0.049641   0.001150
          p_x           0.267202   0.033318

    5 C   s            -0.023984   0.000262
          p_y          -0.110933   0.006374
          p_z           0.031780   0.000502
          p_x           0.191109   0.019041

    6 H   s             0.321177   0.042832

    7 C   s            -0.056655   0.000360
          p_y          -0.148613   0.010341
          p_z           0.066190   0.002086
          p_x           0.234275   0.025583

    8 C   s            -0.063999   0.000485
          p_y          -0.157175   0.011528
          p_z           0.049617   0.001149
          p_x           0.267172   0.033309

    9 C   s            -0.040384   0.000695
          p_y          -0.139551   0.010135
          p_z           0.043753   0.001007
          p_x           0.237438   0.029282

   10 H   s             0.356086   0.052695

   11 C   s             0.030835   0.000023
          p_y          -0.085735   0.003466
          p_z          -0.011213   0.000060
          p_x           0.181790   0.015598

   12 C   s             0.024026   0.000263
          p_y          -0.112719   0.006631
          p_z           0.038676   0.000806
          p_x           0.188748   0.018473

   13 H   s            -0.321209   0.042841

   14 H   s            -0.356060   0.052688

   15 C   s             0.040427   0.000696
          p_y          -0.139761   0.010142
          p_z           0.044331   0.001009
          p_x           0.237181   0.029267

   16 C   s             0.056639   0.000359
          p_y          -0.148618   0.010342
          p_z           0.066200   0.002086
          p_x           0.234283   0.025585

   17 C   s             0.023025   0.000059
          p_y          -0.054444   0.001477
          p_z          -0.010513   0.000031
          p_x           0.118209   0.006706

   18 H   s             0.216869   0.019511

   19 C   s            -0.030849   0.000023
          p_y          -0.110615   0.005776
          p_z           0.072961   0.002517
          p_x           0.151511   0.010827

   20 C   s            -0.056570   0.000358
          p_y          -0.136056   0.008621
          p_z           0.023513   0.000244
          p_x           0.249415   0.029107

   21 C   s            -0.023916   0.000261
          p_y          -0.112710   0.006630
          p_z           0.038714   0.000808
          p_x           0.188691   0.018462

   22 H   s             0.321201   0.042839

   23 C   s            -0.023002   0.000059
          p_y          -0.072063   0.002480
          p_z           0.050302   0.001120
          p_x           0.096539   0.004611

   24 H   s             0.109592   0.005055

   25 H   s            -0.216855   0.019508

   26 H   s            -0.321028   0.042792

   27 C   s             0.024087   0.000264
          p_y          -0.110893   0.006369
          p_z           0.031848   0.000504
          p_x           0.190971   0.019013

   28 C   s             0.030928   0.000024
          p_y          -0.110678   0.005783
          p_z           0.073069   0.002524
          p_x           0.151537   0.010831

   29 H   s            -0.109559   0.005052

   30 C   s            -0.030720   0.000023
          p_y          -0.085617   0.003456
          p_z          -0.011165   0.000060
          p_x           0.181497   0.015547

   31 C   s             0.023184   0.000060
          p_y          -0.072152   0.002487
          p_z           0.050528   0.001131
          p_x           0.096494   0.004607

   32 H   s             0.216979   0.019532

   33 C   s            -0.022703   0.000056
          p_y          -0.054417   0.001476
          p_z          -0.010162   0.000028
          p_x           0.117855   0.006666

   34 H   s            -0.216489   0.019441

   35 H   s             0.109923   0.005087

   36 H   s            -0.108924   0.004993

Eigenvector:  64    (up)

    1 C   s            -0.053240   0.000780
          p_y           0.003827   0.000014
          p_z           0.005228   0.000004
          p_x          -0.012536   0.000100

    2 C   s            -0.003186  -0.000024
          p_y           0.056141   0.001612
          p_z          -0.024184   0.000351
          p_x          -0.089315   0.003900

    3 C   s            -0.052713   0.000761
          p_y          -0.009134   0.000049
          p_z           0.009758   0.000037
          p_x           0.009038   0.000066

    4 C   s             0.023947   0.000272
          p_y           0.031000   0.000492
          p_z          -0.010810   0.000061
          p_x          -0.051732   0.001368

    5 C   s            -0.121333   0.003494
          p_y          -0.000025  -0.000000
          p_z           0.061534   0.001584
          p_x          -0.057741   0.001733

    6 H   s            -0.095880   0.003693

    7 C   s            -0.004530  -0.000032
          p_y          -0.053807   0.001400
          p_z           0.010193   0.000027
          p_x           0.097784   0.004837

    8 C   s             0.023740   0.000268
          p_y          -0.030424   0.000473
          p_z           0.007932   0.000032
          p_x           0.053298   0.001452

    9 C   s            -0.050560   0.000704
          p_y           0.008408   0.000043
          p_z          -0.008811   0.000030
          p_x          -0.008481   0.000058

   10 H   s            -0.038589   0.000561

   11 C   s            -0.124046   0.001861
          p_y           0.081490   0.003212
          p_z           0.079026   0.002877
          p_x          -0.237130   0.026797

   12 C   s            -0.120537   0.003431
          p_y          -0.041543   0.000875
          p_z           0.074953   0.002509
          p_x           0.012348   0.000130

   13 H   s            -0.100445   0.004056

   14 H   s            -0.039294   0.000582

   15 C   s            -0.050833   0.000714
          p_y          -0.004033   0.000015
          p_z          -0.004403   0.000002
          p_x           0.012171   0.000094

   16 C   s            -0.003050  -0.000021
          p_y           0.050284   0.001225
          p_z          -0.010749   0.000034
          p_x          -0.090227   0.004119

   17 C   s            -0.245540   0.010508
          p_y          -0.019140   0.000151
          p_z           0.276491   0.035082
          p_x          -0.221446   0.022892

   18 H   s            -0.300826   0.038241

   19 C   s            -0.125352   0.001907
          p_y          -0.151448   0.010907
          p_z           0.152783   0.010951
          p_x           0.157954   0.012009

   20 C   s            -0.001969  -0.000014
          p_y          -0.051876   0.001376
          p_z           0.021022   0.000266
          p_x           0.083777   0.003435

   21 C   s            -0.110933   0.002913
          p_y           0.038092   0.000737
          p_z          -0.068588   0.002102
          p_x          -0.011463   0.000112

   22 H   s            -0.092487   0.003435

   23 C   s            -0.245929   0.010526
          p_y          -0.156470   0.011402
          p_z           0.320375   0.047292
          p_x           0.010570   0.000068

   24 H   s            -0.508244   0.109485

   25 H   s            -0.305791   0.039490

   26 H   s            -0.088825   0.003167

   27 C   s            -0.111600   0.002963
          p_y          -0.000102   0.000000
          p_z          -0.056075   0.001316
          p_x           0.052879   0.001456

   28 C   s            -0.114067   0.001565
          p_y           0.138855   0.009171
          p_z          -0.140157   0.009219
          p_x          -0.144732   0.010085

   29 H   s            -0.510620   0.110490

   30 C   s            -0.112732   0.001525
          p_y          -0.074378   0.002677
          p_z          -0.072779   0.002443
          p_x           0.217009   0.022451

   31 C   s            -0.225016   0.008821
          p_y           0.143117   0.009538
          p_z          -0.292878   0.039516
          p_x          -0.009847   0.000059

   32 H   s            -0.279736   0.033041

   33 C   s            -0.224128   0.008755
          p_y           0.017556   0.000127
          p_z          -0.252112   0.029165
          p_x           0.201830   0.019019

   34 H   s            -0.274599   0.031858

   35 H   s            -0.467007   0.092421

   36 H   s            -0.463770   0.091169

Eigenvector:  65    (up)

    1 C   s            -0.022904   0.000126
          p_y           0.001009   0.000001
          p_z           0.008000   0.000016
          p_x          -0.009558   0.000046

    2 C   s            -0.016858  -0.000029
          p_y           0.049901   0.001264
          p_z          -0.035602   0.000724
          p_x          -0.066067   0.002073

    3 C   s            -0.023934   0.000142
          p_y          -0.004085   0.000008
          p_z           0.008625   0.000023
          p_x           0.000038   0.000000

    4 C   s            -0.001163   0.000001
          p_y           0.008893   0.000044
          p_z          -0.034197   0.000642
          p_x           0.014525   0.000115

    5 C   s            -0.102709   0.002401
          p_y           0.001346   0.000004
          p_z           0.057170   0.001363
          p_x          -0.056395   0.001615

    6 H   s            -0.085725   0.002988

    7 C   s            -0.014073  -0.000032
          p_y          -0.033374   0.000524
          p_z          -0.008659   0.000061
          p_x           0.074780   0.002842

    8 C   s            -0.000976   0.000000
          p_y           0.011233   0.000069
          p_z          -0.033526   0.000620
          p_x           0.009218   0.000048

    9 C   s             0.027705   0.000190
          p_y          -0.006887   0.000023
          p_z           0.011074   0.000041
          p_x           0.003326   0.000011

   10 H   s             0.001427   0.000001

   11 C   s            -0.123984   0.002048
          p_y           0.078473   0.002959
          p_z           0.067881   0.002100
          p_x          -0.220601   0.023040

   12 C   s            -0.104380   0.002513
          p_y          -0.034211   0.000582
          p_z           0.067540   0.002012
          p_x           0.004692   0.000028

   13 H   s            -0.076347   0.002370

   14 H   s             0.002115   0.000002

   15 C   s             0.028477   0.000204
          p_y          -0.000016  -0.000000
          p_z           0.007868   0.000015
          p_x          -0.007385   0.000029

   16 C   s             0.017032  -0.000041
          p_y          -0.041491   0.000808
          p_z          -0.007372   0.000049
          p_x           0.089768   0.004058

   17 C   s            -0.226201   0.008814
          p_y          -0.016591   0.000115
          p_z           0.258026   0.030577
          p_x          -0.209191   0.020391

   18 H   s            -0.287301   0.034868

   19 C   s            -0.121183   0.001948
          p_y          -0.133504   0.008441
          p_z           0.133660   0.008329
          p_x           0.140205   0.009440

   20 C   s             0.014522  -0.000042
          p_y           0.050886   0.001326
          p_z          -0.035659   0.000737
          p_x          -0.067979   0.002214

   21 C   s             0.113160   0.002926
          p_y          -0.041801   0.000870
          p_z           0.076065   0.002562
          p_x           0.011830   0.000117

   22 H   s             0.093780   0.003572

   23 C   s            -0.225442   0.008788
          p_y          -0.142529   0.009448
          p_z           0.295809   0.040339
          p_x           0.005880   0.000023

   24 H   s            -0.472973   0.094643

   25 H   s            -0.276717   0.032391

   26 H   s             0.085364   0.002959

   27 C   s             0.114707   0.003041
          p_y          -0.002156  -0.000003
          p_z           0.062637   0.001640
          p_x          -0.054569   0.001519

   28 C   s             0.134714   0.002400
          p_y          -0.151288   0.010826
          p_z           0.149106   0.010360
          p_x           0.161079   0.012429

   29 H   s            -0.467904   0.092667

   30 C   s             0.131858   0.002292
          p_y           0.081287   0.003186
          p_z           0.075185   0.002582
          p_x          -0.233056   0.025770

   31 C   s             0.247359   0.010554
          p_y          -0.159408   0.011816
          p_z           0.326134   0.049015
          p_x           0.011044   0.000071

   32 H   s             0.313428   0.041493

   33 C   s             0.246009   0.010461
          p_y          -0.020639   0.000180
          p_z           0.280238   0.036077
          p_x          -0.222112   0.022993

   34 H   s             0.302646   0.038736

   35 H   s             0.516719   0.112964

   36 H   s             0.510701   0.110399

Eigenvector:  66    (up)

    1 C   s             0.032318   0.000418
          p_y           0.049242   0.001266
          p_z           0.018817   0.000107
          p_x          -0.116095   0.006581

    2 C   s            -0.094012   0.001720
          p_y           0.137618   0.008476
          p_z          -0.068617   0.002166
          p_x          -0.209960   0.019561

    3 C   s            -0.032382   0.000420
          p_y           0.071477   0.002474
          p_z          -0.057075   0.001414
          p_x          -0.088888   0.004067

    4 C   s             0.000315   0.000000
          p_y           0.015699   0.000118
          p_z          -0.053049   0.001342
          p_x           0.018733   0.000167

    5 C   s             0.058728   0.001428
          p_y           0.123172   0.007618
          p_z          -0.010585   0.000067
          p_x          -0.235523   0.027633

    6 H   s            -0.309682   0.039028

    7 C   s             0.094391   0.001730
          p_y           0.121557   0.006546
          p_z          -0.012638   0.000058
          p_x          -0.230816   0.023826

    8 C   s             0.000220   0.000000
          p_y          -0.016122   0.000124
          p_z           0.054084   0.001398
          p_x          -0.018867   0.000170

    9 C   s            -0.033189   0.000438
          p_y          -0.071415   0.002470
          p_z           0.056818   0.001403
          p_x           0.089004   0.004074

   10 H   s            -0.000061   0.000000

   11 C   s            -0.097999   0.001552
          p_y           0.144864   0.009487
          p_z          -0.015880   0.000128
          p_x          -0.274240   0.033782

   12 C   s            -0.057406   0.001379
          p_y           0.141644   0.009982
          p_z          -0.073675   0.002632
          p_x          -0.213481   0.022862

   13 H   s             0.310638   0.039271

   14 H   s            -0.000375   0.000000

   15 C   s             0.031627   0.000404
          p_y          -0.049358   0.001273
          p_z          -0.018997   0.000108
          p_x           0.116497   0.006628

   16 C   s             0.093980   0.001730
          p_y          -0.120548   0.006435
          p_z           0.012935   0.000062
          p_x           0.228530   0.023324

   17 C   s            -0.024479  -0.000021
          p_y           0.081701   0.003160
          p_z           0.032462   0.000438
          p_x          -0.193152   0.017318

   18 H   s            -0.361857   0.053242

   19 C   s             0.099902   0.001610
          p_y           0.166242   0.012409
          p_z          -0.083229   0.003048
          p_x          -0.252683   0.028845

   20 C   s            -0.094539   0.001724
          p_y          -0.139160   0.008679
          p_z           0.069648   0.002239
          p_x           0.212066   0.019969

   21 C   s            -0.060577   0.001500
          p_y          -0.140568   0.009831
          p_z           0.071588   0.002492
          p_x           0.213295   0.022799

   22 H   s             0.308332   0.038691

   23 C   s             0.027700  -0.000008
          p_y           0.121050   0.006787
          p_z          -0.099906   0.004493
          p_x          -0.147557   0.010266

   24 H   s            -0.170315   0.011738

   25 H   s             0.365947   0.054477

   26 H   s            -0.312375   0.039709

   27 C   s             0.055610   0.001313
          p_y          -0.123192   0.007630
          p_z           0.008908   0.000050
          p_x           0.237146   0.028020

   28 C   s             0.096161   0.001502
          p_y          -0.162088   0.011781
          p_z           0.079161   0.002749
          p_x           0.248242   0.027811

   29 H   s             0.177083   0.012711

   30 C   s            -0.101716   0.001662
          p_y          -0.147163   0.009800
          p_z           0.013766   0.000097
          p_x           0.280805   0.035463

   31 C   s             0.020817  -0.000031
          p_y          -0.116652   0.006303
          p_z           0.090847   0.003707
          p_x           0.147294   0.010226

   32 H   s             0.357322   0.051893

   33 C   s            -0.031126   0.000009
          p_y          -0.081132   0.003118
          p_z          -0.040050   0.000680
          p_x           0.199190   0.018420

   34 H   s            -0.370368   0.055824

   35 H   s             0.162774   0.010700

   36 H   s            -0.184215   0.013778

Eigenvector:  67    (up)

    1 C   s             0.097058   0.003454
          p_y           0.100732   0.004699
          p_z          -0.048453   0.000881
          p_x          -0.155446   0.011816

    2 C   s            -0.028792   0.000204
          p_y           0.009453   0.000033
          p_z           0.046000   0.000945
          p_x          -0.062150   0.001632

    3 C   s            -0.097100   0.003457
          p_y           0.089944   0.003994
          p_z          -0.011612   0.000122
          p_x          -0.168636   0.013281

    4 C   s            -0.195386   0.008663
          p_y           0.169938   0.012078
          p_z          -0.053599   0.001201
          p_x          -0.288878   0.034904

    5 C   s            -0.040877   0.000666
          p_y          -0.050146   0.001290
          p_z          -0.021446   0.000082
          p_x           0.120091   0.006588

    6 H   s            -0.064448   0.001634

    7 C   s             0.028943   0.000206
          p_y           0.041017   0.000714
          p_z          -0.061828   0.001674
          p_x          -0.023638   0.000219

    8 C   s             0.195415   0.008668
          p_y           0.169844   0.012064
          p_z          -0.053533   0.001198
          p_x          -0.288754   0.034872

    9 C   s             0.096932   0.003446
          p_y           0.089887   0.003989
          p_z          -0.011582   0.000121
          p_x          -0.168552   0.013268

   10 H   s            -0.436570   0.075486

   11 C   s             0.167164   0.005636
          p_y          -0.160846   0.011103
          p_z           0.055947   0.001456
          p_x           0.268332   0.030395

   12 C   s             0.040876   0.000666
          p_y          -0.074022   0.002468
          p_z           0.060573   0.001359
          p_x           0.090836   0.004134

   13 H   s             0.064586   0.001641

   14 H   s             0.436451   0.075446

   15 C   s            -0.097100   0.003456
          p_y           0.100666   0.004693
          p_z          -0.048454   0.000881
          p_x          -0.155313   0.011796

   16 C   s            -0.028821   0.000204
          p_y           0.041003   0.000714
          p_z          -0.061827   0.001674
          p_x          -0.023609   0.000218

   17 C   s             0.013698  -0.000088
          p_y          -0.078528   0.002716
          p_z          -0.061698   0.001739
          p_x           0.214372   0.020442

   18 H   s             0.399999   0.063438

   19 C   s            -0.167185   0.005637
          p_y          -0.157672   0.010466
          p_z           0.044267   0.000734
          p_x           0.272375   0.031757

   20 C   s             0.028608   0.000201
          p_y           0.009205   0.000031
          p_z           0.046078   0.000948
          p_x          -0.061730   0.001610

   21 C   s            -0.041131   0.000673
          p_y          -0.074059   0.002471
          p_z           0.060510   0.001356
          p_x           0.090968   0.004145

   22 H   s            -0.064462   0.001635

   23 C   s            -0.013712  -0.000088
          p_y          -0.134043   0.008000
          p_z           0.128593   0.007440
          p_x           0.146406   0.009461

   24 H   s             0.184296   0.013084

   25 H   s            -0.400023   0.063446

   26 H   s             0.063895   0.001606

   27 C   s             0.040805   0.000665
          p_y          -0.050231   0.001294
          p_z          -0.021468   0.000082
          p_x           0.120288   0.006610

   28 C   s             0.167077   0.005633
          p_y          -0.157512   0.010443
          p_z           0.044119   0.000728
          p_x           0.272201   0.031714

   29 H   s            -0.184340   0.013090

   30 C   s            -0.167397   0.005651
          p_y          -0.161011   0.011126
          p_z           0.055811   0.001449
          p_x           0.268776   0.030498

   31 C   s             0.013351  -0.000086
          p_y          -0.133871   0.007980
          p_z           0.128178   0.007392
          p_x           0.146439   0.009466

   32 H   s             0.399733   0.063353

   33 C   s            -0.013757  -0.000088
          p_y          -0.078510   0.002714
          p_z          -0.061792   0.001745
          p_x           0.214470   0.020462

   34 H   s            -0.400535   0.063609

   35 H   s             0.183707   0.012998

   36 H   s            -0.184558   0.013123

Eigenvector:  68    (up)

    1 C   s            -0.177383   0.006455
          p_y          -0.002519   0.000003
          p_z           0.048764   0.001364
          p_x          -0.040850   0.000987

    2 C   s            -0.086705   0.000603
          p_y           0.110589   0.005022
          p_z           0.105727   0.005964
          p_x          -0.320500   0.046110

    3 C   s            -0.177293   0.006446
          p_y          -0.028528   0.000479
          p_z           0.056848   0.001868
          p_x           0.003189   0.000008

    4 C   s            -0.201337   0.005819
          p_y           0.237523   0.024437
          p_z          -0.075000   0.002436
          p_x          -0.403727   0.070603

    5 C   s            -0.077546   0.001701
          p_y          -0.017315   0.000169
          p_z           0.087341   0.004650
          p_x          -0.047510   0.001454

    6 H   s            -0.315516   0.037824

    7 C   s            -0.087014   0.000611
          p_y          -0.201551   0.018374
          p_z           0.204189   0.020315
          p_x           0.209879   0.018507

    8 C   s            -0.201393   0.005823
          p_y          -0.237549   0.024442
          p_z           0.074969   0.002434
          p_x           0.403810   0.070631

    9 C   s            -0.177294   0.006446
          p_y           0.028516   0.000479
          p_z          -0.056859   0.001869
          p_x          -0.003156   0.000008

   10 H   s            -0.518383   0.103219

   11 C   s             0.207415   0.010955
          p_y          -0.055902   0.001272
          p_z           0.113735   0.006301
          p_x           0.004382  -0.000030

   12 C   s            -0.077475   0.001697
          p_y          -0.035458   0.000801
          p_z           0.092919   0.005318
          p_x          -0.017021   0.000152

   13 H   s            -0.315999   0.037942

   14 H   s            -0.518489   0.103261

   15 C   s            -0.177345   0.006452
          p_y           0.002509   0.000003
          p_z          -0.048772   0.001364
          p_x           0.040879   0.000988

   16 C   s            -0.086971   0.000610
          p_y           0.201516   0.018368
          p_z          -0.204183   0.020315
          p_x          -0.209820   0.018497

   17 C   s             0.026672  -0.000028
          p_y           0.006163   0.000033
          p_z          -0.046182   0.001170
          p_x           0.031146   0.000407

   18 H   s             0.174565   0.012727

   19 C   s             0.207617   0.010974
          p_y          -0.005909   0.000049
          p_z           0.098042   0.004986
          p_x          -0.080446   0.002523

   20 C   s            -0.086627   0.000601
          p_y          -0.110525   0.005016
          p_z          -0.105765   0.005968
          p_x           0.320413   0.046086

   21 C   s            -0.077406   0.001694
          p_y           0.035473   0.000802
          p_z          -0.092906   0.005317
          p_x           0.016983   0.000152

   22 H   s            -0.315917   0.037922

   23 C   s             0.026690  -0.000028
          p_y           0.022497   0.000222
          p_z          -0.051446   0.001378
          p_x           0.003541   0.000019

   24 H   s             0.060198   0.001466

   25 H   s             0.175003   0.012789

   26 H   s            -0.315373   0.037789

   27 C   s            -0.077541   0.001701
          p_y           0.017334   0.000169
          p_z          -0.087331   0.004649
          p_x           0.047460   0.001451

   28 C   s             0.207583   0.010969
          p_y           0.005901   0.000049
          p_z          -0.098012   0.004983
          p_x           0.080433   0.002522

   29 H   s             0.060429   0.001477

   30 C   s             0.207498   0.010963
          p_y           0.055965   0.001275
          p_z          -0.113712   0.006298
          p_x          -0.004524  -0.000030

   31 C   s             0.026767  -0.000028
          p_y          -0.022507   0.000223
          p_z           0.051505   0.001381
          p_x          -0.003573   0.000020

   32 H   s             0.174976   0.012785

   33 C   s             0.026640  -0.000028
          p_y          -0.006156   0.000033
          p_z           0.046172   0.001169
          p_x          -0.031165   0.000407

   34 H   s             0.174743   0.012752

   35 H   s             0.060523   0.001481

   36 H   s             0.060208   0.001467

Eigenvector:  69    (up)

    1 C   s             0.123191   0.005265
          p_y           0.083635   0.003377
          p_z          -0.025513   0.000469
          p_x          -0.143098   0.009067

    2 C   s            -0.249916   0.014366
          p_y           0.158308   0.009927
          p_z          -0.035596   0.000505
          p_x          -0.282125   0.031503

    3 C   s            -0.123813   0.005303
          p_y           0.084532   0.003123
          p_z          -0.028331   0.000185
          p_x          -0.141963   0.009589

    4 C   s             0.000778   0.000000
          p_y           0.009322   0.000031
          p_z          -0.032391   0.000370
          p_x           0.012048   0.000051

    5 C   s             0.047316   0.000756
          p_y           0.025197   0.000202
          p_z          -0.016585  -0.000072
          p_x          -0.034808   0.000702

    6 H   s            -0.442213   0.075447

    7 C   s             0.246231   0.013958
          p_y           0.165374   0.010820
          p_z          -0.066493   0.001744
          p_x          -0.267731   0.028382

    8 C   s             0.000602   0.000000
          p_y          -0.009061   0.000028
          p_z           0.031139   0.000336
          p_x          -0.011387   0.000045

    9 C   s            -0.123348   0.005277
          p_y          -0.084451   0.003114
          p_z           0.027850   0.000174
          p_x           0.142257   0.009632

   10 H   s             0.000899   0.000000

   11 C   s             0.171336   0.006006
          p_y          -0.131204   0.007051
          p_z           0.066168   0.001900
          p_x           0.199542   0.016008

   12 C   s            -0.048124   0.000776
          p_y           0.019401   0.000239
          p_z           0.003454  -0.000035
          p_x          -0.041734   0.000620

   13 H   s             0.436651   0.073544

   14 H   s             0.000583   0.000000

   15 C   s             0.123761   0.005300
          p_y          -0.083497   0.003364
          p_z           0.025013   0.000451
          p_x           0.143295   0.009099

   16 C   s             0.248573   0.014214
          p_y          -0.166680   0.010995
          p_z           0.066943   0.001769
          p_x           0.269921   0.028854

   17 C   s             0.004687  -0.000039
          p_y          -0.058961   0.001424
          p_z          -0.074443   0.002531
          p_x           0.187405   0.015004

   18 H   s             0.325453   0.040992

   19 C   s            -0.169332   0.005850
          p_y          -0.115411   0.005344
          p_z           0.012438   0.000041
          p_x           0.218187   0.019449

   20 C   s            -0.247416   0.014091
          p_y          -0.156913   0.009751
          p_z           0.035160   0.000493
          p_x           0.279758   0.030968

   21 C   s            -0.047413   0.000757
          p_y          -0.019600   0.000244
          p_z          -0.002738  -0.000029
          p_x           0.041457   0.000609

   22 H   s             0.440289   0.074784

   23 C   s            -0.004407  -0.000036
          p_y          -0.118566   0.006026
          p_z           0.129968   0.007461
          p_x           0.114201   0.005408

   24 H   s             0.160390   0.009458

   25 H   s            -0.323664   0.040527

   26 H   s            -0.438310   0.074112

   27 C   s             0.047807   0.000767
          p_y          -0.025287   0.000205
          p_z           0.017254  -0.000068
          p_x           0.034354   0.000684

   28 C   s            -0.170712   0.005959
          p_y           0.115324   0.005331
          p_z          -0.011684   0.000034
          p_x          -0.218727   0.019542

   29 H   s            -0.159905   0.009397

   30 C   s             0.170277   0.005922
          p_y           0.130995   0.007028
          p_z          -0.065326   0.001848
          p_x          -0.199907   0.016080

   31 C   s            -0.004329  -0.000036
          p_y           0.118631   0.006033
          p_z          -0.129999   0.007469
          p_x          -0.114289   0.005414

   32 H   s            -0.324844   0.040834

   33 C   s             0.004382  -0.000036
          p_y           0.058986   0.001426
          p_z           0.074171   0.002512
          p_x          -0.187236   0.014979

   34 H   s             0.324791   0.040815

   35 H   s            -0.159885   0.009396

   36 H   s             0.160044   0.009415

Eigenvector:  70    (up)

    1 C   s             0.071960   0.000649
          p_y          -0.024101   0.000349
          p_z           0.070668   0.003276
          p_x          -0.018493   0.000274

    2 C   s             0.345523   0.025524
          p_y          -0.182789   0.013473
          p_z           0.047615   0.000840
          p_x           0.319749   0.041695

    3 C   s             0.071182   0.000622
          p_y          -0.016074   0.000197
          p_z           0.068037   0.003106
          p_x          -0.032150   0.000597

    4 C   s            -0.000193   0.000000
          p_y          -0.051893   0.001373
          p_z           0.177115   0.015986
          p_x          -0.063680   0.002065

    5 C   s             0.076085   0.001108
          p_y           0.023353   0.000377
          p_z          -0.101849   0.006775
          p_x           0.049209   0.001496

    6 H   s             0.528475   0.109434

    7 C   s             0.346915   0.025738
          p_y           0.189975   0.014743
          p_z          -0.070025   0.002109
          p_x          -0.313512   0.039704

    8 C   s             0.000116   0.000000
          p_y          -0.052000   0.001378
          p_z           0.177348   0.016022
          p_x          -0.063683   0.002065

    9 C   s            -0.072059   0.000651
          p_y          -0.016650   0.000209
          p_z           0.068209   0.003116
          p_x          -0.031159   0.000564

   10 H   s            -0.000273   0.000000

   11 C   s            -0.202201   0.010343
          p_y           0.059619   0.001458
          p_z          -0.120415   0.007130
          p_x          -0.005537  -0.000039

   12 C   s             0.075792   0.001096
          p_y           0.037719   0.000889
          p_z          -0.106209   0.007312
          p_x           0.025078   0.000451

   13 H   s             0.530957   0.110455

   14 H   s             0.000152   0.000000

   15 C   s            -0.071120   0.000620
          p_y          -0.024676   0.000364
          p_z           0.070824   0.003291
          p_x          -0.017493   0.000251

   16 C   s            -0.345186   0.025472
          p_y           0.188836   0.014569
          p_z          -0.069603   0.002085
          p_x          -0.311640   0.039236

   17 C   s            -0.025802  -0.000013
          p_y          -0.001881   0.000006
          p_z           0.029350   0.000515
          p_x          -0.023862   0.000239

   18 H   s            -0.180185   0.013431

   19 C   s            -0.203174   0.010433
          p_y           0.005212   0.000044
          p_z          -0.103452   0.005613
          p_x           0.086892   0.002966

   20 C   s            -0.347231   0.025786
          p_y          -0.183864   0.013630
          p_z           0.047821   0.000847
          p_x           0.321704   0.042200

   21 C   s            -0.076094   0.001108
          p_y           0.037596   0.000883
          p_z          -0.106238   0.007307
          p_x           0.025354   0.000458

   22 H   s            -0.527914   0.109203

   23 C   s            -0.025837  -0.000014
          p_y          -0.017337   0.000133
          p_z           0.034764   0.000667
          p_x           0.001874  -0.000005

   24 H   s            -0.043997   0.000800

   25 H   s            -0.182064   0.013703

   26 H   s            -0.531507   0.110683

   27 C   s            -0.075760   0.001095
          p_y           0.023191   0.000373
          p_z          -0.101753   0.006773
          p_x           0.049439   0.001509

   28 C   s             0.202024   0.010326
          p_y           0.005996   0.000053
          p_z          -0.103534   0.005620
          p_x           0.085406   0.002864

   29 H   s            -0.044942   0.000833

   30 C   s             0.203485   0.010462
          p_y           0.060579   0.001505
          p_z          -0.120879   0.007182
          p_x          -0.007012  -0.000045

   31 C   s             0.025870  -0.000012
          p_y          -0.016532   0.000121
          p_z           0.033918   0.000638
          p_x           0.001067  -0.000003

   32 H   s             0.179861   0.013384

   33 C   s             0.025804  -0.000015
          p_y          -0.001473   0.000005
          p_z           0.029853   0.000531
          p_x          -0.025158   0.000266

   34 H   s             0.182588   0.013780

   35 H   s             0.043920   0.000798

   36 H   s             0.045098   0.000838

Eigenvector:  71    (up)

    1 C   s             0.019252   0.000031
          p_y           0.029647   0.000643
          p_z          -0.108238   0.008204
          p_x           0.042798   0.001205

    2 C   s            -0.321664   0.023793
          p_y           0.145855   0.008563
          p_z          -0.114659   0.006127
          p_x          -0.182752   0.012186

    3 C   s             0.019710   0.000034
          p_y           0.033887   0.000770
          p_z          -0.109431   0.008325
          p_x           0.035741   0.000947

    4 C   s             0.440079   0.044588
          p_y          -0.168238   0.010857
          p_z           0.053193   0.001085
          p_x           0.285916   0.031358

    5 C   s            -0.048608   0.000301
          p_y          -0.010686   0.000101
          p_z           0.051362   0.001920
          p_x          -0.027026   0.000441

    6 H   s            -0.417144   0.068665

    7 C   s            -0.322580   0.023928
          p_y          -0.101897   0.003698
          p_z          -0.036497   0.000856
          p_x           0.238109   0.022549

    8 C   s             0.440048   0.044582
          p_y           0.168216   0.010854
          p_z          -0.053181   0.001085
          p_x          -0.285885   0.031352

    9 C   s             0.019698   0.000034
          p_y          -0.033892   0.000770
          p_z           0.109436   0.008326
          p_x          -0.035733   0.000947

   10 H   s             0.566932   0.126855

   11 C   s             0.106562   0.002873
          p_y          -0.031300   0.000403
          p_z           0.065346   0.002141
          p_x           0.000917  -0.000005

   12 C   s            -0.048378   0.000296
          p_y          -0.020423   0.000262
          p_z           0.054360   0.002090
          p_x          -0.010616   0.000114

   13 H   s            -0.418814   0.069207

   14 H   s             0.566878   0.126831

   15 C   s             0.019256   0.000031
          p_y          -0.029654   0.000643
          p_z           0.108240   0.008204
          p_x          -0.042789   0.001205

   16 C   s            -0.322628   0.023935
          p_y           0.101918   0.003700
          p_z           0.036480   0.000856
          p_x          -0.238140   0.022555

   17 C   s             0.017734   0.000011
          p_y          -0.000140  -0.000000
          p_z          -0.016873   0.000161
          p_x           0.016148   0.000110

   18 H   s             0.097249   0.003895

   19 C   s             0.107155   0.002902
          p_y          -0.004069   0.000022
          p_z           0.056881   0.001734
          p_x          -0.045370   0.000805

   20 C   s            -0.321676   0.023795
          p_y          -0.145849   0.008562
          p_z           0.114645   0.006126
          p_x           0.182756   0.012186

   21 C   s            -0.048354   0.000295
          p_y           0.020438   0.000262
          p_z          -0.054375   0.002091
          p_x           0.010602   0.000114

   22 H   s            -0.418879   0.069228

   23 C   s             0.017752   0.000011
          p_y           0.011449   0.000057
          p_z          -0.020861   0.000228
          p_x          -0.003209  -0.000001

   24 H   s             0.028277   0.000326

   25 H   s             0.098344   0.003980

   26 H   s            -0.417150   0.068667

   27 C   s            -0.048624   0.000301
          p_y           0.010700   0.000101
          p_z          -0.051381   0.001922
          p_x           0.027014   0.000441

   28 C   s             0.107183   0.002904
          p_y           0.004059   0.000022
          p_z          -0.056886   0.001734
          p_x           0.045394   0.000806

   29 H   s             0.028842   0.000338

   30 C   s             0.106637   0.002877
          p_y           0.031337   0.000404
          p_z          -0.065357   0.002141
          p_x          -0.000977  -0.000005

   31 C   s             0.017795   0.000011
          p_y          -0.011461   0.000057
          p_z           0.020898   0.000229
          p_x           0.003200  -0.000001

   32 H   s             0.098383   0.003983

   33 C   s             0.017710   0.000011
          p_y           0.000140  -0.000000
          p_z           0.016857   0.000161
          p_x          -0.016139   0.000109

   34 H   s             0.097355   0.003903

   35 H   s             0.028899   0.000339

   36 H   s             0.028259   0.000325

Eigenvector:  72    (up)

    1 C   s            -0.033524   0.000368
          p_y          -0.011195   0.000006
          p_z          -0.026918   0.000743
          p_x           0.047655   0.001289

    2 C   s            -0.272994   0.016642
          p_y           0.154694   0.009075
          p_z          -0.054535   0.001047
          p_x          -0.257094   0.025426

    3 C   s             0.033595   0.000368
          p_y          -0.030773   0.000567
          p_z           0.040055   0.001344
          p_x           0.023701   0.000122

    4 C   s             0.318613   0.022510
          p_y          -0.182131   0.012717
          p_z           0.057547   0.001270
          p_x           0.309498   0.036722

    5 C   s             0.103035   0.003509
          p_y           0.046542   0.000825
          p_z           0.000199   0.000002
          p_x          -0.093176   0.004219

    6 H   s            -0.427104   0.068985

    7 C   s             0.273430   0.016694
          p_y           0.150987   0.008791
          p_z          -0.041989   0.000745
          p_x          -0.262113   0.026114

    8 C   s            -0.318583   0.022504
          p_y          -0.182165   0.012723
          p_z           0.057553   0.001270
          p_x           0.309563   0.036739

    9 C   s            -0.033582   0.000368
          p_y          -0.030749   0.000567
          p_z           0.040066   0.001345
          p_x           0.023644   0.000121

   10 H   s             0.507080   0.097279

   11 C   s             0.099725   0.001893
          p_y          -0.070740   0.001984
          p_z           0.038814   0.000598
          p_x           0.104641   0.004339

   12 C   s            -0.102946   0.003503
          p_y           0.056363   0.001589
          p_z          -0.032874   0.000825
          p_x          -0.081298   0.002645

   13 H   s             0.427756   0.069196

   14 H   s            -0.507124   0.097294

   15 C   s             0.033442   0.000366
          p_y          -0.011173   0.000006
          p_z          -0.026910   0.000743
          p_x           0.047605   0.001287

   16 C   s            -0.273455   0.016695
          p_y           0.151055   0.008799
          p_z          -0.041963   0.000744
          p_x          -0.262277   0.026148

   17 C   s             0.005751  -0.000025
          p_y          -0.032252   0.000405
          p_z          -0.059614   0.001567
          p_x           0.120270   0.005976

   18 H   s             0.173700   0.011449

   19 C   s            -0.100194   0.001913
          p_y          -0.060213   0.001436
          p_z           0.002159   0.000002
          p_x           0.117909   0.005512

   20 C   s             0.273113   0.016658
          p_y           0.154682   0.009073
          p_z          -0.054481   0.001044
          p_x          -0.257123   0.025431

   21 C   s             0.102847   0.003498
          p_y           0.056330   0.001588
          p_z          -0.032823   0.000823
          p_x          -0.081280   0.002644

   22 H   s            -0.427909   0.069245

   23 C   s            -0.005723  -0.000025
          p_y          -0.077079   0.002464
          p_z           0.093929   0.003782
          p_x           0.065353   0.001691

   24 H   s             0.107895   0.004138

   25 H   s            -0.174181   0.011514

   26 H   s             0.427195   0.069015

   27 C   s            -0.103026   0.003507
          p_y           0.046504   0.000823
          p_z           0.000299   0.000003
          p_x          -0.093192   0.004221

   28 C   s             0.100171   0.001913
          p_y          -0.060176   0.001434
          p_z           0.002169   0.000002
          p_x           0.117829   0.005504

   29 H   s            -0.107792   0.004131

   30 C   s            -0.100115   0.001909
          p_y          -0.070965   0.001997
          p_z           0.038892   0.000601
          p_x           0.105010   0.004370

   31 C   s             0.005536  -0.000024
          p_y          -0.077091   0.002465
          p_z           0.093866   0.003777
          p_x           0.065428   0.001696

   32 H   s             0.174105   0.011504

   33 C   s            -0.005551  -0.000024
          p_y          -0.032275   0.000405
          p_z          -0.059466   0.001560
          p_x           0.120201   0.005970

   34 H   s            -0.174296   0.011527

   35 H   s             0.107648   0.004119

   36 H   s            -0.107700   0.004123

Eigenvector:  73    (up)

    1 C   s            -0.006152  -0.000000
          p_y           0.040478   0.000783
          p_z          -0.156734   0.011656
          p_x           0.067027   0.002113

    2 C   s            -0.054164   0.000490
          p_y           0.124147   0.006582
          p_z          -0.220508   0.021973
          p_x          -0.039668   0.000467

    3 C   s            -0.006248   0.000000
          p_y           0.052601   0.001304
          p_z          -0.160474   0.012204
          p_x           0.046586   0.001041

    4 C   s             0.000149   0.000000
          p_y           0.056585   0.001454
          p_z          -0.192148   0.016765
          p_x           0.068487   0.002131

    5 C   s            -0.009211  -0.000060
          p_y           0.034654   0.000586
          p_z          -0.188342   0.017485
          p_x           0.108136   0.005805

    6 H   s            -0.127204   0.005751

    7 C   s            -0.054241   0.000492
          p_y          -0.006942  -0.000004
          p_z          -0.179175   0.014891
          p_x           0.182952   0.014138

    8 C   s             0.000269   0.000000
          p_y           0.056200   0.001434
          p_z          -0.192032   0.016744
          p_x           0.069147   0.002171

    9 C   s             0.005979  -0.000000
          p_y           0.052564   0.001303
          p_z          -0.160213   0.012164
          p_x           0.046412   0.001033

   10 H   s            -0.000274   0.000000

   11 C   s            -0.300025   0.020246
          p_y           0.193046   0.014379
          p_z          -0.185896   0.014273
          p_x          -0.210044   0.016022

   12 C   s            -0.009118  -0.000060
          p_y           0.079795   0.003156
          p_z          -0.202385   0.020217
          p_x           0.031838   0.000489

   13 H   s            -0.127360   0.005765

   14 H   s            -0.000111   0.000000

   15 C   s             0.005746  -0.000001
          p_y           0.040434   0.000781
          p_z          -0.156468   0.011616
          p_x           0.066867   0.002104

   16 C   s             0.054385   0.000497
          p_y          -0.006565  -0.000005
          p_z          -0.178805   0.014828
          p_x           0.181853   0.013968

   17 C   s             0.087096   0.001831
          p_y           0.003081  -0.000012
          p_z          -0.165463   0.009437
          p_x           0.149295   0.009127

   18 H   s            -0.412248   0.062758

   19 C   s            -0.299986   0.020242
          p_y          -0.112473   0.004514
          p_z          -0.089773   0.003655
          p_x           0.308533   0.036489

   20 C   s             0.054438   0.000498
          p_y           0.123564   0.006520
          p_z          -0.219859   0.021844
          p_x          -0.039117   0.000451

   21 C   s             0.008668  -0.000057
          p_y           0.079454   0.003130
          p_z          -0.201606   0.020060
          p_x           0.031784   0.000487

   22 H   s             0.126615   0.005700

   23 C   s             0.087163   0.001834
          p_y           0.102821   0.004245
          p_z          -0.196828   0.014016
          p_x          -0.019797   0.000303

   24 H   s             0.234335   0.019288

   25 H   s            -0.412186   0.062739

   26 H   s             0.126716   0.005709

   27 C   s             0.009168  -0.000059
          p_y           0.034428   0.000578
          p_z          -0.187425   0.017312
          p_x           0.107729   0.005761

   28 C   s             0.298989   0.020117
          p_y          -0.111849   0.004462
          p_z          -0.089526   0.003635
          p_x           0.307063   0.036136

   29 H   s             0.234423   0.019303

   30 C   s             0.298137   0.019991
          p_y           0.191812   0.014197
          p_z          -0.185100   0.014155
          p_x          -0.208344   0.015760

   31 C   s            -0.087330   0.001842
          p_y           0.102432   0.004211
          p_z          -0.196213   0.013927
          p_x          -0.019608   0.000297

   32 H   s             0.410417   0.062205

   33 C   s            -0.086085   0.001787
          p_y           0.003022  -0.000011
          p_z          -0.164208   0.009293
          p_x           0.148283   0.009008

   34 H   s             0.409408   0.061900

   35 H   s            -0.233908   0.019222

   36 H   s            -0.232532   0.018991

Eigenvector:  74    (up)

    1 C   s             0.067743   0.001264
          p_y          -0.018035   0.000196
          p_z           0.060587   0.001801
          p_x          -0.021168   0.000133

    2 C   s            -0.037407   0.000635
          p_y          -0.131416   0.007401
          p_z           0.139792   0.008789
          p_x           0.130386   0.006922

    3 C   s             0.067919   0.001271
          p_y          -0.017551   0.000108
          p_z           0.060452   0.001707
          p_x          -0.022094   0.000319

    4 C   s            -0.087792   0.002517
          p_y          -0.081156   0.002841
          p_z           0.025125   0.000272
          p_x           0.138379   0.008260

    5 C   s             0.040196   0.000148
          p_y          -0.033670   0.000602
          p_z           0.174144   0.015175
          p_x          -0.096798   0.004487

    6 H   s             0.130652   0.005595

    7 C   s            -0.037282   0.000632
          p_y           0.067886   0.001845
          p_z           0.076965   0.002813
          p_x          -0.208146   0.018471

    8 C   s            -0.087997   0.002527
          p_y           0.081371   0.002857
          p_z          -0.026147   0.000295
          p_x          -0.137842   0.008197

    9 C   s             0.067921   0.001270
          p_y           0.017856   0.000112
          p_z          -0.061342   0.001757
          p_x           0.022325   0.000324

   10 H   s             0.079991   0.001931

   11 C   s             0.270474   0.015859
          p_y          -0.206767   0.016468
          p_z           0.168476   0.011454
          p_x           0.253835   0.024080

   12 C   s             0.040075   0.000146
          p_y          -0.071860   0.002493
          p_z           0.186018   0.017180
          p_x          -0.032247   0.000579

   13 H   s             0.130833   0.005611

   14 H   s             0.079717   0.001917

   15 C   s             0.067760   0.001264
          p_y           0.018289   0.000201
          p_z          -0.061515   0.001856
          p_x           0.021538   0.000140

   16 C   s            -0.037090   0.000627
          p_y          -0.067784   0.001839
          p_z          -0.077952   0.002884
          p_x           0.208879   0.018601

   17 C   s            -0.097198   0.002084
          p_y          -0.006164  -0.000013
          p_z           0.197359   0.013856
          p_x          -0.173133   0.012164

   18 H   s             0.427564   0.066434

   19 C   s             0.270468   0.015860
          p_y           0.140244   0.007296
          p_z           0.059304   0.001575
          p_x          -0.335188   0.043117

   20 C   s            -0.036935   0.000624
          p_y           0.132142   0.007482
          p_z          -0.141009   0.008942
          p_x          -0.130688   0.006950

   21 C   s             0.039807   0.000140
          p_y           0.072311   0.002525
          p_z          -0.187257   0.017408
          p_x           0.032517   0.000588

   22 H   s             0.131218   0.005645

   23 C   s            -0.097298   0.002089
          p_y          -0.119659   0.005719
          p_z           0.233057   0.020024
          p_x           0.019276   0.000278

   24 H   s            -0.269535   0.025407

   25 H   s             0.427533   0.066424

   26 H   s             0.131546   0.005675

   27 C   s             0.040401   0.000150
          p_y           0.033788   0.000606
          p_z          -0.175019   0.015323
          p_x           0.097390   0.004542

   28 C   s             0.272469   0.016107
          p_y          -0.140879   0.007360
          p_z          -0.059835   0.001603
          p_x           0.336958   0.043564

   29 H   s            -0.269653   0.025430

   30 C   s             0.271273   0.015950
          p_y           0.207446   0.016579
          p_z          -0.169453   0.011592
          p_x          -0.254283   0.024162

   31 C   s            -0.098574   0.002147
          p_y           0.120414   0.005789
          p_z          -0.234691   0.020302
          p_x          -0.019255   0.000278

   32 H   s             0.430054   0.067215

   33 C   s            -0.096892   0.002067
          p_y           0.006135  -0.000013
          p_z          -0.197767   0.013913
          p_x           0.173631   0.012240

   34 H   s             0.428678   0.066783

   35 H   s            -0.271841   0.025849

   36 H   s            -0.270002   0.025492

Eigenvector:  75    (up)

    1 C   s             0.007712   0.000009
          p_y           0.019801   0.000189
          p_z          -0.000114   0.000000
          p_x          -0.039403   0.000695

    2 C   s             0.035845   0.000487
          p_y           0.022444   0.000261
          p_z          -0.032053   0.000560
          p_x          -0.014648   0.000098

    3 C   s            -0.007678   0.000009
          p_y           0.023756   0.000250
          p_z          -0.013710   0.000067
          p_x          -0.034535   0.000567

    4 C   s             0.034635   0.000280
          p_y          -0.008136   0.000023
          p_z          -0.000295  -0.000000
          p_x           0.016519   0.000084

    5 C   s            -0.259298   0.020297
          p_y          -0.054777   0.001338
          p_z           0.126794   0.007454
          p_x          -0.009950   0.000065

    6 H   s            -0.008343   0.000024

    7 C   s            -0.035834   0.000487
          p_y           0.006476   0.000018
          p_z           0.022864   0.000296
          p_x          -0.034440   0.000608

    8 C   s            -0.034682   0.000281
          p_y          -0.009865   0.000029
          p_z           0.005833   0.000006
          p_x           0.014206   0.000070

    9 C   s            -0.027774   0.000229
          p_y          -0.011781   0.000063
          p_z           0.012908   0.000080
          p_x           0.011347   0.000054

   10 H   s             0.032236   0.000380

   11 C   s             0.387183   0.040491
          p_y          -0.091825   0.002213
          p_z           0.044220   0.000321
          p_x           0.141340   0.005817

   12 C   s             0.259293   0.020296
          p_y           0.015725   0.000133
          p_z          -0.114442   0.006150
          p_x           0.076350   0.002572

   13 H   s             0.008488   0.000024

   14 H   s            -0.032160   0.000378

   15 C   s             0.027795   0.000229
          p_y          -0.005789   0.000014
          p_z          -0.007560   0.000029
          p_x           0.018697   0.000156

   16 C   s            -0.007582   0.000017
          p_y           0.002988   0.000004
          p_z          -0.009156   0.000045
          p_x           0.002661   0.000005

   17 C   s            -0.578936   0.084119
          p_y          -0.028278   0.000420
          p_z           0.404173   0.057017
          p_x          -0.323418   0.033287

   18 H   s             0.351928   0.044420

   19 C   s            -0.387084   0.040473
          p_y          -0.081773   0.001981
          p_z           0.010394   0.000083
          p_x           0.153333   0.006269

   20 C   s             0.007642   0.000017
          p_y          -0.002165   0.000003
          p_z           0.008692   0.000043
          p_x          -0.003863   0.000006

   21 C   s             0.053586   0.000859
          p_y           0.000584   0.000000
          p_z           0.019412   0.000174
          p_x          -0.019435   0.000166

   22 H   s            -0.004208   0.000006

   23 C   s             0.578877   0.084104
          p_y           0.226039   0.016474
          p_z          -0.466245   0.074261
          p_x          -0.012207  -0.000055

   24 H   s            -0.719805   0.182034

   25 H   s            -0.351749   0.044375

   26 H   s             0.004355   0.000007

   27 C   s            -0.053644   0.000861
          p_y           0.013257   0.000078
          p_z          -0.024053   0.000263
          p_x          -0.003827   0.000005

   28 C   s            -0.069377   0.001318
          p_y           0.014317   0.000059
          p_z          -0.002306   0.000004
          p_x          -0.026386   0.000180

   29 H   s             0.719677   0.181970

   30 C   s             0.069580   0.001325
          p_y           0.015880   0.000064
          p_z          -0.007448   0.000008
          p_x          -0.024635   0.000172

   31 C   s             0.108244   0.002923
          p_y          -0.044389   0.000641
          p_z           0.090407   0.002811
          p_x           0.003474  -0.000002

   32 H   s            -0.062394   0.001395

   33 C   s            -0.108353   0.002928
          p_y           0.004864   0.000013
          p_z          -0.078225   0.002150
          p_x           0.063838   0.001311

   34 H   s             0.062580   0.001403

   35 H   s             0.137605   0.006643

   36 H   s            -0.137964   0.006678

Eigenvector:  76    (up)

    1 C   s             0.027021   0.000229
          p_y          -0.001407   0.000002
          p_z           0.007671   0.000035
          p_x          -0.004443   0.000009

    2 C   s            -0.006195   0.000019
          p_y          -0.006441   0.000019
          p_z           0.002846   0.000004
          p_x           0.010190   0.000046

    3 C   s            -0.026731   0.000224
          p_y           0.003510   0.000006
          p_z          -0.008998   0.000045
          p_x           0.001493   0.000002

    4 C   s            -0.050929   0.000605
          p_y           0.013787   0.000060
          p_z          -0.006700   0.000011
          p_x          -0.021217   0.000149

    5 C   s             0.043962   0.000590
          p_y           0.007208   0.000023
          p_z          -0.023919   0.000270
          p_x           0.008112   0.000034

    6 H   s             0.007885   0.000022

    7 C   s             0.005690   0.000016
          p_y          -0.005469   0.000013
          p_z           0.000472   0.000000
          p_x           0.010465   0.000050

    8 C   s             0.050621   0.000597
          p_y           0.012865   0.000056
          p_z          -0.002594   0.000004
          p_x          -0.023240   0.000171

    9 C   s             0.002711   0.000006
          p_y          -0.020693   0.000189
          p_z           0.008971   0.000023
          p_x           0.032892   0.000523

   10 H   s            -0.046947   0.000806

   11 C   s            -0.076656   0.001567
          p_y           0.018687   0.000094
          p_z          -0.009456   0.000016
          p_x          -0.028337   0.000238

   12 C   s            -0.043718   0.000584
          p_y          -0.006718   0.000023
          p_z           0.023710   0.000268
          p_x          -0.008919   0.000035

   13 H   s            -0.007679   0.000021

   14 H   s             0.047250   0.000816

   15 C   s            -0.002644   0.000005
          p_y          -0.018816   0.000174
          p_z           0.002306   0.000006
          p_x           0.035365   0.000560

   16 C   s            -0.035601   0.000489
          p_y          -0.007952   0.000027
          p_z          -0.021730   0.000267
          p_x           0.036320   0.000667

   17 C   s             0.109862   0.003049
          p_y           0.005827   0.000017
          p_z          -0.073877   0.001891
          p_x           0.057804   0.001049

   18 H   s            -0.070020   0.001761

   19 C   s             0.076734   0.001569
          p_y           0.016777   0.000085
          p_z          -0.001799   0.000003
          p_x          -0.031771   0.000277

   20 C   s             0.036022   0.000498
          p_y          -0.022849   0.000268
          p_z           0.030272   0.000501
          p_x           0.017135   0.000134

   21 C   s             0.257564   0.020036
          p_y          -0.016857   0.000152
          p_z           0.114523   0.006166
          p_x          -0.074174   0.002428

   22 H   s             0.010784   0.000040

   23 C   s            -0.110052   0.003058
          p_y          -0.040793   0.000531
          p_z           0.085290   0.002466
          p_x           0.001125  -0.000001

   24 H   s             0.133118   0.006235

   25 H   s             0.070653   0.001791

   26 H   s            -0.010061   0.000034

   27 C   s            -0.257912   0.020092
          p_y           0.053771   0.001289
          p_z          -0.127629   0.007558
          p_x           0.012753   0.000100

   28 C   s            -0.387957   0.040621
          p_y           0.082152   0.002003
          p_z          -0.010806   0.000088
          p_x          -0.153692   0.006300

   29 H   s            -0.133657   0.006285

   30 C   s             0.388963   0.040824
          p_y           0.092509   0.002252
          p_z          -0.045487   0.000352
          p_x          -0.141550   0.005831

   31 C   s             0.578915   0.084148
          p_y          -0.225254   0.016345
          p_z           0.464692   0.073711
          p_x           0.012062  -0.000054

   32 H   s            -0.352571   0.044581

   33 C   s            -0.579429   0.084269
          p_y           0.028500   0.000426
          p_z          -0.404002   0.056939
          p_x           0.322962   0.033176

   34 H   s             0.353350   0.044781

   35 H   s             0.718232   0.181235

   36 H   s            -0.719959   0.182097

Eigenvector:  77    (up)

    1 C   s             0.054666   0.000854
          p_y           0.101942   0.004320
          p_z          -0.372599   0.059781
          p_x           0.148025   0.009884

    2 C   s            -0.162147   0.007155
          p_y          -0.015043   0.000085
          p_z          -0.228892   0.021813
          p_x           0.246066   0.024917

    3 C   s             0.054294   0.000842
          p_y           0.118160   0.006228
          p_z          -0.377542   0.061777
          p_x           0.120654   0.005948

    4 C   s            -0.000051   0.000000
          p_y           0.095944   0.003833
          p_z          -0.326871   0.044495
          p_x           0.117153   0.005716

    5 C   s             0.089271   0.002140
          p_y           0.038702   0.000500
          p_z          -0.141893   0.008078
          p_x           0.056277   0.001563

    6 H   s             0.050531   0.000513

    7 C   s            -0.162000   0.007143
          p_y           0.166005   0.011354
          p_z          -0.285817   0.033891
          p_x          -0.061664   0.001519

    8 C   s             0.000120   0.000000
          p_y           0.095879   0.003828
          p_z          -0.326849   0.044488
          p_x           0.117263   0.005727

    9 C   s            -0.054267   0.000842
          p_y           0.118185   0.006231
          p_z          -0.377511   0.061767
          p_x           0.120573   0.005939

   10 H   s            -0.000059   0.000000

   11 C   s            -0.041090   0.000642
          p_y          -0.114374   0.004690
          p_z          -0.070786   0.002421
          p_x           0.294806   0.033611

   12 C   s             0.089499   0.002150
          p_y           0.044776   0.000944
          p_z          -0.143728   0.008548
          p_x           0.046156   0.000645

   13 H   s             0.050559   0.000514

   14 H   s            -0.000002  -0.000000

   15 C   s            -0.054749   0.000856
          p_y           0.101960   0.004322
          p_z          -0.372512   0.059753
          p_x           0.147909   0.009869

   16 C   s             0.162108   0.007153
          p_y           0.166014   0.011355
          p_z          -0.285686   0.033858
          p_x          -0.061806   0.001527

   17 C   s            -0.078029   0.000858
          p_y           0.002772   0.000005
          p_z           0.142931   0.007565
          p_x          -0.139876   0.007414

   18 H   s             0.203388   0.012646

   19 C   s            -0.041025   0.000641
          p_y           0.183352   0.013098
          p_z          -0.164470   0.011446
          p_x          -0.210610   0.016188

   20 C   s             0.162069   0.007148
          p_y          -0.015098   0.000086
          p_z          -0.228841   0.021805
          p_x           0.246131   0.024929

   21 C   s            -0.089844   0.002168
          p_y           0.044738   0.000943
          p_z          -0.143696   0.008544
          p_x           0.046206   0.000647

   22 H   s            -0.050585   0.000515

   23 C   s            -0.078094   0.000860
          p_y          -0.095282   0.003431
          p_z           0.173651   0.011239
          p_x           0.026573   0.000290

   24 H   s            -0.187209   0.011600

   25 H   s             0.203437   0.012653

   26 H   s            -0.050637   0.000516

   27 C   s            -0.088879   0.002120
          p_y           0.038606   0.000497
          p_z          -0.141578   0.008041
          p_x           0.056168   0.001558

   28 C   s             0.041363   0.000650
          p_y           0.183278   0.013088
          p_z          -0.164368   0.011432
          p_x          -0.210559   0.016184

   29 H   s            -0.187125   0.011590

   30 C   s             0.040651   0.000631
          p_y          -0.114484   0.004699
          p_z          -0.070536   0.002406
          p_x           0.294799   0.033604

   31 C   s             0.077590   0.000845
          p_y          -0.095060   0.003416
          p_z           0.173300   0.011197
          p_x           0.026466   0.000287

   32 H   s            -0.203181   0.012618

   33 C   s             0.078583   0.000874
          p_y           0.002734   0.000004
          p_z           0.143449   0.007618
          p_x          -0.140324   0.007459

   34 H   s            -0.203689   0.012686

   35 H   s             0.186542   0.011517

   36 H   s             0.188094   0.011711

Eigenvector:  78    (up)

    1 C   s             0.541257   0.075461
          p_y           0.173104   0.013097
          p_z          -0.037177   0.000582
          p_x          -0.310709   0.042372

    2 C   s             0.030340   0.000097
          p_y           0.021942   0.000324
          p_z          -0.149160   0.011689
          p_x           0.096932   0.004311

    3 C   s            -0.541273   0.075468
          p_y           0.184604   0.014966
          p_z          -0.076169   0.002590
          p_x          -0.296764   0.038519

    4 C   s             0.000208   0.000000
          p_y          -0.055773   0.001604
          p_z           0.190583   0.018714
          p_x          -0.068594   0.002422

    5 C   s            -0.378528   0.037183
          p_y          -0.112495   0.005486
          p_z          -0.003203   0.000009
          p_x           0.227561   0.022752

    6 H   s             0.046597   0.000731

    7 C   s            -0.030413   0.000097
          p_y          -0.069805   0.002290
          p_z           0.163853   0.013747
          p_x          -0.015206   0.000208

    8 C   s             0.000169   0.000000
          p_y           0.055780   0.001604
          p_z          -0.190623   0.018721
          p_x           0.068618   0.002423

    9 C   s            -0.541292   0.075474
          p_y          -0.184576   0.014961
          p_z           0.076119   0.002587
          p_x           0.296759   0.038518

   10 H   s            -0.000112   0.000000

   11 C   s            -0.034349   0.000135
          p_y           0.006219  -0.000011
          p_z           0.071035   0.002857
          p_x          -0.079289   0.002731

   12 C   s             0.378663   0.037209
          p_y          -0.137357   0.008304
          p_z           0.081444   0.003015
          p_x           0.197188   0.016897

   13 H   s            -0.046587   0.000731

   14 H   s            -0.000137   0.000000

   15 C   s             0.541260   0.075462
          p_y          -0.173075   0.013093
          p_z           0.037118   0.000580
          p_x           0.310709   0.042372

   16 C   s            -0.030355   0.000097
          p_y           0.069832   0.002292
          p_z          -0.163876   0.013750
          p_x           0.015172   0.000207

   17 C   s             0.200977   0.010395
          p_y           0.055450   0.001324
          p_z          -0.008400   0.000002
          p_x          -0.102592   0.004865

   18 H   s            -0.056224   0.001048

   19 C   s             0.034203   0.000133
          p_y           0.053686   0.001289
          p_z          -0.090203   0.004273
          p_x          -0.022135   0.000073

   20 C   s             0.030335   0.000097
          p_y          -0.021951   0.000324
          p_z           0.149131   0.011685
          p_x          -0.096889   0.004308

   21 C   s             0.378569   0.037190
          p_y           0.137358   0.008305
          p_z          -0.081465   0.003017
          p_x          -0.197172   0.016894

   22 H   s            -0.046591   0.000731

   23 C   s            -0.201151   0.010409
          p_y           0.061075   0.001742
          p_z          -0.028027   0.000455
          p_x          -0.095396   0.003970

   24 H   s             0.052695   0.001188

   25 H   s             0.056575   0.001061

   26 H   s             0.046568   0.000730

   27 C   s            -0.378452   0.037168
          p_y           0.112485   0.005485
          p_z           0.003232   0.000009
          p_x          -0.227571   0.022754

   28 C   s             0.034273   0.000134
          p_y          -0.053662   0.001288
          p_z           0.090181   0.004271
          p_x           0.022107   0.000073

   29 H   s            -0.053019   0.001201

   30 C   s            -0.034405   0.000136
          p_y          -0.006253  -0.000011
          p_z          -0.070984   0.002853
          p_x           0.079314   0.002732

   31 C   s            -0.201183   0.010413
          p_y          -0.061055   0.001741
          p_z           0.028019   0.000454
          p_x           0.095365   0.003968

   32 H   s             0.056582   0.001061

   33 C   s             0.201034   0.010400
          p_y          -0.055450   0.001324
          p_z           0.008489   0.000002
          p_x           0.102498   0.004857

   34 H   s            -0.056287   0.001051

   35 H   s            -0.053051   0.001203

   36 H   s             0.052836   0.001194

Eigenvector:  79    (up)

    1 C   s             0.184719   0.008100
          p_y           0.123392   0.006633
          p_z          -0.147199   0.009536
          p_x          -0.107485   0.004967

    2 C   s            -0.004194  -0.000026
          p_y           0.068352   0.002181
          p_z          -0.159294   0.012304
          p_x           0.013809   0.000127

    3 C   s            -0.184778   0.008105
          p_y           0.053209   0.001211
          p_z           0.091884   0.003750
          p_x          -0.193086   0.016223

    4 C   s             0.159104   0.004189
          p_y          -0.053464   0.001011
          p_z           0.016960   0.000102
          p_x           0.090783   0.002915

    5 C   s            -0.535408   0.073256
          p_y          -0.152908   0.010147
          p_z           0.104590   0.004661
          p_x           0.206734   0.018709

    6 H   s            -0.032497   0.000361

    7 C   s             0.004453  -0.000027
          p_y          -0.020765   0.000240
          p_z           0.144570   0.010255
          p_x          -0.094924   0.004162

    8 C   s            -0.159228   0.004197
          p_y          -0.053364   0.001007
          p_z           0.016967   0.000102
          p_x           0.090577   0.002901

    9 C   s             0.184890   0.008116
          p_y           0.053282   0.001214
          p_z           0.091726   0.003737
          p_x          -0.193082   0.016222

   10 H   s             0.143364   0.007087

   11 C   s             0.076102   0.001473
          p_y          -0.033633   0.000603
          p_z           0.187109   0.017074
          p_x          -0.109086   0.005470

   12 C   s             0.535270   0.073218
          p_y          -0.116733   0.005976
          p_z          -0.019425   0.000145
          p_x           0.251087   0.027394

   13 H   s             0.032582   0.000363

   14 H   s            -0.143263   0.007079

   15 C   s            -0.184786   0.008106
          p_y           0.123446   0.006639
          p_z          -0.147360   0.009557
          p_x          -0.107439   0.004963

   16 C   s            -0.004497  -0.000027
          p_y          -0.020768   0.000240
          p_z           0.144429   0.010238
          p_x          -0.094787   0.004151

   17 C   s             0.375368   0.034419
          p_y           0.127152   0.007043
          p_z          -0.041463   0.000592
          p_x          -0.214388   0.020788

   18 H   s             0.007043   0.000033

   19 C   s            -0.075989   0.001468
          p_y           0.079976   0.002974
          p_z          -0.201505   0.019592
          p_x           0.030228   0.000525

   20 C   s             0.004215  -0.000026
          p_y           0.068434   0.002185
          p_z          -0.159475   0.012330
          p_x           0.013816   0.000127

   21 C   s            -0.535239   0.073208
          p_y          -0.116683   0.005971
          p_z          -0.019611   0.000147
          p_x           0.251165   0.027410

   22 H   s            -0.032535   0.000362

   23 C   s            -0.375263   0.034404
          p_y           0.126271   0.007254
          p_z          -0.038407   0.000817
          p_x          -0.215616   0.020378

   24 H   s             0.095465   0.003908

   25 H   s            -0.007228   0.000034

   26 H   s             0.032555   0.000362

   27 C   s             0.535292   0.073224
          p_y          -0.152845   0.010139
          p_z           0.104293   0.004635
          p_x           0.206891   0.018736

   28 C   s             0.075941   0.001466
          p_y           0.080120   0.002984
          p_z          -0.201688   0.019625
          p_x           0.030114   0.000522

   29 H   s            -0.095258   0.003894

   30 C   s            -0.075950   0.001467
          p_y          -0.033655   0.000604
          p_z           0.186896   0.017038
          p_x          -0.108846   0.005448

   31 C   s             0.375402   0.034428
          p_y           0.126169   0.007243
          p_z          -0.038295   0.000813
          p_x          -0.215522   0.020361

   32 H   s             0.007062   0.000033

   33 C   s            -0.375361   0.034419
          p_y           0.127176   0.007046
          p_z          -0.041502   0.000593
          p_x          -0.214381   0.020787

   34 H   s            -0.007099   0.000033

   35 H   s             0.095437   0.003906

   36 H   s            -0.095517   0.003912

Eigenvector:  80    (up)

    1 C   s             0.007871  -0.000001
          p_y           0.040166   0.000734
          p_z          -0.227874   0.021504
          p_x           0.134844   0.007088

    2 C   s            -0.036117   0.000282
          p_y           0.113918   0.004778
          p_z          -0.254682   0.025302
          p_x           0.012980   0.000130

    3 C   s             0.007871  -0.000001
          p_y           0.098602   0.003831
          p_z          -0.246091   0.024798
          p_x           0.035550   0.000625

    4 C   s             0.139343   0.005152
          p_y           0.168123   0.010222
          p_z          -0.053080   0.001020
          p_x          -0.285679   0.029511

    5 C   s             0.086008   0.001811
          p_y           0.079514   0.002425
          p_z          -0.331732   0.044241
          p_x           0.153689   0.009945

    6 H   s            -0.080703   0.002004

    7 C   s            -0.035486   0.000272
          p_y           0.027548   0.000379
          p_z          -0.227424   0.020571
          p_x           0.159684   0.009254

    8 C   s             0.139735   0.005182
          p_y          -0.168217   0.010235
          p_z           0.053198   0.001024
          p_x           0.285755   0.029531

    9 C   s             0.008597   0.000000
          p_y          -0.098736   0.003842
          p_z           0.246431   0.024867
          p_x          -0.035603   0.000627

   10 H   s            -0.171375   0.007769

   11 C   s            -0.117274   0.003585
          p_y          -0.089251   0.002527
          p_z          -0.194774   0.016020
          p_x           0.361354   0.048381

   12 C   s             0.085415   0.001784
          p_y           0.118223   0.005827
          p_z          -0.343697   0.047841
          p_x           0.088237   0.002905

   13 H   s            -0.080392   0.001987

   14 H   s            -0.171273   0.007757

   15 C   s             0.007192  -0.000002
          p_y          -0.040184   0.000735
          p_z           0.227811   0.021491
          p_x          -0.134752   0.007078

   16 C   s            -0.036137   0.000282
          p_y          -0.027696   0.000383
          p_z           0.227768   0.020638
          p_x          -0.159717   0.009257

   17 C   s            -0.112297   0.001840
          p_y           0.026572   0.000278
          p_z           0.105521   0.003876
          p_x          -0.152184   0.008426

   18 H   s             0.173515   0.008054

   19 C   s            -0.116873   0.003563
          p_y           0.232890   0.020274
          p_z          -0.295822   0.035029
          p_x          -0.185804   0.011535

   20 C   s            -0.035641   0.000275
          p_y          -0.113751   0.004764
          p_z           0.254392   0.025241
          p_x          -0.013042   0.000131

   21 C   s             0.085272   0.001780
          p_y          -0.118523   0.005857
          p_z           0.343827   0.047876
          p_x          -0.087765   0.002871

   22 H   s            -0.080623   0.002000

   23 C   s            -0.111800   0.001820
          p_y          -0.100021   0.003629
          p_z           0.145139   0.007453
          p_x           0.062846   0.001509

   24 H   s            -0.177227   0.010056

   25 H   s             0.173682   0.008073

   26 H   s            -0.080354   0.001986

   27 C   s             0.086173   0.001817
          p_y          -0.079765   0.002442
          p_z           0.331640   0.044218
          p_x          -0.153102   0.009869

   28 C   s            -0.117314   0.003588
          p_y          -0.232872   0.020271
          p_z           0.295780   0.035016
          p_x           0.185806   0.011538

   29 H   s            -0.176962   0.010024

   30 C   s            -0.116891   0.003564
          p_y           0.089373   0.002534
          p_z           0.194579   0.015992
          p_x          -0.361423   0.048397

   31 C   s            -0.111487   0.001805
          p_y           0.100048   0.003631
          p_z          -0.145285   0.007471
          p_x          -0.062768   0.001505

   32 H   s             0.173473   0.008050

   33 C   s            -0.112618   0.001854
          p_y          -0.026542   0.000277
          p_z          -0.105654   0.003884
          p_x           0.152280   0.008435

   34 H   s             0.173794   0.008083

   35 H   s            -0.176897   0.010015

   36 H   s            -0.177579   0.010096

Eigenvector:  81    (up)

    1 C   s             0.440087   0.054153
          p_y          -0.048393   0.000961
          p_z          -0.065900   0.001765
          p_x           0.158613   0.010285

    2 C   s            -0.405484   0.038605
          p_y           0.052647   0.000789
          p_z          -0.166617   0.011476
          p_x           0.052374   0.001843

    3 C   s            -0.439909   0.054114
          p_y          -0.100838   0.004155
          p_z           0.113402   0.005241
          p_x           0.094416   0.003654

    4 C   s            -0.374472   0.036020
          p_y          -0.026912   0.000488
          p_z           0.009070   0.000054
          p_x           0.045249   0.001385

    5 C   s             0.062598   0.001737
          p_y          -0.134367   0.007701
          p_z          -0.025752   0.000194
          p_x           0.292066   0.035438

    6 H   s            -0.193882   0.013395

    7 C   s             0.405339   0.038575
          p_y          -0.044608   0.001186
          p_z           0.164601   0.011973
          p_x          -0.066508   0.001040

    8 C   s             0.374491   0.036022
          p_y          -0.026527   0.000477
          p_z           0.008407   0.000048
          p_x           0.045105   0.001379

    9 C   s             0.438716   0.053837
          p_y          -0.100969   0.004167
          p_z           0.113302   0.005232
          p_x           0.094771   0.003682

   10 H   s            -0.141054   0.007232

   11 C   s            -0.257449   0.013647
          p_y           0.056194   0.001049
          p_z          -0.132853   0.006825
          p_x           0.013078   0.000146

   12 C   s            -0.062528   0.001734
          p_y          -0.178227   0.013153
          p_z           0.124785   0.006123
          p_x           0.238232   0.024083

   13 H   s             0.193928   0.013400

   14 H   s             0.141358   0.007260

   15 C   s            -0.439210   0.053949
          p_y          -0.048608   0.000970
          p_z          -0.066241   0.001783
          p_x           0.159365   0.010385

   16 C   s            -0.405007   0.038494
          p_y          -0.044382   0.001176
          p_z           0.164219   0.011919
          p_x          -0.066598   0.001045

   17 C   s            -0.130607   0.003196
          p_y          -0.089516   0.003600
          p_z           0.148333   0.008796
          p_x           0.038932   0.000950

   18 H   s            -0.138215   0.006826

   19 C   s             0.257491   0.013652
          p_y          -0.018530   0.000201
          p_z           0.121354   0.005953
          p_x          -0.077441   0.001906

   20 C   s             0.405610   0.038612
          p_y           0.052927   0.000798
          p_z          -0.166958   0.011521
          p_x           0.052138   0.001830

   21 C   s             0.061134   0.001673
          p_y          -0.177878   0.013102
          p_z           0.123653   0.006011
          p_x           0.238603   0.024157

   22 H   s            -0.193911   0.013398

   23 C   s             0.130857   0.003208
          p_y          -0.011932   0.000121
          p_z          -0.116521   0.005068
          p_x           0.133431   0.008150

   24 H   s            -0.113170   0.004316

   25 H   s             0.137867   0.006796

   26 H   s             0.194186   0.013436

   27 C   s            -0.061625   0.001695
          p_y          -0.134563   0.007724
          p_z          -0.025362   0.000187
          p_x           0.292090   0.035449

   28 C   s            -0.256401   0.013532
          p_y          -0.018006   0.000191
          p_z           0.120200   0.005837
          p_x          -0.077402   0.001903

   29 H   s             0.113455   0.004338

   30 C   s             0.256888   0.013589
          p_y           0.055794   0.001033
          p_z          -0.132238   0.006758
          p_x           0.013302   0.000149

   31 C   s            -0.129537   0.003138
          p_y          -0.011552   0.000115
          p_z          -0.116348   0.005055
          p_x           0.132518   0.008041

   32 H   s            -0.137652   0.006771

   33 C   s             0.129504   0.003134
          p_y          -0.088968   0.003557
          p_z           0.148341   0.008795
          p_x           0.037813   0.000905

   34 H   s             0.137610   0.006769

   35 H   s            -0.112945   0.004296

   36 H   s             0.113240   0.004318

Eigenvector:  82    (up)

    1 C   s             0.310924   0.023919
          p_y           0.066630   0.001900
          p_z           0.028735   0.000358
          p_x          -0.160280   0.011015

    2 C   s            -0.014954   0.000244
          p_y          -0.048098   0.000954
          p_z           0.007768   0.000020
          p_x           0.088778   0.003301

    3 C   s            -0.309939   0.023762
          p_y           0.099115   0.004214
          p_z          -0.080867   0.002813
          p_x          -0.121536   0.006326

    4 C   s            -0.000082   0.000000
          p_y          -0.053447   0.001291
          p_z           0.182110   0.014990
          p_x          -0.065233   0.001923

    5 C   s             0.353922   0.032589
          p_y           0.084018   0.003056
          p_z          -0.226000   0.021225
          p_x           0.045074   0.000713

    6 H   s             0.053142   0.000907

    7 C   s             0.013695   0.000219
          p_y          -0.052852   0.001172
          p_z           0.024202   0.000259
          p_x           0.082632   0.002821

    8 C   s            -0.001304   0.000000
          p_y           0.053517   0.001296
          p_z          -0.182099   0.014990
          p_x           0.065082   0.001912

    9 C   s            -0.311318   0.023988
          p_y          -0.098799   0.004188
          p_z           0.080569   0.002793
          p_x           0.121188   0.006291

   10 H   s             0.000010  -0.000000

   11 C   s            -0.228532   0.010760
          p_y           0.077092   0.002448
          p_z          -0.246957   0.027003
          p_x           0.078752   0.003119

   12 C   s            -0.353237   0.032461
          p_y          -0.044532   0.000745
          p_z           0.213975   0.018809
          p_x          -0.112741   0.005572

   13 H   s            -0.053543   0.000922

   14 H   s            -0.000458   0.000000

   15 C   s             0.312327   0.024150
          p_y          -0.066473   0.001891
          p_z          -0.028488   0.000352
          p_x           0.159735   0.010942

   16 C   s             0.014940   0.000243
          p_y           0.052960   0.001178
          p_z          -0.024705   0.000270
          p_x          -0.082374   0.002807

   17 C   s            -0.414801   0.039905
          p_y          -0.174941   0.013295
          p_z           0.091098   0.003352
          p_x           0.262971   0.030732

   18 H   s            -0.112588   0.004653

   19 C   s             0.227983   0.010704
          p_y          -0.066633   0.002155
          p_z           0.243781   0.026711
          p_x          -0.096659   0.003739

   20 C   s            -0.016293   0.000271
          p_y           0.047964   0.000950
          p_z          -0.007244   0.000017
          p_x          -0.089007   0.003322

   21 C   s            -0.353450   0.032513
          p_y           0.045099   0.000765
          p_z          -0.214399   0.018882
          p_x           0.112011   0.005501

   22 H   s            -0.052905   0.000899

   23 C   s             0.415126   0.039968
          p_y          -0.151594   0.010256
          p_z           0.011794   0.000100
          p_x           0.291142   0.036947

   24 H   s            -0.110848   0.005159

   25 H   s             0.112225   0.004624

   26 H   s             0.052553   0.000886

   27 C   s             0.354155   0.032645
          p_y          -0.083591   0.003025
          p_z           0.226037   0.021229
          p_x          -0.045959   0.000744

   28 C   s             0.228755   0.010775
          p_y           0.066702   0.002160
          p_z          -0.244235   0.026806
          p_x           0.096953   0.003760

   29 H   s             0.110953   0.005168

   30 C   s            -0.229350   0.010837
          p_y          -0.077249   0.002457
          p_z           0.247336   0.027082
          p_x          -0.078804   0.003124

   31 C   s             0.415713   0.040074
          p_y           0.151634   0.010264
          p_z          -0.011416   0.000095
          p_x          -0.291583   0.037062

   32 H   s             0.112657   0.004659

   33 C   s            -0.415367   0.040004
          p_y           0.175287   0.013349
          p_z          -0.091713   0.003396
          p_x          -0.263060   0.030761

   34 H   s            -0.113005   0.004687

   35 H   s             0.111397   0.005205

   36 H   s            -0.111396   0.005205

Eigenvector:  83    (up)

    1 C   s            -0.383384   0.038933
          p_y           0.138065   0.008819
          p_z          -0.076808   0.002653
          p_x          -0.203012   0.019259

    2 C   s             0.461914   0.051864
          p_y           0.018218   0.000302
          p_z           0.000664  -0.000002
          p_x          -0.037246   0.001151

    3 C   s            -0.383851   0.039015
          p_y          -0.115588   0.006261
          p_z           0.002435   0.000006
          p_x           0.228602   0.024223

    4 C   s             0.546536   0.072639
          p_y           0.026758   0.000577
          p_z          -0.008272   0.000056
          p_x          -0.045711   0.001681

    5 C   s            -0.271454   0.019544
          p_y           0.116627   0.006240
          p_z          -0.117396   0.006101
          p_x          -0.121882   0.007032

    6 H   s             0.183740   0.012297

    7 C   s             0.460759   0.051635
          p_y          -0.022670   0.000419
          p_z           0.013275   0.000114
          p_x           0.032528   0.000936

    8 C   s             0.546373   0.072595
          p_y          -0.026757   0.000577
          p_z           0.008288   0.000056
          p_x           0.045691   0.001680

    9 C   s            -0.384006   0.039047
          p_y           0.115627   0.006265
          p_z          -0.002446   0.000006
          p_x          -0.228668   0.024236

   10 H   s             0.214059   0.016760

   11 C   s             0.254501   0.015891
          p_y           0.006419   0.000052
          p_z           0.007069   0.000008
          p_x          -0.019616   0.000338

   12 C   s            -0.272396   0.019669
          p_y          -0.063974   0.001957
          p_z          -0.060000   0.001516
          p_x           0.184475   0.015673

   13 H   s             0.182942   0.012193

   14 H   s             0.213993   0.016749

   15 C   s            -0.383219   0.038898
          p_y          -0.138041   0.008816
          p_z           0.076847   0.002656
          p_x           0.202929   0.019244

   16 C   s             0.460895   0.051665
          p_y           0.022670   0.000419
          p_z          -0.013325   0.000114
          p_x          -0.032482   0.000934

   17 C   s            -0.110099   0.003120
          p_y           0.061777   0.001743
          p_z          -0.104161   0.004857
          p_x          -0.025227   0.000313

   18 H   s             0.103470   0.003861

   19 C   s             0.254482   0.015888
          p_y          -0.012583   0.000133
          p_z           0.013428   0.000097
          p_x           0.012235   0.000174

   20 C   s             0.461738   0.051825
          p_y          -0.018221   0.000302
          p_z          -0.000605  -0.000001
          p_x           0.037196   0.001149

   21 C   s            -0.272438   0.019676
          p_y           0.064039   0.001960
          p_z           0.059940   0.001513
          p_x          -0.184549   0.015685

   22 H   s             0.183028   0.012204

   23 C   s            -0.109072   0.003063
          p_y          -0.007726   0.000032
          p_z          -0.081989   0.002980
          p_x           0.092569   0.003924

   24 H   s            -0.013086   0.000092

   25 H   s             0.103450   0.003860

   26 H   s             0.183681   0.012288

   27 C   s            -0.271409   0.019537
          p_y          -0.116578   0.006235
          p_z           0.117383   0.006100
          p_x           0.121799   0.007023

   28 C   s             0.254560   0.015897
          p_y           0.012598   0.000133
          p_z          -0.013509   0.000098
          p_x          -0.012189   0.000173

   29 H   s            -0.013092   0.000092

   30 C   s             0.254416   0.015881
          p_y          -0.006432   0.000052
          p_z          -0.007032   0.000008
          p_x           0.019606   0.000338

   31 C   s            -0.108948   0.003057
          p_y           0.007731   0.000032
          p_z           0.082037   0.002983
          p_x          -0.092626   0.003929

   32 H   s             0.103496   0.003863

   33 C   s            -0.110223   0.003126
          p_y          -0.061723   0.001740
          p_z           0.104045   0.004847
          p_x           0.025230   0.000313

   34 H   s             0.103433   0.003858

   35 H   s            -0.013012   0.000091

   36 H   s            -0.013224   0.000094

Eigenvector:  84    (up)

    1 C   s             0.112863   0.001613
          p_y           0.269864   0.029531
          p_z          -0.234469   0.022193
          p_x          -0.317533   0.041011

    2 C   s             0.209078   0.008692
          p_y           0.001863   0.000011
          p_z          -0.087348   0.003580
          p_x           0.078622   0.002099

    3 C   s            -0.113273   0.001629
          p_y           0.173099   0.012196
          p_z           0.094690   0.003588
          p_x          -0.435219   0.076835

    4 C   s             0.452167   0.039985
          p_y          -0.060815   0.000992
          p_z           0.018957   0.000096
          p_x           0.103546   0.002879

    5 C   s            -0.045349   0.000553
          p_y           0.070360   0.002020
          p_z          -0.281641   0.031733
          p_x           0.124997   0.006111

    6 H   s             0.122511   0.005109

    7 C   s            -0.208557   0.008645
          p_y          -0.054097   0.001042
          p_z           0.103761   0.004684
          p_x           0.010179  -0.000042

    8 C   s            -0.452174   0.039986
          p_y          -0.060808   0.000992
          p_z           0.018938   0.000096
          p_x           0.103551   0.002879

    9 C   s             0.113269   0.001629
          p_y           0.173064   0.012192
          p_z           0.094741   0.003592
          p_x          -0.435200   0.076828

   10 H   s             0.274314   0.025621

   11 C   s            -0.140882   0.003282
          p_y           0.061751   0.001474
          p_z          -0.135042   0.007543
          p_x           0.003932   0.000020

   12 C   s             0.044927   0.000543
          p_y          -0.097307   0.003723
          p_z           0.290077   0.033550
          p_x          -0.079418   0.002599

   13 H   s            -0.122224   0.005086

   14 H   s            -0.274316   0.025621

   15 C   s            -0.112850   0.001612
          p_y           0.269859   0.029529
          p_z          -0.234510   0.022201
          p_x          -0.317486   0.040999

   16 C   s             0.208499   0.008640
          p_y          -0.054095   0.001042
          p_z           0.103775   0.004686
          p_x           0.010161  -0.000042

   17 C   s            -0.266099   0.016163
          p_y          -0.128542   0.006896
          p_z           0.025797   0.000340
          p_x           0.231928   0.021922

   18 H   s            -0.093879   0.003042

   19 C   s             0.141347   0.003309
          p_y          -0.012836   0.000094
          p_z           0.119700   0.006065
          p_x          -0.087040   0.002878

   20 C   s            -0.209026   0.008688
          p_y           0.001874   0.000011
          p_z          -0.087363   0.003581
          p_x           0.078616   0.002098

   21 C   s            -0.044945   0.000544
          p_y          -0.097342   0.003726
          p_z           0.290089   0.033552
          p_x          -0.079363   0.002596

   22 H   s             0.122190   0.005083

   23 C   s             0.265909   0.016138
          p_y          -0.137950   0.007728
          p_z           0.057875   0.001229
          p_x           0.220566   0.020224

   24 H   s            -0.022908   0.000352

   25 H   s             0.093991   0.003050

   26 H   s            -0.122480   0.005107

   27 C   s             0.045368   0.000554
          p_y           0.070330   0.002018
          p_z          -0.281634   0.031731
          p_x           0.125054   0.006117

   28 C   s            -0.141382   0.003310
          p_y          -0.012833   0.000094
          p_z           0.119702   0.006065
          p_x          -0.087050   0.002879

   29 H   s             0.022897   0.000351

   30 C   s             0.140923   0.003284
          p_y           0.061755   0.001474
          p_z          -0.135041   0.007542
          p_x           0.003926   0.000020

   31 C   s            -0.265909   0.016138
          p_y          -0.137947   0.007727
          p_z           0.057855   0.001228
          p_x           0.220580   0.020227

   32 H   s            -0.094013   0.003051

   33 C   s             0.266093   0.016162
          p_y          -0.128556   0.006897
          p_z           0.025822   0.000341
          p_x           0.231927   0.021922

   34 H   s             0.093900   0.003043

   35 H   s            -0.022908   0.000352

   36 H   s             0.022912   0.000352

Eigenvector:  85    (up)

    1 C   s            -0.037478   0.000064
          p_y          -0.038100   0.000607
          p_z          -0.273627   0.029483
          p_x           0.334290   0.044631

    2 C   s            -0.381927   0.029104
          p_y           0.073408   0.001673
          p_z          -0.120781   0.005572
          p_x          -0.032366   0.000061

    3 C   s             0.036621   0.000054
          p_y          -0.223037   0.019845
          p_z           0.356116   0.050174
          p_x           0.109218   0.004879

    4 C   s             0.000544   0.000000
          p_y           0.035366   0.000540
          p_z          -0.120455   0.006258
          p_x           0.043207   0.000804

    5 C   s            -0.074516   0.000409
          p_y          -0.205721   0.017299
          p_z           0.018201   0.000204
          p_x           0.393084   0.061769

    6 H   s            -0.221401   0.016754

    7 C   s             0.383149   0.029309
          p_y           0.009941  -0.000025
          p_z           0.094556   0.003760
          p_x          -0.109278   0.003555

    8 C   s             0.000437   0.000000
          p_y          -0.035384   0.000540
          p_z           0.120496   0.006262
          p_x          -0.043209   0.000804

    9 C   s             0.036631   0.000054
          p_y           0.223051   0.019847
          p_z          -0.356036   0.050151
          p_x          -0.109324   0.004889

   10 H   s             0.000239   0.000000

   11 C   s            -0.267726   0.014239
          p_y           0.041274   0.000447
          p_z          -0.070446   0.001523
          p_x          -0.015901   0.000019

   12 C   s             0.073846   0.000392
          p_y          -0.235719   0.022144
          p_z           0.120538   0.005395
          p_x           0.356931   0.051876

   13 H   s             0.221727   0.016807

   14 H   s             0.000183   0.000000

   15 C   s            -0.037442   0.000063
          p_y           0.038131   0.000608
          p_z           0.273659   0.029490
          p_x          -0.334385   0.044657

   16 C   s             0.383115   0.029302
          p_y          -0.009994  -0.000025
          p_z          -0.094556   0.003760
          p_x           0.109382   0.003563

   17 C   s            -0.028166  -0.000017
          p_y          -0.080428   0.002781
          p_z           0.159840   0.010069
          p_x           0.010026   0.000097

   18 H   s            -0.142769   0.007049

   19 C   s             0.268395   0.014318
          p_y           0.004143  -0.000004
          p_z           0.056024   0.001034
          p_x          -0.061168   0.000950

   20 C   s            -0.382073   0.029128
          p_y          -0.073354   0.001670
          p_z           0.120753   0.005569
          p_x           0.032285   0.000060

   21 C   s             0.073872   0.000393
          p_y           0.235735   0.022147
          p_z          -0.120587   0.005400
          p_x          -0.356919   0.051873

   22 H   s             0.221789   0.016815

   23 C   s             0.027773  -0.000020
          p_y           0.006173  -0.000006
          p_z          -0.136699   0.007094
          p_x           0.116309   0.005917

   24 H   s            -0.081301   0.002004

   25 H   s             0.143041   0.007076

   26 H   s            -0.221396   0.016754

   27 C   s            -0.074497   0.000408
          p_y           0.205768   0.017307
          p_z          -0.018351   0.000206
          p_x          -0.393040   0.061757

   28 C   s             0.268333   0.014311
          p_y          -0.004110  -0.000004
          p_z          -0.056109   0.001038
          p_x           0.061185   0.000951

   29 H   s             0.081211   0.001999

   30 C   s            -0.267736   0.014241
          p_y          -0.041250   0.000446
          p_z           0.070335   0.001518
          p_x           0.015955   0.000020

   31 C   s             0.027879  -0.000019
          p_y          -0.006212  -0.000006
          p_z           0.136714   0.007095
          p_x          -0.116250   0.005911

   32 H   s             0.143001   0.007072

   33 C   s            -0.028164  -0.000018
          p_y           0.080472   0.002783
          p_z          -0.159951   0.010083
          p_x          -0.009994   0.000097

   34 H   s            -0.142783   0.007050

   35 H   s             0.081285   0.002003

   36 H   s            -0.081394   0.002009

Eigenvector:  86    (up)

    1 C   s             0.003118   0.000012
          p_y           0.090898   0.003053
          p_z          -0.244929   0.023277
          p_x           0.049665   0.001124

    2 C   s            -0.184391   0.008007
          p_y          -0.187023   0.011883
          p_z           0.072009   0.001754
          p_x           0.305319   0.031703

    3 C   s             0.002911   0.000011
          p_y           0.048931   0.001028
          p_z          -0.231648   0.021092
          p_x           0.121078   0.005333

    4 C   s            -0.000034   0.000000
          p_y           0.065874   0.001645
          p_z          -0.224452   0.019095
          p_x           0.080451   0.002453

    5 C   s            -0.075379   0.001004
          p_y          -0.068189   0.001885
          p_z           0.358103   0.050103
          p_x          -0.201216   0.015419

    6 H   s             0.165710   0.006486

    7 C   s            -0.184316   0.008000
          p_y           0.178443   0.010831
          p_z          -0.043099   0.000637
          p_x          -0.315646   0.033854

    8 C   s             0.000157   0.000000
          p_y           0.065799   0.001641
          p_z          -0.224388   0.019084
          p_x           0.080541   0.002459

    9 C   s            -0.002939   0.000011
          p_y           0.048956   0.001029
          p_z          -0.231637   0.021090
          p_x           0.121017   0.005327

   10 H   s            -0.000028   0.000000

   11 C   s             0.096694   0.002103
          p_y           0.025816   0.000097
          p_z           0.265826   0.027966
          p_x          -0.301631   0.032121

   12 C   s            -0.075373   0.001003
          p_y          -0.149001   0.008496
          p_z           0.383367   0.057158
          p_x          -0.064259   0.001725

   13 H   s             0.165705   0.006486

   14 H   s            -0.000001  -0.000000

   15 C   s            -0.003164   0.000012
          p_y           0.090863   0.003051
          p_z          -0.244752   0.023244
          p_x           0.049571   0.001120

   16 C   s             0.184383   0.008005
          p_y           0.178418   0.010828
          p_z          -0.043089   0.000636
          p_x          -0.315608   0.033846

   17 C   s             0.151328   0.003781
          p_y          -0.058464   0.001318
          p_z          -0.020600   0.000071
          p_x           0.135947   0.006551

   18 H   s            -0.109386   0.002857

   19 C   s             0.096615   0.002100
          p_y          -0.202405   0.014640
          p_z           0.337585   0.043591
          p_x           0.085803   0.001946

   20 C   s             0.184338   0.008003
          p_y          -0.187047   0.011886
          p_z           0.072108   0.001759
          p_x           0.305274   0.031693

   21 C   s             0.075426   0.001005
          p_y          -0.148957   0.008491
          p_z           0.383380   0.057162
          p_x          -0.064362   0.001730

   22 H   s            -0.165646   0.006480

   23 C   s             0.151211   0.003774
          p_y           0.083665   0.002457
          p_z          -0.065297   0.001291
          p_x          -0.105353   0.004207

   24 H   s             0.135754   0.005857

   25 H   s            -0.109425   0.002859

   26 H   s            -0.165724   0.006487

   27 C   s             0.075309   0.001002
          p_y          -0.068175   0.001884
          p_z           0.358152   0.050117
          p_x          -0.201292   0.015432

   28 C   s            -0.096644   0.002101
          p_y          -0.202458   0.014648
          p_z           0.337549   0.043581
          p_x           0.085941   0.001953

   29 H   s             0.135733   0.005855

   30 C   s            -0.096776   0.002106
          p_y           0.025856   0.000097
          p_z           0.265791   0.027960
          p_x          -0.301685   0.032132

   31 C   s            -0.151002   0.003761
          p_y           0.083699   0.002459
          p_z          -0.065304   0.001291
          p_x          -0.105418   0.004213

   32 H   s             0.109500   0.002864

   33 C   s            -0.151550   0.003792
          p_y          -0.058361   0.001313
          p_z          -0.020851   0.000074
          p_x           0.136003   0.006554

   34 H   s             0.109404   0.002857

   35 H   s            -0.135660   0.005848

   36 H   s            -0.136062   0.005883

Eigenvector:  87    (up)

    1 C   s             0.197543   0.009378
          p_y          -0.070140   0.002022
          p_z           0.033960   0.000326
          p_x           0.107927   0.005232

    2 C   s            -0.394320   0.036741
          p_y          -0.082793   0.003239
          p_z           0.187749   0.013957
          p_x          -0.011621  -0.000094

    3 C   s             0.197918   0.009419
          p_y           0.062725   0.001793
          p_z          -0.007731   0.000065
          p_x          -0.118056   0.005807

    4 C   s             0.000584   0.000000
          p_y          -0.080011   0.002465
          p_z           0.272727   0.028649
          p_x          -0.097747   0.003682

    5 C   s             0.397016   0.037997
          p_y          -0.150563   0.009729
          p_z           0.108789   0.004827
          p_x           0.197664   0.017202

    6 H   s            -0.136601   0.006668

    7 C   s            -0.394877   0.036841
          p_y          -0.021486   0.000019
          p_z           0.168303   0.010475
          p_x          -0.115781   0.006593

    8 C   s            -0.000544   0.000000
          p_y          -0.080040   0.002467
          p_z           0.272754   0.028655
          p_x          -0.097716   0.003679

    9 C   s            -0.197927   0.009420
          p_y           0.062740   0.001794
          p_z          -0.007739   0.000065
          p_x          -0.118077   0.005809

   10 H   s             0.000252   0.000000

   11 C   s            -0.413095   0.040679
          p_y          -0.060993   0.001812
          p_z           0.033194   0.000475
          p_x           0.090654   0.004158

   12 C   s             0.397132   0.038023
          p_y           0.110688   0.005425
          p_z           0.026720   0.000232
          p_x          -0.246394   0.026144

   13 H   s            -0.136853   0.006693

   14 H   s            -0.000264   0.000000

   15 C   s            -0.197553   0.009379
          p_y          -0.070152   0.002023
          p_z           0.034035   0.000328
          p_x           0.107880   0.005227

   16 C   s             0.394910   0.036846
          p_y          -0.021495   0.000019
          p_z           0.168302   0.010475
          p_x          -0.115764   0.006591

   17 C   s             0.205188   0.010125
          p_y          -0.114308   0.005644
          p_z           0.200121   0.016800
          p_x           0.039753   0.000776

   18 H   s            -0.109555   0.004586

   19 C   s            -0.413100   0.040681
          p_y           0.052200   0.001388
          p_z          -0.002346   0.000008
          p_x          -0.101540   0.005049

   20 C   s             0.394286   0.036735
          p_y          -0.082804   0.003240
          p_z           0.187793   0.013964
          p_x          -0.011641  -0.000094

   21 C   s            -0.397115   0.038020
          p_y           0.110712   0.005427
          p_z           0.026715   0.000232
          p_x          -0.246439   0.026153

   22 H   s             0.136879   0.006695

   23 C   s             0.205327   0.010139
          p_y           0.008544   0.000045
          p_z           0.161467   0.010777
          p_x          -0.168972   0.012398

   24 H   s             0.015513   0.000159

   25 H   s            -0.109559   0.004586

   26 H   s             0.136589   0.006667

   27 C   s            -0.397039   0.038001
          p_y          -0.150553   0.009728
          p_z           0.108810   0.004829
          p_x           0.197624   0.017195

   28 C   s             0.413101   0.040681
          p_y           0.052182   0.001388
          p_z          -0.002364   0.000008
          p_x          -0.101487   0.005045

   29 H   s             0.015517   0.000159

   30 C   s             0.413064   0.040674
          p_y          -0.060983   0.001811
          p_z           0.033197   0.000475
          p_x           0.090631   0.004157

   31 C   s            -0.205244   0.010131
          p_y           0.008559   0.000045
          p_z           0.161467   0.010776
          p_x          -0.169004   0.012403

   32 H   s             0.109591   0.004589

   33 C   s            -0.205290   0.010134
          p_y          -0.114272   0.005641
          p_z           0.200024   0.016785
          p_x           0.039774   0.000777

   34 H   s             0.109560   0.004586

   35 H   s            -0.015487   0.000159

   36 H   s            -0.015647   0.000161

Eigenvector:  88    (up)

    1 C   s            -0.064957   0.000758
          p_y          -0.086064   0.002856
          p_z           0.392840   0.058263
          p_x          -0.198931   0.014665

    2 C   s             0.205125   0.009131
          p_y           0.102694   0.003136
          p_z           0.152369   0.008975
          p_x          -0.348685   0.040623

    3 C   s            -0.061913   0.000676
          p_y          -0.149930   0.008361
          p_z           0.416419   0.065206
          p_x          -0.093904   0.003431

    4 C   s            -0.253994   0.013996
          p_y          -0.212872   0.014628
          p_z           0.063664   0.001300
          p_x           0.365065   0.043065

    5 C   s             0.135142   0.003226
          p_y          -0.004431   0.000000
          p_z          -0.192706   0.014144
          p_x           0.190332   0.013189

    6 H   s            -0.121324   0.002960

    7 C   s             0.200218   0.008689
          p_y          -0.222653   0.016691
          p_z           0.258628   0.024184
          p_x           0.200477   0.012314

    8 C   s            -0.254024   0.013999
          p_y           0.212868   0.014627
          p_z          -0.063656   0.001300
          p_x          -0.365068   0.043065

    9 C   s            -0.061943   0.000676
          p_y           0.149954   0.008363
          p_z          -0.416442   0.065214
          p_x           0.093876   0.003429

   10 H   s             0.168393   0.005881

   11 C   s            -0.093471   0.001865
          p_y           0.014995   0.000118
          p_z          -0.218636   0.018034
          p_x           0.175826   0.010890

   12 C   s             0.140718   0.003550
          p_y           0.129669   0.006151
          p_z          -0.231368   0.020143
          p_x          -0.040578   0.000510

   13 H   s            -0.122775   0.003058

   14 H   s             0.168380   0.005879

   15 C   s            -0.064977   0.000759
          p_y           0.086083   0.002857
          p_z          -0.392874   0.058273
          p_x           0.198928   0.014665

   16 C   s             0.200285   0.008695
          p_y           0.222674   0.016694
          p_z          -0.258633   0.024184
          p_x          -0.200517   0.012319

   17 C   s            -0.110388   0.001942
          p_y           0.045113   0.000737
          p_z          -0.007496   0.000036
          p_x          -0.082919   0.002329

   18 H   s             0.027061   0.000099

   19 C   s            -0.094815   0.001933
          p_y           0.123847   0.005458
          p_z          -0.253212   0.023798
          p_x          -0.008584  -0.000005

   20 C   s             0.205192   0.009137
          p_y          -0.102734   0.003138
          p_z          -0.152320   0.008970
          p_x           0.348722   0.040632

   21 C   s             0.140736   0.003551
          p_y          -0.129687   0.006152
          p_z           0.231450   0.020157
          p_x           0.040534   0.000508

   22 H   s            -0.122776   0.003058

   23 C   s            -0.107069   0.001800
          p_y          -0.051955   0.000907
          p_z           0.024766   0.000159
          p_x           0.080260   0.002308

   24 H   s            -0.076413   0.001827

   25 H   s             0.027485   0.000104

   26 H   s            -0.121333   0.002960

   27 C   s             0.135067   0.003222
          p_y           0.004405   0.000000
          p_z           0.192753   0.014151
          p_x          -0.190326   0.013189

   28 C   s            -0.094861   0.001935
          p_y          -0.123899   0.005462
          p_z           0.253246   0.023804
          p_x           0.008653  -0.000005

   29 H   s            -0.077326   0.001860

   30 C   s            -0.093473   0.001865
          p_y          -0.014970   0.000118
          p_z           0.218600   0.018028
          p_x          -0.175846   0.010892

   31 C   s            -0.106989   0.001796
          p_y           0.051986   0.000908
          p_z          -0.024787   0.000159
          p_x          -0.080304   0.002311

   32 H   s             0.027521   0.000104

   33 C   s            -0.110497   0.001946
          p_y          -0.045067   0.000736
          p_z           0.007394   0.000035
          p_x           0.082937   0.002329

   34 H   s             0.027085   0.000100

   35 H   s            -0.077316   0.001859

   36 H   s            -0.076551   0.001833

Eigenvector:  89    (up)

    1 C   s             0.192821   0.009247
          p_y          -0.158259   0.008617
          p_z           0.280197   0.026620
          p_x           0.051429   0.000978

    2 C   s            -0.285511   0.018669
          p_y          -0.111165   0.004935
          p_z           0.276143   0.027947
          p_x          -0.038426   0.000261

    3 C   s            -0.196416   0.009566
          p_y          -0.012421   0.000066
          p_z          -0.220909   0.016380
          p_x           0.233557   0.018825

    4 C   s            -0.000282   0.000000
          p_y          -0.142237   0.007243
          p_z           0.480091   0.082649
          p_x          -0.169332   0.010310

    5 C   s             0.344372   0.028565
          p_y          -0.138816   0.006763
          p_z           0.253949   0.023279
          p_x           0.037443   0.000402

    6 H   s            -0.085049   0.002531

    7 C   s             0.288842   0.019096
          p_y           0.040327   0.000423
          p_z          -0.248500   0.022002
          p_x           0.153908   0.009636

    8 C   s            -0.000312   0.000000
          p_y           0.142236   0.007243
          p_z          -0.480082   0.082646
          p_x           0.169327   0.010309

    9 C   s            -0.196448   0.009569
          p_y           0.012442   0.000066
          p_z           0.220892   0.016377
          p_x          -0.233582   0.018829

   10 H   s             0.001869   0.000001

   11 C   s            -0.087677   0.002374
          p_y          -0.045370   0.000796
          p_z          -0.009656   0.000026
          p_x           0.099676   0.003745

   12 C   s            -0.340147   0.027931
          p_y          -0.000155  -0.000000
          p_z          -0.213244   0.016640
          p_x           0.201664   0.014189

   13 H   s             0.083272   0.002449

   14 H   s             0.001858   0.000001

   15 C   s             0.192811   0.009247
          p_y           0.158273   0.008619
          p_z          -0.280222   0.026626
          p_x          -0.051432   0.000978

   16 C   s             0.288894   0.019103
          p_y          -0.040309   0.000422
          p_z           0.248489   0.022000
          p_x          -0.153938   0.009639

   17 C   s             0.201072   0.009517
          p_y           0.083348   0.002542
          p_z           0.080555   0.002077
          p_x          -0.241878   0.020566

   18 H   s             0.025351   0.000136

   19 C   s             0.082980   0.002159
          p_y          -0.058578   0.001290
          p_z           0.039879   0.000567
          p_x           0.079089   0.002410

   20 C   s            -0.285458   0.018662
          p_y           0.111133   0.004933
          p_z          -0.276099   0.027938
          p_x           0.038449   0.000261

   21 C   s            -0.340137   0.027929
          p_y           0.000139  -0.000000
          p_z           0.213304   0.016649
          p_x          -0.201692   0.014194

   22 H   s             0.083272   0.002450

   23 C   s            -0.200562   0.009450
          p_y           0.151522   0.008045
          p_z          -0.152804   0.007864
          p_x          -0.158289   0.009090

   24 H   s            -0.056739   0.000511

   25 H   s            -0.025443   0.000140

   26 H   s            -0.085052   0.002531

   27 C   s             0.344313   0.028556
          p_y           0.138792   0.006760
          p_z          -0.253910   0.023272
          p_x          -0.037430   0.000402

   28 C   s             0.082942   0.002157
          p_y           0.058541   0.001289
          p_z          -0.039858   0.000566
          p_x          -0.079035   0.002407

   29 H   s             0.055863   0.000491

   30 C   s            -0.087673   0.002373
          p_y           0.045390   0.000797
          p_z           0.009628   0.000026
          p_x          -0.099691   0.003746

   31 C   s            -0.200498   0.009444
          p_y          -0.151499   0.008043
          p_z           0.152784   0.007862
          p_x           0.158259   0.009087

   32 H   s            -0.025418   0.000140

   33 C   s             0.200987   0.009509
          p_y          -0.083315   0.002540
          p_z          -0.080630   0.002081
          p_x           0.241892   0.020567

   34 H   s             0.025371   0.000136

   35 H   s             0.055871   0.000491

   36 H   s            -0.056844   0.000514

Eigenvector:  90    (up)

    1 C   s            -0.296628   0.019051
          p_y           0.125133   0.006278
          p_z          -0.109621   0.004957
          p_x          -0.146313   0.008407

    2 C   s            -0.010603   0.000023
          p_y          -0.104341   0.003928
          p_z           0.300100   0.033404
          p_x          -0.074776   0.002231

    3 C   s            -0.294742   0.018794
          p_y          -0.079468   0.002467
          p_z          -0.043334   0.000824
          p_x           0.199631   0.015963

    4 C   s             0.403471   0.036908
          p_y           0.061025   0.001699
          p_z          -0.021214   0.000201
          p_x          -0.101907   0.004756

    5 C   s             0.253272   0.014222
          p_y          -0.078385   0.002446
          p_z           0.017821   0.000074
          p_x           0.139480   0.008132

    6 H   s             0.019558   0.000092

    7 C   s            -0.012981   0.000035
          p_y          -0.068500   0.001825
          p_z           0.290378   0.031480
          p_x          -0.137300   0.006745

    8 C   s             0.403534   0.036920
          p_y          -0.061034   0.001700
          p_z           0.021210   0.000201
          p_x           0.101927   0.004758

    9 C   s            -0.294662   0.018784
          p_y           0.079443   0.002466
          p_z           0.043358   0.000825
          p_x          -0.199605   0.015959

   10 H   s             0.100989   0.003795

   11 C   s            -0.418162   0.039945
          p_y          -0.133225   0.007071
          p_z           0.174708   0.011496
          p_x           0.101540   0.004471

   12 C   s             0.256006   0.014544
          p_y           0.082523   0.002868
          p_z          -0.031195   0.000500
          p_x          -0.135489   0.007360

   13 H   s             0.018927   0.000084

   14 H   s             0.101004   0.003796

   15 C   s            -0.296663   0.019056
          p_y          -0.125151   0.006279
          p_z           0.109652   0.004960
          p_x           0.146319   0.008407

   16 C   s            -0.013041   0.000036
          p_y           0.068460   0.001823
          p_z          -0.290331   0.031470
          p_x           0.137337   0.006749

   17 C   s             0.298742   0.019156
          p_y          -0.158081   0.010065
          p_z           0.251487   0.025189
          p_x           0.078759   0.002582

   18 H   s            -0.066268   0.001910

   19 C   s            -0.418618   0.040058
          p_y           0.048376   0.001050
          p_z           0.117358   0.004952
          p_x          -0.206609   0.017125

   20 C   s            -0.010668   0.000023
          p_y           0.104384   0.003932
          p_z          -0.300182   0.033422
          p_x           0.074769   0.002231

   21 C   s             0.255989   0.014541
          p_y          -0.082484   0.002865
          p_z           0.031116   0.000498
          p_x           0.135487   0.007360

   22 H   s             0.018939   0.000084

   23 C   s             0.300296   0.019364
          p_y           0.027010   0.000315
          p_z           0.193885   0.014863
          p_x          -0.236249   0.022532

   24 H   s             0.045449   0.000938

   25 H   s            -0.065980   0.001897

   26 H   s             0.019556   0.000092

   27 C   s             0.253337   0.014230
          p_y           0.078435   0.002449
          p_z          -0.017885   0.000075
          p_x          -0.139520   0.008137

   28 C   s            -0.418534   0.040042
          p_y          -0.048328   0.001048
          p_z          -0.117375   0.004953
          p_x           0.206532   0.017113

   29 H   s             0.045068   0.000928

   30 C   s            -0.418190   0.039951
          p_y           0.133201   0.007069
          p_z          -0.174688   0.011494
          p_x          -0.101508   0.004469

   31 C   s             0.300199   0.019350
          p_y          -0.027037   0.000316
          p_z          -0.193840   0.014856
          p_x           0.236265   0.022536

   32 H   s            -0.066001   0.001898

   33 C   s             0.298875   0.019172
          p_y           0.158052   0.010061
          p_z          -0.251397   0.025173
          p_x          -0.078794   0.002583

   34 H   s            -0.066310   0.001912

   35 H   s             0.045060   0.000928

   36 H   s             0.045614   0.000944

Eigenvector:  91    (up)

    1 C   s            -0.451721   0.046472
          p_y          -0.025509   0.000272
          p_z           0.020806   0.000104
          p_x           0.031412   0.000521

    2 C   s            -0.008610  -0.000084
          p_y          -0.002756   0.000006
          p_z           0.262883   0.024645
          p_x          -0.242442   0.020315

    3 C   s             0.451318   0.046395
          p_y          -0.017417   0.000168
          p_z          -0.007406  -0.000010
          p_x           0.041755   0.000751

    4 C   s             0.256586   0.017149
          p_y           0.098686   0.003703
          p_z          -0.031431   0.000375
          p_x          -0.167472   0.010663

    5 C   s            -0.126117   0.002807
          p_y          -0.233310   0.019352
          p_z           0.150165   0.007615
          p_x           0.323942   0.038122

    6 H   s            -0.096621   0.002580

    7 C   s             0.008691  -0.000084
          p_y           0.166522   0.009620
          p_z          -0.314294   0.034934
          p_x          -0.035828   0.000374

    8 C   s            -0.256560   0.017146
          p_y           0.098688   0.003703
          p_z          -0.031434   0.000376
          p_x          -0.167472   0.010663

    9 C   s            -0.451349   0.046402
          p_y          -0.017403   0.000168
          p_z          -0.007419  -0.000010
          p_x           0.041739   0.000751

   10 H   s            -0.002063  -0.000011

   11 C   s            -0.250760   0.011400
          p_y           0.003654  -0.000013
          p_z           0.115744   0.005157
          p_x          -0.116067   0.004008

   12 C   s             0.126148   0.002808
          p_y          -0.183750   0.012320
          p_z          -0.018693   0.000064
          p_x           0.384423   0.052696

   13 H   s             0.096710   0.002585

   14 H   s             0.002075  -0.000011

   15 C   s             0.451702   0.046469
          p_y          -0.025516   0.000272
          p_z           0.020809   0.000104
          p_x           0.031423   0.000522

   16 C   s            -0.008681  -0.000084
          p_y           0.166537   0.009622
          p_z          -0.314330   0.034942
          p_x          -0.035824   0.000374

   17 C   s            -0.016002  -0.000032
          p_y          -0.194021   0.013724
          p_z           0.225936   0.018641
          p_x           0.174367   0.011062

   18 H   s            -0.152596   0.007238

   19 C   s             0.250649   0.011389
          p_y           0.078844   0.001910
          p_z          -0.141546   0.007213
          p_x          -0.024115   0.000010

   20 C   s             0.008607  -0.000084
          p_y          -0.002752   0.000006
          p_z           0.262858   0.024641
          p_x          -0.242430   0.020313

   21 C   s            -0.126130   0.002807
          p_y          -0.183758   0.012322
          p_z          -0.018686   0.000064
          p_x           0.384437   0.052700

   22 H   s            -0.096711   0.002585

   23 C   s             0.016158  -0.000032
          p_y          -0.087838   0.002805
          p_z          -0.137160   0.006881
          p_x           0.304086   0.033703

   24 H   s            -0.027779   0.000234

   25 H   s             0.152557   0.007234

   26 H   s             0.096617   0.002580

   27 C   s             0.126153   0.002809
          p_y          -0.233303   0.019351
          p_z           0.150175   0.007616
          p_x           0.323922   0.038118

   28 C   s            -0.250692   0.011393
          p_y           0.078840   0.001910
          p_z          -0.141560   0.007215
          p_x          -0.024093   0.000009

   29 H   s             0.027823   0.000234

   30 C   s             0.250728   0.011397
          p_y           0.003663  -0.000013
          p_z           0.115753   0.005158
          p_x          -0.116092   0.004010

   31 C   s            -0.016130  -0.000032
          p_y          -0.087841   0.002805
          p_z          -0.137180   0.006883
          p_x           0.304115   0.033710

   32 H   s            -0.152563   0.007234

   33 C   s             0.016007  -0.000032
          p_y          -0.194019   0.013723
          p_z           0.225912   0.018637
          p_x           0.174378   0.011063

   34 H   s             0.152597   0.007238

   35 H   s            -0.027818   0.000234

   36 H   s             0.027754   0.000233

Eigenvector:  92    (up)

    1 C   s             0.164423   0.006122
          p_y           0.041945   0.000628
          p_z          -0.245020   0.020236
          p_x           0.147478   0.007085

    2 C   s            -0.114731   0.003390
          p_y           0.009779   0.000021
          p_z          -0.220284   0.016060
          p_x           0.188312   0.012150

    3 C   s            -0.164584   0.006134
          p_y          -0.107973   0.003821
          p_z           0.265906   0.023679
          p_x          -0.035449   0.000475

    4 C   s             0.000115   0.000000
          p_y           0.016022   0.000073
          p_z          -0.054618   0.000843
          p_x           0.019624   0.000109

    5 C   s             0.230397   0.011229
          p_y           0.144711   0.007231
          p_z          -0.216669   0.015129
          p_x          -0.084642   0.002871

    6 H   s             0.019707   0.000046

    7 C   s             0.114918   0.003400
          p_y          -0.130695   0.005827
          p_z           0.258468   0.022309
          p_x           0.016928   0.000127

    8 C   s             0.000042   0.000000
          p_y          -0.016036   0.000073
          p_z           0.054667   0.000845
          p_x          -0.019642   0.000109

    9 C   s            -0.164652   0.006140
          p_y           0.108027   0.003825
          p_z          -0.265922   0.023682
          p_x           0.035356   0.000473

   10 H   s             0.000074   0.000000

   11 C   s             0.126360   0.002192
          p_y           0.006106   0.000037
          p_z          -0.276316   0.026725
          p_x           0.247726   0.019559

   12 C   s            -0.230379   0.011228
          p_y           0.034348   0.000518
          p_z           0.160121   0.007892
          p_x          -0.219514   0.016806

   13 H   s            -0.019685   0.000046

   14 H   s             0.000044   0.000000

   15 C   s             0.164380   0.006120
          p_y          -0.041917   0.000627
          p_z           0.244979   0.020228
          p_x          -0.147497   0.007086

   16 C   s             0.114967   0.003403
          p_y           0.130725   0.005830
          p_z          -0.258539   0.022322
          p_x          -0.016921   0.000127

   17 C   s             0.092020   0.001600
          p_y           0.286270   0.028466
          p_z          -0.220891   0.017483
          p_x          -0.363031   0.044953

   18 H   s             0.148454   0.006202

   19 C   s            -0.126499   0.002198
          p_y          -0.170641   0.009394
          p_z           0.328083   0.036792
          p_x           0.031465   0.000133

   20 C   s            -0.114627   0.003384
          p_y          -0.009834   0.000021
          p_z           0.220366   0.016073
          p_x          -0.188282   0.012146

   21 C   s            -0.230280   0.011218
          p_y          -0.034385   0.000519
          p_z          -0.160032   0.007882
          p_x           0.219506   0.016804

   22 H   s            -0.019678   0.000046

   23 C   s            -0.091914   0.001596
          p_y           0.202105   0.013873
          p_z           0.067291   0.001769
          p_x          -0.466096   0.075292

   24 H   s            -0.023329   0.000063

   25 H   s            -0.148439   0.006202

   26 H   s             0.019713   0.000046

   27 C   s             0.230240   0.011214
          p_y          -0.144755   0.007235
          p_z           0.216706   0.015135
          p_x           0.084695   0.002874

   28 C   s            -0.126621   0.002204
          p_y           0.170562   0.009385
          p_z          -0.328038   0.036782
          p_x          -0.031346   0.000131

   29 H   s             0.023351   0.000064

   30 C   s             0.126346   0.002192
          p_y          -0.006070   0.000037
          p_z           0.276186   0.026700
          p_x          -0.247678   0.019550

   31 C   s            -0.091738   0.001589
          p_y          -0.202029   0.013863
          p_z          -0.067375   0.001773
          p_x           0.466023   0.075269

   32 H   s            -0.148400   0.006199

   33 C   s             0.091936   0.001597
          p_y          -0.286160   0.028444
          p_z           0.220775   0.017466
          p_x           0.362924   0.044925

   34 H   s             0.148450   0.006202

   35 H   s             0.023351   0.000064

   36 H   s            -0.023410   0.000064

Eigenvector:  93    (up)

    1 C   s             0.057848   0.000871
          p_y          -0.130360   0.005807
          p_z           0.094778   0.003321
          p_x           0.170848   0.009546

    2 C   s             0.112308   0.003070
          p_y           0.106555   0.004095
          p_z          -0.259691   0.023794
          p_x           0.032162   0.000311

    3 C   s            -0.053250   0.000754
          p_y          -0.093928   0.002848
          p_z          -0.024332   0.000281
          p_x           0.210571   0.015051

    4 C   s            -0.233138   0.010647
          p_y          -0.007327   0.000040
          p_z           0.004510   0.000011
          p_x           0.010394   0.000088

    5 C   s            -0.397345   0.035329
          p_y           0.090176   0.002535
          p_z           0.034716   0.000375
          p_x          -0.212375   0.014056

    6 H   s             0.010866   0.000057

    7 C   s            -0.115709   0.003249
          p_y          -0.038290   0.000477
          p_z           0.236474   0.019584
          p_x          -0.146703   0.007816

    8 C   s             0.233026   0.010636
          p_y          -0.007270   0.000039
          p_z           0.004431   0.000011
          p_x           0.010355   0.000088

    9 C   s             0.053202   0.000752
          p_y          -0.093862   0.002844
          p_z          -0.024477   0.000284
          p_x           0.210578   0.015053

   10 H   s            -0.090164   0.002651

   11 C   s             0.151847   0.006138
          p_y           0.031111   0.000327
          p_z           0.237859   0.019073
          p_x          -0.285921   0.027574

   12 C   s             0.397638   0.035377
          p_y           0.130391   0.005294
          p_z          -0.102783   0.003279
          p_x          -0.163536   0.008345

   13 H   s            -0.011523   0.000063

   14 H   s             0.090162   0.002651

   15 C   s            -0.057695   0.000867
          p_y          -0.130298   0.005801
          p_z           0.094763   0.003320
          p_x           0.170739   0.009534

   16 C   s             0.115870   0.003258
          p_y          -0.038225   0.000475
          p_z           0.236441   0.019579
          p_x          -0.146805   0.007827

   17 C   s            -0.223924   0.011492
          p_y          -0.212434   0.015198
          p_z           0.003840   0.000015
          p_x           0.419897   0.058367

   18 H   s            -0.066386   0.000878

   19 C   s            -0.148348   0.005883
          p_y           0.190412   0.012228
          p_z          -0.309913   0.032402
          p_x          -0.087775   0.002596

   20 C   s            -0.112321   0.003071
          p_y           0.106498   0.004091
          p_z          -0.259520   0.023763
          p_x           0.032115   0.000310

   21 C   s            -0.397795   0.035404
          p_y           0.130372   0.005292
          p_z          -0.102729   0.003275
          p_x          -0.163550   0.008347

   22 H   s             0.011515   0.000063

   23 C   s             0.220436   0.011161
          p_y          -0.253485   0.021226
          p_z           0.140631   0.006215
          p_x           0.372940   0.046739

   24 H   s             0.084443   0.001253

   25 H   s             0.066387   0.000884

   26 H   s            -0.010883   0.000057

   27 C   s             0.397336   0.035328
          p_y           0.090091   0.002530
          p_z           0.034816   0.000377
          p_x          -0.212302   0.014045

   28 C   s             0.148286   0.005879
          p_y           0.190439   0.012232
          p_z          -0.310022   0.032425
          p_x          -0.087721   0.002593

   29 H   s            -0.085105   0.001285

   30 C   s            -0.151771   0.006132
          p_y           0.031134   0.000327
          p_z           0.237908   0.019081
          p_x          -0.286018   0.027591

   31 C   s            -0.220404   0.011157
          p_y          -0.253543   0.021235
          p_z           0.140603   0.006212
          p_x           0.373078   0.046773

   32 H   s            -0.066402   0.000885

   33 C   s             0.223844   0.011485
          p_y          -0.212504   0.015208
          p_z           0.003817   0.000015
          p_x           0.420072   0.058414

   34 H   s             0.066471   0.000880

   35 H   s             0.085132   0.001286

   36 H   s            -0.084613   0.001259

Eigenvector:  94    (up)

    1 C   s            -0.359606   0.025586
          p_y           0.115634   0.004888
          p_z          -0.002722  -0.000002
          p_x          -0.228258   0.019418

    2 C   s             0.292621   0.018596
          p_y           0.023366   0.000245
          p_z           0.107314   0.004114
          p_x          -0.147938   0.008447

    3 C   s            -0.360886   0.025791
          p_y          -0.138507   0.007161
          p_z           0.076663   0.002305
          p_x           0.204270   0.015294

    4 C   s            -0.001709   0.000001
          p_y           0.109453   0.004314
          p_z          -0.373467   0.050242
          p_x           0.134100   0.006482

    5 C   s            -0.046572   0.000400
          p_y           0.062058   0.001438
          p_z          -0.147661   0.008428
          p_x           0.015303   0.000116

    6 H   s             0.052584   0.001112

    7 C   s             0.291539   0.018451
          p_y          -0.098107   0.003688
          p_z           0.148354   0.008078
          p_x           0.055793   0.001319

    8 C   s             0.001606   0.000001
          p_y           0.109510   0.004318
          p_z          -0.373552   0.050264
          p_x           0.134069   0.006479

    9 C   s             0.360848   0.025785
          p_y          -0.138450   0.007155
          p_z           0.076546   0.002298
          p_x           0.204265   0.015294

   10 H   s            -0.000561   0.000000

   11 C   s            -0.316484   0.021722
          p_y          -0.183362   0.011934
          p_z           0.289736   0.030180
          p_x           0.093230   0.002969

   12 C   s            -0.042231   0.000322
          p_y           0.022286   0.000211
          p_z          -0.135904   0.007204
          p_x           0.083634   0.002597

   13 H   s             0.052462   0.001106

   14 H   s             0.000559   0.000000

   15 C   s             0.359738   0.025605
          p_y           0.115699   0.004893
          p_z          -0.002756  -0.000002
          p_x          -0.228355   0.019433

   16 C   s            -0.291393   0.018433
          p_y          -0.098052   0.003684
          p_z           0.148339   0.008077
          p_x           0.055700   0.001315

   17 C   s             0.323530   0.020592
          p_y          -0.166696   0.010543
          p_z           0.247369   0.023289
          p_x           0.099831   0.003753

   18 H   s             0.001260  -0.000011

   19 C   s            -0.318285   0.021995
          p_y           0.036162   0.000432
          p_z           0.217778   0.017195
          p_x          -0.276885   0.027152

   20 C   s            -0.292624   0.018596
          p_y           0.023311   0.000244
          p_z           0.107462   0.004125
          p_x          -0.147969   0.008450

   21 C   s             0.042109   0.000320
          p_y           0.022269   0.000211
          p_z          -0.135834   0.007196
          p_x           0.083602   0.002595

   22 H   s            -0.052466   0.001106

   23 C   s             0.326031   0.020939
          p_y           0.038396   0.000557
          p_z           0.183505   0.012822
          p_x          -0.249147   0.023586

   24 H   s             0.061863   0.001531

   25 H   s             0.001953  -0.000017

   26 H   s            -0.052602   0.001112

   27 C   s             0.046539   0.000400
          p_y           0.061989   0.001435
          p_z          -0.147584   0.008420
          p_x           0.015369   0.000116

   28 C   s             0.318218   0.021986
          p_y           0.036166   0.000432
          p_z           0.217694   0.017182
          p_x          -0.276818   0.027140

   29 H   s             0.060912   0.001497

   30 C   s             0.316541   0.021730
          p_y          -0.183335   0.011931
          p_z           0.289750   0.030184
          p_x           0.093160   0.002965

   31 C   s            -0.325973   0.020930
          p_y           0.038359   0.000557
          p_z           0.183473   0.012818
          p_x          -0.249048   0.023568

   32 H   s            -0.001955  -0.000017

   33 C   s            -0.323613   0.020602
          p_y          -0.166733   0.010547
          p_z           0.247319   0.023281
          p_x           0.099961   0.003762

   34 H   s            -0.001192  -0.000010

   35 H   s            -0.060886   0.001496

   36 H   s            -0.062032   0.001538

Eigenvector:  95    (up)

    1 C   s            -0.131223   0.003127
          p_y           0.091598   0.002990
          p_z          -0.153918   0.008736
          p_x          -0.037594   0.000436

    2 C   s            -0.240307   0.011964
          p_y          -0.162538   0.009052
          p_z           0.291518   0.029719
          p_x           0.049505   0.000744

    3 C   s            -0.127495   0.002935
          p_y          -0.007753   0.000013
          p_z          -0.122915   0.005661
          p_x           0.131563   0.006160

    4 C   s             0.252976   0.013354
          p_y           0.077291   0.002071
          p_z          -0.027152   0.000255
          p_x          -0.128759   0.005750

    5 C   s             0.323316   0.019229
          p_y          -0.174301   0.010715
          p_z           0.215807   0.016809
          p_x           0.144374   0.007110

    6 H   s             0.001777  -0.000012

    7 C   s            -0.242253   0.012156
          p_y           0.008991   0.000016
          p_z           0.233698   0.019300
          p_x          -0.238524   0.019421

    8 C   s             0.253006   0.013357
          p_y          -0.077156   0.002063
          p_z           0.026718   0.000247
          p_x           0.128900   0.005763

    9 C   s            -0.127131   0.002918
          p_y           0.007585   0.000012
          p_z           0.122937   0.005663
          p_x          -0.131247   0.006131

   10 H   s             0.015740   0.000173

   11 C   s             0.167887   0.005818
          p_y           0.195585   0.012788
          p_z          -0.379761   0.050616
          p_x          -0.032838   0.000165

   12 C   s             0.321393   0.018983
          p_y           0.067922   0.001555
          p_z           0.141125   0.007318
          p_x          -0.268704   0.025427

   13 H   s             0.001590  -0.000011

   14 H   s             0.015763   0.000174

   15 C   s            -0.130829   0.003109
          p_y          -0.091473   0.002982
          p_z           0.153852   0.008729
          p_x           0.037406   0.000432

   16 C   s            -0.242209   0.012152
          p_y          -0.009078   0.000016
          p_z          -0.233273   0.019230
          p_x           0.238299   0.019385

   17 C   s            -0.314789   0.018070
          p_y           0.156887   0.008918
          p_z          -0.209898   0.016344
          p_x          -0.115516   0.004637

   18 H   s            -0.046391   0.000286

   19 C   s             0.170166   0.005980
          p_y           0.007816   0.000052
          p_z          -0.318451   0.036337
          p_x           0.284064   0.026703

   20 C   s            -0.240343   0.011968
          p_y           0.162437   0.009041
          p_z          -0.291205   0.029655
          p_x          -0.049598   0.000747

   21 C   s             0.321030   0.018940
          p_y          -0.067818   0.001551
          p_z          -0.141063   0.007312
          p_x           0.268441   0.025378

   22 H   s             0.001557  -0.000010

   23 C   s            -0.316378   0.018280
          p_y          -0.051814   0.000916
          p_z          -0.145018   0.007927
          p_x           0.239666   0.020771

   24 H   s            -0.077352   0.002147

   25 H   s            -0.046463   0.000284

   26 H   s             0.001746  -0.000011

   27 C   s             0.323119   0.019206
          p_y           0.174200   0.010703
          p_z          -0.215719   0.016795
          p_x          -0.144256   0.007098

   28 C   s             0.170188   0.005982
          p_y          -0.007765   0.000052
          p_z           0.318203   0.036280
          p_x          -0.283936   0.026679

   29 H   s            -0.076628   0.002116

   30 C   s             0.167890   0.005819
          p_y          -0.195489   0.012776
          p_z           0.379596   0.050573
          p_x           0.032796   0.000164

   31 C   s            -0.316254   0.018266
          p_y           0.051737   0.000914
          p_z           0.145010   0.007926
          p_x          -0.239511   0.020745

   32 H   s            -0.046423   0.000284

   33 C   s            -0.314735   0.018063
          p_y          -0.156858   0.008915
          p_z           0.209749   0.016322
          p_x           0.115611   0.004644

   34 H   s            -0.046320   0.000285

   35 H   s            -0.076553   0.002112

   36 H   s            -0.077494   0.002153

Eigenvector:  96    (up)

    1 C   s            -0.277322   0.016818
          p_y           0.206424   0.013149
          p_z          -0.024032   0.000135
          p_x          -0.389456   0.047458

    2 C   s             0.151994   0.004629
          p_y          -0.053193   0.000929
          p_z           0.306731   0.031431
          p_x          -0.183141   0.011316

    3 C   s             0.279173   0.017027
          p_y           0.233095   0.017033
          p_z          -0.113012   0.004171
          p_x          -0.358894   0.039877

    4 C   s            -0.001913   0.000001
          p_y           0.119847   0.004813
          p_z          -0.409979   0.056339
          p_x           0.147822   0.007328

    5 C   s             0.152814   0.004971
          p_y          -0.106554   0.003383
          p_z          -0.095186   0.003199
          p_x           0.302162   0.028698

    6 H   s             0.014400   0.000112

    7 C   s            -0.149015   0.004447
          p_y           0.134156   0.006064
          p_z          -0.335410   0.037673
          p_x           0.048776   0.000770

    8 C   s            -0.001901   0.000001
          p_y          -0.119746   0.004805
          p_z           0.409669   0.056252
          p_x          -0.147734   0.007318

    9 C   s             0.279416   0.017054
          p_y          -0.233220   0.017052
          p_z           0.113036   0.004173
          p_x           0.359123   0.039930

   10 H   s            -0.000235   0.000000

   11 C   s            -0.189806   0.007638
          p_y          -0.017129   0.000112
          p_z          -0.154650   0.007613
          p_x           0.179730   0.010667

   12 C   s            -0.157061   0.005232
          p_y          -0.190494   0.011465
          p_z           0.186729   0.011546
          p_x           0.204199   0.012627

   13 H   s            -0.014450   0.000112

   14 H   s            -0.000216   0.000000

   15 C   s            -0.277028   0.016785
          p_y          -0.206336   0.013137
          p_z           0.023980   0.000135
          p_x           0.389332   0.047426

   16 C   s            -0.148979   0.004444
          p_y          -0.134215   0.006070
          p_z           0.335716   0.037743
          p_x          -0.048946   0.000775

   17 C   s             0.128043   0.003881
          p_y           0.086762   0.002335
          p_z           0.047468   0.000739
          p_x          -0.217602   0.014859

   18 H   s             0.002396  -0.000011

   19 C   s             0.187918   0.007489
          p_y          -0.120517   0.004786
          p_z           0.201906   0.013159
          p_x           0.050119   0.000891

   20 C   s             0.151975   0.004628
          p_y           0.053124   0.000927
          p_z          -0.306505   0.031383
          p_x           0.183069   0.011307

   21 C   s            -0.157327   0.005249
          p_y           0.190558   0.011473
          p_z          -0.186671   0.011539
          p_x          -0.204384   0.012651

   22 H   s            -0.014476   0.000112

   23 C   s            -0.124192   0.003678
          p_y           0.135604   0.005780
          p_z          -0.115496   0.004241
          p_x          -0.161632   0.008148

   24 H   s            -0.057660   0.000615

   25 H   s            -0.001777  -0.000008

   26 H   s             0.014385   0.000112

   27 C   s             0.152665   0.004963
          p_y           0.106474   0.003378
          p_z           0.095241   0.003203
          p_x          -0.302056   0.028676

   28 C   s             0.187933   0.007490
          p_y           0.120550   0.004789
          p_z          -0.202071   0.013182
          p_x          -0.050028   0.000888

   29 H   s             0.058630   0.000646

   30 C   s            -0.189816   0.007639
          p_y           0.017208   0.000113
          p_z           0.154497   0.007598
          p_x          -0.179747   0.010668

   31 C   s            -0.124101   0.003673
          p_y          -0.135652   0.005784
          p_z           0.115491   0.004240
          p_x           0.161731   0.008158

   32 H   s            -0.001747  -0.000008

   33 C   s             0.128115   0.003885
          p_y          -0.086723   0.002333
          p_z          -0.047579   0.000742
          p_x           0.217637   0.014863

   34 H   s             0.002441  -0.000011

   35 H   s             0.058682   0.000647

   36 H   s            -0.057724   0.000617

Eigenvector:  97    (up)

    1 C   s             0.340335   0.020334
          p_y          -0.146463   0.007295
          p_z           0.078241   0.002125
          p_x           0.218561   0.016131

    2 C   s             0.053480   0.000568
          p_y           0.144941   0.007118
          p_z          -0.388545   0.052675
          p_x           0.077183   0.002304

    3 C   s             0.344331   0.020868
          p_y           0.123645   0.005159
          p_z          -0.005240   0.000006
          p_x          -0.242011   0.019903

    4 C   s             0.001150   0.000000
          p_y          -0.114258   0.004581
          p_z           0.392251   0.053952
          p_x          -0.142268   0.007089

    5 C   s            -0.317994   0.018050
          p_y           0.152568   0.008010
          p_z          -0.140779   0.006950
          p_x          -0.171709   0.009996

    6 H   s            -0.020830   0.000069

    7 C   s             0.052288   0.000539
          p_y           0.077230   0.002216
          p_z          -0.365529   0.047013
          p_x           0.190840   0.012236

    8 C   s            -0.000948   0.000000
          p_y          -0.114395   0.004592
          p_z           0.392530   0.054027
          p_x          -0.142260   0.007088

    9 C   s            -0.344269   0.020858
          p_y           0.123507   0.005148
          p_z          -0.005081   0.000006
          p_x          -0.241888   0.019884

   10 H   s            -0.000597   0.000000

   11 C   s            -0.059792   0.000715
          p_y          -0.138789   0.006366
          p_z           0.309808   0.033584
          p_x          -0.014659   0.000154

   12 C   s            -0.316408   0.017851
          p_y          -0.094473   0.003010
          p_z          -0.059647   0.001297
          p_x           0.244861   0.020598

   13 H   s            -0.020013   0.000062

   14 H   s             0.000611   0.000000

   15 C   s            -0.340608   0.020369
          p_y          -0.146670   0.007315
          p_z           0.078387   0.002133
          p_x           0.218838   0.016170

   16 C   s            -0.052568   0.000544
          p_y           0.077145   0.002211
          p_z          -0.365514   0.047011
          p_x           0.190997   0.012257

   17 C   s             0.224892   0.008893
          p_y          -0.108955   0.004230
          p_z           0.134320   0.006681
          p_x           0.090995   0.002790

   18 H   s             0.043104   0.000362

   19 C   s            -0.060213   0.000727
          p_y          -0.033656   0.000504
          p_z           0.279454   0.027820
          p_x          -0.195893   0.012507

   20 C   s            -0.053608   0.000571
          p_y           0.145116   0.007135
          p_z          -0.388994   0.052796
          p_x           0.077258   0.002308

   21 C   s             0.316570   0.017869
          p_y          -0.094409   0.003007
          p_z          -0.059875   0.001306
          p_x           0.244951   0.020615

   22 H   s             0.020003   0.000062

   23 C   s             0.225644   0.008959
          p_y           0.045313   0.000676
          p_z           0.087289   0.002908
          p_x          -0.172407   0.010525

   24 H   s             0.064325   0.001415

   25 H   s             0.042809   0.000356

   26 H   s             0.020833   0.000069

   27 C   s             0.318396   0.018097
          p_y           0.152794   0.008033
          p_z          -0.140902   0.006962
          p_x          -0.172044   0.010034

   28 C   s             0.060481   0.000734
          p_y          -0.033586   0.000502
          p_z           0.279596   0.027850
          p_x          -0.196169   0.012543

   29 H   s             0.064357   0.001417

   30 C   s             0.059854   0.000717
          p_y          -0.138962   0.006382
          p_z           0.310297   0.033690
          p_x          -0.014780   0.000156

   31 C   s            -0.226005   0.008989
          p_y           0.045259   0.000674
          p_z           0.087499   0.002922
          p_x          -0.172500   0.010538

   32 H   s            -0.042849   0.000357

   33 C   s            -0.225193   0.008916
          p_y          -0.109180   0.004248
          p_z           0.134447   0.006694
          p_x           0.091335   0.002810

   34 H   s            -0.043119   0.000362

   35 H   s            -0.064377   0.001418

   36 H   s            -0.064566   0.001424

Eigenvector:  98    (up)

    1 C   s            -0.343368   0.024924
          p_y          -0.125492   0.005135
          p_z          -0.108692   0.003709
          p_x           0.353300   0.040261

    2 C   s             0.108844   0.003322
          p_y           0.174938   0.009641
          p_z          -0.252497   0.020010
          p_x          -0.111054   0.003917

    3 C   s             0.339691   0.024438
          p_y          -0.222716   0.015987
          p_z           0.218098   0.015164
          p_x           0.238815   0.018556

    4 C   s             0.143002   0.005747
          p_y           0.165605   0.008541
          p_z          -0.054218   0.000919
          p_x          -0.279601   0.024328

    5 C   s            -0.200325   0.008703
          p_y           0.041891   0.000538
          p_z          -0.313767   0.031058
          p_x           0.212163   0.014361

    6 H   s            -0.085302   0.001583

    7 C   s            -0.109295   0.003346
          p_y           0.046624   0.000692
          p_z           0.186141   0.010874
          p_x          -0.268798   0.022784

    8 C   s            -0.143014   0.005748
          p_y           0.165618   0.008543
          p_z          -0.054250   0.000921
          p_x          -0.279595   0.024327

    9 C   s            -0.339707   0.024440
          p_y          -0.222697   0.015985
          p_z           0.218082   0.015161
          p_x           0.238795   0.018553

   10 H   s            -0.134019   0.003947

   11 C   s             0.086737   0.001796
          p_y           0.088177   0.002676
          p_z          -0.277146   0.024693
          p_x           0.084782   0.001972

   12 C   s             0.203524   0.008958
          p_y          -0.151288   0.007287
          p_z           0.349082   0.038544
          p_x          -0.027403   0.000221

   13 H   s             0.085574   0.001592

   14 H   s             0.134018   0.003947

   15 C   s             0.343398   0.024928
          p_y          -0.125470   0.005133
          p_z          -0.108699   0.003710
          p_x           0.353266   0.040253

   16 C   s             0.109317   0.003347
          p_y           0.046635   0.000692
          p_z           0.186123   0.010872
          p_x          -0.268806   0.022786

   17 C   s            -0.107542   0.002553
          p_y           0.155999   0.007755
          p_z          -0.224563   0.016236
          p_x          -0.099906   0.003111

   18 H   s             0.027374   0.000220

   19 C   s            -0.086236   0.001777
          p_y          -0.072102   0.001495
          p_z           0.269462   0.022944
          p_x          -0.109760   0.004256

   20 C   s            -0.108840   0.003322
          p_y           0.174925   0.009640
          p_z          -0.252452   0.020002
          p_x          -0.111070   0.003918

   21 C   s            -0.203532   0.008959
          p_y          -0.151303   0.007288
          p_z           0.349101   0.038549
          p_x          -0.027393   0.000220

   22 H   s            -0.085574   0.001592

   23 C   s             0.105408   0.002463
          p_y           0.042628   0.000558
          p_z           0.161106   0.008406
          p_x          -0.236447   0.017775

   24 H   s             0.010025  -0.000003

   25 H   s            -0.027804   0.000226

   26 H   s             0.085304   0.001583

   27 C   s             0.200294   0.008701
          p_y           0.041868   0.000537
          p_z          -0.313760   0.031057
          p_x           0.212204   0.014367

   28 C   s             0.086217   0.001776
          p_y          -0.072110   0.001495
          p_z           0.269462   0.022944
          p_x          -0.109749   0.004255

   29 H   s            -0.010640  -0.000000

   30 C   s            -0.086736   0.001796
          p_y           0.088190   0.002677
          p_z          -0.277190   0.024702
          p_x           0.084798   0.001973

   31 C   s            -0.105390   0.002462
          p_y           0.042633   0.000559
          p_z           0.161092   0.008405
          p_x          -0.236447   0.017775

   32 H   s             0.027804   0.000226

   33 C   s             0.107575   0.002555
          p_y           0.156018   0.007756
          p_z          -0.224562   0.016236
          p_x          -0.099942   0.003113

   34 H   s            -0.027374   0.000220

   35 H   s             0.010638  -0.000000

   36 H   s            -0.009984  -0.000003

Eigenvector:  99    (up)

    1 C   s             0.128597   0.003532
          p_y           0.217468   0.014373
          p_z          -0.353542   0.038456
          p_x          -0.100567   0.002948

    2 C   s            -0.200789   0.008908
          p_y          -0.161106   0.007762
          p_z           0.058925   0.001123
          p_x           0.266025   0.020804

    3 C   s            -0.128558   0.003530
          p_y           0.033237   0.000307
          p_z           0.274453   0.023331
          p_x          -0.325585   0.032152

    4 C   s            -0.000044   0.000000
          p_y           0.085249   0.002178
          p_z          -0.290492   0.025294
          p_x           0.104135   0.003250

    5 C   s             0.260744   0.014453
          p_y           0.064031   0.001208
          p_z           0.189424   0.011123
          p_x          -0.306365   0.028491

    6 H   s             0.106298   0.002072

    7 C   s             0.200813   0.008910
          p_y          -0.155841   0.007118
          p_z           0.040939   0.000430
          p_x           0.272503   0.022147

    8 C   s            -0.000042   0.000000
          p_y          -0.085252   0.002178
          p_z           0.290494   0.025294
          p_x          -0.104131   0.003250

    9 C   s            -0.128556   0.003530
          p_y          -0.033233   0.000307
          p_z          -0.274457   0.023332
          p_x           0.325582   0.032151

   10 H   s            -0.000019   0.000000

   11 C   s            -0.139775   0.004569
          p_y          -0.146326   0.006806
          p_z           0.303576   0.028569
          p_x           0.006347   0.000027

   12 C   s            -0.260775   0.014456
          p_y           0.199436   0.012092
          p_z          -0.272408   0.022817
          p_x          -0.140969   0.005916

   13 H   s            -0.106315   0.002072

   14 H   s            -0.000021   0.000000

   15 C   s             0.128593   0.003531
          p_y          -0.217468   0.014373
          p_z           0.353546   0.038457
          p_x           0.100562   0.002948

   16 C   s             0.200809   0.008910
          p_y           0.155841   0.007118
          p_z          -0.040947   0.000431
          p_x          -0.272498   0.022146

   17 C   s             0.200613   0.008487
          p_y          -0.143067   0.006219
          p_z           0.282166   0.024509
          p_x           0.019989   0.000100

   18 H   s             0.017205   0.000022

   19 C   s             0.139778   0.004569
          p_y           0.019488   0.000091
          p_z          -0.263631   0.021335
          p_x           0.209142   0.013981

   20 C   s            -0.200789   0.008908
          p_y           0.161104   0.007762
          p_z          -0.058922   0.001123
          p_x          -0.266027   0.020804

   21 C   s            -0.260774   0.014456
          p_y          -0.199438   0.012093
          p_z           0.272399   0.022815
          p_x           0.140980   0.005917

   22 H   s            -0.106315   0.002072

   23 C   s            -0.200626   0.008488
          p_y           0.009573   0.000035
          p_z          -0.240144   0.017847
          p_x           0.206721   0.012949

   24 H   s            -0.029906   0.000059

   25 H   s            -0.017210   0.000022

   26 H   s             0.106298   0.002072

   27 C   s             0.260748   0.014454
          p_y          -0.064033   0.001208
          p_z          -0.189418   0.011123
          p_x           0.306367   0.028491

   28 C   s             0.139788   0.004570
          p_y          -0.019485   0.000091
          p_z           0.263635   0.021335
          p_x          -0.209155   0.013982

   29 H   s             0.029905   0.000059

   30 C   s            -0.139773   0.004569
          p_y           0.146326   0.006806
          p_z          -0.303570   0.028568
          p_x          -0.006351   0.000027

   31 C   s            -0.200641   0.008489
          p_y          -0.009578   0.000035
          p_z           0.240152   0.017849
          p_x          -0.206723   0.012950

   32 H   s            -0.017213   0.000022

   33 C   s             0.200614   0.008487
          p_y           0.143062   0.006219
          p_z          -0.282160   0.024508
          p_x          -0.019978   0.000100

   34 H   s             0.017207   0.000022

   35 H   s             0.029904   0.000059

   36 H   s            -0.029901   0.000059

Eigenvector: 100    (up)

    1 C   s             0.097222   0.002071
          p_y          -0.060255   0.001206
          p_z           0.410926   0.051842
          p_x          -0.267629   0.021176

    2 C   s             0.131796   0.003280
          p_y           0.022144   0.000132
          p_z           0.175298   0.008881
          p_x          -0.209560   0.012500

    3 C   s            -0.097012   0.002063
          p_y           0.193233   0.011110
          p_z          -0.452772   0.062459
          p_x           0.041683   0.000644

    4 C   s            -0.340872   0.022045
          p_y          -0.180793   0.009418
          p_z           0.057203   0.000943
          p_x           0.307120   0.027177

    5 C   s            -0.145427   0.004601
          p_y          -0.155249   0.006890
          p_z           0.073041   0.001544
          p_x           0.241022   0.016548

    6 H   s            -0.043209   0.000256

    7 C   s            -0.131821   0.003282
          p_y           0.139961   0.005584
          p_z          -0.226477   0.014753
          p_x          -0.065639   0.001192

    8 C   s             0.340874   0.022045
          p_y          -0.180792   0.009418
          p_z           0.057199   0.000943
          p_x           0.307122   0.027177

    9 C   s             0.097013   0.002063
          p_y           0.193234   0.011110
          p_z          -0.452767   0.062458
          p_x           0.041677   0.000644

   10 H   s             0.078773   0.000653

   11 C   s             0.208429   0.009055
          p_y           0.176171   0.009402
          p_z          -0.266593   0.021753
          p_x          -0.100654   0.002990

   12 C   s             0.145328   0.004595
          p_y          -0.139774   0.005562
          p_z           0.019882   0.000107
          p_x           0.260082   0.019328

   13 H   s             0.043177   0.000256

   14 H   s            -0.078773   0.000653

   15 C   s            -0.097225   0.002071
          p_y          -0.060253   0.001206
          p_z           0.410922   0.051841
          p_x          -0.267631   0.021176

   16 C   s             0.131814   0.003281
          p_y           0.139959   0.005584
          p_z          -0.226481   0.014754
          p_x          -0.065631   0.001192

   17 C   s            -0.248716   0.012810
          p_y           0.121285   0.004378
          p_z          -0.302958   0.027565
          p_x           0.042974   0.000583

   18 H   s            -0.044092   0.000222

   19 C   s            -0.208430   0.009055
          p_y           0.040244   0.000469
          p_z           0.198539   0.012142
          p_x          -0.266965   0.021556

   20 C   s            -0.131794   0.003280
          p_y           0.022141   0.000131
          p_z           0.175297   0.008881
          p_x          -0.209557   0.012499

   21 C   s            -0.145323   0.004595
          p_y          -0.139771   0.005562
          p_z           0.019871   0.000107
          p_x           0.260088   0.019329

   22 H   s            -0.043176   0.000256

   23 C   s             0.248780   0.012816
          p_y          -0.049146   0.000745
          p_z           0.280259   0.023652
          p_x          -0.165568   0.008139

   24 H   s             0.044308   0.000176

   25 H   s             0.044119   0.000223

   26 H   s             0.043208   0.000256

   27 C   s             0.145431   0.004601
          p_y          -0.155248   0.006890
          p_z           0.073047   0.001545
          p_x           0.241015   0.016547

   28 C   s             0.208437   0.009056
          p_y           0.040246   0.000469
          p_z           0.198540   0.012142
          p_x          -0.266974   0.021557

   29 H   s            -0.044294   0.000176

   30 C   s            -0.208421   0.009054
          p_y           0.176166   0.009401
          p_z          -0.266576   0.021750
          p_x          -0.100661   0.002990

   31 C   s            -0.248792   0.012817
          p_y          -0.049151   0.000745
          p_z           0.280265   0.023653
          p_x          -0.165568   0.008139

   32 H   s            -0.044121   0.000223

   33 C   s             0.248697   0.012808
          p_y           0.121276   0.004377
          p_z          -0.302953   0.027563
          p_x           0.042997   0.000583

   34 H   s             0.044096   0.000222

   35 H   s             0.044294   0.000176

   36 H   s            -0.044322   0.000176

Eigenvector: 101    (up)

    1 C   s            -0.050730   0.000627
          p_y          -0.133889   0.005058
          p_z           0.169691   0.008639
          p_x           0.107200   0.002935

    2 C   s             0.241535   0.010467
          p_y           0.150331   0.006529
          p_z          -0.205828   0.012403
          p_x          -0.105940   0.003163

    3 C   s             0.050683   0.000626
          p_y          -0.051484   0.000647
          p_z          -0.111238   0.003898
          p_x           0.207884   0.012095

    4 C   s             0.000038   0.000000
          p_y          -0.046960   0.000638
          p_z           0.160026   0.007405
          p_x          -0.057367   0.000952

    5 C   s            -0.028365   0.000136
          p_y           0.206158   0.012379
          p_z          -0.412673   0.051293
          p_x          -0.022522   0.000061

    6 H   s            -0.021900  -0.000038

    7 C   s            -0.241581   0.010471
          p_y           0.047934   0.000639
          p_z           0.143366   0.006076
          p_x          -0.231058   0.015396

    8 C   s             0.000059   0.000000
          p_y           0.046952   0.000637
          p_z          -0.160022   0.007405
          p_x           0.057381   0.000952

    9 C   s             0.050683   0.000626
          p_y           0.051489   0.000647
          p_z           0.111216   0.003896
          p_x          -0.207874   0.012094

   10 H   s             0.000017   0.000000

   11 C   s            -0.353351   0.023479
          p_y          -0.212379   0.013265
          p_z           0.208759   0.013557
          p_x           0.227282   0.014434

   12 C   s             0.028451   0.000137
          p_y          -0.018264   0.000146
          p_z           0.353463   0.038133
          p_x          -0.296814   0.025473

   13 H   s             0.021920  -0.000038

   14 H   s             0.000016   0.000000

   15 C   s            -0.050734   0.000627
          p_y           0.133880   0.005057
          p_z          -0.169667   0.008637
          p_x          -0.107205   0.002935

   16 C   s            -0.241562   0.010469
          p_y          -0.047926   0.000639
          p_z          -0.143365   0.006076
          p_x           0.231045   0.015394

   17 C   s             0.318674   0.021018
          p_y          -0.107367   0.003479
          p_z           0.356083   0.037683
          p_x          -0.120659   0.004208

   18 H   s             0.056249   0.000182

   19 C   s             0.353387   0.023484
          p_y          -0.121104   0.004037
          p_z          -0.103877   0.003616
          p_x           0.339060   0.033625

   20 C   s             0.241509   0.010465
          p_y          -0.150318   0.006528
          p_z           0.205814   0.012402
          p_x           0.105928   0.003163

   21 C   s             0.028450   0.000137
          p_y           0.018263   0.000145
          p_z          -0.353442   0.038128
          p_x           0.296801   0.025471

   22 H   s             0.021919  -0.000038

   23 C   s            -0.318752   0.021027
          p_y           0.100093   0.002918
          p_z          -0.353799   0.037080
          p_x           0.133181   0.005386

   24 H   s            -0.068101   0.000513

   25 H   s            -0.056275   0.000182

   26 H   s            -0.021900  -0.000038

   27 C   s            -0.028352   0.000136
          p_y          -0.206142   0.012377
          p_z           0.412645   0.051286
          p_x           0.022516   0.000061

   28 C   s             0.353371   0.023482
          p_y           0.121097   0.004036
          p_z           0.103876   0.003616
          p_x          -0.339047   0.033623

   29 H   s             0.068090   0.000513

   30 C   s            -0.353313   0.023474
          p_y           0.212358   0.013262
          p_z          -0.208723   0.013552
          p_x          -0.227275   0.014433

   31 C   s            -0.318745   0.021026
          p_y          -0.100093   0.002918
          p_z           0.353785   0.037077
          p_x          -0.133175   0.005386

   32 H   s            -0.056273   0.000182

   33 C   s             0.318614   0.021010
          p_y           0.107348   0.003478
          p_z          -0.356060   0.037677
          p_x           0.120689   0.004210

   34 H   s             0.056251   0.000182

   35 H   s             0.068087   0.000513

   36 H   s            -0.068134   0.000514

Eigenvector: 102    (up)

    1 C   s            -0.014119   0.000036
          p_y           0.122093   0.004489
          p_z          -0.357719   0.039111
          p_x           0.093887   0.002797

    2 C   s            -0.329819   0.019151
          p_y          -0.151993   0.006629
          p_z           0.113002   0.003799
          p_x           0.196820   0.010895

    3 C   s             0.014057   0.000036
          p_y          -0.084326   0.002229
          p_z           0.345754   0.036670
          p_x          -0.158122   0.007490

    4 C   s             0.312886   0.017149
          p_y           0.121621   0.004202
          p_z          -0.038430   0.000420
          p_x          -0.206652   0.012132

    5 C   s             0.066286   0.000886
          p_y          -0.158100   0.007415
          p_z           0.399466   0.048292
          p_x          -0.060944   0.001239

    6 H   s             0.024110  -0.000091

    7 C   s             0.329874   0.019159
          p_y          -0.109927   0.003383
          p_z          -0.030446   0.000310
          p_x           0.248229   0.017637

    8 C   s            -0.312884   0.017149
          p_y           0.121624   0.004202
          p_z          -0.038440   0.000420
          p_x          -0.206647   0.012131

    9 C   s            -0.014052   0.000036
          p_y          -0.084323   0.002229
          p_z           0.345764   0.036673
          p_x          -0.158138   0.007492

   10 H   s            -0.019492  -0.000085

   11 C   s             0.312595   0.017976
          p_y           0.169062   0.008360
          p_z          -0.138629   0.006071
          p_x          -0.206844   0.011883

   12 C   s            -0.066331   0.000887
          p_y           0.067598   0.001460
          p_z          -0.370927   0.041881
          p_x           0.214854   0.013616

   13 H   s            -0.024109  -0.000091

   14 H   s             0.019492  -0.000085

   15 C   s             0.014114   0.000036
          p_y           0.122102   0.004490
          p_z          -0.357730   0.039114
          p_x           0.093881   0.002797

   16 C   s            -0.329895   0.019161
          p_y          -0.109931   0.003383
          p_z          -0.030456   0.000310
          p_x           0.248250   0.017640

   17 C   s            -0.260186   0.014044
          p_y           0.077786   0.001850
          p_z          -0.285091   0.024137
          p_x           0.112904   0.003632

   18 H   s            -0.042754   0.000049

   19 C   s            -0.312635   0.017981
          p_y           0.114164   0.003574
          p_z           0.049546   0.000912
          p_x          -0.274117   0.021843

   20 C   s             0.329833   0.019153
          p_y          -0.152002   0.006630
          p_z           0.113012   0.003800
          p_x           0.196830   0.010897

   21 C   s             0.066336   0.000887
          p_y           0.067603   0.001460
          p_z          -0.370956   0.041888
          p_x           0.214877   0.013619

   22 H   s             0.024111  -0.000091

   23 C   s             0.260247   0.014050
          p_y          -0.089975   0.002330
          p_z           0.288931   0.024655
          p_x          -0.092355   0.002643

   24 H   s             0.058543   0.000397

   25 H   s             0.042770   0.000050

   26 H   s            -0.024113  -0.000091

   27 C   s            -0.066280   0.000886
          p_y          -0.158111   0.007416
          p_z           0.399496   0.048299
          p_x          -0.060951   0.001239

   28 C   s             0.312666   0.017985
          p_y           0.114174   0.003574
          p_z           0.049556   0.000912
          p_x          -0.274147   0.021847

   29 H   s            -0.058536   0.000397

   30 C   s            -0.312607   0.017978
          p_y           0.169070   0.008361
          p_z          -0.138622   0.006071
          p_x          -0.206867   0.011886

   31 C   s            -0.260279   0.014053
          p_y          -0.089987   0.002331
          p_z           0.288962   0.024660
          p_x          -0.092365   0.002644

   32 H   s            -0.042775   0.000050

   33 C   s             0.260172   0.014043
          p_y           0.077782   0.001850
          p_z          -0.285117   0.024141
          p_x           0.112946   0.003635

   34 H   s             0.042762   0.000050

   35 H   s             0.058542   0.000397

   36 H   s            -0.058582   0.000398

