#"Step","Time (ps)","Potential Energy (kJ/mole)","Kinetic Energy (kJ/mole)","Temperature (K)"
50,0.05000000000000004,-5366.781785202897,17448.50200141848,91.12935830289943
100,0.10000000000000007,-9373.2928098017,24168.212505201598,126.22480123211058
150,0.1500000000000001,-8410.369425962705,25333.31411342356,132.30984864227287
200,0.20000000000000015,-3500.467709867604,24463.21191635255,127.765512694661
250,0.25000000000000017,-574.0107817793541,25009.3658339904,130.61794415524744
300,0.3000000000000002,1206.150082552238,27009.180947650715,141.06250082936702
350,0.35000000000000026,-446.7522621605822,30458.30586905255,159.0764564553764
400,0.4000000000000003,4663.985021816305,28800.41135914177,150.4176694254189
450,0.45000000000000034,8126.878148399519,28078.064902023594,146.64502641548023
500,0.5000000000000003,8044.107501632388,31982.95900118129,167.03935559446023
550,0.5500000000000004,7355.7209100913315,34902.002738122945,182.28482380622793
600,0.6000000000000004,5587.599849469872,38285.97679882732,199.95851204838058
650,0.6500000000000005,8600.658980788015,36743.80567501832,191.90412062299913
700,0.7000000000000005,10988.121578733997,36813.95264936184,192.27048151508578
750,0.7500000000000006,12898.808335794798,37259.8158011573,194.5991182605626
800,0.8000000000000006,11226.207330710859,40680.04489635964,212.4621578882256
850,0.8500000000000006,13529.93094359411,39715.72413294369,207.42574087310794
900,0.9000000000000007,15659.97594328216,39289.40540927704,205.19918000747637
950,0.9500000000000007,16052.802228967688,41056.717127290074,214.42942698057638
1000,1.0000000000000007,15464.676336473094,43262.968641956184,225.952151668918
1050,1.0499999999999952,15686.084925917094,44430.50839971264,232.04993295173637
1100,1.0999999999999897,15963.413575299623,44902.20279242348,234.51348009861007
1150,1.1499999999999841,18350.373381337493,44247.07138213828,231.09188522367407
1200,1.1999999999999786,19471.616905049363,44596.45459488807,232.91663029216795
1250,1.2499999999999731,19820.353733892996,45677.83049044243,238.5643983033176
1300,1.2999999999999676,19879.837350377325,46351.311720729085,242.08182990518696
1350,1.3499999999999621,20606.37109636372,46653.97284980188,243.66255669040856
1400,1.3999999999999566,21227.89477243797,47066.740974663735,245.8183460151021
1450,1.449999999999951,20997.288522479103,48514.671722125226,253.38054246454377
1500,1.4999999999999456,21480.572294977414,49082.044137979574,256.34379307318454
1550,1.54999999999994,21541.618633964354,49740.04016057552,259.78034913399443
1600,1.5999999999999346,23104.74096450163,48604.40994882524,253.84922378823265
1650,1.649999999999929,23315.120013102787,49294.87432383298,257.45535429848235
1700,1.6999999999999236,23358.82604658143,49982.143577588664,261.0447974536011
1750,1.749999999999918,23438.788895650723,50645.019708515814,264.50684115458984
1800,1.7999999999999126,23667.81754526418,50787.860282386835,265.2528633538265
1850,1.849999999999907,23647.197392861577,51628.123004346235,269.64135485021876
1900,1.8999999999999015,24670.5373041121,51078.76449737464,266.77218658497225
1950,1.949999999999896,24458.158736789235,51965.94231297976,271.4057044096021
2000,1.9999999999998905,24830.098458144705,52087.43530847109,272.04023330592355
2050,2.0499999999998852,25425.03738330619,51982.90772538288,271.49431070632113
2100,2.0999999999998797,25597.02795606258,52356.06105901257,273.4432014385741
2150,2.1499999999998742,25882.39014900697,52775.83364173376,275.63557337362175
2200,2.1999999999998687,26127.54475281143,52966.4215595465,276.63096854560547
2250,2.249999999999863,26142.120726180263,53410.88747128749,278.95230784001467
2300,2.2999999999998577,26614.268700537876,53599.26975591989,279.93618351672256
2350,2.349999999999852,26683.771532041348,53708.77427269774,280.50809945222363
2400,2.3999999999998467,26364.778347200518,54058.89367138613,282.33668944403365
2450,2.449999999999841,26998.68599426146,53664.79532949549,280.27840793644
2500,2.4999999999998357,27308.77573327897,53736.6529299101,280.65370301990544
2550,2.54999999999983,27333.249204785774,53873.12828118392,281.366481181878
2600,2.5999999999998247,27343.43256654103,54307.47181024108,283.6349536893046
2650,2.649999999999819,27162.204965093515,54689.6547309222,285.63100379797106
2700,2.6999999999998137,27838.537542258076,54360.08319828616,283.9097304026055
2750,2.749999999999808,27759.385461040278,54517.83855158193,284.7336489323178
2800,2.7999999999998026,28035.616068962365,54675.30199506915,285.55604288682395
2850,2.849999999999797,28167.017273104117,54621.53385747221,285.27522474690835
2900,2.8999999999997916,28075.765947876404,54634.26863704184,285.3417354588431
2950,2.949999999999786,28267.315385008944,54733.18280768333,285.8583405460243
3000,2.9999999999997806,28635.789833559007,54829.479749144775,286.36127647033453
3050,3.049999999999775,28691.42388794181,55108.76063909705,287.8198938511013
3100,3.0999999999997696,28456.160065506163,55606.30789646393,290.4184643350045
3150,3.149999999999764,29116.968092856594,55016.6055154342,287.3385896518619
3200,3.1999999999997586,28905.387070143493,55440.3286973903,289.55159462309575
3250,3.249999999999753,28670.124054751373,55988.30217898742,292.41352923163066
3300,3.2999999999997476,28504.480054341242,56203.844972015286,293.5392577562827
3350,3.349999999999742,29008.46034864257,55723.43602666441,291.0301965824788
3400,3.3999999999997366,28557.818883450833,56322.428843611146,294.15859299335494
3450,3.449999999999731,29650.838853197278,55527.30859767402,290.0058698667505
3500,3.4999999999997256,29508.203273110543,55955.20698509105,292.2406809388408
3550,3.54999999999972,29366.13475101976,56304.73474074537,294.0661809204003
3600,3.5999999999997145,29978.937731892598,55960.390977664705,292.26775569383386
3650,3.649999999999709,29672.516076036045,56111.405608962654,293.05646904260226
3700,3.6999999999997035,28950.840174117984,56566.572990599256,295.4336995581836
3750,3.749999999999698,29318.549724011755,56198.34051515638,293.51050929287203
3800,3.7999999999996925,29665.17326416917,55870.986883418904,291.80081946414435
3850,3.849999999999687,29794.19396880389,56110.81156132415,293.0533664736773
3900,3.8999999999996815,29771.07998825553,56320.516999936095,294.1486078904923
3950,3.949999999999676,30169.883596105108,56075.43271107235,292.86859118920415
4000,3.9999999999996705,29731.57897567917,56543.88311405452,295.31519575256607
4050,4.049999999999687,29248.666005411687,57091.44214123822,298.174965764694
4100,4.099999999999704,30524.67885148691,56200.313582200535,293.52081415076805
4150,4.149999999999721,29631.590564919767,57199.241157660486,298.7379742792041
4200,4.199999999999737,30020.51254561659,56737.09045001339,296.3242715198677
4250,4.249999999999754,30765.730252437206,55939.50616089486,292.15867928427417
4300,4.299999999999771,29270.485485041267,57327.11001506254,299.4058027793829
4350,4.349999999999787,29900.60335289582,56652.27724978329,295.8813124330672
4400,4.399999999999804,29933.725345982937,56512.422495796134,295.15088445790786
4450,4.449999999999821,29698.65184457788,56692.48174254996,296.09129089576976
4500,4.4999999999998375,29557.608762806616,56633.312681953306,295.7822650250606
4550,4.549999999999854,29352.513013921976,56725.57459644437,296.26412696728835
4600,4.599999999999871,29165.2097992771,56824.20757619111,296.7792634615898
4650,4.649999999999888,30035.026953880595,56174.276626667895,293.384829351061
4700,4.699999999999904,29502.794078179526,56734.5155632009,296.3108235010689
4750,4.749999999999921,29585.341919337312,56648.3617863095,295.860862902569
4800,4.799999999999938,29573.62289500577,56679.28876704686,296.0223871359166
4850,4.849999999999954,29606.976955367507,56946.17109134154,297.41624976970496
4900,4.899999999999971,29821.46369114721,56617.3244272057,295.698762189378
4950,4.949999999999988,30271.541219830244,56219.816709270905,293.62267432504996
5000,5.000000000000004,29996.411084379473,56522.99489090387,295.2061015522931
5050,5.050000000000021,30490.823287296116,56492.2628609163,295.0455955001469
5100,5.100000000000038,30183.736128428834,56723.49337601378,296.25325725008787
5150,5.1500000000000545,29679.90785970845,57264.80666216369,299.08040724861866
5200,5.200000000000071,29796.04424649253,57234.250615115394,298.92082031333
5250,5.250000000000088,30299.487754958733,56781.450544352265,296.55595369699836
5300,5.300000000000105,30024.63410463745,56917.84163005359,297.26829176001297
5350,5.350000000000121,29910.128401344802,56993.13434829924,297.6615276434171
5400,5.400000000000138,30263.157075965613,56737.282032212024,296.32527210793086
5450,5.450000000000155,30642.29609870928,56605.95831743969,295.6393997129148
5500,5.500000000000171,29663.657496020744,57599.30539863166,300.82741425271445
5550,5.550000000000188,30332.091257971973,56947.843808721365,297.42498597304404
5600,5.600000000000205,29935.577301848876,57371.346364310375,299.6368386654601
5650,5.6500000000002215,29522.55382729217,57723.16598474152,301.4743085093271
5700,5.700000000000238,30608.738647594357,56737.25068262103,296.3251083765051
5750,5.750000000000255,30168.42653556398,57220.43414018801,298.84866016490935
5800,5.800000000000272,30465.95636270314,56641.61213697373,295.82561109627136
5850,5.850000000000288,29978.139943440125,57207.199874183505,298.77954075462975
5900,5.900000000000305,30428.56504222635,56892.90448670817,297.13805101666486
5950,5.950000000000322,30238.512499745106,57064.1677790781,298.03251828573156
6000,6.000000000000338,30232.2854634452,56871.510988386166,297.02631788485905
6050,6.050000000000355,30236.22433038326,57225.10764027373,298.87306873957124
6100,6.100000000000372,30356.88448351621,57274.09772449934,299.1289322479872
6150,6.1500000000003885,30614.50925989906,56952.75868940465,297.45065522091227
6200,6.200000000000405,30188.228429798655,57456.1648407584,300.07982530868657
6250,6.250000000000422,30203.889512803908,57444.24293935445,300.01756006525164
6300,6.300000000000439,30068.789602448684,57845.56529015867,302.11357084591504
6350,6.350000000000455,31047.43219533893,56949.74557431023,297.4349184404697
6400,6.400000000000472,30175.179212672585,57850.21856930118,302.1378738114204
6450,6.450000000000489,30287.584100532134,57542.41784067284,300.5303041253359
6500,6.500000000000505,30515.382576340213,57294.29492334723,299.234417393381
6550,6.550000000000522,30378.122888692138,57396.13164724314,299.76628627814546
6600,6.600000000000539,30394.650541752308,57242.67204511568,298.9648034307264
6650,6.6500000000005555,30687.654992242227,57241.504285849136,298.9587045030016
6700,6.700000000000572,30677.019747434773,57174.558334159155,298.60906178765623
6750,6.750000000000589,30732.868725362387,57322.013019060825,299.3791823867055
6800,6.800000000000606,30981.664155707185,56987.26040451532,297.63084943805075
6850,6.850000000000622,30786.58405836115,57164.91314096552,298.55868724740213
6900,6.900000000000639,30072.986225462002,57771.68350600315,301.7277039342559
6950,6.950000000000656,30445.652561697556,57256.30258952527,299.0359925084629
7000,7.000000000000672,30191.614954685283,57601.343234194996,300.83805738111585
7050,7.050000000000689,30209.69110770245,57396.144327910864,299.7663525062441
7100,7.100000000000706,31002.705817626833,56920.97251202373,297.2846436087183
7150,7.1500000000007224,30358.701343853023,57714.787583761405,301.4305501222255
7200,7.200000000000739,30249.93719213309,57609.79405370521,300.8821939929028
7250,7.250000000000756,30750.075094497763,56896.05111517012,297.1544851055358
7300,7.3000000000007725,29665.09722168452,57651.88374571035,301.1020184009398
7350,7.350000000000789,30418.75757545942,56883.85721116363,297.0907992574768
7400,7.400000000000806,29631.014381035035,57411.3088980115,299.8455534337563
7450,7.450000000000823,29773.24353160984,57124.07244676732,298.34538605658224
7500,7.500000000000839,30307.723473999664,56596.29426636166,295.5889266824349
7550,7.550000000000856,30097.850963577825,57104.89857796193,298.24524551957353
7600,7.600000000000873,30343.338062765673,56832.15313372107,296.8207612107379
7650,7.650000000000889,30285.28369563308,56995.381337051585,297.67326312896756
7700,7.700000000000906,29698.29513406176,57422.358585146685,299.90326331039756
7750,7.750000000000923,29782.84791280062,57537.01185721193,300.50206996496223
7800,7.8000000000009395,30001.93335947417,57497.488676951405,300.2956498347448
7850,7.850000000000956,30628.05111927857,56957.3453785739,297.4746104028926
7900,7.900000000000973,30148.378373703308,57637.327854190036,301.02599645626714
7950,7.95000000000099,30814.105470863404,57107.08850937553,298.25668300827215
8000,8.000000000001005,30762.101540757405,56999.68230183311,297.69572604071743
8050,8.050000000000978,30426.965756573743,57036.81791523083,297.8896764794911
8100,8.10000000000095,30282.94574376854,57174.416972684674,298.60832349043983
8150,8.150000000000922,30290.544665509493,57294.47457432492,299.2353556675271
8200,8.200000000000895,29978.85919056108,57556.38531472684,300.60325290612803
8250,8.250000000000867,29822.046942779387,57605.00639657135,300.8571892032453
8300,8.30000000000084,30558.276810640447,57035.888755588596,297.88482370061354
8350,8.350000000000811,30551.62831036646,56770.57298337504,296.49914279416697
8400,8.400000000000784,30178.56138021598,56996.75327903523,297.68042845425384
8450,8.450000000000756,29748.029792656875,57029.948331338586,297.8537982836518
8500,8.500000000000728,29643.55886639384,56940.57225450725,297.38700838222604
8550,8.5500000000007,30655.168741523186,56138.60023048303,293.1985000552497
8600,8.600000000000673,29591.898522249445,57325.63520514479,299.39810019944724
8650,8.650000000000645,30104.442064398223,56704.06506120434,296.15178780237557
8700,8.700000000000617,29894.992645039507,56840.46392376019,296.86416648204386
8750,8.75000000000059,29448.9034069346,57152.81268005091,298.4954894302929
8800,8.800000000000562,30388.734947543642,56291.90667091105,293.9991829756959
8850,8.850000000000534,30027.082317792207,56775.99023326332,296.5274357963998
8900,8.900000000000507,30366.81828347015,56694.236079181435,296.100453376965
8950,8.950000000000479,30121.958305162,57049.03800120106,297.95349906969295
9000,9.000000000000451,30043.58262459703,57099.938339638116,298.2193393795827
9050,9.050000000000423,30618.270176434235,56634.96095635356,295.79087356855564
9100,9.100000000000396,29853.970620118824,57091.87987820386,298.1772519603101
9150,9.150000000000368,29892.889171379902,57199.62009384576,298.73995337238915
9200,9.20000000000034,30098.520758908904,57023.05526093677,297.817797423383
9250,9.250000000000313,30341.053211324324,56990.51538936774,297.64784944646766
9300,9.300000000000285,29924.52103105368,57902.80760316988,302.4125337741974
9350,9.350000000000257,30488.557403980038,57185.751939980044,298.66752331721733
9400,9.40000000000023,30511.826505112367,56990.64942826089,297.6485494995908
9450,9.450000000000202,30510.33348598426,56916.28254598334,297.26014903630806
9500,9.500000000000174,30092.790612619956,57170.07766783088,298.58566033765027
9550,9.550000000000146,29986.192230777924,57519.77754768979,300.4120592828177
9600,9.600000000000119,30440.411782403444,57016.877893608886,297.7855345093204
9650,9.650000000000091,29836.729210213212,57386.14069387258,299.71410591507356
9700,9.700000000000063,30296.908479078527,56805.95896533309,296.6839553258384
9750,9.750000000000036,29848.43792779519,57458.317946401796,300.09107046518335
9800,9.800000000000008,30013.78627924969,57507.532262322435,300.3481050821837
9850,9.84999999999998,30382.29906101439,57150.965910349325,298.48584419325044
9900,9.899999999999952,30673.040997223667,56645.26179584385,295.84467239281315
9950,9.949999999999925,30606.01269832246,56745.16805957243,296.3664589452224
10000,9.999999999999897,30039.570185868877,57072.16755861665,298.07429922347933
10050,10.04999999999987,30088.895354181837,57196.47293032016,298.7235164890087
10100,10.099999999999842,30304.75925897524,56999.599829171595,297.69529530570526
10150,10.149999999999814,30556.864895353847,56733.86638857852,296.3074330170744
10200,10.199999999999786,30296.620692761884,56786.100316516706,296.58023834639494
10250,10.249999999999758,29915.418011121546,57340.314849685936,299.47476847658874
10300,10.29999999999973,30168.09620984819,56752.66851938477,296.40563205530486
10350,10.349999999999703,30476.199968451674,56631.02705975123,295.7703277662299
10400,10.399999999999675,30027.889590801024,57366.063879159454,299.6092495072614
10450,10.449999999999648,30025.889014854278,57270.47686646872,299.11002137135097
10500,10.49999999999962,30157.668904949838,57071.27329280896,298.069628686765
10550,10.549999999999592,30418.819154296158,56891.329785828646,297.12982673009526
10600,10.599999999999564,30369.852916430274,56948.312182573245,297.4274321777993
10650,10.649999999999537,30521.37857387531,57069.05690231669,298.0580530086184
10700,10.699999999999509,30539.359455755563,57279.50271773949,299.15716123667437
10750,10.749999999999481,30552.712829672957,57192.59747261465,298.7032758990827
10800,10.799999999999454,30366.92291805317,57703.270254154435,301.3703978606525
10850,10.849999999999426,30271.710414403227,57986.863063703844,302.8515353675544
10900,10.899999999999398,30789.5743352035,57134.5220904073,298.3999620493711
10950,10.94999999999937,30582.646904716865,57056.20535639802,297.99093245393277
11000,10.999999999999343,30194.68529098516,57156.937157350345,298.51703059007843
11050,11.049999999999315,30428.359745936737,56800.87604524356,296.6574084482883
11100,11.099999999999287,29925.656502869293,57188.35534918376,298.68112030165275
11150,11.14999999999926,30202.956340043347,57042.94379487106,297.92167048565904
11200,11.199999999999232,30066.023557531036,56939.78667578711,297.38290549220966
11250,11.249999999999204,30139.11990000963,57325.01845210479,299.39487904563345
11300,11.299999999999176,30429.198903506112,56913.51983988752,297.24572008225397
11350,11.349999999999149,29821.279344963572,57644.18334143624,301.06180102869115
11400,11.399999999999121,30577.943560093612,56762.899065992024,296.459063756624
11450,11.449999999999093,30194.623941993676,57308.35926255803,299.3078720777505
11500,11.499999999999066,30529.656274562716,57185.86399720902,298.6681085653589
11550,11.549999999999038,30585.79431203982,56782.15756974583,296.55964632175284
11600,11.59999999999901,30395.634883873106,57190.16587134329,298.6905762264409
11650,11.649999999998983,30166.965403423615,57306.25181115803,299.2968653624622
11700,11.699999999998955,30460.041577033444,56842.96272854563,296.8772171425879
11750,11.749999999998927,30087.912025377518,57219.72790753385,298.84497168044345
11800,11.7999999999989,29607.791808260423,57213.362286986754,298.8117255647821
11850,11.849999999998872,30311.03894313056,56754.35386046578,296.4144341892199
11900,11.899999999998844,29742.234512881114,57429.68777811815,299.9415419346779
11950,11.949999999998816,29893.336183638305,57257.182923562534,299.0405902828679
12000,11.999999999998789,29608.558162836016,57434.200429003795,299.9651104323874
12050,12.04999999999876,30062.338603459197,57049.38422130868,297.9553072946189
12100,12.099999999998733,30102.74739942568,57130.08575045212,298.3767921054242
12150,12.149999999998705,29849.63493338169,57362.15691739281,299.58884437914895
12200,12.199999999998678,30319.307888523002,57058.21741037254,298.00144093125385
12250,12.24999999999865,30084.83974752575,57080.88350884227,298.1198205496652
12300,12.299999999998622,30453.424111377855,56687.58457464098,296.065714157491
12350,12.349999999998595,30279.401612851834,57044.23310178114,297.92840422769376
12400,12.399999999998567,29930.73101038856,57224.97823393735,298.8723928811856
12450,12.44999999999854,29468.267839025182,57335.530507489195,299.4497810000561
12500,12.499999999998511,30107.75455051259,56688.18717566907,296.06886139872677
12550,12.549999999998484,30233.875946001004,56606.72384492812,295.6433978801373
12600,12.599999999998456,29951.03695152139,57115.8402436547,298.30239122602245
12650,12.649999999998428,30284.044530149484,57016.747465909684,297.7848533166008
12700,12.6999999999984,29772.15595423153,57359.40842489706,299.57448965933304
12750,12.749999999998373,30440.22110784922,56936.559153546106,297.36604891445256
12800,12.799999999998345,30394.217534932744,57523.48228476562,300.43140823967224
12850,12.849999999998317,30200.681118393128,57489.41632150417,300.25348985036106
12900,12.89999999999829,30859.570666842694,56924.877913556826,297.30504058810345
12950,12.949999999998262,30233.632633911206,57340.86873305835,299.47766127714544
13000,12.999999999998234,30330.27379891462,57191.497894209526,298.69753306371183
13050,13.049999999998207,30622.560665099227,56859.99659268663,296.9661809463838
13100,13.099999999998179,30105.13193377375,57183.93277869227,298.6580222723259
13150,13.149999999998151,30460.769093703522,56972.08666781308,297.55160063556787
13200,13.199999999998123,30194.868154783147,57480.54080043204,300.20713512375806
13250,13.249999999998096,30759.165661503732,57042.21677115867,297.917873414462
13300,13.299999999998068,30062.327843399144,57686.413126277715,301.2823571081506
13350,13.34999999999804,30572.909210184924,56981.28381859163,297.5996351573048
13400,13.399999999998013,30429.162658716756,57079.67451833767,298.1135062810323
13450,13.449999999997985,30533.865827344132,56802.64450212452,296.6666446761739
13500,13.499999999997957,30173.767975898656,56973.509258517275,297.55903048702385
13550,13.54999999999793,30072.918069517174,57249.25136057716,298.99916562388364
13600,13.599999999997902,30417.336168798356,57128.959029418445,298.37090751058753
13650,13.649999999997874,30213.51557869195,57260.07032065325,299.0556704682054
13700,13.699999999997846,30113.83268103948,57267.61363524652,299.0950673985726
13750,13.749999999997819,29612.464105214873,57615.2178065459,300.91052095850273
13800,13.799999999997791,30421.971115130822,56551.15335594404,295.35316648942614
13850,13.849999999997763,29941.653674145455,57284.75682815536,299.18460220040936
13900,13.899999999997736,30112.12375523011,57016.41411205405,297.7831122890358
13950,13.949999999997708,30363.192989725947,57067.33295431337,298.0490492399696
14000,13.99999999999768,29740.186136805576,57643.799584424894,301.0597967574829
14050,14.049999999997652,30578.734462486907,56645.61512689999,295.8465177565247
14100,14.099999999997625,30815.658918147812,56597.62409039911,295.5958720357482
14150,14.149999999997597,29898.601080604814,57555.790548817036,300.6001465858436
14200,14.19999999999757,30682.205456878924,56830.410302045806,296.81165881718084
14250,14.249999999997542,30605.723839404833,56834.661834771134,296.83386355710815
14300,14.299999999997514,29964.385412648044,57455.102391322784,300.074276389055
14350,14.349999999997486,30443.675601818177,57111.67693869867,298.2806472786606
14400,14.399999999997458,30146.349676654136,57113.07972529428,298.2879736979878
14450,14.44999999999743,30045.01550838747,57265.600139939175,299.0845513935144
14500,14.499999999997403,29756.500397881093,57169.4153742636,298.58220133654004
14550,14.549999999997375,30063.211032429273,56935.704744062205,297.3615865377976
14600,14.599999999997348,29907.923863671087,57109.20143592579,298.2677183189624
14650,14.64999999999732,29841.25690448349,57133.522522034116,298.39474154250917
14700,14.699999999997292,30347.24516422321,56785.4850030636,296.5770247111996
14750,14.749999999997264,29959.16211291175,57049.627491305684,297.95657783570715
14800,14.799999999997237,30422.086486814973,56748.222171767186,296.3824098437276
14850,14.849999999997209,30234.64423667448,57209.22427893638,298.79011373711614
14900,14.899999999997181,30412.77709061106,57400.58053477141,299.7895217550695
14950,14.949999999997154,30309.462375267605,57665.239971536445,301.1717747782369
15000,14.999999999997126,31188.41443271139,56593.440660320564,295.5740229796784
15050,15.049999999997098,30057.552169219896,57533.52364192618,300.4838518497001
15100,15.09999999999707,30292.303589241114,57464.437873699964,300.1230333836904
15150,15.149999999997043,30446.074398727927,56909.72524612823,297.2259018254044
15200,15.199999999997015,29837.503788069524,57260.58232231105,299.0583445305703
15250,15.249999999996987,30019.48256158,57270.73584436901,299.1113739510661
15300,15.29999999999696,30436.50736170644,56835.31722085781,296.83728648209706
15350,15.349999999996932,30245.96932215032,57230.82849172797,298.90294738026654
15400,15.399999999996904,29870.00205433371,57631.987721375255,300.9981062180895
15450,15.449999999996876,30448.36520644056,57064.219246820685,298.03278708945777
15500,15.499999999996849,30286.65514196647,57187.52971032441,298.6768081870978
15550,15.549999999996821,30239.05779103202,57202.613942413765,298.75558952836616
15600,15.599999999996793,30133.38716062026,57033.72508689788,297.87352337584355
15650,15.649999999996766,30451.299021303857,56860.80311477032,296.9703932185856
15700,15.699999999996738,29857.556693870734,57447.725997422145,300.0357512455957
15750,15.74999999999671,30523.35429625931,56737.2532496849,296.32512178366653
15800,15.799999999996682,30277.504491974047,56749.74476551969,296.3903619872188
15850,15.849999999996655,29675.567143247048,57200.047559567865,298.74218592375365
15900,15.899999999996627,29915.150106307767,57051.310221526706,297.9653663337241
15950,15.9499999999966,29839.66808801842,57104.359425389484,298.24242965446655
16000,15.999999999996572,29903.05816334112,57233.20042911008,298.9153354426658
16050,16.049999999996633,30168.615720884576,56911.9807970081,297.2376820289018
16100,16.099999999996694,30204.809171821486,56942.851049703306,297.39890998523487
16150,16.149999999996755,29987.731685678278,57016.14876840386,297.7817264625293
16200,16.199999999996816,29824.95055598756,56995.669119313665,297.6747661469844
16250,16.249999999996877,29868.81792137398,56770.161180764335,296.49699204749214
16300,16.29999999999694,30075.125660117243,56771.65431909496,296.50479035235037
16350,16.349999999997,29731.814126374018,57009.08341124589,297.7448257896845
16400,16.39999999999706,30205.534255665778,56593.79724378103,295.5758853299209
16450,16.44999999999712,29929.09460284564,56863.46403898974,296.9842905902104
16500,16.499999999997183,29333.945658427547,57519.045652898254,300.4082367711378
16550,16.549999999997244,29628.033974709455,57297.28741565191,299.25004646591856
16600,16.599999999997305,29891.69242274874,56729.077957681206,296.28242418623523
16650,16.649999999997366,29320.69459783154,57149.38530062907,298.477589046217
16700,16.699999999997427,29355.67973168932,56950.989149227746,297.4414133352306
16750,16.74999999999749,29879.716142254947,56601.344280646765,295.61530170082807
16800,16.79999999999755,30437.069341469978,56130.68948912608,293.1571841426573
16850,16.84999999999761,29636.099285694305,56803.475981536125,296.6709872945383
16900,16.89999999999767,29059.038962813283,57426.553238665925,299.92517098381734
16950,16.949999999997733,29942.50053277665,56268.53330027962,293.877109443719
17000,16.999999999997794,29018.008708221336,57085.94666950558,298.1462642284517
17050,17.049999999997855,29851.015859334097,56668.13378461533,295.9641273270927
17100,17.099999999997916,29929.376020729418,56922.01548683599,297.2900908170436
17150,17.149999999997977,29852.392032303957,57328.21752406137,299.4115870343504
17200,17.199999999998038,30510.653924135273,56988.780742447256,297.6387897999299
17250,17.2499999999981,30850.91835999822,56676.59672049425,296.0083272197793
17300,17.29999999999816,30376.641466466266,57193.1768821593,298.7063020167399
17350,17.34999999999822,30020.765669860106,57803.251167936956,301.892574292463
17400,17.399999999998283,30320.666287812073,57537.24396402492,300.50328220340674
17450,17.449999999998344,30851.968235929235,57294.91733566624,299.23766810425735
17500,17.499999999998405,30345.438451543792,57539.344951034924,300.5142551567301
17550,17.549999999998466,30218.89869405813,57874.1974053459,302.2631095446328
17600,17.599999999998527,31036.647276559837,56980.99877133424,297.59814642356423
17650,17.649999999998588,30830.603239038202,57094.03643254388,298.1885151285257
17700,17.69999999999865,30952.25036745261,56957.54203525832,297.475637493783
17750,17.74999999999871,30277.408317289628,57463.792576759246,300.1196631519011
17800,17.79999999999877,30461.89758509861,57095.99991064118,298.19876990564256
17850,17.849999999998833,29844.017015978556,57473.54327757129,300.17058873324515
17900,17.899999999998894,30082.119547148424,57142.823082196504,298.4433161467581
17950,17.949999999998955,30233.088382786416,56974.023726185056,297.56171742876984
18000,17.999999999999016,30071.86983474935,57210.47981389449,298.7966710963124
18050,18.049999999999077,30249.5459157448,57209.228498655684,298.7901357757022
18100,18.099999999999138,30293.298220780904,57280.75330598665,299.16369276038085
18150,18.1499999999992,30346.91409037807,57072.275876747735,298.07486494320574
18200,18.19999999999926,30656.841030496827,56965.036542683716,297.5147795159702
18250,18.24999999999932,30221.870245795246,57170.640863459965,298.5886017738993
18300,18.299999999999383,30243.669235082423,57472.292360534135,300.164055492347
18350,18.349999999999444,30486.81420845433,57296.60515758881,299.24648319501534
18400,18.399999999999505,30297.947385552892,57366.83103606397,299.6132561845349
18450,18.449999999999566,30228.155373826114,57382.086213492454,299.69293033247845
18500,18.499999999999627,30694.147379506096,56941.54430619184,297.3920851759959
18550,18.549999999999688,29955.91250794186,57548.203548288024,300.5605214942686
18600,18.59999999999975,30371.87209153094,57349.353797664204,299.5219767428872
18650,18.64999999999981,30284.349620507135,57297.567223904734,299.25150783758966
18700,18.69999999999987,30400.993660845896,57505.00056008919,300.3348826061275
18750,18.749999999999932,30108.10502703605,57631.02725626552,300.9930899382326
18800,18.799999999999994,30623.59281769061,57110.85848587361,298.2763726950463
18850,18.850000000000055,30368.297367862477,57278.77601606601,299.15336584740965
18900,18.900000000000116,30177.32534157041,57334.924582314554,299.4466163975968
18950,18.950000000000177,29962.91592692551,57250.913013616846,299.0078440408168
19000,19.000000000000238,30686.507154000785,56519.32085782932,295.1869129551035
19050,19.0500000000003,29736.08167527516,57377.720216334805,299.67012777216144
19100,19.10000000000036,30114.154534611982,56827.89208550911,296.79850677369666
19150,19.15000000000042,29931.548483809274,56955.23359396643,297.46358105629673
19200,19.200000000000482,29683.133074336445,57339.23717286872,299.4691400279802
19250,19.250000000000544,30690.462405341736,56554.208819323816,295.369124444848
19300,19.300000000000605,30797.682569109915,56563.073687730226,295.4154235351224
19350,19.350000000000666,30102.619722633957,57371.101846656835,299.6355616081597
19400,19.400000000000727,30620.806995322724,56811.55463365728,296.7131801649459
19450,19.450000000000788,30360.07443192427,57214.30982962612,298.81667435366285
19500,19.50000000000085,30186.565103319394,57333.67981124688,299.4401152556293
19550,19.55000000000091,30502.5948957792,57189.7582232492,298.688447177814
19600,19.60000000000097,30558.38652882356,56975.160550509296,297.5676547906799
19650,19.650000000001032,30171.85285852883,57660.05861466272,301.14471378887504
19700,19.700000000001094,30513.070023588974,57139.35409623399,298.4251984616583
19750,19.750000000001155,30075.846841936218,57700.628005532606,301.3565980272132
19800,19.800000000001216,30380.11013113788,57227.09466889441,298.8834465154467
19850,19.850000000001277,30482.08561900603,57187.23661260985,298.6752774077423
19900,19.900000000001338,30531.477375736224,57019.31416127221,297.7982585534129
19950,19.9500000000014,30264.504237613015,57226.4949670084,298.8803144157375
20000,20.00000000000146,30283.86515043574,57233.800337689754,298.91846862188663
20050,20.05000000000152,30227.934689422473,57334.16844115076,299.4426672529059
20100,20.100000000001582,29712.837287085946,57784.92210493577,301.7968459743841
20150,20.150000000001643,29723.47891181198,57909.84662339641,302.44929689554004
20200,20.200000000001705,30436.913762951706,57405.96546666074,299.8176459681131
20250,20.250000000001766,30701.262981570602,57315.54813567776,299.3454178449613
20300,20.300000000001827,30595.11876066784,57499.657625946405,300.30697773728275
20350,20.350000000001888,30652.029771884678,57270.72984978834,299.11134264280315
20400,20.40000000000195,30711.042437254382,57357.23772324968,299.56315260311027
20450,20.45000000000201,31051.129571365032,56803.78285189809,296.6725900051415
20500,20.50000000000207,30844.845453525268,56957.89612157579,297.4774868020441
20550,20.550000000002132,30406.659863883677,57690.930147331586,301.30594843020486
20600,20.600000000002193,30254.696686261486,57318.883670484414,299.3628385465494
20650,20.650000000002255,30495.400152448055,57273.997223292536,299.1284073541892
20700,20.700000000002316,30687.907914275136,56884.48867320324,297.09409723288223
20750,20.750000000002377,30186.445465664816,57410.03292101786,299.8388893106911
20800,20.800000000002438,30166.940603793875,57354.63990342014,299.54958481064114
20850,20.8500000000025,30266.085387542924,56928.68433960315,297.32492064216206
20900,20.90000000000256,30178.6495585923,57154.11719078111,298.5023025782486
20950,20.95000000000262,30098.526180167777,57113.28944639789,298.2890690212192
21000,21.000000000002682,30014.681408527438,57211.62723623555,298.8026638091329
21050,21.050000000002743,30458.452211735043,56783.929371739585,296.5689000203636
21100,21.100000000002805,30391.777037207357,56894.74618909487,297.14766978833194
21150,21.150000000002866,30309.246507246764,57160.63970588233,298.5363681166912
21200,21.200000000002927,30433.19903266133,56708.10626806974,296.17289406057375
21250,21.250000000002988,30779.213554422982,56385.49198998868,294.4879567439783
21300,21.30000000000305,30211.240078284573,56853.177350716374,296.9305656743787
21350,21.35000000000311,30045.77635290475,57216.60302221165,298.82865115079807
21400,21.40000000000317,30488.10483349148,56865.51797270047,296.9950177953905
21450,21.450000000003232,29937.765223147922,57426.5816912929,299.925319585092
21500,21.500000000003293,30694.769578339386,56783.23080966258,296.56525159749
21550,21.550000000003354,30690.237195712893,56818.487150117515,296.74938704255607
21600,21.600000000003416,30342.638252021272,57280.25504897673,299.1610904830289
21650,21.650000000003477,30479.28249614004,57257.23901911665,299.04088325654845
21700,21.700000000003538,30679.744810259588,57323.176448096325,299.3852586986679
21750,21.7500000000036,30353.71011130599,57856.55871270264,302.17098686603543
21800,21.80000000000366,30214.498224651958,57474.02183744628,300.1730881371661
21850,21.85000000000372,30297.526502318164,57481.70408989284,300.2132107067551
21900,21.900000000003782,31000.009926960454,57143.484908318125,298.4467727065113
21950,21.950000000003843,30429.221230888652,57519.45648172556,300.4103824319746
22000,22.000000000003904,30730.40249080598,57424.663892744735,299.9153033813495
22050,22.050000000003966,30991.323303611935,57096.56014802557,298.20169589168614
22100,22.100000000004027,30687.730782696635,57566.55363124808,300.65635959457194
22150,22.150000000004088,30952.759906798732,57196.11253350918,298.72163422254727
22200,22.20000000000415,30347.816935309136,57976.237351159994,302.79603980893546
22250,22.25000000000421,30700.51744925762,57702.141086936295,301.3645004899786
22300,22.30000000000427,31232.3431689223,57128.53853367148,298.3687113617384
22350,22.350000000004332,30457.547794146107,57825.336319659815,302.007919764777
22400,22.400000000004393,30866.839910577,57487.34667149004,300.24268056268215
22450,22.450000000004454,31239.395067586796,57121.23130185172,298.33054743530784
22500,22.500000000004515,30702.449449110172,57564.67715564984,300.6465592107267
22550,22.550000000004577,30325.006634230907,57922.47297613873,302.5152413200539
22600,22.600000000004638,30579.30788493139,57940.71201604056,302.61049946898726
22650,22.6500000000047,30703.243769022505,57640.38939448376,301.0419861499591
22700,22.70000000000476,30935.75232069518,57581.865869460096,300.73633175735864
22750,22.75000000000482,30600.383962954053,57771.93797246703,301.7290329518163
22800,22.800000000004882,30763.834897791174,57899.24429036262,302.39392344251786
22850,22.850000000004943,30646.667454118062,57768.850445228636,301.71290753451945
22900,22.900000000005004,31118.262579340924,57410.573758977705,299.8417139781739
22950,22.950000000005065,30628.194096544074,57884.70377745142,302.3179818166473
23000,23.000000000005127,30660.179164711953,57566.85222604746,300.6579190838884
23050,23.050000000005188,30342.623998883748,57613.32585869125,300.9006397667579
23100,23.10000000000525,30555.40600413469,57343.49197009473,299.49136181761486
23150,23.15000000000531,29868.273583989954,57633.2241484964,301.0045637816172
23200,23.20000000000537,30495.869637642383,56824.7958133156,296.78233568358803
23250,23.250000000005432,30115.395942140043,57468.97117872028,300.146709753012
23300,23.300000000005493,30616.689879574784,57206.710289361574,298.7769837700443
23350,23.350000000005554,30731.68255547058,57247.51101750488,298.99007622770563
23400,23.400000000005615,30842.202734139384,57507.78795391774,300.3494404983129
23450,23.450000000005677,30820.12296697228,57304.87342349236,299.2896663729183
23500,23.500000000005738,30586.69177481802,57443.88614449836,300.0156966109403
23550,23.5500000000058,30234.85279245783,58015.11025672803,302.9990637097549
23600,23.60000000000586,30597.30260795279,57572.087545230825,300.68526190550443
23650,23.65000000000592,30706.38390936872,57711.76552257887,301.4147666185015
23700,23.700000000005982,31198.09466668793,57464.17951479062,300.1216840368171
23750,23.750000000006043,30993.544356038903,57674.797425035395,301.22169107502265
23800,23.800000000006104,30624.796990970593,58035.88633658825,303.10757221240794
23850,23.850000000006165,30938.04576727197,57419.13726603094,299.8864391300821
23900,23.900000000006226,30440.39580298347,57891.51565791183,302.3535586412448
23950,23.950000000006288,30687.739340595057,57525.190149269416,300.4403280080448
24000,24.00000000000635,30889.518773593314,57668.932845854295,301.19106177874
24050,24.05000000000641,31005.627357876023,57403.664137650245,299.80562667637366
24100,24.10000000000647,30468.42894053737,57603.32645853206,300.8484152881266
24150,24.150000000006532,30417.038482201104,57450.79681018107,300.05178936715856
24200,24.200000000006593,30768.302483512845,57137.18573916284,298.4138736505971
24250,24.250000000006654,30516.213934485022,57348.79074212112,299.51903603827395
24300,24.300000000006715,30463.681188584815,57550.10702354888,300.5704628909027
24350,24.350000000006776,30507.34644926228,57285.194351105216,299.1868872782722
24400,24.400000000006838,30778.548009505743,57080.926666444204,298.12004595151166
24450,24.4500000000069,30333.496535289378,57233.94108365174,298.9192037044283
24500,24.50000000000696,30390.79711729502,57413.008103886525,299.8544279801788
24550,24.55000000000702,30143.46383243373,57688.09046454177,301.2911174452642
24600,24.600000000007082,30545.9931871792,57184.974651674696,298.6634637260572
24650,24.650000000007143,30017.020602363184,57716.039679743975,301.4370895204739
24700,24.700000000007204,30457.138800546138,57464.32538810157,300.12244589827776
24750,24.750000000007265,30062.458260531515,57669.78712316501,301.19552346508607
24800,24.800000000007326,30323.226102034627,57286.59821323926,299.1942193148797
24850,24.850000000007388,30118.592306107224,57560.839189323844,300.62651442932093
24900,24.90000000000745,30620.362875034327,57351.47368661729,299.53304841654455
24950,24.95000000000751,30622.89052613564,57534.94250681533,300.4912622421141
25000,25.00000000000757,30423.4613966216,57986.82136230131,302.8513175710895
25050,25.050000000007632,31013.632739163186,57489.34325398588,300.25310823616553
25100,25.100000000007693,30650.497734071214,57963.509238020146,302.72956391417114
25150,25.150000000007754,30945.084800557568,57621.93593543544,300.9456081410385
25200,25.200000000007815,31051.440057885884,57801.901534820805,301.885525481063
25250,25.250000000007876,30959.277218826122,58101.336682443056,303.44940373570813
25300,25.300000000007937,30672.155702583237,58178.61085445356,303.85298827884725
25350,25.350000000008,31077.39360112988,57825.37512996607,302.0081224617366
25400,25.40000000000806,31115.108753875626,57878.177303827,302.28389560378355
25450,25.45000000000812,31159.432723755745,57906.0260363689,302.42934288205913
25500,25.500000000008182,31063.374022468895,58183.527782203986,303.8786682180582
25550,25.550000000008243,31371.929524738025,57856.72773325639,302.1718696200164
25600,25.600000000008304,31174.90666693813,58048.82233748745,303.17513385528446
25650,25.650000000008365,31411.319852020017,58018.89974957717,303.01885532576915
25700,25.700000000008426,31358.544202331897,58275.89329261716,304.36107121704276
25750,25.750000000008487,31415.153883227293,58345.133740964346,304.7226975403782
25800,25.80000000000855,31336.069412816723,58743.08895749046,306.8011225829617
25850,25.85000000000861,31338.481392496615,58543.9793848172,305.7612208430757
25900,25.90000000000867,31359.748796111533,58280.76842673817,304.3865328781098
25950,25.950000000008732,31354.92013365897,58338.6862754793,304.6890239681549
26000,26.000000000008793,30830.17602075429,58502.20532765635,305.5430449204396
26050,26.050000000008854,31504.957455443964,57743.689057633645,301.5814956170176
26100,26.100000000008915,30889.90791949377,58065.008463649276,303.2596701261011
26150,26.150000000008976,31089.888641707505,57740.37907838837,301.56420838602236
26200,26.200000000009037,31168.605258422213,57853.250130683286,302.15370693241755
26250,26.2500000000091,30767.579009636444,57815.412123889306,301.9560880607049
26300,26.30000000000916,30480.83227069197,57973.58766021608,302.7822011060256
26350,26.35000000000922,30829.680409061155,57390.189662414174,299.7352527106526
26400,26.400000000009282,30933.930761891614,57168.018737831044,298.5749070380455
26450,26.450000000009343,30396.17966851942,57394.07693497434,299.75555500674244
26500,26.500000000009404,30207.7414203141,57293.260541684,299.2290150650205
26550,26.550000000009465,30493.291504880188,57031.061803482065,297.8596136826996
26600,26.600000000009526,30134.998767430487,57481.25804213295,300.21088110584566
26650,26.650000000009587,30361.293275340555,57109.21754229199,298.2678024386661
26700,26.70000000000965,30283.96908851825,57206.84247530937,298.7776741456765
26750,26.75000000000971,30097.531136972342,57346.60080507606,299.5075985201636
26800,26.80000000000977,30367.66771787744,57057.97056680188,298.0001517262439
26850,26.850000000009832,30699.99473456009,56823.79347256963,296.7771006972852
26900,26.900000000009893,29816.041874652714,57335.932111537026,299.451878482073
26950,26.950000000009954,30159.58924423497,56990.80332099548,297.6493532445856
27000,27.000000000010015,30162.674702243385,57119.8844999655,298.3235134107456
27050,27.050000000010076,30467.628205664754,56996.91447105154,297.68127032165364
27100,27.100000000010137,30180.825423467577,57080.46775879583,298.1176491864763
27150,27.1500000000102,30108.96374151176,57237.15208700142,298.9359740079616
27200,27.20000000001026,29827.169691957446,57228.960290515155,298.89319021156
27250,27.25000000001032,29997.983782757503,56919.70316781121,297.27801412708465
27300,27.30000000001038,30116.90682282165,56798.65958075887,296.6458323836969
27350,27.350000000010443,30281.55733856802,56959.03591337595,297.4834396623721
27400,27.400000000010504,30143.391125844253,57216.210041677354,298.8265987073325
27450,27.450000000010565,30340.84687973644,57046.94267991376,297.942555707086
27500,27.500000000010626,30496.55604127219,56767.54479364802,296.48332728251904
27550,27.550000000010687,30597.141647054697,56523.39312211455,295.2081814187872
27600,27.60000000001075,30110.445474388358,56895.92143595047,297.153807821946
27650,27.65000000001081,30425.70197349124,56573.11816525797,295.46788344208267
27700,27.70000000001087,30026.957717742414,57268.97442450631,299.1021744758461
27750,27.75000000001093,30189.87499257119,57181.05245677276,298.64297903891776
27800,27.800000000010993,29850.13488762123,57536.30274574712,300.4983664451558
27850,27.850000000011054,30169.061475779683,57308.81609913167,299.3102580260572
27900,27.900000000011115,30106.395754878955,57248.34968469643,298.99445638612775
27950,27.950000000011176,30282.1313458352,56664.10069855316,295.9430634819101
28000,28.000000000011237,30122.11219457795,57105.28615909624,298.2472697632626
28050,28.0500000000113,30258.447183012227,57127.349736430464,298.36250255769795
28100,28.10000000001136,30433.42090100563,57145.38271150046,298.4566844792341
28150,28.15000000001142,30076.731769518723,57324.4545063652,299.3919336917364
28200,28.20000000001148,30360.674187091434,56854.40646678961,296.9369850540495
28250,28.250000000011543,29660.645530877395,57460.23492372708,300.101082379875
28300,28.300000000011604,29939.18027076999,57244.19678144053,298.9727667643612
28350,28.350000000011665,30600.141528055297,56871.32297365552,297.02533592882907
28400,28.400000000011726,30672.712483579264,56994.29620589596,297.66759574813005
28450,28.450000000011787,30148.094172133548,57665.84404278486,301.17492969808234
28500,28.50000000001185,30651.36839230488,56941.93998181991,297.3941516952924
28550,28.55000000001191,30595.727503110014,57098.017427642655,298.2093069150486
28600,28.60000000001197,30772.03610690475,57000.820553410005,297.7016708568272
28650,28.65000000001203,30533.438315168154,57169.80536515371,298.5842381658081
28700,28.700000000012093,30525.056086464465,57303.06234674364,299.2802075516433
28750,28.750000000012154,30075.617097093593,57681.49937586775,301.25669376343
28800,28.800000000012215,30346.251046334517,57331.48082002126,299.42863044969647
28850,28.850000000012276,30412.226515077382,57512.82513729834,300.37574850395663
28900,28.900000000012337,30559.51819209122,57150.20970398794,298.4818947080481
28950,28.9500000000124,30488.334655728027,57106.21633872611,298.25212786929194
29000,29.00000000001246,30324.051535834566,57297.84200296185,299.25294294297277
29050,29.05000000001252,30386.666553293653,57325.485255059146,299.39731704596613
29100,29.10000000001258,30682.47480827575,56744.547048675115,296.36321555363685
29150,29.150000000012643,29897.170334080307,57655.32586309904,301.1199957578962
29200,29.200000000012704,30279.335537751278,57597.77077304049,300.81939926980374
29250,29.250000000012765,30245.542907507035,57601.178316100675,300.8371960533006
29300,29.300000000012826,30590.148002899165,57305.95982183537,299.29534037197294
29350,29.350000000012887,30655.036172588443,56998.2488782102,297.6882396115144
29400,29.400000000012948,30402.142393684997,56990.60864484535,297.6483364975527
29450,29.45000000001301,30300.832232269437,57192.008232163585,298.70019843694945
29500,29.50000000001307,30522.27453249135,56820.9684333062,296.7623461919853
29550,29.55000000001313,30293.387494100025,57050.90724810413,297.96326169978994
29600,29.600000000013193,30215.64119370994,57168.6532190654,298.578220781984
29650,29.650000000013254,30039.823683961604,57331.252490512255,299.42743793920846
29700,29.700000000013315,30154.715176924277,57452.26111336642,300.05943707294045
29750,29.750000000013376,30275.44862303469,57406.301935391144,299.8194032639249
29800,29.800000000013437,30425.396697287957,57609.58879693942,300.8811219858415
29850,29.850000000013498,30638.391521031364,57274.73507839922,299.1322609951715
29900,29.90000000001356,30360.69276634998,57669.29424804422,301.1929492960555
29950,29.95000000001362,30543.98953731441,57545.703645157235,300.5474650973292
30000,30.00000000001368,30969.32477164254,57187.437123902775,298.67632463033226
30050,30.050000000013743,30438.050266748076,57604.07460432201,300.85232267488965
30100,30.100000000013804,30358.729154422588,57849.440896413646,302.1338122116794
30150,30.150000000013865,30907.020710227283,57000.642913245196,297.7007430846765
30200,30.200000000013926,30570.6918455541,57215.04497639709,298.82051384965456
30250,30.250000000013987,30693.018344319687,57172.73031128595,298.5995144608207
30300,30.300000000014048,30814.576958796184,57248.90655025093,298.9973647619092
30350,30.35000000001411,30670.572685090832,57603.69482615338,300.8503391842265
30400,30.40000000001417,30400.602327085377,57379.71860814926,299.6805648952838
30450,30.45000000001423,30280.402557031965,57314.85815926657,299.34181426296954
30500,30.500000000014293,30277.747620152273,57600.37807119043,300.8330165652764
30550,30.550000000014354,30609.916763537607,57247.072916471036,298.98778813064814
30600,30.600000000014415,30648.734784712615,57437.33236197304,299.98146777021003
30650,30.650000000014476,30692.435296015166,57632.52532633276,301.0009140003732
30700,30.700000000014537,30126.005450782504,57761.1815715237,301.67285483890237
30750,30.750000000014598,30626.941360691468,57704.07556524098,301.37460380810546
30800,30.80000000001466,30536.507072540044,57726.87442720536,301.4936768185382
30850,30.85000000001472,30742.393629109087,57487.33709649674,300.24263055477917
30900,30.90000000001478,30273.515690158187,57758.77336068152,301.66027732888534
30950,30.950000000014843,30563.556282648777,57669.9036600985,301.19613210965423
31000,31.000000000014904,30158.202972148487,57839.2736159144,302.08071093413093
31050,31.050000000014965,30267.66758700372,57794.9754216158,301.8493520461255
31100,31.100000000015026,30144.22582297842,57973.349211763154,302.7809557467104
31150,31.150000000015087,30607.20206948957,57631.698727729716,300.9965968733062
31200,31.200000000015148,30485.67577705863,57770.78938066986,301.72303413120585
31250,31.25000000001521,30682.83539061511,57538.935772881814,300.5121181169704
31300,31.30000000001527,30327.4940417396,57860.09264062816,302.1894437274964
31350,31.35000000001533,30860.61704562477,57344.45131749057,299.49637225991904
31400,31.400000000015392,30675.737246331075,57633.251769842216,301.0047080413089
31450,31.450000000015454,31107.488990453887,57146.78339869605,298.46399993389645
31500,31.500000000015515,30386.716905334586,58014.11587523258,302.9938702927165
31550,31.550000000015576,30516.301169730337,57922.02943633069,302.512924817578
31600,31.600000000015637,30900.359191166834,57520.49954539912,300.4158301044013
31650,31.650000000015698,31260.168469418786,56990.649131618076,297.64854795029623
31700,31.70000000001576,30973.298859654693,57422.60400075368,299.9045450574943
31750,31.75000000001582,30704.511595614138,57576.44280527585,300.7080083884468
31800,31.80000000001588,30651.743499675445,57677.37232848131,301.23513918069375
31850,31.850000000015942,30461.571628334903,57656.861952607724,301.12801838649847
31900,31.900000000016004,30708.776737078275,57562.435218412444,300.6348501080322
31950,31.950000000016065,30770.896000406356,57562.99307499439,300.63776365971324
32000,32.00000000001612,30354.671595504064,57973.16098885954,302.7799727034427
32050,32.050000000016006,31099.82027619266,57202.55295169985,298.75527098843526
32100,32.10000000001589,30446.61414794348,57673.78146325557,301.2163849493135
32150,32.15000000001577,30404.46862120455,57941.695548038195,302.61563622169
32200,32.200000000015656,30946.623165594036,57109.63280736629,298.2699712689613
32250,32.25000000001554,30737.163954187832,57285.1119598942,299.1864569686566
32300,32.30000000001542,30684.440119237937,57112.70208988065,298.28600139842234
32350,32.35000000001531,30549.396341724132,56936.01009950675,297.36318133634893
32400,32.40000000001519,30209.928214978252,57395.950695052445,299.76534120807463
32450,32.45000000001507,30277.198568158157,57191.98253461656,298.7000642247993
32500,32.50000000001496,30490.469563622282,57048.42298336159,297.95028697841707
32550,32.55000000001484,30532.30537311542,56976.31301762312,297.57367385114367
32600,32.600000000014724,30203.531696108003,57388.41785145508,299.725998965218
32650,32.65000000001461,30583.932943793785,57194.817489490255,298.71487051696334
32700,32.70000000001449,30677.690024399926,57176.94045361807,298.62150302861056
32750,32.750000000014374,30078.938067895033,57771.61049900991,301.72732263616825
32800,32.80000000001426,30722.277079927408,57271.68413346744,299.1163266385243
32850,32.85000000001414,30227.39336939456,57747.23507913859,301.60001564035525
32900,32.900000000014025,30808.99111804438,57247.47623779055,298.98989458156495
32950,32.95000000001391,30343.82769277168,57571.22754824562,300.6807703466647
33000,33.00000000001379,30687.896827598997,56786.40252797323,296.58181672464787
33050,33.050000000013675,30388.13049667747,56920.691550620104,297.28317621441596
33100,33.10000000001356,30480.776048614105,56950.42324663502,297.4384577611571
33150,33.15000000001344,30144.284797048385,57339.118891316044,299.4685222716826
33200,33.200000000013326,30379.821558536205,57199.344969501064,298.73851646365154
33250,33.25000000001321,29961.354928575303,57674.44183970251,301.2198339377621
33300,33.30000000001309,30385.865462238493,57464.85673157722,300.1252209783374
33350,33.350000000012976,30344.359830199588,57696.33209065853,301.3341614899239
33400,33.40000000001286,30668.153411477884,57430.70551050116,299.9468573078246
33450,33.45000000001274,30499.60441625036,57399.48908461273,299.78382137158826
33500,33.500000000012626,30709.89089765928,57194.31146836438,298.7122276894882
33550,33.55000000001251,29883.483036111582,57874.30455664995,302.2636691703003
33600,33.60000000001239,30572.916553182047,57276.28272258241,299.1403439710787
33650,33.65000000001228,30266.94362261841,57352.32007854898,299.5374689194394
33700,33.70000000001216,30762.754810167746,57028.29483772905,297.8451624814734
33750,33.750000000012044,30058.38305470009,57489.85483235925,300.2557800878169
33800,33.80000000001193,30299.565276218855,57552.746661282494,300.5842490882965
33850,33.85000000001181,30254.77160675615,57718.61606691281,301.4505453752754
33900,33.900000000011694,30293.41778644264,57688.70473829836,301.2943256503729
33950,33.95000000001158,30537.050037952322,57443.653082385244,300.0144793831914
34000,34.00000000001146,30882.494786053183,57163.15157575861,298.549487013084
34050,34.050000000011345,30760.017591756106,57355.11758394366,299.5520796219194
34100,34.10000000001123,30448.820161691307,57636.49578024965,301.021650732821
34150,34.15000000001111,30431.239792444976,57740.241581477036,301.5634902724962
34200,34.200000000010995,30556.373467883757,57674.62261678082,301.2207780932627
34250,34.25000000001088,30576.944016587462,57596.09656988097,300.81065530659225
34300,34.30000000001076,30300.89623090026,57720.07431203469,301.4581614412388
34350,34.350000000010645,30803.159148534247,57323.367507596406,299.3862565568014
34400,34.40000000001053,30763.30072990575,57353.50132505371,299.5436382877877
34450,34.45000000001041,30721.819294343877,57512.90999184293,300.37619167897515
34500,34.500000000010296,30793.45016300681,57565.86890179706,300.6527834161999
34550,34.55000000001018,30528.683306165785,57838.07943371926,302.0744740057613
34600,34.60000000001006,30708.432178054216,57648.54046474355,301.08455724300734
34650,34.650000000009946,31073.47662107763,57191.755880819255,298.69888046615324
34700,34.70000000000983,30616.655612736708,57677.20175200941,301.234248300524
34750,34.75000000000971,30334.000372102222,57507.558026515086,300.348239642408
34800,34.8000000000096,30598.56580490734,57329.309650854775,299.41729095173315
34850,34.85000000000948,30328.13536475438,57773.364764497535,301.7364847457962
34900,34.90000000000936,30762.126561699457,57455.631459879885,300.0770395877584
34950,34.95000000000925,30884.857662626266,57197.53903023926,298.7290844742435
35000,35.00000000000913,30257.62497899218,57948.96392360526,302.6535972111937
35050,35.050000000009014,31091.0043460751,57105.4078486364,298.2479053186648
35100,35.1000000000089,30962.51152957337,57271.88969348289,299.117400229386
35150,35.15000000000878,30501.905701399548,57465.43477480618,300.12823996005403
35200,35.200000000008664,30785.369775486488,56880.737314100414,297.0745047803166
35250,35.25000000000855,30118.92933435108,57239.98591841262,298.9507744325493
35300,35.30000000000843,30312.318517021267,57142.66797481898,298.44250605797333
35350,35.350000000008315,30431.805983189603,57456.235697979,300.08019537902516
35400,35.4000000000082,30451.8167860568,57026.74671979588,297.8370770312832
35450,35.45000000000808,30350.743617526343,57426.291501972744,299.92380399558584
35500,35.500000000007965,30107.57861060858,57692.98810884547,301.31669667163885
35550,35.55000000000785,30032.177562426543,57637.9326566991,301.0291551953123
35600,35.60000000000773,31031.378543462255,56501.69460551059,295.0948552493496
35650,35.650000000007616,30312.537763502216,57330.688569816295,299.4244927161084
35700,35.7000000000075,30345.401606424733,57178.50775663427,298.62968867790704
35750,35.75000000000738,30600.04543337298,57070.090667936296,298.06345211953015
35800,35.800000000007266,30734.179275603776,57022.13145820666,297.8129726223779
35850,35.85000000000715,30079.188307123914,57832.64214178402,302.0460763287043
35900,35.90000000000703,30240.123729382816,57688.2012678053,301.29169614424376
35950,35.950000000006916,30589.260848707145,57360.07440733333,299.57796792652493
36000,36.0000000000068,30939.53450246965,56778.09505835517,296.5384287951079
36050,36.05000000000668,30342.26342226266,57315.72354847503,299.3463339841033
36100,36.10000000000657,30259.521850202407,57152.29799190518,298.4928013370432
36150,36.15000000000645,30284.677586717888,57236.23839408655,298.93120200810677
36200,36.200000000006334,30453.92765644812,57165.21084248765,298.560242071345
36250,36.25000000000622,30233.08851540678,57408.15295194607,299.829070681268
36300,36.3000000000061,30400.38948158572,57400.681162794,299.79004731119596
36350,36.350000000005984,30001.754017625673,57549.094463250316,300.56517453031773
36400,36.40000000000587,30322.739604902046,57418.49335653752,299.88307614459853
36450,36.45000000000575,30575.177635265572,57049.33766939026,297.9550641650681
36500,36.500000000005635,30518.040200202653,57389.10254184082,299.7295749395614
36550,36.55000000000552,31037.699542227023,56955.436485861166,297.4646407122013
36600,36.6000000000054,30537.060945635763,57608.21543120237,300.8739492246313
36650,36.650000000005285,30284.665293735146,57922.57034729811,302.5157498663619
36700,36.70000000000517,30403.063938461775,57700.26209904814,301.3546869850432
36750,36.75000000000505,30743.825421535606,57178.86015244233,298.63152915704126
36800,36.800000000004935,30111.0366108826,57780.24597709178,301.77242367556835
36850,36.85000000000482,30500.125134893984,57595.47338209853,300.8074005456557
36900,36.9000000000047,30380.655867463796,58116.154231866385,303.5267922571101
36950,36.950000000004586,30841.51673171525,57789.214870435324,301.81926606324254
37000,37.00000000000447,31120.147202184577,57416.079357747396,299.8704684055119
37050,37.05000000000435,30736.984878576513,57683.89485760623,301.26920479237884
37100,37.100000000004236,30476.364714561823,57912.506288410914,302.4631876906382
37150,37.15000000000412,30400.18048888581,58058.600189935576,303.2262012431384
37200,37.200000000004,30863.68436614718,57399.01301502209,299.78133497382765
37250,37.25000000000389,31003.372967969168,57269.44350831532,299.1046243885378
37300,37.30000000000377,30302.836463289146,58238.68944862257,304.16676442615875
37350,37.350000000003654,31384.06544189858,57129.07562145656,298.37151644295415
37400,37.40000000000354,30419.04971721195,58385.34628393097,304.9327180473523
37450,37.45000000000342,31218.659500540434,57763.96175501716,301.6873750732299
37500,37.500000000003304,30757.789489578776,57822.098753240454,301.99101072867546
37550,37.55000000000319,30921.78509262029,57457.48391765774,300.0867145322645
37600,37.60000000000307,30544.582740618775,57725.252257122585,301.4852046116582
37650,37.650000000002954,30852.784331358394,57402.77816470344,299.80099945129103
37700,37.70000000000284,30324.9355569603,57723.32946794485,301.4751623430494
37750,37.75000000000272,30570.492263589455,57653.337617454585,301.10961162579633
37800,37.800000000002605,30745.279697069396,57512.54596078932,300.37429043173256
37850,37.85000000000249,30871.005825519536,57436.25394361124,299.9758354486912
37900,37.90000000000237,30500.100773136037,57680.33264913643,301.25060022839
37950,37.950000000002255,30404.24331156003,57654.05284735145,301.1133471007119
38000,38.00000000000214,30538.99599263663,57485.8948521525,300.23509805705555
38050,38.05000000000202,30146.629516118766,57846.54800110589,302.1187033104676
38100,38.100000000001906,31401.691859630788,56795.8992196121,296.6314156767516
38150,38.15000000000179,30863.532671746245,57330.42973973892,299.4231409084369
38200,38.20000000000167,30493.625947622793,57939.15888130098,302.60238781721546
38250,38.250000000001556,30417.534133759604,57858.517743710574,302.1812184170668
38300,38.30000000000144,30470.10104568066,58026.10565187609,303.0564900323153
38350,38.35000000000132,30846.30714344968,57655.62330894213,301.1215492464885
38400,38.40000000000121,31244.885520768657,56981.75391455605,297.6020903562425
38450,38.45000000000109,30370.617963542725,57706.9923914668,301.38983769478625
38500,38.50000000000097,30472.659447407146,57350.362897149054,299.5272470284688
38550,38.55000000000086,31048.435520891675,56914.42136934899,297.250428555297
38600,38.60000000000074,30443.185460516128,57369.556435503546,299.62749029483433
38650,38.650000000000624,30860.098349020165,57053.84219892862,297.97859024692053
38700,38.70000000000051,30470.29806524115,57526.57292974772,300.44754994019985
38750,38.75000000000039,30530.678385014693,57389.15812067361,299.72986521452987
38800,38.800000000000274,30870.484879519965,57171.20020723994,298.5915230928604
38850,38.85000000000016,30495.918229644027,57493.48369865739,300.2747327897216
38900,38.90000000000004,31269.546278575956,56836.35533239583,296.8427082907028
38950,38.949999999999925,30195.494803870548,57979.05124403288,302.8107360993
39000,38.99999999999981,30770.679567164916,57820.84623746812,301.9844691379654
39050,39.04999999999969,30832.439913090624,57658.55678044754,301.13687006748887
39100,39.099999999999575,30696.998883919572,57864.44148704423,302.21215671358664
39150,39.14999999999946,30876.54324765184,57957.849851378865,302.7000062895128
39200,39.19999999999934,31179.970170824243,57848.81540605521,302.13054542493836
39250,39.249999999999226,30833.432712132308,58035.42582343989,303.10516706222955
39300,39.29999999999911,31063.83654630852,57723.56455229554,301.4763901324622
39350,39.34999999999899,30499.04428628287,58118.75401811375,303.5403703197099
39400,39.399999999998876,30813.51705121431,57603.95756523288,300.8517114076824
39450,39.44999999999876,30840.119775475614,57337.90952676642,299.46220604950196
39500,39.49999999999864,30687.922067680676,57433.89513159577,299.96351593694686
39550,39.549999999998526,31117.480052738945,56877.88072784091,297.05958551259124
39600,39.59999999999841,31082.913450064974,57293.73659688116,299.2315013876074
39650,39.64999999999829,30743.226399645202,57411.40512862426,299.84605602326167
39700,39.69999999999818,30592.8109366328,57635.39113227196,301.01588142028345
39750,39.74999999999806,30406.758371302618,57907.75683026893,302.43838240519136
39800,39.799999999997944,30741.791779610176,57455.51783494324,300.0764461518541
39850,39.84999999999783,30149.384626617248,58023.02525613403,303.0404018611205
39900,39.89999999999771,30640.186709683992,57616.03179169335,300.91477220850396
39950,39.949999999997594,30880.59989325492,57502.872301244824,300.3237672185273
40000,39.99999999999748,30387.207413780867,58055.61697756004,303.2106206374543
40050,40.04999999999736,30630.84556267954,57873.151597539014,302.2576475402532
40100,40.099999999997245,30515.93928382313,57792.50520112298,301.8364506745144
40150,40.14999999999713,30783.223123445256,57582.415612376346,300.7392029333017
40200,40.19999999999701,30424.966499046164,57988.56228254105,302.8604099816753
40250,40.249999999996895,30508.11994854991,57969.23160793293,302.7594504854127
40300,40.29999999999678,30884.082490532324,57449.267075745396,300.04379992958474
40350,40.34999999999666,30652.0194765368,57232.115034132,298.90966668394657
40400,40.399999999996545,30980.463494682066,57172.21618938985,298.59682932495764
40450,40.44999999999643,30668.725661559256,57443.894771764615,300.0157416690913
40500,40.49999999999631,30400.49785386018,57568.118766534266,300.66453392233234
40550,40.549999999996196,30540.921561956544,57236.90886480961,298.9347037165484
40600,40.59999999999608,30487.653818544713,57199.6581472073,298.7401521160073
40650,40.64999999999596,30116.576942576365,57593.65524363756,300.79790484274434
40700,40.699999999995846,30362.78516363119,57623.73524762454,300.9550055188287
40750,40.74999999999573,30679.53116016861,57472.675987197945,300.1660590827812
40800,40.79999999999561,30126.648214852765,58051.449229032616,303.1888534823804
40850,40.8499999999955,30646.514721383654,57502.27035546194,300.3206233994806
40900,40.89999999999538,30495.17863759552,57734.089765038676,301.5313608046268
40950,40.94999999999526,30634.234644460208,57746.85323035461,301.5980213353628
41000,40.99999999999515,30735.813031672016,57566.88595552032,300.6580952448688
41050,41.04999999999503,30567.87799415327,57479.90477425453,300.2038133109506
41100,41.099999999994914,31102.99123942425,56984.40617897835,297.61594249981533
41150,41.1499999999948,30792.59938004527,57223.82436610382,298.86636650509746
41200,41.19999999999468,30297.46432484845,57422.742285316606,299.9052672847366
41250,41.249999999994564,30307.918108148202,57292.34483933874,299.2242325703907
41300,41.29999999999445,30409.065096704704,57387.30879202159,299.72020661270057
41350,41.34999999999433,30284.08606546212,57596.74072099504,300.81401955400275
41400,41.399999999994215,30549.10929411745,57355.97034404249,299.5565333842302
41450,41.4499999999941,30837.940305066222,57077.20518817081,298.100609559381
41500,41.49999999999398,30076.616042026733,57855.98486669514,302.16798980540386
41550,41.549999999993865,31092.974516992064,57057.73854254854,297.99893991898875
41600,41.59999999999375,30552.752185631427,57637.79605712586,301.0284417683686
41650,41.64999999999363,30691.085255972343,57571.412963164,300.68173872449626
41700,41.699999999993516,30639.764214242437,57668.74774539685,301.19009504326283
41750,41.7499999999934,30610.049591230316,57783.65670337558,301.7902370842819
41800,41.79999999999328,30760.494558113336,57530.158664638984,300.4662773770685
41850,41.849999999993166,30411.054987176794,57780.91787794092,301.77593285321694
41900,41.89999999999305,30663.194774579613,57329.122515947034,299.416313590808
41950,41.94999999999293,30588.125705533937,57726.169819415954,301.4899968203527
42000,41.999999999992816,30551.938950383905,57805.341455426664,301.9034913647474
42050,42.0499999999927,31497.032228369666,57028.38074068061,297.8456111320711
42100,42.09999999999258,30640.624641278955,57965.86584441167,302.7418719064685
42150,42.14999999999247,30913.54110691212,57323.463721210246,299.3867590575254
42200,42.19999999999235,30757.395547428845,57493.22446231913,300.27337886024657
42250,42.249999999992234,30662.005324704456,57524.113418634886,300.4347045011224
42300,42.29999999999212,30803.72697381588,57284.43400715949,299.1829161834552
42350,42.349999999992,30613.251509427755,57440.57376277477,299.9983968323748
42400,42.399999999991884,30150.501364849893,58154.94713484157,303.72939832349607
42450,42.44999999999177,30254.739603521535,57940.631948562084,302.6100812956717
42500,42.49999999999165,30942.882993044484,57573.36984269425,300.69195903887356
42550,42.549999999991535,30841.749129908334,57873.03750237208,302.2570516484484
42600,42.59999999999142,31103.190327393997,57554.14781531137,300.5915669811176
42650,42.6499999999913,30926.621186141136,58069.50709789023,303.28316541822323
42700,42.699999999991185,31521.68113568153,57389.31033189218,299.7306601773682
42750,42.74999999999107,31162.262960055363,57696.302396750056,301.3340064057324
42800,42.79999999999095,31037.951844535994,57743.86409117352,301.5824097753888
42850,42.849999999990835,30484.886519679974,58225.62409708321,304.09852721578466
42900,42.89999999999072,30818.3518150936,57588.99176525494,300.773548609044
42950,42.9499999999906,30550.873528663717,57582.41880478114,300.7392196064695
43000,42.999999999990486,30800.56528267217,57550.02775072384,300.5700488678722
43050,43.04999999999037,30904.522365464305,57404.920113178974,299.81218633656505
43100,43.09999999999025,30429.737636442078,57887.78377281955,302.3340678967848
43150,43.149999999990136,30554.55530884891,57236.45774631329,298.9323476323937
43200,43.19999999999002,30779.861185888636,57167.99797942419,298.5747986218447
43250,43.2499999999899,30540.367495981038,57518.274423980045,300.40420882670935
43300,43.29999999998979,30744.31431017696,57194.868139248174,298.715135048551
43350,43.34999999998967,30273.474874782296,57833.40212321198,302.0500455301777
43400,43.399999999989554,30975.747365037496,57025.638911502356,297.83129121317086
43450,43.44999999998944,30397.608128764296,57592.34930095533,300.79108421604514
43500,43.49999999998932,30620.091427332074,57229.00445178261,298.8934208553118
43550,43.549999999989204,30920.582513651112,57125.90203080182,298.35494153699034
43600,43.59999999998909,30042.565874263375,57857.06979516417,302.17365612765775
43650,43.64999999998897,30646.723322049336,57317.06410368791,299.35333538378273
43700,43.699999999988854,30587.881348931558,57470.03006718685,300.15224007455276
43750,43.74999999998874,30389.918322248035,57479.257245953915,300.2004314253014
43800,43.79999999998862,30265.72904359489,57788.0599268998,301.81323406901976
43850,43.849999999988505,30674.490276286546,57320.63381657111,299.3719791415303
43900,43.89999999998839,30881.9482533169,57387.79643404528,299.7227534505149
43950,43.94999999998827,30795.043133458355,57478.8564459475,300.19833814260073
44000,43.999999999988155,30986.562468105272,57433.90354920275,299.96355990009755
44050,44.04999999998804,30705.382005149047,57703.81898119532,301.37326373092117
44100,44.09999999998792,30665.60282115948,57645.42679871743,301.06829530906566
44150,44.149999999987806,30476.545577024437,57805.2223954271,301.9028695428077
44200,44.19999999998769,30745.272029684733,57664.027864367185,301.16544423200895
44250,44.24999999998757,30783.968709904926,57564.04385285846,300.6432516215144
44300,44.299999999987456,30405.630128031127,57916.160041961884,302.48227037272
44350,44.34999999998734,30823.384906787876,57485.98211590595,300.2355538147965
44400,44.39999999998722,30644.363252272524,57744.584032534556,301.58616985715634
44450,44.44999999998711,30854.578663954213,57437.64269594161,299.98308857040325
44500,44.49999999998699,30603.14524209545,57566.74749598761,300.65737210380104
44550,44.54999999998687,30827.069115486513,57295.17733034228,299.23902599434945
44600,44.59999999998676,30361.156464591324,57662.68635123166,301.15843782932836
44650,44.64999999998664,30518.515403495592,57434.780233417594,299.9681386123519
44700,44.699999999986524,30666.23811821865,57314.39466588703,299.33939354775555
44750,44.74999999998641,30296.620023240524,57464.001723994144,300.1207554779532
44800,44.79999999998629,30224.40114028436,57496.334743004234,300.28962311336085
44850,44.849999999986174,30338.81002472816,57302.508632343655,299.2773156335893
44900,44.89999999998606,30807.584189589485,57082.900439070756,298.130354494496
44950,44.94999999998594,30542.480393793187,56896.94090572558,297.15913226907657
45000,44.999999999985825,29931.571874468667,57731.99787070027,301.5204353401553
45050,45.04999999998571,30419.230992039273,57171.80088135947,298.59466027031306
45100,45.09999999998559,30264.119614311996,57209.41877440097,298.7911295404716
45150,45.149999999985475,31098.389037412286,56396.513284815854,294.5455183343765
45200,45.19999999998536,30454.78262656246,57203.78382378006,298.76169953931105
45250,45.24999999998524,30028.075139819983,57540.68085514394,300.521232264805
45300,45.299999999985125,30584.341795646425,57103.375335117635,298.23728998603093
45350,45.34999999998501,30434.11817080115,56963.83938450886,297.5085270447693
45400,45.39999999998489,29634.335278325503,57733.36025244021,301.5275507345723
45450,45.449999999984776,30184.700304682083,57173.63024485443,298.6042145988958
45500,45.49999999998466,30960.505219073704,56559.180517179295,295.39509043523555
45550,45.54999999998454,29986.11294086607,57416.285049672806,299.8715426853079
45600,45.599999999984426,29948.475027501954,57392.434370952964,299.7469762871923
45650,45.64999999998431,30779.35907523163,56872.00669270151,297.02890683009696
45700,45.69999999998419,30696.285413701204,56921.031392286044,297.2849511262645
45750,45.74999999998408,30246.399598886637,57563.26388449154,300.63917803303286
45800,45.79999999998396,30133.44810835449,57679.44473398353,301.24596285962883
45850,45.849999999983844,30741.885538623086,57187.21260666968,298.67515203045076
45900,45.89999999998373,30360.76297988084,57624.956180813984,300.96138216125195
45950,45.94999999998361,30464.004872084668,57551.4223577701,300.57733256736685
46000,45.999999999983494,30880.371824468362,57389.84955276384,299.7334763991856
46050,46.04999999998338,30448.833424188146,57794.409640475176,301.8463971063673
46100,46.09999999998326,30409.122815830444,57825.62007692702,302.00940176120696
46150,46.149999999983145,30285.3003659995,57920.26199009604,302.5036938680566
46200,46.19999999998303,30698.49613678061,57428.79786426517,299.9368941271837
46250,46.24999999998291,30544.61990359774,57556.77088392807,300.6052666419712
46300,46.299999999982795,31009.92202637098,56996.924935705305,297.68132497604074
46350,46.34999999998268,30265.190567138285,57620.46227238627,300.93791155092356
46400,46.39999999998256,31165.202247935667,56865.22703246747,296.99349828404587
46450,46.449999999982445,31369.372466119494,57064.64632511373,298.0350176173729
46500,46.49999999998233,30585.015091704896,57553.72539416482,300.5893607763662
46550,46.54999999998221,30495.483977781754,57677.16373398938,301.23404974148616
46600,46.599999999982096,30583.32348034586,57372.50177475062,299.6428730982147
46650,46.64999999998198,30715.39861703472,57119.44402238647,298.32121290156033
46700,46.69999999998186,30278.260781282595,57503.295466597,300.3259773100868
46750,46.749999999981746,30640.052740767755,57125.97293321776,298.35531184337344
46800,46.79999999998163,30351.60912856616,57381.95877833001,299.69226476906346
46850,46.84999999998151,30235.892167078084,57467.06197578053,300.1367384420791
46900,46.8999999999814,30499.529763122082,57058.25226565089,298.0016229720473
46950,46.94999999998128,30480.167956004407,57115.77535245894,298.3020523148066
47000,46.99999999998116,30386.914668557765,57321.77134021385,299.37792015581385
47050,47.04999999998105,30495.116157908342,57176.681891549655,298.62015262068593
47100,47.09999999998093,30513.785817543932,56983.373668286855,297.61054994309325
47150,47.149999999980814,30182.89413352288,57273.41195964587,299.12535066195545
47200,47.1999999999807,30612.66359979866,56993.202263822495,297.66188234997315
47250,47.24999999998058,30505.956388451566,56827.11322896457,296.7944389919978
47300,47.299999999980464,30530.76675836883,57134.62910124846,298.4005209414344
47350,47.34999999998035,30341.367866516965,57132.46483269074,298.3892174837024
47400,47.39999999998023,30188.333865700362,57225.75228176719,298.8764355481162
47450,47.449999999980115,30361.222399008293,57047.43790015481,297.9451421241195
47500,47.49999999998,29667.29111782262,57716.527248116436,301.4396359736254
47550,47.54999999997988,29913.232225523512,57251.813359564156,299.0125463326481
47600,47.599999999979765,29958.273786997554,57222.86648613261,298.8613637268016
47650,47.64999999997965,29760.254159737007,57082.485439605996,298.128187051416
47700,47.69999999997953,29992.013008317674,56680.16270301989,296.0269514947603
47750,47.749999999979416,30261.80705270041,56716.5888008282,296.2171963030814
47800,47.7999999999793,30109.744846829977,56819.25303520713,296.75338707744413
47850,47.84999999997918,29933.911600627507,56943.909756220484,297.40443935649745
47900,47.899999999979066,30634.22286000433,56502.43899111581,295.098742997566
47950,47.94999999997895,30405.074783653698,57044.53516366825,297.9299818247814
48000,47.99999999997883,30030.793421799382,57431.41298660153,299.9505522865131
48050,48.049999999978716,29826.09066220434,57085.51343477824,298.14400154695073
48100,48.0999999999786,30473.703959986728,56856.3309332323,296.9470360826125
48150,48.14999999997848,30528.124707204406,56695.79205323913,296.1085798578172
48200,48.19999999997837,29839.020118719178,57624.219201507345,300.95753309436407
48250,48.24999999997825,30278.02536071134,56929.04195328201,297.32678837298914
48300,48.299999999978134,30063.637033553714,57407.663408879875,299.8265139147627
48350,48.34999999997802,30152.43862352532,57182.07486692148,298.6483188429174
48400,48.3999999999779,30178.662631441715,57375.66182083144,299.6593772641041
48450,48.449999999977784,29951.60134333073,57327.22760523867,299.40641692478584
48500,48.49999999997767,30401.614915424427,57026.18927415144,297.83416562583056
48550,48.54999999997755,30223.146866848656,57167.961251421926,298.57460680026156
48600,48.599999999977435,30450.94447321466,56881.789383856216,297.0799994893597
48650,48.64999999997732,30366.14415384405,56908.04406589897,297.21712142262413
48700,48.6999999999772,30081.93840953849,57073.057080587896,298.07894498426896
48750,48.749999999977085,30161.394234848245,57218.30671954878,298.8375491550543
48800,48.79999999997697,30063.468898546707,57233.33263930853,298.91602594495333
48850,48.84999999997685,30227.11567229996,57020.70717066432,297.80553390874155
48900,48.899999999976735,30134.625037918166,57149.92931546293,298.48043030575394
48950,48.94999999997662,30106.413817778113,57150.023692069306,298.4809232122268
49000,48.9999999999765,30368.212564612702,56962.42552056474,297.5011427710968
49050,49.049999999976386,30203.191141838674,57316.40243230743,299.3498796322056
49100,49.09999999997627,30712.53318666994,57013.886732220424,297.7699123878404
49150,49.14999999997615,30700.18976539867,57097.86790516738,298.2085259948744
49200,49.199999999976036,30194.739778649047,57296.332207896965,299.24505764397003
49250,49.24999999997592,30707.224943900495,56675.55991934976,296.0029122550461
49300,49.2999999999758,29972.630364502293,57635.57769779269,301.01685580743623
49350,49.34999999997569,30566.664270865185,57104.87366634153,298.2451154121305
49400,49.39999999997557,30454.3917932505,57088.241495027556,298.15824955402394
49450,49.449999999975454,30032.078774663387,57308.51449881471,299.3086828396403
49500,49.49999999997534,30203.66727752982,57253.71235890776,299.0224643526355
49550,49.54999999997522,30363.780744311567,57339.27615874388,299.4693436418942
49600,49.599999999975104,29852.07331907598,57663.12182297995,301.1607121942553
49650,49.64999999997499,30462.046927709765,56979.673752172195,297.5912261649674
49700,49.69999999997487,29905.145614967427,57247.458899108635,298.9898040257707
49750,49.749999999974754,29817.113185510738,57208.224224324505,298.7848906907457
49800,49.79999999997464,29929.976230588043,56935.741568396945,297.36177886250226
49850,49.84999999997452,29669.9012485821,57180.52267371946,298.6402121085713
49900,49.899999999974405,29739.49072293598,57030.31048081714,297.8556897038774
49950,49.94999999997429,30097.31526268117,56723.73257922807,296.25450655134136
50000,49.99999999997417,30392.604188087673,56743.82980470072,296.3594695596754
50050,50.049999999974055,30164.85780542731,56775.49097507772,296.52482829014644
50100,50.09999999997394,30276.822737635233,56951.09583329171,297.44197052061475
50150,50.14999999997382,29975.866626321826,57369.16506865826,299.62544627928105
50200,50.199999999973706,30436.88178137308,56970.18514140234,297.5416694173124
50250,50.24999999997359,30316.592436432686,57131.016338629466,298.3816523451995
50300,50.29999999997347,30324.403346628234,57285.896714990944,299.1905555570847
50350,50.349999999973356,30531.107563469297,56759.8407436637,296.44309086959674
50400,50.39999999997324,30116.97879755267,57146.251156146376,298.4612201581879
50450,50.44999999997312,30096.195046626286,56886.29402390873,297.1035261484012
50500,50.49999999997301,29981.095741977857,57087.29204063196,298.15329078049706
50550,50.54999999997289,30036.536413991824,56755.8288220779,296.422137561419
50600,50.59999999997277,29425.91633796283,57005.77752688315,297.72755994528274
50650,50.64999999997266,29990.825597348405,56553.561857623536,295.3657455184171
50700,50.69999999997254,29943.499492084105,56779.53104597364,296.54592861544734
50750,50.749999999972424,30020.24815946712,56629.10393343679,295.7602837368367
50800,50.79999999997231,29968.168480780536,56728.5564516477,296.27970048478625
50850,50.84999999997219,30243.5540901974,56535.558639690535,295.27171901129987
50900,50.899999999972074,29977.275840980754,56821.51973228052,296.765225494848
50950,50.94999999997196,30377.32568708242,56716.590928202255,296.2172074138479
51000,50.99999999997184,30044.817168229696,56887.26855638851,297.10861589877175
51050,51.049999999971725,30805.57176567635,56398.34429676908,294.555081272463
51100,51.09999999997161,30175.906930557292,56909.49397451161,297.22469394899105
51150,51.14999999997149,30380.279364198905,56948.52154701117,297.42852563825096
51200,51.199999999971375,30285.122893859778,56853.16114268067,296.93048102367965
51250,51.24999999997126,30217.266675736722,57281.28006296664,299.1664438862691
51300,51.29999999997114,30521.60301904114,56941.96973520876,297.3943070901357
51350,51.349999999971025,30754.905879305443,57046.02651740562,297.9377708091354
51400,51.39999999997091,30477.114993811054,57104.48389487359,298.243079728852
51450,51.44999999997079,30485.823009071304,57536.816604850086,300.50105020851316
51500,51.499999999970676,30299.111386312587,57766.54929749849,301.70088918956407
51550,51.54999999997056,30096.43445567177,58039.608842897906,303.12701397372643
51600,51.59999999997044,31244.763014600183,56700.951071230535,296.13552417653244
51650,51.649999999970326,30665.410150099553,57219.89040127648,298.8458203464489
51700,51.69999999997021,31042.377600698346,56826.40108835579,296.790719651696
51750,51.74999999997009,30693.98275880456,57307.38263754318,299.30277139856906
51800,51.79999999996998,30328.26829449123,57317.29756013108,299.3545546710233
51850,51.84999999996986,30563.78804163982,57234.55711784859,298.922421103896
51900,51.899999999969744,30482.82631792409,57355.487917721824,299.554013786787
51950,51.94999999996963,29816.25564772891,57571.44022123497,300.6818810868902
52000,51.99999999996951,30058.8357286611,57447.11641312398,300.0325675324082
52050,52.049999999969394,30238.405933739923,57672.783458381266,301.2111726082328
52100,52.09999999996928,30268.28592758897,57608.03216394583,300.8729920635245
52150,52.14999999996916,30585.30681864945,57328.76166019564,299.4144289274104
52200,52.199999999969044,30429.82646153807,57561.326787929516,300.6290610403733
52250,52.24999999996893,30811.967527163928,57102.19805858309,298.23114135188865
52300,52.29999999996881,31021.187910532128,56911.2314396291,297.2337683142985
52350,52.349999999968695,30617.895550848465,57425.39864854354,299.919140835387
52400,52.39999999996858,30277.954681706462,57546.636077093186,300.55233496661526
52450,52.44999999996846,30249.843980122198,57682.209844858095,301.26040437326793
52500,52.499999999968345,30689.256433723116,57195.65509642689,298.7192451379273
52550,52.54999999996823,30353.031518751566,57814.46135123113,301.95112240220743
52600,52.59999999996811,30871.5866725381,57339.98180801433,299.4730290794864
52650,52.649999999967996,30108.235252940525,57934.6068642354,302.578613719351
52700,52.69999999996788,30383.276359699797,57658.75477585556,301.1379041502129
52750,52.74999999996776,30408.275215851463,57566.76117530482,300.6574435476075
52800,52.799999999967646,30482.46873680001,57541.748023658074,300.52680583105644
52850,52.84999999996753,30426.385919504093,57648.68299610366,301.085301650257
52900,52.89999999996741,30459.552615741668,57500.87327701507,300.3133267924509
52950,52.9499999999673,30205.043092903776,57761.45015726774,301.67425759809066
53000,52.99999999996718,30777.787915845227,57454.21371452559,300.0696350424075
53050,53.04999999996706,30493.721333838308,57624.810628507104,300.9606219763189
53100,53.09999999996695,30406.101579133712,57907.80592852896,302.4386388336762
53150,53.14999999996683,31255.684372939162,56724.99923460579,296.26112198983304
53200,53.199999999966714,30403.93643530338,57462.36263786764,300.11219492261733
53250,53.2499999999666,30985.519656426397,57122.388750684295,298.3365925140987
53300,53.29999999996648,30218.91012375534,57756.93779812669,301.6506906240935
53350,53.349999999966364,30738.12030795427,57456.2043201531,300.08003150013525
53400,53.39999999996625,31149.349966606245,56795.02621033589,296.626856157824
53450,53.44999999996613,30512.645126993804,57273.65499844752,299.12661999556553
53500,53.499999999966015,30512.888268178358,57059.15633961911,298.00634473444137
53550,53.5499999999659,30529.35549417696,57342.85345256574,299.4880269930736
53600,53.59999999996578,30788.734856296374,57289.14091434888,299.20749923544
53650,53.649999999965665,30218.4302475861,57661.19480112653,301.1506478193924
53700,53.69999999996555,30465.911898152728,57584.407337121294,300.7496052359125
53750,53.74999999996543,30074.150471771492,57759.03472369875,301.66164236549656
53800,53.799999999965316,30584.362530399987,57344.23947986796,299.4952658826145
53850,53.8499999999652,30686.06381497252,57153.83646354854,298.50083640696585
53900,53.89999999996508,30219.334907876364,57512.92998784415,300.3762961133134
53950,53.949999999964966,30466.332347040538,57188.1487410345,298.68004123663843
54000,53.99999999996485,30284.87270355218,57231.767541614354,298.907851813527
54050,54.04999999996473,29618.577532861855,57787.82908963371,301.8120284611155
54100,54.099999999964616,29751.420198493084,57495.84595373839,300.28707028377477
54150,54.1499999999645,30019.415585697847,57001.39822727074,297.7046879094219
54200,54.19999999996438,30488.038279013927,56666.50711228001,295.9556316060231
54250,54.24999999996427,30197.29913608233,57024.15773521726,297.8235553832192
54300,54.29999999996415,29989.462918375182,57263.43603803482,299.0732488061731
54350,54.349999999964034,29892.407950908877,57452.245024809105,300.0593530462484
54400,54.39999999996392,30293.877577727028,57266.25086482292,299.0879499741538
54450,54.4499999999638,31085.543722389833,56912.27128282108,297.2391991669192
54500,54.499999999963684,30763.338898728427,57437.44477623047,299.98205488302585
54550,54.54999999996357,30885.68097735611,57206.529118046245,298.77603755553787
54600,54.59999999996345,30772.33709686836,57321.357681896494,299.37575971722634
54650,54.649999999963335,30729.780109703534,57623.670364239195,300.9546666484047
54700,54.69999999996322,31291.72223334154,57138.169150446985,298.4190097728422
54750,54.7499999999631,30472.886447941928,57970.52868799964,302.7662248247879
54800,54.799999999962985,31346.586702929315,57305.16650601976,299.2911970729549
54850,54.84999999996287,31194.32414971437,57443.544230792686,300.01391087732316
54900,54.89999999996275,30772.761805174756,57848.5134301415,302.12896827686933
54950,54.949999999962635,31377.964918275145,57201.48081930002,298.74967149699444
55000,54.99999999996252,31077.892936263444,57402.07154245154,299.7973089320491
55050,55.0499999999624,30851.12844042558,57681.11263709827,301.2546739192112
55100,55.099999999962286,30901.93627107893,57603.096834507494,300.847216016693
55150,55.14999999996217,30709.10990117646,58131.07862915029,303.6047388193668
55200,55.19999999996205,31181.22957477269,57486.3389028359,300.23741722771155
55250,55.249999999961936,30928.616532105705,57637.87177892537,301.028837245241
55300,55.29999999996182,30886.8105536652,57653.38153863667,301.10984101563963
55350,55.3499999999617,30626.86189134125,57837.976291568964,302.07393531894627
55400,55.39999999996159,30955.18693881207,57279.66256079972,299.15799605879874
55450,55.44999999996147,30546.661749790765,57778.54837918172,301.76355752716273
55500,55.499999999961354,30715.917790881263,57611.89538207057,300.8931687290436
55550,55.54999999996124,30891.17648816538,57298.224786151026,299.25494212814044
55600,55.59999999996112,30715.5372738625,57564.56279752076,300.64596194553343
55650,55.649999999961004,30932.761772974918,57529.667828107784,300.4637138551045
55700,55.69999999996089,30714.404420296276,57960.484042704964,302.713764041621
55750,55.74999999996077,30962.723461154113,57961.43620452961,302.71873695540313
55800,55.799999999960654,30834.994102840537,58029.251057505244,303.07291773462265
55850,55.84999999996054,30905.294677099115,57640.66266107581,301.0434133560984
55900,55.89999999996042,30788.8558401821,57833.23832475233,302.04919004994696
55950,55.949999999960305,31035.717894758447,57625.225826577815,300.96279045667035
56000,55.99999999996019,31083.624464957873,57591.588849881016,300.787112561721
56050,56.04999999996007,31228.6945735306,57387.387644621704,299.7206184409967
56100,56.099999999959955,31318.03784451545,57379.2251811848,299.67798784410553
56150,56.14999999995984,30709.636995557732,57871.395897567134,302.2484779386566
56200,56.19999999995972,31514.357170213516,56908.801745556804,297.22107860250196
56250,56.249999999959606,30778.47459109715,57804.50832337094,301.89914011501764
56300,56.29999999995949,30895.726417812708,57596.11979501879,300.8107766059397
56350,56.34999999995937,31049.220306486786,57706.124753127035,301.38530622697687
56400,56.399999999959256,30909.719403545772,57831.57843599313,302.04052084742926
56450,56.44999999995914,31145.31319557407,57459.486635641515,300.0971742499359
56500,56.49999999995902,31019.848942442502,57488.434355031546,300.2483612740215
56550,56.54999999995891,30452.307680219114,57919.25245566695,302.4984213108652
56600,56.59999999995879,30788.633792702938,57756.130683995136,301.6464752597671
56650,56.64999999995867,30916.873389914683,57679.08204219,301.24406860702175
56700,56.69999999995856,31223.033183684624,57621.86821598831,300.9452544585412
56750,56.74999999995844,30987.419869233374,57986.34614641076,302.84883563200054
56800,56.799999999958324,30951.278015170734,58245.50813959508,304.2023768204342
56850,56.84999999995821,31294.98476304779,58136.87194771252,303.634995938458
56900,56.89999999995809,30969.963668833843,58625.9294100946,306.18922625097997
56950,56.949999999957974,31132.937813813543,58461.40277035022,305.32994290949784
57000,56.99999999995786,30968.31451715176,58713.82530444115,306.6482855128358
57050,57.04999999995774,31066.452702190574,58471.19167250308,305.3810680073204
57100,57.099999999957625,31344.728404328445,57983.67443269748,302.83488190942654
57150,57.14999999995751,31453.131504200923,57770.20454288181,301.71997966312983
57200,57.19999999995739,31175.583511934514,58007.48905723492,302.95926000515897
57250,57.249999999957275,31317.774257521443,57741.22700437293,301.568636900909
57300,57.29999999995716,30532.75189209907,58129.24076591617,303.5951400986766
57350,57.34999999995704,30839.79322278799,57722.22450424946,301.46939138159377
57400,57.399999999956925,30920.934807775022,57702.74551155407,301.3676572553878
57450,57.44999999995681,31031.68690635832,57957.51708781692,302.6982683449108
57500,57.49999999995669,31054.183699409805,58136.312180718676,303.632072409152
57550,57.549999999956576,30554.006616819504,58370.35712627895,304.85443325716113
57600,57.59999999995646,30771.026741134578,58067.64803005412,303.27345595096165
57650,57.64999999995634,30677.19055495613,57975.17334394745,302.7904827534071
57700,57.699999999956226,30894.137316447912,57932.627170097454,302.56827424972704
57750,57.74999999995611,30756.380013725357,58045.198225462635,303.1562059838137
57800,57.79999999995599,30686.156787513515,58149.23591898359,303.6995700072186
57850,57.84999999995588,30862.126025407,57671.75332870323,301.2057924869754
57900,57.89999999995576,31121.591702125843,57604.49819702869,300.8545349984197
57950,57.949999999955644,30818.470547980032,57992.42927344411,302.8806063515144
58000,57.99999999995553,30732.19328213932,57951.310033632995,302.66585038349
58050,58.04999999995541,30461.101592049956,58250.56868464088,304.22880683847524
58100,58.099999999955294,30491.13744120978,58109.1500744738,303.49021121602203
58150,58.14999999995518,30837.00015300448,57264.04092855946,299.0764080049026
58200,58.19999999995506,30417.545259106257,57431.11106478023,299.9489754209558
58250,58.249999999954944,30180.33880236226,57602.082396484424,300.8419178492014
58300,58.29999999995483,30211.588616751265,57612.67191842938,300.8972243929666
58350,58.34999999995471,30542.03745543734,57490.60813716614,300.25971441889317
58400,58.399999999954595,30315.892063805448,57487.863115897126,300.2453778284654
58450,58.44999999995448,31082.708710331128,57253.26204103124,299.02011244992684
58500,58.49999999995436,30775.70567743809,57446.43697882722,300.02901900936206
58550,58.549999999954245,30657.985061842744,57453.61140442146,300.0664893205981
58600,58.59999999995413,30364.488750740566,57715.55338908058,301.4345497404916
58650,58.64999999995401,30666.76491756645,57284.95255866978,299.1856244541351
58700,58.699999999953896,30950.89204065864,57002.807084595246,297.7120460347161
58750,58.74999999995378,30066.553195192697,58049.41855443012,303.178247753967
58800,58.79999999995366,30338.689455898188,57722.94353660374,301.4731467158362
58850,58.849999999953546,30798.83233255613,57146.399765645576,298.4619963101062
58900,58.89999999995343,30527.127537303255,57153.857946823766,298.500948608981
58950,58.94999999995331,30328.15082179213,57506.21001643826,300.3411993077548
59000,58.9999999999532,30312.994358834454,57692.165174087575,301.3123986799599
59050,59.04999999995308,30503.87910319018,57642.961068682846,301.0554173900453
59100,59.09999999995296,30050.75089006761,57919.54776530038,302.4999636425446
59150,59.14999999995285,30384.80146258803,57678.71743883192,301.24216437076956
59200,59.19999999995273,30448.940396079022,57914.22565505418,302.47216753193777
59250,59.249999999952614,30714.39329737107,57580.12456110023,300.72723731971416
59300,59.2999999999525,30501.87550698143,57711.00335113437,301.4107859790949
59350,59.34999999995238,30656.54959947364,57485.54137478365,300.23325192918765
59400,59.399999999952264,30662.2466756398,57462.80288871886,300.11449424765743
59450,59.44999999995215,30821.28063525867,57345.339405684725,299.5010105324334
59500,59.49999999995203,31212.629177776653,57030.943220041525,297.8589943497138
59550,59.549999999951915,30501.427291618653,57598.56428529747,300.8235435947881
59600,59.5999999999518,30803.88660887182,57337.33609259181,299.4592111397752
59650,59.64999999995168,30995.294842429015,57471.786088972265,300.1614113569045
59700,59.699999999951565,31161.929292571658,57240.05362517034,298.95112804877283
59750,59.74999999995145,30420.4343864631,57791.393816060845,301.830646175794
59800,59.79999999995133,30239.956910689478,57982.49720829633,302.82873354756447
59850,59.849999999951216,31037.713851670138,57156.36067935927,298.51401978322536
59900,59.8999999999511,31073.29535067221,57260.6224408798,299.0585540602724
59950,59.94999999995098,30586.096929366468,57841.75968685387,302.09369508883896
60000,59.999999999950866,30436.93274060233,58150.58339879354,303.7066075724145
60050,60.04999999995075,30843.343898695988,57747.25983285401,301.6001449230984
60100,60.09999999995063,30525.877099447454,58212.818335326585,304.03164578084164
60150,60.149999999950516,30777.270503119318,58073.126187131296,303.30206705689415
60200,60.1999999999504,30821.730941617854,57818.34673221113,301.9714148190258
60250,60.24999999995028,30562.029292251384,57936.57485404559,302.58889206006666
60300,60.29999999995017,31035.66475495452,57544.96871014252,300.5436267072898
60350,60.34999999995005,30643.086698957522,57671.117739943635,301.2024729586972
60400,60.399999999949934,30935.21993146633,57338.73114976516,299.46649719017614
60450,60.44999999994982,30129.363320874174,57977.22120324046,302.8011782333544
60500,60.4999999999497,30540.149421383583,57900.00327523227,302.3978874392052
60550,60.549999999949584,30538.95251296323,58009.65688807451,302.9705820678384
60600,60.59999999994947,30753.242782306228,57898.70516111855,302.3911076992494
60650,60.64999999994935,31112.074209257422,57601.80009652862,300.8404434639608
60700,60.699999999949235,30877.121086280702,57996.82243090271,302.90355076359594
60750,60.74999999994912,31176.23593483062,57824.568215528794,302.0039081403657
60800,60.799999999949,30781.219878140342,58249.13581549608,304.22132330517906
60850,60.849999999948885,31338.31749718421,57667.74675484556,301.18486710870434
60900,60.89999999994877,31221.824737915893,57747.07110996059,301.59915926850334
60950,60.94999999994865,30931.593810490456,58150.14682045768,303.70432742804496
61000,60.999999999948535,30691.314027378183,58376.79122758254,304.8880370314568
61050,61.04999999994842,31241.295191273937,57857.89651261519,302.17797387543936
61100,61.0999999999483,31002.336029601654,57894.03839471742,302.36673429301374
61150,61.149999999948186,31339.786387838372,57432.27567860724,299.9550579208012
61200,61.19999999994807,30928.30931169443,57756.535581422184,301.6485899423171
61250,61.24999999994795,30408.668410772305,58076.12227844692,303.31771492620624
61300,61.299999999947836,30478.427822058347,57739.22230123621,301.55816681525795
61350,61.34999999994772,30530.512073496997,57656.13950083886,301.1242451934704
61400,61.3999999999476,30551.80901473276,57650.55860657432,301.0950975157475
61450,61.44999999994749,31210.161383772967,56944.23079938251,297.4061160882502
61500,61.49999999994737,30848.811115641256,57797.198144698756,301.8609607978807
61550,61.549999999947254,30878.244736532757,57889.75237663445,302.34434944430046
61600,61.59999999994714,30630.089986629268,58147.67855778384,303.6914362816547
61650,61.64999999994702,31342.225854153992,57410.90965090704,299.8434682614916
61700,61.699999999946904,31079.18712358865,57304.297248326235,299.2866571476476
61750,61.74999999994679,30650.162106906253,57732.67091200052,301.52395047410766
61800,61.79999999994667,30487.522512977186,57762.75872091203,301.68109191344865
61850,61.849999999946554,30518.903884820218,57815.93780090555,301.95883354620054
61900,61.89999999994644,31104.3882174553,56894.67440092237,297.14729485585394
61950,61.94999999994632,30672.220430277164,57136.21051932498,298.4087803103195
62000,61.999999999946205,30013.727968689018,57594.41327005227,300.80186383365043
62050,62.04999999994609,29839.870254860405,57888.65752003235,302.33863126977894
62100,62.09999999994597,30172.070518550005,57424.19492628156,299.912854081527
62150,62.149999999945855,29806.5392159794,57740.09100474393,301.5627038461852
62200,62.19999999994574,29906.519720119897,57961.97119126414,302.7215310633337
62250,62.24999999994562,29994.182993142844,57980.979004897126,302.8208043338399
62300,62.299999999945506,30061.06119285176,57646.62531017345,301.07455484813073
62350,62.34999999994539,30855.969236525856,56817.4948284618,296.74420438356856
62400,62.39999999994527,30441.503983524184,57264.92401426208,299.08102015059853
62450,62.449999999945156,30611.201049584408,56902.13534270919,297.18626157272814
62500,62.49999999994504,29913.408406944276,57526.23740723815,300.44579758627333
62550,62.54999999994492,30444.147101033457,57090.88275051266,298.17204420054725
62600,62.59999999994481,30540.57819477131,57069.50020587117,298.06036827719845
62650,62.64999999994469,30423.94645236226,57346.46630494635,299.50689605811203
62700,62.69999999994457,30072.561278775556,57413.7766230344,299.8584417721241
62750,62.74999999994446,30878.23532734379,56804.82214054367,296.6780179614987
62800,62.79999999994434,30100.962512481972,57589.57550372133,300.77659733562547
62850,62.849999999944224,30310.082171316935,57611.172346254374,300.88939248567584
62900,62.89999999994411,30442.275269013444,57295.21996863584,299.23924868397233
62950,62.94999999994399,30537.059913372585,57222.08387108729,298.85727631535093
63000,62.999999999943874,30322.048966793824,57455.76152541138,300.0777188889627
63050,63.04999999994376,30804.03961630218,56948.05885309681,297.4261090984527
63100,63.09999999994364,30099.538191111424,57468.47419795508,300.1441141411814
63150,63.149999999943525,29859.301260873995,57518.78894651836,300.4068960550311
63200,63.19999999994341,30087.661005568683,57445.645174044665,300.0248836021088
63250,63.24999999994329,30520.89446162396,56875.211286938924,297.0456436603677
63300,63.299999999943175,30514.346771205965,57067.61372388933,298.0505156324017
63350,63.34999999994306,30019.078430503134,57847.38214182875,302.1230598282249
63400,63.39999999994294,30653.490846449786,57514.7037348272,300.38555997013873
63450,63.449999999942825,30718.476950195778,57401.18744499911,299.7926915022256
63500,63.49999999994271,30444.834976423874,57587.198908802646,300.7641849480252
63550,63.54999999994259,30599.544647100192,57468.622911472215,300.1448908363605
63600,63.599999999942476,30760.901219262007,57177.81002253256,298.62604457935066
63650,63.64999999994236,30489.502666107248,57362.0070705317,299.588061764785
63700,63.69999999994224,30791.914432818005,56792.237965338725,296.6122938201882
63750,63.749999999942126,30507.074306999188,56985.3797889166,297.6210274319718
63800,63.79999999994201,30553.45910982771,57159.93887600021,298.5327078496132
63850,63.84999999994189,29869.80338306568,57931.97150103058,302.56484984680014
63900,63.89999999994178,30444.74556569789,57291.21302236715,299.21832136068747
63950,63.94999999994166,30270.470843379837,57470.1202012713,300.15271082334687
64000,63.999999999941544,30604.80509238918,57099.67944581292,298.21798723897166
64050,64.04999999994178,30182.856875490965,57487.56444442825,300.24381793872243
64100,64.09999999994201,30190.755593804686,57384.80267377262,299.70711775568344
64150,64.14999999994225,30487.569528958433,57299.868517778414,299.2635269458179
64200,64.19999999994249,30693.402455783835,57321.437820039464,299.37617825960575
64250,64.24999999994273,30449.403820886917,57789.929655691834,301.82299921590777
64300,64.29999999994297,31149.307585795737,57114.83895988206,298.29716176003893
64350,64.34999999994321,30348.155824874884,57599.64935798618,300.8292106702669
64400,64.39999999994345,30762.781760701168,57152.407977533214,298.4933757657078
64450,64.44999999994369,30148.924532842357,57627.04326468647,300.97228250180893
64500,64.49999999994392,30665.19965881852,57115.10747151015,298.2985641321373
64550,64.54999999994416,30494.106058254074,57057.67523566587,297.99860928226167
64600,64.5999999999444,30365.494143643416,57073.25820775278,298.079995423411
64650,64.64999999994464,30111.800084838294,57482.43340537739,300.2170197473307
64700,64.69999999994488,30156.682368394337,57645.445721840464,301.06839414001735
64750,64.74999999994512,30341.98001883702,57316.72588527681,299.35156894980645
64800,64.79999999994536,30459.642484274722,57073.6037828904,298.0818002798127
64850,64.8499999999456,29962.02142492684,57553.91428406032,300.59034730317325
64900,64.89999999994583,30275.0853416075,57340.60146108508,299.4762653794681
64950,64.94999999994607,30799.713874160974,56776.527670104246,296.53024270065083
65000,64.99999999994631,30283.62031317615,57164.74828758957,298.55782625759554
65050,65.04999999994655,30396.24031296989,57240.517770985556,298.9535521715025
65100,65.09999999994679,29761.84466017799,58098.05386757954,303.4322583777905
65150,65.14999999994703,30490.614878374305,57189.52845360152,298.6872471458256
65200,65.19999999994727,30417.502319573738,57485.27440545104,300.23185761213017
65250,65.2499999999475,30072.47493764126,57471.74251360484,300.16118377316866
65300,65.29999999994774,30525.211619680333,57272.7358688221,299.1218196010701
65350,65.34999999994798,30200.3712155275,57334.54542987399,299.444636174962
65400,65.39999999994822,30014.816177321125,57231.32124802829,298.9055209287261
65450,65.44999999994846,30000.430001133056,56939.64010979866,297.3821400130599
65500,65.4999999999487,29781.62885113091,57089.231981066274,298.1634226260222
65550,65.54999999994894,29659.38586165061,57004.42886748699,297.72051621938976
65600,65.59999999994918,30134.431655813467,57019.015640689926,297.7966994517146
65650,65.64999999994942,29863.423487684653,57293.61346227437,299.23085828496744
65700,65.69999999994965,30294.50110345002,57116.487948276765,298.3057740325565
65750,65.74999999994989,30241.785371329028,57179.39279516056,298.63431102273455
65800,65.79999999995013,30196.283017318034,57287.29863111538,299.1978774301489
65850,65.84999999995037,30200.761684136105,57098.666924256715,298.2126990807288
65900,65.89999999995061,29955.414861914127,57305.487843583076,299.2928753422952
65950,65.94999999995085,30611.636652059336,56581.43371899216,295.51131359303025
66000,65.99999999995109,30078.162833387265,57083.906320986054,298.13560797548035
66050,66.04999999995132,30432.09086519375,57400.87116125502,299.79103962777594
66100,66.09999999995156,30198.61970400439,57867.7917209939,302.22965418528787
66150,66.1499999999518,30636.24377242657,57426.91457542097,299.9270581593821
66200,66.19999999995204,30924.113782236796,57018.444752732925,297.7937178402742
66250,66.24999999995228,30642.468239485614,57277.41245294828,299.14624428293865
66300,66.29999999995252,30279.264659116765,57527.91269364151,300.45454720700866
66350,66.34999999995276,30410.10028255651,57458.39054694918,300.09144964050137
66400,66.399999999953,30860.424010653016,57213.84187393635,298.81423033286836
66450,66.44999999995323,30225.467914169792,57820.67029565074,301.9835502358777
66500,66.49999999995347,30322.24255565815,57736.04935250491,301.54159526190693
66550,66.54999999995371,30711.08177130508,57480.13913158836,300.20503730332786
66600,66.59999999995395,30904.185517310274,57041.96014294366,297.91653310659177
66650,66.64999999995419,29990.207885736774,58146.94815590812,303.68762156711756
66700,66.69999999995443,30784.128531582486,57295.4495268527,299.240447611708
66750,66.74999999995467,30782.97458731422,57273.37793856668,299.1251729779849
66800,66.7999999999549,30268.97544892523,57720.07581105357,301.45816927025635
66850,66.84999999995514,30295.640659146768,57748.417562695045,301.6061914695293
66900,66.89999999995538,30470.072957280383,57346.2210204021,299.50561499552475
66950,66.94999999995562,30408.2312838769,57447.4419548136,300.034267758896
67000,66.99999999995586,30784.775536879606,56844.7214113288,296.8864023226953
67050,67.0499999999561,30194.24670671975,57208.595151267,298.7868279535689
67100,67.09999999995634,30209.029357979445,57338.788341423315,299.4667958885462
67150,67.14999999995658,30266.98834302022,57078.50082663952,298.1073763696342
67200,67.19999999995682,30440.22929149794,56896.49017845127,297.15677822818105
67250,67.24999999995705,29805.412993439328,57491.60031076233,300.2648963046011
67300,67.2999999999573,30585.91479534401,56660.095815459215,295.9221469340942
67350,67.34999999995753,30114.569764310534,56940.09173373845,297.38449873702507
67400,67.39999999995777,30130.20141052803,57278.148575750776,299.15008887651004
67450,67.44999999995801,30733.124126901,56692.813570326995,296.0930239529907
67500,67.49999999995825,30327.07755495966,57113.88324894258,298.2921703100778
67550,67.54999999995849,30568.521888975534,56987.44695425923,297.63182374280495
67600,67.59999999995873,30216.381957427788,57402.55568493126,299.79983749258116
67650,67.64999999995896,30346.181243644445,57381.012323593626,299.6873216620402
67700,67.6999999999592,30558.142337489815,57271.87704657102,299.11733417758614
67750,67.74999999995944,30807.039285437302,57019.455068655094,297.7989944790174
67800,67.79999999995968,30417.719243577852,57257.78843768297,299.0437527384893
67850,67.84999999995992,30158.56662942018,57394.638006163885,299.75848534755113
67900,67.89999999996016,30829.633084147245,56893.850856719,297.14299368118685
67950,67.9499999999604,30392.232916517154,57557.10424636656,300.6070077143624
68000,67.99999999996064,30232.04962214898,57756.57579849807,301.64879998649843
68050,68.04999999996087,30199.57143864726,57761.14752342172,301.6726770137983
68100,68.09999999996111,30545.73384506533,57414.820255428276,299.86389241484113
68150,68.14999999996135,30683.975611313173,57354.79707932931,299.55040570287264
68200,68.19999999996159,30218.489867145665,58144.15296451812,303.6730229501312
68250,68.24999999996183,30556.243943002224,57542.59679699293,300.5312387714513
68300,68.29999999996207,30633.11459743409,57356.949096031654,299.56164517209044
68350,68.34999999996231,30163.373373093287,57677.58278443357,301.2362383418641
68400,68.39999999996255,30339.784431268294,57597.82774301429,300.8196968103694
68450,68.44999999996278,30486.4639773838,57300.98728324418,299.2693699906236
68500,68.49999999996302,30516.81896617366,57249.41370578117,299.00001351410725
68550,68.54999999996326,30276.59832855554,57425.459452666386,299.91945840079734
68600,68.5999999999635,30361.417613451064,57330.227925907326,299.42208688299866
68650,68.64999999996374,30298.649850158945,57392.29499401718,299.74624835474754
68700,68.69999999996398,30307.67508292462,57099.6904139855,298.2180445231172
68750,68.74999999996422,30382.26075409911,57270.158649168065,299.10835939839717
68800,68.79999999996446,30303.20069727503,57178.223984069045,298.62820660157917
68850,68.8499999999647,30257.11660837479,57291.72985270615,299.22102064210094
68900,68.89999999996493,30388.21244921826,57024.581887644476,297.8257706300359
68950,68.94999999996517,30622.508165287698,56588.655631133144,295.54903191515746
69000,68.99999999996541,29898.085741928808,57113.444377720145,298.2898781905093
69050,69.04999999996565,30324.65987624124,57005.58476436262,297.7265531926802
69100,69.09999999996589,30145.365143529183,56954.29679102436,297.4586883582897
69150,69.14999999996613,30246.287383435796,56929.64049666671,297.3299144221227
69200,69.19999999996637,30102.142167480397,57062.147083269236,298.02196467417383
69250,69.2499999999666,30011.124417908162,57253.53829854804,299.02155527695174
69300,69.29999999996684,30498.66078806264,56933.37413261904,297.34941431090664
69350,69.34999999996708,30858.610202874508,56902.299021389466,297.18711642737986
69400,69.39999999996732,30195.978822757592,57372.90920599494,299.64500101428706
69450,69.44999999996756,30152.598933856345,57234.85500010606,298.9239768717763
69500,69.4999999999678,30563.80178620248,57024.99194098786,297.82791224070536
69550,69.54999999996804,30682.321547015574,57030.152563153104,297.8548649376374
69600,69.59999999996828,29980.825377126803,57533.47936799522,300.4836206175337
69650,69.64999999996851,30710.984386651646,56980.94232020739,297.5978515928123
69700,69.69999999996875,30729.51764991883,57012.018780606515,297.7601565227293
69750,69.74999999996899,30202.291402978022,57688.934713027185,301.2955267534511
69800,69.79999999996923,30482.031928155156,57205.05920509517,298.76836055128945
69850,69.84999999996947,30636.00185445841,57055.32123925289,297.98631492125895
69900,69.89999999996971,29934.70033435896,57739.43023528796,301.5592528051443
69950,69.94999999996995,30347.25643899499,57327.085931349575,299.4056769959025
70000,69.99999999997019,30190.844052795772,57124.40969695281,298.34714743374735
70050,70.04999999997042,30580.199254598345,56957.45347105206,297.47517494408766
70100,70.09999999997066,30932.82496803446,56891.73140491228,297.1319242906406
70150,70.1499999999709,30624.031095052305,57556.59190511387,300.6043318783745
70200,70.19999999997114,30904.199912440818,57296.6006649752,299.24645973116753
70250,70.24999999997138,31753.01275553681,56535.03434186234,295.26898072897393
70300,70.29999999997162,30818.50637862699,57515.71507244237,300.39084194494035
70350,70.34999999997186,31061.125265166345,57239.164356664674,298.9464836117734
70400,70.3999999999721,31044.045016510354,56977.65422488207,297.580678656304
70450,70.44999999997233,30477.441498690576,57293.13243524093,299.22834599566715
70500,70.49999999997257,30446.570095020208,56855.73305400777,296.9439135022289
70550,70.54999999997281,30600.176123968675,56651.6557290298,295.8780663786246
70600,70.59999999997305,30504.932489973675,57023.25007745717,297.81881490353624
70650,70.64999999997329,29982.614449823093,57601.7386648137,300.8401226207871
70700,70.69999999997353,30243.136243432986,56957.77834393118,297.476871677538
70750,70.74999999997377,30722.966820805996,56879.566003805885,297.06838730642085
70800,70.799999999974,30383.741423093656,57276.74377247951,299.14275192456756
70850,70.84999999997424,30500.86315484033,57235.91548547377,298.9295155335503
70900,70.89999999997448,30210.583530180833,57098.57333464958,298.212210284565
70950,70.94999999997472,30225.148489565167,57084.39080900927,298.13813834070345
71000,70.99999999997496,30434.78212890475,56865.08988621215,296.9927820019123
71050,71.0499999999752,29694.90043267385,57789.14415796759,301.8188967489136
71100,71.09999999997544,30386.709733790798,57238.82026498706,298.944686503129
71150,71.14999999997568,30691.884719431393,57228.47446558373,298.89065286398454
71200,71.19999999997592,30435.029533337023,57634.1939703142,301.0096289293254
71250,71.24999999997615,30749.574716285817,57498.73445215613,300.3021562210802
71300,71.2999999999764,30813.766587263926,57071.46763276186,298.0706436779201
71350,71.34999999997663,30087.54049880286,57515.10342640307,300.3876474637714
71400,71.39999999997687,30366.960530964076,57193.981104103805,298.71050227586414
71450,71.44999999997711,29961.552314314817,57488.09197618043,300.2465731110608
71500,71.49999999997735,30662.52090882125,57034.6456413796,297.8783312120231
71550,71.54999999997759,30390.788899749634,57517.28134626329,300.39902221899575
71600,71.59999999997783,30636.437243178312,57223.84115153392,298.8664541713896
71650,71.64999999997806,30648.844367199308,57346.13339080947,299.5051573270931
71700,71.6999999999783,30673.217170313976,57357.88560354789,299.5665363271589
71750,71.74999999997854,30479.4370815531,57400.476984748,299.78898093803053
71800,71.79999999997878,30581.618215624054,57230.298580992174,298.90017978306497
71850,71.84999999997902,30444.75338379643,57342.310948140585,299.4851936220406
71900,71.89999999997926,30643.302171748473,57479.97168955155,300.20416279356385
71950,71.9499999999795,30291.167288899436,57555.57887613883,300.5990410700043
72000,71.99999999997974,30846.34360983062,57446.209040567264,300.02782854227434
72050,72.04999999997997,30293.82300020962,58068.90696466847,303.28003106575045
72100,72.09999999998021,30633.246237030442,57511.833824353125,300.3705711132232
72150,72.14999999998045,30756.001649537095,57304.68053766369,299.2886589763068
72200,72.19999999998069,30477.342646613695,57784.18562110149,301.79299949523
72250,72.24999999998093,30963.260548426973,57607.91182704779,300.8723635726491
72300,72.29999999998117,30952.463267928848,57859.98357195236,302.18887408785423
72350,72.3499999999814,30625.997703661786,58082.82868902288,303.35274090678917
72400,72.39999999998165,30981.30358496771,57990.394531396785,302.86997937980817
72450,72.44999999998188,31186.885820285926,57779.59083643598,301.7690020324063
72500,72.49999999998212,31101.715579279844,58000.577756097744,302.92316393011384
72550,72.54999999998236,31185.462913179865,58037.75862399176,303.11735072231244
72600,72.5999999999826,30670.54883376535,58117.51421487369,303.5338951235194
72650,72.64999999998284,31030.886823384157,57856.546831886415,302.1709248153701
72700,72.69999999998308,30623.725765444455,58196.38112972631,303.9457981820894
72750,72.74999999998332,30643.950960028167,58146.86513273962,303.68718795693894
72800,72.79999999998356,30331.398448090687,58419.09158799324,305.108961710257
72850,72.8499999999838,30543.849704778426,58452.195765038574,305.2818569198883
72900,72.89999999998403,31528.702504370747,57752.65637405455,301.6283297688015
72950,72.94999999998427,31213.36451577697,57770.08745512194,301.719368141727
73000,72.99999999998451,31026.673439393322,58098.21090253919,303.43307853387637
73050,73.04999999998475,31012.373202077313,58036.30242854545,303.109745361315
73100,73.09999999998499,30960.705351145974,58186.82254451543,303.8958759746426
73150,73.14999999998523,31196.792276904558,58044.10587822223,303.15050091508897
73200,73.19999999998547,31053.939220656554,58002.50266056978,302.93321724639947
73250,73.2499999999857,31413.68089470121,57679.40435310393,301.2457519599398
73300,73.29999999998594,31220.23840728937,57503.59602485027,300.327547054054
73350,73.34999999998618,31187.11280444955,57620.50709892884,300.93814566924834
73400,73.39999999998642,31382.002884171,57359.35292072028,299.57419977427514
73450,73.44999999998666,30879.784172775435,57884.412593566085,302.3164610327648
73500,73.4999999999869,31035.939510450888,57597.01470711266,300.8154505180524
73550,73.54999999998714,31235.999366075324,57527.600579364465,300.45291710868946
73600,73.59999999998738,30651.019166333106,58081.59318544202,303.34628816669175
73650,73.64999999998761,30908.106303903493,57838.25746099573,302.07540379970374
73700,73.69999999998785,31081.70303730994,57539.94353372153,300.51738141112816
73750,73.74999999998809,30683.49094218226,58074.82001768058,303.3109135292743
73800,73.79999999998833,31353.993866598183,57371.70565229574,299.63871514079017
73850,73.84999999998857,30772.88576843706,58089.080359288906,303.38539188735
73900,73.89999999998881,30966.986203757537,57613.16778333562,300.8998141769324
73950,73.94999999998905,30757.4369932693,57842.01612934545,302.0950344267201
74000,73.99999999998929,30961.666173306425,57584.362189085135,300.74936943850344
74050,74.04999999998952,30958.00730725417,57487.160556282266,300.2417085274064
74100,74.09999999998976,30557.677336992347,57880.660151875294,302.29686292610074
74150,74.14999999999,30785.781971324475,57464.67959130054,300.12429581698296
74200,74.19999999999024,30451.846235264264,57733.08430690776,301.52610953696706
74250,74.24999999999048,30347.68256293353,57680.02301385744,301.2489830772856
74300,74.29999999999072,30703.63991576418,57303.435624070895,299.28215708996464
74350,74.34999999999096,30467.92851431644,57533.448251539456,300.48345810371757
74400,74.3999999999912,30492.23257035236,57520.30892484058,300.41483453875463
74450,74.44999999999143,30321.35295715316,57376.67130410931,299.6646495541449
74500,74.49999999999167,30748.71508762063,57089.51904869717,298.16492191169107
74550,74.54999999999191,30275.9173848813,57799.63529909741,301.87368947318
74600,74.59999999999215,30637.658294599376,57313.17040663891,299.3329995341222
74650,74.64999999999239,30264.896446171475,57628.114385307854,300.9778767089726
74700,74.69999999999263,30362.728331688348,57605.03891124611,300.85735901962533
74750,74.74999999999287,30210.79239927967,57753.88846040382,301.6347646615145
74800,74.7999999999931,30580.52942074887,57599.18970226368,300.82680999821906
74850,74.84999999999334,30589.959184449373,57549.64543429277,300.56805212047067
74900,74.89999999999358,30848.31022132616,57022.18440647574,297.81324915854043
74950,74.94999999999382,30639.11684682191,57647.43716950905,301.0787949955245
75000,74.99999999999406,30437.777293989464,57784.62924061175,301.7953164139716
75050,75.0499999999943,30383.493380941683,57873.65656757148,302.26028487811845
75100,75.09999999999454,30454.584907713994,57844.45828661983,302.1077892308443
75150,75.14999999999478,30676.3419936569,57615.919784142134,300.9141872198175
75200,75.19999999999501,31166.34249133734,57313.22368088904,299.3332777728059
75250,75.24999999999525,31032.324103843777,57868.97772582232,302.23584840522426
75300,75.29999999999549,30877.98099908029,58101.40258574159,303.4497479328951
75350,75.34999999999573,30832.76174657596,58032.71130138001,303.09098976188625
75400,75.39999999999597,30583.673649152202,57924.364941607026,302.5251226037907
75450,75.44999999999621,31113.299392593028,57524.58402066736,300.4371623431327
75500,75.49999999999645,30275.10618435005,57896.88739705222,302.3816139517118
75550,75.54999999999669,30272.683604191883,57671.75163424799,301.20578363724036
75600,75.59999999999692,30216.324217041125,57570.19578031902,300.67538166922634
75650,75.64999999999716,30393.639648408003,57304.24151156176,299.2863660478397
75700,75.6999999999974,30603.768436934966,56869.31443647042,297.0148458188591
75750,75.74999999999764,29982.83976355046,57428.709990301104,299.9364351824584
75800,75.79999999999788,29989.66675518493,57325.17234219823,299.3956827768341
75850,75.84999999999812,29913.80684214709,57324.25782669724,299.39090648080844
75900,75.89999999999836,29908.801379819568,57389.56950520825,299.73201377769334
75950,75.9499999999986,30223.459521515702,57159.78099897297,298.53188329560953
76000,75.99999999999883,30131.957041755697,57183.44396727752,298.6554693270614
76050,76.04999999999907,30460.668295603347,57119.413187530015,298.32105185847007
76100,76.09999999999931,30630.282654171286,57085.84590918948,298.1457379813877
76150,76.14999999999955,30211.03662971979,57420.82084696844,299.89523207118805
76200,76.19999999999979,30252.928854286372,57334.21382324975,299.4429042727692
76250,76.25000000000003,30393.355900191593,57016.17764898019,297.7818772988813
76300,76.30000000000027,30257.061138880068,56950.39326233164,297.43830116030244
76350,76.3500000000005,30087.7749274635,57427.27170354564,299.92892335427564
76400,76.40000000000074,30116.562475938925,57314.39206367843,299.3393799570416
76450,76.45000000000098,30641.240786914663,57139.15994437431,298.42418445286916
76500,76.50000000000122,31081.33397121628,56612.17883183219,295.67188797379
76550,76.55000000000146,30418.20183392705,57323.55929746107,299.38725822945474
76600,76.6000000000017,30741.69409704258,56931.127693684204,297.33768169692166
76650,76.65000000000194,30301.53620922236,57336.13530932959,299.45293973560894
76700,76.70000000000218,30097.515225791125,57257.08854109477,299.04009734578244
76750,76.75000000000242,30797.504423216204,56964.039822335726,297.5095738836636
76800,76.80000000000265,30567.65978564471,57316.07660855997,299.34817793259697
76850,76.8500000000029,30507.54375118886,57496.253760202206,300.28920015952895
76900,76.90000000000313,30587.0145088173,57090.21381517147,298.16855051103835
76950,76.95000000000337,30456.165752125096,57333.86024726056,299.4410576298309
77000,77.00000000000361,30431.696653801468,57474.360318579886,300.17485594327917
77050,77.05000000000385,30262.141735460114,57663.94860612709,301.16503028515206
77100,77.10000000000409,30642.2611407039,57130.05795537269,298.37664693836336
77150,77.15000000000433,30183.660031196006,57534.0514289777,300.48660835540596
77200,77.20000000000456,30230.99749420271,57409.59212379547,299.83658713208496
77250,77.2500000000048,31086.33719843754,56816.55244463489,296.73928253793315
77300,77.30000000000504,30046.434556509732,57763.61846639057,301.6855821587292
77350,77.35000000000528,30664.12029222362,57190.6669211366,298.6931930898334
77400,77.40000000000552,30241.4352688367,57848.612063394816,302.1294834147924
77450,77.45000000000576,30775.318821596084,57589.67344757511,300.77710887297945
77500,77.500000000006,30642.441778293665,57358.6930611392,299.5707534852935
77550,77.55000000000624,30399.91819348312,57758.7418419511,301.66011271408473
77600,77.60000000000647,30502.35614309574,57378.88989270708,299.67623671247156
77650,77.65000000000671,30170.356385913714,57503.14963543171,300.32521566874294
77700,77.70000000000695,30371.695697061943,57329.6140831519,299.41888092890605
77750,77.75000000000719,30465.6376158063,57017.38825349132,297.78819999708475
77800,77.80000000000743,29910.4939112906,57869.653267968446,302.23937660049734
77850,77.85000000000767,30320.309923773086,57494.08219578326,300.27785859725634
77900,77.9000000000079,31077.786460731586,56849.97660018049,296.913848918843
77950,77.95000000000815,30650.559001327914,57165.751835340736,298.56306754779814
78000,78.00000000000838,30324.71312413257,57588.003004294726,300.7683845467186
78050,78.05000000000862,30572.12086478947,57362.39570524968,299.5900915110899
78100,78.10000000000886,30302.540318069627,57819.27385197726,301.9762569441178
78150,78.1500000000091,30408.82745004395,57445.844895263486,300.0259266983304
78200,78.20000000000934,30478.28373478081,57391.138279300816,299.7402071100703
78250,78.25000000000958,30817.132814165358,57344.41759166337,299.49619611797914
78300,78.30000000000982,30485.284331942516,57598.69758272887,300.8242397754337
78350,78.35000000001006,31109.72817158119,57180.85679903413,298.6419571652825
78400,78.4000000000103,30845.956302013914,57297.435358215494,299.25081913459144
78450,78.45000000001053,30452.94083321959,57545.1635882974,300.54464450934523
78500,78.50000000001077,30236.859849770575,57650.063282872965,301.09251055836563
78550,78.55000000001101,30531.058048479135,57249.33363037284,298.999595299376
78600,78.60000000001125,30650.942792181013,57092.739500022806,298.18174155974606
78650,78.65000000001149,30641.058712210215,57344.69851345245,299.49766330538415
78700,78.70000000001173,30693.863004919076,57382.87884214011,299.69707004258237
78750,78.75000000001197,30469.61824173209,57673.17688553494,301.21322738428466
78800,78.8000000000122,30768.93846785091,57624.825362733034,300.9606989296616
78850,78.85000000001244,31140.399812593874,57219.37944672517,298.84315175287105
78900,78.90000000001268,30751.150322759884,57674.39472983673,301.2195878941855
78950,78.95000000001292,30536.17207083704,57610.032703002435,300.88344040117977
79000,79.00000000001316,30355.858658943704,57711.02107686072,301.4108785563297
79050,79.0500000000134,30527.871597689555,57851.90299927239,302.14667118682667
79100,79.10000000001364,30824.74868667213,57524.73310837851,300.4379409926378
79150,79.15000000001388,30154.032484975898,58470.320894094875,305.3765201396835
79200,79.20000000001411,30530.00715039394,57984.71208798111,302.8403013351245
79250,79.25000000001435,30608.63919910322,57770.74918262729,301.7228241864309
79300,79.30000000001459,31045.047156624416,57390.957079919004,299.73926074897935
79350,79.35000000001483,30723.580338134736,57660.453106944486,301.1467741278365
79400,79.40000000001507,30409.32415753694,58115.29933640854,303.5223273423293
79450,79.45000000001531,30532.232178437393,57955.48091392927,302.6876338950446
79500,79.50000000001555,31198.445329208196,57160.33632573503,298.5347836346455
79550,79.55000000001579,30910.405293453867,57150.12314810322,298.48144264733645
79600,79.60000000001602,30287.591382609564,57399.629632979595,299.7845554221378
79650,79.65000000001626,30210.341533187206,57449.69995268291,300.04606074243486
79700,79.7000000000165,30294.471541672407,57506.51748403073,300.3428051375503
79750,79.75000000001674,30750.116106846966,57157.50499655197,298.5199962785977
79800,79.80000000001698,30307.441348877735,57768.065051692975,301.70880561167735
79850,79.85000000001722,30596.973770119657,57758.56987043763,301.65921454794596
79900,79.90000000001746,30854.537942201976,57392.988761252935,299.74987173531053
79950,79.9500000000177,30836.862323794143,57463.12160138447,300.11615880778396
80000,80.00000000001793,30143.691418837625,57993.1924775371,302.88459238419745
80050,80.05000000001817,30925.861806323046,57241.32199362148,298.9577524342378
80100,80.10000000001841,30906.023404087042,57243.269694229144,298.9679248092949
80150,80.15000000001865,30542.063879221452,57572.62929931813,300.6880913577021
80200,80.20000000001889,30546.536645712753,57562.567914413434,300.6355431475504
80250,80.25000000001913,30420.818328188638,57815.26845580306,301.9553377166062
80300,80.30000000001937,30557.292953177042,57508.42059141011,300.35274461282734
80350,80.3500000000196,30885.550082744474,57366.67129967059,299.612421919506
80400,80.40000000001984,30663.1745184837,58051.370981746404,303.18844481549417
80450,80.45000000002008,30510.505077633636,58301.71018519966,304.4959066805242
80500,80.50000000002032,30675.253530692098,57973.171809524094,302.7800292171891
80550,80.55000000002056,30967.121894549615,57807.057690350106,301.91245484982244
80600,80.6000000000208,30982.501552693073,57944.15037859318,302.62845721533176
80650,80.65000000002104,30851.55642084493,57890.00411447967,302.34566421093734
80700,80.70000000002128,30725.730544460414,58110.21382854916,303.4957669494754
80750,80.75000000002152,30833.776144424475,57685.970547409415,301.28004562443334
80800,80.80000000002175,31113.52239519025,57536.50004831256,300.4993969093286
80850,80.85000000002199,30939.852271778298,57696.895070529914,301.3371017993219
80900,80.90000000002223,31128.099969411705,57470.31014264956,300.15370284179727
80950,80.95000000002247,30474.052982472494,57908.50623923592,302.4422963892264
81000,81.00000000002271,30703.256591954283,57709.61019065001,301.4035098346475
81050,81.05000000002295,30967.463845976003,57408.422834376935,299.8304802127418
81100,81.10000000002319,30842.076438156495,57556.02636648785,300.60137820521214
81150,81.15000000002343,30577.796922364396,57635.05315375934,301.0141162392397
81200,81.20000000002366,30940.61468546008,57172.29806683449,298.5972569512942
81250,81.2500000000239,30431.036490918086,57692.796854330765,301.3156977949905
81300,81.30000000002414,30112.294547902347,58193.23256165877,303.92935396312174
81350,81.35000000002438,30220.82892801508,58133.05243321356,303.61504752653764
81400,81.40000000002462,30470.562675816465,57670.93822750878,301.2015354081272
81450,81.45000000002486,31065.484799591686,57127.89492642437,298.36534995481514
81500,81.5000000000251,30826.942503291262,57307.490813020726,299.30333637325015
81550,81.55000000002534,30826.72215083181,57275.35490876403,299.13549822111776
81600,81.60000000002557,30377.44311334384,57849.424369814165,302.13372589719773
81650,81.65000000002581,30950.837751483326,57389.71802647158,299.73278946877673
81700,81.70000000002605,30822.906219792392,57558.24717589519,300.6129769622967
81750,81.75000000002629,30759.31813262008,57526.696315674904,300.44819435542627
81800,81.80000000002653,30870.476148127003,57164.984114661325,298.559057926063
81850,81.85000000002677,30701.228362551723,57429.37573469343,299.93991220640356
81900,81.900000000027,30592.72018927386,57636.796329659264,301.02322043059985
81950,81.95000000002725,30778.429082448652,57389.216700551755,299.7301711632414
82000,82.00000000002748,31048.152158238016,57361.37890203029,299.5847809907429
82050,82.05000000002772,30704.52792761314,57556.75542194299,300.6051858877163
82100,82.10000000002796,30687.510871040613,57589.104273027915,300.77413621026926
82150,82.1500000000282,30691.839557282765,57650.62105701144,301.0954236794641
82200,82.20000000002844,30782.54810515957,57534.335435603876,300.4880916541783
82250,82.25000000002868,30403.57110266854,57665.470652789925,301.1729795713247
82300,82.30000000002892,30534.540012837562,57269.66795385544,299.10579661398407
82350,82.35000000002915,30675.573673197592,57160.72751768536,298.53682673676417
82400,82.4000000000294,30152.86216149968,57772.100884202286,301.72988380089737
82450,82.45000000002963,30340.45819563904,57637.367334889226,301.02620265452884
82500,82.50000000002987,30358.41177413449,57236.40561766527,298.9320753769163
82550,82.55000000003011,30770.199095938042,57071.476659362444,298.0706908216989
82600,82.60000000003035,30250.943036324134,57540.99093635988,300.5228517449316
82650,82.65000000003059,30145.352608534704,57643.714764633725,301.0593537639732
82700,82.70000000003083,30725.091662676226,57443.9359699148,300.0159568371893
82750,82.75000000003106,30525.496196018343,57240.49019996969,298.953408174672
82800,82.8000000000313,30589.323323113866,57413.79627787455,299.8585444246595
82850,82.85000000003154,30448.845228382113,57414.9860027918,299.8647580737313
82900,82.90000000003178,30306.741708991605,57393.34212976295,299.7517172946347
82950,82.95000000003202,30693.35526057354,56937.223797597755,297.3695201915812
83000,83.00000000003226,30154.57188913753,57310.490558716214,299.31900332851535
83050,83.0500000000325,30511.89308841638,57219.516988414834,298.84387010026376
83100,83.10000000003274,30483.5411078361,57384.198796969744,299.7039638513806
83150,83.15000000003297,30390.441873884345,57180.44823259408,298.63982332035397
83200,83.20000000003321,30356.508167655724,57167.400627934134,298.5716787976922
83250,83.25000000003345,30304.609698525266,57169.42366423659,298.58224463308886
83300,83.30000000003369,30460.779248113577,57106.84817788855,298.25542781431983
83350,83.35000000003393,30513.45759870216,57495.86571490555,300.2871734916308
83400,83.40000000003417,30044.108957790682,57686.580122087806,301.283229287379
83450,83.45000000003441,30311.522042866425,57351.917455304785,299.53536611440325
83500,83.50000000003465,30024.04979075335,57671.837015616205,301.2062295637329
83550,83.55000000003488,30816.120789703935,56989.72511709099,297.6437220431261
83600,83.60000000003512,30969.282943494363,56986.22818185619,297.62545838565296
83650,83.65000000003536,30943.702389431855,57232.4766119937,298.91155511875377
83700,83.7000000000356,30702.413797797766,57602.83768331117,300.845862531894
83750,83.75000000003584,31014.79623327229,57906.10736433776,302.429767638615
83800,83.80000000003608,30799.189745704058,57775.814392536835,301.7492785679411
83850,83.85000000003632,31019.15902735726,57605.21861418137,300.8582975651334
83900,83.90000000003656,30595.52607043943,57989.651453317274,302.86609846048634
83950,83.9500000000368,31034.525930432406,57668.39020289617,301.1882276841823
84000,84.00000000003703,31220.57549148688,57651.96436819321,301.1024394729107
84050,84.05000000003727,31073.653855736535,57524.68758581107,300.4377032391413
84100,84.10000000003751,31278.568684307596,57185.447634432945,298.6659340020296
84150,84.15000000003775,30639.543110041188,57502.665022133224,300.3226846492369
84200,84.20000000003799,30289.88115279365,58026.34476549072,303.0577388656112
84250,84.25000000003823,30518.543844775908,57611.70679888883,300.8921838041293
84300,84.30000000003847,30830.687527639937,57370.79340433583,299.63395068758996
84350,84.3500000000387,30678.595027410767,57266.61244837277,299.08983843866883
84400,84.40000000003894,30643.49985780225,57846.08441367174,302.1162821040289
84450,84.45000000003918,30650.096039742166,57621.39137894036,300.94276405253447
84500,84.50000000003942,30928.620081034845,57352.74440714723,299.53968508635523
84550,84.55000000003966,30668.328858602326,57568.40638156615,300.66603606694576
84600,84.6000000000399,30625.293591800393,57817.26953215263,301.96578886041425
84650,84.65000000004014,30524.27474239967,57902.1530174507,302.40911502933676
84700,84.70000000004038,31086.114664508546,57567.5887933445,300.66176599894857
84750,84.75000000004061,30854.10920933132,57558.415701356585,300.6138571305286
84800,84.80000000004085,30727.352791141806,57918.54762644188,302.49474015617415
84850,84.85000000004109,30846.529982596963,57778.544552026266,301.76353753884393
84900,84.90000000004133,30326.597845941855,57932.22322418552,302.56616453671325
84950,84.95000000004157,31244.628864600018,56839.42397775374,296.8587350924478
85000,85.00000000004181,30595.470154101706,57781.62260283804,301.77961346302806
85050,85.05000000004205,30628.372567941093,57913.96612619015,302.47081207467056
85100,85.10000000004229,31164.551138799994,57464.53167160728,300.1235232677563
85150,85.15000000004252,31041.73365930331,57643.48841860974,301.05817161275365
85200,85.20000000004276,30864.90522915456,57771.96234793598,301.7291602590684
85250,85.250000000043,30894.043989715654,57687.305633924414,301.28701846240995
85300,85.30000000004324,30747.766021387048,57520.07885097493,300.41363291790844
85350,85.35000000004348,30861.797224284455,57857.868117387225,302.177825573946
85400,85.40000000004372,31429.39242143228,57516.13146000802,300.3930166377398
85450,85.45000000004396,30951.27758822986,57899.97195094843,302.3977238399526
85500,85.5000000000442,30898.29221216699,57999.058909962034,302.91523135953
85550,85.55000000004443,31269.653622296595,57538.92378934777,300.5120555298344
85600,85.60000000004467,30645.703974582873,57833.93663717127,302.05283716891614
85650,85.65000000004491,30964.519438935342,57187.97880529388,298.6791537028551
85700,85.70000000004515,30913.90162189596,57319.43926343521,299.3657402758257
85750,85.75000000004539,30626.06152691684,57565.46842738474,300.65069183399936
85800,85.80000000004563,31047.460952231646,57209.560467849326,298.7918695715083
85850,85.85000000004587,30398.980273873785,57999.84097936474,302.91931592121966
85900,85.9000000000461,30715.109646940582,57705.0939576825,301.37992262858006
85950,85.95000000004634,30300.70933809998,57954.853865327226,302.6843589699694
86000,86.00000000004658,30631.368521646407,57683.77240789832,301.26856526680206
86050,86.05000000004682,30849.675972053497,57542.92954712173,300.53297664589513
86100,86.10000000004706,30576.352084448212,57795.42195981524,301.8516842084836
86150,86.1500000000473,31081.37466908461,57481.796108482886,300.21369129787183
86200,86.20000000004754,30158.494978127357,58670.408134004494,306.42152800202496
86250,86.25000000004778,30779.716851573132,57936.02987878026,302.58604578442555
86300,86.30000000004802,31064.54047610629,57732.410701909816,301.52259145895624
86350,86.35000000004825,31472.714408446416,57166.85307638278,298.5688190667245
86400,86.4000000000485,30820.231915779936,57644.351918156746,301.062681464637
86450,86.45000000004873,31040.355928152436,57786.39105187806,301.8045179333993
86500,86.50000000004897,30681.55452512645,58279.182317855244,304.3782490102633
86550,86.55000000004921,31573.90573498024,57466.864382172695,300.13570645786143
86600,86.60000000004945,30894.872436919904,58010.00923570971,302.9724222953772
86650,86.65000000004969,30939.628582693746,58154.066445002514,303.7247986908233
86700,86.70000000004993,30519.22621137055,58505.59524043992,305.56074962521285
86750,86.75000000005016,31223.794421068138,57733.80528102187,301.5298750125572
86800,86.8000000000504,31197.331952427143,57522.72927559053,300.4274754526103
86850,86.85000000005064,30423.64288163521,58221.49108489638,304.0769414803208
86900,86.90000000005088,30868.68588094845,57890.37917288243,302.3476230513906
86950,86.95000000005112,30680.635498300908,57982.22928185771,302.8273342317709
87000,87.00000000005136,30892.751760408275,57828.229601929954,302.02303068700087
87050,87.0500000000516,30285.983943807354,58208.27544997207,304.0079193757229
87100,87.10000000005184,31062.59000973594,57401.46519442954,299.79414212115904
87150,87.15000000005207,30856.728809122047,57366.29834429123,299.61047406264163
87200,87.20000000005231,30469.09042337338,57598.51270650952,300.82327421109846
87250,87.25000000005255,30576.987114719792,57207.067238112584,298.77884802811207
87300,87.30000000005279,30757.4796086289,57074.05087381748,298.08413532893525
87350,87.35000000005303,30782.01618140094,57116.1881341145,298.3042081747989
87400,87.40000000005327,30308.195475872468,57613.53792692962,300.9017473485134
87450,87.4500000000535,30390.056115934873,57469.62482641901,300.1501235988158
87500,87.50000000005375,30511.281827481827,57652.52603775495,301.1053729388745
87550,87.55000000005398,30399.664498193364,57983.68894043985,302.83495767989973
87600,87.60000000005422,30518.139205108673,57673.75108528616,301.21622629243524
87650,87.65000000005446,30514.069074321233,57513.42394445762,300.3788759307219
87700,87.7000000000547,30687.127165298174,56943.537901756026,297.4024972494487
87750,87.75000000005494,30393.23590032209,57290.736663300246,299.2158334510615
87800,87.80000000005518,30809.238283568382,56981.09616259257,297.5986550748442
87850,87.85000000005542,30460.66926155134,57407.40109129107,299.8251438926521
87900,87.90000000005566,30803.5601506362,57225.5669047275,298.875467368116
87950,87.9500000000559,30328.0853738441,57704.31977885864,301.375879277499
88000,88.00000000005613,30496.402647877767,57582.19131934944,300.7380315043956
88050,88.05000000005637,30593.395479264494,57396.316311614886,299.76725073605115
88100,88.10000000005661,30779.73733147839,57564.696684491115,300.64666120520013
88150,88.15000000005685,30686.47596721619,57547.0918652281,300.55471543917696
88200,88.20000000005709,30402.96397952354,57739.12223790955,301.55764420840336
88250,88.25000000005733,30457.191633359733,57451.401974001405,300.05494999324617
88300,88.30000000005757,30629.175671602912,57310.81657051305,299.3207060102609
88350,88.3500000000578,30820.404508247317,56930.5164994045,297.33448957518516
88400,88.40000000005804,30587.23368380282,56993.816908595356,297.66509249281125
88450,88.45000000005828,30679.242845372304,57030.76942029497,297.8580866351504
88500,88.50000000005852,30649.445965308747,57092.246464173346,298.1791665512681
88550,88.55000000005876,30157.118530705317,57567.913116112955,300.6634598593023
88600,88.600000000059,29995.13556540539,57829.87580476179,302.0316284111889
88650,88.65000000005924,30410.09348151338,57430.103398154366,299.9437126188544
88700,88.70000000005948,30304.050903081537,57407.60486648761,299.826208161831
88750,88.75000000005971,30572.24071713796,57070.91501456259,298.06775748506055
88800,88.80000000005995,30532.528679165953,56999.71082245957,297.69587499713714
88850,88.85000000006019,30777.962726439793,56676.20761852421,296.0062950331285
88900,88.90000000006043,30537.111802666674,56933.69758535854,297.35110362730694
88950,88.95000000006067,30216.687015442818,57233.35863070875,298.9161616918285
89000,89.00000000006091,30705.04855580225,57120.3493954208,298.32594144866636
89050,89.05000000006115,30827.334405118083,57243.34802788181,298.96833392725244
89100,89.10000000006139,30565.419065496662,57637.23522583012,301.02551268046795
89150,89.15000000006162,30828.957988592243,57236.93088025388,298.93481869795534
89200,89.20000000006186,30642.04674583803,57378.95680331667,299.67658617060357
89250,89.2500000000621,30438.113421878763,57745.77083485999,301.5923682422292
89300,89.30000000006234,31339.05929004163,56996.103846745704,297.6770366245254
89350,89.35000000006258,30841.675038452588,57619.69554198133,300.9339071011554
89400,89.40000000006282,31031.457614049657,57040.20201985083,297.9073508496133
89450,89.45000000006306,30545.594430096346,57809.867851529096,301.927131650441
89500,89.5000000000633,30819.52385600921,57679.61809914417,301.24686830445387
89550,89.55000000006353,30552.08097730975,57801.812627257874,301.88506113809774
89600,89.60000000006377,31034.832191438778,57341.548112937635,299.4812095159821
89650,89.65000000006401,30963.135975976496,57592.771612657816,300.79328984919624
89700,89.70000000006425,30640.14021924833,57589.27601346681,300.7750331695607
89750,89.75000000006449,30769.06892449416,57508.02033040786,300.35065414521665
89800,89.80000000006473,30511.51037328205,57687.2660190122,301.28681156318567
89850,89.85000000006497,30842.049794696206,57251.19135674002,299.0092977604657
89900,89.9000000000652,30538.245499468285,57458.61012688488,300.09259645405797
89950,89.95000000006544,30376.55766354793,57639.31310723651,301.0363649587425
90000,90.00000000006568,30290.213882202846,57835.75562058963,302.0623372848381
90050,90.05000000006592,30668.63128954961,57549.00853695968,300.5647257578256
90100,90.10000000006616,30118.95996979079,57972.176427506776,302.77483057466395
90150,90.1500000000664,30870.13480453635,57237.99171411039,298.9403591798031
90200,90.20000000006664,30231.66194255982,57871.47794329438,302.2489064438931
90250,90.25000000006688,30383.778003192994,57412.98333940558,299.85429864121
90300,90.30000000006712,30381.741108805225,57402.62601421574,299.8002048056356
90350,90.35000000006735,30916.697510813683,56796.94550765881,296.6368801893091
90400,90.40000000006759,30489.521638062302,57468.02933121273,300.14179070844443
90450,90.45000000006783,30618.67469402821,57453.87406814542,300.06786115048993
90500,90.50000000006807,30757.736725867137,57248.779556088084,298.9967015017297
90550,90.55000000006831,30614.464483543103,57504.64160235169,300.3330078556031
90600,90.60000000006855,30345.779374448022,57719.62939364484,301.4558377387593
90650,90.65000000006879,31127.25468223694,57260.947189241284,299.06025014339684
90700,90.70000000006902,30805.531194163363,57576.89776654949,300.71038454250953
90750,90.75000000006926,31028.33925419936,57294.6967938887,299.2365162672306
90800,90.8000000000695,30764.317291340936,57650.59457463491,301.09528536833693
90850,90.85000000006974,30590.83809685154,57750.33603310156,301.61621118222746
90900,90.90000000006998,30866.951990622278,57377.02083404094,299.6664750654911
90950,90.95000000007022,30586.765725979232,57361.19157381356,299.58380262021103
91000,91.00000000007046,30790.689850929237,57212.011543283676,298.8046709530519
91050,91.0500000000707,30334.275586179792,57689.043918423624,301.29609710715255
91100,91.10000000007093,30722.143053033993,57350.43022124551,299.52759864614393
91150,91.15000000007117,30680.75141309118,57285.474219170545,299.1883489623297
91200,91.20000000007141,30279.771947459027,58134.73342311116,303.62382693526104
91250,91.25000000007165,30551.178220410155,57631.8301727428,300.9972833792133
91300,91.30000000007189,30945.505075068773,57330.64350034404,299.42425732901984
91350,91.35000000007213,30358.97335052876,57663.68121736316,301.1636337775051
91400,91.40000000007237,30283.222716707896,57756.4691020688,301.64824273653323
91450,91.4500000000726,30648.641679506996,57420.75432668464,299.8948846516344
91500,91.50000000007284,30764.86027958371,57125.83793552643,298.3546067826764
91550,91.55000000007308,30484.159296044476,57498.28695525085,300.29981905163055
91600,91.60000000007332,30503.557417828306,57473.681626091566,300.1713112945214
91650,91.65000000007356,30214.825769066425,57516.712324038126,300.3960503518271
91700,91.7000000000738,30473.074948441244,57804.69402285075,301.90010997904557
91750,91.75000000007404,30898.465629771985,57086.666933638706,298.1500259959808
91800,91.80000000007428,30790.24572042271,57222.0431574258,298.85706367762157
91850,91.85000000007452,30650.546420739098,57236.467998276064,298.9324011759466
91900,91.90000000007475,30692.99724687854,57411.46306787858,299.8463586261479
91950,91.950000000075,31068.297158292153,57264.101874538406,299.0767263111934
92000,92.00000000007523,30563.86488214646,57578.910559366464,300.7208968786283
92050,92.05000000007547,30698.962455764664,57345.49278139141,299.50181157711495
92100,92.10000000007571,30357.67444735986,57506.53241233326,300.34288310450876
92150,92.15000000007595,29853.827497632734,57700.282123846235,301.3547915697806
92200,92.20000000007619,30552.33296336858,57179.75088205078,298.6361812250316
92250,92.25000000007643,30231.959598142384,57337.32700885283,299.4591636975762
92300,92.30000000007666,30644.546314470892,56908.05468498871,297.2171768835934
92350,92.3500000000769,30145.012396310573,57294.7316202545,299.23669815702067
92400,92.40000000007714,30385.5935609724,57225.633144608735,298.875813323194
92450,92.45000000007738,30569.50555137213,56533.79213248645,295.26249296611087
92500,92.50000000007762,29830.321550963454,57302.06797656876,299.27501419372953
92550,92.55000000007786,29978.66691561546,56907.19397263259,297.2126815885423
92600,92.6000000000781,30367.98876469765,56603.7882003349,295.62806570961834
92650,92.65000000007834,29983.04797702893,57012.63077007066,297.7633527975242
92700,92.70000000007857,29776.99757398285,57427.21434692951,299.92862379436946
92750,92.75000000007881,30163.50816129864,57049.72873426129,297.957106603482
92800,92.80000000007905,30228.817237941046,57180.00918825851,298.637530296657
92850,92.85000000007929,30059.761833289027,57421.4224427726,299.8983740623794
92900,92.90000000007953,30135.168620841316,57150.5587248275,298.48371756052796
92950,92.95000000007977,30415.847411297378,56967.390802609196,297.52707525323575
93000,93.00000000008001,30245.863741702626,56883.71877201209,297.0900762228551
93050,93.05000000008025,29838.933463859445,57424.76139324345,299.9158126031658
93100,93.10000000008048,29953.992646154686,57031.40740654867,297.8614186849677
93150,93.15000000008072,29828.222510492553,57115.91331344386,298.30277285207825
93200,93.20000000008096,29234.252199974944,57557.81109199085,300.6106994002249
93250,93.2500000000812,29933.309086144225,56756.40392041937,296.4251411626918
93300,93.30000000008144,29402.321783503598,57207.44732529404,298.7808331326753
93350,93.35000000008168,30036.15609867929,56873.03005745505,297.0342516197696
93400,93.40000000008192,29859.33298385961,57140.21473533191,298.4296933740993
93450,93.45000000008216,30203.02855162639,56910.064833677,297.2276754100597
93500,93.5000000000824,30092.28731808877,56894.55036081743,297.14664702401336
93550,93.55000000008263,29911.265325546934,56902.222375171565,297.186716122491
93600,93.60000000008287,30175.801387689862,56769.507060855736,296.49357573544887
93650,93.65000000008311,29861.54493311944,57108.7444466279,298.26533157301344
93700,93.70000000008335,30482.111639016177,56701.655135778754,296.1392013374989
93750,93.75000000008359,30311.348493114136,56825.92325754078,296.7882240554812
93800,93.80000000008383,30067.392810653473,57408.291298835116,299.8297932340247
93850,93.85000000008407,30441.072161942066,57222.131335686165,298.85752421161374
93900,93.9000000000843,30053.694855669797,57672.38055896087,301.2090683607944
93950,93.95000000008454,30749.719501249958,57298.60902129003,299.25694889649526
94000,94.00000000008478,30288.61286084672,58013.37189326187,302.9899846525869
94050,94.05000000008502,30890.31743351993,57516.35107632855,300.3941636413256
94100,94.10000000008526,30714.288554554638,57674.20970949751,301.2186215771467
94150,94.1500000000855,30787.88726756921,57936.094421348746,302.5863828748445
94200,94.20000000008574,30558.682243799274,58311.54250691252,304.5472585483377
94250,94.25000000008598,31173.536364240856,57717.84470346164,301.4465167282135
94300,94.30000000008621,31233.200430637087,57685.11777140571,301.2755917790553
94350,94.35000000008645,31256.725232505123,57670.655473528685,301.20005865162625
94400,94.40000000008669,30796.34087351724,57836.70118104165,302.0672757212278
94450,94.45000000008693,30769.658390918194,57736.59840132931,301.5444628127741
94500,94.50000000008717,30787.73012002519,57310.158987844145,299.31727161304764
94550,94.55000000008741,30600.870357033586,57192.80349699727,298.7043519152233
94600,94.60000000008765,30573.12789349733,57349.06882988352,299.5204884242345
94650,94.65000000008789,30947.595252117724,57225.089848685704,298.8729758183566
94700,94.70000000008812,31432.80213892358,56945.69541141365,297.4137654070599
94750,94.75000000008836,30451.302034018725,57757.29344307327,301.65254807270213
94800,94.8000000000886,31005.34078192496,57296.78098018881,299.2474014744591
94850,94.85000000008884,30978.149524438337,57278.28497093613,299.15080123598455
94900,94.90000000008908,30963.28813915542,57493.95707419936,300.27720511710953
94950,94.95000000008932,30640.19236043994,57907.301523617396,302.4360044473024
95000,95.00000000008956,30929.62949395392,57681.818077063355,301.2583582636514
95050,95.0500000000898,30779.53446670378,57560.16205933207,300.6229779411093
95100,95.10000000009003,30840.26467444298,57455.167094144126,300.0746143164363
95150,95.15000000009027,30387.955945593785,58116.20561937766,303.52706064180734
95200,95.20000000009051,30881.00764731068,57749.358090638,301.6111036223262
95250,95.25000000009075,31226.178886496185,57495.933180687694,300.28752584929646
95300,95.30000000009099,31014.240126175417,57500.23195776161,300.30997733517194
95350,95.35000000009123,30724.42106185708,57903.835774198604,302.4179036658973
95400,95.40000000009147,30452.907123893943,58045.02176484708,303.15528437216705
95450,95.4500000000917,30701.613477141247,57946.623238729975,302.6413723731729
95500,95.50000000009194,30973.42462805356,57426.71091271967,299.9259944777389
95550,95.55000000009218,30721.379082369676,57669.85470226483,301.1958764145828
95600,95.60000000009242,30689.500266943985,57965.73386436601,302.74118260621395
95650,95.65000000009266,30782.95555803622,57856.00167082664,302.16807756936896
95700,95.7000000000929,30903.364262089057,57935.50600617499,302.5833097229375
95750,95.75000000009314,30748.813905204028,58067.304829432396,303.2716634960894
95800,95.80000000009338,31352.1508230896,57226.82475205479,298.8820368042641
95850,95.85000000009362,30272.022242992403,57836.185750943114,302.0645837529359
95900,95.90000000009385,30905.5874349566,57297.71563186367,299.2522829369113
95950,95.9500000000941,30487.2131116905,57499.73901122372,300.307402793147
96000,96.00000000009433,30331.657954486844,57426.45999439784,299.92468399127694
96050,96.05000000009457,30669.112635359234,57193.29430410947,298.70691528353893
96100,96.10000000009481,30605.007727034703,57475.53180608692,300.18097434271357
96150,96.15000000009505,30792.577613236703,57331.93064228019,299.4309797639129
96200,96.20000000009529,31050.794502371093,57254.11311634529,299.02455741300906
96250,96.25000000009553,31015.12571796791,57252.151162683396,299.0143105976542
96300,96.30000000009576,30653.695872476004,57627.97741837093,300.9771613633762
96350,96.350000000096,31079.87546698066,57159.9404117864,298.5327158706576
96400,96.40000000009624,30456.798948733893,57567.05742256049,300.6589907762639
96450,96.45000000009648,30264.24902828339,57519.550597971174,300.4108739786453
96500,96.50000000009672,30045.119379510164,57744.874776584635,301.58768834388445
96550,96.55000000009696,30295.997487058456,57417.39190558279,299.8773235293483
96600,96.6000000000972,30835.729779753536,56895.78600455363,297.15310049610866
96650,96.65000000009744,30157.058954487293,57526.92671726439,300.44939768789567
96700,96.70000000009767,30898.614169305292,57168.03890877101,298.575012386047
96750,96.75000000009791,30437.517366333304,57352.9897660612,299.5409665373579
96800,96.80000000009815,30194.73330537991,57640.6679799322,301.0434411352149
96850,96.85000000009839,30190.089739976524,57562.47495862784,300.6350576616851
96900,96.90000000009863,30678.016092457277,57010.0792748675,297.75002694751385
96950,96.95000000009887,30575.42279779225,57305.65576073593,299.29375233347685
97000,97.0000000000991,30143.38528528638,57928.93085095501,302.54896925772795
97050,97.05000000009935,31081.18201666885,56859.789386510085,296.9650987580158
97100,97.10000000009958,30393.010409102564,57689.405026318236,301.29798308743386
97150,97.15000000009982,30318.434645255744,57869.41144809949,302.2381136330815
97200,97.20000000010006,31259.160732782955,57099.4041854784,298.21654961999155
97250,97.2500000001003,30366.960235978833,58200.50131023074,303.967316900741
97300,97.30000000010054,30981.54680348344,57670.99751672315,301.2018450615324
97350,97.35000000010078,31439.20760284969,57338.65446117436,299.46609666398376
97400,97.40000000010102,30788.17859038408,57986.93186609478,302.85189470600847
97450,97.45000000010126,31122.432381737824,57773.146753075314,301.7353461242109
97500,97.5000000001015,30904.956854643948,57764.203676171746,301.6886385696363
97550,97.55000000010173,31232.90639701348,57241.584664571965,298.9591243018721
97600,97.60000000010197,31058.292366119094,57531.99118444311,300.47584819030016
97650,97.65000000010221,30892.73815795646,57750.09331519437,301.6149435245725
97700,97.70000000010245,31185.810275122036,57573.95907250079,300.695036445413
97750,97.75000000010269,30921.035191465453,57707.127598451414,301.3905438485722
97800,97.80000000010293,30908.516121713103,57720.13577707006,301.45848245843735
97850,97.85000000010317,30716.304027173966,57613.84146732547,300.903332667499
97900,97.9000000001034,30263.389645439776,57920.135750651105,302.50303454958856
97950,97.95000000010364,30822.089111761554,57166.88317096775,298.5689762435536
98000,98.00000000010388,30809.77748457319,57137.191422707576,298.41390333439375
98050,98.05000000010412,29975.921903569295,57831.572463098346,302.04048965242646
98100,98.10000000010436,30068.78819046337,57610.91227730071,300.88803420764947
98150,98.1500000001046,30392.69045196067,57540.46999084723,300.52013097094914
98200,98.20000000010484,30981.86975225297,57593.02109385813,300.79459282991576
98250,98.25000000010508,30095.29404723252,58182.423981055385,303.87290332830673
98300,98.30000000010531,30180.834336704087,58102.672880251645,303.4563823777057
98350,98.35000000010555,30613.265065360953,57414.93155251024,299.8644736929165
98400,98.40000000010579,30462.989632767192,57582.48336385408,300.7395567830872
98450,98.45000000010603,31068.737064995963,57005.496122295,297.72609023633356
98500,98.50000000010627,30689.674660537654,57449.71928196348,300.0461616946504
98550,98.55000000010651,30587.554225517735,57214.00697717898,298.815092627669
98600,98.60000000010675,30319.765785068972,57327.09275165961,299.4057126167528
98650,98.65000000010698,30739.67822004797,56972.50423719526,297.5537815007127
98700,98.70000000010722,30819.569415566955,57123.33560860506,298.3415377268577
98750,98.75000000010746,30516.997219567907,57372.51670124597,299.6429510557346
98800,98.8000000001077,30213.27351110591,57596.04109301038,300.81036556414807
98850,98.85000000010794,30883.30812470184,57119.4983485934,298.3214966343631
98900,98.90000000010818,30585.355778615354,57406.1894162673,299.8188156034168
98950,98.95000000010842,30194.522189473355,57705.97699590057,301.3845345262755
99000,99.00000000010866,30397.171242429504,57500.460456651505,300.3111707302959
99050,99.0500000001089,30560.300041226947,57440.79893451729,299.9995728506027
99100,99.10000000010913,30300.799391824246,57669.40517873771,301.1935286605713
99150,99.15000000010937,30170.007821227737,57823.527162843435,301.99847097085
99200,99.20000000010961,30310.04771140383,57966.77903378811,302.7466412764623
99250,99.25000000010985,31013.320224960233,57335.220279849134,299.4481607551913
99300,99.30000000011009,30658.36644360731,57602.90357641951,300.84620667586
99350,99.35000000011033,30713.494093348854,57443.22750904924,300.01225671530744
99400,99.40000000011057,30259.90873492079,57620.045322611964,300.93573392184265
99450,99.4500000001108,30438.90476998528,57700.77121499983,301.3573459760544
99500,99.50000000011104,30786.3748222083,57380.60917717345,299.68521612458085
99550,99.55000000011128,30929.532723153694,57076.42154136933,298.0965167593143
99600,99.60000000011152,30105.0836228115,57716.94759150785,301.4418313267579
99650,99.65000000011176,30304.773588072385,57712.4639346113,301.4184142577282
99700,99.700000000112,30413.683363764758,57760.671795744754,301.67019240177115
99750,99.75000000011224,30835.413479516188,57363.235354430915,299.5944767982096
99800,99.80000000011248,30530.721222678345,57476.22937615891,300.18461758458193
99850,99.85000000011271,30518.794829874147,57360.22604657759,299.578759902078
99900,99.90000000011295,30512.55897401671,57233.06489986835,298.91462760580794
99950,99.95000000011319,30476.8414625605,57753.84099629935,301.6345167678339
100000,100.00000000011343,30851.965183356435,57558.862875752435,300.61619261558855
100050,100.05000000011367,30839.43562158804,57791.6902036586,301.83219413742364
100100,100.10000000011391,30844.842974953783,58054.432551985665,303.2044346655845
100150,100.15000000011415,31261.97895320165,57742.922470693455,301.5774919165315
100200,100.20000000011439,30952.430453556226,58000.24318417368,302.92141654086845
100250,100.25000000011462,31449.718594406135,57363.527427524656,299.5960022262153
100300,100.30000000011486,30974.933480899977,57952.21547115767,302.67057926741376
100350,100.3500000001151,31085.754971027905,57648.76757357094,301.0857433781669
100400,100.40000000011534,30863.778590929753,57909.06308658158,302.4452046699073
100450,100.45000000011558,31325.161055289514,57447.243674710684,300.0332321892786
100500,100.50000000011582,30820.124852971225,57970.47914229524,302.765966059408
100550,100.55000000011606,31234.154029980957,57613.47063516167,300.9013958996824
100600,100.6000000001163,30863.37803149707,58173.226283049626,303.8248659485328
100650,100.65000000011653,31110.528720315397,57602.580645445196,300.8445200845146
100700,100.70000000011677,31485.56920510511,57320.513200840775,299.3713491943803
100750,100.75000000011701,30323.363086907797,58208.11646436504,304.00708903187177
100800,100.80000000011725,30499.47071594691,58132.90960069952,303.61430154643296
100850,100.85000000011749,30788.527211266846,57866.66996938764,302.2237955445836
100900,100.90000000011773,30519.458188467775,58049.36543361278,303.17797031662616
100950,100.95000000011797,31078.875531297846,57417.99157615834,299.8804554655305
101000,101.0000000001182,30775.46153840956,57849.92586643568,302.1363450942673
101050,101.05000000011844,30729.852780609745,57919.56047638932,302.50003002952604
101100,101.10000000011868,30835.55575634369,57958.320910680406,302.7024665197302
101150,101.15000000011892,31220.54871477835,57736.58208467173,301.5443775947689
101200,101.20000000011916,30696.48971202592,58012.831512651544,302.98716237373134
101250,101.2500000001194,31025.56165710268,57668.2934636918,301.1877224384245
101300,101.30000000011964,31027.009592799244,57748.68218095345,301.60757350748776
101350,101.35000000011988,31217.676000665193,57613.14733460862,300.8997073781156
101400,101.40000000012012,31299.59889509483,57319.33504021853,299.3651959428591
101450,101.45000000012035,31199.49307686735,57187.430001283334,298.6762874305922
101500,101.5000000001206,30741.702786579674,57733.51573053786,301.5283627595397
101550,101.55000000012083,30505.52181175856,58221.06637615099,304.0747233279871
101600,101.60000000012107,30938.161880577332,57871.48896485176,302.2489640068547
101650,101.65000000012131,31026.244006063862,57704.68739147515,301.37779923038914
101700,101.70000000012155,30740.279127320566,57707.39498781363,301.3919403593439
101750,101.75000000012179,30925.08748655069,57475.878981935115,300.1827875592443
101800,101.80000000012203,30734.725495433988,57557.12917208668,300.60713789544496
101850,101.85000000012226,31361.052960747635,57019.19896379884,297.79765690452484
101900,101.9000000001225,30907.860615271493,57307.15986385954,299.30160790482984
101950,101.95000000012274,30982.95729061328,57446.48537372656,300.029271764362
102000,102.00000000012298,30633.56915589884,57813.93863652024,301.9483923881251
102050,102.05000000012322,30022.780218407897,58480.5098994469,305.429734880949
102100,102.10000000012346,30374.331009090427,57804.39345306,301.8985401748209
102150,102.1500000001237,30491.947981370766,57545.12741354054,300.5444555772306
102200,102.20000000012394,30848.30426943725,57247.594860166384,298.99051411790043
102250,102.25000000012417,30722.773042506582,57373.20396964904,299.6465404944468
102300,102.30000000012441,30603.19421907475,57426.75666195979,299.92623341509267
102350,102.35000000012465,30350.37565652318,57429.57594635771,299.9409578641047
102400,102.40000000012489,30349.117511605924,57529.64748048011,300.4636075843053
102450,102.45000000012513,30653.71565597259,57055.778569619986,297.98870344853094
102500,102.50000000012537,30133.450811504204,57528.02443189709,300.45513078922835
102550,102.5500000001256,30447.787128071854,57117.037730264165,298.30864541255886
102600,102.60000000012585,30351.823160649925,57070.83725283296,298.0673513541204
102650,102.65000000012608,30937.508423054634,56721.23126132106,296.24144276536373
102700,102.70000000012632,30172.735796500783,57499.30132574177,300.3051168664178
102750,102.75000000012656,30164.50672751113,57460.07946338262,300.1002704476282
102800,102.8000000001268,30015.38552486855,57317.42086026233,299.3551986381581
102850,102.85000000012704,30236.929183722954,57289.86461808259,299.21127896718144
102900,102.90000000012728,30293.003893802932,57244.47970529446,298.9742444080727
102950,102.95000000012752,29953.78800751856,57626.711643128445,300.97055052162057
103000,103.00000000012776,30099.919689189228,57844.16961861181,302.106281586788
103050,103.050000000128,30518.035039861425,57378.53904803322,299.6744043345408
103100,103.10000000012823,30824.559172674017,57454.50129234593,300.071136992674
103150,103.15000000012847,30435.922591327355,57820.08001368324,301.9804673341528
103200,103.20000000012871,30930.08893932648,57645.07018970558,301.0664328253743
103250,103.25000000012895,30454.485761063843,57910.69045146739,302.4537040080028
103300,103.30000000012919,30857.44833293674,57562.04836869028,300.63282968433407
103350,103.35000000012943,30644.623453739776,57801.285892243555,301.882310126931
103400,103.40000000012967,31148.75186563193,57173.51585414663,298.6036171635517
103450,103.4500000001299,31193.993022855684,57289.08714457398,299.20721840874893
103500,103.50000000013014,30848.785064474825,57616.27872816686,300.9160618987233
103550,103.55000000013038,30761.12067790721,57744.6938819345,301.5867435743343
103600,103.60000000013062,30378.66815078354,58157.46278566109,303.74253696685236
103650,103.65000000013086,30651.110538121706,58083.699815329805,303.3572905914179
103700,103.7000000001311,31084.094340906428,57622.11679879261,300.946552747153
103750,103.75000000013134,30341.58050870782,58286.68349755867,304.4174258801649
103800,103.80000000013158,30597.433490525516,58073.14808296225,303.3021814135893
103850,103.85000000013181,31139.595316101782,57790.949676229575,301.82832653954
103900,103.90000000013205,31166.330484093538,57892.54181972103,302.3589180392711
103950,103.95000000013229,30885.450628811413,58250.257849543,304.22718342100336
104000,104.00000000013253,30961.376435630307,58119.7984192557,303.5458249774145
104050,104.05000000013277,30819.592353082924,58208.33757323005,304.00824383066094
104100,104.10000000013301,30594.3109257223,58319.1394498103,304.58693556653
104150,104.15000000013325,30737.68982652409,57799.68536337642,301.8739509469512
104200,104.20000000013349,30948.073692193844,57708.288049851755,301.39660460905725
104250,104.25000000013372,30772.729163700424,57948.817091939716,302.652830344476
104300,104.30000000013396,31411.218767352882,57352.2966945175,299.5373467902283
104350,104.3500000001342,30677.739752759342,57976.8795183987,302.79939369503876
104400,104.40000000013444,31259.145276422692,57525.08513598655,300.43977954875123
104450,104.45000000013468,30964.908114132042,57511.33163737967,300.36794831061036
104500,104.50000000013492,30579.366033358172,57742.19013782934,301.5736671169032
104550,104.55000000013516,30814.53714653729,57546.022581256,300.5491308243938
104600,104.6000000001354,30662.93894415824,57251.09390029503,299.00878876873145
104650,104.65000000013563,30533.37749745317,57739.73014504595,301.56081916217545
104700,104.70000000013587,31268.188059532862,56688.75437994462,296.0718237711788
104750,104.75000000013611,30695.586266203434,57305.314732491024,299.29197122440974
104800,104.80000000013635,30616.082402598113,57185.285171253745,298.66508549564963
104850,104.85000000013659,30240.249252293805,57685.84624665914,301.2793964313044
104900,104.90000000013683,30480.931746350223,57905.94352650702,302.42891195275837
104950,104.95000000013707,30762.259067740146,57519.1635397606,300.40885246606206
105000,105.0000000001373,30612.212834708633,57710.24651343096,301.4068331965439
105050,105.05000000013754,30731.071761319436,57535.80220447551,300.49575223765066
105100,105.10000000013778,30757.40153373662,57602.29290871024,300.8430173042751
105150,105.15000000013802,30704.187351643508,57398.23095761441,299.77725047478515
105200,105.20000000013826,30363.419250538223,57553.08282193486,300.5860047750903
105250,105.2500000001385,30694.65541002834,57172.39001653303,298.5977371826071
105300,105.30000000013874,30205.110426796222,57589.74412758199,300.7774780177731
105350,105.35000000013898,30715.013849913572,56968.018466794434,297.5303533933549
105400,105.40000000013922,30052.625548114804,57830.45281640661,302.03464200518806
105450,105.45000000013945,30198.20439400011,57824.829893594266,302.0052748223987
105500,105.50000000013969,30725.089854702914,57363.89644954423,299.597929540081
105550,105.55000000013993,31061.236241452047,57415.67526075714,299.8683579034521
105600,105.60000000014017,30835.818494602237,57722.20680957855,301.4692989665541
105650,105.65000000014041,30989.33213639901,57329.50772354256,299.41832543807095
105700,105.70000000014065,30749.53442047267,57945.7209464576,302.6366599161507
105750,105.75000000014089,30583.850657859555,58307.40476108914,304.5256480902208
105800,105.80000000014113,31385.379285888106,57534.97254717396,300.4914191357319
105850,105.85000000014136,30992.774095893732,57652.554724965266,301.10552276532195
105900,105.9000000001416,30951.147781790394,57722.4040717773,301.47032921990126
105950,105.95000000014184,31465.984139787928,57159.671868764985,298.5313133345994
106000,106.00000000014208,30423.359254660732,57937.85949136342,302.5956014139365
106050,106.05000000014232,31246.813833247063,57133.81265517109,298.396256838584
106100,106.10000000014256,31360.421484190792,57060.72925900958,298.01455971671913
106150,106.1500000001428,30707.142746939397,58057.14890783182,303.21862154335554
106200,106.20000000014304,30462.80433113042,57979.890454262466,302.8151190938801
106250,106.25000000014327,31050.75134046463,57737.51620168732,301.5492562648234
106300,106.30000000014351,31227.158222441452,57483.56368333494,300.22292291913124
106350,106.35000000014375,30716.32584397294,58073.95501946311,303.30639585019304
106400,106.40000000014399,30707.10276276531,58018.705259728085,303.0178395517421
106450,106.45000000014423,30977.51245830392,57917.853549944164,302.4911151604098
106500,106.50000000014447,31267.3580441319,57542.768195601886,300.5321339454465
106550,106.5500000001447,31198.726844664117,57600.55667441211,300.83394936724306
106600,106.60000000014495,31372.962457056223,57321.19300137056,299.37489963017407
106650,106.65000000014518,30722.029491850946,57986.64686294086,302.85040620260986
106700,106.70000000014542,31339.1578728297,57236.815455386364,298.9342158614421
106750,106.75000000014566,30479.640782870207,57867.74252777943,302.2293972608787
106800,106.8000000001459,30599.410852590707,57516.46022656403,300.39473370693446
106850,106.85000000014614,30179.180229683552,57803.210798656786,301.892363453355
106900,106.90000000014638,30076.79416152503,57836.206157483764,302.0646903314235
106950,106.95000000014662,30394.82219279363,57492.79828968571,300.2711530623754
107000,107.00000000014685,30443.79317074665,57532.13373516591,300.4765926986765
107050,107.0500000001471,30275.085695576156,57618.99848122496,300.9302665193209
107100,107.10000000014733,30783.974530897118,57403.891450388786,299.8068138765124
107150,107.15000000014757,30304.877774450222,57536.90287045001,300.50150075313667
107200,107.20000000014781,30585.685278231387,57072.66423106067,298.07689322502205
107250,107.25000000014805,30796.70732390311,56810.09877638482,296.7055765701497
107300,107.30000000014829,29993.03953783519,57259.78389435732,299.05417453207593
107350,107.35000000014853,30465.371169997634,56864.19581200267,296.9881124658697
107400,107.40000000014876,30178.12665952216,56858.868099463514,296.960287095825
107450,107.450000000149,29818.066093076806,57094.669195861556,298.19181990019564
107500,107.50000000014924,30116.746113461748,56832.126085134056,296.82061994242855
107550,107.55000000014948,30072.28605441605,56818.83490922259,296.7512033052981
107600,107.60000000014972,29565.877535713626,57314.024757993844,299.33746160718357
107650,107.65000000014996,29494.27311318263,57603.39097543997,300.84875224452645
107700,107.7000000001502,30583.803427245213,56869.360816262255,297.0150880494338
107750,107.75000000015044,30555.324818743407,57004.97268116209,297.7233564283226
107800,107.80000000015067,30414.09824175933,56999.9241373064,297.69698908963096
107850,107.85000000015091,30356.474727011584,57337.190036377804,299.4584483230556
107900,107.90000000015115,30916.894164876125,56524.105357552624,295.2119012543597
107950,107.95000000015139,29917.994767377713,57372.1254339021,299.6409075598536
108000,108.00000000015163,30321.858314316614,56812.54170057121,296.7183353796721
108050,108.05000000015187,30124.249127861192,56889.19792500851,297.11869253023593
108100,108.10000000015211,30109.83766184841,57258.63028983784,299.04814953121416
108150,108.15000000015235,30272.70095320051,57291.47900336284,299.21971051589725
108200,108.20000000015258,30251.154675477148,57353.434792509506,299.54329080420086
108250,108.25000000015282,30743.007987098223,56814.00683478995,296.72598742574297
108300,108.30000000015306,30252.005732118654,57226.63284069761,298.8810344970845
108350,108.3500000001533,30670.630683379815,56776.4008926463,296.5295805722693
108400,108.40000000015354,30521.651555418168,57138.053736474125,298.4184069932291
108450,108.45000000015378,30597.5409621144,57173.13552089343,298.6016307738145
108500,108.50000000015402,30371.569946696378,57126.846671002284,298.3598751671259
108550,108.55000000015426,29759.14478212162,57558.49354682653,300.6142636988244
108600,108.6000000001545,29780.92511957841,57530.891653383806,300.47010560220514
108650,108.65000000015473,30308.943029656286,57383.76134460481,299.701679142166
108700,108.70000000015497,29744.116492885543,57838.7904291605,302.0781873651266
108750,108.75000000015521,30350.642382856102,56860.50560265939,296.9688393838923
108800,108.80000000015545,29940.86231094876,57622.40268474306,300.9480458611871
108850,108.85000000015569,29923.452909897795,57225.4379742152,298.8747939948459
108900,108.90000000015593,30664.959663813053,56537.770060341165,295.28326873315063
108950,108.95000000015617,30438.409939725978,56911.01947220591,297.2326612590766
109000,109.0000000001564,30305.613609608205,56703.410163081804,296.1483674259068
109050,109.05000000015664,30442.4627092738,56635.296320365895,295.7926250946889
109100,109.10000000015688,30494.18554739831,56637.95550969958,295.8065134054198
109150,109.15000000015712,29957.684365473266,57291.420928183754,299.2194072031084
109200,109.20000000015736,29652.269008666677,57706.87686663445,301.38923433618055
109250,109.2500000001576,30492.778746010525,56586.53190117909,295.5379401808696
109300,109.30000000015784,29896.51605409439,57172.131105163455,298.5963849503659
109350,109.35000000015808,29918.188966844587,57229.76644151188,298.89740054566323
109400,109.40000000015831,29931.1774391574,57385.27851643851,299.7096029682703
109450,109.45000000015855,30474.888488047058,57043.17879724724,297.9228978469385
109500,109.50000000015879,30232.243246136706,57208.88749132276,298.7883547758534
109550,109.55000000015903,30333.49064924266,56879.5302917377,297.0682007908187
109600,109.60000000015927,30247.265009882518,57293.71252684298,299.23137567554727
109650,109.65000000015951,30668.2518396862,56777.762809271,296.53669353750047
109700,109.70000000015975,30194.40565490508,57351.80059655939,299.5347557890883
109750,109.75000000015999,30334.807025466715,56922.688835569556,297.29360755664675
109800,109.80000000016022,30278.806120839014,57085.00716295754,298.1413574101565
109850,109.85000000016046,30285.191443293646,57295.97826223648,299.24320907032677
109900,109.9000000001607,30084.333675945025,57529.142739210816,300.4609714412154
109950,109.95000000016094,30115.426774162333,57533.32350146085,300.4828065638541
110000,110.00000000016118,30225.427303260076,57286.277094138706,299.19254218651827
110050,110.05000000016142,30534.759484315724,56960.552887228834,297.49136245446994
110100,110.10000000016166,30470.087568839008,57100.10225374632,298.2201954638183
110150,110.1500000001619,30160.314352517213,57289.94650754668,299.2117066562928
110200,110.20000000016213,30041.149708853587,57220.14824603748,298.8471670080482
110250,110.25000000016237,29662.536904645858,57784.00597773339,301.79206126082704
110300,110.30000000016261,30475.3929295457,57122.956845774606,298.33955953906343
110350,110.35000000016285,30078.974513254732,57683.46498437616,301.2669596671753
110400,110.40000000016309,30403.274690837636,57021.42724864382,297.8092947040347
110450,110.45000000016333,30772.439537527636,56884.82582778511,297.09585811073254
110500,110.50000000016357,30483.021297432475,57013.4668873171,297.76771963819215
110550,110.5500000001638,30140.701798132395,57285.31697554185,299.1875277164154
110600,110.60000000016404,30177.420915829935,57308.79445349878,299.31014497608675
110650,110.65000000016428,30308.217354038476,56976.8939284459,297.576707809618
110700,110.70000000016452,30116.229782451235,57319.40361408493,299.3655540877841
110750,110.75000000016476,30013.2607199477,57442.90727511002,300.01058420993223
110800,110.800000000165,29996.743254485067,57662.34810695964,301.15667126028666
110850,110.85000000016524,30683.378937818496,56910.107587354025,297.2278987023028
110900,110.90000000016548,30337.798949022847,57549.309662645275,300.56629846535634
110950,110.95000000016572,30006.70506011087,57871.64423450394,302.2497749431612
111000,111.00000000016595,30008.609527300898,57728.085404522,301.5000014638158
111050,111.0500000001662,30467.132307785498,57114.40062170622,298.29487242444554
111100,111.10000000016643,30486.37601448383,57310.688524493,299.3200372564825
111150,111.15000000016667,30351.231421164128,57322.73530687883,299.3829547234574
111200,111.20000000016691,30081.436709708287,57667.934215709814,301.18584617202254
111250,111.25000000016715,30663.525247554637,57195.572539904366,298.7188139649291
111300,111.30000000016739,31353.887468874032,56464.30732839844,294.89959043110645
111350,111.35000000016763,30400.742685376885,57508.82245265732,300.35484343813516
111400,111.40000000016786,30901.67310585235,57232.72564751865,298.91285577181736
111450,111.4500000001681,30396.567991647455,57583.20926359039,300.74334798402566
111500,111.50000000016834,30443.89818676604,57437.38127730787,299.9817232433201
111550,111.55000000016858,30677.256403700943,57199.78448481991,298.74081194718167
111600,111.60000000016882,30528.581700207076,57438.75752546873,299.9889110587415
111650,111.65000000016906,30132.32331505463,57598.58902099111,300.82367278340774
111700,111.7000000001693,30758.005264378626,56880.017539390814,297.0707455689296
111750,111.75000000016954,30411.24693983476,57421.60428286407,299.8993237697439
111800,111.80000000016977,30655.58064806121,57383.14216330872,299.69844530615063
111850,111.85000000017001,31008.280435932345,57194.00168619114,298.7106097711902
111900,111.90000000017025,30728.05846785246,57507.80868352999,300.3495487641263
111950,111.95000000017049,31047.246021559207,57101.84647866695,298.22930513396307
112000,112.00000000017073,30554.23155355038,57893.797569337956,302.36547651957903
112050,112.05000000017097,30691.53770134913,58035.094684649535,303.1034376034215
112100,112.1000000001712,30892.264244674814,57969.99479804375,302.7634364450703
112150,112.15000000017145,31069.859285120314,57879.07525358113,302.28858538087024
112200,112.20000000017168,30563.553242199363,58339.90515593745,304.695389889653
112250,112.25000000017192,31286.28515049342,57463.66600576287,300.11900210181904
112300,112.30000000017216,31412.409595072182,57385.623307729955,299.7114037308306
112350,112.3500000001724,30541.005119633403,58291.37114117563,304.4419083231122
112400,112.40000000017264,30487.599561753937,57904.78990212665,302.42288684816793
112450,112.45000000017288,30993.014342447,57335.5120617167,299.44968466219217
112500,112.50000000017312,30668.666149844357,57497.3907830506,300.29513855828327
112550,112.55000000017336,30736.83296689979,57188.288138590775,298.6807692767792
112600,112.6000000001736,30065.485453634436,57746.19660357968,301.5945919305555
112650,112.65000000017383,30370.506977721852,57512.645265238694,300.37480907515237
112700,112.70000000017407,30653.783165648645,57159.696734519785,298.5314432024975
112750,112.75000000017431,30469.543769310243,57020.91318524968,297.8066098737134
112800,112.80000000017455,30361.286878281106,56981.47149254663,297.600615333545
112850,112.85000000017479,30221.009409438928,57086.7323582714,298.1503676932104
112900,112.90000000017503,30616.491344933056,56626.42819115053,295.7463089739882
112950,112.95000000017527,30749.052136205275,56460.39996088922,294.87918318389757
113000,113.0000000001755,30345.268717355117,57001.990893656184,297.7077832643921
113050,113.05000000017574,30435.37847269763,56779.26385997854,296.54453316681344
113100,113.10000000017598,30353.74709825313,56944.59517317768,297.4080191255501
113150,113.15000000017622,30363.800806368963,56612.954342876685,295.67593828274113
113200,113.20000000017646,30086.919790947395,57318.10029065984,299.3587471408394
113250,113.2500000001767,30600.25620729437,56763.02869225179,296.459740763617
113300,113.30000000017694,30393.134566703175,57352.07400572385,299.53618373984926
113350,113.35000000017718,30141.1253178083,57323.34534777946,299.3861408213705
113400,113.40000000017741,30379.27627146522,56847.43136425862,296.90055575956376
113450,113.45000000017765,30326.954344713828,57248.25165487898,298.993944399806
113500,113.50000000017789,30483.100084787635,57157.6049323117,298.52051821920065
113550,113.55000000017813,30344.528819696636,57188.33102593149,298.68099326711587
113600,113.60000000017837,30257.14212913018,57224.135526984515,298.8679916240552
113650,113.65000000017861,30510.92376101282,57124.901577594464,298.3497164088509
113700,113.70000000017885,29993.092838061824,57644.88625295041,301.0654721676362
113750,113.75000000017909,30390.530451137456,57297.37006916179,299.25047814545854
113800,113.80000000017932,30544.55071663441,57314.759311954236,299.3412980070673
113850,113.85000000017956,30989.907527410418,56827.10599189739,296.79440119452454
113900,113.9000000001798,30366.51891014527,57386.08422673921,299.7138110007234
113950,113.95000000018004,30104.089683614824,57644.58965867874,301.06392312659807
114000,114.00000000018028,31069.29765173281,56800.01296068268,296.6529007637783
114050,114.05000000018052,30201.25143498042,57469.06781754232,300.1472144744969
114100,114.10000000018076,30211.98365475906,57671.15505402037,301.2026678412073
114150,114.150000000181,31064.42355358362,56595.90660130376,295.58690200043293
114200,114.20000000018123,30030.610392568735,57590.89167468445,300.7834713821927
114250,114.25000000018147,30518.575180515843,57282.430714264396,299.17245346315923
114300,114.30000000018171,30555.00212725901,57173.08966699238,298.6013912898417
114350,114.35000000018195,30833.87552405586,57308.213137799255,299.30710890303794
114400,114.40000000018219,30618.66533967819,57145.99706524831,298.4598931021181
114450,114.45000000018243,30583.96745495193,57089.542227549406,298.1650429693
114500,114.50000000018267,30229.715310620297,57638.8170875715,301.0337743665086
114550,114.5500000001829,30299.356689733388,58048.081798722225,303.1712661981946
114600,114.60000000018314,30801.162796618926,57408.062122672134,299.82859630166513
114650,114.65000000018338,30929.91162952993,57518.92568057918,300.4076101843712
114700,114.70000000018362,30510.121853150536,58108.969885239705,303.48927013069135
114750,114.75000000018386,31544.08043090497,57151.38576292478,298.48803698296837
114800,114.8000000001841,30644.167268527497,57898.71686495749,302.39116882560467
114850,114.85000000018434,31354.84232637401,57414.03612841194,299.85979710672694
114900,114.90000000018458,31246.49694035866,57645.34801711497,301.0678838515733
114950,114.95000000018482,30596.227573005257,58364.978897999295,304.82634405546975
115000,115.00000000018505,31177.43716555692,57357.06892571965,299.562271013929
115050,115.05000000018529,31096.802287297854,57520.81007986849,300.41745195176236
115100,115.10000000018553,30696.445346819186,57749.94719758103,301.61418038717886
115150,115.15000000018577,30479.272143500973,57700.419501788696,301.3555090619608
115200,115.20000000018601,30372.835726031524,57838.28332471595,302.07553887973677
115250,115.25000000018625,30615.41010700331,57551.4119805756,300.57727836975863
115300,115.30000000018649,30432.874523540282,57758.696349280144,301.6598751167304
115350,115.35000000018672,31017.74594672713,57344.22765835644,299.4952041416834
115400,115.40000000018696,30404.301825585742,57548.65706674035,300.56289011282024
115450,115.4500000001872,30450.70504362014,57440.205195988696,299.99647189608487
115500,115.50000000018744,30645.370441565203,57457.05596079719,300.08447941580124
115550,115.55000000018768,30626.32270528854,57422.64175495596,299.90474223867506
115600,115.60000000018792,30938.79277309157,57311.76548014631,299.3256619386242
115650,115.65000000018816,30606.901481649264,57554.73714837891,300.5946449269645
115700,115.7000000001884,30498.644596880833,57454.608947584915,300.0716992502733
115750,115.75000000018863,30346.90049667649,57588.26468230531,300.76975122846494
115800,115.80000000018887,31162.405983926692,56890.47977795951,297.1253873420228
115850,115.85000000018911,30983.9040095623,57195.63888322328,298.7191604602374
115900,115.90000000018935,30426.34340201648,57500.85371641576,300.3132246321128
115950,115.95000000018959,30836.111144248185,57047.1232216455,297.94349863342774
116000,116.00000000018983,30412.096473576694,57535.259195700535,300.492916232519
116050,116.05000000019007,30840.819242446094,57066.290572381746,298.0436051281181
116100,116.1000000001903,30419.995411633543,57773.470245632714,301.73703564857055
116150,116.15000000019054,31074.03020674555,57181.85799981192,298.64718619780376
116200,116.20000000019078,30529.056581495046,57199.467389993195,298.73915583664126
116250,116.25000000019102,30730.14842052616,57214.20055124573,298.81610361878364
116300,116.30000000019126,30344.670546327212,57702.07411627927,301.3641507182332
116350,116.3500000001915,30688.3358707554,57550.34949045699,300.5717292376495
116400,116.40000000019174,30724.564310957256,57328.63968458956,299.4137918779542
116450,116.45000000019198,30932.600538016006,57408.140654442315,299.8290064543432
116500,116.50000000019222,30722.808450638375,57825.483881219276,302.0086904435563
116550,116.55000000019245,31167.224710812254,57457.88666169566,300.0888179681774
116600,116.6000000001927,30918.03152096832,57578.61613799924,300.7193591861511
116650,116.65000000019293,31052.988329327556,57531.66445149644,300.4741417421613
116700,116.70000000019317,31034.975613236566,57500.469856334515,300.31121982259515
116750,116.75000000019341,30627.920806225142,57948.89564826355,302.65324062539185
116800,116.80000000019365,31415.04943158907,56970.89540235762,297.54537894063293
116850,116.85000000019389,30795.30999533498,57793.015564279194,301.83911617937684
116900,116.90000000019413,30828.439109716295,57855.48217867438,302.1653643859407
116950,116.95000000019436,30556.338955142783,58162.11608068177,303.7668400152856
117000,117.0000000001946,31554.986332304266,57465.16946384083,300.12685430425273
117050,117.05000000019484,30967.341179948045,57957.66614730765,302.69904684702743
117100,117.10000000019508,30980.470126526183,58085.1418798039,303.3648221497228
117150,117.15000000019532,30804.672383190322,58086.54928308178,303.37217268087875
117200,117.20000000019556,30796.84356269509,57933.26969514656,302.57163000458866
117250,117.2500000001958,31048.06538903311,57345.64953508552,299.502630264218
117300,117.30000000019604,30478.517896105623,57583.56767912657,300.745219902762
117350,117.35000000019627,31015.22745319749,57464.09015240836,300.12121731843916
117400,117.40000000019651,30749.598275853634,57633.68472719957,301.00696927417266
117450,117.45000000019675,30593.136367081424,57508.36418952774,300.3524500392676
117500,117.50000000019699,30098.32160155724,57736.12839209658,301.5420080668153
117550,117.55000000019723,30695.276244719294,57173.07920661207,298.60133665777386
117600,117.60000000019747,30710.414237779536,57397.53922182547,299.77363770398364
117650,117.6500000001977,30153.694236296862,57601.89456141487,300.84093683149837
117700,117.70000000019795,30327.416001893507,57405.116960625404,299.81321442375986
117750,117.75000000019818,29907.73744192258,57554.827316424155,300.5951158531278
117800,117.80000000019842,30526.127078310885,57056.429880251555,297.9921050883913
117850,117.85000000019866,30702.35219720225,56878.80545068544,297.0644151191342
117900,117.9000000001989,29775.356422710538,57839.17941627331,302.0802189519055
117950,117.95000000019914,30450.05977872482,57249.390969702974,298.99989476900146
118000,118.00000000019938,30129.34830875806,57633.21695055203,301.004526188473
118050,118.05000000019962,30723.15984787145,57176.27228524412,298.6180133447884
118100,118.10000000019986,30865.91401337533,57252.76364730778,299.0175094585527
118150,118.1500000002001,30947.53475786884,57231.15086571891,298.9046310626208
118200,118.20000000020033,30543.17812046282,57584.567705269576,300.75044280044636
118250,118.25000000020057,30591.540319671374,57578.677286541,300.7196785503791
118300,118.30000000020081,31364.299032142953,57050.84892249284,297.9629570790535
118350,118.35000000020105,31533.751910974737,57027.719984673626,297.842160161271
118400,118.40000000020129,30325.40290262972,58265.719831097995,304.30793765750366
118450,118.45000000020153,31296.325020321434,57594.531156817786,300.802479528069
118500,118.50000000020177,31126.86303230912,57667.671296548506,301.1844730080424
118550,118.550000000202,31082.423641852118,57648.23649550469,301.08296968427715
118600,118.60000000020224,30888.200918219634,57759.665497547234,301.6649367466441
118650,118.65000000020248,30076.11547548283,58126.96605962319,303.58325985103187
118700,118.70000000020272,30911.445636807235,57253.54923292989,299.02161238461645
118750,118.75000000020296,30557.199601428503,57535.88267104715,300.4961724953346
118800,118.8000000002032,31167.941236992934,57285.03245729109,299.1860417455501
118850,118.85000000020344,31381.97581867611,57242.21365366467,298.9624093616666
118900,118.90000000020368,30932.32309380388,58130.77832480871,303.6031704015197
118950,118.95000000020391,31169.07299875383,57718.271669964466,301.44874667227486
119000,119.00000000020415,30771.762225573024,58406.4272031685,305.0428186532608
119050,119.05000000020439,30784.29054190324,58251.004838327775,304.2310847650047
119100,119.10000000020463,30681.006023939997,58325.38610027657,304.6195603298757
119150,119.15000000020487,30881.500766595615,57685.57424404938,301.27797582664266
119200,119.20000000020511,30335.128218764206,58117.87976700178,303.53580431497073
119250,119.25000000020535,30982.55805315073,57436.98702454136,299.97966415528964
119300,119.30000000020559,30477.45484658691,58017.994583474414,303.01412785941733
119350,119.35000000020582,30825.963149450887,57844.299932047354,302.1069621827359
119400,119.40000000020606,30653.128033228022,57639.52239055408,301.03745799552195
119450,119.4500000002063,30475.02588560758,57429.83901711524,299.94233181983566
119500,119.50000000020654,30591.052563800906,57422.59733510671,299.9045102444123
119550,119.55000000020678,30542.488710083773,57521.55270040451,300.4213304814438
119600,119.60000000020702,30923.163348860206,57254.19159498074,299.02496728817704
119650,119.65000000020726,31036.59803334369,57016.39323665929,297.7830032618352
119700,119.7000000002075,30037.23906200489,57827.215579635245,302.01773469075926
119750,119.75000000020773,30524.192212893424,57570.621265719485,300.6776038778439
119800,119.80000000020797,30573.556545251777,57356.96484403499,299.56172742015036
119850,119.85000000020821,30576.16845153467,57048.921538837385,297.95289081458503
119900,119.90000000020845,30804.665602138608,56823.41260360315,296.7751115096455
119950,119.95000000020869,30396.60192154463,56976.78604999339,297.5761443862278
120000,120.00000000020893,30662.242529527797,56692.571323853714,296.09175875752237
120050,120.05000000020917,30315.95966698639,57002.957018893794,297.7128291057449
120100,120.1000000002094,30406.915171990426,57079.67801417265,298.11352453894335
120150,120.15000000020964,30425.914067642327,56748.798755628064,296.38542120351343
120200,120.20000000020988,30528.178601414496,57041.07890420681,297.91193060715693
120250,120.25000000021012,29914.766317823618,57844.1889218614,302.1063824030499
120300,120.30000000021036,30261.29769985449,57153.251108264914,298.4977792361341
120350,120.3500000002106,30167.17234242701,57158.746336266646,298.5264794994281
120400,120.40000000021084,30392.93632369679,56954.36927615345,297.45906693080553
120450,120.45000000021108,30313.848408875063,57036.01559881417,297.88548617248364
120500,120.50000000021132,30347.998749194514,56810.89091545178,296.7097137232906
120550,120.55000000021155,30287.239986829904,56955.99722448976,297.46756931612356
120600,120.60000000021179,30031.64066456983,57151.023775686706,298.4861464100862
120650,120.65000000021203,29696.373874249846,57558.57516761741,300.61468998471963
120700,120.70000000021227,29713.09590132675,57003.14858925322,297.7138296319749
120750,120.75000000021251,29979.66805964776,57123.073373235115,298.3401681341566
120800,120.80000000021275,30506.835288170332,56843.21452866164,296.87853223445023
120850,120.85000000021299,29927.94503081537,57562.95496458962,300.63756461817195
120900,120.90000000021323,30866.615299811718,56687.16809135467,296.0635389647654
120950,120.95000000021346,30312.162569017928,57228.78545109164,298.8922770670121
121000,121.0000000002137,30222.336559407355,57283.12021727377,299.17605457268644
121050,121.05000000021394,30043.60330891327,57650.43789000466,301.0944670419379
121100,121.10000000021418,30648.411167618237,57007.57285686811,297.73693652497184
121150,121.15000000021442,30484.4777305037,57250.45763976098,299.00546573193566
121200,121.20000000021466,30479.49198435223,57402.341039830724,299.79871645248994
121250,121.2500000002149,30648.170680041454,57379.22961749595,299.6780110138991
121300,121.30000000021514,30376.61883955813,57505.25692070802,300.3362215164068
121350,121.35000000021537,30254.442421201828,57669.83078442653,301.1957514974262
121400,121.40000000021561,30683.4662856593,57305.482835145056,299.2928491844197
121450,121.45000000021585,30670.590064801974,57185.88542202397,298.66822046205
121500,121.50000000021609,30530.970325249815,57375.08720321943,299.6563761735665
121550,121.55000000021633,30489.81030884214,57450.42075424614,300.049825316833
121600,121.60000000021657,30956.059930285137,56999.35259912425,297.6940040822199
121650,121.6500000002168,30747.350256876925,57351.07001026443,299.53094011137335
121700,121.70000000021705,31009.598672578933,57083.118330245205,298.13149248805587
121750,121.75000000021728,30207.12207578348,57959.91093310224,302.71077082705574
121800,121.80000000021752,30576.348251152012,57537.83283079977,300.50635771391836
121850,121.85000000021776,30824.86903900755,57010.7906124934,297.7537420940278
121900,121.900000000218,30286.866009092784,57654.59160073786,301.11616088096554
121950,121.95000000021824,30566.71855717278,57510.84491496733,300.3654062757065
122000,122.00000000021848,30511.37372642237,57866.46221634331,302.22271050005577
122050,122.05000000021872,30834.304836517025,57647.34866439503,301.07833275445375
122100,122.10000000021896,31288.24698969531,57146.22624674616,298.46109006234036
122150,122.1500000002192,30571.241583561634,57849.05544207724,302.1317990757478
122200,122.20000000021943,30794.35715030958,57214.166946204256,298.8159281076787
122250,122.25000000021967,30690.0466926484,57491.22428572689,300.2629324156562
122300,122.30000000021991,30182.026685847835,57735.55807860721,301.53902945568217
122350,122.35000000022015,30376.294599780158,57657.438011247716,301.13102700318103
122400,122.40000000022039,30662.674460644215,57204.72046584705,298.7665913971059
122450,122.45000000022063,30796.80248057528,57506.01857638597,300.340199462088
122500,122.50000000022087,31030.348038669777,57078.831693544336,298.10910440844907
122550,122.5500000002211,30058.910832061312,57920.46601692313,302.50475945144177
122600,122.60000000022134,30526.696658964793,57690.81889703,301.3053673964523
122650,122.65000000022158,31160.97063811082,56804.81852320731,296.67799906901496
122700,122.70000000022182,30013.344896080227,57875.69403738255,302.2709260962832
122750,122.75000000022206,30182.507243041,57607.1106730439,300.8681793366458
122800,122.8000000002223,30603.517161065156,57198.00361809297,298.7315109056346
122850,122.85000000022254,30511.8800646057,57296.463750515286,299.245744659646
122900,122.90000000022278,30484.990057556577,57531.567994250654,300.4736379690058
122950,122.95000000022301,30568.934715551717,57560.51526128858,300.6248226305643
123000,123.00000000022325,29971.01501110779,58093.61012242098,303.40904975823526
123050,123.05000000022349,30029.058656611778,58082.67258804931,303.3519256286896
123100,123.10000000022373,30692.109685973548,57219.96430409944,298.8462063232412
123150,123.15000000022397,30650.237765415295,57373.96415403958,299.6505107559453
123200,123.20000000022421,30338.50014696704,57552.02352122506,300.5804723005016
123250,123.25000000022445,30725.756152374903,57461.7328225352,300.10890554757015
123300,123.30000000022468,30840.638966039885,57447.33078074824,300.03368712330706
123350,123.35000000022492,31237.372672624595,57427.30706195973,299.9291080228269
123400,123.40000000022516,30400.003876476872,57974.2852338264,302.7858443663738
123450,123.4500000002254,31241.49521666053,57249.43841224792,299.0001425500819
123500,123.50000000022564,30442.71205930937,57911.26465086078,302.4567029142844
123550,123.55000000022588,30469.079468590186,57878.64648707867,302.2863460358406
123600,123.60000000022612,30962.516408481824,57179.75271964752,298.63619082236045
123650,123.65000000022636,31090.596748026386,56913.518723131754,297.2457142497053
123700,123.7000000002266,30571.37530126932,57330.18465958147,299.421860913313
123750,123.75000000022683,30414.71817250512,57410.00088524261,299.83872199548887
123800,123.80000000022707,30258.192877335205,57787.18323922524,301.8086553386962
123850,123.85000000022731,30981.04472170237,57252.00983655522,299.013572485043
123900,123.90000000022755,30910.214091330832,57428.173244909136,299.93363188948007
123950,123.95000000022779,30891.6385641398,56995.21686853107,297.672404149169
124000,124.00000000022803,30528.82311126431,57403.32184955584,299.8038389874136
124050,124.05000000022827,30456.918249455062,57608.017623678556,300.87291612318154
124100,124.1000000002285,30559.11494957233,57417.69438598123,299.8789033122206
124150,124.15000000022874,30186.549426074394,57496.91994242918,300.2926794701799
124200,124.20000000022898,30708.423706626818,56862.362855086016,296.97853936970375
124250,124.25000000022922,30192.445504305382,57545.209820666954,300.54488596996856
124300,124.30000000022946,30556.268667721244,57239.7501688861,298.9495431690821
124350,124.3500000002297,30243.199102510604,57287.70365877106,299.19999279285184
124400,124.40000000022994,30191.437457435466,57502.44321915261,300.32152622524774
124450,124.45000000023018,30382.56114864754,57244.555641215724,298.97464100325175
124500,124.50000000023041,30461.776121585925,57173.87950434985,298.60551642170367
124550,124.55000000023065,30208.429446317663,57459.73680458389,300.098480822568
124600,124.60000000023089,30508.62811568381,57198.81414246736,298.7357440808448
124650,124.65000000023113,30395.504978388293,57332.706947329425,299.4350342197612
124700,124.70000000023137,30157.445897755228,57582.51095554762,300.7397008879122
124750,124.75000000023161,30904.95184587722,57205.086738100064,298.76850434959766
124800,124.80000000023185,30678.20942743762,57221.432258598914,298.8538730989646
124850,124.85000000023209,30263.28401187661,57722.409009538474,301.4703550086484
124900,124.90000000023232,30585.734866534644,57221.541682674186,298.8544445947733
124950,124.95000000023256,30755.348183433074,57136.83950749393,298.41206536528944
125000,125.0000000002328,30778.059855387484,57181.381565559685,298.64469789550276
125050,125.05000000023304,30505.634320151054,57715.93125884576,301.4365232640193
125100,125.10000000023328,30485.407130380503,57696.80299419737,301.3366209066299
125150,125.15000000023352,30903.685504934954,57057.0260861012,297.9952189291376
125200,125.20000000023376,30655.335831001707,57392.97610496074,299.7498056345194
125250,125.250000000234,30772.007891284557,56830.39795863146,296.811594350476
125300,125.30000000023423,30748.338300261436,56970.27602571356,297.5421440843618
125350,125.35000000023447,30677.454978072565,56898.57397054243,297.16766137655037
125400,125.40000000023471,30406.698529933332,57067.62109619022,298.0505541361684
125450,125.45000000023495,30477.095485909165,56984.25487820017,297.6151522919897
125500,125.50000000023519,29972.880659460352,57313.87591660886,299.3366842441812
125550,125.55000000023543,30071.0573874618,57011.84101762185,297.75922810911993
125600,125.60000000023567,29755.395192138974,57000.0432576398,297.6976112266799
125650,125.6500000002359,30008.892232650214,56757.987546014294,296.4334120609182
125700,125.70000000023614,30406.70383610513,56636.9223080029,295.8011172397427
125750,125.75000000023638,29856.440554341098,57465.03193656872,300.1261360321595
125800,125.80000000023662,30295.77859467786,57358.793966253026,299.57128048860136
125850,125.85000000023686,29412.065262473967,57676.69597940668,301.2316067710259
125900,125.9000000002371,30590.087842853973,56507.10243012257,295.1230990256156
125950,125.95000000023734,29964.556787487636,57225.16606488101,298.87337387734016
126000,126.00000000023758,30596.173273652294,56973.67096936502,297.5598750641563
126050,126.05000000023782,30897.294582744682,57025.62243067447,297.8312051377434
126100,126.10000000023805,30763.209321623115,57298.32335799819,299.2554569453539
126150,126.1500000002383,30927.931087949437,57313.46400339962,299.3345329198766
126200,126.20000000023853,30435.304034792585,57812.0686209903,301.9386257436736
126250,126.25000000023877,30471.48130326962,57598.98938935477,300.8257638117414
126300,126.30000000023901,30383.816344346946,57654.41153901125,301.11522046157603
126350,126.35000000023925,30940.740018606113,57159.183852294605,298.5287645411395
126400,126.40000000023949,30793.320932007926,57112.37046486358,298.2842694001682
126450,126.45000000023973,30655.544113759926,57357.84584839188,299.5663286954747
126500,126.50000000023996,30691.278217837986,57381.9610864078,299.69227682360247
126550,126.5500000002402,30167.800631579143,57956.081089901236,302.6907684707915
126600,126.60000000024044,30724.18520865678,57365.076831341525,299.60409439226896
126650,126.65000000024068,30286.61737371233,57851.462049146605,302.1443682096425
126700,126.70000000024092,30636.210565844092,57507.51616576855,300.3480210137275
126750,126.75000000024116,30573.215492291733,57519.39362579459,300.41005415046055
126800,126.8000000002414,30764.60843691902,57239.927230293775,298.9504679185225
126850,126.85000000024164,30544.744225563234,57257.66090840938,299.0430866835543
126900,126.90000000024187,29985.092961737053,57704.47265164353,301.37667769554014
126950,126.95000000024211,30723.725956274007,56865.42266113558,296.9945200058526
127000,127.00000000024235,30348.06349840468,57355.76335858409,299.5554523486203
127050,127.05000000024259,30219.45741764761,57560.74368456951,300.6260156308008
127100,127.10000000024283,30817.02018748966,57062.58496227399,298.02425161162637
127150,127.15000000024307,30577.49900732921,57487.80657735767,300.24508254117825
127200,127.2000000002433,30501.10793477013,57387.06103950903,299.71891266050426
127250,127.25000000024355,30597.559010372046,57390.699284923794,299.7379143472948
127300,127.30000000024378,30336.961949241275,57563.85307919157,300.64225525621936
127350,127.35000000024402,30682.709138473117,57201.19023484059,298.7481538437702
127400,127.40000000024426,30507.716437151044,57051.09457026819,297.96424003871016
127450,127.4500000002445,30392.191858254402,57026.41565063574,297.83534793613705
127500,127.50000000024474,30150.873037677546,57425.41757775056,299.9192396981139
127550,127.55000000024498,30562.687491745477,56949.49650032672,297.43361758654623
127600,127.60000000024522,30751.05903237441,56921.99597645424,297.2899889189798
127650,127.65000000024546,30583.58173458746,57213.32097214405,298.8115097872269
127700,127.7000000002457,30450.90268062446,57135.44256295871,298.40476945764823
127750,127.75000000024593,30087.01353278879,57767.561188467844,301.7061740544024
127800,127.80000000024617,30504.191923895574,57186.784570124946,298.67291649781595
127850,127.85000000024641,30284.70236328921,57451.84460112845,300.05726172900734
127900,127.90000000024665,30131.713049236176,57594.56365540062,300.8026492604047
127950,127.95000000024689,30555.592973968873,57113.5222474903,298.2902848857193
128000,128.00000000024713,30538.368340676687,57099.76919218369,298.21845596282986
128050,128.05000000024737,30557.575186393347,57150.89125372707,298.48545427954446
128100,128.1000000002476,30165.019734521724,57480.613724912066,300.20751599089897
128150,128.15000000024784,30247.75973831462,57405.91380112081,299.81737613133856
128200,128.20000000024808,30347.180137331474,57460.576372376665,300.10286568461527
128250,128.25000000024832,30439.896266124568,57517.62016085029,300.40079176665625
128300,128.30000000024856,30703.781371591253,57347.95009467927,299.51464553747746
128350,128.3500000002488,30839.035050569397,57348.171780092875,299.5158033474422
128400,128.40000000024904,30439.649639536918,57581.91094247346,300.73656716294164
128450,128.45000000024928,30322.071101919682,57757.81600282964,301.655277277494
128500,128.5000000002495,30130.29955371515,57651.18695223694,301.09837921506033
128550,128.55000000024975,30184.554131010176,57655.48053102814,301.1208035515468
128600,128.60000000025,30590.357447249815,57361.60607803148,299.5859674767351
128650,128.65000000025023,30538.786588905896,57421.86065127968,299.90066272074387
128700,128.70000000025047,30864.197959622157,57139.80261522051,298.4275409691942
128750,128.7500000002507,31120.91365603069,56974.79117832425,297.56572564798364
128800,128.80000000025095,30748.183821067996,57343.349388106806,299.49061714594825
128850,128.85000000025119,30149.357628703183,57884.95713897129,302.3193050633491
128900,128.90000000025142,30645.37403717402,57457.07460456668,300.08457678775613
128950,128.95000000025166,30767.25144820162,57485.97719938453,300.2355281369794
129000,129.0000000002519,30767.204574288946,57947.55795506187,302.6462541733133
129050,129.05000000025214,30536.76542102111,57928.720080312414,302.54786845300515
129100,129.10000000025238,30717.73955148719,57679.524103318705,301.24637738670873
129150,129.15000000025262,31340.780320832266,56990.24625467651,297.6464438202593
129200,129.20000000025286,30664.482642403316,57647.76901761187,301.08052815890215
129250,129.2500000002531,30425.020380025206,57936.76477284535,302.5898839605949
129300,129.30000000025333,30249.890255484708,58232.13638565267,304.13253934349456
129350,129.35000000025357,30803.243293167412,57768.9442020358,301.71339720392905
129400,129.4000000002538,31077.137899986086,57656.25658808481,301.1248567121892
129450,129.45000000025405,30780.48808852965,57888.055436401286,302.3354867307842
129500,129.5000000002543,30835.049875448603,57636.101970466494,301.01959395838674
129550,129.55000000025453,30841.239011676662,57853.375893172175,302.1543637598581
129600,129.60000000025477,30344.063796877992,58276.36986799646,304.3635602564167
129650,129.650000000255,30999.137312582592,57625.10069179167,300.96213690757133
129700,129.70000000025524,31135.370824891463,57525.40226453232,300.44143583539824
129750,129.75000000025548,30476.36377541122,58350.64335840965,304.7514729562989
129800,129.80000000025572,31166.090984248694,57502.578050387005,300.32223041657994
129850,129.85000000025596,31246.29560931953,57372.38353445795,299.64225555740825
129900,129.9000000002562,31041.682309256044,57751.17931384471,301.6206154361277
129950,129.95000000025644,30650.91434265738,57782.995298553964,301.786782724878
130000,130.00000000025668,30840.074911071177,57698.03982227331,301.34308056424874
130050,130.05000000025692,31022.348903113678,57644.09391486407,301.0613339750646
130100,130.10000000025715,30954.91563693506,57354.64133375575,299.5495922809424
130150,130.1500000002574,30874.04681841265,57522.17050515546,300.42455712809266
130200,130.20000000025763,30376.905074282266,57838.80494228685,302.07826316371893
130250,130.25000000025787,30567.06901238807,57390.74409557508,299.73814838262325
130300,130.3000000002581,30560.838521277306,57458.2559948946,300.0907469072587
130350,130.35000000025835,30555.814362925554,57518.64497783182,300.4061441409688
130400,130.4000000002586,30596.529207490894,57228.14425906411,298.8889282742038
130450,130.45000000025883,29988.506418192337,58134.571972313286,303.6229837163069
130500,130.50000000025906,29831.99282800169,58158.76412436288,303.7493335480614
130550,130.5500000002593,30810.580912564175,56798.30615433413,296.64398652189794
130600,130.60000000025954,30047.761428801306,57565.081255538404,300.6486697279236
130650,130.65000000025978,30475.107489772163,56972.99735139935,297.5563569184182
130700,130.70000000026002,30218.74626474976,57393.450350451654,299.7522825054429
130750,130.75000000026026,30443.682885651397,57017.364346229944,297.7880751351689
130800,130.8000000002605,30090.333722734606,57457.95781935715,300.0891896076471
130850,130.85000000026074,30363.807755955604,57174.71479375436,298.60987893875097
130900,130.90000000026097,30302.038270272853,57392.916987730336,299.74949687934543
130950,130.9500000002612,30135.085527936695,57545.8047281306,300.54799302955496
131000,131.00000000026145,30333.866256084737,57405.36575823935,299.8145138342711
131050,131.0500000002617,31030.0917565516,56833.512004509015,296.8278582682911
131100,131.10000000026193,30391.794224708327,57572.2932028331,300.6863360060389
131150,131.15000000026217,30795.747510376594,57387.24106771,299.71985290479734
131200,131.2000000002624,30209.880706460142,57848.504217851936,302.1289201632813
131250,131.25000000026265,30570.487221396368,57795.874174112294,301.8540460157438
131300,131.30000000026288,30684.53264908882,57740.42349883811,301.5644403834214
131350,131.35000000026312,30821.308952929823,57459.878043344055,300.0992184788768
131400,131.40000000026336,31301.32720815832,57296.40521994843,299.2454389684755
131450,131.4500000002636,30713.76508062169,57713.180341285624,301.42215587867133
131500,131.50000000026384,30942.06401468002,57702.6610232712,301.36721599326677
131550,131.55000000026408,30806.35588224724,58077.61307604154,303.32550100595944
131600,131.60000000026432,31060.689904245373,57702.55437437817,301.366658991572
131650,131.65000000026455,31190.499076550263,57726.528145830714,301.4918682736292
131700,131.7000000002648,31050.517425184356,57645.601775354364,301.0692091702464
131750,131.75000000026503,30936.08498519024,57758.72961640222,301.66004886296304
131800,131.80000000026527,30409.01592054614,57972.2740937557,302.7753406621541
131850,131.8500000002655,30965.115212749704,57342.07739940811,299.48397385279503
131900,131.90000000026575,30883.453463434387,57539.85026600751,300.51689429613526
131950,131.950000000266,30679.060398339556,57472.5753455934,300.1655334557194
132000,132.00000000026623,30827.11064305475,57184.856915903016,298.6628488202434
132050,132.05000000026646,30748.85084337218,57452.25012299494,300.05937967285536
132100,132.1000000002667,30818.877303927336,57426.85520636997,299.92674808900927
132150,132.15000000026694,30735.237713342984,57524.896742803656,300.4387956161555
132200,132.20000000026718,30847.46764532615,57486.76986072213,300.2396680178151
132250,132.25000000026742,31101.056838699522,57380.28650837783,299.6835309025322
132300,132.30000000026766,30755.765928936016,57901.26295935024,302.4044664684724
132350,132.3500000002679,30695.4749092372,57978.01240102015,302.8053104703767
132400,132.40000000026814,30624.61636826989,57767.46013568095,301.7056462798334
132450,132.45000000026837,30480.46399849454,57881.6116610744,302.3018324313756
132500,132.5000000002686,31027.05719916371,57519.90369101451,300.41271809927287
132550,132.55000000026885,30399.12452753038,57777.910815820665,301.76022768601274
132600,132.6000000002691,31107.909185764744,57266.0289770628,299.0867911073815
132650,132.65000000026933,30900.283793116832,57474.49059574768,300.17553634980936
132700,132.70000000026957,30749.84964341994,57781.851703797794,301.7808100026191
132750,132.7500000002698,30831.800256902876,57482.9819744596,300.21988479261904
132800,132.80000000027005,30331.407227752716,58016.43561818169,303.0059857560591
132850,132.85000000027028,31057.829457727355,57694.218725970444,301.3231238909443
132900,132.90000000027052,30938.418277300414,58051.255940843905,303.18784398433843
132950,132.95000000027076,31146.85954875758,57578.42379735205,300.71835463689223
133000,133.000000000271,30617.29426017985,58086.859718792024,303.3737940124444
133050,133.05000000027124,30623.177655188236,57773.45742721904,301.73696870105766
133100,133.10000000027148,30843.715606620986,57680.06680048603,301.24921176438806
133150,133.15000000027172,30871.222756523282,57787.78600418703,301.8118034361186
133200,133.20000000027196,30740.449266358133,58043.92531681816,303.1495578860034
133250,133.2500000002722,30297.93403877067,58539.41473257302,305.73738075469134
133300,133.30000000027243,30977.900468485685,57888.89403940692,302.33986655397865
133350,133.35000000027267,31333.073178762053,57582.91884440088,300.74183119396673
133400,133.4000000002729,31074.32953043154,57607.64811021583,300.87098624262563
133450,133.45000000027315,31079.3608901888,57296.75672082471,299.2472747735949
133500,133.5000000002734,31093.414557045,57401.093978218436,299.7922033475551
133550,133.55000000027363,30712.18661198317,57778.27558005758,301.76213276249666
133600,133.60000000027387,30794.164231239833,57347.04706181248,299.5099292125076
133650,133.6500000002741,31081.662122199778,57159.46685942654,298.5302426197921
133700,133.70000000027434,30431.24914324299,57971.99281834335,302.77387162785925
133750,133.75000000027458,30774.041149372286,57441.46581750562,300.00305582116283
133800,133.80000000027482,30649.777729187597,57542.76151610003,300.5320990600037
133850,133.85000000027506,30892.466732758232,57267.47189553235,299.09432712590063
133900,133.9000000002753,30642.968512769105,57472.50513019245,300.16516673745144
133950,133.95000000027554,30419.63374062311,57675.74101977058,301.2266192449428
134000,134.00000000027578,30619.93186357068,57257.332819486524,299.0413731534756
134050,134.05000000027601,30179.759313967443,57904.55168164024,302.42164267946737
134100,134.10000000027625,30730.9522850183,57167.38677086491,298.5716064255294
134150,134.1500000002765,31041.727159722446,57052.102339045094,297.9695033743219
134200,134.20000000027673,30674.1777442397,57522.53292650089,300.42644996821394
134250,134.25000000027697,30867.539615312024,57115.406032324616,298.30012344395874
134300,134.3000000002772,30748.51895262648,57264.079165217154,299.0766077058327
134350,134.35000000027745,30580.646964398547,57235.71217432967,298.9284536880064
134400,134.40000000027769,30292.363437886917,57452.34225416278,300.05986085193905
134450,134.45000000027792,30318.210766816068,57568.34182158162,300.665698885567
134500,134.50000000027816,30035.476099764805,57920.32931250955,302.5040454769421
134550,134.5500000002784,30276.784902627798,57560.84803030377,300.6265606036474
134600,134.60000000027864,30437.94993789452,57396.83966232817,299.7699840718221
134650,134.65000000027888,30423.77204206703,57318.284442188284,299.35970892028706
134700,134.70000000027912,30482.8024674408,57053.66160879977,297.97764706781226
134750,134.75000000027936,30594.02423744359,56793.25427190927,296.617601746657
134800,134.8000000002796,30054.91233040752,57416.264236015064,299.8714339805449
134850,134.85000000027983,30718.615588727895,57007.410956146385,297.736090956173
134900,134.90000000028007,30369.040356089467,57203.664048509694,298.7610739816828
134950,134.9500000002803,29983.344805650777,57680.1768811315,301.2497866893061
135000,135.00000000028055,30151.194205205633,57802.22738092418,301.8872272974312
135050,135.0500000002808,30580.707689536823,57267.34092316221,299.09364308849473
135100,135.10000000028103,30682.514811921224,57520.531801626654,300.41599857097316
135150,135.15000000028127,30656.293306496656,57585.13490047072,300.7534051255049
135200,135.2000000002815,30344.023050047785,57911.009785600865,302.4553718139075
135250,135.25000000028174,30473.95253100369,57900.156110871125,302.39868566324145
135300,135.30000000028198,31092.839371690476,57432.113659398834,299.95421173317465
135350,135.35000000028222,31126.402836784655,57384.354385979546,299.7047764556157
135400,135.40000000028246,30460.53594864555,57850.689611059475,302.1403339500136
135450,135.4500000002827,30035.32119023053,58181.20696643216,303.8665471516189
135500,135.50000000028294,30733.54017353517,57240.4446610324,298.9531703356798
135550,135.55000000028318,30719.9764752681,57683.78341991265,301.2686227799227
135600,135.60000000028342,30801.15787565174,57620.371444468554,300.93743717840397
135650,135.65000000028365,30432.704064611455,58081.051750839055,303.34346038308445
135700,135.7000000002839,30754.516738068945,57906.28150064213,302.4306771109395
135750,135.75000000028413,30885.25262491418,57662.2633282164,301.15622848116055
135800,135.80000000028437,31175.90988535686,57887.22192780489,302.33113351447236
135850,135.8500000002846,30873.30992605073,57971.79761909829,302.7728521488264
135900,135.90000000028485,31334.62035235743,57443.812924106074,300.01531419832037
135950,135.9500000002851,30700.047175702133,57804.06701796049,301.8968352822666
136000,136.00000000028533,31055.9444266597,57418.215744795125,299.8816262447768
136050,136.05000000028556,30529.653354053175,57750.081674828754,301.61488272972326
136100,136.1000000002858,31027.827080892523,57015.59208683895,297.7788190476816
136150,136.15000000028604,30358.523745188548,57943.78808151618,302.6265650242349
136200,136.20000000028628,30582.81088589084,57625.13062062667,300.96229321872784
136250,136.25000000028652,30894.10745317361,57370.73530904348,299.6336472697543
136300,136.30000000028676,30681.536950757414,57846.101812821325,302.1163729756313
136350,136.350000000287,30335.638816279985,57947.524099867485,302.6460773557195
136400,136.40000000028724,30533.630008414213,57627.91954156833,300.9768590866603
136450,136.45000000028747,30650.878519051555,57651.78493605133,301.10150234169186
136500,136.5000000002877,31180.77748518772,57242.354354051466,298.9631442061799
136550,136.55000000028795,30558.851549801235,57599.43094331228,300.8280699425944
136600,136.6000000002882,30356.87722355307,57877.290568219876,302.2792643955082
136650,136.65000000028843,30718.896605855763,57321.23117660768,299.3750990103192
136700,136.70000000028867,30611.10335159744,57238.18781298878,298.94138335740587
136750,136.7500000002889,30548.349257607602,57153.3550982819,298.49832235115434
136800,136.80000000028915,30705.448354755332,57141.28397510827,298.43527775805865
136850,136.85000000028938,30328.08449103866,57288.90074737489,299.20624490069986
136900,136.90000000028962,30821.54819318834,56879.665150956454,297.06890512830654
136950,136.95000000028986,30697.361766963782,57066.704563659114,298.0457673056762
137000,137.0000000002901,30311.81017636484,57474.47774504244,300.1754692336453
137050,137.05000000029034,30297.81862010475,57383.01457983049,299.6977789681177
137100,137.10000000029058,30234.351843511024,57486.108111063986,300.2362118574124
137150,137.15000000029082,30202.64109665351,57583.35732577622,300.744121277457
137200,137.20000000029106,30426.545041818095,57059.54983306392,298.008399856716
137250,137.2500000002913,29939.176455060653,57239.87485173577,298.9501943578249
137300,137.30000000029153,30073.95756205917,56860.111124731695,296.9667791198987
137350,137.35000000029177,29885.954311490466,56807.170534622586,296.6902830628488
137400,137.400000000292,30241.880802331812,56774.2230591712,296.5182062682139
137450,137.45000000029225,29455.32493782159,57500.19116059707,300.3097642613261
137500,137.5000000002925,30397.58696981409,56385.80298970377,294.4895810212066
137550,137.55000000029273,30153.99669746891,56651.57846347653,295.87766283909514
137600,137.60000000029297,29699.25892872754,57263.65019470062,299.0743672952864
137650,137.6500000002932,29888.436961442174,57240.32984674082,298.95257068805876
137700,137.70000000029344,30315.146408186105,56764.57822698268,296.4678336134033
137750,137.75000000029368,30558.92448321302,56816.47107876291,296.73885758341834
137800,137.80000000029392,30935.494061438287,56735.08348627406,296.3137896276291
137850,137.85000000029416,30359.70648806366,57118.51645345336,298.3163684305766
137900,137.9000000002944,30287.054357349443,56969.32726680034,297.5371889431732
137950,137.95000000029464,30231.604151393527,57076.330181955746,298.09603961091875
138000,138.00000000029488,29998.44949951052,57464.053403276834,300.1210253865029
138050,138.0500000002951,30261.828189359847,57359.198270047724,299.57339207075137
138100,138.10000000029535,30454.982718027095,57215.60322101435,298.8234294279514
138150,138.1500000002956,30116.598531645366,57778.86703323613,301.76522178117705
138200,138.20000000029583,30380.59173631318,57395.05558949444,299.760666285545
138250,138.25000000029607,30545.790659411003,57509.10686406582,300.3563288509889
138300,138.3000000002963,30703.54010028015,57176.90493129709,298.6213175040127
138350,138.35000000029655,30735.657898517988,57177.03898677178,298.62201764373737
138400,138.40000000029679,30397.759671902524,57595.39473663993,300.8069897992102
138450,138.45000000029702,30617.443236210784,57489.66411193702,300.25478400060604
138500,138.50000000029726,30509.662869867403,57720.45072739119,301.46012736873735
138550,138.5500000002975,31002.452139816618,57314.4508265694,299.33968686158534
138600,138.60000000029774,30961.917624803078,57376.1812374029,299.66209005279194
138650,138.65000000029798,30809.4499388072,57529.633225871774,300.4635331358907
138700,138.70000000029822,30980.190733777155,57668.17662535206,301.18711221968334
138750,138.75000000029846,30944.39836308836,57706.51439060382,301.3873412104515
138800,138.8000000002987,31312.11878071441,57290.24598984232,299.21327078079025
138850,138.85000000029893,30899.242385513804,57840.43842187698,302.0867944374545
138900,138.90000000029917,30225.61451932544,58607.11564262375,306.09096643722984
138950,138.9500000002994,31174.7609853706,57560.018217193014,300.6222266879743
139000,139.00000000029965,31321.23174280407,57745.79250771655,301.59248143438236
139050,139.0500000002999,30971.142445965575,57910.700143969545,302.4537546296264
139100,139.10000000030013,31417.267526142517,57607.52729541958,300.870355255802
139150,139.15000000030037,30632.323649410777,58325.707978936356,304.6212414252337
139200,139.2000000003006,30652.996972172667,58342.97012286918,304.7113974798567
139250,139.25000000030084,30217.456666520273,58742.86146436653,306.79993444071306
139300,139.30000000030108,31282.046352329045,57520.07495388824,300.4136125643555
139350,139.35000000030132,30793.39874184082,58074.5909432262,303.3097171281144
139400,139.40000000030156,30951.040011789875,58019.32167114929,303.02105892136257
139450,139.4500000003018,30614.291242642146,58397.83103974529,304.99792294493227
139500,139.50000000030204,31127.585113617453,57888.85975742299,302.339687507365
139550,139.55000000030228,30821.421037547705,58211.86759659601,304.0266802995399
139600,139.60000000030251,31138.496957552732,57751.570105509156,301.62265644764886
139650,139.65000000030275,31124.619335255593,57790.82201587295,301.8276597999896
139700,139.700000000303,30573.85581462471,57998.69913524874,302.91335234213625
139750,139.75000000030323,30875.075081722418,58023.715475384655,303.0440067114046
139800,139.80000000030347,30609.074840511756,58416.88720620573,305.097448750707
139850,139.8500000003037,31322.081559904596,58085.71400542159,303.3678102251693
139900,139.90000000030395,30958.33093802666,58354.52669808511,304.77175471187127
139950,139.9500000003042,31179.240689675644,58228.95237600897,304.11591002164005
140000,140.00000000030442,31362.698922257856,57669.665813200365,301.19488989211607
140050,140.05000000030466,31151.587666347918,58333.55006071485,304.6621987452474
140100,140.1000000003049,31540.840396824853,57731.38490534409,301.5172339685095
140150,140.15000000030514,31076.963168094127,58010.2457502513,302.9736575543355
140200,140.20000000030538,31251.528143547264,57785.69569548646,301.80088625305484
140250,140.25000000030562,31196.153821646512,57698.67794051567,301.3464133034113
140300,140.30000000030586,31083.83823932404,57706.99071153127,301.3898289208842
140350,140.3500000003061,30840.674560192252,57850.18391042463,302.13769279638666
140400,140.40000000030633,30747.732351657665,57805.376354774824,301.90367363570704
140450,140.45000000030657,30520.071730342643,58021.700170321754,303.03348125442545
140500,140.5000000003068,30715.24392743379,57640.36371896448,301.04185205285455
140550,140.55000000030705,30524.496067927575,58005.378325656886,302.9482361582844
140600,140.6000000003073,31142.7835948625,57239.24365132948,298.9468977488678
140650,140.65000000030753,30745.97107543568,57597.965346817444,300.82041548216597
140700,140.70000000030777,30137.678725695805,58193.61709267413,303.9313622767681
140750,140.750000000308,30687.089250369347,57630.969463247595,300.9927880991041
140800,140.80000000030824,31013.451252846302,57228.029141678075,298.8883270435929
140850,140.85000000030848,30581.465830366724,57608.939913880735,300.8777330246145
140900,140.90000000030872,31293.118700046376,57040.16933910182,297.9071801658671
140950,140.95000000030896,30617.36662878046,57502.434105154694,300.3214786250136
141000,141.0000000003092,30338.441677839954,57736.42320579936,301.54354780836735
141050,141.05000000030944,30645.528440750546,57458.87235848912,300.0939660270917
141100,141.10000000030968,30801.22485333342,57225.32080964651,298.8741820722889
141150,141.15000000030992,30558.04734089888,57468.10692384397,300.14219595622404
141200,141.20000000031015,30592.854903694664,57194.68351537844,298.7141708021776
141250,141.2500000003104,30617.134543115688,57469.14673495352,300.14762664128585
141300,141.30000000031063,30730.57067276984,57467.287757086255,300.13791764391
141350,141.35000000031087,30645.8388467852,57389.83275316994,299.7333886589193
141400,141.4000000003111,30875.258483990656,57333.607918257556,299.439739775718
141450,141.45000000031135,30648.14589568149,57583.73490916535,300.746093305311
141500,141.5000000003116,31054.523180340806,57301.89426130995,299.2741069204254
141550,141.55000000031183,30876.01589336586,57429.86193609426,299.9424515201888
141600,141.60000000031206,30716.289553630428,57484.9338825447,300.23007914232574
141650,141.6500000003123,30652.316832195072,57583.18956775331,300.743245117373
141700,141.70000000031254,30480.609494887118,57618.656076261774,300.9284782199831
141750,141.75000000031278,30371.54597799565,57831.695763464035,302.0411336207857
141800,141.80000000031302,30690.710105721453,57540.04672736214,300.5179203668648
141850,141.85000000031326,30808.720216673617,57170.18294196638,298.5862101593148
141900,141.9000000003135,31235.102018192927,57010.73976591463,297.7534765344918
141950,141.95000000031374,30921.762902473558,57157.65151263327,298.52076149709427
142000,142.00000000031397,30237.17886338002,57904.39177942855,302.4208075484091
142050,142.0500000003142,30265.666108472564,57719.793483372436,301.456694740213
142100,142.10000000031445,30805.113807728878,57050.77627432082,297.9625776550034
142150,142.1500000003147,30749.38598281431,57406.25692914164,299.81916820703367
142200,142.20000000031493,30976.533536575807,57245.49777937324,298.9795615658147
142250,142.25000000031517,30651.803530730933,57799.935121179056,301.87525537229857
142300,142.3000000003154,30775.274605264203,57796.56528993742,301.85765554862235
142350,142.35000000031565,30402.04827569196,58388.830719422134,304.95091642165005
142400,142.40000000031588,30935.352476814238,57917.01591491537,302.4867403927271
142450,142.45000000031612,30819.455829825398,57869.721690346705,302.239733954236
142500,142.50000000031636,31173.92342440832,57878.00418282618,302.282991434147
142550,142.5500000003166,31472.620977302166,57621.25429962597,300.9420481200174
142600,142.60000000031684,30868.76107512004,58280.70843200361,304.38621953994124
142650,142.65000000031708,31269.86585887117,57790.40845110468,301.82549984998667
142700,142.70000000031732,31073.34785955114,57806.232845191196,301.90814688057526
142750,142.75000000031756,30729.586190097783,57877.91128847372,302.2825062691323
142800,142.8000000003178,30840.21929409616,57748.51250743233,301.60668734321416
142850,142.85000000031803,31093.59759430676,57714.1322814545,301.4271276347983
142900,142.90000000031827,30487.444048463978,58040.900797175076,303.13376154232725
142950,142.9500000003185,30361.403753300445,58001.72883792642,302.9291757555642
143000,143.00000000031875,30628.537888436345,57578.80593093845,300.7203504293397
143050,143.050000000319,30329.19979758042,57832.067304309996,302.04307408987995
143100,143.10000000031923,30769.409339862876,57208.01540537776,298.7838000792642
143150,143.15000000031947,30339.942944294,57583.14371397743,300.743005634054
143200,143.2000000003197,30513.246712656855,57434.514331354505,299.9667498693882
143250,143.25000000031994,30501.183343695804,57477.692983199275,300.19226165456485
143300,143.30000000032018,30531.20337370589,57036.44736257051,297.8877411714543
143350,143.35000000032042,30398.559858206994,57125.38997959642,298.3522672158502
143400,143.40000000032066,30370.51050706231,57212.569906486526,298.8075871506929
143450,143.4500000003209,30438.08465216998,57308.938474656774,299.3108971641949
143500,143.50000000032114,30721.837875480298,57149.88561249978,298.480202055616
143550,143.55000000032138,30593.638801611327,57286.64516729781,299.1944645447124
143600,143.60000000032161,30807.883786094895,56934.47935084353,297.355186601707
143650,143.65000000032185,30411.242421052917,57309.750536384825,299.31513836863604
143700,143.7000000003221,30386.231884843568,57281.99469807894,299.170176254767
143750,143.75000000032233,30255.61503742159,57458.503143971,300.0920377078521
143800,143.80000000032257,30943.423417845155,57018.01869739383,297.7914926550033
143850,143.8500000003228,30257.01742971749,57771.8381447106,301.72851157528874
143900,143.90000000032305,30589.932167993393,57518.524709799785,300.4055160097641
143950,143.95000000032329,30857.970733792594,57488.61512574588,300.24930539628457
144000,144.00000000032352,31003.70931926409,57419.26007999205,299.8870805580663
144050,144.05000000032376,31033.365255348108,57233.2243475608,298.9154603630209
144100,144.100000000324,30350.96872793694,57655.41186783442,301.1204449400865
144150,144.15000000032424,30651.13829971591,57588.64072272662,300.7717151977666
144200,144.20000000032448,30725.250405572493,57331.8563073605,299.4305915303825
144250,144.25000000032472,30246.350892611503,57842.277421943785,302.0963990955503
144300,144.30000000032496,30299.888550199757,57668.01350334043,301.18626027237906
144350,144.3500000003252,30423.074429879634,57509.808821052604,300.35999500466545
144400,144.40000000032543,30230.517033868055,57699.78896587697,301.35221592350007
144450,144.45000000032567,30603.920594846226,57061.212119183045,298.0170815800719
144500,144.5000000003259,30722.511043444436,57065.20503189887,298.0379356094621
144550,144.55000000032615,30759.790065804416,57540.484973014456,300.52020921923
144600,144.6000000003264,30645.504212491836,57522.322170431085,300.42534923960136
144650,144.65000000032663,30688.48820532742,57723.444968240845,301.4757655735077
144700,144.70000000032687,31119.90581883228,57032.894719626805,297.8691865659236
144750,144.7500000003271,30760.707176817356,57413.73083869746,299.858202651468
144800,144.80000000032734,30955.872015632325,57216.414113314626,298.82766452475056
144850,144.85000000032758,31089.766915197237,57154.76256128284,298.5056731942296
144900,144.90000000032782,30448.462668614615,57832.16360573509,302.04357704922126
144950,144.95000000032806,30832.794654130972,57594.12032791979,300.800333866863
145000,145.0000000003283,31056.207236928087,57332.98282669515,299.43647507179344
145050,145.05000000032854,31097.949338581057,57650.47591869457,301.094665656702
145100,145.10000000032878,30837.059542096624,57891.5221055472,302.3535923157043
145150,145.15000000032902,30807.93042758701,57922.48157809137,302.51528624599797
145200,145.20000000032925,30695.919494057125,58136.76991842611,303.6344630638652
145250,145.2500000003295,30439.830483672304,58300.73745211807,304.4908263279805
145300,145.30000000032973,30857.463356265624,57796.61800389983,301.85793086105707
145350,145.35000000032997,31220.43541198907,57179.44029740352,298.63455911560345
145400,145.4000000003302,30494.20313918814,57960.061242258555,302.7115558558771
145450,145.45000000033045,30866.281322538518,57196.71091387313,298.72475942026244
145500,145.5000000003307,30506.699488985578,57473.58105913618,300.1707860573343
145550,145.55000000033093,30703.575290208246,57355.97845621097,299.5565757521485
145600,145.60000000033116,30551.674849852614,57254.46315865024,299.02638560035865
145650,145.6500000003314,30333.53697629519,57604.56773448237,300.85489817593094
145700,145.70000000033164,30349.52501567907,57411.45720924255,299.8463280278913
145750,145.75000000033188,30155.931943025476,57534.39611834401,300.4884085856356
145800,145.80000000033212,30280.075465811264,57367.10603728982,299.6146924502523
145850,145.85000000033236,30564.360794111388,57168.14330247673,298.5755576094371
145900,145.9000000003326,30500.612362888045,57314.83040098069,299.3416692880725
145950,145.95000000033284,30248.56195362313,57628.95334488063,300.98225839443205
146000,146.00000000033307,30095.91111187949,57464.621402447985,300.12399191050474
146050,146.0500000003333,30962.886780288274,56933.84169161011,297.3518562598384
146100,146.10000000033355,30248.125763357923,57539.59581588876,300.5155653639415
146150,146.1500000003338,30521.518096374835,57149.45081433541,298.477931208657
146200,146.20000000033403,30855.193108375868,56749.436564066,296.3887523246415
146250,146.25000000033427,30321.810214010053,56878.895081711686,297.0648832405755
146300,146.3000000003345,30229.129357387777,57082.89293115294,298.13031528243454
146350,146.35000000033475,29860.43718855363,57399.12123951213,299.78190020448926
146400,146.40000000033498,30084.34709344795,56905.75859351647,297.2051849462654
146450,146.45000000033522,30443.0597092339,56950.868406767,297.440782726198
146500,146.50000000033546,29825.446945242475,57474.23795543449,300.17421686979776
146550,146.5500000003357,29948.83824252081,57479.77927369637,300.20315785151166
146600,146.60000000033594,29921.1649003789,57665.943656467396,301.1754499565531
146650,146.65000000033618,30027.33806064728,57290.40963819667,299.2141254770569
146700,146.70000000033642,30146.68124896766,56895.94534412205,297.15393268861555
146750,146.75000000033666,30388.449222790514,56684.16018737467,296.0478294007288
146800,146.8000000003369,30159.2731082323,56975.02436576042,297.5669435302649
146850,146.85000000033713,30330.821837096053,56770.6106998795,296.49933977846104
146900,146.90000000033737,30487.85738608779,57000.149005130304,297.6981635205645
146950,146.9500000003376,30163.628049073435,57364.30634350454,299.6000703183308
147000,147.00000000033785,29926.267004306545,57542.683345583115,300.5316907940653
147050,147.0500000003381,30433.857091227568,57150.870307529854,298.48534488255945
147100,147.10000000033833,30217.8255113869,57452.790585163384,300.0622023776694
147150,147.15000000033857,30143.8353987359,57477.47154705175,300.1911051464573
147200,147.2000000003388,30571.965741525913,56988.42746168782,297.636944698906
147250,147.25000000033904,30636.327828572885,56980.027764049,297.5930750844427
147300,147.30000000033928,30680.0846291582,57028.48515297132,297.8461564525261
147350,147.35000000033952,30472.32724805269,57134.75149816651,298.4011601913024
147400,147.40000000033976,29949.723564787877,57521.192156081706,300.4194474445634
147450,147.45000000034,30354.832343443777,57016.612120196616,297.78414643826926
147500,147.50000000034024,30373.376763426553,57274.01614577092,299.12850618177407
147550,147.55000000034048,30414.276842997984,57249.97737523136,299.0029574250108
147600,147.6000000003407,30778.67535750007,57139.93432683286,298.42822886748553
147650,147.65000000034095,30244.947130833105,57712.61281079546,301.4191918024783
147700,147.7000000003412,30425.248072476414,57192.993877122506,298.7053462251443
147750,147.75000000034143,30632.190620409252,57042.53359392337,297.91952810408753
147800,147.80000000034167,30470.651185275477,57180.715652463354,298.6412199904568
147850,147.8500000003419,31216.934936316764,56795.145735858176,296.6274804110777
147900,147.90000000034215,30200.962954128252,57901.69156300065,302.40670496296457
147950,147.95000000034238,30730.212728197563,57208.676194595275,298.7872512235149
148000,148.00000000034262,30844.766060864145,57117.840150977034,298.3128362642805
148050,148.05000000034286,30554.5216008196,57564.786221872455,300.64712883755647
148100,148.1000000003431,30917.441256620317,56854.90053153684,296.9395654362148
148150,148.15000000034334,30324.72459320293,57667.99262827919,301.1861512469203
148200,148.20000000034358,30619.752550399957,57340.90319684811,299.4778412732875
148250,148.25000000034382,30745.051801078196,57298.55982677339,299.25669196528514
148300,148.30000000034406,30927.263055477277,57111.20228526144,298.278168277131
148350,148.3500000003443,30320.561716955308,57625.41035704803,300.9637542152404
148400,148.40000000034453,30749.370578609873,56887.29723573201,297.10876568413266
148450,148.45000000034477,30106.63670467014,57239.026029773275,298.9457611634596
148500,148.500000000345,30514.12103656839,56761.38598881281,296.45116131592204
148550,148.55000000034525,30347.172737545923,57109.65497648964,298.2700870529973
148600,148.6000000003455,30665.755271962844,56706.46371319766,296.1643153888083
148650,148.65000000034573,30414.734026140533,57081.64208522427,298.12378241291907
148700,148.70000000034597,30266.62260678599,57272.659133104935,299.121418828748
148750,148.7500000003462,29974.886972197244,57581.12550544115,300.73246501292687
148800,148.80000000034644,30554.084031856546,57143.71222026594,298.44795990252027
148850,148.85000000034668,30542.20749638234,57137.22579272034,298.41408284076107
148900,148.90000000034692,30240.110014809885,57709.21693261773,301.4014559418763
148950,148.95000000034716,30483.976242195044,57158.83764455515,298.5269563808095
149000,149.0000000003474,30719.45636642391,57417.179365780234,299.87621348472567
149050,149.05000000034764,30171.447894210134,57902.3718347387,302.41025785976655
149100,149.10000000034788,30700.396113432413,57264.959023570744,299.08120299585556
149150,149.15000000034811,31082.25914582525,56964.61073200946,297.5125556085253
149200,149.20000000034835,29946.626515896045,57979.32233181025,302.8121519260107
149250,149.2500000003486,30824.935676982146,57228.91028204017,298.89292902923984
149300,149.30000000034883,30588.142928551206,57220.11167287857,298.8469759951749
149350,149.35000000034907,30264.587645654217,57183.19379562315,298.6541627402652
149400,149.4000000003493,30368.161300833213,56883.15832790543,297.0871491571506
149450,149.45000000034955,30625.73212464613,56477.603968221345,294.9690356049413
149500,149.5000000003498,30142.84916859457,57058.78331801726,298.00439653171276
149550,149.55000000035002,30099.482069523063,57552.33106110222,300.58207850782276
149600,149.60000000035026,31122.98522598672,56548.986383743955,295.34184891121583
149650,149.6500000003505,30526.009524905596,57767.65823271983,301.70668089335106
149700,149.70000000035074,30806.508776087212,57314.45257851759,299.33969601159225
149750,149.75000000035098,30896.044438498175,57411.27545416784,299.845378764549
149800,149.80000000035122,30870.302795728792,57399.697454774076,299.78490963917085
149850,149.85000000035146,30708.938903392394,57497.01165352216,300.29315845531295
149900,149.9000000003517,31168.90478403539,57172.150452286514,298.5964859957685
149950,149.95000000035193,30732.962200082926,57728.83783800149,301.5039312441571
150000,150.00000000035217,30774.617904070627,57374.14905855715,299.6514764680753
150050,150.0500000003524,31175.99347427029,56964.41355374245,297.51152579353356
150100,150.10000000035265,30768.767208019613,57608.281795182185,300.87429582784654
150150,150.1500000003529,30603.948269630368,57736.80621687725,301.54554818374334
150200,150.20000000035313,30777.209253335845,57512.69030719897,300.3750443185524
150250,150.25000000035337,30696.835555595782,57444.81082035054,300.02052597205335
150300,150.3000000003536,30043.084874449392,58174.959765306325,303.83391951230976
150350,150.35000000035384,30183.258757907963,57977.4206674049,302.80221998704235
150400,150.40000000035408,30462.945118508003,57714.8364418235,301.4308052962138
150450,150.45000000035432,31084.76305792977,57270.05469466807,299.1078164688737
150500,150.50000000035456,30689.41423708219,57415.91370629114,299.8696032475224
150550,150.5500000003548,30352.93142349406,57893.72039572968,302.36507346025627
150600,150.60000000035504,30558.9160335759,57795.49327961128,301.8520566947432
150650,150.65000000035528,30848.5915797553,57735.369978227056,301.5380470523252
150700,150.70000000035552,30890.031098501902,57882.193246722614,302.30486991430195
150750,150.75000000035575,30209.451828207486,58564.51077861038,305.86845140884486
150800,150.800000000356,30104.70922074643,58331.33899474457,304.65065087580734
150850,150.85000000035623,31261.660799607445,57140.3465357266,298.4303817360797
150900,150.90000000035647,31000.722008523873,57472.623657340206,300.16578577643344
150950,150.9500000003567,30404.61996298364,57713.62726977659,301.4244900794288
151000,151.00000000035695,31207.429337238143,56747.30688823808,296.37762953647456
151050,151.0500000003572,30271.037011351757,57557.81887587125,300.610740053573
151100,151.10000000035743,30614.17023454143,57284.92481021343,299.1854795305754
151150,151.15000000035766,30647.978616597582,56829.50543224203,296.80693289832783
151200,151.2000000003579,30122.927948145327,57260.03547544287,299.05548847999455
151250,151.25000000035814,29855.979372947477,57529.294569799946,300.46176441611703
151300,151.30000000035838,30226.97046142594,56993.938850088845,297.6657293641055
151350,151.35000000035862,30012.104590735256,57402.947267330695,299.8018826339223
151400,151.40000000035886,30149.26171253054,56988.97512660375,297.63980502194977
151450,151.4500000003591,30279.87755064129,57240.33907080179,298.95261886312596
151500,151.50000000035934,29605.397073811713,57790.5817725051,301.8264050662625
151550,151.55000000035957,30227.646387277375,57044.32325562555,297.9288750796896
151600,151.6000000003598,30509.89331505772,56809.40815828205,296.701969636756
151650,151.65000000036005,30327.64495415749,57148.839741086114,298.47473971903344
151700,151.7000000003603,30578.564831311152,56695.603510377274,296.107595143484
151750,151.75000000036053,30348.95327965131,56948.515583518216,297.42849449235166
151800,151.80000000036077,30569.09053629118,56599.17540889003,295.60397420168704
151850,151.850000000361,29679.824975451935,57561.256557284185,300.6286942424876
151900,151.90000000036125,30084.89060732771,57124.394614043165,298.3470686593129
151950,151.95000000036148,30281.02664941776,56992.4949356396,297.6581881438223
152000,152.00000000036172,30371.792416836353,57123.473000115744,298.3422552899015
152050,152.05000000036196,30277.255891987836,57215.98580704423,298.8254275834031
152100,152.1000000003622,30067.503353117507,57282.50944273375,299.1728646431501
152150,152.15000000036244,30073.062401739153,57384.6217638718,299.70617290648255
152200,152.20000000036268,30407.052765167788,57024.66805590858,297.8262206662977
152250,152.25000000036292,30640.06296678134,56812.31558592141,296.7171544368647
152300,152.30000000036316,29876.25750439673,57458.36363282994,300.0913090744852
152350,152.3500000003634,30023.891084758856,57251.07469292793,299.0086884532408
152400,152.40000000036363,30534.5625978662,56728.89065034617,296.28144592476355
152450,152.45000000036387,30389.77535674942,56729.224724833446,296.28319071601544
152500,152.5000000003641,30017.57147874451,56992.73059826826,297.65941895344275
152550,152.55000000036435,30450.324647038397,56563.78581655648,295.4191428138869
152600,152.6000000003646,29871.868660431828,57335.501394148654,299.4496289480323
152650,152.65000000036483,29930.49128203425,56985.52195290127,297.6217699205073
152700,152.70000000036507,29737.718628217626,56927.809938052174,297.3203538517159
152750,152.7500000003653,29714.335996337024,57365.75663647666,299.60764485211536
152800,152.80000000036554,30229.37360509277,56852.819020538765,296.9286942014498
152850,152.85000000036578,30190.640416499467,56805.884595002586,296.6835669073658
152900,152.90000000036602,30274.939090631633,57049.09490397077,297.95379625926773
152950,152.95000000036626,30259.297620955185,57237.17378867251,298.9360873506061
153000,153.0000000003665,30420.521200486037,57162.48245618941,298.54599236139615
153050,153.05000000036674,30380.565006976358,57452.31415253281,300.0597140838379
153100,153.10000000036698,30162.81925062205,57719.585868546805,301.45561041756844
153150,153.1500000003672,30752.046598724424,57156.57550480544,298.5151417652187
153200,153.20000000036745,30553.000701869736,57589.83461294419,300.7779506012071
153250,153.2500000003677,31098.297671313456,57593.9638608828,300.79951667690165
153300,153.30000000036793,31178.377360762177,57703.79203099368,301.3731229764552
153350,153.35000000036817,30287.743899995243,58456.158717654675,305.30255447483376
153400,153.4000000003684,30364.476039826463,58092.831829517396,303.40498492029843
153450,153.45000000036865,31347.704179913402,57295.148480537224,299.2388753187085
153500,153.50000000036889,30520.49097216599,58161.11605742476,303.76161713267413
153550,153.55000000036912,30828.067441472056,57725.69690148467,301.4875268829561
153600,153.60000000036936,31140.380383194773,57384.08839351113,299.7033872404866
153650,153.6500000003696,30475.77419500258,57964.05910001559,302.7324357120365
153700,153.70000000036984,30940.75527919356,57615.7706623641,300.91340839238916
153750,153.75000000037008,31049.617818025552,57605.68181579224,300.8607167565092
153800,153.80000000037032,30747.879741237062,57949.97416117264,302.6588734407086
153850,153.85000000037056,30537.02854346735,57986.556841458885,302.84993604191146
153900,153.9000000003708,30849.78554488799,57538.88803276112,300.5118687817229
153950,153.95000000037103,31096.9329798701,57281.350567967624,299.1668121170489
154000,154.00000000037127,30788.38823043341,57173.76548674146,298.6049209349687
154050,154.0500000003715,30241.13574215297,57498.473717405315,300.30079446575434
154100,154.10000000037175,30628.039432639438,56958.4748039692,297.4805091219641
154150,154.150000000372,30168.50726835522,57333.67771395844,299.4401043019927
154200,154.20000000037223,30485.047886390108,56980.727173936895,297.59672793523015
154250,154.25000000037247,30594.98460083134,56892.996283355016,297.1385304486253
154300,154.3000000003727,29746.014789537963,57468.03687185071,300.14183009139543
154350,154.35000000037294,30342.560214703313,56939.41601752448,297.3809696326373
154400,154.40000000037318,30097.43550377871,57323.052694026526,299.3846123607205
154450,154.45000000037342,30276.990069806125,57199.97554992264,298.7418098345765
154500,154.50000000037366,29812.356305345806,57481.09710929933,300.21004059209514
154550,154.5500000003739,30400.77587632659,57126.849853566564,298.359891788899
154600,154.60000000037414,30156.531222895966,57288.03243088242,299.2017098910609
154650,154.65000000037438,29944.283361849004,57487.623182637275,300.24412471435824
154700,154.70000000037462,29887.653435872708,57887.35050426206,302.33180503859705
154750,154.75000000037485,30509.11211230085,57733.18899198222,301.52665628210644
154800,154.8000000003751,30388.355770674912,57726.30813461397,301.4907192075948
154850,154.85000000037533,29765.313832578526,57925.68272159594,302.5320050539153
154900,154.90000000037557,30797.019729203297,57073.225092708235,298.07982247144304
154950,154.9500000003758,30416.914667400495,57243.78995200812,298.9706419914087
155000,155.00000000037605,30199.592214274926,57342.33077791581,299.48529718822016
155050,155.0500000003763,30313.442800293873,57261.94675352621,299.0654706289067
155100,155.10000000037653,30304.3869553025,57330.343829840596,299.42269222155795
155150,155.15000000037676,30327.51528125178,57395.23486653788,299.7616026067218
155200,155.200000000377,30343.1691575969,57336.54419977357,299.4550752727326
155250,155.25000000037724,30938.846103264186,56974.825161891684,297.5659031360392
155300,155.30000000037748,30668.632609753768,57380.886394368434,299.6866639637757
155350,155.35000000037772,30737.400015631167,56948.7530714059,297.429734834864
155400,155.40000000037796,30432.834364093425,56957.33255012554,297.47454340297094
155450,155.4500000003782,30020.502476477894,57502.879561340495,300.3238051362728
155500,155.50000000037844,30348.302584630186,57240.54962708342,298.95371854829267
155550,155.55000000037867,30649.78227494612,57253.48336625252,299.0212683786931
155600,155.6000000003789,30472.28300677386,57592.954699353664,300.7942460672776
155650,155.65000000037915,30581.886335858784,57417.94567760552,299.8802157483522
155700,155.7000000003794,30665.527317165936,57347.217155180304,299.51081756954017
155750,155.75000000037963,30829.430510799742,56984.97595806647,297.61891831989834
155800,155.80000000037987,30530.353787766217,57426.34445966249,299.92408058095015
155850,155.8500000003801,30013.5353593721,57824.61915222481,302.0041741705625
155900,155.90000000038034,30753.37718471946,57343.98843468163,299.4939547335695
155950,155.95000000038058,30971.699594881262,57057.565546190504,297.99803640033167
156000,156.00000000038082,30530.584561241063,57307.51007438669,299.30343697076387
156050,156.05000000038106,30761.23120191513,57408.61027710025,299.83145918131413
156100,156.1000000003813,30583.509405115547,57376.19862364339,299.66218085697324
156150,156.15000000038154,30279.326747392406,57674.81034733388,301.2217585651011
156200,156.20000000038178,30467.950748948017,57423.50736562386,299.9092631164387
156250,156.25000000038202,30582.97145152281,57410.147376923334,299.8394870865472
156300,156.30000000038225,30487.14596242964,57945.92064050131,302.6377028704432
156350,156.3500000003825,30334.054456964528,57748.99331716958,301.60919849762837
156400,156.40000000038273,30781.841617158556,57378.674982370925,299.67511428711805
156450,156.45000000038297,30577.316166920224,57406.51288091952,299.8205049820344
156500,156.5000000003832,30408.981321230218,57569.95427785547,300.6741203595431
156550,156.55000000038345,30812.85068471451,57002.060367269885,297.7081461084824
156600,156.6000000003837,29904.485837716566,57381.51286535208,299.689935872088
156650,156.65000000038393,29869.18550036093,57247.71241027112,298.9911280540201
156700,156.70000000038416,29988.559944308727,57182.37278758296,298.6498748113726
156750,156.7500000003844,30173.263542089073,56912.542916632236,297.2406178454339
156800,156.80000000038464,29993.083862800653,57162.74969940513,298.5473881088797
156850,156.85000000038488,30180.665631927317,56926.21071238832,297.3120014780556
156900,156.90000000038512,30241.780222268433,56919.82996084486,297.2786763368143
156950,156.95000000038536,30741.84210484194,56620.022153509955,295.71285176950147
157000,157.0000000003856,30033.142642910323,57138.729976206254,298.4219388318272
157050,157.05000000038584,29871.03566092893,57573.16719143294,300.6909006397399
157100,157.10000000038607,30322.039187974107,56987.03915434343,297.6296939012495
157150,157.1500000003863,30324.17142337766,57158.39651719714,298.5246524779838
157200,157.20000000038655,30557.621499332687,57133.98436708,298.3971536488701
157250,157.2500000003868,30627.426525228777,56988.19653879546,297.6357386437962
157300,157.30000000038703,31206.142414084425,56485.483525202704,295.01018864898856
157350,157.35000000038727,30344.880787705195,57317.01249558933,299.3530658470107
157400,157.4000000003875,29865.308570687106,57480.71598959366,300.20805009490454
157450,157.45000000038775,30137.483783021562,57410.05185606469,299.838988203918
157500,157.50000000038798,30270.541646191698,57149.98765361263,298.4807349919755
157550,157.55000000038822,30686.696293923436,57060.52456387196,298.01349064290764
157600,157.60000000038846,30051.521136735508,57482.833859926606,300.219111225791
157650,157.6500000003887,30345.76723998358,56961.46883903205,297.4961462519591
157700,157.70000000038894,30676.284138201823,56626.25986454218,295.7454298443184
157750,157.75000000038918,29813.061917444255,57299.94550567734,299.26392903522503
157800,157.80000000038942,30064.766793213174,57277.024266523455,299.1442168779618
157850,157.85000000038966,30244.04248309051,57411.94920856308,299.8488976228262
157900,157.9000000003899,31122.345354224366,56393.05164579712,294.5274390206091
157950,157.95000000039013,30328.419504315127,57520.06688157617,300.41357040459764
158000,158.00000000039037,30564.893697760614,57212.91539469045,298.8093915530606
158050,158.0500000003906,30155.81620985832,57616.66712438974,300.9180903994253
158100,158.10000000039085,30402.80474406603,57665.798333551014,301.1746909696718
158150,158.1500000003911,30559.868405791378,57423.09685506042,299.907119117818
158200,158.20000000039133,30280.586471503942,57517.08065022914,300.3979740315464
158250,158.25000000039157,30267.304921473107,57360.50390016211,299.5802110649834
158300,158.3000000003918,30264.212739624083,57122.85945314199,298.3390508806059
158350,158.35000000039204,30678.093980838225,56915.88575545134,297.25807669413456
158400,158.40000000039228,30197.30110847859,57233.013169422295,298.9143574300442
158450,158.45000000039252,30847.41892621464,56973.74155863533,297.5602437350546
158500,158.50000000039276,30103.83548286745,57647.54894298765,301.0793787617056
158550,158.550000000393,30718.615104432953,57186.31722284983,298.67047565462593
158600,158.60000000039324,30970.145515678145,57102.211576301655,298.2312119517039
158650,158.65000000039348,30206.864371416923,57703.8240362864,301.37329013245443
158700,158.70000000039371,30178.672716211717,57800.8667042984,301.88012080841827
158750,158.75000000039395,30527.341721790654,57463.9559880591,300.1205166100887
158800,158.8000000003942,30964.261953471727,57124.84138490331,298.34940203680225
158850,158.85000000039443,30031.03781246274,57657.85828963591,301.1332220168172
158900,158.90000000039467,31007.19746972042,56778.56999886639,296.5409092959564
158950,158.9500000003949,30060.612408891262,57775.58292157302,301.748069650385
159000,159.00000000039515,30426.94790984491,57372.79781488227,299.64441924511186
159050,159.05000000039539,30906.499341381867,57047.320111600755,297.94452694263595
159100,159.10000000039562,30526.395356440975,57333.25710687356,299.4379075716522
159150,159.15000000039586,30574.75218271476,57198.54171209281,298.7343212420697
159200,159.2000000003961,30066.98770890518,57644.67638960262,301.06437610149743
159250,159.25000000039634,29704.613367775542,57506.062759523316,300.340430220061
159300,159.30000000039658,30057.775845346492,56882.37419210663,297.0830538031676
159350,159.35000000039682,30631.783081097703,56695.244464888696,296.10571993465675
159400,159.40000000039706,30327.3278908352,56963.554137596526,297.5070372682787
159450,159.4500000003973,30038.307551995473,57217.33165030274,298.83245660128176
159500,159.50000000039753,30311.193118314302,56680.19221625185,296.02710563532145
159550,159.55000000039777,30083.691246818657,56767.62452136864,296.4837436813605
159600,159.600000000398,30228.57569766076,56801.90472176489,296.66278098005535
159650,159.65000000039825,29937.102866961613,56911.22610755502,297.2337404661492
159700,159.7000000003985,30208.830543839416,56452.48585178377,294.8378496823591
159750,159.75000000039873,30127.473069935033,56631.41615830346,295.77235993503035
159800,159.80000000039897,29841.717695458305,57040.22121882337,297.90745112126103
159850,159.8500000003992,30487.676580980034,56636.79976568574,295.80047723049
159900,159.90000000039944,30381.286400832156,56906.062287546396,297.20677106764504
159950,159.95000000039968,30398.136955854647,57139.38817259302,298.4253764343422
160000,160.00000000039992,30408.28862938936,57568.273451623485,300.6653418056061
160050,160.05000000040016,29851.212064083207,57825.08121094724,302.00658739290503
160100,160.1000000004004,30427.39059084573,57425.04938745027,299.9173167281194
160150,160.15000000040064,30648.403172354912,57419.57504068935,299.88872552255856
160200,160.20000000040088,30684.245356394316,57435.55517014688,299.97218592179195
160250,160.25000000040112,30495.248811581558,57599.73632622897,300.82966488462625
160300,160.30000000040135,30522.998148453953,57570.01685903419,300.6744472060918
160350,160.3500000004016,30881.880252097864,57217.36926376448,298.8326530474083
160400,160.40000000040183,30157.765990858454,57907.91684722605,302.43921813553766
160450,160.45000000040207,30338.490518079212,57853.28445879153,302.15388621992753
160500,160.5000000004023,30799.250285998496,57265.96612961043,299.08646287014915
160550,160.55000000040255,30827.361409442736,57170.30205349392,298.5868322503729
160600,160.6000000004028,30739.861535218042,57349.43388533425,299.5223950216586
160650,160.65000000040303,30586.335534986778,57777.223880621066,301.7566399875427
160700,160.70000000040326,31211.20931830365,57102.145061789925,298.23086456229646
160750,160.7500000004035,30897.805251931328,57490.75977168783,300.2605063697814
160800,160.80000000040374,30812.31363841912,57772.56093916636,301.7322865580886
160850,160.85000000040398,30301.24692484302,58339.61195234695,304.6938585573327
160900,160.90000000040422,30362.086552621142,58060.608684003164,303.2366911279159
160950,160.95000000040446,30910.882344972917,57287.378293849244,299.19829348958007
161000,161.0000000004047,30537.821011180822,57525.98558138651,300.4444823599999
161050,161.05000000040494,31151.083862133695,57289.34430929091,299.2085615186405
161100,161.10000000040517,30697.404804249003,57921.26885258028,302.5089524703183
161150,161.1500000004054,30840.567625104057,57663.87954988327,301.164669620885
161200,161.20000000040565,30763.717696838932,57964.427806333624,302.73436137706847
161250,161.2500000004059,30723.93293252473,57938.9035790903,302.60105443474913
161300,161.30000000040613,31100.367294178952,57499.38591017912,300.30555863073073
161350,161.35000000040637,30534.6375775401,57807.19358556032,301.9131645980462
161400,161.4000000004066,30674.64469347468,57679.274852552364,301.24507560949075
161450,161.45000000040685,30893.43076427332,57786.379260985545,301.804456352384
161500,161.50000000040708,31008.520873513044,57582.97980948557,300.7421496000423
161550,161.55000000040732,31474.076302768153,57350.55741846752,299.52826296685294
161600,161.60000000040756,30797.593186983257,57830.706508148876,302.03596697656246
161650,161.6500000004078,31073.469149078104,56985.353838979114,297.6208919016466
161700,161.70000000040804,30807.848643646423,57321.76596334034,299.37789207368775
161750,161.75000000040828,30657.41497806641,57245.80563206324,298.98116940688266
161800,161.80000000040852,30584.910668183424,57318.471284505664,299.36068475308264
161850,161.85000000040876,30711.24866285865,57120.813867682686,298.3283672763489
161900,161.900000000409,30141.68048129559,57605.64357620356,300.86051704027125
161950,161.95000000040923,30719.289828756853,56884.86471386682,297.09606120344915
162000,162.00000000040947,30048.46117242035,57340.42129177129,299.4753243981764
162050,162.0500000004097,30490.428321939493,57062.032288557966,298.0213651288161
162100,162.10000000040995,30226.495009716054,57193.03256337727,298.70554827421256
162150,162.1500000004102,30245.509562528452,57093.231036437406,298.1843087370339
162200,162.20000000041043,30434.64529213105,56610.80913026121,295.6647343496439
162250,162.25000000041067,30000.777246537727,56842.95615357292,296.87718280307587
162300,162.3000000004109,29760.642820638073,56977.82296677794,297.5815599549214
162350,162.35000000041114,29922.848442336384,56706.84457561181,296.1663045422267
162400,162.40000000041138,30170.543271453615,56335.52584623363,294.22699550977615
162450,162.45000000041162,30004.43181115495,56669.91969212341,295.97345469543563
162500,162.50000000041186,30125.276336433162,56810.56199399573,296.70799584508995
162550,162.5500000004121,29999.310643192468,56936.25567478675,297.3644639173797
162600,162.60000000041234,30011.529695056954,56624.55705073815,295.7365364545444
162650,162.65000000041258,29795.142111613524,56741.342294373026,296.3464778873865
162700,162.7000000004128,29814.211298991788,57065.84905129442,298.0412991689382
162750,162.75000000041305,29507.150237823094,57486.339479285656,300.2374202383709
162800,162.8000000004133,30365.737575273117,56658.255968994985,295.9125378554668
162850,162.85000000041353,30261.71806362969,57036.89006203767,297.89005328503066
162900,162.90000000041377,29991.04143073059,57132.933056328744,298.39166290392643
162950,162.950000000414,30014.038042842287,57334.462909236245,299.4442051893814
163000,163.00000000041425,30168.948439343956,57208.50496048617,298.78635690866304
163050,163.05000000041449,30204.024910880114,57239.20764188747,298.94670968015316
163100,163.10000000041472,30540.305570115146,56764.08532085016,296.4652592824059
163150,163.15000000041496,29395.153245556852,57601.345557305714,300.83806951416824
163200,163.2000000004152,29801.704201788907,57306.0962606238,299.2960529591759
163250,163.25000000041544,30363.792078102422,57125.386356685995,298.35224829425437
163300,163.30000000041568,30416.219660744027,57209.52808195114,298.7917004276976
163350,163.35000000041592,30417.53008991482,57317.52248280365,299.3557293884184
163400,163.40000000041616,30593.928946388318,57152.75444016166,298.49518525726216
163450,163.4500000004164,30569.541127503668,57207.43299644817,298.7807582965359
163500,163.50000000041663,30670.96277067867,56716.115012385206,296.21472181921007
163550,163.55000000041687,30087.046975214485,57366.69742079491,299.61255834389914
163600,163.6000000004171,30271.30594382257,57156.06048669059,298.5124519486191
163650,163.65000000041735,30742.151223397523,56845.19517893006,296.88887669771526
163700,163.7000000004176,30155.101573686152,57369.25387311084,299.62591008372556
163750,163.75000000041783,30839.988400968825,56815.42752840601,296.73340736916083
163800,163.80000000041807,30047.758025944597,57881.41457815905,302.3008031143828
163850,163.8500000004183,30293.460283813518,57615.514569045685,300.91207087815616
163900,163.90000000041854,30643.167012771417,56788.9258330882,296.5949953445609
163950,163.95000000041878,30320.537531460723,57116.629098801866,298.30651122803465
164000,164.00000000041902,30366.924951242167,57036.278274047436,297.8868580624858
164050,164.05000000041926,30353.945257911415,57314.6413395205,299.3406818652241
164100,164.1000000004195,29952.05947100217,57539.61158277644,300.5156477106299
164150,164.15000000041974,30216.27964872739,56907.04986234738,297.21192893494407
164200,164.20000000041998,30311.021444934675,56623.05935072709,295.72871432511874
164250,164.25000000042021,29760.96534755572,56959.126481339765,297.48391267721456
164300,164.30000000042045,30134.724332148653,56981.19638221733,297.5991784980064
164350,164.3500000004207,30242.652353780642,56920.68301865112,297.28313165397986
164400,164.40000000042093,29996.81260961198,57419.636783814865,299.88904799215555
164450,164.45000000042117,30113.82976889382,57296.008258220805,299.24336573218824
164500,164.5000000004214,30528.75337956386,57021.91514804188,297.8118428860539
164550,164.55000000042165,30326.098893274662,57209.44444830294,298.7912636291293
164600,164.6000000004219,29880.13302172789,57782.955058591564,301.7865725611659
164650,164.65000000042212,30924.762846549813,56895.96876114424,297.1540549901292
164700,164.70000000042236,30818.06577483761,57291.15519439831,299.2180193390187
164750,164.7500000004226,30250.873152595726,57826.72241526309,302.01515901103795
164800,164.80000000042284,30432.76124159772,57508.486620920085,300.3530894691865
164850,164.85000000042308,30698.999060112663,57423.163976556636,299.9074696773605
164900,164.90000000042332,30504.77864401235,57716.90268448765,301.44159678811764
164950,164.95000000042356,30336.39193390769,57613.34244277559,300.9007263814692
165000,165.0000000004238,30098.3315726176,57500.01468997664,300.3088425974264
165050,165.05000000042403,30191.808342073215,57274.84091312369,299.13281374465834
165100,165.10000000042427,30578.28978837032,57098.943811654666,298.21414519747253
165150,165.1500000004245,30588.493783745434,57273.51216384845,299.1258740045713
165200,165.20000000042475,30195.81459691022,57434.95161852882,299.96903371585177
165250,165.250000000425,30242.956753638893,57488.00686114494,300.2461285755605
165300,165.30000000042523,30469.434971197832,57387.96093810851,299.7236126159446
165350,165.35000000042547,30605.296560239025,57344.98536706926,299.49916147330845
165400,165.4000000004257,30233.809275809122,57892.263417405935,302.3574640104769
165450,165.45000000042594,30641.24599734362,57537.50641682427,300.5046529316897
165500,165.50000000042618,30724.161380950994,57332.67362213251,299.4348601702176
165550,165.55000000042642,30590.523545933807,57272.92628520796,299.12281410037167
165600,165.60000000042666,30597.315188953005,57312.40389634305,299.3289962339313
165650,165.6500000004269,30250.897189101786,57618.941548359144,300.9299691725614
165700,165.70000000042714,30119.582153049167,57731.14473699272,301.51597962657553
165750,165.75000000042738,30347.990873698276,57567.79698117841,300.66285331427855
165800,165.80000000042762,30132.771622601496,57423.264681986104,299.9079956377647
165850,165.85000000042785,30924.57705813172,56856.22906698117,296.9465040595141
165900,165.9000000004281,30099.949003634872,57773.27932437664,301.73603851245247
165950,165.95000000042833,29801.307233963227,57936.63667973447,302.5892149608723
166000,166.00000000042857,30241.349835394787,57442.55663688903,300.0087529102554
166050,166.0500000004288,30251.69314793466,57227.6416867856,298.8863034592348
166100,166.10000000042905,30410.015682967583,56758.72475658302,296.43726233563274
166150,166.1500000004293,30262.243536191658,57138.041838860794,298.41834485483645
166200,166.20000000042953,30297.35432429533,57363.733662425606,299.59707934184286
166250,166.25000000042976,30493.831417981666,57474.640242562375,300.17631791937873
166300,166.30000000043,30399.847553019405,57603.79569056578,300.8508659749606
166350,166.35000000043024,30370.50760526707,57266.22867299025,299.08783407151236
166400,166.40000000043048,29801.839476608053,57868.73945252658,302.23460396071323
166450,166.45000000043072,30548.498177539732,57314.601495115756,299.3404737674151
166500,166.50000000043096,30612.389335632062,57341.681411941354,299.48190570483945
166550,166.5500000004312,30127.74534253667,58006.04720973614,302.95172958006447
166600,166.60000000043144,30827.454709647085,57369.760500276425,299.62855607640125
166650,166.65000000043167,30294.24398702919,57942.8758628574,302.62180072406744
166700,166.7000000004319,30165.809280802212,58136.83784250159,303.6348178150875
166750,166.75000000043215,30556.905328959147,57801.040452461864,301.88102825357555
166800,166.8000000004324,30543.089420208184,57560.873886591544,300.62669564486254
166850,166.85000000043263,31153.797926766034,56804.36456094621,296.6756281325561
166900,166.90000000043287,30602.765780703878,57473.81879580762,300.17202769918475
166950,166.9500000004331,30511.436590604782,57384.628011408975,299.70620553587696
167000,167.00000000043335,30755.3275256197,57366.36040605067,299.61079819638746
167050,167.05000000043358,30759.960438715847,57292.05641520799,299.22272620004713
167100,167.10000000043382,30359.694384225615,57497.307183537036,300.294701937992
167150,167.15000000043406,30614.82001916078,57457.94640242288,300.08912997972635
167200,167.2000000004343,29810.1800507687,58188.96370502204,303.9070587445431
167250,167.25000000043454,30200.481810082136,57742.28183088607,301.5741460078372
167300,167.30000000043478,30990.55715878382,56803.147530893104,296.66927187528165
167350,167.35000000043502,30800.644871469158,56921.97359571132,297.28987202970535
167400,167.40000000043526,30294.062607063468,57552.26783518033,300.58174829393454
167450,167.4500000004355,30253.04125730269,57690.154294924316,301.3018963383974
167500,167.50000000043573,29949.467444797054,57765.06495740884,301.6931368358169
167550,167.55000000043597,30646.899683720756,56972.48260315539,297.55366851128986
167600,167.6000000004362,30432.496609360052,57294.062867267836,299.23320541990597
167650,167.65000000043645,30768.14630117979,56723.28021945796,296.25214398431024
167700,167.7000000004367,30335.04913109629,56983.35983888571,297.6104777154343
167750,167.75000000043693,30395.77230324906,56952.80862175455,297.4509160056492
167800,167.80000000043717,30565.07395402024,56720.89333807959,296.239677872988
167850,167.8500000004374,29733.687898150645,57508.47166977678,300.3530113829362
167900,167.90000000043764,30177.639316328867,57251.516125825554,299.01099395182695
167950,167.95000000043788,30463.403036884607,56884.597184691345,297.0946639624662
168000,168.00000000043812,30070.037108976947,57370.86050559375,299.6343011414326
168050,168.05000000043836,30122.28486876298,57411.4041224196,299.846050768095
168100,168.1000000004386,30357.78812170979,57152.07461037406,298.4916346686618
168150,168.15000000043884,30572.540205155514,57454.43557549552,300.07079376926106
168200,168.20000000043908,30852.6707199117,57130.67193689094,298.379853617181
168250,168.25000000043931,30889.452184692425,57024.4191246665,297.82492055787856
168300,168.30000000043955,30227.624008479863,57883.193214722436,302.3100925083183
168350,168.3500000004398,30363.144924542627,57613.7808633681,300.9030161475052
168400,168.40000000044003,30849.41097084374,57302.687521142936,299.27824992705956
168450,168.45000000044027,31176.964937103738,57066.86186678039,298.04658886230607
168500,168.5000000004405,30193.312833857068,58003.115658736475,302.93641878940684
168550,168.55000000044075,30380.909698396616,57659.307123190236,301.14078892841127
168600,168.60000000044099,31048.25146827902,57117.00875770551,298.30849409580526
168650,168.65000000044122,30408.204121798466,57736.39018546216,301.5433753510332
168700,168.70000000044146,30674.10966134922,57548.92168561913,300.5642721540187
168750,168.7500000004417,31013.809613074518,57044.826943530104,297.931505721307
168800,168.80000000044194,30866.678306131413,57199.14143899044,298.7374534724087
168850,168.85000000044218,30513.452680313247,57316.69622731694,299.351414053366
168900,168.90000000044242,30290.34478081834,57329.18495599747,299.41663970027736
168950,168.95000000044266,30759.5873587839,57063.83372331753,298.0307735922848
169000,169.0000000004429,30574.908462042615,57208.636934224116,298.78704617597384
169050,169.05000000044313,30305.589204611973,57456.210258732244,300.08006251591564
169100,169.10000000044337,30206.60273211098,57784.443470718084,301.794346182189
169150,169.1500000004436,30510.145034152127,57583.810355952824,300.7464873458611
169200,169.20000000044385,30700.675295143155,57080.23058234971,298.11641047054883
169250,169.2500000004441,30184.67960287879,57766.970566223004,301.7030893754903
169300,169.30000000044433,31401.98319098865,56660.26449358044,295.9230278996318
169350,169.35000000044457,30820.86418494212,57024.37506718092,297.8246904561547
169400,169.4000000004448,30620.15296423884,57207.58092773412,298.7815309063083
169450,169.45000000044504,30253.349443988758,57342.43125765885,299.485821969918
169500,169.50000000044528,30807.191030481474,56769.79994171219,296.49510538220625
169550,169.55000000044552,30125.126235057614,57312.1916841444,299.32788790030554
169600,169.60000000044576,30293.338262693935,57352.19171440024,299.5367985041508
169650,169.650000000446,29925.44066839623,57707.57410528314,301.39287584710416
169700,169.70000000044624,30381.22062533193,57214.61758682156,298.8182816959854
169750,169.75000000044648,30485.383123737978,56801.18452977981,296.65901958933824
169800,169.80000000044672,30536.461923824958,56927.08175669674,297.31655073442573
169850,169.85000000044695,30181.79398393602,57278.83059979466,299.1536509251868
169900,169.9000000004472,30344.16224812047,56947.680738218296,297.42413429475664
169950,169.95000000044743,29847.90858940118,57414.306443186586,299.8612088962291
170000,170.00000000044767,29952.136172018814,57348.6727186323,299.5184196297823
170050,170.0500000004479,30597.84624911748,56816.08231674254,296.7368271722434
170100,170.10000000044815,30885.309641293803,56624.99854396983,295.7388422682409
170150,170.1500000004484,30081.047280203617,57675.95868943023,301.22775608158383
170200,170.20000000044863,30292.681908424725,57688.14649580397,301.2914100831634
170250,170.25000000044886,30740.30954110802,57138.440691728945,298.42042796809903
170300,170.3000000004491,30639.259146604185,57093.0367621071,298.18329408861
170350,170.35000000044934,30552.464707254556,57340.42943766426,299.47536694222964
170400,170.40000000044958,30438.603976154496,57412.398951075666,299.8512465205465
170450,170.45000000044982,31035.601516517876,56861.56634829456,296.9743794049811
170500,170.50000000045006,30663.516153661003,57181.37053963841,298.64464030974955
170550,170.5500000004503,31023.954095601148,56731.40824254062,296.29459470745735
170600,170.60000000045054,30487.010613011822,57248.263632449496,298.99400695579595
170650,170.65000000045077,30057.248345219792,57613.82230948841,300.90323261069204
170700,170.700000000451,30206.425102999376,57293.41838056635,299.22983941980254
170750,170.75000000045125,30313.98718993864,57414.67461303211,299.8631317593933
170800,170.8000000004515,30403.022313783666,57162.97924568109,298.5485869742509
170850,170.85000000045173,30479.27194420537,57380.749826237676,299.6859507010486
170900,170.90000000045197,30360.577784062683,57068.27367345956,298.0539623913752
170950,170.9500000004522,29896.938600825393,57656.79028790681,301.12764409888297
171000,171.00000000045245,30641.865233770885,56724.92355098485,296.26072671235823
171050,171.05000000045268,30172.132194869017,57394.00913357863,299.7552008962473
171100,171.10000000045292,29971.956640830154,57407.18393855209,299.8240097557642
171150,171.15000000045316,30733.892959077413,56907.97608239741,297.21676636103365
171200,171.2000000004534,30539.956558330683,57318.31347528723,299.35986055322815
171250,171.25000000045364,30603.12726501363,57501.23393298676,300.3152104124468
171300,171.30000000045388,30828.654042820293,57241.784094780436,298.96016587821623
171350,171.35000000045412,30566.983676232598,57781.37525152528,301.77832160620244
171400,171.40000000045436,30759.247616220964,57870.70818682724,302.24488618972487
171450,171.4500000004546,30273.8668877787,57855.711564842415,302.1665624151064
171500,171.50000000045483,30608.660712671248,57358.169498262934,299.568019041446
171550,171.55000000045507,29956.52217339311,58048.19364942231,303.17185036768507
171600,171.6000000004553,30272.54346388025,57688.82650783098,301.2949616235566
171650,171.65000000045555,30972.90388164649,57057.952234579694,298.0000559814262
171700,171.7000000004558,30678.256747635634,57178.11072199184,298.6276150608031
171750,171.75000000045603,30722.13009239349,57295.096060977296,299.2386015438677
171800,171.80000000045627,30937.776115359287,57263.04668164422,299.0712152907445
171850,171.8500000004565,30228.73319918866,57793.9391127086,301.84393965223006
171900,171.90000000045674,31094.94428716049,57194.984382862,298.71574216118074
171950,171.95000000045698,30371.14980893318,57422.64374218797,299.9047526175132
172000,172.00000000045722,30431.514604329524,57403.54615679097,299.80501049052594
172050,172.05000000045746,30677.593892946265,57246.18419480658,298.98314654966975
172100,172.1000000004577,30347.935148631113,57450.74508919488,300.0515192408015
172150,172.15000000045794,30418.1464652934,57244.634400531606,298.97505234434664
172200,172.20000000045818,30368.08651776238,57355.79928975702,299.55564000855424
172250,172.2500000004584,30361.26952750019,57454.03259776007,300.0686891128018
172300,172.30000000045865,30315.300884413315,57569.80445804648,300.67333788646584
172350,172.3500000004589,30279.3935857564,57798.09916773596,301.8656666259908
172400,172.40000000045913,30930.631762463723,57079.72106306814,298.1137493730421
172450,172.45000000045937,30731.796118010236,57222.20841131663,298.8579267592218
172500,172.5000000004596,30674.860465068115,57226.51395619252,298.8804135917104
172550,172.55000000045985,31081.625938005716,56736.49258437664,296.3211490104497
172600,172.60000000046008,30349.906780130972,57620.988137369095,300.9406580181237
172650,172.65000000046032,30673.434293369362,57182.5216845328,298.6506524645769
172700,172.70000000046056,30533.093613772748,57418.51871368019,299.88320857889806
172750,172.7500000004608,30707.5816805282,57666.61858815856,301.1789749635657
172800,172.80000000046104,30658.213474733304,57662.804807446795,301.15905649784617
172850,172.85000000046128,30460.03317798279,57747.46447742846,301.60121373283044
172900,172.90000000046152,31302.25318940467,56992.17879625745,297.6565370233406
172950,172.95000000046176,30898.74985114881,57398.32837361148,299.77775925526964
173000,173.000000000462,30658.1469569096,57525.719860798235,300.44309456483586
173050,173.05000000046223,30874.963930540915,57259.68753133386,299.0536712510211
173100,173.10000000046247,30502.90638441402,57508.5292258013,300.3533119843047
173150,173.1500000004627,30675.343541860784,57449.93053059485,300.04726499579436
173200,173.20000000046295,30495.88151095283,57499.22428780067,300.30471451565234
173250,173.2500000004632,30424.670180926703,57478.27528442791,300.1953028747968
173300,173.30000000046343,30342.609965077667,57722.787568368934,301.4723321309995
173350,173.35000000046367,30614.01698291307,57047.014107030154,297.94292875385423
173400,173.4000000004639,30582.228944498085,57136.27382590445,298.409110945463
173450,173.45000000046414,30203.736119473233,57129.64019424233,298.3744650717635
173500,173.50000000046438,30283.94217239876,57340.56305553648,299.47606479646106
173550,173.55000000046462,30220.934917215993,57471.51161643649,300.15997785240916
173600,173.60000000046486,30300.57636832931,57425.98342575555,299.92219498708874
173650,173.6500000004651,30806.169405897846,56795.75353149716,296.6306547825255
173700,173.70000000046534,29927.685478851374,57531.542278264584,300.4735036605529
173750,173.75000000046558,30510.2369066158,57118.354435293484,298.3155222484263
173800,173.80000000046581,30273.74201433926,57482.865885991036,300.2192784902759
173850,173.85000000046605,30540.372764229585,56891.00056198557,297.12810727259944
173900,173.9000000004663,30475.93481047808,56987.14039275548,297.6302226452944
173950,173.95000000046653,30205.517807898155,57295.64588813547,299.24147315978615
174000,174.00000000046677,30357.663709179076,56988.06501387263,297.6350517205395
174050,174.050000000467,30306.369071432862,57255.32661165925,299.03089520918525
174100,174.10000000046725,30026.130212486685,57261.143921143026,299.06127762712936
174150,174.1500000004675,30449.803615992074,56916.509921885154,297.2613365663335
174200,174.20000000046772,30326.95516327369,57133.53169167575,298.39478943335723
174250,174.25000000046796,29915.163334816054,57391.29860734765,299.74104446516384
174300,174.3000000004682,30414.38899129888,57277.34668905544,299.14590081383443
174350,174.35000000046844,30302.119648678825,57144.99149791935,298.454641264143
174400,174.40000000046868,30407.249440416017,57192.60826052458,298.70333224175954
174450,174.45000000046892,30203.440666514463,57143.28545108665,298.44573098903254
174500,174.50000000046916,30252.14625741686,56955.424377955744,297.4645774755033
174550,174.5500000004694,30253.96171831386,56865.679294312475,296.99586033963766
174600,174.60000000046963,30097.037341019168,57285.34674943611,299.1876832183534
174650,174.65000000046987,30620.36832145881,56744.38535948382,296.36237108961086
174700,174.7000000004701,30298.439383484118,57149.55009827069,298.47844974493654
174750,174.75000000047035,30460.571235929696,57158.3241185274,298.5242743570245
174800,174.8000000004706,30286.05984502338,57460.959954289836,300.10486904132756
174850,174.85000000047083,30113.18099789416,57453.49549429476,300.0658839496919
174900,174.90000000047107,30320.279355480336,57285.331114199435,299.18760155924684
174950,174.9500000004713,30900.17880601238,56713.452061746924,296.20081386408367
175000,175.00000000047154,30593.826263839408,57284.10265352664,299.181185602576
175050,175.05000000047178,30321.149281354454,57737.324316275386,301.5482540931495
175100,175.10000000047202,30541.296551666102,57341.06904495176,299.47870745831926
175150,175.15000000047226,30438.444803647726,57429.71607795445,299.94168973796343
175200,175.2000000004725,30250.268365206546,57745.179917870795,301.58928202393776
175250,175.25000000047274,30976.605620681665,57130.523522638614,298.3790784849905
175300,175.30000000047298,30438.401115405468,58003.41735897775,302.93799449770466
175350,175.35000000047322,30596.322077019315,57790.7665778457,301.8273702604149
175400,175.40000000047345,31213.855526565298,57259.35502375957,299.05193464338146
175450,175.4500000004737,30751.503606528757,57605.302820452,300.8587373543718
175500,175.50000000047393,30607.434829356287,57577.70370508237,300.71459376696487
175550,175.55000000047417,30769.574035412086,57684.852656166855,301.2742071454866
175600,175.6000000004744,30544.294384301742,57902.98857139057,302.41347892798905
175650,175.65000000047465,31108.789332542263,57564.46157577856,300.64543328855115
175700,175.7000000004749,31377.84472065991,57363.13633560093,299.5939596465117
175750,175.75000000047513,31061.613655546535,57551.62131523381,300.57837167467795
175800,175.80000000047536,30856.61932151659,57565.040143120335,300.6484550075839
175850,175.8500000004756,31152.092944722026,57472.68138173975,300.16608725718453
175900,175.90000000047584,30523.443176151326,58132.3122370537,303.61118165879367
175950,175.95000000047608,30669.98089184185,57738.167520972704,301.5526579498805
176000,176.00000000047632,31147.810071267653,57501.53289193134,300.3167718036067
176050,176.05000000047656,30784.348430102335,57905.188922013556,302.4249708337296
176100,176.1000000004768,30542.816984221456,58245.723950556865,304.2035039495403
176150,176.15000000047704,31022.722066034505,57564.59722909105,300.6461417734009
176200,176.20000000047727,30827.18198916564,57996.76899497782,302.9032716805237
176250,176.2500000004775,31301.298017308924,57701.270253561815,301.35995233526603
176300,176.30000000047775,31097.6076954773,57718.23877019897,301.44857484465797
176350,176.350000000478,31248.595797993657,57637.72918121655,301.0280924914679
176400,176.40000000047823,31229.576973841802,57365.07335450005,299.6040762335564
176450,176.45000000047847,30910.756734915674,57968.620889473386,302.75626084877126
176500,176.5000000004787,31180.568392422207,58028.51142948795,303.0690548341517
176550,176.55000000047895,31068.57628265449,58004.19901740917,302.9420769129894
176600,176.60000000047918,30411.930838515313,58243.49738046404,304.1918751057713
176650,176.65000000047942,30790.75194579683,57922.50379353687,302.5154022719635
176700,176.70000000047966,30729.538923168773,57952.04061541429,302.66966603763115
176750,176.7500000004799,30838.521690314272,57732.77560434206,301.52449725720135
176800,176.80000000048014,30327.370522910423,58096.9345520929,303.4264124603572
176850,176.85000000048038,30314.11348285849,57830.318757690955,302.03394184853664
176900,176.90000000048062,30783.40605507153,57356.17426590892,299.5575984194309
176950,176.95000000048086,30457.895946426946,57546.49184500735,300.55158167688137
177000,177.0000000004811,30029.35441207645,57755.17170834092,301.64146675898064
177050,177.05000000048133,30996.78296363305,56742.683219888975,296.35348122107047
177100,177.10000000048157,30039.74383822961,57908.87804658695,302.444238250213
177150,177.1500000004818,30850.991011854552,56928.774071032305,297.3253892879838
177200,177.20000000048205,30330.452435149047,57538.39088795272,300.50927231313386
177250,177.2500000004823,30608.57156547584,57462.06235974295,300.1106266416948
177300,177.30000000048253,30179.119365385755,57788.7089689554,301.81662386064966
177350,177.35000000048277,30543.86350156628,57423.11994559795,299.90723971418026
177400,177.400000000483,30328.70753243252,57720.55900924231,301.46069289898213
177450,177.45000000048324,30825.486786943555,57304.68498594955,299.2886822086414
177500,177.50000000048348,30893.53148591925,57233.62056618347,298.91752971824855
177550,177.55000000048372,30533.07092717835,57390.98212443744,299.73939155051715
177600,177.60000000048396,30811.069191409224,56983.22324728869,297.60976433014855
177650,177.6500000004842,30864.329087068043,56953.70086893323,297.4555759995463
177700,177.70000000048444,30356.55097308081,57435.95163809205,299.9742565791714
177750,177.75000000048468,30568.874481843188,57077.92575709042,298.1043729187371
177800,177.8000000004849,30481.947381848317,57247.248513635655,298.9887052326968
177850,177.85000000048515,30881.775981997678,57143.433917105474,298.4465063915871
177900,177.9000000004854,30978.749008550658,57041.70357405254,297.915193108556
177950,177.95000000048563,30896.494258172752,57397.111573278096,299.7714041977664
178000,178.00000000048587,30993.65886130028,57410.42792906729,299.84095234338395
178050,178.0500000004861,30449.09416605273,58087.820394818846,303.37881139387093
178100,178.10000000048635,30660.658329641967,57642.28756525537,301.05189984251285
178150,178.15000000048659,30897.099168928842,57423.24533243564,299.90789457968435
178200,178.20000000048682,30977.570096981588,57410.84633582622,299.8431375819476
178250,178.25000000048706,30594.368160130238,57954.202923525,302.68095925641666
178300,178.3000000004873,30315.729436833775,57987.209050589336,302.85334237441685
178350,178.35000000048754,30703.538444305406,57823.09582323524,301.99621818710375
178400,178.40000000048778,31004.723903343867,57483.9949797906,300.2251754775021
178450,178.45000000048802,30430.746838859766,58082.496703709105,303.3510070267915
178500,178.50000000048826,31093.144415162264,57482.63625957623,300.21807920635865
178550,178.5500000004885,30984.920791163022,57606.263935143565,300.86375702683944
178600,178.60000000048873,30642.041119805974,57823.053259634464,301.99599588758343
178650,178.65000000048897,30809.953232830972,57686.89889662218,301.2848941706314
178700,178.7000000004892,30650.122818241747,57809.06034473755,301.9229142353453
178750,178.75000000048945,30628.134011111317,57763.76859068906,301.68636622208226
178800,178.8000000004897,30863.96605025451,57362.0551785472,299.5883130214591
178850,178.85000000048993,30295.686215206493,57962.11885608367,302.7223022814157
178900,178.90000000049017,30287.789025434206,57861.611620463285,302.19737699636033
178950,178.9500000004904,31101.330581216753,57069.65915434333,298.061198427103
179000,179.00000000049064,30873.93381174975,57005.69481233339,297.7271279469461
179050,179.05000000049088,30445.71240148483,57332.16611685868,299.4322095913922
179100,179.10000000049112,30263.628802580017,57611.433641086376,300.890757166172
179150,179.15000000049136,30850.454986483775,57340.319508304936,299.47479280744307
179200,179.2000000004916,31632.712999058847,56500.47384027271,295.08847948409726
179250,179.25000000049184,30163.67458471018,57999.65839037668,302.9183623025473
179300,179.30000000049208,30322.81244895415,57699.210193833474,301.34919313535914
179350,179.35000000049232,30145.56732869827,57565.15027142119,300.64903018139466
179400,179.40000000049255,30758.194880992196,57026.66345633164,297.83664216609725
179450,179.4500000004928,30615.39742826624,57183.73578810069,298.6569934375181
179500,179.50000000049303,29992.000855054335,57607.434370168055,300.8698699294088
179550,179.55000000049327,30623.59952835909,57406.93895047462,299.8227302415521
179600,179.6000000004935,30832.916760881355,57368.66246062044,299.62282127754963
179650,179.65000000049375,30696.899862155544,57668.540217822316,301.18901117630986
179700,179.700000000494,30696.88343960327,57679.16978264851,301.2445268544793
179750,179.75000000049423,30131.766533451817,58011.784598656035,302.9816945919928
179800,179.80000000049446,30685.243392224547,57528.85606616367,300.4594742163633
179850,179.8500000004947,30660.05227239211,57804.94312182178,301.9014109634728
179900,179.90000000049494,30734.576131709036,57658.36634203521,301.13587545314823
179950,179.95000000049518,30909.741083050387,57570.41619974447,300.67653286723726
180000,180.00000000049542,30422.119437678084,58179.75380564687,303.858957639931
180050,180.05000000049566,30872.22030635189,57532.36173175494,300.477783470403
180100,180.1000000004959,31150.817463635954,57190.72152061456,298.6934782498655
180150,180.15000000049614,30830.363779285282,57647.56756790975,301.07947603522507
180200,180.20000000049637,30660.95357776476,57852.70873333608,302.15087934338817
180250,180.2500000004966,30732.59409977839,57632.13824679957,300.998892376427
180300,180.30000000049685,30852.656692831108,57457.633759380544,300.0874971197924
180350,180.3500000004971,31318.44632215835,56813.29007545753,296.7222439629508
180400,180.40000000049733,30296.87002483548,57759.47582010872,301.66394610668806
180450,180.45000000049757,31237.53812670894,57013.15338346139,297.7660822824355
180500,180.5000000004978,30152.938753514485,58291.40296225594,304.4420745170141
180550,180.55000000049804,30656.424192180835,57890.07308316377,302.34602441790094
180600,180.60000000049828,30543.649087775757,57800.472325057635,301.87806105984293
180650,180.65000000049852,30261.048237539733,58000.070593354096,302.92051514024183
180700,180.70000000049876,30988.048144090746,57123.88187060573,298.34439072281015
180750,180.750000000499,31009.88162673058,57332.19897653676,299.4323812096422
180800,180.80000000049924,30420.905031523638,57806.71801457387,301.91068080437617
180850,180.85000000049948,31479.070338089914,56782.69426146579,296.5624493344151
180900,180.90000000049972,30209.16350354121,58142.663681669794,303.66524478153605
180950,180.95000000049995,30318.645395223124,58099.856008181225,303.44167052770405
181000,181.0000000005002,30887.368180411668,57653.344573755625,301.1096479568952
181050,181.05000000050043,30875.049541358738,57559.67918631124,300.62045601065785
181100,181.10000000050067,30997.775185212922,57382.071269535576,299.6928522837611
181150,181.1500000005009,30416.989458806966,57812.59082946052,301.94135311378176
181200,181.20000000050115,30537.973791881122,57674.21970571112,301.21867378498274
181250,181.2500000005014,30626.76846845998,57203.915506324964,298.7623872857901
181300,181.30000000050163,30178.529029383775,57733.02429981934,301.5257961342772
181350,181.35000000050186,30469.675080157445,57391.6500090214,299.7428797521721
181400,181.4000000005021,30521.795678802864,57412.64592280042,299.8525363948746
181450,181.45000000050234,30215.73100469799,57684.0552990962,301.27004273995885
181500,181.50000000050258,30329.905013690375,57257.592190477575,299.04272778621
181550,181.55000000050282,30412.720437510863,56955.11778021917,297.4629761887574
181600,181.60000000050306,30306.07630205543,57023.11622515189,297.81811582491696
181650,181.6500000005033,30258.380847449167,56997.84031549254,297.68610578602704
181700,181.70000000050354,30800.312466748575,56706.834812646724,296.16625355259197
181750,181.75000000050377,30571.308244987595,56871.06627525901,297.02399525441757
181800,181.800000000504,30569.976546444996,56953.92764420311,297.4567603926146
181850,181.85000000050425,30833.819841574878,56680.68459552509,296.02967721465865
181900,181.9000000005045,30204.08278058104,57251.99894578273,299.0135156051397
181950,181.95000000050473,30043.106793808118,57220.0908482065,298.8468672328867
182000,182.00000000050497,30241.92312754086,56902.17857848758,297.18648738287163
182050,182.0500000005052,29898.559507866652,57213.49157425033,298.8124008012789
182100,182.10000000050545,30391.59262467918,56991.75689907798,297.6543335551442
182150,182.15000000050568,30182.800999387713,56862.282941557736,296.9781220004333
182200,182.20000000050592,30373.340851952686,56714.87984386433,296.2082708290509
182250,182.25000000050616,30089.30777548233,57037.5445888127,297.89347172204003
182300,182.3000000005064,30404.780754008352,56717.06763467616,296.21969713789775
182350,182.35000000050664,30050.069218771212,57072.948783791755,298.07837937596986
182400,182.40000000050688,29755.5801208071,57523.69785828213,300.43253412865835
182450,182.45000000050712,30233.064694200166,56892.692542701574,297.13694408374215
182500,182.50000000050736,30318.76904979738,57154.76288091875,298.5056748636116
182550,182.5500000005076,30464.550514119517,57402.39001573785,299.7989722419548
182600,182.60000000050783,30515.78492355255,57189.8070282582,298.6887020747187
182650,182.65000000050807,30440.781953213474,56942.349125432724,297.39628855465645
182700,182.7000000005083,30318.76959978202,57197.11318439625,298.72686038312065
182750,182.75000000050855,29900.84360886844,57610.65595064463,300.8866954747495
182800,182.8000000005088,30270.29177120443,57063.130225146124,298.0270993893691
182850,182.85000000050903,30198.212860916436,57172.90789750647,298.6004419512332
182900,182.90000000050927,29707.24686072481,57595.49609033922,300.80751914537285
182950,182.9500000005095,30051.941562107873,57466.14533012196,300.1319510207491
183000,183.00000000050974,30227.977383919402,57248.61412925576,298.9958375168974
183050,183.05000000050998,30212.313997906982,57325.78405475476,299.3988776054067
183100,183.10000000051022,30967.36421642871,56903.39437701604,297.19283720818703
183150,183.15000000051046,30733.748563572623,57202.00289172042,298.7523981565469
183200,183.2000000005107,30834.786788272257,56959.89866844747,297.48794562603786
183250,183.25000000051094,30353.185122129755,57316.24557450346,299.3490604013616
183300,183.30000000051118,30053.701883556496,57644.07325310514,301.0612260636329
183350,183.35000000051141,30791.722950820404,57037.191998658585,297.8916302278828
183400,183.40000000051165,30546.607642580173,57354.18327433843,299.54719994601527
183450,183.4500000005119,30567.51925701974,57350.917596946856,299.5301440930203
183500,183.50000000051213,30672.586242158533,57541.27581436176,300.52433959469107
183550,183.55000000051237,30381.482890657404,57770.06854356097,301.71926937116115
183600,183.6000000005126,30487.470660125866,57545.62053229185,300.5470310186851
183650,183.65000000051285,30713.34975869528,57277.10504958341,299.1446387885887
183700,183.70000000051309,30637.808841675695,57641.34682412216,301.0469865762742
183750,183.75000000051332,30753.9524232493,57525.049228406984,300.43959201203984
183800,183.80000000051356,30322.904131743082,57743.36046474561,301.5797794548492
183850,183.8500000005138,30757.744504426555,57729.87023227828,301.50932319287296
183900,183.90000000051404,30851.920874858595,57507.30247496283,300.3469049576902
183950,183.95000000051428,31007.408643659935,57184.261440142065,298.659738792576
184000,184.00000000051452,30939.90644185411,57241.47360032268,298.95854423982627
184050,184.05000000051476,30509.101866979516,57700.75174520309,301.3572442899564
184100,184.100000000515,30891.867498014573,57572.745031886385,300.68869580126284
184150,184.15000000051523,30085.614777161565,58100.18146967811,303.4433703353644
184200,184.20000000051547,30691.51257390206,57452.36479712492,300.0599785884458
184250,184.2500000005157,30814.573686500058,57289.00763663166,299.206803157757
184300,184.30000000051595,30368.178127346517,57966.65292685811,302.7459826500881
184350,184.3500000005162,30470.634277924793,57455.69007398838,300.0773457152468
184400,184.40000000051643,30927.500709298714,57063.43156095277,298.02867319431186
184450,184.45000000051667,30911.77372404602,56977.852594192336,297.58171469183014
184500,184.5000000005169,30498.686902917012,57606.29337517702,300.8639107851023
184550,184.55000000051714,30560.86463375805,57693.11957325576,301.31738327885296
184600,184.60000000051738,30618.897283450897,57777.556976053835,301.75837966542673
184650,184.65000000051762,30696.95888058538,57552.52898192181,300.5831122009892
184700,184.70000000051786,30404.446556247196,57544.49562140667,300.5411558778217
184750,184.7500000005181,30089.79732111915,57702.21334364503,301.3648778695095
184800,184.80000000051834,30424.112547288307,57608.46308473024,300.8752426598542
184850,184.85000000051858,30712.947713078647,57470.50295307112,300.15470984457545
184900,184.90000000051882,30671.320316800462,57634.42261931671,301.01082310845175
184950,184.95000000051905,30758.27687987959,57257.97670358117,299.04473600630746
185000,185.0000000005193,30847.08718100892,57171.874595860856,298.5950452635468
185050,185.05000000051953,30561.54071740604,57728.73991310499,301.50341980581254
185100,185.10000000051977,30702.947910888543,57824.25733693455,302.0022844957226
185150,185.15000000052,30937.317199061217,57524.47791120112,300.43660815873517
185200,185.20000000052025,30649.62493964943,57638.9184022269,301.0343035087543
185250,185.2500000005205,30701.54935432386,57598.16701025193,300.82146872211615
185300,185.30000000052073,30829.11721436374,57558.55491033461,300.6145841857701
185350,185.35000000052096,30292.77006115984,57954.99621393894,302.6851024227678
185400,185.4000000005212,30627.398931993765,57401.54930850509,299.79458142888467
185450,185.45000000052144,30500.485619880557,57607.12983080065,300.86827939303345
185500,185.50000000052168,30976.910673947692,57249.09678208224,298.99835829732643
185550,185.55000000052192,31106.798191333255,57153.947898152575,298.50141840328604
185600,185.60000000052216,30343.72636326647,57899.340475886376,302.3944257965341
185650,185.6500000005224,30878.54787535461,57356.28355201666,299.5581691946682
185700,185.70000000052264,31247.6272546065,57014.4036827812,297.7726122971435
185750,185.75000000052287,30637.0345685076,57334.5989603552,299.4449157518793
185800,185.8000000005231,30707.648461846722,57318.12321134298,299.35886685009274
185850,185.85000000052335,30894.229337778757,57086.8785227415,298.1511310753257
185900,185.9000000005236,30260.063148041067,57656.684826658384,301.12709329997233
185950,185.95000000052383,30732.47917581998,57548.75859350375,300.56342036285537
186000,186.00000000052407,30804.914979400528,57583.19679915542,300.74328288525896
186050,186.0500000005243,30174.021717741685,58002.37149550391,302.9325322025898
186100,186.10000000052455,30718.900449330846,57364.5193181595,299.60118263408367
186150,186.15000000052478,30337.93411211614,57812.38819908298,301.94029482371906
186200,186.20000000052502,30974.495447127323,57123.806708906974,298.3439981712103
186250,186.25000000052526,30333.341067497124,57576.21996202867,300.70684453139387
186300,186.3000000005255,30567.6253218934,57287.17224242164,299.19721733218995
186350,186.35000000052574,30661.39505974554,57176.54653739657,298.61944569827426
186400,186.40000000052598,30950.768175670928,57139.00020404216,298.42335016726906
186450,186.45000000052622,30386.11703090552,57518.511808930576,300.40544863160557
186500,186.50000000052646,30722.607921407085,57421.09485036799,299.896663125497
186550,186.5500000005267,30507.834674328078,57808.60973277734,301.9205607967078
186600,186.60000000052693,30467.446541342368,57920.610060631196,302.5055117573235
186650,186.65000000052717,30658.40467944809,57755.97170979018,301.6456449754663
186700,186.7000000005274,30415.34526698084,57871.57191398626,302.24939723037147
186750,186.75000000052765,30994.709493156253,57237.049390230924,298.9354376472588
186800,186.8000000005279,30385.682278735832,57871.40224190563,302.2485110736212
186850,186.85000000052813,30743.088382155067,57400.05877484093,299.7867967275772
186900,186.90000000052837,30553.06760396265,57675.59373322002,301.22585000246926
186950,186.9500000005286,30985.971764219626,57305.45782884254,299.29271858247455
187000,187.00000000052884,30298.56141503409,57922.072810782076,302.5131513519774
187050,187.05000000052908,30760.741990586073,57625.63368258783,300.9649205911925
187100,187.10000000052932,30893.56104277633,57301.65202329903,299.27284176915396
187150,187.15000000052956,30543.816691112952,57728.75818843687,301.5035152535058
187200,187.2000000005298,31087.499519454464,57074.4677450511,298.08631254781693
187250,187.25000000053004,30410.56948481346,57530.38953228014,300.4674831436146
187300,187.30000000053028,30798.19158159833,57345.55850721441,299.5021548473896
187350,187.3500000005305,30658.641818948323,57657.665447534535,301.1322148485829
187400,187.40000000053075,30255.43829848199,57740.37078775823,301.56416508604144
187450,187.450000000531,29942.909576246115,57969.397708286546,302.76031798788586
187500,187.50000000053123,31319.012764635696,56850.21261416319,296.91508156350164
187550,187.55000000053147,30206.86453487828,57685.60398226142,301.278131142221
187600,187.6000000005317,30452.70867066097,57395.43075836127,299.7626257029258
187650,187.65000000053195,30470.423740420185,57007.20045747967,297.7349915719152
187700,187.70000000053219,30498.6614510602,56983.8811305814,297.6132002974481
187750,187.75000000053242,30393.18696972425,57231.395112337836,298.90590670437206
187800,187.80000000053266,30665.299167790494,57250.55797261697,299.00598974647755
187850,187.8500000005329,30759.696344931886,57452.73733771938,300.0619242789877
187900,187.90000000053314,30326.1838950156,57874.02277372984,302.26219748541365
187950,187.95000000053338,30340.05341857667,57666.61195425313,301.1789403162621
188000,188.00000000053362,30823.276691945233,57326.11597123429,299.4006111258996
188050,188.05000000053386,30370.210735159468,57898.13955666226,302.3881536822713
188100,188.1000000005341,30311.256974279655,57931.2413998798,302.5610367028774
188150,188.15000000053433,30354.345058993007,57690.00539783456,301.3011186844623
188200,188.20000000053457,30615.42947807937,57399.01307445359,299.78133528422416
188250,188.2500000005348,30201.05086190007,57590.40346866379,300.7809215987569
188300,188.30000000053505,30585.01736756238,57041.96591713131,297.91656326379467
188350,188.3500000005353,30061.338918388206,57547.86086954974,300.55873176506884
188400,188.40000000053553,30365.66797394256,56907.20535539941,297.2127410380146
188450,188.45000000053577,30388.532800989233,56813.944105465125,296.72565980546256
188500,188.500000000536,29935.805038013714,57609.69345838605,300.88166860757843
188550,188.55000000053624,30226.441119016745,57311.50153989885,299.324283441755
188600,188.60000000053648,29798.58392964581,57461.74112513315,300.10894891005614
188650,188.65000000053672,30405.245396258528,56994.622388753545,297.6692993232851
188700,188.70000000053696,29758.597174733317,57466.00606120876,300.1312236524805
188750,188.7500000005372,30019.94074501044,57288.05531999706,299.20182943543944
188800,188.80000000053744,30174.81508871191,56919.67868968976,297.27788628370297
188850,188.85000000053768,30180.37444698965,56827.380937208734,296.7958371682138
188900,188.90000000053791,30273.22090797725,57117.112298947635,298.30903486698156
188950,188.95000000053815,30622.020994762526,57141.64081438447,298.4371414443657
189000,189.0000000005384,30078.248490502418,57434.16110972481,299.9649050771848
189050,189.05000000053863,30720.303724135636,57083.533792476046,298.1336623480526
189100,189.10000000053887,30536.898181594523,57220.858116783114,298.85087449339693
189150,189.1500000005391,30050.035384280796,57370.60737504177,299.63297910102096
189200,189.20000000053935,30428.472185562117,56618.433315390364,295.7045536475037
189250,189.2500000005396,29970.248434244757,57152.47781043491,298.4937404862735
189300,189.30000000053982,29954.999445632522,57154.716739416166,298.5054338775647
189350,189.35000000054006,30338.80017765388,56848.3467866707,296.9053367921694
189400,189.4000000005403,30546.161838640837,57266.494578160935,299.0892228307062
189450,189.45000000054054,30313.646512840285,57412.76945519709,299.8531815750762
189500,189.50000000054078,30371.728739021215,57225.86763881643,298.87703803043087
189550,189.55000000054102,30300.638297887177,57529.50997436234,300.4628894226961
189600,189.60000000054126,30063.29262156773,57619.10329296011,300.9308139259789
189650,189.6500000005415,30402.637712550142,57205.58715158525,298.7711178897049
189700,189.70000000054173,29876.90603879799,57740.37530505136,301.5641886787845
189750,189.75000000054197,30473.640137340924,56983.81128571708,297.6128355144045
189800,189.8000000005422,30459.948454366226,57110.29276574914,298.27341807396095
189850,189.85000000054245,29961.279561220297,57758.60740471391,301.6594105805058
189900,189.9000000005427,30729.252510849004,57023.666750454075,297.82099108707496
189950,189.95000000054293,30835.525151191956,57101.09509069455,298.2253808140555
190000,190.00000000054317,30527.950516539833,57326.06742045412,299.4003575567714
190050,190.0500000005434,30436.592999394983,57536.48438589636,300.4993151082698
190100,190.10000000054364,30435.59342270084,57470.313647556715,300.15372114709015
190150,190.15000000054388,30622.93480716344,57301.89423283937,299.2741067717304
190200,190.20000000054412,30330.999032567604,57661.318028898226,301.1512914086106
190250,190.25000000054436,30560.341884509937,57472.65414149541,300.1659449878948
190300,190.3000000005446,30711.772142864815,57248.927509067245,298.99747422480067
190350,190.35000000054484,30878.070301379754,57186.26746024324,298.6702157564178
190400,190.40000000054508,30488.18224978441,57588.691297146455,300.77197933588144
190450,190.45000000054532,30578.184963878346,57469.129169285574,300.14753489999777
190500,190.50000000054555,30845.572751873748,57411.829763071124,299.8482737875518
190550,190.5500000005458,30902.92690087876,57254.02843730366,299.02411515460057
190600,190.60000000054603,30337.71890413582,57699.75400604665,301.35203333665663
190650,190.65000000054627,30807.46518029036,57463.027711598355,300.11566844385715
190700,190.7000000005465,30994.473416690897,57377.11563593462,299.6669701931379
190750,190.75000000054675,30288.22807392686,57972.590278223215,302.7769920181059
190800,190.800000000547,30816.60981015308,57070.280000761646,298.064440959654
190850,190.85000000054723,30291.664411534082,57696.37113501005,301.3343654092459
190900,190.90000000054746,30855.752453420137,57314.66170364967,299.3407882222067
190950,190.9500000005477,30394.94338203108,57839.84137549335,302.0836762067999
191000,191.00000000054794,30952.260412799245,57357.732254099596,299.56573541961853
191050,191.05000000054818,30739.94799062189,57398.95049669194,299.78100845552206
191100,191.10000000054842,30561.661322655556,57584.44139575171,300.74978311600415
191150,191.15000000054866,30902.624978432243,57086.36725583702,298.148460850402
191200,191.2000000005489,30228.60662438171,57578.13410429243,300.7168416392363
191250,191.25000000054914,30254.01155036273,57329.73036989945,299.4194882668129
191300,191.30000000054937,30393.12766094655,57245.165259669695,298.9778248948269
191350,191.3500000005496,30628.357941254697,57294.0077701337,299.2329176607346
191400,191.40000000054985,30389.800995827114,57478.36091263979,300.19575009049487
191450,191.4500000005501,30492.716537162225,57259.96964419577,299.055144659115
191500,191.50000000055033,30091.427081191032,57758.54161994654,301.6590670023788
191550,191.55000000055057,30554.73009640409,57076.12176212465,298.0949510839229
191600,191.6000000005508,30616.831504662518,57133.885378886924,298.3966366571815
191650,191.65000000055105,30480.76460800165,57306.525974801596,299.2982972536874
191700,191.70000000055128,30533.7319789694,57148.87889152335,298.4749441924159
191750,191.75000000055152,30701.41428521637,56742.60123476681,296.35305303235987
191800,191.80000000055176,30291.557877284744,57235.557295898885,298.9276447949558
191850,191.850000000552,30423.214356777047,56871.855168292146,297.02811545429915
191900,191.90000000055224,30667.691519178807,56630.20793203544,295.7660496578226
191950,191.95000000055248,29906.048926670046,57523.90963309845,300.4336401779406
192000,192.00000000055272,29924.48396498095,57210.1745077969,298.7950765554884
192050,192.05000000055296,30092.22651266273,57081.21196451227,298.1215359951765
192100,192.1000000005532,29868.745423624117,57298.54505111013,299.2566147955252
192150,192.15000000055343,29805.356275758422,57196.7292610457,298.72485524316244
192200,192.20000000055367,29749.865655404275,57000.670702975636,297.7008882238009
192250,192.2500000005539,29694.35476323208,56958.377312297205,297.4799999462476
192300,192.30000000055415,29804.04780775457,56930.826102364554,297.3361065574955
192350,192.3500000005544,30487.268386560434,56139.44794637836,293.20292747289034
192400,192.40000000055463,29574.147016270028,57184.92681009876,298.66321386093324
192450,192.45000000055487,29496.87599958972,57276.491586542375,299.1414348176536
192500,192.5000000005551,29708.94651199458,57206.29773298906,298.7748290866515
192550,192.55000000055534,30239.778780320106,56683.53151663235,296.0445460036024
192600,192.60000000055558,30627.52319376698,56641.65845288832,295.8258529932305
192650,192.65000000055582,30171.294651727556,57077.23995485813,298.1007911374847
192700,192.70000000055606,30421.377069437636,57012.36515299398,297.7619655429765
192750,192.7500000005563,30440.7373587646,57057.9446680702,298.0000164633544
192800,192.80000000055654,30485.09761818628,56934.36459617797,297.35458726549837
192850,192.85000000055678,29977.443225984913,57578.25649147448,300.71748083825537
192900,192.90000000055701,30087.343546411612,57463.18482186416,300.11648899324894
192950,192.95000000055725,30094.531626323937,57292.75848338196,299.2263929344278
193000,193.0000000005575,29434.678410130968,57867.669081919536,302.22901367069534
193050,193.05000000055773,30406.960117595736,57161.366112331525,298.54016196407
193100,193.10000000055797,30449.491723278777,57016.74329271583,297.784831521006
193150,193.1500000005582,30374.486248044388,57055.582658634215,297.9876802522465
193200,193.20000000055845,30300.147770125826,57373.368552602085,299.6474000718992
193250,193.25000000055869,30490.828450068402,57270.12369691623,299.1081768511343
193300,193.30000000055892,30198.538066177192,57150.850723229065,298.48524259843424
193350,193.35000000055916,30293.480919102556,57192.98026556415,298.70527513522615
193400,193.4000000005594,30111.5657737301,57204.40057373471,298.76492067701076
193450,193.45000000055964,30649.379637915066,56829.77524967004,296.8083420903073
193500,193.50000000055988,30321.41332100876,57306.77202181951,299.29958229849257
193550,193.55000000056012,30004.316551490745,57611.52396181542,300.89122888976635
193600,193.60000000056036,30116.230519445104,57380.41388143196,299.6841961415703
193650,193.6500000005606,30481.54616178992,56790.572321724256,296.60359456143607
193700,193.70000000056083,30151.907290049203,57016.53365039878,297.783736609258
193750,193.75000000056107,30064.56729923861,57201.65096161801,298.7505601096821
193800,193.8000000005613,30497.800772224822,57046.525169648536,297.9403751506949
193850,193.85000000056155,30603.04024443659,56691.845811236555,296.08796957841474
193900,193.9000000005618,30079.176077521326,57013.21989271161,297.76642964436337
193950,193.95000000056203,30004.519365742046,57284.719231725656,299.1844058432371
194000,194.00000000056227,30264.522821461258,57399.21954907016,299.7824136518292
194050,194.0500000005625,30543.707943672827,57133.087124976344,298.3924675676729
194100,194.10000000056274,30089.194859685544,57299.936087559865,299.26387984664706
194150,194.15000000056298,30656.85057638633,56663.77702002672,295.94137298627857
194200,194.20000000056322,30656.297372577756,56867.395008040854,297.0048211026353
194250,194.25000000056346,30033.032118370815,57440.84430448668,299.999809807116
194300,194.3000000005637,30278.42654938742,57017.41533575193,297.7883414412632
194350,194.35000000056394,30285.615779997985,57027.25627768798,297.8397383304434
194400,194.40000000056418,29948.47876563188,57482.24509927567,300.2160362695392
194450,194.45000000056442,29896.7678791765,57351.205782406105,299.5316492168396
194500,194.50000000056465,30222.638074864662,56880.3438070761,297.0724495871194
194550,194.5500000005649,29837.938251283173,57626.168113933105,300.96771179845763
194600,194.60000000056513,30692.480064700554,56721.61311243303,296.24343708251473
194650,194.65000000056537,30437.229328095906,57133.76004564459,298.39598207159315
194700,194.7000000005656,30469.05652506894,57664.13362327683,301.16599658553304
194750,194.75000000056585,30993.94266503732,57288.42726207593,299.20377200007744
194800,194.8000000005661,30494.17498248443,57695.33128220572,301.3289345064223
194850,194.85000000056633,30964.02110709618,57164.44194827496,298.5562263205258
194900,194.90000000056656,30508.22579170108,57677.25173241082,301.2345093362225
194950,194.9500000005668,30527.305927363814,57650.34943319873,301.09400505316887
195000,195.00000000056704,30740.216070870774,57382.14034244732,299.69321303508076
195050,195.05000000056728,30126.563868315265,57716.8466058272,301.4413039026688
195100,195.10000000056752,30364.958389515472,57400.79602671436,299.7906472180163
195150,195.15000000056776,30288.103856158814,57235.35611708953,298.92659408608694
195200,195.200000000568,30464.793982389412,56915.02563908027,297.25358451177095
195250,195.25000000056824,30082.380837413533,57417.07567346677,299.8756719245398
195300,195.30000000056847,29916.058116563538,57707.36281613312,301.39177233434094
195350,195.3500000005687,30555.74754731905,57105.96759871237,298.25082875961283
195400,195.40000000056895,30473.944917851106,57227.42918740706,298.8851936257371
195450,195.4500000005692,30655.411825962372,56775.5458406655,296.5251148400065
195500,195.50000000056943,30485.62439809292,57166.33568629473,298.5661168618755
195550,195.55000000056967,30418.27983911662,57037.63757824832,297.89395738365135
195600,195.6000000005699,30126.08935633485,57623.813673577206,300.95541511884704
195650,195.65000000057015,30170.379768220555,57746.03111655165,301.59372763133535
195700,195.70000000057038,30481.02443979316,57541.30183052386,300.5244754708916
195750,195.75000000057062,30537.979597822166,57581.70882444178,300.7355115487389
195800,195.80000000057086,30850.009060045733,57252.549858395716,299.0163928901294
195850,195.8500000005711,30171.63337033995,58157.66072494457,303.7435707564513
195900,195.90000000057134,30734.092584624595,57604.53910571399,300.8547486547118
195950,195.95000000057158,30623.3404855856,58081.596628899424,303.3463061510473
196000,196.00000000057182,30767.033874690474,58002.74332006457,302.9344741534582
196050,196.05000000057206,30667.451144933155,58110.44697360049,303.49698461039077
196100,196.1000000005723,30593.30193147024,57828.69533468456,302.0254630979359
196150,196.15000000057253,30649.352079336677,57690.02776401038,301.30123549765636
196200,196.20000000057277,30741.272001928322,57610.79884939818,300.8874418008073
196250,196.250000000573,30576.107178905535,57748.76612941818,301.60801195026755
196300,196.30000000057325,30819.738391341198,57527.905533236735,300.4545098099248
196350,196.3500000005735,30335.402660414504,58177.98690426652,303.8497295360536
196400,196.40000000057373,30093.084125343506,58378.89033244582,304.8990001547774
196450,196.45000000057397,31035.83952843333,57466.43449137034,300.133461240882
196500,196.5000000005742,30654.99485836555,57902.74316647818,302.41219723674766
196550,196.55000000057444,30706.593663473166,57707.5630417904,301.3928180651241
196600,196.60000000057468,30505.864162250356,57813.23152067914,301.9446992909848
196650,196.65000000057492,30718.058418890767,57832.61271043021,302.0459226157732
196700,196.70000000057516,31209.906143194385,57197.252670523536,298.72758888584656
196750,196.7500000005754,30894.704862445076,57380.62379254904,299.6852924571966
196800,196.80000000057564,30806.34501233523,57766.540362129344,301.70084252226525
196850,196.85000000057587,30445.248591725845,57694.80805762555,301.3262018294145
196900,196.9000000005761,30571.361941845687,57438.07105719771,299.9853257989278
196950,196.95000000057635,30999.80364548957,57458.842188736075,300.09380845767777
197000,197.0000000005766,30750.36824477902,57798.65055622595,301.86854639637244
197050,197.05000000057683,30710.728055437896,57832.80312499504,302.046917105564
197100,197.10000000057707,31203.869671437948,57352.39710723508,299.5378712218682
197150,197.1500000005773,30533.44094630066,57920.92736417305,302.50716895793335
197200,197.20000000057755,30476.972908142932,57829.56905171849,302.03002631331304
197250,197.25000000057778,31014.776248137212,57330.66243845995,299.4243562382758
197300,197.30000000057802,30144.674078576878,57952.4088719784,302.67158935370577
197350,197.35000000057826,29772.283518873097,58282.65991556995,304.3964116724879
197400,197.4000000005785,30729.060146565746,57361.15025217255,299.5835868071499
197450,197.45000000057874,30758.469189151816,57355.815899183246,299.5557267556201
197500,197.50000000057898,30632.57980718832,57576.53321209529,300.7084805616706
197550,197.55000000057922,30421.654258473194,57799.54217534053,301.8732031100408
197600,197.60000000057946,30558.867745807744,57579.88984631143,300.7260114604349
197650,197.6500000005797,31109.06258915073,57274.8123947033,299.1326647997604
197700,197.70000000057993,30806.9002854586,57614.08888373219,300.9046248642949
197750,197.75000000058017,30704.09541124837,57646.200280537785,301.0723350198639
197800,197.8000000005804,30466.945728533232,57795.3947243357,301.8515419640793
197850,197.85000000058065,30817.008682725274,57737.171004741205,301.5474533836256
197900,197.9000000005809,31177.294624376696,57303.14611088917,299.28064503176796
197950,197.95000000058113,30790.34972809019,57505.196086415475,300.3359037934274
198000,198.00000000058137,30847.24120728065,57457.37996413322,300.08617160783575
198050,198.0500000005816,30685.752067820962,57334.66449176064,299.44525800675746
198100,198.10000000058184,30817.680948505782,57371.09262901099,299.6355134665972
198150,198.15000000058208,30958.59851898587,57240.89461496853,298.95552033761476
198200,198.20000000058232,30392.568751992498,57987.501378984285,302.85486913579973
198250,198.25000000058256,30774.114494819973,57375.485684530744,299.65845734627646
198300,198.3000000005828,30403.158676745188,57861.46607859904,302.1966168659667
198350,198.35000000058304,30711.38985555625,57680.84553794616,301.25327892413753
198400,198.40000000058328,30859.510047659278,57519.26627805469,300.40938904363264
198450,198.45000000058351,30753.242036912518,57892.726474411014,302.35988244661127
198500,198.50000000058375,30962.186008071403,57798.372761455714,301.86709554064
198550,198.550000000584,30524.88903726812,58389.7013757467,304.9554636516732
198600,198.60000000058423,30855.584039307978,58262.71946358306,304.292267454624
198650,198.65000000058447,31268.41594685344,58013.64678488639,302.99142034588266
198700,198.7000000005847,31037.772577322587,58196.94859051192,303.9487618942321
198750,198.75000000058495,31110.106788394718,58115.81997212592,303.5250464983251
198800,198.8000000005852,31382.11596316228,58086.27568763934,303.37074375723233
198850,198.85000000058542,30819.53442883771,58567.41402722567,305.883614382909
198900,198.90000000058566,31264.510457646444,58053.14572188221,303.1977138593191
198950,198.9500000005859,31317.560905280407,57594.72013626881,300.8034665226031
199000,199.00000000058614,31099.382742676433,57904.20992480977,302.4198577651719
199050,199.05000000058638,30944.15533219913,57642.797156602675,301.0545613164017
199100,199.10000000058662,30910.040587263902,57673.33386469369,301.2140472489357
199150,199.15000000058686,30605.951855900435,58199.044523411394,303.95970845114346
199200,199.2000000005871,30975.754572780097,57846.59875362404,302.1189683787474
199250,199.25000000058733,30867.441021858904,57841.930057888916,302.0945848960611
199300,199.30000000058757,30862.508330247183,58086.48084823334,303.3718152620113
199350,199.3500000005878,30892.96965389409,57804.24350635226,301.8977570389817
199400,199.40000000058805,30628.383700846898,57921.33305123886,302.5092877645779
199450,199.4500000005883,30396.70931097243,58101.04874022836,303.447899882297
199500,199.50000000058853,30710.933438126478,57562.751716761224,300.6365031033109
199550,199.55000000058877,30857.192336824133,57500.25844360717,300.3101156644171
199600,199.600000000589,30375.392599922263,57941.609980414236,302.6151893224283
199650,199.65000000058924,31331.988350645996,57163.715500515485,298.55243225739326
199700,199.70000000058948,30809.068396538496,57892.85604717718,302.36055917421993
199750,199.75000000058972,31138.70843199252,57682.543810828865,301.26214859776405
199800,199.80000000058996,31150.19988947172,57386.36131270723,299.71525815455124
199850,199.8500000005902,30705.996232804835,57718.443597472084,301.4496446085816
199900,199.90000000059044,30337.761614475683,57960.91506708065,302.7160151789832
199950,199.95000000059068,30353.23202445809,57892.54739198194,302.35894714185883
200000,200.00000000059092,30537.57392067271,57426.734259622914,299.9261164130381
