Coefficients and Mulliken populations of the atomic orbitals

Eigenvector:   1    (up)

    1 C   s             0.000273   0.000000
          p_y          -0.000018   0.000000
          p_z           0.000063   0.000000
          p_x          -0.000024   0.000000

    2 C   s             0.000055   0.000000
          p_y          -0.000001   0.000000
          p_z           0.000012   0.000000
          p_x          -0.000009   0.000000

    3 C   s             0.000197   0.000000
          p_y          -0.000022   0.000000
          p_z           0.000048   0.000000
          p_x          -0.000001   0.000000

    4 C   s             0.000703   0.000002
          p_y          -0.000017   0.000000
          p_z           0.000146   0.000000
          p_x          -0.000105   0.000000

    5 C   s             0.000020   0.000000
          p_y          -0.000001   0.000000
          p_z           0.000005   0.000000
          p_x          -0.000002   0.000000

    6 H   s            -0.000028   0.000000

    7 C   s             0.000037   0.000000
          p_y          -0.000005   0.000000
          p_z           0.000008   0.000000
          p_x           0.000002   0.000000

    8 C   s             0.000384   0.000000
          p_y          -0.000049   0.000000
          p_z           0.000083   0.000000
          p_x           0.000021   0.000000

    9 C   s             0.003237   0.000025
          p_y          -0.000214   0.000000
          p_z           0.000662   0.000003
          p_x          -0.000197   0.000000

   10 H   s            -0.000521   0.000001

   11 C   s             0.000004   0.000000
          p_y          -0.000000   0.000000
          p_z           0.000001   0.000000
          p_x          -0.000001   0.000000

   12 C   s             0.000017   0.000000
          p_y          -0.000002   0.000000
          p_z           0.000004   0.000000
          p_x          -0.000000   0.000000

   13 H   s            -0.000015   0.000000

   14 H   s            -0.000089   0.000000

   15 C   s             0.002029   0.000010
          p_y          -0.000247   0.000000
          p_z           0.000444   0.000001
          p_x           0.000073   0.000000

   16 C   s             0.007488   0.000186
          p_y          -0.000194   0.000001
          p_z           0.001376   0.000019
          p_x          -0.000911   0.000005

   17 C   s             0.000001   0.000000
          p_y          -0.000000   0.000000
          p_z           0.000000   0.000000
          p_x          -0.000000   0.000000

   18 H   s            -0.000001   0.000000

   19 C   s             0.000003   0.000000
          p_y          -0.000000   0.000000
          p_z           0.000001   0.000000
          p_x           0.000000   0.000000

   20 C   s             0.002784   0.000025
          p_y          -0.000338   0.000001
          p_z           0.000472   0.000002
          p_x           0.000229   0.000000

   21 C   s             0.030492   0.002163
          p_y          -0.002428   0.000044
          p_z           0.005440   0.000211
          p_x          -0.000263   0.000000

   22 H   s            -0.009025   0.000154

   23 C   s             0.000001   0.000000
          p_y          -0.000000   0.000000
          p_z           0.000000   0.000000
          p_x          -0.000000   0.000000

   24 H   s            -0.000000   0.000000

   25 H   s            -0.000001   0.000000

   26 H   s            -0.001071   0.000003

   27 C   s             0.014335   0.000493
          p_y          -0.001764   0.000020
          p_z           0.002372   0.000037
          p_x           0.001293   0.000011

   28 C   s             0.066117   0.015735
          p_y          -0.001192   0.000047
          p_z           0.007114   0.000858
          p_x          -0.004269   0.000149

   29 H   s            -0.000000   0.000000

   30 C   s             0.013346   0.000622
          p_y          -0.001353   0.000027
          p_z           0.001317   0.000031
          p_x           0.001464   0.000025

   31 C   s             0.153951   0.092859
          p_y          -0.001004   0.000189
          p_z           0.001337   0.000448
          p_x           0.000749   0.000046

   32 H   s            -0.121047   0.021697

   33 C   s             0.061954   0.011122
          p_y          -0.007522   0.000571
          p_z           0.006316   0.000375
          p_x           0.009082   0.000870

   34 H   s            -0.003495   0.000044

   35 H   s            -0.880973   0.848017

   36 H   s            -0.033085   0.002851

Eigenvector:   2    (up)

    1 C   s            -0.087757   0.014910
          p_y           0.000810   0.000004
          p_z          -0.007615   0.000273
          p_x           0.005600   0.000140

    2 C   s            -0.035113   0.002919
          p_y          -0.001080   0.000005
          p_z          -0.003449   0.000068
          p_x           0.005419   0.000149

    3 C   s            -0.075514   0.011386
          p_y           0.004819   0.000110
          p_z          -0.007248   0.000249
          p_x          -0.002756   0.000036

    4 C   s            -0.093595   0.021302
          p_y          -0.002967   0.000030
          p_z          -0.007435   0.000329
          p_x           0.012967   0.000805

    5 C   s            -0.029164   0.001711
          p_y           0.000327   0.000001
          p_z          -0.002999   0.000044
          p_x           0.002181   0.000023

    6 H   s             0.015319   0.000569

    7 C   s            -0.030780   0.002251
          p_y           0.003160   0.000052
          p_z          -0.003865   0.000083
          p_x          -0.002652   0.000033

    8 C   s            -0.072707   0.012370
          p_y           0.007596   0.000327
          p_z          -0.008306   0.000388
          p_x          -0.007306   0.000305

    9 C   s            -0.212611   0.083901
          p_y           0.000462   0.000002
          p_z          -0.010885   0.000552
          p_x           0.009349   0.000356

   10 H   s             0.055794   0.006420

   11 C   s            -0.011614   0.000291
          p_y          -0.000251   0.000000
          p_z          -0.001580   0.000012
          p_x           0.001986   0.000020

   12 C   s            -0.027615   0.001538
          p_y           0.001694   0.000014
          p_z          -0.003199   0.000050
          p_x          -0.000358   0.000001

   13 H   s             0.013738   0.000437

   14 H   s             0.018347   0.001120

   15 C   s            -0.173020   0.056600
          p_y           0.010899   0.000518
          p_z          -0.009858   0.000436
          p_x          -0.012460   0.000662

   16 C   s            -0.180502   0.082358
          p_y          -0.005426   0.000049
          p_z          -0.006521   0.000273
          p_x           0.016966   0.000973

   17 C   s            -0.006141   0.000086
          p_y           0.000238   0.000000
          p_z          -0.001126   0.000007
          p_x           0.000579   0.000002

   18 H   s             0.002851   0.000028

   19 C   s            -0.010333   0.000236
          p_y           0.001203   0.000008
          p_z          -0.001850   0.000018
          p_x          -0.000660   0.000002

   20 C   s            -0.109736   0.029755
          p_y           0.009371   0.000483
          p_z          -0.004805   0.000127
          p_x          -0.014186   0.001107

   21 C   s            -0.302437   0.164334
          p_y           0.000979   0.000008
          p_z           0.002776   0.000024
          p_x          -0.004616   0.000110

   22 H   s             0.177408   0.052226

   23 C   s            -0.005838   0.000078
          p_y           0.000456   0.000001
          p_z          -0.001122   0.000007
          p_x           0.000142   0.000000

   24 H   s             0.001928   0.000010

   25 H   s             0.002088   0.000017

   26 H   s             0.050126   0.005665

   27 C   s            -0.203134   0.077091
          p_y           0.011563   0.000558
          p_z           0.003265   0.000052
          p_x          -0.026174   0.002919

   28 C   s            -0.176479   0.083464
          p_y          -0.003835  -0.000120
          p_z           0.018337   0.001945
          p_x          -0.009545   0.001544

   29 H   s             0.001816   0.000009

   30 C   s            -0.062311   0.009663
          p_y           0.002078   0.000023
          p_z           0.008624   0.000463
          p_x          -0.012248   0.000888

   31 C   s            -0.013345   0.000484
          p_y          -0.005063   0.000233
          p_z           0.018761   0.003233
          p_x          -0.007453   0.000518

   32 H   s             0.426272   0.224806

   33 C   s            -0.025891   0.001525
          p_y          -0.003729   0.000079
          p_z           0.011112   0.000656
          p_x          -0.002968   0.000038

   34 H   s             0.023788   0.001438

   35 H   s            -0.171649   0.026639

   36 H   s             0.004946   0.000060

Eigenvector:   3    (up)

    1 C   s             0.242008   0.108061
          p_y           0.005822   0.000137
          p_z          -0.000151  -0.000000
          p_x          -0.011515   0.000550

    2 C   s             0.139958   0.044204
          p_y           0.007905   0.000277
          p_z           0.002826   0.000046
          p_x          -0.018474   0.001580

    3 C   s             0.220546   0.092569
          p_y          -0.008569   0.000320
          p_z           0.003710   0.000059
          p_x           0.013576   0.000807

    4 C   s             0.149955   0.051971
          p_y           0.011372   0.000578
          p_z          -0.007623   0.000287
          p_x          -0.015495   0.001020

    5 C   s             0.163930   0.051482
          p_y           0.001597   0.000011
          p_z           0.007674   0.000273
          p_x          -0.010455   0.000492

    6 H   s            -0.060401   0.008525

    7 C   s             0.131662   0.039262
          p_y          -0.010595   0.000519
          p_z           0.007264   0.000262
          p_x           0.014271   0.000907

    8 C   s             0.135661   0.041072
          p_y          -0.009532   0.000467
          p_z           0.000528   0.000001
          p_x           0.018538   0.001778

    9 C   s             0.186518   0.061457
          p_y           0.013264   0.000702
          p_z          -0.021835   0.001954
          p_x          -0.005813   0.000122

   10 H   s            -0.084573   0.014339

   11 C   s             0.081619   0.013757
          p_y           0.002914   0.000039
          p_z           0.007744   0.000277
          p_x          -0.013102   0.000787

   12 C   s             0.158568   0.048310
          p_y          -0.007611   0.000262
          p_z           0.010469   0.000506
          p_x           0.005285   0.000122

   13 H   s            -0.061136   0.008267

   14 H   s            -0.036129   0.004101

   15 C   s             0.184287   0.061236
          p_y          -0.002880   0.000032
          p_z          -0.011686   0.000567
          p_x           0.016826   0.001152

   16 C   s             0.020821   0.000980
          p_y           0.010559   0.000608
          p_z          -0.024090   0.003083
          p_x           0.001672   0.000010

   17 C   s             0.051690   0.005832
          p_y          -0.001482   0.000011
          p_z           0.008178   0.000322
          p_x          -0.004699   0.000106

   18 H   s            -0.020224   0.001329

   19 C   s             0.073782   0.011492
          p_y          -0.007933   0.000309
          p_z           0.010498   0.000531
          p_x           0.005939   0.000178

   20 C   s             0.058250   0.007961
          p_y           0.000111   0.000000
          p_z          -0.011412   0.000720
          p_x           0.010565   0.000536

   21 C   s            -0.084302   0.012241
          p_y           0.016630   0.001119
          p_z          -0.027448   0.003066
          p_x          -0.007321   0.000213

   22 H   s             0.004681   0.000011

   23 C   s             0.049523   0.005357
          p_y          -0.003624   0.000064
          p_z           0.008357   0.000336
          p_x          -0.000602   0.000002

   24 H   s            -0.017860   0.000789

   25 H   s            -0.015170   0.000862

   26 H   s            -0.031248   0.002072

   27 C   s            -0.001628   0.000002
          p_y           0.009751   0.000382
          p_z          -0.014003   0.000815
          p_x          -0.006251   0.000145

   28 C   s            -0.141414   0.051620
          p_y           0.005914   0.000477
          p_z           0.003638   0.000047
          p_x          -0.015161   0.002617

   29 H   s            -0.016994   0.000714

   30 C   s            -0.004417   0.000049
          p_y           0.001257   0.000010
          p_z          -0.000706   0.000003
          p_x          -0.001839   0.000023

   31 C   s            -0.011392   0.000350
          p_y          -0.002266   0.000042
          p_z           0.014442   0.001707
          p_x          -0.008980   0.000663

   32 H   s             0.413146   0.202540

   33 C   s            -0.001677   0.000007
          p_y          -0.000876   0.000004
          p_z           0.003716   0.000073
          p_x          -0.001728   0.000016

   34 H   s            -0.000581   0.000000

   35 H   s            -0.117699   0.012024

   36 H   s            -0.003727   0.000025

Eigenvector:   4    (up)

    1 C   s            -0.093944   0.015657
          p_y          -0.011013   0.000491
          p_z           0.028002   0.003204
          p_x          -0.004487   0.000086

    2 C   s            -0.132249   0.038034
          p_y          -0.012976   0.000755
          p_z           0.015500   0.001151
          p_x           0.011290   0.000522

    3 C   s            -0.088946   0.014503
          p_y          -0.004230   0.000081
          p_z           0.024190   0.002515
          p_x          -0.014430   0.000870

    4 C   s             0.033667   0.002517
          p_y          -0.003915   0.000082
          p_z           0.020764   0.002137
          p_x          -0.011845   0.000661

    5 C   s            -0.243153   0.108972
          p_y          -0.007735   0.000249
          p_z           0.004151   0.000068
          p_x           0.011581   0.000568

    6 H   s             0.057245   0.007413

    7 C   s            -0.129575   0.036639
          p_y           0.005381   0.000110
          p_z           0.009408   0.000450
          p_x          -0.019610   0.001681

    8 C   s             0.034092   0.002487
          p_y          -0.009262   0.000415
          p_z           0.023123   0.002593
          p_x          -0.003399   0.000057

    9 C   s             0.176615   0.053128
          p_y           0.004677   0.000076
          p_z           0.009770   0.000373
          p_x          -0.018574   0.001275

   10 H   s            -0.018752   0.000683

   11 C   s            -0.153578   0.047033
          p_y          -0.007543   0.000247
          p_z          -0.007992   0.000273
          p_x           0.022585   0.002205

   12 C   s            -0.236386   0.103283
          p_y           0.007932   0.000268
          p_z          -0.001757   0.000015
          p_x          -0.014118   0.000834

   13 H   s             0.062218   0.008247

   14 H   s            -0.008908   0.000242

   15 C   s             0.179678   0.056132
          p_y          -0.011309   0.000492
          p_z           0.017176   0.001172
          p_x           0.006349   0.000142

   16 C   s             0.090912   0.018752
          p_y           0.011513   0.000612
          p_z          -0.014338   0.001001
          p_x          -0.009438   0.000379

   17 C   s            -0.114553   0.027575
          p_y           0.002240   0.000022
          p_z          -0.015503   0.001068
          p_x           0.010038   0.000447

   18 H   s             0.038697   0.004671

   19 C   s            -0.138636   0.039166
          p_y           0.013436   0.000835
          p_z          -0.013996   0.000882
          p_x          -0.013609   0.000878

   20 C   s             0.126261   0.036059
          p_y          -0.007929   0.000266
          p_z           0.001550   0.000009
          p_x           0.014383   0.000890

   21 C   s             0.071981   0.008464
          p_y           0.026981   0.002728
          p_z          -0.036307   0.005082
          p_x          -0.019612   0.001369

   22 H   s            -0.056761   0.005368

   23 C   s            -0.109903   0.025399
          p_y           0.007622   0.000262
          p_z          -0.016160   0.001162
          p_x          -0.000065   0.000000

   24 H   s             0.042933   0.004361

   25 H   s             0.028927   0.003006

   26 H   s            -0.067651   0.009391

   27 C   s             0.156032   0.042160
          p_y           0.004155   0.000070
          p_z          -0.013931   0.000791
          p_x           0.004868   0.000097

   28 C   s            -0.105119   0.027978
          p_y           0.014611   0.001738
          p_z          -0.008541   0.000453
          p_x          -0.021055   0.003934

   29 H   s             0.040957   0.003966

   30 C   s             0.060469   0.008271
          p_y          -0.000552  -0.000000
          p_z          -0.007898   0.000330
          p_x           0.008533   0.000321

   31 C   s            -0.003185   0.000031
          p_y           0.001525   0.000015
          p_z           0.008559   0.000568
          p_x          -0.011025   0.000899

   32 H   s             0.393277   0.177160

   33 C   s             0.035373   0.002561
          p_y           0.002581   0.000033
          p_z          -0.004850   0.000095
          p_x          -0.000601   0.000004

   34 H   s            -0.029346   0.001964

   35 H   s            -0.073237   0.004522

   36 H   s            -0.020794   0.000849

Eigenvector:   5    (up)

    1 C   s             0.183935   0.057329
          p_y          -0.003817   0.000062
          p_z           0.021588   0.001813
          p_x          -0.012813   0.000604

    2 C   s             0.018246   0.000687
          p_y          -0.008430   0.000332
          p_z           0.030170   0.004104
          p_x          -0.011662   0.000581

    3 C   s             0.137078   0.032727
          p_y          -0.014646   0.000827
          p_z           0.019267   0.001477
          p_x           0.011017   0.000443

    4 C   s             0.155942   0.051642
          p_y           0.009070   0.000277
          p_z          -0.006611   0.000179
          p_x          -0.011854   0.000418

    5 C   s            -0.143995   0.036301
          p_y          -0.013340   0.000703
          p_z           0.027583   0.003033
          p_x           0.000674   0.000001

    6 H   s            -0.011280   0.000261

    7 C   s            -0.005622   0.000066
          p_y          -0.007552   0.000265
          p_z           0.025112   0.002854
          p_x          -0.008636   0.000321

    8 C   s             0.082152   0.013860
          p_y          -0.005445   0.000141
          p_z          -0.006399   0.000183
          p_x           0.016935   0.001337

    9 C   s             0.125248   0.025548
          p_y           0.006157   0.000135
          p_z          -0.033129   0.003981
          p_x           0.019057   0.001333

   10 H   s            -0.103484   0.019559

   11 C   s            -0.152004   0.044055
          p_y          -0.011321   0.000524
          p_z           0.004769   0.000101
          p_x           0.018144   0.001319

   12 C   s            -0.146746   0.037810
          p_y          -0.001210   0.000006
          p_z           0.020400   0.001672
          p_x          -0.016766   0.001115

   13 H   s             0.004618   0.000042

   14 H   s            -0.019250   0.001093

   15 C   s             0.042542   0.002945
          p_y           0.000124   0.000000
          p_z          -0.033705   0.004274
          p_x           0.031630   0.003624

   16 C   s            -0.008765   0.000134
          p_y           0.000323  -0.000002
          p_z          -0.021256   0.002042
          p_x           0.019438   0.001987

   17 C   s            -0.148525   0.044134
          p_y           0.000643   0.000001
          p_z          -0.014697   0.000837
          p_x           0.012462   0.000613

   18 H   s             0.039302   0.004562

   19 C   s            -0.139463   0.037880
          p_y           0.010424   0.000466
          p_z          -0.003074   0.000035
          p_x          -0.017852   0.001395

   20 C   s            -0.123730   0.032935
          p_y           0.015101   0.000932
          p_z          -0.032366   0.004784
          p_x           0.000396   0.000006

   21 C   s            -0.186158   0.054060
          p_y          -0.031785   0.003433
          p_z           0.011900   0.000519
          p_x           0.052205   0.009104

   22 H   s            -0.034106   0.001531

   23 C   s            -0.143673   0.041318
          p_y           0.009091   0.000332
          p_z          -0.016357   0.001044
          p_x          -0.002811   0.000037

   24 H   s             0.062368   0.008683

   25 H   s             0.030007   0.003052

   26 H   s             0.075467   0.011027

   27 C   s            -0.312167   0.160327
          p_y           0.005668   0.000106
          p_z          -0.008442   0.000244
          p_x          -0.003409   0.000036

   28 C   s             0.027071   0.002009
          p_y          -0.020843   0.002666
          p_z           0.017459   0.001590
          p_x           0.025123   0.004250

   29 H   s             0.060098   0.008055

   30 C   s            -0.169350   0.062077
          p_y           0.005174   0.000088
          p_z           0.012440   0.000750
          p_x          -0.022035   0.001995

   31 C   s            -0.021020   0.000997
          p_y          -0.009646   0.000564
          p_z           0.005759   0.000177
          p_x           0.013817   0.001211

   32 H   s            -0.256517   0.071517

   33 C   s            -0.118192   0.027441
          p_y          -0.009149   0.000380
          p_z           0.019627   0.001514
          p_x          -0.000133  -0.000001

   34 H   s             0.082121   0.014721

   35 H   s            -0.011311   0.000093

   36 H   s             0.066523   0.008348

Eigenvector:   6    (up)

    1 C   s             0.107927   0.018776
          p_y           0.024802   0.002141
          p_z          -0.021962   0.001735
          p_x          -0.028738   0.002805

    2 C   s             0.026947   0.001435
          p_y           0.000646   0.000003
          p_z           0.013157   0.000714
          p_x          -0.013704   0.000845

    3 C   s             0.227519   0.086612
          p_y           0.003525   0.000049
          p_z          -0.003155   0.000043
          p_x          -0.004071   0.000060

    4 C   s            -0.083232   0.014237
          p_y           0.013339   0.000935
          p_z          -0.035952   0.005635
          p_x           0.007404   0.000063

    5 C   s            -0.057351   0.005507
          p_y          -0.004406   0.000078
          p_z           0.027742   0.002922
          p_x          -0.017299   0.001102

    6 H   s            -0.002638   0.000020

    7 C   s             0.130839   0.034132
          p_y          -0.012039   0.000510
          p_z           0.024135   0.002397
          p_x           0.001226  -0.000012

    8 C   s             0.137116   0.036785
          p_y          -0.000383  -0.000002
          p_z          -0.014044   0.000849
          p_x           0.014069   0.000676

    9 C   s            -0.218237   0.074855
          p_y           0.030488   0.003183
          p_z          -0.030919   0.003341
          p_x          -0.031649   0.003367

   10 H   s             0.088345   0.013204

   11 C   s            -0.134180   0.033007
          p_y          -0.011441   0.000495
          p_z           0.013555   0.000727
          p_x           0.010144   0.000366

   12 C   s             0.002814   0.000016
          p_y          -0.003311   0.000044
          p_z           0.032226   0.003961
          p_x          -0.023742   0.002114

   13 H   s            -0.078255   0.011743

   14 H   s            -0.051610   0.006978

   15 C   s             0.051018   0.004296
          p_y           0.029032   0.002790
          p_z          -0.016131   0.000879
          p_x          -0.042678   0.005983

   16 C   s            -0.225862   0.108174
          p_y          -0.001271  -0.000040
          p_z           0.017693   0.001152
          p_x          -0.014200   0.001763

   17 C   s            -0.156145   0.046727
          p_y           0.000113  -0.000000
          p_z          -0.011322   0.000414
          p_x           0.010357   0.000359

   18 H   s             0.038349   0.004093

   19 C   s            -0.080439   0.012170
          p_y           0.002692   0.000032
          p_z           0.013718   0.000766
          p_x          -0.018210   0.001385

   20 C   s             0.115247   0.027245
          p_y          -0.004058   0.000010
          p_z           0.012153   0.000572
          p_x          -0.003346   0.000131

   21 C   s            -0.027572   0.001238
          p_y           0.013205   0.000518
          p_z           0.038310   0.004982
          p_x          -0.062476   0.012553

   22 H   s             0.312578   0.138510

   23 C   s            -0.136969   0.036020
          p_y           0.008955   0.000291
          p_z          -0.009818   0.000303
          p_x          -0.008663   0.000311

   24 H   s             0.073131   0.011347

   25 H   s             0.015783   0.000820

   26 H   s            -0.090016   0.014803

   27 C   s             0.180811   0.051864
          p_y           0.010013   0.000324
          p_z           0.007862   0.000235
          p_x          -0.027329   0.002527

   28 C   s             0.044192   0.004328
          p_y          -0.002266   0.000034
          p_z           0.007587   0.000263
          p_x          -0.002648   0.000007

   29 H   s             0.063801   0.008634

   30 C   s             0.144510   0.043510
          p_y          -0.004445   0.000052
          p_z          -0.004686   0.000103
          p_x           0.013303   0.000585

   31 C   s             0.029645   0.001970
          p_y           0.009747   0.000510
          p_z          -0.014193   0.001116
          p_x          -0.006154   0.000189

   32 H   s            -0.105529   0.012035

   33 C   s             0.116116   0.025439
          p_y           0.008897   0.000336
          p_z          -0.017048   0.001048
          p_x          -0.001784   0.000032

   34 H   s            -0.078498   0.012774

   35 H   s             0.071584   0.003896

   36 H   s            -0.071152   0.009138

Eigenvector:   7    (up)

    1 C   s             0.215986   0.073886
          p_y          -0.010526   0.000372
          p_z          -0.016758   0.000984
          p_x           0.036855   0.004645

    2 C   s             0.198446   0.076148
          p_y           0.002044  -0.000010
          p_z           0.012805   0.000713
          p_x          -0.016198   0.000692

    3 C   s            -0.013308   0.000314
          p_y          -0.015677   0.000800
          p_z          -0.021844   0.001758
          p_x           0.052006   0.009266

    4 C   s             0.104986   0.022001
          p_y           0.003631  -0.000010
          p_z          -0.027004   0.002802
          p_x           0.018328   0.001900

    5 C   s             0.091277   0.013715
          p_y          -0.021473   0.001655
          p_z           0.040899   0.006083
          p_x           0.004322   0.000059

    6 H   s            -0.116374   0.026516

    7 C   s            -0.022106   0.000936
          p_y          -0.004902   0.000132
          p_z           0.002688   0.000034
          p_x           0.007267   0.000305

    8 C   s            -0.191180   0.069448
          p_y           0.017557   0.001088
          p_z          -0.036023   0.005071
          p_x          -0.000946  -0.000009

    9 C   s            -0.079999   0.009390
          p_y          -0.039862   0.004998
          p_z           0.012710   0.000520
          p_x           0.067616   0.014319

   10 H   s            -0.113340   0.021283

   11 C   s            -0.036417   0.002416
          p_y          -0.013529   0.000714
          p_z           0.029519   0.003293
          p_x          -0.000701  -0.000000

   12 C   s            -0.034946   0.002008
          p_y          -0.018985   0.001268
          p_z           0.026065   0.002479
          p_x           0.013378   0.000588

   13 H   s             0.029908   0.001611

   14 H   s             0.070879   0.012839

   15 C   s            -0.333158   0.172196
          p_y          -0.011928   0.000470
          p_z           0.011337   0.000413
          p_x           0.013074   0.000577

   16 C   s             0.087978   0.015888
          p_y          -0.010032   0.000590
          p_z           0.019367   0.001621
          p_x           0.001752   0.000067

   17 C   s            -0.129044   0.031118
          p_y          -0.007718   0.000240
          p_z           0.000535   0.000006
          p_x           0.014868   0.000766

   18 H   s             0.005046   0.000078

   19 C   s            -0.124202   0.028088
          p_y           0.002859   0.000027
          p_z           0.010997   0.000486
          p_x          -0.015961   0.000955

   20 C   s            -0.138816   0.038616
          p_y          -0.009359   0.000486
          p_z           0.042242   0.007633
          p_x          -0.021223   0.001426

   21 C   s             0.159723   0.037466
          p_y           0.006288   0.000121
          p_z          -0.004059   0.000056
          p_x          -0.008699   0.000219

   22 H   s            -0.137791   0.026239

   23 C   s            -0.159889   0.047653
          p_y           0.005866   0.000098
          p_z          -0.010779   0.000314
          p_x          -0.001608   0.000010

   24 H   s             0.064876   0.008645

   25 H   s             0.032468   0.003205

   26 H   s             0.100071   0.017951

   27 C   s             0.097239   0.014340
          p_y          -0.027769   0.002478
          p_z           0.047547   0.007469
          p_x           0.010627   0.000320

   28 C   s            -0.003712   0.000060
          p_y           0.019982   0.002036
          p_z          -0.019793   0.001776
          p_x          -0.021204   0.002515

   29 H   s             0.080452   0.013270

   30 C   s             0.115877   0.027126
          p_y          -0.008929   0.000316
          p_z           0.007336   0.000247
          p_x           0.010950   0.000429

   31 C   s             0.026055   0.001430
          p_y           0.011180   0.000660
          p_z          -0.008009   0.000324
          p_x          -0.014771   0.001178

   32 H   s             0.179135   0.032793

   33 C   s             0.124807   0.028640
          p_y           0.007039   0.000202
          p_z          -0.013201   0.000546
          p_x          -0.001678   0.000031

   34 H   s            -0.054988   0.006205

   35 H   s             0.027613   0.000554

   36 H   s            -0.083915   0.012312

Eigenvector:   8    (up)

    1 C   s            -0.128950   0.025884
          p_y           0.028987   0.002733
          p_z          -0.015724   0.000849
          p_x          -0.042978   0.005891

    2 C   s            -0.147244   0.040748
          p_y           0.003542   0.000107
          p_z          -0.004271   0.000091
          p_x          -0.002995   0.000120

    3 C   s             0.145554   0.033945
          p_y           0.036067   0.004405
          p_z          -0.046410   0.007458
          p_x          -0.028139   0.002588

    4 C   s            -0.128331   0.031688
          p_y          -0.008063   0.000171
          p_z           0.017687   0.001197
          p_x          -0.000637   0.000014

    5 C   s            -0.090637   0.013232
          p_y           0.030216   0.003015
          p_z           0.000574   0.000002
          p_x          -0.060739   0.012289

    6 H   s             0.107707   0.021874

    7 C   s             0.279820   0.148077
          p_y          -0.000987  -0.000019
          p_z          -0.009384   0.000407
          p_x           0.010796   0.000023

    8 C   s             0.022645   0.000945
          p_y           0.012121   0.000621
          p_z          -0.033096   0.004311
          p_x           0.007129   0.000150

    9 C   s            -0.037883   0.002054
          p_y          -0.026348   0.002190
          p_z           0.050025   0.008000
          p_x           0.005291   0.000078

   10 H   s             0.099249   0.016405

   11 C   s            -0.192441   0.064247
          p_y          -0.006286   0.000099
          p_z           0.007848   0.000212
          p_x           0.005249   0.000033

   12 C   s             0.231761   0.086260
          p_y           0.018454   0.001126
          p_z           0.018682   0.001273
          p_x          -0.054473   0.010144

   13 H   s            -0.196045   0.069298

   14 H   s            -0.016293   0.000618

   15 C   s            -0.099562   0.015045
          p_y           0.002058   0.000011
          p_z          -0.007491   0.000162
          p_x           0.002974   0.000030

   16 C   s             0.160738   0.051824
          p_y          -0.011005   0.000755
          p_z           0.020019   0.001745
          p_x           0.003074   0.000168

   17 C   s            -0.163608   0.048507
          p_y           0.010997   0.000455
          p_z          -0.017221   0.000882
          p_x          -0.005820   0.000201

   18 H   s             0.069755   0.012460

   19 C   s             0.113306   0.022448
          p_y          -0.010365   0.000336
          p_z           0.035235   0.004541
          p_x          -0.012432   0.000700

   20 C   s            -0.083252   0.013470
          p_y          -0.001186   0.000017
          p_z           0.004555   0.000095
          p_x          -0.001951  -0.000016

   21 C   s             0.135298   0.026524
          p_y          -0.003728   0.000037
          p_z          -0.026497   0.002219
          p_x           0.032424   0.003196

   22 H   s            -0.239095   0.077253

   23 C   s            -0.039683   0.002905
          p_y           0.011089   0.000454
          p_z           0.008734   0.000315
          p_x          -0.030273   0.003490

   24 H   s             0.088990   0.015756

   25 H   s            -0.039287   0.004402

   26 H   s             0.067159   0.007819

   27 C   s            -0.034244   0.001845
          p_y          -0.019416   0.001139
          p_z           0.006181   0.000106
          p_x           0.032872   0.003313

   28 C   s            -0.018279   0.000794
          p_y           0.013411   0.000853
          p_z          -0.019665   0.001637
          p_x          -0.008221   0.000398

   29 H   s             0.022059   0.000970

   30 C   s            -0.065219   0.008446
          p_y           0.001292  -0.000000
          p_z          -0.002032   0.000014
          p_x          -0.000696  -0.000005

   31 C   s            -0.014926   0.000478
          p_y          -0.004639   0.000097
          p_z           0.006965   0.000238
          p_x           0.002743   0.000027

   32 H   s             0.141184   0.020089

   33 C   s            -0.064372   0.007418
          p_y          -0.004771   0.000089
          p_z           0.006022   0.000103
          p_x           0.003880   0.000083

   34 H   s             0.043397   0.003648

   35 H   s            -0.043158   0.001349

   36 H   s             0.047342   0.003810

Eigenvector:   9    (up)

    1 C   s             0.064881   0.006267
          p_y          -0.009530   0.000311
          p_z           0.050721   0.008263
          p_x          -0.028948   0.002574

    2 C   s            -0.161490   0.047574
          p_y          -0.016466   0.000833
          p_z           0.042040   0.006381
          p_x          -0.006812   0.000288

    3 C   s             0.082234   0.010344
          p_y          -0.004562   0.000068
          p_z           0.008736   0.000278
          p_x           0.000848  -0.000000

    4 C   s             0.149637   0.041934
          p_y           0.001246  -0.000009
          p_z           0.002855   0.000044
          p_x          -0.005186  -0.000003

    5 C   s            -0.250663   0.097124
          p_y           0.016848   0.000951
          p_z          -0.019284   0.001276
          p_x          -0.015447   0.000775

    6 H   s             0.097858   0.017747

    7 C   s             0.030925   0.001736
          p_y           0.000641   0.000006
          p_z           0.009326   0.000288
          p_x          -0.010106   0.000482

    8 C   s             0.009786   0.000186
          p_y           0.003197   0.000029
          p_z          -0.021889   0.001752
          p_x           0.014344   0.000825

    9 C   s             0.066472   0.006471
          p_y          -0.005597   0.000083
          p_z          -0.034248   0.003645
          p_x           0.043600   0.005684

   10 H   s            -0.126873   0.025688

   11 C   s            -0.095895   0.015223
          p_y           0.015222   0.000890
          p_z          -0.049937   0.008665
          p_x           0.016491   0.000761

   12 C   s            -0.034208   0.001749
          p_y           0.034527   0.003789
          p_z          -0.030399   0.003025
          p_x          -0.040342   0.005063

   13 H   s            -0.034355   0.002026

   14 H   s             0.002145   0.000008

   15 C   s            -0.090135   0.012081
          p_y          -0.003590   0.000032
          p_z          -0.029445   0.002789
          p_x           0.035020   0.003764

   16 C   s            -0.025188   0.001202
          p_y           0.000403  -0.000001
          p_z          -0.017904   0.001205
          p_x           0.016118   0.001068

   17 C   s             0.115697   0.023672
          p_y           0.024045   0.002107
          p_z          -0.023655   0.002270
          p_x          -0.025777   0.002186

   18 H   s             0.040168   0.003942

   19 C   s             0.157320   0.042530
          p_y           0.004859   0.000105
          p_z          -0.030953   0.003470
          p_x           0.019266   0.001193

   20 C   s            -0.136378   0.035263
          p_y           0.002908   0.000006
          p_z           0.004662   0.000104
          p_x          -0.010204   0.000256

   21 C   s            -0.084492   0.009907
          p_y          -0.010692   0.000334
          p_z           0.022915   0.001592
          p_x          -0.000214   0.000001

   22 H   s             0.001611   0.000007

   23 C   s             0.230582   0.093559
          p_y          -0.000453  -0.000005
          p_z           0.006362  -0.000016
          p_x          -0.005038   0.000101

   24 H   s            -0.070070   0.009393

   25 H   s            -0.048445   0.006558

   26 H   s             0.096987   0.015956

   27 C   s            -0.057018   0.004671
          p_y          -0.008541   0.000248
          p_z           0.055132   0.009484
          p_x          -0.034808   0.003617

   28 C   s             0.010987   0.000273
          p_y          -0.001781   0.000008
          p_z           0.010662   0.000420
          p_x          -0.006462   0.000179

   29 H   s            -0.137003   0.035907

   30 C   s             0.173766   0.058029
          p_y          -0.017213   0.001022
          p_z           0.041202   0.006798
          p_x          -0.004261   0.000154

   31 C   s             0.058547   0.006879
          p_y           0.023519   0.002493
          p_z          -0.018803   0.001578
          p_x          -0.029286   0.003887

   32 H   s            -0.025022   0.000609

   33 C   s             0.282089   0.138411
          p_y           0.012569   0.000598
          p_z          -0.010360   0.000096
          p_x          -0.015370   0.001326

   34 H   s            -0.103772   0.020434

   35 H   s             0.105279   0.007735

   36 H   s            -0.230990   0.087423

Eigenvector:  10    (up)

    1 C   s             0.202250   0.058492
          p_y           0.016009   0.000707
          p_z          -0.001732   0.000006
          p_x          -0.030305   0.002570

    2 C   s            -0.008392   0.000129
          p_y          -0.014753   0.000745
          p_z           0.049682   0.008503
          p_x          -0.017467   0.001062

    3 C   s             0.210931   0.065513
          p_y          -0.016492   0.000784
          p_z           0.014299   0.000622
          p_x           0.019429   0.001047

    4 C   s             0.000791   0.000001
          p_y           0.016117   0.000929
          p_z          -0.049626   0.008594
          p_x           0.014822   0.000726

    5 C   s            -0.201957   0.060401
          p_y          -0.015639   0.000706
          p_z           0.005673   0.000095
          p_x           0.025794   0.001914

    6 H   s             0.005975   0.000062

    7 C   s            -0.013122   0.000306
          p_y          -0.015315   0.000827
          p_z           0.053337   0.009890
          p_x          -0.019804   0.001334

    8 C   s             0.043958   0.003371
          p_y           0.011461   0.000464
          p_z          -0.045052   0.006990
          p_x           0.019788   0.001309

    9 C   s            -0.194596   0.052120
          p_y          -0.010109   0.000248
          p_z           0.001407   0.000003
          p_x           0.018890   0.000892

   10 H   s             0.006417   0.000058

   11 C   s             0.000690   0.000002
          p_y           0.014970   0.000735
          p_z          -0.055041   0.009903
          p_x           0.021724   0.001536

   12 C   s            -0.215979   0.069306
          p_y           0.011558   0.000381
          p_z          -0.000703   0.000001
          p_x          -0.022453   0.001450

   13 H   s             0.009234   0.000144

   14 H   s            -0.016764   0.000648

   15 C   s            -0.157363   0.034511
          p_y           0.019872   0.001064
          p_z          -0.014483   0.000592
          p_x          -0.025948   0.001769

   16 C   s            -0.005696   0.000083
          p_y          -0.009750   0.000299
          p_z           0.048991   0.008416
          p_x          -0.026810   0.002710

   17 C   s             0.188524   0.060490
          p_y           0.013336   0.000618
          p_z          -0.017976   0.001479
          p_x          -0.009744   0.000149

   18 H   s            -0.002198   0.000011

   19 C   s            -0.025610   0.001038
          p_y           0.016835   0.000936
          p_z          -0.053070   0.009471
          p_x           0.016179   0.000913

   20 C   s            -0.011550   0.000256
          p_y          -0.012066   0.000549
          p_z           0.034798   0.004290
          p_x          -0.008786   0.000226

   21 C   s             0.240701   0.077435
          p_y           0.016512   0.000729
          p_z          -0.000969   0.000003
          p_x          -0.032085   0.002735

   22 H   s             0.044257   0.002344

   23 C   s             0.172788   0.050845
          p_y          -0.006532   0.000072
          p_z          -0.014233   0.001013
          p_x           0.026339   0.002336

   24 H   s            -0.127513   0.029803

   25 H   s             0.006932   0.000129

   26 H   s             0.018562   0.000540

   27 C   s             0.156667   0.033852
          p_y          -0.026641   0.001917
          p_z          -0.002550   0.000024
          p_x           0.055447   0.008436

   28 C   s             0.023551   0.000816
          p_y           0.022276   0.001952
          p_z          -0.032299   0.003847
          p_x          -0.014056   0.000883

   29 H   s            -0.117375   0.025237

   30 C   s            -0.099549   0.018592
          p_y           0.011661   0.000408
          p_z          -0.046660   0.008177
          p_x           0.020446   0.001929

   31 C   s            -0.039004   0.002934
          p_y          -0.017992   0.001312
          p_z           0.008696   0.000284
          p_x           0.027740   0.003187

   32 H   s             0.120933   0.013419

   33 C   s            -0.240706   0.097458
          p_y          -0.008593   0.000270
          p_z          -0.006050   0.000294
          p_x           0.022800   0.002465

   34 H   s             0.078241   0.011000

   35 H   s            -0.085467   0.004934

   36 H   s             0.229705   0.082993

Eigenvector:  11    (up)

    1 C   s             0.068038   0.006875
          p_y          -0.039648   0.004590
          p_z           0.030514   0.002724
          p_x           0.050280   0.007372

    2 C   s             0.027314   0.001323
          p_y          -0.008575   0.000284
          p_z           0.025994   0.002442
          p_x          -0.007420   0.000168

    3 C   s            -0.199204   0.058952
          p_y          -0.011342   0.000387
          p_z          -0.020152   0.001229
          p_x           0.041737   0.005258

    4 C   s             0.177534   0.056444
          p_y          -0.003646   0.000120
          p_z          -0.005112   0.000067
          p_x           0.012121   0.000946

    5 C   s            -0.054557   0.004471
          p_y           0.016537   0.000802
          p_z           0.025008   0.001884
          p_x          -0.056459   0.009455

    6 H   s            -0.024829   0.001043

    7 C   s            -0.023001   0.000927
          p_y           0.015818   0.000852
          p_z          -0.054288   0.010313
          p_x           0.019692   0.001416

    8 C   s            -0.198162   0.067475
          p_y          -0.000665   0.000008
          p_z           0.020750   0.001574
          p_x          -0.018322   0.000895

    9 C   s             0.056278   0.004384
          p_y           0.004047   0.000052
          p_z          -0.035928   0.003664
          p_x           0.025926   0.001839

   10 H   s            -0.183016   0.051022

   11 C   s            -0.238160   0.091374
          p_y          -0.006960   0.000087
          p_z           0.018904   0.001118
          p_x          -0.003780   0.000115

   12 C   s             0.173577   0.044789
          p_y           0.027944   0.002351
          p_z          -0.041881   0.005298
          p_x          -0.016347   0.000799

   13 H   s             0.018494   0.000564

   14 H   s             0.081302   0.015029

   15 C   s            -0.037568   0.001987
          p_y          -0.025606   0.001844
          p_z           0.055518   0.008837
          p_x          -0.001405   0.000010

   16 C   s            -0.101329   0.019383
          p_y           0.017116   0.001388
          p_z          -0.017118   0.001178
          p_x          -0.018008   0.001747

   17 C   s            -0.167563   0.047374
          p_y           0.029458   0.002954
          p_z          -0.028100   0.002167
          p_x          -0.032433   0.004142

   18 H   s             0.096182   0.021667

   19 C   s             0.246145   0.099155
          p_y          -0.007610   0.000127
          p_z           0.008882   0.000226
          p_x           0.006778   0.000062

   20 C   s             0.111662   0.022541
          p_y          -0.009423   0.000248
          p_z           0.024470   0.002092
          p_x          -0.004297   0.000121

   21 C   s            -0.011985   0.000230
          p_y           0.020203   0.001093
          p_z           0.005735   0.000092
          p_x          -0.045768   0.005642

   22 H   s             0.215512   0.057839

   23 C   s             0.105818   0.018886
          p_y           0.017972   0.001223
          p_z           0.020133   0.001121
          p_x          -0.054639   0.010257

   24 H   s             0.111565   0.022698

   25 H   s            -0.079715   0.016844

   26 H   s            -0.086618   0.012103

   27 C   s             0.133102   0.024908
          p_y           0.015133   0.000666
          p_z          -0.030437   0.002682
          p_x          -0.001558   0.000008

   28 C   s             0.003597   0.000026
          p_y          -0.005977   0.000156
          p_z           0.005629   0.000134
          p_x           0.006590   0.000194

   29 H   s            -0.066820   0.008144

   30 C   s            -0.038518   0.002778
          p_y           0.012698   0.000594
          p_z          -0.038701   0.005680
          p_x           0.010949   0.000484

   31 C   s            -0.032264   0.001969
          p_y          -0.014362   0.000866
          p_z           0.007830   0.000240
          p_x           0.021292   0.001947

   32 H   s            -0.054733   0.002854

   33 C   s            -0.162442   0.044199
          p_y          -0.002595   0.000026
          p_z          -0.006771   0.000281
          p_x           0.011510   0.000676

   34 H   s             0.022220   0.000905

   35 H   s            -0.049591   0.001644

   36 H   s             0.155729   0.037883

Eigenvector:  12    (up)

    1 C   s            -0.115228   0.017924
          p_y          -0.020251   0.001109
          p_z           0.072906   0.014476
          p_x          -0.028550   0.002240

    2 C   s            -0.220717   0.080038
          p_y           0.004771   0.000139
          p_z          -0.016515   0.000926
          p_x           0.006060  -0.000032

    3 C   s            -0.015342   0.000286
          p_y           0.027942   0.002152
          p_z          -0.039060   0.004163
          p_x          -0.018856   0.001000

    4 C   s             0.178610   0.053571
          p_y          -0.015670   0.001036
          p_z           0.041533   0.005745
          p_x          -0.008040  -0.000008

    5 C   s             0.005440   0.000023
          p_y           0.030260   0.002574
          p_z          -0.073141   0.014958
          p_x           0.008486   0.000194

    6 H   s             0.162209   0.043230

    7 C   s             0.166068   0.045706
          p_y           0.011064   0.000559
          p_z          -0.014492   0.000723
          p_x          -0.008402   0.000452

    8 C   s            -0.092451   0.013717
          p_y           0.005950   0.000082
          p_z          -0.018931   0.001142
          p_x           0.006035   0.000179

    9 C   s             0.165363   0.035855
          p_y           0.003523   0.000044
          p_z          -0.045456   0.005539
          p_x           0.035993   0.003246

   10 H   s            -0.181101   0.047210

   11 C   s             0.203736   0.063042
          p_y           0.009647   0.000210
          p_z          -0.025966   0.002007
          p_x           0.005099   0.000148

   12 C   s             0.073303   0.007619
          p_y          -0.007600   0.000136
          p_z           0.041539   0.004693
          p_x          -0.023935   0.001691

   13 H   s            -0.161263   0.040155

   14 H   s             0.044232   0.004097

   15 C   s            -0.070588   0.006802
          p_y          -0.035441   0.003254
          p_z           0.012091   0.000344
          p_x           0.059314   0.009276

   16 C   s            -0.080487   0.012354
          p_y           0.034151   0.004579
          p_z          -0.027532   0.002731
          p_x          -0.042167   0.007338

   17 C   s             0.106393   0.018124
          p_y          -0.040216   0.005068
          p_z           0.037484   0.003941
          p_x           0.045093   0.006890

   18 H   s            -0.084434   0.015533

   19 C   s            -0.153354   0.036329
          p_y          -0.012190   0.000526
          p_z           0.050250   0.007952
          p_x          -0.022781   0.001419

   20 C   s            -0.081127   0.011618
          p_y          -0.017611   0.001253
          p_z           0.028789   0.002856
          p_x           0.007958   0.000384

   21 C   s             0.082737   0.008441
          p_y           0.019200   0.000945
          p_z           0.018335   0.000883
          p_x          -0.055605   0.007983

   22 H   s             0.302297   0.105767

   23 C   s            -0.195478   0.061214
          p_y          -0.022053   0.001854
          p_z           0.000295   0.000009
          p_x           0.043652   0.006115

   24 H   s            -0.080654   0.011062

   25 H   s             0.051835   0.006638

   26 H   s             0.113412   0.019082

   27 C   s             0.097361   0.012446
          p_y          -0.025270   0.001675
          p_z           0.025221   0.001718
          p_x           0.026628   0.001812

   28 C   s             0.035590   0.002069
          p_y           0.008748   0.000266
          p_z          -0.006255   0.000122
          p_x          -0.011589   0.000490

   29 H   s             0.156457   0.041456

   30 C   s             0.006066   0.000049
          p_y           0.000845   0.000000
          p_z          -0.019158   0.001250
          p_x           0.016252   0.000987

   31 C   s             0.001381   0.000004
          p_y          -0.003754   0.000048
          p_z          -0.005984   0.000151
          p_x           0.013080   0.000639

   32 H   s             0.009971   0.000054

   33 C   s            -0.068435   0.007442
          p_y          -0.000288   0.000000
          p_z          -0.014707   0.000832
          p_x           0.014332   0.000806

   34 H   s             0.013530   0.000280

   35 H   s            -0.010500   0.000071

   36 H   s             0.093697   0.012779

Eigenvector:  13    (up)

    1 C   s            -0.016141   0.000334
          p_y           0.006340   0.000122
          p_z          -0.009379   0.000228
          p_x          -0.003802   0.000059

    2 C   s             0.052672   0.004389
          p_y           0.006443   0.000109
          p_z          -0.017595   0.000939
          p_x           0.003757   0.000062

    3 C   s            -0.023189   0.000709
          p_y          -0.018785   0.001026
          p_z           0.048355   0.006547
          p_x          -0.008256   0.000158

    4 C   s            -0.060494   0.006560
          p_y           0.016709   0.001149
          p_z           0.004089   0.000023
          p_x          -0.037266   0.005321

    5 C   s             0.074091   0.007608
          p_y          -0.002725   0.000021
          p_z           0.012937   0.000432
          p_x          -0.006717   0.000109

    6 H   s            -0.031081   0.001611

    7 C   s            -0.126733   0.026483
          p_y          -0.003813   0.000089
          p_z          -0.005468   0.000069
          p_x           0.012775   0.000747

    8 C   s             0.099999   0.015671
          p_y          -0.018012   0.001033
          p_z           0.022210   0.001511
          p_x           0.014927   0.000748

    9 C   s             0.122203   0.018851
          p_y           0.039322   0.004150
          p_z          -0.010027   0.000313
          p_x          -0.069055   0.012518

   10 H   s             0.153020   0.031658

   11 C   s            -0.055036   0.004566
          p_y          -0.007956   0.000165
          p_z           0.032162   0.003030
          p_x          -0.014268   0.000670

   12 C   s             0.022717   0.000668
          p_y          -0.001000   0.000003
          p_z          -0.034043   0.003217
          p_x           0.034075   0.003253

   13 H   s             0.127829   0.024796

   14 H   s            -0.017998   0.000784

   15 C   s             0.133068   0.023178
          p_y          -0.015608   0.000640
          p_z          -0.050641   0.006777
          p_x           0.079064   0.016484

   16 C   s            -0.023051   0.001502
          p_y           0.036855   0.005273
          p_z           0.014896   0.000588
          p_x          -0.087647   0.028306

   17 C   s            -0.098434   0.015330
          p_y           0.010683   0.000352
          p_z          -0.001823  -0.000013
          p_x          -0.019590   0.001419

   18 H   s             0.026817   0.001528

   19 C   s             0.092918   0.013135
          p_y          -0.001102   0.000001
          p_z          -0.007695   0.000194
          p_x           0.009416   0.000236

   20 C   s            -0.229259   0.090830
          p_y          -0.015271   0.001262
          p_z          -0.026494   0.001996
          p_x           0.055481   0.013090

   21 C   s             0.294178   0.108494
          p_y           0.000723   0.000005
          p_z           0.024357   0.001504
          p_x          -0.024339   0.001754

   22 H   s             0.346139   0.134509

   23 C   s             0.042362   0.002847
          p_y           0.010836   0.000389
          p_z           0.010498   0.000287
          p_x          -0.031404   0.003048

   24 H   s             0.084951   0.012025

   25 H   s            -0.028672   0.002014

   26 H   s             0.312535   0.142633

   27 C   s            -0.055167   0.004203
          p_y          -0.083249   0.017884
          p_z           0.055777   0.008153
          p_x           0.113514   0.033010

   28 C   s             0.096583   0.014773
          p_y           0.039376   0.005381
          p_z          -0.038968   0.005055
          p_x          -0.041859   0.006295

   29 H   s            -0.030708   0.001579

   30 C   s            -0.084966   0.012525
          p_y          -0.022742   0.002113
          p_z           0.031869   0.003628
          p_x           0.015448   0.001213

   31 C   s             0.057458   0.005835
          p_y           0.014333   0.000802
          p_z          -0.026209   0.002514
          p_x          -0.004023   0.000087

   32 H   s             0.140884   0.016202

   33 C   s             0.059058   0.005492
          p_y          -0.013345   0.000549
          p_z           0.012220   0.000508
          p_x           0.015181   0.000655

   34 H   s             0.116806   0.021874

   35 H   s             0.047264   0.001358

   36 H   s            -0.054015   0.004186

Eigenvector:  14    (up)

    1 C   s            -0.027424   0.000957
          p_y          -0.001549   0.000011
          p_z           0.062136   0.009902
          p_x          -0.055696   0.007616

    2 C   s            -0.161315   0.040578
          p_y           0.017726   0.001117
          p_z          -0.029049   0.002511
          p_x          -0.007975   0.000352

    3 C   s             0.083436   0.008940
          p_y          -0.027176   0.001963
          p_z           0.101358   0.026507
          p_x          -0.041659   0.004303

    4 C   s             0.079700   0.010634
          p_y          -0.009500   0.000341
          p_z          -0.003840   0.000021
          p_x           0.022635   0.001740

    5 C   s             0.124323   0.019854
          p_y           0.037611   0.003636
          p_z          -0.076142   0.015094
          p_x          -0.003300   0.000020

    6 H   s             0.164272   0.040249

    7 C   s            -0.202211   0.064333
          p_y          -0.020104   0.001513
          p_z           0.011627   0.000465
          p_x           0.029126   0.003276

    8 C   s             0.244278   0.090154
          p_y           0.002228   0.000036
          p_z          -0.015882   0.000743
          p_x           0.010602   0.000132

    9 C   s            -0.142084   0.024032
          p_y          -0.008287   0.000161
          p_z          -0.046259   0.005263
          p_x           0.060364   0.008845

   10 H   s            -0.146272   0.027409

   11 C   s             0.098799   0.013703
          p_y          -0.005788   0.000094
          p_z           0.044181   0.005275
          p_x          -0.029796   0.002361

   12 C   s             0.079360   0.007906
          p_y          -0.002667   0.000017
          p_z          -0.074344   0.014420
          p_x           0.075384   0.014725

   13 H   s             0.251008   0.088713

   14 H   s            -0.123201   0.029050

   15 C   s            -0.065458   0.005210
          p_y           0.063635   0.009571
          p_z          -0.107167   0.027807
          p_x          -0.025618   0.001402

   16 C   s            -0.033144   0.001387
          p_y          -0.035024   0.004000
          p_z           0.024161   0.001747
          p_x           0.047120   0.007527

   17 C   s            -0.123575   0.022944
          p_y          -0.018086   0.000910
          p_z           0.051177   0.008456
          p_x          -0.011808   0.000640

   18 H   s            -0.032744   0.002145

   19 C   s             0.130306   0.024284
          p_y          -0.013956   0.000519
          p_z           0.018937   0.000969
          p_x           0.010133   0.000267

   20 C   s            -0.085081   0.011366
          p_y           0.002358   0.000023
          p_z           0.021107   0.001242
          p_x          -0.024598   0.001847

   21 C   s            -0.023742   0.000718
          p_y          -0.003842   0.000053
          p_z           0.028739   0.002006
          p_x          -0.019448   0.000747

   22 H   s            -0.158961   0.026298

   23 C   s            -0.051699   0.004020
          p_y           0.002957   0.000001
          p_z           0.043755   0.006037
          p_x          -0.046800   0.006054

   24 H   s             0.153755   0.036301

   25 H   s            -0.036710   0.003066

   26 H   s             0.046248   0.003022

   27 C   s             0.079924   0.007694
          p_y          -0.005075   0.000059
          p_z           0.063890   0.009938
          p_x          -0.050056   0.006166

   28 C   s            -0.007499   0.000072
          p_y           0.001075   0.000005
          p_z          -0.003069   0.000027
          p_x           0.000731  -0.000000

   29 H   s             0.079040   0.009568

   30 C   s             0.143906   0.033075
          p_y           0.015698   0.000944
          p_z          -0.036499   0.004281
          p_x           0.002846  -0.000029

   31 C   s            -0.029572   0.001444
          p_y          -0.011834   0.000437
          p_z           0.005657   0.000061
          p_x           0.018286   0.001163

   32 H   s             0.009617   0.000087

   33 C   s            -0.099231   0.014764
          p_y           0.019770   0.001082
          p_z          -0.056395   0.009853
          p_x           0.013315   0.000722

   34 H   s            -0.138049   0.028954

   35 H   s            -0.045674   0.001190

   36 H   s             0.187917   0.046887

Eigenvector:  15    (up)

    1 C   s            -0.016753   0.000329
          p_y          -0.035480   0.003170
          p_z           0.045572   0.005118
          p_x           0.027733   0.002002

    2 C   s            -0.063188   0.005837
          p_y          -0.009553   0.000257
          p_z           0.011666   0.000395
          p_x           0.008035   0.000174

    3 C   s            -0.052127   0.003573
          p_y           0.006546   0.000109
          p_z           0.019396   0.000953
          p_x          -0.031437   0.002507

    4 C   s             0.109298   0.020012
          p_y          -0.026250   0.002553
          p_z          -0.030671   0.002376
          p_x           0.081505   0.021823

    5 C   s            -0.011721   0.000195
          p_y           0.015754   0.000608
          p_z          -0.035387   0.003144
          p_x           0.001900   0.000013

    6 H   s             0.022826   0.000849

    7 C   s            -0.019611   0.000564
          p_y           0.010426   0.000332
          p_z          -0.016437   0.000768
          p_x          -0.005304   0.000103

    8 C   s             0.094627   0.013736
          p_y           0.009068   0.000325
          p_z           0.014693   0.000590
          p_x          -0.032018   0.003511

    9 C   s            -0.247753   0.073211
          p_y          -0.010907   0.000290
          p_z          -0.022585   0.001179
          p_x           0.043207   0.004434

   10 H   s            -0.298012   0.111780

   11 C   s             0.050217   0.003546
          p_y           0.000998   0.000001
          p_z          -0.002349   0.000014
          p_x           0.000237   0.000001

   12 C   s             0.043282   0.002376
          p_y           0.012260   0.000392
          p_z          -0.024778   0.001594
          p_x          -0.001115   0.000004

   13 H   s            -0.005502   0.000035

   14 H   s            -0.087709   0.013951

   15 C   s            -0.006485   0.000019
          p_y           0.064674   0.009737
          p_z          -0.012584   0.000361
          p_x          -0.117198   0.032044

   16 C   s            -0.031793   0.001436
          p_y          -0.029387   0.002539
          p_z           0.071189   0.014317
          p_x          -0.008549   0.000149

   17 C   s            -0.007474   0.000083
          p_y          -0.013524   0.000507
          p_z           0.019468   0.001099
          p_x           0.008751   0.000192

   18 H   s            -0.024753   0.001168

   19 C   s             0.041758   0.002479
          p_y          -0.006965   0.000125
          p_z           0.021557   0.001264
          p_x          -0.006306   0.000120

   20 C   s             0.124486   0.024861
          p_y           0.030836   0.003289
          p_z          -0.044287   0.006058
          p_x          -0.019764   0.001655

   21 C   s             0.182989   0.039116
          p_y          -0.026868   0.001556
          p_z           0.036314   0.002852
          p_x           0.019433   0.000810

   22 H   s            -0.015821   0.000242

   23 C   s            -0.050887   0.003860
          p_y          -0.005377   0.000110
          p_z           0.019286   0.001225
          p_x          -0.007321   0.000136

   24 H   s             0.015916   0.000379

   25 H   s            -0.017172   0.000625

   26 H   s            -0.202164   0.054746

   27 C   s            -0.103711   0.013388
          p_y          -0.018451   0.000741
          p_z          -0.061062   0.008764
          p_x           0.094258   0.020280

   28 C   s             0.083750   0.010271
          p_y           0.035310   0.003802
          p_z          -0.035039   0.003635
          p_x          -0.037400   0.004374

   29 H   s             0.064977   0.006371

   30 C   s            -0.262299   0.108313
          p_y          -0.031543   0.003812
          p_z           0.049147   0.007829
          p_x           0.016938   0.001558

   31 C   s             0.081153   0.010721
          p_y           0.025168   0.002048
          p_z          -0.027131   0.002137
          p_x          -0.024744   0.002186

   32 H   s             0.126010   0.012298

   33 C   s             0.135531   0.027265
          p_y          -0.042183   0.004838
          p_z           0.088719   0.023307
          p_x           0.001153  -0.000020

   34 H   s             0.277652   0.115380

   35 H   s             0.082712   0.003824

   36 H   s            -0.255329   0.084984

Eigenvector:  16    (up)

    1 C   s             0.268400   0.087000
          p_y           0.050600   0.006229
          p_z           0.004807   0.000038
          p_x          -0.105544   0.026720

    2 C   s            -0.163328   0.042014
          p_y           0.035588   0.004476
          p_z           0.028591   0.001893
          p_x          -0.098037   0.030736

    3 C   s             0.136403   0.022859
          p_y          -0.071854   0.012539
          p_z           0.001636   0.000009
          p_x           0.142022   0.048745

    4 C   s            -0.028863   0.001812
          p_y           0.054382   0.009162
          p_z          -0.044719   0.005616
          p_x          -0.066247   0.014412

    5 C   s             0.007919   0.000074
          p_y           0.054546   0.007452
          p_z          -0.046718   0.005374
          p_x          -0.064838   0.010651

    6 H   s             0.311943   0.136634

    7 C   s            -0.100367   0.016422
          p_y          -0.044329   0.006431
          p_z           0.006940   0.000165
          p_x           0.081967   0.021905

    8 C   s            -0.195709   0.056848
          p_y          -0.015334   0.000947
          p_z          -0.014249   0.000404
          p_x           0.044157   0.006640

    9 C   s             0.042565   0.002183
          p_y           0.005407   0.000088
          p_z           0.009941   0.000236
          p_x          -0.020191   0.001111

   10 H   s             0.253148   0.077997

   11 C   s             0.025639   0.000838
          p_y           0.018871   0.000978
          p_z          -0.027367   0.001989
          p_x          -0.011941   0.000420

   12 C   s             0.120013   0.018367
          p_y          -0.015252   0.000623
          p_z          -0.013408   0.000435
          p_x           0.043074   0.004829

   13 H   s             0.272242   0.099310

   14 H   s             0.161181   0.046250

   15 C   s            -0.048215   0.002650
          p_y          -0.042693   0.004204
          p_z           0.070175   0.011288
          p_x           0.018854   0.000838

   16 C   s             0.030481   0.001345
          p_y           0.008077   0.000196
          p_z          -0.003052   0.000027
          p_x          -0.013257   0.000535

   17 C   s             0.032409   0.001540
          p_y          -0.015052   0.000603
          p_z           0.018218   0.000866
          p_x           0.012956   0.000458

   18 H   s             0.015450   0.000378

   19 C   s             0.022464   0.000635
          p_y          -0.019791   0.001087
          p_z           0.035001   0.003279
          p_x           0.006685   0.000145

   20 C   s             0.094222   0.013739
          p_y          -0.000558  -0.000002
          p_z           0.011949   0.000384
          p_x          -0.010201   0.000381

   21 C   s            -0.015569   0.000267
          p_y           0.004524   0.000051
          p_z          -0.029697   0.001999
          p_x           0.018948   0.000773

   22 H   s             0.013045   0.000135

   23 C   s            -0.071804   0.007559
          p_y          -0.016750   0.000913
          p_z           0.028511   0.002636
          p_x           0.006704   0.000148

   24 H   s            -0.022594   0.000760

   25 H   s             0.012160   0.000257

   26 H   s            -0.108124   0.015473

   27 C   s            -0.017421   0.000339
          p_y           0.021513   0.001064
          p_z          -0.060446   0.008473
          p_x           0.013997   0.000467

   28 C   s            -0.019419   0.000578
          p_y          -0.007605   0.000177
          p_z           0.005492   0.000085
          p_x           0.009999   0.000319

   29 H   s             0.104336   0.016040

   30 C   s            -0.094307   0.013715
          p_y          -0.005260   0.000113
          p_z           0.012839   0.000526
          p_x          -0.001484  -0.000007

   31 C   s             0.001112   0.000002
          p_y           0.003771   0.000038
          p_z           0.005276   0.000116
          p_x          -0.012447   0.000503

   32 H   s            -0.024489   0.000454

   33 C   s             0.046582   0.003216
          p_y          -0.012820   0.000434
          p_z           0.043642   0.005556
          p_x          -0.015240   0.000785

   34 H   s             0.086428   0.010958

   35 H   s             0.015852   0.000138

   36 H   s            -0.126783   0.020497

Eigenvector:  17    (up)

    1 C   s            -0.077088   0.007241
          p_y           0.029054   0.001847
          p_z           0.013178   0.000369
          p_x          -0.070479   0.010809

    2 C   s            -0.069650   0.006901
          p_y           0.025667   0.001808
          p_z          -0.068319   0.012149
          p_x           0.013235   0.000361

    3 C   s             0.161974   0.031560
          p_y           0.024517   0.001398
          p_z          -0.029177   0.001906
          p_x          -0.021321   0.001109

    4 C   s             0.021722   0.000606
          p_y          -0.011864   0.000377
          p_z           0.047471   0.005875
          p_x          -0.021263   0.001141

    5 C   s             0.141436   0.024340
          p_y          -0.032903   0.002431
          p_z          -0.044524   0.004426
          p_x           0.107530   0.025902

    6 H   s             0.085154   0.009683

    7 C   s             0.040852   0.002446
          p_y          -0.016278   0.000589
          p_z           0.089357   0.020116
          p_x          -0.051898   0.007289

    8 C   s            -0.068557   0.006423
          p_y           0.022777   0.001229
          p_z          -0.077709   0.015128
          p_x           0.028127   0.002156

    9 C   s             0.102362   0.012031
          p_y          -0.029944   0.001828
          p_z           0.016891   0.000624
          p_x           0.043831   0.003813

   10 H   s            -0.007377   0.000077

   11 C   s             0.174970   0.039686
          p_y          -0.042146   0.004703
          p_z           0.110744   0.030341
          p_x          -0.019629   0.000666

   12 C   s            -0.221599   0.059363
          p_y          -0.030987   0.002145
          p_z           0.024484   0.001304
          p_x           0.038721   0.003403

   13 H   s            -0.084425   0.008995

   14 H   s             0.037662   0.002461

   15 C   s            -0.144518   0.023907
          p_y          -0.035823   0.002738
          p_z           0.048597   0.005072
          p_x           0.025563   0.001377

   16 C   s             0.020992   0.000544
          p_y           0.026545   0.001964
          p_z          -0.038063   0.003861
          p_x          -0.017053   0.000885

   17 C   s            -0.213827   0.065005
          p_y           0.005969   0.000108
          p_z           0.070182   0.014491
          p_x          -0.077457   0.017746

   18 H   s            -0.116216   0.023312

   19 C   s            -0.047753   0.002795
          p_y           0.035167   0.003037
          p_z          -0.108878   0.029437
          p_x           0.031924   0.002592

   20 C   s             0.053494   0.004311
          p_y          -0.008219   0.000145
          p_z           0.044541   0.005091
          p_x          -0.025686   0.001867

   21 C   s            -0.031139   0.001100
          p_y           0.023495   0.001146
          p_z          -0.035896   0.002715
          p_x          -0.013108   0.000343

   22 H   s             0.087459   0.007341

   23 C   s             0.171394   0.041561
          p_y           0.054375   0.008439
          p_z          -0.047843   0.007138
          p_x          -0.063561   0.010782

   24 H   s             0.347435   0.166923

   25 H   s             0.014052   0.000380

   26 H   s            -0.084205   0.008755

   27 C   s             0.051760   0.003087
          p_y           0.019287   0.000808
          p_z          -0.050285   0.005496
          p_x           0.008833   0.000171

   28 C   s            -0.034655   0.001726
          p_y          -0.014575   0.000590
          p_z           0.013272   0.000478
          p_x           0.016551   0.000774

   29 H   s            -0.266741   0.098429

   30 C   s            -0.076380   0.008693
          p_y          -0.003344   0.000050
          p_z          -0.004268   0.000031
          p_x           0.010743   0.000394

   31 C   s            -0.013809   0.000277
          p_y          -0.000490   0.000002
          p_z           0.010941   0.000397
          p_x          -0.009258   0.000254

   32 H   s            -0.052186   0.001978

   33 C   s             0.019289   0.000565
          p_y          -0.011212   0.000314
          p_z           0.041421   0.004600
          p_x          -0.016354   0.000784

   34 H   s             0.089287   0.010936

   35 H   s             0.004007   0.000008

   36 H   s            -0.104937   0.013202

Eigenvector:  18    (up)

    1 C   s             0.129845   0.018974
          p_y          -0.015794   0.000588
          p_z           0.019749   0.000917
          p_x           0.012886   0.000393

    2 C   s             0.021740   0.000825
          p_y          -0.058461   0.009403
          p_z           0.079956   0.015911
          p_x           0.041142   0.005472

    3 C   s            -0.008266   0.000115
          p_y          -0.022267   0.001023
          p_z           0.025867   0.001544
          p_x           0.020027   0.000708

    4 C   s            -0.028752   0.001387
          p_y           0.037990   0.004010
          p_z          -0.049320   0.006247
          p_x          -0.029167   0.002650

    5 C   s            -0.241288   0.068893
          p_y          -0.035508   0.002824
          p_z          -0.057227   0.007465
          p_x           0.124577   0.035032

    6 H   s            -0.153869   0.031034

    7 C   s            -0.014815   0.000157
          p_y           0.039508   0.004573
          p_z          -0.009926   0.000354
          p_x          -0.069561   0.013740

    8 C   s            -0.044457   0.002709
          p_y          -0.005191   0.000094
          p_z          -0.001970   0.000004
          p_x           0.012238   0.000469

    9 C   s             0.004039   0.000017
          p_y           0.011756   0.000311
          p_z           0.009121   0.000168
          p_x          -0.032113   0.002255

   10 H   s             0.156104   0.028108

   11 C   s             0.238953   0.076121
          p_y          -0.026819   0.002200
          p_z          -0.024527   0.001135
          p_x           0.076612   0.015881

   12 C   s            -0.118183   0.016348
          p_y           0.112296   0.028353
          p_z          -0.126289   0.035947
          p_x          -0.105258   0.024841

   13 H   s            -0.144179   0.025778

   14 H   s             0.036730   0.002309

   15 C   s             0.009480   0.000112
          p_y          -0.016334   0.000571
          p_z           0.017244   0.000624
          p_x           0.016296   0.000579

   16 C   s             0.018657   0.000480
          p_y           0.000909   0.000002
          p_z           0.005286   0.000075
          p_x          -0.006825   0.000128

   17 C   s            -0.051343   0.003871
          p_y          -0.065550   0.010776
          p_z           0.098440   0.025190
          p_x           0.038676   0.003426

   18 H   s            -0.213726   0.077307

   19 C   s             0.310238   0.128242
          p_y           0.022950   0.001618
          p_z           0.010459   0.000292
          p_x          -0.055424   0.009221

   20 C   s             0.004108   0.000020
          p_y          -0.006175   0.000113
          p_z           0.004697   0.000062
          p_x           0.007886   0.000189

   21 C   s            -0.009953   0.000103
          p_y           0.004811   0.000046
          p_z          -0.022260   0.001009
          p_x           0.011351   0.000265

   22 H   s            -0.010765   0.000123

   23 C   s            -0.114314   0.018905
          p_y          -0.005053   0.000133
          p_z           0.104886   0.029962
          p_x          -0.087932   0.018853

   24 H   s             0.112991   0.017341

   25 H   s            -0.200489   0.075666

   26 H   s             0.018304   0.000400

   27 C   s             0.000933   0.000001
          p_y           0.006215   0.000081
          p_z          -0.010915   0.000263
          p_x          -0.002123   0.000007

   28 C   s            -0.024763   0.000860
          p_y          -0.007216   0.000144
          p_z           0.001820   0.000008
          p_x           0.012657   0.000450

   29 H   s             0.230403   0.072332

   30 C   s             0.005220   0.000041
          p_y           0.003852   0.000047
          p_z          -0.000481   0.000001
          p_x          -0.007233   0.000166

   31 C   s            -0.021137   0.000669
          p_y          -0.004085   0.000049
          p_z           0.010370   0.000309
          p_x          -0.001560   0.000006

   32 H   s            -0.021695   0.000330

   33 C   s            -0.004025   0.000018
          p_y           0.003779   0.000035
          p_z           0.003963   0.000046
          p_x          -0.011236   0.000330

   34 H   s            -0.017576   0.000420

   35 H   s            -0.012348   0.000077

   36 H   s            -0.016373   0.000320

Eigenvector:  19    (up)

    1 C   s            -0.083683   0.007739
          p_y           0.005964   0.000053
          p_z          -0.016477   0.000523
          p_x           0.003688   0.000046

    2 C   s             0.025074   0.000959
          p_y          -0.010941   0.000338
          p_z          -0.006852   0.000093
          p_x           0.028333   0.002111

    3 C   s             0.063842   0.004606
          p_y           0.015793   0.000521
          p_z           0.025992   0.001372
          p_x          -0.056153   0.006504

    4 C   s            -0.024728   0.000587
          p_y          -0.029104   0.002217
          p_z           0.018480   0.000877
          p_x           0.040633   0.004355

    5 C   s            -0.008805   0.000085
          p_y           0.003970   0.000030
          p_z           0.014387   0.000420
          p_x          -0.021439   0.000913

    6 H   s            -0.084453   0.008779

    7 C   s            -0.039782   0.002278
          p_y          -0.016828   0.000748
          p_z           0.017838   0.000796
          p_x           0.016726   0.000780

    8 C   s             0.096036   0.011950
          p_y           0.019654   0.001047
          p_z          -0.049596   0.005911
          p_x           0.007724   0.000050

    9 C   s            -0.028762   0.000718
          p_y          -0.022024   0.000993
          p_z           0.041765   0.003586
          p_x           0.004460   0.000039

   10 H   s            -0.106846   0.012339

   11 C   s            -0.060387   0.004503
          p_y           0.010611   0.000295
          p_z          -0.017787   0.000754
          p_x          -0.004544   0.000072

   12 C   s             0.036126   0.001451
          p_y           0.005818   0.000064
          p_z          -0.025164   0.001322
          p_x           0.012103   0.000331

   13 H   s             0.098878   0.011626

   14 H   s            -0.062379   0.006440

   15 C   s            -0.060326   0.003995
          p_y          -0.005713   0.000108
          p_z           0.004363   0.000064
          p_x           0.007329   0.000175

   16 C   s             0.004139   0.000051
          p_y           0.014240   0.000614
          p_z          -0.030085   0.002367
          p_x          -0.000117   0.000001

   17 C   s             0.041545   0.002392
          p_y           0.002362   0.000010
          p_z          -0.022896   0.001346
          p_x           0.016675   0.000772

   18 H   s             0.045911   0.003430

   19 C   s             0.043488   0.002310
          p_y          -0.008581   0.000164
          p_z           0.020985   0.001020
          p_x          -0.002526   0.000018

   20 C   s             0.001605  -0.000028
          p_y          -0.088708   0.020721
          p_z           0.109184   0.028951
          p_x           0.073945   0.015955

   21 C   s            -0.114396   0.014007
          p_y           0.123547   0.028483
          p_z          -0.160897   0.050334
          p_x          -0.095383   0.015849

   22 H   s            -0.020529   0.000262

   23 C   s            -0.035915   0.001795
          p_y          -0.016200   0.000705
          p_z           0.026330   0.001838
          p_x           0.007651   0.000164

   24 H   s            -0.086779   0.009758

   25 H   s            -0.015087   0.000419

   26 H   s             0.294024   0.098801

   27 C   s             0.304037   0.098627
          p_y           0.021170   0.000850
          p_z          -0.086101   0.015286
          p_x           0.038646   0.003350

   28 C   s            -0.245688   0.081358
          p_y          -0.075002   0.014323
          p_z           0.036384   0.003305
          p_x           0.115040   0.033888

   29 H   s             0.086384   0.009680

   30 C   s            -0.088796   0.012207
          p_y          -0.001146   0.000013
          p_z          -0.045039   0.004396
          p_x           0.044665   0.005130

   31 C   s            -0.187213   0.049536
          p_y          -0.031578   0.002773
          p_z           0.096764   0.025617
          p_x          -0.027593   0.002006

   32 H   s            -0.249136   0.041600

   33 C   s            -0.020465   0.000299
          p_y           0.004677   0.000036
          p_z           0.096046   0.023763
          p_x          -0.099010   0.024398

   34 H   s             0.175800   0.038738

   35 H   s            -0.088024   0.003799

   36 H   s            -0.277188   0.086950

Eigenvector:  20    (up)

    1 C   s            -0.081125   0.007314
          p_y           0.010632   0.000213
          p_z          -0.013942   0.000394
          p_x          -0.008037   0.000106

    2 C   s             0.024787   0.000903
          p_y          -0.008494   0.000206
          p_z          -0.014277   0.000444
          p_x           0.030458   0.002370

    3 C   s             0.081732   0.007478
          p_y           0.021156   0.000941
          p_z           0.010925   0.000231
          p_x          -0.052589   0.005721

    4 C   s             0.002022   0.000003
          p_y          -0.021081   0.001141
          p_z           0.045708   0.004901
          p_x          -0.001191  -0.000008

    5 C   s            -0.002364   0.000004
          p_y          -0.001465   0.000005
          p_z           0.014495   0.000409
          p_x          -0.010708   0.000210

    6 H   s            -0.082048   0.008153

    7 C   s            -0.036038   0.001832
          p_y          -0.022019   0.001218
          p_z           0.033311   0.002625
          p_x           0.012473   0.000448

    8 C   s             0.061598   0.005346
          p_y           0.043969   0.004772
          p_z          -0.077583   0.013801
          p_x          -0.014317   0.000691

    9 C   s             0.108923   0.012372
          p_y          -0.069234   0.008708
          p_z           0.083236   0.013159
          p_x           0.059539   0.006052

   10 H   s            -0.021991   0.000620

   11 C   s            -0.048988   0.002896
          p_y           0.007944   0.000163
          p_z          -0.011322   0.000300
          p_x          -0.005284   0.000086

   12 C   s             0.011235   0.000129
          p_y           0.005554   0.000055
          p_z          -0.027588   0.001534
          p_x           0.014901   0.000486

   13 H   s             0.098193   0.011232

   14 H   s            -0.105416   0.016585

   15 C   s            -0.199163   0.041830
          p_y          -0.000059  -0.000000
          p_z          -0.008106   0.000105
          p_x           0.007790   0.000040

   16 C   s             0.166035   0.032327
          p_y           0.069906   0.012223
          p_z           0.011290   0.000213
          p_x          -0.150268   0.055152

   17 C   s             0.029906   0.001224
          p_y           0.001941   0.000006
          p_z          -0.018501   0.000839
          p_x           0.013407   0.000482

   18 H   s             0.038658   0.002364

   19 C   s             0.052304   0.003316
          p_y          -0.004398   0.000039
          p_z           0.011027   0.000276
          p_x          -0.001518   0.000009

   20 C   s            -0.025119   0.000136
          p_y           0.058296   0.008822
          p_z          -0.013063   0.000452
          p_x          -0.104086   0.028051

   21 C   s             0.200759   0.040577
          p_y          -0.032163   0.001727
          p_z          -0.098217   0.018309
          p_x           0.156585   0.044240

   22 H   s             0.366880   0.117816

   23 C   s            -0.027281   0.001043
          p_y          -0.014329   0.000539
          p_z           0.029955   0.002260
          p_x           0.000543   0.000002

   24 H   s            -0.069323   0.006054

   25 H   s            -0.022873   0.000925

   26 H   s            -0.291866   0.094063

   27 C   s            -0.209425   0.046478
          p_y           0.003082   0.000056
          p_z          -0.026305   0.001631
          p_x           0.018457   0.000402

   28 C   s            -0.045581   0.003094
          p_y           0.000553  -0.000005
          p_z          -0.063247   0.009480
          p_x           0.058189   0.009320

   29 H   s             0.083430   0.008784

   30 C   s             0.022378   0.001140
          p_y           0.055916   0.008770
          p_z           0.015998   0.000543
          p_x          -0.126682   0.043714

   31 C   s            -0.150266   0.032151
          p_y          -0.036505   0.003381
          p_z           0.062659   0.010176
          p_x           0.014161   0.000463

   32 H   s            -0.019513   0.000349

   33 C   s            -0.076198   0.006482
          p_y           0.034985   0.002891
          p_z           0.034264   0.002961
          p_x          -0.101809   0.025001

   34 H   s            -0.289597   0.103542

   35 H   s            -0.092568   0.003977

   36 H   s            -0.109580   0.013512

Eigenvector:  21    (up)

    1 C   s             0.161855   0.028534
          p_y          -0.035865   0.002502
          p_z           0.026250   0.001307
          p_x           0.046802   0.004317

    2 C   s            -0.060745   0.005273
          p_y           0.015147   0.000677
          p_z           0.043506   0.004159
          p_x          -0.071360   0.012814

    3 C   s            -0.147540   0.024353
          p_y          -0.026992   0.001450
          p_z          -0.017330   0.000607
          p_x           0.070312   0.009877

    4 C   s             0.011435   0.000230
          p_y           0.018561   0.000691
          p_z          -0.119569   0.032312
          p_x           0.076216   0.013848

    5 C   s             0.010939   0.000112
          p_y           0.019121   0.000772
          p_z          -0.039933   0.003147
          p_x          -0.000575   0.000004

    6 H   s             0.183428   0.040573

    7 C   s             0.041579   0.002489
          p_y           0.034267   0.002872
          p_z          -0.054487   0.006867
          p_x          -0.016910   0.000816

    8 C   s            -0.046565   0.002975
          p_y          -0.040634   0.003864
          p_z           0.109805   0.027258
          p_x          -0.022870   0.001034

    9 C   s            -0.231661   0.056237
          p_y           0.059135   0.006514
          p_z          -0.002756   0.000007
          p_x          -0.115486   0.025123

   10 H   s            -0.110918   0.013045

   11 C   s             0.079865   0.007524
          p_y          -0.005631   0.000087
          p_z           0.013514   0.000420
          p_x          -0.001337  -0.000003

   12 C   s             0.004618   0.000033
          p_y          -0.016429   0.000509
          p_z           0.042722   0.003598
          p_x          -0.007440   0.000130

   13 H   s            -0.139278   0.022203

   14 H   s             0.058915   0.005132

   15 C   s             0.231526   0.057506
          p_y           0.025572   0.001147
          p_z           0.015263   0.000500
          p_x          -0.065541   0.007904

   16 C   s             0.008324   0.000110
          p_y          -0.031603   0.002186
          p_z           0.124216   0.035256
          p_x          -0.054308   0.007069

   17 C   s            -0.043369   0.002595
          p_y          -0.002797   0.000011
          p_z           0.036759   0.003262
          p_x          -0.028755   0.002160

   18 H   s            -0.049191   0.003800

   19 C   s            -0.100433   0.012233
          p_y          -0.000573   0.000003
          p_z          -0.011525   0.000299
          p_x           0.011853   0.000404

   20 C   s            -0.008223   0.000177
          p_y          -0.016650   0.000867
          p_z          -0.069661   0.010964
          p_x           0.099003   0.025002

   21 C   s             0.138354   0.019534
          p_y          -0.005003   0.000053
          p_z          -0.079828   0.011946
          p_x           0.084897   0.013715

   22 H   s            -0.005853   0.000017

   23 C   s             0.045273   0.002856
          p_y           0.020021   0.001048
          p_z          -0.048959   0.005890
          p_x           0.005876   0.000048

   24 H   s             0.125406   0.019569

   25 H   s             0.057881   0.005801

   26 H   s             0.202073   0.045537

   27 C   s            -0.087515   0.008488
          p_y          -0.013294   0.000294
          p_z          -0.025248   0.001400
          p_x           0.050170   0.004821

   28 C   s            -0.104883   0.014814
          p_y          -0.010957   0.000370
          p_z          -0.061033   0.008848
          p_x           0.078986   0.016038

   29 H   s            -0.136233   0.023111

   30 C   s             0.050526   0.003980
          p_y           0.042571   0.005114
          p_z           0.013684   0.000441
          p_x          -0.097896   0.026452

   31 C   s            -0.192945   0.052014
          p_y          -0.042462   0.004480
          p_z           0.083151   0.017323
          p_x           0.006863   0.000106

   32 H   s            -0.053179   0.001886

   33 C   s            -0.077021   0.006596
          p_y           0.046159   0.004798
          p_z           0.022758   0.001433
          p_x          -0.113300   0.030150

   34 H   s            -0.238672   0.070845

   35 H   s            -0.118752   0.006499

   36 H   s            -0.111968   0.013938

Eigenvector:  22    (up)

    1 C   s             0.159166   0.025792
          p_y          -0.085434   0.012880
          p_z           0.114000   0.024480
          p_x           0.062620   0.006115

    2 C   s             0.015686   0.000039
          p_y           0.021860   0.001032
          p_z           0.004783   0.000055
          p_x          -0.048206   0.005070

    3 C   s            -0.254931   0.067502
          p_y          -0.043238   0.003339
          p_z           0.114005   0.025196
          p_x          -0.021600   0.001188

    4 C   s             0.129578   0.017430
          p_y           0.100968   0.023660
          p_z          -0.050469   0.005784
          p_x          -0.153898   0.055336

    5 C   s             0.106618   0.011523
          p_y           0.009840   0.000227
          p_z          -0.016450   0.000631
          p_x          -0.004133   0.000041

    6 H   s             0.132628   0.019046

    7 C   s            -0.074985   0.005109
          p_y           0.106496   0.026031
          p_z          -0.096164   0.019996
          p_x          -0.121818   0.035532

    8 C   s             0.108011   0.016438
          p_y           0.028671   0.002002
          p_z           0.016048   0.000499
          p_x          -0.072495   0.012249

    9 C   s             0.075776   0.005642
          p_y          -0.003790  -0.000008
          p_z          -0.104606   0.020289
          p_x           0.106627   0.019129

   10 H   s             0.376109   0.139608

   11 C   s            -0.038584   0.001998
          p_y           0.023509   0.001310
          p_z           0.021357   0.000825
          p_x          -0.066989   0.009882

   12 C   s            -0.010547   0.000105
          p_y          -0.005172   0.000009
          p_z          -0.036748   0.002790
          p_x           0.045030   0.003386

   13 H   s            -0.325249   0.113848

   14 H   s            -0.204387   0.057576

   15 C   s            -0.155657   0.023977
          p_y           0.037487   0.002767
          p_z          -0.116276   0.025465
          p_x           0.035211   0.002110

   16 C   s            -0.008142   0.000117
          p_y          -0.009375   0.000239
          p_z           0.000922   0.000002
          p_x           0.017841   0.000869

   17 C   s             0.018110   0.000393
          p_y           0.018122   0.000725
          p_z          -0.011587   0.000284
          p_x          -0.025337   0.001444

   18 H   s             0.105838   0.016167

   19 C   s            -0.058332   0.003880
          p_y          -0.014664   0.000531
          p_z           0.018659   0.000751
          p_x           0.011703   0.000402

   20 C   s            -0.060411   0.003988
          p_y           0.018343   0.000930
          p_z           0.058948   0.007126
          p_x          -0.092278   0.019875

   21 C   s             0.019229   0.000267
          p_y           0.017337   0.000451
          p_z          -0.001956  -0.000001
          p_x          -0.032963   0.001739

   22 H   s            -0.023539   0.000545

   23 C   s             0.008279   0.000100
          p_y          -0.011812   0.000303
          p_z          -0.011391   0.000248
          p_x           0.034150   0.002438

   24 H   s            -0.005613   0.000033

   25 H   s             0.040217   0.002826

   26 H   s            -0.125673   0.016407

   27 C   s             0.092747   0.008393
          p_y          -0.009221   0.000117
          p_z           0.030335   0.001652
          p_x          -0.010364   0.000272

   28 C   s            -0.049504   0.003100
          p_y          -0.006898   0.000115
          p_z          -0.017600   0.000673
          p_x           0.030150   0.002079

   29 H   s            -0.010856   0.000138

   30 C   s            -0.032337   0.001456
          p_y           0.001084  -0.000003
          p_z          -0.037505   0.002910
          p_x           0.033055   0.002606

   31 C   s            -0.072269   0.006794
          p_y          -0.013611   0.000426
          p_z           0.033502   0.002668
          p_x          -0.004199   0.000051

   32 H   s            -0.038851   0.000921

   33 C   s            -0.030693   0.000932
          p_y          -0.000532   0.000001
          p_z           0.042387   0.004008
          p_x          -0.038502   0.003244

   34 H   s             0.080307   0.007602

   35 H   s            -0.035858   0.000573

   36 H   s            -0.104519   0.011263

Eigenvector:  23    (up)

    1 C   s            -0.036014   0.001157
          p_y          -0.013174   0.000288
          p_z           0.057679   0.005921
          p_x          -0.028302   0.001513

    2 C   s            -0.035750   0.001084
          p_y          -0.027627   0.001695
          p_z          -0.001454   0.000002
          p_x           0.056578   0.006994

    3 C   s            -0.044019   0.001978
          p_y          -0.017674   0.000694
          p_z           0.020116   0.000828
          p_x           0.016203   0.000638

    4 C   s             0.053654   0.003168
          p_y           0.025868   0.001594
          p_z           0.018532   0.000631
          p_x          -0.069247   0.010758

    5 C   s            -0.111587   0.013223
          p_y          -0.006980   0.000172
          p_z           0.036594   0.002930
          p_x          -0.020211   0.000515

    6 H   s            -0.112030   0.013491

    7 C   s             0.051444   0.002342
          p_y          -0.021523   0.001183
          p_z          -0.104509   0.021715
          p_x           0.141754   0.043396

    8 C   s             0.045734   0.002494
          p_y          -0.017652   0.000667
          p_z           0.034493   0.002465
          p_x           0.002574   0.000020

    9 C   s             0.023994   0.000560
          p_y           0.017616   0.000580
          p_z          -0.095401   0.016107
          p_x           0.055118   0.005181

   10 H   s             0.109351   0.011649

   11 C   s             0.057800   0.004699
          p_y          -0.105076   0.023830
          p_z           0.027435   0.001532
          p_x           0.184144   0.073764

   12 C   s             0.202256   0.041081
          p_y           0.019627   0.000691
          p_z           0.093044   0.016399
          p_x          -0.126536   0.029829

   13 H   s             0.221670   0.051152

   14 H   s            -0.011040   0.000182

   15 C   s            -0.036736   0.001302
          p_y           0.029146   0.001546
          p_z          -0.092995   0.015518
          p_x           0.029810   0.001550

   16 C   s            -0.042550   0.002200
          p_y          -0.021344   0.001033
          p_z           0.019486   0.000791
          p_x           0.024210   0.001411

   17 C   s            -0.126994   0.017009
          p_y          -0.030029   0.001845
          p_z          -0.076553   0.013394
          p_x           0.131476   0.037619

   18 H   s            -0.298412   0.124336

   19 C   s            -0.062978   0.004552
          p_y           0.016220   0.000758
          p_z           0.069068   0.008468
          p_x          -0.097131   0.020225

   20 C   s            -0.042764   0.002036
          p_y           0.017535   0.000767
          p_z           0.022875   0.000999
          p_x          -0.056608   0.007279

   21 C   s             0.041405   0.001482
          p_y          -0.003713   0.000036
          p_z           0.034152   0.002047
          p_x          -0.024968   0.000935

   22 H   s            -0.037956   0.001191

   23 C   s            -0.080387   0.005952
          p_y           0.107400   0.025449
          p_z          -0.188176   0.078577
          p_x          -0.038093   0.003116

   24 H   s            -0.127577   0.018982

   25 H   s            -0.024168   0.001083

   26 H   s            -0.079284   0.006348

   27 C   s             0.045029   0.001845
          p_y          -0.014409   0.000316
          p_z           0.033603   0.001983
          p_x          -0.003085   0.000037

   28 C   s            -0.016012   0.000330
          p_y           0.006344   0.000077
          p_z          -0.034978   0.002573
          p_x           0.020084   0.000899

   29 H   s            -0.339028   0.130516

   30 C   s            -0.018901   0.000441
          p_y           0.008933   0.000155
          p_z          -0.030376   0.001833
          p_x           0.010656   0.000234

   31 C   s            -0.072642   0.006679
          p_y          -0.016597   0.000590
          p_z           0.029154   0.001883
          p_x           0.005825   0.000061

   32 H   s            -0.006444   0.000023

   33 C   s            -0.044271   0.001960
          p_y           0.005708   0.000064
          p_z           0.036628   0.002856
          p_x          -0.045572   0.004337

   34 H   s             0.021273   0.000517

   35 H   s            -0.038761   0.000636

   36 H   s            -0.092496   0.008525

Eigenvector:  24    (up)

    1 C   s            -0.092882   0.008151
          p_y          -0.025231   0.001270
          p_z           0.111012   0.022328
          p_x          -0.054696   0.004916

    2 C   s            -0.075095   0.004660
          p_y          -0.113034   0.028114
          p_z           0.055364   0.006544
          p_x           0.173317   0.066683

    3 C   s             0.076444   0.005842
          p_y           0.005654   0.000016
          p_z           0.022089   0.001101
          p_x          -0.032250   0.001701

    4 C   s             0.038042   0.001725
          p_y           0.029841   0.002139
          p_z          -0.003219   0.000042
          p_x          -0.056585   0.007412

    5 C   s            -0.126385   0.015751
          p_y           0.069493   0.008546
          p_z          -0.123917   0.028292
          p_x          -0.022071   0.000674

    6 H   s            -0.386129   0.160912

    7 C   s             0.054592   0.002697
          p_y          -0.020119   0.000830
          p_z          -0.005134   0.000047
          p_x           0.044969   0.004093

    8 C   s            -0.034895   0.001762
          p_y          -0.047043   0.005131
          p_z          -0.004144   0.000019
          p_x           0.097888   0.021746

    9 C   s            -0.014171   0.000180
          p_y           0.068922   0.008125
          p_z          -0.131517   0.029920
          p_x          -0.013192   0.000266

   10 H   s             0.078609   0.006361

   11 C   s             0.015179   0.000228
          p_y           0.058637   0.007192
          p_z          -0.052784   0.005111
          p_x          -0.067445   0.010373

   12 C   s             0.126973   0.016459
          p_y           0.006961   0.000075
          p_z          -0.012075   0.000388
          p_x          -0.002715  -0.000023

   13 H   s             0.088065   0.007585

   14 H   s             0.175725   0.041088

   15 C   s             0.025433   0.000616
          p_y          -0.011742   0.000243
          p_z          -0.046943   0.004057
          p_x           0.067865   0.008351

   16 C   s            -0.088304   0.008934
          p_y          -0.047443   0.004846
          p_z           0.058041   0.006992
          p_x           0.039915   0.003600

   17 C   s             0.074495   0.005322
          p_y           0.023934   0.001166
          p_z           0.096059   0.020384
          p_x          -0.137443   0.040588

   18 H   s             0.078786   0.009208

   19 C   s            -0.110730   0.015080
          p_y          -0.087608   0.016810
          p_z           0.054110   0.006178
          p_x           0.123599   0.033964

   20 C   s            -0.006951   0.000062
          p_y           0.006304   0.000106
          p_z           0.020485   0.000858
          p_x          -0.031955   0.002335

   21 C   s             0.054387   0.002656
          p_y          -0.031989   0.001796
          p_z           0.075064   0.009418
          p_x          -0.007052   0.000045

   22 H   s            -0.097354   0.007545

   23 C   s             0.094127   0.009516
          p_y          -0.068485   0.009912
          p_z           0.051929   0.006218
          p_x           0.087806   0.015473

   24 H   s             0.243130   0.066144

   25 H   s             0.230908   0.080731

   26 H   s            -0.054602   0.003001

   27 C   s             0.015741   0.000197
          p_y           0.000115   0.000000
          p_z           0.005743   0.000065
          p_x          -0.005832   0.000097

   28 C   s             0.025686   0.000746
          p_y           0.021219   0.000905
          p_z          -0.051606   0.005529
          p_x           0.006091   0.000094

   29 H   s             0.055326   0.003595

   30 C   s            -0.028965   0.000890
          p_y           0.023256   0.001186
          p_z          -0.031103   0.001941
          p_x          -0.017275   0.000749

   31 C   s            -0.064406   0.005209
          p_y          -0.018681   0.000727
          p_z           0.021506   0.000998
          p_x           0.017144   0.000587

   32 H   s             0.034274   0.000711

   33 C   s            -0.061831   0.003827
          p_y           0.004512   0.000044
          p_z           0.047927   0.004731
          p_x          -0.053765   0.006004

   34 H   s            -0.034029   0.001282

   35 H   s            -0.035306   0.000514

   36 H   s            -0.104496   0.010750

Eigenvector:  25    (up)

    1 C   s             0.128246   0.016109
          p_y          -0.035181   0.002193
          p_z          -0.046517   0.003942
          p_x           0.114345   0.023414

    2 C   s            -0.011561   0.000106
          p_y          -0.057697   0.006676
          p_z           0.163328   0.052928
          p_x          -0.039059   0.002931

    3 C   s            -0.104954   0.011511
          p_y           0.012701   0.000345
          p_z          -0.039510   0.003051
          p_x           0.012019   0.000227

    4 C   s            -0.040585   0.002112
          p_y           0.005943   0.000035
          p_z          -0.050912   0.005075
          p_x           0.036382   0.003009

    5 C   s            -0.196730   0.039075
          p_y           0.069789   0.008758
          p_z          -0.069730   0.008598
          p_x          -0.073698   0.009909

    6 H   s            -0.040999   0.001775

    7 C   s             0.033743   0.001078
          p_y          -0.012232   0.000383
          p_z          -0.059936   0.006904
          p_x           0.081032   0.013882

    8 C   s             0.075002   0.007576
          p_y           0.069692   0.011214
          p_z          -0.004715   0.000069
          p_x          -0.134745   0.041449

    9 C   s             0.045242   0.001877
          p_y          -0.093297   0.014464
          p_z           0.179792   0.054906
          p_x           0.016201   0.000335

   10 H   s             0.051004   0.002248

   11 C   s             0.099668   0.011338
          p_y           0.019621   0.000652
          p_z          -0.092790   0.015669
          p_x           0.048098   0.004448

   12 C   s             0.160675   0.026672
          p_y           0.006670   0.000057
          p_z           0.032536   0.001813
          p_x          -0.044059   0.003067

   13 H   s             0.118183   0.014339

   14 H   s            -0.264086   0.093022

   15 C   s            -0.078009   0.005797
          p_y           0.015169   0.000408
          p_z           0.038181   0.002796
          p_x          -0.066403   0.008165

   16 C   s             0.144767   0.023679
          p_y           0.070425   0.010533
          p_z          -0.083317   0.014232
          p_x          -0.061941   0.008506

   17 C   s             0.022202   0.000284
          p_y          -0.017493   0.000576
          p_z           0.114315   0.027380
          p_x          -0.071846   0.011346

   18 H   s            -0.104738   0.014575

   19 C   s            -0.111443   0.014871
          p_y          -0.061292   0.008054
          p_z           0.055271   0.006080
          p_x           0.070081   0.011087

   20 C   s            -0.009632   0.000066
          p_y          -0.001419   0.000008
          p_z          -0.009579   0.000196
          p_x           0.011927   0.000361

   21 C   s            -0.085258   0.006561
          p_y           0.051515   0.004576
          p_z          -0.123844   0.025304
          p_x           0.014116   0.000220

   22 H   s             0.137244   0.014735

   23 C   s             0.054607   0.003433
          p_y          -0.014622   0.000420
          p_z          -0.017336   0.000550
          p_x           0.045283   0.003931

   24 H   s             0.250647   0.069284

   25 H   s             0.177931   0.047217

   26 H   s             0.025063   0.000639

   27 C   s            -0.007190   0.000020
          p_y           0.000987  -0.000002
          p_z           0.002850   0.000008
          p_x          -0.004368  -0.000005

   28 C   s            -0.053469   0.003254
          p_y          -0.035788   0.002566
          p_z           0.079467   0.013005
          p_x          -0.003186   0.000034

   29 H   s            -0.082272   0.007265

   30 C   s             0.042640   0.001826
          p_y          -0.040076   0.003563
          p_z           0.040082   0.003203
          p_x           0.042466   0.004360

   31 C   s             0.092915   0.010808
          p_y           0.029278   0.001776
          p_z          -0.028379   0.001715
          p_x          -0.031846   0.002053

   32 H   s            -0.061377   0.002253

   33 C   s             0.098477   0.009700
          p_y          -0.009046   0.000176
          p_z          -0.070976   0.010301
          p_x           0.084351   0.014716

   34 H   s             0.085375   0.008068

   35 H   s             0.051533   0.001085

   36 H   s             0.153607   0.023145

Eigenvector:  26    (up)

    1 C   s            -0.020193   0.000362
          p_y           0.052542   0.004847
          p_z          -0.202084   0.068177
          p_x           0.086163   0.011615

    2 C   s             0.118376   0.014416
          p_y           0.053236   0.005996
          p_z           0.024963   0.001005
          p_x          -0.129841   0.034132

    3 C   s            -0.067682   0.004206
          p_y           0.052741   0.004693
          p_z          -0.171298   0.050493
          p_x           0.056649   0.005723

    4 C   s            -0.029278   0.001031
          p_y          -0.049177   0.004677
          p_z           0.130973   0.031687
          p_x          -0.025999   0.001027

    5 C   s            -0.094456   0.008122
          p_y          -0.040647   0.002554
          p_z           0.122666   0.025584
          p_x          -0.034801   0.002494

    6 H   s             0.156651   0.024745

    7 C   s             0.089937   0.008681
          p_y          -0.054782   0.006160
          p_z           0.035990   0.002517
          p_x           0.075372   0.011941

    8 C   s            -0.008976   0.000024
          p_y           0.019920   0.000996
          p_z           0.079233   0.011086
          p_x          -0.115002   0.026768

    9 C   s             0.116758   0.011801
          p_y          -0.004934   0.000067
          p_z          -0.065578   0.006652
          p_x           0.071604   0.008781

   10 H   s             0.002306   0.000001

   11 C   s             0.035498   0.001348
          p_y           0.025540   0.001016
          p_z          -0.115742   0.022625
          p_x           0.057529   0.005976

   12 C   s            -0.075420   0.005055
          p_y          -0.019327   0.000779
          p_z           0.098987   0.017258
          p_x          -0.055045   0.004648

   13 H   s             0.110326   0.011836

   14 H   s            -0.131912   0.021718

   15 C   s             0.034375   0.000915
          p_y           0.021492   0.000891
          p_z          -0.047232   0.003686
          p_x           0.001481  -0.000014

   16 C   s            -0.119107   0.015586
          p_y          -0.014750   0.000512
          p_z          -0.073708   0.009979
          p_x           0.099045   0.019528

   17 C   s             0.075921   0.005120
          p_y          -0.017741   0.000608
          p_z           0.103151   0.020709
          p_x          -0.060919   0.007252

   18 H   s            -0.048459   0.003057

   19 C   s             0.031096   0.001009
          p_y           0.028228   0.001413
          p_z          -0.096023   0.015968
          p_x           0.033655   0.001883

   20 C   s            -0.062245   0.004294
          p_y           0.027371   0.001544
          p_z          -0.028189   0.001572
          p_x          -0.028126   0.001691

   21 C   s             0.032644   0.000781
          p_y          -0.028297   0.001329
          p_z           0.202063   0.063124
          p_x          -0.134271   0.027007

   22 H   s            -0.078188   0.004553

   23 C   s             0.077213   0.005382
          p_y          -0.042981   0.003604
          p_z           0.102477   0.020557
          p_x          -0.010076   0.000205

   24 H   s             0.172132   0.030791

   25 H   s            -0.018797   0.000514

   26 H   s            -0.032042   0.000881

   27 C   s             0.056650   0.002721
          p_y          -0.051336   0.004024
          p_z           0.101740   0.016798
          p_x           0.006088   0.000001

   28 C   s             0.085400   0.008025
          p_y           0.042117   0.003362
          p_z          -0.073005   0.009964
          p_x          -0.015631   0.000491

   29 H   s             0.149619   0.023363

   30 C   s            -0.037766   0.001377
          p_y           0.042162   0.003430
          p_z          -0.085404   0.013331
          p_x          -0.004226   0.000069

   31 C   s            -0.114492   0.015206
          p_y          -0.044821   0.003871
          p_z           0.023543   0.001047
          p_x           0.067324   0.008791

   32 H   s             0.053445   0.001610

   33 C   s            -0.154091   0.022641
          p_y           0.013989   0.000376
          p_z           0.095000   0.016942
          p_x          -0.116615   0.025676

   34 H   s            -0.041689   0.001820

   35 H   s            -0.058229   0.001314

   36 H   s            -0.215442   0.042499

Eigenvector:  27    (up)

    1 C   s             0.033210   0.000954
          p_y          -0.036170   0.002125
          p_z           0.045320   0.003345
          p_x           0.029379   0.001397

    2 C   s            -0.015973   0.000283
          p_y          -0.015256   0.000471
          p_z           0.024343   0.001123
          p_x           0.007478   0.000135

    3 C   s            -0.007764   0.000059
          p_y           0.014745   0.000420
          p_z           0.021447   0.000711
          p_x          -0.049702   0.004386

    4 C   s             0.035961   0.001210
          p_y           0.025386   0.001237
          p_z          -0.026937   0.001356
          p_x          -0.025151   0.001247

    5 C   s             0.002848   0.000002
          p_y           0.021478   0.000748
          p_z          -0.030068   0.001531
          p_x          -0.014415   0.000308

    6 H   s            -0.013622   0.000200

    7 C   s            -0.030456   0.000990
          p_y           0.005172   0.000052
          p_z           0.001255   0.000005
          p_x          -0.011517   0.000274

    8 C   s             0.020226   0.000634
          p_y           0.072376   0.010495
          p_z          -0.097364   0.017724
          p_x          -0.052292   0.006124

    9 C   s             0.018971   0.000350
          p_y          -0.017329   0.000459
          p_z           0.014769   0.000388
          p_x           0.020744   0.000585

   10 H   s             0.081863   0.005863

   11 C   s            -0.000723  -0.000001
          p_y          -0.010475   0.000196
          p_z           0.014710   0.000350
          p_x           0.007177   0.000108

   12 C   s             0.041644   0.001593
          p_y           0.002798   0.000016
          p_z          -0.029282   0.001456
          p_x           0.022112   0.000790

   13 H   s             0.009185   0.000088

   14 H   s            -0.154215   0.029779

   15 C   s            -0.068950   0.004407
          p_y          -0.048051   0.003880
          p_z           0.127487   0.026366
          p_x          -0.024586   0.000844

   16 C   s            -0.031880   0.000971
          p_y          -0.001004   0.000005
          p_z          -0.040018   0.002860
          p_x           0.039972   0.003076

   17 C   s            -0.025772   0.000611
          p_y          -0.002764   0.000013
          p_z          -0.019247   0.000734
          p_x           0.023493   0.001056

   18 H   s            -0.019176   0.000460

   19 C   s            -0.009438   0.000105
          p_y          -0.013756   0.000341
          p_z           0.032784   0.001837
          p_x          -0.003295   0.000010

   20 C   s             0.133920   0.018150
          p_y          -0.107599   0.023367
          p_z           0.112858   0.024410
          p_x           0.108124   0.024769

   21 C   s            -0.064030   0.003637
          p_y          -0.053014   0.003959
          p_z           0.093657   0.012515
          p_x           0.018087   0.000433

   22 H   s            -0.038545   0.001250

   23 C   s            -0.023762   0.000503
          p_y           0.016793   0.000542
          p_z          -0.032894   0.002108
          p_x          -0.002729   0.000012

   24 H   s            -0.035218   0.001299

   25 H   s             0.018403   0.000465

   26 H   s             0.257532   0.062288

   27 C   s             0.018199   0.000383
          p_y           0.124590   0.024528
          p_z          -0.250293   0.098970
          p_x          -0.013064   0.000271

   28 C   s             0.239401   0.063660
          p_y           0.036518   0.002475
          p_z           0.060658   0.007383
          p_x          -0.129227   0.032097

   29 H   s            -0.056551   0.003293

   30 C   s            -0.156776   0.023863
          p_y           0.127309   0.033780
          p_z          -0.088930   0.015722
          p_x          -0.170853   0.062206

   31 C   s             0.195130   0.045090
          p_y           0.004290   0.000009
          p_z          -0.104545   0.020258
          p_x           0.089230   0.015797

   32 H   s             0.163948   0.014704

   33 C   s            -0.130216   0.016461
          p_y          -0.077846   0.010252
          p_z           0.166339   0.049309
          p_x          -0.000465   0.000007

   34 H   s            -0.322861   0.107646

   35 H   s             0.119529   0.005369

   36 H   s            -0.139122   0.017618

Eigenvector:  28    (up)

    1 C   s            -0.018480   0.000361
          p_y          -0.057366   0.004758
          p_z           0.169555   0.042423
          p_x          -0.046040   0.003286

    2 C   s            -0.077624   0.005603
          p_y          -0.025607   0.001345
          p_z          -0.054603   0.004972
          p_x           0.102550   0.019543

    3 C   s             0.018256   0.000302
          p_y           0.077779   0.009485
          p_z          -0.184416   0.052536
          p_x           0.019200   0.000501

    4 C   s             0.191996   0.035094
          p_y           0.072011   0.009534
          p_z          -0.004483   0.000041
          p_x          -0.139650   0.035725

    5 C   s             0.048466   0.002223
          p_y          -0.006659   0.000081
          p_z          -0.044361   0.003014
          p_x           0.054994   0.004854

    6 H   s            -0.107610   0.011442

    7 C   s             0.106750   0.010749
          p_y          -0.080130   0.011758
          p_z           0.100258   0.017625
          p_x           0.065334   0.008299

    8 C   s            -0.102374   0.009103
          p_y           0.088498   0.015049
          p_z          -0.018844   0.000660
          p_x          -0.158951   0.048722

    9 C   s            -0.018491   0.000309
          p_y          -0.011185   0.000175
          p_z          -0.138968   0.027419
          p_x           0.153877   0.033544

   10 H   s             0.223424   0.041733

   11 C   s            -0.009751   0.000132
          p_y           0.003451   0.000036
          p_z           0.056760   0.005138
          p_x          -0.060267   0.006372

   12 C   s            -0.057763   0.003183
          p_y          -0.032044   0.001692
          p_z           0.069305   0.007582
          p_x          -0.001436  -0.000003

   13 H   s             0.148895   0.020430

   14 H   s            -0.181900   0.039722

   15 C   s             0.003971   0.000028
          p_y           0.012391   0.000265
          p_z           0.188903   0.052758
          p_x          -0.203616   0.062536

   16 C   s            -0.075466   0.005656
          p_y          -0.034162   0.002104
          p_z           0.036326   0.002192
          p_x           0.033831   0.002229

   17 C   s            -0.008147   0.000052
          p_y           0.010525   0.000184
          p_z          -0.029304   0.001476
          p_x           0.006307   0.000076

   18 H   s             0.072978   0.006383

   19 C   s             0.026236   0.000791
          p_y           0.046461   0.003879
          p_z          -0.079712   0.010694
          p_x          -0.017764   0.000719

   20 C   s             0.105796   0.011027
          p_y          -0.003599   0.000049
          p_z          -0.137500   0.033387
          p_x           0.136894   0.035070

   21 C   s             0.050862   0.002270
          p_y           0.031116   0.001343
          p_z          -0.002491   0.000009
          p_x          -0.060171   0.005017

   22 H   s            -0.055840   0.002312

   23 C   s             0.006753   0.000031
          p_y          -0.000155   0.000000
          p_z           0.032432   0.001800
          p_x          -0.029952   0.001510

   24 H   s            -0.063479   0.003793

   25 H   s            -0.077993   0.008072

   26 H   s             0.115592   0.012000

   27 C   s            -0.078391   0.005646
          p_y          -0.064177   0.006353
          p_z          -0.025626   0.000976
          p_x           0.152155   0.035507

   28 C   s            -0.071242   0.005437
          p_y          -0.003469   0.000017
          p_z          -0.037926   0.002614
          p_x           0.042232   0.003115

   29 H   s             0.064358   0.003900

   30 C   s             0.044512   0.002054
          p_y          -0.053586   0.005181
          p_z           0.149902   0.040258
          p_x          -0.033720   0.001991

   31 C   s            -0.078517   0.007121
          p_y          -0.002759   0.000005
          p_z           0.036393   0.002123
          p_x          -0.028599   0.001455

   32 H   s            -0.046780   0.001074

   33 C   s             0.081236   0.006138
          p_y           0.062353   0.006477
          p_z          -0.117402   0.023121
          p_x          -0.014669   0.000340

   34 H   s            -0.012006   0.000142

   35 H   s            -0.054187   0.001001

   36 H   s             0.118042   0.011693

Eigenvector:  29    (up)

    1 C   s             0.063305   0.003244
          p_y           0.073706   0.007700
          p_z          -0.058824   0.004904
          p_x          -0.091626   0.011900

    2 C   s            -0.049345   0.002360
          p_y          -0.044902   0.003555
          p_z           0.059861   0.005855
          p_x           0.032965   0.002158

    3 C   s             0.056685   0.002550
          p_y          -0.081758   0.009965
          p_z           0.070128   0.007383
          p_x           0.096804   0.013903

    4 C   s            -0.090770   0.008039
          p_y          -0.036621   0.002491
          p_z           0.034612   0.002325
          p_x           0.040039   0.002871

    5 C   s             0.007513   0.000033
          p_y           0.045223   0.003163
          p_z          -0.147302   0.033530
          p_x           0.048311   0.003601

    6 H   s            -0.093498   0.007999

    7 C   s            -0.079991   0.006163
          p_y           0.041203   0.003115
          p_z          -0.031326   0.001858
          p_x          -0.052750   0.005013

    8 C   s            -0.010975   0.000180
          p_y          -0.025052   0.001186
          p_z           0.033186   0.002114
          p_x           0.018297   0.000616

    9 C   s             0.028282   0.000782
          p_y          -0.123109   0.022269
          p_z           0.175011   0.044265
          p_x           0.079125   0.009521

   10 H   s            -0.036315   0.001064

   11 C   s             0.047340   0.001680
          p_y           0.049924   0.004487
          p_z           0.020329   0.000573
          p_x          -0.118854   0.024493

   12 C   s             0.024007   0.000552
          p_y           0.042591   0.003020
          p_z          -0.103721   0.017041
          p_x           0.012880   0.000174

   13 H   s            -0.092307   0.007429

   14 H   s             0.063501   0.004693

   15 C   s             0.015018   0.000235
          p_y           0.055412   0.004560
          p_z           0.024633   0.000961
          p_x          -0.134997   0.027370

   16 C   s            -0.016056   0.000239
          p_y           0.060893   0.006600
          p_z          -0.214624   0.079864
          p_x           0.080376   0.010748

   17 C   s            -0.006294   0.000025
          p_y          -0.025263   0.000910
          p_z           0.020593   0.000562
          p_x           0.030902   0.001418

   18 H   s             0.145235   0.024676

   19 C   s            -0.029644   0.000648
          p_y          -0.010313   0.000132
          p_z           0.118722   0.022373
          p_x          -0.090545   0.013654

   20 C   s            -0.046234   0.001945
          p_y           0.063096   0.006952
          p_z          -0.156045   0.042646
          p_x           0.020607   0.000757

   21 C   s            -0.023038   0.000514
          p_y           0.124318   0.021828
          p_z           0.066226   0.006082
          p_x          -0.312169   0.137114

   22 H   s            -0.039871   0.000960

   23 C   s            -0.105671   0.009696
          p_y           0.038159   0.002613
          p_z          -0.120165   0.024832
          p_x           0.036213   0.002049

   24 H   s            -0.016944   0.000273

   25 H   s            -0.049492   0.003110

   26 H   s            -0.082572   0.005592

   27 C   s            -0.022552   0.000471
          p_y          -0.166402   0.039833
          p_z           0.120293   0.021052
          p_x           0.216936   0.067304

   28 C   s             0.027764   0.000812
          p_y          -0.006156   0.000050
          p_z           0.063260   0.007498
          p_x          -0.047772   0.004596

   29 H   s            -0.167816   0.026704

   30 C   s            -0.038001   0.001112
          p_y           0.016880   0.000480
          p_z           0.023269   0.001140
          p_x          -0.056340   0.005869

   31 C   s            -0.029308   0.000817
          p_y          -0.034263   0.002166
          p_z          -0.017807   0.000608
          p_x           0.084604   0.013307

   32 H   s            -0.025324   0.000263

   33 C   s            -0.093201   0.007636
          p_y           0.029443   0.001528
          p_z           0.022433   0.000805
          p_x          -0.080046   0.011015

   34 H   s            -0.125356   0.014433

   35 H   s            -0.010231   0.000045

   36 H   s            -0.088569   0.006697

Eigenvector:  30    (up)

    1 C   s             0.000137  -0.000000
          p_y           0.041014   0.002545
          p_z          -0.007822   0.000095
          p_x          -0.074492   0.008377

    2 C   s             0.013593   0.000179
          p_y           0.033894   0.002100
          p_z          -0.065837   0.007544
          p_x          -0.005299   0.000080

    3 C   s             0.016875   0.000244
          p_y          -0.043676   0.002875
          p_z           0.054173   0.004531
          p_x           0.035913   0.001876

    4 C   s             0.009656   0.000090
          p_y          -0.010862   0.000210
          p_z           0.046270   0.003796
          p_x          -0.022218   0.000873

    5 C   s            -0.027035   0.000520
          p_y          -0.036159   0.002184
          p_z           0.108192   0.017676
          p_x          -0.029153   0.000947

    6 H   s             0.034661   0.001266

    7 C   s            -0.057297   0.003108
          p_y           0.035216   0.002315
          p_z          -0.003100   0.000025
          p_x          -0.067540   0.008365

    8 C   s            -0.006843   0.000060
          p_y          -0.015724   0.000482
          p_z           0.012631   0.000326
          p_x           0.019357   0.000710

    9 C   s            -0.012073   0.000086
          p_y          -0.048847   0.003454
          p_z           0.007019   0.000081
          p_x           0.090604   0.011771

   10 H   s             0.007745   0.000046

   11 C   s            -0.118232   0.010154
          p_y          -0.163483   0.045689
          p_z           0.124279   0.025165
          p_x           0.210290   0.077554

   12 C   s             0.043103   0.001567
          p_y           0.028595   0.001139
          p_z          -0.114640   0.019891
          p_x           0.050603   0.004222

   13 H   s            -0.118497   0.012710

   14 H   s             0.049022   0.002744

   15 C   s            -0.003112  -0.000000
          p_y           0.040243   0.002337
          p_z           0.014787   0.000314
          p_x          -0.094661   0.012923

   16 C   s            -0.015770   0.000229
          p_y           0.010262   0.000199
          p_z          -0.047241   0.004015
          p_x           0.023825   0.000978

   17 C   s            -0.101003   0.008940
          p_y           0.098909   0.015123
          p_z          -0.175796   0.049934
          p_x          -0.032597   0.001267

   18 H   s            -0.336504   0.131349

   19 C   s             0.051985   0.001215
          p_y          -0.133804   0.032616
          p_z           0.007960   0.000206
          p_x           0.258546   0.119033

   20 C   s             0.018457   0.000348
          p_y           0.011941   0.000236
          p_z          -0.062365   0.006848
          p_x           0.034715   0.002211

   21 C   s             0.008200   0.000048
          p_y           0.063177   0.005606
          p_z          -0.018491   0.000500
          p_x          -0.109449   0.016713

   22 H   s            -0.015554   0.000155

   23 C   s             0.152600   0.020835
          p_y          -0.059009   0.006469
          p_z           0.148980   0.037855
          p_x          -0.021897   0.000426

   24 H   s            -0.116228   0.012914

   25 H   s             0.328715   0.138449

   26 H   s             0.001628   0.000004

   27 C   s            -0.025929   0.000613
          p_y          -0.060725   0.005316
          p_z          -0.008377   0.000105
          p_x           0.128303   0.023794

   28 C   s            -0.018420   0.000358
          p_y          -0.010977   0.000195
          p_z           0.031696   0.001829
          p_x          -0.008162   0.000157

   29 H   s             0.179346   0.030765

   30 C   s            -0.019687   0.000313
          p_y          -0.002048   0.000005
          p_z           0.055210   0.005385
          p_x          -0.048044   0.004201

   31 C   s             0.003726   0.000017
          p_y          -0.002472   0.000013
          p_z          -0.005023   0.000049
          p_x           0.009463   0.000185

   32 H   s            -0.026701   0.000328

   33 C   s             0.006462   0.000043
          p_y           0.012362   0.000269
          p_z          -0.018246   0.000565
          p_x          -0.007826   0.000116

   34 H   s            -0.073701   0.005006

   35 H   s             0.001965   0.000001

   36 H   s             0.022598   0.000402

Eigenvector:  31    (up)

    1 C   s            -0.048194   0.001994
          p_y           0.069565   0.007489
          p_z           0.009009   0.000117
          p_x          -0.147680   0.033607

    2 C   s             0.037793   0.001438
          p_y           0.052223   0.004723
          p_z          -0.142110   0.034442
          p_x           0.029777   0.001430

    3 C   s            -0.046255   0.001954
          p_y          -0.095751   0.014622
          p_z           0.070481   0.007754
          p_x           0.124327   0.024935

    4 C   s             0.052047   0.002766
          p_y          -0.014075   0.000319
          p_z           0.100020   0.017412
          p_x          -0.066645   0.007975

    5 C   s            -0.011206   0.000085
          p_y          -0.107985   0.017749
          p_z           0.135324   0.028286
          p_x           0.087449   0.011391

    6 H   s             0.007149   0.000041

    7 C   s             0.048376   0.002320
          p_y           0.028928   0.001364
          p_z          -0.153762   0.040330
          p_x           0.087421   0.013421

    8 C   s             0.070995   0.004457
          p_y          -0.093401   0.015608
          p_z           0.158171   0.043142
          p_x           0.036725   0.002769

    9 C   s            -0.063702   0.003057
          p_y          -0.081831   0.009220
          p_z          -0.052134   0.004107
          p_x           0.213023   0.063894

   10 H   s             0.027493   0.000571

   11 C   s             0.006825  -0.000002
          p_y           0.033098   0.001721
          p_z          -0.046873   0.003089
          p_x          -0.022536   0.000961

   12 C   s            -0.030714   0.000712
          p_y           0.031038   0.001501
          p_z           0.134350   0.027783
          p_x          -0.188824   0.055097

   13 H   s             0.022884   0.000460

   14 H   s             0.115961   0.014942

   15 C   s            -0.022542   0.000316
          p_y           0.154799   0.034087
          p_z          -0.182746   0.048433
          p_x          -0.135946   0.025637

   16 C   s             0.074429   0.005493
          p_y           0.010673   0.000215
          p_z           0.028365   0.001117
          p_x          -0.048180   0.003740

   17 C   s             0.115303   0.011443
          p_y           0.026498   0.001186
          p_z           0.060315   0.006394
          p_x          -0.109231   0.020575

   18 H   s             0.066290   0.005053

   19 C   s            -0.033444   0.000876
          p_y           0.048284   0.004076
          p_z          -0.022491   0.000707
          p_x          -0.075303   0.010470

   20 C   s             0.025400   0.000591
          p_y          -0.027392   0.001229
          p_z           0.049652   0.003851
          p_x           0.007725   0.000125

   21 C   s             0.002103  -0.000002
          p_y           0.071054   0.007146
          p_z          -0.179261   0.045145
          p_x           0.026810   0.000970

   22 H   s             0.077837   0.003958

   23 C   s             0.053403   0.002374
          p_y          -0.057689   0.005520
          p_z           0.019267   0.000746
          p_x           0.096898   0.014961

   24 H   s             0.157370   0.023579

   25 H   s            -0.091054   0.010596

   26 H   s             0.082917   0.005624

   27 C   s             0.022615   0.000410
          p_y           0.030794   0.001434
          p_z          -0.134233   0.026428
          p_x           0.064518   0.005925

   28 C   s            -0.039773   0.001663
          p_y          -0.039529   0.002698
          p_z           0.104684   0.019179
          p_x          -0.019366   0.000692

   29 H   s             0.083896   0.006699

   30 C   s            -0.070350   0.004750
          p_y           0.036928   0.002635
          p_z           0.001882  -0.000002
          p_x          -0.075691   0.010727

   31 C   s             0.148342   0.024130
          p_y           0.037439   0.002273
          p_z          -0.039979   0.002409
          p_x          -0.037341   0.002423

   32 H   s            -0.031659   0.000500

   33 C   s             0.044042   0.001707
          p_y          -0.066425   0.007047
          p_z           0.041732   0.002693
          p_x           0.093127   0.014034

   34 H   s            -0.131645   0.016107

   35 H   s             0.087327   0.002578

   36 H   s             0.065590   0.003572

Eigenvector:  32    (up)

    1 C   s             0.000187   0.000000
          p_y           0.167144   0.040334
          p_z           0.078817   0.008969
          p_x           0.082808   0.009899

    2 C   s            -0.000130   0.000000
          p_y           0.074372   0.009272
          p_z           0.035135   0.002069
          p_x           0.037493   0.002358

    3 C   s             0.000167   0.000000
          p_y           0.153535   0.034963
          p_z           0.073124   0.007931
          p_x           0.077745   0.008965

    4 C   s            -0.000106   0.000000
          p_y           0.135530   0.031026
          p_z           0.064767   0.007089
          p_x           0.067835   0.007774

    5 C   s             0.000008   0.000000
          p_y           0.075527   0.008511
          p_z           0.035442   0.001874
          p_x           0.038075   0.002164

    6 H   s            -0.000363   0.000000

    7 C   s            -0.000209   0.000000
          p_y           0.070176   0.008281
          p_z           0.032934   0.001823
          p_x           0.034915   0.002049

    8 C   s            -0.000044   0.000000
          p_y           0.130872   0.028637
          p_z           0.062486   0.006530
          p_x           0.065430   0.007157

    9 C   s             0.000059   0.000000
          p_y           0.285810   0.113395
          p_z           0.136277   0.025785
          p_x           0.144281   0.028903

   10 H   s             0.000045   0.000000

   11 C   s            -0.000022   0.000000
          p_y           0.033324   0.001755
          p_z           0.015898   0.000399
          p_x           0.016605   0.000436

   12 C   s             0.000073   0.000000
          p_y           0.073186   0.008014
          p_z           0.034153   0.001744
          p_x           0.036536   0.001996

   13 H   s            -0.000400   0.000000

   14 H   s             0.000100   0.000000

   15 C   s             0.000063   0.000000
          p_y           0.268697   0.102047
          p_z           0.127281   0.022900
          p_x           0.133278   0.025103

   16 C   s             0.000221   0.000000
          p_y           0.160800   0.044172
          p_z           0.075464   0.009731
          p_x           0.080489   0.011070

   17 C   s             0.000002   0.000000
          p_y           0.018718   0.000572
          p_z           0.008575   0.000120
          p_x           0.009189   0.000138

   18 H   s             0.000044   0.000000

   19 C   s            -0.000042   0.000000
          p_y           0.030233   0.001478
          p_z           0.014591   0.000344
          p_x           0.015225   0.000375

   20 C   s             0.000274   0.000000
          p_y           0.147572   0.037354
          p_z           0.069458   0.008275
          p_x           0.074320   0.009474

   21 C   s            -0.000167   0.000000
          p_y           0.270048   0.098396
          p_z           0.128358   0.022234
          p_x           0.135762   0.024867

   22 H   s             0.000534   0.000000

   23 C   s            -0.000011   0.000000
          p_y           0.017731   0.000514
          p_z           0.008249   0.000111
          p_x           0.009175   0.000138

   24 H   s            -0.000022   0.000000

   25 H   s             0.000119   0.000000

   26 H   s             0.000718   0.000000

   27 C   s            -0.000012  -0.000000
          p_y           0.241238   0.081548
          p_z           0.114164   0.018268
          p_x           0.120270   0.020272

   28 C   s             0.000436   0.000000
          p_y           0.080011   0.011272
          p_z           0.037178   0.002435
          p_x           0.040085   0.002830

   29 H   s            -0.000079   0.000000

   30 C   s             0.000374   0.000000
          p_y           0.077621   0.010511
          p_z           0.036353   0.002307
          p_x           0.039318   0.002698

   31 C   s            -0.000690   0.000001
          p_y           0.034620   0.002247
          p_z           0.016472   0.000507
          p_x           0.017964   0.000604

   32 H   s             0.000262   0.000000

   33 C   s            -0.000451   0.000000
          p_y           0.046258   0.003438
          p_z           0.021398   0.000736
          p_x           0.022388   0.000805

   34 H   s             0.000644   0.000000

   35 H   s            -0.000381   0.000000

   36 H   s            -0.000569   0.000000

Eigenvector:  33    (up)

    1 C   s            -0.042606   0.001329
          p_y          -0.092788   0.012302
          p_z           0.037448   0.002038
          p_x           0.152612   0.033143

    2 C   s             0.037782   0.001319
          p_y           0.008612   0.000124
          p_z           0.029090   0.001558
          p_x          -0.043115   0.003307

    3 C   s            -0.030851   0.000668
          p_y           0.085951   0.010700
          p_z          -0.012333   0.000205
          p_x          -0.157456   0.036090

    4 C   s             0.018786   0.000387
          p_y           0.030975   0.001703
          p_z          -0.074563   0.009603
          p_x           0.010678   0.000164

    5 C   s             0.003567   0.000005
          p_y           0.027385   0.001155
          p_z           0.054978   0.004513
          p_x          -0.104535   0.016587

    6 H   s             0.054955   0.002652

    7 C   s             0.036181   0.001231
          p_y          -0.026090   0.001205
          p_z           0.042817   0.003294
          p_x           0.013103   0.000287

    8 C   s             0.021195   0.000428
          p_y          -0.001863   0.000012
          p_z          -0.061687   0.006429
          p_x           0.063994   0.007356

    9 C   s            -0.024606   0.000448
          p_y           0.119120   0.019712
          p_z          -0.098513   0.013495
          p_x          -0.141269   0.027720

   10 H   s             0.009919   0.000092

   11 C   s             0.003264   0.000011
          p_y           0.022938   0.000786
          p_z          -0.095586   0.014240
          p_x           0.044778   0.003256

   12 C   s            -0.006556   0.000048
          p_y          -0.067039   0.006804
          p_z           0.083918   0.010635
          p_x           0.056567   0.004856

   13 H   s             0.047282   0.001868

   14 H   s             0.046732   0.002500

   15 C   s            -0.026134   0.000506
          p_y          -0.067024   0.006301
          p_z          -0.060838   0.005212
          p_x           0.194563   0.053150

   16 C   s            -0.090929   0.007864
          p_y          -0.028274   0.001109
          p_z           0.044635   0.003071
          p_x           0.015590   0.000241

   17 C   s             0.012521   0.000126
          p_y          -0.045652   0.003380
          p_z           0.057743   0.005382
          p_x           0.037666   0.002316

   18 H   s            -0.020285   0.000473

   19 C   s             0.001936   0.000009
          p_y           0.042911   0.003085
          p_z          -0.092646   0.013850
          p_x           0.002248  -0.000004

   20 C   s            -0.105379   0.009718
          p_y           0.032995   0.001788
          p_z           0.017392   0.000485
          p_x          -0.081209   0.010777

   21 C   s             0.019362   0.000291
          p_y           0.202813   0.055435
          p_z          -0.177810   0.043338
          p_x          -0.236045   0.074188

   22 H   s            -0.163584   0.016375

   23 C   s             0.001664   0.000001
          p_y           0.020459   0.000701
          p_z           0.025420   0.001041
          p_x          -0.063850   0.006730

   24 H   s             0.026928   0.000648

   25 H   s            -0.047189   0.002761

   26 H   s            -0.225065   0.039982

   27 C   s            -0.025617   0.000519
          p_y          -0.129722   0.022515
          p_z          -0.053347   0.004351
          p_x           0.309789   0.131374

   28 C   s            -0.104448   0.011030
          p_y          -0.057934   0.005352
          p_z           0.148269   0.037572
          p_x          -0.023358   0.001241

   29 H   s             0.014367   0.000179

   30 C   s            -0.115454   0.011895
          p_y           0.029017   0.001564
          p_z           0.081308   0.011069
          p_x          -0.134247   0.031607

   31 C   s             0.123643   0.016682
          p_y           0.031570   0.001520
          p_z          -0.031721   0.001468
          p_x          -0.033296   0.001757

   32 H   s            -0.093600   0.003856

   33 C   s             0.043051   0.001720
          p_y          -0.049746   0.003689
          p_z           0.024748   0.000835
          p_x           0.075812   0.008789

   34 H   s            -0.228625   0.046012

   35 H   s             0.074549   0.001780

   36 H   s             0.079981   0.005028

Eigenvector:  34    (up)

    1 C   s            -0.032485   0.000817
          p_y           0.003834   0.000023
          p_z          -0.039339   0.002229
          p_x           0.031367   0.001378

    2 C   s            -0.019090   0.000255
          p_y          -0.045287   0.003312
          p_z           0.099945   0.016377
          p_x          -0.002347   0.000014

    3 C   s             0.001830   0.000005
          p_y           0.019348   0.000509
          p_z          -0.024037   0.000851
          p_x          -0.014244   0.000237

    4 C   s             0.043371   0.001719
          p_y          -0.012439   0.000253
          p_z           0.091853   0.013512
          p_x          -0.061824   0.006065

    5 C   s            -0.005292   0.000030
          p_y           0.148636   0.032158
          p_z          -0.040874   0.002452
          p_x          -0.255401   0.094851

    6 H   s            -0.123661   0.012903

    7 C   s            -0.034341   0.000986
          p_y          -0.007497   0.000096
          p_z           0.099769   0.016245
          p_x          -0.077804   0.009788

    8 C   s             0.033843   0.000666
          p_y          -0.084113   0.011890
          p_z           0.115907   0.021564
          p_x           0.058592   0.006254

    9 C   s            -0.012651   0.000123
          p_y          -0.101165   0.013670
          p_z          -0.023066   0.000777
          p_x           0.223280   0.067197

   10 H   s             0.093625   0.006447

   11 C   s             0.010919   0.000141
          p_y           0.059400   0.005539
          p_z          -0.182842   0.052107
          p_x           0.054401   0.004537

   12 C   s            -0.005443   0.000034
          p_y          -0.142277   0.029591
          p_z           0.026844   0.001074
          p_x           0.261138   0.099480

   13 H   s            -0.134318   0.014759

   14 H   s             0.194663   0.039708

   15 C   s             0.028807   0.000673
          p_y           0.143403   0.027886
          p_z          -0.116170   0.018691
          p_x          -0.176931   0.041886

   16 C   s             0.064102   0.003804
          p_y           0.012434   0.000213
          p_z          -0.007304   0.000110
          p_x          -0.019004   0.000412

   17 C   s            -0.059071   0.002886
          p_y          -0.143305   0.032232
          p_z           0.108724   0.018119
          p_x           0.184977   0.054393

   18 H   s            -0.002641   0.000005

   19 C   s             0.017570   0.000313
          p_y           0.033271   0.001715
          p_z          -0.157254   0.039444
          p_x           0.082466   0.011093

   20 C   s             0.049352   0.002033
          p_y          -0.012461   0.000209
          p_z          -0.007046   0.000109
          p_x           0.030617   0.001430

   21 C   s             0.007883   0.000031
          p_y          -0.024180   0.000762
          p_z          -0.028589   0.001053
          p_x           0.072431   0.006811

   22 H   s             0.095111   0.005392

   23 C   s            -0.058058   0.002767
          p_y           0.102939   0.016887
          p_z           0.029156   0.001209
          p_x          -0.231271   0.084164

   24 H   s            -0.064450   0.003852

   25 H   s             0.014998   0.000292

   26 H   s             0.110877   0.009278

   27 C   s             0.020830   0.000303
          p_y           0.040244   0.002155
          p_z          -0.029714   0.001166
          p_x          -0.054740   0.004004

   28 C   s            -0.000557   0.000001
          p_y          -0.001599   0.000006
          p_z          -0.004262   0.000031
          p_x           0.006320   0.000084

   29 H   s            -0.072941   0.004879

   30 C   s             0.002789   0.000002
          p_y           0.008501   0.000129
          p_z          -0.027578   0.001275
          p_x           0.008026   0.000093

   31 C   s             0.020645   0.000436
          p_y           0.009006   0.000133
          p_z          -0.000654  -0.000001
          p_x          -0.017766   0.000558

   32 H   s             0.004064   0.000003

   33 C   s             0.007469   0.000042
          p_y          -0.019287   0.000586
          p_z           0.015894   0.000397
          p_x           0.023000   0.000835

   34 H   s             0.006763   0.000031

   35 H   s             0.012144   0.000048

   36 H   s             0.005351   0.000025

Eigenvector:  35    (up)

    1 C   s            -0.000135   0.000000
          p_y          -0.227357   0.071279
          p_z          -0.107372   0.015898
          p_x          -0.113100   0.017637

    2 C   s            -0.000145   0.000000
          p_y          -0.166117   0.043977
          p_z          -0.078107   0.009721
          p_x          -0.083189   0.011029

    3 C   s            -0.000124   0.000000
          p_y          -0.208967   0.061851
          p_z          -0.099466   0.014012
          p_x          -0.105229   0.015681

    4 C   s             0.000243   0.000000
          p_y          -0.071044   0.008133
          p_z          -0.033885   0.001850
          p_x          -0.035728   0.002057

    5 C   s            -0.000030   0.000000
          p_y          -0.250947   0.089645
          p_z          -0.118897   0.020124
          p_x          -0.126578   0.022811

    6 H   s            -0.000175   0.000000

    7 C   s             0.000200   0.000000
          p_y          -0.157702   0.039721
          p_z          -0.074093   0.008766
          p_x          -0.078940   0.009952

    8 C   s             0.000225   0.000000
          p_y          -0.069272   0.007662
          p_z          -0.032144   0.001650
          p_x          -0.034070   0.001850

    9 C   s            -0.000210   0.000000
          p_y           0.013742   0.000250
          p_z           0.006759   0.000060
          p_x           0.007577   0.000076

   10 H   s             0.000478   0.000000

   11 C   s             0.000105   0.000000
          p_y          -0.136848   0.028160
          p_z          -0.064752   0.006308
          p_x          -0.068649   0.007088

   12 C   s            -0.000164   0.000000
          p_y          -0.243980   0.084986
          p_z          -0.114677   0.018774
          p_x          -0.121346   0.021015

   13 H   s            -0.000065   0.000000

   14 H   s             0.001047   0.000001

   15 C   s             0.000110   0.000000
          p_y           0.011640   0.000182
          p_z           0.004489   0.000027
          p_x           0.005120   0.000035

   16 C   s             0.000239   0.000000
          p_y           0.085379   0.011807
          p_z           0.040152   0.002610
          p_x           0.042610   0.002940

   17 C   s            -0.000543   0.000000
          p_y          -0.089159   0.012372
          p_z          -0.041226   0.002646
          p_x          -0.043402   0.002930

   18 H   s             0.000217   0.000000

   19 C   s             0.000195   0.000000
          p_y          -0.124389   0.023811
          p_z          -0.059374   0.005425
          p_x          -0.061853   0.005883

   20 C   s            -0.000234   0.000000
          p_y           0.076167   0.009442
          p_z           0.035837   0.002089
          p_x           0.037993   0.002349

   21 C   s            -0.000136   0.000000
          p_y           0.246958   0.078675
          p_z           0.115730   0.017275
          p_x           0.123034   0.019523

   22 H   s             0.000091   0.000000

   23 C   s            -0.000214   0.000000
          p_y          -0.084365   0.011097
          p_z          -0.039548   0.002440
          p_x          -0.044003   0.003019

   24 H   s            -0.000735   0.000000

   25 H   s             0.000471   0.000000

   26 H   s            -0.000151   0.000000

   27 C   s             0.000055   0.000000
          p_y           0.219307   0.064393
          p_z           0.103708   0.014399
          p_x           0.110541   0.016359

   28 C   s            -0.000035   0.000000
          p_y           0.084058   0.011829
          p_z           0.040225   0.002708
          p_x           0.042103   0.002966

   29 H   s            -0.000219   0.000000

   30 C   s            -0.000195   0.000000
          p_y           0.083648   0.011599
          p_z           0.039123   0.002538
          p_x           0.041682   0.002880

   31 C   s             0.000269   0.000000
          p_y           0.041952   0.003132
          p_z           0.019533   0.000680
          p_x           0.021407   0.000816

   32 H   s            -0.000135   0.000000

   33 C   s            -0.000289   0.000000
          p_y           0.056045   0.004814
          p_z           0.026509   0.001077
          p_x           0.028051   0.001205

   34 H   s            -0.000399   0.000000

   35 H   s             0.000200   0.000000

   36 H   s            -0.000253   0.000000

Eigenvector:  36    (up)

    1 C   s             0.061460   0.003247
          p_y          -0.061403   0.005328
          p_z           0.131035   0.023213
          p_x          -0.000096  -0.000001

    2 C   s            -0.134761   0.016254
          p_y          -0.056136   0.005314
          p_z           0.033312   0.001788
          p_x           0.081245   0.011317

    3 C   s            -0.044332   0.001811
          p_y           0.039998   0.002152
          p_z          -0.179831   0.045220
          p_x           0.091418   0.012078

    4 C   s             0.002141   0.000003
          p_y           0.046225   0.003342
          p_z          -0.152304   0.036348
          p_x           0.052503   0.004334

    5 C   s             0.053044   0.002536
          p_y           0.025179   0.000807
          p_z          -0.162527   0.036973
          p_x           0.103977   0.015798

    6 H   s            -0.069043   0.004387

    7 C   s             0.141425   0.017911
          p_y          -0.063520   0.006740
          p_z           0.057803   0.005370
          p_x           0.073072   0.009167

    8 C   s            -0.021067   0.000420
          p_y          -0.040658   0.002453
          p_z           0.174170   0.047021
          p_x          -0.083456   0.011243

    9 C   s            -0.035394   0.001125
          p_y          -0.024273   0.000732
          p_z           0.133543   0.023390
          p_x          -0.077715   0.008181

   10 H   s             0.013482   0.000139

   11 C   s            -0.007422   0.000051
          p_y          -0.057115   0.004696
          p_z           0.205512   0.062231
          p_x          -0.078063   0.009280

   12 C   s            -0.063648   0.003639
          p_y          -0.048666   0.003500
          p_z           0.106931   0.015942
          p_x          -0.002801  -0.000012

   13 H   s             0.079134   0.005431

   14 H   s            -0.016498   0.000303

   15 C   s             0.065809   0.003616
          p_y           0.063041   0.005592
          p_z          -0.138630   0.025876
          p_x           0.005349  -0.000002

   16 C   s             0.112176   0.011626
          p_y           0.041234   0.002825
          p_z          -0.036942   0.002200
          p_x          -0.047782   0.003877

   17 C   s            -0.088718   0.006657
          p_y           0.058025   0.005059
          p_z          -0.130059   0.026234
          p_x           0.006101   0.000092

   18 H   s             0.014373   0.000243

   19 C   s             0.022042   0.000431
          p_y           0.038389   0.002223
          p_z          -0.154960   0.036198
          p_x           0.069107   0.007195

   20 C   s            -0.136549   0.017279
          p_y           0.049515   0.004221
          p_z          -0.025032   0.001034
          p_x          -0.075383   0.009910

   21 C   s            -0.052278   0.002304
          p_y           0.048508   0.003121
          p_z          -0.096440   0.011886
          p_x          -0.006793   0.000091

   22 H   s             0.041609   0.001193

   23 C   s             0.065119   0.003655
          p_y          -0.004881   0.000053
          p_z           0.094190   0.013826
          p_x          -0.077979   0.008968

   24 H   s            -0.174887   0.026728

   25 H   s             0.005907   0.000033

   26 H   s            -0.056099   0.002662

   27 C   s             0.069267   0.004072
          p_y          -0.027811   0.000925
          p_z           0.163321   0.035844
          p_x          -0.099517   0.014121

   28 C   s             0.008572   0.000094
          p_y          -0.030901   0.001544
          p_z           0.114821   0.021800
          p_x          -0.046294   0.003648

   29 H   s             0.138749   0.016757

   30 C   s            -0.028682   0.000775
          p_y           0.071495   0.008277
          p_z          -0.209475   0.071048
          p_x           0.053149   0.004572

   31 C   s             0.113485   0.014135
          p_y           0.007365   0.000046
          p_z          -0.043563   0.002611
          p_x           0.025866   0.001118

   32 H   s            -0.003483   0.000007

   33 C   s            -0.108019   0.010189
          p_y          -0.095677   0.013997
          p_z           0.157112   0.037651
          p_x           0.043650   0.002938

   34 H   s            -0.034926   0.001010

   35 H   s             0.079045   0.001882

   36 H   s            -0.129030   0.012835

Eigenvector:  37    (up)

    1 C   s             0.011111   0.000101
          p_y           0.196603   0.051936
          p_z          -0.189528   0.048760
          p_x          -0.212427   0.060109

    2 C   s            -0.046213   0.001686
          p_y          -0.027596   0.001091
          p_z           0.028751   0.001069
          p_x           0.027510   0.001187

    3 C   s            -0.006877   0.000028
          p_y          -0.098995   0.012974
          p_z          -0.112250   0.017862
          p_x           0.304695   0.125950

    4 C   s            -0.083907   0.006237
          p_y          -0.068412   0.007020
          p_z           0.165535   0.041854
          p_x          -0.019288   0.000640

    5 C   s            -0.032212   0.000754
          p_y           0.040026   0.002241
          p_z          -0.104715   0.015345
          p_x           0.016788   0.000396

    6 H   s            -0.127742   0.013018

    7 C   s            -0.061430   0.003090
          p_y           0.010022   0.000149
          p_z           0.025752   0.000886
          p_x          -0.044830   0.002821

    8 C   s            -0.098817   0.007120
          p_y           0.052122   0.004677
          p_z           0.088721   0.011836
          p_x          -0.187394   0.057053

    9 C   s             0.032657   0.000853
          p_y           0.127250   0.020680
          p_z          -0.187605   0.045814
          p_x          -0.074801   0.006819

   10 H   s            -0.148003   0.015089

   11 C   s             0.025184   0.000541
          p_y           0.020474   0.000707
          p_z           0.006753   0.000044
          p_x          -0.048584   0.003746

   12 C   s            -0.013632   0.000109
          p_y           0.027116   0.001010
          p_z          -0.121545   0.020539
          p_x           0.058434   0.004803

   13 H   s            -0.111830   0.009408

   14 H   s            -0.286760   0.082178

   15 C   s            -0.004450   0.000008
          p_y          -0.062103   0.004661
          p_z          -0.028943   0.001255
          p_x           0.152998   0.029525

   16 C   s            -0.093158   0.007998
          p_y          -0.057438   0.005083
          p_z           0.132209   0.026962
          p_x          -0.009761   0.000149

   17 C   s            -0.052700   0.002213
          p_y          -0.044574   0.002908
          p_z           0.011237   0.000150
          p_x           0.077143   0.008928

   18 H   s             0.059235   0.003724

   19 C   s             0.025613   0.000503
          p_y          -0.048405   0.003750
          p_z           0.047048   0.003257
          p_x           0.051029   0.004465

   20 C   s            -0.057987   0.002932
          p_y          -0.010402   0.000180
          p_z           0.071625   0.008016
          p_x          -0.046515   0.003280

   21 C   s             0.048593   0.001859
          p_y           0.023164   0.000598
          p_z          -0.068111   0.005905
          p_x           0.017307   0.000508

   22 H   s            -0.062421   0.002211

   23 C   s            -0.052851   0.002224
          p_y           0.044546   0.002976
          p_z          -0.020502   0.000691
          p_x          -0.070707   0.007303

   24 H   s            -0.071287   0.004399

   25 H   s             0.086079   0.008579

   26 H   s            -0.049585   0.001640

   27 C   s             0.013316   0.000149
          p_y           0.003071   0.000028
          p_z          -0.053726   0.004010
          p_x           0.043897   0.002266

   28 C   s            -0.098287   0.009547
          p_y          -0.012243   0.000198
          p_z          -0.024353   0.001068
          p_x           0.046918   0.003415

   29 H   s            -0.083239   0.005944

   30 C   s            -0.060163   0.003299
          p_y           0.029098   0.001443
          p_z          -0.020070   0.000733
          p_x          -0.039646   0.002591

   31 C   s             0.057871   0.003354
          p_y           0.054817   0.004863
          p_z           0.028046   0.001480
          p_x          -0.135604   0.030700

   32 H   s            -0.056739   0.001380

   33 C   s             0.067861   0.003925
          p_y          -0.087792   0.011470
          p_z           0.055508   0.004541
          p_x           0.122721   0.022505

   34 H   s            -0.091127   0.006855

   35 H   s             0.033954   0.000356

   36 H   s             0.079682   0.004807

Eigenvector:  38    (up)

    1 C   s            -0.009289   0.000102
          p_y          -0.057793   0.004333
          p_z          -0.168691   0.038301
          p_x           0.276931   0.101648

    2 C   s             0.100818   0.008354
          p_y          -0.009858   0.000131
          p_z           0.153641   0.035208
          p_x          -0.125823   0.023967

    3 C   s             0.034547   0.000879
          p_y           0.165890   0.037367
          p_z          -0.175494   0.042514
          p_x          -0.163424   0.035654

    4 C   s             0.049508   0.001985
          p_y          -0.020606   0.000701
          p_z           0.103379   0.015813
          p_x          -0.054892   0.004064

    5 C   s            -0.035129   0.001087
          p_y          -0.027316   0.000890
          p_z          -0.126619   0.022743
          p_x           0.170981   0.039388

    6 H   s             0.168049   0.022505

    7 C   s             0.064250   0.003352
          p_y          -0.067272   0.006639
          p_z           0.170050   0.043242
          p_x          -0.026739   0.001171

    8 C   s             0.033713   0.000560
          p_y          -0.056600   0.004952
          p_z           0.063268   0.005837
          p_x           0.055090   0.004976

    9 C   s             0.021821   0.000303
          p_y          -0.022449   0.000658
          p_z          -0.119506   0.018392
          p_x           0.161433   0.033678

   10 H   s             0.109416   0.008069

   11 C   s             0.042289   0.001437
          p_y          -0.026525   0.000941
          p_z           0.148104   0.031422
          p_x          -0.087820   0.011489

   12 C   s            -0.014856   0.000200
          p_y           0.132587   0.023984
          p_z          -0.220229   0.067469
          p_x          -0.059722   0.004535

   13 H   s             0.134488   0.013368

   14 H   s             0.188986   0.034858

   15 C   s             0.040951   0.001160
          p_y           0.091936   0.010964
          p_z          -0.116060   0.017787
          p_x          -0.070358   0.006242

   16 C   s            -0.008433   0.000082
          p_y          -0.018994   0.000610
          p_z           0.042447   0.002686
          p_x          -0.002131  -0.000009

   17 C   s            -0.040531   0.001310
          p_y           0.047769   0.003561
          p_z          -0.074672   0.008621
          p_x          -0.027147   0.001175

   18 H   s             0.039395   0.001548

   19 C   s             0.040730   0.001279
          p_y          -0.088307   0.011850
          p_z           0.208804   0.064110
          p_x          -0.021453   0.000491

   20 C   s             0.013401   0.000113
          p_y          -0.003715   0.000011
          p_z           0.007687   0.000078
          p_x           0.000291  -0.000001

   21 C   s             0.038259   0.001051
          p_y           0.003112   0.000006
          p_z          -0.039287   0.001897
          p_x           0.027417   0.001029

   22 H   s             0.027571   0.000397

   23 C   s            -0.054523   0.002409
          p_y          -0.010801   0.000188
          p_z          -0.075588   0.008718
          p_x           0.090441   0.012658

   24 H   s            -0.051570   0.002250

   25 H   s             0.063931   0.004572

   26 H   s             0.038314   0.001030

   27 C   s             0.015108   0.000145
          p_y           0.010143   0.000149
          p_z          -0.036672   0.001752
          p_x           0.011319   0.000134

   28 C   s            -0.064767   0.004174
          p_y          -0.005163   0.000033
          p_z          -0.030341   0.001541
          p_x           0.037312   0.002171

   29 H   s            -0.085149   0.006075

   30 C   s            -0.036755   0.001246
          p_y           0.022711   0.000865
          p_z          -0.026192   0.001145
          p_x          -0.022246   0.000832

   31 C   s             0.035576   0.001247
          p_y           0.039557   0.002521
          p_z           0.023825   0.001037
          p_x          -0.101885   0.017220

   32 H   s            -0.039141   0.000677

   33 C   s             0.044950   0.001704
          p_y          -0.066099   0.006458
          p_z           0.044861   0.002961
          p_x           0.088621   0.011635

   34 H   s            -0.060656   0.003052

   35 H   s             0.021275   0.000139

   36 H   s             0.052191   0.002046

Eigenvector:  39    (up)

    1 C   s             0.000017   0.000000
          p_y           0.119698   0.018733
          p_z           0.058223   0.004435
          p_x           0.059403   0.004613

    2 C   s            -0.000147   0.000000
          p_y          -0.044504   0.002994
          p_z          -0.022217   0.000745
          p_x          -0.021955   0.000729

    3 C   s            -0.000160   0.000000
          p_y           0.110466   0.016370
          p_z           0.053908   0.003901
          p_x           0.055394   0.004117

    4 C   s            -0.000031   0.000000
          p_y           0.135578   0.027845
          p_z           0.063180   0.006049
          p_x           0.068080   0.007019

    5 C   s             0.000126   0.000000
          p_y          -0.224828   0.068205
          p_z          -0.104869   0.014835
          p_x          -0.112824   0.017175

    6 H   s            -0.000142   0.000000

    7 C   s            -0.000007  -0.000000
          p_y          -0.044982   0.003053
          p_z          -0.022605   0.000770
          p_x          -0.022287   0.000750

    8 C   s             0.000143   0.000000
          p_y           0.133294   0.026645
          p_z           0.062389   0.005839
          p_x           0.066910   0.006715

    9 C   s            -0.000121   0.000000
          p_y           0.233294   0.068529
          p_z           0.111901   0.015769
          p_x           0.116275   0.017019

   10 H   s            -0.000143   0.000000

   11 C   s            -0.000012   0.000000
          p_y          -0.170622   0.041428
          p_z          -0.081246   0.009394
          p_x          -0.085418   0.010383

   12 C   s             0.000087   0.000000
          p_y          -0.218305   0.064504
          p_z          -0.101619   0.013974
          p_x          -0.109722   0.016295

   13 H   s            -0.000095   0.000000

   14 H   s            -0.000186   0.000000

   15 C   s            -0.000198   0.000000
          p_y           0.223215   0.063850
          p_z           0.106855   0.014637
          p_x           0.111891   0.016046

   16 C   s             0.000280   0.000000
          p_y          -0.008570   0.000108
          p_z          -0.004824   0.000034
          p_x          -0.004325   0.000028

   17 C   s             0.000010  -0.000000
          p_y          -0.135575   0.027080
          p_z          -0.062535   0.005761
          p_x          -0.066969   0.006606

   18 H   s             0.000401   0.000000

   19 C   s            -0.000023   0.000000
          p_y          -0.154403   0.034691
          p_z          -0.073920   0.007950
          p_x          -0.077048   0.008637

   20 C   s             0.000205   0.000000
          p_y          -0.002916   0.000012
          p_z          -0.001646   0.000004
          p_x          -0.001273   0.000002

   21 C   s            -0.000227   0.000000
          p_y          -0.248194   0.075483
          p_z          -0.116217   0.016549
          p_x          -0.124162   0.018895

   22 H   s             0.000102   0.000000

   23 C   s             0.000193   0.000000
          p_y          -0.129272   0.024664
          p_z          -0.060259   0.005359
          p_x          -0.066348   0.006498

   24 H   s            -0.000020   0.000000

   25 H   s             0.000524   0.000000

   26 H   s             0.000086   0.000000

   27 C   s            -0.000096   0.000000
          p_y          -0.221576   0.062406
          p_z          -0.104208   0.013800
          p_x          -0.111593   0.015825

   28 C   s             0.000494   0.000000
          p_y          -0.103632   0.016998
          p_z          -0.049027   0.003803
          p_x          -0.052269   0.004322

   29 H   s             0.000205   0.000000

   30 C   s             0.000349   0.000000
          p_y          -0.106826   0.017872
          p_z          -0.050067   0.003925
          p_x          -0.053152   0.004423

   31 C   s            -0.000337   0.000000
          p_y          -0.062221   0.006499
          p_z          -0.029156   0.001428
          p_x          -0.030728   0.001586

   32 H   s             0.000341   0.000000

   33 C   s            -0.000195   0.000000
          p_y          -0.084497   0.010367
          p_z          -0.040052   0.002329
          p_x          -0.043022   0.002687

   34 H   s             0.000581   0.000000

   35 H   s            -0.000223   0.000000

   36 H   s            -0.000289   0.000000

Eigenvector:  40    (up)

    1 C   s            -0.016292   0.000227
          p_y          -0.020687   0.000550
          p_z           0.090867   0.010587
          p_x          -0.046206   0.002733

    2 C   s            -0.003271   0.000007
          p_y           0.021645   0.000672
          p_z          -0.074304   0.007779
          p_x           0.026113   0.000930

    3 C   s             0.045745   0.001733
          p_y           0.002240   0.000012
          p_z           0.041215   0.002241
          p_x          -0.044767   0.002867

    4 C   s             0.036728   0.001131
          p_y           0.021753   0.000701
          p_z          -0.037740   0.002064
          p_x          -0.007824   0.000099

    5 C   s             0.015588   0.000197
          p_y           0.012627   0.000196
          p_z           0.111360   0.016184
          p_x          -0.130664   0.022024

    6 H   s            -0.026493   0.000497

    7 C   s            -0.069426   0.004075
          p_y           0.006339   0.000065
          p_z           0.041831   0.002546
          p_x          -0.053021   0.004207

    8 C   s            -0.049251   0.002100
          p_y           0.040631   0.002457
          p_z          -0.089816   0.011609
          p_x           0.003873   0.000006

    9 C   s            -0.005505   0.000031
          p_y          -0.018077   0.000432
          p_z           0.038024   0.001950
          p_x           0.001216   0.000001

   10 H   s             0.023131   0.000396

   11 C   s            -0.055108   0.002266
          p_y          -0.010620   0.000214
          p_z          -0.084893   0.009622
          p_x           0.100664   0.014724

   12 C   s             0.020471   0.000341
          p_y          -0.032782   0.001375
          p_z          -0.031372   0.001183
          p_x           0.094509   0.011212

   13 H   s            -0.041493   0.001281

   14 H   s             0.003711   0.000006

   15 C   s             0.040907   0.001299
          p_y          -0.027452   0.000898
          p_z           0.170150   0.036516
          p_x          -0.105242   0.014376

   16 C   s            -0.007281   0.000049
          p_y           0.004651   0.000030
          p_z          -0.020087   0.000589
          p_x           0.010360   0.000164

   17 C   s             0.071939   0.004198
          p_y           0.034158   0.001637
          p_z           0.010288   0.000179
          p_x          -0.077502   0.008642

   18 H   s            -0.106234   0.011147

   19 C   s            -0.025703   0.000420
          p_y           0.015990   0.000443
          p_z           0.066497   0.006045
          p_x          -0.093926   0.013146

   20 C   s            -0.019416   0.000334
          p_y           0.057388   0.004797
          p_z          -0.182442   0.048432
          p_x           0.058395   0.004954

   21 C   s             0.027586   0.000605
          p_y          -0.013492   0.000278
          p_z           0.055004   0.004010
          p_x          -0.024359   0.000655

   22 H   s             0.006834   0.000033

   23 C   s            -0.004322   0.000019
          p_y          -0.044114   0.002729
          p_z          -0.049169   0.003353
          p_x           0.133946   0.025067

   24 H   s             0.119447   0.011519

   25 H   s            -0.116424   0.014426

   26 H   s             0.011750   0.000112

   27 C   s            -0.004469   0.000010
          p_y          -0.075119   0.006889
          p_z           0.219838   0.060803
          p_x          -0.056650   0.004355

   28 C   s            -0.143530   0.019882
          p_y           0.013915   0.000407
          p_z          -0.132181   0.027928
          p_x           0.095998   0.013388

   29 H   s            -0.001946   0.000002

   30 C   s            -0.052042   0.002351
          p_y           0.093708   0.013267
          p_z          -0.246403   0.092047
          p_x           0.043611   0.002925

   31 C   s             0.045878   0.002159
          p_y           0.098691   0.015438
          p_z           0.084134   0.012075
          p_x          -0.275154   0.122617

   32 H   s            -0.103346   0.004437

   33 C   s             0.006725   0.000049
          p_y          -0.220085   0.069381
          p_z           0.221837   0.069974
          p_x           0.231258   0.077108

   34 H   s            -0.140254   0.015340

   35 H   s             0.037858   0.000394

   36 H   s             0.013621   0.000144

Eigenvector:  41    (up)

    1 C   s             0.011415   0.000139
          p_y           0.039855   0.001949
          p_z          -0.084563   0.009248
          p_x          -0.000783  -0.000003

    2 C   s            -0.090261   0.006516
          p_y          -0.068684   0.006743
          p_z           0.149013   0.032044
          p_x          -0.005376   0.000052

    3 C   s            -0.009107   0.000043
          p_y          -0.008193   0.000065
          p_z          -0.051051   0.003607
          p_x           0.063572   0.005171

    4 C   s            -0.034166   0.000982
          p_y          -0.024372   0.000851
          p_z           0.058776   0.004907
          p_x          -0.006176   0.000050

    5 C   s             0.013355   0.000175
          p_y           0.163426   0.034215
          p_z          -0.134116   0.023034
          p_x          -0.202450   0.052525

    6 H   s            -0.118000   0.010345

    7 C   s            -0.065742   0.003403
          p_y          -0.012827   0.000284
          p_z           0.083583   0.010306
          p_x          -0.054936   0.004099

    8 C   s            -0.002844   0.000004
          p_y          -0.019043   0.000515
          p_z           0.068364   0.006607
          p_x          -0.025884   0.000940

    9 C   s             0.013839   0.000150
          p_y           0.012464   0.000188
          p_z          -0.042514   0.002304
          p_x           0.018619   0.000467

   10 H   s            -0.015077   0.000143

   11 C   s            -0.076515   0.004002
          p_y          -0.098912   0.013946
          p_z           0.119687   0.019785
          p_x           0.084235   0.010542

   12 C   s            -0.004984   0.000005
          p_y          -0.139274   0.024807
          p_z           0.043005   0.002379
          p_x           0.234965   0.070524

   13 H   s            -0.098147   0.006615

   14 H   s            -0.014549   0.000175

   15 C   s            -0.005686   0.000026
          p_y           0.021108   0.000567
          p_z          -0.083665   0.008833
          p_x           0.040191   0.002018

   16 C   s            -0.008351   0.000063
          p_y          -0.007952   0.000096
          p_z           0.018975   0.000520
          p_x          -0.001681   0.000002

   17 C   s             0.046435   0.001780
          p_y           0.182437   0.046493
          p_z          -0.158166   0.034416
          p_x          -0.216585   0.066205

   18 H   s            -0.252433   0.060927

   19 C   s            -0.083037   0.004278
          p_y           0.098316   0.014738
          p_z           0.004061   0.000010
          p_x          -0.200231   0.060399

   20 C   s             0.001031   0.000001
          p_y          -0.021539   0.000658
          p_z           0.073684   0.007792
          p_x          -0.026206   0.001004

   21 C   s             0.000936  -0.000000
          p_y           0.003167   0.000015
          p_z          -0.021637   0.000604
          p_x           0.011777   0.000170

   22 H   s            -0.001825   0.000003

   23 C   s             0.043731   0.001567
          p_y          -0.114757   0.018506
          p_z          -0.058957   0.004682
          p_x           0.282923   0.111577

   24 H   s             0.087906   0.006193

   25 H   s            -0.325236   0.111963

   26 H   s            -0.001107   0.000001

   27 C   s             0.006822   0.000031
          p_y           0.028420   0.000997
          p_z          -0.086590   0.009345
          p_x           0.022771   0.000662

   28 C   s             0.031455   0.000941
          p_y          -0.004469   0.000040
          p_z           0.030822   0.001507
          p_x          -0.021013   0.000623

   29 H   s             0.116252   0.010672

   30 C   s             0.005989   0.000029
          p_y          -0.026045   0.000995
          p_z           0.077772   0.009000
          p_x          -0.021968   0.000742

   31 C   s            -0.009235   0.000092
          p_y          -0.022452   0.000793
          p_z          -0.020128   0.000687
          p_x           0.062759   0.006336

   32 H   s             0.024420   0.000245

   33 C   s             0.010780   0.000089
          p_y           0.056451   0.004518
          p_z          -0.063134   0.005599
          p_x          -0.054566   0.004263

   34 H   s             0.031372   0.000749

   35 H   s            -0.009083   0.000021

   36 H   s             0.009952   0.000068

Eigenvector:  42    (up)

    1 C   s             0.050330   0.002029
          p_y          -0.001279   0.000006
          p_z          -0.066165   0.005176
          p_x           0.064401   0.005350

    2 C   s            -0.041668   0.001468
          p_y          -0.054016   0.004160
          p_z           0.138860   0.026893
          p_x          -0.023487   0.000691

    3 C   s            -0.046445   0.001799
          p_y          -0.056074   0.004129
          p_z           0.137296   0.023930
          p_x          -0.018804   0.000357

    4 C   s            -0.083921   0.005929
          p_y          -0.024716   0.000943
          p_z          -0.000920   0.000000
          p_x           0.049885   0.003782

    5 C   s             0.002393   0.000002
          p_y           0.047693   0.002827
          p_z          -0.161545   0.032385
          p_x           0.057562   0.004102

    6 H   s            -0.007870   0.000059

    7 C   s             0.039644   0.001302
          p_y           0.038274   0.002005
          p_z          -0.169996   0.040277
          p_x           0.084130   0.010028

    8 C   s             0.085095   0.005908
          p_y          -0.023807   0.000900
          p_z          -0.023013   0.000701
          p_x           0.069093   0.007187

    9 C   s             0.058707   0.002685
          p_y          -0.063642   0.005046
          p_z           0.126926   0.019433
          p_x           0.006898   0.000092

   10 H   s            -0.012292   0.000137

   11 C   s             0.034588   0.000893
          p_y          -0.027075   0.000898
          p_z           0.142837   0.026847
          p_x          -0.079006   0.008597

   12 C   s             0.003417   0.000010
          p_y          -0.058380   0.004285
          p_z           0.205274   0.053070
          p_x          -0.076403   0.007371

   13 H   s             0.008301   0.000058

   14 H   s             0.033769   0.001173

   15 C   s            -0.050444   0.002034
          p_y          -0.000743   0.000003
          p_z          -0.046176   0.002456
          p_x           0.045396   0.002680

   16 C   s            -0.058289   0.002884
          p_y           0.032421   0.001425
          p_z          -0.164731   0.038055
          p_x           0.091278   0.011962

   17 C   s            -0.057461   0.002693
          p_y           0.032899   0.001461
          p_z          -0.068198   0.006405
          p_x          -0.001276  -0.000000

   18 H   s             0.020475   0.000448

   19 C   s            -0.035824   0.001004
          p_y           0.068294   0.006520
          p_z          -0.187450   0.047739
          p_x           0.039823   0.001942

   20 C   s             0.047154   0.001897
          p_y          -0.048105   0.003375
          p_z           0.112018   0.017815
          p_x          -0.009425   0.000091

   21 C   s             0.031958   0.000789
          p_y          -0.075072   0.006780
          p_z           0.252411   0.074764
          p_x          -0.087385   0.008576

   22 H   s            -0.003137   0.000008

   23 C   s             0.066570   0.003585
          p_y           0.004531   0.000026
          p_z           0.076699   0.008197
          p_x          -0.080101   0.008844

   24 H   s            -0.100365   0.007821

   25 H   s            -0.009831   0.000129

   26 H   s             0.012905   0.000146

   27 C   s            -0.015735   0.000184
          p_y           0.037823   0.001741
          p_z          -0.162172   0.031500
          p_x           0.078087   0.007190

   28 C   s            -0.058537   0.003665
          p_y           0.072446   0.008124
          p_z          -0.271508   0.110781
          p_x           0.109888   0.017430

   29 H   s             0.107767   0.009046

   30 C   s            -0.075791   0.004843
          p_y          -0.000146  -0.000001
          p_z           0.089363   0.010992
          p_x          -0.083139   0.010285

   31 C   s            -0.090978   0.008521
          p_y           0.071276   0.008406
          p_z           0.107503   0.016819
          p_x          -0.242277   0.092272

   32 H   s            -0.060687   0.001383

   33 C   s             0.131648   0.014294
          p_y          -0.056357   0.004483
          p_z          -0.001621  -0.000001
          p_x           0.113927   0.017986

   34 H   s            -0.089533   0.006332

   35 H   s            -0.059560   0.000908

   36 H   s             0.148718   0.015339

Eigenvector:  43    (up)

    1 C   s            -0.000049   0.000000
          p_y          -0.312781   0.118706
          p_z          -0.148203   0.026651
          p_x          -0.156784   0.029828

    2 C   s             0.000133   0.000000
          p_y          -0.116926   0.018932
          p_z          -0.055664   0.004291
          p_x          -0.058623   0.004759

    3 C   s            -0.000030   0.000000
          p_y          -0.280085   0.097621
          p_z          -0.132842   0.021959
          p_x          -0.140086   0.024420

    4 C   s            -0.000002  -0.000000
          p_y          -0.017598   0.000450
          p_z          -0.008447   0.000104
          p_x          -0.008795   0.000112

    5 C   s            -0.000030   0.000000
          p_y           0.067340   0.005655
          p_z           0.032084   0.001283
          p_x           0.034440   0.001479

    6 H   s             0.000167   0.000000

    7 C   s             0.000141   0.000000
          p_y          -0.102608   0.014621
          p_z          -0.048600   0.003281
          p_x          -0.051274   0.003651

    8 C   s            -0.000059   0.000000
          p_y          -0.008558   0.000110
          p_z          -0.004035   0.000024
          p_x          -0.004383   0.000029

    9 C   s            -0.000058   0.000000
          p_y           0.274911   0.088309
          p_z           0.130328   0.019847
          p_x           0.137448   0.022073

   10 H   s            -0.000087   0.000000

   11 C   s             0.000178   0.000000
          p_y           0.166094   0.036359
          p_z           0.077740   0.007964
          p_x           0.082857   0.009046

   12 C   s            -0.000017   0.000000
          p_y           0.067196   0.005660
          p_z           0.031302   0.001228
          p_x           0.033040   0.001369

   13 H   s             0.000156   0.000000

   14 H   s            -0.000138   0.000000

   15 C   s            -0.000025   0.000000
          p_y           0.263137   0.082334
          p_z           0.124791   0.018518
          p_x           0.131878   0.020680

   16 C   s             0.000066   0.000000
          p_y           0.068147   0.006596
          p_z           0.032268   0.001479
          p_x           0.034055   0.001647

   17 C   s            -0.000124   0.000000
          p_y           0.191131   0.049778
          p_z           0.090074   0.011054
          p_x           0.096533   0.012697

   18 H   s             0.000593   0.000000

   19 C   s             0.000208   0.000000
          p_y           0.148866   0.029837
          p_z           0.070224   0.006640
          p_x           0.075339   0.007646

   20 C   s            -0.000015   0.000000
          p_y           0.065621   0.006117
          p_z           0.031064   0.001371
          p_x           0.032872   0.001535

   21 C   s            -0.000053   0.000000
          p_y          -0.116714   0.015506
          p_z          -0.055112   0.003458
          p_x          -0.058332   0.003874

   22 H   s             0.000013   0.000000

   23 C   s            -0.000127   0.000000
          p_y           0.185248   0.046834
          p_z           0.086901   0.010306
          p_x           0.092353   0.011642

   24 H   s            -0.000267   0.000000

   25 H   s             0.000707   0.000001

   26 H   s            -0.000000   0.000000

   27 C   s             0.000015   0.000000
          p_y          -0.111145   0.014588
          p_z          -0.052428   0.003246
          p_x          -0.055915   0.003691

   28 C   s             0.000175   0.000000
          p_y          -0.077310   0.008762
          p_z          -0.036171   0.001918
          p_x          -0.038949   0.002223

   29 H   s            -0.000298   0.000000

   30 C   s             0.000130   0.000000
          p_y          -0.090996   0.011986
          p_z          -0.042647   0.002632
          p_x          -0.045466   0.002992

   31 C   s             0.000012   0.000000
          p_y          -0.066565   0.006845
          p_z          -0.031300   0.001514
          p_x          -0.033066   0.001690

   32 H   s             0.000163   0.000000

   33 C   s            -0.000079   0.000000
          p_y          -0.096664   0.012555
          p_z          -0.045555   0.002789
          p_x          -0.048799   0.003200

   34 H   s             0.000249   0.000000

   35 H   s            -0.000007   0.000000

   36 H   s            -0.000126   0.000000

Eigenvector:  44    (up)

    1 C   s             0.000040   0.000000
          p_y           0.190390   0.042747
          p_z           0.090429   0.009643
          p_x           0.095353   0.010721

    2 C   s             0.000059   0.000000
          p_y           0.166945   0.037280
          p_z           0.078818   0.008310
          p_x           0.083693   0.009370

    3 C   s            -0.000029   0.000000
          p_y          -0.189461   0.043512
          p_z          -0.089982   0.009815
          p_x          -0.094839   0.010904

    4 C   s             0.000006   0.000000
          p_y           0.207608   0.058193
          p_z           0.098299   0.013048
          p_x           0.103942   0.014587

    5 C   s             0.000113   0.000000
          p_y           0.121901   0.018028
          p_z           0.057654   0.004032
          p_x           0.061124   0.004532

    6 H   s             0.000012   0.000000

    7 C   s            -0.000048   0.000000
          p_y          -0.174973   0.041043
          p_z          -0.082578   0.009142
          p_x          -0.087621   0.010292

    8 C   s            -0.000012   0.000000
          p_y          -0.227827   0.069398
          p_z          -0.107879   0.015562
          p_x          -0.114067   0.017396

    9 C   s            -0.000038   0.000000
          p_y           0.215339   0.052945
          p_z           0.102231   0.011933
          p_x           0.107792   0.013267

   10 H   s             0.000022   0.000000

   11 C   s             0.000010  -0.000000
          p_y           0.111259   0.015673
          p_z           0.052103   0.003437
          p_x           0.055696   0.003928

   12 C   s            -0.000117   0.000000
          p_y          -0.137169   0.022888
          p_z          -0.064859   0.005117
          p_x          -0.068680   0.005739

   13 H   s             0.000016   0.000000

   14 H   s             0.000024   0.000000

   15 C   s             0.000055   0.000000
          p_y          -0.235632   0.064511
          p_z          -0.111879   0.014543
          p_x          -0.118012   0.016180

   16 C   s            -0.000039   0.000000
          p_y           0.188750   0.048645
          p_z           0.089130   0.010848
          p_x           0.094509   0.012195

   17 C   s             0.000086   0.000000
          p_y           0.045735   0.002735
          p_z           0.021543   0.000607
          p_x           0.022967   0.000690

   18 H   s             0.000078   0.000000

   19 C   s            -0.000002  -0.000000
          p_y          -0.108763   0.015299
          p_z          -0.051036   0.003369
          p_x          -0.054762   0.003879

   20 C   s             0.000070   0.000000
          p_y          -0.191064   0.050019
          p_z          -0.090223   0.011155
          p_x          -0.095779   0.012570

   21 C   s            -0.000096   0.000000
          p_y           0.172856   0.033206
          p_z           0.081751   0.007427
          p_x           0.086596   0.008335

   22 H   s             0.000023   0.000000

   23 C   s            -0.000101   0.000000
          p_y          -0.042789   0.002402
          p_z          -0.020170   0.000534
          p_x          -0.021407   0.000601

   24 H   s             0.000061   0.000000

   25 H   s            -0.000108   0.000000

   26 H   s             0.000022   0.000000

   27 C   s             0.000111   0.000000
          p_y          -0.158391   0.029072
          p_z          -0.074909   0.006501
          p_x          -0.079446   0.007312

   28 C   s            -0.000042   0.000000
          p_y           0.074459   0.007746
          p_z           0.034833   0.001695
          p_x           0.037469   0.001961

   29 H   s            -0.000068   0.000000

   30 C   s             0.000018   0.000000
          p_y          -0.107143   0.015971
          p_z          -0.050166   0.003501
          p_x          -0.053658   0.004006

   31 C   s            -0.000143   0.000000
          p_y           0.003170   0.000017
          p_z           0.001563   0.000004
          p_x           0.001480   0.000004

   32 H   s            -0.000065   0.000000

   33 C   s             0.000110   0.000000
          p_y          -0.072376   0.006772
          p_z          -0.034060   0.001499
          p_x          -0.036345   0.001707

   34 H   s             0.000087   0.000000

   35 H   s            -0.000072   0.000000

   36 H   s             0.000073   0.000000

Eigenvector:  45    (up)

    1 C   s            -0.007997   0.000050
          p_y           0.068407   0.005349
          p_z          -0.220198   0.055150
          p_x           0.072118   0.005860

    2 C   s             0.022464   0.000383
          p_y          -0.049709   0.003142
          p_z           0.192621   0.047873
          p_x          -0.082231   0.008878

    3 C   s             0.006865   0.000037
          p_y          -0.066891   0.005216
          p_z           0.234455   0.064252
          p_x          -0.088764   0.009248

    4 C   s            -0.007783   0.000052
          p_y          -0.063885   0.005324
          p_z           0.210575   0.057535
          p_x          -0.071663   0.006601

    5 C   s            -0.027747   0.000627
          p_y           0.060935   0.004426
          p_z          -0.164892   0.031665
          p_x           0.034115   0.001242

    6 H   s             0.001883   0.000005

    7 C   s            -0.028328   0.000626
          p_y           0.070147   0.006478
          p_z          -0.211737   0.058212
          p_x           0.059444   0.004436

    8 C   s             0.009469   0.000076
          p_y           0.062441   0.004963
          p_z          -0.224399   0.064849
          p_x           0.087674   0.010061

    9 C   s             0.004333   0.000015
          p_y           0.058933   0.003817
          p_z          -0.214196   0.050762
          p_x           0.085473   0.008159

   10 H   s            -0.003526   0.000008

   11 C   s             0.043443   0.001378
          p_y          -0.020934   0.000492
          p_z           0.122045   0.018264
          p_x          -0.071677   0.006605

   12 C   s             0.029027   0.000675
          p_y          -0.040422   0.001844
          p_z           0.171627   0.034407
          p_x          -0.081484   0.008018

   13 H   s            -0.006714   0.000038

   14 H   s             0.006082   0.000034

   15 C   s            -0.005256   0.000021
          p_y          -0.070276   0.005602
          p_z           0.228915   0.059095
          p_x          -0.076589   0.006546

   16 C   s            -0.024609   0.000496
          p_y          -0.059555   0.004708
          p_z           0.180755   0.042680
          p_x          -0.051538   0.003340

   17 C   s            -0.046298   0.001673
          p_y           0.031218   0.001247
          p_z          -0.054635   0.003837
          p_x          -0.010788   0.000146

   18 H   s             0.006690   0.000057

   19 C   s            -0.045597   0.001548
          p_y           0.056826   0.004213
          p_z          -0.142475   0.025660
          p_x           0.019556   0.000393

   20 C   s             0.028183   0.000635
          p_y           0.047455   0.002894
          p_z          -0.187840   0.046270
          p_x           0.082270   0.009080

   21 C   s             0.014362   0.000150
          p_y           0.040139   0.001729
          p_z          -0.166964   0.030245
          p_x           0.077373   0.006570

   22 H   s            -0.005137   0.000018

   23 C   s             0.050496   0.001985
          p_y           0.003309   0.000014
          p_z           0.048748   0.003073
          p_x          -0.052205   0.003523

   24 H   s            -0.070916   0.003625

   25 H   s            -0.008635   0.000095

   26 H   s             0.005738   0.000026

   27 C   s            -0.020246   0.000309
          p_y          -0.061257   0.004317
          p_z           0.179262   0.036307
          p_x          -0.047031   0.002381

   28 C   s            -0.019420   0.000228
          p_y          -0.047648   0.003186
          p_z           0.138308   0.026463
          p_x          -0.034299   0.001563

   29 H   s             0.074878   0.004049

   30 C   s             0.050233   0.002019
          p_y           0.017591   0.000368
          p_z          -0.112587   0.016795
          p_x           0.069847   0.006795

   31 C   s             0.063315   0.003910
          p_y          -0.019643   0.000649
          p_z          -0.040080   0.002000
          p_x           0.076518   0.008596

   32 H   s             0.009833   0.000021

   33 C   s            -0.071876   0.004040
          p_y          -0.018372   0.000436
          p_z           0.046722   0.002739
          p_x          -0.007302   0.000057

   34 H   s             0.017664   0.000259

   35 H   s             0.043285   0.000437

   36 H   s            -0.076408   0.003747

Eigenvector:  46    (up)

    1 C   s             0.000016   0.000000
          p_y           0.103399   0.012159
          p_z           0.049112   0.002743
          p_x           0.051768   0.003047

    2 C   s             0.000074   0.000000
          p_y           0.171908   0.038175
          p_z           0.081215   0.008521
          p_x           0.086166   0.009591

    3 C   s            -0.000015   0.000000
          p_y          -0.096592   0.010917
          p_z          -0.045884   0.002464
          p_x          -0.048339   0.002734

    4 C   s             0.000030   0.000000
          p_y           0.007403   0.000072
          p_z           0.003430   0.000016
          p_x           0.003700   0.000018

    5 C   s             0.000166   0.000000
          p_y           0.179837   0.037835
          p_z           0.084905   0.008432
          p_x           0.090164   0.009508

    6 H   s             0.000002   0.000000

    7 C   s            -0.000082   0.000000
          p_y          -0.211179   0.057651
          p_z          -0.099787   0.012873
          p_x          -0.105741   0.014453

    8 C   s            -0.000033   0.000000
          p_y           0.017336   0.000381
          p_z           0.008285   0.000087
          p_x           0.008638   0.000094

    9 C   s             0.000016   0.000000
          p_y          -0.092401   0.009433
          p_z          -0.043748   0.002115
          p_x          -0.046278   0.002366

   10 H   s             0.000010   0.000000

   11 C   s             0.000050   0.000000
          p_y           0.248157   0.075328
          p_z           0.116407   0.016575
          p_x           0.124187   0.018865

   12 C   s            -0.000172   0.000000
          p_y          -0.246803   0.071381
          p_z          -0.116523   0.015911
          p_x          -0.123633   0.017916

   13 H   s             0.000008   0.000000

   14 H   s            -0.000016   0.000000

   15 C   s            -0.000019   0.000000
          p_y           0.124465   0.017365
          p_z           0.058953   0.003896
          p_x           0.062348   0.004357

   16 C   s             0.000061   0.000000
          p_y          -0.182244   0.043709
          p_z          -0.086252   0.009791
          p_x          -0.091230   0.010953

   17 C   s             0.000086   0.000000
          p_y           0.136372   0.023440
          p_z           0.064040   0.005168
          p_x           0.068453   0.005905

   18 H   s             0.000145   0.000000

   19 C   s            -0.000037   0.000000
          p_y          -0.216019   0.058250
          p_z          -0.101547   0.012872
          p_x          -0.108726   0.014757

   20 C   s            -0.000089   0.000000
          p_y           0.162251   0.034815
          p_z           0.076762   0.007793
          p_x           0.081292   0.008740

   21 C   s             0.000103   0.000000
          p_y          -0.237131   0.060245
          p_z          -0.111922   0.013421
          p_x          -0.118860   0.015139

   22 H   s            -0.000015   0.000000

   23 C   s            -0.000133   0.000000
          p_y          -0.067997   0.005840
          p_z          -0.032020   0.001295
          p_x          -0.034084   0.001468

   24 H   s             0.000001   0.000000

   25 H   s            -0.000173   0.000000

   26 H   s            -0.000021   0.000000

   27 C   s            -0.000118   0.000000
          p_y           0.173580   0.033806
          p_z           0.081879   0.007521
          p_x           0.087075   0.008505

   28 C   s             0.000067   0.000000
          p_y          -0.098089   0.012914
          p_z          -0.046074   0.002849
          p_x          -0.049340   0.003267

   29 H   s            -0.000039   0.000000

   30 C   s            -0.000075   0.000000
          p_y           0.177446   0.042312
          p_z           0.083278   0.009319
          p_x           0.088801   0.010597

   31 C   s             0.000117   0.000000
          p_y           0.022850   0.000723
          p_z           0.010659   0.000157
          p_x           0.011506   0.000183

   32 H   s             0.000068   0.000000

   33 C   s            -0.000036   0.000000
          p_y           0.160009   0.031898
          p_z           0.075118   0.007029
          p_x           0.080333   0.008039

   34 H   s            -0.000136   0.000000

   35 H   s             0.000043   0.000000

   36 H   s             0.000021   0.000000

Eigenvector:  47    (up)

    1 C   s             0.000014   0.000000
          p_y          -0.154548   0.026161
          p_z          -0.073305   0.005886
          p_x          -0.077409   0.006563

    2 C   s             0.000029   0.000000
          p_y           0.120037   0.018044
          p_z           0.056839   0.004046
          p_x           0.060150   0.004531

    3 C   s             0.000017   0.000000
          p_y          -0.131342   0.019347
          p_z          -0.062326   0.004356
          p_x          -0.065710   0.004842

    4 C   s            -0.000003   0.000000
          p_y          -0.109945   0.015253
          p_z          -0.052153   0.003432
          p_x          -0.055030   0.003821

    5 C   s             0.000042   0.000000
          p_y           0.312813   0.110543
          p_z           0.147636   0.024623
          p_x           0.156871   0.027799

    6 H   s             0.000026   0.000000

    7 C   s             0.000007   0.000000
          p_y           0.055800   0.003882
          p_z           0.026479   0.000874
          p_x           0.027921   0.000972

    8 C   s            -0.000018   0.000000
          p_y          -0.030530   0.001161
          p_z          -0.014447   0.000260
          p_x          -0.015304   0.000292

    9 C   s            -0.000006   0.000000
          p_y          -0.009354   0.000099
          p_z          -0.004432   0.000022
          p_x          -0.004703   0.000025

   10 H   s            -0.000017   0.000000

   11 C   s             0.000034   0.000000
          p_y          -0.030282   0.001130
          p_z          -0.014333   0.000253
          p_x          -0.015172   0.000284

   12 C   s            -0.000042   0.000000
          p_y           0.198596   0.044533
          p_z           0.093732   0.009920
          p_x           0.099470   0.011171

   13 H   s             0.000022   0.000000

   14 H   s            -0.000023   0.000000

   15 C   s            -0.000024   0.000000
          p_y           0.093834   0.009535
          p_z           0.044454   0.002140
          p_x           0.047014   0.002394

   16 C   s             0.000014   0.000000
          p_y           0.023371   0.000685
          p_z           0.011070   0.000154
          p_x           0.011687   0.000171

   17 C   s             0.000137   0.000000
          p_y          -0.298469   0.109304
          p_z          -0.139840   0.023994
          p_x          -0.149813   0.027539

   18 H   s             0.000027   0.000000

   19 C   s            -0.000017   0.000000
          p_y          -0.171483   0.035886
          p_z          -0.080742   0.007955
          p_x          -0.086235   0.009076

   20 C   s            -0.000010   0.000000
          p_y           0.097958   0.012258
          p_z           0.046389   0.002749
          p_x           0.049087   0.003078

   21 C   s            -0.000002   0.000000
          p_y           0.039797   0.001608
          p_z           0.018813   0.000359
          p_x           0.019973   0.000405

   22 H   s             0.000002  -0.000000

   23 C   s             0.000075   0.000000
          p_y          -0.365116   0.163624
          p_z          -0.171254   0.035997
          p_x          -0.183324   0.041252

   24 H   s             0.000129   0.000000

   25 H   s            -0.000045   0.000000

   26 H   s            -0.000006   0.000000

   27 C   s             0.000010   0.000000
          p_y           0.061734   0.004053
          p_z           0.029133   0.000903
          p_x           0.030907   0.001016

   28 C   s             0.000029   0.000000
          p_y          -0.065895   0.005849
          p_z          -0.031018   0.001296
          p_x          -0.033127   0.001478

   29 H   s             0.000092   0.000000

   30 C   s             0.000023   0.000000
          p_y          -0.104517   0.014327
          p_z          -0.049090   0.003160
          p_x          -0.052317   0.003590

   31 C   s            -0.000044   0.000000
          p_y          -0.136420   0.025697
          p_z          -0.064000   0.005656
          p_x          -0.068465   0.006473

   32 H   s             0.000031   0.000000

   33 C   s            -0.000056   0.000000
          p_y          -0.214973   0.055856
          p_z          -0.100820   0.012285
          p_x          -0.107918   0.014076

   34 H   s             0.000070   0.000000

   35 H   s            -0.000027   0.000000

   36 H   s            -0.000072   0.000000

Eigenvector:  48    (up)

    1 C   s            -0.000018   0.000000
          p_y           0.048274   0.002491
          p_z           0.022987   0.000565
          p_x           0.024168   0.000624

    2 C   s             0.000003   0.000000
          p_y          -0.013434   0.000224
          p_z          -0.006460   0.000052
          p_x          -0.006714   0.000056

    3 C   s             0.000007   0.000000
          p_y           0.181124   0.036509
          p_z           0.085788   0.008190
          p_x           0.090672   0.009149

    4 C   s             0.000028   0.000000
          p_y          -0.114973   0.016473
          p_z          -0.054601   0.003715
          p_x          -0.057549   0.004127

    5 C   s             0.000075   0.000000
          p_y          -0.063158   0.004433
          p_z          -0.029782   0.000986
          p_x          -0.031718   0.001118

    6 H   s            -0.000019   0.000000

    7 C   s            -0.000024   0.000000
          p_y          -0.032248   0.001285
          p_z          -0.015202   0.000286
          p_x          -0.016156   0.000322

    8 C   s             0.000014   0.000000
          p_y           0.131264   0.021358
          p_z           0.062338   0.004817
          p_x           0.065696   0.005350

    9 C   s             0.000005  -0.000000
          p_y          -0.219363   0.050484
          p_z          -0.103946   0.011336
          p_x          -0.109817   0.012653

   10 H   s             0.000013   0.000000

   11 C   s             0.000001  -0.000000
          p_y           0.165061   0.032085
          p_z           0.077485   0.007070
          p_x           0.082633   0.008041

   12 C   s            -0.000074   0.000000
          p_y          -0.215533   0.051983
          p_z          -0.101754   0.011586
          p_x          -0.107937   0.013038

   13 H   s            -0.000006   0.000000

   14 H   s             0.000012   0.000000

   15 C   s            -0.000026   0.000000
          p_y           0.003440   0.000018
          p_z           0.001521   0.000004
          p_x           0.001732   0.000005

   16 C   s             0.000015   0.000000
          p_y           0.011607   0.000161
          p_z           0.005502   0.000036
          p_x           0.005801   0.000040

   17 C   s            -0.000012   0.000000
          p_y           0.213726   0.055248
          p_z           0.100205   0.012144
          p_x           0.107263   0.013915

   18 H   s             0.000046   0.000000

   19 C   s            -0.000011  -0.000000
          p_y          -0.091908   0.010055
          p_z          -0.043151   0.002217
          p_x          -0.046261   0.002547

   20 C   s             0.000008   0.000000
          p_y           0.061009   0.004692
          p_z           0.028986   0.001059
          p_x           0.030557   0.001177

   21 C   s            -0.000045   0.000000
          p_y           0.223645   0.050904
          p_z           0.105613   0.011352
          p_x           0.112075   0.012784

   22 H   s             0.000010   0.000000

   23 C   s            -0.000102   0.000000
          p_y           0.086541   0.009098
          p_z           0.040518   0.001994
          p_x           0.043494   0.002298

   24 H   s            -0.000055   0.000000

   25 H   s            -0.000090   0.000000

   26 H   s            -0.000004   0.000000

   27 C   s             0.000075   0.000000
          p_y           0.086756   0.007757
          p_z           0.040918   0.001726
          p_x           0.043468   0.001948

   28 C   s            -0.000007   0.000000
          p_y          -0.014913   0.000351
          p_z          -0.007134   0.000080
          p_x          -0.007485   0.000088

   29 H   s            -0.000043   0.000000

   30 C   s             0.000034   0.000000
          p_y          -0.222867   0.064330
          p_z          -0.104650   0.014183
          p_x          -0.111571   0.016123

   31 C   s            -0.000137   0.000000
          p_y          -0.208528   0.059160
          p_z          -0.097783   0.013010
          p_x          -0.104727   0.014923

   32 H   s            -0.000020   0.000000

   33 C   s            -0.000070   0.000000
          p_y          -0.409230   0.199863
          p_z          -0.191918   0.043956
          p_x          -0.205399   0.050348

   34 H   s             0.000114   0.000000

   35 H   s            -0.000064   0.000000

   36 H   s            -0.000105   0.000000

Eigenvector:  49    (up)

    1 C   s            -0.000039   0.000000
          p_y          -0.204453   0.044305
          p_z          -0.096848   0.009942
          p_x          -0.102422   0.011118

    2 C   s             0.000004   0.000000
          p_y          -0.066785   0.005360
          p_z          -0.031679   0.001206
          p_x          -0.033461   0.001346

    3 C   s             0.000037   0.000000
          p_y           0.147559   0.023764
          p_z           0.069850   0.005325
          p_x           0.073897   0.005960

    4 C   s             0.000002   0.000000
          p_y          -0.165436   0.033343
          p_z          -0.078549   0.007517
          p_x          -0.082794   0.008351

    5 C   s             0.000095   0.000000
          p_y           0.113724   0.014039
          p_z           0.053701   0.003130
          p_x           0.056994   0.003526

    6 H   s            -0.000014   0.000000

    7 C   s            -0.000009   0.000000
          p_y           0.062988   0.004795
          p_z           0.029888   0.001079
          p_x           0.031506   0.001200

    8 C   s            -0.000000   0.000000
          p_y           0.210058   0.053124
          p_z           0.099707   0.011969
          p_x           0.105118   0.013303

    9 C   s             0.000012   0.000000
          p_y          -0.016641   0.000292
          p_z          -0.007800   0.000064
          p_x          -0.008376   0.000074

   10 H   s            -0.000012   0.000000

   11 C   s             0.000027   0.000000
          p_y           0.212616   0.051625
          p_z           0.099738   0.011360
          p_x           0.106433   0.012937

   12 C   s            -0.000093   0.000000
          p_y          -0.063365   0.004384
          p_z          -0.029949   0.000979
          p_x          -0.031742   0.001101

   13 H   s             0.000012   0.000000

   14 H   s            -0.000010   0.000000

   15 C   s             0.000009   0.000000
          p_y           0.112976   0.013257
          p_z           0.053514   0.002975
          p_x           0.056578   0.003325

   16 C   s            -0.000036   0.000000
          p_y           0.064944   0.005200
          p_z           0.030641   0.001158
          p_x           0.032528   0.001304

   17 C   s             0.000060   0.000000
          p_y           0.078284   0.007163
          p_z           0.036770   0.001580
          p_x           0.039290   0.001804

   18 H   s             0.000088   0.000000

   19 C   s            -0.000016  -0.000000
          p_y          -0.219618   0.056301
          p_z          -0.103277   0.012450
          p_x          -0.110464   0.014244

   20 C   s             0.000030   0.000000
          p_y          -0.151338   0.028164
          p_z          -0.071595   0.006304
          p_x          -0.075854   0.007076

   21 C   s            -0.000112   0.000000
          p_y           0.110131   0.012392
          p_z           0.052001   0.002763
          p_x           0.055169   0.003111

   22 H   s             0.000006   0.000000

   23 C   s            -0.000054   0.000000
          p_y          -0.152618   0.027406
          p_z          -0.071656   0.006041
          p_x          -0.076622   0.006908

   24 H   s            -0.000011   0.000000

   25 H   s            -0.000092   0.000000

   26 H   s             0.000015   0.000000

   27 C   s             0.000109   0.000000
          p_y          -0.312876   0.101433
          p_z          -0.147674   0.022595
          p_x          -0.156845   0.025488

   28 C   s            -0.000077   0.000000
          p_y           0.239015   0.072917
          p_z           0.112384   0.016119
          p_x           0.120170   0.018430

   29 H   s             0.000022   0.000000

   30 C   s             0.000024   0.000000
          p_y          -0.063590   0.004956
          p_z          -0.029734   0.001084
          p_x          -0.031848   0.001243

   31 C   s            -0.000039   0.000000
          p_y           0.240014   0.076506
          p_z           0.112657   0.016855
          p_x           0.120458   0.019272

   32 H   s            -0.000096   0.000000

   33 C   s             0.000146   0.000000
          p_y           0.180355   0.037830
          p_z           0.084467   0.008298
          p_x           0.090503   0.009526

   34 H   s             0.000044   0.000000

   35 H   s             0.000006  -0.000000

   36 H   s             0.000098   0.000000

Eigenvector:  50    (up)

    1 C   s             0.000054   0.000000
          p_y           0.142530   0.019955
          p_z           0.067564   0.004484
          p_x           0.071405   0.005008

    2 C   s             0.000018   0.000000
          p_y           0.246895   0.068026
          p_z           0.116875   0.015243
          p_x           0.123753   0.017091

    3 C   s            -0.000049   0.000000
          p_y          -0.175248   0.030954
          p_z          -0.083053   0.006952
          p_x          -0.087698   0.007752

    4 C   s            -0.000003   0.000000
          p_y          -0.075962   0.006476
          p_z          -0.036042   0.001458
          p_x          -0.038008   0.001621

    5 C   s            -0.000036   0.000000
          p_y           0.058787   0.003521
          p_z           0.027715   0.000783
          p_x           0.029538   0.000889

    6 H   s             0.000044   0.000000

    7 C   s            -0.000015   0.000000
          p_y          -0.259915   0.075475
          p_z          -0.123000   0.016902
          p_x          -0.130068   0.018901

    8 C   s             0.000007   0.000000
          p_y           0.091104   0.009203
          p_z           0.043225   0.002072
          p_x           0.045607   0.002306

    9 C   s             0.000053   0.000000
          p_y          -0.209885   0.042008
          p_z          -0.099460   0.009433
          p_x          -0.105070   0.010528

   10 H   s             0.000004   0.000000

   11 C   s            -0.000015   0.000000
          p_y          -0.218743   0.050744
          p_z          -0.102663   0.011177
          p_x          -0.109511   0.012718

   12 C   s             0.000026   0.000000
          p_y          -0.037189   0.001415
          p_z          -0.017503   0.000314
          p_x          -0.018639   0.000355

   13 H   s            -0.000031   0.000000

   14 H   s            -0.000012   0.000000

   15 C   s            -0.000052   0.000000
          p_y           0.248474   0.059822
          p_z           0.117792   0.013444
          p_x           0.124452   0.015007

   16 C   s            -0.000009   0.000000
          p_y          -0.125532   0.017988
          p_z          -0.059409   0.004028
          p_x          -0.062806   0.004503

   17 C   s            -0.000003   0.000000
          p_y          -0.149492   0.024199
          p_z          -0.070097   0.005320
          p_x          -0.075008   0.006092

   18 H   s            -0.000047   0.000000

   19 C   s             0.000009  -0.000000
          p_y           0.217196   0.051017
          p_z           0.102153   0.011285
          p_x           0.109217   0.012900

   20 C   s             0.000004   0.000000
          p_y           0.095967   0.010539
          p_z           0.045413   0.002360
          p_x           0.048109   0.002649

   21 C   s            -0.000079   0.000000
          p_y           0.084658   0.006749
          p_z           0.039987   0.001506
          p_x           0.042426   0.001696

   22 H   s             0.000019   0.000000

   23 C   s             0.000019   0.000000
          p_y           0.152270   0.025169
          p_z           0.071470   0.005545
          p_x           0.076480   0.006350

   24 H   s             0.000059   0.000000

   25 H   s             0.000048   0.000000

   26 H   s            -0.000015   0.000000

   27 C   s             0.000088   0.000000
          p_y          -0.146307   0.020631
          p_z          -0.069039   0.004594
          p_x          -0.073306   0.005178

   28 C   s            -0.000059   0.000000
          p_y           0.253372   0.075549
          p_z           0.119144   0.016704
          p_x           0.127382   0.019094

   29 H   s            -0.000054   0.000000

   30 C   s             0.000032   0.000000
          p_y          -0.181657   0.038127
          p_z          -0.085216   0.008390
          p_x          -0.090958   0.009559

   31 C   s            -0.000038   0.000000
          p_y           0.177665   0.038673
          p_z           0.083407   0.008524
          p_x           0.089196   0.009748

   32 H   s            -0.000073   0.000000

   33 C   s             0.000058   0.000000
          p_y          -0.046070   0.002237
          p_z          -0.021666   0.000495
          p_x          -0.023122   0.000563

   34 H   s             0.000067   0.000000

   35 H   s             0.000018   0.000000

   36 H   s             0.000002   0.000000

Eigenvector:  51    (up)

    1 C   s             0.000011   0.000000
          p_y           0.086817   0.006755
          p_z           0.041156   0.001518
          p_x           0.043464   0.001693

    2 C   s            -0.000028   0.000000
          p_y          -0.202785   0.041865
          p_z          -0.096014   0.009385
          p_x          -0.101639   0.010517

    3 C   s            -0.000011   0.000000
          p_y          -0.090987   0.007600
          p_z          -0.043132   0.001708
          p_x          -0.045577   0.001907

    4 C   s            -0.000021   0.000000
          p_y           0.244233   0.061305
          p_z           0.115862   0.013796
          p_x           0.122254   0.015361

    5 C   s            -0.000017   0.000000
          p_y          -0.138326   0.017648
          p_z          -0.065230   0.003925
          p_x          -0.069389   0.004441

    6 H   s            -0.000045   0.000000

    7 C   s             0.000021   0.000000
          p_y           0.192684   0.037799
          p_z           0.091209   0.008470
          p_x           0.096418   0.009465

    8 C   s            -0.000012   0.000000
          p_y          -0.240595   0.058926
          p_z          -0.114139   0.013262
          p_x          -0.120422   0.014762

    9 C   s             0.000018   0.000000
          p_y          -0.003549   0.000012
          p_z          -0.001665   0.000003
          p_x          -0.001742   0.000003

   10 H   s            -0.000000   0.000000

   11 C   s             0.000010   0.000000
          p_y           0.125255   0.015202
          p_z           0.058802   0.003350
          p_x           0.062703   0.003809

   12 C   s             0.000026   0.000000
          p_y           0.140788   0.018303
          p_z           0.066396   0.004071
          p_x           0.070545   0.004596

   13 H   s             0.000031   0.000000

   14 H   s            -0.000004   0.000000

   15 C   s            -0.000012   0.000000
          p_y           0.022802   0.000467
          p_z           0.010816   0.000105
          p_x           0.011445   0.000118

   16 C   s             0.000012   0.000000
          p_y          -0.267818   0.074540
          p_z          -0.126770   0.016700
          p_x          -0.133994   0.018659

   17 C   s            -0.000025   0.000000
          p_y           0.118955   0.013931
          p_z           0.055754   0.003060
          p_x           0.059679   0.003506

   18 H   s             0.000013   0.000000

   19 C   s             0.000000  -0.000000
          p_y          -0.114688   0.013003
          p_z          -0.053960   0.002878
          p_x          -0.057663   0.003287

   20 C   s            -0.000027   0.000000
          p_y           0.238842   0.059393
          p_z           0.113067   0.013309
          p_x           0.119720   0.014922

   21 C   s            -0.000014   0.000000
          p_y          -0.104752   0.009208
          p_z          -0.049366   0.002045
          p_x          -0.052488   0.002311

   22 H   s             0.000042   0.000000

   23 C   s             0.000022   0.000000
          p_y          -0.132646   0.017371
          p_z          -0.062233   0.003824
          p_x          -0.066643   0.004385

   24 H   s            -0.000054   0.000000

   25 H   s             0.000007   0.000000

   26 H   s            -0.000055   0.000000

   27 C   s             0.000035   0.000000
          p_y           0.077317   0.005254
          p_z           0.036459   0.001169
          p_x           0.038840   0.001326

   28 C   s            -0.000040   0.000000
          p_y           0.290966   0.091038
          p_z           0.136871   0.020145
          p_x           0.146292   0.023012

   29 H   s             0.000054   0.000000

   30 C   s             0.000033   0.000000
          p_y          -0.204860   0.044327
          p_z          -0.096147   0.009764
          p_x          -0.102563   0.011111

   31 C   s             0.000027   0.000000
          p_y           0.232301   0.059803
          p_z           0.109035   0.013177
          p_x           0.116683   0.015089

   32 H   s            -0.000035   0.000000

   33 C   s            -0.000010   0.000000
          p_y          -0.159941   0.024673
          p_z          -0.075003   0.005426
          p_x          -0.080236   0.006209

   34 H   s             0.000043   0.000000

   35 H   s             0.000066   0.000000

   36 H   s            -0.000051   0.000000

Eigenvector:  52    (up)

    1 C   s            -0.000003   0.000000
          p_y           0.019492   0.000307
          p_z           0.009279   0.000070
          p_x           0.009730   0.000076

    2 C   s             0.000044   0.000000
          p_y           0.311597   0.090427
          p_z           0.147481   0.020258
          p_x           0.156172   0.022715

    3 C   s             0.000011   0.000000
          p_y           0.008515   0.000060
          p_z           0.004093   0.000014
          p_x           0.004276   0.000015

    4 C   s             0.000024   0.000000
          p_y          -0.327881   0.101250
          p_z          -0.155552   0.022788
          p_x          -0.164116   0.025367

    5 C   s             0.000028   0.000000
          p_y          -0.096095   0.007708
          p_z          -0.045494   0.001728
          p_x          -0.048265   0.001945

    6 H   s             0.000037   0.000000

    7 C   s             0.000047   0.000000
          p_y           0.322508   0.096930
          p_z           0.152606   0.021703
          p_x           0.161405   0.024278

    8 C   s            -0.000022   0.000000
          p_y          -0.338016   0.106518
          p_z          -0.160358   0.023973
          p_x          -0.169184   0.026685

    9 C   s            -0.000009   0.000000
          p_y           0.045695   0.001648
          p_z           0.021722   0.000372
          p_x           0.022876   0.000413

   10 H   s             0.000005   0.000000

   11 C   s            -0.000015   0.000000
          p_y          -0.193239   0.032860
          p_z          -0.090655   0.007232
          p_x          -0.096756   0.008238

   12 C   s             0.000004   0.000000
          p_y          -0.086886   0.006325
          p_z          -0.041088   0.001415
          p_x          -0.043428   0.001580

   13 H   s             0.000046   0.000000

   14 H   s            -0.000015   0.000000

   15 C   s            -0.000002  -0.000000
          p_y           0.076744   0.004765
          p_z           0.036429   0.001074
          p_x           0.038412   0.001194

   16 C   s            -0.000058   0.000000
          p_y           0.223920   0.047838
          p_z           0.105915   0.010703
          p_x           0.112077   0.011984

   17 C   s            -0.000001   0.000000
          p_y           0.177885   0.028866
          p_z           0.083330   0.006335
          p_x           0.089253   0.007267

   18 H   s            -0.000036   0.000000

   19 C   s            -0.000008   0.000000
          p_y          -0.204157   0.037396
          p_z          -0.095975   0.008265
          p_x          -0.102657   0.009455

   20 C   s            -0.000051   0.000000
          p_y           0.237954   0.054017
          p_z           0.112576   0.012090
          p_x           0.119261   0.013569

   21 C   s             0.000006   0.000000
          p_y          -0.072703   0.004047
          p_z          -0.034346   0.000903
          p_x          -0.036367   0.001013

   22 H   s            -0.000033   0.000000

   23 C   s             0.000013   0.000000
          p_y           0.156642   0.022376
          p_z           0.073447   0.004919
          p_x           0.078701   0.005648

   24 H   s             0.000053   0.000000

   25 H   s            -0.000041   0.000000

   26 H   s            -0.000033   0.000000

   27 C   s             0.000006   0.000000
          p_y          -0.103118   0.008462
          p_z          -0.048731   0.001890
          p_x          -0.051748   0.002131

   28 C   s             0.000011   0.000000
          p_y          -0.069807   0.004637
          p_z          -0.032780   0.001023
          p_x          -0.035078   0.001171

   29 H   s             0.000070   0.000000

   30 C   s             0.000005   0.000000
          p_y          -0.096139   0.008820
          p_z          -0.045090   0.001940
          p_x          -0.048161   0.002213

   31 C   s             0.000013   0.000000
          p_y           0.066802   0.004486
          p_z           0.031319   0.000986
          p_x           0.033579   0.001134

   32 H   s             0.000033   0.000000

   33 C   s             0.000033   0.000000
          p_y           0.097368   0.008488
          p_z           0.045605   0.001862
          p_x           0.048843   0.002136

   34 H   s             0.000037   0.000000

   35 H   s            -0.000006   0.000000

   36 H   s            -0.000003  -0.000000

Eigenvector:  53    (up)

    1 C   s            -0.000055   0.000000
          p_y          -0.301452   0.071817
          p_z          -0.142918   0.016142
          p_x          -0.150952   0.018008

    2 C   s             0.000021   0.000000
          p_y           0.110773   0.011056
          p_z           0.052544   0.002488
          p_x           0.055514   0.002777

    3 C   s             0.000047   0.000000
          p_y           0.256830   0.053542
          p_z           0.121763   0.012035
          p_x           0.128594   0.013423

    4 C   s             0.000011   0.000000
          p_y          -0.033745   0.001055
          p_z          -0.016022   0.000238
          p_x          -0.016902   0.000265

    5 C   s             0.000084   0.000000
          p_y           0.241400   0.047402
          p_z           0.113839   0.010541
          p_x           0.121037   0.011916

    6 H   s             0.000038   0.000000

    7 C   s             0.000012   0.000000
          p_y          -0.003613   0.000012
          p_z          -0.001790   0.000003
          p_x          -0.001781   0.000003

    8 C   s            -0.000006   0.000000
          p_y           0.038492   0.001356
          p_z           0.018262   0.000305
          p_x           0.019260   0.000340

    9 C   s            -0.000043   0.000000
          p_y           0.312947   0.075180
          p_z           0.148389   0.016903
          p_x           0.156672   0.018844

   10 H   s            -0.000003   0.000000

   11 C   s            -0.000040   0.000000
          p_y          -0.113122   0.010962
          p_z          -0.053138   0.002419
          p_x          -0.056591   0.002743

   12 C   s            -0.000076   0.000000
          p_y          -0.247042   0.049661
          p_z          -0.116583   0.011061
          p_x          -0.123768   0.012466

   13 H   s             0.000001   0.000000

   14 H   s            -0.000006   0.000000

   15 C   s             0.000046   0.000000
          p_y          -0.272567   0.058175
          p_z          -0.129237   0.013078
          p_x          -0.136462   0.014581

   16 C   s            -0.000029   0.000000
          p_y          -0.082398   0.006187
          p_z          -0.039135   0.001396
          p_x          -0.041177   0.001545

   17 C   s             0.000068   0.000000
          p_y          -0.137676   0.016425
          p_z          -0.064515   0.003607
          p_x          -0.069064   0.004133

   18 H   s            -0.000001   0.000000

   19 C   s             0.000007   0.000000
          p_y           0.003575   0.000015
          p_z           0.001747   0.000003
          p_x           0.001806   0.000004

   20 C   s            -0.000001   0.000000
          p_y          -0.023037   0.000489
          p_z          -0.010800   0.000108
          p_x          -0.011547   0.000123

   21 C   s             0.000090   0.000000
          p_y          -0.272735   0.055691
          p_z          -0.128654   0.012393
          p_x          -0.136674   0.013985

   22 H   s             0.000009   0.000000

   23 C   s            -0.000049   0.000000
          p_y           0.216163   0.040673
          p_z           0.101396   0.008949
          p_x           0.108602   0.010266

   24 H   s             0.000085   0.000000

   25 H   s            -0.000037   0.000000

   26 H   s            -0.000025   0.000000

   27 C   s            -0.000056   0.000000
          p_y           0.270146   0.056786
          p_z           0.127485   0.012646
          p_x           0.135488   0.014283

   28 C   s            -0.000030   0.000000
          p_y           0.193258   0.035655
          p_z           0.090994   0.007905
          p_x           0.097215   0.009022

   29 H   s            -0.000051   0.000000

   30 C   s             0.000049   0.000000
          p_y          -0.032168   0.001008
          p_z          -0.015151   0.000224
          p_x          -0.016054   0.000251

   31 C   s             0.000112   0.000000
          p_y           0.200988   0.039167
          p_z           0.094337   0.008631
          p_x           0.100993   0.009890

   32 H   s             0.000026   0.000000

   33 C   s            -0.000068   0.000000
          p_y          -0.232804   0.046045
          p_z          -0.109100   0.010112
          p_x          -0.116778   0.011586

   34 H   s             0.000002   0.000000

   35 H   s             0.000108   0.000000

   36 H   s            -0.000052   0.000000

Eigenvector:  54    (up)

    1 C   s             0.000009   0.000000
          p_y           0.109362   0.009055
          p_z           0.051883   0.002038
          p_x           0.054803   0.002274

    2 C   s            -0.000005  -0.000000
          p_y          -0.195226   0.033196
          p_z          -0.092522   0.007456
          p_x          -0.097849   0.008339

    3 C   s             0.000030   0.000000
          p_y           0.227269   0.040315
          p_z           0.107761   0.009064
          p_x           0.113732   0.010096

    4 C   s             0.000003   0.000000
          p_y          -0.128888   0.014591
          p_z          -0.061136   0.003283
          p_x          -0.064475   0.003651

    5 C   s            -0.000064   0.000000
          p_y           0.013482   0.000134
          p_z           0.006554   0.000032
          p_x           0.006786   0.000034

    6 H   s            -0.000026   0.000000

    7 C   s            -0.000002  -0.000000
          p_y          -0.199609   0.034682
          p_z          -0.094588   0.007788
          p_x          -0.099846   0.008678

    8 C   s            -0.000023   0.000000
          p_y          -0.131975   0.015096
          p_z          -0.062636   0.003400
          p_x          -0.066083   0.003785

    9 C   s             0.000024   0.000000
          p_y          -0.035418   0.000889
          p_z          -0.016725   0.000198
          p_x          -0.017684   0.000222

   10 H   s             0.000040   0.000000

   11 C   s             0.000026   0.000000
          p_y           0.288921   0.068697
          p_z           0.135593   0.015131
          p_x           0.144607   0.017208

   12 C   s            -0.000081   0.000000
          p_y          -0.097114   0.007486
          p_z          -0.045685   0.001657
          p_x          -0.048733   0.001885

   13 H   s            -0.000034   0.000000

   14 H   s             0.000028   0.000000

   15 C   s             0.000053   0.000000
          p_y          -0.144647   0.015655
          p_z          -0.068553   0.003516
          p_x          -0.072483   0.003931

   16 C   s            -0.000113   0.000000
          p_y           0.304042   0.082443
          p_z           0.143855   0.018456
          p_x           0.152188   0.020656

   17 C   s            -0.000073   0.000000
          p_y          -0.245622   0.051172
          p_z          -0.115102   0.011238
          p_x          -0.123281   0.012892

   18 H   s            -0.000032   0.000000

   19 C   s             0.000034   0.000000
          p_y           0.308635   0.079965
          p_z           0.145207   0.017701
          p_x           0.155232   0.020230

   20 C   s            -0.000096   0.000000
          p_y           0.341074   0.103650
          p_z           0.161471   0.023230
          p_x           0.170922   0.026029

   21 C   s             0.000030   0.000000
          p_y          -0.117384   0.009917
          p_z          -0.055485   0.002216
          p_x          -0.058719   0.002482

   22 H   s            -0.000051   0.000000

   23 C   s            -0.000120   0.000000
          p_y          -0.139266   0.016474
          p_z          -0.065295   0.003621
          p_x          -0.069927   0.004153

   24 H   s            -0.000138   0.000000

   25 H   s            -0.000034   0.000000

   26 H   s            -0.000059   0.000000

   27 C   s            -0.000011   0.000000
          p_y          -0.029197   0.000606
          p_z          -0.013947   0.000139
          p_x          -0.014687   0.000153

   28 C   s             0.000014   0.000000
          p_y          -0.132565   0.015565
          p_z          -0.062274   0.003435
          p_x          -0.066626   0.003932

   29 H   s            -0.000183   0.000000

   30 C   s             0.000022   0.000000
          p_y          -0.222773   0.044405
          p_z          -0.104536   0.009778
          p_x          -0.111544   0.011133

   31 C   s            -0.000001   0.000000
          p_y           0.156122   0.022724
          p_z           0.073206   0.004996
          p_x           0.078451   0.005738

   32 H   s             0.000042   0.000000

   33 C   s            -0.000004   0.000000
          p_y           0.119012   0.011832
          p_z           0.055747   0.002596
          p_x           0.059728   0.002980

   34 H   s             0.000033   0.000000

   35 H   s            -0.000023   0.000000

   36 H   s            -0.000066   0.000000

Eigenvector:  55    (up)

    1 C   s            -0.000066   0.000000
          p_y           0.135063   0.013073
          p_z           0.064119   0.002946
          p_x           0.067585   0.003273

    2 C   s             0.000158   0.000000
          p_y           0.147439   0.017781
          p_z           0.069541   0.003955
          p_x           0.073828   0.004458

    3 C   s            -0.000065   0.000000
          p_y           0.018676   0.000241
          p_z           0.008927   0.000055
          p_x           0.009365   0.000061

    4 C   s             0.000048   0.000000
          p_y          -0.353808   0.103973
          p_z          -0.167873   0.023407
          p_x          -0.177113   0.026055

    5 C   s            -0.000220   0.000000
          p_y          -0.263201   0.051308
          p_z          -0.124108   0.011409
          p_x          -0.132032   0.012913

    6 H   s             0.000009   0.000000

    7 C   s             0.000117   0.000000
          p_y           0.052668   0.002263
          p_z           0.024832   0.000503
          p_x           0.026471   0.000572

    8 C   s             0.000013   0.000000
          p_y          -0.196208   0.031623
          p_z          -0.093062   0.007114
          p_x          -0.098166   0.007916

    9 C   s            -0.000015   0.000000
          p_y           0.175764   0.021302
          p_z           0.083365   0.004792
          p_x           0.087950   0.005334

   10 H   s            -0.000002  -0.000000

   11 C   s             0.000091   0.000000
          p_y           0.274184   0.058515
          p_z           0.128779   0.012908
          p_x           0.137092   0.014627

   12 C   s            -0.000123   0.000000
          p_y          -0.069371   0.003525
          p_z          -0.032620   0.000779
          p_x          -0.034734   0.000883

   13 H   s            -0.000011   0.000000

   14 H   s            -0.000035   0.000000

   15 C   s            -0.000030   0.000000
          p_y           0.169273   0.020030
          p_z           0.080273   0.004504
          p_x           0.084803   0.005028

   16 C   s            -0.000029   0.000000
          p_y          -0.070439   0.004148
          p_z          -0.033464   0.000936
          p_x          -0.035196   0.001036

   17 C   s            -0.000203   0.000000
          p_y          -0.069068   0.003827
          p_z          -0.032397   0.000842
          p_x          -0.034739   0.000968

   18 H   s            -0.000112   0.000000

   19 C   s             0.000055   0.000000
          p_y           0.289791   0.066371
          p_z           0.136408   0.014707
          p_x           0.145808   0.016804

   20 C   s             0.000028   0.000000
          p_y          -0.216248   0.039297
          p_z          -0.102483   0.008826
          p_x          -0.108385   0.009872

   21 C   s             0.000097   0.000000
          p_y          -0.107188   0.007798
          p_z          -0.050482   0.001730
          p_x          -0.053761   0.001961

   22 H   s             0.000006   0.000000

   23 C   s            -0.000162   0.000000
          p_y          -0.232104   0.042853
          p_z          -0.108846   0.009424
          p_x          -0.116516   0.010798

   24 H   s            -0.000245   0.000000

   25 H   s            -0.000097   0.000000

   26 H   s             0.000043   0.000000

   27 C   s             0.000050   0.000000
          p_y           0.009662   0.000077
          p_z           0.004754   0.000018
          p_x           0.004841   0.000019

   28 C   s            -0.000042   0.000000
          p_y           0.252288   0.054152
          p_z           0.118746   0.011998
          p_x           0.126930   0.013708

   29 H   s            -0.000206   0.000000

   30 C   s            -0.000020   0.000000
          p_y           0.319994   0.086304
          p_z           0.150190   0.019013
          p_x           0.160150   0.021616

   31 C   s             0.000165   0.000000
          p_y          -0.080396   0.005561
          p_z          -0.037625   0.001217
          p_x          -0.040354   0.001400

   32 H   s             0.000035   0.000000

   33 C   s             0.000077   0.000000
          p_y          -0.239231   0.044570
          p_z          -0.112105   0.009787
          p_x          -0.120098   0.011234

   34 H   s             0.000040   0.000000

   35 H   s             0.000154   0.000000

   36 H   s             0.000164   0.000000

Eigenvector:  56    (up)

    1 C   s            -0.000040   0.000000
          p_y          -0.107130   0.008180
          p_z          -0.050813   0.001840
          p_x          -0.053647   0.002051

    2 C   s             0.000014   0.000000
          p_y          -0.102682   0.008538
          p_z          -0.048590   0.001912
          p_x          -0.051510   0.002149

    3 C   s            -0.000042   0.000000
          p_y           0.117324   0.010054
          p_z           0.055716   0.002268
          p_x           0.058744   0.002521

    4 C   s             0.000006   0.000000
          p_y           0.156731   0.020137
          p_z           0.074367   0.004533
          p_x           0.078408   0.005040

    5 C   s             0.000050   0.000000
          p_y           0.196057   0.028173
          p_z           0.092581   0.006281
          p_x           0.098232   0.007071

    6 H   s            -0.000033   0.000000

    7 C   s             0.000166   0.000000
          p_y           0.241726   0.047270
          p_z           0.114241   0.010558
          p_x           0.121063   0.011858

    8 C   s            -0.000004  -0.000000
          p_y          -0.305954   0.075875
          p_z          -0.145158   0.017079
          p_x          -0.153104   0.019000

    9 C   s            -0.000043   0.000000
          p_y          -0.033427   0.000822
          p_z          -0.015940   0.000187
          p_x          -0.016762   0.000207

   10 H   s            -0.000028   0.000000

   11 C   s            -0.000046   0.000000
          p_y           0.151056   0.017369
          p_z           0.070846   0.003821
          p_x           0.075617   0.004352

   12 C   s            -0.000215   0.000000
          p_y          -0.344052   0.086639
          p_z          -0.162397   0.019303
          p_x          -0.172366   0.021745

   13 H   s             0.000072   0.000000

   14 H   s            -0.000035   0.000000

   15 C   s            -0.000027   0.000000
          p_y           0.182410   0.023297
          p_z           0.086523   0.005241
          p_x           0.091340   0.005842

   16 C   s             0.000175   0.000000
          p_y          -0.271663   0.061354
          p_z          -0.128448   0.013716
          p_x          -0.136015   0.015381

   17 C   s            -0.000002  -0.000000
          p_y          -0.342867   0.092064
          p_z          -0.160699   0.020224
          p_x          -0.172098   0.023196

   18 H   s            -0.000081   0.000000

   19 C   s             0.000059   0.000000
          p_y           0.055051   0.002405
          p_z           0.026078   0.000540
          p_x           0.027756   0.000612

   20 C   s            -0.000011   0.000000
          p_y           0.052893   0.002335
          p_z           0.024921   0.000518
          p_x           0.026528   0.000587

   21 C   s            -0.000140   0.000000
          p_y           0.264539   0.047241
          p_z           0.124915   0.010534
          p_x           0.132496   0.011851

   22 H   s             0.000075   0.000000

   23 C   s            -0.000173   0.000000
          p_y           0.237658   0.044213
          p_z           0.111501   0.009732
          p_x           0.119394   0.011159

   24 H   s            -0.000054   0.000000

   25 H   s            -0.000083   0.000000

   26 H   s            -0.000007   0.000000

   27 C   s             0.000097   0.000000
          p_y          -0.213383   0.032101
          p_z          -0.100663   0.007144
          p_x          -0.106972   0.008067

   28 C   s             0.000025   0.000000
          p_y           0.016176   0.000155
          p_z           0.007458   0.000033
          p_x           0.008059   0.000038

   29 H   s            -0.000179   0.000000

   30 C   s            -0.000072   0.000000
          p_y           0.047070   0.001878
          p_z           0.022147   0.000416
          p_x           0.023503   0.000468

   31 C   s            -0.000102   0.000000
          p_y          -0.244696   0.051768
          p_z          -0.114811   0.011398
          p_x          -0.122944   0.013069

   32 H   s            -0.000056   0.000000

   33 C   s             0.000073   0.000000
          p_y           0.148382   0.016715
          p_z           0.069544   0.003672
          p_x           0.074423   0.004205

   34 H   s            -0.000011   0.000000

   35 H   s            -0.000072   0.000000

   36 H   s             0.000067   0.000000

Eigenvector:  57    (up)

    1 C   s            -0.000188   0.000000
          p_y          -0.184859   0.023080
          p_z          -0.087533   0.005175
          p_x          -0.092720   0.005809

    2 C   s             0.000321   0.000000
          p_y           0.365816   0.104062
          p_z           0.172956   0.023260
          p_x           0.183182   0.026090

    3 C   s            -0.000162   0.000000
          p_y          -0.161802   0.018021
          p_z          -0.076564   0.004034
          p_x          -0.080926   0.004507

    4 C   s             0.000076   0.000000
          p_y           0.102567   0.008254
          p_z           0.048565   0.001850
          p_x           0.051203   0.002056

    5 C   s            -0.000287   0.000000
          p_y          -0.258828   0.046731
          p_z          -0.122183   0.010416
          p_x          -0.129906   0.011775

    6 H   s             0.000039   0.000000

    7 C   s             0.000268   0.000000
          p_y           0.263080   0.053746
          p_z           0.124430   0.012024
          p_x           0.131843   0.013501

    8 C   s             0.000088   0.000000
          p_y           0.170156   0.022525
          p_z           0.080739   0.005072
          p_x           0.085270   0.005657

    9 C   s            -0.000146   0.000000
          p_y           0.062337   0.002576
          p_z           0.029467   0.000575
          p_x           0.031150   0.000643

   10 H   s            -0.000078   0.000000

   11 C   s             0.000107   0.000000
          p_y           0.198805   0.029191
          p_z           0.093431   0.006447
          p_x           0.099281   0.007278

   12 C   s            -0.000232   0.000000
          p_y          -0.162734   0.018389
          p_z          -0.076738   0.004089
          p_x          -0.081434   0.004602

   13 H   s             0.000026   0.000000

   14 H   s            -0.000053   0.000000

   15 C   s            -0.000132   0.000000
          p_y          -0.045272   0.001411
          p_z          -0.021515   0.000319
          p_x          -0.022589   0.000351

   16 C   s             0.000239   0.000000
          p_y          -0.177498   0.025186
          p_z          -0.083915   0.005629
          p_x          -0.088988   0.006332

   17 C   s            -0.000242   0.000000
          p_y          -0.041372   0.001292
          p_z          -0.019422   0.000285
          p_x          -0.020866   0.000329

   18 H   s            -0.000166   0.000000

   19 C   s             0.000079   0.000000
          p_y           0.239931   0.043182
          p_z           0.113055   0.009588
          p_x           0.120797   0.010947

   20 C   s             0.000227   0.000000
          p_y          -0.150634   0.018108
          p_z          -0.071049   0.004028
          p_x          -0.075368   0.004532

   21 C   s            -0.000210   0.000000
          p_y           0.133054   0.011104
          p_z           0.062735   0.002468
          p_x           0.066632   0.002783

   22 H   s             0.000027   0.000000

   23 C   s            -0.000219   0.000000
          p_y          -0.161250   0.019556
          p_z          -0.075598   0.004298
          p_x          -0.080888   0.004920

   24 H   s            -0.000268   0.000000

   25 H   s            -0.000162   0.000000

   26 H   s            -0.000001  -0.000000

   27 C   s            -0.000245   0.000000
          p_y           0.207910   0.028377
          p_z           0.098027   0.006310
          p_x           0.104343   0.007150

   28 C   s             0.000053   0.000000
          p_y          -0.276415   0.061447
          p_z          -0.130219   0.013640
          p_x          -0.139174   0.015581

   29 H   s            -0.000251   0.000000

   30 C   s             0.000089   0.000000
          p_y          -0.357633   0.102446
          p_z          -0.167953   0.022594
          p_x          -0.178799   0.025603

   31 C   s            -0.000273   0.000000
          p_y           0.149105   0.018174
          p_z           0.069807   0.003980
          p_x           0.074812   0.004573

   32 H   s            -0.000117   0.000000

   33 C   s            -0.000249   0.000000
          p_y           0.171900   0.021761
          p_z           0.080563   0.004779
          p_x           0.086414   0.005501

   34 H   s            -0.000153   0.000000

   35 H   s            -0.000239   0.000000

   36 H   s            -0.000337   0.000000

Eigenvector:  58    (up)

    1 C   s             0.000046   0.000000
          p_y           0.148612   0.014329
          p_z           0.070324   0.003208
          p_x           0.074515   0.003603

    2 C   s            -0.000174   0.000000
          p_y          -0.178827   0.024146
          p_z          -0.084525   0.005394
          p_x          -0.089533   0.006052

    3 C   s             0.000087   0.000000
          p_y           0.230698   0.035671
          p_z           0.109189   0.007989
          p_x           0.115467   0.008935

    4 C   s             0.000051   0.000000
          p_y          -0.312412   0.074736
          p_z          -0.148079   0.016790
          p_x          -0.156404   0.018732

    5 C   s             0.000140   0.000000
          p_y           0.101525   0.006934
          p_z           0.047921   0.001545
          p_x           0.051021   0.001752

    6 H   s            -0.000008   0.000000

    7 C   s            -0.000217   0.000000
          p_y          -0.273518   0.056474
          p_z          -0.129380   0.012636
          p_x          -0.136980   0.014165

    8 C   s            -0.000017   0.000000
          p_y          -0.274336   0.056918
          p_z          -0.130003   0.012782
          p_x          -0.137306   0.014258

    9 C   s            -0.000149   0.000000
          p_y           0.267084   0.045171
          p_z           0.126391   0.010113
          p_x           0.133658   0.011311

   10 H   s             0.000014   0.000000

   11 C   s            -0.000037   0.000000
          p_y          -0.138295   0.013698
          p_z          -0.064957   0.003022
          p_x          -0.069081   0.003417

   12 C   s             0.000178   0.000000
          p_y           0.145980   0.014402
          p_z           0.068914   0.003210
          p_x           0.073077   0.003608

   13 H   s            -0.000067   0.000000

   14 H   s            -0.000038   0.000000

   15 C   s            -0.000102   0.000000
          p_y           0.148830   0.013980
          p_z           0.070403   0.003128
          p_x           0.074664   0.003520

   16 C   s             0.000353   0.000000
          p_y          -0.356787   0.098834
          p_z          -0.168739   0.022106
          p_x          -0.178715   0.024800

   17 C   s             0.000131   0.000000
          p_y           0.114100   0.009516
          p_z           0.053499   0.002092
          p_x           0.057349   0.002405

   18 H   s             0.000135   0.000000

   19 C   s            -0.000052   0.000000
          p_y          -0.072245   0.003814
          p_z          -0.034135   0.000852
          p_x          -0.036422   0.000970

   20 C   s             0.000290   0.000000
          p_y          -0.262081   0.053210
          p_z          -0.123827   0.011877
          p_x          -0.131203   0.013334

   21 C   s            -0.000263   0.000000
          p_y           0.186374   0.021277
          p_z           0.087961   0.004740
          p_x           0.093301   0.005329

   22 H   s             0.000087   0.000000

   23 C   s             0.000152   0.000000
          p_y          -0.023835   0.000419
          p_z          -0.011211   0.000093
          p_x          -0.012008   0.000106

   24 H   s             0.000167   0.000000

   25 H   s             0.000096   0.000000

   26 H   s             0.000020   0.000000

   27 C   s            -0.000246   0.000000
          p_y           0.186174   0.021883
          p_z           0.087846   0.004874
          p_x           0.093485   0.005521

   28 C   s             0.000046   0.000000
          p_y          -0.200702   0.031635
          p_z          -0.094660   0.007039
          p_x          -0.101145   0.008037

   29 H   s             0.000157   0.000000

   30 C   s             0.000069   0.000000
          p_y          -0.280768   0.061335
          p_z          -0.131873   0.013530
          p_x          -0.140293   0.015311

   31 C   s            -0.000294   0.000000
          p_y           0.059904   0.002796
          p_z           0.027952   0.000607
          p_x           0.029997   0.000700

   32 H   s            -0.000151   0.000000

   33 C   s            -0.000251   0.000000
          p_y           0.155419   0.017199
          p_z           0.072838   0.003777
          p_x           0.078154   0.004351

   34 H   s            -0.000185   0.000000

   35 H   s            -0.000249   0.000000

   36 H   s            -0.000329   0.000000

Eigenvector:  59    (up)

    1 C   s             0.000107   0.000000
          p_y           0.272452   0.048335
          p_z           0.129136   0.010858
          p_x           0.136476   0.012128

    2 C   s            -0.000124   0.000000
          p_y          -0.223228   0.036911
          p_z          -0.105754   0.008284
          p_x          -0.111884   0.009272

    3 C   s            -0.000107   0.000000
          p_y          -0.250421   0.041947
          p_z          -0.118709   0.009426
          p_x          -0.125334   0.010508

    4 C   s            -0.000050   0.000000
          p_y          -0.080665   0.004844
          p_z          -0.038232   0.001088
          p_x          -0.040313   0.001210

    5 C   s             0.000059   0.000000
          p_y           0.056297   0.002085
          p_z           0.026704   0.000469
          p_x           0.028113   0.000520

    6 H   s            -0.000102   0.000000

    7 C   s             0.000093   0.000000
          p_y           0.196553   0.028562
          p_z           0.093090   0.006407
          p_x           0.098323   0.007148

    8 C   s             0.000087   0.000000
          p_y           0.019064   0.000259
          p_z           0.009119   0.000059
          p_x           0.009627   0.000066

    9 C   s             0.000065   0.000000
          p_y          -0.157344   0.015778
          p_z          -0.074560   0.003543
          p_x          -0.078740   0.003951

   10 H   s             0.000023   0.000000

   11 C   s            -0.000056   0.000000
          p_y           0.169324   0.020031
          p_z           0.079418   0.004407
          p_x           0.084727   0.005016

   12 C   s            -0.000041   0.000000
          p_y          -0.037988   0.000959
          p_z          -0.018114   0.000218
          p_x          -0.019077   0.000242

   13 H   s             0.000093   0.000000

   14 H   s            -0.000033   0.000000

   15 C   s            -0.000157   0.000000
          p_y           0.223797   0.032090
          p_z           0.106017   0.007201
          p_x           0.112176   0.008063

   16 C   s            -0.000105   0.000000
          p_y           0.201142   0.030752
          p_z           0.095198   0.006888
          p_x           0.100622   0.007696

   17 C   s             0.000022   0.000000
          p_y          -0.308382   0.068012
          p_z          -0.144576   0.014948
          p_x          -0.154879   0.017155

   18 H   s            -0.000118   0.000000

   19 C   s             0.000008   0.000000
          p_y          -0.194489   0.026893
          p_z          -0.091446   0.005946
          p_x          -0.097857   0.006808

   20 C   s             0.000254   0.000000
          p_y          -0.328576   0.081838
          p_z          -0.155442   0.018314
          p_x          -0.164602   0.020536

   21 C   s             0.000045   0.000000
          p_y          -0.111067   0.007770
          p_z          -0.052569   0.001741
          p_x          -0.055643   0.001951

   22 H   s            -0.000092   0.000000

   23 C   s            -0.000025   0.000000
          p_y           0.319204   0.072833
          p_z           0.149721   0.016024
          p_x           0.160181   0.018340

   24 H   s            -0.000068   0.000000

   25 H   s             0.000083   0.000000

   26 H   s             0.000086   0.000000

   27 C   s            -0.000222   0.000000
          p_y           0.221696   0.031264
          p_z           0.104711   0.006975
          p_x           0.111158   0.007860

   28 C   s            -0.000021   0.000000
          p_y          -0.185535   0.025719
          p_z          -0.087239   0.005687
          p_x          -0.093346   0.006511

   29 H   s             0.000026   0.000000

   30 C   s             0.000112   0.000000
          p_y          -0.008819   0.000065
          p_z          -0.004244   0.000015
          p_x          -0.004263   0.000015

   31 C   s            -0.000019   0.000000
          p_y           0.319076   0.079739
          p_z           0.149632   0.017534
          p_x           0.160190   0.020096

   32 H   s            -0.000044   0.000000

   33 C   s            -0.000168   0.000000
          p_y          -0.177744   0.021877
          p_z          -0.083331   0.004809
          p_x          -0.089144   0.005502

   34 H   s            -0.000031   0.000000

   35 H   s            -0.000049   0.000000

   36 H   s            -0.000146   0.000000

Eigenvector:  60    (up)

    1 C   s            -0.000015   0.000000
          p_y          -0.185264   0.020836
          p_z          -0.087847   0.004684
          p_x          -0.092640   0.005209

    2 C   s            -0.000060   0.000000
          p_y          -0.016383   0.000180
          p_z          -0.007482   0.000037
          p_x          -0.008052   0.000043

    3 C   s             0.000007   0.000000
          p_y           0.191599   0.022841
          p_z           0.090929   0.005145
          p_x           0.096021   0.005738

    4 C   s            -0.000061   0.000000
          p_y           0.257409   0.046312
          p_z           0.122115   0.010422
          p_x           0.128877   0.011609

    5 C   s             0.000167   0.000000
          p_y           0.206343   0.026680
          p_z           0.097287   0.005931
          p_x           0.103780   0.006749

    6 H   s             0.000130   0.000000

    7 C   s             0.000111   0.000000
          p_y           0.015551   0.000166
          p_z           0.007216   0.000036
          p_x           0.008010   0.000044

    8 C   s             0.000012   0.000000
          p_y          -0.260961   0.047030
          p_z          -0.123746   0.010574
          p_x          -0.130544   0.011769

    9 C   s             0.000082   0.000000
          p_y          -0.272600   0.043974
          p_z          -0.129249   0.009886
          p_x          -0.136473   0.011022

   10 H   s            -0.000002   0.000000

   11 C   s            -0.000038   0.000000
          p_y          -0.246998   0.039838
          p_z          -0.115960   0.008781
          p_x          -0.123308   0.009928

   12 C   s            -0.000161   0.000000
          p_y          -0.211134   0.027934
          p_z          -0.099399   0.006192
          p_x          -0.105546   0.006980

   13 H   s            -0.000090   0.000000

   14 H   s            -0.000063   0.000000

   15 C   s            -0.000118   0.000000
          p_y           0.283890   0.048465
          p_z           0.134572   0.010889
          p_x           0.142157   0.012152

   16 C   s            -0.000049   0.000000
          p_y           0.126538   0.011319
          p_z           0.059986   0.002544
          p_x           0.063186   0.002822

   17 C   s             0.000111   0.000000
          p_y           0.280810   0.052564
          p_z           0.131708   0.011563
          p_x           0.141262   0.013303

   18 H   s             0.000314   0.000000

   19 C   s             0.000059   0.000000
          p_y           0.260133   0.044922
          p_z           0.122538   0.009969
          p_x           0.131076   0.011406

   20 C   s             0.000118   0.000000
          p_y          -0.145012   0.014842
          p_z          -0.068790   0.003340
          p_x          -0.072719   0.003732

   21 C   s            -0.000016   0.000000
          p_y           0.047894   0.001312
          p_z           0.022381   0.000286
          p_x           0.023873   0.000326

   22 H   s            -0.000111   0.000000

   23 C   s            -0.000079   0.000000
          p_y          -0.286206   0.054547
          p_z          -0.134178   0.011989
          p_x          -0.143403   0.013693

   24 H   s             0.000274   0.000000

   25 H   s            -0.000283   0.000000

   26 H   s             0.000126   0.000000

   27 C   s            -0.000046   0.000000
          p_y          -0.026095   0.000412
          p_z          -0.012216   0.000090
          p_x          -0.013279   0.000107

   28 C   s            -0.000030   0.000000
          p_y          -0.236137   0.039149
          p_z          -0.111172   0.008680
          p_x          -0.118971   0.009941

   29 H   s            -0.000185   0.000000

   30 C   s             0.000030   0.000000
          p_y           0.174178   0.021444
          p_z           0.081715   0.004720
          p_x           0.087065   0.005358

   31 C   s            -0.000047   0.000000
          p_y           0.320502   0.074707
          p_z           0.150239   0.016413
          p_x           0.160739   0.018788

   32 H   s            -0.000176   0.000000

   33 C   s            -0.000019   0.000000
          p_y          -0.246400   0.039143
          p_z          -0.115562   0.008610
          p_x          -0.123809   0.009883

   34 H   s             0.000145   0.000000

   35 H   s            -0.000115   0.000000

   36 H   s             0.000080   0.000000

Eigenvector:  61    (up)

    1 C   s             0.000181   0.000000
          p_y           0.178435   0.018336
          p_z           0.084579   0.004120
          p_x           0.089734   0.004639

    2 C   s            -0.000294   0.000000
          p_y          -0.225898   0.033281
          p_z          -0.106654   0.007418
          p_x          -0.112819   0.008299

    3 C   s            -0.000157   0.000000
          p_y          -0.185145   0.020204
          p_z          -0.087521   0.004514
          p_x          -0.092349   0.005025

    4 C   s            -0.000093   0.000000
          p_y          -0.054098   0.001926
          p_z          -0.025502   0.000428
          p_x          -0.026676   0.000468

    5 C   s             0.000314   0.000000
          p_y           0.293775   0.051106
          p_z           0.138693   0.011392
          p_x           0.147800   0.012938

    6 H   s             0.000163   0.000000

    7 C   s             0.000326   0.000000
          p_y           0.231005   0.034749
          p_z           0.109271   0.007775
          p_x           0.116028   0.008769

    8 C   s             0.000134   0.000000
          p_y           0.055425   0.001993
          p_z           0.026403   0.000452
          p_x           0.028082   0.000512

    9 C   s             0.000113   0.000000
          p_y          -0.067235   0.002523
          p_z          -0.031618   0.000558
          p_x          -0.033299   0.000618

   10 H   s             0.000253   0.000000

   11 C   s            -0.000100   0.000000
          p_y          -0.209172   0.027083
          p_z          -0.098252   0.005976
          p_x          -0.104115   0.006708

   12 C   s            -0.000291   0.000000
          p_y          -0.299294   0.053095
          p_z          -0.141026   0.011789
          p_x          -0.149497   0.013245

   13 H   s            -0.000112   0.000000

   14 H   s            -0.000222   0.000000

   15 C   s            -0.000110   0.000000
          p_y           0.067324   0.002571
          p_z           0.031949   0.000579
          p_x           0.034132   0.000661

   16 C   s            -0.000308   0.000000
          p_y           0.169529   0.019344
          p_z           0.080168   0.004326
          p_x           0.085366   0.004907

   17 C   s             0.000201   0.000000
          p_y           0.186966   0.022074
          p_z           0.087722   0.004859
          p_x           0.094310   0.005617

   18 H   s             0.000465   0.000000

   19 C   s             0.000099   0.000000
          p_y           0.218351   0.029989
          p_z           0.103069   0.006683
          p_x           0.110257   0.007647

   20 C   s             0.000204   0.000000
          p_y          -0.169098   0.019147
          p_z          -0.079715   0.004255
          p_x          -0.084307   0.004758

   21 C   s             0.000212   0.000000
          p_y          -0.269252   0.039666
          p_z          -0.126768   0.008793
          p_x          -0.134342   0.009870

   22 H   s             0.000180   0.000000

   23 C   s            -0.000158   0.000000
          p_y          -0.190677   0.022924
          p_z          -0.089287   0.005026
          p_x          -0.095309   0.005727

   24 H   s             0.000406   0.000000

   25 H   s            -0.000441   0.000000

   26 H   s            -0.000253   0.000000

   27 C   s            -0.000174   0.000000
          p_y           0.267397   0.040502
          p_z           0.126273   0.009034
          p_x           0.134713   0.010283

   28 C   s             0.000068   0.000000
          p_y           0.314043   0.066008
          p_z           0.148218   0.014711
          p_x           0.158706   0.016870

   29 H   s            -0.000303   0.000000

   30 C   s             0.000089   0.000000
          p_y          -0.277878   0.051794
          p_z          -0.130450   0.011415
          p_x          -0.138449   0.012855

   31 C   s             0.000230   0.000000
          p_y          -0.331204   0.075295
          p_z          -0.155003   0.016482
          p_x          -0.165765   0.018855

   32 H   s             0.000566   0.000000

   33 C   s            -0.000160   0.000000
          p_y           0.272091   0.045138
          p_z           0.127667   0.009938
          p_x           0.137059   0.011456

   34 H   s            -0.000467   0.000000

   35 H   s             0.000372   0.000000

   36 H   s            -0.000372   0.000000

Eigenvector:  62    (up)

    1 C   s            -0.000188   0.000000
          p_y          -0.289919   0.047032
          p_z          -0.137236   0.010538
          p_x          -0.145343   0.011821

    2 C   s             0.000287   0.000000
          p_y           0.232781   0.034381
          p_z           0.109969   0.007673
          p_x           0.116427   0.008599

    3 C   s             0.000155   0.000000
          p_y           0.298515   0.051062
          p_z           0.141245   0.011431
          p_x           0.149362   0.012783

    4 C   s            -0.000043   0.000000
          p_y           0.255908   0.042143
          p_z           0.121129   0.009441
          p_x           0.128123   0.010564

    5 C   s            -0.000270   0.000000
          p_y          -0.234843   0.031738
          p_z          -0.110871   0.007075
          p_x          -0.118137   0.008033

    6 H   s            -0.000040  -0.000000

    7 C   s            -0.000302   0.000000
          p_y          -0.237859   0.035808
          p_z          -0.112449   0.008003
          p_x          -0.119292   0.009008

    8 C   s            -0.000034   0.000000
          p_y          -0.257428   0.042102
          p_z          -0.121832   0.009429
          p_x          -0.128833   0.010545

    9 C   s             0.000156   0.000000
          p_y          -0.276418   0.041613
          p_z          -0.130731   0.009307
          p_x          -0.138239   0.010407

   10 H   s            -0.000028   0.000000

   11 C   s             0.000073   0.000000
          p_y           0.141881   0.012118
          p_z           0.066643   0.002674
          p_x           0.070512   0.002992

   12 C   s             0.000243   0.000000
          p_y           0.238853   0.032870
          p_z           0.112558   0.007300
          p_x           0.119315   0.008201

   13 H   s            -0.000003   0.000000

   14 H   s            -0.000071   0.000000

   15 C   s            -0.000187   0.000000
          p_y           0.281732   0.043968
          p_z           0.133372   0.009853
          p_x           0.141311   0.011063

   16 C   s            -0.000342   0.000000
          p_y           0.238913   0.037306
          p_z           0.112941   0.008338
          p_x           0.119933   0.009403

   17 C   s            -0.000173   0.000000
          p_y          -0.114290   0.008021
          p_z          -0.053620   0.001766
          p_x          -0.057758   0.002049

   18 H   s            -0.000395   0.000000

   19 C   s            -0.000066   0.000000
          p_y          -0.147486   0.013304
          p_z          -0.069669   0.002969
          p_x          -0.074558   0.003400

   20 C   s             0.000280   0.000000
          p_y          -0.242956   0.038403
          p_z          -0.114743   0.008565
          p_x          -0.121435   0.009592

   21 C   s             0.000202   0.000000
          p_y          -0.240046   0.030678
          p_z          -0.113064   0.006807
          p_x          -0.119776   0.007634

   22 H   s             0.000053  -0.000000

   23 C   s             0.000131   0.000000
          p_y           0.116576   0.008331
          p_z           0.054538   0.001823
          p_x           0.058182   0.002075

   24 H   s            -0.000343   0.000000

   25 H   s             0.000374   0.000000

   26 H   s            -0.000117   0.000000

   27 C   s            -0.000187   0.000000
          p_y           0.243571   0.032669
          p_z           0.115048   0.007290
          p_x           0.122674   0.008289

   28 C   s             0.000098   0.000000
          p_y           0.209211   0.028554
          p_z           0.098869   0.006381
          p_x           0.105954   0.007331

   29 H   s             0.000252   0.000000

   30 C   s             0.000086   0.000000
          p_y          -0.193031   0.024314
          p_z          -0.090618   0.005358
          p_x          -0.096008   0.006013

   31 C   s             0.000222   0.000000
          p_y          -0.196862   0.025818
          p_z          -0.091984   0.005632
          p_x          -0.098375   0.006444

   32 H   s             0.000540   0.000000

   33 C   s            -0.000161   0.000000
          p_y           0.165287   0.016182
          p_z           0.077568   0.003564
          p_x           0.083410   0.004123

   34 H   s            -0.000427   0.000000

   35 H   s             0.000349   0.000000

   36 H   s            -0.000339   0.000000

Eigenvector:  63    (up)

    1 C   s            -0.000878   0.000001
          p_y          -0.022544   0.000291
          p_z           0.012296   0.000081
          p_x           0.033353   0.000652

    2 C   s             0.004352   0.000007
          p_y          -0.019440   0.000231
          p_z          -0.002721   0.000004
          p_x           0.041489   0.001038

    3 C   s             0.017219   0.000111
          p_y          -0.019270   0.000204
          p_z           0.004371   0.000011
          p_x           0.034372   0.000648

    4 C   s             0.006695   0.000019
          p_y          -0.037413   0.000879
          p_z          -0.005641   0.000017
          p_x           0.079899   0.003969

    5 C   s             0.000199  -0.000000
          p_y          -0.012295   0.000087
          p_z           0.004376   0.000011
          p_x           0.020183   0.000236

    6 H   s             0.037231   0.000365

    7 C   s            -0.014986   0.000092
          p_y          -0.017919   0.000190
          p_z           0.006910   0.000027
          p_x           0.029197   0.000511

    8 C   s            -0.023605   0.000219
          p_y          -0.018072   0.000175
          p_z          -0.000703   0.000001
          p_x           0.036808   0.000760

    9 C   s             0.006884   0.000000
          p_y          -0.038618   0.000866
          p_z           0.025387   0.000330
          p_x           0.053604   0.001754

   10 H   s             0.066980   0.001017

   11 C   s             0.002662   0.000001
          p_y          -0.009271   0.000049
          p_z          -0.003607   0.000007
          p_x           0.022088   0.000275

   12 C   s             0.007090   0.000018
          p_y          -0.010711   0.000065
          p_z           0.002712   0.000005
          p_x           0.018984   0.000199

   13 H   s            -0.034938   0.000320

   14 H   s            -0.049582   0.000817

   15 C   s             0.046034   0.000711
          p_y          -0.033823   0.000588
          p_z           0.015601   0.000119
          p_x           0.052667   0.001445

   16 C   s             0.014944   0.000084
          p_y          -0.080468   0.004227
          p_z          -0.009490   0.000062
          p_x           0.168642   0.018629

   17 C   s             0.009421   0.000030
          p_y          -0.004171   0.000010
          p_z          -0.006595   0.000026
          p_x           0.014323   0.000120

   18 H   s             0.022099   0.000168

   19 C   s            -0.000025  -0.000000
          p_y          -0.007340   0.000029
          p_z           0.004516   0.000011
          p_x           0.010236   0.000058

   20 C   s            -0.055035   0.001464
          p_y          -0.004497  -0.000002
          p_z          -0.027472   0.000582
          p_x           0.034775   0.000664

   21 C   s             0.068395   0.000518
          p_y          -0.072953   0.003033
          p_z           0.076768   0.002407
          p_x           0.074976   0.004066

   22 H   s             0.127066   0.002766

   23 C   s             0.000243  -0.000000
          p_y          -0.003429   0.000006
          p_z          -0.000024   0.000000
          p_x           0.006977   0.000027

   24 H   s             0.017517   0.000093

   25 H   s            -0.012255   0.000053

   26 H   s            -0.058981   0.000963

   27 C   s             0.155110   0.006250
          p_y          -0.055709   0.001365
          p_z           0.072350   0.002028
          p_x           0.043098   0.000970

   28 C   s             0.281405   0.032995
          p_y          -0.272200   0.052293
          p_z           0.167984   0.019823
          p_x           0.382214   0.103390

   29 H   s            -0.002067   0.000001

   30 C   s             0.157471   0.006863
          p_y           0.064828   0.003037
          p_z           0.062618   0.002258
          p_x          -0.188688   0.024092

   31 C   s             0.392447   0.070521
          p_y          -0.285944   0.061902
          p_z           0.535853   0.212775
          p_x           0.070108   0.004270

   32 H   s             0.435380   0.025737

   33 C   s             0.339287   0.037946
          p_y          -0.029107   0.000548
          p_z           0.387745   0.094140
          p_x          -0.304404   0.057647

   34 H   s             0.231070   0.016215

   35 H   s             0.524710   0.018994

   36 H   s             0.556140   0.084418

Eigenvector:  64    (up)

    1 C   s            -0.059531   0.001414
          p_y          -0.106992   0.006300
          p_z           0.033163   0.000566
          p_x           0.181811   0.018396

    2 C   s             0.063155   0.001534
          p_y          -0.115328   0.007873
          p_z           0.013363   0.000121
          p_x           0.218216   0.027941

    3 C   s             0.065630   0.001714
          p_y          -0.106490   0.006315
          p_z           0.017875   0.000175
          p_x           0.196104   0.021450

    4 C   s             0.125004   0.006432
          p_y          -0.168761   0.017220
          p_z           0.044801   0.001254
          p_x           0.294732   0.052269

    5 C   s            -0.023310   0.000247
          p_y          -0.073887   0.003053
          p_z           0.017352   0.000169
          p_x           0.129863   0.009434

    6 H   s             0.222986   0.013151

    7 C   s            -0.092924   0.003371
          p_y          -0.129730   0.009910
          p_z           0.056348   0.001818
          p_x           0.205387   0.025016

    8 C   s            -0.061095   0.001263
          p_y          -0.137595   0.010728
          p_z           0.052022   0.001519
          p_x           0.225758   0.028940

    9 C   s            -0.096741   0.003573
          p_y          -0.131020   0.009435
          p_z           0.041166   0.000940
          p_x           0.223189   0.027331

   10 H   s             0.315020   0.023172

   11 C   s             0.033176   0.000266
          p_y          -0.064217   0.002295
          p_z          -0.009695   0.000041
          p_x           0.138342   0.010497

   12 C   s             0.037646   0.000551
          p_y          -0.072489   0.002967
          p_z           0.021906   0.000308
          p_x           0.125049   0.008621

   13 H   s            -0.238861   0.014760

   14 H   s            -0.267498   0.022889

   15 C   s             0.090231   0.003184
          p_y          -0.139940   0.010808
          p_z           0.041929   0.001034
          p_x           0.239112   0.031220

   16 C   s             0.148692   0.009955
          p_y          -0.190793   0.022589
          p_z           0.082590   0.004239
          p_x           0.302430   0.056743

   17 C   s             0.052289   0.000909
          p_y          -0.027380   0.000421
          p_z          -0.041576   0.001017
          p_x           0.092587   0.004910

   18 H   s             0.150587   0.007745

   19 C   s            -0.002905  -0.000001
          p_y          -0.058846   0.001875
          p_z           0.038214   0.000773
          p_x           0.080429   0.003535

   20 C   s            -0.125228   0.006241
          p_y          -0.180476   0.019834
          p_z           0.057168   0.002064
          p_x           0.307250   0.057102

   21 C   s            -0.116938   0.004483
          p_y          -0.113207   0.006999
          p_z           0.024222   0.000397
          p_x           0.204456   0.022206

   22 H   s             0.324704   0.019898

   23 C   s            -0.008897   0.000039
          p_y          -0.030841   0.000520
          p_z           0.012697   0.000081
          p_x           0.050301   0.001407

   24 H   s             0.105617   0.003305

   25 H   s            -0.097281   0.003327

   26 H   s            -0.335319   0.027586

   27 C   s             0.054538   0.001511
          p_y          -0.125232   0.008846
          p_z           0.013662   0.000151
          p_x           0.235059   0.030449

   28 C   s             0.023027   0.000458
          p_y          -0.091566   0.005211
          p_z           0.038163   0.000825
          p_x           0.145040   0.013365

   29 H   s            -0.031748   0.000282

   30 C   s            -0.116614   0.004558
          p_y          -0.140620   0.012352
          p_z          -0.009629   0.000023
          p_x           0.291857   0.052206

   31 C   s            -0.061093   0.001356
          p_y          -0.007570   0.000003
          p_z          -0.060251   0.002699
          p_x           0.072798   0.003168

   32 H   s             0.121714   0.001523

   33 C   s            -0.168935   0.009746
          p_y          -0.043522   0.001047
          p_z          -0.172775   0.017975
          p_x           0.246655   0.035608

   34 H   s            -0.312289   0.026770

   35 H   s            -0.046750   0.000212

   36 H   s            -0.313037   0.025967

Eigenvector:  65    (up)

    1 C   s             0.034140   0.000309
          p_y           0.001871  -0.000002
          p_z          -0.013399   0.000058
          p_x           0.008656   0.000052

    2 C   s             0.014033  -0.000002
          p_y          -0.069135   0.002985
          p_z           0.050104   0.001640
          p_x           0.091326   0.005082

    3 C   s             0.033908   0.000313
          p_y           0.004202   0.000013
          p_z          -0.006332   0.000014
          p_x          -0.002485   0.000011

    4 C   s            -0.023679   0.000236
          p_y          -0.008705   0.000050
          p_z           0.023115   0.000321
          p_x          -0.004364   0.000007

    5 C   s             0.124414   0.003422
          p_y          -0.004500   0.000035
          p_z          -0.080651   0.002701
          p_x           0.083780   0.003899

    6 H   s             0.090234   0.002106

    7 C   s             0.002907  -0.000012
          p_y           0.039001   0.000933
          p_z           0.006746   0.000046
          p_x          -0.083886   0.004527

    8 C   s            -0.012381   0.000070
          p_y           0.014285   0.000120
          p_z           0.006186   0.000027
          p_x          -0.034401   0.000717

    9 C   s             0.019232   0.000126
          p_y           0.012420   0.000077
          p_z          -0.009178   0.000040
          p_x          -0.016212   0.000134

   10 H   s            -0.009922   0.000030

   11 C   s             0.202858   0.009352
          p_y          -0.136796   0.010792
          p_z          -0.066501   0.002258
          p_x           0.336933   0.064066

   12 C   s             0.141150   0.004858
          p_y           0.032017   0.000562
          p_z          -0.085800   0.003349
          p_x           0.016328   0.000024

   13 H   s             0.060198   0.000885

   14 H   s             0.021388   0.000130

   15 C   s            -0.000560   0.000001
          p_y           0.013668   0.000108
          p_z          -0.004619   0.000014
          p_x          -0.022824   0.000296

   16 C   s            -0.025253   0.000276
          p_y           0.018462   0.000208
          p_z          -0.000123   0.000000
          p_x          -0.036679   0.000812

   17 C   s             0.382324   0.043565
          p_y           0.006545   0.000017
          p_z          -0.434105   0.110478
          p_x           0.391638   0.090927

   18 H   s             0.419946   0.062898

   19 C   s             0.151513   0.004425
          p_y           0.158225   0.014329
          p_z          -0.157538   0.013752
          p_x          -0.166536   0.016324

   20 C   s             0.014331   0.000079
          p_y           0.023656   0.000335
          p_z          -0.004720   0.000013
          p_x          -0.042895   0.001108

   21 C   s             0.018364   0.000116
          p_y           0.016935   0.000152
          p_z          -0.007118   0.000026
          p_x          -0.027276   0.000396

   22 H   s            -0.039622   0.000299

   23 C   s             0.376711   0.042577
          p_y           0.239716   0.034274
          p_z          -0.485016   0.138449
          p_x          -0.024347   0.000441

   24 H   s             0.669718   0.133566

   25 H   s             0.318452   0.038838

   26 H   s             0.044077   0.000471

   27 C   s            -0.010338   0.000046
          p_y           0.018051   0.000180
          p_z          -0.002936   0.000005
          p_x          -0.033004   0.000596

   28 C   s            -0.017770   0.000154
          p_y           0.021013   0.000283
          p_z          -0.007193   0.000032
          p_x          -0.034873   0.000786

   29 H   s             0.631531   0.119138

   30 C   s             0.012804   0.000057
          p_y           0.019364   0.000227
          p_z          -0.000645   0.000000
          p_x          -0.038311   0.000877

   31 C   s            -0.001678   0.000003
          p_y           0.010156   0.000067
          p_z          -0.008749   0.000053
          p_x          -0.012244   0.000094

   32 H   s            -0.033756   0.000137

   33 C   s             0.014723   0.000075
          p_y           0.007383   0.000030
          p_z           0.014330   0.000119
          p_x          -0.027912   0.000443

   34 H   s             0.039874   0.000425

   35 H   s            -0.008971   0.000003

   36 H   s             0.029932   0.000232

Eigenvector:  66    (up)

    1 C   s            -0.088689   0.002951
          p_y          -0.091126   0.004468
          p_z           0.003225   0.000012
          p_x           0.178383   0.016775

    2 C   s             0.151508   0.008533
          p_y          -0.177526   0.017731
          p_z           0.062014   0.002126
          p_x           0.296368   0.049584

    3 C   s             0.086263   0.002908
          p_y          -0.106816   0.006051
          p_z           0.051188   0.001182
          p_x           0.165411   0.015144

    4 C   s             0.085274   0.002775
          p_y          -0.091616   0.004773
          p_z           0.069508   0.002534
          p_x           0.117538   0.008198

    5 C   s            -0.096442   0.003448
          p_y          -0.123325   0.008095
          p_z           0.025243   0.000325
          p_x           0.220891   0.026094

    6 H   s             0.345630   0.031538

    7 C   s            -0.196168   0.014148
          p_y          -0.195951   0.021913
          p_z           0.045352   0.001164
          p_x           0.347920   0.069158

    8 C   s            -0.030213   0.000309
          p_y          -0.039704   0.000886
          p_z          -0.032883   0.000524
          p_x           0.110135   0.006551

    9 C   s             0.020757   0.000136
          p_y           0.018489   0.000157
          p_z          -0.024507   0.000203
          p_x          -0.014090   0.000131

   10 H   s             0.155590   0.005710

   11 C   s             0.069769   0.001449
          p_y          -0.122234   0.007850
          p_z           0.024130   0.000347
          p_x           0.222636   0.025687

   12 C   s             0.066169   0.001948
          p_y          -0.144129   0.011208
          p_z           0.084561   0.003846
          p_x           0.209425   0.023681

   13 H   s            -0.398991   0.040669

   14 H   s            -0.107422   0.003590

   15 C   s            -0.012315   0.000067
          p_y           0.002209   0.000006
          p_z           0.033487   0.000458
          p_x          -0.035704   0.000647

   16 C   s            -0.122718   0.006315
          p_y           0.094902   0.005505
          p_z           0.008093   0.000007
          p_x          -0.196777   0.022910

   17 C   s             0.018810   0.000142
          p_y          -0.058312   0.001797
          p_z          -0.004096   0.000009
          p_x           0.119012   0.007502

   18 H   s             0.257804   0.021943

   19 C   s            -0.079946   0.001477
          p_y          -0.160518   0.013604
          p_z           0.095489   0.004703
          p_x           0.228578   0.027833

   20 C   s             0.100519   0.003869
          p_y           0.109372   0.006899
          p_z          -0.059566   0.001920
          p_x          -0.162618   0.015575

   21 C   s             0.114939   0.004555
          p_y           0.103794   0.005659
          p_z          -0.043042   0.000920
          p_x          -0.167628   0.014943

   22 H   s            -0.203569   0.007832

   23 C   s            -0.103108   0.003384
          p_y          -0.131320   0.009531
          p_z           0.159441   0.014281
          p_x           0.113646   0.006983

   24 H   s             0.077959   0.001662

   25 H   s            -0.307309   0.033530

   26 H   s             0.199840   0.009696

   27 C   s            -0.089434   0.003220
          p_y           0.101496   0.005615
          p_z           0.006191  -0.000003
          p_x          -0.207081   0.022647

   28 C   s            -0.149539   0.010451
          p_y           0.159260   0.016036
          p_z          -0.045417   0.001303
          p_x          -0.273192   0.047210

   29 H   s            -0.223696   0.014272

   30 C   s             0.132936   0.006158
          p_y           0.150213   0.013341
          p_z          -0.026925   0.000483
          p_x          -0.276045   0.044524

   31 C   s            -0.004507   0.000033
          p_y           0.074026   0.003494
          p_z          -0.062908   0.002680
          p_x          -0.089760   0.004921

   32 H   s            -0.263792   0.008414

   33 C   s             0.108738   0.003964
          p_y           0.051331   0.001413
          p_z           0.128917   0.009511
          p_x          -0.221695   0.027318

   34 H   s             0.311807   0.025975

   35 H   s            -0.060830   0.000135

   36 H   s             0.236682   0.014209

Eigenvector:  67    (up)

    1 C   s            -0.042068   0.000741
          p_y          -0.040467   0.000789
          p_z           0.008177  -0.000026
          p_x           0.073096   0.003063

    2 C   s            -0.076097   0.001964
          p_y           0.061097   0.001952
          p_z          -0.083575   0.003570
          p_x          -0.043254   0.001019

    3 C   s             0.075470   0.001894
          p_y          -0.038999   0.000791
          p_z          -0.015873   0.000076
          p_x           0.092775   0.004175

    4 C   s             0.274490   0.027269
          p_y          -0.205011   0.023535
          p_z           0.038767   0.000910
          p_x           0.372943   0.077260

    5 C   s             0.073581   0.002092
          p_y           0.070550   0.002574
          p_z           0.002294  -0.000005
          p_x          -0.142134   0.010001

    6 H   s            -0.100316   0.002780

    7 C   s             0.038908   0.000492
          p_y           0.048486   0.001348
          p_z           0.002860  -0.000006
          p_x          -0.099192   0.005307

    8 C   s            -0.137081   0.006475
          p_y          -0.104074   0.005391
          p_z           0.034502   0.000514
          p_x           0.175236   0.015664

    9 C   s            -0.124165   0.006032
          p_y          -0.100121   0.005304
          p_z           0.029477   0.000511
          p_x           0.171833   0.015339

   10 H   s             0.430282   0.042441

   11 C   s            -0.151352   0.006500
          p_y           0.154615   0.011988
          p_z          -0.060500   0.001916
          p_x          -0.252763   0.031723

   12 C   s            -0.056268   0.001270
          p_y           0.096782   0.004706
          p_z          -0.074060   0.002537
          p_x          -0.124239   0.008097

   13 H   s             0.096790   0.002300

   14 H   s            -0.248500   0.019332

   15 C   s             0.175058   0.009981
          p_y          -0.115995   0.006665
          p_z           0.052400   0.001273
          p_x           0.182285   0.016744

   16 C   s             0.191935   0.013839
          p_y          -0.159969   0.014533
          p_z           0.120692   0.007660
          p_x           0.206033   0.025096

   17 C   s            -0.041099   0.000487
          p_y           0.055216   0.001492
          p_z           0.060237   0.002053
          p_x          -0.165625   0.014134

   18 H   s            -0.334092   0.036570

   19 C   s             0.116877   0.003475
          p_y           0.146871   0.010786
          p_z          -0.056878   0.001562
          p_x          -0.238100   0.028563

   20 C   s            -0.068876   0.001904
          p_y          -0.042062   0.001002
          p_z           0.005800   0.000046
          p_x           0.077957   0.003099

   21 C   s             0.060297   0.001084
          p_y           0.022936   0.000212
          p_z           0.017498   0.000306
          p_x          -0.063064   0.002225

   22 H   s             0.266845   0.013548

   23 C   s             0.076388   0.001746
          p_y           0.130836   0.008971
          p_z          -0.157149   0.013277
          p_x          -0.114439   0.006635

   24 H   s            -0.139287   0.005195

   25 H   s             0.315634   0.034598

   26 H   s            -0.100130   0.002411

   27 C   s            -0.014696   0.000127
          p_y           0.025568   0.000392
          p_z           0.043427   0.000699
          p_x          -0.091005   0.004123

   28 C   s            -0.306298   0.038432
          p_y           0.186059   0.021429
          p_z           0.005778  -0.000007
          p_x          -0.374845   0.085326

   29 H   s             0.198669   0.010684

   30 C   s             0.139831   0.006387
          p_y           0.149868   0.012590
          p_z          -0.036064   0.000709
          p_x          -0.266323   0.039892

   31 C   s            -0.007701   0.000055
          p_y           0.099662   0.006197
          p_z          -0.117921   0.009160
          p_x          -0.089031   0.004598

   32 H   s            -0.382659   0.018976

   33 C   s             0.094404   0.002905
          p_y           0.053340   0.001453
          p_z           0.151264   0.012382
          p_x          -0.246944   0.032212

   34 H   s             0.301824   0.023741

   35 H   s            -0.092735   0.000339

   36 H   s             0.244790   0.014420

Eigenvector:  68    (up)

    1 C   s            -0.072734   0.002250
          p_y          -0.041701   0.000795
          p_z          -0.007499   0.000077
          p_x           0.090482   0.004335

    2 C   s             0.041223   0.000596
          p_y          -0.024189   0.000316
          p_z          -0.034308   0.000595
          p_x           0.080434   0.003405

    3 C   s             0.100189   0.002989
          p_y          -0.050503   0.001255
          p_z           0.000455  -0.000001
          p_x           0.100270   0.005268

    4 C   s             0.366841   0.046308
          p_y          -0.185927   0.018623
          p_z           0.144908   0.011334
          p_x           0.234078   0.029486

    5 C   s             0.015570   0.000108
          p_y           0.023392   0.000291
          p_z          -0.003190   0.000019
          p_x          -0.043225   0.000828

    6 H   s             0.070628   0.001196

    7 C   s            -0.077147   0.002129
          p_y          -0.035578   0.000618
          p_z           0.011009   0.000025
          p_x           0.060971   0.001995

    8 C   s             0.084599   0.002277
          p_y          -0.045259   0.001186
          p_z           0.079398   0.003791
          p_x           0.015270   0.000109

    9 C   s            -0.011710  -0.000039
          p_y          -0.032674   0.000629
          p_z           0.108858   0.007918
          p_x          -0.037491   0.001135

   10 H   s             0.401964   0.039245

   11 C   s            -0.116321   0.003724
          p_y           0.103974   0.005274
          p_z          -0.051154   0.001300
          p_x          -0.160037   0.012427

   12 C   s            -0.010894   0.000049
          p_y           0.034515   0.000545
          p_z          -0.035463   0.000471
          p_x          -0.035972   0.000692

   13 H   s            -0.094487   0.002302

   14 H   s             0.014382   0.000130

   15 C   s            -0.060505   0.000763
          p_y          -0.007240   0.000059
          p_z           0.064262   0.002698
          p_x          -0.046521   0.001101

   16 C   s            -0.643749   0.147893
          p_y           0.332083   0.062724
          p_z          -0.097344   0.005372
          p_x          -0.572133   0.186271

   17 C   s            -0.025673   0.000172
          p_y           0.033347   0.000518
          p_z           0.046651   0.001215
          p_x          -0.109687   0.006046

   18 H   s            -0.223370   0.016216

   19 C   s             0.086214   0.001869
          p_y           0.087294   0.003715
          p_z          -0.025246   0.000301
          p_x          -0.149604   0.010961

   20 C   s            -0.239194   0.018354
          p_y          -0.106182   0.006378
          p_z           0.034751   0.000721
          p_x           0.179163   0.017976

   21 C   s            -0.013464  -0.000105
          p_y           0.060416   0.002184
          p_z          -0.139684   0.011823
          p_x           0.011474   0.000089

   22 H   s            -0.726736   0.103088

   23 C   s             0.048926   0.000687
          p_y           0.088721   0.004023
          p_z          -0.112987   0.006713
          p_x          -0.071478   0.002500

   24 H   s            -0.092697   0.002247

   25 H   s             0.199505   0.013708

   26 H   s            -0.260508   0.017020

   27 C   s            -0.108416   0.002699
          p_y           0.051013   0.001311
          p_z          -0.097602   0.005420
          p_x          -0.010352  -0.000008

   28 C   s             0.315379   0.037872
          p_y          -0.067079   0.002808
          p_z          -0.102949   0.005840
          p_x           0.229607   0.031287

   29 H   s             0.133696   0.004716

   30 C   s             0.119107   0.005169
          p_y           0.011597   0.000069
          p_z          -0.092616   0.005065
          p_x           0.064023   0.002537

   31 C   s            -0.018421   0.000194
          p_y          -0.023192   0.000342
          p_z           0.032229   0.000755
          p_x           0.016257   0.000123

   32 H   s             0.267423   0.010558

   33 C   s            -0.029719   0.000388
          p_y          -0.020080   0.000228
          p_z          -0.061483   0.001811
          p_x           0.097245   0.004867

   34 H   s             0.041781   0.000627

   35 H   s             0.012612   0.000005

   36 H   s            -0.094426   0.002010

Eigenvector:  69    (up)

    1 C   s            -0.070071   0.000707
          p_y           0.024483   0.000474
          p_z          -0.103476   0.007251
          p_x           0.049021   0.001354

    2 C   s            -0.529152   0.087362
          p_y           0.292115   0.044830
          p_z          -0.097204   0.004930
          p_x          -0.490907   0.126773

    3 C   s            -0.052313   0.000260
          p_y           0.040920   0.000952
          p_z          -0.104011   0.007216
          p_x           0.016617   0.000318

    4 C   s             0.221347   0.016498
          p_y          -0.012069   0.000056
          p_z          -0.112686   0.007289
          p_x           0.130919   0.009234

    5 C   s            -0.081259   0.001169
          p_y          -0.033514   0.000656
          p_z           0.125519   0.010264
          p_x          -0.051018   0.001930

    6 H   s            -0.673100   0.119368

    7 C   s            -0.532147   0.089766
          p_y          -0.279947   0.041571
          p_z           0.085713   0.003889
          p_x           0.478666   0.121576

    8 C   s             0.177826   0.009890
          p_y           0.078252   0.003097
          p_z          -0.142951   0.011148
          p_x          -0.020872   0.000108

    9 C   s             0.032524   0.000101
          p_y           0.018250   0.000142
          p_z          -0.004109  -0.000004
          p_x          -0.032554   0.000538

   10 H   s             0.181347   0.008366

   11 C   s             0.233044   0.016132
          p_y          -0.060220   0.001721
          p_z           0.142957   0.010769
          p_x          -0.013980   0.000191

   12 C   s            -0.079795   0.001128
          p_y          -0.021411   0.000424
          p_z           0.114253   0.008934
          p_x          -0.065076   0.002225

   13 H   s            -0.650389   0.107125

   14 H   s             0.167097   0.009308

   15 C   s             0.001803  -0.000014
          p_y           0.013574   0.000086
          p_z          -0.016165   0.000112
          p_x          -0.011837   0.000073

   16 C   s             0.036817   0.000418
          p_y          -0.020459   0.000255
          p_z           0.014496   0.000139
          p_x           0.027152   0.000428

   17 C   s             0.016960  -0.000026
          p_y           0.006904   0.000041
          p_z          -0.024397   0.000450
          p_x           0.009150   0.000049

   18 H   s             0.173312   0.010955

   19 C   s             0.235733   0.016239
          p_y          -0.000106   0.000001
          p_z           0.120493   0.008093
          p_x          -0.112452   0.005857

   20 C   s             0.133996   0.005923
          p_y           0.075957   0.003098
          p_z          -0.008851   0.000034
          p_x          -0.143094   0.011121

   21 C   s             0.018572   0.000070
          p_y          -0.003180   0.000008
          p_z           0.026257   0.000356
          p_x          -0.018289   0.000146

   22 H   s             0.033233   0.000195

   23 C   s             0.037276   0.000187
          p_y           0.030316   0.000485
          p_z          -0.052746   0.001695
          p_x          -0.011133   0.000020

   24 H   s             0.021316   0.000148

   25 H   s             0.212230   0.016897

   26 H   s             0.171285   0.006923

   27 C   s             0.003209  -0.000004
          p_y          -0.006991   0.000029
          p_z           0.027337   0.000482
          p_x          -0.011855   0.000101

   28 C   s            -0.012235   0.000048
          p_y          -0.025344   0.000382
          p_z           0.026212   0.000418
          p_x           0.025801   0.000388

   29 H   s             0.059115   0.001001

   30 C   s            -0.080323   0.002118
          p_y          -0.042193   0.000944
          p_z           0.044075   0.001056
          p_x           0.042983   0.000956

   31 C   s             0.012271   0.000085
          p_y          -0.023939   0.000342
          p_z           0.032691   0.000644
          p_x           0.017213   0.000173

   32 H   s             0.017567   0.000020

   33 C   s            -0.012232   0.000032
          p_y          -0.005961   0.000014
          p_z          -0.023039   0.000298
          p_x           0.033349   0.000561

   34 H   s            -0.088655   0.002134

   35 H   s             0.028483   0.000035

   36 H   s            -0.032159   0.000247

Eigenvector:  70    (up)

    1 C   s             0.105508   0.003807
          p_y           0.077003   0.003150
          p_z          -0.047458   0.001503
          p_x          -0.109172   0.005661

    2 C   s            -0.307092   0.030916
          p_y           0.174980   0.015888
          p_z          -0.029528   0.000509
          p_x          -0.320733   0.052796

    3 C   s            -0.130680   0.006009
          p_y           0.069515   0.002385
          p_z          -0.020442   0.000227
          p_x          -0.119156   0.006897

    4 C   s             0.109080   0.004016
          p_y          -0.002921   0.000007
          p_z           0.025436   0.000486
          p_x          -0.018097   0.000236

    5 C   s             0.012396   0.000064
          p_y          -0.007494   0.000047
          p_z           0.018776   0.000413
          p_x          -0.003398   0.000029

    6 H   s            -0.418857   0.045623

    7 C   s             0.162860   0.009219
          p_y           0.104374   0.005551
          p_z          -0.045881   0.001027
          p_x          -0.165659   0.014141

    8 C   s             0.157356   0.007888
          p_y           0.015967   0.000104
          p_z           0.057908   0.001644
          p_x          -0.086970   0.003475

    9 C   s            -0.124889   0.004314
          p_y          -0.067567   0.002207
          p_z           0.066934   0.002492
          p_x           0.071372   0.002136

   10 H   s             0.052386   0.000836

   11 C   s             0.225608   0.013796
          p_y          -0.172179   0.014167
          p_z           0.106134   0.005503
          p_x           0.244808   0.028379

   12 C   s            -0.049068   0.000665
          p_y          -0.016788   0.000102
          p_z           0.034851   0.000361
          p_x           0.001445   0.000004

   13 H   s             0.221602   0.012001

   14 H   s             0.149710   0.007422

   15 C   s             0.051873   0.001269
          p_y          -0.060886   0.002223
          p_z           0.077009   0.004043
          p_x           0.048985   0.001144

   16 C   s            -0.081761   0.001929
          p_y           0.030838   0.000601
          p_z          -0.004591   0.000020
          p_x          -0.057060   0.001979

   17 C   s             0.049037   0.000577
          p_y          -0.049025   0.001064
          p_z          -0.095816   0.005061
          p_x           0.186749   0.017248

   18 H   s             0.375520   0.045896

   19 C   s            -0.120732   0.003412
          p_y          -0.129982   0.008214
          p_z           0.039933   0.000824
          p_x           0.220636   0.023412

   20 C   s            -0.497763   0.083035
          p_y          -0.283739   0.043312
          p_z           0.082024   0.003727
          p_x           0.488220   0.127628

   21 C   s            -0.083038   0.001537
          p_y          -0.003787  -0.000003
          p_z          -0.052060   0.001425
          p_x           0.056167   0.001349

   22 H   s            -0.073590   0.001108

   23 C   s            -0.071138   0.001455
          p_y          -0.139169   0.009693
          p_z           0.180754   0.016804
          p_x           0.108750   0.005663

   24 H   s             0.165787   0.007101

   25 H   s            -0.285237   0.027590

   26 H   s            -0.636306   0.096870

   27 C   s            -0.002184  -0.000017
          p_y           0.007684   0.000047
          p_z          -0.066190   0.003109
          p_x           0.047294   0.001524

   28 C   s             0.000968  -0.000001
          p_y           0.094737   0.005368
          p_z          -0.074525   0.003485
          p_x          -0.118396   0.008144

   29 H   s            -0.205804   0.010923

   30 C   s             0.247751   0.020029
          p_y           0.132043   0.009238
          p_z          -0.132176   0.009483
          p_x          -0.139963   0.010154

   31 C   s            -0.031537   0.000584
          p_y           0.074895   0.003335
          p_z          -0.099047   0.005939
          p_x          -0.056915   0.001868

   32 H   s            -0.092607   0.000799

   33 C   s             0.051505   0.000645
          p_y           0.021711   0.000194
          p_z           0.096467   0.005100
          p_x          -0.133195   0.008941

   34 H   s             0.280159   0.021335

   35 H   s            -0.084798   0.000297

   36 H   s             0.132714   0.004164

Eigenvector:  71    (up)

    1 C   s             0.133625   0.003488
          p_y           0.058452   0.001597
          p_z          -0.105549   0.006541
          p_x          -0.017239  -0.000067

    2 C   s            -0.129058   0.005955
          p_y           0.016236   0.000108
          p_z          -0.117331   0.007470
          p_x           0.078905   0.003713

    3 C   s             0.090717   0.000984
          p_y           0.024377   0.000420
          p_z          -0.043908   0.001205
          p_x          -0.007047   0.000059

    4 C   s             0.449618   0.064129
          p_y          -0.311572   0.052333
          p_z           0.094945   0.004871
          p_x           0.532649   0.152881

    5 C   s             0.073261   0.001691
          p_y           0.017629   0.000116
          p_z          -0.055520   0.001467
          p_x           0.016469   0.000189

    6 H   s            -0.048226   0.000832

    7 C   s             0.164568   0.008261
          p_y           0.231825   0.028539
          p_z          -0.200232   0.021702
          p_x          -0.274054   0.039348

    8 C   s             0.242860   0.015570
          p_y           0.225416   0.026018
          p_z          -0.073344   0.002800
          p_x          -0.380960   0.074088

    9 C   s             0.118074   0.002198
          p_y          -0.002320   0.000021
          p_z           0.080091   0.004001
          p_x          -0.071077   0.002092

   10 H   s             0.622718   0.087312

   11 C   s            -0.035226   0.000474
          p_y          -0.044556   0.000956
          p_z          -0.031891   0.000566
          p_x           0.119293   0.007121

   12 C   s             0.013034   0.000046
          p_y           0.020253   0.000325
          p_z          -0.054002   0.002072
          p_x           0.010759   0.000046

   13 H   s             0.337236   0.026726

   14 H   s             0.455626   0.061658

   15 C   s             0.107283   0.001541
          p_y          -0.006982   0.000003
          p_z           0.037658   0.000787
          p_x          -0.021505   0.000404

   16 C   s            -0.066922   0.001784
          p_y          -0.088762   0.004525
          p_z           0.149038   0.012396
          p_x           0.036194   0.000836

   17 C   s             0.023756   0.000227
          p_y          -0.029404   0.000438
          p_z          -0.035064   0.000557
          p_x           0.091066   0.004040

   18 H   s             0.075700   0.001614

   19 C   s            -0.205648   0.011547
          p_y          -0.059172   0.001528
          p_z          -0.055524   0.001654
          p_x           0.169481   0.013413

   20 C   s             0.151109   0.007021
          p_y           0.138044   0.010215
          p_z           0.085859   0.004200
          p_x          -0.356587   0.069137

   21 C   s             0.073763   0.001484
          p_y          -0.013639   0.000119
          p_z           0.063544   0.001987
          p_x          -0.032316   0.000386

   22 H   s             0.022097  -0.000002

   23 C   s            -0.047235   0.000468
          p_y          -0.081219   0.003293
          p_z           0.118713   0.007543
          p_x           0.051024   0.001096

   24 H   s             0.076555   0.001455

   25 H   s            -0.254241   0.022761

   26 H   s             0.310588   0.021637

   27 C   s             0.021892   0.000087
          p_y          -0.007656   0.000027
          p_z           0.065374   0.002541
          p_x          -0.046224   0.001365

   28 C   s            -0.094236   0.003179
          p_y          -0.042200   0.001044
          p_z           0.075087   0.003308
          p_x           0.013399   0.000105

   29 H   s            -0.126768   0.004196

   30 C   s            -0.210221   0.014443
          p_y          -0.097273   0.004929
          p_z           0.115193   0.007089
          p_x           0.086204   0.003748

   31 C   s             0.039247   0.000800
          p_y          -0.051994   0.001589
          p_z           0.067275   0.002661
          p_x           0.040878   0.000981

   32 H   s            -0.011205   0.000045

   33 C   s            -0.020810   0.000063
          p_y          -0.005792   0.000007
          p_z          -0.051725   0.001521
          p_x           0.059809   0.001776

   34 H   s            -0.205373   0.011397

   35 H   s             0.065324   0.000197

   36 H   s            -0.060975   0.000885

Eigenvector:  72    (up)

    1 C   s            -0.072582   0.001050
          p_y          -0.029508   0.000339
          p_z           0.015385   0.000042
          p_x           0.044246   0.000900

    2 C   s            -0.237256   0.017394
          p_y           0.149005   0.010976
          p_z           0.009033   0.000086
          p_x          -0.305563   0.047604

    3 C   s            -0.031422  -0.000001
          p_y          -0.052167   0.001633
          p_z           0.094831   0.006145
          p_x           0.014663   0.000019

    4 C   s             0.073363   0.002066
          p_y          -0.049570   0.001178
          p_z          -0.001395   0.000002
          p_x           0.100363   0.004883

    5 C   s             0.074628   0.001775
          p_y           0.023039   0.000224
          p_z           0.037126   0.000988
          p_x          -0.081259   0.003623

    6 H   s            -0.347968   0.030338

    7 C   s             0.328878   0.035096
          p_y           0.108425   0.005775
          p_z           0.040171   0.000850
          p_x          -0.255081   0.032309

    8 C   s            -0.544679   0.085308
          p_y          -0.317696   0.048504
          p_z           0.083905   0.003255
          p_x           0.555297   0.148991

    9 C   s            -0.094305   0.002229
          p_y          -0.036845   0.000604
          p_z          -0.009949   0.000037
          p_x           0.083118   0.003015

   10 H   s             0.117964   0.003118

   11 C   s             0.149088   0.005740
          p_y          -0.097337   0.004364
          p_z           0.074900   0.002565
          p_x           0.124328   0.007150

   12 C   s            -0.105021   0.003762
          p_y           0.027898   0.000426
          p_z          -0.004906   0.000046
          p_x          -0.050514   0.001081

   13 H   s             0.350305   0.030899

   14 H   s            -0.778434   0.183465

   15 C   s             0.013391   0.000173
          p_y          -0.015322   0.000030
          p_z          -0.085685   0.005087
          p_x           0.111378   0.006672

   16 C   s            -0.122243   0.005195
          p_y           0.119164   0.007749
          p_z          -0.096951   0.005438
          p_x          -0.146648   0.011295

   17 C   s             0.028137   0.000170
          p_y          -0.020684   0.000164
          p_z          -0.062822   0.002141
          p_x           0.099730   0.004745

   18 H   s             0.209384   0.014129

   19 C   s            -0.032461   0.000141
          p_y          -0.054986   0.001477
          p_z           0.023430   0.000307
          p_x           0.087157   0.003578

   20 C   s             0.353481   0.041329
          p_y           0.170003   0.014754
          p_z          -0.133262   0.009083
          p_x          -0.212909   0.023113

   21 C   s             0.087344   0.002163
          p_y           0.058383   0.001650
          p_z          -0.056779   0.001685
          p_x          -0.062732   0.001776

   22 H   s            -0.180484   0.005849

   23 C   s            -0.050623   0.000765
          p_y          -0.083338   0.003367
          p_z           0.116254   0.006657
          p_x           0.057557   0.001557

   24 H   s             0.092733   0.002163

   25 H   s            -0.107668   0.003887

   26 H   s             0.370470   0.033045

   27 C   s            -0.095684   0.003266
          p_y           0.030415   0.000391
          p_z           0.004281   0.000038
          p_x          -0.065080   0.002222

   28 C   s             0.107800   0.004102
          p_y          -0.055607   0.001850
          p_z          -0.008019   0.000002
          p_x           0.118034   0.007833

   29 H   s            -0.128650   0.004147

   30 C   s            -0.023688   0.000116
          p_y          -0.023602   0.000290
          p_z           0.011213   0.000050
          p_x           0.036821   0.000752

   31 C   s             0.003387   0.000008
          p_y          -0.030135   0.000531
          p_z           0.046894   0.001347
          p_x           0.016310   0.000135

   32 H   s             0.117228   0.001769

   33 C   s            -0.042405   0.000557
          p_y          -0.013738   0.000089
          p_z          -0.069521   0.002399
          p_x           0.092235   0.004157

   34 H   s            -0.048174   0.000640

   35 H   s             0.031987   0.000038

   36 H   s            -0.096069   0.002087

Eigenvector:  73    (up)

    1 C   s            -0.031444   0.000258
          p_y          -0.016699   0.000108
          p_z           0.051655   0.001236
          p_x          -0.015464   0.000150

    2 C   s             0.035872   0.000419
          p_y          -0.009164   0.000039
          p_z           0.061033   0.001875
          p_x          -0.039432   0.000810

    3 C   s            -0.028614   0.000210
          p_y          -0.019155   0.000204
          p_z           0.049810   0.001246
          p_x          -0.008861   0.000021

    4 C   s             0.013817   0.000072
          p_y           0.024997   0.000335
          p_z           0.082076   0.003348
          p_x          -0.127747   0.008357

    5 C   s            -0.011897   0.000062
          p_y          -0.001928   0.000001
          p_z           0.031743   0.000500
          p_x          -0.025959   0.000353

    6 H   s             0.002622   0.000004

    7 C   s             0.046761   0.000698
          p_y          -0.024185   0.000304
          p_z           0.067836   0.002314
          p_x          -0.015858   0.000114

    8 C   s             0.009724   0.000062
          p_y          -0.095735   0.004546
          p_z           0.124211   0.007728
          p_x           0.073597   0.002644

    9 C   s            -0.020251   0.000033
          p_y          -0.045278   0.000791
          p_z           0.111845   0.005670
          p_x          -0.015401   0.000201

   10 H   s            -0.061187   0.000639

   11 C   s             0.072311   0.001448
          p_y          -0.031849   0.000440
          p_z           0.036586   0.000615
          p_x           0.029230   0.000345

   12 C   s            -0.014833   0.000091
          p_y          -0.012600   0.000085
          p_z           0.029605   0.000444
          p_x          -0.002724   0.000002

   13 H   s             0.014426   0.000064

   14 H   s            -0.087848   0.001993

   15 C   s            -0.056592   0.000707
          p_y          -0.016473   0.000173
          p_z           0.082013   0.003199
          p_x          -0.044891   0.000717

   16 C   s            -0.114914   0.004609
          p_y           0.102246   0.005544
          p_z           0.099127   0.004864
          p_x          -0.297983   0.046102

   17 C   s            -0.019622   0.000143
          p_y           0.003447   0.000009
          p_z           0.019188   0.000141
          p_x          -0.024780   0.000292

   18 H   s             0.070280   0.001554

   19 C   s             0.066448   0.001203
          p_y           0.015418   0.000092
          p_z           0.021566   0.000234
          p_x          -0.050880   0.001121

   20 C   s            -0.021203   0.000089
          p_y          -0.169011   0.014650
          p_z           0.192998   0.019045
          p_x           0.155299   0.012414

   21 C   s             0.043924   0.000918
          p_y          -0.126516   0.006406
          p_z           0.244005   0.026164
          p_x           0.022691   0.000002

   22 H   s            -0.216855   0.007172

   23 C   s            -0.008345   0.000031
          p_y          -0.009950   0.000048
          p_z           0.014912   0.000087
          p_x           0.005877   0.000024

   24 H   s            -0.031323   0.000237

   25 H   s             0.070462   0.001641

   26 H   s            -0.161471   0.004991

   27 C   s            -0.052594   0.000263
          p_y          -0.016350   0.000198
          p_z           0.147309   0.010736
          p_x          -0.106515   0.004759

   28 C   s            -0.531104   0.102175
          p_y           0.220546   0.025645
          p_z           0.026594   0.000467
          p_x          -0.463960   0.115015

   29 H   s            -0.017264   0.000069

   30 C   s            -0.360883   0.039984
          p_y          -0.294797   0.042794
          p_z           0.202322   0.020291
          p_x           0.399170   0.078215

   31 C   s             0.374407   0.058906
          p_y          -0.271037   0.040809
          p_z           0.459064   0.117724
          p_x           0.110843   0.006679

   32 H   s            -0.491231   0.029491

   33 C   s            -0.005556  -0.000023
          p_y           0.027325   0.000375
          p_z           0.097505   0.004339
          p_x          -0.145795   0.010065

   34 H   s            -0.513522   0.062955

   35 H   s             0.433443   0.010242

   36 H   s             0.111524   0.002329

Eigenvector:  74    (up)

    1 C   s            -0.025351   0.000117
          p_y           0.017859   0.000194
          p_z          -0.093802   0.004126
          p_x           0.053132   0.001060

    2 C   s            -0.045062   0.000569
          p_y           0.167400   0.013623
          p_z          -0.195914   0.018941
          p_x          -0.149082   0.010603

    3 C   s            -0.046793   0.000539
          p_y           0.034999   0.000476
          p_z          -0.092265   0.003868
          p_x           0.017571   0.000221

    4 C   s             0.025029   0.000209
          p_y           0.080315   0.003221
          p_z          -0.100620   0.004989
          p_x          -0.065099   0.002158

    5 C   s             0.022774   0.000444
          p_y           0.024302   0.000361
          p_z          -0.216948   0.023511
          p_x           0.155720   0.011271

    6 H   s            -0.169946   0.006105

    7 C   s             0.005381   0.000021
          p_y          -0.061771   0.001850
          p_z          -0.129530   0.008402
          p_x           0.245497   0.029703

    8 C   s             0.032185   0.000390
          p_y          -0.034639   0.000577
          p_z          -0.064352   0.002031
          p_x           0.130166   0.008227

    9 C   s            -0.031687   0.000242
          p_y           0.004279   0.000015
          p_z          -0.028672   0.000379
          p_x           0.018569   0.000099

   10 H   s            -0.058515   0.000563

   11 C   s            -0.502628   0.068630
          p_y           0.303966   0.039474
          p_z          -0.212827   0.019867
          p_x          -0.407233   0.069922

   12 C   s            -0.056577   0.000307
          p_y           0.090582   0.003904
          p_z          -0.195687   0.019288
          p_x           0.004106   0.000029

   13 H   s            -0.130490   0.003290

   14 H   s            -0.067354   0.001089

   15 C   s            -0.031759   0.000245
          p_y           0.004837   0.000002
          p_z          -0.030023   0.000387
          p_x           0.018666   0.000208

   16 C   s             0.020938   0.000130
          p_y           0.038941   0.000787
          p_z          -0.044866   0.001049
          p_x          -0.035359   0.000645

   17 C   s             0.265120   0.022930
          p_y          -0.017837   0.000237
          p_z          -0.317833   0.043283
          p_x           0.332534   0.051124

   18 H   s            -0.634659   0.120907

   19 C   s            -0.384181   0.037338
          p_y          -0.217838   0.020188
          p_z          -0.052092   0.001379
          p_x           0.481881   0.100729

   20 C   s             0.037682   0.000499
          p_y          -0.020338   0.000221
          p_z          -0.021564   0.000218
          p_x           0.061092   0.001911

   21 C   s             0.022354   0.000155
          p_y          -0.006918   0.000011
          p_z           0.024093   0.000244
          p_x          -0.008854   0.000056

   22 H   s            -0.024723   0.000062

   23 C   s             0.041301   0.000699
          p_y           0.112558   0.006059
          p_z          -0.189310   0.015490
          p_x          -0.047023   0.001441

   24 H   s             0.438068   0.046149

   25 H   s            -0.578321   0.105549

   26 H   s            -0.020972   0.000063

   27 C   s            -0.049087   0.000671
          p_y           0.007736   0.000021
          p_z          -0.013088   0.000071
          p_x          -0.003302   0.000002

   28 C   s            -0.077381   0.002222
          p_y           0.040802   0.000835
          p_z          -0.020915   0.000191
          p_x          -0.061657   0.001984

   29 H   s             0.172801   0.006718

   30 C   s             0.048347   0.000827
          p_y          -0.007954   0.000037
          p_z          -0.000934   0.000000
          p_x           0.016890   0.000164

   31 C   s             0.119448   0.005650
          p_y          -0.058901   0.001901
          p_z           0.116288   0.007498
          p_x           0.008642   0.000035

   32 H   s            -0.074257   0.000655

   33 C   s            -0.082799   0.002099
          p_y           0.006693   0.000016
          p_z          -0.043366   0.000785
          p_x           0.027152   0.000329

   34 H   s             0.011397   0.000042

   35 H   s             0.113860   0.000765

   36 H   s            -0.070242   0.001183

Eigenvector:  75    (up)

    1 C   s             0.030300   0.000253
          p_y           0.003123   0.000002
          p_z           0.007903   0.000034
          p_x          -0.013731   0.000071

    2 C   s             0.000790  -0.000000
          p_y          -0.026221   0.000332
          p_z           0.014500   0.000097
          p_x           0.038654   0.000733

    3 C   s            -0.002290   0.000004
          p_y           0.006806   0.000028
          p_z          -0.008046   0.000039
          p_x          -0.006013   0.000022

    4 C   s            -0.044615   0.000634
          p_y          -0.004705   0.000014
          p_z          -0.012296   0.000063
          p_x           0.021014   0.000227

    5 C   s            -0.005354   0.000017
          p_y          -0.005472   0.000017
          p_z           0.026895   0.000359
          p_x          -0.014410   0.000090

    6 H   s             0.031207   0.000204

    7 C   s            -0.019375   0.000119
          p_y           0.011791   0.000068
          p_z           0.005581   0.000018
          p_x          -0.028756   0.000416

    8 C   s             0.026904   0.000173
          p_y           0.039670   0.000747
          p_z          -0.021178   0.000230
          p_x          -0.059162   0.001618

    9 C   s             0.005465   0.000005
          p_y          -0.006700   0.000026
          p_z          -0.015758   0.000126
          p_x           0.028423   0.000435

   10 H   s            -0.008139   0.000025

   11 C   s             0.062341   0.001063
          p_y          -0.039972   0.000679
          p_z           0.023780   0.000245
          p_x           0.057503   0.001394

   12 C   s             0.018050   0.000073
          p_y          -0.013057   0.000079
          p_z           0.024196   0.000300
          p_x           0.003164   0.000001

   13 H   s             0.008687   0.000008

   14 H   s             0.065473   0.001167

   15 C   s             0.024087   0.000142
          p_y          -0.010528   0.000049
          p_z          -0.013930   0.000064
          p_x           0.034154   0.000463

   16 C   s            -0.007861   0.000052
          p_y          -0.034231   0.000591
          p_z          -0.043409   0.001111
          p_x           0.109103   0.006384

   17 C   s            -0.042018   0.000562
          p_y           0.001899   0.000003
          p_z           0.050490   0.001108
          p_x          -0.050966   0.001190

   18 H   s             0.083492   0.002070

   19 C   s             0.043300   0.000452
          p_y           0.030967   0.000414
          p_z           0.003231   0.000005
          p_x          -0.064582   0.001816

   20 C   s            -0.013361   0.000007
          p_y           0.016063   0.000105
          p_z          -0.025553   0.000232
          p_x          -0.007771   0.000034

   21 C   s             0.225262   0.013587
          p_y           0.018258   0.000170
          p_z           0.047843   0.000920
          p_x          -0.080869   0.002943

   22 H   s             0.059588   0.000589

   23 C   s             0.000655  -0.000000
          p_y          -0.012327   0.000074
          p_z           0.020574   0.000184
          p_x           0.005284   0.000019

   24 H   s            -0.068290   0.001122

   25 H   s             0.074234   0.001722

   26 H   s            -0.000552   0.000002

   27 C   s            -0.207094   0.013375
          p_y           0.066942   0.002286
          p_z          -0.176367   0.014718
          p_x           0.032039   0.000327

   28 C   s            -0.274865   0.027902
          p_y           0.047688   0.000949
          p_z          -0.057458   0.001183
          p_x          -0.041613   0.000855

   29 H   s            -0.016309   0.000057

   30 C   s             0.529456   0.093112
          p_y           0.196626   0.017509
          p_z          -0.082935   0.003058
          p_x          -0.314435   0.044971

   31 C   s             0.578339   0.129519
          p_y          -0.188471   0.019557
          p_z           0.425467   0.100585
          p_x          -0.022071   0.000313

   32 H   s            -0.152969   0.003233

   33 C   s            -0.638473   0.125908
          p_y           0.034264   0.000405
          p_z          -0.482675   0.101195
          p_x           0.382845   0.066009

   34 H   s             0.503670   0.061276

   35 H   s             0.458719   0.013465

   36 H   s            -0.685810   0.107794

Eigenvector:  76    (up)

    1 C   s            -0.003351   0.000004
          p_y          -0.020872   0.000215
          p_z           0.022698   0.000265
          p_x           0.020099   0.000192

    2 C   s            -0.004949   0.000028
          p_y          -0.052750   0.001419
          p_z           0.061889   0.002056
          p_x           0.047062   0.001056

    3 C   s             0.017907   0.000083
          p_y          -0.023579   0.000235
          p_z           0.024422   0.000226
          p_x           0.024048   0.000269

    4 C   s            -0.038550   0.000461
          p_y          -0.005651   0.000016
          p_z           0.018499   0.000150
          p_x          -0.006218   0.000014

    5 C   s             0.220111   0.014392
          p_y           0.052134   0.001244
          p_z          -0.081041   0.003107
          p_x          -0.028244   0.000332

    6 H   s             0.050449   0.000593

    7 C   s            -0.005071  -0.000009
          p_y          -0.007398   0.000025
          p_z           0.016581   0.000089
          p_x          -0.001050  -0.000002

    8 C   s             0.028704   0.000218
          p_y           0.017435   0.000130
          p_z           0.007717   0.000037
          p_x          -0.042173   0.000820

    9 C   s             0.026270   0.000192
          p_y           0.004841   0.000010
          p_z          -0.002003   0.000003
          p_x          -0.007763   0.000022

   10 H   s            -0.016395   0.000069

   11 C   s            -0.323257   0.032169
          p_y           0.059745   0.001101
          p_z           0.017155   0.000225
          p_x          -0.134950   0.006600

   12 C   s            -0.209729   0.014018
          p_y          -0.024834   0.000312
          p_z           0.146745   0.010509
          p_x          -0.088239   0.003723

   13 H   s            -0.012525   0.000056

   14 H   s             0.044349   0.000543

   15 C   s            -0.012737   0.000054
          p_y           0.000934   0.000001
          p_z           0.013440   0.000086
          p_x          -0.014570   0.000106

   16 C   s            -0.004286   0.000007
          p_y          -0.010870   0.000062
          p_z           0.011728   0.000073
          p_x           0.010612   0.000057

   17 C   s             0.603029   0.111695
          p_y           0.048824   0.001166
          p_z          -0.393367   0.066919
          p_x           0.270197   0.030078

   18 H   s            -0.270779   0.022146

   19 C   s             0.487991   0.068935
          p_y           0.161734   0.010110
          p_z          -0.038835   0.000663
          p_x          -0.285795   0.031031

   20 C   s            -0.012586   0.000047
          p_y           0.000128   0.000000
          p_z           0.004977   0.000010
          p_x          -0.004977   0.000012

   21 C   s             0.000509   0.000000
          p_y          -0.002021   0.000002
          p_z           0.001615   0.000001
          p_x           0.002527   0.000004

   22 H   s             0.008171   0.000009

   23 C   s            -0.643843   0.128752
          p_y          -0.244682   0.025338
          p_z           0.531529   0.120677
          p_x          -0.009317   0.000055

   24 H   s             0.593984   0.088438

   25 H   s             0.501971   0.079580

   26 H   s            -0.003781   0.000005

   27 C   s             0.005709   0.000008
          p_y          -0.001168   0.000000
          p_z          -0.002473   0.000004
          p_x           0.004676   0.000009

   28 C   s            -0.002768   0.000002
          p_y          -0.003322   0.000005
          p_z           0.002744   0.000004
          p_x           0.004028   0.000008

   29 H   s            -0.685770   0.116388

   30 C   s             0.008022   0.000019
          p_y           0.006811   0.000022
          p_z          -0.001353   0.000001
          p_x          -0.012338   0.000073

   31 C   s             0.001523   0.000001
          p_y           0.003019   0.000005
          p_z          -0.004514   0.000011
          p_x          -0.001789   0.000002

   32 H   s             0.002054   0.000000

   33 C   s            -0.006896   0.000015
          p_y           0.000352   0.000000
          p_z          -0.006541   0.000019
          p_x           0.005419   0.000013

   34 H   s             0.013022   0.000039

   35 H   s            -0.002324   0.000000

   36 H   s            -0.008480   0.000016

Eigenvector:  77    (up)

    1 C   s            -0.050578   0.000662
          p_y          -0.091363   0.003165
          p_z           0.374924   0.056677
          p_x          -0.172204   0.012711

    2 C   s             0.183997   0.009747
          p_y          -0.010019   0.000030
          p_z           0.269422   0.031787
          p_x          -0.234787   0.024793

    3 C   s            -0.076637   0.001514
          p_y          -0.113452   0.005509
          p_z           0.371585   0.056968
          p_x          -0.125001   0.006010

    4 C   s             0.021284   0.000158
          p_y          -0.105805   0.004942
          p_z           0.364226   0.059315
          p_x          -0.133896   0.008175

    5 C   s            -0.115073   0.003529
          p_y          -0.045293   0.000659
          p_z           0.181496   0.013194
          p_x          -0.079991   0.003135

    6 H   s            -0.016800  -0.000038

    7 C   s             0.167149   0.007998
          p_y          -0.162530   0.011829
          p_z           0.316267   0.044264
          p_x           0.025474   0.000331

    8 C   s             0.018373   0.000108
          p_y          -0.101928   0.004616
          p_z           0.346897   0.052770
          p_x          -0.125230   0.006728

    9 C   s             0.009931   0.000019
          p_y          -0.122847   0.006177
          p_z           0.378851   0.056590
          p_x          -0.113155   0.004631

   10 H   s             0.006524   0.000009

   11 C   s             0.094580   0.002474
          p_y           0.083567   0.002708
          p_z           0.125432   0.007026
          p_x          -0.284726   0.033406

   12 C   s            -0.086893   0.001960
          p_y          -0.066223   0.002038
          p_z           0.185655   0.014195
          p_x          -0.042358   0.000443

   13 H   s            -0.023618  -0.000017

   14 H   s             0.008073   0.000018

   15 C   s             0.066422   0.001065
          p_y          -0.116284   0.005243
          p_z           0.378309   0.056696
          p_x          -0.125664   0.006503

   16 C   s            -0.135153   0.005279
          p_y          -0.168209   0.012895
          p_z           0.316558   0.044988
          p_x           0.036601   0.000685

   17 C   s             0.069204   0.001026
          p_y          -0.009201   0.000026
          p_z          -0.110051   0.005277
          p_x           0.121339   0.006127

   18 H   s            -0.135432   0.004051

   19 C   s             0.081537   0.001937
          p_y          -0.181055   0.013573
          p_z           0.199900   0.017260
          p_x           0.172938   0.011805

   20 C   s            -0.146638   0.006294
          p_y          -0.007030   0.000019
          p_z           0.275018   0.034273
          p_x          -0.245972   0.027654

   21 C   s             0.099616   0.002291
          p_y          -0.039620   0.000729
          p_z           0.170739   0.011151
          p_x          -0.081449   0.002011

   22 H   s             0.042092   0.000062

   23 C   s             0.066117   0.000947
          p_y           0.081476   0.002781
          p_z          -0.139125   0.008278
          p_x          -0.032102   0.000395

   24 H   s             0.128426   0.003649

   25 H   s            -0.148935   0.005350

   26 H   s             0.037552   0.000078

   27 C   s             0.050220   0.000550
          p_y          -0.035556   0.000322
          p_z           0.169433   0.010742
          p_x          -0.088151   0.003654

   28 C   s            -0.072030   0.001277
          p_y          -0.173452   0.014001
          p_z           0.205047   0.019498
          p_x           0.153042   0.010947

   29 H   s             0.127548   0.003583

   30 C   s            -0.074304   0.001550
          p_y           0.082791   0.002965
          p_z           0.110780   0.005685
          p_x          -0.269411   0.032256

   31 C   s            -0.084448   0.002323
          p_y           0.072388   0.002496
          p_z          -0.119612   0.007193
          p_x          -0.032250   0.000400

   32 H   s             0.109596   0.000769

   33 C   s            -0.051624   0.000616
          p_y          -0.015391   0.000073
          p_z          -0.096243   0.004065
          p_x           0.120775   0.005915

   34 H   s             0.127996   0.002802

   35 H   s            -0.099015   0.000534

   36 H   s            -0.110910   0.002424

Eigenvector:  78    (up)

    1 C   s             0.479747   0.057450
          p_y           0.160796   0.011176
          p_z          -0.013873   0.000071
          p_x          -0.308167   0.041303

    2 C   s             0.050139   0.000433
          p_y          -0.001363  -0.000004
          p_z          -0.106560   0.006569
          p_x           0.103329   0.005340

    3 C   s            -0.472728   0.057605
          p_y           0.199210   0.017614
          p_z          -0.132373   0.007737
          p_x          -0.272439   0.033025

    4 C   s            -0.040834   0.000358
          p_y          -0.026604   0.000481
          p_z           0.155300   0.014224
          p_x          -0.093916   0.004754

    5 C   s            -0.243088   0.015307
          p_y          -0.069368   0.002127
          p_z          -0.033735   0.000519
          p_x           0.170308   0.012894

    6 H   s             0.060739   0.000829

    7 C   s            -0.071558   0.001094
          p_y          -0.054457   0.001551
          p_z           0.099474   0.005818
          p_x           0.014860   0.000025

    8 C   s             0.037171   0.000232
          p_y           0.078660   0.003253
          p_z          -0.200846   0.022224
          p_x           0.033078   0.000734

    9 C   s            -0.596157   0.087084
          p_y          -0.221371   0.021164
          p_z           0.051959   0.001211
          p_x           0.392777   0.066302

   10 H   s            -0.038915   0.000305

   11 C   s            -0.043704   0.000329
          p_y           0.009670   0.000021
          p_z           0.022675   0.000364
          p_x          -0.040603   0.000787

   12 C   s             0.255448   0.016899
          p_y          -0.099398   0.004389
          p_z           0.073084   0.002445
          p_x           0.129260   0.007303

   13 H   s            -0.059110   0.000793

   14 H   s             0.042061   0.000471

   15 C   s             0.603617   0.090862
          p_y          -0.222656   0.021752
          p_z           0.061595   0.001679
          p_x           0.386590   0.065487

   16 C   s            -0.022626   0.000089
          p_y           0.080393   0.003449
          p_z          -0.191797   0.020748
          p_x           0.020604   0.000340

   17 C   s             0.091260   0.002362
          p_y           0.022812   0.000222
          p_z           0.010036   0.000059
          p_x          -0.054781   0.001363

   18 H   s            -0.040360   0.000473

   19 C   s             0.036189   0.000186
          p_y           0.045286   0.000940
          p_z          -0.053225   0.001556
          p_x          -0.040244   0.000560

   20 C   s             0.029509   0.000145
          p_y          -0.031523   0.000632
          p_z           0.162126   0.015248
          p_x          -0.090170   0.004402

   21 C   s             0.413334   0.041157
          p_y           0.188400   0.015019
          p_z          -0.131308   0.007252
          p_x          -0.251977   0.026947

   22 H   s            -0.035253   0.000197

   23 C   s            -0.096520   0.002606
          p_y           0.025677   0.000311
          p_z          -0.012885   0.000097
          p_x          -0.039155   0.000672

   24 H   s             0.010833   0.000053

   25 H   s             0.058376   0.000978

   26 H   s             0.029859   0.000192

   27 C   s            -0.418037   0.043814
          p_y           0.147224   0.009472
          p_z           0.022127   0.000212
          p_x          -0.314799   0.043275

   28 C   s             0.073708   0.001185
          p_y          -0.055993   0.001752
          p_z           0.065401   0.002699
          p_x           0.050202   0.001186

   29 H   s            -0.023439   0.000178

   30 C   s            -0.092906   0.001888
          p_y          -0.040222   0.000585
          p_z          -0.042202   0.001289
          p_x           0.119915   0.006924

   31 C   s            -0.141787   0.006229
          p_y          -0.056001   0.001547
          p_z           0.053495   0.001431
          p_x           0.061602   0.001849

   32 H   s             0.064723   0.000497

   33 C   s             0.152066   0.006192
          p_y          -0.027647   0.000308
          p_z          -0.014112   0.000119
          p_x           0.068185   0.002047

   34 H   s            -0.104043   0.002374

   35 H   s            -0.007995   0.000030

   36 H   s             0.027939   0.000275

Eigenvector:  79    (up)

    1 C   s            -0.377937   0.034039
          p_y          -0.192281   0.015546
          p_z           0.158617   0.010546
          p_x           0.233969   0.023064

    2 C   s             0.008268  -0.000008
          p_y          -0.057252   0.001745
          p_z           0.181916   0.017546
          p_x          -0.057400   0.001734

    3 C   s             0.400714   0.039140
          p_y          -0.114760   0.005744
          p_z          -0.082639   0.002868
          p_x           0.307353   0.040810

    4 C   s            -0.148505   0.004473
          p_y           0.082053   0.003123
          p_z          -0.074924   0.002827
          p_x          -0.092944   0.003744

    5 C   s             0.553555   0.076054
          p_y           0.181506   0.014157
          p_z          -0.068408   0.001950
          p_x          -0.298179   0.038454

    6 H   s             0.006910   0.000016

    7 C   s            -0.031738   0.000178
          p_y           0.053833   0.001505
          p_z          -0.208319   0.022345
          p_x           0.089202   0.004057

    8 C   s             0.150078   0.004023
          p_y           0.044223   0.000767
          p_z           0.035073   0.000702
          p_x          -0.121604   0.006519

    9 C   s            -0.147705   0.005103
          p_y          -0.005812   0.000020
          p_z          -0.160625   0.010377
          p_x           0.163598   0.011140

   10 H   s            -0.124800   0.003168

   11 C   s            -0.002016   0.000013
          p_y          -0.004784  -0.000012
          p_z          -0.140312   0.010249
          p_x           0.141292   0.008994

   12 C   s            -0.533011   0.070512
          p_y           0.191222   0.015848
          p_z          -0.080579   0.002805
          p_x          -0.305206   0.040410

   13 H   s            -0.021152   0.000111

   14 H   s             0.129959   0.004561

   15 C   s             0.163661   0.006275
          p_y          -0.109620   0.005093
          p_z           0.212803   0.018662
          p_x           0.017612   0.000173

   16 C   s             0.103414   0.002360
          p_y           0.011428   0.000082
          p_z          -0.134367   0.009515
          p_x           0.104109   0.005469

   17 C   s            -0.276954   0.020217
          p_y          -0.078320   0.002683
          p_z          -0.001089   0.000002
          p_x           0.156882   0.010985

   18 H   s             0.058171   0.000821

   19 C   s            -0.023008  -0.000005
          p_y          -0.071613   0.002454
          p_z           0.135670   0.009708
          p_x           0.015424   0.000018

   20 C   s            -0.123541   0.003473
          p_y          -0.087956   0.003723
          p_z           0.181952   0.016722
          p_x           0.003675  -0.000009

   21 C   s             0.446041   0.045591
          p_y           0.181711   0.013587
          p_z          -0.039087   0.000658
          p_x          -0.325491   0.043371

   22 H   s             0.068169   0.000829

   23 C   s             0.266878   0.018978
          p_y          -0.104901   0.004886
          p_z           0.071308   0.002338
          p_x           0.142425   0.008854

   24 H   s            -0.046376   0.000809

   25 H   s            -0.050575   0.000701

   26 H   s            -0.088446   0.001668

   27 C   s            -0.437112   0.045725
          p_y           0.191620   0.015676
          p_z          -0.053465   0.001262
          p_x          -0.332150   0.046852

   28 C   s             0.035331   0.000177
          p_y          -0.083837   0.003635
          p_z           0.129763   0.009129
          p_x           0.045365   0.000926

   29 H   s             0.031049   0.000438

   30 C   s            -0.067676   0.000931
          p_y          -0.017230   0.000062
          p_z          -0.081016   0.003936
          p_x           0.110382   0.005819

   31 C   s            -0.209877   0.012985
          p_y          -0.080677   0.003106
          p_z           0.067969   0.002171
          p_x           0.097256   0.004557

   32 H   s             0.060348   0.000349

   33 C   s             0.209781   0.011163
          p_y          -0.048611   0.000963
          p_z          -0.030212   0.000428
          p_x           0.124988   0.006584

   34 H   s            -0.075020   0.001179

   35 H   s            -0.015539   0.000089

   36 H   s             0.019708   0.000200

Eigenvector:  80    (up)

    1 C   s            -0.415870   0.044536
          p_y           0.137902   0.007350
          p_z          -0.017764   0.000133
          p_x          -0.257891   0.025562

    2 C   s             0.455062   0.058892
          p_y          -0.039791   0.000460
          p_z           0.140315   0.008302
          p_x          -0.054061   0.001796

    3 C   s             0.241468   0.016762
          p_y           0.059628   0.001274
          p_z           0.035483   0.000562
          p_x          -0.153165   0.008861

    4 C   s             0.517722   0.077714
          p_y          -0.022471   0.000081
          p_z          -0.027386   0.000397
          p_x           0.070890   0.001487

    5 C   s            -0.316451   0.027153
          p_y           0.078860   0.002579
          p_z           0.095819   0.003549
          p_x          -0.246305   0.024541

    6 H   s             0.178264   0.007550

    7 C   s            -0.249776   0.017442
          p_y           0.017196   0.000160
          p_z          -0.014480   0.000104
          p_x          -0.020108   0.000233

    8 C   s            -0.370278   0.036708
          p_y           0.014816   0.000134
          p_z           0.016366   0.000120
          p_x          -0.045079   0.001131

    9 C   s            -0.313736   0.025114
          p_y           0.242727   0.022393
          p_z          -0.182743   0.012477
          p_x          -0.312472   0.037456

   10 H   s             0.235187   0.011166

   11 C   s             0.317206   0.024360
          p_y          -0.029328   0.000348
          p_z           0.228313   0.022376
          p_x          -0.156251   0.010702

   12 C   s             0.156528   0.007285
          p_y           0.066698   0.001652
          p_z          -0.014947   0.000083
          p_x          -0.119757   0.005322

   13 H   s            -0.080232   0.001568

   14 H   s            -0.125664   0.004613

   15 C   s             0.133051   0.005621
          p_y           0.142522   0.007724
          p_z          -0.049011   0.000935
          p_x          -0.237750   0.021395

   16 C   s             0.549894   0.087568
          p_y           0.034006   0.000615
          p_z          -0.163571   0.011807
          p_x           0.087611   0.002849

   17 C   s             0.195284   0.008676
          p_y           0.104777   0.005007
          p_z          -0.165588   0.011780
          p_x          -0.053628   0.001533

   18 H   s             0.076736   0.002092

   19 C   s            -0.158957   0.005681
          p_y          -0.017937   0.000065
          p_z          -0.079837   0.002999
          p_x           0.110831   0.004714

   20 C   s            -0.340491   0.031398
          p_y          -0.029911   0.000339
          p_z           0.020932   0.000190
          p_x           0.039333   0.000542

   21 C   s            -0.168242   0.007179
          p_y           0.198354   0.014886
          p_z          -0.115022   0.004632
          p_x          -0.288521   0.032372

   22 H   s             0.215571   0.008296

   23 C   s            -0.175784   0.007553
          p_y           0.068209   0.002101
          p_z           0.027211   0.000288
          p_x          -0.161523   0.011527

   24 H   s             0.122851   0.003710

   25 H   s            -0.124622   0.004429

   26 H   s            -0.156394   0.005275

   27 C   s             0.008151   0.000077
          p_y           0.162100   0.009986
          p_z          -0.122440   0.005779
          p_x          -0.207472   0.016229

   28 C   s             0.297085   0.024693
          p_y           0.089195   0.003481
          p_z          -0.200107   0.017843
          p_x           0.010553   0.000064

   29 H   s            -0.051423   0.000802

   30 C   s            -0.152603   0.005915
          p_y          -0.067104   0.001839
          p_z           0.039451   0.000626
          p_x           0.096562   0.003832

   31 C   s             0.086730   0.002202
          p_y          -0.032405   0.000473
          p_z           0.164288   0.012710
          p_x          -0.089374   0.003877

   32 H   s             0.061810   0.000690

   33 C   s            -0.048876   0.000471
          p_y           0.066387   0.001804
          p_z          -0.087488   0.003089
          p_x          -0.050310   0.001061

   34 H   s            -0.128108   0.003422

   35 H   s             0.097685   0.000510

   36 H   s            -0.032911   0.000256

Eigenvector:  81    (up)

    1 C   s             0.020843   0.000212
          p_y          -0.051921   0.001125
          p_z           0.218125   0.018494
          p_x          -0.102851   0.003808

    2 C   s            -0.002437  -0.000001
          p_y          -0.114516   0.005357
          p_z           0.240930   0.024421
          p_x           0.000994  -0.000002

    3 C   s            -0.157751   0.006137
          p_y          -0.133890   0.006742
          p_z           0.204721   0.016014
          p_x           0.073851   0.001965

    4 C   s            -0.208510   0.011024
          p_y          -0.141224   0.008320
          p_z           0.041202   0.000733
          p_x           0.243053   0.024504

    5 C   s            -0.023518   0.000072
          p_y          -0.062962   0.001351
          p_z           0.292391   0.033206
          p_x          -0.149493   0.009572

    6 H   s             0.058126   0.000595

    7 C   s             0.184077   0.010068
          p_y          -0.034004   0.000596
          p_z           0.227144   0.021640
          p_x          -0.147172   0.008125

    8 C   s             0.080749   0.001843
          p_y           0.166836   0.010754
          p_z          -0.084094   0.002885
          p_x          -0.253608   0.024414

    9 C   s            -0.018190  -0.000024
          p_y           0.043016   0.000588
          p_z          -0.204012   0.015438
          p_x           0.107318   0.004763

   10 H   s             0.086133   0.000607

   11 C   s             0.101418   0.002688
          p_y           0.086501   0.002744
          p_z           0.156112   0.009943
          p_x          -0.319140   0.039278

   12 C   s            -0.248912   0.015455
          p_y          -0.153234   0.009495
          p_z           0.364163   0.052115
          p_x          -0.036546   0.000397

   13 H   s             0.116883   0.002784

   14 H   s             0.229545   0.011532

   15 C   s            -0.101979   0.002503
          p_y          -0.035318   0.000449
          p_z          -0.203509   0.015576
          p_x           0.262915   0.025692

   16 C   s            -0.059444   0.000809
          p_y           0.048931   0.001076
          p_z          -0.237611   0.024479
          p_x           0.126759   0.006771

   17 C   s            -0.000021   0.000000
          p_y          -0.064100   0.001657
          p_z          -0.059690   0.001509
          p_x           0.183571   0.013798

   18 H   s            -0.142115   0.004167

   19 C   s             0.245780   0.015365
          p_y          -0.248009   0.024904
          p_z           0.377227   0.059890
          p_x           0.140036   0.007149

   20 C   s             0.218230   0.013646
          p_y           0.120331   0.005850
          p_z          -0.284723   0.034350
          p_x           0.029189   0.000499

   21 C   s            -0.076935   0.001015
          p_y           0.075874   0.002256
          p_z          -0.321540   0.037773
          p_x           0.151401   0.007766

   22 H   s             0.007116  -0.000005

   23 C   s             0.173629   0.006510
          p_y           0.060754   0.001359
          p_z          -0.147104   0.008861
          p_x           0.016750   0.000199

   24 H   s             0.099137   0.001912

   25 H   s            -0.093178   0.001399

   26 H   s             0.130954   0.003424

   27 C   s            -0.136442   0.004248
          p_y           0.012207   0.000007
          p_z          -0.268491   0.025901
          p_x           0.227714   0.020380

   28 C   s             0.100456   0.002490
          p_y           0.215788   0.020422
          p_z          -0.283655   0.035302
          p_x          -0.163882   0.011771

   29 H   s             0.157389   0.005668

   30 C   s             0.210609   0.011977
          p_y          -0.064440   0.001654
          p_z          -0.231571   0.023708
          p_x           0.346187   0.051034

   31 C   s             0.085191   0.002058
          p_y          -0.078040   0.002711
          p_z           0.089420   0.003879
          p_x           0.071786   0.002055

   32 H   s            -0.118281   0.000764

   33 C   s             0.085292   0.001440
          p_y           0.010848   0.000018
          p_z           0.121938   0.006234
          p_x          -0.135844   0.006944

   34 H   s            -0.092528   0.000997

   35 H   s             0.086592   0.000435

   36 H   s             0.134193   0.003519

Eigenvector:  82    (up)

    1 C   s            -0.175746   0.007470
          p_y           0.166653   0.011871
          p_z          -0.055014   0.001236
          p_x          -0.280426   0.033895

    2 C   s             0.421839   0.045934
          p_y          -0.000038  -0.000000
          p_z          -0.001296  -0.000002
          p_x           0.000812  -0.000006

    3 C   s            -0.444647   0.047020
          p_y           0.026456   0.000160
          p_z          -0.152783   0.009120
          p_x           0.092149   0.004103

    4 C   s             0.494116   0.069842
          p_y           0.042691   0.000924
          p_z           0.085963   0.003559
          p_x          -0.166678   0.013743

    5 C   s             0.079027   0.001482
          p_y           0.210167   0.018663
          p_z          -0.312411   0.039326
          p_x          -0.125039   0.007327

    6 H   s             0.156839   0.006124

    7 C   s             0.269277   0.022794
          p_y          -0.055508   0.001572
          p_z          -0.045289   0.000804
          p_x           0.153023   0.011180

    8 C   s             0.451792   0.056655
          p_y          -0.039495   0.000849
          p_z          -0.076302   0.002603
          p_x           0.151160   0.011378

    9 C   s            -0.471066   0.049916
          p_y          -0.002798  -0.000008
          p_z           0.143124   0.007751
          p_x          -0.130296   0.007447

   10 H   s             0.100847   0.002686

   11 C   s             0.066128   0.001283
          p_y           0.024021   0.000362
          p_z          -0.176123   0.013989
          p_x           0.116985   0.005189

   12 C   s            -0.458831   0.051220
          p_y           0.008392   0.000017
          p_z          -0.006541   0.000008
          p_x          -0.009791   0.000025

   13 H   s             0.021514   0.000182

   14 H   s             0.101773   0.003340

   15 C   s            -0.175260   0.006945
          p_y          -0.147774   0.009567
          p_z           0.032891   0.000513
          p_x           0.263671   0.030170

   16 C   s             0.320601   0.033186
          p_y           0.061959   0.001986
          p_z           0.032481   0.000425
          p_x          -0.153753   0.011695

   17 C   s            -0.338062   0.028654
          p_y          -0.042814   0.000759
          p_z          -0.048382   0.001057
          p_x           0.130413   0.007261

   18 H   s             0.063601   0.000968

   19 C   s             0.242606   0.015044
          p_y          -0.027795   0.000522
          p_z           0.110388   0.006235
          p_x          -0.048545   0.000762

   20 C   s             0.424224   0.048963
          p_y          -0.006937   0.000046
          p_z           0.011553   0.000052
          p_x           0.003467   0.000032

   21 C   s            -0.432613   0.041090
          p_y          -0.005931   0.000011
          p_z           0.037561   0.000522
          p_x          -0.024316   0.000239

   22 H   s             0.035908   0.000344

   23 C   s             0.152269   0.005697
          p_y          -0.118687   0.006101
          p_z           0.001670  -0.000002
          p_x           0.235088   0.024302

   24 H   s            -0.059108   0.001265

   25 H   s             0.111758   0.003787

   26 H   s             0.150672   0.005213

   27 C   s             0.009160   0.000038
          p_y          -0.196081   0.015965
          p_z           0.260923   0.026552
          p_x           0.145303   0.009669

   28 C   s             0.213625   0.013879
          p_y           0.040972   0.000945
          p_z          -0.106540   0.006103
          p_x           0.018751   0.000149

   29 H   s             0.008195   0.000053

   30 C   s             0.114318   0.003922
          p_y          -0.009666   0.000084
          p_z           0.123727   0.007309
          p_x          -0.096430   0.003654

   31 C   s             0.100467   0.002897
          p_y           0.081880   0.003131
          p_z           0.019950   0.000184
          p_x          -0.181988   0.015451

   32 H   s             0.062734   0.000580

   33 C   s            -0.263499   0.016642
          p_y           0.015363   0.000081
          p_z           0.057910   0.001464
          p_x          -0.084665   0.002890

   34 H   s             0.077348   0.001199

   35 H   s             0.010562   0.000030

   36 H   s            -0.043167   0.000682

Eigenvector:  83    (up)

    1 C   s             0.298014   0.019431
          p_y           0.002861  -0.000005
          p_z           0.154262   0.009432
          p_x          -0.151855   0.008289

    2 C   s            -0.037729   0.000894
          p_y          -0.091297   0.003840
          p_z           0.109037   0.005273
          p_x           0.079525   0.003055

    3 C   s             0.140875   0.005350
          p_y           0.210220   0.018578
          p_z          -0.126530   0.006556
          p_x          -0.300441   0.038335

    4 C   s            -0.188327   0.010200
          p_y          -0.078993   0.002990
          p_z           0.153565   0.011102
          p_x           0.012289   0.000087

    5 C   s             0.440076   0.045778
          p_y           0.102931   0.004271
          p_z          -0.100889   0.004178
          p_x          -0.110825   0.004874

    6 H   s             0.053538   0.000569

    7 C   s            -0.448439   0.050784
          p_y          -0.010022  -0.000000
          p_z          -0.049154   0.001218
          p_x           0.066977   0.001581

    8 C   s            -0.471756   0.061628
          p_y           0.083019   0.003663
          p_z          -0.148300   0.010764
          p_x          -0.025315   0.000490

    9 C   s            -0.049948   0.000737
          p_y          -0.135884   0.007903
          p_z           0.111861   0.005006
          p_x           0.165517   0.012215

   10 H   s            -0.028397   0.000244

   11 C   s            -0.150180   0.005923
          p_y           0.020485   0.000192
          p_z          -0.131627   0.008404
          p_x           0.082849   0.003418

   12 C   s            -0.147632   0.004880
          p_y           0.114492   0.005762
          p_z           0.158113   0.009800
          p_x          -0.377610   0.059996

   13 H   s            -0.194438   0.008798

   14 H   s            -0.141134   0.005868

   15 C   s             0.515566   0.062532
          p_y           0.068501   0.001965
          p_z          -0.143744   0.008341
          p_x          -0.000218   0.000000

   16 C   s            -0.234185   0.013857
          p_y           0.016763   0.000100
          p_z          -0.003062  -0.000003
          p_x          -0.030686   0.000395

   17 C   s            -0.209872   0.011042
          p_y          -0.119423   0.006244
          p_z           0.033538   0.000548
          p_x           0.206421   0.018338

   18 H   s            -0.040874   0.000559

   19 C   s            -0.094382   0.002312
          p_y          -0.062503   0.001593
          p_z           0.148946   0.010300
          p_x          -0.014743   0.000205

   20 C   s            -0.302475   0.029912
          p_y           0.085723   0.003662
          p_z          -0.037021   0.000700
          p_x          -0.136909   0.009276

   21 C   s            -0.215121   0.010958
          p_y          -0.037835   0.000787
          p_z          -0.193042   0.013359
          p_x           0.257060   0.027394

   22 H   s            -0.095811   0.001732

   23 C   s             0.322570   0.026540
          p_y          -0.111257   0.005224
          p_z           0.122251   0.006376
          p_x           0.107352   0.004807

   24 H   s            -0.012103   0.000106

   25 H   s            -0.064207   0.001113

   26 H   s            -0.028187   0.000264

   27 C   s             0.525108   0.064653
          p_y          -0.028924   0.000378
          p_z           0.076109   0.002265
          p_x          -0.012931   0.000021

   28 C   s             0.036274   0.000345
          p_y           0.085162   0.003369
          p_z          -0.214337   0.021587
          p_x           0.031168   0.000485

   29 H   s             0.026304   0.000384

   30 C   s            -0.280655   0.021834
          p_y          -0.032465   0.000500
          p_z           0.199192   0.019472
          p_x          -0.122650   0.007507

   31 C   s             0.356146   0.035565
          p_y           0.112411   0.005723
          p_z          -0.061838   0.001624
          p_x          -0.166280   0.012791

   32 H   s            -0.013024  -0.000007

   33 C   s            -0.244381   0.013595
          p_y           0.153368   0.009851
          p_z          -0.113962   0.005454
          p_x          -0.198713   0.016517

   34 H   s            -0.076633   0.001576

   35 H   s             0.051843   0.000541

   36 H   s            -0.058942   0.001085

Eigenvector:  84    (up)

    1 C   s            -0.178332   0.007904
          p_y          -0.040651   0.000667
          p_z           0.274691   0.028743
          p_x          -0.178324   0.011790

    2 C   s             0.367347   0.035130
          p_y          -0.042002   0.000648
          p_z           0.123963   0.006742
          p_x          -0.033958   0.000708

    3 C   s             0.154897   0.006133
          p_y           0.125336   0.005867
          p_z          -0.313969   0.037902
          p_x           0.046451   0.000958

    4 C   s            -0.058154   0.000643
          p_y           0.022958   0.000230
          p_z           0.007118   0.000024
          p_x          -0.052870   0.001227

    5 C   s            -0.082701   0.002500
          p_y           0.171565   0.011646
          p_z           0.122688   0.005687
          p_x          -0.456729   0.081597

    6 H   s             0.147944   0.005243

    7 C   s            -0.328394   0.027800
          p_y           0.032856   0.000552
          p_z          -0.141124   0.008830
          p_x           0.068340   0.001764

    8 C   s             0.082360   0.001332
          p_y           0.038755   0.000615
          p_z          -0.048540   0.001005
          p_x          -0.031192   0.000375

    9 C   s            -0.042607   0.000255
          p_y          -0.204815   0.015685
          p_z           0.231826   0.019822
          p_x           0.189994   0.013708

   10 H   s            -0.049349   0.000465

   11 C   s             0.397050   0.034693
          p_y          -0.079895   0.002348
          p_z           0.210328   0.017776
          p_x          -0.038453   0.000802

   12 C   s             0.052671   0.001211
          p_y           0.281140   0.030749
          p_z          -0.284031   0.031013
          p_x          -0.294388   0.034078

   13 H   s            -0.135552   0.004242

   14 H   s             0.062314   0.000994

   15 C   s             0.040587   0.000210
          p_y          -0.096433   0.003647
          p_z          -0.141857   0.007366
          p_x           0.326471   0.040656

   16 C   s            -0.354245   0.033659
          p_y           0.021541   0.000194
          p_z           0.019532   0.000121
          p_x          -0.062057   0.001497

   17 C   s             0.225357   0.011129
          p_y           0.171604   0.012779
          p_z          -0.192362   0.015767
          p_x          -0.161747   0.011586

   18 H   s             0.180597   0.009592

   19 C   s            -0.383576   0.032200
          p_y           0.037718   0.000709
          p_z          -0.204438   0.017331
          p_x           0.116974   0.004935

   20 C   s             0.360692   0.033752
          p_y           0.044093   0.000706
          p_z          -0.048709   0.000884
          p_x          -0.041397   0.000603

   21 C   s             0.068227   0.001335
          p_y          -0.192628   0.013367
          p_z           0.095212   0.003075
          p_x           0.295453   0.032006

   22 H   s            -0.156297   0.004228

   23 C   s            -0.238506   0.012535
          p_y           0.082301   0.003018
          p_z           0.101976   0.004341
          p_x          -0.259610   0.029327

   24 H   s             0.098098   0.002544

   25 H   s            -0.184790   0.010421

   26 H   s             0.168778   0.006038

   27 C   s            -0.057376   0.001068
          p_y          -0.170525   0.011054
          p_z           0.022536   0.000239
          p_x           0.318194   0.037875

   28 C   s            -0.249822   0.016808
          p_y          -0.026077   0.000278
          p_z           0.119328   0.006200
          p_x          -0.060378   0.001669

   29 H   s            -0.098774   0.002617

   30 C   s             0.262914   0.017497
          p_y           0.046707   0.000864
          p_z          -0.106984   0.004851
          p_x           0.007636   0.000044

   31 C   s            -0.097425   0.002593
          p_y          -0.017268   0.000128
          p_z          -0.106812   0.005235
          p_x           0.134516   0.008164

   32 H   s            -0.090154   0.001116

   33 C   s             0.078716   0.001152
          p_y          -0.093239   0.003568
          p_z           0.138741   0.007774
          p_x           0.055836   0.001328

   34 H   s             0.116303   0.003137

   35 H   s            -0.061709   0.000264

   36 H   s             0.060877   0.000817

Eigenvector:  85    (up)

    1 C   s             0.152470   0.004359
          p_y           0.225281   0.019498
          p_z          -0.123353   0.005805
          p_x          -0.332998   0.042706

    2 C   s             0.196669   0.008625
          p_y          -0.032287   0.000385
          p_z          -0.022624   0.000278
          p_x           0.085635   0.003027

    3 C   s            -0.135126   0.003351
          p_y           0.193844   0.014923
          p_z          -0.000422   0.000000
          p_x          -0.386953   0.059466

    4 C   s             0.291667   0.020032
          p_y          -0.061398   0.001559
          p_z           0.027179   0.000333
          p_x           0.096867   0.003791

    5 C   s             0.097202   0.002098
          p_y           0.110302   0.004818
          p_z          -0.241939   0.022878
          p_x           0.007698   0.000014

    6 H   s             0.117557   0.003072

    7 C   s            -0.227528   0.011907
          p_y          -0.049895   0.001031
          p_z           0.066249   0.001993
          p_x           0.037267   0.000481

    8 C   s            -0.350616   0.027907
          p_y          -0.043303   0.000623
          p_z          -0.010724   0.000072
          p_x           0.096771   0.003398

    9 C   s             0.163139   0.005376
          p_y           0.096024   0.003589
          p_z           0.134004   0.006565
          p_x          -0.318584   0.038553

   10 H   s             0.166012   0.005509

   11 C   s            -0.097210   0.001893
          p_y           0.042362   0.000773
          p_z          -0.134012   0.007919
          p_x           0.041161   0.000783

   12 C   s            -0.079020   0.001369
          p_y          -0.026349   0.000241
          p_z           0.243222   0.022902
          p_x          -0.176531   0.012440

   13 H   s            -0.116640   0.003023

   14 H   s            -0.195211   0.010035

   15 C   s            -0.138394   0.003774
          p_y           0.222247   0.019159
          p_z          -0.266924   0.027015
          p_x          -0.191249   0.014607

   16 C   s             0.009139  -0.000039
          p_y          -0.049959   0.001123
          p_z           0.077267   0.002599
          p_x           0.026568   0.000346

   17 C   s            -0.254674   0.015735
          p_y          -0.109657   0.005103
          p_z           0.005616   0.000025
          p_x           0.213116   0.018857

   18 H   s            -0.043847   0.000598

   19 C   s             0.089147   0.001542
          p_y          -0.045781   0.000916
          p_z           0.149874   0.009892
          p_x          -0.049183   0.001081

   20 C   s            -0.037991   0.000151
          p_y          -0.008504   0.000030
          p_z          -0.084781   0.003121
          p_x           0.097197   0.004072

   21 C   s             0.218302   0.010593
          p_y          -0.146171   0.007287
          p_z           0.342892   0.041682
          p_x          -0.030696   0.000455

   22 H   s             0.028517   0.000128

   23 C   s             0.268346   0.017402
          p_y          -0.123429   0.006317
          p_z           0.070702   0.001951
          p_x           0.179862   0.013705

   24 H   s            -0.014305   0.000149

   25 H   s             0.033836   0.000398

   26 H   s            -0.048764   0.000453

   27 C   s            -0.185450   0.008280
          p_y           0.060018   0.001498
          p_z          -0.325368   0.039466
          p_x           0.186008   0.011939

   28 C   s            -0.296217   0.023323
          p_y          -0.090028   0.003707
          p_z           0.279850   0.035812
          p_x          -0.083256   0.003166

   29 H   s             0.020704   0.000249

   30 C   s             0.280942   0.018953
          p_y           0.071780   0.002358
          p_z          -0.263228   0.031586
          p_x           0.103970   0.004899

   31 C   s            -0.393836   0.042018
          p_y          -0.170913   0.012958
          p_z           0.010783   0.000018
          p_x           0.330704   0.049474

   32 H   s            -0.086989   0.001242

   33 C   s             0.390383   0.033808
          p_y          -0.188556   0.014411
          p_z           0.098889   0.004084
          p_x           0.282907   0.032123

   34 H   s             0.098024   0.002490

   35 H   s            -0.059754   0.000688

   36 H   s             0.072384   0.001822

Eigenvector:  86    (up)

    1 C   s             0.073066   0.000926
          p_y          -0.108781   0.004133
          p_z           0.252476   0.022872
          p_x          -0.021762   0.000215

    2 C   s             0.038605   0.000124
          p_y           0.128187   0.005843
          p_z           0.032693   0.000512
          p_x          -0.286483   0.030272

    3 C   s             0.070490   0.000903
          p_y          -0.023100   0.000221
          p_z           0.224553   0.018548
          p_x          -0.166475   0.009842

    4 C   s             0.003952   0.000007
          p_y          -0.107020   0.004667
          p_z           0.338780   0.047192
          p_x          -0.107228   0.004813

    5 C   s             0.226211   0.010639
          p_y          -0.001998   0.000003
          p_z          -0.273262   0.028095
          p_x           0.260786   0.026030

    6 H   s            -0.162687   0.004053

    7 C   s             0.025658  -0.000017
          p_y          -0.174081   0.011256
          p_z           0.129399   0.006637
          p_x           0.225616   0.018220

    8 C   s            -0.002965  -0.000002
          p_y          -0.096175   0.003820
          p_z           0.338688   0.046781
          p_x          -0.128793   0.006637

    9 C   s            -0.073800   0.000885
          p_y          -0.013243   0.000078
          p_z           0.206760   0.015028
          p_x          -0.169298   0.009656

   10 H   s             0.010679   0.000015

   11 C   s            -0.246891   0.014743
          p_y          -0.039754   0.000529
          p_z          -0.237761   0.022574
          p_x           0.302588   0.035018

   12 C   s             0.237501   0.011723
          p_y           0.178212   0.012073
          p_z          -0.325673   0.039985
          p_x          -0.049280   0.000971

   13 H   s            -0.163969   0.003967

   14 H   s             0.004041   0.000002

   15 C   s            -0.099843   0.001848
          p_y          -0.108817   0.004037
          p_z           0.225785   0.017866
          p_x           0.003540  -0.000003

   16 C   s            -0.045691   0.000145
          p_y          -0.166525   0.010818
          p_z           0.089665   0.003310
          p_x           0.248031   0.023548

   17 C   s            -0.048680   0.000280
          p_y           0.016323   0.000065
          p_z           0.081805   0.002798
          p_x          -0.109150   0.004358

   18 H   s             0.045232   0.000119

   19 C   s            -0.254442   0.015900
          p_y           0.200824   0.015678
          p_z          -0.315652   0.039781
          p_x          -0.103888   0.003872

   20 C   s            -0.023241  -0.000038
          p_y           0.138464   0.007073
          p_z          -0.008791   0.000005
          p_x          -0.267788   0.027122

   21 C   s            -0.196611   0.006677
          p_y           0.172375   0.010461
          p_z          -0.334964   0.038775
          p_x          -0.028795   0.000351

   22 H   s             0.152794   0.002306

   23 C   s            -0.060822   0.000524
          p_y          -0.064369   0.001515
          p_z           0.110190   0.004833
          p_x           0.025050   0.000146

   24 H   s            -0.091882   0.001703

   25 H   s             0.042377   0.000100

   26 H   s             0.163593   0.003709

   27 C   s            -0.235639   0.010509
          p_y           0.011536   0.000031
          p_z          -0.300897   0.031646
          p_x           0.259748   0.024266

   28 C   s             0.235501   0.014724
          p_y           0.213721   0.019096
          p_z          -0.330796   0.046224
          p_x          -0.115421   0.005413

   29 H   s            -0.093484   0.001797

   30 C   s             0.258725   0.017660
          p_y          -0.044162   0.000708
          p_z          -0.267158   0.030434
          p_x           0.338998   0.047112

   31 C   s             0.059140   0.000859
          p_y          -0.078963   0.002587
          p_z           0.112499   0.005692
          p_x           0.051973   0.000930

   32 H   s            -0.051342  -0.000068

   33 C   s             0.073212   0.000911
          p_y           0.012494   0.000022
          p_z           0.086298   0.003053
          p_x          -0.105771   0.003880

   34 H   s            -0.054902   0.000145

   35 H   s             0.083366   0.000351

   36 H   s             0.098462   0.001846

Eigenvector:  87    (up)

    1 C   s             0.192366   0.008004
          p_y          -0.034189   0.000522
          p_z          -0.056043   0.001243
          p_x           0.120991   0.006217

    2 C   s            -0.451155   0.053176
          p_y          -0.170220   0.012127
          p_z           0.224102   0.020270
          p_x           0.128782   0.007346

    3 C   s             0.199045   0.008785
          p_y           0.080646   0.002776
          p_z          -0.104506   0.004451
          p_x          -0.062455   0.001782

    4 C   s            -0.000799  -0.000000
          p_y          -0.055925   0.001306
          p_z           0.189946   0.015118
          p_x          -0.068052   0.001952

    5 C   s             0.352519   0.027880
          p_y          -0.169113   0.011567
          p_z           0.257873   0.024759
          p_x           0.093879   0.004299

    6 H   s            -0.039851   0.000701

    7 C   s            -0.457274   0.054408
          p_y           0.062659   0.001765
          p_z           0.141829   0.007907
          p_x          -0.258476   0.028090

    8 C   s            -0.000019  -0.000000
          p_y          -0.050280   0.001052
          p_z           0.179047   0.013275
          p_x          -0.069000   0.001958

    9 C   s            -0.207014   0.008769
          p_y           0.077008   0.002425
          p_z          -0.099053   0.003756
          p_x          -0.060339   0.001635

   10 H   s             0.000173  -0.000000

   11 C   s            -0.327203   0.026811
          p_y          -0.056084   0.001498
          p_z           0.140558   0.007489
          p_x          -0.019145  -0.000069

   12 C   s             0.348687   0.027400
          p_y           0.048053   0.001175
          p_z           0.177971   0.011175
          p_x          -0.264328   0.028611

   13 H   s            -0.042091   0.000751

   14 H   s             0.003038   0.000002

   15 C   s            -0.189138   0.007435
          p_y          -0.034196   0.000541
          p_z          -0.068891   0.001730
          p_x           0.133166   0.007354

   16 C   s             0.450403   0.056112
          p_y           0.069714   0.002195
          p_z           0.133716   0.007396
          p_x          -0.264928   0.030434

   17 C   s             0.243594   0.013970
          p_y          -0.126953   0.006850
          p_z           0.188712   0.014965
          p_x           0.076489   0.002553

   18 H   s            -0.112217   0.003608

   19 C   s            -0.341522   0.029200
          p_y          -0.022537   0.000035
          p_z           0.120903   0.005138
          p_x          -0.067590   0.002459

   20 C   s             0.452088   0.055431
          p_y          -0.163474   0.011537
          p_z           0.205514   0.017689
          p_x           0.132867   0.007952

   21 C   s            -0.342231   0.023231
          p_y           0.039805   0.000776
          p_z           0.179615   0.010825
          p_x          -0.249342   0.023916

   22 H   s             0.032947   0.000437

   23 C   s             0.236263   0.013109
          p_y           0.035088   0.000541
          p_z           0.135851   0.007699
          p_x          -0.197064   0.016503

   24 H   s             0.044735   0.000666

   25 H   s            -0.124848   0.004614

   26 H   s             0.041307   0.000681

   27 C   s            -0.338123   0.023626
          p_y          -0.166074   0.010801
          p_z           0.241648   0.021041
          p_x           0.103113   0.004901

   28 C   s             0.272157   0.020948
          p_y          -0.011062   0.000003
          p_z           0.074115   0.001705
          p_x          -0.046682   0.000967

   29 H   s             0.044729   0.000657

   30 C   s             0.303758   0.025369
          p_y          -0.039960   0.000800
          p_z           0.103318   0.004136
          p_x          -0.016430  -0.000044

   31 C   s            -0.184907   0.008610
          p_y           0.019427   0.000199
          p_z           0.111222   0.005095
          p_x          -0.142845   0.009044

   32 H   s             0.080346   0.000899

   33 C   s            -0.192622   0.008431
          p_y          -0.111578   0.005051
          p_z           0.168806   0.011432
          p_x           0.064458   0.001733

   34 H   s             0.103123   0.002431

   35 H   s            -0.023991   0.000126

   36 H   s            -0.028380   0.000293

Eigenvector:  88    (up)

    1 C   s             0.116838   0.002432
          p_y           0.087178   0.002697
          p_z          -0.400082   0.055664
          p_x           0.204507   0.014290

    2 C   s            -0.193307   0.008405
          p_y          -0.079779   0.002059
          p_z          -0.232251   0.021583
          p_x           0.378525   0.052718

    3 C   s             0.076045   0.000980
          p_y           0.162109   0.009281
          p_z          -0.391362   0.054315
          p_x           0.046624   0.000792

    4 C   s             0.212818   0.009373
          p_y           0.208088   0.015632
          p_z          -0.092112   0.003099
          p_x          -0.328399   0.038812

    5 C   s            -0.169123   0.005184
          p_y           0.041707   0.000535
          p_z           0.152863   0.008642
          p_x          -0.226883   0.017863

    6 H   s             0.109744   0.001289

    7 C   s            -0.235839   0.012264
          p_y           0.212991   0.016770
          p_z          -0.251056   0.024455
          p_x          -0.188081   0.012259

    8 C   s             0.239303   0.013009
          p_y          -0.226886   0.018263
          p_z           0.105741   0.004103
          p_x           0.353042   0.043790

    9 C   s             0.138341   0.003372
          p_y          -0.154413   0.007957
          p_z           0.393633   0.052462
          p_x          -0.064110   0.001488

   10 H   s            -0.142866   0.001857

   11 C   s             0.147871   0.005039
          p_y          -0.003506   0.000009
          p_z           0.197241   0.014810
          p_x          -0.178081   0.011658

   12 C   s            -0.140038   0.003223
          p_y          -0.114274   0.004560
          p_z           0.236074   0.019982
          p_x           0.005729  -0.000000

   13 H   s             0.083819   0.000481

   14 H   s            -0.159541   0.003676

   15 C   s             0.038758   0.000132
          p_y          -0.082444   0.002294
          p_z           0.388841   0.051591
          p_x          -0.203370   0.014235

   16 C   s            -0.243374   0.013764
          p_y          -0.243469   0.022865
          p_z           0.294397   0.034759
          p_x           0.207997   0.015801

   17 C   s             0.061844   0.000591
          p_y          -0.029847   0.000306
          p_z          -0.026172   0.000266
          p_x           0.084045   0.002519

   18 H   s            -0.009533  -0.000021

   19 C   s             0.101138   0.002410
          p_y          -0.121033   0.005413
          p_z           0.238248   0.021674
          p_x           0.017824   0.000068

   20 C   s            -0.195126   0.008441
          p_y           0.086884   0.002563
          p_z           0.176776   0.012915
          p_x          -0.340319   0.043515

   21 C   s            -0.120545   0.001920
          p_y           0.144010   0.006697
          p_z          -0.247233   0.020152
          p_x          -0.054592   0.000877

   22 H   s             0.096222   0.000392

   23 C   s             0.094300   0.001665
          p_y           0.035912   0.000458
          p_z          -0.012466   0.000059
          p_x          -0.059823   0.001254

   24 H   s             0.062148   0.000793

   25 H   s            -0.025125   0.000062

   26 H   s             0.097848   0.000797

   27 C   s            -0.179939   0.005350
          p_y          -0.001053  -0.000001
          p_z          -0.183354   0.011408
          p_x           0.174511   0.009850

   28 C   s             0.147801   0.005618
          p_y           0.124486   0.006181
          p_z          -0.233665   0.022083
          p_x          -0.028921   0.000298

   29 H   s             0.051463   0.000605

   30 C   s             0.127867   0.004276
          p_y          -0.005806   0.000005
          p_z          -0.206426   0.017299
          p_x           0.205252   0.016478

   31 C   s             0.085878   0.001685
          p_y          -0.031636   0.000398
          p_z           0.040180   0.000720
          p_x           0.025379   0.000211

   32 H   s            -0.011452  -0.000027

   33 C   s             0.055261   0.000513
          p_y           0.044690   0.000662
          p_z           0.007844   0.000028
          p_x          -0.096493   0.003175

   34 H   s            -0.030560   0.000055

   35 H   s             0.048610   0.000176

   36 H   s             0.056239   0.000596

Eigenvector:  89    (up)

    1 C   s            -0.207259   0.009486
          p_y           0.161953   0.008367
          p_z          -0.276364   0.024444
          p_x          -0.061473   0.001189

    2 C   s             0.283597   0.020554
          p_y           0.121112   0.005801
          p_z          -0.269363   0.027396
          p_x           0.012119   0.000003

    3 C   s             0.203848   0.009499
          p_y          -0.002426   0.000003
          p_z           0.274565   0.025048
          p_x          -0.255419   0.021394

    4 C   s            -0.007296   0.000014
          p_y           0.139353   0.007482
          p_z          -0.513578   0.101304
          p_x           0.208092   0.016561

    5 C   s            -0.304538   0.021175
          p_y           0.137269   0.006197
          p_z          -0.274939   0.025906
          p_x          -0.014309   0.000016

    6 H   s             0.057464   0.000880

    7 C   s            -0.258917   0.017418
          p_y          -0.055600   0.001005
          p_z           0.272333   0.027694
          p_x          -0.145776   0.008718

    8 C   s            -0.032395   0.000220
          p_y          -0.138082   0.007283
          p_z           0.512212   0.099549
          p_x          -0.209341   0.016482

    9 C   s             0.172766   0.006409
          p_y           0.012344   0.000057
          p_z          -0.281483   0.025408
          p_x           0.242113   0.018475

   10 H   s             0.011556   0.000017

   11 C   s             0.070309   0.001615
          p_y           0.043333   0.000736
          p_z          -0.022799   0.000199
          p_x          -0.065444   0.001692

   12 C   s             0.322641   0.023395
          p_y           0.003219  -0.000004
          p_z           0.208228   0.015100
          p_x          -0.203277   0.013448

   13 H   s            -0.069765   0.001118

   14 H   s             0.003537  -0.000001

   15 C   s            -0.175957   0.006754
          p_y          -0.156293   0.007759
          p_z           0.283626   0.025664
          p_x           0.043337   0.000580

   16 C   s            -0.240226   0.015941
          p_y           0.068356   0.001649
          p_z          -0.295606   0.033684
          p_x           0.142341   0.008440

   17 C   s            -0.209295   0.010032
          p_y          -0.073275   0.002005
          p_z          -0.075370   0.001949
          p_x           0.216528   0.017046

   18 H   s            -0.015421   0.000041

   19 C   s            -0.078893   0.002002
          p_y           0.053433   0.001112
          p_z          -0.037353   0.000540
          p_x          -0.071025   0.001972

   20 C   s             0.269587   0.019166
          p_y          -0.123705   0.006163
          p_z           0.296466   0.033922
          p_x          -0.032576   0.000275

   21 C   s             0.272190   0.015296
          p_y          -0.013243   0.000023
          p_z          -0.216201   0.015317
          p_x           0.230697   0.016258

   22 H   s            -0.065849   0.000760

   23 C   s             0.192627   0.008594
          p_y          -0.142915   0.007406
          p_z           0.141766   0.007082
          p_x           0.152042   0.008590

   24 H   s             0.035639   0.000014

   25 H   s             0.019248   0.000066

   26 H   s             0.056927   0.000781

   27 C   s            -0.257639   0.014454
          p_y          -0.157934   0.007955
          p_z           0.300828   0.029999
          p_x           0.031229   0.000200

   28 C   s            -0.072526   0.001686
          p_y          -0.031116   0.000405
          p_z           0.015167   0.000116
          p_x           0.047390   0.000881

   29 H   s            -0.044155   0.000103

   30 C   s             0.080496   0.002107
          p_y          -0.038730   0.000647
          p_z           0.057651   0.001305
          p_x           0.023597   0.000289

   31 C   s             0.158978   0.006181
          p_y           0.119380   0.005704
          p_z          -0.131767   0.006796
          p_x          -0.114520   0.005374

   32 H   s             0.001478  -0.000000

   33 C   s            -0.195588   0.008166
          p_y           0.038200   0.000531
          p_z           0.088833   0.002685
          p_x          -0.159215   0.008909

   34 H   s             0.006412   0.000011

   35 H   s            -0.036744  -0.000094

   36 H   s             0.023609  -0.000046

Eigenvector:  90    (up)

    1 C   s            -0.458883   0.045400
          p_y          -0.037528   0.000602
          p_z           0.001246  -0.000001
          p_x           0.074054   0.002406

    2 C   s             0.000293   0.000003
          p_y           0.007389   0.000023
          p_z           0.229445   0.019965
          p_x          -0.231445   0.020455

    3 C   s             0.520136   0.059049
          p_y          -0.013557   0.000126
          p_z          -0.014343   0.000016
          p_x           0.040370   0.000786

    4 C   s             0.282264   0.022616
          p_y           0.120094   0.005759
          p_z          -0.021375   0.000180
          p_x          -0.219624   0.019281

    5 C   s            -0.145241   0.003999
          p_y          -0.216493   0.016065
          p_z           0.127605   0.005367
          p_x           0.311596   0.033771

    6 H   s            -0.081636   0.001160

    7 C   s            -0.012300   0.000145
          p_y           0.195102   0.014442
          p_z          -0.374168   0.053286
          p_x          -0.036083   0.000478

    8 C   s            -0.327411   0.029956
          p_y           0.117708   0.005686
          p_z          -0.058541   0.001416
          p_x          -0.179669   0.013217

    9 C   s            -0.467004   0.046261
          p_y          -0.026161   0.000368
          p_z           0.021125   0.000220
          p_x           0.031956   0.000581

   10 H   s            -0.022309  -0.000048

   11 C   s            -0.191949   0.006829
          p_y           0.020736   0.000110
          p_z           0.074380   0.002095
          p_x          -0.110825   0.004093

   12 C   s             0.073887   0.001012
          p_y          -0.208146   0.015338
          p_z           0.019823   0.000203
          p_x           0.396942   0.054582

   13 H   s             0.089019   0.001274

   14 H   s            -0.012112   0.000104

   15 C   s             0.544490   0.062715
          p_y          -0.003737   0.000018
          p_z           0.026930   0.000210
          p_x          -0.017647  -0.000045

   16 C   s             0.035516   0.000588
          p_y           0.156311   0.009730
          p_z          -0.280071   0.030949
          p_x          -0.047444   0.000942

   17 C   s            -0.055443   0.000446
          p_y          -0.165394   0.010061
          p_z           0.177373   0.011713
          p_x           0.163694   0.009733

   18 H   s            -0.123471   0.003825

   19 C   s             0.283974   0.016223
          p_y           0.053623   0.000880
          p_z          -0.097815   0.003398
          p_x          -0.015579   0.000005

   20 C   s            -0.075771   0.002033
          p_y           0.005853   0.000010
          p_z           0.308422   0.037510
          p_x          -0.303003   0.035832

   21 C   s            -0.130529   0.003339
          p_y          -0.169554   0.009370
          p_z           0.018414   0.000129
          p_x           0.321077   0.033304

   22 H   s            -0.064962   0.000463

   23 C   s             0.012464  -0.000022
          p_y          -0.085381   0.002680
          p_z          -0.135749   0.007006
          p_x           0.297071   0.032919

   24 H   s            -0.023853   0.000147

   25 H   s             0.141190   0.005462

   26 H   s             0.079456   0.000832

   27 C   s             0.069233   0.001087
          p_y          -0.203695   0.013927
          p_z           0.061407   0.001147
          p_x           0.348331   0.041358

   28 C   s            -0.153018   0.005229
          p_y           0.066237   0.001735
          p_z          -0.060371   0.001338
          p_x          -0.075565   0.002377

   29 H   s             0.023456   0.000116

   30 C   s             0.278385   0.017429
          p_y           0.001789  -0.000001
          p_z           0.054962   0.001110
          p_x          -0.054700   0.000979

   31 C   s            -0.105504   0.002554
          p_y          -0.094664   0.003376
          p_z          -0.054842   0.001246
          p_x           0.239899   0.022146

   32 H   s            -0.098761   0.001061

   33 C   s             0.033766   0.000099
          p_y          -0.181918   0.011910
          p_z           0.197243   0.014236
          p_x           0.178013   0.011207

   34 H   s             0.119913   0.003121

   35 H   s            -0.017142   0.000049

   36 H   s             0.018089   0.000080

Eigenvector:  91    (up)

    1 C   s            -0.363851   0.025435
          p_y           0.137587   0.006901
          p_z          -0.147767   0.007931
          p_x          -0.134705   0.006641

    2 C   s            -0.019584   0.000030
          p_y          -0.118587   0.005323
          p_z           0.332741   0.043220
          p_x          -0.077419   0.002557

    3 C   s            -0.242912   0.011058
          p_y          -0.065487   0.001692
          p_z          -0.090462   0.002944
          p_x           0.216517   0.017853

    4 C   s             0.448168   0.052112
          p_y           0.117086   0.005665
          p_z          -0.071737   0.002024
          p_x          -0.165916   0.011598

    5 C   s             0.222826   0.010310
          p_y          -0.102997   0.003946
          p_z           0.052895   0.000814
          p_x           0.155173   0.009583

    6 H   s             0.020978   0.000047

    7 C   s            -0.036846   0.000301
          p_y          -0.028350   0.000367
          p_z           0.235358   0.021939
          p_x          -0.165626   0.010303

    8 C   s             0.391069   0.037950
          p_y          -0.073812   0.002360
          p_z           0.007574   0.000036
          p_x           0.140237   0.008316

    9 C   s            -0.293760   0.015907
          p_y           0.043496   0.000682
          p_z           0.100046   0.003566
          p_x          -0.181666   0.011821

   10 H   s             0.052842   0.000894

   11 C   s            -0.430717   0.042378
          p_y          -0.140211   0.007592
          p_z           0.214186   0.016621
          p_x           0.079679   0.002833

   12 C   s             0.256104   0.013519
          p_y           0.047043   0.000988
          p_z          -0.006804   0.000045
          p_x          -0.087990   0.003154

   13 H   s             0.035861   0.000154

   14 H   s             0.063477   0.001357

   15 C   s            -0.213826   0.008234
          p_y          -0.128940   0.006095
          p_z           0.151465   0.008309
          p_x           0.114058   0.004841

   16 C   s            -0.120169   0.003523
          p_y           0.056167   0.001329
          p_z          -0.329724   0.044160
          p_x           0.199146   0.015775

   17 C   s             0.301209   0.020254
          p_y          -0.188153   0.014115
          p_z           0.288611   0.032729
          p_x           0.105085   0.004568

   18 H   s            -0.068798   0.001741

   19 C   s            -0.374549   0.033263
          p_y           0.049941   0.001092
          p_z           0.125207   0.005487
          p_x          -0.216061   0.018224

   20 C   s            -0.097368   0.002380
          p_y           0.141778   0.007913
          p_z          -0.301750   0.036585
          p_x           0.001773   0.000005

   21 C   s             0.300425   0.016184
          p_y          -0.101714   0.003819
          p_z          -0.018367   0.000061
          p_x           0.220888   0.017291

   22 H   s             0.005700  -0.000012

   23 C   s             0.310936   0.021075
          p_y           0.015926   0.000132
          p_z           0.184113   0.013198
          p_x          -0.203976   0.017058

   24 H   s             0.034903   0.000486

   25 H   s            -0.039199   0.000708

   26 H   s             0.028222   0.000048

   27 C   s             0.298018   0.016552
          p_y           0.083375   0.002661
          p_z          -0.068969   0.001567
          p_x          -0.100888   0.004248

   28 C   s            -0.377839   0.036352
          p_y          -0.050648   0.001179
          p_z          -0.057823   0.000871
          p_x           0.154282   0.009284

   29 H   s             0.040829   0.000630

   30 C   s            -0.365431   0.034172
          p_y           0.115411   0.005392
          p_z          -0.147712   0.008057
          p_x          -0.092465   0.003915

   31 C   s             0.238069   0.013273
          p_y          -0.011525   0.000088
          p_z          -0.178143   0.012417
          p_x           0.189676   0.015250

   32 H   s            -0.052266   0.000613

   33 C   s             0.247628   0.012946
          p_y           0.136440   0.007214
          p_z          -0.225637   0.019235
          p_x          -0.060906   0.001562

   34 H   s            -0.048501   0.000766

   35 H   s             0.013109   0.000078

   36 H   s             0.022716   0.000240

Eigenvector:  92    (up)

    1 C   s             0.154939   0.005054
          p_y           0.058288   0.001187
          p_z          -0.254525   0.020870
          p_x           0.124251   0.004579

    2 C   s            -0.172823   0.007857
          p_y          -0.029395   0.000373
          p_z          -0.142242   0.006820
          p_x           0.193279   0.013672

    3 C   s            -0.195279   0.007983
          p_y          -0.104467   0.003412
          p_z           0.258191   0.021542
          p_x          -0.035495   0.000485

    4 C   s             0.074608   0.001355
          p_y           0.014280   0.000059
          p_z          -0.013285  -0.000001
          p_x          -0.015780   0.000131

    5 C   s             0.327487   0.022600
          p_y           0.108489   0.004018
          p_z          -0.178179   0.009884
          p_x          -0.049122   0.001071

    6 H   s             0.015373  -0.000019

    7 C   s             0.179948   0.008463
          p_y          -0.132443   0.006388
          p_z           0.217632   0.016541
          p_x           0.058566   0.001429

    8 C   s            -0.034453   0.000274
          p_y          -0.000325  -0.000001
          p_z          -0.005346   0.000039
          p_x           0.005552   0.000019

    9 C   s            -0.227886   0.010406
          p_y           0.134219   0.005286
          p_z          -0.241660   0.017763
          p_x          -0.039567   0.000362

   10 H   s             0.015268   0.000056

   11 C   s             0.062647   0.000165
          p_y          -0.015766   0.000068
          p_z          -0.283182   0.027526
          p_x           0.296926   0.029624

   12 C   s            -0.315721   0.020952
          p_y           0.018309   0.000189
          p_z           0.142497   0.005876
          p_x          -0.170332   0.010097

   13 H   s            -0.008997  -0.000021

   14 H   s            -0.015844   0.000058

   15 C   s             0.227270   0.010561
          p_y          -0.004672   0.000016
          p_z           0.227930   0.016407
          p_x          -0.206121   0.012631

   16 C   s             0.107071   0.003093
          p_y           0.154917   0.009016
          p_z          -0.344124   0.044037
          p_x           0.015904   0.000075

   17 C   s             0.200224   0.008158
          p_y           0.325270   0.036978
          p_z          -0.190812   0.013103
          p_x          -0.469873   0.076291

   18 H   s             0.139592   0.004269

   19 C   s            -0.095242   0.000900
          p_y          -0.204122   0.014049
          p_z           0.374210   0.048323
          p_x           0.055999   0.000902

   20 C   s            -0.161024   0.006802
          p_y          -0.007325   0.000013
          p_z           0.268916   0.026381
          p_x          -0.239501   0.021380

   21 C   s            -0.104488   0.002298
          p_y          -0.087786   0.002564
          p_z          -0.090037   0.002236
          p_x           0.259941   0.021227

   22 H   s            -0.019922  -0.000001

   23 C   s            -0.171130   0.005967
          p_y           0.273571   0.025846
          p_z           0.018630   0.000175
          p_x          -0.562226   0.110732

   24 H   s            -0.033684  -0.000009

   25 H   s            -0.151134   0.005354

   26 H   s             0.021761  -0.000008

   27 C   s             0.152954   0.004756
          p_y          -0.137866   0.006057
          p_z           0.130008   0.004936
          p_x           0.152719   0.007931

   28 C   s            -0.120279   0.003011
          p_y           0.106985   0.004209
          p_z          -0.168913   0.010025
          p_x          -0.055000   0.001254

   29 H   s             0.039643   0.000062

   30 C   s             0.146530   0.004169
          p_y          -0.006129   0.000016
          p_z           0.176490   0.011283
          p_x          -0.153043   0.008359

   31 C   s            -0.113835   0.002910
          p_y          -0.148873   0.008139
          p_z          -0.043555   0.000742
          p_x           0.337254   0.042097

   32 H   s            -0.097425   0.000972

   33 C   s             0.073009   0.000856
          p_y          -0.219639   0.016376
          p_z           0.179390   0.011207
          p_x           0.269979   0.024343

   34 H   s             0.103036   0.002047

   35 H   s             0.002065  -0.000005

   36 H   s            -0.008148  -0.000011

Eigenvector:  93    (up)

    1 C   s            -0.056006   0.000690
          p_y           0.117851   0.004262
          p_z          -0.015275   0.000099
          p_x          -0.220862   0.014597

    2 C   s            -0.097244   0.002442
          p_y          -0.123474   0.005670
          p_z           0.328738   0.039524
          p_x          -0.063710   0.001387

    3 C   s             0.126848   0.003226
          p_y           0.160001   0.008021
          p_z          -0.081331   0.001936
          p_x          -0.242663   0.018836

    4 C   s             0.171195   0.006671
          p_y          -0.004931   0.000004
          p_z          -0.003389   0.000007
          p_x           0.013037   0.000043

    5 C   s             0.343951   0.024843
          p_y          -0.128848   0.004976
          p_z           0.050471   0.000789
          p_x           0.208820   0.012965

    6 H   s            -0.006300   0.000019

    7 C   s             0.037836   0.000425
          p_y           0.086687   0.002703
          p_z          -0.341470   0.042554
          p_x           0.149297   0.008271

    8 C   s            -0.184146   0.007381
          p_y          -0.027255   0.000230
          p_z           0.070096   0.001849
          p_x          -0.011884   0.000097

    9 C   s             0.032702   0.000255
          p_y           0.065935   0.001348
          p_z           0.059321   0.001175
          p_x          -0.187739   0.011180

   10 H   s             0.067903   0.000879

   11 C   s            -0.134003   0.004763
          p_y          -0.014575   0.000083
          p_z          -0.189351   0.012195
          p_x           0.206926   0.014858

   12 C   s            -0.339092   0.024224
          p_y          -0.129013   0.005010
          p_z           0.062045   0.001226
          p_x           0.199749   0.011811

   13 H   s             0.000214   0.000000

   14 H   s            -0.078635   0.001489

   15 C   s            -0.085130   0.001429
          p_y           0.103549   0.003438
          p_z          -0.122142   0.004955
          p_x          -0.091348   0.002554

   16 C   s            -0.163787   0.007286
          p_y          -0.009987   0.000036
          p_z          -0.173030   0.011733
          p_x           0.183074   0.013032

   17 C   s             0.184459   0.007706
          p_y           0.168120   0.009727
          p_z           0.014466   0.000053
          p_x          -0.348683   0.041404

   18 H   s             0.030349   0.000109

   19 C   s             0.211358   0.011202
          p_y          -0.151509   0.008014
          p_z           0.192554   0.012696
          p_x           0.120889   0.005248

   20 C   s             0.220414   0.012761
          p_y          -0.136061   0.007130
          p_z           0.211151   0.017217
          p_x           0.072593   0.002015

   21 C   s             0.427367   0.035303
          p_y          -0.065806   0.000980
          p_z           0.046889   0.000504
          p_x           0.087950   0.001744

   22 H   s             0.007222  -0.000016

   23 C   s            -0.258168   0.014706
          p_y           0.203840   0.013997
          p_z          -0.179516   0.011002
          p_x          -0.238022   0.018905

   24 H   s            -0.068379   0.000441

   25 H   s            -0.032854   0.000076

   26 H   s            -0.002136  -0.000008

   27 C   s            -0.446351   0.039407
          p_y          -0.066332   0.001123
          p_z           0.025169   0.000249
          p_x           0.107840   0.002609

   28 C   s            -0.120986   0.004547
          p_y          -0.203363   0.015294
          p_z           0.291294   0.030855
          p_x           0.131744   0.006638

   29 H   s             0.058598   0.000172

   30 C   s             0.066037   0.001792
          p_y          -0.021544   0.000196
          p_z          -0.258686   0.024043
          p_x           0.285788   0.030115

   31 C   s             0.314018   0.022606
          p_y           0.299281   0.032828
          p_z          -0.153963   0.008824
          p_x          -0.452004   0.074516

   32 H   s             0.079335   0.000370

   33 C   s            -0.257159   0.013053
          p_y           0.279772   0.025981
          p_z          -0.069040   0.001724
          p_x          -0.493118   0.079764

   34 H   s            -0.082745   0.001045

   35 H   s            -0.057872  -0.000291

   36 H   s             0.064745   0.000148

Eigenvector:  94    (up)

    1 C   s             0.338907   0.019675
          p_y          -0.121502   0.004983
          p_z          -0.032968   0.000379
          p_x           0.273573   0.025354

    2 C   s            -0.293174   0.020551
          p_y          -0.016576   0.000119
          p_z          -0.149813   0.008487
          p_x           0.174767   0.011864

    3 C   s             0.351425   0.021944
          p_y           0.110011   0.004359
          p_z          -0.065275   0.001602
          p_x          -0.158162   0.008855

    4 C   s             0.056110   0.000843
          p_y          -0.093345   0.003410
          p_z           0.402396   0.062831
          p_x          -0.194629   0.014580

    5 C   s             0.015345   0.000003
          p_y          -0.049200   0.000894
          p_z           0.135889   0.006831
          p_x          -0.029629   0.000327

    6 H   s            -0.038615   0.000485

    7 C   s            -0.302041   0.021943
          p_y           0.097938   0.003757
          p_z          -0.099945   0.003972
          p_x          -0.100898   0.003930

    8 C   s             0.058988   0.000830
          p_y          -0.124487   0.005969
          p_z           0.402597   0.061880
          p_x          -0.132646   0.006605

    9 C   s            -0.449093   0.033719
          p_y           0.137248   0.006302
          p_z          -0.057143   0.001080
          p_x          -0.220295   0.016280

   10 H   s            -0.007745   0.000000

   11 C   s             0.341214   0.024980
          p_y           0.194569   0.013265
          p_z          -0.293709   0.030496
          p_x          -0.113308   0.004402

   12 C   s             0.087608   0.001364
          p_y          -0.014541   0.000094
          p_z           0.151025   0.008223
          p_x          -0.113223   0.004339

   13 H   s            -0.032763   0.000380

   14 H   s             0.015354   0.000062

   15 C   s            -0.362629   0.021381
          p_y          -0.160736   0.008773
          p_z           0.063514   0.001349
          p_x           0.260645   0.023151

   16 C   s             0.231757   0.013934
          p_y           0.127939   0.006520
          p_z          -0.259832   0.026542
          p_x          -0.009816   0.000051

   17 C   s            -0.346752   0.024972
          p_y           0.165838   0.010522
          p_z          -0.275269   0.028358
          p_x          -0.073177   0.002206

   18 H   s            -0.005433  -0.000045

   19 C   s             0.293445   0.018458
          p_y          -0.030011   0.000293
          p_z          -0.223645   0.018037
          p_x           0.268901   0.025507

   20 C   s             0.177851   0.007905
          p_y           0.053893   0.001041
          p_z          -0.238900   0.022165
          p_x           0.118128   0.005799

   21 C   s             0.027991   0.000092
          p_y          -0.068207   0.001602
          p_z           0.106613   0.003875
          p_x           0.035829   0.000455

   22 H   s             0.026206   0.000190

   23 C   s            -0.298896   0.018088
          p_y          -0.051127   0.001010
          p_z          -0.165878   0.010343
          p_x           0.256945   0.025086

   24 H   s            -0.041197   0.000646

   25 H   s            -0.006585  -0.000046

   26 H   s             0.047590   0.000488

   27 C   s             0.137496   0.003548
          p_y          -0.009886   0.000030
          p_z           0.066570   0.001553
          p_x          -0.042662   0.000677

   28 C   s            -0.305578   0.021183
          p_y          -0.032424   0.000428
          p_z          -0.143266   0.007059
          p_x           0.198341   0.014334

   29 H   s            -0.054561   0.000916

   30 C   s            -0.331945   0.026508
          p_y           0.166114   0.010310
          p_z          -0.214500   0.016903
          p_x          -0.130846   0.006562

   31 C   s             0.224005   0.010970
          p_y          -0.050804   0.001122
          p_z          -0.148220   0.008149
          p_x           0.239839   0.022880

   32 H   s            -0.019780   0.000173

   33 C   s             0.307221   0.018641
          p_y           0.125113   0.005840
          p_z          -0.238979   0.020426
          p_x          -0.025920   0.000340

   34 H   s             0.000998  -0.000008

   35 H   s             0.030549   0.000182

   36 H   s             0.023571   0.000282

Eigenvector:  95    (up)

    1 C   s            -0.388870   0.029265
          p_y           0.159663   0.007225
          p_z          -0.077634   0.001692
          p_x          -0.245003   0.017059

    2 C   s             0.156979   0.005839
          p_y          -0.010114   0.000047
          p_z           0.233512   0.020099
          p_x          -0.200402   0.014441

    3 C   s             0.336917   0.023230
          p_y           0.124564   0.004417
          p_z          -0.023536   0.000171
          p_x          -0.226837   0.014527

    4 C   s             0.051153   0.000645
          p_y           0.176928   0.011298
          p_z          -0.438663   0.070243
          p_x           0.062041   0.001496

    5 C   s             0.121825   0.002739
          p_y          -0.089851   0.002355
          p_z          -0.169460   0.009192
          p_x           0.338506   0.034953

    6 H   s            -0.010357  -0.000018

    7 C   s            -0.181125   0.007561
          p_y           0.129865   0.005997
          p_z          -0.208440   0.015706
          p_x          -0.062294   0.001308

    8 C   s            -0.046132   0.000545
          p_y          -0.053823   0.001096
          p_z           0.340170   0.041609
          p_x          -0.214645   0.016132

    9 C   s             0.192039   0.006220
          p_y          -0.278020   0.022345
          p_z           0.163472   0.007892
          p_x           0.400762   0.046045

   10 H   s            -0.036043   0.000124

   11 C   s            -0.122632   0.003413
          p_y           0.026179   0.000221
          p_z          -0.269266   0.023780
          p_x           0.200322   0.013229

   12 C   s            -0.061356   0.000740
          p_y          -0.202461   0.012471
          p_z           0.288575   0.026227
          p_x           0.132436   0.004951

   13 H   s             0.013729  -0.000029

   14 H   s             0.038183   0.000216

   15 C   s            -0.141331   0.003560
          p_y          -0.207950   0.012474
          p_z          -0.015140   0.000088
          p_x           0.429401   0.053766

   16 C   s            -0.069098   0.000960
          p_y          -0.122519   0.005504
          p_z           0.428893   0.067682
          p_x          -0.160504   0.009530

   17 C   s             0.074820   0.001300
          p_y           0.161183   0.008490
          p_z          -0.058655   0.001129
          p_x          -0.266499   0.023186

   18 H   s             0.015053   0.000001

   19 C   s             0.149430   0.004996
          p_y          -0.139975   0.006414
          p_z           0.249534   0.020231
          p_x           0.044848   0.000684

   20 C   s             0.080633   0.001323
          p_y           0.106957   0.004143
          p_z          -0.368720   0.049235
          p_x           0.134651   0.006565

   21 C   s            -0.270098   0.012833
          p_y           0.136419   0.005092
          p_z          -0.044543   0.000566
          p_x          -0.230787   0.014463

   22 H   s            -0.027089   0.000125

   23 C   s            -0.128570   0.003578
          p_y           0.147511   0.007042
          p_z          -0.066929   0.001518
          p_x          -0.231113   0.017064

   24 H   s            -0.048276   0.000281

   25 H   s            -0.024286   0.000029

   26 H   s             0.026757   0.000153

   27 C   s             0.219025   0.009034
          p_y           0.111895   0.003388
          p_z          -0.019737   0.000080
          p_x          -0.204152   0.011518

   28 C   s             0.170700   0.007530
          p_y           0.111373   0.004514
          p_z          -0.176468   0.011395
          p_x          -0.056146   0.001128

   29 H   s             0.037364   0.000102

   30 C   s            -0.191018   0.009178
          p_y           0.047789   0.000863
          p_z           0.069877   0.001677
          p_x          -0.161208   0.009459

   31 C   s            -0.149068   0.005127
          p_y          -0.152057   0.008334
          p_z           0.137181   0.006874
          p_x           0.174487   0.010868

   32 H   s            -0.004050  -0.000009

   33 C   s             0.196137   0.007750
          p_y          -0.067460   0.001393
          p_z          -0.086873   0.002484
          p_x           0.215747   0.014652

   34 H   s             0.007589  -0.000019

   35 H   s             0.050579  -0.000081

   36 H   s            -0.041718   0.000039

Eigenvector:  96    (up)

    1 C   s            -0.042580   0.000668
          p_y          -0.182589   0.010424
          p_z           0.000419   0.000001
          p_x           0.364295   0.040445

    2 C   s             0.204879   0.009990
          p_y           0.255038   0.022858
          p_z          -0.493598   0.086228
          p_x          -0.043179   0.000605

    3 C   s             0.302299   0.017617
          p_y          -0.170807   0.009070
          p_z           0.267297   0.022734
          p_x           0.088041   0.002247

    4 C   s            -0.017148   0.000012
          p_y           0.032108   0.000317
          p_z           0.115997   0.005044
          p_x          -0.174010   0.010602

    5 C   s            -0.386415   0.027134
          p_y           0.194051   0.012056
          p_z          -0.377527   0.045295
          p_x          -0.031306   0.000340

    6 H   s            -0.053302   0.000172

    7 C   s             0.096669   0.001731
          p_y           0.000621   0.000001
          p_z           0.018529  -0.000007
          p_x          -0.018748   0.000072

    8 C   s            -0.269576   0.017820
          p_y           0.166680   0.009564
          p_z          -0.054546   0.001002
          p_x          -0.281286   0.027346

    9 C   s            -0.258319   0.013440
          p_y          -0.089958   0.002492
          p_z           0.069180   0.001315
          p_x           0.113992   0.004250

   10 H   s            -0.081493   0.000923

   11 C   s            -0.033048   0.000109
          p_y          -0.085957   0.002427
          p_z           0.109383   0.004718
          p_x           0.068807   0.001090

   12 C   s            -0.085419   0.000669
          p_y          -0.117147   0.004390
          p_z           0.131263   0.004772
          p_x           0.109979   0.004453

   13 H   s             0.040824   0.000359

   14 H   s             0.077672   0.000598

   15 C   s             0.286711   0.016646
          p_y          -0.010129   0.000042
          p_z          -0.170992   0.009054
          p_x           0.182238   0.010661

   16 C   s             0.249920   0.015452
          p_y           0.070983   0.001877
          p_z           0.160308   0.009042
          p_x          -0.293000   0.031065

   17 C   s             0.148793   0.003853
          p_y          -0.009828   0.000075
          p_z          -0.006460  -0.000021
          p_x           0.025697   0.000314

   18 H   s             0.057276   0.000510

   19 C   s            -0.211573   0.009300
          p_y          -0.050878   0.000911
          p_z           0.405193   0.056494
          p_x          -0.277856   0.026343

   20 C   s             0.034480   0.000205
          p_y           0.036430   0.000385
          p_z          -0.019505   0.000015
          p_x          -0.054306   0.001107

   21 C   s            -0.198293   0.006668
          p_y          -0.111950   0.003582
          p_z           0.379843   0.042745
          p_x          -0.134532   0.005678

   22 H   s            -0.043393  -0.000019

   23 C   s             0.309065   0.019223
          p_y           0.059056   0.001196
          p_z           0.233400   0.018908
          p_x          -0.335791   0.038970

   24 H   s             0.058462   0.000785

   25 H   s             0.003737  -0.000019

   26 H   s             0.048016   0.000364

   27 C   s            -0.083359   0.000649
          p_y          -0.050258   0.000841
          p_z          -0.162760   0.007340
          p_x           0.253516   0.019223

   28 C   s            -0.114249   0.002640
          p_y          -0.112126   0.004183
          p_z           0.101126   0.003017
          p_x           0.128569   0.005957

   29 H   s             0.034683   0.000462

   30 C   s            -0.144892   0.004402
          p_y           0.165598   0.009794
          p_z          -0.480700   0.082054
          p_x           0.119959   0.005030

   31 C   s             0.188366   0.007491
          p_y           0.077984   0.001895
          p_z          -0.026736   0.000272
          p_x          -0.130265   0.005061

   32 H   s             0.051115   0.000024

   33 C   s             0.192895   0.007189
          p_y           0.265785   0.023148
          p_z          -0.296178   0.029178
          p_x          -0.252902   0.020611

   34 H   s            -0.019531   0.000130

   35 H   s             0.018159   0.000082

   36 H   s             0.044925   0.000518

Eigenvector:  97    (up)

    1 C   s            -0.386847   0.025760
          p_y           0.033922   0.000440
          p_z          -0.182679   0.010732
          p_x           0.105295   0.003135

    2 C   s            -0.118648   0.002685
          p_y          -0.068741   0.001819
          p_z           0.182866   0.013364
          p_x          -0.035451   0.000573

    3 C   s            -0.168723   0.003516
          p_y          -0.241326   0.018191
          p_z           0.082189   0.001891
          p_x           0.404235   0.052060

    4 C   s             0.223802   0.012131
          p_y           0.175036   0.011116
          p_z          -0.195429   0.014541
          p_x          -0.164490   0.009272

    5 C   s             0.215999   0.006492
          p_y          -0.126734   0.005633
          p_z           0.039340   0.000750
          p_x           0.215856   0.015269

    6 H   s            -0.023894   0.000169

    7 C   s            -0.187812   0.008188
          p_y          -0.051907   0.001060
          p_z           0.530801   0.101594
          p_x          -0.397631   0.055654

    8 C   s             0.043339   0.000264
          p_y           0.147142   0.007614
          p_z          -0.354669   0.045981
          p_x           0.042031   0.000817

    9 C   s            -0.064443   0.001283
          p_y          -0.137265   0.005918
          p_z           0.183123   0.010304
          p_x           0.100749   0.003307

   10 H   s            -0.052457   0.000100

   11 C   s             0.219160   0.009576
          p_y           0.234193   0.018420
          p_z          -0.501552   0.086473
          p_x           0.002605   0.000012

   12 C   s             0.487761   0.042025
          p_y           0.051065   0.000858
          p_z           0.263943   0.022334
          p_x          -0.350986   0.039802

   13 H   s             0.052687   0.000164

   14 H   s             0.068495   0.000934

   15 C   s             0.352361   0.022520
          p_y           0.035881   0.000345
          p_z          -0.057998   0.000903
          p_x          -0.016513   0.000073

   16 C   s            -0.026514   0.000149
          p_y          -0.020865   0.000159
          p_z           0.146669   0.007617
          p_x          -0.096904   0.003279

   17 C   s            -0.378295   0.028575
          p_y           0.219985   0.017045
          p_z          -0.331842   0.038716
          p_x          -0.128286   0.005821

   18 H   s            -0.028553  -0.000024

   19 C   s             0.044879   0.000227
          p_y           0.004668   0.000034
          p_z          -0.224723   0.019270
          p_x           0.201321   0.013222

   20 C   s            -0.191020   0.008943
          p_y           0.079007   0.002145
          p_z          -0.006740  -0.000018
          p_x          -0.151487   0.008605

   21 C   s            -0.027291   0.000169
          p_y          -0.082119   0.001871
          p_z           0.186238   0.009698
          p_x          -0.011605   0.000042

   22 H   s            -0.034939   0.000152

   23 C   s            -0.219301   0.008551
          p_y          -0.051827   0.000982
          p_z          -0.025722   0.000330
          p_x           0.127227   0.006329

   24 H   s            -0.049428   0.000858

   25 H   s            -0.063487   0.000649

   26 H   s             0.018447  -0.000027

   27 C   s             0.002596   0.000008
          p_y           0.035757   0.000408
          p_z          -0.252777   0.019322
          p_x           0.166622   0.008197

   28 C   s             0.083403   0.001394
          p_y          -0.076759   0.001994
          p_z           0.248114   0.020879
          p_x          -0.079365   0.002146

   29 H   s            -0.079166   0.001470

   30 C   s             0.100013   0.002391
          p_y          -0.021902   0.000176
          p_z          -0.135399   0.006159
          p_x           0.170669   0.010013

   31 C   s            -0.047074   0.000457
          p_y           0.102121   0.003706
          p_z           0.081669   0.002341
          p_x          -0.279715   0.027711

   32 H   s             0.030734   0.000137

   33 C   s            -0.099796   0.001823
          p_y           0.093435   0.002560
          p_z          -0.038668   0.000393
          p_x          -0.150095   0.006771

   34 H   s            -0.034354   0.000092

   35 H   s            -0.019081   0.000033

   36 H   s             0.006851  -0.000013

Eigenvector:  98    (up)

    1 C   s             0.068870   0.000377
          p_y          -0.102313   0.003216
          p_z          -0.017838   0.000103
          p_x           0.221189   0.015085

    2 C   s             0.011191   0.000034
          p_y           0.099109   0.003427
          p_z          -0.235801   0.019887
          p_x           0.024808   0.000263

    3 C   s             0.258399   0.011816
          p_y           0.009959   0.000036
          p_z           0.006142   0.000006
          p_x          -0.025823   0.000215

    4 C   s             0.147600   0.005274
          p_y          -0.002537   0.000006
          p_z           0.251294   0.023664
          p_x          -0.232998   0.019617

    5 C   s            -0.165505   0.004885
          p_y           0.060494   0.001145
          p_z          -0.128181   0.005049
          p_x           0.000148  -0.000000

    6 H   s            -0.031761   0.000141

    7 C   s            -0.076251   0.001443
          p_y           0.067837   0.001697
          p_z          -0.102427   0.004091
          p_x          -0.038619   0.000471

    8 C   s             0.039766   0.000328
          p_y          -0.046838   0.000905
          p_z           0.218882   0.018191
          p_x          -0.113789   0.004566

    9 C   s            -0.321389   0.016409
          p_y           0.015674   0.000076
          p_z           0.152268   0.007110
          p_x          -0.175522   0.009453

   10 H   s            -0.027612   0.000013

   11 C   s             0.027336   0.000197
          p_y          -0.007996   0.000020
          p_z           0.004903   0.000022
          p_x           0.011253   0.000009

   12 C   s            -0.037965   0.000109
          p_y          -0.083446   0.002187
          p_z           0.110600   0.003727
          p_x           0.062292   0.001280

   13 H   s             0.014565   0.000008

   14 H   s             0.037170   0.000278

   15 C   s            -0.187531   0.004530
          p_y          -0.134353   0.005655
          p_z           0.032717   0.000409
          p_x           0.237305   0.017132

   16 C   s            -0.161126   0.006016
          p_y           0.027705   0.000366
          p_z          -0.274631   0.030057
          p_x           0.204038   0.015704

   17 C   s             0.025414   0.000085
          p_y           0.021836   0.000134
          p_z          -0.038809   0.000450
          p_x          -0.007215   0.000010

   18 H   s             0.020014   0.000082

   19 C   s            -0.026738   0.000144
          p_y          -0.040443   0.000560
          p_z           0.172459   0.010108
          p_x          -0.080909   0.002210

   20 C   s            -0.199718   0.009352
          p_y           0.221543   0.017940
          p_z          -0.498542   0.092012
          p_x           0.028430   0.000358

   21 C   s             0.368579   0.019031
          p_y          -0.108858   0.003403
          p_z          -0.024936   0.000324
          p_x           0.240856   0.017989

   22 H   s             0.003271  -0.000010

   23 C   s             0.089931   0.001591
          p_y           0.028025   0.000254
          p_z           0.069740   0.001647
          p_x          -0.120985   0.004857

   24 H   s             0.018964   0.000072

   25 H   s             0.003007  -0.000000

   26 H   s             0.015213  -0.000035

   27 C   s             0.373902   0.020718
          p_y           0.242535   0.018282
          p_z          -0.327854   0.033621
          p_x          -0.175044   0.009413

   28 C   s             0.238451   0.010024
          p_y          -0.066955   0.001774
          p_z           0.517255   0.096511
          p_x          -0.350874   0.042780

   29 H   s             0.013255   0.000058

   30 C   s             0.243437   0.012365
          p_y          -0.266240   0.025165
          p_z           0.464131   0.080169
          p_x           0.096315   0.002575

   31 C   s            -0.394870   0.032359
          p_y           0.116335   0.005264
          p_z           0.210020   0.015466
          p_x          -0.428021   0.068046

   32 H   s            -0.016850  -0.000106

   33 C   s            -0.455183   0.037800
          p_y          -0.159062   0.009131
          p_z           0.265346   0.024607
          p_x           0.069075   0.001916

   34 H   s            -0.069877   0.000241

   35 H   s            -0.077064   0.000849

   36 H   s            -0.073740   0.001701

Eigenvector:  99    (up)

    1 C   s            -0.112559   0.002725
          p_y          -0.218666   0.013762
          p_z           0.354705   0.036721
          p_x           0.101091   0.002804

    2 C   s             0.225382   0.011188
          p_y           0.172441   0.009727
          p_z          -0.085031   0.002498
          p_x          -0.264095   0.022427

    3 C   s             0.112654   0.002821
          p_y          -0.034856   0.000328
          p_z          -0.273961   0.022452
          p_x           0.328825   0.031684

    4 C   s            -0.007005   0.000007
          p_y          -0.093724   0.002849
          p_z           0.305682   0.030356
          p_x          -0.102501   0.003424

    5 C   s            -0.258505   0.013804
          p_y          -0.038203   0.000427
          p_z          -0.219911   0.014368
          p_x           0.283667   0.023813

    6 H   s            -0.091320   0.000729

    7 C   s            -0.220607   0.010575
          p_y           0.152221   0.007395
          p_z          -0.019923   0.000090
          p_x          -0.284948   0.026403

    8 C   s            -0.004683   0.000008
          p_y           0.092537   0.002779
          p_z          -0.313822   0.031766
          p_x           0.112590   0.004048

    9 C   s             0.120672   0.003089
          p_y           0.041225   0.000450
          p_z           0.258287   0.019166
          p_x          -0.326707   0.030056

   10 H   s             0.001941  -0.000000

   11 C   s             0.131933   0.003919
          p_y           0.133752   0.005726
          p_z          -0.294527   0.026951
          p_x           0.008881   0.000002

   12 C   s             0.253122   0.013405
          p_y          -0.189636   0.010663
          p_z           0.289412   0.024903
          p_x           0.105367   0.003268

   13 H   s             0.091107   0.000685

   14 H   s            -0.001958   0.000001

   15 C   s            -0.110294   0.002737
          p_y           0.226930   0.014786
          p_z          -0.355574   0.036709
          p_x          -0.116781   0.003789

   16 C   s            -0.234291   0.012158
          p_y          -0.148366   0.007379
          p_z           0.001814  -0.000001
          p_x           0.294372   0.029343

   17 C   s            -0.185563   0.007374
          p_y           0.143457   0.006356
          p_z          -0.274030   0.023673
          p_x          -0.029758   0.000225

   18 H   s            -0.008145  -0.000010

   19 C   s            -0.139243   0.004404
          p_y          -0.028175   0.000209
          p_z           0.272048   0.023096
          p_x          -0.198342   0.012821

   20 C   s             0.267440   0.015882
          p_y          -0.199909   0.013383
          p_z           0.138129   0.006639
          p_x           0.268795   0.023737

   21 C   s             0.207220   0.008918
          p_y           0.182885   0.009335
          p_z          -0.325297   0.029457
          p_x          -0.058151   0.000956

   22 H   s             0.085198   0.000301

   23 C   s             0.195862   0.008066
          p_y          -0.001280   0.000002
          p_z           0.235066   0.017533
          p_x          -0.217160   0.014517

   24 H   s             0.025749  -0.000005

   25 H   s             0.008822  -0.000010

   26 H   s            -0.089423   0.000508

   27 C   s            -0.247295   0.012296
          p_y          -0.014589   0.000061
          p_z           0.301285   0.026346
          p_x          -0.254908   0.018893

   28 C   s            -0.122496   0.003145
          p_y           0.057058   0.001020
          p_z          -0.310213   0.031294
          p_x           0.176581   0.010380

   29 H   s            -0.023933  -0.000020

   30 C   s             0.058904   0.000914
          p_y          -0.082427   0.002314
          p_z           0.247416   0.019938
          p_x          -0.067195   0.001306

   31 C   s             0.177466   0.006679
          p_y          -0.032696   0.000316
          p_z          -0.207745   0.014586
          p_x           0.259296   0.022007

   32 H   s            -0.004450   0.000014

   33 C   s            -0.095136   0.001922
          p_y          -0.126690   0.004646
          p_z           0.204023   0.012412
          p_x           0.061775   0.001001

   34 H   s             0.009737   0.000021

   35 H   s            -0.007294  -0.000027

   36 H   s             0.018617   0.000009

Eigenvector: 100    (up)

    1 C   s            -0.091588   0.001754
          p_y           0.069994   0.001503
          p_z          -0.436501   0.055111
          p_x           0.273355   0.020942

    2 C   s            -0.171740   0.005853
          p_y          -0.039030   0.000474
          p_z          -0.162719   0.008104
          p_x           0.231671   0.016525

    3 C   s             0.089531   0.001764
          p_y          -0.202260   0.011795
          p_z           0.484445   0.068850
          p_x          -0.054593   0.000986

    4 C   s             0.392132   0.031097
          p_y           0.189309   0.011331
          p_z          -0.042277   0.000550
          p_x          -0.338084   0.036250

    5 C   s             0.149208   0.004822
          p_y           0.133611   0.004934
          p_z          -0.026350   0.000191
          p_x          -0.242056   0.016207

    6 H   s             0.040300   0.000062

    7 C   s             0.173921   0.005891
          p_y          -0.154913   0.007358
          p_z           0.228257   0.015931
          p_x           0.093567   0.002701

    8 C   s            -0.395488   0.031352
          p_y           0.204047   0.012899
          p_z          -0.084239   0.002249
          p_x          -0.327760   0.033093

    9 C   s            -0.075877   0.001205
          p_y          -0.179323   0.008974
          p_z           0.493975   0.069002
          p_x          -0.109410   0.003531

   10 H   s            -0.066999  -0.000051

   11 C   s            -0.188677   0.007230
          p_y          -0.163211   0.008157
          p_z           0.264589   0.021471
          p_x           0.077928   0.001851

   12 C   s            -0.146584   0.004714
          p_y           0.145401   0.005864
          p_z          -0.061355   0.001061
          p_x          -0.232011   0.014869

   13 H   s            -0.040523   0.000047

   14 H   s             0.071890   0.000168

   15 C   s             0.077214   0.001281
          p_y           0.107658   0.003406
          p_z          -0.479123   0.066154
          p_x           0.238463   0.016098

   16 C   s            -0.228784   0.010581
          p_y          -0.163061   0.008482
          p_z           0.183159   0.010566
          p_x           0.152427   0.007518

   17 C   s             0.233292   0.011307
          p_y          -0.121071   0.004418
          p_z           0.289967   0.025862
          p_x          -0.029748   0.000316

   18 H   s             0.034752   0.000063

   19 C   s             0.192724   0.007678
          p_y          -0.026814   0.000217
          p_z          -0.211494   0.013916
          p_x           0.251167   0.019508

   20 C   s             0.242176   0.011872
          p_y          -0.085369   0.002331
          p_z          -0.097727   0.002923
          p_x           0.262824   0.021760

   21 C   s             0.144453   0.004460
          p_y           0.146244   0.005641
          p_z          -0.148214   0.005925
          p_x          -0.151909   0.005959

   22 H   s             0.044799  -0.000035

   23 C   s            -0.239306   0.011731
          p_y           0.039073   0.000502
          p_z          -0.267642   0.022086
          p_x           0.172339   0.008883

   24 H   s            -0.036267   0.000012

   25 H   s            -0.035981   0.000083

   26 H   s            -0.046844   0.000012

   27 C   s            -0.156507   0.005196
          p_y           0.072193   0.001367
          p_z           0.091038   0.002439
          p_x          -0.230018   0.014512

   28 C   s            -0.138489   0.003787
          p_y           0.006044   0.000009
          p_z          -0.220727   0.015478
          p_x           0.194417   0.012191

   29 H   s             0.035326  -0.000002

   30 C   s             0.104407   0.002456
          p_y          -0.111879   0.004099
          p_z           0.222725   0.016032
          p_x           0.014685   0.000084

   31 C   s             0.190387   0.007541
          p_y           0.010317   0.000050
          p_z          -0.211502   0.014692
          p_x           0.177140   0.009800

   32 H   s             0.017460  -0.000035

   33 C   s            -0.149825   0.004408
          p_y          -0.100268   0.002844
          p_z           0.210276   0.012925
          p_x           0.003281  -0.000003

   34 H   s            -0.017698   0.000007

   35 H   s            -0.018311  -0.000062

   36 H   s             0.023455  -0.000005

Eigenvector: 101    (up)

    1 C   s            -0.027364   0.000212
          p_y          -0.162246   0.007168
          p_z           0.311853   0.027717
          p_x           0.028928   0.000119

    2 C   s             0.372517   0.026432
          p_y           0.202779   0.012589
          p_z          -0.231340   0.016640
          p_x          -0.186416   0.010447

    3 C   s             0.026852   0.000210
          p_y           0.007452   0.000035
          p_z          -0.267283   0.021147
          p_x           0.238050   0.015602

    4 C   s            -0.172029   0.005699
          p_y          -0.101100   0.003154
          p_z           0.138025   0.005918
          p_x           0.071131   0.001542

    5 C   s            -0.054063   0.000398
          p_y           0.253940   0.018086
          p_z          -0.541432   0.085267
          p_x           0.002937   0.000018

    6 H   s            -0.026217  -0.000136

    7 C   s            -0.377010   0.026929
          p_y           0.095955   0.002731
          p_z           0.138934   0.006122
          p_x          -0.322769   0.031766

    8 C   s             0.174824   0.005782
          p_y          -0.032991   0.000322
          p_z          -0.096282   0.002860
          p_x           0.157154   0.007484

    9 C   s             0.038384   0.000349
          p_y           0.078343   0.001605
          p_z          -0.104404   0.003028
          p_x          -0.057628   0.000776

   10 H   s             0.009588  -0.000027

   11 C   s            -0.478674   0.042283
          p_y          -0.278681   0.022998
          p_z           0.274267   0.023370
          p_x           0.299374   0.025425

   12 C   s             0.056573   0.000464
          p_y          -0.043562   0.000689
          p_z           0.479355   0.067659
          p_x          -0.364353   0.036919

   13 H   s             0.026620  -0.000143

   14 H   s            -0.009882  -0.000026

   15 C   s            -0.038484   0.000363
          p_y           0.026051   0.000151
          p_z           0.073625   0.001599
          p_x          -0.121728   0.003914

   16 C   s            -0.000735   0.000000
          p_y           0.026885   0.000227
          p_z          -0.092219   0.002703
          p_x           0.033461   0.000362

   17 C   s             0.431249   0.038255
          p_y          -0.141948   0.006145
          p_z           0.477045   0.069239
          p_x          -0.163039   0.008053

   18 H   s             0.065058  -0.000037

   19 C   s             0.487255   0.044641
          p_y          -0.161999   0.007414
          p_z          -0.142069   0.006753
          p_x           0.455219   0.061687

   20 C   s            -0.002883   0.000001
          p_y          -0.025528   0.000207
          p_z           0.090428   0.002575
          p_x          -0.034452   0.000368

   21 C   s            -0.019954   0.000111
          p_y          -0.027607   0.000171
          p_z          -0.058762   0.000987
          p_x           0.110318   0.003109

   22 H   s             0.000186   0.000000

   23 C   s            -0.439155   0.039199
          p_y           0.133831   0.005410
          p_z          -0.479836   0.069699
          p_x           0.181989   0.010060

   24 H   s            -0.082213   0.000237

   25 H   s            -0.067312   0.000018

   26 H   s            -0.000186   0.000000

   27 C   s             0.022765   0.000132
          p_y          -0.069047   0.001255
          p_z           0.086601   0.002054
          p_x           0.056320   0.000787

   28 C   s             0.131885   0.003290
          p_y           0.031368   0.000302
          p_z           0.083158   0.002184
          p_x          -0.140192   0.006131

   29 H   s             0.081497   0.000200

   30 C   s            -0.116809   0.002780
          p_y           0.081485   0.002105
          p_z          -0.105563   0.003603
          p_x          -0.063770   0.001249

   31 C   s            -0.137760   0.003895
          p_y          -0.030349   0.000317
          p_z           0.149048   0.007154
          p_x          -0.078878   0.001896

   32 H   s            -0.016936  -0.000031

   33 C   s             0.119656   0.002742
          p_y           0.049113   0.000680
          p_z          -0.140697   0.005714
          p_x           0.033640   0.000349

   34 H   s             0.017903  -0.000002

   35 H   s             0.018860  -0.000040

   36 H   s            -0.021406   0.000004

Eigenvector: 102    (up)

    1 C   s            -0.019214   0.000078
          p_y           0.027372   0.000229
          p_z          -0.139674   0.005613
          p_x           0.077525   0.001655

    2 C   s            -0.117400   0.002592
          p_y          -0.044096   0.000589
          p_z           0.012237   0.000049
          p_x           0.076504   0.001750

    3 C   s             0.018648   0.000078
          p_y          -0.058218   0.000963
          p_z           0.150597   0.006608
          p_x          -0.026268   0.000224

    4 C   s             0.181309   0.006345
          p_y           0.049823   0.000751
          p_z           0.037634   0.000454
          p_x          -0.135189   0.005613

    5 C   s             0.024823   0.000114
          p_y          -0.037563   0.000407
          p_z           0.112987   0.003728
          p_x          -0.031422   0.000297

    6 H   s             0.005648  -0.000011

    7 C   s             0.118493   0.002620
          p_y          -0.045722   0.000621
          p_z           0.016340   0.000073
          p_x           0.075822   0.001733

    8 C   s            -0.180734   0.006192
          p_y           0.083964   0.002135
          p_z          -0.079415   0.001949
          p_x          -0.092448   0.002547

    9 C   s             0.017093   0.000084
          p_y          -0.017243   0.000112
          p_z           0.226316   0.014480
          p_x          -0.179735   0.008546

   10 H   s            -0.006565  -0.000021

   11 C   s             0.088768   0.001424
          p_y           0.044622   0.000585
          p_z          -0.033262   0.000351
          p_x          -0.057919   0.000943

   12 C   s            -0.024918   0.000118
          p_y           0.027839   0.000231
          p_z          -0.110702   0.003590
          p_x           0.048702   0.000681

   13 H   s            -0.005714  -0.000012

   14 H   s             0.006607  -0.000021

   15 C   s            -0.017113   0.000084
          p_y           0.125719   0.004297
          p_z          -0.260014   0.019145
          p_x          -0.005029  -0.000007

   16 C   s            -0.336887   0.022573
          p_y          -0.078842   0.001885
          p_z          -0.125711   0.005218
          p_x           0.276146   0.024001

   17 C   s            -0.071781   0.001060
          p_y           0.019678   0.000120
          p_z          -0.076976   0.001802
          p_x           0.032742   0.000318

   18 H   s            -0.009639  -0.000005

   19 C   s            -0.090311   0.001501
          p_y           0.032896   0.000304
          p_z           0.009607   0.000037
          p_x          -0.074437   0.001635

   20 C   s             0.330479   0.021341
          p_y          -0.172502   0.009258
          p_z           0.200527   0.012765
          p_x           0.155041   0.007295

   21 C   s             0.020014  -0.000015
          p_y           0.020657   0.000190
          p_z          -0.420828   0.049406
          p_x           0.354841   0.032701

   22 H   s             0.015470  -0.000085

   23 C   s             0.072927   0.001082
          p_y          -0.025519   0.000193
          p_z           0.079646   0.001913
          p_x          -0.023629   0.000174

   24 H   s             0.014656   0.000009

   25 H   s             0.009946  -0.000004

   26 H   s            -0.015980  -0.000085

   27 C   s            -0.013295  -0.000005
          p_y          -0.241308   0.015609
          p_z           0.485890   0.065529
          p_x           0.024226   0.000052

   28 C   s             0.550482   0.057060
          p_y           0.160249   0.007796
          p_z           0.215142   0.014683
          p_x          -0.520056   0.083530

   29 H   s            -0.014588   0.000008

   30 C   s            -0.501639   0.050278
          p_y           0.299295   0.028156
          p_z          -0.316710   0.032620
          p_x          -0.300791   0.027470

   31 C   s            -0.517168   0.054777
          p_y          -0.139706   0.006535
          p_z           0.558173   0.099918
          p_x          -0.243530   0.018063

   32 H   s            -0.060422  -0.000497

   33 C   s             0.457116   0.039891
          p_y           0.157459   0.007043
          p_z          -0.515383   0.076566
          p_x           0.167981   0.008354

   34 H   s             0.063666  -0.000155

   35 H   s             0.077915  -0.000600

   36 H   s            -0.086974   0.000126

