    0.6938771677   -0.2212803515   -0.1963496024   -0.1623700430
   -0.0533699049    0.0548292258   -0.2315484601    0.0947250716
   -0.0051318236    0.0136873590   -0.0152325351   -0.0793369064
    0.0080587941   -0.0168123285    0.0381894955   -0.0221654144
   -0.0185170094    0.0170384778    0.0122242717    0.0217948508
   -0.0409153343   -0.0271000004    0.0139489349    0.0159469525
   -0.0022739096   -0.0098694890    0.0301429056    0.0034677173
    0.0006425233   -0.0357492492    0.0099409673    0.0058544239
   -0.0165124264   -0.0192723614    0.0007225428    0.0153306752
    0.0029331500    0.0018833912    0.0022149037   -0.0021029901
    0.0020490167    0.0029696542    0.0063683333    0.0011078757
   -0.0141132174    0.0011145475    0.0012928282   -0.0011009758
    0.0055414388   -0.0068402469    0.0090641732   -0.0000239312
    0.0002637056    0.0006952104    0.0041274336    0.0030760313
   -0.0101327371   -0.0004061794   -0.0014762027    0.0066028521
    0.0023225094   -0.0000237400   -0.0014248813   -0.0046570309
    0.0003480624    0.0016374199   -0.0071539599    0.0039825874
    0.0024427563   -0.0001473273    0.0001481125   -0.0003233683
   -0.0005137981    0.0000031941    0.0000161691   -0.0013259713
    0.0002235859    0.0001545677    0.0017454199    0.0020958715
   -0.0053257990    0.0048240334    0.0002203902    0.0009126576
   -0.0007015944    0.0002962392   -0.0002255042    0.0000755813
   -0.0027275502    0.0027762988    0.0054529569   -0.0013955888
   -0.0051263274   -0.0016042452    0.0025099987    0.0018858639
   -0.0009126018   -0.0003533586   -0.0042300950   -0.0007821606
    0.0014023479    0.0003920461   -0.0029971833   -0.0038818424
    0.0013239152   -0.0007915219    0.0012903145    0.0014669693
   -0.2212803169    0.2375223265   -0.2048637800    0.0079096131
   -0.0491114291    0.0233544065    0.1090536379   -0.1092771969
    0.0409631255   -0.0114726978   -0.1090129668    0.1383557840
   -0.0099711371    0.0006038133    0.0205022102    0.0162631031
    0.0077259736   -0.0118328758    0.0066374227   -0.0163697461
    0.0107893584    0.0071400113   -0.0026086218   -0.0232834013
   -0.0144461096    0.0026604149    0.0285925185   -0.0025719194
    0.0050278351    0.0214177758    0.0036436078    0.0042851220
    0.0033215403   -0.0014562831    0.0003135064   -0.0074869143
    0.0041261469    0.0039763370    0.0042841492    0.0006402954
    0.0050743297    0.0029844012    0.0002103178   -0.0101192441
    0.0122572872    0.0027856678    0.0096872246   -0.0121830386
    0.0007992732   -0.0004657648    0.0004577974    0.0001189621
    0.0000074442   -0.0003178947   -0.0007202596   -0.0013834403
    0.0018690599   -0.0002813697    0.0011085712   -0.0081906489
   -0.0079872701    0.0002117889    0.0089003215    0.0025174991
   -0.0000190010    0.0000767448    0.0001137377    0.0003439472
   -0.0006319170   -0.0003701587   -0.0008308010   -0.0001196944
   -0.0001899877    0.0000033724   -0.0000501931    0.0014355565
   -0.0002521322    0.0000468608    0.0001863494   -0.0030858886
    0.0073891868   -0.0063712097    0.0000177584   -0.0050979500
   -0.0001235496    0.0001997591   -0.0000518143   -0.0003537748
    0.0027785327   -0.0033969463   -0.0104179940    0.0023802631
    0.0084770653    0.0021246018   -0.0030718975   -0.0020313084
    0.0018116080   -0.0002812347    0.0049787176    0.0010111037
   -0.0016656164   -0.0004517122    0.0040354022    0.0053955920
   -0.0014589326    0.0010589991   -0.0016102204   -0.0018477182
   -0.1963494101   -0.2048638464    0.6522831737    0.1040316797
    0.0390999479   -0.1660732835   -0.0213984632    0.0449196269
   -0.1214446567   -0.0349670526    0.1186614523   -0.2728811134
    0.0185796120    0.0293161097   -0.0782496757   -0.0093615650
    0.0049320474    0.0079117670   -0.0309753951    0.0042409583
    0.0162650698    0.0104210559   -0.0145210734    0.0299171761
    0.0406780704    0.0224722332   -0.0832564732    0.0052437102
   -0.0071202197   -0.0051369082   -0.0104520699    0.0004510424
    0.0178878099    0.0194173099   -0.0101384628   -0.0043579974
   -0.0041331299    0.0048681424   -0.0042979684    0.0084796264
    0.0024653273   -0.0021243515   -0.0108627355    0.0118342617
   -0.0151423119   -0.0022671994   -0.0118703581    0.0312409305
   -0.0071889344    0.0088017669   -0.0102601757   -0.0001631189
   -0.0001450098   -0.0000046567   -0.0035146554   -0.0017295030
    0.0058328115   -0.0001892043   -0.0030634625    0.0096199549
    0.0152756907    0.0008433953   -0.0168752236   -0.0003841617
    0.0005518139   -0.0012517381    0.0075888988   -0.0045169192
   -0.0010932409   -0.0002024423   -0.0006512414   -0.0004786086
    0.0008573609   -0.0001324573    0.0000356229   -0.0017183869
    0.0004255314   -0.0001780585   -0.0012773916    0.0058773501
   -0.0096266049    0.0075640421   -0.0023105563    0.0088949026
    0.0011507702   -0.0003376832    0.0005158914    0.0004684959
   -0.0033709730    0.0043225917    0.0160310485   -0.0045894066
   -0.0132282156   -0.0026388688    0.0045164823    0.0026680456
   -0.0029826017    0.0007355322   -0.0064213783   -0.0012896245
    0.0023015526    0.0006473425   -0.0052662068   -0.0069753822
    0.0020557367   -0.0014098253    0.0022312058    0.0025085280
   -0.1623700799    0.0079096207    0.1040316788    0.5152075176
    0.6345790369    0.6364487886   -0.0265276864    0.0169467167
   -0.0017938596    0.0009165321   -0.0224242757    0.0542962773
   -0.0792140575    0.0158927535   -0.0473113898   -0.2406994883
    0.3612084682    0.0287190750    0.0087012157    0.0189832192
    0.0003338246   -0.0142214581   -0.0039236139    0.0049686306
    0.0112222654    0.0033403435   -0.0137652386    0.0041666828
   -0.0126008265   -0.0100418910    0.0004958413   -0.0079514277
    0.0254500738   -0.0060236014    0.0135319564   -0.0249602790
    0.0167226201    0.0006987456    0.0010358382    0.0016737008
   -0.0003097560    0.0006515997   -0.0031787380    0.0033696139
   -0.0034456340   -0.0017753835   -0.0022577503    0.0090424934
   -0.0019880689    0.0046176672   -0.0031576839    0.0000699342
   -0.0025354360   -0.0035000350   -0.0070097692    0.0011669879
    0.0032719694   -0.0005060658    0.0001113916    0.0005656839
    0.0023051888   -0.0002752801   -0.0030167095    0.0022252209
    0.0001171302   -0.0014745871   -0.0019668073   -0.0036462776
    0.0025287240   -0.0001709093   -0.0015536028    0.0016318414
    0.0004599638    0.0000457038   -0.0004774147    0.0013725654
   -0.0001404200   -0.0007266145   -0.0013869568    0.0006718891
   -0.0002208489    0.0000410920   -0.0008769733    0.0017770067
    0.0001997463   -0.0004747083    0.0002371139   -0.0001819210
    0.0001634538   -0.0003234387    0.0001319447   -0.0001852068
    0.0008760715    0.0005093593   -0.0007442978   -0.0009970976
   -0.0003941567    0.0010569932    0.0012432310    0.0003245582
   -0.0004651611   -0.0002588337    0.0010533469    0.0014868236
   -0.0006029750    0.0003048548   -0.0005398721   -0.0007147746
   -0.0533698565   -0.0491114051    0.0390999373    0.6345802904
   -0.2861054983   -1.1991371650    0.0120916601   -0.0050698736
   -0.0125976931    0.0233504779   -0.0036001468   -0.0125933865
    0.0044560704   -0.0947844061    0.1382854112    0.1365172362
   -0.3092257842   -0.0191250019   -0.0151602269   -0.0202556865
    0.0197715688    0.0149512619    0.0091413863    0.0047986129
    0.0042364608    0.0037800001   -0.0009220934   -0.0040378209
    0.0004912088    0.0033337092   -0.0179895766   -0.0046254894
    0.0311006453    0.0326583208   -0.0203783399    0.0021243989
   -0.0126639640   -0.0016159505   -0.0010344803   -0.0000106780
    0.0002090697   -0.0010181369    0.0011347010    0.0004571515
   -0.0027582080    0.0012079187   -0.0008869416    0.0016347928
   -0.0027580272    0.0090263019   -0.0075633351    0.0004892104
   -0.0001814828   -0.0016794448    0.0041021021    0.0031787760
    0.0058246163   -0.0021003978   -0.0017701826    0.0042043465
    0.0026264008   -0.0008289772   -0.0029637727   -0.0029617361
   -0.0001855129    0.0007203429    0.0111650913   -0.0008297432
   -0.0043755816    0.0000542348    0.0004475856   -0.0011972615
   -0.0005073846    0.0000405254   -0.0001936572   -0.0021754096
    0.0001052190    0.0004800804    0.0013837209    0.0012347041
   -0.0039937164    0.0029959001    0.0005770860    0.0011850250
    0.0002750441   -0.0006897979   -0.0002321955    0.0001944554
   -0.0007549470    0.0025963564    0.0044286883   -0.0006577240
   -0.0039869163   -0.0014601838    0.0018264758    0.0016343181
   -0.0008092100   -0.0009561974   -0.0037406345   -0.0008333301
    0.0012514165    0.0003821107   -0.0027704522   -0.0037427293
    0.0011374238   -0.0008009274    0.0011880766    0.0014338857
    0.0548292602    0.0233543972   -0.1660732845    0.6364497664
   -1.1991371092    0.3026979367    0.0147453522   -0.0299393560
    0.0387340510    0.0220299304    0.0385755936   -0.0896419374
   -0.0450559745    0.1631796471   -0.3001696682   -0.0203678226
   -0.0705279081   -0.0751766892    0.0079763621   -0.0043888320
   -0.0262630811    0.0141373781    0.0126254554   -0.0147671318
   -0.0227811280    0.0033375590    0.0228888915   -0.0045041316
   -0.0040964105    0.0116509248    0.0359589720    0.0092390448
   -0.0650623681   -0.0386296240    0.0128668102    0.0135434273
   -0.0061102266   -0.0005016783   -0.0011298777   -0.0022540855
    0.0002133503    0.0005653716    0.0046026602   -0.0096067781
    0.0107048671    0.0113163413    0.0031184442   -0.0190961313
    0.0150849004   -0.0155229736    0.0230169999   -0.0018832450
    0.0000348373   -0.0021523283    0.0092218396    0.0059157953
   -0.0115284690    0.0014481918    0.0028491736   -0.0062009618
   -0.0114403489    0.0001709612    0.0099945751    0.0032598208
   -0.0004711741   -0.0002403758   -0.0112904606    0.0119524878
   -0.0025188450   -0.0000023930   -0.0000760622   -0.0008817546
    0.0005637911   -0.0002245579    0.0003553773    0.0016828506
   -0.0003208086   -0.0001977036    0.0008253543   -0.0039387399
    0.0065487937   -0.0036098512    0.0010350875   -0.0060097056
    0.0008429892   -0.0005550975    0.0001549775   -0.0003193070
    0.0014621831   -0.0032016948   -0.0117235923    0.0033054061
    0.0100824643    0.0021903517   -0.0038055464   -0.0024835061
    0.0020058836    0.0000789182    0.0049156757    0.0010491851
   -0.0017763027   -0.0005933899    0.0043172689    0.0059106654
   -0.0017829559    0.0011417155   -0.0018369550   -0.0021439260
   -0.2315484746    0.1090536452   -0.0213985349   -0.0265276610
    0.0120916334    0.0147454132    0.6852329080   -0.1888614416
   -0.1850003694   -0.0117061302    0.0199807288   -0.0283892536
    0.0037549854   -0.0008945639   -0.0100563518    0.0010795180
   -0.0011163378    0.0014923661   -0.0275907876    0.0652704284
   -0.0264103317   -0.1638716805    0.0730601162    0.1086758641
   -0.0149945937   -0.0001266440    0.0130616354    0.0031137904
   -0.0000773257    0.0046714101   -0.0015327039   -0.0001023735
    0.0015491858    0.0017594041   -0.0105335847    0.0238779552
   -0.0180262037    0.0186517268   -0.0308577196   -0.0273456324
    0.0002384553    0.0197725809    0.0038020531   -0.0222132118
    0.0463442389   -0.0038062205    0.0054371838   -0.0052987428
    0.0022771668   -0.0004277796   -0.0025688611    0.0000932371
   -0.0000709579    0.0002051255   -0.0029685656    0.0022139003
    0.0043297244    0.0049352014    0.0069096062   -0.0217609105
   -0.0069772536    0.0010312619    0.0058003125    0.0010729784
   -0.0002129696    0.0001914997    0.0013403258   -0.0001170260
    0.0006918087    0.0000619964    0.0003197640    0.0000116092
    0.0002402286    0.0001103771   -0.0004964369    0.0007681275
   -0.0008647034    0.0017127815    0.0020082559   -0.0064690769
    0.0117897270   -0.0067331462    0.0001544929   -0.0027543558
   -0.0007890065   -0.0002389810   -0.0001590525    0.0010968882
    0.0029648640   -0.0063415584   -0.0076875978    0.0020797097
    0.0051354619    0.0016139075   -0.0022824940   -0.0016940158
    0.0028319843   -0.0008545972    0.0062404191    0.0009393725
   -0.0016780354   -0.0002737490    0.0031668247    0.0040112331
   -0.0012344383    0.0009075788   -0.0013276443   -0.0014029507
    0.0947250476   -0.1092771933    0.0449196691    0.0169467422
   -0.0050699021   -0.0299393367   -0.1888614011    0.2065775980
   -0.2083234953    0.0199236058   -0.0193621834    0.0076583061
    0.0039530439   -0.0118856454    0.0122119252    0.0005184313
    0.0042621462    0.0030980494    0.0655579931   -0.1134764719
    0.1041837642    0.0391624155   -0.0596633320    0.0056729389
   -0.0021101672    0.0005851791   -0.0082620759    0.0027445786
    0.0046341786    0.0039775521    0.0027721767    0.0007670761
   -0.0064976804   -0.0221256659    0.0041863136    0.0260802185
    0.0196464606   -0.0059825669    0.0156949828    0.0195839288
    0.0019781195   -0.0111105475   -0.0111267563    0.0019569940
    0.0218734316    0.0007789442   -0.0024535130    0.0018494403
    0.0043633896   -0.0038524479    0.0037870165   -0.0000429365
   -0.0000137331    0.0002164171    0.0065613209    0.0092844135
   -0.0097877994    0.0076511022    0.0033253223    0.0012441557
    0.0004884272    0.0011387097   -0.0015038671   -0.0004484194
    0.0000764965   -0.0000739330   -0.0071810245    0.0025342157
    0.0037089384    0.0000448858    0.0003185451    0.0000587433
   -0.0005682336    0.0000473116   -0.0000452979   -0.0015115324
    0.0002876762    0.0004130953   -0.0000597938   -0.0003120752
    0.0010806138    0.0024825596   -0.0001745343    0.0008428600
   -0.0008423208   -0.0005881922   -0.0005751185    0.0006089433
   -0.0020155181   -0.0007826623    0.0025182329   -0.0006973614
   -0.0026874705   -0.0004892428    0.0008979179    0.0005395837
    0.0000323695   -0.0001336035   -0.0007014718   -0.0002670703
    0.0005510842    0.0002115520   -0.0010172868   -0.0012975876
    0.0004129056   -0.0002073510    0.0005673750    0.0006040801
   -0.0051317738    0.0409631255   -0.1214446942   -0.0017938150
   -0.0125976931    0.0387339428   -0.1850004961   -0.2083235436
    0.5993093340   -0.0260998607    0.0047348420    0.0128722098
   -0.0173555359    0.0161927341   -0.0181867421    0.0055758084
    0.0040791172   -0.0023801881   -0.0925380191    0.0908576877
   -0.2494692153    0.1178303408   -0.0136861629   -0.1963490169
    0.0169008625   -0.0083516144   -0.0037081285    0.0003101255
    0.0039238200   -0.0056744327   -0.0037797544   -0.0025269714
    0.0094482483    0.0488457354    0.0147616426   -0.0752903041
   -0.0117059953   -0.0030021627   -0.0006391337   -0.0080352489
    0.0009423415    0.0059917033    0.0243181408    0.0303156265
   -0.0844221863   -0.0011344812   -0.0026162721    0.0049196529
   -0.0095918698    0.0079421711   -0.0055883524   -0.0000896049
   -0.0000688596   -0.0006161704   -0.0023826162   -0.0065693869
    0.0237516805   -0.0168865272   -0.0026769192    0.0255551389
    0.0092317856   -0.0016907716   -0.0048736815   -0.0013004351
    0.0001760833   -0.0000069042    0.0141020600   -0.0045475398
   -0.0077086702    0.0000236278   -0.0005713613    0.0000641863
    0.0007870551   -0.0001857602    0.0003660553    0.0004677994
    0.0004511943   -0.0010706774   -0.0003574760    0.0082973137
   -0.0166229684    0.0018645821   -0.0003661139    0.0029808214
    0.0011150142   -0.0007425582    0.0000614662   -0.0027082737
   -0.0022751177    0.0078564540    0.0074496801   -0.0023903207
   -0.0045757722   -0.0013893501    0.0020009185    0.0016173783
   -0.0033787876    0.0008777992   -0.0066216811   -0.0007820304
    0.0015587170    0.0001999347   -0.0028287124   -0.0036424753
    0.0011874489   -0.0007734209    0.0013825796    0.0013038925
    0.0136872550   -0.0114726633   -0.0349670550    0.0009165344
    0.0233504660    0.0220299223   -0.0117062087    0.0199235443
   -0.0260998539   -1.8183441196    1.4012255192    1.5468716737
   -0.0014924769    0.0061715354   -0.0056709799   -0.0062672917
   -0.0144910311    0.0004178906   -0.0286411737   -0.0091469218
    0.0074177160    0.0127790081    0.0372424095   -0.0019707219
   -0.0917132370    0.0026551818    0.0769370599   -0.4871640086
    0.5463124242    0.0743588620   -0.0027969680   -0.0008625079
    0.0068624713    0.0002887228   -0.0010305298    0.0000613591
    0.0020223450   -0.0003422442   -0.0016013260    0.0143247235
    0.0011849428    0.0042782775   -0.0297465592    0.0282216729
   -0.0088919667   -0.0345995554   -0.0242973790    0.1078359600
    0.0016097349    0.0007454619   -0.0045381161   -0.0000829254
   -0.0002335847   -0.0009325550   -0.0014330785   -0.0004783976
    0.0028048750   -0.0574688319   -0.0140455886    0.0230208559
    0.0161112041    0.0016169524   -0.0169983494    0.0241527097
    0.0027818997   -0.0227799454   -0.0017222415   -0.0019705923
    0.0003020880   -0.0000872171   -0.0009200966    0.0001805205
    0.0010748900   -0.0001839328    0.0001470834    0.0019429921
   -0.0017048920    0.0009612438   -0.0044340461    0.0053206312
   -0.0072420781   -0.0140839109   -0.0045375644    0.0111694042
    0.0013609348   -0.0004818483    0.0005658808    0.0004315916
   -0.0003355634   -0.0011289495    0.0096591905   -0.0036387900
   -0.0069605198    0.0016747858   -0.0025530362   -0.0022848152
   -0.0013748427    0.0050735311    0.0046338772    0.0007931160
   -0.0012627860   -0.0007177173    0.0019207634    0.0023522602
   -0.0010930701    0.0003938254   -0.0007355670   -0.0009818596
   -0.0152324259   -0.1090130205    0.1186614429   -0.0224243045
   -0.0036001050    0.0385756029    0.0199807490   -0.0193621449
    0.0047348577    1.4012174971    0.6672971145   -0.9433763685
   -0.0003538444    0.0089643935   -0.0088910940    0.0028526735
    0.0057578695   -0.0028265862    0.0132379231    0.0070914967
    0.0051864571   -0.0102306647   -0.0184607378    0.0141518308
   -0.0383342953   -0.0611524621    0.0313036820    0.2539255402
   -0.2928586496   -0.0171918221   -0.0016818247   -0.0004226800
    0.0029859787    0.0055131929   -0.0022294303   -0.0026442542
   -0.0022330039   -0.0002344381   -0.0001040842   -0.0074384596
   -0.0014550962   -0.0021900474    0.0078325929   -0.0075700859
   -0.0133323303    0.0304470495   -0.0026787118   -0.0210373287
   -0.0027041447    0.0020024868   -0.0013717068    0.0000213409
   -0.0000392802    0.0002041835   -0.0003253032   -0.0004469497
    0.0005055756    0.0279300606    0.0086141722   -0.0005685035
    0.0041392074    0.0017980893   -0.0000422691   -0.0110413317
   -0.0050619888    0.0034903811    0.0030325096   -0.0005214899
   -0.0002469310   -0.0000259827    0.0001358545   -0.0001708025
   -0.0002668914    0.0000220570   -0.0001261099   -0.0004113870
    0.0002083918   -0.0015527741    0.0009476632    0.0005286300
   -0.0042659478    0.0121142207    0.0018932852    0.0013189346
   -0.0003060159    0.0000850962   -0.0001674829   -0.0000506093
   -0.0019479639    0.0038549953    0.0061731759   -0.0010943410
   -0.0051136892   -0.0032312689    0.0039767927    0.0027678199
   -0.0016523217   -0.0019561726   -0.0065981037   -0.0011365073
    0.0017128152    0.0005067129   -0.0042166925   -0.0056168613
    0.0015959851   -0.0010114695    0.0015736104    0.0018209512
   -0.0793368004    0.1383557789   -0.2728810889    0.0542963588
   -0.0125934188   -0.0896420269   -0.0283892538    0.0076583399
    0.0128721751    1.5468634486   -0.9433766192    0.9598928688
    0.0064959120   -0.0150731820    0.0306279591   -0.0032814117
   -0.0057474763   -0.0022996811    0.0151994588    0.0103316909
   -0.0141989399    0.0091892967   -0.0019233088   -0.0217897446
    0.0731281085    0.0159395747   -0.1811937032    0.0307769730
   -0.0603951630   -0.0691748388    0.0075831520    0.0023495503
   -0.0138611700   -0.0116143461    0.0041520457    0.0041365421
    0.0020041123   -0.0004252536    0.0014584033   -0.0030612803
   -0.0003726351   -0.0015824670    0.0115905831   -0.0306802522
    0.0355305264    0.0051367406    0.0511890268   -0.0839143599
    0.0027847413   -0.0048986358    0.0083131891   -0.0001428857
    0.0000663362    0.0003425913    0.0017877777    0.0008694708
   -0.0047231883    0.0243917963    0.0141535078   -0.0227446426
   -0.0242952072    0.0033604067    0.0232870088   -0.0095963618
   -0.0063234130    0.0153015319   -0.0035616999    0.0038944669
    0.0001048302   -0.0000398690    0.0003637583   -0.0000315634
   -0.0007429891    0.0000136601    0.0000519819   -0.0013847291
    0.0002672706    0.0006422681    0.0026107420   -0.0100881771
    0.0160569478   -0.0030650567    0.0039802770   -0.0153092505
   -0.0008649267    0.0002612512   -0.0002647034   -0.0005837773
    0.0049115988   -0.0056749612   -0.0254333171    0.0074049995
    0.0207267723    0.0039969207   -0.0071307915   -0.0040882603
    0.0047904107   -0.0022385708    0.0074806209    0.0011785982
   -0.0024633591   -0.0004681001    0.0063527175    0.0087365933
   -0.0023877500    0.0016219621   -0.0025974567   -0.0028509886
    0.0080587888   -0.0099711385    0.0185795797   -0.0792139280
    0.0044559827   -0.0450560458    0.0037549491    0.0039530591
   -0.0173555695   -0.0014923295   -0.0003539029    0.0064958648
    0.5956149525   -0.2077926601   -0.1258573002   -0.0080988062
    0.0021979284   -0.0341144300   -0.0288396598    0.0100691278
    0.0224005992   -0.0037367594   -0.0019170476    0.0086635455
    0.0031192532   -0.0000416909   -0.0028257262   -0.0004967086
    0.0021592695    0.0001353512   -0.1720323319    0.0098378962
    0.0914563759   -0.2402676908    0.1011985081   -0.0142088620
   -0.0010561454    0.0028992706    0.0024649707   -0.0004876466
   -0.0000347347   -0.0004688560    0.0009295298    0.0028026591
   -0.0058296281   -0.0013217360   -0.0009830417    0.0022430267
    0.0096021485   -0.0205494289    0.0394885899   -0.0154651432
   -0.0029221021    0.0126516975    0.0064704600    0.0157371840
   -0.0333332751   -0.0005013197   -0.0014617855    0.0040338764
    0.0028161351   -0.0001191981   -0.0025485691   -0.0016189851
    0.0000564380    0.0005368103   -0.0231926994    0.0070746540
    0.0067554350    0.0025933477    0.0057310194   -0.0018627064
    0.0023773805    0.0007715521    0.0014976945   -0.0016425174
    0.0002497418    0.0003675064    0.0003671878    0.0015398908
   -0.0034642971    0.0024133023    0.0001673913    0.0014374523
    0.0008143336   -0.0005733958    0.0004608977    0.0003649146
   -0.0014688281    0.0017902841    0.0052653677   -0.0012867848
   -0.0048417517   -0.0011862172    0.0017484137    0.0014716141
   -0.0007157570   -0.0003959105   -0.0031252636   -0.0007307848
    0.0011630900    0.0004008525   -0.0025583184   -0.0034031550
    0.0011011733   -0.0007308491    0.0011567926    0.0013732403
   -0.0168123221    0.0006038070    0.0293161253    0.0158926896
   -0.0947843529    0.1631794214   -0.0008945765   -0.0118856354
    0.0161927367    0.0061714899    0.0089644163   -0.0150731819
   -0.2077926598    0.3069945031   -0.2048696913    0.0035216794
    0.0047924399    0.0197532562    0.0133024619   -0.0011667253
   -0.0309106148    0.0032553353    0.0016859440   -0.0099069593
   -0.0080158010   -0.0003536105    0.0091696962    0.0004289103
   -0.0016497686    0.0000639664    0.0084865254   -0.0537333086
    0.0148767709    0.0865975212   -0.1113306687    0.0462349913
   -0.0015934747    0.0056034861    0.0039918031    0.0004227906
   -0.0001137655    0.0005930704    0.0006397759   -0.0038138382
    0.0070591334    0.0028260565    0.0010067473   -0.0065936329
   -0.0063520677   -0.0048358218    0.0122535866    0.0103301378
    0.0006110174   -0.0096257916    0.0121726898   -0.0128953809
    0.0113539016    0.0010865281    0.0020038144   -0.0049886027
   -0.0051474844    0.0001467886    0.0046152444    0.0021141170
   -0.0000215171   -0.0004126419   -0.0041978484   -0.0019306858
   -0.0035204489    0.0039515821    0.0057709275    0.0072074678
    0.0014208964    0.0026632866    0.0035326185    0.0022136487
   -0.0002436344   -0.0004956115   -0.0002986281   -0.0022913174
    0.0046323400   -0.0027165314    0.0001035176   -0.0026679346
   -0.0017154561    0.0001982868   -0.0009667393   -0.0005103954
    0.0015677037   -0.0023992568   -0.0077253969    0.0019709286
    0.0069993402    0.0016429638   -0.0024421319   -0.0019660022
    0.0010893610    0.0005095322    0.0041024606    0.0009849951
   -0.0015373428   -0.0005326671    0.0034714175    0.0046521722
   -0.0014865712    0.0009942405   -0.0015544618   -0.0018518830
    0.0381895392    0.0205021922   -0.0782496066   -0.0473113736
    0.1382856602   -0.3001696969   -0.0100563530    0.0122119414
   -0.0181867448   -0.0056711857   -0.0088910322    0.0306281010
   -0.1258572947   -0.2048699866    0.7051610916    0.0006892450
   -0.0042736572   -0.0031451799    0.0045828737   -0.0152009066
    0.0359425125   -0.0024683730   -0.0019873945    0.0095894597
    0.0129767881    0.0010535913   -0.0153604311    0.0005257382
    0.0005588752   -0.0010060247    0.0929741507    0.0197515786
   -0.1722060572   -0.0030809636    0.0377979391   -0.1271182072
    0.0131480402    0.0025924869   -0.0028220523   -0.0001655102
    0.0000370210   -0.0006433016   -0.0021944055    0.0057275992
   -0.0071283515   -0.0050059719   -0.0026619467    0.0104463409
    0.0068149792    0.0261835754   -0.0710432614   -0.0082493984
   -0.0001987219    0.0076112090   -0.0308495755    0.0091114408
    0.0141649667   -0.0011613314   -0.0021976525    0.0048830332
    0.0069607350   -0.0002496536   -0.0064360345   -0.0019262396
    0.0002201986    0.0001249544    0.0238653042   -0.0161227999
   -0.0015774488    0.0010888586    0.0059270149   -0.0009926197
   -0.0008089931    0.0039209036   -0.0037037460   -0.0020864338
    0.0002706276    0.0004870931   -0.0001759827    0.0026911206
   -0.0050442762    0.0025884888   -0.0004095090    0.0039009181
    0.0012132914   -0.0008897745    0.0007262446    0.0005579106
   -0.0015729191    0.0024119164    0.0092657545   -0.0024599426
   -0.0081743963   -0.0017594466    0.0027639964    0.0020464460
   -0.0013219554   -0.0002520325   -0.0041201624   -0.0009945715
    0.0015958259    0.0005538524   -0.0036828358   -0.0049675724
    0.0015382515   -0.0010337057    0.0016231472    0.0019213531
   -0.0221654473    0.0162630884   -0.0093615067   -0.2406994042
    0.1365171333   -0.0203679542    0.0010794306    0.0005184122
    0.0055758418   -0.0062674620    0.0028527509   -0.0032813753
   -0.0080988370    0.0035216914    0.0006892226    0.5949606840
    0.0849574737    0.0764655191    0.0000117756   -0.0017928059
    0.0007988355   -0.0005695706    0.0000853706   -0.0008984361
    0.0007709654    0.0000042834   -0.0002584394   -0.0000965028
    0.0038102182    0.0017088457   -0.0010427190   -0.0012764506
   -0.0006145665    0.0030333055    0.0031738833   -0.0009147372
   -0.0025371121   -0.0004597655   -0.0005789416   -0.0012297596
    0.0001348063    0.0002643909    0.0001115316    0.0001389453
   -0.0002616972   -0.0011498963    0.0002872556    0.0000374022
   -0.0013983719    0.0002564925    0.0009467157    0.0003080555
    0.0003367696    0.0025797714   -0.0006307547   -0.0003581218
    0.0006032758    0.0001103744   -0.0004329374    0.0002289925
    0.0009556184   -0.0000147858   -0.0006616118   -0.0010824317
   -0.0000155999    0.0006049457    0.0003416867    0.0000457860
    0.0001528061    0.0001971704    0.0004690463    0.0001813510
   -0.0002795101    0.0003483958   -0.0002705682   -0.0006787976
    0.0000694798    0.0003416965    0.0002208514    0.0003051968
   -0.0006613804    0.0004920214    0.0001615763    0.0003656268
   -0.0002655365    0.0001418575   -0.0002299990    0.0002029971
   -0.0002141452    0.0004434825    0.0020848795   -0.0005111426
   -0.0022346295   -0.0005703905    0.0009515740    0.0008427469
   -0.0001290802   -0.0004190111   -0.0011743983   -0.0002850929
    0.0004197831    0.0002091257   -0.0011639145   -0.0016404036
    0.0005512380   -0.0003138176    0.0005161102    0.0006602755
   -0.0185170527    0.0077259864    0.0049320596    0.3612086194
   -0.3092258939   -0.0705278646   -0.0011162983    0.0042621417
    0.0040791885   -0.0144909278    0.0057578209   -0.0057475179
    0.0021980367    0.0047923623   -0.0042736067    0.0849591604
   -0.8023012507   -0.2843360511    0.0018668732   -0.0056010554
    0.0024053415    0.0029516244    0.0003292197   -0.0003030762
    0.0031460168   -0.0004036724   -0.0009559327   -0.0011342597
    0.0099331271    0.0026807318   -0.0045741324   -0.0004939881
   -0.0032397920    0.0018663255    0.0056677242    0.0030643869
   -0.0088523551   -0.0017955219   -0.0010187632   -0.0012993169
    0.0003310481    0.0001870605    0.0001002060    0.0008511641
   -0.0010540752   -0.0037944712    0.0007421754    0.0017203423
   -0.0002252760   -0.0004211116   -0.0002154162    0.0005279788
    0.0005065553    0.0050974850    0.0014748815   -0.0007154229
    0.0005942390   -0.0006114581   -0.0012495004    0.0013534337
    0.0025923010   -0.0000659839   -0.0018852782   -0.0026568681
    0.0001800566    0.0010221454    0.0009184826    0.0001692953
   -0.0000569506    0.0003206192    0.0010251472    0.0002007526
   -0.0004284176    0.0005411934   -0.0002023447   -0.0014342721
    0.0001438478    0.0006463045    0.0005513383    0.0008701050
   -0.0019232266    0.0008914057    0.0001933040    0.0011168672
   -0.0005659720    0.0003015157   -0.0004311352    0.0003119297
   -0.0004637995    0.0011921242    0.0044149491   -0.0011129654
   -0.0045603185   -0.0011570815    0.0019568081    0.0016274187
   -0.0003822005   -0.0007495917   -0.0024734574   -0.0005799459
    0.0008939143    0.0003997450   -0.0023218796   -0.0032565617
    0.0010761278   -0.0006287379    0.0010322590    0.0012931326
    0.0170384739   -0.0118328631    0.0079117412    0.0287189791
   -0.0191249055   -0.0751766365    0.0014923630    0.0030980317
   -0.0023801578    0.0004179662   -0.0028266245   -0.0022997316
   -0.0341143972    0.0197532229   -0.0031451475    0.0764654505
   -0.2843345775    0.3824932384    0.0009059403   -0.0016618622
    0.0002073631    0.0002167574   -0.0011034821    0.0009821933
    0.0015590200   -0.0003786024   -0.0004818166    0.0001460666
    0.0064500628   -0.0002899903   -0.0062866564   -0.0000719067
    0.0047921117    0.0044920053    0.0041144566   -0.0050313239
   -0.0033433735   -0.0008395723    0.0001942170    0.0002708484
    0.0001464603    0.0000843496   -0.0000118468    0.0006935023
   -0.0009635488   -0.0015529232    0.0001011535    0.0009534640
    0.0006028595   -0.0006851258   -0.0009150548    0.0007081099
    0.0001489602    0.0002326669   -0.0008365364    0.0002327127
    0.0011628919   -0.0006406257   -0.0005708429    0.0009917323
    0.0013250968   -0.0000462131   -0.0009937459   -0.0014855265
    0.0001573956    0.0003878517    0.0005329876   -0.0009812922
    0.0005957029    0.0000804163    0.0007274229   -0.0001233678
   -0.0007952557    0.0005332919   -0.0005030805   -0.0001764248
    0.0000435870    0.0000511596    0.0002161739    0.0004749607
   -0.0010052421    0.0008461596    0.0000408895    0.0004588987
   -0.0007990490    0.0003531841   -0.0003823245   -0.0001123221
   -0.0000676076    0.0007145503    0.0011565307   -0.0002823747
   -0.0011180573   -0.0004327217    0.0008169339    0.0005619629
   -0.0002969616   -0.0002289836   -0.0009540906   -0.0001310639
    0.0002458636    0.0000825986   -0.0006777345   -0.0009851806
    0.0002995023   -0.0001550069    0.0002717957    0.0003272113
    0.0122243069    0.0066374649   -0.0309755974    0.0087011320
   -0.0151600909    0.0079763900   -0.0275909427    0.0655579985
   -0.0925380976   -0.0286409132    0.0132378247    0.0151993999
   -0.0288396733    0.0133024731    0.0045829607    0.0000117165
    0.0018669114    0.0009059207   -0.2728694842   -0.8136308247
    0.1117665877    0.0094909044   -0.0278464681    0.0527988805
    0.0071441910   -0.0018086652   -0.0044434595   -0.0028318375
    0.0035393449    0.0003224070   -0.0095096785    0.0046802060
    0.0077378898   -0.2152882505    0.0242072067    0.1543890829
   -0.2586813996    0.1150424052   -0.0266791828   -0.0082452034
   -0.0009881927   -0.0094706224   -0.0069764792    0.0076634547
   -0.0023985309   -0.0019744180    0.0001588664    0.0017975836
   -0.0150533104    0.0078992912    0.0028123096   -0.0006776688
    0.0003951043    0.0010376330    0.0094320313   -0.0126150097
    0.0147551884   -0.0033720169   -0.0044314911    0.0070835802
    0.0043828296   -0.0009686754   -0.0025440214   -0.0014307921
   -0.0001455023    0.0005961295    0.0140359020   -0.0022997110
   -0.0075954843   -0.0004490468    0.0011770457   -0.0002064936
   -0.0089169548   -0.0002477931    0.0005660027   -0.0055630532
    0.0006884986    0.0012643175    0.0003222877    0.0023321917
   -0.0055282240    0.0006200926    0.0002778069    0.0014237014
   -0.0037806126    0.0012298346   -0.0015424385    0.0005104184
   -0.0007514096    0.0033628870    0.0053039712   -0.0012518376
   -0.0044475331   -0.0012315382    0.0014959837    0.0016109008
   -0.0012152215   -0.0012230108   -0.0044953999   -0.0013703308
    0.0020724444    0.0005858670   -0.0030057502   -0.0039078144
    0.0013094979   -0.0010542859    0.0015940138    0.0018230197
    0.0217948726   -0.0163696869    0.0042407881    0.0189831155
   -0.0202555437   -0.0043887856    0.0652702801   -0.1134764854
    0.0908576007   -0.0091467027    0.0070914337    0.0103315751
    0.0100690555   -0.0011667055   -0.0152008069   -0.0017928429
   -0.0056009955   -0.0016618663   -0.8136283771    0.3548960786
   -0.0636782478   -0.0242539115   -0.0027705813    0.0315093925
    0.0044406436   -0.0022505397   -0.0019386157   -0.0008174928
   -0.0006329631   -0.0002242384   -0.0005286186    0.0025505441
    0.0061324982    0.0447900169   -0.0651845038   -0.0028698347
   -0.1017033171   -0.1290016014    0.0317360396    0.0060989335
   -0.0014549223   -0.0016215357    0.0009115088    0.0096257976
   -0.0098086650    0.0000854478   -0.0001495901    0.0007863731
   -0.0071290636    0.0043327593    0.0018571223    0.0001214788
   -0.0001556092   -0.0005867571   -0.0213725726    0.0006788637
    0.0151655282   -0.0053145717   -0.0005138656    0.0058002610
    0.0011146032   -0.0007924115   -0.0001095628    0.0004795776
   -0.0000547944   -0.0005203340    0.0083809078    0.0013279224
   -0.0006968354   -0.0002990978   -0.0007559126   -0.0001507343
    0.0022088584   -0.0017122976    0.0001968266    0.0014513918
   -0.0002685212   -0.0008640494   -0.0007627616    0.0009188767
   -0.0030842604   -0.0000325800    0.0000761959   -0.0000589059
    0.0003063879   -0.0006467235    0.0012346094   -0.0010602986
    0.0006176455    0.0016085150   -0.0015300411    0.0004699861
    0.0023219910    0.0002523765   -0.0005659433   -0.0004588587
   -0.0006905148    0.0005230556   -0.0001942605    0.0002434401
   -0.0004295677   -0.0002846234    0.0007219974    0.0009471489
   -0.0003850671    0.0002174599   -0.0004215162   -0.0005424275
   -0.0409153206    0.0107893378    0.0162651219    0.0003338742
    0.0197715333   -0.0262631061   -0.0264102946    0.1041838232
   -0.2494692331    0.0074176720    0.0051864551   -0.0141989054
    0.0224006047   -0.0309106181    0.0359425006    0.0007988263
    0.0024052857    0.0002073449    0.1117654288   -0.0636783967
    0.9878613180    0.0199697825    0.0153905797   -0.0799565645
   -0.0134353088    0.0022967349    0.0071346475   -0.0000446416
    0.0001547978    0.0017909157    0.0041360012    0.0059791049
   -0.0136495905    0.1249440193    0.0159194964   -0.2251044977
    0.0445370470    0.0491989319   -0.0474383837   -0.0075456118
   -0.0021606826    0.0019106157    0.0051074084   -0.0134926447
    0.0299727554    0.0047846659    0.0007602955   -0.0070840550
    0.0187964308   -0.0131535982    0.0058500500   -0.0006285883
   -0.0000711635    0.0003528616    0.0416553591    0.0216176251
   -0.0698235788    0.0096266480    0.0054805005   -0.0168793517
   -0.0077040409    0.0011284673    0.0048380853    0.0015143823
   -0.0004315115    0.0000902005   -0.0291579056    0.0101557090
    0.0119437357   -0.0002236984   -0.0000357482   -0.0001861569
   -0.0005903417   -0.0019243974    0.0014903059    0.0014617128
   -0.0004730032    0.0001871740    0.0002912255   -0.0059189112
    0.0108091941   -0.0010607662    0.0005195703   -0.0031157261
   -0.0004444651    0.0002756073   -0.0009368871    0.0012654325
    0.0017895943   -0.0054702107   -0.0070990989    0.0022301074
    0.0050471871    0.0012366711   -0.0019417086   -0.0014151910
    0.0024032627   -0.0006043131    0.0049018920    0.0007567773
   -0.0014736180   -0.0002750891    0.0025652760    0.0033501985
   -0.0010722483    0.0007333859   -0.0012109402   -0.0012485603
   -0.0270999815    0.0071399739    0.0104211805   -0.0142215336
    0.0149512567    0.0141374462   -0.1638717206    0.0391624208
    0.1178302627    0.0127787682   -0.0102305055    0.0091893247
   -0.0037367240    0.0032552785   -0.0024685523   -0.0005695151
    0.0029517287    0.0002168221    0.0094908613   -0.0242539749
    0.0199697082   -0.2109137922   -0.9169127707   -0.0014058897
    0.0162475116    0.0072445565   -0.0347091707   -0.0014651361
    0.0019459153    0.0004144049   -0.0005887680   -0.0009248821
    0.0017972319    0.0124623261    0.0046584192   -0.0171605694
   -0.0279805344   -0.0047493223    0.0043487368   -0.2649472329
    0.1061516630   -0.0379081930   -0.0627281928    0.0937664213
   -0.0786824775   -0.0393440920    0.0165712716    0.0244701613
   -0.0040663329    0.0024050147    0.0002588707    0.0000838131
    0.0000243457   -0.0001152967   -0.0013874251   -0.0032579216
    0.0072674612    0.0091616812   -0.0329206818    0.0625820166
    0.0107505647   -0.0024158155   -0.0064544437   -0.0073679535
    0.0014118872    0.0011032903    0.0062377691   -0.0004921292
   -0.0028805937   -0.0000225669    0.0003247500   -0.0001366526
   -0.0012913582    0.0002334967   -0.0001965018   -0.0137617415
    0.0023125614   -0.0041208221   -0.0061429642    0.0084841699
   -0.0058000350    0.0020237570    0.0004695476    0.0017176499
   -0.0008042773    0.0002692467   -0.0003396359   -0.0011353860
    0.0027685990    0.0098882501    0.0037680297   -0.0005666366
   -0.0021785021   -0.0013054182    0.0016739935    0.0017906677
   -0.0027352924   -0.0026291221   -0.0082236812   -0.0023876895
    0.0037620413    0.0008613668   -0.0038629119   -0.0049785471
    0.0017392876   -0.0014711875    0.0022907496    0.0024790259
    0.0139488972   -0.0026086368   -0.0145209911   -0.0039236822
    0.0091413610    0.0126254886    0.0730600497   -0.0596633128
   -0.0136862073    0.0372422183   -0.0184606312   -0.0019233133
   -0.0019170232    0.0016859386   -0.0019874869    0.0000854303
    0.0003293147   -0.0011034355   -0.0278465119   -0.0027706555
    0.0153905798   -0.9169102937    0.2149443307   -0.1296408597
    0.0265913401   -0.0166213401    0.0022419241    0.0013887484
   -0.0057927051   -0.0022182360   -0.0003862206   -0.0010714598
    0.0017894987    0.0079066700    0.0027864545   -0.0028379509
    0.0063415396   -0.0025999613    0.0002375329    0.0282515985
   -0.1283034537    0.0015206965    0.0602548181   -0.1048502875
    0.1057761323   -0.0172114302    0.0089443078    0.0171907156
   -0.0029320964    0.0020902446    0.0000570056   -0.0000697024
   -0.0000787889   -0.0003228470   -0.0027431431   -0.0009417798
    0.0041044637   -0.0238169653   -0.0032874897    0.0420771974
    0.0082340036   -0.0025111011   -0.0047819393   -0.0018772409
    0.0001209099    0.0004087828    0.0028081624   -0.0004085167
   -0.0020514297    0.0000079320   -0.0003111760    0.0000233390
    0.0006234137   -0.0000894718    0.0000954596    0.0115924886
   -0.0025957119   -0.0092573362   -0.0014135653    0.0108122139
   -0.0116086789    0.0001343243   -0.0003969040    0.0016897698
    0.0006657471   -0.0003305284    0.0003500327   -0.0040098073
    0.0024221369    0.0076810045    0.0004137582   -0.0001236643
    0.0020768415   -0.0000028002   -0.0002544150   -0.0002438631
   -0.0027756368    0.0005745826   -0.0039609837    0.0000815794
   -0.0002083243   -0.0003346328   -0.0001687904   -0.0001771889
    0.0000210679   -0.0000255127    0.0000758358   -0.0002280824
    0.0159469323   -0.0232833903    0.0299171822    0.0049686968
    0.0047985527   -0.0147671736    0.1086758658    0.0056729057
   -0.1963489720   -0.0019707487    0.0141518485   -0.0217897237
    0.0086635666   -0.0099069822    0.0095894513   -0.0008984361
   -0.0003031080    0.0009822031    0.0527988763    0.0315094526
   -0.0799565741   -0.0014063303   -0.1296409714    1.0072868836
   -0.0386333590    0.0089997084    0.0160898437   -0.0009091601
    0.0014866017    0.0004809375    0.0008345883    0.0016816618
   -0.0048458605   -0.0239959565    0.0047977643    0.0205170599
    0.0002792718   -0.0028886802    0.0033909519   -0.0096303779
    0.0379440463   -0.0515403152   -0.0212509963    0.1229310296
   -0.2695930059    0.0034295826    0.0083752946   -0.0151604416
    0.0064886813   -0.0048745845    0.0024797906    0.0000205404
    0.0000484132    0.0005238002    0.0049669630    0.0041081699
   -0.0127359244   -0.0044416110    0.0131405895   -0.0720066923
   -0.0182668150    0.0021237787    0.0124785790   -0.0001696252
   -0.0010619019    0.0018083598   -0.0084994052    0.0024677411
    0.0042016347   -0.0000005501    0.0005591953   -0.0000139750
   -0.0010328417    0.0000913965   -0.0000584625   -0.0122737131
   -0.0019032942    0.0079820452    0.0090390823   -0.0157777576
    0.0291974939   -0.0047071821    0.0017259539   -0.0083412857
   -0.0012370902    0.0004005739   -0.0004971937    0.0047190421
    0.0059450606   -0.0148673497   -0.0180387246    0.0060046837
    0.0117664399    0.0024892052   -0.0038895433   -0.0023514969
    0.0061807995   -0.0035777902    0.0115655188    0.0012575445
   -0.0028312499   -0.0003922658    0.0049073514    0.0061944098
   -0.0018404003    0.0013209011   -0.0021382835   -0.0019829056
   -0.0022738766   -0.0144461569    0.0406780761    0.0112222100
    0.0042365317   -0.0227810502   -0.0149945476   -0.0021101519
    0.0169008942   -0.0917132479   -0.0383343811    0.0731280238
    0.0031193095   -0.0080158194    0.0129768241    0.0007709538
    0.0031460411    0.0015590123    0.0071441973    0.0044406574
   -0.0134353118    0.0162475320    0.0265913497   -0.0386333580
    0.7434232647   -0.2016889347   -0.2376870147   -0.0114505064
   -0.0205885623    0.0178849070    0.0027322319    0.0012602426
   -0.0071843801   -0.0079825709    0.0015907634    0.0063837692
   -0.0033099742   -0.0003289005    0.0003817815    0.0014052425
    0.0017442898    0.0018721647   -0.2452493734    0.0998664061
   -0.0036885692    0.0325552455   -0.0215343613   -0.1040832643
    0.0027346756   -0.0034345191    0.0038735952    0.0001172625
    0.0001264751    0.0006970803    0.0025033971    0.0010797922
   -0.0045532836   -0.0100858240    0.0130254928    0.0041296270
   -0.0087454906   -0.0107246088    0.0384677257    0.0188589256
    0.0169697634   -0.0390022730   -0.0029717713    0.0017674012
    0.0016269612    0.0000680116    0.0008016192   -0.0000146306
   -0.0009275170    0.0001449744   -0.0001288007   -0.0038243911
    0.0027828866    0.0043395397    0.0038855822    0.0005557213
   -0.0091750765    0.0109009297    0.0055655239   -0.0031973837
   -0.0013778764    0.0004990654   -0.0005848902    0.0001337382
   -0.0071921413    0.0016614624    0.0059798444   -0.0012109167
   -0.0049857698   -0.0037488711    0.0052944010    0.0036987768
   -0.0006307802   -0.0005178765   -0.0052610144   -0.0003983095
    0.0011026943    0.0002326880   -0.0034831973   -0.0042992487
    0.0013910796   -0.0005166773    0.0010257886    0.0009745849
   -0.0098695126    0.0026604152    0.0224722239    0.0033403227
    0.0037800270    0.0033375580   -0.0001266814    0.0005851980
   -0.0083516289    0.0026551367   -0.0611524329    0.0159396020
   -0.0000416859   -0.0003536125    0.0010536119    0.0000042829
   -0.0004036389   -0.0003785930   -0.0018086839   -0.0022505723
    0.0022967723    0.0072446086   -0.0166213748    0.0089997149
   -0.2016889451    0.2107488225   -0.2147795582    0.0140819078
    0.0072912063   -0.0119433126   -0.0002119101   -0.0006726553
   -0.0002157354    0.0005983485    0.0010353723   -0.0014578555
   -0.0001098256    0.0001064697    0.0000226432    0.0039358941
    0.0044067926    0.0046167350    0.1266279910   -0.1047829670
    0.0457171225   -0.0167889266   -0.1041500806    0.1345006092
   -0.0001160629   -0.0000908732   -0.0000480630    0.0000250908
    0.0000495256   -0.0000193274   -0.0003647287   -0.0003809893
    0.0008972618   -0.0052377912   -0.0045819631   -0.0174809889
   -0.0129122765    0.0037719894    0.0250115094   -0.0137632929
   -0.0068930323    0.0243790930    0.0003166845   -0.0000433029
   -0.0004234280    0.0000725859    0.0001279439    0.0000858412
    0.0000064170    0.0000266991    0.0000061572    0.0005482219
    0.0049448020    0.0037831074    0.0028521096   -0.0094837408
    0.0107458771   -0.0166940329    0.0059805778   -0.0085560980
    0.0000129729    0.0000296263    0.0000124975   -0.0012255171
    0.0075006167   -0.0039272735   -0.0168792326    0.0051678654
    0.0132569467    0.0032228203   -0.0045218421   -0.0023657956
    0.0038045746   -0.0023306483    0.0067353718    0.0008718270
   -0.0016431211   -0.0001956368    0.0044081456    0.0053515299
   -0.0018393357    0.0011184872   -0.0015380464   -0.0016628180
    0.0301429718    0.0285925555   -0.0832565029   -0.0137652296
   -0.0009220617    0.0228888974    0.0130615789   -0.0082621063
   -0.0037081205    0.0769372154    0.0313036430   -0.1811937243
   -0.0028258098    0.0091696808   -0.0153603903   -0.0002584621
   -0.0009559726   -0.0004818249   -0.0044435079   -0.0019386273
    0.0071346004   -0.0347092268    0.0022419785    0.0160898087
   -0.2376867843   -0.2147796091    0.6496262585   -0.0125827081
    0.0087827517    0.0083032351   -0.0033326013   -0.0017388690
    0.0067466874    0.0074912431   -0.0025661283   -0.0026096092
    0.0032469889    0.0003227053   -0.0003118902   -0.0021676137
    0.0043697686   -0.0046694087   -0.0233566576    0.0485557229
   -0.1206345480   -0.0047677779    0.0952084135   -0.2685013940
   -0.0027583368    0.0032537963   -0.0039350488   -0.0000738037
   -0.0000504921   -0.0005291579   -0.0016571316   -0.0003015038
    0.0024687215    0.0167998309   -0.0153249994    0.0263785792
    0.0407535474    0.0213783744   -0.0815906326    0.0177917195
    0.0007327797   -0.0085545479    0.0023056081   -0.0019316641
   -0.0007946829    0.0000115459   -0.0005432773    0.0000381029
    0.0008578040   -0.0001151512    0.0001347746    0.0103172089
    0.0018977324   -0.0053659501   -0.0112233208    0.0127846948
   -0.0177065154    0.0284830549   -0.0075808549    0.0250530907
    0.0012627887   -0.0004297401    0.0005450382    0.0011947648
   -0.0119305305    0.0058680862    0.0332966960   -0.0091191306
   -0.0251515243   -0.0034888771    0.0064021576    0.0029549221
   -0.0074829109    0.0050330323   -0.0100691048   -0.0014264609
    0.0030235106    0.0004244659   -0.0074519508   -0.0098027270
    0.0018771806   -0.0018097739    0.0029349140    0.0030411150
    0.0034676746   -0.0025718995    0.0052437111    0.0041666483
   -0.0040378146   -0.0045041357    0.0031137531    0.0027445438
    0.0003101559   -0.4871637342    0.2539255441    0.0307769838
   -0.0004967774    0.0004289320    0.0005257979   -0.0000964320
   -0.0011342323    0.0001460814   -0.0028318042   -0.0008174977
   -0.0000446518   -0.0014651069    0.0013887822   -0.0009091250
   -0.0114505434    0.0140819488   -0.0125827510    0.2086348681
    1.0008665911    0.2808785018    0.0001739438   -0.0001782668
    0.0002460860    0.0000717091   -0.0000649234   -0.0000163655
    0.0008162335    0.0002645231    0.0001264245    0.0013240995
   -0.0000815889    0.0000923233    0.0020961250    0.0016395999
    0.0049922485    0.0004348167   -0.0030522687    0.0012467819
   -0.0002738735    0.0001230383    0.0001173327    0.0000063340
    0.0000263578   -0.0001250935   -0.0002134663   -0.0000089013
    0.0001617227   -0.0034185142   -0.0001299526   -0.0004089314
   -0.0021008571    0.0006070726    0.0012132518    0.0051205310
    0.0003059303   -0.0001620972   -0.0000417414    0.0000200257
   -0.0002324637    0.0000024013   -0.0001099018    0.0000233570
    0.0001432341   -0.0000150337    0.0000461237   -0.0001684408
    0.0002886464    0.0003242368   -0.0002494212   -0.0004835147
    0.0012551118   -0.0001334271   -0.0001187881   -0.0012884489
    0.0002453824   -0.0000682253    0.0001164517    0.0001659483
   -0.0000600162   -0.0010624992   -0.0018410751    0.0003797966
    0.0015172873    0.0008186399   -0.0011689595   -0.0004646270
    0.0003645234    0.0002031846    0.0010863054    0.0001389680
   -0.0002383718   -0.0000525895    0.0007057544    0.0010645752
   -0.0002115998    0.0001578253   -0.0002202001   -0.0002666665
    0.0006425327    0.0050278168   -0.0071201908   -0.0126007804
    0.0004911664   -0.0040964207   -0.0000772952    0.0046342125
    0.0039237986    0.5463123921   -0.2928587895   -0.0603952654
    0.0021593475   -0.0016497966    0.0005588190    0.0038101589
    0.0099330872    0.0064500639    0.0035392719   -0.0006329716
    0.0001548204    0.0019458960   -0.0057927381    0.0014865853
   -0.0205885736    0.0072911804    0.0087828124    1.0008700962
   -0.8567722815   -0.4008769275   -0.0000958401    0.0007474915
   -0.0016897174   -0.0010081850    0.0004040890    0.0004323347
   -0.0019071260    0.0005623110   -0.0002612836   -0.0045239597
   -0.0016419206   -0.0018450685   -0.0006769254    0.0043183129
    0.0048826029   -0.0181931919    0.0076758625   -0.0076020624
    0.0004783131   -0.0007237631    0.0005175788    0.0001567946
    0.0001477458    0.0009715160    0.0006960305   -0.0001038957
   -0.0007393703    0.0056072566   -0.0001591709   -0.0022720869
    0.0051039815   -0.0003858458   -0.0023058057   -0.0131082397
    0.0016113679    0.0055357994    0.0000351557    0.0004035558
    0.0003347833    0.0000962814    0.0004632926    0.0000386495
   -0.0003400558    0.0000893137   -0.0001018547   -0.0029355063
    0.0007404154    0.0016140779    0.0008487862    0.0007335500
   -0.0017606660    0.0006459266    0.0003974312    0.0018248196
   -0.0006679406    0.0002795449   -0.0003438288    0.0002253964
   -0.0000159940    0.0016958142    0.0054989188   -0.0014281121
   -0.0060183435   -0.0019699937    0.0040889201    0.0026007592
   -0.0003677335   -0.0012751836   -0.0033201804   -0.0007328372
    0.0011818398    0.0006032190   -0.0031370397   -0.0045627761
    0.0014537274   -0.0007809532    0.0013187080    0.0016918359
   -0.0357492339    0.0214177900   -0.0051369510   -0.0100418918
    0.0033337264    0.0116509450    0.0046714116    0.0039775644
   -0.0056744664    0.0743588752   -0.0171918549   -0.0691749138
    0.0001353771    0.0000639596   -0.0010060357    0.0017088000
    0.0026807221   -0.0002900011    0.0003223245   -0.0002242672
    0.0017909259    0.0004144259   -0.0022182239    0.0004809244
    0.0178848951   -0.0119433134    0.0083032533    0.2808778783
   -0.4008750350    0.7023815232   -0.0006124474    0.0002445819
    0.0001670098    0.0004682322   -0.0001044098   -0.0003356116
   -0.0026737199    0.0005424234   -0.0006624853   -0.0018910386
   -0.0007821776   -0.0002271320    0.0017167057    0.0033961574
   -0.0024607463    0.0006094515   -0.0036167100   -0.0045535761
    0.0001482482   -0.0001384447   -0.0003182138    0.0001323033
    0.0000704522    0.0002351504    0.0002450294   -0.0002279315
    0.0002633687   -0.0003202452   -0.0015003240    0.0014669073
    0.0027195372   -0.0005019098   -0.0011981359   -0.0067907900
    0.0011913066    0.0004588043    0.0003938780   -0.0002631125
    0.0003470364    0.0000349818    0.0003337494   -0.0000572436
   -0.0002794817    0.0000917734   -0.0001328545    0.0000314674
    0.0001542932    0.0002361737    0.0002281052    0.0009706814
   -0.0019305207    0.0011738112    0.0001844113    0.0011910290
   -0.0005167105    0.0002150010   -0.0002690674   -0.0002273948
   -0.0003494885    0.0013970001    0.0026286416   -0.0006937498
   -0.0025099701   -0.0013045786    0.0027135452    0.0014231606
   -0.0007302976   -0.0003984271   -0.0019080512   -0.0001428444
    0.0003648195    0.0001047230   -0.0011986007   -0.0018740081
    0.0004793825   -0.0002311591    0.0004359648    0.0005329884
    0.0099409490    0.0036436538   -0.0104520740    0.0004958905
   -0.0179895873    0.0359588494   -0.0015327975    0.0027720889
   -0.0037796639   -0.0027970253   -0.0016818112    0.0075831597
   -0.1720323696    0.0084865282    0.0929741106   -0.0010426935
   -0.0045741513   -0.0062866286   -0.0095096139   -0.0005285611
    0.0041359684   -0.0005887163   -0.0003861015    0.0008345505
    0.0027322138   -0.0002119359   -0.0033325495    0.0001739112
   -0.0000957989   -0.0006123734    0.2369892086   -0.0079850101
    0.1263250415   -0.0300360549    0.0131624053    0.0061105317
    0.0007382086   -0.0004086609    0.0011381511    0.0004794397
    0.0000116213   -0.0000271312   -0.0008459608    0.0009415749
   -0.0007150904   -0.0008983495   -0.0005516616    0.0024064959
    0.0566950255    0.0020057219   -0.2058374429   -0.2653485919
    0.1577971690    0.0505979483    0.0073654412    0.0073728484
    0.0020117623   -0.0002318350   -0.0000565041    0.0003702579
    0.0010433614    0.0000044044   -0.0009625745    0.0000547556
    0.0000753103   -0.0002776462   -0.0170039055    0.0025020012
   -0.0179542283    0.0099214920   -0.0288199784    0.0223206630
    0.0027438195   -0.0009924193    0.0008748376    0.0001523590
   -0.0000208089   -0.0001025810   -0.0002514513    0.0003149799
   -0.0003797979    0.0001014769   -0.0002223604    0.0006652234
   -0.0055535189    0.0054805981   -0.0013084859   -0.0000196927
   -0.0000784195    0.0000764180    0.0006766375   -0.0002434942
   -0.0004108977   -0.0000384056    0.0001155877   -0.0000417323
   -0.0001802238    0.0002248170    0.0000252593    0.0000223276
   -0.0000082262   -0.0000278825    0.0000048965    0.0000056364
   -0.0000370422    0.0000154396   -0.0000277704   -0.0000538813
    0.0058544582    0.0042850652    0.0004510363   -0.0079514477
   -0.0046254765    0.0092390854   -0.0001023166    0.0007671176
   -0.0025270205   -0.0008625416   -0.0004226564    0.0023495763
    0.0098379224   -0.0537333055    0.0197515967   -0.0012764700
   -0.0004939810   -0.0000719024    0.0046802312    0.0025505759
    0.0059790747   -0.0009249312   -0.0010715492    0.0016817028
    0.0012602484   -0.0006726274   -0.0017388827   -0.0001782576
    0.0007474797    0.0002445448   -0.0079852742    0.2569253457
   -0.3506320112    0.0117368164    0.0021382660   -0.0175661816
    0.0011207506    0.0001885703   -0.0011706726   -0.0004712171
   -0.0000059935   -0.0002335128    0.0000017171    0.0009072861
   -0.0013425241   -0.0008303047   -0.0000036973    0.0010724508
   -0.0429794412   -0.1199525952    0.2551680095    0.1398892960
   -0.1134421988   -0.0097144968   -0.0139063970   -0.0087462273
    0.0163998358   -0.0002951186   -0.0005891310    0.0012577887
    0.0013393678   -0.0000216315   -0.0010232749   -0.0007788929
   -0.0000636591    0.0002978642    0.0411304028   -0.0164137739
    0.0050204073   -0.0027575972    0.0068843257   -0.0036876352
   -0.0014639897   -0.0001244759   -0.0005394300   -0.0008704581
    0.0000813614    0.0002378693    0.0002041365    0.0005451044
   -0.0012398777    0.0007044433    0.0000970898    0.0005559314
    0.0040034450    0.0022830302    0.0020756167    0.0001692070
   -0.0003138231    0.0007527725    0.0021248743   -0.0004986836
   -0.0020326162   -0.0005248626    0.0007371074    0.0006768995
   -0.0002744324   -0.0003595905   -0.0013663062   -0.0003448184
    0.0005117057    0.0001938164   -0.0011517643   -0.0015558521
    0.0005123552   -0.0003393309    0.0005336405    0.0006492333
   -0.0165124161    0.0033215353    0.0178878975    0.0254501039
    0.0311005873   -0.0650623802    0.0015492279   -0.0064976488
    0.0094482477    0.0068624796    0.0029859778   -0.0138611803
    0.0914564155    0.0148767669   -0.1722060924   -0.0006145200
   -0.0032398153    0.0047920638    0.0077378421    0.0061324410
   -0.0136495364    0.0017972717    0.0017895032   -0.0048458465
   -0.0071844183   -0.0002157507    0.0067466852    0.0002461000
   -0.0016897332    0.0001669756    0.1263248408   -0.3506320760
    0.6512165961    0.0098279013   -0.0205849721    0.0320836818
   -0.0026373006    0.0001058904    0.0007925251    0.0004482204
   -0.0000001957    0.0004846436    0.0011182016   -0.0030933229
    0.0037064403    0.0034146342    0.0007276993   -0.0052828514
   -0.0970300578    0.1967030120   -0.3041041719   -0.0215510316
    0.0265008602   -0.0735188983    0.0168742022    0.0039850624
   -0.0355087954    0.0009606339    0.0016382865   -0.0029157375
   -0.0042241613    0.0002945959    0.0036199331    0.0017239245
   -0.0000634892   -0.0004376246   -0.0569529046    0.0372004241
    0.0046345567   -0.0084898137    0.0177943850   -0.0155527770
   -0.0010191947    0.0000600500   -0.0007446427    0.0017085551
   -0.0002020044   -0.0004668338   -0.0001347311   -0.0016185856
    0.0031610138   -0.0015661559    0.0000599826   -0.0021351224
    0.0039961892   -0.0003248047    0.0023113536   -0.0003842296
    0.0007875739   -0.0017149674   -0.0058662621    0.0014895643
    0.0053600983    0.0012556577   -0.0019213144   -0.0015539540
    0.0008087313    0.0005266937    0.0030215761    0.0007368936
   -0.0011487173   -0.0004228037    0.0026528609    0.0036050525
   -0.0011478057    0.0007547401   -0.0011890699   -0.0014315089
   -0.0192724015   -0.0014562346    0.0194172759   -0.0060236025
    0.0326583291   -0.0386296131    0.0017593047   -0.0221256600
    0.0488456888    0.0002887100    0.0055132198   -0.0116143373
   -0.2402677168    0.0865975476   -0.0030809030    0.0030333150
    0.0018663008    0.0044919745   -0.2152883033    0.0447899998
    0.1249440806    0.0124624328    0.0079067423   -0.0239960141
   -0.0079825496    0.0005983709    0.0074912028    0.0000717059
   -0.0010082027    0.0004682048   -0.0300360690    0.0117367941
    0.0098279481    0.6528293261   -0.1875201563   -0.1757182389
   -0.0458015675   -0.0000950679    0.0209494043    0.0007082046
   -0.0002676664    0.0012891231    0.0007200851   -0.0073105101
    0.0139240071    0.0019885712    0.0015051257   -0.0050003430
    0.0097924165   -0.0036686364   -0.0124540862    0.0008422165
    0.0005756337    0.0018441628   -0.0875990400    0.0376226372
   -0.0180524284    0.0030201913    0.0027899745   -0.0090239440
   -0.0055501123    0.0004930913    0.0043814795    0.0019240865
   -0.0000892842   -0.0004092045    0.0015489493   -0.0115415964
    0.0177708611    0.0002751674    0.0001798724   -0.0005449211
   -0.0088371224    0.0138978692   -0.0269298001    0.0022956495
   -0.0003670848   -0.0002855137   -0.0001234436   -0.0033293958
    0.0067430826   -0.0029724575    0.0000126349   -0.0024777024
    0.0010167299    0.0031039068    0.0062429542   -0.0000002645
    0.0018505426   -0.0035866081   -0.0074215718    0.0019213977
    0.0062632971    0.0015937772   -0.0023062122   -0.0019034956
    0.0015604833    0.0003380967    0.0048116141    0.0010324603
   -0.0016779691   -0.0004972884    0.0034137597    0.0045106132
   -0.0014478951    0.0009942454   -0.0015788444   -0.0018114580
    0.0007225256    0.0003134958   -0.0101384545    0.0135320134
   -0.0203784081    0.0128667522   -0.0105335897    0.0041863052
    0.0147616403   -0.0010305985   -0.0022294316    0.0041521219
    0.1011985131   -0.1113306608    0.0377978751    0.0031738957
    0.0056676926    0.0041144757    0.0242071729   -0.0651844941
    0.0159194850    0.0046585023    0.0027865045    0.0047977686
    0.0015907871    0.0010353734   -0.0025661278   -0.0000649353
    0.0004040668   -0.0001044006    0.0131623686    0.0021382989
   -0.0205849819   -0.1875201354    0.2727815449   -0.1974483345
    0.0303251207    0.0006986133   -0.0137727154   -0.0005957540
    0.0000231063   -0.0004561262   -0.0003014958    0.0003943457
   -0.0005156684   -0.0005236281   -0.0007809760    0.0016756887
    0.0080250556   -0.0132780741    0.0097420685    0.0003033738
    0.0039359598    0.0020045575    0.0530836226   -0.1129467739
    0.0967685496    0.0005490189   -0.0009054608    0.0005727405
    0.0012269258    0.0000875016   -0.0014644574   -0.0005978147
    0.0000591122    0.0001600980   -0.0319643249    0.0042996600
    0.0172416761   -0.0001810228   -0.0006684907   -0.0000807903
    0.0051807832   -0.0067260349    0.0129428222   -0.0008329363
    0.0001493103    0.0002860115    0.0001101045    0.0004691782
   -0.0010322431    0.0012309959   -0.0000249333    0.0008717223
    0.0045008482    0.0085101941    0.0019569360    0.0004425684
   -0.0008118871    0.0004324315    0.0028860161   -0.0007420674
   -0.0027568819   -0.0005695093    0.0008925003    0.0006980360
   -0.0002028615   -0.0001090087   -0.0012389263   -0.0003472572
    0.0005551061    0.0002110758   -0.0012473575   -0.0016519289
    0.0005356022   -0.0003623446    0.0005445352    0.0006678948
    0.0153306854   -0.0074869279   -0.0043579289   -0.0249602858
    0.0021243959    0.0135434456    0.0238780036    0.0260802342
   -0.0752902887    0.0000613348   -0.0026442078    0.0041364891
   -0.0142088236    0.0462349729   -0.1271182326   -0.0009147296
    0.0030644054   -0.0050313374    0.1543890947   -0.0028698600
   -0.2251044812   -0.0171606689   -0.0028380613    0.0205170534
    0.0063837530   -0.0014578744   -0.0026096368   -0.0000163475
    0.0004323650   -0.0003356227    0.0061105632   -0.0175661734
    0.0320836647   -0.1757182589   -0.1974483749    0.6720166537
   -0.0108127824    0.0010862659    0.0071413441    0.0002471953
    0.0002332517   -0.0002564363    0.0001134408    0.0071742081
   -0.0141907487   -0.0021222396   -0.0001077250    0.0025639445
   -0.0289881844    0.0199865601   -0.0152932498    0.0043180693
    0.0016778946   -0.0016471034   -0.0609903549    0.0966752553
   -0.2336411523   -0.0048571889   -0.0029076759    0.0078871508
    0.0039071260   -0.0007604610   -0.0022326390   -0.0010973354
    0.0001122379    0.0002742443    0.0623702956    0.0005822176
   -0.0566506808   -0.0005491102   -0.0002704679    0.0000867740
   -0.0014765298   -0.0007593007    0.0002155725   -0.0010257884
    0.0002852958   -0.0000577491   -0.0000514795    0.0027473343
   -0.0054365057    0.0006760057   -0.0000459215    0.0012268956
    0.0024328105    0.0036549818    0.0005133045   -0.0006564721
   -0.0004060744    0.0031242346    0.0032583544   -0.0009223783
   -0.0023117039   -0.0007298887    0.0010397846    0.0009105744
   -0.0012619847   -0.0001498091   -0.0030027320   -0.0005175381
    0.0008953482    0.0002079054   -0.0015776990   -0.0020816055
    0.0006879004   -0.0004842554    0.0007640585    0.0008338809
    0.0029331304    0.0041261542   -0.0041330751    0.0167227470
   -0.0126640924   -0.0061103390   -0.0180262162    0.0196465137
   -0.0117060138    0.0020223800   -0.0022330515    0.0020041454
   -0.0010561778   -0.0015934169    0.0131480070   -0.0025370268
   -0.0088523761   -0.0033433498   -0.2586813336   -0.1017034515
    0.0445371117   -0.0279805421    0.0063415840    0.0002792821
   -0.0033099665   -0.0001098323    0.0032470322    0.0008162672
   -0.0019071866   -0.0026737323    0.0007382029    0.0011207367
   -0.0026372395   -0.0458016078    0.0303250991   -0.0108127487
   -1.2592865179   -0.7724714698    0.0583436245    0.0225332920
    0.0004925805    0.0095961369    0.0017477516   -0.0031054860
    0.0022472164    0.0058878897   -0.0014790711   -0.0044773325
   -0.0013977866    0.0012899428   -0.0000123733   -0.0012714589
   -0.0000567774   -0.0000656534   -0.0127818699    0.0075270496
   -0.0104112859   -0.0041006677    0.0039942748   -0.0043481274
   -0.0053620683    0.0002340880    0.0046100876    0.0028754072
    0.0001487391   -0.0013544936   -0.0019496733    0.0005508789
   -0.0016687277    0.0003939839   -0.0018544522    0.0005902330
    0.0156576084   -0.0021223368    0.0013710763    0.0094004337
   -0.0011117641   -0.0024567176   -0.0009499438   -0.0022395469
    0.0051421784   -0.0005561322   -0.0001038627   -0.0034275797
    0.0049453507   -0.0015752314    0.0020071395   -0.0022750654
    0.0027372914   -0.0025867515   -0.0121312740    0.0031391001
    0.0114740467    0.0022127546   -0.0030326170   -0.0027986805
    0.0007529110    0.0014277411    0.0058175364    0.0022745443
   -0.0034238236   -0.0011682928    0.0054412433    0.0070894394
   -0.0023594629    0.0018194402   -0.0027764473   -0.0032560083
    0.0018833971    0.0039763487    0.0048681011    0.0006987752
   -0.0016159613   -0.0005017151    0.0186517097   -0.0059825850
   -0.0030021959   -0.0003421979   -0.0002344490   -0.0004252832
    0.0028992144    0.0056035073    0.0025925250   -0.0004597626
   -0.0017955423   -0.0008395700    0.1150423708   -0.1290015278
    0.0491989051   -0.0047492751   -0.0025999098   -0.0028887113
   -0.0003289118    0.0001064792    0.0003227201    0.0002645262
    0.0005623014    0.0005424365   -0.0004086222    0.0001885213
    0.0001058927   -0.0000950487    0.0006986030    0.0010862708
   -0.7724672858    0.4070224398   -0.0318535658    0.0011398936
    0.0006180109    0.0010896149    0.0003385670   -0.0000582990
    0.0002576751    0.0002402521   -0.0001828181   -0.0005766910
    0.0001699515   -0.0005575724   -0.0000909191    0.0001557137
    0.0003634379    0.0000980227   -0.0016254453   -0.0015757620
   -0.0019666485    0.0000971254   -0.0000364113   -0.0005801081
   -0.0002231907    0.0001003967    0.0002812808    0.0001038914
    0.0000448495    0.0000873893   -0.0011336364   -0.0005994655
    0.0000752574    0.0000180002    0.0000529904    0.0000421317
    0.0000131132    0.0002279538    0.0001255499    0.0003407915
    0.0001520989    0.0000636078   -0.0000018435   -0.0000314822
    0.0003487703   -0.0000179211   -0.0000322386   -0.0002218169
    0.0002321637    0.0003426662    0.0002801660   -0.0000451964
   -0.0000160997   -0.0001710702   -0.0002958671    0.0000120398
    0.0001492866    0.0000541776   -0.0000052696    0.0000126686
    0.0000501574   -0.0000638784    0.0000706022    0.0000466445
   -0.0000042183    0.0000248470    0.0000633030    0.0000920797
    0.0000093744    0.0000247642    0.0000086954    0.0000045060
    0.0022148828    0.0042841719   -0.0042979899    0.0010358543
   -0.0010345035   -0.0011298704   -0.0308577104    0.0156949955
   -0.0006391566   -0.0016012374   -0.0001041342    0.0014583768
    0.0024649612    0.0039918124   -0.0028220584   -0.0005789492
   -0.0010187691    0.0001942098   -0.0266792158    0.0317359979
   -0.0474383722    0.0043487234    0.0002375302    0.0033909659
    0.0003817521    0.0000226488   -0.0003118900    0.0001264407
   -0.0002612879   -0.0006624853    0.0011382077   -0.0011706829
    0.0007924639    0.0209493966   -0.0137727138    0.0071413499
    0.0583433156   -0.0318535900    0.5481907773   -0.0001607270
    0.0004314886   -0.0011396450   -0.0008155852    0.0002088916
   -0.0000701968    0.0001295102   -0.0003891538    0.0004053940
   -0.0021258572    0.0010113574    0.0002701930    0.0003034570
    0.0001482036    0.0001524545   -0.0051175551   -0.0025669594
    0.0028811467   -0.0004095210   -0.0000892411    0.0002476533
   -0.0000834617    0.0000557169    0.0000765217    0.0004199512
    0.0001308521   -0.0003163182    0.0021466255   -0.0001332882
   -0.0002050396    0.0001606293    0.0000531308    0.0000673972
    0.0025904256    0.0000567525   -0.0002269438    0.0002629830
    0.0000874346   -0.0001422253   -0.0000887947    0.0000939223
   -0.0000071340   -0.0002061738   -0.0001914118    0.0000428696
    0.0003106585    0.0001384675   -0.0000756956   -0.0001853501
   -0.0000862417   -0.0001479804   -0.0007269945    0.0000822284
    0.0008500608    0.0002404923   -0.0002712986   -0.0003481446
   -0.0000338915    0.0003520428    0.0005808182    0.0001892434
   -0.0001965439   -0.0001225046    0.0005909432    0.0008111491
   -0.0002746492    0.0001910612   -0.0002776584   -0.0003756667
   -0.0021029905    0.0006403074    0.0084796349    0.0016737210
   -0.0000106710   -0.0022541186   -0.0273456354    0.0195839609
   -0.0080352233    0.0143247057   -0.0074384883   -0.0030612339
   -0.0004876444    0.0004228066   -0.0001654584   -0.0012297748
   -0.0012993509    0.0002708302   -0.0082451350    0.0060989581
   -0.0075455781   -0.2649473977    0.0282515226   -0.0096303903
    0.0014053097    0.0039359135   -0.0021676984    0.0013240858
   -0.0045239517   -0.0018910264    0.0004794794   -0.0004712530
    0.0004482392    0.0007082578   -0.0005957126    0.0002471484
    0.0225332711    0.0011399306   -0.0001607471    0.1286446848
   -0.2688026138   -0.0369292455   -0.0107857371    0.0089449308
   -0.0035872339    0.0024974257   -0.0020188634    0.0007081816
   -0.0010348382    0.0008079307   -0.0000290250   -0.0000994596
   -0.0000587594   -0.0001230236   -0.0016204092    0.0003628328
    0.0004489352   -0.0140231083    0.0049149743   -0.0002873809
   -0.0020192453    0.0000407973    0.0017724043    0.0022395508
    0.0006507423   -0.0015292162   -0.0001536847    0.0000247455
   -0.0006477992    0.0000396859   -0.0004863743    0.0001244259
    0.0013578003   -0.0002009746    0.0001941180    0.0196842993
   -0.0026130586   -0.0039017340   -0.0001788661   -0.0012251210
    0.0024696056    0.0005150181   -0.0001255784   -0.0016431327
    0.0011563112   -0.0004149856    0.0004634178   -0.0020833116
    0.0022037501   -0.0014650533   -0.0065377465    0.0017408694
    0.0060689015    0.0010805817   -0.0013591073   -0.0013506889
    0.0003112136    0.0007368891    0.0028706500    0.0017204753
   -0.0027575607   -0.0006534342    0.0027387168    0.0034440054
   -0.0011585636    0.0009965466   -0.0014973302   -0.0016601023
    0.0020490034    0.0050743236    0.0024653459   -0.0003097502
    0.0002090291    0.0002133285    0.0002384640    0.0019781126
    0.0009423257    0.0011848694   -0.0014550533   -0.0003726152
   -0.0000347759   -0.0001137394    0.0000369988    0.0001348441
    0.0003310765    0.0001464855   -0.0009881939   -0.0014549369
   -0.0021606982    0.1061516427   -0.1283034606    0.0379440728
    0.0017442720    0.0044068263    0.0043697256   -0.0000815935
   -0.0016419234   -0.0007821933    0.0000116370   -0.0000059995
   -0.0000002166   -0.0002676776    0.0000230896    0.0002332619
    0.0004925526    0.0006179902    0.0004314925   -0.2688025280
    0.0703170604   -0.0850004113    0.0156084205   -0.0047057194
   -0.0007019080   -0.0003879205    0.0000127064   -0.0001981156
    0.0000743390   -0.0000636569   -0.0000550895   -0.0000011246
    0.0000098249   -0.0000081967    0.0000054029    0.0001085039
   -0.0000063577   -0.0041665189   -0.0019168175   -0.0025385651
   -0.0003817046    0.0000518591    0.0003438729    0.0000809207
    0.0003287806    0.0004908557   -0.0001491636   -0.0000296812
    0.0000136374    0.0000063000   -0.0000164733    0.0000129270
    0.0000458697    0.0000233585    0.0000208720    0.0016225522
    0.0003903914    0.0003292142    0.0001194124   -0.0001177133
    0.0004844376   -0.0000957989   -0.0000013613   -0.0003760783
    0.0000651671   -0.0000122161    0.0000374259   -0.0000197492
    0.0000629468   -0.0004152783   -0.0005637709    0.0000814794
    0.0003017254    0.0001009692   -0.0000421557    0.0000094141
    0.0001369366   -0.0000076505    0.0002469168    0.0001148562
   -0.0000943614    0.0000458704    0.0001180761    0.0001508273
    0.0000004085    0.0000332505   -0.0000295312   -0.0000092701
    0.0029696579    0.0029843698   -0.0021242832    0.0006516502
   -0.0010181862    0.0005653311    0.0197725980   -0.0111105374
    0.0059917289    0.0042781575   -0.0021900085   -0.0015823968
   -0.0004688675    0.0005930736   -0.0006432795    0.0002644176
    0.0001870233    0.0000843492   -0.0094706283   -0.0016215321
    0.0019106159   -0.0379082821    0.0015206514   -0.0515402868
    0.0018721559    0.0046167453   -0.0046694221    0.0000922881
   -0.0018450439   -0.0002271336   -0.0000270470   -0.0002335669
    0.0004846433    0.0012891143   -0.0004560971   -0.0002564627
    0.0095961434    0.0010896292   -0.0011396478   -0.0369291344
   -0.0850003843    0.0922271199   -0.0307031735    0.0172584790
   -0.0030695736   -0.0005233507   -0.0007463417    0.0017570406
   -0.0007532594    0.0004794792   -0.0000315375    0.0000141988
    0.0000006721   -0.0000232907   -0.0006282503   -0.0000514289
    0.0005814283    0.0034116412    0.0006829027    0.0016848728
    0.0001461125    0.0000376337   -0.0002418106    0.0012652416
    0.0006082317   -0.0010094699    0.0004298763   -0.0001025266
   -0.0002738745    0.0000263029   -0.0000624762    0.0000192489
    0.0004518944   -0.0000322219    0.0000144452    0.0039060811
    0.0001263716   -0.0016761132   -0.0014395656    0.0003040720
    0.0006993361    0.0003949929   -0.0003532704    0.0002342637
    0.0002407155   -0.0000729273    0.0000520121   -0.0006441876
    0.0002352398   -0.0000243441   -0.0009732154    0.0000742334
    0.0013082460    0.0003704241   -0.0003990722   -0.0005884245
   -0.0001566966    0.0005658820    0.0007162917    0.0004387518
   -0.0005104056   -0.0002118871    0.0009127591    0.0012312468
   -0.0004353899    0.0003264165   -0.0004844864   -0.0006389679
    0.0063683231    0.0002103309   -0.0108627628   -0.0031788498
    0.0011347920    0.0046027734    0.0038020377   -0.0111267441
    0.0243181338   -0.0297465174    0.0078325550    0.0115905948
    0.0009295291    0.0006397953   -0.0021943881    0.0001114958
    0.0001002518   -0.0000118623   -0.0069764658    0.0009114846
    0.0051074541   -0.0627281736    0.0602548474   -0.0212509817
   -0.2452493379    0.1266280671   -0.0233567873    0.0020961670
   -0.0006769716    0.0017166814   -0.0008460263    0.0000017938
    0.0011182200    0.0007200759   -0.0003015190    0.0001134735
    0.0017477219    0.0003385374   -0.0008156154   -0.0107857397
    0.0156084189   -0.0307031531    0.7389795089   -0.1234710781
   -0.1680365997   -0.0168521390    0.0179479627   -0.0179935564
    0.0000860329    0.0001739495   -0.0008064426    0.0000261213
    0.0000143942    0.0000443342   -0.0005562284   -0.0004315317
    0.0003500863   -0.1608054762    0.0441882561    0.0906514729
   -0.0140605518    0.0010975802    0.0105144849    0.0028504115
    0.0003144481    0.0041769001    0.0002915447   -0.0002594519
   -0.0000861957    0.0000117435    0.0000536315    0.0000046214
    0.0000470516    0.0000167115    0.0000018171   -0.0409716927
    0.0031946344    0.0297707753    0.0056256723   -0.0194744637
    0.0435627456   -0.0176723647    0.0003395378   -0.0050374102
   -0.0000412862    0.0000944034    0.0000167735    0.0044167598
    0.0170799934   -0.0133843617   -0.0126295078    0.0036632432
    0.0064338577    0.0021539319   -0.0030954468   -0.0018130693
    0.0066868735   -0.0062633221    0.0099410078    0.0008736180
   -0.0022144678    0.0007773984    0.0039837785    0.0045512982
   -0.0012753686    0.0007740502   -0.0018303901   -0.0014089718
    0.0011078571   -0.0101192593    0.0118342703    0.0033696347
    0.0004571307   -0.0096067672   -0.0222131625    0.0019570118
    0.0303156101    0.0282216518   -0.0075700941   -0.0306802334
    0.0028026932   -0.0038138357    0.0057276257    0.0001389462
    0.0008511264    0.0006934730    0.0076633607    0.0096257391
   -0.0134926271    0.0937664209   -0.1048503117    0.1229309990
    0.0998664003   -0.1047829508    0.0485556811    0.0016396014
    0.0043183248    0.0033961479    0.0009415810    0.0009072848
   -0.0030932842   -0.0073105467    0.0003943445    0.0071742529
   -0.0031054901   -0.0000583043    0.0002089042    0.0089448232
   -0.0047057101    0.0172584591   -0.1234712953    0.2401813577
   -0.2449966329    0.0248913585   -0.0217408183   -0.0002850486
    0.0024024254   -0.0023007064    0.0015852269    0.0000699356
    0.0000784006    0.0003488175    0.0017792279    0.0006852813
   -0.0046865248    0.0775024936   -0.0527967270   -0.0147602164
   -0.0038438731    0.0013485478   -0.0055283231    0.0027486797
    0.0036309326    0.0041233040   -0.0029263440    0.0008882278
    0.0016728213    0.0000123610    0.0004341976   -0.0000233177
   -0.0006000887    0.0001180512   -0.0000601695    0.0281779078
    0.0009166548   -0.0191294883   -0.0143454713    0.0013100546
    0.0288318583    0.0060098910   -0.0010070218    0.0007807471
   -0.0007764285    0.0004419180   -0.0002821530    0.0068462614
   -0.0009719606   -0.0014362636    0.0036972979   -0.0009676871
   -0.0046051803   -0.0007416105    0.0013545993    0.0005432539
    0.0009858878    0.0000678852    0.0006554673   -0.0005601489
    0.0015035184    0.0005487834   -0.0010302162   -0.0012063262
    0.0003556695   -0.0007305896   -0.0002950456    0.0006055868
   -0.0141131794    0.0122573146   -0.0151423332   -0.0034456358
   -0.0027582170    0.0107048439    0.0463442013    0.0218734190
   -0.0844222314   -0.0088919830   -0.0133322999    0.0355305127
   -0.0058296764    0.0070591351   -0.0071284208   -0.0002616709
   -0.0010540545   -0.0009635149   -0.0023985331   -0.0098086559
    0.0299727127   -0.0786825024    0.1057761774   -0.2695930341
   -0.0036885896    0.0457171386   -0.1206345643    0.0049922583
    0.0048825964   -0.0024607454   -0.0007150871   -0.0013425649
    0.0037063981    0.0139240449   -0.0005156990   -0.0141907504
    0.0022472504    0.0002576486   -0.0000701644   -0.0035871658
   -0.0007018938   -0.0030695928   -0.1680363431   -0.2449966615
    0.5955536859   -0.0195053798   -0.0008172605    0.0125514002
   -0.0041837844    0.0034169924   -0.0022052901   -0.0000762949
   -0.0000624812   -0.0004632634   -0.0030776713   -0.0028064290
    0.0076822087    0.1469961598    0.0051544961   -0.1955885048
    0.0225668189   -0.0078608672   -0.0090477415    0.0024638375
    0.0058465675   -0.0060290363    0.0051915680   -0.0018464989
   -0.0028241843   -0.0000038792   -0.0005741797    0.0000505177
    0.0008279879   -0.0000932259    0.0000945055   -0.0038564706
    0.0026156052    0.0038994762    0.0176652890    0.0329040302
   -0.0813057207    0.0115696738   -0.0018915098    0.0075779107
    0.0012153819   -0.0003361849    0.0004746600   -0.0115721896
   -0.0023460612    0.0223233004    0.0185661965   -0.0065607686
   -0.0092388379   -0.0023355466    0.0035638325    0.0023738456
   -0.0084689518    0.0056033353   -0.0163806695   -0.0008506595
    0.0018538147    0.0001216854   -0.0049532370   -0.0058554257
    0.0019002968   -0.0012983081    0.0016793349    0.0008331637
    0.0011144376    0.0027855823   -0.0022672204   -0.0017753272
    0.0012078361    0.0113162571   -0.0038060609    0.0007790536
   -0.0011345893   -0.0345995163    0.0304471627    0.0051366864
   -0.0013215523    0.0028261673   -0.0050061488   -0.0011497788
   -0.0037944443   -0.0015529343   -0.0019743162    0.0000854778
    0.0047847191   -0.0393439974   -0.0172114541    0.0034297628
    0.0325550160   -0.0167888327   -0.0047677532    0.0004348831
   -0.0181932945    0.0006093398   -0.0008984010   -0.0008302765
    0.0034145961    0.0019885926   -0.0005236955   -0.0021222587
    0.0058878909    0.0002402711    0.0001295863    0.0024973000
   -0.0003879663   -0.0005233693   -0.0168524616    0.0248910975
   -0.0195054540   -2.7439779206    1.9999166297    2.9102610822
   -0.0002451265    0.0014787615   -0.0025099750   -0.0002178489
   -0.0001747093   -0.0006377318   -0.0018009695   -0.0000817163
    0.0023183107    0.0099718824    0.0402979861   -0.0165558631
   -0.0204258156    0.0023921914    0.0139356561   -0.9822488231
    0.2437762350    0.1559881685   -0.0004195082   -0.0010364807
   -0.0008521519   -0.0000623002   -0.0010075196    0.0001246411
    0.0012596431   -0.0002308151    0.0002317521    0.0275432236
   -0.0017298253   -0.0114776542   -0.0038658405    0.0219445154
   -0.0402866320    0.0186067405   -0.0439099509    0.1128323958
    0.0018090317   -0.0006810639    0.0007984753   -0.0359212260
    0.0685012761    0.0548970061   -0.0337829718    0.0142241218
    0.0462306022    0.0230845840   -0.0226323122   -0.0382896489
   -0.0065250324    0.0066111846   -0.0023846938    0.0021194313
   -0.0034732525   -0.0004774303    0.0044645307    0.0050343013
   -0.0040055224    0.0011595229   -0.0032903025   -0.0041258823
    0.0012928681    0.0096872597   -0.0118703102   -0.0022577855
   -0.0008869127    0.0031184775    0.0054370857   -0.0024535592
   -0.0026162033   -0.0242974247   -0.0026787035    0.0511890227
   -0.0009830975    0.0010066893   -0.0026618988    0.0002872287
    0.0007421706    0.0001011680    0.0001587899   -0.0001496070
    0.0007602873    0.0165711378    0.0089442614    0.0083751994
   -0.0215341465   -0.1041501817    0.0952084370   -0.0030523085
    0.0076759067   -0.0036166465   -0.0005516418   -0.0000037109
    0.0007277141    0.0015051261   -0.0007809457   -0.0001076974
   -0.0014790545   -0.0001828235   -0.0003891914   -0.0020187780
    0.0000127148   -0.0007463424    0.0179481077   -0.0217406778
   -0.0008172151    1.9999031955    1.2258107113   -1.4687571055
   -0.0005665377    0.0005177124   -0.0002121696    0.0000334511
   -0.0000260414    0.0000794870    0.0003117247    0.0000417727
   -0.0000260082   -0.0066093600   -0.0171147473    0.0226081389
   -0.0720891765   -0.0631181066    0.0655966912    0.4919511604
   -0.1318042456   -0.0544160201    0.0009292700   -0.0001641112
    0.0002184764   -0.0000124630    0.0001696494   -0.0000768947
   -0.0002541409    0.0000213998   -0.0000846622   -0.0151320674
   -0.0006085478    0.0053943475   -0.0045686617   -0.0055176698
   -0.0035006348    0.0662066435    0.0227406251   -0.0183136450
   -0.0004121999    0.0000844631   -0.0002165998    0.0179656918
   -0.0321147203   -0.0151944070    0.0266610073   -0.0015333392
   -0.0175086752   -0.0140887215    0.0095753941    0.0113460226
   -0.0031545150   -0.0007381096   -0.0078896348   -0.0011320973
    0.0018620596   -0.0003367089   -0.0087861012   -0.0110927539
    0.0029182072   -0.0017382697    0.0019920925    0.0028513980
   -0.0011009491   -0.0121829922    0.0312409063    0.0090424688
    0.0016348447   -0.0190960666   -0.0052988580    0.0018493760
    0.0049197189    0.1078359637   -0.0210373877   -0.0839144323
    0.0022429123   -0.0065936877    0.0104464905    0.0000373478
    0.0017203328    0.0009534624    0.0017975053    0.0007863374
   -0.0070840752    0.0244701193    0.0171907346   -0.0151605563
   -0.1040830663    0.1345005570   -0.2685013561    0.0012467713
   -0.0076020267   -0.0045535298    0.0024065109    0.0010724596
   -0.0052828073   -0.0050004124    0.0016757015    0.0025639918
   -0.0044773529   -0.0005767155    0.0004053633    0.0007082161
   -0.0001981012    0.0017570814   -0.0179934313   -0.0002848906
    0.0125514677    2.9102461617   -1.4687590247    0.7290668735
    0.0011986555   -0.0021720769    0.0036752164    0.0000679752
    0.0000641199    0.0003917101    0.0016282612    0.0003729886
   -0.0025631422    0.0131402724   -0.0012866462   -0.0153825833
    0.0227741401    0.0193608306   -0.1499282426    0.2146689734
   -0.0033871957   -0.0970311101   -0.0010179826    0.0017366725
    0.0005714711   -0.0000029387    0.0006243125   -0.0000796587
   -0.0010292547    0.0001311570   -0.0001244653   -0.0047173048
   -0.0002830645    0.0013218146    0.0007084798   -0.0319534554
    0.0539225456   -0.1350934234    0.0321096420   -0.1013819241
   -0.0013301942    0.0004316748   -0.0005436223    0.0182974737
   -0.0217487740   -0.0400980718    0.0091230548   -0.0020186808
   -0.0247360038   -0.0075226042   -0.0112916875    0.0192250168
    0.0135039733   -0.0049996873    0.0191380686   -0.0008270688
   -0.0009129996    0.0003331597    0.0116079529    0.0147690775
   -0.0034887282    0.0011420633   -0.0021931023   -0.0020278382
    0.0055415161    0.0007992829   -0.0071887766   -0.0019880862
   -0.0027579985    0.0150848455    0.0022771494    0.0043633856
   -0.0095917965    0.0016097026   -0.0027041347    0.0027847091
    0.0096021001   -0.0063520571    0.0068150118   -0.0013983203
   -0.0002252767    0.0006027953   -0.0150532907   -0.0071291234
    0.0187965147   -0.0040663588   -0.0029320700    0.0064886226
    0.0027346384   -0.0001161589   -0.0027582804   -0.0002738925
    0.0004783478    0.0001482698    0.0566950229   -0.0429793747
   -0.0970300760    0.0097923146    0.0080250797   -0.0289881943
   -0.0013978591    0.0001699087   -0.0021257578   -0.0010348429
    0.0000743648   -0.0007533220    0.0000860990    0.0024023605
   -0.0041837502   -0.0002450805   -0.0005665811    0.0011985782
   -0.1763468374    0.2407728110    0.6879404909    0.0011736000
    0.0071862345   -0.0436758646   -0.0709688410   -0.0044857429
    0.0529992796   -0.0013326430   -0.0016956740    0.0036050789
    0.0024193172   -0.0002591692   -0.0018422242   -0.0011687800
   -0.0000381685    0.0004897113   -0.0937296713    0.1953929917
   -0.1361379350   -0.2455256315    0.1307875816    0.2022657428
    0.0047108115    0.0030334153    0.0027959056   -0.0018400194
    0.0002603043    0.0003777221    0.0004837664    0.0013394908
   -0.0030389593    0.0018373674    0.0002095782    0.0007707149
    0.0263749745   -0.0072514704    0.0044660518    0.0001721471
   -0.0007020141    0.0019465597    0.0033882264   -0.0007450121
   -0.0030363102   -0.0009049734    0.0011980627    0.0011572917
   -0.0007136114   -0.0007521759   -0.0029674273   -0.0007077663
    0.0011000115    0.0003538369   -0.0020774085   -0.0027233755
    0.0009133141   -0.0006484459    0.0010184526    0.0011921330
   -0.0068403024   -0.0004657473    0.0088017060    0.0046177043
    0.0090262620   -0.0155229842   -0.0004278000   -0.0038524806
    0.0079421726    0.0007454789    0.0020024620   -0.0048986069
   -0.0205494714   -0.0048357999    0.0261835731    0.0002564809
   -0.0004211206   -0.0006850868    0.0078993504    0.0043328185
   -0.0131536463    0.0024050273    0.0020902958   -0.0048746026
   -0.0034344966   -0.0000908411    0.0032537589    0.0001230391
   -0.0007237742   -0.0001384305    0.0020058164   -0.1199526733
    0.1967029644   -0.0036686092   -0.0132780760    0.0199865531
    0.0012899809   -0.0005575630    0.0010113023    0.0008079154
   -0.0000636617    0.0004794852    0.0001740158   -0.0023006787
    0.0034169383    0.0014788878    0.0005176779   -0.0021721262
    0.2407716667    0.3509487240   -0.5807929436   -0.0012119918
   -0.0033222527    0.0193268468    0.0358468883    0.0105961465
   -0.0439362809    0.0007704734    0.0014862967   -0.0027738333
   -0.0027238308    0.0001967933    0.0022008678    0.0012346006
   -0.0000263217   -0.0005072112    0.0299127575   -0.1452219004
    0.0841322835    0.0386606339   -0.0524483006   -0.0074821508
    0.0000402464    0.0069145400    0.0038979986    0.0016803099
   -0.0002447267   -0.0004555106   -0.0003231960   -0.0012768720
    0.0026978824   -0.0014258762   -0.0000941670   -0.0011811997
    0.0074966536   -0.0082576328    0.0017490038   -0.0003130157
    0.0007696232   -0.0015753764   -0.0043089000    0.0010653953
    0.0040191297    0.0009768106   -0.0014205630   -0.0012790611
    0.0006160672    0.0006336715    0.0027680531    0.0006867959
   -0.0010729919   -0.0003914197    0.0022440580    0.0029848826
   -0.0010017727    0.0006739319   -0.0010734515   -0.0012812290
    0.0090641052    0.0004577994   -0.0102603207   -0.0031576316
   -0.0075633953    0.0230170326   -0.0025688396    0.0037870875
   -0.0055885000   -0.0045380502   -0.0013716869    0.0083131599
    0.0394885931    0.0122536197   -0.0710432654    0.0009466522
   -0.0002154340   -0.0009150490    0.0028122563    0.0018571119
    0.0058500282    0.0002588443    0.0000568758    0.0024798126
    0.0038736578   -0.0000479784   -0.0039351468    0.0001173920
    0.0005175134   -0.0003182898   -0.2058373981    0.2551679313
   -0.3041041389   -0.0124539997    0.0097420206   -0.0152932440
   -0.0000122925   -0.0000908942    0.0002701604   -0.0000289933
   -0.0000551027   -0.0000314537   -0.0008065023    0.0015852584
   -0.0022053453   -0.0025100678   -0.0002121426    0.0036753192
    0.6879394758   -0.5807932792    0.3242606645   -0.0012076510
    0.0027432224    0.0108673520    0.0131854735   -0.0120974834
    0.0328584546    0.0002924827   -0.0004660717    0.0011849104
    0.0024215857   -0.0000735458   -0.0022094469   -0.0008392968
    0.0000176556    0.0001159096   -0.1149175100   -0.0393773660
   -0.0392636134    0.2024060507   -0.0891372076   -0.2347480294
    0.0047999775    0.0024654423   -0.0018043888   -0.0007531995
    0.0000459392    0.0002495832   -0.0001834714    0.0008710049
   -0.0015274567    0.0005647623   -0.0001330649    0.0015659749
   -0.0575096881    0.0208219505   -0.0101384425    0.0003826156
   -0.0006749931    0.0005753376    0.0041286926   -0.0011126760
   -0.0037963126   -0.0007215313    0.0011226958    0.0008519623
   -0.0003555509   -0.0000206182   -0.0013919841   -0.0003856086
    0.0005722328    0.0002417862   -0.0015428101   -0.0021055971
    0.0006558061   -0.0004281511    0.0006594755    0.0008143128
   -0.0000238749    0.0001189606   -0.0001631293    0.0000699494
    0.0004892107   -0.0018833164    0.0000932164   -0.0000429541
   -0.0000896085   -0.0000830538    0.0000213499   -0.0001427096
   -0.0154651736    0.0103301487   -0.0082494449    0.0003080548
    0.0005279823    0.0007081355   -0.0006776520    0.0001214800
   -0.0006286008    0.0000838748   -0.0000696030    0.0000205106
    0.0001172670    0.0000250683   -0.0000738279    0.0000062951
    0.0001568417    0.0001323628   -0.2653485976    0.1398893319
   -0.0215510602    0.0008422112    0.0003033975    0.0043180577
   -0.0012714713    0.0001556800    0.0003034655   -0.0000994818
   -0.0000011080    0.0000141580    0.0000262029    0.0000699370
   -0.0000762791   -0.0002177822    0.0000334269    0.0000679104
    0.0011734848   -0.0012119770   -0.0012075656    0.2392786173
   -0.0835593576    0.1018763358   -0.0000877216   -0.0006184874
    0.0001706485    0.0000274657   -0.0001035704    0.0000878210
    0.0002198200   -0.0000051920   -0.0001707102   -0.0001753415
   -0.0000035019    0.0001069599    0.0039269731    0.0033323892
    0.0002582035    0.0002587806   -0.0025440023    0.0001158394
   -0.0002694473   -0.0003740742   -0.0002963531   -0.0001621061
    0.0000187827    0.0000725648    0.0000502585    0.0000779095
   -0.0001725144    0.0000901456    0.0000267615    0.0000982502
   -0.0004472178    0.0002039433    0.0000305835    0.0000516372
   -0.0000579767    0.0001056982    0.0005065560   -0.0001258853
   -0.0005299585   -0.0001201296    0.0001874717    0.0001751512
   -0.0000283963   -0.0000935862   -0.0002763547   -0.0000709873
    0.0001053295    0.0000505460   -0.0002740565   -0.0003767930
    0.0001296716   -0.0000777440    0.0001264579    0.0001595918
    0.0002636581    0.0000074652   -0.0001450346   -0.0025354419
   -0.0001814974    0.0000348535   -0.0000709619   -0.0000137048
   -0.0000688997   -0.0002334790   -0.0000393077    0.0000663293
   -0.0029221048    0.0006110336   -0.0001986985    0.0003367478
    0.0005065680    0.0001489432    0.0003950661   -0.0001556699
   -0.0000711318    0.0000243676   -0.0000788409    0.0000484177
    0.0001264867    0.0000495453   -0.0000505140    0.0000263810
    0.0001477091    0.0000704125    0.1577971151   -0.1134422106
    0.0265008967    0.0005756320    0.0039359285    0.0016779393
   -0.0000567964    0.0003634292    0.0001482058   -0.0000587739
    0.0000098191    0.0000006909    0.0000143833    0.0000784025
   -0.0000625238   -0.0001747096   -0.0000260447    0.0000641431
    0.0071863172   -0.0033222732    0.0027431841   -0.0835594089
    0.1066235666   -0.0938804242   -0.0003983364   -0.0007372079
    0.0000364907    0.0000075662   -0.0000889727    0.0000488989
    0.0001408360    0.0000078965   -0.0001030412   -0.0000745232
    0.0000239210    0.0000609639    0.0009459140    0.0059364603
    0.0057029849   -0.0018285668   -0.0020373245   -0.0027963179
   -0.0005419545   -0.0008534318   -0.0005010870   -0.0000968323
    0.0000221042    0.0000465491    0.0000264395    0.0000580149
   -0.0001010208    0.0000321051   -0.0000044919    0.0000621254
    0.0009159927   -0.0003660259    0.0001604665    0.0000294185
   -0.0000501598    0.0000532031    0.0002973689   -0.0000892935
   -0.0003147784   -0.0000587421    0.0001109462    0.0000978579
   -0.0000172979   -0.0000479949   -0.0001540689   -0.0000401535
    0.0000677637    0.0000312988   -0.0001504347   -0.0002019880
    0.0000753728   -0.0000435319    0.0000758451    0.0000921828
    0.0006952123   -0.0003178856   -0.0000047044   -0.0035000603
   -0.0016794412   -0.0021523128    0.0002051322    0.0002164398
   -0.0006162313   -0.0009326094    0.0002041047    0.0003426164
    0.0126517053   -0.0096257886    0.0076111889    0.0025797335
    0.0050975055    0.0002326746    0.0010375671   -0.0005868280
    0.0003528892   -0.0001152447   -0.0003228397    0.0005237902
    0.0006971074   -0.0000193175   -0.0005292116   -0.0001250943
    0.0009714892    0.0002351459    0.0505979028   -0.0097144911
   -0.0735188787    0.0018441578    0.0020045512   -0.0016470751
   -0.0000656649    0.0000979937    0.0001524672   -0.0001230431
   -0.0000081908   -0.0000232885    0.0000443732    0.0003488410
   -0.0004632858   -0.0006376764    0.0000794628    0.0003916917
   -0.0436758626    0.0193268379    0.0108673912    0.1018763696
   -0.0938803743    0.0190947695    0.0005675235   -0.0008727527
    0.0000980576   -0.0002247769   -0.0003312438    0.0004992795
    0.0007044647   -0.0000469947   -0.0005487418   -0.0006079956
   -0.0000154872    0.0002562219    0.0049619957    0.0027771523
   -0.0018036572   -0.0013242570   -0.0005111877    0.0019625374
   -0.0013203314   -0.0003672974   -0.0000180662   -0.0003471412
    0.0000339472    0.0001317620    0.0001383895    0.0002585139
   -0.0005917528    0.0003930600    0.0000846169    0.0002821560
   -0.0044570826    0.0020636234   -0.0013092462    0.0000589344
   -0.0001076952    0.0003854500    0.0011755584   -0.0002714829
   -0.0011897156   -0.0003299923    0.0005190519    0.0004499701
   -0.0001339856   -0.0002168861   -0.0007290921   -0.0001569921
    0.0002382787    0.0001029353   -0.0006533557   -0.0009190724
    0.0002979393   -0.0001733086    0.0002810924    0.0003534952
    0.0041273956   -0.0007202480   -0.0035147138   -0.0070097649
    0.0041021003    0.0092218516   -0.0029685813    0.0065613125
   -0.0023826562   -0.0014330942   -0.0003252701    0.0017877718
    0.0064704526    0.0121726859   -0.0308495729   -0.0006308246
    0.0014748881   -0.0008365258    0.0094319897   -0.0213726142
    0.0416553625   -0.0013874374   -0.0027432002    0.0049669581
    0.0025034015   -0.0003646837   -0.0016572148   -0.0002134694
    0.0006960494    0.0002450164    0.0073654648   -0.0139064078
    0.0168741685   -0.0875990078    0.0530835838   -0.0609903359
   -0.0127818782   -0.0016254433   -0.0051176487   -0.0016204142
    0.0000053811   -0.0006282247   -0.0005562612    0.0017792664
   -0.0030776987   -0.0018008285    0.0003116644    0.0016281968
   -0.0709688086    0.0358469400    0.0131855255   -0.0000877709
   -0.0003983247    0.0005674713    0.5501581096   -0.2852967421
   -0.1108077987   -0.0004335248   -0.0013946274    0.0024710428
    0.0023112165   -0.0002524128   -0.0016838319   -0.0011015983
   -0.0000453130    0.0004749244   -0.2105033078    0.0482657695
    0.1989307746   -0.0016714344    0.0036057710    0.0006392904
   -0.2284770853    0.1181910471   -0.0257355446   -0.0019560310
    0.0002241527    0.0005367540    0.0002709466    0.0011520500
   -0.0023283420    0.0005207684    0.0000859734    0.0010415685
    0.0035633463    0.0025896402   -0.0123078136    0.0003682415
   -0.0005846905    0.0013701975    0.0038057333   -0.0009545070
   -0.0035211208   -0.0008057484    0.0011096672    0.0010457412
   -0.0004847041   -0.0005880682   -0.0023458705   -0.0006771064
    0.0010175239    0.0003682922   -0.0019110967   -0.0025294517
    0.0008471640   -0.0006107962    0.0009523491    0.0011313790
    0.0030760406   -0.0013834293   -0.0017295046    0.0011669778
    0.0031787751    0.0059157726    0.0022138926    0.0092843978
   -0.0065694346   -0.0004784926   -0.0004468921    0.0008694831
    0.0157371571   -0.0128953641    0.0091114668   -0.0003581389
   -0.0007154166    0.0002327162   -0.0126150255    0.0006788831
    0.0216176504   -0.0032578967   -0.0009417713    0.0041081224
    0.0010797997   -0.0003809710   -0.0003015580   -0.0000089249
   -0.0001038791   -0.0002279327    0.0073728056   -0.0087462161
    0.0039850812    0.0376226098   -0.1129467934    0.0966752511
    0.0075270701   -0.0015757647   -0.0025669525    0.0003628141
    0.0001085186   -0.0000514139   -0.0004315129    0.0006852648
   -0.0028064402   -0.0000815349    0.0000416656    0.0003729009
   -0.0044857405    0.0105961273   -0.0120974316   -0.0006185200
   -0.0007371672   -0.0008727239   -0.2852965149    0.2611710724
   -0.1235309761   -0.0010522629   -0.0003064872    0.0014536870
    0.0004327155   -0.0001545118   -0.0001445497    0.0000153105
    0.0000144985   -0.0000979496    0.1007234027   -0.0441196078
   -0.0309088400    0.0052164771    0.0019663177    0.0017138625
    0.0744282236   -0.0981103373    0.0270910768    0.0001501770
   -0.0000243639   -0.0001658962   -0.0000604226    0.0004917466
   -0.0007422319    0.0000067712   -0.0000393687    0.0000607776
   -0.0010892625   -0.0037804373    0.0164011934   -0.0002627379
    0.0000569649    0.0004537252   -0.0002134314    0.0000384806
    0.0004230064    0.0000340683   -0.0000667666   -0.0000784721
   -0.0002205933    0.0001066018   -0.0001445158    0.0000396444
   -0.0000400190   -0.0000532681    0.0001348347    0.0001826022
   -0.0000726766    0.0000458339   -0.0000678716   -0.0001063066
   -0.0101327353    0.0018690744    0.0058328225    0.0032718829
    0.0058246781   -0.0115283746    0.0043297543   -0.0097877744
    0.0237517010    0.0028049064    0.0005055770   -0.0047232365
   -0.0333332357    0.0113538867    0.0141649353    0.0006032859
    0.0005943090    0.0011628725    0.0147551709    0.0151654575
   -0.0698235474    0.0072673949    0.0041044190   -0.0127359400
   -0.0045532516    0.0008972542    0.0024686595    0.0001617397
   -0.0007393508    0.0002633610    0.0020117309    0.0163998601
   -0.0355087528   -0.0180524564    0.0967685803   -0.2336411253
   -0.0104113105   -0.0019666868    0.0028811977    0.0004489756
   -0.0000063718    0.0005814294    0.0003501106   -0.0046865297
    0.0076821586    0.0023184259   -0.0000260626   -0.0025632098
    0.0529993339   -0.0439363456    0.0328584009    0.0001706503
    0.0000364548    0.0000980359   -0.1108080115   -0.1235310307
    0.6564250259    0.0022931811    0.0018736383   -0.0049069047
   -0.0030668312    0.0004295495    0.0020338462    0.0010510455
   -0.0000780850   -0.0002546807    0.1154745828    0.0118336509
   -0.2581734235   -0.0029602281    0.0029259165    0.0011249360
   -0.0049364521    0.0306297333   -0.0575279252    0.0012102311
   -0.0002154744   -0.0001910441    0.0000475549   -0.0018175046
    0.0036458635   -0.0005908372    0.0000445269   -0.0012818297
    0.0058750602    0.0018070991   -0.0230749278    0.0001283424
    0.0006249130   -0.0019795538   -0.0036240692    0.0010012100
    0.0029915049    0.0007322886   -0.0010820127   -0.0009044160
    0.0008283901    0.0001480287    0.0023464870    0.0005021823
   -0.0008223346   -0.0002447875    0.0015940115    0.0021238951
   -0.0006888150    0.0004777293   -0.0007529491   -0.0008616575
   -0.0004062083   -0.0002814716   -0.0001892201   -0.0005060634
   -0.0021003769    0.0014482400    0.0049352399    0.0076511735
   -0.0168864165   -0.0574689455    0.0279301763    0.0243918435
   -0.0005013770    0.0010865093   -0.0011612425    0.0001102708
   -0.0006113521   -0.0006406099   -0.0033719695   -0.0053145613
    0.0096267023    0.0091616582   -0.0238170214   -0.0044415776
   -0.0100859326   -0.0052378803    0.0167998639   -0.0034185237
    0.0056072305   -0.0003202004   -0.0002319114   -0.0002949824
    0.0009608205    0.0030201196    0.0005492152   -0.0048573064
   -0.0041007992    0.0000971432   -0.0004095099   -0.0140231666
   -0.0041664475    0.0034118294   -0.1608056883    0.0775025531
    0.1469961754    0.0099718834   -0.0066093086    0.0131403344
   -0.0013326219    0.0007702751    0.0002924123    0.0000275407
    0.0000074509   -0.0002246874   -0.0004336098   -0.0010522857
    0.0022931096   -2.3879467193   -1.4918749507    1.2889414717
    0.0284255843    0.0024400104   -0.0401392630   -0.0057491250
    0.0001722727    0.0008723211    0.0022622730    0.0002198038
   -0.0011458712   -0.0000368265    0.0001087304   -0.0000941119
   -0.0005963333    0.0000872304   -0.0000939660   -0.3927676263
    0.1063332594    0.0618014541    0.1187609070    0.0697051014
   -0.2632878510   -0.1186040985    0.0011748708    0.0180931162
   -0.0004123006    0.0001217476   -0.0001510500    0.0109273058
   -0.0480414137    0.0752958881   -0.0156453214    0.0092234260
    0.0114929772   -0.0038516365    0.0024620628    0.0030083508
   -0.0110186280    0.0118858201    0.0045130248   -0.0025343682
    0.0146690986   -0.0113891018   -0.0042045677   -0.0060847704
    0.0019662964   -0.0026960309    0.0022545797    0.0029070502
   -0.0014762255    0.0011085234   -0.0030634114    0.0001113773
   -0.0017701690    0.0028491934    0.0069096097    0.0033253365
   -0.0026768662   -0.0140456274    0.0086142009    0.0141535393
   -0.0014618338    0.0020038233   -0.0021975833   -0.0004329285
   -0.0012494522   -0.0005708217   -0.0044314550   -0.0005138537
    0.0054805344   -0.0329206625   -0.0032875151    0.0131406363
    0.0130254853   -0.0045819523   -0.0153250189   -0.0001299708
   -0.0001591710   -0.0015003233   -0.0000564562   -0.0005891012
    0.0016382946    0.0027899197   -0.0009053965   -0.0029077344
    0.0039941564   -0.0000363917   -0.0000892541    0.0049149016
   -0.0019168047    0.0006829621    0.0441881311   -0.0527967334
    0.0051544809    0.0402980318   -0.0171147719   -0.0012866898
   -0.0016957058    0.0014862476   -0.0004661391   -0.0001035224
   -0.0000890278   -0.0003312143   -0.0013946414   -0.0003064797
    0.0018735572   -1.4918645665    1.1494816649    0.2215947434
    0.0283019580   -0.0183392585   -0.0055575509    0.0088514755
   -0.0016614288   -0.0040330436    0.0012326273   -0.0001877317
   -0.0010919287   -0.0000290257   -0.0005029986    0.0000314894
    0.0006452220   -0.0001563005    0.0001174887   -0.0557228750
   -0.1032299306    0.1295686222    0.0969183495   -0.1292119041
    0.0773896910   -0.0274060019   -0.0005245572    0.0121064751
    0.0009074408   -0.0003904526    0.0003868851   -0.0220511222
   -0.0027750345    0.0350940769    0.0028315055    0.0002493504
    0.0051092893    0.0004662057   -0.0021930901   -0.0009546890
   -0.0066551139    0.0131335943   -0.0031052529    0.0054097838
   -0.0117317326   -0.0079048995    0.0013828452    0.0016069968
   -0.0011802636    0.0009172348   -0.0020907693   -0.0037162691
    0.0066028647   -0.0081906143    0.0096199352    0.0005656945
    0.0042043219   -0.0062009464   -0.0217608973    0.0012441418
    0.0255550994    0.0230208272   -0.0005685032   -0.0227446437
    0.0040339069   -0.0049886031    0.0048830050    0.0002290071
    0.0013533745    0.0009917084    0.0070835354    0.0058002271
   -0.0168793739    0.0625819643    0.0420771917   -0.0720067182
    0.0041296229   -0.0174809668    0.0263785535   -0.0004089153
   -0.0022720756    0.0014668892    0.0003702500    0.0012577432
   -0.0029157479   -0.0090239113    0.0005726849    0.0078871870
   -0.0043480612   -0.0005801309    0.0002476689   -0.0002873507
   -0.0025385773    0.0016848123    0.0906516103   -0.0147601878
   -0.1955885107   -0.0165556907    0.0226080560   -0.0153826804
    0.0036051393   -0.0027738017    0.0011849145    0.0000877802
    0.0000489453    0.0004992334    0.0024709999    0.0014536599
   -0.0049068383    1.2889304820    0.2215945630    1.4495301565
   -0.0562473015    0.0093798736    0.0282484629   -0.0036375052
   -0.0004451912    0.0007495646   -0.0035861522    0.0010615316
    0.0022380326   -0.0000016087    0.0005470332   -0.0000504036
   -0.0008092886    0.0001011370   -0.0001384148    0.0943141620
    0.0447685076   -0.1145066934   -0.0740074253    0.1211807582
   -0.2458432133    0.0176611027    0.0081128238   -0.0225711595
   -0.0011819746    0.0003902501   -0.0005011655    0.0125461001
    0.0804124970   -0.0573443540   -0.0319996037    0.0127588253
    0.0142321539    0.0017346526   -0.0020134806   -0.0003456474
    0.0225133477   -0.0254833350    0.0164152175   -0.0071195224
    0.0016024380    0.0088983493    0.0040729423    0.0036003902
   -0.0013724040    0.0007592069   -0.0010181404    0.0003336436
    0.0023225412   -0.0079872316    0.0152756797    0.0023051825
    0.0026264209   -0.0114403672   -0.0069773137    0.0004884092
    0.0092318351    0.0161113761    0.0041390848   -0.0242952019
    0.0028161684   -0.0051474635    0.0069607125    0.0009556104
    0.0025922867    0.0013250836    0.0043828548    0.0011146360
   -0.0077040212    0.0107505209    0.0082339202   -0.0182668566
   -0.0087454591   -0.0129123113    0.0407535440   -0.0021008382
    0.0051039944    0.0027195657    0.0010433129    0.0013394156
   -0.0042241716   -0.0055500493    0.0012269214    0.0039071030
   -0.0053620417   -0.0002231596   -0.0000835500   -0.0020192596
   -0.0003817341    0.0001460924   -0.0140605194   -0.0038437766
    0.0225668127   -0.0204258039   -0.0720893309    0.0227739417
    0.0024192631   -0.0027238412    0.0024216269    0.0002197509
    0.0001408467    0.0007044266    0.0023112467    0.0004327369
   -0.0030668486    0.0284256293    0.0283020506   -0.0562473473
    0.9086789152   -0.2419554170   -0.4509373665    0.0172872930
   -0.0035152277    0.0151009455   -0.0014703161    0.0012568277
    0.0015586529    0.0000452040    0.0010222991   -0.0001222184
   -0.0012552375    0.0002314228   -0.0002739057    0.0010995239
    0.0025299674    0.0026178469   -0.2514663834    0.1041472898
    0.0154811109    0.2556377587    0.0460895835   -0.0809393306
   -0.0019440324    0.0007115696   -0.0008779591   -0.0172046085
   -0.0167997232   -0.0120703327   -0.0466473267    0.0068979460
    0.0631652270    0.0017542901    0.0075847823   -0.0406910955
    0.0009978895   -0.0071135920   -0.0165768972   -0.0030091564
    0.0041367739    0.0047883325   -0.0149545258   -0.0118301901
    0.0131628423    0.0007071554   -0.0000254817   -0.0001803523
   -0.0000237368    0.0002117950    0.0008433437   -0.0002752950
   -0.0008289775    0.0001709788    0.0010312833    0.0011386864
   -0.0016907906    0.0016169539    0.0017981061    0.0033603739
   -0.0001192159    0.0001467840   -0.0002496745   -0.0000148008
   -0.0000659725   -0.0000462102   -0.0009686423   -0.0007923663
    0.0011284293   -0.0024158255   -0.0025110989    0.0021237677
   -0.0107246410    0.0037719996    0.0213783702    0.0006070795
   -0.0003858427   -0.0005018967    0.0000043480   -0.0000215946
    0.0002946308    0.0004930938    0.0000874785   -0.0007604452
    0.0002341153    0.0001003833    0.0000557262    0.0000408131
    0.0000518635    0.0000376364    0.0010975878    0.0013485560
   -0.0078608486    0.0023922052   -0.0631181087    0.0193608400
   -0.0002591198    0.0001967622   -0.0000735345   -0.0000052225
    0.0000079149   -0.0000470067   -0.0002524202   -0.0001545044
    0.0004295794    0.0024400391   -0.0183392653    0.0093798687
   -0.2419552737    0.0312198608   -0.1873573374    0.0082957288
    0.0009976383   -0.0104416325    0.0002700102   -0.0000377678
   -0.0002562248   -0.0000029566   -0.0000552689    0.0000062022
    0.0000549332    0.0000011843    0.0000198869    0.0065053408
    0.0045217307    0.0036493911    0.1547132507   -0.1128709062
    0.0287446760   -0.1204629922   -0.1171687903    0.1172838721
    0.0001047354   -0.0000185478    0.0000544614   -0.0010350207
    0.0175641080   -0.0065428788   -0.0264084812   -0.0030049730
    0.0111826071   -0.0021124959   -0.0043488973    0.0229173156
    0.0081827097   -0.0130160690    0.0091428327    0.0015847325
    0.0027186712    0.0020115039    0.0130622312    0.0186342388
    0.0010778337    0.0009720012   -0.0018322057   -0.0014947737
   -0.0014249222    0.0089002917   -0.0168751522   -0.0030166557
   -0.0029638291    0.0099945048    0.0058003330   -0.0015038205
   -0.0048736590   -0.0169982942   -0.0000422836    0.0232869743
   -0.0025484989    0.0046152585   -0.0064360534   -0.0006615631
   -0.0018852911   -0.0009937483   -0.0025440246   -0.0001096170
    0.0048381183   -0.0064544420   -0.0047819010    0.0124786464
    0.0384677079    0.0250115198   -0.0815905963    0.0012132729
   -0.0023058589   -0.0011981839   -0.0009625839   -0.0010233026
    0.0036199386    0.0043814934   -0.0014644390   -0.0022326597
    0.0046100250    0.0002812999    0.0000765829    0.0017723997
    0.0003438871   -0.0002417975    0.0105144203   -0.0055284125
   -0.0090477711    0.0139357130    0.0655967350   -0.1499281382
   -0.0018422476    0.0022008670   -0.0022094184   -0.0001706923
   -0.0001030274   -0.0005486971   -0.0016838544   -0.0001445841
    0.0020338136   -0.0401393525   -0.0055576025    0.0282484763
   -0.4509365201   -0.1873573272    0.5896659601   -0.0272273515
    0.0066894184    0.0087087826    0.0009147805   -0.0011933660
   -0.0009737647   -0.0000362990   -0.0008382757    0.0000983568
    0.0010708769   -0.0001851130    0.0002275589   -0.0060397313
    0.0062730901   -0.0021368609   -0.0632856867    0.0677520264
   -0.1086638206    0.0418750870    0.0999931707   -0.2361063742
    0.0016204974   -0.0005747003    0.0007286242    0.0159623178
   -0.0351235006    0.0189106855    0.0848005828   -0.0165617925
   -0.0867269281    0.0026282808   -0.0009336392   -0.0053955499
   -0.0216730600    0.0256341466   -0.0092365062    0.0055580721
    0.0018312882   -0.0035698959   -0.0015153871   -0.0025166922
   -0.0023043454   -0.0030417623    0.0037420157    0.0034941567
   -0.0046571094    0.0025174756   -0.0003841478    0.0022252512
   -0.0029617672    0.0032597815    0.0010729581   -0.0004484349
   -0.0013003623    0.0241528066   -0.0110413451   -0.0095964451
   -0.0016189582    0.0021141639   -0.0019262503   -0.0010823715
   -0.0026568684   -0.0014855459   -0.0014307061    0.0004796324
    0.0015143993   -0.0073680063   -0.0018772918   -0.0001695964
    0.0188588866   -0.0137632710    0.0177917110    0.0051205779
   -0.0131082773   -0.0067908396    0.0000547706   -0.0007788654
    0.0017239343    0.0019240416   -0.0005978592   -0.0010973012
    0.0028753638    0.0001039067    0.0004199641    0.0022395140
    0.0000808772    0.0012652703    0.0028502895    0.0027486486
    0.0024638087   -0.9822496419    0.4919519159    0.2146695582
   -0.0011686970    0.0012344957   -0.0008393519   -0.0001753112
   -0.0000745735   -0.0006080443   -0.0011016593    0.0000152849
    0.0010510296   -0.0057490376    0.0088514938   -0.0036375723
    0.0172873366    0.0082957354   -0.0272274040   -3.3766566174
    0.6984898755    1.2492571434    0.0002155123   -0.0005337748
   -0.0007855413   -0.0000546357   -0.0006636891    0.0000696293
    0.0006804175   -0.0001307788    0.0001971801    0.0133602255
   -0.0006221465   -0.0060781355    0.0080217877    0.0021483762
   -0.0028181270   -0.0067569525   -0.0155162388    0.0091533322
    0.0012041409   -0.0004254465    0.0005875359   -0.0069617097
    0.0078823950    0.0047632850   -0.0178449101    0.0036083425
    0.0194535423    0.0152135513   -0.0245803847   -0.0141289965
    0.0001127839    0.0032643906    0.0063194298    0.0019023034
   -0.0023619695   -0.0013039261    0.0086547239    0.0137378297
   -0.0028362029    0.0014627972   -0.0024804789   -0.0036324710
    0.0003480549   -0.0000189756    0.0005518102    0.0001171774
   -0.0001855708   -0.0004712371   -0.0002129819    0.0000764678
    0.0001761216    0.0027820116   -0.0050620441   -0.0063234638
    0.0000564419   -0.0000215096    0.0002201573   -0.0000156039
    0.0001800257    0.0001573894   -0.0001454156   -0.0000547423
   -0.0004315418    0.0014118456    0.0001208916   -0.0010618973
    0.0169697663   -0.0068930467    0.0007328107    0.0003059482
    0.0016113588    0.0011913229    0.0000752771   -0.0000636412
   -0.0000634814   -0.0000892338    0.0000590924    0.0001122367
    0.0001487086    0.0000448703    0.0001308459    0.0006507617
    0.0003287858    0.0006082246    0.0003144637    0.0036309523
    0.0058465634    0.2437757420   -0.1318041493   -0.0033870860
   -0.0000381894   -0.0000263072    0.0000177131   -0.0000035375
    0.0000239481   -0.0000154917   -0.0000452671    0.0000145298
   -0.0000780718    0.0001723306   -0.0016613923   -0.0004452233
   -0.0035151882    0.0009976354    0.0066893755    0.6984790032
    1.5901061237   -0.2392105841   -0.0001040563   -0.0000053201
   -0.0000569780    0.0000089057   -0.0000243515    0.0000244141
    0.0000413287    0.0000008106    0.0000271674   -0.0007530054
   -0.0008845936   -0.0002526619    0.0016345635    0.0057997812
    0.0032515577   -0.0128094876   -0.0045954746   -0.0025975319
    0.0000957471   -0.0000098451    0.0000585470    0.0009595452
   -0.0028775736   -0.0020981284    0.0042296435   -0.0033042654
   -0.0053238402    0.0010856229   -0.0000056821    0.0009974715
    0.0002984972    0.0001233457    0.0009326029    0.0003333591
    0.0004516392    0.0000849583    0.0008950919    0.0017288265
    0.0001901314    0.0000651588    0.0001213632   -0.0000644269
    0.0016374058    0.0000767427   -0.0012517163   -0.0014745693
    0.0007203143   -0.0002403449    0.0001915301   -0.0000739478
   -0.0000068761   -0.0227799031    0.0034903684    0.0153015326
    0.0005368360   -0.0004126629    0.0001249652    0.0006049337
    0.0010221126    0.0003878449    0.0005961584   -0.0005203196
    0.0000902014    0.0011032484    0.0004087515    0.0018083939
   -0.0390022972    0.0243791055   -0.0085545465   -0.0001621064
    0.0055357847    0.0004587938   -0.0002776489    0.0002978541
   -0.0004376228   -0.0004091629    0.0001601131    0.0002742071
   -0.0013545124    0.0000874076   -0.0003163270   -0.0015292095
    0.0004908509   -0.0010094720    0.0041768811    0.0041232947
   -0.0060290464    0.1559880009   -0.0544159780   -0.0970311801
    0.0004896925   -0.0005071939    0.0001159186    0.0001069550
    0.0000609723    0.0002562362    0.0004749238   -0.0000979522
   -0.0002547008    0.0008722902   -0.0040330571    0.0007495649
    0.0151009461   -0.0104416303    0.0087087816    1.2492435225
   -0.2392106458    1.3981529681    0.0000699305    0.0000561945
    0.0003997111    0.0000351366    0.0003635835   -0.0000427634
   -0.0003236506    0.0000808188   -0.0001117422   -0.0053719119
   -0.0003397144    0.0023758868    0.0004211645    0.0038050804
   -0.0005410505    0.0315019922    0.0040806567   -0.0026768537
   -0.0006066443    0.0002382407   -0.0003025661    0.0007945807
   -0.0006717851    0.0018689152   -0.0029958925    0.0013015203
    0.0019129726   -0.0055506093    0.0164012725    0.0058753559
   -0.0014443066   -0.0020104112   -0.0051719722   -0.0002944378
    0.0008817238    0.0005493291   -0.0041327225   -0.0067079986
    0.0013257168   -0.0003500800    0.0009144006    0.0014260250
   -0.0071539413    0.0001136752    0.0075890902   -0.0019668012
    0.0111650623   -0.0112904494    0.0013403157   -0.0071809943
    0.0141021105   -0.0017224194    0.0030326612   -0.0035617347
   -0.0231926482   -0.0041978732    0.0238653665    0.0003417631
    0.0009184850    0.0005329531    0.0140358796    0.0083809093
   -0.0291578475    0.0062377066    0.0028079752   -0.0084994309
   -0.0029717796    0.0003166769    0.0023055973   -0.0000417492
    0.0000351799    0.0003938222   -0.0170038622    0.0411303729
   -0.0569528956    0.0015489271   -0.0319643809    0.0623703286
   -0.0019497709   -0.0011336501    0.0021467281   -0.0001536184
   -0.0001491924    0.0004298966    0.0002914323   -0.0029264666
    0.0051916772   -0.0004195619    0.0009292557   -0.0010180290
   -0.0937295323    0.0299126325   -0.1149176888    0.0039270559
    0.0009458103    0.0049619922   -0.2105033154    0.1007234127
    0.1154744621    0.0022620108    0.0012325820   -0.0035861323
   -0.0014703190    0.0002699553    0.0009147954    0.0002153621
   -0.0001040705    0.0000699657    0.0355194440   -0.4874444944
    0.1497026817   -0.0081286686   -0.0011802869   -0.0115484719
   -0.0172280510    0.0011989379    0.0187431970    0.0002086193
   -0.0001397265    0.0002033799    0.0000308728   -0.0011418822
    0.0022543411   -0.0011421203    0.0000418214   -0.0002690133
   -0.1443171861    0.0430488823   -0.0225370970    0.0004370974
    0.0002414724   -0.0014080985   -0.0002972843    0.0000854241
   -0.0001961771    0.0001732186   -0.0002536422   -0.0001721632
    0.0006580925   -0.0000299405    0.0011360705    0.0001138096
   -0.0002731947    0.0000086775    0.0002722568    0.0003190627
   -0.0000966370    0.0000771599   -0.0001376910   -0.0000933687
    0.0039826307    0.0003439156   -0.0045167807   -0.0036462823
   -0.0008297476    0.0119524649   -0.0001170673    0.0025342067
   -0.0045474660   -0.0019707741   -0.0005214098    0.0038945205
    0.0070746772   -0.0019307121   -0.0161227727    0.0000458475
    0.0001693057   -0.0009812973   -0.0022997139    0.0013279078
    0.0101557699   -0.0004920991   -0.0004085281    0.0024677160
    0.0017673852   -0.0000433399   -0.0019316471    0.0000199805
    0.0004036046   -0.0002631025    0.0025020085   -0.0164137373
    0.0372003842   -0.0115416306    0.0042996561    0.0005822234
    0.0005507921   -0.0005994815   -0.0001332188    0.0000247600
   -0.0000296902   -0.0001025550   -0.0002594624    0.0008881592
   -0.0018464244   -0.0010364993   -0.0001641126    0.0017366224
    0.1953928950   -0.1452219185   -0.0393773514    0.0033324664
    0.0059364032    0.0027771827    0.0482657614   -0.0441196015
    0.0118335819    0.0002196005   -0.0001877977    0.0010615652
    0.0012568639   -0.0000377764   -0.0011933794   -0.0005338811
   -0.0000052915    0.0000562168   -0.4874434174    0.3178435917
   -0.0474190614   -0.0016912638   -0.0059807757   -0.0019446912
    0.0246262210    0.0005167851   -0.0106319322   -0.0004117376
    0.0000119593    0.0000881066   -0.0000749248    0.0005443313
   -0.0010386273    0.0006230066   -0.0000271226    0.0008339587
   -0.0617806613   -0.0671968203    0.1211793346    0.0001930162
   -0.0005300647    0.0004080550    0.0022969303   -0.0005952718
   -0.0020659905   -0.0004312539    0.0006517717    0.0004821023
   -0.0002369935    0.0000382405   -0.0008481649   -0.0002138801
    0.0003179270    0.0001184123   -0.0008613554   -0.0011752947
    0.0003497368   -0.0002299049    0.0003512680    0.0004278070
    0.0024427131   -0.0006319123   -0.0010933513    0.0025287716
   -0.0043756191   -0.0025188627    0.0006918458    0.0037089702
   -0.0077087157    0.0003021536   -0.0002469972    0.0001048890
    0.0067554579   -0.0035204360   -0.0015775254    0.0001527538
   -0.0000569892    0.0005957086   -0.0075954972   -0.0006968551
    0.0119436643   -0.0028806068   -0.0020513833    0.0042017024
    0.0016269956   -0.0004234085   -0.0007946728   -0.0002324572
    0.0003347516    0.0003470333   -0.0179542575    0.0050203834
    0.0046346024    0.0177709173    0.0172417335   -0.0566507166
   -0.0016686157    0.0000752762   -0.0002051158   -0.0006478015
    0.0000136409   -0.0002738525   -0.0000861598    0.0016729131
   -0.0028242555   -0.0008521973    0.0002185461    0.0005715287
   -0.1361379378    0.0841323237   -0.0392635800    0.0002581093
    0.0057030581   -0.0018036834    0.1989307732   -0.0309088645
   -0.2581733473   -0.0011457352   -0.0010919101    0.0022380202
    0.0015586417   -0.0002562079   -0.0009737709   -0.0007854323
   -0.0000569697    0.0003996825    0.1497016668   -0.0474191003
    0.6645981879    0.0191100711   -0.0006450586    0.0057652555
   -0.0213051843    0.0024014900    0.0058649707   -0.0011360852
    0.0001297139    0.0003007416    0.0002605279    0.0008570996
   -0.0018786872    0.0004412956    0.0001533587    0.0004715910
    0.1141342537    0.1036884212   -0.2383727900    0.0000676257
   -0.0001842301    0.0012280990    0.0022423529   -0.0005096723
   -0.0020797284   -0.0005616578    0.0007250665    0.0007633417
   -0.0003980234   -0.0005404715   -0.0018380433   -0.0004521632
    0.0006676066    0.0002479487   -0.0013648853   -0.0018162576
    0.0006230777   -0.0004340028    0.0006795738    0.0008190936
   -0.0001473048   -0.0003701620   -0.0002023869   -0.0001708637
    0.0000541690   -0.0000024698    0.0000620435    0.0000448892
    0.0000236110   -0.0000872494   -0.0000259764   -0.0000398644
    0.0025933373    0.0039515996    0.0010887745    0.0001972319
    0.0003206002    0.0000804144   -0.0004490919   -0.0002990948
   -0.0002237135   -0.0000225275    0.0000080025   -0.0000005479
    0.0000679910    0.0000725543    0.0000115686    0.0000023990
    0.0000962943    0.0000350118    0.0099214806   -0.0027575700
   -0.0084897890    0.0002751016   -0.0001809941   -0.0005490977
    0.0003940424    0.0000179850    0.0001606716    0.0000396783
    0.0000063299    0.0000262728    0.0000117505    0.0000123355
   -0.0000038306   -0.0000623186   -0.0000124653   -0.0000029384
   -0.2455255427    0.0386605991    0.2024059709    0.0002588030
   -0.0018285670   -0.0013242432   -0.0016713857    0.0052165025
   -0.0029602455   -0.0000369560   -0.0000290514   -0.0000015987
    0.0000452347   -0.0000029681   -0.0000362803   -0.0000546811
    0.0000089338    0.0000351396   -0.0081287830   -0.0016912649
    0.0191100652    0.1619284862    0.1792155620    0.0516383014
   -0.0016535938   -0.0000593523    0.0012623186    0.0000185348
    0.0000042055    0.0000065638    0.0000121242    0.0000162753
   -0.0000226879    0.0000378702    0.0000051047    0.0000110764
    0.0035777398   -0.0022468829    0.0013270783   -0.0000075208
   -0.0000019046    0.0000174097    0.0000874234   -0.0000256854
   -0.0001067156   -0.0000282666    0.0000600180    0.0000491262
   -0.0000073790   -0.0000169780   -0.0000482908   -0.0000013050
    0.0000074857    0.0000072344   -0.0000522419   -0.0000785633
    0.0000285921   -0.0000090457    0.0000198201    0.0000266904
    0.0001480873   -0.0008307851   -0.0006512919   -0.0015536342
    0.0004475965   -0.0000759836    0.0003198175    0.0003185412
   -0.0005713829   -0.0009200543    0.0001358527    0.0003637170
    0.0057310414    0.0057709055    0.0059270114    0.0004689847
    0.0010251356    0.0007273982    0.0011770805   -0.0007559346
   -0.0000357376    0.0003247701   -0.0003112103    0.0005592103
    0.0008016373    0.0001279792   -0.0005433571   -0.0001098984
    0.0004632862    0.0003337298   -0.0288199379    0.0068842904
    0.0177943812    0.0001798857   -0.0006684810   -0.0002704729
   -0.0018544846    0.0000529931    0.0000531344   -0.0004863977
   -0.0000164752   -0.0000624683    0.0000536007    0.0004342324
   -0.0005742096   -0.0010073825    0.0001695874    0.0006242610
    0.1307874989   -0.0524482864   -0.0891371667   -0.0025440313
   -0.0020373036   -0.0005112035    0.0036058086    0.0019663062
    0.0029259097    0.0001086357   -0.0005030299    0.0005470630
    0.0010222972   -0.0000552775   -0.0008382653   -0.0006636396
   -0.0000243689    0.0003635792   -0.0011803477   -0.0059808136
   -0.0006450243    0.1792154905    0.0109148710   -0.2063589244
   -0.0006738884    0.0000474063   -0.0006390125   -0.0008280125
    0.0000900996    0.0003244806    0.0001971642    0.0003880418
   -0.0008570348    0.0003266084    0.0000895861    0.0005151034
   -0.0067693704    0.0016054033   -0.0037083851    0.0002723902
   -0.0003059677    0.0004887526    0.0023361351   -0.0005775863
   -0.0023658133   -0.0005052360    0.0007382856    0.0007049029
   -0.0001348558   -0.0003886392   -0.0012390962   -0.0003452251
    0.0005068792    0.0002294821   -0.0012143453   -0.0016397287
    0.0005630197   -0.0003626237    0.0005767330    0.0007190757
   -0.0003234558   -0.0001196721   -0.0004786401    0.0016318161
   -0.0011972477   -0.0008816753    0.0000115361    0.0000587224
    0.0000642314    0.0001805606   -0.0001707998   -0.0000316030
   -0.0018627038    0.0072074459   -0.0009925376    0.0001812986
    0.0002007592   -0.0001233675   -0.0002064307   -0.0001507368
   -0.0001861270   -0.0001366684    0.0000232430   -0.0000139784
   -0.0000146046    0.0000858738    0.0000380787    0.0000233432
    0.0000386578   -0.0000572640    0.0223207506   -0.0036877020
   -0.0155528091   -0.0005448866   -0.0000808122    0.0000867776
    0.0005901980    0.0000421454    0.0000673542    0.0001244146
    0.0000128854    0.0000192715    0.0000045972   -0.0000232844
    0.0000504507    0.0001245997   -0.0000768669   -0.0000796275
    0.2022656999   -0.0074821247   -0.2347480067    0.0001158244
   -0.0027963248    0.0019625045    0.0006392303    0.0017138668
    0.0011249494   -0.0000939611    0.0000315076   -0.0000504247
   -0.0001222212    0.0000062009    0.0000983386    0.0000696570
    0.0000243929   -0.0000427640   -0.0115483556   -0.0019446718
    0.0057652285    0.0516383171   -0.2063590156    0.1717446504
   -0.0004382383    0.0000474081    0.0001290716    0.0001587321
   -0.0000055272   -0.0000561517   -0.0000203891   -0.0000384808
    0.0001046541   -0.0000072805   -0.0000214385   -0.0000769373
   -0.0008464472   -0.0005241894    0.0011575384   -0.0000643586
    0.0000448955   -0.0000551880   -0.0003746104    0.0000842526
    0.0003730779    0.0000722276   -0.0000809534   -0.0000928856
    0.0000066702    0.0000621309    0.0001802460    0.0000627241
   -0.0000807028   -0.0000379155    0.0001922333    0.0002550293
   -0.0000859787    0.0000626636   -0.0000927786   -0.0001179616
   -0.0005138186   -0.0001899951    0.0008574190    0.0004599575
   -0.0005073988    0.0005638178    0.0002402082   -0.0005682390
    0.0007871206    0.0010748529   -0.0002669249   -0.0007429078
    0.0023774237    0.0014208781   -0.0008089568   -0.0002794747
   -0.0004283990   -0.0007952310   -0.0089170026    0.0022088590
   -0.0005903142   -0.0012913031    0.0006234686   -0.0010328112
   -0.0009275073    0.0000063990    0.0008578761    0.0001431912
   -0.0003400502   -0.0002794673    0.0027437991   -0.0014640046
   -0.0010191180   -0.0088371575    0.0051807969   -0.0014764645
    0.0156576317    0.0000131305    0.0025904429    0.0013577934
    0.0000458622    0.0004519102    0.0000470558   -0.0006000974
    0.0008279685    0.0012596261   -0.0002541064   -0.0010292477
    0.0047108747    0.0000401698    0.0047998978   -0.0002694660
   -0.0005419386   -0.0013203159   -0.2284770698    0.0744282428
   -0.0049364425   -0.0005963272    0.0006451864   -0.0008093018
   -0.0012552219    0.0000549167    0.0010709150    0.0006804615
    0.0000413654   -0.0003236427   -0.0172278837    0.0246263083
   -0.0213053063   -0.0016535788   -0.0006739106   -0.0004382817
    0.1781151953   -0.1572624829    0.0318138722    0.0014783185
   -0.0001565277   -0.0004647496   -0.0001921411   -0.0005042794
    0.0011234281   -0.0002554663   -0.0000523589   -0.0007532060
    0.0093682977   -0.0044546446   -0.0004572669   -0.0004694830
    0.0005509596   -0.0005705148   -0.0028836272    0.0007299938
    0.0027820705    0.0005510082   -0.0007601463   -0.0007150725
    0.0001678762    0.0003782720    0.0014206931    0.0004917815
   -0.0007200445   -0.0002812208    0.0013593437    0.0017898518
   -0.0006014512    0.0004412953   -0.0006795862   -0.0008187940
    0.0000032231    0.0000033914   -0.0001325142    0.0000456770
    0.0000405872   -0.0002245388    0.0001103603    0.0000473095
   -0.0001857840   -0.0001838041    0.0000220218    0.0000135742
    0.0007715334    0.0026632839    0.0039209317    0.0003483618
    0.0005411951    0.0005332737   -0.0002477981   -0.0017122904
   -0.0019243860    0.0002334763   -0.0000895133    0.0000913754
    0.0001449274    0.0000267132   -0.0001151710   -0.0000149908
    0.0000892918    0.0000917658   -0.0009923730   -0.0001245009
    0.0000600273    0.0138979095   -0.0067260676   -0.0007593026
   -0.0021223575    0.0002279471    0.0000567557   -0.0002009838
    0.0000233658   -0.0000322288    0.0000167098    0.0001180297
   -0.0000932257   -0.0002308223    0.0000213823    0.0001311605
    0.0030334197    0.0069145567    0.0024654593   -0.0003740569
   -0.0008534427   -0.0003673063    0.1181910457   -0.0981103335
    0.0306297219    0.0000873253   -0.0001562417    0.0001010873
    0.0002314351    0.0000011908   -0.0001851476   -0.0001308050
    0.0000007916    0.0000808164    0.0011988702    0.0005167510
    0.0024015245   -0.0000593538    0.0000474136    0.0000474100
   -0.1572624929    0.1007649923   -0.0329536772   -0.0002548076
    0.0000449723    0.0000998106    0.0000471684    0.0000946109
   -0.0001945567    0.0000490114    0.0000063450    0.0001233116
   -0.0035150283   -0.0026849267   -0.0017225248    0.0000830186
   -0.0001038867    0.0001019610    0.0005480625   -0.0001480002
   -0.0005523812   -0.0001070203    0.0001610268    0.0001528175
   -0.0000278678   -0.0000876471   -0.0002842852   -0.0000909003
    0.0001423547    0.0000597076   -0.0002725740   -0.0003591481
    0.0001273765   -0.0000866422    0.0001399787    0.0001688586
    0.0000161780   -0.0000502034    0.0000356314   -0.0004774381
   -0.0001936355    0.0003553941   -0.0004964399   -0.0000452879
    0.0003660549    0.0001470154   -0.0001260928    0.0000520240
    0.0014976928    0.0035326142   -0.0037037294   -0.0002705794
   -0.0002023278   -0.0005030739    0.0005659750    0.0001968109
    0.0014903076   -0.0001965202    0.0000954244   -0.0000584331
   -0.0001287909    0.0000061543    0.0001347843    0.0000460922
   -0.0001018343   -0.0001328518    0.0008748247   -0.0005394293
   -0.0007446275   -0.0269298204    0.0129428294    0.0002155861
    0.0013711110    0.0001255401   -0.0002269415    0.0001941157
    0.0000208531    0.0000144426    0.0000018172   -0.0000601604
    0.0000944852    0.0002316467   -0.0000846066   -0.0001244170
    0.0027958844    0.0038979941   -0.0018043704   -0.0002963632
   -0.0005010779   -0.0000180636   -0.0257355491    0.0270910654
   -0.0575279107   -0.0000940315    0.0001174566   -0.0001384001
   -0.0002738507    0.0000198826    0.0002275205    0.0001971630
    0.0000271856   -0.0001117431    0.0187432251   -0.0106319276
    0.0058649791    0.0012623191   -0.0006390008    0.0001290677
    0.0318138857   -0.0329536809    0.0653595705    0.0002959641
   -0.0000176945   -0.0001085109   -0.0000642070   -0.0000958512
    0.0002410923   -0.0000922654   -0.0000425237   -0.0001408360
    0.0006000952   -0.0027460700    0.0012975802   -0.0001025274
    0.0000855981   -0.0001461309   -0.0006965148    0.0001593381
    0.0007021156    0.0001538359   -0.0002044014   -0.0002079007
    0.0000324414    0.0001336560    0.0003840803    0.0001180775
   -0.0001622306   -0.0000728888    0.0003752668    0.0005038755
   -0.0001703423    0.0001173012   -0.0001803223   -0.0002260354
   -0.0013259809    0.0014355724   -0.0017183931    0.0013725765
   -0.0021754351    0.0016827880    0.0007681320   -0.0015115344
    0.0004677658    0.0019430221   -0.0004113924   -0.0013847656
   -0.0016425896    0.0022137057   -0.0020864253   -0.0006787596
   -0.0014342679   -0.0001764094   -0.0055629971    0.0014514378
    0.0014617157   -0.0137617413    0.0115925333   -0.0122737702
   -0.0038243385    0.0005482197    0.0103172040   -0.0001684383
   -0.0029355058    0.0000314786    0.0001523881   -0.0008705181
    0.0017085669    0.0022956758   -0.0008329670   -0.0010257777
    0.0094003992    0.0003408175    0.0002630465    0.0196842786
    0.0016225711    0.0039060424   -0.0409716591    0.0281779680
   -0.0038564644    0.0275430902   -0.0151320553   -0.0047172316
   -0.0018399811    0.0016803062   -0.0007532310   -0.0001620967
   -0.0000967881   -0.0003471097   -0.0019560136    0.0001501923
    0.0012102595   -0.3927674317   -0.0557229290    0.0943143349
    0.0010995770    0.0065053513   -0.0060398048    0.0133602043
   -0.0007530068   -0.0053719134    0.0002085577   -0.0004117585
   -0.0011360687    0.0000185317   -0.0008279843    0.0001587732
    0.0014783446   -0.0002548105    0.0002959763   -0.5926277059
   -0.4116143821    0.8883725431   -0.0134231999    0.0181350790
   -0.0193348469   -0.0032875241   -0.0033344465    0.0032890413
    0.0018183576   -0.0006486365    0.0007776730   -0.0268825830
    0.0118694878    0.0034385541   -0.0120241834    0.0022826576
    0.0123760386    0.0035073289   -0.0039283551   -0.0054717081
    0.0000931236    0.0048512663    0.0081328037    0.0143914599
   -0.0247450858   -0.0038875741    0.0080945743    0.0094074724
   -0.0031450516    0.0035804771   -0.0050729863   -0.0055501803
    0.0002235708   -0.0002521448    0.0004255346   -0.0001404249
    0.0001052134   -0.0003208121   -0.0008646728    0.0002876811
    0.0004511948   -0.0017048792    0.0002083934    0.0002672595
    0.0002497137   -0.0002436091    0.0002706494    0.0000694777
    0.0001438689    0.0000435884    0.0006885354   -0.0002685287
   -0.0004730082    0.0023125904   -0.0025957130   -0.0019032701
    0.0027829017    0.0049447982    0.0018977308    0.0002886538
    0.0007404020    0.0001542860   -0.0000208171    0.0000813845
   -0.0002019837   -0.0003671136    0.0001493157    0.0002852970
   -0.0011118170    0.0001520932    0.0000874152   -0.0026130991
    0.0003903959    0.0001263982    0.0031945894    0.0009166457
    0.0026156004   -0.0017298911   -0.0006085178   -0.0002829967
    0.0002603025   -0.0002447557    0.0000459185    0.0000187787
    0.0000220861    0.0000339384    0.0002241447   -0.0000243771
   -0.0002154812    0.1063332867   -0.1032299205    0.0447684849
    0.0025299686    0.0045217421    0.0062730664   -0.0006221307
   -0.0008845950   -0.0003397212   -0.0001396612    0.0000120007
    0.0001296880    0.0000042111    0.0000900957   -0.0000055361
   -0.0001565061    0.0000449528   -0.0000176866   -0.4116131105
    0.5121242280    0.1247917731    0.0227104211   -0.0080957589
   -0.0013883942   -0.0010831483   -0.0000235922   -0.0015793249
   -0.0001611997    0.0000858431   -0.0000563642   -0.0017099197
    0.0008123217   -0.0013572222   -0.0011002798   -0.0000885721
   -0.0003910036    0.0000170868    0.0009550907    0.0012633860
    0.0004701138   -0.0012334775   -0.0008840763   -0.0007451070
    0.0025922834    0.0011654921   -0.0006371587   -0.0008193168
    0.0005458909   -0.0001720679    0.0009017792    0.0008919097
    0.0001545949    0.0000468751   -0.0001780882   -0.0007265968
    0.0004800734   -0.0001977232    0.0017127774    0.0004131035
   -0.0010707100    0.0009612753   -0.0015527966    0.0006422681
    0.0003675277   -0.0004956196    0.0004870359    0.0003416782
    0.0006462903    0.0000511528    0.0012642898   -0.0008640567
    0.0001871441   -0.0041208083   -0.0092573376    0.0079820626
    0.0043394923    0.0037831251   -0.0053659568    0.0003242481
    0.0016140730    0.0002361768   -0.0001026524    0.0002378869
   -0.0004667995   -0.0002855015    0.0002860087   -0.0000577481
   -0.0024566293    0.0000635907   -0.0001422273   -0.0039016859
    0.0003292120   -0.0016761228    0.0297707645   -0.0191295000
    0.0038994934   -0.0114775044    0.0053942877    0.0013217367
    0.0003777627   -0.0004555160    0.0002496088    0.0000725309
    0.0000465712    0.0001317542    0.0005367152   -0.0001659217
   -0.0001909796    0.0618012429    0.1295685816   -0.1145067079
    0.0026178198    0.0036493889   -0.0021368281   -0.0060781219
   -0.0002526646    0.0023758915    0.0002033982    0.0000880975
    0.0003007531    0.0000065623    0.0003244762   -0.0000561638
   -0.0004647530    0.0000998136   -0.0001085211    0.8883706041
    0.1247921432   -0.0396844767   -0.0314887956    0.0113301708
    0.0095877748    0.0005200915    0.0002554074    0.0013954718
   -0.0006414201    0.0002496651   -0.0002874374    0.0138250123
   -0.0207582314   -0.0042246458    0.0085946671   -0.0030116543
   -0.0072286503   -0.0010042949    0.0015915610    0.0011200541
   -0.0015176980    0.0006820830   -0.0018629321   -0.0051308646
    0.0117202570    0.0007750707   -0.0026941171   -0.0026001700
    0.0008720867   -0.0010879436    0.0019333681    0.0015648607
    0.0017454151    0.0001863484   -0.0012772834   -0.0013869313
    0.0013837308    0.0008253057    0.0020082755   -0.0000597717
   -0.0003575097   -0.0044339011    0.0009475202    0.0026108162
    0.0003672300   -0.0002986363   -0.0001759886    0.0002208441
    0.0005512944    0.0002161558    0.0003222362   -0.0007627890
    0.0002912203   -0.0061429044   -0.0014135547    0.0090391569
    0.0038857053    0.0028521691   -0.0112232882   -0.0002494714
    0.0008488011    0.0002280815   -0.0002514371    0.0002041485
   -0.0001347278   -0.0001235394    0.0001101022   -0.0000514653
   -0.0009499428   -0.0000018175   -0.0000888866   -0.0001789357
    0.0001193547   -0.0014395716    0.0056255893   -0.0143455554
    0.0176652455   -0.0038658799   -0.0045686591    0.0007084860
    0.0004838386   -0.0003231557   -0.0001835880    0.0000502729
    0.0000264157    0.0001383717    0.0002709207   -0.0000603877
    0.0000475594    0.1187608325    0.0969185277   -0.0740076353
   -0.2514664492    0.1547132229   -0.0632857333    0.0080218044
    0.0016345073    0.0004211515    0.0000309103   -0.0000748824
    0.0002605093    0.0000120855    0.0001971078   -0.0000203882
   -0.0001921054    0.0000471192   -0.0000642549   -0.0134231852
    0.0227104382   -0.0314888033    0.7866389226   -0.2354274445
   -0.5688557427   -0.0025777262   -0.0007341396   -0.0114407978
   -0.0003655863    0.0001328352   -0.0001753358   -0.1100014792
   -0.1494644635   -0.0428027844    0.0210308419   -0.0120936062
   -0.0312948633    0.0066606448   -0.0048653743    0.0013179862
    0.0171762811   -0.0077076876    0.0471901564   -0.0290693824
    0.0099802981    0.0269771896    0.0004586619    0.0005998875
    0.0000437828    0.0032344695    0.0046648650    0.0036945001
    0.0020958975   -0.0030858697    0.0058772954    0.0006718599
    0.0012347452   -0.0039386964   -0.0064690627   -0.0003120800
    0.0082972849    0.0053207015    0.0005286002   -0.0100882112
    0.0015398825   -0.0022913163    0.0026911218    0.0003051861
    0.0008701043    0.0004749568    0.0023321829    0.0009188965
   -0.0059189266    0.0084841642    0.0108121847   -0.0157777804
    0.0005556819   -0.0094837428    0.0127846951   -0.0004834925
    0.0007335452    0.0009706907    0.0003150045    0.0005450629
   -0.0016185838   -0.0033293690    0.0004691639    0.0027473375
   -0.0022394780   -0.0000314848    0.0000939201   -0.0012251256
   -0.0001177190    0.0003040326   -0.0194744439    0.0013100789
    0.0329040484    0.0219445918   -0.0055177031   -0.0319535130
    0.0013395438   -0.0012768800    0.0008709738    0.0000779053
    0.0000580201    0.0002584937    0.0011520108    0.0004917295
   -0.0018174667    0.0697051603   -0.1292118902    0.1211804677
    0.1041473097   -0.1128709165    0.0677520869    0.0021483903
    0.0057997862    0.0038050724   -0.0011419080    0.0005443230
    0.0008571032    0.0000162997    0.0003880239   -0.0000385007
   -0.0005042618    0.0000946147   -0.0000958614    0.0181350476
   -0.0080957553    0.0113301670   -0.2354274292   -0.1469751296
   -0.2218001100    0.0270163257   -0.0095690610   -0.0018741863
   -0.0007468588    0.0002635521   -0.0003265030    0.0197515337
   -0.0714521647    0.0079937630   -0.0121529230    0.0014680887
    0.0017749992    0.0011427888    0.0051886230    0.0046029132
   -0.0068668712   -0.0011810716    0.0158321694    0.0176140272
   -0.0048873659   -0.0162235992   -0.0003945326   -0.0000287808
   -0.0007128405    0.0026441583    0.0086606903    0.0099097739
   -0.0053258571    0.0073891414   -0.0096265819   -0.0002208529
   -0.0039937800    0.0065488104    0.0117897680    0.0010805929
   -0.0166229092   -0.0072422421   -0.0042657939    0.0160568701
   -0.0034643294    0.0046323333   -0.0050442655   -0.0006613493
   -0.0019231730   -0.0010052161   -0.0055281928   -0.0030842569
    0.0108091971   -0.0057999940   -0.0116085787    0.0291974846
   -0.0091751395    0.0107458537   -0.0177065516    0.0012551351
   -0.0017606843   -0.0019305140   -0.0003798442   -0.0012398155
    0.0031610142    0.0067430698   -0.0010321907   -0.0054365227
    0.0051420913    0.0003487538   -0.0000070471    0.0024696515
    0.0004845237    0.0006994152    0.0435627189    0.0288318572
   -0.0813056743   -0.0402865238   -0.0035006835    0.0539225322
   -0.0030391087    0.0026978490   -0.0015273084   -0.0001724927
   -0.0001010263   -0.0005916860   -0.0023282800   -0.0007422445
    0.0036458227   -0.2632874449    0.0773898751   -0.2458431262
    0.0154810918    0.0287447251   -0.1086638100   -0.0028181334
    0.0032515761   -0.0005410151    0.0022543971   -0.0010386181
   -0.0018786961   -0.0000226760   -0.0008569487    0.0001046638
    0.0011233609   -0.0001945262    0.0002411538   -0.0193347734
   -0.0013884153    0.0095877945   -0.5688552303   -0.2218003547
    0.5906260158   -0.0418163122    0.0078641495    0.0124764255
    0.0017042933   -0.0006164210    0.0007517175    0.0493299535
    0.1262133365   -0.0794707557    0.0109792016   -0.0080299819
    0.0117985948   -0.0025758516    0.0067624161   -0.0048284326
   -0.0041646933    0.0178461017   -0.0778160849   -0.0060515306
    0.0016451818    0.0066518191   -0.0009509596   -0.0014621484
    0.0019310591    0.0034394370    0.0031577014   -0.0110561101
    0.0048237950   -0.0063712841    0.0075635937    0.0000408575
    0.0029960162   -0.0036095319   -0.0067334487    0.0024822548
    0.0018644734   -0.0140841406    0.0121144475   -0.0030651154
    0.0024129246   -0.0027168131    0.0025885198    0.0004919862
    0.0008915478    0.0008463090    0.0006205146   -0.0000320512
   -0.0010610537    0.0020235866    0.0001339332   -0.0047077929
    0.0109007183   -0.0166940554    0.0284833315   -0.0001334268
    0.0006458871    0.0011739815    0.0001014045    0.0007050293
   -0.0015662390   -0.0029729939    0.0012308690    0.0006761212
   -0.0005560438   -0.0000181109   -0.0002064220    0.0005146171
   -0.0000959238    0.0003949856   -0.0176721678    0.0060097964
    0.0115702084    0.0186066508    0.0662073478   -0.1350938699
    0.0018371438   -0.0014258124    0.0005650130    0.0000904539
    0.0000317769    0.0003929960    0.0005210957    0.0000070847
   -0.0005910869   -0.1186045650   -0.0274060709    0.0176609164
    0.2556386519   -0.1204634081    0.0418750077   -0.0067565231
   -0.0128096002    0.0315016108   -0.0011421260    0.0006229080
    0.0004413178    0.0000383359    0.0003266330   -0.0000075616
   -0.0002554264    0.0000487534   -0.0000924865   -0.0032873308
   -0.0010832319    0.0005202355   -0.0025770795    0.0270166117
   -0.0418162168  -16.1932620760   -0.5465000969    3.2175755924
   -0.0005821612    0.0002014551   -0.0002908585    0.0542456285
   -0.1698855407   -0.1607234468    2.6817541509   -1.1048223998
   -2.6323985776   -1.3190508832    1.3883132182    0.6176802121
   -0.0137792121    0.2260626438    0.2646661919    0.0047036861
   -0.0084056011   -0.0034775867    0.2845261950    0.2243529762
   -0.0494393204   -0.0104399495    0.0041069126   -0.0043873623
    0.0002204153    0.0000177640   -0.0023105745   -0.0008769663
    0.0005770939    0.0010350921    0.0001545227   -0.0001745125
   -0.0003661542   -0.0045375678    0.0018932692    0.0039802901
    0.0001673956    0.0001035017   -0.0004095149    0.0001615494
    0.0001932880    0.0000408822    0.0002777683    0.0000761707
    0.0005195613    0.0004695528   -0.0003968839    0.0017259684
    0.0055655267    0.0059805763   -0.0075808351   -0.0001187918
    0.0003974331    0.0001844210   -0.0002223420    0.0000970660
    0.0000599793    0.0000126385   -0.0000249310   -0.0000459166
   -0.0001038372   -0.0000322427   -0.0001913850   -0.0001255668
   -0.0000013434   -0.0003532822    0.0003395704   -0.0010070448
   -0.0018915145   -0.0439099512    0.0227406001    0.0321096826
    0.0002095619   -0.0000941235   -0.0001330483    0.0000267685
   -0.0000044806    0.0000846279    0.0000859944   -0.0000393593
    0.0000445315    0.0011748710   -0.0005245655    0.0081128297
    0.0460895744   -0.1171687090    0.0999931321   -0.0155162190
   -0.0045954556    0.0040806672    0.0000417699   -0.0000271517
    0.0001533774    0.0000050948    0.0000895904   -0.0000214290
   -0.0000523583    0.0000063501   -0.0000425284   -0.0033344328
   -0.0000235735    0.0002554056   -0.0007341481   -0.0095690499
    0.0078641680   -0.5464891081    4.9899789629   -0.1092757254
   -0.0001739510    0.0000461827   -0.0001029425    0.0016578006
    0.0095451766    0.0135325188    0.1180631442   -0.0528744617
   -0.0964659914    0.2321755278   -0.1594073398   -0.0216726429
    0.0054652054    0.0133583718   -0.0040215821   -0.0035549726
    0.0041345239    0.0018035563   -0.0354292558   -0.0468772781
    0.0239940881    0.0022554945    0.0051814484    0.0055022794
    0.0009126311   -0.0050979187    0.0088949698    0.0017770105
    0.0011850086   -0.0060096835   -0.0027543817    0.0008428613
    0.0029809240    0.0111694592    0.0013188990   -0.0153092435
    0.0014375527   -0.0026679257    0.0039009327    0.0003656238
    0.0011168414    0.0004588675    0.0014236703   -0.0000589639
   -0.0031156313    0.0017175587    0.0016897015   -0.0083412381
   -0.0031973547   -0.0085560843    0.0250529799   -0.0012884519
    0.0018248237    0.0011909993    0.0006652471    0.0005558829
   -0.0021351686   -0.0024776106    0.0008717283    0.0012268978
   -0.0034275977   -0.0002217813    0.0000428653   -0.0016430681
   -0.0003761096    0.0002342669   -0.0050374443    0.0007808249
    0.0075777646    0.1128324835   -0.0183137200   -0.1013821548
    0.0007706571   -0.0011811991    0.0015660054    0.0000982047
    0.0000621474    0.0002821437    0.0010415892    0.0000607591
   -0.0012818587    0.0180933285    0.0121065655   -0.0225712488
   -0.0809390212    0.1172838151   -0.2361063297    0.0091533411
   -0.0025975582   -0.0026767916   -0.0002690134    0.0008339439
    0.0004715784    0.0000110147    0.0005150872   -0.0000769046
   -0.0007532720    0.0001233727   -0.0001408322    0.0032889804
   -0.0015792886    0.0013954361   -0.0114407967   -0.0018742255
    0.0124764019    3.2174901669   -0.1092756955    4.8201220530
   -0.0010408027    0.0003633630   -0.0004532430   -0.0081187217
    0.0430007541   -0.0046596233   -0.4186776381    0.2471661082
    0.3252344821    0.0764396699   -0.0812813278   -0.0738175049
    0.0333919776   -0.0893639406   -0.0231346720    0.0032239552
   -0.0065058380   -0.0028685834   -0.0022232680    0.0064251962
   -0.0293088400    0.0008208416   -0.0022828019   -0.0032207552
   -0.0007016397   -0.0001235363    0.0011508496    0.0001997607
    0.0002750057    0.0008429921   -0.0007890948   -0.0008423816
    0.0011151312    0.0013609715   -0.0003060378   -0.0008649482
    0.0008143500   -0.0017154800    0.0012133527   -0.0002654972
   -0.0005659694   -0.0007990309   -0.0037805980    0.0003064152
   -0.0004444098   -0.0008043756    0.0006657037   -0.0012371025
   -0.0013779061    0.0000129752    0.0012628181    0.0002453572
   -0.0006679316   -0.0005166955   -0.0055535512    0.0040034949
    0.0039961692    0.0010167028    0.0045007979    0.0024328698
    0.0049452727    0.0002321736    0.0003106709    0.0011563594
    0.0000651192    0.0002407139   -0.0000413089   -0.0007764378
    0.0012153396    0.0018090432   -0.0004122096   -0.0013302112
    0.0263750371    0.0074966096   -0.0575096953   -0.0004471857
    0.0009159662   -0.0044570727    0.0035633921   -0.0010892145
    0.0058750183   -0.0004121856    0.0009074729   -0.0011820320
   -0.0019439969    0.0001047012    0.0016205469    0.0012041474
    0.0000957501   -0.0006066410   -0.1443170853   -0.0617806822
    0.1141342781    0.0035777135   -0.0067693666   -0.0008464420
    0.0093682007   -0.0035149691    0.0006000993    0.0018183882
   -0.0001612070   -0.0006414209   -0.0003655432   -0.0007468788
    0.0017043083   -0.0005827601   -0.0001739578   -0.0010407303
   -0.4082042094   -0.0476661730    0.2078793952   -0.0006062673
    0.0006498923   -0.0009537323   -0.0044927153    0.0010850030
    0.0044550332    0.0009432370   -0.0012986395   -0.0012602835
    0.0002583199    0.0007247122    0.0023742020    0.0007161707
   -0.0010248380   -0.0004425411    0.0022959685    0.0030703336
   -0.0010385552    0.0007127267   -0.0011068383   -0.0013701302
    0.0002962841    0.0001997668   -0.0003377261   -0.0004747061
   -0.0006897627   -0.0005550930   -0.0002389791   -0.0005881634
   -0.0007425755   -0.0004817387    0.0000850514    0.0002612080
   -0.0005733794    0.0001982867   -0.0008897957    0.0001418399
    0.0003014979    0.0003531528    0.0012298238   -0.0006467296
    0.0002756102    0.0002691473   -0.0003305660    0.0004005559
    0.0004990452    0.0000296174   -0.0004297436   -0.0000681770
    0.0002795057    0.0002149853    0.0054805835    0.0022830283
   -0.0003247798    0.0031039425    0.0085101837    0.0036549815
   -0.0015752349    0.0003426572    0.0001384967   -0.0004149441
   -0.0000122074   -0.0000729213    0.0000944472    0.0004419059
   -0.0003362023   -0.0006810985    0.0000844659    0.0004316886
   -0.0072514647   -0.0082576450    0.0208219605    0.0002039427
   -0.0003660253    0.0020636243    0.0025896353   -0.0037804473
    0.0018070990    0.0001218065   -0.0003903888    0.0003902071
    0.0007115869   -0.0000185430   -0.0005747402   -0.0004254638
   -0.0000098478    0.0002382381    0.0430488874   -0.0671968276
    0.1036883768   -0.0022468639    0.0016054140   -0.0005242081
   -0.0044546941   -0.0026849162   -0.0027460841   -0.0006486115
    0.0000858609    0.0002496253    0.0001328374    0.0002635364
   -0.0006164113    0.0002017432    0.0000461783    0.0003633308
   -0.0476660322    0.2637031018   -0.1270717112    0.0002141898
   -0.0002494977    0.0003389814    0.0016293225   -0.0004153876
   -0.0016404314   -0.0003369509    0.0004909301    0.0004712309
   -0.0000913471   -0.0002702482   -0.0008714664   -0.0002576371
    0.0003851573    0.0001679973   -0.0008381502   -0.0011166697
    0.0003886927   -0.0002597486    0.0004129583    0.0005078902
   -0.0002255551   -0.0000518291    0.0005159291    0.0002371584
   -0.0002322542    0.0001549566   -0.0001590936   -0.0005751444
    0.0000615007    0.0005657712   -0.0001674619   -0.0002646084
    0.0004608907   -0.0009667453    0.0007262862   -0.0002299910
   -0.0004311454   -0.0003822877   -0.0015424807    0.0012346054
   -0.0009368865   -0.0003395536    0.0003500879   -0.0004971639
   -0.0005848782    0.0000125086    0.0005450735    0.0001163957
   -0.0003438072   -0.0002690575   -0.0013084889    0.0020756069
    0.0023113775    0.0062429350    0.0019569354    0.0005133294
    0.0020071572    0.0002801839   -0.0000757478    0.0004634046
    0.0000374030    0.0000520193    0.0000167387   -0.0002821287
    0.0004746703    0.0007984664   -0.0002165645   -0.0005436160
    0.0044661343    0.0017489861   -0.0101385019    0.0000305803
    0.0001604696   -0.0013092583   -0.0123078174    0.0164012041
   -0.0230748967   -0.0001510962    0.0003868205   -0.0005011156
   -0.0008779799    0.0000544670    0.0007286527    0.0005875793
    0.0000585582   -0.0003025751   -0.0225370835    0.1211793588
   -0.2383727915    0.0013270833   -0.0037084066    0.0011575363
   -0.0004572388   -0.0017225137    0.0012975874    0.0007776898
   -0.0000563904   -0.0002874011   -0.0001753437   -0.0003264812
    0.0007517093   -0.0002910987   -0.0001029404   -0.0004532240
    0.2078786216   -0.1270716910    0.3854029134   -0.0002652359
    0.0002560635   -0.0004405354   -0.0020651763    0.0004847569
    0.0020704324    0.0004509187   -0.0006163437   -0.0006063362
    0.0001133601    0.0003580505    0.0011097916    0.0003228333
   -0.0004530666   -0.0002040388    0.0010861777    0.0014630440
   -0.0004937337    0.0003318131   -0.0005147584   -0.0006450028
    0.0000756501   -0.0003537103    0.0004684502   -0.0001818736
    0.0001944718   -0.0003193464    0.0010968545    0.0006089217
   -0.0027082613    0.0004317356   -0.0000507021   -0.0005837762
    0.0003650267   -0.0005104612    0.0005579251    0.0002029237
    0.0003118574   -0.0001123600    0.0005104928   -0.0010602433
    0.0012653850   -0.0011354792   -0.0040099307    0.0047190319
    0.0001337439   -0.0012255566    0.0011948464    0.0001659527
    0.0002254245   -0.0002274049   -0.0000197639    0.0001692669
   -0.0003842160   -0.0000002512    0.0004424906   -0.0006564557
   -0.0022750976   -0.0000451555   -0.0001854639   -0.0020832749
   -0.0000198524   -0.0006441787    0.0044167083    0.0068462902
   -0.0115721770   -0.0359213276    0.0179658244    0.0182975814
    0.0001723376   -0.0003129692    0.0003824896    0.0000516120
    0.0000294221    0.0000588423    0.0003682020   -0.0002627258
    0.0001282973    0.0109272099   -0.0220511251    0.0125461831
   -0.0172045711   -0.0010350448    0.0159623220   -0.0069617592
    0.0009595952    0.0007945226    0.0004370663    0.0001930017
    0.0000676291   -0.0000075060    0.0002722943   -0.0000643720
   -0.0004694679    0.0000830488   -0.0001026030   -0.0268824838
   -0.0017099342    0.0138249850   -0.1100017337    0.0197514840
    0.0493300290    0.0542454943    0.0016578384   -0.0081186190
   -0.0006062118    0.0002141919   -0.0002652573    1.5337013588
    1.6490858947    1.3029853279   -0.1229182275    0.0502958583
    0.1146993803   -0.0026311268    0.0024589750    0.0036166133
   -0.0953044810   -0.1586167016   -0.2888750816   -0.2327445669
    0.1376671663   -0.0239960155   -0.0085838096   -0.0037840508
   -0.0010655376   -0.0121709096    0.0028399693    0.0374345997
   -0.0027276290    0.0027783956   -0.0033709097    0.0001633254
   -0.0007549400    0.0014622840    0.0029649488   -0.0020154824
   -0.0022750430   -0.0003357827   -0.0019477665    0.0049114848
   -0.0014690138    0.0015678077   -0.0015729984   -0.0002140218
   -0.0004636610   -0.0000675429   -0.0007513438    0.0006176276
    0.0017896283    0.0027686663    0.0024223796    0.0059450977
   -0.0071922261    0.0075006719   -0.0119306521   -0.0000599500
   -0.0000160947   -0.0003494577   -0.0000783992   -0.0003139430
    0.0007876532    0.0018506740   -0.0008116745   -0.0004062424
    0.0027373249   -0.0000161320   -0.0000859475    0.0022038036
    0.0000631757    0.0002351690    0.0170801235   -0.0009720034
   -0.0023460404    0.0685014804   -0.0321150337   -0.0217490291
   -0.0007023312    0.0007694742   -0.0006746957   -0.0000579695
   -0.0000501219   -0.0001074813   -0.0005846964    0.0000568781
    0.0006250891   -0.0480413895   -0.0027751710    0.0804125959
   -0.0167997661    0.0175642185   -0.0351235800    0.0078824231
   -0.0028776253   -0.0006716176    0.0002414722   -0.0005300580
   -0.0001842034   -0.0000018984   -0.0003057224    0.0000448752
    0.0005508908   -0.0001039136    0.0000857892    0.0118694290
    0.0008123013   -0.0207582096   -0.1494643444   -0.0714520507
    0.1262134024   -0.1698856242    0.0095451354    0.0430007614
    0.0006497974   -0.0002494424    0.0002560663    1.6490998720
   -2.6377674741   -3.6436744058    0.2796700161   -0.0851905241
   -0.2661720104   -0.0099477684    0.0091087385    0.0060752394
    0.0315079424    0.4008827651    0.6846881689    0.1756587514
   -0.2768573370   -0.0632741587   -0.0112073395   -0.0045586087
    0.0037748628   -0.0014575938    0.0104728187    0.0168249533
    0.0027762835   -0.0033971015    0.0043226696   -0.0003235651
    0.0025963983   -0.0032015992   -0.0063415010   -0.0007826212
    0.0078564918   -0.0011290236    0.0038550791   -0.0056750418
    0.0017902125   -0.0023992414    0.0024117982    0.0004435381
    0.0011922086    0.0007145800    0.0033629986    0.0016085410
   -0.0054702402    0.0098882126    0.0076810543   -0.0148673674
    0.0016613928   -0.0039272441    0.0058680294   -0.0010624405
    0.0016957247    0.0013970311    0.0000763729    0.0007527264
   -0.0017148011   -0.0035865487    0.0004326285    0.0031240802
   -0.0025866704   -0.0001710803   -0.0001478051   -0.0014650839
   -0.0004151328   -0.0000243924   -0.0133843004   -0.0014363289
    0.0223234145    0.0548969022   -0.0151944919   -0.0400981541
    0.0019464359   -0.0015755182    0.0005755225    0.0001057051
    0.0000532079    0.0003855845    0.0013701410    0.0004536819
   -0.0019793848    0.0752957418    0.0350939739   -0.0573443750
   -0.0120703206   -0.0065428298    0.0189106660    0.0047632269
   -0.0020981690    0.0018689754   -0.0014080723    0.0004080903
    0.0012280869    0.0000175114    0.0004888705   -0.0000553232
   -0.0005705506    0.0001019113   -0.0001460236    0.0034385712
   -0.0013572487   -0.0042245928   -0.0428026050    0.0079938654
   -0.0794707301   -0.1607233960    0.0135324811   -0.0046596036
   -0.0009537564    0.0003390629   -0.0004405456    1.3029897271
   -3.6436602308   -0.0675127602    0.0255492519    0.0114832092
   -0.1234009245   -0.0026061072    0.0027836121    0.0003182411
    0.0029348906    0.5341278854   -0.0511729648    0.0203804407
   -0.1479648807   -0.1469785257   -0.0077149294   -0.0151618274
    0.0040654558   -0.0053579869    0.0142671981    0.0053777445
    0.0054531260   -0.0104180393    0.0160313887    0.0001319985
    0.0044286651   -0.0117236297   -0.0076874328    0.0025183162
    0.0074496526    0.0096592439    0.0061730970   -0.0254332185
    0.0052654005   -0.0077253396    0.0092656149    0.0020848405
    0.0044149456    0.0011564896    0.0053035894   -0.0015302651
   -0.0070991130    0.0037684757    0.0004144695   -0.0180382965
    0.0059800730   -0.0168790166    0.0332964278   -0.0018410942
    0.0054989074    0.0026285205    0.0006765670    0.0021246821
   -0.0058660531   -0.0074215007    0.0028861809    0.0032583772
   -0.0121314881   -0.0002958303   -0.0007268686   -0.0065374481
   -0.0005635560   -0.0009728887   -0.0126297058    0.0036972443
    0.0185661146   -0.0337831344    0.0266609497    0.0091233577
    0.0033884171   -0.0043089101    0.0041284021    0.0005064283
    0.0002975105    0.0011756503    0.0038056769   -0.0002133990
   -0.0036237434   -0.0156452790    0.0028313260   -0.0319993159
   -0.0466471793   -0.0264086012    0.0848003579   -0.0178452916
    0.0042294999   -0.0029956577   -0.0002969355    0.0022971395
    0.0022421782    0.0000871089    0.0023362096   -0.0003744304
   -0.0028835773    0.0005481378   -0.0006962328   -0.0120242778
   -0.0011004796    0.0085945697    0.0210304184   -0.0121531230
    0.0109790120    2.6817435159    0.1180634249   -0.4186792777
   -0.0044931018    0.0016294110   -0.0020652165   -0.1229183625
    0.2796699307    0.0255493245   -8.0425206375    5.6100467448
   14.7933318342    0.0994513455   -0.1705324463   -0.0316369803
   -0.2476692612   -0.7731329201   -0.7552790307    0.0132774389
   -0.0248591868   -0.0089226992   -0.9911643454   -0.9884425503
   -0.0110031034    0.0132071839   -0.0515847402   -0.0365106504
   -0.0013956336    0.0023802673   -0.0045895277   -0.0001852291
   -0.0006577125    0.0033054256    0.0020796671   -0.0006973823
   -0.0023903260   -0.0036388104   -0.0010943166    0.0074049638
   -0.0012867677    0.0019708895   -0.0024599156   -0.0005111422
   -0.0011129782   -0.0002823690   -0.0012517018    0.0004700619
    0.0022301057   -0.0005668093   -0.0001239359    0.0060045113
   -0.0012110086    0.0051677774   -0.0091190430    0.0003798081
   -0.0014281066   -0.0006936998   -0.0002434738   -0.0004986165
    0.0014895021    0.0019213758   -0.0007421082   -0.0009224057
    0.0031391999    0.0000120309    0.0000821908    0.0017407516
    0.0000814142    0.0000741134    0.0036633152   -0.0009676779
   -0.0065607121    0.0142240708   -0.0015332950   -0.0020187059
   -0.0007450916    0.0010654101   -0.0011125447   -0.0001258337
   -0.0000893423   -0.0002715080   -0.0009544906    0.0000384658
    0.0010010938    0.0092233238    0.0002494127    0.0127586997
    0.0068978851   -0.0030049147   -0.0165616756    0.0036084753
   -0.0033042022    0.0013014153    0.0000852626   -0.0005953644
   -0.0005095965   -0.0000255501   -0.0005776211    0.0000841638
    0.0007299642   -0.0001480251    0.0001592242    0.0022827266
   -0.0000884855   -0.0030116178   -0.0120934124    0.0014681496
   -0.0080299020   -1.1048149331   -0.0528745010    0.2471661236
    0.0010851414   -0.0004154030    0.0004847593    0.0502957254
   -0.0851902809    0.0114832123    5.6099793220    5.3970639356
   -5.6714750730   -0.0437607961    0.0672131303    0.0169265860
    0.1374341854    0.1895275778    0.2834646076   -0.0033877521
    0.0174323890    0.0084251435    0.4839676915    0.4245677057
    0.1304757212   -0.0229562528    0.0279213159    0.0246973500
   -0.0051265223    0.0084771316   -0.0132285053    0.0008760450
   -0.0039869143    0.0100824938    0.0051352957   -0.0026875809
   -0.0045756713   -0.0069605571   -0.0051136020    0.0207266652
   -0.0048418035    0.0069993102   -0.0081742103   -0.0022345298
   -0.0045603073   -0.0011179966   -0.0044471654    0.0023222408
    0.0050472066   -0.0021788708    0.0020762373    0.0117660927
   -0.0049859700    0.0132567528   -0.0251511918    0.0015173012
   -0.0060183265   -0.0025098635   -0.0004108441   -0.0020324225
    0.0053598803    0.0062632443   -0.0027570754   -0.0023117078
    0.0114741490    0.0001492781    0.0008499103    0.0060686492
    0.0003015029    0.0013079303    0.0064339705   -0.0046051101
   -0.0092387653    0.0462307806   -0.0175086219   -0.0247362765
   -0.0030364199    0.0040191024   -0.0037961296   -0.0005298317
   -0.0003149280   -0.0011898181   -0.0035211036    0.0004229632
    0.0029911987    0.0114929340    0.0051094562    0.0142318998
    0.0631650036    0.0111827129   -0.0867266861    0.0194539466
   -0.0053237048    0.0019127704   -0.0001964115   -0.0020661380
   -0.0020796035   -0.0001064537   -0.0023658577    0.0003729466
    0.0027819994   -0.0005524266    0.0007018634    0.0123761567
   -0.0003908701   -0.0072285877   -0.0312944813    0.0017751861
    0.0117987944   -2.6323872685   -0.0964662779    0.3252359470
    0.0044553737   -0.0016405259    0.0020704496    0.1146995068
   -0.2661718464   -0.1234010395   14.7933099488   -5.6715308408
   -6.1447737035   -0.0965427415    0.1176165966    0.0062487768
   -0.0834324591    0.8841947708    0.6630360923   -0.0031903570
    0.0130002594    0.0064762679    0.6934050212    0.8799652490
   -0.2405461877    0.0107645493    0.0132054633   -0.0009196061
   -0.0016042757    0.0021246259   -0.0026389238    0.0005093358
   -0.0014601529    0.0021903282    0.0016138221   -0.0004892782
   -0.0013893542    0.0016747810   -0.0032312256    0.0039968671
   -0.0011862800    0.0016429735   -0.0017594392   -0.0005704169
   -0.0011570524   -0.0004327184   -0.0012315113    0.0002523964
    0.0012366715   -0.0013053942   -0.0000027926    0.0024891302
   -0.0037488269    0.0032228354   -0.0034889216    0.0008186608
   -0.0019699915   -0.0013045981   -0.0000384335   -0.0005247908
    0.0012556250    0.0015937364   -0.0005695335   -0.0007298697
    0.0022127065    0.0000541443    0.0002404549    0.0010805471
    0.0001009529    0.0003704421    0.0021539646   -0.0007415885
   -0.0023355534    0.0230845386   -0.0140886901   -0.0075226243
   -0.0009050313    0.0009768091   -0.0007214887   -0.0001201244
   -0.0000587569   -0.0003299948   -0.0008056867    0.0000340966
    0.0007322563   -0.0038515415    0.0004662425    0.0017346158
    0.0017542759   -0.0021124691    0.0026282372    0.0152135098
    0.0010856069   -0.0055506271    0.0001732132   -0.0004312662
   -0.0005616427   -0.0000282725   -0.0005052215    0.0000722477
    0.0005510078   -0.0001070453    0.0001538283    0.0035072952
    0.0000170822   -0.0010042873    0.0066606130    0.0011427984
   -0.0025757909   -1.3190480131    0.2321751647    0.0764401558
    0.0009432444   -0.0003369952    0.0004509543   -0.0026310857
   -0.0099477660   -0.0026061134    0.0994512711   -0.0437609328
   -0.0965428257   -0.9547481222    5.2674259834    2.8618592859
   -0.0065287127    0.0137943790    0.0149852058    0.0022798076
   -0.0048015136   -0.0023698524    0.0414195447    0.0525506484
   -0.0139661923    0.0003897262   -0.0029067693   -0.0057763718
    0.0025100356   -0.0030719207    0.0045165279   -0.0007442683
    0.0018264292   -0.0038055599   -0.0022824329    0.0008979627
    0.0020009208   -0.0025530385    0.0039767460   -0.0071307267
    0.0017485113   -0.0024421390    0.0027639476    0.0009516127
    0.0019567890    0.0008169359    0.0014959750   -0.0005659662
   -0.0019417091    0.0016739453   -0.0002544421   -0.0038894909
    0.0052943860   -0.0045218769    0.0064022192   -0.0011689840
    0.0040889268    0.0027135857    0.0001155333    0.0007370930
   -0.0019212745   -0.0023061540    0.0008925134    0.0010397737
   -0.0030325787   -0.0000052370   -0.0002712621   -0.0013590812
   -0.0000421396   -0.0003990927   -0.0030954666    0.0013545991
    0.0035638297   -0.0226322871    0.0095753650   -0.0112916591
    0.0011980642   -0.0014205581    0.0011227405    0.0001874161
    0.0001109892    0.0005190524    0.0011096489   -0.0000667903
   -0.0010819927    0.0024620704   -0.0021931129   -0.0020134447
    0.0075847891   -0.0043489363   -0.0009335621   -0.0245803373
   -0.0000056676    0.0164013054   -0.0002536268    0.0006517485
    0.0007250788    0.0000599950    0.0007382826   -0.0000809479
   -0.0007601593    0.0001610521   -0.0002043993   -0.0039283427
    0.0009551052    0.0015915538   -0.0048654111    0.0051886094
    0.0067624355    1.3883105916   -0.1594069573   -0.0812819048
   -0.0012986548    0.0004909704   -0.0006163646    0.0024589014
    0.0091088407    0.0027836813   -0.1705322109    0.0672132265
    0.1176165373    5.2674344122   -2.2912794899   -3.1775033581
    0.0131856281   -0.0134421692   -0.0106209224   -0.0035715060
    0.0060213631    0.0021580651   -0.0521269475   -0.0659653774
    0.0143076732   -0.0043085966    0.0072269172    0.0088985548
    0.0018858998   -0.0020313238    0.0026680296   -0.0009970952
    0.0016343115   -0.0024834535   -0.0016939698    0.0005396183
    0.0016173637   -0.0022847033    0.0027677262   -0.0040882299
    0.0014717513   -0.0019660394    0.0020463687    0.0008427739
    0.0016273983    0.0005619608    0.0016108166   -0.0004588636
   -0.0014151783    0.0017905425   -0.0002439156   -0.0023514808
    0.0036987491   -0.0023658297    0.0029550027   -0.0004646062
    0.0026007090    0.0014231778   -0.0000418368    0.0006769690
   -0.0015539451   -0.0019034439    0.0006980410    0.0009105541
   -0.0027986106    0.0000126900   -0.0003481277   -0.0013506728
    0.0000094150   -0.0005884330   -0.0018130435    0.0005432591
    0.0023738451   -0.0382896618    0.0113460460    0.0192250849
    0.0011572278   -0.0012790565    0.0008520770    0.0001750715
    0.0000979020    0.0004499644    0.0010457449   -0.0000784542
   -0.0009044680    0.0030083429   -0.0009547031   -0.0003456003
   -0.0406911025    0.0229173073   -0.0053955221   -0.0141289219
    0.0009974846    0.0058753426   -0.0001721342    0.0004820564
    0.0007633633    0.0000490932    0.0007048995   -0.0000928569
   -0.0007150764    0.0001528277   -0.0002079000   -0.0054716905
    0.0012633954    0.0011200447    0.0013179056    0.0046029108
   -0.0048283690    0.6176786508   -0.0216724013   -0.0738177404
   -0.0012602743    0.0004712406   -0.0006063230    0.0036165640
    0.0060753637    0.0003182808   -0.0316365565    0.0169264769
    0.0062485808    2.8618448036   -3.1774828259    2.0664607531
    0.0085821964   -0.0036265132   -0.0051799776   -0.0031569143
    0.0046596526    0.0025923020   -0.0343884944   -0.0560127573
    0.0145452229   -0.0019423383    0.0049238962    0.0074053630
   -0.0009125894    0.0018116000   -0.0029825853   -0.0003941519
   -0.0008092106    0.0020058913    0.0028319902    0.0000323869
   -0.0033787784   -0.0013748600   -0.0016523152    0.0047904227
   -0.0007157049    0.0010893333   -0.0013219719   -0.0001291037
   -0.0003822326   -0.0002969817   -0.0012152316   -0.0006905197
    0.0024032795   -0.0027354052   -0.0027757178    0.0061807777
   -0.0006307704    0.0038045538   -0.0074829151    0.0003645359
   -0.0003677534   -0.0007303085   -0.0001802377   -0.0002744246
    0.0008087375    0.0015605021   -0.0002028401   -0.0012620164
    0.0007529605    0.0000501724   -0.0000338712    0.0003112147
    0.0001369462   -0.0001567084    0.0066869020    0.0009859163
   -0.0084689444   -0.0065250164   -0.0031545351    0.0135039475
   -0.0007136312    0.0006160779   -0.0003555024   -0.0000283970
   -0.0000172999   -0.0001339877   -0.0004847213   -0.0002205981
    0.0008283757   -0.0110186357   -0.0066551395    0.0225133652
    0.0009979181    0.0081827273   -0.0216730686    0.0001128054
    0.0002985227   -0.0014443194    0.0006580415   -0.0002370210
   -0.0003980021   -0.0000073501   -0.0001348719    0.0000066324
    0.0001678631   -0.0000278617    0.0000324249    0.0000931184
    0.0004701344   -0.0015176679    0.0171762892   -0.0068668377
   -0.0041647037   -0.0137790708    0.0054652161    0.0333920047
    0.0002583436   -0.0000913202    0.0001133498   -0.0953045288
    0.0315080297    0.0029349951   -0.2476692712    0.1374342140
   -0.0834324219   -0.0065287151    0.0131856419    0.0085822427
    0.7249265555   -0.2991962924   -0.1408484051   -0.0199502031
    0.0422238927   -0.0201415735   -0.0216137245   -0.0291763763
    0.0114684815   -0.1353899508   -0.0747367865    0.0515828096
   -0.0003533407   -0.0002813537    0.0007357062    0.0010569190
   -0.0009561792    0.0000789844   -0.0008546306   -0.0001336171
    0.0008777425    0.0050734155   -0.0019561603   -0.0022384734
   -0.0003958119    0.0005093713   -0.0002521201   -0.0004190728
   -0.0007495882   -0.0002290041   -0.0012230377    0.0005230619
   -0.0006043759   -0.0026291430    0.0005744675   -0.0035779240
   -0.0005178371   -0.0023305826    0.0050328742    0.0002031356
   -0.0012751433   -0.0003984288    0.0002247726   -0.0003594568
    0.0005267728    0.0003378661   -0.0001089127   -0.0001497678
    0.0014277893   -0.0000638925    0.0003519600    0.0007367420
   -0.0000076398    0.0005660450   -0.0062633791    0.0000678255
    0.0056035284    0.0066111238   -0.0007380233   -0.0049996603
   -0.0007522198    0.0006337437   -0.0000205642   -0.0000935172
   -0.0000480858   -0.0002169103   -0.0005879714    0.0001067222
    0.0001480209    0.0118857315    0.0131335732   -0.0254833913
   -0.0071134860   -0.0130161815    0.0256342916    0.0032642804
    0.0001232616   -0.0020105655   -0.0000298765    0.0000382713
   -0.0005405252   -0.0000168491   -0.0003887688    0.0000619437
    0.0003782688   -0.0000876904    0.0001336200    0.0048512758
   -0.0012334932    0.0006821634   -0.0077077040   -0.0011811064
    0.0178461256    0.2260621545    0.0133584373   -0.0893641348
    0.0007247924   -0.0002702129    0.0003581096   -0.1586170157
    0.4008826951    0.5341283366   -0.7731335323    0.1895288642
    0.8841956159    0.0137943753   -0.0134421706   -0.0036264060
   -0.2991965197   -0.6969155906   -1.2279790558    0.0097795642
   -0.0020459443    0.0165006375   -0.0076707486   -0.0422559084
   -0.0045318340    0.0814767841   -0.2180619896   -0.1835317257
   -0.0042300654    0.0049786429   -0.0064212485    0.0012432119
   -0.0037406159    0.0049156604    0.0062403950   -0.0007015185
   -0.0066217133    0.0046339284   -0.0065981869    0.0074806781
   -0.0031252411    0.0041023725   -0.0041201488   -0.0011744246
   -0.0024734647   -0.0009540975   -0.0044952659   -0.0001941792
    0.0049017905   -0.0082235888   -0.0039610698    0.0115654283
   -0.0052610223    0.0067354078   -0.0100691438    0.0010862684
   -0.0033201334   -0.0019080617    0.0000252985   -0.0013662279
    0.0030216121    0.0048113906   -0.0012388884   -0.0030027334
    0.0058174778    0.0000706227    0.0005806455    0.0028704510
    0.0002468698    0.0007164188    0.0099409020    0.0006553582
   -0.0163804796   -0.0023848131   -0.0078894739    0.0191381166
   -0.0029673486    0.0027681242   -0.0013921368   -0.0002762347
   -0.0001541869   -0.0007291407   -0.0023458645   -0.0001444595
    0.0023464476    0.0045129087   -0.0031052273    0.0164151594
   -0.0165768390    0.0091427612   -0.0092364032    0.0063193210
    0.0009325459   -0.0051721291    0.0011360724   -0.0008481017
   -0.0018380614   -0.0000481690   -0.0012392477    0.0001800908
    0.0014207419   -0.0002843515    0.0003840167    0.0081328765
   -0.0008840910   -0.0018628836    0.0471899868    0.0158321254
   -0.0778159292    0.2646654603   -0.0040215259   -0.0231349242
    0.0023742535   -0.0008714765    0.0011098505   -0.2888752947
    0.6846879565   -0.0511726501   -0.7552793136    0.2834656320
    0.6630366510    0.0149851971   -0.0106208874   -0.0051798575
   -0.1408486472   -1.2279778356    0.0212317333    0.0078003372
    0.0069235834   -0.0000584756   -0.0222533509    0.0285334895
   -0.0335904289    0.1665820636   -0.0784033970   -0.2543083758
   -0.0007821498    0.0010110798   -0.0012896699    0.0003245336
   -0.0008333123    0.0010492395    0.0009394213   -0.0002670934
   -0.0007820641    0.0007931781   -0.0011365234    0.0011785297
   -0.0007308487    0.0009850006   -0.0009945839   -0.0002850825
   -0.0005799362   -0.0001310510   -0.0013703103    0.0002434866
    0.0007567490   -0.0023875962    0.0000816843    0.0012575792
   -0.0003983802    0.0008718308   -0.0014264666    0.0001390075
   -0.0007328810   -0.0001428267    0.0000224258   -0.0003449027
    0.0007368989    0.0010324864   -0.0003472263   -0.0005175785
    0.0022745623    0.0000466384    0.0001893131    0.0017204420
    0.0001149516    0.0004387668    0.0008736745   -0.0005601713
   -0.0008505569    0.0021194716   -0.0011321440   -0.0008270960
   -0.0007077769    0.0006867890   -0.0003856189   -0.0000709466
   -0.0000401484   -0.0001569450   -0.0006771066    0.0000396703
    0.0005022012   -0.0025345911    0.0054097259   -0.0071194414
   -0.0030091683    0.0015847710    0.0055580410    0.0019022852
    0.0003333418   -0.0002944213    0.0001137500   -0.0002138815
   -0.0004521718   -0.0000012779   -0.0003451910    0.0000627167
    0.0004918017   -0.0000909164    0.0001181107    0.0143915200
   -0.0007451259   -0.0051308635   -0.0290694253    0.0176140817
   -0.0060516092    0.0047033105   -0.0035549972    0.0032239757
    0.0007161788   -0.0002576489    0.0003228366   -0.2327446770
    0.1756588392    0.0203804732    0.0132778139   -0.0033879476
   -0.0031907127    0.0022797986   -0.0035715122   -0.0031569148
   -0.0199502367    0.0097795569    0.0078002404    0.4653478077
   -0.1000985629    0.0676040836    0.0062506475    0.0104526821
   -0.0029055041    0.0068891640   -0.0127716849   -0.0097342605
    0.0014023287   -0.0016656269    0.0023016645   -0.0004651552
    0.0012514245   -0.0017762952   -0.0016780951    0.0005511008
    0.0015588160   -0.0012627787    0.0017128265   -0.0024633788
    0.0011631932   -0.0015374194    0.0015958652    0.0004197953
    0.0008938890    0.0002458528    0.0020724066   -0.0004296027
   -0.0014735923    0.0037620233   -0.0002084300   -0.0028311945
    0.0011027088   -0.0016431584    0.0030236219   -0.0002383861
    0.0011818692    0.0003648158   -0.0000082511    0.0005117462
   -0.0011487456   -0.0016779900    0.0005551233    0.0008953700
   -0.0034238770   -0.0000041846   -0.0001965931   -0.0027575500
   -0.0000944328   -0.0005104463   -0.0022145873    0.0015035046
    0.0018538464   -0.0034734312    0.0018621664   -0.0009129629
    0.0011000049   -0.0010729679    0.0005722523    0.0001053717
    0.0000677136    0.0002382621    0.0010175358   -0.0000400249
   -0.0008223636    0.0146691905   -0.0117317777    0.0016024224
    0.0041367474    0.0027186372    0.0018313634   -0.0023620539
    0.0004516886    0.0008817255   -0.0002731873    0.0003179272
    0.0006675915    0.0000075121    0.0005068542   -0.0000807595
   -0.0007201571    0.0001424207   -0.0001622650   -0.0247450723
    0.0025922500    0.0117202916    0.0099802189   -0.0048874143
    0.0016453438   -0.0084060474    0.0041345768   -0.0065057756
   -0.0010248478    0.0003852151   -0.0004531145    0.1376673078
   -0.2768571484   -0.1479649130   -0.0248588434    0.0174323783
    0.0129998945   -0.0048015619    0.0060214073    0.0046596424
    0.0422238991   -0.0020459712    0.0069235632   -0.1000984208
   -0.2765571096   -0.4260003099   -0.0103927741   -0.0181934901
    0.0056950345   -0.0109928579    0.0137521704    0.0135060504
    0.0003920134   -0.0004517227    0.0006473977   -0.0002588631
    0.0003821226   -0.0005933517   -0.0002737928    0.0002115543
    0.0001999858   -0.0007177765    0.0005067588   -0.0004681155
    0.0004009115   -0.0005327231    0.0005538524    0.0002091439
    0.0003997557    0.0000826047    0.0005858276   -0.0002846649
   -0.0002750497    0.0008612871   -0.0003346678   -0.0003922873
    0.0002326950   -0.0001956532    0.0004244862   -0.0000526029
    0.0006032457    0.0001047343   -0.0000278968    0.0001938527
   -0.0004228639   -0.0004973016    0.0002111198    0.0002078894
   -0.0011683265    0.0000248508   -0.0001224970   -0.0006534058
    0.0000458641   -0.0002118937    0.0007773881    0.0005487769
    0.0001216902   -0.0004774630   -0.0003366975    0.0003331428
    0.0003536800   -0.0003913639    0.0002419105    0.0000505767
    0.0000312802    0.0001029673    0.0003683559   -0.0000532784
   -0.0002448315   -0.0113889222   -0.0079049034    0.0088983228
    0.0047882925    0.0020115019   -0.0035698521   -0.0013039696
    0.0000849700    0.0005493431    0.0000086022    0.0001183505
    0.0002480131    0.0000072267    0.0002295073   -0.0000379188
   -0.0002813061    0.0000597383   -0.0000728901   -0.0038875924
    0.0011654937    0.0007750841    0.0269771283   -0.0162236253
    0.0066519281   -0.0034776102    0.0018035819   -0.0028685923
   -0.0004425774    0.0001680179   -0.0002040381   -0.0239959700
   -0.0632739511   -0.1469784400   -0.0089226211    0.0084251760
    0.0064761419   -0.0023698673    0.0021580665    0.0025922929
   -0.0201415862    0.0165006368   -0.0000585012    0.0676042413
   -0.4259997812   -0.0058976691   -0.0063403358   -0.0038027103
    0.0006249563   -0.0067631404    0.0069510258    0.0101960223
   -0.0029972313    0.0040354249   -0.0052662242    0.0010533343
   -0.0027704601    0.0043172151    0.0031667950   -0.0010173332
   -0.0028287100    0.0019207813   -0.0042166367    0.0063526148
   -0.0025584134    0.0034714590   -0.0036828076   -0.0011639069
   -0.0023218247   -0.0006777083   -0.0030056713    0.0007220072
    0.0025652667   -0.0038627876   -0.0001687216    0.0049073558
   -0.0034832025    0.0044082023   -0.0074520228    0.0007057775
   -0.0031370576   -0.0011986560    0.0000048584   -0.0011517459
    0.0026528500    0.0034137368   -0.0012473799   -0.0015776850
    0.0054411112    0.0000632788    0.0005909246    0.0027386715
    0.0001180641    0.0009127609    0.0039837460   -0.0010302489
   -0.0049532635    0.0044647006   -0.0087861487    0.0116078296
   -0.0020774057    0.0022440348   -0.0015428243   -0.0002740382
   -0.0001504267   -0.0006533195   -0.0019110686    0.0001348203
    0.0015940274   -0.0042045215    0.0013828986    0.0040728721
   -0.0149544926    0.0130622228   -0.0015153900    0.0086547477
    0.0008950713   -0.0041327427    0.0002722595   -0.0008613358
   -0.0013648766   -0.0000522707   -0.0012143020    0.0001922797
    0.0013593231   -0.0002725794    0.0003752824    0.0080945775
   -0.0006371538   -0.0026941513    0.0004586867   -0.0003945523
   -0.0009509844    0.2845248648   -0.0354291975   -0.0022234753
    0.0022959077   -0.0008381760    0.0010861681   -0.0085837616
   -0.0112074430   -0.0077149905   -0.9911635932    0.4839675674
    0.6934051226    0.0414195553   -0.0521269119   -0.0343885129
   -0.0216136999   -0.0076706219   -0.0222532781    0.0062506392
   -0.0103928058   -0.0063403765   -4.2208514322  -13.2041299960
    0.8663034335    0.0194183786   -0.0324088188   -0.0425029391
   -0.0038818996    0.0053956033   -0.0069753873    0.0014868223
   -0.0037427496    0.0059106109    0.0040111755   -0.0012976460
   -0.0036424525    0.0023522891   -0.0056168015    0.0087364721
   -0.0034032063    0.0046521844   -0.0049675569   -0.0016403778
   -0.0032565145   -0.0009851490   -0.0039077645    0.0009471706
    0.0033501971   -0.0049784244   -0.0001771358    0.0061943833
   -0.0042992657    0.0053515612   -0.0098027425    0.0010646051
   -0.0045628103   -0.0018740712    0.0000055507   -0.0015557854
    0.0036050457    0.0045105851   -0.0016519570   -0.0020815869
    0.0070892975    0.0000920582    0.0008111183    0.0034439414
    0.0001508018    0.0012312441    0.0045512647   -0.0012063695
   -0.0058553986    0.0050343814   -0.0110927418    0.0147689755
   -0.0027233512    0.0029848331   -0.0021055893   -0.0003767760
   -0.0002019802   -0.0009190324   -0.0025294269    0.0001826094
    0.0021238805   -0.0060848252    0.0016070001    0.0036003749
   -0.0118301837    0.0186342521   -0.0025167060    0.0137378210
    0.0017288241   -0.0067080417    0.0003190964   -0.0011752672
   -0.0018162692   -0.0000785775   -0.0016396811    0.0002550678
    0.0017897982   -0.0003591411    0.0005038795    0.0094074995
   -0.0008193317   -0.0026001857    0.0005998174   -0.0000287823
   -0.0014621160    0.2243515499   -0.0468772362    0.0064250466
    0.0030702731   -0.0011166889    0.0014630114   -0.0037840059
   -0.0045586160   -0.0151618467   -0.9884418471    0.4245671515
    0.8799655097    0.0525506598   -0.0659653254   -0.0560127862
   -0.0291763654   -0.0422558702    0.0285334433    0.0104527198
   -0.0181935232   -0.0038027460  -13.2041594527   -6.7257947665
    0.7144769292    0.0174332861   -0.0339473980   -0.0446627274
    0.0013239176   -0.0014589358    0.0020557458   -0.0006029884
    0.0011374280   -0.0017829461   -0.0012344259    0.0004129155
    0.0011874327   -0.0010930814    0.0015959858   -0.0023877417
    0.0011011826   -0.0014865771    0.0015382395    0.0005512297
    0.0010761338    0.0002995001    0.0013094809   -0.0003850937
   -0.0010722443    0.0017393090    0.0000210799   -0.0018403988
    0.0013911013   -0.0018393385    0.0018771709   -0.0002116105
    0.0014537367    0.0004793914   -0.0000370519    0.0005123607
   -0.0011478104   -0.0014479048    0.0005356194    0.0006878964
   -0.0023594639    0.0000093675   -0.0002746420   -0.0011585642
    0.0000004193   -0.0004353829   -0.0012753666    0.0003556778
    0.0019002958   -0.0040055351    0.0029182060   -0.0034887145
    0.0009132700   -0.0010017534    0.0006558386    0.0001296601
    0.0000753806    0.0002979446    0.0008471755   -0.0000726882
   -0.0006888058    0.0019662912   -0.0011802741   -0.0013723940
    0.0131628561    0.0010778150   -0.0023043363   -0.0028362100
    0.0001901242    0.0013257287   -0.0000966481    0.0003497190
    0.0006231059    0.0000285779    0.0005630256   -0.0000859696
   -0.0006014442    0.0001273695   -0.0001703360   -0.0031450670
    0.0005458879    0.0008720909    0.0000437972   -0.0007128430
    0.0019310392   -0.0494392269    0.0239940727   -0.0293087710
   -0.0010385700    0.0003886939   -0.0004937215   -0.0010655560
    0.0037749025    0.0040654936   -0.0110023669    0.1304756691
   -0.2405465931   -0.0139662328    0.0143077039    0.0145452579
    0.0114684868   -0.0045318311   -0.0335904283   -0.0029055178
    0.0056950317    0.0006249575    0.8662959079    0.7144673603
    7.9614334032   -0.0043788142    0.0093305796    0.0168639061
   -0.0007915281    0.0010589901   -0.0014098664    0.0003048488
   -0.0008009299    0.0011417219    0.0009075662   -0.0002073695
   -0.0007734375    0.0003938916   -0.0010115091    0.0016219373
   -0.0007308830    0.0009942391   -0.0010337235   -0.0003138218
   -0.0006287290   -0.0001549989   -0.0010542327    0.0002174941
    0.0007333589   -0.0014712099   -0.0000255135    0.0013208699
   -0.0005167335    0.0011185000   -0.0018098049    0.0001578369
   -0.0007809727   -0.0002311500    0.0000154685   -0.0003393447
    0.0007547593    0.0009942321   -0.0003623373   -0.0004842671
    0.0018194744    0.0000247496    0.0001910636    0.0009965431
    0.0000332484    0.0003264326    0.0007740968   -0.0007306369
   -0.0012983177    0.0011594460   -0.0017382337    0.0011421069
   -0.0006484380    0.0006739300   -0.0004281638   -0.0000777208
   -0.0000435350   -0.0001732904   -0.0006107817    0.0000458602
    0.0004777247   -0.0026959615    0.0009172932    0.0007591348
    0.0007071662    0.0009720176   -0.0030417977    0.0014627653
    0.0000651417   -0.0003501046    0.0000771330   -0.0002299022
   -0.0004340111   -0.0000090160   -0.0003626254    0.0000626467
    0.0004413152   -0.0000866646    0.0001173024    0.0035804794
   -0.0001720361   -0.0010879592    0.0032345010    0.0026441287
    0.0034394485   -0.0104396362    0.0022554816    0.0008207491
    0.0007127428   -0.0002597658    0.0003318267   -0.0121708751
   -0.0014576577   -0.0053580423    0.0132071262   -0.0229563164
    0.0107646079    0.0003897480   -0.0043086168   -0.0019423185
   -0.1353900103    0.0814767765    0.1665820683    0.0068891553
   -0.0109928979   -0.0067632052    0.0194183806    0.0174332907
   -0.0043788081    0.5661447047    0.0967468469   -0.0781261640
    0.0012903546   -0.0016102282    0.0022312268   -0.0005399108
    0.0011881229   -0.0018368990   -0.0013275797    0.0005674102
    0.0013825426   -0.0007356081    0.0015736304   -0.0025974221
    0.0011568042   -0.0015544800    0.0016231504    0.0005160579
    0.0010322463    0.0002717696    0.0015939761   -0.0004215367
   -0.0012109417    0.0022906905    0.0000758069   -0.0021382716
    0.0010258521   -0.0015380300    0.0029348592   -0.0002201869
    0.0013186910    0.0004359472   -0.0000277487    0.0005336253
   -0.0011890704   -0.0015788543    0.0005445742    0.0007640296
   -0.0027763819    0.0000087059   -0.0002776417   -0.0014973215
   -0.0000294979   -0.0004844775   -0.0018304145   -0.0002949882
    0.0016793505   -0.0032901309    0.0019919882   -0.0021931553
    0.0010184118   -0.0010734115    0.0006594898    0.0001264511
    0.0000758300    0.0002810687    0.0009523268   -0.0000678939
   -0.0007529256    0.0022545269   -0.0020908116   -0.0010181045
   -0.0000254668   -0.0018322266    0.0037420530   -0.0024804028
    0.0001213605    0.0009143931   -0.0001377351    0.0003512462
    0.0006796141    0.0000198303    0.0005767032   -0.0000928147
   -0.0006795428    0.0001399602   -0.0001803167   -0.0050730050
    0.0009017738    0.0019333962    0.0046649620    0.0086607167
    0.0031576172    0.0041069329    0.0051814462   -0.0022827165
   -0.0011068019    0.0004129748   -0.0005147248    0.0028399787
    0.0104727517    0.0142672112   -0.0515845706    0.0279213518
    0.0132053613   -0.0029067666    0.0072269181    0.0049239130
   -0.0747368165   -0.2180619281   -0.0784033504   -0.0127717320
    0.0137522426    0.0069510854   -0.0324088603   -0.0339474407
    0.0093305848    0.0967471465   -0.7022608512   -0.8017484324
    0.0014670180   -0.0018477072    0.0025085503   -0.0007147570
    0.0014339006   -0.0021438965   -0.0014028732    0.0006041251
    0.0013038620   -0.0009818980    0.0018209619   -0.0028509211
    0.0013732363   -0.0018518700    0.0019213801    0.0006602389
    0.0012930863    0.0003271801    0.0018229345   -0.0005424414
   -0.0012485536    0.0024789668   -0.0002280775   -0.0019828563
    0.0009746659   -0.0016628079    0.0030410937   -0.0002666449
    0.0016918049    0.0005329573   -0.0000537995    0.0006491798
   -0.0014315474   -0.0018114409    0.0006679039    0.0008338699
   -0.0032559247    0.0000045331   -0.0003756562   -0.0016600618
   -0.0000092393   -0.0006389701   -0.0014090000    0.0006056605
    0.0008331585   -0.0041256973    0.0028512881   -0.0020278879
    0.0011921113   -0.0012811805    0.0008142759    0.0001595820
    0.0000921611    0.0003534441    0.0011313493   -0.0001063168
   -0.0008616524    0.0029069990   -0.0037163209    0.0003337127
   -0.0001803495   -0.0014947819    0.0034941636   -0.0036323703
   -0.0000644159    0.0014260385   -0.0000933931    0.0004277987
    0.0008191025    0.0000266701    0.0007190349   -0.0001179677
   -0.0008187354    0.0001688558   -0.0002260256   -0.0055502244
    0.0008918942    0.0015648859    0.0036945644    0.0099098092
   -0.0110561898   -0.0043872406    0.0055022674   -0.0032206451
   -0.0013700731    0.0005078930   -0.0006449612    0.0374345636
    0.0168249311    0.0053777871   -0.0365104114    0.0246973368
   -0.0009197094   -0.0057763592    0.0088985484    0.0074053499
    0.0515828617   -0.1835315626   -0.2543083005   -0.0097343328
    0.0135061793    0.0101961267   -0.0425029511   -0.0446627369
    0.0168638977   -0.0781261096   -0.8017463776    0.0232865818
