#      REAL   NALLORB   NKPOINT
          T       204         1
#   IKPOINT
          1
# MATRIX
  -3.023808415502895E-01   0.000000000000000E+00   0.000000000000000E+00   0.000000000000000E+00  -1.591899287524727E-01   3.139949420994371E-03  -1.208209440858298E-01   1.098103963105231E-01  -1.493046753884998E-01   7.138654069717532E-02  -2.233529463467215E-02  -1.364111232385056E-01  -1.638601804784859E-01  -7.798472163216540E-02   1.446060305256553E-01   3.038368199506096E-02  -1.986178567388819E-02   7.508716032616256E-03  -2.574281036108157E-02   8.298561502993485E-03   2.672284145056170E-02  -1.911598222629877E-02   1.476852950482796E-02  -1.596716662356826E-02  -1.623143993922221E-02  -1.925926268626740E-02   6.624684111896178E-03   8.952969161636733E-03  -2.496055603118258E-02  -2.135411655797070E-02  -8.119087536983738E-03   2.743745044845140E-02  -8.861332716105274E-03   2.619209560677888E-02  -5.441915344488659E-04   1.738049468741530E-04  -9.071907960194535E-04   4.784231174702822E-04  -6.559734020544801E-03   4.860791527463501E-03  -8.974723279540851E-03  -1.877183788009767E-03   1.052352872475042E-03   9.368086087989069E-04  -7.065883137693131E-03  -1.181546120224649E-04   7.930169280397489E-03  -7.779954256924626E-03  -5.379601762432858E-04  -3.639229580082475E-04   9.519958673094558E-04  -1.464704984049966E-04  -2.967941928557510E-06   5.294773517845931E-06  -2.018777639709044E-05   6.756159873019698E-06   1.439322445792358E-04  -6.661157941676498E-05   7.074047282505166E-05  -1.362585979272006E-04  -2.539641222082897E-05  -8.142160657991720E-05  -4.129442682257246E-06   1.322078922951089E-04  -1.294645183246607E-04  -4.577500914784045E-07  -4.415436945907145E-06   1.424043043892260E-05  -4.717261879825394E-06   1.356192015728879E-04   3.924904997310255E-06   8.535800116544145E-07  -2.184988117623535E-06   1.226502537405267E-07  -8.183428398045946E-06  -9.630788772708489E-06  -5.172395651725152E-06   4.479847674943913E-06  -4.412172996853312E-08   2.652603521215891E-07  -1.691071684417185E-07  -8.935663494387031E-07   2.642275339104826E-06  -7.348305101641535E-06   1.611499942137426E-06  -9.995307894899528E-07  -3.330754481089801E-06   3.616349342561396E-07  -2.965539385760198E-06   1.977427080410469E-06   0.000000000000000E+00   0.000000000000000E+00   0.000000000000000E+00   0.000000000000000E+00   2.243081212554681E-06   0.000000000000000E+00   0.000000000000000E+00   0.000000000000000E+00   0.000000000000000E+00   0.000000000000000E+00   0.000000000000000E+00   0.000000000000000E+00  -1.764793287552647E-11  -5.569659919142896E-12   2.230164529130049E-12  -6.963381636917614E-12   0.000000000000000E+00   0.000000000000000E+00   0.000000000000000E+00   0.000000000000000E+00  -2.138416927971795E-06   3.590593982513373E-06  -2.091757580550130E-06   3.882352748863500E-06  -1.070181012164471E-06  -3.015937052418812E-07   2.715308405524697E-08  -4.006404887761377E-07   0.000000000000000E+00   0.000000000000000E+00   0.000000000000000E+00   0.000000000000000E+00   0.000000000000000E+00  -3.043236130507820E-06  -7.261892300045979E-07   6.477170062748722E-07  -7.318522846587857E-07   3.957877294776609E-06  -1.088995846160807E-06   4.521811440286356E-07  -1.058756356775890E-06   7.626588249365631E-08   5.513913031434748E-06   7.105564499265786E-07   6.943177948764949E-06   0.000000000000000E+00   0.000000000000000E+00   0.000000000000000E+00   0.000000000000000E+00   0.000000000000000E+00   0.000000000000000E+00   0.000000000000000E+00   0.000000000000000E+00   0.000000000000000E+00   1.436625075142010E-06   2.685031324389561E-05  -8.407697954806428E-07  -1.098054163464386E-05   2.405301931894947E-07  -1.167283140643494E-05  -2.151596548309606E-06   3.231125261806255E-06   1.694628128577087E-06   4.349421139126324E-06   0.000000000000000E+00   0.000000000000000E+00   0.000000000000000E+00   0.000000000000000E+00   0.000000000000000E+00   0.000000000000000E+00   0.000000000000000E+00   0.000000000000000E+00   0.000000000000000E+00  -3.240522426969823E-04  -4.457461435398763E-04  -1.344874133772365E-04  -4.419788386999457E-04   3.224881725410318E-06   5.891188481038123E-06   5.290126360120845E-06   7.485546282130563E-06   0.000000000000000E+00   0.000000000000000E+00   0.000000000000000E+00   0.000000000000000E+00   0.000000000000000E+00   0.000000000000000E+00   0.000000000000000E+00   5.087824105287327E-03  -4.830831499160653E-05  -6.918117093360513E-05  -5.933822136623759E-05  -7.552731858547706E-05  -3.621956949388151E-06   1.156807703554291E-06   1.632613694040004E-06   1.605031453804685E-06   0.000000000000000E+00  -1.486802331973847E-04  -1.444485150372894E-04  -2.369277551975206E-04  -1.480778141840509E-04  -2.685136272698445E-06   1.737218247065713E-06   3.710569929746095E-06   2.374084809351846E-06   0.000000000000000E+00   5.188012784712086E-06   1.463982032099612E-06   3.641114320976318E-06   1.706206269163370E-06   1.911099353066214E-03   0.000000000000000E+00  -1.285760030452321E-05
   0.000000000000000E+00  -1.470845456828959E-01   0.000000000000000E+00   0.000000000000000E+00  -3.139325925617395E-03  -7.159916798629117E-02  -2.965106241641900E-03   2.694892793307431E-03  -7.138706413919471E-02  -2.410401754555437E-02  -1.308599818865502E-02  -7.992174452180374E-02   7.796608453893410E-02  -2.798237829063689E-02  -8.620543640465467E-02  -1.811292763132576E-02  -7.508488086448291E-03  -3.757027864285371E-03  -1.021417734798376E-02   3.292685520182065E-03  -7.888966416209382E-03  -1.476553647853019E-02   5.493239522040835E-03  -1.293432615543153E-02  -1.314840278777532E-02  -6.623097453275330E-03  -4.133897957613251E-03   3.229739367958446E-03  -9.004397201040421E-03   8.119085139350831E-03  -4.032215943662572E-03  -1.096950950603155E-02   3.542766251115415E-03  -1.766459040733158E-02  -1.737963422261804E-04  -1.087712608272712E-04  -2.922328507447566E-04   1.541141644006891E-04  -4.860686822210155E-03   1.606318145548049E-03  -6.869158444804446E-03  -1.436776652406935E-03   1.000883366576260E-03   5.115775020788397E-04   1.181553077621882E-04  -2.282384498916924E-03  -1.370899662029462E-04   1.344931776902504E-04   3.638799357307909E-04   8.528060959251154E-05  -6.492773861047199E-04   9.989537309087760E-05  -5.294608453523115E-06   1.826668993707549E-06  -1.568250284802854E-05   5.248398553970417E-06   1.022777373005105E-05  -7.073630932580288E-05   4.695594304857433E-05  -1.314423482230318E-04  -2.449874069986656E-05   4.128855687286710E-06  -2.544729099884412E-05  -6.188614831383351E-06   6.060198255437565E-06   4.415402177979897E-06   3.271827294289794E-06  -1.518495827195897E-05   5.030144637149804E-06  -1.234349561356869E-04  -8.537894297903243E-07   4.726712758832095E-06  -1.137356665676909E-05   6.384340606413632E-07  -2.489079844584004E-06   6.200392324545074E-06   1.752575207944322E-06   4.416032462273697E-08   1.121324232599337E-06  -3.464216432762766E-06   2.208486217892281E-06  -2.641867008316238E-06  -3.609014123759002E-07   3.755537092729089E-06  -8.235977853282004E-07  -4.308184501820299E-06  -3.615847665422349E-07   2.036470640802127E-07   1.062462032693102E-06  -7.084516244982289E-07   0.000000000000000E+00   0.000000000000000E+00   0.000000000000000E+00   0.000000000000000E+00   3.433435503776179E-06   0.000000000000000E+00   0.000000000000000E+00   0.000000000000000E+00   0.000000000000000E+00   0.000000000000000E+00   0.000000000000000E+00   0.000000000000000E+00   5.569317215653066E-12  -1.215915717180932E-11   4.239446574417764E-12  -1.323708813470796E-11   0.000000000000000E+00   0.000000000000000E+00   0.000000000000000E+00   0.000000000000000E+00  -3.590411815348951E-06  -4.303528011953145E-06   2.879672223003743E-06  -5.344741414951223E-06   3.015735913300532E-07  -7.474522748182226E-07   5.927101234498711E-08  -8.745366569718790E-07   0.000000000000000E+00   0.000000000000000E+00   0.000000000000000E+00   0.000000000000000E+00   0.000000000000000E+00   7.261408658869399E-07  -2.180321670906685E-06   1.739801993901518E-06  -1.965793783018868E-06   1.089216778207778E-06   1.503246395878030E-05  -6.099185114930006E-06   1.428089405509596E-05  -5.513609525030397E-06  -2.973030412064798E-06  -5.314314879731059E-07  -5.192864534486290E-06   0.000000000000000E+00   0.000000000000000E+00   0.000000000000000E+00   0.000000000000000E+00   0.000000000000000E+00   0.000000000000000E+00   0.000000000000000E+00   0.000000000000000E+00   0.000000000000000E+00   2.154325296972548E-06  -5.734018770570851E-05   1.098045498750807E-05   2.595363695629427E-05  -6.018282884629073E-07   2.920647945980045E-05  -3.230953260575885E-06  -3.387357198353220E-06  -2.111130611816228E-06  -5.418413606883843E-06   0.000000000000000E+00   0.000000000000000E+00   0.000000000000000E+00   0.000000000000000E+00   0.000000000000000E+00   0.000000000000000E+00   0.000000000000000E+00   0.000000000000000E+00   0.000000000000000E+00   4.457379648999202E-04   5.130770649949069E-04   1.842632603368306E-04   6.055619613286641E-04  -5.890824913607031E-06   5.043126255107537E-07  -9.937000159665968E-07  -1.406088806525582E-06   0.000000000000000E+00   0.000000000000000E+00   0.000000000000000E+00   0.000000000000000E+00   0.000000000000000E+00   0.000000000000000E+00   0.000000000000000E+00  -6.088029882167444E-03   6.917978998422288E-05   7.178717300834475E-05   7.513935388234784E-05   9.563943421816148E-05  -1.156758056648072E-06  -2.235107168647128E-06  -3.435459337440517E-06  -3.377418868277558E-06   0.000000000000000E+00   1.444458553270490E-04   8.993466519624280E-05   2.217699447529355E-04   1.386043127085521E-04  -1.737134416200556E-06  -1.191007900421001E-06  -3.610994460652265E-06  -2.310374755900320E-06   0.000000000000000E+00  -1.463802651548682E-06   3.323369297424932E-06   5.622592644944784E-06   2.634716181387110E-06  -1.410296996442026E-03   0.000000000000000E+00   1.309505803741731E-06
   0.000000000000000E+00   0.000000000000000E+00  -1.470845456828959E-01   0.000000000000000E+00   1.207969528394817E-01  -2.965106241641900E-03   4.241699200923691E-02  -1.036957759002343E-01   2.233545840828568E-02  -1.308599818865502E-02  -6.183426573391079E-02   2.500577411621397E-02  -1.445714720119323E-01  -8.620543640465467E-02   8.537740359957338E-02   3.358656043319328E-02   2.574202887261550E-02  -1.021417734798376E-02   2.828186792122704E-02  -1.128861160237434E-02  -1.392887547028870E-02   1.596393067854140E-02  -1.293432615543153E-02   7.513975026510484E-03   1.421554787005475E-02  -8.950824862306748E-03   3.229739367958446E-03  -2.158869321621096E-03  -1.216904671956778E-02  -2.743744234594804E-02  -1.096950950603155E-02   2.979186623366615E-02  -1.197233962839337E-02   2.113593358573346E-02   9.071458832733886E-04  -2.922328507447566E-04   1.360577109127350E-03  -8.044129582903473E-04   8.974529956978181E-03  -6.869158444804446E-03   1.056879151530694E-02   2.652792821293057E-03  -8.855002146435285E-04   3.079387317751071E-04  -7.930215976279152E-03  -1.370899662029462E-04   6.916624178465831E-03  -9.026762882006500E-03  -9.518833241751477E-04  -6.492773861047199E-04   1.535541158793077E-03  -2.613189969281807E-04   2.018714704408244E-05  -1.568250284802854E-05   5.750736538564791E-05  -2.001095912662806E-05  -2.164717884154302E-04   1.362505782950516E-04  -1.314423482230318E-04   2.318969814988913E-04   4.718888530758735E-05  -1.321890991131195E-04  -6.188614831383351E-06   1.724935869072130E-04  -1.940228015960593E-04  -1.424031830726823E-05  -1.518495827195897E-05   4.753723984525542E-05  -1.622295271806554E-05   2.457152959237842E-04   2.185524184696721E-06  -1.137356665676909E-05   2.939753000071072E-05  -1.634259023572706E-06   1.107705498805045E-05  -9.937609768787434E-06   1.326065961818020E-05  -2.654923836301320E-07  -3.464216432762766E-06   2.137201773047247E-05  -1.327744474732932E-05   7.347169512487551E-06   3.755537092729089E-06  -9.454843723547570E-06   2.290468263492272E-06   1.083333100755451E-05   2.965127992066212E-06   1.062462032693102E-06  -8.379369396473705E-06   5.809563723916208E-06   0.000000000000000E+00   0.000000000000000E+00   0.000000000000000E+00   0.000000000000000E+00  -7.850066462993220E-06   0.000000000000000E+00   0.000000000000000E+00   0.000000000000000E+00   0.000000000000000E+00   0.000000000000000E+00   0.000000000000000E+00   0.000000000000000E+00  -2.230027306179613E-12   4.239446574417764E-12  -3.269003649492226E-12   5.300302865087111E-12   0.000000000000000E+00   0.000000000000000E+00   0.000000000000000E+00   0.000000000000000E+00   2.091651456173783E-06   2.879672223003743E-06  -1.038042668218647E-06   3.113664041451619E-06  -2.715127315956496E-08   5.927101234498711E-08  -9.445582248249318E-08   7.873628309684814E-08   0.000000000000000E+00   0.000000000000000E+00   0.000000000000000E+00   0.000000000000000E+00   0.000000000000000E+00  -6.476738683981228E-07   1.739801993901518E-06  -1.781537625021621E-06   1.753369523371580E-06  -4.522728811147819E-07  -6.099185114930006E-06   2.876238646844911E-06  -5.929821527190175E-06  -7.105173382409251E-07  -5.314314879731059E-07   1.082390678586507E-06  -6.691841832721292E-07   0.000000000000000E+00   0.000000000000000E+00   0.000000000000000E+00   0.000000000000000E+00   0.000000000000000E+00   0.000000000000000E+00   0.000000000000000E+00   0.000000000000000E+00   0.000000000000000E+00  -2.324370183086324E-06   3.363331346347018E-05  -2.405282951727116E-07  -6.018282884629073E-07  -1.507487781149560E-06  -6.397717326335389E-07  -1.694537919099114E-06  -2.111130611816228E-06  -4.693166879567709E-07  -2.841795153852124E-06   0.000000000000000E+00   0.000000000000000E+00   0.000000000000000E+00   0.000000000000000E+00   0.000000000000000E+00   0.000000000000000E+00   0.000000000000000E+00   0.000000000000000E+00   0.000000000000000E+00   1.344849457751078E-04   1.842632603368306E-04  -4.205191423726883E-05   1.827059257809429E-04  -5.289799886497214E-06  -9.937000159665968E-07   7.186009796992105E-07  -1.262629346186031E-06   0.000000000000000E+00   0.000000000000000E+00   0.000000000000000E+00   0.000000000000000E+00   0.000000000000000E+00   0.000000000000000E+00   0.000000000000000E+00  -9.072468492458063E-04   5.933703689539047E-05   7.513935388234784E-05   4.863248430274650E-05   8.203205933628230E-05  -1.632543626889940E-06  -3.435459337440517E-06  -4.649368281524274E-06  -4.766583311917103E-06   0.000000000000000E+00   2.369233926800065E-04   2.217699447529355E-04   3.184795928589756E-04   2.273419609904261E-04  -3.710390873206734E-06  -3.610994460652265E-06  -7.213226588464792E-06  -4.934789920707023E-06   0.000000000000000E+00  -3.640668178142203E-06   5.622592644944784E-06   1.504681620561212E-05   6.552882897065435E-06  -2.690904403593784E-03   0.000000000000000E+00   5.561811767420439E-06
   0.000000000000000E+00   0.000000000000000E+00   0.000000000000000E+00  -1.470845456828959E-01  -1.097885914132895E-01   2.694892793307431E-03  -1.036957759002343E-01   2.256963734619159E-02   1.364121234734675E-01  -7.992174452180374E-02   2.500577411621397E-02   8.679228505071858E-02  -3.037642078411861E-02  -1.811292763132576E-02   3.358656043319328E-02  -6.741519840856844E-02  -8.298309579057885E-03   3.292685520182065E-03  -1.128861160237434E-02  -3.097275482370045E-03   2.982050784314489E-02   1.622815043591906E-02  -1.314840278777532E-02   1.421554787005475E-02   7.980708647949999E-03   2.495457780176982E-02  -9.004397201040421E-03  -1.216904671956778E-02   2.740314459394992E-02   8.861330099281299E-03   3.542766251115415E-03  -1.197233962839337E-02  -3.411586962403801E-03   1.871841336928217E-02  -4.783994319389906E-04   1.541141644006891E-04  -8.044129582903473E-04   2.594624575988382E-04   1.877143352001970E-03  -1.436776652406935E-03   2.652792821293057E-03  -1.559213159132274E-03  -1.309051054220085E-03  -1.568274760610459E-03   7.780000068282555E-03   1.344931776902504E-04  -9.026762882006500E-03   6.571348885047798E-03   1.464531829422511E-04   9.989537309087760E-05  -2.613189969281807E-04  -1.227154857644471E-04  -6.755949250043943E-06   5.248398553970417E-06  -2.001095912662806E-05   4.410506721680144E-06   1.948898601385725E-04   2.539491749031644E-05  -2.449874069986656E-05   4.718888530758735E-05  -1.248885971790508E-05   1.294461151097557E-04   6.060198255437565E-06  -1.940228015960593E-04   1.643561510407094E-04   4.717224735275520E-06   5.030144637149804E-06  -1.622295271806554E-05   3.937515785921622E-06   3.021684865609956E-05  -1.226803448710083E-07   6.384340606413632E-07  -1.634259023572706E-06   3.752900674083667E-07  -4.700711447615712E-06  -4.007387772083124E-06  -1.822830547492765E-05   1.692550917596405E-07   2.208486217892281E-06  -1.327744474732932E-05   9.009664297850336E-06  -1.611250904865480E-06  -8.235977853282004E-07   2.290468263492272E-06   4.871953235277196E-07  -3.861825289854559E-07  -1.977152762343711E-06  -7.084516244982289E-07   5.809563723916208E-06  -3.540617908092197E-06   0.000000000000000E+00   0.000000000000000E+00   0.000000000000000E+00   0.000000000000000E+00   3.975558588283406E-07   0.000000000000000E+00   0.000000000000000E+00   0.000000000000000E+00   0.000000000000000E+00   0.000000000000000E+00   0.000000000000000E+00   0.000000000000000E+00   6.962953177151195E-12  -1.323708813470796E-11   5.300302865087111E-12  -1.812093972296199E-11   0.000000000000000E+00   0.000000000000000E+00   0.000000000000000E+00   0.000000000000000E+00  -3.882155779449807E-06  -5.344741414951223E-06   3.113664041451619E-06  -5.139479754687642E-06   4.006137692281966E-07  -8.745366569718790E-07   7.873628309684814E-08  -1.250863920064990E-06   0.000000000000000E+00   0.000000000000000E+00   0.000000000000000E+00   0.000000000000000E+00   0.000000000000000E+00   7.318035433823507E-07  -1.965793783018868E-06   1.753369523371580E-06  -2.210862819320463E-06   1.058971153930509E-06   1.428089405509596E-05  -5.929821527190175E-06   1.422802745480603E-05  -6.942795770271746E-06  -5.192864534486290E-06  -6.691841832721292E-07  -5.388036085836356E-06   0.000000000000000E+00   0.000000000000000E+00   0.000000000000000E+00   0.000000000000000E+00   0.000000000000000E+00   0.000000000000000E+00   0.000000000000000E+00   0.000000000000000E+00   0.000000000000000E+00   1.808318580470341E-06  -4.364526417211429E-05   1.167273929646063E-05   2.920647945980045E-05  -6.397717326335389E-07   2.952718830077557E-05  -4.349189608087844E-06  -5.418413606883843E-06  -2.841795153852124E-06  -6.655824404235141E-06   0.000000000000000E+00   0.000000000000000E+00   0.000000000000000E+00   0.000000000000000E+00   0.000000000000000E+00   0.000000000000000E+00   0.000000000000000E+00   0.000000000000000E+00   0.000000000000000E+00   4.419707291832572E-04   6.055619613286641E-04   1.827059257809429E-04   5.027974056851618E-04  -7.485084320874211E-06  -1.406088806525582E-06  -1.262629346186031E-06  -1.757082427052938E-07   0.000000000000000E+00   0.000000000000000E+00   0.000000000000000E+00   0.000000000000000E+00   0.000000000000000E+00   0.000000000000000E+00   0.000000000000000E+00  -4.971871526127219E-03   7.552581095843725E-05   9.563943421816148E-05   8.203205933628230E-05   8.859645667026313E-05  -1.604962570406156E-06  -3.377418868277558E-06  -4.766583311917103E-06  -4.486926033960814E-06   0.000000000000000E+00   1.480750876480346E-04   1.386043127085521E-04   2.273419609904261E-04   9.681423679795735E-05  -2.373970245977982E-06  -2.310374755900320E-06  -4.934789920707023E-06  -2.657770264165816E-06   0.000000000000000E+00  -1.705997209069837E-06   2.634716181387110E-06   6.552882897065435E-06   4.133339821300461E-06  -1.158641418344297E-03   0.000000000000000E+00   1.564898961918478E-06
  -1.591899287524727E-01  -3.139325925617395E-03   1.207969528394817E-01  -1.097885914132895E-01  -2.986127727687362E-01   0.000000000000000E+00   0.000000000000000E+00   0.000000000000000E+00  -1.945632764628235E-02   7.170026844698827E-03   9.358266901865224E-03  -2.491271626502336E-02  -1.985047125962399E-02  -7.754326136882136E-03   2.575018173996675E-02  -7.958214836339010E-03  -1.674106831828775E-01   7.739286809761081E-02  -1.482475188647008E-01  -2.759843639077995E-02   1.761475874180058E-01  -8.525061232941993E-03   6.205170645421657E-03  -1.922919546720853E-03  -1.143596069357145E-02  -5.272893817743771E-04   1.540663913274258E-04   5.001552191521471E-04  -8.644431365689647E-04  -5.527022563114021E-04  -1.936904171299692E-04   9.243648551054579E-04  -4.718417785144832E-04   7.389168128086463E-03  -2.158893560237020E-02   7.451001073907948E-03  -2.761257912087457E-02   9.583911417736905E-03  -1.953829109567989E-02   1.491665959105615E-02  -1.635944341147562E-02  -1.655367733476279E-02   2.805062888694524E-04   8.514940771621771E-06  -8.389192419399244E-05  -2.558823859938049E-06   1.372034736741618E-04  -1.312546831093775E-04  -1.000965983738309E-07  -3.981457985722873E-06   1.329098570671790E-05  -4.374530465639946E-06  -7.188533289980758E-04   4.226821531898544E-04  -1.263646593904436E-03   2.011339822296405E-04   9.267525175273319E-03  -5.086912664718368E-04   5.057137033199831E-04  -7.158323145484387E-04  -4.311867322052436E-04   3.938216622267995E-06   2.409009787724866E-07  -8.057137307383297E-06   7.745599726102683E-06  -6.174348468406600E-07   1.904761719898343E-06  -7.431999720958261E-06   3.274480450813304E-06  -1.050981800324610E-05  -1.164160757079987E-04   1.104357860730988E-04  -2.237648588985922E-04  -4.127040548496135E-05   1.803266621995255E-05   8.453411518247808E-06  -5.508385257508150E-07  -3.204109234355968E-06   4.405414288481447E-07  -3.172120951810984E-06   2.190656512372198E-06   0.000000000000000E+00   0.000000000000000E+00   0.000000000000000E+00   0.000000000000000E+00  -1.319000024336394E-05   0.000000000000000E+00   0.000000000000000E+00   0.000000000000000E+00   0.000000000000000E+00   0.000000000000000E+00   0.000000000000000E+00   0.000000000000000E+00   0.000000000000000E+00   0.000000000000000E+00   0.000000000000000E+00   0.000000000000000E+00   0.000000000000000E+00   0.000000000000000E+00   0.000000000000000E+00   0.000000000000000E+00   0.000000000000000E+00   0.000000000000000E+00   0.000000000000000E+00   0.000000000000000E+00   0.000000000000000E+00   0.000000000000000E+00   0.000000000000000E+00   0.000000000000000E+00   0.000000000000000E+00   0.000000000000000E+00   0.000000000000000E+00   0.000000000000000E+00   0.000000000000000E+00   0.000000000000000E+00   0.000000000000000E+00   0.000000000000000E+00   0.000000000000000E+00   0.000000000000000E+00   0.000000000000000E+00   0.000000000000000E+00   0.000000000000000E+00   0.000000000000000E+00   0.000000000000000E+00   0.000000000000000E+00   0.000000000000000E+00   0.000000000000000E+00  -3.105421002049055E-07   4.830214041238908E-06  -3.412758783174167E-06   5.952985520240641E-06  -4.534366141533587E-06  -5.156130552602058E-07   7.502784042074346E-08  -7.728023249185472E-07   0.000000000000000E+00   0.000000000000000E+00   0.000000000000000E+00   0.000000000000000E+00   0.000000000000000E+00   0.000000000000000E+00   0.000000000000000E+00   0.000000000000000E+00   0.000000000000000E+00   0.000000000000000E+00  -1.159591428660389E-05   3.251498761144295E-06   6.350830354397792E-06  -2.095241605449932E-06   8.476032920919103E-06  -4.329939414796787E-06  -6.493988537428165E-07  -1.529111345353188E-07  -1.035961122021463E-06   0.000000000000000E+00   0.000000000000000E+00   0.000000000000000E+00   0.000000000000000E+00   0.000000000000000E+00   0.000000000000000E+00   0.000000000000000E+00   0.000000000000000E+00   0.000000000000000E+00  -2.725221798004071E-05  -4.505873520352831E-05   3.800099524000566E-06  -5.991984343841809E-05   3.129569482234404E-07   4.704301196170331E-06   2.625844289744871E-06   7.345551709306634E-06   0.000000000000000E+00   0.000000000000000E+00   0.000000000000000E+00   0.000000000000000E+00   0.000000000000000E+00   0.000000000000000E+00   0.000000000000000E+00   5.841907478939232E-04  -9.908965378921385E-06  -2.077478213639853E-05  -9.306598605270448E-06  -3.001220135029190E-05  -4.026406475542481E-06   6.039972330100247E-07   6.353773655701881E-07   1.020766442034588E-06   0.000000000000000E+00  -2.005424717881972E-04  -1.963297636940536E-04  -2.105050075321330E-04  -2.956257993824957E-04  -1.325010451439554E-06   2.693168990127564E-06   4.514200309840889E-06   4.705011989801541E-06   0.000000000000000E+00   3.965850366246817E-07  -4.712210498319619E-06  -8.855176390779242E-06  -7.855941962841417E-06   3.458451488644458E-03   0.000000000000000E+00  -4.875506588948213E-06
   3.139949420994371E-03  -7.159916798629117E-02  -2.965106241641900E-03   2.694892793307431E-03   0.000000000000000E+00  -1.434999755399086E-01   0.000000000000000E+00   0.000000000000000E+00  -7.171348679890464E-03  -3.819284175527496E-03   3.618797346147695E-03  -9.633629009579557E-03   7.754038187888892E-03  -3.553243990014208E-03  -1.055666356644516E-02   3.262586550460278E-03  -7.740562176712157E-02  -3.149661973956486E-02  -8.645848561250141E-02  -1.609550725633050E-02  -7.398662117267116E-02  -6.205027207824705E-03   1.902036064818557E-03  -1.449238901742729E-03  -8.618893673522183E-03  -1.540598654775467E-04  -1.142853544769408E-04   1.472914487817797E-04  -2.545711353178470E-04   1.937137453086421E-04  -9.895345047303284E-05  -3.268441477704873E-04   1.668375026693144E-04  -4.826693773673347E-03  -7.451798607259193E-03  -4.647541175115006E-03  -1.001948100854995E-02   3.477611345803126E-03  -1.491895623221103E-02   5.330812268664532E-03  -1.310450733799577E-02  -1.326009575313823E-02   2.531601441130662E-04   1.067227722941557E-05   2.559153613384857E-06  -2.628316704604719E-05  -3.873103079720833E-06   3.705175268273453E-06   3.981460720392592E-06   2.952135030212461E-06  -1.419201456895934E-05   4.671090728006627E-06  -4.227153538709453E-04   3.350483037222649E-05  -7.532660046347987E-04   1.198969648011141E-04   5.880683010712983E-04  -5.057463020472487E-04   3.525780745110797E-04  -7.168900037338935E-04  -4.318238388771501E-04  -2.408870620013393E-07   1.718700976549336E-06   2.724782451179624E-08  -2.619425908033898E-08  -1.905309603705215E-06   4.228595580324104E-07   2.450071203800818E-06  -1.079482045366919E-06  -3.590344246703261E-06  -1.104451543003856E-04   6.351136846002534E-05  -2.013314748428432E-04  -3.713287083837859E-05   1.644276534118309E-05   2.538617561107484E-05  -6.378900517472824E-07  -4.406564391789157E-07   2.095643455676680E-07   1.188927464328101E-06  -8.210694774994554E-07   0.000000000000000E+00   0.000000000000000E+00   0.000000000000000E+00   0.000000000000000E+00  -8.616882675542408E-07   0.000000000000000E+00   0.000000000000000E+00   0.000000000000000E+00   0.000000000000000E+00   0.000000000000000E+00   0.000000000000000E+00   0.000000000000000E+00   0.000000000000000E+00   0.000000000000000E+00   0.000000000000000E+00   0.000000000000000E+00   0.000000000000000E+00   0.000000000000000E+00   0.000000000000000E+00   0.000000000000000E+00   0.000000000000000E+00   0.000000000000000E+00   0.000000000000000E+00   0.000000000000000E+00   0.000000000000000E+00   0.000000000000000E+00   0.000000000000000E+00   0.000000000000000E+00   0.000000000000000E+00   0.000000000000000E+00   0.000000000000000E+00   0.000000000000000E+00   0.000000000000000E+00   0.000000000000000E+00   0.000000000000000E+00   0.000000000000000E+00   0.000000000000000E+00   0.000000000000000E+00   0.000000000000000E+00   0.000000000000000E+00   0.000000000000000E+00   0.000000000000000E+00   0.000000000000000E+00   0.000000000000000E+00   0.000000000000000E+00   0.000000000000000E+00  -4.831689613572092E-06  -2.618673190552628E-06   2.603111808891415E-06  -4.540692117561587E-06   5.158491850915948E-07  -3.112236575361573E-06   4.177398330683510E-07  -4.302806963334269E-06   0.000000000000000E+00   0.000000000000000E+00   0.000000000000000E+00   0.000000000000000E+00   0.000000000000000E+00   0.000000000000000E+00   0.000000000000000E+00   0.000000000000000E+00   0.000000000000000E+00   0.000000000000000E+00   4.791259114704476E-06  -6.353046719145926E-06   3.787755540825463E-07   4.021683967221055E-07  -1.626921001140494E-06   6.496606783125973E-07  -2.626696497946165E-06  -5.550210441528493E-07  -3.760224691245769E-06   0.000000000000000E+00   0.000000000000000E+00   0.000000000000000E+00   0.000000000000000E+00   0.000000000000000E+00   0.000000000000000E+00   0.000000000000000E+00   0.000000000000000E+00   0.000000000000000E+00   4.506377235954697E-05   5.214817637102846E-05  -5.210372096325973E-06   8.215697465183230E-05  -4.705772631022248E-06  -1.566654842369070E-06  -1.539054112778365E-06  -4.305358704240969E-06   0.000000000000000E+00   0.000000000000000E+00   0.000000000000000E+00   0.000000000000000E+00   0.000000000000000E+00   0.000000000000000E+00   0.000000000000000E+00  -6.641775596705949E-04   2.077689993859079E-05   2.575393866602577E-05   1.352522619564121E-05   4.361655950885724E-05  -6.041013954246207E-07  -2.234424588151598E-06  -2.392296376910459E-06  -3.843347266171016E-06   0.000000000000000E+00   1.963497766518368E-04   1.274405326319164E-04   2.016490568870820E-04   2.831888150113022E-04  -2.693957734870346E-06  -9.169123025447002E-07  -2.957681356733018E-06  -3.082700210512331E-06   0.000000000000000E+00   4.712274501507589E-06   6.084991557695166E-06   1.347741692886924E-05   1.195660035778193E-05  -2.644695378785780E-03   0.000000000000000E+00  -5.679628662578851E-06
  -1.208209440858298E-01  -2.965106241641900E-03   4.241699200923691E-02  -1.036957759002343E-01   0.000000000000000E+00   0.000000000000000E+00  -1.434999755399086E-01   0.000000000000000E+00  -9.359992151545810E-03   3.618797346147695E-03  -1.868671506138273E-03  -1.257374253373299E-02  -2.574922553322783E-02  -1.055666356644516E-02   2.832380153666422E-02  -1.083423564262194E-02   1.482719487625436E-01  -8.645848561250141E-02   8.898046411659179E-02   3.083125195218661E-02   2.039833105395792E-02   1.922875096862070E-03  -1.449238901742729E-03  -2.325485029588307E-03   2.670907870705029E-03  -5.001340338835865E-04   1.472914487817797E-04   3.185047122391513E-04  -8.264299622888825E-04  -9.244761861089138E-04  -3.268441477704873E-04   1.392385434863392E-03  -7.962124624761080E-04   9.884768471238502E-03   2.761553469054157E-02  -1.001948100854995E-02   2.977987317213294E-02  -1.288763986008603E-02   1.636196219061517E-02  -1.310450733799577E-02   7.754041469526824E-03   1.454265177669405E-02  -8.083464901349044E-05   1.743115910474773E-05  -1.372211549687075E-04  -3.873103079720833E-06   1.813193857467753E-04  -1.986705397498600E-04  -1.329099483564914E-05  -1.419201456895934E-05   4.607684181329813E-05  -1.559313204442788E-05   1.263745850348692E-03  -7.532660046347987E-04   2.033498871789384E-03  -3.584428394883187E-04  -1.003738648282530E-02   7.158784576966996E-04  -7.168900037338935E-04   8.608672453088260E-04   6.112420051727081E-04   8.056671849183084E-06   2.724782451179624E-08   8.081890883782841E-07   8.760891846553472E-07   7.434137454123124E-06   2.450071203800818E-06  -8.508895301100350E-06   4.211923295253207E-06   9.080726575792200E-06   2.237838407896212E-04  -2.013314748428432E-04   3.720848380215846E-04   7.523857889823482E-05  -5.996281066149390E-05  -3.039769001326934E-05  -7.113474080158336E-06   3.172949084322534E-06   1.188927464328101E-06  -8.186197097151140E-06   5.912115233471736E-06   0.000000000000000E+00   0.000000000000000E+00   0.000000000000000E+00   0.000000000000000E+00   1.795396394388223E-06   0.000000000000000E+00   0.000000000000000E+00   0.000000000000000E+00   0.000000000000000E+00   0.000000000000000E+00   0.000000000000000E+00   0.000000000000000E+00   0.000000000000000E+00   0.000000000000000E+00   0.000000000000000E+00   0.000000000000000E+00   0.000000000000000E+00   0.000000000000000E+00   0.000000000000000E+00   0.000000000000000E+00   0.000000000000000E+00   0.000000000000000E+00   0.000000000000000E+00   0.000000000000000E+00   0.000000000000000E+00   0.000000000000000E+00   0.000000000000000E+00   0.000000000000000E+00   0.000000000000000E+00   0.000000000000000E+00   0.000000000000000E+00   0.000000000000000E+00   0.000000000000000E+00   0.000000000000000E+00   0.000000000000000E+00   0.000000000000000E+00   0.000000000000000E+00   0.000000000000000E+00   0.000000000000000E+00   0.000000000000000E+00   0.000000000000000E+00   0.000000000000000E+00   0.000000000000000E+00   0.000000000000000E+00   0.000000000000000E+00   0.000000000000000E+00   3.413801339963015E-06   2.603111808891415E-06  -7.735979518611425E-07   3.208198803116260E-06  -7.506220012348427E-08   4.177398330683510E-07  -3.021935424203658E-07   6.261096590026993E-07   0.000000000000000E+00   0.000000000000000E+00   0.000000000000000E+00   0.000000000000000E+00   0.000000000000000E+00   0.000000000000000E+00   0.000000000000000E+00   0.000000000000000E+00   0.000000000000000E+00   0.000000000000000E+00  -4.330293428475095E-06   2.095972820011493E-06   4.021683967221055E-07   1.465095485411162E-06   5.367475401085648E-07   1.529727852323960E-07  -5.550210441528493E-07  -4.002640062705918E-07  -8.854038166716887E-07   0.000000000000000E+00   0.000000000000000E+00   0.000000000000000E+00   0.000000000000000E+00   0.000000000000000E+00   0.000000000000000E+00   0.000000000000000E+00   0.000000000000000E+00   0.000000000000000E+00  -3.800524340500683E-06  -5.210372096325973E-06  -9.193090240452191E-06  -6.928838078954941E-06  -2.626665614452307E-06  -1.539054112778365E-06   3.315514973476269E-07  -2.403162786013327E-06   0.000000000000000E+00   0.000000000000000E+00   0.000000000000000E+00   0.000000000000000E+00   0.000000000000000E+00   0.000000000000000E+00   0.000000000000000E+00   2.131194205641924E-04   9.307547329295536E-06   1.352522619564121E-05   1.621040688151865E-06   1.953916095132617E-05  -6.354869396492739E-07  -2.392296376910459E-06  -2.476865360336783E-06  -4.043024913841940E-06   0.000000000000000E+00   2.105264654494127E-04   2.016490568870820E-04   1.555787267974028E-04   3.036353862772745E-04  -4.515522377551939E-06  -2.957681356733018E-06  -4.109928658190855E-06  -5.167119589024451E-06   0.000000000000000E+00   8.855296665439987E-06   1.347741692886924E-05   2.423982763994703E-05   2.246881909031215E-05  -3.009714593248603E-03   0.000000000000000E+00  -1.874309817000011E-05
   1.098103963105231E-01   2.694892793307431E-03  -1.036957759002343E-01   2.256963734619159E-02   0.000000000000000E+00   0.000000000000000E+00   0.000000000000000E+00  -1.434999755399086E-01   2.491730906583033E-02  -9.633629009579557E-03  -1.257374253373299E-02   2.688075986336175E-02   7.957919316146837E-03   3.262586550460278E-03  -1.083423564262194E-02  -3.383871879790197E-03   2.760298437233683E-02  -1.609550725633050E-02   3.083125195218661E-02  -7.089273153828736E-02   1.342411840419493E-01   1.143569634198235E-02  -8.618893673522183E-03   2.670907870705029E-03   1.310979708164742E-02   8.644065210158278E-04  -2.545711353178470E-04  -8.264299622888825E-04   1.268703406374034E-03   4.718986073936691E-04   1.668375026693144E-04  -7.962124624761080E-04   2.389864044734532E-04   1.142914076076086E-03  -9.584937251569864E-03   3.477611345803126E-03  -1.288763986008603E-02  -2.878099978254208E-03   1.655622601909788E-02  -1.326009575313823E-02   1.454265177669405E-02   8.097342210757813E-03  -4.692448517360363E-04  -4.342991208915708E-05   1.312715977883606E-04   3.705175268273453E-06  -1.986705397498600E-04   1.637012950920520E-04   4.374533470292021E-06   4.671090728006627E-06  -1.559313204442788E-05   3.833011866766441E-06  -2.011497808271213E-04   1.198969648011141E-04  -3.584428394883187E-04  -1.614049349402074E-04   8.990801491694945E-03   4.312145268617684E-04  -4.318238388771501E-04   6.112420051727081E-04   2.143031547391458E-04  -7.745152265327155E-06  -2.619425908033898E-08   8.760891846553472E-07   8.773013748692995E-07  -3.275422319182547E-06  -1.079482045366919E-06   4.211923295253207E-06  -8.049470879869687E-07  -9.873440798741748E-07   4.127390643834381E-05  -3.713287083837859E-05   7.523857889823482E-05  -2.197601825672625E-05   1.820778604818936E-05  -2.634620720002883E-05   8.888180512733157E-06  -2.191228418017378E-06  -8.210694774994554E-07   5.912115233471736E-06  -3.708206169164063E-06   0.000000000000000E+00   0.000000000000000E+00   0.000000000000000E+00   0.000000000000000E+00   2.829877489605106E-07   0.000000000000000E+00   0.000000000000000E+00   0.000000000000000E+00   0.000000000000000E+00   0.000000000000000E+00   0.000000000000000E+00   0.000000000000000E+00   0.000000000000000E+00   0.000000000000000E+00   0.000000000000000E+00   0.000000000000000E+00   0.000000000000000E+00   0.000000000000000E+00   0.000000000000000E+00   0.000000000000000E+00   0.000000000000000E+00   0.000000000000000E+00   0.000000000000000E+00   0.000000000000000E+00   0.000000000000000E+00   0.000000000000000E+00   0.000000000000000E+00   0.000000000000000E+00   0.000000000000000E+00   0.000000000000000E+00   0.000000000000000E+00   0.000000000000000E+00   0.000000000000000E+00   0.000000000000000E+00   0.000000000000000E+00   0.000000000000000E+00   0.000000000000000E+00   0.000000000000000E+00   0.000000000000000E+00   0.000000000000000E+00   0.000000000000000E+00   0.000000000000000E+00   0.000000000000000E+00   0.000000000000000E+00   0.000000000000000E+00   0.000000000000000E+00  -5.954804085765589E-06  -4.540692117561587E-06   3.208198803116260E-06  -4.530549835029005E-06   7.731562369865568E-07  -4.302806963334269E-06   6.261096590026993E-07  -6.690466829537450E-06   0.000000000000000E+00   0.000000000000000E+00   0.000000000000000E+00   0.000000000000000E+00   0.000000000000000E+00   0.000000000000000E+00   0.000000000000000E+00   0.000000000000000E+00   0.000000000000000E+00   0.000000000000000E+00   5.019214533689593E-06  -8.478990956250174E-06  -1.626921001140494E-06   5.367475401085648E-07  -5.735664352661298E-07   1.036378800730810E-06  -3.760224691245769E-06  -8.854038166716887E-07  -6.268118054181340E-06   0.000000000000000E+00   0.000000000000000E+00   0.000000000000000E+00   0.000000000000000E+00   0.000000000000000E+00   0.000000000000000E+00   0.000000000000000E+00   0.000000000000000E+00   0.000000000000000E+00   5.992654193092235E-05   8.215697465183230E-05  -6.928838078954941E-06   9.962117416004590E-05  -7.347849287701578E-06  -4.305358704240969E-06  -2.403162786013327E-06  -5.532001320640192E-06   0.000000000000000E+00   0.000000000000000E+00   0.000000000000000E+00   0.000000000000000E+00   0.000000000000000E+00   0.000000000000000E+00   0.000000000000000E+00  -8.183713509748623E-04   3.001526082429249E-05   4.361655950885724E-05   1.953916095132617E-05   5.857254598772081E-05  -1.020942478432654E-06  -3.843347266171016E-06  -4.043024913841940E-06  -6.455607005877387E-06   0.000000000000000E+00   2.956559341238174E-04   2.831888150113022E-04   3.036353862772745E-04   3.657851814812024E-04  -4.706389940270037E-06  -3.082700210512331E-06  -5.167119589024451E-06  -4.537891165807150E-06   0.000000000000000E+00   7.856048665487725E-06   1.195660035778193E-05   2.246881909031215E-05   1.884648926453904E-05  -3.894787834574936E-03   0.000000000000000E+00  -1.104030447225337E-05
  -1.493046753884998E-01  -7.138706413919471E-02   2.233545840828568E-02   1.364121234734675E-01  -1.945632764628235E-02  -7.171348679890464E-03  -9.359992151545810E-03   2.491730906583033E-02  -3.029526458002751E-01   0.000000000000000E+00   0.000000000000000E+00   0.000000000000000E+00  -1.928177989934592E-02  -1.462751620938678E-02   1.570790781798880E-02   1.696558763266079E-02  -7.156586608218546E-03  -4.472566873680775E-05  -8.020129910454147E-03   7.863154097051798E-03   9.043920946914015E-04  -1.549141851889475E-01   7.563243373781364E-02  -1.391460497226097E-01  -2.249748720294921E-02  -1.596997495324672E-01  -8.092545507597913E-03   1.180372565995723E-01  -1.134076339014139E-01  -7.883596575015911E-03  -5.757629834759732E-03   1.055866375283325E-02   2.428248709254802E-03   8.619526056061590E-04  -8.514559112931893E-05  -1.973312694209117E-06  -1.370887190952528E-04   1.346518256394359E-04  -1.745229951839049E-02   6.852495408348200E-03  -2.287218146654978E-02   7.515197171970959E-03   2.878525492506781E-02   2.740143363619826E-02  -1.919351778913087E-02  -7.706945132827131E-03   2.487681650392806E-02  -8.058719978735253E-03  -9.759038689603651E-05  -1.017690061976094E-04   1.875357771343203E-04   3.807703723935680E-05   3.871098402206802E-06   2.499372605201018E-07  -2.113983211451290E-06   1.376114446161586E-06  -6.631291480938030E-06  -3.622013471168728E-04   2.407302453173604E-04  -6.626746979227195E-04   1.049854207213161E-04  -4.822524222535799E-04  -1.882403677512999E-04   8.061971011666135E-04  -4.243543432693882E-04   4.163889265538585E-06  -6.335844317567683E-07   1.443992568057954E-06  -6.370057457364258E-08  -5.795822655284307E-06   3.315317295276509E-07   3.230452450095892E-06  -1.235062409250965E-05   4.196136387039785E-06  -2.089619178249066E-06   7.484496368480875E-05   1.453884139255948E-04   2.228008479046037E-07  -3.881784306056571E-06   1.265190738690753E-05  -4.109038145006942E-06  -3.274623809309494E-06   1.551928911614860E-06  -3.379641884725353E-06  -9.799549515834568E-09  -5.256500096650721E-06  -1.048560979333929E-06   1.653739911863720E-06  -7.009754114611529E-06   2.913607248850561E-06   0.000000000000000E+00   0.000000000000000E+00   0.000000000000000E+00   0.000000000000000E+00   0.000000000000000E+00   0.000000000000000E+00   0.000000000000000E+00   0.000000000000000E+00   0.000000000000000E+00   2.277055405541708E-06   0.000000000000000E+00   0.000000000000000E+00  -4.138785657265390E-06  -9.703425504581040E-07   3.774723968477525E-07  -8.135539490037095E-07   0.000000000000000E+00   0.000000000000000E+00   0.000000000000000E+00   0.000000000000000E+00  -4.486357402833126E-07   6.286573437776746E-06  -3.421609509626421E-06   4.126499795394802E-06  -3.996671124510490E-06   1.069847348084274E-06  -1.282810840353383E-07   9.566183932452408E-07   0.000000000000000E+00   0.000000000000000E+00   0.000000000000000E+00   0.000000000000000E+00   0.000000000000000E+00  -4.364001404726136E-06  -8.667527055449920E-07   7.044046042129022E-07  -5.273069742730146E-07   1.644627521207435E-06  -7.707807431485688E-06   3.074744545618083E-06  -3.951486043049926E-06   3.943202132709030E-06   8.410756459381177E-06   5.278456075130455E-07   6.600776994766015E-06   0.000000000000000E+00   0.000000000000000E+00   0.000000000000000E+00   0.000000000000000E+00   0.000000000000000E+00   0.000000000000000E+00   0.000000000000000E+00   0.000000000000000E+00   0.000000000000000E+00   8.710505941283725E-07   1.431727234076460E-05  -1.594878306011555E-05  -4.431863136437581E-05   3.106753533120476E-06  -2.528206024865427E-05   2.293969739144975E-06   7.804253234678661E-06   3.079659865463034E-06   6.563412602062490E-06   0.000000000000000E+00   0.000000000000000E+00   0.000000000000000E+00   0.000000000000000E+00   0.000000000000000E+00   0.000000000000000E+00   0.000000000000000E+00   0.000000000000000E+00   0.000000000000000E+00  -6.046337446242915E-04  -1.043682095918107E-03  -1.877482720380491E-04  -4.344183320664101E-04   5.278429173801466E-06   4.028635199831620E-06   2.757654747689551E-06   2.859401882603012E-06   0.000000000000000E+00   0.000000000000000E+00   0.000000000000000E+00   0.000000000000000E+00   0.000000000000000E+00   0.000000000000000E+00   0.000000000000000E+00   4.374834766049733E-03  -1.495167831629263E-04  -2.493912861433389E-04  -1.538867649542546E-04  -1.183118081263616E-04  -6.322489436788401E-08   5.233515415819911E-06   5.737682370031542E-06   4.107906896019243E-06   0.000000000000000E+00  -2.951684452164877E-04  -3.846539231380974E-04  -4.348631798437013E-04  -9.959817521509491E-05   6.463332037083424E-07   4.800581065537868E-06   7.671270572722717E-06   3.104172985398387E-06   0.000000000000000E+00   1.960910903880217E-06  -4.153821004369143E-06  -7.187651376214095E-06  -1.387431073887393E-06   1.963750175896639E-03   0.000000000000000E+00  -1.297406160893714E-05
   7.138654069717532E-02  -2.410401754555437E-02  -1.308599818865502E-02  -7.992174452180374E-02   7.170026844698827E-03  -3.819284175527496E-03   3.618797346147695E-03  -9.633629009579557E-03   0.000000000000000E+00  -1.476495671646925E-01   0.000000000000000E+00   0.000000000000000E+00   1.462428873062344E-02   5.106683307420909E-03  -1.249769688694510E-02  -1.349834581401604E-02   4.472419953678559E-05  -2.313594180999928E-03   5.181276886985256E-05  -5.079865168861198E-05  -5.492173066243088E-04  -7.561471792171713E-02  -2.353117180996159E-02  -8.396203182917494E-02  -1.357519484294455E-02   8.090321605484516E-03  -7.147621075689260E-02  -7.442569163473380E-03   7.150658896118399E-03   5.757594316351118E-03   1.792274473934425E-03  -7.980391465672206E-03  -1.835305653205093E-03  -8.132399751708651E-04   1.973203037625610E-06  -2.664037042077730E-05   2.945505351039681E-06  -2.893145953699082E-06  -6.852285659609524E-03  -3.060061456540919E-03  -9.400085543279981E-03   3.088620838132902E-03   1.958071705908240E-02   6.198170834032742E-03   7.706945670210507E-03  -3.255056429015241E-03  -1.047870708053197E-02   3.394524620457915E-03   1.017562614446658E-04   6.896237885673950E-05  -1.830275362674904E-04  -3.716168946948930E-05  -2.500100484019726E-07   5.899840294558237E-07  -2.795237292755279E-06   1.819582292883680E-06  -2.045741014680544E-06  -2.407158781159709E-04   5.039917406861655E-05  -4.397776510087099E-04   6.967255858675603E-05   1.882138105843623E-04  -7.201474125689895E-05  -3.164793598299761E-04   1.665838176602558E-04   6.337504110688265E-07   5.602388319773774E-06  -1.188473325606630E-05   5.242854802806140E-07  -1.078346564943337E-05  -3.230424938591687E-06   2.015588847852531E-06  -1.210245333058091E-05   4.111820132530822E-06  -1.004079000603594E-06   7.203629474911283E-05  -2.125915590162412E-05   3.881766164551222E-06   3.180676369579226E-06  -1.427347382126929E-05   4.635684296428381E-06  -1.551705350199604E-06  -1.870390073468893E-06   4.839835130515323E-06   1.403349988775950E-08  -3.459858888573820E-06  -1.653452856681313E-06   3.920771852282427E-07   2.390565568345468E-06  -9.936395849128751E-07   0.000000000000000E+00   0.000000000000000E+00   0.000000000000000E+00   0.000000000000000E+00   0.000000000000000E+00   0.000000000000000E+00   0.000000000000000E+00   0.000000000000000E+00   0.000000000000000E+00   9.717280346529330E-07   0.000000000000000E+00   0.000000000000000E+00   9.702584016780056E-07  -4.545747440208130E-06   1.661560458613182E-06  -3.581107079356542E-06   0.000000000000000E+00   0.000000000000000E+00   0.000000000000000E+00   0.000000000000000E+00  -6.286146713218028E-06  -5.522821504260147E-06   3.573340738962342E-06  -4.309489375312716E-06  -1.069802195711921E-06  -6.199604837141839E-06   7.496079484413325E-07  -5.589980444850843E-06   0.000000000000000E+00   0.000000000000000E+00   0.000000000000000E+00   0.000000000000000E+00   0.000000000000000E+00   8.666736489860981E-07  -4.492385030373173E-06   3.430274486219171E-06  -2.567853261372848E-06   7.707886903746158E-06   3.152519422283975E-05  -1.282481101492379E-05   1.648171448989017E-05  -8.410084613349282E-06   1.093757816571618E-06  -3.457921113639389E-08  -4.324174685125603E-07   0.000000000000000E+00   0.000000000000000E+00   0.000000000000000E+00   0.000000000000000E+00   0.000000000000000E+00   0.000000000000000E+00   0.000000000000000E+00   0.000000000000000E+00   0.000000000000000E+00   1.405975475880018E-06  -4.882907716836783E-05   4.431755207879888E-05   8.775798703399610E-05  -6.593039919226864E-06   5.365267333976585E-05  -7.803647937817843E-06  -1.987135229799289E-06  -1.380350188171183E-06  -2.941820920519063E-06   0.000000000000000E+00   0.000000000000000E+00   0.000000000000000E+00   0.000000000000000E+00   0.000000000000000E+00   0.000000000000000E+00   0.000000000000000E+00   0.000000000000000E+00   0.000000000000000E+00   1.043657740740230E-03   1.638143363042268E-03   3.276283026549286E-04   7.580775004323817E-04  -4.028141630420580E-06   9.295092478354162E-06   5.533951792222632E-06   5.738133893002147E-06   0.000000000000000E+00   0.000000000000000E+00   0.000000000000000E+00   0.000000000000000E+00   0.000000000000000E+00   0.000000000000000E+00   0.000000000000000E+00  -6.791489110748649E-03   2.493855187995568E-04   3.554883610839078E-04   2.474301304525412E-04   1.902301742939612E-04  -5.233151297651877E-06  -2.771625568718646E-06  -4.278213975139917E-06  -3.062997140259362E-06   0.000000000000000E+00   3.846452529609493E-04   4.087214892933772E-04   5.626643581193519E-04   1.288689084861178E-04  -4.800247371782724E-06  -1.258798142291967E-06  -4.042209125078566E-06  -1.635676417413373E-06   0.000000000000000E+00   4.153882802709904E-06   1.034173940600919E-05   1.878497626713057E-05   3.626060646389069E-06  -2.143440000756304E-03   0.000000000000000E+00  -1.396847701153253E-07
  -2.233529463467215E-02  -1.308599818865502E-02  -6.183426573391079E-02   2.500577411621397E-02   9.358266901865224E-03   3.618797346147695E-03  -1.868671506138273E-03  -1.257374253373299E-02   0.000000000000000E+00   0.000000000000000E+00  -1.476495671646925E-01   0.000000000000000E+00  -1.570444195692440E-02  -1.249769688694510E-02   6.889358937521555E-03   1.449533664545417E-02   8.019866456035802E-03   5.181276886985256E-05   6.977093379894703E-03  -9.109126757076135E-03  -3.215293872307306E-04   1.391134567501822E-01  -8.396203182917494E-02   8.530207686560087E-02   2.497519441406094E-02  -1.180048189315771E-01  -7.442569163473380E-03   3.657028311337588E-02  -1.042989697351330E-01  -1.055859861718814E-02  -7.980391465672206E-03   1.207546259902795E-02   3.365686199358670E-03   7.108118376386418E-04   1.370811011031234E-04   2.945505351039681E-06   1.779454971264930E-04  -2.009907877814473E-04   2.287148136958838E-02  -9.400085543279981E-03   2.549917601908659E-02  -1.030916360849799E-02  -2.374051022312701E-02   1.347702487856156E-02  -2.487681823851775E-02  -1.047870708053197E-02   2.732222652625103E-02  -1.095699588433695E-02  -1.875122916229944E-04  -1.830275362674904E-04   3.069155196170202E-04   6.848004686960052E-05   2.114598855393099E-06  -2.795237292755279E-06   2.390177381948434E-05  -1.539012795053330E-05  -1.087492884160519E-05   6.626351483396241E-04  -4.397776510087099E-04   1.101247053415708E-03  -1.917924424249815E-04  -8.060833619551145E-04  -3.164793598299761E-04   1.209509851684132E-03  -7.134462841487863E-04  -1.444370848964256E-06  -1.188473325606630E-05   2.747400594661034E-05  -1.194891002871953E-06   1.659585135275628E-05   1.235051891088203E-05  -1.210245333058091E-05   4.511999170367763E-05  -1.572025763493096E-05   9.912216982790416E-06  -1.493555999907907E-04   2.224749205878175E-04  -1.265184825826271E-05  -1.427347382126929E-05   4.532293442395400E-05  -1.510909514004789E-05   3.379155034124690E-06   4.839835130515323E-06  -1.018767015665675E-05  -3.056080961892071E-08   1.182937706182841E-05   7.008537365694989E-06   2.390565568345468E-06  -9.176898876363055E-06   4.211768198140879E-06   0.000000000000000E+00   0.000000000000000E+00   0.000000000000000E+00   0.000000000000000E+00   0.000000000000000E+00   0.000000000000000E+00   0.000000000000000E+00   0.000000000000000E+00   0.000000000000000E+00  -6.788297234447839E-06   0.000000000000000E+00   0.000000000000000E+00  -3.774396621792578E-07   1.661560458613182E-06  -9.208499495805537E-07   1.393084403002827E-06   0.000000000000000E+00   0.000000000000000E+00   0.000000000000000E+00   0.000000000000000E+00   3.421377255152253E-06   3.573340738962342E-06  -9.023414123876847E-07   2.345536876988864E-06   1.282756699963331E-07   7.496079484413325E-07  -3.785572789284686E-08   6.702720275802585E-07   0.000000000000000E+00   0.000000000000000E+00   0.000000000000000E+00   0.000000000000000E+00   0.000000000000000E+00  -7.043403554326888E-07   3.430274486219171E-06  -3.059278861778186E-06   2.086878585647816E-06  -3.074776248135507E-06  -1.282481101492379E-05   4.491784056644874E-06  -6.574770086135413E-06  -5.278034435318896E-07  -3.457921113639389E-08   1.642577059526711E-06  -2.713782790746258E-08   0.000000000000000E+00   0.000000000000000E+00   0.000000000000000E+00   0.000000000000000E+00   0.000000000000000E+00   0.000000000000000E+00   0.000000000000000E+00   0.000000000000000E+00   0.000000000000000E+00  -1.359217131042422E-06   2.634388584833642E-05  -3.106677874775978E-06  -6.593039919226864E-06  -5.831233924611648E-06  -3.761073555932539E-06  -3.079421007446399E-06  -1.380350188171183E-06   9.661451091632537E-07  -1.160880810484760E-06   0.000000000000000E+00   0.000000000000000E+00   0.000000000000000E+00   0.000000000000000E+00   0.000000000000000E+00   0.000000000000000E+00   0.000000000000000E+00   0.000000000000000E+00   0.000000000000000E+00   1.877438907781047E-04   3.276283026549286E-04  -1.241868146579279E-04   1.363707793146534E-04  -2.757316892817577E-06   5.533951792222632E-06   4.998651815254395E-06   3.927829497586942E-06   0.000000000000000E+00   0.000000000000000E+00   0.000000000000000E+00   0.000000000000000E+00   0.000000000000000E+00   0.000000000000000E+00   0.000000000000000E+00  -2.830041324277095E-04   1.538832062177376E-04   2.474301304525412E-04   1.071758758911097E-04   1.173814312900907E-04  -5.737283174800928E-06  -4.278213975139917E-06  -3.559688522979055E-06  -3.358068773046663E-06   0.000000000000000E+00   4.348533779397621E-04   5.626643581193519E-04   5.471317912075063E-04   1.456902944601989E-04  -7.670737334131555E-06  -4.042209125078566E-06  -5.188637765345774E-06  -2.613791163214918E-06   0.000000000000000E+00   7.187758310270366E-06   1.878497626713057E-05   3.199067770242811E-05   6.274430161492341E-06  -2.550432967003736E-03   0.000000000000000E+00  -3.652888428752031E-07
  -1.364111232385056E-01  -7.992174452180374E-02   2.500577411621397E-02   8.679228505071858E-02  -2.491271626502336E-02  -9.633629009579557E-03  -1.257374253373299E-02   2.688075986336175E-02   0.000000000000000E+00   0.000000000000000E+00   0.000000000000000E+00  -1.476495671646925E-01  -1.696184427165485E-02  -1.349834581401604E-02   1.449533664545417E-02   9.124509300600209E-03  -7.862895799154866E-03  -5.079865168861198E-05  -9.109126757076135E-03   6.616953181626870E-03   1.493163975467390E-03   2.249221748827491E-02  -1.357519484294455E-02   2.497519441406094E-02  -6.513043893705571E-02   1.133764684941299E-01   7.150658896118399E-03  -1.042989697351330E-01   2.822171840025126E-02  -2.428233729561361E-03  -1.835305653205093E-03   3.365686199358670E-03  -1.785395741800060E-03   1.114377646318169E-03  -1.346443430649783E-04  -2.893145953699082E-06  -2.009907877814473E-04   1.707351998446336E-04  -7.514967138525651E-03   3.088620838132902E-03  -1.030916360849799E-02  -2.489002933257262E-03  -1.884295980783050E-02  -3.130246584683233E-02   8.058720540646888E-03   3.394524620457915E-03  -1.095699588433695E-02  -2.951941233137652E-03  -3.807226876955864E-05  -3.716168946948930E-05   6.848004686960052E-05  -1.645605928191665E-05  -1.376515204558071E-06   1.819582292883680E-06  -1.539012795053330E-05   1.027782986409201E-05   1.548691055838115E-05  -1.049791550080881E-04   6.967255858675603E-05  -1.917924424249815E-04  -7.897406414616431E-05   4.242944748720326E-04   1.665838176602558E-04  -7.134462841487863E-04   2.296234535914300E-04   6.371726213257790E-08   5.242854802806140E-07  -1.194891002871953E-06   4.404041876708417E-07   7.476074864693421E-06  -4.196100651480869E-06   4.111820132530822E-06  -1.572025763493096E-05   4.191021025237174E-06  -6.895354589762991E-06  -1.332242756712611E-05  -1.919282641408377E-04   4.109018941431574E-06   4.635684296428381E-06  -1.510909514004789E-05   3.708446719968689E-06   9.798137852489530E-09   1.403349988775950E-08  -3.056080961892071E-08   3.519698216059845E-07  -3.153425193810331E-06  -2.913101506651148E-06  -9.936395849128751E-07   4.211768198140879E-06  -7.945642467362263E-07   0.000000000000000E+00   0.000000000000000E+00   0.000000000000000E+00   0.000000000000000E+00   0.000000000000000E+00   0.000000000000000E+00   0.000000000000000E+00   0.000000000000000E+00   0.000000000000000E+00   4.053924218582951E-06   0.000000000000000E+00   0.000000000000000E+00   8.134833970400544E-07  -3.581107079356542E-06   1.393084403002827E-06  -3.276956662942906E-06   0.000000000000000E+00   0.000000000000000E+00   0.000000000000000E+00   0.000000000000000E+00  -4.126219693870231E-06  -4.309489375312716E-06   2.345536876988864E-06  -1.786214070030577E-06  -9.565780196443071E-07  -5.589980444850843E-06   6.702720275802585E-07  -4.946329446691384E-06   0.000000000000000E+00   0.000000000000000E+00   0.000000000000000E+00   0.000000000000000E+00   0.000000000000000E+00   5.272588785767449E-07  -2.567853261372848E-06   2.086878585647816E-06  -1.833722597137160E-06   3.951526785314291E-06   1.648171448989017E-05  -6.574770086135413E-06   7.825319213563357E-06  -6.600249728775996E-06  -4.324174685125603E-07  -2.713782790746258E-08   1.305385178240005E-06   0.000000000000000E+00   0.000000000000000E+00   0.000000000000000E+00   0.000000000000000E+00   0.000000000000000E+00   0.000000000000000E+00   0.000000000000000E+00   0.000000000000000E+00   0.000000000000000E+00   6.138659263590663E-07  -1.473866775404060E-05   2.528144455809385E-05   5.365267333976585E-05  -3.761073555932539E-06   2.431336054244902E-05  -6.562903544638953E-06  -2.941820920519063E-06  -1.160880810484760E-06  -9.632355727759758E-07   0.000000000000000E+00   0.000000000000000E+00   0.000000000000000E+00   0.000000000000000E+00   0.000000000000000E+00   0.000000000000000E+00   0.000000000000000E+00   0.000000000000000E+00   0.000000000000000E+00   4.344081945582631E-04   7.580775004323817E-04   1.363707793146534E-04   1.324153793129274E-04  -2.859051562151265E-06   5.738133893002147E-06   3.927829497586942E-06   5.283339399530721E-06   0.000000000000000E+00   0.000000000000000E+00   0.000000000000000E+00   0.000000000000000E+00   0.000000000000000E+00   0.000000000000000E+00   0.000000000000000E+00  -1.241142372107117E-03   1.183090720850127E-04   1.902301742939612E-04   1.173814312900907E-04   4.474487965457527E-05  -4.107621091275283E-06  -3.062997140259362E-06  -3.358068773046663E-06  -1.273552938232758E-06   0.000000000000000E+00   9.959593025210146E-05   1.288689084861178E-04   1.456902944601989E-04  -5.560976394902611E-05  -3.103957210864852E-06  -1.635676417413373E-06  -2.613791163214918E-06   2.130952765923915E-07   0.000000000000000E+00   1.387451715349362E-06   3.626060646389069E-06   6.274430161492341E-06   6.968518092895762E-07   1.329155950587816E-04   0.000000000000000E+00  -1.164440133838784E-08
  -1.638601804784859E-01   7.796608453893410E-02  -1.445714720119323E-01  -3.037642078411861E-02  -1.985047125962399E-02   7.754038187888892E-03  -2.574922553322783E-02   7.957919316146837E-03  -1.928177989934592E-02   1.462428873062344E-02  -1.570444195692440E-02  -1.696184427165485E-02  -3.003971390135954E-01   0.000000000000000E+00   0.000000000000000E+00   0.000000000000000E+00  -5.581400390317625E-04   3.737444384000402E-04  -9.883674485840880E-04   1.348442906396772E-04   8.086606682063771E-03  -5.193851827158513E-04   5.302640296723032E-04  -7.070920158185745E-04  -4.600188402423746E-04  -7.738125590639863E-03   5.323572417288096E-03  -1.701133098892296E-03  -1.068394949130107E-02  -1.617530012799529E-01  -7.110724115633900E-04   1.194341265138280E-01  -1.144262617962307E-01   1.772111956080379E-01  -2.292806592174663E-06   5.279841894493036E-06  -1.848474259600036E-05   6.061060113835278E-06  -8.065537242737302E-05   8.581929502852469E-05  -1.586736078631652E-04  -3.323780259791100E-05   1.062553661855755E-05   2.143955012540059E-04  -1.830804380347813E-02   6.515922667786916E-03   8.792153452542723E-03  -2.372429129232023E-02  -1.885699816431713E-02  -7.257119989616818E-03   2.435418444706645E-02  -8.505583387535454E-03   4.023577376015524E-07  -2.845946849390966E-06   8.859070904008492E-06  -1.937426857352424E-06  -8.043410622453558E-06   3.645610657662106E-06  -5.126193291875340E-06   9.782442177465609E-06   1.879299577931263E-06  -4.660276745814689E-04   1.323166097577273E-04   4.413402417865921E-04  -7.742069831895787E-04  -4.794064453504225E-04  -1.805268386039266E-04   8.009584629243078E-04  -4.254988782944731E-04   8.396201903643390E-03  -2.723969147227588E-06  -1.888458292742302E-06   4.487957685300592E-06  -9.726871797246336E-09   0.000000000000000E+00   1.639426641984038E-06   1.189414570012493E-05  -7.594640575088944E-05  -2.575859884320372E-06   1.250796660365415E-04  -1.211696725402909E-04   1.487256967832404E-06  -2.859067148397532E-06   9.172395275639177E-06  -3.060743531697207E-06   0.000000000000000E+00   3.675642520212988E-06   2.071206008779384E-08  -8.240100883956210E-06   7.562350694655968E-06  -7.811011924778305E-07   1.847538903452734E-06  -7.219026857477347E-06   3.164836868871800E-06  -1.172124936823072E-05  -3.109110978590513E-06   3.905981736662355E-07  -3.356804494604868E-06   2.231656580658609E-06   1.236903497482470E-06   0.000000000000000E+00   0.000000000000000E+00  -4.074118941268319E-06  -7.202401756266993E-07   1.092925688280687E-07  -1.102479834496653E-06   0.000000000000000E+00   0.000000000000000E+00   0.000000000000000E+00   0.000000000000000E+00   2.634323200806356E-06   6.204420073635584E-06  -2.096268606424449E-06   8.464530151239327E-06  -3.005447099032951E-06  -6.244977553859289E-07  -1.396599883485678E-07  -1.020341447794839E-06   0.000000000000000E+00   0.000000000000000E+00   0.000000000000000E+00   0.000000000000000E+00   0.000000000000000E+00  -1.258735890000815E-06   4.020771036576317E-06  -2.878685460391758E-06   5.079621003329142E-06  -1.407425424834241E-05  -2.882803599975014E-05   2.559321873124424E-06  -3.693344117155947E-05  -3.598988570609801E-07   4.251582676788579E-06   2.294491525515137E-06   6.805791681341580E-06   0.000000000000000E+00   0.000000000000000E+00   0.000000000000000E+00   0.000000000000000E+00   0.000000000000000E+00   0.000000000000000E+00   0.000000000000000E+00   0.000000000000000E+00   0.000000000000000E+00  -1.036812042672633E-05   3.366969382134030E-04  -4.173912097883244E-06  -1.366413610470592E-05  -5.710610383626077E-06  -1.929010841180331E-05  -4.038793704789529E-06   5.738849901893698E-07   5.985654334465406E-07   9.896429409416333E-07   0.000000000000000E+00   0.000000000000000E+00   0.000000000000000E+00   0.000000000000000E+00   0.000000000000000E+00   0.000000000000000E+00   0.000000000000000E+00   0.000000000000000E+00   0.000000000000000E+00  -1.526559240321009E-04  -1.605750286791032E-04  -1.584108989379567E-04  -2.296617104099184E-04  -1.617717588969698E-06   2.572136220596567E-06   4.176628533256814E-06   4.394426720531464E-06   0.000000000000000E+00   0.000000000000000E+00   0.000000000000000E+00   0.000000000000000E+00   0.000000000000000E+00   0.000000000000000E+00   0.000000000000000E+00   3.551201983296924E-03   1.375980902174676E-06  -3.850455905006396E-06  -6.827388601550006E-06  -6.128951901639022E-06   0.000000000000000E+00   0.000000000000000E+00   0.000000000000000E+00   0.000000000000000E+00   0.000000000000000E+00   1.563627024438043E-06  -2.356987148020876E-06  -8.191234754713622E-06  -4.167264494906987E-06   0.000000000000000E+00   0.000000000000000E+00   0.000000000000000E+00   0.000000000000000E+00   0.000000000000000E+00  -1.185876251885074E-06   1.347102229233072E-06   6.656451954943712E-06   2.754186815468173E-06   8.659914282876866E-05   0.000000000000000E+00   1.956420531839655E-06
  -7.798472163216540E-02  -2.798237829063689E-02  -8.620543640465467E-02  -1.811292763132576E-02  -7.754326136882136E-03  -3.553243990014208E-03  -1.055666356644516E-02   3.262586550460278E-03  -1.462751620938678E-02   5.106683307420909E-03  -1.249769688694510E-02  -1.349834581401604E-02   0.000000000000000E+00  -1.453224935446940E-01   0.000000000000000E+00   0.000000000000000E+00  -3.737913026140690E-04   8.348815240322193E-05  -6.679447669264653E-04   9.112859636536372E-05   6.363122342582360E-04  -5.302682179068548E-04   3.882655076242792E-04  -7.274079718594145E-04  -4.732359637952450E-04  -5.323449945427557E-03   1.278843552748764E-03  -1.210787328213396E-03  -7.604337760380209E-03   7.112422485048619E-04  -7.320281513273505E-02  -6.558157551724818E-04   6.283174456236401E-04  -7.114862269065599E-02  -5.280171028315035E-06   2.551002843178350E-06  -1.611698563030722E-05   5.284683746705149E-06  -8.583075482111858E-05   5.888401126662018E-05  -1.558272845323057E-04  -3.264157532183796E-05   2.790366541288684E-05   1.824942561105245E-04  -6.517352454493699E-03  -3.752954158069151E-03   3.279725192649021E-03  -8.849840513948690E-03   7.257411634394927E-03  -3.448436363251281E-03  -9.826265009555919E-03   3.431776441065224E-03   2.846807225438694E-06   2.909157059745690E-07   2.999056768469328E-06  -6.558761288757687E-07   2.526354572907287E-06   5.127720782966627E-06   1.098870008261185E-06   1.139516286348089E-06   2.189118460534128E-07  -1.323176457489989E-04  -1.031880115584794E-04   1.259524706072759E-04  -2.209480873518105E-04   1.805493926652017E-04  -7.661309819357695E-05  -3.034084577723381E-04   1.611818395373969E-04  -5.380239785067245E-03   1.888989436119732E-06  -1.428105939047360E-06   4.619851337194619E-06  -1.001272846809814E-08   0.000000000000000E+00  -4.923413772071060E-06   1.211008095002283E-05   2.576210624356412E-06  -2.394774135237247E-05  -3.896114329613894E-06   3.774321697988313E-06   2.859000265141300E-06   3.165968407611690E-06  -1.245039712892785E-05   4.154582454665516E-06   0.000000000000000E+00  -2.071816726714730E-08   1.695745294066792E-06   3.700062933318104E-09  -3.395731907667462E-09  -1.848092357667260E-06   3.778921259182457E-07   2.472325124890214E-06  -1.083872641225338E-06  -2.341966571691678E-06  -3.907035831034431E-07   2.802214941343497E-07   1.022342113611170E-06  -6.796691642875548E-07  -8.592102239562187E-07   0.000000000000000E+00   0.000000000000000E+00   7.205910985707913E-07  -2.578219058427844E-06   3.499349550627098E-07  -3.529940191533399E-06   0.000000000000000E+00   0.000000000000000E+00   0.000000000000000E+00   0.000000000000000E+00  -6.207045389025339E-06  -2.984552325395544E-07   6.209971697932185E-07  -2.507526588643987E-06   6.247821484981706E-07  -1.681236987516070E-06  -3.252572052517701E-07  -2.376295542027356E-06   0.000000000000000E+00   0.000000000000000E+00   0.000000000000000E+00   0.000000000000000E+00   0.000000000000000E+00  -4.022248442872524E-06  -2.990237931392357E-06   2.752368371301907E-06  -4.856726578895260E-06   2.883189746871254E-05   3.841965612160767E-05  -3.918245454741348E-06   5.654399687591952E-05  -4.253199964787472E-06  -1.849432059550481E-06  -1.568959537496676E-06  -4.653759514870770E-06   0.000000000000000E+00   0.000000000000000E+00   0.000000000000000E+00   0.000000000000000E+00   0.000000000000000E+00   0.000000000000000E+00   0.000000000000000E+00   0.000000000000000E+00   0.000000000000000E+00   5.670935630426258E-06  -4.331062687147626E-04   1.366551926432205E-05   2.072300282327476E-05   9.760366621595942E-06   3.296994850311966E-05  -5.740042345513802E-07  -2.187565776890111E-06  -2.315999970577479E-06  -3.829177052382761E-06   0.000000000000000E+00   0.000000000000000E+00   0.000000000000000E+00   0.000000000000000E+00   0.000000000000000E+00   0.000000000000000E+00   0.000000000000000E+00   0.000000000000000E+00   0.000000000000000E+00   1.605955867649449E-04   1.166618924790834E-04   1.608760907109364E-04   2.332357079243996E-04  -2.573063121476063E-06  -1.093975456481058E-06  -3.035084548123428E-06  -3.193354767163263E-06   0.000000000000000E+00   0.000000000000000E+00   0.000000000000000E+00   0.000000000000000E+00   0.000000000000000E+00   0.000000000000000E+00   0.000000000000000E+00  -2.965052342104237E-03   3.850315674857771E-06   6.331399526416502E-06   1.250991888713406E-05   1.123016362877651E-05   0.000000000000000E+00   0.000000000000000E+00   0.000000000000000E+00   0.000000000000000E+00   0.000000000000000E+00   2.356872981709830E-06   2.205138459183174E-06   9.952923926405712E-06   5.063518229062259E-06   0.000000000000000E+00   0.000000000000000E+00   0.000000000000000E+00   0.000000000000000E+00   0.000000000000000E+00  -1.347591227244003E-06   4.800007564983040E-07  -2.025385537977400E-06  -8.380275532213977E-07  -3.333648993403156E-05   0.000000000000000E+00   4.559836577349645E-07
   1.446060305256553E-01  -8.620543640465467E-02   8.537740359957338E-02   3.358656043319328E-02   2.575018173996675E-02  -1.055666356644516E-02   2.832380153666422E-02  -1.083423564262194E-02   1.570790781798880E-02  -1.249769688694510E-02   6.889358937521555E-03   1.449533664545417E-02   0.000000000000000E+00   0.000000000000000E+00  -1.453224935446940E-01   0.000000000000000E+00   9.884913810333518E-04  -6.679447669264653E-04   1.597289813743287E-03  -2.409896416606424E-04  -9.375622049619909E-03   7.070976007103381E-04  -7.274079718594145E-04   8.127439514227459E-04   6.310467104559549E-04   1.701093963342083E-03  -1.210787328213396E-03  -2.123323606638639E-03   2.429945466192994E-03  -1.194626529007678E-01  -6.558157551724818E-04   3.694631202440398E-02  -1.055343226247068E-01   2.549183850426203E-02   1.848589489451627E-05  -1.611698563030722E-05   5.437308502703958E-05  -1.850169393538082E-05   1.586947961825942E-04  -1.558272845323057E-04   2.627174290489592E-04   6.035188847603292E-05  -3.177847414463732E-05  -6.109207484435248E-05  -8.794082711800599E-03   3.279725192649021E-03  -1.758136606185569E-03  -1.194138724417884E-02  -2.435516317839917E-02  -9.826265009555919E-03   2.659949263470158E-02  -1.151670587593698E-02  -8.861749145315974E-06   2.999056768469328E-06  -8.081329980433605E-06   2.041659046162611E-06  -1.341606192556731E-05  -9.785357126712802E-06   1.139516286348089E-06  -4.785681828008081E-07  -4.177549214489981E-07  -4.413436973213065E-04   1.259524706072759E-04   2.791633798779252E-04  -7.369693228437514E-04  -8.010585304067458E-04  -3.034084577723381E-04   1.201159698911590E-03  -7.151288941054874E-04   1.112133601124065E-02  -4.489219957817752E-06   4.619851337194619E-06  -1.046331510488480E-05   2.379544300868558E-08   0.000000000000000E+00   8.147016113809451E-06   1.930517005942231E-05  -1.250966974157871E-04  -3.896114329613894E-06   1.651611486293820E-04  -1.832750687925750E-04  -9.172180702272537E-06  -1.245039712892785E-05   3.922822239575319E-05  -1.332863850392115E-05   0.000000000000000E+00   8.242530568583212E-06   3.700062933318104E-09   2.237188955035912E-07   1.350960424769093E-06   7.221189410499415E-06   2.472325124890214E-06  -8.649675590504651E-06   4.235096588476684E-06   5.696587312588189E-06   3.357710384331055E-06   1.022342113611170E-06  -8.386836699422832E-06   5.841083392966254E-06  -6.619337242446093E-06   0.000000000000000E+00   0.000000000000000E+00  -1.093458194954410E-07   3.499349550627098E-07  -3.252415754579084E-07   5.356494186212797E-07   0.000000000000000E+00   0.000000000000000E+00   0.000000000000000E+00   0.000000000000000E+00   2.097155613778592E-06   6.209971697932185E-07   1.329723469917381E-06   8.472104088962630E-07   1.397235887993294E-07  -3.252572052517701E-07  -2.995696097671074E-07  -5.314245004887201E-07   0.000000000000000E+00   0.000000000000000E+00   0.000000000000000E+00   0.000000000000000E+00   0.000000000000000E+00   2.879743214734220E-06   2.752368371301907E-06  -1.116466864146823E-06   3.477190832450083E-06  -2.559664690164681E-06  -3.918245454741348E-06  -5.367349588027286E-06  -5.019914918923862E-06  -2.295364342508215E-06  -1.568959537496676E-06   2.110395453020773E-07  -2.511538074268856E-06   0.000000000000000E+00   0.000000000000000E+00   0.000000000000000E+00   0.000000000000000E+00   0.000000000000000E+00   0.000000000000000E+00   0.000000000000000E+00   0.000000000000000E+00   0.000000000000000E+00  -5.235123862564323E-06   1.147023673029716E-04   5.711188443271090E-06   9.760366621595942E-06   1.447880641772620E-06   1.377902919195083E-05  -5.986898060202320E-07  -2.315999970577479E-06  -2.382662283737258E-06  -3.993854276179481E-06   0.000000000000000E+00   0.000000000000000E+00   0.000000000000000E+00   0.000000000000000E+00   0.000000000000000E+00   0.000000000000000E+00   0.000000000000000E+00   0.000000000000000E+00   0.000000000000000E+00   1.584311799547836E-04   1.608760907109364E-04   1.122958972654820E-04   2.300923030228487E-04  -4.178133632648443E-06  -3.035084548123428E-06  -4.153210940747625E-06  -5.185361696843698E-06   0.000000000000000E+00   0.000000000000000E+00   0.000000000000000E+00   0.000000000000000E+00   0.000000000000000E+00   0.000000000000000E+00   0.000000000000000E+00  -2.930200881949899E-03   6.827139954184101E-06   1.250991888713406E-05   2.145796477768652E-05   1.991262672374970E-05   0.000000000000000E+00   0.000000000000000E+00   0.000000000000000E+00   0.000000000000000E+00   0.000000000000000E+00   8.190837992662698E-06   9.952923926405712E-06   3.393061919629952E-05   1.759723914228717E-05   0.000000000000000E+00   0.000000000000000E+00   0.000000000000000E+00   0.000000000000000E+00   0.000000000000000E+00  -6.658868246517720E-06  -2.025385537977400E-06  -9.118172182426152E-06  -4.140955321641093E-06  -1.730542911189401E-04   0.000000000000000E+00   5.249791660867695E-06
   3.038368199506096E-02  -1.811292763132576E-02   3.358656043319328E-02  -6.741519840856844E-02  -7.958214836339010E-03   3.262586550460278E-03  -1.083423564262194E-02  -3.383871879790197E-03   1.696558763266079E-02  -1.349834581401604E-02   1.449533664545417E-02   9.124509300600209E-03   0.000000000000000E+00   0.000000000000000E+00   0.000000000000000E+00  -1.453224935446940E-01  -1.348611989092000E-04   9.112859636536372E-05  -2.409896416606424E-04  -1.362120864371143E-04   7.428232395900102E-03   4.600224736527009E-04  -4.732359637952450E-04   6.310467104559549E-04   2.533114926496555E-04   1.068370370086759E-02  -7.604337760380209E-03   2.429945466192994E-03   1.275102090115905E-02   1.144535920737263E-01   6.283174456236401E-04  -1.055343226247068E-01   2.790255608002221E-02   1.361445324217678E-01  -6.061437947096292E-06   5.284683746705149E-06  -1.850169393538082E-05   4.014087496147129E-06   3.324224097419832E-05  -3.264157532183796E-05   6.035188847603292E-05  -1.275375951500110E-05  -2.977859633580567E-05  -3.732134568536923E-04   2.372949710553304E-02  -8.849840513948690E-03  -1.194138724417884E-02   2.603844053291535E-02   8.505925204810529E-03   3.431776441065224E-03  -1.151670587593698E-02  -2.354336168219268E-03   1.938012573021235E-06  -6.558761288757687E-07   2.041659046162611E-06   8.078537846285984E-07   7.807665270378947E-06  -1.879859567225405E-06   2.189118460534128E-07  -4.177549214489981E-07   1.615744425076028E-06   7.742130449506720E-04  -2.209480873518105E-04  -7.369693228437514E-04   1.151855466911810E-03   4.255520378570498E-04   1.611818395373969E-04  -7.151288941054874E-04   2.349051441876120E-04   8.804125138626524E-04   9.729607554534738E-09  -1.001272846809814E-08   2.379544300868558E-08   5.157994463159059E-07   0.000000000000000E+00   2.920745653936098E-06  -4.909694866797886E-05   1.211861715181943E-04   3.774321697988313E-06  -1.832750687925750E-04   1.535179085743259E-04   3.060671930547858E-06   4.154582454665516E-06  -1.332863850392115E-05   3.732780294272801E-06   0.000000000000000E+00  -7.564580537164641E-06  -3.395731907667462E-09   1.350960424769093E-06   4.559109747235536E-07  -3.165784936758268E-06  -1.083872641225338E-06   4.235096588476684E-06  -8.460502628088475E-07  -6.712292376673234E-07  -2.232258830438733E-06  -6.796691642875548E-07   5.841083392966254E-06  -3.484063035977269E-06   7.798345179468595E-06   0.000000000000000E+00   0.000000000000000E+00   1.103016996241326E-06  -3.529940191533399E-06   5.356494186212797E-07  -5.675460458527445E-06   0.000000000000000E+00   0.000000000000000E+00   0.000000000000000E+00   0.000000000000000E+00  -8.468111801258082E-06  -2.507526588643987E-06   8.472104088962630E-07  -1.881415896283045E-06   1.020806106118083E-06  -2.376295542027356E-06  -5.314245004887201E-07  -4.109362992890725E-06   0.000000000000000E+00   0.000000000000000E+00   0.000000000000000E+00   0.000000000000000E+00   0.000000000000000E+00  -5.081487477193084E-06  -4.856726578895260E-06   3.477190832450083E-06  -5.281620107922293E-06   3.693838834648183E-05   5.654399687591952E-05  -5.019914918923862E-06   6.672692457421668E-05  -6.808380582004219E-06  -4.653759514870770E-06  -2.511538074268856E-06  -6.391808279784547E-06   0.000000000000000E+00   0.000000000000000E+00   0.000000000000000E+00   0.000000000000000E+00   0.000000000000000E+00   0.000000000000000E+00   0.000000000000000E+00   0.000000000000000E+00   0.000000000000000E+00   6.160432419558885E-06  -4.561492518687269E-04   1.929206106352908E-05   3.296994850311966E-05   1.377902919195083E-05   4.391351663464214E-05  -9.898485733298786E-07  -3.829177052382761E-06  -3.993854276179481E-06  -6.570331510741065E-06   0.000000000000000E+00   0.000000000000000E+00   0.000000000000000E+00   0.000000000000000E+00   0.000000000000000E+00   0.000000000000000E+00   0.000000000000000E+00   0.000000000000000E+00   0.000000000000000E+00   2.296911135194554E-04   2.332357079243996E-04   2.300923030228487E-04   2.871723129475202E-04  -4.396010306174994E-06  -3.193354767163263E-06  -5.185361696843698E-06  -4.680610221375528E-06   0.000000000000000E+00   0.000000000000000E+00   0.000000000000000E+00   0.000000000000000E+00   0.000000000000000E+00   0.000000000000000E+00   0.000000000000000E+00  -3.919784452424438E-03   6.128728690710943E-06   1.123016362877651E-05   1.991262672374970E-05   1.715173577595497E-05   0.000000000000000E+00   0.000000000000000E+00   0.000000000000000E+00   0.000000000000000E+00   0.000000000000000E+00   4.167062643481987E-06   5.063518229062259E-06   1.759723914228717E-05   8.293773152209589E-06   0.000000000000000E+00   0.000000000000000E+00   0.000000000000000E+00   0.000000000000000E+00   0.000000000000000E+00  -2.755186585081250E-06  -8.380275532213977E-07  -4.140955321641093E-06  -8.234809234974268E-07  -6.262104110221768E-05   0.000000000000000E+00   1.405366586574610E-06
  -1.986178567388819E-02  -7.508488086448291E-03   2.574202887261550E-02  -8.298309579057885E-03  -1.674106831828775E-01  -7.740562176712157E-02   1.482719487625436E-01   2.760298437233683E-02  -7.156586608218546E-03   4.472419953678559E-05   8.019866456035802E-03  -7.862895799154866E-03  -5.581400390317625E-04  -3.737913026140690E-04   9.884913810333518E-04  -1.348611989092000E-04  -2.990675790748273E-01   0.000000000000000E+00   0.000000000000000E+00   0.000000000000000E+00   2.853469991699070E-02  -2.040606531045020E-02   8.093825783241287E-03   9.382953895938132E-03  -2.592463314131343E-02  -8.598166418370953E-05  -2.650450994544503E-06   1.389286465654161E-04  -1.353016163870908E-04  -1.802419480671417E-06  -5.151649390233954E-06   1.753553822904054E-05  -5.658061885528223E-06   1.184771211039945E-04  -1.579028989831116E-01  -3.719959563526722E-03  -1.152232922518327E-01   1.135951055424647E-01  -1.491387415550577E-01   7.454494707327453E-02  -2.672996213016327E-02  -1.333389260478563E-01   1.149373061873568E-03  -7.680258592280235E-06   4.369217721649826E-06  -1.038132521049184E-07   6.491933969290611E-07  -4.128581808581992E-07  -3.714102891118327E-07   2.776680240588561E-06  -8.012322688322054E-06   1.765138646679152E-06  -2.245647555473990E-02   6.698859861198191E-03  -2.882625758532954E-02   1.000759863522106E-02   2.658834511580660E-02  -1.836180351259993E-02   1.383553660336468E-02  -1.627295527727493E-02  -1.508119579297925E-02  -3.171822712432716E-06   4.568516576468865E-07  -3.226461141422032E-06   2.261439927523498E-06   0.000000000000000E+00   0.000000000000000E+00   0.000000000000000E+00   0.000000000000000E+00   1.579018144028379E-06  -8.113385108964524E-03   5.364169784996169E-03  -1.118044722712177E-02  -2.052764027122137E-03   1.191173255214110E-03   9.584655978147916E-04   0.000000000000000E+00   0.000000000000000E+00   0.000000000000000E+00   0.000000000000000E+00   0.000000000000000E+00   0.000000000000000E+00   0.000000000000000E+00   0.000000000000000E+00   0.000000000000000E+00   2.249755722806884E-04   0.000000000000000E+00   0.000000000000000E+00   0.000000000000000E+00   0.000000000000000E+00   0.000000000000000E+00   0.000000000000000E+00   0.000000000000000E+00   0.000000000000000E+00   0.000000000000000E+00   0.000000000000000E+00   0.000000000000000E+00   0.000000000000000E+00   0.000000000000000E+00   0.000000000000000E+00   0.000000000000000E+00   0.000000000000000E+00   0.000000000000000E+00   0.000000000000000E+00   0.000000000000000E+00   0.000000000000000E+00   0.000000000000000E+00   0.000000000000000E+00   0.000000000000000E+00   0.000000000000000E+00   0.000000000000000E+00   0.000000000000000E+00   0.000000000000000E+00   0.000000000000000E+00   0.000000000000000E+00   0.000000000000000E+00   0.000000000000000E+00   0.000000000000000E+00   0.000000000000000E+00   0.000000000000000E+00   0.000000000000000E+00   0.000000000000000E+00   0.000000000000000E+00   0.000000000000000E+00   0.000000000000000E+00   0.000000000000000E+00   0.000000000000000E+00  -4.298857465895700E-06  -7.576196952406196E-07   6.732417907330124E-07  -7.524080293474503E-07  -8.357200238137834E-08  -2.579368535143353E-08   1.020773428368170E-08  -3.189379630907551E-08   0.000000000000000E+00   0.000000000000000E+00   0.000000000000000E+00   0.000000000000000E+00   0.000000000000000E+00   0.000000000000000E+00   0.000000000000000E+00   0.000000000000000E+00   0.000000000000000E+00   0.000000000000000E+00   2.150812819761042E-06  -1.673795951742767E-06   4.106144940829500E-06  -2.373716905685330E-06   4.393278701335118E-06  -2.672031608943288E-06  -6.731410481254009E-07   5.364314872648155E-08  -8.813300762669175E-07   0.000000000000000E+00   0.000000000000000E+00   0.000000000000000E+00   0.000000000000000E+00   0.000000000000000E+00   0.000000000000000E+00   0.000000000000000E+00   0.000000000000000E+00   0.000000000000000E+00   1.534048520063461E-06  -6.359231323429664E-06   2.718685603224841E-06  -6.446767614727010E-06   7.456055725315970E-07   5.961290260749761E-06   8.705063335028454E-07   7.403202705351639E-06   0.000000000000000E+00   0.000000000000000E+00   0.000000000000000E+00   0.000000000000000E+00   0.000000000000000E+00   0.000000000000000E+00   0.000000000000000E+00   6.177412691592427E-05  -5.645005025459877E-06  -1.878239657915610E-05   2.162977043633112E-07  -2.055661297496773E-05  -2.151723595956439E-06   3.227101532120190E-06   1.741179757598132E-06   4.313410518383402E-06   0.000000000000000E+00  -4.607212098485889E-04  -5.991459706344721E-04  -2.002525116461286E-04  -6.265599240347011E-04   3.547797642854263E-06   5.730042840476131E-06   5.328444208832034E-06   7.506029714729004E-06   0.000000000000000E+00  -5.969271367465361E-05  -7.960746423396281E-05  -7.230923186395947E-05  -9.149854245127685E-05   5.885824503695660E-03   1.759124865634552E-06   1.578161262080306E-04
   7.508716032616256E-03  -3.757027864285371E-03  -1.021417734798376E-02   3.292685520182065E-03   7.739286809761081E-02  -3.149661973956486E-02  -8.645848561250141E-02  -1.609550725633050E-02  -4.472566873680775E-05  -2.313594180999928E-03   5.181276886985256E-05  -5.079865168861198E-05   3.737444384000402E-04   8.348815240322193E-05  -6.679447669264653E-04   9.112859636536372E-05   0.000000000000000E+00  -1.438025458393205E-01   0.000000000000000E+00   0.000000000000000E+00  -1.937079294117228E-02  -8.092415544854127E-03  -3.559450369951364E-03   3.907418070367995E-03  -1.079600103842362E-02   2.650062287151564E-06  -2.687583822977478E-05  -3.971333261628590E-06   3.867653092389112E-06   5.151712129186614E-06   2.851120837852387E-06  -1.618778138607373E-05   5.223191194674750E-06  -1.087881613694516E-04   3.719781444031234E-03  -7.079118275131739E-02   3.376212861894247E-03  -3.328504583452428E-03  -7.454543798950479E-02  -2.012120858619321E-02  -1.638708482895794E-02  -8.174483306441643E-02   7.035870856016872E-04   1.387158927787108E-06   1.037519355886329E-07   1.038707452540200E-06  -3.442311895827896E-06   2.189157551479750E-06  -2.775897391108681E-06  -1.078341048370876E-07   3.497532340332168E-06  -7.705168328939801E-07  -6.698625122668216E-03  -5.562995820663007E-03  -9.048512830057667E-03   3.141368052402011E-03  -7.930759235968129E-03  -1.383481061215596E-02   4.725544454151380E-03  -1.284330696598541E-02  -1.190271980000156E-02  -4.567194203288103E-07   2.159971942165487E-07   1.203769001909624E-06  -8.437266606080150E-07   0.000000000000000E+00   0.000000000000000E+00   0.000000000000000E+00   0.000000000000000E+00   3.882528547296495E-06  -5.364052019328735E-03   1.035748827506326E-03  -7.648690642549727E-03  -1.404322804504999E-03   3.232311191940957E-04   9.131117748801530E-04   0.000000000000000E+00   0.000000000000000E+00   0.000000000000000E+00   0.000000000000000E+00   0.000000000000000E+00   0.000000000000000E+00   0.000000000000000E+00   0.000000000000000E+00   0.000000000000000E+00   1.835642417862641E-04   0.000000000000000E+00   0.000000000000000E+00   0.000000000000000E+00   0.000000000000000E+00   0.000000000000000E+00   0.000000000000000E+00   0.000000000000000E+00   0.000000000000000E+00   0.000000000000000E+00   0.000000000000000E+00   0.000000000000000E+00   0.000000000000000E+00   0.000000000000000E+00   0.000000000000000E+00   0.000000000000000E+00   0.000000000000000E+00   0.000000000000000E+00   0.000000000000000E+00   0.000000000000000E+00   0.000000000000000E+00   0.000000000000000E+00   0.000000000000000E+00   0.000000000000000E+00   0.000000000000000E+00   0.000000000000000E+00   0.000000000000000E+00   0.000000000000000E+00   0.000000000000000E+00   0.000000000000000E+00   0.000000000000000E+00   0.000000000000000E+00   0.000000000000000E+00   0.000000000000000E+00   0.000000000000000E+00   0.000000000000000E+00   0.000000000000000E+00   0.000000000000000E+00   0.000000000000000E+00   0.000000000000000E+00   0.000000000000000E+00   0.000000000000000E+00   7.576254730948498E-07  -3.289572301335087E-06   2.681171799704598E-06  -2.996449742018033E-06   2.579388846812457E-08  -5.876954914676603E-08   2.037069079069571E-08  -6.364768563698125E-08   0.000000000000000E+00   0.000000000000000E+00   0.000000000000000E+00   0.000000000000000E+00   0.000000000000000E+00   0.000000000000000E+00   0.000000000000000E+00   0.000000000000000E+00   0.000000000000000E+00   0.000000000000000E+00   4.016758718968007E-06  -4.106170062530089E-06  -4.173204720517836E-06   2.849984295897949E-06  -5.274755079815668E-06   6.731438849160403E-07  -1.953416394748331E-06   1.392473206167117E-07  -2.287763761311552E-06   0.000000000000000E+00   0.000000000000000E+00   0.000000000000000E+00   0.000000000000000E+00   0.000000000000000E+00   0.000000000000000E+00   0.000000000000000E+00   0.000000000000000E+00   0.000000000000000E+00   6.359226231074691E-06   2.019104103205795E-05  -8.914990810641596E-06   2.113994864851609E-05  -5.961332015371981E-06  -2.506285593437360E-06  -5.514991810981742E-07  -4.690213123523324E-06   0.000000000000000E+00   0.000000000000000E+00   0.000000000000000E+00   0.000000000000000E+00   0.000000000000000E+00   0.000000000000000E+00   0.000000000000000E+00  -9.497081800569047E-05   1.878242976597882E-05   3.357429776531113E-05  -4.224161003092679E-07   4.014579957754590E-05  -3.227116857407452E-06  -3.393342742656135E-06  -2.173945540310365E-06  -5.385497688591711E-06   0.000000000000000E+00   5.991473106801044E-04   6.443909991002522E-04   2.618554088102385E-04   8.193061035965815E-04  -5.730086419760591E-06   9.133715015994305E-07  -6.655555948335909E-07  -9.375494752003972E-07   0.000000000000000E+00   7.960760885596109E-05   7.665313792635210E-05   8.701116020421053E-05   1.101020454851207E-04  -6.585826964926740E-03   4.268294807680026E-06  -1.461504440066702E-04
  -2.574281036108157E-02  -1.021417734798376E-02   2.828186792122704E-02  -1.128861160237434E-02  -1.482475188647008E-01  -8.645848561250141E-02   8.898046411659179E-02   3.083125195218661E-02  -8.020129910454147E-03   5.181276886985256E-05   6.977093379894703E-03  -9.109126757076135E-03  -9.883674485840880E-04  -6.679447669264653E-04   1.597289813743287E-03  -2.409896416606424E-04   0.000000000000000E+00   0.000000000000000E+00  -1.438025458393205E-01   0.000000000000000E+00   2.250179124728667E-02  -9.381319044617711E-03   3.907418070367995E-03  -2.400262209215396E-03  -1.251551277688395E-02  -1.389082716963383E-04  -3.971333261628590E-06   1.812137083461183E-04  -2.027307090816477E-04  -1.753575178419919E-05  -1.618778138607373E-05   5.319650273302628E-05  -1.777905713953246E-05   2.178067850078714E-04   1.152177751180214E-01   3.376212861894247E-03   3.367578197885942E-02  -1.030982326101160E-01   2.673013816050147E-02  -1.638708482895794E-02  -5.994577292429117E-02   2.931166199636003E-02   3.759651045091175E-04   1.001172785365143E-05  -6.488099557335666E-07  -3.442311895827896E-06   2.201464887623581E-05  -1.368983822818428E-05   8.010063716418309E-06   3.497532340332168E-06  -8.988156410188464E-06   2.223385109918848E-06   2.882524746816476E-02  -9.048512830057667E-03   3.127143092824967E-02  -1.351780549603384E-02  -1.162122778957773E-02   1.627210138755530E-02  -1.284330696598541E-02   8.911875425621888E-03   1.399963243465786E-02   3.225527230904083E-06   1.203769001909624E-06  -8.115031906132487E-06   5.958720383012464E-06   0.000000000000000E+00   0.000000000000000E+00   0.000000000000000E+00   0.000000000000000E+00  -9.212568549296231E-06   1.118020177015775E-02  -7.648690642549727E-03   1.330808482683276E-02   2.927005973883989E-03  -1.854617366363411E-03  -8.693386228816824E-04   0.000000000000000E+00   0.000000000000000E+00   0.000000000000000E+00   0.000000000000000E+00   0.000000000000000E+00   0.000000000000000E+00   0.000000000000000E+00   0.000000000000000E+00   0.000000000000000E+00  -3.943290920811396E-04   0.000000000000000E+00   0.000000000000000E+00   0.000000000000000E+00   0.000000000000000E+00   0.000000000000000E+00   0.000000000000000E+00   0.000000000000000E+00   0.000000000000000E+00   0.000000000000000E+00   0.000000000000000E+00   0.000000000000000E+00   0.000000000000000E+00   0.000000000000000E+00   0.000000000000000E+00   0.000000000000000E+00   0.000000000000000E+00   0.000000000000000E+00   0.000000000000000E+00   0.000000000000000E+00   0.000000000000000E+00   0.000000000000000E+00   0.000000000000000E+00   0.000000000000000E+00   0.000000000000000E+00   0.000000000000000E+00   0.000000000000000E+00   0.000000000000000E+00   0.000000000000000E+00   0.000000000000000E+00   0.000000000000000E+00   0.000000000000000E+00   0.000000000000000E+00   0.000000000000000E+00   0.000000000000000E+00   0.000000000000000E+00   0.000000000000000E+00   0.000000000000000E+00   0.000000000000000E+00   0.000000000000000E+00   0.000000000000000E+00   0.000000000000000E+00  -6.732469250938969E-07   2.681171799704598E-06  -2.654930535067504E-06   2.662728018860424E-06  -1.020781466619325E-08   2.037069079069571E-08  -1.535693508257509E-08   2.518828364003056E-08   0.000000000000000E+00   0.000000000000000E+00   0.000000000000000E+00   0.000000000000000E+00   0.000000000000000E+00   0.000000000000000E+00   0.000000000000000E+00   0.000000000000000E+00   0.000000000000000E+00   0.000000000000000E+00  -4.290495774108722E-06   2.373731428262162E-06   2.849984295897949E-06  -8.907388548006795E-07   3.049277482099462E-06  -5.364337479259742E-08   1.392473206167117E-07  -2.171681319092774E-07   1.823137246508077E-07   0.000000000000000E+00   0.000000000000000E+00   0.000000000000000E+00   0.000000000000000E+00   0.000000000000000E+00   0.000000000000000E+00   0.000000000000000E+00   0.000000000000000E+00   0.000000000000000E+00  -2.718683426151630E-06  -8.914990810641596E-06   3.149456114696627E-06  -9.037707722925989E-06  -8.705124307840554E-07  -5.514991810981742E-07   1.189887147836294E-06  -6.848953919233767E-07   0.000000000000000E+00   0.000000000000000E+00   0.000000000000000E+00   0.000000000000000E+00   0.000000000000000E+00   0.000000000000000E+00   0.000000000000000E+00   6.377181048918932E-05  -2.162980865420997E-07  -4.224161003092679E-07  -3.101701885003195E-06  -4.623182271685862E-07  -1.741188026343226E-06  -2.173945540310365E-06  -5.371037451712138E-07  -2.905740481554262E-06   0.000000000000000E+00   2.002529595294771E-04   2.618554088102385E-04  -5.154799067057727E-05   2.738366159393126E-04  -5.328484733797096E-06  -6.655555948335909E-07   1.010180111668658E-06  -8.718399165074936E-07   0.000000000000000E+00   7.230936322733985E-05   8.701116020421053E-05   5.989404092419447E-05   1.000081388383584E-04  -1.333325785585776E-03   5.770263663469316E-06  -2.236462151027061E-04
   8.298561502993485E-03   3.292685520182065E-03  -1.128861160237434E-02  -3.097275482370045E-03  -2.759843639077995E-02  -1.609550725633050E-02   3.083125195218661E-02  -7.089273153828736E-02   7.863154097051798E-03  -5.079865168861198E-05  -9.109126757076135E-03   6.616953181626870E-03   1.348442906396772E-04   9.112859636536372E-05  -2.409896416606424E-04  -1.362120864371143E-04   0.000000000000000E+00   0.000000000000000E+00   0.000000000000000E+00  -1.438025458393205E-01   1.989002033600297E-02   2.592011612874014E-02  -1.079600103842362E-02  -1.251551277688395E-02   2.764971035277769E-02   1.352817734476535E-04   3.867653092389112E-06  -2.027307090816477E-04   1.704863867951726E-04   5.658130791785210E-06   5.223191194674750E-06  -1.777905713953246E-05   3.832056309027289E-06   3.027001070820013E-05  -1.135896663696609E-01  -3.328504583452428E-03  -1.030982326101160E-01   3.074119851144350E-02   1.333398041522147E-01  -8.174483306441643E-02   2.931166199636003E-02   8.039562517993336E-02  -1.867402832923875E-03  -1.374891041730645E-05   4.126143292799379E-07   2.189157551479750E-06  -1.368983822818428E-05   9.194372835939672E-06  -1.764640988413980E-06  -7.705168328939801E-07   2.223385109918848E-06   6.144216231661697E-07  -1.000724795330789E-02   3.141368052402011E-03  -1.351780549603384E-02  -2.972786106083844E-03   3.051220209940244E-02   1.508040443837721E-02  -1.190271980000156E-02   1.399963243465786E-02   6.780312845690745E-03  -2.260785345787828E-06  -8.437266606080150E-07   5.958720383012464E-06  -3.790046505243421E-06   0.000000000000000E+00   0.000000000000000E+00   0.000000000000000E+00   0.000000000000000E+00   4.428196673182673E-07   2.052718960478942E-03  -1.404322804504999E-03   2.927005973883989E-03  -2.096542927713826E-03   9.294477309608431E-04  -1.160165040822010E-03   0.000000000000000E+00   0.000000000000000E+00   0.000000000000000E+00   0.000000000000000E+00   0.000000000000000E+00   0.000000000000000E+00   0.000000000000000E+00   0.000000000000000E+00   0.000000000000000E+00  -5.829533569747736E-05   0.000000000000000E+00   0.000000000000000E+00   0.000000000000000E+00   0.000000000000000E+00   0.000000000000000E+00   0.000000000000000E+00   0.000000000000000E+00   0.000000000000000E+00   0.000000000000000E+00   0.000000000000000E+00   0.000000000000000E+00   0.000000000000000E+00   0.000000000000000E+00   0.000000000000000E+00   0.000000000000000E+00   0.000000000000000E+00   0.000000000000000E+00   0.000000000000000E+00   0.000000000000000E+00   0.000000000000000E+00   0.000000000000000E+00   0.000000000000000E+00   0.000000000000000E+00   0.000000000000000E+00   0.000000000000000E+00   0.000000000000000E+00   0.000000000000000E+00   0.000000000000000E+00   0.000000000000000E+00   0.000000000000000E+00   0.000000000000000E+00   0.000000000000000E+00   0.000000000000000E+00   0.000000000000000E+00   0.000000000000000E+00   0.000000000000000E+00   0.000000000000000E+00   0.000000000000000E+00   0.000000000000000E+00   0.000000000000000E+00   0.000000000000000E+00   7.524137674558212E-07  -2.996449742018033E-06   2.662728018860424E-06  -3.248204369628700E-06   3.189404746211094E-08  -6.364768563698125E-08   2.518828364003056E-08  -8.599545368349402E-08   0.000000000000000E+00   0.000000000000000E+00   0.000000000000000E+00   0.000000000000000E+00   0.000000000000000E+00   0.000000000000000E+00   0.000000000000000E+00   0.000000000000000E+00   0.000000000000000E+00   0.000000000000000E+00   3.291589695822127E-06  -4.393305579741441E-06  -5.274755079815668E-06   3.049277482099462E-06  -4.886801701887611E-06   8.813337904200175E-07  -2.287763761311552E-06   1.823137246508077E-07  -3.201394619213864E-06   0.000000000000000E+00   0.000000000000000E+00   0.000000000000000E+00   0.000000000000000E+00   0.000000000000000E+00   0.000000000000000E+00   0.000000000000000E+00   0.000000000000000E+00   0.000000000000000E+00   6.446762452274591E-06   2.113994864851609E-05  -9.037707722925989E-06   2.076908236443699E-05  -7.403254559550755E-06  -4.690213123523324E-06  -6.848953919233767E-07  -4.554257736390379E-06   0.000000000000000E+00   0.000000000000000E+00   0.000000000000000E+00   0.000000000000000E+00   0.000000000000000E+00   0.000000000000000E+00   0.000000000000000E+00  -8.384399793910142E-05   2.055664929667288E-05   4.014579957754590E-05  -4.623182271685862E-07   4.083147210458182E-05  -4.313431002478685E-06  -5.385497688591711E-06  -2.905740481554262E-06  -6.562520737557200E-06   0.000000000000000E+00   6.265613253941873E-04   8.193061035965815E-04   2.738366159393126E-04   7.177255909245458E-04  -7.506086801109195E-06  -9.375494752003972E-07  -8.718399165074936E-07   4.009528402289407E-07   0.000000000000000E+00   9.149870867566516E-05   1.101020454851207E-04   1.000081388383584E-04   1.074080091334801E-04  -6.007661383826586E-03   6.232136736321353E-06  -1.700064175822240E-04
   2.672284145056170E-02  -7.888966416209382E-03  -1.392887547028870E-02   2.982050784314489E-02   1.761475874180058E-01  -7.398662117267116E-02   2.039833105395792E-02   1.342411840419493E-01   9.043920946914015E-04  -5.492173066243088E-04  -3.215293872307306E-04   1.493163975467390E-03   8.086606682063771E-03   6.363122342582360E-04  -9.375622049619909E-03   7.428232395900102E-03   2.853469991699070E-02  -1.937079294117228E-02   2.250179124728667E-02   1.989002033600297E-02  -1.630945639566027E-01   2.271556837547683E-04  -2.097431968374543E-04   6.292458516930033E-05   3.848185585962808E-04   7.310233739348654E-06  -1.089417164683117E-05  -1.679592916032875E-05   4.110832261743177E-05   1.244028532335678E-04   9.332151803454757E-06  -1.954522832033352E-04   1.653858316015493E-04  -9.795516180745019E-03   9.456591472354189E-03  -5.922682095019668E-03   1.234085344434171E-02   1.066836444374291E-03   9.286647503420741E-04  -8.939094899200087E-04   7.693969226071535E-04   1.173082940775708E-03   6.853809891649799E-06   1.014609134223849E-05  -8.051920017701548E-06  -1.574450701842910E-06  -9.695208685691811E-06   1.294140096818455E-05  -1.113602871104079E-05   1.278055039088085E-06  -6.844076397167791E-06   3.856137294706471E-06   1.883901291747064E-04  -1.576145835079290E-04   3.348060539154582E-04   4.010429161851426E-05  -1.328487319479455E-02   8.214026519441927E-06  -2.514470133734778E-05   2.940277419419217E-05   2.666173292053843E-05   1.011739161704641E-06   6.848049305673993E-07   6.567459925490698E-06  -8.161084520768294E-06   2.136755562177170E-06  -1.225696302842296E-06   7.488080929345440E-06  -4.743664005877604E-06   5.645968806554005E-06  -3.264636854176759E-06  -1.264414326566740E-05   2.060564417262336E-05   8.851722767482451E-06  -4.083182203064477E-06   1.016167765811161E-05   0.000000000000000E+00   0.000000000000000E+00   0.000000000000000E+00   0.000000000000000E+00   0.000000000000000E+00   0.000000000000000E+00   0.000000000000000E+00   0.000000000000000E+00   0.000000000000000E+00   6.848244975102140E-06   0.000000000000000E+00   0.000000000000000E+00   0.000000000000000E+00   0.000000000000000E+00   0.000000000000000E+00   0.000000000000000E+00   0.000000000000000E+00   0.000000000000000E+00   0.000000000000000E+00   0.000000000000000E+00   0.000000000000000E+00   0.000000000000000E+00   0.000000000000000E+00   0.000000000000000E+00   0.000000000000000E+00   0.000000000000000E+00   0.000000000000000E+00   0.000000000000000E+00   0.000000000000000E+00   0.000000000000000E+00   0.000000000000000E+00   0.000000000000000E+00   0.000000000000000E+00   0.000000000000000E+00   0.000000000000000E+00   0.000000000000000E+00   0.000000000000000E+00   0.000000000000000E+00   0.000000000000000E+00   0.000000000000000E+00   0.000000000000000E+00   0.000000000000000E+00   0.000000000000000E+00   0.000000000000000E+00   0.000000000000000E+00   0.000000000000000E+00   0.000000000000000E+00   0.000000000000000E+00   0.000000000000000E+00   0.000000000000000E+00   0.000000000000000E+00   1.584234307144552E-06  -1.906375368529594E-06   1.492890160927049E-06  -3.381659646715262E-06   0.000000000000000E+00   0.000000000000000E+00   0.000000000000000E+00   0.000000000000000E+00   0.000000000000000E+00   0.000000000000000E+00   0.000000000000000E+00   0.000000000000000E+00   0.000000000000000E+00   0.000000000000000E+00   0.000000000000000E+00   0.000000000000000E+00   0.000000000000000E+00   0.000000000000000E+00   7.017761732045154E-06   1.854078400162745E-08  -4.791342198180523E-06   1.629447721267163E-06  -9.223854965238110E-06   0.000000000000000E+00   0.000000000000000E+00   0.000000000000000E+00   0.000000000000000E+00   0.000000000000000E+00   0.000000000000000E+00   0.000000000000000E+00   0.000000000000000E+00   0.000000000000000E+00   0.000000000000000E+00   0.000000000000000E+00   0.000000000000000E+00   0.000000000000000E+00  -1.115282490701923E-05   2.743277367846401E-06  -1.031720083365363E-07   5.754204560065934E-06   2.967386114775760E-07  -2.543106473006630E-07  -1.854246838027816E-07  -5.730914836940364E-07   0.000000000000000E+00   0.000000000000000E+00   0.000000000000000E+00   0.000000000000000E+00   0.000000000000000E+00   0.000000000000000E+00   0.000000000000000E+00  -7.350778481653759E-05  -1.263220657388995E-05  -1.176060198039457E-06  -7.467937965520990E-07  -2.689510140848400E-06   0.000000000000000E+00   0.000000000000000E+00   0.000000000000000E+00   0.000000000000000E+00   0.000000000000000E+00   6.589616318502451E-06   1.282237217940900E-05   2.044055190574296E-05   3.579213740418560E-05   0.000000000000000E+00   0.000000000000000E+00   0.000000000000000E+00   0.000000000000000E+00   0.000000000000000E+00  -1.151470151750242E-05  -1.919268476137643E-06  -5.317118726602859E-06  -5.963144654637263E-06  -3.691366656331331E-04   0.000000000000000E+00   1.085484522156858E-05
  -1.911598222629877E-02  -1.476553647853019E-02   1.596393067854140E-02   1.622815043591906E-02  -8.525061232941993E-03  -6.205027207824705E-03   1.922875096862070E-03   1.143569634198235E-02  -1.549141851889475E-01  -7.561471792171713E-02   1.391134567501822E-01   2.249221748827491E-02  -5.193851827158513E-04  -5.302682179068548E-04   7.070976007103381E-04   4.600224736527009E-04  -2.040606531045020E-02  -8.092415544854127E-03  -9.381319044617711E-03   2.592011612874014E-02   2.271556837547683E-04  -2.991704899220106E-01   0.000000000000000E+00   0.000000000000000E+00   0.000000000000000E+00  -1.756856306056087E-02  -7.498020657223321E-03   2.272814990813370E-02  -7.800168912220613E-03  -9.197668178284736E-05  -9.683025975795586E-05   1.777661704718521E-04   3.677066057098810E-05   6.083642206592403E-06  -5.355765329011302E-04  -1.973691336978827E-04  -4.942379337715223E-04   8.755179074791006E-04  -1.577360433775590E-01   1.177609980847039E-03  -1.197508915164347E-01   1.090822525508223E-01   1.923063126696836E-01   6.993526088998884E-03  -4.475323708539066E-04  -3.142399249037946E-04   7.997053241561076E-04  -1.209245588575923E-04   4.164130850789996E-06   5.196109662868692E-06  -9.571234014701701E-06  -1.843019459372071E-06  -9.808760737737399E-05  -8.890239994577566E-06  -1.545881760578781E-04   1.525381765080917E-04   9.373164365037597E-06  -1.585929037982717E-02   5.654725534562701E-03  -2.113453736470101E-02   6.940131667628966E-03   1.336335797090527E-06  -3.075894081259323E-06   9.643434826249628E-06  -3.246907852254305E-06  -3.162666720555190E-06   1.660244270481588E-06  -3.603277936810056E-06   3.343929600344114E-09   1.204621794812006E-08  -4.936876986846151E-04   1.290509131033858E-04  -8.319280256504440E-04   4.401098122151484E-04  -1.322359329700949E-05   6.036966363233744E-03  -1.067313341612032E-05  -9.705650497220467E-07   2.603011979597222E-06  -7.270233267057157E-06   1.595956797638468E-06   0.000000000000000E+00   0.000000000000000E+00   0.000000000000000E+00   0.000000000000000E+00   1.355583160171369E-06   0.000000000000000E+00   0.000000000000000E+00   0.000000000000000E+00   0.000000000000000E+00   0.000000000000000E+00   0.000000000000000E+00   0.000000000000000E+00   0.000000000000000E+00   0.000000000000000E+00   0.000000000000000E+00   0.000000000000000E+00   0.000000000000000E+00   0.000000000000000E+00   0.000000000000000E+00   0.000000000000000E+00   0.000000000000000E+00   0.000000000000000E+00   0.000000000000000E+00   0.000000000000000E+00   0.000000000000000E+00   0.000000000000000E+00   0.000000000000000E+00   0.000000000000000E+00   0.000000000000000E+00  -9.321128567803430E-07  -3.295533749855951E-07   2.330425421686383E-07  -1.767977043135697E-07  -3.128042427398444E-08  -1.234782727282800E-08   4.019141184457339E-09  -9.282108855419511E-09   0.000000000000000E+00   0.000000000000000E+00   0.000000000000000E+00   0.000000000000000E+00   0.000000000000000E+00   0.000000000000000E+00   0.000000000000000E+00   0.000000000000000E+00   0.000000000000000E+00   1.200290177870764E-06   8.053634407943727E-06  -4.825624541572544E-06   3.221912557417210E-06  -4.657501419563517E-07   6.808047127836289E-06  -1.277456616422330E-06   4.373230922280604E-06   0.000000000000000E+00   0.000000000000000E+00   0.000000000000000E+00   0.000000000000000E+00   0.000000000000000E+00   0.000000000000000E+00   0.000000000000000E+00   0.000000000000000E+00   0.000000000000000E+00   0.000000000000000E+00  -9.111743630699944E-06   5.262607922751039E-06   6.080910534937682E-06  -1.972126549846415E-06   2.710772160374090E-06   6.212875667792426E-07   7.724411226509648E-06   7.053743941935965E-07   5.302570896280376E-06   0.000000000000000E+00   0.000000000000000E+00   0.000000000000000E+00   0.000000000000000E+00   0.000000000000000E+00   0.000000000000000E+00   0.000000000000000E+00   0.000000000000000E+00   0.000000000000000E+00  -8.584061466606219E-05  -1.827364644159476E-04   2.882946609320749E-05  -5.425766328037796E-05   5.144451405795067E-06   3.891516381012204E-06   1.175658190524862E-06   2.168289107467367E-06   0.000000000000000E+00   0.000000000000000E+00   0.000000000000000E+00   0.000000000000000E+00   0.000000000000000E+00   0.000000000000000E+00   0.000000000000000E+00   3.964885105797173E-04  -1.041457350619425E-04  -2.127103256005582E-04  -4.119140568775429E-05  -7.261559520840013E-05   3.054322814009007E-06   8.100698196191158E-06   5.167701060059221E-06   4.989505896624490E-06   0.000000000000000E+00  -6.836283827577598E-04  -1.135395975731366E-03  -5.786029074078723E-04  -1.619292440915202E-04   5.095683017501030E-06   6.004849968985719E-06   5.838857222132561E-06   2.851177646152238E-06   4.867132553591650E-07  -4.850335218133927E-05  -8.467250117254241E-05  -8.155305296189351E-05  -1.679155828625187E-05   3.401965750339171E-03  -1.235509343627624E-06   3.060190985664807E-05
   1.476852950482796E-02   5.493239522040835E-03  -1.293432615543153E-02  -1.314840278777532E-02   6.205170645421657E-03   1.902036064818557E-03  -1.449238901742729E-03  -8.618893673522183E-03   7.563243373781364E-02  -2.353117180996159E-02  -8.396203182917494E-02  -1.357519484294455E-02   5.302640296723032E-04   3.882655076242792E-04  -7.274079718594145E-04  -4.732359637952450E-04   8.093825783241287E-03  -3.559450369951364E-03   3.907418070367995E-03  -1.079600103842362E-02  -2.097431968374543E-04   0.000000000000000E+00  -1.440838021315847E-01   0.000000000000000E+00   0.000000000000000E+00   7.497744215135876E-03  -2.568335543230063E-03  -1.015424984150881E-02   3.484879511126117E-03   9.684389567301942E-05   6.630188518099521E-05  -1.744376426759672E-04  -3.608215968547813E-05  -2.342292190371450E-05   1.973866365402312E-04  -8.874336343128267E-05   1.836869407147231E-04  -3.253922756162559E-04  -1.177845662391461E-03  -7.080839989307615E-02  -1.110855943790097E-03   1.011889490538475E-03   7.657952480135530E-02  -1.103931314983847E-03   3.142841530367103E-04   8.626026157938332E-05  -5.638946221393098E-04   8.526729329496607E-05  -5.196453702968312E-06   1.571036665870402E-06   2.786008830374577E-07   5.364688064752950E-08   8.891095362622553E-06  -2.969152013367547E-05   1.313582146277155E-05  -1.296162684600686E-05  -1.273497864439997E-05  -5.655395094107918E-03  -3.202040984298307E-03  -7.872090903480599E-03   2.585026888781036E-03   3.075894092264422E-06   3.366860342965009E-06  -1.300127173677937E-05   4.377478777222996E-06  -1.660728057500938E-06  -1.858417510908716E-06   4.873342105008521E-06  -4.522580051642663E-09   5.570237376349534E-06  -1.290639056800645E-04  -1.153421672485406E-04  -2.189334051487625E-04   1.158210047705867E-04   7.172832888093490E-08   3.802035852677442E-03  -1.854513201653369E-06  -2.603915323149863E-06  -3.762059267304321E-07   3.774604173678922E-06  -8.285986113642047E-07   0.000000000000000E+00   0.000000000000000E+00   0.000000000000000E+00   0.000000000000000E+00   7.006010576255336E-06   0.000000000000000E+00   0.000000000000000E+00   0.000000000000000E+00   0.000000000000000E+00   0.000000000000000E+00   0.000000000000000E+00   0.000000000000000E+00   0.000000000000000E+00   0.000000000000000E+00   0.000000000000000E+00   0.000000000000000E+00   0.000000000000000E+00   0.000000000000000E+00   0.000000000000000E+00   0.000000000000000E+00   0.000000000000000E+00   0.000000000000000E+00   0.000000000000000E+00   0.000000000000000E+00   0.000000000000000E+00   0.000000000000000E+00   0.000000000000000E+00   0.000000000000000E+00   0.000000000000000E+00   3.296895744979651E-07  -9.641592876168505E-07   6.267179660543767E-07  -4.754595303474798E-07   1.235281370375585E-08  -3.357737445797793E-08   1.003608778287274E-08  -2.317810074535823E-08   0.000000000000000E+00   0.000000000000000E+00   0.000000000000000E+00   0.000000000000000E+00   0.000000000000000E+00   0.000000000000000E+00   0.000000000000000E+00   0.000000000000000E+00   0.000000000000000E+00  -8.056657167714752E-06  -4.489893100970621E-06   3.497032938098520E-06  -2.334855154995038E-06  -6.810472431411420E-06  -6.757889657127972E-06   1.461733875699543E-06  -5.004083663723371E-06   0.000000000000000E+00   0.000000000000000E+00   0.000000000000000E+00   0.000000000000000E+00   0.000000000000000E+00   0.000000000000000E+00   0.000000000000000E+00   0.000000000000000E+00   0.000000000000000E+00   0.000000000000000E+00   8.767904848031139E-06  -6.084353643419185E-06   1.095681954965026E-05  -3.118554597615828E-06   4.286586469048835E-06  -7.727243535550678E-06  -5.401804233002315E-06  -6.068687287763016E-07  -4.562065883821530E-06   0.000000000000000E+00   0.000000000000000E+00   0.000000000000000E+00   0.000000000000000E+00   0.000000000000000E+00   0.000000000000000E+00   0.000000000000000E+00   0.000000000000000E+00   0.000000000000000E+00   1.827591774359651E-04   3.351960157877233E-04  -5.710331175848715E-05   1.074696371958283E-04  -3.894411591638725E-06   1.400978475920281E-05   3.905092390598584E-06   7.202237319002070E-06   0.000000000000000E+00   0.000000000000000E+00   0.000000000000000E+00   0.000000000000000E+00   0.000000000000000E+00   0.000000000000000E+00   0.000000000000000E+00  -7.085833570483660E-04   2.127364230170196E-04   3.777715341509810E-04   7.937402808011456E-05   1.399270599507433E-04  -8.103944725687816E-06  -7.955546175557414E-07  -1.520456957401863E-06  -1.468027826368383E-06   0.000000000000000E+00   1.135535195885207E-03   1.703202112463486E-03   9.736615028887850E-04   2.724913220193219E-04  -6.007767097299051E-06   4.926744003142248E-06   3.297488973455902E-06   1.610199820251318E-06   7.614693335616468E-07   8.468334954001594E-05   1.149098764741810E-04   1.259654558923311E-04   2.593595479078747E-05  -5.004665283034734E-03   6.522219231156688E-06  -4.965394896117682E-05
  -1.596716662356826E-02  -1.293432615543153E-02   7.513975026510484E-03   1.421554787005475E-02  -1.922919546720853E-03  -1.449238901742729E-03  -2.325485029588307E-03   2.670907870705029E-03  -1.391460497226097E-01  -8.396203182917494E-02   8.530207686560087E-02   2.497519441406094E-02  -7.070920158185745E-04  -7.274079718594145E-04   8.127439514227459E-04   6.310467104559549E-04   9.382953895938132E-03   3.907418070367995E-03  -2.400262209215396E-03  -1.251551277688395E-02   6.292458516930033E-05   0.000000000000000E+00   0.000000000000000E+00  -1.440838021315847E-01   0.000000000000000E+00  -2.272731195135929E-02  -1.015424984150881E-02   2.486154048686831E-02  -1.056343634694511E-02  -1.777912040141331E-04  -1.744376426759672E-04   2.915266491155861E-04   6.624155884405014E-05   2.657681997688842E-05   4.942817631610289E-04   1.836869407147231E-04   2.978789815123145E-04  -8.148245014439015E-04   1.197748579191636E-01  -1.110855943790097E-03   4.214336478575074E-02  -1.028988124921751E-01  -2.639363821414963E-02   8.013116385073436E-03  -7.998178797881805E-04  -5.638946221393098E-04   1.299729385234534E-03  -2.169956871178635E-04   9.571867736566239E-06   2.786008830374577E-07   1.209102960395857E-06  -9.881755431481786E-08   1.546030496480189E-04   1.313582146277155E-05   1.979656325152836E-04  -2.253835952785476E-04  -1.643133615179413E-05   2.113703984358170E-02  -7.872090903480599E-03   2.411365472300213E-02  -9.661538307345030E-03  -9.643434860752424E-06  -1.300127173677937E-05   3.998107160111154E-05  -1.372411733831802E-05   3.604327914288631E-06   4.873342105008521E-06  -1.018973974372914E-05   9.815491134213803E-09  -8.931529623503052E-06   8.320117824283269E-04  -2.189334051487625E-04   1.262052720082482E-03  -7.466412868419828E-04   1.629202507813301E-06  -8.403338423981855E-03   8.233192833040176E-06   7.272756312820860E-06   3.774604173678922E-06  -9.567257877300824E-06   2.314282545218845E-06   0.000000000000000E+00   0.000000000000000E+00   0.000000000000000E+00   0.000000000000000E+00  -3.183623929409590E-05   0.000000000000000E+00   0.000000000000000E+00   0.000000000000000E+00   0.000000000000000E+00   0.000000000000000E+00   0.000000000000000E+00   0.000000000000000E+00   0.000000000000000E+00   0.000000000000000E+00   0.000000000000000E+00   0.000000000000000E+00   0.000000000000000E+00   0.000000000000000E+00   0.000000000000000E+00   0.000000000000000E+00   0.000000000000000E+00   0.000000000000000E+00   0.000000000000000E+00   0.000000000000000E+00   0.000000000000000E+00   0.000000000000000E+00   0.000000000000000E+00   0.000000000000000E+00   0.000000000000000E+00  -2.331388551880580E-07   6.267179660543767E-07  -5.210775897002657E-07   3.362195809869243E-07  -4.020764236793814E-09   1.003608778287274E-08  -6.010636225707604E-09   7.544328020214947E-09   0.000000000000000E+00   0.000000000000000E+00   0.000000000000000E+00   0.000000000000000E+00   0.000000000000000E+00   0.000000000000000E+00   0.000000000000000E+00   0.000000000000000E+00   0.000000000000000E+00   4.827435736741765E-06   3.497032938098520E-06  -7.489593957650948E-07   1.399012391951620E-06   1.277911698480475E-06   1.461733875699543E-06   7.579617486098129E-07   9.389623287443306E-07   0.000000000000000E+00   0.000000000000000E+00   0.000000000000000E+00   0.000000000000000E+00   0.000000000000000E+00   0.000000000000000E+00   0.000000000000000E+00   0.000000000000000E+00   0.000000000000000E+00   0.000000000000000E+00  -6.420836694457718E-06   1.973243199336876E-06  -3.118554597615828E-06   2.352372499543123E-06  -1.390201506049660E-06  -7.056330337475253E-07  -6.068687287763016E-07   1.188473756010348E-06  -4.165967301207443E-07   0.000000000000000E+00   0.000000000000000E+00   0.000000000000000E+00   0.000000000000000E+00   0.000000000000000E+00   0.000000000000000E+00   0.000000000000000E+00   0.000000000000000E+00   0.000000000000000E+00  -2.883304941874990E-05  -5.710331175848715E-05  -1.774617682821628E-05  -1.695497541494544E-05  -1.176532856786829E-06   3.905092390598584E-06   2.263397017780663E-06   2.175853437365257E-06   0.000000000000000E+00   0.000000000000000E+00   0.000000000000000E+00   0.000000000000000E+00   0.000000000000000E+00   0.000000000000000E+00   0.000000000000000E+00   2.244797637242879E-04   4.119645945872582E-05   7.937402808011456E-05  -1.674111340172582E-05   2.709690879769241E-05  -5.169772127702413E-06  -1.520456957401863E-06   6.179084507806544E-07  -9.365030977314174E-07   0.000000000000000E+00   5.786738546258512E-04   9.736615028887850E-04   2.887625625340570E-04   1.388628060463531E-04  -5.841693711937992E-06   3.297488973455902E-06   4.741846899128549E-06   1.565688884503306E-06   5.208452655953604E-07   8.156350166099733E-05   1.259654558923311E-04   1.054508940246465E-04   2.498043952144725E-05  -2.214425531371875E-03   8.574242579138096E-06  -7.099960958648699E-05
  -1.623143993922221E-02  -1.314840278777532E-02   1.421554787005475E-02   7.980708647949999E-03  -1.143596069357145E-02  -8.618893673522183E-03   2.670907870705029E-03   1.310979708164742E-02  -2.249748720294921E-02  -1.357519484294455E-02   2.497519441406094E-02  -6.513043893705571E-02  -4.600188402423746E-04  -4.732359637952450E-04   6.310467104559549E-04   2.533114926496555E-04  -2.592463314131343E-02  -1.079600103842362E-02  -1.251551277688395E-02   2.764971035277769E-02   3.848185585962808E-04   0.000000000000000E+00   0.000000000000000E+00   0.000000000000000E+00  -1.440838021315847E-01   7.799881330327323E-03   3.484879511126117E-03  -1.056343634694511E-02  -2.292914413277789E-03  -3.677583872093450E-05  -3.608215968547813E-05   6.624155884405014E-05  -1.501334109385166E-05   2.531518941493140E-05  -8.755955490617573E-04  -3.253922756162559E-04  -8.148245014439015E-04   1.281324095654965E-03  -1.091040837803196E-01   1.011889490538475E-03  -1.028988124921751E-01   2.291220589351363E-02  -1.441256812417296E-01  -6.754623513789916E-03   1.209415785519025E-04   8.526729329496607E-05  -2.169956871178635E-04  -1.025068897901315E-04   1.843141487704716E-06   5.364688064752950E-08  -9.881755431481786E-08   1.703257658791591E-06  -1.525528528590008E-04  -1.296162684600686E-05  -2.253835952785476E-04   1.919478245240259E-04   4.430174962919247E-05  -6.940953428362486E-03   2.585026888781036E-03  -9.661538307345030E-03  -2.135642693501195E-03   3.246907863871265E-06   4.377478777222996E-06  -1.372411733831802E-05   3.840800349755918E-06  -3.344904004992291E-09  -4.522580051642663E-09   9.815491134213803E-09   3.870116864816282E-07  -3.389460054974929E-06  -4.401541215527944E-04   1.158210047705867E-04  -7.466412868419828E-04   2.456873827128168E-04  -1.592316832071600E-06  -4.524437784455781E-04  -4.661168406896973E-06  -1.596510654975560E-06  -8.285986113642047E-07   2.314282545218845E-06   4.672119798738063E-07   0.000000000000000E+00   0.000000000000000E+00   0.000000000000000E+00   0.000000000000000E+00   1.241931681391829E-05   0.000000000000000E+00   0.000000000000000E+00   0.000000000000000E+00   0.000000000000000E+00   0.000000000000000E+00   0.000000000000000E+00   0.000000000000000E+00   0.000000000000000E+00   0.000000000000000E+00   0.000000000000000E+00   0.000000000000000E+00   0.000000000000000E+00   0.000000000000000E+00   0.000000000000000E+00   0.000000000000000E+00   0.000000000000000E+00   0.000000000000000E+00   0.000000000000000E+00   0.000000000000000E+00   0.000000000000000E+00   0.000000000000000E+00   0.000000000000000E+00   0.000000000000000E+00   0.000000000000000E+00   1.768707721773617E-07  -4.754595303474798E-07   3.362195809869243E-07  -3.329690789762062E-07   9.285857255332272E-09  -2.317810074535823E-08   7.544328020214947E-09  -2.016739405677879E-08   0.000000000000000E+00   0.000000000000000E+00   0.000000000000000E+00   0.000000000000000E+00   0.000000000000000E+00   0.000000000000000E+00   0.000000000000000E+00   0.000000000000000E+00   0.000000000000000E+00  -3.223121833524245E-06  -2.334855154995038E-06   1.399012391951620E-06   4.123385166310654E-07  -4.374788845190290E-06  -5.004083663723371E-06   9.389623287443306E-07  -2.182192957880133E-06   0.000000000000000E+00   0.000000000000000E+00   0.000000000000000E+00   0.000000000000000E+00   0.000000000000000E+00   0.000000000000000E+00   0.000000000000000E+00   0.000000000000000E+00   0.000000000000000E+00   0.000000000000000E+00   1.867379605786737E-06  -2.712307042784081E-06   4.286586469048835E-06  -1.390201506049660E-06   3.251871828270895E-06  -5.304515189385681E-06  -4.562065883821530E-06  -4.165967301207443E-07  -1.887826485359299E-06   0.000000000000000E+00   0.000000000000000E+00   0.000000000000000E+00   0.000000000000000E+00   0.000000000000000E+00   0.000000000000000E+00   0.000000000000000E+00   0.000000000000000E+00   0.000000000000000E+00   5.426440717463099E-05   1.074696371958283E-04  -1.695497541494544E-05   5.154525618116394E-06  -2.169902271347633E-06   7.202237319002070E-06   2.175853437365257E-06   5.096605925295486E-06   0.000000000000000E+00   0.000000000000000E+00   0.000000000000000E+00   0.000000000000000E+00   0.000000000000000E+00   0.000000000000000E+00   0.000000000000000E+00  -6.466207400636538E-05   7.262450441120631E-05   1.399270599507433E-04   2.709690879769241E-05   1.565674473190598E-05  -4.991505548713092E-06  -1.468027826368383E-06  -9.365030977314174E-07   6.836476650519052E-07   0.000000000000000E+00   1.619490995558302E-04   2.724913220193219E-04   1.388628060463531E-04  -1.685572392839949E-04  -2.852562735052192E-06   1.610199820251318E-06   1.565688884503306E-06   2.300053740272455E-06   5.908886817613601E-07   1.679370964581041E-05   2.593595479078747E-05   2.498043952144725E-05  -1.073041942363626E-05   6.010343150066906E-04   3.638338707285026E-06   8.915047924366545E-07
  -1.925926268626740E-02  -6.623097453275330E-03  -8.950824862306748E-03   2.495457780176982E-02  -5.272893817743771E-04  -1.540598654775467E-04  -5.001340338835865E-04   8.644065210158278E-04  -1.596997495324672E-01   8.090321605484516E-03  -1.180048189315771E-01   1.133764684941299E-01  -7.738125590639863E-03  -5.323449945427557E-03   1.701093963342083E-03   1.068370370086759E-02  -8.598166418370953E-05   2.650062287151564E-06  -1.389082716963383E-04   1.352817734476535E-04   7.310233739348654E-06  -1.756856306056087E-02   7.497744215135876E-03  -2.272731195135929E-02   7.799881330327323E-03  -3.011132097935459E-01   0.000000000000000E+00   0.000000000000000E+00   0.000000000000000E+00  -2.079760850878195E-02  -1.507827907962160E-02   1.696897222978467E-02   1.845188348372183E-02   2.013924713018063E-04   4.022517277766245E-06  -5.031571330142438E-08   7.906660073921379E-06  -7.723679814176786E-06  -4.265458084325415E-04   1.647108553406386E-04  -7.205924683350744E-04   3.768089832125540E-04   7.315636093130394E-03   1.822520827451794E-01  -1.605884387429218E-01  -7.340915919892572E-02   1.444411582405704E-01   2.886678958325204E-02  -6.159098281690344E-04  -6.063866029191479E-04   8.366742779216768E-04   5.438686441062178E-04  -2.932349509607010E-06  -3.911559506894471E-07   3.600206167182428E-06  -2.558762757228878E-06   6.489254024626207E-08   2.952903595176926E-06   1.540702524967896E-06  -5.167138429330017E-06   1.734372149013119E-06  -1.905782134234264E-02  -7.596986750686580E-03   2.466712772176395E-02  -8.144387417645952E-03  -9.564892442453753E-05  -9.966189221146779E-05   1.840677540952191E-04   3.867224416463788E-05   1.345617172423750E-05  -9.108466774571640E-07  -1.602067374874879E-06   7.081313588038734E-06  -3.210743859576239E-06   0.000000000000000E+00  -1.293026693515076E-05   9.297131717300127E-03  -5.028681301420564E-04  -3.376590470563764E-04   8.973759039416471E-04  -1.250576721976236E-04   3.956934729729447E-06   5.196710796056428E-06  -9.627685375316670E-06  -1.941470226060256E-06   0.000000000000000E+00   1.373564962918889E-06  -2.643242099347388E-06   9.690012349481284E-06  -2.864261360076142E-06  -3.061705330653921E-06   1.705238038427580E-06  -3.798103155047303E-06  -4.929827751320175E-08   6.734450052344793E-07  -6.174471582469616E-07   2.525056896638401E-06  -7.803993207550336E-06   1.460971498400958E-06  -1.169444531157156E-05   0.000000000000000E+00   0.000000000000000E+00   2.131694002421591E-08   7.238936468832861E-06  -1.398578302136321E-06   4.753815246862512E-06  -1.300669862119559E-07  -5.019598228647247E-08   1.654414878787730E-08  -3.836088129314709E-08   5.221541375683572E-06   4.842986015522168E-06  -1.612364251564694E-06   2.205264711886950E-06   8.760966187913506E-07   7.846049798669792E-06   6.707262003240173E-07   5.554119058584090E-06   0.000000000000000E+00   0.000000000000000E+00   0.000000000000000E+00   0.000000000000000E+00   0.000000000000000E+00   1.328255468090185E-06   8.050240061388400E-06  -4.934804637569844E-06   3.332878554029173E-06  -6.702955077024167E-05  -1.480191531398734E-04   2.349883469156230E-05  -4.205406546880154E-05   4.893852905083404E-06   2.346576089580803E-06   6.929983843494461E-07   1.348754494071060E-06   0.000000000000000E+00   0.000000000000000E+00   0.000000000000000E+00   0.000000000000000E+00   0.000000000000000E+00  -1.204077181669891E-06  -4.127688596277609E-07   2.979188083828574E-07  -2.316238945826643E-07  -9.370100163306280E-06   1.851641952971577E-04  -9.491853096593974E-05  -1.967083857669336E-04  -3.647008710818676E-05  -6.566830562942354E-05   3.886546698772882E-06   7.952782544674579E-06   5.099463927795991E-06   4.963791189317437E-06   0.000000000000000E+00   0.000000000000000E+00   0.000000000000000E+00   0.000000000000000E+00   0.000000000000000E+00   0.000000000000000E+00   0.000000000000000E+00   0.000000000000000E+00   0.000000000000000E+00  -5.995998738610283E-04  -1.013344938537480E-03  -4.985655900795108E-04  -1.305385996047786E-04   5.148025336986927E-06   5.832102699918878E-06   5.662452184574358E-06   2.684231875686375E-06   1.258553907914262E-06   0.000000000000000E+00   0.000000000000000E+00   0.000000000000000E+00   0.000000000000000E+00   0.000000000000000E+00   0.000000000000000E+00   3.018404281059441E-03  -4.700496571303881E-05  -8.315778949784369E-05  -7.905201023026665E-05  -1.474602055719538E-05  -2.606795754555048E-06   2.686100174599667E-06   3.764104258584701E-06   1.417303894132862E-06   0.000000000000000E+00  -1.633557994809920E-05  -2.788241324263614E-05  -4.379890902729230E-05   3.525133336861571E-06  -3.785316962281363E-06   9.543518981236585E-07   1.887680519269186E-06   3.175841073222727E-07   0.000000000000000E+00   2.876909954105544E-06   4.513676398727427E-06   9.949321046928821E-06  -2.857306382609466E-07   9.682170306487056E-05   0.000000000000000E+00  -8.491112824150362E-07
   6.624684111896178E-03  -4.133897957613251E-03   3.229739367958446E-03  -9.004397201040421E-03   1.540663913274258E-04  -1.142853544769408E-04   1.472914487817797E-04  -2.545711353178470E-04  -8.092545507597913E-03  -7.147621075689260E-02  -7.442569163473380E-03   7.150658896118399E-03   5.323572417288096E-03   1.278843552748764E-03  -1.210787328213396E-03  -7.604337760380209E-03  -2.650450994544503E-06  -2.687583822977478E-05  -3.971333261628590E-06   3.867653092389112E-06  -1.089417164683117E-05  -7.498020657223321E-03  -2.568335543230063E-03  -1.015424984150881E-02   3.484879511126117E-03   0.000000000000000E+00  -1.460649502586431E-01   0.000000000000000E+00   0.000000000000000E+00   1.508191505566145E-02   4.412959517962231E-03  -1.293123613195154E-02  -1.406129134847971E-02  -1.767133243088304E-04   5.033519613390273E-08   1.708538361893648E-06   3.991877233795372E-09  -3.899495023572678E-09  -1.647347072890705E-04  -6.511541803530135E-05  -2.791232608509485E-04   1.459578842882267E-04   4.962133448868330E-03   6.635425546542806E-02   7.342932646023849E-02  -3.068517158780181E-02  -8.230463497103364E-02  -1.644870899939838E-02   6.064138741722951E-04   4.167287289339685E-04  -8.328246340675398E-04  -5.413662358949337E-04   3.912744112168855E-07   3.534697838673203E-07   9.213669774971167E-07  -6.548401392260321E-07   7.964265034002485E-07  -1.540414550695156E-06   2.817733464617534E-06  -9.921535792438056E-06   3.330205991031007E-06   7.597268704609662E-03  -3.274846311049821E-03  -1.031234245834451E-02   3.404843608528216E-03   9.967645760791011E-05   6.731402097512012E-05  -1.793255576853672E-04  -3.767591877163293E-05  -2.990383777077721E-05   1.602639387419703E-06   4.835563511906572E-07   2.214282007203106E-06  -1.003979313951918E-06   0.000000000000000E+00   3.249717735017564E-07  -1.143300930591017E-03   3.377089459683390E-04   7.612722031401058E-05  -6.067770229364317E-04   8.456001737747635E-05  -5.198617823635811E-06   1.367444281293869E-06   6.364935291348675E-07   1.283520584359267E-07   0.000000000000000E+00   2.643188614266716E-06   2.379138383306665E-06  -1.150910160019685E-05   3.401964188869065E-06  -1.705761246923829E-06  -1.736462618127286E-06   4.792194629305688E-06   6.220129656532313E-08   5.401730708434429E-06  -2.525964189068855E-06  -5.537000795852111E-08   3.414453614568005E-06  -6.392137051925812E-07  -8.571807476912777E-07   0.000000000000000E+00   0.000000000000000E+00  -7.242115223069909E-06  -6.157014671070911E-06   1.408154931058057E-06  -4.786366534489493E-06   5.022075456697597E-08  -1.387221563495485E-07   4.200095741356923E-08  -9.738752728826125E-08  -4.846822228966610E-06   1.324878062554716E-05  -4.014718228188236E-06   5.491015090542387E-06  -7.849569491827579E-06  -4.956439430371480E-06  -5.339482545885574E-07  -4.421494457314141E-06   0.000000000000000E+00   0.000000000000000E+00   0.000000000000000E+00   0.000000000000000E+00   0.000000000000000E+00  -8.053923650354535E-06  -4.192931072232824E-06   3.407111318769870E-06  -2.301101883358484E-06   1.480418172344551E-04   2.768844874639890E-04  -4.733469215464237E-05   8.471127479064592E-05  -2.349656036122242E-06   1.645721311028003E-05   4.602272955361658E-06   8.957216166258288E-06   0.000000000000000E+00   0.000000000000000E+00   0.000000000000000E+00   0.000000000000000E+00   0.000000000000000E+00   4.129764423354031E-07  -1.221928550340492E-06   8.101221826384303E-07  -6.298483001092687E-07   8.479829057631169E-06  -3.518282733662315E-04   1.967378261792579E-04   3.527142212782219E-04   7.084589944855348E-05   1.275656447920759E-04  -7.956813644458164E-06   1.053874935740193E-06  -3.726261400523688E-07  -3.627123119391757E-07   0.000000000000000E+00   0.000000000000000E+00   0.000000000000000E+00   0.000000000000000E+00   0.000000000000000E+00   0.000000000000000E+00   0.000000000000000E+00   0.000000000000000E+00   0.000000000000000E+00   1.013493999910152E-03   1.549891856765908E-03   8.518852673596455E-04   2.230477033269301E-04  -5.835609285722798E-06   5.325115902628035E-06   3.705641221151635E-06   1.756624155303185E-06   2.167189508143301E-06   0.000000000000000E+00   0.000000000000000E+00   0.000000000000000E+00   0.000000000000000E+00   0.000000000000000E+00   0.000000000000000E+00  -4.525885906109235E-03   8.317076534611525E-05   1.143608340341166E-04   1.233843293384620E-04   2.301557988925275E-05  -2.687130122839133E-06  -3.335660243650545E-06  -5.396319860101849E-06  -2.031884513896163E-06   0.000000000000000E+00   2.788671740543323E-05   3.005348766390102E-05   5.729607881477264E-05  -4.611446311951425E-06  -9.546475694115956E-07  -2.207347473618565E-06  -4.647195169901467E-06  -7.818459291813421E-07   0.000000000000000E+00  -4.515823221721961E-06   7.318679558381933E-07  -1.896190095301487E-06   5.445593761011691E-08  -9.873471725765119E-05   0.000000000000000E+00   3.301474393292762E-06
   8.952969161636733E-03   3.229739367958446E-03  -2.158869321621096E-03  -1.216904671956778E-02   5.001552191521471E-04   1.472914487817797E-04   3.185047122391513E-04  -8.264299622888825E-04   1.180372565995723E-01  -7.442569163473380E-03   3.657028311337588E-02  -1.042989697351330E-01  -1.701133098892296E-03  -1.210787328213396E-03  -2.123323606638639E-03   2.429945466192994E-03   1.389286465654161E-04  -3.971333261628590E-06   1.812137083461183E-04  -2.027307090816477E-04  -1.679592916032875E-05   2.272814990813370E-02  -1.015424984150881E-02   2.486154048686831E-02  -1.056343634694511E-02   0.000000000000000E+00   0.000000000000000E+00  -1.460649502586431E-01   0.000000000000000E+00  -1.697306412754849E-02  -1.293123613195154E-02   7.475237155215338E-03   1.582446253629438E-02   5.845573179232274E-05  -7.909721625146155E-06   3.991877233795372E-09   1.081276298107309E-06   6.127704366751840E-07   7.206968180718272E-04  -2.791232608509485E-04   1.092217997942489E-03  -6.385502151312586E-04  -9.763676998824281E-03  -2.496488100827519E-02  -1.444808397001368E-01  -8.230463497103364E-02   8.942929450927672E-02   3.236477035511346E-02  -8.367119059891919E-04  -8.328246340675398E-04   9.622389550810839E-04   7.469611009347501E-04  -3.601296479935436E-06   9.213669774971167E-07  -8.026703015844141E-06   6.027160020459237E-06   6.657162404242572E-06   5.166172634241592E-06  -9.921535792438056E-06   3.313379467143812E-05  -1.116869419955025E-05  -2.466804321545383E-02  -1.031234245834451E-02   2.703294114469157E-02  -1.105539800455842E-02  -1.840946552482190E-04  -1.793255576853672E-04   3.014200906602540E-04   6.958448809153150E-05   3.473733272221429E-05  -7.083841946252448E-06   2.214282007203106E-06  -8.802856745074725E-06   4.437698731960490E-06   0.000000000000000E+00  -8.230164311979395E-07   1.048495931061317E-02  -8.975085172437888E-04  -6.067770229364317E-04   1.460407293831647E-03  -2.247300129907811E-04   9.631218429638312E-06   6.364935291348675E-07   5.318031159332668E-07  -2.377914193018223E-07   0.000000000000000E+00  -9.689816275465835E-06  -1.150910160019685E-05   4.143155865162517E-05  -1.247145504029818E-05   3.799268505453270E-06   4.792194629305688E-06  -1.025863586299231E-05  -1.385419134507654E-07  -8.649743836496480E-06   7.806797304350671E-06   3.414453614568005E-06  -9.503371920358718E-06   1.975567132818690E-06   5.355689152623176E-06   0.000000000000000E+00   0.000000000000000E+00   1.399192444382616E-06   1.408154931058057E-06   8.594311097171925E-07   9.247364457513627E-07  -1.655231351094470E-08   4.200095741356923E-08  -2.513176588991989E-08   3.209806179995132E-08   1.613641433328045E-06  -4.014718228188236E-06   2.526562925352200E-06  -1.828111088575636E-06  -6.710270842692643E-07  -5.339482545885574E-07   1.243958412960183E-06  -3.779751917469097E-07   0.000000000000000E+00   0.000000000000000E+00   0.000000000000000E+00   0.000000000000000E+00   0.000000000000000E+00   4.937062681028718E-06   3.407111318769870E-06  -7.234083957366064E-07   1.410577592584202E-06  -2.350243273817120E-05  -4.733469215464237E-05  -1.376208882646115E-05  -1.344836935349729E-05  -6.939079640500905E-07   4.602272955361658E-06   2.232519976352431E-06   2.645273834949297E-06   0.000000000000000E+00   0.000000000000000E+00   0.000000000000000E+00   0.000000000000000E+00   0.000000000000000E+00  -2.980686326524435E-07   8.101221826384303E-07  -6.842092198452748E-07   4.545974112478848E-07  -6.404136156685490E-06   9.947983930904827E-05   3.647554541337178E-05   7.084589944855348E-05  -1.627172232008461E-05   2.365089906787832E-05  -5.102048739818733E-06  -3.726261400523688E-07   1.396063287884884E-06  -2.325775086280823E-07   0.000000000000000E+00   0.000000000000000E+00   0.000000000000000E+00   0.000000000000000E+00   0.000000000000000E+00   0.000000000000000E+00   0.000000000000000E+00   0.000000000000000E+00   0.000000000000000E+00   4.986389282572604E-04   8.518852673596455E-04   2.375447714041406E-04   1.097394436938390E-04  -5.665856767015281E-06   3.705641221151635E-06   5.106298932850970E-06   1.705525570702134E-06   1.497392216334763E-06   0.000000000000000E+00   0.000000000000000E+00   0.000000000000000E+00   0.000000000000000E+00   0.000000000000000E+00   0.000000000000000E+00  -1.835351611044664E-03   7.906434541734299E-05   1.233843293384620E-04   1.018606376591353E-04   2.187922343592245E-05  -3.765547552692253E-06  -5.396319860101849E-06  -7.046803511042290E-06  -2.847334296774220E-06   0.000000000000000E+00   4.380567019366437E-05   5.729607881477264E-05   8.358194348251340E-05  -7.243860699709909E-06  -1.888265348545937E-06  -4.647195169901467E-06  -9.049889725916685E-06  -1.546468689890215E-06   0.000000000000000E+00  -9.954053205222127E-06  -1.896190095301487E-06  -2.587591555117575E-06   1.200351018401169E-07  -1.719192634207217E-04   0.000000000000000E+00   1.083870414947205E-05
  -2.496055603118258E-02  -9.004397201040421E-03  -1.216904671956778E-02   2.740314459394992E-02  -8.644431365689647E-04  -2.545711353178470E-04  -8.264299622888825E-04   1.268703406374034E-03  -1.134076339014139E-01   7.150658896118399E-03  -1.042989697351330E-01   2.822171840025126E-02  -1.068394949130107E-02  -7.604337760380209E-03   2.429945466192994E-03   1.275102090115905E-02  -1.353016163870908E-04   3.867653092389112E-06  -2.027307090816477E-04   1.704863867951726E-04   4.110832261743177E-05  -7.800168912220613E-03   3.484879511126117E-03  -1.056343634694511E-02  -2.292914413277789E-03   0.000000000000000E+00   0.000000000000000E+00   0.000000000000000E+00  -1.460649502586431E-01  -1.845633297068798E-02  -1.406129134847971E-02   1.582446253629438E-02   1.012988511348512E-02   3.498575063968703E-04   7.726670513305596E-06  -3.899495023572678E-09   6.127704366751840E-07   1.109974397580612E-06  -3.768635493091096E-04   1.459578842882267E-04  -6.385502151312586E-04   2.049912439219726E-04  -5.787144081953125E-04  -1.426008708579630E-01  -2.887471998451449E-02  -1.644870899939838E-02   3.236477035511346E-02  -6.604660940692968E-02  -5.438931037156499E-04  -5.413662358949337E-04   7.469611009347501E-04   2.986840105526853E-04   2.559537671646713E-06  -6.548401392260321E-07   6.027160020459237E-06  -3.830089078257700E-06  -8.657510622203420E-06  -1.734047975754375E-06   3.330205991031007E-06  -1.116869419955025E-05   3.608216818109821E-06   8.144689687751044E-03   3.404843608528216E-03  -1.105539800455842E-02  -2.800664010104926E-03  -3.867789603974353E-05  -3.767591877163293E-05   6.958448809153150E-05  -1.516069689099890E-05   3.345299751492804E-05   3.211890244425401E-06  -1.003979313951918E-06   4.437698731960490E-06  -1.027587712511598E-06   0.000000000000000E+00   1.092511695752291E-07  -8.531700223997844E-03   1.250761530937513E-04   8.456001737747635E-05  -2.247300129907811E-04  -1.208688637867132E-04   1.942182683884242E-06   1.283520584359267E-07  -2.377914193018223E-07   1.663050932627188E-06   0.000000000000000E+00   2.864203402747925E-06   3.401964188869065E-06  -1.247145504029818E-05   2.926110328170074E-06   4.931340342352283E-08   6.220129656532313E-08  -1.385419134507654E-07   4.132953948675483E-07  -3.325112380427897E-06  -1.461496448307383E-06  -6.392137051925812E-07   1.975567132818690E-06   6.795668661461426E-07  -2.757100988693889E-06   0.000000000000000E+00   0.000000000000000E+00  -4.755902737258811E-06  -4.786366534489493E-06   9.247364457513627E-07  -2.011720939425684E-06   3.837981281850966E-08  -9.738752728826125E-08   3.209806179995132E-08  -8.571432940465477E-08  -2.207011540415709E-06   5.491015090542387E-06  -1.828111088575636E-06   3.690298199894042E-06  -5.556610604693235E-06  -4.421494457314141E-06  -3.779751917469097E-07  -1.840316371138854E-06   0.000000000000000E+00   0.000000000000000E+00   0.000000000000000E+00   0.000000000000000E+00   0.000000000000000E+00  -3.334403596086735E-06  -2.301101883358484E-06   1.410577592584202E-06   4.124751989351740E-07   4.206050461736517E-05   8.471127479064592E-05  -1.344836935349729E-05   2.790791918358549E-06  -1.350524771948564E-06   8.957216166258288E-06   2.645273834949297E-06   6.021750538995074E-06   0.000000000000000E+00   0.000000000000000E+00   0.000000000000000E+00   0.000000000000000E+00   0.000000000000000E+00   2.317403789396370E-07  -6.298483001092687E-07   4.545974112478848E-07  -4.529351864439413E-07   1.914241205502938E-06  -1.801143221104287E-05   6.567813389366775E-05   1.275656447920759E-04   2.365089906787832E-05   1.317930287788524E-05  -4.966307231655652E-06  -3.627123119391757E-07  -2.325775086280823E-07   1.408608001754507E-06   0.000000000000000E+00   0.000000000000000E+00   0.000000000000000E+00   0.000000000000000E+00   0.000000000000000E+00   0.000000000000000E+00   0.000000000000000E+00   0.000000000000000E+00   0.000000000000000E+00   1.305578016179369E-04   2.230477033269301E-04   1.097394436938390E-04  -1.528497834202056E-04  -2.685845785775757E-06   1.756624155303185E-06   1.705525570702134E-06   2.316939671924430E-06   1.688369807736008E-06   0.000000000000000E+00   0.000000000000000E+00   0.000000000000000E+00   0.000000000000000E+00   0.000000000000000E+00   0.000000000000000E+00   7.299824345859702E-04   1.474832150971607E-05   2.301557988925275E-05   2.187922343592245E-05  -1.135053723843840E-05  -1.417847339855533E-06  -2.031884513896163E-06  -2.847334296774220E-06  -5.569067838216099E-07   0.000000000000000E+00  -3.525677505963121E-06  -4.611446311951425E-06  -7.243860699709909E-06  -5.838213905113968E-06  -3.176824992280517E-07  -7.818459291813421E-07  -1.546468689890215E-06  -1.180502579579272E-07   0.000000000000000E+00   2.858665392539008E-07   5.445593761011691E-08   1.200351018401169E-07   1.588659161408136E-06   5.469357413923029E-05   0.000000000000000E+00  -1.510561821024245E-06
  -2.135411655797070E-02   8.119085139350831E-03  -2.743744234594804E-02   8.861330099281299E-03  -5.527022563114021E-04   1.937137453086421E-04  -9.244761861089138E-04   4.718986073936691E-04  -7.883596575015911E-03   5.757594316351118E-03  -1.055859861718814E-02  -2.428233729561361E-03  -1.617530012799529E-01   7.112422485048619E-04  -1.194626529007678E-01   1.144535920737263E-01  -1.802419480671417E-06   5.151712129186614E-06  -1.753575178419919E-05   5.658130791785210E-06   1.244028532335678E-04  -9.197668178284736E-05   9.684389567301942E-05  -1.777912040141331E-04  -3.677583872093450E-05  -2.079760850878195E-02   1.508191505566145E-02  -1.697306412754849E-02  -1.845633297068798E-02  -3.026327051758065E-01   0.000000000000000E+00   0.000000000000000E+00   0.000000000000000E+00   2.697219032196056E-02  -8.353571458777724E-09  -1.898289541467728E-06   8.116312025769449E-06  -3.607631243588097E-06   4.357776481202121E-06   3.168814853953865E-07  -7.437810931222168E-07   3.059370696344400E-08  -6.216819097343311E-06   1.023994022885389E-03  -1.521629392553467E-01   6.854654400642687E-02  -1.924389859212940E-02  -1.409753919288050E-01  -1.586275780336374E-01  -7.645073995895232E-02   1.422381608866145E-01   2.134571189145229E-02  -1.717783415927999E-07   2.181405001799583E-08  -7.977337606924561E-08   2.638734096011521E-08   5.088215538912188E-07  -3.398890643038852E-06  -1.375795597574807E-06   3.149929298291429E-06  -5.029325012160171E-09  -1.808654593917150E-02   5.821076778856439E-03   8.702754049790037E-03  -2.362987021202660E-02  -1.817230510227058E-02  -7.609643878399287E-03   2.348663988551471E-02  -7.971967032401365E-03   2.875130648701411E-02   0.000000000000000E+00   0.000000000000000E+00   0.000000000000000E+00   0.000000000000000E+00   0.000000000000000E+00   0.000000000000000E+00   1.093298238956833E-03  -6.434019595202406E-03  -2.026161135005345E-04   7.304301703112481E-03  -7.114008176521373E-03  -4.007078321201925E-04  -2.876304027918542E-04   7.195214752351648E-04  -1.107227312153001E-04   0.000000000000000E+00  -6.989550497469226E-05  -1.714091716441490E-07   1.202000797765569E-04  -1.087814498873143E-04   1.003898788394173E-06  -3.285482894779672E-06   1.053512210992524E-05  -3.393591385937491E-06   9.405079544774728E-05   4.509449430906921E-06  -3.228232804971840E-09   2.276042430751613E-08  -1.359139068323173E-08  -8.663704385479870E-06  -6.056911072986570E-06  -3.541106908530235E-07  -4.627327810199213E-07   5.053888802893675E-06   5.793886042697389E-07   6.457319871287672E-06  -1.987672359205031E-07  -5.921868838906763E-08   5.894380649488682E-09  -7.928879247901156E-08   1.019596950174151E-06  -7.415024281709863E-06   2.851756057770846E-07  -8.002881248225677E-06  -2.681606975874779E-06   2.620821816899608E-06   1.313490771292139E-06   3.593164421343276E-06   0.000000000000000E+00   0.000000000000000E+00   0.000000000000000E+00   0.000000000000000E+00   0.000000000000000E+00   4.940470814067005E-06   2.090813621849293E-06  -9.033640217097528E-07   2.074794673335932E-06  -2.136203885642609E-04  -3.120246859634544E-04  -8.263849115526210E-05  -2.948277885906118E-04   2.946688048615241E-06   5.862835924350495E-06   5.064018319957198E-06   7.588610532804005E-06   0.000000000000000E+00   0.000000000000000E+00   0.000000000000000E+00   0.000000000000000E+00   0.000000000000000E+00  -2.954260420308656E-06   2.505530581534725E-06  -1.494079976228631E-06   2.795833512850879E-06   1.411602851459254E-05   2.626836820070153E-03  -3.590708093392326E-05  -5.616607301619794E-05  -4.455540284988063E-05  -5.932025395086005E-05  -3.412862681326118E-06   1.377755997684783E-06   1.908299676625921E-06   1.931952689912611E-06   0.000000000000000E+00   0.000000000000000E+00   0.000000000000000E+00   0.000000000000000E+00   0.000000000000000E+00  -2.049738096486538E-06  -5.254400356917387E-07   4.812681044232093E-07  -5.487548809633492E-07  -1.313810099318780E-04  -1.384623598700619E-04  -2.056518090698740E-04  -1.328460101006749E-04  -2.691440171408778E-06   1.783145728897205E-06   3.636253440534850E-06   2.350991195524262E-06   0.000000000000000E+00   0.000000000000000E+00   0.000000000000000E+00   0.000000000000000E+00   0.000000000000000E+00   0.000000000000000E+00   5.662046796868035E-07   2.188505594845872E-03   5.149397013480581E-06   1.533998172185929E-06   3.536940114961979E-06   1.674879176691788E-06   0.000000000000000E+00   0.000000000000000E+00   0.000000000000000E+00   0.000000000000000E+00   0.000000000000000E+00   4.534641104345567E-06   2.283218831995780E-06   9.848904759224109E-06   2.259969868081939E-06   0.000000000000000E+00   0.000000000000000E+00   0.000000000000000E+00   0.000000000000000E+00   0.000000000000000E+00  -4.490750040533972E-06  -1.978655392484906E-07  -1.157867939623168E-06  -2.390053751904046E-07  -8.767107208185169E-06   0.000000000000000E+00   0.000000000000000E+00
  -8.119087536983738E-03  -4.032215943662572E-03  -1.096950950603155E-02   3.542766251115415E-03  -1.936904171299692E-04  -9.895345047303284E-05  -3.268441477704873E-04   1.668375026693144E-04  -5.757629834759732E-03   1.792274473934425E-03  -7.980391465672206E-03  -1.835305653205093E-03  -7.110724115633900E-04  -7.320281513273505E-02  -6.558157551724818E-04   6.283174456236401E-04  -5.151649390233954E-06   2.851120837852387E-06  -1.618778138607373E-05   5.223191194674750E-06   9.332151803454757E-06  -9.683025975795586E-05   6.630188518099521E-05  -1.744376426759672E-04  -3.608215968547813E-05  -1.507827907962160E-02   4.412959517962231E-03  -1.293123613195154E-02  -1.406129134847971E-02   0.000000000000000E+00  -1.473367122712179E-01   0.000000000000000E+00   0.000000000000000E+00  -7.918481470560155E-03   1.898016790977874E-06   6.818104599093710E-07   2.118480397551437E-06  -9.416464087223098E-07  -3.169985200574387E-07   5.212755388688937E-06  -1.110061137624774E-05   4.565978547994528E-07   1.037630931434777E-05   9.096804579899774E-04  -6.854707354979081E-02  -2.957598766165187E-02  -1.066542375359495E-02  -7.813189653601584E-02   7.643586997150160E-02  -2.554521284601256E-02  -8.520938784556288E-02  -1.278739145712315E-02  -2.181094427682916E-08  -3.328685594639475E-08   6.616166051100978E-08  -2.188487413239191E-08  -1.363353975312807E-06   1.375611378505334E-06  -1.720674446442508E-06   4.655805593088638E-06  -7.433677807872348E-09  -5.819907246408406E-03  -4.141437063388847E-03   2.933595137619704E-03  -7.965348895302671E-03   7.609423434202639E-03  -2.794055464443076E-03  -1.030268220634499E-02   3.496994176035602E-03  -1.939288552399705E-02   0.000000000000000E+00   0.000000000000000E+00   0.000000000000000E+00   0.000000000000000E+00   0.000000000000000E+00   0.000000000000000E+00   5.868391147245081E-04   2.026123485425621E-04  -2.065704464531106E-03  -2.375602377483257E-04   2.313712579859360E-04   2.876149358463554E-04   8.572604982292869E-05  -5.171916739758118E-04   7.958744342647835E-05   0.000000000000000E+00   1.713989351023355E-07  -2.224412101419404E-05  -2.688841950903393E-07   2.433410414376051E-07   3.285485439688753E-06   3.240481041147146E-06  -1.328582969594055E-05   4.279653974651113E-06  -9.270698205753786E-05   3.317082873625809E-09   9.975051295999190E-07  -2.992871024394302E-06   1.787193367200717E-06   1.577203062591437E-06   4.184715304602288E-06   1.053981852445701E-06  -5.053617624963863E-06  -3.239814176913032E-06  -4.901952170377733E-07  -5.463254355473198E-06   5.921489907204000E-08  -1.351474730585815E-07   1.174156099810946E-08  -1.579426658574409E-07   7.415039885998083E-06   2.167299499282853E-05  -8.663515716470045E-07   2.431241875759973E-05  -2.620688930040973E-06  -3.467944120718505E-06  -1.982188854072878E-06  -5.422444239810923E-06   0.000000000000000E+00   0.000000000000000E+00   0.000000000000000E+00   0.000000000000000E+00   0.000000000000000E+00  -2.090491306863058E-06   1.079238159492853E-05  -4.271604155621295E-06   9.810775430162354E-06   3.120189696714628E-04   3.826315067111018E-04   1.184248733380264E-04   4.225021903506811E-04  -5.862482516073021E-06   2.224533046966886E-07  -1.174453179743185E-06  -1.759959622373487E-06   0.000000000000000E+00   0.000000000000000E+00   0.000000000000000E+00   0.000000000000000E+00   0.000000000000000E+00  -2.505412213964391E-06  -4.312054845229350E-06   2.811706357745646E-06  -5.261473942729705E-06  -4.020310890181524E-05  -3.581477059924035E-03   5.616495758770763E-05   6.308435367909173E-05   5.972056104613296E-05   7.951087007967514E-05  -1.377692503201207E-06  -2.209794463430137E-06  -3.427406657709349E-06  -3.469888714488307E-06   0.000000000000000E+00   0.000000000000000E+00   0.000000000000000E+00   0.000000000000000E+00   0.000000000000000E+00   5.254063769541384E-07  -1.386270799341610E-06   1.119909172067100E-06  -1.276950661718955E-06   1.384597943645805E-04   9.947064312933609E-05   2.073885086884269E-04   1.339678753354696E-04  -1.783060658988247E-06  -1.318634901146175E-06  -3.693687681804263E-06  -2.388124854592356E-06   0.000000000000000E+00   0.000000000000000E+00   0.000000000000000E+00   0.000000000000000E+00   0.000000000000000E+00   0.000000000000000E+00   7.416614864726186E-07  -1.796104211675037E-03  -1.533812361254996E-06   3.619498047699995E-06   5.930514369154849E-06   2.808329997432164E-06   0.000000000000000E+00   0.000000000000000E+00   0.000000000000000E+00   0.000000000000000E+00   0.000000000000000E+00  -2.283068362782568E-06   1.757596078488878E-06   4.170984540454447E-07   9.570911296339149E-08   0.000000000000000E+00   0.000000000000000E+00   0.000000000000000E+00   0.000000000000000E+00   0.000000000000000E+00   1.978508849718027E-07  -5.167064039990360E-07  -1.426610607593282E-06  -2.944788363597081E-07  -2.097916328760738E-06   0.000000000000000E+00   0.000000000000000E+00
   2.743745044845140E-02  -1.096950950603155E-02   2.979186623366615E-02  -1.197233962839337E-02   9.243648551054579E-04  -3.268441477704873E-04   1.392385434863392E-03  -7.962124624761080E-04   1.055866375283325E-02  -7.980391465672206E-03   1.207546259902795E-02   3.365686199358670E-03   1.194341265138280E-01  -6.558157551724818E-04   3.694631202440398E-02  -1.055343226247068E-01   1.753553822904054E-05  -1.618778138607373E-05   5.319650273302628E-05  -1.777905713953246E-05  -1.954522832033352E-04   1.777661704718521E-04  -1.744376426759672E-04   2.915266491155861E-04   6.624155884405014E-05   1.696897222978467E-02  -1.293123613195154E-02   7.475237155215338E-03   1.582446253629438E-02   0.000000000000000E+00   0.000000000000000E+00  -1.473367122712179E-01   0.000000000000000E+00  -1.302204744225200E-02  -8.115145855892579E-06   2.118480397551437E-06  -7.880465552000780E-06   4.026096074483075E-06   7.440557957251969E-07  -1.110061137624774E-05   2.653868156231631E-05  -1.071721975603125E-06  -1.601151142940268E-05  -8.414904260715718E-04   1.924404725722905E-02  -1.066542375359495E-02  -6.457187047059271E-02   2.193491029407495E-02  -1.422104949716929E-01  -8.520938784556288E-02   8.718990587545167E-02   2.379120260150490E-02   7.976201845991321E-08   6.616166051100978E-08  -2.571462910159437E-07   8.003237789182461E-08   8.914350745337974E-06  -3.149507522669193E-06   4.655805593088638E-06  -1.034677692071083E-05   1.701964998459934E-08  -8.701005549704028E-03   2.933595137619704E-03  -1.717805151265291E-03  -1.190853084233052E-02  -2.348595949973790E-02  -1.030268220634499E-02   2.566640409328431E-02  -1.079323082745461E-02   2.329078758743433E-02   0.000000000000000E+00   0.000000000000000E+00   0.000000000000000E+00   0.000000000000000E+00   0.000000000000000E+00   0.000000000000000E+00   3.543974300048429E-04  -7.304165976548315E-03  -2.375602377483257E-04   6.491741581646612E-03  -8.340923357773771E-03  -7.194827839169500E-04  -5.171916739758118E-04   1.172757647923586E-03  -1.990918698043721E-04   0.000000000000000E+00  -1.201929014375519E-04  -2.688841950903393E-07   1.663095932695910E-04  -1.706420509074842E-04  -1.053513027034755E-05  -1.328582969594055E-05   4.169906999316332E-05  -1.372299861393737E-05   1.772869667794904E-04  -2.338685535647943E-08  -2.992871024394302E-06   2.167403313409623E-05  -1.260047890425350E-05   9.036732608223865E-06  -1.167516226013015E-05  -9.547452842178585E-06  -5.793575158528010E-07  -4.901952170377733E-07   9.798618469097157E-07  -6.263191453630368E-07  -5.894003476714849E-09   1.174156099810946E-08  -1.835300634515711E-08   1.572095260270277E-08  -2.851762059049030E-07  -8.663515716470045E-07  -8.202197157724917E-07  -9.350352047000814E-07  -1.313424171700623E-06  -1.982188854072878E-06  -5.062858536377320E-07  -2.717594313704041E-06   0.000000000000000E+00   0.000000000000000E+00   0.000000000000000E+00   0.000000000000000E+00   0.000000000000000E+00   9.032247612040910E-07  -4.271604155621295E-06   2.751463499594388E-06  -4.238876892739856E-06   8.263697721817174E-05   1.184248733380264E-04  -3.315029793420155E-05   1.118980166987910E-04  -5.063713063931848E-06  -1.174453179743185E-06   5.677365276897836E-07  -1.520163259740489E-06   0.000000000000000E+00   0.000000000000000E+00   0.000000000000000E+00   0.000000000000000E+00   0.000000000000000E+00   1.494009392130406E-06   2.811706357745646E-06  -1.273557967742665E-06   3.137484300217953E-06   2.458744397336291E-05  -4.672042870397121E-04   4.455451800315614E-05   5.972056104613296E-05   3.517634734651532E-05   6.307435533765683E-05  -1.908211731806461E-06  -3.427406657709349E-06  -4.482498120812698E-06  -4.806066910913873E-06   0.000000000000000E+00   0.000000000000000E+00   0.000000000000000E+00   0.000000000000000E+00   0.000000000000000E+00  -4.812372752595714E-07   1.119909172067100E-06  -1.189335971033298E-06   1.169601824494369E-06   2.056479986419432E-04   2.073885086884269E-04   2.678636536085547E-04   1.989763567935813E-04  -3.636079962986649E-06  -3.693687681804263E-06  -7.039622311218626E-06  -4.869948136156429E-06   0.000000000000000E+00   0.000000000000000E+00   0.000000000000000E+00   0.000000000000000E+00   0.000000000000000E+00   0.000000000000000E+00  -8.219860714831198E-07  -2.957547111321025E-03  -3.536511690634406E-06   5.930514369154849E-06   1.472137731172257E-05   6.475167444179306E-06   0.000000000000000E+00   0.000000000000000E+00   0.000000000000000E+00   0.000000000000000E+00   0.000000000000000E+00  -9.848255694434804E-06   4.170984540454447E-07   3.460100462729075E-06   4.128513329325967E-07   0.000000000000000E+00   0.000000000000000E+00   0.000000000000000E+00   0.000000000000000E+00   0.000000000000000E+00   1.157782185847045E-06  -1.426610607593282E-06  -8.621144265516995E-06  -1.723228839208010E-06  -1.385187312327964E-05   0.000000000000000E+00   0.000000000000000E+00
  -8.861332716105274E-03   3.542766251115415E-03  -1.197233962839337E-02  -3.411586962403801E-03  -4.718417785144832E-04   1.668375026693144E-04  -7.962124624761080E-04   2.389864044734532E-04   2.428248709254802E-03  -1.835305653205093E-03   3.365686199358670E-03  -1.785395741800060E-03  -1.144262617962307E-01   6.283174456236401E-04  -1.055343226247068E-01   2.790255608002221E-02  -5.658061885528223E-06   5.223191194674750E-06  -1.777905713953246E-05   3.832056309027289E-06   1.653858316015493E-04   3.677066057098810E-05  -3.608215968547813E-05   6.624155884405014E-05  -1.501334109385166E-05   1.845188348372183E-02  -1.406129134847971E-02   1.582446253629438E-02   1.012988511348512E-02   0.000000000000000E+00   0.000000000000000E+00   0.000000000000000E+00  -1.473367122712179E-01   3.055992605213760E-02   3.607112891056828E-06  -9.416464087223098E-07   4.026096074483075E-06  -6.122724649669076E-07  -3.060500621669926E-08   4.565978547994528E-07  -1.071721975603125E-06   5.275189584294609E-07  -7.000819058580599E-06  -1.338332078503918E-03   1.409764810075376E-01  -7.813189653601584E-02   2.193491029407495E-02   9.312288365349436E-02  -2.134156006155341E-02  -1.278739145712315E-02   2.379120260150490E-02  -6.777354706039987E-02  -2.638358410382163E-08  -2.188487413239191E-08   8.003237789182461E-08  -4.166794628710167E-08  -5.838119658159526E-06   5.028651585398631E-09  -7.433677807872348E-09   1.701964998459934E-08   3.128160335687476E-07   2.362512265397065E-02  -7.965348895302671E-03  -1.190853084233052E-02   2.623059852141536E-02   7.971736092045122E-03   3.496994176035602E-03  -1.079323082745461E-02  -2.468613520247652E-03   1.948191884947979E-02   0.000000000000000E+00   0.000000000000000E+00   0.000000000000000E+00   0.000000000000000E+00   0.000000000000000E+00   0.000000000000000E+00  -1.813774617780419E-03   7.113875985940194E-03   2.313712579859360E-04  -8.340923357773771E-03   6.051329284168207E-03   1.107167772464827E-04   7.958744342647835E-05  -1.990918698043721E-04  -9.038551637784356E-05   0.000000000000000E+00   1.087749534679592E-04   2.433410414376051E-07  -1.706420509074842E-04   1.321870878065528E-04   3.393594014586556E-06   4.279653974651113E-06  -1.372299861393737E-05   3.517638120681202E-06   2.021605070231919E-05   1.396546407516562E-08   1.787193367200717E-06  -1.260047890425350E-05   8.097388021860659E-06  -1.130148929145035E-05   2.751386814842639E-06   6.138958285311300E-06  -6.456973389063167E-06  -5.463254355473198E-06  -6.263191453630368E-07  -5.944304622451560E-06   7.928371890545540E-08  -1.579426658574409E-07   1.572095260270277E-08  -2.286561110844638E-07   8.002898089608905E-06   2.431241875759973E-05  -9.350352047000814E-07   2.538634825451271E-05  -3.592982232562097E-06  -5.422444239810923E-06  -2.717594313704041E-06  -6.947069749580909E-06   0.000000000000000E+00   0.000000000000000E+00   0.000000000000000E+00   0.000000000000000E+00   0.000000000000000E+00  -2.074474827793704E-06   9.810775430162354E-06  -4.238876892739856E-06   1.064146905639329E-05   2.948223873457660E-04   4.225021903506811E-04   1.118980166987910E-04   3.347017944522222E-04  -7.588153095855160E-06  -1.759959622373487E-06  -1.520163259740489E-06  -6.958491849399678E-07   0.000000000000000E+00   0.000000000000000E+00   0.000000000000000E+00   0.000000000000000E+00   0.000000000000000E+00  -2.795701430639464E-06  -5.261473942729705E-06   3.137484300217953E-06  -5.467995299852794E-06  -3.168761234404946E-05  -2.422425423526782E-03   5.931907588200539E-05   7.951087007967514E-05   6.307435533765683E-05   7.177729234325681E-05  -1.931863655033760E-06  -3.469888714488307E-06  -4.806066910913873E-06  -4.600909377490199E-06   0.000000000000000E+00   0.000000000000000E+00   0.000000000000000E+00   0.000000000000000E+00   0.000000000000000E+00   5.487197287189622E-07  -1.276950661718955E-06   1.169601824494369E-06  -1.497185264983283E-06   1.328435486579594E-04   1.339678753354696E-04   1.989763567935813E-04   8.837282089835651E-05  -2.350879034973543E-06  -2.388124854592356E-06  -4.869948136156429E-06  -2.655951415684504E-06   0.000000000000000E+00   0.000000000000000E+00   0.000000000000000E+00   0.000000000000000E+00   0.000000000000000E+00   0.000000000000000E+00   6.508938964665695E-07  -1.257351003642641E-03  -1.674676301053040E-06   2.808329997432164E-06   6.475167444179306E-06   4.113632768287814E-06   0.000000000000000E+00   0.000000000000000E+00   0.000000000000000E+00   0.000000000000000E+00   0.000000000000000E+00  -2.259820931027300E-06   9.570911296339149E-08   4.128513329325967E-07   1.755636929413984E-06   0.000000000000000E+00   0.000000000000000E+00   0.000000000000000E+00   0.000000000000000E+00   0.000000000000000E+00   2.389876740236868E-07  -2.944788363597081E-07  -1.723228839208010E-06  -6.286223433305515E-07  -1.220885550625845E-06   0.000000000000000E+00   0.000000000000000E+00
   2.619209560677888E-02  -1.766459040733158E-02   2.113593358573346E-02   1.871841336928217E-02   7.389168128086463E-03  -4.826693773673347E-03   9.884768471238502E-03   1.142914076076086E-03   8.619526056061590E-04  -8.132399751708651E-04   7.108118376386418E-04   1.114377646318169E-03   1.772111956080379E-01  -7.114862269065599E-02   2.549183850426203E-02   1.361445324217678E-01   1.184771211039945E-04  -1.087881613694516E-04   2.178067850078714E-04   3.027001070820013E-05  -9.795516180745019E-03   6.083642206592403E-06  -2.342292190371450E-05   2.657681997688842E-05   2.531518941493140E-05   2.013924713018063E-04  -1.767133243088304E-04   5.845573179232274E-05   3.498575063968703E-04   2.697219032196056E-02  -7.918481470560155E-03  -1.302204744225200E-02   3.055992605213760E-02  -1.654574012277742E-01  -9.826097409240952E-06  -4.096973567438841E-06   1.065991049660891E-05  -1.114772903788137E-06  -8.741258274273714E-06  -7.380629763537439E-06   1.141235514062252E-05   5.145737240073638E-06   1.029433042229846E-05   8.703257761850046E-06   8.634359185940487E-04  -5.038223015155065E-04  -2.913586458224515E-04   1.441427100513639E-03   7.469483129853412E-03   6.535661575136202E-04  -8.479687332949260E-03   7.236813996814057E-03   6.965812013126019E-07   3.928931077560750E-06  -9.859957420345194E-06   4.423122808852840E-07   2.324705535626023E-06   1.549499580670019E-06   4.932028892045117E-06  -8.165198808934214E-06  -3.052323424717660E-06   5.244005855980523E-06  -9.618368582847300E-06  -1.506051498780621E-05   3.813349924724024E-05   1.125365186460399E-04   1.286566292857010E-05  -1.758519993398902E-04   1.546856391564821E-04  -1.062864645460442E-02   0.000000000000000E+00   0.000000000000000E+00   0.000000000000000E+00   0.000000000000000E+00   0.000000000000000E+00   0.000000000000000E+00   1.055567670473191E-05  -8.358916866656838E-06  -1.400476667063403E-06  -9.100201042120986E-06   1.243200234560556E-05  -1.158904865531000E-05   1.138497129260685E-06  -5.490771659392151E-06   3.143623510640736E-06   0.000000000000000E+00   1.051505318262147E-06   8.234716347793913E-07   6.642434396586148E-06  -7.981735860429074E-06   2.092691722140633E-06  -1.281559943112756E-06   7.568390426885919E-06  -4.812046518795066E-06   6.799492778549897E-06   0.000000000000000E+00   0.000000000000000E+00   0.000000000000000E+00   0.000000000000000E+00   0.000000000000000E+00   0.000000000000000E+00   0.000000000000000E+00   0.000000000000000E+00   0.000000000000000E+00   0.000000000000000E+00   0.000000000000000E+00   0.000000000000000E+00   0.000000000000000E+00   0.000000000000000E+00   0.000000000000000E+00   1.449061742524833E-06  -4.340661655917751E-06   1.450800254815004E-06  -8.452212693657801E-06   0.000000000000000E+00   0.000000000000000E+00   0.000000000000000E+00   0.000000000000000E+00   0.000000000000000E+00   0.000000000000000E+00   0.000000000000000E+00   0.000000000000000E+00   0.000000000000000E+00   4.008150752244612E-07  -4.076886031050749E-07   3.163170418214188E-07  -7.320536382095249E-07  -1.239408657620725E-05   4.487435873276605E-07  -1.364739070291065E-08   8.853796757012104E-07   2.436934424450427E-10  -1.919966669205318E-10  -1.370826093333616E-10  -4.383141444521624E-10   0.000000000000000E+00   0.000000000000000E+00   0.000000000000000E+00   0.000000000000000E+00   0.000000000000000E+00   0.000000000000000E+00   0.000000000000000E+00   0.000000000000000E+00   0.000000000000000E+00   4.738672569648778E-06  -4.837035048909748E-05  -1.222354342151388E-05  -2.476373142837637E-06  -1.481032159523545E-06  -5.406989994276187E-06   0.000000000000000E+00   0.000000000000000E+00   0.000000000000000E+00   0.000000000000000E+00   0.000000000000000E+00   0.000000000000000E+00   0.000000000000000E+00   0.000000000000000E+00   0.000000000000000E+00   0.000000000000000E+00   0.000000000000000E+00   0.000000000000000E+00   0.000000000000000E+00   5.412561688089247E-07   1.042815095730262E-05   1.494358406246696E-05   2.649152938646111E-05   0.000000000000000E+00   0.000000000000000E+00   0.000000000000000E+00   0.000000000000000E+00   0.000000000000000E+00   0.000000000000000E+00   0.000000000000000E+00   0.000000000000000E+00   0.000000000000000E+00   0.000000000000000E+00   0.000000000000000E+00  -3.854633944119973E-04  -1.085827092118957E-05  -2.336334648224254E-06  -5.936912928675841E-06  -6.669646169840681E-06   0.000000000000000E+00   0.000000000000000E+00   0.000000000000000E+00   0.000000000000000E+00   0.000000000000000E+00  -1.152666404247400E-05  -1.097309376137549E-06  -6.761976612550028E-06  -4.771672476244447E-06   0.000000000000000E+00   0.000000000000000E+00   0.000000000000000E+00   0.000000000000000E+00   0.000000000000000E+00   2.846334714356689E-08  -5.611821240893656E-09  -5.144075085130357E-08  -2.918226539511853E-08  -2.159935397835159E-06   0.000000000000000E+00   0.000000000000000E+00
  -5.441915344488659E-04  -1.737963422261804E-04   9.071458832733886E-04  -4.783994319389906E-04  -2.158893560237020E-02  -7.451798607259193E-03   2.761553469054157E-02  -9.584937251569864E-03  -8.514559112931893E-05   1.973203037625610E-06   1.370811011031234E-04  -1.346443430649783E-04  -2.292806592174663E-06  -5.280171028315035E-06   1.848589489451627E-05  -6.061437947096292E-06  -1.579028989831116E-01   3.719781444031234E-03   1.152177751180214E-01  -1.135896663696609E-01   9.456591472354189E-03  -5.355765329011302E-04   1.973866365402312E-04   4.942817631610289E-04  -8.755955490617573E-04   4.022517277766245E-06   5.033519613390273E-08  -7.909721625146155E-06   7.726670513305596E-06  -8.353571458777724E-09   1.898016790977874E-06  -8.115145855892579E-06   3.607112891056828E-06  -9.826097409240952E-06  -2.947553542429921E-01   0.000000000000000E+00   0.000000000000000E+00   0.000000000000000E+00  -1.878090421408240E-02   7.871095205540244E-03   8.145138544621282E-03  -2.414176376178383E-02   1.205987176782818E-05   8.369266093387658E-07  -3.054429005791252E-06   4.222467699872481E-07  -3.420839602217880E-06   2.402684253793778E-06  -2.138243016844617E-09  -2.952586271468668E-10   1.018940765273162E-09  -3.413944120024178E-10  -1.749160395845203E-01   7.109214735412633E-02  -1.569810784036765E-01  -2.902500251989237E-02   1.725028061047152E-01  -7.740248548600298E-03   5.737170887847974E-03  -2.300287902122774E-03  -1.032726428278031E-02   0.000000000000000E+00   0.000000000000000E+00   0.000000000000000E+00   0.000000000000000E+00   0.000000000000000E+00   0.000000000000000E+00   0.000000000000000E+00   0.000000000000000E+00   0.000000000000000E+00  -2.140126745855532E-02   1.523147057702213E-02  -1.846459351916797E-02  -1.794387455757933E-02   3.027280787397072E-02   2.380916961279569E-04   0.000000000000000E+00   0.000000000000000E+00   0.000000000000000E+00   0.000000000000000E+00   0.000000000000000E+00   0.000000000000000E+00   0.000000000000000E+00   0.000000000000000E+00   0.000000000000000E+00   1.228152586941090E-03   0.000000000000000E+00   0.000000000000000E+00   0.000000000000000E+00   0.000000000000000E+00   0.000000000000000E+00   0.000000000000000E+00   0.000000000000000E+00   0.000000000000000E+00   0.000000000000000E+00   0.000000000000000E+00   0.000000000000000E+00   0.000000000000000E+00   0.000000000000000E+00   0.000000000000000E+00   0.000000000000000E+00   0.000000000000000E+00   0.000000000000000E+00   0.000000000000000E+00   0.000000000000000E+00   0.000000000000000E+00   0.000000000000000E+00   0.000000000000000E+00   0.000000000000000E+00   0.000000000000000E+00   0.000000000000000E+00   0.000000000000000E+00   0.000000000000000E+00   0.000000000000000E+00   0.000000000000000E+00   0.000000000000000E+00   0.000000000000000E+00   0.000000000000000E+00   0.000000000000000E+00   0.000000000000000E+00   0.000000000000000E+00   0.000000000000000E+00   0.000000000000000E+00   0.000000000000000E+00   0.000000000000000E+00   0.000000000000000E+00   0.000000000000000E+00   0.000000000000000E+00   0.000000000000000E+00   0.000000000000000E+00   0.000000000000000E+00   0.000000000000000E+00   0.000000000000000E+00   0.000000000000000E+00   0.000000000000000E+00   0.000000000000000E+00   0.000000000000000E+00   0.000000000000000E+00   0.000000000000000E+00   0.000000000000000E+00   0.000000000000000E+00   0.000000000000000E+00   0.000000000000000E+00   0.000000000000000E+00   0.000000000000000E+00   0.000000000000000E+00   0.000000000000000E+00   0.000000000000000E+00   0.000000000000000E+00   0.000000000000000E+00   0.000000000000000E+00   0.000000000000000E+00   0.000000000000000E+00   0.000000000000000E+00   0.000000000000000E+00   0.000000000000000E+00   0.000000000000000E+00   0.000000000000000E+00   0.000000000000000E+00   0.000000000000000E+00   0.000000000000000E+00   0.000000000000000E+00   0.000000000000000E+00   9.113274154921368E-07   5.318056890464569E-06  -3.905050888759411E-06   7.030465568285781E-06  -4.378807661065257E-06   2.073038635659973E-08  -2.517554752937558E-09   3.146028189407553E-08   0.000000000000000E+00   0.000000000000000E+00   0.000000000000000E+00   0.000000000000000E+00   0.000000000000000E+00   0.000000000000000E+00   0.000000000000000E+00  -1.263323141379020E-05   4.113095710854187E-06   5.917862620287687E-06  -1.927207956373069E-06   8.374645161656264E-06  -4.335674196627068E-06  -6.321402506424050E-07  -1.680254177949556E-07  -1.026155870460708E-06   0.000000000000000E+00  -4.333919865992927E-05  -6.121790820703618E-05   3.766303658620122E-06  -8.899117094262270E-05   5.340781820125001E-07   4.593443679031161E-06   2.775151087446908E-06   7.603260202218805E-06   0.000000000000000E+00  -1.277156813059448E-05  -2.278977338019185E-05  -1.152906511455811E-05  -3.585947613850803E-05   7.006406110998171E-04   1.714223833406706E-06   1.299979959072955E-04
   1.738049468741530E-04  -1.087712608272712E-04  -2.922328507447566E-04   1.541141644006891E-04   7.451001073907948E-03  -4.647541175115006E-03  -1.001948100854995E-02   3.477611345803126E-03  -1.973312694209117E-06  -2.664037042077730E-05   2.945505351039681E-06  -2.893145953699082E-06   5.279841894493036E-06   2.551002843178350E-06  -1.611698563030722E-05   5.284683746705149E-06  -3.719959563526722E-03  -7.079118275131739E-02   3.376212861894247E-03  -3.328504583452428E-03  -5.922682095019668E-03  -1.973691336978827E-04  -8.874336343128267E-05   1.836869407147231E-04  -3.253922756162559E-04  -5.031571330142438E-08   1.708538361893648E-06   3.991877233795372E-09  -3.899495023572678E-09  -1.898289541467728E-06   6.818104599093710E-07   2.118480397551437E-06  -9.416464087223098E-07  -4.096973567438841E-06   0.000000000000000E+00  -1.395342172693896E-01   0.000000000000000E+00   0.000000000000000E+00  -7.871477559323757E-03  -2.885146818152252E-03   3.577420296282930E-03  -1.060328626656760E-02   1.418219844585532E-05  -7.232813987346959E-07  -4.223037925559923E-07   2.901203023928498E-07   1.052314400698997E-06  -7.391107256127002E-07   2.951919569315834E-10  -4.391166378929227E-10   8.512936538988803E-10  -2.852245256242010E-10  -7.109280604610016E-02  -4.435751806605477E-02  -8.161847651794332E-02  -1.509084095161623E-02  -6.476344795066617E-02  -5.737119042537438E-03   1.890219191825483E-03  -1.763076626684027E-03  -7.915425828982576E-03   0.000000000000000E+00   0.000000000000000E+00   0.000000000000000E+00   0.000000000000000E+00   0.000000000000000E+00   0.000000000000000E+00   0.000000000000000E+00   0.000000000000000E+00   0.000000000000000E+00  -1.523175703811643E-02   4.112473955609694E-03  -1.381044281442499E-02  -1.342097529465851E-02   9.800689726190165E-03   2.224374287885548E-04   0.000000000000000E+00   0.000000000000000E+00   0.000000000000000E+00   0.000000000000000E+00   0.000000000000000E+00   0.000000000000000E+00   0.000000000000000E+00   0.000000000000000E+00   0.000000000000000E+00   1.068802395915491E-03   0.000000000000000E+00   0.000000000000000E+00   0.000000000000000E+00   0.000000000000000E+00   0.000000000000000E+00   0.000000000000000E+00   0.000000000000000E+00   0.000000000000000E+00   0.000000000000000E+00   0.000000000000000E+00   0.000000000000000E+00   0.000000000000000E+00   0.000000000000000E+00   0.000000000000000E+00   0.000000000000000E+00   0.000000000000000E+00   0.000000000000000E+00   0.000000000000000E+00   0.000000000000000E+00   0.000000000000000E+00   0.000000000000000E+00   0.000000000000000E+00   0.000000000000000E+00   0.000000000000000E+00   0.000000000000000E+00   0.000000000000000E+00   0.000000000000000E+00   0.000000000000000E+00   0.000000000000000E+00   0.000000000000000E+00   0.000000000000000E+00   0.000000000000000E+00   0.000000000000000E+00   0.000000000000000E+00   0.000000000000000E+00   0.000000000000000E+00   0.000000000000000E+00   0.000000000000000E+00   0.000000000000000E+00   0.000000000000000E+00   0.000000000000000E+00   0.000000000000000E+00   0.000000000000000E+00   0.000000000000000E+00   0.000000000000000E+00   0.000000000000000E+00   0.000000000000000E+00   0.000000000000000E+00   0.000000000000000E+00   0.000000000000000E+00   0.000000000000000E+00   0.000000000000000E+00   0.000000000000000E+00   0.000000000000000E+00   0.000000000000000E+00   0.000000000000000E+00   0.000000000000000E+00   0.000000000000000E+00   0.000000000000000E+00   0.000000000000000E+00   0.000000000000000E+00   0.000000000000000E+00   0.000000000000000E+00   0.000000000000000E+00   0.000000000000000E+00   0.000000000000000E+00   0.000000000000000E+00   0.000000000000000E+00   0.000000000000000E+00   0.000000000000000E+00   0.000000000000000E+00   0.000000000000000E+00   0.000000000000000E+00   0.000000000000000E+00   0.000000000000000E+00   0.000000000000000E+00   0.000000000000000E+00  -5.318572130923246E-06  -1.541340277010435E-06   2.079794698942850E-06  -3.744362221273436E-06  -2.070495713094189E-08  -3.236320116986791E-06   3.779395362894565E-07  -4.722870212339492E-06   0.000000000000000E+00   0.000000000000000E+00   0.000000000000000E+00   0.000000000000000E+00   0.000000000000000E+00   0.000000000000000E+00   0.000000000000000E+00   2.342223744693020E-06  -5.918524030210197E-06   1.693688701356019E-06  -2.350195095990259E-08   1.021272765323362E-07   6.322178279483329E-07  -2.564934548435049E-06  -6.106510279098752E-07  -3.729335390537540E-06   0.000000000000000E+00   6.121997682004245E-05   6.137629475993159E-05  -4.658209674851695E-06   1.100653508148578E-04  -4.593884485118067E-06  -1.198707477256644E-06  -1.465514106063606E-06  -4.015163400950098E-06   0.000000000000000E+00   2.279049872632461E-05   2.451253905741458E-05   1.508934637968262E-05   4.693321193620920E-05  -7.251993856741878E-04   1.980331861692515E-06  -1.188736204495595E-04
  -9.071907960194535E-04  -2.922328507447566E-04   1.360577109127350E-03  -8.044129582903473E-04  -2.761257912087457E-02  -1.001948100854995E-02   2.977987317213294E-02  -1.288763986008603E-02  -1.370887190952528E-04   2.945505351039681E-06   1.779454971264930E-04  -2.009907877814473E-04  -1.848474259600036E-05  -1.611698563030722E-05   5.437308502703958E-05  -1.850169393538082E-05  -1.152232922518327E-01   3.376212861894247E-03   3.367578197885942E-02  -1.030982326101160E-01   1.234085344434171E-02  -4.942379337715223E-04   1.836869407147231E-04   2.978789815123145E-04  -8.148245014439015E-04   7.906660073921379E-06   3.991877233795372E-09   1.081276298107309E-06   6.127704366751840E-07   8.116312025769449E-06   2.118480397551437E-06  -7.880465552000780E-06   4.026096074483075E-06   1.065991049660891E-05   0.000000000000000E+00   0.000000000000000E+00  -1.395342172693896E-01   0.000000000000000E+00  -8.145534210593865E-03   3.577420296282930E-03  -2.640231485577233E-03  -1.097245471109067E-02   1.917710730187841E-05  -6.511182305461520E-06   3.421301571557245E-06   1.052314400698997E-06  -8.105332221578706E-06   5.987918488224966E-06  -1.018710685627943E-09   8.512936538988803E-10  -3.130260890631683E-09   9.843129707083380E-10   1.569825328846598E-01  -8.161847651794332E-02   9.890449392117937E-02   3.332261824646630E-02   3.390690023126503E-02   2.300267115023534E-03  -1.763076626684027E-03  -1.800191602902684E-03   3.173647539961726E-03   0.000000000000000E+00   0.000000000000000E+00   0.000000000000000E+00   0.000000000000000E+00   0.000000000000000E+00   0.000000000000000E+00   0.000000000000000E+00   0.000000000000000E+00   0.000000000000000E+00   1.846494078620555E-02  -1.381044281442499E-02   9.462149111079921E-03   1.626979169171689E-02  -3.511592823257276E-02  -8.868471313348802E-05   0.000000000000000E+00   0.000000000000000E+00   0.000000000000000E+00   0.000000000000000E+00   0.000000000000000E+00   0.000000000000000E+00   0.000000000000000E+00   0.000000000000000E+00   0.000000000000000E+00  -1.607143547350589E-03   0.000000000000000E+00   0.000000000000000E+00   0.000000000000000E+00   0.000000000000000E+00   0.000000000000000E+00   0.000000000000000E+00   0.000000000000000E+00   0.000000000000000E+00   0.000000000000000E+00   0.000000000000000E+00   0.000000000000000E+00   0.000000000000000E+00   0.000000000000000E+00   0.000000000000000E+00   0.000000000000000E+00   0.000000000000000E+00   0.000000000000000E+00   0.000000000000000E+00   0.000000000000000E+00   0.000000000000000E+00   0.000000000000000E+00   0.000000000000000E+00   0.000000000000000E+00   0.000000000000000E+00   0.000000000000000E+00   0.000000000000000E+00   0.000000000000000E+00   0.000000000000000E+00   0.000000000000000E+00   0.000000000000000E+00   0.000000000000000E+00   0.000000000000000E+00   0.000000000000000E+00   0.000000000000000E+00   0.000000000000000E+00   0.000000000000000E+00   0.000000000000000E+00   0.000000000000000E+00   0.000000000000000E+00   0.000000000000000E+00   0.000000000000000E+00   0.000000000000000E+00   0.000000000000000E+00   0.000000000000000E+00   0.000000000000000E+00   0.000000000000000E+00   0.000000000000000E+00   0.000000000000000E+00   0.000000000000000E+00   0.000000000000000E+00   0.000000000000000E+00   0.000000000000000E+00   0.000000000000000E+00   0.000000000000000E+00   0.000000000000000E+00   0.000000000000000E+00   0.000000000000000E+00   0.000000000000000E+00   0.000000000000000E+00   0.000000000000000E+00   0.000000000000000E+00   0.000000000000000E+00   0.000000000000000E+00   0.000000000000000E+00   0.000000000000000E+00   0.000000000000000E+00   0.000000000000000E+00   0.000000000000000E+00   0.000000000000000E+00   0.000000000000000E+00   0.000000000000000E+00   0.000000000000000E+00   0.000000000000000E+00   0.000000000000000E+00   0.000000000000000E+00   0.000000000000000E+00   0.000000000000000E+00   3.905429229994287E-06   2.079794698942850E-06  -2.361853100963885E-07   2.749486385946439E-06   2.514466558303016E-09   3.779395362894565E-07  -1.701378045604907E-07   5.735582610980698E-07   0.000000000000000E+00   0.000000000000000E+00   0.000000000000000E+00   0.000000000000000E+00   0.000000000000000E+00   0.000000000000000E+00   0.000000000000000E+00  -2.423769322699357E-06   1.927423350772512E-06  -2.350195095990259E-08   1.629175074355541E-06  -3.325871391828001E-08   1.680460381544829E-07  -6.106510279098752E-07  -4.298748321484553E-07  -9.912723267594268E-07   0.000000000000000E+00  -3.766430925705228E-06  -4.658209674851695E-06  -1.405216398258683E-05  -6.771540315610788E-06  -2.775417402564041E-06  -1.465514106063606E-06   3.416212580857578E-07  -2.425780276634169E-06   0.000000000000000E+00   1.152943205821550E-05   1.508934637968262E-05   2.318588330805572E-06   2.374293273658506E-05   2.118277169407486E-04   2.004769850592459E-06  -1.194973794040491E-04
   4.784231174702822E-04   1.541141644006891E-04  -8.044129582903473E-04   2.594624575988382E-04   9.583911417736905E-03   3.477611345803126E-03  -1.288763986008603E-02  -2.878099978254208E-03   1.346518256394359E-04  -2.893145953699082E-06  -2.009907877814473E-04   1.707351998446336E-04   6.061060113835278E-06   5.284683746705149E-06  -1.850169393538082E-05   4.014087496147129E-06   1.135951055424647E-01  -3.328504583452428E-03  -1.030982326101160E-01   3.074119851144350E-02   1.066836444374291E-03   8.755179074791006E-04  -3.253922756162559E-04  -8.148245014439015E-04   1.281324095654965E-03  -7.723679814176786E-06  -3.899495023572678E-09   6.127704366751840E-07   1.109974397580612E-06  -3.607631243588097E-06  -9.416464087223098E-07   4.026096074483075E-06  -6.122724649669076E-07  -1.114772903788137E-06   0.000000000000000E+00   0.000000000000000E+00   0.000000000000000E+00  -1.395342172693896E-01   2.414293649498982E-02  -1.060328626656760E-02  -1.097245471109067E-02   2.617957595885673E-02  -4.826551824430189E-05   8.289611947879007E-06  -2.403008725732395E-06  -7.391107256127002E-07   5.987918488224966E-06  -3.785703977387139E-06   3.413173241992105E-10  -2.852245256242010E-10   9.843129707083380E-10  -5.222295677103869E-10   2.902527144602433E-02  -1.509084095161623E-02   3.332261824646630E-02  -7.515896069868860E-02   1.326667860492359E-01   1.032717095799808E-02  -7.915425828982576E-03   3.173647539961726E-03   1.174117087879135E-02   0.000000000000000E+00   0.000000000000000E+00   0.000000000000000E+00   0.000000000000000E+00   0.000000000000000E+00   0.000000000000000E+00   0.000000000000000E+00   0.000000000000000E+00   0.000000000000000E+00   1.794421203135875E-02  -1.342097529465851E-02   1.626979169171689E-02   8.531187409867740E-03   8.962091661523740E-03  -3.954533367780728E-04   0.000000000000000E+00   0.000000000000000E+00   0.000000000000000E+00   0.000000000000000E+00   0.000000000000000E+00   0.000000000000000E+00   0.000000000000000E+00   0.000000000000000E+00   0.000000000000000E+00  -9.678793428712439E-04   0.000000000000000E+00   0.000000000000000E+00   0.000000000000000E+00   0.000000000000000E+00   0.000000000000000E+00   0.000000000000000E+00   0.000000000000000E+00   0.000000000000000E+00   0.000000000000000E+00   0.000000000000000E+00   0.000000000000000E+00   0.000000000000000E+00   0.000000000000000E+00   0.000000000000000E+00   0.000000000000000E+00   0.000000000000000E+00   0.000000000000000E+00   0.000000000000000E+00   0.000000000000000E+00   0.000000000000000E+00   0.000000000000000E+00   0.000000000000000E+00   0.000000000000000E+00   0.000000000000000E+00   0.000000000000000E+00   0.000000000000000E+00   0.000000000000000E+00   0.000000000000000E+00   0.000000000000000E+00   0.000000000000000E+00   0.000000000000000E+00   0.000000000000000E+00   0.000000000000000E+00   0.000000000000000E+00   0.000000000000000E+00   0.000000000000000E+00   0.000000000000000E+00   0.000000000000000E+00   0.000000000000000E+00   0.000000000000000E+00   0.000000000000000E+00   0.000000000000000E+00   0.000000000000000E+00   0.000000000000000E+00   0.000000000000000E+00   0.000000000000000E+00   0.000000000000000E+00   0.000000000000000E+00   0.000000000000000E+00   0.000000000000000E+00   0.000000000000000E+00   0.000000000000000E+00   0.000000000000000E+00   0.000000000000000E+00   0.000000000000000E+00   0.000000000000000E+00   0.000000000000000E+00   0.000000000000000E+00   0.000000000000000E+00   0.000000000000000E+00   0.000000000000000E+00   0.000000000000000E+00   0.000000000000000E+00   0.000000000000000E+00   0.000000000000000E+00   0.000000000000000E+00   0.000000000000000E+00   0.000000000000000E+00   0.000000000000000E+00   0.000000000000000E+00   0.000000000000000E+00   0.000000000000000E+00   0.000000000000000E+00   0.000000000000000E+00   0.000000000000000E+00   0.000000000000000E+00   0.000000000000000E+00  -7.031146715625632E-06  -3.744362221273436E-06   2.749486385946439E-06  -3.659034277159417E-06  -3.142169068821076E-08  -4.722870212339492E-06   5.735582610980698E-07  -7.291632899437212E-06   0.000000000000000E+00   0.000000000000000E+00   0.000000000000000E+00   0.000000000000000E+00   0.000000000000000E+00   0.000000000000000E+00   0.000000000000000E+00   2.912714404059387E-06  -8.375581153882313E-06   1.021272765323362E-07  -3.325871391828001E-08   1.766046544238542E-06   1.026281802020693E-06  -3.729335390537540E-06  -9.912723267594268E-07  -6.321406823729041E-06   0.000000000000000E+00   8.899417804134670E-05   1.100653508148578E-04  -6.771540315610788E-06   1.456609086042344E-04  -7.603989842900534E-06  -4.015163400950098E-06  -2.425780276634169E-06  -5.419047833718443E-06   0.000000000000000E+00   3.586061746325515E-05   4.693321193620920E-05   2.374293273658506E-05   6.853400484276426E-05  -1.028071850362879E-03   3.617798522301929E-06  -2.054670763271426E-04
  -6.559734020544801E-03  -4.860686822210155E-03   8.974529956978181E-03   1.877143352001970E-03  -1.953829109567989E-02  -1.491895623221103E-02   1.636196219061517E-02   1.655622601909788E-02  -1.745229951839049E-02  -6.852285659609524E-03   2.287148136958838E-02  -7.514967138525651E-03  -8.065537242737302E-05  -8.583075482111858E-05   1.586947961825942E-04   3.324224097419832E-05  -1.491387415550577E-01  -7.454543798950479E-02   2.673013816050147E-02   1.333398041522147E-01   9.286647503420741E-04  -1.577360433775590E-01  -1.177845662391461E-03   1.197748579191636E-01  -1.091040837803196E-01  -4.265458084325415E-04  -1.647347072890705E-04   7.206968180718272E-04  -3.768635493091096E-04   4.357776481202121E-06  -3.169985200574387E-07   7.440557957251969E-07  -3.060500621669926E-08  -8.741258274273714E-06  -1.878090421408240E-02  -7.871477559323757E-03  -8.145534210593865E-03   2.414293649498982E-02  -2.996010599949791E-01   0.000000000000000E+00   0.000000000000000E+00   0.000000000000000E+00   3.010334360436199E-02   9.637345813916003E-05   1.444897757457853E-06  -2.903839400974866E-06   9.531428771462599E-06  -3.109901547442976E-06  -3.177277978564518E-06   1.613413825195103E-06  -3.592085773369842E-06   5.285328749381113E-09  -7.868276338160075E-03  -7.950319668470595E-04  -8.509282936739406E-03   8.740630002162538E-03   8.759779284851356E-04  -1.499696490369388E-01   6.632542120370942E-02  -1.393813537678480E-01  -1.985240563657804E-02  -1.143304380404267E-06   1.772892829121333E-06  -6.799603129478424E-06   3.024841305778794E-06   0.000000000000000E+00   0.000000000000000E+00   0.000000000000000E+00   0.000000000000000E+00   0.000000000000000E+00  -2.065278994479811E-02   5.970335198397262E-03  -2.679705138083327E-02   9.409558268959051E-03   2.492546263281599E-04   2.659991869526692E-02   2.027291923926590E-06   0.000000000000000E+00   0.000000000000000E+00   0.000000000000000E+00   0.000000000000000E+00   0.000000000000000E+00   0.000000000000000E+00   0.000000000000000E+00   0.000000000000000E+00   9.033662996364211E-04   0.000000000000000E+00   0.000000000000000E+00   0.000000000000000E+00   0.000000000000000E+00   0.000000000000000E+00   0.000000000000000E+00   0.000000000000000E+00   0.000000000000000E+00   0.000000000000000E+00   0.000000000000000E+00   0.000000000000000E+00   0.000000000000000E+00   0.000000000000000E+00   0.000000000000000E+00   0.000000000000000E+00   0.000000000000000E+00   0.000000000000000E+00   0.000000000000000E+00   0.000000000000000E+00   0.000000000000000E+00   0.000000000000000E+00   0.000000000000000E+00   0.000000000000000E+00   0.000000000000000E+00   0.000000000000000E+00   0.000000000000000E+00   0.000000000000000E+00   0.000000000000000E+00   0.000000000000000E+00   0.000000000000000E+00   0.000000000000000E+00   0.000000000000000E+00   0.000000000000000E+00   0.000000000000000E+00   0.000000000000000E+00   0.000000000000000E+00   0.000000000000000E+00   0.000000000000000E+00   0.000000000000000E+00   0.000000000000000E+00   0.000000000000000E+00  -4.519865590600026E-06  -7.296576299324442E-07   5.930297501993882E-07  -4.340755781389665E-07  -4.169593669533201E-06  -9.651404115490733E-07   3.770867265029298E-07  -7.975871193247100E-07   0.000000000000000E+00   0.000000000000000E+00   0.000000000000000E+00   0.000000000000000E+00   0.000000000000000E+00   0.000000000000000E+00   0.000000000000000E+00   0.000000000000000E+00   0.000000000000000E+00   0.000000000000000E+00   1.124228436214274E-06  -4.538843182563294E-07   6.286236276116781E-06  -3.429868183699989E-06   4.067452963505624E-06  -3.781317741508972E-06   1.515408148405079E-06  -1.798484466296665E-07   1.327755167211962E-06   0.000000000000000E+00   0.000000000000000E+00   0.000000000000000E+00   0.000000000000000E+00   0.000000000000000E+00   0.000000000000000E+00   0.000000000000000E+00   0.000000000000000E+00   0.000000000000000E+00  -1.481328963029705E-06  -1.463746257722796E-05   6.084096569987757E-06  -7.778937803328106E-06   4.116229707313757E-06   8.344019447100650E-06   5.616732896820683E-07   6.417744980175296E-06   0.000000000000000E+00   0.000000000000000E+00   0.000000000000000E+00   0.000000000000000E+00   0.000000000000000E+00   0.000000000000000E+00   0.000000000000000E+00   4.301627778952485E-05  -2.500133286201521E-05  -6.068109169814252E-05   4.434766220587186E-06  -3.537689750687671E-05   2.003913899970665E-06   7.710964546504993E-06   3.047186828560101E-06   6.432680865050753E-06   0.000000000000000E+00  -8.491985884001382E-04  -1.420608338584744E-03  -2.631434292051624E-04  -6.196216492651756E-04   5.157139391496402E-06   3.139610771016732E-06   2.161853767944796E-06   2.290510458407041E-06   0.000000000000000E+00  -1.889053884960099E-04  -3.047186144633111E-04  -1.914415002150290E-04  -1.523190843554067E-04   5.649565821101399E-03  -6.996872883161383E-06   3.872475504092791E-04
   4.860791527463501E-03   1.606318145548049E-03  -6.869158444804446E-03  -1.436776652406935E-03   1.491665959105615E-02   5.330812268664532E-03  -1.310450733799577E-02  -1.326009575313823E-02   6.852495408348200E-03  -3.060061456540919E-03  -9.400085543279981E-03   3.088620838132902E-03   8.581929502852469E-05   5.888401126662018E-05  -1.558272845323057E-04  -3.264157532183796E-05   7.454494707327453E-02  -2.012120858619321E-02  -1.638708482895794E-02  -8.174483306441643E-02  -8.939094899200087E-04   1.177609980847039E-03  -7.080839989307615E-02  -1.110855943790097E-03   1.011889490538475E-03   1.647108553406386E-04  -6.511541803530135E-05  -2.791232608509485E-04   1.459578842882267E-04   3.168814853953865E-07   5.212755388688937E-06  -1.110061137624774E-05   4.565978547994528E-07  -7.380629763537439E-06   7.871095205540244E-03  -2.885146818152252E-03   3.577420296282930E-03  -1.060328626656760E-02   0.000000000000000E+00  -1.443299772502867E-01   0.000000000000000E+00   0.000000000000000E+00   8.430719908821547E-03  -1.471994517388243E-05   2.903827688011978E-06   3.072973011215760E-06  -1.254417088615260E-05   4.092894925368975E-06  -1.613008205830912E-06  -1.769000229055075E-06   4.790477156263025E-06  -7.048619725329588E-09   7.950030145208533E-04  -2.468133375718871E-03   8.893559820218424E-04  -9.135354455661704E-04  -5.477843026885952E-04  -6.632106406619491E-02  -3.025874972876899E-02  -7.572746216852114E-02  -1.078603598083930E-02  -1.772292351935491E-06   2.625412513930260E-07   2.585465041546579E-06  -1.150158517107023E-06   0.000000000000000E+00   0.000000000000000E+00   0.000000000000000E+00   0.000000000000000E+00   0.000000000000000E+00  -5.970154076055546E-03  -5.202648922275808E-03  -8.135511764102838E-03   2.856716244791074E-03  -2.201194324539176E-05   1.765521195757375E-02   1.437470164954514E-06   0.000000000000000E+00   0.000000000000000E+00   0.000000000000000E+00   0.000000000000000E+00   0.000000000000000E+00   0.000000000000000E+00   0.000000000000000E+00   0.000000000000000E+00   4.379925738420338E-04   0.000000000000000E+00   0.000000000000000E+00   0.000000000000000E+00   0.000000000000000E+00   0.000000000000000E+00   0.000000000000000E+00   0.000000000000000E+00   0.000000000000000E+00   0.000000000000000E+00   0.000000000000000E+00   0.000000000000000E+00   0.000000000000000E+00   0.000000000000000E+00   0.000000000000000E+00   0.000000000000000E+00   0.000000000000000E+00   0.000000000000000E+00   0.000000000000000E+00   0.000000000000000E+00   0.000000000000000E+00   0.000000000000000E+00   0.000000000000000E+00   0.000000000000000E+00   0.000000000000000E+00   0.000000000000000E+00   0.000000000000000E+00   0.000000000000000E+00   0.000000000000000E+00   0.000000000000000E+00   0.000000000000000E+00   0.000000000000000E+00   0.000000000000000E+00   0.000000000000000E+00   0.000000000000000E+00   0.000000000000000E+00   0.000000000000000E+00   0.000000000000000E+00   0.000000000000000E+00   0.000000000000000E+00   0.000000000000000E+00   0.000000000000000E+00   7.296512908323065E-07  -4.824851816818534E-06   3.715621549348145E-06  -2.719695886482294E-06   9.651342348725796E-07  -4.635949703598095E-06   1.704411541226052E-06  -3.605050498375772E-06   0.000000000000000E+00   0.000000000000000E+00   0.000000000000000E+00   0.000000000000000E+00   0.000000000000000E+00   0.000000000000000E+00   0.000000000000000E+00   0.000000000000000E+00   0.000000000000000E+00   0.000000000000000E+00   1.884891375585246E-06  -6.286202391556279E-06  -5.551544249944316E-06   3.595678768722243E-06  -4.264086396427184E-06  -1.515399176135102E-06  -6.379213407543947E-06   7.723704202333723E-07  -5.702127739686424E-06   0.000000000000000E+00   0.000000000000000E+00   0.000000000000000E+00   0.000000000000000E+00   0.000000000000000E+00   0.000000000000000E+00   0.000000000000000E+00   0.000000000000000E+00   0.000000000000000E+00   1.463744761565385E-05   4.053924167944350E-05  -1.757313940581681E-05   2.246847282493714E-05  -8.343968151014906E-06   1.665003737343276E-06   1.805109721830044E-09   2.062539570378685E-08   0.000000000000000E+00   0.000000000000000E+00   0.000000000000000E+00   0.000000000000000E+00   0.000000000000000E+00   0.000000000000000E+00   0.000000000000000E+00  -8.837793186842601E-05   6.068096198387281E-05   1.117225037457882E-04  -8.820695831680004E-06   7.036421692942389E-05  -7.710908538967182E-06  -2.420259313812073E-06  -1.537529099074832E-06  -3.245758980833793E-06   0.000000000000000E+00   1.420605748085916E-03   2.156385581999051E-03   4.473339874069036E-04   1.053333628305529E-03  -3.139575527273775E-06   1.036560776076665E-05   6.400005495726732E-06   6.780883952091137E-06   0.000000000000000E+00   3.047179244871292E-04   4.223477738653198E-04   3.012620654452167E-04   2.396970453537619E-04  -8.460330081092789E-03   7.316867273018120E-06  -4.972990416006139E-04
  -8.974723279540851E-03  -6.869158444804446E-03   1.056879151530694E-02   2.652792821293057E-03  -1.635944341147562E-02  -1.310450733799577E-02   7.754041469526824E-03   1.454265177669405E-02  -2.287218146654978E-02  -9.400085543279981E-03   2.549917601908659E-02  -1.030916360849799E-02  -1.586736078631652E-04  -1.558272845323057E-04   2.627174290489592E-04   6.035188847603292E-05  -2.672996213016327E-02  -1.638708482895794E-02  -5.994577292429117E-02   2.931166199636003E-02   7.693969226071535E-04  -1.197508915164347E-01  -1.110855943790097E-03   4.214336478575074E-02  -1.028988124921751E-01  -7.205924683350744E-04  -2.791232608509485E-04   1.092217997942489E-03  -6.385502151312586E-04  -7.437810931222168E-07  -1.110061137624774E-05   2.653868156231631E-05  -1.071721975603125E-06   1.141235514062252E-05   8.145138544621282E-03   3.577420296282930E-03  -2.640231485577233E-03  -1.097245471109067E-02   0.000000000000000E+00   0.000000000000000E+00  -1.443299772502867E-01   0.000000000000000E+00   1.548388808391040E-02   1.548814240585860E-04  -9.531390325372420E-06  -1.254417088615260E-05   4.042568244122404E-05  -1.343432988654209E-05   3.591182707135523E-06   4.790477156263025E-06  -1.028278202446020E-05   1.569296496773772E-08   8.508973057960136E-03   8.893559820218424E-04   6.967612575882456E-03  -9.777633986078749E-03  -2.275134730084260E-04   1.393721973431423E-01  -7.572746216852114E-02   9.284542811190186E-02   2.266660760706967E-02   6.797300110093965E-06   2.585465041546579E-06  -8.979411995478743E-06   4.411220646762484E-06   0.000000000000000E+00   0.000000000000000E+00   0.000000000000000E+00   0.000000000000000E+00   0.000000000000000E+00   2.679623843741621E-02  -8.135511764102838E-03   2.949993052327569E-02  -1.282198895845543E-02  -3.406096316864569E-04  -2.320344804595317E-02  -7.853498270478525E-06   0.000000000000000E+00   0.000000000000000E+00   0.000000000000000E+00   0.000000000000000E+00   0.000000000000000E+00   0.000000000000000E+00   0.000000000000000E+00   0.000000000000000E+00  -1.523531658156588E-03   0.000000000000000E+00   0.000000000000000E+00   0.000000000000000E+00   0.000000000000000E+00   0.000000000000000E+00   0.000000000000000E+00   0.000000000000000E+00   0.000000000000000E+00   0.000000000000000E+00   0.000000000000000E+00   0.000000000000000E+00   0.000000000000000E+00   0.000000000000000E+00   0.000000000000000E+00   0.000000000000000E+00   0.000000000000000E+00   0.000000000000000E+00   0.000000000000000E+00   0.000000000000000E+00   0.000000000000000E+00   0.000000000000000E+00   0.000000000000000E+00   0.000000000000000E+00   0.000000000000000E+00   0.000000000000000E+00   0.000000000000000E+00   0.000000000000000E+00   0.000000000000000E+00   0.000000000000000E+00   0.000000000000000E+00   0.000000000000000E+00   0.000000000000000E+00   0.000000000000000E+00   0.000000000000000E+00   0.000000000000000E+00   0.000000000000000E+00   0.000000000000000E+00   0.000000000000000E+00   0.000000000000000E+00   0.000000000000000E+00   0.000000000000000E+00  -5.930245980913079E-07   3.715621549348145E-06  -3.273063768888732E-06   2.210434738177447E-06  -3.770843132346719E-07   1.704411541226052E-06  -9.394922509878216E-07   1.408517014771332E-06   0.000000000000000E+00   0.000000000000000E+00   0.000000000000000E+00   0.000000000000000E+00   0.000000000000000E+00   0.000000000000000E+00   0.000000000000000E+00   0.000000000000000E+00   0.000000000000000E+00   0.000000000000000E+00  -1.809129331059414E-06   3.429849695757302E-06   3.595678768722243E-06  -9.232698003846487E-07   2.326551790491725E-06   1.798473818018050E-07   7.723704202333723E-07   3.713699155579728E-08   6.767277961028932E-07   0.000000000000000E+00   0.000000000000000E+00   0.000000000000000E+00   0.000000000000000E+00   0.000000000000000E+00   0.000000000000000E+00   0.000000000000000E+00   0.000000000000000E+00   0.000000000000000E+00  -6.084090351173449E-06  -1.757313940581681E-05   5.565109756523756E-06  -9.339074837993641E-06  -5.616698367129796E-07   1.805109721830044E-09   1.638309176698290E-06   1.388387686460373E-09   0.000000000000000E+00   0.000000000000000E+00   0.000000000000000E+00   0.000000000000000E+00   0.000000000000000E+00   0.000000000000000E+00   0.000000000000000E+00   5.392249627795190E-05  -4.434756740657845E-06  -8.820695831680004E-06  -8.326801913496513E-06  -5.142439656968632E-06  -3.047164695734761E-06  -1.537529099074832E-06   8.628931357041881E-07  -1.282645505037401E-06   0.000000000000000E+00   2.631429493595031E-04   4.473339874069036E-04  -1.757344789632310E-04   1.951120625728316E-04  -2.161829500026233E-06   6.400005495726732E-06   5.477902394334634E-06   4.669139135701639E-06   0.000000000000000E+00   1.914410667328946E-04   3.012620654452167E-04   1.320969898965086E-04   1.505912661110470E-04  -5.088563751906378E-04   7.440862195987973E-06  -5.041169487349136E-04
  -1.877183788009767E-03  -1.436776652406935E-03   2.652792821293057E-03  -1.559213159132274E-03  -1.655367733476279E-02  -1.326009575313823E-02   1.454265177669405E-02   8.097342210757813E-03   7.515197171970959E-03   3.088620838132902E-03  -1.030916360849799E-02  -2.489002933257262E-03  -3.323780259791100E-05  -3.264157532183796E-05   6.035188847603292E-05  -1.275375951500110E-05  -1.333389260478563E-01  -8.174483306441643E-02   2.931166199636003E-02   8.039562517993336E-02   1.173082940775708E-03   1.090822525508223E-01   1.011889490538475E-03  -1.028988124921751E-01   2.291220589351363E-02   3.768089832125540E-04   1.459578842882267E-04  -6.385502151312586E-04   2.049912439219726E-04   3.059370696344400E-08   4.565978547994528E-07  -1.071721975603125E-06   5.275189584294609E-07   5.145737240073638E-06  -2.414176376178383E-02  -1.060328626656760E-02  -1.097245471109067E-02   2.617957595885673E-02   0.000000000000000E+00   0.000000000000000E+00   0.000000000000000E+00  -1.443299772502867E-01  -3.301667827069470E-02  -1.340721480754458E-04   3.109889003305240E-06   4.092894925368975E-06  -1.343432988654209E-05   3.634608182563055E-06  -5.283999994381380E-09  -7.048619725329588E-09   1.569296496773772E-08   3.826575036238506E-07  -8.740311698519888E-03  -9.135354455661704E-04  -9.777633986078749E-03   7.492237570149192E-03   1.458313483786464E-03   1.985110146602349E-02  -1.078603598083930E-02   2.266660760706967E-02  -6.306564256474069E-02  -3.023816794784627E-06  -1.150158517107023E-06   4.411220646762484E-06  -1.025694226815173E-06   0.000000000000000E+00   0.000000000000000E+00   0.000000000000000E+00   0.000000000000000E+00   0.000000000000000E+00  -9.409272810744135E-03   2.856716244791074E-03  -1.282198895845543E-02  -2.512893286031015E-03   3.415541050563522E-04  -1.684923674132811E-02   4.976793264573555E-06   0.000000000000000E+00   0.000000000000000E+00   0.000000000000000E+00   0.000000000000000E+00   0.000000000000000E+00   0.000000000000000E+00   0.000000000000000E+00   0.000000000000000E+00   3.398630068720062E-04   0.000000000000000E+00   0.000000000000000E+00   0.000000000000000E+00   0.000000000000000E+00   0.000000000000000E+00   0.000000000000000E+00   0.000000000000000E+00   0.000000000000000E+00   0.000000000000000E+00   0.000000000000000E+00   0.000000000000000E+00   0.000000000000000E+00   0.000000000000000E+00   0.000000000000000E+00   0.000000000000000E+00   0.000000000000000E+00   0.000000000000000E+00   0.000000000000000E+00   0.000000000000000E+00   0.000000000000000E+00   0.000000000000000E+00   0.000000000000000E+00   0.000000000000000E+00   0.000000000000000E+00   0.000000000000000E+00   0.000000000000000E+00   0.000000000000000E+00   0.000000000000000E+00   0.000000000000000E+00   0.000000000000000E+00   0.000000000000000E+00   0.000000000000000E+00   0.000000000000000E+00   0.000000000000000E+00   0.000000000000000E+00   0.000000000000000E+00   0.000000000000000E+00   0.000000000000000E+00   0.000000000000000E+00   0.000000000000000E+00   0.000000000000000E+00   4.340718069887116E-07  -2.719695886482294E-06   2.210434738177447E-06  -1.871145234776874E-06   7.975820149507218E-07  -3.605050498375772E-06   1.408517014771332E-06  -3.252762783035559E-06   0.000000000000000E+00   0.000000000000000E+00   0.000000000000000E+00   0.000000000000000E+00   0.000000000000000E+00   0.000000000000000E+00   0.000000000000000E+00   0.000000000000000E+00   0.000000000000000E+00   0.000000000000000E+00   7.939707726850439E-07  -4.067431038803785E-06  -4.264086396427184E-06   2.326551790491725E-06  -1.720450565158800E-06  -1.327747305978119E-06  -5.702127739686424E-06   6.767277961028932E-07  -4.867231483690773E-06   0.000000000000000E+00   0.000000000000000E+00   0.000000000000000E+00   0.000000000000000E+00   0.000000000000000E+00   0.000000000000000E+00   0.000000000000000E+00   0.000000000000000E+00   0.000000000000000E+00   7.778929852144366E-06   2.246847282493714E-05  -9.339074837993641E-06   1.020144444226948E-05  -6.417705526144913E-06   2.062539570378685E-08   1.388387686460373E-09   1.654051547465662E-06   0.000000000000000E+00   0.000000000000000E+00   0.000000000000000E+00   0.000000000000000E+00   0.000000000000000E+00   0.000000000000000E+00   0.000000000000000E+00  -3.173012238748460E-05   3.537682188384001E-05   7.036421692942389E-05  -5.142439656968632E-06   3.205068468044458E-05  -6.432634142151873E-06  -3.245758980833793E-06  -1.282645505037401E-06  -1.237206426637507E-06   0.000000000000000E+00   6.196205193765831E-04   1.053333628305529E-03   1.951120625728316E-04   2.008332955746910E-04  -2.290484746251069E-06   6.780883952091137E-06   4.669139135701639E-06   6.018036104334558E-06   0.000000000000000E+00   1.523187394583927E-04   2.396970453537619E-04   1.505912661110470E-04   6.264397228875980E-05  -1.921429939635372E-03   6.028505043901495E-06  -1.770198172379185E-04
   1.052352872475042E-03   1.000883366576260E-03  -8.855002146435285E-04  -1.309051054220085E-03   2.805062888694524E-04   2.531601441130662E-04  -8.083464901349044E-05  -4.692448517360363E-04   2.878525492506781E-02   1.958071705908240E-02  -2.374051022312701E-02  -1.884295980783050E-02   1.062553661855755E-05   2.790366541288684E-05  -3.177847414463732E-05  -2.977859633580567E-05   1.149373061873568E-03   7.035870856016872E-04   3.759651045091175E-04  -1.867402832923875E-03   6.853809891649799E-06   1.923063126696836E-01   7.657952480135530E-02  -2.639363821414963E-02  -1.441256812417296E-01   7.315636093130394E-03   4.962133448868330E-03  -9.763676998824281E-03  -5.787144081953125E-04  -6.216819097343311E-06   1.037630931434777E-05  -1.601151142940268E-05  -7.000819058580599E-06   1.029433042229846E-05   1.205987176782818E-05   1.418219844585532E-05   1.917710730187841E-05  -4.826551824430189E-05   3.010334360436199E-02   8.430719908821547E-03   1.548388808391040E-02  -3.301667827069470E-02  -1.648055904811111E-01  -8.670710890110591E-03   1.065961708553262E-04   1.010368470226710E-04  -1.988031745348893E-04  -2.120975080043209E-05  -7.354232010620427E-08  -5.603240433186511E-06   9.020784467879431E-06   3.313867109745487E-06  -5.527099866804698E-06   2.892650530759297E-06   1.242016472576718E-05  -1.700200652172692E-05   1.031808398410473E-05   6.780412575237074E-03  -5.128448917074603E-04   8.074905027029816E-03  -6.273026134226643E-03  -1.181041593376347E-05   2.289410806325650E-06  -5.558147576903541E-06   7.117753654615929E-07   0.000000000000000E+00   0.000000000000000E+00   0.000000000000000E+00   0.000000000000000E+00   0.000000000000000E+00   1.151256082375902E-04  -1.305231178220984E-06   1.819818779846868E-04  -1.549939532618559E-04   6.283498481610384E-06  -7.429022043748529E-03   6.295852902170631E-06   2.277246259151572E-06  -3.242879537862859E-06   7.533808199994913E-06  -4.355640552980783E-07   0.000000000000000E+00   0.000000000000000E+00   0.000000000000000E+00   0.000000000000000E+00   5.720473436684894E-06   0.000000000000000E+00   0.000000000000000E+00   0.000000000000000E+00   0.000000000000000E+00   0.000000000000000E+00   0.000000000000000E+00   0.000000000000000E+00   0.000000000000000E+00   0.000000000000000E+00   0.000000000000000E+00   0.000000000000000E+00   0.000000000000000E+00   0.000000000000000E+00   0.000000000000000E+00   0.000000000000000E+00   0.000000000000000E+00   0.000000000000000E+00   0.000000000000000E+00   0.000000000000000E+00   0.000000000000000E+00   0.000000000000000E+00   0.000000000000000E+00   0.000000000000000E+00   0.000000000000000E+00   0.000000000000000E+00   0.000000000000000E+00   0.000000000000000E+00   0.000000000000000E+00   0.000000000000000E+00   0.000000000000000E+00   0.000000000000000E+00   0.000000000000000E+00   0.000000000000000E+00   0.000000000000000E+00   0.000000000000000E+00   0.000000000000000E+00   0.000000000000000E+00   0.000000000000000E+00   0.000000000000000E+00   0.000000000000000E+00   0.000000000000000E+00  -8.848816039786126E-08  -9.073505068922901E-06   5.225848255402760E-06  -1.739283824500416E-06  -9.222457002441904E-07  -9.933381375129512E-06   1.999395906715971E-06  -4.202300247026444E-06   0.000000000000000E+00   0.000000000000000E+00   0.000000000000000E+00   0.000000000000000E+00   0.000000000000000E+00   0.000000000000000E+00   0.000000000000000E+00   0.000000000000000E+00   0.000000000000000E+00   0.000000000000000E+00   9.009498567533895E-07  -1.092530596507582E-05  -8.344572990348182E-06   2.722233901300309E-06  -1.892481274587491E-06  -4.269874715451428E-06  -1.074664471684585E-05  -5.626904919353044E-07  -4.910697074455009E-06   0.000000000000000E+00   0.000000000000000E+00   0.000000000000000E+00   0.000000000000000E+00   0.000000000000000E+00   0.000000000000000E+00   0.000000000000000E+00   0.000000000000000E+00   0.000000000000000E+00   9.968520401591830E-06   4.830825112795886E-05  -8.594861185135930E-06   2.993609896147131E-06  -1.265217970388914E-05  -2.579952015761094E-06  -6.147252718645449E-07  -8.163579020510414E-07   0.000000000000000E+00   0.000000000000000E+00   0.000000000000000E+00   0.000000000000000E+00   0.000000000000000E+00   0.000000000000000E+00   0.000000000000000E+00  -4.185120143430471E-05   2.533976100434419E-05   7.534757139151584E-05   1.009779085583134E-05   7.163289706790732E-06  -8.882042043310449E-06  -9.205841891967652E-06  -4.955332713059378E-06  -3.338016718868552E-06   0.000000000000000E+00   1.484771761815075E-04   2.761240947647809E-04   1.097474841818114E-04  -3.401241375144664E-05  -1.189225911986036E-05  -5.636446581513434E-06  -4.617579182489030E-06  -1.131775149896995E-06   0.000000000000000E+00   7.995285881810900E-06   3.595514915768642E-05   2.830780175006494E-05  -2.927251904555713E-06  -4.134095585083737E-04   9.743564631506004E-07  -2.280387504279851E-06
   9.368086087989069E-04   5.115775020788397E-04   3.079387317751071E-04  -1.568274760610459E-03   8.514940771621771E-06   1.067227722941557E-05   1.743115910474773E-05  -4.342991208915708E-05   2.740143363619826E-02   6.198170834032742E-03   1.347702487856156E-02  -3.130246584683233E-02   2.143955012540059E-04   1.824942561105245E-04  -6.109207484435248E-05  -3.732134568536923E-04  -7.680258592280235E-06   1.387158927787108E-06   1.001172785365143E-05  -1.374891041730645E-05   1.014609134223849E-05   6.993526088998884E-03  -1.103931314983847E-03   8.013116385073436E-03  -6.754623513789916E-03   1.822520827451794E-01   6.635425546542806E-02  -2.496488100827519E-02  -1.426008708579630E-01   1.023994022885389E-03   9.096804579899774E-04  -8.414904260715718E-04  -1.338332078503918E-03   8.703257761850046E-06   8.369266093387658E-07  -7.232813987346959E-07  -6.511182305461520E-06   8.289611947879007E-06   9.637345813916003E-05  -1.471994517388243E-05   1.548814240585860E-04  -1.340721480754458E-04  -8.670710890110591E-03  -1.672193770482770E-01   2.782945332898720E-02   1.762770372934795E-02  -2.285593136129893E-02  -1.998292294581676E-02   1.341762189037385E-05   2.950202944584393E-05  -3.499997344711719E-05  -3.358025640391347E-05   0.000000000000000E+00   0.000000000000000E+00   0.000000000000000E+00   0.000000000000000E+00   0.000000000000000E+00  -1.272813168464274E-05  -3.615768806366947E-07   1.751919097064751E-06  -1.000146997444420E-06   7.993643123156997E-03   5.072731151306370E-03  -1.067769541326528E-02  -1.062175257498149E-03  -6.247005755215130E-06   1.011632603888877E-05  -1.589464615900720E-05  -7.265630140474416E-06   1.069038338262375E-05   2.277478399630908E-06   9.350585185495048E-07  -6.301369225164844E-06   4.100907963591013E-06   0.000000000000000E+00   9.713428657014159E-06  -1.157016089485717E-02   1.201337605715415E-04   1.074165493578126E-04  -2.220674812087578E-04  -3.023948858891844E-05   5.896613289870157E-07  -5.317581065678804E-06   8.698617547135650E-06   3.373185833191157E-06   0.000000000000000E+00  -1.181708010088876E-05   1.966561646609916E-06  -5.483764127745601E-06   4.353413556224972E-07   0.000000000000000E+00   0.000000000000000E+00   0.000000000000000E+00   0.000000000000000E+00   0.000000000000000E+00   2.123085223660654E-06  -3.290241974866376E-06   8.417248812224705E-06  -1.434825820060658E-07   7.301250319035972E-06   0.000000000000000E+00   0.000000000000000E+00  -2.942267851928099E-06  -1.052120017252620E-05   2.192746375156491E-06  -4.456170134284336E-06   0.000000000000000E+00   0.000000000000000E+00   0.000000000000000E+00   0.000000000000000E+00  -1.192574737595502E-05  -6.516650096910194E-06   2.194974516937209E-06  -1.439832710149876E-06  -5.963888375494512E-06  -1.074249083222409E-05  -4.950570485001570E-07  -4.985405896683899E-06   0.000000000000000E+00   0.000000000000000E+00   0.000000000000000E+00   0.000000000000000E+00   0.000000000000000E+00  -1.077777852874846E-06  -9.386090425241283E-06   5.560375591939022E-06  -1.793294713885894E-06   6.568078967863960E-06   4.239200867812087E-05  -7.652837683584772E-06   1.718840892322085E-06  -1.237700135832107E-05   1.174781315706658E-06   2.724102669649372E-07   3.729406121349202E-07   0.000000000000000E+00   0.000000000000000E+00   0.000000000000000E+00   0.000000000000000E+00   0.000000000000000E+00   0.000000000000000E+00   0.000000000000000E+00   0.000000000000000E+00   0.000000000000000E+00   1.771364574337666E-06  -1.392620272327617E-05   2.585744675141263E-05   7.649875160398405E-05   9.728789450040777E-06   5.846586327093196E-06  -1.095362466090343E-05  -7.558928984786697E-06  -4.096191210354367E-06  -2.671731930746404E-06   0.000000000000000E+00   0.000000000000000E+00   0.000000000000000E+00   0.000000000000000E+00   0.000000000000000E+00   0.000000000000000E+00   0.000000000000000E+00   0.000000000000000E+00   0.000000000000000E+00   1.324948984992595E-04   2.494501466956240E-04   9.631584223429334E-05  -3.716464702787365E-05  -1.222265722123321E-05  -4.903271767275724E-06  -4.035893991779992E-06  -8.529510928455886E-07   0.000000000000000E+00   0.000000000000000E+00   0.000000000000000E+00   0.000000000000000E+00   0.000000000000000E+00   0.000000000000000E+00   0.000000000000000E+00  -3.242647989857678E-04   7.868672205543348E-06   3.573837731223192E-05   2.799835344840929E-05  -4.139603056936770E-06   1.709846977255123E-06  -5.981293022674940E-06  -7.176959846847945E-06  -1.341774502721776E-06   0.000000000000000E+00  -7.743455265785229E-06   9.473126629450331E-06   1.201308060278693E-05  -4.176703096021480E-06   8.075518105280403E-07  -9.720915135678164E-07  -1.616882392297874E-06  -1.014868030786418E-09   0.000000000000000E+00  -5.191470727807852E-06  -5.824557982795413E-06  -1.043002243444476E-05   2.315733124069140E-06  -7.296225318085845E-06   0.000000000000000E+00   0.000000000000000E+00
  -7.065883137693131E-03   1.181553077621882E-04  -7.930215976279152E-03   7.780000068282555E-03  -8.389192419399244E-05   2.559153613384857E-06  -1.372211549687075E-04   1.312715977883606E-04  -1.919351778913087E-02   7.706945670210507E-03  -2.487681823851775E-02   8.058720540646888E-03  -1.830804380347813E-02  -6.517352454493699E-03  -8.794082711800599E-03   2.372949710553304E-02   4.369217721649826E-06   1.037519355886329E-07  -6.488099557335666E-07   4.126143292799379E-07  -8.051920017701548E-06  -4.475323708539066E-04   3.142841530367103E-04  -7.998178797881805E-04   1.209415785519025E-04  -1.605884387429218E-01   7.342932646023849E-02  -1.444808397001368E-01  -2.887471998451449E-02  -1.521629392553467E-01  -6.854707354979081E-02   1.924404725722905E-02   1.409764810075376E-01   8.634359185940487E-04  -3.054429005791252E-06  -4.223037925559923E-07   3.421301571557245E-06  -2.403008725732395E-06   1.444897757457853E-06   2.903827688011978E-06  -9.531390325372420E-06   3.109889003305240E-06   1.065961708553262E-04   2.782945332898720E-02  -3.034822320337370E-01   0.000000000000000E+00   0.000000000000000E+00   0.000000000000000E+00  -2.178796906160416E-02  -1.629076716817726E-02   1.781486248150740E-02   1.860618042255641E-02   0.000000000000000E+00   0.000000000000000E+00   0.000000000000000E+00   0.000000000000000E+00   0.000000000000000E+00  -1.587997743925194E-06  -2.210730151004231E-06   6.452010741864230E-06  -1.434202282599916E-06  -1.576650523907816E-01  -7.439786272411875E-03   1.160163112645163E-01  -1.131864940286333E-01  -7.666733244965592E-03  -5.728699360129826E-03   1.026030835263714E-02   2.209147039179489E-03   1.105224521565852E-03   0.000000000000000E+00   0.000000000000000E+00   0.000000000000000E+00   0.000000000000000E+00   0.000000000000000E+00   1.741478826993151E-06   3.157040432714787E-02  -1.934820869722004E-02  -7.615657860990327E-03   2.506618368922958E-02  -8.161748200847817E-03  -8.162356662159670E-05  -8.797500992874280E-05   1.598607794662385E-04   3.233319839323473E-05   0.000000000000000E+00  -4.413522402712730E-04  -1.422912731793476E-04   7.622330750651102E-04  -3.634104598218956E-04   4.259684425724524E-06  -4.317491098114519E-07   9.962003757619301E-07  -3.599968249451175E-08  -7.740786726228665E-06  -3.123123721254765E-07  -3.856727586185176E-06   1.409799031903311E-05  -4.116519819088424E-06   1.037603597699143E-04  -1.309219418651149E-06  -6.403261212856529E-06   3.836641702784529E-06   8.332737541441946E-06   4.889483057375841E-07   6.714018136199641E-06  -4.143379397310379E-06   6.916379963370877E-07  -8.465057425140439E-08   6.298280074040267E-07  -1.535589411522774E-05  -4.279449898231744E-05   3.268414233399940E-06  -2.518591139906911E-05   1.973397236210089E-06   7.586615567164854E-06   2.934228185163344E-06   6.596322804831138E-06  -3.293410726870068E-06  -9.237816600422971E-07   3.604017760355176E-07  -7.959859057554347E-07   0.000000000000000E+00   2.634817394230218E-06  -5.066500018469241E-06   2.074138659274363E-06  -2.712348648953464E-06  -4.183381794098454E-04  -7.448084892757746E-04  -1.243107629429441E-04  -3.024353296622922E-04   5.260955475871679E-06   3.938191279002118E-06   2.651150462089059E-06   2.900137858376575E-06   0.000000000000000E+00   0.000000000000000E+00   0.000000000000000E+00   0.000000000000000E+00   0.000000000000000E+00  -8.599526710608023E-07   5.758956754530229E-06  -3.190020409945460E-06   3.972032562656327E-06   1.135274413244158E-05   1.908276595353415E-03  -1.193073433152997E-04  -2.057843393116701E-04  -1.216913659792806E-04  -9.690887546495911E-05   4.190725833051976E-07   5.501050736689568E-06   6.027535405122278E-06   4.408533874081386E-06   0.000000000000000E+00   0.000000000000000E+00   0.000000000000000E+00   0.000000000000000E+00   0.000000000000000E+00  -4.447478836823060E-06  -7.972112969874966E-07   6.638946673844487E-07  -5.089186578277241E-07  -2.476872354154980E-04  -3.369964316980790E-04  -3.608696270094415E-04  -8.481454838842430E-05   5.157718313361945E-07   4.785923691193365E-06   7.507499772694829E-06   3.033631774583198E-06   0.000000000000000E+00   0.000000000000000E+00   0.000000000000000E+00   0.000000000000000E+00   0.000000000000000E+00   0.000000000000000E+00   7.750657886675620E-07   1.885018709346164E-03   2.420480884857115E-06  -3.515954374573327E-06  -5.871548307024165E-06  -1.117960787290122E-06  -3.514185664203725E-07  -7.084295254453012E-08  -1.499991222052966E-07  -5.124512697102105E-08   0.000000000000000E+00   5.166273147138154E-06   3.041930410844871E-06   8.414329850779324E-06  -1.104345369800458E-07   0.000000000000000E+00   0.000000000000000E+00   0.000000000000000E+00   0.000000000000000E+00   0.000000000000000E+00  -4.292301593694200E-06   1.850654354383113E-07   6.816957350819795E-07   9.934988270248342E-09  -9.284948418049609E-06   0.000000000000000E+00   0.000000000000000E+00
  -1.181546120224649E-04  -2.282384498916924E-03  -1.370899662029462E-04   1.344931776902504E-04  -2.558823859938049E-06  -2.628316704604719E-05  -3.873103079720833E-06   3.705175268273453E-06  -7.706945132827131E-03  -3.255056429015241E-03  -1.047870708053197E-02   3.394524620457915E-03   6.515922667786916E-03  -3.752954158069151E-03   3.279725192649021E-03  -8.849840513948690E-03  -1.038132521049184E-07   1.038707452540200E-06  -3.442311895827896E-06   2.189157551479750E-06  -1.574450701842910E-06  -3.142399249037946E-04   8.626026157938332E-05  -5.638946221393098E-04   8.526729329496607E-05  -7.340915919892572E-02  -3.068517158780181E-02  -8.230463497103364E-02  -1.644870899939838E-02   6.854654400642687E-02  -2.957598766165187E-02  -1.066542375359495E-02  -7.813189653601584E-02  -5.038223015155065E-04   4.222467699872481E-07   2.901203023928498E-07   1.052314400698997E-06  -7.391107256127002E-07  -2.903839400974866E-06   3.072973011215760E-06  -1.254417088615260E-05   4.092894925368975E-06   1.010368470226710E-04   1.762770372934795E-02   0.000000000000000E+00  -1.481790809559747E-01   0.000000000000000E+00   0.000000000000000E+00   1.628778441744697E-02   5.377220719254028E-03  -1.400941387135425E-02  -1.463169768362006E-02   0.000000000000000E+00   0.000000000000000E+00   0.000000000000000E+00   0.000000000000000E+00   0.000000000000000E+00   2.210362163982015E-06  -4.609223289018807E-07   3.764704221112925E-06  -8.368472408453585E-07   7.438047441894029E-03  -7.034548481789672E-02  -6.791662433526508E-03   6.626003284349868E-03   5.728513510509321E-03   1.942491009874287E-03  -7.930785463053288E-03  -1.707577454976662E-03  -1.023785678565546E-03   0.000000000000000E+00   0.000000000000000E+00   0.000000000000000E+00   0.000000000000000E+00   0.000000000000000E+00  -1.763559888485400E-06   7.541031924212049E-03   7.615444661798094E-03  -3.409576609290772E-03  -1.035017893807627E-02   3.370100346092749E-03   8.796963300346992E-05   6.192475754089927E-05  -1.591673301834662E-04  -3.219294239479417E-05   0.000000000000000E+00   1.422825561148116E-04  -8.733699056730150E-05  -2.466776754437305E-04   1.176087084034563E-04   4.320685039677567E-07   5.371545463665325E-06  -1.137218705317699E-05   4.109566038553726E-07  -8.772701449634658E-06   3.856669205141813E-06   2.366217107610031E-06  -1.369430604655343E-05   3.998646684640783E-06  -4.747042124956582E-06   4.930252902615803E-06   2.595059111791202E-06  -8.332071814628907E-06   8.507108601360662E-07  -4.602631677816258E-08  -6.320126728425633E-07  -6.916189676894053E-07  -5.978035970749776E-06   7.302082698847621E-07  -5.432988773892828E-06   4.279345560513281E-05   8.442331637933042E-05  -6.914204802771408E-06   5.327982841895489E-05  -7.586032505992495E-06  -2.349254441207990E-06  -1.475391330268974E-06  -3.316769134422861E-06   9.237049425049430E-07  -3.405801268663932E-06   1.233934536151990E-06  -2.725276523901089E-06   0.000000000000000E+00   5.066678416737998E-06   2.709414780826612E-05  -1.118699579977623E-05   1.462922105409609E-05   7.447912849525238E-04   1.204102943579823E-03   2.220285210107436E-04   5.401726073963156E-04  -3.937702906753971E-06   9.268469693067646E-06   5.433185539114127E-06   5.943452587429834E-06   0.000000000000000E+00   0.000000000000000E+00   0.000000000000000E+00   0.000000000000000E+00   0.000000000000000E+00  -5.758568874202765E-06  -5.605290871579352E-06   3.630464959665470E-06  -4.520449145847498E-06  -4.362437271830658E-05  -3.210219010352990E-03   2.057795380720945E-04   3.010778945022738E-04   1.996870933768852E-04   1.590207448843581E-04  -5.500650323489029E-06  -2.396502900163009E-06  -3.961128897923809E-06  -2.897166047545683E-06   0.000000000000000E+00   0.000000000000000E+00   0.000000000000000E+00   0.000000000000000E+00   0.000000000000000E+00   7.971366231903697E-07  -4.488474324989429E-06   3.517391988907916E-06  -2.696310872779481E-06   3.369887513986588E-04   3.777172671025744E-04   4.844861608414540E-04   1.138679230855146E-04  -4.785591227905663E-06  -1.396644300879890E-06  -4.138697807081900E-06  -1.672365708038471E-06   0.000000000000000E+00   0.000000000000000E+00   0.000000000000000E+00   0.000000000000000E+00   0.000000000000000E+00   0.000000000000000E+00   1.212722571814594E-06  -2.164125304571636E-03   3.516046385311294E-06   1.036583991243880E-05   1.785929856407800E-05   3.400465165084403E-06   7.083737760318322E-08  -1.283451361569909E-07  -2.074759365931330E-07  -7.088128622242821E-08   0.000000000000000E+00  -3.041651577265394E-06   2.423544969989738E-06   2.389582115985466E-06  -3.136225929272451E-08   0.000000000000000E+00   0.000000000000000E+00   0.000000000000000E+00   0.000000000000000E+00   0.000000000000000E+00  -1.850628518030347E-07  -8.071684689349961E-07  -2.805081296156533E-06  -4.088106810739657E-08  -3.532183481241249E-06   0.000000000000000E+00   0.000000000000000E+00
   7.930169280397489E-03  -1.370899662029462E-04   6.916624178465831E-03  -9.026762882006500E-03   1.372034736741618E-04  -3.873103079720833E-06   1.813193857467753E-04  -1.986705397498600E-04   2.487681650392806E-02  -1.047870708053197E-02   2.732222652625103E-02  -1.095699588433695E-02   8.792153452542723E-03   3.279725192649021E-03  -1.758136606185569E-03  -1.194138724417884E-02   6.491933969290611E-07  -3.442311895827896E-06   2.201464887623581E-05  -1.368983822818428E-05  -9.695208685691811E-06   7.997053241561076E-04  -5.638946221393098E-04   1.299729385234534E-03  -2.169956871178635E-04   1.444411582405704E-01  -8.230463497103364E-02   8.942929450927672E-02   3.236477035511346E-02  -1.924389859212940E-02  -1.066542375359495E-02  -6.457187047059271E-02   2.193491029407495E-02  -2.913586458224515E-04  -3.420839602217880E-06   1.052314400698997E-06  -8.105332221578706E-06   5.987918488224966E-06   9.531428771462599E-06  -1.254417088615260E-05   4.042568244122404E-05  -1.343432988654209E-05  -1.988031745348893E-04  -2.285593136129893E-02   0.000000000000000E+00   0.000000000000000E+00  -1.481790809559747E-01   0.000000000000000E+00  -1.781160067722721E-02  -1.400941387135425E-02   7.886414220367555E-03   1.600057746905032E-02   0.000000000000000E+00   0.000000000000000E+00   0.000000000000000E+00   0.000000000000000E+00   0.000000000000000E+00  -6.450936772606096E-06   3.764704221112925E-06  -1.015825678563861E-05   2.442336702550975E-06  -1.159891958750134E-01  -6.791662433526508E-03   3.512842912898635E-02  -1.033261482695298E-01  -1.025997548922544E-02  -7.930785463053288E-03   1.171877254436334E-02   3.058333161277093E-03   8.983082373142205E-04   0.000000000000000E+00   0.000000000000000E+00   0.000000000000000E+00   0.000000000000000E+00   0.000000000000000E+00   4.218697441806404E-06   1.484061637247457E-02  -2.506548196520094E-02  -1.035017893807627E-02   2.751240042933584E-02  -1.109235155625964E-02  -1.598510089704358E-04  -1.591673301834662E-04   2.635568370338140E-04   5.849830387870302E-05   0.000000000000000E+00  -7.621863790537642E-04  -2.466776754437305E-04   1.188029420964448E-03  -6.300122660917595E-04  -9.969373328772924E-07  -1.137218705317699E-05   2.668260970324875E-05  -9.482245912709689E-07   1.325468617108568E-05  -1.409777691132781E-05  -1.369430604655343E-05   4.867847459192456E-05  -1.461676537674780E-05   1.717627394687609E-04  -1.075147069105917E-05  -1.165230044004042E-05  -4.889092422250589E-07  -4.602631677816258E-08   1.632398197976017E-06  -3.708523448076566E-08   8.464824530770542E-08   7.302082698847621E-07  -1.012364119344531E-07   6.649513503409587E-07  -3.268334545848452E-06  -6.914204802771408E-06  -5.578733030388550E-06  -4.069227440414084E-06  -2.934002678214895E-06  -1.475391330268974E-06   8.948266743255895E-07  -1.282806198856908E-06  -3.603718456548752E-07   1.233934536151990E-06  -7.243848685535396E-07   1.063232300321791E-06   0.000000000000000E+00  -2.074211692481631E-06  -1.118699579977623E-05   4.347430194242973E-06  -5.988953485198796E-06   1.243078914899733E-04   2.220285210107436E-04  -8.912470418519123E-05   9.015642264175721E-05  -2.650821694840438E-06   5.433185539114127E-06   4.855228066430031E-06   4.001072054976880E-06   0.000000000000000E+00   0.000000000000000E+00   0.000000000000000E+00   0.000000000000000E+00   0.000000000000000E+00   3.189805553989084E-06   3.630464959665470E-06  -1.062196970548782E-06   2.503982171081668E-06   2.433747378355736E-05  -1.591559505921957E-04   1.216885267476641E-04   1.996870933768852E-04   8.148579895707499E-05   9.403753331642768E-05  -6.027096669895417E-06  -3.961128897923809E-06  -3.121598604181030E-06  -3.174442804104832E-06   0.000000000000000E+00   0.000000000000000E+00   0.000000000000000E+00   0.000000000000000E+00   0.000000000000000E+00  -6.638324811912861E-07   3.517391988907916E-06  -3.193938168534612E-06   2.245410240438529E-06   3.608614026292215E-04   4.844861608414540E-04   4.440897968338305E-04   1.219344511309960E-04  -7.506978249950653E-06  -4.138697807081900E-06  -5.250504361246498E-06  -2.623377634721712E-06   0.000000000000000E+00   0.000000000000000E+00   0.000000000000000E+00   0.000000000000000E+00   0.000000000000000E+00   0.000000000000000E+00  -1.203812579147576E-06  -2.361684080580126E-03   5.871701962457423E-06   1.785929856407800E-05   2.949601873562254E-05   5.678684464035150E-06   1.499873181192394E-07  -2.074759365931330E-07  -4.696550886190274E-07  -1.500802879081517E-07   0.000000000000000E+00  -8.413558564985664E-06   2.389582115985466E-06   8.169527725666103E-06  -8.675162114617844E-08   0.000000000000000E+00   0.000000000000000E+00   0.000000000000000E+00   0.000000000000000E+00   0.000000000000000E+00  -6.816862181608706E-07  -2.805081296156533E-06  -1.037827658323793E-05  -1.505870056631818E-07  -1.217411349167368E-05   0.000000000000000E+00   0.000000000000000E+00
  -7.779954256924626E-03   1.344931776902504E-04  -9.026762882006500E-03   6.571348885047798E-03  -1.312546831093775E-04   3.705175268273453E-06  -1.986705397498600E-04   1.637012950920520E-04  -8.058719978735253E-03   3.394524620457915E-03  -1.095699588433695E-02  -2.951941233137652E-03  -2.372429129232023E-02  -8.849840513948690E-03  -1.194138724417884E-02   2.603844053291535E-02  -4.128581808581992E-07   2.189157551479750E-06  -1.368983822818428E-05   9.194372835939672E-06   1.294140096818455E-05  -1.209245588575923E-04   8.526729329496607E-05  -2.169956871178635E-04  -1.025068897901315E-04   2.886678958325204E-02  -1.644870899939838E-02   3.236477035511346E-02  -6.604660940692968E-02  -1.409753919288050E-01  -7.813189653601584E-02   2.193491029407495E-02   9.312288365349436E-02   1.441427100513639E-03   2.402684253793778E-06  -7.391107256127002E-07   5.987918488224966E-06  -3.785703977387139E-06  -3.109901547442976E-06   4.092894925368975E-06  -1.343432988654209E-05   3.634608182563055E-06  -2.120975080043209E-05  -1.998292294581676E-02   0.000000000000000E+00   0.000000000000000E+00   0.000000000000000E+00  -1.481790809559747E-01  -1.860277373227164E-02  -1.463169768362006E-02   1.600057746905032E-02   9.277645535078764E-03   0.000000000000000E+00   0.000000000000000E+00   0.000000000000000E+00   0.000000000000000E+00   0.000000000000000E+00   1.433963552501179E-06  -8.368472408453585E-07   2.442336702550975E-06   2.861223445170004E-07   1.131600400254109E-01   6.626003284349868E-03  -1.033261482695298E-01   3.002484949329700E-02  -2.209075370356767E-03  -1.707577454976662E-03   3.058333161277093E-03  -1.827062168273588E-03   1.407180543402956E-03   0.000000000000000E+00   0.000000000000000E+00   0.000000000000000E+00   0.000000000000000E+00   0.000000000000000E+00  -2.731378334243245E-07  -3.533191985406305E-02   8.161519713938952E-03   3.370100346092749E-03  -1.109235155625964E-02  -2.942430955599262E-03  -3.233122222759708E-05  -3.219294239479417E-05   5.849830387870302E-05  -1.383685346013993E-05   0.000000000000000E+00   3.633881965280158E-04   1.176087084034563E-04  -6.300122660917595E-04   1.669854380329940E-04   3.602631390603358E-08   4.109566038553726E-07  -9.482245912709689E-07   4.771527579106592E-07   5.881431117617121E-06   4.116457505451617E-06   3.998646684640783E-06  -1.461676537674780E-05   2.887922421239936E-06  -1.351055145073115E-04  -7.433275666992901E-09   4.470927362159018E-06  -6.713481733621945E-06  -6.320126728425633E-07  -3.708523448076566E-08   1.125861176118185E-06  -6.298106792998496E-07  -5.432988773892828E-06   6.649513503409587E-07  -4.959321077807691E-06   2.518529733871199E-05   5.327982841895489E-05  -4.069227440414084E-06   2.525005533964269E-05  -6.595815851542971E-06  -3.316769134422861E-06  -1.282806198856908E-06  -1.418371470350000E-06   7.959198013055418E-07  -2.725276523901089E-06   1.063232300321791E-06  -2.591243216760765E-06   0.000000000000000E+00   2.712444154391434E-06   1.462922105409609E-05  -5.988953485198796E-06   7.599412318352643E-06   3.024283437118783E-04   5.401726073963156E-04   9.015642264175721E-05   9.315939663449793E-05  -2.899778214381277E-06   5.943452587429834E-06   4.001072054976880E-06   5.574502297912058E-06   0.000000000000000E+00   0.000000000000000E+00   0.000000000000000E+00   0.000000000000000E+00   0.000000000000000E+00  -3.971765036200275E-06  -4.520449145847498E-06   2.503982171081668E-06  -2.169014430360307E-06  -1.424274564249412E-05  -4.457511931607387E-04   9.690661444388398E-05   1.590207448843581E-04   9.403753331642768E-05   3.828681875840104E-05  -4.408212983538341E-06  -2.897166047545683E-06  -3.174442804104832E-06  -1.103149666237392E-06   0.000000000000000E+00   0.000000000000000E+00   0.000000000000000E+00   0.000000000000000E+00   0.000000000000000E+00   5.088709880458829E-07  -2.696310872779481E-06   2.245410240438529E-06  -1.986008880886025E-06   8.481261542692816E-05   1.138679230855146E-04   1.219344511309960E-04  -4.605985504631925E-05  -3.033421037584756E-06  -1.672365708038471E-06  -2.623377634721712E-06   1.816614593515631E-07   0.000000000000000E+00   0.000000000000000E+00   0.000000000000000E+00   0.000000000000000E+00   0.000000000000000E+00   0.000000000000000E+00   5.670177803250389E-07   2.040049396416574E-04   1.117990043755393E-06   3.400465165084403E-06   5.678684464035150E-06   7.527141392126743E-07   5.124109426816328E-08  -7.088128622242821E-08  -1.500802879081517E-07  -8.162936597462915E-08   0.000000000000000E+00   1.104244141787042E-07  -3.136225929272451E-08  -8.675162114617844E-08   1.560806966910226E-06   0.000000000000000E+00   0.000000000000000E+00   0.000000000000000E+00   0.000000000000000E+00   0.000000000000000E+00  -9.934849571273535E-09  -4.088106810739657E-08  -1.505870056631818E-07  -4.784508646450805E-08   2.217660066887965E-06   0.000000000000000E+00   0.000000000000000E+00
  -5.379601762432858E-04   3.638799357307909E-04  -9.518833241751477E-04   1.464531829422511E-04  -1.000965983738309E-07   3.981460720392592E-06  -1.329099483564914E-05   4.374533470292021E-06  -9.759038689603651E-05   1.017562614446658E-04  -1.875122916229944E-04  -3.807226876955864E-05  -1.885699816431713E-02   7.257411634394927E-03  -2.435516317839917E-02   8.505925204810529E-03  -3.714102891118327E-07  -2.775897391108681E-06   8.010063716418309E-06  -1.764640988413980E-06  -1.113602871104079E-05   4.164130850789996E-06  -5.196453702968312E-06   9.571867736566239E-06   1.843141487704716E-06  -6.159098281690344E-04   6.064138741722951E-04  -8.367119059891919E-04  -5.438931037156499E-04  -1.586275780336374E-01   7.643586997150160E-02  -1.422104949716929E-01  -2.134156006155341E-02   7.469483129853412E-03  -2.138243016844617E-09   2.951919569315834E-10  -1.018710685627943E-09   3.413173241992105E-10  -3.177277978564518E-06  -1.613008205830912E-06   3.591182707135523E-06  -5.283999994381380E-09  -7.354232010620427E-08   1.341762189037385E-05  -2.178796906160416E-02   1.628778441744697E-02  -1.781160067722721E-02  -1.860277373227164E-02  -2.989778674941822E-01   0.000000000000000E+00   0.000000000000000E+00   0.000000000000000E+00   0.000000000000000E+00   0.000000000000000E+00   0.000000000000000E+00   0.000000000000000E+00   0.000000000000000E+00   0.000000000000000E+00   0.000000000000000E+00   0.000000000000000E+00   0.000000000000000E+00  -8.758374602332940E-03   5.941110408375036E-03  -1.919920784782992E-03  -1.194816246573059E-02  -1.629996288670229E-01  -7.914725992679349E-03   1.213302873573627E-01  -1.131701833427337E-01   1.802605521598517E-01   0.000000000000000E+00   0.000000000000000E+00   0.000000000000000E+00   0.000000000000000E+00   0.000000000000000E+00   0.000000000000000E+00   2.963449384863273E-04  -2.053525928330549E-02   7.186320531314786E-03   9.959765381487818E-03  -2.615576906289536E-02  -1.730918292959595E-02  -7.342689752047162E-03   2.257773258119139E-02  -7.188073048644208E-03   0.000000000000000E+00  -5.675829816825535E-04   1.917394032677668E-04   5.726649618029023E-04  -8.972538315052414E-04  -5.057947338202734E-04  -1.935378668944351E-04   8.518185164858721E-04  -4.253033996436899E-04   6.891717049031952E-03  -1.013983534625553E-04   2.183389329875771E-06   1.672148816785296E-04  -1.487677184325690E-04   1.184450713116595E-05   6.877342046407898E-06  -1.321005465406166E-05  -3.399797378413856E-07   4.224651655941916E-06   2.251134023686218E-06   6.790480078540392E-06  -2.672572562244038E-06  -5.741822251275472E-07  -1.254447959201712E-07  -9.365644701733168E-07  -4.422411817190327E-06  -1.395034439010869E-05  -5.684272480669072E-06  -1.969439795449723E-05  -4.085160322101170E-06   4.755247373394675E-07   4.876006141748202E-07   8.261295938333896E-07  -3.282750671192593E-06  -6.851451815326558E-07   1.047531987518172E-07  -1.053402965989794E-06   0.000000000000000E+00  -1.081611467480226E-05  -2.425461168145454E-05   2.518335722043748E-06  -3.115547382407137E-05  -1.343190475914179E-04  -1.521424611415677E-04  -1.379074306772708E-04  -1.999771080656443E-04  -1.451285621395244E-06   2.667766505749378E-06   4.256084306040280E-06   4.580428513776903E-06   0.000000000000000E+00   0.000000000000000E+00   0.000000000000000E+00   0.000000000000000E+00   0.000000000000000E+00   2.087355400342590E-06   5.958096755183643E-06  -2.070458689274049E-06   8.284317070712397E-06   2.964097626924861E-04   2.538809824147645E-03   1.420204642211273E-06  -3.980449426386156E-06  -6.592528478072190E-06  -5.932402356375030E-06  -8.217947153505189E-08  -1.320248510760149E-08  -3.057016708391182E-08  -2.487697176100451E-08   0.000000000000000E+00   0.000000000000000E+00   0.000000000000000E+00   0.000000000000000E+00   0.000000000000000E+00  -1.225657738922493E-06   3.951178487916292E-06  -2.909945317583656E-06   5.120070081812419E-06   1.123928031779963E-06  -2.948473922976678E-06  -9.127768329801338E-06  -4.586842380145515E-06   0.000000000000000E+00   0.000000000000000E+00   0.000000000000000E+00   0.000000000000000E+00   0.000000000000000E+00   0.000000000000000E+00   0.000000000000000E+00   0.000000000000000E+00   0.000000000000000E+00   0.000000000000000E+00  -9.976794511284274E-06   1.226810649970122E-04  -9.642928022954667E-07   1.527108741913468E-06   6.877763334174851E-06   2.772005015660412E-06   0.000000000000000E+00   0.000000000000000E+00   0.000000000000000E+00   0.000000000000000E+00   0.000000000000000E+00  -4.117310750369639E-06   9.724720899864455E-08   1.119401890941418E-06   2.401172722298469E-07   0.000000000000000E+00   0.000000000000000E+00   0.000000000000000E+00   0.000000000000000E+00   0.000000000000000E+00   0.000000000000000E+00   0.000000000000000E+00   0.000000000000000E+00   0.000000000000000E+00  -1.980603285019949E-06   0.000000000000000E+00   0.000000000000000E+00
  -3.639229580082475E-04   8.528060959251154E-05  -6.492773861047199E-04   9.989537309087760E-05  -3.981457985722873E-06   2.952135030212461E-06  -1.419201456895934E-05   4.671090728006627E-06  -1.017690061976094E-04   6.896237885673950E-05  -1.830275362674904E-04  -3.716168946948930E-05  -7.257119989616818E-03  -3.448436363251281E-03  -9.826265009555919E-03   3.431776441065224E-03   2.776680240588561E-06  -1.078341048370876E-07   3.497532340332168E-06  -7.705168328939801E-07   1.278055039088085E-06   5.196109662868692E-06   1.571036665870402E-06   2.786008830374577E-07   5.364688064752950E-08  -6.063866029191479E-04   4.167287289339685E-04  -8.328246340675398E-04  -5.413662358949337E-04  -7.645073995895232E-02  -2.554521284601256E-02  -8.520938784556288E-02  -1.278739145712315E-02   6.535661575136202E-04  -2.952586271468668E-10  -4.391166378929227E-10   8.512936538988803E-10  -2.852245256242010E-10   1.613413825195103E-06  -1.769000229055075E-06   4.790477156263025E-06  -7.048619725329588E-09  -5.603240433186511E-06   2.950202944584393E-05  -1.629076716817726E-02   5.377220719254028E-03  -1.400941387135425E-02  -1.463169768362006E-02   0.000000000000000E+00  -1.438616937449713E-01   0.000000000000000E+00   0.000000000000000E+00   0.000000000000000E+00   0.000000000000000E+00   0.000000000000000E+00   0.000000000000000E+00   0.000000000000000E+00   0.000000000000000E+00   0.000000000000000E+00   0.000000000000000E+00   0.000000000000000E+00  -5.940954864266650E-03   1.320212385795512E-03  -1.348986490999326E-03  -8.395091029944526E-03   7.916009967328391E-03  -7.347057798400615E-02  -7.379996549880353E-03   6.883652720270422E-03  -7.015876311155100E-02   0.000000000000000E+00   0.000000000000000E+00   0.000000000000000E+00   0.000000000000000E+00   0.000000000000000E+00   0.000000000000000E+00   2.516211131611087E-04  -7.187429696332569E-03  -4.335541623303332E-03   3.661281786828121E-03  -9.615049875417427E-03   7.343376289479026E-03  -2.560757742217890E-03  -1.002125412301307E-02   3.190466820182517E-03   0.000000000000000E+00  -1.917511823330265E-04  -1.065291546472612E-04   1.953174753193589E-04  -3.060242284397730E-04   1.935529208960394E-04  -7.839756019940260E-05  -3.283103775413848E-04   1.639216769819656E-04  -4.743905462379250E-03  -2.183569765829372E-06  -3.137853909769706E-05   3.383301382166113E-06  -3.010055219620066E-06   1.397644699437466E-05  -1.247101650059407E-05  -6.246376959727240E-08  -4.225923780990342E-06  -1.809642966033772E-06  -1.525083909341561E-06  -4.600371099863882E-06   5.743880769724860E-07  -1.487081897326033E-06  -2.801056659994818E-07  -2.091254665010504E-06   1.395147454024830E-05   2.092282390946063E-05   9.625651706964958E-06   3.335016326769046E-05  -4.755903391389583E-07  -2.170747337081714E-06  -2.231799783718927E-06  -3.781282868073089E-06   6.853974326772466E-07  -2.003901335110031E-06   2.695797430422195E-07  -2.710906247018203E-06   0.000000000000000E+00   2.425707354081207E-05   3.386432525829878E-05  -4.004314966054197E-06   4.953919726278316E-05   1.521578777262432E-04   1.242839901723900E-04   1.497980472155096E-04   2.172194792472170E-04  -2.668532009069114E-06  -1.050930320070147E-06  -2.966584511122208E-06  -3.192659568323992E-06   0.000000000000000E+00   0.000000000000000E+00   0.000000000000000E+00   0.000000000000000E+00   0.000000000000000E+00  -5.960050391064584E-06  -7.614188938330536E-07   7.726280484595540E-07  -3.091438512791058E-06  -3.809290226069542E-04  -2.560596156020092E-03   3.980316723833076E-06   7.092642247325830E-06   1.290631830551053E-05   1.161397685006685E-05   1.320693726759969E-08  -2.089046688997995E-08  -3.175868503772152E-08  -2.584414761886664E-08   0.000000000000000E+00   0.000000000000000E+00   0.000000000000000E+00   0.000000000000000E+00   0.000000000000000E+00  -3.952327052891559E-06  -2.821547287597032E-06   2.707797135538826E-06  -4.764388876146346E-06   2.948426182078645E-06   2.899772953234528E-06   1.150157344129492E-05   5.779715544120941E-06   0.000000000000000E+00   0.000000000000000E+00   0.000000000000000E+00   0.000000000000000E+00   0.000000000000000E+00   0.000000000000000E+00   0.000000000000000E+00   0.000000000000000E+00   0.000000000000000E+00   0.000000000000000E+00   5.795446384128096E-06  -5.455722637033080E-05  -1.527552545284165E-06   4.486083638458064E-07  -2.166869383920746E-06  -8.733322896795957E-07   0.000000000000000E+00   0.000000000000000E+00   0.000000000000000E+00   0.000000000000000E+00   0.000000000000000E+00  -9.726157617179960E-08  -6.765878116207969E-08  -9.282480824419116E-07  -1.991138297265950E-07   0.000000000000000E+00   0.000000000000000E+00   0.000000000000000E+00   0.000000000000000E+00   0.000000000000000E+00   0.000000000000000E+00   0.000000000000000E+00   0.000000000000000E+00   0.000000000000000E+00   1.446560077340821E-07   0.000000000000000E+00   0.000000000000000E+00
   9.519958673094558E-04  -6.492773861047199E-04   1.535541158793077E-03  -2.613189969281807E-04   1.329098570671790E-05  -1.419201456895934E-05   4.607684181329813E-05  -1.559313204442788E-05   1.875357771343203E-04  -1.830275362674904E-04   3.069155196170202E-04   6.848004686960052E-05   2.435418444706645E-02  -9.826265009555919E-03   2.659949263470158E-02  -1.151670587593698E-02  -8.012322688322054E-06   3.497532340332168E-06  -8.988156410188464E-06   2.223385109918848E-06  -6.844076397167791E-06  -9.571234014701701E-06   2.786008830374577E-07   1.209102960395857E-06  -9.881755431481786E-08   8.366742779216768E-04  -8.328246340675398E-04   9.622389550810839E-04   7.469611009347501E-04   1.422381608866145E-01  -8.520938784556288E-02   8.718990587545167E-02   2.379120260150490E-02  -8.479687332949260E-03   1.018940765273162E-09   8.512936538988803E-10  -3.130260890631683E-09   9.843129707083380E-10  -3.592085773369842E-06   4.790477156263025E-06  -1.028278202446020E-05   1.569296496773772E-08   9.020784467879431E-06  -3.499997344711719E-05   1.781486248150740E-02  -1.400941387135425E-02   7.886414220367555E-03   1.600057746905032E-02   0.000000000000000E+00   0.000000000000000E+00  -1.438616937449713E-01   0.000000000000000E+00   0.000000000000000E+00   0.000000000000000E+00   0.000000000000000E+00   0.000000000000000E+00   0.000000000000000E+00   0.000000000000000E+00   0.000000000000000E+00   0.000000000000000E+00   0.000000000000000E+00   1.919870519370281E-03  -1.348986490999326E-03  -2.418230412014136E-03   2.712945670192349E-03  -1.213499702893141E-01  -7.379996549880353E-03   3.918105481276115E-02  -1.055242548372752E-01   2.174334429057206E-02   0.000000000000000E+00   0.000000000000000E+00   0.000000000000000E+00   0.000000000000000E+00   0.000000000000000E+00   0.000000000000000E+00  -9.069344429649525E-05  -9.961302610908400E-03   3.661281786828121E-03  -1.902990407071216E-03  -1.332582376101454E-02  -2.257984358670395E-02  -1.002125412301307E-02   2.499408715871624E-02  -9.810234274866615E-03   0.000000000000000E+00  -5.727001421458158E-04   1.953174753193589E-04   4.114262749969247E-04  -9.139975931055081E-04  -8.518847736866956E-04  -3.283103775413848E-04   1.292001489095982E-03  -7.214687334691773E-04   9.201897561983809E-03  -1.672287003668502E-04   3.383301382166113E-06   2.276874354450740E-04  -2.305250925739605E-04   2.141431099806780E-05   4.076004754089387E-05  -2.878802473426645E-06  -2.251811884066699E-06  -1.525083909341561E-06   2.397958624602588E-07  -2.451338654139857E-06   1.254897695218399E-07  -2.801056659994818E-07  -2.661867413934381E-07  -4.568880804540299E-07   5.684732976923355E-06   9.625651706964958E-06   1.221657634914970E-06   1.358901328792761E-05  -4.876678819218183E-07  -2.231799783718927E-06  -2.282696116367429E-06  -3.877307959112427E-06  -1.047917659270625E-07   2.695797430422195E-07  -2.819138859745036E-07   4.144758053412736E-07   0.000000000000000E+00  -2.518591334809030E-06  -4.004314966054197E-06  -4.286294937058558E-06  -5.143612758955419E-06   1.379214048273303E-04   1.497980472155096E-04   9.480591269639567E-05   1.968955941113926E-04  -4.257305569842163E-06  -2.966584511122208E-06  -3.924248970835453E-06  -5.093484851087495E-06   0.000000000000000E+00   0.000000000000000E+00   0.000000000000000E+00   0.000000000000000E+00   0.000000000000000E+00   2.071137584322514E-06   7.726280484595540E-07   1.193458775572512E-06   1.074285295148317E-06   1.100483480613100E-04  -2.120276425063499E-03   6.592308692498610E-06   1.290631830551053E-05   2.067583575650605E-05   1.923538397955493E-05   3.058047599726564E-08  -3.175868503772152E-08  -8.071147575188582E-08  -5.984175739726064E-08   0.000000000000000E+00   0.000000000000000E+00   0.000000000000000E+00   0.000000000000000E+00   0.000000000000000E+00   2.910791207305404E-06   2.707797135538826E-06  -1.139075080773119E-06   3.508854673027220E-06   9.127620535427543E-06   1.150157344129492E-05   3.479062044992631E-05   1.789261356112897E-05   0.000000000000000E+00   0.000000000000000E+00   0.000000000000000E+00   0.000000000000000E+00   0.000000000000000E+00   0.000000000000000E+00   0.000000000000000E+00   0.000000000000000E+00   0.000000000000000E+00   0.000000000000000E+00  -5.516498703237584E-06  -2.335748024998079E-04  -6.879762127362782E-06  -2.166869383920746E-06  -8.829374512954731E-06  -3.933297371464887E-06   0.000000000000000E+00   0.000000000000000E+00   0.000000000000000E+00   0.000000000000000E+00   0.000000000000000E+00  -1.119567269886098E-06  -9.282480824419116E-07  -1.067197915646204E-05  -2.291977320517699E-06   0.000000000000000E+00   0.000000000000000E+00   0.000000000000000E+00   0.000000000000000E+00   0.000000000000000E+00   0.000000000000000E+00   0.000000000000000E+00   0.000000000000000E+00   0.000000000000000E+00   1.165645334457702E-05   0.000000000000000E+00   0.000000000000000E+00
  -1.464704984049966E-04   9.989537309087760E-05  -2.613189969281807E-04  -1.227154857644471E-04  -4.374530465639946E-06   4.671090728006627E-06  -1.559313204442788E-05   3.833011866766441E-06   3.807703723935680E-05  -3.716168946948930E-05   6.848004686960052E-05  -1.645605928191665E-05  -8.505583387535454E-03   3.431776441065224E-03  -1.151670587593698E-02  -2.354336168219268E-03   1.765138646679152E-06  -7.705168328939801E-07   2.223385109918848E-06   6.144216231661697E-07   3.856137294706471E-06  -1.843019459372071E-06   5.364688064752950E-08  -9.881755431481786E-08   1.703257658791591E-06   5.438686441062178E-04  -5.413662358949337E-04   7.469611009347501E-04   2.986840105526853E-04   2.134571189145229E-02  -1.278739145712315E-02   2.379120260150490E-02  -6.777354706039987E-02   7.236813996814057E-03  -3.413944120024178E-10  -2.852245256242010E-10   9.843129707083380E-10  -5.222295677103869E-10   5.285328749381113E-09  -7.048619725329588E-09   1.569296496773772E-08   3.826575036238506E-07   3.313867109745487E-06  -3.358025640391347E-05   1.860618042255641E-02  -1.463169768362006E-02   1.600057746905032E-02   9.277645535078764E-03   0.000000000000000E+00   0.000000000000000E+00   0.000000000000000E+00  -1.438616937449713E-01   0.000000000000000E+00   0.000000000000000E+00   0.000000000000000E+00   0.000000000000000E+00   0.000000000000000E+00   0.000000000000000E+00   0.000000000000000E+00   0.000000000000000E+00   0.000000000000000E+00   1.194784965109665E-02  -8.395091029944526E-03   2.712945670192349E-03   1.402919399541075E-02   1.131885424933314E-01   6.883652720270422E-03  -1.055242548372752E-01   2.447519363951603E-02   1.392407505311820E-01   0.000000000000000E+00   0.000000000000000E+00   0.000000000000000E+00   0.000000000000000E+00   0.000000000000000E+00   0.000000000000000E+00  -5.008717611312652E-04   2.615980604732033E-02  -9.615049875417427E-03  -1.332582376101454E-02   2.801823500172312E-02   7.188745129499794E-03   3.190466820182517E-03  -9.810234274866615E-03  -2.696567631391985E-03   0.000000000000000E+00   8.973089522120741E-04  -3.060242284397730E-04  -9.139975931055081E-04   1.260129953971908E-03   4.253364811184592E-04   1.639216769819656E-04  -7.214687334691773E-04   2.072297303837286E-04   8.811266226217625E-04   1.487800126417479E-04  -3.010055219620066E-06  -2.305250925739605E-04   1.736708240652337E-04  -4.692328580031784E-05  -1.421259854590152E-05   2.557171442466513E-06  -6.792524824593384E-06  -4.600371099863882E-06  -2.451338654139857E-06  -6.341944431112896E-06   9.369002407974361E-07  -2.091254665010504E-06  -4.568880804540299E-07  -3.616093678687396E-06   1.969599344389701E-05   3.335016326769046E-05   1.358901328792761E-05   4.438163586182198E-05  -8.262435639041607E-07  -3.781282868073089E-06  -3.877307959112427E-06  -6.563446569231081E-06   1.053790799271044E-06  -2.710906247018203E-06   4.144758053412736E-07  -4.408684995131181E-06   0.000000000000000E+00   3.115863612556600E-05   4.953919726278316E-05  -5.143612758955419E-06   5.893190761768409E-05   1.999973717316618E-04   2.172194792472170E-04   1.968955941113926E-04   2.445383364556182E-04  -4.581742846656318E-06  -3.192659568323992E-06  -5.093484851087495E-06  -4.673083299814071E-06   0.000000000000000E+00   0.000000000000000E+00   0.000000000000000E+00   0.000000000000000E+00   0.000000000000000E+00  -8.287033464846874E-06  -3.091438512791058E-06   1.074285295148317E-06  -2.836479537727454E-06  -4.052967722558988E-04  -2.589251436709352E-03   5.932204578472522E-06   1.161397685006685E-05   1.923538397955493E-05   1.660933833120986E-05   2.488536080728239E-08  -2.584414761886664E-08  -5.984175739726064E-08  -5.587189632468522E-08   0.000000000000000E+00   0.000000000000000E+00   0.000000000000000E+00   0.000000000000000E+00   0.000000000000000E+00  -5.121558430968212E-06  -4.764388876146346E-06   3.508854673027220E-06  -5.318704879288820E-06   4.586768111225359E-06   5.779715544120941E-06   1.789261356112897E-05   8.175817115273598E-06   0.000000000000000E+00   0.000000000000000E+00   0.000000000000000E+00   0.000000000000000E+00   0.000000000000000E+00   0.000000000000000E+00   0.000000000000000E+00   0.000000000000000E+00   0.000000000000000E+00   0.000000000000000E+00   6.480447617905266E-06  -7.832629370341368E-05  -2.772810606733120E-06  -8.733322896795957E-07  -3.933297371464887E-06  -6.555405424244103E-07   0.000000000000000E+00   0.000000000000000E+00   0.000000000000000E+00   0.000000000000000E+00   0.000000000000000E+00  -2.401527468358862E-07  -1.991138297265950E-07  -2.291977320517699E-06  -4.786584504163820E-07   0.000000000000000E+00   0.000000000000000E+00   0.000000000000000E+00   0.000000000000000E+00   0.000000000000000E+00   0.000000000000000E+00   0.000000000000000E+00   0.000000000000000E+00   0.000000000000000E+00   1.173080896895854E-06   0.000000000000000E+00   0.000000000000000E+00
  -2.967941928557510E-06  -5.294608453523115E-06   2.018714704408244E-05  -6.755949250043943E-06  -7.188533289980758E-04  -4.227153538709453E-04   1.263745850348692E-03  -2.011497808271213E-04   3.871098402206802E-06  -2.500100484019726E-07   2.114598855393099E-06  -1.376515204558071E-06   4.023577376015524E-07   2.846807225438694E-06  -8.861749145315974E-06   1.938012573021235E-06  -2.245647555473990E-02  -6.698625122668216E-03   2.882524746816476E-02  -1.000724795330789E-02   1.883901291747064E-04  -9.808760737737399E-05   8.891095362622553E-06   1.546030496480189E-04  -1.525528528590008E-04  -2.932349509607010E-06   3.912744112168855E-07  -3.601296479935436E-06   2.559537671646713E-06  -1.717783415927999E-07  -2.181094427682916E-08   7.976201845991321E-08  -2.638358410382163E-08   6.965812013126019E-07  -1.749160395845203E-01  -7.109280604610016E-02   1.569825328846598E-01   2.902527144602433E-02  -7.868276338160075E-03   7.950030145208533E-04   8.508973057960136E-03  -8.740311698519888E-03  -5.527099866804698E-06   0.000000000000000E+00   0.000000000000000E+00   0.000000000000000E+00   0.000000000000000E+00   0.000000000000000E+00   0.000000000000000E+00   0.000000000000000E+00   0.000000000000000E+00   0.000000000000000E+00  -2.955548224162662E-01   0.000000000000000E+00   0.000000000000000E+00   0.000000000000000E+00   2.776345432255993E-02  -2.056359116070789E-02   9.488566170212671E-03   7.917121609019242E-03  -2.610720984781675E-02   0.000000000000000E+00   0.000000000000000E+00   0.000000000000000E+00   0.000000000000000E+00   0.000000000000000E+00   0.000000000000000E+00   0.000000000000000E+00   0.000000000000000E+00   0.000000000000000E+00  -1.525401411627351E-01   7.516243307339023E-02  -3.130186513344038E-02  -1.347842088849082E-01   1.893764409212480E-01   1.093177963541114E-03   0.000000000000000E+00   0.000000000000000E+00   0.000000000000000E+00   0.000000000000000E+00   0.000000000000000E+00   0.000000000000000E+00   0.000000000000000E+00   0.000000000000000E+00   0.000000000000000E+00   2.849717065050804E-02   0.000000000000000E+00   0.000000000000000E+00   0.000000000000000E+00   0.000000000000000E+00   0.000000000000000E+00   0.000000000000000E+00   0.000000000000000E+00   0.000000000000000E+00   0.000000000000000E+00   0.000000000000000E+00   0.000000000000000E+00   0.000000000000000E+00   0.000000000000000E+00   0.000000000000000E+00   0.000000000000000E+00   0.000000000000000E+00   0.000000000000000E+00   0.000000000000000E+00   0.000000000000000E+00   0.000000000000000E+00   0.000000000000000E+00   0.000000000000000E+00   0.000000000000000E+00   0.000000000000000E+00   0.000000000000000E+00   0.000000000000000E+00   0.000000000000000E+00   0.000000000000000E+00   0.000000000000000E+00   0.000000000000000E+00   0.000000000000000E+00   0.000000000000000E+00   0.000000000000000E+00   0.000000000000000E+00   0.000000000000000E+00   0.000000000000000E+00   0.000000000000000E+00   0.000000000000000E+00   0.000000000000000E+00   0.000000000000000E+00   0.000000000000000E+00   0.000000000000000E+00   0.000000000000000E+00   0.000000000000000E+00   0.000000000000000E+00   0.000000000000000E+00   0.000000000000000E+00   0.000000000000000E+00   0.000000000000000E+00   0.000000000000000E+00   0.000000000000000E+00   0.000000000000000E+00   0.000000000000000E+00   0.000000000000000E+00   0.000000000000000E+00   0.000000000000000E+00   0.000000000000000E+00   0.000000000000000E+00   0.000000000000000E+00   0.000000000000000E+00   0.000000000000000E+00   0.000000000000000E+00   0.000000000000000E+00   0.000000000000000E+00   0.000000000000000E+00   0.000000000000000E+00   0.000000000000000E+00   0.000000000000000E+00   0.000000000000000E+00   0.000000000000000E+00   0.000000000000000E+00   0.000000000000000E+00   0.000000000000000E+00   0.000000000000000E+00   0.000000000000000E+00   0.000000000000000E+00   0.000000000000000E+00  -4.192745408739886E-06   4.357582790200534E-07  -4.107044109790451E-07   4.695591596142314E-07  -1.720442807416002E-06  -4.637249825753742E-07   1.796638811585228E-07  -5.899045168823353E-07   0.000000000000000E+00   0.000000000000000E+00   0.000000000000000E+00   0.000000000000000E+00   0.000000000000000E+00   0.000000000000000E+00   0.000000000000000E+00   9.205552015622602E-08  -1.074408643598426E-07   5.259979673155602E-06  -3.156856687734694E-06   6.045046578989270E-06  -3.764037090722832E-06  -7.904871242894013E-07   4.711534027227172E-08  -1.071966004297685E-06   0.000000000000000E+00  -5.704317678095718E-06  -1.783924896996943E-05   7.938320922776805E-06  -1.999889146646060E-05   1.671646355862241E-06   6.109299153781727E-06   1.038410819848698E-06   8.166060706324864E-06   0.000000000000000E+00  -1.457454243978024E-05  -3.060413951702517E-05  -2.048788477347391E-07  -3.699985480746523E-05   1.179914477997684E-04  -7.643703611207209E-07   3.085362969949201E-04
   5.294773517845931E-06   1.826668993707549E-06  -1.568250284802854E-05   5.248398553970417E-06   4.226821531898544E-04   3.350483037222649E-05  -7.532660046347987E-04   1.198969648011141E-04   2.499372605201018E-07   5.899840294558237E-07  -2.795237292755279E-06   1.819582292883680E-06  -2.845946849390966E-06   2.909157059745690E-07   2.999056768469328E-06  -6.558761288757687E-07   6.698859861198191E-03  -5.562995820663007E-03  -9.048512830057667E-03   3.141368052402011E-03  -1.576145835079290E-04  -8.890239994577566E-06  -2.969152013367547E-05   1.313582146277155E-05  -1.296162684600686E-05  -3.911559506894471E-07   3.534697838673203E-07   9.213669774971167E-07  -6.548401392260321E-07   2.181405001799583E-08  -3.328685594639475E-08   6.616166051100978E-08  -2.188487413239191E-08   3.928931077560750E-06   7.109214735412633E-02  -4.435751806605477E-02  -8.161847651794332E-02  -1.509084095161623E-02  -7.950319668470595E-04  -2.468133375718871E-03   8.893559820218424E-04  -9.135354455661704E-04   2.892650530759297E-06   0.000000000000000E+00   0.000000000000000E+00   0.000000000000000E+00   0.000000000000000E+00   0.000000000000000E+00   0.000000000000000E+00   0.000000000000000E+00   0.000000000000000E+00   0.000000000000000E+00   0.000000000000000E+00  -1.403251608495190E-01   0.000000000000000E+00   0.000000000000000E+00  -1.659739876244483E-02  -9.488390721409936E-03  -2.382203435843987E-03   3.835552267108576E-03  -1.264797648246273E-02   0.000000000000000E+00   0.000000000000000E+00   0.000000000000000E+00   0.000000000000000E+00   0.000000000000000E+00   0.000000000000000E+00   0.000000000000000E+00   0.000000000000000E+00   0.000000000000000E+00  -7.516329592972153E-02  -2.205386614870356E-02  -1.903630937151978E-02  -8.196936149940696E-02   9.913515507935678E-04   7.535731381546776E-04   0.000000000000000E+00   0.000000000000000E+00   0.000000000000000E+00   0.000000000000000E+00   0.000000000000000E+00   0.000000000000000E+00   0.000000000000000E+00   0.000000000000000E+00   0.000000000000000E+00   1.863807003476975E-02   0.000000000000000E+00   0.000000000000000E+00   0.000000000000000E+00   0.000000000000000E+00   0.000000000000000E+00   0.000000000000000E+00   0.000000000000000E+00   0.000000000000000E+00   0.000000000000000E+00   0.000000000000000E+00   0.000000000000000E+00   0.000000000000000E+00   0.000000000000000E+00   0.000000000000000E+00   0.000000000000000E+00   0.000000000000000E+00   0.000000000000000E+00   0.000000000000000E+00   0.000000000000000E+00   0.000000000000000E+00   0.000000000000000E+00   0.000000000000000E+00   0.000000000000000E+00   0.000000000000000E+00   0.000000000000000E+00   0.000000000000000E+00   0.000000000000000E+00   0.000000000000000E+00   0.000000000000000E+00   0.000000000000000E+00   0.000000000000000E+00   0.000000000000000E+00   0.000000000000000E+00   0.000000000000000E+00   0.000000000000000E+00   0.000000000000000E+00   0.000000000000000E+00   0.000000000000000E+00   0.000000000000000E+00   0.000000000000000E+00   0.000000000000000E+00   0.000000000000000E+00   0.000000000000000E+00   0.000000000000000E+00   0.000000000000000E+00   0.000000000000000E+00   0.000000000000000E+00   0.000000000000000E+00   0.000000000000000E+00   0.000000000000000E+00   0.000000000000000E+00   0.000000000000000E+00   0.000000000000000E+00   0.000000000000000E+00   0.000000000000000E+00   0.000000000000000E+00   0.000000000000000E+00   0.000000000000000E+00   0.000000000000000E+00   0.000000000000000E+00   0.000000000000000E+00   0.000000000000000E+00   0.000000000000000E+00   0.000000000000000E+00   0.000000000000000E+00   0.000000000000000E+00   0.000000000000000E+00   0.000000000000000E+00   0.000000000000000E+00   0.000000000000000E+00   0.000000000000000E+00   0.000000000000000E+00   0.000000000000000E+00   0.000000000000000E+00   0.000000000000000E+00   0.000000000000000E+00   0.000000000000000E+00  -4.357668051490797E-07  -3.601415953985873E-06   3.361970887343027E-06  -3.843747917742352E-06   4.637665547490695E-07  -1.215497545853681E-06   4.171093734548349E-07  -1.369527930980555E-06   0.000000000000000E+00   0.000000000000000E+00   0.000000000000000E+00   0.000000000000000E+00   0.000000000000000E+00   0.000000000000000E+00   0.000000000000000E+00   5.729180552892920E-06  -5.260381537840338E-06  -2.939160125655279E-06   2.426276553415258E-06  -4.646062913115495E-06   7.905608127332476E-07  -2.731166508601746E-06   1.470571098909695E-07  -3.345836442704469E-06   0.000000000000000E+00   1.783964782631149E-05   2.977470082013714E-05  -1.463880049078060E-05   3.687930798744841E-05  -6.109797825348627E-06  -1.382522057983070E-06  -4.757365518475993E-07  -3.741191336171949E-06   0.000000000000000E+00   3.060494775286407E-05   4.247701307318168E-05   3.236320006746082E-07   5.844594094707822E-05  -1.526666361814576E-04   6.011687799617223E-06  -3.657342453010999E-04
  -2.018777639709044E-05  -1.568250284802854E-05   5.750736538564791E-05  -2.001095912662806E-05  -1.263646593904436E-03  -7.532660046347987E-04   2.033498871789384E-03  -3.584428394883187E-04  -2.113983211451290E-06  -2.795237292755279E-06   2.390177381948434E-05  -1.539012795053330E-05   8.859070904008492E-06   2.999056768469328E-06  -8.081329980433605E-06   2.041659046162611E-06  -2.882625758532954E-02  -9.048512830057667E-03   3.127143092824967E-02  -1.351780549603384E-02   3.348060539154582E-04  -1.545881760578781E-04   1.313582146277155E-05   1.979656325152836E-04  -2.253835952785476E-04   3.600206167182428E-06   9.213669774971167E-07  -8.026703015844141E-06   6.027160020459237E-06  -7.977337606924561E-08   6.616166051100978E-08  -2.571462910159437E-07   8.003237789182461E-08  -9.859957420345194E-06  -1.569810784036765E-01  -8.161847651794332E-02   9.890449392117937E-02   3.332261824646630E-02  -8.509282936739406E-03   8.893559820218424E-04   6.967612575882456E-03  -9.777633986078749E-03   1.242016472576718E-05   0.000000000000000E+00   0.000000000000000E+00   0.000000000000000E+00   0.000000000000000E+00   0.000000000000000E+00   0.000000000000000E+00   0.000000000000000E+00   0.000000000000000E+00   0.000000000000000E+00   0.000000000000000E+00   0.000000000000000E+00  -1.403251608495190E-01   0.000000000000000E+00   2.355290047318838E-02  -7.916975217090000E-03   3.835552267108576E-03  -3.778733379224884E-03  -1.055328762253112E-02   0.000000000000000E+00   0.000000000000000E+00   0.000000000000000E+00   0.000000000000000E+00   0.000000000000000E+00   0.000000000000000E+00   0.000000000000000E+00   0.000000000000000E+00   0.000000000000000E+00   3.130222447535372E-02  -1.903630937151978E-02  -5.983630209310382E-02   3.413665303015618E-02  -1.188085812861063E-01   2.615343845254739E-04   0.000000000000000E+00   0.000000000000000E+00   0.000000000000000E+00   0.000000000000000E+00   0.000000000000000E+00   0.000000000000000E+00   0.000000000000000E+00   0.000000000000000E+00   0.000000000000000E+00  -2.162762850796887E-02   0.000000000000000E+00   0.000000000000000E+00   0.000000000000000E+00   0.000000000000000E+00   0.000000000000000E+00   0.000000000000000E+00   0.000000000000000E+00   0.000000000000000E+00   0.000000000000000E+00   0.000000000000000E+00   0.000000000000000E+00   0.000000000000000E+00   0.000000000000000E+00   0.000000000000000E+00   0.000000000000000E+00   0.000000000000000E+00   0.000000000000000E+00   0.000000000000000E+00   0.000000000000000E+00   0.000000000000000E+00   0.000000000000000E+00   0.000000000000000E+00   0.000000000000000E+00   0.000000000000000E+00   0.000000000000000E+00   0.000000000000000E+00   0.000000000000000E+00   0.000000000000000E+00   0.000000000000000E+00   0.000000000000000E+00   0.000000000000000E+00   0.000000000000000E+00   0.000000000000000E+00   0.000000000000000E+00   0.000000000000000E+00   0.000000000000000E+00   0.000000000000000E+00   0.000000000000000E+00   0.000000000000000E+00   0.000000000000000E+00   0.000000000000000E+00   0.000000000000000E+00   0.000000000000000E+00   0.000000000000000E+00   0.000000000000000E+00   0.000000000000000E+00   0.000000000000000E+00   0.000000000000000E+00   0.000000000000000E+00   0.000000000000000E+00   0.000000000000000E+00   0.000000000000000E+00   0.000000000000000E+00   0.000000000000000E+00   0.000000000000000E+00   0.000000000000000E+00   0.000000000000000E+00   0.000000000000000E+00   0.000000000000000E+00   0.000000000000000E+00   0.000000000000000E+00   0.000000000000000E+00   0.000000000000000E+00   0.000000000000000E+00   0.000000000000000E+00   0.000000000000000E+00   0.000000000000000E+00   0.000000000000000E+00   0.000000000000000E+00   0.000000000000000E+00   0.000000000000000E+00   0.000000000000000E+00   0.000000000000000E+00   0.000000000000000E+00   0.000000000000000E+00   0.000000000000000E+00   0.000000000000000E+00   4.107124468993438E-07   3.361970887343027E-06  -3.203032273084223E-06   3.622752109399751E-06  -1.796799877267581E-07   4.171093734548349E-07  -3.005125236061492E-07   5.306048038828145E-07   0.000000000000000E+00   0.000000000000000E+00   0.000000000000000E+00   0.000000000000000E+00   0.000000000000000E+00   0.000000000000000E+00   0.000000000000000E+00  -7.017674708625087E-06   3.157097872928630E-06   2.426276553415258E-06  -3.526455949066927E-07   2.788405220225059E-06  -4.711973231864323E-08   1.470571098909695E-07  -2.726512199532371E-07   1.994216194667270E-07   0.000000000000000E+00  -7.938498410609992E-06  -1.463880049078060E-05   3.392066949177353E-06  -1.641099256516476E-05  -1.038495580135859E-06  -4.757365518475993E-07   1.335524510931637E-06  -6.358984009156546E-07   0.000000000000000E+00   2.048842584546608E-07   3.236320006746082E-07  -5.863921729860022E-06   3.912652740766860E-07   1.068945065679611E-04   2.953588555633942E-06  -9.627588546846429E-05
   6.756159873019698E-06   5.248398553970417E-06  -2.001095912662806E-05   4.410506721680144E-06   2.011339822296405E-04   1.198969648011141E-04  -3.584428394883187E-04  -1.614049349402074E-04   1.376114446161586E-06   1.819582292883680E-06  -1.539012795053330E-05   1.027782986409201E-05  -1.937426857352424E-06  -6.558761288757687E-07   2.041659046162611E-06   8.078537846285984E-07   1.000759863522106E-02   3.141368052402011E-03  -1.351780549603384E-02  -2.972786106083844E-03   4.010429161851426E-05   1.525381765080917E-04  -1.296162684600686E-05  -2.253835952785476E-04   1.919478245240259E-04  -2.558762757228878E-06  -6.548401392260321E-07   6.027160020459237E-06  -3.830089078257700E-06   2.638734096011521E-08  -2.188487413239191E-08   8.003237789182461E-08  -4.166794628710167E-08   4.423122808852840E-07  -2.902500251989237E-02  -1.509084095161623E-02   3.332261824646630E-02  -7.515896069868860E-02   8.740630002162538E-03  -9.135354455661704E-04  -9.777633986078749E-03   7.492237570149192E-03  -1.700200652172692E-05   0.000000000000000E+00   0.000000000000000E+00   0.000000000000000E+00   0.000000000000000E+00   0.000000000000000E+00   0.000000000000000E+00   0.000000000000000E+00   0.000000000000000E+00   0.000000000000000E+00   0.000000000000000E+00   0.000000000000000E+00   0.000000000000000E+00  -1.403251608495190E-01   1.952768124968090E-02   2.610672711115998E-02  -1.264797648246273E-02  -1.055328762253112E-02   2.782107180343079E-02   0.000000000000000E+00   0.000000000000000E+00   0.000000000000000E+00   0.000000000000000E+00   0.000000000000000E+00   0.000000000000000E+00   0.000000000000000E+00   0.000000000000000E+00   0.000000000000000E+00   1.347857561925623E-01  -8.196936149940696E-02   3.413665303015618E-02   7.922656650385879E-02   1.117902401801349E-01  -1.765072837792368E-03   0.000000000000000E+00   0.000000000000000E+00   0.000000000000000E+00   0.000000000000000E+00   0.000000000000000E+00   0.000000000000000E+00   0.000000000000000E+00   0.000000000000000E+00   0.000000000000000E+00  -2.139489755235535E-02   0.000000000000000E+00   0.000000000000000E+00   0.000000000000000E+00   0.000000000000000E+00   0.000000000000000E+00   0.000000000000000E+00   0.000000000000000E+00   0.000000000000000E+00   0.000000000000000E+00   0.000000000000000E+00   0.000000000000000E+00   0.000000000000000E+00   0.000000000000000E+00   0.000000000000000E+00   0.000000000000000E+00   0.000000000000000E+00   0.000000000000000E+00   0.000000000000000E+00   0.000000000000000E+00   0.000000000000000E+00   0.000000000000000E+00   0.000000000000000E+00   0.000000000000000E+00   0.000000000000000E+00   0.000000000000000E+00   0.000000000000000E+00   0.000000000000000E+00   0.000000000000000E+00   0.000000000000000E+00   0.000000000000000E+00   0.000000000000000E+00   0.000000000000000E+00   0.000000000000000E+00   0.000000000000000E+00   0.000000000000000E+00   0.000000000000000E+00   0.000000000000000E+00   0.000000000000000E+00   0.000000000000000E+00   0.000000000000000E+00   0.000000000000000E+00   0.000000000000000E+00   0.000000000000000E+00   0.000000000000000E+00   0.000000000000000E+00   0.000000000000000E+00   0.000000000000000E+00   0.000000000000000E+00   0.000000000000000E+00   0.000000000000000E+00   0.000000000000000E+00   0.000000000000000E+00   0.000000000000000E+00   0.000000000000000E+00   0.000000000000000E+00   0.000000000000000E+00   0.000000000000000E+00   0.000000000000000E+00   0.000000000000000E+00   0.000000000000000E+00   0.000000000000000E+00   0.000000000000000E+00   0.000000000000000E+00   0.000000000000000E+00   0.000000000000000E+00   0.000000000000000E+00   0.000000000000000E+00   0.000000000000000E+00   0.000000000000000E+00   0.000000000000000E+00   0.000000000000000E+00   0.000000000000000E+00   0.000000000000000E+00   0.000000000000000E+00   0.000000000000000E+00   0.000000000000000E+00   0.000000000000000E+00  -4.695683470976898E-07  -3.843747917742352E-06   3.622752109399751E-06  -4.176257084699605E-06   5.899574008414942E-07  -1.369527930980555E-06   5.306048038828145E-07  -1.881085602737849E-06   0.000000000000000E+00   0.000000000000000E+00   0.000000000000000E+00   0.000000000000000E+00   0.000000000000000E+00   0.000000000000000E+00   0.000000000000000E+00   5.591450411893209E-06  -6.045508423119596E-06  -4.646062913115495E-06   2.788405220225059E-06  -4.235979870702600E-06   1.072065931930009E-06  -3.345836442704469E-06   1.994216194667270E-07  -4.801117486833227E-06   0.000000000000000E+00   1.999933860886604E-05   3.687930798744841E-05  -1.641099256516476E-05   3.822188420352448E-05  -8.166727261061394E-06  -3.741191336171949E-06  -6.358984009156546E-07  -3.584317327835615E-06   0.000000000000000E+00   3.700083195007278E-05   5.844594094707822E-05   3.912652740766860E-07   6.479400422075297E-05  -1.570556619032060E-04   8.808610322434355E-06  -4.517021669859208E-04
   1.439322445792358E-04   1.022777373005105E-05  -2.164717884154302E-04   1.948898601385725E-04   9.267525175273319E-03   5.880683010712983E-04  -1.003738648282530E-02   8.990801491694945E-03  -6.631291480938030E-06  -2.045741014680544E-06  -1.087492884160519E-05   1.548691055838115E-05  -8.043410622453558E-06   2.526354572907287E-06  -1.341606192556731E-05   7.807665270378947E-06   2.658834511580660E-02  -7.930759235968129E-03  -1.162122778957773E-02   3.051220209940244E-02  -1.328487319479455E-02   9.373164365037597E-06  -1.273497864439997E-05  -1.643133615179413E-05   4.430174962919247E-05   6.489254024626207E-08   7.964265034002485E-07   6.657162404242572E-06  -8.657510622203420E-06   5.088215538912188E-07  -1.363353975312807E-06   8.914350745337974E-06  -5.838119658159526E-06   2.324705535626023E-06   1.725028061047152E-01  -6.476344795066617E-02   3.390690023126503E-02   1.326667860492359E-01   8.759779284851356E-04  -5.477843026885952E-04  -2.275134730084260E-04   1.458313483786464E-03   1.031808398410473E-05   0.000000000000000E+00   0.000000000000000E+00   0.000000000000000E+00   0.000000000000000E+00   0.000000000000000E+00   0.000000000000000E+00   0.000000000000000E+00   0.000000000000000E+00   0.000000000000000E+00   2.776345432255993E-02  -1.659739876244483E-02   2.355290047318838E-02   1.952768124968090E-02  -1.588798354695494E-01   1.967405138283934E-04  -1.792223759946430E-04   7.764807622792751E-05   3.343426401188137E-04   0.000000000000000E+00   0.000000000000000E+00   0.000000000000000E+00   0.000000000000000E+00   0.000000000000000E+00   0.000000000000000E+00   0.000000000000000E+00   0.000000000000000E+00   0.000000000000000E+00   9.607269818109899E-04  -8.514836567854301E-04   8.672719645111949E-04   1.211583185405489E-03  -9.041756712434462E-03   7.718111693580127E-06   0.000000000000000E+00   0.000000000000000E+00   0.000000000000000E+00   0.000000000000000E+00   0.000000000000000E+00   0.000000000000000E+00   0.000000000000000E+00   0.000000000000000E+00   0.000000000000000E+00  -3.883044530326763E-05   0.000000000000000E+00   0.000000000000000E+00   0.000000000000000E+00   0.000000000000000E+00   0.000000000000000E+00   0.000000000000000E+00   0.000000000000000E+00   0.000000000000000E+00   0.000000000000000E+00   0.000000000000000E+00   0.000000000000000E+00   0.000000000000000E+00   0.000000000000000E+00   0.000000000000000E+00   0.000000000000000E+00   0.000000000000000E+00   0.000000000000000E+00   0.000000000000000E+00   0.000000000000000E+00   0.000000000000000E+00   0.000000000000000E+00   0.000000000000000E+00   0.000000000000000E+00   0.000000000000000E+00   0.000000000000000E+00   0.000000000000000E+00   0.000000000000000E+00   0.000000000000000E+00   0.000000000000000E+00   0.000000000000000E+00   0.000000000000000E+00   0.000000000000000E+00   0.000000000000000E+00   0.000000000000000E+00   0.000000000000000E+00   0.000000000000000E+00   0.000000000000000E+00   0.000000000000000E+00   0.000000000000000E+00   0.000000000000000E+00   0.000000000000000E+00   0.000000000000000E+00   0.000000000000000E+00   0.000000000000000E+00   0.000000000000000E+00   0.000000000000000E+00   0.000000000000000E+00   0.000000000000000E+00   0.000000000000000E+00   0.000000000000000E+00   0.000000000000000E+00   0.000000000000000E+00   0.000000000000000E+00   0.000000000000000E+00   0.000000000000000E+00   0.000000000000000E+00   0.000000000000000E+00   0.000000000000000E+00   0.000000000000000E+00   0.000000000000000E+00   0.000000000000000E+00   0.000000000000000E+00   0.000000000000000E+00   0.000000000000000E+00   0.000000000000000E+00   0.000000000000000E+00   0.000000000000000E+00   0.000000000000000E+00   0.000000000000000E+00   0.000000000000000E+00   0.000000000000000E+00   0.000000000000000E+00   0.000000000000000E+00   0.000000000000000E+00   0.000000000000000E+00   0.000000000000000E+00   0.000000000000000E+00   2.147387480023245E-06  -3.236079901414388E-06   2.491869999629202E-06  -6.127105630560360E-06   0.000000000000000E+00   0.000000000000000E+00   0.000000000000000E+00   0.000000000000000E+00   0.000000000000000E+00   0.000000000000000E+00   0.000000000000000E+00   0.000000000000000E+00   0.000000000000000E+00   0.000000000000000E+00   0.000000000000000E+00   8.286283435851832E-06  -1.052099494483178E-06  -4.795160147859085E-06   1.393579862394893E-06  -9.726484237788869E-06   0.000000000000000E+00   0.000000000000000E+00   0.000000000000000E+00   0.000000000000000E+00   0.000000000000000E+00  -1.067319288275748E-05   3.096589929429147E-06   1.486629691614974E-07   7.072384387396663E-06   4.074980728696356E-08  -3.180209198907288E-08  -2.608880190146735E-08  -7.522110086638230E-08   0.000000000000000E+00  -1.245837608960394E-05  -1.659134143951654E-06  -1.262581119137008E-06  -4.099777659369147E-06  -6.539113570633373E-05   0.000000000000000E+00   2.344743033271876E-06
  -6.661157941676498E-05  -7.073630932580288E-05   1.362505782950516E-04   2.539491749031644E-05  -5.086912664718368E-04  -5.057463020472487E-04   7.158784576966996E-04   4.312145268617684E-04  -3.622013471168728E-04  -2.407158781159709E-04   6.626351483396241E-04  -1.049791550080881E-04   3.645610657662106E-06   5.127720782966627E-06  -9.785357126712802E-06  -1.879859567225405E-06  -1.836180351259993E-02  -1.383481061215596E-02   1.627210138755530E-02   1.508040443837721E-02   8.214026519441927E-06  -1.585929037982717E-02  -5.655395094107918E-03   2.113703984358170E-02  -6.940953428362486E-03   2.952903595176926E-06  -1.540414550695156E-06   5.166172634241592E-06  -1.734047975754375E-06  -3.398890643038852E-06   1.375611378505334E-06  -3.149507522669193E-06   5.028651585398631E-09   1.549499580670019E-06  -7.740248548600298E-03  -5.737119042537438E-03   2.300267115023534E-03   1.032717095799808E-02  -1.499696490369388E-01  -6.632106406619491E-02   1.393721973431423E-01   1.985110146602349E-02   6.780412575237074E-03  -1.272813168464274E-05  -1.587997743925194E-06   2.210362163982015E-06  -6.450936772606096E-06   1.433963552501179E-06   0.000000000000000E+00   0.000000000000000E+00   0.000000000000000E+00   0.000000000000000E+00  -2.056359116070789E-02  -9.488390721409936E-03  -7.916975217090000E-03   2.610672711115998E-02   1.967405138283934E-04  -2.965353959232687E-01   0.000000000000000E+00   0.000000000000000E+00   0.000000000000000E+00   0.000000000000000E+00   0.000000000000000E+00   0.000000000000000E+00   0.000000000000000E+00   0.000000000000000E+00   0.000000000000000E+00   0.000000000000000E+00   0.000000000000000E+00   0.000000000000000E+00  -1.693650876670983E-01  -1.444339187090527E-02  -1.189304186049848E-01   1.216141794197114E-01   1.269025261539793E-03   1.878794258521314E-01   0.000000000000000E+00   0.000000000000000E+00   0.000000000000000E+00   0.000000000000000E+00   0.000000000000000E+00   0.000000000000000E+00   0.000000000000000E+00   0.000000000000000E+00   0.000000000000000E+00   2.578592560037213E-02   0.000000000000000E+00   0.000000000000000E+00   0.000000000000000E+00   0.000000000000000E+00   0.000000000000000E+00   0.000000000000000E+00   0.000000000000000E+00   0.000000000000000E+00   0.000000000000000E+00   0.000000000000000E+00   0.000000000000000E+00   0.000000000000000E+00   0.000000000000000E+00   0.000000000000000E+00   0.000000000000000E+00   0.000000000000000E+00   0.000000000000000E+00   0.000000000000000E+00   0.000000000000000E+00   0.000000000000000E+00   0.000000000000000E+00   0.000000000000000E+00   0.000000000000000E+00   0.000000000000000E+00   0.000000000000000E+00   0.000000000000000E+00   0.000000000000000E+00   0.000000000000000E+00   0.000000000000000E+00   0.000000000000000E+00   0.000000000000000E+00   0.000000000000000E+00   0.000000000000000E+00   0.000000000000000E+00   0.000000000000000E+00   0.000000000000000E+00   0.000000000000000E+00   0.000000000000000E+00   0.000000000000000E+00   0.000000000000000E+00   0.000000000000000E+00   0.000000000000000E+00   0.000000000000000E+00   0.000000000000000E+00   0.000000000000000E+00   0.000000000000000E+00   0.000000000000000E+00   0.000000000000000E+00   0.000000000000000E+00   0.000000000000000E+00   0.000000000000000E+00   0.000000000000000E+00   0.000000000000000E+00   0.000000000000000E+00   0.000000000000000E+00   0.000000000000000E+00   0.000000000000000E+00   0.000000000000000E+00   0.000000000000000E+00   0.000000000000000E+00  -9.920266364662495E-07  -3.466492334069977E-07   2.514859450136518E-07  -1.863724079816103E-07  -3.140941462185399E-07  -1.197907013446549E-07   4.033167016004921E-08  -8.947495925736328E-08   0.000000000000000E+00   0.000000000000000E+00   0.000000000000000E+00   0.000000000000000E+00   0.000000000000000E+00   0.000000000000000E+00   0.000000000000000E+00   0.000000000000000E+00   0.000000000000000E+00   2.235381413299357E-06   8.388655385086972E-06  -5.353473861947216E-06   3.538173079595834E-06   3.974419127792722E-08   7.293938626527037E-06  -1.425243610585076E-06   4.666045816601753E-06   0.000000000000000E+00   0.000000000000000E+00   0.000000000000000E+00   0.000000000000000E+00   0.000000000000000E+00   0.000000000000000E+00   0.000000000000000E+00  -1.162232211100342E-05   5.031460269835131E-06   3.291541613987824E-06  -1.145272324593010E-06   1.525423680315237E-06   7.293777607578057E-07   7.784176475545286E-06   6.590219441067644E-07   5.396333350955594E-06   0.000000000000000E+00  -1.508392834838509E-04  -2.989601249303794E-04   5.378852178234668E-05  -9.528489638981962E-05   4.566772446721417E-06   9.394766677176019E-07   2.746901799826942E-07   5.481401673374307E-07   0.000000000000000E+00  -1.684161725155984E-04  -3.253391626094273E-04  -5.927227957149941E-05  -1.201385106449669E-04   6.505728133032679E-04  -1.179283669069836E-05   8.404000739127966E-04
   7.074047282505166E-05   4.695594304857433E-05  -1.314423482230318E-04  -2.449874069986656E-05   5.057137033199831E-04   3.525780745110797E-04  -7.168900037338935E-04  -4.318238388771501E-04   2.407302453173604E-04   5.039917406861655E-05  -4.397776510087099E-04   6.967255858675603E-05  -5.126193291875340E-06   1.098870008261185E-06   1.139516286348089E-06   2.189118460534128E-07   1.383553660336468E-02   4.725544454151380E-03  -1.284330696598541E-02  -1.190271980000156E-02  -2.514470133734778E-05   5.654725534562701E-03  -3.202040984298307E-03  -7.872090903480599E-03   2.585026888781036E-03   1.540702524967896E-06   2.817733464617534E-06  -9.921535792438056E-06   3.330205991031007E-06  -1.375795597574807E-06  -1.720674446442508E-06   4.655805593088638E-06  -7.433677807872348E-09   4.932028892045117E-06   5.737170887847974E-03   1.890219191825483E-03  -1.763076626684027E-03  -7.915425828982576E-03   6.632542120370942E-02  -3.025874972876899E-02  -7.572746216852114E-02  -1.078603598083930E-02  -5.128448917074603E-04  -3.615768806366947E-07  -2.210730151004231E-06  -4.609223289018807E-07   3.764704221112925E-06  -8.368472408453585E-07   0.000000000000000E+00   0.000000000000000E+00   0.000000000000000E+00   0.000000000000000E+00   9.488566170212671E-03  -2.382203435843987E-03   3.835552267108576E-03  -1.264797648246273E-02  -1.792223759946430E-04   0.000000000000000E+00  -1.413245196128984E-01   0.000000000000000E+00   0.000000000000000E+00   0.000000000000000E+00   0.000000000000000E+00   0.000000000000000E+00   0.000000000000000E+00   0.000000000000000E+00   0.000000000000000E+00   0.000000000000000E+00   0.000000000000000E+00   0.000000000000000E+00   1.444385127425481E-02  -7.627411437257987E-02   1.284780994920127E-02  -1.313773114262819E-02  -5.256320038901358E-04   7.986957437692122E-02   0.000000000000000E+00   0.000000000000000E+00   0.000000000000000E+00   0.000000000000000E+00   0.000000000000000E+00   0.000000000000000E+00   0.000000000000000E+00   0.000000000000000E+00   0.000000000000000E+00   4.812889219983281E-03   0.000000000000000E+00   0.000000000000000E+00   0.000000000000000E+00   0.000000000000000E+00   0.000000000000000E+00   0.000000000000000E+00   0.000000000000000E+00   0.000000000000000E+00   0.000000000000000E+00   0.000000000000000E+00   0.000000000000000E+00   0.000000000000000E+00   0.000000000000000E+00   0.000000000000000E+00   0.000000000000000E+00   0.000000000000000E+00   0.000000000000000E+00   0.000000000000000E+00   0.000000000000000E+00   0.000000000000000E+00   0.000000000000000E+00   0.000000000000000E+00   0.000000000000000E+00   0.000000000000000E+00   0.000000000000000E+00   0.000000000000000E+00   0.000000000000000E+00   0.000000000000000E+00   0.000000000000000E+00   0.000000000000000E+00   0.000000000000000E+00   0.000000000000000E+00   0.000000000000000E+00   0.000000000000000E+00   0.000000000000000E+00   0.000000000000000E+00   0.000000000000000E+00   0.000000000000000E+00   0.000000000000000E+00   0.000000000000000E+00   0.000000000000000E+00   0.000000000000000E+00   0.000000000000000E+00   0.000000000000000E+00   0.000000000000000E+00   0.000000000000000E+00   0.000000000000000E+00   0.000000000000000E+00   0.000000000000000E+00   0.000000000000000E+00   0.000000000000000E+00   0.000000000000000E+00   0.000000000000000E+00   0.000000000000000E+00   0.000000000000000E+00   0.000000000000000E+00   0.000000000000000E+00   0.000000000000000E+00   0.000000000000000E+00   0.000000000000000E+00   3.466946389140661E-07  -1.012656797331128E-06   6.747088323493191E-07  -5.000164512755457E-07   1.198058704634675E-07  -3.407782192674584E-07   1.056720366556360E-07  -2.344311836550556E-07   0.000000000000000E+00   0.000000000000000E+00   0.000000000000000E+00   0.000000000000000E+00   0.000000000000000E+00   0.000000000000000E+00   0.000000000000000E+00   0.000000000000000E+00   0.000000000000000E+00  -8.389688689130726E-06  -2.642666794115000E-06   2.639550069225494E-06  -1.744509310779006E-06  -7.294778303138044E-06  -6.220902428932072E-06   1.436752921456575E-06  -4.703725671080722E-06   0.000000000000000E+00   0.000000000000000E+00   0.000000000000000E+00   0.000000000000000E+00   0.000000000000000E+00   0.000000000000000E+00   0.000000000000000E+00   6.187818335678455E-06  -3.292428325180177E-06   1.581203598986008E-05  -5.158373774106167E-06   6.870597794052948E-06  -7.785079751100213E-06  -5.222966083058110E-06  -5.490478593970524E-07  -4.495821878816068E-06   0.000000000000000E+00   2.989715254951108E-04   5.259108154208065E-04  -1.028714793152284E-04   1.822340143066740E-04  -9.401819019259058E-07   1.856446311856883E-05   5.231846242863583E-06   1.044007133865370E-05   0.000000000000000E+00   3.253513345018224E-04   5.588694252657628E-04   1.111200279807402E-04   2.252282983030792E-04  -1.119648386948796E-03   5.970819199176708E-06  -1.371860588658775E-03
  -1.362585979272006E-04  -1.314423482230318E-04   2.318969814988913E-04   4.718888530758735E-05  -7.158323145484387E-04  -7.168900037338935E-04   8.608672453088260E-04   6.112420051727081E-04  -6.626746979227195E-04  -4.397776510087099E-04   1.101247053415708E-03  -1.917924424249815E-04   9.782442177465609E-06   1.139516286348089E-06  -4.785681828008081E-07  -4.177549214489981E-07  -1.627295527727493E-02  -1.284330696598541E-02   8.911875425621888E-03   1.399963243465786E-02   2.940277419419217E-05  -2.113453736470101E-02  -7.872090903480599E-03   2.411365472300213E-02  -9.661538307345030E-03  -5.167138429330017E-06  -9.921535792438056E-06   3.313379467143812E-05  -1.116869419955025E-05   3.149929298291429E-06   4.655805593088638E-06  -1.034677692071083E-05   1.701964998459934E-08  -8.165198808934214E-06  -2.300287902122774E-03  -1.763076626684027E-03  -1.800191602902684E-03   3.173647539961726E-03  -1.393813537678480E-01  -7.572746216852114E-02   9.284542811190186E-02   2.266660760706967E-02   8.074905027029816E-03   1.751919097064751E-06   6.452010741864230E-06   3.764704221112925E-06  -1.015825678563861E-05   2.442336702550975E-06   0.000000000000000E+00   0.000000000000000E+00   0.000000000000000E+00   0.000000000000000E+00   7.917121609019242E-03   3.835552267108576E-03  -3.778733379224884E-03  -1.055328762253112E-02   7.764807622792751E-05   0.000000000000000E+00   0.000000000000000E+00  -1.413245196128984E-01   0.000000000000000E+00   0.000000000000000E+00   0.000000000000000E+00   0.000000000000000E+00   0.000000000000000E+00   0.000000000000000E+00   0.000000000000000E+00   0.000000000000000E+00   0.000000000000000E+00   0.000000000000000E+00   1.189342014444423E-01   1.284780994920127E-02   2.795760263970019E-02  -1.081792890671314E-01  -9.555229688688936E-04  -3.138428554694812E-02   0.000000000000000E+00   0.000000000000000E+00   0.000000000000000E+00   0.000000000000000E+00   0.000000000000000E+00   0.000000000000000E+00   0.000000000000000E+00   0.000000000000000E+00   0.000000000000000E+00  -2.942411785319559E-02   0.000000000000000E+00   0.000000000000000E+00   0.000000000000000E+00   0.000000000000000E+00   0.000000000000000E+00   0.000000000000000E+00   0.000000000000000E+00   0.000000000000000E+00   0.000000000000000E+00   0.000000000000000E+00   0.000000000000000E+00   0.000000000000000E+00   0.000000000000000E+00   0.000000000000000E+00   0.000000000000000E+00   0.000000000000000E+00   0.000000000000000E+00   0.000000000000000E+00   0.000000000000000E+00   0.000000000000000E+00   0.000000000000000E+00   0.000000000000000E+00   0.000000000000000E+00   0.000000000000000E+00   0.000000000000000E+00   0.000000000000000E+00   0.000000000000000E+00   0.000000000000000E+00   0.000000000000000E+00   0.000000000000000E+00   0.000000000000000E+00   0.000000000000000E+00   0.000000000000000E+00   0.000000000000000E+00   0.000000000000000E+00   0.000000000000000E+00   0.000000000000000E+00   0.000000000000000E+00   0.000000000000000E+00   0.000000000000000E+00   0.000000000000000E+00   0.000000000000000E+00   0.000000000000000E+00   0.000000000000000E+00   0.000000000000000E+00   0.000000000000000E+00   0.000000000000000E+00   0.000000000000000E+00   0.000000000000000E+00   0.000000000000000E+00   0.000000000000000E+00   0.000000000000000E+00   0.000000000000000E+00   0.000000000000000E+00   0.000000000000000E+00   0.000000000000000E+00   0.000000000000000E+00   0.000000000000000E+00   0.000000000000000E+00   0.000000000000000E+00  -2.515188856514881E-07   6.747088323493191E-07  -5.721209848830765E-07   3.627502894944085E-07  -4.033677736695010E-08   1.056720366556360E-07  -6.249562549354378E-08   7.892934149539906E-08   0.000000000000000E+00   0.000000000000000E+00   0.000000000000000E+00   0.000000000000000E+00   0.000000000000000E+00   0.000000000000000E+00   0.000000000000000E+00   0.000000000000000E+00   0.000000000000000E+00   5.354133296139676E-06   2.639550069225494E-06  -1.911178792066667E-07   1.113311319687993E-06   1.425407684316166E-06   1.436752921456575E-06   8.511940534738966E-07   9.191131570906628E-07   0.000000000000000E+00   0.000000000000000E+00   0.000000000000000E+00   0.000000000000000E+00   0.000000000000000E+00   0.000000000000000E+00   0.000000000000000E+00  -5.138078429687790E-06   1.145580850477718E-06  -5.158373774106167E-06   2.781564826291576E-06  -2.390583632149618E-06  -6.590984169891742E-07  -5.490478593970524E-07   1.215744983137728E-06  -3.806241140913423E-07   0.000000000000000E+00  -5.379057295731367E-05  -1.028714793152284E-04  -2.734709586580419E-05  -3.278730984709644E-05  -2.748963808584218E-07   5.231846242863583E-06   2.200579068814069E-06   3.052534643584126E-06   0.000000000000000E+00   5.927449712134236E-05   1.111200279807402E-04  -3.081192086482532E-05   4.103346967933192E-05   3.757872814914263E-04   3.325552920376457E-06  -5.589760145626661E-04
  -2.539641222082897E-05  -2.449874069986656E-05   4.718888530758735E-05  -1.248885971790508E-05  -4.311867322052436E-04  -4.318238388771501E-04   6.112420051727081E-04   2.143031547391458E-04   1.049854207213161E-04   6.967255858675603E-05  -1.917924424249815E-04  -7.897406414616431E-05   1.879299577931263E-06   2.189118460534128E-07  -4.177549214489981E-07   1.615744425076028E-06  -1.508119579297925E-02  -1.190271980000156E-02   1.399963243465786E-02   6.780312845690745E-03   2.666173292053843E-05   6.940131667628966E-03   2.585026888781036E-03  -9.661538307345030E-03  -2.135642693501195E-03   1.734372149013119E-06   3.330205991031007E-06  -1.116869419955025E-05   3.608216818109821E-06  -5.029325012160171E-09  -7.433677807872348E-09   1.701964998459934E-08   3.128160335687476E-07  -3.052323424717660E-06  -1.032726428278031E-02  -7.915425828982576E-03   3.173647539961726E-03   1.174117087879135E-02  -1.985240563657804E-02  -1.078603598083930E-02   2.266660760706967E-02  -6.306564256474069E-02  -6.273026134226643E-03  -1.000146997444420E-06  -1.434202282599916E-06  -8.368472408453585E-07   2.442336702550975E-06   2.861223445170004E-07   0.000000000000000E+00   0.000000000000000E+00   0.000000000000000E+00   0.000000000000000E+00  -2.610720984781675E-02  -1.264797648246273E-02  -1.055328762253112E-02   2.782107180343079E-02   3.343426401188137E-04   0.000000000000000E+00   0.000000000000000E+00   0.000000000000000E+00  -1.413245196128984E-01   0.000000000000000E+00   0.000000000000000E+00   0.000000000000000E+00   0.000000000000000E+00   0.000000000000000E+00   0.000000000000000E+00   0.000000000000000E+00   0.000000000000000E+00   0.000000000000000E+00  -1.216180476219922E-01  -1.313773114262819E-02  -1.081792890671314E-01   3.278603750839624E-02   1.941073416089207E-03  -1.374517244696350E-01   0.000000000000000E+00   0.000000000000000E+00   0.000000000000000E+00   0.000000000000000E+00   0.000000000000000E+00   0.000000000000000E+00   0.000000000000000E+00   0.000000000000000E+00   0.000000000000000E+00   1.363858423722467E-02   0.000000000000000E+00   0.000000000000000E+00   0.000000000000000E+00   0.000000000000000E+00   0.000000000000000E+00   0.000000000000000E+00   0.000000000000000E+00   0.000000000000000E+00   0.000000000000000E+00   0.000000000000000E+00   0.000000000000000E+00   0.000000000000000E+00   0.000000000000000E+00   0.000000000000000E+00   0.000000000000000E+00   0.000000000000000E+00   0.000000000000000E+00   0.000000000000000E+00   0.000000000000000E+00   0.000000000000000E+00   0.000000000000000E+00   0.000000000000000E+00   0.000000000000000E+00   0.000000000000000E+00   0.000000000000000E+00   0.000000000000000E+00   0.000000000000000E+00   0.000000000000000E+00   0.000000000000000E+00   0.000000000000000E+00   0.000000000000000E+00   0.000000000000000E+00   0.000000000000000E+00   0.000000000000000E+00   0.000000000000000E+00   0.000000000000000E+00   0.000000000000000E+00   0.000000000000000E+00   0.000000000000000E+00   0.000000000000000E+00   0.000000000000000E+00   0.000000000000000E+00   0.000000000000000E+00   0.000000000000000E+00   0.000000000000000E+00   0.000000000000000E+00   0.000000000000000E+00   0.000000000000000E+00   0.000000000000000E+00   0.000000000000000E+00   0.000000000000000E+00   0.000000000000000E+00   0.000000000000000E+00   0.000000000000000E+00   0.000000000000000E+00   0.000000000000000E+00   0.000000000000000E+00   0.000000000000000E+00   0.000000000000000E+00   0.000000000000000E+00   1.863968197871833E-07  -5.000164512755457E-07   3.627502894944085E-07  -3.514641626942438E-07   8.948628948811152E-08  -2.344311836550556E-07   7.892934149539906E-08  -2.020205693417967E-07   0.000000000000000E+00   0.000000000000000E+00   0.000000000000000E+00   0.000000000000000E+00   0.000000000000000E+00   0.000000000000000E+00   0.000000000000000E+00   0.000000000000000E+00   0.000000000000000E+00  -3.538608907315871E-06  -1.744509310779006E-06   1.113311319687993E-06   7.575903531693111E-07  -4.666582970770261E-06  -4.703725671080722E-06   9.191131570906628E-07  -1.877109211420498E-06   0.000000000000000E+00   0.000000000000000E+00   0.000000000000000E+00   0.000000000000000E+00   0.000000000000000E+00   0.000000000000000E+00   0.000000000000000E+00   1.620052771323178E-06  -1.525834615496694E-06   6.870597794052948E-06  -2.390583632149618E-06   4.170831737014195E-06  -5.396959541281245E-06  -4.495821878816068E-06  -3.806241140913423E-07  -1.854473045960763E-06   0.000000000000000E+00   9.528852999021855E-05   1.822340143066740E-04  -3.278730984709644E-05   1.222622304666973E-05  -5.485516381171052E-07   1.044007133865370E-05   3.052534643584126E-06   6.762145962116148E-06   0.000000000000000E+00   1.201430053790541E-04   2.252282983030792E-04   4.103346967933192E-05   3.211396480035085E-05  -1.463667520052173E-04   3.930215985192403E-06  -3.133841013491523E-04
  -8.142160657991720E-05   4.128855687286710E-06  -1.321890991131195E-04   1.294461151097557E-04   3.938216622267995E-06  -2.408870620013393E-07   8.056671849183084E-06  -7.745152265327155E-06  -4.822524222535799E-04   1.882138105843623E-04  -8.060833619551145E-04   4.242944748720326E-04  -4.660276745814689E-04  -1.323176457489989E-04  -4.413436973213065E-04   7.742130449506720E-04  -3.171822712432716E-06  -4.567194203288103E-07   3.225527230904083E-06  -2.260785345787828E-06   1.011739161704641E-06   1.336335797090527E-06   3.075894092264422E-06  -9.643434860752424E-06   3.246907863871265E-06  -1.905782134234264E-02   7.597268704609662E-03  -2.466804321545383E-02   8.144689687751044E-03  -1.808654593917150E-02  -5.819907246408406E-03  -8.701005549704028E-03   2.362512265397065E-02   5.244005855980523E-06   0.000000000000000E+00   0.000000000000000E+00   0.000000000000000E+00   0.000000000000000E+00  -1.143304380404267E-06  -1.772292351935491E-06   6.797300110093965E-06  -3.023816794784627E-06  -1.181041593376347E-05   7.993643123156997E-03  -1.576650523907816E-01   7.438047441894029E-03  -1.159891958750134E-01   1.131600400254109E-01  -8.758374602332940E-03  -5.940954864266650E-03   1.919870519370281E-03   1.194784965109665E-02   0.000000000000000E+00   0.000000000000000E+00   0.000000000000000E+00   0.000000000000000E+00   0.000000000000000E+00   0.000000000000000E+00   0.000000000000000E+00   0.000000000000000E+00   0.000000000000000E+00  -3.003345538290629E-01   0.000000000000000E+00   0.000000000000000E+00   0.000000000000000E+00  -2.036547410664108E-02  -1.517680334765794E-02   1.662520565229491E-02   1.778347222440577E-02   2.478421385238678E-04   0.000000000000000E+00   0.000000000000000E+00   0.000000000000000E+00   0.000000000000000E+00   0.000000000000000E+00   0.000000000000000E+00   1.942706294482857E-01  -1.605194195045953E-01  -7.230568230963202E-02   1.444272419212045E-01   3.005714887390082E-02  -5.138296201688274E-04  -5.173304306736971E-04   7.042471209370181E-04   4.568166975926744E-04   0.000000000000000E+00  -1.723895758175161E-02  -5.574795963591147E-03   2.329872026109821E-02  -6.119909539098184E-03  -8.766172161378305E-05  -9.121729029522988E-05   1.704883101402548E-04   3.792484928844633E-05   8.138172670079927E-06  -4.996536719989060E-04  -3.026288245724078E-04   9.076055248547941E-04  -8.765038497584275E-05   7.260217158914087E-03  -1.321351454763999E-05   5.619108725312297E-06   4.824383604093602E-06   2.141506122372550E-06   6.260464942927735E-07   1.264902698901161E-06   6.404231127345010E-07   7.577988187114634E-06   6.296016946491078E-07   5.461288865467813E-06  -9.879589202535474E-05  -2.030290266276206E-04  -3.657362122885774E-05  -7.040453786485534E-05   3.812330771947157E-06   7.882738728539625E-06   4.993713107722867E-06   5.108020326520398E-06  -4.329551851077746E-07   6.678661269549783E-06  -1.296956724010855E-06   4.519421869833471E-06   0.000000000000000E+00  -6.074396685289173E-05  -1.351198080874009E-04   2.285456407409217E-05  -4.095756411650456E-05  -4.290207039039106E-04  -7.496250844734933E-04  -3.497015134334624E-04  -9.338876287701728E-05   5.199397529181953E-06   5.436076989288843E-06   5.216436814289163E-06   2.617592887660557E-06   1.370832881964646E-06   0.000000000000000E+00   0.000000000000000E+00   0.000000000000000E+00   0.000000000000000E+00   5.217503727036362E-06   5.326736512347615E-06  -1.816506916400067E-06   2.578748054493935E-06   1.826322257740367E-04   1.196546478126223E-03  -3.898574279076859E-05  -7.265722840945756E-05  -6.639875344239425E-05  -1.287204783640762E-05  -2.134897329341471E-06   3.142777673073535E-06   4.407776459059614E-06   1.685977847659626E-06   0.000000000000000E+00   0.000000000000000E+00   0.000000000000000E+00   0.000000000000000E+00   0.000000000000000E+00   1.635607587299910E-06   8.088553761973660E-06  -5.089132607807125E-06   3.537483153016659E-06  -1.335968765585457E-05  -2.528685931265158E-05  -3.761076003675139E-05   3.092151968830765E-06  -3.813365216910268E-06   9.032828139322323E-07   1.750737492410288E-06   2.890020692539875E-07   0.000000000000000E+00  -1.147161298379844E-06  -3.932431219910933E-07   2.822727063767971E-07  -2.254479501160928E-07   0.000000000000000E+00  -9.551769933177368E-06   9.271336832859622E-05   2.695488301268793E-06   4.602296813585873E-06   9.768246361060298E-06  -3.334673903415317E-07   0.000000000000000E+00   0.000000000000000E+00   0.000000000000000E+00   0.000000000000000E+00   0.000000000000000E+00  -2.938607036311809E-06   1.157847034429759E-06   3.973776562246660E-06  -6.824605380481209E-07   0.000000000000000E+00   0.000000000000000E+00   0.000000000000000E+00   0.000000000000000E+00   0.000000000000000E+00   0.000000000000000E+00   0.000000000000000E+00   0.000000000000000E+00   0.000000000000000E+00  -1.933781895848298E-06   0.000000000000000E+00   0.000000000000000E+00
  -4.129442682257246E-06  -2.544729099884412E-05  -6.188614831383351E-06   6.060198255437565E-06   2.409009787724866E-07   1.718700976549336E-06   2.724782451179624E-08  -2.619425908033898E-08  -1.882403677512999E-04  -7.201474125689895E-05  -3.164793598299761E-04   1.665838176602558E-04   1.323166097577273E-04  -1.031880115584794E-04   1.259524706072759E-04  -2.209480873518105E-04   4.568516576468865E-07   2.159971942165487E-07   1.203769001909624E-06  -8.437266606080150E-07   6.848049305673993E-07  -3.075894081259323E-06   3.366860342965009E-06  -1.300127173677937E-05   4.377478777222996E-06  -7.596986750686580E-03  -3.274846311049821E-03  -1.031234245834451E-02   3.404843608528216E-03   5.821076778856439E-03  -4.141437063388847E-03   2.933595137619704E-03  -7.965348895302671E-03  -9.618368582847300E-06   0.000000000000000E+00   0.000000000000000E+00   0.000000000000000E+00   0.000000000000000E+00   1.772892829121333E-06   2.625412513930260E-07   2.585465041546579E-06  -1.150158517107023E-06   2.289410806325650E-06   5.072731151306370E-03  -7.439786272411875E-03  -7.034548481789672E-02  -6.791662433526508E-03   6.626003284349868E-03   5.941110408375036E-03   1.320212385795512E-03  -1.348986490999326E-03  -8.395091029944526E-03   0.000000000000000E+00   0.000000000000000E+00   0.000000000000000E+00   0.000000000000000E+00   0.000000000000000E+00   0.000000000000000E+00   0.000000000000000E+00   0.000000000000000E+00   0.000000000000000E+00   0.000000000000000E+00  -1.452479002078433E-01   0.000000000000000E+00   0.000000000000000E+00   1.517945647370865E-02   4.962122459763453E-03  -1.301277588005668E-02  -1.391936696996357E-02  -2.123571946969844E-04   0.000000000000000E+00   0.000000000000000E+00   0.000000000000000E+00   0.000000000000000E+00   0.000000000000000E+00   0.000000000000000E+00   7.490951782818173E-02   7.232035762052154E-02  -3.184333725623632E-02  -8.114955870404103E-02  -1.688825691450532E-02   5.173734525049950E-04   3.693316692835389E-04  -7.144184695970458E-04  -4.634144411500146E-04   0.000000000000000E+00   5.575452183811295E-03  -3.910263535911511E-03  -7.883644447407844E-03   2.070808624502345E-03   9.122642820140115E-05   6.082000530563763E-05  -1.649043402869498E-04  -3.668270421149880E-05  -2.525465865475566E-05   3.026591237731287E-04   3.343475094059866E-05  -5.535495693233686E-04   5.345806247947603E-05  -9.858778653801339E-05   1.865357766741899E-06  -1.046202989326325E-05  -2.144000617093793E-06   1.645201273291224E-05   4.564200570407680E-06   9.221790509915386E-06  -7.580795931643591E-06  -5.122839359923305E-06  -5.285752839171255E-07  -4.584965919170395E-06   2.030540876532403E-04   3.618705029256497E-04   7.068441306393022E-05   1.360681078002724E-04  -7.886040287702636E-06   9.320713446012316E-07  -4.370847975544009E-07  -4.470897671049861E-07  -6.681058759524326E-06  -6.410931465258860E-06   1.444868950929939E-06  -5.034842115380754E-06   0.000000000000000E+00   1.351370226346033E-04   2.525957934571834E-04  -4.600737233895712E-05   8.244961034023074E-05   7.497146518545943E-04   1.185771398883286E-03   6.135319391950458E-04   1.638454126903989E-04  -5.438904699583395E-06   5.984874062227239E-06   4.355316813763405E-06   2.185485365026712E-06   2.390552412536048E-06   0.000000000000000E+00   0.000000000000000E+00   0.000000000000000E+00   0.000000000000000E+00  -5.329992323656352E-06   1.176599854680094E-05  -3.585505871716037E-06   5.090052896351289E-06  -3.452242338135992E-04  -1.944973353396178E-03   7.266669384686227E-05   1.041119558830146E-04   1.071024681240306E-04   2.076286107217214E-05  -3.143804941783017E-06  -3.161524080626902E-06  -5.328374001304903E-06  -2.038107107673548E-06   0.000000000000000E+00   0.000000000000000E+00   0.000000000000000E+00   0.000000000000000E+00   0.000000000000000E+00  -8.091657821640514E-06  -3.569740317399472E-06   3.130330032476583E-06  -2.175909060864401E-06   2.529001453095596E-05   2.987413454638443E-05   5.262422595366779E-05  -4.326477415819962E-06  -9.035088763648645E-07  -2.274076968850712E-06  -4.647353378865081E-06  -7.671594107449226E-07   0.000000000000000E+00   3.934070668583347E-07  -1.157441243464421E-06   7.628078714035508E-07  -6.092458358718840E-07   0.000000000000000E+00   8.306840205697831E-06  -1.002089304657934E-04  -4.604109911309496E-06   5.727360631984402E-07  -2.094815875531385E-06   7.151260906401188E-08   0.000000000000000E+00   0.000000000000000E+00   0.000000000000000E+00   0.000000000000000E+00   0.000000000000000E+00  -1.158202820379538E-06  -5.275189856939318E-07  -3.262566805489107E-06   5.603166314497545E-07   0.000000000000000E+00   0.000000000000000E+00   0.000000000000000E+00   0.000000000000000E+00   0.000000000000000E+00   0.000000000000000E+00   0.000000000000000E+00   0.000000000000000E+00   0.000000000000000E+00   2.482488400376101E-06   0.000000000000000E+00   0.000000000000000E+00
   1.322078922951089E-04  -6.188614831383351E-06   1.724935869072130E-04  -1.940228015960593E-04  -8.057137307383297E-06   2.724782451179624E-08   8.081890883782841E-07   8.760891846553472E-07   8.061971011666135E-04  -3.164793598299761E-04   1.209509851684132E-03  -7.134462841487863E-04   4.413402417865921E-04   1.259524706072759E-04   2.791633798779252E-04  -7.369693228437514E-04  -3.226461141422032E-06   1.203769001909624E-06  -8.115031906132487E-06   5.958720383012464E-06   6.567459925490698E-06   9.643434826249628E-06  -1.300127173677937E-05   3.998107160111154E-05  -1.372411733831802E-05   2.466712772176395E-02  -1.031234245834451E-02   2.703294114469157E-02  -1.105539800455842E-02   8.702754049790037E-03   2.933595137619704E-03  -1.717805151265291E-03  -1.190853084233052E-02  -1.506051498780621E-05   0.000000000000000E+00   0.000000000000000E+00   0.000000000000000E+00   0.000000000000000E+00  -6.799603129478424E-06   2.585465041546579E-06  -8.979411995478743E-06   4.411220646762484E-06  -5.558147576903541E-06  -1.067769541326528E-02   1.160163112645163E-01  -6.791662433526508E-03   3.512842912898635E-02  -1.033261482695298E-01  -1.919920784782992E-03  -1.348986490999326E-03  -2.418230412014136E-03   2.712945670192349E-03   0.000000000000000E+00   0.000000000000000E+00   0.000000000000000E+00   0.000000000000000E+00   0.000000000000000E+00   0.000000000000000E+00   0.000000000000000E+00   0.000000000000000E+00   0.000000000000000E+00   0.000000000000000E+00   0.000000000000000E+00  -1.452479002078433E-01   0.000000000000000E+00  -1.662811198014302E-02  -1.301277588005668E-02   7.337684518196039E-03   1.524776549609287E-02   6.782009940876442E-05   0.000000000000000E+00   0.000000000000000E+00   0.000000000000000E+00   0.000000000000000E+00   0.000000000000000E+00   0.000000000000000E+00  -3.425869521099277E-02  -1.444565551730598E-01  -8.114955870404103E-02   8.962263097262223E-02   3.373350875210250E-02  -7.043056869888728E-04  -7.144184695970458E-04   8.170745546852049E-04   6.308507418663398E-04   0.000000000000000E+00  -2.330146279937921E-02  -7.883644447407844E-03   2.715145982008792E-02  -8.654521380091916E-03  -1.705053892069133E-04  -1.649043402869498E-04   2.808023240675917E-04   6.856125885949811E-05   2.882553497264341E-05  -9.076963943283539E-04  -5.535495693233686E-04   1.508995924850962E-03  -1.603245590467423E-04   8.908759958999606E-03  -3.420193238818746E-06   4.033479801270113E-05  -6.267757332423853E-07   4.564200570407680E-06   2.173628316164040E-06   2.695892185187291E-06  -6.298349703774310E-07  -5.285752839171255E-07   1.195262950543233E-06  -3.809325432212392E-07   3.657813571860261E-05   7.068441306393022E-05  -1.778270751498946E-05   2.451129042322627E-05  -4.995804644666564E-06  -4.370847975544009E-07   1.345130813198064E-06  -2.832312610130816E-07   1.297422302458053E-06   1.444868950929939E-06   7.488167853657261E-07   9.777367158368108E-07   0.000000000000000E+00  -2.285747579353295E-05  -4.600737233895712E-05  -1.162526661796660E-05  -1.394577100927987E-05   3.497432967853993E-04   6.135319391950458E-04   1.568095065711940E-04   7.643419353716776E-05  -5.219150273298245E-06   4.355316813763405E-06   5.625518734102535E-06   2.097182644336860E-06   1.619697603931828E-06   0.000000000000000E+00   0.000000000000000E+00   0.000000000000000E+00   0.000000000000000E+00   1.817617202922988E-06  -3.585505871716037E-06   2.474556096252734E-06  -1.735793814774092E-06   1.035526127253838E-04  -7.312391521235934E-04   6.640740355551057E-05   1.071024681240306E-04   8.479143098395383E-05   1.897441071273223E-05  -4.409217213483186E-06  -5.328374001304903E-06  -6.835450165284472E-06  -2.858465174680955E-06   0.000000000000000E+00   0.000000000000000E+00   0.000000000000000E+00   0.000000000000000E+00   0.000000000000000E+00   5.091085610993113E-06   3.130330032476583E-06  -5.639955400660882E-07   1.369032101304349E-06   3.761545299434817E-05   5.262422595366779E-05   7.276463541756744E-05  -6.435046040273395E-06  -1.751175645301420E-06  -4.647353378865081E-06  -8.883775325527133E-06  -1.486903904658241E-06   0.000000000000000E+00  -2.823903871670891E-07   7.628078714035508E-07  -6.422981452902039E-07   4.373209887806905E-07   0.000000000000000E+00  -6.458489497131909E-06  -1.609649616133523E-04  -9.772094610305925E-06  -2.094815875531385E-06  -2.886482258533167E-06   1.517835140917792E-07   0.000000000000000E+00   0.000000000000000E+00   0.000000000000000E+00   0.000000000000000E+00   0.000000000000000E+00  -3.974997633619962E-06  -3.262566805489107E-06  -1.077415612520663E-05   1.923028717337108E-06   0.000000000000000E+00   0.000000000000000E+00   0.000000000000000E+00   0.000000000000000E+00   0.000000000000000E+00   0.000000000000000E+00   0.000000000000000E+00   0.000000000000000E+00   0.000000000000000E+00   1.092093913951655E-05   0.000000000000000E+00   0.000000000000000E+00
  -1.294645183246607E-04   6.060198255437565E-06  -1.940228015960593E-04   1.643561510407094E-04   7.745599726102683E-06  -2.619425908033898E-08   8.760891846553472E-07   8.773013748692995E-07  -4.243543432693882E-04   1.665838176602558E-04  -7.134462841487863E-04   2.296234535914300E-04  -7.742069831895787E-04  -2.209480873518105E-04  -7.369693228437514E-04   1.151855466911810E-03   2.261439927523498E-06  -8.437266606080150E-07   5.958720383012464E-06  -3.790046505243421E-06  -8.161084520768294E-06  -3.246907852254305E-06   4.377478777222996E-06  -1.372411733831802E-05   3.840800349755918E-06  -8.144387417645952E-03   3.404843608528216E-03  -1.105539800455842E-02  -2.800664010104926E-03  -2.362987021202660E-02  -7.965348895302671E-03  -1.190853084233052E-02   2.623059852141536E-02   3.813349924724024E-05   0.000000000000000E+00   0.000000000000000E+00   0.000000000000000E+00   0.000000000000000E+00   3.024841305778794E-06  -1.150158517107023E-06   4.411220646762484E-06  -1.025694226815173E-06   7.117753654615929E-07  -1.062175257498149E-03  -1.131864940286333E-01   6.626003284349868E-03  -1.033261482695298E-01   3.002484949329700E-02  -1.194816246573059E-02  -8.395091029944526E-03   2.712945670192349E-03   1.402919399541075E-02   0.000000000000000E+00   0.000000000000000E+00   0.000000000000000E+00   0.000000000000000E+00   0.000000000000000E+00   0.000000000000000E+00   0.000000000000000E+00   0.000000000000000E+00   0.000000000000000E+00   0.000000000000000E+00   0.000000000000000E+00   0.000000000000000E+00  -1.452479002078433E-01  -1.778658103410370E-02  -1.391936696996357E-02   1.524776549609287E-02   9.393097642021413E-03   4.254637762423126E-04   0.000000000000000E+00   0.000000000000000E+00   0.000000000000000E+00   0.000000000000000E+00   0.000000000000000E+00   0.000000000000000E+00  -1.451177877199122E-01  -3.006324933502762E-02  -1.688825691450532E-02   3.373350875210250E-02  -6.544947036558596E-02  -4.568546870279223E-04  -4.634144411500146E-04   6.308507418663398E-04   2.537369304988087E-04   0.000000000000000E+00   6.120629925711660E-03   2.070808624502345E-03  -8.654521380091916E-03  -3.523324742470165E-03  -3.792864849924547E-05  -3.668270421149880E-05   6.856125885949811E-05  -1.215832182652698E-05   2.745644887181698E-05   8.765916053319884E-05   5.345806247947603E-05  -1.603245590467423E-04  -1.356558307963486E-04  -6.242736896855711E-03  -7.374274412303085E-07  -9.955215722961950E-06  -1.266376097960044E-06   9.221790509915386E-06   2.695892185187291E-06   6.286278682338485E-06  -5.463312344992253E-06  -4.584965919170395E-06  -3.809325432212392E-07  -2.065105212925517E-06   7.041322829674322E-05   1.360681078002724E-04   2.451129042322627E-05   1.666865844889397E-05  -5.110159739216243E-06  -4.470897671049861E-07  -2.832312610130816E-07   1.332309439954801E-06  -4.521044241172029E-06  -5.034842115380754E-06   9.777367158368108E-07  -2.377654557235377E-06   0.000000000000000E+00   4.096278219615370E-05   8.244961034023074E-05  -1.394577100927987E-05   5.585065425913349E-06   9.339992123749428E-05   1.638454126903989E-04   7.643419353716776E-05  -1.089923341209306E-04  -2.618954493533684E-06   2.185485365026712E-06   2.097182644336860E-06   2.498535056144799E-06   1.926211367620378E-06   0.000000000000000E+00   0.000000000000000E+00   0.000000000000000E+00   0.000000000000000E+00  -2.580324238534340E-06   5.090052896351289E-06  -1.735793814774092E-06   3.716004358925939E-06  -2.454948787301337E-05   3.416630030453027E-04   1.287372474544658E-05   2.076286107217214E-05   1.897441071273223E-05  -9.407177783881082E-06  -1.686528937322321E-06  -2.038107107673548E-06  -2.858465174680955E-06  -4.557185587170044E-07   0.000000000000000E+00   0.000000000000000E+00   0.000000000000000E+00   0.000000000000000E+00   0.000000000000000E+00  -3.538840695922423E-06  -2.175909060864401E-06   1.369032101304349E-06   4.539148600449677E-07  -3.092537798259852E-06  -4.326477415819962E-06  -6.435046040273395E-06  -4.977680640646732E-06  -2.890743971116680E-07  -7.671594107449226E-07  -1.486903904658241E-06  -1.217519352541968E-07   0.000000000000000E+00   2.255419404039953E-07  -6.092458358718840E-07   4.373209887806905E-07  -4.440324589184835E-07   0.000000000000000E+00   2.078891248422903E-06   5.679423293206314E-05   3.335987614787748E-07   7.151260906401188E-08   1.517835140917792E-07   1.554524321006586E-06   0.000000000000000E+00   0.000000000000000E+00   0.000000000000000E+00   0.000000000000000E+00   0.000000000000000E+00   6.826702461213771E-07   5.603166314497545E-07   1.923028717337108E-06   9.283851267908319E-08   0.000000000000000E+00   0.000000000000000E+00   0.000000000000000E+00   0.000000000000000E+00   0.000000000000000E+00   0.000000000000000E+00   0.000000000000000E+00   0.000000000000000E+00   0.000000000000000E+00  -3.526033064744799E-06   0.000000000000000E+00   0.000000000000000E+00
  -4.577500914784045E-07   4.415402177979897E-06  -1.424031830726823E-05   4.717224735275520E-06  -6.174348468406600E-07  -1.905309603705215E-06   7.434137454123124E-06  -3.275422319182547E-06   4.163889265538585E-06   6.337504110688265E-07  -1.444370848964256E-06   6.371726213257790E-08  -4.794064453504225E-04   1.805493926652017E-04  -8.010585304067458E-04   4.255520378570498E-04   0.000000000000000E+00   0.000000000000000E+00   0.000000000000000E+00   0.000000000000000E+00   2.136755562177170E-06  -3.162666720555190E-06  -1.660728057500938E-06   3.604327914288631E-06  -3.344904004992291E-09  -9.564892442453753E-05   9.967645760791011E-05  -1.840946552482190E-04  -3.867789603974353E-05  -1.817230510227058E-02   7.609423434202639E-03  -2.348595949973790E-02   7.971736092045122E-03   1.125365186460399E-04   0.000000000000000E+00   0.000000000000000E+00   0.000000000000000E+00   0.000000000000000E+00   0.000000000000000E+00   0.000000000000000E+00   0.000000000000000E+00   0.000000000000000E+00   0.000000000000000E+00  -6.247005755215130E-06  -7.666733244965592E-03   5.728513510509321E-03  -1.025997548922544E-02  -2.209075370356767E-03  -1.629996288670229E-01   7.916009967328391E-03  -1.213499702893141E-01   1.131885424933314E-01   0.000000000000000E+00   0.000000000000000E+00   0.000000000000000E+00   0.000000000000000E+00   0.000000000000000E+00   0.000000000000000E+00   0.000000000000000E+00   0.000000000000000E+00   0.000000000000000E+00  -2.036547410664108E-02   1.517945647370865E-02  -1.662811198014302E-02  -1.778658103410370E-02  -2.992965571516035E-01   0.000000000000000E+00   0.000000000000000E+00   0.000000000000000E+00   2.817920783912667E-02   0.000000000000000E+00   0.000000000000000E+00   0.000000000000000E+00   0.000000000000000E+00   0.000000000000000E+00   0.000000000000000E+00   1.084766488314584E-03  -1.529330977652808E-01   7.410217523116647E-02  -1.968493130338847E-02  -1.383687951388754E-01  -1.489282104941629E-01  -7.210550372383329E-02   1.347993060741385E-01   2.388044112557338E-02   0.000000000000000E+00  -2.004332516983140E-02   8.382143935912781E-03   1.097309929878535E-02  -2.465481505103438E-02  -1.886703677734623E-02  -7.382996022739638E-03   2.462464290217825E-02  -7.509550856377180E-03   2.570600697327415E-02  -7.621614554876967E-03   4.515655971452761E-04   8.958309702648971E-03  -7.785979584114575E-03   1.029942598169670E-03   9.389214421518142E-04   1.970968790064106E-04   3.114119181335084E-06   5.701975702787132E-06   4.997464297171051E-06   7.597588568543604E-06  -2.647642261999473E-06   2.567693347239547E-06   1.296162224793901E-06   3.589258945926941E-06  -4.117463251675015E-05  -6.160134594347396E-05  -4.945328578228522E-05  -6.702343450568168E-05  -3.338959117752463E-06   1.387797398940745E-06   1.938970921916299E-06   2.014765588097804E-06  -7.621766846264892E-07   4.668900790161482E-06   5.391537177792795E-07   6.124822040287732E-06   0.000000000000000E+00  -2.115172899456151E-04  -3.044672344889383E-04  -7.755906697123613E-05  -2.977800065801827E-04  -1.220616861225146E-04  -1.345477486935349E-04  -1.900474981150459E-04  -1.223990328200205E-04  -2.382965155529699E-06   1.946511734259128E-06   4.015799724282120E-06   2.665306399493116E-06   0.000000000000000E+00  -2.415844418850313E-09  -7.345795541594896E-10   7.340739000056932E-11  -1.002470994953347E-09   1.570599770921371E-06  -6.055294870311697E-06   2.804884093376563E-07  -6.848171960470782E-06   2.773705455989176E-03   1.451774768512384E-03   5.044555798844100E-06   1.431543247969267E-06   3.189325982093608E-06   1.516458991286285E-06   0.000000000000000E+00   0.000000000000000E+00   0.000000000000000E+00   0.000000000000000E+00   0.000000000000000E+00   0.000000000000000E+00   0.000000000000000E+00   0.000000000000000E+00   0.000000000000000E+00   4.588058672786613E-06   9.373853339941750E-07  -4.250879324134660E-07   9.783316065255442E-07   4.589239450185079E-06   2.370980827456317E-06   9.552200688606713E-06   2.158492009338791E-06   0.000000000000000E+00   0.000000000000000E+00   0.000000000000000E+00   0.000000000000000E+00   0.000000000000000E+00  -2.841956304382597E-06   2.572691950529282E-06  -1.532267756562050E-06   2.927942318826264E-06   0.000000000000000E+00   1.582685173665772E-05  -6.096211803841594E-06  -4.519743048858213E-06  -1.839592584856235E-07  -1.032007589856842E-06  -2.058394226003534E-07   0.000000000000000E+00   0.000000000000000E+00   0.000000000000000E+00   0.000000000000000E+00   0.000000000000000E+00   0.000000000000000E+00   0.000000000000000E+00   0.000000000000000E+00   0.000000000000000E+00   0.000000000000000E+00   0.000000000000000E+00   0.000000000000000E+00   0.000000000000000E+00   0.000000000000000E+00   0.000000000000000E+00   0.000000000000000E+00   0.000000000000000E+00   0.000000000000000E+00   0.000000000000000E+00   0.000000000000000E+00   0.000000000000000E+00
  -4.415436945907145E-06   3.271827294289794E-06  -1.518495827195897E-05   5.030144637149804E-06   1.904761719898343E-06   4.228595580324104E-07   2.450071203800818E-06  -1.079482045366919E-06  -6.335844317567683E-07   5.602388319773774E-06  -1.188473325606630E-05   5.242854802806140E-07  -1.805268386039266E-04  -7.661309819357695E-05  -3.034084577723381E-04   1.611818395373969E-04   0.000000000000000E+00   0.000000000000000E+00   0.000000000000000E+00   0.000000000000000E+00  -1.225696302842296E-06   1.660244270481588E-06  -1.858417510908716E-06   4.873342105008521E-06  -4.522580051642663E-09  -9.966189221146779E-05   6.731402097512012E-05  -1.793255576853672E-04  -3.767591877163293E-05  -7.609643878399287E-03  -2.794055464443076E-03  -1.030268220634499E-02   3.496994176035602E-03   1.286566292857010E-05   0.000000000000000E+00   0.000000000000000E+00   0.000000000000000E+00   0.000000000000000E+00   0.000000000000000E+00   0.000000000000000E+00   0.000000000000000E+00   0.000000000000000E+00   0.000000000000000E+00   1.011632603888877E-05  -5.728699360129826E-03   1.942491009874287E-03  -7.930785463053288E-03  -1.707577454976662E-03  -7.914725992679349E-03  -7.347057798400615E-02  -7.379996549880353E-03   6.883652720270422E-03   0.000000000000000E+00   0.000000000000000E+00   0.000000000000000E+00   0.000000000000000E+00   0.000000000000000E+00   0.000000000000000E+00   0.000000000000000E+00   0.000000000000000E+00   0.000000000000000E+00  -1.517680334765794E-02   4.962122459763453E-03  -1.301277588005668E-02  -1.391936696996357E-02   0.000000000000000E+00  -1.440306949034707E-01   0.000000000000000E+00   0.000000000000000E+00  -6.977356893482529E-03   0.000000000000000E+00   0.000000000000000E+00   0.000000000000000E+00   0.000000000000000E+00   0.000000000000000E+00   0.000000000000000E+00   9.937342314499666E-04  -7.410284446959149E-02  -2.372232070479500E-02  -1.176245169668829E-02  -8.268031237019456E-02   7.210135482102084E-02  -2.286638536328130E-02  -8.007057202029007E-02  -1.418494380059991E-02   0.000000000000000E+00  -8.381678283454775E-03  -3.116754042744783E-03   4.815809082392757E-03  -1.082035977389068E-02   7.382771215057988E-03  -3.345938827999684E-03  -1.009902004382486E-02   3.079805255245616E-03  -1.771211487811607E-02  -4.515550826518209E-04  -2.440654407351337E-03   5.488471278160284E-04  -4.770221921119674E-04   6.767944469921555E-04  -5.940165181734406E-04   1.504920965131230E-05  -5.702009841538447E-06   4.800883864311219E-07  -9.608806990730256E-07  -1.460816082096671E-06  -2.567700818064465E-06  -3.321296820262109E-06  -1.920569994560544E-06  -5.318333540657993E-06   6.160145224533804E-05   6.659526467680225E-05   6.445936113483611E-05   8.736098524006169E-05  -1.387799708020399E-06  -2.090407651799177E-06  -3.307343177867080E-06  -3.436627722199680E-06  -4.668924085738096E-06  -3.219865760328955E-06  -4.821762434573789E-07  -5.477554147998856E-06   0.000000000000000E+00   3.044676712702327E-04   3.662158671216433E-04   1.095479591420244E-04   4.205980456966510E-04   1.345479405859087E-04   1.040199074389798E-04   1.997138501566097E-04   1.286245930221812E-04  -1.946521098724548E-06  -1.165249444056321E-06  -3.576581284314342E-06  -2.373794920037857E-06   0.000000000000000E+00   7.345832391369441E-10  -1.588228859443460E-09   1.374942692766345E-10  -1.877658597057627E-09   6.055290605974155E-06   1.914172821620720E-05  -9.160173524957232E-07   2.236471861164966E-05  -3.703221091289884E-03  -1.390643413952336E-03  -1.431559790865611E-06   3.793018085844916E-06   6.244875660265089E-06   2.969310098009265E-06   0.000000000000000E+00   0.000000000000000E+00   0.000000000000000E+00   0.000000000000000E+00   0.000000000000000E+00   0.000000000000000E+00   0.000000000000000E+00   0.000000000000000E+00   0.000000000000000E+00  -9.374090147637827E-07   1.144037739048984E-05  -4.871668320023241E-06   1.121204986207921E-05  -2.370994211150040E-06   1.778290022144873E-06   6.114110450319053E-07   1.381593517708371E-07   0.000000000000000E+00   0.000000000000000E+00   0.000000000000000E+00   0.000000000000000E+00   0.000000000000000E+00  -2.572702186439919E-06  -4.158395170464149E-06   2.729950006517850E-06  -5.216540071493676E-06   0.000000000000000E+00  -4.101819157253660E-05  -3.273464853688776E-06   1.839603999338563E-07  -5.292670792752571E-07  -1.525596686872836E-06  -3.042884027533927E-07   0.000000000000000E+00   0.000000000000000E+00   0.000000000000000E+00   0.000000000000000E+00   0.000000000000000E+00   0.000000000000000E+00   0.000000000000000E+00   0.000000000000000E+00   0.000000000000000E+00   0.000000000000000E+00   0.000000000000000E+00   0.000000000000000E+00   0.000000000000000E+00   0.000000000000000E+00   0.000000000000000E+00   0.000000000000000E+00   0.000000000000000E+00   0.000000000000000E+00   0.000000000000000E+00   0.000000000000000E+00   0.000000000000000E+00
   1.424043043892260E-05  -1.518495827195897E-05   4.753723984525542E-05  -1.622295271806554E-05  -7.431999720958261E-06   2.450071203800818E-06  -8.508895301100350E-06   4.211923295253207E-06   1.443992568057954E-06  -1.188473325606630E-05   2.747400594661034E-05  -1.194891002871953E-06   8.009584629243078E-04  -3.034084577723381E-04   1.201159698911590E-03  -7.151288941054874E-04   0.000000000000000E+00   0.000000000000000E+00   0.000000000000000E+00   0.000000000000000E+00   7.488080929345440E-06  -3.603277936810056E-06   4.873342105008521E-06  -1.018973974372914E-05   9.815491134213803E-09   1.840677540952191E-04  -1.793255576853672E-04   3.014200906602540E-04   6.958448809153150E-05   2.348663988551471E-02  -1.030268220634499E-02   2.566640409328431E-02  -1.079323082745461E-02  -1.758519993398902E-04   0.000000000000000E+00   0.000000000000000E+00   0.000000000000000E+00   0.000000000000000E+00   0.000000000000000E+00   0.000000000000000E+00   0.000000000000000E+00   0.000000000000000E+00   0.000000000000000E+00  -1.589464615900720E-05   1.026030835263714E-02  -7.930785463053288E-03   1.171877254436334E-02   3.058333161277093E-03   1.213302873573627E-01  -7.379996549880353E-03   3.918105481276115E-02  -1.055242548372752E-01   0.000000000000000E+00   0.000000000000000E+00   0.000000000000000E+00   0.000000000000000E+00   0.000000000000000E+00   0.000000000000000E+00   0.000000000000000E+00   0.000000000000000E+00   0.000000000000000E+00   1.662520565229491E-02  -1.301277588005668E-02   7.337684518196039E-03   1.524776549609287E-02   0.000000000000000E+00   0.000000000000000E+00  -1.440306949034707E-01   0.000000000000000E+00  -1.423326934808510E-02   0.000000000000000E+00   0.000000000000000E+00   0.000000000000000E+00   0.000000000000000E+00   0.000000000000000E+00   0.000000000000000E+00  -9.190415654827726E-04   1.968510908376240E-02  -1.176245169668829E-02  -6.487637938920809E-02   2.196367736942558E-02  -1.347915498115621E-01  -8.007057202029007E-02   8.399284856389419E-02   2.651837213903964E-02   0.000000000000000E+00  -1.097248971122643E-02   4.815809082392757E-03  -4.910643312149478E-04  -1.416497773782925E-02  -2.462389309696838E-02  -1.009902004382486E-02   2.730960633644791E-02  -1.027213131160991E-02   2.110064959509314E-02  -8.958101112602843E-03   5.488471278160284E-04   8.419892927048197E-03  -9.463326167871740E-03   4.382053880654999E-04   1.552127489919333E-03   2.923417151975747E-04  -4.997494217886210E-06  -9.608806990730256E-07   7.342696203056095E-07  -1.280323978133224E-06  -1.296165996039037E-06  -1.920569994560544E-06  -4.861503373045052E-07  -2.684675349440075E-06   4.945337112094758E-05   6.445936113483611E-05   3.804933092876140E-05   7.013300932195720E-05  -1.938974148063220E-06  -3.307343177867080E-06  -4.344090500441879E-06  -4.801508655285451E-06  -5.391564078978542E-07  -4.821762434573789E-07   8.999475283870143E-07  -6.325351117877907E-07   0.000000000000000E+00   7.755917823558850E-05   1.095479591420244E-04  -3.592160647845603E-05   1.071418803041769E-04   1.900477691613168E-04   1.997138501566097E-04   2.447227172967349E-04   1.816810934206744E-04  -4.015819043876751E-06  -3.576581284314342E-06  -6.810388235700127E-06  -4.897316988956455E-06   0.000000000000000E+00  -7.340775824465617E-11   1.374942692766345E-10  -2.260790234925882E-10   1.876366094613695E-10  -2.804882118085055E-07  -9.160173524957232E-07  -5.911861794576880E-07  -1.035960177500487E-06  -4.093836763838611E-04  -1.968473328423643E-03  -3.189362837905826E-06   6.244875660265089E-06   1.490289594543264E-05   6.615306843092437E-06   0.000000000000000E+00   0.000000000000000E+00   0.000000000000000E+00   0.000000000000000E+00   0.000000000000000E+00   0.000000000000000E+00   0.000000000000000E+00   0.000000000000000E+00   0.000000000000000E+00   4.250986712302850E-07  -4.871668320023241E-06   2.906804067365624E-06  -5.084469450444328E-06  -9.552254608793209E-06   6.114110450319053E-07   4.089780871278080E-06   5.566159961481857E-07   0.000000000000000E+00   0.000000000000000E+00   0.000000000000000E+00   0.000000000000000E+00   0.000000000000000E+00   1.532273852960737E-06   2.729950006517850E-06  -1.200712446114315E-06   3.106915365720027E-06   0.000000000000000E+00   2.650199187359386E-05  -1.923610220214887E-05   1.032013993357538E-06  -1.525596686872836E-06  -8.815889179059229E-06  -1.707051570722972E-06   0.000000000000000E+00   0.000000000000000E+00   0.000000000000000E+00   0.000000000000000E+00   0.000000000000000E+00   0.000000000000000E+00   0.000000000000000E+00   0.000000000000000E+00   0.000000000000000E+00   0.000000000000000E+00   0.000000000000000E+00   0.000000000000000E+00   0.000000000000000E+00   0.000000000000000E+00   0.000000000000000E+00   0.000000000000000E+00   0.000000000000000E+00   0.000000000000000E+00   0.000000000000000E+00   0.000000000000000E+00   0.000000000000000E+00
  -4.717261879825394E-06   5.030144637149804E-06  -1.622295271806554E-05   3.937515785921622E-06   3.274480450813304E-06  -1.079482045366919E-06   4.211923295253207E-06  -8.049470879869687E-07  -6.370057457364258E-08   5.242854802806140E-07  -1.194891002871953E-06   4.404041876708417E-07  -4.254988782944731E-04   1.611818395373969E-04  -7.151288941054874E-04   2.349051441876120E-04   0.000000000000000E+00   0.000000000000000E+00   0.000000000000000E+00   0.000000000000000E+00  -4.743664005877604E-06   3.343929600344114E-09  -4.522580051642663E-09   9.815491134213803E-09   3.870116864816282E-07   3.867224416463788E-05  -3.767591877163293E-05   6.958448809153150E-05  -1.516069689099890E-05  -7.971967032401365E-03   3.496994176035602E-03  -1.079323082745461E-02  -2.468613520247652E-03   1.546856391564821E-04   0.000000000000000E+00   0.000000000000000E+00   0.000000000000000E+00   0.000000000000000E+00   0.000000000000000E+00   0.000000000000000E+00   0.000000000000000E+00   0.000000000000000E+00   0.000000000000000E+00  -7.265630140474416E-06   2.209147039179489E-03  -1.707577454976662E-03   3.058333161277093E-03  -1.827062168273588E-03  -1.131701833427337E-01   6.883652720270422E-03  -1.055242548372752E-01   2.447519363951603E-02   0.000000000000000E+00   0.000000000000000E+00   0.000000000000000E+00   0.000000000000000E+00   0.000000000000000E+00   0.000000000000000E+00   0.000000000000000E+00   0.000000000000000E+00   0.000000000000000E+00   1.778347222440577E-02  -1.391936696996357E-02   1.524776549609287E-02   9.393097642021413E-03   0.000000000000000E+00   0.000000000000000E+00   0.000000000000000E+00  -1.440306949034707E-01   3.162260881414362E-02   0.000000000000000E+00   0.000000000000000E+00   0.000000000000000E+00   0.000000000000000E+00   0.000000000000000E+00   0.000000000000000E+00  -1.367785434112282E-03   1.383700447879476E-01  -8.268031237019456E-02   2.196367736942558E-02   8.638547110025828E-02  -2.387906706084556E-02  -1.418494380059991E-02   2.651837213903964E-02  -6.099906314976045E-02   0.000000000000000E+00   2.465344540440007E-02  -1.082035977389068E-02  -1.416497773782925E-02   2.503100011691156E-02   7.509322195178791E-03   3.079805255245616E-03  -1.027213131160991E-02  -3.241244206395085E-03   1.762942539220456E-02   7.785798291226238E-03  -4.770221921119674E-04  -9.463326167871740E-03   5.756586623301873E-03  -1.645250533511438E-03  -2.521903718326814E-04  -2.552266716830182E-04  -7.597634056669170E-06  -1.460816082096671E-06  -1.280323978133224E-06  -3.700340293129391E-07  -3.589269389045158E-06  -5.318333540657993E-06  -2.684675349440075E-06  -6.950904385545371E-06   6.702355016412899E-05   8.736098524006169E-05   7.013300932195720E-05   8.135205466295137E-05  -2.014768940355294E-06  -3.436627722199680E-06  -4.801508655285451E-06  -4.712413011709365E-06  -6.124852600213397E-06  -5.477554147998856E-06  -6.325351117877907E-07  -6.230012767277489E-06   0.000000000000000E+00   2.977804337681425E-04   4.205980456966510E-04   1.071418803041769E-04   3.475326312541230E-04   1.223992073858618E-04   1.286245930221812E-04   1.816810934206744E-04   7.963937703962358E-05  -2.665319222004880E-06  -2.373794920037857E-06  -4.897316988956455E-06  -2.682006576074749E-06   0.000000000000000E+00   1.002476023793306E-09  -1.877658597057627E-09   1.876366094613695E-10  -2.774754896549824E-09   6.848167137763151E-06   2.236471861164966E-05  -1.035960177500487E-06   2.465952578828510E-05  -2.638512242579706E-03  -7.343655069608623E-04  -1.516476515467924E-06   2.969310098009265E-06   6.615306843092437E-06   4.135420199205637E-06   0.000000000000000E+00   0.000000000000000E+00   0.000000000000000E+00   0.000000000000000E+00   0.000000000000000E+00   0.000000000000000E+00   0.000000000000000E+00   0.000000000000000E+00   0.000000000000000E+00  -9.783563217035334E-07   1.121204986207921E-05  -5.084469450444328E-06   1.239939480647451E-05  -2.158504193577323E-06   1.381593517708371E-07   5.566159961481857E-07   1.752307246698614E-06   0.000000000000000E+00   0.000000000000000E+00   0.000000000000000E+00   0.000000000000000E+00   0.000000000000000E+00  -2.927953968163419E-06  -5.216540071493676E-06   3.106915365720027E-06  -5.511649890017757E-06   0.000000000000000E+00  -3.436893629089069E-05  -1.274806016864351E-06   2.058406998127488E-07  -3.042884027533927E-07  -1.707051570722972E-06  -5.978042442114211E-07   0.000000000000000E+00   0.000000000000000E+00   0.000000000000000E+00   0.000000000000000E+00   0.000000000000000E+00   0.000000000000000E+00   0.000000000000000E+00   0.000000000000000E+00   0.000000000000000E+00   0.000000000000000E+00   0.000000000000000E+00   0.000000000000000E+00   0.000000000000000E+00   0.000000000000000E+00   0.000000000000000E+00   0.000000000000000E+00   0.000000000000000E+00   0.000000000000000E+00   0.000000000000000E+00   0.000000000000000E+00   0.000000000000000E+00
   1.356192015728879E-04  -1.234349561356869E-04   2.457152959237842E-04   3.021684865609956E-05  -1.050981800324610E-05  -3.590344246703261E-06   9.080726575792200E-06  -9.873440798741748E-07  -5.795822655284307E-06  -1.078346564943337E-05   1.659585135275628E-05   7.476074864693421E-06   8.396201903643390E-03  -5.380239785067245E-03   1.112133601124065E-02   8.804125138626524E-04   1.579018144028379E-06   3.882528547296495E-06  -9.212568549296231E-06   4.428196673182673E-07   5.645968806554005E-06   1.204621794812006E-08   5.570237376349534E-06  -8.931529623503052E-06  -3.389460054974929E-06   1.345617172423750E-05  -2.990383777077721E-05   3.473733272221429E-05   3.345299751492804E-05   2.875130648701411E-02  -1.939288552399705E-02   2.329078758743433E-02   1.948191884947979E-02  -1.062864645460442E-02   0.000000000000000E+00   0.000000000000000E+00   0.000000000000000E+00   0.000000000000000E+00   0.000000000000000E+00   0.000000000000000E+00   0.000000000000000E+00   0.000000000000000E+00   0.000000000000000E+00   1.069038338262375E-05   1.105224521565852E-03  -1.023785678565546E-03   8.983082373142205E-04   1.407180543402956E-03   1.802605521598517E-01  -7.015876311155100E-02   2.174334429057206E-02   1.392407505311820E-01   0.000000000000000E+00   0.000000000000000E+00   0.000000000000000E+00   0.000000000000000E+00   0.000000000000000E+00   0.000000000000000E+00   0.000000000000000E+00   0.000000000000000E+00   0.000000000000000E+00   2.478421385238678E-04  -2.123571946969844E-04   6.782009940876442E-05   4.254637762423126E-04   2.817920783912667E-02  -6.977356893482529E-03  -1.423326934808510E-02   3.162260881414362E-02  -1.638007316720327E-01   0.000000000000000E+00   0.000000000000000E+00   0.000000000000000E+00   0.000000000000000E+00   0.000000000000000E+00   0.000000000000000E+00   6.181938058742912E-06   1.015323271248177E-03  -5.778421785867480E-04  -3.621916692341860E-04   1.675054495488051E-03   7.098479732185582E-03   9.768703989542732E-04  -8.292686870446537E-03   6.625243810453776E-03   0.000000000000000E+00   1.138973486886424E-05  -1.318908168559133E-05  -2.082504749153226E-05   4.654119611951833E-05   1.192366750062717E-04   1.543575137072319E-05  -1.888721933960925E-04   1.575387038697977E-04  -8.837499778494700E-03  -5.364767831377484E-06  -2.363486577992292E-06  -1.332607869033867E-05   1.678505777686158E-05   1.033955849963123E-05   2.349755935084851E-06   4.953179480531507E-06   5.366091319359127E-10  -4.263670371309740E-10  -2.939699952714538E-10  -9.699331368412238E-10   0.000000000000000E+00   0.000000000000000E+00   0.000000000000000E+00   0.000000000000000E+00  -1.215328958399169E-05  -2.390767282259674E-06  -1.353545330125525E-06  -5.171377535060855E-06   0.000000000000000E+00   0.000000000000000E+00   0.000000000000000E+00   0.000000000000000E+00   0.000000000000000E+00   0.000000000000000E+00   0.000000000000000E+00   0.000000000000000E+00   0.000000000000000E+00  -1.246761258358126E-05  -3.281560784266854E-07   2.021351705537261E-08  -6.413626251984524E-07   8.214685578258539E-07   1.167424725137710E-05   1.466745097029030E-05   2.642560882368538E-05   0.000000000000000E+00   0.000000000000000E+00   0.000000000000000E+00   0.000000000000000E+00   0.000000000000000E+00   0.000000000000000E+00   0.000000000000000E+00   0.000000000000000E+00   0.000000000000000E+00   2.092109730000585E-06  -3.618839975115249E-06   1.280751337143889E-06  -7.114262962866108E-06  -3.970223026291429E-05  -3.736427159060781E-04  -1.110833129775510E-05  -2.400689244109609E-06  -5.472160655272906E-06  -6.222169778445547E-06   0.000000000000000E+00   0.000000000000000E+00   0.000000000000000E+00   0.000000000000000E+00   0.000000000000000E+00   0.000000000000000E+00   0.000000000000000E+00   0.000000000000000E+00   0.000000000000000E+00   2.442683334952068E-07  -2.391467878852326E-07   1.928170490957419E-07  -4.382606130916335E-07  -1.195957857849703E-05  -1.133844719915260E-06  -5.647250113486785E-06  -3.985514175947852E-06   0.000000000000000E+00   0.000000000000000E+00   0.000000000000000E+00   0.000000000000000E+00   0.000000000000000E+00   0.000000000000000E+00   0.000000000000000E+00   0.000000000000000E+00   0.000000000000000E+00   0.000000000000000E+00   3.319285177501553E-06  -1.181776976213052E-05   2.875903330842583E-07  -7.222290578871912E-08  -5.480126072124632E-07  -3.069232443742292E-07   0.000000000000000E+00   0.000000000000000E+00   0.000000000000000E+00   0.000000000000000E+00   0.000000000000000E+00   0.000000000000000E+00   0.000000000000000E+00   0.000000000000000E+00   0.000000000000000E+00   0.000000000000000E+00   0.000000000000000E+00   0.000000000000000E+00   0.000000000000000E+00   0.000000000000000E+00   0.000000000000000E+00   0.000000000000000E+00   0.000000000000000E+00   0.000000000000000E+00   0.000000000000000E+00   0.000000000000000E+00   0.000000000000000E+00
   3.924904997310255E-06  -8.537894297903243E-07   2.185524184696721E-06  -1.226803448710083E-07  -1.164160757079987E-04  -1.104451543003856E-04   2.237838407896212E-04   4.127390643834381E-05   3.315317295276509E-07  -3.230424938591687E-06   1.235051891088203E-05  -4.196100651480869E-06  -2.723969147227588E-06   1.888989436119732E-06  -4.489219957817752E-06   9.729607554534738E-09  -8.113385108964524E-03  -5.364052019328735E-03   1.118020177015775E-02   2.052718960478942E-03  -3.264636854176759E-06  -4.936876986846151E-04  -1.290639056800645E-04   8.320117824283269E-04  -4.401541215527944E-04  -9.108466774571640E-07   1.602639387419703E-06  -7.083841946252448E-06   3.211890244425401E-06   0.000000000000000E+00   0.000000000000000E+00   0.000000000000000E+00   0.000000000000000E+00   0.000000000000000E+00  -2.140126745855532E-02  -1.523175703811643E-02   1.846494078620555E-02   1.794421203135875E-02  -2.065278994479811E-02  -5.970154076055546E-03   2.679623843741621E-02  -9.409272810744135E-03   1.151256082375902E-04   2.277478399630908E-06   0.000000000000000E+00   0.000000000000000E+00   0.000000000000000E+00   0.000000000000000E+00   0.000000000000000E+00   0.000000000000000E+00   0.000000000000000E+00   0.000000000000000E+00  -1.525401411627351E-01  -7.516329592972153E-02   3.130222447535372E-02   1.347857561925623E-01   9.607269818109899E-04  -1.693650876670983E-01   1.444385127425481E-02   1.189342014444423E-01  -1.216180476219922E-01   0.000000000000000E+00   0.000000000000000E+00   0.000000000000000E+00   0.000000000000000E+00   0.000000000000000E+00   0.000000000000000E+00   0.000000000000000E+00   0.000000000000000E+00   0.000000000000000E+00  -2.964591398272480E-01   0.000000000000000E+00   0.000000000000000E+00   0.000000000000000E+00   2.980546343705873E-02   3.005628117424521E-02   0.000000000000000E+00   0.000000000000000E+00   0.000000000000000E+00   0.000000000000000E+00   0.000000000000000E+00   0.000000000000000E+00   0.000000000000000E+00   0.000000000000000E+00   0.000000000000000E+00   1.784576820419601E-01   0.000000000000000E+00   0.000000000000000E+00   0.000000000000000E+00   0.000000000000000E+00   0.000000000000000E+00   0.000000000000000E+00   0.000000000000000E+00   0.000000000000000E+00   0.000000000000000E+00   0.000000000000000E+00   0.000000000000000E+00   0.000000000000000E+00   0.000000000000000E+00   0.000000000000000E+00   0.000000000000000E+00   0.000000000000000E+00   0.000000000000000E+00   0.000000000000000E+00   0.000000000000000E+00   0.000000000000000E+00   0.000000000000000E+00   0.000000000000000E+00   0.000000000000000E+00   0.000000000000000E+00   0.000000000000000E+00   0.000000000000000E+00   0.000000000000000E+00   0.000000000000000E+00   0.000000000000000E+00   0.000000000000000E+00   0.000000000000000E+00   0.000000000000000E+00   0.000000000000000E+00   0.000000000000000E+00   0.000000000000000E+00   0.000000000000000E+00   0.000000000000000E+00   0.000000000000000E+00   0.000000000000000E+00   0.000000000000000E+00   0.000000000000000E+00   0.000000000000000E+00   0.000000000000000E+00   0.000000000000000E+00   0.000000000000000E+00   0.000000000000000E+00   0.000000000000000E+00   0.000000000000000E+00   0.000000000000000E+00   0.000000000000000E+00   0.000000000000000E+00   0.000000000000000E+00   0.000000000000000E+00   0.000000000000000E+00   0.000000000000000E+00   0.000000000000000E+00   0.000000000000000E+00   0.000000000000000E+00   0.000000000000000E+00   0.000000000000000E+00   0.000000000000000E+00   0.000000000000000E+00   0.000000000000000E+00   0.000000000000000E+00   0.000000000000000E+00   0.000000000000000E+00   0.000000000000000E+00   0.000000000000000E+00   0.000000000000000E+00   0.000000000000000E+00   0.000000000000000E+00   0.000000000000000E+00   0.000000000000000E+00   0.000000000000000E+00   0.000000000000000E+00   0.000000000000000E+00   0.000000000000000E+00  -3.954752477968321E-06   1.040371222012110E-06  -8.983396781210582E-07   6.723958085958073E-07  -4.378739525633598E-06   6.404615492146518E-08  -2.506949688400194E-08   5.446461587708327E-08   0.000000000000000E+00   0.000000000000000E+00   0.000000000000000E+00   0.000000000000000E+00   0.000000000000000E+00   0.000000000000000E+00   0.000000000000000E+00   1.302468132858123E-06   1.462917158886961E-06   7.512002657470582E-06  -4.295477921773894E-06   5.222107024756597E-06  -3.302418968355676E-06   2.383840811512181E-06  -2.623161135830658E-07   2.171605295917646E-06   0.000000000000000E+00  -1.604133155335182E-05  -4.128257741128922E-05   1.815518154170770E-05  -2.429917017516820E-05   4.961611723014559E-06   7.043181438773216E-06   5.283754727693560E-07   5.844972756937179E-06   0.000000000000000E+00  -5.877394007670955E-05  -1.166888347640270E-04   8.457459126362267E-06  -7.552735100333782E-05   1.125092224240793E-04  -9.877742200797183E-06   8.090839541365748E-04
   8.535800116544145E-07   4.726712758832095E-06  -1.137356665676909E-05   6.384340606413632E-07   1.104357860730988E-04   6.351136846002534E-05  -2.013314748428432E-04  -3.713287083837859E-05   3.230452450095892E-06   2.015588847852531E-06  -1.210245333058091E-05   4.111820132530822E-06  -1.888458292742302E-06  -1.428105939047360E-06   4.619851337194619E-06  -1.001272846809814E-08   5.364169784996169E-03   1.035748827506326E-03  -7.648690642549727E-03  -1.404322804504999E-03  -1.264414326566740E-05   1.290509131033858E-04  -1.153421672485406E-04  -2.189334051487625E-04   1.158210047705867E-04  -1.602067374874879E-06   4.835563511906572E-07   2.214282007203106E-06  -1.003979313951918E-06   0.000000000000000E+00   0.000000000000000E+00   0.000000000000000E+00   0.000000000000000E+00   0.000000000000000E+00   1.523147057702213E-02   4.112473955609694E-03  -1.381044281442499E-02  -1.342097529465851E-02   5.970335198397262E-03  -5.202648922275808E-03  -8.135511764102838E-03   2.856716244791074E-03  -1.305231178220984E-06   9.350585185495048E-07   0.000000000000000E+00   0.000000000000000E+00   0.000000000000000E+00   0.000000000000000E+00   0.000000000000000E+00   0.000000000000000E+00   0.000000000000000E+00   0.000000000000000E+00   7.516243307339023E-02  -2.205386614870356E-02  -1.903630937151978E-02  -8.196936149940696E-02  -8.514836567854301E-04  -1.444339187090527E-02  -7.627411437257987E-02   1.284780994920127E-02  -1.313773114262819E-02   0.000000000000000E+00   0.000000000000000E+00   0.000000000000000E+00   0.000000000000000E+00   0.000000000000000E+00   0.000000000000000E+00   0.000000000000000E+00   0.000000000000000E+00   0.000000000000000E+00   0.000000000000000E+00  -1.412189939800148E-01   0.000000000000000E+00   0.000000000000000E+00  -1.181261447331445E-02   1.129176447566915E-02   0.000000000000000E+00   0.000000000000000E+00   0.000000000000000E+00   0.000000000000000E+00   0.000000000000000E+00   0.000000000000000E+00   0.000000000000000E+00   0.000000000000000E+00   0.000000000000000E+00   6.162873749731444E-02   0.000000000000000E+00   0.000000000000000E+00   0.000000000000000E+00   0.000000000000000E+00   0.000000000000000E+00   0.000000000000000E+00   0.000000000000000E+00   0.000000000000000E+00   0.000000000000000E+00   0.000000000000000E+00   0.000000000000000E+00   0.000000000000000E+00   0.000000000000000E+00   0.000000000000000E+00   0.000000000000000E+00   0.000000000000000E+00   0.000000000000000E+00   0.000000000000000E+00   0.000000000000000E+00   0.000000000000000E+00   0.000000000000000E+00   0.000000000000000E+00   0.000000000000000E+00   0.000000000000000E+00   0.000000000000000E+00   0.000000000000000E+00   0.000000000000000E+00   0.000000000000000E+00   0.000000000000000E+00   0.000000000000000E+00   0.000000000000000E+00   0.000000000000000E+00   0.000000000000000E+00   0.000000000000000E+00   0.000000000000000E+00   0.000000000000000E+00   0.000000000000000E+00   0.000000000000000E+00   0.000000000000000E+00   0.000000000000000E+00   0.000000000000000E+00   0.000000000000000E+00   0.000000000000000E+00   0.000000000000000E+00   0.000000000000000E+00   0.000000000000000E+00   0.000000000000000E+00   0.000000000000000E+00   0.000000000000000E+00   0.000000000000000E+00   0.000000000000000E+00   0.000000000000000E+00   0.000000000000000E+00   0.000000000000000E+00   0.000000000000000E+00   0.000000000000000E+00   0.000000000000000E+00   0.000000000000000E+00   0.000000000000000E+00   0.000000000000000E+00   0.000000000000000E+00   0.000000000000000E+00   0.000000000000000E+00   0.000000000000000E+00   0.000000000000000E+00   0.000000000000000E+00   0.000000000000000E+00   0.000000000000000E+00   0.000000000000000E+00   0.000000000000000E+00   0.000000000000000E+00   0.000000000000000E+00   0.000000000000000E+00   0.000000000000000E+00   0.000000000000000E+00   0.000000000000000E+00   0.000000000000000E+00  -1.040406617827423E-06  -5.183610649571788E-06   4.531376254508211E-06  -3.391677418807388E-06  -6.402791479989218E-08  -5.662082337473601E-06   2.169812437669059E-06  -4.714015661733445E-06   0.000000000000000E+00   0.000000000000000E+00   0.000000000000000E+00   0.000000000000000E+00   0.000000000000000E+00   0.000000000000000E+00   0.000000000000000E+00   6.352343953530303E-06  -7.512442194635130E-06  -3.208683602684325E-06   2.626544873178077E-06  -3.193148395323926E-06  -2.383946857735185E-06  -6.249018993393880E-06   7.197577785643674E-07  -5.958573350139799E-06   0.000000000000000E+00   4.128339726533417E-05   7.499426137688787E-05  -3.575611752458320E-05   4.785652969303420E-05  -7.043702907715770E-06   5.152302582456370E-06   2.698826445562263E-07   2.985484350235703E-06   0.000000000000000E+00   1.166910857794402E-04   1.900100997208733E-04  -1.513802840428844E-05   1.351866048309196E-04  -1.848728099603864E-04   7.501976885814083E-06  -1.270969462416772E-03
  -2.184988117623535E-06  -1.137356665676909E-05   2.939753000071072E-05  -1.634259023572706E-06  -2.237648588985922E-04  -2.013314748428432E-04   3.720848380215846E-04   7.523857889823482E-05  -1.235062409250965E-05  -1.210245333058091E-05   4.511999170367763E-05  -1.572025763493096E-05   4.487957685300592E-06   4.619851337194619E-06  -1.046331510488480E-05   2.379544300868558E-08  -1.118044722712177E-02  -7.648690642549727E-03   1.330808482683276E-02   2.927005973883989E-03   2.060564417262336E-05  -8.319280256504440E-04  -2.189334051487625E-04   1.262052720082482E-03  -7.466412868419828E-04   7.081313588038734E-06   2.214282007203106E-06  -8.802856745074725E-06   4.437698731960490E-06   0.000000000000000E+00   0.000000000000000E+00   0.000000000000000E+00   0.000000000000000E+00   0.000000000000000E+00  -1.846459351916797E-02  -1.381044281442499E-02   9.462149111079921E-03   1.626979169171689E-02  -2.679705138083327E-02  -8.135511764102838E-03   2.949993052327569E-02  -1.282198895845543E-02   1.819818779846868E-04  -6.301369225164844E-06   0.000000000000000E+00   0.000000000000000E+00   0.000000000000000E+00   0.000000000000000E+00   0.000000000000000E+00   0.000000000000000E+00   0.000000000000000E+00   0.000000000000000E+00  -3.130186513344038E-02  -1.903630937151978E-02  -5.983630209310382E-02   3.413665303015618E-02   8.672719645111949E-04  -1.189304186049848E-01   1.284780994920127E-02   2.795760263970019E-02  -1.081792890671314E-01   0.000000000000000E+00   0.000000000000000E+00   0.000000000000000E+00   0.000000000000000E+00   0.000000000000000E+00   0.000000000000000E+00   0.000000000000000E+00   0.000000000000000E+00   0.000000000000000E+00   0.000000000000000E+00   0.000000000000000E+00  -1.412189939800148E-01   0.000000000000000E+00  -8.539435422873793E-03   1.310139278737442E-02   0.000000000000000E+00   0.000000000000000E+00   0.000000000000000E+00   0.000000000000000E+00   0.000000000000000E+00   0.000000000000000E+00   0.000000000000000E+00   0.000000000000000E+00   0.000000000000000E+00  -1.431703067189954E-01   0.000000000000000E+00   0.000000000000000E+00   0.000000000000000E+00   0.000000000000000E+00   0.000000000000000E+00   0.000000000000000E+00   0.000000000000000E+00   0.000000000000000E+00   0.000000000000000E+00   0.000000000000000E+00   0.000000000000000E+00   0.000000000000000E+00   0.000000000000000E+00   0.000000000000000E+00   0.000000000000000E+00   0.000000000000000E+00   0.000000000000000E+00   0.000000000000000E+00   0.000000000000000E+00   0.000000000000000E+00   0.000000000000000E+00   0.000000000000000E+00   0.000000000000000E+00   0.000000000000000E+00   0.000000000000000E+00   0.000000000000000E+00   0.000000000000000E+00   0.000000000000000E+00   0.000000000000000E+00   0.000000000000000E+00   0.000000000000000E+00   0.000000000000000E+00   0.000000000000000E+00   0.000000000000000E+00   0.000000000000000E+00   0.000000000000000E+00   0.000000000000000E+00   0.000000000000000E+00   0.000000000000000E+00   0.000000000000000E+00   0.000000000000000E+00   0.000000000000000E+00   0.000000000000000E+00   0.000000000000000E+00   0.000000000000000E+00   0.000000000000000E+00   0.000000000000000E+00   0.000000000000000E+00   0.000000000000000E+00   0.000000000000000E+00   0.000000000000000E+00   0.000000000000000E+00   0.000000000000000E+00   0.000000000000000E+00   0.000000000000000E+00   0.000000000000000E+00   0.000000000000000E+00   0.000000000000000E+00   0.000000000000000E+00   0.000000000000000E+00   0.000000000000000E+00   0.000000000000000E+00   0.000000000000000E+00   0.000000000000000E+00   0.000000000000000E+00   0.000000000000000E+00   0.000000000000000E+00   0.000000000000000E+00   0.000000000000000E+00   0.000000000000000E+00   0.000000000000000E+00   0.000000000000000E+00   0.000000000000000E+00   0.000000000000000E+00   0.000000000000000E+00   0.000000000000000E+00   0.000000000000000E+00   8.983702416974652E-07   4.531376254508211E-06  -3.848555913457247E-06   2.928645406789641E-06   2.506235717871442E-08   2.169812437669059E-06  -9.680929728003881E-07   1.845200560250267E-06   0.000000000000000E+00   0.000000000000000E+00   0.000000000000000E+00   0.000000000000000E+00   0.000000000000000E+00   0.000000000000000E+00   0.000000000000000E+00  -6.915344618440544E-06   4.295729255841811E-06   2.626544873178077E-06  -1.172370937475355E-07   1.825891051758507E-06   2.623277828325159E-07   7.197577785643674E-07   2.126965361748526E-07   6.556770889062843E-07   0.000000000000000E+00  -1.815554209572242E-05  -3.575611752458320E-05   9.414155005587005E-06  -2.104626307308917E-05  -5.284145930733623E-07   2.698826445562263E-07   1.575045865544550E-06   2.239693409454556E-07   0.000000000000000E+00  -8.457622277111766E-06  -1.513802840428844E-05  -1.775436834468078E-05  -9.798154100186969E-06   1.184064819258377E-04   2.539167702212266E-06  -1.409059074518290E-04
   1.226502537405267E-07   6.384340606413632E-07  -1.634259023572706E-06   3.752900674083667E-07  -4.127040548496135E-05  -3.713287083837859E-05   7.523857889823482E-05  -2.197601825672625E-05   4.196136387039785E-06   4.111820132530822E-06  -1.572025763493096E-05   4.191021025237174E-06  -9.726871797246336E-09  -1.001272846809814E-08   2.379544300868558E-08   5.157994463159059E-07  -2.052764027122137E-03  -1.404322804504999E-03   2.927005973883989E-03  -2.096542927713826E-03   8.851722767482451E-06   4.401098122151484E-04   1.158210047705867E-04  -7.466412868419828E-04   2.456873827128168E-04  -3.210743859576239E-06  -1.003979313951918E-06   4.437698731960490E-06  -1.027587712511598E-06   0.000000000000000E+00   0.000000000000000E+00   0.000000000000000E+00   0.000000000000000E+00   0.000000000000000E+00  -1.794387455757933E-02  -1.342097529465851E-02   1.626979169171689E-02   8.531187409867740E-03   9.409558268959051E-03   2.856716244791074E-03  -1.282198895845543E-02  -2.512893286031015E-03  -1.549939532618559E-04   4.100907963591013E-06   0.000000000000000E+00   0.000000000000000E+00   0.000000000000000E+00   0.000000000000000E+00   0.000000000000000E+00   0.000000000000000E+00   0.000000000000000E+00   0.000000000000000E+00  -1.347842088849082E-01  -8.196936149940696E-02   3.413665303015618E-02   7.922656650385879E-02   1.211583185405489E-03   1.216141794197114E-01  -1.313773114262819E-02  -1.081792890671314E-01   3.278603750839624E-02   0.000000000000000E+00   0.000000000000000E+00   0.000000000000000E+00   0.000000000000000E+00   0.000000000000000E+00   0.000000000000000E+00   0.000000000000000E+00   0.000000000000000E+00   0.000000000000000E+00   0.000000000000000E+00   0.000000000000000E+00   0.000000000000000E+00  -1.412189939800148E-01   3.409290902458363E-02  -3.305136361026167E-02   0.000000000000000E+00   0.000000000000000E+00   0.000000000000000E+00   0.000000000000000E+00   0.000000000000000E+00   0.000000000000000E+00   0.000000000000000E+00   0.000000000000000E+00   0.000000000000000E+00  -8.587134894815057E-03   0.000000000000000E+00   0.000000000000000E+00   0.000000000000000E+00   0.000000000000000E+00   0.000000000000000E+00   0.000000000000000E+00   0.000000000000000E+00   0.000000000000000E+00   0.000000000000000E+00   0.000000000000000E+00   0.000000000000000E+00   0.000000000000000E+00   0.000000000000000E+00   0.000000000000000E+00   0.000000000000000E+00   0.000000000000000E+00   0.000000000000000E+00   0.000000000000000E+00   0.000000000000000E+00   0.000000000000000E+00   0.000000000000000E+00   0.000000000000000E+00   0.000000000000000E+00   0.000000000000000E+00   0.000000000000000E+00   0.000000000000000E+00   0.000000000000000E+00   0.000000000000000E+00   0.000000000000000E+00   0.000000000000000E+00   0.000000000000000E+00   0.000000000000000E+00   0.000000000000000E+00   0.000000000000000E+00   0.000000000000000E+00   0.000000000000000E+00   0.000000000000000E+00   0.000000000000000E+00   0.000000000000000E+00   0.000000000000000E+00   0.000000000000000E+00   0.000000000000000E+00   0.000000000000000E+00   0.000000000000000E+00   0.000000000000000E+00   0.000000000000000E+00   0.000000000000000E+00   0.000000000000000E+00   0.000000000000000E+00   0.000000000000000E+00   0.000000000000000E+00   0.000000000000000E+00   0.000000000000000E+00   0.000000000000000E+00   0.000000000000000E+00   0.000000000000000E+00   0.000000000000000E+00   0.000000000000000E+00   0.000000000000000E+00   0.000000000000000E+00   0.000000000000000E+00   0.000000000000000E+00   0.000000000000000E+00   0.000000000000000E+00   0.000000000000000E+00   0.000000000000000E+00   0.000000000000000E+00   0.000000000000000E+00   0.000000000000000E+00   0.000000000000000E+00   0.000000000000000E+00   0.000000000000000E+00   0.000000000000000E+00   0.000000000000000E+00   0.000000000000000E+00   0.000000000000000E+00   0.000000000000000E+00  -6.724186850435168E-07  -3.391677418807388E-06   2.928645406789641E-06  -2.127857217137153E-06  -5.444910454441632E-08  -4.714015661733445E-06   1.845200560250267E-06  -4.127547999538225E-06   0.000000000000000E+00   0.000000000000000E+00   0.000000000000000E+00   0.000000000000000E+00   0.000000000000000E+00   0.000000000000000E+00   0.000000000000000E+00   3.234507384775571E-06  -5.222412577113177E-06  -3.193148395323926E-06   1.825891051758507E-06  -8.351145225665360E-07  -2.171701900748966E-06  -5.958573350139799E-06   6.556770889062843E-07  -5.136177985356092E-06   0.000000000000000E+00   2.429965274612685E-05   4.785652969303420E-05  -2.104626307308917E-05   2.185802809520913E-05  -5.845405511905841E-06   2.985484350235703E-06   2.239693409454556E-07   4.032383572081746E-06   0.000000000000000E+00   7.552880798276152E-05   1.351866048309196E-04  -9.798154100186969E-06   6.864855887556418E-05  -8.039973574851208E-05   6.876405523942722E-06  -7.068738722520449E-04
  -8.183428398045946E-06  -2.489079844584004E-06   1.107705498805045E-05  -4.700711447615712E-06   1.803266621995255E-05   1.644276534118309E-05  -5.996281066149390E-05   1.820778604818936E-05  -2.089619178249066E-06  -1.004079000603594E-06   9.912216982790416E-06  -6.895354589762991E-06   0.000000000000000E+00   0.000000000000000E+00   0.000000000000000E+00   0.000000000000000E+00   1.191173255214110E-03   3.232311191940957E-04  -1.854617366363411E-03   9.294477309608431E-04  -4.083182203064477E-06  -1.322359329700949E-05   7.172832888093490E-08   1.629202507813301E-06  -1.592316832071600E-06   0.000000000000000E+00   0.000000000000000E+00   0.000000000000000E+00   0.000000000000000E+00   0.000000000000000E+00   0.000000000000000E+00   0.000000000000000E+00   0.000000000000000E+00   0.000000000000000E+00   3.027280787397072E-02   9.800689726190165E-03  -3.511592823257276E-02   8.962091661523740E-03   2.492546263281599E-04  -2.201194324539176E-05  -3.406096316864569E-04   3.415541050563522E-04   6.283498481610384E-06   0.000000000000000E+00   0.000000000000000E+00   0.000000000000000E+00   0.000000000000000E+00   0.000000000000000E+00   0.000000000000000E+00   0.000000000000000E+00   0.000000000000000E+00   0.000000000000000E+00   1.893764409212480E-01   9.913515507935678E-04  -1.188085812861063E-01   1.117902401801349E-01  -9.041756712434462E-03   1.269025261539793E-03  -5.256320038901358E-04  -9.555229688688936E-04   1.941073416089207E-03   0.000000000000000E+00   0.000000000000000E+00   0.000000000000000E+00   0.000000000000000E+00   0.000000000000000E+00   0.000000000000000E+00   0.000000000000000E+00   0.000000000000000E+00   0.000000000000000E+00   2.980546343705873E-02  -1.181261447331445E-02  -8.539435422873793E-03   3.409290902458363E-02  -1.654422888664555E-01  -4.903755009033986E-05   0.000000000000000E+00   0.000000000000000E+00   0.000000000000000E+00   0.000000000000000E+00   0.000000000000000E+00   0.000000000000000E+00   0.000000000000000E+00   0.000000000000000E+00   0.000000000000000E+00  -1.266363464455214E-02   0.000000000000000E+00   0.000000000000000E+00   0.000000000000000E+00   0.000000000000000E+00   0.000000000000000E+00   0.000000000000000E+00   0.000000000000000E+00   0.000000000000000E+00   0.000000000000000E+00   0.000000000000000E+00   0.000000000000000E+00   0.000000000000000E+00   0.000000000000000E+00   0.000000000000000E+00   0.000000000000000E+00   0.000000000000000E+00   0.000000000000000E+00   0.000000000000000E+00   0.000000000000000E+00   0.000000000000000E+00   0.000000000000000E+00   0.000000000000000E+00   0.000000000000000E+00   0.000000000000000E+00   0.000000000000000E+00   0.000000000000000E+00   0.000000000000000E+00   0.000000000000000E+00   0.000000000000000E+00   0.000000000000000E+00   0.000000000000000E+00   0.000000000000000E+00   0.000000000000000E+00   0.000000000000000E+00   0.000000000000000E+00   0.000000000000000E+00   0.000000000000000E+00   0.000000000000000E+00   0.000000000000000E+00   0.000000000000000E+00   0.000000000000000E+00   0.000000000000000E+00   0.000000000000000E+00   0.000000000000000E+00   0.000000000000000E+00   0.000000000000000E+00   0.000000000000000E+00   0.000000000000000E+00   0.000000000000000E+00   0.000000000000000E+00   0.000000000000000E+00   0.000000000000000E+00   0.000000000000000E+00   0.000000000000000E+00   0.000000000000000E+00   0.000000000000000E+00   0.000000000000000E+00   0.000000000000000E+00   0.000000000000000E+00   0.000000000000000E+00   0.000000000000000E+00   0.000000000000000E+00   0.000000000000000E+00   0.000000000000000E+00   0.000000000000000E+00   0.000000000000000E+00   0.000000000000000E+00   0.000000000000000E+00   0.000000000000000E+00   0.000000000000000E+00   0.000000000000000E+00   0.000000000000000E+00   0.000000000000000E+00   0.000000000000000E+00   0.000000000000000E+00   0.000000000000000E+00   0.000000000000000E+00   0.000000000000000E+00   0.000000000000000E+00   0.000000000000000E+00   0.000000000000000E+00   0.000000000000000E+00   0.000000000000000E+00   0.000000000000000E+00   0.000000000000000E+00   0.000000000000000E+00   0.000000000000000E+00   0.000000000000000E+00   0.000000000000000E+00   0.000000000000000E+00   0.000000000000000E+00   0.000000000000000E+00   0.000000000000000E+00   0.000000000000000E+00   0.000000000000000E+00   0.000000000000000E+00   0.000000000000000E+00   0.000000000000000E+00   0.000000000000000E+00   0.000000000000000E+00   0.000000000000000E+00   0.000000000000000E+00  -1.099381863552024E-05  -5.050777055492752E-06   3.518850834267341E-06  -6.850949596318883E-06   2.036588912260310E-06  -3.262052913445363E-06   1.590034223945471E-07  -5.022676905713587E-06   0.000000000000000E+00  -1.280179139440349E-05  -1.248503064287855E-06   3.164070112618262E-07  -1.811705045372722E-06   6.514961614125100E-06   0.000000000000000E+00  -3.038503135169200E-05
  -9.630788772708489E-06   6.200392324545074E-06  -9.937609768787434E-06  -4.007387772083124E-06   8.453411518247808E-06   2.538617561107484E-05  -3.039769001326934E-05  -2.634620720002883E-05   7.484496368480875E-05   7.203629474911283E-05  -1.493555999907907E-04  -1.332242756712611E-05   1.639426641984038E-06  -4.923413772071060E-06   8.147016113809451E-06   2.920745653936098E-06   9.584655978147916E-04   9.131117748801530E-04  -8.693386228816824E-04  -1.160165040822010E-03   1.016167765811161E-05   6.036966363233744E-03   3.802035852677442E-03  -8.403338423981855E-03  -4.524437784455781E-04  -1.293026693515076E-05   3.249717735017564E-07  -8.230164311979395E-07   1.092511695752291E-07   0.000000000000000E+00   0.000000000000000E+00   0.000000000000000E+00   0.000000000000000E+00   0.000000000000000E+00   2.380916961279569E-04   2.224374287885548E-04  -8.868471313348802E-05  -3.954533367780728E-04   2.659991869526692E-02   1.765521195757375E-02  -2.320344804595317E-02  -1.684923674132811E-02  -7.429022043748529E-03   9.713428657014159E-06   1.741478826993151E-06  -1.763559888485400E-06   4.218697441806404E-06  -2.731378334243245E-07   0.000000000000000E+00   0.000000000000000E+00   0.000000000000000E+00   0.000000000000000E+00   1.093177963541114E-03   7.535731381546776E-04   2.615343845254739E-04  -1.765072837792368E-03   7.718111693580127E-06   1.878794258521314E-01   7.986957437692122E-02  -3.138428554694812E-02  -1.374517244696350E-01   0.000000000000000E+00   0.000000000000000E+00   0.000000000000000E+00   0.000000000000000E+00   0.000000000000000E+00   0.000000000000000E+00   0.000000000000000E+00   0.000000000000000E+00   0.000000000000000E+00   3.005628117424521E-02   1.129176447566915E-02   1.310139278737442E-02  -3.305136361026167E-02  -4.903755009033986E-05  -1.629819903309193E-01   0.000000000000000E+00   0.000000000000000E+00   0.000000000000000E+00   0.000000000000000E+00   0.000000000000000E+00   0.000000000000000E+00   0.000000000000000E+00   0.000000000000000E+00   0.000000000000000E+00  -8.411973926492882E-03   0.000000000000000E+00   0.000000000000000E+00   0.000000000000000E+00   0.000000000000000E+00   0.000000000000000E+00   0.000000000000000E+00   0.000000000000000E+00   0.000000000000000E+00   0.000000000000000E+00   0.000000000000000E+00   0.000000000000000E+00   0.000000000000000E+00   0.000000000000000E+00   0.000000000000000E+00   0.000000000000000E+00   0.000000000000000E+00   0.000000000000000E+00   0.000000000000000E+00   0.000000000000000E+00   0.000000000000000E+00   0.000000000000000E+00   0.000000000000000E+00   0.000000000000000E+00   0.000000000000000E+00   0.000000000000000E+00   0.000000000000000E+00   0.000000000000000E+00   0.000000000000000E+00   0.000000000000000E+00   0.000000000000000E+00   0.000000000000000E+00   0.000000000000000E+00   0.000000000000000E+00   0.000000000000000E+00   0.000000000000000E+00   0.000000000000000E+00   0.000000000000000E+00   0.000000000000000E+00   0.000000000000000E+00   0.000000000000000E+00   0.000000000000000E+00   0.000000000000000E+00   0.000000000000000E+00   0.000000000000000E+00   0.000000000000000E+00   0.000000000000000E+00   0.000000000000000E+00   0.000000000000000E+00   0.000000000000000E+00   0.000000000000000E+00   0.000000000000000E+00   0.000000000000000E+00   0.000000000000000E+00   0.000000000000000E+00   0.000000000000000E+00   0.000000000000000E+00   0.000000000000000E+00   0.000000000000000E+00   0.000000000000000E+00   0.000000000000000E+00   0.000000000000000E+00   0.000000000000000E+00   0.000000000000000E+00   0.000000000000000E+00   0.000000000000000E+00   0.000000000000000E+00   0.000000000000000E+00   0.000000000000000E+00   0.000000000000000E+00   0.000000000000000E+00   0.000000000000000E+00   0.000000000000000E+00   0.000000000000000E+00   0.000000000000000E+00   0.000000000000000E+00   0.000000000000000E+00   0.000000000000000E+00  -1.317685981166131E-06  -9.373310259770171E-06   5.748876140966364E-06  -1.917791170047693E-06  -1.039910032466083E-06  -9.963826120391353E-06   2.131560175450260E-06  -4.167807799385825E-06   0.000000000000000E+00   0.000000000000000E+00   0.000000000000000E+00   0.000000000000000E+00   0.000000000000000E+00   0.000000000000000E+00   0.000000000000000E+00   4.614079481877546E-06  -1.167819309950354E-05  -7.001900033144200E-06   2.468965961768902E-06  -1.657794660839413E-06  -3.870435912155485E-06  -1.071192993108993E-05  -4.154281996988853E-07  -4.941742798293167E-06   0.000000000000000E+00   2.271602720550342E-05   7.010777587710906E-05  -1.440679575211065E-05   5.176328366642657E-06  -1.252663721893045E-05   6.425560550281382E-08   1.402253667987583E-08   2.146817007284055E-08   0.000000000000000E+00   4.410794373509015E-05   1.084377459987729E-04   1.211471668147885E-05   1.227243177206823E-05  -6.992941036053609E-05   1.041381630917244E-05  -1.899002550827371E-04
  -5.172395651725152E-06   1.752575207944322E-06   1.326065961818020E-05  -1.822830547492765E-05  -5.508385257508150E-07  -6.378900517472824E-07  -7.113474080158336E-06   8.888180512733157E-06   1.453884139255948E-04  -2.125915590162412E-05   2.224749205878175E-04  -1.919282641408377E-04   1.189414570012493E-05   1.211008095002283E-05   1.930517005942231E-05  -4.909694866797886E-05   0.000000000000000E+00   0.000000000000000E+00   0.000000000000000E+00   0.000000000000000E+00   0.000000000000000E+00  -1.067313341612032E-05  -1.854513201653369E-06   8.233192833040176E-06  -4.661168406896973E-06   9.297131717300127E-03  -1.143300930591017E-03   1.048495931061317E-02  -8.531700223997844E-03   1.093298238956833E-03   5.868391147245081E-04   3.543974300048429E-04  -1.813774617780419E-03   1.055567670473191E-05   0.000000000000000E+00   0.000000000000000E+00   0.000000000000000E+00   0.000000000000000E+00   2.027291923926590E-06   1.437470164954514E-06  -7.853498270478525E-06   4.976793264573555E-06   6.295852902170631E-06  -1.157016089485717E-02   3.157040432714787E-02   7.541031924212049E-03   1.484061637247457E-02  -3.533191985406305E-02   2.963449384863273E-04   2.516211131611087E-04  -9.069344429649525E-05  -5.008717611312652E-04   0.000000000000000E+00   0.000000000000000E+00   0.000000000000000E+00   0.000000000000000E+00   0.000000000000000E+00   0.000000000000000E+00   0.000000000000000E+00   0.000000000000000E+00   0.000000000000000E+00   1.942706294482857E-01   7.490951782818173E-02  -3.425869521099277E-02  -1.451177877199122E-01   1.084766488314584E-03   9.937342314499666E-04  -9.190415654827726E-04  -1.367785434112282E-03   6.181938058742912E-06   0.000000000000000E+00   0.000000000000000E+00   0.000000000000000E+00   0.000000000000000E+00   0.000000000000000E+00   0.000000000000000E+00  -1.666482930513861E-01   2.791434521442928E-02   1.773737720853988E-02  -2.361925880676291E-02  -1.904124476025928E-02   9.068843895992673E-06   2.571709525559814E-05  -3.051589306170077E-05  -2.794866738546881E-05   0.000000000000000E+00   6.119806046933138E-03   3.467054580763696E-03  -8.625844356019085E-03  -9.756510886097680E-04  -7.708411943662934E-06   8.310872978546778E-06  -1.327104371382636E-05  -5.893547517202293E-06   1.037500916824904E-05   9.742995830327311E-05   8.251500491501225E-05  -1.877487366080452E-04  -2.842287692140618E-05  -7.577585987561526E-03   4.348227288803218E-06   4.917560377215832E-06  -1.234576432990943E-05   9.001784873785241E-07   1.973270566812252E-07   3.097190213219787E-07  -4.938317610456814E-06  -1.059438110001796E-05  -3.779217092467957E-07  -5.164734064285139E-06   2.676114501451329E-05   7.781885896100637E-05   8.715082335865562E-06   7.984440559760433E-06  -1.082773360492358E-05  -7.562289882468995E-06  -3.961191442042432E-06  -2.934439732098140E-06  -1.450562535129583E-06  -9.909055782067287E-06   2.146843382988038E-06  -4.494557956611630E-06   0.000000000000000E+00   4.152280780651819E-06   3.769066089879388E-05  -7.491603687997756E-06   2.745332834608492E-06   9.344467997810332E-05   1.860196523997583E-04   6.598582609797704E-05  -2.323077326451311E-05  -1.244318610111827E-05  -3.952702471905637E-06  -3.159703929208142E-06  -8.222554484729516E-07   0.000000000000000E+00   0.000000000000000E+00   0.000000000000000E+00   0.000000000000000E+00   0.000000000000000E+00  -1.145703301037822E-05  -7.209749332538748E-06   2.536616192388312E-06  -1.867253530688037E-06  -1.383175749633718E-05  -1.179895097137025E-04   5.737324387757146E-06   3.333490456816747E-05   2.469999548552884E-05  -2.981792353550208E-06   4.968721511571534E-07  -6.579612647935777E-06  -7.790428012890118E-06  -1.617689083926425E-06   0.000000000000000E+00   0.000000000000000E+00   0.000000000000000E+00   0.000000000000000E+00   0.000000000000000E+00  -1.155714425513069E-06  -9.242861082787766E-06   5.671170533689239E-06  -2.049348692834660E-06  -7.770520578696327E-06   9.716093354111389E-06   1.155574230890091E-05  -3.890555244039147E-06   9.203899404873139E-07  -1.149539651962186E-06  -1.856604062171829E-06  -1.781386798242262E-08   0.000000000000000E+00   0.000000000000000E+00   0.000000000000000E+00   0.000000000000000E+00   0.000000000000000E+00   0.000000000000000E+00   1.606193582474639E-06  -8.114040310864412E-06  -5.406212431914642E-06  -5.973098764100768E-06  -1.021964812831634E-05   2.209592006074023E-06   0.000000000000000E+00   0.000000000000000E+00   0.000000000000000E+00   0.000000000000000E+00   0.000000000000000E+00   7.241436743915795E-07  -5.697497786739163E-07  -1.494468174525718E-06   4.955551006335983E-07   0.000000000000000E+00   0.000000000000000E+00   0.000000000000000E+00   0.000000000000000E+00   0.000000000000000E+00   0.000000000000000E+00   0.000000000000000E+00   0.000000000000000E+00   0.000000000000000E+00   0.000000000000000E+00   0.000000000000000E+00   0.000000000000000E+00
   4.479847674943913E-06   4.416032462273697E-08  -2.654923836301320E-07   1.692550917596405E-07  -3.204109234355968E-06  -4.406564391789157E-07   3.172949084322534E-06  -2.191228418017378E-06   2.228008479046037E-07   3.881766164551222E-06  -1.265184825826271E-05   4.109018941431574E-06  -7.594640575088944E-05   2.576210624356412E-06  -1.250966974157871E-04   1.211861715181943E-04   0.000000000000000E+00   0.000000000000000E+00   0.000000000000000E+00   0.000000000000000E+00   0.000000000000000E+00  -9.705650497220467E-07  -2.603915323149863E-06   7.272756312820860E-06  -1.596510654975560E-06  -5.028681301420564E-04   3.377089459683390E-04  -8.975085172437888E-04   1.250761530937513E-04  -6.434019595202406E-03   2.026123485425621E-04  -7.304165976548315E-03   7.113875985940194E-03  -8.358916866656838E-06   0.000000000000000E+00   0.000000000000000E+00   0.000000000000000E+00   0.000000000000000E+00   0.000000000000000E+00   0.000000000000000E+00   0.000000000000000E+00   0.000000000000000E+00   2.277246259151572E-06   1.201337605715415E-04  -1.934820869722004E-02   7.615444661798094E-03  -2.506548196520094E-02   8.161519713938952E-03  -2.053525928330549E-02  -7.187429696332569E-03  -9.961302610908400E-03   2.615980604732033E-02   0.000000000000000E+00   0.000000000000000E+00   0.000000000000000E+00   0.000000000000000E+00   0.000000000000000E+00   0.000000000000000E+00   0.000000000000000E+00   0.000000000000000E+00   0.000000000000000E+00  -1.605194195045953E-01   7.232035762052154E-02  -1.444565551730598E-01  -3.006324933502762E-02  -1.529330977652808E-01  -7.410284446959149E-02   1.968510908376240E-02   1.383700447879476E-01   1.015323271248177E-03   0.000000000000000E+00   0.000000000000000E+00   0.000000000000000E+00   0.000000000000000E+00   0.000000000000000E+00   0.000000000000000E+00   2.791434521442928E-02  -3.001569138007711E-01   0.000000000000000E+00   0.000000000000000E+00   0.000000000000000E+00  -1.908093523295521E-02  -1.478657026707535E-02   1.581227794493649E-02   1.622822050249758E-02   0.000000000000000E+00  -1.536422193100901E-01   5.872346322926029E-03   1.250695210361215E-01  -9.733458509319248E-02  -7.139638470239839E-03  -5.307254871628499E-03   9.607972596992491E-03   2.206730214038533E-03   9.444806547616828E-04  -1.957216934523857E-02  -6.364842180915309E-03   2.607065940300620E-02  -6.760105875914048E-03   2.759417292232781E-02   2.045493805613437E-04   9.282012276206490E-04   5.206210519626100E-06   3.984761245030006E-06   2.674132061425993E-06   3.016941408652831E-06   1.593388371473133E-06   7.291218618701425E-06   2.798083038107857E-06   6.452042036064682E-06  -1.195512313216730E-04  -2.052106617398943E-04  -1.202970159458019E-04  -1.003385140881695E-04   2.908769573825568E-07   5.342417569467845E-06   5.802740419488700E-06   4.439618914033436E-06   3.216520835917800E-06   8.219690676976883E-06   4.736416222498910E-07   6.816122746800996E-06   0.000000000000000E+00  -3.744499673050137E-04  -6.670015575286007E-04  -1.031036204681405E-04  -2.870734153247097E-04  -1.893984078440166E-04  -2.714592035109606E-04  -2.741906029629443E-04  -6.617308350971068E-05   7.575018545896538E-07   4.863970131692677E-06   7.559204367553494E-06   3.219518338591360E-06   0.000000000000000E+00  -4.470055634886723E-06  -3.321303242955975E-07   4.059232817782997E-08  -3.088884642004415E-07  -1.155166057791891E-05  -3.485571850510015E-05   2.906988582524089E-06  -2.175193278158347E-05   1.892800350244982E-03   8.667225077978872E-04   2.873298108478765E-06  -2.790467267004143E-06  -4.448944465688097E-06  -8.810400608389792E-07  -9.579676006873994E-07  -1.840097197280343E-07  -3.905820983041869E-07  -1.358224185746754E-07  -2.826402440733223E-06  -8.273278665748616E-07   3.241151219791587E-07  -7.288964247991044E-07   0.000000000000000E+00   2.183846519970593E-06  -6.009071269943195E-06   2.539823624426492E-06  -3.401690240751674E-06   5.063066108275696E-06   3.255785674880832E-06   8.379198823678737E-06  -1.003494400124747E-07   0.000000000000000E+00   0.000000000000000E+00   0.000000000000000E+00   0.000000000000000E+00   0.000000000000000E+00  -1.056966012090495E-06   5.465089775962908E-06  -2.994832859270508E-06   3.850418730375303E-06   0.000000000000000E+00   1.140864944657734E-05  -8.279485283748126E-06  -4.268315770080802E-06   1.711423835946739E-07   5.972814339039225E-07   7.097606286271625E-09   0.000000000000000E+00   0.000000000000000E+00   0.000000000000000E+00   0.000000000000000E+00   2.847839566122511E-08   0.000000000000000E+00   0.000000000000000E+00   0.000000000000000E+00   0.000000000000000E+00   0.000000000000000E+00   0.000000000000000E+00   0.000000000000000E+00   0.000000000000000E+00   0.000000000000000E+00   0.000000000000000E+00   0.000000000000000E+00   0.000000000000000E+00   0.000000000000000E+00   0.000000000000000E+00   0.000000000000000E+00   0.000000000000000E+00
  -4.412172996853312E-08   1.121324232599337E-06  -3.464216432762766E-06   2.208486217892281E-06   4.405414288481447E-07   2.095643455676680E-07   1.188927464328101E-06  -8.210694774994554E-07  -3.881784306056571E-06   3.180676369579226E-06  -1.427347382126929E-05   4.635684296428381E-06  -2.575859884320372E-06  -2.394774135237247E-05  -3.896114329613894E-06   3.774321697988313E-06   0.000000000000000E+00   0.000000000000000E+00   0.000000000000000E+00   0.000000000000000E+00   0.000000000000000E+00   2.603011979597222E-06  -3.762059267304321E-07   3.774604173678922E-06  -8.285986113642047E-07  -3.376590470563764E-04   7.612722031401058E-05  -6.067770229364317E-04   8.456001737747635E-05  -2.026161135005345E-04  -2.065704464531106E-03  -2.375602377483257E-04   2.313712579859360E-04  -1.400476667063403E-06   0.000000000000000E+00   0.000000000000000E+00   0.000000000000000E+00   0.000000000000000E+00   0.000000000000000E+00   0.000000000000000E+00   0.000000000000000E+00   0.000000000000000E+00  -3.242879537862859E-06   1.074165493578126E-04  -7.615657860990327E-03  -3.409576609290772E-03  -1.035017893807627E-02   3.370100346092749E-03   7.186320531314786E-03  -4.335541623303332E-03   3.661281786828121E-03  -9.615049875417427E-03   0.000000000000000E+00   0.000000000000000E+00   0.000000000000000E+00   0.000000000000000E+00   0.000000000000000E+00   0.000000000000000E+00   0.000000000000000E+00   0.000000000000000E+00   0.000000000000000E+00  -7.230568230963202E-02  -3.184333725623632E-02  -8.114955870404103E-02  -1.688825691450532E-02   7.410217523116647E-02  -2.372232070479500E-02  -1.176245169668829E-02  -8.268031237019456E-02  -5.778421785867480E-04   0.000000000000000E+00   0.000000000000000E+00   0.000000000000000E+00   0.000000000000000E+00   0.000000000000000E+00   0.000000000000000E+00   1.773737720853988E-02   0.000000000000000E+00  -1.448827385293743E-01   0.000000000000000E+00   0.000000000000000E+00   1.478569346398151E-02   5.561183841013011E-03  -1.284552423967901E-02  -1.318342623103479E-02   0.000000000000000E+00  -5.871929718307536E-03  -6.813281090023926E-02   5.904477746013438E-03  -4.595123470843255E-03   5.307072271634344E-03   1.770374032706614E-03  -7.380929539174212E-03  -1.695229670709475E-03  -9.097368673196417E-04   6.364625597901776E-03  -4.456101314605421E-03  -8.893051947554896E-03   2.305962875589658E-03   9.536962096813139E-03  -1.933644949712713E-04  -2.493872071539394E-04  -3.984681112600306E-06   8.861941079607361E-06   5.144561331573382E-06   5.804066423818024E-06  -7.291115772154365E-06  -2.712044995189482E-06  -1.575536526171797E-06  -3.632997219085358E-06   2.052098468967367E-04   2.988083454462610E-04   1.966333993059673E-04   1.640099128922324E-04  -5.342339209626685E-06  -2.408930760131353E-06  -3.898788574088655E-06  -2.982924315760899E-06  -8.219583406383349E-06  -4.646027500963231E-07  -1.176403861665600E-07  -1.692949425102024E-06   0.000000000000000E+00   6.669988707373731E-04   1.076056770056565E-03   1.837712693575369E-04   5.116779187140870E-04   2.714580997046922E-04   3.225009769731162E-04   3.835984127260032E-04   9.257753374918102E-05  -4.863914376476424E-06  -1.232563171415464E-06  -3.891273193717167E-06  -1.657320638322156E-06   0.000000000000000E+00   3.321218438340243E-07  -5.423174257788375E-06   6.404212984360354E-07  -4.873303902366479E-06   3.485557734518714E-05   7.074387579395001E-05  -6.310928353754090E-06   4.722236962522044E-05  -3.173083282002679E-03  -1.118000247462913E-03   2.790488796244794E-06   1.035819805043438E-05   1.672726071116315E-05   3.312558047935374E-06   1.840066547101883E-07  -3.494031003559100E-07  -5.716461787359572E-07  -1.987862907747010E-07   8.273162890146396E-07  -2.832078627362407E-06   1.025573934254965E-06  -2.306394004330548E-06   0.000000000000000E+00   6.009094317793776E-06   2.749254413996494E-05  -1.178953331196079E-05   1.579020685712756E-05  -3.255733897009789E-06   2.454527411169657E-06   2.333990929596742E-06  -2.795191851962770E-08   0.000000000000000E+00   0.000000000000000E+00   0.000000000000000E+00   0.000000000000000E+00   0.000000000000000E+00  -5.465026433095729E-06  -5.616355189748439E-06   3.566504154358157E-06  -4.585409284325467E-06   0.000000000000000E+00  -4.293569808370450E-05  -4.457166669376962E-06  -1.711421812218345E-07  -8.800583014446711E-07  -2.883386728607979E-06  -3.426382038523595E-08   0.000000000000000E+00   0.000000000000000E+00   0.000000000000000E+00   0.000000000000000E+00   4.213272397414147E-08   0.000000000000000E+00   0.000000000000000E+00   0.000000000000000E+00   0.000000000000000E+00   0.000000000000000E+00   0.000000000000000E+00   0.000000000000000E+00   0.000000000000000E+00   0.000000000000000E+00   0.000000000000000E+00   0.000000000000000E+00   0.000000000000000E+00   0.000000000000000E+00   0.000000000000000E+00   0.000000000000000E+00   0.000000000000000E+00
   2.652603521215891E-07  -3.464216432762766E-06   2.137201773047247E-05  -1.327744474732932E-05  -3.172120951810984E-06   1.188927464328101E-06  -8.186197097151140E-06   5.912115233471736E-06   1.265190738690753E-05  -1.427347382126929E-05   4.532293442395400E-05  -1.510909514004789E-05   1.250796660365415E-04  -3.896114329613894E-06   1.651611486293820E-04  -1.832750687925750E-04   0.000000000000000E+00   0.000000000000000E+00   0.000000000000000E+00   0.000000000000000E+00   0.000000000000000E+00  -7.270233267057157E-06   3.774604173678922E-06  -9.567257877300824E-06   2.314282545218845E-06   8.973759039416471E-04  -6.067770229364317E-04   1.460407293831647E-03  -2.247300129907811E-04   7.304301703112481E-03  -2.375602377483257E-04   6.491741581646612E-03  -8.340923357773771E-03  -9.100201042120986E-06   0.000000000000000E+00   0.000000000000000E+00   0.000000000000000E+00   0.000000000000000E+00   0.000000000000000E+00   0.000000000000000E+00   0.000000000000000E+00   0.000000000000000E+00   7.533808199994913E-06  -2.220674812087578E-04   2.506618368922958E-02  -1.035017893807627E-02   2.751240042933584E-02  -1.109235155625964E-02   9.959765381487818E-03   3.661281786828121E-03  -1.902990407071216E-03  -1.332582376101454E-02   0.000000000000000E+00   0.000000000000000E+00   0.000000000000000E+00   0.000000000000000E+00   0.000000000000000E+00   0.000000000000000E+00   0.000000000000000E+00   0.000000000000000E+00   0.000000000000000E+00   1.444272419212045E-01  -8.114955870404103E-02   8.962263097262223E-02   3.373350875210250E-02  -1.968493130338847E-02  -1.176245169668829E-02  -6.487637938920809E-02   2.196367736942558E-02  -3.621916692341860E-04   0.000000000000000E+00   0.000000000000000E+00   0.000000000000000E+00   0.000000000000000E+00   0.000000000000000E+00   0.000000000000000E+00  -2.361925880676291E-02   0.000000000000000E+00   0.000000000000000E+00  -1.448827385293743E-01   0.000000000000000E+00  -1.581134032018834E-02  -1.284552423967901E-02   7.285506866675654E-03   1.409792778626007E-02   0.000000000000000E+00  -1.250606481704506E-01   5.904477746013438E-03   5.734381584798138E-02  -9.786716586460521E-02  -9.607642027652507E-03  -7.380929539174212E-03   1.105533707168588E-02   3.068953840686278E-03   7.795171888272151E-04  -2.606977226993710E-02  -8.893051947554896E-03   2.979907776176087E-02  -9.445320247803748E-03   1.603540449920985E-02   3.441933915726518E-04   1.513308281103004E-03  -2.674078285381145E-06   5.144561331573382E-06   4.648420846847051E-06   3.895048951787576E-06  -2.798043569646699E-06  -1.575536526171797E-06   7.888443798742203E-07  -1.394201494677749E-06   1.202965382747126E-04   1.966333993059673E-04   7.864691599252824E-05   9.614462981204271E-05  -5.802655307868044E-06  -3.898788574088655E-06  -3.054150245022870E-06  -3.239944326752728E-06  -4.736354410175384E-07  -1.176403861665600E-07   1.570178048396579E-06  -9.755249237520644E-08   0.000000000000000E+00   1.031032051499154E-04   1.837712693575369E-04  -8.439581583206593E-05   7.909403709415347E-05   2.741894880502711E-04   3.835984127260032E-04   3.301819968292207E-04   9.350904103159411E-05  -7.559117717129499E-06  -3.891273193717167E-06  -4.776237774251831E-06  -2.575678934788523E-06   0.000000000000000E+00  -4.059129171215943E-08   6.404212984360354E-07  -2.614567975803752E-07   5.956058114678501E-07  -2.906976809699628E-06  -6.310928353754090E-06  -4.399828820259632E-06  -3.938374970527774E-06  -9.789981289671976E-05  -1.076952391137140E-03   4.448978790547296E-06   1.672726071116315E-05   2.653541057920195E-05   5.281332975625535E-06   3.905755924462171E-07  -5.716461787359572E-07  -1.293476789847941E-06  -4.219470943146051E-07  -3.241105863379755E-07   1.025573934254965E-06  -6.160054413294503E-07   9.035561404940951E-07   0.000000000000000E+00  -2.539833365944402E-06  -1.178953331196079E-05   4.582233369192106E-06  -6.673966509751994E-06  -8.379065566419362E-06   2.333990929596742E-06   7.554478933232723E-06  -7.193799167624907E-08   0.000000000000000E+00   0.000000000000000E+00   0.000000000000000E+00   0.000000000000000E+00   0.000000000000000E+00   2.994798147800468E-06   3.566504154358157E-06  -1.062477524687367E-06   2.512773798941374E-06   0.000000000000000E+00   2.484768453572525E-05  -1.383126117124954E-05  -5.972807276291988E-07  -2.883386728607979E-06  -1.011679268039805E-05  -1.195796350434672E-07   0.000000000000000E+00   0.000000000000000E+00   0.000000000000000E+00   0.000000000000000E+00  -3.197022999405983E-08   0.000000000000000E+00   0.000000000000000E+00   0.000000000000000E+00   0.000000000000000E+00   0.000000000000000E+00   0.000000000000000E+00   0.000000000000000E+00   0.000000000000000E+00   0.000000000000000E+00   0.000000000000000E+00   0.000000000000000E+00   0.000000000000000E+00   0.000000000000000E+00   0.000000000000000E+00   0.000000000000000E+00   0.000000000000000E+00
  -1.691071684417185E-07   2.208486217892281E-06  -1.327744474732932E-05   9.009664297850336E-06   2.190656512372198E-06  -8.210694774994554E-07   5.912115233471736E-06  -3.708206169164063E-06  -4.109038145006942E-06   4.635684296428381E-06  -1.510909514004789E-05   3.708446719968689E-06  -1.211696725402909E-04   3.774321697988313E-06  -1.832750687925750E-04   1.535179085743259E-04   0.000000000000000E+00   0.000000000000000E+00   0.000000000000000E+00   0.000000000000000E+00   0.000000000000000E+00   1.595956797638468E-06  -8.285986113642047E-07   2.314282545218845E-06   4.672119798738063E-07  -1.250576721976236E-04   8.456001737747635E-05  -2.247300129907811E-04  -1.208688637867132E-04  -7.114008176521373E-03   2.313712579859360E-04  -8.340923357773771E-03   6.051329284168207E-03   1.243200234560556E-05   0.000000000000000E+00   0.000000000000000E+00   0.000000000000000E+00   0.000000000000000E+00   0.000000000000000E+00   0.000000000000000E+00   0.000000000000000E+00   0.000000000000000E+00  -4.355640552980783E-07  -3.023948858891844E-05  -8.161748200847817E-03   3.370100346092749E-03  -1.109235155625964E-02  -2.942430955599262E-03  -2.615576906289536E-02  -9.615049875417427E-03  -1.332582376101454E-02   2.801823500172312E-02   0.000000000000000E+00   0.000000000000000E+00   0.000000000000000E+00   0.000000000000000E+00   0.000000000000000E+00   0.000000000000000E+00   0.000000000000000E+00   0.000000000000000E+00   0.000000000000000E+00   3.005714887390082E-02  -1.688825691450532E-02   3.373350875210250E-02  -6.544947036558596E-02  -1.383687951388754E-01  -8.268031237019456E-02   2.196367736942558E-02   8.638547110025828E-02   1.675054495488051E-03   0.000000000000000E+00   0.000000000000000E+00   0.000000000000000E+00   0.000000000000000E+00   0.000000000000000E+00   0.000000000000000E+00  -1.904124476025928E-02   0.000000000000000E+00   0.000000000000000E+00   0.000000000000000E+00  -1.448827385293743E-01  -1.622725821349566E-02  -1.318342623103479E-02   1.409792778626007E-02   8.017694793549178E-03   0.000000000000000E+00   9.732767984008593E-02  -4.595123470843255E-03  -9.786716586460521E-02   7.754477760250849E-03  -2.206654289867953E-03  -1.695229670709475E-03   3.068953840686278E-03  -1.601838029840171E-03   1.192092843903778E-03   6.759875842857330E-03   2.305962875589658E-03  -9.445320247803748E-03  -4.178068732377613E-03  -2.927080076635574E-02   7.515671729090699E-05  -6.434076251288915E-04  -3.016880738808272E-06   5.804066423818024E-06   3.895048951787576E-06   5.590332219463580E-06  -6.451951026553159E-06  -3.632997219085358E-06  -1.394201494677749E-06  -1.821387152044064E-06   1.003381156675857E-04   1.640099128922324E-04   9.614462981204271E-05   4.357125201180470E-05  -4.439553795979972E-06  -2.982924315760899E-06  -3.239944326752728E-06  -1.298276483276271E-06  -6.816033793388832E-06  -1.692949425102024E-06  -9.755249237520644E-08   1.730899883262823E-07   0.000000000000000E+00   2.870722589460997E-04   5.116779187140870E-04   7.909403709415347E-05   1.074202946681231E-04   6.617281443699764E-05   9.257753374918102E-05   9.350904103159411E-05  -3.470870471247212E-05  -3.219481433565972E-06  -1.657320638322156E-06  -2.575678934788523E-06   1.742768221252050E-07   0.000000000000000E+00   3.088805771857385E-07  -4.873303902366479E-06   5.956058114678501E-07  -4.715464933101356E-06   2.175184468984211E-05   4.722236962522044E-05  -3.938374970527774E-06   2.454325588642284E-05  -5.266731110361753E-04   1.299865983465623E-04   8.810468583111146E-07   3.312558047935374E-06   5.281332975625535E-06   9.124052609104170E-07   1.358201562043103E-07  -1.987862907747010E-07  -4.219470943146051E-07  -2.268204769322657E-07   7.288862246806330E-07  -2.306394004330548E-06   9.035561404940951E-07  -2.246215636857649E-06   0.000000000000000E+00   3.401703287967270E-06   1.579020685712756E-05  -6.673966509751994E-06   8.537929061728728E-06   1.003478441210730E-07  -2.795191851962770E-08  -7.193799167624907E-08   1.548503403808828E-06   0.000000000000000E+00   0.000000000000000E+00   0.000000000000000E+00   0.000000000000000E+00   0.000000000000000E+00  -3.850374102277281E-06  -4.585409284325467E-06   2.512773798941374E-06  -2.338698455454807E-06   0.000000000000000E+00  -1.540399700599920E-05   2.805803350988234E-06  -7.097597893477821E-09  -3.426382038523595E-08  -1.195796350434672E-07  -5.528639254742315E-08   0.000000000000000E+00   0.000000000000000E+00   0.000000000000000E+00   0.000000000000000E+00   2.749585815605351E-08   0.000000000000000E+00   0.000000000000000E+00   0.000000000000000E+00   0.000000000000000E+00   0.000000000000000E+00   0.000000000000000E+00   0.000000000000000E+00   0.000000000000000E+00   0.000000000000000E+00   0.000000000000000E+00   0.000000000000000E+00   0.000000000000000E+00   0.000000000000000E+00   0.000000000000000E+00   0.000000000000000E+00   0.000000000000000E+00
  -8.935663494387031E-07  -2.641867008316238E-06   7.347169512487551E-06  -1.611250904865480E-06   0.000000000000000E+00   0.000000000000000E+00   0.000000000000000E+00   0.000000000000000E+00  -3.274623809309494E-06  -1.551705350199604E-06   3.379155034124690E-06   9.798137852489530E-09   1.487256967832404E-06   2.859000265141300E-06  -9.172180702272537E-06   3.060671930547858E-06   0.000000000000000E+00   0.000000000000000E+00   0.000000000000000E+00   0.000000000000000E+00   0.000000000000000E+00   0.000000000000000E+00   0.000000000000000E+00   0.000000000000000E+00   0.000000000000000E+00   3.956934729729447E-06  -5.198617823635811E-06   9.631218429638312E-06   1.942182683884242E-06  -4.007078321201925E-04   2.876149358463554E-04  -7.194827839169500E-04   1.107167772464827E-04  -1.158904865531000E-05   0.000000000000000E+00   0.000000000000000E+00   0.000000000000000E+00   0.000000000000000E+00   0.000000000000000E+00   0.000000000000000E+00   0.000000000000000E+00   0.000000000000000E+00   0.000000000000000E+00   5.896613289870157E-07  -8.162356662159670E-05   8.796963300346992E-05  -1.598510089704358E-04  -3.233122222759708E-05  -1.730918292959595E-02   7.343376289479026E-03  -2.257984358670395E-02   7.188745129499794E-03   0.000000000000000E+00   0.000000000000000E+00   0.000000000000000E+00   0.000000000000000E+00   0.000000000000000E+00   0.000000000000000E+00   0.000000000000000E+00   0.000000000000000E+00   0.000000000000000E+00  -5.138296201688274E-04   5.173734525049950E-04  -7.043056869888728E-04  -4.568546870279223E-04  -1.489282104941629E-01   7.210135482102084E-02  -1.347915498115621E-01  -2.387906706084556E-02   7.098479732185582E-03   0.000000000000000E+00   0.000000000000000E+00   0.000000000000000E+00   0.000000000000000E+00   0.000000000000000E+00   0.000000000000000E+00   9.068843895992673E-06  -1.908093523295521E-02   1.478569346398151E-02  -1.581134032018834E-02  -1.622725821349566E-02  -2.957773841316355E-01   0.000000000000000E+00   0.000000000000000E+00   0.000000000000000E+00   0.000000000000000E+00  -9.141665302873312E-03   7.101210878209846E-03  -1.587351808684143E-03  -1.194984367417891E-02  -1.699736223763510E-01  -7.105328204638731E-04   1.266522864476997E-01  -1.150414598118457E-01   1.801890442815706E-01  -2.295478386032060E-02   1.044320333422768E-02   1.163047713927047E-02  -2.772833054206749E-02   2.673725533196191E-04   2.886315786472119E-02   1.122470015741256E-03  -1.605509359538273E-06   2.445235828902182E-06   4.039291084991526E-06   4.406965127270506E-06  -4.197859982736372E-06   2.410275386940018E-07   2.534892536608548E-07   4.329175139925771E-07   1.658025680484814E-06  -3.486342590959699E-06  -5.994339101118752E-06  -5.490304635448216E-06  -1.125123688990065E-08  -1.771173446625661E-09  -4.213541959978650E-09  -3.520468176513550E-09  -9.712200831434071E-07   3.639928053278663E-06   2.003929811106925E-06   6.085787896511906E-06   0.000000000000000E+00  -1.185978182647342E-04  -1.316264733699615E-04  -1.215472827567005E-04  -1.829834659641508E-04   1.915335608310404E-06  -2.370017272608441E-06  -6.955788889259342E-06  -3.520249103830320E-06  -2.974264346712159E-15  -3.639096281864001E-16  -1.309918125050982E-15  -7.400699434146455E-16   0.000000000000000E+00  -9.526759234451726E-07  -2.272582309689693E-07  -5.167038312206625E-08  -3.814203269575800E-07  -1.771359100947898E-06  -9.729130492015950E-06  -4.105778404046255E-06  -1.465722278640524E-05   2.507822097249272E-03   8.355069902799503E-05  -1.094439132309709E-06   1.516100123479692E-06   6.608810774328764E-06   2.702555970804922E-06   0.000000000000000E+00   0.000000000000000E+00   0.000000000000000E+00   0.000000000000000E+00  -2.936154752675880E-06  -6.212853025060340E-07   9.161970339749030E-08  -9.905337663173082E-07   0.000000000000000E+00  -1.160027020463179E-05  -2.408741283409226E-05   2.547467538307144E-06  -3.327209883653324E-05  -4.098300177714531E-06   1.015383785799500E-07   1.044585792060712E-06   2.262108826366818E-07   0.000000000000000E+00   0.000000000000000E+00   0.000000000000000E+00   0.000000000000000E+00   0.000000000000000E+00   1.924179075733958E-06   5.738025499336022E-06  -1.927424868293110E-06   8.248991960098009E-06   0.000000000000000E+00   2.926184092318272E-04  -3.023062566394545E-06   0.000000000000000E+00   0.000000000000000E+00   0.000000000000000E+00   0.000000000000000E+00   0.000000000000000E+00   0.000000000000000E+00   0.000000000000000E+00   0.000000000000000E+00  -1.843481123724851E-06   0.000000000000000E+00   0.000000000000000E+00   0.000000000000000E+00   0.000000000000000E+00   0.000000000000000E+00   0.000000000000000E+00   0.000000000000000E+00   0.000000000000000E+00   0.000000000000000E+00   0.000000000000000E+00   0.000000000000000E+00   0.000000000000000E+00   0.000000000000000E+00   0.000000000000000E+00   0.000000000000000E+00   0.000000000000000E+00
   2.642275339104826E-06  -3.609014123759002E-07   3.755537092729089E-06  -8.235977853282004E-07   0.000000000000000E+00   0.000000000000000E+00   0.000000000000000E+00   0.000000000000000E+00   1.551928911614860E-06  -1.870390073468893E-06   4.839835130515323E-06   1.403349988775950E-08  -2.859067148397532E-06   3.165968407611690E-06  -1.245039712892785E-05   4.154582454665516E-06   0.000000000000000E+00   0.000000000000000E+00   0.000000000000000E+00   0.000000000000000E+00   0.000000000000000E+00   0.000000000000000E+00   0.000000000000000E+00   0.000000000000000E+00   0.000000000000000E+00   5.196710796056428E-06   1.367444281293869E-06   6.364935291348675E-07   1.283520584359267E-07  -2.876304027918542E-04   8.572604982292869E-05  -5.171916739758118E-04   7.958744342647835E-05   1.138497129260685E-06   0.000000000000000E+00   0.000000000000000E+00   0.000000000000000E+00   0.000000000000000E+00   0.000000000000000E+00   0.000000000000000E+00   0.000000000000000E+00   0.000000000000000E+00   0.000000000000000E+00  -5.317581065678804E-06  -8.797500992874280E-05   6.192475754089927E-05  -1.591673301834662E-04  -3.219294239479417E-05  -7.342689752047162E-03  -2.560757742217890E-03  -1.002125412301307E-02   3.190466820182517E-03   0.000000000000000E+00   0.000000000000000E+00   0.000000000000000E+00   0.000000000000000E+00   0.000000000000000E+00   0.000000000000000E+00   0.000000000000000E+00   0.000000000000000E+00   0.000000000000000E+00  -5.173304306736971E-04   3.693316692835389E-04  -7.144184695970458E-04  -4.634144411500146E-04  -7.210550372383329E-02  -2.286638536328130E-02  -8.007057202029007E-02  -1.418494380059991E-02   9.768703989542732E-04   0.000000000000000E+00   0.000000000000000E+00   0.000000000000000E+00   0.000000000000000E+00   0.000000000000000E+00   0.000000000000000E+00   2.571709525559814E-05  -1.478657026707535E-02   5.561183841013011E-03  -1.284552423967901E-02  -1.318342623103479E-02   0.000000000000000E+00  -1.405641793986509E-01   0.000000000000000E+00   0.000000000000000E+00   0.000000000000000E+00  -7.101184536476761E-03   2.733615642786432E-03  -1.277350097694962E-03  -9.616100162008425E-03   7.105493097402361E-04  -7.821012220090477E-02  -6.715322169695828E-04   6.099696161645491E-04  -7.332619284201831E-02  -1.044347434891231E-02  -2.841686436853345E-03   5.570626192914721E-03  -1.328098259029185E-02   2.594370475954464E-04  -9.218448407770244E-03   4.839520989362785E-04  -2.445491039374856E-06  -9.604161285797814E-07  -2.838029530245785E-06  -3.096359461794843E-06  -2.410275284443726E-07  -2.040659036181755E-06  -2.085910268842320E-06  -3.562388049818366E-06   3.486275050924987E-06   6.310370729961689E-06   1.187669049839825E-05   1.087803806177229E-05   1.771387873174188E-09  -2.727378213133645E-09  -4.139625099133074E-09  -3.458709694270750E-09  -3.640320060972548E-06  -1.902977355307786E-06  -1.543257740275844E-06  -4.686760596560593E-06   0.000000000000000E+00   1.316313435842827E-04   1.028488809467623E-04   1.284923200405823E-04   1.934388785791638E-04   2.369955482926607E-06   3.157845557729224E-06   1.074535557470787E-05   5.438107586993098E-06   3.639547036555050E-16  -5.321373862631363E-16  -9.655014327277283E-16  -5.454833985580277E-16   0.000000000000000E+00   2.272872752290910E-07  -4.965909471676058E-07  -9.503346937667965E-08  -7.015178671296991E-07   9.729327956974269E-06   1.606026807947827E-05   7.541704903933910E-06   2.692314053221828E-05  -2.437004038102514E-03  -4.968732342364570E-05  -1.516260522814894E-06   3.795652866950080E-07  -2.214036056482667E-06  -9.053907833565334E-07   0.000000000000000E+00   0.000000000000000E+00   0.000000000000000E+00   0.000000000000000E+00   6.213681577781644E-07  -1.697428884629895E-06   2.179615203071928E-07  -2.356460866124613E-06   0.000000000000000E+00   2.408831173761259E-05   3.116794260728436E-05  -3.817201979300186E-06   4.985591361791602E-05  -1.015434842867444E-07  -9.360897605102851E-08  -1.019305921794062E-06  -2.207363856547935E-07   0.000000000000000E+00   0.000000000000000E+00   0.000000000000000E+00   0.000000000000000E+00   0.000000000000000E+00  -5.738708893259959E-06  -7.810728810484571E-07   7.408478041941039E-07  -3.170680051391798E-06   0.000000000000000E+00  -3.584356379333129E-04   2.744310262341565E-07   0.000000000000000E+00   0.000000000000000E+00   0.000000000000000E+00   0.000000000000000E+00   0.000000000000000E+00   0.000000000000000E+00   0.000000000000000E+00   0.000000000000000E+00   6.249721259058582E-06   0.000000000000000E+00   0.000000000000000E+00   0.000000000000000E+00   0.000000000000000E+00   0.000000000000000E+00   0.000000000000000E+00   0.000000000000000E+00   0.000000000000000E+00   0.000000000000000E+00   0.000000000000000E+00   0.000000000000000E+00   0.000000000000000E+00   0.000000000000000E+00   0.000000000000000E+00   0.000000000000000E+00   0.000000000000000E+00
  -7.348305101641535E-06   3.755537092729089E-06  -9.454843723547570E-06   2.290468263492272E-06   0.000000000000000E+00   0.000000000000000E+00   0.000000000000000E+00   0.000000000000000E+00  -3.379641884725353E-06   4.839835130515323E-06  -1.018767015665675E-05  -3.056080961892071E-08   9.172395275639177E-06  -1.245039712892785E-05   3.922822239575319E-05  -1.332863850392115E-05   0.000000000000000E+00   0.000000000000000E+00   0.000000000000000E+00   0.000000000000000E+00   0.000000000000000E+00   0.000000000000000E+00   0.000000000000000E+00   0.000000000000000E+00   0.000000000000000E+00  -9.627685375316670E-06   6.364935291348675E-07   5.318031159332668E-07  -2.377914193018223E-07   7.195214752351648E-04  -5.171916739758118E-04   1.172757647923586E-03  -1.990918698043721E-04  -5.490771659392151E-06   0.000000000000000E+00   0.000000000000000E+00   0.000000000000000E+00   0.000000000000000E+00   0.000000000000000E+00   0.000000000000000E+00   0.000000000000000E+00   0.000000000000000E+00   0.000000000000000E+00   8.698617547135650E-06   1.598607794662385E-04  -1.591673301834662E-04   2.635568370338140E-04   5.849830387870302E-05   2.257773258119139E-02  -1.002125412301307E-02   2.499408715871624E-02  -9.810234274866615E-03   0.000000000000000E+00   0.000000000000000E+00   0.000000000000000E+00   0.000000000000000E+00   0.000000000000000E+00   0.000000000000000E+00   0.000000000000000E+00   0.000000000000000E+00   0.000000000000000E+00   7.042471209370181E-04  -7.144184695970458E-04   8.170745546852049E-04   6.308507418663398E-04   1.347993060741385E-01  -8.007057202029007E-02   8.399284856389419E-02   2.651837213903964E-02  -8.292686870446537E-03   0.000000000000000E+00   0.000000000000000E+00   0.000000000000000E+00   0.000000000000000E+00   0.000000000000000E+00   0.000000000000000E+00  -3.051589306170077E-05   1.581227794493649E-02  -1.284552423967901E-02   7.285506866675654E-03   1.409792778626007E-02   0.000000000000000E+00   0.000000000000000E+00  -1.405641793986509E-01   0.000000000000000E+00   0.000000000000000E+00   1.587345920449253E-03  -1.277350097694962E-03  -2.695235644410318E-03   2.149511434942757E-03  -1.266552256568299E-01  -6.715322169695828E-04   4.148654966974256E-02  -1.087269220026042E-01   2.190334394658944E-02  -1.163077896525174E-02   5.570626192914721E-03  -1.639703261967031E-03  -1.479087971955702E-02  -5.917320660056700E-05   3.254852594677431E-02   9.990036539381608E-04  -4.039712667799564E-06  -2.838029530245785E-06  -3.930527107349859E-06  -5.114883816982298E-06  -2.534892428812947E-07  -2.085910268842320E-06  -2.251050570408570E-06  -3.746572250174491E-06   5.994222974300920E-06   1.187669049839825E-05   1.982333298389995E-05   1.870345417751673E-05   4.214052071092428E-09  -4.139625099133074E-09  -1.083525781885035E-08  -8.228114785685831E-09  -2.004145627434187E-06  -1.543257740275844E-06   5.056152392806399E-08  -2.580254098294406E-06   0.000000000000000E+00   1.215517800383037E-04   1.284923200405823E-04   8.235458448823528E-05   1.786264530898413E-04   6.955607542065236E-06   1.074535557470787E-05   3.103328316220398E-05   1.596035977010913E-05   1.310080377350461E-15  -9.655014327277283E-16  -3.739300339847167E-15  -1.963505594085495E-15   0.000000000000000E+00   5.167698674668123E-08  -9.503346937667965E-08  -1.002190954077371E-07  -1.595000401394294E-07   4.105861735990677E-06   7.541704903933910E-06   1.371966510279411E-06   1.136180145358287E-05  -2.054120221972783E-03  -1.660490682980418E-04  -6.609509968820117E-06  -2.214036056482667E-06  -8.763695305719378E-06  -3.946676259277255E-06   0.000000000000000E+00   0.000000000000000E+00   0.000000000000000E+00   0.000000000000000E+00  -9.163192189908189E-08   2.179615203071928E-07  -2.515453949063921E-07   3.475025801371396E-07   0.000000000000000E+00  -2.547562605699972E-06  -3.817201979300186E-06  -4.521656709005595E-06  -5.272725734767454E-06  -1.044638317508236E-06  -1.019305921794062E-06  -1.048073518334341E-05  -2.270846703192892E-06   0.000000000000000E+00   0.000000000000000E+00   0.000000000000000E+00   0.000000000000000E+00   0.000000000000000E+00   1.927654422944616E-06   7.408478041941039E-07   1.175608791111402E-06   1.065043642828111E-06   0.000000000000000E+00   1.106257666796269E-04   1.176921036919158E-05   0.000000000000000E+00   0.000000000000000E+00   0.000000000000000E+00   0.000000000000000E+00   0.000000000000000E+00   0.000000000000000E+00   0.000000000000000E+00   0.000000000000000E+00  -3.982344807837243E-06   0.000000000000000E+00   0.000000000000000E+00   0.000000000000000E+00   0.000000000000000E+00   0.000000000000000E+00   0.000000000000000E+00   0.000000000000000E+00   0.000000000000000E+00   0.000000000000000E+00   0.000000000000000E+00   0.000000000000000E+00   0.000000000000000E+00   0.000000000000000E+00   0.000000000000000E+00   0.000000000000000E+00   0.000000000000000E+00
   1.611499942137426E-06  -8.235977853282004E-07   2.290468263492272E-06   4.871953235277196E-07   0.000000000000000E+00   0.000000000000000E+00   0.000000000000000E+00   0.000000000000000E+00  -9.799549515834568E-09   1.403349988775950E-08  -3.056080961892071E-08   3.519698216059845E-07  -3.060743531697207E-06   4.154582454665516E-06  -1.332863850392115E-05   3.732780294272801E-06   0.000000000000000E+00   0.000000000000000E+00   0.000000000000000E+00   0.000000000000000E+00   0.000000000000000E+00   0.000000000000000E+00   0.000000000000000E+00   0.000000000000000E+00   0.000000000000000E+00  -1.941470226060256E-06   1.283520584359267E-07  -2.377914193018223E-07   1.663050932627188E-06  -1.107227312153001E-04   7.958744342647835E-05  -1.990918698043721E-04  -9.038551637784356E-05   3.143623510640736E-06   0.000000000000000E+00   0.000000000000000E+00   0.000000000000000E+00   0.000000000000000E+00   0.000000000000000E+00   0.000000000000000E+00   0.000000000000000E+00   0.000000000000000E+00   0.000000000000000E+00   3.373185833191157E-06   3.233319839323473E-05  -3.219294239479417E-05   5.849830387870302E-05  -1.383685346013993E-05  -7.188073048644208E-03   3.190466820182517E-03  -9.810234274866615E-03  -2.696567631391985E-03   0.000000000000000E+00   0.000000000000000E+00   0.000000000000000E+00   0.000000000000000E+00   0.000000000000000E+00   0.000000000000000E+00   0.000000000000000E+00   0.000000000000000E+00   0.000000000000000E+00   4.568166975926744E-04  -4.634144411500146E-04   6.308507418663398E-04   2.537369304988087E-04   2.388044112557338E-02  -1.418494380059991E-02   2.651837213903964E-02  -6.099906314976045E-02   6.625243810453776E-03   0.000000000000000E+00   0.000000000000000E+00   0.000000000000000E+00   0.000000000000000E+00   0.000000000000000E+00   0.000000000000000E+00  -2.794866738546881E-05   1.622822050249758E-02  -1.318342623103479E-02   1.409792778626007E-02   8.017694793549178E-03   0.000000000000000E+00   0.000000000000000E+00   0.000000000000000E+00  -1.405641793986509E-01   0.000000000000000E+00   1.194979934658494E-02  -9.616100162008425E-03   2.149511434942757E-03   1.320110818192668E-02   1.150441295694830E-01   6.099696161645491E-04  -1.087269220026042E-01   2.054551050939036E-02   1.370820101838769E-01   2.772905012824395E-02  -1.328098259029185E-02  -1.479087971955702E-02   2.741942973454501E-02  -4.411766032991894E-04  -1.251471072954056E-02  -1.646807795815832E-03  -4.407425084400157E-06  -3.096359461794843E-06  -5.114883816982298E-06  -4.822842181163848E-06  -4.329174955828800E-07  -3.562388049818366E-06  -3.746572250174491E-06  -6.455816327231610E-06   5.490198273162818E-06   1.087803806177229E-05   1.870345417751673E-05   1.653359104028147E-05   3.520894380870738E-09  -3.458709694270750E-09  -8.228114785685831E-09  -7.861971010981941E-09  -6.086443314872890E-06  -4.686760596560593E-06  -2.580254098294406E-06  -6.935854237100784E-06   0.000000000000000E+00   1.829902364007785E-04   1.934388785791638E-04   1.786264530898413E-04   2.326148140015363E-04   3.520157325987764E-06   5.438107586993098E-06   1.596035977010913E-05   7.573989341591247E-06   7.401616117775743E-16  -5.454833985580277E-16  -1.963505594085495E-15  -1.373240494496658E-15   0.000000000000000E+00   3.814690735800659E-07  -7.015178671296991E-07  -1.595000401394294E-07  -1.256008953293882E-06   1.465752027320418E-05   2.692314053221828E-05   1.136180145358287E-05   3.874980824696753E-05  -2.677075251471792E-03  -5.127541556135990E-05  -2.702841893993206E-06  -9.053907833565334E-07  -3.946676259277255E-06  -7.264450683169062E-07   0.000000000000000E+00   0.000000000000000E+00   0.000000000000000E+00   0.000000000000000E+00   9.906658649593192E-07  -2.356460866124613E-06   3.475025801371396E-07  -3.976379183384226E-06   0.000000000000000E+00   3.327334049776847E-05   4.985591361791602E-05  -5.272725734767454E-06   6.394093405198688E-05  -2.262222573154642E-07  -2.207363856547935E-07  -2.270846703192892E-06  -4.862924392989304E-07   0.000000000000000E+00   0.000000000000000E+00   0.000000000000000E+00   0.000000000000000E+00   0.000000000000000E+00  -8.249974407977476E-06  -3.170680051391798E-06   1.065043642828111E-06  -3.133710812541686E-06   0.000000000000000E+00  -4.159244615551320E-04   1.051773633278008E-06   0.000000000000000E+00   0.000000000000000E+00   0.000000000000000E+00   0.000000000000000E+00   0.000000000000000E+00   0.000000000000000E+00   0.000000000000000E+00   0.000000000000000E+00   8.360886005896545E-06   0.000000000000000E+00   0.000000000000000E+00   0.000000000000000E+00   0.000000000000000E+00   0.000000000000000E+00   0.000000000000000E+00   0.000000000000000E+00   0.000000000000000E+00   0.000000000000000E+00   0.000000000000000E+00   0.000000000000000E+00   0.000000000000000E+00   0.000000000000000E+00   0.000000000000000E+00   0.000000000000000E+00   0.000000000000000E+00
  -9.995307894899528E-07  -4.308184501820299E-06   1.083333100755451E-05  -3.861825289854559E-07  -1.319000024336394E-05  -8.616882675542408E-07   1.795396394388223E-06   2.829877489605106E-07  -5.256500096650721E-06  -3.459858888573820E-06   1.182937706182841E-05  -3.153425193810331E-06   0.000000000000000E+00   0.000000000000000E+00   0.000000000000000E+00   0.000000000000000E+00   2.249755722806884E-04   1.835642417862641E-04  -3.943290920811396E-04  -5.829533569747736E-05   6.848244975102140E-06   1.355583160171369E-06   7.006010576255336E-06  -3.183623929409590E-05   1.241931681391829E-05   0.000000000000000E+00   0.000000000000000E+00   0.000000000000000E+00   0.000000000000000E+00   0.000000000000000E+00   0.000000000000000E+00   0.000000000000000E+00   0.000000000000000E+00   0.000000000000000E+00   1.228152586941090E-03   1.068802395915491E-03  -1.607143547350589E-03  -9.678793428712439E-04   9.033662996364211E-04   4.379925738420338E-04  -1.523531658156588E-03   3.398630068720062E-04   5.720473436684894E-06   0.000000000000000E+00   0.000000000000000E+00   0.000000000000000E+00   0.000000000000000E+00   0.000000000000000E+00   0.000000000000000E+00   0.000000000000000E+00   0.000000000000000E+00   0.000000000000000E+00   2.849717065050804E-02   1.863807003476975E-02  -2.162762850796887E-02  -2.139489755235535E-02  -3.883044530326763E-05   2.578592560037213E-02   4.812889219983281E-03  -2.942411785319559E-02   1.363858423722467E-02   0.000000000000000E+00   0.000000000000000E+00   0.000000000000000E+00   0.000000000000000E+00   0.000000000000000E+00   0.000000000000000E+00   0.000000000000000E+00   0.000000000000000E+00   0.000000000000000E+00   1.784576820419601E-01   6.162873749731444E-02  -1.431703067189954E-01  -8.587134894815057E-03  -1.266363464455214E-02  -8.411973926492882E-03   0.000000000000000E+00   0.000000000000000E+00   0.000000000000000E+00   0.000000000000000E+00   0.000000000000000E+00   0.000000000000000E+00   0.000000000000000E+00   0.000000000000000E+00   0.000000000000000E+00  -1.651159373304061E-01   0.000000000000000E+00   0.000000000000000E+00   0.000000000000000E+00   0.000000000000000E+00   0.000000000000000E+00   0.000000000000000E+00   0.000000000000000E+00   0.000000000000000E+00   0.000000000000000E+00   0.000000000000000E+00   0.000000000000000E+00   0.000000000000000E+00   0.000000000000000E+00   0.000000000000000E+00   0.000000000000000E+00   0.000000000000000E+00   0.000000000000000E+00   0.000000000000000E+00   0.000000000000000E+00   0.000000000000000E+00   0.000000000000000E+00   0.000000000000000E+00   0.000000000000000E+00   0.000000000000000E+00   0.000000000000000E+00   0.000000000000000E+00   0.000000000000000E+00   0.000000000000000E+00   0.000000000000000E+00   0.000000000000000E+00   0.000000000000000E+00   0.000000000000000E+00   0.000000000000000E+00   0.000000000000000E+00   0.000000000000000E+00   0.000000000000000E+00   0.000000000000000E+00   0.000000000000000E+00   0.000000000000000E+00   0.000000000000000E+00   0.000000000000000E+00   0.000000000000000E+00   0.000000000000000E+00   0.000000000000000E+00   0.000000000000000E+00   0.000000000000000E+00   0.000000000000000E+00   0.000000000000000E+00   0.000000000000000E+00   0.000000000000000E+00   0.000000000000000E+00   0.000000000000000E+00   0.000000000000000E+00   0.000000000000000E+00   0.000000000000000E+00   0.000000000000000E+00   0.000000000000000E+00   0.000000000000000E+00   0.000000000000000E+00   0.000000000000000E+00   0.000000000000000E+00   0.000000000000000E+00   0.000000000000000E+00   0.000000000000000E+00   0.000000000000000E+00   0.000000000000000E+00   0.000000000000000E+00   0.000000000000000E+00   0.000000000000000E+00   0.000000000000000E+00   0.000000000000000E+00   0.000000000000000E+00   0.000000000000000E+00   0.000000000000000E+00   0.000000000000000E+00   0.000000000000000E+00   0.000000000000000E+00   0.000000000000000E+00   0.000000000000000E+00   0.000000000000000E+00   0.000000000000000E+00   0.000000000000000E+00   0.000000000000000E+00   0.000000000000000E+00   0.000000000000000E+00   0.000000000000000E+00   0.000000000000000E+00   0.000000000000000E+00   0.000000000000000E+00   0.000000000000000E+00   0.000000000000000E+00   0.000000000000000E+00   0.000000000000000E+00   1.349541963656113E-07  -2.091765008820501E-07   1.525309471932958E-07  -1.297259697513803E-07   0.000000000000000E+00   0.000000000000000E+00   0.000000000000000E+00   0.000000000000000E+00   0.000000000000000E+00  -1.256917165365123E-05  -3.966647831697166E-06   2.526350707203303E-06  -2.032571637250768E-06  -7.393611358337415E-06  -9.357676519542073E-06   1.404633856361725E-06  -6.914311003352503E-06   0.000000000000000E+00  -5.600507550463641E-06   1.712357336565594E-05  -5.361533075531560E-06   9.643221946489134E-06   7.464576228831504E-06   7.551804152816153E-06  -1.559177184161701E-04
  -3.330754481089801E-06  -3.615847665422349E-07   2.965127992066212E-06  -1.977152762343711E-06   0.000000000000000E+00   0.000000000000000E+00   0.000000000000000E+00   0.000000000000000E+00  -1.048560979333929E-06  -1.653452856681313E-06   7.008537365694989E-06  -2.913101506651148E-06   3.675642520212988E-06  -2.071816726714730E-08   8.242530568583212E-06  -7.564580537164641E-06   0.000000000000000E+00   0.000000000000000E+00   0.000000000000000E+00   0.000000000000000E+00   0.000000000000000E+00   0.000000000000000E+00   0.000000000000000E+00   0.000000000000000E+00   0.000000000000000E+00   1.373564962918889E-06   2.643188614266716E-06  -9.689816275465835E-06   2.864203402747925E-06  -6.989550497469226E-05   1.713989351023355E-07  -1.201929014375519E-04   1.087749534679592E-04   1.051505318262147E-06   0.000000000000000E+00   0.000000000000000E+00   0.000000000000000E+00   0.000000000000000E+00   0.000000000000000E+00   0.000000000000000E+00   0.000000000000000E+00   0.000000000000000E+00   0.000000000000000E+00  -1.181708010088876E-05  -4.413522402712730E-04   1.422825561148116E-04  -7.621863790537642E-04   3.633881965280158E-04  -5.675829816825535E-04  -1.917511823330265E-04  -5.727001421458158E-04   8.973089522120741E-04   0.000000000000000E+00   0.000000000000000E+00   0.000000000000000E+00   0.000000000000000E+00   0.000000000000000E+00   0.000000000000000E+00   0.000000000000000E+00   0.000000000000000E+00   0.000000000000000E+00  -1.723895758175161E-02   5.575452183811295E-03  -2.330146279937921E-02   6.120629925711660E-03  -2.004332516983140E-02  -8.381678283454775E-03  -1.097248971122643E-02   2.465344540440007E-02   1.138973486886424E-05   0.000000000000000E+00   0.000000000000000E+00   0.000000000000000E+00   0.000000000000000E+00   0.000000000000000E+00   0.000000000000000E+00   6.119806046933138E-03  -1.536422193100901E-01  -5.871929718307536E-03  -1.250606481704506E-01   9.732767984008593E-02  -9.141665302873312E-03  -7.101184536476761E-03   1.587345920449253E-03   1.194979934658494E-02   0.000000000000000E+00  -2.960400887906056E-01   0.000000000000000E+00   0.000000000000000E+00   0.000000000000000E+00  -2.179957571197504E-02  -1.775813148005573E-02   1.669279179739857E-02   1.819155354519824E-02   2.664863204858998E-04  -1.695089970059757E-01  -7.727914763559891E-02   1.482625384158409E-01   3.479596682390901E-02   1.802693879917830E-01   1.182090865838572E-03   2.815312064056890E-02   4.326468177509387E-06   6.842377741783140E-06   6.563179504078947E-06   3.524051236553590E-06   1.917892863907065E-06   7.511474454124617E-06   4.803139567680912E-06   5.043621077019289E-06  -1.824107369368494E-05  -4.064129567433398E-05  -3.705569043408618E-05  -8.970764328732818E-06  -3.262655530472590E-06   1.799247357023451E-06   2.482330027383125E-06   1.040449196209715E-06   4.995489744303889E-06   6.917813739574282E-06   2.135084706878265E-06   4.313701144982117E-06   0.000000000000000E+00  -2.438328283058881E-04  -4.406031212505310E-04  -2.072556885438493E-04  -7.771745552164601E-05  -1.547298147211099E-06  -1.031179415913976E-05  -1.429463066394279E-05   7.020909129751838E-07  -4.288911242765228E-06   1.668132422753683E-07   3.149964973270041E-07   6.174581709537316E-08   0.000000000000000E+00  -1.654459149212982E-06   5.022400812363708E-06   5.140695477160572E-07   3.749200614071973E-06  -4.808073388153052E-05  -1.072691289015667E-04  -2.119993773220139E-05  -4.269248839455180E-05   8.973512908743885E-04   1.947790852355943E-05   1.199753533027602E-06   4.447974136522321E-06   8.811432654565507E-06  -6.996790221834847E-08   0.000000000000000E+00   0.000000000000000E+00   0.000000000000000E+00   0.000000000000000E+00  -1.729637814081086E-06   5.012746038916559E-06  -8.431466078706262E-07   3.514444462595732E-06   0.000000000000000E+00  -4.318631516682882E-05  -1.005869294436272E-04   1.463544176056357E-05  -3.494035387063889E-05  -3.627456245032510E-06   7.479482087313210E-07   2.289081814780338E-06  -3.447924511268216E-07   0.000000000000000E+00   0.000000000000000E+00   0.000000000000000E+00   0.000000000000000E+00   0.000000000000000E+00   4.926642454111302E-06   7.513189498488610E-06  -2.272836124098008E-06   3.834579505536994E-06   0.000000000000000E+00   1.508887394497581E-04  -6.580919146784172E-07   0.000000000000000E+00   0.000000000000000E+00   0.000000000000000E+00   0.000000000000000E+00   0.000000000000000E+00   0.000000000000000E+00   0.000000000000000E+00   0.000000000000000E+00  -6.253246845904472E-06   0.000000000000000E+00   0.000000000000000E+00   0.000000000000000E+00   0.000000000000000E+00   0.000000000000000E+00   0.000000000000000E+00   0.000000000000000E+00   0.000000000000000E+00   0.000000000000000E+00   0.000000000000000E+00   0.000000000000000E+00   0.000000000000000E+00   0.000000000000000E+00   0.000000000000000E+00   0.000000000000000E+00   0.000000000000000E+00
   3.616349342561396E-07   2.036470640802127E-07   1.062462032693102E-06  -7.084516244982289E-07   0.000000000000000E+00   0.000000000000000E+00   0.000000000000000E+00   0.000000000000000E+00   1.653739911863720E-06   3.920771852282427E-07   2.390565568345468E-06  -9.936395849128751E-07   2.071206008779384E-08   1.695745294066792E-06   3.700062933318104E-09  -3.395731907667462E-09   0.000000000000000E+00   0.000000000000000E+00   0.000000000000000E+00   0.000000000000000E+00   0.000000000000000E+00   0.000000000000000E+00   0.000000000000000E+00   0.000000000000000E+00   0.000000000000000E+00  -2.643242099347388E-06   2.379138383306665E-06  -1.150910160019685E-05   3.401964188869065E-06  -1.714091716441490E-07  -2.224412101419404E-05  -2.688841950903393E-07   2.433410414376051E-07   8.234716347793913E-07   0.000000000000000E+00   0.000000000000000E+00   0.000000000000000E+00   0.000000000000000E+00   0.000000000000000E+00   0.000000000000000E+00   0.000000000000000E+00   0.000000000000000E+00   0.000000000000000E+00   1.966561646609916E-06  -1.422912731793476E-04  -8.733699056730150E-05  -2.466776754437305E-04   1.176087084034563E-04   1.917394032677668E-04  -1.065291546472612E-04   1.953174753193589E-04  -3.060242284397730E-04   0.000000000000000E+00   0.000000000000000E+00   0.000000000000000E+00   0.000000000000000E+00   0.000000000000000E+00   0.000000000000000E+00   0.000000000000000E+00   0.000000000000000E+00   0.000000000000000E+00  -5.574795963591147E-03  -3.910263535911511E-03  -7.883644447407844E-03   2.070808624502345E-03   8.382143935912781E-03  -3.116754042744783E-03   4.815809082392757E-03  -1.082035977389068E-02  -1.318908168559133E-05   0.000000000000000E+00   0.000000000000000E+00   0.000000000000000E+00   0.000000000000000E+00   0.000000000000000E+00   0.000000000000000E+00   3.467054580763696E-03   5.872346322926029E-03  -6.813281090023926E-02   5.904477746013438E-03  -4.595123470843255E-03   7.101210878209846E-03   2.733615642786432E-03  -1.277350097694962E-03  -9.616100162008425E-03   0.000000000000000E+00   0.000000000000000E+00  -1.408310141686319E-01   0.000000000000000E+00   0.000000000000000E+00   1.775857935245008E-02   7.785154022303313E-03  -1.429752214904295E-02  -1.558122469235531E-02  -2.549096784326712E-04   7.728168494209250E-02  -3.327639687211235E-02  -8.565948541425190E-02  -2.010355848803523E-02   7.737662125415855E-02  -1.200176974139563E-03  -9.393670374512253E-03  -6.843375309505668E-06   2.341412861804125E-06   7.127452200271937E-07   3.827033334108058E-07  -7.512423872948551E-06  -2.367113086969995E-06  -2.425546110144686E-06  -2.546987301123665E-06   4.064301082335410E-05   6.406389344802112E-05   6.473720836320091E-05   1.567214731997391E-05  -1.799417163245968E-06  -3.389295224038086E-06  -5.081177961358072E-06  -2.129735960720250E-06  -6.918958977076941E-06   6.714574010942488E-06   1.620665038052410E-06   3.274373427788209E-06   0.000000000000000E+00   4.406201831862651E-04   7.125325200443918E-04   3.697135025640676E-04   1.386364489831398E-04   1.031200785271499E-05   1.913922320461114E-05   2.895242059616063E-05  -1.422018650714352E-06  -1.668031112217769E-07  -2.327488746813359E-06  -4.236963156800290E-06  -8.305322577858321E-07   0.000000000000000E+00  -5.022963360027047E-06  -6.826406783316409E-06  -7.737452732400227E-07  -5.643061851174046E-06   1.072736584213057E-04   1.964717393343043E-04   4.192542514116480E-05   8.442952752437011E-05  -1.495774030604015E-03  -3.731648740869327E-05  -4.448523062760048E-06  -4.429015050614382E-07  -3.526297704650587E-06   2.800085555485018E-08   0.000000000000000E+00   0.000000000000000E+00   0.000000000000000E+00   0.000000000000000E+00  -5.013306668666314E-06  -7.119990968533382E-06   1.318076869306335E-06  -5.494071744305656E-06   0.000000000000000E+00   1.005912031884828E-04   1.911530507801589E-04  -2.988615283267106E-05   7.134958909264340E-05  -7.480140447289316E-07  -9.295687928776350E-07  -3.405928886291297E-06   5.130172986764618E-07   0.000000000000000E+00   0.000000000000000E+00   0.000000000000000E+00   0.000000000000000E+00   0.000000000000000E+00  -7.514399951003621E-06   6.539965017098751E-06  -1.527221986790620E-06   2.576628411024089E-06   0.000000000000000E+00  -2.901165629719439E-04   2.731331632950859E-06   0.000000000000000E+00   0.000000000000000E+00   0.000000000000000E+00   0.000000000000000E+00   0.000000000000000E+00   0.000000000000000E+00   0.000000000000000E+00   0.000000000000000E+00   9.545524213834009E-06   0.000000000000000E+00   0.000000000000000E+00   0.000000000000000E+00   0.000000000000000E+00   0.000000000000000E+00   0.000000000000000E+00   0.000000000000000E+00   0.000000000000000E+00   0.000000000000000E+00   0.000000000000000E+00   0.000000000000000E+00   0.000000000000000E+00   0.000000000000000E+00   0.000000000000000E+00   0.000000000000000E+00   0.000000000000000E+00
  -2.965539385760198E-06   1.062462032693102E-06  -8.379369396473705E-06   5.809563723916208E-06   0.000000000000000E+00   0.000000000000000E+00   0.000000000000000E+00   0.000000000000000E+00  -7.009754114611529E-06   2.390565568345468E-06  -9.176898876363055E-06   4.211768198140879E-06  -8.240100883956210E-06   3.700062933318104E-09   2.237188955035912E-07   1.350960424769093E-06   0.000000000000000E+00   0.000000000000000E+00   0.000000000000000E+00   0.000000000000000E+00   0.000000000000000E+00   0.000000000000000E+00   0.000000000000000E+00   0.000000000000000E+00   0.000000000000000E+00   9.690012349481284E-06  -1.150910160019685E-05   4.143155865162517E-05  -1.247145504029818E-05   1.202000797765569E-04  -2.688841950903393E-07   1.663095932695910E-04  -1.706420509074842E-04   6.642434396586148E-06   0.000000000000000E+00   0.000000000000000E+00   0.000000000000000E+00   0.000000000000000E+00   0.000000000000000E+00   0.000000000000000E+00   0.000000000000000E+00   0.000000000000000E+00   0.000000000000000E+00  -5.483764127745601E-06   7.622330750651102E-04  -2.466776754437305E-04   1.188029420964448E-03  -6.300122660917595E-04   5.726649618029023E-04   1.953174753193589E-04   4.114262749969247E-04  -9.139975931055081E-04   0.000000000000000E+00   0.000000000000000E+00   0.000000000000000E+00   0.000000000000000E+00   0.000000000000000E+00   0.000000000000000E+00   0.000000000000000E+00   0.000000000000000E+00   0.000000000000000E+00   2.329872026109821E-02  -7.883644447407844E-03   2.715145982008792E-02  -8.654521380091916E-03   1.097309929878535E-02   4.815809082392757E-03  -4.910643312149478E-04  -1.416497773782925E-02  -2.082504749153226E-05   0.000000000000000E+00   0.000000000000000E+00   0.000000000000000E+00   0.000000000000000E+00   0.000000000000000E+00   0.000000000000000E+00  -8.625844356019085E-03   1.250695210361215E-01   5.904477746013438E-03   5.734381584798138E-02  -9.786716586460521E-02  -1.587351808684143E-03  -1.277350097694962E-03  -2.695235644410318E-03   2.149511434942757E-03   0.000000000000000E+00   0.000000000000000E+00   0.000000000000000E+00  -1.408310141686319E-01   0.000000000000000E+00  -1.669321280118712E-02  -1.429752214904295E-02   6.014949263545843E-03   1.464648124889074E-02   6.211872946127069E-05  -1.482674063202237E-01  -8.565948541425190E-02   8.641564345666534E-02   3.856932566961183E-02  -1.856023877113459E-02   1.383117588955801E-03   3.320874154379697E-02  -6.564136366777488E-06   7.127452200271937E-07   2.282009567658889E-06   3.670874027673783E-07  -4.803746664349800E-06  -2.425546110144686E-06  -1.248720206731732E-07  -1.628646354204180E-06   3.705725426294752E-05   6.473720836320091E-05   5.208826924163180E-05   1.428946173812810E-05  -2.482564300388082E-06  -5.081177961358072E-06  -6.716588458336644E-06  -2.938288337652186E-06  -2.135438168126243E-06   1.620665038052410E-06   1.963708745316433E-06   1.010588734166959E-06   0.000000000000000E+00   2.072637143227599E-04   3.697135025640676E-04   1.004715600284398E-04   6.521332079927987E-05   1.429492689471370E-05   2.895242059616063E-05   3.838868990115458E-05  -1.971260393244282E-06  -3.149773666731543E-07  -4.236963156800290E-06  -8.084447854280990E-06  -1.568309257413526E-06   0.000000000000000E+00  -5.141271274739589E-07  -7.737452732400227E-07   6.537992703249727E-07  -5.775975199799928E-07   2.120083291553517E-05   4.192542514116480E-05  -7.380002462245221E-06   1.668607496494442E-05  -5.683386996739691E-04  -5.169358863979173E-05  -8.812520076935242E-06  -3.526297704650587E-06  -5.648433752657639E-06   5.546966898163769E-08   0.000000000000000E+00   0.000000000000000E+00   0.000000000000000E+00   0.000000000000000E+00   8.432409060992035E-07   1.318076869306335E-06   4.946491099389366E-07   9.241058530885365E-07   0.000000000000000E+00  -1.463606359228942E-05  -2.988615283267106E-05  -9.901002423377097E-06  -1.038139608775664E-05  -2.289283304647055E-06  -3.405928886291297E-06  -1.024047839929998E-05   1.570080060837300E-06   0.000000000000000E+00   0.000000000000000E+00   0.000000000000000E+00   0.000000000000000E+00   0.000000000000000E+00   2.273202301498854E-06  -1.527221986790620E-06   1.953515432136675E-06  -7.794631204405096E-07   0.000000000000000E+00   8.055539943353722E-05   1.018275788214591E-05   0.000000000000000E+00   0.000000000000000E+00   0.000000000000000E+00   0.000000000000000E+00   0.000000000000000E+00   0.000000000000000E+00   0.000000000000000E+00   0.000000000000000E+00  -4.940390360946608E-06   0.000000000000000E+00   0.000000000000000E+00   0.000000000000000E+00   0.000000000000000E+00   0.000000000000000E+00   0.000000000000000E+00   0.000000000000000E+00   0.000000000000000E+00   0.000000000000000E+00   0.000000000000000E+00   0.000000000000000E+00   0.000000000000000E+00   0.000000000000000E+00   0.000000000000000E+00   0.000000000000000E+00   0.000000000000000E+00
   1.977427080410469E-06  -7.084516244982289E-07   5.809563723916208E-06  -3.540617908092197E-06   0.000000000000000E+00   0.000000000000000E+00   0.000000000000000E+00   0.000000000000000E+00   2.913607248850561E-06  -9.936395849128751E-07   4.211768198140879E-06  -7.945642467362263E-07   7.562350694655968E-06  -3.395731907667462E-09   1.350960424769093E-06   4.559109747235536E-07   0.000000000000000E+00   0.000000000000000E+00   0.000000000000000E+00   0.000000000000000E+00   0.000000000000000E+00   0.000000000000000E+00   0.000000000000000E+00   0.000000000000000E+00   0.000000000000000E+00  -2.864261360076142E-06   3.401964188869065E-06  -1.247145504029818E-05   2.926110328170074E-06  -1.087814498873143E-04   2.433410414376051E-07  -1.706420509074842E-04   1.321870878065528E-04  -7.981735860429074E-06   0.000000000000000E+00   0.000000000000000E+00   0.000000000000000E+00   0.000000000000000E+00   0.000000000000000E+00   0.000000000000000E+00   0.000000000000000E+00   0.000000000000000E+00   0.000000000000000E+00   4.353413556224972E-07  -3.634104598218956E-04   1.176087084034563E-04  -6.300122660917595E-04   1.669854380329940E-04  -8.972538315052414E-04  -3.060242284397730E-04  -9.139975931055081E-04   1.260129953971908E-03   0.000000000000000E+00   0.000000000000000E+00   0.000000000000000E+00   0.000000000000000E+00   0.000000000000000E+00   0.000000000000000E+00   0.000000000000000E+00   0.000000000000000E+00   0.000000000000000E+00  -6.119909539098184E-03   2.070808624502345E-03  -8.654521380091916E-03  -3.523324742470165E-03  -2.465481505103438E-02  -1.082035977389068E-02  -1.416497773782925E-02   2.503100011691156E-02   4.654119611951833E-05   0.000000000000000E+00   0.000000000000000E+00   0.000000000000000E+00   0.000000000000000E+00   0.000000000000000E+00   0.000000000000000E+00  -9.756510886097680E-04  -9.733458509319248E-02  -4.595123470843255E-03  -9.786716586460521E-02   7.754477760250849E-03  -1.194984367417891E-02  -9.616100162008425E-03   2.149511434942757E-03   1.320110818192668E-02   0.000000000000000E+00   0.000000000000000E+00   0.000000000000000E+00   0.000000000000000E+00  -1.408310141686319E-01  -1.819201234879772E-02  -1.558122469235531E-02   1.464648124889074E-02   8.536674192115718E-03   4.417189643736520E-04  -3.479710927999546E-02  -2.010355848803523E-02   3.856932566961183E-02  -6.887294809595927E-02  -1.351323284683985E-01   9.947778412028379E-04  -7.581214144177500E-03  -3.524565016981796E-06   3.827033334108058E-07   3.670874027673783E-07   1.795452293271172E-06  -5.044258569540971E-06  -2.546987301123665E-06  -1.628646354204180E-06  -2.840687732256224E-07   8.971142914045931E-06   1.567214731997391E-05   1.428946173812810E-05  -3.478138646471221E-06  -1.040547389905562E-06  -2.129735960720250E-06  -2.938288337652186E-06  -9.379063227759523E-07  -4.314415274114884E-06   3.274373427788209E-06   1.010588734166959E-06   3.505295678457439E-06   0.000000000000000E+00   7.772046505600375E-05   1.386364489831398E-04   6.521332079927987E-05  -4.898438184834181E-05  -7.021054625593799E-07  -1.422018650714352E-06  -1.971260393244282E-06  -1.649519406054999E-06  -6.174206709223488E-08  -8.305322577858321E-07  -1.568309257413526E-06  -3.911338025337605E-07   0.000000000000000E+00  -3.749620553484144E-06  -5.643061851174046E-06  -5.775975199799928E-07  -3.479525179588046E-06   4.269429111702068E-05   8.442952752437011E-05   1.668607496494442E-05   1.793660306454054E-05   1.627848056311796E-04   1.708433934402028E-05   6.997653698468198E-08   2.800085555485018E-08   5.546966898163769E-08   1.336718280543300E-06   0.000000000000000E+00   0.000000000000000E+00   0.000000000000000E+00   0.000000000000000E+00  -3.514837521032025E-06  -5.494071744305656E-06   9.241058530885365E-07  -3.135552347772140E-06   0.000000000000000E+00   3.494183841896374E-05   7.134958909264340E-05  -1.038139608775664E-05   1.053488177710251E-05   3.448228004942291E-07   5.130172986764618E-07   1.570080060837300E-06  -5.318829656981689E-08   0.000000000000000E+00   0.000000000000000E+00   0.000000000000000E+00   0.000000000000000E+00   0.000000000000000E+00  -3.835197295945105E-06   2.576628411024089E-06  -7.794631204405096E-07   2.806570076704360E-06   0.000000000000000E+00  -3.647843317646021E-05  -3.215377974895981E-06   0.000000000000000E+00   0.000000000000000E+00   0.000000000000000E+00   0.000000000000000E+00   0.000000000000000E+00   0.000000000000000E+00   0.000000000000000E+00   0.000000000000000E+00   4.430849109524585E-06   0.000000000000000E+00   0.000000000000000E+00   0.000000000000000E+00   0.000000000000000E+00   0.000000000000000E+00   0.000000000000000E+00   0.000000000000000E+00   0.000000000000000E+00   0.000000000000000E+00   0.000000000000000E+00   0.000000000000000E+00   0.000000000000000E+00   0.000000000000000E+00   0.000000000000000E+00   0.000000000000000E+00   0.000000000000000E+00
   0.000000000000000E+00   0.000000000000000E+00   0.000000000000000E+00   0.000000000000000E+00   0.000000000000000E+00   0.000000000000000E+00   0.000000000000000E+00   0.000000000000000E+00   0.000000000000000E+00   0.000000000000000E+00   0.000000000000000E+00   0.000000000000000E+00  -7.811011924778305E-07  -1.848092357667260E-06   7.221189410499415E-06  -3.165784936758268E-06   0.000000000000000E+00   0.000000000000000E+00   0.000000000000000E+00   0.000000000000000E+00   0.000000000000000E+00   0.000000000000000E+00   0.000000000000000E+00   0.000000000000000E+00   0.000000000000000E+00  -3.061705330653921E-06  -1.705761246923829E-06   3.799268505453270E-06   4.931340342352283E-08   1.003898788394173E-06   3.285485439688753E-06  -1.053513027034755E-05   3.393594014586556E-06   2.092691722140633E-06   0.000000000000000E+00   0.000000000000000E+00   0.000000000000000E+00   0.000000000000000E+00   0.000000000000000E+00   0.000000000000000E+00   0.000000000000000E+00   0.000000000000000E+00   0.000000000000000E+00   0.000000000000000E+00   4.259684425724524E-06   4.320685039677567E-07  -9.969373328772924E-07   3.602631390603358E-08  -5.057947338202734E-04   1.935529208960394E-04  -8.518847736866956E-04   4.253364811184592E-04   0.000000000000000E+00   0.000000000000000E+00   0.000000000000000E+00   0.000000000000000E+00   0.000000000000000E+00   0.000000000000000E+00   0.000000000000000E+00   0.000000000000000E+00   0.000000000000000E+00  -8.766172161378305E-05   9.122642820140115E-05  -1.705053892069133E-04  -3.792864849924547E-05  -1.886703677734623E-02   7.382771215057988E-03  -2.462389309696838E-02   7.509322195178791E-03   1.192366750062717E-04   0.000000000000000E+00   0.000000000000000E+00   0.000000000000000E+00   0.000000000000000E+00   0.000000000000000E+00   0.000000000000000E+00  -7.708411943662934E-06  -7.139638470239839E-03   5.307072271634344E-03  -9.607642027652507E-03  -2.206654289867953E-03  -1.699736223763510E-01   7.105493097402361E-04  -1.266552256568299E-01   1.150441295694830E-01   0.000000000000000E+00  -2.179957571197504E-02   1.775857935245008E-02  -1.669321280118712E-02  -1.819201234879772E-02  -2.959670162419723E-01   0.000000000000000E+00   0.000000000000000E+00   0.000000000000000E+00   2.989665500264594E-02  -1.577306718409184E-01   9.029894028026723E-02  -1.567322531909131E-02  -1.331105957144333E-01   1.102999002872387E-03   1.843181410214283E-01   2.582371518582190E-02  -2.666641534486650E-06   1.675197144659752E-06   3.482192197259203E-06   2.382886905033013E-06  -3.698346400984253E-06   9.157108118831139E-07   1.280615864381096E-06   1.361163189756192E-06   5.087947009063051E-06   1.735824250947529E-06   3.885086709378252E-06   1.931285440729034E-06   0.000000000000000E+00   0.000000000000000E+00   0.000000000000000E+00   0.000000000000000E+00   2.060712755163960E-06   5.378966648549342E-06   4.731168872809872E-06   7.407299430601782E-06   0.000000000000000E+00  -1.012794814653132E-04  -1.129261531967847E-04  -1.577974092346058E-04  -1.090403922095521E-04   4.279229774594289E-06   2.650385648640185E-06   9.652711788551534E-06   2.277362963629794E-06   0.000000000000000E+00   0.000000000000000E+00   0.000000000000000E+00   0.000000000000000E+00   0.000000000000000E+00  -3.531469997344802E-06   1.352818604780220E-06   6.824150034738533E-07   1.934000655856019E-06  -2.684439322027590E-05  -4.265277375953656E-05  -3.444093677274050E-05  -4.949770821373565E-05   1.422941750160760E-03  -9.470032077455354E-06  -4.394412322555550E-06  -2.183492398016282E-07  -1.126365618517756E-06  -2.361525057800140E-07   0.000000000000000E+00   0.000000000000000E+00   0.000000000000000E+00   0.000000000000000E+00  -1.390922114716452E-06   3.987485535935486E-06   4.888641623761453E-07   5.388030852516536E-06   0.000000000000000E+00  -1.877121458403151E-04  -2.632030967397325E-04  -6.885632532487124E-05  -2.764335086149019E-04   0.000000000000000E+00   0.000000000000000E+00   0.000000000000000E+00   0.000000000000000E+00   0.000000000000000E+00   0.000000000000000E+00   0.000000000000000E+00   0.000000000000000E+00   0.000000000000000E+00   3.153775916114290E-06  -2.625829895016853E-06   8.256198171082864E-08  -3.053811303062400E-06   0.000000000000000E+00   2.502588830042503E-03   0.000000000000000E+00   0.000000000000000E+00   0.000000000000000E+00   0.000000000000000E+00   0.000000000000000E+00   0.000000000000000E+00   0.000000000000000E+00   0.000000000000000E+00   0.000000000000000E+00  -1.195685371183834E-05   0.000000000000000E+00   0.000000000000000E+00   0.000000000000000E+00   0.000000000000000E+00   0.000000000000000E+00   0.000000000000000E+00   0.000000000000000E+00   0.000000000000000E+00   0.000000000000000E+00   0.000000000000000E+00   0.000000000000000E+00   0.000000000000000E+00   0.000000000000000E+00   0.000000000000000E+00   0.000000000000000E+00   0.000000000000000E+00
   0.000000000000000E+00   0.000000000000000E+00   0.000000000000000E+00   0.000000000000000E+00   0.000000000000000E+00   0.000000000000000E+00   0.000000000000000E+00   0.000000000000000E+00   0.000000000000000E+00   0.000000000000000E+00   0.000000000000000E+00   0.000000000000000E+00   1.847538903452734E-06   3.778921259182457E-07   2.472325124890214E-06  -1.083872641225338E-06   0.000000000000000E+00   0.000000000000000E+00   0.000000000000000E+00   0.000000000000000E+00   0.000000000000000E+00   0.000000000000000E+00   0.000000000000000E+00   0.000000000000000E+00   0.000000000000000E+00   1.705238038427580E-06  -1.736462618127286E-06   4.792194629305688E-06   6.220129656532313E-08  -3.285482894779672E-06   3.240481041147146E-06  -1.328582969594055E-05   4.279653974651113E-06  -1.281559943112756E-06   0.000000000000000E+00   0.000000000000000E+00   0.000000000000000E+00   0.000000000000000E+00   0.000000000000000E+00   0.000000000000000E+00   0.000000000000000E+00   0.000000000000000E+00   0.000000000000000E+00   0.000000000000000E+00  -4.317491098114519E-07   5.371545463665325E-06  -1.137218705317699E-05   4.109566038553726E-07  -1.935378668944351E-04  -7.839756019940260E-05  -3.283103775413848E-04   1.639216769819656E-04   0.000000000000000E+00   0.000000000000000E+00   0.000000000000000E+00   0.000000000000000E+00   0.000000000000000E+00   0.000000000000000E+00   0.000000000000000E+00   0.000000000000000E+00   0.000000000000000E+00  -9.121729029522988E-05   6.082000530563763E-05  -1.649043402869498E-04  -3.668270421149880E-05  -7.382996022739638E-03  -3.345938827999684E-03  -1.009902004382486E-02   3.079805255245616E-03   1.543575137072319E-05   0.000000000000000E+00   0.000000000000000E+00   0.000000000000000E+00   0.000000000000000E+00   0.000000000000000E+00   0.000000000000000E+00   8.310872978546778E-06  -5.307254871628499E-03   1.770374032706614E-03  -7.380929539174212E-03  -1.695229670709475E-03  -7.105328204638731E-04  -7.821012220090477E-02  -6.715322169695828E-04   6.099696161645491E-04   0.000000000000000E+00  -1.775813148005573E-02   7.785154022303313E-03  -1.429752214904295E-02  -1.558122469235531E-02   0.000000000000000E+00  -1.407324773350676E-01   0.000000000000000E+00   0.000000000000000E+00  -8.874646210498936E-03  -9.029940680709041E-02  -6.491898540692495E-03  -1.116155945515578E-02  -9.479362402632706E-02   1.116983381715445E-03  -7.986828549612154E-02   1.249017123315796E-02  -1.675297377185718E-06  -1.181907317545209E-06  -3.444552227193679E-06  -2.357129627233824E-06  -9.157539754111877E-07  -2.073313810522281E-06  -3.094232801911812E-06  -3.288851799859598E-06  -1.736063176342654E-06   3.505248790499169E-06   5.436199638452784E-06   2.702347206124642E-06   0.000000000000000E+00   0.000000000000000E+00   0.000000000000000E+00   0.000000000000000E+00  -5.379363468286533E-06  -3.793916619809577E-07  -1.602682491191061E-06  -2.509221172099993E-06   0.000000000000000E+00   1.129287291229941E-04   8.749881627255295E-05   1.658625648588484E-04   1.146135365137846E-04  -2.650600013625951E-06   1.692709195908489E-06   2.825149433835413E-07   6.665371170583670E-08   0.000000000000000E+00   0.000000000000000E+00   0.000000000000000E+00   0.000000000000000E+00   0.000000000000000E+00  -1.352887854417172E-06  -3.298455896252533E-06  -1.759782709907804E-06  -4.987318417386140E-06   4.265381282668613E-05   4.677453498882442E-05   4.540937780896045E-05   6.526129494637315E-05  -1.356851967815586E-03  -2.601958126700961E-06   2.183690259563965E-07  -5.669638376950597E-07  -1.562015573796048E-06  -3.274903688065018E-07   0.000000000000000E+00   0.000000000000000E+00   0.000000000000000E+00   0.000000000000000E+00  -3.987744131349995E-06  -3.332064217846768E-06  -5.064540570247087E-07  -5.581898397640559E-06   0.000000000000000E+00   2.632089578140937E-04   3.036947596343518E-04   9.428134787453369E-05   3.785058767939445E-04   0.000000000000000E+00   0.000000000000000E+00   0.000000000000000E+00   0.000000000000000E+00   0.000000000000000E+00   0.000000000000000E+00   0.000000000000000E+00   0.000000000000000E+00   0.000000000000000E+00   2.625640938997773E-06   1.491060017184480E-05  -4.684914354851895E-07   1.732861071677688E-05   0.000000000000000E+00  -3.253503955271948E-03   0.000000000000000E+00   0.000000000000000E+00   0.000000000000000E+00   0.000000000000000E+00   0.000000000000000E+00   0.000000000000000E+00   0.000000000000000E+00   0.000000000000000E+00   0.000000000000000E+00  -1.658958223790038E-06   0.000000000000000E+00   0.000000000000000E+00   0.000000000000000E+00   0.000000000000000E+00   0.000000000000000E+00   0.000000000000000E+00   0.000000000000000E+00   0.000000000000000E+00   0.000000000000000E+00   0.000000000000000E+00   0.000000000000000E+00   0.000000000000000E+00   0.000000000000000E+00   0.000000000000000E+00   0.000000000000000E+00   0.000000000000000E+00
   0.000000000000000E+00   0.000000000000000E+00   0.000000000000000E+00   0.000000000000000E+00   0.000000000000000E+00   0.000000000000000E+00   0.000000000000000E+00   0.000000000000000E+00   0.000000000000000E+00   0.000000000000000E+00   0.000000000000000E+00   0.000000000000000E+00  -7.219026857477347E-06   2.472325124890214E-06  -8.649675590504651E-06   4.235096588476684E-06   0.000000000000000E+00   0.000000000000000E+00   0.000000000000000E+00   0.000000000000000E+00   0.000000000000000E+00   0.000000000000000E+00   0.000000000000000E+00   0.000000000000000E+00   0.000000000000000E+00  -3.798103155047303E-06   4.792194629305688E-06  -1.025863586299231E-05  -1.385419134507654E-07   1.053512210992524E-05  -1.328582969594055E-05   4.169906999316332E-05  -1.372299861393737E-05   7.568390426885919E-06   0.000000000000000E+00   0.000000000000000E+00   0.000000000000000E+00   0.000000000000000E+00   0.000000000000000E+00   0.000000000000000E+00   0.000000000000000E+00   0.000000000000000E+00   0.000000000000000E+00   0.000000000000000E+00   9.962003757619301E-07  -1.137218705317699E-05   2.668260970324875E-05  -9.482245912709689E-07   8.518185164858721E-04  -3.283103775413848E-04   1.292001489095982E-03  -7.214687334691773E-04   0.000000000000000E+00   0.000000000000000E+00   0.000000000000000E+00   0.000000000000000E+00   0.000000000000000E+00   0.000000000000000E+00   0.000000000000000E+00   0.000000000000000E+00   0.000000000000000E+00   1.704883101402548E-04  -1.649043402869498E-04   2.808023240675917E-04   6.856125885949811E-05   2.462464290217825E-02  -1.009902004382486E-02   2.730960633644791E-02  -1.027213131160991E-02  -1.888721933960925E-04   0.000000000000000E+00   0.000000000000000E+00   0.000000000000000E+00   0.000000000000000E+00   0.000000000000000E+00   0.000000000000000E+00  -1.327104371382636E-05   9.607972596992491E-03  -7.380929539174212E-03   1.105533707168588E-02   3.068953840686278E-03   1.266522864476997E-01  -6.715322169695828E-04   4.148654966974256E-02  -1.087269220026042E-01   0.000000000000000E+00   1.669279179739857E-02  -1.429752214904295E-02   6.014949263545843E-03   1.464648124889074E-02   0.000000000000000E+00   0.000000000000000E+00  -1.407324773350676E-01   0.000000000000000E+00  -1.496292940114135E-02   1.567330629434965E-02  -1.116155945515578E-02  -6.886023505974080E-02   1.645336948104276E-02  -8.327646244825023E-04   1.361132276252362E-01   1.050000627101525E-02  -3.482400548211175E-06  -3.444552227193679E-06  -6.684926083720026E-06  -4.899708922050026E-06  -1.280676228306144E-06  -3.094232801911812E-06  -4.188032382323652E-06  -4.599438748394000E-06  -3.885621467362321E-06   5.436199638452784E-06   1.324359226932885E-05   6.048338827452910E-06   0.000000000000000E+00   0.000000000000000E+00   0.000000000000000E+00   0.000000000000000E+00  -4.731517902895273E-06  -1.602682491191061E-06   3.306338353055775E-08  -2.207031550871697E-06   0.000000000000000E+00   1.578010087062138E-04   1.658625648588484E-04   2.005690413961220E-04   1.601552750457638E-04  -9.653492506416576E-06   2.825149433835413E-07   2.644058077689842E-06   2.427530005166395E-07   0.000000000000000E+00   0.000000000000000E+00   0.000000000000000E+00   0.000000000000000E+00   0.000000000000000E+00  -6.824499357190735E-07  -1.759782709907804E-06  -6.975687000649886E-07  -2.515799903327539E-06   3.444177579076550E-05   4.540937780896045E-05   2.720490631491612E-05   5.269669320046652E-05  -1.899224117270124E-03  -1.102890985479669E-05   1.126467686399805E-06  -1.562015573796048E-06  -8.321899085040283E-06  -1.689375663292750E-06   0.000000000000000E+00   0.000000000000000E+00   0.000000000000000E+00   0.000000000000000E+00  -4.888958660725145E-07  -5.064540570247087E-07   7.368045636987139E-07  -6.843385537174395E-07   0.000000000000000E+00   6.885785863526145E-05   9.428134787453369E-05  -3.203055084653962E-05   9.902058187283146E-05   0.000000000000000E+00   0.000000000000000E+00   0.000000000000000E+00   0.000000000000000E+00   0.000000000000000E+00   0.000000000000000E+00   0.000000000000000E+00   0.000000000000000E+00   0.000000000000000E+00  -8.255604050975500E-08  -4.684914354851895E-07   2.526652803259694E-08  -5.448503895045414E-07   0.000000000000000E+00  -3.372930712181460E-04   0.000000000000000E+00   0.000000000000000E+00   0.000000000000000E+00   0.000000000000000E+00   0.000000000000000E+00   0.000000000000000E+00   0.000000000000000E+00   0.000000000000000E+00   0.000000000000000E+00   5.718173537463449E-07   0.000000000000000E+00   0.000000000000000E+00   0.000000000000000E+00   0.000000000000000E+00   0.000000000000000E+00   0.000000000000000E+00   0.000000000000000E+00   0.000000000000000E+00   0.000000000000000E+00   0.000000000000000E+00   0.000000000000000E+00   0.000000000000000E+00   0.000000000000000E+00   0.000000000000000E+00   0.000000000000000E+00   0.000000000000000E+00
   0.000000000000000E+00   0.000000000000000E+00   0.000000000000000E+00   0.000000000000000E+00   0.000000000000000E+00   0.000000000000000E+00   0.000000000000000E+00   0.000000000000000E+00   0.000000000000000E+00   0.000000000000000E+00   0.000000000000000E+00   0.000000000000000E+00   3.164836868871800E-06  -1.083872641225338E-06   4.235096588476684E-06  -8.460502628088475E-07   0.000000000000000E+00   0.000000000000000E+00   0.000000000000000E+00   0.000000000000000E+00   0.000000000000000E+00   0.000000000000000E+00   0.000000000000000E+00   0.000000000000000E+00   0.000000000000000E+00  -4.929827751320175E-08   6.220129656532313E-08  -1.385419134507654E-07   4.132953948675483E-07  -3.393591385937491E-06   4.279653974651113E-06  -1.372299861393737E-05   3.517638120681202E-06  -4.812046518795066E-06   0.000000000000000E+00   0.000000000000000E+00   0.000000000000000E+00   0.000000000000000E+00   0.000000000000000E+00   0.000000000000000E+00   0.000000000000000E+00   0.000000000000000E+00   0.000000000000000E+00   0.000000000000000E+00  -3.599968249451175E-08   4.109566038553726E-07  -9.482245912709689E-07   4.771527579106592E-07  -4.253033996436899E-04   1.639216769819656E-04  -7.214687334691773E-04   2.072297303837286E-04   0.000000000000000E+00   0.000000000000000E+00   0.000000000000000E+00   0.000000000000000E+00   0.000000000000000E+00   0.000000000000000E+00   0.000000000000000E+00   0.000000000000000E+00   0.000000000000000E+00   3.792484928844633E-05  -3.668270421149880E-05   6.856125885949811E-05  -1.215832182652698E-05  -7.509550856377180E-03   3.079805255245616E-03  -1.027213131160991E-02  -3.241244206395085E-03   1.575387038697977E-04   0.000000000000000E+00   0.000000000000000E+00   0.000000000000000E+00   0.000000000000000E+00   0.000000000000000E+00   0.000000000000000E+00  -5.893547517202293E-06   2.206730214038533E-03  -1.695229670709475E-03   3.068953840686278E-03  -1.601838029840171E-03  -1.150414598118457E-01   6.099696161645491E-04  -1.087269220026042E-01   2.054551050939036E-02   0.000000000000000E+00   1.819155354519824E-02  -1.558122469235531E-02   1.464648124889074E-02   8.536674192115718E-03   0.000000000000000E+00   0.000000000000000E+00   0.000000000000000E+00  -1.407324773350676E-01   3.280202810153898E-02   1.331112834264170E-01  -9.479362402632706E-02   1.645336948104276E-02   6.893870354574884E-02  -1.368241600044075E-03   2.562923715115590E-02  -2.849055492239189E-02  -2.383029480952716E-06  -2.357129627233824E-06  -4.899708922050026E-06  -2.877720712867868E-06  -1.361227350411272E-06  -3.288851799859598E-06  -4.599438748394000E-06  -4.749498279246228E-06  -1.931551270139341E-06   2.702347206124642E-06   6.048338827452910E-06   4.083043244151567E-06   0.000000000000000E+00   0.000000000000000E+00   0.000000000000000E+00   0.000000000000000E+00  -7.407845885489012E-06  -2.509221172099993E-06  -2.207031550871697E-06  -2.012681043421293E-06   0.000000000000000E+00   1.090428794987781E-04   1.146135365137846E-04   1.601552750457638E-04   7.947062740945375E-05  -2.277547158288232E-06   6.665371170583670E-08   2.427530005166395E-07   1.672410562418166E-06   0.000000000000000E+00   0.000000000000000E+00   0.000000000000000E+00   0.000000000000000E+00   0.000000000000000E+00  -1.934099655709220E-06  -4.987318417386140E-06  -2.515799903327539E-06  -6.939776588287033E-06   4.949891403080334E-05   6.526129494637315E-05   5.269669320046652E-05   6.627254196957633E-05  -8.120952636571600E-04  -6.178317877829181E-07   2.361739052134746E-07  -3.274903688065018E-07  -1.689375663292750E-06  -6.183551284465121E-07   0.000000000000000E+00   0.000000000000000E+00   0.000000000000000E+00   0.000000000000000E+00  -5.388380275745569E-06  -5.581898397640559E-06  -6.843385537174395E-07  -6.743562016924578E-06   0.000000000000000E+00   2.764396643074828E-04   3.785058767939445E-04   9.902058187283146E-05   3.408367961103953E-04   0.000000000000000E+00   0.000000000000000E+00   0.000000000000000E+00   0.000000000000000E+00   0.000000000000000E+00   0.000000000000000E+00   0.000000000000000E+00   0.000000000000000E+00   0.000000000000000E+00   3.053591549289339E-06   1.732861071677688E-05  -5.448503895045414E-07   2.016351988263303E-05   0.000000000000000E+00  -2.563499762161647E-03   0.000000000000000E+00   0.000000000000000E+00   0.000000000000000E+00   0.000000000000000E+00   0.000000000000000E+00   0.000000000000000E+00   0.000000000000000E+00   0.000000000000000E+00   0.000000000000000E+00  -1.780641355619175E-06   0.000000000000000E+00   0.000000000000000E+00   0.000000000000000E+00   0.000000000000000E+00   0.000000000000000E+00   0.000000000000000E+00   0.000000000000000E+00   0.000000000000000E+00   0.000000000000000E+00   0.000000000000000E+00   0.000000000000000E+00   0.000000000000000E+00   0.000000000000000E+00   0.000000000000000E+00   0.000000000000000E+00   0.000000000000000E+00
   2.243081212554681E-06   3.433435503776179E-06  -7.850066462993220E-06   3.975558588283406E-07   0.000000000000000E+00   0.000000000000000E+00   0.000000000000000E+00   0.000000000000000E+00   0.000000000000000E+00   0.000000000000000E+00   0.000000000000000E+00   0.000000000000000E+00  -1.172124936823072E-05  -2.341966571691678E-06   5.696587312588189E-06  -6.712292376673234E-07   0.000000000000000E+00   0.000000000000000E+00   0.000000000000000E+00   0.000000000000000E+00   0.000000000000000E+00   0.000000000000000E+00   0.000000000000000E+00   0.000000000000000E+00   0.000000000000000E+00   6.734450052344793E-07   5.401730708434429E-06  -8.649743836496480E-06  -3.325112380427897E-06   9.405079544774728E-05  -9.270698205753786E-05   1.772869667794904E-04   2.021605070231919E-05   6.799492778549897E-06   0.000000000000000E+00   0.000000000000000E+00   0.000000000000000E+00   0.000000000000000E+00   0.000000000000000E+00   0.000000000000000E+00   0.000000000000000E+00   0.000000000000000E+00   0.000000000000000E+00   0.000000000000000E+00  -7.740786726228665E-06  -8.772701449634658E-06   1.325468617108568E-05   5.881431117617121E-06   6.891717049031952E-03  -4.743905462379250E-03   9.201897561983809E-03   8.811266226217625E-04   0.000000000000000E+00   0.000000000000000E+00   0.000000000000000E+00   0.000000000000000E+00   0.000000000000000E+00   0.000000000000000E+00   0.000000000000000E+00   0.000000000000000E+00   0.000000000000000E+00   8.138172670079927E-06  -2.525465865475566E-05   2.882553497264341E-05   2.745644887181698E-05   2.570600697327415E-02  -1.771211487811607E-02   2.110064959509314E-02   1.762942539220456E-02  -8.837499778494700E-03   0.000000000000000E+00   0.000000000000000E+00   0.000000000000000E+00   0.000000000000000E+00   0.000000000000000E+00   0.000000000000000E+00   1.037500916824904E-05   9.444806547616828E-04  -9.097368673196417E-04   7.795171888272151E-04   1.192092843903778E-03   1.801890442815706E-01  -7.332619284201831E-02   2.190334394658944E-02   1.370820101838769E-01   0.000000000000000E+00   2.664863204858998E-04  -2.549096784326712E-04   6.211872946127069E-05   4.417189643736520E-04   2.989665500264594E-02  -8.874646210498936E-03  -1.496292940114135E-02   3.280202810153898E-02  -1.630724949588962E-01   1.186404658914281E-03  -8.015817363709392E-04  -4.444947209125552E-04   1.878994855724720E-03   6.487358792555307E-06  -1.009384438426661E-02  -3.839296102819440E-05   0.000000000000000E+00   0.000000000000000E+00   0.000000000000000E+00   0.000000000000000E+00   0.000000000000000E+00   0.000000000000000E+00   0.000000000000000E+00   0.000000000000000E+00  -1.090741144899811E-05  -2.275917793556247E-06  -5.531919793917601E-06  -6.346868649187832E-06   0.000000000000000E+00   0.000000000000000E+00   0.000000000000000E+00   0.000000000000000E+00   0.000000000000000E+00   0.000000000000000E+00   0.000000000000000E+00   0.000000000000000E+00   0.000000000000000E+00  -9.933538562041063E-07   9.841867094803573E-06   1.286927082521958E-05   2.376658149685344E-05  -1.174826929882210E-05  -1.246646463157606E-06  -5.852732972142225E-06  -4.127836304167821E-06   0.000000000000000E+00   0.000000000000000E+00   0.000000000000000E+00   0.000000000000000E+00   0.000000000000000E+00   0.000000000000000E+00   0.000000000000000E+00   0.000000000000000E+00   0.000000000000000E+00  -1.159994131557686E-05  -2.777519551099320E-06  -1.657562970437186E-06  -6.458255549067594E-06  -3.553384992000966E-04  -8.947094836311085E-06   2.365761086328642E-07  -6.042997467291771E-08  -4.473271035192820E-07  -2.519177444598914E-07   0.000000000000000E+00   0.000000000000000E+00   0.000000000000000E+00   0.000000000000000E+00   0.000000000000000E+00   0.000000000000000E+00   0.000000000000000E+00   0.000000000000000E+00   0.000000000000000E+00  -1.239911624853553E-05  -2.414483327206857E-07   1.484968066808535E-08  -5.135437151926373E-07   0.000000000000000E+00   0.000000000000000E+00   0.000000000000000E+00   0.000000000000000E+00   0.000000000000000E+00   0.000000000000000E+00   0.000000000000000E+00   0.000000000000000E+00   0.000000000000000E+00   2.104814555713974E-06  -3.400455452174837E-06   1.165403819680038E-06  -6.949399966922951E-06   0.000000000000000E+00  -3.707055402211374E-05   0.000000000000000E+00   0.000000000000000E+00   0.000000000000000E+00   0.000000000000000E+00   0.000000000000000E+00   0.000000000000000E+00   0.000000000000000E+00   0.000000000000000E+00   0.000000000000000E+00   0.000000000000000E+00   0.000000000000000E+00   0.000000000000000E+00   0.000000000000000E+00   0.000000000000000E+00   0.000000000000000E+00   0.000000000000000E+00   0.000000000000000E+00   0.000000000000000E+00   0.000000000000000E+00   0.000000000000000E+00   0.000000000000000E+00   0.000000000000000E+00   0.000000000000000E+00   0.000000000000000E+00   0.000000000000000E+00   0.000000000000000E+00
   0.000000000000000E+00   0.000000000000000E+00   0.000000000000000E+00   0.000000000000000E+00   0.000000000000000E+00   0.000000000000000E+00   0.000000000000000E+00   0.000000000000000E+00   0.000000000000000E+00   0.000000000000000E+00   0.000000000000000E+00   0.000000000000000E+00  -3.109110978590513E-06  -3.907035831034431E-07   3.357710384331055E-06  -2.232258830438733E-06   0.000000000000000E+00   0.000000000000000E+00   0.000000000000000E+00   0.000000000000000E+00   0.000000000000000E+00   0.000000000000000E+00   0.000000000000000E+00   0.000000000000000E+00   0.000000000000000E+00  -6.174471582469616E-07  -2.525964189068855E-06   7.806797304350671E-06  -1.461496448307383E-06   4.509449430906921E-06   3.317082873625809E-09  -2.338685535647943E-08   1.396546407516562E-08   0.000000000000000E+00   0.000000000000000E+00   0.000000000000000E+00   0.000000000000000E+00   0.000000000000000E+00   0.000000000000000E+00   0.000000000000000E+00   0.000000000000000E+00   0.000000000000000E+00   0.000000000000000E+00   2.123085223660654E-06  -3.123123721254765E-07   3.856669205141813E-06  -1.409777691132781E-05   4.116457505451617E-06  -1.013983534625553E-04  -2.183569765829372E-06  -1.672287003668502E-04   1.487800126417479E-04   0.000000000000000E+00   0.000000000000000E+00   0.000000000000000E+00   0.000000000000000E+00   0.000000000000000E+00   0.000000000000000E+00   0.000000000000000E+00   0.000000000000000E+00   0.000000000000000E+00  -4.996536719989060E-04   3.026591237731287E-04  -9.076963943283539E-04   8.765916053319884E-05  -7.621614554876967E-03  -4.515550826518209E-04  -8.958101112602843E-03   7.785798291226238E-03  -5.364767831377484E-06   0.000000000000000E+00   0.000000000000000E+00   0.000000000000000E+00   0.000000000000000E+00   0.000000000000000E+00   0.000000000000000E+00   9.742995830327311E-05  -1.957216934523857E-02   6.364625597901776E-03  -2.606977226993710E-02   6.759875842857330E-03  -2.295478386032060E-02  -1.044347434891231E-02  -1.163077896525174E-02   2.772905012824395E-02   0.000000000000000E+00  -1.695089970059757E-01   7.728168494209250E-02  -1.482674063202237E-01  -3.479710927999546E-02  -1.577306718409184E-01  -9.029940680709041E-02   1.567330629434965E-02   1.331112834264170E-01   1.186404658914281E-03  -2.961944406820733E-01   0.000000000000000E+00   0.000000000000000E+00   0.000000000000000E+00   2.896489205574584E-02   2.752714075030379E-02   1.760226878746090E-01  -5.740618415766166E-07   4.083918523306952E-06   6.204103556375506E-06   2.870439534974161E-06  -1.416332235312863E-06   3.970616186819314E-06   4.227780325364312E-06   3.406666251077233E-06   4.416015369103808E-06   3.583446753082351E-07   5.543782440686132E-07   1.330672425060415E-07  -1.367027783519193E-08  -2.900295610002759E-09  -5.951433377587515E-09  -2.285269153079773E-09   4.540466116543259E-06   6.748544560776238E-06   4.485376542205549E-06   5.366531255897434E-06   0.000000000000000E+00  -1.131511612275684E-04  -1.717618043928272E-04  -1.673469196630030E-04  -5.300074030003946E-05   4.317698109485469E-06   4.082857019946009E-06   9.382443457220451E-06   1.525123885718035E-07   0.000000000000000E+00   0.000000000000000E+00   0.000000000000000E+00   0.000000000000000E+00   0.000000000000000E+00  -9.958665918120618E-07   5.182952837913351E-06   1.989527510146811E-06   4.733078725221024E-06  -5.614300394386158E-05  -1.042754801863205E-04  -6.055560338289369E-05  -5.751377305309883E-05   6.943541581052514E-04  -1.220075402059320E-05  -4.518518568631497E-06  -1.594314112785329E-07  -5.003373609353988E-07  -1.805175747550223E-08   0.000000000000000E+00   0.000000000000000E+00   0.000000000000000E+00   0.000000000000000E+00   1.389342915855063E-06   7.475715684954325E-06   5.303146066485454E-07   6.417204671120816E-06   0.000000000000000E+00  -2.404581727563257E-04  -4.329200234651582E-04  -7.120437819852075E-05  -2.107507699604219E-04   0.000000000000000E+00   0.000000000000000E+00   0.000000000000000E+00   0.000000000000000E+00   0.000000000000000E+00   0.000000000000000E+00   0.000000000000000E+00   0.000000000000000E+00   0.000000000000000E+00  -1.030054176246629E-06  -1.346893248065234E-05   7.920693257802691E-07  -8.825526093103234E-06   1.902453813830983E-08   1.398335024416325E-03   0.000000000000000E+00   0.000000000000000E+00   0.000000000000000E+00   0.000000000000000E+00   0.000000000000000E+00   0.000000000000000E+00   0.000000000000000E+00   0.000000000000000E+00   0.000000000000000E+00  -1.106352195215618E-05   0.000000000000000E+00   0.000000000000000E+00   0.000000000000000E+00   0.000000000000000E+00   0.000000000000000E+00   0.000000000000000E+00   0.000000000000000E+00   0.000000000000000E+00   0.000000000000000E+00   0.000000000000000E+00   0.000000000000000E+00   0.000000000000000E+00   0.000000000000000E+00   0.000000000000000E+00   0.000000000000000E+00   0.000000000000000E+00
   0.000000000000000E+00   0.000000000000000E+00   0.000000000000000E+00   0.000000000000000E+00   0.000000000000000E+00   0.000000000000000E+00   0.000000000000000E+00   0.000000000000000E+00   0.000000000000000E+00   0.000000000000000E+00   0.000000000000000E+00   0.000000000000000E+00   3.905981736662355E-07   2.802214941343497E-07   1.022342113611170E-06  -6.796691642875548E-07   0.000000000000000E+00   0.000000000000000E+00   0.000000000000000E+00   0.000000000000000E+00   0.000000000000000E+00   0.000000000000000E+00   0.000000000000000E+00   0.000000000000000E+00   0.000000000000000E+00   2.525056896638401E-06  -5.537000795852111E-08   3.414453614568005E-06  -6.392137051925812E-07  -3.228232804971840E-09   9.975051295999190E-07  -2.992871024394302E-06   1.787193367200717E-06   0.000000000000000E+00   0.000000000000000E+00   0.000000000000000E+00   0.000000000000000E+00   0.000000000000000E+00   0.000000000000000E+00   0.000000000000000E+00   0.000000000000000E+00   0.000000000000000E+00   0.000000000000000E+00  -3.290241974866376E-06  -3.856727586185176E-06   2.366217107610031E-06  -1.369430604655343E-05   3.998646684640783E-06   2.183389329875771E-06  -3.137853909769706E-05   3.383301382166113E-06  -3.010055219620066E-06   0.000000000000000E+00   0.000000000000000E+00   0.000000000000000E+00   0.000000000000000E+00   0.000000000000000E+00   0.000000000000000E+00   0.000000000000000E+00   0.000000000000000E+00   0.000000000000000E+00  -3.026288245724078E-04   3.343475094059866E-05  -5.535495693233686E-04   5.345806247947603E-05   4.515655971452761E-04  -2.440654407351337E-03   5.488471278160284E-04  -4.770221921119674E-04  -2.363486577992292E-06   0.000000000000000E+00   0.000000000000000E+00   0.000000000000000E+00   0.000000000000000E+00   0.000000000000000E+00   0.000000000000000E+00   8.251500491501225E-05  -6.364842180915309E-03  -4.456101314605421E-03  -8.893051947554896E-03   2.305962875589658E-03   1.044320333422768E-02  -2.841686436853345E-03   5.570626192914721E-03  -1.328098259029185E-02   0.000000000000000E+00  -7.727914763559891E-02  -3.327639687211235E-02  -8.565948541425190E-02  -2.010355848803523E-02   9.029894028026723E-02  -6.491898540692495E-03  -1.116155945515578E-02  -9.479362402632706E-02  -8.015817363709392E-04   0.000000000000000E+00  -1.409551739179441E-01   0.000000000000000E+00   0.000000000000000E+00   1.957817503226968E-02  -2.131142637885658E-02   6.275622745896113E-03  -4.084153940906262E-06  -1.957244402304131E-06  -4.485676764251683E-06  -2.075378627745731E-06  -3.970830368853991E-06  -3.322777398205268E-06  -4.388855044459327E-06  -3.536457244746102E-06  -3.585636665004325E-07   7.992439475903840E-06   1.143008330279039E-05   2.743559443376027E-06   2.900476174720685E-09  -5.047726573089042E-09  -7.897271570050665E-09  -3.032444449516188E-09  -6.749043279090216E-06   3.119745210638895E-06   1.031335303433277E-06   1.233941696779737E-06   0.000000000000000E+00   1.717651474938436E-04   2.128940810467697E-04   2.412276217133016E-04   7.639962873155540E-05  -4.083141366207574E-06   1.833319436388294E-06   5.018748322988501E-07   8.158016596312806E-09   0.000000000000000E+00   0.000000000000000E+00   0.000000000000000E+00   0.000000000000000E+00   0.000000000000000E+00  -5.183245021901176E-06  -4.884899007950864E-06  -2.216372948350870E-06  -5.272743199324145E-06   1.042776154262602E-04   1.562073140266111E-04   1.011745189311891E-04   9.609231838995507E-05  -9.283186957901968E-04  -8.811496203554935E-07   1.594492190474568E-07  -1.104533419363821E-06  -2.858094158943686E-06  -1.031176694519570E-07   0.000000000000000E+00   0.000000000000000E+00   0.000000000000000E+00   0.000000000000000E+00  -7.476178518294253E-06  -3.326465776784098E-06  -3.312657908962887E-07  -4.008564640820886E-06   0.000000000000000E+00   4.329282675889126E-04   6.966737789258932E-04   1.264959160430837E-04   3.744027035613186E-04   0.000000000000000E+00   0.000000000000000E+00   0.000000000000000E+00   0.000000000000000E+00   0.000000000000000E+00   0.000000000000000E+00   0.000000000000000E+00   0.000000000000000E+00   0.000000000000000E+00   1.346904535938493E-05   3.886034664472541E-05  -2.376658367816153E-06   2.648159669469694E-05   2.887002999997224E-08  -2.365895360965143E-03   0.000000000000000E+00   0.000000000000000E+00   0.000000000000000E+00   0.000000000000000E+00   0.000000000000000E+00   0.000000000000000E+00   0.000000000000000E+00   0.000000000000000E+00   0.000000000000000E+00  -5.073196518903479E-06   0.000000000000000E+00   0.000000000000000E+00   0.000000000000000E+00   0.000000000000000E+00   0.000000000000000E+00   0.000000000000000E+00   0.000000000000000E+00   0.000000000000000E+00   0.000000000000000E+00   0.000000000000000E+00   0.000000000000000E+00   0.000000000000000E+00   0.000000000000000E+00   0.000000000000000E+00   0.000000000000000E+00   0.000000000000000E+00
   0.000000000000000E+00   0.000000000000000E+00   0.000000000000000E+00   0.000000000000000E+00   0.000000000000000E+00   0.000000000000000E+00   0.000000000000000E+00   0.000000000000000E+00   0.000000000000000E+00   0.000000000000000E+00   0.000000000000000E+00   0.000000000000000E+00  -3.356804494604868E-06   1.022342113611170E-06  -8.386836699422832E-06   5.841083392966254E-06   0.000000000000000E+00   0.000000000000000E+00   0.000000000000000E+00   0.000000000000000E+00   0.000000000000000E+00   0.000000000000000E+00   0.000000000000000E+00   0.000000000000000E+00   0.000000000000000E+00  -7.803993207550336E-06   3.414453614568005E-06  -9.503371920358718E-06   1.975567132818690E-06   2.276042430751613E-08  -2.992871024394302E-06   2.167403313409623E-05  -1.260047890425350E-05   0.000000000000000E+00   0.000000000000000E+00   0.000000000000000E+00   0.000000000000000E+00   0.000000000000000E+00   0.000000000000000E+00   0.000000000000000E+00   0.000000000000000E+00   0.000000000000000E+00   0.000000000000000E+00   8.417248812224705E-06   1.409799031903311E-05  -1.369430604655343E-05   4.867847459192456E-05  -1.461676537674780E-05   1.672148816785296E-04   3.383301382166113E-06   2.276874354450740E-04  -2.305250925739605E-04   0.000000000000000E+00   0.000000000000000E+00   0.000000000000000E+00   0.000000000000000E+00   0.000000000000000E+00   0.000000000000000E+00   0.000000000000000E+00   0.000000000000000E+00   0.000000000000000E+00   9.076055248547941E-04  -5.535495693233686E-04   1.508995924850962E-03  -1.603245590467423E-04   8.958309702648971E-03   5.488471278160284E-04   8.419892927048197E-03  -9.463326167871740E-03  -1.332607869033867E-05   0.000000000000000E+00   0.000000000000000E+00   0.000000000000000E+00   0.000000000000000E+00   0.000000000000000E+00   0.000000000000000E+00  -1.877487366080452E-04   2.607065940300620E-02  -8.893051947554896E-03   2.979907776176087E-02  -9.445320247803748E-03   1.163047713927047E-02   5.570626192914721E-03  -1.639703261967031E-03  -1.479087971955702E-02   0.000000000000000E+00   1.482625384158409E-01  -8.565948541425190E-02   8.641564345666534E-02   3.856932566961183E-02  -1.567322531909131E-02  -1.116155945515578E-02  -6.886023505974080E-02   1.645336948104276E-02  -4.444947209125552E-04   0.000000000000000E+00   0.000000000000000E+00  -1.409551739179441E-01   0.000000000000000E+00  -2.221943911236407E-02   1.697720602319074E-02   1.157750743735354E-01  -6.204461192101285E-06  -4.485676764251683E-06  -5.818935402547705E-06  -3.152820961471282E-06  -4.228008379285831E-06  -4.388855044459327E-06  -3.873991399262175E-06  -3.765502294193420E-06  -5.547170350733699E-07   1.143008330279039E-05   1.828709132283283E-05   4.244432166902943E-06   5.951803898056317E-09  -7.897271570050665E-09  -1.740444520212210E-08  -6.222604016737963E-09  -4.485708012110879E-06   1.031335303433277E-06   2.253503635591248E-06   8.201313766754659E-07   0.000000000000000E+00   1.673501768345213E-04   2.412276217133016E-04   2.003297014124317E-04   7.443588856566976E-05  -9.383096887577761E-06   5.018748322988501E-07   2.768237001604002E-06   1.874719811740630E-08   0.000000000000000E+00   0.000000000000000E+00   0.000000000000000E+00   0.000000000000000E+00   0.000000000000000E+00  -1.989639667849183E-06  -2.216372948350870E-06   3.823624763442637E-08  -2.023994425003927E-06   6.055684337471809E-05   1.011745189311891E-04   4.074170332838805E-05   5.580341907961048E-05  -8.579121125428370E-04  -2.150108861875713E-06   5.003932463599590E-07  -2.858094158943686E-06  -9.163253023272371E-06  -3.236101479981561E-07   0.000000000000000E+00   0.000000000000000E+00   0.000000000000000E+00   0.000000000000000E+00  -5.303474392616291E-07  -3.312657908962887E-07   1.319807859440583E-06  -2.843607850149512E-07   0.000000000000000E+00   7.120573414805856E-05   1.264959160430837E-04  -5.161140469875530E-05   6.157976129065403E-05   0.000000000000000E+00   0.000000000000000E+00   0.000000000000000E+00   0.000000000000000E+00   0.000000000000000E+00   0.000000000000000E+00   0.000000000000000E+00   0.000000000000000E+00   0.000000000000000E+00  -7.920759638550943E-07  -2.376658367816153E-06  -1.414345101280531E-06  -1.557306822176431E-06  -1.697178432772175E-09  -8.518889732986652E-05   0.000000000000000E+00   0.000000000000000E+00   0.000000000000000E+00   0.000000000000000E+00   0.000000000000000E+00   0.000000000000000E+00   0.000000000000000E+00   0.000000000000000E+00   0.000000000000000E+00   1.586623280232791E-06   0.000000000000000E+00   0.000000000000000E+00   0.000000000000000E+00   0.000000000000000E+00   0.000000000000000E+00   0.000000000000000E+00   0.000000000000000E+00   0.000000000000000E+00   0.000000000000000E+00   0.000000000000000E+00   0.000000000000000E+00   0.000000000000000E+00   0.000000000000000E+00   0.000000000000000E+00   0.000000000000000E+00   0.000000000000000E+00
   0.000000000000000E+00   0.000000000000000E+00   0.000000000000000E+00   0.000000000000000E+00   0.000000000000000E+00   0.000000000000000E+00   0.000000000000000E+00   0.000000000000000E+00   0.000000000000000E+00   0.000000000000000E+00   0.000000000000000E+00   0.000000000000000E+00   2.231656580658609E-06  -6.796691642875548E-07   5.841083392966254E-06  -3.484063035977269E-06   0.000000000000000E+00   0.000000000000000E+00   0.000000000000000E+00   0.000000000000000E+00   0.000000000000000E+00   0.000000000000000E+00   0.000000000000000E+00   0.000000000000000E+00   0.000000000000000E+00   1.460971498400958E-06  -6.392137051925812E-07   1.975567132818690E-06   6.795668661461426E-07  -1.359139068323173E-08   1.787193367200717E-06  -1.260047890425350E-05   8.097388021860659E-06   0.000000000000000E+00   0.000000000000000E+00   0.000000000000000E+00   0.000000000000000E+00   0.000000000000000E+00   0.000000000000000E+00   0.000000000000000E+00   0.000000000000000E+00   0.000000000000000E+00   0.000000000000000E+00  -1.434825820060658E-07  -4.116519819088424E-06   3.998646684640783E-06  -1.461676537674780E-05   2.887922421239936E-06  -1.487677184325690E-04  -3.010055219620066E-06  -2.305250925739605E-04   1.736708240652337E-04   0.000000000000000E+00   0.000000000000000E+00   0.000000000000000E+00   0.000000000000000E+00   0.000000000000000E+00   0.000000000000000E+00   0.000000000000000E+00   0.000000000000000E+00   0.000000000000000E+00  -8.765038497584275E-05   5.345806247947603E-05  -1.603245590467423E-04  -1.356558307963486E-04  -7.785979584114575E-03  -4.770221921119674E-04  -9.463326167871740E-03   5.756586623301873E-03   1.678505777686158E-05   0.000000000000000E+00   0.000000000000000E+00   0.000000000000000E+00   0.000000000000000E+00   0.000000000000000E+00   0.000000000000000E+00  -2.842287692140618E-05  -6.760105875914048E-03   2.305962875589658E-03  -9.445320247803748E-03  -4.178068732377613E-03  -2.772833054206749E-02  -1.328098259029185E-02  -1.479087971955702E-02   2.741942973454501E-02   0.000000000000000E+00   3.479596682390901E-02  -2.010355848803523E-02   3.856932566961183E-02  -6.887294809595927E-02  -1.331105957144333E-01  -9.479362402632706E-02   1.645336948104276E-02   6.893870354574884E-02   1.878994855724720E-03   0.000000000000000E+00   0.000000000000000E+00   0.000000000000000E+00  -1.409551739179441E-01  -2.066141541067675E-02   2.141140765283987E-02  -1.022287761693978E-01  -2.870605001542710E-06  -2.075378627745731E-06  -3.152820961471282E-06  -4.632080103636077E-07  -3.406850012658507E-06  -3.536457244746102E-06  -3.765502294193420E-06  -2.235055486647598E-06  -1.331485624086011E-07   2.743559443376027E-06   4.244432166902943E-06   1.622935183102354E-06   2.285411427880516E-09  -3.032444449516188E-09  -6.222604016737963E-09  -3.588565980442671E-09  -5.366927843249824E-06   1.233941696779737E-06   8.201313766754659E-07   2.549279930550753E-06   0.000000000000000E+00   5.300177188461900E-05   7.639962873155540E-05   7.443588856566976E-05  -1.112279629694411E-05  -1.525230101358996E-07   8.158016596312806E-09   1.874719811740630E-08   1.615228700051699E-06   0.000000000000000E+00   0.000000000000000E+00   0.000000000000000E+00   0.000000000000000E+00   0.000000000000000E+00  -4.733345547987868E-06  -5.272743199324145E-06  -2.023994425003927E-06  -3.926062550627031E-06   5.751495075762810E-05   9.609231838995507E-05   5.580341907961048E-05   3.498721293664893E-05   2.598520064110608E-05   4.055371419948499E-07   1.805377377532180E-08  -1.031176694519570E-07  -3.236101479981561E-07  -2.054835211549824E-07   0.000000000000000E+00   0.000000000000000E+00   0.000000000000000E+00   0.000000000000000E+00  -6.417601970375643E-06  -4.008564640820886E-06  -2.843607850149512E-07  -2.097671580205379E-06   0.000000000000000E+00   2.107547833008421E-04   3.744027035613186E-04   6.157976129065403E-05   1.098470430875872E-04   0.000000000000000E+00   0.000000000000000E+00   0.000000000000000E+00   0.000000000000000E+00   0.000000000000000E+00   0.000000000000000E+00   0.000000000000000E+00   0.000000000000000E+00   0.000000000000000E+00   8.825600056960529E-06   2.648159669469694E-05  -1.557306822176431E-06   1.579797256072395E-05   2.724077231282431E-08  -5.579894077399954E-04   0.000000000000000E+00   0.000000000000000E+00   0.000000000000000E+00   0.000000000000000E+00   0.000000000000000E+00   0.000000000000000E+00   0.000000000000000E+00   0.000000000000000E+00   0.000000000000000E+00  -3.033100534428709E-06   0.000000000000000E+00   0.000000000000000E+00   0.000000000000000E+00   0.000000000000000E+00   0.000000000000000E+00   0.000000000000000E+00   0.000000000000000E+00   0.000000000000000E+00   0.000000000000000E+00   0.000000000000000E+00   0.000000000000000E+00   0.000000000000000E+00   0.000000000000000E+00   0.000000000000000E+00   0.000000000000000E+00   0.000000000000000E+00
   0.000000000000000E+00   0.000000000000000E+00   0.000000000000000E+00   0.000000000000000E+00   0.000000000000000E+00   0.000000000000000E+00   0.000000000000000E+00   0.000000000000000E+00   2.277055405541708E-06   9.717280346529330E-07  -6.788297234447839E-06   4.053924218582951E-06   1.236903497482470E-06  -8.592102239562187E-07  -6.619337242446093E-06   7.798345179468595E-06   0.000000000000000E+00   0.000000000000000E+00   0.000000000000000E+00   0.000000000000000E+00   0.000000000000000E+00   0.000000000000000E+00   0.000000000000000E+00   0.000000000000000E+00   0.000000000000000E+00  -1.169444531157156E-05  -8.571807476912777E-07   5.355689152623176E-06  -2.757100988693889E-06  -8.663704385479870E-06   1.577203062591437E-06   9.036732608223865E-06  -1.130148929145035E-05   0.000000000000000E+00   0.000000000000000E+00   0.000000000000000E+00   0.000000000000000E+00   0.000000000000000E+00   0.000000000000000E+00   0.000000000000000E+00   0.000000000000000E+00   0.000000000000000E+00   0.000000000000000E+00   7.301250319035972E-06   1.037603597699143E-04  -4.747042124956582E-06   1.717627394687609E-04  -1.351055145073115E-04   1.184450713116595E-05   1.397644699437466E-05   2.141431099806780E-05  -4.692328580031784E-05   0.000000000000000E+00   0.000000000000000E+00   0.000000000000000E+00   0.000000000000000E+00   0.000000000000000E+00   0.000000000000000E+00   0.000000000000000E+00   0.000000000000000E+00   0.000000000000000E+00   7.260217158914087E-03  -9.858778653801339E-05   8.908759958999606E-03  -6.242736896855711E-03   1.029942598169670E-03   6.767944469921555E-04   4.382053880654999E-04  -1.645250533511438E-03   1.033955849963123E-05   0.000000000000000E+00   0.000000000000000E+00   0.000000000000000E+00   0.000000000000000E+00   0.000000000000000E+00   0.000000000000000E+00  -7.577585987561526E-03   2.759417292232781E-02   9.536962096813139E-03   1.603540449920985E-02  -2.927080076635574E-02   2.673725533196191E-04   2.594370475954464E-04  -5.917320660056700E-05  -4.411766032991894E-04   0.000000000000000E+00   1.802693879917830E-01   7.737662125415855E-02  -1.856023877113459E-02  -1.351323284683985E-01   1.102999002872387E-03   1.116983381715445E-03  -8.327646244825023E-04  -1.368241600044075E-03   6.487358792555307E-06   2.896489205574584E-02   1.957817503226968E-02  -2.221943911236407E-02  -2.066141541067675E-02  -1.603016745196556E-01  -4.048427260000330E-05  -9.857328848278026E-03  -9.780265834688414E-06  -7.519753715773507E-06  -6.087526950900432E-06  -1.750419875663508E-06  -6.495560396875935E-06  -9.461911858038402E-06  -5.127060328677708E-06  -3.814499743208319E-06  -6.384886245789093E-06   1.427599342239784E-05   1.074277412495736E-05  -7.326434856083556E-07   1.684099587374516E-06  -2.907054523342331E-06  -3.402836445116538E-06  -8.084970769668927E-07  -1.153084851366414E-05  -6.364781796290131E-06  -1.588510076463926E-06  -2.344702103228687E-06   0.000000000000000E+00   3.880292131255955E-05   9.294228975963662E-05   3.498389391660190E-05  -7.254218551910511E-06  -1.238067251574310E-05  -4.563089748641723E-08  -5.144394436306961E-08   1.529766622715718E-08   0.000000000000000E+00   0.000000000000000E+00   0.000000000000000E+00   0.000000000000000E+00   0.000000000000000E+00   2.401227288728906E-07  -8.995450674686271E-06  -6.230596396804861E-07  -4.546679158958034E-06   5.574905760356281E-06   3.966724782153177E-05   5.786129229578214E-06   5.722417190145039E-06  -7.130299228007586E-05   8.036622041071064E-06  -7.091047248799612E-07  -5.617467803438289E-06  -9.045762481473804E-06   1.711179205122565E-06   0.000000000000000E+00   0.000000000000000E+00   0.000000000000000E+00   0.000000000000000E+00   1.321875252078884E-06  -8.445827921711458E-06   1.478228431093180E-06  -3.953085751314043E-06   0.000000000000000E+00  -1.123573834927016E-06   2.773806297389525E-05  -4.337627884444725E-06   2.940675503516571E-06   0.000000000000000E+00   0.000000000000000E+00   0.000000000000000E+00   0.000000000000000E+00   0.000000000000000E+00   0.000000000000000E+00   0.000000000000000E+00   0.000000000000000E+00   0.000000000000000E+00  -9.645664140912753E-06  -9.083446164876240E-06   2.689293371847393E-06  -2.526134317233737E-06   0.000000000000000E+00  -9.876889539118602E-06   0.000000000000000E+00   0.000000000000000E+00   0.000000000000000E+00   0.000000000000000E+00   0.000000000000000E+00   0.000000000000000E+00   0.000000000000000E+00   0.000000000000000E+00   0.000000000000000E+00   9.877720902497564E-07   0.000000000000000E+00   0.000000000000000E+00   0.000000000000000E+00   0.000000000000000E+00   0.000000000000000E+00   0.000000000000000E+00   0.000000000000000E+00   0.000000000000000E+00   0.000000000000000E+00   0.000000000000000E+00   0.000000000000000E+00   0.000000000000000E+00   0.000000000000000E+00   0.000000000000000E+00   0.000000000000000E+00   0.000000000000000E+00
   0.000000000000000E+00   0.000000000000000E+00   0.000000000000000E+00   0.000000000000000E+00   0.000000000000000E+00   0.000000000000000E+00   0.000000000000000E+00   0.000000000000000E+00   0.000000000000000E+00   0.000000000000000E+00   0.000000000000000E+00   0.000000000000000E+00   0.000000000000000E+00   0.000000000000000E+00   0.000000000000000E+00   0.000000000000000E+00   0.000000000000000E+00   0.000000000000000E+00   0.000000000000000E+00   0.000000000000000E+00   0.000000000000000E+00   0.000000000000000E+00   0.000000000000000E+00   0.000000000000000E+00   0.000000000000000E+00   0.000000000000000E+00   0.000000000000000E+00   0.000000000000000E+00   0.000000000000000E+00  -6.056911072986570E-06   4.184715304602288E-06  -1.167516226013015E-05   2.751386814842639E-06   0.000000000000000E+00   0.000000000000000E+00   0.000000000000000E+00   0.000000000000000E+00   0.000000000000000E+00   0.000000000000000E+00   0.000000000000000E+00   0.000000000000000E+00   0.000000000000000E+00   0.000000000000000E+00   0.000000000000000E+00  -1.309219418651149E-06   4.930252902615803E-06  -1.075147069105917E-05  -7.433275666992901E-09   6.877342046407898E-06  -1.247101650059407E-05   4.076004754089387E-05  -1.421259854590152E-05   0.000000000000000E+00   0.000000000000000E+00   0.000000000000000E+00   0.000000000000000E+00   0.000000000000000E+00   0.000000000000000E+00   0.000000000000000E+00   0.000000000000000E+00   0.000000000000000E+00  -1.321351454763999E-05   1.865357766741899E-06  -3.420193238818746E-06  -7.374274412303085E-07   9.389214421518142E-04  -5.940165181734406E-04   1.552127489919333E-03  -2.521903718326814E-04   2.349755935084851E-06   0.000000000000000E+00   0.000000000000000E+00   0.000000000000000E+00   0.000000000000000E+00   0.000000000000000E+00   0.000000000000000E+00   4.348227288803218E-06   2.045493805613437E-04  -1.933644949712713E-04   3.441933915726518E-04   7.515671729090699E-05   2.886315786472119E-02  -9.218448407770244E-03   3.254852594677431E-02  -1.251471072954056E-02   0.000000000000000E+00   1.182090865838572E-03  -1.200176974139563E-03   1.383117588955801E-03   9.947778412028379E-04   1.843181410214283E-01  -7.986828549612154E-02   1.361132276252362E-01   2.562923715115590E-02  -1.009384438426661E-02   2.752714075030379E-02  -2.131142637885658E-02   1.697720602319074E-02   2.141140765283987E-02  -4.048427260000330E-05  -1.651241158882053E-01  -9.252957663731191E-03   0.000000000000000E+00   0.000000000000000E+00   0.000000000000000E+00   0.000000000000000E+00   0.000000000000000E+00   0.000000000000000E+00   0.000000000000000E+00   0.000000000000000E+00  -4.751955028601728E-06  -2.813123069553346E-06  -1.051869672979765E-05  -4.665209142308080E-06   0.000000000000000E+00   0.000000000000000E+00   0.000000000000000E+00   0.000000000000000E+00  -2.613025016618619E-07  -4.279307588567815E-06  -6.125939349501948E-06  -7.445198698175919E-06   0.000000000000000E+00  -1.700696376692091E-06   9.211659496698050E-06   2.254894169370929E-05   1.290856926358710E-05   2.111493636767153E-06  -1.169651852455502E-06  -7.984632456066719E-06  -1.827252467221883E-06   0.000000000000000E+00   0.000000000000000E+00   0.000000000000000E+00   0.000000000000000E+00   0.000000000000000E+00   3.615913406242994E-09  -3.409657696040201E-09  -3.033281871718766E-09  -5.915360261267520E-09  -6.275337114309251E-06   7.789290158531457E-06   1.137673420932020E-05   1.203964277907830E-05  -1.555589012866473E-04   7.229556813075173E-06   0.000000000000000E+00   0.000000000000000E+00   0.000000000000000E+00   0.000000000000000E+00   0.000000000000000E+00   0.000000000000000E+00   0.000000000000000E+00   0.000000000000000E+00   1.071426508528678E-07  -5.252658414658144E-06  -2.271904645405213E-06  -8.587657587778922E-06   0.000000000000000E+00   1.115119605137407E-04   1.239755444675173E-04   9.232071025737621E-05   1.719788207391937E-04   0.000000000000000E+00   0.000000000000000E+00   0.000000000000000E+00   0.000000000000000E+00   0.000000000000000E+00   0.000000000000000E+00   0.000000000000000E+00   0.000000000000000E+00   0.000000000000000E+00  -7.963066982369502E-06   8.085300357027716E-06   2.393008239992605E-06   1.175140917933128E-05   0.000000000000000E+00  -2.132300240694602E-03   0.000000000000000E+00   0.000000000000000E+00   0.000000000000000E+00   0.000000000000000E+00   0.000000000000000E+00   0.000000000000000E+00   0.000000000000000E+00   0.000000000000000E+00   0.000000000000000E+00   2.532518187348872E-06   0.000000000000000E+00   0.000000000000000E+00   0.000000000000000E+00   0.000000000000000E+00   0.000000000000000E+00   0.000000000000000E+00   0.000000000000000E+00   0.000000000000000E+00   0.000000000000000E+00   0.000000000000000E+00   0.000000000000000E+00   0.000000000000000E+00   0.000000000000000E+00   0.000000000000000E+00   0.000000000000000E+00   0.000000000000000E+00
   0.000000000000000E+00   0.000000000000000E+00   0.000000000000000E+00   0.000000000000000E+00   0.000000000000000E+00   0.000000000000000E+00   0.000000000000000E+00   0.000000000000000E+00   0.000000000000000E+00   0.000000000000000E+00   0.000000000000000E+00   0.000000000000000E+00   0.000000000000000E+00   0.000000000000000E+00   0.000000000000000E+00   0.000000000000000E+00   0.000000000000000E+00   0.000000000000000E+00   0.000000000000000E+00   0.000000000000000E+00   0.000000000000000E+00   0.000000000000000E+00   0.000000000000000E+00   0.000000000000000E+00   0.000000000000000E+00   0.000000000000000E+00   0.000000000000000E+00   0.000000000000000E+00   0.000000000000000E+00  -3.541106908530235E-07   1.053981852445701E-06  -9.547452842178585E-06   6.138958285311300E-06   0.000000000000000E+00   0.000000000000000E+00   0.000000000000000E+00   0.000000000000000E+00   0.000000000000000E+00   0.000000000000000E+00   0.000000000000000E+00   0.000000000000000E+00   0.000000000000000E+00   0.000000000000000E+00   0.000000000000000E+00  -6.403261212856529E-06   2.595059111791202E-06  -1.165230044004042E-05   4.470927362159018E-06  -1.321005465406166E-05  -6.246376959727240E-08  -2.878802473426645E-06   2.557171442466513E-06   0.000000000000000E+00   0.000000000000000E+00   0.000000000000000E+00   0.000000000000000E+00   0.000000000000000E+00   0.000000000000000E+00   0.000000000000000E+00   0.000000000000000E+00   0.000000000000000E+00   5.619108725312297E-06  -1.046202989326325E-05   4.033479801270113E-05  -9.955215722961950E-06   1.970968790064106E-04   1.504920965131230E-05   2.923417151975747E-04  -2.552266716830182E-04   4.953179480531507E-06   0.000000000000000E+00   0.000000000000000E+00   0.000000000000000E+00   0.000000000000000E+00   0.000000000000000E+00   0.000000000000000E+00   4.917560377215832E-06   9.282012276206490E-04  -2.493872071539394E-04   1.513308281103004E-03  -6.434076251288915E-04   1.122470015741256E-03   4.839520989362785E-04   9.990036539381608E-04  -1.646807795815832E-03   0.000000000000000E+00   2.815312064056890E-02  -9.393670374512253E-03   3.320874154379697E-02  -7.581214144177500E-03   2.582371518582190E-02   1.249017123315796E-02   1.050000627101525E-02  -2.849055492239189E-02  -3.839296102819440E-05   1.760226878746090E-01   6.275622745896113E-03   1.157750743735354E-01  -1.022287761693978E-01  -9.857328848278026E-03  -9.252957663731191E-03  -1.661411271393828E-01   4.888107877427547E-07  -5.321482666905323E-07  -9.355121390194916E-07  -2.464548002751264E-07   1.584945584733644E-06  -2.389794479770073E-06  -3.046427937348255E-06  -1.555323923129403E-06  -7.613687960724566E-06  -5.519659125214310E-06  -1.005410015471428E-05  -5.562951842533630E-07   0.000000000000000E+00   0.000000000000000E+00   0.000000000000000E+00   0.000000000000000E+00  -9.561408001882100E-06  -7.012848354120032E-06  -6.110073491599782E-06  -4.184610583259114E-06   0.000000000000000E+00   4.596214757089070E-07   1.988378796863728E-05   2.468013119700853E-05   1.094111594887563E-06   2.146389653688649E-06  -2.870672399284344E-06  -7.518796544546157E-06   8.248257449820044E-07   0.000000000000000E+00   0.000000000000000E+00   0.000000000000000E+00   0.000000000000000E+00   0.000000000000000E+00  -2.390291525592448E-06  -8.268016267369307E-06  -4.688273550940558E-06  -6.108075493617382E-06   1.032461771694248E-05   3.709851580834023E-05   3.025304367152393E-05   1.225320320980603E-05  -4.232497138072436E-05   1.220165475677874E-06   0.000000000000000E+00   0.000000000000000E+00   0.000000000000000E+00   0.000000000000000E+00   0.000000000000000E+00   0.000000000000000E+00   0.000000000000000E+00   0.000000000000000E+00  -9.846744838943421E-06  -7.940124576126365E-06  -2.014798951667592E-06  -5.461405689597957E-06   0.000000000000000E+00   1.793757638396883E-04   3.197970396581331E-04   1.268207800380246E-04   8.757751432802088E-05   0.000000000000000E+00   0.000000000000000E+00   0.000000000000000E+00   0.000000000000000E+00   0.000000000000000E+00   0.000000000000000E+00   0.000000000000000E+00   0.000000000000000E+00   0.000000000000000E+00   9.604171627070567E-06   4.309999541866641E-05   6.214754499563755E-06   2.023045179084280E-05   0.000000000000000E+00  -7.712854497319979E-04   0.000000000000000E+00   0.000000000000000E+00   0.000000000000000E+00   0.000000000000000E+00   0.000000000000000E+00   0.000000000000000E+00   0.000000000000000E+00   0.000000000000000E+00   0.000000000000000E+00  -5.039874195023171E-06   0.000000000000000E+00   0.000000000000000E+00   0.000000000000000E+00   0.000000000000000E+00   0.000000000000000E+00   0.000000000000000E+00   0.000000000000000E+00   0.000000000000000E+00   0.000000000000000E+00   0.000000000000000E+00   0.000000000000000E+00   0.000000000000000E+00   0.000000000000000E+00   0.000000000000000E+00   0.000000000000000E+00   0.000000000000000E+00
  -1.764793287552647E-11   5.569317215653066E-12  -2.230027306179613E-12   6.962953177151195E-12   0.000000000000000E+00   0.000000000000000E+00   0.000000000000000E+00   0.000000000000000E+00  -4.138785657265390E-06   9.702584016780056E-07  -3.774396621792578E-07   8.134833970400544E-07  -4.074118941268319E-06   7.205910985707913E-07  -1.093458194954410E-07   1.103016996241326E-06   0.000000000000000E+00   0.000000000000000E+00   0.000000000000000E+00   0.000000000000000E+00   0.000000000000000E+00   0.000000000000000E+00   0.000000000000000E+00   0.000000000000000E+00   0.000000000000000E+00   2.131694002421591E-08  -7.242115223069909E-06   1.399192444382616E-06  -4.755902737258811E-06  -4.627327810199213E-07  -5.053617624963863E-06  -5.793575158528010E-07  -6.456973389063167E-06   0.000000000000000E+00   0.000000000000000E+00   0.000000000000000E+00   0.000000000000000E+00   0.000000000000000E+00   0.000000000000000E+00   0.000000000000000E+00   0.000000000000000E+00   0.000000000000000E+00   0.000000000000000E+00  -2.942267851928099E-06   3.836641702784529E-06  -8.332071814628907E-06  -4.889092422250589E-07  -6.713481733621945E-06  -3.399797378413856E-07  -4.225923780990342E-06  -2.251811884066699E-06  -6.792524824593384E-06   0.000000000000000E+00   0.000000000000000E+00   0.000000000000000E+00   0.000000000000000E+00   0.000000000000000E+00   0.000000000000000E+00   0.000000000000000E+00   0.000000000000000E+00   0.000000000000000E+00   4.824383604093602E-06  -2.144000617093793E-06  -6.267757332423853E-07  -1.266376097960044E-06   3.114119181335084E-06  -5.702009841538447E-06  -4.997494217886210E-06  -7.597634056669170E-06   5.366091319359127E-10   0.000000000000000E+00   0.000000000000000E+00   0.000000000000000E+00   0.000000000000000E+00   0.000000000000000E+00   0.000000000000000E+00  -1.234576432990943E-05   5.206210519626100E-06  -3.984681112600306E-06  -2.674078285381145E-06  -3.016880738808272E-06  -1.605509359538273E-06  -2.445491039374856E-06  -4.039712667799564E-06  -4.407425084400157E-06   0.000000000000000E+00   4.326468177509387E-06  -6.843375309505668E-06  -6.564136366777488E-06  -3.524565016981796E-06  -2.666641534486650E-06  -1.675297377185718E-06  -3.482400548211175E-06  -2.383029480952716E-06   0.000000000000000E+00  -5.740618415766166E-07  -4.084153940906262E-06  -6.204461192101285E-06  -2.870605001542710E-06  -9.780265834688414E-06   0.000000000000000E+00   4.888107877427547E-07  -2.772943443485810E-01   0.000000000000000E+00   0.000000000000000E+00   0.000000000000000E+00  -1.546822190652081E-01  -6.059811977418117E-02   9.720714053971161E-02  -1.071977994386978E-01  -1.549711139176985E-01   4.746661379451129E-02   6.348312597286970E-02   1.358675452121482E-01  -1.521259325010700E-01   1.586185480785530E-02  -1.532381970598745E-01  -1.716584510845729E-02  -1.681501486652088E-02  -6.594779825353895E-03   2.154939716216268E-02  -8.046851644833897E-03   3.044370713742731E-02  -2.216624507610934E-02   3.150979531152592E-03   2.521847255093354E-02   1.700030871946144E-02  -2.344503489284656E-02   1.271827993340768E-02  -4.384148481972028E-03   2.919464104641802E-02  -1.716627850280817E-02   6.480474347246063E-03  -2.220511609846709E-02   7.769544024559184E-03   2.962819476153867E-02  -3.881763675092645E-04  -2.490394409006280E-04   6.167697555213993E-04  -3.594038438751362E-04  -6.599816904162537E-03  -8.556533307097988E-04   1.022981125513465E-02   1.257588104948219E-03   1.150139131765872E-03   1.232652151371164E-03  -7.101211125155060E-03   4.248232425204161E-03  -6.644112293682058E-03   7.755834956301974E-03  -3.723648780369874E-04   1.553073310392367E-04  -6.995721935417153E-04   1.281040369472430E-04   9.961995514006060E-07  -2.694374009240950E-06   9.007042565851153E-06  -3.300779968589709E-06   9.037577424145827E-05  -7.723170576059124E-05  -1.460955288656591E-05   1.727373554481340E-04   2.082022256624335E-05  -8.424838804805621E-05   7.763507431163845E-05  -1.148877546470588E-04   1.279373398861441E-04   2.328447366618900E-06   1.666799601623916E-06  -5.714494122510564E-06   2.004592817028713E-06   8.854932694718373E-05   4.066755827921672E-06   2.662462107532143E-08  -1.462921793017039E-07   1.307881919621528E-08  -5.654974626949603E-06  -7.095921431528707E-06  -5.206474523093705E-06   4.459604805750597E-06  -5.838153944513284E-07   1.242978667077166E-06  -8.570486295576646E-07  -1.690544019815292E-06  -1.406277822527124E-06   5.739686617039909E-06  -1.366068792116025E-06  -4.039747045254134E-07  -3.394650674340101E-06  -1.040370397980410E-06   1.980581675133361E-06  -1.473237603052811E-06   0.000000000000000E+00   0.000000000000000E+00   0.000000000000000E+00   0.000000000000000E+00   1.799759755282158E-06   0.000000000000000E+00   0.000000000000000E+00   0.000000000000000E+00   0.000000000000000E+00   0.000000000000000E+00   0.000000000000000E+00   0.000000000000000E+00
  -5.569659919142896E-12  -1.215915717180932E-11   4.239446574417764E-12  -1.323708813470796E-11   0.000000000000000E+00   0.000000000000000E+00   0.000000000000000E+00   0.000000000000000E+00  -9.703425504581040E-07  -4.545747440208130E-06   1.661560458613182E-06  -3.581107079356542E-06  -7.202401756266993E-07  -2.578219058427844E-06   3.499349550627098E-07  -3.529940191533399E-06   0.000000000000000E+00   0.000000000000000E+00   0.000000000000000E+00   0.000000000000000E+00   0.000000000000000E+00   0.000000000000000E+00   0.000000000000000E+00   0.000000000000000E+00   0.000000000000000E+00   7.238936468832861E-06  -6.157014671070911E-06   1.408154931058057E-06  -4.786366534489493E-06   5.053888802893675E-06  -3.239814176913032E-06  -4.901952170377733E-07  -5.463254355473198E-06   0.000000000000000E+00   0.000000000000000E+00   0.000000000000000E+00   0.000000000000000E+00   0.000000000000000E+00   0.000000000000000E+00   0.000000000000000E+00   0.000000000000000E+00   0.000000000000000E+00   0.000000000000000E+00  -1.052120017252620E-05   8.332737541441946E-06   8.507108601360662E-07  -4.602631677816258E-08  -6.320126728425633E-07   4.224651655941916E-06  -1.809642966033772E-06  -1.525083909341561E-06  -4.600371099863882E-06   0.000000000000000E+00   0.000000000000000E+00   0.000000000000000E+00   0.000000000000000E+00   0.000000000000000E+00   0.000000000000000E+00   0.000000000000000E+00   0.000000000000000E+00   0.000000000000000E+00   2.141506122372550E-06   1.645201273291224E-05   4.564200570407680E-06   9.221790509915386E-06   5.701975702787132E-06   4.800883864311219E-07  -9.608806990730256E-07  -1.460816082096671E-06  -4.263670371309740E-10   0.000000000000000E+00   0.000000000000000E+00   0.000000000000000E+00   0.000000000000000E+00   0.000000000000000E+00   0.000000000000000E+00   9.001784873785241E-07   3.984761245030006E-06   8.861941079607361E-06   5.144561331573382E-06   5.804066423818024E-06   2.445235828902182E-06  -9.604161285797814E-07  -2.838029530245785E-06  -3.096359461794843E-06   0.000000000000000E+00   6.842377741783140E-06   2.341412861804125E-06   7.127452200271937E-07   3.827033334108058E-07   1.675197144659752E-06  -1.181907317545209E-06  -3.444552227193679E-06  -2.357129627233824E-06   0.000000000000000E+00   4.083918523306952E-06  -1.957244402304131E-06  -4.485676764251683E-06  -2.075378627745731E-06  -7.519753715773507E-06   0.000000000000000E+00  -5.321482666905323E-07   0.000000000000000E+00  -1.220258135496370E-01   0.000000000000000E+00   0.000000000000000E+00   6.059804951870500E-02  -3.928991207803146E-02  -4.755086880866748E-02   5.243800475341596E-02  -4.746659963683210E-02  -5.095955421835204E-02   2.427324159249548E-02   5.194995833890082E-02  -1.586182529610697E-02  -6.538040972837107E-02  -1.985707773962985E-02  -2.224403101348785E-03   6.594779059413605E-03  -2.905513994732727E-03  -8.815972404415891E-03   3.292009586599716E-03  -1.534817259700374E-02  -3.150977954049966E-03  -7.037278385256700E-03   3.763096430131117E-03   2.536783341026103E-03  -1.271827277576447E-02  -7.182373986275023E-04  -2.500521381578171E-03   1.665131198549898E-02  -6.480474500111687E-03  -3.177921143427342E-03  -8.750145252512481E-03   3.061665539563494E-03  -3.091605311205481E-03   2.490393656309323E-04   4.365049766707140E-05  -3.968716233189722E-04   2.312648855896353E-04   8.556530645271386E-04  -2.000640291320079E-03  -1.366956877000259E-03  -1.680450074413483E-04   3.383399804635915E-04   7.966578424519645E-04  -4.248231632722367E-03   3.388455191699577E-04  -4.100178767501819E-03   4.786239064971392E-03  -1.553071549213987E-04  -4.702552299959700E-05  -2.922411699248283E-04   5.351452498422291E-05   2.694374124859145E-06   2.499144933687661E-06  -1.099222695123706E-05   4.028283675309413E-06  -7.221689192408126E-05   1.460954992649732E-05  -2.145834400730662E-05  -3.030622303958743E-05  -3.652842242429030E-06  -7.763505459078863E-05   4.061341717182089E-05  -9.873399597441856E-05   1.099487481507652E-04  -1.666799696437540E-06   2.412996553884953E-06  -9.307395166862920E-06   3.264949984504368E-06   2.160187963479276E-05  -2.662370791809052E-08   1.306444111370992E-06  -4.494439093074185E-06   4.018120214443641E-07   3.253354813696542E-06  -1.787339985628198E-07   9.160607002958321E-06   5.838130035340105E-07   3.702520871590895E-06  -6.428147296136054E-06   4.432284299539141E-06   1.406275461515195E-06   7.899291351940551E-08   2.540636781851132E-06  -6.046819018803563E-07   1.699309775769037E-06   1.040370223501329E-06  -1.502248078745441E-06   3.282076274435878E-06  -2.441342482511272E-06   0.000000000000000E+00   0.000000000000000E+00   0.000000000000000E+00   0.000000000000000E+00  -8.979330335782639E-07   0.000000000000000E+00   0.000000000000000E+00   0.000000000000000E+00   0.000000000000000E+00   0.000000000000000E+00   0.000000000000000E+00   0.000000000000000E+00
   2.230164529130049E-12   4.239446574417764E-12  -3.269003649492226E-12   5.300302865087111E-12   0.000000000000000E+00   0.000000000000000E+00   0.000000000000000E+00   0.000000000000000E+00   3.774723968477525E-07   1.661560458613182E-06  -9.208499495805537E-07   1.393084403002827E-06   1.092925688280687E-07   3.499349550627098E-07  -3.252415754579084E-07   5.356494186212797E-07   0.000000000000000E+00   0.000000000000000E+00   0.000000000000000E+00   0.000000000000000E+00   0.000000000000000E+00   0.000000000000000E+00   0.000000000000000E+00   0.000000000000000E+00   0.000000000000000E+00  -1.398578302136321E-06   1.408154931058057E-06   8.594311097171925E-07   9.247364457513627E-07   5.793886042697389E-07  -4.901952170377733E-07   9.798618469097157E-07  -6.263191453630368E-07   0.000000000000000E+00   0.000000000000000E+00   0.000000000000000E+00   0.000000000000000E+00   0.000000000000000E+00   0.000000000000000E+00   0.000000000000000E+00   0.000000000000000E+00   0.000000000000000E+00   0.000000000000000E+00   2.192746375156491E-06   4.889483057375841E-07  -4.602631677816258E-08   1.632398197976017E-06  -3.708523448076566E-08   2.251134023686218E-06  -1.525083909341561E-06   2.397958624602588E-07  -2.451338654139857E-06   0.000000000000000E+00   0.000000000000000E+00   0.000000000000000E+00   0.000000000000000E+00   0.000000000000000E+00   0.000000000000000E+00   0.000000000000000E+00   0.000000000000000E+00   0.000000000000000E+00   6.260464942927735E-07   4.564200570407680E-06   2.173628316164040E-06   2.695892185187291E-06   4.997464297171051E-06  -9.608806990730256E-07   7.342696203056095E-07  -1.280323978133224E-06  -2.939699952714538E-10   0.000000000000000E+00   0.000000000000000E+00   0.000000000000000E+00   0.000000000000000E+00   0.000000000000000E+00   0.000000000000000E+00   1.973270566812252E-07   2.674132061425993E-06   5.144561331573382E-06   4.648420846847051E-06   3.895048951787576E-06   4.039291084991526E-06  -2.838029530245785E-06  -3.930527107349859E-06  -5.114883816982298E-06   0.000000000000000E+00   6.563179504078947E-06   7.127452200271937E-07   2.282009567658889E-06   3.670874027673783E-07   3.482192197259203E-06  -3.444552227193679E-06  -6.684926083720026E-06  -4.899708922050026E-06   0.000000000000000E+00   6.204103556375506E-06  -4.485676764251683E-06  -5.818935402547705E-06  -3.152820961471282E-06  -6.087526950900432E-06   0.000000000000000E+00  -9.355121390194916E-07   0.000000000000000E+00   0.000000000000000E+00  -1.220258135496370E-01   0.000000000000000E+00  -9.720702784093527E-02  -4.755086880866748E-02   7.344953308662003E-03  -8.411727157018459E-02  -6.348310703800877E-02   2.427324159249548E-02  -3.664507803988000E-02   6.947927155265339E-02   1.532379119527946E-01  -1.985707773962985E-02   1.243994065250323E-01   2.148951209768195E-02  -2.154939465934197E-02  -8.815972404415891E-03   2.320399194300956E-02  -1.075711758723914E-02   6.886816830089531E-03  -2.521845992878894E-02   3.763096430131117E-03   2.261000693081960E-02   2.030282977748553E-02   4.384146014643838E-03  -2.500521381578171E-03  -7.110212371199796E-03  -5.739913301665170E-03   2.220511662225574E-02  -8.750145252512481E-03   2.425044711545881E-02  -1.049068866225417E-02  -3.093332215056301E-02  -6.167695691088709E-04  -3.968716233189722E-04   8.662917303867934E-04  -5.727493863219803E-04  -1.022980807277297E-02  -1.366956877000259E-03   1.422775257243515E-02   2.009071485839546E-03   1.442735136219685E-03   6.535814326066491E-05   6.644111054263516E-03  -4.100178767501819E-03   4.129759889832973E-03  -7.485539073477008E-03   6.995714002298896E-04  -2.922411699248283E-04   1.204478111524783E-03  -2.410528426381728E-04  -9.007042952352059E-06  -1.099222695123706E-05   3.595691706528976E-05  -1.346617893670104E-05   1.240867853012869E-04  -1.727373204494982E-04  -3.030622303958743E-05   3.343067952594017E-04   4.318970701742943E-05   1.148877254632887E-04  -9.873399597441856E-05   1.200050547083289E-04  -1.627069325726492E-04   5.714494447571775E-06  -9.307395166862920E-06   3.160790995662618E-05  -1.119362968323466E-05  -1.865478994890854E-04   1.462871618495878E-07  -4.494439093074185E-06   2.518370884376219E-05  -2.207804427354069E-06  -9.478586071449399E-06   1.480715922918184E-05  -8.595780384238130E-06  -1.242973576668024E-06  -6.428147296136054E-06   1.436919910517426E-05  -9.436604247008266E-06  -5.739676980630692E-06   2.540636781851132E-06  -9.668070321903146E-06   2.467993567268235E-06  -9.936488578303585E-06  -1.980581342972747E-06   3.282076274435878E-06  -6.026400393071129E-06   4.647650676117622E-06   0.000000000000000E+00   0.000000000000000E+00   0.000000000000000E+00   0.000000000000000E+00   4.999983794659109E-06   0.000000000000000E+00   0.000000000000000E+00   0.000000000000000E+00   0.000000000000000E+00   0.000000000000000E+00   0.000000000000000E+00   0.000000000000000E+00
  -6.963381636917614E-12  -1.323708813470796E-11   5.300302865087111E-12  -1.812093972296199E-11   0.000000000000000E+00   0.000000000000000E+00   0.000000000000000E+00   0.000000000000000E+00  -8.135539490037095E-07  -3.581107079356542E-06   1.393084403002827E-06  -3.276956662942906E-06  -1.102479834496653E-06  -3.529940191533399E-06   5.356494186212797E-07  -5.675460458527445E-06   0.000000000000000E+00   0.000000000000000E+00   0.000000000000000E+00   0.000000000000000E+00   0.000000000000000E+00   0.000000000000000E+00   0.000000000000000E+00   0.000000000000000E+00   0.000000000000000E+00   4.753815246862512E-06  -4.786366534489493E-06   9.247364457513627E-07  -2.011720939425684E-06   6.457319871287672E-06  -5.463254355473198E-06  -6.263191453630368E-07  -5.944304622451560E-06   0.000000000000000E+00   0.000000000000000E+00   0.000000000000000E+00   0.000000000000000E+00   0.000000000000000E+00   0.000000000000000E+00   0.000000000000000E+00   0.000000000000000E+00   0.000000000000000E+00   0.000000000000000E+00  -4.456170134284336E-06   6.714018136199641E-06  -6.320126728425633E-07  -3.708523448076566E-08   1.125861176118185E-06   6.790480078540392E-06  -4.600371099863882E-06  -2.451338654139857E-06  -6.341944431112896E-06   0.000000000000000E+00   0.000000000000000E+00   0.000000000000000E+00   0.000000000000000E+00   0.000000000000000E+00   0.000000000000000E+00   0.000000000000000E+00   0.000000000000000E+00   0.000000000000000E+00   1.264902698901161E-06   9.221790509915386E-06   2.695892185187291E-06   6.286278682338485E-06   7.597588568543604E-06  -1.460816082096671E-06  -1.280323978133224E-06  -3.700340293129391E-07  -9.699331368412238E-10   0.000000000000000E+00   0.000000000000000E+00   0.000000000000000E+00   0.000000000000000E+00   0.000000000000000E+00   0.000000000000000E+00   3.097190213219787E-07   3.016941408652831E-06   5.804066423818024E-06   3.895048951787576E-06   5.590332219463580E-06   4.406965127270506E-06  -3.096359461794843E-06  -5.114883816982298E-06  -4.822842181163848E-06   0.000000000000000E+00   3.524051236553590E-06   3.827033334108058E-07   3.670874027673783E-07   1.795452293271172E-06   2.382886905033013E-06  -2.357129627233824E-06  -4.899708922050026E-06  -2.877720712867868E-06   0.000000000000000E+00   2.870439534974161E-06  -2.075378627745731E-06  -3.152820961471282E-06  -4.632080103636077E-07  -1.750419875663508E-06   0.000000000000000E+00  -2.464548002751264E-07   0.000000000000000E+00   0.000000000000000E+00   0.000000000000000E+00  -1.220258135496370E-01   1.071976751570786E-01   5.243800475341596E-02  -8.411727157018459E-02   2.382986625934828E-02  -1.358675046874727E-01   5.194995833890082E-02   6.947927155265339E-02   7.959182235244415E-02   1.716581317057191E-02  -2.224403101348785E-03   2.148951209768195E-02  -6.502856826100016E-02   8.046850710245019E-03   3.292009586599716E-03  -1.075711758723914E-02  -1.586612487504866E-03  -3.298374638510408E-02  -1.700030021060531E-02   2.536783341026103E-03   2.030282977748553E-02   6.179102329224536E-03  -2.919462461614400E-02   1.665131198549898E-02  -5.739913301665170E-03   3.025069034814003E-02  -7.769544207832220E-03   3.061665539563494E-03  -1.049068866225417E-02  -2.060936415414331E-03  -1.859480366537214E-02   3.594037352488966E-04   2.312648855896353E-04  -5.727493863219803E-04   2.171538883287922E-04  -1.257587713728861E-03  -1.680450074413483E-04   2.009071485839546E-03  -1.867994325133807E-03   1.378615068393481E-03   2.005841505625324E-03  -7.755833509498363E-03   4.786239064971392E-03  -7.485539073477008E-03   6.455252260555941E-03  -1.281038916778222E-04   5.351452498422291E-05  -2.410528426381728E-04  -6.776298797487653E-05   3.300780110229369E-06   4.028283675309413E-06  -1.346617893670104E-05   4.145825625843909E-06  -1.261796433829194E-04  -2.082021834781946E-05  -3.652842242429030E-06   4.318970701742943E-05  -1.881584121339379E-05  -1.279373073875204E-04   1.099487481507652E-04  -1.627069325726492E-04   1.550822834162761E-04  -2.004592931057243E-06   3.264949984504368E-06  -1.119362968323466E-05   3.624846099049192E-06  -1.105338546936768E-05  -1.307837062576288E-08   4.018120214443641E-07  -2.207804427354069E-06   6.858554831435692E-07   4.486458735751008E-06   4.622386051968403E-06   1.534150988141252E-05   8.570451196597925E-07   4.432284299539141E-06  -9.436604247008266E-06   7.189931800762102E-06   1.366066498611383E-06  -6.046819018803563E-07   2.467993567268235E-06   1.140805730839195E-07   4.769081529836408E-07   1.473237355978170E-06  -2.441342482511272E-06   4.647650676117622E-06  -3.235334265076160E-06   0.000000000000000E+00   0.000000000000000E+00   0.000000000000000E+00   0.000000000000000E+00  -3.805625478755757E-07   0.000000000000000E+00   0.000000000000000E+00   0.000000000000000E+00   0.000000000000000E+00   0.000000000000000E+00   0.000000000000000E+00   0.000000000000000E+00
   0.000000000000000E+00   0.000000000000000E+00   0.000000000000000E+00   0.000000000000000E+00   0.000000000000000E+00   0.000000000000000E+00   0.000000000000000E+00   0.000000000000000E+00   0.000000000000000E+00   0.000000000000000E+00   0.000000000000000E+00   0.000000000000000E+00   0.000000000000000E+00   0.000000000000000E+00   0.000000000000000E+00   0.000000000000000E+00   0.000000000000000E+00   0.000000000000000E+00   0.000000000000000E+00   0.000000000000000E+00   0.000000000000000E+00   0.000000000000000E+00   0.000000000000000E+00   0.000000000000000E+00   0.000000000000000E+00  -1.300669862119559E-07   5.022075456697597E-08  -1.655231351094470E-08   3.837981281850966E-08  -1.987672359205031E-07   5.921489907204000E-08  -5.894003476714849E-09   7.928371890545540E-08   0.000000000000000E+00   0.000000000000000E+00   0.000000000000000E+00   0.000000000000000E+00   0.000000000000000E+00   0.000000000000000E+00   0.000000000000000E+00   0.000000000000000E+00   0.000000000000000E+00   0.000000000000000E+00   0.000000000000000E+00  -4.143379397310379E-06  -6.916189676894053E-07   8.464824530770542E-08  -6.298106792998496E-07  -2.672572562244038E-06   5.743880769724860E-07   1.254897695218399E-07   9.369002407974361E-07   0.000000000000000E+00   0.000000000000000E+00   0.000000000000000E+00   0.000000000000000E+00   0.000000000000000E+00   0.000000000000000E+00   0.000000000000000E+00   0.000000000000000E+00   0.000000000000000E+00   6.404231127345010E-07  -7.580795931643591E-06  -6.298349703774310E-07  -5.463312344992253E-06  -2.647642261999473E-06  -2.567700818064465E-06  -1.296165996039037E-06  -3.589269389045158E-06   0.000000000000000E+00   0.000000000000000E+00   0.000000000000000E+00   0.000000000000000E+00   0.000000000000000E+00   0.000000000000000E+00   0.000000000000000E+00  -4.938317610456814E-06   1.593388371473133E-06  -7.291115772154365E-06  -2.798043569646699E-06  -6.451951026553159E-06  -4.197859982736372E-06  -2.410275284443726E-07  -2.534892428812947E-07  -4.329174955828800E-07   0.000000000000000E+00   1.917892863907065E-06  -7.512423872948551E-06  -4.803746664349800E-06  -5.044258569540971E-06  -3.698346400984253E-06  -9.157539754111877E-07  -1.280676228306144E-06  -1.361227350411272E-06   0.000000000000000E+00  -1.416332235312863E-06  -3.970830368853991E-06  -4.228008379285831E-06  -3.406850012658507E-06  -6.495560396875935E-06   0.000000000000000E+00   1.584945584733644E-06  -1.546822190652081E-01   6.059804951870500E-02  -9.720702784093527E-02   1.071976751570786E-01  -2.750882673297353E-01   0.000000000000000E+00   0.000000000000000E+00   0.000000000000000E+00  -2.207169536671786E-02   1.227289262948896E-02  -3.848223441554198E-03   2.759812566072025E-02  -1.714677793580199E-02   6.684052929276389E-03  -2.207739974609882E-02   7.805482798208719E-03  -1.541092891760016E-01  -1.667487224819699E-02   1.548557616804782E-01   1.276602363951712E-02   1.756153705863663E-01  -1.157492871978504E-02   5.082494350053338E-03   7.123645571017979E-03   1.475690640530080E-02  -7.141917763878509E-04   5.414228286005699E-04  -4.363105985663924E-04   1.138453524393204E-03  -4.365817158476898E-04   2.679105388385928E-04  -6.987191504035432E-04   3.897952147493856E-04   7.614446524100395E-03  -1.616680503276641E-02  -6.595917804386793E-03   2.065839057917930E-02  -7.904490052125011E-03  -2.218967531014012E-02   3.880645336157487E-03   2.529629844229200E-02   1.672718595931991E-02   3.414834071195707E-04   1.947184032573008E-05  -9.067327747017722E-05   7.737419341580561E-05  -1.220390091728489E-04   1.398084488404802E-04   2.091066963555441E-06   1.860264493154439E-06  -6.234491041120880E-06   2.232683081346019E-06  -4.387912526265676E-04  -1.803342100409695E-04   8.130457292344518E-04  -1.551637042586171E-04   6.342814210624942E-03  -6.131376902222648E-04   5.707261602856556E-05   1.059678206919096E-03   4.607795936492287E-04   3.815873491142136E-06  -4.073714878015044E-06   6.147665905483746E-06  -6.829322013271670E-06  -1.474200334531318E-06  -1.893545980510635E-06   5.497166748447847E-06  -2.586090149046803E-06  -1.108994565238158E-05  -9.079790304134620E-05  -1.805147341152025E-05   1.987948852660578E-04   2.384739867240405E-05   6.854096581986301E-06   1.402189229882081E-05  -3.395709734295792E-07  -3.220042044788026E-06  -1.106182841397125E-06   2.225249442118653E-06  -1.698361366982432E-06   0.000000000000000E+00   0.000000000000000E+00   0.000000000000000E+00   0.000000000000000E+00  -1.182609237939694E-05   0.000000000000000E+00   0.000000000000000E+00   0.000000000000000E+00   0.000000000000000E+00   0.000000000000000E+00   0.000000000000000E+00   0.000000000000000E+00   0.000000000000000E+00   0.000000000000000E+00   0.000000000000000E+00   0.000000000000000E+00   0.000000000000000E+00   0.000000000000000E+00   0.000000000000000E+00   0.000000000000000E+00   0.000000000000000E+00
   0.000000000000000E+00   0.000000000000000E+00   0.000000000000000E+00   0.000000000000000E+00   0.000000000000000E+00   0.000000000000000E+00   0.000000000000000E+00   0.000000000000000E+00   0.000000000000000E+00   0.000000000000000E+00   0.000000000000000E+00   0.000000000000000E+00   0.000000000000000E+00   0.000000000000000E+00   0.000000000000000E+00   0.000000000000000E+00   0.000000000000000E+00   0.000000000000000E+00   0.000000000000000E+00   0.000000000000000E+00   0.000000000000000E+00   0.000000000000000E+00   0.000000000000000E+00   0.000000000000000E+00   0.000000000000000E+00  -5.019598228647247E-08  -1.387221563495485E-07   4.200095741356923E-08  -9.738752728826125E-08  -5.921868838906763E-08  -1.351474730585815E-07   1.174156099810946E-08  -1.579426658574409E-07   0.000000000000000E+00   0.000000000000000E+00   0.000000000000000E+00   0.000000000000000E+00   0.000000000000000E+00   0.000000000000000E+00   0.000000000000000E+00   0.000000000000000E+00   0.000000000000000E+00   0.000000000000000E+00   0.000000000000000E+00   6.916379963370877E-07  -5.978035970749776E-06   7.302082698847621E-07  -5.432988773892828E-06  -5.741822251275472E-07  -1.487081897326033E-06  -2.801056659994818E-07  -2.091254665010504E-06   0.000000000000000E+00   0.000000000000000E+00   0.000000000000000E+00   0.000000000000000E+00   0.000000000000000E+00   0.000000000000000E+00   0.000000000000000E+00   0.000000000000000E+00   0.000000000000000E+00   7.577988187114634E-06  -5.122839359923305E-06  -5.285752839171255E-07  -4.584965919170395E-06   2.567693347239547E-06  -3.321296820262109E-06  -1.920569994560544E-06  -5.318333540657993E-06   0.000000000000000E+00   0.000000000000000E+00   0.000000000000000E+00   0.000000000000000E+00   0.000000000000000E+00   0.000000000000000E+00   0.000000000000000E+00  -1.059438110001796E-05   7.291218618701425E-06  -2.712044995189482E-06  -1.575536526171797E-06  -3.632997219085358E-06   2.410275386940018E-07  -2.040659036181755E-06  -2.085910268842320E-06  -3.562388049818366E-06   0.000000000000000E+00   7.511474454124617E-06  -2.367113086969995E-06  -2.425546110144686E-06  -2.546987301123665E-06   9.157108118831139E-07  -2.073313810522281E-06  -3.094232801911812E-06  -3.288851799859598E-06   0.000000000000000E+00   3.970616186819314E-06  -3.322777398205268E-06  -4.388855044459327E-06  -3.536457244746102E-06  -9.461911858038402E-06   0.000000000000000E+00  -2.389794479770073E-06  -6.059811977418117E-02  -3.928991207803146E-02  -4.755086880866748E-02   5.243800475341596E-02   0.000000000000000E+00  -1.198207525547732E-01   0.000000000000000E+00   0.000000000000000E+00  -1.227290220264044E-02  -3.090277778253492E-04  -2.245723547527542E-03   1.610555145905779E-02  -6.684048775192515E-03  -3.001560461326231E-03  -8.980906245204447E-03   3.175206773236763E-03   1.667488943897119E-02  -6.633746882146860E-02  -2.091531705354899E-02  -1.724220197144023E-03  -4.560944354151371E-02  -5.082496949263200E-03  -1.476102745174478E-03   3.243191564580130E-03   6.718396345781540E-03  -5.414230056221843E-04   1.999432205695845E-04  -3.354487941493211E-04   8.752775275401271E-04  -2.679107258086657E-04   3.396596115290342E-05  -4.311143045175778E-04   2.405062074138180E-04   1.500530401478371E-03   6.595921560252645E-03  -2.567803344295253E-03  -8.782747423527063E-03   3.360529919962150E-03  -3.880648030875050E-03  -6.798186760875380E-03   4.642982447623068E-03   3.070173724603344E-03   1.894704722622688E-04   2.537690479958557E-05  -7.737423684484560E-05   3.400786514358373E-05  -9.770872842575775E-05   1.119355675858774E-04  -1.860265498539464E-06   2.497487149156303E-06  -9.662994532572290E-06   3.460491685001192E-06   1.803343066336562E-04  -5.737224647004742E-05  -3.360961877414876E-04   6.414144691009226E-05  -3.559219243467598E-03  -5.707264449557428E-05  -1.798333720334351E-04   9.981785051201730E-05   4.340376946279726E-05   4.073721418547724E-06   1.497619633645912E-06   4.849988300177027E-08  -5.387757300370527E-08   1.893549527529632E-06  -2.608489214239697E-07   2.926401092412645E-06  -1.376697739682899E-06   7.622568594938974E-07   1.805148156748743E-05  -2.455528365422480E-05  -3.712310762238161E-05  -4.453281311763455E-06  -1.081038886494843E-05   5.787604893147616E-06  -4.600501102250237E-06   1.106183925438525E-06  -1.273335255771340E-06   3.100288137949442E-06  -2.366210951610914E-06   0.000000000000000E+00   0.000000000000000E+00   0.000000000000000E+00   0.000000000000000E+00   2.529634974569188E-07   0.000000000000000E+00   0.000000000000000E+00   0.000000000000000E+00   0.000000000000000E+00   0.000000000000000E+00   0.000000000000000E+00   0.000000000000000E+00   0.000000000000000E+00   0.000000000000000E+00   0.000000000000000E+00   0.000000000000000E+00   0.000000000000000E+00   0.000000000000000E+00   0.000000000000000E+00   0.000000000000000E+00   0.000000000000000E+00
   0.000000000000000E+00   0.000000000000000E+00   0.000000000000000E+00   0.000000000000000E+00   0.000000000000000E+00   0.000000000000000E+00   0.000000000000000E+00   0.000000000000000E+00   0.000000000000000E+00   0.000000000000000E+00   0.000000000000000E+00   0.000000000000000E+00   0.000000000000000E+00   0.000000000000000E+00   0.000000000000000E+00   0.000000000000000E+00   0.000000000000000E+00   0.000000000000000E+00   0.000000000000000E+00   0.000000000000000E+00   0.000000000000000E+00   0.000000000000000E+00   0.000000000000000E+00   0.000000000000000E+00   0.000000000000000E+00   1.654414878787730E-08   4.200095741356923E-08  -2.513176588991989E-08   3.209806179995132E-08   5.894380649488682E-09   1.174156099810946E-08  -1.835300634515711E-08   1.572095260270277E-08   0.000000000000000E+00   0.000000000000000E+00   0.000000000000000E+00   0.000000000000000E+00   0.000000000000000E+00   0.000000000000000E+00   0.000000000000000E+00   0.000000000000000E+00   0.000000000000000E+00   0.000000000000000E+00   0.000000000000000E+00  -8.465057425140439E-08   7.302082698847621E-07  -1.012364119344531E-07   6.649513503409587E-07  -1.254447959201712E-07  -2.801056659994818E-07  -2.661867413934381E-07  -4.568880804540299E-07   0.000000000000000E+00   0.000000000000000E+00   0.000000000000000E+00   0.000000000000000E+00   0.000000000000000E+00   0.000000000000000E+00   0.000000000000000E+00   0.000000000000000E+00   0.000000000000000E+00   6.296016946491078E-07  -5.285752839171255E-07   1.195262950543233E-06  -3.809325432212392E-07   1.296162224793901E-06  -1.920569994560544E-06  -4.861503373045052E-07  -2.684675349440075E-06   0.000000000000000E+00   0.000000000000000E+00   0.000000000000000E+00   0.000000000000000E+00   0.000000000000000E+00   0.000000000000000E+00   0.000000000000000E+00  -3.779217092467957E-07   2.798083038107857E-06  -1.575536526171797E-06   7.888443798742203E-07  -1.394201494677749E-06   2.534892536608548E-07  -2.085910268842320E-06  -2.251050570408570E-06  -3.746572250174491E-06   0.000000000000000E+00   4.803139567680912E-06  -2.425546110144686E-06  -1.248720206731732E-07  -1.628646354204180E-06   1.280615864381096E-06  -3.094232801911812E-06  -4.188032382323652E-06  -4.599438748394000E-06   0.000000000000000E+00   4.227780325364312E-06  -4.388855044459327E-06  -3.873991399262175E-06  -3.765502294193420E-06  -5.127060328677708E-06   0.000000000000000E+00  -3.046427937348255E-06   9.720714053971161E-02  -4.755086880866748E-02   7.344953308662003E-03  -8.411727157018459E-02   0.000000000000000E+00   0.000000000000000E+00  -1.198207525547732E-01   0.000000000000000E+00   3.848226443261052E-03  -2.245723547527542E-03  -6.767012876034285E-03  -5.049971716935349E-03   2.207738602517661E-02  -8.980906245204447E-03   2.394331823769736E-02  -1.048769510819203E-02  -1.548559213273044E-01  -2.091531705354899E-02   1.256461814402673E-01   1.601244243190363E-02  -6.642318384881722E-02  -7.123649214081511E-03   3.243191564580130E-03   7.556543229330522E-04   9.416532725209578E-03   4.363107412208992E-04  -3.354487941493211E-04   5.400547863080130E-05  -7.053504983153990E-04   6.987196380274012E-04  -4.311143045175778E-04   9.930231272419386E-04  -6.272477881588807E-04  -1.110267068675706E-02  -2.065840234253749E-02  -8.782747423527063E-03   2.213552862209328E-02  -1.052516748971985E-02  -2.529631600802496E-02   4.642982447623068E-03   2.275519843808381E-02   2.001317411916603E-02   2.645882800816407E-04  -1.090836419020369E-05   1.220390776716180E-04  -9.770872842575775E-05   1.261711634880049E-04  -1.765511878872837E-04   6.234494410568586E-06  -9.662994532572290E-06   3.199877949510938E-05  -1.159749298414530E-05  -8.130461647273704E-04  -3.360961877414876E-04   1.383387673600329E-03  -2.891848943432368E-04   6.328269778591803E-03  -1.059678735471506E-03   9.981785051201730E-05   1.668127767221384E-03   8.058861113856459E-04  -6.147675775838194E-06   4.849988300177027E-08   1.456566352942835E-06   8.130694674107412E-08  -5.497177045823821E-06   2.926401092412645E-06  -7.748480841014706E-06   3.996700959544319E-06  -3.740506717085016E-06  -1.987949750850174E-04  -3.712310762238161E-05   3.808982333288143E-04   4.904250901006861E-05   3.779616172370364E-05   4.594109752638822E-05   4.910049636847510E-06  -2.225251622827330E-06   3.100288137949442E-06  -5.968851683694005E-06   4.759981264360372E-06   0.000000000000000E+00   0.000000000000000E+00   0.000000000000000E+00   0.000000000000000E+00  -2.616108580887529E-06   0.000000000000000E+00   0.000000000000000E+00   0.000000000000000E+00   0.000000000000000E+00   0.000000000000000E+00   0.000000000000000E+00   0.000000000000000E+00   0.000000000000000E+00   0.000000000000000E+00   0.000000000000000E+00   0.000000000000000E+00   0.000000000000000E+00   0.000000000000000E+00   0.000000000000000E+00   0.000000000000000E+00   0.000000000000000E+00
   0.000000000000000E+00   0.000000000000000E+00   0.000000000000000E+00   0.000000000000000E+00   0.000000000000000E+00   0.000000000000000E+00   0.000000000000000E+00   0.000000000000000E+00   0.000000000000000E+00   0.000000000000000E+00   0.000000000000000E+00   0.000000000000000E+00   0.000000000000000E+00   0.000000000000000E+00   0.000000000000000E+00   0.000000000000000E+00   0.000000000000000E+00   0.000000000000000E+00   0.000000000000000E+00   0.000000000000000E+00   0.000000000000000E+00   0.000000000000000E+00   0.000000000000000E+00   0.000000000000000E+00   0.000000000000000E+00  -3.836088129314709E-08  -9.738752728826125E-08   3.209806179995132E-08  -8.571432940465477E-08  -7.928879247901156E-08  -1.579426658574409E-07   1.572095260270277E-08  -2.286561110844638E-07   0.000000000000000E+00   0.000000000000000E+00   0.000000000000000E+00   0.000000000000000E+00   0.000000000000000E+00   0.000000000000000E+00   0.000000000000000E+00   0.000000000000000E+00   0.000000000000000E+00   0.000000000000000E+00   0.000000000000000E+00   6.298280074040267E-07  -5.432988773892828E-06   6.649513503409587E-07  -4.959321077807691E-06  -9.365644701733168E-07  -2.091254665010504E-06  -4.568880804540299E-07  -3.616093678687396E-06   0.000000000000000E+00   0.000000000000000E+00   0.000000000000000E+00   0.000000000000000E+00   0.000000000000000E+00   0.000000000000000E+00   0.000000000000000E+00   0.000000000000000E+00   0.000000000000000E+00   5.461288865467813E-06  -4.584965919170395E-06  -3.809325432212392E-07  -2.065105212925517E-06   3.589258945926941E-06  -5.318333540657993E-06  -2.684675349440075E-06  -6.950904385545371E-06   0.000000000000000E+00   0.000000000000000E+00   0.000000000000000E+00   0.000000000000000E+00   0.000000000000000E+00   0.000000000000000E+00   0.000000000000000E+00  -5.164734064285139E-06   6.452042036064682E-06  -3.632997219085358E-06  -1.394201494677749E-06  -1.821387152044064E-06   4.329175139925771E-07  -3.562388049818366E-06  -3.746572250174491E-06  -6.455816327231610E-06   0.000000000000000E+00   5.043621077019289E-06  -2.546987301123665E-06  -1.628646354204180E-06  -2.840687732256224E-07   1.361163189756192E-06  -3.288851799859598E-06  -4.599438748394000E-06  -4.749498279246228E-06   0.000000000000000E+00   3.406666251077233E-06  -3.536457244746102E-06  -3.765502294193420E-06  -2.235055486647598E-06  -3.814499743208319E-06   0.000000000000000E+00  -1.555323923129403E-06  -1.071977994386978E-01   5.243800475341596E-02  -8.411727157018459E-02   2.382986625934828E-02   0.000000000000000E+00   0.000000000000000E+00   0.000000000000000E+00  -1.198207525547732E-01  -2.759814718792214E-02   1.610555145905779E-02  -5.049971716935349E-03   2.874547795731668E-02  -7.805477947165412E-03   3.175206773236763E-03  -1.048769510819203E-02  -2.012645493299115E-03  -1.276603680050729E-02  -1.724220197144023E-03   1.601244243190363E-02  -6.726959443126163E-02  -1.265953782173792E-01  -1.475691395204734E-02   6.718396345781540E-03   9.416532725209578E-03   1.571669384531461E-02  -1.138453896617776E-03   8.752775275401271E-04  -7.053504983153990E-04   1.624133070191441E-03  -3.897954867806393E-04   2.405062074138180E-04  -6.272477881588807E-04   2.185868071503779E-04  -5.255171650956678E-04   7.904494553121711E-03   3.360529919962150E-03  -1.052516748971985E-02  -1.344774787432258E-03  -1.672719757466681E-02   3.070173724603344E-03   2.001317411916603E-02   5.723262480755643E-03   5.585450874551372E-04   5.812552015122354E-05  -1.398085273129844E-04   1.119355675858774E-04  -1.765511878872837E-04   1.743172119982931E-04  -2.232684288005686E-06   3.460491685001192E-06  -1.159749298414530E-05   3.767486687693955E-06   1.551637873691876E-04   6.414144691009226E-05  -2.891848943432368E-04  -7.672987978180253E-05  -6.178230303076041E-03  -4.607798234795330E-04   4.340376946279726E-05   8.058861113856459E-04   1.652138382322390E-04   6.829332978055695E-06  -5.387757300370527E-08   8.130694674107412E-08   1.439435498114839E-06   2.586094993350021E-06  -1.376697739682899E-06   3.996700959544319E-06  -1.133035299182539E-06   5.318030286592174E-07  -2.384740944707028E-05  -4.453281311763455E-06   4.904250901006861E-05  -2.204309892979759E-05  -1.303135357357191E-05   2.902093741379879E-05  -7.788573008675086E-06   1.698363031349266E-06  -2.366210951610914E-06   4.759981264360372E-06  -3.365092996391836E-06   0.000000000000000E+00   0.000000000000000E+00   0.000000000000000E+00   0.000000000000000E+00  -3.277956227744435E-07   0.000000000000000E+00   0.000000000000000E+00   0.000000000000000E+00   0.000000000000000E+00   0.000000000000000E+00   0.000000000000000E+00   0.000000000000000E+00   0.000000000000000E+00   0.000000000000000E+00   0.000000000000000E+00   0.000000000000000E+00   0.000000000000000E+00   0.000000000000000E+00   0.000000000000000E+00   0.000000000000000E+00   0.000000000000000E+00
  -2.138416927971795E-06  -3.590411815348951E-06   2.091651456173783E-06  -3.882155779449807E-06   0.000000000000000E+00   0.000000000000000E+00   0.000000000000000E+00   0.000000000000000E+00  -4.486357402833126E-07  -6.286146713218028E-06   3.421377255152253E-06  -4.126219693870231E-06   2.634323200806356E-06  -6.207045389025339E-06   2.097155613778592E-06  -8.468111801258082E-06   0.000000000000000E+00   0.000000000000000E+00   0.000000000000000E+00   0.000000000000000E+00   0.000000000000000E+00  -9.321128567803430E-07   3.296895744979651E-07  -2.331388551880580E-07   1.768707721773617E-07   5.221541375683572E-06  -4.846822228966610E-06   1.613641433328045E-06  -2.207011540415709E-06   1.019596950174151E-06   7.415039885998083E-06  -2.851762059049030E-07   8.002898089608905E-06   1.449061742524833E-06   0.000000000000000E+00   0.000000000000000E+00   0.000000000000000E+00   0.000000000000000E+00   0.000000000000000E+00   0.000000000000000E+00   0.000000000000000E+00   0.000000000000000E+00   0.000000000000000E+00  -1.192574737595502E-05  -1.535589411522774E-05   4.279345560513281E-05  -3.268334545848452E-06   2.518529733871199E-05  -4.422411817190327E-06   1.395147454024830E-05   5.684732976923355E-06   1.969599344389701E-05   0.000000000000000E+00   0.000000000000000E+00   0.000000000000000E+00   0.000000000000000E+00   0.000000000000000E+00   0.000000000000000E+00   0.000000000000000E+00   0.000000000000000E+00   0.000000000000000E+00  -9.879589202535474E-05   2.030540876532403E-04   3.657813571860261E-05   7.041322829674322E-05  -4.117463251675015E-05   6.160145224533804E-05   4.945337112094758E-05   6.702355016412899E-05  -1.215328958399169E-05   0.000000000000000E+00   0.000000000000000E+00   0.000000000000000E+00   0.000000000000000E+00   0.000000000000000E+00   0.000000000000000E+00   2.676114501451329E-05  -1.195512313216730E-04   2.052098468967367E-04   1.202965382747126E-04   1.003381156675857E-04   1.658025680484814E-06   3.486275050924987E-06   5.994222974300920E-06   5.490198273162818E-06   0.000000000000000E+00  -1.824107369368494E-05   4.064301082335410E-05   3.705725426294752E-05   8.971142914045931E-06   5.087947009063051E-06  -1.736063176342654E-06  -3.885621467362321E-06  -1.931551270139341E-06  -1.090741144899811E-05   4.416015369103808E-06  -3.585636665004325E-07  -5.547170350733699E-07  -1.331485624086011E-07  -6.384886245789093E-06  -4.751955028601728E-06  -7.613687960724566E-06  -1.549711139176985E-01  -4.746659963683210E-02  -6.348310703800877E-02  -1.358675046874727E-01  -2.207169536671786E-02  -1.227290220264044E-02   3.848226443261052E-03  -2.759814718792214E-02  -2.782932516909896E-01   0.000000000000000E+00   0.000000000000000E+00   0.000000000000000E+00  -2.129754465946489E-02  -3.413206925711526E-03  -2.406157761282596E-02  -1.676251340461304E-02  -6.454417076086729E-03  -3.913517492013414E-03   5.942826563726067E-03  -7.216239986248656E-03   1.302271707670066E-03  -1.501823589235423E-01  -1.907170310786320E-02   1.518218447673792E-01   1.278926355948991E-02  -1.579477799056188E-01   5.899857577581663E-02  -1.020554750227912E-01   1.078908285742342E-01  -6.542332835646009E-03   8.583521505813687E-04  -1.012549943616809E-02  -1.479566449473586E-03   1.271763704199711E-03  -7.220901765743483E-05  -6.430915994502987E-05   9.767462965528958E-05  -1.157275984909933E-04  -1.613724802367573E-02  -6.044784788975252E-03   2.084158304113205E-02  -7.875616076848011E-03   2.721259810387940E-02   2.853560022317144E-02  -1.711314239235788E-02   6.535182039477878E-03  -2.216687696880199E-02   7.662503922954544E-03  -7.201884938527473E-05   1.514578360522771E-05  -1.624960046931825E-04  -2.038779292260806E-05   4.152674499525270E-06   1.934340353804164E-07  -4.304338423749455E-07   3.126014698140313E-07  -6.526849947370872E-06  -3.923118750533445E-04  -1.561250621411734E-04   7.347265180217665E-04  -1.395129630767654E-04  -3.946770978807048E-04   2.680252342348631E-04  -6.360363069708954E-04   3.384881543671573E-04   4.716215790979746E-06  -5.348687504091301E-07   3.012093858742541E-06  -2.329055602169949E-07  -6.634354265234355E-06   1.036200889380073E-06  -2.683060472867552E-06   8.980179237044264E-06  -3.317853650680346E-06  -8.582530703827645E-07   8.654155177622497E-05   1.031357256756356E-04   2.195356876761217E-06   1.957317778821913E-06  -6.139613253905533E-06   2.079999800620700E-06  -3.599236773069700E-06  -3.308714831999004E-07   2.074384607254107E-06  -6.878530878051883E-08  -4.996054377668933E-06  -1.696370999503276E-06  -2.072471910685690E-06   5.270485591653481E-06  -2.343478238808875E-06   0.000000000000000E+00   0.000000000000000E+00   0.000000000000000E+00   0.000000000000000E+00   0.000000000000000E+00   0.000000000000000E+00   0.000000000000000E+00   0.000000000000000E+00   0.000000000000000E+00   1.978611421251736E-06   0.000000000000000E+00   0.000000000000000E+00
   3.590593982513373E-06  -4.303528011953145E-06   2.879672223003743E-06  -5.344741414951223E-06   0.000000000000000E+00   0.000000000000000E+00   0.000000000000000E+00   0.000000000000000E+00   6.286573437776746E-06  -5.522821504260147E-06   3.573340738962342E-06  -4.309489375312716E-06   6.204420073635584E-06  -2.984552325395544E-07   6.209971697932185E-07  -2.507526588643987E-06   0.000000000000000E+00   0.000000000000000E+00   0.000000000000000E+00   0.000000000000000E+00   0.000000000000000E+00  -3.295533749855951E-07  -9.641592876168505E-07   6.267179660543767E-07  -4.754595303474798E-07   4.842986015522168E-06   1.324878062554716E-05  -4.014718228188236E-06   5.491015090542387E-06  -7.415024281709863E-06   2.167299499282853E-05  -8.663515716470045E-07   2.431241875759973E-05  -4.340661655917751E-06   0.000000000000000E+00   0.000000000000000E+00   0.000000000000000E+00   0.000000000000000E+00   0.000000000000000E+00   0.000000000000000E+00   0.000000000000000E+00   0.000000000000000E+00   0.000000000000000E+00  -6.516650096910194E-06  -4.279449898231744E-05   8.442331637933042E-05  -6.914204802771408E-06   5.327982841895489E-05  -1.395034439010869E-05   2.092282390946063E-05   9.625651706964958E-06   3.335016326769046E-05   0.000000000000000E+00   0.000000000000000E+00   0.000000000000000E+00   0.000000000000000E+00   0.000000000000000E+00   0.000000000000000E+00   0.000000000000000E+00   0.000000000000000E+00   0.000000000000000E+00  -2.030290266276206E-04   3.618705029256497E-04   7.068441306393022E-05   1.360681078002724E-04  -6.160134594347396E-05   6.659526467680225E-05   6.445936113483611E-05   8.736098524006169E-05  -2.390767282259674E-06   0.000000000000000E+00   0.000000000000000E+00   0.000000000000000E+00   0.000000000000000E+00   0.000000000000000E+00   0.000000000000000E+00   7.781885896100637E-05  -2.052106617398943E-04   2.988083454462610E-04   1.966333993059673E-04   1.640099128922324E-04  -3.486342590959699E-06   6.310370729961689E-06   1.187669049839825E-05   1.087803806177229E-05   0.000000000000000E+00  -4.064129567433398E-05   6.406389344802112E-05   6.473720836320091E-05   1.567214731997391E-05   1.735824250947529E-06   3.505248790499169E-06   5.436199638452784E-06   2.702347206124642E-06  -2.275917793556247E-06   3.583446753082351E-07   7.992439475903840E-06   1.143008330279039E-05   2.743559443376027E-06   1.427599342239784E-05  -2.813123069553346E-06  -5.519659125214310E-06   4.746661379451129E-02  -5.095955421835204E-02   2.427324159249548E-02   5.194995833890082E-02   1.227289262948896E-02  -3.090277778253492E-04  -2.245723547527542E-03   1.610555145905779E-02   0.000000000000000E+00  -1.230249832140856E-01   0.000000000000000E+00   0.000000000000000E+00   3.413202115455710E-03  -6.623031730192113E-03   4.044054572870041E-03   2.817293199868418E-03   3.913518006005623E-03   3.785046100267232E-04  -3.713073590760951E-03   4.508701344421084E-03  -8.772880716728243E-04   1.907169828712548E-02  -6.330922236499591E-02  -2.387895891167484E-02  -2.011530682660085E-03  -5.899855703757900E-02  -4.325509430823986E-02  -4.778902971343545E-02   5.052152284225617E-02  -8.583523693033068E-04  -1.980988560298729E-03  -1.369403799693749E-03  -2.001011338335809E-04  -3.996303709880978E-04   6.430915137840394E-05   3.034015910658708E-05  -8.031199075992313E-05   9.515586446017732E-05   6.044784277282389E-03  -3.008148364329073E-03  -8.138430665698993E-03   3.075349663439501E-03   2.247694344043276E-03   1.351785850233931E-02  -6.535182400291329E-03  -3.109875179127743E-03  -8.836750374757636E-03   3.054631218824774E-03  -1.514576825347767E-05  -1.960275920081922E-05  -3.150044801034476E-05  -3.952248624308695E-06  -1.934342348315982E-07   3.436129629614098E-06  -6.450709696244801E-06   4.684811308663781E-06  -6.517508324250214E-06   1.561250594317303E-04  -5.560612613589317E-05  -2.932584930765818E-04   5.568515673927117E-05  -2.680252158816812E-04   6.381807491846374E-05  -4.331546060723169E-04   2.305178203793336E-04   5.348693692307250E-07   1.466571896014515E-06  -3.450712715329227E-06   2.668210938311125E-07   1.850873246738364E-07   2.683060527989109E-06   2.504689280212623E-06  -1.099657771331069E-05   4.062840456523751E-06   3.609547625382170E-06  -2.121935194493996E-05   9.534057289436277E-05  -1.957318037040035E-06   2.952238493172314E-06  -1.038723655922097E-05   3.519024583256282E-06   3.308711869582108E-07  -1.303343996429808E-07   1.732020398587887E-06  -5.743272366869771E-08   2.738735516511062E-06   2.072472530949643E-06  -6.288048720194062E-07   3.404867698960984E-06  -1.513946527275304E-06   0.000000000000000E+00   0.000000000000000E+00   0.000000000000000E+00   0.000000000000000E+00   0.000000000000000E+00   0.000000000000000E+00   0.000000000000000E+00   0.000000000000000E+00   0.000000000000000E+00  -2.386260855000630E-06   0.000000000000000E+00   0.000000000000000E+00
  -2.091757580550130E-06   2.879672223003743E-06  -1.038042668218647E-06   3.113664041451619E-06   0.000000000000000E+00   0.000000000000000E+00   0.000000000000000E+00   0.000000000000000E+00  -3.421609509626421E-06   3.573340738962342E-06  -9.023414123876847E-07   2.345536876988864E-06  -2.096268606424449E-06   6.209971697932185E-07   1.329723469917381E-06   8.472104088962630E-07   0.000000000000000E+00   0.000000000000000E+00   0.000000000000000E+00   0.000000000000000E+00   0.000000000000000E+00   2.330425421686383E-07   6.267179660543767E-07  -5.210775897002657E-07   3.362195809869243E-07  -1.612364251564694E-06  -4.014718228188236E-06   2.526562925352200E-06  -1.828111088575636E-06   2.851756057770846E-07  -8.663515716470045E-07  -8.202197157724917E-07  -9.350352047000814E-07   1.450800254815004E-06   0.000000000000000E+00   0.000000000000000E+00   0.000000000000000E+00   0.000000000000000E+00   0.000000000000000E+00   0.000000000000000E+00   0.000000000000000E+00   0.000000000000000E+00   0.000000000000000E+00   2.194974516937209E-06   3.268414233399940E-06  -6.914204802771408E-06  -5.578733030388550E-06  -4.069227440414084E-06  -5.684272480669072E-06   9.625651706964958E-06   1.221657634914970E-06   1.358901328792761E-05   0.000000000000000E+00   0.000000000000000E+00   0.000000000000000E+00   0.000000000000000E+00   0.000000000000000E+00   0.000000000000000E+00   0.000000000000000E+00   0.000000000000000E+00   0.000000000000000E+00  -3.657362122885774E-05   7.068441306393022E-05  -1.778270751498946E-05   2.451129042322627E-05  -4.945328578228522E-05   6.445936113483611E-05   3.804933092876140E-05   7.013300932195720E-05  -1.353545330125525E-06   0.000000000000000E+00   0.000000000000000E+00   0.000000000000000E+00   0.000000000000000E+00   0.000000000000000E+00   0.000000000000000E+00   8.715082335865562E-06  -1.202970159458019E-04   1.966333993059673E-04   7.864691599252824E-05   9.614462981204271E-05  -5.994339101118752E-06   1.187669049839825E-05   1.982333298389995E-05   1.870345417751673E-05   0.000000000000000E+00  -3.705569043408618E-05   6.473720836320091E-05   5.208826924163180E-05   1.428946173812810E-05   3.885086709378252E-06   5.436199638452784E-06   1.324359226932885E-05   6.048338827452910E-06  -5.531919793917601E-06   5.543782440686132E-07   1.143008330279039E-05   1.828709132283283E-05   4.244432166902943E-06   1.074277412495736E-05  -1.051869672979765E-05  -1.005410015471428E-05   6.348312597286970E-02   2.427324159249548E-02  -3.664507803988000E-02   6.947927155265339E-02  -3.848223441554198E-03  -2.245723547527542E-03  -6.767012876034285E-03  -5.049971716935349E-03   0.000000000000000E+00   0.000000000000000E+00  -1.230249832140856E-01   0.000000000000000E+00   2.406154370268040E-02   4.044054572870041E-03   2.131207752179396E-02   1.986065318105183E-02  -5.942827344242970E-03  -3.713073590760951E-03   3.571786613009718E-03  -6.846636094565641E-03  -1.192464149083478E-04  -1.518218063915043E-01  -2.387895891167484E-02   1.237815233537764E-01   1.601295371055387E-02   1.020554426094707E-01  -4.778902971343545E-02   1.178317638264104E-02  -8.739190641030148E-02   1.012550201630825E-02  -1.369403799693749E-03   1.405701467380501E-02   2.360480970935074E-03  -1.569218641755350E-03  -9.767461664404800E-05  -8.031199075992313E-05   9.944278958477061E-05  -1.445255050543552E-04  -2.084158127688573E-02  -8.138430665698993E-03   2.269160820901646E-02  -1.060338086940522E-02   2.901588982463623E-02  -7.662908268440210E-03   2.216687819265578E-02  -8.836750374757636E-03   2.425853122954680E-02  -1.036109384615706E-02   1.624958399874063E-04  -3.150044801034476E-05   3.154230184065839E-04   4.240286456902898E-05   4.304342861982799E-07  -6.450709696244801E-06   1.489149149754738E-05  -1.042474933857427E-05   6.982024428134385E-06  -7.347265052710929E-04  -2.932584930765818E-04   1.262156348813192E-03  -2.620550522474464E-04   6.360362634179440E-04  -4.331546060723169E-04   9.091830029863182E-04  -5.470294749806080E-04  -3.012097343613781E-06  -3.450712715329227E-06   2.028637875051688E-05  -1.502593257685937E-06  -1.545083394542055E-05  -8.980179421535616E-06  -1.099657771331069E-05   3.602462424929617E-05  -1.359829041501410E-05  -7.538879406310541E-06   1.833386969885295E-04  -1.396171010476130E-04   6.139614063870796E-06  -1.038723655922097E-05   3.222291895104972E-05  -1.103829444863252E-05  -2.074382749979508E-06   1.732020398587887E-06  -1.071289896858414E-05   3.600720037243178E-07  -1.037138586602560E-05  -5.270487169041434E-06   3.404867698960984E-06  -7.948825249048618E-06   3.850104465781800E-06   0.000000000000000E+00   0.000000000000000E+00   0.000000000000000E+00   0.000000000000000E+00   0.000000000000000E+00   0.000000000000000E+00   0.000000000000000E+00   0.000000000000000E+00   0.000000000000000E+00   4.538425093571963E-06   0.000000000000000E+00   0.000000000000000E+00
   3.882352748863500E-06  -5.344741414951223E-06   3.113664041451619E-06  -5.139479754687642E-06   0.000000000000000E+00   0.000000000000000E+00   0.000000000000000E+00   0.000000000000000E+00   4.126499795394802E-06  -4.309489375312716E-06   2.345536876988864E-06  -1.786214070030577E-06   8.464530151239327E-06  -2.507526588643987E-06   8.472104088962630E-07  -1.881415896283045E-06   0.000000000000000E+00   0.000000000000000E+00   0.000000000000000E+00   0.000000000000000E+00   0.000000000000000E+00  -1.767977043135697E-07  -4.754595303474798E-07   3.362195809869243E-07  -3.329690789762062E-07   2.205264711886950E-06   5.491015090542387E-06  -1.828111088575636E-06   3.690298199894042E-06  -8.002881248225677E-06   2.431241875759973E-05  -9.350352047000814E-07   2.538634825451271E-05  -8.452212693657801E-06   0.000000000000000E+00   0.000000000000000E+00   0.000000000000000E+00   0.000000000000000E+00   0.000000000000000E+00   0.000000000000000E+00   0.000000000000000E+00   0.000000000000000E+00   0.000000000000000E+00  -1.439832710149876E-06  -2.518591139906911E-05   5.327982841895489E-05  -4.069227440414084E-06   2.525005533964269E-05  -1.969439795449723E-05   3.335016326769046E-05   1.358901328792761E-05   4.438163586182198E-05   0.000000000000000E+00   0.000000000000000E+00   0.000000000000000E+00   0.000000000000000E+00   0.000000000000000E+00   0.000000000000000E+00   0.000000000000000E+00   0.000000000000000E+00   0.000000000000000E+00  -7.040453786485534E-05   1.360681078002724E-04   2.451129042322627E-05   1.666865844889397E-05  -6.702343450568168E-05   8.736098524006169E-05   7.013300932195720E-05   8.135205466295137E-05  -5.171377535060855E-06   0.000000000000000E+00   0.000000000000000E+00   0.000000000000000E+00   0.000000000000000E+00   0.000000000000000E+00   0.000000000000000E+00   7.984440559760433E-06  -1.003385140881695E-04   1.640099128922324E-04   9.614462981204271E-05   4.357125201180470E-05  -5.490304635448216E-06   1.087803806177229E-05   1.870345417751673E-05   1.653359104028147E-05   0.000000000000000E+00  -8.970764328732818E-06   1.567214731997391E-05   1.428946173812810E-05  -3.478138646471221E-06   1.931285440729034E-06   2.702347206124642E-06   6.048338827452910E-06   4.083043244151567E-06  -6.346868649187832E-06   1.330672425060415E-07   2.743559443376027E-06   4.244432166902943E-06   1.622935183102354E-06  -7.326434856083556E-07  -4.665209142308080E-06  -5.562951842533630E-07   1.358675452121482E-01   5.194995833890082E-02   6.947927155265339E-02   7.959182235244415E-02   2.759812566072025E-02   1.610555145905779E-02  -5.049971716935349E-03   2.874547795731668E-02   0.000000000000000E+00   0.000000000000000E+00   0.000000000000000E+00  -1.230249832140856E-01   1.676248978108849E-02   2.817293199868418E-03   1.986065318105183E-02   6.639243721172104E-03   7.216240934012691E-03   4.508701344421084E-03  -6.846636094565641E-03   6.247057282116695E-03  -2.090160722576380E-03  -1.278926032675894E-02  -2.011530682660085E-03   1.601295371055387E-02  -6.495996327057599E-02  -1.078907943075768E-01   5.052152284225617E-02  -8.739190641030148E-02   2.150674723933496E-02   1.479566826490922E-03  -2.001011338335809E-04   2.360480970935074E-03  -1.752154637849587E-03  -1.520184926293595E-03   1.157275830749150E-04   9.515586446017732E-05  -1.445255050543552E-04   1.487004027251686E-04   7.875615410174725E-03   3.075349663439501E-03  -1.060338086940522E-02  -1.361771748782914E-03   1.720709983651694E-02   3.162795032336563E-02  -7.662504346008480E-03   3.054631218824774E-03  -1.036109384615706E-02  -2.133546852125574E-03   2.038777225756300E-05  -3.952248624308695E-06   4.240286456902898E-05  -1.721868918101899E-05  -3.126017921395852E-07   4.684811308663781E-06  -1.042474933857427E-05   8.108172020549507E-06  -1.292645174543610E-05   1.395129606556138E-04   5.568515673927117E-05  -2.620550522474464E-04  -6.816171437240907E-05  -3.384881311889864E-04   2.305178203793336E-04  -5.470294749806080E-04   1.724072102574607E-04   2.329058296793445E-07   2.668210938311125E-07  -1.502593257685937E-06   9.700016881280151E-07  -4.781205984918079E-06   3.317853718843274E-06   4.062840456523751E-06  -1.359829041501410E-05   4.243257529792991E-06   6.016646155211975E-06   1.150350314867030E-05   1.334949605661761E-04  -2.080000075023584E-06   3.519024583256282E-06  -1.103829444863252E-05   3.380364395155478E-06   6.878524719444348E-08  -5.743272366869771E-08   3.600720037243178E-07   1.339890495073978E-07   2.796339200205470E-06   2.343478940181505E-06  -1.513946527275304E-06   3.850104465781800E-06  -1.001852731236879E-06   0.000000000000000E+00   0.000000000000000E+00   0.000000000000000E+00   0.000000000000000E+00   0.000000000000000E+00   0.000000000000000E+00   0.000000000000000E+00   0.000000000000000E+00   0.000000000000000E+00  -2.908433055548172E-06   0.000000000000000E+00   0.000000000000000E+00
  -1.070181012164471E-06   3.015735913300532E-07  -2.715127315956496E-08   4.006137692281966E-07   0.000000000000000E+00   0.000000000000000E+00   0.000000000000000E+00   0.000000000000000E+00  -3.996671124510490E-06  -1.069802195711921E-06   1.282756699963331E-07  -9.565780196443071E-07  -3.005447099032951E-06   6.247821484981706E-07   1.397235887993294E-07   1.020806106118083E-06   0.000000000000000E+00   0.000000000000000E+00   0.000000000000000E+00   0.000000000000000E+00   0.000000000000000E+00  -3.128042427398444E-08   1.235281370375585E-08  -4.020764236793814E-09   9.285857255332272E-09   8.760966187913506E-07  -7.849569491827579E-06  -6.710270842692643E-07  -5.556610604693235E-06  -2.681606975874779E-06  -2.620688930040973E-06  -1.313424171700623E-06  -3.592982232562097E-06   0.000000000000000E+00   0.000000000000000E+00   0.000000000000000E+00   0.000000000000000E+00   0.000000000000000E+00   0.000000000000000E+00   0.000000000000000E+00   0.000000000000000E+00   0.000000000000000E+00   0.000000000000000E+00  -5.963888375494512E-06   1.973397236210089E-06  -7.586032505992495E-06  -2.934002678214895E-06  -6.595815851542971E-06  -4.085160322101170E-06  -4.755903391389583E-07  -4.876678819218183E-07  -8.262435639041607E-07   0.000000000000000E+00   0.000000000000000E+00   0.000000000000000E+00   0.000000000000000E+00   0.000000000000000E+00   0.000000000000000E+00   0.000000000000000E+00   0.000000000000000E+00   0.000000000000000E+00   3.812330771947157E-06  -7.886040287702636E-06  -4.995804644666564E-06  -5.110159739216243E-06  -3.338959117752463E-06  -1.387799708020399E-06  -1.938974148063220E-06  -2.014768940355294E-06   0.000000000000000E+00   0.000000000000000E+00   0.000000000000000E+00   0.000000000000000E+00   0.000000000000000E+00   0.000000000000000E+00   0.000000000000000E+00  -1.082773360492358E-05   2.908769573825568E-07  -5.342339209626685E-06  -5.802655307868044E-06  -4.439553795979972E-06  -1.125123688990065E-08   1.771387873174188E-09   4.214052071092428E-09   3.520894380870738E-09   0.000000000000000E+00  -3.262655530472590E-06  -1.799417163245968E-06  -2.482564300388082E-06  -1.040547389905562E-06   0.000000000000000E+00   0.000000000000000E+00   0.000000000000000E+00   0.000000000000000E+00   0.000000000000000E+00  -1.367027783519193E-08   2.900476174720685E-09   5.951803898056317E-09   2.285411427880516E-09   1.684099587374516E-06   0.000000000000000E+00   0.000000000000000E+00  -1.521259325010700E-01  -1.586182529610697E-02   1.532379119527946E-01   1.716581317057191E-02  -1.714677793580199E-02  -6.684048775192515E-03   2.207738602517661E-02  -7.805477947165412E-03  -2.129754465946489E-02   3.413202115455710E-03   2.406154370268040E-02   1.676248978108849E-02  -2.774050820174267E-01   0.000000000000000E+00   0.000000000000000E+00   0.000000000000000E+00  -4.141189956932852E-04  -1.760508125009225E-04   7.701106349791844E-04  -1.446463130002793E-04   8.085195275342223E-03  -6.252544514351788E-04   3.256895040088485E-05   1.078001370207019E-03   4.754360937042829E-04  -1.142853927372259E-02   5.047216117108676E-03   6.843259619718415E-03   1.469775567030606E-02  -1.567805562062065E-01   5.908977576449163E-02  -9.986788276125329E-02   1.083851373890515E-01   1.805518627334355E-01   1.730732073956054E-06  -2.187062414977662E-06   7.032260326009163E-06  -2.588303089453677E-06  -7.834353919057639E-05  -1.576734135911921E-05   1.748301742051523E-04   2.086414178710892E-05   1.546662181752024E-05   3.505980768822805E-04  -2.302365939909352E-02   1.265047209500053E-02  -4.191616257605421E-03   2.869563270466146E-02  -1.575364068706068E-02   6.024212068726765E-03  -2.048559626844533E-02   7.428523147865384E-03  -1.119253812931192E-06   1.618788991755149E-06  -6.402016814494694E-06   1.621372282625681E-06  -1.091506448531323E-05   3.548712448466867E-06   8.907151153058386E-07  -9.978503025822654E-06  -1.181699859495202E-06  -6.840267752680822E-04   5.655346283152143E-04  -4.220542681278042E-04   1.070405586454084E-03  -3.810180748096644E-04   2.313620796131580E-04  -6.185115148096736E-04   3.422954947161789E-04   6.449763171830936E-03  -3.066120955114146E-06   5.312129735295828E-07  -3.218657468449429E-06   1.477059166253851E-07   0.000000000000000E+00   8.344686650251014E-07   1.987779071891773E-05  -8.318676192555809E-05   7.568268947721539E-05  -1.135875723854604E-04   1.272019303620638E-04   2.443317090733414E-06   1.562118428739483E-06  -5.425374868070269E-06   1.867262501900967E-06   0.000000000000000E+00   3.680979106976266E-06  -4.363273143928142E-06   6.286459039641245E-06  -6.829279895501034E-06  -1.397258432039428E-06  -2.022900172027647E-06   5.683779445341430E-06  -2.592853370217693E-06  -1.140955295921918E-05  -3.208409202673884E-06  -1.200953773853066E-06   2.330902166731501E-06  -1.735908185407913E-06  -6.417239434940434E-07   0.000000000000000E+00   0.000000000000000E+00
  -3.015937052418812E-07  -7.474522748182226E-07   5.927101234498711E-08  -8.745366569718790E-07   0.000000000000000E+00   0.000000000000000E+00   0.000000000000000E+00   0.000000000000000E+00   1.069847348084274E-06  -6.199604837141839E-06   7.496079484413325E-07  -5.589980444850843E-06  -6.244977553859289E-07  -1.681236987516070E-06  -3.252572052517701E-07  -2.376295542027356E-06   0.000000000000000E+00   0.000000000000000E+00   0.000000000000000E+00   0.000000000000000E+00   0.000000000000000E+00  -1.234782727282800E-08  -3.357737445797793E-08   1.003608778287274E-08  -2.317810074535823E-08   7.846049798669792E-06  -4.956439430371480E-06  -5.339482545885574E-07  -4.421494457314141E-06   2.620821816899608E-06  -3.467944120718505E-06  -1.982188854072878E-06  -5.422444239810923E-06   0.000000000000000E+00   0.000000000000000E+00   0.000000000000000E+00   0.000000000000000E+00   0.000000000000000E+00   0.000000000000000E+00   0.000000000000000E+00   0.000000000000000E+00   0.000000000000000E+00   0.000000000000000E+00  -1.074249083222409E-05   7.586615567164854E-06  -2.349254441207990E-06  -1.475391330268974E-06  -3.316769134422861E-06   4.755247373394675E-07  -2.170747337081714E-06  -2.231799783718927E-06  -3.781282868073089E-06   0.000000000000000E+00   0.000000000000000E+00   0.000000000000000E+00   0.000000000000000E+00   0.000000000000000E+00   0.000000000000000E+00   0.000000000000000E+00   0.000000000000000E+00   0.000000000000000E+00   7.882738728539625E-06   9.320713446012316E-07  -4.370847975544009E-07  -4.470897671049861E-07   1.387797398940745E-06  -2.090407651799177E-06  -3.307343177867080E-06  -3.436627722199680E-06   0.000000000000000E+00   0.000000000000000E+00   0.000000000000000E+00   0.000000000000000E+00   0.000000000000000E+00   0.000000000000000E+00   0.000000000000000E+00  -7.562289882468995E-06   5.342417569467845E-06  -2.408930760131353E-06  -3.898788574088655E-06  -2.982924315760899E-06  -1.771173446625661E-09  -2.727378213133645E-09  -4.139625099133074E-09  -3.458709694270750E-09   0.000000000000000E+00   1.799247357023451E-06  -3.389295224038086E-06  -5.081177961358072E-06  -2.129735960720250E-06   0.000000000000000E+00   0.000000000000000E+00   0.000000000000000E+00   0.000000000000000E+00   0.000000000000000E+00  -2.900295610002759E-09  -5.047726573089042E-09  -7.897271570050665E-09  -3.032444449516188E-09  -2.907054523342331E-06   0.000000000000000E+00   0.000000000000000E+00   1.586185480785530E-02  -6.538040972837107E-02  -1.985707773962985E-02  -2.224403101348785E-03   6.684052929276389E-03  -3.001560461326231E-03  -8.980906245204447E-03   3.175206773236763E-03  -3.413206925711526E-03  -6.623031730192113E-03   4.044054572870041E-03   2.817293199868418E-03   0.000000000000000E+00  -1.221381840792998E-01   0.000000000000000E+00   0.000000000000000E+00   1.760509917942254E-04  -4.931997128311057E-05  -3.288230733266024E-04   6.176131457709208E-05  -4.483724999427870E-03  -3.256897600740192E-05  -1.872648302366324E-04   5.683717815556080E-05   2.506717218203984E-05  -5.047221373027375E-03  -1.431489669972459E-03   3.133868018438777E-03   6.730831357804696E-03  -5.908988682331057E-02  -4.230700331404633E-02  -4.711461992150296E-02   5.113280077673052E-02  -4.694447832352931E-02   2.187060960874490E-06   2.693963207177032E-06  -1.031307412835789E-05   3.795843781474755E-06   1.576735559585106E-05  -2.139453985404779E-05  -3.267226973093948E-05  -3.899091625757236E-06   5.293675778307805E-06   1.928206919348956E-04  -1.265049074828956E-02  -5.156725626531622E-04  -2.420383681627789E-03   1.656984725315126E-02  -6.024211663492103E-03  -2.835708708106161E-03  -8.163699808891700E-03   2.960335262292981E-03  -1.618793587273858E-06   1.935782423615505E-07   2.459819969165780E-06  -6.229730464351091E-07  -1.433936336783670E-06  -8.907180433245853E-07   1.499446689827440E-06   1.074629121901118E-07   1.272624840693788E-08  -5.655351205554101E-04   2.667623214436706E-04  -3.536481740994569E-04   8.969154200822236E-04  -2.313623223267639E-04   2.623189881654359E-05  -3.763502425882839E-04   2.082790528369575E-04   1.173849695898539E-03  -5.312141234902647E-07   4.150191992143631E-09   1.817394489639198E-06  -8.340120736469704E-08   0.000000000000000E+00   3.071531823603254E-07   3.056830042289335E-05  -7.568275317159791E-05   3.835919033364165E-05  -9.628734027797733E-05   1.078281302748873E-04  -1.562117135063886E-06   2.362030950112809E-06  -9.099017870164579E-06   3.131627820425304E-06   0.000000000000000E+00   4.363289198073817E-06   1.357557095198283E-06   2.747555130576153E-07  -2.984800011692315E-07   2.022906084522287E-06  -3.128332407021839E-07   3.062409094256794E-06  -1.397024254263979E-06   7.010116434299493E-07   1.200955226821409E-06  -1.406713371001779E-06   3.282272644793337E-06  -2.444428613160905E-06  -4.949012235592842E-06   0.000000000000000E+00   0.000000000000000E+00
   2.715308405524697E-08   5.927101234498711E-08  -9.445582248249318E-08   7.873628309684814E-08   0.000000000000000E+00   0.000000000000000E+00   0.000000000000000E+00   0.000000000000000E+00  -1.282810840353383E-07   7.496079484413325E-07  -3.785572789284686E-08   6.702720275802585E-07  -1.396599883485678E-07  -3.252572052517701E-07  -2.995696097671074E-07  -5.314245004887201E-07   0.000000000000000E+00   0.000000000000000E+00   0.000000000000000E+00   0.000000000000000E+00   0.000000000000000E+00   4.019141184457339E-09   1.003608778287274E-08  -6.010636225707604E-09   7.544328020214947E-09   6.707262003240173E-07  -5.339482545885574E-07   1.243958412960183E-06  -3.779751917469097E-07   1.313490771292139E-06  -1.982188854072878E-06  -5.062858536377320E-07  -2.717594313704041E-06   0.000000000000000E+00   0.000000000000000E+00   0.000000000000000E+00   0.000000000000000E+00   0.000000000000000E+00   0.000000000000000E+00   0.000000000000000E+00   0.000000000000000E+00   0.000000000000000E+00   0.000000000000000E+00  -4.950570485001570E-07   2.934228185163344E-06  -1.475391330268974E-06   8.948266743255895E-07  -1.282806198856908E-06   4.876006141748202E-07  -2.231799783718927E-06  -2.282696116367429E-06  -3.877307959112427E-06   0.000000000000000E+00   0.000000000000000E+00   0.000000000000000E+00   0.000000000000000E+00   0.000000000000000E+00   0.000000000000000E+00   0.000000000000000E+00   0.000000000000000E+00   0.000000000000000E+00   4.993713107722867E-06  -4.370847975544009E-07   1.345130813198064E-06  -2.832312610130816E-07   1.938970921916299E-06  -3.307343177867080E-06  -4.344090500441879E-06  -4.801508655285451E-06   0.000000000000000E+00   0.000000000000000E+00   0.000000000000000E+00   0.000000000000000E+00   0.000000000000000E+00   0.000000000000000E+00   0.000000000000000E+00  -3.961191442042432E-06   5.802740419488700E-06  -3.898788574088655E-06  -3.054150245022870E-06  -3.239944326752728E-06  -4.213541959978650E-09  -4.139625099133074E-09  -1.083525781885035E-08  -8.228114785685831E-09   0.000000000000000E+00   2.482330027383125E-06  -5.081177961358072E-06  -6.716588458336644E-06  -2.938288337652186E-06   0.000000000000000E+00   0.000000000000000E+00   0.000000000000000E+00   0.000000000000000E+00   0.000000000000000E+00  -5.951433377587515E-09  -7.897271570050665E-09  -1.740444520212210E-08  -6.222604016737963E-09  -3.402836445116538E-06   0.000000000000000E+00   0.000000000000000E+00  -1.532381970598745E-01  -1.985707773962985E-02   1.243994065250323E-01   2.148951209768195E-02  -2.207739974609882E-02  -8.980906245204447E-03   2.394331823769736E-02  -1.048769510819203E-02  -2.406157761282596E-02   4.044054572870041E-03   2.131207752179396E-02   1.986065318105183E-02   0.000000000000000E+00   0.000000000000000E+00  -1.221381840792998E-01   0.000000000000000E+00  -7.701114192736580E-04  -3.288230733266024E-04   1.313901942659718E-03  -2.701665758336919E-04   7.902298703838023E-03  -1.078002217758449E-03   5.683717815556080E-05   1.692274678416140E-03   8.296996257736344E-04  -6.843266745947085E-03   3.133868018438777E-03   5.061894851214424E-04   9.125986557592770E-03   9.986807046223821E-02  -4.711461992150296E-02   9.444864075679441E-03  -8.641976530047470E-02  -5.866194183356978E-02  -7.032255650499233E-06  -1.031307412835789E-05   3.264711743181153E-05  -1.220512110006068E-05  -1.748303320637445E-04  -3.267226973093948E-05   3.379329085811138E-04   4.323359611788526E-05   4.785398913571756E-05   2.634973553970371E-04   4.191622438199231E-03  -2.420383681627789E-03  -7.018519500760234E-03  -5.490264759352001E-03   2.048559489042717E-02  -8.163699808891700E-03   2.252460477706989E-02  -1.006674936252594E-02   6.402034988937562E-06   2.459819969165780E-06  -8.912583045535143E-06   2.463745391504245E-06   3.421631048118669E-06   9.978535827830189E-06   1.074629121901118E-07   3.051537144742091E-07  -1.425696118252098E-07   4.220546354829849E-04  -3.536481740994569E-04   5.681391726415037E-05  -6.693612773510885E-04   6.185121636677766E-04  -3.763502425882839E-04   8.915687473950868E-04  -5.568025351808092E-04  -9.617321500733828E-03   3.218664436143596E-06   1.817394489639198E-06  -1.070762720808594E-05   5.053338911857966E-07   0.000000000000000E+00  -9.313232391682387E-06  -1.039722714853851E-05   1.135876679805077E-04  -9.628734027797733E-05   1.187153842565566E-04  -1.618327207633776E-04   5.425370375020993E-06  -9.099017870164579E-06   3.134385744967042E-05  -1.087641920132459E-05   0.000000000000000E+00  -6.286482169921169E-06   2.747555130576153E-07   1.152399369508425E-06   4.300400730386514E-07  -5.683796057785272E-06   3.062409094256794E-06  -7.827405230418133E-06   3.925244483552559E-06  -3.492022876508916E-06  -2.330904986762658E-06   3.282272644793337E-06  -6.086067422984161E-06   4.744332442169699E-06   5.183714190099517E-06   0.000000000000000E+00   0.000000000000000E+00
  -4.006404887761377E-07  -8.745366569718790E-07   7.873628309684814E-08  -1.250863920064990E-06   0.000000000000000E+00   0.000000000000000E+00   0.000000000000000E+00   0.000000000000000E+00   9.566183932452408E-07  -5.589980444850843E-06   6.702720275802585E-07  -4.946329446691384E-06  -1.020341447794839E-06  -2.376295542027356E-06  -5.314245004887201E-07  -4.109362992890725E-06   0.000000000000000E+00   0.000000000000000E+00   0.000000000000000E+00   0.000000000000000E+00   0.000000000000000E+00  -9.282108855419511E-09  -2.317810074535823E-08   7.544328020214947E-09  -2.016739405677879E-08   5.554119058584090E-06  -4.421494457314141E-06  -3.779751917469097E-07  -1.840316371138854E-06   3.593164421343276E-06  -5.422444239810923E-06  -2.717594313704041E-06  -6.947069749580909E-06   0.000000000000000E+00   0.000000000000000E+00   0.000000000000000E+00   0.000000000000000E+00   0.000000000000000E+00   0.000000000000000E+00   0.000000000000000E+00   0.000000000000000E+00   0.000000000000000E+00   0.000000000000000E+00  -4.985405896683899E-06   6.596322804831138E-06  -3.316769134422861E-06  -1.282806198856908E-06  -1.418371470350000E-06   8.261295938333896E-07  -3.781282868073089E-06  -3.877307959112427E-06  -6.563446569231081E-06   0.000000000000000E+00   0.000000000000000E+00   0.000000000000000E+00   0.000000000000000E+00   0.000000000000000E+00   0.000000000000000E+00   0.000000000000000E+00   0.000000000000000E+00   0.000000000000000E+00   5.108020326520398E-06  -4.470897671049861E-07  -2.832312610130816E-07   1.332309439954801E-06   2.014765588097804E-06  -3.436627722199680E-06  -4.801508655285451E-06  -4.712413011709365E-06   0.000000000000000E+00   0.000000000000000E+00   0.000000000000000E+00   0.000000000000000E+00   0.000000000000000E+00   0.000000000000000E+00   0.000000000000000E+00  -2.934439732098140E-06   4.439618914033436E-06  -2.982924315760899E-06  -3.239944326752728E-06  -1.298276483276271E-06  -3.520468176513550E-09  -3.458709694270750E-09  -8.228114785685831E-09  -7.861971010981941E-09   0.000000000000000E+00   1.040449196209715E-06  -2.129735960720250E-06  -2.938288337652186E-06  -9.379063227759523E-07   0.000000000000000E+00   0.000000000000000E+00   0.000000000000000E+00   0.000000000000000E+00   0.000000000000000E+00  -2.285269153079773E-09  -3.032444449516188E-09  -6.222604016737963E-09  -3.588565980442671E-09  -8.084970769668927E-07   0.000000000000000E+00   0.000000000000000E+00  -1.716584510845729E-02  -2.224403101348785E-03   2.148951209768195E-02  -6.502856826100016E-02   7.805482798208719E-03   3.175206773236763E-03  -1.048769510819203E-02  -2.012645493299115E-03  -1.676251340461304E-02   2.817293199868418E-03   1.986065318105183E-02   6.639243721172104E-03   0.000000000000000E+00   0.000000000000000E+00   0.000000000000000E+00  -1.221381840792998E-01   1.446464603106770E-04   6.176131457709208E-05  -2.701665758336919E-04  -7.374629301343366E-05  -7.569546633121200E-03  -4.754364675039385E-04   2.506717218203984E-05   8.296996257736344E-04   1.769443745383566E-04  -1.469777097581449E-02   6.730831357804696E-03   9.125986557592770E-03   1.585767047843481E-02  -1.083853410981568E-01   5.113280077673052E-02  -8.641976530047470E-02   2.360633766032151E-02  -1.340228807142232E-01   2.588301368579272E-06   3.795843781474755E-06  -1.220512110006068E-05   3.978787065022008E-06  -2.086416062587096E-05  -3.899091625757236E-06   4.323359611788526E-05  -1.918166641098161E-05   3.093217216534542E-05   5.770063068764330E-04  -2.869567501675278E-02   1.656984725315126E-02  -5.490264759352001E-03   2.976563587816189E-02  -7.428522648165999E-03   2.960335262292981E-03  -1.006674936252594E-02  -1.585990544494309E-03  -1.621376885477997E-06  -6.229730464351091E-07   2.463745391504245E-06   1.915915244544849E-07  -2.164225343326522E-06   1.181703744058607E-06   1.272624840693788E-08  -1.425696118252098E-07   1.492155450865911E-06  -1.070406518132940E-03   8.969154200822236E-04  -6.693612773510885E-04   1.490509599797354E-03  -3.422958538060261E-04   2.082790528369575E-04  -5.568025351808092E-04   1.935979412784208E-04  -3.113823618107130E-04  -1.477062363766055E-07  -8.340120736469704E-08   5.053338911857966E-07   2.809061792476560E-07   0.000000000000000E+00  -2.481082314788856E-06   5.697334412059038E-05  -1.272020374149244E-04   1.078281302748873E-04  -1.618327207633776E-04   1.554331740690627E-04  -1.867260955518895E-06   3.131627820425304E-06  -1.087641920132459E-05   3.485526815264536E-06   0.000000000000000E+00   6.829305023025871E-06  -2.984800011692315E-07   4.300400730386514E-07   1.081084972683451E-06   2.592860948560839E-06  -1.397024254263979E-06   3.925244483552559E-06  -1.013535219520318E-06   4.485125032800546E-07   1.735910285588366E-06  -2.444428613160905E-06   4.744332442169699E-06  -3.248861815653368E-06  -7.776253013522076E-06   0.000000000000000E+00   0.000000000000000E+00
   0.000000000000000E+00   0.000000000000000E+00   0.000000000000000E+00   0.000000000000000E+00   0.000000000000000E+00   0.000000000000000E+00   0.000000000000000E+00   0.000000000000000E+00   0.000000000000000E+00   0.000000000000000E+00   0.000000000000000E+00   0.000000000000000E+00   0.000000000000000E+00   0.000000000000000E+00   0.000000000000000E+00   0.000000000000000E+00   0.000000000000000E+00   0.000000000000000E+00   0.000000000000000E+00   0.000000000000000E+00   0.000000000000000E+00   0.000000000000000E+00   0.000000000000000E+00   0.000000000000000E+00   0.000000000000000E+00   0.000000000000000E+00   0.000000000000000E+00   0.000000000000000E+00   0.000000000000000E+00   0.000000000000000E+00   0.000000000000000E+00   0.000000000000000E+00   0.000000000000000E+00   0.000000000000000E+00   0.000000000000000E+00   0.000000000000000E+00   0.000000000000000E+00   0.000000000000000E+00   0.000000000000000E+00   0.000000000000000E+00   0.000000000000000E+00   0.000000000000000E+00   0.000000000000000E+00   0.000000000000000E+00  -3.293410726870068E-06   9.237049425049430E-07  -3.603718456548752E-07   7.959198013055418E-07  -3.282750671192593E-06   6.853974326772466E-07  -1.047917659270625E-07   1.053790799271044E-06   0.000000000000000E+00   0.000000000000000E+00   0.000000000000000E+00   0.000000000000000E+00   0.000000000000000E+00   0.000000000000000E+00   0.000000000000000E+00   0.000000000000000E+00   0.000000000000000E+00  -4.329551851077746E-07  -6.681058759524326E-06   1.297422302458053E-06  -4.521044241172029E-06  -7.621766846264892E-07  -4.668924085738096E-06  -5.391564078978542E-07  -6.124852600213397E-06   0.000000000000000E+00   0.000000000000000E+00   0.000000000000000E+00   0.000000000000000E+00   0.000000000000000E+00   0.000000000000000E+00   0.000000000000000E+00  -1.450562535129583E-06   3.216520835917800E-06  -8.219583406383349E-06  -4.736354410175384E-07  -6.816033793388832E-06  -9.712200831434071E-07  -3.640320060972548E-06  -2.004145627434187E-06  -6.086443314872890E-06   0.000000000000000E+00   4.995489744303889E-06  -6.918958977076941E-06  -2.135438168126243E-06  -4.314415274114884E-06   2.060712755163960E-06  -5.379363468286533E-06  -4.731517902895273E-06  -7.407845885489012E-06   0.000000000000000E+00   4.540466116543259E-06  -6.749043279090216E-06  -4.485708012110879E-06  -5.366927843249824E-06  -1.153084851366414E-05  -2.613025016618619E-07  -9.561408001882100E-06  -1.681501486652088E-02   6.594779059413605E-03  -2.154939465934197E-02   8.046850710245019E-03  -1.541092891760016E-01   1.667488943897119E-02  -1.548559213273044E-01  -1.276603680050729E-02  -6.454417076086729E-03   3.913518006005623E-03  -5.942827344242970E-03   7.216240934012691E-03  -4.141189956932852E-04   1.760509917942254E-04  -7.701114192736580E-04   1.446464603106770E-04  -2.745425246880294E-01   0.000000000000000E+00   0.000000000000000E+00   0.000000000000000E+00   2.788319134086958E-02  -2.253343140745350E-02   1.219165234483789E-02  -3.709305759382654E-03   2.825901629692180E-02  -8.304865665055454E-05   7.086662194588755E-05  -1.123395942274251E-04   1.303322867252345E-04   1.491142945430643E-06   2.344658191117742E-06  -7.843997983372927E-06   2.836478113727406E-06   1.159773014584586E-04  -1.478039310637834E-01  -6.047988851611678E-02   9.189293589729453E-02  -1.036001282969007E-01  -1.535979221989671E-01   5.027205635087583E-02   6.524496027523043E-02   1.324033269339955E-01   1.121250898027033E-03  -6.271347314825505E-06   4.317520944081577E-06  -3.919107578938683E-07   8.712778177142647E-07  -6.236834974477375E-07  -1.535778506663475E-06  -1.486588612681523E-06   5.855643522826552E-06  -1.494900832450166E-06  -1.782630690518264E-02  -6.674794398491220E-03   2.284081764740944E-02  -8.211249156507401E-03   2.703682744379936E-02  -2.015832586388279E-02   3.832752621987715E-03   2.300351781709392E-02   1.566095611479663E-02  -3.308955833590662E-06  -1.033879676298293E-06   2.051507691690773E-06  -1.578983545230111E-06   0.000000000000000E+00   0.000000000000000E+00   0.000000000000000E+00   0.000000000000000E+00   1.817448212308885E-06  -7.061037864209533E-03  -8.944545031006822E-04   1.084558907553579E-02   1.501975914793904E-03   9.812709292040694E-04   1.003346720598763E-03   0.000000000000000E+00   0.000000000000000E+00   0.000000000000000E+00   0.000000000000000E+00   0.000000000000000E+00   0.000000000000000E+00   0.000000000000000E+00   0.000000000000000E+00   0.000000000000000E+00   1.937430903652017E-04   0.000000000000000E+00   0.000000000000000E+00   0.000000000000000E+00   0.000000000000000E+00   0.000000000000000E+00   0.000000000000000E+00   0.000000000000000E+00   0.000000000000000E+00   0.000000000000000E+00   0.000000000000000E+00   0.000000000000000E+00   0.000000000000000E+00   0.000000000000000E+00   0.000000000000000E+00   0.000000000000000E+00   0.000000000000000E+00
   0.000000000000000E+00   0.000000000000000E+00   0.000000000000000E+00   0.000000000000000E+00   0.000000000000000E+00   0.000000000000000E+00   0.000000000000000E+00   0.000000000000000E+00   0.000000000000000E+00   0.000000000000000E+00   0.000000000000000E+00   0.000000000000000E+00   0.000000000000000E+00   0.000000000000000E+00   0.000000000000000E+00   0.000000000000000E+00   0.000000000000000E+00   0.000000000000000E+00   0.000000000000000E+00   0.000000000000000E+00   0.000000000000000E+00   0.000000000000000E+00   0.000000000000000E+00   0.000000000000000E+00   0.000000000000000E+00   0.000000000000000E+00   0.000000000000000E+00   0.000000000000000E+00   0.000000000000000E+00   0.000000000000000E+00   0.000000000000000E+00   0.000000000000000E+00   0.000000000000000E+00   0.000000000000000E+00   0.000000000000000E+00   0.000000000000000E+00   0.000000000000000E+00   0.000000000000000E+00   0.000000000000000E+00   0.000000000000000E+00   0.000000000000000E+00   0.000000000000000E+00   0.000000000000000E+00   0.000000000000000E+00  -9.237816600422971E-07  -3.405801268663932E-06   1.233934536151990E-06  -2.725276523901089E-06  -6.851451815326558E-07  -2.003901335110031E-06   2.695797430422195E-07  -2.710906247018203E-06   0.000000000000000E+00   0.000000000000000E+00   0.000000000000000E+00   0.000000000000000E+00   0.000000000000000E+00   0.000000000000000E+00   0.000000000000000E+00   0.000000000000000E+00   0.000000000000000E+00   6.678661269549783E-06  -6.410931465258860E-06   1.444868950929939E-06  -5.034842115380754E-06   4.668900790161482E-06  -3.219865760328955E-06  -4.821762434573789E-07  -5.477554147998856E-06   0.000000000000000E+00   0.000000000000000E+00   0.000000000000000E+00   0.000000000000000E+00   0.000000000000000E+00   0.000000000000000E+00   0.000000000000000E+00  -9.909055782067287E-06   8.219690676976883E-06  -4.646027500963231E-07  -1.176403861665600E-07  -1.692949425102024E-06   3.639928053278663E-06  -1.902977355307786E-06  -1.543257740275844E-06  -4.686760596560593E-06   0.000000000000000E+00   6.917813739574282E-06   6.714574010942488E-06   1.620665038052410E-06   3.274373427788209E-06   5.378966648549342E-06  -3.793916619809577E-07  -1.602682491191061E-06  -2.509221172099993E-06   0.000000000000000E+00   6.748544560776238E-06   3.119745210638895E-06   1.031335303433277E-06   1.233941696779737E-06  -6.364781796290131E-06  -4.279307588567815E-06  -7.012848354120032E-06  -6.594779825353895E-03  -2.905513994732727E-03  -8.815972404415891E-03   3.292009586599716E-03  -1.667487224819699E-02  -6.633746882146860E-02  -2.091531705354899E-02  -1.724220197144023E-03  -3.913517492013414E-03   3.785046100267232E-04  -3.713073590760951E-03   4.508701344421084E-03  -1.760508125009225E-04  -4.931997128311057E-05  -3.288230733266024E-04   6.176131457709208E-05   0.000000000000000E+00  -1.192741093346452E-01   0.000000000000000E+00   0.000000000000000E+00  -2.870624562419102E-03  -1.219164767470683E-02  -7.095948046135552E-04  -2.107233278606254E-03   1.605376947180025E-02  -7.086660078209570E-05   3.066773330962390E-05  -8.938247876467262E-05   1.036982813645019E-04  -2.344658063719161E-06   2.518754070639703E-06  -1.048068364145422E-05   3.789933376946458E-06   2.962914960675695E-05   6.047986518133334E-02  -3.431548287122171E-02  -4.648512653697894E-02   5.240734803066040E-02  -5.027204303121961E-02  -4.777369041056028E-02   2.662706798520678E-02   5.403501470254526E-02   7.315894110766305E-04   6.760420385451640E-06   3.919102819328653E-07   3.437570494322906E-06  -6.273161467406158E-06   4.490493393152523E-06   1.486583997598848E-06   7.933770695044777E-08   2.549346363208071E-06  -6.508285529519304E-07   6.674793674688925E-03  -3.344741353567396E-03  -8.929097765092795E-03   3.210000956349566E-03  -1.374462896610124E-02  -3.832751941354210E-03  -6.020917797831088E-03   4.579605831255653E-03   3.117827739071526E-03   1.033879257481917E-06  -1.320820676994652E-06   3.093155445141730E-06  -2.380708378769214E-06   0.000000000000000E+00   0.000000000000000E+00   0.000000000000000E+00   0.000000000000000E+00  -9.479903137539681E-07   8.944542985243079E-04  -2.149991283529910E-03  -1.416504592855757E-03  -1.961678399252082E-04  -5.408882285956183E-04   3.290571729945429E-04   0.000000000000000E+00   0.000000000000000E+00   0.000000000000000E+00   0.000000000000000E+00   0.000000000000000E+00   0.000000000000000E+00   0.000000000000000E+00   0.000000000000000E+00   0.000000000000000E+00  -3.474818169611495E-05   0.000000000000000E+00   0.000000000000000E+00   0.000000000000000E+00   0.000000000000000E+00   0.000000000000000E+00   0.000000000000000E+00   0.000000000000000E+00   0.000000000000000E+00   0.000000000000000E+00   0.000000000000000E+00   0.000000000000000E+00   0.000000000000000E+00   0.000000000000000E+00   0.000000000000000E+00   0.000000000000000E+00   0.000000000000000E+00
   0.000000000000000E+00   0.000000000000000E+00   0.000000000000000E+00   0.000000000000000E+00   0.000000000000000E+00   0.000000000000000E+00   0.000000000000000E+00   0.000000000000000E+00   0.000000000000000E+00   0.000000000000000E+00   0.000000000000000E+00   0.000000000000000E+00   0.000000000000000E+00   0.000000000000000E+00   0.000000000000000E+00   0.000000000000000E+00   0.000000000000000E+00   0.000000000000000E+00   0.000000000000000E+00   0.000000000000000E+00   0.000000000000000E+00   0.000000000000000E+00   0.000000000000000E+00   0.000000000000000E+00   0.000000000000000E+00   0.000000000000000E+00   0.000000000000000E+00   0.000000000000000E+00   0.000000000000000E+00   0.000000000000000E+00   0.000000000000000E+00   0.000000000000000E+00   0.000000000000000E+00   0.000000000000000E+00   0.000000000000000E+00   0.000000000000000E+00   0.000000000000000E+00   0.000000000000000E+00   0.000000000000000E+00   0.000000000000000E+00   0.000000000000000E+00   0.000000000000000E+00   0.000000000000000E+00   0.000000000000000E+00   3.604017760355176E-07   1.233934536151990E-06  -7.243848685535396E-07   1.063232300321791E-06   1.047531987518172E-07   2.695797430422195E-07  -2.819138859745036E-07   4.144758053412736E-07   0.000000000000000E+00   0.000000000000000E+00   0.000000000000000E+00   0.000000000000000E+00   0.000000000000000E+00   0.000000000000000E+00   0.000000000000000E+00   0.000000000000000E+00   0.000000000000000E+00  -1.296956724010855E-06   1.444868950929939E-06   7.488167853657261E-07   9.777367158368108E-07   5.391537177792795E-07  -4.821762434573789E-07   8.999475283870143E-07  -6.325351117877907E-07   0.000000000000000E+00   0.000000000000000E+00   0.000000000000000E+00   0.000000000000000E+00   0.000000000000000E+00   0.000000000000000E+00   0.000000000000000E+00   2.146843382988038E-06   4.736416222498910E-07  -1.176403861665600E-07   1.570178048396579E-06  -9.755249237520644E-08   2.003929811106925E-06  -1.543257740275844E-06   5.056152392806399E-08  -2.580254098294406E-06   0.000000000000000E+00   2.135084706878265E-06   1.620665038052410E-06   1.963708745316433E-06   1.010588734166959E-06   4.731168872809872E-06  -1.602682491191061E-06   3.306338353055775E-08  -2.207031550871697E-06   0.000000000000000E+00   4.485376542205549E-06   1.031335303433277E-06   2.253503635591248E-06   8.201313766754659E-07  -1.588510076463926E-06  -6.125939349501948E-06  -6.110073491599782E-06   2.154939716216268E-02  -8.815972404415891E-03   2.320399194300956E-02  -1.075711758723914E-02   1.548557616804782E-01  -2.091531705354899E-02   1.256461814402673E-01   1.601244243190363E-02   5.942826563726067E-03  -3.713073590760951E-03   3.571786613009718E-03  -6.846636094565641E-03   7.701106349791844E-04  -3.288230733266024E-04   1.313901942659718E-03  -2.701665758336919E-04   0.000000000000000E+00   0.000000000000000E+00  -1.192741093346452E-01   0.000000000000000E+00  -2.999802828040804E-02   3.709304338496991E-03  -2.107233278606254E-03  -6.994470890276759E-03  -4.884353480335556E-03   1.123395606780372E-04  -8.938247876467262E-05   1.159744405168740E-04  -1.643851862935528E-04   7.843997557164020E-06  -1.048068364145422E-05   3.444883805023607E-05  -1.267913160157207E-05  -2.356150287997272E-04  -9.189290044250434E-02  -4.648512653697894E-02   5.719393859527066E-03  -7.962754547481252E-02  -6.524494298848099E-02   2.662706798520678E-02  -3.373257115445033E-02   7.012866876048598E-02   9.166842185283214E-05  -7.540882390011282E-06  -8.712767595798409E-07  -6.273161467406158E-06   1.456203208569147E-05  -9.983056614908676E-06  -5.855625344105995E-06   2.549346363208071E-06  -9.315278149540560E-06   2.563600964014647E-06  -2.284081517059364E-02  -8.929097765092795E-03   2.460083243190876E-02  -1.098446515574524E-02   6.980753709649515E-03  -2.300351373204944E-02   4.579605831255653E-03   2.070204840069429E-02   1.871266241784373E-02  -2.051506860641438E-06   3.093155445141730E-06  -5.899680516351217E-06   4.723994157815881E-06   0.000000000000000E+00   0.000000000000000E+00   0.000000000000000E+00   0.000000000000000E+00   5.182606155322753E-06  -1.084558659497218E-02  -1.416504592855757E-03   1.490882511417133E-02   2.378607044057564E-03   1.451770583490312E-03   1.274608849461194E-03   0.000000000000000E+00   0.000000000000000E+00   0.000000000000000E+00   0.000000000000000E+00   0.000000000000000E+00   0.000000000000000E+00   0.000000000000000E+00   0.000000000000000E+00   0.000000000000000E+00   3.745344102252346E-04   0.000000000000000E+00   0.000000000000000E+00   0.000000000000000E+00   0.000000000000000E+00   0.000000000000000E+00   0.000000000000000E+00   0.000000000000000E+00   0.000000000000000E+00   0.000000000000000E+00   0.000000000000000E+00   0.000000000000000E+00   0.000000000000000E+00   0.000000000000000E+00   0.000000000000000E+00   0.000000000000000E+00   0.000000000000000E+00
   0.000000000000000E+00   0.000000000000000E+00   0.000000000000000E+00   0.000000000000000E+00   0.000000000000000E+00   0.000000000000000E+00   0.000000000000000E+00   0.000000000000000E+00   0.000000000000000E+00   0.000000000000000E+00   0.000000000000000E+00   0.000000000000000E+00   0.000000000000000E+00   0.000000000000000E+00   0.000000000000000E+00   0.000000000000000E+00   0.000000000000000E+00   0.000000000000000E+00   0.000000000000000E+00   0.000000000000000E+00   0.000000000000000E+00   0.000000000000000E+00   0.000000000000000E+00   0.000000000000000E+00   0.000000000000000E+00   0.000000000000000E+00   0.000000000000000E+00   0.000000000000000E+00   0.000000000000000E+00   0.000000000000000E+00   0.000000000000000E+00   0.000000000000000E+00   0.000000000000000E+00   0.000000000000000E+00   0.000000000000000E+00   0.000000000000000E+00   0.000000000000000E+00   0.000000000000000E+00   0.000000000000000E+00   0.000000000000000E+00   0.000000000000000E+00   0.000000000000000E+00   0.000000000000000E+00   0.000000000000000E+00  -7.959859057554347E-07  -2.725276523901089E-06   1.063232300321791E-06  -2.591243216760765E-06  -1.053402965989794E-06  -2.710906247018203E-06   4.144758053412736E-07  -4.408684995131181E-06   0.000000000000000E+00   0.000000000000000E+00   0.000000000000000E+00   0.000000000000000E+00   0.000000000000000E+00   0.000000000000000E+00   0.000000000000000E+00   0.000000000000000E+00   0.000000000000000E+00   4.519421869833471E-06  -5.034842115380754E-06   9.777367158368108E-07  -2.377654557235377E-06   6.124822040287732E-06  -5.477554147998856E-06  -6.325351117877907E-07  -6.230012767277489E-06   0.000000000000000E+00   0.000000000000000E+00   0.000000000000000E+00   0.000000000000000E+00   0.000000000000000E+00   0.000000000000000E+00   0.000000000000000E+00  -4.494557956611630E-06   6.816122746800996E-06  -1.692949425102024E-06  -9.755249237520644E-08   1.730899883262823E-07   6.085787896511906E-06  -4.686760596560593E-06  -2.580254098294406E-06  -6.935854237100784E-06   0.000000000000000E+00   4.313701144982117E-06   3.274373427788209E-06   1.010588734166959E-06   3.505295678457439E-06   7.407299430601782E-06  -2.509221172099993E-06  -2.207031550871697E-06  -2.012681043421293E-06   0.000000000000000E+00   5.366531255897434E-06   1.233941696779737E-06   8.201313766754659E-07   2.549279930550753E-06  -2.344702103228687E-06  -7.445198698175919E-06  -4.184610583259114E-06  -8.046851644833897E-03   3.292009586599716E-03  -1.075711758723914E-02  -1.586612487504866E-03   1.276602363951712E-02  -1.724220197144023E-03   1.601244243190363E-02  -6.726959443126163E-02  -7.216239986248656E-03   4.508701344421084E-03  -6.846636094565641E-03   6.247057282116695E-03  -1.446463130002793E-04   6.176131457709208E-05  -2.701665758336919E-04  -7.374629301343366E-05   0.000000000000000E+00   0.000000000000000E+00   0.000000000000000E+00  -1.192741093346452E-01  -1.647793566619886E-02  -2.825900547203064E-02   1.605376947180025E-02  -4.884353480335556E-03   2.957541709399715E-02  -1.303322478024622E-04   1.036982813645019E-04  -1.643851862935528E-04   1.649967114937559E-04  -2.836477959605460E-06   3.789933376946458E-06  -1.267913160157207E-05   3.970878174269486E-06  -1.398202480792958E-05   1.036000883251577E-01   5.240734803066040E-02  -7.962754547481252E-02   2.486217429517536E-02  -1.324032918535367E-01   5.403501470254526E-02   7.012866876048598E-02   7.402378730430402E-02   1.833413452897130E-03   1.388540337499009E-05   6.236827400073839E-07   4.490493393152523E-06  -9.983056614908676E-06   7.761964072490287E-06   1.494896191562382E-06  -6.508285529519304E-07   2.563600964014647E-06   7.207976140036484E-08   8.211248266094807E-03   3.210000956349566E-03  -1.098446515574524E-02  -2.005196991754838E-03  -2.967399995956522E-02  -1.566095333366972E-02   3.117827739071526E-03   1.871266241784373E-02   5.955758589234855E-03   1.578982905596524E-06  -2.380708378769214E-06   4.723994157815881E-06  -3.397906963265964E-06   0.000000000000000E+00   0.000000000000000E+00   0.000000000000000E+00   0.000000000000000E+00  -4.840815107761916E-07  -1.501975571267446E-03  -1.961678399252082E-04   2.378607044057564E-03  -1.937406096765672E-03  -8.015551732552127E-04   1.201222159242246E-03   0.000000000000000E+00   0.000000000000000E+00   0.000000000000000E+00   0.000000000000000E+00   0.000000000000000E+00   0.000000000000000E+00   0.000000000000000E+00   0.000000000000000E+00   0.000000000000000E+00   5.265342577510206E-05   0.000000000000000E+00   0.000000000000000E+00   0.000000000000000E+00   0.000000000000000E+00   0.000000000000000E+00   0.000000000000000E+00   0.000000000000000E+00   0.000000000000000E+00   0.000000000000000E+00   0.000000000000000E+00   0.000000000000000E+00   0.000000000000000E+00   0.000000000000000E+00   0.000000000000000E+00   0.000000000000000E+00   0.000000000000000E+00
   0.000000000000000E+00   0.000000000000000E+00   0.000000000000000E+00   0.000000000000000E+00   0.000000000000000E+00   0.000000000000000E+00   0.000000000000000E+00   0.000000000000000E+00   0.000000000000000E+00   0.000000000000000E+00   0.000000000000000E+00   0.000000000000000E+00   0.000000000000000E+00   0.000000000000000E+00   0.000000000000000E+00   0.000000000000000E+00   0.000000000000000E+00   0.000000000000000E+00   0.000000000000000E+00   0.000000000000000E+00   0.000000000000000E+00   0.000000000000000E+00   0.000000000000000E+00   0.000000000000000E+00   0.000000000000000E+00   0.000000000000000E+00   0.000000000000000E+00   0.000000000000000E+00   0.000000000000000E+00   0.000000000000000E+00   0.000000000000000E+00   0.000000000000000E+00   0.000000000000000E+00   0.000000000000000E+00   0.000000000000000E+00   0.000000000000000E+00   0.000000000000000E+00   0.000000000000000E+00   0.000000000000000E+00   0.000000000000000E+00   0.000000000000000E+00   0.000000000000000E+00   0.000000000000000E+00   0.000000000000000E+00   0.000000000000000E+00   0.000000000000000E+00   0.000000000000000E+00   0.000000000000000E+00   0.000000000000000E+00   0.000000000000000E+00   0.000000000000000E+00   0.000000000000000E+00   0.000000000000000E+00   0.000000000000000E+00   0.000000000000000E+00   0.000000000000000E+00   0.000000000000000E+00   0.000000000000000E+00   0.000000000000000E+00   0.000000000000000E+00   0.000000000000000E+00   0.000000000000000E+00   0.000000000000000E+00   0.000000000000000E+00   0.000000000000000E+00   0.000000000000000E+00   0.000000000000000E+00   0.000000000000000E+00   0.000000000000000E+00   0.000000000000000E+00   0.000000000000000E+00   0.000000000000000E+00   0.000000000000000E+00   0.000000000000000E+00   0.000000000000000E+00   0.000000000000000E+00   0.000000000000000E+00   0.000000000000000E+00   0.000000000000000E+00   0.000000000000000E+00   0.000000000000000E+00   0.000000000000000E+00   0.000000000000000E+00   0.000000000000000E+00   0.000000000000000E+00   0.000000000000000E+00   0.000000000000000E+00   0.000000000000000E+00   0.000000000000000E+00   0.000000000000000E+00   0.000000000000000E+00   0.000000000000000E+00   0.000000000000000E+00   0.000000000000000E+00   0.000000000000000E+00   0.000000000000000E+00   0.000000000000000E+00   0.000000000000000E+00   0.000000000000000E+00   0.000000000000000E+00   0.000000000000000E+00   0.000000000000000E+00   3.044370713742731E-02  -1.534817259700374E-02   6.886816830089531E-03  -3.298374638510408E-02   1.756153705863663E-01  -4.560944354151371E-02  -6.642318384881722E-02  -1.265953782173792E-01   1.302271707670066E-03  -8.772880716728243E-04  -1.192464149083478E-04  -2.090160722576380E-03   8.085195275342223E-03  -4.483724999427870E-03   7.902298703838023E-03  -7.569546633121200E-03   2.788319134086958E-02  -2.870624562419102E-03  -2.999802828040804E-02  -1.647793566619886E-02  -1.410249459483187E-01   3.877319048412995E-04  -2.174928390642741E-04  -3.083412445579333E-04  -6.233066623335870E-04   2.651816017415053E-05  -3.093151761792724E-05   1.221079869631899E-05  -6.882240780250559E-05   1.295712083146900E-04  -9.908571735279234E-05   1.722054890246389E-04  -1.721787437001464E-04  -1.047493795046016E-02   6.437809255066936E-03   1.370737050573541E-03  -9.556845957325238E-03  -1.667245473058840E-04   1.211230303770793E-03  -3.978022681751119E-04  -1.546368848503709E-03  -1.397341231469107E-03   2.255781078639265E-06   9.501262939529927E-06  -2.607496816294936E-06  -9.902422242834726E-06   1.059809296890209E-05  -1.949604636333404E-05  -1.039494375478297E-05  -2.146844870486275E-06   5.189720346204415E-06  -3.233721958422826E-06   9.614108087629259E-05   2.325161376816369E-05  -1.998595712459634E-04  -1.050565308996126E-05  -7.402866524447679E-03   1.522844138902189E-05  -6.287362240807920E-06  -4.752900890919197E-05  -2.933247440379982E-05  -1.049308025838275E-06   4.412553760626389E-06  -5.023947548569793E-06   8.003431743389567E-06   2.027280511768700E-06   2.488410051684242E-06  -5.611226004511906E-06   3.920149117713006E-06   5.516066461076628E-06  -5.240760518532840E-06   2.033719618820205E-07  -1.784679751680844E-05  -5.396420544087956E-06   1.627093415348207E-06   9.233772010662196E-06   0.000000000000000E+00   0.000000000000000E+00   0.000000000000000E+00   0.000000000000000E+00   0.000000000000000E+00   0.000000000000000E+00   0.000000000000000E+00   0.000000000000000E+00   0.000000000000000E+00   4.164445821928083E-06   0.000000000000000E+00   0.000000000000000E+00   0.000000000000000E+00   0.000000000000000E+00   0.000000000000000E+00   0.000000000000000E+00   0.000000000000000E+00   0.000000000000000E+00   0.000000000000000E+00   0.000000000000000E+00   0.000000000000000E+00   0.000000000000000E+00   0.000000000000000E+00   0.000000000000000E+00   0.000000000000000E+00   0.000000000000000E+00
  -3.043236130507820E-06   7.261408658869399E-07  -6.476738683981228E-07   7.318035433823507E-07   0.000000000000000E+00   0.000000000000000E+00   0.000000000000000E+00   0.000000000000000E+00  -4.364001404726136E-06   8.666736489860981E-07  -7.043403554326888E-07   5.272588785767449E-07  -1.258735890000815E-06  -4.022248442872524E-06   2.879743214734220E-06  -5.081487477193084E-06   0.000000000000000E+00   0.000000000000000E+00   0.000000000000000E+00   0.000000000000000E+00   0.000000000000000E+00   0.000000000000000E+00   0.000000000000000E+00   0.000000000000000E+00   0.000000000000000E+00   1.328255468090185E-06  -8.053923650354535E-06   4.937062681028718E-06  -3.334403596086735E-06   4.940470814067005E-06  -2.090491306863058E-06   9.032247612040910E-07  -2.074474827793704E-06   4.008150752244612E-07   0.000000000000000E+00   0.000000000000000E+00   0.000000000000000E+00   0.000000000000000E+00   0.000000000000000E+00   0.000000000000000E+00   0.000000000000000E+00   0.000000000000000E+00   0.000000000000000E+00  -1.077777852874846E-06   2.634817394230218E-06   5.066678416737998E-06  -2.074211692481631E-06   2.712444154391434E-06  -1.081611467480226E-05   2.425707354081207E-05  -2.518591334809030E-06   3.115863612556600E-05   0.000000000000000E+00   0.000000000000000E+00   0.000000000000000E+00   0.000000000000000E+00   0.000000000000000E+00   0.000000000000000E+00   0.000000000000000E+00   0.000000000000000E+00   0.000000000000000E+00  -6.074396685289173E-05   1.351370226346033E-04  -2.285747579353295E-05   4.096278219615370E-05  -2.115172899456151E-04   3.044676712702327E-04   7.755917823558850E-05   2.977804337681425E-04  -1.246761258358126E-05   0.000000000000000E+00   0.000000000000000E+00   0.000000000000000E+00   0.000000000000000E+00   0.000000000000000E+00   0.000000000000000E+00   4.152280780651819E-06  -3.744499673050137E-04   6.669988707373731E-04   1.031032051499154E-04   2.870722589460997E-04  -1.185978182647342E-04   1.316313435842827E-04   1.215517800383037E-04   1.829902364007785E-04   0.000000000000000E+00  -2.438328283058881E-04   4.406201831862651E-04   2.072637143227599E-04   7.772046505600375E-05  -1.012794814653132E-04   1.129287291229941E-04   1.578010087062138E-04   1.090428794987781E-04  -9.933538562041063E-07  -1.131511612275684E-04   1.717651474938436E-04   1.673501768345213E-04   5.300177188461900E-05   3.880292131255955E-05  -1.700696376692091E-06   4.596214757089070E-07  -2.216624507610934E-02  -3.150977954049966E-03  -2.521845992878894E-02  -1.700030021060531E-02  -1.157492871978504E-02  -5.082496949263200E-03  -7.123649214081511E-03  -1.475691395204734E-02  -1.501823589235423E-01   1.907169828712548E-02  -1.518218063915043E-01  -1.278926032675894E-02  -6.252544514351788E-04  -3.256897600740192E-05  -1.078002217758449E-03  -4.754364675039385E-04  -2.253343140745350E-02  -1.219164767470683E-02   3.709304338496991E-03  -2.825900547203064E-02   3.877319048412995E-04  -2.777522050227682E-01   0.000000000000000E+00   0.000000000000000E+00   0.000000000000000E+00  -1.584069934319282E-02   6.194226853489605E-03  -2.058942736828936E-02   7.366467847090791E-03  -7.519701617505403E-05   1.657338402926224E-05  -1.686040784550185E-04  -2.118180569443100E-05   2.180084903541027E-05  -6.349380278251349E-04  -4.899756894939037E-04   3.744603240693073E-04  -1.023511569551488E-03  -1.555106059716204E-01  -5.458480862773934E-02   9.836235154870555E-02  -1.104048012619687E-01   1.683785146292496E-01   6.281509090947470E-03  -3.791050841229271E-04   1.635627548196859E-04  -7.104341993045206E-04   1.289886541396816E-04   3.374263463325283E-06  -1.022721235064637E-06   1.010083453798887E-05   1.163963760740680E-06  -9.887540343814202E-05  -8.181831127655897E-05   1.300888974996551E-04  -1.529456289302352E-04   1.855030630095913E-05  -1.743874822291903E-02  -6.009496226211038E-03   2.257578396856743E-02  -8.111955190485689E-03   2.745726793022385E-06   1.497376014529506E-06  -4.531479418686947E-06   1.552561114257034E-06  -3.594485470307008E-06  -3.425582115251228E-07   2.058190762947847E-06  -8.786537916100495E-08   6.631107854670096E-07  -4.873942246283536E-04  -2.905261903482971E-04   7.698703791333150E-04  -4.429802708292503E-04  -1.188094959380423E-05   6.551354615011021E-03  -1.155090534720952E-05  -1.762135044316403E-06  -1.532588869354938E-06   5.607587781874440E-06  -1.341111835929005E-06   0.000000000000000E+00   0.000000000000000E+00   0.000000000000000E+00   0.000000000000000E+00   6.018096024579403E-06   0.000000000000000E+00   0.000000000000000E+00   0.000000000000000E+00   0.000000000000000E+00   0.000000000000000E+00   0.000000000000000E+00   0.000000000000000E+00   0.000000000000000E+00   0.000000000000000E+00   0.000000000000000E+00   0.000000000000000E+00   0.000000000000000E+00   0.000000000000000E+00   0.000000000000000E+00   0.000000000000000E+00   0.000000000000000E+00
  -7.261892300045979E-07  -2.180321670906685E-06   1.739801993901518E-06  -1.965793783018868E-06   0.000000000000000E+00   0.000000000000000E+00   0.000000000000000E+00   0.000000000000000E+00  -8.667527055449920E-07  -4.492385030373173E-06   3.430274486219171E-06  -2.567853261372848E-06   4.020771036576317E-06  -2.990237931392357E-06   2.752368371301907E-06  -4.856726578895260E-06   0.000000000000000E+00   0.000000000000000E+00   0.000000000000000E+00   0.000000000000000E+00   0.000000000000000E+00   0.000000000000000E+00   0.000000000000000E+00   0.000000000000000E+00   0.000000000000000E+00   8.050240061388400E-06  -4.192931072232824E-06   3.407111318769870E-06  -2.301101883358484E-06   2.090813621849293E-06   1.079238159492853E-05  -4.271604155621295E-06   9.810775430162354E-06  -4.076886031050749E-07   0.000000000000000E+00   0.000000000000000E+00   0.000000000000000E+00   0.000000000000000E+00   0.000000000000000E+00   0.000000000000000E+00   0.000000000000000E+00   0.000000000000000E+00   0.000000000000000E+00  -9.386090425241283E-06  -5.066500018469241E-06   2.709414780826612E-05  -1.118699579977623E-05   1.462922105409609E-05  -2.425461168145454E-05   3.386432525829878E-05  -4.004314966054197E-06   4.953919726278316E-05   0.000000000000000E+00   0.000000000000000E+00   0.000000000000000E+00   0.000000000000000E+00   0.000000000000000E+00   0.000000000000000E+00   0.000000000000000E+00   0.000000000000000E+00   0.000000000000000E+00  -1.351198080874009E-04   2.525957934571834E-04  -4.600737233895712E-05   8.244961034023074E-05  -3.044672344889383E-04   3.662158671216433E-04   1.095479591420244E-04   4.205980456966510E-04  -3.281560784266854E-07   0.000000000000000E+00   0.000000000000000E+00   0.000000000000000E+00   0.000000000000000E+00   0.000000000000000E+00   0.000000000000000E+00   3.769066089879388E-05  -6.670015575286007E-04   1.076056770056565E-03   1.837712693575369E-04   5.116779187140870E-04  -1.316264733699615E-04   1.028488809467623E-04   1.284923200405823E-04   1.934388785791638E-04   0.000000000000000E+00  -4.406031212505310E-04   7.125325200443918E-04   3.697135025640676E-04   1.386364489831398E-04  -1.129261531967847E-04   8.749881627255295E-05   1.658625648588484E-04   1.146135365137846E-04   9.841867094803573E-06  -1.717618043928272E-04   2.128940810467697E-04   2.412276217133016E-04   7.639962873155540E-05   9.294228975963662E-05   9.211659496698050E-06   1.988378796863728E-05   3.150979531152592E-03  -7.037278385256700E-03   3.763096430131117E-03   2.536783341026103E-03   5.082494350053338E-03  -1.476102745174478E-03   3.243191564580130E-03   6.718396345781540E-03  -1.907170310786320E-02  -6.330922236499591E-02  -2.387895891167484E-02  -2.011530682660085E-03   3.256895040088485E-05  -1.872648302366324E-04   5.683717815556080E-05   2.506717218203984E-05   1.219165234483789E-02  -7.095948046135552E-04  -2.107233278606254E-03   1.605376947180025E-02  -2.174928390642741E-04   0.000000000000000E+00  -1.224841585340971E-01   0.000000000000000E+00   0.000000000000000E+00  -6.194226493282964E-03  -2.743574477369589E-03  -8.391885469360308E-03   3.002441660020156E-03  -1.657338994319050E-05  -2.007975365295360E-05  -3.437269222638818E-05  -4.318256679230184E-06  -6.449465868335341E-06   4.899757008993653E-04   1.909896386989316E-04  -2.925927400721075E-04   7.997430845975158E-04   5.458481715761435E-02  -4.547701197009037E-02  -4.315501182519059E-02   4.843845667576231E-02   4.175595889421222E-02   3.398744045267256E-03  -1.635627850270537E-04  -4.326276209020233E-05  -3.071074893152119E-04   5.575939581985966E-05   1.022718252583267E-06   1.493528063461820E-06   2.057898766376603E-07   2.371407608278909E-08   8.181832613278165E-05   3.366543075220028E-05  -1.016909508599728E-04   1.195581385862189E-04  -2.494584123237269E-05   6.009497413056213E-03  -3.662987438329570E-03  -8.122183645323569E-03   2.918471840069676E-03  -1.497375746072705E-06   3.091702876016331E-06  -9.773123731082473E-06   3.348436673270369E-06   3.425584255385093E-07  -1.543566160272210E-07   1.796160893049679E-06  -7.667916926997609E-08  -3.539532325788729E-07   2.905262133041489E-04   2.777535487710289E-05  -4.625072886424863E-04   2.661248043001696E-04   3.576764888742094E-07  -1.081498900883387E-03   1.318667348964661E-06   1.532589045249040E-06  -8.203565947222005E-08   2.811364530625605E-06  -6.723665136941791E-07   0.000000000000000E+00   0.000000000000000E+00   0.000000000000000E+00   0.000000000000000E+00  -1.116715208797553E-05   0.000000000000000E+00   0.000000000000000E+00   0.000000000000000E+00   0.000000000000000E+00   0.000000000000000E+00   0.000000000000000E+00   0.000000000000000E+00   0.000000000000000E+00   0.000000000000000E+00   0.000000000000000E+00   0.000000000000000E+00   0.000000000000000E+00   0.000000000000000E+00   0.000000000000000E+00   0.000000000000000E+00   0.000000000000000E+00
   6.477170062748722E-07   1.739801993901518E-06  -1.781537625021621E-06   1.753369523371580E-06   0.000000000000000E+00   0.000000000000000E+00   0.000000000000000E+00   0.000000000000000E+00   7.044046042129022E-07   3.430274486219171E-06  -3.059278861778186E-06   2.086878585647816E-06  -2.878685460391758E-06   2.752368371301907E-06  -1.116466864146823E-06   3.477190832450083E-06   0.000000000000000E+00   0.000000000000000E+00   0.000000000000000E+00   0.000000000000000E+00   0.000000000000000E+00   0.000000000000000E+00   0.000000000000000E+00   0.000000000000000E+00   0.000000000000000E+00  -4.934804637569844E-06   3.407111318769870E-06  -7.234083957366064E-07   1.410577592584202E-06  -9.033640217097528E-07  -4.271604155621295E-06   2.751463499594388E-06  -4.238876892739856E-06   3.163170418214188E-07   0.000000000000000E+00   0.000000000000000E+00   0.000000000000000E+00   0.000000000000000E+00   0.000000000000000E+00   0.000000000000000E+00   0.000000000000000E+00   0.000000000000000E+00   0.000000000000000E+00   5.560375591939022E-06   2.074138659274363E-06  -1.118699579977623E-05   4.347430194242973E-06  -5.988953485198796E-06   2.518335722043748E-06  -4.004314966054197E-06  -4.286294937058558E-06  -5.143612758955419E-06   0.000000000000000E+00   0.000000000000000E+00   0.000000000000000E+00   0.000000000000000E+00   0.000000000000000E+00   0.000000000000000E+00   0.000000000000000E+00   0.000000000000000E+00   0.000000000000000E+00   2.285456407409217E-05  -4.600737233895712E-05  -1.162526661796660E-05  -1.394577100927987E-05  -7.755906697123613E-05   1.095479591420244E-04  -3.592160647845603E-05   1.071418803041769E-04   2.021351705537261E-08   0.000000000000000E+00   0.000000000000000E+00   0.000000000000000E+00   0.000000000000000E+00   0.000000000000000E+00   0.000000000000000E+00  -7.491603687997756E-06  -1.031036204681405E-04   1.837712693575369E-04  -8.439581583206593E-05   7.909403709415347E-05  -1.215472827567005E-04   1.284923200405823E-04   8.235458448823528E-05   1.786264530898413E-04   0.000000000000000E+00  -2.072556885438493E-04   3.697135025640676E-04   1.004715600284398E-04   6.521332079927987E-05  -1.577974092346058E-04   1.658625648588484E-04   2.005690413961220E-04   1.601552750457638E-04   1.286927082521958E-05  -1.673469196630030E-04   2.412276217133016E-04   2.003297014124317E-04   7.443588856566976E-05   3.498389391660190E-05   2.254894169370929E-05   2.468013119700853E-05   2.521847255093354E-02   3.763096430131117E-03   2.261000693081960E-02   2.030282977748553E-02   7.123645571017979E-03   3.243191564580130E-03   7.556543229330522E-04   9.416532725209578E-03   1.518218447673792E-01  -2.387895891167484E-02   1.237815233537764E-01   1.601295371055387E-02   1.078001370207019E-03   5.683717815556080E-05   1.692274678416140E-03   8.296996257736344E-04  -3.709305759382654E-03  -2.107233278606254E-03  -6.994470890276759E-03  -4.884353480335556E-03  -3.083412445579333E-04   0.000000000000000E+00   0.000000000000000E+00  -1.224841585340971E-01   0.000000000000000E+00   2.058942617097311E-02  -8.391885469360308E-03   2.262614829311138E-02  -9.980027523803843E-03   1.686041386184963E-04  -3.437269222638818E-05   3.262212001506858E-04   4.393041799117976E-05  -5.707204069285941E-05  -3.744603327858475E-04  -2.925927400721075E-04   3.174830265449455E-05  -6.111977819550560E-04  -9.836236691962258E-02  -4.315501182519059E-02   8.340466438783702E-03  -8.728656605744338E-02   5.778189995226641E-02  -6.387687275038349E-03   7.104343305101073E-04  -3.071074893152119E-04   1.219952305468103E-03  -2.421907222500394E-04  -1.010080508172082E-05   2.057898766376603E-07  -5.181047535920834E-07  -2.342104089765899E-07  -1.300889211206465E-04  -1.016909508599728E-04   1.313936235640274E-04  -1.900942001017344E-04   1.005596021306419E-05  -2.257578842717082E-02  -8.122183645323569E-03   2.468743610141904E-02  -1.096377920871112E-02   4.531478606261439E-06  -9.773123731082473E-06   2.943849596796097E-05  -1.013330768121654E-05  -2.058192048803391E-06   1.796160893049679E-06  -1.064727413095616E-05   4.607110633820113E-07   9.284201716010114E-06  -7.698704399644238E-04  -4.625072886424863E-04   1.078844923483153E-03  -7.052087239974085E-04  -5.618553841133044E-07   9.772416345913826E-03  -2.685121196219107E-06  -5.607588425453182E-06   2.811364530625605E-06  -9.600170808542469E-06   2.460121120884768E-06   0.000000000000000E+00   0.000000000000000E+00   0.000000000000000E+00   0.000000000000000E+00   3.594872427337598E-05   0.000000000000000E+00   0.000000000000000E+00   0.000000000000000E+00   0.000000000000000E+00   0.000000000000000E+00   0.000000000000000E+00   0.000000000000000E+00   0.000000000000000E+00   0.000000000000000E+00   0.000000000000000E+00   0.000000000000000E+00   0.000000000000000E+00   0.000000000000000E+00   0.000000000000000E+00   0.000000000000000E+00   0.000000000000000E+00
  -7.318522846587857E-07  -1.965793783018868E-06   1.753369523371580E-06  -2.210862819320463E-06   0.000000000000000E+00   0.000000000000000E+00   0.000000000000000E+00   0.000000000000000E+00  -5.273069742730146E-07  -2.567853261372848E-06   2.086878585647816E-06  -1.833722597137160E-06   5.079621003329142E-06  -4.856726578895260E-06   3.477190832450083E-06  -5.281620107922293E-06   0.000000000000000E+00   0.000000000000000E+00   0.000000000000000E+00   0.000000000000000E+00   0.000000000000000E+00   0.000000000000000E+00   0.000000000000000E+00   0.000000000000000E+00   0.000000000000000E+00   3.332878554029173E-06  -2.301101883358484E-06   1.410577592584202E-06   4.124751989351740E-07   2.074794673335932E-06   9.810775430162354E-06  -4.238876892739856E-06   1.064146905639329E-05  -7.320536382095249E-07   0.000000000000000E+00   0.000000000000000E+00   0.000000000000000E+00   0.000000000000000E+00   0.000000000000000E+00   0.000000000000000E+00   0.000000000000000E+00   0.000000000000000E+00   0.000000000000000E+00  -1.793294713885894E-06  -2.712348648953464E-06   1.462922105409609E-05  -5.988953485198796E-06   7.599412318352643E-06  -3.115547382407137E-05   4.953919726278316E-05  -5.143612758955419E-06   5.893190761768409E-05   0.000000000000000E+00   0.000000000000000E+00   0.000000000000000E+00   0.000000000000000E+00   0.000000000000000E+00   0.000000000000000E+00   0.000000000000000E+00   0.000000000000000E+00   0.000000000000000E+00  -4.095756411650456E-05   8.244961034023074E-05  -1.394577100927987E-05   5.585065425913349E-06  -2.977800065801827E-04   4.205980456966510E-04   1.071418803041769E-04   3.475326312541230E-04  -6.413626251984524E-07   0.000000000000000E+00   0.000000000000000E+00   0.000000000000000E+00   0.000000000000000E+00   0.000000000000000E+00   0.000000000000000E+00   2.745332834608492E-06  -2.870734153247097E-04   5.116779187140870E-04   7.909403709415347E-05   1.074202946681231E-04  -1.829834659641508E-04   1.934388785791638E-04   1.786264530898413E-04   2.326148140015363E-04   0.000000000000000E+00  -7.771745552164601E-05   1.386364489831398E-04   6.521332079927987E-05  -4.898438184834181E-05  -1.090403922095521E-04   1.146135365137846E-04   1.601552750457638E-04   7.947062740945375E-05   2.376658149685344E-05  -5.300074030003946E-05   7.639962873155540E-05   7.443588856566976E-05  -1.112279629694411E-05  -7.254218551910511E-06   1.290856926358710E-05   1.094111594887563E-06   1.700030871946144E-02   2.536783341026103E-03   2.030282977748553E-02   6.179102329224536E-03   1.475690640530080E-02   6.718396345781540E-03   9.416532725209578E-03   1.571669384531461E-02   1.278926355948991E-02  -2.011530682660085E-03   1.601295371055387E-02  -6.495996327057599E-02   4.754360937042829E-04   2.506717218203984E-05   8.296996257736344E-04   1.769443745383566E-04   2.825901629692180E-02   1.605376947180025E-02  -4.884353480335556E-03   2.957541709399715E-02  -6.233066623335870E-04   0.000000000000000E+00   0.000000000000000E+00   0.000000000000000E+00  -1.224841585340971E-01  -7.366467418715999E-03   3.002441660020156E-03  -9.980027523803843E-03  -1.697585720313127E-03   2.118181325279560E-05  -4.318256679230184E-06   4.393041799117976E-05  -1.793951035111080E-05  -3.648376597546433E-05   1.023511593376388E-03   7.997430845975158E-04  -6.111977819550560E-04   1.478721984591514E-03   1.104048185147388E-01   4.843845667576231E-02  -8.728656605744338E-02   2.854773227365076E-02   1.276634739238894E-01   6.135813582921991E-03  -1.289886779617781E-04   5.575939581985966E-05  -2.421907222500394E-04  -6.999499385578298E-05  -1.163960366364859E-06   2.371407608278909E-08  -2.342104089765899E-07   1.487375428112275E-06   1.529456567014552E-04   1.195581385862189E-04  -1.900942001017344E-04   1.932016826382172E-04  -5.589700301858457E-05   8.111956792555898E-03   2.918471840069676E-03  -1.096377920871112E-02  -1.885531835895204E-03  -1.552560835906381E-06   3.348436673270369E-06  -1.013330768121654E-05   3.334126663306796E-06   8.786543405493748E-08  -7.667916926997609E-08   4.607110633820113E-07   1.249222152719056E-07   2.391915535511201E-06   4.429803058312218E-04   2.661248043001696E-04  -7.052087239974085E-04   2.590130746219647E-04   6.699168636639936E-07   5.053819886130758E-04   1.606014725860909E-06   1.341111989847428E-06  -6.723665136941791E-07   2.460121120884768E-06   9.796481017021577E-08   0.000000000000000E+00   0.000000000000000E+00   0.000000000000000E+00   0.000000000000000E+00  -1.397187000279910E-05   0.000000000000000E+00   0.000000000000000E+00   0.000000000000000E+00   0.000000000000000E+00   0.000000000000000E+00   0.000000000000000E+00   0.000000000000000E+00   0.000000000000000E+00   0.000000000000000E+00   0.000000000000000E+00   0.000000000000000E+00   0.000000000000000E+00   0.000000000000000E+00   0.000000000000000E+00   0.000000000000000E+00   0.000000000000000E+00
   3.957877294776609E-06   1.089216778207778E-06  -4.522728811147819E-07   1.058971153930509E-06  -3.105421002049055E-07  -4.831689613572092E-06   3.413801339963015E-06  -5.954804085765589E-06   1.644627521207435E-06   7.707886903746158E-06  -3.074776248135507E-06   3.951526785314291E-06  -1.407425424834241E-05   2.883189746871254E-05  -2.559664690164681E-06   3.693838834648183E-05  -4.298857465895700E-06   7.576254730948498E-07  -6.732469250938969E-07   7.524137674558212E-07   1.584234307144552E-06   1.200290177870764E-06  -8.056657167714752E-06   4.827435736741765E-06  -3.223121833524245E-06  -6.702955077024167E-05   1.480418172344551E-04  -2.350243273817120E-05   4.206050461736517E-05  -2.136203885642609E-04   3.120189696714628E-04   8.263697721817174E-05   2.948223873457660E-04  -1.239408657620725E-05   0.000000000000000E+00   0.000000000000000E+00   0.000000000000000E+00   0.000000000000000E+00  -4.519865590600026E-06   7.296512908323065E-07  -5.930245980913079E-07   4.340718069887116E-07  -8.848816039786126E-08   6.568078967863960E-06  -4.183381794098454E-04   7.447912849525238E-04   1.243078914899733E-04   3.024283437118783E-04  -1.343190475914179E-04   1.521578777262432E-04   1.379214048273303E-04   1.999973717316618E-04   0.000000000000000E+00   0.000000000000000E+00   0.000000000000000E+00   0.000000000000000E+00   0.000000000000000E+00   0.000000000000000E+00   0.000000000000000E+00   0.000000000000000E+00   0.000000000000000E+00  -4.290207039039106E-04   7.497146518545943E-04   3.497432967853993E-04   9.339992123749428E-05  -1.220616861225146E-04   1.345479405859087E-04   1.900477691613168E-04   1.223992073858618E-04   8.214685578258539E-07   0.000000000000000E+00   0.000000000000000E+00   0.000000000000000E+00   0.000000000000000E+00   0.000000000000000E+00   0.000000000000000E+00   9.344467997810332E-05  -1.893984078440166E-04   2.714580997046922E-04   2.741894880502711E-04   6.617281443699764E-05   1.915335608310404E-06   2.369955482926607E-06   6.955607542065236E-06   3.520157325987764E-06   0.000000000000000E+00  -1.547298147211099E-06   1.031200785271499E-05   1.429492689471370E-05  -7.021054625593799E-07   4.279229774594289E-06  -2.650600013625951E-06  -9.653492506416576E-06  -2.277547158288232E-06  -1.174826929882210E-05   4.317698109485469E-06  -4.083141366207574E-06  -9.383096887577761E-06  -1.525230101358996E-07  -1.238067251574310E-05   2.111493636767153E-06   2.146389653688649E-06  -2.344503489284656E-02  -1.271827277576447E-02   4.384146014643838E-03  -2.919462461614400E-02  -7.141917763878509E-04  -5.414230056221843E-04   4.363107412208992E-04  -1.138453896617776E-03  -1.579477799056188E-01  -5.899855703757900E-02   1.020554426094707E-01  -1.078907943075768E-01  -1.142853927372259E-02  -5.047221373027375E-03  -6.843266745947085E-03  -1.469777097581449E-02  -8.304865665055454E-05  -7.086660078209570E-05   1.123395606780372E-04  -1.303322478024622E-04   2.651816017415053E-05  -1.584069934319282E-02  -6.194226493282964E-03   2.058942617097311E-02  -7.366467418715999E-03  -2.802923721332750E-01   0.000000000000000E+00   0.000000000000000E+00   0.000000000000000E+00  -2.223893897738676E-02  -3.504891210328934E-03  -2.505676928719295E-02  -1.739120856558083E-02   4.016213942719340E-04   3.579245595988061E-06   3.867803770930542E-06  -6.065227760763718E-06   6.986659562150154E-06  -3.918306262950685E-04  -2.341981162319949E-04   6.315106466945423E-04  -3.589888455412569E-04   6.451335058008410E-03   1.727000280993170E-01  -1.547763455187908E-01   1.765958475499232E-02  -1.555305581181939E-01  -1.704854670437866E-02  -6.317595816181726E-04  -3.775210892396481E-05  -1.090305388445174E-03  -4.767308750754209E-04  -3.058042415518195E-06   1.151785577030176E-06  -2.434692386957392E-06   1.916418873769527E-06   1.940206090954355E-07   1.947864092271142E-06  -1.909696210182883E-06   6.733908490913375E-06  -2.414421079821420E-06  -1.590614691072749E-02   7.397250793671860E-03  -2.053330839166422E-02   6.721369419294223E-03  -7.041160079224564E-05   1.500959329736685E-05  -1.594831921519952E-04  -2.023084726131676E-05   1.845852648637202E-05  -1.125884728280301E-06   2.038196224557006E-06  -5.911137113367740E-06   2.853852135020962E-06   0.000000000000000E+00  -1.159442637545197E-05   6.731919081539825E-03  -3.748815992814109E-04   1.795823397212202E-04  -7.011800222954908E-04   1.157712422766835E-04   3.267968508829630E-06  -9.625143903258212E-07   1.023870375574609E-05   1.300963300154212E-06   0.000000000000000E+00   2.907722069737511E-06   1.496915033389961E-06  -4.190341576315667E-06   1.363511976806916E-06  -3.517873400369543E-06  -4.156053603809140E-07   2.360663081210349E-06  -6.581893992104718E-08   8.089474026129143E-07  -1.621361472266042E-06  -1.709493423730102E-06   5.915314240505491E-06  -1.315469544778429E-06  -1.176994481279632E-05   0.000000000000000E+00   0.000000000000000E+00
  -1.088995846160807E-06   1.503246395878030E-05  -6.099185114930006E-06   1.428089405509596E-05   4.830214041238908E-06  -2.618673190552628E-06   2.603111808891415E-06  -4.540692117561587E-06  -7.707807431485688E-06   3.152519422283975E-05  -1.282481101492379E-05   1.648171448989017E-05  -2.882803599975014E-05   3.841965612160767E-05  -3.918245454741348E-06   5.654399687591952E-05  -7.576196952406196E-07  -3.289572301335087E-06   2.681171799704598E-06  -2.996449742018033E-06  -1.906375368529594E-06   8.053634407943727E-06  -4.489893100970621E-06   3.497032938098520E-06  -2.334855154995038E-06  -1.480191531398734E-04   2.768844874639890E-04  -4.733469215464237E-05   8.471127479064592E-05  -3.120246859634544E-04   3.826315067111018E-04   1.184248733380264E-04   4.225021903506811E-04   4.487435873276605E-07   0.000000000000000E+00   0.000000000000000E+00   0.000000000000000E+00   0.000000000000000E+00  -7.296576299324442E-07  -4.824851816818534E-06   3.715621549348145E-06  -2.719695886482294E-06  -9.073505068922901E-06   4.239200867812087E-05  -7.448084892757746E-04   1.204102943579823E-03   2.220285210107436E-04   5.401726073963156E-04  -1.521424611415677E-04   1.242839901723900E-04   1.497980472155096E-04   2.172194792472170E-04   0.000000000000000E+00   0.000000000000000E+00   0.000000000000000E+00   0.000000000000000E+00   0.000000000000000E+00   0.000000000000000E+00   0.000000000000000E+00   0.000000000000000E+00   0.000000000000000E+00  -7.496250844734933E-04   1.185771398883286E-03   6.135319391950458E-04   1.638454126903989E-04  -1.345477486935349E-04   1.040199074389798E-04   1.997138501566097E-04   1.286245930221812E-04   1.167424725137710E-05   0.000000000000000E+00   0.000000000000000E+00   0.000000000000000E+00   0.000000000000000E+00   0.000000000000000E+00   0.000000000000000E+00   1.860196523997583E-04  -2.714592035109606E-04   3.225009769731162E-04   3.835984127260032E-04   9.257753374918102E-05  -2.370017272608441E-06   3.157845557729224E-06   1.074535557470787E-05   5.438107586993098E-06   0.000000000000000E+00  -1.031179415913976E-05   1.913922320461114E-05   2.895242059616063E-05  -1.422018650714352E-06   2.650385648640185E-06   1.692709195908489E-06   2.825149433835413E-07   6.665371170583670E-08  -1.246646463157606E-06   4.082857019946009E-06   1.833319436388294E-06   5.018748322988501E-07   8.158016596312806E-09  -4.563089748641723E-08  -1.169651852455502E-06  -2.870672399284344E-06   1.271827993340768E-02  -7.182373986275023E-04  -2.500521381578171E-03   1.665131198549898E-02   5.414228286005699E-04   1.999432205695845E-04  -3.354487941493211E-04   8.752775275401271E-04   5.899857577581663E-02  -4.325509430823986E-02  -4.778902971343545E-02   5.052152284225617E-02   5.047216117108676E-03  -1.431489669972459E-03   3.133868018438777E-03   6.730831357804696E-03   7.086662194588755E-05   3.066773330962390E-05  -8.938247876467262E-05   1.036982813645019E-04  -3.093151761792724E-05   6.194226853489605E-03  -2.743574477369589E-03  -8.391885469360308E-03   3.002441660020156E-03   0.000000000000000E+00  -1.250243842396737E-01   0.000000000000000E+00   0.000000000000000E+00   3.504893252075974E-03  -6.960020009779092E-03   4.146777600512674E-03   2.878163313833739E-03  -2.257696437405039E-04  -3.867804651192519E-06   1.351192912579936E-06   2.370996513645458E-07  -2.731199242186389E-07   2.341981468575189E-04   2.258448720519849E-05  -3.785334860625972E-04   2.151813273008016E-04  -1.300760550395212E-03   4.117554660210850E-02  -1.765959145988484E-02  -6.649124415168393E-02  -2.211944560483455E-02  -2.424632213962793E-03   3.775207907678855E-05  -1.887622137490333E-04   6.595338178850893E-05   2.883780429541576E-05  -1.151786209801773E-06  -1.071764734827273E-06   2.919179120415803E-06  -2.297772807869989E-06   3.907789749011918E-06   1.909695894221471E-06   2.253339426464961E-06  -9.522185431108714E-06   3.414148746134638E-06  -7.397252092799540E-03  -1.708304713239472E-03  -9.956705583721342E-03   3.259226187559180E-03  -1.500959841497988E-05  -1.916047532313919E-05  -3.125759023045246E-05  -3.965104567924839E-06  -6.304150836109330E-06  -2.038196937908708E-06  -1.524692598868455E-07   2.837361161338435E-06  -1.369856434187487E-06   0.000000000000000E+00  -5.751635415645529E-07   4.831741030878764E-03  -1.795823538646545E-04  -2.659088891456621E-05  -3.363765547968386E-04   5.553884934441227E-05   9.625136450969376E-07   1.505749913858269E-06   2.484709042424806E-07   3.157152851445534E-08   0.000000000000000E+00  -1.496913917239595E-06   3.632173433719905E-06  -1.039510379323495E-05   3.382504329083629E-06   4.156056210496984E-07  -1.576676322059602E-07   1.939472330279012E-06  -5.407548997619662E-08  -3.336253830410223E-07   1.709492248880197E-06  -1.316903523133178E-07   2.998034375477022E-06  -6.667140163295570E-07   1.277753631504369E-06   0.000000000000000E+00   0.000000000000000E+00
   4.521811440286356E-07  -6.099185114930006E-06   2.876238646844911E-06  -5.929821527190175E-06  -3.412758783174167E-06   2.603111808891415E-06  -7.735979518611425E-07   3.208198803116260E-06   3.074744545618083E-06  -1.282481101492379E-05   4.491784056644874E-06  -6.574770086135413E-06   2.559321873124424E-06  -3.918245454741348E-06  -5.367349588027286E-06  -5.019914918923862E-06   6.732417907330124E-07   2.681171799704598E-06  -2.654930535067504E-06   2.662728018860424E-06   1.492890160927049E-06  -4.825624541572544E-06   3.497032938098520E-06  -7.489593957650948E-07   1.399012391951620E-06   2.349883469156230E-05  -4.733469215464237E-05  -1.376208882646115E-05  -1.344836935349729E-05  -8.263849115526210E-05   1.184248733380264E-04  -3.315029793420155E-05   1.118980166987910E-04  -1.364739070291065E-08   0.000000000000000E+00   0.000000000000000E+00   0.000000000000000E+00   0.000000000000000E+00   5.930297501993882E-07   3.715621549348145E-06  -3.273063768888732E-06   2.210434738177447E-06   5.225848255402760E-06  -7.652837683584772E-06  -1.243107629429441E-04   2.220285210107436E-04  -8.912470418519123E-05   9.015642264175721E-05  -1.379074306772708E-04   1.497980472155096E-04   9.480591269639567E-05   1.968955941113926E-04   0.000000000000000E+00   0.000000000000000E+00   0.000000000000000E+00   0.000000000000000E+00   0.000000000000000E+00   0.000000000000000E+00   0.000000000000000E+00   0.000000000000000E+00   0.000000000000000E+00  -3.497015134334624E-04   6.135319391950458E-04   1.568095065711940E-04   7.643419353716776E-05  -1.900474981150459E-04   1.997138501566097E-04   2.447227172967349E-04   1.816810934206744E-04   1.466745097029030E-05   0.000000000000000E+00   0.000000000000000E+00   0.000000000000000E+00   0.000000000000000E+00   0.000000000000000E+00   0.000000000000000E+00   6.598582609797704E-05  -2.741906029629443E-04   3.835984127260032E-04   3.301819968292207E-04   9.350904103159411E-05  -6.955788889259342E-06   1.074535557470787E-05   3.103328316220398E-05   1.596035977010913E-05   0.000000000000000E+00  -1.429463066394279E-05   2.895242059616063E-05   3.838868990115458E-05  -1.971260393244282E-06   9.652711788551534E-06   2.825149433835413E-07   2.644058077689842E-06   2.427530005166395E-07  -5.852732972142225E-06   9.382443457220451E-06   5.018748322988501E-07   2.768237001604002E-06   1.874719811740630E-08  -5.144394436306961E-08  -7.984632456066719E-06  -7.518796544546157E-06  -4.384148481972028E-03  -2.500521381578171E-03  -7.110212371199796E-03  -5.739913301665170E-03  -4.363105985663924E-04  -3.354487941493211E-04   5.400547863080130E-05  -7.053504983153990E-04  -1.020554750227912E-01  -4.778902971343545E-02   1.178317638264104E-02  -8.739190641030148E-02   6.843259619718415E-03   3.133868018438777E-03   5.061894851214424E-04   9.125986557592770E-03  -1.123395942274251E-04  -8.938247876467262E-05   1.159744405168740E-04  -1.643851862935528E-04   1.221079869631899E-05  -2.058942736828936E-02  -8.391885469360308E-03   2.262614829311138E-02  -9.980027523803843E-03   0.000000000000000E+00   0.000000000000000E+00  -1.250243842396737E-01   0.000000000000000E+00   2.505678388381849E-02   4.146777600512674E-03   2.210560736431036E-02   2.057623754856189E-02  -2.991344995936066E-04   6.065229141130897E-06   2.370996513645458E-07   1.130588068546126E-06   4.282881564051093E-07  -6.315107292756695E-04  -3.785334860625972E-04   9.029120622428519E-04  -5.802322467261362E-04   9.609730256140026E-03   5.741295279984453E-02   1.555306171691676E-01  -2.211944560483455E-02   1.258064302622350E-01   2.135409222249004E-02   1.090304526439367E-03   6.595338178850893E-05   1.713730570831865E-03   8.328544897331547E-04   2.434693724536380E-06   2.919179120415803E-06  -5.861464461182488E-06   4.857127987922531E-06  -4.712672025529894E-06  -6.733907376780552E-06  -9.522185431108714E-06   3.312972423477985E-05  -1.203885995492215E-05   2.053331199778628E-02  -9.956705583721342E-03   2.234258057897475E-02  -9.046968704182798E-03   1.594832465287691E-04  -3.125759023045246E-05   3.100226890763609E-04   4.213089063646033E-05  -5.261043082406284E-05   5.911139182216494E-06   2.837361161338435E-06  -7.402989525459410E-06   3.972831030962774E-06   0.000000000000000E+00   2.914521878125507E-06  -6.575128948298546E-03   7.011800775185908E-04  -3.363765547968386E-04   1.200641926194248E-03  -2.168516775203773E-04  -1.023869582840719E-05   2.484709042424806E-07  -1.113990096140596E-06  -3.358407217851307E-07   0.000000000000000E+00   4.190338451855575E-06  -1.039510379323495E-05   2.901793600352196E-05  -9.468706109610184E-06  -2.360664561824495E-06   1.939472330279012E-06  -1.083253259388876E-05   3.071519882904521E-07   9.411784537655649E-06  -5.915310175203875E-06   2.998034375477022E-06  -9.639292768178572E-06   2.307012627479693E-06  -2.483333328204310E-06   0.000000000000000E+00   0.000000000000000E+00
  -1.058756356775890E-06   1.428089405509596E-05  -5.929821527190175E-06   1.422802745480603E-05   5.952985520240641E-06  -4.540692117561587E-06   3.208198803116260E-06  -4.530549835029005E-06  -3.951486043049926E-06   1.648171448989017E-05  -6.574770086135413E-06   7.825319213563357E-06  -3.693344117155947E-05   5.654399687591952E-05  -5.019914918923862E-06   6.672692457421668E-05  -7.524080293474503E-07  -2.996449742018033E-06   2.662728018860424E-06  -3.248204369628700E-06  -3.381659646715262E-06   3.221912557417210E-06  -2.334855154995038E-06   1.399012391951620E-06   4.123385166310654E-07  -4.205406546880154E-05   8.471127479064592E-05  -1.344836935349729E-05   2.790791918358549E-06  -2.948277885906118E-04   4.225021903506811E-04   1.118980166987910E-04   3.347017944522222E-04   8.853796757012104E-07   0.000000000000000E+00   0.000000000000000E+00   0.000000000000000E+00   0.000000000000000E+00  -4.340755781389665E-07  -2.719695886482294E-06   2.210434738177447E-06  -1.871145234776874E-06  -1.739283824500416E-06   1.718840892322085E-06  -3.024353296622922E-04   5.401726073963156E-04   9.015642264175721E-05   9.315939663449793E-05  -1.999771080656443E-04   2.172194792472170E-04   1.968955941113926E-04   2.445383364556182E-04   0.000000000000000E+00   0.000000000000000E+00   0.000000000000000E+00   0.000000000000000E+00   0.000000000000000E+00   0.000000000000000E+00   0.000000000000000E+00   0.000000000000000E+00   0.000000000000000E+00  -9.338876287701728E-05   1.638454126903989E-04   7.643419353716776E-05  -1.089923341209306E-04  -1.223990328200205E-04   1.286245930221812E-04   1.816810934206744E-04   7.963937703962358E-05   2.642560882368538E-05   0.000000000000000E+00   0.000000000000000E+00   0.000000000000000E+00   0.000000000000000E+00   0.000000000000000E+00   0.000000000000000E+00  -2.323077326451311E-05  -6.617308350971068E-05   9.257753374918102E-05   9.350904103159411E-05  -3.470870471247212E-05  -3.520249103830320E-06   5.438107586993098E-06   1.596035977010913E-05   7.573989341591247E-06   0.000000000000000E+00   7.020909129751838E-07  -1.422018650714352E-06  -1.971260393244282E-06  -1.649519406054999E-06   2.277362963629794E-06   6.665371170583670E-08   2.427530005166395E-07   1.672410562418166E-06  -4.127836304167821E-06   1.525123885718035E-07   8.158016596312806E-09   1.874719811740630E-08   1.615228700051699E-06   1.529766622715718E-08  -1.827252467221883E-06   8.248257449820044E-07   2.919464104641802E-02   1.665131198549898E-02  -5.739913301665170E-03   3.025069034814003E-02   1.138453524393204E-03   8.752775275401271E-04  -7.053504983153990E-04   1.624133070191441E-03   1.078908285742342E-01   5.052152284225617E-02  -8.739190641030148E-02   2.150674723933496E-02   1.469775567030606E-02   6.730831357804696E-03   9.125986557592770E-03   1.585767047843481E-02   1.303322867252345E-04   1.036982813645019E-04  -1.643851862935528E-04   1.649967114937559E-04  -6.882240780250559E-05   7.366467847090791E-03   3.002441660020156E-03  -9.980027523803843E-03  -1.697585720313127E-03   0.000000000000000E+00   0.000000000000000E+00   0.000000000000000E+00  -1.250243842396737E-01   1.739121869669375E-02   2.878163313833739E-03   2.057623754856189E-02   6.741332722642939E-03  -6.537025065417645E-04  -6.986661152223262E-06  -2.731199242186389E-07   4.282881564051093E-07   1.009037811481474E-06   3.589888924853642E-04   2.151813273008016E-04  -5.802322467261362E-04   2.120430112343375E-04   5.506654313653696E-04   1.318242832218555E-01   1.704855317727567E-02  -2.424632213962793E-03   2.135409222249004E-02  -6.666204007840532E-02   4.767304981674584E-04   2.883780429541576E-05   8.328544897331547E-04   1.731158202671554E-04  -1.916419926617777E-06  -2.297772807869989E-06   4.857127987922531E-06  -3.513971960906072E-06   7.626879833654975E-06   2.414420680352704E-06   3.414148746134638E-06  -1.203885995492215E-05   3.869398782843140E-06  -6.721370599721561E-03   3.259226187559180E-03  -9.046968704182798E-03  -2.333836130336770E-03   2.023085415914840E-05  -3.965104567924839E-06   4.213089063646033E-05  -1.675784034032887E-05  -3.301971918396129E-05  -2.853853133845438E-06  -1.369856434187487E-06   3.972831030962774E-06  -1.092182449838760E-06   0.000000000000000E+00  -3.932198119876308E-07   5.957245209925359E-03  -1.157712513945230E-04   5.553884934441227E-05  -2.168516775203773E-04  -7.693758950351372E-05  -1.300962292880516E-06   3.157152851445534E-08  -3.358407217851307E-07   1.486435004710896E-06   0.000000000000000E+00  -1.363510960126371E-06   3.382504329083629E-06  -9.468706109610184E-06   2.999792300066833E-06   6.581898120286088E-08  -5.407548997619662E-08   3.071519882904521E-07   1.752213280041455E-07   2.565284067674036E-06   1.315468640721561E-06  -6.667140163295570E-07   2.307012627479693E-06   2.216831310110996E-07   1.368917972737976E-06   0.000000000000000E+00   0.000000000000000E+00
   7.626588249365631E-08  -5.513609525030397E-06  -7.105173382409251E-07  -6.942795770271746E-06  -4.534366141533587E-06   5.158491850915948E-07  -7.506220012348427E-08   7.731562369865568E-07   3.943202132709030E-06  -8.410084613349282E-06  -5.278034435318896E-07  -6.600249728775996E-06  -3.598988570609801E-07  -4.253199964787472E-06  -2.295364342508215E-06  -6.808380582004219E-06  -8.357200238137834E-08   2.579388846812457E-08  -1.020781466619325E-08   3.189404746211094E-08   0.000000000000000E+00  -4.657501419563517E-07  -6.810472431411420E-06   1.277911698480475E-06  -4.374788845190290E-06   4.893852905083404E-06  -2.349656036122242E-06  -6.939079640500905E-07  -1.350524771948564E-06   2.946688048615241E-06  -5.862482516073021E-06  -5.063713063931848E-06  -7.588153095855160E-06   2.436934424450427E-10   0.000000000000000E+00   0.000000000000000E+00   0.000000000000000E+00   0.000000000000000E+00  -4.169593669533201E-06   9.651342348725796E-07  -3.770843132346719E-07   7.975820149507218E-07  -9.222457002441904E-07  -1.237700135832107E-05   5.260955475871679E-06  -3.937702906753971E-06  -2.650821694840438E-06  -2.899778214381277E-06  -1.451285621395244E-06  -2.668532009069114E-06  -4.257305569842163E-06  -4.581742846656318E-06   0.000000000000000E+00   0.000000000000000E+00   0.000000000000000E+00   0.000000000000000E+00   0.000000000000000E+00   0.000000000000000E+00   0.000000000000000E+00   0.000000000000000E+00   0.000000000000000E+00   5.199397529181953E-06  -5.438904699583395E-06  -5.219150273298245E-06  -2.618954493533684E-06  -2.382965155529699E-06  -1.946521098724548E-06  -4.015819043876751E-06  -2.665319222004880E-06   0.000000000000000E+00   0.000000000000000E+00   0.000000000000000E+00   0.000000000000000E+00   0.000000000000000E+00   0.000000000000000E+00   0.000000000000000E+00  -1.244318610111827E-05   7.575018545896538E-07  -4.863914376476424E-06  -7.559117717129499E-06  -3.219481433565972E-06  -2.974264346712159E-15   3.639547036555050E-16   1.310080377350461E-15   7.401616117775743E-16   0.000000000000000E+00  -4.288911242765228E-06  -1.668031112217769E-07  -3.149773666731543E-07  -6.174206709223488E-08   0.000000000000000E+00   0.000000000000000E+00   0.000000000000000E+00   0.000000000000000E+00   0.000000000000000E+00   0.000000000000000E+00   0.000000000000000E+00   0.000000000000000E+00   0.000000000000000E+00   0.000000000000000E+00   0.000000000000000E+00   0.000000000000000E+00  -1.716627850280817E-02  -6.480474500111687E-03   2.220511662225574E-02  -7.769544207832220E-03  -4.365817158476898E-04  -2.679107258086657E-04   6.987196380274012E-04  -3.897954867806393E-04  -6.542332835646009E-03  -8.583523693033068E-04   1.012550201630825E-02   1.479566826490922E-03  -1.567805562062065E-01  -5.908988682331057E-02   9.986807046223821E-02  -1.083853410981568E-01   1.491142945430643E-06  -2.344658063719161E-06   7.843997557164020E-06  -2.836477959605460E-06   1.295712083146900E-04  -7.519701617505403E-05  -1.657338994319050E-05   1.686041386184963E-04   2.118181325279560E-05  -2.223893897738676E-02   3.504893252075974E-03   2.505678388381849E-02   1.739121869669375E-02  -2.793737580617466E-01   0.000000000000000E+00   0.000000000000000E+00   0.000000000000000E+00   2.954030766673708E-02  -1.347846176261732E-06   1.979321809489382E-06  -5.550174253816057E-06   2.689805038163362E-06   4.472251012537242E-06   3.273216237250904E-07  -1.858207075441694E-06   1.619413172234296E-07  -6.816815400791365E-06   1.187839543685293E-03  -1.571625416701697E-01   4.914953099747058E-02   6.422445041440313E-02   1.372094274043398E-01  -1.479747116536347E-01   1.656664120578529E-02  -1.504867316215923E-01  -1.266091545060084E-02   0.000000000000000E+00   0.000000000000000E+00   0.000000000000000E+00   0.000000000000000E+00   1.916373388514491E-06  -3.336739466499749E-06   4.176897948329255E-07  -2.662701285226686E-06   1.159416419660723E-07  -2.233899063427354E-02   1.410991217848489E-02  -4.207186642833175E-03   2.709811010942166E-02  -1.548803888732700E-02   5.910180986963168E-03  -2.027399366389342E-02   7.129716851827101E-03   2.771286754638157E-02   0.000000000000000E+00   0.000000000000000E+00   0.000000000000000E+00   0.000000000000000E+00   0.000000000000000E+00   0.000000000000000E+00   1.186220519105404E-03  -6.565778447416839E-03   4.347141250738981E-03  -6.172622163373231E-03   7.021050839296092E-03  -3.462417625865418E-04   1.420738942546530E-04  -6.564245366554051E-04   1.114218117371379E-04   0.000000000000000E+00  -7.452881167897382E-05   7.508279890391067E-05  -1.030710383452034E-04   1.120077472488757E-04   2.226095137375361E-06   1.907126453232279E-06  -6.137759465472930E-06   2.059914064385789E-06   8.569839086048905E-05   4.513266914851087E-06  -6.232022000577747E-07   1.250295155455895E-06  -8.376422150375680E-07  -4.907233948558470E-06  -4.555962302653682E-06  -2.890242960252794E-07
   5.513913031434748E-06  -2.973030412064798E-06  -5.314314879731059E-07  -5.192864534486290E-06  -5.156130552602058E-07  -3.112236575361573E-06   4.177398330683510E-07  -4.302806963334269E-06   8.410756459381177E-06   1.093757816571618E-06  -3.457921113639389E-08  -4.324174685125603E-07   4.251582676788579E-06  -1.849432059550481E-06  -1.568959537496676E-06  -4.653759514870770E-06  -2.579368535143353E-08  -5.876954914676603E-08   2.037069079069571E-08  -6.364768563698125E-08   0.000000000000000E+00   6.808047127836289E-06  -6.757889657127972E-06   1.461733875699543E-06  -5.004083663723371E-06   2.346576089580803E-06   1.645721311028003E-05   4.602272955361658E-06   8.957216166258288E-06   5.862835924350495E-06   2.224533046966886E-07  -1.174453179743185E-06  -1.759959622373487E-06  -1.919966669205318E-10   0.000000000000000E+00   0.000000000000000E+00   0.000000000000000E+00   0.000000000000000E+00  -9.651404115490733E-07  -4.635949703598095E-06   1.704411541226052E-06  -3.605050498375772E-06  -9.933381375129512E-06   1.174781315706658E-06   3.938191279002118E-06   9.268469693067646E-06   5.433185539114127E-06   5.943452587429834E-06   2.667766505749378E-06  -1.050930320070147E-06  -2.966584511122208E-06  -3.192659568323992E-06   0.000000000000000E+00   0.000000000000000E+00   0.000000000000000E+00   0.000000000000000E+00   0.000000000000000E+00   0.000000000000000E+00   0.000000000000000E+00   0.000000000000000E+00   0.000000000000000E+00   5.436076989288843E-06   5.984874062227239E-06   4.355316813763405E-06   2.185485365026712E-06   1.946511734259128E-06  -1.165249444056321E-06  -3.576581284314342E-06  -2.373794920037857E-06   0.000000000000000E+00   0.000000000000000E+00   0.000000000000000E+00   0.000000000000000E+00   0.000000000000000E+00   0.000000000000000E+00   0.000000000000000E+00  -3.952702471905637E-06   4.863970131692677E-06  -1.232563171415464E-06  -3.891273193717167E-06  -1.657320638322156E-06  -3.639096281864001E-16  -5.321373862631363E-16  -9.655014327277283E-16  -5.454833985580277E-16   0.000000000000000E+00   1.668132422753683E-07  -2.327488746813359E-06  -4.236963156800290E-06  -8.305322577858321E-07   0.000000000000000E+00   0.000000000000000E+00   0.000000000000000E+00   0.000000000000000E+00   0.000000000000000E+00   0.000000000000000E+00   0.000000000000000E+00   0.000000000000000E+00   0.000000000000000E+00   0.000000000000000E+00   0.000000000000000E+00   0.000000000000000E+00   6.480474347246063E-03  -3.177921143427342E-03  -8.750145252512481E-03   3.061665539563494E-03   2.679105388385928E-04   3.396596115290342E-05  -4.311143045175778E-04   2.405062074138180E-04   8.583521505813687E-04  -1.980988560298729E-03  -1.369403799693749E-03  -2.001011338335809E-04   5.908977576449163E-02  -4.230700331404633E-02  -4.711461992150296E-02   5.113280077673052E-02   2.344658191117742E-06   2.518754070639703E-06  -1.048068364145422E-05   3.789933376946458E-06  -9.908571735279234E-05   1.657338402926224E-05  -2.007975365295360E-05  -3.437269222638818E-05  -4.318256679230184E-06  -3.504891210328934E-03  -6.960020009779092E-03   4.146777600512674E-03   2.878163313833739E-03   0.000000000000000E+00  -1.241052037459304E-01   0.000000000000000E+00   0.000000000000000E+00  -1.444201081909979E-02  -1.979319946509960E-06  -2.768985121271715E-07   2.923396077729944E-06  -1.416778129626923E-06  -3.273205960242713E-07   1.375728156486870E-06  -3.798027328725868E-06   3.309951601159693E-07  -3.194285554022131E-07   3.568473032054791E-04  -4.914951817959053E-02  -5.117722034404970E-02   2.513831279653176E-02   5.370561339906434E-02  -1.656660874008041E-02  -6.275571911005411E-02  -2.078338995190795E-02  -1.748571054221885E-03   0.000000000000000E+00   0.000000000000000E+00   0.000000000000000E+00   0.000000000000000E+00   2.010443360899839E-06  -4.176895851111312E-07  -4.397630158621406E-08   1.722998958128069E-06  -7.502431062003005E-08  -1.410990654915737E-02   1.781752176863866E-03  -2.791119702949953E-03   1.797735053374792E-02  -5.910180507496714E-03  -2.796892560047749E-03  -8.061653962525008E-03   2.835026540063312E-03  -2.948847162271580E-03   0.000000000000000E+00   0.000000000000000E+00   0.000000000000000E+00   0.000000000000000E+00   0.000000000000000E+00   0.000000000000000E+00   9.805691916918925E-04  -4.347139521034127E-03   8.616663846573801E-04  -4.213707402482125E-03   4.792882686112410E-03  -1.420738097994867E-04  -4.579989511342726E-05  -2.691907378260064E-04   4.569256332838142E-05   0.000000000000000E+00  -7.508279211480488E-05   4.650665078066354E-05  -9.585557129509586E-05   1.041666677118259E-04  -1.907126696549918E-06   2.820385246443997E-06  -1.020981348962684E-05   3.426549789112266E-06   2.144684479365580E-05   6.231966934288447E-07   4.137307719063582E-06  -6.903596491662011E-06   4.625102986096742E-06   1.025168843835611E-05  -3.037187520696388E-06  -4.385307037205679E-06
   7.105564499265786E-07  -5.314314879731059E-07   1.082390678586507E-06  -6.691841832721292E-07   7.502784042074346E-08   4.177398330683510E-07  -3.021935424203658E-07   6.261096590026993E-07   5.278456075130455E-07  -3.457921113639389E-08   1.642577059526711E-06  -2.713782790746258E-08   2.294491525515137E-06  -1.568959537496676E-06   2.110395453020773E-07  -2.511538074268856E-06   1.020773428368170E-08   2.037069079069571E-08  -1.535693508257509E-08   2.518828364003056E-08   0.000000000000000E+00  -1.277456616422330E-06   1.461733875699543E-06   7.579617486098129E-07   9.389623287443306E-07   6.929983843494461E-07   4.602272955361658E-06   2.232519976352431E-06   2.645273834949297E-06   5.064018319957198E-06  -1.174453179743185E-06   5.677365276897836E-07  -1.520163259740489E-06  -1.370826093333616E-10   0.000000000000000E+00   0.000000000000000E+00   0.000000000000000E+00   0.000000000000000E+00   3.770867265029298E-07   1.704411541226052E-06  -9.394922509878216E-07   1.408517014771332E-06   1.999395906715971E-06   2.724102669649372E-07   2.651150462089059E-06   5.433185539114127E-06   4.855228066430031E-06   4.001072054976880E-06   4.256084306040280E-06  -2.966584511122208E-06  -3.924248970835453E-06  -5.093484851087495E-06   0.000000000000000E+00   0.000000000000000E+00   0.000000000000000E+00   0.000000000000000E+00   0.000000000000000E+00   0.000000000000000E+00   0.000000000000000E+00   0.000000000000000E+00   0.000000000000000E+00   5.216436814289163E-06   4.355316813763405E-06   5.625518734102535E-06   2.097182644336860E-06   4.015799724282120E-06  -3.576581284314342E-06  -6.810388235700127E-06  -4.897316988956455E-06   0.000000000000000E+00   0.000000000000000E+00   0.000000000000000E+00   0.000000000000000E+00   0.000000000000000E+00   0.000000000000000E+00   0.000000000000000E+00  -3.159703929208142E-06   7.559204367553494E-06  -3.891273193717167E-06  -4.776237774251831E-06  -2.575678934788523E-06  -1.309918125050982E-15  -9.655014327277283E-16  -3.739300339847167E-15  -1.963505594085495E-15   0.000000000000000E+00   3.149964973270041E-07  -4.236963156800290E-06  -8.084447854280990E-06  -1.568309257413526E-06   0.000000000000000E+00   0.000000000000000E+00   0.000000000000000E+00   0.000000000000000E+00   0.000000000000000E+00   0.000000000000000E+00   0.000000000000000E+00   0.000000000000000E+00   0.000000000000000E+00   0.000000000000000E+00   0.000000000000000E+00   0.000000000000000E+00  -2.220511609846709E-02  -8.750145252512481E-03   2.425044711545881E-02  -1.049068866225417E-02  -6.987191504035432E-04  -4.311143045175778E-04   9.930231272419386E-04  -6.272477881588807E-04  -1.012549943616809E-02  -1.369403799693749E-03   1.405701467380501E-02   2.360480970935074E-03  -9.986788276125329E-02  -4.711461992150296E-02   9.444864075679441E-03  -8.641976530047470E-02  -7.843997983372927E-06  -1.048068364145422E-05   3.444883805023607E-05  -1.267913160157207E-05   1.722054890246389E-04  -1.686040784550185E-04  -3.437269222638818E-05   3.262212001506858E-04   4.393041799117976E-05  -2.505676928719295E-02   4.146777600512674E-03   2.210560736431036E-02   2.057623754856189E-02   0.000000000000000E+00   0.000000000000000E+00  -1.241052037459304E-01   0.000000000000000E+00   8.070541523949228E-03   5.550169029875020E-06   2.923396077729944E-06  -7.431780031892169E-06   3.972757467091001E-06   1.858201241177181E-06  -3.798027328725868E-06   2.226813569218700E-05  -1.879061766420365E-06   1.535298448616795E-05   1.468082331977378E-03  -6.422443366508150E-02   2.513831279653176E-02  -3.756638598236454E-02   7.017795357804781E-02   1.504864367122165E-01  -2.078338995190795E-02   1.237467956234956E-01   1.588353002213162E-02   0.000000000000000E+00   0.000000000000000E+00   0.000000000000000E+00   0.000000000000000E+00  -4.472733277645367E-06   2.662699948285975E-06   1.722998958128069E-06  -1.075751956378790E-05   4.782671992048702E-07   4.207184964322971E-03  -2.791119702949953E-03  -6.746770402508555E-03  -5.360350091649942E-03   2.027399201915532E-02  -8.061653962525008E-03   2.250731187020929E-02  -9.725135361674750E-03  -2.983137911902406E-02   0.000000000000000E+00   0.000000000000000E+00   0.000000000000000E+00   0.000000000000000E+00   0.000000000000000E+00   0.000000000000000E+00   9.893032962152357E-05   6.172619707319031E-03  -4.213707402482125E-03   3.877269605521704E-03  -6.805542352624525E-03   6.564241464468893E-04  -2.691907378260064E-04   1.139680498102910E-03  -2.111135185586581E-04   0.000000000000000E+00   1.030710290253566E-04  -9.585557129509586E-05   1.082671811355618E-04  -1.429963554736165E-04   6.137760248549030E-06  -1.020981348962684E-05   3.250652294127139E-05  -1.102776292908804E-05  -1.817672135956586E-04  -1.250284107819232E-06  -6.903596491662011E-06   1.454654430721244E-05  -9.279081262012963E-06  -9.311101862975941E-06   1.080470152088599E-05   7.767353601184898E-06
   6.943177948764949E-06  -5.192864534486290E-06  -6.691841832721292E-07  -5.388036085836356E-06  -7.728023249185472E-07  -4.302806963334269E-06   6.261096590026993E-07  -6.690466829537450E-06   6.600776994766015E-06  -4.324174685125603E-07  -2.713782790746258E-08   1.305385178240005E-06   6.805791681341580E-06  -4.653759514870770E-06  -2.511538074268856E-06  -6.391808279784547E-06  -3.189379630907551E-08  -6.364768563698125E-08   2.518828364003056E-08  -8.599545368349402E-08   0.000000000000000E+00   4.373230922280604E-06  -5.004083663723371E-06   9.389623287443306E-07  -2.182192957880133E-06   1.348754494071060E-06   8.957216166258288E-06   2.645273834949297E-06   6.021750538995074E-06   7.588610532804005E-06  -1.759959622373487E-06  -1.520163259740489E-06  -6.958491849399678E-07  -4.383141444521624E-10   0.000000000000000E+00   0.000000000000000E+00   0.000000000000000E+00   0.000000000000000E+00  -7.975871193247100E-07  -3.605050498375772E-06   1.408517014771332E-06  -3.252762783035559E-06  -4.202300247026444E-06   3.729406121349202E-07   2.900137858376575E-06   5.943452587429834E-06   4.001072054976880E-06   5.574502297912058E-06   4.580428513776903E-06  -3.192659568323992E-06  -5.093484851087495E-06  -4.673083299814071E-06   0.000000000000000E+00   0.000000000000000E+00   0.000000000000000E+00   0.000000000000000E+00   0.000000000000000E+00   0.000000000000000E+00   0.000000000000000E+00   0.000000000000000E+00   0.000000000000000E+00   2.617592887660557E-06   2.185485365026712E-06   2.097182644336860E-06   2.498535056144799E-06   2.665306399493116E-06  -2.373794920037857E-06  -4.897316988956455E-06  -2.682006576074749E-06   0.000000000000000E+00   0.000000000000000E+00   0.000000000000000E+00   0.000000000000000E+00   0.000000000000000E+00   0.000000000000000E+00   0.000000000000000E+00  -8.222554484729516E-07   3.219518338591360E-06  -1.657320638322156E-06  -2.575678934788523E-06   1.742768221252050E-07  -7.400699434146455E-16  -5.454833985580277E-16  -1.963505594085495E-15  -1.373240494496658E-15   0.000000000000000E+00   6.174581709537316E-08  -8.305322577858321E-07  -1.568309257413526E-06  -3.911338025337605E-07   0.000000000000000E+00   0.000000000000000E+00   0.000000000000000E+00   0.000000000000000E+00   0.000000000000000E+00   0.000000000000000E+00   0.000000000000000E+00   0.000000000000000E+00   0.000000000000000E+00   0.000000000000000E+00   0.000000000000000E+00   0.000000000000000E+00   7.769544024559184E-03   3.061665539563494E-03  -1.049068866225417E-02  -2.060936415414331E-03   3.897952147493856E-04   2.405062074138180E-04  -6.272477881588807E-04   2.185868071503779E-04  -1.479566449473586E-03  -2.001011338335809E-04   2.360480970935074E-03  -1.752154637849587E-03   1.083851373890515E-01   5.113280077673052E-02  -8.641976530047470E-02   2.360633766032151E-02   2.836478113727406E-06   3.789933376946458E-06  -1.267913160157207E-05   3.970878174269486E-06  -1.721787437001464E-04  -2.118180569443100E-05  -4.318256679230184E-06   4.393041799117976E-05  -1.793951035111080E-05  -1.739120856558083E-02   2.878163313833739E-03   2.057623754856189E-02   6.741332722642939E-03   0.000000000000000E+00   0.000000000000000E+00   0.000000000000000E+00  -1.241052037459304E-01  -3.216279514960866E-02  -2.689802506462143E-06  -1.416778129626923E-06   3.972757467091001E-06  -1.159681864845720E-06  -1.619408087717652E-07   3.309951601159693E-07  -1.879061766420365E-06   8.704676034511666E-07   4.948654601287771E-06   1.439348432654403E-03  -1.372093916210079E-01   5.370561339906434E-02   7.017795357804781E-02   7.951351330452786E-02   1.266089063896042E-02  -1.748571054221885E-03   1.588353002213162E-02  -6.370737067536292E-02   0.000000000000000E+00   0.000000000000000E+00   0.000000000000000E+00   0.000000000000000E+00   3.185852919021900E-06  -1.159415837518437E-07  -7.502431062003005E-08   4.782671992048702E-07   2.054801435016481E-07  -2.709809929828867E-02   1.797735053374792E-02  -5.360350091649942E-03   2.694652667068563E-02  -7.129716273425175E-03   2.835026540063312E-03  -9.725135361674750E-03  -1.726968801500277E-03  -1.664932570839132E-02   0.000000000000000E+00   0.000000000000000E+00   0.000000000000000E+00   0.000000000000000E+00   0.000000000000000E+00   0.000000000000000E+00   1.837058691075613E-03  -7.021048045656544E-03   4.792882686112410E-03  -6.805542352624525E-03   5.635079822097307E-03  -1.114217455029596E-04   4.569256332838142E-05  -2.111135185586581E-04  -6.822795024864379E-05   0.000000000000000E+00  -1.120077371209575E-04   1.041666677118259E-04  -1.429963554736165E-04   1.320747715605441E-04  -2.059914327196589E-06   3.426549789112266E-06  -1.102776292908804E-05   3.349053498427304E-06  -1.347145822314487E-05   8.376348136117486E-07   4.625102986096742E-06  -9.279081262012963E-06   6.912823280143944E-06   1.552440723696636E-05  -2.526834243906450E-06  -5.651877292144332E-06
   0.000000000000000E+00   0.000000000000000E+00   0.000000000000000E+00   0.000000000000000E+00   0.000000000000000E+00   0.000000000000000E+00   0.000000000000000E+00   0.000000000000000E+00   0.000000000000000E+00   0.000000000000000E+00   0.000000000000000E+00   0.000000000000000E+00   0.000000000000000E+00   0.000000000000000E+00   0.000000000000000E+00   0.000000000000000E+00   0.000000000000000E+00   0.000000000000000E+00   0.000000000000000E+00   0.000000000000000E+00   0.000000000000000E+00   0.000000000000000E+00   0.000000000000000E+00   0.000000000000000E+00   0.000000000000000E+00   0.000000000000000E+00   0.000000000000000E+00   0.000000000000000E+00   0.000000000000000E+00   0.000000000000000E+00   0.000000000000000E+00   0.000000000000000E+00   0.000000000000000E+00   0.000000000000000E+00   0.000000000000000E+00   0.000000000000000E+00   0.000000000000000E+00   0.000000000000000E+00   0.000000000000000E+00   0.000000000000000E+00   0.000000000000000E+00   0.000000000000000E+00   0.000000000000000E+00   0.000000000000000E+00   0.000000000000000E+00   0.000000000000000E+00   0.000000000000000E+00   0.000000000000000E+00   0.000000000000000E+00   0.000000000000000E+00   0.000000000000000E+00   0.000000000000000E+00   0.000000000000000E+00   0.000000000000000E+00   0.000000000000000E+00   0.000000000000000E+00   0.000000000000000E+00   0.000000000000000E+00   0.000000000000000E+00   0.000000000000000E+00   0.000000000000000E+00   1.370832881964646E-06   2.390552412536048E-06   1.619697603931828E-06   1.926211367620378E-06   0.000000000000000E+00   0.000000000000000E+00   0.000000000000000E+00   0.000000000000000E+00   0.000000000000000E+00   0.000000000000000E+00   0.000000000000000E+00   0.000000000000000E+00   0.000000000000000E+00   0.000000000000000E+00   0.000000000000000E+00   0.000000000000000E+00   0.000000000000000E+00   0.000000000000000E+00   0.000000000000000E+00   0.000000000000000E+00   0.000000000000000E+00   0.000000000000000E+00   0.000000000000000E+00   0.000000000000000E+00   0.000000000000000E+00   0.000000000000000E+00   0.000000000000000E+00   0.000000000000000E+00   0.000000000000000E+00   0.000000000000000E+00   0.000000000000000E+00   0.000000000000000E+00   0.000000000000000E+00   0.000000000000000E+00   0.000000000000000E+00   0.000000000000000E+00   0.000000000000000E+00   0.000000000000000E+00   0.000000000000000E+00   0.000000000000000E+00   0.000000000000000E+00   2.962819476153867E-02  -3.091605311205481E-03  -3.093332215056301E-02  -1.859480366537214E-02   7.614446524100395E-03   1.500530401478371E-03  -1.110267068675706E-02  -5.255171650956678E-04   1.271763704199711E-03  -3.996303709880978E-04  -1.569218641755350E-03  -1.520184926293595E-03   1.805518627334355E-01  -4.694447832352931E-02  -5.866194183356978E-02  -1.340228807142232E-01   1.159773014584586E-04   2.962914960675695E-05  -2.356150287997272E-04  -1.398202480792958E-05  -1.047493795046016E-02   2.180084903541027E-05  -6.449465868335341E-06  -5.707204069285941E-05  -3.648376597546433E-05   4.016213942719340E-04  -2.257696437405039E-04  -2.991344995936066E-04  -6.537025065417645E-04   2.954030766673708E-02  -1.444201081909979E-02   8.070541523949228E-03  -3.216279514960866E-02  -1.430029314740220E-01  -1.020684058608062E-05   1.403172825355799E-06  -6.393478509237207E-06   9.561782715574115E-07  -4.400984404903322E-06   2.445905767499872E-07  -1.968234809812059E-05  -6.070651508664162E-06   9.408435989351276E-06   1.734283165451956E-06   1.336326604430313E-03  -8.886837563513057E-04  -6.353308540125194E-05  -2.148666511458574E-03   6.361410509034076E-03  -3.457995999531953E-03   6.537682857249885E-03  -6.085133558310077E-03   1.950724754005119E-06  -1.380194106065827E-06   7.455451265238009E-06  -6.712401913919594E-07   5.549906287005556E-06  -2.305600735164489E-07  -2.854036502432901E-07   9.645734675573075E-06   2.544067138976547E-06   2.215555059519083E-05  -2.973819429304175E-05   1.224362793416644E-05  -6.108306893209351E-05   9.330228937622494E-05  -7.186932952665153E-05   1.318223648055338E-04  -1.274745662635889E-04  -7.597617594453634E-03   0.000000000000000E+00   0.000000000000000E+00   0.000000000000000E+00   0.000000000000000E+00   0.000000000000000E+00   0.000000000000000E+00   9.697661827716459E-06  -5.157829013931512E-06  -8.222404794009197E-06   8.772201058693418E-06  -1.534297017553293E-05  -1.130569406524137E-05  -1.145039234391488E-06   2.912955824346302E-06  -1.742560417035049E-06   0.000000000000000E+00  -6.184589195784460E-09   4.422715914302394E-06  -4.965618370728729E-06   7.596579463351707E-06   1.987734373483427E-06   2.146676220699674E-06  -4.782895862203134E-06   3.235416077673871E-06   6.988227420730764E-06   0.000000000000000E+00   0.000000000000000E+00   0.000000000000000E+00   0.000000000000000E+00   0.000000000000000E+00   0.000000000000000E+00   0.000000000000000E+00
   0.000000000000000E+00   0.000000000000000E+00   0.000000000000000E+00   0.000000000000000E+00   0.000000000000000E+00   0.000000000000000E+00   0.000000000000000E+00   0.000000000000000E+00   0.000000000000000E+00   0.000000000000000E+00   0.000000000000000E+00   0.000000000000000E+00   0.000000000000000E+00   0.000000000000000E+00   0.000000000000000E+00   0.000000000000000E+00   0.000000000000000E+00   0.000000000000000E+00   0.000000000000000E+00   0.000000000000000E+00   0.000000000000000E+00   0.000000000000000E+00   0.000000000000000E+00   0.000000000000000E+00   0.000000000000000E+00   0.000000000000000E+00   0.000000000000000E+00   0.000000000000000E+00   0.000000000000000E+00   0.000000000000000E+00   0.000000000000000E+00   0.000000000000000E+00   0.000000000000000E+00   0.000000000000000E+00   0.000000000000000E+00   0.000000000000000E+00   0.000000000000000E+00   0.000000000000000E+00   0.000000000000000E+00   0.000000000000000E+00   0.000000000000000E+00   0.000000000000000E+00   0.000000000000000E+00   0.000000000000000E+00   0.000000000000000E+00   0.000000000000000E+00   0.000000000000000E+00   0.000000000000000E+00   0.000000000000000E+00   0.000000000000000E+00   0.000000000000000E+00   0.000000000000000E+00   0.000000000000000E+00   0.000000000000000E+00   0.000000000000000E+00   0.000000000000000E+00   0.000000000000000E+00   0.000000000000000E+00   0.000000000000000E+00   0.000000000000000E+00   0.000000000000000E+00   0.000000000000000E+00   0.000000000000000E+00   0.000000000000000E+00   0.000000000000000E+00  -2.415844418850313E-09   7.345832391369441E-10  -7.340775824465617E-11   1.002476023793306E-09   0.000000000000000E+00   0.000000000000000E+00   0.000000000000000E+00   0.000000000000000E+00   0.000000000000000E+00   0.000000000000000E+00   0.000000000000000E+00   0.000000000000000E+00  -4.470055634886723E-06   3.321218438340243E-07  -4.059129171215943E-08   3.088805771857385E-07  -9.526759234451726E-07   2.272872752290910E-07   5.167698674668123E-08   3.814690735800659E-07   0.000000000000000E+00  -1.654459149212982E-06  -5.022963360027047E-06  -5.141271274739589E-07  -3.749620553484144E-06  -3.531469997344802E-06  -1.352887854417172E-06  -6.824499357190735E-07  -1.934099655709220E-06   0.000000000000000E+00  -9.958665918120618E-07  -5.183245021901176E-06  -1.989639667849183E-06  -4.733345547987868E-06   2.401227288728906E-07   3.615913406242994E-09  -2.390291525592448E-06  -3.881763675092645E-04   2.490393656309323E-04  -6.167695691088709E-04   3.594037352488966E-04  -1.616680503276641E-02   6.595921560252645E-03  -2.065840234253749E-02   7.904494553121711E-03  -7.220901765743483E-05   6.430915137840394E-05  -9.767461664404800E-05   1.157275830749150E-04   1.730732073956054E-06   2.187060960874490E-06  -7.032255650499233E-06   2.588301368579272E-06  -1.478039310637834E-01   6.047986518133334E-02  -9.189290044250434E-02   1.036000883251577E-01   6.437809255066936E-03  -6.349380278251349E-04   4.899757008993653E-04  -3.744603327858475E-04   1.023511593376388E-03   3.579245595988061E-06  -3.867804651192519E-06   6.065229141130897E-06  -6.986661152223262E-06  -1.347846176261732E-06  -1.979319946509960E-06   5.550169029875020E-06  -2.689802506462143E-06  -1.020684058608062E-05  -2.719487169876321E-01   0.000000000000000E+00   0.000000000000000E+00   0.000000000000000E+00  -2.078106370344824E-02   1.221680020311536E-02  -3.337899904279540E-03   2.590279760906164E-02   1.431785956291425E-05   6.397193754756841E-07  -3.261880995903900E-06  -1.004044247936586E-06   2.060945005851076E-06  -1.627402966040133E-06   0.000000000000000E+00   0.000000000000000E+00   0.000000000000000E+00   0.000000000000000E+00  -1.546678151276236E-01  -9.730597086073238E-03   1.549682264593228E-01   1.890393826478158E-02   1.773568748490483E-01  -9.344844998471541E-03   4.655861072670685E-03   5.791733996352199E-03   1.203480606459284E-02   0.000000000000000E+00   0.000000000000000E+00   0.000000000000000E+00   0.000000000000000E+00   0.000000000000000E+00   0.000000000000000E+00   0.000000000000000E+00   0.000000000000000E+00   0.000000000000000E+00  -2.143611538323936E-02   4.178562920203761E-03   2.399228311421631E-02   1.686196338888064E-02   2.763130280170762E-02   2.721538779789633E-04   0.000000000000000E+00   0.000000000000000E+00   0.000000000000000E+00   0.000000000000000E+00   0.000000000000000E+00   0.000000000000000E+00   0.000000000000000E+00   0.000000000000000E+00   0.000000000000000E+00   1.111474857711536E-03   0.000000000000000E+00   0.000000000000000E+00   0.000000000000000E+00   0.000000000000000E+00   0.000000000000000E+00   0.000000000000000E+00   0.000000000000000E+00   0.000000000000000E+00   0.000000000000000E+00   0.000000000000000E+00   0.000000000000000E+00   0.000000000000000E+00   0.000000000000000E+00   0.000000000000000E+00   0.000000000000000E+00   0.000000000000000E+00
   0.000000000000000E+00   0.000000000000000E+00   0.000000000000000E+00   0.000000000000000E+00   0.000000000000000E+00   0.000000000000000E+00   0.000000000000000E+00   0.000000000000000E+00   0.000000000000000E+00   0.000000000000000E+00   0.000000000000000E+00   0.000000000000000E+00   0.000000000000000E+00   0.000000000000000E+00   0.000000000000000E+00   0.000000000000000E+00   0.000000000000000E+00   0.000000000000000E+00   0.000000000000000E+00   0.000000000000000E+00   0.000000000000000E+00   0.000000000000000E+00   0.000000000000000E+00   0.000000000000000E+00   0.000000000000000E+00   0.000000000000000E+00   0.000000000000000E+00   0.000000000000000E+00   0.000000000000000E+00   0.000000000000000E+00   0.000000000000000E+00   0.000000000000000E+00   0.000000000000000E+00   0.000000000000000E+00   0.000000000000000E+00   0.000000000000000E+00   0.000000000000000E+00   0.000000000000000E+00   0.000000000000000E+00   0.000000000000000E+00   0.000000000000000E+00   0.000000000000000E+00   0.000000000000000E+00   0.000000000000000E+00   0.000000000000000E+00   0.000000000000000E+00   0.000000000000000E+00   0.000000000000000E+00   0.000000000000000E+00   0.000000000000000E+00   0.000000000000000E+00   0.000000000000000E+00   0.000000000000000E+00   0.000000000000000E+00   0.000000000000000E+00   0.000000000000000E+00   0.000000000000000E+00   0.000000000000000E+00   0.000000000000000E+00   0.000000000000000E+00   0.000000000000000E+00   0.000000000000000E+00   0.000000000000000E+00   0.000000000000000E+00   0.000000000000000E+00  -7.345795541594896E-10  -1.588228859443460E-09   1.374942692766345E-10  -1.877658597057627E-09   0.000000000000000E+00   0.000000000000000E+00   0.000000000000000E+00   0.000000000000000E+00   0.000000000000000E+00   0.000000000000000E+00   0.000000000000000E+00   0.000000000000000E+00  -3.321303242955975E-07  -5.423174257788375E-06   6.404212984360354E-07  -4.873303902366479E-06  -2.272582309689693E-07  -4.965909471676058E-07  -9.503346937667965E-08  -7.015178671296991E-07   0.000000000000000E+00   5.022400812363708E-06  -6.826406783316409E-06  -7.737452732400227E-07  -5.643061851174046E-06   1.352818604780220E-06  -3.298455896252533E-06  -1.759782709907804E-06  -4.987318417386140E-06   0.000000000000000E+00   5.182952837913351E-06  -4.884899007950864E-06  -2.216372948350870E-06  -5.272743199324145E-06  -8.995450674686271E-06  -3.409657696040201E-09  -8.268016267369307E-06  -2.490394409006280E-04   4.365049766707140E-05  -3.968716233189722E-04   2.312648855896353E-04  -6.595917804386793E-03  -2.567803344295253E-03  -8.782747423527063E-03   3.360529919962150E-03  -6.430915994502987E-05   3.034015910658708E-05  -8.031199075992313E-05   9.515586446017732E-05  -2.187062414977662E-06   2.693963207177032E-06  -1.031307412835789E-05   3.795843781474755E-06  -6.047988851611678E-02  -3.431548287122171E-02  -4.648512653697894E-02   5.240734803066040E-02   1.370737050573541E-03  -4.899756894939037E-04   1.909896386989316E-04  -2.925927400721075E-04   7.997430845975158E-04   3.867803770930542E-06   1.351192912579936E-06   2.370996513645458E-07  -2.731199242186389E-07   1.979321809489382E-06  -2.768985121271715E-07   2.923396077729944E-06  -1.416778129626923E-06   1.403172825355799E-06   0.000000000000000E+00  -1.166806366649447E-01   0.000000000000000E+00   0.000000000000000E+00  -1.221680150955234E-02   5.221328411430752E-04  -2.055751809601916E-03   1.595306168118130E-02   2.190732961717337E-05  -3.820407001593253E-06   1.004044649024188E-06  -1.188423894668327E-06   2.937451884899685E-06  -2.319527156966439E-06   0.000000000000000E+00   0.000000000000000E+00   0.000000000000000E+00   0.000000000000000E+00   9.730599644118827E-03  -6.814545809281745E-02  -1.219503967633093E-02  -1.487622865958489E-03  -4.423750038999244E-02  -4.655861783404890E-03  -6.327539474144775E-04   2.983280313428011E-03   6.199041604990275E-03   0.000000000000000E+00   0.000000000000000E+00   0.000000000000000E+00   0.000000000000000E+00   0.000000000000000E+00   0.000000000000000E+00   0.000000000000000E+00   0.000000000000000E+00   0.000000000000000E+00  -4.178563281241963E-03  -6.380020902014323E-03   4.902814726096346E-03   3.445736365328058E-03  -7.883073203289067E-03   1.634592977928016E-04   0.000000000000000E+00   0.000000000000000E+00   0.000000000000000E+00   0.000000000000000E+00   0.000000000000000E+00   0.000000000000000E+00   0.000000000000000E+00   0.000000000000000E+00   0.000000000000000E+00   1.208001250523626E-04   0.000000000000000E+00   0.000000000000000E+00   0.000000000000000E+00   0.000000000000000E+00   0.000000000000000E+00   0.000000000000000E+00   0.000000000000000E+00   0.000000000000000E+00   0.000000000000000E+00   0.000000000000000E+00   0.000000000000000E+00   0.000000000000000E+00   0.000000000000000E+00   0.000000000000000E+00   0.000000000000000E+00   0.000000000000000E+00
   0.000000000000000E+00   0.000000000000000E+00   0.000000000000000E+00   0.000000000000000E+00   0.000000000000000E+00   0.000000000000000E+00   0.000000000000000E+00   0.000000000000000E+00   0.000000000000000E+00   0.000000000000000E+00   0.000000000000000E+00   0.000000000000000E+00   0.000000000000000E+00   0.000000000000000E+00   0.000000000000000E+00   0.000000000000000E+00   0.000000000000000E+00   0.000000000000000E+00   0.000000000000000E+00   0.000000000000000E+00   0.000000000000000E+00   0.000000000000000E+00   0.000000000000000E+00   0.000000000000000E+00   0.000000000000000E+00   0.000000000000000E+00   0.000000000000000E+00   0.000000000000000E+00   0.000000000000000E+00   0.000000000000000E+00   0.000000000000000E+00   0.000000000000000E+00   0.000000000000000E+00   0.000000000000000E+00   0.000000000000000E+00   0.000000000000000E+00   0.000000000000000E+00   0.000000000000000E+00   0.000000000000000E+00   0.000000000000000E+00   0.000000000000000E+00   0.000000000000000E+00   0.000000000000000E+00   0.000000000000000E+00   0.000000000000000E+00   0.000000000000000E+00   0.000000000000000E+00   0.000000000000000E+00   0.000000000000000E+00   0.000000000000000E+00   0.000000000000000E+00   0.000000000000000E+00   0.000000000000000E+00   0.000000000000000E+00   0.000000000000000E+00   0.000000000000000E+00   0.000000000000000E+00   0.000000000000000E+00   0.000000000000000E+00   0.000000000000000E+00   0.000000000000000E+00   0.000000000000000E+00   0.000000000000000E+00   0.000000000000000E+00   0.000000000000000E+00   7.340739000056932E-11   1.374942692766345E-10  -2.260790234925882E-10   1.876366094613695E-10   0.000000000000000E+00   0.000000000000000E+00   0.000000000000000E+00   0.000000000000000E+00   0.000000000000000E+00   0.000000000000000E+00   0.000000000000000E+00   0.000000000000000E+00   4.059232817782997E-08   6.404212984360354E-07  -2.614567975803752E-07   5.956058114678501E-07  -5.167038312206625E-08  -9.503346937667965E-08  -1.002190954077371E-07  -1.595000401394294E-07   0.000000000000000E+00   5.140695477160572E-07  -7.737452732400227E-07   6.537992703249727E-07  -5.775975199799928E-07   6.824150034738533E-07  -1.759782709907804E-06  -6.975687000649886E-07  -2.515799903327539E-06   0.000000000000000E+00   1.989527510146811E-06  -2.216372948350870E-06   3.823624763442637E-08  -2.023994425003927E-06  -6.230596396804861E-07  -3.033281871718766E-09  -4.688273550940558E-06   6.167697555213993E-04  -3.968716233189722E-04   8.662917303867934E-04  -5.727493863219803E-04   2.065839057917930E-02  -8.782747423527063E-03   2.213552862209328E-02  -1.052516748971985E-02   9.767462965528958E-05  -8.031199075992313E-05   9.944278958477061E-05  -1.445255050543552E-04   7.032260326009163E-06  -1.031307412835789E-05   3.264711743181153E-05  -1.220512110006068E-05   9.189293589729453E-02  -4.648512653697894E-02   5.719393859527066E-03  -7.962754547481252E-02  -9.556845957325238E-03   3.744603240693073E-04  -2.925927400721075E-04   3.174830265449455E-05  -6.111977819550560E-04  -6.065227760763718E-06   2.370996513645458E-07   1.130588068546126E-06   4.282881564051093E-07  -5.550174253816057E-06   2.923396077729944E-06  -7.431780031892169E-06   3.972757467091001E-06  -6.393478509237207E-06   0.000000000000000E+00   0.000000000000000E+00  -1.166806366649447E-01   0.000000000000000E+00   3.337900261227004E-03  -2.055751809601916E-03  -6.440295245790650E-03  -4.358729141285427E-03  -8.507649860465982E-06   4.613413854276621E-06  -2.060945829140978E-06   2.937451884899685E-06  -5.786907806948153E-06   4.761162588113200E-06   0.000000000000000E+00   0.000000000000000E+00   0.000000000000000E+00   0.000000000000000E+00  -1.549682671984249E-01  -1.219503967633093E-02   1.253054235224394E-01   2.369168871536880E-02  -5.904156471238052E-02  -5.791734880481556E-03   2.983280313428011E-03   6.801456677980943E-04   7.711398482049027E-03   0.000000000000000E+00   0.000000000000000E+00   0.000000000000000E+00   0.000000000000000E+00   0.000000000000000E+00   0.000000000000000E+00   0.000000000000000E+00   0.000000000000000E+00   0.000000000000000E+00  -2.399228518720909E-02   4.902814726096346E-03   2.091685051057351E-02   1.978457282865807E-02   3.173722771888664E-02   2.154567089035066E-04   0.000000000000000E+00   0.000000000000000E+00   0.000000000000000E+00   0.000000000000000E+00   0.000000000000000E+00   0.000000000000000E+00   0.000000000000000E+00   0.000000000000000E+00   0.000000000000000E+00   1.745862721918235E-03   0.000000000000000E+00   0.000000000000000E+00   0.000000000000000E+00   0.000000000000000E+00   0.000000000000000E+00   0.000000000000000E+00   0.000000000000000E+00   0.000000000000000E+00   0.000000000000000E+00   0.000000000000000E+00   0.000000000000000E+00   0.000000000000000E+00   0.000000000000000E+00   0.000000000000000E+00   0.000000000000000E+00   0.000000000000000E+00
   0.000000000000000E+00   0.000000000000000E+00   0.000000000000000E+00   0.000000000000000E+00   0.000000000000000E+00   0.000000000000000E+00   0.000000000000000E+00   0.000000000000000E+00   0.000000000000000E+00   0.000000000000000E+00   0.000000000000000E+00   0.000000000000000E+00   0.000000000000000E+00   0.000000000000000E+00   0.000000000000000E+00   0.000000000000000E+00   0.000000000000000E+00   0.000000000000000E+00   0.000000000000000E+00   0.000000000000000E+00   0.000000000000000E+00   0.000000000000000E+00   0.000000000000000E+00   0.000000000000000E+00   0.000000000000000E+00   0.000000000000000E+00   0.000000000000000E+00   0.000000000000000E+00   0.000000000000000E+00   0.000000000000000E+00   0.000000000000000E+00   0.000000000000000E+00   0.000000000000000E+00   0.000000000000000E+00   0.000000000000000E+00   0.000000000000000E+00   0.000000000000000E+00   0.000000000000000E+00   0.000000000000000E+00   0.000000000000000E+00   0.000000000000000E+00   0.000000000000000E+00   0.000000000000000E+00   0.000000000000000E+00   0.000000000000000E+00   0.000000000000000E+00   0.000000000000000E+00   0.000000000000000E+00   0.000000000000000E+00   0.000000000000000E+00   0.000000000000000E+00   0.000000000000000E+00   0.000000000000000E+00   0.000000000000000E+00   0.000000000000000E+00   0.000000000000000E+00   0.000000000000000E+00   0.000000000000000E+00   0.000000000000000E+00   0.000000000000000E+00   0.000000000000000E+00   0.000000000000000E+00   0.000000000000000E+00   0.000000000000000E+00   0.000000000000000E+00  -1.002470994953347E-09  -1.877658597057627E-09   1.876366094613695E-10  -2.774754896549824E-09   0.000000000000000E+00   0.000000000000000E+00   0.000000000000000E+00   0.000000000000000E+00   0.000000000000000E+00   0.000000000000000E+00   0.000000000000000E+00   0.000000000000000E+00  -3.088884642004415E-07  -4.873303902366479E-06   5.956058114678501E-07  -4.715464933101356E-06  -3.814203269575800E-07  -7.015178671296991E-07  -1.595000401394294E-07  -1.256008953293882E-06   0.000000000000000E+00   3.749200614071973E-06  -5.643061851174046E-06  -5.775975199799928E-07  -3.479525179588046E-06   1.934000655856019E-06  -4.987318417386140E-06  -2.515799903327539E-06  -6.939776588287033E-06   0.000000000000000E+00   4.733078725221024E-06  -5.272743199324145E-06  -2.023994425003927E-06  -3.926062550627031E-06  -4.546679158958034E-06  -5.915360261267520E-09  -6.108075493617382E-06  -3.594038438751362E-04   2.312648855896353E-04  -5.727493863219803E-04   2.171538883287922E-04  -7.904490052125011E-03   3.360529919962150E-03  -1.052516748971985E-02  -1.344774787432258E-03  -1.157275984909933E-04   9.515586446017732E-05  -1.445255050543552E-04   1.487004027251686E-04  -2.588303089453677E-06   3.795843781474755E-06  -1.220512110006068E-05   3.978787065022008E-06  -1.036001282969007E-01   5.240734803066040E-02  -7.962754547481252E-02   2.486217429517536E-02  -1.667245473058840E-04  -1.023511569551488E-03   7.997430845975158E-04  -6.111977819550560E-04   1.478721984591514E-03   6.986659562150154E-06  -2.731199242186389E-07   4.282881564051093E-07   1.009037811481474E-06   2.689805038163362E-06  -1.416778129626923E-06   3.972757467091001E-06  -1.159681864845720E-06   9.561782715574115E-07   0.000000000000000E+00   0.000000000000000E+00   0.000000000000000E+00  -1.166806366649447E-01  -2.590280037904821E-02   1.595306168118130E-02  -4.358729141285427E-03   2.682267275301454E-02   4.947506089330548E-05  -7.549761366052452E-06   1.627403616142112E-06  -2.319527156966439E-06   4.761162588113200E-06  -3.516966594956904E-06   0.000000000000000E+00   0.000000000000000E+00   0.000000000000000E+00   0.000000000000000E+00  -1.890394323437753E-02  -1.487622865958489E-03   2.369168871536880E-02  -6.602114389728063E-02  -1.314449871644943E-01  -1.203480790174996E-02   6.199041604990275E-03   7.711398482049027E-03   1.299277626302071E-02   0.000000000000000E+00   0.000000000000000E+00   0.000000000000000E+00   0.000000000000000E+00   0.000000000000000E+00   0.000000000000000E+00   0.000000000000000E+00   0.000000000000000E+00   0.000000000000000E+00  -1.686196484579611E-02   3.445736365328058E-03   1.978457282865807E-02   6.670843052522996E-03  -9.583511873541827E-03   4.466372262264833E-04   0.000000000000000E+00   0.000000000000000E+00   0.000000000000000E+00   0.000000000000000E+00   0.000000000000000E+00   0.000000000000000E+00   0.000000000000000E+00   0.000000000000000E+00   0.000000000000000E+00   8.796259063689449E-04   0.000000000000000E+00   0.000000000000000E+00   0.000000000000000E+00   0.000000000000000E+00   0.000000000000000E+00   0.000000000000000E+00   0.000000000000000E+00   0.000000000000000E+00   0.000000000000000E+00   0.000000000000000E+00   0.000000000000000E+00   0.000000000000000E+00   0.000000000000000E+00   0.000000000000000E+00   0.000000000000000E+00   0.000000000000000E+00
   0.000000000000000E+00   0.000000000000000E+00   0.000000000000000E+00   0.000000000000000E+00   0.000000000000000E+00   0.000000000000000E+00   0.000000000000000E+00   0.000000000000000E+00   0.000000000000000E+00   0.000000000000000E+00   0.000000000000000E+00   0.000000000000000E+00   0.000000000000000E+00   0.000000000000000E+00   0.000000000000000E+00   0.000000000000000E+00   0.000000000000000E+00   0.000000000000000E+00   0.000000000000000E+00   0.000000000000000E+00   0.000000000000000E+00   0.000000000000000E+00   0.000000000000000E+00   0.000000000000000E+00   0.000000000000000E+00  -1.204077181669891E-06   4.129764423354031E-07  -2.980686326524435E-07   2.317403789396370E-07  -2.954260420308656E-06  -2.505412213964391E-06   1.494009392130406E-06  -2.795701430639464E-06   0.000000000000000E+00   0.000000000000000E+00   0.000000000000000E+00   0.000000000000000E+00   0.000000000000000E+00   0.000000000000000E+00   0.000000000000000E+00   0.000000000000000E+00   0.000000000000000E+00   0.000000000000000E+00   0.000000000000000E+00  -8.599526710608023E-07  -5.758568874202765E-06   3.189805553989084E-06  -3.971765036200275E-06   2.087355400342590E-06  -5.960050391064584E-06   2.071137584322514E-06  -8.287033464846874E-06   0.000000000000000E+00   0.000000000000000E+00   0.000000000000000E+00   0.000000000000000E+00   0.000000000000000E+00   0.000000000000000E+00   0.000000000000000E+00   0.000000000000000E+00   0.000000000000000E+00   5.217503727036362E-06  -5.329992323656352E-06   1.817617202922988E-06  -2.580324238534340E-06   1.570599770921371E-06   6.055290605974155E-06  -2.804882118085055E-07   6.848167137763151E-06   2.092109730000585E-06   0.000000000000000E+00   0.000000000000000E+00   0.000000000000000E+00   0.000000000000000E+00   0.000000000000000E+00   0.000000000000000E+00  -1.145703301037822E-05  -1.155166057791891E-05   3.485557734518714E-05  -2.906976809699628E-06   2.175184468984211E-05  -1.771359100947898E-06   9.729327956974269E-06   4.105861735990677E-06   1.465752027320418E-05   0.000000000000000E+00  -4.808073388153052E-05   1.072736584213057E-04   2.120083291553517E-05   4.269429111702068E-05  -2.684439322027590E-05   4.265381282668613E-05   3.444177579076550E-05   4.949891403080334E-05  -1.159994131557686E-05  -5.614300394386158E-05   1.042776154262602E-04   6.055684337471809E-05   5.751495075762810E-05   5.574905760356281E-06  -6.275337114309251E-06   1.032461771694248E-05  -6.599816904162537E-03   8.556530645271386E-04  -1.022980807277297E-02  -1.257587713728861E-03  -2.218967531014012E-02  -3.880648030875050E-03  -2.529631600802496E-02  -1.672719757466681E-02  -1.613724802367573E-02   6.044784277282389E-03  -2.084158127688573E-02   7.875615410174725E-03  -7.834353919057639E-05   1.576735559585106E-05  -1.748303320637445E-04  -2.086416062587096E-05  -1.535979221989671E-01  -5.027204303121961E-02  -6.524494298848099E-02  -1.324032918535367E-01   1.211230303770793E-03  -1.555106059716204E-01   5.458481715761435E-02  -9.836236691962258E-02   1.104048185147388E-01  -3.918306262950685E-04   2.341981468575189E-04  -6.315107292756695E-04   3.589888924853642E-04   4.472251012537242E-06  -3.273205960242713E-07   1.858201241177181E-06  -1.619408087717652E-07  -4.400984404903322E-06  -2.078106370344824E-02  -1.221680150955234E-02   3.337900261227004E-03  -2.590280037904821E-02  -2.761022547452273E-01   0.000000000000000E+00   0.000000000000000E+00   0.000000000000000E+00   2.684088734314859E-02   8.934071957016805E-05   1.958622000843385E-06   1.952933210063552E-06  -6.678398421626208E-06   2.416123122192777E-06  -3.454441134614393E-06  -3.802364180528286E-07   2.349920988866276E-06  -1.174177134279710E-07  -7.439485086955644E-03  -4.519997647317156E-03   6.768671352786492E-03  -8.147175332261784E-03   1.166723767404711E-03  -1.509622887391010E-01  -1.317733529478771E-02   1.523908446690721E-01   1.762505437800631E-02  -1.618038327510877E-06  -1.946284641340824E-06   5.311607342391914E-06  -2.483734004278318E-06   0.000000000000000E+00   0.000000000000000E+00   0.000000000000000E+00   0.000000000000000E+00   0.000000000000000E+00  -1.864288154820084E-02  -7.288542539410946E-03   2.368504233087793E-02  -8.546634809433155E-03   2.330949803343569E-04   2.541597343026691E-02   1.935959359358338E-06   0.000000000000000E+00   0.000000000000000E+00   0.000000000000000E+00   0.000000000000000E+00   0.000000000000000E+00   0.000000000000000E+00   0.000000000000000E+00   0.000000000000000E+00   9.031594328388830E-04   0.000000000000000E+00   0.000000000000000E+00   0.000000000000000E+00   0.000000000000000E+00   0.000000000000000E+00   0.000000000000000E+00   0.000000000000000E+00   0.000000000000000E+00   0.000000000000000E+00   0.000000000000000E+00   0.000000000000000E+00   0.000000000000000E+00   0.000000000000000E+00   0.000000000000000E+00   0.000000000000000E+00   0.000000000000000E+00
   0.000000000000000E+00   0.000000000000000E+00   0.000000000000000E+00   0.000000000000000E+00   0.000000000000000E+00   0.000000000000000E+00   0.000000000000000E+00   0.000000000000000E+00   0.000000000000000E+00   0.000000000000000E+00   0.000000000000000E+00   0.000000000000000E+00   0.000000000000000E+00   0.000000000000000E+00   0.000000000000000E+00   0.000000000000000E+00   0.000000000000000E+00   0.000000000000000E+00   0.000000000000000E+00   0.000000000000000E+00   0.000000000000000E+00   0.000000000000000E+00   0.000000000000000E+00   0.000000000000000E+00   0.000000000000000E+00  -4.127688596277609E-07  -1.221928550340492E-06   8.101221826384303E-07  -6.298483001092687E-07   2.505530581534725E-06  -4.312054845229350E-06   2.811706357745646E-06  -5.261473942729705E-06   0.000000000000000E+00   0.000000000000000E+00   0.000000000000000E+00   0.000000000000000E+00   0.000000000000000E+00   0.000000000000000E+00   0.000000000000000E+00   0.000000000000000E+00   0.000000000000000E+00   0.000000000000000E+00   0.000000000000000E+00   5.758956754530229E-06  -5.605290871579352E-06   3.630464959665470E-06  -4.520449145847498E-06   5.958096755183643E-06  -7.614188938330536E-07   7.726280484595540E-07  -3.091438512791058E-06   0.000000000000000E+00   0.000000000000000E+00   0.000000000000000E+00   0.000000000000000E+00   0.000000000000000E+00   0.000000000000000E+00   0.000000000000000E+00   0.000000000000000E+00   0.000000000000000E+00   5.326736512347615E-06   1.176599854680094E-05  -3.585505871716037E-06   5.090052896351289E-06  -6.055294870311697E-06   1.914172821620720E-05  -9.160173524957232E-07   2.236471861164966E-05  -3.618839975115249E-06   0.000000000000000E+00   0.000000000000000E+00   0.000000000000000E+00   0.000000000000000E+00   0.000000000000000E+00   0.000000000000000E+00  -7.209749332538748E-06  -3.485571850510015E-05   7.074387579395001E-05  -6.310928353754090E-06   4.722236962522044E-05  -9.729130492015950E-06   1.606026807947827E-05   7.541704903933910E-06   2.692314053221828E-05   0.000000000000000E+00  -1.072691289015667E-04   1.964717393343043E-04   4.192542514116480E-05   8.442952752437011E-05  -4.265277375953656E-05   4.677453498882442E-05   4.540937780896045E-05   6.526129494637315E-05  -2.777519551099320E-06  -1.042754801863205E-04   1.562073140266111E-04   1.011745189311891E-04   9.609231838995507E-05   3.966724782153177E-05   7.789290158531457E-06   3.709851580834023E-05  -8.556533307097988E-04  -2.000640291320079E-03  -1.366956877000259E-03  -1.680450074413483E-04   3.880645336157487E-03  -6.798186760875380E-03   4.642982447623068E-03   3.070173724603344E-03  -6.044784788975252E-03  -3.008148364329073E-03  -8.138430665698993E-03   3.075349663439501E-03  -1.576734135911921E-05  -2.139453985404779E-05  -3.267226973093948E-05  -3.899091625757236E-06   5.027205635087583E-02  -4.777369041056028E-02   2.662706798520678E-02   5.403501470254526E-02  -3.978022681751119E-04  -5.458480862773934E-02  -4.547701197009037E-02  -4.315501182519059E-02   4.843845667576231E-02  -2.341981162319949E-04   2.258448720519849E-05  -3.785334860625972E-04   2.151813273008016E-04   3.273216237250904E-07   1.375728156486870E-06  -3.798027328725868E-06   3.309951601159693E-07   2.445905767499872E-07   1.221680020311536E-02   5.221328411430752E-04  -2.055751809601916E-03   1.595306168118130E-02   0.000000000000000E+00  -1.208340710440917E-01   0.000000000000000E+00   0.000000000000000E+00   1.243253648350272E-02   6.733004580182503E-05  -1.952933029841724E-06   2.405214326934413E-06  -9.738446928628904E-06   3.523193034173315E-06   3.802356199226107E-07  -9.884256112019801E-08   1.752428237775916E-06  -8.756299365006691E-08   4.519998164270568E-03   4.400886199400891E-04  -4.241988057752879E-03   5.105909071747994E-03  -8.104318212368235E-04   1.317733618031899E-02  -6.532542181212857E-02  -1.650775153817231E-02  -1.909235552507919E-03   1.946284573476273E-06  -4.263401352459674E-07   3.124489025757828E-06  -1.461026604382714E-06   0.000000000000000E+00   0.000000000000000E+00   0.000000000000000E+00   0.000000000000000E+00   0.000000000000000E+00   7.288542388819693E-03  -3.267475672153835E-03  -9.678685107668445E-03   3.492507460833203E-03  -1.760436067701486E-04   2.643053761687707E-03  -2.193835103004876E-06   0.000000000000000E+00   0.000000000000000E+00   0.000000000000000E+00   0.000000000000000E+00   0.000000000000000E+00   0.000000000000000E+00   0.000000000000000E+00   0.000000000000000E+00  -3.791964405656378E-04   0.000000000000000E+00   0.000000000000000E+00   0.000000000000000E+00   0.000000000000000E+00   0.000000000000000E+00   0.000000000000000E+00   0.000000000000000E+00   0.000000000000000E+00   0.000000000000000E+00   0.000000000000000E+00   0.000000000000000E+00   0.000000000000000E+00   0.000000000000000E+00   0.000000000000000E+00   0.000000000000000E+00   0.000000000000000E+00
   0.000000000000000E+00   0.000000000000000E+00   0.000000000000000E+00   0.000000000000000E+00   0.000000000000000E+00   0.000000000000000E+00   0.000000000000000E+00   0.000000000000000E+00   0.000000000000000E+00   0.000000000000000E+00   0.000000000000000E+00   0.000000000000000E+00   0.000000000000000E+00   0.000000000000000E+00   0.000000000000000E+00   0.000000000000000E+00   0.000000000000000E+00   0.000000000000000E+00   0.000000000000000E+00   0.000000000000000E+00   0.000000000000000E+00   0.000000000000000E+00   0.000000000000000E+00   0.000000000000000E+00   0.000000000000000E+00   2.979188083828574E-07   8.101221826384303E-07  -6.842092198452748E-07   4.545974112478848E-07  -1.494079976228631E-06   2.811706357745646E-06  -1.273557967742665E-06   3.137484300217953E-06   0.000000000000000E+00   0.000000000000000E+00   0.000000000000000E+00   0.000000000000000E+00   0.000000000000000E+00   0.000000000000000E+00   0.000000000000000E+00   0.000000000000000E+00   0.000000000000000E+00   0.000000000000000E+00   0.000000000000000E+00  -3.190020409945460E-06   3.630464959665470E-06  -1.062196970548782E-06   2.503982171081668E-06  -2.070458689274049E-06   7.726280484595540E-07   1.193458775572512E-06   1.074285295148317E-06   0.000000000000000E+00   0.000000000000000E+00   0.000000000000000E+00   0.000000000000000E+00   0.000000000000000E+00   0.000000000000000E+00   0.000000000000000E+00   0.000000000000000E+00   0.000000000000000E+00  -1.816506916400067E-06  -3.585505871716037E-06   2.474556096252734E-06  -1.735793814774092E-06   2.804884093376563E-07  -9.160173524957232E-07  -5.911861794576880E-07  -1.035960177500487E-06   1.280751337143889E-06   0.000000000000000E+00   0.000000000000000E+00   0.000000000000000E+00   0.000000000000000E+00   0.000000000000000E+00   0.000000000000000E+00   2.536616192388312E-06   2.906988582524089E-06  -6.310928353754090E-06  -4.399828820259632E-06  -3.938374970527774E-06  -4.105778404046255E-06   7.541704903933910E-06   1.371966510279411E-06   1.136180145358287E-05   0.000000000000000E+00  -2.119993773220139E-05   4.192542514116480E-05  -7.380002462245221E-06   1.668607496494442E-05  -3.444093677274050E-05   4.540937780896045E-05   2.720490631491612E-05   5.269669320046652E-05  -1.657562970437186E-06  -6.055560338289369E-05   1.011745189311891E-04   4.074170332838805E-05   5.580341907961048E-05   5.786129229578214E-06   1.137673420932020E-05   3.025304367152393E-05   1.022981125513465E-02  -1.366956877000259E-03   1.422775257243515E-02   2.009071485839546E-03   2.529629844229200E-02   4.642982447623068E-03   2.275519843808381E-02   2.001317411916603E-02   2.084158304113205E-02  -8.138430665698993E-03   2.269160820901646E-02  -1.060338086940522E-02   1.748301742051523E-04  -3.267226973093948E-05   3.379329085811138E-04   4.323359611788526E-05   6.524496027523043E-02   2.662706798520678E-02  -3.373257115445033E-02   7.012866876048598E-02  -1.546368848503709E-03   9.836235154870555E-02  -4.315501182519059E-02   8.340466438783702E-03  -8.728656605744338E-02   6.315106466945423E-04  -3.785334860625972E-04   9.029120622428519E-04  -5.802322467261362E-04  -1.858207075441694E-06  -3.798027328725868E-06   2.226813569218700E-05  -1.879061766420365E-06  -1.968234809812059E-05  -3.337899904279540E-03  -2.055751809601916E-03  -6.440295245790650E-03  -4.358729141285427E-03   0.000000000000000E+00   0.000000000000000E+00  -1.208340710440917E-01   0.000000000000000E+00  -6.649996765779478E-03  -1.248353273121378E-04   6.678397805325985E-06  -9.738446928628904E-06   3.285977647546324E-05  -1.204817792910687E-05  -2.349916056295744E-06   1.752428237775916E-06  -1.064556804485436E-05   5.411531006944958E-07  -6.768672126921354E-03  -4.241988057752879E-03   3.959718415922015E-03  -7.646070454126573E-03  -8.399362317673807E-05  -1.523908549099027E-01  -1.650775153817231E-02   1.241529774177639E-01   2.207957921765787E-02  -5.311607157182701E-06   3.124489025757828E-06  -7.808507738369993E-06   3.987289153102959E-06   0.000000000000000E+00   0.000000000000000E+00   0.000000000000000E+00   0.000000000000000E+00   0.000000000000000E+00  -2.368504184151259E-02  -9.678685107668445E-03   2.520623865605914E-02  -1.134934544230935E-02   2.635627563643504E-04   2.726239558462442E-02   4.367261746435388E-06   0.000000000000000E+00   0.000000000000000E+00   0.000000000000000E+00   0.000000000000000E+00   0.000000000000000E+00   0.000000000000000E+00   0.000000000000000E+00   0.000000000000000E+00   1.540370625909435E-03   0.000000000000000E+00   0.000000000000000E+00   0.000000000000000E+00   0.000000000000000E+00   0.000000000000000E+00   0.000000000000000E+00   0.000000000000000E+00   0.000000000000000E+00   0.000000000000000E+00   0.000000000000000E+00   0.000000000000000E+00   0.000000000000000E+00   0.000000000000000E+00   0.000000000000000E+00   0.000000000000000E+00   0.000000000000000E+00
   0.000000000000000E+00   0.000000000000000E+00   0.000000000000000E+00   0.000000000000000E+00   0.000000000000000E+00   0.000000000000000E+00   0.000000000000000E+00   0.000000000000000E+00   0.000000000000000E+00   0.000000000000000E+00   0.000000000000000E+00   0.000000000000000E+00   0.000000000000000E+00   0.000000000000000E+00   0.000000000000000E+00   0.000000000000000E+00   0.000000000000000E+00   0.000000000000000E+00   0.000000000000000E+00   0.000000000000000E+00   0.000000000000000E+00   0.000000000000000E+00   0.000000000000000E+00   0.000000000000000E+00   0.000000000000000E+00  -2.316238945826643E-07  -6.298483001092687E-07   4.545974112478848E-07  -4.529351864439413E-07   2.795833512850879E-06  -5.261473942729705E-06   3.137484300217953E-06  -5.467995299852794E-06   0.000000000000000E+00   0.000000000000000E+00   0.000000000000000E+00   0.000000000000000E+00   0.000000000000000E+00   0.000000000000000E+00   0.000000000000000E+00   0.000000000000000E+00   0.000000000000000E+00   0.000000000000000E+00   0.000000000000000E+00   3.972032562656327E-06  -4.520449145847498E-06   2.503982171081668E-06  -2.169014430360307E-06   8.284317070712397E-06  -3.091438512791058E-06   1.074285295148317E-06  -2.836479537727454E-06   0.000000000000000E+00   0.000000000000000E+00   0.000000000000000E+00   0.000000000000000E+00   0.000000000000000E+00   0.000000000000000E+00   0.000000000000000E+00   0.000000000000000E+00   0.000000000000000E+00   2.578748054493935E-06   5.090052896351289E-06  -1.735793814774092E-06   3.716004358925939E-06  -6.848171960470782E-06   2.236471861164966E-05  -1.035960177500487E-06   2.465952578828510E-05  -7.114262962866108E-06   0.000000000000000E+00   0.000000000000000E+00   0.000000000000000E+00   0.000000000000000E+00   0.000000000000000E+00   0.000000000000000E+00  -1.867253530688037E-06  -2.175193278158347E-05   4.722236962522044E-05  -3.938374970527774E-06   2.454325588642284E-05  -1.465722278640524E-05   2.692314053221828E-05   1.136180145358287E-05   3.874980824696753E-05   0.000000000000000E+00  -4.269248839455180E-05   8.442952752437011E-05   1.668607496494442E-05   1.793660306454054E-05  -4.949770821373565E-05   6.526129494637315E-05   5.269669320046652E-05   6.627254196957633E-05  -6.458255549067594E-06  -5.751377305309883E-05   9.609231838995507E-05   5.580341907961048E-05   3.498721293664893E-05   5.722417190145039E-06   1.203964277907830E-05   1.225320320980603E-05   1.257588104948219E-03  -1.680450074413483E-04   2.009071485839546E-03  -1.867994325133807E-03   1.672718595931991E-02   3.070173724603344E-03   2.001317411916603E-02   5.723262480755643E-03  -7.875616076848011E-03   3.075349663439501E-03  -1.060338086940522E-02  -1.361771748782914E-03   2.086414178710892E-05  -3.899091625757236E-06   4.323359611788526E-05  -1.918166641098161E-05   1.324033269339955E-01   5.403501470254526E-02   7.012866876048598E-02   7.402378730430402E-02  -1.397341231469107E-03  -1.104048012619687E-01   4.843845667576231E-02  -8.728656605744338E-02   2.854773227365076E-02  -3.589888455412569E-04   2.151813273008016E-04  -5.802322467261362E-04   2.120430112343375E-04   1.619413172234296E-07   3.309951601159693E-07  -1.879061766420365E-06   8.704676034511666E-07  -6.070651508664162E-06   2.590279760906164E-02   1.595306168118130E-02  -4.358729141285427E-03   2.682267275301454E-02   0.000000000000000E+00   0.000000000000000E+00   0.000000000000000E+00  -1.208340710440917E-01   3.026311837654240E-02   1.263423598782914E-04  -2.416122899226562E-06   3.523193034173315E-06  -1.204817792910687E-05   3.916256977634762E-06   1.174174669638746E-07  -8.756299365006691E-08   5.411531006944958E-07   1.576750321029536E-07   8.147176264056536E-03   5.105909071747994E-03  -7.646070454126573E-03   6.810629942478038E-03  -1.879993812367064E-03  -1.762505556242915E-02  -1.909235552507919E-03   2.207957921765787E-02  -6.419920187584652E-02   2.483733917673569E-06  -1.461026604382714E-06   3.987289153102959E-06  -1.145937877548259E-06   0.000000000000000E+00   0.000000000000000E+00   0.000000000000000E+00   0.000000000000000E+00   0.000000000000000E+00   8.546634632847995E-03   3.492507460833203E-03  -1.134934544230935E-02  -2.150517453581072E-03  -3.213238235735430E-04   1.636894482566354E-02  -3.015139812859679E-06   0.000000000000000E+00   0.000000000000000E+00   0.000000000000000E+00   0.000000000000000E+00   0.000000000000000E+00   0.000000000000000E+00   0.000000000000000E+00   0.000000000000000E+00  -3.004047870777747E-04   0.000000000000000E+00   0.000000000000000E+00   0.000000000000000E+00   0.000000000000000E+00   0.000000000000000E+00   0.000000000000000E+00   0.000000000000000E+00   0.000000000000000E+00   0.000000000000000E+00   0.000000000000000E+00   0.000000000000000E+00   0.000000000000000E+00   0.000000000000000E+00   0.000000000000000E+00   0.000000000000000E+00   0.000000000000000E+00
   1.436625075142010E-06   2.154325296972548E-06  -2.324370183086324E-06   1.808318580470341E-06   0.000000000000000E+00   0.000000000000000E+00   0.000000000000000E+00   0.000000000000000E+00   8.710505941283725E-07   1.405975475880018E-06  -1.359217131042422E-06   6.138659263590663E-07  -1.036812042672633E-05   5.670935630426258E-06  -5.235123862564323E-06   6.160432419558885E-06   0.000000000000000E+00   0.000000000000000E+00   0.000000000000000E+00   0.000000000000000E+00   0.000000000000000E+00   0.000000000000000E+00   0.000000000000000E+00   0.000000000000000E+00   0.000000000000000E+00  -9.370100163306280E-06   8.479829057631169E-06  -6.404136156685490E-06   1.914241205502938E-06   1.411602851459254E-05  -4.020310890181524E-05   2.458744397336291E-05  -3.168761234404946E-05   4.738672569648778E-06   0.000000000000000E+00   0.000000000000000E+00   0.000000000000000E+00   0.000000000000000E+00   0.000000000000000E+00   0.000000000000000E+00   0.000000000000000E+00   0.000000000000000E+00   0.000000000000000E+00   1.771364574337666E-06   1.135274413244158E-05  -4.362437271830658E-05   2.433747378355736E-05  -1.424274564249412E-05   2.964097626924861E-04  -3.809290226069542E-04   1.100483480613100E-04  -4.052967722558988E-04   0.000000000000000E+00   0.000000000000000E+00   0.000000000000000E+00   0.000000000000000E+00   0.000000000000000E+00   0.000000000000000E+00   0.000000000000000E+00   0.000000000000000E+00   0.000000000000000E+00   1.826322257740367E-04  -3.452242338135992E-04   1.035526127253838E-04  -2.454948787301337E-05   2.773705455989176E-03  -3.703221091289884E-03  -4.093836763838611E-04  -2.638512242579706E-03  -3.970223026291429E-05   0.000000000000000E+00   0.000000000000000E+00   0.000000000000000E+00   0.000000000000000E+00   0.000000000000000E+00   0.000000000000000E+00  -1.383175749633718E-05   1.892800350244982E-03  -3.173083282002679E-03  -9.789981289671976E-05  -5.266731110361753E-04   2.507822097249272E-03  -2.437004038102514E-03  -2.054120221972783E-03  -2.677075251471792E-03   0.000000000000000E+00   8.973512908743885E-04  -1.495774030604015E-03  -5.683386996739691E-04   1.627848056311796E-04   1.422941750160760E-03  -1.356851967815586E-03  -1.899224117270124E-03  -8.120952636571600E-04  -3.553384992000966E-04   6.943541581052514E-04  -9.283186957901968E-04  -8.579121125428370E-04   2.598520064110608E-05  -7.130299228007586E-05  -1.555589012866473E-04  -4.232497138072436E-05   1.150139131765872E-03   3.383399804635915E-04   1.442735136219685E-03   1.378615068393481E-03   3.414834071195707E-04   1.894704722622688E-04   2.645882800816407E-04   5.585450874551372E-04   2.721259810387940E-02   2.247694344043276E-03   2.901588982463623E-02   1.720709983651694E-02   1.546662181752024E-05   5.293675778307805E-06   4.785398913571756E-05   3.093217216534542E-05   1.121250898027033E-03   7.315894110766305E-04   9.166842185283214E-05   1.833413452897130E-03   2.255781078639265E-06   1.683785146292496E-01   4.175595889421222E-02   5.778189995226641E-02   1.276634739238894E-01   6.451335058008410E-03  -1.300760550395212E-03   9.609730256140026E-03   5.506654313653696E-04  -6.816815400791365E-06  -3.194285554022131E-07   1.535298448616795E-05   4.948654601287771E-06   9.408435989351276E-06   1.431785956291425E-05   2.190732961717337E-05  -8.507649860465982E-06   4.947506089330548E-05   2.684088734314859E-02   1.243253648350272E-02  -6.649996765779478E-03   3.026311837654240E-02  -1.479111528457639E-01  -8.146595591642523E-03   9.009338727524996E-05  -2.423851408847606E-05   1.893390668141286E-04   1.418339593324687E-05   8.630243866634615E-07   3.857560724269633E-07  -9.283702416433450E-06  -2.478530586037461E-06  -4.690804812929143E-06   7.912418405071855E-06  -8.649746740321818E-06   1.636131107344198E-05   9.162941235440167E-06   7.117125836239658E-03   3.592046475915292E-03  -7.112206717989091E-03   6.968648685258245E-03  -1.168900845304228E-05  -5.853602061459869E-07   2.464707990572602E-06  -2.893175981004062E-07   0.000000000000000E+00   0.000000000000000E+00   0.000000000000000E+00   0.000000000000000E+00   0.000000000000000E+00   1.120810940513387E-04   8.372072254661464E-05  -1.493075155454114E-04   1.552171179244198E-04   5.306109751936603E-06  -8.552597496429566E-03   7.273497510458187E-06   1.646292023691593E-06   8.913018397775543E-07  -4.356904217464567E-06   3.057546077506535E-07   0.000000000000000E+00   0.000000000000000E+00   0.000000000000000E+00   0.000000000000000E+00   1.604317158267601E-06   0.000000000000000E+00   0.000000000000000E+00   0.000000000000000E+00   0.000000000000000E+00   0.000000000000000E+00   0.000000000000000E+00   0.000000000000000E+00   0.000000000000000E+00   0.000000000000000E+00   0.000000000000000E+00   0.000000000000000E+00   0.000000000000000E+00   0.000000000000000E+00   0.000000000000000E+00   0.000000000000000E+00   0.000000000000000E+00
   2.685031324389561E-05  -5.734018770570851E-05   3.363331346347018E-05  -4.364526417211429E-05  -1.159591428660389E-05   4.791259114704476E-06  -4.330293428475095E-06   5.019214533689593E-06   1.431727234076460E-05  -4.882907716836783E-05   2.634388584833642E-05  -1.473866775404060E-05   3.366969382134030E-04  -4.331062687147626E-04   1.147023673029716E-04  -4.561492518687269E-04   2.150812819761042E-06   4.016758718968007E-06  -4.290495774108722E-06   3.291589695822127E-06   7.017761732045154E-06  -9.111743630699944E-06   8.767904848031139E-06  -6.420836694457718E-06   1.867379605786737E-06   1.851641952971577E-04  -3.518282733662315E-04   9.947983930904827E-05  -1.801143221104287E-05   2.626836820070153E-03  -3.581477059924035E-03  -4.672042870397121E-04  -2.422425423526782E-03  -4.837035048909748E-05   0.000000000000000E+00   0.000000000000000E+00   0.000000000000000E+00   0.000000000000000E+00   1.124228436214274E-06   1.884891375585246E-06  -1.809129331059414E-06   7.939707726850439E-07   9.009498567533895E-07  -1.392620272327617E-05   1.908276595353415E-03  -3.210219010352990E-03  -1.591559505921957E-04  -4.457511931607387E-04   2.538809824147645E-03  -2.560596156020092E-03  -2.120276425063499E-03  -2.589251436709352E-03   0.000000000000000E+00   0.000000000000000E+00   0.000000000000000E+00   0.000000000000000E+00   0.000000000000000E+00   0.000000000000000E+00   0.000000000000000E+00   0.000000000000000E+00   0.000000000000000E+00   1.196546478126223E-03  -1.944973353396178E-03  -7.312391521235934E-04   3.416630030453027E-04   1.451774768512384E-03  -1.390643413952336E-03  -1.968473328423643E-03  -7.343655069608623E-04  -3.736427159060781E-04   0.000000000000000E+00   0.000000000000000E+00   0.000000000000000E+00   0.000000000000000E+00   0.000000000000000E+00   0.000000000000000E+00  -1.179895097137025E-04   8.667225077978872E-04  -1.118000247462913E-03  -1.076952391137140E-03   1.299865983465623E-04   8.355069902799503E-05  -4.968732342364570E-05  -1.660490682980418E-04  -5.127541556135990E-05   0.000000000000000E+00   1.947790852355943E-05  -3.731648740869327E-05  -5.169358863979173E-05   1.708433934402028E-05  -9.470032077455354E-06  -2.601958126700961E-06  -1.102890985479669E-05  -6.178317877829181E-07  -8.947094836311085E-06  -1.220075402059320E-05  -8.811496203554935E-07  -2.150108861875713E-06   4.055371419948499E-07   8.036622041071064E-06   7.229556813075173E-06   1.220165475677874E-06   1.232652151371164E-03   7.966578424519645E-04   6.535814326066491E-05   2.005841505625324E-03   1.947184032573008E-05   2.537690479958557E-05  -1.090836419020369E-05   5.812552015122354E-05   2.853560022317144E-02   1.351785850233931E-02  -7.662908268440210E-03   3.162795032336563E-02   3.505980768822805E-04   1.928206919348956E-04   2.634973553970371E-04   5.770063068764330E-04  -6.271347314825505E-06   6.760420385451640E-06  -7.540882390011282E-06   1.388540337499009E-05   9.501262939529927E-06   6.281509090947470E-03   3.398744045267256E-03  -6.387687275038349E-03   6.135813582921991E-03   1.727000280993170E-01   4.117554660210850E-02   5.741295279984453E-02   1.318242832218555E-01   1.187839543685293E-03   3.568473032054791E-04   1.468082331977378E-03   1.439348432654403E-03   1.734283165451956E-06   6.397193754756841E-07  -3.820407001593253E-06   4.613413854276621E-06  -7.549761366052452E-06   8.934071957016805E-05   6.733004580182503E-05  -1.248353273121378E-04   1.263423598782914E-04  -8.146595591642523E-03  -1.509693632939790E-01   2.817125063832381E-02   2.395393456967775E-03   2.956358804811200E-02   1.838022215093404E-02   1.764924145566557E-05   5.706522214348655E-06   5.140676158971653E-05   3.317064912241873E-05   0.000000000000000E+00   0.000000000000000E+00   0.000000000000000E+00   0.000000000000000E+00   0.000000000000000E+00  -1.130294379989210E-05   1.226089592833609E-06  -3.175168054068270E-06   2.002201739070094E-06   6.581672235754295E-03  -1.849994432508868E-03   9.690789388543118E-03   8.238438525238590E-04  -7.009550271974720E-06  -3.147911501109507E-07   1.525854014805084E-05   4.933550570871754E-06   9.554953467335564E-06   2.019042340489767E-06  -2.151580979523989E-06   4.939294491989677E-06  -3.558179859820938E-06   0.000000000000000E+00   7.504284213815847E-06  -8.667206285723495E-03   9.209641683473016E-05  -2.986387214731110E-05   1.922997155834663E-04   1.727324326013241E-05   1.076258821405431E-06   3.480473057809218E-07  -9.265564436047465E-06  -2.575701910037046E-06   0.000000000000000E+00  -1.185510025818370E-05  -6.292058990279125E-07   2.367518772762823E-06  -2.420328080264695E-07   0.000000000000000E+00   0.000000000000000E+00   0.000000000000000E+00   0.000000000000000E+00   0.000000000000000E+00   1.867021286930436E-06   1.149235401630263E-06  -5.178472675999315E-06   2.822804450726680E-07   7.944182776424913E-06   0.000000000000000E+00   0.000000000000000E+00
  -8.407697954806428E-07   1.098045498750807E-05  -2.405282951727116E-07   1.167273929646063E-05   3.251498761144295E-06  -6.353046719145926E-06   2.095972820011493E-06  -8.478990956250174E-06  -1.594878306011555E-05   4.431755207879888E-05  -3.106677874775978E-06   2.528144455809385E-05  -4.173912097883244E-06   1.366551926432205E-05   5.711188443271090E-06   1.929206106352908E-05  -1.673795951742767E-06  -4.106170062530089E-06   2.373731428262162E-06  -4.393305579741441E-06   1.854078400162745E-08   5.262607922751039E-06  -6.084353643419185E-06   1.973243199336876E-06  -2.712307042784081E-06  -9.491853096593974E-05   1.967378261792579E-04   3.647554541337178E-05   6.567813389366775E-05  -3.590708093392326E-05   5.616495758770763E-05   4.455451800315614E-05   5.931907588200539E-05  -1.222354342151388E-05   0.000000000000000E+00   0.000000000000000E+00   0.000000000000000E+00   0.000000000000000E+00  -4.538843182563294E-07  -6.286202391556279E-06   3.429849695757302E-06  -4.067431038803785E-06  -1.092530596507582E-05   2.585744675141263E-05  -1.193073433152997E-04   2.057795380720945E-04   1.216885267476641E-04   9.690661444388398E-05   1.420204642211273E-06   3.980316723833076E-06   6.592308692498610E-06   5.932204578472522E-06   0.000000000000000E+00   0.000000000000000E+00   0.000000000000000E+00   0.000000000000000E+00   0.000000000000000E+00  -9.920266364662495E-07   3.466946389140661E-07  -2.515188856514881E-07   1.863968197871833E-07  -3.898574279076859E-05   7.266669384686227E-05   6.640740355551057E-05   1.287372474544658E-05   5.044555798844100E-06  -1.431559790865611E-06  -3.189362837905826E-06  -1.516476515467924E-06  -1.110833129775510E-05   0.000000000000000E+00   0.000000000000000E+00   0.000000000000000E+00   0.000000000000000E+00   0.000000000000000E+00   0.000000000000000E+00   5.737324387757146E-06   2.873298108478765E-06   2.790488796244794E-06   4.448978790547296E-06   8.810468583111146E-07  -1.094439132309709E-06  -1.516260522814894E-06  -6.609509968820117E-06  -2.702841893993206E-06   0.000000000000000E+00   1.199753533027602E-06  -4.448523062760048E-06  -8.812520076935242E-06   6.997653698468198E-08  -4.394412322555550E-06   2.183690259563965E-07   1.126467686399805E-06   2.361739052134746E-07   2.365761086328642E-07  -4.518518568631497E-06   1.594492190474568E-07   5.003932463599590E-07   1.805377377532180E-08  -7.091047248799612E-07   0.000000000000000E+00   0.000000000000000E+00  -7.101211125155060E-03  -4.248231632722367E-03   6.644111054263516E-03  -7.755833509498363E-03  -9.067327747017722E-05  -7.737423684484560E-05   1.220390776716180E-04  -1.398085273129844E-04  -1.711314239235788E-02  -6.535182400291329E-03   2.216687819265578E-02  -7.662504346008480E-03  -2.302365939909352E-02  -1.265049074828956E-02   4.191622438199231E-03  -2.869567501675278E-02   4.317520944081577E-06   3.919102819328653E-07  -8.712767595798409E-07   6.236827400073839E-07  -2.607496816294936E-06  -3.791050841229271E-04  -1.635627850270537E-04   7.104343305101073E-04  -1.289886779617781E-04  -1.547763455187908E-01  -1.765959145988484E-02   1.555306171691676E-01   1.704855317727567E-02  -1.571625416701697E-01  -4.914951817959053E-02  -6.422443366508150E-02  -1.372093916210079E-01   1.336326604430313E-03  -3.261880995903900E-06   1.004044649024188E-06  -2.060945829140978E-06   1.627403616142112E-06   1.958622000843385E-06  -1.952933029841724E-06   6.678397805325985E-06  -2.416122899226562E-06   9.009338727524996E-05   2.817125063832381E-02  -2.805515807804543E-01   0.000000000000000E+00   0.000000000000000E+00   0.000000000000000E+00  -2.187879978485242E-02  -3.462781560032176E-03  -2.501307766584788E-02  -1.667862574241817E-02   0.000000000000000E+00   0.000000000000000E+00   0.000000000000000E+00   0.000000000000000E+00   0.000000000000000E+00  -1.442467971633664E-06   1.481854744899893E-06  -6.074179841025590E-06   1.515081725882527E-06  -1.501284634265107E-01   7.150189827123568E-02  -9.587922242242802E-02   9.684692999316188E-02  -6.024317939617696E-03   7.978319152960317E-04  -9.416002976030249E-03  -1.272817679194132E-03   1.236899247067215E-03   0.000000000000000E+00   0.000000000000000E+00   0.000000000000000E+00   0.000000000000000E+00   0.000000000000000E+00   1.760723931499179E-06   2.724601900527057E-02  -1.586597456035044E-02   7.047311883159622E-03  -2.056507064762582E-02   6.826014572188331E-03  -6.341222026219792E-05   1.278400181892077E-05  -1.457957690658167E-04  -1.934860823599477E-05   0.000000000000000E+00  -3.489389302396517E-04   2.614544134212306E-04  -5.637399631543018E-04   2.906694819068948E-04   4.763363799247644E-06  -5.788005612585319E-07   2.999892772594891E-06  -1.950637958655041E-07  -7.439270343981356E-06   2.360371754138499E-06   1.994173322172926E-06  -5.823360400663919E-06   1.883996589805709E-06   9.576760055683058E-05   5.853825834480156E-07  -4.732791730646401E-06
  -1.098054163464386E-05   2.595363695629427E-05  -6.018282884629073E-07   2.920647945980045E-05   6.350830354397792E-06   3.787755540825463E-07   4.021683967221055E-07  -1.626921001140494E-06  -4.431863136437581E-05   8.775798703399610E-05  -6.593039919226864E-06   5.365267333976585E-05  -1.366413610470592E-05   2.072300282327476E-05   9.760366621595942E-06   3.296994850311966E-05   4.106144940829500E-06  -4.173204720517836E-06   2.849984295897949E-06  -5.274755079815668E-06  -4.791342198180523E-06   6.080910534937682E-06   1.095681954965026E-05  -3.118554597615828E-06   4.286586469048835E-06  -1.967083857669336E-04   3.527142212782219E-04   7.084589944855348E-05   1.275656447920759E-04  -5.616607301619794E-05   6.308435367909173E-05   5.972056104613296E-05   7.951087007967514E-05  -2.476373142837637E-06   0.000000000000000E+00   0.000000000000000E+00   0.000000000000000E+00   0.000000000000000E+00   6.286236276116781E-06  -5.551544249944316E-06   3.595678768722243E-06  -4.264086396427184E-06  -8.344572990348182E-06   7.649875160398405E-05  -2.057843393116701E-04   3.010778945022738E-04   1.996870933768852E-04   1.590207448843581E-04  -3.980449426386156E-06   7.092642247325830E-06   1.290631830551053E-05   1.161397685006685E-05   0.000000000000000E+00   0.000000000000000E+00   0.000000000000000E+00   0.000000000000000E+00   0.000000000000000E+00  -3.466492334069977E-07  -1.012656797331128E-06   6.747088323493191E-07  -5.000164512755457E-07  -7.265722840945756E-05   1.041119558830146E-04   1.071024681240306E-04   2.076286107217214E-05   1.431543247969267E-06   3.793018085844916E-06   6.244875660265089E-06   2.969310098009265E-06  -2.400689244109609E-06   0.000000000000000E+00   0.000000000000000E+00   0.000000000000000E+00   0.000000000000000E+00   0.000000000000000E+00   0.000000000000000E+00   3.333490456816747E-05  -2.790467267004143E-06   1.035819805043438E-05   1.672726071116315E-05   3.312558047935374E-06   1.516100123479692E-06   3.795652866950080E-07  -2.214036056482667E-06  -9.053907833565334E-07   0.000000000000000E+00   4.447974136522321E-06  -4.429015050614382E-07  -3.526297704650587E-06   2.800085555485018E-08  -2.183492398016282E-07  -5.669638376950597E-07  -1.562015573796048E-06  -3.274903688065018E-07  -6.042997467291771E-08  -1.594314112785329E-07  -1.104533419363821E-06  -2.858094158943686E-06  -1.031176694519570E-07  -5.617467803438289E-06   0.000000000000000E+00   0.000000000000000E+00   4.248232425204161E-03   3.388455191699577E-04  -4.100178767501819E-03   4.786239064971392E-03   7.737419341580561E-05   3.400786514358373E-05  -9.770872842575775E-05   1.119355675858774E-04   6.535182039477878E-03  -3.109875179127743E-03  -8.836750374757636E-03   3.054631218824774E-03   1.265047209500053E-02  -5.156725626531622E-04  -2.420383681627789E-03   1.656984725315126E-02  -3.919107578938683E-07   3.437570494322906E-06  -6.273161467406158E-06   4.490493393152523E-06  -9.902422242834726E-06   1.635627548196859E-04  -4.326276209020233E-05  -3.071074893152119E-04   5.575939581985966E-05   1.765958475499232E-02  -6.649124415168393E-02  -2.211944560483455E-02  -2.424632213962793E-03   4.914953099747058E-02  -5.117722034404970E-02   2.513831279653176E-02   5.370561339906434E-02  -8.886837563513057E-04  -1.004044247936586E-06  -1.188423894668327E-06   2.937451884899685E-06  -2.319527156966439E-06   1.952933210063552E-06   2.405214326934413E-06  -9.738446928628904E-06   3.523193034173315E-06  -2.423851408847606E-05   2.395393456967775E-03   0.000000000000000E+00  -1.252832571096250E-01   0.000000000000000E+00   0.000000000000000E+00   3.462776250298975E-03  -6.835210983016932E-03   4.155411288350572E-03   2.770812556938887E-03   0.000000000000000E+00   0.000000000000000E+00   0.000000000000000E+00   0.000000000000000E+00   0.000000000000000E+00  -1.481854509707902E-06   1.526355186516139E-07   2.479581844716739E-06  -6.184817109606864E-07  -7.150188550204251E-02  -2.418128935272304E-02  -5.647232671054953E-02   5.704230106697455E-02  -7.978320194229844E-04  -1.817659627731833E-03  -1.284825165264695E-03  -1.736775348505553E-04  -3.960547117296697E-04   0.000000000000000E+00   0.000000000000000E+00   0.000000000000000E+00   0.000000000000000E+00   0.000000000000000E+00   8.624684214812641E-07   1.823993369767010E-02  -7.047310371475688E-03  -2.017527912095169E-03  -9.523988007776743E-03   3.161228183475085E-03  -1.278399579538751E-05  -1.771921061029107E-05  -2.678421970156234E-05  -3.554543298704328E-06   0.000000000000000E+00  -2.614544309749889E-04   9.085277544846838E-05  -4.221391946166995E-04   2.176588303324609E-04   5.788008062443626E-07   1.595573693924959E-06  -3.791332052558604E-06   2.465260186346347E-07   1.778660870834525E-07  -1.994174585513465E-06   3.469435075879756E-06  -1.102514735914410E-05   3.566899281103186E-06   9.575748994258489E-05  -1.827206638686575E-06  -4.246844769474736E-06
   2.405301931894947E-07  -6.018282884629073E-07  -1.507487781149560E-06  -6.397717326335389E-07  -2.095241605449932E-06   4.021683967221055E-07   1.465095485411162E-06   5.367475401085648E-07   3.106753533120476E-06  -6.593039919226864E-06  -5.831233924611648E-06  -3.761073555932539E-06  -5.710610383626077E-06   9.760366621595942E-06   1.447880641772620E-06   1.377902919195083E-05  -2.373716905685330E-06   2.849984295897949E-06  -8.907388548006795E-07   3.049277482099462E-06   1.629447721267163E-06  -1.972126549846415E-06  -3.118554597615828E-06   2.352372499543123E-06  -1.390201506049660E-06  -3.647008710818676E-05   7.084589944855348E-05  -1.627172232008461E-05   2.365089906787832E-05  -4.455540284988063E-05   5.972056104613296E-05   3.517634734651532E-05   6.307435533765683E-05  -1.481032159523545E-06   0.000000000000000E+00   0.000000000000000E+00   0.000000000000000E+00   0.000000000000000E+00  -3.429868183699989E-06   3.595678768722243E-06  -9.232698003846487E-07   2.326551790491725E-06   2.722233901300309E-06   9.728789450040777E-06  -1.216913659792806E-04   1.996870933768852E-04   8.148579895707499E-05   9.403753331642768E-05  -6.592528478072190E-06   1.290631830551053E-05   2.067583575650605E-05   1.923538397955493E-05   0.000000000000000E+00   0.000000000000000E+00   0.000000000000000E+00   0.000000000000000E+00   0.000000000000000E+00   2.514859450136518E-07   6.747088323493191E-07  -5.721209848830765E-07   3.627502894944085E-07  -6.639875344239425E-05   1.071024681240306E-04   8.479143098395383E-05   1.897441071273223E-05   3.189325982093608E-06   6.244875660265089E-06   1.490289594543264E-05   6.615306843092437E-06  -5.472160655272906E-06   0.000000000000000E+00   0.000000000000000E+00   0.000000000000000E+00   0.000000000000000E+00   0.000000000000000E+00   0.000000000000000E+00   2.469999548552884E-05  -4.448944465688097E-06   1.672726071116315E-05   2.653541057920195E-05   5.281332975625535E-06   6.608810774328764E-06  -2.214036056482667E-06  -8.763695305719378E-06  -3.946676259277255E-06   0.000000000000000E+00   8.811432654565507E-06  -3.526297704650587E-06  -5.648433752657639E-06   5.546966898163769E-08  -1.126365618517756E-06  -1.562015573796048E-06  -8.321899085040283E-06  -1.689375663292750E-06  -4.473271035192820E-07  -5.003373609353988E-07  -2.858094158943686E-06  -9.163253023272371E-06  -3.236101479981561E-07  -9.045762481473804E-06   0.000000000000000E+00   0.000000000000000E+00  -6.644112293682058E-03  -4.100178767501819E-03   4.129759889832973E-03  -7.485539073477008E-03  -1.220390091728489E-04  -9.770872842575775E-05   1.261711634880049E-04  -1.765511878872837E-04  -2.216687696880199E-02  -8.836750374757636E-03   2.425853122954680E-02  -1.036109384615706E-02  -4.191616257605421E-03  -2.420383681627789E-03  -7.018519500760234E-03  -5.490264759352001E-03   8.712778177142647E-07  -6.273161467406158E-06   1.456203208569147E-05  -9.983056614908676E-06   1.059809296890209E-05  -7.104341993045206E-04  -3.071074893152119E-04   1.219952305468103E-03  -2.421907222500394E-04  -1.555305581181939E-01  -2.211944560483455E-02   1.258064302622350E-01   2.135409222249004E-02   6.422445041440313E-02   2.513831279653176E-02  -3.756638598236454E-02   7.017795357804781E-02  -6.353308540125194E-05   2.060945005851076E-06   2.937451884899685E-06  -5.786907806948153E-06   4.761162588113200E-06  -6.678398421626208E-06  -9.738446928628904E-06   3.285977647546324E-05  -1.204817792910687E-05   1.893390668141286E-04   2.956358804811200E-02   0.000000000000000E+00   0.000000000000000E+00  -1.252832571096250E-01   0.000000000000000E+00   2.501303931148834E-02   4.155411288350572E-03   2.260574219622376E-02   2.001470450350179E-02   0.000000000000000E+00   0.000000000000000E+00   0.000000000000000E+00   0.000000000000000E+00   0.000000000000000E+00   6.074178876964531E-06   2.479581844716739E-06  -9.406348343759456E-06   2.535180424188071E-06   9.587920529980129E-02  -5.647232671054953E-02   9.430072541562612E-03  -7.648987794339068E-02   9.416004204935335E-03  -1.284825165264695E-03   1.323696687062415E-02   2.049740244366683E-03  -1.563570825608773E-03   0.000000000000000E+00   0.000000000000000E+00   0.000000000000000E+00   0.000000000000000E+00   0.000000000000000E+00  -4.812148200799781E-06  -6.335417007709134E-03   2.056506623631447E-02  -9.523988007776743E-03   2.251112598683062E-02  -9.224918948426574E-03   1.457957003701393E-04  -2.678421970156234E-05   2.853941667365855E-04   4.053796152823859E-05   0.000000000000000E+00   5.637400010031755E-04  -4.221391946166995E-04   8.052742886976184E-04  -4.693092741721766E-04  -2.999894042343527E-06  -3.791332052558604E-06   2.051434651328746E-05  -1.277731348343147E-06  -1.433240385055747E-05   5.823364089855416E-06  -1.102514735914410E-05   3.188944203993001E-05  -1.041601539634462E-05  -1.334132693342176E-04   9.817080800350004E-06   1.012077495967095E-05
  -1.167283140643494E-05   2.920647945980045E-05  -6.397717326335389E-07   2.952718830077557E-05   8.476032920919103E-06  -1.626921001140494E-06   5.367475401085648E-07  -5.735664352661298E-07  -2.528206024865427E-05   5.365267333976585E-05  -3.761073555932539E-06   2.431336054244902E-05  -1.929010841180331E-05   3.296994850311966E-05   1.377902919195083E-05   4.391351663464214E-05   4.393278701335118E-06  -5.274755079815668E-06   3.049277482099462E-06  -4.886801701887611E-06  -9.223854965238110E-06   2.710772160374090E-06   4.286586469048835E-06  -1.390201506049660E-06   3.251871828270895E-06  -6.566830562942354E-05   1.275656447920759E-04   2.365089906787832E-05   1.317930287788524E-05  -5.932025395086005E-05   7.951087007967514E-05   6.307435533765683E-05   7.177729234325681E-05  -5.406989994276187E-06   0.000000000000000E+00   0.000000000000000E+00   0.000000000000000E+00   0.000000000000000E+00   4.067452963505624E-06  -4.264086396427184E-06   2.326551790491725E-06  -1.720450565158800E-06  -1.892481274587491E-06   5.846586327093196E-06  -9.690887546495911E-05   1.590207448843581E-04   9.403753331642768E-05   3.828681875840104E-05  -5.932402356375030E-06   1.161397685006685E-05   1.923538397955493E-05   1.660933833120986E-05   0.000000000000000E+00   0.000000000000000E+00   0.000000000000000E+00   0.000000000000000E+00   0.000000000000000E+00  -1.863724079816103E-07  -5.000164512755457E-07   3.627502894944085E-07  -3.514641626942438E-07  -1.287204783640762E-05   2.076286107217214E-05   1.897441071273223E-05  -9.407177783881082E-06   1.516458991286285E-06   2.969310098009265E-06   6.615306843092437E-06   4.135420199205637E-06  -6.222169778445547E-06   0.000000000000000E+00   0.000000000000000E+00   0.000000000000000E+00   0.000000000000000E+00   0.000000000000000E+00   0.000000000000000E+00  -2.981792353550208E-06  -8.810400608389792E-07   3.312558047935374E-06   5.281332975625535E-06   9.124052609104170E-07   2.702555970804922E-06  -9.053907833565334E-07  -3.946676259277255E-06  -7.264450683169062E-07   0.000000000000000E+00  -6.996790221834847E-08   2.800085555485018E-08   5.546966898163769E-08   1.336718280543300E-06  -2.361525057800140E-07  -3.274903688065018E-07  -1.689375663292750E-06  -6.183551284465121E-07  -2.519177444598914E-07  -1.805175747550223E-08  -1.031176694519570E-07  -3.236101479981561E-07  -2.054835211549824E-07   1.711179205122565E-06   0.000000000000000E+00   0.000000000000000E+00   7.755834956301974E-03   4.786239064971392E-03  -7.485539073477008E-03   6.455252260555941E-03   1.398084488404802E-04   1.119355675858774E-04  -1.765511878872837E-04   1.743172119982931E-04   7.662503922954544E-03   3.054631218824774E-03  -1.036109384615706E-02  -2.133546852125574E-03   2.869563270466146E-02   1.656984725315126E-02  -5.490264759352001E-03   2.976563587816189E-02  -6.236834974477375E-07   4.490493393152523E-06  -9.983056614908676E-06   7.761964072490287E-06  -1.949604636333404E-05   1.289886541396816E-04   5.575939581985966E-05  -2.421907222500394E-04  -6.999499385578298E-05  -1.704854670437866E-02  -2.424632213962793E-03   2.135409222249004E-02  -6.666204007840532E-02   1.372094274043398E-01   5.370561339906434E-02   7.017795357804781E-02   7.951351330452786E-02  -2.148666511458574E-03  -1.627402966040133E-06  -2.319527156966439E-06   4.761162588113200E-06  -3.516966594956904E-06   2.416123122192777E-06   3.523193034173315E-06  -1.204817792910687E-05   3.916256977634762E-06   1.418339593324687E-05   1.838022215093404E-02   0.000000000000000E+00   0.000000000000000E+00   0.000000000000000E+00  -1.252832571096250E-01   1.667860016787606E-02   2.770812556938887E-03   2.001470450350179E-02   5.935248072147096E-03   0.000000000000000E+00   0.000000000000000E+00   0.000000000000000E+00   0.000000000000000E+00   0.000000000000000E+00  -1.515081485416928E-06  -6.184817109606864E-07   2.535180424188071E-06   1.252037640934216E-07  -9.684691269771674E-02   5.704230106697455E-02  -7.648987794339068E-02   1.096638091022500E-02   1.272817845312614E-03  -1.736775348505553E-04   2.049740244366683E-03  -1.649449071469911E-03  -1.444580814541514E-03   0.000000000000000E+00   0.000000000000000E+00   0.000000000000000E+00   0.000000000000000E+00   0.000000000000000E+00   3.948454065633883E-07   2.794621394929165E-02  -6.826013107973787E-03   3.161228183475085E-03  -9.224918948426574E-03  -2.219281787107400E-03   1.934859911936706E-05  -3.554543298704328E-06   4.053796152823859E-05  -1.468795925269465E-05   0.000000000000000E+00  -2.906695014221204E-04   2.176588303324609E-04  -4.693092741721766E-04   1.370508982875603E-04   1.950638784291179E-07   2.465260186346347E-07  -1.277731348343147E-06   9.471551868355736E-07  -4.595367757300782E-06  -1.883997783347534E-06   3.566899281103186E-06  -1.041601539634462E-05   3.063772865743472E-06   1.182258567503745E-04  -1.838628787364268E-07  -4.204582963814529E-06
  -2.151596548309606E-06  -3.230953260575885E-06  -1.694537919099114E-06  -4.349189608087844E-06  -4.329939414796787E-06   6.496606783125973E-07   1.529727852323960E-07   1.036378800730810E-06   2.293969739144975E-06  -7.803647937817843E-06  -3.079421007446399E-06  -6.562903544638953E-06  -4.038793704789529E-06  -5.740042345513802E-07  -5.986898060202320E-07  -9.898485733298786E-07  -2.672031608943288E-06   6.731438849160403E-07  -5.364337479259742E-08   8.813337904200175E-07   0.000000000000000E+00   6.212875667792426E-07  -7.727243535550678E-06  -7.056330337475253E-07  -5.304515189385681E-06   3.886546698772882E-06  -7.956813644458164E-06  -5.102048739818733E-06  -4.966307231655652E-06  -3.412862681326118E-06  -1.377692503201207E-06  -1.908211731806461E-06  -1.931863655033760E-06   0.000000000000000E+00   0.000000000000000E+00   0.000000000000000E+00   0.000000000000000E+00   0.000000000000000E+00  -3.781317741508972E-06  -1.515399176135102E-06   1.798473818018050E-07  -1.327747305978119E-06  -4.269874715451428E-06  -1.095362466090343E-05   4.190725833051976E-07  -5.500650323489029E-06  -6.027096669895417E-06  -4.408212983538341E-06  -8.217947153505189E-08   1.320693726759969E-08   3.058047599726564E-08   2.488536080728239E-08   0.000000000000000E+00   0.000000000000000E+00   0.000000000000000E+00   0.000000000000000E+00   0.000000000000000E+00  -3.140941462185399E-07   1.198058704634675E-07  -4.033677736695010E-08   8.948628948811152E-08  -2.134897329341471E-06  -3.143804941783017E-06  -4.409217213483186E-06  -1.686528937322321E-06   0.000000000000000E+00   0.000000000000000E+00   0.000000000000000E+00   0.000000000000000E+00   0.000000000000000E+00   0.000000000000000E+00   0.000000000000000E+00   0.000000000000000E+00   0.000000000000000E+00   0.000000000000000E+00   0.000000000000000E+00   4.968721511571534E-07  -9.579676006873994E-07   1.840066547101883E-07   3.905755924462171E-07   1.358201562043103E-07   0.000000000000000E+00   0.000000000000000E+00   0.000000000000000E+00   0.000000000000000E+00   0.000000000000000E+00   0.000000000000000E+00   0.000000000000000E+00   0.000000000000000E+00   0.000000000000000E+00   0.000000000000000E+00   0.000000000000000E+00   0.000000000000000E+00   0.000000000000000E+00   0.000000000000000E+00   0.000000000000000E+00   0.000000000000000E+00   0.000000000000000E+00   0.000000000000000E+00   0.000000000000000E+00   0.000000000000000E+00   0.000000000000000E+00  -3.723648780369874E-04  -1.553071549213987E-04   6.995714002298896E-04  -1.281038916778222E-04   2.091066963555441E-06  -1.860265498539464E-06   6.234494410568586E-06  -2.232684288005686E-06  -7.201884938527473E-05  -1.514576825347767E-05   1.624958399874063E-04   2.038777225756300E-05  -1.575364068706068E-02  -6.024211663492103E-03   2.048559489042717E-02  -7.428522648165999E-03  -1.535778506663475E-06   1.486583997598848E-06  -5.855625344105995E-06   1.494896191562382E-06  -1.039494375478297E-05   3.374263463325283E-06   1.022718252583267E-06  -1.010080508172082E-05  -1.163960366364859E-06  -6.317595816181726E-04   3.775207907678855E-05   1.090304526439367E-03   4.767304981674584E-04  -1.479747116536347E-01  -1.656660874008041E-02   1.504864367122165E-01   1.266089063896042E-02   6.361410509034076E-03   0.000000000000000E+00   0.000000000000000E+00   0.000000000000000E+00   0.000000000000000E+00  -3.454441134614393E-06   3.802356199226107E-07  -2.349916056295744E-06   1.174174669638746E-07   8.630243866634615E-07   1.764924145566557E-05  -2.187879978485242E-02   3.462776250298975E-03   2.501303931148834E-02   1.667860016787606E-02  -2.790599654103421E-01   0.000000000000000E+00   0.000000000000000E+00   0.000000000000000E+00   0.000000000000000E+00   0.000000000000000E+00   0.000000000000000E+00   0.000000000000000E+00   0.000000000000000E+00   0.000000000000000E+00   0.000000000000000E+00   0.000000000000000E+00   0.000000000000000E+00  -1.203420280322306E-02   6.305178572045436E-03   7.355444768942326E-03   1.493134097082257E-02  -1.580282214412302E-01   5.952912699147261E-02  -1.027057913144279E-01   1.071923604929650E-01   1.773361095402435E-01   0.000000000000000E+00   0.000000000000000E+00   0.000000000000000E+00   0.000000000000000E+00   0.000000000000000E+00   0.000000000000000E+00   3.643415881043942E-04  -2.425602849911804E-02   1.490088965064613E-02  -4.295153839564356E-03   2.930174118853020E-02  -1.663276469422314E-02   6.146946720428802E-03  -2.181180336213502E-02   7.106666979343902E-03   0.000000000000000E+00  -7.253877360765369E-04   6.506402174108309E-04  -4.445395774344105E-04   1.101878137698211E-03  -4.531542624892193E-04   2.924965643839126E-04  -7.296568244959733E-04   3.824959713028757E-04   6.703692788543280E-03  -1.009646160664165E-04   9.629676742245946E-05  -1.351756620620746E-04   1.467154000119064E-04   3.072965249000895E-05   5.055587668795827E-06  -1.245392481193058E-05
   3.231125261806255E-06  -3.387357198353220E-06  -2.111130611816228E-06  -5.418413606883843E-06  -6.493988537428165E-07  -2.626696497946165E-06  -5.550210441528493E-07  -3.760224691245769E-06   7.804253234678661E-06  -1.987135229799289E-06  -1.380350188171183E-06  -2.941820920519063E-06   5.738849901893698E-07  -2.187565776890111E-06  -2.315999970577479E-06  -3.829177052382761E-06  -6.731410481254009E-07  -1.953416394748331E-06   1.392473206167117E-07  -2.287763761311552E-06   0.000000000000000E+00   7.724411226509648E-06  -5.401804233002315E-06  -6.068687287763016E-07  -4.562065883821530E-06   7.952782544674579E-06   1.053874935740193E-06  -3.726261400523688E-07  -3.627123119391757E-07   1.377755997684783E-06  -2.209794463430137E-06  -3.427406657709349E-06  -3.469888714488307E-06   0.000000000000000E+00   0.000000000000000E+00   0.000000000000000E+00   0.000000000000000E+00   0.000000000000000E+00   1.515408148405079E-06  -6.379213407543947E-06   7.723704202333723E-07  -5.702127739686424E-06  -1.074664471684585E-05  -7.558928984786697E-06   5.501050736689568E-06  -2.396502900163009E-06  -3.961128897923809E-06  -2.897166047545683E-06  -1.320248510760149E-08  -2.089046688997995E-08  -3.175868503772152E-08  -2.584414761886664E-08   0.000000000000000E+00   0.000000000000000E+00   0.000000000000000E+00   0.000000000000000E+00   0.000000000000000E+00  -1.197907013446549E-07  -3.407782192674584E-07   1.056720366556360E-07  -2.344311836550556E-07   3.142777673073535E-06  -3.161524080626902E-06  -5.328374001304903E-06  -2.038107107673548E-06   0.000000000000000E+00   0.000000000000000E+00   0.000000000000000E+00   0.000000000000000E+00   0.000000000000000E+00   0.000000000000000E+00   0.000000000000000E+00   0.000000000000000E+00   0.000000000000000E+00   0.000000000000000E+00   0.000000000000000E+00  -6.579612647935777E-06  -1.840097197280343E-07  -3.494031003559100E-07  -5.716461787359572E-07  -1.987862907747010E-07   0.000000000000000E+00   0.000000000000000E+00   0.000000000000000E+00   0.000000000000000E+00   0.000000000000000E+00   0.000000000000000E+00   0.000000000000000E+00   0.000000000000000E+00   0.000000000000000E+00   0.000000000000000E+00   0.000000000000000E+00   0.000000000000000E+00   0.000000000000000E+00   0.000000000000000E+00   0.000000000000000E+00   0.000000000000000E+00   0.000000000000000E+00   0.000000000000000E+00   0.000000000000000E+00   0.000000000000000E+00   0.000000000000000E+00   1.553073310392367E-04  -4.702552299959700E-05  -2.922411699248283E-04   5.351452498422291E-05   1.860264493154439E-06   2.497487149156303E-06  -9.662994532572290E-06   3.460491685001192E-06   1.514578360522771E-05  -1.960275920081922E-05  -3.150044801034476E-05  -3.952248624308695E-06   6.024212068726765E-03  -2.835708708106161E-03  -8.163699808891700E-03   2.960335262292981E-03  -1.486588612681523E-06   7.933770695044777E-08   2.549346363208071E-06  -6.508285529519304E-07  -2.146844870486275E-06  -1.022721235064637E-06   1.493528063461820E-06   2.057898766376603E-07   2.371407608278909E-08  -3.775210892396481E-05  -1.887622137490333E-04   6.595338178850893E-05   2.883780429541576E-05   1.656664120578529E-02  -6.275571911005411E-02  -2.078338995190795E-02  -1.748571054221885E-03  -3.457995999531953E-03   0.000000000000000E+00   0.000000000000000E+00   0.000000000000000E+00   0.000000000000000E+00  -3.802364180528286E-07  -9.884256112019801E-08   1.752428237775916E-06  -8.756299365006691E-08   3.857560724269633E-07   5.706522214348655E-06  -3.462781560032176E-03  -6.835210983016932E-03   4.155411288350572E-03   2.770812556938887E-03   0.000000000000000E+00  -1.237931351786208E-01   0.000000000000000E+00   0.000000000000000E+00   0.000000000000000E+00   0.000000000000000E+00   0.000000000000000E+00   0.000000000000000E+00   0.000000000000000E+00   0.000000000000000E+00   0.000000000000000E+00   0.000000000000000E+00   0.000000000000000E+00  -6.305186634691262E-03  -5.237156711324141E-04   3.999885230433944E-03   8.119651781214366E-03  -5.952923746844953E-02  -4.282499106915049E-02  -4.849252143802883E-02   5.061085429237921E-02  -4.792667488654287E-02   0.000000000000000E+00   0.000000000000000E+00   0.000000000000000E+00   0.000000000000000E+00   0.000000000000000E+00   0.000000000000000E+00   2.620896999223399E-04  -1.490090935281442E-02   1.363630811259046E-03  -2.777337948713240E-03   1.894712990641866E-02  -6.146951787156525E-03  -3.177639341047450E-03  -8.411057303993287E-03   2.740469561880714E-03   0.000000000000000E+00  -6.506409310101837E-04   3.720083042334304E-04  -4.044226572048892E-04   1.002440518200283E-03  -2.924968711367428E-04   5.344787237380430E-05  -4.737819280128196E-04   2.483628915088873E-04   1.215744897926444E-03  -9.629682006010121E-05   5.567069467030153E-05  -1.216957192719188E-04   1.320846952798140E-04   4.298388929641154E-05   1.200786945851340E-05  -7.781054594788070E-07
   1.694628128577087E-06  -2.111130611816228E-06  -4.693166879567709E-07  -2.841795153852124E-06  -1.529111345353188E-07  -5.550210441528493E-07  -4.002640062705918E-07  -8.854038166716887E-07   3.079659865463034E-06  -1.380350188171183E-06   9.661451091632537E-07  -1.160880810484760E-06   5.985654334465406E-07  -2.315999970577479E-06  -2.382662283737258E-06  -3.993854276179481E-06   5.364314872648155E-08   1.392473206167117E-07  -2.171681319092774E-07   1.823137246508077E-07   0.000000000000000E+00   7.053743941935965E-07  -6.068687287763016E-07   1.188473756010348E-06  -4.165967301207443E-07   5.099463927795991E-06  -3.726261400523688E-07   1.396063287884884E-06  -2.325775086280823E-07   1.908299676625921E-06  -3.427406657709349E-06  -4.482498120812698E-06  -4.806066910913873E-06   0.000000000000000E+00   0.000000000000000E+00   0.000000000000000E+00   0.000000000000000E+00   0.000000000000000E+00  -1.798484466296665E-07   7.723704202333723E-07   3.713699155579728E-08   6.767277961028932E-07  -5.626904919353044E-07  -4.096191210354367E-06   6.027535405122278E-06  -3.961128897923809E-06  -3.121598604181030E-06  -3.174442804104832E-06  -3.057016708391182E-08  -3.175868503772152E-08  -8.071147575188582E-08  -5.984175739726064E-08   0.000000000000000E+00   0.000000000000000E+00   0.000000000000000E+00   0.000000000000000E+00   0.000000000000000E+00   4.033167016004921E-08   1.056720366556360E-07  -6.249562549354378E-08   7.892934149539906E-08   4.407776459059614E-06  -5.328374001304903E-06  -6.835450165284472E-06  -2.858465174680955E-06   0.000000000000000E+00   0.000000000000000E+00   0.000000000000000E+00   0.000000000000000E+00   0.000000000000000E+00   0.000000000000000E+00   0.000000000000000E+00   0.000000000000000E+00   0.000000000000000E+00   0.000000000000000E+00   0.000000000000000E+00  -7.790428012890118E-06  -3.905820983041869E-07  -5.716461787359572E-07  -1.293476789847941E-06  -4.219470943146051E-07   0.000000000000000E+00   0.000000000000000E+00   0.000000000000000E+00   0.000000000000000E+00   0.000000000000000E+00   0.000000000000000E+00   0.000000000000000E+00   0.000000000000000E+00   0.000000000000000E+00   0.000000000000000E+00   0.000000000000000E+00   0.000000000000000E+00   0.000000000000000E+00   0.000000000000000E+00   0.000000000000000E+00   0.000000000000000E+00   0.000000000000000E+00   0.000000000000000E+00   0.000000000000000E+00   0.000000000000000E+00   0.000000000000000E+00  -6.995721935417153E-04  -2.922411699248283E-04   1.204478111524783E-03  -2.410528426381728E-04  -6.234491041120880E-06  -9.662994532572290E-06   3.199877949510938E-05  -1.159749298414530E-05  -1.624960046931825E-04  -3.150044801034476E-05   3.154230184065839E-04   4.240286456902898E-05  -2.048559626844533E-02  -8.163699808891700E-03   2.252460477706989E-02  -1.006674936252594E-02   5.855643522826552E-06   2.549346363208071E-06  -9.315278149540560E-06   2.563600964014647E-06   5.189720346204415E-06   1.010083453798887E-05   2.057898766376603E-07  -5.181047535920834E-07  -2.342104089765899E-07  -1.090305388445174E-03   6.595338178850893E-05   1.713730570831865E-03   8.328544897331547E-04  -1.504867316215923E-01  -2.078338995190795E-02   1.237467956234956E-01   1.588353002213162E-02   6.537682857249885E-03   0.000000000000000E+00   0.000000000000000E+00   0.000000000000000E+00   0.000000000000000E+00   2.349920988866276E-06   1.752428237775916E-06  -1.064556804485436E-05   5.411531006944958E-07  -9.283702416433450E-06   5.140676158971653E-05  -2.501307766584788E-02   4.155411288350572E-03   2.260574219622376E-02   2.001470450350179E-02   0.000000000000000E+00   0.000000000000000E+00  -1.237931351786208E-01   0.000000000000000E+00   0.000000000000000E+00   0.000000000000000E+00   0.000000000000000E+00   0.000000000000000E+00   0.000000000000000E+00   0.000000000000000E+00   0.000000000000000E+00   0.000000000000000E+00   0.000000000000000E+00  -7.355454174599182E-03   3.999885230433944E-03   7.136871595421322E-04   9.472158407147498E-03   1.027059819207060E-01  -4.849252143802883E-02   1.273264281732425E-02  -8.731906718441582E-02  -6.275212147627045E-02   0.000000000000000E+00   0.000000000000000E+00   0.000000000000000E+00   0.000000000000000E+00   0.000000000000000E+00   0.000000000000000E+00   2.889311686519771E-04   4.295159518677870E-03  -2.777337948713240E-03  -7.471039269579686E-03  -5.461475098082477E-03   2.181182134089323E-02  -8.411057303993287E-03   2.429774308311506E-02  -9.724272215505500E-03   0.000000000000000E+00   4.445400649898154E-04  -4.044226572048892E-04   5.639964901472202E-05  -6.849015361165519E-04   7.296575897162299E-04  -4.737819280128196E-04   1.045411667274623E-03  -6.195617344180327E-04  -9.956435592475527E-03   1.351757359516584E-04  -1.216957192719188E-04   1.398059984201373E-04  -1.854126219459364E-04  -1.454015853622675E-05  -3.545856087376600E-05   1.013919843892920E-06
   4.349421139126324E-06  -5.418413606883843E-06  -2.841795153852124E-06  -6.655824404235141E-06  -1.035961122021463E-06  -3.760224691245769E-06  -8.854038166716887E-07  -6.268118054181340E-06   6.563412602062490E-06  -2.941820920519063E-06  -1.160880810484760E-06  -9.632355727759758E-07   9.896429409416333E-07  -3.829177052382761E-06  -3.993854276179481E-06  -6.570331510741065E-06  -8.813300762669175E-07  -2.287763761311552E-06   1.823137246508077E-07  -3.201394619213864E-06   0.000000000000000E+00   5.302570896280376E-06  -4.562065883821530E-06  -4.165967301207443E-07  -1.887826485359299E-06   4.963791189317437E-06  -3.627123119391757E-07  -2.325775086280823E-07   1.408608001754507E-06   1.931952689912611E-06  -3.469888714488307E-06  -4.806066910913873E-06  -4.600909377490199E-06   0.000000000000000E+00   0.000000000000000E+00   0.000000000000000E+00   0.000000000000000E+00   0.000000000000000E+00   1.327755167211962E-06  -5.702127739686424E-06   6.767277961028932E-07  -4.867231483690773E-06  -4.910697074455009E-06  -2.671731930746404E-06   4.408533874081386E-06  -2.897166047545683E-06  -3.174442804104832E-06  -1.103149666237392E-06  -2.487697176100451E-08  -2.584414761886664E-08  -5.984175739726064E-08  -5.587189632468522E-08   0.000000000000000E+00   0.000000000000000E+00   0.000000000000000E+00   0.000000000000000E+00   0.000000000000000E+00  -8.947495925736328E-08  -2.344311836550556E-07   7.892934149539906E-08  -2.020205693417967E-07   1.685977847659626E-06  -2.038107107673548E-06  -2.858465174680955E-06  -4.557185587170044E-07   0.000000000000000E+00   0.000000000000000E+00   0.000000000000000E+00   0.000000000000000E+00   0.000000000000000E+00   0.000000000000000E+00   0.000000000000000E+00   0.000000000000000E+00   0.000000000000000E+00   0.000000000000000E+00   0.000000000000000E+00  -1.617689083926425E-06  -1.358224185746754E-07  -1.987862907747010E-07  -4.219470943146051E-07  -2.268204769322657E-07   0.000000000000000E+00   0.000000000000000E+00   0.000000000000000E+00   0.000000000000000E+00   0.000000000000000E+00   0.000000000000000E+00   0.000000000000000E+00   0.000000000000000E+00   0.000000000000000E+00   0.000000000000000E+00   0.000000000000000E+00   0.000000000000000E+00   0.000000000000000E+00   0.000000000000000E+00   0.000000000000000E+00   0.000000000000000E+00   0.000000000000000E+00   0.000000000000000E+00   0.000000000000000E+00   0.000000000000000E+00   0.000000000000000E+00   1.281040369472430E-04   5.351452498422291E-05  -2.410528426381728E-04  -6.776298797487653E-05   2.232683081346019E-06   3.460491685001192E-06  -1.159749298414530E-05   3.767486687693955E-06  -2.038779292260806E-05  -3.952248624308695E-06   4.240286456902898E-05  -1.721868918101899E-05   7.428523147865384E-03   2.960335262292981E-03  -1.006674936252594E-02  -1.585990544494309E-03  -1.494900832450166E-06  -6.508285529519304E-07   2.563600964014647E-06   7.207976140036484E-08  -3.233721958422826E-06   1.163963760740680E-06   2.371407608278909E-08  -2.342104089765899E-07   1.487375428112275E-06  -4.767308750754209E-04   2.883780429541576E-05   8.328544897331547E-04   1.731158202671554E-04  -1.266091545060084E-02  -1.748571054221885E-03   1.588353002213162E-02  -6.370737067536292E-02  -6.085133558310077E-03   0.000000000000000E+00   0.000000000000000E+00   0.000000000000000E+00   0.000000000000000E+00  -1.174177134279710E-07  -8.756299365006691E-08   5.411531006944958E-07   1.576750321029536E-07  -2.478530586037461E-06   3.317064912241873E-05  -1.667862574241817E-02   2.770812556938887E-03   2.001470450350179E-02   5.935248072147096E-03   0.000000000000000E+00   0.000000000000000E+00   0.000000000000000E+00  -1.237931351786208E-01   0.000000000000000E+00   0.000000000000000E+00   0.000000000000000E+00   0.000000000000000E+00   0.000000000000000E+00   0.000000000000000E+00   0.000000000000000E+00   0.000000000000000E+00   0.000000000000000E+00  -1.493136006403501E-02   8.119651781214366E-03   9.472158407147498E-03   1.527574172563632E-02  -1.071925594256310E-01   5.061085429237921E-02  -8.731906718441582E-02   2.020182930656535E-02  -1.296741515231331E-01   0.000000000000000E+00   0.000000000000000E+00   0.000000000000000E+00   0.000000000000000E+00   0.000000000000000E+00   0.000000000000000E+00   5.663984010802959E-04  -2.930177993170928E-02   1.894712990641866E-02  -5.461475098082477E-03   2.898683779453239E-02  -7.106672837137737E-03   2.740469561880714E-03  -9.724272215505500E-03  -2.379684084758154E-03   0.000000000000000E+00  -1.101879346199476E-03   1.002440518200283E-03  -6.849015361165519E-04   1.477746484734626E-03  -3.824963724416789E-04   2.483628915088873E-04  -6.195617344180327E-04   1.883061754471102E-04  -6.859624850746918E-04  -1.467154802093302E-04   1.320846952798140E-04  -1.854126219459364E-04   1.702178134697425E-04   7.191999874699532E-05   1.208684387964081E-05  -1.105113881751665E-06
   0.000000000000000E+00   0.000000000000000E+00   0.000000000000000E+00   0.000000000000000E+00   0.000000000000000E+00   0.000000000000000E+00   0.000000000000000E+00   0.000000000000000E+00   0.000000000000000E+00   0.000000000000000E+00   0.000000000000000E+00   0.000000000000000E+00   0.000000000000000E+00   0.000000000000000E+00   0.000000000000000E+00   0.000000000000000E+00   0.000000000000000E+00   0.000000000000000E+00   0.000000000000000E+00   0.000000000000000E+00   0.000000000000000E+00   0.000000000000000E+00   0.000000000000000E+00   0.000000000000000E+00   0.000000000000000E+00   0.000000000000000E+00   0.000000000000000E+00   0.000000000000000E+00   0.000000000000000E+00   0.000000000000000E+00   0.000000000000000E+00   0.000000000000000E+00   0.000000000000000E+00   0.000000000000000E+00   0.000000000000000E+00   0.000000000000000E+00   0.000000000000000E+00   0.000000000000000E+00   0.000000000000000E+00   0.000000000000000E+00   0.000000000000000E+00   0.000000000000000E+00   0.000000000000000E+00   0.000000000000000E+00   0.000000000000000E+00   0.000000000000000E+00   0.000000000000000E+00   0.000000000000000E+00   0.000000000000000E+00   0.000000000000000E+00   0.000000000000000E+00   0.000000000000000E+00   0.000000000000000E+00   0.000000000000000E+00   0.000000000000000E+00   0.000000000000000E+00   0.000000000000000E+00   0.000000000000000E+00   0.000000000000000E+00   0.000000000000000E+00   0.000000000000000E+00   0.000000000000000E+00   0.000000000000000E+00   0.000000000000000E+00   0.000000000000000E+00   0.000000000000000E+00   0.000000000000000E+00   0.000000000000000E+00   0.000000000000000E+00   0.000000000000000E+00   0.000000000000000E+00   0.000000000000000E+00   0.000000000000000E+00   0.000000000000000E+00   0.000000000000000E+00   0.000000000000000E+00   0.000000000000000E+00  -2.826402440733223E-06   8.273162890146396E-07  -3.241105863379755E-07   7.288862246806330E-07  -2.936154752675880E-06   6.213681577781644E-07  -9.163192189908189E-08   9.906658649593192E-07   0.000000000000000E+00  -1.729637814081086E-06  -5.013306668666314E-06   8.432409060992035E-07  -3.514837521032025E-06  -1.390922114716452E-06  -3.987744131349995E-06  -4.888958660725145E-07  -5.388380275745569E-06   0.000000000000000E+00   1.389342915855063E-06  -7.476178518294253E-06  -5.303474392616291E-07  -6.417601970375643E-06   1.321875252078884E-06   1.071426508528678E-07  -9.846744838943421E-06   9.961995514006060E-07   2.694374124859145E-06  -9.007042952352059E-06   3.300780110229369E-06  -4.387912526265676E-04   1.803343066336562E-04  -8.130461647273704E-04   1.551637873691876E-04   4.152674499525270E-06  -1.934342348315982E-07   4.304342861982799E-07  -3.126017921395852E-07  -1.119253812931192E-06  -1.618793587273858E-06   6.402034988937562E-06  -1.621376885477997E-06  -1.782630690518264E-02   6.674793674688925E-03  -2.284081517059364E-02   8.211248266094807E-03   9.614108087629259E-05  -9.887540343814202E-05   8.181832613278165E-05  -1.300889211206465E-04   1.529456567014552E-04  -3.058042415518195E-06  -1.151786209801773E-06   2.434693724536380E-06  -1.916419926617777E-06   0.000000000000000E+00   0.000000000000000E+00   0.000000000000000E+00   0.000000000000000E+00   1.950724754005119E-06  -1.546678151276236E-01   9.730599644118827E-03  -1.549682671984249E-01  -1.890394323437753E-02  -7.439485086955644E-03   4.519998164270568E-03  -6.768672126921354E-03   8.147176264056536E-03  -4.690804812929143E-06   0.000000000000000E+00   0.000000000000000E+00   0.000000000000000E+00   0.000000000000000E+00   0.000000000000000E+00   0.000000000000000E+00   0.000000000000000E+00   0.000000000000000E+00   0.000000000000000E+00  -2.727895670225384E-01   0.000000000000000E+00   0.000000000000000E+00   0.000000000000000E+00   2.866088931830906E-02  -2.192497147229167E-02   1.249752750457440E-02  -3.294047304180040E-03   2.733634908284378E-02   0.000000000000000E+00   0.000000000000000E+00   0.000000000000000E+00   0.000000000000000E+00   0.000000000000000E+00   0.000000000000000E+00   0.000000000000000E+00   0.000000000000000E+00   0.000000000000000E+00  -1.564006296220483E-01   4.834152469189064E-02   6.385565783133329E-02   1.361126705105252E-01   1.789718785529394E-01   1.153889501725252E-03   0.000000000000000E+00   0.000000000000000E+00   0.000000000000000E+00   0.000000000000000E+00   0.000000000000000E+00   0.000000000000000E+00   0.000000000000000E+00   0.000000000000000E+00   0.000000000000000E+00   2.704918962212596E-02   0.000000000000000E+00   0.000000000000000E+00   0.000000000000000E+00   0.000000000000000E+00   0.000000000000000E+00   0.000000000000000E+00   0.000000000000000E+00   0.000000000000000E+00   0.000000000000000E+00   0.000000000000000E+00   0.000000000000000E+00   0.000000000000000E+00   0.000000000000000E+00   0.000000000000000E+00   0.000000000000000E+00   0.000000000000000E+00
   0.000000000000000E+00   0.000000000000000E+00   0.000000000000000E+00   0.000000000000000E+00   0.000000000000000E+00   0.000000000000000E+00   0.000000000000000E+00   0.000000000000000E+00   0.000000000000000E+00   0.000000000000000E+00   0.000000000000000E+00   0.000000000000000E+00   0.000000000000000E+00   0.000000000000000E+00   0.000000000000000E+00   0.000000000000000E+00   0.000000000000000E+00   0.000000000000000E+00   0.000000000000000E+00   0.000000000000000E+00   0.000000000000000E+00   0.000000000000000E+00   0.000000000000000E+00   0.000000000000000E+00   0.000000000000000E+00   0.000000000000000E+00   0.000000000000000E+00   0.000000000000000E+00   0.000000000000000E+00   0.000000000000000E+00   0.000000000000000E+00   0.000000000000000E+00   0.000000000000000E+00   0.000000000000000E+00   0.000000000000000E+00   0.000000000000000E+00   0.000000000000000E+00   0.000000000000000E+00   0.000000000000000E+00   0.000000000000000E+00   0.000000000000000E+00   0.000000000000000E+00   0.000000000000000E+00   0.000000000000000E+00   0.000000000000000E+00   0.000000000000000E+00   0.000000000000000E+00   0.000000000000000E+00   0.000000000000000E+00   0.000000000000000E+00   0.000000000000000E+00   0.000000000000000E+00   0.000000000000000E+00   0.000000000000000E+00   0.000000000000000E+00   0.000000000000000E+00   0.000000000000000E+00   0.000000000000000E+00   0.000000000000000E+00   0.000000000000000E+00   0.000000000000000E+00   0.000000000000000E+00   0.000000000000000E+00   0.000000000000000E+00   0.000000000000000E+00   0.000000000000000E+00   0.000000000000000E+00   0.000000000000000E+00   0.000000000000000E+00   0.000000000000000E+00   0.000000000000000E+00   0.000000000000000E+00   0.000000000000000E+00   0.000000000000000E+00   0.000000000000000E+00   0.000000000000000E+00   0.000000000000000E+00  -8.273278665748616E-07  -2.832078627362407E-06   1.025573934254965E-06  -2.306394004330548E-06  -6.212853025060340E-07  -1.697428884629895E-06   2.179615203071928E-07  -2.356460866124613E-06   0.000000000000000E+00   5.012746038916559E-06  -7.119990968533382E-06   1.318076869306335E-06  -5.494071744305656E-06   3.987485535935486E-06  -3.332064217846768E-06  -5.064540570247087E-07  -5.581898397640559E-06   0.000000000000000E+00   7.475715684954325E-06  -3.326465776784098E-06  -3.312657908962887E-07  -4.008564640820886E-06  -8.445827921711458E-06  -5.252658414658144E-06  -7.940124576126365E-06  -2.694374009240950E-06   2.499144933687661E-06  -1.099222695123706E-05   4.028283675309413E-06  -1.803342100409695E-04  -5.737224647004742E-05  -3.360961877414876E-04   6.414144691009226E-05   1.934340353804164E-07   3.436129629614098E-06  -6.450709696244801E-06   4.684811308663781E-06   1.618788991755149E-06   1.935782423615505E-07   2.459819969165780E-06  -6.229730464351091E-07  -6.674794398491220E-03  -3.344741353567396E-03  -8.929097765092795E-03   3.210000956349566E-03   2.325161376816369E-05  -8.181831127655897E-05   3.366543075220028E-05  -1.016909508599728E-04   1.195581385862189E-04   1.151785577030176E-06  -1.071764734827273E-06   2.919179120415803E-06  -2.297772807869989E-06   0.000000000000000E+00   0.000000000000000E+00   0.000000000000000E+00   0.000000000000000E+00  -1.380194106065827E-06  -9.730597086073238E-03  -6.814545809281745E-02  -1.219503967633093E-02  -1.487622865958489E-03  -4.519997647317156E-03   4.400886199400891E-04  -4.241988057752879E-03   5.105909071747994E-03   7.912418405071855E-06   0.000000000000000E+00   0.000000000000000E+00   0.000000000000000E+00   0.000000000000000E+00   0.000000000000000E+00   0.000000000000000E+00   0.000000000000000E+00   0.000000000000000E+00   0.000000000000000E+00   0.000000000000000E+00  -1.175212582108658E-01   0.000000000000000E+00   0.000000000000000E+00  -3.744712588501225E-03  -1.249752664383535E-02   6.054649816258502E-05  -1.969802056926471E-03   1.634681948371395E-02   0.000000000000000E+00   0.000000000000000E+00   0.000000000000000E+00   0.000000000000000E+00   0.000000000000000E+00   0.000000000000000E+00   0.000000000000000E+00   0.000000000000000E+00   0.000000000000000E+00  -4.834151663500424E-02  -5.121247426300731E-02   2.474439830412460E-02   5.274436514688688E-02  -5.836981196953170E-02   7.742326091935864E-04   0.000000000000000E+00   0.000000000000000E+00   0.000000000000000E+00   0.000000000000000E+00   0.000000000000000E+00   0.000000000000000E+00   0.000000000000000E+00   0.000000000000000E+00   0.000000000000000E+00   4.611208397714164E-03   0.000000000000000E+00   0.000000000000000E+00   0.000000000000000E+00   0.000000000000000E+00   0.000000000000000E+00   0.000000000000000E+00   0.000000000000000E+00   0.000000000000000E+00   0.000000000000000E+00   0.000000000000000E+00   0.000000000000000E+00   0.000000000000000E+00   0.000000000000000E+00   0.000000000000000E+00   0.000000000000000E+00   0.000000000000000E+00
   0.000000000000000E+00   0.000000000000000E+00   0.000000000000000E+00   0.000000000000000E+00   0.000000000000000E+00   0.000000000000000E+00   0.000000000000000E+00   0.000000000000000E+00   0.000000000000000E+00   0.000000000000000E+00   0.000000000000000E+00   0.000000000000000E+00   0.000000000000000E+00   0.000000000000000E+00   0.000000000000000E+00   0.000000000000000E+00   0.000000000000000E+00   0.000000000000000E+00   0.000000000000000E+00   0.000000000000000E+00   0.000000000000000E+00   0.000000000000000E+00   0.000000000000000E+00   0.000000000000000E+00   0.000000000000000E+00   0.000000000000000E+00   0.000000000000000E+00   0.000000000000000E+00   0.000000000000000E+00   0.000000000000000E+00   0.000000000000000E+00   0.000000000000000E+00   0.000000000000000E+00   0.000000000000000E+00   0.000000000000000E+00   0.000000000000000E+00   0.000000000000000E+00   0.000000000000000E+00   0.000000000000000E+00   0.000000000000000E+00   0.000000000000000E+00   0.000000000000000E+00   0.000000000000000E+00   0.000000000000000E+00   0.000000000000000E+00   0.000000000000000E+00   0.000000000000000E+00   0.000000000000000E+00   0.000000000000000E+00   0.000000000000000E+00   0.000000000000000E+00   0.000000000000000E+00   0.000000000000000E+00   0.000000000000000E+00   0.000000000000000E+00   0.000000000000000E+00   0.000000000000000E+00   0.000000000000000E+00   0.000000000000000E+00   0.000000000000000E+00   0.000000000000000E+00   0.000000000000000E+00   0.000000000000000E+00   0.000000000000000E+00   0.000000000000000E+00   0.000000000000000E+00   0.000000000000000E+00   0.000000000000000E+00   0.000000000000000E+00   0.000000000000000E+00   0.000000000000000E+00   0.000000000000000E+00   0.000000000000000E+00   0.000000000000000E+00   0.000000000000000E+00   0.000000000000000E+00   0.000000000000000E+00   3.241151219791587E-07   1.025573934254965E-06  -6.160054413294503E-07   9.035561404940951E-07   9.161970339749030E-08   2.179615203071928E-07  -2.515453949063921E-07   3.475025801371396E-07   0.000000000000000E+00  -8.431466078706262E-07   1.318076869306335E-06   4.946491099389366E-07   9.241058530885365E-07   4.888641623761453E-07  -5.064540570247087E-07   7.368045636987139E-07  -6.843385537174395E-07   0.000000000000000E+00   5.303146066485454E-07  -3.312657908962887E-07   1.319807859440583E-06  -2.843607850149512E-07   1.478228431093180E-06  -2.271904645405213E-06  -2.014798951667592E-06   9.007042565851153E-06  -1.099222695123706E-05   3.595691706528976E-05  -1.346617893670104E-05   8.130457292344518E-04  -3.360961877414876E-04   1.383387673600329E-03  -2.891848943432368E-04  -4.304338423749455E-07  -6.450709696244801E-06   1.489149149754738E-05  -1.042474933857427E-05  -6.402016814494694E-06   2.459819969165780E-06  -8.912583045535143E-06   2.463745391504245E-06   2.284081764740944E-02  -8.929097765092795E-03   2.460083243190876E-02  -1.098446515574524E-02  -1.998595712459634E-04   1.300888974996551E-04  -1.016909508599728E-04   1.313936235640274E-04  -1.900942001017344E-04  -2.434692386957392E-06   2.919179120415803E-06  -5.861464461182488E-06   4.857127987922531E-06   0.000000000000000E+00   0.000000000000000E+00   0.000000000000000E+00   0.000000000000000E+00   7.455451265238009E-06   1.549682264593228E-01  -1.219503967633093E-02   1.253054235224394E-01   2.369168871536880E-02   6.768671352786492E-03  -4.241988057752879E-03   3.959718415922015E-03  -7.646070454126573E-03  -8.649746740321818E-06   0.000000000000000E+00   0.000000000000000E+00   0.000000000000000E+00   0.000000000000000E+00   0.000000000000000E+00   0.000000000000000E+00   0.000000000000000E+00   0.000000000000000E+00   0.000000000000000E+00   0.000000000000000E+00   0.000000000000000E+00  -1.175212582108658E-01   0.000000000000000E+00  -2.978191459561944E-02   3.294047077309953E-03  -1.969802056926471E-03  -6.893637513786176E-03  -4.308627977216799E-03   0.000000000000000E+00   0.000000000000000E+00   0.000000000000000E+00   0.000000000000000E+00   0.000000000000000E+00   0.000000000000000E+00   0.000000000000000E+00   0.000000000000000E+00   0.000000000000000E+00  -6.385564718876907E-02   2.474439830412460E-02  -3.725950505433654E-02   6.967149163823336E-02   8.733257217318205E-02   1.226739196671421E-04   0.000000000000000E+00   0.000000000000000E+00   0.000000000000000E+00   0.000000000000000E+00   0.000000000000000E+00   0.000000000000000E+00   0.000000000000000E+00   0.000000000000000E+00   0.000000000000000E+00   2.558589202507972E-02   0.000000000000000E+00   0.000000000000000E+00   0.000000000000000E+00   0.000000000000000E+00   0.000000000000000E+00   0.000000000000000E+00   0.000000000000000E+00   0.000000000000000E+00   0.000000000000000E+00   0.000000000000000E+00   0.000000000000000E+00   0.000000000000000E+00   0.000000000000000E+00   0.000000000000000E+00   0.000000000000000E+00   0.000000000000000E+00
   0.000000000000000E+00   0.000000000000000E+00   0.000000000000000E+00   0.000000000000000E+00   0.000000000000000E+00   0.000000000000000E+00   0.000000000000000E+00   0.000000000000000E+00   0.000000000000000E+00   0.000000000000000E+00   0.000000000000000E+00   0.000000000000000E+00   0.000000000000000E+00   0.000000000000000E+00   0.000000000000000E+00   0.000000000000000E+00   0.000000000000000E+00   0.000000000000000E+00   0.000000000000000E+00   0.000000000000000E+00   0.000000000000000E+00   0.000000000000000E+00   0.000000000000000E+00   0.000000000000000E+00   0.000000000000000E+00   0.000000000000000E+00   0.000000000000000E+00   0.000000000000000E+00   0.000000000000000E+00   0.000000000000000E+00   0.000000000000000E+00   0.000000000000000E+00   0.000000000000000E+00   0.000000000000000E+00   0.000000000000000E+00   0.000000000000000E+00   0.000000000000000E+00   0.000000000000000E+00   0.000000000000000E+00   0.000000000000000E+00   0.000000000000000E+00   0.000000000000000E+00   0.000000000000000E+00   0.000000000000000E+00   0.000000000000000E+00   0.000000000000000E+00   0.000000000000000E+00   0.000000000000000E+00   0.000000000000000E+00   0.000000000000000E+00   0.000000000000000E+00   0.000000000000000E+00   0.000000000000000E+00   0.000000000000000E+00   0.000000000000000E+00   0.000000000000000E+00   0.000000000000000E+00   0.000000000000000E+00   0.000000000000000E+00   0.000000000000000E+00   0.000000000000000E+00   0.000000000000000E+00   0.000000000000000E+00   0.000000000000000E+00   0.000000000000000E+00   0.000000000000000E+00   0.000000000000000E+00   0.000000000000000E+00   0.000000000000000E+00   0.000000000000000E+00   0.000000000000000E+00   0.000000000000000E+00   0.000000000000000E+00   0.000000000000000E+00   0.000000000000000E+00   0.000000000000000E+00   0.000000000000000E+00  -7.288964247991044E-07  -2.306394004330548E-06   9.035561404940951E-07  -2.246215636857649E-06  -9.905337663173082E-07  -2.356460866124613E-06   3.475025801371396E-07  -3.976379183384226E-06   0.000000000000000E+00   3.514444462595732E-06  -5.494071744305656E-06   9.241058530885365E-07  -3.135552347772140E-06   5.388030852516536E-06  -5.581898397640559E-06  -6.843385537174395E-07  -6.743562016924578E-06   0.000000000000000E+00   6.417204671120816E-06  -4.008564640820886E-06  -2.843607850149512E-07  -2.097671580205379E-06  -3.953085751314043E-06  -8.587657587778922E-06  -5.461405689597957E-06  -3.300779968589709E-06   4.028283675309413E-06  -1.346617893670104E-05   4.145825625843909E-06  -1.551637042586171E-04   6.414144691009226E-05  -2.891848943432368E-04  -7.672987978180253E-05   3.126014698140313E-07   4.684811308663781E-06  -1.042474933857427E-05   8.108172020549507E-06   1.621372282625681E-06  -6.229730464351091E-07   2.463745391504245E-06   1.915915244544849E-07  -8.211249156507401E-03   3.210000956349566E-03  -1.098446515574524E-02  -2.005196991754838E-03  -1.050565308996126E-05  -1.529456289302352E-04   1.195581385862189E-04  -1.900942001017344E-04   1.932016826382172E-04   1.916418873769527E-06  -2.297772807869989E-06   4.857127987922531E-06  -3.513971960906072E-06   0.000000000000000E+00   0.000000000000000E+00   0.000000000000000E+00   0.000000000000000E+00  -6.712401913919594E-07   1.890393826478158E-02  -1.487622865958489E-03   2.369168871536880E-02  -6.602114389728063E-02  -8.147175332261784E-03   5.105909071747994E-03  -7.646070454126573E-03   6.810629942478038E-03   1.636131107344198E-05   0.000000000000000E+00   0.000000000000000E+00   0.000000000000000E+00   0.000000000000000E+00   0.000000000000000E+00   0.000000000000000E+00   0.000000000000000E+00   0.000000000000000E+00   0.000000000000000E+00   0.000000000000000E+00   0.000000000000000E+00   0.000000000000000E+00  -1.175212582108658E-01  -1.818287035324669E-02  -2.733634720011432E-02   1.634681948371395E-02  -4.308627977216799E-03   2.834323173770876E-02   0.000000000000000E+00   0.000000000000000E+00   0.000000000000000E+00   0.000000000000000E+00   0.000000000000000E+00   0.000000000000000E+00   0.000000000000000E+00   0.000000000000000E+00   0.000000000000000E+00  -1.361126478251769E-01   5.274436514688688E-02   6.967149163823336E-02   7.856444958633896E-02  -1.101533168728638E-01   1.872096419093309E-03   0.000000000000000E+00   0.000000000000000E+00   0.000000000000000E+00   0.000000000000000E+00   0.000000000000000E+00   0.000000000000000E+00   0.000000000000000E+00   0.000000000000000E+00   0.000000000000000E+00   2.111013455282732E-02   0.000000000000000E+00   0.000000000000000E+00   0.000000000000000E+00   0.000000000000000E+00   0.000000000000000E+00   0.000000000000000E+00   0.000000000000000E+00   0.000000000000000E+00   0.000000000000000E+00   0.000000000000000E+00   0.000000000000000E+00   0.000000000000000E+00   0.000000000000000E+00   0.000000000000000E+00   0.000000000000000E+00   0.000000000000000E+00
   0.000000000000000E+00   0.000000000000000E+00   0.000000000000000E+00   0.000000000000000E+00   0.000000000000000E+00   0.000000000000000E+00   0.000000000000000E+00   0.000000000000000E+00   0.000000000000000E+00   0.000000000000000E+00   0.000000000000000E+00   0.000000000000000E+00   0.000000000000000E+00   0.000000000000000E+00   0.000000000000000E+00   0.000000000000000E+00   0.000000000000000E+00   0.000000000000000E+00   0.000000000000000E+00   0.000000000000000E+00   0.000000000000000E+00   0.000000000000000E+00   0.000000000000000E+00   0.000000000000000E+00   0.000000000000000E+00   0.000000000000000E+00   0.000000000000000E+00   0.000000000000000E+00   0.000000000000000E+00   0.000000000000000E+00   0.000000000000000E+00   0.000000000000000E+00   0.000000000000000E+00   0.000000000000000E+00   0.000000000000000E+00   0.000000000000000E+00   0.000000000000000E+00   0.000000000000000E+00   0.000000000000000E+00   0.000000000000000E+00   0.000000000000000E+00   0.000000000000000E+00   0.000000000000000E+00   0.000000000000000E+00   0.000000000000000E+00   0.000000000000000E+00   0.000000000000000E+00   0.000000000000000E+00   0.000000000000000E+00   0.000000000000000E+00   0.000000000000000E+00   0.000000000000000E+00   0.000000000000000E+00   0.000000000000000E+00   0.000000000000000E+00   0.000000000000000E+00   0.000000000000000E+00   0.000000000000000E+00   0.000000000000000E+00   0.000000000000000E+00   0.000000000000000E+00   0.000000000000000E+00   0.000000000000000E+00   0.000000000000000E+00   0.000000000000000E+00   0.000000000000000E+00   0.000000000000000E+00   0.000000000000000E+00   0.000000000000000E+00   0.000000000000000E+00   0.000000000000000E+00   0.000000000000000E+00   0.000000000000000E+00   0.000000000000000E+00   0.000000000000000E+00   0.000000000000000E+00   0.000000000000000E+00   0.000000000000000E+00   0.000000000000000E+00   0.000000000000000E+00   0.000000000000000E+00   0.000000000000000E+00   0.000000000000000E+00   0.000000000000000E+00   0.000000000000000E+00   0.000000000000000E+00   0.000000000000000E+00   0.000000000000000E+00   0.000000000000000E+00   0.000000000000000E+00   0.000000000000000E+00   0.000000000000000E+00   0.000000000000000E+00   0.000000000000000E+00   0.000000000000000E+00   0.000000000000000E+00   0.000000000000000E+00   0.000000000000000E+00   0.000000000000000E+00   0.000000000000000E+00   0.000000000000000E+00   0.000000000000000E+00   9.037577424145827E-05  -7.221689192408126E-05   1.240867853012869E-04  -1.261796433829194E-04   6.342814210624942E-03  -3.559219243467598E-03   6.328269778591803E-03  -6.178230303076041E-03  -6.526849947370872E-06  -6.517508324250214E-06   6.982024428134385E-06  -1.292645174543610E-05  -1.091506448531323E-05  -1.433936336783670E-06   3.421631048118669E-06  -2.164225343326522E-06   2.703682744379936E-02  -1.374462896610124E-02   6.980753709649515E-03  -2.967399995956522E-02  -7.402866524447679E-03   1.855030630095913E-05  -2.494584123237269E-05   1.005596021306419E-05  -5.589700301858457E-05   1.940206090954355E-07   3.907789749011918E-06  -4.712672025529894E-06   7.626879833654975E-06   1.916373388514491E-06   2.010443360899839E-06  -4.472733277645367E-06   3.185852919021900E-06   5.549906287005556E-06   1.773568748490483E-01  -4.423750038999244E-02  -5.904156471238052E-02  -1.314449871644943E-01   1.166723767404711E-03  -8.104318212368235E-04  -8.399362317673807E-05  -1.879993812367064E-03   9.162941235440167E-06   0.000000000000000E+00   0.000000000000000E+00   0.000000000000000E+00   0.000000000000000E+00   0.000000000000000E+00   0.000000000000000E+00   0.000000000000000E+00   0.000000000000000E+00   0.000000000000000E+00   2.866088931830906E-02  -3.744712588501225E-03  -2.978191459561944E-02  -1.818287035324669E-02  -1.393171787262197E-01   3.082930082167587E-04  -1.872859637476469E-04  -2.373551742901450E-04  -5.027674522338216E-04   0.000000000000000E+00   0.000000000000000E+00   0.000000000000000E+00   0.000000000000000E+00   0.000000000000000E+00   0.000000000000000E+00   0.000000000000000E+00   0.000000000000000E+00   0.000000000000000E+00   1.233946017917744E-03  -4.187620667234471E-04  -1.517707282475025E-03  -1.475771227045694E-03  -1.015567591409416E-02   3.868070670684445E-06   0.000000000000000E+00   0.000000000000000E+00   0.000000000000000E+00   0.000000000000000E+00   0.000000000000000E+00   0.000000000000000E+00   0.000000000000000E+00   0.000000000000000E+00   0.000000000000000E+00  -4.378418385321396E-05   0.000000000000000E+00   0.000000000000000E+00   0.000000000000000E+00   0.000000000000000E+00   0.000000000000000E+00   0.000000000000000E+00   0.000000000000000E+00   0.000000000000000E+00   0.000000000000000E+00   0.000000000000000E+00   0.000000000000000E+00   0.000000000000000E+00   0.000000000000000E+00   0.000000000000000E+00   0.000000000000000E+00   0.000000000000000E+00
   0.000000000000000E+00   0.000000000000000E+00   0.000000000000000E+00   0.000000000000000E+00   0.000000000000000E+00   0.000000000000000E+00   0.000000000000000E+00   0.000000000000000E+00   0.000000000000000E+00   0.000000000000000E+00   0.000000000000000E+00   0.000000000000000E+00   0.000000000000000E+00   0.000000000000000E+00   0.000000000000000E+00   0.000000000000000E+00   0.000000000000000E+00   0.000000000000000E+00   0.000000000000000E+00   0.000000000000000E+00   0.000000000000000E+00   0.000000000000000E+00   0.000000000000000E+00   0.000000000000000E+00   0.000000000000000E+00   0.000000000000000E+00   0.000000000000000E+00   0.000000000000000E+00   0.000000000000000E+00  -2.049738096486538E-06   5.254063769541384E-07  -4.812372752595714E-07   5.487197287189622E-07   0.000000000000000E+00   0.000000000000000E+00   0.000000000000000E+00   0.000000000000000E+00   0.000000000000000E+00   0.000000000000000E+00   0.000000000000000E+00   0.000000000000000E+00   0.000000000000000E+00   0.000000000000000E+00   0.000000000000000E+00  -4.447478836823060E-06   7.971366231903697E-07  -6.638324811912861E-07   5.088709880458829E-07  -1.225657738922493E-06  -3.952327052891559E-06   2.910791207305404E-06  -5.121558430968212E-06   0.000000000000000E+00   0.000000000000000E+00   0.000000000000000E+00   0.000000000000000E+00   0.000000000000000E+00   0.000000000000000E+00   0.000000000000000E+00   0.000000000000000E+00   0.000000000000000E+00   1.635607587299910E-06  -8.091657821640514E-06   5.091085610993113E-06  -3.538840695922423E-06   4.588058672786613E-06  -9.374090147637827E-07   4.250986712302850E-07  -9.783563217035334E-07   2.442683334952068E-07   0.000000000000000E+00   0.000000000000000E+00   0.000000000000000E+00   0.000000000000000E+00   0.000000000000000E+00   0.000000000000000E+00  -1.155714425513069E-06   2.183846519970593E-06   6.009094317793776E-06  -2.539833365944402E-06   3.401703287967270E-06  -1.160027020463179E-05   2.408831173761259E-05  -2.547562605699972E-06   3.327334049776847E-05   0.000000000000000E+00  -4.318631516682882E-05   1.005912031884828E-04  -1.463606359228942E-05   3.494183841896374E-05  -1.877121458403151E-04   2.632089578140937E-04   6.885785863526145E-05   2.764396643074828E-04  -1.239911624853553E-05  -2.404581727563257E-04   4.329282675889126E-04   7.120573414805856E-05   2.107547833008421E-04  -1.123573834927016E-06   1.115119605137407E-04   1.793757638396883E-04  -7.723170576059124E-05   1.460954992649732E-05  -1.727373204494982E-04  -2.082021834781946E-05  -6.131376902222648E-04  -5.707264449557428E-05  -1.059678735471506E-03  -4.607798234795330E-04  -3.923118750533445E-04   1.561250594317303E-04  -7.347265052710929E-04   1.395129606556138E-04   3.548712448466867E-06  -8.907180433245853E-07   9.978535827830189E-06   1.181703744058607E-06  -2.015832586388279E-02  -3.832751941354210E-03  -2.300351373204944E-02  -1.566095333366972E-02   1.522844138902189E-05  -1.743874822291903E-02   6.009497413056213E-03  -2.257578842717082E-02   8.111956792555898E-03   1.947864092271142E-06   1.909695894221471E-06  -6.733907376780552E-06   2.414420680352704E-06  -3.336739466499749E-06  -4.176895851111312E-07   2.662699948285975E-06  -1.159415837518437E-07  -2.305600735164489E-07  -9.344844998471541E-03  -4.655861783404890E-03  -5.791734880481556E-03  -1.203480790174996E-02  -1.509622887391010E-01   1.317733618031899E-02  -1.523908549099027E-01  -1.762505556242915E-02   7.117125836239658E-03  -1.130294379989210E-05  -1.442467971633664E-06  -1.481854509707902E-06   6.074178876964531E-06  -1.515081485416928E-06   0.000000000000000E+00   0.000000000000000E+00   0.000000000000000E+00   0.000000000000000E+00  -2.192497147229167E-02  -1.249752664383535E-02   3.294047077309953E-03  -2.733634720011432E-02   3.082930082167587E-04  -2.765412089187361E-01   0.000000000000000E+00   0.000000000000000E+00   0.000000000000000E+00   0.000000000000000E+00   0.000000000000000E+00   0.000000000000000E+00   0.000000000000000E+00   0.000000000000000E+00   0.000000000000000E+00   0.000000000000000E+00   0.000000000000000E+00   0.000000000000000E+00  -1.576553869001419E-01  -6.460607144484816E-02   9.436100096644635E-02  -1.106507086997219E-01   1.222096606178272E-03   1.713001079867758E-01   0.000000000000000E+00   0.000000000000000E+00   0.000000000000000E+00   0.000000000000000E+00   0.000000000000000E+00   0.000000000000000E+00   0.000000000000000E+00   0.000000000000000E+00   0.000000000000000E+00   2.547836393527619E-02   0.000000000000000E+00   0.000000000000000E+00   0.000000000000000E+00   0.000000000000000E+00   0.000000000000000E+00   0.000000000000000E+00   0.000000000000000E+00   0.000000000000000E+00   0.000000000000000E+00   0.000000000000000E+00   0.000000000000000E+00   0.000000000000000E+00   0.000000000000000E+00   0.000000000000000E+00   0.000000000000000E+00   0.000000000000000E+00
   0.000000000000000E+00   0.000000000000000E+00   0.000000000000000E+00   0.000000000000000E+00   0.000000000000000E+00   0.000000000000000E+00   0.000000000000000E+00   0.000000000000000E+00   0.000000000000000E+00   0.000000000000000E+00   0.000000000000000E+00   0.000000000000000E+00   0.000000000000000E+00   0.000000000000000E+00   0.000000000000000E+00   0.000000000000000E+00   0.000000000000000E+00   0.000000000000000E+00   0.000000000000000E+00   0.000000000000000E+00   0.000000000000000E+00   0.000000000000000E+00   0.000000000000000E+00   0.000000000000000E+00   0.000000000000000E+00   0.000000000000000E+00   0.000000000000000E+00   0.000000000000000E+00   0.000000000000000E+00  -5.254400356917387E-07  -1.386270799341610E-06   1.119909172067100E-06  -1.276950661718955E-06   0.000000000000000E+00   0.000000000000000E+00   0.000000000000000E+00   0.000000000000000E+00   0.000000000000000E+00   0.000000000000000E+00   0.000000000000000E+00   0.000000000000000E+00   0.000000000000000E+00   0.000000000000000E+00   0.000000000000000E+00  -7.972112969874966E-07  -4.488474324989429E-06   3.517391988907916E-06  -2.696310872779481E-06   3.951178487916292E-06  -2.821547287597032E-06   2.707797135538826E-06  -4.764388876146346E-06   0.000000000000000E+00   0.000000000000000E+00   0.000000000000000E+00   0.000000000000000E+00   0.000000000000000E+00   0.000000000000000E+00   0.000000000000000E+00   0.000000000000000E+00   0.000000000000000E+00   8.088553761973660E-06  -3.569740317399472E-06   3.130330032476583E-06  -2.175909060864401E-06   9.373853339941750E-07   1.144037739048984E-05  -4.871668320023241E-06   1.121204986207921E-05  -2.391467878852326E-07   0.000000000000000E+00   0.000000000000000E+00   0.000000000000000E+00   0.000000000000000E+00   0.000000000000000E+00   0.000000000000000E+00  -9.242861082787766E-06  -6.009071269943195E-06   2.749254413996494E-05  -1.178953331196079E-05   1.579020685712756E-05  -2.408741283409226E-05   3.116794260728436E-05  -3.817201979300186E-06   4.985591361791602E-05   0.000000000000000E+00  -1.005869294436272E-04   1.911530507801589E-04  -2.988615283267106E-05   7.134958909264340E-05  -2.632030967397325E-04   3.036947596343518E-04   9.428134787453369E-05   3.785058767939445E-04  -2.414483327206857E-07  -4.329200234651582E-04   6.966737789258932E-04   1.264959160430837E-04   3.744027035613186E-04   2.773806297389525E-05   1.239755444675173E-04   3.197970396581331E-04  -1.460955288656591E-05  -2.145834400730662E-05  -3.030622303958743E-05  -3.652842242429030E-06   5.707261602856556E-05  -1.798333720334351E-04   9.981785051201730E-05   4.340376946279726E-05  -1.561250621411734E-04  -5.560612613589317E-05  -2.932584930765818E-04   5.568515673927117E-05   8.907151153058386E-07   1.499446689827440E-06   1.074629121901118E-07   1.272624840693788E-08   3.832752621987715E-03  -6.020917797831088E-03   4.579605831255653E-03   3.117827739071526E-03  -6.287362240807920E-06  -6.009496226211038E-03  -3.662987438329570E-03  -8.122183645323569E-03   2.918471840069676E-03  -1.909696210182883E-06   2.253339426464961E-06  -9.522185431108714E-06   3.414148746134638E-06   4.176897948329255E-07  -4.397630158621406E-08   1.722998958128069E-06  -7.502431062003005E-08  -2.854036502432901E-07   4.655861072670685E-03  -6.327539474144775E-04   2.983280313428011E-03   6.199041604990275E-03  -1.317733529478771E-02  -6.532542181212857E-02  -1.650775153817231E-02  -1.909235552507919E-03   3.592046475915292E-03   1.226089592833609E-06   1.481854744899893E-06   1.526355186516139E-07   2.479581844716739E-06  -6.184817109606864E-07   0.000000000000000E+00   0.000000000000000E+00   0.000000000000000E+00   0.000000000000000E+00   1.249752750457440E-02   6.054649816258502E-05  -1.969802056926471E-03   1.634681948371395E-02  -1.872859637476469E-04   0.000000000000000E+00  -1.212729663987890E-01   0.000000000000000E+00   0.000000000000000E+00   0.000000000000000E+00   0.000000000000000E+00   0.000000000000000E+00   0.000000000000000E+00   0.000000000000000E+00   0.000000000000000E+00   0.000000000000000E+00   0.000000000000000E+00   0.000000000000000E+00   6.460606561379878E-02  -3.746700692814240E-02  -4.853770811559235E-02   5.691685915413622E-02  -8.888041165716156E-04   4.043247872715631E-02   0.000000000000000E+00   0.000000000000000E+00   0.000000000000000E+00   0.000000000000000E+00   0.000000000000000E+00   0.000000000000000E+00   0.000000000000000E+00   0.000000000000000E+00   0.000000000000000E+00  -1.012788795593487E-02   0.000000000000000E+00   0.000000000000000E+00   0.000000000000000E+00   0.000000000000000E+00   0.000000000000000E+00   0.000000000000000E+00   0.000000000000000E+00   0.000000000000000E+00   0.000000000000000E+00   0.000000000000000E+00   0.000000000000000E+00   0.000000000000000E+00   0.000000000000000E+00   0.000000000000000E+00   0.000000000000000E+00   0.000000000000000E+00
   0.000000000000000E+00   0.000000000000000E+00   0.000000000000000E+00   0.000000000000000E+00   0.000000000000000E+00   0.000000000000000E+00   0.000000000000000E+00   0.000000000000000E+00   0.000000000000000E+00   0.000000000000000E+00   0.000000000000000E+00   0.000000000000000E+00   0.000000000000000E+00   0.000000000000000E+00   0.000000000000000E+00   0.000000000000000E+00   0.000000000000000E+00   0.000000000000000E+00   0.000000000000000E+00   0.000000000000000E+00   0.000000000000000E+00   0.000000000000000E+00   0.000000000000000E+00   0.000000000000000E+00   0.000000000000000E+00   0.000000000000000E+00   0.000000000000000E+00   0.000000000000000E+00   0.000000000000000E+00   4.812681044232093E-07   1.119909172067100E-06  -1.189335971033298E-06   1.169601824494369E-06   0.000000000000000E+00   0.000000000000000E+00   0.000000000000000E+00   0.000000000000000E+00   0.000000000000000E+00   0.000000000000000E+00   0.000000000000000E+00   0.000000000000000E+00   0.000000000000000E+00   0.000000000000000E+00   0.000000000000000E+00   6.638946673844487E-07   3.517391988907916E-06  -3.193938168534612E-06   2.245410240438529E-06  -2.909945317583656E-06   2.707797135538826E-06  -1.139075080773119E-06   3.508854673027220E-06   0.000000000000000E+00   0.000000000000000E+00   0.000000000000000E+00   0.000000000000000E+00   0.000000000000000E+00   0.000000000000000E+00   0.000000000000000E+00   0.000000000000000E+00   0.000000000000000E+00  -5.089132607807125E-06   3.130330032476583E-06  -5.639955400660882E-07   1.369032101304349E-06  -4.250879324134660E-07  -4.871668320023241E-06   2.906804067365624E-06  -5.084469450444328E-06   1.928170490957419E-07   0.000000000000000E+00   0.000000000000000E+00   0.000000000000000E+00   0.000000000000000E+00   0.000000000000000E+00   0.000000000000000E+00   5.671170533689239E-06   2.539823624426492E-06  -1.178953331196079E-05   4.582233369192106E-06  -6.673966509751994E-06   2.547467538307144E-06  -3.817201979300186E-06  -4.521656709005595E-06  -5.272725734767454E-06   0.000000000000000E+00   1.463544176056357E-05  -2.988615283267106E-05  -9.901002423377097E-06  -1.038139608775664E-05  -6.885632532487124E-05   9.428134787453369E-05  -3.203055084653962E-05   9.902058187283146E-05   1.484968066808535E-08  -7.120437819852075E-05   1.264959160430837E-04  -5.161140469875530E-05   6.157976129065403E-05  -4.337627884444725E-06   9.232071025737621E-05   1.268207800380246E-04   1.727373554481340E-04  -3.030622303958743E-05   3.343067952594017E-04   4.318970701742943E-05   1.059678206919096E-03   9.981785051201730E-05   1.668127767221384E-03   8.058861113856459E-04   7.347265180217665E-04  -2.932584930765818E-04   1.262156348813192E-03  -2.620550522474464E-04  -9.978503025822654E-06   1.074629121901118E-07   3.051537144742091E-07  -1.425696118252098E-07   2.300351781709392E-02   4.579605831255653E-03   2.070204840069429E-02   1.871266241784373E-02  -4.752900890919197E-05   2.257578396856743E-02  -8.122183645323569E-03   2.468743610141904E-02  -1.096377920871112E-02   6.733908490913375E-06  -9.522185431108714E-06   3.312972423477985E-05  -1.203885995492215E-05  -2.662701285226686E-06   1.722998958128069E-06  -1.075751956378790E-05   4.782671992048702E-07   9.645734675573075E-06   5.791733996352199E-03   2.983280313428011E-03   6.801456677980943E-04   7.711398482049027E-03   1.523908446690721E-01  -1.650775153817231E-02   1.241529774177639E-01   2.207957921765787E-02  -7.112206717989091E-03  -3.175168054068270E-06  -6.074179841025590E-06   2.479581844716739E-06  -9.406348343759456E-06   2.535180424188071E-06   0.000000000000000E+00   0.000000000000000E+00   0.000000000000000E+00   0.000000000000000E+00  -3.294047304180040E-03  -1.969802056926471E-03  -6.893637513786176E-03  -4.308627977216799E-03  -2.373551742901450E-04   0.000000000000000E+00   0.000000000000000E+00  -1.212729663987890E-01   0.000000000000000E+00   0.000000000000000E+00   0.000000000000000E+00   0.000000000000000E+00   0.000000000000000E+00   0.000000000000000E+00   0.000000000000000E+00   0.000000000000000E+00   0.000000000000000E+00   0.000000000000000E+00  -9.436099244985273E-02  -4.853770811559235E-02   1.929219327782054E-04  -8.313045015026699E-02   5.544876734016531E-04   6.224216324728401E-02   0.000000000000000E+00   0.000000000000000E+00   0.000000000000000E+00   0.000000000000000E+00   0.000000000000000E+00   0.000000000000000E+00   0.000000000000000E+00   0.000000000000000E+00   0.000000000000000E+00   2.784511429690756E-02   0.000000000000000E+00   0.000000000000000E+00   0.000000000000000E+00   0.000000000000000E+00   0.000000000000000E+00   0.000000000000000E+00   0.000000000000000E+00   0.000000000000000E+00   0.000000000000000E+00   0.000000000000000E+00   0.000000000000000E+00   0.000000000000000E+00   0.000000000000000E+00   0.000000000000000E+00   0.000000000000000E+00   0.000000000000000E+00
   0.000000000000000E+00   0.000000000000000E+00   0.000000000000000E+00   0.000000000000000E+00   0.000000000000000E+00   0.000000000000000E+00   0.000000000000000E+00   0.000000000000000E+00   0.000000000000000E+00   0.000000000000000E+00   0.000000000000000E+00   0.000000000000000E+00   0.000000000000000E+00   0.000000000000000E+00   0.000000000000000E+00   0.000000000000000E+00   0.000000000000000E+00   0.000000000000000E+00   0.000000000000000E+00   0.000000000000000E+00   0.000000000000000E+00   0.000000000000000E+00   0.000000000000000E+00   0.000000000000000E+00   0.000000000000000E+00   0.000000000000000E+00   0.000000000000000E+00   0.000000000000000E+00   0.000000000000000E+00  -5.487548809633492E-07  -1.276950661718955E-06   1.169601824494369E-06  -1.497185264983283E-06   0.000000000000000E+00   0.000000000000000E+00   0.000000000000000E+00   0.000000000000000E+00   0.000000000000000E+00   0.000000000000000E+00   0.000000000000000E+00   0.000000000000000E+00   0.000000000000000E+00   0.000000000000000E+00   0.000000000000000E+00  -5.089186578277241E-07  -2.696310872779481E-06   2.245410240438529E-06  -1.986008880886025E-06   5.120070081812419E-06  -4.764388876146346E-06   3.508854673027220E-06  -5.318704879288820E-06   0.000000000000000E+00   0.000000000000000E+00   0.000000000000000E+00   0.000000000000000E+00   0.000000000000000E+00   0.000000000000000E+00   0.000000000000000E+00   0.000000000000000E+00   0.000000000000000E+00   3.537483153016659E-06  -2.175909060864401E-06   1.369032101304349E-06   4.539148600449677E-07   9.783316065255442E-07   1.121204986207921E-05  -5.084469450444328E-06   1.239939480647451E-05  -4.382606130916335E-07   0.000000000000000E+00   0.000000000000000E+00   0.000000000000000E+00   0.000000000000000E+00   0.000000000000000E+00   0.000000000000000E+00  -2.049348692834660E-06  -3.401690240751674E-06   1.579020685712756E-05  -6.673966509751994E-06   8.537929061728728E-06  -3.327209883653324E-05   4.985591361791602E-05  -5.272725734767454E-06   6.394093405198688E-05   0.000000000000000E+00  -3.494035387063889E-05   7.134958909264340E-05  -1.038139608775664E-05   1.053488177710251E-05  -2.764335086149019E-04   3.785058767939445E-04   9.902058187283146E-05   3.408367961103953E-04  -5.135437151926373E-07  -2.107507699604219E-04   3.744027035613186E-04   6.157976129065403E-05   1.098470430875872E-04   2.940675503516571E-06   1.719788207391937E-04   8.757751432802088E-05   2.082022256624335E-05  -3.652842242429030E-06   4.318970701742943E-05  -1.881584121339379E-05   4.607795936492287E-04   4.340376946279726E-05   8.058861113856459E-04   1.652138382322390E-04  -1.395129630767654E-04   5.568515673927117E-05  -2.620550522474464E-04  -6.816171437240907E-05  -1.181699859495202E-06   1.272624840693788E-08  -1.425696118252098E-07   1.492155450865911E-06   1.566095611479663E-02   3.117827739071526E-03   1.871266241784373E-02   5.955758589234855E-03  -2.933247440379982E-05  -8.111955190485689E-03   2.918471840069676E-03  -1.096377920871112E-02  -1.885531835895204E-03  -2.414421079821420E-06   3.414148746134638E-06  -1.203885995492215E-05   3.869398782843140E-06   1.159416419660723E-07  -7.502431062003005E-08   4.782671992048702E-07   2.054801435016481E-07   2.544067138976547E-06   1.203480606459284E-02   6.199041604990275E-03   7.711398482049027E-03   1.299277626302071E-02   1.762505437800631E-02  -1.909235552507919E-03   2.207957921765787E-02  -6.419920187584652E-02   6.968648685258245E-03   2.002201739070094E-06   1.515081725882527E-06  -6.184817109606864E-07   2.535180424188071E-06   1.252037640934216E-07   0.000000000000000E+00   0.000000000000000E+00   0.000000000000000E+00   0.000000000000000E+00   2.733634908284378E-02   1.634681948371395E-02  -4.308627977216799E-03   2.834323173770876E-02  -5.027674522338216E-04   0.000000000000000E+00   0.000000000000000E+00   0.000000000000000E+00  -1.212729663987890E-01   0.000000000000000E+00   0.000000000000000E+00   0.000000000000000E+00   0.000000000000000E+00   0.000000000000000E+00   0.000000000000000E+00   0.000000000000000E+00   0.000000000000000E+00   0.000000000000000E+00   1.106506987128936E-01   5.691685915413622E-02  -8.313045015026699E-02   2.678212696483734E-02  -1.866134419989645E-03   1.282836876496729E-01   0.000000000000000E+00   0.000000000000000E+00   0.000000000000000E+00   0.000000000000000E+00   0.000000000000000E+00   0.000000000000000E+00   0.000000000000000E+00   0.000000000000000E+00   0.000000000000000E+00  -1.179794733135401E-02   0.000000000000000E+00   0.000000000000000E+00   0.000000000000000E+00   0.000000000000000E+00   0.000000000000000E+00   0.000000000000000E+00   0.000000000000000E+00   0.000000000000000E+00   0.000000000000000E+00   0.000000000000000E+00   0.000000000000000E+00   0.000000000000000E+00   0.000000000000000E+00   0.000000000000000E+00   0.000000000000000E+00   0.000000000000000E+00
  -3.240522426969823E-04   4.457379648999202E-04   1.344849457751078E-04   4.419707291832572E-04  -2.725221798004071E-05   4.506377235954697E-05  -3.800524340500683E-06   5.992654193092235E-05  -6.046337446242915E-04   1.043657740740230E-03   1.877438907781047E-04   4.344081945582631E-04  -1.526559240321009E-04   1.605955867649449E-04   1.584311799547836E-04   2.296911135194554E-04   1.534048520063461E-06   6.359226231074691E-06  -2.718683426151630E-06   6.446762452274591E-06  -1.115282490701923E-05  -8.584061466606219E-05   1.827591774359651E-04  -2.883304941874990E-05   5.426440717463099E-05  -5.995998738610283E-04   1.013493999910152E-03   4.986389282572604E-04   1.305578016179369E-04  -1.313810099318780E-04   1.384597943645805E-04   2.056479986419432E-04   1.328435486579594E-04   5.412561688089247E-07   9.113274154921368E-07  -5.318572130923246E-06   3.905429229994287E-06  -7.031146715625632E-06  -1.481328963029705E-06   1.463744761565385E-05  -6.084090351173449E-06   7.778929852144366E-06   9.968520401591830E-06   1.324948984992595E-04  -2.476872354154980E-04   3.369887513986588E-04   3.608614026292215E-04   8.481261542692816E-05   1.123928031779963E-06   2.948426182078645E-06   9.127620535427543E-06   4.586768111225359E-06  -4.192745408739886E-06  -4.357668051490797E-07   4.107124468993438E-07  -4.695683470976898E-07   2.147387480023245E-06   2.235381413299357E-06  -8.389688689130726E-06   5.354133296139676E-06  -3.538608907315871E-06  -1.335968765585457E-05   2.529001453095596E-05   3.761545299434817E-05  -3.092537798259852E-06   4.589239450185079E-06  -2.370994211150040E-06  -9.552254608793209E-06  -2.158504193577323E-06  -1.195957857849703E-05  -3.954752477968321E-06  -1.040406617827423E-06   8.983702416974652E-07  -6.724186850435168E-07   0.000000000000000E+00  -1.317685981166131E-06  -7.770520578696327E-06   5.063066108275696E-06  -3.255733897009789E-06  -8.379065566419362E-06   1.003478441210730E-07  -4.098300177714531E-06  -1.015434842867444E-07  -1.044638317508236E-06  -2.262222573154642E-07   0.000000000000000E+00  -3.627456245032510E-06  -7.480140447289316E-07  -2.289283304647055E-06   3.448228004942291E-07   0.000000000000000E+00   0.000000000000000E+00   0.000000000000000E+00   0.000000000000000E+00   0.000000000000000E+00   0.000000000000000E+00   0.000000000000000E+00   0.000000000000000E+00   0.000000000000000E+00   0.000000000000000E+00   0.000000000000000E+00   0.000000000000000E+00  -8.424838804805621E-05  -7.763505459078863E-05   1.148877254632887E-04  -1.279373073875204E-04   3.815873491142136E-06   4.073721418547724E-06  -6.147675775838194E-06   6.829332978055695E-06  -3.946770978807048E-04  -2.680252158816812E-04   6.360362634179440E-04  -3.384881311889864E-04  -6.840267752680822E-04  -5.655351205554101E-04   4.220546354829849E-04  -1.070406518132940E-03  -3.308955833590662E-06   1.033879257481917E-06  -2.051506860641438E-06   1.578982905596524E-06  -1.049308025838275E-06   2.745726793022385E-06  -1.497375746072705E-06   4.531478606261439E-06  -1.552560835906381E-06  -1.590614691072749E-02  -7.397252092799540E-03   2.053331199778628E-02  -6.721370599721561E-03  -2.233899063427354E-02  -1.410990654915737E-02   4.207184964322971E-03  -2.709809929828867E-02   2.215555059519083E-05   0.000000000000000E+00   0.000000000000000E+00   0.000000000000000E+00   0.000000000000000E+00  -1.618038327510877E-06   1.946284573476273E-06  -5.311607157182701E-06   2.483733917673569E-06  -1.168900845304228E-05   6.581672235754295E-03  -1.501284634265107E-01  -7.150188550204251E-02   9.587920529980129E-02  -9.684691269771674E-02  -1.203420280322306E-02  -6.305186634691262E-03  -7.355454174599182E-03  -1.493136006403501E-02   0.000000000000000E+00   0.000000000000000E+00   0.000000000000000E+00   0.000000000000000E+00   0.000000000000000E+00   0.000000000000000E+00   0.000000000000000E+00   0.000000000000000E+00   0.000000000000000E+00  -2.823904115421985E-01   0.000000000000000E+00   0.000000000000000E+00   0.000000000000000E+00  -2.164257328036623E-02  -5.230564931965074E-03  -2.479939666299028E-02  -1.605533150216465E-02   4.071713253400835E-04   0.000000000000000E+00   0.000000000000000E+00   0.000000000000000E+00   0.000000000000000E+00   0.000000000000000E+00   0.000000000000000E+00   1.708901050372821E-01  -1.542620551167204E-01   1.348656105060973E-02  -1.559240261913668E-01  -1.545562853117579E-02  -5.662796226961354E-04  -8.296298021355411E-05  -9.849009325852110E-04  -4.247552798600016E-04   0.000000000000000E+00  -1.582156899346486E-02   7.266375027829364E-03  -2.051394929619001E-02   6.635367851214723E-03  -7.491668834877562E-05   1.304806613711843E-05  -1.685906643497059E-04  -2.233997579867597E-05   1.575643046360151E-05  -4.025147697635628E-04   1.841355921476993E-04  -7.522822519474395E-04   1.182945521630211E-04   7.093994847861409E-03  -1.225715409861794E-05   3.588769090795620E-06
  -4.457461435398763E-04   5.130770649949069E-04   1.842632603368306E-04   6.055619613286641E-04  -4.505873520352831E-05   5.214817637102846E-05  -5.210372096325973E-06   8.215697465183230E-05  -1.043682095918107E-03   1.638143363042268E-03   3.276283026549286E-04   7.580775004323817E-04  -1.605750286791032E-04   1.166618924790834E-04   1.608760907109364E-04   2.332357079243996E-04  -6.359231323429664E-06   2.019104103205795E-05  -8.914990810641596E-06   2.113994864851609E-05   2.743277367846401E-06  -1.827364644159476E-04   3.351960157877233E-04  -5.710331175848715E-05   1.074696371958283E-04  -1.013344938537480E-03   1.549891856765908E-03   8.518852673596455E-04   2.230477033269301E-04  -1.384623598700619E-04   9.947064312933609E-05   2.073885086884269E-04   1.339678753354696E-04   1.042815095730262E-05   5.318056890464569E-06  -1.541340277010435E-06   2.079794698942850E-06  -3.744362221273436E-06  -1.463746257722796E-05   4.053924167944350E-05  -1.757313940581681E-05   2.246847282493714E-05   4.830825112795886E-05   2.494501466956240E-04  -3.369964316980790E-04   3.777172671025744E-04   4.844861608414540E-04   1.138679230855146E-04  -2.948473922976678E-06   2.899772953234528E-06   1.150157344129492E-05   5.779715544120941E-06   4.357582790200534E-07  -3.601415953985873E-06   3.361970887343027E-06  -3.843747917742352E-06  -3.236079901414388E-06   8.388655385086972E-06  -2.642666794115000E-06   2.639550069225494E-06  -1.744509310779006E-06  -2.528685931265158E-05   2.987413454638443E-05   5.262422595366779E-05  -4.326477415819962E-06   2.370980827456317E-06   1.778290022144873E-06   6.114110450319053E-07   1.381593517708371E-07  -1.133844719915260E-06   1.040371222012110E-06  -5.183610649571788E-06   4.531376254508211E-06  -3.391677418807388E-06   0.000000000000000E+00  -9.373310259770171E-06   9.716093354111389E-06   3.255785674880832E-06   2.454527411169657E-06   2.333990929596742E-06  -2.795191851962770E-08   1.015383785799500E-07  -9.360897605102851E-08  -1.019305921794062E-06  -2.207363856547935E-07   0.000000000000000E+00   7.479482087313210E-07  -9.295687928776350E-07  -3.405928886291297E-06   5.130172986764618E-07   0.000000000000000E+00   0.000000000000000E+00   0.000000000000000E+00   0.000000000000000E+00   0.000000000000000E+00   0.000000000000000E+00   0.000000000000000E+00   0.000000000000000E+00   0.000000000000000E+00   0.000000000000000E+00   0.000000000000000E+00   0.000000000000000E+00   7.763507431163845E-05   4.061341717182089E-05  -9.873399597441856E-05   1.099487481507652E-04  -4.073714878015044E-06   1.497619633645912E-06   4.849988300177027E-08  -5.387757300370527E-08   2.680252342348631E-04   6.381807491846374E-05  -4.331546060723169E-04   2.305178203793336E-04   5.655346283152143E-04   2.667623214436706E-04  -3.536481740994569E-04   8.969154200822236E-04  -1.033879676298293E-06  -1.320820676994652E-06   3.093155445141730E-06  -2.380708378769214E-06   4.412553760626389E-06   1.497376014529506E-06   3.091702876016331E-06  -9.773123731082473E-06   3.348436673270369E-06   7.397250793671860E-03  -1.708304713239472E-03  -9.956705583721342E-03   3.259226187559180E-03   1.410991217848489E-02   1.781752176863866E-03  -2.791119702949953E-03   1.797735053374792E-02  -2.973819429304175E-05   0.000000000000000E+00   0.000000000000000E+00   0.000000000000000E+00   0.000000000000000E+00  -1.946284641340824E-06  -4.263401352459674E-07   3.124489025757828E-06  -1.461026604382714E-06  -5.853602061459869E-07  -1.849994432508868E-03   7.150189827123568E-02  -2.418128935272304E-02  -5.647232671054953E-02   5.704230106697455E-02   6.305178572045436E-03  -5.237156711324141E-04   3.999885230433944E-03   8.119651781214366E-03   0.000000000000000E+00   0.000000000000000E+00   0.000000000000000E+00   0.000000000000000E+00   0.000000000000000E+00   0.000000000000000E+00   0.000000000000000E+00   0.000000000000000E+00   0.000000000000000E+00   0.000000000000000E+00  -1.271222458770107E-01   0.000000000000000E+00   0.000000000000000E+00   5.230566569404764E-03  -6.003701349860694E-03   6.290720305834547E-03   4.072663592187321E-03  -2.619850628954808E-04   0.000000000000000E+00   0.000000000000000E+00   0.000000000000000E+00   0.000000000000000E+00   0.000000000000000E+00   0.000000000000000E+00   6.594509799439811E-02  -1.348656015129395E-02  -6.723953155455104E-02  -1.696382701083352E-02  -1.681502300516441E-03   8.296295177415159E-05  -1.587592086569019E-04   1.457839374070183E-04   6.287180272017219E-05   0.000000000000000E+00  -7.266376880555606E-03  -1.789312204772012E-03  -9.825007655551270E-03   3.177961444395859E-03  -1.304806826031036E-05  -2.134743302079233E-05  -2.710891159985036E-05  -3.592206196025703E-06  -7.743598152590269E-06  -1.841355264816459E-04  -3.668790087781609E-05  -3.451718656669611E-04   5.427743531453205E-05   5.055743052962550E-03  -3.948964250663709E-07   1.195636426634068E-05
  -1.344874133772365E-04   1.842632603368306E-04  -4.205191423726883E-05   1.827059257809429E-04   3.800099524000566E-06  -5.210372096325973E-06  -9.193090240452191E-06  -6.928838078954941E-06  -1.877482720380491E-04   3.276283026549286E-04  -1.241868146579279E-04   1.363707793146534E-04  -1.584108989379567E-04   1.608760907109364E-04   1.122958972654820E-04   2.300923030228487E-04   2.718685603224841E-06  -8.914990810641596E-06   3.149456114696627E-06  -9.037707722925989E-06  -1.031720083365363E-07   2.882946609320749E-05  -5.710331175848715E-05  -1.774617682821628E-05  -1.695497541494544E-05  -4.985655900795108E-04   8.518852673596455E-04   2.375447714041406E-04   1.097394436938390E-04  -2.056518090698740E-04   2.073885086884269E-04   2.678636536085547E-04   1.989763567935813E-04   1.494358406246696E-05  -3.905050888759411E-06   2.079794698942850E-06  -2.361853100963885E-07   2.749486385946439E-06   6.084096569987757E-06  -1.757313940581681E-05   5.565109756523756E-06  -9.339074837993641E-06  -8.594861185135930E-06   9.631584223429334E-05  -3.608696270094415E-04   4.844861608414540E-04   4.440897968338305E-04   1.219344511309960E-04  -9.127768329801338E-06   1.150157344129492E-05   3.479062044992631E-05   1.789261356112897E-05  -4.107044109790451E-07   3.361970887343027E-06  -3.203032273084223E-06   3.622752109399751E-06   2.491869999629202E-06  -5.353473861947216E-06   2.639550069225494E-06  -1.911178792066667E-07   1.113311319687993E-06  -3.761076003675139E-05   5.262422595366779E-05   7.276463541756744E-05  -6.435046040273395E-06   9.552200688606713E-06   6.114110450319053E-07   4.089780871278080E-06   5.566159961481857E-07  -5.647250113486785E-06  -8.983396781210582E-07   4.531376254508211E-06  -3.848555913457247E-06   2.928645406789641E-06   0.000000000000000E+00   5.748876140966364E-06   1.155574230890091E-05   8.379198823678737E-06   2.333990929596742E-06   7.554478933232723E-06  -7.193799167624907E-08   1.044585792060712E-06  -1.019305921794062E-06  -1.048073518334341E-05  -2.270846703192892E-06   0.000000000000000E+00   2.289081814780338E-06  -3.405928886291297E-06  -1.024047839929998E-05   1.570080060837300E-06   0.000000000000000E+00   0.000000000000000E+00   0.000000000000000E+00   0.000000000000000E+00   0.000000000000000E+00   0.000000000000000E+00   0.000000000000000E+00   0.000000000000000E+00   0.000000000000000E+00   0.000000000000000E+00   0.000000000000000E+00   0.000000000000000E+00  -1.148877546470588E-04  -9.873399597441856E-05   1.200050547083289E-04  -1.627069325726492E-04   6.147665905483746E-06   4.849988300177027E-08   1.456566352942835E-06   8.130694674107412E-08  -6.360363069708954E-04  -4.331546060723169E-04   9.091830029863182E-04  -5.470294749806080E-04  -4.220542681278042E-04  -3.536481740994569E-04   5.681391726415037E-05  -6.693612773510885E-04   2.051507691690773E-06   3.093155445141730E-06  -5.899680516351217E-06   4.723994157815881E-06  -5.023947548569793E-06  -4.531479418686947E-06  -9.773123731082473E-06   2.943849596796097E-05  -1.013330768121654E-05  -2.053330839166422E-02  -9.956705583721342E-03   2.234258057897475E-02  -9.046968704182798E-03  -4.207186642833175E-03  -2.791119702949953E-03  -6.746770402508555E-03  -5.360350091649942E-03   1.224362793416644E-05   0.000000000000000E+00   0.000000000000000E+00   0.000000000000000E+00   0.000000000000000E+00   5.311607342391914E-06   3.124489025757828E-06  -7.808507738369993E-06   3.987289153102959E-06   2.464707990572602E-06   9.690789388543118E-03  -9.587922242242802E-02  -5.647232671054953E-02   9.430072541562612E-03  -7.648987794339068E-02   7.355444768942326E-03   3.999885230433944E-03   7.136871595421322E-04   9.472158407147498E-03   0.000000000000000E+00   0.000000000000000E+00   0.000000000000000E+00   0.000000000000000E+00   0.000000000000000E+00   0.000000000000000E+00   0.000000000000000E+00   0.000000000000000E+00   0.000000000000000E+00   0.000000000000000E+00   0.000000000000000E+00  -1.271222458770107E-01   0.000000000000000E+00   2.479940442649516E-02   6.290720305834547E-03   2.249534574330071E-02   1.930950121283125E-02  -3.155949740322603E-04   0.000000000000000E+00   0.000000000000000E+00   0.000000000000000E+00   0.000000000000000E+00   0.000000000000000E+00   0.000000000000000E+00   6.469996347803107E-02   1.559240157939841E-01  -1.696382701083352E-02   1.274194093473474E-01   1.944058294495434E-02   9.849005949648174E-04   1.457839374070183E-04   1.559645106870024E-03   7.463870870238386E-04   0.000000000000000E+00   2.051395452668418E-02  -9.825007655551270E-03   2.246782170024506E-02  -8.971810522565056E-03   1.685906917829158E-04  -2.710891159985036E-05   3.268216607051862E-04   4.641396071302013E-05  -4.893055365734609E-05   7.522819836701010E-04  -3.451718656669611E-04   1.289017329902563E-03  -2.217493684523274E-04  -7.178290458028717E-03   4.270157820383308E-06  -3.398715688971390E-05
  -4.419788386999457E-04   6.055619613286641E-04   1.827059257809429E-04   5.027974056851618E-04  -5.991984343841809E-05   8.215697465183230E-05  -6.928838078954941E-06   9.962117416004590E-05  -4.344183320664101E-04   7.580775004323817E-04   1.363707793146534E-04   1.324153793129274E-04  -2.296617104099184E-04   2.332357079243996E-04   2.300923030228487E-04   2.871723129475202E-04  -6.446767614727010E-06   2.113994864851609E-05  -9.037707722925989E-06   2.076908236443699E-05   5.754204560065934E-06  -5.425766328037796E-05   1.074696371958283E-04  -1.695497541494544E-05   5.154525618116394E-06  -1.305385996047786E-04   2.230477033269301E-04   1.097394436938390E-04  -1.528497834202056E-04  -1.328460101006749E-04   1.339678753354696E-04   1.989763567935813E-04   8.837282089835651E-05   2.649152938646111E-05   7.030465568285781E-06  -3.744362221273436E-06   2.749486385946439E-06  -3.659034277159417E-06  -7.778937803328106E-06   2.246847282493714E-05  -9.339074837993641E-06   1.020144444226948E-05   2.993609896147131E-06  -3.716464702787365E-05  -8.481454838842430E-05   1.138679230855146E-04   1.219344511309960E-04  -4.605985504631925E-05  -4.586842380145515E-06   5.779715544120941E-06   1.789261356112897E-05   8.175817115273598E-06   4.695591596142314E-07  -3.843747917742352E-06   3.622752109399751E-06  -4.176257084699605E-06  -6.127105630560360E-06   3.538173079595834E-06  -1.744509310779006E-06   1.113311319687993E-06   7.575903531693111E-07   3.092151968830765E-06  -4.326477415819962E-06  -6.435046040273395E-06  -4.977680640646732E-06   2.158492009338791E-06   1.381593517708371E-07   5.566159961481857E-07   1.752307246698614E-06  -3.985514175947852E-06   6.723958085958073E-07  -3.391677418807388E-06   2.928645406789641E-06  -2.127857217137153E-06   0.000000000000000E+00  -1.917791170047693E-06  -3.890555244039147E-06  -1.003494400124747E-07  -2.795191851962770E-08  -7.193799167624907E-08   1.548503403808828E-06   2.262108826366818E-07  -2.207363856547935E-07  -2.270846703192892E-06  -4.862924392989304E-07   0.000000000000000E+00  -3.447924511268216E-07   5.130172986764618E-07   1.570080060837300E-06  -5.318829656981689E-08   0.000000000000000E+00   0.000000000000000E+00   0.000000000000000E+00   0.000000000000000E+00   0.000000000000000E+00   0.000000000000000E+00   0.000000000000000E+00   0.000000000000000E+00   0.000000000000000E+00   0.000000000000000E+00   0.000000000000000E+00   0.000000000000000E+00   1.279373398861441E-04   1.099487481507652E-04  -1.627069325726492E-04   1.550822834162761E-04  -6.829322013271670E-06  -5.387757300370527E-08   8.130694674107412E-08   1.439435498114839E-06   3.384881543671573E-04   2.305178203793336E-04  -5.470294749806080E-04   1.724072102574607E-04   1.070405586454084E-03   8.969154200822236E-04  -6.693612773510885E-04   1.490509599797354E-03  -1.578983545230111E-06  -2.380708378769214E-06   4.723994157815881E-06  -3.397906963265964E-06   8.003431743389567E-06   1.552561114257034E-06   3.348436673270369E-06  -1.013330768121654E-05   3.334126663306796E-06   6.721369419294223E-03   3.259226187559180E-03  -9.046968704182798E-03  -2.333836130336770E-03   2.709811010942166E-02   1.797735053374792E-02  -5.360350091649942E-03   2.694652667068563E-02  -6.108306893209351E-05   0.000000000000000E+00   0.000000000000000E+00   0.000000000000000E+00   0.000000000000000E+00  -2.483734004278318E-06  -1.461026604382714E-06   3.987289153102959E-06  -1.145937877548259E-06  -2.893175981004062E-07   8.238438525238590E-04   9.684692999316188E-02   5.704230106697455E-02  -7.648987794339068E-02   1.096638091022500E-02   1.493134097082257E-02   8.119651781214366E-03   9.472158407147498E-03   1.527574172563632E-02   0.000000000000000E+00   0.000000000000000E+00   0.000000000000000E+00   0.000000000000000E+00   0.000000000000000E+00   0.000000000000000E+00   0.000000000000000E+00   0.000000000000000E+00   0.000000000000000E+00   0.000000000000000E+00   0.000000000000000E+00   0.000000000000000E+00  -1.271222458770107E-01   1.605533652832097E-02   4.072663592187321E-03   1.930950121283125E-02   5.170619777818825E-03  -6.439844836063781E-04   0.000000000000000E+00   0.000000000000000E+00   0.000000000000000E+00   0.000000000000000E+00   0.000000000000000E+00   0.000000000000000E+00   1.167032692816665E-01   1.545562750055794E-02  -1.681502300516441E-03   1.944058294495434E-02  -6.677980291911190E-02   4.247551342554640E-04   6.287180272017219E-05   7.463870870238386E-04   1.508528305131057E-04   0.000000000000000E+00  -6.635369543051449E-03   3.177961444395859E-03  -8.971810522565056E-03  -2.367500587547970E-03   2.233997943385499E-05  -3.592206196025703E-06   4.641396071302013E-05  -1.729520456422523E-05  -3.084194509590511E-05  -1.182945099770630E-04   5.427743531453205E-05  -2.217493684523274E-04  -8.630582493116624E-05   5.934080964834081E-03   6.284184096656998E-07   9.916466741331946E-06
   3.224881725410318E-06  -5.890824913607031E-06  -5.289799886497214E-06  -7.485084320874211E-06   3.129569482234404E-07  -4.705772631022248E-06  -2.626665614452307E-06  -7.347849287701578E-06   5.278429173801466E-06  -4.028141630420580E-06  -2.757316892817577E-06  -2.859051562151265E-06  -1.617717588969698E-06  -2.573063121476063E-06  -4.178133632648443E-06  -4.396010306174994E-06   7.456055725315970E-07  -5.961332015371981E-06  -8.705124307840554E-07  -7.403254559550755E-06   2.967386114775760E-07   5.144451405795067E-06  -3.894411591638725E-06  -1.176532856786829E-06  -2.169902271347633E-06   5.148025336986927E-06  -5.835609285722798E-06  -5.665856767015281E-06  -2.685845785775757E-06  -2.691440171408778E-06  -1.783060658988247E-06  -3.636079962986649E-06  -2.350879034973543E-06   0.000000000000000E+00  -4.378807661065257E-06  -2.070495713094189E-08   2.514466558303016E-09  -3.142169068821076E-08   4.116229707313757E-06  -8.343968151014906E-06  -5.616698367129796E-07  -6.417705526144913E-06  -1.265217970388914E-05  -1.222265722123321E-05   5.157718313361945E-07  -4.785591227905663E-06  -7.506978249950653E-06  -3.033421037584756E-06   0.000000000000000E+00   0.000000000000000E+00   0.000000000000000E+00   0.000000000000000E+00  -1.720442807416002E-06   4.637665547490695E-07  -1.796799877267581E-07   5.899574008414942E-07   0.000000000000000E+00   3.974419127792722E-08  -7.294778303138044E-06   1.425407684316166E-06  -4.666582970770261E-06  -3.813365216910268E-06  -9.035088763648645E-07  -1.751175645301420E-06  -2.890743971116680E-07   0.000000000000000E+00   0.000000000000000E+00   0.000000000000000E+00   0.000000000000000E+00   0.000000000000000E+00  -4.378739525633598E-06  -6.402791479989218E-08   2.506235717871442E-08  -5.444910454441632E-08   0.000000000000000E+00  -1.039910032466083E-06   9.203899404873139E-07   0.000000000000000E+00   0.000000000000000E+00   0.000000000000000E+00   0.000000000000000E+00   0.000000000000000E+00   0.000000000000000E+00   0.000000000000000E+00   0.000000000000000E+00   0.000000000000000E+00   0.000000000000000E+00   0.000000000000000E+00   0.000000000000000E+00   0.000000000000000E+00   0.000000000000000E+00   0.000000000000000E+00   0.000000000000000E+00   0.000000000000000E+00   0.000000000000000E+00   0.000000000000000E+00   0.000000000000000E+00   0.000000000000000E+00   0.000000000000000E+00   0.000000000000000E+00   0.000000000000000E+00   0.000000000000000E+00   2.328447366618900E-06  -1.666799696437540E-06   5.714494447571775E-06  -2.004592931057243E-06  -1.474200334531318E-06   1.893549527529632E-06  -5.497177045823821E-06   2.586094993350021E-06   4.716215790979746E-06   5.348693692307250E-07  -3.012097343613781E-06   2.329058296793445E-07  -3.810180748096644E-04  -2.313623223267639E-04   6.185121636677766E-04  -3.422958538060261E-04   0.000000000000000E+00   0.000000000000000E+00   0.000000000000000E+00   0.000000000000000E+00   2.027280511768700E-06  -3.594485470307008E-06   3.425584255385093E-07  -2.058192048803391E-06   8.786543405493748E-08  -7.041160079224564E-05  -1.500959841497988E-05   1.594832465287691E-04   2.023085415914840E-05  -1.548803888732700E-02  -5.910180507496714E-03   2.027399201915532E-02  -7.129716273425175E-03   9.330228937622494E-05   0.000000000000000E+00   0.000000000000000E+00   0.000000000000000E+00   0.000000000000000E+00   0.000000000000000E+00   0.000000000000000E+00   0.000000000000000E+00   0.000000000000000E+00   0.000000000000000E+00  -7.009550271974720E-06  -6.024317939617696E-03  -7.978320194229844E-04   9.416004204935335E-03   1.272817845312614E-03  -1.580282214412302E-01  -5.952923746844953E-02   1.027059819207060E-01  -1.071925594256310E-01   0.000000000000000E+00   0.000000000000000E+00   0.000000000000000E+00   0.000000000000000E+00   0.000000000000000E+00   0.000000000000000E+00   0.000000000000000E+00   0.000000000000000E+00   0.000000000000000E+00  -2.164257328036623E-02   5.230566569404764E-03   2.479940442649516E-02   1.605533652832097E-02  -2.808754854174579E-01   0.000000000000000E+00   0.000000000000000E+00   0.000000000000000E+00   3.097776512560323E-02   0.000000000000000E+00   0.000000000000000E+00   0.000000000000000E+00   0.000000000000000E+00   0.000000000000000E+00   0.000000000000000E+00   1.077108530796000E-03  -1.568941955537377E-01   6.149269137468235E-02   6.704536256442524E-02   1.307005456483412E-01  -1.486505326951124E-01   1.412866085778699E-02  -1.508079926807974E-01  -1.925795646426910E-02   0.000000000000000E+00  -2.246489068924161E-02   1.596338713234769E-02  -3.895884850873294E-03   2.631363124790486E-02  -1.755715127701155E-02   7.486086977017705E-03  -2.266221179348661E-02   7.234170732389388E-03   2.729101096129882E-02  -7.416028680357020E-03   5.353285966423136E-03  -6.837650747742480E-03   7.572778261583462E-03   1.479297146055562E-03   8.670484140468523E-04   2.194666050297977E-04
   5.891188481038123E-06   5.043126255107537E-07  -9.937000159665968E-07  -1.406088806525582E-06   4.704301196170331E-06  -1.566654842369070E-06  -1.539054112778365E-06  -4.305358704240969E-06   4.028635199831620E-06   9.295092478354162E-06   5.533951792222632E-06   5.738133893002147E-06   2.572136220596567E-06  -1.093975456481058E-06  -3.035084548123428E-06  -3.193354767163263E-06   5.961290260749761E-06  -2.506285593437360E-06  -5.514991810981742E-07  -4.690213123523324E-06  -2.543106473006630E-07   3.891516381012204E-06   1.400978475920281E-05   3.905092390598584E-06   7.202237319002070E-06   5.832102699918878E-06   5.325115902628035E-06   3.705641221151635E-06   1.756624155303185E-06   1.783145728897205E-06  -1.318634901146175E-06  -3.693687681804263E-06  -2.388124854592356E-06   0.000000000000000E+00   2.073038635659973E-08  -3.236320116986791E-06   3.779395362894565E-07  -4.722870212339492E-06   8.344019447100650E-06   1.665003737343276E-06   1.805109721830044E-09   2.062539570378685E-08  -2.579952015761094E-06  -4.903271767275724E-06   4.785923691193365E-06  -1.396644300879890E-06  -4.138697807081900E-06  -1.672365708038471E-06   0.000000000000000E+00   0.000000000000000E+00   0.000000000000000E+00   0.000000000000000E+00  -4.637249825753742E-07  -1.215497545853681E-06   4.171093734548349E-07  -1.369527930980555E-06   0.000000000000000E+00   7.293938626527037E-06  -6.220902428932072E-06   1.436752921456575E-06  -4.703725671080722E-06   9.032828139322323E-07  -2.274076968850712E-06  -4.647353378865081E-06  -7.671594107449226E-07   0.000000000000000E+00   0.000000000000000E+00   0.000000000000000E+00   0.000000000000000E+00   0.000000000000000E+00   6.404615492146518E-08  -5.662082337473601E-06   2.169812437669059E-06  -4.714015661733445E-06   0.000000000000000E+00  -9.963826120391353E-06  -1.149539651962186E-06   0.000000000000000E+00   0.000000000000000E+00   0.000000000000000E+00   0.000000000000000E+00   0.000000000000000E+00   0.000000000000000E+00   0.000000000000000E+00   0.000000000000000E+00   0.000000000000000E+00   0.000000000000000E+00   0.000000000000000E+00   0.000000000000000E+00   0.000000000000000E+00   0.000000000000000E+00   0.000000000000000E+00   0.000000000000000E+00   0.000000000000000E+00   0.000000000000000E+00   0.000000000000000E+00   0.000000000000000E+00   0.000000000000000E+00   0.000000000000000E+00   0.000000000000000E+00   0.000000000000000E+00   0.000000000000000E+00   1.666799601623916E-06   2.412996553884953E-06  -9.307395166862920E-06   3.264949984504368E-06  -1.893545980510635E-06  -2.608489214239697E-07   2.926401092412645E-06  -1.376697739682899E-06  -5.348687504091301E-07   1.466571896014515E-06  -3.450712715329227E-06   2.668210938311125E-07   2.313620796131580E-04   2.623189881654359E-05  -3.763502425882839E-04   2.082790528369575E-04   0.000000000000000E+00   0.000000000000000E+00   0.000000000000000E+00   0.000000000000000E+00   2.488410051684242E-06  -3.425582115251228E-07  -1.543566160272210E-07   1.796160893049679E-06  -7.667916926997609E-08   1.500959329736685E-05  -1.916047532313919E-05  -3.125759023045246E-05  -3.965104567924839E-06   5.910180986963168E-03  -2.796892560047749E-03  -8.061653962525008E-03   2.835026540063312E-03  -7.186932952665153E-05   0.000000000000000E+00   0.000000000000000E+00   0.000000000000000E+00   0.000000000000000E+00   0.000000000000000E+00   0.000000000000000E+00   0.000000000000000E+00   0.000000000000000E+00   0.000000000000000E+00  -3.147911501109507E-07   7.978319152960317E-04  -1.817659627731833E-03  -1.284825165264695E-03  -1.736775348505553E-04   5.952912699147261E-02  -4.282499106915049E-02  -4.849252143802883E-02   5.061085429237921E-02   0.000000000000000E+00   0.000000000000000E+00   0.000000000000000E+00   0.000000000000000E+00   0.000000000000000E+00   0.000000000000000E+00   0.000000000000000E+00   0.000000000000000E+00   0.000000000000000E+00  -5.230564931965074E-03  -6.003701349860694E-03   6.290720305834547E-03   4.072663592187321E-03   0.000000000000000E+00  -1.256070132529071E-01   0.000000000000000E+00   0.000000000000000E+00  -1.546743560213715E-02   0.000000000000000E+00   0.000000000000000E+00   0.000000000000000E+00   0.000000000000000E+00   0.000000000000000E+00   0.000000000000000E+00   5.111368924304763E-04  -6.149266602905058E-02  -4.012899429899205E-02   3.285105923025732E-02   6.404098959707691E-02  -1.412864784937464E-02  -6.378585797178318E-02  -1.768686586134533E-02  -2.258586476037132E-03   0.000000000000000E+00  -1.596338636429016E-02   4.289014906506234E-03  -2.908748289615618E-03   1.964630188409247E-02  -7.486086426892355E-03  -2.541981401500266E-03  -1.009522921360161E-02   3.222572111641325E-03  -2.920091295865466E-03  -5.353281907635866E-03   1.599115240754762E-03  -5.095578796033125E-03   5.643413178060519E-03   1.334705824554662E-03   4.066960229213309E-04   2.099283131876501E-04
   5.290126360120845E-06  -9.937000159665968E-07   7.186009796992105E-07  -1.262629346186031E-06   2.625844289744871E-06  -1.539054112778365E-06   3.315514973476269E-07  -2.403162786013327E-06   2.757654747689551E-06   5.533951792222632E-06   4.998651815254395E-06   3.927829497586942E-06   4.176628533256814E-06  -3.035084548123428E-06  -4.153210940747625E-06  -5.185361696843698E-06   8.705063335028454E-07  -5.514991810981742E-07   1.189887147836294E-06  -6.848953919233767E-07  -1.854246838027816E-07   1.175658190524862E-06   3.905092390598584E-06   2.263397017780663E-06   2.175853437365257E-06   5.662452184574358E-06   3.705641221151635E-06   5.106298932850970E-06   1.705525570702134E-06   3.636253440534850E-06  -3.693687681804263E-06  -7.039622311218626E-06  -4.869948136156429E-06   0.000000000000000E+00  -2.517554752937558E-09   3.779395362894565E-07  -1.701378045604907E-07   5.735582610980698E-07   5.616732896820683E-07   1.805109721830044E-09   1.638309176698290E-06   1.388387686460373E-09  -6.147252718645449E-07  -4.035893991779992E-06   7.507499772694829E-06  -4.138697807081900E-06  -5.250504361246498E-06  -2.623377634721712E-06   0.000000000000000E+00   0.000000000000000E+00   0.000000000000000E+00   0.000000000000000E+00   1.796638811585228E-07   4.171093734548349E-07  -3.005125236061492E-07   5.306048038828145E-07   0.000000000000000E+00  -1.425243610585076E-06   1.436752921456575E-06   8.511940534738966E-07   9.191131570906628E-07   1.750737492410288E-06  -4.647353378865081E-06  -8.883775325527133E-06  -1.486903904658241E-06   0.000000000000000E+00   0.000000000000000E+00   0.000000000000000E+00   0.000000000000000E+00   0.000000000000000E+00  -2.506949688400194E-08   2.169812437669059E-06  -9.680929728003881E-07   1.845200560250267E-06   0.000000000000000E+00   2.131560175450260E-06  -1.856604062171829E-06   0.000000000000000E+00   0.000000000000000E+00   0.000000000000000E+00   0.000000000000000E+00   0.000000000000000E+00   0.000000000000000E+00   0.000000000000000E+00   0.000000000000000E+00   0.000000000000000E+00   0.000000000000000E+00   0.000000000000000E+00   0.000000000000000E+00   0.000000000000000E+00   0.000000000000000E+00   0.000000000000000E+00   0.000000000000000E+00   0.000000000000000E+00   0.000000000000000E+00   0.000000000000000E+00   0.000000000000000E+00   0.000000000000000E+00   0.000000000000000E+00   0.000000000000000E+00   0.000000000000000E+00   0.000000000000000E+00  -5.714494122510564E-06  -9.307395166862920E-06   3.160790995662618E-05  -1.119362968323466E-05   5.497166748447847E-06   2.926401092412645E-06  -7.748480841014706E-06   3.996700959544319E-06   3.012093858742541E-06  -3.450712715329227E-06   2.028637875051688E-05  -1.502593257685937E-06  -6.185115148096736E-04  -3.763502425882839E-04   8.915687473950868E-04  -5.568025351808092E-04   0.000000000000000E+00   0.000000000000000E+00   0.000000000000000E+00   0.000000000000000E+00  -5.611226004511906E-06   2.058190762947847E-06   1.796160893049679E-06  -1.064727413095616E-05   4.607110633820113E-07  -1.594831921519952E-04  -3.125759023045246E-05   3.100226890763609E-04   4.213089063646033E-05  -2.027399366389342E-02  -8.061653962525008E-03   2.250731187020929E-02  -9.725135361674750E-03   1.318223648055338E-04   0.000000000000000E+00   0.000000000000000E+00   0.000000000000000E+00   0.000000000000000E+00   0.000000000000000E+00   0.000000000000000E+00   0.000000000000000E+00   0.000000000000000E+00   0.000000000000000E+00   1.525854014805084E-05  -9.416002976030249E-03  -1.284825165264695E-03   1.323696687062415E-02   2.049740244366683E-03  -1.027057913144279E-01  -4.849252143802883E-02   1.273264281732425E-02  -8.731906718441582E-02   0.000000000000000E+00   0.000000000000000E+00   0.000000000000000E+00   0.000000000000000E+00   0.000000000000000E+00   0.000000000000000E+00   0.000000000000000E+00   0.000000000000000E+00   0.000000000000000E+00  -2.479939666299028E-02   6.290720305834547E-03   2.249534574330071E-02   1.930950121283125E-02   0.000000000000000E+00   0.000000000000000E+00  -1.256070132529071E-01   0.000000000000000E+00   8.066294603361165E-03   0.000000000000000E+00   0.000000000000000E+00   0.000000000000000E+00   0.000000000000000E+00   0.000000000000000E+00   0.000000000000000E+00   1.381983659639287E-03  -6.704533493013193E-02   3.285105923025732E-02  -3.444189502443028E-02   6.982376719143536E-02   1.508078538302316E-01  -1.768686586134533E-02   1.233450599970938E-01   2.410793890345437E-02   0.000000000000000E+00   3.895884663427880E-03  -2.908748289615618E-03  -6.919696725977595E-03  -4.794704861277321E-03   2.266221012812295E-02  -1.009522921360161E-02   2.468394848127732E-02  -9.755512050287841E-03  -2.887363855355960E-02   6.837645563530393E-03  -5.095578796033125E-03   4.118206391589009E-03  -7.208224738752022E-03   1.051259691398555E-04  -1.485106242100747E-03  -2.496629475724384E-04
   7.485546282130563E-06  -1.406088806525582E-06  -1.262629346186031E-06  -1.757082427052938E-07   7.345551709306634E-06  -4.305358704240969E-06  -2.403162786013327E-06  -5.532001320640192E-06   2.859401882603012E-06   5.738133893002147E-06   3.927829497586942E-06   5.283339399530721E-06   4.394426720531464E-06  -3.193354767163263E-06  -5.185361696843698E-06  -4.680610221375528E-06   7.403202705351639E-06  -4.690213123523324E-06  -6.848953919233767E-07  -4.554257736390379E-06  -5.730914836940364E-07   2.168289107467367E-06   7.202237319002070E-06   2.175853437365257E-06   5.096605925295486E-06   2.684231875686375E-06   1.756624155303185E-06   1.705525570702134E-06   2.316939671924430E-06   2.350991195524262E-06  -2.388124854592356E-06  -4.869948136156429E-06  -2.655951415684504E-06   0.000000000000000E+00   3.146028189407553E-08  -4.722870212339492E-06   5.735582610980698E-07  -7.291632899437212E-06   6.417744980175296E-06   2.062539570378685E-08   1.388387686460373E-09   1.654051547465662E-06  -8.163579020510414E-07  -8.529510928455886E-07   3.033631774583198E-06  -1.672365708038471E-06  -2.623377634721712E-06   1.816614593515631E-07   0.000000000000000E+00   0.000000000000000E+00   0.000000000000000E+00   0.000000000000000E+00  -5.899045168823353E-07  -1.369527930980555E-06   5.306048038828145E-07  -1.881085602737849E-06   0.000000000000000E+00   4.666045816601753E-06  -4.703725671080722E-06   9.191131570906628E-07  -1.877109211420498E-06   2.890020692539875E-07  -7.671594107449226E-07  -1.486903904658241E-06  -1.217519352541968E-07   0.000000000000000E+00   0.000000000000000E+00   0.000000000000000E+00   0.000000000000000E+00   0.000000000000000E+00   5.446461587708327E-08  -4.714015661733445E-06   1.845200560250267E-06  -4.127547999538225E-06   0.000000000000000E+00  -4.167807799385825E-06  -1.781386798242262E-08   0.000000000000000E+00   0.000000000000000E+00   0.000000000000000E+00   0.000000000000000E+00   0.000000000000000E+00   0.000000000000000E+00   0.000000000000000E+00   0.000000000000000E+00   0.000000000000000E+00   0.000000000000000E+00   0.000000000000000E+00   0.000000000000000E+00   0.000000000000000E+00   0.000000000000000E+00   0.000000000000000E+00   0.000000000000000E+00   0.000000000000000E+00   0.000000000000000E+00   0.000000000000000E+00   0.000000000000000E+00   0.000000000000000E+00   0.000000000000000E+00   0.000000000000000E+00   0.000000000000000E+00   0.000000000000000E+00   2.004592817028713E-06   3.264949984504368E-06  -1.119362968323466E-05   3.624846099049192E-06  -2.586090149046803E-06  -1.376697739682899E-06   3.996700959544319E-06  -1.133035299182539E-06  -2.329055602169949E-07   2.668210938311125E-07  -1.502593257685937E-06   9.700016881280151E-07   3.422954947161789E-04   2.082790528369575E-04  -5.568025351808092E-04   1.935979412784208E-04   0.000000000000000E+00   0.000000000000000E+00   0.000000000000000E+00   0.000000000000000E+00   3.920149117713006E-06  -8.786537916100495E-08  -7.667916926997609E-08   4.607110633820113E-07   1.249222152719056E-07  -2.023084726131676E-05  -3.965104567924839E-06   4.213089063646033E-05  -1.675784034032887E-05   7.129716851827101E-03   2.835026540063312E-03  -9.725135361674750E-03  -1.726968801500277E-03  -1.274745662635889E-04   0.000000000000000E+00   0.000000000000000E+00   0.000000000000000E+00   0.000000000000000E+00   0.000000000000000E+00   0.000000000000000E+00   0.000000000000000E+00   0.000000000000000E+00   0.000000000000000E+00   4.933550570871754E-06  -1.272817679194132E-03  -1.736775348505553E-04   2.049740244366683E-03  -1.649449071469911E-03   1.071923604929650E-01   5.061085429237921E-02  -8.731906718441582E-02   2.020182930656535E-02   0.000000000000000E+00   0.000000000000000E+00   0.000000000000000E+00   0.000000000000000E+00   0.000000000000000E+00   0.000000000000000E+00   0.000000000000000E+00   0.000000000000000E+00   0.000000000000000E+00  -1.605533150216465E-02   4.072663592187321E-03   1.930950121283125E-02   5.170619777818825E-03   0.000000000000000E+00   0.000000000000000E+00   0.000000000000000E+00  -1.256070132529071E-01  -3.340463796266316E-02   0.000000000000000E+00   0.000000000000000E+00   0.000000000000000E+00   0.000000000000000E+00   0.000000000000000E+00   0.000000000000000E+00   1.208935193903552E-03  -1.307004917770952E-01   6.404098959707691E-02   6.982376719143536E-02   6.585752218434429E-02   1.925793873325827E-02  -2.258586476037132E-03   2.410793890345437E-02  -6.236432914799184E-02   0.000000000000000E+00  -2.631362998185884E-02   1.964630188409247E-02  -4.794704861277321E-03   2.475487149531871E-02  -7.234170200776447E-03   3.222572111641325E-03  -9.755512050287841E-03  -2.762644955342999E-03  -1.766444275511033E-02  -7.572772520007876E-03   5.643413178060519E-03  -7.208224738752022E-03   5.592913425846052E-03   2.182049672896451E-03   2.255658374212629E-04   2.766330834541233E-04
   0.000000000000000E+00   0.000000000000000E+00   0.000000000000000E+00   0.000000000000000E+00   0.000000000000000E+00   0.000000000000000E+00   0.000000000000000E+00   0.000000000000000E+00   0.000000000000000E+00   0.000000000000000E+00   0.000000000000000E+00   0.000000000000000E+00   0.000000000000000E+00   0.000000000000000E+00   0.000000000000000E+00   0.000000000000000E+00   0.000000000000000E+00   0.000000000000000E+00   0.000000000000000E+00   0.000000000000000E+00   0.000000000000000E+00   0.000000000000000E+00   0.000000000000000E+00   0.000000000000000E+00   0.000000000000000E+00   1.258553907914262E-06   2.167189508143301E-06   1.497392216334763E-06   1.688369807736008E-06   0.000000000000000E+00   0.000000000000000E+00   0.000000000000000E+00   0.000000000000000E+00   0.000000000000000E+00   0.000000000000000E+00   0.000000000000000E+00   0.000000000000000E+00   0.000000000000000E+00   0.000000000000000E+00   0.000000000000000E+00   0.000000000000000E+00   0.000000000000000E+00   0.000000000000000E+00   0.000000000000000E+00   0.000000000000000E+00   0.000000000000000E+00   0.000000000000000E+00   0.000000000000000E+00   0.000000000000000E+00   0.000000000000000E+00   0.000000000000000E+00   0.000000000000000E+00   0.000000000000000E+00   0.000000000000000E+00   0.000000000000000E+00   0.000000000000000E+00   0.000000000000000E+00   0.000000000000000E+00   0.000000000000000E+00   0.000000000000000E+00   0.000000000000000E+00   0.000000000000000E+00   0.000000000000000E+00   0.000000000000000E+00   0.000000000000000E+00   0.000000000000000E+00   0.000000000000000E+00   0.000000000000000E+00   0.000000000000000E+00   0.000000000000000E+00   0.000000000000000E+00   0.000000000000000E+00   0.000000000000000E+00   0.000000000000000E+00   0.000000000000000E+00   0.000000000000000E+00   0.000000000000000E+00   0.000000000000000E+00   0.000000000000000E+00   0.000000000000000E+00   0.000000000000000E+00   0.000000000000000E+00   0.000000000000000E+00   0.000000000000000E+00   0.000000000000000E+00   0.000000000000000E+00   0.000000000000000E+00   0.000000000000000E+00   0.000000000000000E+00   0.000000000000000E+00   0.000000000000000E+00   0.000000000000000E+00   0.000000000000000E+00   0.000000000000000E+00   0.000000000000000E+00   0.000000000000000E+00   0.000000000000000E+00   0.000000000000000E+00   0.000000000000000E+00   0.000000000000000E+00   0.000000000000000E+00   0.000000000000000E+00   8.854932694718373E-05   2.160187963479276E-05  -1.865478994890854E-04  -1.105338546936768E-05  -1.108994565238158E-05   7.622568594938974E-07  -3.740506717085016E-06   5.318030286592174E-07  -6.634354265234355E-06   1.850873246738364E-07  -1.545083394542055E-05  -4.781205984918079E-06   6.449763171830936E-03   1.173849695898539E-03  -9.617321500733828E-03  -3.113823618107130E-04   1.817448212308885E-06  -9.479903137539681E-07   5.182606155322753E-06  -4.840815107761916E-07   5.516066461076628E-06   6.631107854670096E-07  -3.539532325788729E-07   9.284201716010114E-06   2.391915535511201E-06   1.845852648637202E-05  -6.304150836109330E-06  -5.261043082406284E-05  -3.301971918396129E-05   2.771286754638157E-02  -2.948847162271580E-03  -2.983137911902406E-02  -1.664932570839132E-02  -7.597617594453634E-03   0.000000000000000E+00   0.000000000000000E+00   0.000000000000000E+00   0.000000000000000E+00   0.000000000000000E+00   0.000000000000000E+00   0.000000000000000E+00   0.000000000000000E+00   0.000000000000000E+00   9.554953467335564E-06   1.236899247067215E-03  -3.960547117296697E-04  -1.563570825608773E-03  -1.444580814541514E-03   1.773361095402435E-01  -4.792667488654287E-02  -6.275212147627045E-02  -1.296741515231331E-01   0.000000000000000E+00   0.000000000000000E+00   0.000000000000000E+00   0.000000000000000E+00   0.000000000000000E+00   0.000000000000000E+00   0.000000000000000E+00   0.000000000000000E+00   0.000000000000000E+00   4.071713253400835E-04  -2.619850628954808E-04  -3.155949740322603E-04  -6.439844836063781E-04   3.097776512560323E-02  -1.546743560213715E-02   8.066294603361165E-03  -3.340463796266316E-02  -1.440139763008243E-01   0.000000000000000E+00   0.000000000000000E+00   0.000000000000000E+00   0.000000000000000E+00   0.000000000000000E+00   0.000000000000000E+00   2.000215089693805E-06   1.423557639980876E-03  -1.040952308536069E-03  -1.049360497220756E-04  -2.234369469282486E-03   7.754956181049925E-03  -4.203931400802780E-03   7.899501994058741E-03  -7.098841391345452E-03   0.000000000000000E+00   2.564765661229632E-05  -3.525357011419683E-05   1.262633326066941E-05  -6.552424036432329E-05   1.280122345943628E-04  -1.027740680698069E-04   1.735049412050689E-04  -1.648539762121685E-04  -9.258385878251578E-03  -2.206754884258539E-06  -1.159459160624419E-05   1.135155777554832E-05  -1.981075448366266E-05   9.855232326457778E-06   3.188402110591570E-07   6.460439394518197E-06
   0.000000000000000E+00   0.000000000000000E+00   0.000000000000000E+00   0.000000000000000E+00   0.000000000000000E+00   0.000000000000000E+00   0.000000000000000E+00   0.000000000000000E+00   0.000000000000000E+00   0.000000000000000E+00   0.000000000000000E+00   0.000000000000000E+00   0.000000000000000E+00   0.000000000000000E+00   0.000000000000000E+00   0.000000000000000E+00   0.000000000000000E+00   0.000000000000000E+00   0.000000000000000E+00   0.000000000000000E+00   0.000000000000000E+00   0.000000000000000E+00   0.000000000000000E+00   0.000000000000000E+00   0.000000000000000E+00   0.000000000000000E+00   0.000000000000000E+00   0.000000000000000E+00   0.000000000000000E+00   0.000000000000000E+00   0.000000000000000E+00   0.000000000000000E+00   0.000000000000000E+00   0.000000000000000E+00   0.000000000000000E+00   0.000000000000000E+00   0.000000000000000E+00   0.000000000000000E+00   0.000000000000000E+00   0.000000000000000E+00   0.000000000000000E+00   0.000000000000000E+00   0.000000000000000E+00   0.000000000000000E+00   0.000000000000000E+00   0.000000000000000E+00   0.000000000000000E+00   0.000000000000000E+00   0.000000000000000E+00   0.000000000000000E+00   0.000000000000000E+00   0.000000000000000E+00   0.000000000000000E+00   0.000000000000000E+00   0.000000000000000E+00   0.000000000000000E+00   0.000000000000000E+00   0.000000000000000E+00   0.000000000000000E+00   0.000000000000000E+00   0.000000000000000E+00  -1.147161298379844E-06   3.934070668583347E-07  -2.823903871670891E-07   2.255419404039953E-07  -2.841956304382597E-06  -2.572702186439919E-06   1.532273852960737E-06  -2.927953968163419E-06   0.000000000000000E+00   0.000000000000000E+00   0.000000000000000E+00   0.000000000000000E+00   0.000000000000000E+00   0.000000000000000E+00   0.000000000000000E+00   0.000000000000000E+00  -1.056966012090495E-06  -5.465026433095729E-06   2.994798147800468E-06  -3.850374102277281E-06   1.924179075733958E-06  -5.738708893259959E-06   1.927654422944616E-06  -8.249974407977476E-06   0.000000000000000E+00   4.926642454111302E-06  -7.514399951003621E-06   2.273202301498854E-06  -3.835197295945105E-06   3.153775916114290E-06   2.625640938997773E-06  -8.255604050975500E-08   3.053591549289339E-06   2.104814555713974E-06  -1.030054176246629E-06   1.346904535938493E-05  -7.920759638550943E-07   8.825600056960529E-06  -9.645664140912753E-06  -7.963066982369502E-06   9.604171627070567E-06   4.066755827921672E-06  -2.662370791809052E-08   1.462871618495878E-07  -1.307837062576288E-08  -9.079790304134620E-05   1.805148156748743E-05  -1.987949750850174E-04  -2.384740944707028E-05   1.036200889380073E-06   2.683060527989109E-06  -8.980179421535616E-06   3.317853718843274E-06  -3.066120955114146E-06  -5.312141234902647E-07   3.218664436143596E-06  -1.477062363766055E-07  -7.061037864209533E-03   8.944542985243079E-04  -1.084558659497218E-02  -1.501975571267446E-03  -5.240760518532840E-06  -4.873942246283536E-04   2.905262133041489E-04  -7.698704399644238E-04   4.429803058312218E-04  -1.125884728280301E-06  -2.038196937908708E-06   5.911139182216494E-06  -2.853853133845438E-06   0.000000000000000E+00   0.000000000000000E+00   0.000000000000000E+00   0.000000000000000E+00   0.000000000000000E+00  -2.143611538323936E-02  -4.178563281241963E-03  -2.399228518720909E-02  -1.686196484579611E-02  -1.864288154820084E-02   7.288542388819693E-03  -2.368504184151259E-02   8.546634632847995E-03   1.120810940513387E-04   2.019042340489767E-06   0.000000000000000E+00   0.000000000000000E+00   0.000000000000000E+00   0.000000000000000E+00   0.000000000000000E+00   0.000000000000000E+00   0.000000000000000E+00   0.000000000000000E+00  -1.564006296220483E-01  -4.834151663500424E-02  -6.385564718876907E-02  -1.361126478251769E-01   1.233946017917744E-03  -1.576553869001419E-01   6.460606561379878E-02  -9.436099244985273E-02   1.106506987128936E-01   0.000000000000000E+00   0.000000000000000E+00   0.000000000000000E+00   0.000000000000000E+00   0.000000000000000E+00   0.000000000000000E+00   0.000000000000000E+00   0.000000000000000E+00   0.000000000000000E+00  -2.745987173822571E-01   0.000000000000000E+00   0.000000000000000E+00   0.000000000000000E+00   2.782512969791276E-02   2.798635947478060E-02   0.000000000000000E+00   0.000000000000000E+00   0.000000000000000E+00   0.000000000000000E+00   0.000000000000000E+00   0.000000000000000E+00   0.000000000000000E+00   0.000000000000000E+00   0.000000000000000E+00   1.711474858785680E-01   0.000000000000000E+00   0.000000000000000E+00   0.000000000000000E+00   0.000000000000000E+00   0.000000000000000E+00   0.000000000000000E+00   0.000000000000000E+00   0.000000000000000E+00   0.000000000000000E+00   0.000000000000000E+00   0.000000000000000E+00   0.000000000000000E+00   0.000000000000000E+00   0.000000000000000E+00   0.000000000000000E+00   0.000000000000000E+00
   0.000000000000000E+00   0.000000000000000E+00   0.000000000000000E+00   0.000000000000000E+00   0.000000000000000E+00   0.000000000000000E+00   0.000000000000000E+00   0.000000000000000E+00   0.000000000000000E+00   0.000000000000000E+00   0.000000000000000E+00   0.000000000000000E+00   0.000000000000000E+00   0.000000000000000E+00   0.000000000000000E+00   0.000000000000000E+00   0.000000000000000E+00   0.000000000000000E+00   0.000000000000000E+00   0.000000000000000E+00   0.000000000000000E+00   0.000000000000000E+00   0.000000000000000E+00   0.000000000000000E+00   0.000000000000000E+00   0.000000000000000E+00   0.000000000000000E+00   0.000000000000000E+00   0.000000000000000E+00   0.000000000000000E+00   0.000000000000000E+00   0.000000000000000E+00   0.000000000000000E+00   0.000000000000000E+00   0.000000000000000E+00   0.000000000000000E+00   0.000000000000000E+00   0.000000000000000E+00   0.000000000000000E+00   0.000000000000000E+00   0.000000000000000E+00   0.000000000000000E+00   0.000000000000000E+00   0.000000000000000E+00   0.000000000000000E+00   0.000000000000000E+00   0.000000000000000E+00   0.000000000000000E+00   0.000000000000000E+00   0.000000000000000E+00   0.000000000000000E+00   0.000000000000000E+00   0.000000000000000E+00   0.000000000000000E+00   0.000000000000000E+00   0.000000000000000E+00   0.000000000000000E+00   0.000000000000000E+00   0.000000000000000E+00   0.000000000000000E+00   0.000000000000000E+00  -3.932431219910933E-07  -1.157441243464421E-06   7.628078714035508E-07  -6.092458358718840E-07   2.572691950529282E-06  -4.158395170464149E-06   2.729950006517850E-06  -5.216540071493676E-06   0.000000000000000E+00   0.000000000000000E+00   0.000000000000000E+00   0.000000000000000E+00   0.000000000000000E+00   0.000000000000000E+00   0.000000000000000E+00   0.000000000000000E+00   5.465089775962908E-06  -5.616355189748439E-06   3.566504154358157E-06  -4.585409284325467E-06   5.738025499336022E-06  -7.810728810484571E-07   7.408478041941039E-07  -3.170680051391798E-06   0.000000000000000E+00   7.513189498488610E-06   6.539965017098751E-06  -1.527221986790620E-06   2.576628411024089E-06  -2.625829895016853E-06   1.491060017184480E-05  -4.684914354851895E-07   1.732861071677688E-05  -3.400455452174837E-06  -1.346893248065234E-05   3.886034664472541E-05  -2.376658367816153E-06   2.648159669469694E-05  -9.083446164876240E-06   8.085300357027716E-06   4.309999541866641E-05   2.662462107532143E-08   1.306444111370992E-06  -4.494439093074185E-06   4.018120214443641E-07  -1.805147341152025E-05  -2.455528365422480E-05  -3.712310762238161E-05  -4.453281311763455E-06  -2.683060472867552E-06   2.504689280212623E-06  -1.099657771331069E-05   4.062840456523751E-06   5.312129735295828E-07   4.150191992143631E-09   1.817394489639198E-06  -8.340120736469704E-08  -8.944545031006822E-04  -2.149991283529910E-03  -1.416504592855757E-03  -1.961678399252082E-04   2.033719618820205E-07  -2.905261903482971E-04   2.777535487710289E-05  -4.625072886424863E-04   2.661248043001696E-04   2.038196224557006E-06  -1.524692598868455E-07   2.837361161338435E-06  -1.369856434187487E-06   0.000000000000000E+00   0.000000000000000E+00   0.000000000000000E+00   0.000000000000000E+00   0.000000000000000E+00   4.178562920203761E-03  -6.380020902014323E-03   4.902814726096346E-03   3.445736365328058E-03  -7.288542539410946E-03  -3.267475672153835E-03  -9.678685107668445E-03   3.492507460833203E-03   8.372072254661464E-05  -2.151580979523989E-06   0.000000000000000E+00   0.000000000000000E+00   0.000000000000000E+00   0.000000000000000E+00   0.000000000000000E+00   0.000000000000000E+00   0.000000000000000E+00   0.000000000000000E+00   4.834152469189064E-02  -5.121247426300731E-02   2.474439830412460E-02   5.274436514688688E-02  -4.187620667234471E-04  -6.460607144484816E-02  -3.746700692814240E-02  -4.853770811559235E-02   5.691685915413622E-02   0.000000000000000E+00   0.000000000000000E+00   0.000000000000000E+00   0.000000000000000E+00   0.000000000000000E+00   0.000000000000000E+00   0.000000000000000E+00   0.000000000000000E+00   0.000000000000000E+00   0.000000000000000E+00  -1.193305539554762E-01   0.000000000000000E+00   0.000000000000000E+00  -1.338170457742104E-02   1.399449674870123E-02   0.000000000000000E+00   0.000000000000000E+00   0.000000000000000E+00   0.000000000000000E+00   0.000000000000000E+00   0.000000000000000E+00   0.000000000000000E+00   0.000000000000000E+00   0.000000000000000E+00  -1.731227514748905E-02   0.000000000000000E+00   0.000000000000000E+00   0.000000000000000E+00   0.000000000000000E+00   0.000000000000000E+00   0.000000000000000E+00   0.000000000000000E+00   0.000000000000000E+00   0.000000000000000E+00   0.000000000000000E+00   0.000000000000000E+00   0.000000000000000E+00   0.000000000000000E+00   0.000000000000000E+00   0.000000000000000E+00   0.000000000000000E+00
   0.000000000000000E+00   0.000000000000000E+00   0.000000000000000E+00   0.000000000000000E+00   0.000000000000000E+00   0.000000000000000E+00   0.000000000000000E+00   0.000000000000000E+00   0.000000000000000E+00   0.000000000000000E+00   0.000000000000000E+00   0.000000000000000E+00   0.000000000000000E+00   0.000000000000000E+00   0.000000000000000E+00   0.000000000000000E+00   0.000000000000000E+00   0.000000000000000E+00   0.000000000000000E+00   0.000000000000000E+00   0.000000000000000E+00   0.000000000000000E+00   0.000000000000000E+00   0.000000000000000E+00   0.000000000000000E+00   0.000000000000000E+00   0.000000000000000E+00   0.000000000000000E+00   0.000000000000000E+00   0.000000000000000E+00   0.000000000000000E+00   0.000000000000000E+00   0.000000000000000E+00   0.000000000000000E+00   0.000000000000000E+00   0.000000000000000E+00   0.000000000000000E+00   0.000000000000000E+00   0.000000000000000E+00   0.000000000000000E+00   0.000000000000000E+00   0.000000000000000E+00   0.000000000000000E+00   0.000000000000000E+00   0.000000000000000E+00   0.000000000000000E+00   0.000000000000000E+00   0.000000000000000E+00   0.000000000000000E+00   0.000000000000000E+00   0.000000000000000E+00   0.000000000000000E+00   0.000000000000000E+00   0.000000000000000E+00   0.000000000000000E+00   0.000000000000000E+00   0.000000000000000E+00   0.000000000000000E+00   0.000000000000000E+00   0.000000000000000E+00   0.000000000000000E+00   2.822727063767971E-07   7.628078714035508E-07  -6.422981452902039E-07   4.373209887806905E-07  -1.532267756562050E-06   2.729950006517850E-06  -1.200712446114315E-06   3.106915365720027E-06   0.000000000000000E+00   0.000000000000000E+00   0.000000000000000E+00   0.000000000000000E+00   0.000000000000000E+00   0.000000000000000E+00   0.000000000000000E+00   0.000000000000000E+00  -2.994832859270508E-06   3.566504154358157E-06  -1.062477524687367E-06   2.512773798941374E-06  -1.927424868293110E-06   7.408478041941039E-07   1.175608791111402E-06   1.065043642828111E-06   0.000000000000000E+00  -2.272836124098008E-06  -1.527221986790620E-06   1.953515432136675E-06  -7.794631204405096E-07   8.256198171082864E-08  -4.684914354851895E-07   2.526652803259694E-08  -5.448503895045414E-07   1.165403819680038E-06   7.920693257802691E-07  -2.376658367816153E-06  -1.414345101280531E-06  -1.557306822176431E-06   2.689293371847393E-06   2.393008239992605E-06   6.214754499563755E-06  -1.462921793017039E-07  -4.494439093074185E-06   2.518370884376219E-05  -2.207804427354069E-06   1.987948852660578E-04  -3.712310762238161E-05   3.808982333288143E-04   4.904250901006861E-05   8.980179237044264E-06  -1.099657771331069E-05   3.602462424929617E-05  -1.359829041501410E-05  -3.218657468449429E-06   1.817394489639198E-06  -1.070762720808594E-05   5.053338911857966E-07   1.084558907553579E-02  -1.416504592855757E-03   1.490882511417133E-02   2.378607044057564E-03  -1.784679751680844E-05   7.698703791333150E-04  -4.625072886424863E-04   1.078844923483153E-03  -7.052087239974085E-04  -5.911137113367740E-06   2.837361161338435E-06  -7.402989525459410E-06   3.972831030962774E-06   0.000000000000000E+00   0.000000000000000E+00   0.000000000000000E+00   0.000000000000000E+00   0.000000000000000E+00   2.399228311421631E-02   4.902814726096346E-03   2.091685051057351E-02   1.978457282865807E-02   2.368504233087793E-02  -9.678685107668445E-03   2.520623865605914E-02  -1.134934544230935E-02  -1.493075155454114E-04   4.939294491989677E-06   0.000000000000000E+00   0.000000000000000E+00   0.000000000000000E+00   0.000000000000000E+00   0.000000000000000E+00   0.000000000000000E+00   0.000000000000000E+00   0.000000000000000E+00   6.385565783133329E-02   2.474439830412460E-02  -3.725950505433654E-02   6.967149163823336E-02  -1.517707282475025E-03   9.436100096644635E-02  -4.853770811559235E-02   1.929219327782054E-04  -8.313045015026699E-02   0.000000000000000E+00   0.000000000000000E+00   0.000000000000000E+00   0.000000000000000E+00   0.000000000000000E+00   0.000000000000000E+00   0.000000000000000E+00   0.000000000000000E+00   0.000000000000000E+00   0.000000000000000E+00   0.000000000000000E+00  -1.193305539554762E-01   0.000000000000000E+00   7.853346746564830E-04  -5.781295609145513E-03   0.000000000000000E+00   0.000000000000000E+00   0.000000000000000E+00   0.000000000000000E+00   0.000000000000000E+00   0.000000000000000E+00   0.000000000000000E+00   0.000000000000000E+00   0.000000000000000E+00   1.447885392373050E-01   0.000000000000000E+00   0.000000000000000E+00   0.000000000000000E+00   0.000000000000000E+00   0.000000000000000E+00   0.000000000000000E+00   0.000000000000000E+00   0.000000000000000E+00   0.000000000000000E+00   0.000000000000000E+00   0.000000000000000E+00   0.000000000000000E+00   0.000000000000000E+00   0.000000000000000E+00   0.000000000000000E+00   0.000000000000000E+00
   0.000000000000000E+00   0.000000000000000E+00   0.000000000000000E+00   0.000000000000000E+00   0.000000000000000E+00   0.000000000000000E+00   0.000000000000000E+00   0.000000000000000E+00   0.000000000000000E+00   0.000000000000000E+00   0.000000000000000E+00   0.000000000000000E+00   0.000000000000000E+00   0.000000000000000E+00   0.000000000000000E+00   0.000000000000000E+00   0.000000000000000E+00   0.000000000000000E+00   0.000000000000000E+00   0.000000000000000E+00   0.000000000000000E+00   0.000000000000000E+00   0.000000000000000E+00   0.000000000000000E+00   0.000000000000000E+00   0.000000000000000E+00   0.000000000000000E+00   0.000000000000000E+00   0.000000000000000E+00   0.000000000000000E+00   0.000000000000000E+00   0.000000000000000E+00   0.000000000000000E+00   0.000000000000000E+00   0.000000000000000E+00   0.000000000000000E+00   0.000000000000000E+00   0.000000000000000E+00   0.000000000000000E+00   0.000000000000000E+00   0.000000000000000E+00   0.000000000000000E+00   0.000000000000000E+00   0.000000000000000E+00   0.000000000000000E+00   0.000000000000000E+00   0.000000000000000E+00   0.000000000000000E+00   0.000000000000000E+00   0.000000000000000E+00   0.000000000000000E+00   0.000000000000000E+00   0.000000000000000E+00   0.000000000000000E+00   0.000000000000000E+00   0.000000000000000E+00   0.000000000000000E+00   0.000000000000000E+00   0.000000000000000E+00   0.000000000000000E+00   0.000000000000000E+00  -2.254479501160928E-07  -6.092458358718840E-07   4.373209887806905E-07  -4.440324589184835E-07   2.927942318826264E-06  -5.216540071493676E-06   3.106915365720027E-06  -5.511649890017757E-06   0.000000000000000E+00   0.000000000000000E+00   0.000000000000000E+00   0.000000000000000E+00   0.000000000000000E+00   0.000000000000000E+00   0.000000000000000E+00   0.000000000000000E+00   3.850418730375303E-06  -4.585409284325467E-06   2.512773798941374E-06  -2.338698455454807E-06   8.248991960098009E-06  -3.170680051391798E-06   1.065043642828111E-06  -3.133710812541686E-06   0.000000000000000E+00   3.834579505536994E-06   2.576628411024089E-06  -7.794631204405096E-07   2.806570076704360E-06  -3.053811303062400E-06   1.732861071677688E-05  -5.448503895045414E-07   2.016351988263303E-05  -6.949399966922951E-06  -8.825526093103234E-06   2.648159669469694E-05  -1.557306822176431E-06   1.579797256072395E-05  -2.526134317233737E-06   1.175140917933128E-05   2.023045179084280E-05   1.307881919621528E-08   4.018120214443641E-07  -2.207804427354069E-06   6.858554831435692E-07   2.384739867240405E-05  -4.453281311763455E-06   4.904250901006861E-05  -2.204309892979759E-05  -3.317853650680346E-06   4.062840456523751E-06  -1.359829041501410E-05   4.243257529792991E-06   1.477059166253851E-07  -8.340120736469704E-08   5.053338911857966E-07   2.809061792476560E-07   1.501975914793904E-03  -1.961678399252082E-04   2.378607044057564E-03  -1.937406096765672E-03  -5.396420544087956E-06  -4.429802708292503E-04   2.661248043001696E-04  -7.052087239974085E-04   2.590130746219647E-04   2.853852135020962E-06  -1.369856434187487E-06   3.972831030962774E-06  -1.092182449838760E-06   0.000000000000000E+00   0.000000000000000E+00   0.000000000000000E+00   0.000000000000000E+00   0.000000000000000E+00   1.686196338888064E-02   3.445736365328058E-03   1.978457282865807E-02   6.670843052522996E-03  -8.546634809433155E-03   3.492507460833203E-03  -1.134934544230935E-02  -2.150517453581072E-03   1.552171179244198E-04  -3.558179859820938E-06   0.000000000000000E+00   0.000000000000000E+00   0.000000000000000E+00   0.000000000000000E+00   0.000000000000000E+00   0.000000000000000E+00   0.000000000000000E+00   0.000000000000000E+00   1.361126705105252E-01   5.274436514688688E-02   6.967149163823336E-02   7.856444958633896E-02  -1.475771227045694E-03  -1.106507086997219E-01   5.691685915413622E-02  -8.313045015026699E-02   2.678212696483734E-02   0.000000000000000E+00   0.000000000000000E+00   0.000000000000000E+00   0.000000000000000E+00   0.000000000000000E+00   0.000000000000000E+00   0.000000000000000E+00   0.000000000000000E+00   0.000000000000000E+00   0.000000000000000E+00   0.000000000000000E+00   0.000000000000000E+00  -1.193305539554762E-01  -3.159346794358705E-02   3.110266446761752E-02   0.000000000000000E+00   0.000000000000000E+00   0.000000000000000E+00   0.000000000000000E+00   0.000000000000000E+00   0.000000000000000E+00   0.000000000000000E+00   0.000000000000000E+00   0.000000000000000E+00   2.114406372559634E-02   0.000000000000000E+00   0.000000000000000E+00   0.000000000000000E+00   0.000000000000000E+00   0.000000000000000E+00   0.000000000000000E+00   0.000000000000000E+00   0.000000000000000E+00   0.000000000000000E+00   0.000000000000000E+00   0.000000000000000E+00   0.000000000000000E+00   0.000000000000000E+00   0.000000000000000E+00   0.000000000000000E+00   0.000000000000000E+00
   0.000000000000000E+00   0.000000000000000E+00   0.000000000000000E+00   0.000000000000000E+00   0.000000000000000E+00   0.000000000000000E+00   0.000000000000000E+00   0.000000000000000E+00   0.000000000000000E+00   0.000000000000000E+00   0.000000000000000E+00   0.000000000000000E+00   0.000000000000000E+00   0.000000000000000E+00   0.000000000000000E+00   0.000000000000000E+00   0.000000000000000E+00   0.000000000000000E+00   0.000000000000000E+00   0.000000000000000E+00   0.000000000000000E+00   0.000000000000000E+00   0.000000000000000E+00   0.000000000000000E+00   0.000000000000000E+00   0.000000000000000E+00   0.000000000000000E+00   0.000000000000000E+00   0.000000000000000E+00   0.000000000000000E+00   0.000000000000000E+00   0.000000000000000E+00   0.000000000000000E+00   0.000000000000000E+00   0.000000000000000E+00   0.000000000000000E+00   0.000000000000000E+00   0.000000000000000E+00   0.000000000000000E+00   0.000000000000000E+00   0.000000000000000E+00   0.000000000000000E+00   0.000000000000000E+00   0.000000000000000E+00   0.000000000000000E+00   0.000000000000000E+00   0.000000000000000E+00   0.000000000000000E+00   0.000000000000000E+00   0.000000000000000E+00   0.000000000000000E+00   0.000000000000000E+00   0.000000000000000E+00   0.000000000000000E+00   0.000000000000000E+00   0.000000000000000E+00   0.000000000000000E+00   0.000000000000000E+00   0.000000000000000E+00   0.000000000000000E+00   0.000000000000000E+00   0.000000000000000E+00   0.000000000000000E+00   0.000000000000000E+00   0.000000000000000E+00   0.000000000000000E+00   0.000000000000000E+00   0.000000000000000E+00   0.000000000000000E+00   0.000000000000000E+00   0.000000000000000E+00   0.000000000000000E+00   0.000000000000000E+00   0.000000000000000E+00   0.000000000000000E+00   0.000000000000000E+00   0.000000000000000E+00   0.000000000000000E+00   0.000000000000000E+00   0.000000000000000E+00   0.000000000000000E+00   0.000000000000000E+00   0.000000000000000E+00   0.000000000000000E+00   0.000000000000000E+00   0.000000000000000E+00   0.000000000000000E+00   0.000000000000000E+00   0.000000000000000E+00   0.000000000000000E+00   0.000000000000000E+00   0.000000000000000E+00   0.000000000000000E+00   0.000000000000000E+00   0.000000000000000E+00   1.902453813830983E-08   2.887002999997224E-08  -1.697178432772175E-09   2.724077231282431E-08   0.000000000000000E+00   0.000000000000000E+00   0.000000000000000E+00  -5.654974626949603E-06   3.253354813696542E-06  -9.478586071449399E-06   4.486458735751008E-06   6.854096581986301E-06  -1.081038886494843E-05   3.779616172370364E-05  -1.303135357357191E-05  -8.582530703827645E-07   3.609547625382170E-06  -7.538879406310541E-06   6.016646155211975E-06   0.000000000000000E+00   0.000000000000000E+00   0.000000000000000E+00   0.000000000000000E+00   9.812709292040694E-04  -5.408882285956183E-04   1.451770583490312E-03  -8.015551732552127E-04   1.627093415348207E-06  -1.188094959380423E-05   3.576764888742094E-07  -5.618553841133044E-07   6.699168636639936E-07   0.000000000000000E+00   0.000000000000000E+00   0.000000000000000E+00   0.000000000000000E+00   0.000000000000000E+00   0.000000000000000E+00   0.000000000000000E+00   0.000000000000000E+00   0.000000000000000E+00   2.763130280170762E-02  -7.883073203289067E-03   3.173722771888664E-02  -9.583511873541827E-03   2.330949803343569E-04  -1.760436067701486E-04   2.635627563643504E-04  -3.213238235735430E-04   5.306109751936603E-06   0.000000000000000E+00   0.000000000000000E+00   0.000000000000000E+00   0.000000000000000E+00   0.000000000000000E+00   0.000000000000000E+00   0.000000000000000E+00   0.000000000000000E+00   0.000000000000000E+00   1.789718785529394E-01  -5.836981196953170E-02   8.733257217318205E-02  -1.101533168728638E-01  -1.015567591409416E-02   1.222096606178272E-03  -8.888041165716156E-04   5.544876734016531E-04  -1.866134419989645E-03   0.000000000000000E+00   0.000000000000000E+00   0.000000000000000E+00   0.000000000000000E+00   0.000000000000000E+00   0.000000000000000E+00   0.000000000000000E+00   0.000000000000000E+00   0.000000000000000E+00   2.782512969791276E-02  -1.338170457742104E-02   7.853346746564830E-04  -3.159346794358705E-02  -1.431366202358321E-01  -4.340403753256358E-05   0.000000000000000E+00   0.000000000000000E+00   0.000000000000000E+00   0.000000000000000E+00   0.000000000000000E+00   0.000000000000000E+00   0.000000000000000E+00   0.000000000000000E+00   0.000000000000000E+00  -9.611869687414986E-03   0.000000000000000E+00   0.000000000000000E+00   0.000000000000000E+00   0.000000000000000E+00   0.000000000000000E+00   0.000000000000000E+00   0.000000000000000E+00   0.000000000000000E+00   0.000000000000000E+00   0.000000000000000E+00   0.000000000000000E+00   0.000000000000000E+00   0.000000000000000E+00   0.000000000000000E+00   0.000000000000000E+00   0.000000000000000E+00
   0.000000000000000E+00   0.000000000000000E+00   0.000000000000000E+00   0.000000000000000E+00   0.000000000000000E+00   0.000000000000000E+00   0.000000000000000E+00   0.000000000000000E+00   0.000000000000000E+00   0.000000000000000E+00   0.000000000000000E+00   0.000000000000000E+00   0.000000000000000E+00   0.000000000000000E+00   0.000000000000000E+00   0.000000000000000E+00   0.000000000000000E+00   0.000000000000000E+00   0.000000000000000E+00   0.000000000000000E+00   0.000000000000000E+00   0.000000000000000E+00   0.000000000000000E+00   0.000000000000000E+00   0.000000000000000E+00   0.000000000000000E+00   0.000000000000000E+00   0.000000000000000E+00   0.000000000000000E+00   5.662046796868035E-07   7.416614864726186E-07  -8.219860714831198E-07   6.508938964665695E-07   0.000000000000000E+00   0.000000000000000E+00   0.000000000000000E+00   0.000000000000000E+00   0.000000000000000E+00   0.000000000000000E+00   0.000000000000000E+00   0.000000000000000E+00   0.000000000000000E+00   0.000000000000000E+00   0.000000000000000E+00   7.750657886675620E-07   1.212722571814594E-06  -1.203812579147576E-06   5.670177803250389E-07  -9.976794511284274E-06   5.795446384128096E-06  -5.516498703237584E-06   6.480447617905266E-06   0.000000000000000E+00   0.000000000000000E+00   0.000000000000000E+00   0.000000000000000E+00   0.000000000000000E+00   0.000000000000000E+00   0.000000000000000E+00   0.000000000000000E+00   0.000000000000000E+00  -9.551769933177368E-06   8.306840205697831E-06  -6.458489497131909E-06   2.078891248422903E-06   1.582685173665772E-05  -4.101819157253660E-05   2.650199187359386E-05  -3.436893629089069E-05   3.319285177501553E-06   0.000000000000000E+00   0.000000000000000E+00   0.000000000000000E+00   0.000000000000000E+00   0.000000000000000E+00   0.000000000000000E+00   1.606193582474639E-06   1.140864944657734E-05  -4.293569808370450E-05   2.484768453572525E-05  -1.540399700599920E-05   2.926184092318272E-04  -3.584356379333129E-04   1.106257666796269E-04  -4.159244615551320E-04   0.000000000000000E+00   1.508887394497581E-04  -2.901165629719439E-04   8.055539943353722E-05  -3.647843317646021E-05   2.502588830042503E-03  -3.253503955271948E-03  -3.372930712181460E-04  -2.563499762161647E-03  -3.707055402211374E-05   1.398335024416325E-03  -2.365895360965143E-03  -8.518889732986652E-05  -5.579894077399954E-04  -9.876889539118602E-06  -2.132300240694602E-03  -7.712854497319979E-04  -7.095921431528707E-06  -1.787339985628198E-07   1.480715922918184E-05   4.622386051968403E-06   1.402189229882081E-05   5.787604893147616E-06   4.594109752638822E-05   2.902093741379879E-05   8.654155177622497E-05  -2.121935194493996E-05   1.833386969885295E-04   1.150350314867030E-05   8.344686650251014E-07   3.071531823603254E-07  -9.313232391682387E-06  -2.481082314788856E-06   1.003346720598763E-03   3.290571729945429E-04   1.274608849461194E-03   1.201222159242246E-03   9.233772010662196E-06   6.551354615011021E-03  -1.081498900883387E-03   9.772416345913826E-03   5.053819886130758E-04  -1.159442637545197E-05  -5.751635415645529E-07   2.914521878125507E-06  -3.932198119876308E-07   0.000000000000000E+00   0.000000000000000E+00   0.000000000000000E+00   0.000000000000000E+00   0.000000000000000E+00   2.721538779789633E-04   1.634592977928016E-04   2.154567089035066E-04   4.466372262264833E-04   2.541597343026691E-02   2.643053761687707E-03   2.726239558462442E-02   1.636894482566354E-02  -8.552597496429566E-03   7.504284213815847E-06   1.760723931499179E-06   8.624684214812641E-07  -4.812148200799781E-06   3.948454065633883E-07   0.000000000000000E+00   0.000000000000000E+00   0.000000000000000E+00   0.000000000000000E+00   1.153889501725252E-03   7.742326091935864E-04   1.226739196671421E-04   1.872096419093309E-03   3.868070670684445E-06   1.713001079867758E-01   4.043247872715631E-02   6.224216324728401E-02   1.282836876496729E-01   0.000000000000000E+00   0.000000000000000E+00   0.000000000000000E+00   0.000000000000000E+00   0.000000000000000E+00   0.000000000000000E+00   0.000000000000000E+00   0.000000000000000E+00   0.000000000000000E+00   2.798635947478060E-02   1.399449674870123E-02  -5.781295609145513E-03   3.110266446761752E-02  -4.340403753256358E-05  -1.499076377974078E-01   0.000000000000000E+00   0.000000000000000E+00   0.000000000000000E+00   0.000000000000000E+00   0.000000000000000E+00   0.000000000000000E+00   0.000000000000000E+00   0.000000000000000E+00   0.000000000000000E+00  -9.273936266290618E-03   0.000000000000000E+00   0.000000000000000E+00   0.000000000000000E+00   0.000000000000000E+00   0.000000000000000E+00   0.000000000000000E+00   0.000000000000000E+00   0.000000000000000E+00   0.000000000000000E+00   0.000000000000000E+00   0.000000000000000E+00   0.000000000000000E+00   0.000000000000000E+00   0.000000000000000E+00   0.000000000000000E+00   0.000000000000000E+00
   5.087824105287327E-03  -6.088029882167444E-03  -9.072468492458063E-04  -4.971871526127219E-03   5.841907478939232E-04  -6.641775596705949E-04   2.131194205641924E-04  -8.183713509748623E-04   4.374834766049733E-03  -6.791489110748649E-03  -2.830041324277095E-04  -1.241142372107117E-03   3.551201983296924E-03  -2.965052342104237E-03  -2.930200881949899E-03  -3.919784452424438E-03   6.177412691592427E-05  -9.497081800569047E-05   6.377181048918932E-05  -8.384399793910142E-05  -7.350778481653759E-05   3.964885105797173E-04  -7.085833570483660E-04   2.244797637242879E-04  -6.466207400636538E-05   3.018404281059441E-03  -4.525885906109235E-03  -1.835351611044664E-03   7.299824345859702E-04   2.188505594845872E-03  -1.796104211675037E-03  -2.957547111321025E-03  -1.257351003642641E-03  -3.854633944119973E-04  -1.263323141379020E-05   2.342223744693020E-06  -2.423769322699357E-06   2.912714404059387E-06   4.301627778952485E-05  -8.837793186842601E-05   5.392249627795190E-05  -3.173012238748460E-05  -4.185120143430471E-05  -3.242647989857678E-04   1.885018709346164E-03  -2.164125304571636E-03  -2.361684080580126E-03   2.040049396416574E-04   1.226810649970122E-04  -5.455722637033080E-05  -2.335748024998079E-04  -7.832629370341368E-05   9.205552015622602E-08   5.729180552892920E-06  -7.017674708625087E-06   5.591450411893209E-06   8.286283435851832E-06  -1.162232211100342E-05   6.187818335678455E-06  -5.138078429687790E-06   1.620052771323178E-06   9.271336832859622E-05  -1.002089304657934E-04  -1.609649616133523E-04   5.679423293206314E-05  -6.096211803841594E-06  -3.273464853688776E-06  -1.923610220214887E-05  -1.274806016864351E-06  -1.181776976213052E-05   1.302468132858123E-06   6.352343953530303E-06  -6.915344618440544E-06   3.234507384775571E-06   0.000000000000000E+00   4.614079481877546E-06  -8.114040310864412E-06  -8.279485283748126E-06  -4.457166669376962E-06  -1.383126117124954E-05   2.805803350988234E-06  -3.023062566394545E-06   2.744310262341565E-07   1.176921036919158E-05   1.051773633278008E-06   0.000000000000000E+00  -6.580919146784172E-07   2.731331632950859E-06   1.018275788214591E-05  -3.215377974895981E-06   0.000000000000000E+00   0.000000000000000E+00   0.000000000000000E+00   0.000000000000000E+00   0.000000000000000E+00   0.000000000000000E+00   0.000000000000000E+00   0.000000000000000E+00   0.000000000000000E+00   0.000000000000000E+00   0.000000000000000E+00   0.000000000000000E+00  -5.206474523093705E-06   9.160607002958321E-06  -8.595780384238130E-06   1.534150988141252E-05  -3.395709734295792E-07  -4.600501102250237E-06   4.910049636847510E-06  -7.788573008675086E-06   1.031357256756356E-04   9.534057289436277E-05  -1.396171010476130E-04   1.334949605661761E-04   1.987779071891773E-05   3.056830042289335E-05  -1.039722714853851E-05   5.697334412059038E-05   0.000000000000000E+00   0.000000000000000E+00   0.000000000000000E+00   0.000000000000000E+00   0.000000000000000E+00  -1.155090534720952E-05   1.318667348964661E-06  -2.685121196219107E-06   1.606014725860909E-06   6.731919081539825E-03   4.831741030878764E-03  -6.575128948298546E-03   5.957245209925359E-03   1.186220519105404E-03   9.805691916918925E-04   9.893032962152357E-05   1.837058691075613E-03   9.697661827716459E-06   0.000000000000000E+00   0.000000000000000E+00   0.000000000000000E+00   0.000000000000000E+00   1.935959359358338E-06  -2.193835103004876E-06   4.367261746435388E-06  -3.015139812859679E-06   7.273497510458187E-06  -8.667206285723495E-03   2.724601900527057E-02   1.823993369767010E-02  -6.335417007709134E-03   2.794621394929165E-02   3.643415881043942E-04   2.620896999223399E-04   2.889311686519771E-04   5.663984010802959E-04   0.000000000000000E+00   0.000000000000000E+00   0.000000000000000E+00   0.000000000000000E+00   0.000000000000000E+00   0.000000000000000E+00   0.000000000000000E+00   0.000000000000000E+00   0.000000000000000E+00   1.708901050372821E-01   6.594509799439811E-02   6.469996347803107E-02   1.167032692816665E-01   1.077108530796000E-03   5.111368924304763E-04   1.381983659639287E-03   1.208935193903552E-03   2.000215089693805E-06   0.000000000000000E+00   0.000000000000000E+00   0.000000000000000E+00   0.000000000000000E+00   0.000000000000000E+00   0.000000000000000E+00  -1.540012780928204E-01   2.636320027557825E-02   5.699849647081478E-03   2.866304641385113E-02   1.545020227638303E-02   1.070475013561992E-05   8.417492816367024E-06   4.183877537821750E-05   2.522638942637029E-05   0.000000000000000E+00   6.055635632325238E-03  -1.035727814267114E-03   9.136313210161234E-03   4.529419132073468E-04  -7.931116199276271E-06   4.826404514981523E-07   1.372496656015596E-05   4.173060488172956E-06   9.749916594974699E-06   8.575848966198281E-05  -1.771396701888491E-05   1.829006289926676E-04   1.321202454633655E-05  -7.972950327391220E-03   3.193411740192840E-06   3.981953506207307E-06
  -4.830831499160653E-05   6.917978998422288E-05   5.933703689539047E-05   7.552581095843725E-05  -9.908965378921385E-06   2.077689993859079E-05   9.307547329295536E-06   3.001526082429249E-05  -1.495167831629263E-04   2.493855187995568E-04   1.538832062177376E-04   1.183090720850127E-04   1.375980902174676E-06   3.850315674857771E-06   6.827139954184101E-06   6.128728690710943E-06  -5.645005025459877E-06   1.878242976597882E-05  -2.162980865420997E-07   2.055664929667288E-05  -1.263220657388995E-05  -1.041457350619425E-04   2.127364230170196E-04   4.119645945872582E-05   7.262450441120631E-05  -4.700496571303881E-05   8.317076534611525E-05   7.906434541734299E-05   1.474832150971607E-05   5.149397013480581E-06  -1.533812361254996E-06  -3.536511690634406E-06  -1.674676301053040E-06  -1.085827092118957E-05   4.113095710854187E-06  -5.918524030210197E-06   1.927423350772512E-06  -8.375581153882313E-06  -2.500133286201521E-05   6.068096198387281E-05  -4.434756740657845E-06   3.537682188384001E-05   2.533976100434419E-05   7.868672205543348E-06   2.420480884857115E-06   3.516046385311294E-06   5.871701962457423E-06   1.117990043755393E-06  -9.642928022954667E-07  -1.527552545284165E-06  -6.879762127362782E-06  -2.772810606733120E-06  -1.074408643598426E-07  -5.260381537840338E-06   3.157097872928630E-06  -6.045508423119596E-06  -1.052099494483178E-06   5.031460269835131E-06  -3.292428325180177E-06   1.145580850477718E-06  -1.525834615496694E-06   2.695488301268793E-06  -4.604109911309496E-06  -9.772094610305925E-06   3.335987614787748E-07  -4.519743048858213E-06   1.839603999338563E-07   1.032013993357538E-06   2.058406998127488E-07   2.875903330842583E-07   1.462917158886961E-06  -7.512442194635130E-06   4.295729255841811E-06  -5.222412577113177E-06   0.000000000000000E+00  -1.167819309950354E-05  -5.406212431914642E-06  -4.268315770080802E-06  -1.711421812218345E-07  -5.972807276291988E-07  -7.097597893477821E-09   0.000000000000000E+00   0.000000000000000E+00   0.000000000000000E+00   0.000000000000000E+00   1.349541963656113E-07   0.000000000000000E+00   0.000000000000000E+00   0.000000000000000E+00   0.000000000000000E+00   0.000000000000000E+00   0.000000000000000E+00   0.000000000000000E+00   0.000000000000000E+00   0.000000000000000E+00   0.000000000000000E+00   0.000000000000000E+00   0.000000000000000E+00   0.000000000000000E+00   0.000000000000000E+00   0.000000000000000E+00   0.000000000000000E+00   4.459604805750597E-06   5.838130035340105E-07  -1.242973576668024E-06   8.570451196597925E-07  -3.220042044788026E-06   1.106183925438525E-06  -2.225251622827330E-06   1.698363031349266E-06   2.195356876761217E-06  -1.957318037040035E-06   6.139614063870796E-06  -2.080000075023584E-06  -8.318676192555809E-05  -7.568275317159791E-05   1.135876679805077E-04  -1.272020374149244E-04   0.000000000000000E+00   0.000000000000000E+00   0.000000000000000E+00   0.000000000000000E+00   0.000000000000000E+00  -1.762135044316403E-06   1.532589045249040E-06  -5.607588425453182E-06   1.341111989847428E-06  -3.748815992814109E-04  -1.795823538646545E-04   7.011800775185908E-04  -1.157712513945230E-04  -6.565778447416839E-03  -4.347139521034127E-03   6.172619707319031E-03  -7.021048045656544E-03  -5.157829013931512E-06   0.000000000000000E+00   0.000000000000000E+00   0.000000000000000E+00   0.000000000000000E+00   0.000000000000000E+00   0.000000000000000E+00   0.000000000000000E+00   0.000000000000000E+00   1.646292023691593E-06   9.209641683473016E-05  -1.586597456035044E-02  -7.047310371475688E-03   2.056506623631447E-02  -6.826013107973787E-03  -2.425602849911804E-02  -1.490090935281442E-02   4.295159518677870E-03  -2.930177993170928E-02   0.000000000000000E+00   0.000000000000000E+00   0.000000000000000E+00   0.000000000000000E+00   0.000000000000000E+00   0.000000000000000E+00   0.000000000000000E+00   0.000000000000000E+00   0.000000000000000E+00  -1.542620551167204E-01  -1.348656015129395E-02   1.559240157939841E-01   1.545562750055794E-02  -1.568941955537377E-01  -6.149266602905058E-02  -6.704533493013193E-02  -1.307004917770952E-01   1.423557639980876E-03   0.000000000000000E+00   0.000000000000000E+00   0.000000000000000E+00   0.000000000000000E+00   0.000000000000000E+00   0.000000000000000E+00   2.636320027557825E-02  -2.821671790441346E-01   0.000000000000000E+00   0.000000000000000E+00   0.000000000000000E+00  -1.996911954641729E-02  -4.670635062380634E-03  -2.296483637438571E-02  -1.522709040371782E-02   0.000000000000000E+00  -1.505733262778784E-01   7.459993468561509E-02  -9.620887468323841E-02   9.507907506153862E-02  -6.366018397353210E-03   7.218615096377570E-04  -9.897128908580065E-03  -1.473375916245334E-03   1.126662792144781E-03  -1.707799682343388E-02   7.556067613374539E-03  -2.208070613599965E-02   6.956913142603173E-03   3.123320266488548E-02   1.755659557547428E-04   8.846725009947425E-04
  -6.918117093360513E-05   7.178717300834475E-05   7.513935388234784E-05   9.563943421816148E-05  -2.077478213639853E-05   2.575393866602577E-05   1.352522619564121E-05   4.361655950885724E-05  -2.493912861433389E-04   3.554883610839078E-04   2.474301304525412E-04   1.902301742939612E-04  -3.850455905006396E-06   6.331399526416502E-06   1.250991888713406E-05   1.123016362877651E-05  -1.878239657915610E-05   3.357429776531113E-05  -4.224161003092679E-07   4.014579957754590E-05  -1.176060198039457E-06  -2.127103256005582E-04   3.777715341509810E-04   7.937402808011456E-05   1.399270599507433E-04  -8.315778949784369E-05   1.143608340341166E-04   1.233843293384620E-04   2.301557988925275E-05   1.533998172185929E-06   3.619498047699995E-06   5.930514369154849E-06   2.808329997432164E-06  -2.336334648224254E-06   5.917862620287687E-06   1.693688701356019E-06  -2.350195095990259E-08   1.021272765323362E-07  -6.068109169814252E-05   1.117225037457882E-04  -8.820695831680004E-06   7.036421692942389E-05   7.534757139151584E-05   3.573837731223192E-05  -3.515954374573327E-06   1.036583991243880E-05   1.785929856407800E-05   3.400465165084403E-06   1.527108741913468E-06   4.486083638458064E-07  -2.166869383920746E-06  -8.733322896795957E-07   5.259979673155602E-06  -2.939160125655279E-06   2.426276553415258E-06  -4.646062913115495E-06  -4.795160147859085E-06   3.291541613987824E-06   1.581203598986008E-05  -5.158373774106167E-06   6.870597794052948E-06   4.602296813585873E-06   5.727360631984402E-07  -2.094815875531385E-06   7.151260906401188E-08  -1.839592584856235E-07  -5.292670792752571E-07  -1.525596686872836E-06  -3.042884027533927E-07  -7.222290578871912E-08   7.512002657470582E-06  -3.208683602684325E-06   2.626544873178077E-06  -3.193148395323926E-06   0.000000000000000E+00  -7.001900033144200E-06  -5.973098764100768E-06   1.711423835946739E-07  -8.800583014446711E-07  -2.883386728607979E-06  -3.426382038523595E-08   0.000000000000000E+00   0.000000000000000E+00   0.000000000000000E+00   0.000000000000000E+00  -2.091765008820501E-07   0.000000000000000E+00   0.000000000000000E+00   0.000000000000000E+00   0.000000000000000E+00   0.000000000000000E+00   0.000000000000000E+00   0.000000000000000E+00   0.000000000000000E+00   0.000000000000000E+00   0.000000000000000E+00   0.000000000000000E+00   0.000000000000000E+00   0.000000000000000E+00   0.000000000000000E+00   0.000000000000000E+00   0.000000000000000E+00  -5.838153944513284E-07   3.702520871590895E-06  -6.428147296136054E-06   4.432284299539141E-06  -1.106182841397125E-06  -1.273335255771340E-06   3.100288137949442E-06  -2.366210951610914E-06   1.957317778821913E-06   2.952238493172314E-06  -1.038723655922097E-05   3.519024583256282E-06   7.568268947721539E-05   3.835919033364165E-05  -9.628734027797733E-05   1.078281302748873E-04   0.000000000000000E+00   0.000000000000000E+00   0.000000000000000E+00   0.000000000000000E+00   0.000000000000000E+00  -1.532588869354938E-06  -8.203565947222005E-08   2.811364530625605E-06  -6.723665136941791E-07   1.795823397212202E-04  -2.659088891456621E-05  -3.363765547968386E-04   5.553884934441227E-05   4.347141250738981E-03   8.616663846573801E-04  -4.213707402482125E-03   4.792882686112410E-03  -8.222404794009197E-06   0.000000000000000E+00   0.000000000000000E+00   0.000000000000000E+00   0.000000000000000E+00   0.000000000000000E+00   0.000000000000000E+00   0.000000000000000E+00   0.000000000000000E+00   8.913018397775543E-07  -2.986387214731110E-05   7.047311883159622E-03  -2.017527912095169E-03  -9.523988007776743E-03   3.161228183475085E-03   1.490088965064613E-02   1.363630811259046E-03  -2.777337948713240E-03   1.894712990641866E-02   0.000000000000000E+00   0.000000000000000E+00   0.000000000000000E+00   0.000000000000000E+00   0.000000000000000E+00   0.000000000000000E+00   0.000000000000000E+00   0.000000000000000E+00   0.000000000000000E+00   1.348656105060973E-02  -6.723953155455104E-02  -1.696382701083352E-02  -1.681502300516441E-03   6.149269137468235E-02  -4.012899429899205E-02   3.285105923025732E-02   6.404098959707691E-02  -1.040952308536069E-03   0.000000000000000E+00   0.000000000000000E+00   0.000000000000000E+00   0.000000000000000E+00   0.000000000000000E+00   0.000000000000000E+00   5.699849647081478E-03   0.000000000000000E+00  -1.268990725735854E-01   0.000000000000000E+00   0.000000000000000E+00   4.670632944607013E-03  -5.587544743817483E-03   5.627073809110093E-03   3.731093929991226E-03   0.000000000000000E+00  -7.459996143824583E-02  -2.085867302865681E-02  -5.894242792038372E-02   5.825025546762642E-02  -7.218616954874239E-04  -1.956232338080717E-03  -1.157023876767293E-03  -1.722450147205686E-04  -4.244336048390142E-04  -7.556064031360966E-03  -2.219552623688377E-03  -1.020289849706739E-02   3.214601843333704E-03   2.156314022117986E-02   3.232693306088053E-05   6.306932297921804E-04
  -5.933822136623759E-05   7.513935388234784E-05   4.863248430274650E-05   8.203205933628230E-05  -9.306598605270448E-06   1.352522619564121E-05   1.621040688151865E-06   1.953916095132617E-05  -1.538867649542546E-04   2.474301304525412E-04   1.071758758911097E-04   1.173814312900907E-04  -6.827388601550006E-06   1.250991888713406E-05   2.145796477768652E-05   1.991262672374970E-05   2.162977043633112E-07  -4.224161003092679E-07  -3.101701885003195E-06  -4.623182271685862E-07  -7.467937965520990E-07  -4.119140568775429E-05   7.937402808011456E-05  -1.674111340172582E-05   2.709690879769241E-05  -7.905201023026665E-05   1.233843293384620E-04   1.018606376591353E-04   2.187922343592245E-05   3.536940114961979E-06   5.930514369154849E-06   1.472137731172257E-05   6.475167444179306E-06  -5.936912928675841E-06  -1.927207956373069E-06  -2.350195095990259E-08   1.629175074355541E-06  -3.325871391828001E-08   4.434766220587186E-06  -8.820695831680004E-06  -8.326801913496513E-06  -5.142439656968632E-06   1.009779085583134E-05   2.799835344840929E-05  -5.871548307024165E-06   1.785929856407800E-05   2.949601873562254E-05   5.678684464035150E-06   6.877763334174851E-06  -2.166869383920746E-06  -8.829374512954731E-06  -3.933297371464887E-06  -3.156856687734694E-06   2.426276553415258E-06  -3.526455949066927E-07   2.788405220225059E-06   1.393579862394893E-06  -1.145272324593010E-06  -5.158373774106167E-06   2.781564826291576E-06  -2.390583632149618E-06   9.768246361060298E-06  -2.094815875531385E-06  -2.886482258533167E-06   1.517835140917792E-07  -1.032007589856842E-06  -1.525596686872836E-06  -8.815889179059229E-06  -1.707051570722972E-06  -5.480126072124632E-07  -4.295477921773894E-06   2.626544873178077E-06  -1.172370937475355E-07   1.825891051758507E-06   0.000000000000000E+00   2.468965961768902E-06  -1.021964812831634E-05   5.972814339039225E-07  -2.883386728607979E-06  -1.011679268039805E-05  -1.195796350434672E-07   0.000000000000000E+00   0.000000000000000E+00   0.000000000000000E+00   0.000000000000000E+00   1.525309471932958E-07   0.000000000000000E+00   0.000000000000000E+00   0.000000000000000E+00   0.000000000000000E+00   0.000000000000000E+00   0.000000000000000E+00   0.000000000000000E+00   0.000000000000000E+00   0.000000000000000E+00   0.000000000000000E+00   0.000000000000000E+00   0.000000000000000E+00   0.000000000000000E+00   0.000000000000000E+00   0.000000000000000E+00   0.000000000000000E+00   1.242978667077166E-06  -6.428147296136054E-06   1.436919910517426E-05  -9.436604247008266E-06   2.225249442118653E-06   3.100288137949442E-06  -5.968851683694005E-06   4.759981264360372E-06  -6.139613253905533E-06  -1.038723655922097E-05   3.222291895104972E-05  -1.103829444863252E-05  -1.135875723854604E-04  -9.628734027797733E-05   1.187153842565566E-04  -1.618327207633776E-04   0.000000000000000E+00   0.000000000000000E+00   0.000000000000000E+00   0.000000000000000E+00   0.000000000000000E+00   5.607587781874440E-06   2.811364530625605E-06  -9.600170808542469E-06   2.460121120884768E-06  -7.011800222954908E-04  -3.363765547968386E-04   1.200641926194248E-03  -2.168516775203773E-04  -6.172622163373231E-03  -4.213707402482125E-03   3.877269605521704E-03  -6.805542352624525E-03   8.772201058693418E-06   0.000000000000000E+00   0.000000000000000E+00   0.000000000000000E+00   0.000000000000000E+00   0.000000000000000E+00   0.000000000000000E+00   0.000000000000000E+00   0.000000000000000E+00  -4.356904217464567E-06   1.922997155834663E-04  -2.056507064762582E-02  -9.523988007776743E-03   2.251112598683062E-02  -9.224918948426574E-03  -4.295153839564356E-03  -2.777337948713240E-03  -7.471039269579686E-03  -5.461475098082477E-03   0.000000000000000E+00   0.000000000000000E+00   0.000000000000000E+00   0.000000000000000E+00   0.000000000000000E+00   0.000000000000000E+00   0.000000000000000E+00   0.000000000000000E+00   0.000000000000000E+00  -1.559240261913668E-01  -1.696382701083352E-02   1.274194093473474E-01   1.944058294495434E-02   6.704536256442524E-02   3.285105923025732E-02  -3.444189502443028E-02   6.982376719143536E-02  -1.049360497220756E-04   0.000000000000000E+00   0.000000000000000E+00   0.000000000000000E+00   0.000000000000000E+00   0.000000000000000E+00   0.000000000000000E+00   2.866304641385113E-02   0.000000000000000E+00   0.000000000000000E+00  -1.268990725735854E-01   0.000000000000000E+00   2.296482596159943E-02   5.627073809110093E-03   2.093551677278233E-02   1.834524865576607E-02   0.000000000000000E+00   9.620890918515199E-02  -5.894242792038372E-02   9.453576539328474E-03  -7.512327661102007E-02   9.897131456683944E-03  -1.157023876767293E-03   1.382282912435023E-02   2.361576412912226E-03  -1.416476083293235E-03   2.208069566846639E-02  -1.020289849706739E-02   2.410439574486735E-02  -9.393864941236854E-03  -8.258920368001360E-03  -3.416625810172706E-04  -1.311724245950451E-03
  -7.552731858547706E-05   9.563943421816148E-05   8.203205933628230E-05   8.859645667026313E-05  -3.001220135029190E-05   4.361655950885724E-05   1.953916095132617E-05   5.857254598772081E-05  -1.183118081263616E-04   1.902301742939612E-04   1.173814312900907E-04   4.474487965457527E-05  -6.128951901639022E-06   1.123016362877651E-05   1.991262672374970E-05   1.715173577595497E-05  -2.055661297496773E-05   4.014579957754590E-05  -4.623182271685862E-07   4.083147210458182E-05  -2.689510140848400E-06  -7.261559520840013E-05   1.399270599507433E-04   2.709690879769241E-05   1.565674473190598E-05  -1.474602055719538E-05   2.301557988925275E-05   2.187922343592245E-05  -1.135053723843840E-05   1.674879176691788E-06   2.808329997432164E-06   6.475167444179306E-06   4.113632768287814E-06  -6.669646169840681E-06   8.374645161656264E-06   1.021272765323362E-07  -3.325871391828001E-08   1.766046544238542E-06  -3.537689750687671E-05   7.036421692942389E-05  -5.142439656968632E-06   3.205068468044458E-05   7.163289706790732E-06  -4.139603056936770E-06  -1.117960787290122E-06   3.400465165084403E-06   5.678684464035150E-06   7.527141392126743E-07   2.772005015660412E-06  -8.733322896795957E-07  -3.933297371464887E-06  -6.555405424244103E-07   6.045046578989270E-06  -4.646062913115495E-06   2.788405220225059E-06  -4.235979870702600E-06  -9.726484237788869E-06   1.525423680315237E-06   6.870597794052948E-06  -2.390583632149618E-06   4.170831737014195E-06  -3.334673903415317E-07   7.151260906401188E-08   1.517835140917792E-07   1.554524321006586E-06  -2.058394226003534E-07  -3.042884027533927E-07  -1.707051570722972E-06  -5.978042442114211E-07  -3.069232443742292E-07   5.222107024756597E-06  -3.193148395323926E-06   1.825891051758507E-06  -8.351145225665360E-07   0.000000000000000E+00  -1.657794660839413E-06   2.209592006074023E-06   7.097606286271625E-09  -3.426382038523595E-08  -1.195796350434672E-07  -5.528639254742315E-08   0.000000000000000E+00   0.000000000000000E+00   0.000000000000000E+00   0.000000000000000E+00  -1.297259697513803E-07   0.000000000000000E+00   0.000000000000000E+00   0.000000000000000E+00   0.000000000000000E+00   0.000000000000000E+00   0.000000000000000E+00   0.000000000000000E+00   0.000000000000000E+00   0.000000000000000E+00   0.000000000000000E+00   0.000000000000000E+00   0.000000000000000E+00   0.000000000000000E+00   0.000000000000000E+00   0.000000000000000E+00   0.000000000000000E+00  -8.570486295576646E-07   4.432284299539141E-06  -9.436604247008266E-06   7.189931800762102E-06  -1.698361366982432E-06  -2.366210951610914E-06   4.759981264360372E-06  -3.365092996391836E-06   2.079999800620700E-06   3.519024583256282E-06  -1.103829444863252E-05   3.380364395155478E-06   1.272019303620638E-04   1.078281302748873E-04  -1.618327207633776E-04   1.554331740690627E-04   0.000000000000000E+00   0.000000000000000E+00   0.000000000000000E+00   0.000000000000000E+00   0.000000000000000E+00  -1.341111835929005E-06  -6.723665136941791E-07   2.460121120884768E-06   9.796481017021577E-08   1.157712422766835E-04   5.553884934441227E-05  -2.168516775203773E-04  -7.693758950351372E-05   7.021050839296092E-03   4.792882686112410E-03  -6.805542352624525E-03   5.635079822097307E-03  -1.534297017553293E-05   0.000000000000000E+00   0.000000000000000E+00   0.000000000000000E+00   0.000000000000000E+00   0.000000000000000E+00   0.000000000000000E+00   0.000000000000000E+00   0.000000000000000E+00   3.057546077506535E-07   1.727324326013241E-05   6.826014572188331E-03   3.161228183475085E-03  -9.224918948426574E-03  -2.219281787107400E-03   2.930174118853020E-02   1.894712990641866E-02  -5.461475098082477E-03   2.898683779453239E-02   0.000000000000000E+00   0.000000000000000E+00   0.000000000000000E+00   0.000000000000000E+00   0.000000000000000E+00   0.000000000000000E+00   0.000000000000000E+00   0.000000000000000E+00   0.000000000000000E+00  -1.545562853117579E-02  -1.681502300516441E-03   1.944058294495434E-02  -6.677980291911190E-02   1.307005456483412E-01   6.404098959707691E-02   6.982376719143536E-02   6.585752218434429E-02  -2.234369469282486E-03   0.000000000000000E+00   0.000000000000000E+00   0.000000000000000E+00   0.000000000000000E+00   0.000000000000000E+00   0.000000000000000E+00   1.545020227638303E-02   0.000000000000000E+00   0.000000000000000E+00   0.000000000000000E+00  -1.268990725735854E-01   1.522708349940397E-02   3.731093929991226E-03   1.834524865576607E-02   5.432030897960575E-03   0.000000000000000E+00  -9.507910915828946E-02   5.825025546762642E-02  -7.512327661102007E-02   7.678719095877019E-03   1.473376295579070E-03  -1.722450147205686E-04   2.361576412912226E-03  -1.689055984896576E-03  -1.327484215526357E-03  -6.956909844623511E-03   3.214601843333704E-03  -9.393864941236854E-03  -2.751305926974549E-03   3.042314306044362E-02  -5.614666769155766E-05   6.320866902749021E-04
  -3.621956949388151E-06  -1.156758056648072E-06  -1.632543626889940E-06  -1.604962570406156E-06  -4.026406475542481E-06  -6.041013954246207E-07  -6.354869396492739E-07  -1.020942478432654E-06  -6.322489436788401E-08  -5.233151297651877E-06  -5.737283174800928E-06  -4.107621091275283E-06   0.000000000000000E+00   0.000000000000000E+00   0.000000000000000E+00   0.000000000000000E+00  -2.151723595956439E-06  -3.227116857407452E-06  -1.741188026343226E-06  -4.313431002478685E-06   0.000000000000000E+00   3.054322814009007E-06  -8.103944725687816E-06  -5.169772127702413E-06  -4.991505548713092E-06  -2.606795754555048E-06  -2.687130122839133E-06  -3.765547552692253E-06  -1.417847339855533E-06   0.000000000000000E+00   0.000000000000000E+00   0.000000000000000E+00   0.000000000000000E+00   0.000000000000000E+00  -4.335674196627068E-06   6.322178279483329E-07   1.680460381544829E-07   1.026281802020693E-06   2.003913899970665E-06  -7.710908538967182E-06  -3.047164695734761E-06  -6.432634142151873E-06  -8.882042043310449E-06   1.709846977255123E-06  -3.514185664203725E-07   7.083737760318322E-08   1.499873181192394E-07   5.124109426816328E-08   0.000000000000000E+00   0.000000000000000E+00   0.000000000000000E+00   0.000000000000000E+00  -3.764037090722832E-06   7.905608127332476E-07  -4.711973231864323E-08   1.072065931930009E-06   0.000000000000000E+00   7.293777607578057E-07  -7.785079751100213E-06  -6.590984169891742E-07  -5.396959541281245E-06   0.000000000000000E+00   0.000000000000000E+00   0.000000000000000E+00   0.000000000000000E+00   0.000000000000000E+00   0.000000000000000E+00   0.000000000000000E+00   0.000000000000000E+00   0.000000000000000E+00  -3.302418968355676E-06  -2.383946857735185E-06   2.623277828325159E-07  -2.171701900748966E-06   0.000000000000000E+00  -3.870435912155485E-06   0.000000000000000E+00   0.000000000000000E+00   0.000000000000000E+00   0.000000000000000E+00   0.000000000000000E+00   0.000000000000000E+00   0.000000000000000E+00   0.000000000000000E+00   0.000000000000000E+00   0.000000000000000E+00   0.000000000000000E+00   0.000000000000000E+00   0.000000000000000E+00   0.000000000000000E+00   0.000000000000000E+00   0.000000000000000E+00   0.000000000000000E+00   0.000000000000000E+00   0.000000000000000E+00   0.000000000000000E+00   0.000000000000000E+00   0.000000000000000E+00   0.000000000000000E+00   0.000000000000000E+00   0.000000000000000E+00   0.000000000000000E+00  -1.690544019815292E-06   1.406275461515195E-06  -5.739676980630692E-06   1.366066498611383E-06   0.000000000000000E+00   0.000000000000000E+00   0.000000000000000E+00   0.000000000000000E+00  -3.599236773069700E-06   3.308711869582108E-07  -2.074382749979508E-06   6.878524719444348E-08   2.443317090733414E-06  -1.562117135063886E-06   5.425370375020993E-06  -1.867260955518895E-06   0.000000000000000E+00   0.000000000000000E+00   0.000000000000000E+00   0.000000000000000E+00   0.000000000000000E+00   0.000000000000000E+00   0.000000000000000E+00   0.000000000000000E+00   0.000000000000000E+00   3.267968508829630E-06   9.625136450969376E-07  -1.023869582840719E-05  -1.300962292880516E-06  -3.462417625865418E-04  -1.420738097994867E-04   6.564241464468893E-04  -1.114217455029596E-04  -1.130569406524137E-05   0.000000000000000E+00   0.000000000000000E+00   0.000000000000000E+00   0.000000000000000E+00   0.000000000000000E+00   0.000000000000000E+00   0.000000000000000E+00   0.000000000000000E+00   0.000000000000000E+00   1.076258821405431E-06  -6.341222026219792E-05  -1.278399579538751E-05   1.457957003701393E-04   1.934859911936706E-05  -1.663276469422314E-02  -6.146951787156525E-03   2.181182134089323E-02  -7.106672837137737E-03   0.000000000000000E+00   0.000000000000000E+00   0.000000000000000E+00   0.000000000000000E+00   0.000000000000000E+00   0.000000000000000E+00   0.000000000000000E+00   0.000000000000000E+00   0.000000000000000E+00  -5.662796226961354E-04   8.296295177415159E-05   9.849005949648174E-04   4.247551342554640E-04  -1.486505326951124E-01  -1.412864784937464E-02   1.508078538302316E-01   1.925793873325827E-02   7.754956181049925E-03   0.000000000000000E+00   0.000000000000000E+00   0.000000000000000E+00   0.000000000000000E+00   0.000000000000000E+00   0.000000000000000E+00   1.070475013561992E-05  -1.996911954641729E-02   4.670632944607013E-03   2.296482596159943E-02   1.522708349940397E-02  -2.815244692194224E-01   0.000000000000000E+00   0.000000000000000E+00   0.000000000000000E+00   0.000000000000000E+00  -1.040110484129016E-02   6.338262213547312E-03   6.443067607849846E-03   1.275476132107553E-02  -1.604737490270853E-01   7.206593063487150E-02  -9.951725591261253E-02   1.057831276078128E-01   1.800778193855276E-01  -2.307100594337063E-02   1.582893032706046E-02  -3.577828356057973E-03   2.731050238460922E-02   4.015184466126468E-04   2.641760786507403E-02   1.238878749185037E-03
   1.156807703554291E-06  -2.235107168647128E-06  -3.435459337440517E-06  -3.377418868277558E-06   6.039972330100247E-07  -2.234424588151598E-06  -2.392296376910459E-06  -3.843347266171016E-06   5.233515415819911E-06  -2.771625568718646E-06  -4.278213975139917E-06  -3.062997140259362E-06   0.000000000000000E+00   0.000000000000000E+00   0.000000000000000E+00   0.000000000000000E+00   3.227101532120190E-06  -3.393342742656135E-06  -2.173945540310365E-06  -5.385497688591711E-06   0.000000000000000E+00   8.100698196191158E-06  -7.955546175557414E-07  -1.520456957401863E-06  -1.468027826368383E-06   2.686100174599667E-06  -3.335660243650545E-06  -5.396319860101849E-06  -2.031884513896163E-06   0.000000000000000E+00   0.000000000000000E+00   0.000000000000000E+00   0.000000000000000E+00   0.000000000000000E+00  -6.321402506424050E-07  -2.564934548435049E-06  -6.106510279098752E-07  -3.729335390537540E-06   7.710964546504993E-06  -2.420259313812073E-06  -1.537529099074832E-06  -3.245758980833793E-06  -9.205841891967652E-06  -5.981293022674940E-06  -7.084295254453012E-08  -1.283451361569909E-07  -2.074759365931330E-07  -7.088128622242821E-08   0.000000000000000E+00   0.000000000000000E+00   0.000000000000000E+00   0.000000000000000E+00  -7.904871242894013E-07  -2.731166508601746E-06   1.470571098909695E-07  -3.345836442704469E-06   0.000000000000000E+00   7.784176475545286E-06  -5.222966083058110E-06  -5.490478593970524E-07  -4.495821878816068E-06   0.000000000000000E+00   0.000000000000000E+00   0.000000000000000E+00   0.000000000000000E+00   0.000000000000000E+00   0.000000000000000E+00   0.000000000000000E+00   0.000000000000000E+00   0.000000000000000E+00   2.383840811512181E-06  -6.249018993393880E-06   7.197577785643674E-07  -5.958573350139799E-06   0.000000000000000E+00  -1.071192993108993E-05   0.000000000000000E+00   0.000000000000000E+00   0.000000000000000E+00   0.000000000000000E+00   0.000000000000000E+00   0.000000000000000E+00   0.000000000000000E+00   0.000000000000000E+00   0.000000000000000E+00   0.000000000000000E+00   0.000000000000000E+00   0.000000000000000E+00   0.000000000000000E+00   0.000000000000000E+00   0.000000000000000E+00   0.000000000000000E+00   0.000000000000000E+00   0.000000000000000E+00   0.000000000000000E+00   0.000000000000000E+00   0.000000000000000E+00   0.000000000000000E+00   0.000000000000000E+00   0.000000000000000E+00   0.000000000000000E+00   0.000000000000000E+00  -1.406277822527124E-06   7.899291351940551E-08   2.540636781851132E-06  -6.046819018803563E-07   0.000000000000000E+00   0.000000000000000E+00   0.000000000000000E+00   0.000000000000000E+00  -3.308714831999004E-07  -1.303343996429808E-07   1.732020398587887E-06  -5.743272366869771E-08   1.562118428739483E-06   2.362030950112809E-06  -9.099017870164579E-06   3.131627820425304E-06   0.000000000000000E+00   0.000000000000000E+00   0.000000000000000E+00   0.000000000000000E+00   0.000000000000000E+00   0.000000000000000E+00   0.000000000000000E+00   0.000000000000000E+00   0.000000000000000E+00  -9.625143903258212E-07   1.505749913858269E-06   2.484709042424806E-07   3.157152851445534E-08   1.420738942546530E-04  -4.579989511342726E-05  -2.691907378260064E-04   4.569256332838142E-05  -1.145039234391488E-06   0.000000000000000E+00   0.000000000000000E+00   0.000000000000000E+00   0.000000000000000E+00   0.000000000000000E+00   0.000000000000000E+00   0.000000000000000E+00   0.000000000000000E+00   0.000000000000000E+00   3.480473057809218E-07   1.278400181892077E-05  -1.771921061029107E-05  -2.678421970156234E-05  -3.554543298704328E-06   6.146946720428802E-03  -3.177639341047450E-03  -8.411057303993287E-03   2.740469561880714E-03   0.000000000000000E+00   0.000000000000000E+00   0.000000000000000E+00   0.000000000000000E+00   0.000000000000000E+00   0.000000000000000E+00   0.000000000000000E+00   0.000000000000000E+00   0.000000000000000E+00  -8.296298021355411E-05  -1.587592086569019E-04   1.457839374070183E-04   6.287180272017219E-05   1.412866085778699E-02  -6.378585797178318E-02  -1.768686586134533E-02  -2.258586476037132E-03  -4.203931400802780E-03   0.000000000000000E+00   0.000000000000000E+00   0.000000000000000E+00   0.000000000000000E+00   0.000000000000000E+00   0.000000000000000E+00   8.417492816367024E-06  -4.670635062380634E-03  -5.587544743817483E-03   5.627073809110093E-03   3.731093929991226E-03   0.000000000000000E+00  -1.262568107467837E-01   0.000000000000000E+00   0.000000000000000E+00   0.000000000000000E+00  -6.338266763245832E-03   6.050368911164295E-04   4.068270060399018E-03   8.053588254583507E-03  -7.206599054231341E-02  -3.172178436759424E-02  -5.617817764569340E-02   5.971530545302747E-02  -4.560949364620088E-02  -1.582892983397380E-02   3.569207373963479E-03  -2.581129140595757E-03   1.970243581693010E-02   3.215023391196399E-04   1.185338953872963E-02   1.155308121553070E-03
   1.632613694040004E-06  -3.435459337440517E-06  -4.649368281524274E-06  -4.766583311917103E-06   6.353773655701881E-07  -2.392296376910459E-06  -2.476865360336783E-06  -4.043024913841940E-06   5.737682370031542E-06  -4.278213975139917E-06  -3.559688522979055E-06  -3.358068773046663E-06   0.000000000000000E+00   0.000000000000000E+00   0.000000000000000E+00   0.000000000000000E+00   1.741179757598132E-06  -2.173945540310365E-06  -5.371037451712138E-07  -2.905740481554262E-06   0.000000000000000E+00   5.167701060059221E-06  -1.520456957401863E-06   6.179084507806544E-07  -9.365030977314174E-07   3.764104258584701E-06  -5.396319860101849E-06  -7.046803511042290E-06  -2.847334296774220E-06   0.000000000000000E+00   0.000000000000000E+00   0.000000000000000E+00   0.000000000000000E+00   0.000000000000000E+00  -1.680254177949556E-07  -6.106510279098752E-07  -4.298748321484553E-07  -9.912723267594268E-07   3.047186828560101E-06  -1.537529099074832E-06   8.628931357041881E-07  -1.282645505037401E-06  -4.955332713059378E-06  -7.176959846847945E-06  -1.499991222052966E-07  -2.074759365931330E-07  -4.696550886190274E-07  -1.500802879081517E-07   0.000000000000000E+00   0.000000000000000E+00   0.000000000000000E+00   0.000000000000000E+00   4.711534027227172E-08   1.470571098909695E-07  -2.726512199532371E-07   1.994216194667270E-07   0.000000000000000E+00   6.590219441067644E-07  -5.490478593970524E-07   1.215744983137728E-06  -3.806241140913423E-07   0.000000000000000E+00   0.000000000000000E+00   0.000000000000000E+00   0.000000000000000E+00   0.000000000000000E+00   0.000000000000000E+00   0.000000000000000E+00   0.000000000000000E+00   0.000000000000000E+00  -2.623161135830658E-07   7.197577785643674E-07   2.126965361748526E-07   6.556770889062843E-07   0.000000000000000E+00  -4.154281996988853E-07   0.000000000000000E+00   0.000000000000000E+00   0.000000000000000E+00   0.000000000000000E+00   0.000000000000000E+00   0.000000000000000E+00   0.000000000000000E+00   0.000000000000000E+00   0.000000000000000E+00   0.000000000000000E+00   0.000000000000000E+00   0.000000000000000E+00   0.000000000000000E+00   0.000000000000000E+00   0.000000000000000E+00   0.000000000000000E+00   0.000000000000000E+00   0.000000000000000E+00   0.000000000000000E+00   0.000000000000000E+00   0.000000000000000E+00   0.000000000000000E+00   0.000000000000000E+00   0.000000000000000E+00   0.000000000000000E+00   0.000000000000000E+00   5.739686617039909E-06   2.540636781851132E-06  -9.668070321903146E-06   2.467993567268235E-06   0.000000000000000E+00   0.000000000000000E+00   0.000000000000000E+00   0.000000000000000E+00   2.074384607254107E-06   1.732020398587887E-06  -1.071289896858414E-05   3.600720037243178E-07  -5.425374868070269E-06  -9.099017870164579E-06   3.134385744967042E-05  -1.087641920132459E-05   0.000000000000000E+00   0.000000000000000E+00   0.000000000000000E+00   0.000000000000000E+00   0.000000000000000E+00   0.000000000000000E+00   0.000000000000000E+00   0.000000000000000E+00   0.000000000000000E+00   1.023870375574609E-05   2.484709042424806E-07  -1.113990096140596E-06  -3.358407217851307E-07  -6.564245366554051E-04  -2.691907378260064E-04   1.139680498102910E-03  -2.111135185586581E-04   2.912955824346302E-06   0.000000000000000E+00   0.000000000000000E+00   0.000000000000000E+00   0.000000000000000E+00   0.000000000000000E+00   0.000000000000000E+00   0.000000000000000E+00   0.000000000000000E+00   0.000000000000000E+00  -9.265564436047465E-06  -1.457957690658167E-04  -2.678421970156234E-05   2.853941667365855E-04   4.053796152823859E-05  -2.181180336213502E-02  -8.411057303993287E-03   2.429774308311506E-02  -9.724272215505500E-03   0.000000000000000E+00   0.000000000000000E+00   0.000000000000000E+00   0.000000000000000E+00   0.000000000000000E+00   0.000000000000000E+00   0.000000000000000E+00   0.000000000000000E+00   0.000000000000000E+00  -9.849009325852110E-04   1.457839374070183E-04   1.559645106870024E-03   7.463870870238386E-04  -1.508079926807974E-01  -1.768686586134533E-02   1.233450599970938E-01   2.410793890345437E-02   7.899501994058741E-03   0.000000000000000E+00   0.000000000000000E+00   0.000000000000000E+00   0.000000000000000E+00   0.000000000000000E+00   0.000000000000000E+00   4.183877537821750E-05  -2.296483637438571E-02   5.627073809110093E-03   2.093551677278233E-02   1.834524865576607E-02   0.000000000000000E+00   0.000000000000000E+00  -1.262568107467837E-01   0.000000000000000E+00   0.000000000000000E+00  -6.443072232779232E-03   4.068270060399018E-03   7.384831989529736E-04   8.186757168101761E-03   9.951733863997309E-02  -5.617817764569340E-02   5.174046976509708E-03  -8.246203555988198E-02  -5.983882077926223E-02   3.577828244605120E-03  -2.581129140595757E-03  -7.266738448940159E-03  -4.453360529909891E-03   3.134211914936275E-04  -2.909777702710197E-02  -5.625312933864342E-04
   1.605031453804685E-06  -3.377418868277558E-06  -4.766583311917103E-06  -4.486926033960814E-06   1.020766442034588E-06  -3.843347266171016E-06  -4.043024913841940E-06  -6.455607005877387E-06   4.107906896019243E-06  -3.062997140259362E-06  -3.358068773046663E-06  -1.273552938232758E-06   0.000000000000000E+00   0.000000000000000E+00   0.000000000000000E+00   0.000000000000000E+00   4.313410518383402E-06  -5.385497688591711E-06  -2.905740481554262E-06  -6.562520737557200E-06   0.000000000000000E+00   4.989505896624490E-06  -1.468027826368383E-06  -9.365030977314174E-07   6.836476650519052E-07   1.417303894132862E-06  -2.031884513896163E-06  -2.847334296774220E-06  -5.569067838216099E-07   0.000000000000000E+00   0.000000000000000E+00   0.000000000000000E+00   0.000000000000000E+00   0.000000000000000E+00  -1.026155870460708E-06  -3.729335390537540E-06  -9.912723267594268E-07  -6.321406823729041E-06   6.432680865050753E-06  -3.245758980833793E-06  -1.282645505037401E-06  -1.237206426637507E-06  -3.338016718868552E-06  -1.341774502721776E-06  -5.124512697102105E-08  -7.088128622242821E-08  -1.500802879081517E-07  -8.162936597462915E-08   0.000000000000000E+00   0.000000000000000E+00   0.000000000000000E+00   0.000000000000000E+00  -1.071966004297685E-06  -3.345836442704469E-06   1.994216194667270E-07  -4.801117486833227E-06   0.000000000000000E+00   5.396333350955594E-06  -4.495821878816068E-06  -3.806241140913423E-07  -1.854473045960763E-06   0.000000000000000E+00   0.000000000000000E+00   0.000000000000000E+00   0.000000000000000E+00   0.000000000000000E+00   0.000000000000000E+00   0.000000000000000E+00   0.000000000000000E+00   0.000000000000000E+00   2.171605295917646E-06  -5.958573350139799E-06   6.556770889062843E-07  -5.136177985356092E-06   0.000000000000000E+00  -4.941742798293167E-06   0.000000000000000E+00   0.000000000000000E+00   0.000000000000000E+00   0.000000000000000E+00   0.000000000000000E+00   0.000000000000000E+00   0.000000000000000E+00   0.000000000000000E+00   0.000000000000000E+00   0.000000000000000E+00   0.000000000000000E+00   0.000000000000000E+00   0.000000000000000E+00   0.000000000000000E+00   0.000000000000000E+00   0.000000000000000E+00   0.000000000000000E+00   0.000000000000000E+00   0.000000000000000E+00   0.000000000000000E+00   0.000000000000000E+00   0.000000000000000E+00   0.000000000000000E+00   0.000000000000000E+00   0.000000000000000E+00   0.000000000000000E+00  -1.366068792116025E-06  -6.046819018803563E-07   2.467993567268235E-06   1.140805730839195E-07   0.000000000000000E+00   0.000000000000000E+00   0.000000000000000E+00   0.000000000000000E+00  -6.878530878051883E-08  -5.743272366869771E-08   3.600720037243178E-07   1.339890495073978E-07   1.867262501900967E-06   3.131627820425304E-06  -1.087641920132459E-05   3.485526815264536E-06   0.000000000000000E+00   0.000000000000000E+00   0.000000000000000E+00   0.000000000000000E+00   0.000000000000000E+00   0.000000000000000E+00   0.000000000000000E+00   0.000000000000000E+00   0.000000000000000E+00   1.300963300154212E-06   3.157152851445534E-08  -3.358407217851307E-07   1.486435004710896E-06   1.114218117371379E-04   4.569256332838142E-05  -2.111135185586581E-04  -6.822795024864379E-05  -1.742560417035049E-06   0.000000000000000E+00   0.000000000000000E+00   0.000000000000000E+00   0.000000000000000E+00   0.000000000000000E+00   0.000000000000000E+00   0.000000000000000E+00   0.000000000000000E+00   0.000000000000000E+00  -2.575701910037046E-06  -1.934860823599477E-05  -3.554543298704328E-06   4.053796152823859E-05  -1.468795925269465E-05   7.106666979343902E-03   2.740469561880714E-03  -9.724272215505500E-03  -2.379684084758154E-03   0.000000000000000E+00   0.000000000000000E+00   0.000000000000000E+00   0.000000000000000E+00   0.000000000000000E+00   0.000000000000000E+00   0.000000000000000E+00   0.000000000000000E+00   0.000000000000000E+00  -4.247552798600016E-04   6.287180272017219E-05   7.463870870238386E-04   1.508528305131057E-04  -1.925795646426910E-02  -2.258586476037132E-03   2.410793890345437E-02  -6.236432914799184E-02  -7.098841391345452E-03   0.000000000000000E+00   0.000000000000000E+00   0.000000000000000E+00   0.000000000000000E+00   0.000000000000000E+00   0.000000000000000E+00   2.522638942637029E-05  -1.522709040371782E-02   3.731093929991226E-03   1.834524865576607E-02   5.432030897960575E-03   0.000000000000000E+00   0.000000000000000E+00   0.000000000000000E+00  -1.262568107467837E-01   0.000000000000000E+00  -1.275477047663217E-02   8.053588254583507E-03   8.186757168101761E-03   1.280952954281635E-02  -1.057832155439085E-01   5.971530545302747E-02  -8.246203555988198E-02   1.525056564502826E-02  -1.349011304186057E-01  -2.731050153386036E-02   1.970243581693010E-02  -4.453360529909891E-03   2.614351558616111E-02   6.059327891026942E-04   1.044835740730348E-02   1.751760701206112E-03
   0.000000000000000E+00   0.000000000000000E+00   0.000000000000000E+00   0.000000000000000E+00   0.000000000000000E+00   0.000000000000000E+00   0.000000000000000E+00   0.000000000000000E+00   0.000000000000000E+00   0.000000000000000E+00   0.000000000000000E+00   0.000000000000000E+00   0.000000000000000E+00   0.000000000000000E+00   0.000000000000000E+00   0.000000000000000E+00   0.000000000000000E+00   0.000000000000000E+00   0.000000000000000E+00   0.000000000000000E+00   0.000000000000000E+00   0.000000000000000E+00   0.000000000000000E+00   0.000000000000000E+00   0.000000000000000E+00   0.000000000000000E+00   0.000000000000000E+00   0.000000000000000E+00   0.000000000000000E+00   0.000000000000000E+00   0.000000000000000E+00   0.000000000000000E+00   0.000000000000000E+00   0.000000000000000E+00   0.000000000000000E+00   0.000000000000000E+00   0.000000000000000E+00   0.000000000000000E+00   0.000000000000000E+00   0.000000000000000E+00   0.000000000000000E+00   0.000000000000000E+00   0.000000000000000E+00   0.000000000000000E+00   0.000000000000000E+00   0.000000000000000E+00   0.000000000000000E+00   0.000000000000000E+00   0.000000000000000E+00   0.000000000000000E+00   0.000000000000000E+00   0.000000000000000E+00   0.000000000000000E+00   0.000000000000000E+00   0.000000000000000E+00   0.000000000000000E+00   0.000000000000000E+00   0.000000000000000E+00   0.000000000000000E+00   0.000000000000000E+00   0.000000000000000E+00   0.000000000000000E+00   0.000000000000000E+00   0.000000000000000E+00   0.000000000000000E+00   0.000000000000000E+00   0.000000000000000E+00   0.000000000000000E+00   0.000000000000000E+00   0.000000000000000E+00   0.000000000000000E+00   0.000000000000000E+00   0.000000000000000E+00   0.000000000000000E+00   0.000000000000000E+00   0.000000000000000E+00   0.000000000000000E+00   2.847839566122511E-08   4.213272397414147E-08  -3.197022999405983E-08   2.749585815605351E-08  -1.843481123724851E-06   6.249721259058582E-06  -3.982344807837243E-06   8.360886005896545E-06   0.000000000000000E+00  -6.253246845904472E-06   9.545524213834009E-06  -4.940390360946608E-06   4.430849109524585E-06  -1.195685371183834E-05  -1.658958223790038E-06   5.718173537463449E-07  -1.780641355619175E-06   0.000000000000000E+00  -1.106352195215618E-05  -5.073196518903479E-06   1.586623280232791E-06  -3.033100534428709E-06   9.877720902497564E-07   2.532518187348872E-06  -5.039874195023171E-06  -4.039747045254134E-07   1.699309775769037E-06  -9.936488578303585E-06   4.769081529836408E-07  -1.182609237939694E-05   2.529634974569188E-07  -2.616108580887529E-06  -3.277956227744435E-07  -4.996054377668933E-06   2.738735516511062E-06  -1.037138586602560E-05   2.796339200205470E-06   0.000000000000000E+00   0.000000000000000E+00   0.000000000000000E+00   0.000000000000000E+00   1.937430903652017E-04  -3.474818169611495E-05   3.745344102252346E-04   5.265342577510206E-05   4.164445821928083E-06   6.018096024579403E-06  -1.116715208797553E-05   3.594872427337598E-05  -1.397187000279910E-05   0.000000000000000E+00   0.000000000000000E+00   0.000000000000000E+00   0.000000000000000E+00   0.000000000000000E+00   0.000000000000000E+00   0.000000000000000E+00   0.000000000000000E+00   0.000000000000000E+00   1.111474857711536E-03   1.208001250523626E-04   1.745862721918235E-03   8.796259063689449E-04   9.031594328388830E-04  -3.791964405656378E-04   1.540370625909435E-03  -3.004047870777747E-04   1.604317158267601E-06   0.000000000000000E+00   0.000000000000000E+00   0.000000000000000E+00   0.000000000000000E+00   0.000000000000000E+00   0.000000000000000E+00   0.000000000000000E+00   0.000000000000000E+00   0.000000000000000E+00   2.704918962212596E-02   4.611208397714164E-03   2.558589202507972E-02   2.111013455282732E-02  -4.378418385321396E-05   2.547836393527619E-02  -1.012788795593487E-02   2.784511429690756E-02  -1.179794733135401E-02   0.000000000000000E+00   0.000000000000000E+00   0.000000000000000E+00   0.000000000000000E+00   0.000000000000000E+00   0.000000000000000E+00   0.000000000000000E+00   0.000000000000000E+00   0.000000000000000E+00   1.711474858785680E-01  -1.731227514748905E-02   1.447885392373050E-01   2.114406372559634E-02  -9.611869687414986E-03  -9.273936266290618E-03   0.000000000000000E+00   0.000000000000000E+00   0.000000000000000E+00   0.000000000000000E+00   0.000000000000000E+00   0.000000000000000E+00   0.000000000000000E+00   0.000000000000000E+00   0.000000000000000E+00  -1.435178536165821E-01   0.000000000000000E+00   0.000000000000000E+00   0.000000000000000E+00   0.000000000000000E+00   0.000000000000000E+00   0.000000000000000E+00   0.000000000000000E+00   0.000000000000000E+00   0.000000000000000E+00   0.000000000000000E+00   0.000000000000000E+00   0.000000000000000E+00   0.000000000000000E+00   0.000000000000000E+00   0.000000000000000E+00   0.000000000000000E+00
  -1.486802331973847E-04   1.444458553270490E-04   2.369233926800065E-04   1.480750876480346E-04  -2.005424717881972E-04   1.963497766518368E-04   2.105264654494127E-04   2.956559341238174E-04  -2.951684452164877E-04   3.846452529609493E-04   4.348533779397621E-04   9.959593025210146E-05   1.563627024438043E-06   2.356872981709830E-06   8.190837992662698E-06   4.167062643481987E-06  -4.607212098485889E-04   5.991473106801044E-04   2.002529595294771E-04   6.265613253941873E-04   6.589616318502451E-06  -6.836283827577598E-04   1.135535195885207E-03   5.786738546258512E-04   1.619490995558302E-04  -1.633557994809920E-05   2.788671740543323E-05   4.380567019366437E-05  -3.525677505963121E-06   4.534641104345567E-06  -2.283068362782568E-06  -9.848255694434804E-06  -2.259820931027300E-06  -1.152666404247400E-05  -4.333919865992927E-05   6.121997682004245E-05  -3.766430925705228E-06   8.899417804134670E-05  -8.491985884001382E-04   1.420605748085916E-03   2.631429493595031E-04   6.196205193765831E-04   1.484771761815075E-04  -7.743455265785229E-06   5.166273147138154E-06  -3.041651577265394E-06  -8.413558564985664E-06   1.104244141787042E-07  -4.117310750369639E-06  -9.726157617179960E-08  -1.119567269886098E-06  -2.401527468358862E-07  -5.704317678095718E-06   1.783964782631149E-05  -7.938498410609992E-06   1.999933860886604E-05  -1.067319288275748E-05  -1.508392834838509E-04   2.989715254951108E-04  -5.379057295731367E-05   9.528852999021855E-05  -2.938607036311809E-06  -1.158202820379538E-06  -3.974997633619962E-06   6.826702461213771E-07   0.000000000000000E+00   0.000000000000000E+00   0.000000000000000E+00   0.000000000000000E+00   0.000000000000000E+00  -1.604133155335182E-05   4.128339726533417E-05  -1.815554209572242E-05   2.429965274612685E-05  -1.099381863552024E-05   2.271602720550342E-05   7.241436743915795E-07   0.000000000000000E+00   0.000000000000000E+00   0.000000000000000E+00   0.000000000000000E+00   0.000000000000000E+00   0.000000000000000E+00   0.000000000000000E+00   0.000000000000000E+00  -1.256917165365123E-05   0.000000000000000E+00   0.000000000000000E+00   0.000000000000000E+00   0.000000000000000E+00   0.000000000000000E+00   0.000000000000000E+00   0.000000000000000E+00   0.000000000000000E+00   0.000000000000000E+00   0.000000000000000E+00   0.000000000000000E+00   0.000000000000000E+00   0.000000000000000E+00   0.000000000000000E+00   0.000000000000000E+00   0.000000000000000E+00  -3.394650674340101E-06   1.040370223501329E-06  -1.980581342972747E-06   1.473237355978170E-06   0.000000000000000E+00   0.000000000000000E+00   0.000000000000000E+00   0.000000000000000E+00  -1.696370999503276E-06   2.072472530949643E-06  -5.270487169041434E-06   2.343478940181505E-06   3.680979106976266E-06   4.363289198073817E-06  -6.286482169921169E-06   6.829305023025871E-06   0.000000000000000E+00   0.000000000000000E+00   0.000000000000000E+00   0.000000000000000E+00   0.000000000000000E+00   0.000000000000000E+00   0.000000000000000E+00   0.000000000000000E+00   0.000000000000000E+00   2.907722069737511E-06  -1.496913917239595E-06   4.190338451855575E-06  -1.363510960126371E-06  -7.452881167897382E-05  -7.508279211480488E-05   1.030710290253566E-04  -1.120077371209575E-04  -6.184589195784460E-09   0.000000000000000E+00   0.000000000000000E+00   0.000000000000000E+00   0.000000000000000E+00   0.000000000000000E+00   0.000000000000000E+00   0.000000000000000E+00   0.000000000000000E+00   0.000000000000000E+00  -1.185510025818370E-05  -3.489389302396517E-04  -2.614544309749889E-04   5.637400010031755E-04  -2.906695014221204E-04  -7.253877360765369E-04  -6.506409310101837E-04   4.445400649898154E-04  -1.101879346199476E-03   0.000000000000000E+00   0.000000000000000E+00   0.000000000000000E+00   0.000000000000000E+00   0.000000000000000E+00   0.000000000000000E+00   0.000000000000000E+00   0.000000000000000E+00   0.000000000000000E+00  -1.582156899346486E-02  -7.266376880555606E-03   2.051395452668418E-02  -6.635369543051449E-03  -2.246489068924161E-02  -1.596338636429016E-02   3.895884663427880E-03  -2.631362998185884E-02   2.564765661229632E-05   0.000000000000000E+00   0.000000000000000E+00   0.000000000000000E+00   0.000000000000000E+00   0.000000000000000E+00   0.000000000000000E+00   6.055635632325238E-03  -1.505733262778784E-01  -7.459996143824583E-02   9.620890918515199E-02  -9.507910915828946E-02  -1.040110484129016E-02  -6.338266763245832E-03  -6.443072232779232E-03  -1.275477047663217E-02   0.000000000000000E+00  -2.846268901127639E-01   0.000000000000000E+00   0.000000000000000E+00   0.000000000000000E+00  -2.160506124816554E-02  -5.995189536947653E-03  -2.448967562230010E-02  -1.624208564393575E-02   3.477708760820405E-04  -1.588132554533559E-01   1.017800885690403E-02  -1.597180352959418E-01  -1.879734586300268E-02   1.937250763230506E-01   1.116828173332730E-03   2.714442569355356E-02
  -1.444485150372894E-04   8.993466519624280E-05   2.217699447529355E-04   1.386043127085521E-04  -1.963297636940536E-04   1.274405326319164E-04   2.016490568870820E-04   2.831888150113022E-04  -3.846539231380974E-04   4.087214892933772E-04   5.626643581193519E-04   1.288689084861178E-04  -2.356987148020876E-06   2.205138459183174E-06   9.952923926405712E-06   5.063518229062259E-06  -5.991459706344721E-04   6.443909991002522E-04   2.618554088102385E-04   8.193061035965815E-04   1.282237217940900E-05  -1.135395975731366E-03   1.703202112463486E-03   9.736615028887850E-04   2.724913220193219E-04  -2.788241324263614E-05   3.005348766390102E-05   5.729607881477264E-05  -4.611446311951425E-06   2.283218831995780E-06   1.757596078488878E-06   4.170984540454447E-07   9.570911296339149E-08  -1.097309376137549E-06  -6.121790820703618E-05   6.137629475993159E-05  -4.658209674851695E-06   1.100653508148578E-04  -1.420608338584744E-03   2.156385581999051E-03   4.473339874069036E-04   1.053333628305529E-03   2.761240947647809E-04   9.473126629450331E-06   3.041930410844871E-06   2.423544969989738E-06   2.389582115985466E-06  -3.136225929272451E-08   9.724720899864455E-08  -6.765878116207969E-08  -9.282480824419116E-07  -1.991138297265950E-07  -1.783924896996943E-05   2.977470082013714E-05  -1.463880049078060E-05   3.687930798744841E-05   3.096589929429147E-06  -2.989601249303794E-04   5.259108154208065E-04  -1.028714793152284E-04   1.822340143066740E-04   1.157847034429759E-06  -5.275189856939318E-07  -3.262566805489107E-06   5.603166314497545E-07   0.000000000000000E+00   0.000000000000000E+00   0.000000000000000E+00   0.000000000000000E+00   0.000000000000000E+00  -4.128257741128922E-05   7.499426137688787E-05  -3.575611752458320E-05   4.785652969303420E-05  -5.050777055492752E-06   7.010777587710906E-05  -5.697497786739163E-07   0.000000000000000E+00   0.000000000000000E+00   0.000000000000000E+00   0.000000000000000E+00   0.000000000000000E+00   0.000000000000000E+00   0.000000000000000E+00   0.000000000000000E+00  -3.966647831697166E-06   0.000000000000000E+00   0.000000000000000E+00   0.000000000000000E+00   0.000000000000000E+00   0.000000000000000E+00   0.000000000000000E+00   0.000000000000000E+00   0.000000000000000E+00   0.000000000000000E+00   0.000000000000000E+00   0.000000000000000E+00   0.000000000000000E+00   0.000000000000000E+00   0.000000000000000E+00   0.000000000000000E+00   0.000000000000000E+00  -1.040370397980410E-06  -1.502248078745441E-06   3.282076274435878E-06  -2.441342482511272E-06   0.000000000000000E+00   0.000000000000000E+00   0.000000000000000E+00   0.000000000000000E+00  -2.072471910685690E-06  -6.288048720194062E-07   3.404867698960984E-06  -1.513946527275304E-06  -4.363273143928142E-06   1.357557095198283E-06   2.747555130576153E-07  -2.984800011692315E-07   0.000000000000000E+00   0.000000000000000E+00   0.000000000000000E+00   0.000000000000000E+00   0.000000000000000E+00   0.000000000000000E+00   0.000000000000000E+00   0.000000000000000E+00   0.000000000000000E+00   1.496915033389961E-06   3.632173433719905E-06  -1.039510379323495E-05   3.382504329083629E-06   7.508279890391067E-05   4.650665078066354E-05  -9.585557129509586E-05   1.041666677118259E-04   4.422715914302394E-06   0.000000000000000E+00   0.000000000000000E+00   0.000000000000000E+00   0.000000000000000E+00   0.000000000000000E+00   0.000000000000000E+00   0.000000000000000E+00   0.000000000000000E+00   0.000000000000000E+00  -6.292058990279125E-07   2.614544134212306E-04   9.085277544846838E-05  -4.221391946166995E-04   2.176588303324609E-04   6.506402174108309E-04   3.720083042334304E-04  -4.044226572048892E-04   1.002440518200283E-03   0.000000000000000E+00   0.000000000000000E+00   0.000000000000000E+00   0.000000000000000E+00   0.000000000000000E+00   0.000000000000000E+00   0.000000000000000E+00   0.000000000000000E+00   0.000000000000000E+00   7.266375027829364E-03  -1.789312204772012E-03  -9.825007655551270E-03   3.177961444395859E-03   1.596338713234769E-02   4.289014906506234E-03  -2.908748289615618E-03   1.964630188409247E-02  -3.525357011419683E-05   0.000000000000000E+00   0.000000000000000E+00   0.000000000000000E+00   0.000000000000000E+00   0.000000000000000E+00   0.000000000000000E+00  -1.035727814267114E-03   7.459993468561509E-02  -2.085867302865681E-02  -5.894242792038372E-02   5.825025546762642E-02   6.338262213547312E-03   6.050368911164295E-04   4.068270060399018E-03   8.053588254583507E-03   0.000000000000000E+00   0.000000000000000E+00  -1.293584649864552E-01   0.000000000000000E+00   0.000000000000000E+00   5.995189374694726E-03  -5.576608909466703E-03   7.134161028294435E-03   4.731530797152470E-03  -2.466687068015766E-04  -1.017799978522227E-02  -7.059365893635443E-02  -1.281694955910379E-02  -1.508437248960170E-03   7.872889597069764E-02  -1.850133888090519E-04   1.089455661308558E-02
  -2.369277551975206E-04   2.217699447529355E-04   3.184795928589756E-04   2.273419609904261E-04  -2.105050075321330E-04   2.016490568870820E-04   1.555787267974028E-04   3.036353862772745E-04  -4.348631798437013E-04   5.626643581193519E-04   5.471317912075063E-04   1.456902944601989E-04  -8.191234754713622E-06   9.952923926405712E-06   3.393061919629952E-05   1.759723914228717E-05  -2.002525116461286E-04   2.618554088102385E-04  -5.154799067057727E-05   2.738366159393126E-04   2.044055190574296E-05  -5.786029074078723E-04   9.736615028887850E-04   2.887625625340570E-04   1.388628060463531E-04  -4.379890902729230E-05   5.729607881477264E-05   8.358194348251340E-05  -7.243860699709909E-06   9.848904759224109E-06   4.170984540454447E-07   3.460100462729075E-06   4.128513329325967E-07  -6.761976612550028E-06   3.766303658620122E-06  -4.658209674851695E-06  -1.405216398258683E-05  -6.771540315610788E-06  -2.631434292051624E-04   4.473339874069036E-04  -1.757344789632310E-04   1.951120625728316E-04   1.097474841818114E-04   1.201308060278693E-05   8.414329850779324E-06   2.389582115985466E-06   8.169527725666103E-06  -8.675162114617844E-08   1.119401890941418E-06  -9.282480824419116E-07  -1.067197915646204E-05  -2.291977320517699E-06   7.938320922776805E-06  -1.463880049078060E-05   3.392066949177353E-06  -1.641099256516476E-05   1.486629691614974E-07   5.378852178234668E-05  -1.028714793152284E-04  -2.734709586580419E-05  -3.278730984709644E-05   3.973776562246660E-06  -3.262566805489107E-06  -1.077415612520663E-05   1.923028717337108E-06   0.000000000000000E+00   0.000000000000000E+00   0.000000000000000E+00   0.000000000000000E+00   0.000000000000000E+00   1.815518154170770E-05  -3.575611752458320E-05   9.414155005587005E-06  -2.104626307308917E-05   3.518850834267341E-06  -1.440679575211065E-05  -1.494468174525718E-06   0.000000000000000E+00   0.000000000000000E+00   0.000000000000000E+00   0.000000000000000E+00   0.000000000000000E+00   0.000000000000000E+00   0.000000000000000E+00   0.000000000000000E+00   2.526350707203303E-06   0.000000000000000E+00   0.000000000000000E+00   0.000000000000000E+00   0.000000000000000E+00   0.000000000000000E+00   0.000000000000000E+00   0.000000000000000E+00   0.000000000000000E+00   0.000000000000000E+00   0.000000000000000E+00   0.000000000000000E+00   0.000000000000000E+00   0.000000000000000E+00   0.000000000000000E+00   0.000000000000000E+00   0.000000000000000E+00   1.980581675133361E-06   3.282076274435878E-06  -6.026400393071129E-06   4.647650676117622E-06   0.000000000000000E+00   0.000000000000000E+00   0.000000000000000E+00   0.000000000000000E+00   5.270485591653481E-06   3.404867698960984E-06  -7.948825249048618E-06   3.850104465781800E-06   6.286459039641245E-06   2.747555130576153E-07   1.152399369508425E-06   4.300400730386514E-07   0.000000000000000E+00   0.000000000000000E+00   0.000000000000000E+00   0.000000000000000E+00   0.000000000000000E+00   0.000000000000000E+00   0.000000000000000E+00   0.000000000000000E+00   0.000000000000000E+00  -4.190341576315667E-06  -1.039510379323495E-05   2.901793600352196E-05  -9.468706109610184E-06  -1.030710383452034E-04  -9.585557129509586E-05   1.082671811355618E-04  -1.429963554736165E-04  -4.965618370728729E-06   0.000000000000000E+00   0.000000000000000E+00   0.000000000000000E+00   0.000000000000000E+00   0.000000000000000E+00   0.000000000000000E+00   0.000000000000000E+00   0.000000000000000E+00   0.000000000000000E+00   2.367518772762823E-06  -5.637399631543018E-04  -4.221391946166995E-04   8.052742886976184E-04  -4.693092741721766E-04  -4.445395774344105E-04  -4.044226572048892E-04   5.639964901472202E-05  -6.849015361165519E-04   0.000000000000000E+00   0.000000000000000E+00   0.000000000000000E+00   0.000000000000000E+00   0.000000000000000E+00   0.000000000000000E+00   0.000000000000000E+00   0.000000000000000E+00   0.000000000000000E+00  -2.051394929619001E-02  -9.825007655551270E-03   2.246782170024506E-02  -8.971810522565056E-03  -3.895884850873294E-03  -2.908748289615618E-03  -6.919696725977595E-03  -4.794704861277321E-03   1.262633326066941E-05   0.000000000000000E+00   0.000000000000000E+00   0.000000000000000E+00   0.000000000000000E+00   0.000000000000000E+00   0.000000000000000E+00   9.136313210161234E-03  -9.620887468323841E-02  -5.894242792038372E-02   9.453576539328474E-03  -7.512327661102007E-02   6.443067607849846E-03   4.068270060399018E-03   7.384831989529736E-04   8.186757168101761E-03   0.000000000000000E+00   0.000000000000000E+00   0.000000000000000E+00  -1.293584649864552E-01   0.000000000000000E+00   2.448967495951512E-02   7.134161028294435E-03   2.181916058977598E-02   1.932777165843901E-02  -2.671212829348259E-04   1.597178929389043E-01  -1.281694955910379E-02   1.297190994655422E-01   2.367109688725686E-02   6.946417683218338E-02  -1.754006482918299E-03  -3.121669422683877E-02
  -1.480778141840509E-04   1.386043127085521E-04   2.273419609904261E-04   9.681423679795735E-05  -2.956257993824957E-04   2.831888150113022E-04   3.036353862772745E-04   3.657851814812024E-04  -9.959817521509491E-05   1.288689084861178E-04   1.456902944601989E-04  -5.560976394902611E-05  -4.167264494906987E-06   5.063518229062259E-06   1.759723914228717E-05   8.293773152209589E-06  -6.265599240347011E-04   8.193061035965815E-04   2.738366159393126E-04   7.177255909245458E-04   3.579213740418560E-05  -1.619292440915202E-04   2.724913220193219E-04   1.388628060463531E-04  -1.685572392839949E-04   3.525133336861571E-06  -4.611446311951425E-06  -7.243860699709909E-06  -5.838213905113968E-06   2.259969868081939E-06   9.570911296339149E-08   4.128513329325967E-07   1.755636929413984E-06  -4.771672476244447E-06  -8.899117094262270E-05   1.100653508148578E-04  -6.771540315610788E-06   1.456609086042344E-04  -6.196216492651756E-04   1.053333628305529E-03   1.951120625728316E-04   2.008332955746910E-04  -3.401241375144664E-05  -4.176703096021480E-06  -1.104345369800458E-07  -3.136225929272451E-08  -8.675162114617844E-08   1.560806966910226E-06   2.401172722298469E-07  -1.991138297265950E-07  -2.291977320517699E-06  -4.786584504163820E-07  -1.999889146646060E-05   3.687930798744841E-05  -1.641099256516476E-05   3.822188420352448E-05   7.072384387396663E-06  -9.528489638981962E-05   1.822340143066740E-04  -3.278730984709644E-05   1.222622304666973E-05  -6.824605380481209E-07   5.603166314497545E-07   1.923028717337108E-06   9.283851267908319E-08   0.000000000000000E+00   0.000000000000000E+00   0.000000000000000E+00   0.000000000000000E+00   0.000000000000000E+00  -2.429917017516820E-05   4.785652969303420E-05  -2.104626307308917E-05   2.185802809520913E-05  -6.850949596318883E-06   5.176328366642657E-06   4.955551006335983E-07   0.000000000000000E+00   0.000000000000000E+00   0.000000000000000E+00   0.000000000000000E+00   0.000000000000000E+00   0.000000000000000E+00   0.000000000000000E+00   0.000000000000000E+00  -2.032571637250768E-06   0.000000000000000E+00   0.000000000000000E+00   0.000000000000000E+00   0.000000000000000E+00   0.000000000000000E+00   0.000000000000000E+00   0.000000000000000E+00   0.000000000000000E+00   0.000000000000000E+00   0.000000000000000E+00   0.000000000000000E+00   0.000000000000000E+00   0.000000000000000E+00   0.000000000000000E+00   0.000000000000000E+00   0.000000000000000E+00  -1.473237603052811E-06  -2.441342482511272E-06   4.647650676117622E-06  -3.235334265076160E-06   0.000000000000000E+00   0.000000000000000E+00   0.000000000000000E+00   0.000000000000000E+00  -2.343478238808875E-06  -1.513946527275304E-06   3.850104465781800E-06  -1.001852731236879E-06  -6.829279895501034E-06  -2.984800011692315E-07   4.300400730386514E-07   1.081084972683451E-06   0.000000000000000E+00   0.000000000000000E+00   0.000000000000000E+00   0.000000000000000E+00   0.000000000000000E+00   0.000000000000000E+00   0.000000000000000E+00   0.000000000000000E+00   0.000000000000000E+00   1.363511976806916E-06   3.382504329083629E-06  -9.468706109610184E-06   2.999792300066833E-06   1.120077472488757E-04   1.041666677118259E-04  -1.429963554736165E-04   1.320747715605441E-04   7.596579463351707E-06   0.000000000000000E+00   0.000000000000000E+00   0.000000000000000E+00   0.000000000000000E+00   0.000000000000000E+00   0.000000000000000E+00   0.000000000000000E+00   0.000000000000000E+00   0.000000000000000E+00  -2.420328080264695E-07   2.906694819068948E-04   2.176588303324609E-04  -4.693092741721766E-04   1.370508982875603E-04   1.101878137698211E-03   1.002440518200283E-03  -6.849015361165519E-04   1.477746484734626E-03   0.000000000000000E+00   0.000000000000000E+00   0.000000000000000E+00   0.000000000000000E+00   0.000000000000000E+00   0.000000000000000E+00   0.000000000000000E+00   0.000000000000000E+00   0.000000000000000E+00   6.635367851214723E-03   3.177961444395859E-03  -8.971810522565056E-03  -2.367500587547970E-03   2.631363124790486E-02   1.964630188409247E-02  -4.794704861277321E-03   2.475487149531871E-02  -6.552424036432329E-05   0.000000000000000E+00   0.000000000000000E+00   0.000000000000000E+00   0.000000000000000E+00   0.000000000000000E+00   0.000000000000000E+00   4.529419132073468E-04   9.507907506153862E-02   5.825025546762642E-02  -7.512327661102007E-02   7.678719095877019E-03   1.275476132107553E-02   8.053588254583507E-03   8.186757168101761E-03   1.280952954281635E-02   0.000000000000000E+00   0.000000000000000E+00   0.000000000000000E+00   0.000000000000000E+00  -1.293584649864552E-01   1.624208520436233E-02   4.731530797152470E-03   1.932777165843901E-02   5.495513041554996E-03  -5.487767843125830E-04   1.879732910888682E-02  -1.508437248960170E-03   2.367109688725686E-02  -6.862454650373145E-02   1.260608038298233E-01  -8.824532419504001E-04   7.969255270517837E-03
  -2.685136272698445E-06  -1.737134416200556E-06  -3.710390873206734E-06  -2.373970245977982E-06  -1.325010451439554E-06  -2.693957734870346E-06  -4.515522377551939E-06  -4.706389940270037E-06   6.463332037083424E-07  -4.800247371782724E-06  -7.670737334131555E-06  -3.103957210864852E-06   0.000000000000000E+00   0.000000000000000E+00   0.000000000000000E+00   0.000000000000000E+00   3.547797642854263E-06  -5.730086419760591E-06  -5.328484733797096E-06  -7.506086801109195E-06   0.000000000000000E+00   5.095683017501030E-06  -6.007767097299051E-06  -5.841693711937992E-06  -2.852562735052192E-06  -3.785316962281363E-06  -9.546475694115956E-07  -1.888265348545937E-06  -3.176824992280517E-07   0.000000000000000E+00   0.000000000000000E+00   0.000000000000000E+00   0.000000000000000E+00   0.000000000000000E+00   5.340781820125001E-07  -4.593884485118067E-06  -2.775417402564041E-06  -7.603989842900534E-06   5.157139391496402E-06  -3.139575527273775E-06  -2.161829500026233E-06  -2.290484746251069E-06  -1.189225911986036E-05   8.075518105280403E-07   0.000000000000000E+00   0.000000000000000E+00   0.000000000000000E+00   0.000000000000000E+00   0.000000000000000E+00   0.000000000000000E+00   0.000000000000000E+00   0.000000000000000E+00   1.671646355862241E-06  -6.109797825348627E-06  -1.038495580135859E-06  -8.166727261061394E-06   4.074980728696356E-08   4.566772446721417E-06  -9.401819019259058E-07  -2.748963808584218E-07  -5.485516381171052E-07   0.000000000000000E+00   0.000000000000000E+00   0.000000000000000E+00   0.000000000000000E+00   0.000000000000000E+00   0.000000000000000E+00   0.000000000000000E+00   0.000000000000000E+00   0.000000000000000E+00   4.961611723014559E-06  -7.043702907715770E-06  -5.284145930733623E-07  -5.845405511905841E-06   2.036588912260310E-06  -1.252663721893045E-05   0.000000000000000E+00   0.000000000000000E+00   0.000000000000000E+00   0.000000000000000E+00   0.000000000000000E+00   0.000000000000000E+00   0.000000000000000E+00   0.000000000000000E+00   0.000000000000000E+00  -7.393611358337415E-06   0.000000000000000E+00   0.000000000000000E+00   0.000000000000000E+00   0.000000000000000E+00   0.000000000000000E+00   0.000000000000000E+00   0.000000000000000E+00   0.000000000000000E+00   0.000000000000000E+00   0.000000000000000E+00   0.000000000000000E+00   0.000000000000000E+00   0.000000000000000E+00   0.000000000000000E+00   0.000000000000000E+00   0.000000000000000E+00   0.000000000000000E+00   0.000000000000000E+00   0.000000000000000E+00   0.000000000000000E+00   0.000000000000000E+00   0.000000000000000E+00   0.000000000000000E+00   0.000000000000000E+00   0.000000000000000E+00   0.000000000000000E+00   0.000000000000000E+00   0.000000000000000E+00  -1.397258432039428E-06   2.022906084522287E-06  -5.683796057785272E-06   2.592860948560839E-06   0.000000000000000E+00   0.000000000000000E+00   0.000000000000000E+00   0.000000000000000E+00   0.000000000000000E+00   0.000000000000000E+00   0.000000000000000E+00   0.000000000000000E+00   0.000000000000000E+00  -3.517873400369543E-06   4.156056210496984E-07  -2.360664561824495E-06   6.581898120286088E-08   2.226095137375361E-06  -1.907126696549918E-06   6.137760248549030E-06  -2.059914327196589E-06   1.987734373483427E-06   0.000000000000000E+00   0.000000000000000E+00   0.000000000000000E+00   0.000000000000000E+00   0.000000000000000E+00   0.000000000000000E+00   0.000000000000000E+00   0.000000000000000E+00   0.000000000000000E+00   0.000000000000000E+00   4.763363799247644E-06   5.788008062443626E-07  -2.999894042343527E-06   1.950638784291179E-07  -4.531542624892193E-04  -2.924968711367428E-04   7.296575897162299E-04  -3.824963724416789E-04   0.000000000000000E+00   0.000000000000000E+00   0.000000000000000E+00   0.000000000000000E+00   0.000000000000000E+00   0.000000000000000E+00   0.000000000000000E+00   0.000000000000000E+00   0.000000000000000E+00  -7.491668834877562E-05  -1.304806826031036E-05   1.685906917829158E-04   2.233997943385499E-05  -1.755715127701155E-02  -7.486086426892355E-03   2.266221012812295E-02  -7.234170200776447E-03   1.280122345943628E-04   0.000000000000000E+00   0.000000000000000E+00   0.000000000000000E+00   0.000000000000000E+00   0.000000000000000E+00   0.000000000000000E+00  -7.931116199276271E-06  -6.366018397353210E-03  -7.218616954874239E-04   9.897131456683944E-03   1.473376295579070E-03  -1.604737490270853E-01  -7.206599054231341E-02   9.951733863997309E-02  -1.057832155439085E-01   0.000000000000000E+00  -2.160506124816554E-02   5.995189374694726E-03   2.448967495951512E-02   1.624208520436233E-02  -2.832282186533447E-01   0.000000000000000E+00   0.000000000000000E+00   0.000000000000000E+00   3.003665715753278E-02  -1.570221404836459E-01   6.484344859108292E-02   6.634935472124767E-02   1.299385299741673E-01   1.370673829808690E-03   1.771743634922442E-01   2.746833650756275E-02
   1.737218247065713E-06  -1.191007900421001E-06  -3.610994460652265E-06  -2.310374755900320E-06   2.693168990127564E-06  -9.169123025447002E-07  -2.957681356733018E-06  -3.082700210512331E-06   4.800581065537868E-06  -1.258798142291967E-06  -4.042209125078566E-06  -1.635676417413373E-06   0.000000000000000E+00   0.000000000000000E+00   0.000000000000000E+00   0.000000000000000E+00   5.730042840476131E-06   9.133715015994305E-07  -6.655555948335909E-07  -9.375494752003972E-07   0.000000000000000E+00   6.004849968985719E-06   4.926744003142248E-06   3.297488973455902E-06   1.610199820251318E-06   9.543518981236585E-07  -2.207347473618565E-06  -4.647195169901467E-06  -7.818459291813421E-07   0.000000000000000E+00   0.000000000000000E+00   0.000000000000000E+00   0.000000000000000E+00   0.000000000000000E+00   4.593443679031161E-06  -1.198707477256644E-06  -1.465514106063606E-06  -4.015163400950098E-06   3.139610771016732E-06   1.036560776076665E-05   6.400005495726732E-06   6.780883952091137E-06  -5.636446581513434E-06  -9.720915135678164E-07   0.000000000000000E+00   0.000000000000000E+00   0.000000000000000E+00   0.000000000000000E+00   0.000000000000000E+00   0.000000000000000E+00   0.000000000000000E+00   0.000000000000000E+00   6.109299153781727E-06  -1.382522057983070E-06  -4.757365518475993E-07  -3.741191336171949E-06  -3.180209198907288E-08   9.394766677176019E-07   1.856446311856883E-05   5.231846242863583E-06   1.044007133865370E-05   0.000000000000000E+00   0.000000000000000E+00   0.000000000000000E+00   0.000000000000000E+00   0.000000000000000E+00   0.000000000000000E+00   0.000000000000000E+00   0.000000000000000E+00   0.000000000000000E+00   7.043181438773216E-06   5.152302582456370E-06   2.698826445562263E-07   2.985484350235703E-06  -3.262052913445363E-06   6.425560550281382E-08   0.000000000000000E+00   0.000000000000000E+00   0.000000000000000E+00   0.000000000000000E+00   0.000000000000000E+00   0.000000000000000E+00   0.000000000000000E+00   0.000000000000000E+00   0.000000000000000E+00  -9.357676519542073E-06   0.000000000000000E+00   0.000000000000000E+00   0.000000000000000E+00   0.000000000000000E+00   0.000000000000000E+00   0.000000000000000E+00   0.000000000000000E+00   0.000000000000000E+00   0.000000000000000E+00   0.000000000000000E+00   0.000000000000000E+00   0.000000000000000E+00   0.000000000000000E+00   0.000000000000000E+00   0.000000000000000E+00   0.000000000000000E+00   0.000000000000000E+00   0.000000000000000E+00   0.000000000000000E+00   0.000000000000000E+00   0.000000000000000E+00   0.000000000000000E+00   0.000000000000000E+00   0.000000000000000E+00   0.000000000000000E+00   0.000000000000000E+00   0.000000000000000E+00   0.000000000000000E+00  -2.022900172027647E-06  -3.128332407021839E-07   3.062409094256794E-06  -1.397024254263979E-06   0.000000000000000E+00   0.000000000000000E+00   0.000000000000000E+00   0.000000000000000E+00   0.000000000000000E+00   0.000000000000000E+00   0.000000000000000E+00   0.000000000000000E+00   0.000000000000000E+00  -4.156053603809140E-07  -1.576676322059602E-07   1.939472330279012E-06  -5.407548997619662E-08   1.907126453232279E-06   2.820385246443997E-06  -1.020981348962684E-05   3.426549789112266E-06   2.146676220699674E-06   0.000000000000000E+00   0.000000000000000E+00   0.000000000000000E+00   0.000000000000000E+00   0.000000000000000E+00   0.000000000000000E+00   0.000000000000000E+00   0.000000000000000E+00   0.000000000000000E+00   0.000000000000000E+00  -5.788005612585319E-07   1.595573693924959E-06  -3.791332052558604E-06   2.465260186346347E-07   2.924965643839126E-04   5.344787237380430E-05  -4.737819280128196E-04   2.483628915088873E-04   0.000000000000000E+00   0.000000000000000E+00   0.000000000000000E+00   0.000000000000000E+00   0.000000000000000E+00   0.000000000000000E+00   0.000000000000000E+00   0.000000000000000E+00   0.000000000000000E+00   1.304806613711843E-05  -2.134743302079233E-05  -2.710891159985036E-05  -3.592206196025703E-06   7.486086977017705E-03  -2.541981401500266E-03  -1.009522921360161E-02   3.222572111641325E-03  -1.027740680698069E-04   0.000000000000000E+00   0.000000000000000E+00   0.000000000000000E+00   0.000000000000000E+00   0.000000000000000E+00   0.000000000000000E+00   4.826404514981523E-07   7.218615096377570E-04  -1.956232338080717E-03  -1.157023876767293E-03  -1.722450147205686E-04   7.206593063487150E-02  -3.172178436759424E-02  -5.617817764569340E-02   5.971530545302747E-02   0.000000000000000E+00  -5.995189536947653E-03  -5.576608909466703E-03   7.134161028294435E-03   4.731530797152470E-03   0.000000000000000E+00  -1.279598201646973E-01   0.000000000000000E+00   0.000000000000000E+00  -1.630200317286249E-02  -6.484339260341930E-02  -3.689919828486742E-02   3.421972250107629E-02   6.701588066070305E-02   6.982078420651364E-04   2.269002470109319E-02   1.868300013886130E-02
   3.710569929746095E-06  -3.610994460652265E-06  -7.213226588464792E-06  -4.934789920707023E-06   4.514200309840889E-06  -2.957681356733018E-06  -4.109928658190855E-06  -5.167119589024451E-06   7.671270572722717E-06  -4.042209125078566E-06  -5.188637765345774E-06  -2.613791163214918E-06   0.000000000000000E+00   0.000000000000000E+00   0.000000000000000E+00   0.000000000000000E+00   5.328444208832034E-06  -6.655555948335909E-07   1.010180111668658E-06  -8.718399165074936E-07   0.000000000000000E+00   5.838857222132561E-06   3.297488973455902E-06   4.741846899128549E-06   1.565688884503306E-06   1.887680519269186E-06  -4.647195169901467E-06  -9.049889725916685E-06  -1.546468689890215E-06   0.000000000000000E+00   0.000000000000000E+00   0.000000000000000E+00   0.000000000000000E+00   0.000000000000000E+00   2.775151087446908E-06  -1.465514106063606E-06   3.416212580857578E-07  -2.425780276634169E-06   2.161853767944796E-06   6.400005495726732E-06   5.477902394334634E-06   4.669139135701639E-06  -4.617579182489030E-06  -1.616882392297874E-06   0.000000000000000E+00   0.000000000000000E+00   0.000000000000000E+00   0.000000000000000E+00   0.000000000000000E+00   0.000000000000000E+00   0.000000000000000E+00   0.000000000000000E+00   1.038410819848698E-06  -4.757365518475993E-07   1.335524510931637E-06  -6.358984009156546E-07  -2.608880190146735E-08   2.746901799826942E-07   5.231846242863583E-06   2.200579068814069E-06   3.052534643584126E-06   0.000000000000000E+00   0.000000000000000E+00   0.000000000000000E+00   0.000000000000000E+00   0.000000000000000E+00   0.000000000000000E+00   0.000000000000000E+00   0.000000000000000E+00   0.000000000000000E+00   5.283754727693560E-07   2.698826445562263E-07   1.575045865544550E-06   2.239693409454556E-07   1.590034223945471E-07   1.402253667987583E-08   0.000000000000000E+00   0.000000000000000E+00   0.000000000000000E+00   0.000000000000000E+00   0.000000000000000E+00   0.000000000000000E+00   0.000000000000000E+00   0.000000000000000E+00   0.000000000000000E+00   1.404633856361725E-06   0.000000000000000E+00   0.000000000000000E+00   0.000000000000000E+00   0.000000000000000E+00   0.000000000000000E+00   0.000000000000000E+00   0.000000000000000E+00   0.000000000000000E+00   0.000000000000000E+00   0.000000000000000E+00   0.000000000000000E+00   0.000000000000000E+00   0.000000000000000E+00   0.000000000000000E+00   0.000000000000000E+00   0.000000000000000E+00   0.000000000000000E+00   0.000000000000000E+00   0.000000000000000E+00   0.000000000000000E+00   0.000000000000000E+00   0.000000000000000E+00   0.000000000000000E+00   0.000000000000000E+00   0.000000000000000E+00   0.000000000000000E+00   0.000000000000000E+00   0.000000000000000E+00   5.683779445341430E-06   3.062409094256794E-06  -7.827405230418133E-06   3.925244483552559E-06   0.000000000000000E+00   0.000000000000000E+00   0.000000000000000E+00   0.000000000000000E+00   0.000000000000000E+00   0.000000000000000E+00   0.000000000000000E+00   0.000000000000000E+00   0.000000000000000E+00   2.360663081210349E-06   1.939472330279012E-06  -1.083253259388876E-05   3.071519882904521E-07  -6.137759465472930E-06  -1.020981348962684E-05   3.250652294127139E-05  -1.102776292908804E-05  -4.782895862203134E-06   0.000000000000000E+00   0.000000000000000E+00   0.000000000000000E+00   0.000000000000000E+00   0.000000000000000E+00   0.000000000000000E+00   0.000000000000000E+00   0.000000000000000E+00   0.000000000000000E+00   0.000000000000000E+00   2.999892772594891E-06  -3.791332052558604E-06   2.051434651328746E-05  -1.277731348343147E-06  -7.296568244959733E-04  -4.737819280128196E-04   1.045411667274623E-03  -6.195617344180327E-04   0.000000000000000E+00   0.000000000000000E+00   0.000000000000000E+00   0.000000000000000E+00   0.000000000000000E+00   0.000000000000000E+00   0.000000000000000E+00   0.000000000000000E+00   0.000000000000000E+00  -1.685906643497059E-04  -2.710891159985036E-05   3.268216607051862E-04   4.641396071302013E-05  -2.266221179348661E-02  -1.009522921360161E-02   2.468394848127732E-02  -9.755512050287841E-03   1.735049412050689E-04   0.000000000000000E+00   0.000000000000000E+00   0.000000000000000E+00   0.000000000000000E+00   0.000000000000000E+00   0.000000000000000E+00   1.372496656015596E-05  -9.897128908580065E-03  -1.157023876767293E-03   1.382282912435023E-02   2.361576412912226E-03  -9.951725591261253E-02  -5.617817764569340E-02   5.174046976509708E-03  -8.246203555988198E-02   0.000000000000000E+00  -2.448967562230010E-02   7.134161028294435E-03   2.181916058977598E-02   1.932777165843901E-02   0.000000000000000E+00   0.000000000000000E+00  -1.279598201646973E-01   0.000000000000000E+00   7.565702525098841E-03  -6.634929743334221E-02   3.421972250107629E-02  -3.532781695376466E-02   6.857223874618619E-02   1.719408602243551E-03  -1.482610122553570E-01  -3.399590865525530E-04
   2.374084809351846E-06  -2.310374755900320E-06  -4.934789920707023E-06  -2.657770264165816E-06   4.705011989801541E-06  -3.082700210512331E-06  -5.167119589024451E-06  -4.537891165807150E-06   3.104172985398387E-06  -1.635676417413373E-06  -2.613791163214918E-06   2.130952765923915E-07   0.000000000000000E+00   0.000000000000000E+00   0.000000000000000E+00   0.000000000000000E+00   7.506029714729004E-06  -9.375494752003972E-07  -8.718399165074936E-07   4.009528402289407E-07   0.000000000000000E+00   2.851177646152238E-06   1.610199820251318E-06   1.565688884503306E-06   2.300053740272455E-06   3.175841073222727E-07  -7.818459291813421E-07  -1.546468689890215E-06  -1.180502579579272E-07   0.000000000000000E+00   0.000000000000000E+00   0.000000000000000E+00   0.000000000000000E+00   0.000000000000000E+00   7.603260202218805E-06  -4.015163400950098E-06  -2.425780276634169E-06  -5.419047833718443E-06   2.290510458407041E-06   6.780883952091137E-06   4.669139135701639E-06   6.018036104334558E-06  -1.131775149896995E-06  -1.014868030786418E-09   0.000000000000000E+00   0.000000000000000E+00   0.000000000000000E+00   0.000000000000000E+00   0.000000000000000E+00   0.000000000000000E+00   0.000000000000000E+00   0.000000000000000E+00   8.166060706324864E-06  -3.741191336171949E-06  -6.358984009156546E-07  -3.584317327835615E-06  -7.522110086638230E-08   5.481401673374307E-07   1.044007133865370E-05   3.052534643584126E-06   6.762145962116148E-06   0.000000000000000E+00   0.000000000000000E+00   0.000000000000000E+00   0.000000000000000E+00   0.000000000000000E+00   0.000000000000000E+00   0.000000000000000E+00   0.000000000000000E+00   0.000000000000000E+00   5.844972756937179E-06   2.985484350235703E-06   2.239693409454556E-07   4.032383572081746E-06  -5.022676905713587E-06   2.146817007284055E-08   0.000000000000000E+00   0.000000000000000E+00   0.000000000000000E+00   0.000000000000000E+00   0.000000000000000E+00   0.000000000000000E+00   0.000000000000000E+00   0.000000000000000E+00   0.000000000000000E+00  -6.914311003352503E-06   0.000000000000000E+00   0.000000000000000E+00   0.000000000000000E+00   0.000000000000000E+00   0.000000000000000E+00   0.000000000000000E+00   0.000000000000000E+00   0.000000000000000E+00   0.000000000000000E+00   0.000000000000000E+00   0.000000000000000E+00   0.000000000000000E+00   0.000000000000000E+00   0.000000000000000E+00   0.000000000000000E+00   0.000000000000000E+00   0.000000000000000E+00   0.000000000000000E+00   0.000000000000000E+00   0.000000000000000E+00   0.000000000000000E+00   0.000000000000000E+00   0.000000000000000E+00   0.000000000000000E+00   0.000000000000000E+00   0.000000000000000E+00   0.000000000000000E+00   0.000000000000000E+00  -2.592853370217693E-06  -1.397024254263979E-06   3.925244483552559E-06  -1.013535219520318E-06   0.000000000000000E+00   0.000000000000000E+00   0.000000000000000E+00   0.000000000000000E+00   0.000000000000000E+00   0.000000000000000E+00   0.000000000000000E+00   0.000000000000000E+00   0.000000000000000E+00  -6.581893992104718E-08  -5.407548997619662E-08   3.071519882904521E-07   1.752213280041455E-07   2.059914064385789E-06   3.426549789112266E-06  -1.102776292908804E-05   3.349053498427304E-06   3.235416077673871E-06   0.000000000000000E+00   0.000000000000000E+00   0.000000000000000E+00   0.000000000000000E+00   0.000000000000000E+00   0.000000000000000E+00   0.000000000000000E+00   0.000000000000000E+00   0.000000000000000E+00   0.000000000000000E+00  -1.950637958655041E-07   2.465260186346347E-07  -1.277731348343147E-06   9.471551868355736E-07   3.824959713028757E-04   2.483628915088873E-04  -6.195617344180327E-04   1.883061754471102E-04   0.000000000000000E+00   0.000000000000000E+00   0.000000000000000E+00   0.000000000000000E+00   0.000000000000000E+00   0.000000000000000E+00   0.000000000000000E+00   0.000000000000000E+00   0.000000000000000E+00  -2.233997579867597E-05  -3.592206196025703E-06   4.641396071302013E-05  -1.729520456422523E-05   7.234170732389388E-03   3.222572111641325E-03  -9.755512050287841E-03  -2.762644955342999E-03  -1.648539762121685E-04   0.000000000000000E+00   0.000000000000000E+00   0.000000000000000E+00   0.000000000000000E+00   0.000000000000000E+00   0.000000000000000E+00   4.173060488172956E-06  -1.473375916245334E-03  -1.722450147205686E-04   2.361576412912226E-03  -1.689055984896576E-03   1.057831276078128E-01   5.971530545302747E-02  -8.246203555988198E-02   1.525056564502826E-02   0.000000000000000E+00  -1.624208564393575E-02   4.731530797152470E-03   1.932777165843901E-02   5.495513041554996E-03   0.000000000000000E+00   0.000000000000000E+00   0.000000000000000E+00  -1.279598201646973E-01  -3.219821911118977E-02  -1.299384177815733E-01   6.701588066070305E-02   6.857223874618619E-02   6.394957576921702E-02   1.499700101588379E-03  -3.054303632687022E-02   2.880263961112292E-02
   0.000000000000000E+00   0.000000000000000E+00   0.000000000000000E+00   0.000000000000000E+00   0.000000000000000E+00   0.000000000000000E+00   0.000000000000000E+00   0.000000000000000E+00   0.000000000000000E+00   0.000000000000000E+00   0.000000000000000E+00   0.000000000000000E+00   0.000000000000000E+00   0.000000000000000E+00   0.000000000000000E+00   0.000000000000000E+00   0.000000000000000E+00   0.000000000000000E+00   0.000000000000000E+00   0.000000000000000E+00   0.000000000000000E+00   4.867132553591650E-07   7.614693335616468E-07   5.208452655953604E-07   5.908886817613601E-07   0.000000000000000E+00   0.000000000000000E+00   0.000000000000000E+00   0.000000000000000E+00   0.000000000000000E+00   0.000000000000000E+00   0.000000000000000E+00   0.000000000000000E+00   0.000000000000000E+00   0.000000000000000E+00   0.000000000000000E+00   0.000000000000000E+00   0.000000000000000E+00   0.000000000000000E+00   0.000000000000000E+00   0.000000000000000E+00   0.000000000000000E+00   0.000000000000000E+00   0.000000000000000E+00   0.000000000000000E+00   0.000000000000000E+00   0.000000000000000E+00   0.000000000000000E+00   0.000000000000000E+00   0.000000000000000E+00   0.000000000000000E+00   0.000000000000000E+00   0.000000000000000E+00   0.000000000000000E+00   0.000000000000000E+00   0.000000000000000E+00   0.000000000000000E+00   0.000000000000000E+00   0.000000000000000E+00   0.000000000000000E+00   0.000000000000000E+00   0.000000000000000E+00   0.000000000000000E+00   0.000000000000000E+00   0.000000000000000E+00   0.000000000000000E+00   0.000000000000000E+00   0.000000000000000E+00   0.000000000000000E+00   0.000000000000000E+00   0.000000000000000E+00   0.000000000000000E+00   0.000000000000000E+00   0.000000000000000E+00   0.000000000000000E+00   0.000000000000000E+00   0.000000000000000E+00   0.000000000000000E+00   0.000000000000000E+00   0.000000000000000E+00   0.000000000000000E+00   0.000000000000000E+00   0.000000000000000E+00   0.000000000000000E+00   0.000000000000000E+00   0.000000000000000E+00   0.000000000000000E+00   0.000000000000000E+00   0.000000000000000E+00   0.000000000000000E+00   0.000000000000000E+00   0.000000000000000E+00   0.000000000000000E+00   0.000000000000000E+00   0.000000000000000E+00   0.000000000000000E+00   0.000000000000000E+00   0.000000000000000E+00   0.000000000000000E+00   0.000000000000000E+00   0.000000000000000E+00   0.000000000000000E+00   1.799759755282158E-06  -8.979330335782639E-07   4.999983794659109E-06  -3.805625478755757E-07   0.000000000000000E+00   0.000000000000000E+00   0.000000000000000E+00   0.000000000000000E+00   0.000000000000000E+00   0.000000000000000E+00   0.000000000000000E+00   0.000000000000000E+00  -1.140955295921918E-05   7.010116434299493E-07  -3.492022876508916E-06   4.485125032800546E-07   0.000000000000000E+00   0.000000000000000E+00   0.000000000000000E+00   0.000000000000000E+00   0.000000000000000E+00   0.000000000000000E+00   0.000000000000000E+00   0.000000000000000E+00   0.000000000000000E+00   8.089474026129143E-07  -3.336253830410223E-07   9.411784537655649E-06   2.565284067674036E-06   8.569839086048905E-05   2.144684479365580E-05  -1.817672135956586E-04  -1.347145822314487E-05   6.988227420730764E-06   0.000000000000000E+00   0.000000000000000E+00   0.000000000000000E+00   0.000000000000000E+00   0.000000000000000E+00   0.000000000000000E+00   0.000000000000000E+00   0.000000000000000E+00   0.000000000000000E+00   0.000000000000000E+00  -7.439270343981356E-06   1.778660870834525E-07  -1.433240385055747E-05  -4.595367757300782E-06   6.703692788543280E-03   1.215744897926444E-03  -9.956435592475527E-03  -6.859624850746918E-04   0.000000000000000E+00   0.000000000000000E+00   0.000000000000000E+00   0.000000000000000E+00   0.000000000000000E+00   0.000000000000000E+00   0.000000000000000E+00   0.000000000000000E+00   0.000000000000000E+00   1.575643046360151E-05  -7.743598152590269E-06  -4.893055365734609E-05  -3.084194509590511E-05   2.729101096129882E-02  -2.920091295865466E-03  -2.887363855355960E-02  -1.766444275511033E-02  -9.258385878251578E-03   0.000000000000000E+00   0.000000000000000E+00   0.000000000000000E+00   0.000000000000000E+00   0.000000000000000E+00   0.000000000000000E+00   9.749916594974699E-06   1.126662792144781E-03  -4.244336048390142E-04  -1.416476083293235E-03  -1.327484215526357E-03   1.800778193855276E-01  -4.560949364620088E-02  -5.983882077926223E-02  -1.349011304186057E-01   0.000000000000000E+00   3.477708760820405E-04  -2.466687068015766E-04  -2.671212829348259E-04  -5.487767843125830E-04   3.003665715753278E-02  -1.630200317286249E-02   7.565702525098841E-03  -3.219821911118977E-02  -1.508884132511867E-01   1.314948899131748E-03  -1.030982611155116E-03  -1.023373125087595E-04  -2.047538073263587E-03   1.042415794506332E-06  -9.890703983105452E-03  -4.848062837230860E-05
   5.188012784712086E-06  -1.463802651548682E-06  -3.640668178142203E-06  -1.705997209069837E-06   3.965850366246817E-07   4.712274501507589E-06   8.855296665439987E-06   7.856048665487725E-06   1.960910903880217E-06   4.153882802709904E-06   7.187758310270366E-06   1.387451715349362E-06  -1.185876251885074E-06  -1.347591227244003E-06  -6.658868246517720E-06  -2.755186585081250E-06  -5.969271367465361E-05   7.960760885596109E-05   7.230936322733985E-05   9.149870867566516E-05  -1.151470151750242E-05  -4.850335218133927E-05   8.468334954001594E-05   8.156350166099733E-05   1.679370964581041E-05   2.876909954105544E-06  -4.515823221721961E-06  -9.954053205222127E-06   2.858665392539008E-07  -4.490750040533972E-06   1.978508849718027E-07   1.157782185847045E-06   2.389876740236868E-07   2.846334714356689E-08  -1.277156813059448E-05   2.279049872632461E-05   1.152943205821550E-05   3.586061746325515E-05  -1.889053884960099E-04   3.047179244871292E-04   1.914410667328946E-04   1.523187394583927E-04   7.995285881810900E-06  -5.191470727807852E-06  -4.292301593694200E-06  -1.850628518030347E-07  -6.816862181608706E-07  -9.934849571273535E-09   0.000000000000000E+00   0.000000000000000E+00   0.000000000000000E+00   0.000000000000000E+00  -1.457454243978024E-05   3.060494775286407E-05   2.048842584546608E-07   3.700083195007278E-05  -1.245837608960394E-05  -1.684161725155984E-04   3.253513345018224E-04   5.927449712134236E-05   1.201430053790541E-04   0.000000000000000E+00   0.000000000000000E+00   0.000000000000000E+00   0.000000000000000E+00   0.000000000000000E+00   0.000000000000000E+00   0.000000000000000E+00   0.000000000000000E+00   0.000000000000000E+00  -5.877394007670955E-05   1.166910857794402E-04  -8.457622277111766E-06   7.552880798276152E-05  -1.280179139440349E-05   4.410794373509015E-05   0.000000000000000E+00   0.000000000000000E+00   0.000000000000000E+00   0.000000000000000E+00   0.000000000000000E+00   0.000000000000000E+00   0.000000000000000E+00   0.000000000000000E+00   0.000000000000000E+00  -5.600507550463641E-06   0.000000000000000E+00   0.000000000000000E+00   0.000000000000000E+00   0.000000000000000E+00   0.000000000000000E+00   0.000000000000000E+00   0.000000000000000E+00   0.000000000000000E+00   0.000000000000000E+00   0.000000000000000E+00   0.000000000000000E+00   0.000000000000000E+00   0.000000000000000E+00   0.000000000000000E+00   0.000000000000000E+00   0.000000000000000E+00   0.000000000000000E+00   0.000000000000000E+00   0.000000000000000E+00   0.000000000000000E+00   0.000000000000000E+00   0.000000000000000E+00   0.000000000000000E+00   0.000000000000000E+00   0.000000000000000E+00   0.000000000000000E+00   0.000000000000000E+00   0.000000000000000E+00  -3.208409202673884E-06   1.200955226821409E-06  -2.330904986762658E-06   1.735910285588366E-06   0.000000000000000E+00   0.000000000000000E+00   0.000000000000000E+00   0.000000000000000E+00   0.000000000000000E+00   0.000000000000000E+00   0.000000000000000E+00   0.000000000000000E+00   0.000000000000000E+00  -1.621361472266042E-06   1.709492248880197E-06  -5.915310175203875E-06   1.315468640721561E-06   4.513266914851087E-06   6.231966934288447E-07  -1.250284107819232E-06   8.376348136117486E-07   0.000000000000000E+00   0.000000000000000E+00   0.000000000000000E+00   0.000000000000000E+00   0.000000000000000E+00   0.000000000000000E+00   0.000000000000000E+00   0.000000000000000E+00   0.000000000000000E+00   0.000000000000000E+00   1.867021286930436E-06   2.360371754138499E-06  -1.994174585513465E-06   5.823364089855416E-06  -1.883997783347534E-06  -1.009646160664165E-04  -9.629682006010121E-05   1.351757359516584E-04  -1.467154802093302E-04   0.000000000000000E+00   0.000000000000000E+00   0.000000000000000E+00   0.000000000000000E+00   0.000000000000000E+00   0.000000000000000E+00   0.000000000000000E+00   0.000000000000000E+00   0.000000000000000E+00  -4.025147697635628E-04  -1.841355264816459E-04   7.522819836701010E-04  -1.182945099770630E-04  -7.416028680357020E-03  -5.353281907635866E-03   6.837645563530393E-03  -7.572772520007876E-03  -2.206754884258539E-06   0.000000000000000E+00   0.000000000000000E+00   0.000000000000000E+00   0.000000000000000E+00   0.000000000000000E+00   0.000000000000000E+00   8.575848966198281E-05  -1.707799682343388E-02  -7.556064031360966E-03   2.208069566846639E-02  -6.956909844623511E-03  -2.307100594337063E-02  -1.582892983397380E-02   3.577828244605120E-03  -2.731050153386036E-02   0.000000000000000E+00  -1.588132554533559E-01  -1.017799978522227E-02   1.597178929389043E-01   1.879732910888682E-02  -1.570221404836459E-01  -6.484339260341930E-02  -6.634929743334221E-02  -1.299384177815733E-01   1.314948899131748E-03  -2.851183185329527E-01   0.000000000000000E+00   0.000000000000000E+00   0.000000000000000E+00   3.149767865103030E-02   2.669890220782534E-02   1.806267459447702E-01
   1.463982032099612E-06   3.323369297424932E-06   5.622592644944784E-06   2.634716181387110E-06  -4.712210498319619E-06   6.084991557695166E-06   1.347741692886924E-05   1.195660035778193E-05  -4.153821004369143E-06   1.034173940600919E-05   1.878497626713057E-05   3.626060646389069E-06   1.347102229233072E-06   4.800007564983040E-07  -2.025385537977400E-06  -8.380275532213977E-07  -7.960746423396281E-05   7.665313792635210E-05   8.701116020421053E-05   1.101020454851207E-04  -1.919268476137643E-06  -8.467250117254241E-05   1.149098764741810E-04   1.259654558923311E-04   2.593595479078747E-05   4.513676398727427E-06   7.318679558381933E-07  -1.896190095301487E-06   5.445593761011691E-08  -1.978655392484906E-07  -5.167064039990360E-07  -1.426610607593282E-06  -2.944788363597081E-07  -5.611821240893656E-09  -2.278977338019185E-05   2.451253905741458E-05   1.508934637968262E-05   4.693321193620920E-05  -3.047186144633111E-04   4.223477738653198E-04   3.012620654452167E-04   2.396970453537619E-04   3.595514915768642E-05  -5.824557982795413E-06   1.850654354383113E-07  -8.071684689349961E-07  -2.805081296156533E-06  -4.088106810739657E-08   0.000000000000000E+00   0.000000000000000E+00   0.000000000000000E+00   0.000000000000000E+00  -3.060413951702517E-05   4.247701307318168E-05   3.236320006746082E-07   5.844594094707822E-05  -1.659134143951654E-06  -3.253391626094273E-04   5.588694252657628E-04   1.111200279807402E-04   2.252282983030792E-04   0.000000000000000E+00   0.000000000000000E+00   0.000000000000000E+00   0.000000000000000E+00   0.000000000000000E+00   0.000000000000000E+00   0.000000000000000E+00   0.000000000000000E+00   0.000000000000000E+00  -1.166888347640270E-04   1.900100997208733E-04  -1.513802840428844E-05   1.351866048309196E-04  -1.248503064287855E-06   1.084377459987729E-04   0.000000000000000E+00   0.000000000000000E+00   0.000000000000000E+00   0.000000000000000E+00   0.000000000000000E+00   0.000000000000000E+00   0.000000000000000E+00   0.000000000000000E+00   0.000000000000000E+00   1.712357336565594E-05   0.000000000000000E+00   0.000000000000000E+00   0.000000000000000E+00   0.000000000000000E+00   0.000000000000000E+00   0.000000000000000E+00   0.000000000000000E+00   0.000000000000000E+00   0.000000000000000E+00   0.000000000000000E+00   0.000000000000000E+00   0.000000000000000E+00   0.000000000000000E+00   0.000000000000000E+00   0.000000000000000E+00   0.000000000000000E+00   0.000000000000000E+00   0.000000000000000E+00   0.000000000000000E+00   0.000000000000000E+00   0.000000000000000E+00   0.000000000000000E+00   0.000000000000000E+00   0.000000000000000E+00   0.000000000000000E+00   0.000000000000000E+00   0.000000000000000E+00   0.000000000000000E+00  -1.200953773853066E-06  -1.406713371001779E-06   3.282272644793337E-06  -2.444428613160905E-06   0.000000000000000E+00   0.000000000000000E+00   0.000000000000000E+00   0.000000000000000E+00   0.000000000000000E+00   0.000000000000000E+00   0.000000000000000E+00   0.000000000000000E+00   0.000000000000000E+00  -1.709493423730102E-06  -1.316903523133178E-07   2.998034375477022E-06  -6.667140163295570E-07  -6.232022000577747E-07   4.137307719063582E-06  -6.903596491662011E-06   4.625102986096742E-06   0.000000000000000E+00   0.000000000000000E+00   0.000000000000000E+00   0.000000000000000E+00   0.000000000000000E+00   0.000000000000000E+00   0.000000000000000E+00   0.000000000000000E+00   0.000000000000000E+00   0.000000000000000E+00   1.149235401630263E-06   1.994173322172926E-06   3.469435075879756E-06  -1.102514735914410E-05   3.566899281103186E-06   9.629676742245946E-05   5.567069467030153E-05  -1.216957192719188E-04   1.320846952798140E-04   0.000000000000000E+00   0.000000000000000E+00   0.000000000000000E+00   0.000000000000000E+00   0.000000000000000E+00   0.000000000000000E+00   0.000000000000000E+00   0.000000000000000E+00   0.000000000000000E+00   1.841355921476993E-04  -3.668790087781609E-05  -3.451718656669611E-04   5.427743531453205E-05   5.353285966423136E-03   1.599115240754762E-03  -5.095578796033125E-03   5.643413178060519E-03  -1.159459160624419E-05   0.000000000000000E+00   0.000000000000000E+00   0.000000000000000E+00   0.000000000000000E+00   0.000000000000000E+00   0.000000000000000E+00  -1.771396701888491E-05   7.556067613374539E-03  -2.219552623688377E-03  -1.020289849706739E-02   3.214601843333704E-03   1.582893032706046E-02   3.569207373963479E-03  -2.581129140595757E-03   1.970243581693010E-02   0.000000000000000E+00   1.017800885690403E-02  -7.059365893635443E-02  -1.281694955910379E-02  -1.508437248960170E-03   6.484344859108292E-02  -3.689919828486742E-02   3.421972250107629E-02   6.701588066070305E-02  -1.030982611155116E-03   0.000000000000000E+00  -1.298506904688868E-01   0.000000000000000E+00   0.000000000000000E+00   7.466709949560463E-03  -6.279157094904917E-03   8.693917750099092E-02
   3.641114320976318E-06   5.622592644944784E-06   1.504681620561212E-05   6.552882897065435E-06  -8.855176390779242E-06   1.347741692886924E-05   2.423982763994703E-05   2.246881909031215E-05  -7.187651376214095E-06   1.878497626713057E-05   3.199067770242811E-05   6.274430161492341E-06   6.656451954943712E-06  -2.025385537977400E-06  -9.118172182426152E-06  -4.140955321641093E-06  -7.230923186395947E-05   8.701116020421053E-05   5.989404092419447E-05   1.000081388383584E-04  -5.317118726602859E-06  -8.155305296189351E-05   1.259654558923311E-04   1.054508940246465E-04   2.498043952144725E-05   9.949321046928821E-06  -1.896190095301487E-06  -2.587591555117575E-06   1.200351018401169E-07  -1.157867939623168E-06  -1.426610607593282E-06  -8.621144265516995E-06  -1.723228839208010E-06  -5.144075085130357E-08  -1.152906511455811E-05   1.508934637968262E-05   2.318588330805572E-06   2.374293273658506E-05  -1.914415002150290E-04   3.012620654452167E-04   1.320969898965086E-04   1.505912661110470E-04   2.830780175006494E-05  -1.043002243444476E-05   6.816957350819795E-07  -2.805081296156533E-06  -1.037827658323793E-05  -1.505870056631818E-07   0.000000000000000E+00   0.000000000000000E+00   0.000000000000000E+00   0.000000000000000E+00  -2.048788477347391E-07   3.236320006746082E-07  -5.863921729860022E-06   3.912652740766860E-07  -1.262581119137008E-06  -5.927227957149941E-05   1.111200279807402E-04  -3.081192086482532E-05   4.103346967933192E-05   0.000000000000000E+00   0.000000000000000E+00   0.000000000000000E+00   0.000000000000000E+00   0.000000000000000E+00   0.000000000000000E+00   0.000000000000000E+00   0.000000000000000E+00   0.000000000000000E+00   8.457459126362267E-06  -1.513802840428844E-05  -1.775436834468078E-05  -9.798154100186969E-06   3.164070112618262E-07   1.211471668147885E-05   0.000000000000000E+00   0.000000000000000E+00   0.000000000000000E+00   0.000000000000000E+00   0.000000000000000E+00   0.000000000000000E+00   0.000000000000000E+00   0.000000000000000E+00   0.000000000000000E+00  -5.361533075531560E-06   0.000000000000000E+00   0.000000000000000E+00   0.000000000000000E+00   0.000000000000000E+00   0.000000000000000E+00   0.000000000000000E+00   0.000000000000000E+00   0.000000000000000E+00   0.000000000000000E+00   0.000000000000000E+00   0.000000000000000E+00   0.000000000000000E+00   0.000000000000000E+00   0.000000000000000E+00   0.000000000000000E+00   0.000000000000000E+00   0.000000000000000E+00   0.000000000000000E+00   0.000000000000000E+00   0.000000000000000E+00   0.000000000000000E+00   0.000000000000000E+00   0.000000000000000E+00   0.000000000000000E+00   0.000000000000000E+00   0.000000000000000E+00   0.000000000000000E+00   0.000000000000000E+00   2.330902166731501E-06   3.282272644793337E-06  -6.086067422984161E-06   4.744332442169699E-06   0.000000000000000E+00   0.000000000000000E+00   0.000000000000000E+00   0.000000000000000E+00   0.000000000000000E+00   0.000000000000000E+00   0.000000000000000E+00   0.000000000000000E+00   0.000000000000000E+00   5.915314240505491E-06   2.998034375477022E-06  -9.639292768178572E-06   2.307012627479693E-06   1.250295155455895E-06  -6.903596491662011E-06   1.454654430721244E-05  -9.279081262012963E-06   0.000000000000000E+00   0.000000000000000E+00   0.000000000000000E+00   0.000000000000000E+00   0.000000000000000E+00   0.000000000000000E+00   0.000000000000000E+00   0.000000000000000E+00   0.000000000000000E+00   0.000000000000000E+00  -5.178472675999315E-06  -5.823360400663919E-06  -1.102514735914410E-05   3.188944203993001E-05  -1.041601539634462E-05  -1.351756620620746E-04  -1.216957192719188E-04   1.398059984201373E-04  -1.854126219459364E-04   0.000000000000000E+00   0.000000000000000E+00   0.000000000000000E+00   0.000000000000000E+00   0.000000000000000E+00   0.000000000000000E+00   0.000000000000000E+00   0.000000000000000E+00   0.000000000000000E+00  -7.522822519474395E-04  -3.451718656669611E-04   1.289017329902563E-03  -2.217493684523274E-04  -6.837650747742480E-03  -5.095578796033125E-03   4.118206391589009E-03  -7.208224738752022E-03   1.135155777554832E-05   0.000000000000000E+00   0.000000000000000E+00   0.000000000000000E+00   0.000000000000000E+00   0.000000000000000E+00   0.000000000000000E+00   1.829006289926676E-04  -2.208070613599965E-02  -1.020289849706739E-02   2.410439574486735E-02  -9.393864941236854E-03  -3.577828356057973E-03  -2.581129140595757E-03  -7.266738448940159E-03  -4.453360529909891E-03   0.000000000000000E+00  -1.597180352959418E-01  -1.281694955910379E-02   1.297190994655422E-01   2.367109688725686E-02   6.634935472124767E-02   3.421972250107629E-02  -3.532781695376466E-02   6.857223874618619E-02  -1.023373125087595E-04   0.000000000000000E+00   0.000000000000000E+00  -1.298506904688868E-01   0.000000000000000E+00   3.346420484770853E-02  -2.531775302185050E-02  -8.673874343090228E-02
   1.706206269163370E-06   2.634716181387110E-06   6.552882897065435E-06   4.133339821300461E-06  -7.855941962841417E-06   1.195660035778193E-05   2.246881909031215E-05   1.884648926453904E-05  -1.387431073887393E-06   3.626060646389069E-06   6.274430161492341E-06   6.968518092895762E-07   2.754186815468173E-06  -8.380275532213977E-07  -4.140955321641093E-06  -8.234809234974268E-07  -9.149854245127685E-05   1.101020454851207E-04   1.000081388383584E-04   1.074080091334801E-04  -5.963144654637263E-06  -1.679155828625187E-05   2.593595479078747E-05   2.498043952144725E-05  -1.073041942363626E-05  -2.857306382609466E-07   5.445593761011691E-08   1.200351018401169E-07   1.588659161408136E-06  -2.390053751904046E-07  -2.944788363597081E-07  -1.723228839208010E-06  -6.286223433305515E-07  -2.918226539511853E-08  -3.585947613850803E-05   4.693321193620920E-05   2.374293273658506E-05   6.853400484276426E-05  -1.523190843554067E-04   2.396970453537619E-04   1.505912661110470E-04   6.264397228875980E-05  -2.927251904555713E-06   2.315733124069140E-06   9.934988270248342E-09  -4.088106810739657E-08  -1.505870056631818E-07  -4.784508646450805E-08   0.000000000000000E+00   0.000000000000000E+00   0.000000000000000E+00   0.000000000000000E+00  -3.699985480746523E-05   5.844594094707822E-05   3.912652740766860E-07   6.479400422075297E-05  -4.099777659369147E-06  -1.201385106449669E-04   2.252282983030792E-04   4.103346967933192E-05   3.211396480035085E-05   0.000000000000000E+00   0.000000000000000E+00   0.000000000000000E+00   0.000000000000000E+00   0.000000000000000E+00   0.000000000000000E+00   0.000000000000000E+00   0.000000000000000E+00   0.000000000000000E+00  -7.552735100333782E-05   1.351866048309196E-04  -9.798154100186969E-06   6.864855887556418E-05  -1.811705045372722E-06   1.227243177206823E-05   0.000000000000000E+00   0.000000000000000E+00   0.000000000000000E+00   0.000000000000000E+00   0.000000000000000E+00   0.000000000000000E+00   0.000000000000000E+00   0.000000000000000E+00   0.000000000000000E+00   9.643221946489134E-06   0.000000000000000E+00   0.000000000000000E+00   0.000000000000000E+00   0.000000000000000E+00   0.000000000000000E+00   0.000000000000000E+00   0.000000000000000E+00   0.000000000000000E+00   0.000000000000000E+00   0.000000000000000E+00   0.000000000000000E+00   0.000000000000000E+00   0.000000000000000E+00   0.000000000000000E+00   0.000000000000000E+00   0.000000000000000E+00   0.000000000000000E+00   0.000000000000000E+00   0.000000000000000E+00   0.000000000000000E+00   0.000000000000000E+00   0.000000000000000E+00   0.000000000000000E+00   0.000000000000000E+00   0.000000000000000E+00   0.000000000000000E+00   0.000000000000000E+00   0.000000000000000E+00  -1.735908185407913E-06  -2.444428613160905E-06   4.744332442169699E-06  -3.248861815653368E-06   0.000000000000000E+00   0.000000000000000E+00   0.000000000000000E+00   0.000000000000000E+00   0.000000000000000E+00   0.000000000000000E+00   0.000000000000000E+00   0.000000000000000E+00   0.000000000000000E+00  -1.315469544778429E-06  -6.667140163295570E-07   2.307012627479693E-06   2.216831310110996E-07  -8.376422150375680E-07   4.625102986096742E-06  -9.279081262012963E-06   6.912823280143944E-06   0.000000000000000E+00   0.000000000000000E+00   0.000000000000000E+00   0.000000000000000E+00   0.000000000000000E+00   0.000000000000000E+00   0.000000000000000E+00   0.000000000000000E+00   0.000000000000000E+00   0.000000000000000E+00   2.822804450726680E-07   1.883996589805709E-06   3.566899281103186E-06  -1.041601539634462E-05   3.063772865743472E-06   1.467154000119064E-04   1.320846952798140E-04  -1.854126219459364E-04   1.702178134697425E-04   0.000000000000000E+00   0.000000000000000E+00   0.000000000000000E+00   0.000000000000000E+00   0.000000000000000E+00   0.000000000000000E+00   0.000000000000000E+00   0.000000000000000E+00   0.000000000000000E+00   1.182945521630211E-04   5.427743531453205E-05  -2.217493684523274E-04  -8.630582493116624E-05   7.572778261583462E-03   5.643413178060519E-03  -7.208224738752022E-03   5.592913425846052E-03  -1.981075448366266E-05   0.000000000000000E+00   0.000000000000000E+00   0.000000000000000E+00   0.000000000000000E+00   0.000000000000000E+00   0.000000000000000E+00   1.321202454633655E-05   6.956913142603173E-03   3.214601843333704E-03  -9.393864941236854E-03  -2.751305926974549E-03   2.731050238460922E-02   1.970243581693010E-02  -4.453360529909891E-03   2.614351558616111E-02   0.000000000000000E+00  -1.879734586300268E-02  -1.508437248960170E-03   2.367109688725686E-02  -6.862454650373145E-02   1.299385299741673E-01   6.701588066070305E-02   6.857223874618619E-02   6.394957576921702E-02  -2.047538073263587E-03   0.000000000000000E+00   0.000000000000000E+00   0.000000000000000E+00  -1.298506904688868E-01   1.754676653068965E-02  -2.095728966163464E-02   9.623317088052116E-02
   1.911099353066214E-03  -1.410296996442026E-03  -2.690904403593784E-03  -1.158641418344297E-03   3.458451488644458E-03  -2.644695378785780E-03  -3.009714593248603E-03  -3.894787834574936E-03   1.963750175896639E-03  -2.143440000756304E-03  -2.550432967003736E-03   1.329155950587816E-04   8.659914282876866E-05  -3.333648993403156E-05  -1.730542911189401E-04  -6.262104110221768E-05   5.885824503695660E-03  -6.585826964926740E-03  -1.333325785585776E-03  -6.007661383826586E-03  -3.691366656331331E-04   3.401965750339171E-03  -5.004665283034734E-03  -2.214425531371875E-03   6.010343150066906E-04   9.682170306487056E-05  -9.873471725765119E-05  -1.719192634207217E-04   5.469357413923029E-05  -8.767107208185169E-06  -2.097916328760738E-06  -1.385187312327964E-05  -1.220885550625845E-06  -2.159935397835159E-06   7.006406110998171E-04  -7.251993856741878E-04   2.118277169407486E-04  -1.028071850362879E-03   5.649565821101399E-03  -8.460330081092789E-03  -5.088563751906378E-04  -1.921429939635372E-03  -4.134095585083737E-04  -7.296225318085845E-06  -9.284948418049609E-06  -3.532183481241249E-06  -1.217411349167368E-05   2.217660066887965E-06  -1.980603285019949E-06   1.446560077340821E-07   1.165645334457702E-05   1.173080896895854E-06   1.179914477997684E-04  -1.526666361814576E-04   1.068945065679611E-04  -1.570556619032060E-04  -6.539113570633373E-05   6.505728133032679E-04  -1.119648386948796E-03   3.757872814914263E-04  -1.463667520052173E-04  -1.933781895848298E-06   2.482488400376101E-06   1.092093913951655E-05  -3.526033064744799E-06   0.000000000000000E+00   0.000000000000000E+00   0.000000000000000E+00   0.000000000000000E+00   0.000000000000000E+00   1.125092224240793E-04  -1.848728099603864E-04   1.184064819258377E-04  -8.039973574851208E-05   6.514961614125100E-06  -6.992941036053609E-05   0.000000000000000E+00   0.000000000000000E+00   0.000000000000000E+00   0.000000000000000E+00   0.000000000000000E+00   0.000000000000000E+00   0.000000000000000E+00   0.000000000000000E+00   0.000000000000000E+00   7.464576228831504E-06   0.000000000000000E+00   0.000000000000000E+00   0.000000000000000E+00   0.000000000000000E+00   0.000000000000000E+00   0.000000000000000E+00   0.000000000000000E+00   0.000000000000000E+00   0.000000000000000E+00   0.000000000000000E+00   0.000000000000000E+00   0.000000000000000E+00   0.000000000000000E+00   0.000000000000000E+00   0.000000000000000E+00   0.000000000000000E+00   0.000000000000000E+00   0.000000000000000E+00   0.000000000000000E+00   0.000000000000000E+00   0.000000000000000E+00   0.000000000000000E+00   0.000000000000000E+00   0.000000000000000E+00   1.978611421251736E-06  -2.386260855000630E-06   4.538425093571963E-06  -2.908433055548172E-06  -6.417239434940434E-07  -4.949012235592842E-06   5.183714190099517E-06  -7.776253013522076E-06   0.000000000000000E+00   0.000000000000000E+00   0.000000000000000E+00   0.000000000000000E+00   0.000000000000000E+00   0.000000000000000E+00   0.000000000000000E+00   0.000000000000000E+00   0.000000000000000E+00  -1.176994481279632E-05   1.277753631504369E-06  -2.483333328204310E-06   1.368917972737976E-06  -4.907233948558470E-06   1.025168843835611E-05  -9.311101862975941E-06   1.552440723696636E-05   0.000000000000000E+00   0.000000000000000E+00   0.000000000000000E+00   0.000000000000000E+00   0.000000000000000E+00   0.000000000000000E+00   0.000000000000000E+00   0.000000000000000E+00   0.000000000000000E+00   0.000000000000000E+00   7.944182776424913E-06   9.576760055683058E-05   9.575748994258489E-05  -1.334132693342176E-04   1.182258567503745E-04   3.072965249000895E-05   4.298388929641154E-05  -1.454015853622675E-05   7.191999874699532E-05   0.000000000000000E+00   0.000000000000000E+00   0.000000000000000E+00   0.000000000000000E+00   0.000000000000000E+00   0.000000000000000E+00   0.000000000000000E+00   0.000000000000000E+00   0.000000000000000E+00   7.093994847861409E-03   5.055743052962550E-03  -7.178290458028717E-03   5.934080964834081E-03   1.479297146055562E-03   1.334705824554662E-03   1.051259691398555E-04   2.182049672896451E-03   9.855232326457778E-06   0.000000000000000E+00   0.000000000000000E+00   0.000000000000000E+00   0.000000000000000E+00   0.000000000000000E+00   0.000000000000000E+00  -7.972950327391220E-03   3.123320266488548E-02   2.156314022117986E-02  -8.258920368001360E-03   3.042314306044362E-02   4.015184466126468E-04   3.215023391196399E-04   3.134211914936275E-04   6.059327891026942E-04   0.000000000000000E+00   1.937250763230506E-01   7.872889597069764E-02   6.946417683218338E-02   1.260608038298233E-01   1.370673829808690E-03   6.982078420651364E-04   1.719408602243551E-03   1.499700101588379E-03   1.042415794506332E-06   3.149767865103030E-02   7.466709949560463E-03   3.346420484770853E-02   1.754676653068965E-02  -1.570239061560343E-01  -4.903412594154975E-05  -1.040377082754705E-02
   0.000000000000000E+00   0.000000000000000E+00   0.000000000000000E+00   0.000000000000000E+00   0.000000000000000E+00   0.000000000000000E+00   0.000000000000000E+00   0.000000000000000E+00   0.000000000000000E+00   0.000000000000000E+00   0.000000000000000E+00   0.000000000000000E+00   0.000000000000000E+00   0.000000000000000E+00   0.000000000000000E+00   0.000000000000000E+00   1.759124865634552E-06   4.268294807680026E-06   5.770263663469316E-06   6.232136736321353E-06   0.000000000000000E+00  -1.235509343627624E-06   6.522219231156688E-06   8.574242579138096E-06   3.638338707285026E-06   0.000000000000000E+00   0.000000000000000E+00   0.000000000000000E+00   0.000000000000000E+00   0.000000000000000E+00   0.000000000000000E+00   0.000000000000000E+00   0.000000000000000E+00   0.000000000000000E+00   1.714223833406706E-06   1.980331861692515E-06   2.004769850592459E-06   3.617798522301929E-06  -6.996872883161383E-06   7.316867273018120E-06   7.440862195987973E-06   6.028505043901495E-06   9.743564631506004E-07   0.000000000000000E+00   0.000000000000000E+00   0.000000000000000E+00   0.000000000000000E+00   0.000000000000000E+00   0.000000000000000E+00   0.000000000000000E+00   0.000000000000000E+00   0.000000000000000E+00  -7.643703611207209E-07   6.011687799617223E-06   2.953588555633942E-06   8.808610322434355E-06   0.000000000000000E+00  -1.179283669069836E-05   5.970819199176708E-06   3.325552920376457E-06   3.930215985192403E-06   0.000000000000000E+00   0.000000000000000E+00   0.000000000000000E+00   0.000000000000000E+00   0.000000000000000E+00   0.000000000000000E+00   0.000000000000000E+00   0.000000000000000E+00   0.000000000000000E+00  -9.877742200797183E-06   7.501976885814083E-06   2.539167702212266E-06   6.876405523942722E-06   0.000000000000000E+00   1.041381630917244E-05   0.000000000000000E+00   0.000000000000000E+00   0.000000000000000E+00   0.000000000000000E+00   0.000000000000000E+00   0.000000000000000E+00   0.000000000000000E+00   0.000000000000000E+00   0.000000000000000E+00   7.551804152816153E-06   0.000000000000000E+00   0.000000000000000E+00   0.000000000000000E+00   0.000000000000000E+00   0.000000000000000E+00   0.000000000000000E+00   0.000000000000000E+00   0.000000000000000E+00   0.000000000000000E+00   0.000000000000000E+00   0.000000000000000E+00   0.000000000000000E+00   0.000000000000000E+00   0.000000000000000E+00   0.000000000000000E+00   0.000000000000000E+00   0.000000000000000E+00   0.000000000000000E+00   0.000000000000000E+00   0.000000000000000E+00   0.000000000000000E+00   0.000000000000000E+00   0.000000000000000E+00   0.000000000000000E+00   0.000000000000000E+00   0.000000000000000E+00   0.000000000000000E+00   0.000000000000000E+00   0.000000000000000E+00   0.000000000000000E+00   0.000000000000000E+00   0.000000000000000E+00   0.000000000000000E+00   0.000000000000000E+00   0.000000000000000E+00   0.000000000000000E+00   0.000000000000000E+00   0.000000000000000E+00   0.000000000000000E+00   0.000000000000000E+00   0.000000000000000E+00   0.000000000000000E+00   0.000000000000000E+00   0.000000000000000E+00   0.000000000000000E+00  -4.555962302653682E-06  -3.037187520696388E-06   1.080470152088599E-05  -2.526834243906450E-06   0.000000000000000E+00   0.000000000000000E+00   0.000000000000000E+00   0.000000000000000E+00   0.000000000000000E+00   0.000000000000000E+00   0.000000000000000E+00   0.000000000000000E+00   0.000000000000000E+00   0.000000000000000E+00   0.000000000000000E+00   5.853825834480156E-07  -1.827206638686575E-06   9.817080800350004E-06  -1.838628787364268E-07   5.055587668795827E-06   1.200786945851340E-05  -3.545856087376600E-05   1.208684387964081E-05   0.000000000000000E+00   0.000000000000000E+00   0.000000000000000E+00   0.000000000000000E+00   0.000000000000000E+00   0.000000000000000E+00   0.000000000000000E+00   0.000000000000000E+00   0.000000000000000E+00  -1.225715409861794E-05  -3.948964250663709E-07   4.270157820383308E-06   6.284184096656998E-07   8.670484140468523E-04   4.066960229213309E-04  -1.485106242100747E-03   2.255658374212629E-04   3.188402110591570E-07   0.000000000000000E+00   0.000000000000000E+00   0.000000000000000E+00   0.000000000000000E+00   0.000000000000000E+00   0.000000000000000E+00   3.193411740192840E-06   1.755659557547428E-04   3.232693306088053E-05  -3.416625810172706E-04  -5.614666769155766E-05   2.641760786507403E-02   1.185338953872963E-02  -2.909777702710197E-02   1.044835740730348E-02   0.000000000000000E+00   1.116828173332730E-03  -1.850133888090519E-04  -1.754006482918299E-03  -8.824532419504001E-04   1.771743634922442E-01   2.269002470109319E-02  -1.482610122553570E-01  -3.054303632687022E-02  -9.890703983105452E-03   2.669890220782534E-02  -6.279157094904917E-03  -2.531775302185050E-02  -2.095728966163464E-02  -4.903412594154975E-05  -1.543875412184410E-01  -9.322808422962327E-03
  -1.285760030452321E-05   1.309505803741731E-06   5.561811767420439E-06   1.564898961918478E-06  -4.875506588948213E-06  -5.679628662578851E-06  -1.874309817000011E-05  -1.104030447225337E-05  -1.297406160893714E-05  -1.396847701153253E-07  -3.652888428752031E-07  -1.164440133838784E-08   1.956420531839655E-06   4.559836577349645E-07   5.249791660867695E-06   1.405366586574610E-06   1.578161262080306E-04  -1.461504440066702E-04  -2.236462151027061E-04  -1.700064175822240E-04   1.085484522156858E-05   3.060190985664807E-05  -4.965394896117682E-05  -7.099960958648699E-05   8.915047924366545E-07  -8.491112824150362E-07   3.301474393292762E-06   1.083870414947205E-05  -1.510561821024245E-06   0.000000000000000E+00   0.000000000000000E+00   0.000000000000000E+00   0.000000000000000E+00   0.000000000000000E+00   1.299979959072955E-04  -1.188736204495595E-04  -1.194973794040491E-04  -2.054670763271426E-04   3.872475504092791E-04  -4.972990416006139E-04  -5.041169487349136E-04  -1.770198172379185E-04  -2.280387504279851E-06   0.000000000000000E+00   0.000000000000000E+00   0.000000000000000E+00   0.000000000000000E+00   0.000000000000000E+00   0.000000000000000E+00   0.000000000000000E+00   0.000000000000000E+00   0.000000000000000E+00   3.085362969949201E-04  -3.657342453010999E-04  -9.627588546846429E-05  -4.517021669859208E-04   2.344743033271876E-06   8.404000739127966E-04  -1.371860588658775E-03  -5.589760145626661E-04  -3.133841013491523E-04   0.000000000000000E+00   0.000000000000000E+00   0.000000000000000E+00   0.000000000000000E+00   0.000000000000000E+00   0.000000000000000E+00   0.000000000000000E+00   0.000000000000000E+00   0.000000000000000E+00   8.090839541365748E-04  -1.270969462416772E-03  -1.409059074518290E-04  -7.068738722520449E-04  -3.038503135169200E-05  -1.899002550827371E-04   0.000000000000000E+00   0.000000000000000E+00   0.000000000000000E+00   0.000000000000000E+00   0.000000000000000E+00   0.000000000000000E+00   0.000000000000000E+00   0.000000000000000E+00   0.000000000000000E+00  -1.559177184161701E-04   0.000000000000000E+00   0.000000000000000E+00   0.000000000000000E+00   0.000000000000000E+00   0.000000000000000E+00   0.000000000000000E+00   0.000000000000000E+00   0.000000000000000E+00   0.000000000000000E+00   0.000000000000000E+00   0.000000000000000E+00   0.000000000000000E+00   0.000000000000000E+00   0.000000000000000E+00   0.000000000000000E+00   0.000000000000000E+00   0.000000000000000E+00   0.000000000000000E+00   0.000000000000000E+00   0.000000000000000E+00   0.000000000000000E+00   0.000000000000000E+00   0.000000000000000E+00   0.000000000000000E+00   0.000000000000000E+00   0.000000000000000E+00   0.000000000000000E+00   0.000000000000000E+00   0.000000000000000E+00   0.000000000000000E+00   0.000000000000000E+00   0.000000000000000E+00   0.000000000000000E+00   0.000000000000000E+00   0.000000000000000E+00   0.000000000000000E+00   0.000000000000000E+00   0.000000000000000E+00   0.000000000000000E+00   0.000000000000000E+00   0.000000000000000E+00   0.000000000000000E+00   0.000000000000000E+00   0.000000000000000E+00   0.000000000000000E+00  -2.890242960252794E-07  -4.385307037205679E-06   7.767353601184898E-06  -5.651877292144332E-06   0.000000000000000E+00   0.000000000000000E+00   0.000000000000000E+00   0.000000000000000E+00   0.000000000000000E+00   0.000000000000000E+00   0.000000000000000E+00   0.000000000000000E+00   0.000000000000000E+00   0.000000000000000E+00   0.000000000000000E+00  -4.732791730646401E-06  -4.246844769474736E-06   1.012077495967095E-05  -4.204582963814529E-06  -1.245392481193058E-05  -7.781054594788070E-07   1.013919843892920E-06  -1.105113881751665E-06   0.000000000000000E+00   0.000000000000000E+00   0.000000000000000E+00   0.000000000000000E+00   0.000000000000000E+00   0.000000000000000E+00   0.000000000000000E+00   0.000000000000000E+00   0.000000000000000E+00   3.588769090795620E-06   1.195636426634068E-05  -3.398715688971390E-05   9.916466741331946E-06   2.194666050297977E-04   2.099283131876501E-04  -2.496629475724384E-04   2.766330834541233E-04   6.460439394518197E-06   0.000000000000000E+00   0.000000000000000E+00   0.000000000000000E+00   0.000000000000000E+00   0.000000000000000E+00   0.000000000000000E+00   3.981953506207307E-06   8.846725009947425E-04   6.306932297921804E-04  -1.311724245950451E-03   6.320866902749021E-04   1.238878749185037E-03   1.155308121553070E-03  -5.625312933864342E-04   1.751760701206112E-03   0.000000000000000E+00   2.714442569355356E-02   1.089455661308558E-02  -3.121669422683877E-02   7.969255270517837E-03   2.746833650756275E-02   1.868300013886130E-02  -3.399590865525530E-04   2.880263961112292E-02  -4.848062837230860E-05   1.806267459447702E-01   8.693917750099092E-02  -8.673874343090228E-02   9.623317088052116E-02  -1.040377082754705E-02  -9.322808422962327E-03  -1.602233407077715E-01
