 Fermi distribution function

Calculation with static geometry


********************************************************************************
 iSCC Total electronic   Diff electronic      SCC error    
   12   -0.86464241E+02   -0.91988284E-09    0.75287946E-05
********************************************************************************

 Total charge:    -0.00000000

 Atomic gross charges (e)
 Atom           Charge
    1       0.04330672
    2      -0.13523185
    3       0.04722392
    4      -0.12389115
    5       0.04261615
    6       0.10909521
    7      -0.14915668
    8      -0.16881693
    9       0.04656721
   10       0.09986707
   11      -0.06916855
   12       0.03942487
   13       0.10254393
   14       0.10901925
   15       0.06243672
   16      -0.14282996
   17      -0.08019474
   18       0.08207543
   19      -0.11792393
   20      -0.15663624
   21       0.03650039
   22       0.10553080
   23      -0.11792822
   24       0.07116422
   25       0.08688024
   26       0.09373537
   27       0.04888133
   28      -0.09654395
   29       0.08224987
   30      -0.09621135
   31      -0.12464634
   32       0.09544059
   33      -0.11584922
   34       0.10250870
   35       0.08689553
   36       0.08613997
   37       0.02932961
   38      -0.13076992
   39       0.04731331
   40      -0.13262122
   41       0.05145968
   42       0.10831718
   43      -0.13526219
   44      -0.14234808
   45       0.03989548
   46       0.10137202
   47      -0.08727525
   48       0.03924497
   49       0.10672549
   50       0.10389698
   51       0.03415156
   52      -0.14643000
   53      -0.10088506
   54       0.08967022
   55      -0.10874788
   56      -0.12162065
   57       0.04980191
   58       0.11862404
   59      -0.10876692
   60       0.08508639
   61       0.08484532
   62       0.08694299
   63       0.04668111
   64      -0.08326921
   65       0.08081861
   66      -0.10829247
   67      -0.10465651
   68       0.04570247
   69      -0.11215815
   70       0.11987796
   71       0.08848765
   72       0.07978418

Nr. of electrons (up):    204.00000000
Atom populations (up)
 Atom       Population
    1       3.95669328
    2       4.13523185
    3       3.95277608
    4       4.12389115
    5       3.95738385
    6       0.89090479
    7       4.14915668
    8       4.16881693
    9       3.95343279
   10       0.90013293
   11       4.06916855
   12       3.96057513
   13       0.89745607
   14       0.89098075
   15       3.93756328
   16       4.14282996
   17       4.08019474
   18       0.91792457
   19       4.11792393
   20       4.15663624
   21       3.96349961
   22       0.89446920
   23       4.11792822
   24       0.92883578
   25       0.91311976
   26       0.90626463
   27       3.95111867
   28       4.09654395
   29       0.91775013
   30       4.09621135
   31       4.12464634
   32       0.90455941
   33       4.11584922
   34       0.89749130
   35       0.91310447
   36       0.91386003
   37       3.97067039
   38       4.13076992
   39       3.95268669
   40       4.13262122
   41       3.94854032
   42       0.89168282
   43       4.13526219
   44       4.14234808
   45       3.96010452
   46       0.89862798
   47       4.08727525
   48       3.96075503
   49       0.89327451
   50       0.89610302
   51       3.96584844
   52       4.14643000
   53       4.10088506
   54       0.91032978
   55       4.10874788
   56       4.12162065
   57       3.95019809
   58       0.88137596
   59       4.10876692
   60       0.91491361
   61       0.91515468
   62       0.91305701
   63       3.95331889
   64       4.08326921
   65       0.91918139
   66       4.10829247
   67       4.10465651
   68       0.95429753
   69       4.11215815
   70       0.88012204
   71       0.91151235
   72       0.92021582

l-shell populations (up)
 Atom Sh.   l       Population
    1   1   0       1.17805321
    1   2   1       2.77864007
    2   1   0       1.24198717
    2   2   1       2.89324468
    3   1   0       1.18932726
    3   2   1       2.76344882
    4   1   0       1.24250819
    4   2   1       2.88138296
    5   1   0       1.17347533
    5   2   1       2.78390851
    6   1   0       0.89090479
    7   1   0       1.24883259
    7   2   1       2.90032409
    8   1   0       1.26079917
    8   2   1       2.90801776
    9   1   0       1.16646985
    9   2   1       2.78696294
   10   1   0       0.90013293
   11   1   0       1.22056455
   11   2   1       2.84860400
   12   1   0       1.19160362
   12   2   1       2.76897151
   13   1   0       0.89745607
   14   1   0       0.89098075
   15   1   0       1.17274276
   15   2   1       2.76482052
   16   1   0       1.24673789
   16   2   1       2.89609207
   17   1   0       1.22795291
   17   2   1       2.85224183
   18   1   0       0.91792457
   19   1   0       1.23715897
   19   2   1       2.88076496
   20   1   0       1.25868211
   20   2   1       2.89795413
   21   1   0       1.19153187
   21   2   1       2.77196774
   22   1   0       0.89446920
   23   1   0       1.23667068
   23   2   1       2.88125754
   24   1   0       0.92883578
   25   1   0       0.91311976
   26   1   0       0.90626463
   27   1   0       1.19062086
   27   2   1       2.76049781
   28   1   0       1.24414799
   28   2   1       2.85239595
   29   1   0       0.91775013
   30   1   0       1.23769974
   30   2   1       2.85851161
   31   1   0       1.22598641
   31   2   1       2.89865993
   32   1   0       0.90455941
   33   1   0       1.23048989
   33   2   1       2.88535934
   34   1   0       0.89749130
   35   1   0       0.91310447
   36   1   0       0.91386003
   37   1   0       1.19040106
   37   2   1       2.78026933
   38   1   0       1.24083837
   38   2   1       2.88993155
   39   1   0       1.17052741
   39   2   1       2.78215928
   40   1   0       1.23555752
   40   2   1       2.89706371
   41   1   0       1.16039091
   41   2   1       2.78814942
   42   1   0       0.89168282
   43   1   0       1.24129438
   43   2   1       2.89396782
   44   1   0       1.25033896
   44   2   1       2.89200912
   45   1   0       1.18581752
   45   2   1       2.77428700
   46   1   0       0.89862798
   47   1   0       1.22856919
   47   2   1       2.85870606
   48   1   0       1.18436795
   48   2   1       2.77638708
   49   1   0       0.89327451
   50   1   0       0.89610302
   51   1   0       1.18802989
   51   2   1       2.77781855
   52   1   0       1.24985221
   52   2   1       2.89657780
   53   1   0       1.22487203
   53   2   1       2.87601303
   54   1   0       0.91032978
   55   1   0       1.24497250
   55   2   1       2.86377538
   56   1   0       1.25729202
   56   2   1       2.86432863
   57   1   0       1.17994976
   57   2   1       2.77024832
   58   1   0       0.88137596
   59   1   0       1.23106021
   59   2   1       2.87770671
   60   1   0       0.91491361
   61   1   0       0.91515468
   62   1   0       0.91305701
   63   1   0       1.17785883
   63   2   1       2.77546006
   64   1   0       1.23703575
   64   2   1       2.84623346
   65   1   0       0.91918139
   66   1   0       1.24450084
   66   2   1       2.86379163
   67   1   0       1.22321794
   67   2   1       2.88143857
   68   1   0       0.95429753
   69   1   0       1.23622443
   69   2   1       2.87593372
   70   1   0       0.88012204
   71   1   0       0.91151235
   72   1   0       0.92021582

Orbital populations (up)
 Atom Sh.   l   m       Population  Label
    1   1   0   0       1.17805321  s
    1   2   1  -1       0.95465140  p_y
    1   2   1   0       0.90563749  p_z
    1   2   1   1       0.91835117  p_x
    2   1   0   0       1.24198717  s
    2   2   1  -1       0.98873119  p_y
    2   2   1   0       0.93183734  p_z
    2   2   1   1       0.97267615  p_x
    3   1   0   0       1.18932726  s
    3   2   1  -1       0.94694637  p_y
    3   2   1   0       0.90300029  p_z
    3   2   1   1       0.91350216  p_x
    4   1   0   0       1.24250819  s
    4   2   1  -1       0.97436757  p_y
    4   2   1   0       0.94101227  p_z
    4   2   1   1       0.96600312  p_x
    5   1   0   0       1.17347533  s
    5   2   1  -1       0.94886068  p_y
    5   2   1   0       0.90655598  p_z
    5   2   1   1       0.92849185  p_x
    6   1   0   0       0.89090479  s
    7   1   0   0       1.24883259  s
    7   2   1  -1       0.99625556  p_y
    7   2   1   0       0.94162675  p_z
    7   2   1   1       0.96244179  p_x
    8   1   0   0       1.26079917  s
    8   2   1  -1       1.00334347  p_y
    8   2   1   0       0.94172131  p_z
    8   2   1   1       0.96295297  p_x
    9   1   0   0       1.16646985  s
    9   2   1  -1       0.95084526  p_y
    9   2   1   0       0.91595715  p_z
    9   2   1   1       0.92016053  p_x
   10   1   0   0       0.90013293  s
   11   1   0   0       1.22056455  s
   11   2   1  -1       0.96950714  p_y
   11   2   1   0       0.91991006  p_z
   11   2   1   1       0.95918680  p_x
   12   1   0   0       1.19160362  s
   12   2   1  -1       0.95134200  p_y
   12   2   1   0       0.90634960  p_z
   12   2   1   1       0.91127991  p_x
   13   1   0   0       0.89745607  s
   14   1   0   0       0.89098075  s
   15   1   0   0       1.17274276  s
   15   2   1  -1       0.93134500  p_y
   15   2   1   0       0.91394835  p_z
   15   2   1   1       0.91952717  p_x
   16   1   0   0       1.24673789  s
   16   2   1  -1       0.99597087  p_y
   16   2   1   0       0.93006984  p_z
   16   2   1   1       0.97005137  p_x
   17   1   0   0       1.22795291  s
   17   2   1  -1       0.96282911  p_y
   17   2   1   0       0.94649197  p_z
   17   2   1   1       0.94292075  p_x
   18   1   0   0       0.91792457  s
   19   1   0   0       1.23715897  s
   19   2   1  -1       0.98825701  p_y
   19   2   1   0       0.93542894  p_z
   19   2   1   1       0.95707900  p_x
   20   1   0   0       1.25868211  s
   20   2   1  -1       0.98752274  p_y
   20   2   1   0       0.93457971  p_z
   20   2   1   1       0.97585168  p_x
   21   1   0   0       1.19153187  s
   21   2   1  -1       0.93756167  p_y
   21   2   1   0       0.91151689  p_z
   21   2   1   1       0.92288918  p_x
   22   1   0   0       0.89446920  s
   23   1   0   0       1.23667068  s
   23   2   1  -1       0.97255968  p_y
   23   2   1   0       0.96844948  p_z
   23   2   1   1       0.94024838  p_x
   24   1   0   0       0.92883578  s
   25   1   0   0       0.91311976  s
   26   1   0   0       0.90626463  s
   27   1   0   0       1.19062086  s
   27   2   1  -1       0.94207643  p_y
   27   2   1   0       0.90466539  p_z
   27   2   1   1       0.91375600  p_x
   28   1   0   0       1.24414799  s
   28   2   1  -1       0.98351543  p_y
   28   2   1   0       0.92544865  p_z
   28   2   1   1       0.94343188  p_x
   29   1   0   0       0.91775013  s
   30   1   0   0       1.23769974  s
   30   2   1  -1       0.97023084  p_y
   30   2   1   0       0.93345467  p_z
   30   2   1   1       0.95482610  p_x
   31   1   0   0       1.22598641  s
   31   2   1  -1       0.99244755  p_y
   31   2   1   0       0.95923086  p_z
   31   2   1   1       0.94698152  p_x
   32   1   0   0       0.90455941  s
   33   1   0   0       1.23048989  s
   33   2   1  -1       0.98175528  p_y
   33   2   1   0       0.95542252  p_z
   33   2   1   1       0.94818154  p_x
   34   1   0   0       0.89749130  s
   35   1   0   0       0.91310447  s
   36   1   0   0       0.91386003  s
   37   1   0   0       1.19040106  s
   37   2   1  -1       0.95573743  p_y
   37   2   1   0       0.90092114  p_z
   37   2   1   1       0.92361076  p_x
   38   1   0   0       1.24083837  s
   38   2   1  -1       1.00155411  p_y
   38   2   1   0       0.93238921  p_z
   38   2   1   1       0.95598823  p_x
   39   1   0   0       1.17052741  s
   39   2   1  -1       0.96486883  p_y
   39   2   1   0       0.90858638  p_z
   39   2   1   1       0.90870407  p_x
   40   1   0   0       1.23555752  s
   40   2   1  -1       1.00877445  p_y
   40   2   1   0       0.91620258  p_z
   40   2   1   1       0.97208668  p_x
   41   1   0   0       1.16039091  s
   41   2   1  -1       0.96494471  p_y
   41   2   1   0       0.90101348  p_z
   41   2   1   1       0.92219123  p_x
   42   1   0   0       0.89168282  s
   43   1   0   0       1.24129438  s
   43   2   1  -1       0.99614478  p_y
   43   2   1   0       0.93964780  p_z
   43   2   1   1       0.95817524  p_x
   44   1   0   0       1.25033896  s
   44   2   1  -1       1.00448559  p_y
   44   2   1   0       0.92232541  p_z
   44   2   1   1       0.96519812  p_x
   45   1   0   0       1.18581752  s
   45   2   1  -1       0.95786525  p_y
   45   2   1   0       0.88648498  p_z
   45   2   1   1       0.92993677  p_x
   46   1   0   0       0.89862798  s
   47   1   0   0       1.22856919  s
   47   2   1  -1       0.98119472  p_y
   47   2   1   0       0.90678370  p_z
   47   2   1   1       0.97072765  p_x
   48   1   0   0       1.18436795  s
   48   2   1  -1       0.96544757  p_y
   48   2   1   0       0.89797930  p_z
   48   2   1   1       0.91296021  p_x
   49   1   0   0       0.89327451  s
   50   1   0   0       0.89610302  s
   51   1   0   0       1.18802989  s
   51   2   1  -1       0.95254479  p_y
   51   2   1   0       0.90885299  p_z
   51   2   1   1       0.91642076  p_x
   52   1   0   0       1.24985221  s
   52   2   1  -1       1.01411574  p_y
   52   2   1   0       0.91307044  p_z
   52   2   1   1       0.96939162  p_x
   53   1   0   0       1.22487203  s
   53   2   1  -1       1.01605883  p_y
   53   2   1   0       0.92450727  p_z
   53   2   1   1       0.93544693  p_x
   54   1   0   0       0.91032978  s
   55   1   0   0       1.24497250  s
   55   2   1  -1       0.98720724  p_y
   55   2   1   0       0.92373390  p_z
   55   2   1   1       0.95283424  p_x
   56   1   0   0       1.25729202  s
   56   2   1  -1       0.98756332  p_y
   56   2   1   0       0.92774571  p_z
   56   2   1   1       0.94901961  p_x
   57   1   0   0       1.17994976  s
   57   2   1  -1       0.95513736  p_y
   57   2   1   0       0.89813533  p_z
   57   2   1   1       0.91697563  p_x
   58   1   0   0       0.88137596  s
   59   1   0   0       1.23106021  s
   59   2   1  -1       1.00102058  p_y
   59   2   1   0       0.94535459  p_z
   59   2   1   1       0.93133154  p_x
   60   1   0   0       0.91491361  s
   61   1   0   0       0.91515468  s
   62   1   0   0       0.91305701  s
   63   1   0   0       1.17785883  s
   63   2   1  -1       0.95616931  p_y
   63   2   1   0       0.91051257  p_z
   63   2   1   1       0.90877818  p_x
   64   1   0   0       1.23703575  s
   64   2   1  -1       0.99027813  p_y
   64   2   1   0       0.91694224  p_z
   64   2   1   1       0.93901309  p_x
   65   1   0   0       0.91918139  s
   66   1   0   0       1.24450084  s
   66   2   1  -1       0.98034343  p_y
   66   2   1   0       0.92761701  p_z
   66   2   1   1       0.95583118  p_x
   67   1   0   0       1.22321794  s
   67   2   1  -1       1.00461679  p_y
   67   2   1   0       0.94441400  p_z
   67   2   1   1       0.93240778  p_x
   68   1   0   0       0.95429753  s
   69   1   0   0       1.23622443  s
   69   2   1  -1       1.01137854  p_y
   69   2   1   0       0.93918309  p_z
   69   2   1   1       0.92537209  p_x
   70   1   0   0       0.88012204  s
   71   1   0   0       0.91151235  s
   72   1   0   0       0.92021582  s

Fermi level:                        -0.1396569667 H           -3.8003 eV
Band energy:                       -80.1154150139 H        -2180.0514 eV
TS:                                  0.0000000000 H            0.0000 eV
Band free energy (E-TS):           -80.1154150139 H        -2180.0514 eV
Extrapolated E(0K):                -80.1154150139 H        -2180.0514 eV
Input / Output electrons (q):    204.0000000000    204.0000000000

Energy H0:                         -86.4571223461 H        -2352.6180 eV
Energy SCC:                         -0.0061744367 H           -0.1680 eV
Energy 3rd:                         -0.0009439203 H           -0.0257 eV
Total Electronic energy:           -86.4642407032 H        -2352.8117 eV
Repulsive energy:                    0.7627842522 H           20.7564 eV
Total energy:                      -85.7014564510 H        -2332.0553 eV
Extrapolated to 0:                 -85.7014564510 H        -2332.0553 eV
Total Mermin free energy:          -85.7014564510 H        -2332.0553 eV
Force related energy:              -85.7014564510 H        -2332.0553 eV

Non-constrained calculation

SCC converged

Total Forces
    1      0.008101617047     -0.004962954362      0.027568601273
    2      0.000902270556     -0.002249348662     -0.011200411264
    3      0.022710088660     -0.008073109892     -0.036654857584
    4     -0.027887107056      0.029695302796     -0.008571819559
    5      0.047114040618     -0.009202449852     -0.011562080322
    6     -0.009954412608      0.007493259803     -0.000165312269
    7     -0.030374011283     -0.004027241829      0.028877588847
    8     -0.028709323412      0.024904659656      0.020558385723
    9     -0.027028956268      0.020848482457     -0.028470600627
   10      0.014243113176     -0.021316504859      0.012546211739
   11     -0.069805939574      0.051331669644     -0.030844979686
   12      0.017462316918     -0.004115848380     -0.016201614137
   13     -0.001665391470      0.001898929834      0.005033672194
   14     -0.001372336156     -0.002101237278     -0.000014933309
   15      0.054986916142     -0.039950207824     -0.008132662818
   16      0.008058797033      0.008162503871     -0.005112515811
   17      0.013672390130     -0.032573231067      0.049449765671
   18      0.020765729183     -0.016640146445      0.012050945739
   19     -0.008857645892      0.001364561215      0.000447262293
   20      0.001302301573     -0.009786075781      0.003649336588
   21      0.016318427223     -0.024798278575      0.015755149212
   22     -0.006644668755      0.004428522891     -0.001365633503
   23      0.004038133344      0.018034115164     -0.019819252589
   24      0.020336677589     -0.006811660869     -0.024324041997
   25      0.001753047813     -0.002389011074     -0.001649125276
   26     -0.015469824445      0.018002795018      0.003394493784
   27     -0.013939496777      0.013147616921      0.005415268784
   28     -0.016685349941     -0.006370732642     -0.000311185814
   29     -0.008876097684     -0.003611186518      0.018606198092
   30     -0.014006630850      0.018051910293     -0.011436211997
   31      0.013713902497     -0.022787324233      0.045834689501
   32      0.029192220422     -0.007128632734      0.001541571436
   33     -0.033166859736      0.002201643656      0.029304200340
   34      0.003314075338     -0.004865028115      0.002439207598
   35     -0.004676364913      0.020985327577     -0.044207215648
   36      0.016407916382      0.001164104168     -0.021267034178
   37      0.011584778862      0.014907996366      0.016000787513
   38      0.006881590145     -0.017552338417      0.047484378629
   39     -0.001968189003      0.002723506057      0.044495205321
   40      0.024990022806      0.008718465820     -0.016310505555
   41     -0.022440108679      0.000382349191     -0.053229254026
   42     -0.014835338136     -0.002223778361     -0.005406628725
   43     -0.001504738586     -0.005204636753     -0.026912092052
   44     -0.006129174960     -0.019103079995     -0.001107660096
   45     -0.020935873447     -0.013895667138      0.038740530249
   46      0.006220545759      0.006108558149     -0.002324498903
   47      0.050473958067      0.015727278697      0.027321324277
   48     -0.055580725525     -0.025925524797     -0.022258697089
   49      0.013450265477      0.006289863075      0.003529489168
   50      0.012500087556      0.010740417206      0.006044764519
   51     -0.024421765635     -0.011784801165      0.014323959664
   52     -0.010916911030     -0.003489227689     -0.052761758805
   53     -0.025245197238      0.000967669488     -0.000812016902
   54     -0.004238754607     -0.001684450557     -0.024056712036
   55     -0.015059101594     -0.000067839486      0.013248692244
   56     -0.031472153409     -0.001576192512     -0.064070222253
   57     -0.029691733220     -0.018549579582      0.016933404025
   58      0.011685037381      0.006182645100      0.003602777074
   59      0.027248110033     -0.007382182046     -0.025294291742
   60      0.007287630652      0.003316966835      0.000420023276
   61      0.027419535497      0.011738670832      0.019106836558
   62      0.037497465943      0.014496940705      0.024195900856
   63      0.012840394125      0.002028222078      0.004295701167
   64      0.064709946786      0.031363401643      0.005075868302
   65     -0.001281131546      0.004900806714      0.001617350282
   66      0.033209022261      0.014790172183      0.052707108526
   67     -0.018683517193     -0.009954343542     -0.015362183678
   68     -0.031275076480     -0.011035649886     -0.017158360712
   69     -0.004158942029      0.001925393976     -0.035119749886
   70     -0.009447278361     -0.004753760974     -0.008524056516
   71     -0.013989225372     -0.006182441099      0.012001416288
   72     -0.000798694894     -0.004465328656      0.018141051645

Maximal derivative component:        0.698059E-01 au

Forces on external charges
     -0.000001229409     -0.000001688334     -0.000001652297
     -0.000004980362     -0.000005449647     -0.000003488324
     -0.000000487881     -0.000001734944     -0.000001180662
     -0.000002495994     -0.000002189925     -0.000003420749
     -0.000002186565     -0.000003802530     -0.000000693958
      0.000007711103      0.000004754322      0.000003978418
     -0.000001315572     -0.000006992612     -0.000001503978
     -0.000000161508     -0.000003150035     -0.000002893839
     -0.000000464690     -0.000000574332     -0.000001044740
      0.000003995324      0.000001944817      0.000003481857
     -0.000007714469     -0.000011729378      0.000001202592
     -0.000001104048     -0.000004172830      0.000000267711
      0.000000770440      0.000006938908      0.000000402807
     -0.000000593726      0.000003516684      0.000002689173
     -0.000000143909     -0.000000783329     -0.000001084420
     -0.000001138671     -0.000000849756     -0.000002212224
     -0.000003810140     -0.000016889247      0.000009802495
      0.000009829776      0.000008270763     -0.000000772722
     -0.000001633689     -0.000012481546      0.000011479856
      0.000000054212     -0.000001282250     -0.000001972737
     -0.000000240291     -0.000000261823     -0.000000686837
      0.000002144978      0.000000702508      0.000002683949
      0.000002096534     -0.000015645846      0.000019712658
      0.000002829739      0.000015413094     -0.000011635836
      0.000005039592      0.000005639341     -0.000015781669
     -0.000000561484      0.000001577575      0.000002075125
     -0.000000058319     -0.000000332701     -0.000000667418
     -0.000000692108     -0.000000433691     -0.000001500500
     -0.000009244066      0.000004143722     -0.000033677952
      0.000000085619     -0.000000684528     -0.000001422824
     -0.000000411899     -0.000000399994     -0.000001363724
      0.000001088631      0.000000337031      0.000001546282
     -0.000000063296     -0.000000517980     -0.000001358002
     -0.000000363006      0.000000779709      0.000001364919
      0.000000490523      0.000000285328      0.000001204551
     -0.000000044799      0.000000462057      0.000001147219
     -0.000053873388      0.000063041451     -0.000001309098
     -0.000161979038      0.000065264596     -0.000013946483
      0.000020871852      0.000071419527      0.000028351762
     -0.000146687207      0.000067352727     -0.000048622165
     -0.000061292028      0.000047789846      0.000010734365
      0.000131038989      0.000043666629      0.000044088275
      0.000098940916      0.000122814410      0.000097590299
      0.000101670086      0.000123068007      0.000069565422
     -0.000048797257      0.000051030184     -0.000011430406
      0.000134180445      0.000039861820      0.000084408877
     -0.000175051260      0.000004423748     -0.000001943959
      0.000010265515      0.000067572643      0.000038492917
     -0.000145365850     -0.000028178250     -0.000082139410
     -0.000140279163     -0.000038707584     -0.000056844259
      0.000014789011      0.000077168301      0.000021539669
     -0.000149706148      0.000038961284     -0.000071554055
     -0.000178684717      0.000072602068      0.000020149386
      0.000111819597      0.000073440018      0.000019709562
      0.000076308794      0.000104996546      0.000123007527
      0.000117898051      0.000169611975      0.000058103621
     -0.000047889446      0.000037136390     -0.000027993835
      0.000120476594      0.000063639331      0.000087406973
      0.000000977419      0.000142874092      0.000122384867
      0.000151960888      0.000025456161      0.000042030547
     -0.000101660354     -0.000001343856     -0.000095525704
     -0.000179012617     -0.000060569671     -0.000040957281
      0.000016412558      0.000079157402     -0.000017312007
     -0.000103341890     -0.000009846057     -0.000039906078
     -0.000027099655     -0.000055279031     -0.000126609548
      0.000053867313      0.000081305263     -0.000057641521
     -0.000064929362      0.000019307563     -0.000026348666
      0.000075079903      0.000062916248      0.000018814275
     -0.000007431063      0.000048173873     -0.000043238507
     -0.000079769607     -0.000024784653      0.000048709389
      0.000046263804      0.000003353272      0.000007530935
     -0.000001713145     -0.000020793154      0.000031468470
     -0.000000306340     -0.000000666807      0.000001680116
     -0.000001230756     -0.000001047277      0.000003233676
      0.000000080129     -0.000000580489      0.000001281389
     -0.000001439333     -0.000002574549      0.000006237487
     -0.000000338265     -0.000000314773      0.000000984894
      0.000002554913      0.000001141060     -0.000004305957
      0.000000137219     -0.000001072377      0.000002659624
      0.000001480395     -0.000002229910      0.000003826704
      0.000000134072     -0.000001689695      0.000002953363
      0.000004309718      0.000002838795     -0.000008886959
     -0.000001023850     -0.000000574631      0.000002128322
     -0.000000122004     -0.000000320333      0.000000899068
     -0.000000643185      0.000001265770     -0.000003162152
     -0.000002565711      0.000002230199     -0.000003830434
      0.000000995964     -0.000001624536      0.000002110608
     -0.000000282183     -0.000008418503      0.000014739598
     -0.000000790721     -0.000000513409      0.000001860083
      0.000001527969      0.000000508026     -0.000002322546
     -0.000000242125     -0.000000695980      0.000002039793
      0.000005690350     -0.000006419252      0.000003590502
      0.000003018766     -0.000007117753      0.000007899555
      0.000008223730      0.000008337982     -0.000022425717
     -0.000000465623     -0.000000569773      0.000001835652
      0.000000850896      0.000000403218     -0.000001630026
     -0.000000034691      0.000000777120     -0.000002195058
     -0.000006865043      0.000005098011     -0.000001272165
      0.000004557456     -0.000006429480      0.000002514487
      0.000008019364     -0.000038852547      0.000057357359
      0.000000374456      0.000000524415     -0.000001649316
      0.000019512135     -0.000029274347     -0.000001674346
      0.000052578117     -0.000070083560      0.000099037215
      0.000021007099      0.000049971166     -0.000085294351
      0.000054458239     -0.000067340266      0.000024495815
     -0.000013715897      0.000017640800      0.000011797365
     -0.000107874432      0.000112409604     -0.000218564435
     -0.000077574982      0.000071146863      0.000011583460
     -0.000013155870      0.000002949815     -0.000001683650
     -0.000029307789     -0.000000020241     -0.000008804342
     -0.000010768959      0.000009640402      0.000000744144
     -0.000031327014      0.000003725884     -0.000001912001
     -0.000012249016      0.000003341000     -0.000004014843
      0.000031517003      0.000013211186      0.000012676924
     -0.000023698152      0.000034642826      0.000002209672
     -0.000021009215      0.000039541390      0.000011372752
     -0.000011091226      0.000005941442      0.000000827955
      0.000035173787      0.000009129061      0.000004749014
     -0.000028889818      0.000003245980     -0.000012972446
     -0.000010917157      0.000010922460     -0.000001446295
      0.000009935522     -0.000060209837     -0.000013897300
      0.000001872984     -0.000058532349     -0.000023668233
     -0.000009501477      0.000014515165      0.000003669923
     -0.000026048205      0.000013060507      0.000000847856
     -0.000031143593      0.000014960047     -0.000009840978
      0.000024937495      0.000005754345      0.000014754501
     -0.000023740015      0.000044459333      0.000002046992
     -0.000009297078      0.000047262271      0.000010403998
     -0.000008049820      0.000009201893     -0.000000170660
      0.000030304240     -0.000003412189     -0.000000021944
     -0.000030414746      0.000036251259     -0.000000713300
      0.000028016068     -0.000009349170      0.000010546015
      0.000008078190     -0.000068009005     -0.000013749875
     -0.000011428963     -0.000071184840     -0.000021384059
     -0.000004285003      0.000015811910      0.000000674032
     -0.000018580569      0.000018278975     -0.000003561459
      0.000023934376     -0.000045512459     -0.000009948881
      0.000001376770      0.000043161313     -0.000003572000
     -0.000012626759      0.000023216592     -0.000007825607
      0.000020093181     -0.000009766245      0.000002177493
     -0.000002702458      0.000033641792     -0.000009391338
     -0.000018638602     -0.000054009470      0.000001541450
      0.000010430546     -0.000016329570      0.000007387124
     -0.000003355934     -0.000029620411      0.000012005471
     -0.000000489562     -0.000000821422      0.000001566798
     -0.000000845016     -0.000002859582      0.000005978406
     -0.000000809434     -0.000000725822      0.000001266868
     -0.000000656881     -0.000001593750      0.000002734321
     -0.000000835413     -0.000001807766      0.000004221517
     -0.000000453364      0.000003543302     -0.000007164730
     -0.000004189468     -0.000002551795      0.000004874758
     -0.000001813215     -0.000001573774      0.000002292908
     -0.000000262365     -0.000000450733      0.000000705461
      0.000000218097      0.000002047315     -0.000003619460
      0.000000528734     -0.000009099653      0.000018120951
     -0.000002304435     -0.000001614395      0.000003907387
      0.000006976531      0.000003213570     -0.000004505560
      0.000002920108      0.000002087198     -0.000002542922
     -0.000000449461     -0.000000496610      0.000000729387
     -0.000000460507     -0.000001014990      0.000001507995
      0.000001005807     -0.000023513135      0.000039364717
     -0.000003975491      0.000009044320     -0.000015993232
     -0.000016852211     -0.000008053709      0.000021358380
     -0.000001006481     -0.000001001630      0.000001377215
     -0.000000190212     -0.000000322216      0.000000459967
      0.000000312306      0.000001365221     -0.000002040580
     -0.000021423110     -0.000031335660      0.000054832589
     -0.000013764971      0.000036650568     -0.000045102225
      0.000026513769      0.000003585137     -0.000011580149
      0.000001603645      0.000001305864     -0.000001701079
     -0.000000288161     -0.000000331533      0.000000459006
     -0.000000377720     -0.000000758474      0.000001070231
      0.000062951071      0.000088181439     -0.000099409919
     -0.000000757430     -0.000000745878      0.000001015256
     -0.000000432751     -0.000000684119      0.000000971242
      0.000000256423      0.000000841438     -0.000001187758
     -0.000000612509     -0.000000686773      0.000000963062
      0.000001038850      0.000000819045     -0.000001053055
      0.000000346140      0.000000632707     -0.000000904958
      0.000000625922      0.000000612459     -0.000000869056
      0.000000698779      0.000001848655      0.000004058221
      0.000005308388      0.000005738968      0.000011908666
     -0.000000383456      0.000002050340      0.000003250356
      0.000001700816      0.000002282202      0.000007900351
      0.000002488666      0.000004131670      0.000005562183
     -0.000010601161     -0.000004516853     -0.000014467781
     -0.000002207055      0.000008686700      0.000009752799
     -0.000002210062      0.000003935622      0.000006661474
      0.000000036090      0.000000636247      0.000002206824
     -0.000004179635     -0.000001719686     -0.000009883172
      0.000013710619      0.000012401767      0.000015682200
      0.000000225753      0.000004845743      0.000004855706
      0.000005672136     -0.000010742243     -0.000009427777
      0.000004571296     -0.000005276971     -0.000007120770
     -0.000000561927      0.000000968087      0.000002266743
      0.000000245418      0.000000875083      0.000004747330
      0.000015490202      0.000019474664      0.000016621608
     -0.000020219949     -0.000008219094     -0.000015355789
     -0.000001083795      0.000019296184      0.000013322631
     -0.000001685100      0.000001680985      0.000004109246
     -0.000000168553      0.000000265263      0.000001455058
     -0.000001262324     -0.000000648807     -0.000005792401
      0.000005064814      0.000023928189      0.000014770700
     -0.000020846171     -0.000016708414     -0.000014352724
      0.000007431915     -0.000020294743     -0.000010534621
      0.000003073533     -0.000002408754     -0.000004608748
     -0.000000475679      0.000000400722      0.000001398198
     -0.000000281185      0.000000379899      0.000003231543
     -0.000002381854     -0.000026958107     -0.000012318332
     -0.000001472041      0.000000857713      0.000002848810
     -0.000000627406      0.000000377347      0.000002780343
     -0.000000190647     -0.000000154937     -0.000003553016
     -0.000001152246      0.000000575398      0.000002603388
      0.000002169671     -0.000001118138     -0.000002813363
      0.000000463497     -0.000000231559     -0.000002528715
      0.000001191996     -0.000000491124     -0.000002158139
     -0.000000552169     -0.000000030026      0.000000408972
     -0.000001334965      0.000000321337      0.000001666520
     -0.000000559035     -0.000000038907      0.000000225138
     -0.000001173356     -0.000000345482      0.000000715398
     -0.000000610658      0.000000359749      0.000000798212
      0.000001519384     -0.000000286449     -0.000002519587
     -0.000001923471      0.000000145404      0.000000717765
     -0.000001283952     -0.000000324181      0.000000119114
     -0.000000356749     -0.000000152145      0.000000094426
      0.000001477243      0.000000477210     -0.000001167966
     -0.000001256807      0.000001768857      0.000002838545
     -0.000000786650      0.000000297829      0.000000555282
      0.000002700599      0.000000094880     -0.000000318394
      0.000001650973      0.000000511519      0.000000253315
     -0.000000386792     -0.000000150914      0.000000019531
     -0.000000810319     -0.000000453627      0.000000081964
     -0.000001674620      0.000002886897      0.000003045490
      0.000000826006     -0.000001822647     -0.000003406983
     -0.000002750259      0.000001372892      0.000001584170
     -0.000000713552     -0.000000384610     -0.000000198719
     -0.000000246775     -0.000000163294     -0.000000047682
      0.000001143978      0.000000639936     -0.000000218992
     -0.000002688105      0.000002596872      0.000002294410
      0.000001047535     -0.000003623184     -0.000003330914
      0.000003531181     -0.000000981762     -0.000000989479
      0.000000865478      0.000000496008      0.000000455170
     -0.000000223083     -0.000000154105     -0.000000090308
     -0.000000608320     -0.000000426849     -0.000000186591
      0.000003043143     -0.000002992232     -0.000001907531
     -0.000000415775     -0.000000364447     -0.000000338470
     -0.000000482041     -0.000000388464     -0.000000285150
      0.000000761822      0.000000474695      0.000000136644
     -0.000000386455     -0.000000364338     -0.000000336974
      0.000000384213      0.000000379044      0.000000455632
      0.000000467545      0.000000370806      0.000000303517
      0.000000282881      0.000000315162      0.000000348482
     -0.000000626350      0.000000374122     -0.000001245068
     -0.000000664365      0.000000422806     -0.000002694019
     -0.000000780607      0.000000353942     -0.000000735063
     -0.000002026794      0.000001634584     -0.000004643460
     -0.000000256684      0.000000128437     -0.000000773550
      0.000000031492     -0.000000195554      0.000004110753
     -0.000001580904      0.000000604118     -0.000001439840
     -0.000003356772      0.000001432926     -0.000001409595
     -0.000001522667      0.000001186505     -0.000001544488
      0.000000692977     -0.000001469917      0.000007777874
     -0.000000262683      0.000000139502     -0.000001800016
     -0.000000392888      0.000000160177     -0.000000582875
      0.000002379057     -0.000000756523      0.000001275889
      0.000004316300     -0.000001456532      0.000000544787
     -0.000001904639      0.000001051496     -0.000000659545
     -0.000005760773      0.000007711037     -0.000006325911
     -0.000000347115      0.000000151760     -0.000001475066
     -0.000000118359      0.000000020876      0.000002250627
     -0.000000915823      0.000000326074     -0.000001226091
     -0.000006654376      0.000003673314      0.000001223133
     -0.000003811730      0.000006186277     -0.000000638357
      0.000003413200     -0.000010964727      0.000015432656
     -0.000000618148      0.000000224127     -0.000001241366
      0.000000168670     -0.000000083590      0.000001360259
      0.000001185400     -0.000000358506      0.000001071236
      0.000007656332     -0.000002971872     -0.000003617183
     -0.000003983804      0.000003657321      0.000001472859
     -0.000009178962      0.000060580512     -0.000002427604
      0.000000610902     -0.000000200825      0.000001038674
     -0.000012520733      0.000013071721      0.000014332845
     -0.000044311227      0.000102040909      0.000007859118
      0.000004078724     -0.000116185137      0.000019070710
     -0.000022487456      0.000039540343      0.000036243229
      0.000009072067     -0.000007139132     -0.000015579542
      0.000199807687     -0.000277584888      0.000045379436
      0.000009068953     -0.000035384735     -0.000053990487
      0.000000384032     -0.000000254132      0.000001053271
      0.000000263113     -0.000000851256      0.000002398785
      0.000000500465     -0.000000163414      0.000000723499
      0.000001337491     -0.000000235683      0.000003438594
      0.000000088696     -0.000000295456      0.000000762093
      0.000000349015      0.000001404278     -0.000003441338
      0.000001015361     -0.000000500205      0.000001666597
      0.000002216857     -0.000000046171      0.000001658494
      0.000000932141      0.000000445198      0.000001023950
     -0.000000663208      0.000000670625     -0.000005804173
     -0.000000086717     -0.000000796206      0.000001808986
      0.000000216871     -0.000000226120      0.000000644908
     -0.000001531202      0.000000563912     -0.000001873696
     -0.000003017057     -0.000000014638     -0.000001508571
      0.000001162601      0.000000330192      0.000000630232
      0.000003238805      0.000005662661      0.000003347451
     -0.000000034603     -0.000000703071      0.000001599585
      0.000000450977      0.000001019686     -0.000002080151
      0.000000492310     -0.000000551386      0.000001521943
      0.000003830866      0.000002121611     -0.000000078043
      0.000000769632      0.000005083412     -0.000000319185
     -0.000004086132     -0.000008988752     -0.000008627546
      0.000000227491     -0.000000592453      0.000001491287
      0.000000222127      0.000000703148     -0.000001486150
     -0.000000732870      0.000000526841     -0.000001539385
     -0.000005027992     -0.000001616143      0.000001059045
      0.000001628585      0.000002605899     -0.000000649931
     -0.000016316760      0.000055711302     -0.000001262496
     -0.000000207464      0.000000535378     -0.000001353980
      0.000005818894      0.000010592295     -0.000005817123
     -0.000011106207      0.000067520204      0.000016943562
      0.000014375928     -0.000148665988     -0.000010284649
      0.000007598594      0.000031253883     -0.000010243976
     -0.000006238091     -0.000007215775      0.000008344777
     -0.000028476702     -0.000172211875     -0.000118737975
     -0.000007395252     -0.000036778807      0.000026437158
     -0.000000566241     -0.000000454259     -0.000000202658
     -0.000002198329     -0.000001107685      0.000000468207
     -0.000000462134     -0.000000295588     -0.000000479613
     -0.000000882480     -0.000001002111     -0.000000577544
     -0.000001522055     -0.000000280328      0.000000504027
      0.000002508002      0.000001316446     -0.000001049619
     -0.000003104595     -0.000000482901     -0.000002436361
     -0.000000153506     -0.000000511001     -0.000001413687
     -0.000000132772     -0.000000289484     -0.000000290103
      0.000001271735      0.000001184659      0.000000422016
     -0.000004523927      0.000000372574      0.000003874024
     -0.000002191347     -0.000000261923     -0.000000329536
      0.000003972530     -0.000000530479      0.000007196009
     -0.000000479815     -0.000000299571      0.000002393745
      0.000000023721     -0.000000257773     -0.000000407087
     -0.000000269120     -0.000000631121     -0.000000673438
     -0.000007827440      0.000003162680      0.000006853436
      0.000003576911     -0.000000238450     -0.000004310096
     -0.000013226123     -0.000000734056     -0.000002087489
      0.000000451459     -0.000000431816     -0.000000842860
     -0.000000005189     -0.000000196998     -0.000000263798
      0.000000575912      0.000000792684      0.000000698043
     -0.000015160192      0.000003159553      0.000004981811
      0.000006171944     -0.000005166273     -0.000008754703
      0.000022159649      0.000005611006      0.000013589939
     -0.000001159715      0.000000212855      0.000000938914
      0.000000119092     -0.000000183155     -0.000000286610
     -0.000000066822     -0.000000462348     -0.000000633161
      0.000026148033     -0.000006597776     -0.000006863337
      0.000000493029     -0.000000396139     -0.000000622958
      0.000000087041     -0.000000421288     -0.000000641934
      0.000000239717      0.000000507379      0.000000640020
      0.000000336304     -0.000000411337     -0.000000629077
     -0.000000834242      0.000000363545      0.000000523923
     -0.000000005329      0.000000383563      0.000000600447
     -0.000000425530      0.000000379912      0.000000551594
      0.000002666984     -0.000000684187      0.000002320931
      0.000008650162     -0.000001996915      0.000004642489
      0.000002807216     -0.000000985105      0.000003420713
      0.000004194821     -0.000001046723      0.000004132885
      0.000005735655     -0.000001310302      0.000002425719
     -0.000009141165      0.000002085101     -0.000003726110
      0.000014232477     -0.000004631507      0.000015598459
      0.000004460498     -0.000002396204      0.000008771020
      0.000000992586     -0.000000305855      0.000001482089
     -0.000005192395      0.000001093690     -0.000003924327
      0.000017036857     -0.000004671542      0.000003005731
      0.000008028179     -0.000001784622      0.000005149538
     -0.000020363314      0.000010037695     -0.000030234544
     -0.000005043170      0.000004506707     -0.000015144636
      0.000001034799     -0.000000532355      0.000002229821
      0.000001813656     -0.000000513939      0.000002941160
      0.000028333384     -0.000009774791      0.000001345595
     -0.000013662808      0.000004047948     -0.000001459003
      0.000042473266     -0.000008629919      0.000020635146
      0.000001249866     -0.000001100658      0.000004752242
      0.000000445270     -0.000000180628      0.000001072385
     -0.000002582573      0.000000539246     -0.000003232166
      0.000048069251     -0.000013396274      0.000007748351
     -0.000025500520      0.000011986810      0.000002770448
     -0.000071153690      0.000011841470     -0.000050871780
     -0.000000901713      0.000002006129     -0.000007394606
      0.000000323726     -0.000000256178      0.000001362827
      0.000000937411     -0.000000338800      0.000002314639
     -0.000078194974      0.000027177252     -0.000003720491
      0.000000244469     -0.000000611593      0.000003251069
      0.000000543445     -0.000000339291      0.000002301776
     -0.000001136803      0.000000283872     -0.000002186465
      0.000000239649     -0.000000456452      0.000002648502
      0.000000240514      0.000000853655     -0.000004120604
     -0.000000455873      0.000000264013     -0.000001992659
      0.000000023194      0.000000431536     -0.000002421322
     -0.000007227504     -0.000003230174     -0.000005245315
     -0.000016728872     -0.000004231808     -0.000010849537
     -0.000004118590     -0.000008092516     -0.000005678747
     -0.000018784026     -0.000000593347     -0.000009667578
     -0.000006540224     -0.000004810955     -0.000004134168
      0.000018328757     -0.000003690921      0.000010502632
     -0.000005214424     -0.000031656996     -0.000013058021
     -0.000006118670     -0.000026578607     -0.000016603466
     -0.000006852874     -0.000002215100     -0.000003483726
      0.000019802258     -0.000007109352      0.000007712852
     -0.000015268453     -0.000007070890     -0.000007823164
     -0.000004710015     -0.000010463950     -0.000003886036
     -0.000010748761      0.000048758504      0.000011834245
     -0.000011668227      0.000039558403      0.000018341992
     -0.000004781089     -0.000007693163     -0.000005246892
     -0.000017604588     -0.000002515429     -0.000005049485
     -0.000014356624     -0.000012172886     -0.000004260803
      0.000013837703      0.000000011002      0.000008069400
     -0.000007913050     -0.000033352687     -0.000001866733
     -0.000004143913     -0.000024882874     -0.000009788981
     -0.000006814425     -0.000004150839     -0.000002137009
      0.000021316940     -0.000004883922      0.000002791053
     -0.000012266413     -0.000023062244     -0.000000046625
      0.000011265727      0.000007856283      0.000002768221
     -0.000003526634      0.000044985933     -0.000004891320
     -0.000015257097      0.000038987643      0.000010144307
     -0.000003676573     -0.000009299420     -0.000002901173
     -0.000019567158     -0.000009765789     -0.000004480293
      0.000008861676      0.000021195168     -0.000004624717
      0.000001396945     -0.000032263183     -0.000006937094
     -0.000014674620     -0.000018978690     -0.000009084005
      0.000019018975      0.000001502637      0.000001148470
     -0.000002871007     -0.000030140016     -0.000011527115
     -0.000019766870      0.000036641383      0.000002805706
      0.000014703191      0.000014558303      0.000009606123
     -0.000005847509      0.000028599261      0.000013691671
      0.000035599833      0.000022831172      0.000023864170
      0.000082190496      0.000036401035      0.000037817491
      0.000031125543      0.000056318912      0.000040041511
      0.000074492583      0.000026423220      0.000042331948
      0.000038819891      0.000026678899      0.000011158867
     -0.000078216902     -0.000010107715     -0.000030016433
      0.000100750675      0.000256938841      0.000136635692
      0.000034305019      0.000190251465      0.000115530273
      0.000027160190      0.000016263029      0.000015784856
     -0.000074435315     -0.000003069887     -0.000032322347
      0.000073099662      0.000038764972      0.000004429702
      0.000052847093      0.000070248996      0.000017996198
     -0.000016422669     -0.000626538586     -0.000306128153
      0.000124202903     -0.000412647405     -0.000214993599
      0.000025332343      0.000049968919      0.000027264514
      0.000070144470      0.000026265296      0.000026683524
      0.000070594122      0.000041556404     -0.000019191425
     -0.000060963824     -0.000016897864     -0.000007886392
      0.000141138795      0.000224099075     -0.000058098394
      0.000033648125      0.000187449105      0.000048757043
      0.000033445624      0.000022459046      0.000012691055
     -0.000074511952     -0.000003730713     -0.000021072036
      0.000094577997      0.000088953039     -0.000060571892
     -0.000046108011     -0.000021331663      0.000015896943
     -0.000144061035     -0.000474159394      0.000219407384
      0.000111904611     -0.000385211704     -0.000036069446
      0.000032682718      0.000063413892      0.000018415841
      0.000088248823      0.000043575990      0.000032547834
     -0.000057525463     -0.000055118294      0.000072538692
      0.000081437335      0.000291298206      0.000063590433
      0.000116046205      0.000088578528      0.000067280954
     -0.000073756007     -0.000014255148     -0.000020502800
      0.000128956141      0.000241590548      0.000111215477
      0.000035395126     -0.000538583973     -0.000059205982
     -0.000102001423     -0.000051514604     -0.000069281983
     -0.000147588139     -0.000336544089     -0.000226351492
      0.000000815741     -0.000000469741     -0.000001159609
      0.000001545353     -0.000000963989     -0.000002015894
      0.000000362521     -0.000000257806     -0.000001169498
      0.000004151892     -0.000002197484     -0.000003695661
      0.000000349910     -0.000000232647     -0.000000658322
     -0.000002553601      0.000001686299      0.000002236858
      0.000000342322     -0.000000423021     -0.000002276176
      0.000000899314     -0.000000879394     -0.000004945043
      0.000002215116     -0.000000898255     -0.000002575649
     -0.000006610492      0.000004254702      0.000003259199
      0.000000848844     -0.000000553811     -0.000001349362
      0.000000164068     -0.000000151998     -0.000000672416
      0.000000129940      0.000000419484      0.000002926816
      0.000000239285      0.000001062540      0.000006103275
      0.000001144261     -0.000000640134     -0.000003267714
      0.000015230860     -0.000005292685     -0.000010723919
      0.000000553726     -0.000000399972     -0.000001207970
     -0.000001243938      0.000000798915      0.000001357503
      0.000000169548     -0.000000292422     -0.000001448526
      0.000002193185     -0.000003156749     -0.000013486992
      0.000009555404     -0.000003768859     -0.000013087467
     -0.000024342842      0.000011013841      0.000003756158
      0.000000286117     -0.000000311270     -0.000001220455
     -0.000000538231      0.000000372803      0.000001009343
      0.000000101337      0.000000248994      0.000001562178
      0.000000930290      0.000003621172      0.000013871575
      0.000002918169     -0.000003669920     -0.000011467196
      0.000089257832     -0.000025800559     -0.000102843709
     -0.000000161467      0.000000251968      0.000001049187
     -0.000002119530     -0.000025753485     -0.000045092647
      0.000049233281     -0.000131710400     -0.000254021285
     -0.000162591521     -0.000037041925      0.000027861364
     -0.000013748599     -0.000085358445     -0.000106528962
      0.000010748844      0.000021992508      0.000031091990
     -0.000010659266      0.000340849907      0.000597898160
      0.000038103570      0.000117903139      0.000072833057
      0.000000745680      0.000000842080      0.000001029874
      0.000002195146      0.000001936568      0.000002188668
      0.000000618347      0.000001114881      0.000001234925
      0.000001525410      0.000001539675      0.000002224541
      0.000001112797      0.000001018304      0.000000987578
     -0.000002832446     -0.000001840923     -0.000002296730
      0.000002232017      0.000004354336      0.000004023537
      0.000001103191      0.000003067005      0.000003786366
      0.000000403406      0.000000537977      0.000000851602
     -0.000002057769     -0.000001524966     -0.000002357863
      0.000003237924      0.000002315761      0.000002178924
      0.000001156128      0.000001562560      0.000001339673
     -0.000002346171     -0.000007960837     -0.000006758652
     -0.000000841023     -0.000005392787     -0.000006369754
      0.000000364658      0.000000831759      0.000001240029
      0.000000896793      0.000001057623      0.000001947833
      0.000004049481      0.000003219641      0.000002588581
     -0.000003277831     -0.000001804816     -0.000001909802
      0.000003653145      0.000005965408      0.000004143112
      0.000000448006      0.000001864806      0.000003203479
      0.000000242586      0.000000385037      0.000000791015
     -0.000001235069     -0.000001160317     -0.000002135676
      0.000004535825      0.000005234125      0.000003600977
     -0.000004103822     -0.000002687303     -0.000002210337
     -0.000003653310     -0.000009630036     -0.000005800522
     -0.000000034245     -0.000003104843     -0.000005244669
      0.000000137496      0.000000513785      0.000001018931
      0.000000547988      0.000000797047      0.000001846065
     -0.000005265866     -0.000006444100     -0.000003985059
     -0.000000001828      0.000001216024      0.000002721676
      0.000000306111      0.000000776175      0.000001943536
     -0.000000743225     -0.000000740701     -0.000001786456
      0.000000040721      0.000000946485      0.000002344997
      0.000000494235     -0.000001618029     -0.000003571286
     -0.000000274475     -0.000000641476     -0.000001710486
      0.000000220105     -0.000000869929     -0.000002292559
     -0.000000664660      0.000000658980     -0.000001615429
     -0.000003481861      0.000001978837     -0.000004534613
     -0.000000222072      0.000000756616     -0.000001796732
     -0.000001174700      0.000001064218     -0.000002790906
     -0.000002479306      0.000001241746     -0.000002979793
      0.000004936108     -0.000002096200      0.000004287456
     -0.000000725400      0.000003769818     -0.000007553050
      0.000000168175      0.000001515464     -0.000003743616
     -0.000000179531      0.000000293546     -0.000000838595
      0.000001979846     -0.000001197053      0.000003066914
     -0.000013024588      0.000002111155     -0.000006687714
     -0.000001507209      0.000002086758     -0.000004215369
     -0.000001048103     -0.000006119471      0.000010498276
     -0.000001077782     -0.000002250166      0.000005152217
     -0.000000004980      0.000000373944     -0.000001027569
     -0.000000380355      0.000000520600     -0.000001703257
     -0.000027771130      0.000002193462     -0.000015778427
      0.000013020739     -0.000001549458      0.000001412198
     -0.000006364141      0.000013421575     -0.000022068933
      0.000000257794      0.000000665695     -0.000001986715
     -0.000000051207      0.000000157347     -0.000000552995
      0.000000766351     -0.000000606667      0.000002046099
     -0.000024246543      0.000019601178     -0.000033828010
      0.000039959267      0.000011085022      0.000004362258
     -0.000001846380     -0.000019631066      0.000026684892
     -0.000000727106     -0.000000928887      0.000002662201
      0.000000047960      0.000000176801     -0.000000599969
     -0.000000175665      0.000000312974     -0.000001212916
      0.000031412108     -0.000051011334      0.000056185749
      0.000000226860      0.000000360723     -0.000001308610
     -0.000000063374      0.000000271687     -0.000001078515
      0.000000382185     -0.000000331216      0.000001306789
      0.000000109249      0.000000294452     -0.000001132757
     -0.000000449073     -0.000000422457      0.000001503921
      0.000000103956     -0.000000218068      0.000000944927
     -0.000000135780     -0.000000265919      0.000001001304
     -0.000000541148     -0.000000334666      0.000000547505
     -0.000001043457     -0.000000447360      0.000001885737
     -0.000000618812     -0.000000542532      0.000000535729
     -0.000001202802     -0.000000634327      0.000000805520
     -0.000000326015     -0.000000108787      0.000001155033
      0.000001091488      0.000000218241     -0.000002201685
     -0.000001704172     -0.000001585410      0.000003034635
     -0.000001776688     -0.000001799189      0.000000496639
     -0.000000439884     -0.000000273287      0.000000113362
      0.000001317984      0.000000489018     -0.000001160793
     -0.000000190221      0.000000380528      0.000003489922
     -0.000000405870     -0.000000274787      0.000001531412
      0.000002796439      0.000003081642     -0.000005150658
      0.000002489256      0.000003142597     -0.000000476430
     -0.000000562136     -0.000000476785      0.000000011176
     -0.000000996657     -0.000000516800      0.000000150012
      0.000000770053      0.000001145421      0.000005012403
      0.000000138447     -0.000000593677     -0.000003209584
     -0.000000204958      0.000000321856      0.000006763513
     -0.000001184495     -0.000001139876     -0.000000480830
     -0.000000353247     -0.000000206050     -0.000000050889
      0.000001211337      0.000000492386     -0.000000409767
      0.000001233078      0.000001544038      0.000007183291
     -0.000001237772     -0.000001632935     -0.000004529194
      0.000000375042     -0.000001328916     -0.000010560648
      0.000001528522      0.000001973887      0.000001198170
     -0.000000386018     -0.000000303665     -0.000000177718
     -0.000000824193     -0.000000403821     -0.000000131033
     -0.000002914657     -0.000003563331     -0.000009226113
     -0.000000849194     -0.000000730853     -0.000000729179
     -0.000000768989     -0.000000405293     -0.000000317207
      0.000000854975      0.000000338336     -0.000000022667
     -0.000000771608     -0.000000533440     -0.000000592684
      0.000000834804      0.000000987652      0.000001187007
      0.000000719880      0.000000322304      0.000000253275
      0.000000682065      0.000000506710      0.000000722275
     -0.000001924627      0.000000285120     -0.000000604498
     -0.000005164211      0.000000535180     -0.000000328613
     -0.000002347598      0.000000636852     -0.000001387633
     -0.000003190940      0.000000393207     -0.000000978020
     -0.000003194547      0.000000357891     -0.000000120752
      0.000004977307     -0.000000354596     -0.000000576877
     -0.000011426207      0.000003490502     -0.000006771791
     -0.000004705909      0.000001724820     -0.000004239262
     -0.000000937694      0.000000156645     -0.000000483812
      0.000003442578     -0.000000228158      0.000000437028
     -0.000007617962      0.000000613928      0.000002086988
     -0.000005235985      0.000000936462     -0.000001529897
      0.000020809939     -0.000008294287      0.000019497020
      0.000007076925     -0.000004133698      0.000008536141
     -0.000001178880      0.000000322607     -0.000000975234
     -0.000001820323      0.000000238787     -0.000000876512
     -0.000011462185      0.000001233303      0.000004179244
      0.000005549740     -0.000000417046     -0.000002955320
     -0.000026627861      0.000003992801     -0.000006193257
     -0.000002101867      0.000000632344     -0.000002409575
     -0.000000574431      0.000000078533     -0.000000398404
      0.000002148925     -0.000000195818      0.000000628541
     -0.000023107489      0.000002429146      0.000002009773
      0.000008312165     -0.000001308388     -0.000006079274
      0.000051115840     -0.000009872686      0.000022441513
      0.000002671696     -0.000001164576      0.000004196213
     -0.000000600296      0.000000124212     -0.000000646519
     -0.000001225149      0.000000104185     -0.000000783556
      0.000031743911     -0.000003663588     -0.000005130844
     -0.000001158920      0.000000219640     -0.000001784610
     -0.000001047853      0.000000079585     -0.000000951919
      0.000001299635     -0.000000073464      0.000000565785
     -0.000000973562      0.000000104435     -0.000001368539
      0.000001082003     -0.000000255436      0.000002559565
      0.000000918329     -0.000000045397      0.000000772490
      0.000000749199     -0.000000059324      0.000001418652
     -0.000001270105     -0.000000018948      0.000000646472
     -0.000003092247     -0.000000375533      0.000003152171
     -0.000001469216      0.000000008260      0.000000395979
     -0.000002420043      0.000000161194      0.000000796388
     -0.000001487138     -0.000000557901      0.000002281710
      0.000003245276      0.000000238335     -0.000003768400
     -0.000005880522     -0.000000785344      0.000002390311
     -0.000003427960      0.000000547602     -0.000000329613
     -0.000000740770      0.000000097715      0.000000028996
      0.000002702696     -0.000000111574     -0.000001332718
     -0.000002337608     -0.000002299827      0.000009495125
     -0.000002241415     -0.000000923802      0.000002218165
      0.000010065573      0.000000673005     -0.000001395030
      0.000005013943     -0.000001249336      0.000001603432
     -0.000000937217      0.000000187171     -0.000000166426
     -0.000001530925      0.000000221905     -0.000000060074
     -0.000000397286     -0.000006067869      0.000016171193
      0.000001862162      0.000001179470     -0.000009378585
     -0.000008359039     -0.000007382567      0.000011033380
     -0.000001776210      0.000000556305     -0.000000856335
     -0.000000490949      0.000000100892     -0.000000135050
      0.000001867995     -0.000000185947     -0.000000195613
     -0.000003255878     -0.000012015370      0.000018956981
     -0.000003203784      0.000005466473     -0.000018110865
      0.000015568710      0.000009774809     -0.000009960439
      0.000002420677     -0.000001054775      0.000001787544
     -0.000000521995      0.000000157463     -0.000000266634
     -0.000001082890      0.000000200595     -0.000000313260
      0.000001698106      0.000023098181     -0.000024604116
     -0.000001085743      0.000000438267     -0.000000882024
     -0.000000937302      0.000000227294     -0.000000472838
      0.000001164288     -0.000000151275      0.000000169832
     -0.000000932113      0.000000333233     -0.000000724277
      0.000001129498     -0.000000618738      0.000001259254
      0.000000818818     -0.000000180367      0.000000424789
      0.000000755268     -0.000000329051      0.000000773976
     -0.000002784685     -0.000027645804     -0.000013696535
     -0.000000914370     -0.000044822513     -0.000023861921
     -0.000011419079     -0.000070801772     -0.000030558240
     -0.000001054909     -0.000041015850     -0.000018830182
     -0.000001659889     -0.000027506006     -0.000011897582
     -0.000001067435      0.000023004208      0.000018075971
     -0.000068904070     -0.000329750101     -0.000124406856
     -0.000076436671     -0.000265931284     -0.000126057281
     -0.000001262881     -0.000023576599     -0.000007574688
     -0.000006566530      0.000023468511      0.000010207065
     -0.000006368385     -0.000034357768     -0.000017708458
     -0.000009833820     -0.000072888144     -0.000023904729
      0.000364527205      0.000767838170      0.000369514404
      0.000289975430      0.000564137601      0.000312541357
     -0.000014582755     -0.000069690859     -0.000028116625
     -0.000000019322     -0.000044140775     -0.000003301803
     -0.000009983247     -0.000036715095     -0.000013325744
      0.000000463495      0.000016682457      0.000014166448
     -0.000047228680     -0.000214633702     -0.000027750210
     -0.000074572089     -0.000287359834     -0.000105242497
     -0.000003437480     -0.000032036673     -0.000000838268
     -0.000007780889      0.000027142286     -0.000005791358
     -0.000020396525     -0.000081753938     -0.000007551899
      0.000008163923      0.000017514776      0.000009044770
      0.000134022502      0.000430828030     -0.000043525309
      0.000342607952      0.000633353448      0.000309207506
     -0.000017492777     -0.000087145571     -0.000019263225
     -0.000016186439     -0.000062452721      0.000009014480
      0.000015077476      0.000063898293     -0.000001215842
     -0.000140955084     -0.000407040931     -0.000064649015
     -0.000047666874     -0.000119818015     -0.000001686621
      0.000009853707      0.000033513749     -0.000012324869
     -0.000140548054     -0.000298607890     -0.000046500381
      0.000426572089      0.000694112434      0.000182118964
      0.000046323438      0.000083377452      0.000007649191
      0.000240013190      0.000398564784      0.000133086741
     -0.000001556730      0.000000072119      0.000001548854
     -0.000003089131      0.000000098036      0.000002476986
     -0.000000992229      0.000000022343      0.000001703959
     -0.000006336269      0.000000530684      0.000004655605
     -0.000000866403      0.000000003563      0.000000855763
      0.000004595065     -0.000000274024     -0.000002414116
     -0.000001702953     -0.000000023162      0.000003486043
     -0.000002916775      0.000000342216      0.000007094786
     -0.000003203218      0.000000370722      0.000002899468
      0.000009211054     -0.000000999183     -0.000003954988
     -0.000002043956      0.000000000209      0.000001632081
     -0.000000636811     -0.000000017014      0.000000973097
      0.000001404626      0.000000097614     -0.000004715708
      0.000001890763     -0.000000415594     -0.000009190582
     -0.000002224282      0.000000387809      0.000004114254
     -0.000016690421      0.000002288765      0.000008392703
     -0.000001660267     -0.000000000654      0.000001544206
      0.000002521732     -0.000000062027     -0.000001421091
     -0.000001286136     -0.000000026509      0.000002218912
     -0.000005473574      0.000002537379      0.000016473445
     -0.000010377667      0.000002212762      0.000008170206
      0.000022467530     -0.000003571333     -0.000000661182
     -0.000001334366     -0.000000016121      0.000001779945
      0.000001561811     -0.000000032370     -0.000001220526
      0.000001082377     -0.000000016384     -0.000002546150
      0.000001620602     -0.000002922573     -0.000020197780
     -0.000004944751      0.000002606642      0.000011404491
     -0.000062052789      0.000011882567      0.000024718317
      0.000001117702     -0.000000000246     -0.000001594658
     -0.000005807718      0.000017489745      0.000048336547
     -0.000076131666      0.000057238545      0.000080115868
      0.000078318270      0.000010765262      0.000026551213
     -0.000015642679      0.000050636701      0.000079938968
     -0.000006663799     -0.000014427155     -0.000043755352
      0.000136590582     -0.000111954033     -0.000093547283
     -0.000007455794     -0.000069205733     -0.000081287011
      0.000001212610      0.000000141888      0.000001143932
      0.000002198048      0.000000510634      0.000003083235
      0.000001087855     -0.000000078063      0.000000632897
      0.000003830082      0.000000918812      0.000003599090
      0.000000689973      0.000000083028      0.000000965894
     -0.000002496667     -0.000001315331     -0.000005101226
      0.000002357051     -0.000000273586      0.000001399176
      0.000003546588     -0.000000552186      0.000001155080
      0.000001725951      0.000000174416      0.000001039970
     -0.000004568706     -0.000002367340     -0.000006010585
      0.000001219137      0.000000316230      0.000002551710
      0.000000721765     -0.000000032488      0.000000659294
     -0.000002962142      0.000000550682     -0.000001138218
     -0.000004213163      0.000001121199     -0.000000465939
      0.000001769282     -0.000000201547      0.000000576903
      0.000005846978      0.000001187061      0.000003431458
      0.000001103157      0.000000144348      0.000002175535
     -0.000000989147     -0.000000620631     -0.000003298491
      0.000001613193     -0.000000133484      0.000001505110
      0.000004790640     -0.000001270748      0.000000398458
      0.000002676193      0.000000067543      0.000000910462
     -0.000007745598     -0.000003506771     -0.000006264277
      0.000001302814     -0.000000024168      0.000001747797
     -0.000000801615     -0.000000189100     -0.000002103297
     -0.000001886084      0.000000284489     -0.000001267824
     -0.000005476064      0.000002387563      0.000000825814
      0.000002389365     -0.000000573018      0.000000223590
      0.000008887164      0.000001245471      0.000003282124
     -0.000001164773      0.000000061182     -0.000001513425
      0.000006649665     -0.000003004063     -0.000000688913
      0.000010052764     -0.000000642705      0.000002018798
     -0.000009981748     -0.000004402177     -0.000005635148
      0.000008705525     -0.000003519721     -0.000000278523
     -0.000005926958      0.000004265785      0.000002220622
     -0.000011151101     -0.000000723657     -0.000002975535
     -0.000007887105      0.000004903824      0.000001194366
     -0.000057329490     -0.000076605611     -0.000028282261
     -0.000190147619     -0.000081321955     -0.000030226684
      0.000021234544     -0.000090040106     -0.000005013182
     -0.000172918375     -0.000092682428     -0.000093494334
     -0.000071764594     -0.000050077128     -0.000007249179
      0.000191757489     -0.000041120575     -0.000000110305
      0.000113659826     -0.000197135279      0.000046981775
      0.000131750788     -0.000189522683     -0.000009973955
     -0.000046661080     -0.000052794873     -0.000036861112
      0.000192027579     -0.000025858059      0.000058201105
     -0.000203781489      0.000003032576     -0.000013192793
     -0.000000262240     -0.000079004143      0.000008148482
     -0.000166884518      0.000102614569     -0.000091982080
     -0.000202115333      0.000101766410     -0.000048681713
      0.000020174244     -0.000087452899     -0.000020934387
     -0.000138949655     -0.000065783834     -0.000088467471
     -0.000190940493     -0.000048839604     -0.000007439499
      0.000154822315     -0.000117667441     -0.000003751160
      0.000041504047     -0.000156029193      0.000063369740
      0.000133774693     -0.000170488243     -0.000031716022
     -0.000036493648     -0.000051838402     -0.000041806217
      0.000163250161     -0.000034831982      0.000070661645
     -0.000060570880     -0.000141681814      0.000071137704
      0.000144925830     -0.000041810112      0.000053640094
     -0.000075993223      0.000078761372     -0.000088842141
     -0.000196900824      0.000084645667     -0.000007836124
      0.000030962090     -0.000075154942     -0.000031321689
     -0.000117812293     -0.000050853401     -0.000104044203
      0.000038430854      0.000061856480     -0.000061860343
      0.000132882038     -0.000096256880     -0.000077716811
     -0.000061971510     -0.000060308592     -0.000112916166
      0.000125457818     -0.000037452562      0.000049251767
      0.000061444718     -0.000065070340     -0.000115877386
     -0.000137814914      0.000025466092      0.000041786121
      0.000073255383      0.000028232506      0.000063978868
     -0.000049421155      0.000016862218      0.000074208615
      0.000001170054     -0.000000401268      0.000000358990
      0.000002200497     -0.000000974501      0.000001720179
      0.000000917672     -0.000000170313      0.000000065255
      0.000004374116     -0.000001892782      0.000000675205
      0.000000626688     -0.000000249302      0.000000583199
     -0.000002904777      0.000001727424     -0.000003466603
      0.000001887873     -0.000000309571      0.000000464278
      0.000002878222     -0.000000233826     -0.000000940157
      0.000001849226     -0.000000728531     -0.000000536318
     -0.000006568597      0.000003596537     -0.000003076948
      0.000001138336     -0.000000630482      0.000001820368
      0.000000597315     -0.000000155801      0.000000362726
     -0.000002318015      0.000000182471     -0.000000235492
     -0.000003224015     -0.000000132429      0.000001423288
      0.000001477690     -0.000000253079     -0.000000890013
      0.000007760109     -0.000004134831     -0.000003307747
      0.000000938426     -0.000000503425      0.000001596638
     -0.000001050874      0.000000858009     -0.000002567576
      0.000001306646     -0.000000338955      0.000000961327
      0.000003369770     -0.000000225772     -0.000004351113
      0.000002811373     -0.000001642299     -0.000003487067
     -0.000014129389      0.000008203700     -0.000000010741
      0.000001065312     -0.000000398056      0.000001231625
     -0.000000681984      0.000000484316     -0.000001655114
     -0.000001459947      0.000000270860     -0.000000808932
     -0.000003301307     -0.000000508968      0.000005429256
      0.000001511719     -0.000000412778     -0.000003284453
      0.000011591535     -0.000010613702     -0.000018201013
     -0.000000937618      0.000000345099     -0.000001110115
      0.000001404739     -0.000000289403     -0.000012771328
      0.000003448651     -0.000011272754     -0.000030913561
     -0.000026409807      0.000020807499      0.000018419251
     -0.000001545682     -0.000002620751     -0.000023168305
     -0.000000476061     -0.000000864851      0.000011327699
     -0.000002264667      0.000024176260      0.000045657606
      0.000007037145      0.000001707515      0.000025281052
      0.000006508811      0.000001479231      0.000001801064
      0.000014940233      0.000001017496      0.000002739122
      0.000005349258      0.000003973085      0.000001723670
      0.000016134264     -0.000000429516      0.000005041770
      0.000005620350      0.000001507309      0.000000361912
     -0.000017548207      0.000005058239     -0.000003542348
      0.000011997446      0.000012549833      0.000002078483
      0.000012856082      0.000014134400      0.000006736922
      0.000006133721      0.000000847550      0.000002325733
     -0.000017806094      0.000006955486     -0.000004720106
      0.000012925064      0.000001086903     -0.000000153926
      0.000004901678      0.000003529842      0.000000042924
     -0.000011332565     -0.000020710828     -0.000001921437
     -0.000010255625     -0.000023497355     -0.000008120821
      0.000005803393      0.000004105054      0.000003050474
      0.000016951546     -0.000001753140      0.000005287967
      0.000012245958      0.000002898025     -0.000002012756
     -0.000013024425      0.000002739004     -0.000000700460
      0.000010988351      0.000010373315     -0.000002290093
      0.000011353607      0.000012984303      0.000007848075
      0.000006865108      0.000000892006      0.000002399632
     -0.000019156720      0.000008703235     -0.000004025074
      0.000011608690      0.000007265165     -0.000003457449
     -0.000010932712     -0.000000783468      0.000002203773
     -0.000008635897     -0.000012851987      0.000002676149
     -0.000008160969     -0.000022347207     -0.000009974974
      0.000005523347      0.000004145922      0.000003043101
      0.000020210897     -0.000000968358      0.000004851162
     -0.000009737973     -0.000007287153      0.000004723570
      0.000011712766      0.000015455959      0.000008237844
      0.000020320678      0.000005517214      0.000006917889
     -0.000020546219      0.000008031258     -0.000001900048
      0.000015339322      0.000013530519      0.000008650675
     -0.000005823127     -0.000020622241     -0.000008160524
     -0.000021251757     -0.000003352226     -0.000006341595
     -0.000012127380     -0.000016985705     -0.000009486478
      0.000000487488     -0.000000229123      0.000000793266
      0.000000757706     -0.000000664494      0.000001804803
      0.000000458542     -0.000000162984      0.000000538582
      0.000001793374     -0.000000488963      0.000002838543
      0.000000211882     -0.000000252962      0.000000560186
     -0.000000793633      0.000001003562     -0.000002767374
      0.000000905850     -0.000000458292      0.000001153710
      0.000001775129     -0.000000317913      0.000001553490
      0.000000978234     -0.000000068952      0.000001123836
     -0.000002122573      0.000000630623     -0.000004414926
      0.000000282945     -0.000000723159      0.000001416027
      0.000000247292     -0.000000203822      0.000000440149
     -0.000001228773      0.000000512713     -0.000001268586
     -0.000002281803      0.000000342272     -0.000001622067
      0.000001010987     -0.000000067816      0.000000847334
      0.000004203453      0.000000395545      0.000004876228
      0.000000250172     -0.000000663078      0.000001206248
     -0.000000129620      0.000000929593     -0.000001815737
      0.000000541846     -0.000000521175      0.000001004989
      0.000003320026      0.000000144975      0.000001986096
      0.000002515555      0.000000368831      0.000002067566
     -0.000005153512     -0.000000942014     -0.000008492300
      0.000000375317     -0.000000576148      0.000001037298
     -0.000000102054      0.000000654395     -0.000001145484
     -0.000000659647      0.000000518758     -0.000000972430
     -0.000003876887     -0.000000330959     -0.000001712551
      0.000002080964      0.000000262993      0.000001188499
      0.000012655858      0.000002956983      0.000009842740
     -0.000000315520      0.000000541371     -0.000000924469
      0.000006913502      0.000001453583      0.000002460603
      0.000017573441      0.000004474077      0.000008014785
     -0.000017814862     -0.000005951511     -0.000019583509
      0.000011810289      0.000003400329      0.000003458137
     -0.000006211275     -0.000001488340     -0.000001505697
     -0.000028727352     -0.000008082815     -0.000010622585
     -0.000012488304     -0.000004201619     -0.000002045422
      0.000043255946     -0.000109090298     -0.000019427175
      0.000168383292     -0.000225444357     -0.000035100358
     -0.000029622537     -0.000085945803     -0.000042770972
      0.000184766145     -0.000246095791      0.000013963129
      0.000051973994     -0.000103189833     -0.000032639444
     -0.000353065789      0.000197239871     -0.000032417447
     -0.000129086000     -0.000151074416     -0.000128565347
     -0.000138192579     -0.000174319955     -0.000097726169
      0.000034127697     -0.000096609553     -0.000000531049
     -0.000379269536      0.000209100608     -0.000124097752
      0.000257938989     -0.000210666826     -0.000071002850
     -0.000022085147     -0.000084748764     -0.000051992863
      0.000175596901      0.000066671545      0.000125121959
      0.000173876423      0.000096239878      0.000086440088
     -0.000036759986     -0.000097296252     -0.000019905091
      0.000154931138     -0.000219683971      0.000035360679
      0.000231813462     -0.000167577212     -0.000101749592
     -0.000438491342      0.000123436740     -0.000031576607
     -0.000073959882     -0.000141546816     -0.000178217676
     -0.000117120334     -0.000155632159     -0.000009861765
      0.000026481356     -0.000071128520      0.000016292920
     -0.000395685137      0.000199509553     -0.000100915879
      0.000056188972     -0.000147491044     -0.000182571745
     -0.000252186618      0.000100293162     -0.000007347955
      0.000097679092      0.000044633204      0.000140254937
      0.000157216082      0.000099427416      0.000011705291
     -0.000021561258     -0.000063095459      0.000013184448
      0.000115034068     -0.000118147904      0.000018815511
     -0.000026157189      0.000068242451      0.000128746824
     -0.000047440824     -0.000084285445      0.000037720290
      0.000045450646     -0.000085056372      0.000013437914
     -0.000252842538      0.000080795168      0.000004019309
     -0.000007524631     -0.000071712643      0.000029078629
      0.000060974114      0.000053909569     -0.000032493686
     -0.000047625092      0.000059204961      0.000003077509
      0.000010530509      0.000044318079     -0.000022253277
      0.000001341934     -0.000000274570      0.000000248931
      0.000005476188     -0.000002151355      0.000001706801
      0.000000902293      0.000000502436      0.000000390839
      0.000002732551     -0.000001378847     -0.000000653154
      0.000001514177      0.000002239947      0.000002512223
     -0.000008649053      0.000008128499      0.000003197583
      0.000002348170      0.000004685664     -0.000000456979
      0.000001987482      0.000000695300      0.000000972979
      0.000000680735     -0.000000298717     -0.000000113990
     -0.000003505944      0.000002714720      0.000002893815
      0.000009540102      0.000015884420      0.000018898544
      0.000000232224      0.000003978424     -0.000001279787
     -0.000003812597     -0.000006470193      0.000002202077
     -0.000002406902     -0.000001787706     -0.000001463516
      0.000000657056     -0.000000089585      0.000000152249
      0.000001377064     -0.000000830659     -0.000000761748
     -0.000028466083      0.000076776613     -0.000035460135
     -0.000022281126      0.000017917728     -0.000013109729
      0.000000898863      0.000016878676     -0.000030207857
      0.000001192235     -0.000000210390      0.000000286051
      0.000000396882     -0.000000231872     -0.000000185872
     -0.000001650066      0.000001225422      0.000001857865
     -0.000018312642      0.000019250771     -0.000090239482
      0.000083716919     -0.000082055919      0.000047369830
     -0.000012865256     -0.000010376474      0.000031994790
     -0.000001477159     -0.000000074299     -0.000000700897
      0.000000387071     -0.000000160181     -0.000000018277
      0.000000807895     -0.000000574849     -0.000000731110
      0.000002484182      0.000076705832      0.000164693947
      0.000000809668     -0.000000351755     -0.000000019958
      0.000000661769     -0.000000464679     -0.000000531817
     -0.000000796218      0.000000666847      0.000001214086
      0.000000702325     -0.000000406308     -0.000000238012
     -0.000000848335      0.000000286547     -0.000000178313
     -0.000000528258      0.000000426324      0.000000645586
     -0.000000605307      0.000000353764      0.000000174213
     -0.000000289969     -0.000000326670     -0.000000665740
     -0.000001701947     -0.000001113602     -0.000001798705
     -0.000000073765     -0.000000322162     -0.000000638632
     -0.000000467408     -0.000000524956     -0.000001240417
     -0.000000939886     -0.000000699677     -0.000000885982
      0.000003054940      0.000001227956      0.000001740273
     -0.000000305981     -0.000001418754     -0.000002067724
      0.000000191925     -0.000000522843     -0.000001358722
     -0.000000027446     -0.000000121005     -0.000000348659
      0.000000883766      0.000000725957      0.000001403511
     -0.000004547888     -0.000001761607     -0.000001725186
     -0.000000485854     -0.000000812348     -0.000000959144
     -0.000000203765      0.000001692223      0.000002372308
     -0.000000595503      0.000000659003      0.000001716286
      0.000000060146     -0.000000117946     -0.000000393804
     -0.000000013782     -0.000000263388     -0.000000700574
     -0.000005445831     -0.000002270060     -0.000001830602
      0.000005880372      0.000000785487      0.000000358871
     -0.000001593305     -0.000003022662     -0.000002732833
      0.000000251473     -0.000000159746     -0.000000685975
      0.000000047025     -0.000000068542     -0.000000209999
      0.000000171873      0.000000457604      0.000000925839
     -0.000003467444     -0.000003236798     -0.000002541918
      0.000007012068      0.000000928225      0.000000657105
      0.000000686821      0.000003151711      0.000002759736
     -0.000000468793      0.000000160482      0.000000838159
      0.000000088600     -0.000000045677     -0.000000205035
      0.000000119271     -0.000000197893     -0.000000463607
      0.000003296703      0.000003513851      0.000002494929
      0.000000285156     -0.000000065322     -0.000000396040
      0.000000185933     -0.000000148519     -0.000000372896
     -0.000000051777      0.000000298856      0.000000547655
      0.000000247498     -0.000000087783     -0.000000328736
     -0.000000371370      0.000000036454      0.000000412233
     -0.000000162482      0.000000165535      0.000000338637
     -0.000000249174      0.000000066311      0.000000249837
     -0.000001064995      0.000000800298      0.000000623436
     -0.000002492872      0.000001483021      0.000001153891
     -0.000000678760      0.000000728770      0.000000714442
     -0.000003717577      0.000002605586      0.000001432839
     -0.000000735466      0.000000461034      0.000000471646
      0.000003885247     -0.000001809839     -0.000000823415
     -0.000001331614      0.000001493415      0.000001752032
     -0.000001741772      0.000002603463      0.000002391526
     -0.000001361030      0.000001257676      0.000000691793
      0.000005700778     -0.000002934152     -0.000000671368
     -0.000001850896      0.000000946902      0.000000917316
     -0.000000539216      0.000000453024      0.000000560697
      0.000001248783     -0.000001970870     -0.000002473991
      0.000001427140     -0.000003127952     -0.000003210262
     -0.000000965211      0.000001347453      0.000000979930
     -0.000005220075      0.000004232914      0.000001314999
     -0.000001522984      0.000000819639      0.000000987801
      0.000002367075     -0.000001002819     -0.000000681656
     -0.000001152896      0.000000985753      0.000001384535
     -0.000002064765      0.000004126144      0.000002739047
     -0.000001984240      0.000002134669      0.000000669402
      0.000008341340     -0.000004586812      0.000000177437
     -0.000001221292      0.000000830032      0.000001192259
      0.000001479859     -0.000000687974     -0.000000796377
      0.000000995573     -0.000001103391     -0.000001642900
      0.000001429048     -0.000004909563     -0.000003758099
     -0.000001201479      0.000002143284      0.000001064292
     -0.000007883627      0.000006732837      0.000000407028
      0.000001049312     -0.000000715085     -0.000001146723
     -0.000002479299      0.000006655501      0.000003047279
     -0.000007580886      0.000008574710      0.000000991030
      0.000011145966     -0.000005808808      0.000002133711
     -0.000004240323      0.000008591227      0.000002603796
      0.000001023274     -0.000006769171     -0.000003694956
      0.000010050951     -0.000008610071      0.000000651445
      0.000003137307     -0.000008652632     -0.000002642526
      0.000020682817      0.000001768129      0.000006376163
      0.000039877678      0.000008018404      0.000017288040
      0.000032467381     -0.000011681774      0.000007744166
      0.000041613455      0.000007990216      0.000007030199
      0.000024367780     -0.000001398411      0.000009514935
     -0.000031717196     -0.000015263958     -0.000014254741
      0.000120329450     -0.000082265671      0.000047160881
      0.000108664622     -0.000076650629     -0.000001440585
      0.000020545776     -0.000001660434      0.000000452998
     -0.000034962907     -0.000016935632     -0.000006205601
      0.000048575669      0.000003430785      0.000012629155
      0.000047840605     -0.000022602750      0.000018757905
     -0.000163588000      0.000274824228     -0.000065472119
     -0.000169744447      0.000264509122      0.000053875025
      0.000035100451     -0.000018836096     -0.000003035578
      0.000049459081     -0.000003788176     -0.000000912436
      0.000068649134      0.000003807461     -0.000001128770
     -0.000029802175     -0.000009879917     -0.000010465233
      0.000232318032     -0.000169494387      0.000004009185
      0.000105772872     -0.000104933122     -0.000034579089
      0.000027070660     -0.000010364664     -0.000000701739
     -0.000044800843     -0.000009320194     -0.000000627756
      0.000161056996     -0.000029782617     -0.000040950665
     -0.000039468366     -0.000011763020      0.000001245886
     -0.000375204051      0.000609695041      0.000051152305
     -0.000117515277      0.000279329211      0.000112926094
      0.000045527729     -0.000036503141     -0.000008924808
      0.000060440633     -0.000024617457      0.000008151587
     -0.000145779787     -0.000012603789      0.000101136470
      0.000163416882     -0.000220504507     -0.000026982793
      0.000075826956     -0.000050474879      0.000031826751
     -0.000043518895      0.000009835114     -0.000006185147
      0.000128932660     -0.000159745184      0.000061045782
     -0.000203381722      0.000522538474      0.000185241086
     -0.000052052075      0.000025766291     -0.000034041108
     -0.000117020803      0.000214773209     -0.000154116065
      0.000001067576     -0.000000399458     -0.000002269035
      0.000002343343     -0.000000563170     -0.000009323304
      0.000001419400     -0.000000912271     -0.000001449415
      0.000001310868     -0.000000173610     -0.000004147177
      0.000002290454     -0.000001454486     -0.000005868634
      0.000000684767     -0.000001424521      0.000012029721
      0.000006439032     -0.000005639097     -0.000004100292
      0.000002875467     -0.000001921665     -0.000002264375
      0.000000478094     -0.000000138509     -0.000000982327
     -0.000000499139     -0.000000552740      0.000005736717
     -0.000000406283     -0.000003802409     -0.000029479317
      0.000003937132     -0.000003686990     -0.000003408599
     -0.000008368630      0.000009788088      0.000001062903
     -0.000003947537      0.000003337133      0.000001462597
      0.000000729110     -0.000000377008     -0.000000818670
      0.000000773046     -0.000000102281     -0.000002086295
      0.000019961590     -0.000039975197     -0.000075825281
      0.000018999500      0.000000222941      0.000025326618
      0.000017014040     -0.000026319903     -0.000006340355
      0.000001410803     -0.000000781629     -0.000001300007
      0.000000283829     -0.000000075144     -0.000000575184
     -0.000000529856     -0.000000228469      0.000003037390
      0.000022050814     -0.000073788142     -0.000022912085
      0.000059689098      0.000012497698      0.000259641917
     -0.000015026192      0.000032049181     -0.000005856817
     -0.000001993578      0.000001371203      0.000001071147
      0.000000386240     -0.000000173196     -0.000000475897
      0.000000502410     -0.000000071772     -0.000001338537
      0.000008240271      0.000145990197      0.000050724231
      0.000000877008     -0.000000435603     -0.000000889098
      0.000000518688     -0.000000132778     -0.000001073457
     -0.000000309440     -0.000000083490      0.000001613492
      0.000000683807     -0.000000280436     -0.000000898176
     -0.000001066766      0.000000637831      0.000000725994
     -0.000000378547      0.000000062014      0.000000987560
     -0.000000616746      0.000000273242      0.000000728984
      0.000000054458      0.000008546074      0.000000898035
     -0.000002754442      0.000027145859      0.000005919871
      0.000000852512      0.000004749582      0.000000728575
     -0.000002447813      0.000026007865     -0.000001936186
     -0.000000542310      0.000008358489      0.000003392323
      0.000016288704     -0.000054394907     -0.000007535922
      0.000002470885      0.000010716525      0.000003647319
      0.000002406107      0.000010188947     -0.000000031759
      0.000000009827      0.000006368243     -0.000001412543
      0.000015085621     -0.000051563840      0.000006203313
     -0.000006814831      0.000026027385      0.000013553502
      0.000000628343      0.000004882042      0.000002443597
     -0.000003281416     -0.000010313253     -0.000003773081
     -0.000003196320     -0.000009893697     -0.000000223119
      0.000000650831      0.000004314776     -0.000000851254
     -0.000002116352      0.000017444693     -0.000007923130
     -0.000005435974      0.000017633662      0.000013615516
      0.000023112112     -0.000043306339     -0.000018368197
      0.000001267339      0.000009752085      0.000007237758
      0.000001237108      0.000007380647     -0.000002758259
     -0.000000597978      0.000003786870     -0.000002634856
      0.000013927024     -0.000033209942      0.000017670565
     -0.000000432475      0.000011011914      0.000010310281
      0.000010577406     -0.000018122668     -0.000016053789
     -0.000001602859     -0.000007661965     -0.000006108395
     -0.000001825670     -0.000007289574      0.000002639417
      0.000000132265      0.000002670076     -0.000001683961
     -0.000004034674      0.000007770394     -0.000008444340
      0.000000591582     -0.000007322407     -0.000009314221
      0.000000074307      0.000004465270     -0.000003932644
     -0.000002835800      0.000004089305     -0.000006225567
      0.000010448947     -0.000010504151      0.000012718209
     -0.000001137307      0.000003515593     -0.000004598839
     -0.000000344706     -0.000004076082      0.000003382219
      0.000004098001     -0.000002437607      0.000005699458
      0.000001110869     -0.000002359135      0.000003706030
     -0.000000735527     -0.000000451900      0.000000583392
     -0.000001524505     -0.000000817535      0.000001010137
     -0.000000516548     -0.000000414896      0.000000693988
     -0.000002561940     -0.000001528380      0.000001473334
     -0.000000475286     -0.000000266800      0.000000398073
      0.000002191359      0.000001028645     -0.000000950681
     -0.000001007607     -0.000000867004      0.000001647171
     -0.000001453699     -0.000001560677      0.000002738376
     -0.000001094946     -0.000000800941      0.000000807618
      0.000003686116      0.000001920130     -0.000001149657
     -0.000001144544     -0.000000562258      0.000000800280
     -0.000000383414     -0.000000264627      0.000000481740
      0.000000989146      0.000001137919     -0.000002445147
      0.000001095183      0.000001967419     -0.000003933840
     -0.000000859320     -0.000000872123      0.000001274139
     -0.000004283853     -0.000003218380      0.000001624089
     -0.000000988556     -0.000000507240      0.000000835718
      0.000001368955      0.000000591247     -0.000000678136
     -0.000000835911     -0.000000602112      0.000001212795
     -0.000001567060     -0.000003010363      0.000004531204
     -0.000002157603     -0.000002164872      0.000000905317
      0.000005682409      0.000003759826     -0.000000405510
     -0.000000854332     -0.000000523337      0.000001009483
      0.000000959332      0.000000436060     -0.000000689071
      0.000000758082      0.000000665235     -0.000001488572
      0.000000002754      0.000003487826     -0.000005950211
     -0.000001080709     -0.000001999827      0.000002259243
     -0.000007542571     -0.000011723930     -0.000004762264
      0.000000742848      0.000000463978     -0.000000964152
      0.000004277265     -0.000007061500      0.000009370478
     -0.000013066573     -0.000032638967     -0.000022794797
      0.000005307648      0.000012026586      0.000009096371
     -0.000003764902     -0.000026299583      0.000024724745
     -0.000013315236      0.000004698531     -0.000002283641
     -0.000045088353      0.000072443795      0.000122115933
     -0.000049282523      0.000050888426     -0.000118840184
      0.000001150995     -0.000000417580     -0.000000218858
      0.000002796389     -0.000000878529      0.000000202958
      0.000000767588     -0.000000280676     -0.000000244129
      0.000003861929     -0.000001757195     -0.000001436053
      0.000000831994     -0.000000222305      0.000000158988
     -0.000004484961      0.000001508120     -0.000000817266
      0.000001678296     -0.000000496799     -0.000000299780
      0.000002044248     -0.000000996954     -0.000001208610
      0.000001258832     -0.000000752680     -0.000000852312
     -0.000006827382      0.000003097265      0.000001760539
      0.000001997484     -0.000000519055      0.000000855301
      0.000000645103     -0.000000160998      0.000000035666
     -0.000001908298      0.000000575227      0.000000440139
     -0.000002166684      0.000001077329      0.000001403541
      0.000000960622     -0.000000613162     -0.000000777243
      0.000004313585     -0.000003442862     -0.000003957673
      0.000001619137     -0.000000375420      0.000000868728
     -0.000002489751      0.000000745045     -0.000001482243
      0.000001447529     -0.000000309921      0.000000220396
      0.000001969689     -0.000001867132     -0.000002458255
      0.000001254572     -0.000001620186     -0.000001955013
     -0.000008175645      0.000006332298      0.000006768656
      0.000001427010     -0.000000291349      0.000000550345
     -0.000001436088      0.000000358473     -0.000001101228
     -0.000001436923      0.000000299274     -0.000000050539
     -0.000001981869      0.000001973785      0.000002699803
      0.000000825354     -0.000001185696     -0.000001458466
      0.000003355584     -0.000007685913     -0.000008719446
     -0.000001235695      0.000000234326     -0.000000550426
      0.000001188267     -0.000003612785     -0.000004275365
      0.000001146480     -0.000008683902     -0.000009092844
     -0.000005905560      0.000012780527      0.000013961565
      0.000000567804     -0.000005947289     -0.000006352627
     -0.000000944281      0.000003209246      0.000003839507
      0.000000649835      0.000012897017      0.000012195241
      0.000000497575      0.000005866048      0.000005868879
     -0.000029147235      0.000047704397     -0.000002291108
     -0.000042536850      0.000172807092      0.000001594718
     -0.000023357730      0.000018108082     -0.000005877756
     -0.000070172913      0.000165007544      0.000027164866
     -0.000020307023      0.000051947761     -0.000009568683
     -0.000109470870     -0.000341333169     -0.000085703172
     -0.000050954689      0.000035887750     -0.000024440873
     -0.000062282575      0.000029459812     -0.000008302388
     -0.000034609189      0.000038204919      0.000010294348
     -0.000058869430     -0.000292276822     -0.000107542727
      0.000008806628      0.000192923583     -0.000018560237
     -0.000020713390      0.000021563605     -0.000013368956
      0.000050321764     -0.000024080015      0.000028252443
      0.000060393254     -0.000016493452      0.000012518452
     -0.000030303201      0.000015081931      0.000002137182
     -0.000070229054      0.000123597846      0.000068463240
      0.000010286644      0.000120568062     -0.000039099021
     -0.000173355064     -0.000228911194     -0.000030040327
     -0.000036427140      0.000039147938     -0.000038887245
     -0.000054698572      0.000016071245      0.000010925820
     -0.000020859768      0.000019873330      0.000017826101
     -0.000061024215     -0.000254028378     -0.000178875361
     -0.000017728343      0.000057378068     -0.000041009100
     -0.000069835726     -0.000122379216      0.000010739006
      0.000030385193     -0.000021372672      0.000034950921
      0.000053668773     -0.000006359163     -0.000006328333
     -0.000018407641      0.000007076972      0.000008768271
     -0.000031418607      0.000050496530      0.000042973895
      0.000004762724     -0.000038272424      0.000030600815
     -0.000031399525      0.000004949287      0.000017396554
     -0.000028565278      0.000016573023      0.000028874198
     -0.000001954742     -0.000109349567     -0.000034231119
     -0.000025410251      0.000003740686      0.000020496465
      0.000029572879      0.000000406068     -0.000012609418
      0.000024291679     -0.000015446441     -0.000028122414
      0.000017186072      0.000000315131     -0.000015107576
      0.000011544080     -0.000006303043      0.000001977121
      0.000029707429     -0.000022739508      0.000009381022
      0.000007917463     -0.000002359633      0.000001849605
      0.000030623753     -0.000019665929     -0.000001378704
      0.000009325059     -0.000006582624      0.000005164454
     -0.000040679899      0.000049731493     -0.000009653171
      0.000017905662     -0.000004310049      0.000007720579
      0.000019114248     -0.000002844933      0.000002109749
      0.000009395799     -0.000003967273     -0.000001534140
     -0.000038262749      0.000040014529      0.000008377345
      0.000021522689     -0.000023748692      0.000017590611
      0.000007071935     -0.000002742261      0.000004318194
     -0.000018663834      0.000002250696     -0.000008820950
     -0.000019592754      0.000000695349     -0.000002526337
      0.000008055308     -0.000001530365     -0.000000603265
      0.000024176366     -0.000011115681     -0.000009930161
      0.000015847835     -0.000016056724      0.000019735081
     -0.000021519453      0.000043114446     -0.000019473823
      0.000014134469     -0.000004924632      0.000012534288
      0.000014848192     -0.000000984674     -0.000003016980
      0.000007254060     -0.000001632209     -0.000003811046
     -0.000031086048      0.000025107727      0.000019378164
      0.000013121317     -0.000007389669      0.000016072039
     -0.000011495962      0.000018728312     -0.000021541794
     -0.000012446115      0.000002538907     -0.000011317849
     -0.000015861115     -0.000000689617      0.000002392925
      0.000005681436     -0.000000315748     -0.000002365647
      0.000016569292     -0.000004085544     -0.000014571801
     -0.000008962045      0.000004306233     -0.000015628687
      0.000010805168      0.000001265085     -0.000006302948
      0.000011025415      0.000000027038     -0.000012273168
     -0.000019361318      0.000009948091      0.000023178063
      0.000009495582      0.000001804829     -0.000008624113
     -0.000009781335     -0.000002217439      0.000005277543
     -0.000007917433     -0.000000401497      0.000013378925
     -0.000006762711     -0.000002597828      0.000007489670
     -0.000000585098      0.000000108858     -0.000000381346
     -0.000001192009      0.000000235628     -0.000000827388
     -0.000000575857      0.000000153899     -0.000000206997
     -0.000001543241      0.000000117498     -0.000001503020
     -0.000000454883      0.000000113134     -0.000000202112
      0.000001358543     -0.000000211492      0.000001355753
     -0.000001375514      0.000000443702     -0.000000235006
     -0.000001939211      0.000000555892     -0.000000612705
     -0.000000681206      0.000000027822     -0.000000624740
      0.000001665644      0.000000016014      0.000002376701
     -0.000001078263      0.000000268738     -0.000000483610
     -0.000000467288      0.000000140095     -0.000000094804
      0.000001852829     -0.000000714773      0.000000014220
      0.000002547362     -0.000000949502      0.000000345589
     -0.000000864782      0.000000158809     -0.000000467448
     -0.000001918256     -0.000000362914     -0.000002602026
     -0.000001057582      0.000000283464     -0.000000276075
      0.000001141360     -0.000000263083      0.000000769393
     -0.000001185893      0.000000390088     -0.000000030232
     -0.000002597155      0.000000535108     -0.000001223712
     -0.000000985518     -0.000000206037     -0.000001149400
      0.000001820431      0.000000824540      0.000003930715
     -0.000001087038      0.000000329595     -0.000000073325
      0.000000974641     -0.000000253086      0.000000261128
      0.000001325157     -0.000000499569     -0.000000183629
      0.000003377405     -0.000001163223      0.000000847781
     -0.000001222639      0.000000070383     -0.000000835131
     -0.000002682233     -0.000001718340     -0.000004559407
      0.000001029759     -0.000000321567     -0.000000040990
     -0.000004277969      0.000000493362     -0.000002388818
     -0.000004069005     -0.000002172929     -0.000005260599
      0.000001707649      0.000002806108      0.000005823001
     -0.000005100785     -0.000000551963     -0.000003929993
      0.000004923238     -0.000001569253      0.000001572841
      0.000004074873      0.000004028000      0.000006700518
      0.000006058931      0.000000188338      0.000003875716
      0.000000825903      0.000000245553      0.000000046323
      0.000001816849      0.000000244650      0.000000673041
      0.000000601051      0.000000172194     -0.000000096740
      0.000002764031      0.000001303293     -0.000000051230
      0.000000560773      0.000000003732      0.000000263827
     -0.000002615273     -0.000000267772     -0.000001573400
      0.000001351875      0.000000199650     -0.000000027116
      0.000001670799      0.000000750675     -0.000000886012
      0.000000986091      0.000000692170     -0.000000415749
     -0.000004444545     -0.000002106242     -0.000000985666
      0.000001267736     -0.000000196890      0.000001025737
      0.000000486585      0.000000016518      0.000000129691
     -0.000001576127     -0.000000231615      0.000000225833
     -0.000001809306     -0.000000777583      0.000001280185
      0.000000773429      0.000000545095     -0.000000592730
      0.000003503225      0.000003592631     -0.000002102676
      0.000001074566     -0.000000269372      0.000000979184
     -0.000001449574      0.000000339620     -0.000001543351
      0.000001113747     -0.000000062861      0.000000417297
      0.000001477173      0.000001667438     -0.000002472642
      0.000000947371      0.000001729634     -0.000001627966
     -0.000006906882     -0.000006825024      0.000001620755
      0.000001038363     -0.000000186652      0.000000701352
     -0.000000901702      0.000000377765     -0.000001152084
     -0.000001149582      0.000000050746     -0.000000312314
     -0.000001436174     -0.000001532767      0.000003075386
      0.000000496461      0.000001131805     -0.000001571443
      0.000002565602      0.000008687976     -0.000007376082
     -0.000000910394      0.000000214575     -0.000000702628
     -0.000000083023      0.000003159871     -0.000005541989
     -0.000001631982      0.000009177572     -0.000011380799
     -0.000006162754     -0.000014396633      0.000008383822
     -0.000001998486      0.000005246952     -0.000008886576
      0.000000449764     -0.000002502997      0.000005458774
      0.000005504510     -0.000013930637      0.000016523016
      0.000004060031     -0.000004673636      0.000009511268
      0.000000572736      0.000000303803     -0.000000597900
      0.000001410181      0.000000351346     -0.000002970337
      0.000000694723      0.000000514114     -0.000000334480
      0.000000956006      0.000000416438     -0.000000820536
      0.000001094552     -0.000000083819     -0.000002147915
     -0.000000734195      0.000000140603      0.000003578310
      0.000003243878      0.000002190589     -0.000001762038
      0.000001389331      0.000001203221      0.000000109600
      0.000000310375      0.000000134432     -0.000000092842
     -0.000000845499     -0.000000151488      0.000001184747
      0.000002123630     -0.000003182336     -0.000008807874
      0.000001834409      0.000000407585     -0.000001835112
     -0.000004432865     -0.000004000371      0.000000700848
     -0.000001742900     -0.000001904841     -0.000000882733
      0.000000389017      0.000000248429      0.000000051444
      0.000000629147      0.000000118454     -0.000000184807
      0.000004980414     -0.000008671838     -0.000012911980
      0.000000375520      0.000003330941      0.000007967140
      0.000009749672     -0.000000051300     -0.000007431361
      0.000000753502      0.000000412080      0.000000397359
      0.000000220397      0.000000025890     -0.000000001966
     -0.000000715267      0.000000001713      0.000000451630
      0.000011963442     -0.000007225756     -0.000011997025
     -0.000001917931      0.000012446373      0.000012606460
     -0.000011322033     -0.000002826499      0.000004685687
     -0.000000905921     -0.000000616822     -0.000000907756
      0.000000242763      0.000000064096      0.000000094193
      0.000000487638     -0.000000053190     -0.000000080113
     -0.000017157995      0.000010883733      0.000010838593
      0.000000542876      0.000000064892      0.000000313172
      0.000000460909     -0.000000085438     -0.000000004179
     -0.000000467021      0.000000129819      0.000000236640
      0.000000495805     -0.000000045437      0.000000163606
     -0.000000601180     -0.000000100449     -0.000000570749
     -0.000000397089      0.000000128510      0.000000076374
     -0.000000446368      0.000000079905     -0.000000190226
      0.000001080515     -0.000001051640      0.000001317564
      0.000003955490     -0.000002982486      0.000006195684
      0.000000675526     -0.000001156276      0.000001416453
      0.000002253927     -0.000001762556      0.000001045980
      0.000001470179     -0.000001962063      0.000006167847
     -0.000006281507      0.000003028141     -0.000005257312
      0.000000993097     -0.000005392283      0.000007358750
      0.000001529175     -0.000002348685      0.000002172720
      0.000000578267     -0.000000482609      0.000000208327
     -0.000003046411      0.000002011117     -0.000000343368
      0.000007601952     -0.000002944504      0.000033824077
     -0.000000123878     -0.000003069154      0.000006100784
     -0.000000401229      0.000007582511     -0.000008754529
     -0.000001575225      0.000003165082     -0.000002932237
      0.000000565812     -0.000000604434      0.000000397645
      0.000001218629     -0.000000891094      0.000000007873
     -0.000003275076      0.000003364249      0.000117723899
     -0.000011204750      0.000001270576     -0.000026507781
     -0.000011289557     -0.000017335911      0.000031953874
      0.000001105522     -0.000001128160      0.000000550676
      0.000000364595     -0.000000271826     -0.000000032378
     -0.000001608391      0.000001081851      0.000000394936
     -0.000054643721     -0.000033863508      0.000099029660
     -0.000042241236     -0.000117394006     -0.000190732557
      0.000012384641      0.000021098996     -0.000026506822
     -0.000001383256      0.000001675703     -0.000000966648
      0.000000369836     -0.000000313214      0.000000056674
      0.000000787329     -0.000000551329     -0.000000300370
      0.000138397237      0.000067400902     -0.000104981308
      0.000000814591     -0.000000676353      0.000000056228
      0.000000678119     -0.000000474109     -0.000000287430
     -0.000000851383      0.000000585066      0.000000532645
      0.000000728227     -0.000000540736     -0.000000147705
     -0.000000904411      0.000000817106     -0.000000168314
     -0.000000577750      0.000000395191      0.000000374891
     -0.000000654623      0.000000481197      0.000000154264
      0.000003642013      0.000001080861      0.000000480262
      0.000007309025      0.000004126611      0.000001878710
      0.000003528840     -0.000000709368      0.000000078722
      0.000008761785      0.000003809869      0.000000593074
      0.000003203326      0.000000931521      0.000000733200
     -0.000006952666     -0.000008542669     -0.000002709936
      0.000008761502     -0.000003854985     -0.000000086961
      0.000009703728     -0.000005226477     -0.000001328884
      0.000003746918      0.000000288368     -0.000000061517
     -0.000008512294     -0.000008009661     -0.000000784708
      0.000007153372      0.000003960567      0.000002306140
      0.000003399758     -0.000000688567      0.000000202873
     -0.000009406249      0.000009243605      0.000001844287
     -0.000009336648      0.000010850513      0.000003566594
      0.000004387288     -0.000001650536     -0.000000490455
      0.000010292163      0.000001378563     -0.000000141438
      0.000007632841      0.000002172687      0.000001183291
     -0.000005639107     -0.000006746981     -0.000003208934
      0.000008650837     -0.000003709982     -0.000000939975
      0.000010545307     -0.000008223802     -0.000002148360
      0.000004616650     -0.000000909531      0.000000060013
     -0.000011017377     -0.000004691141      0.000000250172
      0.000008660881     -0.000001221199     -0.000000636935
     -0.000006138569     -0.000003153916     -0.000001388229
     -0.000007970894      0.000006939637      0.000002785504
     -0.000009884107      0.000015070387      0.000004897344
      0.000004676570     -0.000003163964     -0.000000308979
      0.000012381323     -0.000001856537      0.000001260925
     -0.000007623445      0.000001551225      0.000001687214
      0.000010367670     -0.000012651757     -0.000000080953
      0.000012544108     -0.000006092951      0.000002971461
     -0.000012434379     -0.000001923704     -0.000000888151
      0.000010956911     -0.000011382567      0.000002627512
     -0.000007773734      0.000017949516      0.000001845129
     -0.000011720268      0.000004426723     -0.000003996140
     -0.000007786170      0.000012522601     -0.000003379955
     -0.000000118009     -0.000000254639      0.000000811212
      0.000000127149     -0.000000705705      0.000002272162
     -0.000000204410     -0.000000296224      0.000000876492
     -0.000000404374     -0.000000440611      0.000001518406
      0.000000231611     -0.000000404939      0.000001199738
     -0.000000275211      0.000000765617     -0.000002640574
     -0.000000293467     -0.000001258976      0.000003430926
     -0.000000981788     -0.000000670618      0.000001972570
     -0.000000229339     -0.000000127741      0.000000457248
      0.000000376415      0.000000499231     -0.000001801279
      0.000001301272     -0.000001089925      0.000003423975
      0.000000198038     -0.000000569563      0.000001468883
      0.000000858435      0.000002174143     -0.000005521629
      0.000001798875      0.000001043620     -0.000002879914
     -0.000000359156     -0.000000164766      0.000000545514
     -0.000000594894     -0.000000246401      0.000000934047
      0.000002497644     -0.000001677447      0.000004613418
     -0.000001444756      0.000000889556     -0.000003383217
      0.000001605065     -0.000002601156      0.000005325621
     -0.000001041212     -0.000000279846      0.000000986867
     -0.000000270389     -0.000000071865      0.000000278157
      0.000000640105      0.000000300878     -0.000001204277
      0.000003035054     -0.000002728651      0.000005731897
     -0.000003192759      0.000001600694     -0.000004457856
     -0.000001719559      0.000004129351     -0.000007193335
      0.000001716406      0.000000412314     -0.000001338773
     -0.000000354620     -0.000000072079      0.000000278234
     -0.000000663109     -0.000000151294      0.000000587932
     -0.000004798405      0.000003883756     -0.000006845573
     -0.000001014770     -0.000000110553      0.000000489701
     -0.000000744682     -0.000000107211      0.000000430050
      0.000000628686      0.000000172814     -0.000000671078
     -0.000000897078     -0.000000081296      0.000000365518
      0.000001345971      0.000000079352     -0.000000446257
      0.000000675479      0.000000095914     -0.000000364508
      0.000000908072      0.000000037913     -0.000000222364
      0.000012143545      0.000049694581      0.000016545841
     -0.000026456308      0.000176013135      0.000048710805
      0.000019171571      0.000019217919      0.000010686353
     -0.000005279930      0.000166287656      0.000015331865
      0.000004258520      0.000052943882      0.000027842766
      0.000273454296     -0.000260940509      0.000015391657
      0.000046597659      0.000032572338      0.000031913092
      0.000047192622      0.000033189019      0.000012758754
      0.000008272214      0.000040802243     -0.000001296131
      0.000208328937     -0.000242154892      0.000052667617
     -0.000079804816      0.000181201387      0.000078186038
      0.000017425287      0.000019659590      0.000019301848
     -0.000050764354     -0.000017889714     -0.000029363043
     -0.000048272529     -0.000021416748     -0.000011679319
      0.000017547788      0.000019046566      0.000000803494
     -0.000045344548      0.000113497150     -0.000028907520
     -0.000030536496      0.000143376363      0.000084045679
      0.000338478077     -0.000183957808     -0.000017333397
      0.000035244873      0.000030632637      0.000048048805
      0.000029499888      0.000028930358     -0.000006561037
     -0.000006403228      0.000024428286     -0.000006127221
      0.000260802219     -0.000135563323      0.000105316291
      0.000023681675      0.000052611045      0.000065153170
      0.000120754623     -0.000166154747     -0.000057830840
     -0.000030335008     -0.000013546923     -0.000036660922
     -0.000034012124     -0.000019656628      0.000006902420
      0.000005526968      0.000013058979     -0.000004657383
     -0.000050530712      0.000049616650     -0.000001484689
     -0.000011391225     -0.000032825559     -0.000052048454
      0.000008657999      0.000019613981     -0.000010956685
     -0.000016939199      0.000027882438     -0.000004680494
      0.000141191816     -0.000039034015     -0.000026742407
     -0.000000712713      0.000018839764     -0.000009749955
     -0.000012230525     -0.000013740307      0.000010467953
      0.000021271567     -0.000021755225     -0.000000268656
     -0.000000652583     -0.000011980075      0.000008893105
     -0.000000792647     -0.000000188467      0.000000084082
     -0.000001790298     -0.000000529521     -0.000000261330
     -0.000000597929     -0.000000046142      0.000000214407
     -0.000002322795     -0.000000836705      0.000000495384
     -0.000000598436     -0.000000118364     -0.000000105691
      0.000002337358      0.000001073059      0.000000662364
     -0.000001371797     -0.000000039966      0.000000441626
     -0.000001606948      0.000000011615      0.000001113050
     -0.000000803066     -0.000000224971      0.000000434029
      0.000003380608      0.000001876435     -0.000000351466
     -0.000001396489     -0.000000345934     -0.000000561535
     -0.000000515796     -0.000000038838      0.000000043234
      0.000001556042     -0.000000067554     -0.000000865327
      0.000001672049     -0.000000226778     -0.000001724607
     -0.000000707465     -0.000000034582      0.000000574489
     -0.000002361506     -0.000001039602      0.000001869067
     -0.000001238685     -0.000000209597     -0.000000431961
      0.000001545506      0.000000596721      0.000000975269
     -0.000001237141     -0.000000043017      0.000000116441
     -0.000001418272      0.000000184840      0.000002018293
     -0.000000747148     -0.000000219384      0.000001053096
      0.000003471543      0.000002479843     -0.000002698268
     -0.000001187926     -0.000000088965     -0.000000123293
      0.000001087759      0.000000236638      0.000000559794
      0.000001283862     -0.000000026698     -0.000000395996
      0.000001323551     -0.000000536119     -0.000002761599
     -0.000000557698      0.000000059901      0.000001027827
     -0.000001582524     -0.000000978427      0.000004208683
      0.000001071247      0.000000061347      0.000000099747
     -0.000000642626      0.000000692741      0.000003296597
     -0.000000474131      0.000000029309      0.000004892707
      0.000001579022      0.000002323184     -0.000005872232
     -0.000000132339      0.000000911790      0.000004202118
      0.000000137920     -0.000001045473     -0.000003489025
     -0.000000683265      0.000000056304     -0.000005945014
     -0.000000847470     -0.000001473519     -0.000004112346
     -0.000002567440      0.000000839624      0.000000338474
     -0.000009558701      0.000003671726      0.000002493205
     -0.000001843888      0.000000497578     -0.000000354989
     -0.000004940871      0.000001662038      0.000001743337
     -0.000004865180      0.000001765080      0.000000142329
      0.000013964928     -0.000006507953     -0.000008931452
     -0.000005661494      0.000001121887     -0.000002436662
     -0.000003587236      0.000000980237     -0.000000791639
     -0.000001257870      0.000000393443      0.000000358201
      0.000006693316     -0.000002443442     -0.000004690845
     -0.000018623773      0.000010142342      0.000003747119
     -0.000003450963      0.000000751763     -0.000001169768
      0.000005723745     -0.000000734153      0.000003702543
      0.000003863075     -0.000000922332      0.000001629663
     -0.000001218282      0.000000361690     -0.000000010904
     -0.000002740916      0.000000791870      0.000001302228
     -0.000023176954      0.000011003891     -0.000001929665
      0.000022386544     -0.000017994754     -0.000014339837
     -0.000010372898      0.000000860659     -0.000006166125
     -0.000002266107      0.000000650827     -0.000000128490
     -0.000000817120      0.000000223811      0.000000323330
      0.000003666307     -0.000001017804     -0.000002782963
     -0.000016922238      0.000002679285     -0.000007979545
      0.000029764766     -0.000019543908      0.000000104398
      0.000008099691      0.000001059472      0.000007810291
      0.000002678635     -0.000000730487      0.000000677584
     -0.000000780119      0.000000220686      0.000000111116
     -0.000001882219      0.000000459752      0.000001092257
      0.000015875759      0.000000335960      0.000010689049
     -0.000001683605      0.000000454318      0.000000158134
     -0.000001637669      0.000000375372      0.000000800762
      0.000002133435     -0.000000450039     -0.000001740845
     -0.000001581781      0.000000394785      0.000000415546
      0.000001708675     -0.000000460162      0.000000105820
      0.000001470927     -0.000000296173     -0.000000928840
      0.000001371640     -0.000000339499     -0.000000298188
     -0.000000091345      0.000000175569      0.000000484571
     -0.000000005521      0.000000621896      0.000001293553
     -0.000000125195      0.000000174685      0.000000461105
     -0.000000315461      0.000000275772      0.000001033335
      0.000000058661      0.000000361076      0.000000562538
     -0.000000068078     -0.000000772538     -0.000001615986
     -0.000000254520      0.000000794266      0.000001412231
     -0.000000544165      0.000000278162      0.000001126128
     -0.000000165498      0.000000046885      0.000000319611
      0.000000327633     -0.000000376753     -0.000001317446
      0.000000451702      0.000001204338      0.000001493244
      0.000000003343      0.000000401179      0.000000567544
      0.000000552366     -0.000001212044     -0.000001917205
      0.000000872999     -0.000000402136     -0.000001451672
     -0.000000222866      0.000000042343      0.000000356932
     -0.000000479890      0.000000049239      0.000000723394
      0.000000619641      0.000001628617      0.000001507328
     -0.000000622563     -0.000001284978     -0.000001607613
      0.000000098928      0.000001558972      0.000001610634
     -0.000000631367     -0.000000010962      0.000000686733
     -0.000000210352     -0.000000013484      0.000000218176
      0.000000583260     -0.000000099194     -0.000000977598
      0.000000419732      0.000001848198      0.000001559193
     -0.000000793927     -0.000001718381     -0.000001334268
      0.000000150656     -0.000001956242     -0.000001820919
      0.000000936417      0.000000041521     -0.000000855920
     -0.000000241070     -0.000000031536      0.000000209214
     -0.000000582380     -0.000000064049      0.000000495751
     -0.000000436606     -0.000002256759     -0.000001463030
     -0.000000674537     -0.000000163781      0.000000382368
     -0.000000634916     -0.000000127962      0.000000364399
      0.000000605793      0.000000022665     -0.000000603101
     -0.000000674896     -0.000000188579      0.000000289953
      0.000000813568      0.000000220903     -0.000000384634
      0.000000633396      0.000000132548     -0.000000305169
      0.000000660692      0.000000224051     -0.000000170319
     -0.000001056126     -0.000000036838      0.000000313646
     -0.000002024773     -0.000000022550      0.000000472997
     -0.000000933571     -0.000000159309      0.000000505557
     -0.000003522833      0.000000225723      0.000000526938
     -0.000000652928     -0.000000049786      0.000000235154
      0.000002570433     -0.000000168730     -0.000000163476
     -0.000001908262     -0.000000459208      0.000001310287
     -0.000003380983     -0.000000850399      0.000002299740
     -0.000001772312      0.000000102223      0.000000399675
      0.000004243155     -0.000000673542      0.000000194943
     -0.000001441368     -0.000000073519      0.000000422267
     -0.000000608346     -0.000000110902      0.000000354413
      0.000002282269      0.000000843770     -0.000002116116
      0.000003834575      0.000001678830     -0.000003611900
     -0.000001950763     -0.000000279169      0.000001046510
     -0.000006393495      0.000001526908      0.000000029115
     -0.000001295982     -0.000000136046      0.000000534488
      0.000001575636     -0.000000010058     -0.000000237707
     -0.000001354228     -0.000000322515      0.000000985027
     -0.000006854598     -0.000001650318      0.000004804843
     -0.000003971505      0.000001279366      0.000000177814
      0.000006906331     -0.000002548831      0.000001949108
     -0.000001243503     -0.000000240900      0.000000767295
      0.000001180980      0.000000092043     -0.000000394430
      0.000001393433      0.000000477393     -0.000001341485
      0.000007294900      0.000004244826     -0.000007810405
     -0.000004594928      0.000000071639      0.000002280737
     -0.000012050194      0.000010658432     -0.000007765639
      0.000001092212      0.000000256030     -0.000000773120
     -0.000020494419     -0.000000903890      0.000015929509
     -0.000018300123      0.000037081043     -0.000021911232
      0.000007654993     -0.000009693377      0.000012707710
     -0.000044025334      0.000027356764      0.000016135194
      0.000016860715      0.000011309835     -0.000025455859
     -0.000030710871     -0.000059392615      0.000070070672
      0.000066327683     -0.000031348945     -0.000080867474
      0.000007164371      0.000001806263      0.000001510384
      0.000020429538      0.000007766561      0.000009145953
      0.000004129291      0.000000033247      0.000000416275
      0.000020189203      0.000008487142      0.000001376682
      0.000006943585      0.000001079581      0.000004188065
     -0.000028964018     -0.000024023274     -0.000016441748
      0.000008362301     -0.000000408580      0.000002568220
      0.000008193376     -0.000000105964     -0.000001652611
      0.000005477125      0.000001327784     -0.000001051661
     -0.000029418264     -0.000024701694     -0.000004187623
      0.000019230282      0.000005966068      0.000017672277
      0.000003992567     -0.000000435988      0.000002361525
     -0.000007279594     -0.000000646175     -0.000002438986
     -0.000007044418     -0.000000864434      0.000002002686
      0.000003618732      0.000000066648     -0.000001291967
      0.000013877102      0.000005348361     -0.000006009140
      0.000013584516     -0.000000837448      0.000017483731
     -0.000022841469     -0.000019810765     -0.000025490633
      0.000006217776     -0.000002404251      0.000007521327
      0.000005026444     -0.000000069231     -0.000004098270
      0.000002992480      0.000000507336     -0.000002572382
     -0.000022855829     -0.000017405812      0.000009470863
      0.000006390717     -0.000004353995      0.000011355839
     -0.000012192686     -0.000001424961     -0.000021594291
     -0.000003556623      0.000000663515     -0.000006670800
     -0.000004278403     -0.000000720927      0.000004545614
      0.000001728243     -0.000000060683     -0.000002016024
      0.000005598130      0.000001968241     -0.000008305825
     -0.000001729186      0.000004861771     -0.000010132109
      0.000001650529     -0.000000197722     -0.000004838975
      0.000001849756      0.000000109173     -0.000006665976
     -0.000006411869     -0.000006054017      0.000011301728
      0.000000743139     -0.000000402242     -0.000005306628
     -0.000000983009     -0.000000527413      0.000004605860
     -0.000000234742      0.000000078455      0.000006447121
      0.000000622337      0.000000274052      0.000004429795
     -0.000001356634     -0.000012720709     -0.000001239563
     -0.000011257342     -0.000034603099     -0.000000360978
      0.000000721372     -0.000007844833     -0.000000138559
     -0.000005204987     -0.000038820422     -0.000010037647
     -0.000003744293     -0.000010433988      0.000001508460
      0.000034389048      0.000060636436      0.000005511385
      0.000000812907     -0.000017067308      0.000002187813
      0.000004538818     -0.000018792810     -0.000002191467
      0.000000212184     -0.000010869633     -0.000003924598
      0.000024266439      0.000069288091      0.000023056962
     -0.000019510296     -0.000025280203      0.000005412129
     -0.000000872409     -0.000007246909      0.000001657686
     -0.000002053517      0.000017008310     -0.000002709530
     -0.000006148776      0.000018233879      0.000001467382
      0.000001824287     -0.000008196820     -0.000002349367
     -0.000002610290     -0.000030992757     -0.000017674847
     -0.000015594987     -0.000017984009      0.000006805540
      0.000041246453      0.000027832127     -0.000003570068
     -0.000002604358     -0.000015305398      0.000006017797
      0.000004564758     -0.000015441863     -0.000006628131
      0.000000527401     -0.000008424352     -0.000006131190
      0.000020792698      0.000051444847      0.000035629059
     -0.000007310905     -0.000014252322      0.000006702888
      0.000020818036      0.000012449956     -0.000005216799
      0.000001012716      0.000012767603     -0.000005632480
     -0.000005635199      0.000015484857      0.000005874574
      0.000001557364     -0.000006023242     -0.000003883381
     -0.000002159420     -0.000021228227     -0.000022314370
      0.000006078801      0.000010599018     -0.000006274565
      0.000003708070     -0.000011069569     -0.000009314489
     -0.000000123154     -0.000013464297     -0.000018161762
      0.000014212396      0.000030121688      0.000036131802
      0.000002347246     -0.000010398206     -0.000012292806
     -0.000004788661      0.000010071005      0.000007724270
      0.000002704476      0.000010850142      0.000019898777
     -0.000002147622      0.000007279491      0.000010377842
     -0.000000817818     -0.000000371424      0.000000020706
     -0.000002685558     -0.000001192206      0.000000002199
     -0.000000732149     -0.000000290289     -0.000000099933
     -0.000001619020     -0.000000817000      0.000000291097
     -0.000001405769     -0.000000499874     -0.000000374840
      0.000003618411      0.000001866590     -0.000000677401
     -0.000002418686     -0.000000952612     -0.000000866298
     -0.000001676230     -0.000000591527     -0.000000159254
     -0.000000472576     -0.000000222098      0.000000086221
      0.000002077115      0.000001208852     -0.000000638764
     -0.000005796275     -0.000001326635     -0.000001849680
     -0.000001159033     -0.000000454338     -0.000000622446
      0.000003081121      0.000001114979      0.000001528217
      0.000002168535      0.000000613915      0.000000431182
     -0.000000538038     -0.000000204224      0.000000022871
     -0.000001041014     -0.000000540550      0.000000323272
     -0.000007099965      0.000000417629     -0.000006217497
      0.000007490588      0.000002569604     -0.000000076079
     -0.000003217384     -0.000001571688     -0.000003636432
     -0.000001139354     -0.000000374199      0.000000048637
     -0.000000353745     -0.000000163098      0.000000099212
      0.000001310545      0.000000810428     -0.000000601719
     -0.000003490911     -0.000000626141     -0.000007447511
      0.000011429641     -0.000002814972      0.000008952768
      0.000003124647      0.000001793620      0.000003835514
      0.000001552647      0.000000401124      0.000000079167
     -0.000000380156     -0.000000138087      0.000000056895
     -0.000000833589     -0.000000421668      0.000000320981
      0.000000287788      0.000000490074      0.000011787625
     -0.000000903753     -0.000000282884      0.000000120580
     -0.000000788495     -0.000000351917      0.000000269494
      0.000000893096      0.000000535841     -0.000000452712
     -0.000000827626     -0.000000290385      0.000000178463
      0.000001053693      0.000000257520     -0.000000038225
      0.000000723410      0.000000351237     -0.000000304218
      0.000000776454      0.000000240466     -0.000000150003
     -0.000000691838      0.000000192939      0.000001308465
     -0.000000904306      0.000000301174      0.000004398303
     -0.000001024604      0.000000441378      0.000001123791
     -0.000001494931      0.000000177536      0.000002248700
     -0.000000245758      0.000000366362      0.000002532923
      0.000000556975      0.000000102318     -0.000004997505
     -0.000003836627      0.000002424580      0.000004602262
     -0.000003078306      0.000001149362      0.000001601578
     -0.000000603121      0.000000095617      0.000000513848
      0.000001393522      0.000000073700     -0.000002884591
      0.000001231406      0.000000743949      0.000007814628
     -0.000000968994      0.000001007024      0.000002773947
      0.000007849012     -0.000004839614     -0.000004562782
      0.000005199007     -0.000002249635     -0.000001050671
     -0.000000902535      0.000000241350      0.000000436842
     -0.000001335817      0.000000105666      0.000000999703
      0.000002956371      0.000002243950      0.000011251882
     -0.000001900882      0.000000122452     -0.000007364549
     -0.000003582281      0.000005950714      0.000011571605
     -0.000002113511      0.000000546706      0.000000314340
     -0.000000519564      0.000000058669      0.000000209029
      0.000001471161      0.000000034652     -0.000001510053
      0.000000898456      0.000005599534      0.000014261866
     -0.000005763947     -0.000001720883     -0.000011736221
      0.000010496972     -0.000010397824     -0.000011821641
      0.000003213004     -0.000001005294      0.000000374257
     -0.000000642329      0.000000123009      0.000000083031
     -0.000001183739      0.000000074666      0.000000428476
     -0.000001919858     -0.000009351738     -0.000017954333
     -0.000001518807      0.000000291288     -0.000000210879
     -0.000001175729      0.000000107562      0.000000131349
      0.000001154009      0.000000005781     -0.000000631221
     -0.000001304103      0.000000194549     -0.000000165198
      0.000001761358     -0.000000391352      0.000000680181
      0.000001044234     -0.000000066147     -0.000000113875
      0.000001158639     -0.000000175238      0.000000345181

Dipole moment:   -0.15399219   -0.01428214   -0.13802563 au
Dipole moment:   -0.39140913   -0.03630157   -0.35082619 Debye


