 Fermi distribution function

Geometry optimization step: 1


********************************************************************************
 iSCC Total electronic   Diff electronic      SCC error    
   12   -0.15721590E+04   -0.10572876E-09    0.81618118E-06
********************************************************************************

 Total charge:    -0.00000000

 Atomic gross charges (e)
 Atom           Charge
    1       0.04277185
    2      -0.15949663
    3       0.04597857
    4      -0.15949506
    5       0.05014134
    6       0.11137249
    7      -0.15943577
    8      -0.15852580
    9       0.04628876
   10       0.11147505
   11      -0.11670125
   12       0.04898285
   13       0.11174898
   14       0.11200960
   15       0.04250002
   16      -0.16053104
   17      -0.11188969
   18       0.11055885
   19      -0.12000708
   20      -0.15935989
   21       0.04953614
   22       0.11111450
   23      -0.11366251
   24       0.09642343
   25       0.10717271
   26       0.11211928
   27       0.05030875
   28      -0.12070809
   29       0.09839617
   30      -0.11757136
   31      -0.10904567
   32       0.10673504
   33      -0.10711149
   34       0.11090737
   35       0.09716179
   36       0.09823665
   37       0.04376095
   38      -0.16129481
   39       0.05072627
   40      -0.16069996
   41       0.05138930
   42       0.11036115
   43      -0.15894580
   44      -0.15751527
   45       0.04722657
   46       0.11046279
   47      -0.11987493
   48       0.05357345
   49       0.10378014
   50       0.10442308
   51       0.04761412
   52      -0.16094957
   53      -0.10445149
   54       0.10956740
   55      -0.12081395
   56      -0.15811054
   57       0.05052139
   58       0.11001825
   59      -0.10203649
   60       0.09824757
   61       0.09848240
   62       0.10460843
   63       0.05402438
   64      -0.11977644
   65       0.09775909
   66      -0.11894563
   67      -0.10648703
   68       0.10631681
   69      -0.10262735
   70       0.10247072
   71       0.09773176
   72       0.09864249
   73       0.04767378
   74      -0.15798358
   75       0.04744616
   76      -0.15702260
   77       0.05420127
   78       0.10472441
   79      -0.16096282
   80      -0.16023811
   81       0.05089493
   82       0.10445813
   83      -0.11957679
   84       0.05070750
   85       0.11042126
   86       0.11043680
   87       0.04383453
   88      -0.15864453
   89      -0.10606198
   90       0.10272764
   91      -0.12011463
   92      -0.16084709
   93       0.05343944
   94       0.10406205
   95      -0.10869851
   96       0.09854941
   97       0.10654424
   98       0.11054619
   99       0.05133646
  100      -0.12021851
  101       0.10084547
  102      -0.11973942
  103      -0.10249185
  104       0.09842724
  105      -0.10477630
  106       0.10972894
  107       0.09747504
  108       0.09780642
  109       0.04267497
  110      -0.16099398
  111       0.04578955
  112      -0.16079831
  113       0.05054054
  114       0.11098028
  115      -0.15957834
  116      -0.15836959
  117       0.04626130
  118       0.11088158
  119      -0.11874431
  120       0.04908488
  121       0.11159000
  122       0.11192276
  123       0.04234041
  124      -0.16191868
  125      -0.10676943
  126       0.11013602
  127      -0.12005512
  128      -0.15940471
  129       0.04938999
  130       0.11084673
  131      -0.10973595
  132       0.09798862
  133       0.10687916
  134       0.11213717
  135       0.05005289
  136      -0.12221235
  137       0.09702498
  138      -0.11928412
  139      -0.10785111
  140       0.10672126
  141      -0.10898046
  142       0.11130478
  143       0.10003680
  144       0.09870489
  145       0.04233322
  146      -0.15932498
  147       0.04618325
  148      -0.15877680
  149       0.05040692
  150       0.11189939
  151      -0.16058388
  152      -0.15953398
  153       0.04605214
  154       0.11183911
  155      -0.11789235
  156       0.04967258
  157       0.11114178
  158       0.11131457
  159       0.04267629
  160      -0.16004231
  161      -0.11046581
  162       0.11114101
  163      -0.12129957
  164      -0.16022894
  165       0.04914720
  166       0.11140188
  167      -0.11162038
  168       0.09803149
  169       0.10687789
  170       0.11144476
  171       0.05028506
  172      -0.12054200
  173       0.09972324
  174      -0.11810318
  175      -0.10989311
  176       0.10680663
  177      -0.10703459
  178       0.11049575
  179       0.09697034
  180       0.09799859
  181       0.04235215
  182      -0.15897236
  183       0.04652798
  184      -0.15824588
  185       0.04999083
  186       0.11228246
  187      -0.16143274
  188      -0.16034285
  189       0.04608601
  190       0.11209778
  191      -0.11700057
  192       0.04950491
  193       0.11056844
  194       0.11093079
  195       0.04289104
  196      -0.15935772
  197      -0.10748742
  198       0.11103736
  199      -0.12140361
  200      -0.16043067
  201       0.04929811
  202       0.11167998
  203      -0.10936260
  204       0.09833159
  205       0.10628512
  206       0.11095318
  207       0.05072212
  208      -0.12067472
  209       0.09707025
  210      -0.11805283
  211      -0.11206864
  212       0.10711972
  213      -0.10998231
  214       0.11028292
  215       0.09956448
  216       0.09764216
  217       0.04398706
  218      -0.16062122
  219       0.04720766
  220      -0.16003010
  221       0.04714796
  222       0.11225414
  223      -0.15977529
  224      -0.15917565
  225       0.04743056
  226       0.11209443
  227      -0.12091681
  228       0.05034074
  229       0.11130012
  230       0.11207756
  231       0.04415645
  232      -0.16003215
  233      -0.10570410
  234       0.11026962
  235      -0.12670959
  236      -0.15924593
  237       0.04956547
  238       0.11108139
  239      -0.10530488
  240       0.10300969
  241       0.10236478
  242       0.11206429
  243       0.04644679
  244      -0.12460230
  245       0.10163472
  246      -0.11879526
  247      -0.10651541
  248       0.10274803
  249      -0.10700393
  250       0.11029090
  251       0.09598383
  252       0.10261184
  253       0.04361490
  254      -0.15774847
  255       0.04783812
  256      -0.15719447
  257       0.04662530
  258       0.11264680
  259      -0.16176107
  260      -0.16134924
  261       0.04705014
  262       0.11261115
  263      -0.11747228
  264       0.05066449
  265       0.11067755
  266       0.11153473
  267       0.04466525
  268      -0.15718281
  269      -0.10818971
  270       0.11061066
  271      -0.12753413
  272      -0.16158665
  273       0.04925690
  274       0.11166954
  275      -0.10736031
  276       0.10190055
  277       0.10213120
  278       0.11183391
  279       0.04705786
  280      -0.12279315
  281       0.10211594
  282      -0.12043899
  283      -0.10701023
  284       0.10338670
  285      -0.10679480
  286       0.10980668
  287       0.09615340
  288       0.10206278
  289       0.04863435
  290      -0.15845082
  291       0.04795399
  292      -0.15845526
  293       0.05189119
  294       0.10452870
  295      -0.15957757
  296      -0.15959857
  297       0.05206020
  298       0.10473855
  299      -0.11843417
  300       0.05075201
  301       0.11062436
  302       0.11166774
  303       0.04532741
  304      -0.15832296
  305      -0.10208241
  306       0.10228081
  307      -0.12495011
  308      -0.16017375
  309       0.05376990
  310       0.10276391
  311      -0.10359320
  312       0.09890288
  313       0.10224061
  314       0.11163807
  315       0.04804674
  316      -0.12098737
  317       0.09686561
  318      -0.12138298
  319      -0.10094498
  320       0.10007858
  321      -0.10498847
  322       0.10979724
  323       0.09595182
  324       0.10204469
  325       0.04386623
  326      -0.15850243
  327       0.04757488
  328      -0.15818955
  329       0.04690773
  330       0.11236175
  331      -0.16065072
  332      -0.16014061
  333       0.04732649
  334       0.11231309
  335      -0.11776317
  336       0.05060389
  337       0.11108564
  338       0.11205617
  339       0.04452809
  340      -0.15821137
  341      -0.10771622
  342       0.11035152
  343      -0.12714716
  344      -0.16026441
  345       0.04934105
  346       0.11158861
  347      -0.10821256
  348       0.10181421
  349       0.10197342
  350       0.11231025
  351       0.04680974
  352      -0.12315358
  353       0.10114459
  354      -0.11937736
  355      -0.10708609
  356       0.10296769
  357      -0.10722649
  358       0.11031853
  359       0.09574414
  360       0.10214248
  361       0.04390533
  362      -0.15878693
  363       0.04742056
  364      -0.15859831
  365       0.04679377
  366       0.11271751
  367      -0.15975784
  368      -0.15940839
  369       0.04742289
  370       0.11261856
  371      -0.11777947
  372       0.05027537
  373       0.11125035
  374       0.11192694
  375       0.04442685
  376      -0.15880633
  377      -0.10945863
  378       0.11064931
  379      -0.12590457
  380      -0.15963468
  381       0.04945773
  382       0.11162784
  383      -0.10922505
  384       0.10093250
  385       0.10255148
  386       0.11211854
  387       0.04676352
  388      -0.12403736
  389       0.10129983
  390      -0.11894375
  391      -0.10678700
  392       0.10274117
  393      -0.10667677
  394       0.11019252
  395       0.09573585
  396       0.10241983
  397       0.04898793
  398      -0.15826666
  399       0.04818586
  400      -0.15859422
  401       0.05162710
  402       0.10470571
  403      -0.15891254
  404      -0.15887418
  405       0.05209771
  406       0.10461456
  407      -0.11764615
  408       0.05053435
  409       0.11056148
  410       0.11179753
  411       0.04490091
  412      -0.15926820
  413      -0.10227238
  414       0.10247390
  415      -0.12481682
  416      -0.15950657
  417       0.05425957
  418       0.10255695
  419      -0.10402123
  420       0.09883531
  421       0.10196235
  422       0.11198501
  423       0.04818055
  424      -0.12368919
  425       0.09575039
  426      -0.12036834
  427      -0.10287570
  428       0.09945052
  429      -0.10689250
  430       0.10994106
  431       0.10186554
  432       0.10127315
  433       0.04467472
  434      -0.15698507
  435       0.04677315
  436      -0.15644306
  437       0.04759097
  438       0.10826078
  439      -0.16014969
  440      -0.15952372
  441       0.04788796
  442       0.10851025
  443      -0.11779151
  444       0.04980535
  445       0.11164390
  446       0.11265007
  447       0.04366250
  448      -0.15630962
  449      -0.10395987
  450       0.10634030
  451      -0.12734508
  452      -0.15960536
  453       0.04986456
  454       0.10760671
  455      -0.10572000
  456       0.10268258
  457       0.10201742
  458       0.11275252
  459       0.04612587
  460      -0.12278130
  461       0.10107206
  462      -0.11920255
  463      -0.10637361
  464       0.10175981
  465      -0.10730078
  466       0.11094581
  467       0.09623060
  468       0.10272144
  469       0.04403699
  470      -0.15534187
  471       0.04694391
  472      -0.15495972
  473       0.04714128
  474       0.10928680
  475      -0.16131303
  476      -0.16065732
  477       0.04746966
  478       0.10943475
  479      -0.11617708
  480       0.05011469
  481       0.11136998
  482       0.11237675
  483       0.04411314
  484      -0.15485903
  485      -0.10523862
  486       0.10713920
  487      -0.12898306
  488      -0.16050828
  489       0.04936866
  490       0.10847963
  491      -0.10767332
  492       0.10216449
  493       0.10203367
  494       0.11237490
  495       0.04627897
  496      -0.12187865
  497       0.10269646
  498      -0.11964061
  499      -0.10725358
  500       0.10208302
  501      -0.10743465
  502       0.11066072
  503       0.09594044
  504       0.10238265
  505       0.04581939
  506      -0.15728181
  507       0.05213082
  508      -0.15618125
  509       0.04931427
  510       0.10802680
  511      -0.16018219
  512      -0.15925379
  513       0.04910557
  514       0.10790632
  515      -0.11967748
  516       0.05459962
  517       0.10230937
  518       0.10458946
  519       0.04916628
  520      -0.15603756
  521      -0.10214636
  522       0.10600887
  523      -0.12619795
  524      -0.15865818
  525       0.05102491
  526       0.10712150
  527      -0.10102126
  528       0.10230879
  529       0.09884119
  530       0.10445453
  531       0.05153862
  532      -0.12298161
  533       0.10327398
  534      -0.11816341
  535      -0.10401718
  536       0.10106096
  537      -0.10287036
  538       0.10239882
  539       0.09586229
  540       0.09869045
  541       0.04498833
  542      -0.15768599
  543       0.04653808
  544      -0.15724914
  545       0.04764558
  546       0.10822412
  547      -0.15802859
  548      -0.15786159
  549       0.04811367
  550       0.10801424
  551      -0.11732432
  552       0.04885299
  553       0.11190934
  554       0.11318489
  555       0.04324543
  556      -0.15802841
  557      -0.10521242
  558       0.10606781
  559      -0.12357584
  560      -0.15795540
  561       0.05067123
  562       0.10756657
  563      -0.10686201
  564       0.10161559
  565       0.10329914
  566       0.11302851
  567       0.04613098
  568      -0.12574627
  569       0.09615049
  570      -0.11777331
  571      -0.10787728
  572       0.10129525
  573      -0.10915316
  574       0.11119908
  575       0.10230710
  576       0.10222681
  577       0.04337418
  578      -0.15875753
  579       0.04774564
  580      -0.15876599
  581       0.04629510
  582       0.11300272
  583      -0.15650409
  584      -0.15595348
  585       0.04676353
  586       0.11285885
  587      -0.11770803
  588       0.05042267
  589       0.10812941
  590       0.10878974
  591       0.04465689
  592      -0.15892963
  593      -0.10895833
  594       0.11105981
  595      -0.12479996
  596      -0.15636769
  597       0.04898464
  598       0.11167841
  599      -0.10903200
  600       0.10169796
  601       0.10096790
  602       0.10897925
  603       0.04719604
  604      -0.12417551
  605       0.10099911
  606      -0.11626820
  607      -0.10698161
  608       0.10292774
  609      -0.10562131
  610       0.10682835
  611       0.09566071
  612       0.10165340
  613       0.04252806
  614      -0.16125427
  615       0.04654679
  616      -0.16097086
  617       0.05037830
  618       0.11142002
  619      -0.15558775
  620      -0.15468249
  621       0.04598122
  622       0.11126398
  623      -0.11863545
  624       0.04939580
  625       0.10824383
  626       0.10852066
  627       0.04297056
  628      -0.16205268
  629      -0.10732880
  630       0.11031381
  631      -0.11832541
  632      -0.15565573
  633       0.04894563
  634       0.11101321
  635      -0.10981382
  636       0.09780986
  637       0.10553614
  638       0.10818655
  639       0.05048188
  640      -0.12248171
  641       0.09690138
  642      -0.11565404
  643      -0.10837148
  644       0.10662194
  645      -0.10770406
  646       0.10713494
  647       0.09949319
  648       0.09773398
  649       0.04240346
  650      -0.16039175
  651       0.04637913
  652      -0.16021139
  653       0.05015181
  654       0.11179226
  655      -0.15539995
  656      -0.15439105
  657       0.04581013
  658       0.11168617
  659      -0.11798528
  660       0.04930729
  661       0.10863568
  662       0.10871302
  663       0.04271596
  664      -0.16136268
  665      -0.11154156
  666       0.11089747
  667      -0.11849697
  668      -0.15545144
  669       0.04905400
  670       0.11140931
  671      -0.11311531
  672       0.09682258
  673       0.10581549
  674       0.10859616
  675       0.05039338
  676      -0.12162590
  677       0.09878440
  678      -0.11458585
  679      -0.10950892
  680       0.10669109
  681      -0.10560321
  682       0.10754510
  683       0.09687391
  684       0.09796670
  685       0.04258637
  686      -0.15595359
  687       0.04560507
  688      -0.15494277
  689       0.05042408
  690       0.10822253
  691      -0.16138351
  692      -0.16032121
  693       0.04647256
  694       0.10847046
  695      -0.11556766
  696       0.04898310
  697       0.11151394
  698       0.11186623
  699       0.04209582
  700      -0.15602182
  701      -0.10748717
  702       0.10736621
  703      -0.12327380
  704      -0.16077296
  705       0.04922633
  706       0.10823386
  707      -0.11109238
  708       0.09819990
  709       0.10690618
  710       0.11197068
  711       0.04998372
  712      -0.11855194
  713       0.10090683
  714      -0.11812802
  715      -0.11001200
  716       0.10561060
  717      -0.10775984
  718       0.11069878
  719       0.09699746
  720       0.09786211
  721       0.04319379
  722      -0.16084754
  723       0.05157686
  724      -0.16007761
  725       0.05116511
  726       0.11095649
  727      -0.15577231
  728      -0.15426176
  729       0.04660213
  730       0.11079513
  731      -0.11962280
  732       0.05412561
  733       0.10027259
  734       0.10028592
  735       0.04810839
  736      -0.16079571
  737      -0.10446415
  738       0.11014293
  739      -0.11932207
  740      -0.15511346
  741       0.04969205
  742       0.11054809
  743      -0.10171539
  744       0.09829407
  745       0.09702232
  746       0.10041723
  747       0.05453114
  748      -0.11969662
  749       0.09763044
  750      -0.11617007
  751      -0.10722327
  752       0.10628683
  753      -0.10126888
  754       0.09842826
  755       0.09748251
  756       0.09814499
  757       0.04316556
  758      -0.16077042
  759       0.05151325
  760      -0.16036668
  761       0.05112286
  762       0.11096697
  763      -0.15514069
  764      -0.15349420
  765       0.04674274
  766       0.11084564
  767      -0.11964152
  768       0.05395603
  769       0.10032037
  770       0.10038933
  771       0.04821815
  772      -0.16129381
  773      -0.10534262
  774       0.10995461
  775      -0.11851249
  776      -0.15467878
  777       0.05019737
  778       0.11073436
  779      -0.10248218
  780       0.09751480
  781       0.09702078
  782       0.10064209
  783       0.05451578
  784      -0.12185289
  785       0.09730257
  786      -0.11727948
  787      -0.10839347
  788       0.10649356
  789      -0.10278070
  790       0.09923607
  791       0.10165266
  792       0.09871496
  793       0.04259333
  794      -0.16108900
  795       0.04669487
  796      -0.16098719
  797       0.05063444
  798       0.11129049
  799      -0.15522324
  800      -0.15392591
  801       0.04627504
  802       0.11118913
  803      -0.11901833
  804       0.04963795
  805       0.10830930
  806       0.10850140
  807       0.04299758
  808      -0.16210837
  809      -0.11055226
  810       0.11061991
  811      -0.11887502
  812      -0.15506492
  813       0.04940042
  814       0.11070290
  815      -0.11228021
  816       0.09774064
  817       0.10567571
  818       0.10849057
  819       0.05053808
  820      -0.12228805
  821       0.09960856
  822      -0.11402262
  823      -0.10937320
  824       0.10606568
  825      -0.10545548
  826       0.10739006
  827       0.09669697
  828       0.09797952
  829       0.04621448
  830      -0.15813126
  831       0.05192333
  832      -0.15693106
  833       0.04909066
  834       0.10779555
  835      -0.15802451
  836      -0.15825177
  837       0.04893561
  838       0.10761942
  839      -0.11959478
  840       0.05360843
  841       0.10261857
  842       0.10484272
  843       0.04863807
  844      -0.15654214
  845      -0.10308633
  846       0.10573739
  847      -0.12098649
  848      -0.15836198
  849       0.05150328
  850       0.10690874
  851      -0.10077626
  852       0.10126511
  853       0.09983740
  854       0.10469043
  855       0.05178275
  856      -0.12341590
  857       0.09585793
  858      -0.11873168
  859      -0.10295618
  860       0.10115016
  861      -0.10204836
  862       0.10249338
  863       0.09713049
  864       0.09906294
  865       0.04698709
  866      -0.15116245
  867       0.05178322
  868      -0.14997114
  869       0.05011499
  870       0.11040165
  871      -0.16465614
  872      -0.16519104
  873       0.04960829
  874       0.11038274
  875      -0.11396075
  876       0.05316371
  877       0.09937452
  878       0.10144571
  879       0.04855348
  880      -0.15029077
  881      -0.10411368
  882       0.10864855
  883      -0.12770393
  884      -0.16452874
  885       0.05229232
  886       0.10971489
  887      -0.09989291
  888       0.10158803
  889       0.09878067
  890       0.10094276
  891       0.05122081
  892      -0.11804530
  893       0.09584170
  894      -0.12311894
  895      -0.10565684
  896       0.10234506
  897      -0.10090783
  898       0.09881417
  899       0.09893319
  900       0.09890554
  901       0.04882031
  902      -0.16569425
  903       0.04923836
  904      -0.16657825
  905       0.05127116
  906       0.10065121
  907      -0.14862263
  908      -0.14828000
  909       0.05213430
  910       0.10112345
  911      -0.12376621
  912       0.05186043
  913       0.11026146
  914       0.11101843
  915       0.04684817
  916      -0.16588351
  917      -0.10149717
  918       0.09841827
  919      -0.11696382
  920      -0.14946515
  921       0.05344535
  922       0.09908442
  923      -0.10684858
  924       0.09844179
  925       0.10261665
  926       0.11098438
  927       0.04987854
  928      -0.12855364
  929       0.09862023
  930      -0.11268332
  931      -0.09981526
  932       0.09820188
  933      -0.10425204
  934       0.10935269
  935       0.09539129
  936       0.10176412
  937       0.04628862
  938      -0.14851944
  939       0.05203457
  940      -0.14759333
  941       0.04988122
  942       0.11136077
  943      -0.16662618
  944      -0.16646069
  945       0.04937618
  946       0.11131813
  947      -0.11116191
  948       0.05395596
  949       0.09909373
  950       0.10096990
  951       0.04907911
  952      -0.14794603
  953      -0.10684231
  954       0.10945349
  955      -0.13086643
  956      -0.16582391
  957       0.05151190
  958       0.11023885
  959      -0.10243946
  960       0.10053244
  961       0.09757616
  962       0.10086057
  963       0.05110196
  964      -0.11583491
  965       0.10052732
  966      -0.12391686
  967      -0.10473764
  968       0.10205743
  969      -0.10096786
  970       0.09858913
  971       0.09601571
  972       0.09842521
  973       0.05164624
  974      -0.16224490
  975       0.05044428
  976      -0.16273852
  977       0.05410051
  978       0.09866595
  979      -0.15290822
  980      -0.15276444
  981       0.05477222
  982       0.09870212
  983      -0.12069699
  984       0.05282250
  985       0.10875929
  986       0.11000248
  987       0.04756177
  988      -0.16298394
  989      -0.09914805
  990       0.09645171
  991      -0.12013685
  992      -0.15346468
  993       0.05676147
  994       0.09715294
  995      -0.10299493
  996       0.09716752
  997       0.10048981
  998       0.10992666
  999       0.05104500
 1000      -0.12738600
 1001       0.09497465
 1002      -0.11544071
 1003      -0.10062527
 1004       0.09625291
 1005      -0.10533217
 1006       0.10815439
 1007       0.10014065
 1008       0.10006190
 1009       0.05166686
 1010      -0.16273283
 1011       0.05012692
 1012      -0.16337820
 1013       0.05409160
 1014       0.09812802
 1015      -0.15269465
 1016      -0.15262697
 1017       0.05482099
 1018       0.09869320
 1019      -0.12130865
 1020       0.05255620
 1021       0.10915895
 1022       0.11006260
 1023       0.04763834
 1024      -0.16255683
 1025      -0.09968502
 1026       0.09622445
 1027      -0.11954562
 1028      -0.15365443
 1029       0.05672776
 1030       0.09677962
 1031      -0.10385809
 1032       0.09692233
 1033       0.10088260
 1034       0.11014934
 1035       0.05105593
 1036      -0.12545330
 1037       0.09549869
 1038      -0.11611079
 1039      -0.09803753
 1040       0.09657262
 1041      -0.10294118
 1042       0.10823570
 1043       0.09460573
 1044       0.10113229
 1045       0.04871352
 1046      -0.16564872
 1047       0.04935375
 1048      -0.16623196
 1049       0.05089634
 1050       0.10089139
 1051      -0.14910832
 1052      -0.14900930
 1053       0.05179293
 1054       0.10097814
 1055      -0.12375050
 1056       0.05155741
 1057       0.10972647
 1058       0.11076158
 1059       0.04625975
 1060      -0.16674062
 1061      -0.10114040
 1062       0.09857135
 1063      -0.11632268
 1064      -0.15040030
 1065       0.05404878
 1066       0.09915762
 1067      -0.10446159
 1068       0.09844623
 1069       0.10188807
 1070       0.11094736
 1071       0.05019517
 1072      -0.13175388
 1073       0.09610605
 1074      -0.11438995
 1075      -0.09820580
 1076       0.09728853
 1077      -0.10260024
 1078       0.10913064
 1079       0.10101163
 1080       0.10271548
 1081       0.04761503
 1082      -0.16666592
 1083       0.04854554
 1084      -0.16597359
 1085       0.05436993
 1086       0.10010250
 1087      -0.14933266
 1088      -0.14730818
 1089       0.05102457
 1090       0.10054830
 1091      -0.12353321
 1092       0.05135430
 1093       0.11003177
 1094       0.11031428
 1095       0.04517659
 1096      -0.16538259
 1097      -0.09972577
 1098       0.09727816
 1099      -0.11315008
 1100      -0.14866020
 1101       0.05346307
 1102       0.10021084
 1103      -0.10581933
 1104       0.09671789
 1105       0.10587302
 1106       0.11055865
 1107       0.05210189
 1108      -0.12460113
 1109       0.09771735
 1110      -0.11274264
 1111      -0.10593327
 1112       0.09727955
 1113      -0.11047658
 1114       0.11057087
 1115       0.09894432
 1116       0.09836348
 1117       0.04526193
 1118      -0.14856427
 1119       0.05098137
 1120      -0.14745089
 1121       0.05203242
 1122       0.11049948
 1123      -0.16615690
 1124      -0.16629022
 1125       0.04835175
 1126       0.11047931
 1127      -0.11273864
 1128       0.05335416
 1129       0.10036690
 1130       0.10046637
 1131       0.04741508
 1132      -0.14916135
 1133      -0.10680912
 1134       0.11044563
 1135      -0.12457284
 1136      -0.16691471
 1137       0.05157163
 1138       0.11011525
 1139      -0.10329836
 1140       0.09859536
 1141       0.09762570
 1142       0.10022717
 1143       0.05425712
 1144      -0.11435128
 1145       0.09695579
 1146      -0.12253247
 1147      -0.10895025
 1148       0.10559260
 1149      -0.09992212
 1150       0.09726662
 1151       0.09830688
 1152       0.09655636
 1153       0.04688411
 1154      -0.16164000
 1155       0.05043487
 1156      -0.16034295
 1157       0.05410744
 1158       0.10091472
 1159      -0.15396842
 1160      -0.15218457
 1161       0.05048271
 1162       0.10100784
 1163      -0.12028937
 1164       0.05319124
 1165       0.10441322
 1166       0.10476827
 1167       0.04736474
 1168      -0.16056244
 1169      -0.09805259
 1170       0.09822617
 1171      -0.11742980
 1172      -0.15315479
 1173       0.05306961
 1174       0.10109281
 1175      -0.10070289
 1176       0.09833798
 1177       0.09898101
 1178       0.10502620
 1179       0.05386165
 1180      -0.12099480
 1181       0.09890877
 1182      -0.11610248
 1183      -0.10188318
 1184       0.09857315
 1185      -0.10137689
 1186       0.10328604
 1187       0.09846183
 1188       0.09979628
 1189       0.04704753
 1190      -0.16051400
 1191       0.05057602
 1192      -0.15958289
 1193       0.05400678
 1194       0.10104134
 1195      -0.15398561
 1196      -0.15238360
 1197       0.05041482
 1198       0.10137780
 1199      -0.11975944
 1200       0.05347882
 1201       0.10428366
 1202       0.10489847
 1203       0.04746802
 1204      -0.15962013
 1205      -0.09802800
 1206       0.09864909
 1207      -0.11763002
 1208      -0.15370550
 1209       0.05317927
 1210       0.10115129
 1211      -0.10081863
 1212       0.09864132
 1213       0.09910382
 1214       0.10510878
 1215       0.05394035
 1216      -0.12099449
 1217       0.09873700
 1218      -0.11695529
 1219      -0.10440771
 1220       0.09864932
 1221      -0.10502351
 1222       0.10325063
 1223       0.10102017
 1224       0.09967679
 1225       0.04781662
 1226      -0.16832270
 1227       0.04820818
 1228      -0.16800773
 1229       0.05474300
 1230       0.09945009
 1231      -0.14841549
 1232      -0.14657264
 1233       0.05134631
 1234       0.09966750
 1235      -0.12458394
 1236       0.05107438
 1237       0.11037088
 1238       0.11054424
 1239       0.04498812
 1240      -0.16769530
 1241      -0.09934203
 1242       0.09689834
 1243      -0.11243475
 1244      -0.14838354
 1245       0.05343173
 1246       0.09981540
 1247      -0.10589175
 1248       0.09653994
 1249       0.10601987
 1250       0.11087947
 1251       0.05182931
 1252      -0.12585425
 1253       0.09775045
 1254      -0.11424912
 1255      -0.10150155
 1256       0.09753544
 1257      -0.10893593
 1258       0.11078359
 1259       0.10022390
 1260       0.09918498
 1261       0.04501981
 1262      -0.14786637
 1263       0.05121571
 1264      -0.14666560
 1265       0.05158268
 1266       0.11080552
 1267      -0.16741472
 1268      -0.16797704
 1269       0.04836130
 1270       0.11073939
 1271      -0.11194769
 1272       0.05347145
 1273       0.09960765
 1274       0.10009660
 1275       0.04768781
 1276      -0.14848782
 1277      -0.10732632
 1278       0.11069817
 1279      -0.12567150
 1280      -0.16831925
 1281       0.05171196
 1282       0.11021649
 1283      -0.10362292
 1284       0.09871308
 1285       0.09720306
 1286       0.09983678
 1287       0.05494727
 1288      -0.11410091
 1289       0.09681109
 1290      -0.12374493
 1291      -0.10762051
 1292       0.10610563
 1293      -0.09872655
 1294       0.09718977
 1295       0.09949628
 1296       0.09697468


 Atomic net (on-site) populations and hybridisation ratios
 Atom       Population         Hybrid.
    1       2.70544208      0.32363948
    2       2.88001787      0.27999553
    3       2.69845801      0.32538550
    4       2.88170938      0.27957266
    5       2.69472196      0.32631951
    6       0.53937878      0.46062122
    7       2.87875137      0.28031216
    8       2.88101738      0.27974565
    9       2.69809262      0.32547685
   10       0.53952510      0.46047490
   11       2.81736377      0.29565906
   12       2.69663633      0.32584092
   13       0.53906055      0.46093945
   14       0.53911252      0.46088748
   15       2.70600396      0.32349901
   16       2.87951093      0.28012227
   17       2.80361993      0.29909502
   18       0.54063750      0.45936250
   19       2.82025919      0.29493520
   20       2.87979645      0.28005089
   21       2.69580587      0.32604853
   22       0.53969631      0.46030369
   23       2.80667784      0.29833054
   24       0.55446077      0.44553923
   25       0.54430562      0.45569438
   26       0.53857400      0.46142600
   27       2.69449353      0.32637662
   28       2.82080362      0.29479910
   29       0.55228290      0.44771710
   30       2.81869917      0.29532521
   31       2.80098144      0.29975464
   32       0.54483806      0.45516194
   33       2.79868521      0.30032870
   34       0.54026281      0.45973719
   35       0.55356498      0.44643502
   36       0.55279115      0.44720885
   37       2.70434599      0.32391350
   38       2.88187901      0.27953025
   39       2.69356317      0.32660921
   40       2.88292239      0.27926940
   41       2.69325497      0.32668626
   42       0.54040644      0.45959356
   43       2.87704551      0.28073862
   44       2.87875881      0.28031030
   45       2.69704251      0.32573937
   46       0.54054701      0.45945299
   47       2.82055762      0.29486059
   48       2.69160501      0.32709875
   49       0.54696605      0.45303395
   50       0.54649011      0.45350989
   51       2.70070672      0.32482332
   52       2.87997564      0.28000609
   53       2.79577356      0.30105661
   54       0.54157814      0.45842186
   55       2.81998346      0.29500413
   56       2.87745214      0.28063697
   57       2.69481267      0.32629683
   58       0.54084240      0.45915760
   59       2.79411641      0.30147090
   60       0.55269485      0.44730515
   61       0.55286400      0.44713600
   62       0.54593759      0.45406241
   63       2.69084905      0.32728774
   64       2.81974596      0.29506351
   65       0.55290322      0.44709678
   66       2.81877531      0.29530617
   67       2.79872260      0.30031935
   68       0.54510454      0.45489546
   69       2.79396773      0.30150807
   70       0.54863545      0.45136455
   71       0.55295136      0.44704864
   72       0.55228073      0.44771927
   73       2.70065470      0.32483633
   74       2.87771444      0.28057139
   75       2.69658027      0.32585493
   76       2.87846890      0.28038277
   77       2.69038953      0.32740262
   78       0.54581403      0.45418597
   79       2.88011564      0.27997109
   80       2.88239821      0.27940045
   81       2.69340385      0.32664904
   82       0.54652112      0.45347888
   83       2.81934079      0.29516480
   84       2.69440903      0.32639774
   85       0.54034426      0.45965574
   86       0.54070855      0.45929145
   87       2.70426921      0.32393270
   88       2.87681544      0.28079614
   89       2.79798337      0.30050416
   90       0.54833322      0.45166678
   91       2.82017035      0.29495741
   92       2.88089549      0.27977613
   93       2.69204745      0.32698814
   94       0.54657528      0.45342472
   95       2.80128434      0.29967891
   96       0.55240346      0.44759654
   97       0.54509006      0.45490994
   98       0.54017078      0.45982922
   99       2.69342310      0.32664423
  100       2.81945978      0.29513506
  101       0.54986416      0.45013584
  102       2.82042948      0.29489263
  103       2.79462987      0.30134253
  104       0.55301212      0.44698788
  105       2.79595310      0.30101172
  106       0.54131692      0.45868308
  107       0.55320186      0.44679814
  108       0.55312117      0.44687883
  109       2.70586985      0.32353254
  110       2.88117565      0.27970609
  111       2.69864074      0.32533981
  112       2.88326540      0.27918365
  113       2.69421785      0.32644554
  114       0.53972149      0.46027851
  115       2.87879620      0.28030095
  116       2.88049652      0.27987587
  117       2.69821791      0.32544552
  118       0.54024157      0.45975843
  119       2.81989970      0.29502507
  120       2.69622570      0.32594358
  121       0.53919215      0.46080785
  122       0.53922484      0.46077516
  123       2.70587861      0.32353035
  124       2.88119110      0.27970223
  125       2.79833030      0.30041743
  126       0.54087872      0.45912128
  127       2.82017085      0.29495729
  128       2.87981822      0.28004544
  129       2.69602672      0.32599332
  130       0.53990936      0.46009064
  131       2.80168971      0.29957757
  132       0.55304913      0.44695087
  133       0.54466968      0.45533032
  134       0.53854329      0.46145671
  135       2.69482836      0.32629291
  136       2.82261085      0.29434729
  137       0.55369383      0.44630617
  138       2.82016354      0.29495912
  139       2.80015435      0.29996141
  140       0.54481690      0.45518310
  141       2.80042618      0.29989346
  142       0.53980247      0.46019753
  143       0.55075325      0.44924675
  144       0.55239790      0.44760210
  145       2.70631698      0.32342075
  146       2.87983165      0.28004209
  147       2.69826427      0.32543393
  148       2.88111500      0.27972125
  149       2.69431066      0.32642234
  150       0.53882555      0.46117445
  151       2.87976051      0.28005987
  152       2.88166569      0.27958358
  153       2.69838531      0.32540367
  154       0.53925155      0.46074845
  155       2.81888890      0.29527777
  156       2.69559726      0.32610068
  157       0.53970715      0.46029285
  158       0.53981639      0.46018361
  159       2.70556115      0.32360971
  160       2.87942551      0.28014362
  161       2.80245153      0.29938712
  162       0.53991276      0.46008724
  163       2.82153085      0.29461729
  164       2.88048162      0.27987959
  165       2.69616225      0.32595944
  166       0.53940752      0.46059248
  167       2.80421834      0.29894542
  168       0.55297771      0.44702229
  169       0.54470934      0.45529066
  170       0.53920977      0.46079023
  171       2.69460778      0.32634806
  172       2.82091416      0.29477146
  173       0.55098633      0.44901367
  174       2.81914406      0.29521399
  175       2.80200764      0.29949809
  176       0.54469962      0.45530038
  177       2.79830750      0.30042313
  178       0.54055438      0.45944562
  179       0.55376364      0.44623636
  180       0.55306618      0.44693382
  181       2.70613372      0.32346657
  182       2.87944203      0.28013949
  183       2.69765675      0.32558581
  184       2.88064903      0.27983774
  185       2.69495853      0.32626037
  186       0.53835497      0.46164503
  187       2.88054123      0.27986469
  188       2.88263641      0.27934090
  189       2.69818266      0.32545433
  190       0.53898921      0.46101079
  191       2.81792466      0.29551884
  192       2.69584649      0.32603838
  193       0.54028505      0.45971495
  194       0.54014874      0.45985126
  195       2.70550543      0.32362364
  196       2.87854008      0.28036498
  197       2.79907564      0.30023109
  198       0.54016017      0.45983983
  199       2.82145794      0.29463551
  200       2.88106445      0.27973389
  201       2.69620325      0.32594919
  202       0.53915271      0.46084729
  203       2.80148467      0.29962883
  204       0.55268605      0.44731395
  205       0.54527756      0.45472244
  206       0.53982741      0.46017259
  207       2.69401515      0.32649621
  208       2.82112440      0.29471890
  209       0.55363798      0.44636202
  210       2.81889509      0.29527623
  211       2.80492062      0.29876985
  212       0.54442451      0.45557549
  213       2.80172403      0.29956899
  214       0.54087558      0.45912442
  215       0.55115523      0.44884477
  216       0.55327130      0.44672870
  217       2.70343142      0.32414215
  218       2.88254409      0.27936398
  219       2.69490979      0.32627255
  220       2.88343729      0.27914068
  221       2.70156889      0.32460778
  222       0.53816002      0.46183998
  223       2.87810904      0.28047274
  224       2.88246581      0.27938355
  225       2.69438056      0.32640486
  226       0.53848996      0.46151004
  227       2.82568703      0.29357824
  228       2.69701744      0.32574564
  229       0.54018818      0.45981182
  230       0.53846240      0.46153760
  231       2.70277559      0.32430610
  232       2.87813771      0.28046557
  233       2.79553851      0.30111537
  234       0.54079036      0.45920964
  235       2.82998740      0.29250315
  236       2.88105107      0.27973723
  237       2.69823653      0.32544087
  238       0.54037300      0.45962700
  239       2.79720649      0.30069838
  240       0.54787955      0.45212045
  241       0.54810377      0.45189623
  242       0.53841139      0.46158861
  243       2.70280935      0.32429766
  244       2.82735129      0.29316218
  245       0.54988998      0.45011002
  246       2.82339438      0.29415140
  247       2.79806914      0.30048271
  248       0.54759588      0.45240412
  249       2.79684883      0.30078779
  250       0.54074504      0.45925496
  251       0.55557841      0.44442159
  252       0.54814831      0.45185169
  253       2.70363642      0.32409089
  254       2.87957076      0.28010731
  255       2.69426835      0.32643291
  256       2.88054925      0.27986269
  257       2.70224358      0.32443910
  258       0.53782507      0.46217493
  259       2.87988696      0.28002826
  260       2.88491309      0.27877173
  261       2.69470202      0.32632449
  262       0.53797916      0.46202084
  263       2.82207001      0.29448250
  264       2.69684041      0.32578990
  265       0.54078000      0.45922000
  266       0.53908636      0.46091364
  267       2.70253312      0.32436672
  268       2.87517831      0.28120542
  269       2.79830457      0.30042386
  270       0.54047126      0.45952874
  271       2.83083317      0.29229171
  272       2.88351629      0.27912093
  273       2.69827970      0.32543008
  274       0.53992946      0.46007054
  275       2.79961668      0.30009583
  276       0.54880013      0.45119987
  277       0.54836631      0.45163369
  278       0.53850268      0.46149732
  279       2.70224137      0.32443966
  280       2.82574966      0.29356259
  281       0.54937170      0.45062830
  282       2.82512243      0.29371939
  283       2.79835583      0.30041104
  284       0.54705349      0.45294651
  285       2.79635146      0.30091214
  286       0.54122731      0.45877269
  287       0.55544032      0.44455968
  288       0.54872714      0.45127286
  289       2.69863725      0.32534069
  290       2.87922188      0.28019453
  291       2.69401922      0.32649519
  292       2.88078057      0.27980486
  293       2.69664196      0.32583951
  294       0.54575291      0.45424709
  295       2.87779944      0.28055014
  296       2.88280969      0.27929758
  297       2.68961649      0.32759588
  298       0.54572063      0.45427937
  299       2.82198964      0.29450259
  300       2.69641946      0.32589513
  301       0.54084199      0.45915801
  302       0.53885989      0.46114011
  303       2.70146514      0.32463371
  304       2.87540466      0.28114884
  305       2.79156478      0.30210880
  306       0.54866747      0.45133253
  307       2.82807376      0.29298156
  308       2.88191366      0.27952158
  309       2.69390763      0.32652309
  310       0.54854001      0.45145999
  311       2.79488472      0.30127882
  312       0.55183838      0.44816162
  313       0.54820590      0.45179410
  314       0.53882908      0.46117092
  315       2.70112542      0.32471864
  316       2.82318152      0.29420462
  317       0.55453598      0.44546402
  318       2.82597907      0.29350523
  319       2.79228267      0.30192933
  320       0.55019642      0.44980358
  321       2.79471294      0.30132177
  322       0.54123538      0.45876462
  323       0.55556475      0.44443525
  324       0.54870272      0.45129728
  325       2.70337928      0.32415518
  326       2.88025009      0.27993748
  327       2.69464365      0.32633909
  328       2.88171073      0.27957232
  329       2.70177437      0.32455641
  330       0.53806692      0.46193308
  331       2.87894587      0.28026353
  332       2.88377446      0.27905638
  333       2.69452783      0.32636804
  334       0.53825530      0.46174470
  335       2.82249461      0.29437635
  336       2.69678941      0.32580265
  337       0.54038719      0.45961281
  338       0.53853356      0.46146644
  339       2.70249101      0.32437725
  340       2.87616006      0.28095998
  341       2.79775873      0.30056032
  342       0.54069626      0.45930374
  343       2.83060451      0.29234887
  344       2.88206098      0.27948475
  345       2.69846748      0.32538313
  346       0.53984052      0.46015948
  347       2.80031453      0.29992137
  348       0.54894417      0.45105583
  349       0.54852525      0.45147475
  350       0.53805523      0.46194477
  351       2.70246843      0.32438289
  352       2.82592754      0.29351812
  353       0.55032677      0.44967323
  354       2.82402748      0.29399313
  355       2.79830511      0.30042372
  356       0.54753734      0.45246266
  357       2.79698215      0.30075446
  358       0.54072230      0.45927770
  359       0.55581907      0.44418093
  360       0.54863657      0.45136343
  361       2.70334056      0.32416486
  362       2.88056853      0.27985787
  363       2.69479590      0.32630103
  364       2.88215604      0.27946099
  365       2.70188901      0.32452775
  366       0.53772213      0.46227787
  367       2.87804111      0.28048972
  368       2.88301964      0.27924509
  369       2.69442948      0.32639263
  370       0.53795959      0.46204041
  371       2.82256347      0.29435913
  372       2.69710707      0.32572323
  373       0.54022535      0.45977465
  374       0.53865783      0.46134217
  375       2.70259029      0.32435243
  376       2.87678854      0.28080287
  377       2.79951244      0.30012189
  378       0.54040702      0.45959298
  379       2.82935332      0.29266167
  380       2.88141277      0.27964681
  381       2.69834235      0.32541441
  382       0.53980382      0.46019618
  383       2.80137297      0.29965676
  384       0.54981959      0.45018041
  385       0.54795319      0.45204681
  386       0.53824020      0.46175980
  387       2.70250483      0.32437379
  388       2.82711282      0.29322179
  389       0.55017624      0.44982376
  390       2.82361960      0.29409510
  391       2.79800307      0.30049923
  392       0.54772431      0.45227569
  393       2.79613919      0.30096520
  394       0.54084544      0.45915456
  395       0.55585678      0.44414322
  396       0.54838946      0.45161054
  397       2.69805477      0.32548631
  398       2.87904491      0.28023877
  399       2.69343723      0.32664069
  400       2.88106312      0.27973422
  401       2.69748998      0.32562750
  402       0.54551385      0.45448615
  403       2.87682472      0.28079382
  404       2.88214510      0.27946373
  405       2.68985921      0.32753520
  406       0.54589382      0.45410618
  407       2.82115895      0.29471026
  408       2.69686245      0.32578439
  409       0.54100682      0.45899318
  410       0.53877053      0.46122947
  411       2.70234361      0.32441410
  412       2.87636188      0.28090953
  413       2.79162946      0.30209263
  414       0.54847474      0.45152526
  415       2.82764617      0.29308846
  416       2.88129381      0.27967655
  417       2.69311753      0.32672062
  418       0.54875654      0.45124346
  419       2.79518700      0.30120325
  420       0.55188876      0.44811124
  421       0.54844857      0.45155143
  422       0.53841674      0.46158326
  423       2.70056347      0.32485913
  424       2.82646895      0.29338276
  425       0.55580581      0.44419419
  426       2.82497595      0.29375601
  427       2.79497487      0.30125628
  428       0.55097990      0.44902010
  429       2.79688769      0.30077808
  430       0.54113287      0.45886713
  431       0.54958946      0.45041054
  432       0.54941749      0.45058251
  433       2.70243711      0.32439072
  434       2.87854361      0.28036410
  435       2.69530714      0.32617321
  436       2.87921338      0.28019666
  437       2.70129540      0.32467615
  438       0.54211942      0.45788058
  439       2.87831408      0.28042148
  440       2.88311662      0.27922085
  441       2.69381789      0.32654553
  442       0.54185521      0.45814479
  443       2.82177428      0.29455643
  444       2.69780426      0.32554893
  445       0.53976123      0.46023877
  446       0.53784546      0.46215454
  447       2.70350613      0.32412347
  448       2.87393563      0.28151609
  449       2.79377238      0.30155690
  450       0.54451795      0.45548205
  451       2.83056005      0.29235999
  452       2.88151594      0.27962101
  453       2.69794252      0.32551437
  454       0.54376703      0.45623297
  455       2.79784825      0.30053794
  456       0.54807648      0.45192352
  457       0.54844237      0.45155763
  458       0.53764364      0.46235636
  459       2.70308774      0.32422806
  460       2.82555963      0.29361009
  461       0.55042151      0.44957849
  462       2.82368914      0.29407771
  463       2.79794561      0.30051360
  464       0.54861348      0.45138652
  465       2.79712120      0.30071970
  466       0.54004770      0.45995230
  467       0.55533190      0.44466810
  468       0.54804435      0.45195565
  469       2.70319018      0.32420245
  470       2.87667079      0.28083230
  471       2.69525048      0.32618738
  472       2.87814514      0.28046371
  473       2.70151504      0.32462124
  474       0.54103901      0.45896099
  475       2.87947642      0.28013090
  476       2.88420050      0.27894988
  477       2.69430440      0.32642390
  478       0.54090296      0.45909704
  479       2.82049714      0.29487572
  480       2.69729588      0.32567603
  481       0.54005160      0.45994840
  482       0.53812917      0.46187083
  483       2.70266545      0.32433364
  484       2.87240664      0.28189834
  485       2.79488589      0.30127853
  486       0.54381103      0.45618897
  487       2.83245868      0.29188533
  488       2.88250827      0.27937293
  489       2.69846775      0.32538306
  490       0.54285332      0.45714668
  491       2.79969576      0.30007606
  492       0.54870279      0.45129721
  493       0.54848018      0.45151982
  494       0.53809444      0.46190556
  495       2.70296714      0.32425822
  496       2.82477064      0.29380734
  497       0.54886104      0.45113896
  498       2.82414384      0.29396404
  499       2.79871539      0.30032115
  500       0.54832587      0.45167413
  501       2.79715109      0.30071223
  502       0.54032628      0.45967372
  503       0.55561979      0.44438021
  504       0.54839543      0.45160457
  505       2.70138118      0.32465470
  506       2.87863656      0.28034086
  507       2.68980109      0.32754973
  508       2.87902177      0.28024456
  509       2.69911558      0.32522110
  510       0.54224993      0.45775007
  511       2.87753525      0.28061619
  512       2.88160539      0.27959865
  513       2.69222722      0.32694319
  514       0.54254328      0.45745672
  515       2.82384019      0.29403995
  516       2.69278496      0.32680376
  517       0.54896475      0.45103525
  518       0.54582166      0.45417834
  519       2.69762500      0.32559375
  520       2.87359889      0.28160028
  521       2.79173576      0.30206606
  522       0.54495680      0.45504320
  523       2.82897373      0.29275657
  524       2.87961211      0.28009697
  525       2.69656769      0.32585808
  526       0.54420568      0.45579432
  527       2.79296771      0.30175807
  528       0.54849195      0.45150805
  529       0.55156977      0.44843023
  530       0.54586345      0.45413655
  531       2.69753615      0.32561596
  532       2.82544652      0.29363837
  533       0.54824403      0.45175597
  534       2.82160776      0.29459806
  535       2.79540774      0.30114807
  536       0.54923366      0.45076634
  537       2.79235152      0.30191212
  538       0.54854444      0.45145556
  539       0.55565267      0.44434733
  540       0.55194576      0.44805424
  541       2.70217014      0.32445747
  542       2.87915301      0.28021175
  543       2.69519462      0.32620135
  544       2.88033941      0.27991515
  545       2.70131966      0.32467008
  546       0.54199246      0.45800754
  547       2.87632421      0.28091895
  548       2.88111930      0.27972018
  549       2.69398036      0.32650491
  550       0.54249397      0.45750603
  551       2.82157446      0.29460638
  552       2.69868483      0.32532879
  553       0.53966298      0.46033702
  554       0.53735670      0.46264330
  555       2.70375950      0.32406013
  556       2.87578267      0.28105433
  557       2.79483934      0.30129017
  558       0.54485325      0.45514675
  559       2.82653929      0.29336518
  560       2.87974698      0.28006325
  561       2.69704371      0.32573907
  562       0.54365627      0.45634373
  563       2.79816283      0.30045929
  564       0.54919344      0.45080656
  565       0.54711718      0.45288282
  566       0.53759225      0.46240775
  567       2.70272060      0.32431985
  568       2.82872564      0.29281859
  569       0.55542835      0.44457165
  570       2.82233713      0.29441572
  571       2.80041206      0.29989698
  572       0.54909010      0.45090990
  573       2.79940559      0.30014860
  574       0.53989398      0.46010602
  575       0.54916306      0.45083694
  576       0.54839995      0.45160005
  577       2.70385417      0.32403646
  578       2.88052006      0.27986998
  579       2.69444671      0.32638832
  580       2.88232787      0.27941803
  581       2.70265316      0.32433671
  582       0.53744524      0.46255476
  583       2.87415391      0.28146152
  584       2.87911968      0.28022008
  585       2.69507261      0.32623185
  586       0.53772467      0.46227533
  587       2.82240042      0.29439989
  588       2.69715532      0.32571117
  589       0.54314501      0.45685499
  590       0.54169249      0.45830751
  591       2.70232928      0.32441768
  592       2.87711446      0.28072138
  593       2.79914558      0.30021360
  594       0.53999837      0.46000163
  595       2.82782043      0.29304489
  596       2.87772548      0.28056863
  597       2.69860962      0.32534759
  598       0.53985499      0.46014501
  599       2.80117560      0.29970610
  600       0.54898316      0.45101684
  601       0.54956655      0.45043345
  602       0.54127305      0.45872695
  603       2.70176503      0.32455874
  604       2.82726480      0.29318380
  605       0.55045006      0.44954994
  606       2.82055841      0.29486040
  607       2.79815319      0.30046170
  608       0.54751435      0.45248565
  609       2.79515536      0.30121116
  610       0.54410832      0.45589168
  611       0.55591587      0.44408413
  612       0.54917290      0.45082710
  613       2.70597831      0.32350542
  614       2.88169936      0.27957516
  615       2.69776398      0.32555900
  616       2.88348310      0.27912922
  617       2.69442417      0.32639396
  618       0.53925529      0.46074471
  619       2.87410377      0.28147406
  620       2.87640430      0.28089892
  621       2.69847003      0.32538249
  622       0.53984019      0.46015981
  623       2.81974246      0.29506439
  624       2.69589235      0.32602691
  625       0.54246611      0.45753389
  626       0.54237816      0.45762184
  627       2.70519420      0.32370145
  628       2.88128902      0.27967775
  629       2.79888605      0.30027849
  630       0.54084265      0.45915735
  631       2.81824891      0.29543777
  632       2.87568620      0.28107845
  633       2.69669414      0.32582647
  634       0.53974312      0.46025688
  635       2.80176789      0.29955803
  636       0.55320483      0.44679517
  637       0.54599665      0.45400335
  638       0.54246216      0.45753784
  639       2.69436765      0.32640809
  640       2.82264849      0.29433788
  641       0.55381043      0.44618957
  642       2.81585051      0.29603737
  643       2.80090438      0.29977391
  644       0.54485075      0.45514925
  645       2.79913226      0.30021693
  646       0.54396317      0.45603683
  647       0.55126570      0.44873430
  648       0.55320828      0.44679172
  649       2.70579651      0.32355087
  650       2.88082857      0.27979286
  651       2.69801363      0.32549659
  652       2.88264838      0.27933790
  653       2.69468934      0.32632766
  654       0.53887782      0.46112218
  655       2.87432386      0.28141904
  656       2.87641054      0.28089737
  657       2.69862745      0.32534314
  658       0.53942385      0.46057615
  659       2.81885761      0.29528560
  660       2.69603962      0.32599010
  661       0.54207248      0.45792752
  662       0.54232970      0.45767030
  663       2.70548705      0.32362824
  664       2.88067877      0.27983031
  665       2.80319085      0.29920229
  666       0.54018740      0.45981260
  667       2.81881464      0.29529634
  668       2.87519213      0.28120197
  669       2.69626203      0.32593449
  670       0.53934511      0.46065489
  671       2.80587501      0.29853125
  672       0.55418669      0.44581331
  673       0.54568690      0.45431310
  674       0.54202342      0.45797658
  675       2.69429863      0.32642534
  676       2.82206174      0.29448456
  677       0.55191110      0.44808890
  678       2.81537221      0.29615695
  679       2.80142378      0.29964405
  680       0.54482097      0.45517903
  681       2.79680699      0.30079825
  682       0.54337820      0.45662180
  683       0.55387910      0.44612090
  684       0.55308268      0.44691732
  685       2.70575761      0.32356060
  686       2.87612388      0.28096903
  687       2.69884289      0.32528928
  688       2.87658933      0.28085267
  689       2.69427519      0.32643120
  690       0.54248193      0.45751807
  691       2.88060649      0.27984838
  692       2.88276175      0.27930956
  693       2.69765670      0.32558583
  694       0.54254577      0.45745423
  695       2.81597616      0.29600596
  696       2.69655388      0.32586153
  697       0.53931803      0.46068197
  698       0.53921847      0.46078153
  699       2.70640312      0.32339922
  700       2.87468896      0.28132776
  701       2.79894315      0.30026421
  702       0.54369896      0.45630104
  703       2.82375715      0.29406071
  704       2.88128052      0.27967987
  705       2.69607468      0.32598133
  706       0.54253420      0.45746580
  707       2.80387703      0.29903074
  708       0.55276416      0.44723584
  709       0.54464984      0.45535016
  710       0.53866137      0.46133863
  711       2.69497507      0.32625623
  712       2.81845333      0.29538667
  713       0.54987365      0.45012635
  714       2.81907584      0.29523104
  715       2.80213630      0.29946593
  716       0.54592206      0.45407794
  717       2.79933584      0.30016604
  718       0.54049363      0.45950637
  719       0.55370015      0.44629985
  720       0.55315216      0.44684784
  721       2.70486814      0.32378296
  722       2.88126033      0.27968492
  723       2.69269043      0.32682739
  724       2.88225022      0.27943745
  725       2.69341767      0.32664558
  726       0.53975917      0.46024083
  727       2.87351625      0.28162094
  728       2.87522269      0.28119433
  729       2.69741234      0.32564691
  730       0.54035942      0.45964058
  731       2.82015249      0.29496188
  732       2.69125782      0.32718554
  733       0.55024576      0.44975424
  734       0.55058652      0.44941348
  735       2.70021521      0.32494620
  736       2.87992275      0.28001931
  737       2.79571895      0.30107026
  738       0.54094901      0.45905099
  739       2.81853264      0.29536684
  740       2.87399951      0.28150012
  741       2.69562318      0.32609421
  742       0.54022581      0.45977419
  743       2.79382187      0.30154453
  744       0.55264747      0.44735253
  745       0.55435141      0.44564859
  746       0.55002427      0.44997573
  747       2.69004237      0.32748941
  748       2.81963280      0.29509180
  749       0.55304274      0.44695726
  750       2.81557425      0.29610644
  751       2.79923327      0.30019168
  752       0.54524033      0.45475967
  753       2.79269552      0.30182612
  754       0.55258208      0.44741792
  755       0.55320080      0.44679920
  756       0.55280441      0.44719559
  757       2.70519751      0.32370062
  758       2.88087556      0.27978111
  759       2.69272770      0.32681808
  760       2.88275571      0.27931107
  761       2.69343476      0.32664131
  762       0.53972782      0.46027218
  763       2.87287211      0.28178197
  764       2.87418752      0.28145312
  765       2.69754740      0.32561315
  766       0.54027527      0.45972473
  767       2.82058659      0.29485335
  768       2.69124374      0.32718907
  769       0.55024796      0.44975204
  770       0.55054685      0.44945315
  771       2.69980866      0.32504783
  772       2.88048226      0.27987943
  773       2.79674042      0.30081490
  774       0.54116920      0.45883080
  775       2.81738231      0.29565442
  776       2.87366407      0.28158398
  777       2.69490321      0.32627420
  778       0.54001182      0.45998818
  779       2.79434776      0.30141306
  780       0.55347383      0.44652617
  781       0.55442884      0.44557116
  782       0.54982812      0.45017188
  783       2.69024646      0.32743838
  784       2.82216078      0.29445980
  785       0.55335018      0.44664982
  786       2.81659102      0.29585224
  787       2.80114968      0.29971258
  788       0.54510774      0.45489226
  789       2.79412710      0.30146823
  790       0.55162871      0.44837129
  791       0.54911901      0.45088099
  792       0.55221026      0.44778974
  793       2.70606025      0.32348494
  794       2.88160484      0.27959879
  795       2.69751180      0.32562205
  796       2.88352762      0.27911810
  797       2.69408934      0.32647766
  798       0.53940461      0.46059539
  799       2.87394452      0.28151387
  800       2.87556745      0.28110814
  801       2.69815573      0.32546107
  802       0.53986242      0.46013758
  803       2.82001833      0.29499542
  804       2.69557336      0.32610666
  805       0.54244013      0.45755987
  806       0.54253020      0.45746980
  807       2.70516840      0.32370790
  808       2.88151529      0.27962118
  809       2.80253316      0.29936671
  810       0.54042369      0.45957631
  811       2.81893198      0.29526701
  812       2.87480520      0.28129870
  813       2.69591415      0.32602146
  814       0.54009040      0.45990960
  815       2.80488606      0.29877849
  816       0.55326569      0.44673431
  817       0.54587096      0.45412904
  818       0.54206202      0.45793798
  819       2.69428936      0.32642766
  820       2.82266211      0.29433447
  821       0.55108939      0.44891061
  822       2.81457775      0.29635556
  823       2.80145337      0.29963666
  824       0.54543044      0.45456956
  825       2.79665064      0.30083734
  826       0.54355156      0.45644844
  827       0.55403327      0.44596673
  828       0.55305516      0.44694484
  829       2.70076464      0.32480884
  830       2.87951274      0.28012181
  831       2.68968295      0.32757926
  832       2.87981297      0.28004676
  833       2.69977527      0.32505618
  834       0.54241343      0.45758657
  835       2.87526700      0.28118325
  836       2.88054925      0.27986269
  837       2.69300247      0.32674938
  838       0.54284811      0.45715189
  839       2.82384264      0.29403934
  840       2.69380989      0.32654753
  841       0.54877996      0.45122004
  842       0.54561488      0.45438512
  843       2.69859651      0.32535087
  844       2.87405103      0.28148724
  845       2.79259781      0.30185055
  846       0.54518499      0.45481501
  847       2.82337639      0.29415590
  848       2.87909803      0.28022549
  849       2.69562991      0.32609252
  850       0.54447842      0.45552158
  851       2.79184146      0.30203964
  852       0.54953092      0.45046908
  853       0.55049604      0.44950396
  854       0.54559390      0.45440610
  855       2.69702444      0.32574389
  856       2.82639468      0.29340133
  857       0.55566971      0.44433029
  858       2.82225817      0.29443546
  859       2.79426717      0.30143321
  860       0.54929202      0.45070798
  861       2.79136882      0.30215779
  862       0.54845634      0.45154366
  863       0.55428035      0.44571965
  864       0.55162995      0.44837005
  865       2.69963628      0.32509093
  866       2.87275920      0.28181020
  867       2.68990243      0.32752439
  868       2.87288814      0.28177796
  869       2.69886158      0.32528460
  870       0.53995749      0.46004251
  871       2.88167335      0.27958166
  872       2.88752905      0.27811774
  873       2.69213261      0.32696685
  874       0.54007151      0.45992849
  875       2.81823181      0.29544205
  876       2.69461274      0.32634682
  877       0.55188166      0.44811834
  878       0.54881534      0.45118466
  879       2.69867051      0.32533237
  880       2.86797793      0.28300552
  881       2.79370665      0.30157334
  882       0.54230820      0.45769180
  883       2.83001578      0.29249606
  884       2.88519032      0.27870242
  885       2.69486754      0.32628312
  886       0.54157307      0.45842693
  887       2.79121734      0.30219566
  888       0.54911655      0.45088345
  889       0.55150605      0.44849395
  890       0.54932973      0.45067027
  891       2.69733063      0.32566734
  892       2.82094834      0.29476292
  893       0.55568753      0.44431247
  894       2.82640587      0.29339853
  895       2.79718818      0.30070295
  896       0.54807661      0.45192339
  897       2.79036170      0.30240958
  898       0.55211640      0.44788360
  899       0.55248300      0.44751700
  900       0.55179983      0.44820017
  901       2.69840918      0.32539771
  902       2.88626619      0.27843345
  903       2.69262285      0.32684429
  904       2.88908019      0.27772995
  905       2.69738333      0.32565417
  906       0.54957952      0.45042048
  907       2.86621344      0.28344664
  908       2.87125561      0.28218610
  909       2.68965264      0.32758684
  910       0.54911680      0.45088320
  911       2.82709792      0.29322552
  912       2.69518782      0.32620305
  913       0.54108014      0.45891986
  914       0.53940744      0.46059256
  915       2.69960376      0.32509906
  916       2.88281216      0.27929696
  917       2.79093934      0.30226516
  918       0.55251235      0.44748765
  919       2.81994199      0.29501450
  920       2.87093235      0.28226691
  921       2.69441735      0.32639566
  922       0.55213416      0.44786584
  923       2.79853946      0.30036513
  924       0.55220609      0.44779391
  925       0.54783282      0.45216718
  926       0.53940431      0.46059569
  927       2.69907851      0.32523037
  928       2.83116182      0.29220954
  929       0.55277534      0.44722466
  930       2.81680457      0.29579886
  931       2.79101848      0.30224538
  932       0.55216813      0.44783187
  933       2.79372016      0.30156996
  934       0.54155385      0.45844615
  935       0.55613892      0.44386108
  936       0.54895550      0.45104450
  937       2.70060192      0.32484952
  938       2.86976023      0.28255994
  939       2.69017053      0.32745737
  940       2.87043873      0.28239032
  941       2.69877131      0.32530717
  942       0.53899841      0.46100159
  943       2.88367189      0.27908203
  944       2.88894478      0.27776381
  945       2.69213516      0.32696621
  946       0.53911650      0.46088350
  947       2.81549183      0.29612704
  948       2.69364646      0.32658838
  949       0.55207701      0.44792299
  950       0.54943007      0.45056993
  951       2.69791166      0.32552208
  952       2.86560259      0.28359935
  953       2.79677551      0.30080612
  954       0.54151792      0.45848208
  955       2.83367698      0.29158076
  956       2.88643725      0.27839069
  957       2.69575547      0.32606113
  958       0.54120821      0.45879179
  959       2.79458180      0.30135455
  960       0.55007988      0.44992012
  961       0.55279620      0.44720380
  962       0.54930944      0.45069056
  963       2.69786630      0.32553342
  964       2.81848222      0.29537945
  965       0.55088719      0.44911281
  966       2.82733620      0.29316595
  967       2.79575445      0.30106139
  968       0.54831475      0.45168525
  969       2.79025018      0.30243746
  970       0.55231519      0.44768481
  971       0.55549932      0.44450068
  972       0.55231860      0.44768140
  973       2.69533681      0.32616580
  974       2.88268548      0.27932863
  975       2.69096036      0.32725991
  976       2.88489100      0.27877725
  977       2.69468151      0.32632962
  978       0.55142227      0.44857773
  979       2.87071306      0.28232174
  980       2.87554731      0.28111317
  981       2.68687876      0.32828031
  982       0.55168299      0.44831701
  983       2.82382768      0.29404308
  984       2.69436320      0.32640920
  985       0.54269670      0.45730330
  986       0.54039416      0.45960584
  987       2.69924183      0.32518954
  988       2.87984493      0.28003877
  989       2.78835510      0.30291123
  990       0.55438894      0.44561106
  991       2.82267678      0.29433081
  992       2.87505728      0.28123568
  993       2.69078778      0.32730306
  994       0.55391980      0.44608020
  995       2.79399634      0.30150092
  996       0.55350541      0.44649459
  997       0.54983539      0.45016461
  998       0.54049184      0.45950816
  999       2.69744403      0.32563899
 1000       2.82984390      0.29253902
 1001       0.55651883      0.44348117
 1002       2.81964503      0.29508874
 1003       2.79276484      0.30180879
 1004       0.55404237      0.44595763
 1005       2.79525424      0.30118644
 1006       0.54283058      0.45716942
 1007       0.55123751      0.44876249
 1008       0.55047854      0.44952146
 1009       2.69528566      0.32617858
 1010       2.88327603      0.27918099
 1011       2.69160134      0.32709967
 1012       2.88520836      0.27869791
 1013       2.69460851      0.32634787
 1014       0.55211535      0.44788465
 1015       2.87034687      0.28241328
 1016       2.87572133      0.28106967
 1017       2.68673414      0.32831646
 1018       0.55153314      0.44846686
 1019       2.82418641      0.29395340
 1020       2.69465395      0.32633651
 1021       0.54214346      0.45785654
 1022       0.54033175      0.45966825
 1023       2.69919043      0.32520239
 1024       2.87932859      0.28016785
 1025       2.78907422      0.30273145
 1026       0.55453313      0.44546687
 1027       2.82231747      0.29442063
 1028       2.87513798      0.28121550
 1029       2.69067363      0.32733159
 1030       0.55444401      0.44555599
 1031       2.79527090      0.30118227
 1032       0.55367007      0.44632993
 1033       0.54949631      0.45050369
 1034       0.54011466      0.45988534
 1035       2.69764568      0.32558858
 1036       2.82772854      0.29306786
 1037       0.55582795      0.44417205
 1038       2.82040204      0.29489949
 1039       2.78923088      0.30269228
 1040       0.55371258      0.44628742
 1041       2.79241792      0.30189552
 1042       0.54276526      0.45723474
 1043       0.55688883      0.44311117
 1044       0.54953173      0.45046827
 1045       2.69840883      0.32539779
 1046       2.88636884      0.27840779
 1047       2.69209170      0.32697707
 1048       2.88855456      0.27786136
 1049       2.69805994      0.32548501
 1050       0.54926166      0.45073834
 1051       2.86687728      0.28328068
 1052       2.87187914      0.28203021
 1053       2.69031228      0.32742193
 1054       0.54943980      0.45056020
 1055       2.82714429      0.29321393
 1056       2.69567764      0.32608059
 1057       0.54174337      0.45825663
 1058       0.53974154      0.46025846
 1059       2.70081580      0.32479605
 1060       2.88383123      0.27904219
 1061       2.79052184      0.30236954
 1062       0.55233098      0.44766902
 1063       2.81885306      0.29528674
 1064       2.87179342      0.28205164
 1065       2.69351527      0.32662118
 1066       0.55202460      0.44797540
 1067       2.79559283      0.30110179
 1068       0.55227873      0.44772127
 1069       0.54844956      0.45155044
 1070       0.53938943      0.46061057
 1071       2.69850088      0.32537478
 1072       2.83460871      0.29134782
 1073       0.55540728      0.44459272
 1074       2.81874970      0.29531257
 1075       2.78989888      0.30252528
 1076       0.55314086      0.44685914
 1077       2.79203919      0.30199020
 1078       0.54184914      0.45815086
 1079       0.55048577      0.44951423
 1080       0.54806957      0.45193043
 1081       2.70055649      0.32486088
 1082       2.88595260      0.27851185
 1083       2.69554194      0.32611451
 1084       2.88708217      0.27822946
 1085       2.69054966      0.32736259
 1086       0.55044937      0.44955063
 1087       2.86814070      0.28296482
 1088       2.86912344      0.28271914
 1089       2.69328600      0.32667850
 1090       0.55025427      0.44974573
 1091       2.82306022      0.29423494
 1092       2.69388211      0.32652947
 1093       0.54068979      0.45931021
 1094       0.54066160      0.45933840
 1095       2.70310738      0.32422316
 1096       2.88318932      0.27920267
 1097       2.79086660      0.30228335
 1098       0.55372310      0.44627690
 1099       2.81283439      0.29679140
 1100       2.86887594      0.28278101
 1101       2.69177906      0.32705523
 1102       0.55049037      0.44950963
 1103       2.79800866      0.30049783
 1104       0.55416013      0.44583987
 1105       0.54550236      0.45449764
 1106       0.54004424      0.45995576
 1107       2.69241188      0.32689703
 1108       2.82387334      0.29403166
 1109       0.55293457      0.44706543
 1110       2.81342114      0.29664472
 1111       2.79840505      0.30039874
 1112       0.55420739      0.44579261
 1113       2.80239313      0.29940172
 1114       0.54057853      0.45942147
 1115       0.55171244      0.44828756
 1116       0.55259620      0.44740380
 1117       2.70265804      0.32433549
 1118       2.86839817      0.28290046
 1119       2.69338513      0.32665372
 1120       2.86922508      0.28269373
 1121       2.69247234      0.32688191
 1122       0.54024081      0.45975919
 1123       2.88430315      0.27892421
 1124       2.88741251      0.27814687
 1125       2.69570585      0.32607354
 1126       0.54048695      0.45951305
 1127       2.81358708      0.29660323
 1128       2.69217319      0.32695670
 1129       0.55019063      0.44980937
 1130       0.55034392      0.44965608
 1131       2.70097963      0.32475509
 1132       2.86770655      0.28307336
 1133       2.79810869      0.30047283
 1134       0.54068007      0.45931993
 1135       2.82386501      0.29403375
 1136       2.88642703      0.27839324
 1137       2.69353795      0.32661551
 1138       0.54067760      0.45932240
 1139       2.79539172      0.30115207
 1140       0.55234703      0.44765297
 1141       0.55370624      0.44629376
 1142       0.55019423      0.44980577
 1143       2.69063992      0.32734002
 1144       2.81413248      0.29646688
 1145       0.55374150      0.44625850
 1146       2.82180528      0.29454868
 1147       2.80151964      0.29962009
 1148       0.54580647      0.45419353
 1149       2.79129694      0.30217576
 1150       0.55375183      0.44624817
 1151       0.55231419      0.44768581
 1152       0.55437535      0.44562465
 1153       2.70143994      0.32464001
 1154       2.88109811      0.27972547
 1155       2.69346262      0.32663435
 1156       2.88152633      0.27961842
 1157       2.69056915      0.32735771
 1158       0.54954855      0.45045145
 1159       2.87171434      0.28207142
 1160       2.87318850      0.28170288
 1161       2.69378409      0.32655398
 1162       0.54989939      0.45010061
 1163       2.81960790      0.29509802
 1164       2.69182814      0.32704296
 1165       0.54626337      0.45373663
 1166       0.54627033      0.45372967
 1167       2.70058401      0.32485400
 1168       2.87848394      0.28037902
 1169       2.78943121      0.30264220
 1170       0.55276394      0.44723606
 1171       2.81636431      0.29590892
 1172       2.87224229      0.28193943
 1173       2.69248754      0.32687811
 1174       0.54948246      0.45051754
 1175       2.79249997      0.30187501
 1176       0.55261152      0.44738848
 1177       0.55249218      0.44750782
 1178       0.54565059      0.45434941
 1179       2.69086643      0.32728339
 1180       2.82007313      0.29498172
 1181       0.55174937      0.44825063
 1182       2.81580384      0.29604904
 1183       2.79412212      0.30146947
 1184       0.55275878      0.44724122
 1185       2.79264893      0.30183777
 1186       0.54782064      0.45217936
 1187       0.55221889      0.44778111
 1188       0.55112771      0.44887229
 1189       2.70104466      0.32473884
 1190       2.87953205      0.28011699
 1191       2.69355646      0.32661089
 1192       2.88057750      0.27985562
 1193       2.69081075      0.32729731
 1194       0.54957267      0.45042733
 1195       2.87190256      0.28202436
 1196       2.87345736      0.28163566
 1197       2.69380300      0.32654925
 1198       0.54946453      0.45053547
 1199       2.81921841      0.29519540
 1200       2.69164205      0.32708949
 1201       0.54647507      0.45352493
 1202       0.54600929      0.45399071
 1203       2.70067994      0.32483001
 1204       2.87747086      0.28063229
 1205       2.78917400      0.30270650
 1206       0.55230665      0.44769335
 1207       2.81654086      0.29586479
 1208       2.87323660      0.28169085
 1209       2.69194277      0.32701431
 1210       0.54955194      0.45044806
 1211       2.79284522      0.30178870
 1212       0.55224688      0.44775312
 1213       0.55227782      0.44772218
 1214       0.54541905      0.45458095
 1215       2.69079005      0.32730249
 1216       2.82014474      0.29496382
 1217       0.55191817      0.44808183
 1218       2.81655897      0.29586026
 1219       2.79715430      0.30071143
 1220       0.55277863      0.44722137
 1221       2.79674667      0.30081333
 1222       0.54780505      0.45219495
 1223       0.54965221      0.45034779
 1224       0.55121462      0.44878538
 1225       2.70040200      0.32489950
 1226       2.88757993      0.27810502
 1227       2.69587756      0.32603061
 1228       2.88917894      0.27770526
 1229       2.69003157      0.32749211
 1230       0.55115269      0.44884731
 1231       2.86709589      0.28322603
 1232       2.86840444      0.28289889
 1233       2.69280646      0.32679839
 1234       0.55129770      0.44870230
 1235       2.82429919      0.29392520
 1236       2.69416658      0.32645835
 1237       0.54030038      0.45969962
 1238       0.54045784      0.45954216
 1239       2.70314795      0.32421301
 1240       2.88561000      0.27859750
 1241       2.79045409      0.30238648
 1242       0.55407311      0.44592689
 1243       2.81231730      0.29692067
 1244       2.86847276      0.28288181
 1245       2.69197771      0.32700557
 1246       0.55082061      0.44917939
 1247       2.79792015      0.30051996
 1248       0.55433737      0.44566263
 1249       0.54541619      0.45458381
 1250       0.53968100      0.46031900
 1251       2.69286549      0.32678363
 1252       2.82503132      0.29374217
 1253       0.55291835      0.44708165
 1254       2.81476355      0.29630911
 1255       2.79372431      0.30156892
 1256       0.55395417      0.44604583
 1257       2.80061237      0.29984691
 1258       0.54042191      0.45957809
 1259       0.55050028      0.44949972
 1260       0.55184566      0.44815434
 1261       2.70287125      0.32428219
 1262       2.86772846      0.28306789
 1263       2.69315481      0.32671130
 1264       2.86835023      0.28291244
 1265       2.69308494      0.32672877
 1266       0.53988034      0.46011966
 1267       2.88562696      0.27859326
 1268       2.88926634      0.27768341
 1269       2.69553163      0.32611709
 1270       0.54019768      0.45980232
 1271       2.81260090      0.29684978
 1272       2.69187024      0.32703244
 1273       0.55113329      0.44886671
 1274       0.55066355      0.44933645
 1275       2.70089236      0.32477691
 1276       2.86707077      0.28323231
 1277       2.79867039      0.30033240
 1278       0.54046056      0.45953944
 1279       2.82492352      0.29376912
 1280       2.88798624      0.27800344
 1281       2.69324945      0.32668764
 1282       0.54066432      0.45933568
 1283       2.79586599      0.30103350
 1284       0.55221851      0.44778149
 1285       0.55412156      0.44587844
 1286       0.55062188      0.44937812
 1287       2.68983090      0.32754227
 1288       2.81393124      0.29651719
 1289       0.55385095      0.44614905
 1290       2.82320334      0.29419917
 1291       2.80003870      0.29999033
 1292       0.54531175      0.45468825
 1293       2.78995449      0.30251138
 1294       0.55379309      0.44620691
 1295       0.55116084      0.44883916
 1296       0.55392423      0.44607577

Nr. of electrons (up):   3672.00000000
Atom populations (up)
 Atom       Population
    1       3.95722815
    2       4.15949663
    3       3.95402143
    4       4.15949506
    5       3.94985866
    6       0.88862751
    7       4.15943577
    8       4.15852580
    9       3.95371124
   10       0.88852495
   11       4.11670125
   12       3.95101715
   13       0.88825102
   14       0.88799040
   15       3.95749998
   16       4.16053104
   17       4.11188969
   18       0.88944115
   19       4.12000708
   20       4.15935989
   21       3.95046386
   22       0.88888550
   23       4.11366251
   24       0.90357657
   25       0.89282729
   26       0.88788072
   27       3.94969125
   28       4.12070809
   29       0.90160383
   30       4.11757136
   31       4.10904567
   32       0.89326496
   33       4.10711149
   34       0.88909263
   35       0.90283821
   36       0.90176335
   37       3.95623905
   38       4.16129481
   39       3.94927373
   40       4.16069996
   41       3.94861070
   42       0.88963885
   43       4.15894580
   44       4.15751527
   45       3.95277343
   46       0.88953721
   47       4.11987493
   48       3.94642655
   49       0.89621986
   50       0.89557692
   51       3.95238588
   52       4.16094957
   53       4.10445149
   54       0.89043260
   55       4.12081395
   56       4.15811054
   57       3.94947861
   58       0.88998175
   59       4.10203649
   60       0.90175243
   61       0.90151760
   62       0.89539157
   63       3.94597562
   64       4.11977644
   65       0.90224091
   66       4.11894563
   67       4.10648703
   68       0.89368319
   69       4.10262735
   70       0.89752928
   71       0.90226824
   72       0.90135751
   73       3.95232622
   74       4.15798358
   75       3.95255384
   76       4.15702260
   77       3.94579873
   78       0.89527559
   79       4.16096282
   80       4.16023811
   81       3.94910507
   82       0.89554187
   83       4.11957679
   84       3.94929250
   85       0.88957874
   86       0.88956320
   87       3.95616547
   88       4.15864453
   89       4.10606198
   90       0.89727236
   91       4.12011463
   92       4.16084709
   93       3.94656056
   94       0.89593795
   95       4.10869851
   96       0.90145059
   97       0.89345576
   98       0.88945381
   99       3.94866354
  100       4.12021851
  101       0.89915453
  102       4.11973942
  103       4.10249185
  104       0.90157276
  105       4.10477630
  106       0.89027106
  107       0.90252496
  108       0.90219358
  109       3.95732503
  110       4.16099398
  111       3.95421045
  112       4.16079831
  113       3.94945946
  114       0.88901972
  115       4.15957834
  116       4.15836959
  117       3.95373870
  118       0.88911842
  119       4.11874431
  120       3.95091512
  121       0.88841000
  122       0.88807724
  123       3.95765959
  124       4.16191868
  125       4.10676943
  126       0.88986398
  127       4.12005512
  128       4.15940471
  129       3.95061001
  130       0.88915327
  131       4.10973595
  132       0.90201138
  133       0.89312084
  134       0.88786283
  135       3.94994711
  136       4.12221235
  137       0.90297502
  138       4.11928412
  139       4.10785111
  140       0.89327874
  141       4.10898046
  142       0.88869522
  143       0.89996320
  144       0.90129511
  145       3.95766678
  146       4.15932498
  147       3.95381675
  148       4.15877680
  149       3.94959308
  150       0.88810061
  151       4.16058388
  152       4.15953398
  153       3.95394786
  154       0.88816089
  155       4.11789235
  156       3.95032742
  157       0.88885822
  158       0.88868543
  159       3.95732371
  160       4.16004231
  161       4.11046581
  162       0.88885899
  163       4.12129957
  164       4.16022894
  165       3.95085280
  166       0.88859812
  167       4.11162038
  168       0.90196851
  169       0.89312211
  170       0.88855524
  171       3.94971494
  172       4.12054200
  173       0.90027676
  174       4.11810318
  175       4.10989311
  176       0.89319337
  177       4.10703459
  178       0.88950425
  179       0.90302966
  180       0.90200141
  181       3.95764785
  182       4.15897236
  183       3.95347202
  184       4.15824588
  185       3.95000917
  186       0.88771754
  187       4.16143274
  188       4.16034285
  189       3.95391399
  190       0.88790222
  191       4.11700057
  192       3.95049509
  193       0.88943156
  194       0.88906921
  195       3.95710896
  196       4.15935772
  197       4.10748742
  198       0.88896264
  199       4.12140361
  200       4.16043067
  201       3.95070189
  202       0.88832002
  203       4.10936260
  204       0.90166841
  205       0.89371488
  206       0.88904682
  207       3.94927788
  208       4.12067472
  209       0.90292975
  210       4.11805283
  211       4.11206864
  212       0.89288028
  213       4.10998231
  214       0.88971708
  215       0.90043552
  216       0.90235784
  217       3.95601294
  218       4.16062122
  219       3.95279234
  220       4.16003010
  221       3.95285204
  222       0.88774586
  223       4.15977529
  224       4.15917565
  225       3.95256944
  226       0.88790557
  227       4.12091681
  228       3.94965926
  229       0.88869988
  230       0.88792244
  231       3.95584355
  232       4.16003215
  233       4.10570410
  234       0.88973038
  235       4.12670959
  236       4.15924593
  237       3.95043453
  238       0.88891861
  239       4.10530488
  240       0.89699031
  241       0.89763522
  242       0.88793571
  243       3.95355321
  244       4.12460230
  245       0.89836528
  246       4.11879526
  247       4.10651541
  248       0.89725197
  249       4.10700393
  250       0.88970910
  251       0.90401617
  252       0.89738816
  253       3.95638510
  254       4.15774847
  255       3.95216188
  256       4.15719447
  257       3.95337470
  258       0.88735320
  259       4.16176107
  260       4.16134924
  261       3.95294986
  262       0.88738885
  263       4.11747228
  264       3.94933551
  265       0.88932245
  266       0.88846527
  267       3.95533475
  268       4.15718281
  269       4.10818971
  270       0.88938934
  271       4.12753413
  272       4.16158665
  273       3.95074310
  274       0.88833046
  275       4.10736031
  276       0.89809945
  277       0.89786880
  278       0.88816609
  279       3.95294214
  280       4.12279315
  281       0.89788406
  282       4.12043899
  283       4.10701023
  284       0.89661330
  285       4.10679480
  286       0.89019332
  287       0.90384660
  288       0.89793722
  289       3.95136565
  290       4.15845082
  291       3.95204601
  292       4.15845526
  293       3.94810881
  294       0.89547130
  295       4.15957757
  296       4.15959857
  297       3.94793980
  298       0.89526145
  299       4.11843417
  300       3.94924799
  301       0.88937564
  302       0.88833226
  303       3.95467259
  304       4.15832296
  305       4.10208241
  306       0.89771919
  307       4.12495011
  308       4.16017375
  309       3.94623010
  310       0.89723609
  311       4.10359320
  312       0.90109712
  313       0.89775939
  314       0.88836193
  315       3.95195326
  316       4.12098737
  317       0.90313439
  318       4.12138298
  319       4.10094498
  320       0.89992142
  321       4.10498847
  322       0.89020276
  323       0.90404818
  324       0.89795531
  325       3.95613377
  326       4.15850243
  327       3.95242512
  328       4.15818955
  329       3.95309227
  330       0.88763825
  331       4.16065072
  332       4.16014061
  333       3.95267351
  334       0.88768691
  335       4.11776317
  336       3.94939611
  337       0.88891436
  338       0.88794383
  339       3.95547191
  340       4.15821137
  341       4.10771622
  342       0.88964848
  343       4.12714716
  344       4.16026441
  345       3.95065895
  346       0.88841139
  347       4.10821256
  348       0.89818579
  349       0.89802658
  350       0.88768975
  351       3.95319026
  352       4.12315358
  353       0.89885541
  354       4.11937736
  355       4.10708609
  356       0.89703231
  357       4.10722649
  358       0.88968147
  359       0.90425586
  360       0.89785752
  361       3.95609467
  362       4.15878693
  363       3.95257944
  364       4.15859831
  365       3.95320623
  366       0.88728249
  367       4.15975784
  368       4.15940839
  369       3.95257711
  370       0.88738144
  371       4.11777947
  372       3.94972463
  373       0.88874965
  374       0.88807306
  375       3.95557315
  376       4.15880633
  377       4.10945863
  378       0.88935069
  379       4.12590457
  380       4.15963468
  381       3.95054227
  382       0.88837216
  383       4.10922505
  384       0.89906750
  385       0.89744852
  386       0.88788146
  387       3.95323648
  388       4.12403736
  389       0.89870017
  390       4.11894375
  391       4.10678700
  392       0.89725883
  393       4.10667677
  394       0.88980748
  395       0.90426415
  396       0.89758017
  397       3.95101207
  398       4.15826666
  399       3.95181414
  400       4.15859422
  401       3.94837290
  402       0.89529429
  403       4.15891254
  404       4.15887418
  405       3.94790229
  406       0.89538544
  407       4.11764615
  408       3.94946565
  409       0.88943852
  410       0.88820247
  411       3.95509909
  412       4.15926820
  413       4.10227238
  414       0.89752610
  415       4.12481682
  416       4.15950657
  417       3.94574043
  418       0.89744305
  419       4.10402123
  420       0.90116469
  421       0.89803765
  422       0.88801499
  423       3.95181945
  424       4.12368919
  425       0.90424961
  426       4.12036834
  427       4.10287570
  428       0.90054948
  429       4.10689250
  430       0.89005894
  431       0.89813446
  432       0.89872685
  433       3.95532528
  434       4.15698507
  435       3.95322685
  436       4.15644306
  437       3.95240903
  438       0.89173922
  439       4.16014969
  440       4.15952372
  441       3.95211204
  442       0.89148975
  443       4.11779151
  444       3.95019465
  445       0.88835610
  446       0.88734993
  447       3.95633750
  448       4.15630962
  449       4.10395987
  450       0.89365970
  451       4.12734508
  452       4.15960536
  453       3.95013544
  454       0.89239329
  455       4.10572000
  456       0.89731742
  457       0.89798258
  458       0.88724748
  459       3.95387413
  460       4.12278130
  461       0.89892794
  462       4.11920255
  463       4.10637361
  464       0.89824019
  465       4.10730078
  466       0.88905419
  467       0.90376940
  468       0.89727856
  469       3.95596301
  470       4.15534187
  471       3.95305609
  472       4.15495972
  473       3.95285872
  474       0.89071320
  475       4.16131303
  476       4.16065732
  477       3.95253034
  478       0.89056525
  479       4.11617708
  480       3.94988531
  481       0.88863002
  482       0.88762325
  483       3.95588686
  484       4.15485903
  485       4.10523862
  486       0.89286080
  487       4.12898306
  488       4.16050828
  489       3.95063134
  490       0.89152037
  491       4.10767332
  492       0.89783551
  493       0.89796633
  494       0.88762510
  495       3.95372103
  496       4.12187865
  497       0.89730354
  498       4.11964061
  499       4.10725358
  500       0.89791698
  501       4.10743465
  502       0.88933928
  503       0.90405956
  504       0.89761735
  505       3.95418061
  506       4.15728181
  507       3.94786918
  508       4.15618125
  509       3.95068573
  510       0.89197320
  511       4.16018219
  512       4.15925379
  513       3.95089443
  514       0.89209368
  515       4.11967748
  516       3.94540038
  517       0.89769063
  518       0.89541054
  519       3.95083372
  520       4.15603756
  521       4.10214636
  522       0.89399113
  523       4.12619795
  524       4.15865818
  525       3.94897509
  526       0.89287850
  527       4.10102126
  528       0.89769121
  529       0.90115881
  530       0.89554547
  531       3.94846138
  532       4.12298161
  533       0.89672602
  534       4.11816341
  535       4.10401718
  536       0.89893904
  537       4.10287036
  538       0.89760118
  539       0.90413771
  540       0.90130955
  541       3.95501167
  542       4.15768599
  543       3.95346192
  544       4.15724914
  545       3.95235442
  546       0.89177588
  547       4.15802859
  548       4.15786159
  549       3.95188633
  550       0.89198576
  551       4.11732432
  552       3.95114701
  553       0.88809066
  554       0.88681511
  555       3.95675457
  556       4.15802841
  557       4.10521242
  558       0.89393219
  559       4.12357584
  560       4.15795540
  561       3.94932877
  562       0.89243343
  563       4.10686201
  564       0.89838441
  565       0.89670086
  566       0.88697149
  567       3.95386902
  568       4.12574627
  569       0.90384951
  570       4.11777331
  571       4.10787728
  572       0.89870475
  573       4.10915316
  574       0.88880092
  575       0.89769290
  576       0.89777319
  577       3.95662582
  578       4.15875753
  579       3.95225436
  580       4.15876599
  581       3.95370490
  582       0.88699728
  583       4.15650409
  584       4.15595348
  585       3.95323647
  586       0.88714115
  587       4.11770803
  588       3.94957733
  589       0.89187059
  590       0.89121026
  591       3.95534311
  592       4.15892963
  593       4.10895833
  594       0.88894019
  595       4.12479996
  596       4.15636769
  597       3.95101536
  598       0.88832159
  599       4.10903200
  600       0.89830204
  601       0.89903210
  602       0.89102075
  603       3.95280396
  604       4.12417551
  605       0.89900089
  606       4.11626820
  607       4.10698161
  608       0.89707226
  609       4.10562131
  610       0.89317165
  611       0.90433929
  612       0.89834660
  613       3.95747194
  614       4.16125427
  615       3.95345321
  616       4.16097086
  617       3.94962170
  618       0.88857998
  619       4.15558775
  620       4.15468249
  621       3.95401878
  622       0.88873602
  623       4.11863545
  624       3.95060420
  625       0.89175617
  626       0.89147934
  627       3.95702944
  628       4.16205268
  629       4.10732880
  630       0.88968619
  631       4.11832541
  632       4.15565573
  633       3.95105437
  634       0.88898679
  635       4.10981382
  636       0.90219014
  637       0.89446386
  638       0.89181345
  639       3.94951812
  640       4.12248171
  641       0.90309862
  642       4.11565404
  643       4.10837148
  644       0.89337806
  645       4.10770406
  646       0.89286506
  647       0.90050681
  648       0.90226602
  649       3.95759654
  650       4.16039175
  651       3.95362087
  652       4.16021139
  653       3.94984819
  654       0.88820774
  655       4.15539995
  656       4.15439105
  657       3.95418987
  658       0.88831383
  659       4.11798528
  660       3.95069271
  661       0.89136432
  662       0.89128698
  663       3.95728404
  664       4.16136268
  665       4.11154156
  666       0.88910253
  667       4.11849697
  668       4.15545144
  669       3.95094600
  670       0.88859069
  671       4.11311531
  672       0.90317742
  673       0.89418451
  674       0.89140384
  675       3.94960662
  676       4.12162590
  677       0.90121560
  678       4.11458585
  679       4.10950892
  680       0.89330891
  681       4.10560321
  682       0.89245490
  683       0.90312609
  684       0.90203330
  685       3.95741363
  686       4.15595359
  687       3.95439493
  688       4.15494277
  689       3.94957592
  690       0.89177747
  691       4.16138351
  692       4.16032121
  693       3.95352744
  694       0.89152954
  695       4.11556766
  696       3.95101690
  697       0.88848606
  698       0.88813377
  699       3.95790418
  700       4.15602182
  701       4.10748717
  702       0.89263379
  703       4.12327380
  704       4.16077296
  705       3.95077367
  706       0.89176614
  707       4.11109238
  708       0.90180010
  709       0.89309382
  710       0.88802932
  711       3.95001628
  712       4.11855194
  713       0.89909317
  714       4.11812802
  715       4.11001200
  716       0.89438940
  717       4.10775984
  718       0.88930122
  719       0.90300254
  720       0.90213789
  721       3.95680621
  722       4.16084754
  723       3.94842314
  724       4.16007761
  725       3.94883489
  726       0.88904351
  727       4.15577231
  728       4.15426176
  729       3.95339787
  730       0.88920487
  731       4.11962280
  732       3.94587439
  733       0.89972741
  734       0.89971408
  735       3.95189161
  736       4.16079571
  737       4.10446415
  738       0.88985707
  739       4.11932207
  740       4.15511346
  741       3.95030795
  742       0.88945191
  743       4.10171539
  744       0.90170593
  745       0.90297768
  746       0.89958277
  747       3.94546886
  748       4.11969662
  749       0.90236956
  750       4.11617007
  751       4.10722327
  752       0.89371317
  753       4.10126888
  754       0.90157174
  755       0.90251749
  756       0.90185501
  757       3.95683444
  758       4.16077042
  759       3.94848675
  760       4.16036668
  761       3.94887714
  762       0.88903303
  763       4.15514069
  764       4.15349420
  765       3.95325726
  766       0.88915436
  767       4.11964152
  768       3.94604397
  769       0.89967963
  770       0.89961067
  771       3.95178185
  772       4.16129381
  773       4.10534262
  774       0.89004539
  775       4.11851249
  776       4.15467878
  777       3.94980263
  778       0.88926564
  779       4.10248218
  780       0.90248520
  781       0.90297922
  782       0.89935791
  783       3.94548422
  784       4.12185289
  785       0.90269743
  786       4.11727948
  787       4.10839347
  788       0.89350644
  789       4.10278070
  790       0.90076393
  791       0.89834734
  792       0.90128504
  793       3.95740667
  794       4.16108900
  795       3.95330513
  796       4.16098719
  797       3.94936556
  798       0.88870951
  799       4.15522324
  800       4.15392591
  801       3.95372496
  802       0.88881087
  803       4.11901833
  804       3.95036205
  805       0.89169070
  806       0.89149860
  807       3.95700242
  808       4.16210837
  809       4.11055226
  810       0.88938009
  811       4.11887502
  812       4.15506492
  813       3.95059958
  814       0.88929710
  815       4.11228021
  816       0.90225936
  817       0.89432429
  818       0.89150943
  819       3.94946192
  820       4.12228805
  821       0.90039144
  822       4.11402262
  823       4.10937320
  824       0.89393432
  825       4.10545548
  826       0.89260994
  827       0.90330303
  828       0.90202048
  829       3.95378552
  830       4.15813126
  831       3.94807667
  832       4.15693106
  833       3.95090934
  834       0.89220445
  835       4.15802451
  836       4.15825177
  837       3.95106439
  838       0.89238058
  839       4.11959478
  840       3.94639157
  841       0.89738143
  842       0.89515728
  843       3.95136193
  844       4.15654214
  845       4.10308633
  846       0.89426261
  847       4.12098649
  848       4.15836198
  849       3.94849672
  850       0.89309126
  851       4.10077626
  852       0.89873489
  853       0.90016260
  854       0.89530957
  855       3.94821725
  856       4.12341590
  857       0.90414207
  858       4.11873168
  859       4.10295618
  860       0.89884984
  861       4.10204836
  862       0.89750662
  863       0.90286951
  864       0.90093706
  865       3.95301291
  866       4.15116245
  867       3.94821678
  868       4.14997114
  869       3.94988501
  870       0.88959835
  871       4.16465614
  872       4.16519104
  873       3.95039171
  874       0.88961726
  875       4.11396075
  876       3.94683629
  877       0.90062548
  878       0.89855429
  879       3.95144652
  880       4.15029077
  881       4.10411368
  882       0.89135145
  883       4.12770393
  884       4.16452874
  885       3.94770768
  886       0.89028511
  887       4.09989291
  888       0.89841197
  889       0.90121933
  890       0.89905724
  891       3.94877919
  892       4.11804530
  893       0.90415830
  894       4.12311894
  895       4.10565684
  896       0.89765494
  897       4.10090783
  898       0.90118583
  899       0.90106681
  900       0.90109446
  901       3.95117969
  902       4.16569425
  903       3.95076164
  904       4.16657825
  905       3.94872884
  906       0.89934879
  907       4.14862263
  908       4.14828000
  909       3.94786570
  910       0.89887655
  911       4.12376621
  912       3.94813957
  913       0.88973854
  914       0.88898157
  915       3.95315183
  916       4.16588351
  917       4.10149717
  918       0.90158173
  919       4.11696382
  920       4.14946515
  921       3.94655465
  922       0.90091558
  923       4.10684858
  924       0.90155821
  925       0.89738335
  926       0.88901562
  927       3.95012146
  928       4.12855364
  929       0.90137977
  930       4.11268332
  931       4.09981526
  932       0.90179812
  933       4.10425204
  934       0.89064731
  935       0.90460871
  936       0.89823588
  937       3.95371138
  938       4.14851944
  939       3.94796543
  940       4.14759333
  941       3.95011878
  942       0.88863923
  943       4.16662618
  944       4.16646069
  945       3.95062382
  946       0.88868187
  947       4.11116191
  948       3.94604404
  949       0.90090627
  950       0.89903010
  951       3.95092089
  952       4.14794603
  953       4.10684231
  954       0.89054651
  955       4.13086643
  956       4.16582391
  957       3.94848810
  958       0.88976115
  959       4.10243946
  960       0.89946756
  961       0.90242384
  962       0.89913943
  963       3.94889804
  964       4.11583491
  965       0.89947268
  966       4.12391686
  967       4.10473764
  968       0.89794257
  969       4.10096786
  970       0.90141087
  971       0.90398429
  972       0.90157479
  973       3.94835376
  974       4.16224490
  975       3.94955572
  976       4.16273852
  977       3.94589949
  978       0.90133405
  979       4.15290822
  980       4.15276444
  981       3.94522778
  982       0.90129788
  983       4.12069699
  984       3.94717750
  985       0.89124071
  986       0.88999752
  987       3.95243823
  988       4.16298394
  989       4.09914805
  990       0.90354829
  991       4.12013685
  992       4.15346468
  993       3.94323853
  994       0.90284706
  995       4.10299493
  996       0.90283248
  997       0.89951019
  998       0.89007334
  999       3.94895500
 1000       4.12738600
 1001       0.90502535
 1002       4.11544071
 1003       4.10062527
 1004       0.90374709
 1005       4.10533217
 1006       0.89184561
 1007       0.89985935
 1008       0.89993810
 1009       3.94833314
 1010       4.16273283
 1011       3.94987308
 1012       4.16337820
 1013       3.94590840
 1014       0.90187198
 1015       4.15269465
 1016       4.15262697
 1017       3.94517901
 1018       0.90130680
 1019       4.12130865
 1020       3.94744380
 1021       0.89084105
 1022       0.88993740
 1023       3.95236166
 1024       4.16255683
 1025       4.09968502
 1026       0.90377555
 1027       4.11954562
 1028       4.15365443
 1029       3.94327224
 1030       0.90322038
 1031       4.10385809
 1032       0.90307767
 1033       0.89911740
 1034       0.88985066
 1035       3.94894407
 1036       4.12545330
 1037       0.90450131
 1038       4.11611079
 1039       4.09803753
 1040       0.90342738
 1041       4.10294118
 1042       0.89176430
 1043       0.90539427
 1044       0.89886771
 1045       3.95128648
 1046       4.16564872
 1047       3.95064625
 1048       4.16623196
 1049       3.94910366
 1050       0.89910861
 1051       4.14910832
 1052       4.14900930
 1053       3.94820707
 1054       0.89902186
 1055       4.12375050
 1056       3.94844259
 1057       0.89027353
 1058       0.88923842
 1059       3.95374025
 1060       4.16674062
 1061       4.10114040
 1062       0.90142865
 1063       4.11632268
 1064       4.15040030
 1065       3.94595122
 1066       0.90084238
 1067       4.10446159
 1068       0.90155377
 1069       0.89811193
 1070       0.88905264
 1071       3.94980483
 1072       4.13175388
 1073       0.90389395
 1074       4.11438995
 1075       4.09820580
 1076       0.90271147
 1077       4.10260024
 1078       0.89086936
 1079       0.89898837
 1080       0.89728452
 1081       3.95238497
 1082       4.16666592
 1083       3.95145446
 1084       4.16597359
 1085       3.94563007
 1086       0.89989750
 1087       4.14933266
 1088       4.14730818
 1089       3.94897543
 1090       0.89945170
 1091       4.12353321
 1092       3.94864570
 1093       0.88996823
 1094       0.88968572
 1095       3.95482341
 1096       4.16538259
 1097       4.09972577
 1098       0.90272184
 1099       4.11315008
 1100       4.14866020
 1101       3.94653693
 1102       0.89978916
 1103       4.10581933
 1104       0.90328211
 1105       0.89412698
 1106       0.88944135
 1107       3.94789811
 1108       4.12460113
 1109       0.90228265
 1110       4.11274264
 1111       4.10593327
 1112       0.90272045
 1113       4.11047658
 1114       0.88942913
 1115       0.90105568
 1116       0.90163652
 1117       3.95473807
 1118       4.14856427
 1119       3.94901863
 1120       4.14745089
 1121       3.94796758
 1122       0.88950052
 1123       4.16615690
 1124       4.16629022
 1125       3.95164825
 1126       0.88952069
 1127       4.11273864
 1128       3.94664584
 1129       0.89963310
 1130       0.89953363
 1131       3.95258492
 1132       4.14916135
 1133       4.10680912
 1134       0.88955437
 1135       4.12457284
 1136       4.16691471
 1137       3.94842837
 1138       0.88988475
 1139       4.10329836
 1140       0.90140464
 1141       0.90237430
 1142       0.89977283
 1143       3.94574288
 1144       4.11435128
 1145       0.90304421
 1146       4.12253247
 1147       4.10895025
 1148       0.89440740
 1149       4.09992212
 1150       0.90273338
 1151       0.90169312
 1152       0.90344364
 1153       3.95311589
 1154       4.16164000
 1155       3.94956513
 1156       4.16034295
 1157       3.94589256
 1158       0.89908528
 1159       4.15396842
 1160       4.15218457
 1161       3.94951729
 1162       0.89899216
 1163       4.12028937
 1164       3.94680876
 1165       0.89558678
 1166       0.89523173
 1167       3.95263526
 1168       4.16056244
 1169       4.09805259
 1170       0.90177383
 1171       4.11742980
 1172       4.15315479
 1173       3.94693039
 1174       0.89890719
 1175       4.10070289
 1176       0.90166202
 1177       0.90101899
 1178       0.89497380
 1179       3.94613835
 1180       4.12099480
 1181       0.90109123
 1182       4.11610248
 1183       4.10188318
 1184       0.90142685
 1185       4.10137689
 1186       0.89671396
 1187       0.90153817
 1188       0.90020372
 1189       3.95295247
 1190       4.16051400
 1191       3.94942398
 1192       4.15958289
 1193       3.94599322
 1194       0.89895866
 1195       4.15398561
 1196       4.15238360
 1197       3.94958518
 1198       0.89862220
 1199       4.11975944
 1200       3.94652118
 1201       0.89571634
 1202       0.89510153
 1203       3.95253198
 1204       4.15962013
 1205       4.09802800
 1206       0.90135091
 1207       4.11763002
 1208       4.15370550
 1209       3.94682073
 1210       0.89884871
 1211       4.10081863
 1212       0.90135868
 1213       0.90089618
 1214       0.89489122
 1215       3.94605965
 1216       4.12099449
 1217       0.90126300
 1218       4.11695529
 1219       4.10440771
 1220       0.90135068
 1221       4.10502351
 1222       0.89674937
 1223       0.89897983
 1224       0.90032321
 1225       3.95218338
 1226       4.16832270
 1227       3.95179182
 1228       4.16800773
 1229       3.94525700
 1230       0.90054991
 1231       4.14841549
 1232       4.14657264
 1233       3.94865369
 1234       0.90033250
 1235       4.12458394
 1236       3.94892562
 1237       0.88962912
 1238       0.88945576
 1239       3.95501188
 1240       4.16769530
 1241       4.09934203
 1242       0.90310166
 1243       4.11243475
 1244       4.14838354
 1245       3.94656827
 1246       0.90018460
 1247       4.10589175
 1248       0.90346006
 1249       0.89398013
 1250       0.88912053
 1251       3.94817069
 1252       4.12585425
 1253       0.90224955
 1254       4.11424912
 1255       4.10150155
 1256       0.90246456
 1257       4.10893593
 1258       0.88921641
 1259       0.89977610
 1260       0.90081502
 1261       3.95498019
 1262       4.14786637
 1263       3.94878429
 1264       4.14666560
 1265       3.94841732
 1266       0.88919448
 1267       4.16741472
 1268       4.16797704
 1269       3.95163870
 1270       0.88926061
 1271       4.11194769
 1272       3.94652855
 1273       0.90039235
 1274       0.89990340
 1275       3.95231219
 1276       4.14848782
 1277       4.10732632
 1278       0.88930183
 1279       4.12567150
 1280       4.16831925
 1281       3.94828804
 1282       0.88978351
 1283       4.10362292
 1284       0.90128692
 1285       0.90279694
 1286       0.90016322
 1287       3.94505273
 1288       4.11410091
 1289       0.90318891
 1290       4.12374493
 1291       4.10762051
 1292       0.89389437
 1293       4.09872655
 1294       0.90281023
 1295       0.90050372
 1296       0.90302532

l-shell populations (up)
 Atom Sh.   l       Population
    1   1   0       1.17509822
    1   2   1       2.78212993
    2   1   0       1.22153621
    2   2   1       2.93796042
    3   1   0       1.17280717
    3   2   1       2.78121426
    4   1   0       1.22064602
    4   2   1       2.93884904
    5   1   0       1.17057975
    5   2   1       2.77927891
    6   1   0       0.88862751
    7   1   0       1.22076852
    7   2   1       2.93866725
    8   1   0       1.22096518
    8   2   1       2.93756062
    9   1   0       1.17272906
    9   2   1       2.78098218
   10   1   0       0.88852495
   11   1   0       1.21143692
   11   2   1       2.90526433
   12   1   0       1.17090091
   12   2   1       2.78011623
   13   1   0       0.88825102
   14   1   0       0.88799040
   15   1   0       1.17535605
   15   2   1       2.78214393
   16   1   0       1.22041127
   16   2   1       2.94011977
   17   1   0       1.20393096
   17   2   1       2.90795873
   18   1   0       0.88944115
   19   1   0       1.21101963
   19   2   1       2.90898745
   20   1   0       1.22164027
   20   2   1       2.93771962
   21   1   0       1.17083962
   21   2   1       2.77962424
   22   1   0       0.88888550
   23   1   0       1.20521187
   23   2   1       2.90845064
   24   1   0       0.90357657
   25   1   0       0.89282729
   26   1   0       0.88788072
   27   1   0       1.17076871
   27   2   1       2.77892254
   28   1   0       1.21080098
   28   2   1       2.90990711
   29   1   0       0.90160383
   30   1   0       1.21184958
   30   2   1       2.90572178
   31   1   0       1.20447093
   31   2   1       2.90457474
   32   1   0       0.89326496
   33   1   0       1.20388821
   33   2   1       2.90322328
   34   1   0       0.88909263
   35   1   0       0.90283821
   36   1   0       0.90176335
   37   1   0       1.17484430
   37   2   1       2.78139476
   38   1   0       1.22173836
   38   2   1       2.93955645
   39   1   0       1.17177980
   39   2   1       2.77749393
   40   1   0       1.22084631
   40   2   1       2.93985365
   41   1   0       1.17040076
   41   2   1       2.77820993
   42   1   0       0.88963885
   43   1   0       1.21884135
   43   2   1       2.94010445
   44   1   0       1.21908566
   44   2   1       2.93842960
   45   1   0       1.17247673
   45   2   1       2.78029670
   46   1   0       0.88953721
   47   1   0       1.21185558
   47   2   1       2.90801935
   48   1   0       1.16992962
   48   2   1       2.77649694
   49   1   0       0.89621986
   50   1   0       0.89557692
   51   1   0       1.17426516
   51   2   1       2.77812071
   52   1   0       1.22059296
   52   2   1       2.94035661
   53   1   0       1.20353631
   53   2   1       2.90091518
   54   1   0       0.89043260
   55   1   0       1.20927476
   55   2   1       2.91153919
   56   1   0       1.21982800
   56   2   1       2.93828254
   57   1   0       1.17070600
   57   2   1       2.77877261
   58   1   0       0.88998175
   59   1   0       1.20379685
   59   2   1       2.89823964
   60   1   0       0.90175243
   61   1   0       0.90151760
   62   1   0       0.89539157
   63   1   0       1.16996280
   63   2   1       2.77601283
   64   1   0       1.21088831
   64   2   1       2.90888813
   65   1   0       0.90224091
   66   1   0       1.21018925
   66   2   1       2.90875638
   67   1   0       1.20431771
   67   2   1       2.90216933
   68   1   0       0.89368319
   69   1   0       1.20347602
   69   2   1       2.89915134
   70   1   0       0.89752928
   71   1   0       0.90226824
   72   1   0       0.90135751
   73   1   0       1.17428970
   73   2   1       2.77803652
   74   1   0       1.22001843
   74   2   1       2.93796515
   75   1   0       1.17233888
   75   2   1       2.78021495
   76   1   0       1.21919433
   76   2   1       2.93782828
   77   1   0       1.16965835
   77   2   1       2.77614038
   78   1   0       0.89527559
   79   1   0       1.22066351
   79   2   1       2.94029932
   80   1   0       1.22076202
   80   2   1       2.93947609
   81   1   0       1.17182109
   81   2   1       2.77728398
   82   1   0       0.89554187
   83   1   0       1.21020682
   83   2   1       2.90936996
   84   1   0       1.17049149
   84   2   1       2.77880101
   85   1   0       0.88957874
   86   1   0       0.88956320
   87   1   0       1.17483243
   87   2   1       2.78133304
   88   1   0       1.21890836
   88   2   1       2.93973617
   89   1   0       1.20407451
   89   2   1       2.90198746
   90   1   0       0.89727236
   91   1   0       1.21107641
   91   2   1       2.90903822
   92   1   0       1.22143499
   92   2   1       2.93941210
   93   1   0       1.17013471
   93   2   1       2.77642586
   94   1   0       0.89593795
   95   1   0       1.20494336
   95   2   1       2.90375515
   96   1   0       0.90145059
   97   1   0       0.89345576
   98   1   0       0.88945381
   99   1   0       1.17047704
   99   2   1       2.77818650
  100   1   0       1.20931594
  100   2   1       2.91090257
  101   1   0       0.89915453
  102   1   0       1.21181631
  102   2   1       2.90792311
  103   1   0       1.20379003
  103   2   1       2.89870182
  104   1   0       0.90157276
  105   1   0       1.20343110
  105   2   1       2.90134520
  106   1   0       0.89027106
  107   1   0       0.90252496
  108   1   0       0.90219358
  109   1   0       1.17523020
  109   2   1       2.78209483
  110   1   0       1.22134411
  110   2   1       2.93964987
  111   1   0       1.17277284
  111   2   1       2.78143761
  112   1   0       1.22079645
  112   2   1       2.94000186
  113   1   0       1.17060790
  113   2   1       2.77885156
  114   1   0       0.88901972
  115   1   0       1.22065864
  115   2   1       2.93891969
  116   1   0       1.22071396
  116   2   1       2.93765563
  117   1   0       1.17272170
  117   2   1       2.78101700
  118   1   0       0.88911842
  119   1   0       1.21181141
  119   2   1       2.90693289
  120   1   0       1.17079109
  120   2   1       2.78012403
  121   1   0       0.88841000
  122   1   0       0.88807724
  123   1   0       1.17511667
  123   2   1       2.78254292
  124   1   0       1.22060984
  124   2   1       2.94130884
  125   1   0       1.20380645
  125   2   1       2.90296297
  126   1   0       0.88986398
  127   1   0       1.21086676
  127   2   1       2.90918836
  128   1   0       1.22161601
  128   2   1       2.93778870
  129   1   0       1.17093581
  129   2   1       2.77967420
  130   1   0       0.88915327
  131   1   0       1.20441979
  131   2   1       2.90531616
  132   1   0       0.90201138
  133   1   0       0.89312084
  134   1   0       0.88786283
  135   1   0       1.17070857
  135   2   1       2.77923854
  136   1   0       1.21120269
  136   2   1       2.91100966
  137   1   0       0.90297502
  138   1   0       1.21192545
  138   2   1       2.90735867
  139   1   0       1.20490939
  139   2   1       2.90294172
  140   1   0       0.89327874
  141   1   0       1.20426204
  141   2   1       2.90471842
  142   1   0       0.88869522
  143   1   0       0.89996320
  144   1   0       0.90129511
  145   1   0       1.17540907
  145   2   1       2.78225771
  146   1   0       1.22162742
  146   2   1       2.93769756
  147   1   0       1.17275781
  147   2   1       2.78105894
  148   1   0       1.22084148
  148   2   1       2.93793533
  149   1   0       1.17054532
  149   2   1       2.77904776
  150   1   0       0.88810061
  151   1   0       1.22055319
  151   2   1       2.94003069
  152   1   0       1.22058928
  152   2   1       2.93894469
  153   1   0       1.17277816
  153   2   1       2.78116970
  154   1   0       0.88816089
  155   1   0       1.21183851
  155   2   1       2.90605384
  156   1   0       1.17066936
  156   2   1       2.77965806
  157   1   0       0.88885822
  158   1   0       0.88868543
  159   1   0       1.17509189
  159   2   1       2.78223182
  160   1   0       1.22073731
  160   2   1       2.93930501
  161   1   0       1.20431516
  161   2   1       2.90615065
  162   1   0       0.88885899
  163   1   0       1.21104496
  163   2   1       2.91025460
  164   1   0       1.22140883
  164   2   1       2.93882011
  165   1   0       1.17082245
  165   2   1       2.78003036
  166   1   0       0.88859812
  167   1   0       1.20519674
  167   2   1       2.90642364
  168   1   0       0.90196851
  169   1   0       0.89312211
  170   1   0       0.88855524
  171   1   0       1.17073838
  171   2   1       2.77897657
  172   1   0       1.21101602
  172   2   1       2.90952598
  173   1   0       0.90027676
  174   1   0       1.21175209
  174   2   1       2.90635110
  175   1   0       1.20453966
  175   2   1       2.90535344
  176   1   0       0.89319337
  177   1   0       1.20366435
  177   2   1       2.90337024
  178   1   0       0.88950425
  179   1   0       0.90302966
  180   1   0       0.90200141
  181   1   0       1.17532275
  181   2   1       2.78232510
  182   1   0       1.22169313
  182   2   1       2.93727923
  183   1   0       1.17253275
  183   2   1       2.78093927
  184   1   0       1.22090778
  184   2   1       2.93733810
  185   1   0       1.17083655
  185   2   1       2.77917261
  186   1   0       0.88771754
  187   1   0       1.22043587
  187   2   1       2.94099688
  188   1   0       1.22065402
  188   2   1       2.93968882
  189   1   0       1.17268425
  189   2   1       2.78122973
  190   1   0       0.88790222
  191   1   0       1.21176883
  191   2   1       2.90523173
  192   1   0       1.17078240
  192   2   1       2.77971269
  193   1   0       0.88943156
  194   1   0       0.88906921
  195   1   0       1.17515377
  195   2   1       2.78195519
  196   1   0       1.22066254
  196   2   1       2.93869517
  197   1   0       1.20387701
  197   2   1       2.90361041
  198   1   0       0.88896264
  199   1   0       1.21078415
  199   2   1       2.91061946
  200   1   0       1.22157322
  200   2   1       2.93885745
  201   1   0       1.17085298
  201   2   1       2.77984891
  202   1   0       0.88832002
  203   1   0       1.20458774
  203   2   1       2.90477486
  204   1   0       0.90166841
  205   1   0       0.89371488
  206   1   0       0.88904682
  207   1   0       1.17051262
  207   2   1       2.77876525
  208   1   0       1.21120878
  208   2   1       2.90946594
  209   1   0       0.90292975
  210   1   0       1.21159932
  210   2   1       2.90645350
  211   1   0       1.20528628
  211   2   1       2.90678236
  212   1   0       0.89288028
  213   1   0       1.20407853
  213   2   1       2.90590378
  214   1   0       0.88971708
  215   1   0       0.90043552
  216   1   0       0.90235784
  217   1   0       1.17452411
  217   2   1       2.78148883
  218   1   0       1.22273517
  218   2   1       2.93788605
  219   1   0       1.17119737
  219   2   1       2.78159497
  220   1   0       1.22139266
  220   2   1       2.93863744
  221   1   0       1.17398621
  221   2   1       2.77886583
  222   1   0       0.88774586
  223   1   0       1.21991659
  223   2   1       2.93985870
  224   1   0       1.22125881
  224   2   1       2.93791684
  225   1   0       1.17094757
  225   2   1       2.78162187
  226   1   0       0.88790557
  227   1   0       1.21451282
  227   2   1       2.90640399
  228   1   0       1.17216000
  228   2   1       2.77749926
  229   1   0       0.88869988
  230   1   0       0.88792244
  231   1   0       1.17421775
  231   2   1       2.78162581
  232   1   0       1.21979064
  232   2   1       2.94024151
  233   1   0       1.20409613
  233   2   1       2.90160797
  234   1   0       0.88973038
  235   1   0       1.21300088
  235   2   1       2.91370871
  236   1   0       1.22260068
  236   2   1       2.93664525
  237   1   0       1.17240374
  237   2   1       2.77803079
  238   1   0       0.88891861
  239   1   0       1.20484817
  239   2   1       2.90045672
  240   1   0       0.89699031
  241   1   0       0.89763522
  242   1   0       0.88793571
  243   1   0       1.17433385
  243   2   1       2.77921936
  244   1   0       1.21249311
  244   2   1       2.91210919
  245   1   0       0.89836528
  246   1   0       1.21427836
  246   2   1       2.90451691
  247   1   0       1.20387567
  247   2   1       2.90263974
  248   1   0       0.89725197
  249   1   0       1.20386748
  249   2   1       2.90313645
  250   1   0       0.88970910
  251   1   0       0.90401617
  252   1   0       0.89738816
  253   1   0       1.17452232
  253   2   1       2.78186277
  254   1   0       1.22267504
  254   2   1       2.93507343
  255   1   0       1.17108733
  255   2   1       2.78107455
  256   1   0       1.22135898
  256   2   1       2.93583549
  257   1   0       1.17409434
  257   2   1       2.77928037
  258   1   0       0.88735320
  259   1   0       1.21977211
  259   2   1       2.94198896
  260   1   0       1.22141828
  260   2   1       2.93993095
  261   1   0       1.17103542
  261   2   1       2.78191444
  262   1   0       0.88738885
  263   1   0       1.21416631
  263   2   1       2.90330598
  264   1   0       1.17214898
  264   2   1       2.77718653
  265   1   0       0.88932245
  266   1   0       0.88846527
  267   1   0       1.17431692
  267   2   1       2.78101783
  268   1   0       1.21971688
  268   2   1       2.93746593
  269   1   0       1.20398985
  269   2   1       2.90419987
  270   1   0       0.88938934
  271   1   0       1.21295573
  271   2   1       2.91457841
  272   1   0       1.22269114
  272   2   1       2.93889551
  273   1   0       1.17232695
  273   2   1       2.77841614
  274   1   0       0.88833046
  275   1   0       1.20522953
  275   2   1       2.90213078
  276   1   0       0.89809945
  277   1   0       0.89786880
  278   1   0       0.88816609
  279   1   0       1.17427459
  279   2   1       2.77866755
  280   1   0       1.21259552
  280   2   1       2.91019764
  281   1   0       0.89788406
  282   1   0       1.21429671
  282   2   1       2.90614228
  283   1   0       1.20372595
  283   2   1       2.90328428
  284   1   0       0.89661330
  285   1   0       1.20368202
  285   2   1       2.90311278
  286   1   0       0.89019332
  287   1   0       0.90384660
  288   1   0       0.89793722
  289   1   0       1.17358182
  289   2   1       2.77778383
  290   1   0       1.22085282
  290   2   1       2.93759800
  291   1   0       1.17098448
  291   2   1       2.78106153
  292   1   0       1.21961057
  292   2   1       2.93884469
  293   1   0       1.17287162
  293   2   1       2.77523718
  294   1   0       0.89547130
  295   1   0       1.22000685
  295   2   1       2.93957071
  296   1   0       1.22141923
  296   2   1       2.93817934
  297   1   0       1.17007373
  297   2   1       2.77786607
  298   1   0       0.89526145
  299   1   0       1.21256593
  299   2   1       2.90586824
  300   1   0       1.17190019
  300   2   1       2.77734780
  301   1   0       0.88937564
  302   1   0       0.88833226
  303   1   0       1.17400793
  303   2   1       2.78066466
  304   1   0       1.21786406
  304   2   1       2.94045890
  305   1   0       1.20267077
  305   2   1       2.89941164
  306   1   0       0.89771919
  307   1   0       1.21295971
  307   2   1       2.91199039
  308   1   0       1.22275687
  308   2   1       2.93741688
  309   1   0       1.17196351
  309   2   1       2.77426659
  310   1   0       0.89723609
  311   1   0       1.20334458
  311   2   1       2.90024861
  312   1   0       0.90109712
  313   1   0       0.89775939
  314   1   0       0.88836193
  315   1   0       1.17416251
  315   2   1       2.77779075
  316   1   0       1.21142626
  316   2   1       2.90956111
  317   1   0       0.90313439
  318   1   0       1.21443543
  318   2   1       2.90694755
  319   1   0       1.20321590
  319   2   1       2.89772908
  320   1   0       0.89992142
  321   1   0       1.20382029
  321   2   1       2.90116818
  322   1   0       0.89020276
  323   1   0       0.90404818
  324   1   0       0.89795531
  325   1   0       1.17449361
  325   2   1       2.78164016
  326   1   0       1.22257240
  326   2   1       2.93593003
  327   1   0       1.17122301
  327   2   1       2.78120211
  328   1   0       1.22140637
  328   2   1       2.93678319
  329   1   0       1.17393909
  329   2   1       2.77915318
  330   1   0       0.88763825
  331   1   0       1.21992196
  331   2   1       2.94072876
  332   1   0       1.22149886
  332   2   1       2.93864175
  333   1   0       1.17107792
  333   2   1       2.78159559
  334   1   0       0.88768691
  335   1   0       1.21421412
  335   2   1       2.90354905
  336   1   0       1.17202634
  336   2   1       2.77736977
  337   1   0       0.88891436
  338   1   0       0.88794383
  339   1   0       1.17428511
  339   2   1       2.78118680
  340   1   0       1.21970318
  340   2   1       2.93850819
  341   1   0       1.20382990
  341   2   1       2.90388632
  342   1   0       0.88964848
  343   1   0       1.21301691
  343   2   1       2.91413025
  344   1   0       1.22264881
  344   2   1       2.93761560
  345   1   0       1.17246039
  345   2   1       2.77819856
  346   1   0       0.88841139
  347   1   0       1.20504449
  347   2   1       2.90316807
  348   1   0       0.89818579
  349   1   0       0.89802658
  350   1   0       0.88768975
  351   1   0       1.17433028
  351   2   1       2.77885998
  352   1   0       1.21244297
  352   2   1       2.91071061
  353   1   0       0.89885541
  354   1   0       1.21431132
  354   2   1       2.90506604
  355   1   0       1.20365844
  355   2   1       2.90342764
  356   1   0       0.89703231
  357   1   0       1.20376936
  357   2   1       2.90345713
  358   1   0       0.88968147
  359   1   0       0.90425586
  360   1   0       0.89785752
  361   1   0       1.17450124
  361   2   1       2.78159343
  362   1   0       1.22266499
  362   2   1       2.93612194
  363   1   0       1.17126681
  363   2   1       2.78131263
  364   1   0       1.22149523
  364   2   1       2.93710308
  365   1   0       1.17392095
  365   2   1       2.77928528
  366   1   0       0.88728249
  367   1   0       1.21988373
  367   2   1       2.93987411
  368   1   0       1.22141387
  368   2   1       2.93799452
  369   1   0       1.17106985
  369   2   1       2.78150726
  370   1   0       0.88738144
  371   1   0       1.21425275
  371   2   1       2.90352672
  372   1   0       1.17208340
  372   2   1       2.77764124
  373   1   0       0.88874965
  374   1   0       0.88807306
  375   1   0       1.17431149
  375   2   1       2.78126165
  376   1   0       1.21975412
  376   2   1       2.93905221
  377   1   0       1.20389900
  377   2   1       2.90555963
  378   1   0       0.88935069
  379   1   0       1.21300089
  379   2   1       2.91290369
  380   1   0       1.22256016
  380   2   1       2.93707452
  381   1   0       1.17245267
  381   2   1       2.77808960
  382   1   0       0.88837216
  383   1   0       1.20508864
  383   2   1       2.90413640
  384   1   0       0.89906750
  385   1   0       0.89744852
  386   1   0       0.88788146
  387   1   0       1.17435129
  387   2   1       2.77888519
  388   1   0       1.21261778
  388   2   1       2.91141958
  389   1   0       0.89870017
  390   1   0       1.21424425
  390   2   1       2.90469950
  391   1   0       1.20366974
  391   2   1       2.90311727
  392   1   0       0.89725883
  393   1   0       1.20358386
  393   2   1       2.90309291
  394   1   0       0.88980748
  395   1   0       0.90426415
  396   1   0       0.89758017
  397   1   0       1.17344727
  397   2   1       2.77756480
  398   1   0       1.22087790
  398   2   1       2.93738876
  399   1   0       1.17077023
  399   2   1       2.78104391
  400   1   0       1.21968221
  400   2   1       2.93891201
  401   1   0       1.17327020
  401   2   1       2.77510270
  402   1   0       0.89529429
  403   1   0       1.21978951
  403   2   1       2.93912303
  404   1   0       1.22147178
  404   2   1       2.93740241
  405   1   0       1.17024170
  405   2   1       2.77766058
  406   1   0       0.89538544
  407   1   0       1.21254120
  407   2   1       2.90510495
  408   1   0       1.17199462
  408   2   1       2.77747103
  409   1   0       0.88943852
  410   1   0       0.88820247
  411   1   0       1.17434076
  411   2   1       2.78075833
  412   1   0       1.21787475
  412   2   1       2.94139346
  413   1   0       1.20252813
  413   2   1       2.89974425
  414   1   0       0.89752610
  415   1   0       1.21270813
  415   2   1       2.91210869
  416   1   0       1.22283614
  416   2   1       2.93667043
  417   1   0       1.17168690
  417   2   1       2.77405353
  418   1   0       0.89744305
  419   1   0       1.20315718
  419   2   1       2.90086405
  420   1   0       0.90116469
  421   1   0       0.89803765
  422   1   0       0.88801499
  423   1   0       1.17384114
  423   2   1       2.77797831
  424   1   0       1.21192179
  424   2   1       2.91176739
  425   1   0       0.90424961
  426   1   0       1.21432995
  426   2   1       2.90603839
  427   1   0       1.20459041
  427   2   1       2.89828529
  428   1   0       0.90054948
  429   1   0       1.20396452
  429   2   1       2.90292798
  430   1   0       0.89005894
  431   1   0       0.89813446
  432   1   0       0.89872685
  433   1   0       1.17426972
  433   2   1       2.78105556
  434   1   0       1.22155197
  434   2   1       2.93543310
  435   1   0       1.17125742
  435   2   1       2.78196943
  436   1   0       1.22005687
  436   2   1       2.93638619
  437   1   0       1.17399524
  437   2   1       2.77841379
  438   1   0       0.89173922
  439   1   0       1.21992984
  439   2   1       2.94021985
  440   1   0       1.22158570
  440   2   1       2.93793802
  441   1   0       1.17087171
  441   2   1       2.78124033
  442   1   0       0.89148975
  443   1   0       1.21317664
  443   2   1       2.90461487
  444   1   0       1.17232316
  444   2   1       2.77787149
  445   1   0       0.88835610
  446   1   0       0.88734993
  447   1   0       1.17450216
  447   2   1       2.78183534
  448   1   0       1.21855827
  448   2   1       2.93775135
  449   1   0       1.20374210
  449   2   1       2.90021777
  450   1   0       0.89365970
  451   1   0       1.21305501
  451   2   1       2.91429006
  452   1   0       1.22276893
  452   2   1       2.93683643
  453   1   0       1.17244077
  453   2   1       2.77769467
  454   1   0       0.89239329
  455   1   0       1.20494767
  455   2   1       2.90077233
  456   1   0       0.89731742
  457   1   0       0.89798258
  458   1   0       0.88724748
  459   1   0       1.17442396
  459   2   1       2.77945017
  460   1   0       1.21217282
  460   2   1       2.91060847
  461   1   0       0.89892794
  462   1   0       1.21429631
  462   2   1       2.90490624
  463   1   0       1.20392129
  463   2   1       2.90245232
  464   1   0       0.89824019
  465   1   0       1.20397001
  465   2   1       2.90333077
  466   1   0       0.88905419
  467   1   0       0.90376940
  468   1   0       0.89727856
  469   1   0       1.17448901
  469   2   1       2.78147400
  470   1   0       1.22150870
  470   2   1       2.93383318
  471   1   0       1.17130424
  471   2   1       2.78175185
  472   1   0       1.22041089
  472   2   1       2.93454883
  473   1   0       1.17391044
  473   2   1       2.77894828
  474   1   0       0.89071320
  475   1   0       1.21986584
  475   2   1       2.94144719
  476   1   0       1.22147338
  476   2   1       2.93918394
  477   1   0       1.17102554
  477   2   1       2.78150480
  478   1   0       0.89056525
  479   1   0       1.21334679
  479   2   1       2.90283029
  480   1   0       1.17211812
  480   2   1       2.77776719
  481   1   0       0.88863002
  482   1   0       0.88762325
  483   1   0       1.17423142
  483   2   1       2.78165544
  484   1   0       1.21863332
  484   2   1       2.93622572
  485   1   0       1.20360976
  485   2   1       2.90162886
  486   1   0       0.89286080
  487   1   0       1.21326659
  487   2   1       2.91571647
  488   1   0       1.22276176
  488   2   1       2.93774652
  489   1   0       1.17250384
  489   2   1       2.77812750
  490   1   0       0.89152037
  491   1   0       1.20538197
  491   2   1       2.90229135
  492   1   0       0.89783551
  493   1   0       0.89796633
  494   1   0       0.88762510
  495   1   0       1.17441329
  495   2   1       2.77930774
  496   1   0       1.21224089
  496   2   1       2.90963777
  497   1   0       0.89730354
  498   1   0       1.21425650
  498   2   1       2.90538411
  499   1   0       1.20383839
  499   2   1       2.90341519
  500   1   0       0.89791698
  501   1   0       1.20386278
  501   2   1       2.90357187
  502   1   0       0.88933928
  503   1   0       0.90405956
  504   1   0       0.89761735
  505   1   0       1.17415854
  505   2   1       2.78002207
  506   1   0       1.22167198
  506   2   1       2.93560983
  507   1   0       1.17021161
  507   2   1       2.77765757
  508   1   0       1.22031005
  508   2   1       2.93587120
  509   1   0       1.17354683
  509   2   1       2.77713890
  510   1   0       0.89197320
  511   1   0       1.21804176
  511   2   1       2.94214043
  512   1   0       1.21964269
  512   2   1       2.93961110
  513   1   0       1.17045748
  513   2   1       2.78043695
  514   1   0       0.89209368
  515   1   0       1.21342914
  515   2   1       2.90624834
  516   1   0       1.17165121
  516   2   1       2.77374917
  517   1   0       0.89769063
  518   1   0       0.89541054
  519   1   0       1.17325911
  519   2   1       2.77757461
  520   1   0       1.21873872
  520   2   1       2.93729883
  521   1   0       1.20362199
  521   2   1       2.89852437
  522   1   0       0.89399113
  523   1   0       1.21215545
  523   2   1       2.91404250
  524   1   0       1.22098746
  524   2   1       2.93767072
  525   1   0       1.17205161
  525   2   1       2.77692348
  526   1   0       0.89287850
  527   1   0       1.20479366
  527   2   1       2.89622760
  528   1   0       0.89769121
  529   1   0       0.90115881
  530   1   0       0.89554547
  531   1   0       1.17325413
  531   2   1       2.77520724
  532   1   0       1.21220757
  532   2   1       2.91077404
  533   1   0       0.89672602
  534   1   0       1.21255838
  534   2   1       2.90560503
  535   1   0       1.20323325
  535   2   1       2.90078393
  536   1   0       0.89893904
  537   1   0       1.20266318
  537   2   1       2.90020718
  538   1   0       0.89760118
  539   1   0       0.90413771
  540   1   0       0.90130955
  541   1   0       1.17426780
  541   2   1       2.78074387
  542   1   0       1.22144867
  542   2   1       2.93623732
  543   1   0       1.17112671
  543   2   1       2.78233521
  544   1   0       1.22018909
  544   2   1       2.93706006
  545   1   0       1.17400261
  545   2   1       2.77835181
  546   1   0       0.89177588
  547   1   0       1.21995922
  547   2   1       2.93806937
  548   1   0       1.22137276
  548   2   1       2.93648883
  549   1   0       1.17107887
  549   2   1       2.78080746
  550   1   0       0.89198576
  551   1   0       1.21314427
  551   2   1       2.90418006
  552   1   0       1.17239235
  552   2   1       2.77875466
  553   1   0       0.88809066
  554   1   0       0.88681511
  555   1   0       1.17447340
  555   2   1       2.78228117
  556   1   0       1.21868137
  556   2   1       2.93934705
  557   1   0       1.20346616
  557   2   1       2.90174627
  558   1   0       0.89393219
  559   1   0       1.21268343
  559   2   1       2.91089241
  560   1   0       1.22272249
  560   2   1       2.93523291
  561   1   0       1.17230072
  561   2   1       2.77702805
  562   1   0       0.89243343
  563   1   0       1.20373562
  563   2   1       2.90312639
  564   1   0       0.89838441
  565   1   0       0.89670086
  566   1   0       0.88697149
  567   1   0       1.17419525
  567   2   1       2.77967377
  568   1   0       1.21247084
  568   2   1       2.91327543
  569   1   0       0.90384951
  570   1   0       1.21428317
  570   2   1       2.90349014
  571   1   0       1.20544163
  571   2   1       2.90243565
  572   1   0       0.89870475
  573   1   0       1.20425595
  573   2   1       2.90489721
  574   1   0       0.88880092
  575   1   0       0.89769290
  576   1   0       0.89777319
  577   1   0       1.17461923
  577   2   1       2.78200659
  578   1   0       1.22270905
  578   2   1       2.93604848
  579   1   0       1.17123878
  579   2   1       2.78101558
  580   1   0       1.22152869
  580   2   1       2.93723730
  581   1   0       1.17423227
  581   2   1       2.77947262
  582   1   0       0.88699728
  583   1   0       1.21869174
  583   2   1       2.93781236
  584   1   0       1.22031964
  584   2   1       2.93563384
  585   1   0       1.17117636
  585   2   1       2.78206010
  586   1   0       0.88714115
  587   1   0       1.21431212
  587   2   1       2.90339591
  588   1   0       1.17217532
  588   2   1       2.77740202
  589   1   0       0.89187059
  590   1   0       0.89121026
  591   1   0       1.17427628
  591   2   1       2.78106683
  592   1   0       1.21987026
  592   2   1       2.93905937
  593   1   0       1.20400618
  593   2   1       2.90495215
  594   1   0       0.88894019
  595   1   0       1.21238006
  595   2   1       2.91241991
  596   1   0       1.22146435
  596   2   1       2.93490333
  597   1   0       1.17240035
  597   2   1       2.77861501
  598   1   0       0.88832159
  599   1   0       1.20508190
  599   2   1       2.90395010
  600   1   0       0.89830204
  601   1   0       0.89903210
  602   1   0       0.89102075
  603   1   0       1.17408917
  603   2   1       2.77871479
  604   1   0       1.21268608
  604   2   1       2.91148944
  605   1   0       0.89900089
  606   1   0       1.21320737
  606   2   1       2.90306084
  607   1   0       1.20365857
  607   2   1       2.90332304
  608   1   0       0.89707226
  609   1   0       1.20338367
  609   2   1       2.90223764
  610   1   0       0.89317165
  611   1   0       0.90433929
  612   1   0       0.89834660
  613   1   0       1.17531350
  613   2   1       2.78215845
  614   1   0       1.22158719
  614   2   1       2.93966707
  615   1   0       1.17264552
  615   2   1       2.78080769
  616   1   0       1.22092012
  616   2   1       2.94005074
  617   1   0       1.17070272
  617   2   1       2.77891898
  618   1   0       0.88857998
  619   1   0       1.21933848
  619   2   1       2.93624927
  620   1   0       1.21957577
  620   2   1       2.93510672
  621   1   0       1.17278386
  621   2   1       2.78123493
  622   1   0       0.88873602
  623   1   0       1.21180990
  623   2   1       2.90682555
  624   1   0       1.17075096
  624   2   1       2.77985324
  625   1   0       0.89175617
  626   1   0       0.89147934
  627   1   0       1.17504645
  627   2   1       2.78198299
  628   1   0       1.22066283
  628   2   1       2.94138985
  629   1   0       1.20383761
  629   2   1       2.90349119
  630   1   0       0.88968619
  631   1   0       1.21034403
  631   2   1       2.90798138
  632   1   0       1.22044131
  632   2   1       2.93521442
  633   1   0       1.17108932
  633   2   1       2.77996506
  634   1   0       0.88898679
  635   1   0       1.20437084
  635   2   1       2.90544297
  636   1   0       0.90219014
  637   1   0       0.89446386
  638   1   0       0.89181345
  639   1   0       1.17060157
  639   2   1       2.77891655
  640   1   0       1.21112549
  640   2   1       2.91135622
  641   1   0       0.90309862
  642   1   0       1.21057148
  642   2   1       2.90508256
  643   1   0       1.20497774
  643   2   1       2.90339374
  644   1   0       0.89337806
  645   1   0       1.20384578
  645   2   1       2.90385828
  646   1   0       0.89286506
  647   1   0       0.90050681
  648   1   0       0.90226602
  649   1   0       1.17517719
  649   2   1       2.78241936
  650   1   0       1.22155232
  650   2   1       2.93883942
  651   1   0       1.17276929
  651   2   1       2.78085159
  652   1   0       1.22082798
  652   2   1       2.93938341
  653   1   0       1.17060878
  653   2   1       2.77923940
  654   1   0       0.88820774
  655   1   0       1.21964065
  655   2   1       2.93575930
  656   1   0       1.21975436
  656   2   1       2.93463669
  657   1   0       1.17285469
  657   2   1       2.78133518
  658   1   0       0.88831383
  659   1   0       1.21167377
  659   2   1       2.90631151
  660   1   0       1.17074459
  660   2   1       2.77994812
  661   1   0       0.89136432
  662   1   0       0.89128698
  663   1   0       1.17515291
  663   2   1       2.78213113
  664   1   0       1.22069593
  664   2   1       2.94066674
  665   1   0       1.20401516
  665   2   1       2.90752640
  666   1   0       0.88910253
  667   1   0       1.21068897
  667   2   1       2.90780800
  668   1   0       1.22029323
  668   2   1       2.93515822
  669   1   0       1.17089438
  669   2   1       2.78005162
  670   1   0       0.88859069
  671   1   0       1.20508608
  671   2   1       2.90802923
  672   1   0       0.90317742
  673   1   0       0.89418451
  674   1   0       0.89140384
  675   1   0       1.17067745
  675   2   1       2.77892917
  676   1   0       1.21107075
  676   2   1       2.91055515
  677   1   0       0.90121560
  678   1   0       1.21078316
  678   2   1       2.90380268
  679   1   0       1.20450563
  679   2   1       2.90500329
  680   1   0       0.89330891
  681   1   0       1.20342436
  681   2   1       2.90217885
  682   1   0       0.89245490
  683   1   0       0.90312609
  684   1   0       0.90203330
  685   1   0       1.17520125
  685   2   1       2.78221238
  686   1   0       1.22051297
  686   2   1       2.93544062
  687   1   0       1.17285859
  687   2   1       2.78153635
  688   1   0       1.21952259
  688   2   1       2.93542018
  689   1   0       1.17056594
  689   2   1       2.77900998
  690   1   0       0.89177747
  691   1   0       1.22070683
  691   2   1       2.94067668
  692   1   0       1.22092169
  692   2   1       2.93939952
  693   1   0       1.17255817
  693   2   1       2.78096927
  694   1   0       0.89152954
  695   1   0       1.21070750
  695   2   1       2.90486016
  696   1   0       1.17094926
  696   2   1       2.78006764
  697   1   0       0.88848606
  698   1   0       0.88813377
  699   1   0       1.17538277
  699   2   1       2.78252140
  700   1   0       1.21941165
  700   2   1       2.93661017
  701   1   0       1.20384244
  701   2   1       2.90364473
  702   1   0       0.89263379
  703   1   0       1.21144294
  703   2   1       2.91183086
  704   1   0       1.22168270
  704   2   1       2.93909026
  705   1   0       1.17080390
  705   2   1       2.77996978
  706   1   0       0.89176614
  707   1   0       1.20559896
  707   2   1       2.90549342
  708   1   0       0.90180010
  709   1   0       0.89309382
  710   1   0       0.88802932
  711   1   0       1.17084954
  711   2   1       2.77916674
  712   1   0       1.21036124
  712   2   1       2.90819070
  713   1   0       0.89909317
  714   1   0       1.21176504
  714   2   1       2.90636299
  715   1   0       1.20452129
  715   2   1       2.90549070
  716   1   0       0.89438940
  717   1   0       1.20388930
  717   2   1       2.90387054
  718   1   0       0.88930122
  719   1   0       0.90300254
  720   1   0       0.90213789
  721   1   0       1.17495428
  721   2   1       2.78185193
  722   1   0       1.22168387
  722   2   1       2.93916367
  723   1   0       1.17170592
  723   2   1       2.77671722
  724   1   0       1.22084623
  724   2   1       2.93923138
  725   1   0       1.17048402
  725   2   1       2.77835087
  726   1   0       0.88904351
  727   1   0       1.21767882
  727   2   1       2.93809349
  728   1   0       1.21789793
  728   2   1       2.93636384
  729   1   0       1.17244219
  729   2   1       2.78095568
  730   1   0       0.88920487
  731   1   0       1.21179591
  731   2   1       2.90782689
  732   1   0       1.17004736
  732   2   1       2.77582703
  733   1   0       0.89972741
  734   1   0       0.89971408
  735   1   0       1.17417664
  735   2   1       2.77771497
  736   1   0       1.22070927
  736   2   1       2.94008644
  737   1   0       1.20354238
  737   2   1       2.90092177
  738   1   0       0.88985707
  739   1   0       1.20891085
  739   2   1       2.91041122
  740   1   0       1.21851808
  740   2   1       2.93659538
  741   1   0       1.17074443
  741   2   1       2.77956352
  742   1   0       0.88945191
  743   1   0       1.20380073
  743   2   1       2.89791466
  744   1   0       0.90170593
  745   1   0       0.90297768
  746   1   0       0.89958277
  747   1   0       1.16967070
  747   2   1       2.77579816
  748   1   0       1.21091363
  748   2   1       2.90878299
  749   1   0       0.90236956
  750   1   0       1.20898274
  750   2   1       2.90718733
  751   1   0       1.20422992
  751   2   1       2.90299335
  752   1   0       0.89371317
  753   1   0       1.20324582
  753   2   1       2.89802305
  754   1   0       0.90157174
  755   1   0       0.90251749
  756   1   0       0.90185501
  757   1   0       1.17513054
  757   2   1       2.78170390
  758   1   0       1.22153663
  758   2   1       2.93923379
  759   1   0       1.17170931
  759   2   1       2.77677744
  760   1   0       1.22100102
  760   2   1       2.93936566
  761   1   0       1.17040869
  761   2   1       2.77846845
  762   1   0       0.88903303
  763   1   0       1.21763627
  763   2   1       2.93750442
  764   1   0       1.21770308
  764   2   1       2.93579112
  765   1   0       1.17261369
  765   2   1       2.78064357
  766   1   0       0.88915436
  767   1   0       1.21199598
  767   2   1       2.90764554
  768   1   0       1.16987920
  768   2   1       2.77616476
  769   1   0       0.89967963
  770   1   0       0.89961067
  771   1   0       1.17401887
  771   2   1       2.77776298
  772   1   0       1.22078288
  772   2   1       2.94051092
  773   1   0       1.20355980
  773   2   1       2.90178282
  774   1   0       0.89004539
  775   1   0       1.20866043
  775   2   1       2.90985207
  776   1   0       1.21856979
  776   2   1       2.93610899
  777   1   0       1.17058668
  777   2   1       2.77921594
  778   1   0       0.88926564
  779   1   0       1.20359174
  779   2   1       2.89889044
  780   1   0       0.90248520
  781   1   0       0.90297922
  782   1   0       0.89935791
  783   1   0       1.16975121
  783   2   1       2.77573301
  784   1   0       1.21142799
  784   2   1       2.91042490
  785   1   0       0.90269743
  786   1   0       1.20914182
  786   2   1       2.90813766
  787   1   0       1.20531186
  787   2   1       2.90308161
  788   1   0       0.89350644
  789   1   0       1.20355876
  789   2   1       2.89922194
  790   1   0       0.90076393
  791   1   0       0.89834734
  792   1   0       0.90128504
  793   1   0       1.17539019
  793   2   1       2.78201648
  794   1   0       1.22157961
  794   2   1       2.93950939
  795   1   0       1.17259596
  795   2   1       2.78070917
  796   1   0       1.22088490
  796   2   1       2.94010230
  797   1   0       1.17050087
  797   2   1       2.77886469
  798   1   0       0.88870951
  799   1   0       1.21945010
  799   2   1       2.93577314
  800   1   0       1.21948917
  800   2   1       2.93443674
  801   1   0       1.17276102
  801   2   1       2.78096394
  802   1   0       0.88881087
  803   1   0       1.21182715
  803   2   1       2.90719118
  804   1   0       1.17060211
  804   2   1       2.77975994
  805   1   0       0.89169070
  806   1   0       0.89149860
  807   1   0       1.17506112
  807   2   1       2.78194130
  808   1   0       1.22068936
  808   2   1       2.94141900
  809   1   0       1.20430521
  809   2   1       2.90624705
  810   1   0       0.88938009
  811   1   0       1.21058444
  811   2   1       2.90829058
  812   1   0       1.22028984
  812   2   1       2.93477508
  813   1   0       1.17080074
  813   2   1       2.77979885
  814   1   0       0.88929710
  815   1   0       1.20512890
  815   2   1       2.90715131
  816   1   0       0.90225936
  817   1   0       0.89432429
  818   1   0       0.89150943
  819   1   0       1.17069546
  819   2   1       2.77876646
  820   1   0       1.21102144
  820   2   1       2.91126661
  821   1   0       0.90039144
  822   1   0       1.21064742
  822   2   1       2.90337520
  823   1   0       1.20456398
  823   2   1       2.90480922
  824   1   0       0.89393432
  825   1   0       1.20335008
  825   2   1       2.90210540
  826   1   0       0.89260994
  827   1   0       0.90330303
  828   1   0       0.90202048
  829   1   0       1.17397448
  829   2   1       2.77981104
  830   1   0       1.22165887
  830   2   1       2.93647239
  831   1   0       1.17007215
  831   2   1       2.77800452
  832   1   0       1.22033708
  832   2   1       2.93659399
  833   1   0       1.17378715
  833   2   1       2.77712220
  834   1   0       0.89220445
  835   1   0       1.21797350
  835   2   1       2.94005101
  836   1   0       1.21964881
  836   2   1       2.93860296
  837   1   0       1.17084264
  837   2   1       2.78022175
  838   1   0       0.89238058
  839   1   0       1.21335621
  839   2   1       2.90623856
  840   1   0       1.17180257
  840   2   1       2.77458900
  841   1   0       0.89738143
  842   1   0       0.89515728
  843   1   0       1.17360144
  843   2   1       2.77776049
  844   1   0       1.21869857
  844   2   1       2.93784356
  845   1   0       1.20336798
  845   2   1       2.89971836
  846   1   0       0.89426261
  847   1   0       1.21154921
  847   2   1       2.90943728
  848   1   0       1.22089854
  848   2   1       2.93746344
  849   1   0       1.17184941
  849   2   1       2.77664731
  850   1   0       0.89309126
  851   1   0       1.20300340
  851   2   1       2.89777286
  852   1   0       0.89873489
  853   1   0       0.90016260
  854   1   0       0.89530957
  855   1   0       1.17309657
  855   2   1       2.77512068
  856   1   0       1.21251196
  856   2   1       2.91090394
  857   1   0       0.90414207
  858   1   0       1.21260861
  858   2   1       2.90612307
  859   1   0       1.20335097
  859   2   1       2.89960521
  860   1   0       0.89884984
  861   1   0       1.20265274
  861   2   1       2.89939562
  862   1   0       0.89750662
  863   1   0       0.90286951
  864   1   0       0.90093706
  865   1   0       1.17365478
  865   2   1       2.77935813
  866   1   0       1.22221879
  866   2   1       2.92894366
  867   1   0       1.17014675
  867   2   1       2.77807002
  868   1   0       1.22084437
  868   2   1       2.92912678
  869   1   0       1.17366111
  869   2   1       2.77622390
  870   1   0       0.88959835
  871   1   0       1.21728980
  871   2   1       2.94736634
  872   1   0       1.21897823
  872   2   1       2.94621281
  873   1   0       1.17060748
  873   2   1       2.77978423
  874   1   0       0.88961726
  875   1   0       1.21362481
  875   2   1       2.90033594
  876   1   0       1.17219629
  876   2   1       2.77464001
  877   1   0       0.90062548
  878   1   0       0.89855429
  879   1   0       1.17361858
  879   2   1       2.77782794
  880   1   0       1.21922010
  880   2   1       2.93107066
  881   1   0       1.20321417
  881   2   1       2.90089951
  882   1   0       0.89135145
  883   1   0       1.21169513
  883   2   1       2.91600880
  884   1   0       1.22014815
  884   2   1       2.94438060
  885   1   0       1.17156443
  885   2   1       2.77614325
  886   1   0       0.89028511
  887   1   0       1.20345921
  887   2   1       2.89643370
  888   1   0       0.89841197
  889   1   0       0.90121933
  890   1   0       0.89905724
  891   1   0       1.17307413
  891   2   1       2.77570505
  892   1   0       1.21247493
  892   2   1       2.90557037
  893   1   0       0.90415830
  894   1   0       1.21199724
  894   2   1       2.91112169
  895   1   0       1.20367205
  895   2   1       2.90198478
  896   1   0       0.89765494
  897   1   0       1.20288509
  897   2   1       2.89802274
  898   1   0       0.90118583
  899   1   0       0.90106681
  900   1   0       0.90109446
  901   1   0       1.17358117
  901   2   1       2.77759851
  902   1   0       1.22007708
  902   2   1       2.94561716
  903   1   0       1.17075254
  903   2   1       2.78000910
  904   1   0       1.21902914
  904   2   1       2.94754911
  905   1   0       1.17306560
  905   2   1       2.77566324
  906   1   0       0.89934879
  907   1   0       1.21923383
  907   2   1       2.92938879
  908   1   0       1.22092761
  908   2   1       2.92735239
  909   1   0       1.17016715
  909   2   1       2.77769855
  910   1   0       0.89887655
  911   1   0       1.21200678
  911   2   1       2.91175943
  912   1   0       1.17150227
  912   2   1       2.77663730
  913   1   0       0.88973854
  914   1   0       0.88898157
  915   1   0       1.17363406
  915   2   1       2.77951776
  916   1   0       1.21721049
  916   2   1       2.94867302
  917   1   0       1.20285729
  917   2   1       2.89863989
  918   1   0       0.90158173
  919   1   0       1.21253927
  919   2   1       2.90442455
  920   1   0       1.22217428
  920   2   1       2.92729087
  921   1   0       1.17221571
  921   2   1       2.77433894
  922   1   0       0.90091558
  923   1   0       1.20370841
  923   2   1       2.90314017
  924   1   0       0.90155821
  925   1   0       0.89738335
  926   1   0       0.88901562
  927   1   0       1.17371017
  927   2   1       2.77641129
  928   1   0       1.21180800
  928   2   1       2.91674565
  929   1   0       0.90137977
  930   1   0       1.21353024
  930   2   1       2.89915307
  931   1   0       1.20340624
  931   2   1       2.89640901
  932   1   0       0.90179812
  933   1   0       1.20310342
  933   2   1       2.90114862
  934   1   0       0.89064731
  935   1   0       0.90460871
  936   1   0       0.89823588
  937   1   0       1.17395933
  937   2   1       2.77975205
  938   1   0       1.22210297
  938   2   1       2.92641647
  939   1   0       1.17042550
  939   2   1       2.77753992
  940   1   0       1.22084838
  940   2   1       2.92674494
  941   1   0       1.17345632
  941   2   1       2.77666246
  942   1   0       0.88863923
  943   1   0       1.21731914
  943   2   1       2.94930704
  944   1   0       1.21900283
  944   2   1       2.94745786
  945   1   0       1.17056806
  945   2   1       2.78005575
  946   1   0       0.88868187
  947   1   0       1.21356426
  947   2   1       2.89759765
  948   1   0       1.17192844
  948   2   1       2.77411561
  949   1   0       0.90090627
  950   1   0       0.89903010
  951   1   0       1.17344152
  951   2   1       2.77747937
  952   1   0       1.21923498
  952   2   1       2.92871105
  953   1   0       1.20329183
  953   2   1       2.90355048
  954   1   0       0.89054651
  955   1   0       1.21203782
  955   2   1       2.91882861
  956   1   0       1.22010342
  956   2   1       2.94572049
  957   1   0       1.17169942
  957   2   1       2.77678867
  958   1   0       0.88976115
  959   1   0       1.20476588
  959   2   1       2.89767358
  960   1   0       0.89946756
  961   1   0       0.90242384
  962   1   0       0.89913943
  963   1   0       1.17332889
  963   2   1       2.77556915
  964   1   0       1.21208591
  964   2   1       2.90374901
  965   1   0       0.89947268
  966   1   0       1.21208470
  966   2   1       2.91183216
  967   1   0       1.20272972
  967   2   1       2.90200792
  968   1   0       0.89794257
  969   1   0       1.20270506
  969   2   1       2.89826280
  970   1   0       0.90141087
  971   1   0       0.90398429
  972   1   0       0.90157479
  973   1   0       1.17296910
  973   2   1       2.77538466
  974   1   0       1.21968286
  974   2   1       2.94256204
  975   1   0       1.17029738
  975   2   1       2.77925834
  976   1   0       1.21849313
  976   2   1       2.94424539
  977   1   0       1.17265292
  977   2   1       2.77324656
  978   1   0       0.90133405
  979   1   0       1.21938402
  979   2   1       2.93352420
  980   1   0       1.22087865
  980   2   1       2.93188579
  981   1   0       1.16965395
  981   2   1       2.77557383
  982   1   0       0.90129788
  983   1   0       1.21151012
  983   2   1       2.90918687
  984   1   0       1.17141302
  984   2   1       2.77576448
  985   1   0       0.89124071
  986   1   0       0.88999752
  987   1   0       1.17368588
  987   2   1       2.77875235
  988   1   0       1.21685062
  988   2   1       2.94613332
  989   1   0       1.20203629
  989   2   1       2.89711176
  990   1   0       0.90354829
  991   1   0       1.21218395
  991   2   1       2.90795290
  992   1   0       1.22234050
  992   2   1       2.93112418
  993   1   0       1.17144095
  993   2   1       2.77179758
  994   1   0       0.90284706
  995   1   0       1.20250165
  995   2   1       2.90049328
  996   1   0       0.90283248
  997   1   0       0.89951019
  998   1   0       0.89007334
  999   1   0       1.17322548
  999   2   1       2.77572952
 1000   1   0       1.21148882
 1000   2   1       2.91589718
 1001   1   0       0.90502535
 1002   1   0       1.21364752
 1002   2   1       2.90179319
 1003   1   0       1.20432165
 1003   2   1       2.89630362
 1004   1   0       0.90374709
 1005   1   0       1.20325665
 1005   2   1       2.90207553
 1006   1   0       0.89184561
 1007   1   0       0.89985935
 1008   1   0       0.89993810
 1009   1   0       1.17290275
 1009   2   1       2.77543039
 1010   1   0       1.21971575
 1010   2   1       2.94301708
 1011   1   0       1.17051011
 1011   2   1       2.77936297
 1012   1   0       1.21829381
 1012   2   1       2.94508439
 1013   1   0       1.17253791
 1013   2   1       2.77337049
 1014   1   0       0.90187198
 1015   1   0       1.21939592
 1015   2   1       2.93329873
 1016   1   0       1.22111458
 1016   2   1       2.93151240
 1017   1   0       1.16958863
 1017   2   1       2.77559038
 1018   1   0       0.90130680
 1019   1   0       1.21136368
 1019   2   1       2.90994497
 1020   1   0       1.17146170
 1020   2   1       2.77598209
 1021   1   0       0.89084105
 1022   1   0       0.88993740
 1023   1   0       1.17373233
 1023   2   1       2.77862933
 1024   1   0       1.21668506
 1024   2   1       2.94587177
 1025   1   0       1.20216725
 1025   2   1       2.89751778
 1026   1   0       0.90377555
 1027   1   0       1.21241126
 1027   2   1       2.90713436
 1028   1   0       1.22227943
 1028   2   1       2.93137500
 1029   1   0       1.17142477
 1029   2   1       2.77184747
 1030   1   0       0.90322038
 1031   1   0       1.20280842
 1031   2   1       2.90104968
 1032   1   0       0.90307767
 1033   1   0       0.89911740
 1034   1   0       0.88985066
 1035   1   0       1.17343195
 1035   2   1       2.77551212
 1036   1   0       1.21119846
 1036   2   1       2.91425485
 1037   1   0       0.90450131
 1038   1   0       1.21376003
 1038   2   1       2.90235076
 1039   1   0       1.20292762
 1039   2   1       2.89510991
 1040   1   0       0.90342738
 1041   1   0       1.20304627
 1041   2   1       2.89989491
 1042   1   0       0.89176430
 1043   1   0       0.90539427
 1044   1   0       0.89886771
 1045   1   0       1.17349793
 1045   2   1       2.77778854
 1046   1   0       1.22020846
 1046   2   1       2.94544025
 1047   1   0       1.17046265
 1047   2   1       2.78018360
 1048   1   0       1.21895303
 1048   2   1       2.94727894
 1049   1   0       1.17330004
 1049   2   1       2.77580362
 1050   1   0       0.89910861
 1051   1   0       1.21927600
 1051   2   1       2.92983231
 1052   1   0       1.22086567
 1052   2   1       2.92814363
 1053   1   0       1.17037552
 1053   2   1       2.77783155
 1054   1   0       0.89902186
 1055   1   0       1.21208621
 1055   2   1       2.91166429
 1056   1   0       1.17163832
 1056   2   1       2.77680428
 1057   1   0       0.89027353
 1058   1   0       0.88923842
 1059   1   0       1.17401970
 1059   2   1       2.77972056
 1060   1   0       1.21734828
 1060   2   1       2.94939234
 1061   1   0       1.20276379
 1061   2   1       2.89837661
 1062   1   0       0.90142865
 1063   1   0       1.21202678
 1063   2   1       2.90429590
 1064   1   0       1.22218311
 1064   2   1       2.92821719
 1065   1   0       1.17201821
 1065   2   1       2.77393300
 1066   1   0       0.90084238
 1067   1   0       1.20277322
 1067   2   1       2.90168837
 1068   1   0       0.90155377
 1069   1   0       0.89811193
 1070   1   0       0.88905264
 1071   1   0       1.17355659
 1071   2   1       2.77624824
 1072   1   0       1.21212513
 1072   2   1       2.91962875
 1073   1   0       0.90389395
 1074   1   0       1.21382200
 1074   2   1       2.90056795
 1075   1   0       1.20442859
 1075   2   1       2.89377722
 1076   1   0       0.90271147
 1077   1   0       1.20331352
 1077   2   1       2.89928671
 1078   1   0       0.89086936
 1079   1   0       0.89898837
 1080   1   0       0.89728452
 1081   1   0       1.17422234
 1081   2   1       2.77816263
 1082   1   0       1.21909358
 1082   2   1       2.94757233
 1083   1   0       1.17225205
 1083   2   1       2.77920242
 1084   1   0       1.21825469
 1084   2   1       2.94771891
 1085   1   0       1.17002228
 1085   2   1       2.77560779
 1086   1   0       0.89989750
 1087   1   0       1.22012303
 1087   2   1       2.92920964
 1088   1   0       1.22026987
 1088   2   1       2.92703831
 1089   1   0       1.17186600
 1089   2   1       2.77710943
 1090   1   0       0.89945170
 1091   1   0       1.20927656
 1091   2   1       2.91425665
 1092   1   0       1.17038959
 1092   2   1       2.77825611
 1093   1   0       0.88996823
 1094   1   0       0.88968572
 1095   1   0       1.17483353
 1095   2   1       2.77998987
 1096   1   0       1.21798942
 1096   2   1       2.94739317
 1097   1   0       1.20314634
 1097   2   1       2.89657943
 1098   1   0       0.90272184
 1099   1   0       1.21041613
 1099   2   1       2.90273395
 1100   1   0       1.22111546
 1100   2   1       2.92754474
 1101   1   0       1.17001874
 1101   2   1       2.77651819
 1102   1   0       0.89978916
 1103   1   0       1.20374397
 1103   2   1       2.90207536
 1104   1   0       0.90328211
 1105   1   0       0.89412698
 1106   1   0       0.88944135
 1107   1   0       1.16998712
 1107   2   1       2.77791099
 1108   1   0       1.20921680
 1108   2   1       2.91538433
 1109   1   0       0.90228265
 1110   1   0       1.21163124
 1110   2   1       2.90111140
 1111   1   0       1.20465294
 1111   2   1       2.90128033
 1112   1   0       0.90272045
 1113   1   0       1.20395871
 1113   2   1       2.90651787
 1114   1   0       0.88942913
 1115   1   0       0.90105568
 1116   1   0       0.90163652
 1117   1   0       1.17460662
 1117   2   1       2.78013145
 1118   1   0       1.22089714
 1118   2   1       2.92766713
 1119   1   0       1.17190851
 1119   2   1       2.77711012
 1120   1   0       1.22024824
 1120   2   1       2.92720265
 1121   1   0       1.17014496
 1121   2   1       2.77782262
 1122   1   0       0.88950052
 1123   1   0       1.21824334
 1123   2   1       2.94791356
 1124   1   0       1.21827986
 1124   2   1       2.94801037
 1125   1   0       1.17221103
 1125   2   1       2.77943722
 1126   1   0       0.88952069
 1127   1   0       1.21169190
 1127   2   1       2.90104674
 1128   1   0       1.17036678
 1128   2   1       2.77627906
 1129   1   0       0.89963310
 1130   1   0       0.89953363
 1131   1   0       1.17435367
 1131   2   1       2.77823126
 1132   1   0       1.21998513
 1132   2   1       2.92917622
 1133   1   0       1.20344104
 1133   2   1       2.90336808
 1134   1   0       0.88955437
 1135   1   0       1.20921602
 1135   2   1       2.91535682
 1136   1   0       1.21924184
 1136   2   1       2.94767287
 1137   1   0       1.17010878
 1137   2   1       2.77831959
 1138   1   0       0.88988475
 1139   1   0       1.20418453
 1139   2   1       2.89911383
 1140   1   0       0.90140464
 1141   1   0       0.90237430
 1142   1   0       0.89977283
 1143   1   0       1.16998009
 1143   2   1       2.77576278
 1144   1   0       1.21056592
 1144   2   1       2.90378537
 1145   1   0       0.90304421
 1146   1   0       1.20908997
 1146   2   1       2.91344250
 1147   1   0       1.20428106
 1147   2   1       2.90466919
 1148   1   0       0.89440740
 1149   1   0       1.20306681
 1149   2   1       2.89685532
 1150   1   0       0.90273338
 1151   1   0       0.90169312
 1152   1   0       0.90344364
 1153   1   0       1.17438174
 1153   2   1       2.77873415
 1154   1   0       1.21930161
 1154   2   1       2.94233839
 1155   1   0       1.17164151
 1155   2   1       2.77792362
 1156   1   0       1.21844871
 1156   2   1       2.94189424
 1157   1   0       1.16992091
 1157   2   1       2.77597164
 1158   1   0       0.89908528
 1159   1   0       1.21869069
 1159   2   1       2.93527773
 1160   1   0       1.21898149
 1160   2   1       2.93320307
 1161   1   0       1.17192635
 1161   2   1       2.77759094
 1162   1   0       0.89899216
 1163   1   0       1.20930062
 1163   2   1       2.91098874
 1164   1   0       1.16987843
 1164   2   1       2.77693033
 1165   1   0       0.89558678
 1166   1   0       0.89523173
 1167   1   0       1.17414166
 1167   2   1       2.77849360
 1168   1   0       1.21820793
 1168   2   1       2.94235451
 1169   1   0       1.20317136
 1169   2   1       2.89488123
 1170   1   0       0.90177383
 1171   1   0       1.20925025
 1171   2   1       2.90817955
 1172   1   0       1.21971063
 1172   2   1       2.93344416
 1173   1   0       1.17045702
 1173   2   1       2.77647337
 1174   1   0       0.89890719
 1175   1   0       1.20354802
 1175   2   1       2.89715487
 1176   1   0       0.90166202
 1177   1   0       0.90101899
 1178   1   0       0.89497380
 1179   1   0       1.16997391
 1179   2   1       2.77616444
 1180   1   0       1.20924744
 1180   2   1       2.91174735
 1181   1   0       0.90109123
 1182   1   0       1.21023336
 1182   2   1       2.90586912
 1183   1   0       1.20423929
 1183   2   1       2.89764389
 1184   1   0       0.90142685
 1185   1   0       1.20340820
 1185   2   1       2.89796869
 1186   1   0       0.89671396
 1187   1   0       0.90153817
 1188   1   0       0.90020372
 1189   1   0       1.17426802
 1189   2   1       2.77868444
 1190   1   0       1.21904596
 1190   2   1       2.94146804
 1191   1   0       1.17180258
 1191   2   1       2.77762141
 1192   1   0       1.21833009
 1192   2   1       2.94125280
 1193   1   0       1.17007372
 1193   2   1       2.77591950
 1194   1   0       0.89895866
 1195   1   0       1.21877791
 1195   2   1       2.93520770
 1196   1   0       1.21904233
 1196   2   1       2.93334127
 1197   1   0       1.17191865
 1197   2   1       2.77766653
 1198   1   0       0.89862220
 1199   1   0       1.20938630
 1199   2   1       2.91037314
 1200   1   0       1.16995675
 1200   2   1       2.77656442
 1201   1   0       0.89571634
 1202   1   0       0.89510153
 1203   1   0       1.17427224
 1203   2   1       2.77825974
 1204   1   0       1.21814044
 1204   2   1       2.94147969
 1205   1   0       1.20310895
 1205   2   1       2.89491906
 1206   1   0       0.90135091
 1207   1   0       1.20925635
 1207   2   1       2.90837368
 1208   1   0       1.21997016
 1208   2   1       2.93373533
 1209   1   0       1.17008666
 1209   2   1       2.77673407
 1210   1   0       0.89884871
 1211   1   0       1.20369656
 1211   2   1       2.89712207
 1212   1   0       0.90135868
 1213   1   0       0.90089618
 1214   1   0       0.89489122
 1215   1   0       1.16980560
 1215   2   1       2.77625405
 1216   1   0       1.20936424
 1216   2   1       2.91163024
 1217   1   0       0.90126300
 1218   1   0       1.21021962
 1218   2   1       2.90673567
 1219   1   0       1.20481708
 1219   2   1       2.89959062
 1220   1   0       0.90135068
 1221   1   0       1.20389842
 1221   2   1       2.90112509
 1222   1   0       0.89674937
 1223   1   0       0.89897983
 1224   1   0       0.90032321
 1225   1   0       1.17411629
 1225   2   1       2.77806708
 1226   1   0       1.21905151
 1226   2   1       2.94927119
 1227   1   0       1.17224071
 1227   2   1       2.77955111
 1228   1   0       1.21825683
 1228   2   1       2.94975090
 1229   1   0       1.16985767
 1229   2   1       2.77539933
 1230   1   0       0.90054991
 1231   1   0       1.22010510
 1231   2   1       2.92831039
 1232   1   0       1.22032411
 1232   2   1       2.92624854
 1233   1   0       1.17165655
 1233   2   1       2.77699714
 1234   1   0       0.90033250
 1235   1   0       1.20935312
 1235   2   1       2.91523082
 1236   1   0       1.17039504
 1236   2   1       2.77853058
 1237   1   0       0.88962912
 1238   1   0       0.88945576
 1239   1   0       1.17472452
 1239   2   1       2.78028736
 1240   1   0       1.21805329
 1240   2   1       2.94964201
 1241   1   0       1.20310052
 1241   2   1       2.89624151
 1242   1   0       0.90310166
 1243   1   0       1.21053143
 1243   2   1       2.90190333
 1244   1   0       1.22111219
 1244   2   1       2.92727135
 1245   1   0       1.17031384
 1245   2   1       2.77625443
 1246   1   0       0.90018460
 1247   1   0       1.20361283
 1247   2   1       2.90227892
 1248   1   0       0.90346006
 1249   1   0       0.89398013
 1250   1   0       0.88912053
 1251   1   0       1.17016055
 1251   2   1       2.77801014
 1252   1   0       1.20934447
 1252   2   1       2.91650978
 1253   1   0       0.90224955
 1254   1   0       1.21174016
 1254   2   1       2.90250896
 1255   1   0       1.20453239
 1255   2   1       2.89696916
 1256   1   0       0.90246456
 1257   1   0       1.20415010
 1257   2   1       2.90478583
 1258   1   0       0.88921641
 1259   1   0       0.89977610
 1260   1   0       0.90081502
 1261   1   0       1.17459126
 1261   2   1       2.78038894
 1262   1   0       1.22096827
 1262   2   1       2.92689811
 1263   1   0       1.17180973
 1263   2   1       2.77697457
 1264   1   0       1.22021977
 1264   2   1       2.92644583
 1265   1   0       1.17021618
 1265   2   1       2.77820113
 1266   1   0       0.88919448
 1267   1   0       1.21823937
 1267   2   1       2.94917535
 1268   1   0       1.21840193
 1268   2   1       2.94957511
 1269   1   0       1.17213283
 1269   2   1       2.77950587
 1270   1   0       0.88926061
 1271   1   0       1.21162695
 1271   2   1       2.90032073
 1272   1   0       1.17015226
 1272   2   1       2.77637630
 1273   1   0       0.90039235
 1274   1   0       0.89990340
 1275   1   0       1.17441120
 1275   2   1       2.77790099
 1276   1   0       1.22000892
 1276   2   1       2.92847890
 1277   1   0       1.20343257
 1277   2   1       2.90389375
 1278   1   0       0.88930183
 1279   1   0       1.20922352
 1279   2   1       2.91644798
 1280   1   0       1.21932227
 1280   2   1       2.94899698
 1281   1   0       1.17011799
 1281   2   1       2.77817005
 1282   1   0       0.88978351
 1283   1   0       1.20428162
 1283   2   1       2.89934131
 1284   1   0       0.90128692
 1285   1   0       0.90279694
 1286   1   0       0.90016322
 1287   1   0       1.16990509
 1287   2   1       2.77514764
 1288   1   0       1.21063206
 1288   2   1       2.90346884
 1289   1   0       0.90318891
 1290   1   0       1.20921285
 1290   2   1       2.91453209
 1291   1   0       1.20431261
 1291   2   1       2.90330790
 1292   1   0       0.89389437
 1293   1   0       1.20308349
 1293   2   1       2.89564306
 1294   1   0       0.90281023
 1295   1   0       0.90050372
 1296   1   0       0.90302532

Orbital populations (up)
 Atom Sh.   l   m       Population  Label
    1   1   0   0       1.17509822  s
    1   2   1  -1       0.94932381  p_y
    1   2   1   0       0.91282158  p_z
    1   2   1   1       0.91998454  p_x
    2   1   0   0       1.22153621  s
    2   2   1  -1       1.01370176  p_y
    2   2   1   0       0.94366442  p_z
    2   2   1   1       0.98059424  p_x
    3   1   0   0       1.17280717  s
    3   2   1  -1       0.94938649  p_y
    3   2   1   0       0.91132276  p_z
    3   2   1   1       0.92050501  p_x
    4   1   0   0       1.22064602  s
    4   2   1  -1       1.01362835  p_y
    4   2   1   0       0.94232387  p_z
    4   2   1   1       0.98289682  p_x
    5   1   0   0       1.17057975  s
    5   2   1  -1       0.94708801  p_y
    5   2   1   0       0.91233463  p_z
    5   2   1   1       0.91985626  p_x
    6   1   0   0       0.88862751  s
    7   1   0   0       1.22076852  s
    7   2   1  -1       1.01096149  p_y
    7   2   1   0       0.94333117  p_z
    7   2   1   1       0.98437459  p_x
    8   1   0   0       1.22096518  s
    8   2   1  -1       1.01279571  p_y
    8   2   1   0       0.94209259  p_z
    8   2   1   1       0.98267232  p_x
    9   1   0   0       1.17272906  s
    9   2   1  -1       0.94920897  p_y
    9   2   1   0       0.91134173  p_z
    9   2   1   1       0.92043148  p_x
   10   1   0   0       0.88852495  s
   11   1   0   0       1.21143692  s
   11   2   1  -1       0.99178255  p_y
   11   2   1   0       0.94035620  p_z
   11   2   1   1       0.97312558  p_x
   12   1   0   0       1.17090091  s
   12   2   1  -1       0.94854649  p_y
   12   2   1   0       0.91003364  p_z
   12   2   1   1       0.92153610  p_x
   13   1   0   0       0.88825102  s
   14   1   0   0       0.88799040  s
   15   1   0   0       1.17535605  s
   15   2   1  -1       0.94923291  p_y
   15   2   1   0       0.91291304  p_z
   15   2   1   1       0.91999798  p_x
   16   1   0   0       1.22041127  s
   16   2   1  -1       1.01188572  p_y
   16   2   1   0       0.94352057  p_z
   16   2   1   1       0.98471349  p_x
   17   1   0   0       1.20393096  s
   17   2   1  -1       0.98617980  p_y
   17   2   1   0       0.96614795  p_z
   17   2   1   1       0.95563098  p_x
   18   1   0   0       0.88944115  s
   19   1   0   0       1.21101963  s
   19   2   1  -1       0.99223039  p_y
   19   2   1   0       0.93933075  p_z
   19   2   1   1       0.97742632  p_x
   20   1   0   0       1.22164027  s
   20   2   1  -1       1.01334460  p_y
   20   2   1   0       0.94374666  p_z
   20   2   1   1       0.98062836  p_x
   21   1   0   0       1.17083962  s
   21   2   1  -1       0.94807072  p_y
   21   2   1   0       0.91014864  p_z
   21   2   1   1       0.92140489  p_x
   22   1   0   0       0.88888550  s
   23   1   0   0       1.20521187  s
   23   2   1  -1       0.99274861  p_y
   23   2   1   0       0.97260852  p_z
   23   2   1   1       0.94309352  p_x
   24   1   0   0       0.90357657  s
   25   1   0   0       0.89282729  s
   26   1   0   0       0.88788072  s
   27   1   0   0       1.17076871  s
   27   2   1  -1       0.94653368  p_y
   27   2   1   0       0.91239306  p_z
   27   2   1   1       0.91999579  p_x
   28   1   0   0       1.21080098  s
   28   2   1  -1       0.99283483  p_y
   28   2   1   0       0.93930451  p_z
   28   2   1   1       0.97776776  p_x
   29   1   0   0       0.90160383  s
   30   1   0   0       1.21184958  s
   30   2   1  -1       0.99220710  p_y
   30   2   1   0       0.94043749  p_z
   30   2   1   1       0.97307719  p_x
   31   1   0   0       1.20447093  s
   31   2   1  -1       0.99053368  p_y
   31   2   1   0       0.97132356  p_z
   31   2   1   1       0.94271749  p_x
   32   1   0   0       0.89326496  s
   33   1   0   0       1.20388821  s
   33   2   1  -1       0.98277436  p_y
   33   2   1   0       0.96561555  p_z
   33   2   1   1       0.95483337  p_x
   34   1   0   0       0.88909263  s
   35   1   0   0       0.90283821  s
   36   1   0   0       0.90176335  s
   37   1   0   0       1.17484430  s
   37   2   1  -1       0.94915543  p_y
   37   2   1   0       0.91230214  p_z
   37   2   1   1       0.91993718  p_x
   38   1   0   0       1.22173836  s
   38   2   1  -1       1.01459427  p_y
   38   2   1   0       0.94447913  p_z
   38   2   1   1       0.98048305  p_x
   39   1   0   0       1.17177980  s
   39   2   1  -1       0.94774827  p_y
   39   2   1   0       0.91011119  p_z
   39   2   1   1       0.91963446  p_x
   40   1   0   0       1.22084631  s
   40   2   1  -1       1.01413484  p_y
   40   2   1   0       0.94298669  p_z
   40   2   1   1       0.98273212  p_x
   41   1   0   0       1.17040076  s
   41   2   1  -1       0.94644236  p_y
   41   2   1   0       0.91191046  p_z
   41   2   1   1       0.91985711  p_x
   42   1   0   0       0.88963885  s
   43   1   0   0       1.21884135  s
   43   2   1  -1       1.01337003  p_y
   43   2   1   0       0.94492777  p_z
   43   2   1   1       0.98180665  p_x
   44   1   0   0       1.21908566  s
   44   2   1  -1       1.01473422  p_y
   44   2   1   0       0.94360257  p_z
   44   2   1   1       0.98009281  p_x
   45   1   0   0       1.17247673  s
   45   2   1  -1       0.94906780  p_y
   45   2   1   0       0.91087553  p_z
   45   2   1   1       0.92035337  p_x
   46   1   0   0       0.88953721  s
   47   1   0   0       1.21185558  s
   47   2   1  -1       0.99356295  p_y
   47   2   1   0       0.94151000  p_z
   47   2   1   1       0.97294640  p_x
   48   1   0   0       1.16992962  s
   48   2   1  -1       0.94683180  p_y
   48   2   1   0       0.90890961  p_z
   48   2   1   1       0.92075552  p_x
   49   1   0   0       0.89621986  s
   50   1   0   0       0.89557692  s
   51   1   0   0       1.17426516  s
   51   2   1  -1       0.94761834  p_y
   51   2   1   0       0.91151091  p_z
   51   2   1   1       0.91899146  p_x
   52   1   0   0       1.22059296  s
   52   2   1  -1       1.01201703  p_y
   52   2   1   0       0.94403859  p_z
   52   2   1   1       0.98430099  p_x
   53   1   0   0       1.20353631  s
   53   2   1  -1       0.98136767  p_y
   53   2   1   0       0.96472861  p_z
   53   2   1   1       0.95481890  p_x
   54   1   0   0       0.89043260  s
   55   1   0   0       1.20927476  s
   55   2   1  -1       0.99514808  p_y
   55   2   1   0       0.94117112  p_z
   55   2   1   1       0.97521999  p_x
   56   1   0   0       1.21982800  s
   56   2   1  -1       1.01529964  p_y
   56   2   1   0       0.94505039  p_z
   56   2   1   1       0.97793250  p_x
   57   1   0   0       1.17070600  s
   57   2   1  -1       0.94781897  p_y
   57   2   1   0       0.90991751  p_z
   57   2   1   1       0.92103613  p_x
   58   1   0   0       0.88998175  s
   59   1   0   0       1.20379685  s
   59   2   1  -1       0.98707551  p_y
   59   2   1   0       0.97018835  p_z
   59   2   1   1       0.94097578  p_x
   60   1   0   0       0.90175243  s
   61   1   0   0       0.90151760  s
   62   1   0   0       0.89539157  s
   63   1   0   0       1.16996280  s
   63   2   1  -1       0.94555157  p_y
   63   2   1   0       0.91112829  p_z
   63   2   1   1       0.91933297  p_x
   64   1   0   0       1.21088831  s
   64   2   1  -1       0.99210320  p_y
   64   2   1   0       0.93928481  p_z
   64   2   1   1       0.97750011  p_x
   65   1   0   0       0.90224091  s
   66   1   0   0       1.21018925  s
   66   2   1  -1       0.99562132  p_y
   66   2   1   0       0.94273966  p_z
   66   2   1   1       0.97039541  p_x
   67   1   0   0       1.20431771  s
   67   2   1  -1       0.98925744  p_y
   67   2   1   0       0.97116237  p_z
   67   2   1   1       0.94174952  p_x
   68   1   0   0       0.89368319  s
   69   1   0   0       1.20347602  s
   69   2   1  -1       0.98009766  p_y
   69   2   1   0       0.96425607  p_z
   69   2   1   1       0.95479761  p_x
   70   1   0   0       0.89752928  s
   71   1   0   0       0.90226824  s
   72   1   0   0       0.90135751  s
   73   1   0   0       1.17428970  s
   73   2   1  -1       0.94755587  p_y
   73   2   1   0       0.91152879  p_z
   73   2   1   1       0.91895186  p_x
   74   1   0   0       1.22001843  s
   74   2   1  -1       1.01507248  p_y
   74   2   1   0       0.94490260  p_z
   74   2   1   1       0.97799007  p_x
   75   1   0   0       1.17233888  s
   75   2   1  -1       0.94898274  p_y
   75   2   1   0       0.91079714  p_z
   75   2   1   1       0.92043507  p_x
   76   1   0   0       1.21919433  s
   76   2   1  -1       1.01443876  p_y
   76   2   1   0       0.94346938  p_z
   76   2   1   1       0.97992014  p_x
   77   1   0   0       1.16965835  s
   77   2   1  -1       0.94578079  p_y
   77   2   1   0       0.91101110  p_z
   77   2   1   1       0.91934850  p_x
   78   1   0   0       0.89527559  s
   79   1   0   0       1.22066351  s
   79   2   1  -1       1.01192517  p_y
   79   2   1   0       0.94403774  p_z
   79   2   1   1       0.98433640  p_x
   80   1   0   0       1.22076202  s
   80   2   1  -1       1.01393528  p_y
   80   2   1   0       0.94286286  p_z
   80   2   1   1       0.98267795  p_x
   81   1   0   0       1.17182109  s
   81   2   1  -1       0.94766105  p_y
   81   2   1   0       0.91002689  p_z
   81   2   1   1       0.91959603  p_x
   82   1   0   0       0.89554187  s
   83   1   0   0       1.21020682  s
   83   2   1  -1       0.99575812  p_y
   83   2   1   0       0.94292006  p_z
   83   2   1   1       0.97069179  p_x
   84   1   0   0       1.17049149  s
   84   2   1  -1       0.94788717  p_y
   84   2   1   0       0.90986886  p_z
   84   2   1   1       0.92104499  p_x
   85   1   0   0       0.88957874  s
   86   1   0   0       0.88956320  s
   87   1   0   0       1.17483243  s
   87   2   1  -1       0.94903362  p_y
   87   2   1   0       0.91235350  p_z
   87   2   1   1       0.91994591  p_x
   88   1   0   0       1.21890836  s
   88   2   1  -1       1.01307435  p_y
   88   2   1   0       0.94488426  p_z
   88   2   1   1       0.98177756  p_x
   89   1   0   0       1.20407451  s
   89   2   1  -1       0.98163368  p_y
   89   2   1   0       0.96479834  p_z
   89   2   1   1       0.95555545  p_x
   90   1   0   0       0.89727236  s
   91   1   0   0       1.21107641  s
   91   2   1  -1       0.99208186  p_y
   91   2   1   0       0.93930161  p_z
   91   2   1   1       0.97765475  p_x
   92   1   0   0       1.22143499  s
   92   2   1  -1       1.01440421  p_y
   92   2   1   0       0.94443454  p_z
   92   2   1   1       0.98057335  p_x
   93   1   0   0       1.17013471  s
   93   2   1  -1       0.94683205  p_y
   93   2   1   0       0.90891336  p_z
   93   2   1   1       0.92068044  p_x
   94   1   0   0       0.89593795  s
   95   1   0   0       1.20494336  s
   95   2   1  -1       0.98970014  p_y
   95   2   1   0       0.97267993  p_z
   95   2   1   1       0.94137507  p_x
   96   1   0   0       0.90145059  s
   97   1   0   0       0.89345576  s
   98   1   0   0       0.88945381  s
   99   1   0   0       1.17047704  s
   99   2   1  -1       0.94637491  p_y
   99   2   1   0       0.91191254  p_z
   99   2   1   1       0.91989906  p_x
  100   1   0   0       1.20931594  s
  100   2   1  -1       0.99488967  p_y
  100   2   1   0       0.94105863  p_z
  100   2   1   1       0.97495427  p_x
  101   1   0   0       0.89915453  s
  102   1   0   0       1.21181631  s
  102   2   1  -1       0.99346623  p_y
  102   2   1   0       0.94132092  p_z
  102   2   1   1       0.97313596  p_x
  103   1   0   0       1.20379003  s
  103   2   1  -1       0.98744535  p_y
  103   2   1   0       0.97025790  p_z
  103   2   1   1       0.94099857  p_x
  104   1   0   0       0.90157276  s
  105   1   0   0       1.20343110  s
  105   2   1  -1       0.98174960  p_y
  105   2   1   0       0.96478552  p_z
  105   2   1   1       0.95481008  p_x
  106   1   0   0       0.89027106  s
  107   1   0   0       0.90252496  s
  108   1   0   0       0.90219358  s
  109   1   0   0       1.17523020  s
  109   2   1  -1       0.94933513  p_y
  109   2   1   0       0.91274430  p_z
  109   2   1   1       0.92001540  p_x
  110   1   0   0       1.22134411  s
  110   2   1  -1       1.01469488  p_y
  110   2   1   0       0.94422147  p_z
  110   2   1   1       0.98073351  p_x
  111   1   0   0       1.17277284  s
  111   2   1  -1       0.94951388  p_y
  111   2   1   0       0.91143390  p_z
  111   2   1   1       0.92048983  p_x
  112   1   0   0       1.22079645  s
  112   2   1  -1       1.01442089  p_y
  112   2   1   0       0.94275418  p_z
  112   2   1   1       0.98282678  p_x
  113   1   0   0       1.17060790  s
  113   2   1  -1       0.94660731  p_y
  113   2   1   0       0.91223657  p_z
  113   2   1   1       0.92000768  p_x
  114   1   0   0       0.88901972  s
  115   1   0   0       1.22065864  s
  115   2   1  -1       1.01105666  p_y
  115   2   1   0       0.94335937  p_z
  115   2   1   1       0.98450365  p_x
  116   1   0   0       1.22071396  s
  116   2   1  -1       1.01278386  p_y
  116   2   1   0       0.94204726  p_z
  116   2   1   1       0.98282451  p_x
  117   1   0   0       1.17272170  s
  117   2   1  -1       0.94934260  p_y
  117   2   1   0       0.91119072  p_z
  117   2   1   1       0.92048368  p_x
  118   1   0   0       0.88911842  s
  119   1   0   0       1.21181141  s
  119   2   1  -1       0.99303993  p_y
  119   2   1   0       0.94084133  p_z
  119   2   1   1       0.97305163  p_x
  120   1   0   0       1.17079109  s
  120   2   1  -1       0.94845713  p_y
  120   2   1   0       0.91023531  p_z
  120   2   1   1       0.92143159  p_x
  121   1   0   0       0.88841000  s
  122   1   0   0       0.88807724  s
  123   1   0   0       1.17511667  s
  123   2   1  -1       0.94944385  p_y
  123   2   1   0       0.91300731  p_z
  123   2   1   1       0.92009176  p_x
  124   1   0   0       1.22060984  s
  124   2   1  -1       1.01270653  p_y
  124   2   1   0       0.94392436  p_z
  124   2   1   1       0.98467795  p_x
  125   1   0   0       1.20380645  s
  125   2   1  -1       0.98273764  p_y
  125   2   1   0       0.96540281  p_z
  125   2   1   1       0.95482253  p_x
  126   1   0   0       0.88986398  s
  127   1   0   0       1.21086676  s
  127   2   1  -1       0.99234209  p_y
  127   2   1   0       0.93922479  p_z
  127   2   1   1       0.97762148  p_x
  128   1   0   0       1.22161601  s
  128   2   1  -1       1.01348417  p_y
  128   2   1   0       0.94352596  p_z
  128   2   1   1       0.98077856  p_x
  129   1   0   0       1.17093581  s
  129   2   1  -1       0.94805048  p_y
  129   2   1   0       0.91021643  p_z
  129   2   1   1       0.92140729  p_x
  130   1   0   0       0.88915327  s
  131   1   0   0       1.20441979  s
  131   2   1  -1       0.99103787  p_y
  131   2   1   0       0.97143786  p_z
  131   2   1   1       0.94284043  p_x
  132   1   0   0       0.90201138  s
  133   1   0   0       0.89312084  s
  134   1   0   0       0.88786283  s
  135   1   0   0       1.17070857  s
  135   2   1  -1       0.94678900  p_y
  135   2   1   0       0.91244671  p_z
  135   2   1   1       0.92000283  p_x
  136   1   0   0       1.21120269  s
  136   2   1  -1       0.99351306  p_y
  136   2   1   0       0.93952271  p_z
  136   2   1   1       0.97797388  p_x
  137   1   0   0       0.90297502  s
  138   1   0   0       1.21192545  s
  138   2   1  -1       0.99306590  p_y
  138   2   1   0       0.94083287  p_z
  138   2   1   1       0.97345991  p_x
  139   1   0   0       1.20490939  s
  139   2   1  -1       0.98907632  p_y
  139   2   1   0       0.97217763  p_z
  139   2   1   1       0.94168777  p_x
  140   1   0   0       0.89327874  s
  141   1   0   0       1.20426204  s
  141   2   1  -1       0.98328437  p_y
  141   2   1   0       0.96570341  p_z
  141   2   1   1       0.95573063  p_x
  142   1   0   0       0.88869522  s
  143   1   0   0       0.89996320  s
  144   1   0   0       0.90129511  s
  145   1   0   0       1.17540907  s
  145   2   1  -1       0.94926880  p_y
  145   2   1   0       0.91299897  p_z
  145   2   1   1       0.91998994  p_x
  146   1   0   0       1.22162742  s
  146   2   1  -1       1.01336510  p_y
  146   2   1   0       0.94358039  p_z
  146   2   1   1       0.98075207  p_x
  147   1   0   0       1.17275781  s
  147   2   1  -1       0.94931759  p_y
  147   2   1   0       0.91121704  p_z
  147   2   1   1       0.92052431  p_x
  148   1   0   0       1.22084148  s
  148   2   1  -1       1.01308965  p_y
  148   2   1   0       0.94211836  p_z
  148   2   1   1       0.98272732  p_x
  149   1   0   0       1.17054532  s
  149   2   1  -1       0.94687048  p_y
  149   2   1   0       0.91228507  p_z
  149   2   1   1       0.91989220  p_x
  150   1   0   0       0.88810061  s
  151   1   0   0       1.22055319  s
  151   2   1  -1       1.01188195  p_y
  151   2   1   0       0.94359744  p_z
  151   2   1   1       0.98455130  p_x
  152   1   0   0       1.22058928  s
  152   2   1  -1       1.01372941  p_y
  152   2   1   0       0.94242321  p_z
  152   2   1   1       0.98279207  p_x
  153   1   0   0       1.17277816  s
  153   2   1  -1       0.94941108  p_y
  153   2   1   0       0.91129090  p_z
  153   2   1   1       0.92046772  p_x
  154   1   0   0       0.88816089  s
  155   1   0   0       1.21183851  s
  155   2   1  -1       0.99214916  p_y
  155   2   1   0       0.94061548  p_z
  155   2   1   1       0.97328921  p_x
  156   1   0   0       1.17066936  s
  156   2   1  -1       0.94818994  p_y
  156   2   1   0       0.91003660  p_z
  156   2   1   1       0.92143152  p_x
  157   1   0   0       0.88885822  s
  158   1   0   0       0.88868543  s
  159   1   0   0       1.17509189  s
  159   2   1  -1       0.94927727  p_y
  159   2   1   0       0.91285133  p_z
  159   2   1   1       0.92010322  p_x
  160   1   0   0       1.22073731  s
  160   2   1  -1       1.01127947  p_y
  160   2   1   0       0.94349951  p_z
  160   2   1   1       0.98452603  p_x
  161   1   0   0       1.20431516  s
  161   2   1  -1       0.98452802  p_y
  161   2   1   0       0.96609164  p_z
  161   2   1   1       0.95553099  p_x
  162   1   0   0       0.88885899  s
  163   1   0   0       1.21104496  s
  163   2   1  -1       0.99299036  p_y
  163   2   1   0       0.93946991  p_z
  163   2   1   1       0.97779433  p_x
  164   1   0   0       1.22140883  s
  164   2   1  -1       1.01413222  p_y
  164   2   1   0       0.94396446  p_z
  164   2   1   1       0.98072344  p_x
  165   1   0   0       1.17082245  s
  165   2   1  -1       0.94840535  p_y
  165   2   1   0       0.91019338  p_z
  165   2   1   1       0.92143163  p_x
  166   1   0   0       0.88859812  s
  167   1   0   0       1.20519674  s
  167   2   1  -1       0.99123545  p_y
  167   2   1   0       0.97264316  p_z
  167   2   1   1       0.94254502  p_x
  168   1   0   0       0.90196851  s
  169   1   0   0       0.89312211  s
  170   1   0   0       0.88855524  s
  171   1   0   0       1.17073838  s
  171   2   1  -1       0.94657048  p_y
  171   2   1   0       0.91237197  p_z
  171   2   1   1       0.92003411  p_x
  172   1   0   0       1.21101602  s
  172   2   1  -1       0.99266214  p_y
  172   2   1   0       0.93934942  p_z
  172   2   1   1       0.97751443  p_x
  173   1   0   0       0.90027676  s
  174   1   0   0       1.21175209  s
  174   2   1  -1       0.99270004  p_y
  174   2   1   0       0.94059761  p_z
  174   2   1   1       0.97305345  p_x
  175   1   0   0       1.20453966  s
  175   2   1  -1       0.99099371  p_y
  175   2   1   0       0.97142272  p_z
  175   2   1   1       0.94293701  p_x
  176   1   0   0       0.89319337  s
  177   1   0   0       1.20366435  s
  177   2   1  -1       0.98291369  p_y
  177   2   1   0       0.96555840  p_z
  177   2   1   1       0.95489815  p_x
  178   1   0   0       0.88950425  s
  179   1   0   0       0.90302966  s
  180   1   0   0       0.90200141  s
  181   1   0   0       1.17532275  s
  181   2   1  -1       0.94935988  p_y
  181   2   1   0       0.91298168  p_z
  181   2   1   1       0.91998354  p_x
  182   1   0   0       1.22169313  s
  182   2   1  -1       1.01301614  p_y
  182   2   1   0       0.94363687  p_z
  182   2   1   1       0.98062621  p_x
  183   1   0   0       1.17253275  s
  183   2   1  -1       0.94925914  p_y
  183   2   1   0       0.91109326  p_z
  183   2   1   1       0.92058687  p_x
  184   1   0   0       1.22090778  s
  184   2   1  -1       1.01262116  p_y
  184   2   1   0       0.94204674  p_z
  184   2   1   1       0.98267021  p_x
  185   1   0   0       1.17083655  s
  185   2   1  -1       0.94665462  p_y
  185   2   1   0       0.91251914  p_z
  185   2   1   1       0.91999886  p_x
  186   1   0   0       0.88771754  s
  187   1   0   0       1.22043587  s
  187   2   1  -1       1.01239746  p_y
  187   2   1   0       0.94389432  p_z
  187   2   1   1       0.98470510  p_x
  188   1   0   0       1.22065402  s
  188   2   1  -1       1.01422796  p_y
  188   2   1   0       0.94261927  p_z
  188   2   1   1       0.98284159  p_x
  189   1   0   0       1.17268425  s
  189   2   1  -1       0.94945855  p_y
  189   2   1   0       0.91135197  p_z
  189   2   1   1       0.92041921  p_x
  190   1   0   0       0.88790222  s
  191   1   0   0       1.21176883  s
  191   2   1  -1       0.99193698  p_y
  191   2   1   0       0.94024354  p_z
  191   2   1   1       0.97305121  p_x
  192   1   0   0       1.17078240  s
  192   2   1  -1       0.94821858  p_y
  192   2   1   0       0.91003241  p_z
  192   2   1   1       0.92146169  p_x
  193   1   0   0       0.88943156  s
  194   1   0   0       0.88906921  s
  195   1   0   0       1.17515377  s
  195   2   1  -1       0.94912461  p_y
  195   2   1   0       0.91276932  p_z
  195   2   1   1       0.92006126  p_x
  196   1   0   0       1.22066254  s
  196   2   1  -1       1.01096284  p_y
  196   2   1   0       0.94327740  p_z
  196   2   1   1       0.98445493  p_x
  197   1   0   0       1.20387701  s
  197   2   1  -1       0.98303239  p_y
  197   2   1   0       0.96576761  p_z
  197   2   1   1       0.95481041  p_x
  198   1   0   0       0.88896264  s
  199   1   0   0       1.21078415  s
  199   2   1  -1       0.99336049  p_y
  199   2   1   0       0.93956322  p_z
  199   2   1   1       0.97769575  p_x
  200   1   0   0       1.22157322  s
  200   2   1  -1       1.01429978  p_y
  200   2   1   0       0.94396101  p_z
  200   2   1   1       0.98059666  p_x
  201   1   0   0       1.17085298  s
  201   2   1  -1       0.94836439  p_y
  201   2   1   0       0.91015800  p_z
  201   2   1   1       0.92132652  p_x
  202   1   0   0       0.88832002  s
  203   1   0   0       1.20458774  s
  203   2   1  -1       0.99059367  p_y
  203   2   1   0       0.97127831  p_z
  203   2   1   1       0.94290287  p_x
  204   1   0   0       0.90166841  s
  205   1   0   0       0.89371488  s
  206   1   0   0       0.88904682  s
  207   1   0   0       1.17051262  s
  207   2   1  -1       0.94672970  p_y
  207   2   1   0       0.91214295  p_z
  207   2   1   1       0.91989260  p_x
  208   1   0   0       1.21120878  s
  208   2   1  -1       0.99250073  p_y
  208   2   1   0       0.93935457  p_z
  208   2   1   1       0.97761063  p_x
  209   1   0   0       0.90292975  s
  210   1   0   0       1.21159932  s
  210   2   1  -1       0.99255601  p_y
  210   2   1   0       0.94078651  p_z
  210   2   1   1       0.97311099  p_x
  211   1   0   0       1.20528628  s
  211   2   1  -1       0.99159653  p_y
  211   2   1   0       0.97269700  p_z
  211   2   1   1       0.94248884  p_x
  212   1   0   0       0.89288028  s
  213   1   0   0       1.20407853  s
  213   2   1  -1       0.98442891  p_y
  213   2   1   0       0.96589953  p_z
  213   2   1   1       0.95557533  p_x
  214   1   0   0       0.88971708  s
  215   1   0   0       0.90043552  s
  216   1   0   0       0.90235784  s
  217   1   0   0       1.17452411  s
  217   2   1  -1       0.95550107  p_y
  217   2   1   0       0.90553801  p_z
  217   2   1   1       0.92044975  p_x
  218   1   0   0       1.22273517  s
  218   2   1  -1       1.01917649  p_y
  218   2   1   0       0.93710266  p_z
  218   2   1   1       0.98160690  p_x
  219   1   0   0       1.17119737  s
  219   2   1  -1       0.95646668  p_y
  219   2   1   0       0.90381436  p_z
  219   2   1   1       0.92131394  p_x
  220   1   0   0       1.22139266  s
  220   2   1  -1       1.02168409  p_y
  220   2   1   0       0.93569201  p_z
  220   2   1   1       0.98126133  p_x
  221   1   0   0       1.17398621  s
  221   2   1  -1       0.95452630  p_y
  221   2   1   0       0.90478487  p_z
  221   2   1   1       0.91955467  p_x
  222   1   0   0       0.88774586  s
  223   1   0   0       1.21991659  s
  223   2   1  -1       1.02012438  p_y
  223   2   1   0       0.93486254  p_z
  223   2   1   1       0.98487178  p_x
  224   1   0   0       1.22125881  s
  224   2   1  -1       1.02116689  p_y
  224   2   1   0       0.93545186  p_z
  224   2   1   1       0.98129809  p_x
  225   1   0   0       1.17094757  s
  225   2   1  -1       0.95652366  p_y
  225   2   1   0       0.90371079  p_z
  225   2   1   1       0.92138742  p_x
  226   1   0   0       0.88790557  s
  227   1   0   0       1.21451282  s
  227   2   1  -1       0.99328662  p_y
  227   2   1   0       0.94044879  p_z
  227   2   1   1       0.97266858  p_x
  228   1   0   0       1.17216000  s
  228   2   1  -1       0.95505074  p_y
  228   2   1   0       0.90046720  p_z
  228   2   1   1       0.92198132  p_x
  229   1   0   0       0.88869988  s
  230   1   0   0       0.88792244  s
  231   1   0   0       1.17421775  s
  231   2   1  -1       0.95554570  p_y
  231   2   1   0       0.90567277  p_z
  231   2   1   1       0.92040734  p_x
  232   1   0   0       1.21979064  s
  232   2   1  -1       1.02033448  p_y
  232   2   1   0       0.93503089  p_z
  232   2   1   1       0.98487614  p_x
  233   1   0   0       1.20409613  s
  233   2   1  -1       0.99608965  p_y
  233   2   1   0       0.94913102  p_z
  233   2   1   1       0.95638730  p_x
  234   1   0   0       0.88973038  s
  235   1   0   0       1.21300088  s
  235   2   1  -1       1.00430498  p_y
  235   2   1   0       0.93402021  p_z
  235   2   1   1       0.97538352  p_x
  236   1   0   0       1.22260068  s
  236   2   1  -1       1.01834452  p_y
  236   2   1   0       0.93689263  p_z
  236   2   1   1       0.98140809  p_x
  237   1   0   0       1.17240374  s
  237   2   1  -1       0.95566812  p_y
  237   2   1   0       0.90021783  p_z
  237   2   1   1       0.92214484  p_x
  238   1   0   0       0.88891861  s
  239   1   0   0       1.20484817  s
  239   2   1  -1       0.98931830  p_y
  239   2   1   0       0.97055373  p_z
  239   2   1   1       0.94058468  p_x
  240   1   0   0       0.89699031  s
  241   1   0   0       0.89763522  s
  242   1   0   0       0.88793571  s
  243   1   0   0       1.17433385  s
  243   2   1  -1       0.95496545  p_y
  243   2   1   0       0.90481906  p_z
  243   2   1   1       0.91943485  p_x
  244   1   0   0       1.21249311  s
  244   2   1  -1       1.00293503  p_y
  244   2   1   0       0.93424188  p_z
  244   2   1   1       0.97493228  p_x
  245   1   0   0       0.89836528  s
  246   1   0   0       1.21427836  s
  246   2   1  -1       0.99207474  p_y
  246   2   1   0       0.94001137  p_z
  246   2   1   1       0.97243080  p_x
  247   1   0   0       1.20387567  s
  247   2   1  -1       0.99300528  p_y
  247   2   1   0       0.96761616  p_z
  247   2   1   1       0.94201831  p_x
  248   1   0   0       0.89725197  s
  249   1   0   0       1.20386748  s
  249   2   1  -1       0.99758586  p_y
  249   2   1   0       0.94944616  p_z
  249   2   1   1       0.95610443  p_x
  250   1   0   0       0.88970910  s
  251   1   0   0       0.90401617  s
  252   1   0   0       0.89738816  s
  253   1   0   0       1.17452232  s
  253   2   1  -1       0.95581170  p_y
  253   2   1   0       0.90573896  p_z
  253   2   1   1       0.92031211  p_x
  254   1   0   0       1.22267504  s
  254   2   1  -1       1.01693756  p_y
  254   2   1   0       0.93685368  p_z
  254   2   1   1       0.98128219  p_x
  255   1   0   0       1.17108733  s
  255   2   1  -1       0.95619567  p_y
  255   2   1   0       0.90353608  p_z
  255   2   1   1       0.92134280  p_x
  256   1   0   0       1.22135898  s
  256   2   1  -1       1.01943633  p_y
  256   2   1   0       0.93543804  p_z
  256   2   1   1       0.98096113  p_x
  257   1   0   0       1.17409434  s
  257   2   1  -1       0.95497193  p_y
  257   2   1   0       0.90497768  p_z
  257   2   1   1       0.91933075  p_x
  258   1   0   0       0.88735320  s
  259   1   0   0       1.21977211  s
  259   2   1  -1       1.02180701  p_y
  259   2   1   0       0.93510799  p_z
  259   2   1   1       0.98507396  p_x
  260   1   0   0       1.22141828  s
  260   2   1  -1       1.02286963  p_y
  260   2   1   0       0.93567466  p_z
  260   2   1   1       0.98138666  p_x
  261   1   0   0       1.17103542  s
  261   2   1  -1       0.95666254  p_y
  261   2   1   0       0.90393342  p_z
  261   2   1   1       0.92131848  p_x
  262   1   0   0       0.88738885  s
  263   1   0   0       1.21416631  s
  263   2   1  -1       0.99111935  p_y
  263   2   1   0       0.93986351  p_z
  263   2   1   1       0.97232312  p_x
  264   1   0   0       1.17214898  s
  264   2   1  -1       0.95479192  p_y
  264   2   1   0       0.90017713  p_z
  264   2   1   1       0.92221748  p_x
  265   1   0   0       0.88932245  s
  266   1   0   0       0.88846527  s
  267   1   0   0       1.17431692  s
  267   2   1  -1       0.95518542  p_y
  267   2   1   0       0.90550230  p_z
  267   2   1   1       0.92033011  p_x
  268   1   0   0       1.21971688  s
  268   2   1  -1       1.01810828  p_y
  268   2   1   0       0.93475073  p_z
  268   2   1   1       0.98460692  p_x
  269   1   0   0       1.20398985  s
  269   2   1  -1       0.99824531  p_y
  269   2   1   0       0.94947429  p_z
  269   2   1   1       0.95648027  p_x
  270   1   0   0       0.88938934  s
  271   1   0   0       1.21295573  s
  271   2   1  -1       1.00498083  p_y
  271   2   1   0       0.93425798  p_z
  271   2   1   1       0.97533960  p_x
  272   1   0   0       1.22269114  s
  272   2   1  -1       1.02011687  p_y
  272   2   1   0       0.93707071  p_z
  272   2   1   1       0.98170794  p_x
  273   1   0   0       1.17232695  s
  273   2   1  -1       0.95583142  p_y
  273   2   1   0       0.90042802  p_z
  273   2   1   1       0.92215671  p_x
  274   1   0   0       0.88833046  s
  275   1   0   0       1.20522953  s
  275   2   1  -1       0.99020145  p_y
  275   2   1   0       0.97088720  p_z
  275   2   1   1       0.94104212  p_x
  276   1   0   0       0.89809945  s
  277   1   0   0       0.89786880  s
  278   1   0   0       0.88816609  s
  279   1   0   0       1.17427459  s
  279   2   1  -1       0.95456525  p_y
  279   2   1   0       0.90466755  p_z
  279   2   1   1       0.91943475  p_x
  280   1   0   0       1.21259552  s
  280   2   1  -1       1.00146919  p_y
  280   2   1   0       0.93400395  p_z
  280   2   1   1       0.97472449  p_x
  281   1   0   0       0.89788406  s
  282   1   0   0       1.21429671  s
  282   2   1  -1       0.99335590  p_y
  282   2   1   0       0.94015845  p_z
  282   2   1   1       0.97262794  p_x
  283   1   0   0       1.20372595  s
  283   2   1  -1       0.99349022  p_y
  283   2   1   0       0.96774009  p_z
  283   2   1   1       0.94205396  p_x
  284   1   0   0       0.89661330  s
  285   1   0   0       1.20368202  s
  285   2   1  -1       0.99747638  p_y
  285   2   1   0       0.94932294  p_z
  285   2   1   1       0.95631346  p_x
  286   1   0   0       0.89019332  s
  287   1   0   0       0.90384660  s
  288   1   0   0       0.89793722  s
  289   1   0   0       1.17358182  s
  289   2   1  -1       0.95363998  p_y
  289   2   1   0       0.90466305  p_z
  289   2   1   1       0.91948079  p_x
  290   1   0   0       1.22085282  s
  290   2   1  -1       1.02184105  p_y
  290   2   1   0       0.93697728  p_z
  290   2   1   1       0.97877967  p_x
  291   1   0   0       1.17098448  s
  291   2   1  -1       0.95637515  p_y
  291   2   1   0       0.90334146  p_z
  291   2   1   1       0.92134492  p_x
  292   1   0   0       1.21961057  s
  292   2   1  -1       1.02464301  p_y
  292   2   1   0       0.93565995  p_z
  292   2   1   1       0.97854172  p_x
  293   1   0   0       1.17287162  s
  293   2   1  -1       0.95296816  p_y
  293   2   1   0       0.90377436  p_z
  293   2   1   1       0.91849467  p_x
  294   1   0   0       0.89547130  s
  295   1   0   0       1.22000685  s
  295   2   1  -1       1.01978128  p_y
  295   2   1   0       0.93528352  p_z
  295   2   1   1       0.98450591  p_x
  296   1   0   0       1.22141923  s
  296   2   1  -1       1.02116008  p_y
  296   2   1   0       0.93589914  p_z
  296   2   1   1       0.98112013  p_x
  297   1   0   0       1.17007373  s
  297   2   1  -1       0.95448955  p_y
  297   2   1   0       0.90289436  p_z
  297   2   1   1       0.92048216  p_x
  298   1   0   0       0.89526145  s
  299   1   0   0       1.21256593  s
  299   2   1  -1       0.99577337  p_y
  299   2   1   0       0.94030852  p_z
  299   2   1   1       0.96978634  p_x
  300   1   0   0       1.17190019  s
  300   2   1  -1       0.95538566  p_y
  300   2   1   0       0.89994665  p_z
  300   2   1   1       0.92201550  p_x
  301   1   0   0       0.88937564  s
  302   1   0   0       0.88833226  s
  303   1   0   0       1.17400793  s
  303   2   1  -1       0.95511148  p_y
  303   2   1   0       0.90521321  p_z
  303   2   1   1       0.92033997  p_x
  304   1   0   0       1.21786406  s
  304   2   1  -1       1.02351941  p_y
  304   2   1   0       0.93488781  p_z
  304   2   1   1       0.98205168  p_x
  305   1   0   0       1.20267077  s
  305   2   1  -1       0.99594554  p_y
  305   2   1   0       0.94812539  p_z
  305   2   1   1       0.95534071  p_x
  306   1   0   0       0.89771919  s
  307   1   0   0       1.21295971  s
  307   2   1  -1       1.00281859  p_y
  307   2   1   0       0.93436790  p_z
  307   2   1   1       0.97480390  p_x
  308   1   0   0       1.22275687  s
  308   2   1  -1       1.01875599  p_y
  308   2   1   0       0.93735327  p_z
  308   2   1   1       0.98130762  p_x
  309   1   0   0       1.17196351  s
  309   2   1  -1       0.95296332  p_y
  309   2   1   0       0.90035945  p_z
  309   2   1   1       0.92094383  p_x
  310   1   0   0       0.89723609  s
  311   1   0   0       1.20334458  s
  311   2   1  -1       0.99149207  p_y
  311   2   1   0       0.96773150  p_z
  311   2   1   1       0.94102504  p_x
  312   1   0   0       0.90109712  s
  313   1   0   0       0.89775939  s
  314   1   0   0       0.88836193  s
  315   1   0   0       1.17416251  s
  315   2   1  -1       0.95405567  p_y
  315   2   1   0       0.90435090  p_z
  315   2   1   1       0.91938418  p_x
  316   1   0   0       1.21142626  s
  316   2   1  -1       1.00250171  p_y
  316   2   1   0       0.93329923  p_z
  316   2   1   1       0.97376016  p_x
  317   1   0   0       0.90313439  s
  318   1   0   0       1.21443543  s
  318   2   1  -1       0.99385239  p_y
  318   2   1   0       0.94046406  p_z
  318   2   1   1       0.97263110  p_x
  319   1   0   0       1.20321590  s
  319   2   1  -1       0.98986892  p_y
  319   2   1   0       0.96724155  p_z
  319   2   1   1       0.94061861  p_x
  320   1   0   0       0.89992142  s
  321   1   0   0       1.20382029  s
  321   2   1  -1       0.99602580  p_y
  321   2   1   0       0.94900522  p_z
  321   2   1   1       0.95613716  p_x
  322   1   0   0       0.89020276  s
  323   1   0   0       0.90404818  s
  324   1   0   0       0.89795531  s
  325   1   0   0       1.17449361  s
  325   2   1  -1       0.95561856  p_y
  325   2   1   0       0.90569511  p_z
  325   2   1   1       0.92032649  p_x
  326   1   0   0       1.22257240  s
  326   2   1  -1       1.01772475  p_y
  326   2   1   0       0.93686732  p_z
  326   2   1   1       0.98133797  p_x
  327   1   0   0       1.17122301  s
  327   2   1  -1       0.95620740  p_y
  327   2   1   0       0.90362321  p_z
  327   2   1   1       0.92137151  p_x
  328   1   0   0       1.22140637  s
  328   2   1  -1       1.02022715  p_y
  328   2   1   0       0.93550450  p_z
  328   2   1   1       0.98105153  p_x
  329   1   0   0       1.17393909  s
  329   2   1  -1       0.95479627  p_y
  329   2   1   0       0.90491968  p_z
  329   2   1   1       0.91943723  p_x
  330   1   0   0       0.88763825  s
  331   1   0   0       1.21992196  s
  331   2   1  -1       1.02084736  p_y
  331   2   1   0       0.93504586  p_z
  331   2   1   1       0.98483554  p_x
  332   1   0   0       1.22149886  s
  332   2   1  -1       1.02173522  p_y
  332   2   1   0       0.93559387  p_z
  332   2   1   1       0.98131266  p_x
  333   1   0   0       1.17107792  s
  333   2   1  -1       0.95641333  p_y
  333   2   1   0       0.90385874  p_z
  333   2   1   1       0.92132352  p_x
  334   1   0   0       0.88768691  s
  335   1   0   0       1.21421412  s
  335   2   1  -1       0.99135041  p_y
  335   2   1   0       0.93987880  p_z
  335   2   1   1       0.97231984  p_x
  336   1   0   0       1.17202634  s
  336   2   1  -1       0.95517266  p_y
  336   2   1   0       0.90000116  p_z
  336   2   1   1       0.92219594  p_x
  337   1   0   0       0.88891436  s
  338   1   0   0       0.88794383  s
  339   1   0   0       1.17428511  s
  339   2   1  -1       0.95532918  p_y
  339   2   1   0       0.90557298  p_z
  339   2   1   1       0.92028464  p_x
  340   1   0   0       1.21970318  s
  340   2   1  -1       1.01902999  p_y
  340   2   1   0       0.93480826  p_z
  340   2   1   1       0.98466995  p_x
  341   1   0   0       1.20382990  s
  341   2   1  -1       0.99819205  p_y
  341   2   1   0       0.94941782  p_z
  341   2   1   1       0.95627646  p_x
  342   1   0   0       0.88964848  s
  343   1   0   0       1.21301691  s
  343   2   1  -1       1.00447042  p_y
  343   2   1   0       0.93446860  p_z
  343   2   1   1       0.97519123  p_x
  344   1   0   0       1.22264881  s
  344   2   1  -1       1.01903680  p_y
  344   2   1   0       0.93696234  p_z
  344   2   1   1       0.98161646  p_x
  345   1   0   0       1.17246039  s
  345   2   1  -1       0.95567730  p_y
  345   2   1   0       0.90033364  p_z
  345   2   1   1       0.92218762  p_x
  346   1   0   0       0.88841139  s
  347   1   0   0       1.20504449  s
  347   2   1  -1       0.99144094  p_y
  347   2   1   0       0.97036851  p_z
  347   2   1   1       0.94135861  p_x
  348   1   0   0       0.89818579  s
  349   1   0   0       0.89802658  s
  350   1   0   0       0.88768975  s
  351   1   0   0       1.17433028  s
  351   2   1  -1       0.95464841  p_y
  351   2   1   0       0.90478484  p_z
  351   2   1   1       0.91942673  p_x
  352   1   0   0       1.21244297  s
  352   2   1  -1       1.00179431  p_y
  352   2   1   0       0.93410143  p_z
  352   2   1   1       0.97481487  p_x
  353   1   0   0       0.89885541  s
  354   1   0   0       1.21431132  s
  354   2   1  -1       0.99246354  p_y
  354   2   1   0       0.93999051  p_z
  354   2   1   1       0.97261200  p_x
  355   1   0   0       1.20365844  s
  355   2   1  -1       0.99376097  p_y
  355   2   1   0       0.96748071  p_z
  355   2   1   1       0.94218597  p_x
  356   1   0   0       0.89703231  s
  357   1   0   0       1.20376936  s
  357   2   1  -1       0.99784612  p_y
  357   2   1   0       0.94945380  p_z
  357   2   1   1       0.95615721  p_x
  358   1   0   0       0.88968147  s
  359   1   0   0       0.90425586  s
  360   1   0   0       0.89785752  s
  361   1   0   0       1.17450124  s
  361   2   1  -1       0.95556914  p_y
  361   2   1   0       0.90570770  p_z
  361   2   1   1       0.92031659  p_x
  362   1   0   0       1.22266499  s
  362   2   1  -1       1.01776227  p_y
  362   2   1   0       0.93684167  p_z
  362   2   1   1       0.98151800  p_x
  363   1   0   0       1.17126681  s
  363   2   1  -1       0.95624179  p_y
  363   2   1   0       0.90368545  p_z
  363   2   1   1       0.92138539  p_x
  364   1   0   0       1.22149523  s
  364   2   1  -1       1.02036855  p_y
  364   2   1   0       0.93551690  p_z
  364   2   1   1       0.98121763  p_x
  365   1   0   0       1.17392095  s
  365   2   1  -1       0.95491623  p_y
  365   2   1   0       0.90494157  p_z
  365   2   1   1       0.91942748  p_x
  366   1   0   0       0.88728249  s
  367   1   0   0       1.21988373  s
  367   2   1  -1       1.02019466  p_y
  367   2   1   0       0.93496151  p_z
  367   2   1   1       0.98471794  p_x
  368   1   0   0       1.22141387  s
  368   2   1  -1       1.02132354  p_y
  368   2   1   0       0.93552654  p_z
  368   2   1   1       0.98114444  p_x
  369   1   0   0       1.17106985  s
  369   2   1  -1       0.95635491  p_y
  369   2   1   0       0.90382742  p_z
  369   2   1   1       0.92132493  p_x
  370   1   0   0       0.88738144  s
  371   1   0   0       1.21425275  s
  371   2   1  -1       0.99127602  p_y
  371   2   1   0       0.93974331  p_z
  371   2   1   1       0.97250739  p_x
  372   1   0   0       1.17208340  s
  372   2   1  -1       0.95533463  p_y
  372   2   1   0       0.90008581  p_z
  372   2   1   1       0.92222079  p_x
  373   1   0   0       0.88874965  s
  374   1   0   0       0.88807306  s
  375   1   0   0       1.17431149  s
  375   2   1  -1       0.95535493  p_y
  375   2   1   0       0.90561214  p_z
  375   2   1   1       0.92029458  p_x
  376   1   0   0       1.21975412  s
  376   2   1  -1       1.01940402  p_y
  376   2   1   0       0.93486615  p_z
  376   2   1   1       0.98478205  p_x
  377   1   0   0       1.20389900  s
  377   2   1  -1       0.99939283  p_y
  377   2   1   0       0.94958220  p_z
  377   2   1   1       0.95658459  p_x
  378   1   0   0       0.88935069  s
  379   1   0   0       1.21300089  s
  379   2   1  -1       1.00349573  p_y
  379   2   1   0       0.93433556  p_z
  379   2   1   1       0.97507239  p_x
  380   1   0   0       1.22256016  s
  380   2   1  -1       1.01871684  p_y
  380   2   1   0       0.93691457  p_z
  380   2   1   1       0.98144311  p_x
  381   1   0   0       1.17245267  s
  381   2   1  -1       0.95559993  p_y
  381   2   1   0       0.90028484  p_z
  381   2   1   1       0.92220482  p_x
  382   1   0   0       0.88837216  s
  383   1   0   0       1.20508864  s
  383   2   1  -1       0.99221248  p_y
  383   2   1   0       0.97050677  p_z
  383   2   1   1       0.94141716  p_x
  384   1   0   0       0.89906750  s
  385   1   0   0       0.89744852  s
  386   1   0   0       0.88788146  s
  387   1   0   0       1.17435129  s
  387   2   1  -1       0.95464664  p_y
  387   2   1   0       0.90481314  p_z
  387   2   1   1       0.91942540  p_x
  388   1   0   0       1.21261778  s
  388   2   1  -1       1.00243495  p_y
  388   2   1   0       0.93420391  p_z
  388   2   1   1       0.97478072  p_x
  389   1   0   0       0.89870017  s
  390   1   0   0       1.21424425  s
  390   2   1  -1       0.99225629  p_y
  390   2   1   0       0.93997863  p_z
  390   2   1   1       0.97246458  p_x
  391   1   0   0       1.20366974  s
  391   2   1  -1       0.99345525  p_y
  391   2   1   0       0.96748423  p_z
  391   2   1   1       0.94217778  p_x
  392   1   0   0       0.89725883  s
  393   1   0   0       1.20358386  s
  393   2   1  -1       0.99752687  p_y
  393   2   1   0       0.94940206  p_z
  393   2   1   1       0.95616398  p_x
  394   1   0   0       0.88980748  s
  395   1   0   0       0.90426415  s
  396   1   0   0       0.89758017  s
  397   1   0   0       1.17344727  s
  397   2   1  -1       0.95346961  p_y
  397   2   1   0       0.90466803  p_z
  397   2   1   1       0.91942716  p_x
  398   1   0   0       1.22087790  s
  398   2   1  -1       1.02168633  p_y
  398   2   1   0       0.93692369  p_z
  398   2   1   1       0.97877874  p_x
  399   1   0   0       1.17077023  s
  399   2   1  -1       0.95633073  p_y
  399   2   1   0       0.90341492  p_z
  399   2   1   1       0.92129826  p_x
  400   1   0   0       1.21968221  s
  400   2   1  -1       1.02474338  p_y
  400   2   1   0       0.93562602  p_z
  400   2   1   1       0.97854261  p_x
  401   1   0   0       1.17327020  s
  401   2   1  -1       0.95294983  p_y
  401   2   1   0       0.90374183  p_z
  401   2   1   1       0.91841104  p_x
  402   1   0   0       0.89529429  s
  403   1   0   0       1.21978951  s
  403   2   1  -1       1.01938230  p_y
  403   2   1   0       0.93523435  p_z
  403   2   1   1       0.98450638  p_x
  404   1   0   0       1.22147178  s
  404   2   1  -1       1.02059299  p_y
  404   2   1   0       0.93588830  p_z
  404   2   1   1       0.98092112  p_x
  405   1   0   0       1.17024170  s
  405   2   1  -1       0.95446726  p_y
  405   2   1   0       0.90268271  p_z
  405   2   1   1       0.92051062  p_x
  406   1   0   0       0.89538544  s
  407   1   0   0       1.21254120  s
  407   2   1  -1       0.99519751  p_y
  407   2   1   0       0.94017038  p_z
  407   2   1   1       0.96973706  p_x
  408   1   0   0       1.17199462  s
  408   2   1  -1       0.95555485  p_y
  408   2   1   0       0.89980819  p_z
  408   2   1   1       0.92210799  p_x
  409   1   0   0       0.88943852  s
  410   1   0   0       0.88820247  s
  411   1   0   0       1.17434076  s
  411   2   1  -1       0.95523665  p_y
  411   2   1   0       0.90527166  p_z
  411   2   1   1       0.92025002  p_x
  412   1   0   0       1.21787475  s
  412   2   1  -1       1.02426307  p_y
  412   2   1   0       0.93502466  p_z
  412   2   1   1       0.98210573  p_x
  413   1   0   0       1.20252813  s
  413   2   1  -1       0.99629974  p_y
  413   2   1   0       0.94824329  p_z
  413   2   1   1       0.95520121  p_x
  414   1   0   0       0.89752610  s
  415   1   0   0       1.21270813  s
  415   2   1  -1       1.00289399  p_y
  415   2   1   0       0.93458958  p_z
  415   2   1   1       0.97462511  p_x
  416   1   0   0       1.22283614  s
  416   2   1  -1       1.01806715  p_y
  416   2   1   0       0.93732177  p_z
  416   2   1   1       0.98128151  p_x
  417   1   0   0       1.17168690  s
  417   2   1  -1       0.95268058  p_y
  417   2   1   0       0.90022146  p_z
  417   2   1   1       0.92115149  p_x
  418   1   0   0       0.89744305  s
  419   1   0   0       1.20315718  s
  419   2   1  -1       0.99226106  p_y
  419   2   1   0       0.96723399  p_z
  419   2   1   1       0.94136900  p_x
  420   1   0   0       0.90116469  s
  421   1   0   0       0.89803765  s
  422   1   0   0       0.88801499  s
  423   1   0   0       1.17384114  s
  423   2   1  -1       0.95424726  p_y
  423   2   1   0       0.90447192  p_z
  423   2   1   1       0.91925913  p_x
  424   1   0   0       1.21192179  s
  424   2   1  -1       1.00427208  p_y
  424   2   1   0       0.93344452  p_z
  424   2   1   1       0.97405080  p_x
  425   1   0   0       0.90424961  s
  426   1   0   0       1.21432995  s
  426   2   1  -1       0.99311426  p_y
  426   2   1   0       0.94031717  p_z
  426   2   1   1       0.97260696  p_x
  427   1   0   0       1.20459041  s
  427   2   1  -1       0.98798145  p_y
  427   2   1   0       0.97043980  p_z
  427   2   1   1       0.93986404  p_x
  428   1   0   0       0.90054948  s
  429   1   0   0       1.20396452  s
  429   2   1  -1       0.99721460  p_y
  429   2   1   0       0.94909902  p_z
  429   2   1   1       0.95661436  p_x
  430   1   0   0       0.89005894  s
  431   1   0   0       0.89813446  s
  432   1   0   0       0.89872685  s
  433   1   0   0       1.17426972  s
  433   2   1  -1       0.95521122  p_y
  433   2   1   0       0.90551843  p_z
  433   2   1   1       0.92032590  p_x
  434   1   0   0       1.22155197  s
  434   2   1  -1       1.01878585  p_y
  434   2   1   0       0.93662601  p_z
  434   2   1   1       0.98002123  p_x
  435   1   0   0       1.17125742  s
  435   2   1  -1       0.95673904  p_y
  435   2   1   0       0.90378555  p_z
  435   2   1   1       0.92144483  p_x
  436   1   0   0       1.22005687  s
  436   2   1  -1       1.02125641  p_y
  436   2   1   0       0.93521278  p_z
  436   2   1   1       0.97991700  p_x
  437   1   0   0       1.17399524  s
  437   2   1  -1       0.95437701  p_y
  437   2   1   0       0.90473715  p_z
  437   2   1   1       0.91929963  p_x
  438   1   0   0       0.89173922  s
  439   1   0   0       1.21992984  s
  439   2   1  -1       1.02017840  p_y
  439   2   1   0       0.93496797  p_z
  439   2   1   1       0.98507348  p_x
  440   1   0   0       1.22158570  s
  440   2   1  -1       1.02106146  p_y
  440   2   1   0       0.93553751  p_z
  440   2   1   1       0.98133906  p_x
  441   1   0   0       1.17087171  s
  441   2   1  -1       0.95623445  p_y
  441   2   1   0       0.90376621  p_z
  441   2   1   1       0.92123966  p_x
  442   1   0   0       0.89148975  s
  443   1   0   0       1.21317664  s
  443   2   1  -1       0.99318212  p_y
  443   2   1   0       0.94014942  p_z
  443   2   1   1       0.97128333  p_x
  444   1   0   0       1.17232316  s
  444   2   1  -1       0.95548927  p_y
  444   2   1   0       0.90029023  p_z
  444   2   1   1       0.92209199  p_x
  445   1   0   0       0.88835610  s
  446   1   0   0       0.88734993  s
  447   1   0   0       1.17450216  s
  447   2   1  -1       0.95567331  p_y
  447   2   1   0       0.90570418  p_z
  447   2   1   1       0.92045785  p_x
  448   1   0   0       1.21855827  s
  448   2   1  -1       1.01976907  p_y
  448   2   1   0       0.93450010  p_z
  448   2   1   1       0.98348218  p_x
  449   1   0   0       1.20374210  s
  449   2   1  -1       0.99547927  p_y
  449   2   1   0       0.94885599  p_z
  449   2   1   1       0.95588251  p_x
  450   1   0   0       0.89365970  s
  451   1   0   0       1.21305501  s
  451   2   1  -1       1.00467709  p_y
  451   2   1   0       0.93426799  p_z
  451   2   1   1       0.97534499  p_x
  452   1   0   0       1.22276893  s
  452   2   1  -1       1.01828281  p_y
  452   2   1   0       0.93692495  p_z
  452   2   1   1       0.98162867  p_x
  453   1   0   0       1.17244077  s
  453   2   1  -1       0.95532663  p_y
  453   2   1   0       0.90032420  p_z
  453   2   1   1       0.92204384  p_x
  454   1   0   0       0.89239329  s
  455   1   0   0       1.20494767  s
  455   2   1  -1       0.98977451  p_y
  455   2   1   0       0.97024328  p_z
  455   2   1   1       0.94075454  p_x
  456   1   0   0       0.89731742  s
  457   1   0   0       0.89798258  s
  458   1   0   0       0.88724748  s
  459   1   0   0       1.17442396  s
  459   2   1  -1       0.95500637  p_y
  459   2   1   0       0.90489999  p_z
  459   2   1   1       0.91954382  p_x
  460   1   0   0       1.21217282  s
  460   2   1  -1       1.00242858  p_y
  460   2   1   0       0.93392915  p_z
  460   2   1   1       0.97425075  p_x
  461   1   0   0       0.89892794  s
  462   1   0   0       1.21429631  s
  462   2   1  -1       0.99210956  p_y
  462   2   1   0       0.94000931  p_z
  462   2   1   1       0.97278737  p_x
  463   1   0   0       1.20392129  s
  463   2   1  -1       0.99278454  p_y
  463   2   1   0       0.96775808  p_z
  463   2   1   1       0.94190970  p_x
  464   1   0   0       0.89824019  s
  465   1   0   0       1.20397001  s
  465   2   1  -1       0.99759828  p_y
  465   2   1   0       0.94952646  p_z
  465   2   1   1       0.95620603  p_x
  466   1   0   0       0.88905419  s
  467   1   0   0       0.90376940  s
  468   1   0   0       0.89727856  s
  469   1   0   0       1.17448901  s
  469   2   1  -1       0.95549268  p_y
  469   2   1   0       0.90572693  p_z
  469   2   1   1       0.92025438  p_x
  470   1   0   0       1.22150870  s
  470   2   1  -1       1.01725080  p_y
  470   2   1   0       0.93644692  p_z
  470   2   1   1       0.98013546  p_x
  471   1   0   0       1.17130424  s
  471   2   1  -1       0.95653377  p_y
  471   2   1   0       0.90369950  p_z
  471   2   1   1       0.92151858  p_x
  472   1   0   0       1.22041089  s
  472   2   1  -1       1.01959936  p_y
  472   2   1   0       0.93511190  p_z
  472   2   1   1       0.97983757  p_x
  473   1   0   0       1.17391044  s
  473   2   1  -1       0.95464112  p_y
  473   2   1   0       0.90493126  p_z
  473   2   1   1       0.91937590  p_x
  474   1   0   0       0.89071320  s
  475   1   0   0       1.21986584  s
  475   2   1  -1       1.02123256  p_y
  475   2   1   0       0.93504289  p_z
  475   2   1   1       0.98517174  p_x
  476   1   0   0       1.22147338  s
  476   2   1  -1       1.02200254  p_y
  476   2   1   0       0.93560542  p_z
  476   2   1   1       0.98157599  p_x
  477   1   0   0       1.17102554  s
  477   2   1  -1       0.95634856  p_y
  477   2   1   0       0.90389597  p_z
  477   2   1   1       0.92126027  p_x
  478   1   0   0       0.89056525  s
  479   1   0   0       1.21334679  s
  479   2   1  -1       0.99174613  p_y
  479   2   1   0       0.93987651  p_z
  479   2   1   1       0.97120765  p_x
  480   1   0   0       1.17211812  s
  480   2   1  -1       0.95536980  p_y
  480   2   1   0       0.90008874  p_z
  480   2   1   1       0.92230864  p_x
  481   1   0   0       0.88863002  s
  482   1   0   0       0.88762325  s
  483   1   0   0       1.17423142  s
  483   2   1  -1       0.95554915  p_y
  483   2   1   0       0.90562038  p_z
  483   2   1   1       0.92048591  p_x
  484   1   0   0       1.21863332  s
  484   2   1  -1       1.01847015  p_y
  484   2   1   0       0.93436889  p_z
  484   2   1   1       0.98338668  p_x
  485   1   0   0       1.20360976  s
  485   2   1  -1       0.99662512  p_y
  485   2   1   0       0.94904549  p_z
  485   2   1   1       0.95595826  p_x
  486   1   0   0       0.89286080  s
  487   1   0   0       1.21326659  s
  487   2   1  -1       1.00554483  p_y
  487   2   1   0       0.93454748  p_z
  487   2   1   1       0.97562416  p_x
  488   1   0   0       1.22276176  s
  488   2   1  -1       1.01919312  p_y
  488   2   1   0       0.93695301  p_z
  488   2   1   1       0.98160039  p_x
  489   1   0   0       1.17250384  s
  489   2   1  -1       0.95559833  p_y
  489   2   1   0       0.90037296  p_z
  489   2   1   1       0.92215621  p_x
  490   1   0   0       0.89152037  s
  491   1   0   0       1.20538197  s
  491   2   1  -1       0.99004637  p_y
  491   2   1   0       0.97130626  p_z
  491   2   1   1       0.94093871  p_x
  492   1   0   0       0.89783551  s
  493   1   0   0       0.89796633  s
  494   1   0   0       0.88762510  s
  495   1   0   0       1.17441329  s
  495   2   1  -1       0.95488543  p_y
  495   2   1   0       0.90484711  p_z
  495   2   1   1       0.91957520  p_x
  496   1   0   0       1.21224089  s
  496   2   1  -1       1.00151781  p_y
  496   2   1   0       0.93392712  p_z
  496   2   1   1       0.97419284  p_x
  497   1   0   0       0.89730354  s
  498   1   0   0       1.21425650  s
  498   2   1  -1       0.99253671  p_y
  498   2   1   0       0.94000223  p_z
  498   2   1   1       0.97284517  p_x
  499   1   0   0       1.20383839  s
  499   2   1  -1       0.99374594  p_y
  499   2   1   0       0.96761603  p_z
  499   2   1   1       0.94205322  p_x
  500   1   0   0       0.89791698  s
  501   1   0   0       1.20386278  s
  501   2   1  -1       0.99783122  p_y
  501   2   1   0       0.94951006  p_z
  501   2   1   1       0.95623060  p_x
  502   1   0   0       0.88933928  s
  503   1   0   0       0.90405956  s
  504   1   0   0       0.89761735  s
  505   1   0   0       1.17415854  s
  505   2   1  -1       0.95483846  p_y
  505   2   1   0       0.90508298  p_z
  505   2   1   1       0.92010063  p_x
  506   1   0   0       1.22167198  s
  506   2   1  -1       1.01854761  p_y
  506   2   1   0       0.93710073  p_z
  506   2   1   1       0.97996149  p_x
  507   1   0   0       1.17021161  s
  507   2   1  -1       0.95450924  p_y
  507   2   1   0       0.90263563  p_z
  507   2   1   1       0.92051270  p_x
  508   1   0   0       1.22031005  s
  508   2   1  -1       1.02070230  p_y
  508   2   1   0       0.93563020  p_z
  508   2   1   1       0.97953870  p_x
  509   1   0   0       1.17354683  s
  509   2   1  -1       0.95365930  p_y
  509   2   1   0       0.90426248  p_z
  509   2   1   1       0.91921712  p_x
  510   1   0   0       0.89197320  s
  511   1   0   0       1.21804176  s
  511   2   1  -1       1.02492658  p_y
  511   2   1   0       0.93511361  p_z
  511   2   1   1       0.98210024  p_x
  512   1   0   0       1.21964269  s
  512   2   1  -1       1.02516678  p_y
  512   2   1   0       0.93569708  p_z
  512   2   1   1       0.97874724  p_x
  513   1   0   0       1.17045748  s
  513   2   1  -1       0.95594523  p_y
  513   2   1   0       0.90328684  p_z
  513   2   1   1       0.92120489  p_x
  514   1   0   0       0.89209368  s
  515   1   0   0       1.21342914  s
  515   2   1  -1       0.99429723  p_y
  515   2   1   0       0.94059731  p_z
  515   2   1   1       0.97135380  p_x
  516   1   0   0       1.17165121  s
  516   2   1  -1       0.95249129  p_y
  516   2   1   0       0.90017761  p_z
  516   2   1   1       0.92108027  p_x
  517   1   0   0       0.89769063  s
  518   1   0   0       0.89541054  s
  519   1   0   0       1.17325911  s
  519   2   1  -1       0.95348938  p_y
  519   2   1   0       0.90459535  p_z
  519   2   1   1       0.91948988  p_x
  520   1   0   0       1.21873872  s
  520   2   1  -1       1.01923951  p_y
  520   2   1   0       0.93489880  p_z
  520   2   1   1       0.98316053  p_x
  521   1   0   0       1.20362199  s
  521   2   1  -1       0.99412451  p_y
  521   2   1   0       0.94843485  p_z
  521   2   1   1       0.95596500  p_x
  522   1   0   0       0.89399113  s
  523   1   0   0       1.21215545  s
  523   2   1  -1       1.00594285  p_y
  523   2   1   0       0.93364191  p_z
  523   2   1   1       0.97445775  p_x
  524   1   0   0       1.22098746  s
  524   2   1  -1       1.02197249  p_y
  524   2   1   0       0.93698577  p_z
  524   2   1   1       0.97871246  p_x
  525   1   0   0       1.17205161  s
  525   2   1  -1       0.95529523  p_y
  525   2   1   0       0.89977624  p_z
  525   2   1   1       0.92185201  p_x
  526   1   0   0       0.89287850  s
  527   1   0   0       1.20479366  s
  527   2   1  -1       0.98573099  p_y
  527   2   1   0       0.97120654  p_z
  527   2   1   1       0.93929007  p_x
  528   1   0   0       0.89769121  s
  529   1   0   0       0.90115881  s
  530   1   0   0       0.89554547  s
  531   1   0   0       1.17325413  s
  531   2   1  -1       0.95305737  p_y
  531   2   1   0       0.90369531  p_z
  531   2   1   1       0.91845457  p_x
  532   1   0   0       1.21220757  s
  532   2   1  -1       1.00223013  p_y
  532   2   1   0       0.93440233  p_z
  532   2   1   1       0.97414159  p_x
  533   1   0   0       0.89672602  s
  534   1   0   0       1.21255838  s
  534   2   1  -1       0.99557117  p_y
  534   2   1   0       0.94021185  p_z
  534   2   1   1       0.96982200  p_x
  535   1   0   0       1.20323325  s
  535   2   1  -1       0.99235598  p_y
  535   2   1   0       0.96725714  p_z
  535   2   1   1       0.94117081  p_x
  536   1   0   0       0.89893904  s
  537   1   0   0       1.20266318  s
  537   2   1  -1       0.99657218  p_y
  537   2   1   0       0.94826127  p_z
  537   2   1   1       0.95537373  p_x
  538   1   0   0       0.89760118  s
  539   1   0   0       0.90413771  s
  540   1   0   0       0.90130955  s
  541   1   0   0       1.17426780  s
  541   2   1  -1       0.95498729  p_y
  541   2   1   0       0.90554060  p_z
  541   2   1   1       0.92021599  p_x
  542   1   0   0       1.22144867  s
  542   2   1  -1       1.01941771  p_y
  542   2   1   0       0.93658509  p_z
  542   2   1   1       0.98023453  p_x
  543   1   0   0       1.17112671  s
  543   2   1  -1       0.95689928  p_y
  543   2   1   0       0.90395005  p_z
  543   2   1   1       0.92148587  p_x
  544   1   0   0       1.22018909  s
  544   2   1  -1       1.02198685  p_y
  544   2   1   0       0.93517824  p_z
  544   2   1   1       0.97989497  p_x
  545   1   0   0       1.17400261  s
  545   2   1  -1       0.95437162  p_y
  545   2   1   0       0.90463363  p_z
  545   2   1   1       0.91934657  p_x
  546   1   0   0       0.89177588  s
  547   1   0   0       1.21995922  s
  547   2   1  -1       1.01853869  p_y
  547   2   1   0       0.93484509  p_z
  547   2   1   1       0.98468559  p_x
  548   1   0   0       1.22137276  s
  548   2   1  -1       1.01968902  p_y
  548   2   1   0       0.93545197  p_z
  548   2   1   1       0.98134784  p_x
  549   1   0   0       1.17107887  s
  549   2   1  -1       0.95596990  p_y
  549   2   1   0       0.90359513  p_z
  549   2   1   1       0.92124243  p_x
  550   1   0   0       0.89198576  s
  551   1   0   0       1.21314427  s
  551   2   1  -1       0.99311436  p_y
  551   2   1   0       0.93987325  p_z
  551   2   1   1       0.97119244  p_x
  552   1   0   0       1.17239235  s
  552   2   1  -1       0.95606725  p_y
  552   2   1   0       0.90038141  p_z
  552   2   1   1       0.92230600  p_x
  553   1   0   0       0.88809066  s
  554   1   0   0       0.88681511  s
  555   1   0   0       1.17447340  s
  555   2   1  -1       0.95597237  p_y
  555   2   1   0       0.90579375  p_z
  555   2   1   1       0.92051505  p_x
  556   1   0   0       1.21868137  s
  556   2   1  -1       1.02104938  p_y
  556   2   1   0       0.93461747  p_z
  556   2   1   1       0.98368020  p_x
  557   1   0   0       1.20346616  s
  557   2   1  -1       0.99683864  p_y
  557   2   1   0       0.94908672  p_z
  557   2   1   1       0.95582091  p_x
  558   1   0   0       0.89393219  s
  559   1   0   0       1.21268343  s
  559   2   1  -1       1.00195385  p_y
  559   2   1   0       0.93412613  p_z
  559   2   1   1       0.97481243  p_x
  560   1   0   0       1.22272249  s
  560   2   1  -1       1.01692759  p_y
  560   2   1   0       0.93683279  p_z
  560   2   1   1       0.98147253  p_x
  561   1   0   0       1.17230072  s
  561   2   1  -1       0.95472787  p_y
  561   2   1   0       0.90022477  p_z
  561   2   1   1       0.92207542  p_x
  562   1   0   0       0.89243343  s
  563   1   0   0       1.20373562  s
  563   2   1  -1       0.99332095  p_y
  563   2   1   0       0.96772678  p_z
  563   2   1   1       0.94207867  p_x
  564   1   0   0       0.89838441  s
  565   1   0   0       0.89670086  s
  566   1   0   0       0.88697149  s
  567   1   0   0       1.17419525  s
  567   2   1  -1       0.95517256  p_y
  567   2   1   0       0.90504876  p_z
  567   2   1   1       0.91945246  p_x
  568   1   0   0       1.21247084  s
  568   2   1  -1       1.00434466  p_y
  568   2   1   0       0.93405543  p_z
  568   2   1   1       0.97487534  p_x
  569   1   0   0       0.90384951  s
  570   1   0   0       1.21428317  s
  570   2   1  -1       0.99111341  p_y
  570   2   1   0       0.93983432  p_z
  570   2   1   1       0.97254241  p_x
  571   1   0   0       1.20544163  s
  571   2   1  -1       0.99046888  p_y
  571   2   1   0       0.97100751  p_z
  571   2   1   1       0.94095926  p_x
  572   1   0   0       0.89870475  s
  573   1   0   0       1.20425595  s
  573   2   1  -1       0.99856563  p_y
  573   2   1   0       0.94962894  p_z
  573   2   1   1       0.95670264  p_x
  574   1   0   0       0.88880092  s
  575   1   0   0       0.89769290  s
  576   1   0   0       0.89777319  s
  577   1   0   0       1.17461923  s
  577   2   1  -1       0.95579557  p_y
  577   2   1   0       0.90575975  p_z
  577   2   1   1       0.92045127  p_x
  578   1   0   0       1.22270905  s
  578   2   1  -1       1.01764182  p_y
  578   2   1   0       0.93684261  p_z
  578   2   1   1       0.98156404  p_x
  579   1   0   0       1.17123878  s
  579   2   1  -1       0.95603968  p_y
  579   2   1   0       0.90369678  p_z
  579   2   1   1       0.92127912  p_x
  580   1   0   0       1.22152869  s
  580   2   1  -1       1.02042483  p_y
  580   2   1   0       0.93551511  p_z
  580   2   1   1       0.98129735  p_x
  581   1   0   0       1.17423227  s
  581   2   1  -1       0.95498021  p_y
  581   2   1   0       0.90503386  p_z
  581   2   1   1       0.91945855  p_x
  582   1   0   0       0.88699728  s
  583   1   0   0       1.21869174  s
  583   2   1  -1       1.01976627  p_y
  583   2   1   0       0.93451593  p_z
  583   2   1   1       0.98353016  p_x
  584   1   0   0       1.22031964  s
  584   2   1  -1       1.02067753  p_y
  584   2   1   0       0.93508417  p_z
  584   2   1   1       0.97987215  p_x
  585   1   0   0       1.17117636  s
  585   2   1  -1       0.95666621  p_y
  585   2   1   0       0.90388461  p_z
  585   2   1   1       0.92150928  p_x
  586   1   0   0       0.88714115  s
  587   1   0   0       1.21431212  s
  587   2   1  -1       0.99110672  p_y
  587   2   1   0       0.93974659  p_z
  587   2   1   1       0.97254260  p_x
  588   1   0   0       1.17217532  s
  588   2   1  -1       0.95523944  p_y
  588   2   1   0       0.90004972  p_z
  588   2   1   1       0.92211285  p_x
  589   1   0   0       0.89187059  s
  590   1   0   0       0.89121026  s
  591   1   0   0       1.17427628  s
  591   2   1  -1       0.95520462  p_y
  591   2   1   0       0.90565731  p_z
  591   2   1   1       0.92020490  p_x
  592   1   0   0       1.21987026  s
  592   2   1  -1       1.01945139  p_y
  592   2   1   0       0.93488126  p_z
  592   2   1   1       0.98472672  p_x
  593   1   0   0       1.20400618  s
  593   2   1  -1       0.99888784  p_y
  593   2   1   0       0.94960599  p_z
  593   2   1   1       0.95645832  p_x
  594   1   0   0       0.88894019  s
  595   1   0   0       1.21238006  s
  595   2   1  -1       1.00358579  p_y
  595   2   1   0       0.93421309  p_z
  595   2   1   1       0.97462104  p_x
  596   1   0   0       1.22146435  s
  596   2   1  -1       1.01821603  p_y
  596   2   1   0       0.93645691  p_z
  596   2   1   1       0.98023040  p_x
  597   1   0   0       1.17240035  s
  597   2   1  -1       0.95588571  p_y
  597   2   1   0       0.90029022  p_z
  597   2   1   1       0.92243909  p_x
  598   1   0   0       0.88832159  s
  599   1   0   0       1.20508190  s
  599   2   1  -1       0.99211346  p_y
  599   2   1   0       0.97030687  p_z
  599   2   1   1       0.94152977  p_x
  600   1   0   0       0.89830204  s
  601   1   0   0       0.89903210  s
  602   1   0   0       0.89102075  s
  603   1   0   0       1.17408917  s
  603   2   1  -1       0.95454212  p_y
  603   2   1   0       0.90479722  p_z
  603   2   1   1       0.91937545  p_x
  604   1   0   0       1.21268608  s
  604   2   1  -1       1.00242602  p_y
  604   2   1   0       0.93424204  p_z
  604   2   1   1       0.97482139  p_x
  605   1   0   0       0.89900089  s
  606   1   0   0       1.21320737  s
  606   2   1  -1       0.99211498  p_y
  606   2   1   0       0.93969315  p_z
  606   2   1   1       0.97125270  p_x
  607   1   0   0       1.20365857  s
  607   2   1  -1       0.99363124  p_y
  607   2   1   0       0.96745058  p_z
  607   2   1   1       0.94224122  p_x
  608   1   0   0       0.89707226  s
  609   1   0   0       1.20338367  s
  609   2   1  -1       0.99726592  p_y
  609   2   1   0       0.94921056  p_z
  609   2   1   1       0.95576116  p_x
  610   1   0   0       0.89317165  s
  611   1   0   0       0.90433929  s
  612   1   0   0       0.89834660  s
  613   1   0   0       1.17531350  s
  613   2   1  -1       0.94933324  p_y
  613   2   1   0       0.91273716  p_z
  613   2   1   1       0.92008804  p_x
  614   1   0   0       1.22158719  s
  614   2   1  -1       1.01464980  p_y
  614   2   1   0       0.94424139  p_z
  614   2   1   1       0.98077588  p_x
  615   1   0   0       1.17264552  s
  615   2   1  -1       0.94912447  p_y
  615   2   1   0       0.91139463  p_z
  615   2   1   1       0.92028859  p_x
  616   1   0   0       1.22092012  s
  616   2   1  -1       1.01443294  p_y
  616   2   1   0       0.94271028  p_z
  616   2   1   1       0.98290752  p_x
  617   1   0   0       1.17070272  s
  617   2   1  -1       0.94666482  p_y
  617   2   1   0       0.91221039  p_z
  617   2   1   1       0.92004377  p_x
  618   1   0   0       0.88857998  s
  619   1   0   0       1.21933848  s
  619   2   1  -1       1.00998139  p_y
  619   2   1   0       0.94311166  p_z
  619   2   1   1       0.98315622  p_x
  620   1   0   0       1.21957577  s
  620   2   1  -1       1.01174957  p_y
  620   2   1   0       0.94196226  p_z
  620   2   1   1       0.98139490  p_x
  621   1   0   0       1.17278386  s
  621   2   1  -1       0.94943167  p_y
  621   2   1   0       0.91122089  p_z
  621   2   1   1       0.92058236  p_x
  622   1   0   0       0.88873602  s
  623   1   0   0       1.21180990  s
  623   2   1  -1       0.99293721  p_y
  623   2   1   0       0.94073261  p_z
  623   2   1   1       0.97315573  p_x
  624   1   0   0       1.17075096  s
  624   2   1  -1       0.94826546  p_y
  624   2   1   0       0.91019888  p_z
  624   2   1   1       0.92138890  p_x
  625   1   0   0       0.89175617  s
  626   1   0   0       0.89147934  s
  627   1   0   0       1.17504645  s
  627   2   1  -1       0.94921786  p_y
  627   2   1   0       0.91289171  p_z
  627   2   1   1       0.91987342  p_x
  628   1   0   0       1.22066283  s
  628   2   1  -1       1.01274197  p_y
  628   2   1   0       0.94394078  p_z
  628   2   1   1       0.98470710  p_x
  629   1   0   0       1.20383761  s
  629   2   1  -1       0.98305647  p_y
  629   2   1   0       0.96550165  p_z
  629   2   1   1       0.95493306  p_x
  630   1   0   0       0.88968619  s
  631   1   0   0       1.21034403  s
  631   2   1  -1       0.99191385  p_y
  631   2   1   0       0.93912700  p_z
  631   2   1   1       0.97694052  p_x
  632   1   0   0       1.22044131  s
  632   2   1  -1       1.01252797  p_y
  632   2   1   0       0.94354639  p_z
  632   2   1   1       0.97914005  p_x
  633   1   0   0       1.17108932  s
  633   2   1  -1       0.94833780  p_y
  633   2   1   0       0.91016298  p_z
  633   2   1   1       0.92146428  p_x
  634   1   0   0       0.88898679  s
  635   1   0   0       1.20437084  s
  635   2   1  -1       0.99117152  p_y
  635   2   1   0       0.97140732  p_z
  635   2   1   1       0.94286413  p_x
  636   1   0   0       0.90219014  s
  637   1   0   0       0.89446386  s
  638   1   0   0       0.89181345  s
  639   1   0   0       1.17060157  s
  639   2   1  -1       0.94669632  p_y
  639   2   1   0       0.91238395  p_z
  639   2   1   1       0.91983628  p_x
  640   1   0   0       1.21112549  s
  640   2   1  -1       0.99361774  p_y
  640   2   1   0       0.93968354  p_z
  640   2   1   1       0.97805494  p_x
  641   1   0   0       0.90309862  s
  642   1   0   0       1.21057148  s
  642   2   1  -1       0.99232483  p_y
  642   2   1   0       0.94091186  p_z
  642   2   1   1       0.97184587  p_x
  643   1   0   0       1.20497774  s
  643   2   1  -1       0.98953303  p_y
  643   2   1   0       0.97204056  p_z
  643   2   1   1       0.94182015  p_x
  644   1   0   0       0.89337806  s
  645   1   0   0       1.20384578  s
  645   2   1  -1       0.98319863  p_y
  645   2   1   0       0.96535198  p_z
  645   2   1   1       0.95530767  p_x
  646   1   0   0       0.89286506  s
  647   1   0   0       0.90050681  s
  648   1   0   0       0.90226602  s
  649   1   0   0       1.17517719  s
  649   2   1  -1       0.94938477  p_y
  649   2   1   0       0.91287413  p_z
  649   2   1   1       0.92016046  p_x
  650   1   0   0       1.22155232  s
  650   2   1  -1       1.01418820  p_y
  650   2   1   0       0.94372103  p_z
  650   2   1   1       0.98093020  p_x
  651   1   0   0       1.17276929  s
  651   2   1  -1       0.94916909  p_y
  651   2   1   0       0.91131385  p_z
  651   2   1   1       0.92036864  p_x
  652   1   0   0       1.22082798  s
  652   2   1  -1       1.01398151  p_y
  652   2   1   0       0.94242345  p_z
  652   2   1   1       0.98297845  p_x
  653   1   0   0       1.17060878  s
  653   2   1  -1       0.94702099  p_y
  653   2   1   0       0.91229610  p_z
  653   2   1   1       0.91992232  p_x
  654   1   0   0       0.88820774  s
  655   1   0   0       1.21964065  s
  655   2   1  -1       1.00970398  p_y
  655   2   1   0       0.94308039  p_z
  655   2   1   1       0.98297493  p_x
  656   1   0   0       1.21975436  s
  656   2   1  -1       1.01149742  p_y
  656   2   1   0       0.94185144  p_z
  656   2   1   1       0.98128782  p_x
  657   1   0   0       1.17285469  s
  657   2   1  -1       0.94941442  p_y
  657   2   1   0       0.91131027  p_z
  657   2   1   1       0.92061049  p_x
  658   1   0   0       0.88831383  s
  659   1   0   0       1.21167377  s
  659   2   1  -1       0.99235707  p_y
  659   2   1   0       0.94057487  p_z
  659   2   1   1       0.97337957  p_x
  660   1   0   0       1.17074459  s
  660   2   1  -1       0.94833782  p_y
  660   2   1   0       0.91007015  p_z
  660   2   1   1       0.92154014  p_x
  661   1   0   0       0.89136432  s
  662   1   0   0       0.89128698  s
  663   1   0   0       1.17515291  s
  663   2   1  -1       0.94917086  p_y
  663   2   1   0       0.91299735  p_z
  663   2   1   1       0.91996292  p_x
  664   1   0   0       1.22069593  s
  664   2   1  -1       1.01222546  p_y
  664   2   1   0       0.94369267  p_z
  664   2   1   1       0.98474861  p_x
  665   1   0   0       1.20401516  s
  665   2   1  -1       0.98571876  p_y
  665   2   1   0       0.96609740  p_z
  665   2   1   1       0.95571024  p_x
  666   1   0   0       0.88910253  s
  667   1   0   0       1.21068897  s
  667   2   1  -1       0.99187540  p_y
  667   2   1   0       0.93924156  p_z
  667   2   1   1       0.97669104  p_x
  668   1   0   0       1.22029323  s
  668   2   1  -1       1.01230168  p_y
  668   2   1   0       0.94355546  p_z
  668   2   1   1       0.97930108  p_x
  669   1   0   0       1.17089438  s
  669   2   1  -1       0.94834904  p_y
  669   2   1   0       0.91013290  p_z
  669   2   1   1       0.92156968  p_x
  670   1   0   0       0.88859069  s
  671   1   0   0       1.20508608  s
  671   2   1  -1       0.99238220  p_y
  671   2   1   0       0.97265630  p_z
  671   2   1   1       0.94299073  p_x
  672   1   0   0       0.90317742  s
  673   1   0   0       0.89418451  s
  674   1   0   0       0.89140384  s
  675   1   0   0       1.17067745  s
  675   2   1  -1       0.94653213  p_y
  675   2   1   0       0.91249000  p_z
  675   2   1   1       0.91990704  p_x
  676   1   0   0       1.21107075  s
  676   2   1  -1       0.99325238  p_y
  676   2   1   0       0.93957763  p_z
  676   2   1   1       0.97772513  p_x
  677   1   0   0       0.90121560  s
  678   1   0   0       1.21078316  s
  678   2   1  -1       0.99159633  p_y
  678   2   1   0       0.94051900  p_z
  678   2   1   1       0.97168736  p_x
  679   1   0   0       1.20450563  s
  679   2   1  -1       0.99080006  p_y
  679   2   1   0       0.97125202  p_z
  679   2   1   1       0.94295121  p_x
  680   1   0   0       0.89330891  s
  681   1   0   0       1.20342436  s
  681   2   1  -1       0.98229158  p_y
  681   2   1   0       0.96536267  p_z
  681   2   1   1       0.95452460  p_x
  682   1   0   0       0.89245490  s
  683   1   0   0       0.90312609  s
  684   1   0   0       0.90203330  s
  685   1   0   0       1.17520125  s
  685   2   1  -1       0.94921427  p_y
  685   2   1   0       0.91303012  p_z
  685   2   1   1       0.91996798  p_x
  686   1   0   0       1.22051297  s
  686   2   1  -1       1.01260769  p_y
  686   2   1   0       0.94360690  p_z
  686   2   1   1       0.97922603  p_x
  687   1   0   0       1.17285859  s
  687   2   1  -1       0.94956694  p_y
  687   2   1   0       0.91131183  p_z
  687   2   1   1       0.92065758  p_x
  688   1   0   0       1.21952259  s
  688   2   1  -1       1.01205135  p_y
  688   2   1   0       0.94192646  p_z
  688   2   1   1       0.98144237  p_x
  689   1   0   0       1.17056594  s
  689   2   1  -1       0.94680223  p_y
  689   2   1   0       0.91233346  p_z
  689   2   1   1       0.91987430  p_x
  690   1   0   0       0.89177747  s
  691   1   0   0       1.22070683  s
  691   2   1  -1       1.01224885  p_y
  691   2   1   0       0.94366195  p_z
  691   2   1   1       0.98476589  p_x
  692   1   0   0       1.22092169  s
  692   2   1  -1       1.01398643  p_y
  692   2   1   0       0.94248795  p_z
  692   2   1   1       0.98292514  p_x
  693   1   0   0       1.17255817  s
  693   2   1  -1       0.94921623  p_y
  693   2   1   0       0.91132880  p_z
  693   2   1   1       0.92042424  p_x
  694   1   0   0       0.89152954  s
  695   1   0   0       1.21070750  s
  695   2   1  -1       0.99208498  p_y
  695   2   1   0       0.94091270  p_z
  695   2   1   1       0.97186248  p_x
  696   1   0   0       1.17094926  s
  696   2   1  -1       0.94846227  p_y
  696   2   1   0       0.91014923  p_z
  696   2   1   1       0.92145614  p_x
  697   1   0   0       0.88848606  s
  698   1   0   0       0.88813377  s
  699   1   0   0       1.17538277  s
  699   2   1  -1       0.94946510  p_y
  699   2   1   0       0.91288981  p_z
  699   2   1   1       0.92016649  p_x
  700   1   0   0       1.21941165  s
  700   2   1  -1       1.01012620  p_y
  700   2   1   0       0.94322379  p_z
  700   2   1   1       0.98326018  p_x
  701   1   0   0       1.20384244  s
  701   2   1  -1       0.98297581  p_y
  701   2   1   0       0.96549397  p_z
  701   2   1   1       0.95517495  p_x
  702   1   0   0       0.89263379  s
  703   1   0   0       1.21144294  s
  703   2   1  -1       0.99384389  p_y
  703   2   1   0       0.93985807  p_z
  703   2   1   1       0.97812890  p_x
  704   1   0   0       1.22168270  s
  704   2   1  -1       1.01423607  p_y
  704   2   1   0       0.94401612  p_z
  704   2   1   1       0.98083806  p_x
  705   1   0   0       1.17080390  s
  705   2   1  -1       0.94833478  p_y
  705   2   1   0       0.91022457  p_z
  705   2   1   1       0.92141042  p_x
  706   1   0   0       0.89176614  s
  707   1   0   0       1.20559896  s
  707   2   1  -1       0.99051350  p_y
  707   2   1   0       0.97286107  p_z
  707   2   1   1       0.94211885  p_x
  708   1   0   0       0.90180010  s
  709   1   0   0       0.89309382  s
  710   1   0   0       0.88802932  s
  711   1   0   0       1.17084954  s
  711   2   1  -1       0.94668909  p_y
  711   2   1   0       0.91237164  p_z
  711   2   1   1       0.92010602  p_x
  712   1   0   0       1.21036124  s
  712   2   1  -1       0.99209074  p_y
  712   2   1   0       0.93912353  p_z
  712   2   1   1       0.97697643  p_x
  713   1   0   0       0.89909317  s
  714   1   0   0       1.21176504  s
  714   2   1  -1       0.99265553  p_y
  714   2   1   0       0.94052163  p_z
  714   2   1   1       0.97318583  p_x
  715   1   0   0       1.20452129  s
  715   2   1  -1       0.99110988  p_y
  715   2   1   0       0.97145798  p_z
  715   2   1   1       0.94292284  p_x
  716   1   0   0       0.89438940  s
  717   1   0   0       1.20388930  s
  717   2   1  -1       0.98326678  p_y
  717   2   1   0       0.96565813  p_z
  717   2   1   1       0.95494563  p_x
  718   1   0   0       0.88930122  s
  719   1   0   0       0.90300254  s
  720   1   0   0       0.90213789  s
  721   1   0   0       1.17495428  s
  721   2   1  -1       0.94928803  p_y
  721   2   1   0       0.91246524  p_z
  721   2   1   1       0.92009866  p_x
  722   1   0   0       1.22168387  s
  722   2   1  -1       1.01423421  p_y
  722   2   1   0       0.94426544  p_z
  722   2   1   1       0.98066401  p_x
  723   1   0   0       1.17170592  s
  723   2   1  -1       0.94735612  p_y
  723   2   1   0       0.90993630  p_z
  723   2   1   1       0.91942480  p_x
  724   1   0   0       1.22084623  s
  724   2   1  -1       1.01372568  p_y
  724   2   1   0       0.94277467  p_z
  724   2   1   1       0.98273103  p_x
  725   1   0   0       1.17048402  s
  725   2   1  -1       0.94644404  p_y
  725   2   1   0       0.91198488  p_z
  725   2   1   1       0.91992194  p_x
  726   1   0   0       0.88904351  s
  727   1   0   0       1.21767882  s
  727   2   1  -1       1.01275208  p_y
  727   2   1   0       0.94493147  p_z
  727   2   1   1       0.98040995  p_x
  728   1   0   0       1.21789793  s
  728   2   1  -1       1.01420007  p_y
  728   2   1   0       0.94370002  p_z
  728   2   1   1       0.97846374  p_x
  729   1   0   0       1.17244219  s
  729   2   1  -1       0.94940181  p_y
  729   2   1   0       0.91094904  p_z
  729   2   1   1       0.92060483  p_x
  730   1   0   0       0.88920487  s
  731   1   0   0       1.21179591  s
  731   2   1  -1       0.99334492  p_y
  731   2   1   0       0.94132149  p_z
  731   2   1   1       0.97316047  p_x
  732   1   0   0       1.17004736  s
  732   2   1  -1       0.94642400  p_y
  732   2   1   0       0.90885179  p_z
  732   2   1   1       0.92055124  p_x
  733   1   0   0       0.89972741  s
  734   1   0   0       0.89971408  s
  735   1   0   0       1.17417664  s
  735   2   1  -1       0.94741056  p_y
  735   2   1   0       0.91144227  p_z
  735   2   1   1       0.91886213  p_x
  736   1   0   0       1.22070927  s
  736   2   1  -1       1.01173417  p_y
  736   2   1   0       0.94397201  p_z
  736   2   1   1       0.98438025  p_x
  737   1   0   0       1.20354238  s
  737   2   1  -1       0.98136795  p_y
  737   2   1   0       0.96477308  p_z
  737   2   1   1       0.95478074  p_x
  738   1   0   0       0.88985707  s
  739   1   0   0       1.20891085  s
  739   2   1  -1       0.99487929  p_y
  739   2   1   0       0.94110978  p_z
  739   2   1   1       0.97442215  p_x
  740   1   0   0       1.21851808  s
  740   2   1  -1       1.01493234  p_y
  740   2   1   0       0.94522699  p_z
  740   2   1   1       0.97643605  p_x
  741   1   0   0       1.17074443  s
  741   2   1  -1       0.94828074  p_y
  741   2   1   0       0.91002955  p_z
  741   2   1   1       0.92125323  p_x
  742   1   0   0       0.88945191  s
  743   1   0   0       1.20380073  s
  743   2   1  -1       0.98687984  p_y
  743   2   1   0       0.97009754  p_z
  743   2   1   1       0.94093729  p_x
  744   1   0   0       0.90170593  s
  745   1   0   0       0.90297768  s
  746   1   0   0       0.89958277  s
  747   1   0   0       1.16967070  s
  747   2   1  -1       0.94544751  p_y
  747   2   1   0       0.91103406  p_z
  747   2   1   1       0.91931659  p_x
  748   1   0   0       1.21091363  s
  748   2   1  -1       0.99202757  p_y
  748   2   1   0       0.93930194  p_z
  748   2   1   1       0.97745347  p_x
  749   1   0   0       0.90236956  s
  750   1   0   0       1.20898274  s
  750   2   1  -1       0.99532388  p_y
  750   2   1   0       0.94294404  p_z
  750   2   1   1       0.96891940  p_x
  751   1   0   0       1.20422992  s
  751   2   1  -1       0.98974594  p_y
  751   2   1   0       0.97116467  p_z
  751   2   1   1       0.94208274  p_x
  752   1   0   0       0.89371317  s
  753   1   0   0       1.20324582  s
  753   2   1  -1       0.97970669  p_y
  753   2   1   0       0.96397041  p_z
  753   2   1   1       0.95434595  p_x
  754   1   0   0       0.90157174  s
  755   1   0   0       0.90251749  s
  756   1   0   0       0.90185501  s
  757   1   0   0       1.17513054  s
  757   2   1  -1       0.94924921  p_y
  757   2   1   0       0.91245417  p_z
  757   2   1   1       0.92000053  p_x
  758   1   0   0       1.22153663  s
  758   2   1  -1       1.01426977  p_y
  758   2   1   0       0.94432339  p_z
  758   2   1   1       0.98064063  p_x
  759   1   0   0       1.17170931  s
  759   2   1  -1       0.94739990  p_y
  759   2   1   0       0.90991376  p_z
  759   2   1   1       0.91946378  p_x
  760   1   0   0       1.22100102  s
  760   2   1  -1       1.01383504  p_y
  760   2   1   0       0.94283566  p_z
  760   2   1   1       0.98269496  p_x
  761   1   0   0       1.17040869  s
  761   2   1  -1       0.94648412  p_y
  761   2   1   0       0.91195553  p_z
  761   2   1   1       0.92002879  p_x
  762   1   0   0       0.88903303  s
  763   1   0   0       1.21763627  s
  763   2   1  -1       1.01231776  p_y
  763   2   1   0       0.94488198  p_z
  763   2   1   1       0.98030469  p_x
  764   1   0   0       1.21770308  s
  764   2   1  -1       1.01379679  p_y
  764   2   1   0       0.94350246  p_z
  764   2   1   1       0.97849186  p_x
  765   1   0   0       1.17261369  s
  765   2   1  -1       0.94926622  p_y
  765   2   1   0       0.91088960  p_z
  765   2   1   1       0.92048775  p_x
  766   1   0   0       0.88915436  s
  767   1   0   0       1.21199598  s
  767   2   1  -1       0.99330930  p_y
  767   2   1   0       0.94122017  p_z
  767   2   1   1       0.97311607  p_x
  768   1   0   0       1.16987920  s
  768   2   1  -1       0.94665027  p_y
  768   2   1   0       0.90881400  p_z
  768   2   1   1       0.92070049  p_x
  769   1   0   0       0.89967963  s
  770   1   0   0       0.89961067  s
  771   1   0   0       1.17401887  s
  771   2   1  -1       0.94734539  p_y
  771   2   1   0       0.91148633  p_z
  771   2   1   1       0.91893126  p_x
  772   1   0   0       1.22078288  s
  772   2   1  -1       1.01202108  p_y
  772   2   1   0       0.94403561  p_z
  772   2   1   1       0.98445424  p_x
  773   1   0   0       1.20355980  s
  773   2   1  -1       0.98212383  p_y
  773   2   1   0       0.96487817  p_z
  773   2   1   1       0.95478082  p_x
  774   1   0   0       0.89004539  s
  775   1   0   0       1.20866043  s
  775   2   1  -1       0.99455761  p_y
  775   2   1   0       0.94094288  p_z
  775   2   1   1       0.97435158  p_x
  776   1   0   0       1.21856979  s
  776   2   1  -1       1.01460423  p_y
  776   2   1   0       0.94496233  p_z
  776   2   1   1       0.97654243  p_x
  777   1   0   0       1.17058668  s
  777   2   1  -1       0.94811677  p_y
  777   2   1   0       0.90995198  p_z
  777   2   1   1       0.92114719  p_x
  778   1   0   0       0.88926564  s
  779   1   0   0       1.20359174  s
  779   2   1  -1       0.98753218  p_y
  779   2   1   0       0.97021171  p_z
  779   2   1   1       0.94114656  p_x
  780   1   0   0       0.90248520  s
  781   1   0   0       0.90297922  s
  782   1   0   0       0.89935791  s
  783   1   0   0       1.16975121  s
  783   2   1  -1       0.94551004  p_y
  783   2   1   0       0.91100500  p_z
  783   2   1   1       0.91921797  p_x
  784   1   0   0       1.21142799  s
  784   2   1  -1       0.99285240  p_y
  784   2   1   0       0.93967176  p_z
  784   2   1   1       0.97790075  p_x
  785   1   0   0       0.90269743  s
  786   1   0   0       1.20914182  s
  786   2   1  -1       0.99560796  p_y
  786   2   1   0       0.94322775  p_z
  786   2   1   1       0.96930195  p_x
  787   1   0   0       1.20531186  s
  787   2   1  -1       0.98917141  p_y
  787   2   1   0       0.97279815  p_z
  787   2   1   1       0.94111206  p_x
  788   1   0   0       0.89350644  s
  789   1   0   0       1.20355876  s
  789   2   1  -1       0.98002035  p_y
  789   2   1   0       0.96414321  p_z
  789   2   1   1       0.95505837  p_x
  790   1   0   0       0.90076393  s
  791   1   0   0       0.89834734  s
  792   1   0   0       0.90128504  s
  793   1   0   0       1.17539019  s
  793   2   1  -1       0.94917491  p_y
  793   2   1   0       0.91276593  p_z
  793   2   1   1       0.92007564  p_x
  794   1   0   0       1.22157961  s
  794   2   1  -1       1.01460850  p_y
  794   2   1   0       0.94399664  p_z
  794   2   1   1       0.98090425  p_x
  795   1   0   0       1.17259596  s
  795   2   1  -1       0.94915590  p_y
  795   2   1   0       0.91127294  p_z
  795   2   1   1       0.92028034  p_x
  796   1   0   0       1.22088490  s
  796   2   1  -1       1.01447139  p_y
  796   2   1   0       0.94272720  p_z
  796   2   1   1       0.98290370  p_x
  797   1   0   0       1.17050087  s
  797   2   1  -1       0.94682543  p_y
  797   2   1   0       0.91212022  p_z
  797   2   1   1       0.91991905  p_x
  798   1   0   0       0.88870951  s
  799   1   0   0       1.21945010  s
  799   2   1  -1       1.00972029  p_y
  799   2   1   0       0.94309839  p_z
  799   2   1   1       0.98295446  p_x
  800   1   0   0       1.21948917  s
  800   2   1  -1       1.01135333  p_y
  800   2   1   0       0.94183181  p_z
  800   2   1   1       0.98125160  p_x
  801   1   0   0       1.17276102  s
  801   2   1  -1       0.94932879  p_y
  801   2   1   0       0.91103816  p_z
  801   2   1   1       0.92059698  p_x
  802   1   0   0       0.88881087  s
  803   1   0   0       1.21182715  s
  803   2   1  -1       0.99286062  p_y
  803   2   1   0       0.94095097  p_z
  803   2   1   1       0.97337960  p_x
  804   1   0   0       1.17060211  s
  804   2   1  -1       0.94827792  p_y
  804   2   1   0       0.91008937  p_z
  804   2   1   1       0.92139265  p_x
  805   1   0   0       0.89169070  s
  806   1   0   0       0.89149860  s
  807   1   0   0       1.17506112  s
  807   2   1  -1       0.94907820  p_y
  807   2   1   0       0.91296270  p_z
  807   2   1   1       0.91990041  p_x
  808   1   0   0       1.22068936  s
  808   2   1  -1       1.01268464  p_y
  808   2   1   0       0.94404982  p_z
  808   2   1   1       0.98468455  p_x
  809   1   0   0       1.20430521  s
  809   2   1  -1       0.98464948  p_y
  809   2   1   0       0.96598158  p_z
  809   2   1   1       0.95561599  p_x
  810   1   0   0       0.88938009  s
  811   1   0   0       1.21058444  s
  811   2   1  -1       0.99204648  p_y
  811   2   1   0       0.93927410  p_z
  811   2   1   1       0.97697000  p_x
  812   1   0   0       1.22028984  s
  812   2   1  -1       1.01206971  p_y
  812   2   1   0       0.94351320  p_z
  812   2   1   1       0.97919218  p_x
  813   1   0   0       1.17080074  s
  813   2   1  -1       0.94830750  p_y
  813   2   1   0       0.90994643  p_z
  813   2   1   1       0.92154491  p_x
  814   1   0   0       0.88929710  s
  815   1   0   0       1.20512890  s
  815   2   1  -1       0.99177329  p_y
  815   2   1   0       0.97276575  p_z
  815   2   1   1       0.94261226  p_x
  816   1   0   0       0.90225936  s
  817   1   0   0       0.89432429  s
  818   1   0   0       0.89150943  s
  819   1   0   0       1.17069546  s
  819   2   1  -1       0.94641398  p_y
  819   2   1   0       0.91250327  p_z
  819   2   1   1       0.91984922  p_x
  820   1   0   0       1.21102144  s
  820   2   1  -1       0.99379580  p_y
  820   2   1   0       0.93986620  p_z
  820   2   1   1       0.97760460  p_x
  821   1   0   0       0.90039144  s
  822   1   0   0       1.21064742  s
  822   2   1  -1       0.99141329  p_y
  822   2   1   0       0.94039408  p_z
  822   2   1   1       0.97156782  p_x
  823   1   0   0       1.20456398  s
  823   2   1  -1       0.99064710  p_y
  823   2   1   0       0.97110158  p_z
  823   2   1   1       0.94306054  p_x
  824   1   0   0       0.89393432  s
  825   1   0   0       1.20335008  s
  825   2   1  -1       0.98229669  p_y
  825   2   1   0       0.96539547  p_z
  825   2   1   1       0.95441324  p_x
  826   1   0   0       0.89260994  s
  827   1   0   0       0.90330303  s
  828   1   0   0       0.90202048  s
  829   1   0   0       1.17397448  s
  829   2   1  -1       0.95468536  p_y
  829   2   1   0       0.90506957  p_z
  829   2   1   1       0.92005611  p_x
  830   1   0   0       1.22165887  s
  830   2   1  -1       1.01932923  p_y
  830   2   1   0       0.93706738  p_z
  830   2   1   1       0.98007577  p_x
  831   1   0   0       1.17007215  s
  831   2   1  -1       0.95464223  p_y
  831   2   1   0       0.90282354  p_z
  831   2   1   1       0.92053875  p_x
  832   1   0   0       1.22033708  s
  832   2   1  -1       1.02140064  p_y
  832   2   1   0       0.93558125  p_z
  832   2   1   1       0.97961210  p_x
  833   1   0   0       1.17378715  s
  833   2   1  -1       0.95369825  p_y
  833   2   1   0       0.90416023  p_z
  833   2   1   1       0.91926372  p_x
  834   1   0   0       0.89220445  s
  835   1   0   0       1.21797350  s
  835   2   1  -1       1.02323541  p_y
  835   2   1   0       0.93497427  p_z
  835   2   1   1       0.98184133  p_x
  836   1   0   0       1.21964881  s
  836   2   1  -1       1.02438527  p_y
  836   2   1   0       0.93572603  p_z
  836   2   1   1       0.97849166  p_x
  837   1   0   0       1.17084264  s
  837   2   1  -1       0.95583803  p_y
  837   2   1   0       0.90326272  p_z
  837   2   1   1       0.92112099  p_x
  838   1   0   0       0.89238058  s
  839   1   0   0       1.21335621  s
  839   2   1  -1       0.99452119  p_y
  839   2   1   0       0.94034090  p_z
  839   2   1   1       0.97137648  p_x
  840   1   0   0       1.17180257  s
  840   2   1  -1       0.95321724  p_y
  840   2   1   0       0.90028221  p_z
  840   2   1   1       0.92108954  p_x
  841   1   0   0       0.89738143  s
  842   1   0   0       0.89515728  s
  843   1   0   0       1.17360144  s
  843   2   1  -1       0.95364877  p_y
  843   2   1   0       0.90460361  p_z
  843   2   1   1       0.91950811  p_x
  844   1   0   0       1.21869857  s
  844   2   1  -1       1.01973282  p_y
  844   2   1   0       0.93484766  p_z
  844   2   1   1       0.98326308  p_x
  845   1   0   0       1.20336798  s
  845   2   1  -1       0.99531323  p_y
  845   2   1   0       0.94863030  p_z
  845   2   1   1       0.95577483  p_x
  846   1   0   0       0.89426261  s
  847   1   0   0       1.21154921  s
  847   2   1  -1       1.00249484  p_y
  847   2   1   0       0.93337298  p_z
  847   2   1   1       0.97356947  p_x
  848   1   0   0       1.22089854  s
  848   2   1  -1       1.02166638  p_y
  848   2   1   0       0.93701612  p_z
  848   2   1   1       0.97878094  p_x
  849   1   0   0       1.17184941  s
  849   2   1  -1       0.95481523  p_y
  849   2   1   0       0.90002964  p_z
  849   2   1   1       0.92180244  p_x
  850   1   0   0       0.89309126  s
  851   1   0   0       1.20300340  s
  851   2   1  -1       0.98990996  p_y
  851   2   1   0       0.96716777  p_z
  851   2   1   1       0.94069513  p_x
  852   1   0   0       0.89873489  s
  853   1   0   0       0.90016260  s
  854   1   0   0       0.89530957  s
  855   1   0   0       1.17309657  s
  855   2   1  -1       0.95287614  p_y
  855   2   1   0       0.90377262  p_z
  855   2   1   1       0.91847192  p_x
  856   1   0   0       1.21251196  s
  856   2   1  -1       1.00253612  p_y
  856   2   1   0       0.93406053  p_z
  856   2   1   1       0.97430729  p_x
  857   1   0   0       0.90414207  s
  858   1   0   0       1.21260861  s
  858   2   1  -1       0.99592642  p_y
  858   2   1   0       0.94033063  p_z
  858   2   1   1       0.96986602  p_x
  859   1   0   0       1.20335097  s
  859   2   1  -1       0.99096306  p_y
  859   2   1   0       0.96784203  p_z
  859   2   1   1       0.94080012  p_x
  860   1   0   0       0.89884984  s
  861   1   0   0       1.20265274  s
  861   2   1  -1       0.99575062  p_y
  861   2   1   0       0.94811407  p_z
  861   2   1   1       0.95553093  p_x
  862   1   0   0       0.89750662  s
  863   1   0   0       0.90286951  s
  864   1   0   0       0.90093706  s
  865   1   0   0       1.17365478  s
  865   2   1  -1       0.95468669  p_y
  865   2   1   0       0.90528070  p_z
  865   2   1   1       0.91939075  p_x
  866   1   0   0       1.22221879  s
  866   2   1  -1       1.01284300  p_y
  866   2   1   0       0.93680566  p_z
  866   2   1   1       0.97929499  p_x
  867   1   0   0       1.17014675  s
  867   2   1  -1       0.95438046  p_y
  867   2   1   0       0.90247332  p_z
  867   2   1   1       0.92121625  p_x
  868   1   0   0       1.22084437  s
  868   2   1  -1       1.01457934  p_y
  868   2   1   0       0.93533944  p_z
  868   2   1   1       0.97920799  p_x
  869   1   0   0       1.17366111  s
  869   2   1  -1       0.95356812  p_y
  869   2   1   0       0.90433807  p_z
  869   2   1   1       0.91831771  p_x
  870   1   0   0       0.88959835  s
  871   1   0   0       1.21728980  s
  871   2   1  -1       1.02976295  p_y
  871   2   1   0       0.93534428  p_z
  871   2   1   1       0.98225911  p_x
  872   1   0   0       1.21897823  s
  872   2   1  -1       1.03141184  p_y
  872   2   1   0       0.93603212  p_z
  872   2   1   1       0.97876885  p_x
  873   1   0   0       1.17060748  s
  873   2   1  -1       0.95596558  p_y
  873   2   1   0       0.90347755  p_z
  873   2   1   1       0.92034110  p_x
  874   1   0   0       0.88961726  s
  875   1   0   0       1.21362481  s
  875   2   1  -1       0.98954739  p_y
  875   2   1   0       0.93972274  p_z
  875   2   1   1       0.97106581  p_x
  876   1   0   0       1.17219629  s
  876   2   1  -1       0.95284425  p_y
  876   2   1   0       0.89993383  p_z
  876   2   1   1       0.92186193  p_x
  877   1   0   0       0.90062548  s
  878   1   0   0       0.89855429  s
  879   1   0   0       1.17361858  s
  879   2   1  -1       0.95348422  p_y
  879   2   1   0       0.90428363  p_z
  879   2   1   1       0.92006010  p_x
  880   1   0   0       1.21922010  s
  880   2   1  -1       1.01371425  p_y
  880   2   1   0       0.93454889  p_z
  880   2   1   1       0.98280752  p_x
  881   1   0   0       1.20321417  s
  881   2   1  -1       0.99658942  p_y
  881   2   1   0       0.94902585  p_z
  881   2   1   1       0.95528423  p_x
  882   1   0   0       0.89135145  s
  883   1   0   0       1.21169513  s
  883   2   1  -1       1.00744720  p_y
  883   2   1   0       0.93406899  p_z
  883   2   1   1       0.97449262  p_x
  884   1   0   0       1.22014815  s
  884   2   1  -1       1.02807758  p_y
  884   2   1   0       0.93726110  p_z
  884   2   1   1       0.97904192  p_x
  885   1   0   0       1.17156443  s
  885   2   1  -1       0.95494000  p_y
  885   2   1   0       0.90016995  p_z
  885   2   1   1       0.92103330  p_x
  886   1   0   0       0.89028511  s
  887   1   0   0       1.20345921  s
  887   2   1  -1       0.98835962  p_y
  887   2   1   0       0.96716703  p_z
  887   2   1   1       0.94090705  p_x
  888   1   0   0       0.89841197  s
  889   1   0   0       0.90121933  s
  890   1   0   0       0.89905724  s
  891   1   0   0       1.17307413  s
  891   2   1  -1       0.95287731  p_y
  891   2   1   0       0.90352682  p_z
  891   2   1   1       0.91930092  p_x
  892   1   0   0       1.21247493  s
  892   2   1  -1       0.99823433  p_y
  892   2   1   0       0.93362569  p_z
  892   2   1   1       0.97371034  p_x
  893   1   0   0       0.90415830  s
  894   1   0   0       1.21199724  s
  894   2   1  -1       1.00052166  p_y
  894   2   1   0       0.94085137  p_z
  894   2   1   1       0.96974867  p_x
  895   1   0   0       1.20367205  s
  895   2   1  -1       0.99241661  p_y
  895   2   1   0       0.96897550  p_z
  895   2   1   1       0.94059267  p_x
  896   1   0   0       0.89765494  s
  897   1   0   0       1.20288509  s
  897   2   1  -1       0.99447180  p_y
  897   2   1   0       0.94771933  p_z
  897   2   1   1       0.95583161  p_x
  898   1   0   0       0.90118583  s
  899   1   0   0       0.90106681  s
  900   1   0   0       0.90109446  s
  901   1   0   0       1.17358117  s
  901   2   1  -1       0.95329299  p_y
  901   2   1   0       0.90423486  p_z
  901   2   1   1       0.92007066  p_x
  902   1   0   0       1.22007708  s
  902   2   1  -1       1.02915120  p_y
  902   2   1   0       0.93727679  p_z
  902   2   1   1       0.97918917  p_x
  903   1   0   0       1.17075254  s
  903   2   1  -1       0.95605448  p_y
  903   2   1   0       0.90357378  p_z
  903   2   1   1       0.92038085  p_x
  904   1   0   0       1.21902914  s
  904   2   1  -1       1.03250382  p_y
  904   2   1   0       0.93610612  p_z
  904   2   1   1       0.97893917  p_x
  905   1   0   0       1.17306560  s
  905   2   1  -1       0.95284494  p_y
  905   2   1   0       0.90346909  p_z
  905   2   1   1       0.91934922  p_x
  906   1   0   0       0.89934879  s
  907   1   0   0       1.21923383  s
  907   2   1  -1       1.01231514  p_y
  907   2   1   0       0.93444904  p_z
  907   2   1   1       0.98262460  p_x
  908   1   0   0       1.22092761  s
  908   2   1  -1       1.01303312  p_y
  908   2   1   0       0.93524811  p_z
  908   2   1   1       0.97907116  p_x
  909   1   0   0       1.17016715  s
  909   2   1  -1       0.95408288  p_y
  909   2   1   0       0.90238637  p_z
  909   2   1   1       0.92122930  p_x
  910   1   0   0       0.89887655  s
  911   1   0   0       1.21200678  s
  911   2   1  -1       1.00104647  p_y
  911   2   1   0       0.94086118  p_z
  911   2   1   1       0.96985178  p_x
  912   1   0   0       1.17150227  s
  912   2   1  -1       0.95547986  p_y
  912   2   1   0       0.90014956  p_z
  912   2   1   1       0.92100787  p_x
  913   1   0   0       0.88973854  s
  914   1   0   0       0.88898157  s
  915   1   0   0       1.17363406  s
  915   2   1  -1       0.95480683  p_y
  915   2   1   0       0.90536192  p_z
  915   2   1   1       0.91934901  p_x
  916   1   0   0       1.21721049  s
  916   2   1  -1       1.03093174  p_y
  916   2   1   0       0.93539474  p_z
  916   2   1   1       0.98234654  p_x
  917   1   0   0       1.20285729  s
  917   2   1  -1       0.99501527  p_y
  917   2   1   0       0.94772472  p_z
  917   2   1   1       0.95589990  p_x
  918   1   0   0       0.90158173  s
  919   1   0   0       1.21253927  s
  919   2   1  -1       0.99712358  p_y
  919   2   1   0       0.93368457  p_z
  919   2   1   1       0.97361640  p_x
  920   1   0   0       1.22217428  s
  920   2   1  -1       1.01145828  p_y
  920   2   1   0       0.93666475  p_z
  920   2   1   1       0.97916784  p_x
  921   1   0   0       1.17221571  s
  921   2   1  -1       0.95253248  p_y
  921   2   1   0       0.89981167  p_z
  921   2   1   1       0.92199479  p_x
  922   1   0   0       0.90091558  s
  923   1   0   0       1.20370841  s
  923   2   1  -1       0.99371135  p_y
  923   2   1   0       0.96883453  p_z
  923   2   1   1       0.94059428  p_x
  924   1   0   0       0.90155821  s
  925   1   0   0       0.89738335  s
  926   1   0   0       0.88901562  s
  927   1   0   0       1.17371017  s
  927   2   1  -1       0.95363345  p_y
  927   2   1   0       0.90447079  p_z
  927   2   1   1       0.91830706  p_x
  928   1   0   0       1.21180800  s
  928   2   1  -1       1.00815733  p_y
  928   2   1   0       0.93420952  p_z
  928   2   1   1       0.97437879  p_x
  929   1   0   0       0.90137977  s
  930   1   0   0       1.21353024  s
  930   2   1  -1       0.98845118  p_y
  930   2   1   0       0.93953484  p_z
  930   2   1   1       0.97116705  p_x
  931   1   0   0       1.20340624  s
  931   2   1  -1       0.98844374  p_y
  931   2   1   0       0.96691418  p_z
  931   2   1   1       0.94105110  p_x
  932   1   0   0       0.90179812  s
  933   1   0   0       1.20310342  s
  933   2   1  -1       0.99684901  p_y
  933   2   1   0       0.94914514  p_z
  933   2   1   1       0.95515447  p_x
  934   1   0   0       0.89064731  s
  935   1   0   0       0.90460871  s
  936   1   0   0       0.89823588  s
  937   1   0   0       1.17395933  s
  937   2   1  -1       0.95498870  p_y
  937   2   1   0       0.90548536  p_z
  937   2   1   1       0.91927800  p_x
  938   1   0   0       1.22210297  s
  938   2   1  -1       1.01061538  p_y
  938   2   1   0       0.93654857  p_z
  938   2   1   1       0.97925252  p_x
  939   1   0   0       1.17042550  s
  939   2   1  -1       0.95400468  p_y
  939   2   1   0       0.90221079  p_z
  939   2   1   1       0.92132445  p_x
  940   1   0   0       1.22084838  s
  940   2   1  -1       1.01247188  p_y
  940   2   1   0       0.93517986  p_z
  940   2   1   1       0.97909320  p_x
  941   1   0   0       1.17345632  s
  941   2   1  -1       0.95388330  p_y
  941   2   1   0       0.90462122  p_z
  941   2   1   1       0.91815795  p_x
  942   1   0   0       0.88863923  s
  943   1   0   0       1.21731914  s
  943   2   1  -1       1.03136654  p_y
  943   2   1   0       0.93554355  p_z
  943   2   1   1       0.98239695  p_x
  944   1   0   0       1.21900283  s
  944   2   1  -1       1.03253063  p_y
  944   2   1   0       0.93603304  p_z
  944   2   1   1       0.97889418  p_x
  945   1   0   0       1.17056806  s
  945   2   1  -1       0.95600737  p_y
  945   2   1   0       0.90370032  p_z
  945   2   1   1       0.92034807  p_x
  946   1   0   0       0.88868187  s
  947   1   0   0       1.21356426  s
  947   2   1  -1       0.98739567  p_y
  947   2   1   0       0.93927530  p_z
  947   2   1   1       0.97092668  p_x
  948   1   0   0       1.17192844  s
  948   2   1  -1       0.95259796  p_y
  948   2   1   0       0.89949651  p_z
  948   2   1   1       0.92202114  p_x
  949   1   0   0       0.90090627  s
  950   1   0   0       0.89903010  s
  951   1   0   0       1.17344152  s
  951   2   1  -1       0.95315812  p_y
  951   2   1   0       0.90423471  p_z
  951   2   1   1       0.92008655  p_x
  952   1   0   0       1.21923498  s
  952   2   1  -1       1.01192775  p_y
  952   2   1   0       0.93435653  p_z
  952   2   1   1       0.98242676  p_x
  953   1   0   0       1.20329183  s
  953   2   1  -1       0.99864075  p_y
  953   2   1   0       0.94929362  p_z
  953   2   1   1       0.95561611  p_x
  954   1   0   0       0.89054651  s
  955   1   0   0       1.21203782  s
  955   2   1  -1       1.00959557  p_y
  955   2   1   0       0.93450106  p_z
  955   2   1   1       0.97473198  p_x
  956   1   0   0       1.22010342  s
  956   2   1  -1       1.02922242  p_y
  956   2   1   0       0.93727151  p_z
  956   2   1   1       0.97922656  p_x
  957   1   0   0       1.17169942  s
  957   2   1  -1       0.95550257  p_y
  957   2   1   0       0.90020898  p_z
  957   2   1   1       0.92107713  p_x
  958   1   0   0       0.88976115  s
  959   1   0   0       1.20476588  s
  959   2   1  -1       0.98752352  p_y
  959   2   1   0       0.96968862  p_z
  959   2   1   1       0.94046144  p_x
  960   1   0   0       0.89946756  s
  961   1   0   0       0.90242384  s
  962   1   0   0       0.89913943  s
  963   1   0   0       1.17332889  s
  963   2   1  -1       0.95277688  p_y
  963   2   1   0       0.90340776  p_z
  963   2   1   1       0.91938452  p_x
  964   1   0   0       1.21208591  s
  964   2   1  -1       0.99690356  p_y
  964   2   1   0       0.93364069  p_z
  964   2   1   1       0.97320476  p_x
  965   1   0   0       0.89947268  s
  966   1   0   0       1.21208470  s
  966   2   1  -1       1.00107038  p_y
  966   2   1   0       0.94087430  p_z
  966   2   1   1       0.96988747  p_x
  967   1   0   0       1.20272972  s
  967   2   1  -1       0.99388506  p_y
  967   2   1   0       0.96729734  p_z
  967   2   1   1       0.94082552  p_x
  968   1   0   0       0.89794257  s
  969   1   0   0       1.20270506  s
  969   2   1  -1       0.99474516  p_y
  969   2   1   0       0.94773372  p_z
  969   2   1   1       0.95578392  p_x
  970   1   0   0       0.90141087  s
  971   1   0   0       0.90398429  s
  972   1   0   0       0.90157479  s
  973   1   0   0       1.17296910  s
  973   2   1  -1       0.95218258  p_y
  973   2   1   0       0.90387626  p_z
  973   2   1   1       0.91932583  p_x
  974   1   0   0       1.21968286  s
  974   2   1  -1       1.02731796  p_y
  974   2   1   0       0.93722456  p_z
  974   2   1   1       0.97801953  p_x
  975   1   0   0       1.17029738  s
  975   2   1  -1       0.95559537  p_y
  975   2   1   0       0.90313895  p_z
  975   2   1   1       0.92052402  p_x
  976   1   0   0       1.21849313  s
  976   2   1  -1       1.03055701  p_y
  976   2   1   0       0.93598804  p_z
  976   2   1   1       0.97770033  p_x
  977   1   0   0       1.17265292  s
  977   2   1  -1       0.95185013  p_y
  977   2   1   0       0.90295485  p_z
  977   2   1   1       0.91844159  p_x
  978   1   0   0       0.90133405  s
  979   1   0   0       1.21938402  s
  979   2   1  -1       1.01566145  p_y
  979   2   1   0       0.93502881  p_z
  979   2   1   1       0.98283393  p_x
  980   1   0   0       1.22087865  s
  980   2   1  -1       1.01666527  p_y
  980   2   1   0       0.93574595  p_z
  980   2   1   1       0.97947458  p_x
  981   1   0   0       1.16965395  s
  981   2   1  -1       0.95312631  p_y
  981   2   1   0       0.90189922  p_z
  981   2   1   1       0.92054830  p_x
  982   1   0   0       0.90129788  s
  983   1   0   0       1.21151012  s
  983   2   1  -1       0.99968867  p_y
  983   2   1   0       0.94068692  p_z
  983   2   1   1       0.96881128  p_x
  984   1   0   0       1.17141302  s
  984   2   1  -1       0.95507620  p_y
  984   2   1   0       0.89942514  p_z
  984   2   1   1       0.92126313  p_x
  985   1   0   0       0.89124071  s
  986   1   0   0       0.88999752  s
  987   1   0   0       1.17368588  s
  987   2   1  -1       0.95431070  p_y
  987   2   1   0       0.90494144  p_z
  987   2   1   1       0.91950021  p_x
  988   1   0   0       1.21685062  s
  988   2   1  -1       1.02943936  p_y
  988   2   1   0       0.93539332  p_z
  988   2   1   1       0.98130063  p_x
  989   1   0   0       1.20203629  s
  989   2   1  -1       0.99471807  p_y
  989   2   1   0       0.94740353  p_z
  989   2   1   1       0.95499016  p_x
  990   1   0   0       0.90354829  s
  991   1   0   0       1.21218395  s
  991   2   1  -1       1.00015167  p_y
  991   2   1   0       0.93445897  p_z
  991   2   1   1       0.97334226  p_x
  992   1   0   0       1.22234050  s
  992   2   1  -1       1.01442105  p_y
  992   2   1   0       0.93711806  p_z
  992   2   1   1       0.97958507  p_x
  993   1   0   0       1.17144095  s
  993   2   1  -1       0.95138859  p_y
  993   2   1   0       0.89924434  p_z
  993   2   1   1       0.92116465  p_x
  994   1   0   0       0.90284706  s
  995   1   0   0       1.20250165  s
  995   2   1  -1       0.99292986  p_y
  995   2   1   0       0.96661841  p_z
  995   2   1   1       0.94094500  p_x
  996   1   0   0       0.90283248  s
  997   1   0   0       0.89951019  s
  998   1   0   0       0.89007334  s
  999   1   0   0       1.17322548  s
  999   2   1  -1       0.95330754  p_y
  999   2   1   0       0.90412887  p_z
  999   2   1   1       0.91829311  p_x
 1000   1   0   0       1.21148882  s
 1000   2   1  -1       1.00791922  p_y
 1000   2   1   0       0.93424598  p_z
 1000   2   1   1       0.97373198  p_x
 1001   1   0   0       0.90502535  s
 1002   1   0   0       1.21364752  s
 1002   2   1  -1       0.99056219  p_y
 1002   2   1   0       0.93989535  p_z
 1002   2   1   1       0.97133565  p_x
 1003   1   0   0       1.20432165  s
 1003   2   1  -1       0.98701009  p_y
 1003   2   1   0       0.96931765  p_z
 1003   2   1   1       0.93997588  p_x
 1004   1   0   0       0.90374709  s
 1005   1   0   0       1.20325665  s
 1005   2   1  -1       0.99749110  p_y
 1005   2   1   0       0.94886703  p_z
 1005   2   1   1       0.95571740  p_x
 1006   1   0   0       0.89184561  s
 1007   1   0   0       0.89985935  s
 1008   1   0   0       0.89993810  s
 1009   1   0   0       1.17290275  s
 1009   2   1  -1       0.95223809  p_y
 1009   2   1   0       0.90381927  p_z
 1009   2   1   1       0.91937303  p_x
 1010   1   0   0       1.21971575  s
 1010   2   1  -1       1.02783378  p_y
 1010   2   1   0       0.93724974  p_z
 1010   2   1   1       0.97793357  p_x
 1011   1   0   0       1.17051011  s
 1011   2   1  -1       0.95574675  p_y
 1011   2   1   0       0.90305533  p_z
 1011   2   1   1       0.92056089  p_x
 1012   1   0   0       1.21829381  s
 1012   2   1  -1       1.03117359  p_y
 1012   2   1   0       0.93603788  p_z
 1012   2   1   1       0.97787291  p_x
 1013   1   0   0       1.17253791  s
 1013   2   1  -1       0.95200238  p_y
 1013   2   1   0       0.90300229  p_z
 1013   2   1   1       0.91836582  p_x
 1014   1   0   0       0.90187198  s
 1015   1   0   0       1.21939592  s
 1015   2   1  -1       1.01529914  p_y
 1015   2   1   0       0.93506278  p_z
 1015   2   1   1       0.98293681  p_x
 1016   1   0   0       1.22111458  s
 1016   2   1  -1       1.01641458  p_y
 1016   2   1   0       0.93578125  p_z
 1016   2   1   1       0.97931657  p_x
 1017   1   0   0       1.16958863  s
 1017   2   1  -1       0.95306549  p_y
 1017   2   1   0       0.90209674  p_z
 1017   2   1   1       0.92042815  p_x
 1018   1   0   0       0.90130680  s
 1019   1   0   0       1.21136368  s
 1019   2   1  -1       1.00024395  p_y
 1019   2   1   0       0.94071426  p_z
 1019   2   1   1       0.96898675  p_x
 1020   1   0   0       1.17146170  s
 1020   2   1  -1       0.95531396  p_y
 1020   2   1   0       0.89948243  p_z
 1020   2   1   1       0.92118571  p_x
 1021   1   0   0       0.89084105  s
 1022   1   0   0       0.88993740  s
 1023   1   0   0       1.17373233  s
 1023   2   1  -1       0.95423461  p_y
 1023   2   1   0       0.90492347  p_z
 1023   2   1   1       0.91947125  p_x
 1024   1   0   0       1.21668506  s
 1024   2   1  -1       1.02933961  p_y
 1024   2   1   0       0.93524799  p_z
 1024   2   1   1       0.98128417  p_x
 1025   1   0   0       1.20216725  s
 1025   2   1  -1       0.99502463  p_y
 1025   2   1   0       0.94736418  p_z
 1025   2   1   1       0.95512896  p_x
 1026   1   0   0       0.90377555  s
 1027   1   0   0       1.21241126  s
 1027   2   1  -1       0.99946089  p_y
 1027   2   1   0       0.93431135  p_z
 1027   2   1   1       0.97336213  p_x
 1028   1   0   0       1.22227943  s
 1028   2   1  -1       1.01455880  p_y
 1028   2   1   0       0.93713506  p_z
 1028   2   1   1       0.97968114  p_x
 1029   1   0   0       1.17142477  s
 1029   2   1  -1       0.95132590  p_y
 1029   2   1   0       0.89941580  p_z
 1029   2   1   1       0.92110577  p_x
 1030   1   0   0       0.90322038  s
 1031   1   0   0       1.20280842  s
 1031   2   1  -1       0.99335546  p_y
 1031   2   1   0       0.96685673  p_z
 1031   2   1   1       0.94083749  p_x
 1032   1   0   0       0.90307767  s
 1033   1   0   0       0.89911740  s
 1034   1   0   0       0.88985066  s
 1035   1   0   0       1.17343195  s
 1035   2   1  -1       0.95298036  p_y
 1035   2   1   0       0.90404477  p_z
 1035   2   1   1       0.91848700  p_x
 1036   1   0   0       1.21119846  s
 1036   2   1  -1       1.00688194  p_y
 1036   2   1   0       0.93404197  p_z
 1036   2   1   1       0.97333093  p_x
 1037   1   0   0       0.90450131  s
 1038   1   0   0       1.21376003  s
 1038   2   1  -1       0.99092969  p_y
 1038   2   1   0       0.94004547  p_z
 1038   2   1   1       0.97137560  p_x
 1039   1   0   0       1.20292762  s
 1039   2   1  -1       0.98809178  p_y
 1039   2   1   0       0.96634639  p_z
 1039   2   1   1       0.94067175  p_x
 1040   1   0   0       0.90342738  s
 1041   1   0   0       1.20304627  s
 1041   2   1  -1       0.99594030  p_y
 1041   2   1   0       0.94877256  p_z
 1041   2   1   1       0.95518205  p_x
 1042   1   0   0       0.89176430  s
 1043   1   0   0       0.90539427  s
 1044   1   0   0       0.89886771  s
 1045   1   0   0       1.17349793  s
 1045   2   1  -1       0.95339504  p_y
 1045   2   1   0       0.90429214  p_z
 1045   2   1   1       0.92010136  p_x
 1046   1   0   0       1.22020846  s
 1046   2   1  -1       1.02894598  p_y
 1046   2   1   0       0.93728240  p_z
 1046   2   1   1       0.97921187  p_x
 1047   1   0   0       1.17046265  s
 1047   2   1  -1       0.95620467  p_y
 1047   2   1   0       0.90357877  p_z
 1047   2   1   1       0.92040015  p_x
 1048   1   0   0       1.21895303  s
 1048   2   1  -1       1.03242948  p_y
 1048   2   1   0       0.93596029  p_z
 1048   2   1   1       0.97888917  p_x
 1049   1   0   0       1.17330004  s
 1049   2   1  -1       0.95304438  p_y
 1049   2   1   0       0.90339916  p_z
 1049   2   1   1       0.91936008  p_x
 1050   1   0   0       0.89910861  s
 1051   1   0   0       1.21927600  s
 1051   2   1  -1       1.01278825  p_y
 1051   2   1   0       0.93453592  p_z
 1051   2   1   1       0.98250814  p_x
 1052   1   0   0       1.22086567  s
 1052   2   1  -1       1.01378917  p_y
 1052   2   1   0       0.93535952  p_z
 1052   2   1   1       0.97899494  p_x
 1053   1   0   0       1.17037552  s
 1053   2   1  -1       0.95422844  p_y
 1053   2   1   0       0.90237263  p_z
 1053   2   1   1       0.92123047  p_x
 1054   1   0   0       0.89902186  s
 1055   1   0   0       1.21208621  s
 1055   2   1  -1       1.00094551  p_y
 1055   2   1   0       0.94088925  p_z
 1055   2   1   1       0.96982954  p_x
 1056   1   0   0       1.17163832  s
 1056   2   1  -1       0.95562847  p_y
 1056   2   1   0       0.90013832  p_z
 1056   2   1   1       0.92103749  p_x
 1057   1   0   0       0.89027353  s
 1058   1   0   0       0.88923842  s
 1059   1   0   0       1.17401970  s
 1059   2   1  -1       0.95497315  p_y
 1059   2   1   0       0.90531050  p_z
 1059   2   1   1       0.91943690  p_x
 1060   1   0   0       1.21734828  s
 1060   2   1  -1       1.03138163  p_y
 1060   2   1   0       0.93542039  p_z
 1060   2   1   1       0.98259033  p_x
 1061   1   0   0       1.20276379  s
 1061   2   1  -1       0.99484597  p_y
 1061   2   1   0       0.94773465  p_z
 1061   2   1   1       0.95579599  p_x
 1062   1   0   0       0.90142865  s
 1063   1   0   0       1.21202678  s
 1063   2   1  -1       0.99742276  p_y
 1063   2   1   0       0.93367270  p_z
 1063   2   1   1       0.97320043  p_x
 1064   1   0   0       1.22218311  s
 1064   2   1  -1       1.01204037  p_y
 1064   2   1   0       0.93683366  p_z
 1064   2   1   1       0.97934316  p_x
 1065   1   0   0       1.17201821  s
 1065   2   1  -1       0.95221780  p_y
 1065   2   1   0       0.89995423  p_z
 1065   2   1   1       0.92176097  p_x
 1066   1   0   0       0.90084238  s
 1067   1   0   0       1.20277322  s
 1067   2   1  -1       0.99352790  p_y
 1067   2   1   0       0.96734892  p_z
 1067   2   1   1       0.94081156  p_x
 1068   1   0   0       0.90155377  s
 1069   1   0   0       0.89811193  s
 1070   1   0   0       0.88905264  s
 1071   1   0   0       1.17355659  s
 1071   2   1  -1       0.95344422  p_y
 1071   2   1   0       0.90447118  p_z
 1071   2   1   1       0.91833284  p_x
 1072   1   0   0       1.21212513  s
 1072   2   1  -1       1.01053908  p_y
 1072   2   1   0       0.93411842  p_z
 1072   2   1   1       0.97497125  p_x
 1073   1   0   0       0.90389395  s
 1074   1   0   0       1.21382200  s
 1074   2   1  -1       0.98948299  p_y
 1074   2   1   0       0.93999650  p_z
 1074   2   1   1       0.97108846  p_x
 1075   1   0   0       1.20442859  s
 1075   2   1  -1       0.98430312  p_y
 1075   2   1   0       0.96981809  p_z
 1075   2   1   1       0.93965601  p_x
 1076   1   0   0       0.90271147  s
 1077   1   0   0       1.20331352  s
 1077   2   1  -1       0.99502403  p_y
 1077   2   1   0       0.94878104  p_z
 1077   2   1   1       0.95548164  p_x
 1078   1   0   0       0.89086936  s
 1079   1   0   0       0.89898837  s
 1080   1   0   0       0.89728452  s
 1081   1   0   0       1.17422234  s
 1081   2   1  -1       0.94751380  p_y
 1081   2   1   0       0.91076502  p_z
 1081   2   1   1       0.91988380  p_x
 1082   1   0   0       1.21909358  s
 1082   2   1  -1       1.02185145  p_y
 1082   2   1   0       0.94752554  p_z
 1082   2   1   1       0.97819535  p_x
 1083   1   0   0       1.17225205  s
 1083   2   1  -1       0.94863786  p_y
 1083   2   1   0       0.91127564  p_z
 1083   2   1   1       0.91928892  p_x
 1084   1   0   0       1.21825469  s
 1084   2   1  -1       1.02129595  p_y
 1084   2   1   0       0.94596867  p_z
 1084   2   1   1       0.98045429  p_x
 1085   1   0   0       1.17002228  s
 1085   2   1  -1       0.94516322  p_y
 1085   2   1   0       0.91033123  p_z
 1085   2   1   1       0.92011334  p_x
 1086   1   0   0       0.89989750  s
 1087   1   0   0       1.22012303  s
 1087   2   1  -1       1.00500993  p_y
 1087   2   1   0       0.94190580  p_z
 1087   2   1   1       0.98229390  p_x
 1088   1   0   0       1.22026987  s
 1088   2   1  -1       1.00629623  p_y
 1088   2   1   0       0.94039897  p_z
 1088   2   1   1       0.98034312  p_x
 1089   1   0   0       1.17186600  s
 1089   2   1  -1       0.94743290  p_y
 1089   2   1   0       0.90921693  p_z
 1089   2   1   1       0.92045960  p_x
 1090   1   0   0       0.89945170  s
 1091   1   0   0       1.20927656  s
 1091   2   1  -1       0.99982227  p_y
 1091   2   1   0       0.94465260  p_z
 1091   2   1   1       0.96978179  p_x
 1092   1   0   0       1.17038959  s
 1092   2   1  -1       0.94786404  p_y
 1092   2   1   0       0.91044306  p_z
 1092   2   1   1       0.91994901  p_x
 1093   1   0   0       0.88996823  s
 1094   1   0   0       0.88968572  s
 1095   1   0   0       1.17483353  s
 1095   2   1  -1       0.94837738  p_y
 1095   2   1   0       0.91284125  p_z
 1095   2   1   1       0.91877125  p_x
 1096   1   0   0       1.21798942  s
 1096   2   1  -1       1.01853267  p_y
 1096   2   1   0       0.94676064  p_z
 1096   2   1   1       0.98209986  p_x
 1097   1   0   0       1.20314634  s
 1097   2   1  -1       0.97882002  p_y
 1097   2   1   0       0.96288396  p_z
 1097   2   1   1       0.95487545  p_x
 1098   1   0   0       0.90272184  s
 1099   1   0   0       1.21041613  s
 1099   2   1  -1       0.98827694  p_y
 1099   2   1   0       0.93818145  p_z
 1099   2   1   1       0.97627556  p_x
 1100   1   0   0       1.22111546  s
 1100   2   1  -1       1.00694230  p_y
 1100   2   1   0       0.94203579  p_z
 1100   2   1   1       0.97856665  p_x
 1101   1   0   0       1.17001874  s
 1101   2   1  -1       0.94670383  p_y
 1101   2   1   0       0.90817046  p_z
 1101   2   1   1       0.92164391  p_x
 1102   1   0   0       0.89978916  s
 1103   1   0   0       1.20374397  s
 1103   2   1  -1       0.98971527  p_y
 1103   2   1   0       0.97140482  p_z
 1103   2   1   1       0.94095527  p_x
 1104   1   0   0       0.90328211  s
 1105   1   0   0       0.89412698  s
 1106   1   0   0       0.88944135  s
 1107   1   0   0       1.16998712  s
 1107   2   1  -1       0.94683251  p_y
 1107   2   1   0       0.91230824  p_z
 1107   2   1   1       0.91877024  p_x
 1108   1   0   0       1.20921680  s
 1108   2   1  -1       0.99788185  p_y
 1108   2   1   0       0.94222792  p_z
 1108   2   1   1       0.97527456  p_x
 1109   1   0   0       0.90228265  s
 1110   1   0   0       1.21163124  s
 1110   2   1  -1       0.98887291  p_y
 1110   2   1   0       0.93988663  p_z
 1110   2   1   1       0.97235186  p_x
 1111   1   0   0       1.20465294  s
 1111   2   1  -1       0.98834653  p_y
 1111   2   1   0       0.97097040  p_z
 1111   2   1   1       0.94196341  p_x
 1112   1   0   0       0.90272045  s
 1113   1   0   0       1.20395871  s
 1113   2   1  -1       0.98501264  p_y
 1113   2   1   0       0.96640339  p_z
 1113   2   1   1       0.95510183  p_x
 1114   1   0   0       0.88942913  s
 1115   1   0   0       0.90105568  s
 1116   1   0   0       0.90163652  s
 1117   1   0   0       1.17460662  s
 1117   2   1  -1       0.94849372  p_y
 1117   2   1   0       0.91274795  p_z
 1117   2   1   1       0.91888978  p_x
 1118   1   0   0       1.22089714  s
 1118   2   1  -1       1.00702333  p_y
 1118   2   1   0       0.94214482  p_z
 1118   2   1   1       0.97849898  p_x
 1119   1   0   0       1.17190851  s
 1119   2   1  -1       0.94741548  p_y
 1119   2   1   0       0.90929377  p_z
 1119   2   1   1       0.92040086  p_x
 1120   1   0   0       1.22024824  s
 1120   2   1  -1       1.00622411  p_y
 1120   2   1   0       0.94047046  p_z
 1120   2   1   1       0.98050808  p_x
 1121   1   0   0       1.17014496  s
 1121   2   1  -1       0.94645899  p_y
 1121   2   1   0       0.91247541  p_z
 1121   2   1   1       0.91888823  p_x
 1122   1   0   0       0.88950052  s
 1123   1   0   0       1.21824334  s
 1123   2   1  -1       1.01883992  p_y
 1123   2   1   0       0.94689389  p_z
 1123   2   1   1       0.98217974  p_x
 1124   1   0   0       1.21827986  s
 1124   2   1  -1       1.02144218  p_y
 1124   2   1   0       0.94597419  p_z
 1124   2   1   1       0.98059399  p_x
 1125   1   0   0       1.17221103  s
 1125   2   1  -1       0.94875319  p_y
 1125   2   1   0       0.91131070  p_z
 1125   2   1   1       0.91937333  p_x
 1126   1   0   0       0.88952069  s
 1127   1   0   0       1.21169190  s
 1127   2   1  -1       0.98909474  p_y
 1127   2   1   0       0.93980804  p_z
 1127   2   1   1       0.97214396  p_x
 1128   1   0   0       1.17036678  s
 1128   2   1  -1       0.94654997  p_y
 1128   2   1   0       0.90828493  p_z
 1128   2   1   1       0.92144416  p_x
 1129   1   0   0       0.89963310  s
 1130   1   0   0       0.89953363  s
 1131   1   0   0       1.17435367  s
 1131   2   1  -1       0.94760687  p_y
 1131   2   1   0       0.91082433  p_z
 1131   2   1   1       0.91980006  p_x
 1132   1   0   0       1.21998513  s
 1132   2   1  -1       1.00497207  p_y
 1132   2   1   0       0.94186983  p_z
 1132   2   1   1       0.98233432  p_x
 1133   1   0   0       1.20344104  s
 1133   2   1  -1       0.98307662  p_y
 1133   2   1   0       0.96580475  p_z
 1133   2   1   1       0.95448671  p_x
 1134   1   0   0       0.88955437  s
 1135   1   0   0       1.20921602  s
 1135   2   1  -1       0.99780844  p_y
 1135   2   1   0       0.94209511  p_z
 1135   2   1   1       0.97545326  p_x
 1136   1   0   0       1.21924184  s
 1136   2   1  -1       1.02200429  p_y
 1136   2   1   0       0.94739413  p_z
 1136   2   1   1       0.97827445  p_x
 1137   1   0   0       1.17010878  s
 1137   2   1  -1       0.94792456  p_y
 1137   2   1   0       0.91014508  p_z
 1137   2   1   1       0.92024995  p_x
 1138   1   0   0       0.88988475  s
 1139   1   0   0       1.20418453  s
 1139   2   1  -1       0.98737332  p_y
 1139   2   1   0       0.96989222  p_z
 1139   2   1   1       0.94184829  p_x
 1140   1   0   0       0.90140464  s
 1141   1   0   0       0.90237430  s
 1142   1   0   0       0.89977283  s
 1143   1   0   0       1.16998009  s
 1143   2   1  -1       0.94537408  p_y
 1143   2   1   0       0.91035102  p_z
 1143   2   1   1       0.92003768  p_x
 1144   1   0   0       1.21056592  s
 1144   2   1  -1       0.98893544  p_y
 1144   2   1   0       0.93861965  p_z
 1144   2   1   1       0.97623028  p_x
 1145   1   0   0       0.90304421  s
 1146   1   0   0       1.20908997  s
 1146   2   1  -1       0.99921053  p_y
 1146   2   1   0       0.94460184  p_z
 1146   2   1   1       0.96963013  p_x
 1147   1   0   0       1.20428106  s
 1147   2   1  -1       0.99106551  p_y
 1147   2   1   0       0.97196960  p_z
 1147   2   1   1       0.94163408  p_x
 1148   1   0   0       0.89440740  s
 1149   1   0   0       1.20306681  s
 1149   2   1  -1       0.97932619  p_y
 1149   2   1   0       0.96301009  p_z
 1149   2   1   1       0.95451903  p_x
 1150   1   0   0       0.90273338  s
 1151   1   0   0       0.90169312  s
 1152   1   0   0       0.90344364  s
 1153   1   0   0       1.17438174  s
 1153   2   1  -1       0.94795967  p_y
 1153   2   1   0       0.91124376  p_z
 1153   2   1   1       0.91953073  p_x
 1154   1   0   0       1.21930161  s
 1154   2   1  -1       1.01835698  p_y
 1154   2   1   0       0.94642222  p_z
 1154   2   1   1       0.97755919  p_x
 1155   1   0   0       1.17164151  s
 1155   2   1  -1       0.94804523  p_y
 1155   2   1   0       0.91038503  p_z
 1155   2   1   1       0.91949337  p_x
 1156   1   0   0       1.21844871  s
 1156   2   1  -1       1.01748455  p_y
 1156   2   1   0       0.94477289  p_z
 1156   2   1   1       0.97963681  p_x
 1157   1   0   0       1.16992091  s
 1157   2   1  -1       0.94546154  p_y
 1157   2   1   0       0.91075033  p_z
 1157   2   1   1       0.91975977  p_x
 1158   1   0   0       0.89908528  s
 1159   1   0   0       1.21869069  s
 1159   2   1  -1       1.01011030  p_y
 1159   2   1   0       0.94392938  p_z
 1159   2   1   1       0.98123804  p_x
 1160   1   0   0       1.21898149  s
 1160   2   1  -1       1.01133745  p_y
 1160   2   1   0       0.94256056  p_z
 1160   2   1   1       0.97930507  p_x
 1161   1   0   0       1.17192635  s
 1161   2   1  -1       0.94781032  p_y
 1161   2   1   0       0.90972487  p_z
 1161   2   1   1       0.92005575  p_x
 1162   1   0   0       0.89899216  s
 1163   1   0   0       1.20930062  s
 1163   2   1  -1       0.99763453  p_y
 1163   2   1   0       0.94406817  p_z
 1163   2   1   1       0.96928605  p_x
 1164   1   0   0       1.16987843  s
 1164   2   1  -1       0.94714621  p_y
 1164   2   1   0       0.90945959  p_z
 1164   2   1   1       0.92032453  p_x
 1165   1   0   0       0.89558678  s
 1166   1   0   0       0.89523173  s
 1167   1   0   0       1.17414166  s
 1167   2   1  -1       0.94778504  p_y
 1167   2   1   0       0.91180359  p_z
 1167   2   1   1       0.91890498  p_x
 1168   1   0   0       1.21820793  s
 1168   2   1  -1       1.01517734  p_y
 1168   2   1   0       0.94572622  p_z
 1168   2   1   1       0.98145095  p_x
 1169   1   0   0       1.20317136  s
 1169   2   1  -1       0.97757271  p_y
 1169   2   1   0       0.96297653  p_z
 1169   2   1   1       0.95433200  p_x
 1170   1   0   0       0.90177383  s
 1171   1   0   0       1.20925025  s
 1171   2   1  -1       0.99285466  p_y
 1171   2   1   0       0.94034963  p_z
 1171   2   1   1       0.97497526  p_x
 1172   1   0   0       1.21971063  s
 1172   2   1  -1       1.01215816  p_y
 1172   2   1   0       0.94405414  p_z
 1172   2   1   1       0.97723186  p_x
 1173   1   0   0       1.17045702  s
 1173   2   1  -1       0.94667371  p_y
 1173   2   1   0       0.90890111  p_z
 1173   2   1   1       0.92089856  p_x
 1174   1   0   0       0.89890719  s
 1175   1   0   0       1.20354802  s
 1175   2   1  -1       0.98645967  p_y
 1175   2   1   0       0.97047287  p_z
 1175   2   1   1       0.94022233  p_x
 1176   1   0   0       0.90166202  s
 1177   1   0   0       0.90101899  s
 1178   1   0   0       0.89497380  s
 1179   1   0   0       1.16997391  s
 1179   2   1  -1       0.94554767  p_y
 1179   2   1   0       0.91151123  p_z
 1179   2   1   1       0.91910554  p_x
 1180   1   0   0       1.20924744  s
 1180   2   1  -1       0.99539801  p_y
 1180   2   1   0       0.94106592  p_z
 1180   2   1   1       0.97528342  p_x
 1181   1   0   0       0.90109123  s
 1182   1   0   0       1.21023336  s
 1182   2   1  -1       0.99380211  p_y
 1182   2   1   0       0.94207435  p_z
 1182   2   1   1       0.96999265  p_x
 1183   1   0   0       1.20423929  s
 1183   2   1  -1       0.98638212  p_y
 1183   2   1   0       0.97030574  p_z
 1183   2   1   1       0.94095603  p_x
 1184   1   0   0       0.90142685  s
 1185   1   0   0       1.20340820  s
 1185   2   1  -1       0.97917774  p_y
 1185   2   1   0       0.96435294  p_z
 1185   2   1   1       0.95443802  p_x
 1186   1   0   0       0.89671396  s
 1187   1   0   0       0.90153817  s
 1188   1   0   0       0.90020372  s
 1189   1   0   0       1.17426802  s
 1189   2   1  -1       0.94783468  p_y
 1189   2   1   0       0.91122856  p_z
 1189   2   1   1       0.91962121  p_x
 1190   1   0   0       1.21904596  s
 1190   2   1  -1       1.01783277  p_y
 1190   2   1   0       0.94622812  p_z
 1190   2   1   1       0.97740714  p_x
 1191   1   0   0       1.17180258  s
 1191   2   1  -1       0.94789008  p_y
 1191   2   1   0       0.91036437  p_z
 1191   2   1   1       0.91936696  p_x
 1192   1   0   0       1.21833009  s
 1192   2   1  -1       1.01699105  p_y
 1192   2   1   0       0.94458386  p_z
 1192   2   1   1       0.97967788  p_x
 1193   1   0   0       1.17007372  s
 1193   2   1  -1       0.94522248  p_y
 1193   2   1   0       0.91086279  p_z
 1193   2   1   1       0.91983424  p_x
 1194   1   0   0       0.89895866  s
 1195   1   0   0       1.21877791  s
 1195   2   1  -1       1.01014554  p_y
 1195   2   1   0       0.94395152  p_z
 1195   2   1   1       0.98111064  p_x
 1196   1   0   0       1.21904233  s
 1196   2   1  -1       1.01140446  p_y
 1196   2   1   0       0.94254540  p_z
 1196   2   1   1       0.97939141  p_x
 1197   1   0   0       1.17191865  s
 1197   2   1  -1       0.94776757  p_y
 1197   2   1   0       0.90978541  p_z
 1197   2   1   1       0.92011355  p_x
 1198   1   0   0       0.89862220  s
 1199   1   0   0       1.20938630  s
 1199   2   1  -1       0.99730791  p_y
 1199   2   1   0       0.94376111  p_z
 1199   2   1   1       0.96930411  p_x
 1200   1   0   0       1.16995675  s
 1200   2   1  -1       0.94698007  p_y
 1200   2   1   0       0.90932182  p_z
 1200   2   1   1       0.92026253  p_x
 1201   1   0   0       0.89571634  s
 1202   1   0   0       0.89510153  s
 1203   1   0   0       1.17427224  s
 1203   2   1  -1       0.94777359  p_y
 1203   2   1   0       0.91175641  p_z
 1203   2   1   1       0.91872974  p_x
 1204   1   0   0       1.21814044  s
 1204   2   1  -1       1.01467943  p_y
 1204   2   1   0       0.94557166  p_z
 1204   2   1   1       0.98122861  p_x
 1205   1   0   0       1.20310895  s
 1205   2   1  -1       0.97739792  p_y
 1205   2   1   0       0.96309951  p_z
 1205   2   1   1       0.95442163  p_x
 1206   1   0   0       0.90135091  s
 1207   1   0   0       1.20925635  s
 1207   2   1  -1       0.99299886  p_y
 1207   2   1   0       0.94035791  p_z
 1207   2   1   1       0.97501691  p_x
 1208   1   0   0       1.21997016  s
 1208   2   1  -1       1.01227685  p_y
 1208   2   1   0       0.94408231  p_z
 1208   2   1   1       0.97737618  p_x
 1209   1   0   0       1.17008666  s
 1209   2   1  -1       0.94690846  p_y
 1209   2   1   0       0.90880291  p_z
 1209   2   1   1       0.92102270  p_x
 1210   1   0   0       0.89884871  s
 1211   1   0   0       1.20369656  s
 1211   2   1  -1       0.98648285  p_y
 1211   2   1   0       0.97048159  p_z
 1211   2   1   1       0.94015763  p_x
 1212   1   0   0       0.90135868  s
 1213   1   0   0       0.90089618  s
 1214   1   0   0       0.89489122  s
 1215   1   0   0       1.16980560  s
 1215   2   1  -1       0.94591934  p_y
 1215   2   1   0       0.91133478  p_z
 1215   2   1   1       0.91899993  p_x
 1216   1   0   0       1.20936424  s
 1216   2   1  -1       0.99523413  p_y
 1216   2   1   0       0.94111098  p_z
 1216   2   1   1       0.97528514  p_x
 1217   1   0   0       0.90126300  s
 1218   1   0   0       1.21021962  s
 1218   2   1  -1       0.99404911  p_y
 1218   2   1   0       0.94241630  p_z
 1218   2   1   1       0.97027026  p_x
 1219   1   0   0       1.20481708  s
 1219   2   1  -1       0.98723801  p_y
 1219   2   1   0       0.97167720  p_z
 1219   2   1   1       0.94067541  p_x
 1220   1   0   0       0.90135068  s
 1221   1   0   0       1.20389842  s
 1221   2   1  -1       0.98089849  p_y
 1221   2   1   0       0.96489371  p_z
 1221   2   1   1       0.95533289  p_x
 1222   1   0   0       0.89674937  s
 1223   1   0   0       0.89897983  s
 1224   1   0   0       0.90032321  s
 1225   1   0   0       1.17411629  s
 1225   2   1  -1       0.94754712  p_y
 1225   2   1   0       0.91062125  p_z
 1225   2   1   1       0.91989871  p_x
 1226   1   0   0       1.21905151  s
 1226   2   1  -1       1.02297591  p_y
 1226   2   1   0       0.94798438  p_z
 1226   2   1   1       0.97831090  p_x
 1227   1   0   0       1.17224071  s
 1227   2   1  -1       0.94880784  p_y
 1227   2   1   0       0.91144056  p_z
 1227   2   1   1       0.91930270  p_x
 1228   1   0   0       1.21825683  s
 1228   2   1  -1       1.02259730  p_y
 1228   2   1   0       0.94647775  p_z
 1228   2   1   1       0.98067586  p_x
 1229   1   0   0       1.16985767  s
 1229   2   1  -1       0.94518803  p_y
 1229   2   1   0       0.91011266  p_z
 1229   2   1   1       0.92009864  p_x
 1230   1   0   0       0.90054991  s
 1231   1   0   0       1.22010510  s
 1231   2   1  -1       1.00445268  p_y
 1231   2   1   0       0.94166625  p_z
 1231   2   1   1       0.98219146  p_x
 1232   1   0   0       1.22032411  s
 1232   2   1  -1       1.00566609  p_y
 1232   2   1   0       0.94028634  p_z
 1232   2   1   1       0.98029610  p_x
 1233   1   0   0       1.17165655  s
 1233   2   1  -1       0.94740734  p_y
 1233   2   1   0       0.90910296  p_z
 1233   2   1   1       0.92048684  p_x
 1234   1   0   0       0.90033250  s
 1235   1   0   0       1.20935312  s
 1235   2   1  -1       1.00041597  p_y
 1235   2   1   0       0.94497002  p_z
 1235   2   1   1       0.96984482  p_x
 1236   1   0   0       1.17039504  s
 1236   2   1  -1       0.94800468  p_y
 1236   2   1   0       0.91056936  p_z
 1236   2   1   1       0.91995654  p_x
 1237   1   0   0       0.88962912  s
 1238   1   0   0       0.88945576  s
 1239   1   0   0       1.17472452  s
 1239   2   1  -1       0.94860639  p_y
 1239   2   1   0       0.91286814  p_z
 1239   2   1   1       0.91881283  p_x
 1240   1   0   0       1.21805329  s
 1240   2   1  -1       1.01989862  p_y
 1240   2   1   0       0.94730733  p_z
 1240   2   1   1       0.98243606  p_x
 1241   1   0   0       1.20310052  s
 1241   2   1  -1       0.97865565  p_y
 1241   2   1   0       0.96268146  p_z
 1241   2   1   1       0.95490440  p_x
 1242   1   0   0       0.90310166  s
 1243   1   0   0       1.21053143  s
 1243   2   1  -1       0.98776462  p_y
 1243   2   1   0       0.93802320  p_z
 1243   2   1   1       0.97611551  p_x
 1244   1   0   0       1.22111219  s
 1244   2   1  -1       1.00682503  p_y
 1244   2   1   0       0.94191667  p_z
 1244   2   1   1       0.97852965  p_x
 1245   1   0   0       1.17031384  s
 1245   2   1  -1       0.94637059  p_y
 1245   2   1   0       0.90837122  p_z
 1245   2   1   1       0.92151262  p_x
 1246   1   0   0       0.90018460  s
 1247   1   0   0       1.20361283  s
 1247   2   1  -1       0.98993801  p_y
 1247   2   1   0       0.97146439  p_z
 1247   2   1   1       0.94087652  p_x
 1248   1   0   0       0.90346006  s
 1249   1   0   0       0.89398013  s
 1250   1   0   0       0.88912053  s
 1251   1   0   0       1.17016055  s
 1251   2   1  -1       0.94665177  p_y
 1251   2   1   0       0.91247427  p_z
 1251   2   1   1       0.91888410  p_x
 1252   1   0   0       1.20934447  s
 1252   2   1  -1       0.99850678  p_y
 1252   2   1   0       0.94215486  p_z
 1252   2   1   1       0.97584814  p_x
 1253   1   0   0       0.90224955  s
 1254   1   0   0       1.21174016  s
 1254   2   1  -1       0.98984622  p_y
 1254   2   1   0       0.94013857  p_z
 1254   2   1   1       0.97252417  p_x
 1255   1   0   0       1.20453239  s
 1255   2   1  -1       0.98550078  p_y
 1255   2   1   0       0.97072967  p_z
 1255   2   1   1       0.94073871  p_x
 1256   1   0   0       0.90246456  s
 1257   1   0   0       1.20415010  s
 1257   2   1  -1       0.98355427  p_y
 1257   2   1   0       0.96595223  p_z
 1257   2   1   1       0.95527933  p_x
 1258   1   0   0       0.88921641  s
 1259   1   0   0       0.89977610  s
 1260   1   0   0       0.90081502  s
 1261   1   0   0       1.17459126  s
 1261   2   1  -1       0.94866621  p_y
 1261   2   1   0       0.91286034  p_z
 1261   2   1   1       0.91886238  p_x
 1262   1   0   0       1.22096827  s
 1262   2   1  -1       1.00646630  p_y
 1262   2   1   0       0.94193795  p_z
 1262   2   1   1       0.97849385  p_x
 1263   1   0   0       1.17180973  s
 1263   2   1  -1       0.94743037  p_y
 1263   2   1   0       0.90904458  p_z
 1263   2   1   1       0.92049963  p_x
 1264   1   0   0       1.22021977  s
 1264   2   1  -1       1.00566460  p_y
 1264   2   1   0       0.94030419  p_z
 1264   2   1   1       0.98047704  p_x
 1265   1   0   0       1.17021618  s
 1265   2   1  -1       0.94665712  p_y
 1265   2   1   0       0.91265079  p_z
 1265   2   1   1       0.91889322  p_x
 1266   1   0   0       0.88919448  s
 1267   1   0   0       1.21823937  s
 1267   2   1  -1       1.01961692  p_y
 1267   2   1   0       0.94735281  p_z
 1267   2   1   1       0.98220561  p_x
 1268   1   0   0       1.21840193  s
 1268   2   1  -1       1.02246790  p_y
 1268   2   1   0       0.94642566  p_z
 1268   2   1   1       0.98068155  p_x
 1269   1   0   0       1.17213283  s
 1269   2   1  -1       0.94882502  p_y
 1269   2   1   0       0.91142794  p_z
 1269   2   1   1       0.91925292  p_x
 1270   1   0   0       0.88926061  s
 1271   1   0   0       1.21162695  s
 1271   2   1  -1       0.98863990  p_y
 1271   2   1   0       0.93955616  p_z
 1271   2   1   1       0.97212467  p_x
 1272   1   0   0       1.17015226  s
 1272   2   1  -1       0.94667977  p_y
 1272   2   1   0       0.90808034  p_z
