Coefficients and Mulliken populations of the atomic orbitals

Eigenvector:   1    (up)

    1 C   s             0.000241  -0.000000
          p_y           0.000064   0.000000
          p_z           0.000354  -0.000000
          p_x          -0.000402  -0.000000

    2 C   s             0.000103   0.000000
          p_y          -0.000001   0.000000
          p_z           0.000026   0.000000
          p_x          -0.000046  -0.000000

    3 C   s            -0.000034  -0.000000
          p_y          -0.000009  -0.000000
          p_z           0.000112  -0.000000
          p_x          -0.000083  -0.000000

    4 C   s            -0.000821   0.000015
          p_y           0.000142   0.000002
          p_z           0.001450  -0.000034
          p_x          -0.001003   0.000005

    5 C   s             0.000011  -0.000000
          p_y           0.000006  -0.000000
          p_z          -0.000017  -0.000000
          p_x           0.000006  -0.000000

    6 H   s             0.000089  -0.000000

    7 C   s             0.000050  -0.000000
          p_y          -0.000003   0.000000
          p_z           0.000010   0.000000
          p_x          -0.000001  -0.000000

    8 C   s             0.000315   0.000000
          p_y          -0.000207  -0.000000
          p_z           0.000402  -0.000000
          p_x          -0.000072   0.000000

    9 C   s             0.003309  -0.000147
          p_y          -0.013593  -0.000525
          p_z           0.007236  -0.000328
          p_x           0.016929  -0.000514

   10 H   s            -0.003470  -0.000039

   11 C   s            -0.000008  -0.000000
          p_y          -0.000001  -0.000000
          p_z          -0.000004  -0.000000
          p_x           0.000006  -0.000000

   12 C   s            -0.000010  -0.000000
          p_y          -0.000001  -0.000000
          p_z           0.000002   0.000000
          p_x           0.000000  -0.000000

   13 H   s             0.000011  -0.000000

   14 H   s            -0.000037   0.000000

   15 C   s             0.006431  -0.000012
          p_y          -0.002848  -0.000005
          p_z           0.001927  -0.000003
          p_x           0.004978  -0.000011

   16 C   s             0.112596  -0.020053
          p_y          -0.085342  -0.009223
          p_z          -0.013414  -0.000306
          p_x           0.144530  -0.027090

   17 C   s             0.000001  -0.000000
          p_y          -0.000000  -0.000000
          p_z           0.000001  -0.000000
          p_x          -0.000000  -0.000000

   18 H   s            -0.000001  -0.000000

   19 C   s             0.000002  -0.000000
          p_y          -0.000001  -0.000000
          p_z           0.000001  -0.000000
          p_x           0.000000  -0.000000

   20 C   s            -0.000221  -0.000000
          p_y          -0.000194  -0.000000
          p_z          -0.000293  -0.000000
          p_x           0.000679  -0.000000

   21 C   s             0.002366  -0.000146
          p_y           0.017228   0.000321
          p_z          -0.013536  -0.000527
          p_x          -0.010592   0.000769

   22 H   s             1.075889   1.058270

   23 C   s            -0.000000  -0.000000
          p_y           0.000000  -0.000000
          p_z          -0.000000  -0.000000
          p_x          -0.000000  -0.000000

   24 H   s             0.000000   0.000000

   25 H   s             0.000000  -0.000000

   26 H   s            -0.000371   0.000000

   27 C   s             0.008404  -0.000015
          p_y          -0.001049  -0.000001
          p_z          -0.005138  -0.000005
          p_x           0.010907  -0.000039

   28 C   s             0.002363  -0.000037
          p_y           0.001687  -0.000003
          p_z          -0.006657  -0.000140
          p_x           0.001028  -0.000015

   29 H   s             0.000000  -0.000000

   30 C   s             0.001460  -0.000000
          p_y           0.000112   0.000000
          p_z          -0.001364  -0.000000
          p_x           0.000454  -0.000000

   31 C   s             0.001034  -0.000000
          p_y          -0.000153  -0.000000
          p_z          -0.000629  -0.000000
          p_x           0.000953  -0.000000

   32 H   s            -0.008110  -0.000161

   33 C   s             0.000152   0.000000
          p_y           0.000068   0.000000
          p_z           0.000040   0.000000
          p_x          -0.000125   0.000000

   34 H   s             0.000066  -0.000000

   35 H   s             0.000070  -0.000000

   36 H   s             0.000014  -0.000000

Eigenvector:   2    (up)

    1 C   s             0.000001  -0.000000
          p_y          -0.000000  -0.000000
          p_z           0.000001  -0.000000
          p_x          -0.000000  -0.000000

    2 C   s             0.000000  -0.000000
          p_y           0.000000  -0.000000
          p_z           0.000000   0.000000
          p_x          -0.000000  -0.000000

    3 C   s             0.000001  -0.000000
          p_y           0.000000  -0.000000
          p_z           0.000000  -0.000000
          p_x          -0.000001  -0.000000

    4 C   s             0.000000   0.000000
          p_y           0.000001   0.000000
          p_z           0.000004  -0.000000
          p_x          -0.000005  -0.000000

    5 C   s             0.000000   0.000000
          p_y          -0.000000   0.000000
          p_z           0.000000   0.000000
          p_x          -0.000000   0.000000

    6 H   s            -0.000000   0.000000

    7 C   s             0.000000   0.000000
          p_y          -0.000000   0.000000
          p_z           0.000000   0.000000
          p_x          -0.000000  -0.000000

    8 C   s             0.000005  -0.000000
          p_y          -0.000004  -0.000000
          p_z           0.000007  -0.000000
          p_x           0.000001  -0.000000

    9 C   s            -0.000016   0.000000
          p_y          -0.000008  -0.000000
          p_z          -0.000002   0.000000
          p_x           0.000009   0.000000

   10 H   s            -0.000003  -0.000000

   11 C   s             0.000000  -0.000000
          p_y           0.000000  -0.000000
          p_z           0.000000   0.000000
          p_x          -0.000000  -0.000000

   12 C   s             0.000000  -0.000000
          p_y          -0.000000   0.000000
          p_z           0.000000   0.000000
          p_x          -0.000000  -0.000000

   13 H   s            -0.000000  -0.000000

   14 H   s             0.000000   0.000000

   15 C   s            -0.000016  -0.000000
          p_y          -0.000003  -0.000000
          p_z           0.000002  -0.000000
          p_x           0.000006  -0.000000

   16 C   s            -0.000230  -0.000000
          p_y           0.000138  -0.000000
          p_z          -0.000092  -0.000000
          p_x          -0.000053   0.000000

   17 C   s            -0.000000  -0.000000
          p_y           0.000000  -0.000000
          p_z          -0.000000  -0.000000
          p_x          -0.000000  -0.000000

   18 H   s            -0.000000   0.000000

   19 C   s             0.000000   0.000000
          p_y          -0.000000   0.000000
          p_z           0.000000   0.000000
          p_x          -0.000000   0.000000

   20 C   s            -0.000070  -0.000000
          p_y           0.000019  -0.000000
          p_z          -0.000066  -0.000000
          p_x           0.000009  -0.000000

   21 C   s            -0.000780  -0.000002
          p_y           0.000365  -0.000000
          p_z          -0.001092  -0.000004
          p_x           0.000055  -0.000000

   22 H   s             0.000040  -0.000000

   23 C   s             0.000000   0.000000
          p_y           0.000000  -0.000000
          p_z          -0.000000  -0.000000
          p_x           0.000000  -0.000000

   24 H   s             0.000000   0.000000

   25 H   s            -0.000000   0.000000

   26 H   s             0.000007   0.000000

   27 C   s            -0.000147  -0.000000
          p_y           0.000121  -0.000000
          p_z          -0.000298  -0.000000
          p_x          -0.000055  -0.000000

   28 C   s             0.003015   0.000131
          p_y          -0.002941   0.000046
          p_z          -0.001625  -0.000082
          p_x           0.005227  -0.000143

   29 H   s            -0.000000   0.000000

   30 C   s            -0.001610  -0.000004
          p_y           0.001627  -0.000004
          p_z          -0.002148  -0.000006
          p_x          -0.001067  -0.000001

   31 C   s            -0.087702  -0.033168
          p_y           0.088920  -0.022154
          p_z          -0.099239  -0.027516
          p_x          -0.023033  -0.001500

   32 H   s             0.000070  -0.000001

   33 C   s            -0.002612  -0.000153
          p_y          -0.000828   0.000039
          p_z           0.005479   0.000211
          p_x          -0.012596  -0.000585

   34 H   s             0.000448  -0.000000

   35 H   s            -1.093348   1.084853

   36 H   s            -0.001787   0.000043

Eigenvector:   3    (up)

    1 C   s            -0.001994   0.000009
          p_y          -0.000086   0.000000
          p_z          -0.000323   0.000001
          p_x           0.000506   0.000001

    2 C   s            -0.000271   0.000000
          p_y          -0.000003   0.000000
          p_z          -0.000052   0.000000
          p_x           0.000057   0.000000

    3 C   s            -0.003944   0.000036
          p_y           0.000286   0.000000
          p_z          -0.001003   0.000006
          p_x           0.000381   0.000001

    4 C   s            -0.002846   0.000058
          p_y          -0.000810   0.000003
          p_z           0.000585  -0.000005
          p_x           0.000688   0.000013

    5 C   s            -0.000111   0.000000
          p_y           0.000005   0.000000
          p_z          -0.000033   0.000000
          p_x           0.000022   0.000000

    6 H   s             0.000066   0.000000

    7 C   s            -0.000541   0.000001
          p_y           0.000063   0.000000
          p_z          -0.000128   0.000000
          p_x          -0.000006  -0.000000

    8 C   s            -0.012352   0.000566
          p_y           0.000612   0.000006
          p_z          -0.003819   0.000140
          p_x           0.002471   0.000033

    9 C   s            -0.012376   0.000595
          p_y          -0.001846   0.000017
          p_z          -0.000144   0.000003
          p_x           0.003601   0.000136

   10 H   s            -0.000420  -0.000000

   11 C   s            -0.000008   0.000000
          p_y           0.000000   0.000000
          p_z          -0.000001   0.000000
          p_x           0.000001   0.000000

   12 C   s            -0.000108   0.000000
          p_y           0.000011   0.000000
          p_z          -0.000034   0.000000
          p_x           0.000009   0.000000

   13 H   s             0.000301   0.000000

   14 H   s             0.007076   0.000215

   15 C   s            -0.068605   0.009470
          p_y          -0.003411   0.000012
          p_z          -0.013877   0.000895
          p_x           0.018016   0.001276

   16 C   s            -0.059975   0.013863
          p_y          -0.007088   0.000231
          p_z          -0.013172   0.001105
          p_x           0.028189   0.004931

   17 C   s            -0.000002   0.000000
          p_y           0.000000   0.000000
          p_z          -0.000001   0.000000
          p_x           0.000000   0.000000

   18 H   s             0.000001   0.000000

   19 C   s            -0.000015   0.000000
          p_y           0.000001   0.000000
          p_z          -0.000004   0.000000
          p_x           0.000001   0.000000

   20 C   s             0.035600  -0.018271
          p_y           0.027296  -0.002837
          p_z           0.005198  -0.000352
          p_x          -0.040838  -0.007443

   21 C   s            -0.176423   0.063212
          p_y          -0.025738   0.002704
          p_z           0.014623   0.000705
          p_x           0.032656   0.004803

   22 H   s            -0.014954  -0.000117

   23 C   s            -0.000003   0.000000
          p_y           0.000001   0.000000
          p_z          -0.000001   0.000000
          p_x           0.000000   0.000000

   24 H   s             0.000000   0.000000

   25 H   s             0.000003   0.000000

   26 H   s             0.743719   0.549682

   27 C   s            -0.416049   0.251368
          p_y          -0.014203   0.000034
          p_z           0.005368  -0.000097
          p_x           0.020657   0.000369

   28 C   s            -0.035096   0.003667
          p_y          -0.004702   0.000237
          p_z           0.004840   0.000306
          p_x           0.005042   0.000208

   29 H   s             0.000001   0.000000

   30 C   s            -0.169117   0.065084
          p_y           0.001954   0.000029
          p_z           0.023293   0.002296
          p_x          -0.024334   0.002780

   31 C   s            -0.019130   0.001542
          p_y          -0.004159   0.000192
          p_z           0.004825   0.000260
          p_x           0.002675   0.000112

   32 H   s             0.002182   0.000041

   33 C   s            -0.124584   0.027813
          p_y          -0.010161   0.000438
          p_z           0.024455   0.002178
          p_x          -0.003209   0.000007

   34 H   s             0.063218   0.011099

   35 H   s            -0.014114   0.000018

   36 H   s             0.043686   0.004314

Eigenvector:   4    (up)

    1 C   s            -0.001277   0.000003
          p_y          -0.000130   0.000000
          p_z          -0.000153   0.000000
          p_x           0.000376   0.000001

    2 C   s            -0.000238   0.000000
          p_y          -0.000006   0.000000
          p_z          -0.000036   0.000000
          p_x           0.000050   0.000000

    3 C   s            -0.003210   0.000022
          p_y           0.000089   0.000000
          p_z          -0.000557   0.000002
          p_x           0.000369   0.000001

    4 C   s            -0.000910  -0.000003
          p_y           0.000618  -0.000000
          p_z          -0.000951  -0.000006
          p_x           0.000495  -0.000002

    5 C   s            -0.000119   0.000000
          p_y           0.000002   0.000000
          p_z          -0.000027   0.000000
          p_x           0.000022   0.000000

    6 H   s             0.000069   0.000000

    7 C   s            -0.000581   0.000001
          p_y           0.000070   0.000000
          p_z          -0.000161   0.000000
          p_x           0.000010   0.000000

    8 C   s            -0.010496   0.000370
          p_y           0.000509   0.000002
          p_z          -0.004191   0.000108
          p_x           0.003086   0.000046

    9 C   s             0.006030   0.000144
          p_y           0.000848  -0.000005
          p_z           0.002182   0.000072
          p_x          -0.003394   0.000060

   10 H   s             0.001415   0.000003

   11 C   s            -0.000011   0.000000
          p_y           0.000000   0.000000
          p_z          -0.000001   0.000000
          p_x           0.000001   0.000000

   12 C   s            -0.000128   0.000000
          p_y           0.000009   0.000000
          p_z          -0.000031   0.000000
          p_x           0.000011   0.000000

   13 H   s             0.000336   0.000000

   14 H   s             0.007515   0.000211

   15 C   s            -0.025886   0.001218
          p_y          -0.011846   0.000422
          p_z           0.005888   0.000063
          p_x           0.017449   0.001118

   16 C   s             0.090449   0.027985
          p_y           0.007977   0.000149
          p_z           0.026102   0.003718
          p_x          -0.044877   0.009538

   17 C   s            -0.000003   0.000000
          p_y           0.000000   0.000000
          p_z          -0.000001   0.000000
          p_x           0.000001   0.000000

   18 H   s             0.000002   0.000000

   19 C   s            -0.000021   0.000000
          p_y           0.000002   0.000000
          p_z          -0.000006   0.000000
          p_x           0.000002   0.000000

   20 C   s             0.019305  -0.004235
          p_y           0.038034  -0.008775
          p_z          -0.021904  -0.003584
          p_x          -0.046177  -0.012367

   21 C   s             0.256002   0.124022
          p_y           0.031631   0.003433
          p_z          -0.020709   0.000882
          p_x          -0.034271   0.005082

   22 H   s             0.022323  -0.000265

   23 C   s            -0.000005   0.000000
          p_y           0.000001   0.000000
          p_z          -0.000002   0.000000
          p_x           0.000000   0.000000

   24 H   s             0.000000   0.000000

   25 H   s             0.000005   0.000000

   26 H   s             0.697465   0.448986

   27 C   s             0.346019   0.164838
          p_y          -0.047205   0.007145
          p_z           0.053720   0.010079
          p_x           0.042511   0.005879

   28 C   s             0.061681   0.010308
          p_y           0.008289   0.000611
          p_z          -0.008806   0.000816
          p_x          -0.008473   0.000506

   29 H   s             0.000001   0.000000

   30 C   s             0.190304   0.075997
          p_y          -0.018776   0.001604
          p_z           0.005394   0.000147
          p_x           0.031101   0.004279

   31 C   s             0.039392   0.005768
          p_y           0.009502   0.000777
          p_z          -0.010150   0.000880
          p_x          -0.007189   0.000584

   32 H   s            -0.005030   0.000168

   33 C   s             0.225079   0.084524
          p_y           0.013407   0.000665
          p_z          -0.031314   0.002930
          p_x           0.003915  -0.000009

   34 H   s            -0.037420   0.004564

   35 H   s             0.026902   0.000057

   36 H   s            -0.094435   0.018464

Eigenvector:   5    (up)

    1 C   s            -0.003480   0.000023
          p_y          -0.000067   0.000000
          p_z          -0.000421   0.000001
          p_x           0.000555   0.000002

    2 C   s            -0.000766   0.000002
          p_y          -0.000013   0.000000
          p_z          -0.000135   0.000000
          p_x           0.000161   0.000000

    3 C   s            -0.003977   0.000030
          p_y           0.000375   0.000001
          p_z          -0.000834   0.000003
          p_x           0.000036  -0.000000

    4 C   s            -0.004583   0.000115
          p_y          -0.001434   0.000006
          p_z           0.000798  -0.000009
          p_x           0.001039   0.000021

    5 C   s            -0.000351   0.000000
          p_y           0.000018   0.000000
          p_z          -0.000084   0.000000
          p_x           0.000043   0.000000

    6 H   s             0.000194   0.000000

    7 C   s            -0.000725   0.000002
          p_y           0.000096   0.000000
          p_z          -0.000160   0.000000
          p_x          -0.000049   0.000000

    8 C   s            -0.004113   0.000050
          p_y           0.000536   0.000003
          p_z          -0.000544   0.000004
          p_x          -0.000652   0.000003

    9 C   s            -0.020200   0.001229
          p_y          -0.002598   0.000012
          p_z          -0.002943   0.000109
          p_x           0.006803   0.000278

   10 H   s            -0.001220   0.000000

   11 C   s            -0.000044   0.000000
          p_y           0.000001   0.000000
          p_z          -0.000008   0.000000
          p_x           0.000006   0.000000

   12 C   s            -0.000275   0.000000
          p_y           0.000025   0.000000
          p_z          -0.000064   0.000000
          p_x           0.000010   0.000000

   13 H   s             0.000245   0.000000

   14 H   s            -0.000377  -0.000000

   15 C   s            -0.034981   0.002125
          p_y           0.006420   0.000153
          p_z          -0.011774   0.000434
          p_x          -0.001765   0.000024

   16 C   s            -0.128486   0.048352
          p_y          -0.006837   0.000121
          p_z          -0.046181   0.007067
          p_x           0.067152   0.015560

   17 C   s            -0.000012   0.000000
          p_y           0.000001   0.000000
          p_z          -0.000003   0.000000
          p_x           0.000002   0.000000

   18 H   s             0.000007   0.000000

   19 C   s            -0.000046   0.000000
          p_y           0.000005   0.000000
          p_z          -0.000010   0.000000
          p_x           0.000000  -0.000000

   20 C   s            -0.002468   0.000139
          p_y          -0.007780  -0.000511
          p_z           0.004461  -0.000240
          p_x           0.012373  -0.001120

   21 C   s            -0.274512   0.132202
          p_y          -0.036306   0.003786
          p_z           0.056143   0.007717
          p_x           0.002002   0.000074

   22 H   s            -0.030051  -0.000496

   23 C   s            -0.000016   0.000000
          p_y           0.000002   0.000000
          p_z          -0.000005   0.000000
          p_x           0.000001   0.000000

   24 H   s             0.000002   0.000000

   25 H   s             0.000006   0.000000

   26 H   s            -0.072287   0.004035

   27 C   s            -0.205433   0.053959
          p_y           0.027230   0.002306
          p_z           0.044082   0.004645
          p_x          -0.095870   0.026368

   28 C   s            -0.042649   0.004252
          p_y          -0.005124   0.000221
          p_z           0.013628   0.001620
          p_x          -0.001623   0.000041

   29 H   s             0.000002   0.000000

   30 C   s             0.206954   0.083494
          p_y          -0.028397   0.002947
          p_z           0.073244   0.021057
          p_x          -0.013091   0.000886

   31 C   s             0.078361   0.019561
          p_y           0.023278   0.003615
          p_z          -0.014648   0.001077
          p_x          -0.028169   0.006701

   32 H   s             0.005616   0.000172

   33 C   s             0.490372   0.367737
          p_y           0.018079   0.001097
          p_z          -0.006141  -0.000117
          p_x          -0.026369   0.003107

   34 H   s            -0.086248   0.017877

   35 H   s             0.050749   0.000167

   36 H   s            -0.290562   0.155903

Eigenvector:   6    (up)

    1 C   s             0.424322   0.288701
          p_y           0.027249   0.003033
          p_z          -0.018385   0.001621
          p_x          -0.035446   0.004556

    2 C   s             0.183243   0.077369
          p_y           0.005981   0.000181
          p_z           0.019216   0.001758
          p_x          -0.032924   0.005515

    3 C   s             0.421791   0.292025
          p_y          -0.023192   0.001906
          p_z           0.005894   0.000088
          p_x           0.039900   0.005683

    4 C   s             0.098399   0.028696
          p_y           0.006664   0.000361
          p_z          -0.008078   0.000658
          p_x          -0.011672   0.000895

    5 C   s             0.127803   0.031914
          p_y          -0.004034   0.000075
          p_z           0.020690   0.002091
          p_x          -0.010783   0.000576

    6 H   s            -0.061281   0.009710

    7 C   s             0.145959   0.051998
          p_y          -0.017438   0.001694
          p_z           0.024943   0.003578
          p_x           0.013107   0.000946

    8 C   s             0.135363   0.047430
          p_y          -0.006073   0.000292
          p_z          -0.008310   0.000454
          p_x           0.021847   0.003639

    9 C   s             0.094930   0.023314
          p_y           0.012796   0.000918
          p_z          -0.019671   0.001966
          p_x          -0.005363   0.000181

   10 H   s            -0.042442   0.003956

   11 C   s             0.024205   0.001679
          p_y          -0.000086  -0.000000
          p_z           0.004586   0.000178
          p_x          -0.004110   0.000152

   12 C   s             0.092807   0.019696
          p_y          -0.007441   0.000345
          p_z           0.014696   0.001344
          p_x           0.000827   0.000003

   13 H   s            -0.056774   0.007702

   14 H   s            -0.018651   0.001952

   15 C   s             0.176935   0.050556
          p_y           0.002739   0.000011
          p_z          -0.024311   0.002395
          p_x           0.017023   0.001434

   16 C   s             0.020524   0.001018
          p_y           0.005981   0.000113
          p_z          -0.004186   0.000140
          p_x          -0.008641   0.000092

   17 C   s             0.009073   0.000241
          p_y          -0.000380   0.000001
          p_z           0.001967   0.000031
          p_x          -0.001100   0.000009

   18 H   s            -0.004017   0.000090

   19 C   s             0.023907   0.001456
          p_y          -0.002852   0.000060
          p_z           0.005059   0.000179
          p_x           0.000912   0.000008

   20 C   s             0.001007   0.000014
          p_y           0.000582  -0.000001
          p_z           0.002547  -0.000118
          p_x          -0.003825  -0.000184

   21 C   s             0.006494   0.000099
          p_y           0.002855   0.000020
          p_z          -0.010516   0.000301
          p_x           0.006280   0.000112

   22 H   s             0.007762  -0.000032

   23 C   s             0.011577   0.000320
          p_y          -0.001040   0.000006
          p_z           0.002824   0.000046
          p_x          -0.000540   0.000002

   24 H   s            -0.001996   0.000013

   25 H   s            -0.003187   0.000062

   26 H   s             0.028161   0.000593

   27 C   s            -0.040590   0.001721
          p_y          -0.001498   0.000005
          p_z          -0.017278   0.000635
          p_x           0.019725   0.000839

   28 C   s            -0.000382   0.000000
          p_y          -0.000057   0.000000
          p_z           0.000628   0.000001
          p_x          -0.000259   0.000000

   29 H   s            -0.002486   0.000019

   30 C   s            -0.027997   0.001276
          p_y          -0.003453   0.000041
          p_z           0.013452   0.000566
          p_x          -0.005353   0.000076

   31 C   s             0.008035   0.000170
          p_y           0.002723   0.000031
          p_z          -0.001299   0.000002
          p_x          -0.003597   0.000076

   32 H   s             0.000877   0.000001

   33 C   s             0.033419   0.001519
          p_y          -0.004128   0.000042
          p_z           0.013062   0.000486
          p_x          -0.003414   0.000042

   34 H   s             0.015277   0.000453

   35 H   s             0.005111   0.000001

   36 H   s            -0.036685   0.002078

Eigenvector:   7    (up)

    1 C   s            -0.051478   0.004130
          p_y          -0.003436   0.000046
          p_z           0.004413   0.000080
          p_x           0.002470   0.000020

    2 C   s            -0.026198   0.001536
          p_y          -0.000928   0.000004
          p_z          -0.002238   0.000022
          p_x           0.004379   0.000091

    3 C   s            -0.045324   0.003277
          p_y           0.002334   0.000018
          p_z           0.002317   0.000022
          p_x          -0.006765   0.000156

    4 C   s            -0.003348   0.000008
          p_y           0.002327   0.000008
          p_z           0.000414   0.000008
          p_x          -0.002702   0.000057

    5 C   s            -0.019908   0.000751
          p_y           0.000575   0.000001
          p_z          -0.002921   0.000040
          p_x           0.001495   0.000011

    6 H   s             0.009286   0.000215

    7 C   s            -0.018565   0.000817
          p_y           0.002113   0.000024
          p_z          -0.002659   0.000038
          p_x          -0.001947   0.000020

    8 C   s            -0.000814   0.000002
          p_y          -0.000914   0.000004
          p_z           0.005480   0.000153
          p_x          -0.003403   0.000059

    9 C   s             0.016030   0.000580
          p_y           0.004292   0.000016
          p_z           0.005138   0.000189
          p_x          -0.010490   0.000409

   10 H   s             0.008523   0.000123

   11 C   s            -0.004098   0.000047
          p_y           0.000003  -0.000000
          p_z          -0.000767   0.000005
          p_x           0.000710   0.000004

   12 C   s            -0.013923   0.000429
          p_y           0.001119   0.000007
          p_z          -0.001951   0.000023
          p_x          -0.000370   0.000001

   13 H   s             0.007239   0.000122

   14 H   s            -0.002224   0.000010

   15 C   s             0.030267   0.001289
          p_y          -0.000977   0.000007
          p_z           0.004158   0.000049
          p_x          -0.001972  -0.000007

   16 C   s             0.173780   0.071812
          p_y          -0.013168   0.000841
          p_z           0.100371   0.023993
          p_x          -0.084842   0.012551

   17 C   s            -0.001635   0.000008
          p_y           0.000065   0.000000
          p_z          -0.000342   0.000001
          p_x           0.000193   0.000000

   18 H   s             0.000691   0.000003

   19 C   s            -0.003924   0.000038
          p_y           0.000471   0.000002
          p_z          -0.000789   0.000004
          p_x          -0.000196   0.000000

   20 C   s            -0.010423   0.000556
          p_y          -0.002201  -0.000205
          p_z           0.006627  -0.001131
          p_x          -0.002541   0.000083

   21 C   s             0.299644   0.138834
          p_y          -0.005452   0.000184
          p_z          -0.066821   0.006729
          p_x           0.116434   0.028326

   22 H   s             0.047746  -0.001346

   23 C   s            -0.002069   0.000010
          p_y           0.000180   0.000000
          p_z          -0.000483   0.000001
          p_x           0.000087   0.000000

   24 H   s             0.000381   0.000000

   25 H   s             0.000519   0.000002

   26 H   s            -0.160841   0.019437

   27 C   s            -0.347042   0.121547
          p_y          -0.053712   0.005975
          p_z          -0.069616   0.011737
          p_x           0.176925   0.069639

   28 C   s             0.123149   0.029861
          p_y           0.012330   0.000756
          p_z          -0.019360   0.002359
          p_x          -0.004858  -0.000005

   29 H   s             0.000470   0.000001

   30 C   s            -0.281898   0.125509
          p_y          -0.025898   0.002499
          p_z           0.097087   0.029192
          p_x          -0.036044   0.002778

   31 C   s             0.076978   0.015088
          p_y           0.023002   0.002023
          p_z          -0.017782   0.000807
          p_x          -0.022970   0.002854

   32 H   s            -0.022730   0.001909

   33 C   s             0.218389   0.064024
          p_y          -0.047613   0.005398
          p_z           0.117993   0.037232
          p_x          -0.010390   0.000541

   34 H   s             0.151138   0.044191

   35 H   s             0.047383   0.000044

   36 H   s            -0.269357   0.108388

Eigenvector:   8    (up)

    1 C   s             0.119545   0.020781
          p_y           0.013308   0.000580
          p_z          -0.063193   0.012420
          p_x           0.033503   0.003417

    2 C   s             0.175394   0.062485
          p_y           0.010887   0.000435
          p_z          -0.008199   0.000320
          p_x          -0.016759   0.000999

    3 C   s             0.022696   0.000722
          p_y           0.005538   0.000114
          p_z          -0.055354   0.009678
          p_x           0.041314   0.005146

    4 C   s            -0.159784   0.070958
          p_y          -0.000509   0.000013
          p_z          -0.034386   0.004703
          p_x           0.047369   0.011759

    5 C   s             0.211252   0.076326
          p_y          -0.001757   0.000012
          p_z           0.015197   0.000965
          p_x          -0.009631   0.000389

    6 H   s            -0.074878   0.012363

    7 C   s             0.077482   0.012999
          p_y          -0.004354   0.000086
          p_z          -0.005964   0.000176
          p_x           0.015289   0.001128

    8 C   s            -0.147273   0.048322
          p_y           0.021353   0.002365
          p_z          -0.038582   0.007289
          p_x          -0.009000   0.000559

    9 C   s            -0.262942   0.148555
          p_y          -0.035168   0.005060
          p_z           0.040755   0.004515
          p_x           0.015781   0.002105

   10 H   s             0.025997   0.001416

   11 C   s             0.060637   0.009105
          p_y           0.000893   0.000007
          p_z           0.009646   0.000575
          p_x          -0.010829   0.000766

   12 C   s             0.136065   0.036585
          p_y          -0.010016   0.000483
          p_z           0.006929   0.000255
          p_x           0.013282   0.000793

   13 H   s            -0.032979   0.002241

   14 H   s             0.021202   0.002126

   15 C   s            -0.459161   0.298995
          p_y           0.014473   0.000767
          p_z           0.008532   0.000484
          p_x          -0.036830   0.005958

   16 C   s            -0.019178   0.000510
          p_y          -0.033086   0.003686
          p_z           0.062975   0.013984
          p_x           0.007578   0.000127

   17 C   s             0.032329   0.002615
          p_y          -0.000784   0.000004
          p_z           0.005523   0.000193
          p_x          -0.003698   0.000087

   18 H   s            -0.010652   0.000531

   19 C   s             0.057107   0.007202
          p_y          -0.006408   0.000232
          p_z           0.008094   0.000352
          p_x           0.005177   0.000163

   20 C   s            -0.013810   0.001574
          p_y          -0.001146  -0.000060
          p_z          -0.002982  -0.000142
          p_x           0.006137  -0.001031

   21 C   s             0.108593   0.014771
          p_y          -0.034863   0.003038
          p_z           0.044800   0.005978
          p_x           0.039414   0.002671

   22 H   s            -0.001961   0.000000

   23 C   s             0.041548   0.003593
          p_y          -0.003095   0.000043
          p_z           0.007831   0.000284
          p_x          -0.001027   0.000005

   24 H   s            -0.009225   0.000235

   25 H   s            -0.007725   0.000307

   26 H   s            -0.113071   0.008334

   27 C   s            -0.058243   0.003282
          p_y          -0.025189   0.001094
          p_z           0.066777   0.007846
          p_x          -0.011679   0.000239

   28 C   s             0.101554   0.018234
          p_y           0.009096   0.000312
          p_z          -0.016224   0.001158
          p_x          -0.003001   0.000009

   29 H   s            -0.011689   0.000362

   30 C   s             0.018578   0.000560
          p_y          -0.001854   0.000011
          p_z          -0.000024   0.000000
          p_x           0.003742   0.000050

   31 C   s             0.015022   0.000490
          p_y           0.001434   0.000005
          p_z          -0.009455   0.000417
          p_x           0.006950   0.000250

   32 H   s            -0.026893   0.001999

   33 C   s            -0.011254   0.000164
          p_y           0.000101   0.000000
          p_z          -0.022240   0.001191
          p_x           0.020784   0.001019

   34 H   s            -0.012833   0.000247

   35 H   s             0.005815   0.000001

   36 H   s             0.051016   0.003474

Eigenvector:   9    (up)

    1 C   s            -0.039682   0.001933
          p_y          -0.029981   0.002303
          p_z          -0.020780   0.001257
          p_x           0.082578   0.017993

    2 C   s             0.176826   0.058946
          p_y           0.013536   0.000501
          p_z          -0.038115   0.005458
          p_x           0.006612   0.000320

    3 C   s            -0.288523   0.113103
          p_y          -0.003286   0.000028
          p_z          -0.007287   0.000154
          p_x           0.016057   0.000748

    4 C   s             0.051136   0.006671
          p_y          -0.007121   0.000231
          p_z           0.021336   0.002099
          p_x          -0.010216   0.000465

    5 C   s             0.323429   0.166034
          p_y           0.000507   0.000001
          p_z          -0.000178  -0.000000
          p_x           0.001027   0.000002

    6 H   s            -0.099705   0.019893

    7 C   s            -0.074565   0.010703
          p_y           0.014280   0.000695
          p_z          -0.046044   0.008514
          p_x           0.014050   0.001036

    8 C   s            -0.089457   0.016701
          p_y          -0.005098   0.000124
          p_z           0.030172   0.004072
          p_x          -0.019377   0.001676

    9 C   s             0.105907   0.021771
          p_y           0.004142   0.000063
          p_z          -0.002887  -0.000061
          p_x           0.001858  -0.000054

   10 H   s            -0.026499   0.001236

   11 C   s             0.128312   0.037740
          p_y           0.003745   0.000090
          p_z           0.015136   0.001195
          p_x          -0.021688   0.002641

   12 C   s             0.160654   0.046865
          p_y          -0.012600   0.000624
          p_z          -0.016445   0.001168
          p_x           0.041034   0.006828

   13 H   s             0.047675   0.004292

   14 H   s             0.021225   0.001667

   15 C   s             0.091953   0.010975
          p_y          -0.027925   0.002176
          p_z           0.046865   0.005667
          p_x           0.013066   0.000610

   16 C   s             0.021124   0.000272
          p_y           0.035247   0.004407
          p_z          -0.057977   0.011512
          p_x          -0.026906   0.002211

   17 C   s             0.088740   0.018101
          p_y          -0.000688   0.000003
          p_z           0.011790   0.000755
          p_x          -0.009969   0.000542

   18 H   s            -0.024021   0.002426

   19 C   s             0.111322   0.025390
          p_y          -0.010477   0.000552
          p_z           0.005365   0.000137
          p_x           0.015887   0.001290

   20 C   s             0.018095   0.002098
          p_y          -0.000858   0.000062
          p_z           0.003525   0.000230
          p_x          -0.001871  -0.000195

   21 C   s            -0.124447   0.018789
          p_y           0.078132   0.013494
          p_z          -0.103792   0.025262
          p_x          -0.074235   0.010700

   22 H   s            -0.012258  -0.000106

   23 C   s             0.113947   0.025073
          p_y          -0.007444   0.000219
          p_z           0.016469   0.001087
          p_x          -0.000173   0.000000

   24 H   s            -0.029734   0.002209

   25 H   s            -0.014835   0.001039

   26 H   s             0.057565   0.001812

   27 C   s             0.179147   0.029450
          p_y           0.028266   0.001217
          p_z          -0.104854   0.018732
          p_x           0.037459   0.002722

   28 C   s            -0.206750   0.069786
          p_y          -0.014875   0.000677
          p_z           0.025022   0.002388
          p_x           0.006113   0.000038

   29 H   s            -0.037993   0.003486

   30 C   s            -0.107132   0.016555
          p_y           0.006821   0.000068
          p_z          -0.026459   0.001348
          p_x           0.010757   0.000295

   31 C   s            -0.037380   0.002673
          p_y          -0.003698   0.000033
          p_z           0.025590   0.002811
          p_x          -0.018280   0.001586

   32 H   s             0.060441   0.009205

   33 C   s             0.002582   0.000026
          p_y          -0.018356   0.000672
          p_z           0.100279   0.021427
          p_x          -0.057406   0.007232

   34 H   s             0.085555   0.011193

   35 H   s            -0.010324   0.000003

   36 H   s            -0.180179   0.039854

Eigenvector:  10    (up)

    1 C   s             0.331084   0.142012
          p_y          -0.034754   0.002708
          p_z          -0.008484   0.000320
          p_x           0.083678   0.017575

    2 C   s             0.233699   0.099032
          p_y          -0.014391   0.001027
          p_z           0.050225   0.008845
          p_x          -0.021763   0.000843

    3 C   s            -0.206877   0.058371
          p_y          -0.070482   0.012798
          p_z           0.057436   0.008675
          p_x           0.092088   0.021841

    4 C   s             0.099071   0.021270
          p_y          -0.003234   0.000036
          p_z          -0.002606   0.000116
          p_x          -0.001227  -0.000038

    5 C   s            -0.038007   0.002262
          p_y          -0.041595   0.005657
          p_z           0.051014   0.008663
          p_x           0.037382   0.004435

    6 H   s            -0.135904   0.036020

    7 C   s            -0.283600   0.155274
          p_y           0.005566  -0.000034
          p_z          -0.006114   0.000077
          p_x          -0.007933  -0.000087

    8 C   s            -0.108162   0.023282
          p_y          -0.003733   0.000106
          p_z           0.017601   0.001502
          p_x          -0.010360   0.000326

    9 C   s             0.066617   0.009420
          p_y           0.002177   0.000014
          p_z          -0.021276   0.001500
          p_x           0.019665   0.001369

   10 H   s            -0.080363   0.011343

   11 C   s            -0.038823   0.003446
          p_y          -0.006892   0.000293
          p_z           0.006226   0.000228
          p_x           0.008113   0.000418

   12 C   s            -0.245927   0.107901
          p_y          -0.010012   0.000374
          p_z          -0.001404   0.000009
          p_x           0.023373   0.002119

   13 H   s             0.192185   0.067066

   14 H   s             0.030996   0.003377

   15 C   s            -0.046684   0.002567
          p_y          -0.017808   0.000872
          p_z           0.015047   0.000607
          p_x           0.023984   0.001614

   16 C   s             0.009521   0.000278
          p_y          -0.002999   0.000061
          p_z           0.009470   0.000219
          p_x           0.001950   0.000051

   17 C   s            -0.070266   0.011045
          p_y          -0.004527   0.000107
          p_z          -0.003634   0.000065
          p_x           0.012777   0.000848

   18 H   s             0.002408   0.000034

   19 C   s            -0.166765   0.055303
          p_y           0.012950   0.000767
          p_z          -0.015013   0.000996
          p_x          -0.011430   0.000623

   20 C   s            -0.007294   0.000295
          p_y           0.001124   0.000027
          p_z          -0.001973   0.000034
          p_x          -0.000478   0.000018

   21 C   s             0.035156   0.001614
          p_y          -0.020478   0.000920
          p_z           0.023826   0.001271
          p_x           0.026256   0.001413

   22 H   s             0.012401  -0.000090

   23 C   s            -0.136297   0.034835
          p_y           0.004838   0.000080
          p_z          -0.018919   0.001349
          p_x           0.007654   0.000238

   24 H   s             0.024765   0.001488

   25 H   s             0.030432   0.003900

   26 H   s            -0.031739   0.000598

   27 C   s            -0.076173   0.005142
          p_y          -0.007288   0.000082
          p_z           0.029221   0.001401
          p_x          -0.009488   0.000155

   28 C   s             0.059597   0.005650
          p_y           0.004069   0.000048
          p_z          -0.006278   0.000152
          p_x          -0.001851   0.000002

   29 H   s             0.049141   0.005644

   30 C   s             0.041837   0.002489
          p_y          -0.001285  -0.000000
          p_z           0.014561   0.000423
          p_x          -0.010572   0.000286

   31 C   s             0.010420   0.000195
          p_y           0.000776   0.000001
          p_z          -0.007966   0.000268
          p_x           0.006301   0.000179

   32 H   s            -0.017082   0.000736

   33 C   s             0.001887  -0.000001
          p_y           0.009606   0.000180
          p_z          -0.038428   0.003037
          p_x           0.016894   0.000613

   34 H   s            -0.041622   0.002570

   35 H   s             0.002169   0.000000

   36 H   s             0.064152   0.004909

Eigenvector:  11    (up)

    1 C   s             0.128751   0.021263
          p_y           0.019948   0.001046
          p_z          -0.016182   0.000735
          p_x          -0.025515   0.001588

    2 C   s            -0.019131   0.000685
          p_y          -0.009860   0.000312
          p_z           0.038188   0.005150
          p_x          -0.016297   0.001034

    3 C   s             0.153299   0.030710
          p_y          -0.006975   0.000107
          p_z          -0.014698   0.000639
          p_x           0.027107   0.001860

    4 C   s            -0.087228   0.018818
          p_y           0.000152  -0.000001
          p_z          -0.028808   0.002770
          p_x           0.036751   0.005013

    5 C   s            -0.188921   0.055040
          p_y          -0.011447   0.000436
          p_z           0.020559   0.001409
          p_x           0.003054   0.000027

    6 H   s             0.017493   0.000578

    7 C   s             0.026253   0.001278
          p_y          -0.010724   0.000431
          p_z           0.030751   0.003659
          p_x          -0.007141   0.000216

    8 C   s            -0.042601   0.003659
          p_y           0.013383   0.000774
          p_z          -0.036417   0.005483
          p_x           0.006562   0.000133

    9 C   s            -0.139699   0.038029
          p_y          -0.028356   0.002365
          p_z           0.036608   0.003285
          p_x           0.006393   0.000303

   10 H   s             0.012039   0.000279

   11 C   s            -0.094920   0.020099
          p_y          -0.004992   0.000149
          p_z          -0.006061   0.000167
          p_x           0.015711   0.001345

   12 C   s            -0.133321   0.031323
          p_y           0.003451   0.000040
          p_z           0.018199   0.001386
          p_x          -0.024006   0.002256

   13 H   s            -0.011881   0.000268

   14 H   s             0.007833   0.000223

   15 C   s            -0.216238   0.061217
          p_y           0.003837   0.000060
          p_z           0.021658   0.001479
          p_x          -0.029396   0.002959

   16 C   s            -0.038580   0.003945
          p_y           0.022128   0.002067
          p_z          -0.048386   0.005642
          p_x          -0.011772   0.001168

   17 C   s            -0.085756   0.016354
          p_y          -0.001319   0.000009
          p_z          -0.008508   0.000365
          p_x           0.010936   0.000611

   18 H   s             0.016992   0.001182

   19 C   s            -0.114640   0.026103
          p_y           0.009043   0.000388
          p_z          -0.002788   0.000035
          p_x          -0.015356   0.001129

   20 C   s             0.018760   0.001697
          p_y          -0.003232   0.000265
          p_z           0.006425   0.001009
          p_x           0.001284   0.000038

   21 C   s            -0.122679   0.019676
          p_y           0.087092   0.016395
          p_z          -0.084474   0.016542
          p_x          -0.124479   0.030532

   22 H   s            -0.036529  -0.000827

   23 C   s            -0.122777   0.028226
          p_y           0.006523   0.000154
          p_z          -0.015600   0.000907
          p_x           0.001174   0.000005

   24 H   s             0.030719   0.002271

   25 H   s             0.017318   0.001318

   26 H   s             0.023849   0.000241

   27 C   s             0.310619   0.085380
          p_y           0.015016   0.000310
          p_z          -0.092659   0.014151
          p_x           0.043651   0.003429

   28 C   s            -0.227124   0.081882
          p_y          -0.013654   0.000523
          p_z           0.024024   0.002239
          p_x           0.003395  -0.000033

   29 H   s             0.044251   0.004557

   30 C   s            -0.191287   0.051569
          p_y           0.003362  -0.000034
          p_z          -0.065747   0.008531
          p_x           0.052809   0.007278

   31 C   s            -0.033515   0.001932
          p_y          -0.000704   0.000001
          p_z           0.029628   0.003791
          p_x          -0.027215   0.003244

   32 H   s             0.069160   0.011858

   33 C   s            -0.006754  -0.000031
          p_y          -0.048298   0.004518
          p_z           0.167403   0.057062
          p_x          -0.060252   0.007853

   34 H   s             0.191915   0.054879

   35 H   s            -0.004723   0.000004

   36 H   s            -0.268556   0.085577

Eigenvector:  12    (up)

    1 C   s            -0.013984   0.000248
          p_y          -0.006056   0.000092
          p_z           0.006166   0.000098
          p_x           0.006603   0.000103

    2 C   s             0.007042   0.000088
          p_y           0.000920   0.000002
          p_z          -0.005301   0.000096
          p_x           0.003122   0.000041

    3 C   s            -0.035100   0.001592
          p_y          -0.002363   0.000016
          p_z           0.009974   0.000268
          p_x          -0.004458   0.000050

    4 C   s             0.026646   0.001602
          p_y          -0.002917   0.000009
          p_z           0.007527   0.000090
          p_x          -0.008271   0.000172

    5 C   s             0.029985   0.001355
          p_y           0.000795   0.000002
          p_z          -0.003296   0.000036
          p_x           0.001653   0.000009

    6 H   s            -0.006500   0.000078

    7 C   s            -0.021370   0.000855
          p_y           0.002414   0.000018
          p_z          -0.005883   0.000126
          p_x           0.000482   0.000002

    8 C   s             0.018029   0.000639
          p_y          -0.004387   0.000077
          p_z           0.010828   0.000469
          p_x          -0.001109   0.000004

    9 C   s             0.017920   0.000739
          p_y           0.005320   0.000123
          p_z          -0.021216   0.001351
          p_x           0.009398   0.000188

   10 H   s            -0.013714   0.000285

   11 C   s             0.017291   0.000651
          p_y           0.000888   0.000004
          p_z           0.000920   0.000004
          p_x          -0.002640   0.000036

   12 C   s             0.011769   0.000236
          p_y          -0.000639   0.000001
          p_z          -0.004749   0.000092
          p_x           0.005854   0.000130

   13 H   s             0.013239   0.000312

   14 H   s            -0.003292   0.000040

   15 C   s             0.059564   0.004508
          p_y           0.004820   0.000050
          p_z          -0.008486   0.000218
          p_x          -0.003027  -0.000002

   16 C   s            -0.207219   0.068679
          p_y           0.020252   0.000506
          p_z          -0.134172   0.017106
          p_x           0.126428   0.014979

   17 C   s             0.016278   0.000574
          p_y           0.000249   0.000000
          p_z           0.001468   0.000010
          p_x          -0.001936   0.000018

   18 H   s            -0.003338   0.000044

   19 C   s             0.016593   0.000535
          p_y          -0.001093   0.000006
          p_z          -0.000869   0.000003
          p_x           0.002990   0.000041

   20 C   s             0.012761   0.000478
          p_y          -0.002873   0.000038
          p_z           0.003613   0.000011
          p_x           0.003497   0.000070

   21 C   s            -0.038920   0.003235
          p_y          -0.067410   0.007385
          p_z           0.276676   0.128455
          p_x          -0.205866   0.069399

   22 H   s            -0.033454  -0.000689

   23 C   s             0.022067   0.000892
          p_y          -0.001181   0.000005
          p_z           0.002363   0.000019
          p_x           0.000222   0.000000

   24 H   s            -0.006169   0.000089

   25 H   s            -0.002323   0.000024

   26 H   s            -0.004574   0.000020

   27 C   s             0.191227   0.029835
          p_y          -0.056634   0.004838
          p_z           0.062657   0.007509
          p_x           0.023402   0.000109

   28 C   s             0.252174   0.095970
          p_y           0.018619   0.000832
          p_z          -0.004168  -0.000087
          p_x          -0.038641   0.005405

   29 H   s            -0.008414   0.000160

   30 C   s            -0.185764   0.048789
          p_y          -0.066031   0.012378
          p_z          -0.031577   0.001935
          p_x           0.154950   0.064765

   31 C   s             0.181239   0.063012
          p_y           0.049443   0.006371
          p_z          -0.065924   0.013882
          p_x          -0.026345   0.001349

   32 H   s            -0.071598   0.010941

   33 C   s             0.106051   0.011940
          p_y          -0.112658   0.024280
          p_z           0.027868   0.001211
          p_x           0.202882   0.080761

   34 H   s             0.345639   0.174727

   35 H   s             0.069691  -0.000144

   36 H   s             0.092728   0.010096

Eigenvector:  13    (up)

    1 C   s            -0.224893   0.057709
          p_y           0.003232   0.000012
          p_z          -0.050528   0.005632
          p_x           0.040264   0.003797

    2 C   s             0.109703   0.020638
          p_y           0.021896   0.001304
          p_z          -0.075313   0.017148
          p_x           0.026278   0.002344

    3 C   s            -0.051974   0.002909
          p_y           0.055111   0.006823
          p_z          -0.044931   0.004718
          p_x          -0.070394   0.010852

    4 C   s            -0.081338   0.012188
          p_y           0.007430   0.000114
          p_z           0.005920   0.000398
          p_x          -0.009069   0.000597

    5 C   s             0.253871   0.089384
          p_y          -0.014198   0.000609
          p_z           0.038419   0.004430
          p_x          -0.005579   0.000083

    6 H   s            -0.079699   0.010869

    7 C   s             0.118715   0.024885
          p_y           0.003171   0.000061
          p_z          -0.009583   0.000313
          p_x           0.003328  -0.000011

    8 C   s             0.069864   0.008493
          p_y          -0.005771   0.000055
          p_z           0.023703   0.001752
          p_x          -0.010005   0.000467

    9 C   s            -0.018012   0.000826
          p_y           0.010082   0.000275
          p_z           0.018328   0.001093
          p_x          -0.038147   0.004452

   10 H   s             0.062431   0.006372

   11 C   s             0.000557  -0.000003
          p_y          -0.016897   0.001366
          p_z           0.046602   0.009551
          p_x          -0.009970   0.000302

   12 C   s             0.089560   0.012358
          p_y          -0.035334   0.004084
          p_z           0.058023   0.011675
          p_x           0.015414   0.000607

   13 H   s            -0.098805   0.015645

   14 H   s            -0.024534   0.001786

   15 C   s             0.164704   0.030722
          p_y           0.012248   0.000347
          p_z          -0.005209   0.000085
          p_x          -0.022177   0.001061

   16 C   s             0.004890   0.000022
          p_y          -0.000210  -0.000001
          p_z          -0.003081   0.000034
          p_x           0.000680  -0.000001

   17 C   s            -0.214257   0.090177
          p_y          -0.025790   0.002836
          p_z           0.014377   0.001099
          p_x           0.039291   0.006056

   18 H   s            -0.004554   0.000064

   19 C   s            -0.217950   0.084447
          p_y          -0.005395   0.000109
          p_z           0.058090   0.012611
          p_x          -0.042997   0.006914

   20 C   s             0.006575   0.000246
          p_y          -0.000576   0.000003
          p_z          -0.000691   0.000029
          p_x           0.001615   0.000089

   21 C   s            -0.011398   0.000127
          p_y          -0.002398   0.000007
          p_z          -0.004397   0.000040
          p_x           0.006691   0.000074

   22 H   s            -0.002550  -0.000003

   23 C   s            -0.411625   0.284302
          p_y           0.005776   0.000013
          p_z          -0.014509   0.000254
          p_x           0.000729   0.000003

   24 H   s             0.103661   0.022504

   25 H   s             0.041977   0.006472

   26 H   s             0.030936   0.000523

   27 C   s            -0.015735   0.000194
          p_y           0.005895   0.000050
          p_z          -0.017263   0.000434
          p_x           0.003488   0.000016

   28 C   s             0.003439   0.000018
          p_y          -0.001078   0.000003
          p_z           0.003846   0.000042
          p_x          -0.001439   0.000007

   29 H   s             0.202049   0.083035

   30 C   s             0.009509   0.000103
          p_y          -0.007612   0.000115
          p_z           0.016097   0.000487
          p_x          -0.000128  -0.000000

   31 C   s             0.016084   0.000418
          p_y           0.005084   0.000064
          p_z          -0.006598   0.000135
          p_x          -0.003553   0.000021

   32 H   s            -0.001722   0.000005

   33 C   s             0.022149   0.000436
          p_y          -0.000516   0.000001
          p_z          -0.023969   0.001028
          p_x           0.023669   0.001015

   34 H   s             0.001440   0.000002

   35 H   s             0.003646  -0.000000

   36 H   s             0.045193   0.002145

Eigenvector:  14    (up)

    1 C   s            -0.036572   0.001392
          p_y           0.011419   0.000254
          p_z          -0.023508   0.001028
          p_x          -0.002374   0.000013

    2 C   s             0.047677   0.003709
          p_y           0.003008   0.000011
          p_z          -0.018687   0.001034
          p_x           0.011085   0.000465

    3 C   s             0.029795   0.001068
          p_y          -0.015299   0.000588
          p_z           0.070061   0.011510
          p_x          -0.036686   0.002958

    4 C   s            -0.136267   0.036691
          p_y           0.027672   0.002295
          p_z          -0.047851   0.005379
          p_x           0.006189  -0.000140

    5 C   s             0.070980   0.006973
          p_y          -0.014306   0.000549
          p_z          -0.001315   0.000007
          p_x           0.030881   0.002621

    6 H   s            -0.039879   0.002657

    7 C   s            -0.126633   0.027556
          p_y          -0.005677   0.000165
          p_z           0.016192   0.000949
          p_x          -0.004833   0.000008

    8 C   s             0.178877   0.055696
          p_y          -0.015880   0.000731
          p_z           0.028908   0.002727
          p_x           0.007096   0.000110

    9 C   s            -0.156019   0.042690
          p_y           0.012475   0.000566
          p_z           0.018077   0.000028
          p_x          -0.064750   0.009147

   10 H   s             0.073031   0.008735

   11 C   s             0.066459   0.008601
          p_y           0.002030   0.000015
          p_z           0.002342   0.000022
          p_x          -0.006181   0.000144

   12 C   s            -0.086975   0.011949
          p_y          -0.008941   0.000249
          p_z          -0.011636   0.000478
          p_x           0.030087   0.002984

   13 H   s             0.108385   0.018369

   14 H   s            -0.043311   0.005845

   15 C   s             0.192423   0.041601
          p_y           0.053084   0.006501
          p_z          -0.060788   0.008689
          p_x          -0.057118   0.007537

   16 C   s            -0.112795   0.017628
          p_y          -0.033811   0.003311
          p_z           0.009679   0.001161
          p_x           0.074732   0.007253

   17 C   s             0.058288   0.006576
          p_y          -0.001588   0.000011
          p_z           0.005109   0.000090
          p_x          -0.001796   0.000007

   18 H   s            -0.017136   0.000963

   19 C   s            -0.029374   0.001480
          p_y           0.003731   0.000044
          p_z          -0.016796   0.001025
          p_x           0.008403   0.000287

   20 C   s             0.020251   0.001668
          p_y          -0.006279   0.000247
          p_z           0.006197   0.000169
          p_x           0.007452   0.000450

   21 C   s             0.056870   0.002280
          p_y          -0.101244   0.018436
          p_z           0.180535   0.055793
          p_x           0.001408   0.000038

   22 H   s            -0.010900  -0.000057

   23 C   s             0.037842   0.002390
          p_y          -0.004479   0.000061
          p_z          -0.002541   0.000028
          p_x           0.011537   0.000445

   24 H   s            -0.028689   0.001688

   25 H   s             0.009954   0.000321

   26 H   s             0.093921   0.005039

   27 C   s             0.118370   0.009826
          p_y           0.042606   0.003053
          p_z          -0.019591   0.000488
          p_x          -0.087668   0.013327

   28 C   s             0.224394   0.069572
          p_y           0.004391  -0.000025
          p_z          -0.046695   0.005701
          p_x           0.027463   0.002652

   29 H   s            -0.019118   0.000729

   30 C   s            -0.039571   0.001397
          p_y           0.087721   0.016438
          p_z          -0.128474   0.031664
          p_x          -0.056216   0.008243

   31 C   s            -0.102855   0.016248
          p_y          -0.045096   0.005256
          p_z           0.032853   0.003301
          p_x           0.059420   0.008444

   32 H   s            -0.106677   0.022732

   33 C   s            -0.202515   0.036559
          p_y           0.012286   0.000291
          p_z           0.184208   0.059728
          p_x          -0.199023   0.070424

   34 H   s            -0.120010   0.019203

   35 H   s            -0.013111   0.000003

   36 H   s            -0.345107   0.122756

Eigenvector:  15    (up)

    1 C   s             0.022181   0.000442
          p_y          -0.024827   0.001243
          p_z           0.043504   0.003693
          p_x           0.011254   0.000256

    2 C   s            -0.056284   0.005104
          p_y          -0.001669  -0.000001
          p_z           0.014057   0.000578
          p_x          -0.009197   0.000338

    3 C   s            -0.078689   0.007231
          p_y           0.021087   0.001073
          p_z          -0.082886   0.015790
          p_x           0.037723   0.003084

    4 C   s             0.223062   0.097045
          p_y          -0.036905   0.003664
          p_z           0.073556   0.010638
          p_x          -0.030428   0.000308

    5 C   s            -0.050964   0.003613
          p_y           0.020475   0.001105
          p_z           0.001655   0.000011
          p_x          -0.043667   0.005133

    6 H   s             0.045519   0.003423

    7 C   s             0.161915   0.044678
          p_y           0.011942   0.000621
          p_z          -0.032021   0.003507
          p_x           0.007322   0.000034

    8 C   s            -0.208536   0.074398
          p_y           0.014141   0.000498
          p_z          -0.023630   0.001688
          p_x          -0.008837   0.000145

    9 C   s             0.216554   0.084068
          p_y           0.003888  -0.000028
          p_z          -0.073643   0.009973
          p_x           0.096481   0.020811

   10 H   s            -0.115197   0.021056

   11 C   s            -0.082903   0.013282
          p_y          -0.004386   0.000076
          p_z           0.003587   0.000056
          p_x           0.005283   0.000102

   12 C   s             0.141676   0.031153
          p_y           0.008636   0.000233
          p_z           0.016816   0.000967
          p_x          -0.034809   0.003986

   13 H   s            -0.145902   0.032800

   14 H   s             0.054739   0.008966

   15 C   s            -0.180751   0.035130
          p_y          -0.062373   0.008905
          p_z           0.058477   0.007708
          p_x           0.079305   0.014865

   16 C   s            -0.060565   0.003483
          p_y           0.012986  -0.000088
          p_z          -0.052638   0.002389
          p_x           0.055499   0.005308

   17 C   s            -0.100502   0.019283
          p_y          -0.000877   0.000003
          p_z          -0.004035   0.000037
          p_x           0.005908   0.000102

   18 H   s             0.021803   0.001529

   19 C   s             0.030567   0.001573
          p_y          -0.007151   0.000166
          p_z           0.031129   0.003460
          p_x          -0.014959   0.000868

   20 C   s            -0.003824   0.000113
          p_y          -0.000626   0.000006
          p_z           0.003025   0.000246
          p_x          -0.001195   0.000073

   21 C   s             0.051388   0.002295
          p_y          -0.067213   0.007888
          p_z           0.164176   0.041816
          p_x          -0.043725   0.001415

   22 H   s             0.017105  -0.000163

   23 C   s            -0.089778   0.013236
          p_y           0.006347   0.000108
          p_z           0.004639   0.000104
          p_x          -0.017436   0.000994

   24 H   s             0.051581   0.005376

   25 H   s            -0.011584   0.000421

   26 H   s            -0.022083   0.000241

   27 C   s             0.047775   0.001432
          p_y           0.006316   0.000099
          p_z           0.020342   0.000655
          p_x          -0.041252   0.003118

   28 C   s             0.202795   0.055678
          p_y           0.006658   0.000011
          p_z          -0.034544   0.002916
          p_x           0.013575   0.000720

   29 H   s             0.047702   0.004468

   30 C   s            -0.029443   0.000664
          p_y           0.068326   0.009786
          p_z          -0.090907   0.015593
          p_x          -0.050891   0.006355

   31 C   s            -0.070488   0.007395
          p_y          -0.034033   0.002972
          p_z           0.019735   0.001151
          p_x           0.050453   0.006241

   32 H   s            -0.087766   0.015352

   33 C   s            -0.156777   0.021686
          p_y           0.010108   0.000198
          p_z           0.133933   0.030985
          p_x          -0.146197   0.037494

   34 H   s            -0.111195   0.015942

   35 H   s            -0.006913   0.000002

   36 H   s            -0.249558   0.063358

Eigenvector:  16    (up)

    1 C   s             0.084105   0.008239
          p_y          -0.034003   0.002228
          p_z          -0.064575   0.008411
          p_x           0.133815   0.035727

    2 C   s             0.149751   0.033862
          p_y          -0.033207   0.003401
          p_z           0.082412   0.018235
          p_x          -0.012138   0.000106

    3 C   s            -0.194169   0.041507
          p_y           0.009067   0.000179
          p_z          -0.028108   0.001712
          p_x           0.009492   0.000215

    4 C   s            -0.121788   0.026414
          p_y           0.031457   0.002040
          p_z          -0.055140   0.004450
          p_x           0.013978  -0.000160

    5 C   s            -0.227319   0.065566
          p_y          -0.003107   0.000036
          p_z           0.082953   0.017317
          p_x          -0.070560   0.012120

    6 H   s            -0.140377   0.029666

    7 C   s             0.065238   0.007248
          p_y           0.030219   0.002951
          p_z          -0.063193   0.011775
          p_x          -0.001410   0.000028

    8 C   s             0.014611   0.000263
          p_y          -0.017137   0.000760
          p_z           0.066654   0.012983
          p_x          -0.028821   0.002775

    9 C   s            -0.092749   0.015035
          p_y           0.013429   0.000569
          p_z           0.045484   0.003357
          p_x          -0.093360   0.018362

   10 H   s             0.030396   0.001577

   11 C   s            -0.291105   0.149557
          p_y          -0.011369   0.000421
          p_z          -0.002103   0.000005
          p_x           0.024811   0.001892

   12 C   s             0.121601   0.021452
          p_y           0.046503   0.006060
          p_z          -0.028345   0.002168
          p_x          -0.067419   0.013007

   13 H   s            -0.113392   0.017989

   14 H   s            -0.008628   0.000181

   15 C   s             0.236361   0.057191
          p_y           0.015465   0.000513
          p_z           0.016686   0.000505
          p_x          -0.052609   0.005828

   16 C   s             0.011532   0.000113
          p_y          -0.016674   0.000419
          p_z           0.032344   0.001239
          p_x          -0.002426  -0.000027

   17 C   s            -0.189078   0.063503
          p_y           0.030264   0.003316
          p_z          -0.036875   0.004374
          p_x          -0.025825   0.002752

   18 H   s             0.078083   0.017867

   19 C   s             0.233280   0.086153
          p_y          -0.000273  -0.000002
          p_z           0.001634   0.000004
          p_x          -0.001608   0.000034

   20 C   s             0.029710   0.003686
          p_y          -0.006325   0.000274
          p_z           0.004828   0.000001
          p_x           0.009300   0.001029

   21 C   s            -0.033434   0.001002
          p_y          -0.017311   0.000549
          p_z          -0.025682   0.000768
          p_x           0.076779   0.008832

   22 H   s            -0.001260   0.000000

   23 C   s             0.103859   0.016171
          p_y           0.029250   0.002775
          p_z           0.014359   0.000393
          p_x          -0.072158   0.015545

   24 H   s             0.113522   0.023704

   25 H   s            -0.068100   0.013898

   26 H   s             0.081241   0.003176

   27 C   s             0.029471   0.000678
          p_y           0.081729   0.008961
          p_z          -0.095508   0.012398
          p_x          -0.062341   0.005234

   28 C   s             0.035311   0.001698
          p_y          -0.008841   0.000193
          p_z           0.014225   0.000413
          p_x           0.007734   0.000177

   29 H   s            -0.072044   0.009303

   30 C   s            -0.006620   0.000045
          p_y           0.022217   0.000986
          p_z          -0.027276   0.001418
          p_x          -0.013182   0.000389

   31 C   s             0.058256   0.005168
          p_y           0.018731   0.000660
          p_z          -0.015977   0.000486
          p_x          -0.016608   0.000546

   32 H   s            -0.026854   0.001303

   33 C   s             0.023432   0.000479
          p_y          -0.039977   0.002447
          p_z           0.027831   0.001143
          p_x           0.062495   0.006047

   34 H   s            -0.032929   0.001301

   35 H   s             0.020430  -0.000025

   36 H   s             0.037338   0.001280

Eigenvector:  17    (up)

    1 C   s            -0.007338   0.000042
          p_y          -0.011223   0.000258
          p_z          -0.019125   0.000706
          p_x           0.039435   0.003105

    2 C   s             0.052714   0.004196
          p_y          -0.010299   0.000345
          p_z           0.014297   0.000553
          p_x           0.006771   0.000193

    3 C   s            -0.036009   0.001392
          p_y           0.009118   0.000167
          p_z           0.000584   0.000001
          p_x          -0.021298   0.000897

    4 C   s            -0.037049   0.002327
          p_y          -0.004725   0.000085
          p_z          -0.012442   0.000147
          p_x           0.008601   0.000063

    5 C   s            -0.047226   0.002782
          p_y          -0.007354   0.000139
          p_z           0.023871   0.001398
          p_x          -0.007076   0.000114

    6 H   s            -0.061851   0.005617

    7 C   s             0.011431   0.000231
          p_y           0.007212   0.000172
          p_z          -0.008623   0.000216
          p_x          -0.006851   0.000175

    8 C   s             0.042061   0.002786
          p_y          -0.003770   0.000025
          p_z           0.014071   0.000523
          p_x          -0.008474   0.000262

    9 C   s            -0.025508   0.001019
          p_y          -0.019096   0.000876
          p_z           0.012240   0.000323
          p_x          -0.015662   0.000620

   10 H   s             0.001197   0.000005

   11 C   s            -0.061370   0.006527
          p_y          -0.003100   0.000032
          p_z           0.000405   0.000001
          p_x           0.005889   0.000108

   12 C   s             0.005293   0.000040
          p_y           0.010431   0.000300
          p_z          -0.006679   0.000118
          p_x          -0.014750   0.000611

   13 H   s            -0.031803   0.001392

   14 H   s            -0.020249   0.000966

   15 C   s             0.041000   0.001638
          p_y           0.006884   0.000106
          p_z          -0.028143   0.001517
          p_x          -0.023394   0.001062

   16 C   s            -0.099728   0.012607
          p_y          -0.071412   0.010288
          p_z          -0.192948   0.048354
          p_x          -0.018248   0.003225

   17 C   s            -0.037118   0.002416
          p_y           0.007564   0.000202
          p_z          -0.009030   0.000263
          p_x          -0.006664   0.000172

   18 H   s             0.015586   0.000706

   19 C   s             0.045939   0.003291
          p_y           0.001805   0.000014
          p_z          -0.004433   0.000065
          p_x           0.000374  -0.000001

   20 C   s            -0.028202   0.003058
          p_y           0.006767   0.000150
          p_z          -0.019233   0.003769
          p_x          -0.008638   0.000295

   21 C   s             0.077634   0.004450
          p_y          -0.156697   0.034508
          p_z           0.031326  -0.000047
          p_x          -0.352792   0.184945

   22 H   s            -0.029034  -0.000543

   23 C   s             0.032147   0.001534
          p_y           0.007037   0.000162
          p_z           0.001122  -0.000002
          p_x          -0.015148   0.000674

   24 H   s             0.022669   0.000927

   25 H   s            -0.014431   0.000605

   26 H   s            -0.084186   0.003380

   27 C   s            -0.089624   0.006414
          p_y          -0.398863   0.206486
          p_z           0.017214   0.000525
          p_x           0.195945   0.049813

   28 C   s            -0.021364   0.000816
          p_y          -0.011195   0.000397
          p_z          -0.054968   0.005710
          p_x          -0.029045   0.002312

   29 H   s            -0.023851   0.000998

   30 C   s             0.031118   0.001061
          p_y          -0.143606   0.037389
          p_z           0.175906   0.055063
          p_x          -0.047988   0.003703

   31 C   s            -0.189239   0.054203
          p_y          -0.076184   0.011469
          p_z           0.034116   0.001468
          p_x           0.073209   0.011493

   32 H   s             0.021964   0.001016

   33 C   s            -0.029707   0.000895
          p_y           0.144116   0.031478
          p_z          -0.200412   0.059263
          p_x          -0.239993   0.087101

   34 H   s             0.060995   0.004221

   35 H   s            -0.066653  -0.000323

   36 H   s            -0.040015   0.001379

Eigenvector:  18    (up)

    1 C   s            -0.016851   0.000294
          p_y          -0.010142   0.000201
          p_z          -0.003551   0.000026
          p_x           0.028814   0.001636

    2 C   s             0.036221   0.001969
          p_y          -0.007355   0.000179
          p_z           0.005591   0.000087
          p_x           0.010235   0.000362

    3 C   s            -0.024335   0.000623
          p_y           0.009088   0.000162
          p_z           0.010829   0.000237
          p_x          -0.025320   0.001268

    4 C   s             0.000155  -0.000000
          p_y           0.007673   0.000187
          p_z           0.013387   0.000318
          p_x           0.005917   0.000146

    5 C   s            -0.022180   0.000610
          p_y          -0.005422   0.000074
          p_z           0.015609   0.000584
          p_x          -0.003038   0.000018

    6 H   s            -0.050343   0.003647

    7 C   s             0.002350   0.000013
          p_y           0.006208   0.000123
          p_z          -0.006349   0.000112
          p_x          -0.006347   0.000142

    8 C   s             0.047944   0.003643
          p_y           0.000238   0.000001
          p_z           0.009705   0.000256
          p_x          -0.002933   0.000036

    9 C   s            -0.013126   0.000287
          p_y           0.019337   0.001172
          p_z           0.006602   0.000077
          p_x           0.022741   0.001270

   10 H   s            -0.013910   0.000236

   11 C   s            -0.039660   0.002690
          p_y          -0.002723   0.000025
          p_z           0.002640   0.000027
          p_x           0.003035   0.000027

   12 C   s             0.005327   0.000038
          p_y           0.007071   0.000138
          p_z          -0.006519   0.000115
          p_x          -0.007921   0.000175

   13 H   s            -0.020534   0.000570

   14 H   s            -0.020762   0.001027

   15 C   s             0.014877   0.000216
          p_y           0.042740   0.003433
          p_z          -0.025608   0.001381
          p_x           0.001181   0.000001

   16 C   s            -0.021061   0.000794
          p_y           0.238186   0.109338
          p_z           0.091066   0.020162
          p_x           0.131902   0.026010

   17 C   s            -0.030706   0.001628
          p_y           0.004796   0.000079
          p_z          -0.005383   0.000086
          p_x          -0.004525   0.000081

   18 H   s             0.010040   0.000288

   19 C   s             0.033288   0.001706
          p_y           0.000999   0.000005
          p_z          -0.002280   0.000017
          p_x           0.000051  -0.000000

   20 C   s            -0.026195   0.002635
          p_y           0.015336   0.002405
          p_z          -0.009737   0.000685
          p_x          -0.001897   0.000002

   21 C   s             0.012858   0.000103
          p_y           0.362203   0.203939
          p_z           0.254197   0.094552
          p_x           0.065226   0.006894

   22 H   s            -0.018883  -0.000242

   23 C   s             0.018010   0.000475
          p_y           0.005248   0.000086
          p_z           0.001536   0.000002
          p_x          -0.011972   0.000412

   24 H   s             0.019979   0.000708

   25 H   s            -0.010562   0.000318

   26 H   s            -0.054177   0.001354

   27 C   s            -0.032416   0.000871
          p_y           0.244041   0.074165
          p_z           0.296129   0.114348
          p_x           0.260678   0.086725

   28 C   s            -0.043655   0.002465
          p_y           0.071503   0.012253
          p_z          -0.005228   0.000024
          p_x           0.024788   0.001303

   29 H   s            -0.013904   0.000334

   30 C   s             0.032609   0.000847
          p_y           0.027884   0.001088
          p_z           0.132207   0.031101
          p_x           0.107674   0.022086

   31 C   s            -0.135797   0.027530
          p_y          -0.028553   0.001040
          p_z           0.042731   0.003348
          p_x           0.057208   0.006934

   32 H   s             0.035318   0.002279

   33 C   s            -0.032295   0.000969
          p_y           0.189347   0.052096
          p_z          -0.071056   0.007280
          p_x          -0.113328   0.019248

   34 H   s             0.146303   0.024004

   35 H   s            -0.049738  -0.000193

   36 H   s            -0.063222   0.003470

Eigenvector:  19    (up)

    1 C   s            -0.123791   0.015940
          p_y          -0.041829   0.003573
          p_z          -0.039369   0.003083
          p_x           0.125106   0.031425

    2 C   s             0.170010   0.044248
          p_y          -0.042130   0.005876
          p_z           0.017153   0.000867
          p_x           0.069420   0.016009

    3 C   s            -0.023556   0.000517
          p_y           0.100919   0.020396
          p_z          -0.095833   0.018478
          p_x          -0.116084   0.026917

    4 C   s             0.009514   0.000230
          p_y          -0.016535   0.000895
          p_z           0.038054   0.004280
          p_x          -0.001344  -0.000014

    5 C   s            -0.126783   0.019407
          p_y          -0.071627   0.012265
          p_z           0.044080   0.004705
          p_x           0.104603   0.025934

    6 H   s            -0.273894   0.107687

    7 C   s             0.193618   0.059251
          p_y           0.022094   0.002084
          p_z           0.047145   0.005769
          p_x          -0.090580   0.027874

    8 C   s            -0.006205   0.000045
          p_y           0.016230   0.000936
          p_z          -0.018212   0.001123
          p_x          -0.016021   0.000947

    9 C   s             0.055247   0.004421
          p_y          -0.003271   0.000054
          p_z           0.003982   0.000152
          p_x           0.019167   0.000526

   10 H   s            -0.044730   0.002587

   11 C   s             0.080702   0.011464
          p_y           0.005209   0.000064
          p_z          -0.032428   0.003594
          p_x           0.020720   0.001691

   12 C   s            -0.271779   0.102029
          p_y           0.006881   0.000134
          p_z           0.049399   0.006886
          p_x          -0.061654   0.010634

   13 H   s            -0.337949   0.155309

   14 H   s            -0.021597   0.001006

   15 C   s            -0.000539   0.000002
          p_y          -0.014419   0.000405
          p_z           0.031201   0.001935
          p_x           0.003508   0.000023

   16 C   s             0.007787   0.000111
          p_y           0.019193   0.000684
          p_z          -0.022980   0.001063
          p_x           0.001516   0.000006

   17 C   s             0.198647   0.067223
          p_y           0.004391   0.000062
          p_z          -0.013239   0.000942
          p_x           0.003024   0.000109

   18 H   s            -0.039592   0.004040

   19 C   s            -0.168572   0.043422
          p_y           0.024802   0.001851
          p_z          -0.052628   0.008444
          p_x          -0.000960   0.000000

   20 C   s             0.004449   0.000085
          p_y          -0.000993   0.000010
          p_z           0.001502   0.000017
          p_x           0.001233   0.000025

   21 C   s            -0.011417   0.000109
          p_y           0.009476   0.000154
          p_z           0.009694   0.000047
          p_x          -0.011034   0.000091

   22 H   s             0.003997  -0.000008

   23 C   s             0.107885   0.017228
          p_y          -0.010463   0.000214
          p_z          -0.044551   0.006326
          p_x           0.063273   0.011150

   24 H   s            -0.146196   0.037706

   25 H   s             0.032750   0.003341

   26 H   s             0.011002   0.000058

   27 C   s            -0.001939   0.000001
          p_y           0.020147   0.000534
          p_z          -0.035832   0.001690
          p_x           0.016212   0.000320

   28 C   s             0.032689   0.001293
          p_y          -0.001733   0.000010
          p_z           0.009946   0.000250
          p_x          -0.002386   0.000013

   29 H   s            -0.093259   0.014853

   30 C   s            -0.010684   0.000068
          p_y           0.023768   0.001080
          p_z          -0.008020   0.000123
          p_x          -0.030399   0.001809

   31 C   s             0.033092   0.001648
          p_y           0.009468   0.000154
          p_z          -0.009999   0.000194
          p_x          -0.004642   0.000027

   32 H   s            -0.016257   0.000443

   33 C   s             0.001101   0.000002
          p_y          -0.020944   0.000632
          p_z           0.024169   0.000830
          p_x           0.029141   0.001235

   34 H   s            -0.063144   0.004464

   35 H   s             0.012212  -0.000011

   36 H   s             0.013831   0.000162

Eigenvector:  20    (up)

    1 C   s            -0.033209   0.001193
          p_y          -0.031616   0.001891
          p_z           0.031987   0.001924
          p_x           0.032868   0.001996

    2 C   s             0.027909   0.001180
          p_y          -0.012777   0.000514
          p_z          -0.000968   0.000000
          p_x           0.027129   0.002215

    3 C   s            -0.034983   0.001228
          p_y           0.014212   0.000384
          p_z           0.021580   0.000943
          p_x          -0.051268   0.005121

    4 C   s             0.079314   0.010106
          p_y          -0.014395   0.000359
          p_z           0.020963  -0.000184
          p_x          -0.025651   0.000206

    5 C   s            -0.008159   0.000085
          p_y          -0.008278   0.000165
          p_z           0.005596   0.000069
          p_x           0.011910   0.000352

    6 H   s            -0.072450   0.007230

    7 C   s             0.015265   0.000398
          p_y           0.013452   0.000569
          p_z          -0.008479   0.000194
          p_x          -0.020024   0.001321

    8 C   s             0.058324   0.005509
          p_y          -0.000563   0.000001
          p_z           0.000037   0.000000
          p_x           0.000030  -0.000000

    9 C   s             0.017702   0.000680
          p_y           0.008175   0.000035
          p_z          -0.070650   0.011085
          p_x           0.042268   0.004043

   10 H   s            -0.062762   0.005315

   11 C   s            -0.007177   0.000082
          p_y          -0.002281   0.000019
          p_z           0.003336   0.000039
          p_x           0.001516   0.000009

   12 C   s            -0.007280   0.000078
          p_y           0.007016   0.000139
          p_z          -0.005351   0.000082
          p_x          -0.009264   0.000241

   13 H   s            -0.063563   0.005291

   14 H   s            -0.025079   0.001469

   15 C   s            -0.036190   0.001082
          p_y           0.019703   0.000769
          p_z          -0.074016   0.010768
          p_x           0.012479   0.000360

   16 C   s             0.050968   0.004026
          p_y          -0.153802   0.046794
          p_z           0.162072   0.034019
          p_x          -0.042703  -0.003035

   17 C   s            -0.011603   0.000226
          p_y           0.001104   0.000004
          p_z          -0.001237   0.000004
          p_x          -0.001032   0.000004

   18 H   s            -0.000731   0.000000

   19 C   s             0.013011   0.000258
          p_y           0.001221   0.000006
          p_z          -0.000514   0.000001
          p_x          -0.002074   0.000016

   20 C   s            -0.010995   0.000507
          p_y          -0.000583  -0.000004
          p_z          -0.000395  -0.000012
          p_x          -0.005328   0.000652

   21 C   s             0.036780   0.001775
          p_y          -0.161713   0.043694
          p_z          -0.130304   0.015282
          p_x           0.253222   0.085593

   22 H   s             0.042449  -0.001206

   23 C   s             0.004364   0.000027
          p_y           0.002261   0.000015
          p_z           0.000324   0.000000
          p_x          -0.004855   0.000066

   24 H   s             0.008029   0.000110

   25 H   s            -0.006493   0.000107

   26 H   s            -0.012890   0.000094

   27 C   s             0.028216   0.000572
          p_y          -0.023544   0.000744
          p_z           0.171692   0.037410
          p_x          -0.386786   0.183251

   28 C   s            -0.102554   0.011406
          p_y          -0.013034   0.000297
          p_z          -0.053240   0.007914
          p_x           0.037371   0.003830

   29 H   s            -0.004274   0.000030

   30 C   s             0.084725   0.004336
          p_y          -0.134151   0.033707
          p_z          -0.079453   0.010037
          p_x           0.235000   0.102947

   31 C   s            -0.142793   0.029642
          p_y          -0.043882   0.003403
          p_z           0.044357   0.003971
          p_x           0.013000   0.000054

   32 H   s             0.037091   0.001669

   33 C   s            -0.012344   0.000186
          p_y           0.052449   0.003652
          p_z          -0.083807   0.009386
          p_x          -0.122537   0.020628

   34 H   s             0.436922   0.206453

   35 H   s            -0.047870  -0.000170

   36 H   s            -0.105069   0.009066

Eigenvector:  21    (up)

    1 C   s             0.155190   0.024597
          p_y           0.034312   0.002337
          p_z          -0.054358   0.005455
          p_x          -0.016253   0.000581

    2 C   s            -0.060748   0.005628
          p_y           0.016318   0.000935
          p_z           0.048710   0.005271
          p_x          -0.081175   0.017926

    3 C   s            -0.083153   0.007131
          p_y          -0.028275   0.001419
          p_z          -0.103242   0.020135
          p_x           0.159539   0.047229

    4 C   s            -0.103582   0.016791
          p_y           0.053191   0.005916
          p_z          -0.065657   0.004674
          p_x          -0.009483   0.000982

    5 C   s            -0.055679   0.003563
          p_y           0.020628   0.000987
          p_z          -0.027450   0.001599
          p_x          -0.018451   0.000882

    6 H   s             0.179447   0.042562

    7 C   s             0.082020   0.009775
          p_y           0.003771   0.000039
          p_z          -0.026151   0.001823
          p_x           0.017779   0.000859

    8 C   s            -0.212031   0.068109
          p_y          -0.019238   0.001184
          p_z           0.058265   0.008989
          p_x          -0.018791   0.000635

    9 C   s            -0.020703   0.001000
          p_y           0.035738   0.003127
          p_z           0.053430   0.005117
          p_x          -0.137422   0.038715

   10 H   s             0.131008   0.022602

   11 C   s             0.079121   0.010114
          p_y           0.015712   0.000787
          p_z          -0.040929   0.005455
          p_x           0.006916   0.000170

   12 C   s             0.012145   0.000251
          p_y          -0.011190   0.000329
          p_z           0.044846   0.005195
          p_x          -0.021474   0.001174

   13 H   s            -0.073565   0.006802

   14 H   s             0.091699   0.019026

   15 C   s             0.210838   0.042131
          p_y          -0.064266   0.007650
          p_z           0.143890   0.037517
          p_x          -0.003746   0.000017

   16 C   s             0.008437   0.000098
          p_y           0.008212   0.000190
          p_z          -0.004249   0.000121
          p_x           0.021478   0.000855

   17 C   s             0.153323   0.038137
          p_y          -0.011952   0.000454
          p_z           0.003027  -0.000028
          p_x           0.020947   0.001754

   18 H   s            -0.020767   0.001136

   19 C   s            -0.120362   0.021010
          p_y          -0.004321   0.000073
          p_z           0.017627   0.000924
          p_x          -0.007813   0.000119

   20 C   s             0.062789   0.013036
          p_y          -0.013802   0.001117
          p_z           0.015294   0.000711
          p_x           0.018591   0.003136

   21 C   s            -0.074829   0.004752
          p_y          -0.023160   0.000805
          p_z           0.013710   0.000119
          p_x           0.084396   0.011398

   22 H   s             0.002078  -0.000004

   23 C   s            -0.047099   0.003093
          p_y          -0.024199   0.001630
          p_z          -0.013282   0.000368
          p_x           0.061181   0.009865

   24 H   s            -0.128378   0.027032

   25 H   s             0.036441   0.003539

   26 H   s             0.070774   0.001815

   27 C   s             0.068851   0.003247
          p_y           0.140463   0.023764
          p_z          -0.204040   0.051459
          p_x          -0.042245   0.002075

   28 C   s             0.129227   0.020208
          p_y          -0.033672   0.002863
          p_z           0.016942   0.000589
          p_x           0.053741   0.007282

   29 H   s             0.041174   0.002724

   30 C   s             0.033319   0.000527
          p_y          -0.082928   0.011578
          p_z           0.137751   0.030605
          p_x           0.041415   0.003238

   31 C   s            -0.084215   0.010113
          p_y          -0.038516   0.002719
          p_z           0.003315  -0.000041
          p_x           0.068160   0.010011

   32 H   s            -0.132827   0.028133

   33 C   s             0.044074   0.001216
          p_y           0.136800   0.025391
          p_z          -0.167761   0.038200
          p_x          -0.122737   0.020473

   34 H   s             0.200102   0.040938

   35 H   s            -0.025979  -0.000081

   36 H   s             0.017439   0.000327

Eigenvector:  22    (up)

    1 C   s            -0.237027   0.052849
          p_y           0.082550   0.011349
          p_z          -0.079950   0.011350
          p_x          -0.092486   0.013842

    2 C   s             0.076609   0.008633
          p_y           0.031428   0.002075
          p_z          -0.120022   0.031691
          p_x           0.051727   0.006059

    3 C   s             0.235120   0.055059
          p_y           0.047898   0.003814
          p_z          -0.059964   0.006385
          p_x          -0.040077   0.002531

    4 C   s            -0.000923  -0.000017
          p_y          -0.015839   0.000462
          p_z           0.093579   0.021449
          p_x          -0.045827   0.005631

    5 C   s             0.109640   0.013890
          p_y          -0.049848   0.005259
          p_z           0.093716   0.018633
          p_x           0.016999   0.000619

    6 H   s            -0.101293   0.013193

    7 C   s            -0.036536   0.002366
          p_y          -0.067483   0.011982
          p_z           0.114641   0.032067
          p_x           0.031096   0.003128

    8 C   s            -0.067511   0.006722
          p_y           0.025308   0.001509
          p_z          -0.088079   0.019405
          p_x           0.033652   0.003029

    9 C   s             0.130018   0.022589
          p_y           0.011962   0.000060
          p_z          -0.001116  -0.000083
          p_x           0.033358   0.000329

   10 H   s             0.156315   0.029376

   11 C   s            -0.130615   0.026925
          p_y          -0.021318   0.001374
          p_z           0.054213   0.009127
          p_x          -0.008106   0.000231

   12 C   s            -0.127072   0.020831
          p_y          -0.029746   0.002296
          p_z           0.019753   0.001102
          p_x           0.043726   0.004804

   13 H   s             0.214134   0.054982

   14 H   s             0.037184   0.002760

   15 C   s            -0.110375   0.011260
          p_y          -0.069783   0.008743
          p_z           0.099115   0.017497
          p_x           0.063361   0.007525

   16 C   s             0.039433   0.002119
          p_y           0.025616   0.001182
          p_z          -0.038260   0.003901
          p_x          -0.006582  -0.000135

   17 C   s            -0.164350   0.042617
          p_y           0.032689   0.003232
          p_z          -0.024596   0.001422
          p_x          -0.042642   0.006130

   18 H   s             0.041725   0.004177

   19 C   s             0.009945   0.000121
          p_y           0.023442   0.001552
          p_z          -0.077983   0.016565
          p_x           0.025926   0.001712

   20 C   s             0.033416   0.003214
          p_y          -0.011492   0.000796
          p_z           0.021743   0.002799
          p_x           0.006250   0.000266

   21 C   s            -0.077146   0.004707
          p_y          -0.003545   0.000022
          p_z          -0.030110   0.001725
          p_x           0.044164   0.003533

   22 H   s             0.015347  -0.000141

   23 C   s             0.157831   0.034058
          p_y           0.043991   0.005536
          p_z          -0.036529   0.004353
          p_x          -0.054149   0.007575

   24 H   s             0.145022   0.032950

   25 H   s             0.000307  -0.000001

   26 H   s             0.017671   0.000073

   27 C   s             0.061752   0.002674
          p_y           0.107940   0.013529
          p_z          -0.181254   0.039279
          p_x          -0.038732   0.001613

   28 C   s             0.129240   0.019516
          p_y          -0.045800   0.004868
          p_z           0.043626   0.003825
          p_x           0.046257   0.005247

   29 H   s            -0.185741   0.052543

   30 C   s             0.009907   0.000004
          p_y          -0.042118   0.002816
          p_z           0.079016   0.009625
          p_x           0.006306   0.000084

   31 C   s            -0.023594   0.000752
          p_y          -0.019586   0.000769
          p_z          -0.010380   0.000303
          p_x           0.047843   0.004982

   32 H   s            -0.143239   0.031272

   33 C   s             0.031559   0.000633
          p_y           0.070950   0.006571
          p_z          -0.092843   0.011293
          p_x          -0.062079   0.005013

   34 H   s             0.099895   0.009749

   35 H   s            -0.003274  -0.000003

   36 H   s             0.017427   0.000289

Eigenvector:  23    (up)

    1 C   s            -0.035294   0.000797
          p_y           0.083630   0.012163
          p_z          -0.135582   0.031721
          p_x          -0.038698   0.002683

    2 C   s             0.052181   0.003363
          p_y           0.042938   0.004587
          p_z          -0.033678   0.002536
          p_x          -0.056780   0.008483

    3 C   s            -0.010305   0.000053
          p_y           0.000772  -0.000002
          p_z          -0.114489   0.022758
          p_x           0.112173   0.022712

    4 C   s            -0.078880   0.007955
          p_y           0.050768   0.006340
          p_z           0.021289   0.002137
          p_x          -0.098492   0.029269

    5 C   s             0.012816   0.000206
          p_y          -0.017830   0.000624
          p_z           0.080573   0.013617
          p_x          -0.038108   0.003227

    6 H   s             0.091629   0.010040

    7 C   s             0.053803   0.003762
          p_y          -0.025023   0.001670
          p_z           0.015454   0.000570
          p_x           0.038181   0.004058

    8 C   s            -0.145535   0.030085
          p_y          -0.021556   0.001437
          p_z           0.047488   0.005645
          p_x          -0.000937  -0.000019

    9 C   s             0.080896   0.007478
          p_y           0.070853   0.009836
          p_z          -0.012559  -0.000195
          p_x          -0.097084   0.023646

   10 H   s             0.327189   0.129535

   11 C   s            -0.088441   0.012107
          p_y           0.000287   0.000001
          p_z          -0.007546   0.000163
          p_x           0.006665   0.000104

   12 C   s            -0.038912   0.001787
          p_y          -0.032997   0.002700
          p_z           0.070435   0.012261
          p_x          -0.000396   0.000000

   13 H   s             0.036218   0.001530

   14 H   s             0.079224   0.013114

   15 C   s             0.135427   0.018041
          p_y          -0.053450   0.005105
          p_z           0.023346   0.000792
          p_x           0.096726   0.017636

   16 C   s             0.022380   0.000599
          p_y          -0.017204   0.000609
          p_z          -0.011127  -0.000086
          p_x           0.037865   0.001715

   17 C   s             0.019187   0.000550
          p_y           0.021300   0.001326
          p_z          -0.033787   0.003627
          p_x          -0.011229   0.000277

   18 H   s             0.035171   0.002795

   19 C   s            -0.111534   0.017266
          p_y           0.010937   0.000295
          p_z          -0.031910   0.002676
          p_x           0.007777   0.000186

   20 C   s            -0.062094   0.010801
          p_y           0.022691   0.002416
          p_z          -0.037233   0.006200
          p_x          -0.017071   0.001652

   21 C   s             0.098887   0.008374
          p_y          -0.036569   0.001669
          p_z           0.073846   0.007500
          p_x          -0.031337   0.001461

   22 H   s             0.000671  -0.000001

   23 C   s             0.078553   0.008364
          p_y           0.011276   0.000418
          p_z          -0.052323   0.007525
          p_x           0.026528   0.001628

   24 H   s            -0.036388   0.002020

   25 H   s             0.038151   0.003435

   26 H   s            -0.070792   0.001949

   27 C   s            -0.132127   0.011980
          p_y          -0.156292   0.027864
          p_z           0.346303   0.140513
          p_x          -0.043706   0.002426

   28 C   s            -0.154833   0.027837
          p_y           0.070697   0.010981
          p_z          -0.080749   0.012682
          p_x          -0.064494   0.009737

   29 H   s            -0.117371   0.020340

   30 C   s             0.017518   0.000417
          p_y           0.037467   0.001990
          p_z          -0.148083   0.032915
          p_x           0.050518   0.004133

   31 C   s             0.002668   0.000014
          p_y           0.014742   0.000478
          p_z           0.020962   0.001022
          p_x          -0.055125   0.006741

   32 H   s             0.202561   0.060154

   33 C   s            -0.066842   0.003030
          p_y          -0.090570   0.010533
          p_z           0.120269   0.018624
          p_x           0.055036   0.003895

   34 H   s            -0.056530   0.002878

   35 H   s            -0.003665   0.000002

   36 H   s            -0.064852   0.003454

Eigenvector:  24    (up)

    1 C   s             0.010857   0.000112
          p_y          -0.028272   0.001095
          p_z          -0.022103   0.000910
          p_x           0.083964   0.010594

    2 C   s             0.005906  -0.000045
          p_y           0.059024   0.008360
          p_z          -0.019709   0.000932
          p_x          -0.103731   0.025567

    3 C   s            -0.092491   0.007553
          p_y           0.033741   0.001833
          p_z          -0.045396   0.003552
          p_x          -0.023532   0.000760

    4 C   s             0.051988   0.003109
          p_y          -0.045118   0.004626
          p_z           0.032791   0.000942
          p_x           0.071605   0.015602

    5 C   s             0.113984   0.013220
          p_y           0.024659   0.001211
          p_z           0.072934   0.010419
          p_x          -0.117622   0.027262

    6 H   s             0.240580   0.066937

    7 C   s             0.035700   0.001638
          p_y          -0.012075   0.000416
          p_z          -0.009899   0.000158
          p_x           0.034728   0.003047

    8 C   s             0.093532   0.011584
          p_y           0.001979   0.000041
          p_z           0.048431   0.004931
          p_x          -0.048171   0.006396

    9 C   s            -0.046952   0.002563
          p_y          -0.034096   0.002189
          p_z           0.002305  -0.000017
          p_x           0.106256   0.023694

   10 H   s            -0.248550   0.070606

   11 C   s            -0.148309   0.032669
          p_y           0.005846   0.000139
          p_z           0.001984  -0.000001
          p_x          -0.013917   0.000667

   12 C   s             0.044396   0.002245
          p_y          -0.077707   0.013230
          p_z           0.108208   0.026131
          p_x           0.052919   0.005915

   13 H   s             0.028195   0.000884

   14 H   s            -0.070538   0.009578

   15 C   s             0.024364   0.000304
          p_y           0.081444   0.011003
          p_z          -0.052830   0.004333
          p_x          -0.112016   0.021497

   16 C   s            -0.019163   0.000362
          p_y           0.096330   0.013946
          p_z           0.089889   0.012884
          p_x           0.047594   0.003842

   17 C   s             0.006796   0.000074
          p_y           0.038118   0.003943
          p_z          -0.057256   0.009416
          p_x          -0.023133   0.001254

   18 H   s             0.082379   0.014038

   19 C   s            -0.224303   0.066119
          p_y          -0.000053   0.000000
          p_z          -0.021494   0.001196
          p_x           0.019926   0.001264

   20 C   s             0.021039   0.001210
          p_y          -0.012525   0.000671
          p_z           0.003857  -0.000033
          p_x           0.005731   0.000121

   21 C   s             0.004202   0.000013
          p_y           0.127714   0.020058
          p_z           0.076517   0.007817
          p_x           0.068700   0.005712

   22 H   s             0.000428   0.000000

   23 C   s             0.092722   0.011498
          p_y           0.019283   0.001106
          p_z          -0.104948   0.027263
          p_x           0.059557   0.007690

   24 H   s            -0.041319   0.002443

   25 H   s             0.095829   0.019993

   26 H   s             0.037920   0.000586

   27 C   s             0.028564   0.000546
          p_y          -0.116885   0.013745
          p_z          -0.136982   0.020022
          p_x          -0.057269   0.003387

   28 C   s            -0.007932   0.000062
          p_y           0.023919   0.001152
          p_z          -0.002665   0.000016
          p_x           0.003483   0.000017

   29 H   s            -0.204691   0.057491

   30 C   s            -0.016970   0.000246
          p_y          -0.174109   0.043183
          p_z          -0.059730   0.005236
          p_x          -0.112074   0.018351

   31 C   s            -0.004680   0.000024
          p_y          -0.057882   0.006904
          p_z          -0.032662   0.002117
          p_x          -0.036853   0.002677

   32 H   s             0.019935   0.000535

   33 C   s             0.025399   0.000440
          p_y          -0.269752   0.086504
          p_z          -0.134314   0.021538
          p_x          -0.130911   0.020380

   34 H   s            -0.014128   0.000202

   35 H   s             0.002392  -0.000002

   36 H   s             0.021497   0.000352

Eigenvector:  25    (up)

    1 C   s            -0.012948   0.000163
          p_y           0.026805   0.001035
          p_z           0.015138   0.000405
          p_x          -0.052388   0.004046

    2 C   s            -0.004078  -0.000024
          p_y          -0.040016   0.003848
          p_z           0.015821   0.000589
          p_x           0.072709   0.012523

    3 C   s             0.070650   0.004394
          p_y          -0.014405   0.000338
          p_z           0.026635   0.001217
          p_x           0.016990   0.000405

    4 C   s            -0.028898   0.000975
          p_y           0.055193   0.006717
          p_z           0.004845   0.000131
          p_x          -0.033232   0.003517

    5 C   s            -0.082819   0.006972
          p_y          -0.014918   0.000447
          p_z          -0.049147   0.004719
          p_x           0.077483   0.011835

    6 H   s            -0.169602   0.033195

    7 C   s            -0.022950   0.000707
          p_y           0.004603   0.000068
          p_z           0.011082   0.000223
          p_x          -0.017347   0.000763

    8 C   s            -0.063770   0.005432
          p_y           0.002769  -0.000009
          p_z          -0.032171   0.002179
          p_x           0.032953   0.002938

    9 C   s             0.024977   0.000678
          p_y           0.064646   0.008465
          p_z           0.018323   0.000775
          p_x          -0.039239   0.003351

   10 H   s             0.153293   0.027007

   11 C   s             0.098912   0.014551
          p_y          -0.003277   0.000046
          p_z          -0.003570   0.000020
          p_x           0.010385   0.000361

   12 C   s            -0.025558   0.000740
          p_y           0.053317   0.006201
          p_z          -0.073102   0.011902
          p_x          -0.036318   0.002764

   13 H   s            -0.001266   0.000002

   14 H   s             0.047980   0.004383

   15 C   s            -0.012426   0.000074
          p_y          -0.039224   0.002535
          p_z           0.051112   0.004134
          p_x           0.068979   0.008200

   16 C   s             0.023068   0.000449
          p_y           0.164876   0.042791
          p_z           0.070090   0.008071
          p_x           0.101963   0.014665

   17 C   s            -0.000571   0.000001
          p_y          -0.026077   0.001845
          p_z           0.038365   0.004209
          p_x           0.016646   0.000663

   18 H   s            -0.055499   0.006354

   19 C   s             0.154018   0.031115
          p_y          -0.000662  -0.000002
          p_z           0.016114   0.000668
          p_x          -0.013343   0.000568

   20 C   s             0.004678   0.000044
          p_y          -0.009956   0.000627
          p_z           0.000478   0.000004
          p_x          -0.004646   0.000118

   21 C   s            -0.001937   0.000002
          p_y           0.181794   0.041885
          p_z           0.142977   0.024261
          p_x           0.081920   0.008934

   22 H   s            -0.004884  -0.000015

   23 C   s            -0.065061   0.005659
          p_y          -0.014424   0.000610
          p_z           0.073076   0.013212
          p_x          -0.039386   0.003347

   24 H   s             0.022957   0.000755

   25 H   s            -0.064902   0.009179

   26 H   s            -0.008802   0.000035

   27 C   s            -0.000680   0.000000
          p_y          -0.203932   0.042388
          p_z          -0.107675   0.011877
          p_x          -0.105016   0.011649

   28 C   s            -0.015412   0.000277
          p_y           0.042768   0.003597
          p_z          -0.012549   0.000250
          p_x          -0.003061   0.000034

   29 H   s             0.144186   0.028499

   30 C   s            -0.013467   0.000142
          p_y          -0.258923   0.096008
          p_z          -0.125648   0.022852
          p_x          -0.143353   0.029605

   31 C   s            -0.011199   0.000129
          p_y          -0.089336   0.016344
          p_z          -0.047276   0.004448
          p_x          -0.056567   0.006380

   32 H   s             0.043441   0.002614

   33 C   s             0.017158   0.000200
          p_y          -0.419917   0.209604
          p_z          -0.184695   0.040644
          p_x          -0.197469   0.046238

   34 H   s            -0.013974   0.000182

   35 H   s             0.003140  -0.000005

   36 H   s             0.007667   0.000049

Eigenvector:  26    (up)

    1 C   s            -0.149175   0.018681
          p_y           0.013825   0.000246
          p_z          -0.088570   0.012737
          p_x           0.061914   0.006652

    2 C   s             0.058834   0.005325
          p_y          -0.046035   0.004863
          p_z           0.056368   0.006929
          p_x           0.044383   0.004599

    3 C   s             0.094663   0.008213
          p_y           0.069553   0.007227
          p_z          -0.079393   0.010168
          p_x          -0.062645   0.005335

    4 C   s            -0.008621   0.000020
          p_y          -0.031565   0.002107
          p_z           0.085477   0.015018
          p_x          -0.003479  -0.000025

    5 C   s            -0.201878   0.041767
          p_y           0.044284   0.003501
          p_z           0.059352   0.006968
          p_x          -0.142581   0.037956

    6 H   s            -0.227284   0.058806

    7 C   s             0.029970   0.000344
          p_y          -0.082879   0.016754
          p_z           0.020006   0.000866
          p_x           0.157563   0.060895

    8 C   s             0.056956   0.003944
          p_y           0.012868   0.000477
          p_z          -0.021507   0.001091
          p_x          -0.001884   0.000034

    9 C   s             0.057736   0.004018
          p_y          -0.010057   0.000346
          p_z           0.006999   0.000408
          p_x           0.062857   0.005451

   10 H   s             0.002407   0.000006

   11 C   s            -0.144480   0.028625
          p_y           0.029801   0.002638
          p_z          -0.103733   0.028992
          p_x           0.039192   0.003477

   12 C   s             0.229642   0.061489
          p_y           0.010480   0.000144
          p_z           0.019787   0.000959
          p_x          -0.038695   0.002792

   13 H   s             0.416757   0.188409

   14 H   s            -0.023662   0.001239

   15 C   s            -0.030950   0.000924
          p_y           0.012637   0.000255
          p_z          -0.008212   0.000083
          p_x          -0.004600   0.000037

   16 C   s             0.025215   0.000804
          p_y           0.008369   0.000094
          p_z          -0.018593   0.000849
          p_x          -0.015423   0.000027

   17 C   s             0.205294   0.061990
          p_y           0.004462   0.000037
          p_z          -0.058280   0.010777
          p_x           0.046554   0.007373

   18 H   s             0.054598   0.006538

   19 C   s             0.008001   0.000023
          p_y          -0.036434   0.003235
          p_z           0.089658   0.019232
          p_x          -0.009380   0.000185

   20 C   s            -0.007581   0.000142
          p_y           0.001924   0.000017
          p_z          -0.001260  -0.000001
          p_x          -0.002712   0.000046

   21 C   s            -0.016461   0.000165
          p_y           0.004577   0.000024
          p_z          -0.030498   0.001271
          p_x          -0.000837  -0.000002

   22 H   s             0.009442  -0.000052

   23 C   s            -0.097239   0.012343
          p_y          -0.057875   0.008217
          p_z           0.035380   0.003417
          p_x           0.084139   0.016502

   24 H   s            -0.296558   0.123475

   25 H   s             0.022869   0.000993

   26 H   s            -0.004917   0.000008

   27 C   s            -0.009484   0.000045
          p_y           0.000256  -0.000000
          p_z           0.023615   0.000596
          p_x          -0.015939   0.000241

   28 C   s             0.023355   0.000614
          p_y          -0.018653   0.000693
          p_z           0.021191   0.000794
          p_x           0.011818   0.000315

   29 H   s             0.179323   0.043877

   30 C   s             0.007220   0.000042
          p_y           0.004032   0.000020
          p_z          -0.009605   0.000128
          p_x           0.012932   0.000256

   31 C   s             0.003262   0.000017
          p_y          -0.000180   0.000000
          p_z          -0.002173   0.000006
          p_x           0.008606   0.000152

   32 H   s            -0.041488   0.002376

   33 C   s            -0.006751   0.000033
          p_y           0.007562   0.000066
          p_z           0.006113   0.000044
          p_x           0.000830   0.000001

   34 H   s             0.010530   0.000103

   35 H   s             0.003433  -0.000001

   36 H   s            -0.009362   0.000061

Eigenvector:  27    (up)

    1 C   s            -0.056170   0.002715
          p_y          -0.009879   0.000181
          p_z           0.047287   0.003441
          p_x          -0.037453   0.001916

    2 C   s            -0.037101   0.001170
          p_y          -0.024856   0.001386
          p_z          -0.014243   0.000335
          p_x           0.063945   0.008597

    3 C   s             0.071683   0.004397
          p_y           0.026089   0.000979
          p_z          -0.076086   0.008766
          p_x           0.010401   0.000203

    4 C   s             0.026487   0.000873
          p_y          -0.015519   0.000564
          p_z          -0.020002   0.001277
          p_x           0.005460   0.000285

    5 C   s            -0.018648   0.000312
          p_y           0.001119  -0.000001
          p_z          -0.021553   0.000799
          p_x           0.016316   0.000539

    6 H   s            -0.116773   0.014692

    7 C   s             0.040939   0.001537
          p_y          -0.040840   0.003642
          p_z           0.041620   0.003455
          p_x           0.044413   0.004616

    8 C   s            -0.075153   0.007638
          p_y          -0.007260   0.000135
          p_z           0.000322  -0.000000
          p_x           0.007298   0.000145

    9 C   s            -0.045827   0.002228
          p_y          -0.001363   0.000004
          p_z          -0.047303   0.004893
          p_x          -0.001662  -0.000029

   10 H   s            -0.170537   0.030353

   11 C   s             0.018323   0.000490
          p_y          -0.004014   0.000046
          p_z           0.006082   0.000102
          p_x           0.002159   0.000014

   12 C   s             0.008446   0.000070
          p_y          -0.000941   0.000004
          p_z           0.010923   0.000249
          p_x          -0.009395   0.000142

   13 H   s             0.121930   0.015484

   14 H   s             0.057004   0.005498

   15 C   s             0.071187   0.003986
          p_y          -0.023970   0.000888
          p_z           0.079385   0.009562
          p_x          -0.054139   0.004487

   16 C   s            -0.113609   0.010311
          p_y          -0.082015   0.012239
          p_z           0.056489   0.009487
          p_x           0.112614   0.013080

   17 C   s            -0.013961   0.000277
          p_y          -0.001946   0.000010
          p_z           0.006933   0.000142
          p_x          -0.002711   0.000025

   18 H   s            -0.015622   0.000449

   19 C   s             0.002933   0.000008
          p_y           0.000064   0.000000
          p_z          -0.004585   0.000049
          p_x           0.004069   0.000034

   20 C   s             0.086654   0.018043
          p_y          -0.027316   0.002736
          p_z           0.033357   0.003337
          p_x           0.029561   0.003973

   21 C   s             0.166119   0.020689
          p_y          -0.182173   0.041340
          p_z           0.268542   0.088926
          p_x           0.051297   0.003849

   22 H   s             0.006780  -0.000049

   23 C   s             0.005515   0.000036
          p_y           0.003577   0.000029
          p_z           0.000363  -0.000000
          p_x          -0.007644   0.000124

   24 H   s             0.024427   0.000801

   25 H   s             0.003972   0.000022

   26 H   s             0.078440   0.002146

   27 C   s             0.090290   0.004357
          p_y           0.126903   0.017899
          p_z          -0.300328   0.094524
          p_x           0.003020  -0.000048

   28 C   s            -0.131961   0.020605
          p_y           0.187109   0.066017
          p_z          -0.231751   0.092323
          p_x          -0.133473   0.036449

   29 H   s            -0.008750   0.000099

   30 C   s            -0.046900   0.001877
          p_y           0.029227   0.001351
          p_z           0.126200   0.021249
          p_x          -0.052422   0.004143

   31 C   s            -0.036962   0.002094
          p_y           0.028090   0.002065
          p_z           0.033295   0.001473
          p_x          -0.036034   0.002812

   32 H   s             0.414648   0.222575

   33 C   s             0.059254   0.002382
          p_y           0.115524   0.015370
          p_z          -0.015116   0.000267
          p_x           0.037304   0.001505

   34 H   s            -0.010538   0.000142

   35 H   s            -0.037279  -0.000175

   36 H   s             0.071178   0.003468

Eigenvector:  28    (up)

    1 C   s             0.034574   0.000876
          p_y           0.037490   0.002247
          p_z          -0.069577   0.007480
          p_x          -0.012268   0.000330

    2 C   s             0.107108   0.011243
          p_y           0.052908   0.005630
          p_z          -0.039872   0.003064
          p_x          -0.073058   0.010893

    3 C   s            -0.082300   0.005480
          p_y          -0.082901   0.009738
          p_z           0.217920   0.069666
          p_x          -0.037853   0.002429

    4 C   s             0.080753   0.007878
          p_y          -0.019927  -0.000467
          p_z           0.135245   0.019997
          p_x          -0.133987   0.028173

    5 C   s             0.036169   0.001121
          p_y          -0.021129   0.000696
          p_z           0.113265   0.021739
          p_x          -0.057471   0.005942

    6 H   s             0.121372   0.014937

    7 C   s            -0.118805   0.013712
          p_y           0.087994   0.016080
          p_z          -0.095011   0.017295
          p_x          -0.094370   0.019784

    8 C   s             0.122474   0.020406
          p_y           0.025556   0.001290
          p_z          -0.060998   0.006910
          p_x           0.012913   0.000320

    9 C   s             0.047154   0.003453
          p_y           0.043209   0.002331
          p_z          -0.164484   0.033060
          p_x           0.162442   0.032144

   10 H   s             0.463155   0.216055

   11 C   s            -0.131471   0.023239
          p_y           0.011945   0.000416
          p_z          -0.027452   0.001936
          p_x           0.003111  -0.000001

   12 C   s             0.007991   0.000084
          p_y           0.011404   0.000305
          p_z          -0.040655   0.003204
          p_x           0.017991   0.000453

   13 H   s            -0.228426   0.052332

   14 H   s            -0.090353   0.013530

   15 C   s            -0.235821   0.041351
          p_y           0.039808   0.002146
          p_z          -0.100618   0.015355
          p_x           0.043856   0.003682

   16 C   s            -0.069223   0.005159
          p_y          -0.027154   0.001190
          p_z           0.052396   0.005655
          p_x           0.029558   0.000787

   17 C   s             0.070506   0.007026
          p_y           0.015929   0.000593
          p_z          -0.057119   0.008772
          p_x           0.022546   0.001610

   18 H   s             0.074672   0.010323

   19 C   s             0.027065   0.000903
          p_y          -0.004946   0.000052
          p_z           0.030492   0.002031
          p_x          -0.017926   0.000711

   20 C   s             0.028528   0.001286
          p_y          -0.021472   0.001622
          p_z           0.045749   0.008509
          p_x           0.000786  -0.000024

   21 C   s             0.033603   0.000565
          p_y          -0.029878   0.001194
          p_z           0.058958   0.004768
          p_x           0.014389   0.000201

   22 H   s            -0.008124  -0.000029

   23 C   s            -0.033139   0.001355
          p_y          -0.022874   0.001163
          p_z           0.014210   0.000492
          p_x           0.033448   0.002378

   24 H   s            -0.168796   0.036642

   25 H   s            -0.024142   0.000991

   26 H   s             0.013065   0.000079

   27 C   s             0.112762   0.007265
          p_y           0.059220   0.003826
          p_z          -0.246309   0.061385
          p_x           0.023470   0.000384

   28 C   s            -0.019856   0.000477
          p_y           0.042134   0.003219
          p_z          -0.046970   0.003648
          p_x          -0.024610   0.001216

   29 H   s             0.078001   0.007568

   30 C   s            -0.042220   0.001525
          p_y           0.001236   0.000007
          p_z           0.090989   0.010774
          p_x          -0.054395   0.004242

   31 C   s            -0.003081   0.000027
          p_y           0.013825   0.000411
          p_z           0.006667   0.000048
          p_x          -0.001028   0.000003

   32 H   s             0.084238   0.008900

   33 C   s             0.045647   0.001357
          p_y           0.068695   0.005279
          p_z          -0.023449   0.000625
          p_x           0.010962   0.000115

   34 H   s            -0.005364   0.000038

   35 H   s            -0.009021  -0.000014

   36 H   s             0.050395   0.001712

Eigenvector:  29    (up)

    1 C   s            -0.029527   0.000725
          p_y          -0.033559   0.001799
          p_z           0.254439   0.096858
          p_x          -0.237146   0.080968

    2 C   s            -0.088117   0.006617
          p_y          -0.047927   0.005135
          p_z          -0.108289   0.020361
          p_x           0.192911   0.073410

    3 C   s            -0.007143   0.000051
          p_y          -0.138921   0.028758
          p_z           0.166489   0.042727
          p_x           0.075659   0.008183

    4 C   s             0.028432   0.000935
          p_y           0.034636   0.002889
          p_z          -0.171866   0.061644
          p_x          -0.056984   0.006767

    5 C   s             0.037590   0.001317
          p_y           0.018038   0.000401
          p_z           0.016210   0.000543
          p_x          -0.056813   0.004792

    6 H   s            -0.319890   0.106117

    7 C   s             0.011021   0.000150
          p_y           0.042841   0.003634
          p_z          -0.135046   0.035758
          p_x           0.027036   0.001384

    8 C   s            -0.065633   0.005273
          p_y          -0.052824   0.007168
          p_z          -0.000282  -0.000004
          p_x           0.079682   0.016108

    9 C   s            -0.110294   0.012668
          p_y           0.004649   0.000179
          p_z          -0.094497   0.022398
          p_x          -0.131829   0.025321

   10 H   s            -0.038311   0.001106

   11 C   s            -0.131332   0.022905
          p_y          -0.005618   0.000044
          p_z           0.015564   0.000512
          p_x          -0.003984   0.000067

   12 C   s             0.162307   0.027766
          p_y          -0.025128   0.001112
          p_z           0.062490   0.007512
          p_x          -0.017048   0.000714

   13 H   s            -0.064151   0.004069

   14 H   s             0.115707   0.022904

   15 C   s            -0.035472   0.000544
          p_y          -0.052165   0.004240
          p_z          -0.071514   0.007898
          p_x           0.076383   0.009479

   16 C   s            -0.056653   0.004663
          p_y          -0.019648   0.000293
          p_z           0.052143   0.004605
          p_x          -0.019833   0.001279

   17 C   s             0.006966   0.000106
          p_y           0.034388   0.002842
          p_z          -0.075314   0.014596
          p_x           0.001545   0.000024

   18 H   s             0.053946   0.005809

   19 C   s            -0.168601   0.034793
          p_y          -0.021797   0.001082
          p_z           0.057500   0.006758
          p_x          -0.011530   0.000159

   20 C   s            -0.009832   0.000342
          p_y           0.000853  -0.000002
          p_z           0.006307   0.000232
          p_x          -0.006485   0.000228

   21 C   s            -0.022124   0.000580
          p_y           0.046186   0.002507
          p_z          -0.041244   0.001284
          p_x          -0.013895   0.000517

   22 H   s            -0.030966  -0.000610

   23 C   s             0.012073   0.000280
          p_y           0.017929   0.000827
          p_z          -0.118746   0.030634
          p_x           0.074672   0.011091

   24 H   s            -0.099778   0.012822

   25 H   s             0.080010   0.012447

   26 H   s            -0.028278   0.000282

   27 C   s             0.030374   0.000511
          p_y           0.003529   0.000006
          p_z           0.001019   0.000001
          p_x           0.065698   0.004378

   28 C   s            -0.004863  -0.000002
          p_y          -0.031676   0.001767
          p_z           0.035432   0.002041
          p_x           0.029781   0.001618

   29 H   s            -0.175936   0.038327

   30 C   s            -0.011951   0.000115
          p_y          -0.007787   0.000076
          p_z           0.010549   0.000155
          p_x          -0.016928   0.000416

   31 C   s             0.004367   0.000024
          p_y          -0.006968   0.000113
          p_z          -0.005110   0.000030
          p_x          -0.007300   0.000081

   32 H   s            -0.069293   0.005733

   33 C   s             0.009312   0.000059
          p_y          -0.036378   0.001441
          p_z          -0.015267   0.000256
          p_x          -0.011816   0.000158

   34 H   s            -0.017252   0.000239

   35 H   s             0.004282  -0.000002

   36 H   s             0.011145   0.000082

Eigenvector:  30    (up)

    1 C   s             0.011260   0.000069
          p_y           0.153348   0.032223
          p_z           0.129761   0.023108
          p_x           0.054584   0.004160

    2 C   s            -0.023132   0.000529
          p_y           0.041425   0.002982
          p_z           0.025499   0.001201
          p_x           0.054229   0.005494

    3 C   s             0.006387   0.000023
          p_y           0.121708   0.020283
          p_z           0.126005   0.022206
          p_x           0.069616   0.006462

    4 C   s             0.006881   0.000040
          p_y           0.269110   0.129233
          p_z           0.097815   0.018869
          p_x           0.133639   0.030262

    5 C   s             0.013099   0.000153
          p_y           0.046102   0.003423
          p_z          -0.005848   0.000056
          p_x          -0.004317   0.000023

    6 H   s            -0.046425   0.002113

    7 C   s            -0.014102   0.000206
          p_y           0.055223   0.005846
          p_z          -0.010305   0.000192
          p_x           0.013119   0.000288

    8 C   s            -0.001388   0.000003
          p_y           0.068299   0.009339
          p_z           0.013785   0.000412
          p_x           0.048036   0.004739

    9 C   s            -0.028520   0.000816
          p_y           0.279684   0.132658
          p_z           0.213051   0.069022
          p_x           0.077845   0.012326

   10 H   s            -0.061481   0.003360

   11 C   s            -0.019402   0.000497
          p_y           0.006037   0.000098
          p_z           0.007846   0.000129
          p_x          -0.005522   0.000084

   12 C   s             0.038633   0.001530
          p_y           0.011209   0.000251
          p_z           0.013260   0.000303
          p_x           0.020148   0.000719

   13 H   s            -0.028238   0.000769

   14 H   s             0.005743   0.000058

   15 C   s            -0.006353   0.000032
          p_y           0.163007   0.037784
          p_z           0.096801   0.013661
          p_x           0.103782   0.015278

   16 C   s             0.050061   0.002602
          p_y           0.113400   0.019451
          p_z           0.022864   0.000485
          p_x           0.058671   0.005552

   17 C   s            -0.003703   0.000014
          p_y           0.008628   0.000174
          p_z          -0.009144   0.000199
          p_x          -0.004397   0.000044

   18 H   s             0.013946   0.000365

   19 C   s            -0.042353   0.002125
          p_y          -0.004920   0.000058
          p_z           0.018222   0.000665
          p_x           0.004986   0.000076

   20 C   s            -0.000987   0.000002
          p_y          -0.015853   0.001038
          p_z          -0.004589   0.000048
          p_x          -0.010154   0.000407

   21 C   s            -0.013370   0.000081
          p_y           0.074943   0.006442
          p_z           0.038985   0.001178
          p_x           0.033112   0.001477

   22 H   s             0.005005  -0.000014

   23 C   s             0.003170   0.000019
          p_y           0.005054   0.000059
          p_z          -0.025590   0.001349
          p_x           0.018997   0.000688

   24 H   s            -0.002064   0.000006

   25 H   s             0.025689   0.001233

   26 H   s            -0.005682   0.000011

   27 C   s            -0.015869   0.000122
          p_y          -0.364282   0.123152
          p_z          -0.145746   0.019649
          p_x          -0.200730   0.037559

   28 C   s             0.007671   0.000049
          p_y           0.040179   0.002681
          p_z           0.030183   0.001500
          p_x           0.015060   0.000359

   29 H   s            -0.042311   0.002128

   30 C   s             0.008607   0.000063
          p_y          -0.001567   0.000000
          p_z          -0.004962   0.000024
          p_x           0.008428   0.000115

   31 C   s             0.014279   0.000206
          p_y           0.086660   0.013515
          p_z           0.045320   0.003515
          p_x           0.057291   0.005753

   32 H   s             0.006030   0.000045

   33 C   s            -0.019174   0.000229
          p_y           0.293897   0.091741
          p_z           0.131425   0.018323
          p_x           0.137258   0.019956

   34 H   s             0.009446   0.000072

   35 H   s            -0.002281  -0.000002

   36 H   s            -0.011946   0.000099

Eigenvector:  31    (up)

    1 C   s            -0.014964   0.000147
          p_y          -0.108567   0.015883
          p_z          -0.101931   0.014361
          p_x          -0.089662   0.010902

    2 C   s             0.001658   0.000008
          p_y          -0.042587   0.003214
          p_z          -0.031930   0.001813
          p_x          -0.021748   0.000863

    3 C   s            -0.014146   0.000166
          p_y          -0.125743   0.021691
          p_z          -0.128787   0.023013
          p_x          -0.000692  -0.000004

    4 C   s             0.004145   0.000014
          p_y          -0.190748   0.063067
          p_z          -0.042040   0.004655
          p_x          -0.092717   0.012886

    5 C   s            -0.029870   0.000792
          p_y          -0.048309   0.003823
          p_z          -0.001545   0.000001
          p_x           0.023987   0.000947

    6 H   s            -0.004871   0.000026

    7 C   s             0.036361   0.001371
          p_y          -0.051434   0.005067
          p_z          -0.011212   0.000261
          p_x           0.012749   0.000386

    8 C   s            -0.009112   0.000112
          p_y          -0.078954   0.012451
          p_z           0.031902   0.001926
          p_x          -0.049176   0.004773

    9 C   s             0.001829  -0.000003
          p_y          -0.180502   0.053647
          p_z          -0.160960   0.038869
          p_x          -0.010279   0.000415

   10 H   s             0.045130   0.001798

   11 C   s             0.044802   0.002637
          p_y          -0.012553   0.000423
          p_z          -0.002488   0.000006
          p_x           0.014703   0.000594

   12 C   s            -0.023241   0.000542
          p_y          -0.005094   0.000055
          p_z           0.006486   0.000094
          p_x          -0.047141   0.004048

   13 H   s             0.039531   0.001519

   14 H   s             0.012666   0.000246

   15 C   s             0.028498   0.000644
          p_y          -0.119927   0.019750
          p_z          -0.126362   0.022544
          p_x          -0.124594   0.021532

   16 C   s            -0.013568   0.000402
          p_y           0.143269   0.027493
          p_z           0.132109   0.022875
          p_x           0.050832   0.003475

   17 C   s            -0.009013   0.000113
          p_y          -0.012785   0.000369
          p_z           0.012997   0.000389
          p_x           0.009377   0.000193

   18 H   s            -0.039257   0.002744

   19 C   s             0.026652   0.000848
          p_y           0.008478   0.000173
          p_z          -0.014557   0.000434
          p_x          -0.014927   0.000554

   20 C   s             0.004770   0.000050
          p_y          -0.030680   0.004263
          p_z          -0.016688   0.001366
          p_x          -0.013318   0.000856

   21 C   s            -0.029554   0.000741
          p_y           0.232367   0.060010
          p_z           0.049231   0.003322
          p_x           0.083983   0.006573

   22 H   s            -0.012964  -0.000113

   23 C   s            -0.004859   0.000030
          p_y           0.007190   0.000106
          p_z           0.002199   0.000006
          p_x          -0.021607   0.000912

   24 H   s             0.015668   0.000300

   25 H   s            -0.024954   0.001174

   26 H   s             0.002468   0.000003

   27 C   s             0.004124   0.000018
          p_y          -0.475556   0.208581
          p_z          -0.177558   0.028779
          p_x          -0.200414   0.036182

   28 C   s             0.000845   0.000005
          p_y           0.054388   0.004750
          p_z           0.086066   0.011433
          p_x           0.062723   0.006507

   29 H   s            -0.001274   0.000002

   30 C   s             0.001029   0.000002
          p_y          -0.026301   0.000806
          p_z          -0.008521   0.000071
          p_x          -0.013345   0.000209

   31 C   s             0.021940   0.000500
          p_y           0.104034   0.019041
          p_z           0.054163   0.005162
          p_x           0.064567   0.007379

   32 H   s            -0.049331   0.002792

   33 C   s            -0.017334   0.000181
          p_y           0.317289   0.106110
          p_z           0.147061   0.022776
          p_x           0.154523   0.025011

   34 H   s            -0.007076   0.000039

   35 H   s             0.001018   0.000001

   36 H   s            -0.005931   0.000028

Eigenvector:  32    (up)

    1 C   s             0.053915   0.002303
          p_y          -0.183943   0.046272
          p_z           0.035339   0.002267
          p_x           0.162660   0.035175

    2 C   s             0.011187  -0.000014
          p_y          -0.039751   0.002736
          p_z           0.077162   0.010268
          p_x          -0.058324   0.005874

    3 C   s             0.038673   0.001419
          p_y           0.018096   0.000545
          p_z           0.077824   0.008727
          p_x          -0.295934   0.123821

    4 C   s            -0.081499   0.006803
          p_y           0.016263  -0.000197
          p_z          -0.199091   0.044250
          p_x          -0.009192   0.001137

    5 C   s             0.076561   0.005195
          p_y           0.070936   0.008528
          p_z          -0.063787   0.007032
          p_x          -0.120900   0.024083

    6 H   s             0.076786   0.005712

    7 C   s            -0.077441   0.006408
          p_y          -0.007277   0.000074
          p_z           0.057599   0.006602
          p_x          -0.093596   0.017687

    8 C   s             0.018626   0.000502
          p_y           0.032809   0.002057
          p_z          -0.210715   0.086362
          p_x           0.046537   0.004248

    9 C   s             0.062597   0.003460
          p_y          -0.056392   0.003918
          p_z           0.089908   0.008649
          p_x          -0.289071   0.123603

   10 H   s            -0.057712   0.002796

   11 C   s            -0.107589   0.015243
          p_y           0.032205   0.002858
          p_z          -0.008751   0.000248
          p_x          -0.063477   0.010637

   12 C   s             0.029501   0.000839
          p_y          -0.053380   0.005094
          p_z          -0.058681   0.006745
          p_x           0.140056   0.036320

   13 H   s            -0.045574   0.002111

   14 H   s            -0.029401   0.001292

   15 C   s            -0.070627   0.003900
          p_y          -0.250767   0.087161
          p_z           0.120113   0.020289
          p_x           0.167156   0.038856

   16 C   s             0.091417   0.008744
          p_y           0.072660   0.006911
          p_z          -0.080280   0.009569
          p_x           0.056078   0.003657

   17 C   s             0.032612   0.001329
          p_y           0.030079   0.001991
          p_z          -0.010401   0.000169
          p_x          -0.053478   0.006643

   18 H   s             0.120534   0.025477

   19 C   s            -0.056965   0.003933
          p_y          -0.042169   0.004134
          p_z           0.012131   0.000336
          p_x           0.067687   0.010772

   20 C   s            -0.009911   0.000229
          p_y          -0.006254   0.000318
          p_z           0.002887   0.000107
          p_x          -0.012204   0.000476

   21 C   s            -0.005393  -0.000022
          p_y           0.018253   0.000505
          p_z           0.084186   0.005282
          p_x           0.020844   0.000983

   22 H   s             0.012412  -0.000092

   23 C   s             0.035458   0.001321
          p_y          -0.045788   0.004305
          p_z           0.040832   0.003642
          p_x           0.051476   0.005206

   24 H   s             0.017158   0.000358

   25 H   s             0.083652   0.012934

   26 H   s            -0.032472   0.000377

   27 C   s            -0.037343   0.000772
          p_y          -0.067914   0.004097
          p_z          -0.022196   0.000420
          p_x          -0.096016   0.008795

   28 C   s             0.022331   0.000305
          p_y           0.053777   0.004673
          p_z          -0.013062   0.000191
          p_x          -0.028194   0.001485

   29 H   s             0.070709   0.005895

   30 C   s             0.012027   0.000117
          p_y          -0.009379   0.000117
          p_z          -0.019761   0.000500
          p_x           0.011539   0.000206

   31 C   s             0.002801   0.000010
          p_y           0.015333   0.000462
          p_z           0.004256   0.000013
          p_x           0.026582   0.001179

   32 H   s             0.068660   0.005571

   33 C   s            -0.016939   0.000184
          p_y           0.062826   0.004118
          p_z           0.022128   0.000497
          p_x           0.017185   0.000319

   34 H   s             0.020701   0.000346

   35 H   s            -0.002095  -0.000001

   36 H   s            -0.019828   0.000243

Eigenvector:  33    (up)

    1 C   s            -0.099921   0.007589
          p_y           0.071040   0.006669
          p_z           0.003671   0.000035
          p_x          -0.183717   0.045194

    2 C   s             0.065569   0.004261
          p_y           0.107191   0.020734
          p_z          -0.240620   0.099137
          p_x           0.002487  -0.000042

    3 C   s             0.058061   0.002740
          p_y          -0.073994   0.007445
          p_z           0.049227   0.003320
          p_x           0.065555   0.005848

    4 C   s            -0.055289   0.003108
          p_y          -0.028614   0.002632
          p_z          -0.062787   0.001791
          p_x           0.127925   0.023503

    5 C   s             0.117091   0.012357
          p_y          -0.119495   0.022477
          p_z           0.234053   0.086730
          p_x           0.033268   0.001702

    6 H   s             0.108916   0.011906

    7 C   s            -0.081188   0.006270
          p_y           0.025181   0.001326
          p_z           0.016553   0.000437
          p_x          -0.079538   0.012337

    8 C   s            -0.054826   0.004038
          p_y          -0.024199   0.001194
          p_z           0.001661  -0.000001
          p_x           0.023812   0.001241

    9 C   s             0.010955  -0.000012
          p_y          -0.084489   0.010834
          p_z           0.159450   0.034277
          p_x          -0.073731   0.004862

   10 H   s            -0.337629   0.109815

   11 C   s            -0.172756   0.037503
          p_y          -0.008517   0.000140
          p_z           0.006175   0.000060
          p_x           0.014184   0.000432

   12 C   s            -0.143985   0.021078
          p_y           0.023673   0.001030
          p_z          -0.048471   0.003813
          p_x           0.002044  -0.000012

   13 H   s            -0.137577   0.017475

   14 H   s             0.061924   0.006186

   15 C   s             0.102708   0.006598
          p_y          -0.050447   0.003169
          p_z           0.085581   0.010412
          p_x          -0.047944   0.004020

   16 C   s             0.078017   0.007273
          p_y           0.039742   0.001786
          p_z          -0.069689   0.007948
          p_x           0.012511   0.000466

   17 C   s             0.048224   0.003393
          p_y           0.018242   0.000683
          p_z          -0.103437   0.025708
          p_x           0.063205   0.010370

   18 H   s             0.086170   0.012296

   19 C   s             0.175200   0.035461
          p_y           0.043329   0.004195
          p_z          -0.039084   0.002964
          p_x          -0.048834   0.005848

   20 C   s             0.002660   0.000051
          p_y           0.004381   0.000039
          p_z          -0.020032   0.001526
          p_x           0.004549   0.000154

   21 C   s            -0.000224  -0.000002
          p_y          -0.008800   0.000052
          p_z           0.026809   0.000202
          p_x           0.008963   0.000256

   22 H   s             0.024057  -0.000345

   23 C   s            -0.042944   0.002389
          p_y          -0.018447   0.000753
          p_z           0.079218   0.012228
          p_x          -0.035272   0.002105

   24 H   s            -0.289911   0.098972

   25 H   s            -0.143265   0.035639

   26 H   s             0.007313   0.000005

   27 C   s            -0.062698   0.002088
          p_y          -0.019679   0.000364
          p_z           0.060889   0.003503
          p_x          -0.061213   0.003395

   28 C   s             0.022332   0.000368
          p_y           0.021306   0.000724
          p_z          -0.004135   0.000017
          p_x          -0.024460   0.001015

   29 H   s             0.193286   0.042388

   30 C   s             0.022188   0.000395
          p_y          -0.000694   0.000002
          p_z          -0.034811   0.001504
          p_x           0.025017   0.000864

   31 C   s             0.002685   0.000013
          p_y          -0.000765   0.000000
          p_z          -0.004235   0.000039
          p_x           0.016698   0.000457

   32 H   s             0.038519   0.001659

   33 C   s            -0.023130   0.000338
          p_y           0.007255   0.000051
          p_z           0.010409   0.000109
          p_x          -0.000786  -0.000000

   34 H   s             0.015807   0.000201

   35 H   s             0.001124  -0.000000

   36 H   s            -0.026645   0.000436

Eigenvector:  34    (up)

    1 C   s            -0.061101   0.002615
          p_y           0.086511   0.009540
          p_z           0.063461   0.005353
          p_x           0.101242   0.012347

    2 C   s             0.035768   0.001199
          p_y           0.075754   0.009806
          p_z          -0.017804   0.000509
          p_x           0.007409   0.000035

    3 C   s             0.017251   0.000332
          p_y           0.203005   0.052536
          p_z          -0.100524   0.012992
          p_x           0.030457   0.001304

    4 C   s             0.070360   0.004961
          p_y           0.055223   0.007081
          p_z          -0.038225   0.006827
          p_x          -0.142242   0.021055

    5 C   s             0.048494   0.002265
          p_y           0.024048   0.001017
          p_z           0.064075   0.005896
          p_x          -0.005678   0.000089

    6 H   s             0.052175   0.002534

    7 C   s             0.033655   0.001078
          p_y          -0.006279   0.000063
          p_z           0.155489   0.042246
          p_x          -0.018698   0.000634

    8 C   s            -0.096558   0.010533
          p_y          -0.010736   0.000369
          p_z           0.072877   0.009975
          p_x           0.047515   0.005457

    9 C   s            -0.157081   0.022881
          p_y           0.129063   0.027851
          p_z          -0.268278   0.118270
          p_x          -0.015614   0.000680

   10 H   s            -0.140001   0.015558

   11 C   s            -0.098896   0.012261
          p_y           0.041639   0.004229
          p_z          -0.013334   0.000396
          p_x          -0.050607   0.006701

   12 C   s            -0.133987   0.017472
          p_y          -0.010155   0.000224
          p_z          -0.003091   0.000019
          p_x           0.094721   0.016465

   13 H   s            -0.009924   0.000103

   14 H   s             0.124760   0.022853

   15 C   s             0.049270   0.002662
          p_y           0.050556   0.002896
          p_z          -0.085884   0.010704
          p_x           0.061465   0.006551

   16 C   s            -0.205172   0.047086
          p_y          -0.082394   0.007085
          p_z           0.201186   0.061023
          p_x          -0.040512   0.004417

   17 C   s             0.070663   0.005478
          p_y           0.038955   0.003016
          p_z           0.014377   0.000660
          p_x          -0.085536   0.015865

   18 H   s             0.118675   0.023178

   19 C   s             0.047504   0.002342
          p_y          -0.002142   0.000032
          p_z          -0.083804   0.012292
          p_x           0.100354   0.020197

   20 C   s            -0.003541   0.000082
          p_y          -0.000500  -0.000001
          p_z           0.001982   0.000010
          p_x          -0.000790   0.000010

   21 C   s            -0.000382   0.000008
          p_y           0.057094   0.002973
          p_z          -0.062599   0.000681
          p_x          -0.005820   0.000332

   22 H   s            -0.060568  -0.002296

   23 C   s             0.095087   0.008017
          p_y          -0.088650   0.015505
          p_z           0.180488   0.063222
          p_x           0.018815   0.000761

   24 H   s             0.055428   0.003617

   25 H   s             0.030521   0.001689

   26 H   s            -0.017724   0.000081

   27 C   s             0.076385   0.002894
          p_y          -0.071651   0.004729
          p_z          -0.014401   0.000168
          p_x           0.122930   0.014024

   28 C   s            -0.085345   0.005314
          p_y          -0.058932   0.005499
          p_z           0.004070  -0.000013
          p_x           0.106643   0.018739

   29 H   s             0.283435   0.089160

   30 C   s            -0.026048   0.000530
          p_y          -0.001335  -0.000001
          p_z           0.034298   0.001482
          p_x          -0.026568   0.000996

   31 C   s            -0.024450   0.000770
          p_y           0.016002   0.000380
          p_z           0.036467   0.002465
          p_x          -0.066119   0.007152

   32 H   s            -0.145291   0.023286

   33 C   s             0.039126   0.000971
          p_y          -0.013162   0.000173
          p_z           0.018672   0.000394
          p_x           0.034299   0.001099

   34 H   s            -0.045327   0.001507

   35 H   s            -0.007327  -0.000009

   36 H   s             0.051248   0.001507

Eigenvector:  35    (up)

    1 C   s            -0.002440   0.000011
          p_y           0.010750   0.000150
          p_z          -0.066734   0.006237
          p_x          -0.218943   0.058637

    2 C   s            -0.058818   0.002643
          p_y          -0.080328   0.011303
          p_z          -0.010619   0.000124
          p_x           0.065544   0.007728

    3 C   s             0.007937  -0.000002
          p_y          -0.183136   0.042616
          p_z          -0.030641   0.001322
          p_x           0.141475   0.025868

    4 C   s            -0.017903   0.000365
          p_y          -0.067559   0.007979
          p_z           0.117939   0.024488
          p_x           0.094128   0.014318

    5 C   s            -0.009049   0.000002
          p_y           0.040424   0.002615
          p_z          -0.096964   0.014831
          p_x          -0.070590   0.007523

    6 H   s            -0.216055   0.043201

    7 C   s            -0.042388   0.001624
          p_y          -0.002030  -0.000002
          p_z          -0.020122   0.000721
          p_x          -0.071033   0.009404

    8 C   s            -0.016644   0.000405
          p_y          -0.040549   0.002792
          p_z           0.080340   0.011452
          p_x          -0.051036   0.005222

    9 C   s             0.060998   0.003338
          p_y          -0.076583   0.010604
          p_z           0.118928   0.026486
          p_x           0.147627   0.032482

   10 H   s             0.100071   0.007782

   11 C   s            -0.090634   0.010232
          p_y           0.048508   0.005904
          p_z          -0.020441   0.000879
          p_x          -0.094786   0.022674

   12 C   s            -0.016333   0.000163
          p_y          -0.052706   0.004738
          p_z          -0.042395   0.003486
          p_x           0.089745   0.014544

   13 H   s            -0.171668   0.025993

   14 H   s            -0.002977   0.000004

   15 C   s             0.066936   0.002472
          p_y           0.074844   0.007863
          p_z           0.017882   0.000515
          p_x          -0.167969   0.040008

   16 C   s             0.079173   0.007430
          p_y           0.027614   0.000647
          p_z          -0.070665   0.008008
          p_x           0.002658   0.000116

   17 C   s             0.081806   0.006849
          p_y           0.057928   0.006734
          p_z           0.045772   0.005719
          p_x          -0.168636   0.062454

   18 H   s             0.141962   0.033836

   19 C   s            -0.096222   0.010848
          p_y          -0.075465   0.012684
          p_z          -0.015211   0.000194
          p_x           0.148428   0.046896

   20 C   s             0.011952   0.000477
          p_y           0.003510   0.000067
          p_z          -0.016046   0.001165
          p_x           0.010232   0.000458

   21 C   s             0.002628   0.000031
          p_y          -0.023968   0.000570
          p_z           0.004869  -0.000065
          p_x           0.002346   0.000049

   22 H   s             0.031016  -0.000607

   23 C   s             0.140038   0.018863
          p_y          -0.122371   0.028617
          p_z           0.138418   0.038076
          p_x           0.108460   0.021523

   24 H   s             0.214877   0.052523

   25 H   s             0.170561   0.050031

   26 H   s             0.031311   0.000272

   27 C   s            -0.044318   0.000969
          p_y           0.021365   0.000404
          p_z           0.034038   0.001015
          p_x          -0.047242   0.001985

   28 C   s             0.033831   0.000873
          p_y           0.013790   0.000308
          p_z           0.005859   0.000063
          p_x          -0.040439   0.002616

   29 H   s             0.205874   0.047209

   30 C   s             0.015881   0.000197
          p_y           0.003152   0.000008
          p_z          -0.021602   0.000567
          p_x           0.016681   0.000373

   31 C   s             0.011075   0.000160
          p_y          -0.007678   0.000094
          p_z          -0.015513   0.000428
          p_x           0.026609   0.001156

   32 H   s             0.047443   0.002410

   33 C   s            -0.020472   0.000261
          p_y          -0.000192   0.000000
          p_z          -0.003897   0.000018
          p_x          -0.012685   0.000146

   34 H   s             0.015620   0.000177

   35 H   s             0.004312  -0.000003

   36 H   s            -0.024923   0.000359

Eigenvector:  36    (up)

    1 C   s             0.002229  -0.000001
          p_y          -0.384685   0.181547
          p_z          -0.157843   0.030923
          p_x          -0.135520   0.022938

    2 C   s             0.003435   0.000004
          p_y          -0.162673   0.042562
          p_z          -0.090544   0.013424
          p_x          -0.096742   0.015368

    3 C   s            -0.005845   0.000011
          p_y          -0.340664   0.145347
          p_z          -0.194505   0.047096
          p_x          -0.217198   0.059175

    4 C   s             0.023564   0.000548
          p_y           0.215339   0.076695
          p_z           0.086181   0.008527
          p_x           0.018296   0.001117

    5 C   s             0.017777   0.000261
          p_y          -0.143191   0.030163
          p_z          -0.037636   0.002050
          p_x          -0.059332   0.005225

    6 H   s             0.043622   0.001721

    7 C   s             0.018827   0.000330
          p_y          -0.147788   0.037309
          p_z          -0.037794   0.002408
          p_x          -0.061789   0.006432

    8 C   s            -0.016008   0.000292
          p_y          -0.062847   0.007536
          p_z          -0.028493   0.001424
          p_x           0.003049   0.000049

    9 C   s            -0.080407   0.005664
          p_y           0.291142   0.129968
          p_z           0.037191   0.001596
          p_x           0.071936   0.007644

   10 H   s            -0.100784   0.007830

   11 C   s            -0.005428   0.000037
          p_y          -0.031577   0.002081
          p_z          -0.010019   0.000214
          p_x          -0.008813   0.000138

   12 C   s            -0.022037   0.000491
          p_y          -0.091594   0.014101
          p_z          -0.037091   0.002250
          p_x          -0.044313   0.003275

   13 H   s             0.025316   0.000550

   14 H   s             0.045356   0.002939

   15 C   s            -0.000702  -0.000005
          p_y           0.115707   0.016852
          p_z           0.021965   0.000589
          p_x           0.103495   0.015234

   16 C   s            -0.071394   0.005285
          p_y          -0.039673   0.001305
          p_z           0.055000   0.004924
          p_x          -0.009472   0.000278

   17 C   s            -0.003954   0.000012
          p_y          -0.014012   0.000402
          p_z          -0.014553   0.000474
          p_x           0.010423   0.000249

   18 H   s            -0.000884   0.000002

   19 C   s             0.023793   0.000631
          p_y          -0.013470   0.000310
          p_z          -0.027396   0.001416
          p_x          -0.022625   0.001059

   20 C   s            -0.004480   0.000077
          p_y           0.004579   0.000103
          p_z           0.007842   0.000257
          p_x          -0.000080   0.000000

   21 C   s             0.007616  -0.000014
          p_y          -0.032914   0.001259
          p_z          -0.028464   0.000421
          p_x          -0.022672   0.000822

   22 H   s            -0.019674  -0.000240

   23 C   s            -0.007733   0.000066
          p_y          -0.007470   0.000095
          p_z          -0.000081   0.000000
          p_x          -0.024272   0.001021

   24 H   s            -0.034704   0.001330

   25 H   s            -0.025597   0.001088

   26 H   s            -0.011248   0.000033

   27 C   s             0.032977   0.000509
          p_y          -0.001228   0.000002
          p_z          -0.005146   0.000023
          p_x           0.055685   0.002709

   28 C   s            -0.046510   0.001638
          p_y          -0.040908   0.002565
          p_z          -0.034668   0.001854
          p_x           0.046690   0.003601

   29 H   s             0.012610   0.000164

   30 C   s            -0.010312   0.000086
          p_y           0.008315   0.000089
          p_z           0.020455   0.000499
          p_x          -0.005947   0.000054

   31 C   s            -0.023016   0.000641
          p_y           0.003443   0.000018
          p_z           0.022280   0.000863
          p_x          -0.048760   0.003867

   32 H   s            -0.065113   0.004646

   33 C   s             0.025126   0.000388
          p_y          -0.013701   0.000186
          p_z           0.006937   0.000058
          p_x           0.016140   0.000235

   34 H   s            -0.016418   0.000191

   35 H   s            -0.007802  -0.000009

   36 H   s             0.030660   0.000528

Eigenvector:  37    (up)

    1 C   s            -0.013479   0.000105
          p_y          -0.045251   0.002367
          p_z           0.009279   0.000122
          p_x           0.027676   0.000791

    2 C   s             0.019372   0.000325
          p_y           0.002476   0.000014
          p_z          -0.024014   0.000910
          p_x          -0.017828   0.000546

    3 C   s            -0.022371   0.000309
          p_y           0.011175   0.000117
          p_z          -0.045611   0.002371
          p_x          -0.027606   0.000801

    4 C   s             0.023726   0.000514
          p_y           0.054195   0.005387
          p_z          -0.020824   0.001489
          p_x          -0.046870   0.002483

    5 C   s            -0.006345   0.000032
          p_y          -0.036776   0.001888
          p_z           0.036297   0.001891
          p_x           0.009111   0.000102

    6 H   s             0.042881   0.001568

    7 C   s             0.047464   0.002102
          p_y          -0.023040   0.000897
          p_z           0.002342   0.000008
          p_x           0.023168   0.000963

    8 C   s            -0.002327   0.000009
          p_y          -0.030521   0.001856
          p_z           0.043237   0.003298
          p_x           0.036956   0.002883

    9 C   s            -0.066849   0.003985
          p_y           0.072052   0.008236
          p_z          -0.073714   0.009194
          p_x          -0.003523   0.000037

   10 H   s            -0.034690   0.000792

   11 C   s             0.006312   0.000047
          p_y          -0.002306   0.000013
          p_z          -0.010368   0.000184
          p_x           0.006860   0.000095

   12 C   s            -0.023382   0.000502
          p_y          -0.010316   0.000188
          p_z           0.033873   0.001887
          p_x          -0.033466   0.001706

   13 H   s             0.039905   0.001300

   14 H   s             0.065919   0.005859

   15 C   s            -0.033743   0.000486
          p_y           0.064085   0.004754
          p_z          -0.118922   0.017766
          p_x           0.075448   0.007851

   16 C   s             0.017306  -0.000434
          p_y          -0.042004   0.000964
          p_z           0.057570   0.002062
          p_x          -0.074814   0.006675

   17 C   s             0.015951   0.000229
          p_y           0.001532   0.000003
          p_z           0.012815   0.000359
          p_x          -0.018992   0.000711

   18 H   s            -0.007807   0.000097

   19 C   s             0.006479   0.000039
          p_y           0.006270   0.000067
          p_z          -0.033471   0.001871
          p_x           0.010835   0.000182

   20 C   s            -0.014012   0.000466
          p_y           0.001886   0.000014
          p_z           0.018845   0.001399
          p_x          -0.013240   0.000756

   21 C   s            -0.056001   0.002715
          p_y           0.051083   0.003147
          p_z          -0.154513   0.019366
          p_x           0.021057  -0.000685

   22 H   s            -0.030289  -0.000552

   23 C   s             0.028202   0.000671
          p_y          -0.017186   0.000519
          p_z           0.035214   0.002172
          p_x          -0.002873   0.000013

   24 H   s             0.033326   0.001180

   25 H   s            -0.001619   0.000005

   26 H   s            -0.010356   0.000034

   27 C   s            -0.005809  -0.000017
          p_y           0.065948   0.003476
          p_z          -0.012556   0.000132
          p_x          -0.052965   0.002173

   28 C   s             0.221138   0.037399
          p_y           0.054648   0.005622
          p_z           0.345509   0.169922
          p_x          -0.339986   0.179980

   29 H   s             0.052216   0.002794

   30 C   s            -0.010139   0.000030
          p_y          -0.008202   0.000095
          p_z          -0.025913   0.000683
          p_x          -0.010440   0.000109

   31 C   s             0.204710   0.047862
          p_y          -0.052711   0.004928
          p_z          -0.196158   0.061039
          p_x           0.339896   0.182243

   32 H   s             0.315198   0.108063

   33 C   s            -0.137464   0.011153
          p_y           0.051530   0.002621
          p_z          -0.079855   0.006963
          p_x          -0.119605   0.012643

   34 H   s             0.034713   0.000747

   35 H   s             0.074635  -0.000830

   36 H   s            -0.168861   0.015092

Eigenvector:  38    (up)

    1 C   s            -0.062474   0.002338
          p_y           0.026714   0.000897
          p_z          -0.034420   0.001225
          p_x          -0.011834   0.000265

    2 C   s             0.108315   0.010541
          p_y           0.085158   0.011506
          p_z          -0.127114   0.024693
          p_x          -0.045482   0.003673

    3 C   s            -0.057632   0.002178
          p_y          -0.057337   0.004202
          p_z           0.136881   0.022634
          p_x          -0.028833   0.000739

    4 C   s            -0.033882   0.000800
          p_y           0.032386   0.001109
          p_z          -0.054158   0.002029
          p_x           0.011112  -0.000218

    5 C   s            -0.131781   0.013975
          p_y          -0.153613   0.032466
          p_z           0.250455   0.086858
          p_x           0.093873   0.011830

    6 H   s             0.139830   0.016557

    7 C   s             0.086479   0.007296
          p_y           0.031552   0.001392
          p_z          -0.209356   0.068771
          p_x           0.132086   0.028990

    8 C   s             0.084078   0.007633
          p_y           0.009982   0.000156
          p_z          -0.065932   0.006771
          p_x           0.024568   0.000953

    9 C   s             0.022718   0.000510
          p_y           0.004831   0.000068
          p_z           0.058409   0.003651
          p_x          -0.096560   0.011616

   10 H   s            -0.143292   0.016587

   11 C   s             0.073996   0.006568
          p_y          -0.006014   0.000152
          p_z          -0.076894   0.009303
          p_x           0.089310   0.015503

   12 C   s             0.048995   0.002480
          p_y           0.068770   0.006982
          p_z           0.135677   0.029119
          p_x          -0.271974   0.113147

   13 H   s             0.118524   0.011075

   14 H   s            -0.063233   0.005124

   15 C   s            -0.099255   0.006503
          p_y          -0.067707   0.005436
          p_z          -0.051595   0.003124
          p_x           0.137702   0.022883

   16 C   s             0.035595   0.001379
          p_y           0.026568   0.000712
          p_z          -0.054675   0.003348
          p_x           0.025024   0.000679

   17 C   s             0.116852   0.011810
          p_y           0.031278   0.001640
          p_z           0.100990   0.021085
          p_x          -0.161360   0.049684

   18 H   s            -0.119009   0.020647

   19 C   s            -0.060156   0.004140
          p_y          -0.028335   0.001579
          p_z           0.012693   0.000436
          p_x           0.041397   0.003036

   20 C   s            -0.015963   0.000636
          p_y          -0.005628   0.000123
          p_z           0.025586   0.002342
          p_x          -0.015277   0.000873

   21 C   s             0.006998   0.000059
          p_y          -0.016992   0.000270
          p_z           0.043595   0.001133
          p_x          -0.008960  -0.000089

   22 H   s             0.009965  -0.000056

   23 C   s             0.144183   0.017681
          p_y          -0.103522   0.017747
          p_z           0.082275   0.012022
          p_x           0.130017   0.026776

   24 H   s             0.332468   0.112012

   25 H   s             0.091592   0.012258

   26 H   s            -0.022948   0.000118

   27 C   s             0.015486   0.000109
          p_y           0.023582   0.000494
          p_z          -0.043121   0.001527
          p_x          -0.010983   0.000140

   28 C   s            -0.017334   0.000255
          p_y           0.004190   0.000008
          p_z          -0.062646   0.005224
          p_x           0.036626   0.002023

   29 H   s             0.129112   0.017043

   30 C   s            -0.004638   0.000019
          p_y           0.001268   0.000003
          p_z           0.014152   0.000198
          p_x          -0.006052   0.000040

   31 C   s            -0.029280   0.000967
          p_y           0.006143   0.000072
          p_z           0.025201   0.000948
          p_x          -0.045303   0.003161

   32 H   s            -0.025321   0.000695

   33 C   s             0.025714   0.000375
          p_y          -0.001283   0.000002
          p_z           0.003158   0.000013
          p_x           0.010411   0.000089

   34 H   s             0.005025   0.000017

   35 H   s            -0.011691  -0.000021

   36 H   s             0.028438   0.000427

Eigenvector:  39    (up)

    1 C   s            -0.136997   0.011887
          p_y           0.082189   0.007505
          p_z          -0.248813   0.071538
          p_x           0.107329   0.013801

    2 C   s             0.064954   0.003831
          p_y           0.004741   0.000044
          p_z           0.099492   0.014631
          p_x          -0.077272   0.009211

    3 C   s             0.122912   0.010940
          p_y          -0.019678   0.000668
          p_z           0.194811   0.045729
          p_x          -0.128290   0.017510

    4 C   s            -0.110579   0.010645
          p_y          -0.093314   0.013326
          p_z           0.140579   0.030605
          p_x           0.027284   0.001182

    5 C   s            -0.053461   0.002362
          p_y           0.051091   0.003609
          p_z          -0.024685   0.000855
          p_x          -0.046514   0.003061

    6 H   s             0.034670   0.001115

    7 C   s            -0.061439   0.003559
          p_y           0.043470   0.003178
          p_z          -0.024038   0.000925
          p_x          -0.052972   0.004940

    8 C   s            -0.032336   0.002774
          p_y          -0.177532   0.058687
          p_z           0.021084   0.000946
          p_x           0.324939   0.193255

    9 C   s             0.002035  -0.000001
          p_y          -0.064483   0.006567
          p_z           0.030397   0.002417
          p_x           0.094991   0.009242

   10 H   s            -0.152663   0.019562

   11 C   s             0.046182   0.002447
          p_y           0.013366   0.000298
          p_z          -0.040849   0.002974
          p_x           0.020952   0.000856

   12 C   s             0.047915   0.002108
          p_y           0.027353   0.001191
          p_z          -0.060513   0.005836
          p_x           0.025994   0.001022

   13 H   s            -0.066841   0.004040

   14 H   s             0.496045   0.321008

   15 C   s             0.086022   0.004479
          p_y           0.025473   0.000698
          p_z          -0.166942   0.032603
          p_x           0.016414   0.000444

   16 C   s            -0.000089  -0.000001
          p_y           0.004646  -0.000008
          p_z          -0.003989   0.000038
          p_x          -0.004993  -0.000050

   17 C   s             0.002738   0.000006
          p_y          -0.021405   0.000802
          p_z           0.040667   0.003044
          p_x           0.009216   0.000119

   18 H   s            -0.037659   0.002018

   19 C   s            -0.023656   0.000556
          p_y          -0.024316   0.001036
          p_z           0.073925   0.008887
          p_x          -0.010463   0.000109

   20 C   s             0.003798  -0.000021
          p_y          -0.002178   0.000011
          p_z           0.007237   0.000207
          p_x          -0.004371   0.000138

   21 C   s             0.009422   0.000079
          p_y          -0.002634   0.000012
          p_z           0.006034   0.000025
          p_x          -0.001679  -0.000007

   22 H   s             0.011138  -0.000076

   23 C   s            -0.035198   0.000988
          p_y           0.017978   0.000550
          p_z          -0.055288   0.004941
          p_x           0.021573   0.000682

   24 H   s             0.060392   0.003576

   25 H   s             0.026444   0.001053

   26 H   s            -0.019208   0.000156

   27 C   s             0.006946   0.000022
          p_y           0.013529   0.000148
          p_z          -0.017967   0.000241
          p_x          -0.002320   0.000007

   28 C   s            -0.005740   0.000024
          p_y          -0.001065   0.000003
          p_z          -0.019595   0.000535
          p_x           0.013671   0.000292

   29 H   s            -0.095078   0.008705

   30 C   s            -0.004406   0.000015
          p_y           0.001756   0.000004
          p_z           0.009158   0.000086
          p_x          -0.003820   0.000016

   31 C   s            -0.010079   0.000114
          p_y           0.001334   0.000004
          p_z           0.008218   0.000101
          p_x          -0.016337   0.000404

   32 H   s            -0.011467   0.000150

   33 C   s             0.011084   0.000069
          p_y          -0.001385   0.000002
          p_z          -0.000730   0.000000
          p_x           0.002173   0.000003

   34 H   s             0.001928   0.000003

   35 H   s            -0.003878  -0.000002

   36 H   s             0.011957   0.000076

Eigenvector:  40    (up)

    1 C   s            -0.146206   0.011884
          p_y           0.184144   0.036910
          p_z          -0.228572   0.057340
          p_x          -0.137850   0.020371

    2 C   s            -0.019139  -0.000018
          p_y           0.019776   0.000606
          p_z           0.035616   0.002003
          p_x          -0.011314   0.000330

    3 C   s            -0.015153   0.000041
          p_y          -0.115196   0.014701
          p_z           0.043323   0.001965
          p_x           0.131061   0.019365

    4 C   s            -0.091079   0.006396
          p_y           0.023163   0.000580
          p_z           0.056338   0.004563
          p_x          -0.103063   0.013172

    5 C   s            -0.104389   0.007977
          p_y           0.153757   0.030103
          p_z           0.075117   0.007797
          p_x          -0.280337   0.102304

    6 H   s            -0.163352   0.019018

    7 C   s            -0.114130   0.010351
          p_y           0.028948   0.001115
          p_z          -0.023945   0.000593
          p_x          -0.050469   0.003783

    8 C   s             0.022936   0.000950
          p_y           0.038900   0.002630
          p_z          -0.049153   0.003607
          p_x          -0.085260   0.012407

    9 C   s            -0.005462   0.000025
          p_y           0.081022   0.008174
          p_z          -0.075280   0.005426
          p_x          -0.068465   0.008603

   10 H   s            -0.321558   0.074454

   11 C   s             0.063003   0.005398
          p_y           0.017929   0.000321
          p_z          -0.177803   0.053162
          p_x           0.166203   0.050769

   12 C   s             0.029968   0.000833
          p_y          -0.095867   0.013610
          p_z           0.052529   0.004230
          p_x           0.191690   0.053277

   13 H   s            -0.170521   0.021264

   14 H   s            -0.183475   0.039914

   15 C   s            -0.047164   0.001081
          p_y          -0.104256   0.012186
          p_z           0.015926   0.000224
          p_x           0.111553   0.015074

   16 C   s            -0.049940   0.002513
          p_y          -0.024400   0.000437
          p_z           0.049761   0.002980
          p_x          -0.014409   0.000466

   17 C   s            -0.024673   0.000520
          p_y          -0.102492   0.018148
          p_z           0.110239   0.020881
          p_x           0.122221   0.025910

   18 H   s            -0.191298   0.048339

   19 C   s            -0.011579   0.000179
          p_y           0.011950   0.000164
          p_z          -0.120831   0.023053
          p_x           0.110928   0.020542

   20 C   s            -0.013465   0.000386
          p_y          -0.003312   0.000050
          p_z           0.011911   0.000489
          p_x          -0.008737   0.000228

   21 C   s            -0.002908   0.000021
          p_y           0.007317   0.000043
          p_z          -0.014431  -0.000004
          p_x           0.006032  -0.000051

   22 H   s            -0.016594  -0.000178

   23 C   s            -0.010160   0.000081
          p_y           0.076422   0.008800
          p_z           0.051819   0.003896
          p_x          -0.182668   0.049910

   24 H   s             0.023841   0.000475

   25 H   s             0.073868   0.007639

   26 H   s            -0.014071   0.000024

   27 C   s             0.018954   0.000168
          p_y           0.000078  -0.000000
          p_z          -0.008091   0.000048
          p_x           0.017117   0.000232

   28 C   s            -0.000156  -0.000000
          p_y          -0.001043  -0.000000
          p_z           0.021387   0.000567
          p_x          -0.008938   0.000123

   29 H   s            -0.038406   0.001358

   30 C   s            -0.006874   0.000031
          p_y           0.000197   0.000000
          p_z           0.006222   0.000042
          p_x          -0.004836   0.000028

   31 C   s             0.010161   0.000106
          p_y          -0.001763   0.000006
          p_z          -0.008294   0.000095
          p_x           0.013318   0.000261

   32 H   s             0.007626   0.000068

   33 C   s            -0.002447   0.000003
          p_y           0.000414   0.000000
          p_z          -0.004495   0.000020
          p_x          -0.004796   0.000020

   34 H   s            -0.003137   0.000006

   35 H   s             0.003585  -0.000002

   36 H   s            -0.003212   0.000005

Eigenvector:  41    (up)

    1 C   s             0.099651   0.005888
          p_y          -0.151162   0.024578
          p_z           0.292293   0.093147
          p_x           0.080067   0.006762

    2 C   s            -0.029619   0.000780
          p_y          -0.002444   0.000008
          p_z          -0.016206   0.000356
          p_x           0.039984   0.002170

    3 C   s            -0.063683   0.002811
          p_y           0.027865   0.000804
          p_z           0.011809   0.000186
          p_x          -0.096809   0.010210

    4 C   s             0.084389   0.005923
          p_y           0.010178   0.000171
          p_z          -0.096184   0.010311
          p_x           0.141854   0.020509

    5 C   s             0.018362   0.000240
          p_y           0.027837   0.000951
          p_z           0.088750   0.010791
          p_x          -0.157501   0.032381

    6 H   s            -0.009809   0.000107

    7 C   s             0.110421   0.010621
          p_y          -0.031770   0.001712
          p_z          -0.022710   0.000588
          p_x           0.059609   0.005706

    8 C   s             0.022848   0.000162
          p_y          -0.088365   0.012857
          p_z           0.070599   0.007519
          p_x           0.084922   0.012738

    9 C   s             0.031324   0.000932
          p_y          -0.094318   0.010748
          p_z           0.158538   0.025658
          p_x           0.028426   0.002583

   10 H   s             0.319231   0.072819

   11 C   s             0.009996   0.000191
          p_y          -0.013979   0.000447
          p_z          -0.075120   0.009664
          p_x           0.092354   0.016109

   12 C   s            -0.036952   0.001377
          p_y          -0.161279   0.038114
          p_z           0.243828   0.086410
          p_x           0.055181   0.004691

   13 H   s             0.027811   0.000616

   14 H   s             0.165092   0.032886

   15 C   s            -0.039540   0.001233
          p_y           0.067094   0.005263
          p_z          -0.172423   0.032247
          p_x          -0.040525   0.002245

   16 C   s             0.116870   0.013294
          p_y           0.062279   0.003290
          p_z          -0.129214   0.019326
          p_x           0.039359   0.002705

   17 C   s            -0.027785   0.000723
          p_y          -0.059233   0.006206
          p_z           0.033346   0.001912
          p_x           0.082076   0.012093

   18 H   s            -0.100693   0.013502

   19 C   s             0.000420  -0.000001
          p_y           0.075786   0.009146
          p_z          -0.294883   0.134902
          p_x           0.099579   0.014719

   20 C   s            -0.004652   0.000057
          p_y          -0.004290   0.000031
          p_z           0.018112   0.000897
          p_x          -0.011155   0.000501

   21 C   s             0.007559   0.000117
          p_y          -0.022784   0.000422
          p_z           0.048817   0.000521
          p_x          -0.020298  -0.000345

   22 H   s             0.033314  -0.000687

   23 C   s             0.071604   0.003991
          p_y           0.033236   0.001611
          p_z           0.143870   0.030715
          p_x          -0.216899   0.069472

   24 H   s            -0.063873   0.003796

   25 H   s             0.001537  -0.000000

   26 H   s            -0.002439   0.000004

   27 C   s            -0.006066   0.000017
          p_y           0.038818   0.001254
          p_z          -0.041007   0.001314
          p_x          -0.041243   0.001518

   28 C   s             0.003188  -0.000001
          p_y           0.007331   0.000036
          p_z          -0.066867   0.005457
          p_x           0.020979   0.000666

   29 H   s             0.138522   0.017216

   30 C   s             0.001904   0.000001
          p_y           0.004615   0.000024
          p_z           0.007632   0.000044
          p_x          -0.001961   0.000002

   31 C   s            -0.027255   0.000786
          p_y           0.002765   0.000018
          p_z           0.020020   0.000545
          p_x          -0.038434   0.002155

   32 H   s            -0.013171   0.000205

   33 C   s             0.020704   0.000229
          p_y           0.000968   0.000001
          p_z           0.001757   0.000004
          p_x           0.005499   0.000022

   34 H   s             0.013722   0.000115

   35 H   s            -0.010697  -0.000018

   36 H   s             0.022045   0.000244

Eigenvector:  42    (up)

    1 C   s            -0.018535   0.000183
          p_y          -0.032223   0.001292
          p_z          -0.052603   0.003022
          p_x          -0.031255   0.001080

    2 C   s            -0.005231   0.000011
          p_y          -0.215251   0.064561
          p_z          -0.097943   0.013248
          p_x          -0.110550   0.017150

    3 C   s             0.015594   0.000162
          p_y           0.293446   0.093419
          p_z           0.173248   0.032679
          p_x           0.143511   0.022412

    4 C   s            -0.023754   0.000478
          p_y          -0.121854   0.020787
          p_z          -0.053115   0.003553
          p_x          -0.049805   0.003571

    5 C   s            -0.006554   0.000034
          p_y          -0.396391   0.197186
          p_z          -0.167397   0.034868
          p_x          -0.226666   0.064593

    6 H   s            -0.012485   0.000115

    7 C   s            -0.015241   0.000189
          p_y           0.053104   0.003861
          p_z           0.004322   0.000020
          p_x           0.018327   0.000441

    8 C   s            -0.010691   0.000112
          p_y           0.195370   0.057952
          p_z           0.070409   0.007544
          p_x           0.098876   0.014726

    9 C   s             0.011671   0.000086
          p_y          -0.115616   0.016722
          p_z          -0.057811   0.003613
          p_x          -0.043512   0.002513

   10 H   s            -0.017778   0.000267

   11 C   s             0.004485   0.000033
          p_y          -0.143697   0.035373
          p_z          -0.080697   0.010973
          p_x          -0.044559   0.003190

   12 C   s             0.005657   0.000029
          p_y          -0.213223   0.064049
          p_z          -0.089407   0.011199
          p_x          -0.091842   0.011893

   13 H   s            -0.015080   0.000174

   14 H   s            -0.000502   0.000001

   15 C   s             0.020642   0.000222
          p_y           0.246121   0.063964
          p_z           0.153684   0.025006
          p_x           0.114521   0.013707

   16 C   s             0.000442   0.000000
          p_y           0.003726  -0.000003
          p_z           0.000361  -0.000000
          p_x          -0.001413   0.000005

   17 C   s            -0.005206   0.000026
          p_y          -0.090911   0.014055
          p_z          -0.033026   0.001847
          p_x          -0.031102   0.001610

   18 H   s            -0.031003   0.001263

   19 C   s            -0.002347   0.000009
          p_y          -0.120827   0.022810
          p_z          -0.067217   0.006957
          p_x          -0.040640   0.002488

   20 C   s             0.000011   0.000000
          p_y           0.011815   0.000497
          p_z           0.001362   0.000015
          p_x           0.007530   0.000200

   21 C   s            -0.000310  -0.000000
          p_y           0.010626   0.000103
          p_z           0.006600   0.000043
          p_x           0.005762   0.000031

   22 H   s             0.000727  -0.000000

   23 C   s             0.006884   0.000037
          p_y          -0.099462   0.014452
          p_z          -0.038063   0.002111
          p_x          -0.069420   0.007022

   24 H   s             0.001226   0.000001

   25 H   s             0.018138   0.000449

   26 H   s             0.001736   0.000001

   27 C   s            -0.007360   0.000025
          p_y          -0.023897   0.000429
          p_z           0.000443   0.000000
          p_x          -0.011209   0.000089

   28 C   s            -0.000639   0.000000
          p_y           0.011589   0.000166
          p_z           0.002397   0.000006
          p_x           0.008997   0.000104

   29 H   s             0.002903   0.000008

   30 C   s             0.002671   0.000005
          p_y          -0.018106   0.000334
          p_z          -0.011471   0.000134
          p_x          -0.006229   0.000038

   31 C   s            -0.000787   0.000001
          p_y           0.009181   0.000119
          p_z           0.007056   0.000069
          p_x           0.002198   0.000006

   32 H   s            -0.001815   0.000003

   33 C   s            -0.001517   0.000001
          p_y           0.010405   0.000093
          p_z           0.006782   0.000041
          p_x           0.006762   0.000039

   34 H   s            -0.000298   0.000000

   35 H   s            -0.000769  -0.000000

   36 H   s            -0.000687   0.000000

Eigenvector:  43    (up)

    1 C   s            -0.058391   0.001679
          p_y           0.123669   0.015968
          p_z          -0.072269   0.005448
          p_x           0.005382   0.000032

    2 C   s            -0.035591   0.000879
          p_y          -0.029861   0.001293
          p_z           0.062980   0.005574
          p_x           0.006746   0.000060

    3 C   s            -0.044588   0.001141
          p_y          -0.019229   0.000478
          p_z          -0.015918   0.000292
          p_x           0.104582   0.012414

    4 C   s            -0.064135   0.002877
          p_y           0.039029   0.001704
          p_z           0.000277   0.000011
          p_x          -0.010587   0.000527

    5 C   s             0.056960   0.002484
          p_y           0.000941   0.000006
          p_z          -0.160926   0.031820
          p_x          -0.052448   0.003882

    6 H   s            -0.085378   0.005530

    7 C   s             0.024696   0.000666
          p_y          -0.020689   0.000747
          p_z          -0.054655   0.004100
          p_x           0.044337   0.003219

    8 C   s             0.060229   0.003826
          p_y          -0.050638   0.003791
          p_z           0.048636   0.003569
          p_x          -0.030458   0.001358

    9 C   s             0.036567   0.001240
          p_y           0.013275   0.000209
          p_z           0.057640   0.004139
          p_x          -0.068806   0.006215

   10 H   s            -0.122973   0.010577

   11 C   s             0.024909  -0.000042
          p_y           0.109251   0.022467
          p_z          -0.090798   0.014505
          p_x          -0.213113   0.083829

   12 C   s            -0.099257   0.007893
          p_y          -0.137692   0.025650
          p_z           0.145332   0.029470
          p_x          -0.028078   0.001358

   13 H   s            -0.004605  -0.000013

   14 H   s            -0.061462   0.004154

   15 C   s            -0.119476   0.008312
          p_y          -0.086710   0.007793
          p_z          -0.262533   0.074361
          p_x           0.145491   0.023890

   16 C   s             0.062861   0.003524
          p_y           0.037376   0.001305
          p_z          -0.077466   0.006494
          p_x           0.023016   0.000700

   17 C   s             0.129022   0.015150
          p_y          -0.056680   0.004979
          p_z           0.106401   0.018965
          p_x          -0.046487   0.004204

   18 H   s             0.302394   0.118583

   19 C   s            -0.019140  -0.000242
          p_y           0.139912   0.033008
          p_z          -0.122852   0.023867
          p_x          -0.262570   0.114807

   20 C   s            -0.034989   0.002649
          p_y          -0.013223   0.000504
          p_z           0.051150   0.007597
          p_x          -0.035774   0.004317

   21 C   s             0.005109   0.000035
          p_y          -0.012355   0.000119
          p_z           0.033516   0.000375
          p_x          -0.017102  -0.000083

   22 H   s             0.013593  -0.000104

   23 C   s            -0.066537   0.003590
          p_y          -0.026464   0.000840
          p_z          -0.075182   0.007917
          p_x           0.038884   0.001622

   24 H   s             0.111266   0.011495

   25 H   s            -0.348061   0.159862

   26 H   s            -0.030403   0.000158

   27 C   s             0.031181   0.000443
          p_y           0.054144   0.002324
          p_z          -0.073956   0.004070
          p_x          -0.024317   0.000605

   28 C   s             0.007114   0.000020
          p_y           0.007394   0.000050
          p_z          -0.043369   0.002189
          p_x           0.007268   0.000079

   29 H   s            -0.001606   0.000008

   30 C   s            -0.012464   0.000108
          p_y           0.008088   0.000073
          p_z           0.023947   0.000524
          p_x          -0.013722   0.000192

   31 C   s            -0.014282   0.000221
          p_y          -0.000685  -0.000001
          p_z           0.008197   0.000085
          p_x          -0.022400   0.000705

   32 H   s            -0.001428   0.000003

   33 C   s             0.022657   0.000268
          p_y           0.002768   0.000007
          p_z          -0.007086   0.000040
          p_x          -0.004010   0.000016

   34 H   s             0.013152   0.000097

   35 H   s            -0.006392  -0.000007

   36 H   s             0.022859   0.000263

Eigenvector:  44    (up)

    1 C   s             0.012848   0.000069
          p_y          -0.316331   0.103846
          p_z          -0.083368   0.007089
          p_x          -0.141769   0.020844

    2 C   s             0.007961   0.000053
          p_y          -0.057844   0.004255
          p_z          -0.050965   0.003310
          p_x          -0.024528   0.000798

    3 C   s             0.019445   0.000243
          p_y           0.020293   0.000560
          p_z           0.078435   0.006595
          p_x          -0.042315   0.001909

    4 C   s             0.005582   0.000005
          p_y          -0.126728   0.021339
          p_z          -0.046510   0.003577
          p_x          -0.041167   0.001748

    5 C   s            -0.003745   0.000015
          p_y           0.220789   0.059542
          p_z           0.141673   0.024396
          p_x           0.005344   0.000001

    6 H   s            -0.020306   0.000315

    7 C   s            -0.016534   0.000194
          p_y           0.113620   0.018124
          p_z           0.028795   0.001251
          p_x           0.055510   0.004514

    8 C   s            -0.028286   0.000851
          p_y           0.173007   0.043795
          p_z           0.014534   0.000306
          p_x           0.097606   0.013876

    9 C   s            -0.010940   0.000136
          p_y          -0.087627   0.008936
          p_z          -0.064332   0.004248
          p_x           0.004874   0.000039

   10 H   s             0.051950   0.001815

   11 C   s             0.026433   0.000548
          p_y           0.157476   0.041342
          p_z          -0.083257   0.011137
          p_x           0.024434   0.000665

   12 C   s            -0.010926   0.000091
          p_y           0.167376   0.038522
          p_z           0.181020   0.045393
          p_x           0.120496   0.019209

   13 H   s            -0.000706  -0.000000

   14 H   s             0.027709   0.000823

   15 C   s             0.073307   0.002973
          p_y           0.369277   0.139629
          p_z           0.324028   0.109658
          p_x           0.082197   0.006345

   16 C   s            -0.023591   0.000498
          p_y          -0.011525   0.000154
          p_z           0.030942   0.000998
          p_x          -0.010402   0.000150

   17 C   s             0.095998   0.008175
          p_y           0.036605   0.002226
          p_z           0.142235   0.033359
          p_x           0.018399   0.000425

   18 H   s             0.068786   0.006137

   19 C   s            -0.015947   0.000024
          p_y           0.213944   0.070832
          p_z           0.032956   0.001427
          p_x          -0.048988   0.004437

   20 C   s             0.016217   0.000587
          p_y           0.023758   0.001805
          p_z          -0.020473   0.001039
          p_x           0.027418   0.002494

   21 C   s            -0.002431   0.000006
          p_y           0.008151   0.000053
          p_z          -0.011075   0.000024
          p_x           0.010205   0.000009

   22 H   s            -0.004749  -0.000013

   23 C   s            -0.032832   0.000882
          p_y           0.119248   0.020424
          p_z           0.019112   0.000549
          p_x           0.098441   0.012795

   24 H   s             0.136352   0.016634

   25 H   s            -0.158581   0.032683

   26 H   s             0.016354   0.000044

   27 C   s            -0.023602   0.000251
          p_y          -0.048342   0.001761
          p_z           0.034983   0.000915
          p_x          -0.001267  -0.000004

   28 C   s            -0.003759   0.000007
          p_y           0.005368   0.000040
          p_z           0.019571   0.000440
          p_x           0.003869   0.000016

   29 H   s            -0.021300   0.000409

   30 C   s             0.009206   0.000058
          p_y          -0.027267   0.000749
          p_z          -0.025675   0.000629
          p_x          -0.001903   0.000003

   31 C   s             0.005690   0.000034
          p_y           0.011301   0.000166
          p_z           0.004571   0.000029
          p_x           0.013177   0.000235

   32 H   s            -0.000727   0.000000

   33 C   s            -0.012248   0.000078
          p_y           0.011919   0.000118
          p_z           0.011221   0.000106
          p_x           0.010182   0.000090

   34 H   s            -0.006015   0.000019

   35 H   s             0.002023  -0.000001

   36 H   s            -0.011494   0.000067

Eigenvector:  45    (up)

    1 C   s            -0.021958   0.000132
          p_y          -0.116084   0.013806
          p_z          -0.199252   0.040768
          p_x          -0.083778   0.007191

    2 C   s            -0.039421   0.001172
          p_y          -0.080131   0.008363
          p_z           0.025303   0.000806
          p_x          -0.031431   0.001175

    3 C   s            -0.057483   0.002029
          p_y           0.042923   0.001870
          p_z          -0.101623   0.010488
          p_x           0.149120   0.024406

    4 C   s            -0.096069   0.006525
          p_y          -0.032444   0.001937
          p_z          -0.069264   0.001762
          p_x          -0.036229   0.004064

    5 C   s             0.017063   0.000273
          p_y           0.076544   0.006762
          p_z          -0.090660   0.009889
          p_x           0.181818   0.040899

    6 H   s            -0.000722   0.000000

    7 C   s             0.039263   0.001246
          p_y           0.062672   0.005568
          p_z           0.050051   0.003451
          p_x           0.054785   0.004155

    8 C   s             0.064067   0.004350
          p_y           0.039122   0.002234
          p_z           0.178265   0.045765
          p_x           0.011555   0.000228

    9 C   s             0.062070   0.003412
          p_y          -0.063904   0.004564
          p_z           0.075648   0.007144
          p_x          -0.127258   0.019162

   10 H   s            -0.132548   0.012287

   11 C   s            -0.029930   0.000866
          p_y          -0.023199   0.000878
          p_z           0.194389   0.059820
          p_x          -0.013482   0.000199

   12 C   s            -0.010274   0.000094
          p_y           0.155656   0.032634
          p_z           0.005870   0.000022
          p_x           0.035145   0.001916

   13 H   s            -0.005237   0.000017

   14 H   s            -0.059909   0.003817

   15 C   s            -0.162603   0.015424
          p_y           0.220847   0.050022
          p_z          -0.297565   0.095939
          p_x           0.366701   0.143347

   16 C   s             0.126484   0.013850
          p_y           0.075900   0.005049
          p_z          -0.148323   0.023544
          p_x           0.041419   0.002325

   17 C   s            -0.116185   0.011802
          p_y           0.089492   0.012785
          p_z          -0.109059   0.019618
          p_x           0.047986   0.003974

   18 H   s            -0.012183   0.000210

   19 C   s             0.016292   0.000048
          p_y           0.021128   0.000431
          p_z           0.027776   0.001331
          p_x           0.166231   0.043350

   20 C   s            -0.061773   0.007933
          p_y          -0.004749   0.000012
          p_z           0.092909   0.024815
          p_x          -0.053138   0.009316

   21 C   s             0.008915   0.000117
          p_y          -0.017742   0.000229
          p_z           0.058883   0.000988
          p_x          -0.031352  -0.000292

   22 H   s             0.027035  -0.000416

   23 C   s             0.034073   0.000959
          p_y           0.078988   0.008422
          p_z           0.084630   0.009766
          p_x          -0.032682   0.001178

   24 H   s            -0.190099   0.031789

   25 H   s             0.150458   0.028979

   26 H   s            -0.045811   0.000346

   27 C   s             0.042653   0.000820
          p_y           0.071768   0.004133
          p_z          -0.126040   0.011538
          p_x          -0.059094   0.003241

   28 C   s             0.015508   0.000104
          p_y           0.019182   0.000363
          p_z          -0.073221   0.006091
          p_x           0.014888   0.000318

   29 H   s             0.040674   0.001405

   30 C   s            -0.017986   0.000221
          p_y          -0.007848   0.000048
          p_z           0.026338   0.000585
          p_x          -0.032331   0.001024

   31 C   s            -0.023729   0.000607
          p_y           0.008492   0.000121
          p_z           0.020157   0.000512
          p_x          -0.033399   0.001555

   32 H   s            -0.002681   0.000011

   33 C   s             0.036273   0.000676
          p_y           0.018603   0.000293
          p_z          -0.004144   0.000012
          p_x          -0.000153   0.000000

   34 H   s             0.024075   0.000321

   35 H   s            -0.011157  -0.000022

   36 H   s             0.037416   0.000690

Eigenvector:  46    (up)

    1 C   s             0.028054   0.000412
          p_y          -0.064190   0.003979
          p_z           0.161779   0.026163
          p_x          -0.043181   0.001996

    2 C   s             0.037870   0.001114
          p_y           0.035322   0.001605
          p_z          -0.143076   0.025123
          p_x           0.013628   0.000134

    3 C   s            -0.017850   0.000164
          p_y           0.098770   0.010056
          p_z          -0.227618   0.052137
          p_x           0.042906   0.001638

    4 C   s             0.072548   0.004347
          p_y           0.052921   0.003435
          p_z          -0.130402   0.018252
          p_x           0.070474   0.003558

    5 C   s            -0.044704   0.001500
          p_y          -0.033191   0.001140
          p_z           0.204060   0.046715
          p_x          -0.187608   0.040883

    6 H   s             0.000182   0.000000

    7 C   s            -0.082227   0.005675
          p_y          -0.051155   0.003167
          p_z           0.256782   0.085543
          p_x          -0.130086   0.023242

    8 C   s            -0.020542   0.000246
          p_y          -0.038833   0.002012
          p_z           0.150936   0.030431
          p_x          -0.061077   0.004960

    9 C   s             0.015072   0.000251
          p_y          -0.029823   0.000689
          p_z           0.092435   0.005904
          p_x          -0.055546   0.001134

   10 H   s             0.097910   0.006171

   11 C   s            -0.002969  -0.000033
          p_y           0.007771   0.000018
          p_z          -0.191304   0.053722
          p_x           0.137130   0.029817

   12 C   s             0.006024   0.000042
          p_y           0.039133   0.001971
          p_z          -0.259577   0.085819
          p_x           0.158918   0.032084

   13 H   s            -0.050559   0.001759

   14 H   s             0.000666   0.000000

   15 C   s            -0.075222   0.003226
          p_y           0.070129   0.005211
          p_z          -0.248033   0.062759
          p_x           0.069831   0.004702

   16 C   s             0.099481   0.008114
          p_y           0.054678   0.002552
          p_z          -0.108074   0.011963
          p_x           0.031587   0.001371

   17 C   s             0.095205   0.007785
          p_y          -0.031648   0.001548
          p_z           0.086039   0.011541
          p_x          -0.039250   0.002422

   18 H   s            -0.127828   0.019357

   19 C   s             0.040405   0.001590
          p_y          -0.063133   0.005489
          p_z           0.241590   0.079948
          p_x          -0.105080   0.015032

   20 C   s            -0.029232   0.001643
          p_y          -0.006722   0.000081
          p_z           0.043679   0.004874
          p_x          -0.030204   0.002836

   21 C   s             0.004281   0.000036
          p_y          -0.011004   0.000076
          p_z           0.032964   0.000094
          p_x          -0.024164  -0.000104

   22 H   s             0.019631  -0.000225

   23 C   s            -0.082452   0.005190
          p_y          -0.033404   0.001428
          p_z          -0.123736   0.020146
          p_x           0.165429   0.035564

   24 H   s             0.206529   0.035204

   25 H   s            -0.067591   0.005186

   26 H   s            -0.013868   0.000026

   27 C   s             0.015386   0.000103
          p_y           0.046072   0.001632
          p_z          -0.062701   0.002771
          p_x          -0.038076   0.001282

   28 C   s             0.012686   0.000076
          p_y           0.004357   0.000011
          p_z          -0.044425   0.002130
          p_x           0.001596   0.000006

   29 H   s            -0.134959   0.014604

   30 C   s            -0.007223   0.000035
          p_y           0.006219   0.000042
          p_z           0.015703   0.000201
          p_x          -0.011981   0.000132

   31 C   s            -0.013779   0.000193
          p_y          -0.000762  -0.000000
          p_z           0.007462   0.000065
          p_x          -0.020467   0.000560

   32 H   s            -0.001452   0.000003

   33 C   s             0.018796   0.000176
          p_y           0.006012   0.000029
          p_z          -0.003232   0.000008
          p_x          -0.002688   0.000007

   34 H   s             0.015154   0.000122

   35 H   s            -0.005956  -0.000006

   36 H   s             0.019199   0.000176

Eigenvector:  47    (up)

    1 C   s             0.017662   0.000138
          p_y          -0.231421   0.052227
          p_z          -0.084047   0.007152
          p_x          -0.100841   0.009806

    2 C   s            -0.017941   0.000239
          p_y          -0.265071   0.087501
          p_z          -0.122316   0.018692
          p_x          -0.123920   0.019012

    3 C   s             0.008985   0.000036
          p_y           0.293441   0.085403
          p_z           0.147678   0.021394
          p_x           0.131580   0.016947

    4 C   s             0.019100   0.000259
          p_y           0.136205   0.023109
          p_z           0.090620   0.008982
          p_x           0.049971   0.003696

    5 C   s             0.006293   0.000027
          p_y          -0.147417   0.024743
          p_z          -0.061657   0.004196
          p_x          -0.086520   0.008417

    6 H   s            -0.004623   0.000018

    7 C   s            -0.009341   0.000065
          p_y           0.272682   0.096925
          p_z           0.120605   0.018973
          p_x           0.130918   0.022328

    8 C   s            -0.002220   0.000005
          p_y          -0.070781   0.006796
          p_z          -0.042344   0.002353
          p_x          -0.036560   0.001840

    9 C   s            -0.017518   0.000216
          p_y           0.142698   0.022519
          p_z           0.050012   0.002644
          p_x           0.065490   0.004532

   10 H   s             0.003485   0.000017

   11 C   s            -0.004215   0.000011
          p_y          -0.043400   0.002871
          p_z          -0.009434   0.000123
          p_x          -0.003386   0.000007

   12 C   s             0.004273   0.000012
          p_y           0.168481   0.036639
          p_z           0.102388   0.013542
          p_x           0.092577   0.010917

   13 H   s            -0.003593   0.000010

   14 H   s             0.002252   0.000005

   15 C   s            -0.000780  -0.000002
          p_y          -0.435949   0.182310
          p_z          -0.170208   0.027211
          p_x          -0.230437   0.051053

   16 C   s            -0.023344   0.000434
          p_y          -0.011205   0.000042
          p_z           0.030713   0.000979
          p_x          -0.001347   0.000002

   17 C   s             0.001282   0.000001
          p_y           0.052073   0.003988
          p_z           0.009047   0.000122
          p_x           0.008658   0.000118

   18 H   s            -0.023564   0.000641

   19 C   s            -0.003383   0.000007
          p_y           0.167073   0.038955
          p_z           0.062827   0.005471
          p_x           0.071693   0.007004

   20 C   s             0.012288   0.000269
          p_y          -0.024330   0.001808
          p_z          -0.022898   0.001554
          p_x          -0.004346   0.000051

   21 C   s            -0.001437   0.000004
          p_y          -0.003319   0.000013
          p_z          -0.012770   0.000070
          p_x           0.002915  -0.000011

   22 H   s            -0.005149  -0.000015

   23 C   s             0.008156   0.000049
          p_y           0.128133   0.021549
          p_z           0.066058   0.005728
          p_x           0.079088   0.008184

   24 H   s             0.005416   0.000024

   25 H   s            -0.015865   0.000297

   26 H   s             0.004109   0.000003

   27 C   s             0.001510   0.000001
          p_y           0.003666   0.000004
          p_z           0.016096   0.000170
          p_x           0.018000   0.000248

   28 C   s            -0.003951   0.000007
          p_y          -0.028324   0.000887
          p_z           0.003178   0.000010
          p_x          -0.018033   0.000383

   29 H   s             0.014680   0.000170

   30 C   s             0.000022  -0.000000
          p_y           0.047519   0.002112
          p_z           0.020556   0.000411
          p_x           0.026000   0.000627

   31 C   s             0.002083   0.000006
          p_y          -0.024028   0.000746
          p_z          -0.018411   0.000423
          p_x          -0.004814   0.000026

   32 H   s             0.000978   0.000001

   33 C   s            -0.003714   0.000007
          p_y          -0.020788   0.000349
          p_z          -0.009161   0.000070
          p_x          -0.008987   0.000062

   34 H   s            -0.004096   0.000009

   35 H   s             0.002362  -0.000001

   36 H   s            -0.005604   0.000014

Eigenvector:  48    (up)

    1 C   s            -0.006406  -0.000001
          p_y           0.034736   0.001138
          p_z          -0.041442   0.001760
          p_x           0.016592   0.000330

    2 C   s            -0.088285   0.005385
          p_y          -0.022292   0.000584
          p_z           0.111899   0.015198
          p_x          -0.003707   0.000021

    3 C   s             0.001309   0.000004
          p_y          -0.037690   0.001356
          p_z           0.017731   0.000266
          p_x           0.001989   0.000005

    4 C   s            -0.031103   0.000732
          p_y          -0.020509   0.000522
          p_z           0.028402   0.000990
          p_x          -0.024351   0.000658

    5 C   s             0.024980   0.000522
          p_y           0.115590   0.013793
          p_z          -0.072925   0.005008
          p_x          -0.138516   0.020334

    6 H   s            -0.070117   0.003043

    7 C   s            -0.044951   0.001434
          p_y          -0.017383   0.000454
          p_z           0.003088   0.000029
          p_x          -0.015393   0.000259

    8 C   s             0.003354   0.000009
          p_y           0.004830   0.000029
          p_z          -0.008960   0.000106
          p_x           0.009677   0.000130

    9 C   s             0.004280   0.000011
          p_y          -0.004085   0.000031
          p_z          -0.016743   0.000105
          p_x           0.003010  -0.000024

   10 H   s            -0.026931   0.000434

   11 C   s            -0.063057   0.002204
          p_y          -0.182620   0.053894
          p_z           0.210456   0.067827
          p_x           0.170738   0.049821

   12 C   s            -0.007602   0.000060
          p_y          -0.127665   0.019910
          p_z           0.112977   0.016280
          p_x           0.135633   0.021582

   13 H   s            -0.054380   0.001718

   14 H   s            -0.001664   0.000001

   15 C   s             0.004831   0.000014
          p_y           0.017179   0.000263
          p_z           0.022342   0.000470
          p_x           0.021632   0.000486

   16 C   s            -0.009228   0.000066
          p_y          -0.004955   0.000022
          p_z           0.008821   0.000075
          p_x          -0.003539   0.000015

   17 C   s            -0.036014   0.001408
          p_y           0.214855   0.065665
          p_z          -0.243250   0.086054
          p_x          -0.207683   0.059811

   18 H   s            -0.387944   0.170183

   19 C   s            -0.032083   0.000362
          p_y           0.110377   0.018194
          p_z          -0.058024   0.004721
          p_x          -0.168293   0.042988

   20 C   s            -0.000248   0.000000
          p_y           0.001688   0.000008
          p_z           0.000355   0.000001
          p_x           0.001204   0.000004

   21 C   s             0.000092  -0.000000
          p_y           0.001110   0.000001
          p_z          -0.002024  -0.000001
          p_x           0.001930  -0.000001

   22 H   s            -0.001530  -0.000001

   23 C   s             0.113449   0.009428
          p_y          -0.126330   0.020458
          p_z          -0.011828   0.000169
          p_x           0.265406   0.090142

   24 H   s             0.030571   0.000720

   25 H   s            -0.278610   0.089341

   26 H   s            -0.001130   0.000000

   27 C   s             0.000904   0.000000
          p_y          -0.002360   0.000004
          p_z           0.001729   0.000002
          p_x           0.002541   0.000005

   28 C   s            -0.000886   0.000000
          p_y           0.002297   0.000006
          p_z           0.003661   0.000014
          p_x           0.001648   0.000003

   29 H   s             0.198991   0.030910

   30 C   s            -0.000318   0.000000
          p_y          -0.004134   0.000016
          p_z          -0.001780   0.000003
          p_x          -0.001842   0.000003

   31 C   s             0.001097   0.000001
          p_y           0.002061   0.000005
          p_z           0.000862   0.000001
          p_x           0.002075   0.000005

   32 H   s             0.000148   0.000000

   33 C   s            -0.000616   0.000000
          p_y           0.001031   0.000001
          p_z           0.000560   0.000000
          p_x           0.000520   0.000000

   34 H   s            -0.000851   0.000000

   35 H   s             0.000313  -0.000000

   36 H   s            -0.000485   0.000000

Eigenvector:  49    (up)

    1 C   s             0.014067   0.000086
          p_y          -0.254677   0.058333
          p_z          -0.107930   0.010586
          p_x          -0.117219   0.012348

    2 C   s            -0.003265   0.000009
          p_y           0.012764   0.000226
          p_z           0.004152   0.000021
          p_x           0.009678   0.000127

    3 C   s             0.001645   0.000001
          p_y           0.083321   0.006618
          p_z           0.038289   0.001371
          p_x           0.037567   0.001306

    4 C   s            -0.007062   0.000039
          p_y           0.022371   0.000522
          p_z           0.023738   0.000566
          p_x          -0.000322  -0.000000

    5 C   s            -0.001913   0.000002
          p_y           0.282697   0.083220
          p_z           0.124102   0.016069
          p_x           0.137730   0.019812

    6 H   s             0.001069   0.000001

    7 C   s            -0.004340   0.000013
          p_y           0.172473   0.035898
          p_z           0.079353   0.007595
          p_x           0.083141   0.008330

    8 C   s            -0.000991   0.000001
          p_y           0.004340   0.000026
          p_z           0.002411   0.000009
          p_x           0.001602   0.000003

    9 C   s            -0.005530   0.000021
          p_y           0.042446   0.001922
          p_z           0.013109   0.000235
          p_x           0.018061   0.000293

   10 H   s            -0.006573   0.000019

   11 C   s            -0.000079  -0.000000
          p_y          -0.008792   0.000153
          p_z           0.000013  -0.000000
          p_x          -0.003773   0.000029

   12 C   s             0.002824   0.000006
          p_y           0.126389   0.018414
          p_z           0.067119   0.005221
          p_x           0.064530   0.004787

   13 H   s            -0.000908   0.000001

   14 H   s            -0.000031   0.000000

   15 C   s            -0.001676   0.000000
          p_y          -0.066971   0.003979
          p_z          -0.029736   0.000773
          p_x          -0.034255   0.001012

   16 C   s             0.005210   0.000014
          p_y           0.024964   0.000659
          p_z           0.015139   0.000219
          p_x           0.013422   0.000189

   17 C   s            -0.003730   0.000012
          p_y          -0.246942   0.083717
          p_z          -0.119871   0.019698
          p_x          -0.123589   0.020870

   18 H   s            -0.002378   0.000006

   19 C   s            -0.002670   0.000006
          p_y          -0.268342   0.091895
          p_z          -0.129331   0.021345
          p_x          -0.140603   0.025373

   20 C   s             0.002453   0.000009
          p_y          -0.008736   0.000190
          p_z          -0.004545   0.000053
          p_x          -0.003261   0.000025

   21 C   s            -0.000743   0.000000
          p_y           0.006055   0.000015
          p_z           0.000629  -0.000000
          p_x           0.002978   0.000001

   22 H   s            -0.000407  -0.000000

   23 C   s             0.007580   0.000037
          p_y          -0.485956   0.284767
          p_z          -0.226156   0.061633
          p_x          -0.238264   0.068438

   24 H   s            -0.002195   0.000004

   25 H   s            -0.005047   0.000027

   26 H   s             0.000548   0.000000

   27 C   s            -0.001968   0.000001
          p_y          -0.029866   0.000584
          p_z          -0.013414   0.000119
          p_x          -0.016026   0.000168

   28 C   s            -0.002648   0.000003
          p_y          -0.073813   0.005700
          p_z          -0.028665   0.000849
          p_x          -0.046591   0.002300

   29 H   s             0.005341   0.000023

   30 C   s             0.000143   0.000000
          p_y           0.071289   0.004515
          p_z           0.031746   0.000898
          p_x           0.036628   0.001201

   31 C   s            -0.004699   0.000012
          p_y          -0.046486   0.002579
          p_z          -0.032089   0.001227
          p_x          -0.020689   0.000500

   32 H   s            -0.000627   0.000000

   33 C   s            -0.001560   0.000001
          p_y          -0.009542   0.000076
          p_z          -0.005489   0.000026
          p_x          -0.002257   0.000004

   34 H   s            -0.000504   0.000000

   35 H   s             0.000559  -0.000000

   36 H   s            -0.005150   0.000011

Eigenvector:  50    (up)

    1 C   s             0.004515   0.000009
          p_y          -0.039841   0.001406
          p_z          -0.011422   0.000123
          p_x          -0.017459   0.000266

    2 C   s            -0.001346   0.000001
          p_y          -0.012073   0.000163
          p_z          -0.007780   0.000069
          p_x          -0.004261   0.000020

    3 C   s            -0.001725   0.000002
          p_y           0.016525   0.000255
          p_z           0.002556   0.000005
          p_x           0.009712   0.000085

    4 C   s             0.004598   0.000017
          p_y           0.036275   0.001493
          p_z           0.019559   0.000556
          p_x           0.030532   0.000934

    5 C   s             0.000069   0.000000
          p_y           0.027507   0.000778
          p_z           0.014089   0.000204
          p_x           0.013255   0.000181

    6 H   s             0.000052  -0.000000

    7 C   s            -0.000554   0.000000
          p_y           0.042071   0.002119
          p_z           0.022748   0.000617
          p_x           0.020201   0.000487

    8 C   s             0.003502   0.000009
          p_y          -0.024233   0.000722
          p_z          -0.004513   0.000026
          p_x          -0.010901   0.000150

    9 C   s             0.008868   0.000063
          p_y           0.018907   0.000312
          p_z           0.033939   0.001093
          p_x           0.007718   0.000067

   10 H   s             0.008025   0.000038

   11 C   s            -0.000205   0.000000
          p_y          -0.009203   0.000123
          p_z          -0.005510   0.000043
          p_x          -0.004252   0.000026

   12 C   s             0.000229   0.000000
          p_y           0.035916   0.001488
          p_z           0.016038   0.000298
          p_x           0.018781   0.000407

   13 H   s            -0.000627   0.000000

   14 H   s            -0.000938   0.000001

   15 C   s            -0.003915   0.000010
          p_y          -0.049974   0.002139
          p_z          -0.033720   0.000986
          p_x          -0.011180   0.000112

   16 C   s            -0.040253   0.000857
          p_y          -0.178000   0.031026
          p_z          -0.096073   0.008615
          p_x          -0.087458   0.007585

   17 C   s            -0.000038   0.000000
          p_y          -0.041462   0.002335
          p_z          -0.018769   0.000478
          p_x          -0.019925   0.000538

   18 H   s             0.000032   0.000000

   19 C   s             0.000171   0.000000
          p_y          -0.028870   0.001052
          p_z          -0.012405   0.000195
          p_x          -0.014852   0.000279

   20 C   s            -0.008572   0.000113
          p_y           0.027548   0.001671
          p_z           0.010762   0.000254
          p_x           0.010202   0.000227

   21 C   s             0.005150   0.000010
          p_y          -0.069737   0.002718
          p_z          -0.022585   0.000215
          p_x          -0.030697   0.000386

   22 H   s             0.001089  -0.000001

   23 C   s             0.000435   0.000000
          p_y          -0.068295   0.005560
          p_z          -0.032228   0.001237
          p_x          -0.033457   0.001334

   24 H   s             0.000401   0.000000

   25 H   s            -0.000317   0.000000

   26 H   s            -0.003268   0.000003

   27 C   s             0.017634   0.000100
          p_y           0.230888   0.034285
          p_z           0.106882   0.007396
          p_x           0.130685   0.011089

   28 C   s             0.016511   0.000102
          p_y           0.496637   0.255632
          p_z           0.201327   0.041538
          p_x           0.313927   0.103302

   29 H   s            -0.000224   0.000000

   30 C   s            -0.001407   0.000003
          p_y          -0.455190   0.182697
          p_z          -0.201833   0.035965
          p_x          -0.233949   0.048698

   31 C   s             0.034902   0.000687
          p_y           0.310131   0.113573
          p_z           0.213481   0.053898
          p_x           0.142167   0.023432

   32 H   s             0.006334   0.000038

   33 C   s             0.010073   0.000032
          p_y           0.044432   0.001735
          p_z           0.028024   0.000713
          p_x           0.004426   0.000014

   34 H   s             0.002108   0.000002

   35 H   s            -0.001940  -0.000003

   36 H   s             0.034028   0.000482

Eigenvector:  51    (up)

    1 C   s             0.002679   0.000003
          p_y          -0.029188   0.000713
          p_z          -0.010199   0.000090
          p_x          -0.013043   0.000139

    2 C   s            -0.000851   0.000001
          p_y          -0.005955   0.000035
          p_z          -0.004110   0.000017
          p_x          -0.001754   0.000003

    3 C   s            -0.000534   0.000000
          p_y           0.025858   0.000573
          p_z           0.009316   0.000073
          p_x           0.014039   0.000166

    4 C   s             0.000622   0.000000
          p_y           0.010181   0.000105
          p_z           0.006017   0.000074
          p_x           0.020064   0.000338

    5 C   s            -0.000155   0.000000
          p_y           0.029826   0.000866
          p_z           0.014110   0.000193
          p_x           0.014199   0.000196

    6 H   s             0.000046  -0.000000

    7 C   s             0.000875   0.000000
          p_y          -0.024183   0.000661
          p_z          -0.009682   0.000108
          p_x          -0.011481   0.000149

    8 C   s             0.000152   0.000000
          p_y           0.030567   0.001096
          p_z           0.018202   0.000373
          p_x           0.015565   0.000274

    9 C   s             0.009777   0.000062
          p_y          -0.002216   0.000006
          p_z           0.022616   0.000454
          p_x          -0.001009  -0.000000

   10 H   s             0.006878   0.000024

   11 C   s            -0.000421   0.000000
          p_y           0.045525   0.002645
          p_z           0.021379   0.000586
          p_x           0.023313   0.000694

   12 C   s            -0.000944   0.000001
          p_y          -0.045186   0.002215
          p_z          -0.022838   0.000566
          p_x          -0.020838   0.000470

   13 H   s             0.000024   0.000000

   14 H   s            -0.002527   0.000005

   15 C   s             0.000898  -0.000000
          p_y           0.004628   0.000022
          p_z          -0.003840   0.000010
          p_x           0.017297   0.000248

   16 C   s            -0.024574   0.000297
          p_y          -0.097936   0.008938
          p_z          -0.042844   0.001765
          p_x          -0.043503   0.001666

   17 C   s             0.000538   0.000000
          p_y           0.040105   0.002027
          p_z           0.018576   0.000435
          p_x           0.019345   0.000472

   18 H   s            -0.000673   0.000000

   19 C   s             0.000277   0.000000
          p_y          -0.032878   0.001262
          p_z          -0.014260   0.000237
          p_x          -0.016902   0.000333

   20 C   s             0.002899   0.000006
          p_y          -0.032940   0.002221
          p_z          -0.009793   0.000199
          p_x          -0.014402   0.000430

   21 C   s            -0.008473   0.000041
          p_y          -0.000879  -0.000014
          p_z          -0.007740  -0.000013
          p_x           0.000438   0.000004

   22 H   s             0.000927  -0.000001

   23 C   s            -0.000444   0.000000
          p_y           0.007100   0.000057
          p_z           0.002963   0.000010
          p_x           0.004394   0.000021

   24 H   s             0.000551   0.000000

   25 H   s            -0.000602   0.000000

   26 H   s            -0.003800  -0.000000

   27 C   s             0.007363   0.000022
          p_y          -0.215491   0.028873
          p_z          -0.089971   0.005100
          p_x          -0.087789   0.004721

   28 C   s             0.038416   0.000790
          p_y           0.534478   0.275828
          p_z           0.255490   0.062477
          p_x           0.322732   0.100110

   29 H   s            -0.000343   0.000000

   30 C   s             0.006458   0.000015
          p_y           0.554059   0.256104
          p_z           0.261077   0.056734
          p_x           0.283803   0.067093

   31 C   s            -0.025547   0.000490
          p_y          -0.107605   0.011524
          p_z          -0.053741   0.002780
          p_x          -0.065206   0.004274

   32 H   s             0.019208   0.000293

   33 C   s             0.017145   0.000116
          p_y          -0.300643   0.062804
          p_z          -0.125124   0.010755
          p_x          -0.144044   0.014385

   34 H   s            -0.000983  -0.000000

   35 H   s            -0.001837   0.000001

   36 H   s             0.011568   0.000063

Eigenvector:  52    (up)

    1 C   s            -0.010661   0.000043
          p_y           0.194379   0.031421
          p_z           0.081565   0.005607
          p_x           0.087044   0.006249

    2 C   s             0.004324   0.000013
          p_y           0.063596   0.004092
          p_z           0.033608   0.001175
          p_x           0.027809   0.000767

    3 C   s            -0.007666   0.000022
          p_y          -0.258086   0.055865
          p_z          -0.118714   0.011823
          p_x          -0.121716   0.012331

    4 C   s             0.002697   0.000006
          p_y          -0.032418   0.001057
          p_z          -0.026842   0.000706
          p_x          -0.007557   0.000068

    5 C   s             0.000764  -0.000000
          p_y          -0.191398   0.035343
          p_z          -0.087711   0.007423
          p_x          -0.090886   0.007972

    6 H   s            -0.001545   0.000001

    7 C   s            -0.001929   0.000002
          p_y           0.102471   0.012002
          p_z           0.047978   0.002681
          p_x           0.050280   0.002886

    8 C   s             0.005962   0.000023
          p_y          -0.088734   0.009077
          p_z          -0.045359   0.002405
          p_x          -0.041074   0.001918

    9 C   s             0.002655   0.000004
          p_y          -0.037549   0.001305
          p_z          -0.014197   0.000213
          p_x          -0.015455   0.000187

   10 H   s             0.003661   0.000004

   11 C   s             0.002183   0.000003
          p_y          -0.354322   0.158477
          p_z          -0.169069   0.036186
          p_x          -0.179890   0.040900

   12 C   s             0.004670   0.000012
          p_y           0.345386   0.127827
          p_z           0.167891   0.030225
          p_x           0.164520   0.029009

   13 H   s            -0.001950   0.000002

   14 H   s             0.001433   0.000002

   15 C   s             0.003964   0.000003
          p_y           0.146259   0.017365
          p_z           0.069432   0.003905
          p_x           0.072057   0.004212

   16 C   s             0.000795   0.000000
          p_y          -0.005089   0.000031
          p_z          -0.006243   0.000037
          p_x          -0.003887   0.000015

   17 C   s            -0.003479   0.000008
          p_y          -0.326303   0.132483
          p_z          -0.150119   0.028079
          p_x          -0.157008   0.030697

   18 H   s             0.004634   0.000020

   19 C   s            -0.000169   0.000000
          p_y           0.270518   0.084369
          p_z           0.122812   0.017382
          p_x           0.139217   0.022348

   20 C   s            -0.002243   0.000007
          p_y           0.006486   0.000108
          p_z           0.005401   0.000073
          p_x           0.002096   0.000011

   21 C   s            -0.001016   0.000000
          p_y           0.003320   0.000014
          p_z           0.001001   0.000001
          p_x           0.000545   0.000001

   22 H   s             0.000359  -0.000000

   23 C   s             0.001582   0.000002
          p_y          -0.051738   0.003005
          p_z          -0.022752   0.000582
          p_x          -0.030362   0.001018

   24 H   s            -0.002836   0.000006

   25 H   s             0.003841   0.000014

   26 H   s            -0.000603   0.000000

   27 C   s            -0.001107   0.000000
          p_y          -0.041448   0.001029
          p_z          -0.018670   0.000211
          p_x          -0.021019   0.000268

   28 C   s             0.005463   0.000016
          p_y           0.059612   0.003392
          p_z           0.027462   0.000716
          p_x           0.035286   0.001180

   29 H   s             0.000508   0.000000

   30 C   s             0.001250   0.000001
          p_y           0.080457   0.005364
          p_z           0.037277   0.001144
          p_x           0.041280   0.001416

   31 C   s            -0.004974   0.000018
          p_y          -0.021580   0.000475
          p_z          -0.012103   0.000150
          p_x          -0.012782   0.000168

   32 H   s             0.002270   0.000004

   33 C   s             0.002077   0.000002
          p_y          -0.037021   0.000950
          p_z          -0.015569   0.000167
          p_x          -0.017100   0.000201

   34 H   s             0.000372   0.000000

   35 H   s            -0.000593   0.000000

   36 H   s             0.000720   0.000000

Eigenvector:  53    (up)

    1 C   s            -0.018235   0.000105
          p_y           0.276089   0.054253
          p_z           0.106993   0.008231
          p_x           0.123317   0.010766

    2 C   s            -0.006539   0.000016
          p_y          -0.162856   0.024382
          p_z          -0.068646   0.004271
          p_x          -0.087106   0.006994

    3 C   s            -0.007132   0.000013
          p_y          -0.241640   0.042400
          p_z          -0.116503   0.009956
          p_x          -0.115196   0.009473

    4 C   s             0.015638   0.000147
          p_y          -0.031492   0.000829
          p_z          -0.043207   0.001722
          p_x          -0.011685   0.000112

    5 C   s             0.003568   0.000006
          p_y          -0.242124   0.046595
          p_z          -0.110203   0.009548
          p_x          -0.119976   0.011424

    6 H   s            -0.008812   0.000040

    7 C   s            -0.014330   0.000105
          p_y           0.385719   0.139913
          p_z           0.181109   0.030946
          p_x           0.185291   0.032293

    8 C   s             0.015881   0.000139
          p_y          -0.291900   0.083877
          p_z          -0.143320   0.020230
          p_x          -0.142021   0.019615

    9 C   s            -0.002864   0.000004
          p_y          -0.036763   0.001036
          p_z          -0.023261   0.000527
          p_x          -0.017289   0.000162

   10 H   s             0.004718   0.000007

   11 C   s            -0.000228   0.000000
          p_y           0.232745   0.058127
          p_z           0.112127   0.013487
          p_x           0.115646   0.014384

   12 C   s             0.003875   0.000009
          p_y           0.174033   0.027333
          p_z           0.085727   0.006689
          p_x           0.081089   0.005863

   13 H   s            -0.006287   0.000023

   14 H   s             0.008841   0.000066

   15 C   s             0.001113  -0.000001
          p_y           0.211047   0.030812
          p_z           0.101321   0.007141
          p_x           0.090527   0.005669

   16 C   s             0.010330   0.000048
          p_y           0.010511   0.000077
          p_z          -0.010622   0.000077
          p_x          -0.002211   0.000007

   17 C   s             0.003261   0.000005
          p_y           0.312237   0.101074
          p_z           0.146136   0.022156
          p_x           0.153060   0.024319

   18 H   s            -0.000106  -0.000000

   19 C   s            -0.001264   0.000001
          p_y          -0.235612   0.053766
          p_z          -0.109426   0.011597
          p_x          -0.120208   0.014025

   20 C   s            -0.004476   0.000020
          p_y           0.023479   0.001022
          p_z           0.012802   0.000311
          p_x           0.008809   0.000144

   21 C   s             0.000989   0.000001
          p_y           0.002246   0.000004
          p_z           0.000644  -0.000000
          p_x          -0.004383   0.000010

   22 H   s            -0.000367  -0.000000

   23 C   s             0.002950   0.000004
          p_y          -0.153128   0.021056
          p_z          -0.071473   0.004592
          p_x          -0.076789   0.005321

   24 H   s             0.001229   0.000001

   25 H   s             0.000807   0.000001

   26 H   s             0.000866  -0.000000

   27 C   s            -0.006898   0.000015
          p_y          -0.014607   0.000095
          p_z          -0.009608   0.000046
          p_x          -0.016271   0.000140

   28 C   s             0.004088   0.000007
          p_y           0.008436   0.000058
          p_z          -0.001513   0.000002
          p_x           0.002480   0.000005

   29 H   s             0.001729   0.000002

   30 C   s             0.002070   0.000002
          p_y           0.010771   0.000086
          p_z           0.002945   0.000006
          p_x           0.005295   0.000023

   31 C   s            -0.003703   0.000009
          p_y          -0.008076   0.000058
          p_z          -0.005216   0.000026
          p_x          -0.006415   0.000039

   32 H   s             0.000012   0.000000

   33 C   s             0.000406   0.000000
          p_y           0.000367   0.000000
          p_z          -0.000154   0.000000
          p_x           0.000980   0.000001

   34 H   s             0.002326   0.000002

   35 H   s            -0.001313  -0.000000

   36 H   s            -0.000490   0.000000

Eigenvector:  54    (up)

    1 C   s            -0.025135   0.000257
          p_y          -0.019916   0.000243
          p_z          -0.046579   0.001316
          p_x          -0.016585   0.000304

    2 C   s             0.016227   0.000138
          p_y           0.063531   0.003554
          p_z           0.044773   0.001724
          p_x           0.011265   0.000102

    3 C   s             0.028438   0.000386
          p_y           0.025658   0.000391
          p_z           0.052736   0.002205
          p_x          -0.052788   0.001898

    4 C   s            -0.013257   0.000064
          p_y           0.168370   0.028146
          p_z          -0.025374   0.002582
          p_x          -0.521819   0.208425

    5 C   s            -0.000482   0.000000
          p_y           0.001954   0.000002
          p_z          -0.005953   0.000029
          p_x          -0.002098   0.000004

    6 H   s             0.006982   0.000040

    7 C   s             0.001890   0.000000
          p_y           0.044532   0.001782
          p_z           0.004424   0.000013
          p_x           0.006686   0.000036

    8 C   s            -0.018745   0.000087
          p_y          -0.015121   0.000466
          p_z          -0.033105   0.000320
          p_x          -0.053157   0.001937

    9 C   s            -0.101666   0.003767
          p_y           0.222315   0.034584
          p_z          -0.347811   0.069699
          p_x           0.014687  -0.000473

   10 H   s            -0.223978   0.018835

   11 C   s             0.003008   0.000005
          p_y          -0.030901   0.000964
          p_z          -0.010323   0.000109
          p_x          -0.018045   0.000325

   12 C   s             0.004327   0.000009
          p_y          -0.034559   0.001023
          p_z          -0.009034   0.000074
          p_x          -0.028346   0.000700

   13 H   s             0.015048   0.000082

   14 H   s             0.109969   0.007516

   15 C   s            -0.244611   0.017312
          p_y           0.226774   0.033933
          p_z           0.012739   0.000095
          p_x          -0.505013   0.168829

   16 C   s             0.413410   0.083404
          p_y           0.271003   0.055275
          p_z          -0.438473   0.132939
          p_x          -0.021643   0.000651

   17 C   s            -0.001453   0.000001
          p_y          -0.002496   0.000007
          p_z          -0.003188   0.000011
          p_x          -0.003078   0.000010

   18 H   s            -0.000698   0.000000

   19 C   s            -0.002854   0.000005
          p_y          -0.008749   0.000070
          p_z          -0.010437   0.000101
          p_x          -0.006314   0.000038

   20 C   s             0.050433   0.004288
          p_y           0.021681   0.000811
          p_z          -0.054067   0.005334
          p_x           0.012898   0.000450

   21 C   s             0.029798   0.000769
          p_y           0.007185   0.000136
          p_z           0.005561  -0.000235
          p_x          -0.168231   0.012416

   22 H   s             0.008820   0.000002

   23 C   s             0.001956   0.000002
          p_y           0.034669   0.001057
          p_z           0.016926   0.000251
          p_x           0.014901   0.000194

   24 H   s            -0.001843   0.000002

   25 H   s             0.001750   0.000002

   26 H   s             0.066607   0.000114

   27 C   s            -0.211170   0.014228
          p_y           0.116039   0.007752
          p_z          -0.028977   0.000633
          p_x          -0.205736   0.023166

   28 C   s             0.112541   0.005220
          p_y           0.120987   0.011286
          p_z          -0.117457   0.010059
          p_x          -0.006815   0.000041

   29 H   s             0.002538   0.000003

   30 C   s             0.082790   0.003245
          p_y           0.033226   0.000734
          p_z          -0.054202   0.002420
          p_x           0.004648   0.000057

   31 C   s            -0.050081   0.001807
          p_y           0.023821   0.000657
          p_z           0.036193   0.001060
          p_x          -0.046299   0.002105

   32 H   s            -0.009112  -0.000017

   33 C   s             0.019334   0.000116
          p_y          -0.006068   0.000024
          p_z           0.003404   0.000013
          p_x          -0.018068   0.000185

   34 H   s             0.086834   0.003121

   35 H   s            -0.020695  -0.000076

   36 H   s             0.024895   0.000218

Eigenvector:  55    (up)

    1 C   s             0.037900   0.000462
          p_y          -0.322121   0.068677
          p_z          -0.093934   0.005883
          p_x          -0.143912   0.013620

    2 C   s             0.017944   0.000122
          p_y           0.504120   0.216098
          p_z           0.226120   0.043271
          p_x           0.265628   0.060049

    3 C   s            -0.002259   0.000005
          p_y          -0.025799   0.000304
          p_z          -0.024501   0.000403
          p_x          -0.003446   0.000007

    4 C   s            -0.052424   0.001572
          p_y          -0.048106   0.002318
          p_z           0.044067   0.001967
          p_x           0.023732   0.000305

    5 C   s             0.002859   0.000001
          p_y          -0.050556   0.002051
          p_z          -0.019816   0.000350
          p_x          -0.027427   0.000611

    6 H   s             0.019587   0.000190

    7 C   s            -0.010979   0.000060
          p_y           0.420975   0.154463
          p_z           0.201016   0.035052
          p_x           0.206089   0.036948

    8 C   s             0.007693   0.000023
          p_y          -0.142616   0.018431
          p_z          -0.060254   0.003505
          p_x          -0.065917   0.004106

    9 C   s             0.010512   0.000031
          p_y           0.004844   0.000029
          p_z           0.048454   0.002212
          p_x           0.021391   0.000270

   10 H   s             0.007175   0.000016

   11 C   s            -0.002273   0.000003
          p_y          -0.247556   0.059848
          p_z          -0.121396   0.014397
          p_x          -0.120125   0.014066

   12 C   s            -0.002143   0.000002
          p_y          -0.244609   0.050202
          p_z          -0.117174   0.011492
          p_x          -0.119555   0.012097

   13 H   s            -0.005837   0.000017

   14 H   s            -0.012081   0.000080

   15 C   s             0.034888   0.000374
          p_y           0.039253   0.000997
          p_z           0.030558   0.000617
          p_x           0.103018   0.007164

   16 C   s            -0.045346   0.000926
          p_y          -0.030461   0.000668
          p_z           0.052119   0.001818
          p_x           0.009636   0.000107

   17 C   s             0.002605   0.000004
          p_y           0.041595   0.001589
          p_z           0.019643   0.000353
          p_x           0.020055   0.000364

   18 H   s            -0.000916   0.000001

   19 C   s             0.001254   0.000001
          p_y          -0.193574   0.033919
          p_z          -0.088233   0.007045
          p_x          -0.096905   0.008475

   20 C   s            -0.010468   0.000159
          p_y           0.006687   0.000077
          p_z           0.014290   0.000352
          p_x           0.001049   0.000000

   21 C   s            -0.003813   0.000012
          p_y          -0.009982   0.000081
          p_z          -0.003060  -0.000007
          p_x           0.018404   0.000161

   22 H   s             0.001119  -0.000002

   23 C   s            -0.004886   0.000011
          p_y           0.278581   0.066447
          p_z           0.130737   0.014624
          p_x           0.138899   0.016508

   24 H   s             0.002392   0.000003

   25 H   s            -0.000195   0.000000

   26 H   s            -0.009656   0.000003

   27 C   s             0.028764   0.000255
          p_y          -0.020112   0.000211
          p_z           0.001325   0.000003
          p_x           0.024350   0.000315

   28 C   s            -0.014483   0.000086
          p_y          -0.011319   0.000095
          p_z           0.018250   0.000244
          p_x           0.005166   0.000022

   29 H   s            -0.003049   0.000006

   30 C   s            -0.011131   0.000058
          p_y           0.000325   0.000000
          p_z           0.009924   0.000076
          p_x           0.001847   0.000000

   31 C   s             0.007512   0.000039
          p_y          -0.000461   0.000001
          p_z          -0.002124   0.000003
          p_x           0.007677   0.000056

   32 H   s             0.002250   0.000000

   33 C   s            -0.001902   0.000001
          p_y          -0.002959   0.000005
          p_z          -0.001639   0.000002
          p_x          -0.000213   0.000000

   34 H   s            -0.011347   0.000052

   35 H   s             0.003221  -0.000002

   36 H   s            -0.002098   0.000002

Eigenvector:  56    (up)

    1 C   s            -0.002324   0.000002
          p_y          -0.004129   0.000011
          p_z          -0.005870   0.000023
          p_x          -0.002882   0.000005

    2 C   s             0.000194   0.000000
          p_y          -0.001353   0.000001
          p_z          -0.000764   0.000000
          p_x          -0.001417   0.000002

    3 C   s            -0.002328   0.000002
          p_y           0.007309   0.000034
          p_z           0.000479   0.000000
          p_x           0.006253   0.000026

    4 C   s             0.011062   0.000043
          p_y           0.005302   0.000042
          p_z           0.005633   0.000007
          p_x           0.026508   0.000582

    5 C   s            -0.000874   0.000000
          p_y           0.008794   0.000055
          p_z           0.002895   0.000006
          p_x           0.004130   0.000012

    6 H   s            -0.001220   0.000001

    7 C   s             0.000005   0.000000
          p_y          -0.000578   0.000000
          p_z           0.000409   0.000000
          p_x           0.000708   0.000000

    8 C   s             0.003978   0.000009
          p_y          -0.012709   0.000136
          p_z          -0.002133   0.000005
          p_x          -0.002606   0.000007

    9 C   s            -0.009597   0.000086
          p_y          -0.001462  -0.000007
          p_z           0.001162  -0.000010
          p_x           0.006933   0.000005

   10 H   s             0.013404   0.000085

   11 C   s             0.000124   0.000000
          p_y          -0.003723   0.000013
          p_z          -0.001568   0.000002
          p_x          -0.002115   0.000004

   12 C   s            -0.000659   0.000000
          p_y          -0.007732   0.000048
          p_z          -0.004274   0.000015
          p_x          -0.003270   0.000008

   13 H   s            -0.000890   0.000000

   14 H   s            -0.003540   0.000007

   15 C   s             0.002899   0.000002
          p_y          -0.008252   0.000043
          p_z          -0.005785   0.000013
          p_x           0.018654   0.000225

   16 C   s            -0.066014   0.003082
          p_y          -0.029538   0.000339
          p_z          -0.047429   0.001541
          p_x          -0.173113   0.026375

   17 C   s            -0.000258   0.000000
          p_y          -0.006350   0.000037
          p_z          -0.003102   0.000009
          p_x          -0.003242   0.000010

   18 H   s            -0.000127   0.000000

   19 C   s             0.000159   0.000000
          p_y           0.000216   0.000000
          p_z           0.000400   0.000000
          p_x           0.000269   0.000000

   20 C   s            -0.004444  -0.000005
          p_y           0.015145   0.000276
          p_z           0.010149   0.000228
          p_x           0.005875   0.000067

   21 C   s            -0.009148   0.000006
          p_y           0.056557   0.002323
          p_z          -0.027253  -0.000155
          p_x          -0.013763   0.000343

   22 H   s            -0.038636  -0.000877

   23 C   s            -0.000291   0.000000
          p_y           0.006422   0.000033
          p_z           0.002987   0.000007
          p_x           0.003315   0.000009

   24 H   s            -0.000208   0.000000

   25 H   s            -0.000143   0.000000

   26 H   s             0.002701   0.000001

   27 C   s            -0.103954   0.002494
          p_y           0.103398   0.005131
          p_z          -0.047749   0.001113
          p_x           0.010970   0.000084

   28 C   s             0.004241   0.000028
          p_y           0.275551   0.056161
          p_z          -0.008361   0.000094
          p_x           0.129445   0.011126

   29 H   s            -0.000224   0.000000

   30 C   s            -0.053523   0.000518
          p_y          -0.263871   0.047603
          p_z          -0.177369   0.021162
          p_x          -0.015973   0.000086

   31 C   s            -0.234221   0.035420
          p_y          -0.507288   0.202213
          p_z          -0.526585   0.249302
          p_x          -0.289806   0.074127

   32 H   s            -0.044891   0.000810

   33 C   s            -0.162321   0.008288
          p_y           0.358043   0.067189
          p_z          -0.057644   0.003124
          p_x           0.477350   0.126711

   34 H   s            -0.119623   0.005436

   35 H   s            -0.132775  -0.003297

   36 H   s            -0.391266   0.049876

Eigenvector:  57    (up)

    1 C   s             0.009403   0.000028
          p_y          -0.009157   0.000057
          p_z           0.006790   0.000021
          p_x          -0.001621  -0.000002

    2 C   s            -0.003157   0.000005
          p_y          -0.002291   0.000005
          p_z          -0.004722   0.000017
          p_x           0.005868   0.000030

    3 C   s            -0.003488   0.000007
          p_y          -0.001115  -0.000000
          p_z          -0.006720   0.000041
          p_x           0.014504   0.000125

    4 C   s             0.020848  -0.000038
          p_y          -0.063492   0.002507
          p_z           0.036280   0.000513
          p_x           0.165371   0.021976

    5 C   s            -0.000166   0.000000
          p_y           0.006344   0.000028
          p_z           0.003927   0.000011
          p_x           0.003876   0.000011

    6 H   s            -0.000937   0.000001

    7 C   s            -0.002953   0.000004
          p_y           0.001946   0.000003
          p_z           0.001934   0.000003
          p_x           0.005047   0.000021

    8 C   s            -0.002017   0.000010
          p_y          -0.005494  -0.000005
          p_z          -0.007670   0.000110
          p_x           0.009509   0.000035

    9 C   s            -0.050742   0.002689
          p_y          -0.031339  -0.000411
          p_z           0.021269  -0.000761
          p_x           0.040871   0.000469

   10 H   s             0.086451   0.003198

   11 C   s            -0.000862   0.000000
          p_y          -0.004555   0.000019
          p_z          -0.003238   0.000009
          p_x          -0.001494   0.000002

   12 C   s            -0.000293   0.000000
          p_y          -0.006617   0.000035
          p_z          -0.003706   0.000010
          p_x          -0.000710   0.000000

   13 H   s            -0.004463   0.000007

   14 H   s            -0.031593   0.000563

   15 C   s             0.126286   0.004912
          p_y          -0.081337   0.004250
          p_z           0.043452   0.001323
          p_x           0.128017   0.010328

   16 C   s            -0.296222   0.068416
          p_y           0.210334   0.044809
          p_z           0.055485   0.002997
          p_x          -0.649430   0.379591

   17 C   s             0.000357   0.000000
          p_y          -0.004544   0.000019
          p_z          -0.001785   0.000003
          p_x          -0.001862   0.000003

   18 H   s             0.000135   0.000000

   19 C   s             0.000279   0.000000
          p_y          -0.003410   0.000010
          p_z          -0.000833   0.000001
          p_x          -0.001285   0.000001

   20 C   s            -0.027943   0.000293
          p_y           0.012387   0.000055
          p_z           0.018651   0.000956
          p_x          -0.059824   0.004682

   21 C   s             0.138681   0.005414
          p_y           0.232700   0.033393
          p_z          -0.098357  -0.002323
          p_x          -0.192447   0.041433

   22 H   s            -0.200928  -0.023699

   23 C   s            -0.000490   0.000000
          p_y           0.007127   0.000040
          p_z           0.003337   0.000009
          p_x           0.003953   0.000012

   24 H   s             0.000448   0.000000

   25 H   s            -0.000524   0.000000

   26 H   s             0.018812  -0.000066

   27 C   s            -0.328904   0.028972
          p_y           0.188641   0.017516
          p_z          -0.024053   0.000475
          p_x          -0.423234   0.084515

   28 C   s             0.240688   0.023013
          p_y           0.110952   0.009409
          p_z          -0.162034   0.018825
          p_x          -0.135752   0.014842

   29 H   s            -0.000497   0.000000

   30 C   s             0.171250   0.011443
          p_y           0.103258   0.006934
          p_z          -0.050796   0.002389
          p_x          -0.145379   0.011859

   31 C   s            -0.024751   0.000376
          p_y          -0.013326   0.000215
          p_z           0.110577   0.010647
          p_x          -0.134206   0.014534

   32 H   s             0.012935   0.000426

   33 C   s             0.185054   0.011155
          p_y           0.043356   0.000891
          p_z           0.195511   0.022787
          p_x          -0.230450   0.029963

   34 H   s             0.294364   0.032004

   35 H   s             0.016765  -0.000080

   36 H   s             0.346402   0.038675

Eigenvector:  58    (up)

    1 C   s             0.008257   0.000025
          p_y           0.035076   0.000624
          p_z           0.028746   0.000447
          p_x           0.028801   0.000498

    2 C   s            -0.014735   0.000102
          p_y          -0.271417   0.056746
          p_z          -0.133406   0.013783
          p_x          -0.130307   0.013008

    3 C   s             0.004471   0.000000
          p_y           0.276126   0.045217
          p_z           0.122210   0.008638
          p_x           0.144074   0.012510

    4 C   s            -0.019889   0.000210
          p_y          -0.060696   0.003089
          p_z          -0.016926   0.000209
          p_x          -0.015582   0.000222

    5 C   s            -0.000771  -0.000000
          p_y           0.286154   0.056053
          p_z           0.133851   0.012329
          p_x           0.142344   0.013875

    6 H   s            -0.003613   0.000008

    7 C   s             0.000578   0.000000
          p_y          -0.033232   0.001002
          p_z          -0.020992   0.000404
          p_x          -0.014663   0.000195

    8 C   s             0.033282   0.000488
          p_y          -0.629011   0.332982
          p_z          -0.295936   0.073805
          p_x          -0.315301   0.083340

    9 C   s             0.000153  -0.000000
          p_y          -0.023351   0.000345
          p_z          -0.001436  -0.000006
          p_x           0.000010   0.000000

   10 H   s             0.002489   0.000001

   11 C   s            -0.000505   0.000000
          p_y           0.022281   0.000345
          p_z           0.008877   0.000052
          p_x           0.011494   0.000090

   12 C   s            -0.004248   0.000007
          p_y          -0.252668   0.048994
          p_z          -0.122523   0.011520
          p_x          -0.119210   0.010871

   13 H   s            -0.000746   0.000000

   14 H   s             0.014495   0.000158

   15 C   s             0.016194   0.000049
          p_y           0.270558   0.042972
          p_z           0.140327   0.011758
          p_x           0.156740   0.014782

   16 C   s            -0.001286  -0.000002
          p_y          -0.002577   0.000008
          p_z           0.013008   0.000106
          p_x           0.018818   0.000313

   17 C   s            -0.002725   0.000003
          p_y          -0.265607   0.060959
          p_z          -0.124180   0.013331
          p_x          -0.130625   0.014759

   18 H   s            -0.000045   0.000000

   19 C   s             0.000756   0.000001
          p_y           0.088171   0.006310
          p_z           0.041201   0.001381
          p_x           0.046118   0.001736

   20 C   s            -0.014606   0.000229
          p_y           0.048552   0.003560
          p_z           0.032140   0.001549
          p_x           0.018289   0.000487

   21 C   s            -0.001573   0.000002
          p_y          -0.011617   0.000086
          p_z          -0.000677   0.000001
          p_x           0.004045   0.000016

   22 H   s             0.004486  -0.000012

   23 C   s            -0.002934   0.000003
          p_y           0.140443   0.014960
          p_z           0.066135   0.003323
          p_x           0.071541   0.003900

   24 H   s            -0.001081   0.000001

   25 H   s            -0.001610   0.000002

   26 H   s            -0.004703   0.000002

   27 C   s             0.015614   0.000065
          p_y          -0.031727   0.000398
          p_z          -0.006356   0.000009
          p_x          -0.003148   0.000003

   28 C   s            -0.001282   0.000001
          p_y          -0.004290   0.000013
          p_z           0.015310   0.000168
          p_x           0.004847   0.000018

   29 H   s            -0.002087   0.000002

   30 C   s            -0.002752   0.000005
          p_y           0.011673   0.000095
          p_z           0.011591   0.000090
          p_x           0.000809   0.000000

   31 C   s             0.006517   0.000029
          p_y          -0.003177   0.000012
          p_z           0.005719   0.000034
          p_x          -0.000551  -0.000000

   32 H   s             0.006159   0.000015

   33 C   s             0.008133   0.000022
          p_y          -0.003277   0.000006
          p_z           0.009869   0.000058
          p_x          -0.014028   0.000109

   34 H   s             0.001124   0.000000

   35 H   s             0.005376  -0.000006

   36 H   s             0.017767   0.000099

Eigenvector:  59    (up)

    1 C   s            -0.019703   0.000115
          p_y           0.015698   0.000146
          p_z          -0.025384   0.000379
          p_x          -0.003795   0.000009

    2 C   s             0.001371   0.000002
          p_y          -0.007929   0.000048
          p_z          -0.003443   0.000007
          p_x          -0.014737   0.000171

    3 C   s            -0.008549   0.000021
          p_y           0.002750   0.000004
          p_z          -0.007053   0.000034
          p_x           0.005177   0.000021

    4 C   s             0.047264   0.000952
          p_y          -0.016585   0.000127
          p_z          -0.025813   0.000728
          p_x           0.076093   0.004578

    5 C   s            -0.004937   0.000009
          p_y           0.017041   0.000197
          p_z           0.000415   0.000000
          p_x           0.006252   0.000025

    6 H   s            -0.009887   0.000040

    7 C   s            -0.001825   0.000001
          p_y           0.004050   0.000012
          p_z           0.001328   0.000002
          p_x           0.004537   0.000017

    8 C   s             0.007805   0.000030
          p_y          -0.014603   0.000157
          p_z          -0.003161   0.000015
          p_x           0.004605   0.000014

    9 C   s            -0.033870   0.000828
          p_y          -0.010811  -0.000098
          p_z          -0.001716   0.000048
          p_x           0.012022   0.000100

   10 H   s             0.041773   0.000686

   11 C   s             0.001378   0.000001
          p_y          -0.006455   0.000037
          p_z          -0.001072   0.000001
          p_x          -0.005647   0.000029

   12 C   s            -0.002165   0.000002
          p_y          -0.006531   0.000033
          p_z          -0.004667   0.000016
          p_x          -0.003613   0.000009

   13 H   s            -0.002745   0.000003

   14 H   s            -0.011561   0.000069

   15 C   s             0.019611   0.000104
          p_y          -0.015888   0.000171
          p_z          -0.001704  -0.000002
          p_x           0.057920   0.001969

   16 C   s            -0.103331   0.007752
          p_y           0.143560   0.017613
          p_z           0.007580   0.000150
          p_x          -0.238106   0.051394

   17 C   s            -0.001459   0.000001
          p_y          -0.007548   0.000049
          p_z          -0.004315   0.000016
          p_x          -0.004796   0.000020

   18 H   s            -0.000891   0.000000

   19 C   s             0.000132   0.000000
          p_y          -0.007834   0.000050
          p_z          -0.003300   0.000008
          p_x          -0.003722   0.000011

   20 C   s             0.002343   0.000028
          p_y          -0.014648   0.000406
          p_z           0.006554   0.000150
          p_x          -0.007004   0.000036

   21 C   s             0.028110   0.000527
          p_y           0.062492   0.002052
          p_z          -0.030581  -0.000467
          p_x          -0.055000   0.003721

   22 H   s            -0.074960  -0.003306

   23 C   s            -0.000681   0.000000
          p_y           0.013147   0.000129
          p_z           0.006179   0.000029
          p_x           0.006458   0.000032

   24 H   s            -0.001548   0.000001

   25 H   s            -0.000094   0.000000

   26 H   s             0.004957   0.000005

   27 C   s            -0.226418   0.011908
          p_y           0.053842   0.001306
          p_z          -0.169349   0.013681
          p_x          -0.073649   0.002293

   28 C   s            -0.179653   0.012333
          p_y           0.029165   0.000717
          p_z          -0.350949   0.085540
          p_x          -0.048355   0.001636

   29 H   s            -0.000454   0.000000

   30 C   s            -0.050876  -0.000058
          p_y           0.071977   0.003086
          p_z          -0.038800   0.001094
          p_x           0.276464   0.051354

   31 C   s            -0.048633   0.002287
          p_y           0.414140   0.150011
          p_z           0.000268  -0.000007
          p_x           0.325368   0.077448

   32 H   s            -0.200400   0.018586

   33 C   s            -0.335127   0.036990
          p_y          -0.258403   0.031607
          p_z          -0.564729   0.177527
          p_x           0.347686   0.068668

   34 H   s            -0.196420   0.013602

   35 H   s            -0.120256  -0.003302

   36 H   s            -0.694240   0.149421

Eigenvector:  60    (up)

    1 C   s             0.316794   0.029720
          p_y          -0.283051   0.047821
          p_z           0.411714   0.096520
          p_x           0.081048   0.004745

    2 C   s            -0.033513   0.001044
          p_y           0.074685   0.004197
          p_z           0.016425   0.000073
          p_x           0.246805   0.047435

    3 C   s             0.059563   0.000593
          p_y           0.025688   0.000550
          p_z           0.042742   0.001016
          p_x           0.110464   0.006075

    4 C   s            -0.600870   0.183888
          p_y          -0.196366   0.030702
          p_z           0.538752   0.219503
          p_x          -0.377532   0.109087

    5 C   s             0.069570   0.001851
          p_y          -0.211035   0.029734
          p_z           0.021134   0.000329
          p_x          -0.059307   0.002096

    6 H   s             0.155434   0.009077

    7 C   s             0.022731   0.000161
          p_y          -0.068816   0.003530
          p_z           0.020078   0.000242
          p_x          -0.015675   0.000228

    8 C   s            -0.021660   0.000276
          p_y          -0.081458   0.005209
          p_z           0.014142   0.000174
          p_x          -0.055325   0.002774

    9 C   s             0.056007   0.000971
          p_y           0.047797  -0.000201
          p_z          -0.039724  -0.004560
          p_x           0.144555  -0.002047

   10 H   s            -0.190795   0.012177

   11 C   s            -0.026083   0.000429
          p_y           0.161389   0.022278
          p_z           0.040678   0.001382
          p_x           0.123498   0.013317

   12 C   s             0.016515   0.000071
          p_y          -0.031059   0.000629
          p_z          -0.007503   0.000039
          p_x           0.023226   0.000382

   13 H   s            -0.008455   0.000009

   14 H   s            -0.034796   0.000674

   15 C   s             0.043755   0.000920
          p_y          -0.020275   0.000382
          p_z           0.000206  -0.000000
          p_x           0.097597   0.007404

   16 C   s            -0.056539   0.001505
          p_y          -0.000078  -0.000001
          p_z           0.043195   0.000933
          p_x          -0.045429   0.001371

   17 C   s             0.022121   0.000250
          p_y           0.014804   0.000200
          p_z           0.020864   0.000382
          p_x           0.028029   0.000714

   18 H   s             0.015747   0.000111

   19 C   s             0.005928   0.000012
          p_y           0.208805   0.034661
          p_z           0.108512   0.009179
          p_x           0.110714   0.009631

   20 C   s            -0.022227   0.000512
          p_y           0.000867   0.000000
          p_z           0.025105   0.000947
          p_x          -0.013203   0.000260

   21 C   s             0.009383   0.000023
          p_y           0.002131  -0.000002
          p_z          -0.013814  -0.000034
          p_x          -0.002221   0.000022

   22 H   s            -0.009712  -0.000049

   23 C   s             0.003217   0.000002
          p_y          -0.200699   0.029873
          p_z          -0.093969   0.006579
          p_x          -0.091016   0.006177

   24 H   s             0.025689   0.000290

   25 H   s            -0.006055   0.000019

   26 H   s            -0.010430   0.000002

   27 C   s            -0.008246   0.000008
          p_y           0.006584   0.000020
          p_z          -0.014507   0.000079
          p_x          -0.008406   0.000038

   28 C   s            -0.013940   0.000070
          p_y           0.006439   0.000034
          p_z          -0.019811   0.000284
          p_x           0.000811   0.000000

   29 H   s            -0.001283   0.000000

   30 C   s            -0.010856   0.000031
          p_y           0.003221   0.000007
          p_z           0.001406   0.000000
          p_x           0.011820   0.000095

   31 C   s            -0.003760   0.000014
          p_y           0.020998   0.000396
          p_z          -0.007967   0.000066
          p_x           0.019013   0.000259

   32 H   s            -0.013046   0.000076

   33 C   s            -0.020303   0.000132
          p_y          -0.011818   0.000062
          p_z          -0.037710   0.000797
          p_x           0.025736   0.000366

   34 H   s            -0.013094   0.000063

   35 H   s            -0.009102  -0.000019

   36 H   s            -0.045973   0.000646

Eigenvector:  61    (up)

    1 C   s            -0.142666   0.006016
          p_y          -0.081551   0.003770
          p_z          -0.284995   0.045843
          p_x          -0.145696   0.013091

    2 C   s             0.032857   0.000702
          p_y           0.346171   0.088207
          p_z           0.171178   0.022227
          p_x           0.076144   0.003991

    3 C   s            -0.028772   0.000158
          p_y           0.091404   0.004827
          p_z           0.022570   0.000323
          p_x          -0.003414  -0.000012

    4 C   s             0.276578   0.038279
          p_y           0.074555   0.004167
          p_z          -0.252586   0.047767
          p_x           0.181474   0.024604

    5 C   s            -0.029175   0.000337
          p_y          -0.224582   0.031901
          p_z          -0.159832   0.016642
          p_x          -0.135272   0.011976

    6 H   s            -0.063010   0.001401

    7 C   s            -0.011842   0.000044
          p_y           0.107904   0.008478
          p_z           0.022776   0.000393
          p_x           0.045388   0.001558

    8 C   s             0.017092   0.000149
          p_y          -0.086466   0.006050
          p_z          -0.064308   0.003359
          p_x          -0.036231   0.000964

    9 C   s            -0.031966   0.000363
          p_y          -0.006180  -0.000100
          p_z           0.030397  -0.001340
          p_x          -0.056905  -0.000824

   10 H   s             0.091824   0.002762

   11 C   s             0.010500   0.000070
          p_y           0.365968   0.112167
          p_z           0.188733   0.029855
          p_x           0.164173   0.022443

   12 C   s            -0.013303   0.000059
          p_y          -0.214614   0.032499
          p_z          -0.108201   0.008256
          p_x          -0.125061   0.011019

   13 H   s             0.003212   0.000000

   14 H   s             0.017672   0.000180

   15 C   s            -0.011812   0.000088
          p_y           0.047868   0.001439
          p_z           0.022788   0.000325
          p_x          -0.009498   0.000131

   16 C   s             0.019250   0.000154
          p_y           0.005268   0.000011
          p_z          -0.014780   0.000087
          p_x           0.013558   0.000099

   17 C   s            -0.013082   0.000088
          p_y          -0.058086   0.002529
          p_z          -0.031226   0.000737
          p_x          -0.034218   0.000895

   18 H   s            -0.007636   0.000027

   19 C   s            -0.002559   0.000002
          p_y           0.487703   0.184118
          p_z           0.223769   0.039031
          p_x           0.245328   0.046647

   20 C   s             0.006442   0.000044
          p_y           0.008769   0.000109
          p_z          -0.004377   0.000027
          p_x           0.008897   0.000114

   21 C   s            -0.002837   0.000002
          p_y          -0.003535   0.000004
          p_z           0.002506  -0.000005
          p_x          -0.002278  -0.000002

   22 H   s             0.001496  -0.000001

   23 C   s             0.005576   0.000015
          p_y          -0.331755   0.080333
          p_z          -0.156721   0.017881
          p_x          -0.166798   0.020247

   24 H   s            -0.012474   0.000068

   25 H   s             0.001573   0.000001

   26 H   s             0.003352  -0.000000

   27 C   s            -0.001231   0.000001
          p_y          -0.004877   0.000009
          p_z           0.001412   0.000000
          p_x          -0.000279  -0.000000

   28 C   s             0.003718   0.000005
          p_y           0.000480   0.000000
          p_z           0.003740   0.000011
          p_x           0.000504   0.000000

   29 H   s             0.004068   0.000008

   30 C   s             0.004230   0.000006
          p_y           0.001186   0.000001
          p_z          -0.001032   0.000001
          p_x          -0.000027   0.000000

   31 C   s             0.000348   0.000000
          p_y          -0.003404   0.000010
          p_z           0.002450   0.000006
          p_x          -0.003605   0.000009

   32 H   s             0.002827   0.000004

   33 C   s             0.003295   0.000003
          p_y           0.001071   0.000000
          p_z           0.006831   0.000026
          p_x          -0.005026   0.000013

   34 H   s             0.002957   0.000003

   35 H   s             0.001721  -0.000001

   36 H   s             0.008153   0.000020

Eigenvector:  62    (up)

    1 C   s            -0.040261   0.000473
          p_y          -0.194249   0.021469
          p_z          -0.162011   0.014517
          p_x          -0.125251   0.009032

    2 C   s             0.014096   0.000110
          p_y           0.233205   0.038251
          p_z           0.108556   0.008405
          p_x           0.085003   0.005002

    3 C   s            -0.005757   0.000012
          p_y           0.379491   0.079063
          p_z           0.171410   0.016182
          p_x           0.171528   0.016504

    4 C   s             0.080508   0.003083
          p_y          -0.004964   0.000035
          p_z          -0.086511   0.005470
          p_x           0.055026   0.002109

    5 C   s            -0.011083   0.000050
          p_y          -0.127715   0.010348
          p_z          -0.076581   0.003764
          p_x          -0.070437   0.003171

    6 H   s            -0.018778   0.000113

    7 C   s             0.009894   0.000042
          p_y          -0.436543   0.137243
          p_z          -0.213862   0.032824
          p_x          -0.221787   0.035368

    8 C   s             0.020615   0.000175
          p_y          -0.320516   0.078409
          p_z          -0.155396   0.018462
          p_x          -0.163461   0.020189

    9 C   s            -0.016002   0.000105
          p_y           0.006752   0.000089
          p_z           0.016480  -0.000118
          p_x          -0.008959  -0.000100

   10 H   s             0.031176   0.000296

   11 C   s             0.003433   0.000007
          p_y          -0.270281   0.056692
          p_z          -0.122404   0.011570
          p_x          -0.141435   0.015562

   12 C   s            -0.000026   0.000000
          p_y           0.355849   0.086396
          p_z           0.166505   0.018830
          p_x           0.169792   0.019760

   13 H   s             0.010777   0.000042

   14 H   s             0.014217   0.000120

   15 C   s             0.005709  -0.000002
          p_y           0.109189   0.006400
          p_z           0.060102   0.001988
          p_x           0.060309   0.001845

   16 C   s             0.003523   0.000004
          p_y           0.007147   0.000036
          p_z           0.001019   0.000002
          p_x           0.005606   0.000018

   17 C   s             0.001310   0.000000
          p_y           0.399213   0.122521
          p_z           0.184726   0.026235
          p_x           0.193422   0.028738

   18 H   s            -0.003115   0.000004

   19 C   s            -0.002181   0.000003
          p_y          -0.081494   0.004810
          p_z          -0.040155   0.001164
          p_x          -0.044602   0.001446

   20 C   s            -0.006235   0.000035
          p_y           0.028864   0.001098
          p_z           0.016045   0.000345
          p_x           0.012419   0.000203

   21 C   s             0.000017  -0.000000
          p_y          -0.007767   0.000033
          p_z          -0.002799   0.000006
          p_x          -0.003552   0.000006

   22 H   s            -0.000174  -0.000000

   23 C   s             0.003089   0.000004
          p_y          -0.181724   0.022544
          p_z          -0.087071   0.005177
          p_x          -0.094381   0.006112

   24 H   s            -0.001574   0.000001

   25 H   s             0.002143   0.000002

   26 H   s            -0.001383   0.000000

   27 C   s            -0.000026   0.000000
          p_y          -0.011398   0.000040
          p_z          -0.005019   0.000008
          p_x          -0.005026   0.000009

   28 C   s             0.000268  -0.000000
          p_y           0.002301   0.000004
          p_z           0.002613   0.000005
          p_x           0.003078   0.000006

   29 H   s             0.003446   0.000005

   30 C   s             0.000351   0.000000
          p_y           0.004137   0.000011
          p_z           0.001830   0.000002
          p_x           0.002607   0.000004

   31 C   s             0.000288   0.000000
          p_y          -0.000285   0.000000
          p_z           0.000302   0.000000
          p_x           0.000182   0.000000

   32 H   s             0.001422   0.000001

   33 C   s            -0.000017   0.000000
          p_y          -0.001458   0.000001
          p_z          -0.000519   0.000000
          p_x          -0.000565   0.000000

   34 H   s            -0.000064   0.000000

   35 H   s             0.000308  -0.000000

   36 H   s            -0.000043   0.000000

Eigenvector:  63    (up)

    1 C   s            -0.002622   0.000002
          p_y          -0.001839   0.000002
          p_z           0.001866   0.000002
          p_x           0.004913   0.000012

    2 C   s             0.001604   0.000001
          p_y          -0.002300   0.000003
          p_z           0.000299   0.000000
          p_x           0.003018   0.000005

    3 C   s            -0.002949   0.000002
          p_y          -0.002277   0.000003
          p_z          -0.004208   0.000009
          p_x           0.007853   0.000035

    4 C   s             0.000840  -0.000001
          p_y          -0.008846   0.000021
          p_z           0.002064  -0.000012
          p_x           0.001632   0.000003

    5 C   s            -0.000491   0.000000
          p_y          -0.001250   0.000001
          p_z           0.000507   0.000000
          p_x           0.001307   0.000001

    6 H   s             0.003766   0.000004

    7 C   s            -0.000391   0.000000
          p_y          -0.003693   0.000009
          p_z           0.002865   0.000006
          p_x           0.004749   0.000015

    8 C   s             0.006441   0.000027
          p_y          -0.007100   0.000038
          p_z           0.007673   0.000048
          p_x           0.009331   0.000060

    9 C   s            -0.021688   0.000270
          p_y           0.005336   0.000055
          p_z          -0.014870   0.000211
          p_x           0.013817   0.000021

   10 H   s             0.005432   0.000016

   11 C   s            -0.000210   0.000000
          p_y           0.000570   0.000000
          p_z           0.000088   0.000000
          p_x           0.001059   0.000001

   12 C   s            -0.000829   0.000000
          p_y          -0.000433   0.000000
          p_z          -0.000559   0.000000
          p_x           0.002667   0.000005

   13 H   s            -0.005173   0.000007

   14 H   s            -0.007987   0.000025

   15 C   s            -0.020747   0.000092
          p_y          -0.003556   0.000009
          p_z          -0.018704   0.000158
          p_x           0.024917   0.000306

   16 C   s            -0.070414   0.003469
          p_y           0.113610   0.010192
          p_z          -0.037700   0.001208
          p_x          -0.126066   0.012346

   17 C   s             0.000069   0.000000
          p_y          -0.001183   0.000001
          p_z          -0.000318   0.000000
          p_x          -0.000153   0.000000

   18 H   s             0.000513   0.000000

   19 C   s             0.000622   0.000000
          p_y          -0.001589   0.000002
          p_z           0.000837   0.000000
          p_x           0.000372   0.000000

   20 C   s            -0.025714   0.000521
          p_y          -0.005703   0.000056
          p_z          -0.030372   0.000950
          p_x           0.029490   0.001093

   21 C   s            -0.148615   0.009757
          p_y          -0.000550  -0.000002
          p_z          -0.076596   0.003948
          p_x           0.079220   0.003002

   22 H   s            -0.050175  -0.001345

   23 C   s            -0.000800   0.000000
          p_y           0.000344   0.000000
          p_z           0.000727   0.000000
          p_x           0.000975   0.000001

   24 H   s             0.000199   0.000000

   25 H   s            -0.000992   0.000000

   26 H   s            -0.027526  -0.000034

   27 C   s            -0.025375   0.000104
          p_y          -0.045129   0.001051
          p_z          -0.085285   0.003158
          p_x           0.147824   0.010767

   28 C   s             0.778091   0.202508
          p_y          -0.415839   0.093982
          p_z           0.059791   0.001443
          p_x           0.515511   0.145653

   29 H   s            -0.001099   0.000000

   30 C   s             0.041633   0.000844
          p_y          -0.100572   0.005527
          p_z          -0.030275   0.000511
          p_x           0.250618   0.034483

   31 C   s            -0.174322   0.014901
          p_y           0.025359   0.000323
          p_z           0.225489   0.038530
          p_x          -0.138108   0.014257

   32 H   s             0.933410   0.350003

   33 C   s            -0.075487   0.001604
          p_y          -0.072120   0.002517
          p_z          -0.086911   0.002882
          p_x           0.168356   0.012983

   34 H   s            -0.177746   0.008655

   35 H   s             0.005894  -0.000022

   36 H   s            -0.151863   0.006694

Eigenvector:  64    (up)

    1 C   s            -0.008428   0.000021
          p_y          -0.099274   0.004887
          p_z          -0.058602   0.001664
          p_x          -0.058252   0.001702

    2 C   s             0.009953   0.000038
          p_y           0.198627   0.024259
          p_z           0.102063   0.006477
          p_x           0.099028   0.006000

    3 C   s            -0.001263   0.000001
          p_y           0.114657   0.006441
          p_z           0.054617   0.001477
          p_x           0.053119   0.001391

    4 C   s             0.014361   0.000088
          p_y          -0.004694   0.000021
          p_z          -0.015589   0.000171
          p_x           0.011111   0.000079

    5 C   s             0.003743   0.000002
          p_y          -0.364961   0.071367
          p_z          -0.167474   0.015051
          p_x          -0.181269   0.017569

    6 H   s             0.004086   0.000007

    7 C   s             0.004830   0.000008
          p_y          -0.198563   0.024569
          p_z          -0.091387   0.005167
          p_x          -0.106192   0.007058

    8 C   s             0.002242   0.000002
          p_y          -0.054880   0.002018
          p_z          -0.024952   0.000421
          p_x          -0.029990   0.000599

    9 C   s            -0.006956   0.000019
          p_y           0.009241   0.000069
          p_z           0.004752   0.000000
          p_x           0.003031   0.000015

   10 H   s             0.005726   0.000008

   11 C   s             0.000959   0.000000
          p_y           0.470751   0.151538
          p_z           0.222911   0.033877
          p_x           0.235413   0.037891

   12 C   s             0.004784   0.000006
          p_y           0.364581   0.079864
          p_z           0.175554   0.018465
          p_x           0.175650   0.018494

   13 H   s             0.007177   0.000016

   14 H   s             0.002152   0.000002

   15 C   s             0.003386   0.000002
          p_y           0.010947   0.000056
          p_z           0.008240   0.000033
          p_x           0.010871   0.000055

   16 C   s             0.002599   0.000003
          p_y           0.003987   0.000010
          p_z           0.000138   0.000000
          p_x           0.003106   0.000006

   17 C   s            -0.003710   0.000005
          p_y          -0.470154   0.147193
          p_z          -0.219009   0.031961
          p_x          -0.234434   0.036635

   18 H   s             0.001304   0.000001

   19 C   s             0.001536   0.000001
          p_y          -0.356539   0.081433
          p_z          -0.168615   0.018267
          p_x          -0.182234   0.021232

   20 C   s            -0.002096   0.000004
          p_y           0.007576   0.000064
          p_z           0.004519   0.000024
          p_x           0.003334   0.000012

   21 C   s             0.000673   0.000000
          p_y          -0.004357   0.000009
          p_z          -0.001717   0.000002
          p_x          -0.002775   0.000003

   22 H   s             0.000219  -0.000000

   23 C   s            -0.004985   0.000008
          p_y           0.373955   0.083674
          p_z           0.179870   0.019359
          p_x           0.187591   0.021106

   24 H   s            -0.003133   0.000004

   25 H   s             0.003494   0.000006

   26 H   s            -0.000690   0.000000

   27 C   s            -0.000598   0.000000
          p_y          -0.001512   0.000000
          p_z          -0.000994   0.000000
          p_x          -0.001277   0.000001

   28 C   s            -0.001162   0.000000
          p_y           0.001989   0.000002
          p_z           0.001007   0.000001
          p_x           0.000473   0.000000

   29 H   s            -0.004681   0.000009

   30 C   s             0.000678   0.000000
          p_y           0.000964   0.000001
          p_z          -0.000187   0.000000
          p_x          -0.000359   0.000000

   31 C   s             0.000127   0.000000
          p_y          -0.000341   0.000000
          p_z          -0.000642   0.000000
          p_x           0.000007   0.000000

   32 H   s            -0.001121   0.000000

   33 C   s             0.000115   0.000000
          p_y           0.000097   0.000000
          p_z           0.000047   0.000000
          p_x          -0.000093   0.000000

   34 H   s             0.001019   0.000000

   35 H   s            -0.000077  -0.000000

   36 H   s             0.000093   0.000000

Eigenvector:  65    (up)

    1 C   s             0.311013   0.030233
          p_y           0.108333   0.006642
          p_z           0.071421   0.001657
          p_x          -0.267643   0.036360

    2 C   s            -0.305245   0.035399
          p_y           0.288244   0.047454
          p_z          -0.120228   0.008877
          p_x          -0.461865   0.119243

    3 C   s            -0.189844   0.013912
          p_y           0.152861   0.012398
          p_z          -0.011367   0.000028
          p_x          -0.310245   0.051534

    4 C   s            -0.125342   0.006809
          p_y           0.007947   0.000000
          p_z           0.088920   0.006637
          p_x          -0.097186   0.007610

    5 C   s             0.084119   0.002788
          p_y           0.105250   0.005781
          p_z          -0.034400   0.000477
          p_x          -0.187085   0.018829

    6 H   s            -0.557114   0.087024

    7 C   s             0.356892   0.048774
          p_y           0.279529   0.046317
          p_z          -0.060437   0.002083
          p_x          -0.502114   0.149840

    8 C   s            -0.003339   0.000016
          p_y           0.059744   0.002094
          p_z           0.044346   0.001072
          p_x          -0.163398   0.015428

    9 C   s             0.141999   0.006794
          p_y          -0.027708   0.000643
          p_z           0.102296   0.008198
          p_x          -0.045156   0.002020

   10 H   s            -0.057850   0.000628

   11 C   s             0.007986   0.000036
          p_y           0.045957   0.001290
          p_z           0.023474   0.000339
          p_x          -0.105544   0.006779

   12 C   s            -0.078397   0.002986
          p_y           0.118303   0.008525
          p_z          -0.050098   0.001784
          p_x          -0.197276   0.022526

   13 H   s             0.592846   0.093499

   14 H   s             0.156670   0.009134

   15 C   s            -0.013448   0.000103
          p_y           0.052862   0.001362
          p_z          -0.049698   0.001290
          p_x          -0.052606   0.001213

   16 C   s            -0.114000   0.005313
          p_y          -0.053978   0.001366
          p_z           0.068973   0.001960
          p_x          -0.081844   0.004191

   17 C   s            -0.022100   0.000222
          p_y           0.024037   0.000360
          p_z          -0.001795   0.000003
          p_x          -0.052305   0.001672

   18 H   s            -0.095993   0.003409

   19 C   s             0.001152  -0.000005
          p_y           0.080492   0.003715
          p_z          -0.063757   0.002232
          p_x          -0.095371   0.005335

   20 C   s            -0.018175   0.000243
          p_y          -0.010863   0.000098
          p_z           0.033488   0.001016
          p_x          -0.046103   0.002206

   21 C   s             0.005141  -0.000010
          p_y           0.042697   0.000771
          p_z           0.007792   0.000131
          p_x           0.036925   0.000247

   22 H   s            -0.019775  -0.000198

   23 C   s             0.068656   0.001625
          p_y           0.057862   0.001907
          p_z          -0.065714   0.002453
          p_x          -0.053395   0.001627

   24 H   s            -0.042973   0.000567

   25 H   s             0.135115   0.007449

   26 H   s             0.007286  -0.000004

   27 C   s             0.048636   0.000700
          p_y           0.000527  -0.000000
          p_z           0.027140   0.000354
          p_x          -0.036408   0.000612

   28 C   s            -0.003196   0.000003
          p_y          -0.024199   0.000305
          p_z          -0.008184   0.000042
          p_x           0.008755   0.000032

   29 H   s             0.115258   0.004386

   30 C   s            -0.110931   0.003914
          p_y          -0.035353   0.000575
          p_z           0.054279   0.001490
          p_x           0.027221   0.000282

   31 C   s             0.006208   0.000014
          p_y           0.000029  -0.000000
          p_z          -0.004570   0.000011
          p_x           0.015029   0.000136

   32 H   s             0.014186   0.000076

   33 C   s             0.017296   0.000109
          p_y           0.003679   0.000011
          p_z          -0.000737   0.000002
          p_x          -0.011861   0.000066

   34 H   s            -0.090435   0.002463

   35 H   s             0.001469  -0.000000

   36 H   s             0.013496   0.000049

Eigenvector:  66    (up)

    1 C   s             0.031320   0.000311
          p_y           0.008788   0.000045
          p_z           0.012684   0.000060
          p_x          -0.019416   0.000193

    2 C   s            -0.037946   0.000530
          p_y           0.031842   0.000570
          p_z          -0.015570   0.000145
          p_x          -0.052929   0.001546

    3 C   s            -0.025955   0.000223
          p_y           0.011634   0.000072
          p_z          -0.008420   0.000028
          p_x          -0.020359   0.000232

    4 C   s            -0.018250   0.000122
          p_y          -0.029099   0.000515
          p_z           0.013292   0.000058
          p_x           0.005781   0.000038

    5 C   s             0.008772   0.000032
          p_y           0.011063   0.000063
          p_z          -0.001365   0.000000
          p_x          -0.019469   0.000203

    6 H   s            -0.064034   0.001139

    7 C   s             0.037007   0.000528
          p_y           0.025182   0.000364
          p_z          -0.002507   0.000003
          p_x          -0.045968   0.001228

    8 C   s            -0.010977   0.000031
          p_y          -0.001478   0.000001
          p_z           0.002896   0.000004
          p_x           0.010998   0.000069

    9 C   s            -0.038425   0.000470
          p_y           0.007226   0.000025
          p_z          -0.018003   0.000114
          p_x           0.031123   0.000560

   10 H   s             0.002481  -0.000000

   11 C   s             0.000310   0.000000
          p_y           0.004928   0.000015
          p_z           0.002860   0.000005
          p_x          -0.013178   0.000105

   12 C   s            -0.011962   0.000061
          p_y           0.011834   0.000083
          p_z          -0.006558   0.000028
          p_x          -0.019917   0.000224

   13 H   s             0.055870   0.000824

   14 H   s            -0.016491   0.000110

   15 C   s             0.009669   0.000053
          p_y          -0.025569   0.000281
          p_z          -0.022286   0.000215
          p_x           0.053022   0.001222

   16 C   s            -0.012748  -0.000063
          p_y           0.042666   0.000820
          p_z          -0.013683  -0.000070
          p_x           0.098710   0.005572

   17 C   s            -0.004225   0.000007
          p_y           0.002800   0.000005
          p_z           0.002421   0.000004
          p_x          -0.007432   0.000034

   18 H   s            -0.011771   0.000051

   19 C   s             0.001513   0.000000
          p_y           0.007493   0.000031
          p_z          -0.004144   0.000008
          p_x          -0.009602   0.000052

   20 C   s            -0.075162   0.004117
          p_y           0.040839   0.001584
          p_z          -0.070342   0.004694
          p_x           0.054764   0.003013

   21 C   s            -0.028928   0.000157
          p_y          -0.068851   0.002499
          p_z           0.010322  -0.000088
          p_x          -0.017249  -0.000249

   22 H   s             0.015407  -0.000134

   23 C   s             0.004948   0.000009
          p_y           0.004569   0.000011
          p_z          -0.004864   0.000013
          p_x          -0.005318   0.000016

   24 H   s            -0.007969   0.000019

   25 H   s             0.013675   0.000075

   26 H   s            -0.055670   0.000119

   27 C   s            -0.043227   0.001333
          p_y          -0.077129   0.002405
          p_z          -0.135571   0.008239
          p_x           0.274419   0.033424

   28 C   s            -0.114795   0.004060
          p_y          -0.081798   0.003413
          p_z          -0.224280   0.026026
          p_x           0.389043   0.078299

   29 H   s             0.008542   0.000024

   30 C   s             0.754898   0.171529
          p_y           0.408602   0.078556
          p_z          -0.281677   0.038124
          p_x          -0.576430   0.155143

   31 C   s             0.371945   0.058169
          p_y          -0.075026   0.004467
          p_z          -0.186910   0.016504
          p_x           0.204359   0.024221

   32 H   s             0.170647   0.008128

   33 C   s            -0.169366   0.010550
          p_y          -0.003954   0.000035
          p_z          -0.089439   0.002374
          p_x           0.128021   0.006823

   34 H   s             0.893120   0.225710

   35 H   s             0.089932  -0.000956

   36 H   s            -0.186216   0.008350

Eigenvector:  67    (up)

    1 C   s            -0.037282   0.000509
          p_y           0.022979   0.000172
          p_z          -0.056979   0.001239
          p_x           0.001624   0.000004

    2 C   s             0.098274   0.002960
          p_y          -0.110388   0.007133
          p_z           0.057596   0.002172
          p_x           0.162774   0.014972

    3 C   s             0.051945   0.000690
          p_y          -0.012986   0.000087
          p_z           0.001075   0.000004
          p_x           0.022550   0.000206

    4 C   s             0.037511   0.000560
          p_y           0.015341   0.000136
          p_z          -0.030720   0.000481
          p_x           0.024057   0.000329

    5 C   s             0.106592   0.001992
          p_y           0.008160  -0.000002
          p_z          -0.074924   0.002343
          p_x           0.061958   0.002083

    6 H   s             0.181882   0.009040

    7 C   s             0.029996   0.000149
          p_y           0.056554   0.001951
          p_z           0.001782   0.000004
          p_x          -0.112807   0.007964

    8 C   s            -0.025627   0.000273
          p_y          -0.001952   0.000002
          p_z           0.021714   0.000316
          p_x          -0.021511   0.000321

    9 C   s             0.006409   0.000017
          p_y          -0.004509   0.000003
          p_z           0.003316  -0.000017
          p_x          -0.019221   0.000109

   10 H   s             0.005296   0.000003

   11 C   s             0.111958   0.002089
          p_y          -0.054386   0.002012
          p_z          -0.100344   0.006324
          p_x           0.204575   0.027414

   12 C   s             0.141128   0.004982
          p_y           0.040495   0.000942
          p_z          -0.102577   0.005182
          p_x           0.007797  -0.000024

   13 H   s             0.092685   0.002138

   14 H   s            -0.007294   0.000029

   15 C   s            -0.006203   0.000012
          p_y           0.007682   0.000033
          p_z          -0.003539   0.000008
          p_x          -0.007293   0.000032

   16 C   s            -0.003289   0.000005
          p_y          -0.003125   0.000006
          p_z          -0.000186  -0.000000
          p_x          -0.002138   0.000004

   17 C   s             0.342296   0.037685
          p_y           0.005922  -0.000000
          p_z          -0.409660   0.104636
          p_x           0.365622   0.086338

   18 H   s             0.255070   0.026857

   19 C   s             0.112938   0.001456
          p_y           0.135702   0.010872
          p_z          -0.148072   0.012427
          p_x          -0.135109   0.011212

   20 C   s            -0.002884   0.000005
          p_y           0.000939   0.000001
          p_z           0.001807   0.000002
          p_x          -0.002550   0.000006

   21 C   s            -0.001087   0.000000
          p_y           0.003308   0.000005
          p_z           0.002118   0.000002
          p_x           0.002641   0.000003

   22 H   s            -0.000800  -0.000000

   23 C   s             0.412622   0.050041
          p_y           0.297531   0.051119
          p_z          -0.553674   0.176991
          p_x          -0.061399   0.002234

   24 H   s             0.604894   0.112577

   25 H   s             0.293504   0.037632

   26 H   s             0.000560   0.000000

   27 C   s             0.004010   0.000003
          p_y          -0.001502   0.000001
          p_z           0.000130   0.000000
          p_x           0.000530   0.000000

   28 C   s            -0.002050   0.000001
          p_y          -0.003287   0.000006
          p_z          -0.005402   0.000015
          p_x           0.007145   0.000026

   29 H   s             0.723264   0.168379

   30 C   s             0.001300   0.000000
          p_y           0.003031   0.000004
          p_z           0.000567   0.000000
          p_x          -0.006002   0.000018

   31 C   s             0.007113   0.000021
          p_y          -0.001495   0.000002
          p_z          -0.003423   0.000005
          p_x           0.005057   0.000015

   32 H   s             0.003851   0.000004

   33 C   s            -0.000795   0.000000
          p_y           0.000391   0.000000
          p_z          -0.001122   0.000001
          p_x           0.000404   0.000000

   34 H   s             0.005190   0.000007

   35 H   s             0.001833  -0.000000

   36 H   s            -0.001195   0.000000

Eigenvector:  68    (up)

    1 C   s             0.069970   0.001573
          p_y           0.001277   0.000003
          p_z           0.049949   0.000946
          p_x          -0.003358   0.000008

    2 C   s            -0.128586   0.005814
          p_y           0.087866   0.004194
          p_z          -0.047651   0.001297
          p_x          -0.146468   0.011476

    3 C   s            -0.071744   0.001389
          p_y           0.011581   0.000081
          p_z          -0.046829   0.000959
          p_x           0.004750  -0.000008

    4 C   s            -0.051309   0.001065
          p_y          -0.198753   0.021712
          p_z           0.079857  -0.000421
          p_x           0.105860   0.011511

    5 C   s             0.024908   0.000258
          p_y           0.019685   0.000184
          p_z           0.005257   0.000028
          p_x          -0.038177   0.000783

    6 H   s            -0.184150   0.009295

    7 C   s             0.046810   0.000893
          p_y           0.025365   0.000337
          p_z           0.009070   0.000063
          p_x          -0.053222   0.001574

    8 C   s            -0.082853   0.002354
          p_y          -0.024823   0.000129
          p_z          -0.032521   0.001018
          p_x           0.133983   0.009725

    9 C   s            -0.409743   0.058935
          p_y           0.088912   0.004377
          p_z          -0.251807   0.033069
          p_x           0.276069   0.043892

   10 H   s             0.054368   0.000396

   11 C   s             0.011066   0.000042
          p_y           0.008863   0.000045
          p_z           0.006289   0.000025
          p_x          -0.026005   0.000396

   12 C   s            -0.032658   0.000418
          p_y           0.028468   0.000441
          p_z          -0.020082   0.000205
          p_x          -0.044495   0.001098

   13 H   s             0.066303   0.001138

   14 H   s            -0.177631   0.012152

   15 C   s             0.255658   0.018886
          p_y          -0.208638   0.019678
          p_z           0.007431   0.000039
          p_x           0.296892   0.041433

   16 C   s             0.311942   0.039077
          p_y           0.132193   0.008025
          p_z          -0.066179   0.001062
          p_x           0.305971   0.058923

   17 C   s             0.006040   0.000007
          p_y           0.006251   0.000023
          p_z          -0.011593   0.000085
          p_x          -0.000713  -0.000000

   18 H   s            -0.012780   0.000043

   19 C   s             0.022678   0.000133
          p_y           0.019649   0.000197
          p_z          -0.004898   0.000006
          p_x          -0.031489   0.000539

   20 C   s            -0.015133   0.000219
          p_y           0.091227   0.007467
          p_z           0.021484   0.000792
          p_x           0.117559   0.012852

   21 C   s             0.058115   0.001223
          p_y          -0.154996   0.009373
          p_z          -0.050547   0.002880
          p_x          -0.177290   0.011752

   22 H   s             0.069319  -0.002467

   23 C   s             0.030967   0.000283
          p_y           0.026147   0.000373
          p_z          -0.040555   0.000916
          p_x          -0.015200   0.000120

   24 H   s             0.008255   0.000022

   25 H   s             0.053532   0.001191

   26 H   s            -0.042016  -0.000064

   27 C   s            -0.193309   0.009978
          p_y           0.028189   0.000548
          p_z          -0.153088   0.009202
          p_x           0.084284   0.002770

   28 C   s             0.186633   0.009795
          p_y           0.084702   0.003796
          p_z           0.392913   0.077770
          p_x          -0.369189   0.066959

   29 H   s             0.054790   0.000945

   30 C   s             0.309701   0.030697
          p_y           0.091773   0.003659
          p_z          -0.151497   0.011403
          p_x          -0.024486  -0.000015

   31 C   s            -0.575656   0.144996
          p_y           0.247138   0.043950
          p_z           0.110749   0.002347
          p_x          -0.368801   0.078838

   32 H   s            -0.119784   0.003636

   33 C   s            -0.047433   0.000496
          p_y          -0.078391   0.002597
          p_z          -0.058356   0.001044
          p_x           0.127229   0.007083

   34 H   s             0.212218   0.013214

   35 H   s            -0.229333  -0.008158

   36 H   s            -0.095022   0.002499

Eigenvector:  69    (up)

    1 C   s            -0.064562   0.001554
          p_y           0.038843   0.000525
          p_z          -0.070223   0.001639
          p_x          -0.050304   0.001107

    2 C   s             0.270936   0.024376
          p_y          -0.176912   0.016732
          p_z           0.063794   0.002305
          p_x           0.292916   0.045279

    3 C   s             0.067139   0.000811
          p_y          -0.017888   0.000182
          p_z           0.067383   0.002368
          p_x          -0.009866   0.000054

    4 C   s             0.048236   0.001004
          p_y           0.159322   0.013365
          p_z          -0.070201  -0.000440
          p_x          -0.053652   0.003672

    5 C   s            -0.002056   0.000013
          p_y           0.013702   0.000116
          p_z          -0.035970   0.000945
          p_x           0.006226   0.000044

    6 H   s             0.360021   0.034988

    7 C   s             0.180771   0.010648
          p_y           0.121605   0.008306
          p_z          -0.057242   0.001887
          p_x          -0.190527   0.020262

    8 C   s             0.021304   0.000125
          p_y           0.006689  -0.000020
          p_z           0.051435   0.002039
          p_x          -0.150735   0.012735

    9 C   s             0.328542   0.038116
          p_y          -0.090632   0.004804
          p_z           0.212421   0.022744
          p_x          -0.226003   0.026817

   10 H   s            -0.045371   0.000403

   11 C   s            -0.065016   0.001401
          p_y           0.007293   0.000029
          p_z          -0.036173   0.000829
          p_x           0.017871   0.000227

   12 C   s             0.031184   0.000217
          p_y          -0.017859   0.000103
          p_z          -0.013332   0.000214
          p_x           0.050645   0.001427

   13 H   s             0.236598   0.014253

   14 H   s             0.124070   0.005438

   15 C   s            -0.196177   0.010657
          p_y           0.189709   0.015228
          p_z          -0.008453   0.000066
          p_x          -0.166693   0.013875

   16 C   s            -0.192026   0.012618
          p_y          -0.273197   0.039995
          p_z           0.129711   0.005406
          p_x          -0.061054   0.002033

   17 C   s            -0.032722   0.000275
          p_y          -0.001433   0.000002
          p_z           0.040201   0.001003
          p_x          -0.032963   0.000664

   18 H   s            -0.047482   0.001048

   19 C   s            -0.075995   0.001677
          p_y          -0.004009  -0.000000
          p_z          -0.031553   0.000654
          p_x           0.037057   0.000702

   20 C   s             0.026376   0.000565
          p_y          -0.233184   0.050257
          p_z          -0.125691   0.015928
          p_x          -0.154761   0.022324

   21 C   s            -0.002524   0.000022
          p_y           0.156410   0.010888
          p_z           0.063877   0.002747
          p_x           0.108102   0.003351

   22 H   s            -0.006015  -0.000009

   23 C   s            -0.052265   0.000698
          p_y          -0.041890   0.000947
          p_z           0.071474   0.002864
          p_x           0.014818   0.000099

   24 H   s            -0.052883   0.000839

   25 H   s            -0.086399   0.003293

   26 H   s             0.021314  -0.000037

   27 C   s             0.052213   0.000338
          p_y           0.001030  -0.000013
          p_z          -0.001382   0.000011
          p_x           0.109589   0.004015

   28 C   s             0.150771   0.006498
          p_y          -0.098782   0.004271
          p_z           0.236253   0.025156
          p_x          -0.221695   0.024697

   29 H   s            -0.088976   0.002460

   30 C   s             0.171760   0.008037
          p_y           0.182870   0.014941
          p_z          -0.082357   0.002971
          p_x          -0.270500   0.033416

   31 C   s            -0.580954   0.160313
          p_y           0.385886   0.103155
          p_z          -0.162127   0.024376
          p_x          -0.224406   0.029437

   32 H   s             0.009220   0.000097

   33 C   s             0.033872   0.000306
          p_y          -0.084675   0.002363
          p_z          -0.060236   0.001621
          p_x           0.088347   0.003185

   34 H   s             0.304243   0.023931

   35 H   s            -0.343888  -0.020480

   36 H   s            -0.051037   0.000573

Eigenvector:  70    (up)

    1 C   s            -0.070618   0.002070
          p_y           0.080663   0.002327
          p_z          -0.072812   0.001403
          p_x          -0.072024   0.002267

    2 C   s             0.420768   0.057853
          p_y          -0.277992   0.041287
          p_z           0.070187   0.002871
          p_x           0.448527   0.105924

    3 C   s             0.053884   0.000233
          p_y          -0.064056   0.001990
          p_z           0.069614   0.003152
          p_x           0.024317   0.000103

    4 C   s             0.046049   0.000772
          p_y          -0.051692   0.001372
          p_z          -0.017977   0.000499
          p_x           0.085023   0.005572

    5 C   s             0.034058   0.000045
          p_y           0.061206   0.002026
          p_z          -0.067160   0.003255
          p_x          -0.042224   0.000574

    6 H   s             0.547926   0.080738

    7 C   s             0.473736   0.075233
          p_y           0.302718   0.050593
          p_z          -0.103548   0.005915
          p_x          -0.481057   0.127823

    8 C   s            -0.131697   0.006300
          p_y          -0.002113  -0.000009
          p_z           0.093863   0.004969
          p_x          -0.009562   0.000130

    9 C   s            -0.152299   0.008091
          p_y           0.033037   0.000770
          p_z          -0.095959   0.005925
          p_x           0.074064   0.003580

   10 H   s             0.018837  -0.000005

   11 C   s            -0.136664   0.006109
          p_y           0.033413   0.000610
          p_z          -0.074868   0.003537
          p_x          -0.007149  -0.000011

   12 C   s             0.011173  -0.000070
          p_y          -0.000608  -0.000005
          p_z          -0.066850   0.003620
          p_x           0.051501   0.001524

   13 H   s             0.607761   0.093885

   14 H   s            -0.112494   0.005286

   15 C   s             0.094036   0.002436
          p_y          -0.129264   0.006113
          p_z          -0.008004   0.000013
          p_x           0.058512   0.001808

   16 C   s             0.092725   0.002896
          p_y           0.150469   0.012269
          p_z          -0.026464  -0.000011
          p_x           0.062101   0.002098

   17 C   s            -0.071429   0.001376
          p_y           0.007198   0.000024
          p_z           0.082451   0.004181
          p_x          -0.084206   0.004212

   18 H   s            -0.138004   0.008138

   19 C   s            -0.131798   0.005124
          p_y           0.020554   0.000298
          p_z          -0.072569   0.003243
          p_x           0.033485   0.000551

   20 C   s            -0.064209   0.002785
          p_y           0.303258   0.085602
          p_z           0.169887   0.027443
          p_x           0.162301   0.024712

   21 C   s             0.021997   0.000192
          p_y          -0.096481   0.004030
          p_z          -0.035794   0.000848
          p_x          -0.077913   0.002183

   22 H   s             0.004530  -0.000007

   23 C   s            -0.073858   0.001281
          p_y          -0.055469   0.001677
          p_z           0.099835   0.005683
          p_x           0.009854   0.000033

   24 H   s            -0.119223   0.004209

   25 H   s            -0.110765   0.005706

   26 H   s            -0.020951  -0.000016

   27 C   s            -0.033040   0.000194
          p_y          -0.040105  -0.000084
          p_z          -0.039497   0.000267
          p_x          -0.075297   0.001677

   28 C   s            -0.051338   0.000803
          p_y           0.044799   0.000888
          p_z          -0.046630   0.000826
          p_x           0.067446   0.002338

   29 H   s            -0.120966   0.004566

   30 C   s            -0.048616   0.000589
          p_y          -0.054712   0.001271
          p_z           0.035018   0.000541
          p_x           0.104238   0.005076

   31 C   s             0.192366   0.018077
          p_y          -0.140103   0.013527
          p_z           0.084165   0.005778
          p_x           0.057323   0.001958

   32 H   s            -0.009877   0.000055

   33 C   s            -0.025408   0.000159
          p_y           0.025108   0.000189
          p_z           0.007869   0.000039
          p_x          -0.016117   0.000103

   34 H   s            -0.102868   0.002697

   35 H   s             0.125902  -0.002799

   36 H   s             0.001081  -0.000001

Eigenvector:  71    (up)

    1 C   s             0.007006   0.000022
          p_y          -0.007584   0.000016
          p_z           0.005010   0.000001
          p_x           0.010322   0.000053

    2 C   s            -0.063962   0.001310
          p_y           0.038152   0.000777
          p_z          -0.005324   0.000019
          p_x          -0.065990   0.002276

    3 C   s             0.013888   0.000071
          p_y           0.000051   0.000000
          p_z          -0.004672   0.000029
          p_x          -0.031995   0.000375

    4 C   s             0.006618   0.000010
          p_y           0.049167   0.001172
          p_z          -0.007198  -0.000073
          p_x          -0.023960   0.000562

    5 C   s            -0.015152   0.000050
          p_y          -0.017221   0.000156
          p_z           0.014331   0.000142
          p_x           0.021361   0.000196

    6 H   s            -0.079360   0.001696

    7 C   s            -0.126462   0.005467
          p_y          -0.065658   0.002331
          p_z           0.019855   0.000201
          p_x           0.122428   0.008179

    8 C   s             0.050367   0.000681
          p_y           0.078333   0.003404
          p_z           0.010959   0.000081
          p_x          -0.030702   0.000400

    9 C   s             0.120669   0.004697
          p_y          -0.012688   0.000093
          p_z           0.069951   0.002555
          p_x          -0.080631   0.003478

   10 H   s            -0.010490   0.000003

   11 C   s             0.029943   0.000289
          p_y          -0.012583   0.000087
          p_z           0.015939   0.000159
          p_x           0.010220   0.000045

   12 C   s             0.010942   0.000070
          p_y          -0.010697   0.000078
          p_z           0.022899   0.000369
          p_x          -0.003724   0.000009

   13 H   s            -0.153623   0.005987

   14 H   s             0.096293   0.003538

   15 C   s            -0.013478   0.000142
          p_y          -0.076037   0.001202
          p_z          -0.010921  -0.000006
          p_x          -0.189838   0.013734

   16 C   s            -0.069122   0.002060
          p_y           0.069079   0.002983
          p_z           0.121959   0.007652
          p_x           0.016186   0.000193

   17 C   s             0.015706   0.000069
          p_y          -0.002873   0.000004
          p_z          -0.016412   0.000165
          p_x           0.021197   0.000260

   18 H   s             0.038196   0.000591

   19 C   s             0.021684   0.000141
          p_y          -0.008819   0.000045
          p_z           0.017084   0.000169
          p_x           0.002625   0.000004

   20 C   s            -0.118376   0.009134
          p_y           0.577638   0.312167
          p_z           0.327735   0.097067
          p_x           0.210212   0.041170

   21 C   s             0.038838   0.000148
          p_y          -0.029180   0.000494
          p_z          -0.048690   0.000713
          p_x          -0.062397   0.001839

   22 H   s            -0.014484  -0.000107

   23 C   s             0.008080   0.000012
          p_y           0.003822   0.000009
          p_z          -0.009922   0.000060
          p_x           0.001713   0.000002

   24 H   s             0.026639   0.000207

   25 H   s             0.009056   0.000047

   26 H   s             0.007197  -0.000022

   27 C   s             0.159377   0.005763
          p_y          -0.138702   0.002627
          p_z           0.111989   0.006462
          p_x          -0.240042   0.020048

   28 C   s             0.011700   0.000005
          p_y          -0.124489   0.006535
          p_z          -0.008227   0.000066
          p_x           0.217742   0.022324

   29 H   s             0.011142   0.000040

   30 C   s            -0.305647   0.030682
          p_y           0.150784   0.011637
          p_z           0.049895   0.001197
          p_x          -0.208274   0.021400

   31 C   s            -0.337233   0.066293
          p_y           0.342758   0.081750
          p_z          -0.487781   0.158632
          p_x           0.108528   0.006175

   32 H   s             0.163934   0.008275

   33 C   s             0.266025   0.017832
          p_y          -0.021718  -0.000157
          p_z           0.023754  -0.000224
          p_x          -0.102968   0.004509

   34 H   s             0.019351  -0.000086

   35 H   s            -0.341680  -0.022091

   36 H   s             0.152388   0.006898

Eigenvector:  72    (up)

    1 C   s            -0.000444  -0.000000
          p_y          -0.009813   0.000027
          p_z          -0.007375   0.000035
          p_x          -0.002903   0.000004

    2 C   s            -0.035176   0.000382
          p_y           0.024809   0.000331
          p_z           0.005758   0.000014
          p_x          -0.038211   0.000766

    3 C   s             0.011817   0.000040
          p_y           0.007360   0.000029
          p_z           0.003917  -0.000006
          p_x          -0.034629   0.000421

    4 C   s             0.009554   0.000051
          p_y           0.162565   0.013939
          p_z          -0.025505  -0.000731
          p_x          -0.080380   0.006670

    5 C   s            -0.017253   0.000078
          p_y          -0.019189   0.000187
          p_z           0.009767   0.000068
          p_x           0.024348   0.000265

    6 H   s            -0.043760   0.000507

    7 C   s            -0.105872   0.003831
          p_y          -0.059920   0.001925
          p_z           0.017866   0.000160
          p_x           0.106201   0.006117

    8 C   s             0.103958   0.003838
          p_y           0.058573   0.001513
          p_z           0.037326   0.001153
          p_x          -0.079253   0.002942

    9 C   s             0.335034   0.038563
          p_y          -0.083371   0.003947
          p_z           0.212541   0.023500
          p_x          -0.212203   0.025280

   10 H   s            -0.044158   0.000248

   11 C   s             0.026856   0.000228
          p_y          -0.013593   0.000100
          p_z           0.013951   0.000121
          p_x           0.016375   0.000131

   12 C   s             0.014214   0.000101
          p_y          -0.013066   0.000108
          p_z           0.023088   0.000353
          p_x           0.005147   0.000013

   13 H   s            -0.133868   0.004521

   14 H   s             0.158568   0.009426

   15 C   s            -0.232174   0.013881
          p_y           0.052215   0.001875
          p_z          -0.084089   0.002138
          p_x          -0.226114   0.022397

   16 C   s            -0.218727   0.016949
          p_y          -0.161053   0.011744
          p_z           0.159976   0.010092
          p_x          -0.099121   0.006862

   17 C   s             0.015383   0.000069
          p_y          -0.004103   0.000009
          p_z          -0.016420   0.000162
          p_x           0.022555   0.000290

   18 H   s             0.039820   0.000622

   19 C   s             0.014711   0.000068
          p_y          -0.012084   0.000080
          p_z           0.015075   0.000126
          p_x           0.009238   0.000045

   20 C   s            -0.073964   0.003043
          p_y           0.404852   0.151244
          p_z           0.179383   0.028804
          p_x           0.247801   0.058190

   21 C   s             0.021974   0.000052
          p_y           0.078373   0.003036
          p_z           0.078924   0.004217
          p_x           0.108717   0.002261

   22 H   s            -0.027200  -0.000354

   23 C   s             0.001951  -0.000001
          p_y          -0.001138   0.000000
          p_z          -0.001896   0.000003
          p_x           0.004996   0.000013

   24 H   s             0.027168   0.000212

   25 H   s            -0.002954  -0.000000

   26 H   s            -0.031924   0.000032

   27 C   s            -0.113890   0.003027
          p_y          -0.121280   0.003157
          p_z          -0.274925   0.026791
          p_x           0.126314   0.008423

   28 C   s             0.032990   0.000307
          p_y           0.074671   0.002201
          p_z           0.209262   0.021911
          p_x          -0.362732   0.062380

   29 H   s             0.000815   0.000000

   30 C   s             0.402836   0.051523
          p_y          -0.021972   0.000326
          p_z          -0.008158  -0.000003
          p_x           0.102754   0.005889

   31 C   s             0.108519   0.010794
          p_y          -0.213268   0.032159
          p_z           0.534851   0.177761
          p_x          -0.260896   0.036992

   32 H   s            -0.182139   0.009262

   33 C   s            -0.331021   0.026918
          p_y          -0.038157   0.001139
          p_z          -0.106994   0.002189
          p_x           0.200571   0.016657

   34 H   s             0.124611   0.005134

   35 H   s             0.245101  -0.012119

   36 H   s            -0.251997   0.017825

Eigenvector:  73    (up)

    1 C   s             0.055978   0.000880
          p_y           0.039944   0.000701
          p_z          -0.026094   0.000321
          p_x          -0.045606   0.000891

    2 C   s            -0.048637   0.000800
          p_y           0.001655   0.000001
          p_z           0.012706   0.000059
          p_x          -0.015516   0.000088

    3 C   s            -0.028715   0.000309
          p_y           0.023867   0.000295
          p_z           0.010893   0.000023
          p_x          -0.063241   0.001818

    4 C   s             0.004131  -0.000005
          p_y          -0.040584   0.001047
          p_z          -0.008822   0.000057
          p_x           0.020283   0.000361

    5 C   s            -0.010166   0.000047
          p_y          -0.037418   0.000715
          p_z          -0.003885  -0.000011
          p_x           0.081344   0.002997

    6 H   s            -0.031672   0.000289

    7 C   s             0.018329   0.000109
          p_y           0.018327   0.000161
          p_z          -0.027949   0.000362
          p_x          -0.008008   0.000033

    8 C   s             0.024578  -0.000011
          p_y           0.062980   0.002229
          p_z          -0.037960   0.001029
          p_x          -0.083765   0.003553

    9 C   s            -0.021204   0.000249
          p_y           0.022386   0.000255
          p_z          -0.015088   0.000145
          p_x           0.004889   0.000053

   10 H   s             0.007904   0.000010

   11 C   s             0.062494   0.000875
          p_y          -0.081986   0.003545
          p_z           0.023985   0.000301
          p_x           0.140251   0.010383

   12 C   s             0.028606   0.000309
          p_y          -0.048796   0.001161
          p_z           0.036001   0.000554
          p_x           0.063855   0.002121

   13 H   s             0.021975   0.000120

   14 H   s             0.102333   0.003566

   15 C   s             0.144685   0.003177
          p_y          -0.011608   0.000072
          p_z           0.083979   0.002190
          p_x          -0.055169   0.000810

   16 C   s             0.084619   0.001770
          p_y           0.076947   0.002469
          p_z           0.093369   0.006299
          p_x           0.124329   0.008502

   17 C   s             0.086895   0.002452
          p_y          -0.023376   0.000263
          p_z          -0.099383   0.005486
          p_x           0.142723   0.010812

   18 H   s             0.179883   0.011544

   19 C   s            -0.055526   0.000622
          p_y          -0.070622   0.002358
          p_z           0.009507   0.000022
          p_x           0.131279   0.008404

   20 C   s             0.088820   0.005177
          p_y          -0.057438   0.002560
          p_z           0.151248   0.019170
          p_x          -0.247107   0.055152

   21 C   s             0.419150   0.041705
          p_y          -0.065738   0.001592
          p_z           0.097703   0.002938
          p_x          -0.374932   0.060464

   22 H   s             0.010994  -0.000045

   23 C   s            -0.081351   0.002012
          p_y          -0.083860   0.003346
          p_z           0.116246   0.006579
          p_x           0.057375   0.001492

   24 H   s             0.160690   0.006937

   25 H   s            -0.168965   0.010769

   26 H   s             0.118869  -0.000917

   27 C   s             0.039309   0.000307
          p_y           0.185578   0.014617
          p_z           0.313730   0.033468
          p_x          -0.501654   0.106227

   28 C   s            -0.107616   0.005462
          p_y          -0.190551   0.019432
          p_z           0.346524   0.064130
          p_x           0.175894   0.015794

   29 H   s            -0.145661   0.006048

   30 C   s            -0.241898   0.016190
          p_y           0.036661   0.000523
          p_z           0.430888   0.087009
          p_x          -0.489303   0.110130

   31 C   s             0.126694   0.009651
          p_y          -0.096155   0.006586
          p_z           0.230293   0.033791
          p_x          -0.142594   0.011117

   32 H   s             0.117854   0.003514

   33 C   s            -0.300381   0.019110
          p_y          -0.016047   0.000120
          p_z          -0.303764   0.034048
          p_x           0.330405   0.040343

   34 H   s             0.136864   0.002898

   35 H   s             0.134137  -0.003344

   36 H   s            -0.367401   0.033855

Eigenvector:  74    (up)

    1 C   s            -0.120476   0.004434
          p_y          -0.061325   0.001793
          p_z           0.052211   0.001363
          p_x           0.075127   0.002557

    2 C   s             0.184691   0.011175
          p_y          -0.050202   0.001228
          p_z          -0.030885   0.000384
          p_x           0.114451   0.006013

    3 C   s             0.138784   0.005774
          p_y          -0.032020   0.000470
          p_z          -0.022956   0.000288
          p_x           0.084494   0.003390

    4 C   s             0.010561   0.000049
          p_y           0.007915   0.000024
          p_z          -0.012160   0.000063
          p_x          -0.001852   0.000003

    5 C   s            -0.004066  -0.000009
          p_y           0.094944   0.004609
          p_z           0.009263  -0.000091
          p_x          -0.200482   0.017892

    6 H   s             0.162270   0.007073

    7 C   s            -0.217964   0.015973
          p_y          -0.082475   0.003211
          p_z           0.052105   0.001063
          p_x           0.107825   0.005836

    8 C   s            -0.024547   0.000278
          p_y          -0.007533   0.000025
          p_z           0.007719   0.000043
          p_x           0.005878   0.000000

    9 C   s             0.026248   0.000206
          p_y          -0.000006  -0.000000
          p_z           0.012617   0.000054
          p_x          -0.023573   0.000219

   10 H   s             0.003327   0.000001

   11 C   s            -0.174462   0.006633
          p_y           0.227393   0.027221
          p_z          -0.067285   0.002323
          p_x          -0.391020   0.080804

   12 C   s            -0.020938   0.000178
          p_y           0.119055   0.006784
          p_z          -0.066107   0.001511
          p_x          -0.179291   0.016942

   13 H   s            -0.192284   0.009328

   14 H   s            -0.023152   0.000172

   15 C   s             0.017409   0.000013
          p_y           0.010241   0.000047
          p_z           0.032762   0.000347
          p_x          -0.050124   0.000942

   16 C   s             0.011291   0.000010
          p_y           0.004678   0.000001
          p_z           0.038084   0.000918
          p_x           0.027977   0.000417

   17 C   s            -0.254234   0.020971
          p_y           0.065066   0.002022
          p_z           0.296483   0.048685
          p_x          -0.414740   0.091079

   18 H   s            -0.500411   0.089311

   19 C   s             0.147299   0.004031
          p_y           0.200769   0.019141
          p_z          -0.028203   0.000232
          p_x          -0.370946   0.067083

   20 C   s             0.036481   0.000895
          p_y          -0.006830   0.000023
          p_z           0.053760   0.002344
          p_x          -0.078787   0.005558

   21 C   s             0.146148   0.004982
          p_y          -0.004623   0.000003
          p_z           0.043313   0.000696
          p_x          -0.117732   0.006123

   22 H   s             0.001257  -0.000000

   23 C   s             0.235226   0.016844
          p_y           0.237224   0.026703
          p_z          -0.327276   0.051977
          p_x          -0.164497   0.012258

   24 H   s            -0.470697   0.059358

   25 H   s             0.473389   0.084535

   26 H   s             0.046236  -0.000129

   27 C   s             0.022153   0.000103
          p_y           0.057005   0.001439
          p_z           0.113290   0.004350
          p_x          -0.180848   0.013597

   28 C   s            -0.036371   0.000633
          p_y          -0.073314   0.002842
          p_z           0.123956   0.008135
          p_x           0.055330   0.001568

   29 H   s             0.413179   0.048611

   30 C   s            -0.085846   0.002055
          p_y           0.017024   0.000115
          p_z           0.158685   0.011845
          p_x          -0.182226   0.015257

   31 C   s             0.039155   0.000960
          p_y          -0.028400   0.000588
          p_z           0.081674   0.004191
          p_x          -0.054448   0.001624

   32 H   s             0.041417   0.000440

   33 C   s            -0.110202   0.002568
          p_y          -0.008113   0.000028
          p_z          -0.109967   0.004450
          p_x           0.120089   0.005320

   34 H   s             0.053652   0.000464

   35 H   s             0.044127  -0.000364

   36 H   s            -0.133582   0.004475

Eigenvector:  75    (up)

    1 C   s             0.312830   0.023333
          p_y           0.201809   0.016939
          p_z          -0.043975   0.000856
          p_x          -0.317697   0.042293

    2 C   s             0.150318   0.005808
          p_y          -0.094389   0.003940
          p_z          -0.054529   0.001986
          p_x           0.211749   0.022165

    3 C   s            -0.215449   0.014724
          p_y           0.199677   0.018711
          p_z          -0.183835   0.017251
          p_x          -0.248616   0.026470

    4 C   s            -0.034135   0.000609
          p_y          -0.126590   0.009162
          p_z           0.021422   0.000205
          p_x           0.045785   0.001555

    5 C   s            -0.138378   0.005588
          p_y          -0.020755   0.000183
          p_z          -0.050458   0.001368
          p_x           0.091685   0.004014

    6 H   s             0.191408   0.008658

    7 C   s            -0.260177   0.020438
          p_y          -0.029360   0.000415
          p_z          -0.059380   0.001502
          p_x           0.107007   0.005171

    8 C   s             0.536532   0.076120
          p_y           0.384977   0.068834
          p_z          -0.168438   0.015170
          p_x          -0.538432   0.128216

    9 C   s            -0.057787   0.001412
          p_y           0.067082   0.002371
          p_z          -0.031951   0.000382
          p_x           0.022707   0.000312

   10 H   s             0.000391  -0.000001

   11 C   s            -0.017069   0.000008
          p_y           0.013456   0.000097
          p_z          -0.028769   0.000373
          p_x          -0.001623   0.000005

   12 C   s             0.182150   0.011025
          p_y          -0.039983   0.000805
          p_z           0.030578   0.000524
          p_x           0.050050   0.001154

   13 H   s            -0.175411   0.007679

   14 H   s             0.838042   0.229132

   15 C   s             0.118752   0.000752
          p_y          -0.057374   0.001695
          p_z          -0.010857  -0.000022
          p_x           0.098398   0.004326

   16 C   s             0.008473  -0.000002
          p_y           0.251896   0.033144
          p_z           0.127180   0.009441
          p_x           0.124076   0.006981

   17 C   s            -0.079113   0.001964
          p_y          -0.004708   0.000017
          p_z           0.079492   0.003233
          p_x          -0.064881   0.001987

   18 H   s            -0.018523   0.000140

   19 C   s            -0.107291   0.003642
          p_y          -0.010447   0.000013
          p_z          -0.025686   0.000406
          p_x           0.043502   0.000726

   20 C   s            -0.123826   0.009021
          p_y          -0.084273   0.006077
          p_z           0.040002   0.001592
          p_x          -0.084541   0.005826

   21 C   s             0.021910   0.000144
          p_y          -0.260741   0.027243
          p_z          -0.111478   0.005317
          p_x          -0.122114   0.006321

   22 H   s            -0.006855  -0.000026

   23 C   s             0.081002   0.002102
          p_y           0.045336   0.000896
          p_z          -0.082418   0.002865
          p_x          -0.011380   0.000067

   24 H   s            -0.101588   0.002620

   25 H   s            -0.091035   0.002992

   26 H   s            -0.058336  -0.000026

   27 C   s            -0.114734   0.002787
          p_y           0.066351   0.001213
          p_z          -0.136009   0.005761
          p_x           0.150250   0.007042

   28 C   s            -0.033438   0.000300
          p_y           0.072543   0.002406
          p_z           0.031711   0.000529
          p_x           0.023607   0.000255

   29 H   s             0.102169   0.002780

   30 C   s             0.087849   0.002307
          p_y          -0.028122   0.000286
          p_z          -0.172928   0.014107
          p_x           0.176454   0.013792

   31 C   s            -0.013657   0.000094
          p_y          -0.028692   0.000440
          p_z          -0.022229   0.000243
          p_x           0.037107   0.000823

   32 H   s            -0.023499   0.000153

   33 C   s             0.095566   0.001794
          p_y           0.022397   0.000160
          p_z           0.054599   0.001039
          p_x          -0.063750   0.001356

   34 H   s            -0.044674   0.000303

   35 H   s            -0.001368  -0.000000

   36 H   s             0.079249   0.001585

Eigenvector:  76    (up)

    1 C   s             0.120684   0.003700
          p_y           0.042937   0.000866
          p_z          -0.010620   0.000070
          p_x          -0.081915   0.002974

    2 C   s            -0.002181  -0.000003
          p_y           0.051459   0.001330
          p_z          -0.071655   0.002928
          p_x          -0.030911   0.000351

    3 C   s            -0.136006   0.004622
          p_y           0.054171   0.001230
          p_z          -0.028338   0.000266
          p_x          -0.074916   0.002553

    4 C   s            -0.026689   0.000256
          p_y           0.012294   0.000151
          p_z           0.062506   0.001115
          p_x           0.014594   0.000314

    5 C   s            -0.230889   0.014112
          p_y          -0.096264   0.003886
          p_z           0.040478   0.000651
          p_x           0.143654   0.008787

    6 H   s            -0.038111   0.000326

    7 C   s             0.069893   0.001376
          p_y          -0.000938   0.000003
          p_z          -0.024086   0.000113
          p_x           0.026841   0.000301

    8 C   s            -0.033283   0.000267
          p_y          -0.009153   0.000011
          p_z          -0.060642   0.002208
          p_x           0.072800   0.002608

    9 C   s            -0.139978   0.005626
          p_y          -0.000546   0.000005
          p_z          -0.106725   0.004495
          p_x           0.094675   0.003990

   10 H   s            -0.005588   0.000014

   11 C   s             0.200418   0.013938
          p_y          -0.045795   0.000679
          p_z          -0.028394   0.000430
          p_x           0.120371   0.005419

   12 C   s             0.207740   0.014581
          p_y          -0.036357   0.000591
          p_z          -0.107814   0.006210
          p_x           0.180685   0.016178

   13 H   s             0.025911   0.000225

   14 H   s            -0.060071   0.001129

   15 C   s             0.101337   0.002469
          p_y          -0.035232   0.000438
          p_z          -0.008174   0.000027
          p_x           0.058522   0.001521

   16 C   s             0.100555   0.003782
          p_y          -0.283244   0.042753
          p_z          -0.260282   0.034253
          p_x          -0.100278   0.003330

   17 C   s            -0.424916   0.058797
          p_y          -0.061420   0.002043
          p_z           0.305564   0.044144
          p_x          -0.163361   0.011143

   18 H   s             0.209143   0.014268

   19 C   s            -0.467669   0.060120
          p_y          -0.218401   0.019093
          p_z           0.047426   0.000894
          p_x           0.378724   0.057306

   20 C   s             0.001479  -0.000009
          p_y           0.056214   0.002557
          p_z           0.027541   0.000534
          p_x           0.041023   0.001222

   21 C   s            -0.162216   0.005959
          p_y           0.313485   0.038088
          p_z           0.072286   0.001813
          p_x           0.200394   0.018746

   22 H   s             0.028646  -0.000417

   23 C   s             0.455509   0.063133
          p_y           0.186800   0.014396
          p_z          -0.416989   0.070709
          p_x           0.033213   0.000413

   24 H   s            -0.397111   0.039750

   25 H   s            -0.610829   0.128941

   26 H   s            -0.007221  -0.000003

   27 C   s             0.161502   0.005190
          p_y          -0.104202   0.003511
          p_z           0.117337   0.004656
          p_x          -0.072117   0.001423

   28 C   s             0.112523   0.003902
          p_y          -0.011905   0.000047
          p_z          -0.140325   0.009656
          p_x          -0.073515   0.002388

   29 H   s             0.500006   0.065766

   30 C   s            -0.052257   0.000839
          p_y           0.019186   0.000110
          p_z           0.163707   0.012463
          p_x          -0.150071   0.009769

   31 C   s             0.023975   0.000250
          p_y           0.029373   0.000476
          p_z           0.027699   0.000356
          p_x          -0.043215   0.001148

   32 H   s             0.005491   0.000016

   33 C   s            -0.110351   0.002399
          p_y          -0.023294   0.000183
          p_z          -0.030900   0.000290
          p_x           0.042526   0.000574

   34 H   s             0.045100   0.000358

   35 H   s             0.003200  -0.000001

   36 H   s            -0.065594   0.001138

Eigenvector:  77    (up)

    1 C   s             0.138738   0.004279
          p_y           0.052437   0.001142
          p_z           0.000500  -0.000000
          p_x          -0.105581   0.004590

    2 C   s             0.074453   0.001154
          p_y          -0.027533   0.000340
          p_z          -0.057738   0.001647
          p_x           0.103485   0.005097

    3 C   s            -0.092725   0.002506
          p_y           0.087047   0.003441
          p_z          -0.135739   0.008248
          p_x          -0.048835   0.001098

    4 C   s            -0.028696   0.000343
          p_y          -0.022059   0.000072
          p_z           0.105465   0.002822
          p_x           0.068973   0.004628

    5 C   s             0.085696   0.002073
          p_y           0.065203   0.001914
          p_z          -0.120969   0.006887
          p_x          -0.020151   0.000135

    6 H   s             0.086490   0.001833

    7 C   s            -0.112622   0.003448
          p_y          -0.010577   0.000043
          p_z          -0.068733   0.002293
          p_x           0.078930   0.002884

    8 C   s             0.198113   0.009520
          p_y           0.155107   0.011368
          p_z          -0.141957   0.010964
          p_x          -0.145687   0.008664

    9 C   s            -0.276122   0.022349
          p_y           0.037354   0.000169
          p_z          -0.224122   0.020868
          p_x           0.155051   0.011177

   10 H   s             0.010724  -0.000012

   11 C   s            -0.299276   0.027188
          p_y           0.130043   0.007128
          p_z          -0.057382   0.001486
          p_x          -0.203974   0.017193

   12 C   s            -0.082536   0.002034
          p_y           0.038479   0.000670
          p_z           0.004774   0.000024
          p_x          -0.076079   0.002844

   13 H   s            -0.084722   0.001736

   14 H   s             0.276169   0.024240

   15 C   s             0.210974   0.008176
          p_y          -0.097329   0.003712
          p_z           0.021333   0.000212
          p_x           0.128552   0.007553

   16 C   s             0.191171   0.013190
          p_y          -0.422343   0.095585
          p_z          -0.430974   0.091989
          p_x          -0.133151   0.005108

   17 C   s             0.300977   0.030331
          p_y           0.034748   0.000600
          p_z          -0.233403   0.024654
          p_x           0.146637   0.009215

   18 H   s            -0.349783   0.039848

   19 C   s             0.137669   0.005562
          p_y           0.079776   0.002592
          p_z          -0.065741   0.002045
          p_x          -0.095014   0.003295

   20 C   s            -0.075914   0.004139
          p_y           0.063997   0.003270
          p_z           0.091147   0.006230
          p_x           0.022386   0.000322

   21 C   s            -0.303109   0.020702
          p_y           0.474073   0.086455
          p_z           0.083091   0.002118
          p_x           0.327929   0.050785

   22 H   s             0.049379  -0.001233

   23 C   s            -0.263193   0.020284
          p_y          -0.071300   0.001995
          p_z           0.190233   0.014743
          p_x          -0.043061   0.000872

   24 H   s             0.302577   0.022568

   25 H   s             0.185308   0.011711

   26 H   s            -0.044691  -0.000054

   27 C   s             0.266330   0.013967
          p_y          -0.169287   0.009505
          p_z           0.168697   0.009988
          p_x          -0.070526   0.001263

   28 C   s             0.202833   0.012728
          p_y           0.011494   0.000089
          p_z          -0.250288   0.030561
          p_x          -0.132354   0.007690

   29 H   s            -0.244283   0.016059

   30 C   s            -0.062792   0.001235
          p_y           0.025465   0.000180
          p_z           0.244137   0.027606
          p_x          -0.218806   0.020677

   31 C   s             0.039092   0.000664
          p_y           0.043789   0.001070
          p_z           0.047117   0.001023
          p_x          -0.071319   0.003111

   32 H   s             0.000024   0.000000

   33 C   s            -0.175327   0.006069
          p_y          -0.035305   0.000428
          p_z          -0.039927   0.000452
          p_x           0.058810   0.001087

   34 H   s             0.071074   0.000926

   35 H   s             0.006155  -0.000003

   36 H   s            -0.097002   0.002522

Eigenvector:  78    (up)

    1 C   s            -0.057828   0.000940
          p_y          -0.095619   0.003552
          p_z           0.044824   0.000781
          p_x           0.157796   0.009637

    2 C   s             0.040171   0.000434
          p_y           0.145760   0.009657
          p_z          -0.198772   0.018044
          p_x          -0.108647   0.005329

    3 C   s             0.057137   0.000724
          p_y          -0.035567   0.000658
          p_z          -0.070690   0.001650
          p_x           0.135461   0.007931

    4 C   s            -0.000854  -0.000001
          p_y           0.010330   0.000026
          p_z          -0.024538   0.000109
          p_x          -0.038605   0.001120

    5 C   s             0.054324   0.001307
          p_y           0.060113   0.001981
          p_z          -0.207855   0.021155
          p_x           0.051320   0.001031

    6 H   s            -0.086054   0.001218

    7 C   s             0.167868   0.008082
          p_y           0.002466   0.000008
          p_z          -0.220813   0.024179
          p_x           0.212957   0.021524

    8 C   s             0.095129   0.003056
          p_y          -0.022490   0.000291
          p_z          -0.044196   0.000729
          p_x           0.096706   0.004510

    9 C   s             0.096008   0.002756
          p_y          -0.006781  -0.000001
          p_z           0.069303   0.002166
          p_x          -0.051813   0.001367

   10 H   s            -0.000168  -0.000000

   11 C   s            -0.519195   0.076336
          p_y           0.316731   0.044823
          p_z          -0.203629   0.020028
          p_x          -0.432407   0.080360

   12 C   s            -0.194689   0.009024
          p_y           0.134691   0.008705
          p_z          -0.289221   0.041811
          p_x           0.031550   0.000620

   13 H   s            -0.008887  -0.000041

   14 H   s            -0.019250   0.000062

   15 C   s            -0.096259   0.001894
          p_y           0.025304   0.000213
          p_z           0.008760   0.000057
          p_x          -0.049362   0.001061

   16 C   s            -0.060939   0.001332
          p_y           0.116698   0.007387
          p_z           0.127646   0.007963
          p_x           0.032399   0.000238

   17 C   s             0.183924   0.012404
          p_y          -0.011384   0.000107
          p_z          -0.238180   0.024137
          p_x           0.239278   0.026406

   18 H   s            -0.689998   0.153398

   19 C   s            -0.386967   0.034609
          p_y          -0.210843   0.018540
          p_z          -0.051273   0.001289
          p_x           0.453605   0.087216

   20 C   s             0.045931   0.001361
          p_y          -0.011923   0.000116
          p_z          -0.037920   0.001080
          p_x           0.006222   0.000037

   21 C   s             0.096452   0.002082
          p_y          -0.132721   0.006741
          p_z          -0.017381   0.000076
          p_x          -0.095891   0.004403

   22 H   s            -0.015801  -0.000126

   23 C   s             0.009180   0.000093
          p_y           0.104466   0.004820
          p_z          -0.158761   0.009828
          p_x          -0.053445   0.001674

   24 H   s             0.296035   0.020294

   25 H   s            -0.580101   0.115626

   26 H   s             0.019564  -0.000019

   27 C   s            -0.078284   0.001178
          p_y           0.047551   0.000775
          p_z          -0.037500   0.000537
          p_x           0.008156   0.000013

   28 C   s            -0.063674   0.001261
          p_y          -0.009868   0.000051
          p_z           0.078673   0.003012
          p_x           0.041619   0.000757

   29 H   s             0.133253   0.003960

   30 C   s             0.012396   0.000050
          p_y          -0.005993   0.000009
          p_z          -0.062492   0.001810
          p_x           0.054275   0.001275

   31 C   s            -0.011681   0.000059
          p_y          -0.010989   0.000068
          p_z          -0.015094   0.000107
          p_x           0.020219   0.000250

   32 H   s             0.002020  -0.000001

   33 C   s             0.047981   0.000457
          p_y           0.009035   0.000029
          p_z           0.009768   0.000025
          p_x          -0.014028   0.000061

   34 H   s            -0.018926   0.000068

   35 H   s            -0.002626  -0.000001

   36 H   s             0.025262   0.000173

Eigenvector:  79    (up)

    1 C   s            -0.395074   0.037918
          p_y          -0.293948   0.035376
          p_z           0.048280   0.000879
          p_x           0.542953   0.121765

    2 C   s            -0.284804   0.021571
          p_y           0.048818   0.000776
          p_z           0.047881   0.001662
          p_x          -0.114519   0.005955

    3 C   s             0.529362   0.060448
          p_y          -0.264822   0.028367
          p_z          -0.013907   0.000104
          p_x           0.509588   0.107538

    4 C   s             0.078593   0.002014
          p_y          -0.059035   0.001898
          p_z          -0.030248   0.000635
          p_x           0.074484   0.003766

    5 C   s             0.295067   0.022181
          p_y           0.033338   0.000435
          p_z           0.107898   0.005484
          p_x          -0.164595   0.011807

    6 H   s            -0.174664   0.007384

    7 C   s             0.146745   0.004588
          p_y           0.169634   0.014271
          p_z          -0.261231   0.035745
          p_x          -0.078161   0.002587

    8 C   s             0.445975   0.048355
          p_y           0.163633   0.010249
          p_z           0.071973   0.003662
          p_x          -0.329976   0.047690

    9 C   s            -0.038452   0.000395
          p_y           0.092280   0.004296
          p_z          -0.089182   0.004116
          p_x          -0.053559   0.001072

   10 H   s             0.071400   0.001006

   11 C   s             0.119498   0.003138
          p_y          -0.084010   0.002873
          p_z          -0.018236   0.000314
          p_x           0.183920   0.015468

   12 C   s            -0.304846   0.026738
          p_y           0.102094   0.005170
          p_z          -0.175972   0.014368
          p_x          -0.029430   0.000594

   13 H   s             0.155884   0.004943

   14 H   s             0.459965   0.064829

   15 C   s            -0.066351   0.002121
          p_y          -0.096171   0.003787
          p_z           0.211376   0.016305
          p_x          -0.025606   0.000001

   16 C   s             0.019631   0.000033
          p_y           0.127550   0.008229
          p_z           0.013433   0.000027
          p_x           0.017457   0.000247

   17 C   s            -0.145651   0.006786
          p_y          -0.019632   0.000180
          p_z           0.082607   0.002758
          p_x          -0.035440   0.000408

   18 H   s             0.199538   0.012182

   19 C   s            -0.033684   0.000162
          p_y          -0.014084   0.000122
          p_z           0.024816   0.000462
          p_x           0.002243  -0.000003

   20 C   s            -0.188949   0.019662
          p_y          -0.057040   0.002394
          p_z           0.100179   0.006602
          p_x          -0.080621   0.004288

   21 C   s            -0.264424   0.016577
          p_y          -0.107386   0.004905
          p_z          -0.197101   0.013668
          p_x           0.124291   0.006511

   22 H   s            -0.009150  -0.000038

   23 C   s             0.099830   0.002822
          p_y          -0.018472   0.000174
          p_z          -0.009580   0.000010
          p_x           0.049184   0.001046

   24 H   s            -0.110673   0.002985

   25 H   s            -0.023944   0.000221

   26 H   s            -0.081530  -0.000207

   27 C   s             0.212357   0.008514
          p_y          -0.058311   0.001435
          p_z           0.110726   0.004377
          p_x           0.069931   0.001827

   28 C   s             0.157124   0.007482
          p_y           0.151923   0.010333
          p_z          -0.139041   0.009362
          p_x          -0.106516   0.004750

   29 H   s             0.038546   0.000455

   30 C   s             0.000480  -0.000001
          p_y          -0.014984   0.000128
          p_z           0.139938   0.008860
          p_x          -0.106810   0.004797

   31 C   s             0.009372   0.000055
          p_y           0.019965   0.000270
          p_z           0.025360   0.000231
          p_x          -0.071289   0.002752

   32 H   s            -0.038834   0.000181

   33 C   s            -0.126177   0.003039
          p_y          -0.018785   0.000132
          p_z           0.007712   0.000038
          p_x           0.024822   0.000187

   34 H   s             0.037616   0.000288

   35 H   s            -0.002791  -0.000001

   36 H   s            -0.047411   0.000654

Eigenvector:  80    (up)

    1 C   s             0.092126   0.002113
          p_y           0.106864   0.004503
          p_z          -0.011125   0.000038
          p_x          -0.176254   0.012762

    2 C   s             0.116292   0.003779
          p_y          -0.012823   0.000046
          p_z          -0.004043   0.000023
          p_x           0.007908   0.000025

    3 C   s            -0.141144   0.004096
          p_y           0.069415   0.001894
          p_z           0.076156   0.002274
          p_x          -0.207342   0.017002

    4 C   s            -0.011580   0.000055
          p_y          -0.066505   0.002401
          p_z          -0.063823   0.001529
          p_x          -0.059569   0.002625

    5 C   s            -0.123574   0.003808
          p_y          -0.015644   0.000095
          p_z          -0.030432   0.000453
          p_x           0.061924   0.001640

    6 H   s             0.051662   0.000675

    7 C   s            -0.042310   0.000381
          p_y          -0.075501   0.002733
          p_z           0.128737   0.008176
          p_x           0.027954   0.000332

    8 C   s            -0.206641   0.010423
          p_y          -0.097391   0.003960
          p_z           0.069738   0.002069
          p_x           0.113157   0.005271

    9 C   s             0.107939   0.002943
          p_y           0.022884   0.000472
          p_z           0.129727   0.007312
          p_x          -0.026097   0.000395

   10 H   s            -0.019458   0.000048

   11 C   s            -0.038519   0.000284
          p_y           0.036481   0.000540
          p_z           0.016482   0.000187
          p_x          -0.088839   0.003597

   12 C   s             0.121061   0.004195
          p_y          -0.041407   0.000842
          p_z           0.077453   0.002691
          p_x           0.003765   0.000020

   13 H   s            -0.059461   0.000676

   14 H   s            -0.206071   0.012772

   15 C   s            -0.049153   0.000276
          p_y           0.049888   0.000965
          p_z          -0.050088   0.001176
          p_x          -0.058990   0.001455

   16 C   s            -0.136107   0.006934
          p_y           0.476941   0.116987
          p_z           0.273134   0.027046
          p_x          -0.009849  -0.000096

   17 C   s             0.057619   0.001036
          p_y           0.006029   0.000017
          p_z          -0.036079   0.000527
          p_x           0.020870   0.000157

   18 H   s            -0.083542   0.002078

   19 C   s             0.002904  -0.000001
          p_y          -0.010210   0.000031
          p_z           0.001384  -0.000003
          p_x           0.020468   0.000180

   20 C   s            -0.057241   0.002546
          p_y          -0.031691   0.000534
          p_z          -0.100246   0.008966
          p_x           0.019715   0.000278

   21 C   s            -0.561722   0.076383
          p_y          -0.423840   0.073415
          p_z          -0.566791   0.106061
          p_x           0.230969   0.019588

   22 H   s            -0.053619  -0.001330

   23 C   s            -0.029921   0.000253
          p_y           0.013937   0.000089
          p_z          -0.007336   0.000029
          p_x          -0.022127   0.000212

   24 H   s             0.047446   0.000539

   25 H   s            -0.016639   0.000075

   26 H   s            -0.038403  -0.000109

   27 C   s             0.539911   0.053325
          p_y          -0.098369   0.004444
          p_z           0.333610   0.036470
          p_x           0.065210   0.002763

   28 C   s             0.345341   0.035831
          p_y           0.381224   0.064573
          p_z          -0.275465   0.037126
          p_x          -0.229064   0.021818

   29 H   s            -0.002954   0.000005

   30 C   s            -0.044855   0.000808
          p_y          -0.050853   0.001402
          p_z           0.405426   0.075237
          p_x          -0.299280   0.037894

   31 C   s             0.017279   0.000206
          p_y           0.056788   0.002159
          p_z           0.039968   0.000422
          p_x          -0.179820   0.017286

   32 H   s            -0.093995   0.001011

   33 C   s            -0.329895   0.020413
          p_y          -0.053351   0.001012
          p_z           0.027099   0.000386
          p_x           0.072290   0.001567

   34 H   s             0.073571   0.001038

   35 H   s            -0.016537  -0.000046

   36 H   s            -0.123351   0.004398

Eigenvector:  81    (up)

    1 C   s            -0.177039   0.007707
          p_y          -0.019999   0.000257
          p_z           0.031970   0.000431
          p_x           0.003426   0.000036

    2 C   s             0.036331   0.000597
          p_y          -0.008451   0.000031
          p_z           0.150640   0.009807
          p_x          -0.129374   0.007316

    3 C   s             0.417768   0.036985
          p_y          -0.089873   0.002933
          p_z           0.490170   0.082284
          p_x          -0.314588   0.032865

    4 C   s             0.033319   0.000273
          p_y          -0.049287   0.001190
          p_z           0.020170  -0.000021
          p_x           0.054857   0.002376

    5 C   s            -0.099750   0.002225
          p_y          -0.072067   0.002100
          p_z           0.137172   0.007119
          p_x           0.027104   0.000372

    6 H   s            -0.029786   0.000160

    7 C   s            -0.203655   0.012725
          p_y          -0.095110   0.003473
          p_z           0.295347   0.035096
          p_x          -0.088268   0.003507

    8 C   s            -0.429296   0.058853
          p_y          -0.074249   0.002105
          p_z           0.528309   0.124954
          p_x          -0.382231   0.069542

    9 C   s            -0.084084   0.002222
          p_y           0.067003   0.001676
          p_z          -0.104571   0.004617
          p_x           0.007075   0.000073

   10 H   s             0.019617   0.000028

   11 C   s            -0.031845   0.000116
          p_y           0.074802   0.002108
          p_z           0.109338   0.005988
          p_x          -0.255290   0.027876

   12 C   s             0.253706   0.017612
          p_y          -0.039927   0.000699
          p_z           0.244326   0.024097
          p_x          -0.174467   0.011832

   13 H   s            -0.091224   0.001753

   14 H   s            -0.069997   0.001798

   15 C   s             0.185868   0.002224
          p_y          -0.071755   0.001577
          p_z           0.281661   0.018559
          p_x          -0.150205   0.003763

   16 C   s             0.051618   0.000826
          p_y          -0.076498   0.003121
          p_z          -0.071355   0.001702
          p_x           0.048248   0.001187

   17 C   s             0.129375   0.004602
          p_y          -0.014059   0.000084
          p_z          -0.065525   0.001651
          p_x           0.087628   0.003042

   18 H   s            -0.176051   0.008333

   19 C   s            -0.120499   0.003716
          p_y          -0.121217   0.005342
          p_z           0.087051   0.002797
          p_x           0.165517   0.009921

   20 C   s            -0.489380   0.118855
          p_y          -0.117396   0.009931
          p_z           0.369786   0.093334
          p_x          -0.278478   0.051101

   21 C   s            -0.030348   0.000157
          p_y           0.054220   0.001076
          p_z           0.032421   0.000230
          p_x           0.016786   0.000204

   22 H   s             0.018100  -0.000157

   23 C   s             0.031935   0.000259
          p_y           0.057344   0.001368
          p_z          -0.028991   0.000290
          p_x          -0.087564   0.003360

   24 H   s             0.110493   0.002820

   25 H   s            -0.210053   0.013032

   26 H   s            -0.148760  -0.001108

   27 C   s            -0.037304   0.000263
          p_y           0.001477  -0.000003
          p_z          -0.140993   0.004405
          p_x           0.139163   0.003911

   28 C   s             0.012646   0.000052
          p_y           0.000514  -0.000000
          p_z          -0.019943   0.000173
          p_x          -0.016678   0.000101

   29 H   s             0.050603   0.000580

   30 C   s             0.046402   0.000653
          p_y           0.015011   0.000122
          p_z          -0.128472   0.007473
          p_x           0.086909   0.003083

   31 C   s            -0.002197   0.000001
          p_y          -0.022462   0.000283
          p_z           0.028055   0.000409
          p_x           0.013687   0.000110

   32 H   s            -0.004301   0.000006

   33 C   s             0.068666   0.000834
          p_y           0.023855   0.000170
          p_z          -0.022274   0.000160
          p_x          -0.020662   0.000122

   34 H   s             0.000219   0.000000

   35 H   s             0.013826  -0.000034

   36 H   s             0.021534   0.000135

Eigenvector:  82    (up)

    1 C   s             0.021419   0.000316
          p_y          -0.022904   0.000076
          p_z          -0.115644   0.005179
          p_x           0.148511   0.007058

    2 C   s            -0.264244   0.015313
          p_y           0.068935   0.002166
          p_z          -0.020217   0.000417
          p_x          -0.086287   0.002667

    3 C   s            -0.374269   0.030144
          p_y          -0.226676   0.018520
          p_z           0.255304   0.023530
          p_x           0.233069   0.019816

    4 C   s             0.036446   0.000447
          p_y           0.001293   0.000002
          p_z          -0.015191   0.000132
          p_x           0.000717   0.000001

    5 C   s            -0.417324   0.034462
          p_y          -0.363790   0.049751
          p_z           0.212249   0.016638
          p_x           0.522648   0.103751

    6 H   s            -0.137156   0.004363

    7 C   s             0.566018   0.085402
          p_y          -0.038394   0.001088
          p_z           0.231793   0.027563
          p_x          -0.101352   0.003882

    8 C   s             0.452513   0.060279
          p_y          -0.031634   0.000708
          p_z           0.079061   0.002900
          p_x           0.030279   0.000882

    9 C   s            -0.015443  -0.000003
          p_y           0.023779   0.000298
          p_z          -0.034728   0.000517
          p_x          -0.005894   0.000038

   10 H   s             0.010115   0.000025

   11 C   s            -0.214902   0.009669
          p_y           0.089394   0.002875
          p_z           0.058471   0.002337
          p_x          -0.232913   0.023676

   12 C   s             0.284066   0.018813
          p_y          -0.373999   0.059600
          p_z           0.091277   0.003628
          p_x           0.654369   0.182747

   13 H   s             0.206091   0.009670

   14 H   s             0.168882   0.008673

   15 C   s            -0.208688   0.008904
          p_y          -0.117586   0.005024
          p_z           0.248514   0.021725
          p_x           0.011295   0.000079

   16 C   s             0.012696   0.000040
          p_y          -0.006483   0.000012
          p_z          -0.015349   0.000090
          p_x          -0.005504   0.000033

   17 C   s             0.215676   0.013911
          p_y           0.002304   0.000003
          p_z           0.095094   0.004260
          p_x          -0.099926   0.004738

   18 H   s            -0.238408   0.015815

   19 C   s             0.360163   0.029939
          p_y           0.053944   0.001021
          p_z           0.009574  -0.000064
          p_x          -0.115256   0.003597

   20 C   s            -0.012959   0.000032
          p_y          -0.034474   0.000869
          p_z           0.028217   0.000492
          p_x           0.031494   0.000877

   21 C   s             0.017554   0.000068
          p_y           0.001397   0.000002
          p_z           0.025280   0.000193
          p_x           0.001323  -0.000001

   22 H   s            -0.001267  -0.000001

   23 C   s            -0.203043   0.011491
          p_y           0.094704   0.003520
          p_z          -0.186450   0.014574
          p_x          -0.020480   0.000075

   24 H   s             0.005969   0.000040

   25 H   s             0.236360   0.017737

   26 H   s            -0.035061  -0.000048

   27 C   s            -0.020612   0.000020
          p_y          -0.006360   0.000007
          p_z           0.033922   0.000219
          p_x          -0.015907   0.000068

   28 C   s            -0.017960   0.000090
          p_y          -0.014730   0.000089
          p_z           0.016879   0.000125
          p_x           0.007770   0.000022

   29 H   s             0.038255   0.000095

   30 C   s            -0.000329  -0.000000
          p_y          -0.001171   0.000001
          p_z           0.015048   0.000080
          p_x          -0.011921   0.000045

   31 C   s            -0.001844   0.000001
          p_y           0.003927   0.000008
          p_z          -0.007602   0.000028
          p_x           0.002194   0.000002

   32 H   s             0.002200   0.000000

   33 C   s            -0.007335   0.000010
          p_y          -0.005547   0.000009
          p_z           0.007144   0.000015
          p_x           0.003128   0.000003

   34 H   s             0.004531   0.000004

   35 H   s            -0.003177  -0.000002

   36 H   s            -0.001077   0.000000

Eigenvector:  83    (up)

    1 C   s             0.121215   0.002454
          p_y          -0.063266   0.001750
          p_z          -0.203917   0.014809
          p_x           0.315259   0.039193

    2 C   s            -0.550266   0.079100
          p_y           0.002250  -0.000008
          p_z          -0.008485   0.000071
          p_x           0.062738   0.002495

    3 C   s             0.496428   0.049612
          p_y           0.089014   0.003070
          p_z          -0.219529   0.016752
          p_x           0.005684  -0.000034

    4 C   s             0.036142   0.000225
          p_y           0.029715   0.000284
          p_z          -0.007008  -0.000067
          p_x           0.078012   0.002612

    5 C   s             0.082864   0.001291
          p_y          -0.283176   0.032174
          p_z           0.186476   0.013966
          p_x           0.398279   0.063859

    6 H   s            -0.154299   0.006110

    7 C   s            -0.533171   0.084778
          p_y           0.199109   0.017844
          p_z          -0.155704   0.010848
          p_x          -0.285625   0.037003

    8 C   s            -0.351498   0.037118
          p_y           0.084166   0.003419
          p_z          -0.125768   0.006282
          p_x          -0.086525   0.004419

    9 C   s             0.034290   0.000221
          p_y          -0.025166   0.000252
          p_z          -0.009160   0.000104
          p_x          -0.077768   0.001943

   10 H   s             0.034872   0.000270

   11 C   s            -0.340831   0.031970
          p_y          -0.021151   0.000294
          p_z          -0.020596   0.000114
          p_x           0.060115   0.001944

   12 C   s             0.802013   0.155449
          p_y           0.035272   0.000610
          p_z          -0.131127   0.006799
          p_x           0.031508   0.000168

   13 H   s             0.000894  -0.000009

   14 H   s            -0.068609   0.001658

   15 C   s             0.122965   0.003714
          p_y           0.135304   0.006457
          p_z          -0.298860   0.028266
          p_x           0.026427  -0.000078

   16 C   s             0.000234  -0.000000
          p_y           0.022352   0.000191
          p_z           0.012920   0.000079
          p_x           0.010462   0.000058

   17 C   s             0.292292   0.024247
          p_y           0.010766   0.000042
          p_z           0.143046   0.009085
          p_x          -0.162282   0.011410

   18 H   s            -0.104615   0.003523

   19 C   s            -0.418505   0.047049
          p_y           0.222204   0.021861
          p_z          -0.372864   0.062504
          p_x          -0.088284   0.003291

   20 C   s             0.131427   0.007783
          p_y           0.069281   0.003361
          p_z          -0.115464   0.008551
          p_x           0.014526   0.000015

   21 C   s            -0.011394   0.000032
          p_y          -0.008430   0.000031
          p_z          -0.026124   0.000218
          p_x          -0.011700   0.000036

   22 H   s            -0.001250  -0.000001

   23 C   s            -0.153645   0.004750
          p_y           0.031146   0.000510
          p_z           0.106047   0.004563
          p_x          -0.169466   0.012889

   24 H   s            -0.009419  -0.000055

   25 H   s            -0.024123   0.000432

   26 H   s             0.081139  -0.000342

   27 C   s             0.023113   0.000023
          p_y           0.007813   0.000018
          p_z          -0.013930   0.000038
          p_x          -0.009495   0.000009

   28 C   s             0.014714   0.000057
          p_y           0.012786   0.000066
          p_z          -0.013883   0.000080
          p_x          -0.001968   0.000002

   29 H   s            -0.086164   0.001970

   30 C   s            -0.004775   0.000010
          p_y          -0.002547   0.000003
          p_z           0.005133   0.000019
          p_x           0.001108  -0.000001

   31 C   s             0.002653   0.000002
          p_y          -0.000217  -0.000000
          p_z           0.001266   0.000001
          p_x          -0.002605   0.000004

   32 H   s            -0.000134  -0.000000

   33 C   s            -0.003799   0.000002
          p_y           0.000882   0.000000
          p_z          -0.000719   0.000000
          p_x          -0.000833   0.000000

   34 H   s            -0.005980   0.000007

   35 H   s             0.000661  -0.000000

   36 H   s            -0.001011   0.000000

Eigenvector:  84    (up)

    1 C   s            -0.137608   0.003381
          p_y          -0.015740   0.000122
          p_z           0.009396   0.000023
          p_x           0.001826   0.000013

    2 C   s            -0.181372   0.007594
          p_y          -0.181102   0.013007
          p_z           0.345828   0.049169
          p_x           0.056900   0.001003

    3 C   s             0.033921   0.000365
          p_y          -0.104700   0.003419
          p_z           0.090229   0.002150
          p_x           0.130866   0.005870

    4 C   s            -0.005515  -0.000012
          p_y          -0.005652  -0.000002
          p_z           0.004191   0.000017
          p_x           0.064176   0.001331

    5 C   s             0.159494   0.006480
          p_y          -0.076434   0.002231
          p_z           0.380401   0.052761
          p_x          -0.173439   0.010549

    6 H   s             0.035487   0.000021

    7 C   s            -0.184087   0.007364
          p_y           0.009598   0.000025
          p_z           0.314381   0.038886
          p_x          -0.331018   0.042264

    8 C   s             0.115188   0.003656
          p_y           0.134194   0.006268
          p_z          -0.004647  -0.000045
          p_x          -0.266245   0.027651

    9 C   s            -0.030248   0.000055
          p_y          -0.026193   0.000117
          p_z           0.000450  -0.000003
          p_x          -0.003136   0.000022

   10 H   s             0.014842   0.000020

   11 C   s             0.024698   0.000216
          p_y           0.067331   0.001538
          p_z           0.197692   0.016803
          p_x          -0.329612   0.042633

   12 C   s            -0.044628   0.000392
          p_y          -0.085931   0.002587
          p_z           0.488757   0.090842
          p_x          -0.316384   0.039688

   13 H   s             0.060565   0.000185

   14 H   s             0.244858   0.014254

   15 C   s            -0.217590   0.002468
          p_y          -0.028846   0.000248
          p_z          -0.255595   0.013338
          p_x           0.351864   0.027984

   16 C   s             0.022684   0.000143
          p_y           0.016926   0.000145
          p_z          -0.018005   0.000153
          p_x          -0.030811   0.000504

   17 C   s             0.078612   0.001188
          p_y          -0.080432   0.002771
          p_z          -0.027253   0.000230
          p_x           0.187066   0.014437

   18 H   s            -0.173389   0.007128

   19 C   s             0.022069   0.000157
          p_y          -0.278389   0.029404
          p_z           0.404728   0.067288
          p_x           0.184119   0.010702

   20 C   s             0.506438   0.119652
          p_y           0.118437   0.009402
          p_z          -0.382004   0.093016
          p_x           0.292124   0.052674

   21 C   s             0.054638   0.000639
          p_y           0.009553   0.000043
          p_z           0.026379   0.000203
          p_x          -0.026184   0.000269

   22 H   s            -0.004308  -0.000010

   23 C   s             0.221320   0.010574
          p_y           0.068563   0.001700
          p_z          -0.042105   0.000558
          p_x          -0.092074   0.003230

   24 H   s             0.107428   0.002415

   25 H   s            -0.230297   0.013483

   26 H   s             0.148289  -0.001130

   27 C   s            -0.006353   0.000008
          p_y           0.004889   0.000022
          p_z           0.102426   0.001819
          p_x          -0.140015   0.003863

   28 C   s            -0.030311   0.000261
          p_y          -0.027342   0.000291
          p_z           0.021025   0.000206
          p_x           0.029654   0.000308

   29 H   s             0.125543   0.004032

   30 C   s            -0.012246   0.000057
          p_y          -0.025464   0.000293
          p_z           0.111332   0.005336
          p_x          -0.048553   0.000919

   31 C   s             0.002289  -0.000000
          p_y           0.021579   0.000242
          p_z          -0.038191   0.000682
          p_x           0.003101  -0.000001

   32 H   s             0.010061   0.000016

   33 C   s            -0.064301   0.000724
          p_y          -0.031687   0.000296
          p_z           0.046886   0.000673
          p_x           0.012005   0.000040

   34 H   s            -0.006872   0.000008

   35 H   s            -0.014957  -0.000038

   36 H   s            -0.008320   0.000028

Eigenvector:  85    (up)

    1 C   s             0.255517   0.014840
          p_y           0.108301   0.003924
          p_z          -0.247090   0.020563
          p_x           0.007540   0.000036

    2 C   s            -0.529829   0.077078
          p_y          -0.155383   0.010296
          p_z           0.213212   0.018703
          p_x           0.161786   0.011628

    3 C   s            -0.159138   0.004928
          p_y           0.071090   0.001935
          p_z          -0.064794   0.001390
          p_x          -0.067598   0.002051

    4 C   s             0.042069   0.000282
          p_y           0.047851   0.000866
          p_z          -0.016982  -0.000000
          p_x           0.014220   0.000111

    5 C   s             0.736296   0.118800
          p_y          -0.133918   0.006358
          p_z          -0.047573   0.000504
          p_x           0.339540   0.039125

    6 H   s            -0.055466   0.001077

    7 C   s            -0.001846  -0.000014
          p_y           0.028205   0.000255
          p_z          -0.033709   0.000415
          p_x          -0.030901   0.000255

    8 C   s            -0.128924   0.004310
          p_y          -0.006475  -0.000031
          p_z          -0.183036   0.015980
          p_x           0.171427   0.011540

    9 C   s             0.035834   0.000148
          p_y          -0.027473   0.000398
          p_z          -0.004727   0.000021
          p_x          -0.040206   0.000278

   10 H   s             0.002629   0.000006

   11 C   s            -0.594842   0.094150
          p_y           0.095305   0.003459
          p_z          -0.393976   0.071572
          p_x           0.171494   0.016328

   12 C   s            -0.332888   0.029610
          p_y          -0.150818   0.007358
          p_z           0.340602   0.043656
          p_x          -0.018164   0.000410

   13 H   s             0.031436   0.000117

   14 H   s            -0.128676   0.004104

   15 C   s             0.198794   0.004344
          p_y           0.093083   0.002814
          p_z          -0.005102   0.000086
          p_x          -0.200158   0.009772

   16 C   s            -0.014907   0.000064
          p_y           0.008410   0.000016
          p_z           0.024520   0.000261
          p_x           0.026967   0.000380

   17 C   s            -0.326191   0.026329
          p_y          -0.224574   0.022894
          p_z           0.224871   0.021619
          p_x           0.250615   0.029801

   18 H   s            -0.222131   0.014902

   19 C   s             0.277889   0.016531
          p_y          -0.133721   0.007479
          p_z           0.373614   0.059408
          p_x          -0.083068   0.003079

   20 C   s            -0.210283   0.020385
          p_y          -0.026164   0.000429
          p_z           0.156087   0.015239
          p_x          -0.165306   0.017185

   21 C   s            -0.041322   0.000361
          p_y          -0.013229   0.000075
          p_z          -0.037913   0.000431
          p_x           0.005475   0.000017

   22 H   s             0.002244  -0.000003

   23 C   s             0.440148   0.041441
          p_y          -0.114398   0.005439
          p_z          -0.006407   0.000005
          p_x           0.249602   0.025294

   24 H   s            -0.100555   0.002778

   25 H   s             0.079958   0.002374

   26 H   s            -0.035018  -0.000051

   27 C   s             0.017315   0.000028
          p_y          -0.000714   0.000001
          p_z          -0.058552   0.000541
          p_x           0.074155   0.001067

   28 C   s             0.030214   0.000244
          p_y           0.025840   0.000256
          p_z          -0.022160   0.000214
          p_x          -0.018852   0.000121

   29 H   s             0.111344   0.004021

   30 C   s            -0.007373   0.000010
          p_y           0.019245   0.000158
          p_z          -0.066773   0.001818
          p_x           0.022119   0.000176

   31 C   s             0.001551   0.000001
          p_y          -0.013877   0.000097
          p_z           0.026615   0.000324
          p_x          -0.005461   0.000008

   32 H   s            -0.005566   0.000003

   33 C   s             0.041641   0.000305
          p_y           0.024020   0.000170
          p_z          -0.038117   0.000438
          p_x          -0.007362   0.000016

   34 H   s             0.001530  -0.000000

   35 H   s             0.010528  -0.000018

   36 H   s             0.002698   0.000004

Eigenvector:  86    (up)

    1 C   s            -0.006881   0.000049
          p_y           0.010887   0.000010
          p_z          -0.014478   0.000035
          p_x           0.003789   0.000014

    2 C   s             0.101452   0.001834
          p_y           0.126012   0.005417
          p_z          -0.112084   0.004144
          p_x          -0.162514   0.009197

    3 C   s             0.231407   0.008026
          p_y          -0.048411   0.000842
          p_z           0.447544   0.062024
          p_x          -0.357521   0.037599

    4 C   s            -0.013374   0.000000
          p_y          -0.066677   0.001707
          p_z           0.016423   0.000086
          p_x           0.051602   0.000915

    5 C   s             0.236230   0.009724
          p_y           0.047229   0.000814
          p_z          -0.453954   0.069988
          p_x           0.324449   0.034932

    6 H   s            -0.079065   0.000683

    7 C   s             0.114648   0.002453
          p_y          -0.150638   0.008126
          p_z           0.081418   0.002212
          p_x           0.247201   0.022393

    8 C   s            -0.095506   0.002184
          p_y          -0.053958   0.001701
          p_z           0.584269   0.149326
          p_x          -0.461150   0.085500

    9 C   s            -0.068610   0.000572
          p_y           0.043307   0.001070
          p_z          -0.037018   0.000578
          p_x           0.017016  -0.000101

   10 H   s             0.011574   0.000009

   11 C   s            -0.329424   0.028506
          p_y           0.025382   0.000323
          p_z          -0.409794   0.072626
          p_x           0.337488   0.048087

   12 C   s             0.033743  -0.000010
          p_y           0.054405   0.001157
          p_z          -0.131763   0.006341
          p_x           0.019817   0.000093

   13 H   s            -0.124071   0.001782

   14 H   s             0.123708   0.002914

   15 C   s            -0.361616   0.013102
          p_y          -0.155979   0.007269
          p_z           0.003722   0.000084
          p_x           0.367619   0.031531

   16 C   s             0.040941   0.000418
          p_y          -0.001068  -0.000002
          p_z          -0.051290   0.000991
          p_x          -0.038986   0.000873

   17 C   s            -0.291569   0.019551
          p_y          -0.055735   0.001525
          p_z           0.080943   0.002691
          p_x           0.043734   0.001173

   18 H   s            -0.002289   0.000021

   19 C   s             0.004891  -0.000025
          p_y           0.137098   0.006815
          p_z          -0.163735   0.010043
          p_x          -0.123473   0.005297

   20 C   s             0.339144   0.051700
          p_y           0.032700   0.000665
          p_z          -0.264013   0.042857
          p_x           0.287390   0.050755

   21 C   s             0.075569   0.001175
          p_y           0.011903   0.000075
          p_z           0.071439   0.001447
          p_x          -0.013737   0.000083

   22 H   s            -0.004226  -0.000010

   23 C   s             0.104451   0.002630
          p_y          -0.142265   0.007525
          p_z           0.067876   0.001620
          p_x           0.225114   0.019158

   24 H   s            -0.109271   0.003022

   25 H   s             0.125428   0.003942

   26 H   s             0.048318  -0.000066

   27 C   s            -0.031983   0.000121
          p_y           0.010156   0.000048
          p_z           0.085956   0.000994
          p_x          -0.125912   0.002928

   28 C   s            -0.060432   0.000937
          p_y          -0.045942   0.000789
          p_z           0.040594   0.000713
          p_x           0.037221   0.000453

   29 H   s            -0.045925   0.000256

   30 C   s             0.052832   0.000616
          p_y          -0.056649   0.001276
          p_z           0.145298   0.008315
          p_x          -0.022166   0.000169

   31 C   s            -0.006233   0.000017
          p_y           0.030029   0.000454
          p_z          -0.062017   0.001725
          p_x           0.015376   0.000064

   32 H   s             0.009251   0.000007

   33 C   s            -0.103157   0.001870
          p_y          -0.061731   0.001123
          p_z           0.105915   0.003342
          p_x           0.013996   0.000059

   34 H   s            -0.004569  -0.000004

   35 H   s            -0.024568  -0.000096

   36 H   s            -0.001400   0.000004

Eigenvector:  87    (up)

    1 C   s             0.126069   0.004100
          p_y           0.071443   0.001911
          p_z          -0.080432   0.002055
          p_x          -0.054449   0.001399

    2 C   s            -0.130606   0.005055
          p_y          -0.074195   0.002267
          p_z           0.053311   0.001324
          p_x           0.104352   0.004271

    3 C   s            -0.415320   0.030960
          p_y           0.036321   0.000443
          p_z          -0.225688   0.015995
          p_x           0.167619   0.008603

    4 C   s             0.034620   0.000441
          p_y          -0.004063  -0.000003
          p_z          -0.049450   0.001268
          p_x          -0.096981   0.004164

    5 C   s             0.322636   0.018243
          p_y           0.046088   0.000436
          p_z          -0.045037   0.000507
          p_x          -0.033866   0.000106

    6 H   s             0.020929   0.000028

    7 C   s            -0.238409   0.012015
          p_y          -0.097597   0.003730
          p_z           0.422521   0.070135
          p_x          -0.226325   0.020017

    8 C   s             0.709641   0.140802
          p_y          -0.302465   0.037844
          p_z           0.281454   0.031862
          p_x           0.410105   0.071082

    9 C   s            -0.005344  -0.000036
          p_y           0.050447   0.001234
          p_z          -0.001758  -0.000006
          p_x           0.045341   0.000236

   10 H   s            -0.016117   0.000019

   11 C   s            -0.154854   0.007309
          p_y          -0.053406   0.001161
          p_z          -0.049405   0.001253
          p_x           0.150366   0.009961

   12 C   s             0.389169   0.032436
          p_y           0.241211   0.022411
          p_z          -0.039972   0.000711
          p_x          -0.473107   0.084807

   13 H   s            -0.041286   0.000554

   14 H   s            -0.030893  -0.000311

   15 C   s            -0.421385   0.032151
          p_y          -0.214959   0.015915
          p_z           0.530886   0.087571
          p_x          -0.056963   0.000200

   16 C   s            -0.006070   0.000023
          p_y           0.012776   0.000137
          p_z          -0.023246   0.000223
          p_x          -0.062513   0.002262

   17 C   s             0.089799   0.001872
          p_y          -0.005152   0.000021
          p_z           0.036156   0.000558
          p_x          -0.024952   0.000171

   18 H   s             0.023311   0.000051

   19 C   s            -0.491471   0.057503
          p_y           0.078175   0.002929
          p_z          -0.115054   0.005527
          p_x          -0.041272   0.001125

   20 C   s            -0.218458   0.020245
          p_y          -0.198578   0.025086
          p_z           0.129294   0.009561
          p_x           0.190873   0.025446

   21 C   s             0.080482   0.001217
          p_y          -0.039336   0.000373
          p_z           0.097973   0.002954
          p_x           0.027550   0.000087

   22 H   s            -0.014451  -0.000100

   23 C   s             0.113713   0.003511
          p_y          -0.009238   0.000007
          p_z           0.197656   0.014833
          p_x          -0.166452   0.011408

   24 H   s             0.007687   0.000028

   25 H   s            -0.147561   0.007243

   26 H   s            -0.236890  -0.003653

   27 C   s            -0.042280   0.000041
          p_y           0.006190   0.000000
          p_z           0.072479   0.000790
          p_x          -0.055995   0.000520

   28 C   s            -0.088136   0.001930
          p_y          -0.052387   0.001027
          p_z           0.076344   0.002339
          p_x           0.027470   0.000240

   29 H   s            -0.039685   0.000198

   30 C   s             0.067696   0.001123
          p_y          -0.050227   0.000978
          p_z           0.114085   0.004707
          p_x          -0.012692   0.000030

   31 C   s            -0.015996   0.000080
          p_y           0.024055   0.000285
          p_z          -0.053007   0.001258
          p_x           0.016084   0.000089

   32 H   s             0.001137  -0.000001

   33 C   s            -0.084282   0.001251
          p_y          -0.057466   0.000971
          p_z           0.097806   0.002818
          p_x           0.016242   0.000081

   34 H   s             0.008855   0.000035

   35 H   s            -0.022434  -0.000075

   36 H   s             0.000681  -0.000001

Eigenvector:  88    (up)

    1 C   s             0.017524   0.000044
          p_y           0.003080   0.000001
          p_z          -0.005568   0.000011
          p_x          -0.002060  -0.000002

    2 C   s            -0.023645   0.000116
          p_y          -0.013080   0.000053
          p_z           0.008939   0.000015
          p_x           0.021194   0.000166

    3 C   s             0.055379   0.000533
          p_y           0.036815   0.000424
          p_z          -0.054534   0.000886
          p_x          -0.026335   0.000238

    4 C   s             0.002772  -0.000003
          p_y           0.011151   0.000048
          p_z           0.006244   0.000010
          p_x           0.000356   0.000001

    5 C   s            -0.038754   0.000210
          p_y          -0.017370   0.000088
          p_z           0.058180   0.001087
          p_x          -0.020427   0.000153

    6 H   s             0.005684   0.000001

    7 C   s            -0.012292   0.000048
          p_y           0.046000   0.000803
          p_z          -0.115419   0.005109
          p_x           0.015262   0.000094

    8 C   s            -0.088909   0.002252
          p_y           0.012220   0.000098
          p_z          -0.055515   0.001417
          p_x           0.024011   0.000155

    9 C   s            -0.003346   0.000013
          p_y          -0.005124   0.000018
          p_z          -0.011860   0.000054
          p_x          -0.001171  -0.000002

   10 H   s             0.000021   0.000000

   11 C   s             0.034830   0.000334
          p_y           0.003504   0.000004
          p_z           0.039210   0.000650
          p_x          -0.044093   0.000793

   12 C   s            -0.070585   0.000994
          p_y          -0.040187   0.000586
          p_z           0.016002   0.000099
          p_x           0.070250   0.001754

   13 H   s             0.011630   0.000019

   14 H   s            -0.043880   0.000489

   15 C   s             0.112784   0.001272
          p_y           0.035431   0.000384
          p_z          -0.017521   0.000186
          p_x          -0.080080   0.001262

   16 C   s             0.005813   0.000002
          p_y           0.012015   0.000056
          p_z          -0.029114   0.000138
          p_x          -0.035135   0.000786

   17 C   s             0.014164   0.000044
          p_y           0.000308   0.000000
          p_z          -0.001891   0.000002
          p_x           0.000715  -0.000000

   18 H   s            -0.005789   0.000003

   19 C   s             0.070906   0.001208
          p_y          -0.023854   0.000233
          p_z           0.034547   0.000470
          p_x           0.014383   0.000093

   20 C   s             0.168117   0.013174
          p_y          -0.019030   0.000215
          p_z           0.267243   0.042066
          p_x          -0.171815   0.017171

   21 C   s             0.119002   0.003188
          p_y          -0.014959   0.000020
          p_z           0.100037   0.003058
          p_x          -0.032145   0.000516

   22 H   s            -0.007204  -0.000027

   23 C   s            -0.020015   0.000107
          p_y           0.013012   0.000055
          p_z          -0.033750   0.000411
          p_x           0.005378   0.000015

   24 H   s             0.005386   0.000007

   25 H   s             0.011590   0.000053

   26 H   s             0.096593  -0.000807

   27 C   s            -0.250576   0.007446
          p_y           0.007602   0.000072
          p_z          -0.065563   0.002028
          p_x           0.066090   0.000817

   28 C   s            -0.154183   0.005007
          p_y          -0.077405   0.001895
          p_z           0.018558   0.000213
          p_x           0.117052   0.003861

   29 H   s             0.010817   0.000017

   30 C   s             0.851370   0.172152
          p_y          -0.469857   0.078464
          p_z           0.686221   0.163408
          p_x           0.262715   0.025699

   31 C   s            -0.082236   0.002225
          p_y           0.148055   0.011379
          p_z          -0.365875   0.058383
          p_x           0.138837   0.005553

   32 H   s             0.018362   0.000011

   33 C   s            -0.686729   0.083650
          p_y          -0.450994   0.059898
          p_z           0.860289   0.215586
          p_x           0.045431   0.000824

   34 H   s            -0.002057  -0.000030

   35 H   s            -0.148910  -0.003347

   36 H   s             0.055600  -0.000433

Eigenvector:  89    (up)

    1 C   s             0.073851   0.000760
          p_y           0.047879   0.000514
          p_z          -0.025483   0.000187
          p_x          -0.064632   0.000800

    2 C   s            -0.114781   0.002926
          p_y          -0.077755   0.002052
          p_z           0.112819   0.004090
          p_x           0.059808   0.001341

    3 C   s             0.284526   0.012595
          p_y           0.194699   0.011229
          p_z          -0.191718   0.010893
          p_x          -0.236621   0.016567

    4 C   s             0.002909  -0.000000
          p_y           0.008004   0.000034
          p_z          -0.025613   0.000280
          p_x          -0.040558   0.000726

    5 C   s            -0.027359  -0.000043
          p_y          -0.081430   0.001967
          p_z           0.221604   0.015454
          p_x          -0.040479   0.000624

    6 H   s             0.015690  -0.000008

    7 C   s            -0.098800   0.002904
          p_y           0.161245   0.010018
          p_z          -0.461879   0.081185
          p_x           0.106728   0.004137

    8 C   s            -0.145219   0.005687
          p_y          -0.050620   0.000965
          p_z           0.125638   0.006582
          p_x          -0.039069   0.000784

    9 C   s            -0.009324   0.000005
          p_y          -0.002631  -0.000008
          p_z           0.014810   0.000086
          p_x           0.036927   0.000217

   10 H   s            -0.007978   0.000002

   11 C   s             0.055265   0.000821
          p_y          -0.000842   0.000001
          p_z           0.112175   0.005075
          p_x          -0.105879   0.004365

   12 C   s            -0.236457   0.011078
          p_y          -0.105331   0.003816
          p_z          -0.007172   0.000005
          p_x           0.235411   0.018567

   13 H   s             0.000164  -0.000000

   14 H   s            -0.059060   0.000656

   15 C   s            -0.060471  -0.000013
          p_y           0.038564   0.000028
          p_z          -0.069745   0.000659
          p_x           0.032661   0.000378

   16 C   s             0.001711  -0.000014
          p_y           0.072555   0.002458
          p_z          -0.063760   0.001419
          p_x          -0.143797   0.010316

   17 C   s             0.069852   0.001119
          p_y          -0.005827   0.000003
          p_z           0.026656   0.000239
          p_x          -0.015029   0.000120

   18 H   s            -0.020975   0.000064

   19 C   s             0.199418   0.009486
          p_y          -0.059007   0.001436
          p_z           0.076935   0.002337
          p_x           0.042418   0.000806

   20 C   s            -0.709025   0.226941
          p_y          -0.416512   0.102412
          p_z          -0.138448   0.011428
          p_x           0.745795   0.328124

   21 C   s             0.213751   0.007294
          p_y          -0.098571   0.002644
          p_z           0.220523   0.014284
          p_x           0.036136   0.000209

   22 H   s            -0.030959  -0.000455

   23 C   s            -0.076687   0.001457
          p_y           0.043744   0.000620
          p_z          -0.108591   0.004098
          p_x           0.013101   0.000085

   24 H   s             0.007644   0.000024

   25 H   s             0.037003   0.000503

   26 H   s            -0.672506  -0.033824

   27 C   s             0.153751   0.001440
          p_y           0.153232   0.003183
          p_z           0.005513   0.000011
          p_x          -0.291672   0.013224

   28 C   s            -0.183008   0.008301
          p_y          -0.107439   0.004298
          p_z           0.183309   0.012929
          p_x           0.044064   0.000643

   29 H   s             0.031051   0.000118

   30 C   s            -0.069477   0.001593
          p_y          -0.040499   0.000749
          p_z           0.167487   0.011788
          p_x          -0.080282   0.002389

   31 C   s            -0.011920   0.000032
          p_y           0.023611   0.000236
          p_z          -0.042668   0.000776
          p_x           0.003310   0.000006

   32 H   s            -0.002262   0.000006

   33 C   s            -0.062714   0.000585
          p_y          -0.037841   0.000378
          p_z           0.038310   0.000409
          p_x           0.033840   0.000291

   34 H   s            -0.013966  -0.000034

   35 H   s            -0.017270  -0.000042

   36 H   s            -0.017125   0.000077

Eigenvector:  90    (up)

    1 C   s            -0.055118  -0.000001
          p_y           0.158902   0.007364
          p_z           0.061563   0.001153
          p_x          -0.395635   0.045778

    2 C   s            -0.237409   0.012934
          p_y          -0.301717   0.032895
          p_z           0.726470   0.192968
          p_x          -0.061106   0.001519

    3 C   s            -0.162915   0.005425
          p_y           0.094212   0.002210
          p_z           0.105030   0.003591
          p_x          -0.288121   0.022625

    4 C   s            -0.008820   0.000001
          p_y          -0.029717   0.000306
          p_z          -0.021847   0.000266
          p_x          -0.019580   0.000198

    5 C   s             0.609287   0.072490
          p_y          -0.176319   0.009558
          p_z           0.485761   0.074364
          p_x          -0.057487   0.001195

    6 H   s             0.013960  -0.000043

    7 C   s             0.344573   0.027003
          p_y          -0.114573   0.004588
          p_z          -0.193267   0.012918
          p_x           0.442499   0.068289

    8 C   s            -0.008535  -0.000019
          p_y          -0.058276   0.001311
          p_z           0.171015   0.011130
          p_x          -0.043522   0.000672

    9 C   s            -0.023918   0.000093
          p_y           0.012528   0.000069
          p_z           0.030140   0.000334
          p_x           0.050300   0.000909

   10 H   s            -0.016370   0.000062

   11 C   s            -0.167124   0.008995
          p_y          -0.123973   0.005831
          p_z           0.114598   0.004575
          p_x           0.131678   0.007027

   12 C   s            -0.354803   0.028924
          p_y           0.174945   0.011444
          p_z          -0.501437   0.086464
          p_x           0.138296   0.005155

   13 H   s            -0.083437   0.000250

   14 H   s            -0.019889   0.000116

   15 C   s            -0.060795   0.000478
          p_y          -0.076096   0.001415
          p_z           0.081021   0.001760
          p_x           0.064804   0.000993

   16 C   s            -0.003190  -0.000007
          p_y          -0.025591   0.000262
          p_z           0.012396   0.000038
          p_x           0.025180   0.000341

   17 C   s             0.466718   0.050355
          p_y           0.092174   0.003338
          p_z           0.140447   0.006798
          p_x          -0.329273   0.040460

   18 H   s             0.036223   0.000209

   19 C   s            -0.179396   0.004893
          p_y           0.005057   0.000008
          p_z          -0.031794   0.000386
          p_x           0.017156   0.000125

   20 C   s             0.211482   0.019799
          p_y           0.096893   0.005409
          p_z           0.016088   0.000156
          p_x          -0.144087   0.011949

   21 C   s            -0.048539   0.000352
          p_y           0.028880   0.000238
          p_z          -0.047920   0.000667
          p_x          -0.003609   0.000001

   22 H   s             0.007853  -0.000029

   23 C   s            -0.247330   0.012079
          p_y           0.209324   0.015053
          p_z          -0.083220   0.001919
          p_x          -0.349991   0.043925

   24 H   s            -0.014050  -0.000127

   25 H   s            -0.065275   0.001398

   26 H   s             0.163063  -0.001951

   27 C   s            -0.044351   0.000079
          p_y          -0.044988   0.000285
          p_z           0.023038   0.000085
          p_x           0.060928   0.000558

   28 C   s             0.042830   0.000443
          p_y           0.022858   0.000191
          p_z          -0.039995   0.000614
          p_x          -0.011740   0.000043

   29 H   s             0.028949  -0.000063

   30 C   s            -0.008599   0.000001
          p_y           0.023552   0.000212
          p_z          -0.054380   0.001172
          p_x           0.006170   0.000018

   31 C   s             0.004926   0.000006
          p_y          -0.008110   0.000030
          p_z           0.017697   0.000132
          p_x          -0.004279   0.000006

   32 H   s             0.000614   0.000000

   33 C   s             0.031761   0.000162
          p_y           0.020118   0.000112
          p_z          -0.031114   0.000273
          p_x          -0.008813   0.000021

   34 H   s             0.004901  -0.000004

   35 H   s             0.007136  -0.000007

   36 H   s             0.002285   0.000003

Eigenvector:  91    (up)

    1 C   s             0.299518   0.013578
          p_y           0.077492   0.001396
          p_z          -0.141713   0.005896
          p_x           0.039256   0.000762

    2 C   s            -0.147253   0.005200
          p_y          -0.014062   0.000024
          p_z          -0.194375   0.015392
          p_x           0.215296   0.017195

    3 C   s             0.390395   0.021257
          p_y           0.347001   0.035095
          p_z          -0.451483   0.059463
          p_x          -0.321540   0.029716

    4 C   s             0.026536   0.000221
          p_y          -0.141196   0.008206
          p_z          -0.053632   0.000976
          p_x          -0.026365   0.000350

    5 C   s            -0.229390   0.008070
          p_y          -0.013604   0.000047
          p_z           0.109822   0.003635
          p_x          -0.085314   0.002278

    6 H   s             0.035424   0.000067

    7 C   s            -0.387889   0.037126
          p_y           0.277355   0.028676
          p_z          -0.563949   0.120033
          p_x          -0.052526   0.000897

    8 C   s             0.271804   0.019402
          p_y          -0.355160   0.046862
          p_z           0.622833   0.153369
          p_x           0.172403   0.008669

    9 C   s            -0.001712  -0.000014
          p_y           0.175826   0.012206
          p_z           0.007642   0.000041
          p_x          -0.005717   0.000066

   10 H   s             0.013432   0.000038

   11 C   s             0.127606   0.004597
          p_y           0.025414   0.000221
          p_z           0.129202   0.006672
          p_x          -0.172561   0.011400

   12 C   s            -0.148693   0.003333
          p_y          -0.167502   0.009535
          p_z           0.180221   0.011381
          p_x           0.181441   0.010697

   13 H   s             0.007537  -0.000047

   14 H   s            -0.152577   0.003938

   15 C   s            -0.463439   0.031576
          p_y          -0.238033   0.015034
          p_z           0.409697   0.047765
          p_x           0.077198   0.001254

   16 C   s             0.003132   0.000012
          p_y          -0.050083   0.000799
          p_z          -0.002613   0.000008
          p_x           0.023294   0.000219

   17 C   s            -0.057306   0.000824
          p_y          -0.050257   0.000863
          p_z          -0.005720   0.000012
          p_x           0.108206   0.004013

   18 H   s            -0.027901   0.000095

   19 C   s             0.252839   0.013691
          p_y          -0.073901   0.002127
          p_z           0.113086   0.004913
          p_x           0.039121   0.000624

   20 C   s             0.442857   0.087444
          p_y           0.154922   0.013446
          p_z           0.058997   0.001807
          p_x          -0.237797   0.030386

   21 C   s            -0.086608   0.001150
          p_y           0.039007   0.000475
          p_z          -0.052699   0.000813
          p_x           0.027005   0.000200

   22 H   s             0.005106  -0.000013

   23 C   s             0.021289   0.000007
          p_y          -0.020931   0.000168
          p_z          -0.075560   0.002031
          p_x           0.115086   0.004829

   24 H   s             0.020263   0.000043

   25 H   s             0.049543   0.000895

   26 H   s             0.298617  -0.006675

   27 C   s            -0.104174   0.000147
          p_y          -0.114773   0.001969
          p_z           0.098070   0.001505
          p_x           0.124816   0.002422

   28 C   s             0.059257   0.000825
          p_y           0.029434   0.000311
          p_z          -0.048690   0.000917
          p_x          -0.024629   0.000186

   29 H   s             0.025601   0.000143

   30 C   s            -0.045225   0.000264
          p_y           0.066179   0.001591
          p_z          -0.124739   0.006064
          p_x          -0.009918   0.000010

   31 C   s             0.006506   0.000010
          p_y          -0.018714   0.000166
          p_z           0.042473   0.000744
          p_x          -0.010599   0.000028

   32 H   s            -0.000695  -0.000001

   33 C   s             0.085700   0.001182
          p_y           0.050402   0.000702
          p_z          -0.085782   0.002050
          p_x          -0.014919   0.000062

   34 H   s             0.016481  -0.000020

   35 H   s             0.016314  -0.000038

   36 H   s             0.002596   0.000007

Eigenvector:  92    (up)

    1 C   s            -0.404819   0.025767
          p_y           0.025435   0.000097
          p_z           0.298641   0.026161
          p_x          -0.243913   0.017243

    2 C   s             0.211678   0.011607
          p_y          -0.097760   0.003234
          p_z           0.467488   0.077185
          p_x          -0.299095   0.032267

    3 C   s             0.008254   0.000077
          p_y           0.007410  -0.000014
          p_z          -0.156648   0.006427
          p_x           0.123293   0.004973

    4 C   s            -0.006648  -0.000011
          p_y          -0.464774   0.085415
          p_z          -0.339051   0.047598
          p_x          -0.242854   0.023770

    5 C   s             0.002716  -0.000009
          p_y          -0.142085   0.006106
          p_z           0.249270   0.017462
          p_x           0.079149   0.002202

    6 H   s            -0.003100  -0.000007

    7 C   s            -0.098637   0.002478
          p_y           0.033007   0.000356
          p_z          -0.009415  -0.000009
          p_x          -0.062886   0.001572

    8 C   s             0.043839   0.000387
          p_y           0.053703   0.001016
          p_z          -0.115316   0.004974
          p_x           0.064660   0.001573

    9 C   s             0.012699   0.000020
          p_y           0.452069   0.074461
          p_z           0.374672   0.049618
          p_x           0.249481   0.022780

   10 H   s            -0.001490   0.000004

   11 C   s            -0.045549   0.000057
          p_y           0.067387   0.001538
          p_z           0.093352   0.002501
          p_x          -0.232533   0.017217

   12 C   s             0.314985   0.017820
          p_y           0.083415   0.001936
          p_z          -0.180235   0.009338
          p_x          -0.007742   0.000009

   13 H   s            -0.001322   0.000003

   14 H   s             0.012223   0.000041

   15 C   s             0.062544   0.000447
          p_y          -0.041293   0.000425
          p_z          -0.067862   0.001242
          p_x          -0.049855   0.000546

   16 C   s            -0.074307   0.001401
          p_y          -0.081622   0.001686
          p_z          -0.043866   0.000871
          p_x          -0.119890   0.005281

   17 C   s            -0.342055   0.024778
          p_y          -0.260969   0.023531
          p_z           0.137452   0.006553
          p_x           0.410401   0.058059

   18 H   s            -0.134303   0.003843

   19 C   s             0.124591   0.002145
          p_y           0.191617   0.012051
          p_z          -0.498115   0.083682
          p_x           0.077257   0.002279

   20 C   s             0.011046   0.000043
          p_y           0.028432   0.000425
          p_z           0.029048   0.000451
          p_x          -0.035666   0.000726

   21 C   s             0.029710   0.000074
          p_y           0.011816   0.000045
          p_z           0.098904   0.003091
          p_x           0.114476   0.003425

   22 H   s            -0.016263  -0.000106

   23 C   s             0.069975   0.000854
          p_y          -0.278954   0.024643
          p_z          -0.079475   0.002311
          p_x           0.639308   0.131783

   24 H   s            -0.011204   0.000106

   25 H   s             0.102130   0.002647

   26 H   s             0.022096  -0.000039

   27 C   s             0.023327   0.000091
          p_y          -0.035872   0.000278
          p_z          -0.003559   0.000003
          p_x           0.037229   0.000300

   28 C   s            -0.053368   0.000636
          p_y          -0.037331   0.000477
          p_z           0.052875   0.000973
          p_x          -0.010977   0.000037

   29 H   s            -0.050028   0.000296

   30 C   s             0.000356  -0.000000
          p_y           0.011600   0.000047
          p_z          -0.013712   0.000068
          p_x          -0.005064   0.000009

   31 C   s            -0.017056   0.000069
          p_y          -0.004395   0.000011
          p_z           0.005778   0.000012
          p_x           0.008595   0.000038

   32 H   s            -0.006517   0.000010

   33 C   s             0.021635   0.000066
          p_y          -0.003397   0.000003
          p_z          -0.004944   0.000006
          p_x           0.010185   0.000027

   34 H   s             0.006244   0.000004

   35 H   s             0.000052  -0.000000

   36 H   s             0.001027   0.000001

Eigenvector:  93    (up)

    1 C   s            -0.091013   0.001636
          p_y           0.002477  -0.000005
          p_z           0.046286   0.000722
          p_x           0.074222   0.001331

    2 C   s             0.233569   0.012115
          p_y           0.114118   0.004486
          p_z          -0.210623   0.015196
          p_x          -0.085397   0.002458

    3 C   s             0.080705   0.001153
          p_y          -0.034204   0.000359
          p_z           0.017479   0.000103
          p_x           0.029654   0.000294

    4 C   s             0.014519   0.000047
          p_y          -0.479992   0.091659
          p_z          -0.312397   0.038230
          p_x          -0.178061   0.012860

    5 C   s            -0.192023   0.005627
          p_y           0.110311   0.003704
          p_z          -0.317556   0.030967
          p_x           0.066883   0.001390

    6 H   s             0.000971   0.000005

    7 C   s             0.075096   0.001220
          p_y           0.034098   0.000387
          p_z          -0.091272   0.003065
          p_x           0.025323   0.000287

    8 C   s            -0.088013   0.001947
          p_y           0.065730   0.001521
          p_z          -0.058926   0.001209
          p_x          -0.028926   0.000331

    9 C   s             0.024581   0.000094
          p_y           0.481917   0.084137
          p_z           0.323947   0.036718
          p_x           0.171464   0.010891

   10 H   s             0.020089   0.000039

   11 C   s            -0.384167   0.032556
          p_y          -0.239084   0.020369
          p_z           0.315766   0.036836
          p_x           0.183197   0.011216

   12 C   s            -0.133410   0.002157
          p_y          -0.130818   0.004964
          p_z           0.074585   0.001310
          p_x           0.195658   0.011865

   13 H   s             0.033632   0.000215

   14 H   s             0.003861  -0.000004

   15 C   s             0.047972   0.000328
          p_y          -0.008676   0.000004
          p_z          -0.118935   0.003797
          p_x          -0.051067   0.000731

   16 C   s            -0.060046   0.001044
          p_y          -0.071192   0.001210
          p_z          -0.060088   0.001421
          p_x          -0.122958   0.005752

   17 C   s             0.467350   0.042584
          p_y          -0.146165   0.008342
          p_z           0.245659   0.022442
          p_x           0.049052   0.001201

   18 H   s             0.040096  -0.000085

   19 C   s            -0.406958   0.035793
          p_y          -0.051011   0.000880
          p_z           0.587688   0.120266
          p_x          -0.439510   0.067688

   20 C   s            -0.011162   0.000065
          p_y           0.035671   0.000692
          p_z          -0.016769   0.000168
          p_x          -0.014315   0.000135

   21 C   s             0.040598   0.000134
          p_y           0.000928   0.000001
          p_z           0.118125   0.004258
          p_x           0.118943   0.003793

   22 H   s            -0.019186  -0.000153

   23 C   s             0.494392   0.045053
          p_y           0.125190   0.005234
          p_z           0.316865   0.034332
          p_x          -0.535723   0.097341

   24 H   s             0.073302   0.001657

   25 H   s            -0.005788   0.000065

   26 H   s             0.013667  -0.000012

   27 C   s             0.051388   0.000249
          p_y          -0.020713   0.000113
          p_z          -0.022495   0.000084
          p_x           0.020408   0.000115

   28 C   s            -0.066324   0.000988
          p_y          -0.043836   0.000661
          p_z           0.065107   0.001490
          p_x          -0.008693   0.000023

   29 H   s             0.081483   0.002165

   30 C   s             0.000302  -0.000000
          p_y           0.005814   0.000011
          p_z          -0.000173  -0.000000
          p_x          -0.005889   0.000016

   31 C   s            -0.019133   0.000086
          p_y          -0.003207   0.000006
          p_z           0.002480   0.000002
          p_x           0.010177   0.000051

   32 H   s            -0.007065   0.000012

   33 C   s             0.015607   0.000033
          p_y          -0.008275   0.000018
          p_z           0.001653   0.000001
          p_x           0.013215   0.000045

   34 H   s             0.003257   0.000002

   35 H   s            -0.001331   0.000000

   36 H   s             0.000392   0.000000

Eigenvector:  94    (up)

    1 C   s            -0.140172   0.003573
          p_y          -0.071669   0.001231
          p_z           0.205242   0.011662
          p_x          -0.183613   0.009420

    2 C   s             0.257302   0.015594
          p_y           0.031960   0.000395
          p_z           0.111684   0.003948
          p_x          -0.160644   0.009095

    3 C   s             0.033659   0.000172
          p_y           0.052782   0.000618
          p_z          -0.087562   0.001975
          p_x          -0.009926  -0.000011

    4 C   s            -0.053865   0.000552
          p_y           0.507753   0.102514
          p_z           0.332444   0.041078
          p_x           0.141233   0.008304

    5 C   s            -0.236007   0.008512
          p_y           0.005754   0.000008
          p_z           0.054818   0.000447
          p_x          -0.070101   0.000886

    6 H   s             0.018603   0.000133

    7 C   s             0.037564   0.000155
          p_y           0.021986   0.000180
          p_z          -0.133009   0.005911
          p_x           0.083237   0.002155

    8 C   s             0.078141   0.001340
          p_y          -0.053697   0.001022
          p_z           0.054152   0.001096
          p_x           0.009966   0.000036

    9 C   s            -0.034677   0.000212
          p_y          -0.525998   0.099862
          p_z          -0.310551   0.032797
          p_x          -0.127859   0.006307

   10 H   s            -0.036895   0.000192

   11 C   s            -0.332945   0.020600
          p_y          -0.195498   0.013699
          p_z           0.568890   0.113114
          p_x          -0.149434   0.007272

   12 C   s             0.090055   0.002012
          p_y           0.033131   0.000303
          p_z          -0.240887   0.018067
          p_x           0.167620   0.009133

   13 H   s            -0.007093  -0.000005

   14 H   s             0.001338   0.000003

   15 C   s            -0.017399   0.000035
          p_y          -0.000939   0.000002
          p_z           0.114432   0.003547
          p_x           0.074811   0.001561

   16 C   s             0.056593   0.001028
          p_y           0.062416   0.000810
          p_z           0.074280   0.002045
          p_x           0.136190   0.007238

   17 C   s             0.119239   0.001912
          p_y          -0.464599   0.076094
          p_z           0.415455   0.061444
          p_x           0.544956   0.104098

   18 H   s            -0.083736   0.002216

   19 C   s            -0.276324   0.018759
          p_y           0.169255   0.009002
          p_z          -0.002912  -0.000025
          p_x          -0.337301   0.038707

   20 C   s             0.016017   0.000119
          p_y          -0.040845   0.000908
          p_z           0.022757   0.000317
          p_x           0.020423   0.000250

   21 C   s            -0.044810   0.000136
          p_y           0.014742   0.000054
          p_z          -0.138153   0.005710
          p_x          -0.138554   0.005168

   22 H   s             0.023647  -0.000235

   23 C   s             0.566071   0.057884
          p_y          -0.190345   0.010787
          p_z           0.213273   0.015182
          p_x           0.201353   0.010633

   24 H   s             0.076964   0.001190

   25 H   s             0.102863   0.001621

   26 H   s            -0.016640  -0.000019

   27 C   s            -0.065314   0.000399
          p_y           0.023245   0.000144
          p_z           0.024988   0.000098
          p_x          -0.025332   0.000175

   28 C   s             0.079403   0.001411
          p_y           0.049584   0.000845
          p_z          -0.078917   0.002181
          p_x           0.009936   0.000030

   29 H   s             0.027217   0.000544

   30 C   s             0.001433   0.000003
          p_y          -0.007137   0.000017
          p_z          -0.000230   0.000000
          p_x           0.008504   0.000032

   31 C   s             0.023161   0.000124
          p_y           0.004444   0.000011
          p_z          -0.003438   0.000003
          p_x          -0.012047   0.000072

   32 H   s             0.008832   0.000018

   33 C   s            -0.019330   0.000051
          p_y           0.009595   0.000024
          p_z          -0.001287   0.000001
          p_x          -0.016340   0.000068

   34 H   s            -0.003892   0.000003

   35 H   s             0.001397   0.000000

   36 H   s            -0.000278   0.000000

Eigenvector:  95    (up)

    1 C   s            -0.582695   0.055632
          p_y          -0.113323   0.003552
          p_z           0.550231   0.083102
          p_x          -0.368674   0.036557

    2 C   s             0.577726   0.072249
          p_y           0.058777   0.000922
          p_z           0.431450   0.064860
          p_x          -0.574361   0.109220

    3 C   s             0.240409   0.011186
          p_y           0.116753   0.002979
          p_z          -0.413291   0.044606
          p_x           0.151684   0.007478

    4 C   s            -0.072366   0.000727
          p_y           0.208848   0.017068
          p_z           0.062557   0.000736
          p_x          -0.089053   0.002744

    5 C   s             0.043148  -0.000174
          p_y          -0.112861   0.003050
          p_z          -0.274373   0.021267
          p_x           0.491564   0.062970

    6 H   s            -0.044780  -0.000207

    7 C   s            -0.347481   0.025703
          p_y           0.213190   0.014613
          p_z          -0.218773   0.016204
          p_x          -0.251625   0.019529

    8 C   s             0.159829   0.004961
          p_y          -0.042602   0.000613
          p_z          -0.000812  -0.000001
          p_x           0.093528   0.002812

    9 C   s            -0.021368   0.000060
          p_y          -0.240753   0.020119
          p_z          -0.001880  -0.000005
          p_x           0.107477   0.003586

   10 H   s            -0.048826   0.000399

   11 C   s            -0.076765   0.001652
          p_y           0.105974   0.003727
          p_z          -0.439857   0.064760
          p_x           0.206999   0.014440

   12 C   s             0.128575   0.003445
          p_y          -0.238600   0.016257
          p_z           0.360150   0.038365
          p_x           0.129728   0.004284

   13 H   s             0.061020   0.000048

   14 H   s            -0.000724  -0.000003

   15 C   s             0.011699   0.000015
          p_y          -0.056654   0.000979
          p_z           0.097849   0.002699
          p_x           0.059290   0.001099

   16 C   s            -0.003399  -0.000026
          p_y          -0.030687   0.000438
          p_z           0.083716   0.002071
          p_x           0.093108   0.003629

   17 C   s            -0.022810   0.000008
          p_y           0.231048   0.016996
          p_z          -0.193992   0.012111
          p_x          -0.285343   0.025761

   18 H   s            -0.001160   0.000001

   19 C   s             0.061993   0.000755
          p_y          -0.110369   0.003634
          p_z           0.262565   0.020666
          p_x          -0.018270   0.000107

   20 C   s             0.056735   0.001288
          p_y          -0.062873   0.002114
          p_z           0.090439   0.004431
          p_x           0.040522   0.000889

   21 C   s            -0.038944   0.000021
          p_y           0.075018   0.001545
          p_z          -0.127807   0.004456
          p_x          -0.117599   0.003927

   22 H   s             0.022852  -0.000229

   23 C   s            -0.092401   0.001383
          p_y           0.122531   0.004286
          p_z           0.028845   0.000227
          p_x          -0.278863   0.022088

   24 H   s            -0.034662   0.000217

   25 H   s            -0.020281   0.000045

   26 H   s            -0.024084  -0.000037

   27 C   s            -0.114991   0.000827
          p_y          -0.006766  -0.000008
          p_z           0.056354   0.000407
          p_x          -0.009018   0.000037

   28 C   s             0.081789   0.001449
          p_y           0.039483   0.000534
          p_z          -0.082501   0.002326
          p_x           0.006188   0.000011

   29 H   s             0.005540  -0.000010

   30 C   s             0.001470   0.000005
          p_y           0.002727   0.000002
          p_z          -0.018794   0.000161
          p_x           0.008240   0.000039

   31 C   s             0.026531   0.000155
          p_y           0.006341   0.000018
          p_z          -0.001502   0.000000
          p_x          -0.015368   0.000105

   32 H   s             0.010240   0.000022

   33 C   s            -0.012476   0.000018
          p_y           0.016326   0.000068
          p_z          -0.010951   0.000034
          p_x          -0.021868   0.000116

   34 H   s             0.001094  -0.000000

   35 H   s             0.002035   0.000000

   36 H   s             0.000420  -0.000000

Eigenvector:  96    (up)

    1 C   s             0.066363   0.000744
          p_y           0.032808   0.000243
          p_z          -0.113305   0.003228
          p_x           0.091283   0.002125

    2 C   s            -0.098474   0.002008
          p_y          -0.008888   0.000021
          p_z          -0.080757   0.002138
          p_x           0.092923   0.002759

    3 C   s            -0.009999   0.000025
          p_y          -0.019878   0.000092
          p_z           0.055219   0.000779
          p_x          -0.018404   0.000099

    4 C   s             0.011595   0.000062
          p_y          -0.129205   0.007098
          p_z          -0.216354   0.012822
          p_x          -0.131734   0.007653

    5 C   s            -0.000186  -0.000000
          p_y           0.018394   0.000078
          p_z           0.024407   0.000174
          p_x          -0.059648   0.000897

    6 H   s             0.005691  -0.000006

    7 C   s             0.033819   0.000234
          p_y          -0.021517   0.000141
          p_z           0.026071   0.000211
          p_x           0.022442   0.000152

    8 C   s            -0.017926   0.000066
          p_y           0.012166   0.000039
          p_z           0.013859   0.000063
          p_x          -0.026437   0.000194

    9 C   s             0.158219   0.005948
          p_y           0.125105   0.004570
          p_z           0.299473   0.028941
          p_x           0.063650   0.002138

   10 H   s            -0.010517   0.000025

   11 C   s             0.008626   0.000018
          p_y          -0.013475   0.000058
          p_z           0.044366   0.000643
          p_x          -0.015488   0.000082

   12 C   s            -0.022030   0.000096
          p_y           0.024102   0.000160
          p_z          -0.026794   0.000205
          p_x          -0.022552   0.000133

   13 H   s            -0.005861   0.000001

   14 H   s             0.009771   0.000020

   15 C   s            -0.035061   0.000039
          p_y          -0.004571   0.000016
          p_z          -0.034575   0.000062
          p_x          -0.005225   0.000019

   16 C   s            -0.004397  -0.000171
          p_y          -0.496382   0.089312
          p_z           0.406671   0.050338
          p_x           0.575553   0.132483

   17 C   s             0.011276   0.000022
          p_y          -0.017954   0.000096
          p_z           0.020734   0.000130
          p_x           0.016707   0.000081

   18 H   s             0.003652   0.000003

   19 C   s             0.005544   0.000008
          p_y           0.004284   0.000005
          p_z          -0.024791   0.000181
          p_x           0.013972   0.000060

   20 C   s            -0.073676   0.001781
          p_y          -0.167368   0.014355
          p_z           0.034509   0.000827
          p_x           0.272740   0.036740

   21 C   s            -0.115932  -0.000950
          p_y           0.674267   0.118498
          p_z          -0.624026   0.101902
          p_x          -0.785783   0.162827

   22 H   s             0.130064  -0.007256

   23 C   s            -0.006461   0.000009
          p_y          -0.005553   0.000008
          p_z          -0.013561   0.000053
          p_x           0.023995   0.000159

   24 H   s             0.001810   0.000001

   25 H   s            -0.001235   0.000000

   26 H   s            -0.177397  -0.002310

   27 C   s            -0.387956   0.017160
          p_y           0.196741   0.008401
          p_z          -0.061192   0.001060
          p_x          -0.281570   0.017262

   28 C   s             0.445168   0.041237
          p_y           0.167064   0.009613
          p_z          -0.471006   0.072803
          p_x           0.065158   0.001150

   29 H   s             0.000817   0.000000

   30 C   s             0.054193   0.001040
          p_y          -0.076080   0.001861
          p_z           0.026259   0.000182
          p_x           0.116456   0.004534

   31 C   s             0.209136   0.009557
          p_y           0.093814   0.003542
          p_z          -0.072442   0.001794
          p_x          -0.127883   0.007058

   32 H   s             0.075664   0.001056

   33 C   s            -0.222176   0.006356
          p_y           0.071704   0.001242
          p_z           0.007127   0.000004
          p_x          -0.164431   0.006362

   34 H   s            -0.046153   0.000230

   35 H   s            -0.008413  -0.000032

   36 H   s            -0.004422   0.000029

Eigenvector:  97    (up)

    1 C   s             0.057112   0.000654
          p_y           0.039426   0.000382
          p_z          -0.057701   0.000928
          p_x          -0.023995   0.000091

    2 C   s            -0.208579   0.007700
          p_y          -0.085434   0.002085
          p_z           0.149834   0.006311
          p_x           0.051861   0.000802

    3 C   s            -0.042091   0.000377
          p_y           0.009429   0.000014
          p_z           0.048228   0.000661
          p_x          -0.065231   0.001029

    4 C   s             0.008860   0.000013
          p_y          -0.021430   0.000169
          p_z          -0.003098  -0.000001
          p_x           0.016475   0.000084

    5 C   s            -0.118194   0.002534
          p_y          -0.219074   0.012152
          p_z           0.414058   0.045791
          p_x           0.057248   0.000540

    6 H   s            -0.013750   0.000086

    7 C   s             0.167218   0.004751
          p_y          -0.019391   0.000114
          p_z          -0.083322   0.001875
          p_x           0.133066   0.004965

    8 C   s            -0.022130   0.000085
          p_y          -0.003173   0.000003
          p_z           0.016959   0.000096
          p_x          -0.011848   0.000045

    9 C   s             0.004389   0.000004
          p_y           0.023698   0.000181
          p_z          -0.001269   0.000001
          p_x          -0.018106   0.000091

   10 H   s             0.004786   0.000003

   11 C   s             0.655374   0.085705
          p_y           0.389667   0.046393
          p_z          -0.436584   0.058773
          p_x          -0.366147   0.040497

   12 C   s             0.129929   0.003701
          p_y          -0.012378   0.000011
          p_z          -0.298122   0.025994
          p_x           0.308616   0.026193

   13 H   s             0.000874   0.000004

   14 H   s            -0.005336   0.000008

   15 C   s            -0.008555   0.000009
          p_y           0.001888   0.000002
          p_z          -0.001000   0.000001
          p_x          -0.003183   0.000005

   16 C   s             0.002596   0.000001
          p_y          -0.011583   0.000049
          p_z           0.002618   0.000003
          p_x           0.011139   0.000049

   17 C   s            -0.656091   0.086152
          p_y           0.225105   0.014652
          p_z          -0.658250   0.128958
          p_x           0.178433   0.010225

   18 H   s            -0.075477  -0.000085

   19 C   s            -0.591986   0.068277
          p_y           0.158342   0.007116
          p_z           0.248424   0.019871
          p_x          -0.541085   0.087755

   20 C   s            -0.026928   0.000256
          p_y           0.019577   0.000187
          p_z          -0.034834   0.000595
          p_x          -0.011906   0.000068

   21 C   s             0.003407   0.000001
          p_y           0.012451   0.000034
          p_z          -0.003084   0.000002
          p_x          -0.014644   0.000042

   22 H   s             0.002054  -0.000002

   23 C   s             0.589740   0.065577
          p_y          -0.159841   0.007342
          p_z           0.608920   0.105126
          p_x          -0.238984   0.015799

   24 H   s             0.074333  -0.000233

   25 H   s             0.059892  -0.000081

   26 H   s             0.004663  -0.000001

   27 C   s             0.019377  -0.000010
          p_y           0.017991   0.000050
          p_z          -0.027854   0.000104
          p_x          -0.015186   0.000041

   28 C   s             0.003544   0.000002
          p_y           0.000192   0.000000
          p_z          -0.004638   0.000007
          p_x           0.002082   0.000001

   29 H   s            -0.088399   0.000069

   30 C   s             0.002636   0.000000
          p_y          -0.006310   0.000012
          p_z           0.008163   0.000027
          p_x           0.005471   0.000005

   31 C   s             0.005279   0.000006
          p_y           0.003900   0.000006
          p_z          -0.004004   0.000006
          p_x          -0.003694   0.000006

   32 H   s             0.001288   0.000000

   33 C   s            -0.010633   0.000015
          p_y          -0.000376   0.000000
          p_z           0.003753   0.000004
          p_x          -0.003715   0.000003

   34 H   s            -0.003849   0.000001

   35 H   s            -0.001088  -0.000000

   36 H   s            -0.000506   0.000000

Eigenvector:  98    (up)

    1 C   s            -0.033729   0.000183
          p_y          -0.001118  -0.000000
          p_z           0.110845   0.002873
          p_x          -0.103637   0.002661

    2 C   s             0.092409   0.001640
          p_y          -0.001241   0.000001
          p_z           0.069981   0.001521
          p_x          -0.074707   0.001702

    3 C   s            -0.031702   0.000135
          p_y           0.039787   0.000362
          p_z          -0.096032   0.002213
          p_x           0.014159   0.000061

    4 C   s            -0.000644  -0.000001
          p_y          -0.146806   0.007452
          p_z           0.149354   0.007593
          p_x           0.193759   0.013020

    5 C   s             0.010039   0.000004
          p_y          -0.005030   0.000004
          p_z          -0.028227   0.000224
          p_x           0.038969   0.000374

    6 H   s             0.000266   0.000000

    7 C   s            -0.047862   0.000415
          p_y           0.023200   0.000154
          p_z          -0.022425   0.000148
          p_x          -0.031060   0.000270

    8 C   s             0.155193   0.005663
          p_y          -0.095103   0.002906
          p_z           0.087183   0.002890
          p_x           0.124518   0.004333

    9 C   s             0.025746   0.000141
          p_y           0.165023   0.008221
          p_z          -0.140789   0.006225
          p_x          -0.242377   0.017826

   10 H   s             0.039559   0.000121

   11 C   s            -0.037218   0.000280
          p_y          -0.009126   0.000025
          p_z          -0.006758   0.000016
          p_x           0.024441   0.000188

   12 C   s             0.014740   0.000037
          p_y          -0.015235   0.000062
          p_z           0.033758   0.000323
          p_x          -0.002291   0.000003

   13 H   s             0.004442  -0.000002

   14 H   s            -0.029601   0.000099

   15 C   s            -0.151027   0.003772
          p_y          -0.046815   0.000017
          p_z           0.192491   0.005265
          p_x          -0.050661   0.000975

   16 C   s             0.041505   0.000016
          p_y          -0.116000   0.005663
          p_z           0.003040   0.000029
          p_x           0.138382   0.008155

   17 C   s             0.021660   0.000098
          p_y          -0.001306   0.000001
          p_z           0.019239   0.000109
          p_x          -0.015920   0.000075

   18 H   s            -0.000367   0.000000

   19 C   s             0.026234   0.000125
          p_y          -0.009339   0.000023
          p_z          -0.000535   0.000000
          p_x           0.019266   0.000109

   20 C   s            -0.693744   0.166757
          p_y           0.543955   0.141612
          p_z          -0.843866   0.343852
          p_x          -0.444074   0.092342

   21 C   s             0.105492   0.000329
          p_y           0.109933   0.001767
          p_z           0.047592   0.000775
          p_x          -0.170725   0.003693

   22 H   s             0.024255  -0.000230

   23 C   s            -0.024380   0.000108
          p_y           0.009022   0.000022
          p_z          -0.021670   0.000133
          p_x           0.001568   0.000001

   24 H   s            -0.004635   0.000001

   25 H   s            -0.001949  -0.000000

   26 H   s             0.170369  -0.002088

   27 C   s             0.586424  -0.001181
          p_y           0.398372   0.022789
          p_z          -0.681693   0.058919
          p_x          -0.292230   0.014703

   28 C   s            -0.013586   0.000047
          p_y          -0.025076   0.000184
          p_z          -0.004471   0.000001
          p_x           0.033756   0.000318

   29 H   s             0.003289  -0.000000

   30 C   s             0.050668  -0.000228
          p_y          -0.136116   0.005574
          p_z           0.189108   0.014561
          p_x           0.109408   0.001698

   31 C   s             0.085364   0.001660
          p_y           0.075392   0.002118
          p_z          -0.080855   0.002294
          p_x          -0.066708   0.001758

   32 H   s             0.011734   0.000011

   33 C   s            -0.210553   0.005757
          p_y          -0.020890   0.000117
          p_z           0.085016   0.001824
          p_x          -0.057312   0.000738

   34 H   s            -0.083151   0.000485

   35 H   s            -0.024381  -0.000099

   36 H   s            -0.011820   0.000077

Eigenvector:  99    (up)

    1 C   s            -0.000389   0.000000
          p_y          -0.002409   0.000001
          p_z           0.001813   0.000001
          p_x           0.000013   0.000000

    2 C   s             0.000989   0.000000
          p_y           0.000797   0.000000
          p_z           0.000153   0.000000
          p_x          -0.001066   0.000000

    3 C   s             0.000594   0.000000
          p_y          -0.002661   0.000001
          p_z           0.005159   0.000006
          p_x           0.000977   0.000000

    4 C   s             0.001313  -0.000001
          p_y           0.010746   0.000051
          p_z           0.016245   0.000045
          p_x           0.006030   0.000022

    5 C   s            -0.000234   0.000000
          p_y           0.000143   0.000000
          p_z          -0.000405   0.000000
          p_x          -0.000068   0.000000

    6 H   s            -0.000307   0.000000

    7 C   s             0.002773   0.000001
          p_y          -0.001379   0.000001
          p_z           0.001794   0.000001
          p_x           0.001296   0.000000

    8 C   s            -0.017075   0.000065
          p_y           0.008634   0.000025
          p_z          -0.014309   0.000073
          p_x          -0.005834   0.000010

    9 C   s            -0.026035   0.000157
          p_y          -0.009115   0.000017
          p_z          -0.031048   0.000292
          p_x           0.005219  -0.000003

   10 H   s             0.000956   0.000000

   11 C   s            -0.000095   0.000000
          p_y          -0.000096   0.000000
          p_z           0.000120   0.000000
          p_x           0.000108   0.000000

   12 C   s            -0.000335   0.000000
          p_y           0.000341   0.000000
          p_z          -0.000934   0.000000
          p_x           0.000230   0.000000

   13 H   s            -0.000018  -0.000000

   14 H   s            -0.000626   0.000000

   15 C   s             0.019524   0.000039
          p_y           0.010512   0.000019
          p_z          -0.018801   0.000071
          p_x          -0.005937   0.000000

   16 C   s            -0.005072   0.000038
          p_y           0.090992   0.002944
          p_z          -0.083569   0.001926
          p_x          -0.120719   0.005901

   17 C   s             0.000034   0.000000
          p_y          -0.000095   0.000000
          p_z           0.000045   0.000000
          p_x           0.000141   0.000000

   18 H   s             0.000045   0.000000

   19 C   s            -0.000540   0.000000
          p_y           0.000228   0.000000
          p_z          -0.000034   0.000000
          p_x          -0.000431   0.000000

   20 C   s             0.085610   0.002614
          p_y          -0.024289   0.000293
          p_z           0.090534   0.003920
          p_x          -0.014135   0.000085

   21 C   s             0.096439   0.001124
          p_y          -0.144367   0.004617
          p_z           0.182148   0.007794
          p_x           0.140032   0.004155

   22 H   s            -0.026764  -0.000299

   23 C   s             0.000363   0.000000
          p_y          -0.000064   0.000000
          p_z           0.000297   0.000000
          p_x          -0.000138   0.000000

   24 H   s             0.000038   0.000000

   25 H   s             0.000053  -0.000000

   26 H   s             0.019639  -0.000027

   27 C   s            -0.090297   0.000159
          p_y          -0.065374   0.000702
          p_z           0.001694  -0.000001
          p_x           0.122964   0.002530

   28 C   s            -0.130898   0.004001
          p_y          -0.129141   0.004080
          p_z           0.172668   0.007192
          p_x           0.099581   0.002499

   29 H   s            -0.000017  -0.000000

   30 C   s            -0.064630  -0.000491
          p_y          -0.019798   0.000262
          p_z          -0.152779   0.004259
          p_x           0.201748   0.011444

   31 C   s             0.893191   0.173334
          p_y           0.597305   0.122941
          p_z          -0.383340   0.051337
          p_x          -0.870340   0.256623

   32 H   s             0.036672   0.000173

   33 C   s            -0.854256   0.082598
          p_y           0.531122   0.063766
          p_z          -0.348805   0.028203
          p_x          -0.814281   0.147284

   34 H   s            -0.081059   0.001087

   35 H   s            -0.096656  -0.002066

   36 H   s            -0.066294   0.002102

Eigenvector: 100    (up)

    1 C   s             0.015268   0.000067
          p_y           0.004804  -0.000002
          p_z          -0.223175   0.010046
          p_x           0.187349   0.007756

    2 C   s            -0.146544   0.003794
          p_y           0.005223   0.000008
          p_z          -0.116828   0.003884
          p_x           0.121779   0.004155

    3 C   s             0.084101   0.000810
          p_y          -0.014067   0.000056
          p_z           0.039376   0.000332
          p_x          -0.025978   0.000087

    4 C   s            -0.040007   0.000403
          p_y           0.566600   0.104465
          p_z          -0.500400   0.082983
          p_x          -0.684104   0.147255

    5 C   s            -0.009208  -0.000003
          p_y           0.010966   0.000020
          p_z           0.018247   0.000101
          p_x          -0.043846   0.000422

    6 H   s             0.002534  -0.000005

    7 C   s            -0.006205   0.000014
          p_y           0.003660   0.000007
          p_z          -0.011224   0.000054
          p_x           0.006887   0.000012

    8 C   s             0.037719   0.000016
          p_y           0.032354   0.000300
          p_z           0.097019   0.002407
          p_x          -0.143856   0.005603

    9 C   s            -0.188302   0.007167
          p_y          -0.655193   0.123653
          p_z           0.429299   0.050719
          p_x           0.971012   0.280096

   10 H   s            -0.147027   0.001883

   11 C   s             0.022746   0.000099
          p_y           0.000576   0.000000
          p_z           0.015437   0.000075
          p_x          -0.015311   0.000072

   12 C   s            -0.016124   0.000038
          p_y           0.007682   0.000014
          p_z          -0.006272   0.000010
          p_x          -0.008308   0.000015

   13 H   s            -0.003967   0.000001

   14 H   s             0.070394   0.000790

   15 C   s             0.369594   0.016227
          p_y          -0.307856   0.019477
          p_z           0.215212   0.007983
          p_x           0.349839   0.028020

   16 C   s            -0.135655   0.003269
          p_y           0.040206   0.000328
          p_z           0.055877   0.000416
          p_x          -0.080550   0.000656

   17 C   s            -0.003921   0.000003
          p_y          -0.001416   0.000000
          p_z          -0.003722   0.000004
          p_x           0.006419   0.000010

   18 H   s             0.002514   0.000002

   19 C   s             0.000334   0.000000
          p_y          -0.000448   0.000000
          p_z          -0.001391   0.000000
          p_x           0.001944   0.000001

   20 C   s            -0.187173   0.011851
          p_y           0.207598   0.018627
          p_z          -0.220572   0.020820
          p_x          -0.230715   0.023561

   21 C   s             0.060061   0.000224
          p_y          -0.055082   0.000992
          p_z           0.025132   0.000276
          p_x           0.058834   0.001068

   22 H   s             0.006816  -0.000023

   23 C   s             0.002062   0.000001
          p_y          -0.002168   0.000001
          p_z           0.000541   0.000000
          p_x           0.004002   0.000004

   24 H   s             0.001827   0.000000

   25 H   s            -0.000457   0.000000

   26 H   s             0.097024  -0.000655

   27 C   s             0.206986   0.000631
          p_y           0.084618   0.000819
          p_z          -0.184389   0.003433
          p_x          -0.039166   0.000234

   28 C   s            -0.039580   0.000279
          p_y          -0.012897   0.000050
          p_z           0.039526   0.000429
          p_x          -0.003012   0.000000

   29 H   s            -0.000331  -0.000000

   30 C   s             0.007193  -0.000021
          p_y          -0.027217   0.000201
          p_z           0.042042   0.000710
          p_x           0.020565   0.000018

   31 C   s             0.004803   0.000007
          p_y           0.011282   0.000043
          p_z          -0.012800   0.000056
          p_x          -0.009116   0.000027

   32 H   s            -0.007565   0.000013

   33 C   s            -0.033384   0.000138
          p_y          -0.008609   0.000018
          p_z           0.016902   0.000072
          p_x          -0.002031   0.000001

   34 H   s            -0.017272   0.000020

   35 H   s            -0.005094  -0.000003

   36 H   s            -0.002947   0.000003

Eigenvector: 101    (up)

    1 C   s             0.013116  -0.000042
          p_y          -0.003632  -0.000005
          p_z           0.010320  -0.000050
          p_x           0.017511   0.000039

    2 C   s            -0.004488   0.000003
          p_y           0.001008   0.000000
          p_z          -0.005931   0.000006
          p_x           0.000456   0.000000

    3 C   s             0.004133  -0.000001
          p_y           0.002551   0.000002
          p_z          -0.007973   0.000012
          p_x          -0.000851   0.000001

    4 C   s             1.963899   0.327182
          p_y          -0.225928   0.009925
          p_z           0.758986   0.112136
          p_x          -0.636624   0.078861

    5 C   s            -0.001170   0.000000
          p_y           0.000622   0.000000
          p_z          -0.000554   0.000000
          p_x          -0.000472   0.000000

    6 H   s            -0.001526   0.000000

    7 C   s            -0.004000   0.000001
          p_y           0.001773   0.000000
          p_z          -0.003381   0.000002
          p_x          -0.000210   0.000000

    8 C   s            -0.008918   0.000008
          p_y           0.009266   0.000008
          p_z          -0.006824   0.000004
          p_x          -0.015173   0.000027

    9 C   s            -1.973126   0.285121
          p_y          -0.251220   0.011206
          p_z           0.772385   0.108371
          p_x          -0.595504   0.065907

   10 H   s             0.016929   0.000090

   11 C   s             0.000216   0.000000
          p_y          -0.000028   0.000000
          p_z           0.000095   0.000000
          p_x          -0.000060   0.000000

   12 C   s            -0.000188  -0.000000
          p_y          -0.000348   0.000000
          p_z           0.000470   0.000000
          p_x           0.000166   0.000000

   13 H   s            -0.000151   0.000000

   14 H   s             0.005550   0.000002

   15 C   s             0.054931   0.000600
          p_y          -0.018257   0.000153
          p_z          -0.000757  -0.000003
          p_x           0.036689   0.000460

   16 C   s             0.006305   0.000045
          p_y          -0.007124  -0.000014
          p_z           0.029889  -0.000152
          p_x           0.015254   0.000032

   17 C   s            -0.000043   0.000000
          p_y           0.000026   0.000000
          p_z          -0.000059   0.000000
          p_x           0.000004  -0.000000

   18 H   s             0.000090   0.000000

   19 C   s             0.000328   0.000000
          p_y          -0.000064   0.000000
          p_z           0.000070   0.000000
          p_x           0.000079   0.000000

   20 C   s            -0.003457   0.000000
          p_y           0.004085   0.000001
          p_z          -0.002247   0.000001
          p_x          -0.005448   0.000000

   21 C   s            -0.019194   0.000005
          p_y           0.001134   0.000001
          p_z          -0.000042   0.000000
          p_x          -0.020721   0.000045

   22 H   s            -0.004906   0.000003

   23 C   s            -0.000106   0.000000
          p_y           0.000023   0.000000
          p_z          -0.000116   0.000000
          p_x           0.000058   0.000000

   24 H   s             0.000003  -0.000000

   25 H   s             0.000112   0.000000

   26 H   s             0.001755  -0.000000

   27 C   s            -0.000429  -0.000000
          p_y           0.003130   0.000000
          p_z          -0.002302   0.000001
          p_x          -0.002394  -0.000001

   28 C   s             0.003413   0.000001
          p_y           0.001562   0.000000
          p_z          -0.002787   0.000001
          p_x           0.000845   0.000000

   29 H   s             0.000016   0.000000

   30 C   s             0.000006   0.000000
          p_y          -0.000335   0.000000
          p_z           0.000384   0.000000
          p_x           0.000125   0.000000

   31 C   s             0.000003  -0.000000
          p_y          -0.000248   0.000000
          p_z           0.000177   0.000000
          p_x           0.000269   0.000000

   32 H   s             0.000773   0.000000

   33 C   s            -0.000038   0.000000
          p_y          -0.000125   0.000000
          p_z           0.000244   0.000000
          p_x           0.000115   0.000000

   34 H   s            -0.000120   0.000000

   35 H   s             0.000063   0.000000

   36 H   s            -0.000021  -0.000000

Eigenvector: 102    (up)

    1 C   s            -0.002216   0.000000
          p_y           0.000669   0.000000
          p_z          -0.003153   0.000001
          p_x           0.002737   0.000001

    2 C   s            -0.001087   0.000000
          p_y          -0.000053   0.000000
          p_z          -0.000790   0.000000
          p_x           0.000785   0.000000

    3 C   s             0.000535   0.000000
          p_y          -0.000503   0.000000
          p_z           0.000161   0.000000
          p_x           0.000519   0.000000

    4 C   s            -0.012516   0.000023
          p_y           0.010632   0.000018
          p_z          -0.028445   0.000142
          p_x          -0.026866   0.000087

    5 C   s            -0.000050  -0.000000
          p_y           0.000067   0.000000
          p_z          -0.000014  -0.000000
          p_x          -0.000118   0.000000

    6 H   s             0.000124  -0.000000

    7 C   s             0.000063   0.000000
          p_y           0.000085   0.000000
          p_z          -0.000112   0.000000
          p_x          -0.000004   0.000000

    8 C   s            -0.006338   0.000003
          p_y           0.003341   0.000001
          p_z          -0.005077   0.000003
          p_x          -0.001490   0.000000

    9 C   s             0.060630   0.000024
          p_y          -0.023288   0.000024
          p_z           0.064824   0.000096
          p_x           0.046343   0.000263

   10 H   s            -0.004819   0.000001

   11 C   s             0.000028   0.000000
          p_y          -0.000006   0.000000
          p_z           0.000025   0.000000
          p_x          -0.000013   0.000000

   12 C   s            -0.000101   0.000000
          p_y           0.000032   0.000000
          p_z          -0.000094   0.000000
          p_x           0.000019   0.000000

   13 H   s             0.000139   0.000000

   14 H   s             0.000233  -0.000000

   15 C   s             0.005394  -0.000003
          p_y           0.002929   0.000003
          p_z          -0.014676   0.000029
          p_x           0.000062  -0.000000

   16 C   s             1.941820   0.313948
          p_y          -0.264303   0.011493
          p_z           0.978036   0.154684
          p_x          -0.729079   0.085553

   17 C   s             0.000000  -0.000000
          p_y          -0.000003   0.000000
          p_z          -0.000000   0.000000
          p_x           0.000006   0.000000

   18 H   s             0.000009   0.000000

   19 C   s            -0.000017   0.000000
          p_y           0.000008   0.000000
          p_z          -0.000009   0.000000
          p_x          -0.000008   0.000000

   20 C   s            -0.010773   0.000010
          p_y           0.012151   0.000017
          p_z          -0.009268   0.000009
          p_x          -0.019561   0.000049

   21 C   s            -1.953508   0.224076
          p_y          -0.272878   0.010349
          p_z           0.962045   0.129284
          p_x          -0.696564   0.068158

   22 H   s             0.019715  -0.000030

   23 C   s             0.000004   0.000000
          p_y          -0.000002   0.000000
          p_z           0.000003   0.000000
          p_x           0.000000  -0.000000

   24 H   s             0.000001   0.000000

   25 H   s            -0.000001   0.000000

   26 H   s             0.007537  -0.000002

   27 C   s             0.059923   0.000744
          p_y          -0.014347   0.000125
          p_z          -0.015017  -0.000031
          p_x           0.045761   0.000711

   28 C   s            -0.014347  -0.000139
          p_y          -0.024539  -0.000106
          p_z           0.000068  -0.000001
          p_x           0.073019   0.000372

   29 H   s            -0.000001  -0.000000

   30 C   s            -0.000726  -0.000000
          p_y           0.006490   0.000001
          p_z          -0.004298   0.000003
          p_x          -0.007360  -0.000004

   31 C   s             0.011619   0.000015
          p_y          -0.001950  -0.000000
          p_z          -0.005313   0.000007
          p_x           0.007129   0.000008

   32 H   s             0.021371  -0.000019

   33 C   s             0.000237   0.000000
          p_y           0.001937   0.000000
          p_z           0.002433  -0.000000
          p_x          -0.004980   0.000000

   34 H   s             0.003701   0.000001

   35 H   s             0.002030  -0.000000

   36 H   s             0.002039   0.000000

Eigenvector:   1    (down)

    1 C   s             0.000248  -0.000000
          p_y           0.000064   0.000000
          p_z           0.000363  -0.000000
          p_x          -0.000406  -0.000000

    2 C   s             0.000104   0.000000
          p_y          -0.000001   0.000000
          p_z           0.000026   0.000000
          p_x          -0.000047  -0.000000

    3 C   s            -0.000035  -0.000000
          p_y          -0.000009  -0.000000
          p_z           0.000113  -0.000000
          p_x          -0.000083  -0.000000

    4 C   s            -0.000633   0.000012
          p_y           0.000070   0.000001
          p_z           0.001569  -0.000037
          p_x          -0.001004   0.000005

    5 C   s             0.000011  -0.000000
          p_y           0.000006  -0.000000
          p_z          -0.000017  -0.000000
          p_x           0.000006  -0.000000

    6 H   s             0.000089  -0.000000

    7 C   s             0.000050  -0.000000
          p_y          -0.000003   0.000000
          p_z           0.000010   0.000000
          p_x          -0.000000  -0.000000

    8 C   s             0.000315   0.000000
          p_y          -0.000207  -0.000000
          p_z           0.000402  -0.000000
          p_x          -0.000070   0.000000

    9 C   s             0.003142  -0.000140
          p_y          -0.013575  -0.000524
          p_z           0.007264  -0.000330
          p_x           0.016844  -0.000512

   10 H   s            -0.003467  -0.000039

   11 C   s            -0.000008  -0.000000
          p_y          -0.000001  -0.000000
          p_z          -0.000004  -0.000000
          p_x           0.000006  -0.000000

   12 C   s            -0.000010  -0.000000
          p_y          -0.000001  -0.000000
          p_z           0.000002   0.000000
          p_x           0.000000  -0.000000

   13 H   s             0.000011  -0.000000

   14 H   s            -0.000037   0.000000

   15 C   s             0.006412  -0.000012
          p_y          -0.002839  -0.000005
          p_z           0.001920  -0.000003
          p_x           0.004964  -0.000011

   16 C   s             0.112413  -0.020029
          p_y          -0.085244  -0.009215
          p_z          -0.013448  -0.000308
          p_x           0.144412  -0.027080

   17 C   s             0.000001  -0.000000
          p_y          -0.000000  -0.000000
          p_z           0.000001  -0.000000
          p_x          -0.000000  -0.000000

   18 H   s            -0.000001  -0.000000

   19 C   s             0.000002  -0.000000
          p_y          -0.000001  -0.000000
          p_z           0.000001  -0.000000
          p_x           0.000000  -0.000000

   20 C   s            -0.000218  -0.000000
          p_y          -0.000195  -0.000000
          p_z          -0.000290  -0.000000
          p_x           0.000680  -0.000000

   21 C   s             0.002575  -0.000159
          p_y           0.017104   0.000319
          p_z          -0.013455  -0.000524
          p_x          -0.010436   0.000758

   22 H   s             1.075837   1.058246

   23 C   s            -0.000000  -0.000000
          p_y           0.000000  -0.000000
          p_z          -0.000000  -0.000000
          p_x          -0.000000  -0.000000

   24 H   s             0.000000   0.000000

   25 H   s             0.000000  -0.000000

   26 H   s            -0.000371   0.000000

   27 C   s             0.008420  -0.000015
          p_y          -0.001059  -0.000001
          p_z          -0.005131  -0.000005
          p_x           0.010917  -0.000039

   28 C   s             0.002116  -0.000034
          p_y           0.001689  -0.000003
          p_z          -0.006471  -0.000137
          p_x           0.000872  -0.000013

   29 H   s             0.000000  -0.000000

   30 C   s             0.001459  -0.000000
          p_y           0.000113   0.000000
          p_z          -0.001364  -0.000000
          p_x           0.000453  -0.000000

   31 C   s             0.001007  -0.000000
          p_y          -0.000149  -0.000000
          p_z          -0.000615  -0.000000
          p_x           0.000930  -0.000000

   32 H   s            -0.008243  -0.000164

   33 C   s             0.000149   0.000000
          p_y           0.000069   0.000000
          p_z           0.000038   0.000000
          p_x          -0.000125   0.000000

   34 H   s             0.000066  -0.000000

   35 H   s             0.000072  -0.000000

   36 H   s             0.000014  -0.000000

Eigenvector:   2    (down)

    1 C   s             0.000001  -0.000000
          p_y          -0.000000  -0.000000
          p_z           0.000001  -0.000000
          p_x          -0.000000  -0.000000

    2 C   s             0.000000  -0.000000
          p_y           0.000000  -0.000000
          p_z           0.000000   0.000000
          p_x          -0.000000  -0.000000

    3 C   s             0.000001  -0.000000
          p_y           0.000000  -0.000000
          p_z          -0.000000   0.000000
          p_x          -0.000001  -0.000000

    4 C   s             0.000001   0.000000
          p_y           0.000001   0.000000
          p_z           0.000004  -0.000000
          p_x          -0.000005  -0.000000

    5 C   s             0.000000   0.000000
          p_y          -0.000000   0.000000
          p_z           0.000000   0.000000
          p_x          -0.000000   0.000000

    6 H   s            -0.000000   0.000000

    7 C   s             0.000000   0.000000
          p_y          -0.000000   0.000000
          p_z           0.000000   0.000000
          p_x          -0.000000  -0.000000

    8 C   s             0.000005  -0.000000
          p_y          -0.000004  -0.000000
          p_z           0.000007  -0.000000
          p_x           0.000001  -0.000000

    9 C   s            -0.000011   0.000000
          p_y          -0.000009  -0.000000
          p_z           0.000002  -0.000000
          p_x           0.000008   0.000000

   10 H   s            -0.000003  -0.000000

   11 C   s             0.000000   0.000000
          p_y           0.000000  -0.000000
          p_z           0.000000   0.000000
          p_x          -0.000000   0.000000

   12 C   s             0.000000  -0.000000
          p_y           0.000000  -0.000000
          p_z           0.000000   0.000000
          p_x          -0.000000  -0.000000

   13 H   s            -0.000000  -0.000000

   14 H   s             0.000000   0.000000

   15 C   s            -0.000016  -0.000000
          p_y          -0.000003  -0.000000
          p_z           0.000003  -0.000000
          p_x           0.000006  -0.000000

   16 C   s            -0.000212  -0.000000
          p_y           0.000115  -0.000000
          p_z          -0.000043  -0.000000
          p_x          -0.000058   0.000000

   17 C   s            -0.000000  -0.000000
          p_y           0.000000  -0.000000
          p_z          -0.000000  -0.000000
          p_x          -0.000000  -0.000000

   18 H   s            -0.000000   0.000000

   19 C   s             0.000000   0.000000
          p_y          -0.000000   0.000000
          p_z           0.000000   0.000000
          p_x          -0.000000   0.000000

   20 C   s            -0.000069  -0.000000
          p_y           0.000019  -0.000000
          p_z          -0.000065  -0.000000
          p_x           0.000008  -0.000000

   21 C   s            -0.000754  -0.000002
          p_y           0.000352  -0.000000
          p_z          -0.001134  -0.000004
          p_x           0.000144  -0.000000

   22 H   s             0.000045  -0.000000

   23 C   s             0.000000   0.000000
          p_y           0.000000  -0.000000
          p_z          -0.000000  -0.000000
          p_x           0.000000  -0.000000

   24 H   s             0.000000   0.000000

   25 H   s            -0.000000   0.000000

   26 H   s             0.000007   0.000000

   27 C   s            -0.000140  -0.000000
          p_y           0.000118  -0.000000
          p_z          -0.000302  -0.000000
          p_x          -0.000047  -0.000000

   28 C   s             0.004685   0.000210
          p_y          -0.003387   0.000054
          p_z          -0.000437  -0.000022
          p_x           0.004693  -0.000131

   29 H   s             0.000000  -0.000000

   30 C   s            -0.001607  -0.000004
          p_y           0.001604  -0.000004
          p_z          -0.002142  -0.000006
          p_x          -0.001031  -0.000001

   31 C   s            -0.088067  -0.033295
          p_y           0.089190  -0.022229
          p_z          -0.099114  -0.027460
          p_x          -0.023615  -0.001547

   32 H   s             0.000396  -0.000005

   33 C   s            -0.003347  -0.000194
          p_y          -0.000487   0.000023
          p_z           0.005142   0.000197
          p_x          -0.012867  -0.000596

   34 H   s             0.000446  -0.000000

   35 H   s            -1.093486   1.084971

   36 H   s            -0.001964   0.000047

Eigenvector:   3    (down)

    1 C   s             0.001708   0.000007
          p_y           0.000079   0.000000
          p_z           0.000274   0.000000
          p_x          -0.000451   0.000001

    2 C   s             0.000235   0.000000
          p_y           0.000003   0.000000
          p_z           0.000047   0.000000
          p_x          -0.000051   0.000000

    3 C   s             0.003633   0.000030
          p_y          -0.000267   0.000000
          p_z           0.000939   0.000005
          p_x          -0.000360   0.000001

    4 C   s             0.002133   0.000041
          p_y           0.000759   0.000003
          p_z          -0.000741  -0.000006
          p_x          -0.000395   0.000007

    5 C   s             0.000093   0.000000
          p_y          -0.000004   0.000000
          p_z           0.000028   0.000000
          p_x          -0.000019   0.000000

    6 H   s            -0.000057   0.000000

    7 C   s             0.000514   0.000001
          p_y          -0.000061   0.000000
          p_z           0.000126   0.000000
          p_x           0.000005  -0.000000

    8 C   s             0.011620   0.000508
          p_y          -0.000524   0.000005
          p_z           0.003604   0.000127
          p_x          -0.002452   0.000033

    9 C   s             0.012175   0.000571
          p_y           0.001837   0.000016
          p_z           0.000222   0.000005
          p_x          -0.003684   0.000138

   10 H   s             0.000494  -0.000000

   11 C   s             0.000007   0.000000
          p_y          -0.000000   0.000000
          p_z           0.000001   0.000000
          p_x          -0.000001   0.000000

   12 C   s             0.000092   0.000000
          p_y          -0.000009   0.000000
          p_z           0.000029   0.000000
          p_x          -0.000008   0.000000

   13 H   s            -0.000276   0.000000

   14 H   s            -0.006629   0.000195

   15 C   s             0.065257   0.008766
          p_y           0.003249   0.000010
          p_z           0.013464   0.000874
          p_x          -0.017275   0.001211

   16 C   s             0.061420   0.014583
          p_y           0.007319   0.000234
          p_z           0.013419   0.001185
          p_x          -0.028832   0.005152

   17 C   s             0.000002   0.000000
          p_y          -0.000000   0.000000
          p_z           0.000001   0.000000
          p_x          -0.000000   0.000000

   18 H   s            -0.000001   0.000000

   19 C   s             0.000012   0.000000
          p_y          -0.000001   0.000000
          p_z           0.000003   0.000000
          p_x          -0.000001   0.000000

   20 C   s            -0.036347  -0.018638
          p_y          -0.027036  -0.002740
          p_z          -0.005796  -0.000414
          p_x           0.040813  -0.007367

   21 C   s             0.180611   0.067003
          p_y           0.025571   0.002663
          p_z          -0.014148   0.000623
          p_x          -0.032686   0.004854

   22 H   s             0.015557  -0.000127

   23 C   s             0.000002   0.000000
          p_y          -0.000000   0.000000
          p_z           0.000001   0.000000
          p_x          -0.000000   0.000000

   24 H   s            -0.000000   0.000000

   25 H   s            -0.000003   0.000000

   26 H   s            -0.740064   0.544244

   27 C   s             0.424682   0.260681
          p_y           0.014020   0.000011
          p_z          -0.005541  -0.000103
          p_x          -0.020139   0.000302

   28 C   s             0.047879   0.005666
          p_y           0.006973   0.000371
          p_z          -0.007750   0.000529
          p_x          -0.006850   0.000290

   29 H   s            -0.000000   0.000000

   30 C   s             0.169135   0.063916
          p_y          -0.001141   0.000013
          p_z          -0.025926   0.002844
          p_x           0.025175   0.002976

   31 C   s             0.017155   0.001284
          p_y           0.003493   0.000145
          p_z          -0.004329   0.000231
          p_x          -0.001868   0.000061

   32 H   s            -0.002503   0.000057

   33 C   s             0.106272   0.021349
          p_y           0.009191   0.000383
          p_z          -0.022786   0.002038
          p_x           0.003490   0.000017

   34 H   s            -0.058361   0.009903

   35 H   s             0.013090   0.000016

   36 H   s            -0.037844   0.003216

Eigenvector:   4    (down)

    1 C   s            -0.001091   0.000002
          p_y          -0.000115   0.000000
          p_z          -0.000148   0.000000
          p_x           0.000336   0.000000

    2 C   s            -0.000207   0.000000
          p_y          -0.000006   0.000000
          p_z          -0.000031   0.000000
          p_x           0.000045   0.000000

    3 C   s            -0.002950   0.000018
          p_y           0.000074   0.000000
          p_z          -0.000505   0.000002
          p_x           0.000349   0.000001

    4 C   s            -0.000884  -0.000004
          p_y           0.000708  -0.000000
          p_z          -0.001127  -0.000007
          p_x           0.000512  -0.000003

    5 C   s            -0.000100   0.000000
          p_y           0.000001   0.000000
          p_z          -0.000023   0.000000
          p_x           0.000019   0.000000

    6 H   s             0.000061   0.000000

    7 C   s            -0.000556   0.000001
          p_y           0.000068   0.000000
          p_z          -0.000158   0.000000
          p_x           0.000012   0.000000

    8 C   s            -0.009983   0.000338
          p_y           0.000448   0.000002
          p_z          -0.004080   0.000102
          p_x           0.003115   0.000047

    9 C   s             0.006752   0.000178
          p_y           0.001026  -0.000006
          p_z           0.002237   0.000077
          p_x          -0.003781   0.000074

   10 H   s             0.001436   0.000003

   11 C   s            -0.000010   0.000000
          p_y           0.000000   0.000000
          p_z          -0.000001   0.000000
          p_x           0.000001   0.000000

   12 C   s            -0.000110   0.000000
          p_y           0.000007   0.000000
          p_z          -0.000026   0.000000
          p_x           0.000010   0.000000

   13 H   s             0.000312   0.000000

   14 H   s             0.007190   0.000197

   15 C   s            -0.023543   0.001026
          p_y          -0.011802   0.000428
          p_z           0.006254   0.000075
          p_x           0.016988   0.001092

   16 C   s             0.096111   0.031683
          p_y           0.008471   0.000150
          p_z           0.027781   0.004276
          p_x          -0.047555   0.010646

   17 C   s            -0.000003   0.000000
          p_y           0.000000   0.000000
          p_z          -0.000001   0.000000
          p_x           0.000000   0.000000

   18 H   s             0.000002   0.000000

   19 C   s            -0.000017   0.000000
          p_y           0.000002   0.000000
          p_z          -0.000005   0.000000
          p_x           0.000002   0.000000

   20 C   s             0.019831  -0.004312
          p_y           0.038890  -0.009138
          p_z          -0.022404  -0.003739
          p_x          -0.047383  -0.012964

   21 C   s             0.270923   0.140315
          p_y           0.031757   0.003426
          p_z          -0.020566   0.000778
          p_x          -0.034060   0.005085

   22 H   s             0.024256  -0.000314

   23 C   s            -0.000003   0.000000
          p_y           0.000000   0.000000
          p_z          -0.000001   0.000000
          p_x           0.000000   0.000000

   24 H   s             0.000000   0.000000

   25 H   s             0.000004   0.000000

   26 H   s             0.705335   0.458496

   27 C   s             0.359009   0.176539
          p_y          -0.048856   0.007641
          p_z           0.052227   0.009579
          p_x           0.047174   0.007202

   28 C   s             0.086373   0.016880
          p_y           0.011996   0.000951
          p_z          -0.013942   0.001460
          p_x          -0.011056   0.000661

   29 H   s             0.000001   0.000000

   30 C   s             0.179317   0.066246
          p_y          -0.016652   0.001258
          p_z          -0.000316  -0.000000
          p_x           0.032301   0.004599

   31 C   s             0.033383   0.004269
          p_y           0.007497   0.000508
          p_z          -0.008924   0.000747
          p_x          -0.004577   0.000256

   32 H   s            -0.006046   0.000258

   33 C   s             0.176823   0.054906
          p_y           0.011560   0.000522
          p_z          -0.029084   0.002751
          p_x           0.005219   0.000031

   34 H   s            -0.030268   0.003238

   35 H   s             0.023433   0.000043

   36 H   s            -0.074521   0.011421

Eigenvector:   5    (down)

    1 C   s            -0.003488   0.000024
          p_y          -0.000099   0.000000
          p_z          -0.000378   0.000001
          p_x           0.000585   0.000002

    2 C   s            -0.000820   0.000002
          p_y          -0.000016   0.000000
          p_z          -0.000140   0.000000
          p_x           0.000174   0.000000

    3 C   s            -0.004404   0.000037
          p_y           0.000374   0.000001
          p_z          -0.000874   0.000003
          p_x           0.000081   0.000000

    4 C   s            -0.003930   0.000094
          p_y          -0.001427   0.000006
          p_z           0.000972  -0.000010
          p_x           0.000843   0.000017

    5 C   s            -0.000373   0.000000
          p_y           0.000018   0.000000
          p_z          -0.000087   0.000000
          p_x           0.000046   0.000000

    6 H   s             0.000209   0.000000

    7 C   s            -0.000878   0.000002
          p_y           0.000117   0.000000
          p_z          -0.000202   0.000000
          p_x          -0.000053   0.000000

    8 C   s            -0.004872   0.000070
          p_y           0.000568   0.000003
          p_z          -0.000856   0.000007
          p_x          -0.000412   0.000002

    9 C   s            -0.020062   0.001171
          p_y          -0.002663   0.000013
          p_z          -0.003004   0.000106
          p_x           0.006988   0.000278

   10 H   s            -0.001262   0.000001

   11 C   s            -0.000053   0.000000
          p_y           0.000001   0.000000
          p_z          -0.000010   0.000000
          p_x           0.000008   0.000000

   12 C   s            -0.000303   0.000000
          p_y           0.000025   0.000000
          p_z          -0.000069   0.000000
          p_x           0.000014   0.000000

   13 H   s             0.000303   0.000000

   14 H   s             0.000167   0.000001

   15 C   s            -0.035289   0.002169
          p_y           0.005369   0.000113
          p_z          -0.010694   0.000366
          p_x          -0.000664   0.000007

   16 C   s            -0.126663   0.046075
          p_y          -0.005745   0.000065
          p_z          -0.047243   0.007182
          p_x           0.065974   0.014233

   17 C   s            -0.000016   0.000000
          p_y           0.000001   0.000000
          p_z          -0.000004   0.000000
          p_x           0.000002   0.000000

   18 H   s             0.000008   0.000000

   19 C   s            -0.000048   0.000000
          p_y           0.000005   0.000000
          p_z          -0.000010   0.000000
          p_x           0.000001  -0.000000

   20 C   s            -0.001595   0.000091
          p_y          -0.005299  -0.000241
          p_z           0.002069  -0.000063
          p_x           0.009886  -0.000715

   21 C   s            -0.262660   0.120587
          p_y          -0.031438   0.002710
          p_z           0.054220   0.006945
          p_x          -0.006445  -0.000058

   22 H   s            -0.030248  -0.000506

   23 C   s            -0.000015   0.000000
          p_y           0.000002   0.000000
          p_z          -0.000004   0.000000
          p_x           0.000001   0.000000

   24 H   s             0.000002   0.000000

   25 H   s             0.000007   0.000000

   26 H   s            -0.028791   0.000532

   27 C   s            -0.148733   0.028143
          p_y           0.026367   0.002069
          p_z           0.053581   0.006990
          p_x          -0.103099   0.029413

   28 C   s            -0.056973   0.006330
          p_y          -0.006699   0.000275
          p_z           0.019505   0.002358
          p_x          -0.004037   0.000126

   29 H   s             0.000003   0.000000

   30 C   s             0.249193   0.116880
          p_y          -0.029059   0.002995
          p_z           0.070120   0.018749
          p_x          -0.009063   0.000465

   31 C   s             0.076133   0.018610
          p_y           0.022751   0.003507
          p_z          -0.014019   0.001029
          p_x          -0.027741   0.006539

   32 H   s             0.006389   0.000238

   33 C   s             0.478879   0.363056
          p_y           0.021649   0.001599
          p_z          -0.013701   0.000040
          p_x          -0.026457   0.003256

   34 H   s            -0.095847   0.022681

   35 H   s             0.048895   0.000146

   36 H   s            -0.301076   0.163183

Eigenvector:   6    (down)

    1 C   s             0.410975   0.274719
          p_y           0.028088   0.003248
          p_z          -0.020043   0.001921
          p_x          -0.035662   0.004650

    2 C   s             0.186600   0.078736
          p_y           0.006316   0.000195
          p_z           0.018868   0.001661
          p_x          -0.033289   0.005490

    3 C   s             0.434227   0.306649
          p_y          -0.021300   0.001586
          p_z           0.003154   0.000014
          p_x           0.038542   0.005259

    4 C   s             0.084834   0.022805
          p_y           0.005914   0.000312
          p_z          -0.007146   0.000569
          p_x          -0.010161   0.000742

    5 C   s             0.125712   0.031369
          p_y          -0.004124   0.000080
          p_z           0.020472   0.002078
          p_x          -0.010390   0.000541

    6 H   s            -0.062711   0.010039

    7 C   s             0.159590   0.060057
          p_y          -0.018982   0.001897
          p_z           0.027557   0.004154
          p_x           0.013907   0.000993

    8 C   s             0.134686   0.046954
          p_y          -0.005492   0.000243
          p_z          -0.009713   0.000620
          p_x           0.021994   0.003678

    9 C   s             0.089989   0.020422
          p_y           0.012369   0.000830
          p_z          -0.018480   0.001689
          p_x          -0.005891   0.000203

   10 H   s            -0.037187   0.003134

   11 C   s             0.026724   0.001925
          p_y          -0.000094  -0.000000
          p_z           0.005109   0.000198
          p_x          -0.004577   0.000169

   12 C   s             0.091691   0.019613
          p_y          -0.007172   0.000336
          p_z           0.014970   0.001451
          p_x           0.000002  -0.000000

   13 H   s            -0.060954   0.008880

   14 H   s            -0.017901   0.001869

   15 C   s             0.165277   0.044617
          p_y           0.003200   0.000020
          p_z          -0.023889   0.002319
          p_x           0.015624   0.001223

   16 C   s             0.024794   0.001467
          p_y           0.005144   0.000077
          p_z          -0.000871   0.000020
          p_x          -0.010548   0.000149

   17 C   s             0.010376   0.000289
          p_y          -0.000559   0.000002
          p_z           0.002376   0.000040
          p_x          -0.001129   0.000009

   18 H   s            -0.004214   0.000099

   19 C   s             0.021340   0.001226
          p_y          -0.002542   0.000053
          p_z           0.004664   0.000167
          p_x           0.000662   0.000005

   20 C   s             0.000550   0.000006
          p_y           0.000395   0.000001
          p_z           0.002592  -0.000128
          p_x          -0.003500  -0.000150

   21 C   s             0.015872   0.000470
          p_y           0.002086   0.000009
          p_z          -0.011311   0.000320
          p_x           0.009743   0.000243

   22 H   s             0.008740  -0.000041

   23 C   s             0.009717   0.000245
          p_y          -0.000951   0.000006
          p_z           0.002361   0.000036
          p_x          -0.000290   0.000001

   24 H   s            -0.002184   0.000016

   25 H   s            -0.003014   0.000055

   26 H   s             0.019814   0.000289

   27 C   s            -0.050349   0.002603
          p_y          -0.003235   0.000023
          p_z          -0.018039   0.000695
          p_x           0.024032   0.001241

   28 C   s             0.005769   0.000056
          p_y           0.000495   0.000001
          p_z          -0.000144   0.000000
          p_x          -0.000503   0.000000

   29 H   s            -0.002221   0.000015

   30 C   s            -0.032824   0.001695
          p_y          -0.004434   0.000067
          p_z           0.017046   0.000889
          p_x          -0.006676   0.000116

   31 C   s             0.010604   0.000298
          p_y           0.003391   0.000050
          p_z          -0.001995   0.000008
          p_x          -0.004061   0.000099

   32 H   s            -0.000167   0.000000

   33 C   s             0.041154   0.002394
          p_y          -0.004569   0.000053
          p_z           0.014548   0.000634
          p_x          -0.003785   0.000056

   34 H   s             0.016404   0.000540

   35 H   s             0.006697   0.000001

   36 H   s            -0.046849   0.003327

Eigenvector:   7    (down)

    1 C   s            -0.055212   0.004882
          p_y          -0.003671   0.000054
          p_z           0.003581   0.000058
          p_x           0.003698   0.000048

    2 C   s            -0.027117   0.001639
          p_y          -0.000927   0.000004
          p_z          -0.002520   0.000029
          p_x           0.004650   0.000103

    3 C   s            -0.053956   0.004668
          p_y           0.002644   0.000023
          p_z           0.001300   0.000008
          p_x          -0.006394   0.000141

    4 C   s            -0.008958   0.000202
          p_y           0.002072   0.000004
          p_z          -0.000627  -0.000009
          p_x          -0.001175   0.000011

    5 C   s            -0.018940   0.000701
          p_y           0.000613   0.000002
          p_z          -0.002954   0.000042
          p_x           0.001454   0.000010

    6 H   s             0.009445   0.000223

    7 C   s            -0.021481   0.001072
          p_y           0.002500   0.000032
          p_z          -0.003411   0.000062
          p_x          -0.002048   0.000022

    8 C   s            -0.007548   0.000151
          p_y          -0.000192   0.000000
          p_z           0.004488   0.000102
          p_x          -0.004023   0.000091

    9 C   s             0.003120   0.000020
          p_y           0.003262  -0.000005
          p_z           0.005104   0.000174
          p_x          -0.008996   0.000249

   10 H   s             0.009013   0.000150

   11 C   s            -0.004202   0.000047
          p_y           0.000010  -0.000000
          p_z          -0.000797   0.000005
          p_x           0.000724   0.000004

   12 C   s            -0.013426   0.000414
          p_y           0.001065   0.000007
          p_z          -0.002082   0.000027
          p_x          -0.000134   0.000000

   13 H   s             0.008175   0.000158

   14 H   s            -0.001389  -0.000001

   15 C   s             0.007999   0.000071
          p_y           0.000627  -0.000001
          p_z           0.002087   0.000016
          p_x          -0.003245   0.000011

   16 C   s             0.154601   0.058335
          p_y          -0.016030   0.001303
          p_z           0.096986   0.024438
          p_x          -0.072088   0.008479

   17 C   s            -0.001677   0.000007
          p_y           0.000090   0.000000
          p_z          -0.000378   0.000001
          p_x           0.000178   0.000000

   18 H   s             0.000671   0.000002

   19 C   s            -0.003257   0.000028
          p_y           0.000392   0.000001
          p_z          -0.000698   0.000004
          p_x          -0.000123   0.000000

   20 C   s            -0.011585   0.000796
          p_y          -0.003045  -0.000316
          p_z           0.006937  -0.001222
          p_x          -0.000923   0.000048

   21 C   s             0.296415   0.136247
          p_y          -0.021830   0.001649
          p_z          -0.036512   0.001011
          p_x           0.117816   0.029944

   22 H   s             0.046897  -0.001305

   23 C   s            -0.001555   0.000006
          p_y           0.000151   0.000000
          p_z          -0.000370   0.000001
          p_x           0.000041   0.000000

   24 H   s             0.000364   0.000000

   25 H   s             0.000455   0.000001

   26 H   s            -0.171809   0.022008

   27 C   s            -0.373594   0.141201
          p_y          -0.054558   0.006055
          p_z          -0.054832   0.007531
          p_x           0.164424   0.059628

   28 C   s             0.197614   0.065739
          p_y           0.016890   0.001141
          p_z          -0.027293   0.003618
          p_x          -0.005864   0.000014

   29 H   s             0.000365   0.000000

   30 C   s            -0.255546   0.100953
          p_y          -0.027797   0.002761
          p_z           0.104275   0.033150
          p_x          -0.039076   0.003448

   31 C   s             0.084944   0.018700
          p_y           0.023259   0.002156
          p_z          -0.022200   0.001594
          p_x          -0.018692   0.002019

   32 H   s            -0.032033   0.003905

   33 C   s             0.230311   0.074617
          p_y          -0.040097   0.004005
          p_z           0.098911   0.028066
          p_x          -0.007590   0.000366

   34 H   s             0.123627   0.030998

   35 H   s             0.052451   0.000067

   36 H   s            -0.272979   0.111077

Eigenvector:   8    (down)

    1 C   s             0.107958   0.017192
          p_y           0.011725   0.000458
          p_z          -0.054286   0.009340
          p_x           0.028363   0.002487

    2 C   s             0.157280   0.049466
          p_y           0.009151   0.000296
          p_z          -0.006143   0.000179
          p_x          -0.014889   0.000766

    3 C   s             0.026472   0.000988
          p_y           0.005067   0.000093
          p_z          -0.049644   0.007688
          p_x           0.036838   0.004054

    4 C   s            -0.133191   0.053057
          p_y          -0.000243   0.000005
          p_z          -0.029088   0.003859
          p_x           0.038590   0.008803

    5 C   s             0.174925   0.053254
          p_y          -0.002635   0.000027
          p_z           0.013692   0.000790
          p_x          -0.006592   0.000189

    6 H   s            -0.067856   0.010058

    7 C   s             0.071256   0.010670
          p_y          -0.004411   0.000085
          p_z          -0.003857   0.000072
          p_x           0.013340   0.000821

    8 C   s            -0.128883   0.037091
          p_y           0.019111   0.001910
          p_z          -0.034935   0.006020
          p_x          -0.007615   0.000409

    9 C   s            -0.253382   0.134561
          p_y          -0.030531   0.003824
          p_z           0.029701   0.002132
          p_x           0.019315   0.002704

   10 H   s             0.020489   0.000929

   11 C   s             0.056482   0.007477
          p_y           0.000803   0.000005
          p_z           0.008705   0.000433
          p_x          -0.009752   0.000570

   12 C   s             0.107578   0.023379
          p_y          -0.008490   0.000361
          p_z           0.007011   0.000268
          p_x           0.010184   0.000480

   13 H   s            -0.029742   0.001827

   14 H   s             0.017353   0.001499

   15 C   s            -0.421068   0.254193
          p_y           0.017158   0.001037
          p_z          -0.000930  -0.000025
          p_x          -0.033221   0.004906

   16 C   s            -0.064304   0.006563
          p_y          -0.037693   0.005210
          p_z           0.050538   0.011559
          p_x           0.039030   0.003221

   17 C   s             0.030101   0.002103
          p_y          -0.001272   0.000009
          p_z           0.005615   0.000178
          p_x          -0.002795   0.000044

   18 H   s            -0.009632   0.000435

   19 C   s             0.039112   0.003568
          p_y          -0.004650   0.000133
          p_z           0.006243   0.000227
          p_x           0.003415   0.000078

   20 C   s            -0.015326   0.001999
          p_y          -0.001535  -0.000098
          p_z          -0.003200  -0.000099
          p_x           0.007346  -0.001315

   21 C   s             0.104083   0.012740
          p_y          -0.071927   0.012104
          p_z           0.118126   0.033810
          p_x           0.036686   0.002745

   22 H   s            -0.002818  -0.000000

   23 C   s             0.027415   0.001693
          p_y          -0.002434   0.000030
          p_z           0.005241   0.000142
          p_x           0.000041   0.000000

   24 H   s            -0.008202   0.000187

   25 H   s            -0.005361   0.000150

   26 H   s            -0.106932   0.007198

   27 C   s            -0.084014   0.007020
          p_y          -0.025836   0.001051
          p_z           0.103189   0.019163
          p_x          -0.045802   0.004263

   28 C   s             0.234116   0.082126
          p_y           0.014653   0.000630
          p_z          -0.025450   0.002245
          p_x          -0.006049   0.000064

   29 H   s            -0.008088   0.000171

   30 C   s             0.065597   0.006456
          p_y          -0.001496   0.000004
          p_z          -0.005438   0.000109
          p_x           0.007649   0.000173

   31 C   s             0.029686   0.001884
          p_y           0.001444   0.000001
          p_z          -0.020169   0.001912
          p_x           0.017930   0.001618

   32 H   s            -0.053575   0.008211

   33 C   s            -0.032302   0.001418
          p_y           0.004631   0.000047
          p_z          -0.054327   0.007318
          p_x           0.041525   0.004329

   34 H   s            -0.038962   0.002540

   35 H   s             0.011914   0.000003

   36 H   s             0.129188   0.021944

Eigenvector:   9    (down)

    1 C   s             0.031897   0.001528
          p_y          -0.010138   0.000251
          p_z          -0.039976   0.004756
          p_x           0.059857   0.010036

    2 C   s             0.173191   0.056989
          p_y           0.010488   0.000311
          p_z          -0.020601   0.001659
          p_x          -0.003918  -0.000014

    3 C   s            -0.156440   0.033848
          p_y          -0.000116  -0.000000
          p_z          -0.030083   0.002669
          p_x           0.030223   0.002592

    4 C   s            -0.044523   0.005399
          p_y          -0.003905   0.000126
          p_z          -0.005404  -0.000029
          p_x           0.019318   0.001601

    5 C   s             0.236956   0.092746
          p_y          -0.003549   0.000043
          p_z           0.008916   0.000314
          p_x           0.000232  -0.000000

    6 H   s            -0.088937   0.016179

    7 C   s            -0.016583   0.000488
          p_y           0.005871   0.000108
          p_z          -0.026216   0.002778
          p_x           0.012856   0.000812

    8 C   s            -0.124038   0.032857
          p_y           0.007771   0.000287
          p_z          -0.002614   0.000024
          p_x          -0.015062   0.001184

    9 C   s            -0.047131   0.004850
          p_y          -0.018182   0.001164
          p_z           0.029784   0.003143
          p_x           0.004208   0.000072

   10 H   s            -0.000964   0.000000

   11 C   s             0.094810   0.019978
          p_y           0.002071   0.000026
          p_z           0.012197   0.000765
          p_x          -0.015551   0.001306

   12 C   s             0.113757   0.024656
          p_y          -0.010828   0.000511
          p_z          -0.002990   0.000037
          p_x           0.024604   0.002600

   13 H   s             0.014978   0.000434

   14 H   s             0.022691   0.002152

   15 C   s            -0.140971   0.027911
          p_y          -0.015853   0.000654
          p_z           0.046249   0.006406
          p_x          -0.010934   0.000504

   16 C   s             0.083993   0.009596
          p_y           0.020162   0.002046
          p_z           0.006298  -0.000546
          p_x          -0.074704   0.012356

   17 C   s             0.058222   0.007438
          p_y          -0.002124   0.000023
          p_z           0.009609   0.000471
          p_x          -0.004920   0.000124

   18 H   s            -0.017101   0.001270

   19 C   s             0.055515   0.006820
          p_y          -0.006254   0.000221
          p_z           0.005542   0.000162
          p_x           0.007310   0.000315

   20 C   s             0.010424   0.000761
          p_y           0.000149  -0.000009
          p_z           0.002028   0.000203
          p_x          -0.002459  -0.000107

   21 C   s            -0.072160   0.005633
          p_y           0.116959   0.029152
          p_z          -0.206244   0.087585
          p_x          -0.030529   0.002750

   22 H   s            -0.010994  -0.000081

   23 C   s             0.051140   0.005581
          p_y          -0.004462   0.000093
          p_z           0.008277   0.000321
          p_x           0.001345   0.000009

   24 H   s            -0.017731   0.000815

   25 H   s            -0.007092   0.000253

   26 H   s             0.013093   0.000043

   27 C   s             0.166733   0.026504
          p_y           0.019594   0.000491
          p_z          -0.113159   0.022860
          p_x           0.068092   0.009688

   28 C   s            -0.380888   0.205982
          p_y          -0.017807   0.000757
          p_z           0.026534   0.002141
          p_x           0.012207   0.000307

   29 H   s            -0.016862   0.000696

   30 C   s            -0.124563   0.022145
          p_y           0.008365   0.000124
          p_z          -0.015391   0.000337
          p_x          -0.001685   0.000011

   31 C   s            -0.066298   0.008844
          p_y          -0.006672   0.000091
          p_z           0.040979   0.007119
          p_x          -0.029078   0.004067

   32 H   s             0.093887   0.023442

   33 C   s             0.015377   0.000418
          p_y          -0.011345   0.000262
          p_z           0.111277   0.028404
          p_x          -0.081873   0.015695

   34 H   s             0.077243   0.009675

   35 H   s            -0.024859   0.000006

   36 H   s            -0.237280   0.069923

Eigenvector:  10    (down)

    1 C   s             0.100657   0.013667
          p_y          -0.045075   0.005051
          p_z          -0.000448   0.000004
          p_x           0.095925   0.023716

    2 C   s             0.227884   0.094230
          p_y           0.002598  -0.000027
          p_z          -0.010216   0.000394
          p_x           0.001673   0.000072

    3 C   s            -0.338814   0.153592
          p_y          -0.043356   0.004950
          p_z           0.052401   0.007428
          p_x           0.042042   0.004648

    4 C   s             0.140448   0.049992
          p_y          -0.004219   0.000041
          p_z           0.026572   0.002207
          p_x          -0.032157   0.003725

    5 C   s             0.224460   0.079948
          p_y          -0.018024   0.001076
          p_z           0.015581   0.000829
          p_x           0.023805   0.001872

    6 H   s            -0.136762   0.036440

    7 C   s            -0.239211   0.107814
          p_y           0.016739   0.000707
          p_z          -0.043397   0.006863
          p_x           0.005135   0.000275

    8 C   s            -0.047363   0.004529
          p_y          -0.016328   0.001303
          p_z           0.052018   0.011962
          p_x          -0.016531   0.000966

    9 C   s             0.198273   0.077255
          p_y           0.025322   0.002077
          p_z          -0.042858   0.004709
          p_x           0.004565  -0.000087

   10 H   s            -0.064296   0.007585

   11 C   s             0.103682   0.022929
          p_y           0.001119   0.000006
          p_z           0.013793   0.000922
          p_x          -0.015071   0.001102

   12 C   s            -0.007893   0.000128
          p_y          -0.012852   0.000633
          p_z          -0.020087   0.001770
          p_x           0.046033   0.008625

   13 H   s             0.150777   0.042035

   14 H   s             0.016959   0.001023

   15 C   s             0.211995   0.060504
          p_y          -0.023500   0.001650
          p_z           0.011564   0.000210
          p_x           0.038070   0.004979

   16 C   s            -0.026552   0.000638
          p_y           0.009822   0.000027
          p_z          -0.040150   0.002692
          p_x           0.035864   0.002927

   17 C   s             0.060740   0.007754
          p_y          -0.003333   0.000054
          p_z           0.010198   0.000491
          p_x          -0.003048   0.000043

   18 H   s            -0.021315   0.001830

   19 C   s             0.013062   0.000375
          p_y          -0.001794   0.000020
          p_z          -0.005186   0.000128
          p_x           0.008608   0.000400

   20 C   s            -0.000217  -0.000001
          p_y           0.000644   0.000011
          p_z          -0.001297   0.000091
          p_x          -0.000398  -0.000013

   21 C   s             0.005090   0.000024
          p_y          -0.050361   0.004997
          p_z           0.099422   0.017700
          p_x          -0.003579  -0.000068

   22 H   s             0.013194  -0.000098

   23 C   s             0.039262   0.003172
          p_y          -0.004518   0.000090
          p_z           0.004609   0.000091
          p_x           0.004886   0.000110

   24 H   s            -0.020335   0.001019

   25 H   s             0.001940   0.000007

   26 H   s             0.011730   0.000093

   27 C   s            -0.082956   0.006319
          p_y          -0.003520   0.000009
          p_z           0.029473   0.001582
          p_x          -0.021578   0.001027

   28 C   s             0.179886   0.044079
          p_y           0.006200   0.000070
          p_z          -0.005382   0.000068
          p_x          -0.008277   0.000161

   29 H   s            -0.013942   0.000456

   30 C   s             0.049438   0.003388
          p_y          -0.007402   0.000112
          p_z           0.016875   0.000529
          p_x          -0.001283   0.000000

   31 C   s             0.042726   0.003539
          p_y           0.006332   0.000095
          p_z          -0.023626   0.002160
          p_x           0.012068   0.000706

   32 H   s            -0.046152   0.005372

   33 C   s             0.010098   0.000069
          p_y           0.002384   0.000010
          p_z          -0.055284   0.006676
          p_x           0.047583   0.004999

   34 H   s            -0.030018   0.001399

   35 H   s             0.015749  -0.000000

   36 H   s             0.116831   0.016242

Eigenvector:  11    (down)

    1 C   s             0.352678   0.161830
          p_y          -0.006773   0.000055
          p_z          -0.012367   0.000564
          p_x           0.028899   0.002097

    2 C   s             0.132990   0.031062
          p_y          -0.022073   0.001916
          p_z           0.076938   0.020393
          p_x          -0.030353   0.002579

    3 C   s             0.003221  -0.000009
          p_y          -0.063006   0.009962
          p_z           0.043175   0.004691
          p_x           0.088653   0.019767

    4 C   s             0.010671   0.000034
          p_y           0.000374  -0.000000
          p_z          -0.023885   0.002847
          p_x           0.021398   0.002424

    5 C   s            -0.230818   0.083375
          p_y          -0.037644   0.004696
          p_z           0.054481   0.009937
          p_x           0.024973   0.001975

    6 H   s            -0.073792   0.010481

    7 C   s            -0.202886   0.077090
          p_y          -0.006305   0.000268
          p_z           0.025176   0.002555
          p_x          -0.012702   0.000243

    8 C   s            -0.085019   0.014295
          p_y           0.005955   0.000099
          p_z          -0.015263   0.000831
          p_x           0.001277   0.000014

    9 C   s            -0.059815   0.006268
          p_y          -0.015481   0.000733
          p_z           0.006299  -0.000025
          p_x           0.017730   0.001511

   10 H   s            -0.044288   0.003511

   11 C   s            -0.147910   0.046140
          p_y          -0.011173   0.000675
          p_z          -0.001649   0.000004
          p_x           0.024032   0.002971

   12 C   s            -0.296577   0.158123
          p_y           0.000213   0.000000
          p_z           0.007921   0.000270
          p_x          -0.006295   0.000160

   13 H   s             0.140702   0.035582

   14 H   s             0.022361   0.001808

   15 C   s            -0.187471   0.045263
          p_y          -0.003613   0.000026
          p_z           0.009804   0.000341
          p_x          -0.000911   0.000015

   16 C   s             0.017791   0.000441
          p_y          -0.004915   0.000033
          p_z           0.023787   0.000936
          p_x          -0.019612   0.000642

   17 C   s            -0.150091   0.046590
          p_y          -0.001017   0.000005
          p_z          -0.015508   0.001077
          p_x           0.017096   0.001342

   18 H   s             0.023207   0.002246

   19 C   s            -0.186525   0.072343
          p_y           0.016591   0.001364
          p_z          -0.016079   0.001203
          p_x          -0.017805   0.001651

   20 C   s            -0.004114   0.000112
          p_y           0.000254   0.000000
          p_z          -0.000069  -0.000003
          p_x          -0.000221   0.000011

   21 C   s             0.009445   0.000128
          p_y           0.020958   0.000809
          p_z          -0.045312   0.003461
          p_x           0.009968   0.000072

   22 H   s            -0.000626  -0.000000

   23 C   s            -0.169559   0.057645
          p_y           0.010464   0.000443
          p_z          -0.023153   0.002207
          p_x           0.000185   0.000000

   24 H   s             0.051646   0.006441

   25 H   s             0.031904   0.004378

   26 H   s            -0.030565   0.000575

   27 C   s             0.018781   0.000337
          p_y          -0.001050   0.000003
          p_z          -0.001935   0.000012
          p_x           0.006105   0.000101

   28 C   s            -0.073472   0.007205
          p_y          -0.001731   0.000003
          p_z           0.000218  -0.000000
          p_x           0.004088   0.000045

   29 H   s             0.064649   0.009524

   30 C   s            -0.010953   0.000159
          p_y           0.005128   0.000060
          p_z          -0.006654   0.000082
          p_x          -0.003603   0.000039

   31 C   s            -0.022164   0.000943
          p_y          -0.004045   0.000040
          p_z           0.011026   0.000443
          p_x          -0.003598   0.000069

   32 H   s             0.020013   0.000961

   33 C   s            -0.009241   0.000079
          p_y           0.002467   0.000013
          p_z           0.019348   0.000803
          p_x          -0.023373   0.001168

   34 H   s            -0.000304   0.000000

   35 H   s            -0.008358  -0.000001

   36 H   s            -0.044502   0.002312

Eigenvector:  12    (down)

    1 C   s             0.013811   0.000245
          p_y           0.000996   0.000003
          p_z          -0.002027   0.000012
          p_x          -0.000146  -0.000000

    2 C   s             0.002393   0.000010
          p_y          -0.001047   0.000004
          p_z           0.003905   0.000052
          p_x          -0.001650   0.000009

    3 C   s             0.008915   0.000099
          p_y          -0.001142   0.000003
          p_z          -0.000990   0.000003
          p_x           0.003133   0.000025

    4 C   s            -0.007591   0.000164
          p_y          -0.003177   0.000026
          p_z          -0.001362   0.000015
          p_x           0.005181   0.000128

    5 C   s            -0.015179   0.000356
          p_y          -0.001372   0.000006
          p_z           0.002602   0.000023
          p_x           0.000288   0.000000

    6 H   s            -0.001059   0.000002

    7 C   s            -0.000859   0.000001
          p_y          -0.000810   0.000003
          p_z           0.002353   0.000020
          p_x          -0.000596   0.000001

    8 C   s            -0.003763   0.000030
          p_y           0.000759   0.000003
          p_z          -0.001944   0.000016
          p_x           0.000167  -0.000000

    9 C   s            -0.027490   0.001286
          p_y          -0.005758   0.000048
          p_z          -0.004394   0.000079
          p_x           0.010095   0.000279

   10 H   s            -0.006191   0.000046

   11 C   s            -0.009936   0.000206
          p_y          -0.000629   0.000002
          p_z          -0.000259   0.000000
          p_x           0.001504   0.000011

   12 C   s            -0.012168   0.000263
          p_y           0.000242   0.000000
          p_z           0.001286   0.000007
          p_x          -0.001671   0.000011

   13 H   s             0.001088   0.000002

   14 H   s             0.001027   0.000003

   15 C   s            -0.010659   0.000167
          p_y           0.002673   0.000019
          p_z           0.007261   0.000136
          p_x          -0.014024   0.000511

   16 C   s            -0.213561   0.076927
          p_y           0.033861   0.002681
          p_z          -0.158626   0.031805
          p_x           0.112216   0.006967

   17 C   s            -0.009509   0.000185
          p_y           0.000012   0.000000
          p_z          -0.001009   0.000004
          p_x           0.000954   0.000004

   18 H   s             0.001718   0.000012

   19 C   s            -0.009182   0.000174
          p_y           0.000784   0.000003
          p_z          -0.000401   0.000001
          p_x          -0.001182   0.000007

   20 C   s             0.024441   0.002375
          p_y          -0.004923   0.000309
          p_z           0.007761   0.000644
          p_x           0.004068   0.000217

   21 C   s            -0.109238   0.018741
          p_y          -0.020111   0.000206
          p_z           0.215487   0.071474
          p_x          -0.256416   0.111835

   22 H   s            -0.049161  -0.001498

   23 C   s            -0.009846   0.000192
          p_y           0.000657   0.000002
          p_z          -0.001226   0.000006
          p_x          -0.000201   0.000000

   24 H   s             0.003368   0.000027

   25 H   s             0.001452   0.000009

   26 H   s             0.022909   0.000231

   27 C   s             0.336736   0.094618
          p_y          -0.036295   0.001967
          p_z          -0.010633  -0.000004
          p_x           0.044451   0.001887

   28 C   s             0.147780   0.027891
          p_y           0.008189   0.000101
          p_z           0.015460   0.001170
          p_x          -0.039293   0.005029

   29 H   s             0.003844   0.000033

   30 C   s            -0.278161   0.105855
          p_y          -0.049091   0.007308
          p_z          -0.068316   0.008979
          p_x           0.154650   0.062678

   31 C   s             0.127851   0.032754
          p_y           0.036224   0.003420
          p_z          -0.039021   0.004329
          p_x          -0.026755   0.002054

   32 H   s            -0.035299   0.002391

   33 C   s             0.067131   0.005606
          p_y          -0.113187   0.025480
          p_z           0.125133   0.031179
          p_x           0.111738   0.025019

   34 H   s             0.372442   0.209352

   35 H   s             0.057700  -0.000131

   36 H   s            -0.107563   0.013161

Eigenvector:  13    (down)

    1 C   s             0.038335   0.001725
          p_y           0.005913   0.000075
          p_z           0.005920   0.000102
          p_x          -0.018185   0.000771

    2 C   s            -0.018648   0.000594
          p_y          -0.003432   0.000033
          p_z           0.009348   0.000254
          p_x          -0.001852   0.000010

    3 C   s             0.038480   0.001703
          p_y          -0.022803   0.001199
          p_z           0.047451   0.005236
          p_x           0.000939   0.000001

    4 C   s            -0.037592   0.003116
          p_y           0.010710   0.000400
          p_z          -0.022783   0.001723
          p_x           0.003203   0.000015

    5 C   s            -0.025991   0.000926
          p_y          -0.001174   0.000002
          p_z          -0.016496   0.000816
          p_x           0.017622   0.000868

    6 H   s             0.012091   0.000247

    7 C   s            -0.093806   0.014913
          p_y          -0.004634   0.000102
          p_z           0.012116   0.000502
          p_x          -0.002704  -0.000005

    8 C   s             0.068038   0.008173
          p_y          -0.006104   0.000126
          p_z           0.005572   0.000115
          p_x           0.008037   0.000217

    9 C   s            -0.074558   0.009216
          p_y           0.006080   0.000129
          p_z          -0.003427   0.000118
          p_x          -0.019093   0.000601

   10 H   s             0.015813   0.000438

   11 C   s             0.052135   0.005148
          p_y           0.007633   0.000241
          p_z          -0.014916   0.000901
          p_x          -0.001206   0.000008

   12 C   s            -0.063537   0.006434
          p_y           0.003791   0.000049
          p_z          -0.019629   0.001371
          p_x           0.011665   0.000497

   13 H   s             0.079240   0.009924

   14 H   s            -0.011898   0.000505

   15 C   s             0.051745   0.003126
          p_y           0.020559   0.001006
          p_z          -0.024131   0.001396
          p_x          -0.021717   0.001140

   16 C   s            -0.087872   0.010378
          p_y          -0.023882   0.001773
          p_z           0.005390   0.000429
          p_x           0.056054   0.004835

   17 C   s             0.108835   0.021654
          p_y           0.004141   0.000067
          p_z           0.000973  -0.000003
          p_x          -0.009609   0.000303

   18 H   s            -0.011049   0.000412

   19 C   s             0.032172   0.001944
          p_y           0.002456   0.000020
          p_z          -0.019583   0.001508
          p_x           0.013388   0.000743

   20 C   s             0.020895   0.001758
          p_y          -0.007108   0.000417
          p_z           0.009347   0.000907
          p_x           0.006463   0.000238

   21 C   s             0.028435   0.000356
          p_y          -0.082957   0.012550
          p_z           0.136131   0.031098
          p_x           0.014069   0.000732

   22 H   s            -0.002816  -0.000003

   23 C   s             0.110934   0.021935
          p_y          -0.005730   0.000092
          p_z           0.002448  -0.000000
          p_x           0.009630   0.000335

   24 H   s            -0.051170   0.005463

   25 H   s            -0.004024   0.000067

   26 H   s             0.085631   0.004133

   27 C   s             0.147071   0.015569
          p_y           0.072551   0.008269
          p_z          -0.058588   0.004940
          p_x          -0.106162   0.018448

   28 C   s             0.206263   0.051097
          p_y          -0.007948   0.000265
          p_z          -0.048029   0.005370
          p_x           0.052211   0.007519

   29 H   s            -0.057985   0.006662

   30 C   s            -0.043480   0.001644
          p_y           0.117376   0.029397
          p_z          -0.156772   0.046815
          p_x          -0.087527   0.019328

   31 C   s            -0.148188   0.035348
          p_y          -0.058284   0.008872
          p_z           0.050840   0.008193
          p_x           0.066858   0.010371

   32 H   s            -0.095395   0.019254

   33 C   s            -0.251740   0.059136
          p_y           0.021302   0.000893
          p_z           0.217422   0.086937
          p_x          -0.248925   0.115135

   34 H   s            -0.167127   0.038266

   35 H   s            -0.025398  -0.000007

   36 H   s            -0.433002   0.191927

Eigenvector:  14    (down)

    1 C   s            -0.190374   0.041386
          p_y          -0.007648   0.000148
          p_z          -0.042929   0.004150
          p_x           0.056118   0.007235

    2 C   s             0.117760   0.023051
          p_y           0.016226   0.000639
          p_z          -0.060885   0.010793
          p_x           0.024133   0.001990

    3 C   s            -0.093876   0.009872
          p_y           0.056474   0.007059
          p_z          -0.059832   0.008194
          p_x          -0.058462   0.007281

    4 C   s            -0.035356   0.002167
          p_y           0.002196  -0.000001
          p_z           0.014017   0.001133
          p_x          -0.012788   0.000795

    5 C   s             0.190795   0.050449
          p_y          -0.013067   0.000530
          p_z           0.050516   0.007550
          p_x          -0.019250   0.001005

    6 H   s            -0.090512   0.013657

    7 C   s             0.143111   0.034848
          p_y           0.009005   0.000355
          p_z          -0.021461   0.001503
          p_x           0.002812  -0.000025

    8 C   s             0.022761   0.000865
          p_y          -0.004206   0.000029
          p_z           0.023992   0.001820
          p_x          -0.014099   0.000810

    9 C   s             0.019681   0.000474
          p_y           0.012312   0.000371
          p_z           0.003752   0.000095
          p_x          -0.024267   0.001921

   10 H   s             0.031351   0.001682

   11 C   s            -0.074509   0.010716
          p_y          -0.023235   0.002271
          p_z           0.054972   0.012126
          p_x          -0.005213   0.000060

   12 C   s             0.109696   0.018771
          p_y          -0.024995   0.002061
          p_z           0.051569   0.009328
          p_x           0.000474  -0.000004

   13 H   s            -0.125884   0.024970

   14 H   s            -0.011706   0.000399

   15 C   s             0.139625   0.022270
          p_y          -0.000363   0.000000
          p_z           0.009298   0.000159
          p_x          -0.009235   0.000153

   16 C   s            -0.024631   0.000744
          p_y          -0.001325   0.000013
          p_z          -0.015573   0.000204
          p_x           0.022901   0.000827

   17 C   s            -0.292131   0.155411
          p_y          -0.019672   0.001501
          p_z           0.007215   0.000340
          p_x           0.033815   0.003865

   18 H   s             0.012402   0.000531

   19 C   s            -0.153260   0.043488
          p_y          -0.004596   0.000073
          p_z           0.050619   0.010035
          p_x          -0.037857   0.005780

   20 C   s             0.013298   0.000830
          p_y          -0.002953   0.000082
          p_z           0.002769   0.000019
          p_x           0.003529   0.000205

   21 C   s            -0.002584   0.000019
          p_y          -0.034229   0.002050
          p_z           0.054647   0.004579
          p_x           0.003322   0.000071

   22 H   s             0.001152  -0.000001

   23 C   s            -0.353152   0.221211
          p_y           0.013389   0.000432
          p_z          -0.010391   0.000079
          p_x          -0.018425   0.001202

   24 H   s             0.139300   0.040280

   25 H   s             0.027780   0.002870

   26 H   s             0.051412   0.001436

   27 C   s             0.036397   0.000915
          p_y           0.033117   0.001690
          p_z          -0.042035   0.002528
          p_x          -0.034039   0.001947

   28 C   s             0.098275   0.011537
          p_y          -0.004986   0.000090
          p_z          -0.011958   0.000316
          p_x           0.017519   0.000853

   29 H   s             0.187001   0.068928

   30 C   s            -0.007127   0.000020
          p_y           0.039873   0.003441
          p_z          -0.043471   0.003635
          p_x          -0.039012   0.003683

   31 C   s            -0.039535   0.002483
          p_y          -0.017882   0.000855
          p_z           0.011754   0.000447
          p_x           0.024758   0.001518

   32 H   s            -0.043381   0.003937

   33 C   s            -0.077543   0.005624
          p_y           0.008218   0.000130
          p_z           0.062156   0.007074
          p_x          -0.075321   0.010495

   34 H   s            -0.071825   0.007021

   35 H   s            -0.004874  -0.000000

   36 H   s            -0.123494   0.015544

Eigenvector:  15    (down)

    1 C   s            -0.107668   0.012625
          p_y           0.027992   0.001543
          p_z          -0.051603   0.005158
          p_x          -0.010761   0.000227

    2 C   s             0.077858   0.009769
          p_y           0.009050   0.000166
          p_z          -0.045308   0.005875
          p_x           0.023923   0.001953

    3 C   s             0.092240   0.010054
          p_y          -0.008037   0.000188
          p_z           0.094634   0.020399
          p_x          -0.076186   0.012445

    4 C   s            -0.250748   0.128174
          p_y           0.041378   0.004871
          p_z          -0.077464   0.012104
          p_x           0.027867  -0.000115

    5 C   s             0.137193   0.026014
          p_y          -0.026513   0.001903
          p_z           0.002422   0.000014
          p_x           0.052629   0.007596

    6 H   s            -0.068531   0.007645

    7 C   s            -0.164368   0.044718
          p_y          -0.014364   0.000828
          p_z           0.038781   0.004955
          p_x          -0.008837   0.000093

    8 C   s             0.282666   0.137070
          p_y          -0.018455   0.000844
          p_z           0.031753   0.003060
          p_x           0.010902   0.000208

    9 C   s            -0.266722   0.124350
          p_y           0.003318   0.000090
          p_z           0.070713   0.008357
          p_x          -0.111513   0.027602

   10 H   s             0.131568   0.028480

   11 C   s             0.117433   0.025006
          p_y          -0.000150   0.000001
          p_z           0.011319   0.000500
          p_x          -0.010167   0.000327

   12 C   s            -0.140973   0.031565
          p_y          -0.020761   0.001369
          p_z          -0.003255   0.000042
          p_x           0.046459   0.007033

   13 H   s             0.146135   0.032788

   14 H   s            -0.072441   0.016172

   15 C   s             0.249712   0.068523
          p_y           0.082153   0.015539
          p_z          -0.084462   0.016376
          p_x          -0.096697   0.022025

   16 C   s             0.000580  -0.000012
          p_y          -0.028626   0.001210
          p_z           0.054589   0.005669
          p_x          -0.013801   0.000541

   17 C   s             0.055430   0.005476
          p_y          -0.011288   0.000478
          p_z           0.014022   0.000686
          p_x           0.009424   0.000364

   18 H   s            -0.031303   0.003143

   19 C   s            -0.105863   0.020060
          p_y           0.006038   0.000120
          p_z          -0.014751   0.000815
          p_x           0.002088   0.000028

   20 C   s             0.009862   0.000500
          p_y          -0.001555  -0.000002
          p_z          -0.001278   0.000097
          p_x           0.004152   0.000306

   21 C   s            -0.009162   0.000088
          p_y           0.012163   0.000234
          p_z          -0.057247   0.004170
          p_x           0.037693   0.001350

   22 H   s            -0.019770  -0.000210

   23 C   s            -0.038379   0.002544
          p_y          -0.006075   0.000144
          p_z          -0.007848   0.000187
          p_x           0.019519   0.001361

   24 H   s            -0.027094   0.001492

   25 H   s             0.027908   0.002621

   26 H   s             0.051556   0.001433

   27 C   s            -0.004837   0.000008
          p_y           0.001520   0.000001
          p_z          -0.008719   0.000110
          p_x           0.004171   0.000040

   28 C   s            -0.085596   0.008453
          p_y           0.000297   0.000002
          p_z           0.008837   0.000145
          p_x          -0.006630   0.000137

   29 H   s             0.021238   0.000869

   30 C   s             0.010023   0.000050
          p_y          -0.034342   0.002446
          p_z           0.035147   0.002288
          p_x           0.034279   0.002698

   31 C   s             0.034636   0.001847
          p_y           0.016188   0.000678
          p_z          -0.009440   0.000270
          p_x          -0.023714   0.001390

   32 H   s             0.031402   0.002062

   33 C   s             0.071805   0.004729
          p_y          -0.007799   0.000117
          p_z          -0.053555   0.005096
          p_x           0.065778   0.007840

   34 H   s             0.067136   0.005860

   35 H   s             0.004325   0.000000

   36 H   s             0.106952   0.011441

Eigenvector:  16    (down)

    1 C   s             0.082534   0.008036
          p_y          -0.027626   0.001494
          p_z          -0.058351   0.006867
          p_x           0.114570   0.026495

    2 C   s             0.134120   0.026709
          p_y          -0.030971   0.002892
          p_z           0.078248   0.016247
          p_x          -0.012499   0.000164

    3 C   s            -0.171081   0.032091
          p_y           0.000219   0.000000
          p_z          -0.008973   0.000184
          p_x           0.009198   0.000202

    4 C   s            -0.125476   0.029622
          p_y           0.032368   0.002324
          p_z          -0.058831   0.005741
          p_x           0.016976  -0.000072

    5 C   s            -0.207887   0.055521
          p_y           0.001894   0.000003
          p_z           0.072910   0.013481
          p_x          -0.071318   0.012550

    6 H   s            -0.124649   0.023209

    7 C   s             0.034490   0.002069
          p_y           0.027461   0.002298
          p_z          -0.061267   0.010688
          p_x           0.002258  -0.000008

    8 C   s             0.038140   0.002150
          p_y          -0.017582   0.000809
          p_z           0.063478   0.011860
          p_x          -0.024418   0.002032

    9 C   s            -0.114272   0.022106
          p_y           0.013060   0.000554
          p_z           0.047209   0.003423
          p_x          -0.094650   0.018464

   10 H   s             0.034878   0.002078

   11 C   s            -0.291043   0.142323
          p_y          -0.007689   0.000152
          p_z          -0.005594   0.000097
          p_x           0.020674   0.001147

   12 C   s             0.121965   0.022005
          p_y           0.043857   0.005525
          p_z          -0.036482   0.003814
          p_x          -0.054180   0.008510

   13 H   s            -0.073302   0.007502

   14 H   s            -0.013544   0.000488

   15 C   s             0.229444   0.054548
          p_y           0.022884   0.001125
          p_z           0.006658   0.000067
          p_x          -0.056918   0.006963

   16 C   s             0.019813   0.000352
          p_y          -0.016052   0.000336
          p_z           0.051642   0.003233
          p_x          -0.006988  -0.000097

   17 C   s            -0.140915   0.033039
          p_y           0.041919   0.005898
          p_z          -0.045712   0.006508
          p_x          -0.041204   0.006101

   18 H   s             0.078323   0.017949

   19 C   s             0.254514   0.107640
          p_y          -0.001498  -0.000005
          p_z          -0.008791   0.000299
          p_x           0.010586   0.000240

   20 C   s             0.031689   0.004140
          p_y          -0.006987   0.000310
          p_z           0.006404   0.000079
          p_x           0.009914   0.001097

   21 C   s            -0.043468   0.001675
          p_y          -0.003333   0.000038
          p_z          -0.043799   0.002274
          p_x           0.103131   0.015518

   22 H   s            -0.000936   0.000000

   23 C   s             0.186916   0.056580
          p_y           0.023829   0.002122
          p_z           0.012636   0.000208
          p_x          -0.059346   0.011379

   24 H   s             0.081273   0.012277

   25 H   s            -0.069815   0.014983

   26 H   s             0.084594   0.003399

   27 C   s             0.038310   0.001149
          p_y           0.105742   0.014694
          p_z          -0.098171   0.013006
          p_x          -0.075532   0.007441

   28 C   s             0.027685   0.000956
          p_y          -0.013091   0.000347
          p_z           0.026134   0.001231
          p_x           0.013835   0.000455

   29 H   s            -0.129945   0.029792

   30 C   s            -0.005741   0.000048
          p_y           0.018449   0.000653
          p_z          -0.026125   0.001280
          p_x           0.001488   0.000000

   31 C   s             0.065355   0.006512
          p_y           0.021974   0.000942
          p_z          -0.017699   0.000600
          p_x          -0.019616   0.000790

   32 H   s            -0.024506   0.001142

   33 C   s             0.037069   0.001226
          p_y          -0.039175   0.002451
          p_z           0.021528   0.000695
          p_x           0.071570   0.008262

   34 H   s            -0.005667   0.000045

   35 H   s             0.022370  -0.000030

   36 H   s             0.048992   0.002193

Eigenvector:  17    (down)

    1 C   s            -0.000293   0.000001
          p_y           0.007170   0.000109
          p_z           0.017210   0.000571
          p_x          -0.028313   0.001624

    2 C   s            -0.039982   0.002380
          p_y           0.008099   0.000207
          p_z          -0.013366   0.000476
          p_x          -0.003100   0.000047

    3 C   s             0.028187   0.000856
          p_y          -0.003734   0.000028
          p_z          -0.002202   0.000009
          p_x           0.012702   0.000314

    4 C   s             0.040535   0.002937
          p_y           0.004428   0.000087
          p_z           0.019391   0.000533
          p_x          -0.007353  -0.000000

    5 C   s             0.040858   0.002117
          p_y           0.003777   0.000038
          p_z          -0.018503   0.000853
          p_x           0.009446   0.000213

    6 H   s             0.044373   0.002888

    7 C   s            -0.003585   0.000026
          p_y          -0.005316   0.000088
          p_z           0.008316   0.000194
          p_x           0.003358   0.000042

    8 C   s            -0.032722   0.001681
          p_y           0.004511   0.000048
          p_z          -0.012082   0.000393
          p_x           0.006723   0.000167

    9 C   s             0.030157   0.001403
          p_y           0.023943   0.001483
          p_z          -0.010968   0.000237
          p_x           0.026294   0.001664

   10 H   s            -0.008213   0.000117

   11 C   s             0.057773   0.005536
          p_y           0.001957   0.000011
          p_z           0.000635   0.000001
          p_x          -0.004548   0.000057

   12 C   s            -0.010552   0.000164
          p_y          -0.008890   0.000224
          p_z           0.007792   0.000171
          p_x           0.010584   0.000320

   13 H   s             0.016207   0.000363

   14 H   s             0.014009   0.000483

   15 C   s            -0.041359   0.001710
          p_y           0.004152   0.000022
          p_z           0.021902   0.000899
          p_x           0.025254   0.001267

   16 C   s             0.088179   0.009471
          p_y           0.155368   0.047679
          p_z           0.211448   0.065015
          p_x           0.063945   0.015143

   17 C   s             0.025781   0.001096
          p_y          -0.009130   0.000275
          p_z           0.010010   0.000311
          p_x           0.008938   0.000278

   18 H   s            -0.015059   0.000658

   19 C   s            -0.047790   0.003753
          p_y          -0.000807   0.000004
          p_z           0.004619   0.000076
          p_x          -0.002567   0.000015

   20 C   s             0.017426   0.001133
          p_y          -0.000926  -0.000034
          p_z           0.014828   0.002348
          p_x           0.007271   0.000226

   21 C   s            -0.073168   0.004046
          p_y           0.280672   0.117389
          p_z           0.058805   0.007723
          p_x           0.352956   0.186705

   22 H   s             0.021049  -0.000278

   23 C   s            -0.042765   0.002931
          p_y          -0.005146   0.000099
          p_z          -0.001369  -0.000002
          p_x           0.011531   0.000425

   24 H   s            -0.014956   0.000410

   25 H   s             0.013638   0.000560

   26 H   s             0.053904   0.001362

   27 C   s             0.072500   0.004135
          p_y           0.466153   0.278040
          p_z           0.092003   0.010435
          p_x          -0.085919   0.009446

   28 C   s             0.011929   0.000264
          p_y           0.045362   0.004585
          p_z           0.065539   0.007515
          p_x           0.049538   0.005425

   29 H   s             0.031181   0.001691

   30 C   s            -0.018586   0.000503
          p_y           0.128902   0.028962
          p_z          -0.100398   0.017609
          p_x           0.100339   0.017972

   31 C   s             0.119745   0.021919
          p_y           0.056393   0.006782
          p_z          -0.017201   0.000284
          p_x          -0.040730   0.003562

   32 H   s            -0.013707   0.000429

   33 C   s             0.027713   0.000762
          p_y          -0.055353   0.004985
          p_z           0.131519   0.026465
          p_x           0.164111   0.042451

   34 H   s             0.038502   0.001745

   35 H   s             0.041351  -0.000118

   36 H   s             0.017914   0.000281

Eigenvector:  18    (down)

    1 C   s             0.016438   0.000272
          p_y           0.010551   0.000225
          p_z           0.008237   0.000129
          p_x          -0.032499   0.002113

    2 C   s            -0.045027   0.002995
          p_y           0.008442   0.000232
          p_z          -0.007977   0.000174
          p_x          -0.009916   0.000345

    3 C   s             0.031614   0.001056
          p_y          -0.005524   0.000058
          p_z          -0.020641   0.000858
          p_x           0.028692   0.001612

    4 C   s             0.017138   0.000564
          p_y          -0.005885   0.000114
          p_z          -0.004443   0.000041
          p_x          -0.008422   0.000199

    5 C   s             0.027709   0.000970
          p_y           0.003301   0.000030
          p_z          -0.020982   0.001071
          p_x           0.012270   0.000344

    6 H   s             0.057563   0.004768

    7 C   s             0.010096   0.000134
          p_y          -0.007176   0.000149
          p_z           0.011820   0.000375
          p_x           0.003284   0.000039

    8 C   s            -0.070389   0.007858
          p_y           0.002697   0.000006
          p_z          -0.015365   0.000651
          p_x           0.004078   0.000069

    9 C   s             0.029264   0.001341
          p_y          -0.010284   0.000406
          p_z          -0.010736   0.000197
          p_x          -0.013675   0.000465

   10 H   s             0.006475   0.000039

   11 C   s             0.070410   0.008132
          p_y           0.003821   0.000043
          p_z          -0.004994   0.000086
          p_x          -0.002996   0.000019

   12 C   s            -0.023965   0.000811
          p_y          -0.009942   0.000279
          p_z           0.013282   0.000500
          p_x           0.007249   0.000148

   13 H   s             0.006104   0.000050

   14 H   s             0.027329   0.001851

   15 C   s            -0.031946   0.001021
          p_y          -0.044855   0.003894
          p_z           0.041318   0.003519
          p_x           0.008645   0.000154

   16 C   s             0.071661   0.007160
          p_y          -0.200202   0.076180
          p_z           0.001142  -0.000123
          p_x          -0.124944   0.014312

   17 C   s             0.048945   0.003894
          p_y          -0.010690   0.000370
          p_z           0.010647   0.000320
          p_x           0.011431   0.000469

   18 H   s            -0.018976   0.001023

   19 C   s            -0.065030   0.006854
          p_y           0.000026  -0.000000
          p_z           0.003326   0.000041
          p_x          -0.003039   0.000020

   20 C   s             0.039980   0.006030
          p_y          -0.018176   0.002950
          p_z           0.018766   0.002871
          p_x           0.005926   0.000109

   21 C   s            -0.059518   0.002616
          p_y          -0.277245   0.123105
          p_z          -0.277091   0.106696
          p_x           0.103918   0.014673

   22 H   s             0.032711  -0.000707

   23 C   s            -0.043633   0.003018
          p_y          -0.007527   0.000199
          p_z          -0.003505   0.000018
          p_x           0.018342   0.001048

   24 H   s            -0.030969   0.001728

   25 H   s             0.018267   0.000991

   26 H   s             0.084579   0.003226

   27 C   s             0.074240   0.004421
          p_y          -0.059200   0.004045
          p_z          -0.296888   0.115148
          p_x          -0.349085   0.153552

   28 C   s             0.061384   0.004546
          p_y          -0.090780   0.016777
          p_z           0.041978   0.002804
          p_x          -0.003999  -0.000014

   29 H   s             0.032561   0.001816

   30 C   s            -0.032400   0.001091
          p_y          -0.000122  -0.000001
          p_z          -0.169480   0.050322
          p_x          -0.049930   0.004818

   31 C   s             0.183911   0.050971
          p_y           0.049412   0.003955
          p_z          -0.052507   0.004908
          p_x          -0.068940   0.010126

   32 H   s            -0.054304   0.005734

   33 C   s             0.061673   0.003519
          p_y          -0.193930   0.057334
          p_z           0.100539   0.015119
          p_x           0.174669   0.047765

   34 H   s            -0.073780   0.006320

   35 H   s             0.066937  -0.000331

   36 H   s             0.081077   0.005759

Eigenvector:  19    (down)

    1 C   s            -0.102319   0.011042
          p_y          -0.044186   0.004028
          p_z          -0.038490   0.002967
          p_x           0.129392   0.034028

    2 C   s             0.170042   0.043674
          p_y          -0.049056   0.007655
          p_z           0.031946   0.002795
          p_x           0.069581   0.015980

    3 C   s            -0.040426   0.001645
          p_y           0.097373   0.018909
          p_z          -0.094431   0.017791
          p_x          -0.110028   0.024129

    4 C   s            -0.003792  -0.000001
          p_y          -0.010818   0.000466
          p_z           0.026248   0.002476
          p_x           0.002678   0.000034

    5 C   s            -0.164625   0.033479
          p_y          -0.068638   0.011469
          p_z           0.042315   0.004407
          p_x           0.100041   0.024144

    6 H   s            -0.281411   0.113013

    7 C   s             0.191069   0.056453
          p_y           0.025906   0.002652
          p_z           0.043934   0.004862
          p_x          -0.095469   0.029932

    8 C   s            -0.009580   0.000126
          p_y           0.014311   0.000750
          p_z          -0.012045   0.000536
          p_x          -0.017896   0.001155

    9 C   s             0.043280   0.002568
          p_y          -0.002916   0.000036
          p_z           0.013284   0.000695
          p_x           0.007290   0.000037

   10 H   s            -0.037535   0.001842

   11 C   s             0.077106   0.009990
          p_y           0.006832   0.000110
          p_z          -0.042810   0.005887
          p_x           0.027353   0.002720

   12 C   s            -0.271262   0.103675
          p_y           0.012109   0.000420
          p_z           0.043496   0.005464
          p_x          -0.066492   0.012613

   13 H   s            -0.335967   0.154045

   14 H   s            -0.019154   0.000804

   15 C   s             0.017088   0.000241
          p_y          -0.012961   0.000332
          p_z           0.034976   0.002462
          p_x          -0.001496   0.000006

   16 C   s             0.006389   0.000061
          p_y           0.032988   0.002128
          p_z          -0.028058   0.001483
          p_x           0.005069   0.000008

   17 C   s             0.210957   0.071510
          p_y           0.000344   0.000000
          p_z          -0.013656   0.000941
          p_x           0.011685   0.000719

   18 H   s            -0.038762   0.003875

   19 C   s            -0.161205   0.041547
          p_y           0.022716   0.001647
          p_z          -0.043019   0.005971
          p_x          -0.005650   0.000091

   20 C   s             0.006748   0.000189
          p_y          -0.001014   0.000009
          p_z           0.001657   0.000010
          p_x           0.002108   0.000075

   21 C   s            -0.020423   0.000388
          p_y           0.029572   0.001452
          p_z           0.014959   0.000122
          p_x          -0.019285   0.000381

   22 H   s             0.000176   0.000000

   23 C   s             0.070242   0.007724
          p_y          -0.012080   0.000349
          p_z          -0.035770   0.004390
          p_x           0.058289   0.010198

   24 H   s            -0.150348   0.040282

   25 H   s             0.030061   0.002911

   26 H   s             0.013290   0.000081

   27 C   s            -0.001217   0.000000
          p_y           0.031554   0.001267
          p_z          -0.044902   0.002629
          p_x           0.043375   0.002361

   28 C   s             0.039212   0.001607
          p_y          -0.002735   0.000020
          p_z           0.019920   0.000856
          p_x          -0.000815   0.000002

   29 H   s            -0.066371   0.007447

   30 C   s            -0.007842   0.000027
          p_y           0.022357   0.000952
          p_z           0.012764   0.000256
          p_x          -0.035006   0.002334

   31 C   s             0.026063   0.001024
          p_y           0.006603   0.000073
          p_z          -0.009677   0.000200
          p_x           0.002243   0.000024

   32 H   s            -0.019453   0.000633

   33 C   s             0.004545   0.000020
          p_y          -0.005116   0.000037
          p_z           0.008560   0.000101
          p_x           0.018102   0.000488

   34 H   s            -0.060671   0.004243

   35 H   s             0.009893  -0.000006

   36 H   s             0.019266   0.000319

Eigenvector:  20    (down)

    1 C   s            -0.044633   0.002176
          p_y          -0.035724   0.002468
          p_z           0.032998   0.002079
          p_x           0.040787   0.003155

    2 C   s             0.040310   0.002427
          p_y          -0.016499   0.000851
          p_z          -0.000758  -0.000001
          p_x           0.034651   0.003590

    3 C   s            -0.042339   0.001797
          p_y           0.018858   0.000676
          p_z           0.024786   0.001244
          p_x          -0.063651   0.007884

    4 C   s             0.089550   0.013722
          p_y          -0.016364   0.000461
          p_z           0.030027   0.000188
          p_x          -0.030840   0.000493

    5 C   s            -0.015257   0.000294
          p_y          -0.011368   0.000317
          p_z           0.009760   0.000217
          p_x           0.014432   0.000529

    6 H   s            -0.095798   0.012655

    7 C   s             0.020589   0.000704
          p_y           0.016891   0.000880
          p_z          -0.009459   0.000237
          p_x          -0.026211   0.002201

    8 C   s             0.071965   0.008427
          p_y          -0.000720   0.000001
          p_z           0.001098   0.000005
          p_x          -0.000000   0.000000

    9 C   s             0.030905   0.001854
          p_y           0.011012   0.000116
          p_z          -0.080729   0.014113
          p_x           0.053260   0.006160

   10 H   s            -0.063391   0.005632

   11 C   s            -0.013953   0.000301
          p_y          -0.002919   0.000029
          p_z           0.003453   0.000040
          p_x           0.002727   0.000025

   12 C   s            -0.013752   0.000275
          p_y           0.008629   0.000216
          p_z          -0.005909   0.000103
          p_x          -0.011992   0.000412

   13 H   s            -0.079258   0.008305

   14 H   s            -0.029836   0.002139

   15 C   s            -0.037910   0.001170
          p_y           0.025337   0.001268
          p_z          -0.088959   0.015818
          p_x           0.019131   0.000846

   16 C   s             0.030014   0.001697
          p_y          -0.141544   0.040608
          p_z           0.151817   0.033829
          p_x          -0.021071  -0.001785

   17 C   s            -0.011307   0.000204
          p_y           0.003116   0.000030
          p_z          -0.003593   0.000037
          p_x          -0.002875   0.000027

   18 H   s             0.000302   0.000001

   19 C   s             0.015951   0.000407
          p_y           0.001909   0.000014
          p_z          -0.002769   0.000026
          p_x          -0.001374   0.000008

   20 C   s            -0.027628   0.002879
          p_y           0.004719   0.000202
          p_z          -0.008045   0.000138
          p_x          -0.009111   0.001388

   21 C   s             0.079425   0.006830
          p_y          -0.153516   0.039382
          p_z          -0.070080   0.002285
          p_x           0.210364   0.058798

   22 H   s             0.039125  -0.001027

   23 C   s             0.014980   0.000345
          p_y           0.002789   0.000027
          p_z          -0.000824   0.000004
          p_x          -0.004807   0.000071

   24 H   s             0.006877   0.000082

   25 H   s            -0.007760   0.000157

   26 H   s            -0.037753   0.000653

   27 C   s            -0.004164   0.000019
          p_y          -0.069002   0.006018
          p_z           0.256367   0.083233
          p_x          -0.342318   0.143508

   28 C   s            -0.143610   0.020418
          p_y           0.010708   0.000302
          p_z          -0.101776   0.022485
          p_x           0.030882   0.002249

   29 H   s            -0.013496   0.000300

   30 C   s             0.068800   0.002632
          p_y          -0.121911   0.027865
          p_z          -0.095806   0.014398
          p_x           0.238128   0.104328

   31 C   s            -0.146832   0.031646
          p_y          -0.039388   0.002604
          p_z           0.051946   0.005605
          p_x          -0.000908   0.000027

   32 H   s             0.068798   0.006920

   33 C   s            -0.030175   0.000879
          p_y           0.038689   0.002037
          p_z          -0.050187   0.003367
          p_x          -0.106091   0.016157

   34 H   s             0.395834   0.175121

   35 H   s            -0.052090  -0.000196

   36 H   s            -0.121606   0.012269

Eigenvector:  21    (down)

    1 C   s             0.146654   0.022210
          p_y           0.024002   0.001188
          p_z          -0.043458   0.003518
          p_x          -0.005872   0.000099

    2 C   s            -0.053284   0.004297
          p_y           0.013328   0.000630
          p_z           0.049226   0.005354
          p_x          -0.075531   0.015182

    3 C   s            -0.084813   0.007368
          p_y          -0.027522   0.001340
          p_z          -0.083553   0.013097
          p_x           0.138653   0.035410

    4 C   s            -0.090254   0.013538
          p_y           0.043744   0.004038
          p_z          -0.062541   0.004973
          p_x           0.001375  -0.000090

    5 C   s            -0.053466   0.003363
          p_y           0.019839   0.000919
          p_z          -0.024527   0.001289
          p_x          -0.019336   0.000961

    6 H   s             0.161242   0.034148

    7 C   s             0.067970   0.006591
          p_y           0.005953   0.000091
          p_z          -0.030059   0.002315
          p_x           0.016856   0.000750

    8 C   s            -0.167664   0.042737
          p_y          -0.017374   0.000930
          p_z           0.055486   0.008141
          p_x          -0.019637   0.000804

    9 C   s            -0.036277   0.002448
          p_y           0.027188   0.001855
          p_z           0.050067   0.004187
          p_x          -0.119789   0.028470

   10 H   s             0.087943   0.010636

   11 C   s             0.068230   0.007145
          p_y           0.014192   0.000596
          p_z          -0.038623   0.004551
          p_x           0.007804   0.000206

   12 C   s             0.021538   0.000700
          p_y          -0.007178   0.000139
          p_z           0.035302   0.003285
          p_x          -0.020321   0.001074

   13 H   s            -0.062481   0.004891

   14 H   s             0.068524   0.010962

   15 C   s             0.187334   0.033471
          p_y          -0.046359   0.004004
          p_z           0.115799   0.024573
          p_x          -0.015274   0.000433

   16 C   s             0.010426   0.000124
          p_y           0.004165   0.000071
          p_z           0.007786  -0.000131
          p_x           0.009717   0.000285

   17 C   s             0.120933   0.022339
          p_y          -0.016240   0.000779
          p_z           0.006871   0.000042
          p_x           0.026125   0.002349

   18 H   s            -0.017395   0.000802

   19 C   s            -0.094964   0.013686
          p_y          -0.004317   0.000071
          p_z           0.020508   0.001313
          p_x          -0.010483   0.000280

   20 C   s             0.058738   0.011216
          p_y          -0.013061   0.000945
          p_z           0.014813   0.000596
          p_x           0.017303   0.002642

   21 C   s            -0.086701   0.006430
          p_y          -0.012318   0.000243
          p_z          -0.016925   0.000532
          p_x           0.091178   0.012708

   22 H   s             0.002285  -0.000004

   23 C   s            -0.072301   0.007840
          p_y          -0.019281   0.001154
          p_z          -0.004757   0.000014
          p_x           0.043194   0.005291

   24 H   s            -0.098642   0.016084

   25 H   s             0.027777   0.002103

   26 H   s             0.060560   0.001254

   27 C   s             0.074499   0.003778
          p_y           0.129064   0.019596
          p_z          -0.181610   0.040361
          p_x          -0.044935   0.002164

   28 C   s             0.120094   0.015456
          p_y          -0.056533   0.006628
          p_z           0.027048   0.001247
          p_x           0.088422   0.016454

   29 H   s             0.067009   0.007081

   30 C   s             0.053559   0.001578
          p_y          -0.122624   0.025280
          p_z           0.174594   0.048908
          p_x           0.079670   0.011626

   31 C   s            -0.135523   0.026383
          p_y          -0.055142   0.005540
          p_z           0.016380   0.000193
          p_x           0.083168   0.014559

   32 H   s            -0.138697   0.031902

   33 C   s             0.046498   0.001305
          p_y           0.176890   0.043735
          p_z          -0.214125   0.063934
          p_x          -0.168811   0.040034

   34 H   s             0.279943   0.082480

   35 H   s            -0.042111  -0.000196

   36 H   s             0.008298   0.000099

Eigenvector:  22    (down)

    1 C   s            -0.229723   0.051605
          p_y           0.042177   0.002835
          p_z          -0.020257   0.000753
          p_x          -0.068045   0.007363

    2 C   s             0.058967   0.005301
          p_y           0.012169   0.000198
          p_z          -0.107079   0.024935
          p_x           0.079299   0.015103

    3 C   s             0.227988   0.051352
          p_y           0.051122   0.004429
          p_z          -0.010296   0.000178
          p_x          -0.095842   0.015876

    4 C   s             0.038641   0.002885
          p_y          -0.034960   0.002752
          p_z           0.083613   0.015610
          p_x          -0.011621   0.000121

    5 C   s             0.101606   0.012103
          p_y          -0.041963   0.003832
          p_z           0.059572   0.007575
          p_x           0.032543   0.002404

    6 H   s            -0.147659   0.027676

    7 C   s            -0.058370   0.005340
          p_y          -0.056392   0.008101
          p_z           0.109173   0.028523
          p_x           0.012946   0.000606

    8 C   s             0.007046   0.000066
          p_y           0.032195   0.002696
          p_z          -0.102528   0.026718
          p_x           0.033495   0.002727

    9 C   s             0.103364   0.014881
          p_y          -0.016028   0.000812
          p_z          -0.003025  -0.000157
          p_x           0.077248   0.009225

   10 H   s             0.026017   0.000721

   11 C   s            -0.093694   0.013209
          p_y          -0.020713   0.001227
          p_z           0.056976   0.009511
          p_x          -0.011938   0.000451

   12 C   s            -0.110663   0.016253
          p_y          -0.016031   0.000691
          p_z          -0.008082   0.000128
          p_x           0.042443   0.004627

   13 H   s             0.187487   0.042449

   14 H   s            -0.001044   0.000008

   15 C   s            -0.179862   0.030921
          p_y          -0.039016   0.002767
          p_z           0.057770   0.006222
          p_x           0.035430   0.002301

   16 C   s             0.043078   0.002272
          p_y           0.029163   0.001651
          p_z          -0.027555   0.002808
          p_x          -0.034254   0.000394

   17 C   s            -0.144435   0.031077
          p_y           0.030773   0.002693
          p_z          -0.018513   0.000683
          p_x          -0.044572   0.006280

   18 H   s             0.026761   0.001764

   19 C   s             0.046205   0.003118
          p_y           0.016541   0.000832
          p_z          -0.060490   0.010648
          p_x           0.023468   0.001506

   20 C   s             0.032263   0.002885
          p_y          -0.012486   0.000895
          p_z           0.025369   0.003782
          p_x           0.005301   0.000154

   21 C   s            -0.110953   0.010140
          p_y           0.028166   0.001047
          p_z          -0.090760   0.012486
          p_x           0.045044   0.003372

   22 H   s             0.013984  -0.000106

   23 C   s             0.144786   0.030670
          p_y           0.032469   0.003285
          p_z          -0.019419   0.001493
          p_x          -0.046922   0.006085

   24 H   s             0.126583   0.025469

   25 H   s            -0.010677   0.000336

   26 H   s             0.015060   0.000047

   27 C   s             0.081612   0.004707
          p_y           0.115303   0.015123
          p_z          -0.200702   0.048049
          p_x          -0.024333   0.000482

   28 C   s             0.157963   0.025820
          p_y          -0.091178   0.016166
          p_z           0.096485   0.016247
          p_x           0.085738   0.015107

   29 H   s            -0.162497   0.040005

   30 C   s             0.019618   0.000122
          p_y          -0.064038   0.006553
          p_z           0.114162   0.020131
          p_x           0.019598   0.000721

   31 C   s            -0.043524   0.002613
          p_y          -0.029491   0.001770
          p_z          -0.009196   0.000249
          p_x           0.066624   0.009643

   32 H   s            -0.184964   0.054092

   33 C   s             0.039091   0.000980
          p_y           0.101822   0.014021
          p_z          -0.127335   0.021965
          p_x          -0.090017   0.010964

   34 H   s             0.142097   0.020418

   35 H   s            -0.006176  -0.000008

   36 H   s             0.019968   0.000385

Eigenvector:  23    (down)

    1 C   s            -0.116494   0.011450
          p_y           0.108085   0.020181
          p_z          -0.160175   0.044682
          p_x          -0.064713   0.007151

    2 C   s             0.068988   0.006128
          p_y           0.055531   0.007322
          p_z          -0.074848   0.012068
          p_x          -0.042473   0.005001

    3 C   s             0.072469   0.005412
          p_y           0.027414   0.001123
          p_z          -0.163173   0.045756
          p_x           0.104666   0.020028

    4 C   s            -0.093314   0.011462
          p_y           0.045515   0.004919
          p_z           0.033069   0.005145
          p_x          -0.087364   0.025630

    5 C   s             0.047184   0.002644
          p_y          -0.033886   0.002319
          p_z           0.106909   0.024105
          p_x          -0.029013   0.001943

    6 H   s             0.069196   0.005632

    7 C   s             0.053704   0.003290
          p_y          -0.058120   0.008482
          p_z           0.068238   0.010674
          p_x           0.056959   0.008933

    8 C   s            -0.186545   0.049889
          p_y          -0.012637   0.000556
          p_z           0.022137   0.001214
          p_x           0.004931   0.000165

    9 C   s             0.108007   0.013229
          p_y           0.068884   0.008989
          p_z           0.012012   0.000903
          p_x          -0.106686   0.028153

   10 H   s             0.314248   0.123549

   11 C   s            -0.118780   0.020845
          p_y          -0.003938   0.000036
          p_z           0.004331   0.000056
          p_x           0.004102   0.000030

   12 C   s            -0.090778   0.010233
          p_y          -0.045193   0.005188
          p_z           0.081505   0.016851
          p_x           0.014597   0.000553

   13 H   s             0.124561   0.018136

   14 H   s             0.095066   0.019083

   15 C   s             0.135523   0.017746
          p_y          -0.083005   0.012224
          p_z           0.090159   0.013692
          p_x           0.096573   0.017525

   16 C   s             0.027649   0.001118
          p_y          -0.003994   0.000058
          p_z          -0.031076   0.000951
          p_x           0.049447   0.003312

   17 C   s             0.006135   0.000052
          p_y           0.033566   0.003078
          p_z          -0.048607   0.006786
          p_x          -0.021967   0.001175

   18 H   s             0.044659   0.004501

   19 C   s            -0.127356   0.023438
          p_y           0.017411   0.000799
          p_z          -0.053436   0.007892
          p_x           0.015069   0.000695

   20 C   s            -0.026676   0.001855
          p_y           0.012038   0.000600
          p_z          -0.021877   0.002107
          p_x          -0.007151   0.000198

   21 C   s             0.070122   0.004420
          p_y          -0.053391   0.003665
          p_z           0.095608   0.011384
          p_x          -0.004774  -0.000016

   22 H   s             0.007751  -0.000047

   23 C   s             0.117565   0.019830
          p_y           0.017182   0.001022
          p_z          -0.060176   0.010980
          p_x           0.022182   0.001183

   24 H   s            -0.027562   0.001159

   25 H   s             0.045484   0.004910

   26 H   s            -0.034897   0.000506

   27 C   s            -0.087170   0.005203
          p_y          -0.074580   0.006160
          p_z           0.186835   0.040493
          p_x          -0.054786   0.003719

   28 C   s            -0.094299   0.009173
          p_y           0.074365   0.010178
          p_z          -0.093886   0.014863
          p_x          -0.059814   0.007018

   29 H   s            -0.172914   0.043627

   30 C   s             0.010326   0.000135
          p_y           0.020328   0.000580
          p_z          -0.092803   0.012821
          p_x           0.031391   0.001573

   31 C   s            -0.002383   0.000006
          p_y           0.008519   0.000182
          p_z           0.013679   0.000384
          p_x          -0.036450   0.002968

   32 H   s             0.138896   0.028998

   33 C   s            -0.038446   0.001036
          p_y          -0.054338   0.003900
          p_z           0.067057   0.005954
          p_x           0.030936   0.001271

   34 H   s            -0.025564   0.000595

   35 H   s            -0.006340  -0.000000

   36 H   s            -0.039012   0.001224

Eigenvector:  24    (down)

    1 C   s             0.080260   0.005366
          p_y           0.002235   0.000009
          p_z           0.064296   0.006822
          p_x          -0.059628   0.005839

    2 C   s            -0.045945   0.002820
          p_y           0.010801   0.000252
          p_z          -0.029324   0.001839
          p_x           0.006722   0.000103

    3 C   s            -0.011351   0.000139
          p_y          -0.039810   0.002355
          p_z           0.043658   0.003093
          p_x           0.044823   0.002742

    4 C   s             0.006164   0.000025
          p_y           0.037747   0.003162
          p_z          -0.037448   0.003202
          p_x          -0.001627   0.000014

    5 C   s             0.091470   0.008800
          p_y          -0.033360   0.002082
          p_z          -0.061406   0.007470
          p_x           0.124002   0.029628

    6 H   s             0.066753   0.005065

    7 C   s            -0.022406   0.000325
          p_y           0.046532   0.005306
          p_z           0.006379   0.000075
          p_x          -0.103827   0.025907

    8 C   s            -0.075254   0.007354
          p_y          -0.003691   0.000060
          p_z          -0.004171   0.000028
          p_x           0.013051   0.000549

    9 C   s            -0.035834   0.001527
          p_y           0.040636   0.003636
          p_z          -0.002816   0.000084
          p_x          -0.032900   0.001401

   10 H   s             0.010159   0.000143

   11 C   s             0.139489   0.026385
          p_y          -0.024013   0.001643
          p_z           0.073618   0.014097
          p_x          -0.021905   0.000980

   12 C   s            -0.163759   0.031878
          p_y           0.012089   0.000386
          p_z          -0.037913   0.003367
          p_x           0.011880   0.000253

   13 H   s            -0.239289   0.062647

   14 H   s             0.038656   0.003043

   15 C   s             0.024093   0.000554
          p_y          -0.024933   0.001005
          p_z           0.056381   0.005042
          p_x           0.006499   0.000088

   16 C   s            -0.037402   0.001338
          p_y           0.107774   0.017062
          p_z           0.090449   0.016209
          p_x           0.124368   0.019365

   17 C   s            -0.147807   0.030569
          p_y          -0.009911   0.000224
          p_z           0.058184   0.009774
          p_x          -0.035385   0.004014

   18 H   s            -0.060340   0.007750

   19 C   s             0.048350   0.003433
          p_y           0.022054   0.001284
          p_z          -0.053849   0.007330
          p_x           0.005484   0.000051

   20 C   s             0.046375   0.005392
          p_y          -0.023324   0.002614
          p_z           0.016588   0.000885
          p_x           0.009744   0.000451

   21 C   s             0.050414   0.001927
          p_y           0.089130   0.009763
          p_z           0.214278   0.056605
          p_x           0.091864   0.011352

   22 H   s            -0.004987  -0.000010

   23 C   s             0.062168   0.005325
          p_y           0.032861   0.002799
          p_z          -0.002332   0.000033
          p_x          -0.064378   0.010207

   24 H   s             0.215722   0.066147

   25 H   s            -0.034223   0.002484

   26 H   s             0.037523   0.000497

   27 C   s             0.051685   0.001544
          p_y          -0.133600   0.016977
          p_z          -0.264040   0.073388
          p_x          -0.091806   0.009370

   28 C   s            -0.062572   0.004012
          p_y           0.122509   0.025521
          p_z          -0.104276   0.017115
          p_x          -0.043028   0.003628

   29 H   s            -0.096077   0.012528

   30 C   s            -0.030688   0.000790
          p_y          -0.205836   0.058904
          p_z          -0.034479   0.001793
          p_x          -0.147304   0.031155

   31 C   s            -0.021571   0.000663
          p_y          -0.048746   0.004528
          p_z          -0.019342   0.000918
          p_x          -0.053234   0.005811

   32 H   s             0.150835   0.032040

   33 C   s             0.047481   0.001612
          p_y          -0.236976   0.068679
          p_z          -0.144604   0.025724
          p_x          -0.121033   0.018030

   34 H   s            -0.013922   0.000215

   35 H   s            -0.013622  -0.000014

   36 H   s             0.047047   0.001603

Eigenvector:  25    (down)

    1 C   s            -0.098795   0.008447
          p_y          -0.003306   0.000020
          p_z          -0.045127   0.003486
          p_x           0.062103   0.006466

    2 C   s             0.036270   0.001888
          p_y          -0.014135   0.000446
          p_z           0.026058   0.001479
          p_x           0.008217   0.000141

    3 C   s             0.038177   0.001353
          p_y           0.058221   0.005124
          p_z          -0.057881   0.005448
          p_x          -0.055610   0.004332

    4 C   s             0.026181   0.000986
          p_y          -0.024777   0.001347
          p_z           0.072948   0.009397
          p_x           0.024312   0.002348

    5 C   s            -0.088967   0.008282
          p_y           0.036221   0.002435
          p_z           0.057410   0.006545
          p_x          -0.124507   0.029701

    6 H   s            -0.089759   0.009074

    7 C   s             0.027594   0.000473
          p_y          -0.058846   0.008331
          p_z           0.010633   0.000253
          p_x           0.116220   0.032434

    8 C   s             0.069177   0.006081
          p_y           0.011339   0.000410
          p_z          -0.004035   0.000051
          p_x          -0.013351   0.000623

    9 C   s             0.014325   0.000283
          p_y           0.001229  -0.000004
          p_z           0.003156   0.000091
          p_x           0.096721   0.016607

   10 H   s            -0.091701   0.009877

   11 C   s            -0.141142   0.026949
          p_y           0.023552   0.001587
          p_z          -0.071256   0.013189
          p_x           0.020818   0.000862

   12 C   s             0.167406   0.033153
          p_y          -0.014374   0.000539
          p_z           0.039931   0.003719
          p_x          -0.008115   0.000095

   13 H   s             0.282280   0.086977

   14 H   s            -0.036216   0.002784

   15 C   s            -0.022976   0.000570
          p_y           0.039123   0.002547
          p_z          -0.016179   0.000371
          p_x          -0.044648   0.003370

   16 C   s             0.003259   0.000021
          p_y           0.144232   0.031189
          p_z           0.089518   0.012412
          p_x           0.080322   0.010463

   17 C   s             0.142694   0.028477
          p_y           0.010885   0.000272
          p_z          -0.058284   0.009736
          p_x           0.033570   0.003625

   18 H   s             0.060812   0.007879

   19 C   s            -0.048704   0.003496
          p_y          -0.022556   0.001340
          p_z           0.052546   0.006951
          p_x          -0.003060   0.000009

   20 C   s             0.020335   0.001043
          p_y          -0.017254   0.001444
          p_z           0.006858   0.000115
          p_x           0.001221  -0.000006

   21 C   s             0.001043   0.000002
          p_y           0.162698   0.032628
          p_z           0.118739   0.017321
          p_x           0.089874   0.010445

   22 H   s             0.003771  -0.000008

   23 C   s            -0.058619   0.004731
          p_y          -0.032133   0.002668
          p_z           0.002088   0.000027
          p_x           0.063196   0.009823

   24 H   s            -0.210469   0.062823

   25 H   s             0.036837   0.002847

   26 H   s             0.023953   0.000224

   27 C   s             0.027187   0.000487
          p_y          -0.196512   0.038430
          p_z          -0.184674   0.035488
          p_x          -0.115441   0.013762

   28 C   s            -0.007053   0.000050
          p_y           0.054041   0.004927
          p_z          -0.007088   0.000081
          p_x           0.005462   0.000032

   29 H   s             0.092000   0.011462

   30 C   s            -0.016919   0.000240
          p_y          -0.230084   0.073967
          p_z          -0.084270   0.010146
          p_x          -0.138027   0.027029

   31 C   s            -0.007359   0.000063
          p_y          -0.060078   0.007385
          p_z          -0.033001   0.002215
          p_x          -0.037317   0.002772

   32 H   s             0.032740   0.001489

   33 C   s             0.026648   0.000499
          p_y          -0.281238   0.096700
          p_z          -0.143599   0.025321
          p_x          -0.140458   0.024121

   34 H   s            -0.006826   0.000053

   35 H   s             0.000752  -0.000001

   36 H   s             0.020718   0.000323

Eigenvector:  26    (down)

    1 C   s             0.071362   0.004426
          p_y          -0.040445   0.002229
          p_z          -0.013487   0.000369
          p_x           0.089153   0.011413

    2 C   s             0.014544  -0.000136
          p_y           0.092841   0.019840
          p_z          -0.044844   0.004539
          p_x          -0.153957   0.054053

    3 C   s            -0.151996   0.020212
          p_y           0.010912   0.000225
          p_z          -0.005087   0.000070
          p_x          -0.024342   0.000933

    4 C   s             0.069587   0.005799
          p_y          -0.059443   0.007685
          p_z           0.017914  -0.000289
          p_x           0.059233   0.012040

    5 C   s             0.205681   0.043381
          p_y           0.003335   0.000039
          p_z           0.076424   0.011201
          p_x          -0.078672   0.012678

    6 H   s             0.380711   0.163794

    7 C   s             0.016256   0.000542
          p_y           0.025138   0.001345
          p_z          -0.021910   0.000854
          p_x          -0.034686   0.002767

    8 C   s             0.115269   0.018008
          p_y           0.000465   0.000008
          p_z           0.055104   0.006409
          p_x          -0.056612   0.008514

    9 C   s            -0.054102   0.003134
          p_y          -0.058043   0.006461
          p_z          -0.026074   0.001594
          p_x           0.111522   0.025295

   10 H   s            -0.222513   0.058811

   11 C   s            -0.122330   0.021657
          p_y          -0.000555  -0.000003
          p_z           0.034423   0.002763
          p_x          -0.032126   0.002798

   12 C   s            -0.051834   0.003248
          p_y          -0.088074   0.016825
          p_z           0.107480   0.025909
          p_x           0.073876   0.011312

   13 H   s            -0.147052   0.023364

   14 H   s            -0.089477   0.015245

   15 C   s             0.002291  -0.000010
          p_y           0.089094   0.013073
          p_z          -0.086483   0.011868
          p_x          -0.116936   0.023284

   16 C   s            -0.030380   0.000998
          p_y          -0.012513   0.000274
          p_z           0.038545   0.002173
          p_x          -0.025650   0.000693

   17 C   s            -0.026928   0.000970
          p_y           0.045352   0.005220
          p_z          -0.057938   0.008693
          p_x          -0.037252   0.003411

   18 H   s             0.079382   0.012547

   19 C   s            -0.253649   0.086438
          p_y           0.012567   0.000306
          p_z          -0.049690   0.006365
          p_x           0.020612   0.001429

   20 C   s             0.007780   0.000168
          p_y          -0.003219   0.000008
          p_z           0.002336  -0.000021
          p_x           0.004557   0.000066

   21 C   s            -0.004569   0.000025
          p_y           0.017300   0.000308
          p_z          -0.036154   0.001164
          p_x           0.003796  -0.000019

   22 H   s            -0.001164  -0.000001

   23 C   s             0.117097   0.019311
          p_y           0.029747   0.002674
          p_z          -0.115312   0.035259
          p_x           0.048183   0.005155

   24 H   s             0.002870   0.000011

   25 H   s             0.097605   0.021239

   26 H   s             0.026313   0.000295

   27 C   s             0.024129   0.000385
          p_y           0.008306   0.000070
          p_z          -0.035545   0.001389
          p_x           0.020743   0.000492

   28 C   s             0.008482   0.000087
          p_y          -0.019281   0.000611
          p_z           0.024531   0.000889
          p_x           0.015499   0.000438

   29 H   s            -0.270863   0.098577

   30 C   s            -0.005878   0.000030
          p_y           0.002057   0.000008
          p_z           0.017273   0.000415
          p_x          -0.010839   0.000183

   31 C   s             0.005632   0.000039
          p_y           0.001648   0.000002
          p_z          -0.002143   0.000005
          p_x           0.003455   0.000029

   32 H   s            -0.030774   0.001329

   33 C   s             0.008573   0.000052
          p_y           0.008247   0.000084
          p_z          -0.004540   0.000026
          p_x           0.002268   0.000006

   34 H   s            -0.006356   0.000042

   35 H   s             0.002937  -0.000001

   36 H   s             0.010494   0.000079

Eigenvector:  27    (down)

    1 C   s            -0.056479   0.002878
          p_y          -0.019066   0.000613
          p_z           0.025739   0.001011
          p_x           0.001584   0.000011

    2 C   s            -0.013879   0.000125
          p_y          -0.015167   0.000521
          p_z          -0.006001   0.000054
          p_x           0.035273   0.002645

    3 C   s             0.053726   0.002526
          p_y           0.033064   0.001653
          p_z          -0.050727   0.004030
          p_x          -0.028844   0.001198

    4 C   s             0.048607   0.003199
          p_y          -0.042311   0.003850
          p_z           0.013091  -0.000173
          p_x           0.008632   0.000674

    5 C   s            -0.015213   0.000227
          p_y           0.010289   0.000182
          p_z           0.003094   0.000023
          p_x          -0.024534   0.001086

    6 H   s            -0.074010   0.006013

    7 C   s             0.023447   0.000419
          p_y          -0.038221   0.003290
          p_z           0.031762   0.002069
          p_x           0.048231   0.005504

    8 C   s            -0.013548   0.000283
          p_y           0.005573   0.000087
          p_z          -0.014967   0.000527
          p_x          -0.002840   0.000036

    9 C   s            -0.024796   0.000481
          p_y          -0.027410   0.001663
          p_z          -0.057079   0.005961
          p_x           0.050056   0.005040

   10 H   s            -0.152824   0.026601

   11 C   s            -0.030689   0.001246
          p_y           0.003022   0.000028
          p_z          -0.009258   0.000221
          p_x           0.002661   0.000010

   12 C   s             0.040843   0.001898
          p_y          -0.008481   0.000175
          p_z           0.015372   0.000530
          p_x           0.001931   0.000015

   13 H   s             0.135787   0.019775

   14 H   s             0.008957   0.000098

   15 C   s             0.008852   0.000030
          p_y          -0.003099   0.000017
          p_z           0.053201   0.004508
          p_x          -0.066548   0.007159

   16 C   s            -0.113786   0.010110
          p_y          -0.139149   0.033157
          p_z           0.005993   0.000501
          p_x           0.058859   0.003018

   17 C   s             0.019098   0.000512
          p_y           0.004350   0.000044
          p_z          -0.012512   0.000420
          p_x           0.003073   0.000034

   18 H   s             0.011701   0.000299

   19 C   s            -0.015846   0.000366
          p_y          -0.005284   0.000072
          p_z           0.007516   0.000136
          p_x           0.003687   0.000039

   20 C   s             0.089195   0.019525
          p_y          -0.024818   0.002082
          p_z           0.043649   0.006619
          p_x           0.031713   0.004671

   21 C   s             0.133723   0.013675
          p_y          -0.250452   0.079188
          p_z           0.187169   0.044070
          p_x           0.018118   0.000721

   22 H   s             0.011736  -0.000117

   23 C   s            -0.003633   0.000018
          p_y          -0.004342   0.000046
          p_z          -0.002818   0.000019
          p_x           0.011437   0.000317

   24 H   s            -0.032249   0.001449

   25 H   s             0.014264   0.000405

   26 H   s             0.086454   0.002676

   27 C   s             0.113312   0.007227
          p_y           0.280200   0.082994
          p_z          -0.304267   0.099311
          p_x           0.060363   0.002631

   28 C   s            -0.109005   0.012352
          p_y           0.159132   0.042586
          p_z          -0.250175   0.097822
          p_x          -0.123430   0.027210

   29 H   s             0.005087   0.000035

   30 C   s            -0.040883   0.001496
          p_y           0.120519   0.020786
          p_z           0.197691   0.053142
          p_x          -0.004317   0.000055

   31 C   s            -0.035092   0.001980
          p_y           0.047460   0.005428
          p_z           0.042156   0.002634
          p_x          -0.020153   0.000946

   32 H   s             0.291984   0.116669

   33 C   s             0.072261   0.003688
          p_y           0.229571   0.063817
          p_z           0.011326   0.000154
          p_x           0.082488   0.008017

   34 H   s             0.007727   0.000017

   35 H   s            -0.038591  -0.000203

   36 H   s             0.085716   0.005115

Eigenvector:  28    (down)

    1 C   s             0.005810   0.000042
          p_y          -0.041360   0.002551
          p_z          -0.067730   0.006912
          p_x           0.164932   0.040981

    2 C   s            -0.051057   0.002845
          p_y          -0.034476   0.002113
          p_z           0.121756   0.026672
          p_x          -0.044865   0.003655

    3 C   s             0.047097   0.001732
          p_y           0.151523   0.033226
          p_z          -0.290096   0.124398
          p_x          -0.023261   0.000581

    4 C   s            -0.056898   0.004143
          p_y          -0.021910   0.002182
          p_z          -0.019981  -0.001009
          p_x           0.130953   0.032143

    5 C   s            -0.072984   0.004961
          p_y           0.021409   0.000821
          p_z          -0.121817   0.025668
          p_x           0.064374   0.006981

    6 H   s             0.058672   0.003698

    7 C   s             0.109881   0.011354
          p_y          -0.106800   0.022980
          p_z           0.149115   0.042160
          p_x           0.084824   0.015835

    8 C   s            -0.043343   0.002814
          p_y           0.005765   0.000180
          p_z           0.060319   0.006380
          p_x          -0.067976   0.011172

    9 C   s             0.007380  -0.000080
          p_y          -0.055461   0.005317
          p_z           0.155057   0.037055
          p_x          -0.038264   0.000637

   10 H   s            -0.353832   0.132721

   11 C   s             0.195824   0.049209
          p_y          -0.007446   0.000185
          p_z           0.011933   0.000404
          p_x           0.002099   0.000030

   12 C   s            -0.063860   0.004465
          p_y          -0.000953   0.000008
          p_z           0.013630   0.000363
          p_x          -0.011124   0.000087

   13 H   s             0.257303   0.066339

   14 H   s            -0.006143   0.000103

   15 C   s             0.201731   0.029310
          p_y           0.008380   0.000159
          p_z           0.094516   0.013915
          p_x          -0.105056   0.018830

   16 C   s             0.067790   0.005720
          p_y           0.025771   0.000801
          p_z          -0.053243   0.005397
          p_x          -0.007702  -0.000128

   17 C   s            -0.075943   0.007947
          p_y          -0.033886   0.002537
          p_z           0.103499   0.026315
          p_x          -0.030455   0.002773

   18 H   s            -0.098518   0.018212

   19 C   s             0.036773   0.001736
          p_y           0.010716   0.000266
          p_z          -0.046384   0.004816
          p_x           0.021654   0.001011

   20 C   s            -0.007407  -0.000046
          p_y           0.012470   0.000589
          p_z          -0.034740   0.005336
          p_x           0.006064   0.000330

   21 C   s            -0.005183  -0.000033
          p_y          -0.004070   0.000008
          p_z          -0.010112   0.000270
          p_x           0.002090   0.000029

   22 H   s             0.021240  -0.000265

   23 C   s             0.034189   0.001426
          p_y           0.015753   0.000547
          p_z           0.025437   0.001428
          p_x          -0.056166   0.006949

   24 H   s             0.225184   0.065446

   25 H   s            -0.004783   0.000077

   26 H   s             0.016455   0.000078

   27 C   s            -0.087765   0.004317
          p_y          -0.037600   0.001479
          p_z           0.150653   0.022573
          p_x          -0.047243   0.002018

   28 C   s             0.011996   0.000118
          p_y          -0.005682   0.000053
          p_z           0.009429   0.000131
          p_x          -0.006189   0.000049

   29 H   s            -0.025865   0.000812

   30 C   s             0.031095   0.000801
          p_y           0.001448  -0.000001
          p_z          -0.063768   0.005255
          p_x           0.040366   0.002299

   31 C   s            -0.000454  -0.000001
          p_y          -0.006189   0.000075
          p_z          -0.002400   0.000008
          p_x           0.004190   0.000028

   32 H   s            -0.002960   0.000017

   33 C   s            -0.033910   0.000779
          p_y          -0.027774   0.000897
          p_z           0.020207   0.000471
          p_x          -0.002969   0.000007

   34 H   s             0.009978   0.000097

   35 H   s             0.003127  -0.000002

   36 H   s            -0.037399   0.000923

Eigenvector:  29    (down)

    1 C   s            -0.031539   0.000790
          p_y          -0.048343   0.003709
          p_z           0.250657   0.094222
          p_x          -0.205573   0.060032

    2 C   s            -0.147000   0.019731
          p_y          -0.067923   0.009566
          p_z          -0.076303   0.009777
          p_x           0.201016   0.078152

    3 C   s             0.019886   0.000259
          p_y          -0.082814   0.010336
          p_z          -0.003054  -0.000020
          p_x           0.116828   0.020069

    4 C   s             0.005798   0.000029
          p_y           0.016173   0.000331
          p_z          -0.192091   0.071977
          p_x           0.021309   0.000824

    5 C   s             0.020852   0.000459
          p_y           0.023396   0.000721
          p_z          -0.050320   0.003951
          p_x          -0.010823   0.000066

    6 H   s            -0.319190   0.103524

    7 C   s             0.092283   0.008536
          p_y          -0.015917   0.000560
          p_z          -0.070532   0.009706
          p_x           0.086282   0.015308

    8 C   s            -0.120506   0.018698
          p_y          -0.066276   0.010303
          p_z           0.062289   0.008215
          p_x           0.042867   0.005056

    9 C   s            -0.137882   0.021055
          p_y          -0.029369   0.000508
          p_z          -0.030299   0.004586
          p_x          -0.153231   0.029558

   10 H   s            -0.298843   0.090279

   11 C   s            -0.029263   0.001070
          p_y          -0.015153   0.000508
          p_z           0.035488   0.002786
          p_x          -0.004944   0.000056

   12 C   s             0.121081   0.015408
          p_y          -0.035525   0.002443
          p_z           0.094832   0.017590
          p_x          -0.029168   0.001714

   13 H   s             0.067443   0.004600

   14 H   s             0.137305   0.032318

   15 C   s             0.111848   0.010414
          p_y          -0.040161   0.002415
          p_z          -0.025147   0.001011
          p_x          -0.005874   0.000054

   16 C   s            -0.045861   0.002895
          p_y          -0.015432   0.000182
          p_z           0.050189   0.003904
          p_x          -0.022396   0.001326

   17 C   s            -0.032874   0.001274
          p_y           0.022336   0.001143
          p_z          -0.037709   0.003318
          p_x          -0.010310   0.000227

   18 H   s            -0.002617  -0.000005

   19 C   s            -0.183276   0.042440
          p_y          -0.011351   0.000322
          p_z           0.022262   0.000990
          p_x          -0.000051  -0.000001

   20 C   s            -0.009128   0.000179
          p_y           0.006899   0.000148
          p_z          -0.015651   0.001010
          p_x          -0.000382  -0.000003

   21 C   s            -0.013499   0.000214
          p_y           0.045572   0.002408
          p_z          -0.037687   0.001033
          p_x          -0.008864   0.000268

   22 H   s            -0.024295  -0.000386

   23 C   s             0.028625   0.001294
          p_y           0.029081   0.002170
          p_z          -0.111583   0.029054
          p_x           0.045149   0.004184

   24 H   s             0.002325   0.000005

   25 H   s             0.090026   0.015652

   26 H   s            -0.013464   0.000071

   27 C   s            -0.012615   0.000099
          p_y          -0.032769   0.001128
          p_z           0.079250   0.006237
          p_x           0.048787   0.002481

   28 C   s            -0.010340   0.000043
          p_y          -0.033842   0.001756
          p_z           0.037067   0.001935
          p_x           0.034948   0.001938

   29 H   s            -0.216153   0.056903

   30 C   s             0.002241   0.000006
          p_y          -0.009233   0.000115
          p_z          -0.022440   0.000623
          p_x          -0.000824   0.000001

   31 C   s             0.002995   0.000014
          p_y          -0.007354   0.000126
          p_z          -0.002645   0.000002
          p_x          -0.011775   0.000233

   32 H   s            -0.059897   0.004439

   33 C   s            -0.005681   0.000019
          p_y          -0.051225   0.002957
          p_z          -0.000350   0.000000
          p_x          -0.007301   0.000060

   34 H   s            -0.019514   0.000300

   35 H   s             0.004890  -0.000004

   36 H   s            -0.003955   0.000012

Eigenvector:  30    (down)

    1 C   s            -0.003657   0.000006
          p_y          -0.070212   0.006816
          p_z          -0.058271   0.004655
          p_x          -0.010885   0.000178

    2 C   s             0.018080   0.000303
          p_y          -0.015790   0.000415
          p_z          -0.009895   0.000181
          p_x          -0.031910   0.001869

    3 C   s            -0.000761  -0.000000
          p_y          -0.050100   0.003367
          p_z          -0.044202   0.002687
          p_x          -0.050514   0.003476

    4 C   s            -0.004118   0.000013
          p_y          -0.113490   0.023661
          p_z          -0.047315   0.004234
          p_x          -0.061450   0.006862

    5 C   s            -0.000136   0.000000
          p_y          -0.018915   0.000568
          p_z           0.006639   0.000068
          p_x          -0.004308   0.000036

    6 H   s             0.033918   0.001118

    7 C   s            -0.004421   0.000020
          p_y          -0.022935   0.000965
          p_z           0.008379   0.000131
          p_x          -0.016377   0.000501

    8 C   s             0.004928   0.000034
          p_y          -0.020996   0.000875
          p_z          -0.020229   0.000822
          p_x          -0.015927   0.000529

    9 C   s             0.018231   0.000363
          p_y          -0.127157   0.027525
          p_z          -0.096507   0.013990
          p_x          -0.046505   0.004199

   10 H   s             0.035676   0.001202

   11 C   s            -0.001892   0.000004
          p_y          -0.000658   0.000001
          p_z          -0.005550   0.000066
          p_x          -0.000248   0.000000

   12 C   s            -0.018979   0.000374
          p_y          -0.005116   0.000051
          p_z          -0.013968   0.000360
          p_x          -0.000517   0.000000

   13 H   s             0.003499   0.000011

   14 H   s            -0.007859   0.000104

   15 C   s            -0.008958   0.000060
          p_y          -0.062399   0.005710
          p_z          -0.024059   0.000893
          p_x          -0.023934   0.000828

   16 C   s            -0.037412   0.001208
          p_y          -0.139900   0.027824
          p_z          -0.068678   0.005570
          p_x          -0.066813   0.006800

   17 C   s             0.005649   0.000038
          p_y          -0.002474   0.000014
          p_z           0.001917   0.000008
          p_x           0.000962   0.000002

   18 H   s             0.002743   0.000011

   19 C   s             0.025008   0.000764
          p_y           0.000768   0.000002
          p_z          -0.006593   0.000089
          p_x          -0.000258   0.000001

   20 C   s            -0.003844   0.000034
          p_y           0.028857   0.003553
          p_z           0.011062   0.000499
          p_x           0.014227   0.000857

   21 C   s             0.018887   0.000229
          p_y          -0.145415   0.023875
          p_z          -0.051964   0.002744
          p_x          -0.062469   0.004308

   22 H   s             0.000028  -0.000000

   23 C   s            -0.001433   0.000005
          p_y          -0.005275   0.000066
          p_z           0.016337   0.000593
          p_x          -0.006659   0.000087

   24 H   s            -0.005013   0.000030

   25 H   s            -0.012809   0.000306

   26 H   s             0.001693   0.000001

   27 C   s             0.012607   0.000063
          p_y           0.516534   0.243496
          p_z           0.208464   0.039567
          p_x           0.266425   0.064646

   28 C   s            -0.014109   0.000149
          p_y          -0.107618   0.016632
          p_z          -0.091029   0.011627
          p_x          -0.039378   0.002070

   29 H   s             0.031738   0.001180

   30 C   s            -0.009575   0.000079
          p_y          -0.044219   0.002628
          p_z          -0.021786   0.000661
          p_x          -0.031477   0.001359

   31 C   s            -0.028484   0.000842
          p_y          -0.145355   0.038007
          p_z          -0.072796   0.009103
          p_x          -0.105480   0.019579

   32 H   s            -0.014920   0.000302

   33 C   s             0.033526   0.000727
          p_y          -0.477446   0.248704
          p_z          -0.209021   0.047548
          p_x          -0.216670   0.051035

   34 H   s            -0.009840   0.000078

   35 H   s             0.001735  -0.000003

   36 H   s             0.020099   0.000272

Eigenvector:  31    (down)

    1 C   s            -0.025507   0.000445
          p_y          -0.144709   0.028325
          p_z          -0.174699   0.042945
          p_x          -0.107951   0.016109

    2 C   s             0.024675   0.000691
          p_y          -0.054545   0.005108
          p_z          -0.042323   0.003169
          p_x          -0.052255   0.004957

    3 C   s            -0.029075   0.000664
          p_y          -0.177328   0.042655
          p_z          -0.191650   0.050507
          p_x          -0.011339   0.000068

    4 C   s             0.026892   0.000786
          p_y          -0.275202   0.131413
          p_z          -0.028172   0.003741
          p_x          -0.170361   0.043317

    5 C   s            -0.055426   0.002805
          p_y          -0.075993   0.009483
          p_z           0.013139   0.000317
          p_x           0.035055   0.001994

    6 H   s             0.020825   0.000398

    7 C   s             0.047553   0.002318
          p_y          -0.078100   0.011334
          p_z          -0.013585   0.000375
          p_x           0.013016   0.000422

    8 C   s            -0.000699   0.000000
          p_y          -0.103782   0.021476
          p_z           0.044952   0.003885
          p_x          -0.073870   0.010835

    9 C   s             0.004092   0.000029
          p_y          -0.254523   0.108712
          p_z          -0.298589   0.129925
          p_x           0.016393  -0.000468

   10 H   s             0.138754   0.018542

   11 C   s             0.067754   0.005794
          p_y          -0.019941   0.001019
          p_z          -0.010811   0.000196
          p_x           0.030106   0.002276

   12 C   s            -0.044738   0.002032
          p_y          -0.001663   0.000009
          p_z           0.001450   0.000010
          p_x          -0.071063   0.009301

   13 H   s             0.054910   0.002926

   14 H   s             0.003249   0.000011

   15 C   s             0.015489   0.000257
          p_y          -0.134273   0.025405
          p_z          -0.185234   0.049348
          p_x          -0.162968   0.036355

   16 C   s            -0.081653   0.007945
          p_y           0.021540   0.000432
          p_z           0.128415   0.023533
          p_x          -0.000406   0.000006

   17 C   s            -0.012478   0.000214
          p_y          -0.022748   0.001101
          p_z           0.023842   0.001221
          p_x           0.016544   0.000575

   18 H   s            -0.061943   0.006812

   19 C   s             0.059276   0.004320
          p_y           0.013374   0.000450
          p_z          -0.022523   0.001074
          p_x          -0.020878   0.001168

   20 C   s             0.007953   0.000106
          p_y          -0.018021   0.001389
          p_z          -0.006134   0.000280
          p_x          -0.003911   0.000121

   21 C   s            -0.006076   0.000082
          p_y           0.132327   0.018846
          p_z           0.007385   0.000280
          p_x           0.043683   0.001027

   22 H   s            -0.021220  -0.000281

   23 C   s            -0.006297   0.000059
          p_y           0.008409   0.000147
          p_z           0.013363   0.000359
          p_x          -0.035759   0.002625

   24 H   s             0.023825   0.000691

   25 H   s            -0.046209   0.004061

   26 H   s             0.008779   0.000033

   27 C   s             0.036908   0.000765
          p_y          -0.186105   0.031498
          p_z          -0.088951   0.007205
          p_x          -0.028108   0.000616

   28 C   s            -0.015607   0.000125
          p_y           0.033485   0.001542
          p_z           0.061551   0.004992
          p_x           0.065243   0.006196

   29 H   s             0.014565   0.000246

   30 C   s            -0.012263   0.000111
          p_y          -0.000200  -0.000000
          p_z           0.019906   0.000524
          p_x          -0.016406   0.000367

   31 C   s             0.009901   0.000092
          p_y           0.049104   0.004200
          p_z           0.028172   0.001450
          p_x           0.018286   0.000618

   32 H   s            -0.044670   0.002369

   33 C   s             0.004938   0.000018
          p_y           0.125344   0.017071
          p_z           0.058999   0.003790
          p_x           0.067719   0.004900

   34 H   s            -0.019299   0.000306

   35 H   s             0.000614   0.000000

   36 H   s             0.013362   0.000103

Eigenvector:  32    (down)

    1 C   s             0.040245   0.001333
          p_y          -0.211027   0.061587
          p_z           0.022530   0.001101
          p_x           0.077045   0.007919

    2 C   s             0.002939  -0.000021
          p_y          -0.049296   0.004185
          p_z           0.026219   0.001165
          p_x          -0.047192   0.003821

    3 C   s             0.044771   0.001797
          p_y          -0.058364   0.004283
          p_z           0.047296   0.003309
          p_x          -0.273537   0.104620

    4 C   s            -0.094296   0.009555
          p_y          -0.056266   0.008698
          p_z          -0.232880   0.064436
          p_x           0.009115  -0.000906

    5 C   s             0.091328   0.007588
          p_y           0.039111   0.002693
          p_z          -0.046399   0.003822
          p_x          -0.101449   0.017041

    6 H   s             0.060159   0.003508

    7 C   s            -0.075440   0.005917
          p_y          -0.022164   0.000806
          p_z           0.042942   0.003602
          p_x          -0.100020   0.019532

    8 C   s             0.000857   0.000002
          p_y          -0.002591   0.000019
          p_z          -0.191872   0.072104
          p_x           0.033993   0.002301

    9 C   s             0.064425   0.003206
          p_y          -0.155809   0.035845
          p_z           0.093747   0.008817
          p_x          -0.314524   0.143064

   10 H   s            -0.122885   0.014677

   11 C   s            -0.113512   0.016235
          p_y           0.028105   0.002101
          p_z          -0.003331   0.000052
          p_x          -0.066484   0.010904

   12 C   s             0.016038   0.000240
          p_y          -0.052345   0.004961
          p_z          -0.058475   0.006677
          p_x           0.116999   0.025539

   13 H   s            -0.053986   0.002905

   14 H   s            -0.007257   0.000063

   15 C   s            -0.034368   0.001128
          p_y          -0.286810   0.114291
          p_z           0.100719   0.014551
          p_x           0.102049   0.013835

   16 C   s             0.115955   0.013885
          p_y           0.078911   0.007750
          p_z          -0.096804   0.014666
          p_x           0.045852   0.002739

   17 C   s             0.038140   0.001798
          p_y           0.029858   0.001852
          p_z          -0.024036   0.001135
          p_x          -0.042104   0.003807

   18 H   s             0.119820   0.025009

   19 C   s            -0.036267   0.001655
          p_y          -0.031270   0.002376
          p_z           0.009486   0.000211
          p_x           0.044599   0.004971

   20 C   s            -0.008923   0.000138
          p_y          -0.005393   0.000271
          p_z          -0.004741  -0.000016
          p_x          -0.010926   0.000331

   21 C   s            -0.015469   0.000016
          p_y           0.030857   0.001344
          p_z           0.070861   0.003137
          p_x           0.026634   0.001442

   22 H   s             0.018004  -0.000192

   23 C   s             0.019353   0.000395
          p_y          -0.038759   0.003276
          p_z           0.033749   0.002654
          p_x           0.042682   0.003795

   24 H   s            -0.022295   0.000585

   25 H   s             0.055049   0.005769

   26 H   s            -0.026197   0.000260

   27 C   s            -0.057255   0.001734
          p_y          -0.063090   0.003524
          p_z           0.002829   0.000013
          p_x          -0.112074   0.011632

   28 C   s             0.040588   0.001037
          p_y           0.075608   0.008159
          p_z           0.018135   0.000557
          p_x          -0.050143   0.004026

   29 H   s             0.077588   0.006961

   30 C   s             0.019641   0.000304
          p_y          -0.005875   0.000050
          p_z          -0.029584   0.001087
          p_x           0.022983   0.000756

   31 C   s             0.010493   0.000147
          p_y           0.012809   0.000327
          p_z          -0.004631   0.000059
          p_x           0.049937   0.004252

   32 H   s             0.078852   0.007657

   33 C   s            -0.032609   0.000712
          p_y           0.068265   0.005014
          p_z           0.020419   0.000424
          p_x           0.007300   0.000066

   34 H   s             0.029022   0.000689

   35 H   s             0.001757  -0.000000

   36 H   s            -0.037479   0.000848

Eigenvector:  33    (down)

    1 C   s             0.086011   0.005775
          p_y          -0.081641   0.008858
          p_z           0.010317   0.000142
          p_x           0.221863   0.065139

    2 C   s            -0.037959   0.001522
          p_y          -0.087529   0.013516
          p_z           0.231727   0.090426
          p_x          -0.022142   0.000482

    3 C   s            -0.050225   0.001866
          p_y           0.101246   0.013659
          p_z          -0.006193   0.000039
          p_x          -0.131864   0.023584

    4 C   s             0.048266   0.002509
          p_y           0.067837   0.011239
          p_z           0.021911  -0.000869
          p_x          -0.162368   0.042126

    5 C   s            -0.077280   0.005466
          p_y           0.126830   0.025760
          p_z          -0.193833   0.060010
          p_x          -0.075802   0.009316

    6 H   s            -0.062613   0.004003

    7 C   s             0.055627   0.002832
          p_y          -0.015399   0.000508
          p_z           0.002175   0.000021
          p_x           0.051456   0.004982

    8 C   s             0.044158   0.002774
          p_y           0.033438   0.002037
          p_z          -0.051126   0.004630
          p_x           0.012750   0.000345

    9 C   s            -0.027264   0.000336
          p_y           0.133177   0.028357
          p_z          -0.192643   0.053835
          p_x           0.004002  -0.000179

   10 H   s             0.311557   0.098533

   11 C   s             0.100069   0.011809
          p_y           0.026035   0.001523
          p_z          -0.020260   0.000842
          p_x          -0.034301   0.002775

   12 C   s             0.128720   0.016943
          p_y          -0.038976   0.002797
          p_z           0.043585   0.003096
          p_x           0.040245   0.003311

   13 H   s             0.104795   0.009974

   14 H   s            -0.038991   0.002519

   15 C   s            -0.126193   0.009753
          p_y           0.004913  -0.000011
          p_z          -0.069693   0.007182
          p_x           0.132959   0.027890

   16 C   s            -0.111195   0.014249
          p_y          -0.043618   0.001979
          p_z           0.092781   0.014449
          p_x          -0.003084   0.000133

   17 C   s            -0.015871   0.000438
          p_y          -0.004898   0.000036
          p_z           0.091117   0.018636
          p_x          -0.077987   0.014187

   18 H   s            -0.020547   0.000612

   19 C   s            -0.182507   0.039882
          p_y          -0.043345   0.004460
          p_z           0.031394   0.002020
          p_x           0.057788   0.008452

   20 C   s            -0.008309   0.000318
          p_y          -0.005644   0.000103
          p_z           0.024525   0.002468
          p_x          -0.008941   0.000466

   21 C   s             0.005049  -0.000050
          p_y           0.014610   0.000157
          p_z          -0.010287  -0.000157
          p_x          -0.012863   0.000450

   22 H   s            -0.034944  -0.000742

   23 C   s             0.046036   0.002748
          p_y          -0.001317  -0.000001
          p_z          -0.054272   0.005956
          p_x           0.052844   0.005277

   24 H   s             0.240538   0.068089

   25 H   s             0.150400   0.040159

   26 H   s            -0.024613   0.000146

   27 C   s             0.078366   0.003123
          p_y          -0.008266   0.000055
          p_z          -0.070838   0.004578
          p_x           0.080281   0.005719

   28 C   s            -0.049697   0.001664
          p_y          -0.034854   0.001785
          p_z          -0.026939   0.001072
          p_x           0.076494   0.008670

   29 H   s            -0.146091   0.023814

   30 C   s            -0.027549   0.000592
          p_y           0.001127   0.000004
          p_z           0.043043   0.002258
          p_x          -0.030686   0.001276

   31 C   s            -0.016152   0.000358
          p_y           0.011429   0.000213
          p_z           0.023888   0.001046
          p_x          -0.049635   0.004145

   32 H   s            -0.077650   0.007117

   33 C   s             0.041158   0.001117
          p_y          -0.005486   0.000030
          p_z           0.002799   0.000012
          p_x           0.022818   0.000509

   34 H   s            -0.027075   0.000577

   35 H   s            -0.007171  -0.000009

   36 H   s             0.048172   0.001368

Eigenvector:  34    (down)

    1 C   s            -0.059503   0.002583
          p_y           0.047265   0.002871
          p_z           0.060868   0.005211
          p_x           0.078044   0.007360

    2 C   s             0.046620   0.001890
          p_y           0.082887   0.011789
          p_z          -0.062482   0.006459
          p_x          -0.008189   0.000194

    3 C   s             0.040983   0.001521
          p_y           0.168725   0.036397
          p_z          -0.083161   0.008816
          p_x          -0.014809   0.000280

    4 C   s             0.039971   0.001741
          p_y           0.062400   0.007497
          p_z          -0.066446   0.011775
          p_x          -0.076088   0.005470

    5 C   s             0.080553   0.005973
          p_y          -0.014117   0.000237
          p_z           0.091572   0.012452
          p_x           0.015600   0.000299

    6 H   s             0.102925   0.009955

    7 C   s            -0.000586   0.000002
          p_y          -0.009763   0.000139
          p_z           0.159331   0.043568
          p_x          -0.044735   0.003662

    8 C   s            -0.103249   0.012275
          p_y          -0.001388   0.000020
          p_z           0.023487   0.001030
          p_x           0.047806   0.005344

    9 C   s            -0.126468   0.014982
          p_y           0.112278   0.021602
          p_z          -0.166508   0.049583
          p_x          -0.071016   0.007463

   10 H   s            -0.243291   0.052710

   11 C   s            -0.107238   0.013877
          p_y           0.028484   0.001927
          p_z           0.000340  -0.000001
          p_x          -0.041506   0.004188

   12 C   s            -0.145814   0.021348
          p_y           0.004142   0.000019
          p_z          -0.038206   0.002530
          p_x           0.079312   0.011504

   13 H   s            -0.014778   0.000221

   14 H   s             0.109430   0.018215

   15 C   s             0.077806   0.005393
          p_y          -0.004536   0.000057
          p_z           0.003518  -0.000012
          p_x           0.066778   0.007157

   16 C   s            -0.182127   0.033873
          p_y          -0.046928   0.002375
          p_z           0.144883   0.034443
          p_x          -0.003341   0.000202

   17 C   s             0.056575   0.003615
          p_y           0.029955   0.001698
          p_z          -0.018767   0.000607
          p_x          -0.036572   0.002619

   18 H   s             0.107746   0.018903

   19 C   s             0.110931   0.014242
          p_y           0.014776   0.000403
          p_z          -0.064170   0.007755
          p_x           0.042235   0.003499

   20 C   s            -0.001498   0.000021
          p_y           0.000093  -0.000000
          p_z          -0.007810   0.000234
          p_x           0.002445   0.000025

   21 C   s             0.019084  -0.000004
          p_y           0.032383   0.000777
          p_z           0.012557   0.000609
          p_x          -0.017251   0.000702

   22 H   s            -0.043059  -0.001182

   23 C   s             0.043195   0.001508
          p_y          -0.057075   0.006957
          p_z           0.137299   0.039030
          p_x          -0.007594   0.000073

   24 H   s            -0.046274   0.002367

   25 H   s            -0.043993   0.003249

   26 H   s            -0.018339   0.000092

   27 C   s             0.058143   0.001517
          p_y          -0.107852   0.010413
          p_z           0.003381   0.000018
          p_x           0.119914   0.013038

   28 C   s            -0.137618   0.012653
          p_y          -0.078435   0.009288
          p_z          -0.124659   0.021946
          p_x           0.242876   0.086363

   29 H   s             0.255122   0.071655

   30 C   s            -0.018987   0.000288
          p_y           0.006474   0.000067
          p_z           0.029629   0.001066
          p_x          -0.017489   0.000445

   31 C   s            -0.070400   0.006201
          p_y           0.040173   0.002720
          p_z           0.091718   0.014830
          p_x          -0.163193   0.044563

   32 H   s            -0.226448   0.060702

   33 C   s             0.079618   0.004175
          p_y          -0.023548   0.000594
          p_z           0.054130   0.003355
          p_x           0.089576   0.007987

   34 H   s            -0.058627   0.002536

   35 H   s            -0.027562  -0.000117

   36 H   s             0.098270   0.005432

Eigenvector:  35    (down)

    1 C   s            -0.017556   0.000266
          p_y           0.046685   0.002804
          p_z          -0.047930   0.003361
          p_x          -0.164006   0.033154

    2 C   s            -0.048172   0.001720
          p_y          -0.053499   0.005004
          p_z          -0.002377  -0.000004
          p_x           0.064217   0.007165

    3 C   s             0.008469   0.000019
          p_y          -0.100647   0.012761
          p_z          -0.070036   0.006527
          p_x           0.154494   0.030783

    4 C   s             0.008153   0.000042
          p_y          -0.052122   0.004165
          p_z           0.105674   0.015856
          p_x           0.033965   0.002879

    5 C   s             0.005399   0.000074
          p_y           0.051890   0.004389
          p_z          -0.086908   0.012253
          p_x          -0.058569   0.005354

    6 H   s            -0.188116   0.032502

    7 C   s            -0.025461   0.000561
          p_y          -0.005288   0.000026
          p_z           0.031453   0.001644
          p_x          -0.066170   0.007893

    8 C   s            -0.037778   0.001756
          p_y          -0.039231   0.002741
          p_z           0.107144   0.020598
          p_x          -0.042124   0.003330

    9 C   s             0.012422   0.000133
          p_y          -0.037328   0.002731
          p_z           0.018086   0.001134
          p_x           0.147535   0.030624

   10 H   s             0.082474   0.005751

   11 C   s            -0.102166   0.012698
          p_y           0.073004   0.012304
          p_z          -0.029702   0.001759
          p_x          -0.126960   0.038040

   12 C   s            -0.056968   0.002853
          p_y          -0.048649   0.004154
          p_z          -0.035363   0.002474
          p_x           0.106401   0.020736

   13 H   s            -0.150876   0.020014

   14 H   s             0.023200   0.000852

   15 C   s             0.070366   0.003297
          p_y           0.094566   0.012113
          p_z          -0.023999   0.000721
          p_x          -0.144254   0.028719

   16 C   s             0.021827   0.000509
          p_y          -0.005342   0.000050
          p_z          -0.000756   0.000012
          p_x          -0.018453  -0.000018

   17 C   s             0.116268   0.013534
          p_y           0.066680   0.008511
          p_z           0.065998   0.010621
          p_x          -0.202643   0.085294

   18 H   s             0.182470   0.055095

   19 C   s            -0.080216   0.007739
          p_y          -0.059840   0.008597
          p_z          -0.031997   0.001465
          p_x           0.142281   0.044892

   20 C   s             0.010582   0.000336
          p_y           0.003004   0.000058
          p_z          -0.012172   0.000706
          p_x           0.008858   0.000303

   21 C   s            -0.002878   0.000000
          p_y          -0.001941   0.000003
          p_z          -0.033477   0.001086
          p_x           0.007058   0.000019

   22 H   s             0.009469  -0.000060

   23 C   s             0.147220   0.021605
          p_y          -0.130653   0.034432
          p_z           0.157459   0.052059
          p_x           0.112556   0.024200

   24 H   s             0.235006   0.063213

   25 H   s             0.150335   0.039606

   26 H   s             0.026554   0.000197

   27 C   s            -0.020923   0.000195
          p_y           0.015865   0.000207
          p_z           0.023885   0.000487
          p_x          -0.019795   0.000313

   28 C   s             0.037863   0.001000
          p_y           0.008883   0.000146
          p_z           0.060218   0.004813
          p_x          -0.072792   0.007583

   29 H   s             0.264401   0.076341

   30 C   s             0.006836   0.000039
          p_y           0.000114  -0.000000
          p_z          -0.013179   0.000197
          p_x           0.006755   0.000059

   31 C   s             0.027386   0.000924
          p_y          -0.013168   0.000307
          p_z          -0.031395   0.001660
          p_x           0.054411   0.004917

   32 H   s             0.057710   0.003893

   33 C   s            -0.029566   0.000561
          p_y           0.003197   0.000011
          p_z          -0.012839   0.000192
          p_x          -0.025996   0.000659

   34 H   s             0.009809   0.000067

   35 H   s             0.011665  -0.000021

   36 H   s            -0.034150   0.000652

Eigenvector:  36    (down)

    1 C   s             0.022589   0.000305
          p_y          -0.248502   0.077087
          p_z          -0.139239   0.025036
          p_x          -0.172933   0.036782

    2 C   s            -0.026191   0.000602
          p_y          -0.146452   0.034742
          p_z          -0.050682   0.004129
          p_x          -0.048064   0.003559

    3 C   s             0.001879  -0.000002
          p_y          -0.344814   0.147967
          p_z          -0.079459   0.007969
          p_x          -0.119172   0.018013

    4 C   s            -0.025964   0.000680
          p_y           0.094415   0.013148
          p_z           0.101373   0.021476
          p_x           0.112447   0.018430

    5 C   s            -0.004619   0.000019
          p_y          -0.079403   0.009523
          p_z          -0.069476   0.007180
          p_x          -0.055727   0.004549

    6 H   s            -0.043873   0.001733

    7 C   s            -0.024119   0.000531
          p_y          -0.092985   0.014386
          p_z          -0.092697   0.014303
          p_x          -0.059173   0.005971

    8 C   s             0.024373   0.000617
          p_y          -0.034810   0.002005
          p_z          -0.045522   0.003844
          p_x          -0.036040   0.002715

    9 C   s             0.046727   0.002068
          p_y           0.109036   0.016996
          p_z           0.199944   0.063200
          p_x           0.085671   0.011997

   10 H   s             0.004206   0.000000

   11 C   s             0.004920   0.000029
          p_y          -0.024380   0.001181
          p_z          -0.006148   0.000079
          p_x          -0.010738   0.000219

   12 C   s             0.034986   0.001209
          p_y          -0.063980   0.006900
          p_z          -0.036841   0.002372
          p_x          -0.032216   0.001844

   13 H   s            -0.030879   0.000817

   14 H   s            -0.037358   0.002009

   15 C   s             0.006278  -0.000021
          p_y           0.053825   0.004046
          p_z           0.095009   0.012376
          p_x          -0.010692   0.000248

   16 C   s             0.031773   0.002015
          p_y           0.052708   0.002775
          p_z          -0.091526   0.008997
          p_x           0.053848   0.004314

   17 C   s            -0.009554   0.000091
          p_y          -0.009812   0.000181
          p_z          -0.008665   0.000159
          p_x           0.001797   0.000006

   18 H   s            -0.006569   0.000063

   19 C   s            -0.026637   0.000805
          p_y          -0.024541   0.001200
          p_z           0.015199   0.000422
          p_x          -0.014564   0.000380

   20 C   s             0.003619   0.000045
          p_y           0.002211   0.000023
          p_z          -0.007137   0.000210
          p_x           0.006131   0.000192

   21 C   s             0.027916   0.000863
          p_y          -0.060627   0.004139
          p_z           0.094116   0.005996
          p_x          -0.035204  -0.000394

   22 H   s             0.030621  -0.000564

   23 C   s            -0.012214   0.000125
          p_y           0.001128   0.000005
          p_z          -0.033900   0.002258
          p_x           0.005165   0.000047

   24 H   s            -0.003398   0.000014

   25 H   s             0.015159   0.000392

   26 H   s             0.005453   0.000010

   27 C   s            -0.006761   0.000046
          p_y          -0.034297   0.000957
          p_z           0.004796   0.000022
          p_x           0.016559   0.000182

   28 C   s            -0.118070   0.009603
          p_y          -0.061538   0.005986
          p_z          -0.252767   0.084249
          p_x           0.236625   0.081160

   29 H   s            -0.050439   0.002719

   30 C   s             0.007146   0.000022
          p_y           0.014877   0.000278
          p_z           0.010949   0.000113
          p_x           0.011671   0.000164

   31 C   s            -0.106645   0.013651
          p_y           0.036896   0.002453
          p_z           0.111313   0.020649
          p_x          -0.202897   0.068025

   32 H   s            -0.197789   0.046708

   33 C   s             0.088398   0.004982
          p_y          -0.027062   0.000785
          p_z           0.055035   0.003462
          p_x           0.092262   0.008299

   34 H   s            -0.021409   0.000305

   35 H   s            -0.042900  -0.000278

   36 H   s             0.103028   0.005818

Eigenvector:  37    (down)

    1 C   s            -0.009700   0.000073
          p_y          -0.270805   0.090139
          p_z          -0.070797   0.006024
          p_x          -0.037098   0.001905

    2 C   s             0.019649   0.000288
          p_y          -0.092894   0.013407
          p_z          -0.078165   0.009842
          p_x          -0.077566   0.009874

    3 C   s            -0.009889   0.000030
          p_y          -0.178919   0.039772
          p_z          -0.186358   0.042347
          p_x          -0.178228   0.039045

    4 C   s             0.050191   0.002543
          p_y           0.210540   0.078253
          p_z           0.037658  -0.000705
          p_x          -0.044177   0.000692

    5 C   s             0.027839   0.000653
          p_y          -0.113759   0.019034
          p_z           0.005356   0.000045
          p_x          -0.025611   0.001011

    6 H   s             0.079535   0.005627

    7 C   s             0.041288   0.001537
          p_y          -0.125893   0.026277
          p_z           0.016919   0.000475
          p_x          -0.040210   0.002568

    8 C   s            -0.040369   0.001789
          p_y          -0.051865   0.005438
          p_z           0.006019   0.000082
          p_x           0.032106   0.002523

    9 C   s            -0.138164   0.016870
          p_y           0.305506   0.144200
          p_z          -0.076883   0.011074
          p_x           0.038708   0.001941

   10 H   s            -0.135410   0.014366

   11 C   s            -0.012666   0.000189
          p_y          -0.025251   0.001263
          p_z          -0.004660   0.000045
          p_x          -0.005085   0.000039

   12 C   s            -0.053356   0.002848
          p_y          -0.061853   0.006563
          p_z          -0.020180   0.000639
          p_x          -0.029097   0.001374

   13 H   s             0.049574   0.002089

   14 H   s             0.086765   0.010848

   15 C   s            -0.000359  -0.000005
          p_y           0.125871   0.019495
          p_z          -0.036644   0.001948
          p_x           0.138988   0.028182

   16 C   s            -0.089088   0.010766
          p_y          -0.086681   0.006185
          p_z           0.136629   0.023231
          p_x          -0.060559   0.005976

   17 C   s             0.000154   0.000000
          p_y          -0.009560   0.000182
          p_z          -0.016161   0.000529
          p_x           0.010111   0.000228

   18 H   s             0.004493   0.000022

   19 C   s             0.050009   0.002841
          p_y           0.003290   0.000030
          p_z          -0.041956   0.003362
          p_x          -0.012761   0.000408

   20 C   s            -0.008812   0.000260
          p_y           0.005188   0.000126
          p_z           0.015269   0.000985
          p_x          -0.005340   0.000154

   21 C   s            -0.020123   0.000626
          p_y           0.009005   0.000095
          p_z          -0.130076   0.011486
          p_x           0.006833  -0.000353

   22 H   s            -0.047383  -0.001362

   23 C   s             0.002686  -0.000000
          p_y          -0.008931   0.000159
          p_z           0.027409   0.001427
          p_x          -0.030430   0.001668

   24 H   s            -0.040545   0.001795

   25 H   s            -0.041151   0.002840

   26 H   s            -0.015368   0.000067

   27 C   s             0.032423   0.000595
          p_y           0.033478   0.000874
          p_z          -0.006126   0.000033
          p_x           0.027624   0.000741

   28 C   s             0.085354   0.005061
          p_y           0.000977   0.000017
          p_z           0.219675   0.062776
          p_x          -0.215333   0.065833

   29 H   s             0.055371   0.003205

   30 C   s            -0.015733   0.000151
          p_y          -0.002035   0.000006
          p_z           0.005895   0.000056
          p_x          -0.013612   0.000241

   31 C   s             0.096585   0.011058
          p_y          -0.036871   0.002458
          p_z          -0.101165   0.016705
          p_x           0.171577   0.048236

   32 H   s             0.153883   0.028265

   33 C   s            -0.071411   0.003210
          p_y           0.021559   0.000497
          p_z          -0.047588   0.002566
          p_x          -0.076311   0.005620

   34 H   s             0.007628   0.000031

   35 H   s             0.039388  -0.000235

   36 H   s            -0.082874   0.003708

Eigenvector:  38    (down)

    1 C   s             0.084007   0.004381
          p_y          -0.023713   0.000713
          p_z           0.040934   0.001755
          p_x           0.003620   0.000047

    2 C   s            -0.119553   0.012800
          p_y          -0.089112   0.012456
          p_z           0.131960   0.026180
          p_x           0.049799   0.004377

    3 C   s             0.043161   0.001138
          p_y           0.055667   0.004018
          p_z          -0.150593   0.027332
          p_x           0.050343   0.002473

    4 C   s             0.035763   0.000927
          p_y          -0.030448   0.001010
          p_z           0.050316   0.001917
          p_x          -0.015222  -0.000136

    5 C   s             0.135878   0.015105
          p_y           0.142782   0.028243
          p_z          -0.268243   0.100560
          p_x          -0.055853   0.004094

    6 H   s            -0.134871   0.015399

    7 C   s            -0.085357   0.007005
          p_y          -0.030930   0.001306
          p_z           0.205429   0.064848
          p_x          -0.126544   0.026145

    8 C   s            -0.073404   0.005396
          p_y           0.012916   0.000362
          p_z           0.057882   0.005131
          p_x          -0.067043   0.007962

    9 C   s            -0.008093   0.000068
          p_y          -0.006603   0.000119
          p_z          -0.054155   0.002866
          p_x           0.089550   0.009840

   10 H   s             0.175113   0.025721

   11 C   s            -0.067047   0.005141
          p_y          -0.008628   0.000016
          p_z           0.114642   0.020825
          p_x          -0.096621   0.017177

   12 C   s            -0.035905   0.001385
          p_y          -0.051504   0.003902
          p_z          -0.145641   0.034046
          p_x           0.247270   0.094758

   13 H   s            -0.106375   0.008883

   14 H   s            -0.006164   0.000064

   15 C   s             0.087569   0.005118
          p_y           0.052857   0.003382
          p_z           0.074699   0.006678
          p_x          -0.141845   0.024723

   16 C   s            -0.033797   0.001117
          p_y          -0.022830   0.000566
          p_z           0.045955   0.002478
          p_x          -0.014588   0.000226

   17 C   s            -0.135196   0.015437
          p_y          -0.021039   0.000712
          p_z          -0.129944   0.032305
          p_x           0.167607   0.051475

   18 H   s             0.105007   0.015965

   19 C   s             0.060970   0.004287
          p_y           0.016569   0.000605
          p_z           0.006117  -0.000008
          p_x          -0.035857   0.002379

   20 C   s             0.017011   0.000741
          p_y           0.004930   0.000096
          p_z          -0.026299   0.002510
          p_x           0.016525   0.001049

   21 C   s            -0.000034   0.000000
          p_y           0.008722   0.000060
          p_z          -0.024762   0.000272
          p_x           0.007706  -0.000041

   22 H   s            -0.006624  -0.000023

   23 C   s            -0.138079   0.016986
          p_y           0.094629   0.015570
          p_z          -0.080884   0.012255
          p_x          -0.114243   0.021496

   24 H   s            -0.346881   0.122695

   25 H   s            -0.077466   0.008944

   26 H   s             0.025776   0.000161

   27 C   s            -0.014061   0.000095
          p_y          -0.026424   0.000596
          p_z           0.041443   0.001381
          p_x           0.014836   0.000225

   28 C   s            -0.002017   0.000000
          p_y          -0.007068   0.000050
          p_z           0.032086   0.001187
          p_x          -0.009421   0.000118

   29 H   s            -0.131592   0.017432

   30 C   s             0.005380   0.000022
          p_y          -0.000249   0.000000
          p_z          -0.011296   0.000125
          p_x           0.006557   0.000045

   31 C   s             0.009512   0.000105
          p_y          -0.001941   0.000008
          p_z          -0.007115   0.000071
          p_x           0.014138   0.000310

   32 H   s             0.002166   0.000006

   33 C   s            -0.013385   0.000104
          p_y          -0.003307   0.000011
          p_z           0.003432   0.000010
          p_x          -0.001168   0.000001

   34 H   s            -0.007614   0.000039

   35 H   s             0.004685  -0.000004

   36 H   s            -0.012930   0.000089

Eigenvector:  39    (down)

    1 C   s             0.138421   0.012311
          p_y          -0.074895   0.006213
          p_z           0.231574   0.062222
          p_x          -0.098628   0.011786

    2 C   s            -0.052110   0.002491
          p_y           0.002890   0.000008
          p_z          -0.104766   0.016035
          p_x           0.068367   0.007091

    3 C   s            -0.126156   0.011349
          p_y           0.015552   0.000437
          p_z          -0.172311   0.035175
          p_x           0.122945   0.015771

    4 C   s             0.096946   0.008518
          p_y           0.092735   0.013308
          p_z          -0.136035   0.028673
          p_x          -0.034381   0.002002

    5 C   s             0.040450   0.001364
          p_y          -0.071865   0.007113
          p_z           0.033720   0.001566
          p_x           0.083513   0.009732

    6 H   s            -0.007727   0.000076

    7 C   s             0.065069   0.003895
          p_y          -0.036173   0.002153
          p_z          -0.000921   0.000001
          p_x           0.065100   0.007065

    8 C   s             0.051340   0.005421
          p_y           0.184230   0.062463
          p_z          -0.036204   0.002482
          p_x          -0.324646   0.191509

    9 C   s             0.003969   0.000025
          p_y           0.068550   0.007256
          p_z          -0.030453   0.002322
          p_x          -0.107903   0.012587

   10 H   s             0.134667   0.015751

   11 C   s            -0.036810   0.001496
          p_y          -0.019036   0.000607
          p_z           0.055220   0.005285
          p_x          -0.023723   0.001029

   12 C   s            -0.041450   0.001564
          p_y          -0.003528   0.000025
          p_z           0.055308   0.004871
          p_x          -0.066239   0.006683

   13 H   s             0.078776   0.005417

   14 H   s            -0.503541   0.334122

   15 C   s            -0.102434   0.006431
          p_y          -0.038424   0.001642
          p_z           0.160372   0.030028
          p_x           0.007614   0.000019

   16 C   s             0.000930  -0.000008
          p_y          -0.002852  -0.000009
          p_z          -0.000516  -0.000003
          p_x           0.008733  -0.000058

   17 C   s             0.010756   0.000101
          p_y           0.037906   0.002387
          p_z          -0.043705   0.003175
          p_x          -0.040633   0.002749

   18 H   s             0.029328   0.001189

   19 C   s             0.018364   0.000336
          p_y           0.015108   0.000406
          p_z          -0.047602   0.003686
          p_x           0.006277   0.000030

   20 C   s            -0.006241   0.000005
          p_y           0.001175   0.000001
          p_z          -0.003004   0.000040
          p_x           0.002143   0.000049

   21 C   s            -0.007188   0.000048
          p_y          -0.000625  -0.000001
          p_z           0.001425   0.000002
          p_x           0.000662  -0.000002

   22 H   s            -0.010290  -0.000065

   23 C   s             0.048933   0.002049
          p_y          -0.032645   0.001840
          p_z           0.050794   0.004436
          p_x           0.013517   0.000324

   24 H   s            -0.024832   0.000574

   25 H   s            -0.017627   0.000480

   26 H   s             0.014999   0.000106

   27 C   s            -0.002596   0.000003
          p_y          -0.010365   0.000082
          p_z           0.010530   0.000075
          p_x           0.003514   0.000012

   28 C   s            -0.000372   0.000000
          p_y           0.001388   0.000003
          p_z           0.007817   0.000080
          p_x          -0.004362   0.000029

   29 H   s             0.104186   0.010293

   30 C   s             0.003124   0.000007
          p_y          -0.001437   0.000002
          p_z          -0.005860   0.000035
          p_x           0.002427   0.000006

   31 C   s             0.003117   0.000011
          p_y           0.000216   0.000000
          p_z          -0.001965   0.000006
          p_x           0.005415   0.000044

   32 H   s             0.003425   0.000016

   33 C   s            -0.005321   0.000016
          p_y           0.000469   0.000000
          p_z           0.001873   0.000003
          p_x           0.000420   0.000000

   34 H   s            -0.002046   0.000003

   35 H   s             0.001266  -0.000000

   36 H   s            -0.005207   0.000014

Eigenvector:  40    (down)

    1 C   s            -0.124865   0.008935
          p_y           0.145265   0.023198
          p_z          -0.150088   0.025018
          p_x          -0.142312   0.021949

    2 C   s            -0.013785  -0.000052
          p_y           0.032106   0.001517
          p_z          -0.000587  -0.000004
          p_x           0.001813  -0.000022

    3 C   s            -0.007437  -0.000017
          p_y          -0.099498   0.010664
          p_z           0.017885   0.000282
          p_x           0.106924   0.012537

    4 C   s            -0.050512   0.001986
          p_y           0.023800   0.000669
          p_z           0.032311   0.001343
          p_x          -0.075429   0.006508

    5 C   s            -0.086899   0.005570
          p_y           0.156597   0.031795
          p_z           0.123423   0.020283
          p_x          -0.322159   0.136362

    6 H   s            -0.161927   0.018596

    7 C   s            -0.124945   0.012290
          p_y           0.016666   0.000340
          p_z           0.016603   0.000559
          p_x          -0.071817   0.007491

    8 C   s             0.005175   0.000126
          p_y           0.051352   0.004578
          p_z          -0.053513   0.004420
          p_x          -0.098665   0.016665

    9 C   s            -0.013672   0.000163
          p_y           0.073662   0.006865
          p_z          -0.070886   0.005436
          p_x          -0.055756   0.005357

   10 H   s            -0.260343   0.050416

   11 C   s             0.046882   0.003007
          p_y           0.044619   0.002793
          p_z          -0.238020   0.091499
          p_x           0.178618   0.055175

   12 C   s             0.021601   0.000449
          p_y          -0.105489   0.016677
          p_z           0.039217   0.002543
          p_x           0.224314   0.073399

   13 H   s            -0.172479   0.021729

   14 H   s            -0.180867   0.039845

   15 C   s            -0.017663   0.000111
          p_y          -0.087347   0.008585
          p_z           0.076882   0.006428
          p_x           0.057421   0.004066

   16 C   s            -0.057592   0.003196
          p_y          -0.030248   0.000730
          p_z           0.059303   0.004157
          p_x          -0.015510   0.000518

   17 C   s            -0.004612   0.000018
          p_y          -0.123030   0.024707
          p_z           0.152328   0.037810
          p_x           0.129172   0.027269

   18 H   s            -0.161284   0.034009

   19 C   s            -0.002321   0.000010
          p_y           0.018796   0.000524
          p_z          -0.109393   0.019935
          p_x           0.085255   0.012629

   20 C   s            -0.004300   0.000031
          p_y          -0.000563   0.000004
          p_z          -0.001449   0.000002
          p_x           0.000150   0.000001

   21 C   s            -0.001563   0.000010
          p_y           0.006260   0.000028
          p_z          -0.015971  -0.000017
          p_x           0.008959  -0.000068

   22 H   s            -0.017270  -0.000189

   23 C   s            -0.018169   0.000262
          p_y           0.074087   0.008707
          p_z           0.037919   0.002219
          p_x          -0.166403   0.043765

   24 H   s             0.068834   0.004243

   25 H   s             0.041134   0.002475

   26 H   s            -0.003935  -0.000001

   27 C   s             0.009283   0.000039
          p_y          -0.012140   0.000123
          p_z           0.011295   0.000098
          p_x           0.021435   0.000386

   28 C   s            -0.005232   0.000013
          p_y          -0.001404   0.000000
          p_z           0.025173   0.000689
          p_x          -0.004960   0.000037

   29 H   s            -0.059046   0.003135

   30 C   s            -0.002744   0.000005
          p_y          -0.000697   0.000000
          p_z           0.000460   0.000001
          p_x          -0.000583   0.000001

   31 C   s             0.008034   0.000068
          p_y          -0.001045   0.000002
          p_z          -0.005709   0.000043
          p_x           0.010758   0.000170

   32 H   s             0.003439   0.000016

   33 C   s            -0.005398   0.000016
          p_y          -0.002180   0.000004
          p_z          -0.001219   0.000002
          p_x          -0.002585   0.000006

   34 H   s            -0.006163   0.000024

   35 H   s             0.003337  -0.000002

   36 H   s            -0.005303   0.000014

Eigenvector:  41    (down)

    1 C   s            -0.017975   0.000178
          p_y          -0.065321   0.004978
          p_z          -0.066469   0.004866
          p_x          -0.048656   0.002605

    2 C   s            -0.006199   0.000018
          p_y          -0.244106   0.081692
          p_z          -0.114274   0.017747
          p_x          -0.124176   0.021283

    3 C   s             0.017191   0.000195
          p_y           0.306509   0.101075
          p_z           0.174162   0.032662
          p_x           0.149873   0.024180

    4 C   s            -0.021187   0.000399
          p_y          -0.112238   0.018154
          p_z          -0.048481   0.003061
          p_x          -0.046344   0.003133

    5 C   s            -0.005070   0.000021
          p_y          -0.394815   0.197270
          p_z          -0.164876   0.034164
          p_x          -0.229024   0.066523

    6 H   s            -0.013892   0.000143

    7 C   s            -0.018410   0.000272
          p_y           0.072550   0.007141
          p_z           0.018742   0.000461
          p_x           0.025038   0.000821

    8 C   s            -0.012696   0.000155
          p_y           0.193975   0.057159
          p_z           0.069651   0.007370
          p_x           0.094665   0.013439

    9 C   s             0.009949   0.000057
          p_y          -0.108997   0.014822
          p_z          -0.056942   0.003525
          p_x          -0.041083   0.002239

   10 H   s            -0.019023   0.000308

   11 C   s             0.002791   0.000014
          p_y          -0.160589   0.042171
          p_z          -0.094082   0.014275
          p_x          -0.054105   0.004576

   12 C   s             0.005112   0.000024
          p_y          -0.185275   0.048944
          p_z          -0.080740   0.009229
          p_x          -0.074610   0.007964

   13 H   s            -0.016543   0.000208

   14 H   s            -0.002670   0.000010

   15 C   s             0.022171   0.000266
          p_y           0.227185   0.054964
          p_z           0.148313   0.023524
          p_x           0.102561   0.011044

   16 C   s            -0.003114   0.000009
          p_y          -0.002462   0.000017
          p_z           0.000866  -0.000000
          p_x          -0.004521   0.000033

   17 C   s            -0.001776   0.000003
          p_y          -0.102454   0.016850
          p_z          -0.035526   0.002011
          p_x          -0.039405   0.002461

   18 H   s            -0.027090   0.000954

   19 C   s            -0.001807   0.000005
          p_y          -0.093276   0.014135
          p_z          -0.049685   0.003961
          p_x          -0.032055   0.001603

   20 C   s             0.000747   0.000002
          p_y           0.011532   0.000468
          p_z           0.000132   0.000001
          p_x           0.008000   0.000225

   21 C   s            -0.000462   0.000000
          p_y           0.008195   0.000064
          p_z           0.003871   0.000019
          p_x           0.004839   0.000019

   22 H   s             0.000020   0.000000

   23 C   s             0.005459   0.000026
          p_y          -0.078906   0.009602
          p_z          -0.031182   0.001490
          p_x          -0.051892   0.004143

   24 H   s             0.007881   0.000055

   25 H   s             0.013238   0.000246

   26 H   s             0.002354   0.000001

   27 C   s            -0.007097   0.000023
          p_y          -0.020088   0.000301
          p_z           0.003695   0.000011
          p_x          -0.007340   0.000035

   28 C   s             0.000074   0.000000
          p_y           0.023740   0.000620
          p_z           0.009594   0.000098
          p_x           0.015819   0.000279

   29 H   s             0.000404   0.000000

   30 C   s             0.002642   0.000005
          p_y          -0.018353   0.000337
          p_z          -0.011794   0.000139
          p_x          -0.006236   0.000037

   31 C   s             0.000259  -0.000000
          p_y           0.010866   0.000167
          p_z           0.007639   0.000081
          p_x           0.004198   0.000024

   32 H   s            -0.000829   0.000001

   33 C   s            -0.001967   0.000002
          p_y           0.007930   0.000057
          p_z           0.005660   0.000029
          p_x           0.005362   0.000026

   34 H   s            -0.000755   0.000000

   35 H   s            -0.000513  -0.000000

   36 H   s            -0.001100   0.000001

Eigenvector:  42    (down)

    1 C   s             0.124819   0.009315
          p_y          -0.171980   0.031617
          p_z           0.333475   0.120803
          p_x           0.075040   0.005800

    2 C   s            -0.034485   0.001073
          p_y          -0.006724   0.000062
          p_z          -0.033413   0.001482
          p_x           0.048241   0.003120

    3 C   s            -0.075518   0.003893
          p_y           0.052057   0.002862
          p_z          -0.036108   0.001291
          p_x          -0.079458   0.006844

    4 C   s             0.097379   0.008097
          p_y           0.021137   0.000779
          p_z          -0.117867   0.017137
          p_x           0.129578   0.016475

    5 C   s             0.039761   0.001181
          p_y           0.015611   0.000306
          p_z           0.084295   0.009523
          p_x          -0.156562   0.031777

    6 H   s            -0.006591   0.000060

    7 C   s             0.109697   0.010065
          p_y          -0.044445   0.003084
          p_z           0.019646   0.000663
          p_x           0.046091   0.003366

    8 C   s             0.016928   0.000089
          p_y          -0.082800   0.011074
          p_z           0.101605   0.015297
          p_x           0.064003   0.007380

    9 C   s             0.025072   0.000616
          p_y          -0.090463   0.009404
          p_z           0.149492   0.021041
          p_x           0.020958   0.001754

   10 H   s             0.354805   0.092299

   11 C   s            -0.005734  -0.000004
          p_y          -0.011663   0.000283
          p_z          -0.078639   0.010030
          p_x           0.078527   0.010862

   12 C   s            -0.061111   0.003580
          p_y          -0.162520   0.038607
          p_z           0.214473   0.066910
          p_x           0.074431   0.008366

   13 H   s             0.024806   0.000508

   14 H   s             0.144721   0.025261

   15 C   s            -0.057063   0.002300
          p_y           0.095100   0.010307
          p_z          -0.205524   0.046001
          p_x          -0.026641   0.001034

   16 C   s             0.129002   0.015101
          p_y           0.070205   0.004287
          p_z          -0.136988   0.021226
          p_x           0.038375   0.002533

   17 C   s            -0.022024   0.000442
          p_y          -0.057608   0.005494
          p_z           0.033023   0.001790
          p_x           0.071118   0.008489

   18 H   s            -0.071934   0.006730

   19 C   s             0.016728   0.000276
          p_y           0.075306   0.009307
          p_z          -0.276101   0.121235
          p_x           0.080068   0.009554

   20 C   s            -0.010634   0.000254
          p_y          -0.004388   0.000026
          p_z           0.024677   0.001654
          p_x          -0.016116   0.000977

   21 C   s             0.000928   0.000010
          p_y          -0.014865   0.000148
          p_z           0.039453   0.000012
          p_x          -0.023675  -0.000305

   22 H   s             0.031716  -0.000618

   23 C   s             0.075144   0.004714
          p_y           0.024282   0.000883
          p_z           0.130597   0.026347
          p_x          -0.189673   0.055123

   24 H   s            -0.048827   0.002187

   25 H   s            -0.026013   0.000961

   26 H   s            -0.004231   0.000006

   27 C   s            -0.003771   0.000005
          p_y           0.042697   0.001477
          p_z          -0.049463   0.001846
          p_x          -0.047754   0.001976

   28 C   s             0.014397   0.000097
          p_y           0.001698  -0.000002
          p_z          -0.060131   0.003817
          p_x           0.004571   0.000037

   29 H   s             0.137198   0.016431

   30 C   s             0.000317  -0.000000
          p_y           0.004793   0.000024
          p_z           0.008108   0.000049
          p_x          -0.003920   0.000010

   31 C   s            -0.016980   0.000305
          p_y           0.000142   0.000000
          p_z           0.009964   0.000125
          p_x          -0.023582   0.000804

   32 H   s            -0.003877   0.000023

   33 C   s             0.016425   0.000146
          p_y           0.006086   0.000032
          p_z          -0.001455   0.000001
          p_x           0.002150   0.000003

   34 H   s             0.016533   0.000166

   35 H   s            -0.007441  -0.000009

   36 H   s             0.015677   0.000122

Eigenvector:  43    (down)

    1 C   s            -0.051069   0.001376
          p_y           0.063001   0.004173
          p_z          -0.060486   0.003788
          p_x          -0.015299   0.000257

    2 C   s            -0.010428   0.000065
          p_y          -0.023337   0.000783
          p_z           0.023266   0.000818
          p_x           0.004664   0.000028

    3 C   s            -0.031290   0.000544
          p_y          -0.009926   0.000132
          p_z          -0.009065   0.000095
          p_x           0.077695   0.006829

    4 C   s            -0.043394   0.001343
          p_y           0.021390   0.000487
          p_z          -0.011499  -0.000129
          p_x          -0.013464   0.000583

    5 C   s             0.055117   0.002243
          p_y           0.005472   0.000075
          p_z          -0.104960   0.013850
          p_x          -0.017125   0.000561

    6 H   s            -0.060794   0.002859

    7 C   s             0.023183   0.000568
          p_y          -0.006397   0.000090
          p_z          -0.043798   0.002615
          p_x           0.047008   0.003481

    8 C   s             0.045068   0.002178
          p_y          -0.017435   0.000440
          p_z           0.037369   0.002102
          p_x          -0.018360   0.000508

    9 C   s             0.021721   0.000431
          p_y           0.006560   0.000063
          p_z           0.032362   0.001233
          p_x          -0.057890   0.004259

   10 H   s            -0.100444   0.007306

   11 C   s             0.034809   0.000068
          p_y           0.167737   0.049064
          p_z          -0.145307   0.034629
          p_x          -0.242820   0.104535

   12 C   s            -0.100348   0.008221
          p_y          -0.077002   0.008022
          p_z           0.132844   0.025138
          p_x          -0.039427   0.002568

   13 H   s             0.010600   0.000136

   14 H   s            -0.052303   0.003115

   15 C   s            -0.087394   0.004503
          p_y          -0.028910   0.000876
          p_z          -0.166509   0.030332
          p_x           0.123148   0.017062

   16 C   s             0.043220   0.001576
          p_y           0.027262   0.000711
          p_z          -0.051875   0.002892
          p_x           0.013655   0.000235

   17 C   s             0.135843   0.015965
          p_y          -0.101170   0.015100
          p_z           0.172917   0.046375
          p_x           0.010705   0.000009

   18 H   s             0.373456   0.178647

   19 C   s            -0.008441  -0.000190
          p_y           0.150770   0.039670
          p_z          -0.079888   0.010877
          p_x          -0.258508   0.115885

   20 C   s            -0.026748   0.001530
          p_y          -0.007548   0.000158
          p_z           0.037435   0.004094
          p_x          -0.025517   0.002176

   21 C   s             0.000735   0.000002
          p_y          -0.004674   0.000013
          p_z           0.018900   0.000082
          p_x          -0.011894  -0.000022

   22 H   s             0.007787  -0.000033

   23 C   s            -0.119932   0.012308
          p_y           0.028043   0.001427
          p_z          -0.096244   0.014101
          p_x           0.005508  -0.000042

   24 H   s             0.110624   0.011406

   25 H   s            -0.344457   0.159670

   26 H   s            -0.022292   0.000082

   27 C   s             0.021256   0.000205
          p_y           0.034790   0.000950
          p_z          -0.051589   0.001942
          p_x          -0.019123   0.000357

   28 C   s             0.007615   0.000026
          p_y           0.003369   0.000009
          p_z          -0.027487   0.000778
          p_x           0.000456   0.000001

   29 H   s            -0.080373   0.005855

   30 C   s            -0.008590   0.000049
          p_y           0.003414   0.000013
          p_z           0.015241   0.000209
          p_x          -0.010357   0.000106

   31 C   s            -0.006344   0.000045
          p_y          -0.000447  -0.000000
          p_z           0.002912   0.000010
          p_x          -0.010132   0.000145

   32 H   s             0.000802   0.000000

   33 C   s             0.013736   0.000102
          p_y           0.004494   0.000018
          p_z          -0.005119   0.000023
          p_x          -0.002842   0.000008

   34 H   s             0.009748   0.000055

   35 H   s            -0.003352  -0.000002

   36 H   s             0.013098   0.000085

Eigenvector:  44    (down)

    1 C   s            -0.069347   0.002278
          p_y           0.272078   0.077321
          p_z          -0.095465   0.009660
          p_x           0.062289   0.004099

    2 C   s            -0.041487   0.001149
          p_y           0.002999   0.000006
          p_z           0.085863   0.009541
          p_x          -0.002384   0.000010

    3 C   s            -0.054053   0.001682
          p_y          -0.015908   0.000379
          p_z          -0.098412   0.010114
          p_x           0.151093   0.024896

    4 C   s            -0.083778   0.004984
          p_y           0.094970   0.011178
          p_z           0.015434   0.001135
          p_x          -0.008267   0.000463

    5 C   s             0.001806   0.000010
          p_y          -0.122310   0.018621
          p_z          -0.190012   0.043554
          p_x           0.002725   0.000022

    6 H   s            -0.033095   0.000716

    7 C   s             0.015533   0.000212
          p_y          -0.066613   0.006196
          p_z          -0.020934   0.000595
          p_x          -0.018027   0.000454

    8 C   s             0.075323   0.006118
          p_y          -0.127772   0.023781
          p_z           0.076081   0.008460
          p_x          -0.084061   0.010170

    9 C   s             0.040447   0.001518
          p_y           0.059317   0.004223
          p_z           0.081242   0.007594
          p_x          -0.093604   0.011425

   10 H   s            -0.206341   0.030334

   11 C   s            -0.017903   0.000200
          p_y          -0.148663   0.034873
          p_z           0.123925   0.023346
          p_x          -0.034918   0.001539

   12 C   s            -0.015103   0.000184
          p_y          -0.121947   0.020664
          p_z          -0.089774   0.011446
          p_x          -0.048221   0.002938

   13 H   s            -0.034809   0.000807

   14 H   s            -0.084920   0.007924

   15 C   s            -0.174096   0.017407
          p_y          -0.222397   0.050885
          p_z          -0.466303   0.232819
          p_x           0.170985   0.033753

   16 C   s             0.083538   0.005796
          p_y           0.054990   0.002961
          p_z          -0.097895   0.010122
          p_x           0.027922   0.001006

   17 C   s            -0.100665   0.008456
          p_y          -0.002472   0.000016
          p_z          -0.155304   0.037203
          p_x          -0.020912   0.000525

   18 H   s            -0.070370   0.006226

   19 C   s             0.011347   0.000020
          p_y          -0.112937   0.020817
          p_z          -0.064367   0.005983
          p_x           0.070236   0.008536

   20 C   s            -0.056026   0.006669
          p_y          -0.025183   0.001848
          p_z           0.076164   0.016275
          p_x          -0.059590   0.011676

   21 C   s             0.002348   0.000012
          p_y          -0.008187   0.000042
          p_z           0.034641   0.000228
          p_x          -0.025197  -0.000037

   22 H   s             0.014656  -0.000115

   23 C   s             0.051502   0.002297
          p_y          -0.067239   0.006966
          p_z           0.027646   0.001117
          p_x          -0.075826   0.007865

   24 H   s            -0.151231   0.020372

   25 H   s             0.114099   0.017207

   26 H   s            -0.046686   0.000352

   27 C   s             0.049229   0.001087
          p_y           0.080392   0.004960
          p_z          -0.106847   0.008224
          p_x          -0.033757   0.001161

   28 C   s             0.015227   0.000106
          p_y          -0.009933   0.000125
          p_z          -0.058676   0.003504
          p_x          -0.010622   0.000108

   29 H   s             0.066801   0.003789

   30 C   s            -0.020070   0.000266
          p_y           0.022169   0.000502
          p_z           0.040414   0.001482
          p_x          -0.016376   0.000266

   31 C   s            -0.012161   0.000162
          p_y          -0.009662   0.000110
          p_z          -0.000804   0.000002
          p_x          -0.022866   0.000719

   32 H   s             0.001836   0.000002

   33 C   s             0.028838   0.000444
          p_y           0.003225   0.000009
          p_z          -0.014136   0.000173
          p_x          -0.010180   0.000097

   34 H   s             0.019811   0.000221

   35 H   s            -0.005978  -0.000006

   36 H   s             0.027058   0.000362

Eigenvector:  45    (down)

    1 C   s             0.028210   0.000315
          p_y           0.258418   0.069028
          p_z           0.242674   0.060798
          p_x           0.159521   0.026269

    2 C   s             0.031531   0.000680
          p_y           0.100785   0.012820
          p_z           0.002678   0.000007
          p_x           0.046341   0.002692

    3 C   s             0.038468   0.000853
          p_y          -0.033854   0.001243
          p_z           0.047966   0.002232
          p_x          -0.111185   0.013526

    4 C   s             0.083226   0.005207
          p_y           0.082557   0.010406
          p_z           0.074663   0.004073
          p_x           0.060360   0.007645

    5 C   s             0.000087  -0.000000
          p_y          -0.209100   0.052385
          p_z          -0.014419   0.000273
          p_x          -0.134694   0.022192

    6 H   s             0.023311   0.000373

    7 C   s            -0.010643   0.000102
          p_y          -0.124062   0.021007
          p_z          -0.066989   0.006201
          p_x          -0.072612   0.007229

    8 C   s            -0.042235   0.001939
          p_y          -0.118860   0.020490
          p_z          -0.154011   0.034080
          p_x          -0.053374   0.004235

    9 C   s            -0.039702   0.001314
          p_y           0.084769   0.007985
          p_z          -0.018689   0.000574
          p_x           0.110333   0.014597

   10 H   s             0.121251   0.010593

   11 C   s             0.006589   0.000030
          p_y          -0.076399   0.009002
          p_z          -0.127795   0.024846
          p_x          -0.040122   0.002595

   12 C   s             0.011493   0.000109
          p_y          -0.211661   0.061128
          p_z          -0.098131   0.013022
          p_x          -0.115107   0.018488

   13 H   s             0.021235   0.000296

   14 H   s             0.046313   0.002336

   15 C   s             0.105225   0.006581
          p_y          -0.356587   0.130394
          p_z           0.096309   0.010885
          p_x          -0.357013   0.135153

   16 C   s            -0.086072   0.006110
          p_y          -0.051355   0.002246
          p_z           0.102143   0.011089
          p_x          -0.021126   0.000598

   17 C   s             0.047870   0.001890
          p_y          -0.117589   0.020839
          p_z           0.013337   0.000282
          p_x          -0.054090   0.004577

   18 H   s             0.016963   0.000357

   19 C   s            -0.005266   0.000008
          p_y          -0.112556   0.018977
          p_z          -0.030843   0.001545
          p_x          -0.111503   0.019591

   20 C   s             0.047210   0.004551
          p_y          -0.008329   0.000298
          p_z          -0.069739   0.014215
          p_x           0.032926   0.003547

   21 C   s            -0.001739   0.000010
          p_y           0.006775   0.000022
          p_z          -0.032812   0.000189
          p_x           0.022174  -0.000083

   22 H   s            -0.016311  -0.000147

   23 C   s            -0.021064   0.000388
          p_y          -0.108080   0.016960
          p_z          -0.078428   0.008986
          p_x          -0.022420   0.000825

   24 H   s             0.077311   0.005249

   25 H   s            -0.046047   0.002765

   26 H   s             0.032696   0.000172

   27 C   s            -0.025706   0.000298
          p_y          -0.039262   0.001251
          p_z           0.085369   0.005157
          p_x           0.046793   0.001933

   28 C   s            -0.015394   0.000107
          p_y          -0.028482   0.000802
          p_z           0.040010   0.001599
          p_x          -0.014910   0.000258

   29 H   s            -0.032395   0.000870

   30 C   s             0.011204   0.000082
          p_y           0.023173   0.000496
          p_z          -0.008108   0.000045
          p_x           0.029682   0.000837

   31 C   s             0.010244   0.000121
          p_y          -0.014820   0.000319
          p_z          -0.015594   0.000306
          p_x           0.010896   0.000171

   32 H   s            -0.000607   0.000000

   33 C   s            -0.021300   0.000239
          p_y          -0.022266   0.000431
          p_z          -0.000072   0.000000
          p_x          -0.002991   0.000006

   34 H   s            -0.017502   0.000173

   35 H   s             0.006378  -0.000008

   36 H   s            -0.021438   0.000222

Eigenvector:  46    (down)

    1 C   s            -0.044753   0.001044
          p_y           0.076921   0.005780
          p_z          -0.167297   0.028315
          p_x           0.037988   0.001599

    2 C   s            -0.054156   0.002074
          p_y          -0.032145   0.001286
          p_z           0.161862   0.031939
          p_x          -0.013620   0.000170

    3 C   s             0.013732   0.000113
          p_y          -0.112506   0.012826
          p_z           0.223140   0.049255
          p_x          -0.039282   0.001309

    4 C   s            -0.073680   0.004588
          p_y          -0.057705   0.004308
          p_z           0.121350   0.016892
          p_x          -0.063158   0.003024

    5 C   s             0.036851   0.001079
          p_y           0.072778   0.005774
          p_z          -0.187289   0.038566
          p_x           0.103267   0.012297

    6 H   s            -0.032439   0.000744

    7 C   s             0.073299   0.004576
          p_y           0.037560   0.001526
          p_z          -0.255723   0.082115
          p_x           0.124942   0.021249

    8 C   s             0.022590   0.000312
          p_y           0.043238   0.002513
          p_z          -0.143131   0.027310
          p_x           0.064001   0.005424

    9 C   s            -0.007071   0.000069
          p_y           0.017179   0.000139
          p_z          -0.081067   0.004105
          p_x           0.046710   0.000577

   10 H   s            -0.103593   0.007161

   11 C   s             0.008667   0.000011
          p_y          -0.024186   0.000740
          p_z           0.184120   0.047884
          p_x          -0.087475   0.011245

   12 C   s            -0.030966   0.000875
          p_y          -0.100508   0.013289
          p_z           0.309847   0.124430
          p_x          -0.101244   0.012968

   13 H   s             0.024322   0.000453

   14 H   s            -0.003670   0.000011

   15 C   s             0.070571   0.002822
          p_y          -0.046787   0.002409
          p_z           0.245196   0.061596
          p_x          -0.046092   0.002057

   16 C   s            -0.096428   0.007255
          p_y          -0.070326   0.004519
          p_z           0.088594   0.007929
          p_x          -0.036001   0.001679

   17 C   s            -0.086018   0.006113
          p_y           0.048648   0.003303
          p_z          -0.094604   0.012886
          p_x           0.018113   0.000560

   18 H   s             0.042359   0.002159

   19 C   s            -0.038933   0.001314
          p_y           0.097646   0.014037
          p_z          -0.297630   0.126550
          p_x           0.078457   0.008112

   20 C   s             0.027184   0.001412
          p_y           0.008630   0.000152
          p_z          -0.038995   0.003817
          p_x           0.029712   0.002710

   21 C   s            -0.000554   0.000003
          p_y          -0.001645   0.000004
          p_z          -0.027915  -0.000002
          p_x           0.019498  -0.000076

   22 H   s            -0.016486  -0.000156

   23 C   s             0.112293   0.010167
          p_y           0.016851   0.000376
          p_z           0.135512   0.025521
          p_x          -0.148470   0.030284

   24 H   s            -0.174439   0.025060

   25 H   s            -0.002341   0.000016

   26 H   s             0.012176   0.000019

   27 C   s            -0.012142   0.000065
          p_y          -0.030906   0.000747
          p_z           0.061889   0.002641
          p_x           0.043253   0.001567

   28 C   s            -0.011501   0.000060
          p_y           0.059786   0.003727
          p_z           0.065307   0.004159
          p_x           0.040765   0.001641

   29 H   s             0.182610   0.026356

   30 C   s             0.006514   0.000027
          p_y          -0.022334   0.000480
          p_z          -0.021066   0.000378
          p_x           0.002299   0.000003

   31 C   s             0.010467   0.000104
          p_y           0.017506   0.000381
          p_z           0.007764   0.000086
          p_x           0.020763   0.000568

   32 H   s             0.001622   0.000003

   33 C   s            -0.014302   0.000106
          p_y          -0.013209   0.000139
          p_z           0.001406   0.000002
          p_x          -0.000818   0.000000

   34 H   s            -0.014582   0.000115

   35 H   s             0.003968  -0.000003

   36 H   s            -0.012726   0.000077

Eigenvector:  47    (down)

    1 C   s            -0.012998   0.000072
          p_y           0.210697   0.043676
          p_z           0.090823   0.008376
          p_x           0.091905   0.008206

    2 C   s             0.018044   0.000238
          p_y           0.219988   0.059455
          p_z           0.089875   0.009995
          p_x           0.102712   0.012850

    3 C   s            -0.009667   0.000045
          p_y          -0.224833   0.049749
          p_z          -0.137040   0.018277
          p_x          -0.098076   0.009348

    4 C   s            -0.009888   0.000062
          p_y          -0.101337   0.013095
          p_z          -0.082959   0.007312
          p_x          -0.026904   0.001357

    5 C   s            -0.007799   0.000045
          p_y           0.071287   0.005871
          p_z           0.043128   0.002030
          p_x           0.042951   0.002092

    6 H   s             0.005866   0.000027

    7 C   s             0.003176   0.000005
          p_y          -0.254670   0.082651
          p_z          -0.091493   0.010759
          p_x          -0.130284   0.021754

    8 C   s             0.002053   0.000005
          p_y           0.068984   0.006510
          p_z           0.057701   0.004413
          p_x           0.033291   0.001544

    9 C   s             0.021322   0.000337
          p_y          -0.128486   0.018368
          p_z          -0.026074   0.000811
          p_x          -0.062785   0.003965

   10 H   s             0.006492   0.000011

   11 C   s             0.001533   0.000002
          p_y           0.021282   0.000659
          p_z          -0.007579   0.000084
          p_x           0.004713   0.000024

   12 C   s            -0.001227   0.000000
          p_y          -0.149619   0.029186
          p_z          -0.118799   0.018378
          p_x          -0.077308   0.007717

   13 H   s             0.000598   0.000000

   14 H   s            -0.002109   0.000005

   15 C   s            -0.008762   0.000067
          p_y           0.389586   0.147559
          p_z           0.121568   0.013848
          p_x           0.214815   0.044816

   16 C   s             0.007198   0.000074
          p_y          -0.090495   0.009243
          p_z          -0.094761   0.009062
          p_x          -0.048966   0.002483

   17 C   s             0.002010   0.000004
          p_y          -0.042499   0.002540
          p_z          -0.003806   0.000021
          p_x          -0.007812   0.000092

   18 H   s             0.011094   0.000139

   19 C   s             0.006448   0.000030
          p_y          -0.125103   0.022770
          p_z          -0.018958   0.000528
          p_x          -0.051061   0.003624

   20 C   s            -0.017274   0.000534
          p_y           0.029035   0.002467
          p_z           0.027652   0.002178
          p_x           0.003686   0.000031

   21 C   s             0.001760   0.000004
          p_y          -0.042741   0.001079
          p_z          -0.007488   0.000065
          p_x          -0.027161   0.000250

   22 H   s             0.006604  -0.000026

   23 C   s            -0.013439   0.000141
          p_y          -0.075515   0.007933
          p_z          -0.047895   0.003177
          p_x          -0.037292   0.001917

   24 H   s             0.005142   0.000021

   25 H   s             0.016882   0.000350

   26 H   s            -0.007015   0.000008

   27 C   s             0.007458   0.000020
          p_y           0.069947   0.003402
          p_z           0.013818   0.000135
          p_x           0.025260   0.000396

   28 C   s             0.019938   0.000171
          p_y           0.369785   0.136949
          p_z           0.139568   0.019400
          p_x           0.228305   0.052684

   29 H   s            -0.023872   0.000444

   30 C   s            -0.000612   0.000001
          p_y          -0.129353   0.015547
          p_z          -0.054213   0.002784
          p_x          -0.068860   0.004440

   31 C   s             0.004448  -0.000004
          p_y           0.111188   0.016081
          p_z           0.080337   0.008288
          p_x           0.040916   0.002095

   32 H   s             0.006422   0.000041

   33 C   s             0.011225   0.000056
          p_y          -0.021131   0.000305
          p_z          -0.006895   0.000024
          p_x          -0.015043   0.000186

   34 H   s             0.004768   0.000013

   35 H   s            -0.005076  -0.000007

   36 H   s             0.018505   0.000154

Eigenvector:  48    (down)

    1 C   s             0.014988   0.000109
          p_y          -0.119743   0.013894
          p_z          -0.024866   0.000652
          p_x          -0.050549   0.002444

    2 C   s            -0.013229   0.000126
          p_y          -0.131038   0.020885
          p_z          -0.064553   0.005068
          p_x          -0.058932   0.004224

    3 C   s            -0.000450   0.000000
          p_y           0.130597   0.016636
          p_z           0.043359   0.001781
          p_x           0.061036   0.003556

    4 C   s             0.018304   0.000273
          p_y           0.112298   0.015973
          p_z           0.057897   0.004303
          p_x           0.058809   0.004301

    5 C   s             0.004234   0.000013
          p_y          -0.049218   0.002765
          p_z          -0.013753   0.000198
          p_x          -0.055825   0.003491

    6 H   s            -0.007038   0.000034

    7 C   s            -0.011778   0.000104
          p_y           0.140949   0.025124
          p_z           0.086592   0.009468
          p_x           0.061041   0.004702

    8 C   s             0.002654   0.000006
          p_y          -0.070474   0.006699
          p_z          -0.017122   0.000392
          p_x          -0.035904   0.001739

    9 C   s             0.000867   0.000002
          p_y           0.096117   0.009931
          p_z           0.068996   0.004862
          p_x           0.040295   0.001870

   10 H   s             0.016136   0.000194

   11 C   s            -0.006113   0.000019
          p_y          -0.025181   0.000961
          p_z          -0.004838   0.000025
          p_x           0.017755   0.000515

   12 C   s             0.000537   0.000000
          p_y           0.088730   0.010194
          p_z           0.046999   0.002893
          p_x           0.071671   0.006453

   13 H   s            -0.008071   0.000041

   14 H   s             0.001660   0.000004

   15 C   s            -0.013422   0.000089
          p_y          -0.250043   0.059492
          p_z          -0.136894   0.017786
          p_x          -0.116364   0.012976

   16 C   s            -0.039854   0.000877
          p_y          -0.184283   0.034448
          p_z          -0.097294   0.009335
          p_x          -0.086606   0.007654

   17 C   s             0.010262   0.000078
          p_y           0.038017   0.002004
          p_z          -0.002957   0.000011
          p_x          -0.014530   0.000287

   18 H   s            -0.038168   0.001647

   19 C   s            -0.001918  -0.000001
          p_y           0.080882   0.009526
          p_z           0.041739   0.002437
          p_x           0.005311   0.000023

   20 C   s            -0.002198   0.000009
          p_y          -0.000948   0.000009
          p_z          -0.002335   0.000027
          p_x          -0.001232   0.000007

   21 C   s             0.002274   0.000000
          p_y          -0.084296   0.004542
          p_z          -0.037238   0.000875
          p_x          -0.039636   0.000878

   22 H   s             0.001087  -0.000001

   23 C   s             0.001756   0.000002
          p_y           0.038968   0.002110
          p_z           0.013181   0.000241
          p_x           0.064072   0.005526

   24 H   s             0.022614   0.000414

   25 H   s            -0.040570   0.001944

   26 H   s            -0.002839   0.000002

   27 C   s             0.016330   0.000094
          p_y           0.128910   0.011039
          p_z           0.060862   0.002463
          p_x           0.084735   0.004879

   28 C   s             0.024217   0.000251
          p_y           0.587989   0.343413
          p_z           0.252113   0.062516
          p_x           0.364165   0.132329

   29 H   s             0.009253   0.000066

   30 C   s            -0.000700   0.000001
          p_y          -0.133985   0.016661
          p_z          -0.055158   0.002831
          p_x          -0.069260   0.004555

   31 C   s             0.010983   0.000038
          p_y           0.149880   0.028978
          p_z           0.107867   0.014953
          p_x           0.061471   0.004753

   32 H   s             0.012558   0.000155

   33 C   s             0.012543   0.000065
          p_y          -0.082763   0.005189
          p_z          -0.030731   0.000664
          p_x          -0.046051   0.001708

   34 H   s            -0.001115   0.000001

   35 H   s            -0.004129  -0.000005

   36 H   s             0.022531   0.000228

Eigenvector:  49    (down)

    1 C   s             0.010771   0.000029
          p_y          -0.034714   0.001156
          p_z           0.013635   0.000211
          p_x          -0.008321   0.000094

    2 C   s             0.076774   0.003966
          p_y           0.005839   0.000036
          p_z          -0.090815   0.010095
          p_x          -0.002477  -0.000000

    3 C   s            -0.001401   0.000005
          p_y           0.033368   0.001037
          p_z           0.009333   0.000110
          p_x          -0.000429   0.000000

    4 C   s             0.017563   0.000238
          p_y           0.021880   0.000608
          p_z          -0.004663   0.000033
          p_x           0.018112   0.000418

    5 C   s            -0.023712   0.000467
          p_y          -0.123225   0.016309
          p_z           0.034685   0.000982
          p_x           0.190467   0.040257

    6 H   s             0.081155   0.004100

    7 C   s             0.063190   0.002819
          p_y           0.035174   0.001687
          p_z          -0.032991   0.001520
          p_x           0.038356   0.001723

    8 C   s             0.001874   0.000002
          p_y          -0.008303   0.000092
          p_z          -0.007540   0.000071
          p_x          -0.005532   0.000046

    9 C   s            -0.003714   0.000009
          p_y           0.014978   0.000266
          p_z           0.013217   0.000110
          p_x           0.005609   0.000064

   10 H   s             0.013153   0.000104

   11 C   s             0.041817   0.000752
          p_y           0.135113   0.028631
          p_z          -0.118927   0.021296
          p_x          -0.159015   0.040685

   12 C   s             0.018932   0.000292
          p_y           0.139863   0.024242
          p_z          -0.094712   0.011912
          p_x          -0.155051   0.028311

   13 H   s             0.062005   0.002247

   14 H   s             0.000837  -0.000000

   15 C   s            -0.000646   0.000000
          p_y          -0.043991   0.001833
          p_z          -0.013653   0.000165
          p_x          -0.030685   0.000938

   16 C   s            -0.003464   0.000007
          p_y          -0.015792   0.000247
          p_z          -0.007456   0.000054
          p_x          -0.006748   0.000047

   17 C   s            -0.042001   0.001170
          p_y          -0.187469   0.048024
          p_z           0.175468   0.042320
          p_x           0.225187   0.069078

   18 H   s             0.328306   0.120854

   19 C   s             0.036801   0.000309
          p_y          -0.128964   0.026232
          p_z           0.021219   0.000770
          p_x           0.252857   0.099412

   20 C   s             0.001937   0.000007
          p_y          -0.001204   0.000005
          p_z          -0.003319   0.000032
          p_x           0.000874   0.000002

   21 C   s            -0.000081   0.000000
          p_y          -0.007521   0.000036
          p_z          -0.003602   0.000009
          p_x          -0.003085   0.000006

   22 H   s            -0.000029   0.000000

   23 C   s            -0.059263   0.002567
          p_y           0.123745   0.020195
          p_z           0.063656   0.005452
          p_x          -0.297024   0.116680

   24 H   s            -0.117929   0.011237

   25 H   s             0.372437   0.163647

   26 H   s             0.001241   0.000000

   27 C   s             0.000009  -0.000000
          p_y           0.010025   0.000065
          p_z           0.007765   0.000039
          p_x           0.008101   0.000046

   28 C   s             0.001744   0.000001
          p_y           0.048024   0.002283
          p_z           0.021496   0.000453
          p_x           0.029820   0.000883

   29 H   s            -0.150596   0.017408

   30 C   s             0.000564   0.000000
          p_y          -0.008712   0.000071
          p_z          -0.004250   0.000017
          p_x          -0.003759   0.000014

   31 C   s             0.000922   0.000000
          p_y           0.011389   0.000167
          p_z           0.008239   0.000087
          p_x           0.004898   0.000030

   32 H   s             0.001038   0.000001

   33 C   s             0.000427   0.000000
          p_y          -0.008397   0.000054
          p_z          -0.002915   0.000006
          p_x          -0.004204   0.000014

   34 H   s            -0.000493   0.000000

   35 H   s            -0.000227  -0.000000

   36 H   s             0.001183   0.000001

Eigenvector:  50    (down)

    1 C   s             0.011385   0.000057
          p_y          -0.207871   0.038525
          p_z          -0.088592   0.007067
          p_x          -0.096470   0.008307

    2 C   s            -0.000438   0.000000
          p_y           0.058569   0.003987
          p_z           0.025705   0.000746
          p_x           0.031232   0.001140

    3 C   s            -0.000524   0.000000
          p_y           0.012882   0.000183
          p_z           0.005147   0.000027
          p_x           0.004728   0.000022

    4 C   s            -0.007124   0.000039
          p_y           0.012730   0.000159
          p_z           0.016288   0.000282
          p_x          -0.000817   0.000001

    5 C   s            -0.002587   0.000004
          p_y           0.266627   0.073340
          p_z           0.116515   0.014009
          p_x           0.130683   0.017651

    6 H   s             0.001401   0.000001

    7 C   s            -0.003575   0.000008
          p_y           0.165123   0.031774
          p_z           0.076121   0.006762
          p_x           0.080052   0.007461

    8 C   s             0.000566   0.000000
          p_y          -0.008922   0.000096
          p_z          -0.003575   0.000015
          p_x          -0.004091   0.000020

    9 C   s            -0.002925   0.000005
          p_y           0.030000   0.000944
          p_z           0.011903   0.000191
          p_x           0.012773   0.000143

   10 H   s            -0.005085   0.000012

   11 C   s             0.000876   0.000001
          p_y          -0.089365   0.010909
          p_z          -0.039819   0.002177
          p_x          -0.045692   0.002854

   12 C   s             0.002806   0.000006
          p_y           0.149670   0.025725
          p_z           0.077812   0.006985
          p_x           0.074724   0.006405

   13 H   s            -0.000942   0.000001

   14 H   s             0.000018   0.000000

   15 C   s            -0.001080   0.000000
          p_y          -0.022219   0.000429
          p_z          -0.010931   0.000102
          p_x          -0.009968   0.000079

   16 C   s             0.000544   0.000000
          p_y          -0.002161   0.000002
          p_z          -0.002137   0.000004
          p_x          -0.000446  -0.000000

   17 C   s            -0.004507   0.000015
          p_y          -0.363469   0.169797
          p_z          -0.172630   0.038276
          p_x          -0.179136   0.041133

   18 H   s            -0.000092   0.000000

   19 C   s            -0.002349   0.000005
          p_y          -0.222479   0.064559
          p_z          -0.108033   0.015214
          p_x          -0.116038   0.017656

   20 C   s             0.000104   0.000000
          p_y          -0.001356   0.000005
          p_z          -0.000674   0.000001
          p_x          -0.000687   0.000001

   21 C   s             0.000106   0.000000
          p_y          -0.004451   0.000014
          p_z          -0.002176   0.000004
          p_x          -0.002060   0.000003

   22 H   s             0.000079  -0.000000

   23 C   s             0.007007   0.000033
          p_y          -0.459596   0.263237
          p_z          -0.213870   0.056965
          p_x          -0.227089   0.064225

   24 H   s            -0.002828   0.000007

   25 H   s            -0.003533   0.000013

   26 H   s            -0.000146   0.000000

   27 C   s             0.000248   0.000000
          p_y           0.001985   0.000002
          p_z           0.000843   0.000000
          p_x           0.001246   0.000001

   28 C   s             0.000528   0.000000
          p_y           0.009490   0.000083
          p_z           0.004428   0.000018
          p_x           0.005834   0.000031

   29 H   s             0.004266   0.000015

   30 C   s             0.000083   0.000000
          p_y           0.002961   0.000007
          p_z           0.001421   0.000002
          p_x           0.001516   0.000002

   31 C   s             0.000070   0.000000
          p_y           0.000810   0.000001
          p_z           0.000726   0.000001
          p_x           0.000346   0.000000

   32 H   s             0.000455   0.000000

   33 C   s             0.000262   0.000000
          p_y          -0.003683   0.000010
          p_z          -0.001559   0.000002
          p_x          -0.001905   0.000003

   34 H   s             0.000053   0.000000

   35 H   s             0.000011  -0.000000

   36 H   s             0.000299   0.000000

Eigenvector:  51    (down)

    1 C   s             0.000764   0.000000
          p_y          -0.013034   0.000149
          p_z          -0.005370   0.000025
          p_x          -0.006073   0.000032

    2 C   s            -0.000047   0.000000
          p_y           0.003567   0.000015
          p_z           0.001218   0.000002
          p_x           0.002060   0.000005

    3 C   s            -0.000253   0.000000
          p_y           0.005120   0.000024
          p_z           0.001404   0.000002
          p_x           0.002937   0.000008

    4 C   s            -0.001556   0.000002
          p_y          -0.005004   0.000030
          p_z          -0.003360   0.000005
          p_x           0.001965   0.000000

    5 C   s            -0.000217   0.000000
          p_y           0.017842   0.000322
          p_z           0.008071   0.000066
          p_x           0.008494   0.000073

    6 H   s             0.000078   0.000000

    7 C   s             0.000598   0.000000
          p_y          -0.020846   0.000494
          p_z          -0.008971   0.000092
          p_x          -0.010011   0.000114

    8 C   s            -0.000901   0.000001
          p_y           0.030435   0.001117
          p_z           0.015461   0.000282
          p_x           0.014980   0.000268

    9 C   s             0.003840   0.000009
          p_y          -0.007207   0.000046
          p_z           0.004690   0.000023
          p_x          -0.003398   0.000008

   10 H   s             0.001574   0.000001

   11 C   s            -0.000151   0.000000
          p_y           0.021060   0.000563
          p_z           0.010040   0.000129
          p_x           0.010792   0.000148

   12 C   s            -0.000458   0.000000
          p_y          -0.022929   0.000600
          p_z          -0.011619   0.000154
          p_x          -0.010613   0.000128

   13 H   s             0.000121   0.000000

   14 H   s            -0.001037   0.000001

   15 C   s             0.000490  -0.000000
          p_y           0.033050   0.000954
          p_z           0.012053   0.000127
          p_x           0.020714   0.000375

   16 C   s            -0.000624  -0.000000
          p_y          -0.009942   0.000100
          p_z          -0.001815   0.000008
          p_x           0.000023   0.000000

   17 C   s             0.000188   0.000000
          p_y           0.014994   0.000280
          p_z           0.006782   0.000057
          p_x           0.007068   0.000062

   18 H   s            -0.000403   0.000000

   19 C   s             0.000097   0.000000
          p_y          -0.016887   0.000358
          p_z          -0.007295   0.000067
          p_x          -0.008835   0.000098

   20 C   s             0.006067   0.000043
          p_y          -0.039373   0.003262
          p_z          -0.012442   0.000328
          p_x          -0.016568   0.000583

   21 C   s            -0.008244   0.000036
          p_y           0.019515   0.000427
          p_z          -0.000162  -0.000000
          p_x           0.007878   0.000073

   22 H   s             0.001104  -0.000001

   23 C   s            -0.000168   0.000000
          p_y          -0.003083   0.000011
          p_z          -0.001672   0.000003
          p_x          -0.000944   0.000001

   24 H   s             0.000249   0.000000

   25 H   s            -0.000431   0.000000

   26 H   s            -0.001734  -0.000001

   27 C   s            -0.002200   0.000000
          p_y          -0.286114   0.051438
          p_z          -0.125467   0.010003
          p_x          -0.133288   0.011131

   28 C   s             0.025213   0.000333
          p_y           0.265754   0.062842
          p_z           0.140023   0.017359
          p_x           0.153895   0.020651

   29 H   s            -0.000136   0.000000

   30 C   s             0.005607   0.000015
          p_y           0.690892   0.402475
          p_z           0.319013   0.085659
          p_x           0.354314   0.106057

   31 C   s            -0.044967   0.001406
          p_y          -0.258369   0.073727
          p_z          -0.157821   0.027487
          p_x          -0.138498   0.021035

   32 H   s             0.013709   0.000157

   33 C   s             0.012414   0.000073
          p_y          -0.304602   0.069380
          p_z          -0.131999   0.013056
          p_x          -0.135415   0.013513

   34 H   s            -0.002544   0.000002

   35 H   s            -0.002425   0.000002

   36 H   s            -0.005593   0.000008

Eigenvector:  52    (down)

    1 C   s             0.011473   0.000052
          p_y          -0.207586   0.036503
          p_z          -0.087376   0.006562
          p_x          -0.093285   0.007312

    2 C   s            -0.004885   0.000017
          p_y          -0.070861   0.005087
          p_z          -0.037074   0.001428
          p_x          -0.031189   0.000967

    3 C   s             0.007418   0.000020
          p_y           0.257042   0.055544
          p_z           0.117390   0.011573
          p_x           0.121262   0.012259

    4 C   s            -0.002320   0.000004
          p_y           0.035366   0.001296
          p_z           0.028540   0.000840
          p_x           0.010269   0.000122

    5 C   s            -0.000709  -0.000000
          p_y           0.202145   0.039990
          p_z           0.092335   0.008345
          p_x           0.095703   0.008969

    6 H   s             0.001274   0.000001

    7 C   s             0.000824   0.000000
          p_y          -0.080733   0.007475
          p_z          -0.037129   0.001621
          p_x          -0.040192   0.001850

    8 C   s            -0.005334   0.000019
          p_y           0.079193   0.007295
          p_z           0.041345   0.002016
          p_x           0.036428   0.001518

    9 C   s            -0.002138   0.000002
          p_y           0.041613   0.001622
          p_z           0.018358   0.000350
          p_x           0.017126   0.000239

   10 H   s            -0.003077   0.000003

   11 C   s            -0.002117   0.000003
          p_y           0.366790   0.164556
          p_z           0.174808   0.037479
          p_x           0.186163   0.042449

   12 C   s            -0.004160   0.000010
          p_y          -0.322847   0.114585
          p_z          -0.157185   0.027171
          p_x          -0.153167   0.025820

   13 H   s             0.001599   0.000002

   14 H   s            -0.001453   0.000003

   15 C   s            -0.004080   0.000004
          p_y          -0.149926   0.018576
          p_z          -0.071730   0.004239
          p_x          -0.072304   0.004316

   16 C   s            -0.003188   0.000005
          p_y          -0.004793   0.000014
          p_z           0.001832   0.000003
          p_x          -0.000353  -0.000000

   17 C   s             0.003198   0.000006
          p_y           0.274312   0.089946
          p_z           0.125738   0.018932
          p_x           0.131360   0.020659

   18 H   s            -0.004624   0.000020

   19 C   s            -0.000336  -0.000000
          p_y          -0.328117   0.129961
          p_z          -0.149055   0.026809
          p_x          -0.169648   0.034785

   20 C   s             0.002419   0.000008
          p_y          -0.009105   0.000203
          p_z          -0.006161   0.000094
          p_x          -0.003279   0.000025

   21 C   s             0.000422   0.000000
          p_y          -0.004337   0.000015
          p_z          -0.001876   0.000002
          p_x          -0.000815   0.000001

   22 H   s            -0.000247  -0.000000

   23 C   s            -0.000123   0.000000
          p_y          -0.095636   0.010572
          p_z          -0.046543   0.002502
          p_x          -0.041854   0.002045

   24 H   s             0.003057   0.000007

   25 H   s            -0.004982   0.000024

   26 H   s             0.000239   0.000000

   27 C   s             0.002009   0.000001
          p_y           0.025763   0.000389
          p_z           0.012257   0.000089
          p_x           0.015079   0.000137

   28 C   s            -0.002066   0.000002
          p_y          -0.010505   0.000094
          p_z          -0.004106   0.000015
          p_x          -0.005412   0.000024

   29 H   s            -0.000019  -0.000000

   30 C   s            -0.000720   0.000000
          p_y          -0.038667   0.001231
          p_z          -0.017397   0.000247
          p_x          -0.019917   0.000330

   31 C   s             0.003457   0.000008
          p_y           0.016661   0.000296
          p_z           0.010332   0.000116
          p_x           0.009445   0.000096

   32 H   s            -0.000514   0.000000

   33 C   s            -0.000608   0.000000
          p_y           0.013159   0.000127
          p_z           0.005773   0.000025
          p_x           0.005386   0.000021

   34 H   s            -0.000420   0.000000

   35 H   s             0.000489  -0.000000

   36 H   s             0.000610   0.000000

Eigenvector:  53    (down)

    1 C   s            -0.016578   0.000087
          p_y           0.271392   0.053392
          p_z           0.108254   0.008598
          p_x           0.121365   0.010609

    2 C   s            -0.004839   0.000008
          p_y          -0.123081   0.013947
          p_z          -0.050528   0.002308
          p_x          -0.066949   0.004143

    3 C   s            -0.007417   0.000015
          p_y          -0.265068   0.050901
          p_z          -0.127743   0.011940
          p_x          -0.126556   0.011441

    4 C   s             0.012390   0.000096
          p_y          -0.034058   0.000999
          p_z          -0.041444   0.001644
          p_x          -0.014979   0.000192

    5 C   s             0.003813   0.000007
          p_y          -0.252015   0.051465
          p_z          -0.114395   0.010507
          p_x          -0.124959   0.012642

    6 H   s            -0.007575   0.000029

    7 C   s            -0.014994   0.000112
          p_y           0.421717   0.165105
          p_z           0.198199   0.036569
          p_x           0.202871   0.038212

    8 C   s             0.015563   0.000134
          p_y          -0.291678   0.084289
          p_z          -0.143255   0.020348
          p_x          -0.141686   0.019642

    9 C   s            -0.003215   0.000005
          p_y          -0.037876   0.001108
          p_z          -0.025476   0.000605
          p_x          -0.017200   0.000173

   10 H   s             0.003460   0.000004

   11 C   s            -0.000243   0.000000
          p_y           0.198117   0.040799
          p_z           0.095365   0.009450
          p_x           0.098517   0.010117

   12 C   s             0.003829   0.000009
          p_y           0.158418   0.022916
          p_z           0.078405   0.005672
          p_x           0.073127   0.004811

   13 H   s            -0.006635   0.000026

   14 H   s             0.008735   0.000066

   15 C   s             0.001589  -0.000001
          p_y           0.220555   0.034163
          p_z           0.105736   0.007890
          p_x           0.094863   0.006339

   16 C   s             0.010721   0.000049
          p_y           0.011976   0.000103
          p_z          -0.011132   0.000085
          p_x          -0.003316   0.000014

   17 C   s             0.002963   0.000004
          p_y           0.276598   0.076014
          p_z           0.129673   0.016721
          p_x           0.135833   0.018362

   18 H   s             0.000011   0.000000

   19 C   s            -0.001238   0.000001
          p_y          -0.239003   0.057643
          p_z          -0.110888   0.012406
          p_x          -0.121860   0.015017

   20 C   s            -0.004743   0.000023
          p_y           0.024422   0.001114
          p_z           0.013289   0.000338
          p_x           0.009081   0.000155

   21 C   s             0.000801   0.000000
          p_y           0.002855   0.000006
          p_z          -0.000001   0.000000
          p_x          -0.004969   0.000014

   22 H   s            -0.000724  -0.000000

   23 C   s             0.003280   0.000005
          p_y          -0.184015   0.032502
          p_z          -0.085897   0.007087
          p_x          -0.092051   0.008161

   24 H   s             0.001248   0.000001

   25 H   s             0.000792   0.000001

   26 H   s             0.000920  -0.000000

   27 C   s            -0.007913   0.000019
          p_y          -0.014472   0.000092
          p_z          -0.009987   0.000049
          p_x          -0.017445   0.000159

   28 C   s             0.004451   0.000008
          p_y           0.007472   0.000041
          p_z          -0.003145   0.000007
          p_x           0.001253   0.000001

   29 H   s             0.001685   0.000002

   30 C   s             0.002369   0.000003
          p_y           0.010449   0.000081
          p_z           0.002441   0.000004
          p_x           0.005189   0.000022

   31 C   s            -0.003951   0.000011
          p_y          -0.008596   0.000066
          p_z          -0.005696   0.000032
          p_x          -0.006802   0.000044

   32 H   s            -0.000379  -0.000000

   33 C   s             0.000353   0.000000
          p_y           0.001042   0.000000
          p_z          -0.000013   0.000000
          p_x           0.001393   0.000001

   34 H   s             0.002681   0.000003

   35 H   s            -0.001461  -0.000000

   36 H   s            -0.000677   0.000000

Eigenvector:  54    (down)

    1 C   s             0.031665   0.000405
          p_y           0.023437   0.000347
          p_z           0.059864   0.002259
          p_x           0.022788   0.000523

    2 C   s            -0.016966   0.000155
          p_y          -0.071695   0.004461
          p_z          -0.049137   0.002062
          p_x          -0.012721   0.000128

    3 C   s            -0.027564   0.000370
          p_y          -0.027760   0.000458
          p_z          -0.052497   0.002164
          p_x           0.049843   0.001664

    4 C   s             0.000607  -0.000000
          p_y          -0.159552   0.026208
          p_z           0.027522   0.003020
          p_x           0.493516   0.187654

    5 C   s             0.002156   0.000003
          p_y          -0.003855   0.000011
          p_z           0.007596   0.000048
          p_x           0.002028   0.000004

    6 H   s            -0.004040   0.000017

    7 C   s            -0.001117  -0.000000
          p_y          -0.044383   0.001726
          p_z          -0.003007   0.000005
          p_x          -0.006874   0.000038

    8 C   s             0.021197   0.000139
          p_y           0.011249   0.000299
          p_z           0.033709   0.000373
          p_x           0.048470   0.001574

    9 C   s             0.120972   0.005977
          p_y          -0.225994   0.036988
          p_z           0.360488   0.079249
          p_x          -0.018749  -0.000574

   10 H   s             0.212344   0.017148

   11 C   s            -0.003543   0.000007
          p_y           0.033933   0.001118
          p_z           0.011148   0.000123
          p_x           0.020311   0.000398

   12 C   s            -0.003661   0.000007
          p_y           0.040909   0.001455
          p_z           0.012095   0.000132
          p_x           0.031424   0.000866

   13 H   s            -0.014654   0.000078

   14 H   s            -0.103930   0.006815

   15 C   s             0.227131   0.014648
          p_y          -0.210894   0.029329
          p_z          -0.016447   0.000169
          p_x           0.484178   0.155484

   16 C   s            -0.385528   0.067412
          p_y          -0.293594   0.066712
          p_z           0.432234   0.127748
          p_x           0.085920   0.007859

   17 C   s             0.001825   0.000002
          p_y          -0.002667   0.000007
          p_z           0.000995   0.000001
          p_x           0.000747   0.000001

   18 H   s             0.000893   0.000000

   19 C   s             0.002871   0.000005
          p_y           0.007470   0.000052
          p_z           0.010064   0.000096
          p_x           0.005549   0.000030

   20 C   s            -0.047653   0.003982
          p_y          -0.022937   0.000857
          p_z           0.054610   0.005240
          p_x          -0.009867   0.000305

   21 C   s            -0.025394   0.000521
          p_y          -0.034878   0.001329
          p_z           0.020006   0.001042
          p_x           0.183564   0.017472

   22 H   s             0.012182  -0.000157

   23 C   s            -0.001800   0.000002
          p_y          -0.038583   0.001369
          p_z          -0.018752   0.000322
          p_x          -0.016612   0.000253

   24 H   s             0.002332   0.000003

   25 H   s            -0.001678   0.000002

   26 H   s            -0.066627   0.000082

   27 C   s             0.244946   0.018590
          p_y          -0.133247   0.009955
          p_z           0.035524   0.000916
          p_x           0.234076   0.029184

   28 C   s            -0.126238   0.005938
          p_y          -0.133607   0.012605
          p_z           0.151223   0.015546
          p_x           0.022810   0.000419

   29 H   s            -0.002450   0.000003

   30 C   s            -0.092793   0.004041
          p_y          -0.028559   0.000512
          p_z           0.068942   0.003814
          p_x          -0.003680   0.000049

   31 C   s             0.059253   0.002554
          p_y          -0.011269   0.000195
          p_z          -0.020529   0.000291
          p_x           0.055908   0.003093

   32 H   s             0.022474   0.000064

   33 C   s            -0.015859   0.000075
          p_y          -0.007638   0.000029
          p_z          -0.001582   0.000003
          p_x           0.005934   0.000019

   34 H   s            -0.098059   0.004084

   35 H   s             0.027052  -0.000131

   36 H   s            -0.014105   0.000070

Eigenvector:  55    (down)

    1 C   s            -0.035949   0.000415
          p_y           0.350488   0.082564
          p_z           0.111889   0.008502
          p_x           0.158997   0.016899

    2 C   s            -0.019508   0.000147
          p_y          -0.527581   0.234711
          p_z          -0.237396   0.047314
          p_x          -0.276562   0.064553

    3 C   s             0.002240   0.000005
          p_y           0.016719   0.000098
          p_z           0.019847   0.000262
          p_x           0.000059  -0.000000

    4 C   s             0.048024   0.001356
          p_y           0.041972   0.001879
          p_z          -0.041934   0.001899
          p_x          -0.028792   0.000478

    5 C   s            -0.002257   0.000001
          p_y           0.053268   0.002301
          p_z           0.022529   0.000453
          p_x           0.029039   0.000692

    6 H   s            -0.019706   0.000194

    7 C   s             0.010063   0.000049
          p_y          -0.390490   0.130649
          p_z          -0.186225   0.029560
          p_x          -0.191469   0.031350

    8 C   s            -0.006035   0.000014
          p_y           0.097135   0.008503
          p_z           0.038550   0.001475
          p_x           0.043265   0.001803

    9 C   s            -0.013418   0.000065
          p_y          -0.006130   0.000039
          p_z          -0.055062   0.002768
          p_x          -0.020195   0.000265

   10 H   s            -0.008369   0.000022

   11 C   s             0.002266   0.000003
          p_y           0.249859   0.059090
          p_z           0.122122   0.014118
          p_x           0.121369   0.013915

   12 C   s             0.002661   0.000003
          p_y           0.268310   0.061549
          p_z           0.128894   0.014183
          p_x           0.131155   0.014815

   13 H   s             0.005514   0.000015

   14 H   s             0.012859   0.000096

   15 C   s            -0.033030   0.000333
          p_y          -0.015131   0.000152
          p_z          -0.017739   0.000212
          p_x          -0.090698   0.005595

   16 C   s             0.043480   0.000757
          p_y           0.036862   0.001028
          p_z          -0.054688   0.001988
          p_x          -0.021852   0.000493

   17 C   s            -0.002673   0.000004
          p_y          -0.082683   0.006299
          p_z          -0.038660   0.001376
          p_x          -0.040221   0.001481

   18 H   s             0.001110   0.000001

   19 C   s            -0.001174   0.000001
          p_y           0.164452   0.025212
          p_z           0.074606   0.005183
          p_x           0.082242   0.006285

   20 C   s             0.009345   0.000136
          p_y          -0.003044   0.000017
          p_z          -0.012497   0.000264
          p_x          -0.000496  -0.000001

   21 C   s             0.003839   0.000010
          p_y           0.014906   0.000173
          p_z          -0.001025   0.000004
          p_x          -0.022631   0.000299

   22 H   s            -0.004777  -0.000017

   23 C   s             0.004830   0.000012
          p_y          -0.262991   0.062124
          p_z          -0.123209   0.013627
          p_x          -0.131059   0.015412

   24 H   s            -0.002390   0.000003

   25 H   s             0.000318   0.000000

   26 H   s             0.010063   0.000002

   27 C   s            -0.036678   0.000403
          p_y           0.022088   0.000256
          p_z          -0.003962   0.000013
          p_x          -0.032834   0.000556

   28 C   s             0.018120   0.000123
          p_y           0.016720   0.000194
          p_z          -0.024294   0.000402
          p_x          -0.006846   0.000036

   29 H   s             0.002812   0.000005

   30 C   s             0.013586   0.000086
          p_y           0.000767   0.000000
          p_z          -0.012147   0.000114
          p_x          -0.001428  -0.000001

   31 C   s            -0.009846   0.000069
          p_y          -0.001868   0.000001
          p_z          -0.000394   0.000000
          p_x          -0.010261   0.000101

   32 H   s            -0.004632   0.000004

   33 C   s             0.001718   0.000001
          p_y           0.004920   0.000013
          p_z           0.001300   0.000001
          p_x           0.001865   0.000002

   34 H   s             0.014254   0.000085

   35 H   s            -0.004597  -0.000004

   36 H   s             0.000794   0.000000

Eigenvector:  56    (down)

    1 C   s            -0.004710   0.000008
          p_y           0.010970   0.000080
          p_z          -0.001489   0.000000
          p_x           0.002870   0.000002

    2 C   s             0.001527   0.000001
          p_y          -0.000884   0.000001
          p_z           0.001726   0.000002
          p_x          -0.004263   0.000015

    3 C   s             0.004334   0.000009
          p_y          -0.004930   0.000018
          p_z           0.004090   0.000015
          p_x          -0.012697   0.000102

    4 C   s            -0.010373   0.000008
          p_y           0.021117   0.000269
          p_z          -0.019779   0.000276
          p_x          -0.087062   0.006110

    5 C   s             0.000186   0.000000
          p_y          -0.007458   0.000040
          p_z          -0.004045   0.000012
          p_x          -0.004199   0.000013

    6 H   s             0.000181   0.000000

    7 C   s             0.000632   0.000000
          p_y          -0.000420   0.000000
          p_z          -0.002623   0.000006
          p_x          -0.003197   0.000008

    8 C   s            -0.004507   0.000006
          p_y           0.012624   0.000107
          p_z           0.001305   0.000006
          p_x          -0.002822   0.000001

    9 C   s             0.014201   0.000258
          p_y           0.020314   0.000016
          p_z          -0.025971  -0.000095
          p_x          -0.017670   0.000111

   10 H   s            -0.043314   0.000815

   11 C   s             0.000503   0.000000
          p_y           0.004667   0.000020
          p_z           0.002857   0.000007
          p_x           0.001860   0.000003

   12 C   s             0.000818   0.000000
          p_y           0.009376   0.000072
          p_z           0.005535   0.000025
          p_x           0.002615   0.000006

   13 H   s             0.002881   0.000003

   14 H   s             0.016950   0.000167

   15 C   s            -0.044552   0.000597
          p_y           0.040001   0.001034
          p_z          -0.002708   0.000011
          p_x          -0.075219   0.003624

   16 C   s             0.152520   0.016370
          p_y          -0.012602   0.000428
          p_z           0.000742  -0.000001
          p_x           0.304973   0.082702

   17 C   s            -0.000147   0.000000
          p_y           0.005105   0.000023
          p_z           0.002201   0.000004
          p_x           0.002293   0.000005

   18 H   s            -0.000053   0.000000

   19 C   s            -0.000442   0.000000
          p_y           0.001096   0.000001
          p_z          -0.000437   0.000000
          p_x           0.000159   0.000000

   20 C   s             0.014280   0.000097
          p_y          -0.015900   0.000256
          p_z          -0.016104   0.000600
          p_x           0.007053   0.000047

   21 C   s            -0.007654   0.000008
          p_y          -0.107273   0.007562
          p_z           0.058988  -0.000272
          p_x           0.041893   0.002817

   22 H   s             0.082158  -0.003939

   23 C   s             0.000536   0.000000
          p_y          -0.007965   0.000054
          p_z          -0.003683   0.000011
          p_x          -0.004378   0.000016

   24 H   s            -0.000251   0.000000

   25 H   s             0.000388   0.000000

   26 H   s            -0.001998  -0.000001

   27 C   s             0.160117   0.006140
          p_y          -0.131919   0.008319
          p_z           0.051908   0.001365
          p_x           0.064279   0.001751

   28 C   s            -0.037561   0.000728
          p_y          -0.249753   0.042216
          p_z           0.067752   0.003474
          p_x          -0.066998   0.002251

   29 H   s             0.000504   0.000000

   30 C   s             0.022188  -0.000065
          p_y           0.239463   0.038664
          p_z           0.183317   0.022807
          p_x           0.038597   0.000658

   31 C   s             0.222734   0.032134
          p_y           0.498008   0.196246
          p_z           0.502857   0.228122
          p_x           0.296584   0.077272

   32 H   s             0.059592   0.001314

   33 C   s             0.126572   0.005204
          p_y          -0.373144   0.075199
          p_z           0.014873   0.000434
          p_x          -0.428895   0.104840

   34 H   s             0.066701   0.001743

   35 H   s             0.125055  -0.002903

   36 H   s             0.315565   0.031513

Eigenvector:  57    (down)

    1 C   s            -0.017564   0.000102
          p_y           0.015473   0.000160
          p_z          -0.017394   0.000163
          p_x          -0.000055   0.000000

    2 C   s             0.004488   0.000011
          p_y          -0.002866   0.000006
          p_z           0.003813   0.000012
          p_x          -0.013441   0.000150

    3 C   s             0.004925   0.000014
          p_y           0.008933   0.000036
          p_z           0.012814   0.000132
          p_x          -0.016349   0.000157

    4 C   s            -0.010601  -0.000073
          p_y           0.078234   0.004301
          p_z          -0.046410   0.001376
          p_x          -0.191924   0.029577

    5 C   s            -0.001257   0.000001
          p_y           0.001655   0.000002
          p_z          -0.002889   0.000006
          p_x          -0.000954   0.000001

    6 H   s            -0.001699  -0.000001

    7 C   s             0.002713   0.000003
          p_y          -0.002869   0.000006
          p_z          -0.004818   0.000020
          p_x          -0.007021   0.000040

    8 C   s             0.000673   0.000003
          p_y          -0.005267   0.000060
          p_z          -0.000727  -0.000006
          p_x          -0.018082   0.000183

    9 C   s             0.038128   0.001801
          p_y           0.048228  -0.000015
          p_z          -0.050287  -0.000738
          p_x          -0.042542   0.000625

   10 H   s            -0.098695   0.004175

   11 C   s             0.001593   0.000001
          p_y           0.004377   0.000017
          p_z           0.004090   0.000015
          p_x           0.000427   0.000000

   12 C   s             0.000247   0.000000
          p_y           0.002408   0.000005
          p_z           0.002077   0.000003
          p_x          -0.002648   0.000005

   13 H   s             0.005792   0.000011

   14 H   s             0.039442   0.000902

   15 C   s            -0.140785   0.006116
          p_y           0.099287   0.006370
          p_z          -0.039538   0.001134
          p_x          -0.161258   0.016472

   16 C   s             0.322238   0.077574
          p_y          -0.202080   0.042038
          p_z          -0.098729   0.007865
          p_x           0.628292   0.354832

   17 C   s            -0.000937   0.000000
          p_y          -0.001595   0.000002
          p_z          -0.001456   0.000002
          p_x          -0.001597   0.000002

   18 H   s            -0.000429   0.000000

   19 C   s            -0.000586   0.000000
          p_y           0.005042   0.000022
          p_z           0.000916   0.000001
          p_x           0.001932   0.000003

   20 C   s             0.030949   0.000500
          p_y          -0.003893  -0.000031
          p_z          -0.018941   0.000986
          p_x           0.060502   0.004864

   21 C   s            -0.117704   0.003350
          p_y          -0.228897   0.032359
          p_z           0.109152  -0.001609
          p_x           0.169609   0.034464

   22 H   s             0.197455  -0.022787

   23 C   s             0.000584   0.000000
          p_y          -0.003329   0.000009
          p_z          -0.001525   0.000002
          p_x          -0.002368   0.000005

   24 H   s            -0.001094   0.000001

   25 H   s             0.000697   0.000000

   26 H   s            -0.012017  -0.000040

   27 C   s             0.303812   0.024438
          p_y          -0.153089   0.011427
          p_z           0.031922   0.000743
          p_x           0.399038   0.074427

   28 C   s            -0.198261   0.013899
          p_y          -0.066321   0.003291
          p_z           0.195670   0.025445
          p_x           0.161686   0.018586

   29 H   s             0.000681   0.000000

   30 C   s            -0.161431   0.009979
          p_y          -0.162230   0.017056
          p_z           0.009616   0.000178
          p_x           0.092240   0.004359

   31 C   s            -0.019446   0.000192
          p_y          -0.155392   0.019063
          p_z          -0.225244   0.044428
          p_x           0.020317   0.000335

   32 H   s             0.018235  -0.000289

   33 C   s            -0.162931   0.008827
          p_y           0.078355   0.003346
          p_z          -0.117711   0.009322
          p_x           0.276580   0.043860

   34 H   s            -0.274391   0.028868

   35 H   s            -0.029032  -0.000185

   36 H   s            -0.311719   0.030647

Eigenvector:  58    (down)

    1 C   s             0.009051   0.000029
          p_y           0.020269   0.000185
          p_z           0.022817   0.000277
          p_x           0.021504   0.000282

    2 C   s            -0.012966   0.000079
          p_y          -0.234857   0.041992
          p_z          -0.116259   0.010355
          p_x          -0.111670   0.009435

    3 C   s             0.004323   0.000000
          p_y           0.267180   0.042104
          p_z           0.117424   0.007905
          p_x           0.139652   0.011680

    4 C   s            -0.020725   0.000239
          p_y          -0.062931   0.003390
          p_z          -0.016093   0.000193
          p_x          -0.013643   0.000181

    5 C   s            -0.000560  -0.000000
          p_y           0.268656   0.049928
          p_z           0.125490   0.010938
          p_x           0.133346   0.012299

    6 H   s            -0.002501   0.000004

    7 C   s            -0.000397   0.000000
          p_y          -0.004571   0.000035
          p_z          -0.007640   0.000067
          p_x          -0.000627   0.000001

    8 C   s             0.033215   0.000483
          p_y          -0.632359   0.336979
          p_z          -0.297706   0.074862
          p_x          -0.316383   0.084054

    9 C   s            -0.000245   0.000000
          p_y          -0.024631   0.000377
          p_z          -0.000563  -0.000002
          p_x           0.000499   0.000001

   10 H   s             0.003605   0.000003

   11 C   s            -0.000658   0.000000
          p_y           0.046276   0.001691
          p_z           0.020103   0.000317
          p_x           0.023614   0.000437

   12 C   s            -0.004582   0.000009
          p_y          -0.276385   0.059127
          p_z          -0.133945   0.013888
          p_x          -0.131021   0.013254

   13 H   s            -0.001213   0.000000

   14 H   s             0.013992   0.000151

   15 C   s             0.018953   0.000074
          p_y           0.274737   0.044712
          p_z           0.143879   0.012481
          p_x           0.161613   0.015856

   16 C   s            -0.006102   0.000014
          p_y           0.000307  -0.000000
          p_z           0.014454   0.000135
          p_x           0.009143   0.000073

   17 C   s            -0.002663   0.000003
          p_y          -0.267360   0.059080
          p_z          -0.125073   0.012936
          p_x          -0.131640   0.014341

   18 H   s            -0.000174   0.000000

   19 C   s             0.000849   0.000001
          p_y           0.090530   0.006895
          p_z           0.042371   0.001515
          p_x           0.047370   0.001898

   20 C   s            -0.015441   0.000252
          p_y           0.050246   0.003800
          p_z           0.033381   0.001679
          p_x           0.017683   0.000458

   21 C   s             0.001740  -0.000000
          p_y          -0.008431   0.000046
          p_z          -0.001562   0.000001
          p_x           0.000663   0.000000

   22 H   s             0.001430  -0.000001

   23 C   s            -0.003325   0.000005
          p_y           0.170781   0.023382
          p_z           0.080370   0.005185
          p_x           0.086683   0.006044

   24 H   s            -0.001078   0.000001

   25 H   s            -0.001567   0.000002

   26 H   s            -0.004409   0.000002

   27 C   s             0.011581   0.000034
          p_y          -0.028770   0.000313
          p_z          -0.005309   0.000005
          p_x          -0.010845   0.000050

   28 C   s             0.005379   0.000008
          p_y          -0.003975   0.000010
          p_z           0.016124   0.000170
          p_x           0.002730   0.000005

   29 H   s            -0.002195   0.000003

   30 C   s             0.000930  -0.000000
          p_y           0.012870   0.000113
          p_z           0.011273   0.000082
          p_x          -0.004973   0.000017

   31 C   s             0.005505   0.000022
          p_y          -0.006782   0.000048
          p_z           0.009188   0.000084
          p_x          -0.007179   0.000036

   32 H   s             0.009950   0.000050

   33 C   s             0.014878   0.000076
          p_y          -0.000317   0.000000
          p_z           0.018760   0.000212
          p_x          -0.021460   0.000264

   34 H   s             0.008847   0.000028

   35 H   s             0.006725  -0.000010

   36 H   s             0.030508   0.000284

Eigenvector:  59    (down)

    1 C   s             0.004679   0.000006
          p_y          -0.003991   0.000009
          p_z           0.004543   0.000013
          p_x          -0.001031   0.000001

    2 C   s             0.000384  -0.000000
          p_y           0.008328   0.000052
          p_z           0.004550   0.000015
          p_x           0.005593   0.000024

    3 C   s             0.005708   0.000011
          p_y          -0.005650   0.000018
          p_z           0.004104   0.000012
          p_x          -0.010075   0.000065

    4 C   s            -0.015040   0.000086
          p_y           0.019061   0.000232
          p_z           0.003956   0.000031
          p_x          -0.042658   0.001445

    5 C   s             0.001537   0.000001
          p_y          -0.011095   0.000084
          p_z          -0.003513   0.000008
          p_x          -0.005382   0.000019

    6 H   s             0.002527   0.000003

    7 C   s             0.000357  -0.000000
          p_y          -0.001536   0.000001
          p_z          -0.002829   0.000006
          p_x          -0.003818   0.000011

    8 C   s            -0.007871   0.000034
          p_y           0.024210   0.000464
          p_z           0.003999   0.000018
          p_x           0.002026   0.000005

    9 C   s             0.020239   0.000291
          p_y           0.009016  -0.000029
          p_z          -0.000935  -0.000012
          p_x          -0.012582   0.000082

   10 H   s            -0.023991   0.000231

   11 C   s            -0.000194   0.000000
          p_y          -0.000572   0.000000
          p_z          -0.000550   0.000000
          p_x           0.000171   0.000000

   12 C   s             0.001436   0.000001
          p_y           0.010510   0.000085
          p_z           0.006304   0.000030
          p_x           0.003915   0.000011

   13 H   s             0.002763   0.000003

   14 H   s             0.010121   0.000054

   15 C   s            -0.007291   0.000013
          p_y           0.005387   0.000024
          p_z           0.006606   0.000016
          p_x          -0.054104   0.001758

   16 C   s             0.072211   0.003395
          p_y          -0.097957   0.008034
          p_z          -0.008066   0.000124
          p_x           0.147163   0.019583

   17 C   s             0.000433   0.000000
          p_y           0.009532   0.000074
          p_z           0.004561   0.000017
          p_x           0.004847   0.000019

   18 H   s             0.000179   0.000000

   19 C   s            -0.000445   0.000000
          p_y          -0.000324   0.000000
          p_z          -0.001049   0.000001
          p_x          -0.000610   0.000000

   20 C   s            -0.002615   0.000023
          p_y           0.015869   0.000437
          p_z          -0.004805   0.000084
          p_x          -0.001903   0.000011

   21 C   s             0.006042  -0.000048
          p_y          -0.034250   0.000553
          p_z           0.026628  -0.000223
          p_x           0.017660   0.000569

   22 H   s             0.045167  -0.001199

   23 C   s             0.000597   0.000000
          p_y          -0.008200   0.000053
          p_z          -0.003865   0.000012
          p_x          -0.004401   0.000015

   24 H   s             0.000375   0.000000

   25 H   s             0.000317   0.000000

   26 H   s             0.000625  -0.000001

   27 C   s             0.167976   0.006142
          p_y          -0.020105   0.000150
          p_z           0.161431   0.012077
          p_x           0.003024  -0.000006

   28 C   s             0.230064   0.017072
          p_y          -0.043632   0.001339
          p_z           0.326970   0.067771
          p_x           0.024732   0.000340

   29 H   s             0.000537   0.000000

   30 C   s             0.078688   0.000698
          p_y          -0.054415   0.001705
          p_z           0.034855   0.000858
          p_x          -0.295393   0.057209

   31 C   s             0.012435   0.000302
          p_y          -0.397806   0.138690
          p_z           0.048450   0.003368
          p_x          -0.371044   0.104064

   32 H   s             0.237259   0.028922

   33 C   s             0.355868   0.043360
          p_y           0.260272   0.032939
          p_z           0.581792   0.194896
          p_x          -0.362675   0.076867

   34 H   s             0.243080   0.021501

   35 H   s             0.115178  -0.003095

   36 H   s             0.719968   0.156065

Eigenvector:  60    (down)

    1 C   s             0.230620   0.015315
          p_y          -0.284229   0.047714
          p_z           0.263394   0.038547
          p_x           0.026183   0.000624

    2 C   s            -0.013126   0.000230
          p_y           0.194573   0.027574
          p_z           0.085001   0.004785
          p_x           0.264230   0.052331

    3 C   s             0.047959   0.000399
          p_y           0.038108   0.001044
          p_z           0.044014   0.001091
          p_x           0.094821   0.004539

    4 C   s            -0.450884   0.105532
          p_y          -0.147342   0.017683
          p_z           0.400462   0.122372
          p_x          -0.291370   0.065658

    5 C   s             0.054906   0.001144
          p_y          -0.308266   0.062533
          p_z          -0.056327   0.002039
          p_x          -0.116930   0.008605

    6 H   s             0.129145   0.006180

    7 C   s             0.014549   0.000056
          p_y          -0.020701   0.000306
          p_z           0.027666   0.000489
          p_x           0.005634   0.000011

    8 C   s            -0.015097   0.000135
          p_y          -0.078387   0.004799
          p_z           0.001571   0.000004
          p_x          -0.050073   0.002208

    9 C   s             0.039998   0.000462
          p_y           0.044684   0.000083
          p_z          -0.029773  -0.002638
          p_x           0.108910  -0.001238

   10 H   s            -0.147741   0.007279

   11 C   s            -0.020965   0.000267
          p_y           0.323027   0.084670
          p_z           0.126441   0.012879
          p_x           0.196431   0.031687

   12 C   s             0.012100   0.000038
          p_y          -0.090950   0.005649
          p_z          -0.037682   0.000993
          p_x          -0.015053   0.000158

   13 H   s            -0.009409   0.000018

   14 H   s            -0.024738   0.000338

   15 C   s             0.029418   0.000433
          p_y          -0.007620   0.000075
          p_z           0.004342   0.000005
          p_x           0.068824   0.003698

   16 C   s            -0.031046   0.000390
          p_y          -0.003006  -0.000005
          p_z           0.027770   0.000343
          p_x          -0.017999   0.000153

   17 C   s             0.015713   0.000118
          p_y          -0.070652   0.003848
          p_z          -0.023240   0.000403
          p_x          -0.016905   0.000195

   18 H   s             0.013412   0.000080

   19 C   s             0.004134   0.000006
          p_y           0.369023   0.108808
          p_z           0.180283   0.025775
          p_x           0.191019   0.028985

   20 C   s            -0.016625   0.000286
          p_y           0.002785   0.000010
          p_z           0.018976   0.000517
          p_x          -0.008409   0.000105

   21 C   s             0.005060   0.000006
          p_y          -0.004849   0.000020
          p_z          -0.009040  -0.000001
          p_x          -0.000312   0.000001

   22 H   s            -0.002483  -0.000002

   23 C   s             0.005674   0.000011
          p_y          -0.287709   0.062904
          p_z          -0.135172   0.013914
          p_x          -0.134737   0.013819

   24 H   s             0.020673   0.000186

   25 H   s            -0.005383   0.000015

   26 H   s            -0.007743   0.000001

   27 C   s             0.003101   0.000004
          p_y           0.001646   0.000001
          p_z          -0.004800   0.000005
          p_x          -0.001692   0.000002

   28 C   s            -0.006195   0.000012
          p_y           0.003360   0.000008
          p_z          -0.002238   0.000004
          p_x           0.003543   0.000008

   29 H   s             0.000870   0.000001

   30 C   s            -0.007404   0.000018
          p_y          -0.000129  -0.000000
          p_z           0.002805   0.000004
          p_x           0.000955   0.000001

   31 C   s            -0.000113   0.000000
          p_y           0.002745   0.000008
          p_z          -0.006385   0.000036
          p_x           0.005418   0.000022

   32 H   s            -0.003419   0.000006

   33 C   s            -0.005089   0.000008
          p_y          -0.001170   0.000000
          p_z          -0.010723   0.000067
          p_x           0.008377   0.000038

   34 H   s            -0.005133   0.000010

   35 H   s            -0.002636  -0.000002

   36 H   s            -0.012957   0.000049

Eigenvector:  61    (down)

    1 C   s             0.238857   0.016423
          p_y          -0.069931   0.002966
          p_z           0.379388   0.079984
          p_x           0.146043   0.013747

    2 C   s            -0.034920   0.000934
          p_y          -0.254228   0.046547
          p_z          -0.128380   0.012673
          p_x           0.047680   0.001938

    3 C   s             0.052524   0.000508
          p_y          -0.005146   0.000003
          p_z           0.031213   0.000507
          p_x           0.081865   0.003160

    4 C   s            -0.473274   0.115081
          p_y          -0.144772   0.016511
          p_z           0.421880   0.134899
          p_x          -0.312979   0.074654

    5 C   s             0.052413   0.001066
          p_y           0.131950   0.010845
          p_z           0.152022   0.015107
          p_x           0.106338   0.007600

    6 H   s             0.124237   0.005507

    7 C   s             0.018727   0.000100
          p_y          -0.178809   0.022987
          p_z          -0.040944   0.001293
          p_x          -0.072458   0.003944

    8 C   s            -0.018924   0.000200
          p_y          -0.033311   0.000836
          p_z           0.024411   0.000506
          p_x          -0.028873   0.000780

    9 C   s             0.047409   0.000703
          p_y           0.027397  -0.000383
          p_z          -0.044318  -0.003690
          p_x           0.104331  -0.002068

   10 H   s            -0.157436   0.008154

   11 C   s            -0.020092   0.000247
          p_y          -0.344646   0.095169
          p_z          -0.189467   0.028815
          p_x          -0.137090   0.014817

   12 C   s             0.019648   0.000124
          p_y           0.208039   0.030735
          p_z           0.107751   0.008190
          p_x           0.136248   0.013087

   13 H   s            -0.007829   0.000008

   14 H   s            -0.025731   0.000368

   15 C   s             0.024542   0.000333
          p_y          -0.017709   0.000277
          p_z          -0.002902   0.000010
          p_x           0.054395   0.002464

   16 C   s            -0.028378   0.000304
          p_y          -0.005514   0.000005
          p_z           0.025272   0.000254
          p_x          -0.015858   0.000100

   17 C   s             0.021668   0.000223
          p_y           0.167239   0.021352
          p_z           0.085339   0.005585
          p_x           0.096091   0.007128

   18 H   s             0.013938   0.000087

   19 C   s             0.003688   0.000004
          p_y          -0.356589   0.099861
          p_z          -0.159438   0.020231
          p_x          -0.177449   0.024855

   20 C   s            -0.015382   0.000242
          p_y          -0.000331   0.000000
          p_z           0.016806   0.000395
          p_x          -0.009594   0.000133

   21 C   s             0.004659   0.000005
          p_y          -0.001730   0.000004
          p_z          -0.006409  -0.000007
          p_x           0.001737  -0.000004

   22 H   s            -0.001105  -0.000000

   23 C   s            -0.002524   0.000005
          p_y           0.163651   0.020130
          p_z           0.077107   0.004436
          p_x           0.086199   0.005530

   24 H   s             0.023163   0.000236

   25 H   s            -0.004279   0.000009

   26 H   s            -0.006975   0.000001

   27 C   s             0.004749   0.000008
          p_y           0.001744   0.000001
          p_z          -0.003637   0.000002
          p_x          -0.000805   0.000001

   28 C   s            -0.006189   0.000011
          p_y           0.001161   0.000001
          p_z          -0.001775   0.000003
          p_x           0.002462   0.000004

   29 H   s            -0.002695   0.000003

   30 C   s            -0.007731   0.000020
          p_y          -0.000412   0.000000
          p_z           0.003466   0.000007
          p_x          -0.000087   0.000000

   31 C   s             0.000486  -0.000000
          p_y           0.002623   0.000007
          p_z          -0.005257   0.000024
          p_x           0.005050   0.000019

   32 H   s            -0.003166   0.000006

   33 C   s            -0.003886   0.000005
          p_y          -0.000966   0.000000
          p_z          -0.008933   0.000046
          p_x           0.006584   0.000023

   34 H   s            -0.004814   0.000009

   35 H   s            -0.002014  -0.000001

   36 H   s            -0.010294   0.000030

Eigenvector:  62    (down)

    1 C   s            -0.073100   0.001521
          p_y          -0.190115   0.020942
          p_z          -0.217644   0.026296
          p_x          -0.149946   0.013311

    2 C   s             0.017672   0.000191
          p_y           0.268674   0.050519
          p_z           0.124930   0.011162
          p_x           0.075127   0.003815

    3 C   s            -0.014237   0.000052
          p_y           0.387933   0.082678
          p_z           0.169017   0.015779
          p_x           0.162493   0.015036

    4 C   s             0.148811   0.010997
          p_y           0.013197   0.000087
          p_z          -0.148467   0.016417
          p_x           0.101649   0.007490

    5 C   s            -0.018875   0.000143
          p_y          -0.143782   0.013125
          p_z          -0.096879   0.006047
          p_x          -0.085045   0.004677

    6 H   s            -0.039016   0.000507

    7 C   s             0.007151   0.000024
          p_y          -0.395914   0.112009
          p_z          -0.201417   0.028796
          p_x          -0.204467   0.029739

    8 C   s             0.024624   0.000260
          p_y          -0.340683   0.089389
          p_z          -0.170693   0.022510
          p_x          -0.171498   0.022304

    9 C   s            -0.022487   0.000190
          p_y           0.000933   0.000013
          p_z           0.023935  -0.000451
          p_x          -0.023963  -0.000347

   10 H   s             0.055037   0.000949

   11 C   s             0.006452   0.000024
          p_y          -0.210565   0.033675
          p_z          -0.090365   0.006154
          p_x          -0.117211   0.010503

   12 C   s            -0.003579   0.000005
          p_y           0.307464   0.065950
          p_z           0.142019   0.014017
          p_x           0.140666   0.013903

   13 H   s             0.012396   0.000053

   14 H   s             0.018359   0.000201

   15 C   s             0.003723  -0.000007
          p_y           0.123007   0.008343
          p_z           0.066301   0.002464
          p_x           0.060536   0.001767

   16 C   s             0.005572   0.000008
          p_y           0.008126   0.000044
          p_z          -0.000933  -0.000002
          p_x           0.006529   0.000019

   17 C   s            -0.002422   0.000003
          p_y           0.378085   0.106455
          p_z           0.174387   0.022648
          p_x           0.181334   0.024465

   18 H   s            -0.005482   0.000013

   19 C   s            -0.002759   0.000004
          p_y           0.022549   0.000387
          p_z           0.007626   0.000047
          p_x           0.007716   0.000045

   20 C   s            -0.004794   0.000020
          p_y           0.031215   0.001294
          p_z           0.015286   0.000317
          p_x           0.014582   0.000283

   21 C   s            -0.000353   0.000000
          p_y          -0.007385   0.000029
          p_z          -0.002124   0.000005
          p_x          -0.003786   0.000006

   22 H   s            -0.000507  -0.000000

   23 C   s             0.004276   0.000008
          p_y          -0.272931   0.054025
          p_z          -0.129866   0.012223
          p_x          -0.140272   0.014295

   24 H   s            -0.005435   0.000011

   25 H   s             0.002530   0.000003

   26 H   s            -0.000643   0.000000

   27 C   s            -0.001015   0.000000
          p_y          -0.012560   0.000049
          p_z          -0.005345   0.000009
          p_x          -0.005614   0.000010

   28 C   s             0.000769   0.000000
          p_y           0.001650   0.000002
          p_z           0.002130   0.000003
          p_x           0.002496   0.000004

   29 H   s             0.003948   0.000007

   30 C   s             0.001317   0.000001
          p_y           0.004733   0.000014
          p_z           0.001527   0.000001
          p_x           0.003175   0.000006

   31 C   s             0.000347   0.000000
          p_y           0.000175   0.000000
          p_z           0.001145   0.000001
          p_x           0.000225   0.000000

   32 H   s             0.001756   0.000002

   33 C   s             0.000018  -0.000000
          p_y          -0.001969   0.000002
          p_z          -0.000305   0.000000
          p_x          -0.001097   0.000001

   34 H   s             0.000352   0.000000

   35 H   s             0.000476  -0.000000

   36 H   s             0.000342   0.000000

Eigenvector:  63    (down)

    1 C   s            -0.001664   0.000001
          p_y          -0.001423   0.000001
          p_z           0.002140   0.000003
          p_x           0.004177   0.000009

    2 C   s             0.001133   0.000001
          p_y          -0.002083   0.000003
          p_z          -0.000039  -0.000000
          p_x           0.002267   0.000003

    3 C   s            -0.003149   0.000003
          p_y          -0.002029   0.000003
          p_z          -0.004214   0.000009
          p_x           0.006755   0.000026

    4 C   s             0.000778  -0.000001
          p_y          -0.008977   0.000022
          p_z           0.002776  -0.000015
          p_x           0.002907   0.000009

    5 C   s            -0.000311   0.000000
          p_y          -0.000729   0.000000
          p_z           0.000545   0.000000
          p_x           0.001119   0.000001

    6 H   s             0.002887   0.000002

    7 C   s             0.000038   0.000000
          p_y          -0.002863   0.000006
          p_z           0.002746   0.000005
          p_x           0.003788   0.000010

    8 C   s             0.006219   0.000025
          p_y          -0.006180   0.000029
          p_z           0.007425   0.000045
          p_x           0.008261   0.000048

    9 C   s            -0.021655   0.000282
          p_y           0.004743   0.000049
          p_z          -0.014667   0.000218
          p_x           0.013643   0.000017

   10 H   s             0.006213   0.000022

   11 C   s            -0.000201   0.000000
          p_y           0.000275   0.000000
          p_z          -0.000065   0.000000
          p_x           0.000749   0.000000

   12 C   s            -0.000789   0.000000
          p_y          -0.000424   0.000000
          p_z          -0.000742   0.000000
          p_x           0.002108   0.000003

   13 H   s            -0.004063   0.000005

   14 H   s            -0.007075   0.000021

   15 C   s            -0.018015   0.000073
          p_y          -0.004063   0.000012
          p_z          -0.017666   0.000148
          p_x           0.024693   0.000314

   16 C   s            -0.075709   0.004106
          p_y           0.115161   0.010752
          p_z          -0.037861   0.001245
          p_x          -0.133013   0.014080

   17 C   s             0.000091   0.000000
          p_y          -0.000853   0.000000
          p_z          -0.000240   0.000000
          p_x          -0.000074   0.000000

   18 H   s             0.000386   0.000000

   19 C   s             0.000564   0.000000
          p_y          -0.001308   0.000001
          p_z           0.000689   0.000000
          p_x           0.000189   0.000000

   20 C   s            -0.026334   0.000551
          p_y          -0.004836   0.000044
          p_z          -0.028608   0.000847
          p_x           0.025227   0.000830

   21 C   s            -0.142544   0.009612
          p_y           0.006315   0.000069
          p_z          -0.075514   0.004064
          p_x           0.068870   0.002039

   22 H   s            -0.053525  -0.001550

   23 C   s            -0.000590   0.000000
          p_y           0.000419   0.000000
          p_z           0.000509   0.000000
          p_x           0.000826   0.000000

   24 H   s             0.000211   0.000000

   25 H   s            -0.000691   0.000000

   26 H   s            -0.025880  -0.000026

   27 C   s            -0.030748   0.000170
          p_y          -0.043087   0.000973
          p_z          -0.083875   0.003083
          p_x           0.139820   0.009787

   28 C   s             0.732646   0.158185
          p_y          -0.408017   0.082792
          p_z           0.023127   0.000038
          p_x           0.539931   0.146879

   29 H   s            -0.000755   0.000000

   30 C   s             0.040624   0.000835
          p_y          -0.084353   0.003924
          p_z          -0.037691   0.000821
          p_x           0.232669   0.030144

   31 C   s            -0.151645   0.012283
          p_y           0.037944   0.000951
          p_z           0.185334   0.027191
          p_x          -0.101322   0.008544

   32 H   s             0.980177   0.423372

   33 C   s            -0.083183   0.002117
          p_y          -0.075546   0.002805
          p_z          -0.108306   0.005088
          p_x           0.179609   0.015524

   34 H   s            -0.164468   0.007819

   35 H   s            -0.002211   0.000003

   36 H   s            -0.174847   0.008594

Eigenvector:  64    (down)

    1 C   s             0.008467   0.000021
          p_y           0.099445   0.004981
          p_z           0.059780   0.001755
          p_x           0.059585   0.001811

    2 C   s            -0.009005   0.000031
          p_y          -0.194857   0.023105
          p_z          -0.099459   0.006091
          p_x          -0.094905   0.005452

    3 C   s             0.001920   0.000001
          p_y          -0.118471   0.006860
          p_z          -0.056202   0.001560
          p_x          -0.053968   0.001431

    4 C   s            -0.015733   0.000109
          p_y           0.004423   0.000019
          p_z           0.016923   0.000204
          p_x          -0.012178   0.000096

    5 C   s            -0.003426   0.000002
          p_y           0.359388   0.070301
          p_z           0.165190   0.014869
          p_x           0.179065   0.017416

    6 H   s            -0.002024   0.000002

    7 C   s            -0.005621   0.000011
          p_y           0.207008   0.026271
          p_z           0.095495   0.005547
          p_x           0.112213   0.007756

    8 C   s            -0.002333   0.000002
          p_y           0.057082   0.002192
          p_z           0.025974   0.000459
          p_x           0.031422   0.000659

    9 C   s             0.006777   0.000017
          p_y          -0.008713   0.000062
          p_z          -0.005175  -0.000000
          p_x          -0.002586   0.000012

   10 H   s            -0.006268   0.000010

   11 C   s            -0.001159   0.000000
          p_y          -0.415309   0.115170
          p_z          -0.196904   0.025809
          p_x          -0.207124   0.028641

   12 C   s            -0.005299   0.000008
          p_y          -0.396614   0.095362
          p_z          -0.190872   0.022034
          p_x          -0.190586   0.021967

   13 H   s            -0.008835   0.000024

   14 H   s            -0.002516   0.000003

   15 C   s            -0.003441   0.000002
          p_y          -0.011843   0.000066
          p_z          -0.008570   0.000036
          p_x          -0.011278   0.000059

   16 C   s            -0.002193   0.000002
          p_y          -0.004048   0.000011
          p_z          -0.000424   0.000000
          p_x          -0.002840   0.000005

   17 C   s             0.003015   0.000003
          p_y           0.424196   0.115552
          p_z           0.197758   0.025140
          p_x           0.212677   0.029098

   18 H   s            -0.000932   0.000000

   19 C   s            -0.001478   0.000001
          p_y           0.411863   0.111263
          p_z           0.194750   0.024946
          p_x           0.210713   0.029070

   20 C   s             0.002222   0.000004
          p_y          -0.007988   0.000071
          p_z          -0.004776   0.000026
          p_x          -0.003489   0.000014

   21 C   s            -0.000667   0.000000
          p_y           0.004325   0.000009
          p_z           0.001738   0.000002
          p_x           0.002699   0.000003

   22 H   s            -0.000109  -0.000000

   23 C   s             0.005558   0.000011
          p_y          -0.411042   0.105799
          p_z          -0.196916   0.024274
          p_x          -0.205093   0.026374

   24 H   s             0.003255   0.000004

   25 H   s            -0.004029   0.000008

   26 H   s             0.000715   0.000000

   27 C   s             0.000594   0.000000
          p_y           0.001654   0.000000
          p_z           0.001116   0.000000
          p_x           0.001304   0.000001

   28 C   s             0.000734   0.000000
          p_y          -0.001504   0.000001
          p_z          -0.000977   0.000001
          p_x          -0.000702   0.000000

   29 H   s             0.004430   0.000008

   30 C   s            -0.000642   0.000000
          p_y          -0.000931   0.000000
          p_z           0.000143   0.000000
          p_x           0.000193   0.000000

   31 C   s            -0.000072   0.000000
          p_y           0.000292   0.000000
          p_z           0.000462   0.000000
          p_x           0.000023  -0.000000

   32 H   s             0.000567   0.000000

   33 C   s            -0.000061   0.000000
          p_y          -0.000029   0.000000
          p_z           0.000050   0.000000
          p_x          -0.000008   0.000000

   34 H   s            -0.000891   0.000000

   35 H   s             0.000047  -0.000000

   36 H   s             0.000021  -0.000000

Eigenvector:  65    (down)

    1 C   s             0.313697   0.031132
          p_y           0.103311   0.006165
          p_z           0.079696   0.002135
          p_x          -0.261145   0.034982

    2 C   s            -0.308969   0.035959
          p_y           0.289737   0.047811
          p_z          -0.123300   0.009315
          p_x          -0.463961   0.119935

    3 C   s            -0.186613   0.013458
          p_y           0.146684   0.011339
          p_z          -0.007574   0.000000
          p_x          -0.303326   0.049018

    4 C   s            -0.137162   0.008370
          p_y           0.002921  -0.000008
          p_z           0.099100   0.008058
          p_x          -0.106165   0.009013

    5 C   s             0.075488   0.002337
          p_y           0.102054   0.005477
          p_z          -0.026470   0.000262
          p_x          -0.186460   0.018847

    6 H   s            -0.560626   0.088490

    7 C   s             0.370062   0.051588
          p_y           0.284765   0.047473
          p_z          -0.062787   0.002233
          p_x          -0.508348   0.151594

    8 C   s            -0.008555   0.000060
          p_y           0.056425   0.001864
          p_z           0.047070   0.001241
          p_x          -0.157860   0.014447

    9 C   s             0.137782   0.006305
          p_y          -0.024269   0.000530
          p_z           0.097362   0.007806
          p_x          -0.039705   0.001738

   10 H   s            -0.061730   0.000745

   11 C   s             0.000418   0.000001
          p_y           0.048245   0.001402
          p_z           0.027178   0.000439
          p_x          -0.116086   0.008064

   12 C   s            -0.084827   0.003434
          p_y           0.110634   0.007539
          p_z          -0.042664   0.001370
          p_x          -0.190841   0.021136

   13 H   s             0.608626   0.100521

   14 H   s             0.148313   0.008324

   15 C   s            -0.012603   0.000089
          p_y           0.050805   0.001272
          p_z          -0.048900   0.001268
          p_x          -0.051261   0.001150

   16 C   s            -0.110377   0.004940
          p_y          -0.050671   0.001199
          p_z           0.065740   0.001791
          p_x          -0.077640   0.003755

   17 C   s            -0.043190   0.000709
          p_y           0.023316   0.000332
          p_z           0.023156   0.000317
          p_x          -0.071565   0.003089

   18 H   s            -0.111895   0.004824

   19 C   s            -0.008543   0.000053
          p_y           0.070130   0.002903
          p_z          -0.055222   0.001741
          p_x          -0.080421   0.003879

   20 C   s            -0.019391   0.000278
          p_y          -0.009452   0.000072
          p_z           0.031883   0.000918
          p_x          -0.044795   0.002090

   21 C   s             0.005971  -0.000008
          p_y           0.039785   0.000664
          p_z           0.008223   0.000136
          p_x           0.034013   0.000215

   22 H   s            -0.018801  -0.000178

   23 C   s             0.040331   0.000633
          p_y           0.037786   0.000841
          p_z          -0.031036   0.000555
          p_x          -0.048628   0.001407

   24 H   s            -0.080072   0.002074

   25 H   s             0.107686   0.004626

   26 H   s             0.006471  -0.000004

   27 C   s             0.048422   0.000670
          p_y          -0.000524   0.000001
          p_z           0.026862   0.000344
          p_x          -0.033350   0.000515

   28 C   s            -0.010474   0.000031
          p_y          -0.024105   0.000278
          p_z          -0.016201   0.000136
          p_x           0.022563   0.000225

   29 H   s             0.066219   0.001395

   30 C   s            -0.094977   0.002852
          p_y          -0.024578   0.000268
          p_z           0.048886   0.001210
          p_x           0.009576   0.000015

   31 C   s             0.021601   0.000197
          p_y          -0.003970   0.000013
          p_z          -0.013872   0.000106
          p_x           0.024994   0.000384

   32 H   s             0.018123   0.000122

   33 C   s             0.014535   0.000077
          p_y           0.004846   0.000017
          p_z          -0.001698   0.000005
          p_x          -0.010888   0.000058

   34 H   s            -0.068219   0.001476

   35 H   s             0.005040  -0.000003

   36 H   s             0.010824   0.000032

Eigenvector:  66    (down)

    1 C   s             0.010710   0.000037
          p_y           0.004218   0.000010
          p_z           0.004088   0.000006
          p_x          -0.007574   0.000030

    2 C   s            -0.012883   0.000061
          p_y           0.011244   0.000071
          p_z          -0.005433   0.000018
          p_x          -0.019548   0.000212

    3 C   s            -0.008656   0.000025
          p_y           0.003968   0.000008
          p_z          -0.001954   0.000001
          p_x          -0.009315   0.000047

    4 C   s            -0.006718   0.000015
          p_y          -0.008208   0.000048
          p_z           0.000543   0.000001
          p_x          -0.003090   0.000009

    5 C   s             0.002614   0.000003
          p_y           0.004279   0.000010
          p_z          -0.000394   0.000000
          p_x          -0.007123   0.000027

    6 H   s            -0.022967   0.000147

    7 C   s             0.014586   0.000081
          p_y           0.010136   0.000059
          p_z          -0.001048   0.000001
          p_x          -0.017800   0.000183

    8 C   s            -0.003291   0.000001
          p_y           0.000647   0.000000
          p_z           0.003307   0.000009
          p_x           0.002247   0.000003

    9 C   s            -0.001413  -0.000001
          p_y           0.000946   0.000000
          p_z           0.002387   0.000008
          p_x           0.003260   0.000006

   10 H   s            -0.001105   0.000000

   11 C   s            -0.000195  -0.000000
          p_y           0.001813   0.000002
          p_z           0.001209   0.000001
          p_x          -0.005376   0.000017

   12 C   s            -0.004366   0.000008
          p_y           0.003852   0.000009
          p_z          -0.002072   0.000003
          p_x          -0.007276   0.000030

   13 H   s             0.022006   0.000131

   14 H   s            -0.002057   0.000002

   15 C   s            -0.009754   0.000012
          p_y          -0.005356   0.000008
          p_z          -0.014411   0.000098
          p_x           0.012807   0.000058

   16 C   s            -0.041535   0.000372
          p_y           0.042520   0.000877
          p_z          -0.016145  -0.000044
          p_x           0.053077   0.001466

   17 C   s            -0.002590   0.000002
          p_y           0.001098   0.000001
          p_z           0.002072   0.000003
          p_x          -0.003653   0.000008

   18 H   s            -0.005090   0.000010

   19 C   s            -0.000112   0.000000
          p_y           0.002489   0.000004
          p_z          -0.001271   0.000001
          p_x          -0.002786   0.000005

   20 C   s            -0.068570   0.003463
          p_y           0.035070   0.001213
          p_z          -0.061010   0.003710
          p_x           0.031710   0.001032

   21 C   s            -0.031509   0.000191
          p_y          -0.048814   0.001411
          p_z           0.010586  -0.000021
          p_x          -0.007967  -0.000129

   22 H   s             0.004968  -0.000015

   23 C   s             0.000616   0.000000
          p_y           0.000711   0.000000
          p_z          -0.000285   0.000000
          p_x          -0.001811   0.000002

   24 H   s            -0.004729   0.000007

   25 H   s             0.003723   0.000005

   26 H   s            -0.042729   0.000100

   27 C   s             0.004239  -0.000073
          p_y          -0.074526   0.002317
          p_z          -0.071772   0.002452
          p_x           0.211592   0.020345

   28 C   s            -0.185887   0.009336
          p_y          -0.084927   0.003409
          p_z          -0.322587   0.049481
          p_x           0.473218   0.106292

   29 H   s             0.001061   0.000000

   30 C   s             0.611054   0.108449
          p_y           0.375798   0.066448
          p_z          -0.236891   0.026851
          p_x          -0.557660   0.145696

   31 C   s             0.518782   0.116803
          p_y          -0.128847   0.012850
          p_z          -0.273747   0.038068
          p_x           0.332245   0.067476

   32 H   s             0.184868   0.010112

   33 C   s            -0.108991   0.005188
          p_y           0.028870   0.000184
          p_z          -0.046251   0.000624
          p_x           0.051041   0.001137

   34 H   s             0.809278   0.191031

   35 H   s             0.130604  -0.002176

   36 H   s            -0.109849   0.002507

Eigenvector:  67    (down)

    1 C   s             0.018440   0.000144
          p_y          -0.037400   0.000556
          p_z           0.064864   0.001675
          p_x           0.022840   0.000219

    2 C   s            -0.084060   0.002045
          p_y           0.101748   0.006050
          p_z          -0.059618   0.002284
          p_x          -0.145285   0.011934

    3 C   s            -0.037464   0.000274
          p_y           0.003316   0.000006
          p_z          -0.007527   0.000052
          p_x           0.002997   0.000011

    4 C   s            -0.037844   0.000576
          p_y          -0.028973   0.000481
          p_z           0.034165   0.000466
          p_x          -0.015311   0.000074

    5 C   s            -0.120172   0.002841
          p_y          -0.011092   0.000014
          p_z           0.086256   0.003178
          p_x          -0.066731   0.002399

    6 H   s            -0.160297   0.007018

    7 C   s            -0.077691   0.001712
          p_y          -0.087327   0.004478
          p_z           0.011631   0.000059
          p_x           0.161287   0.015622

    8 C   s             0.021921   0.000213
          p_y          -0.004672   0.000011
          p_z          -0.027286   0.000501
          p_x           0.043302   0.001175

    9 C   s            -0.038611   0.000536
          p_y           0.011248   0.000052
          p_z          -0.024330   0.000156
          p_x           0.039410   0.000690

   10 H   s             0.000867   0.000000

   11 C   s            -0.118392   0.002049
          p_y           0.069089   0.003085
          p_z           0.094880   0.005443
          p_x          -0.228707   0.032915

   12 C   s            -0.130390   0.004088
          p_y          -0.035472   0.000753
          p_z           0.092812   0.004372
          p_x          -0.008681  -0.000019

   13 H   s            -0.157612   0.006441

   14 H   s            -0.015214   0.000068

   15 C   s             0.020934   0.000140
          p_y          -0.023251   0.000272
          p_z           0.006806   0.000028
          p_x           0.029346   0.000438

   16 C   s             0.027028   0.000308
          p_y           0.014386   0.000103
          p_z          -0.008265   0.000024
          p_x           0.025003   0.000403

   17 C   s            -0.374151   0.043343
          p_y          -0.003368   0.000000
          p_z           0.451221   0.122911
          p_x          -0.411053   0.103813

   18 H   s            -0.288444   0.034694

   19 C   s            -0.099683   0.001209
          p_y          -0.122665   0.009233
          p_z           0.148821   0.013102
          p_x           0.108030   0.007483

   20 C   s             0.002575   0.000004
          p_y           0.003546   0.000009
          p_z          -0.005572   0.000020
          p_x           0.013190   0.000168

   21 C   s             0.002833   0.000004
          p_y          -0.015870   0.000105
          p_z          -0.005000   0.000027
          p_x          -0.013876   0.000065

   22 H   s             0.006027  -0.000019

   23 C   s            -0.372966   0.042925
          p_y          -0.262563   0.041849
          p_z           0.494042   0.146873
          p_x           0.048203   0.001575

   24 H   s            -0.673051   0.143336

   25 H   s            -0.254291   0.028208

   26 H   s            -0.004625  -0.000001

   27 C   s            -0.020475   0.000113
          p_y           0.002011   0.000002
          p_z          -0.014980   0.000095
          p_x           0.013758   0.000081

   28 C   s             0.011724   0.000035
          p_y           0.008568   0.000035
          p_z           0.024000   0.000272
          p_x          -0.023801   0.000256

   29 H   s            -0.640686   0.127705

   30 C   s             0.038183   0.000459
          p_y           0.009381   0.000037
          p_z          -0.018176   0.000164
          p_x          -0.002647  -0.000000

   31 C   s            -0.033102   0.000480
          p_y           0.012161   0.000109
          p_z           0.012305   0.000066
          p_x          -0.025594   0.000395

   32 H   s            -0.009744   0.000029

   33 C   s            -0.008265   0.000020
          p_y          -0.005462   0.000015
          p_z          -0.004576   0.000005
          p_x           0.011429   0.000059

   34 H   s             0.025834   0.000207

   35 H   s            -0.011123  -0.000018

   36 H   s            -0.010218   0.000028

Eigenvector:  68    (down)

    1 C   s            -0.066762   0.001414
          p_y          -0.006851   0.000032
          p_z          -0.039193   0.000578
          p_x           0.013093   0.000089

    2 C   s             0.103563   0.003828
          p_y          -0.069550   0.002616
          p_z           0.037921   0.000815
          p_x           0.116566   0.007237

    3 C   s             0.064226   0.001189
          p_y          -0.012621   0.000092
          p_z           0.038394   0.000624
          p_x           0.002381   0.000012

    4 C   s             0.046922   0.000881
          p_y           0.159044   0.014437
          p_z          -0.067484   0.000120
          p_x          -0.088173   0.007771

    5 C   s            -0.030355   0.000326
          p_y          -0.019477   0.000177
          p_z           0.002695  -0.000004
          p_x           0.030725   0.000508

    6 H   s             0.148617   0.006109

    7 C   s            -0.065491   0.001620
          p_y          -0.040448   0.000887
          p_z          -0.003310   0.000012
          p_x           0.078563   0.003464

    8 C   s             0.064404   0.001383
          p_y           0.020224   0.000094
          p_z           0.020049   0.000426
          p_x          -0.099881   0.005412

    9 C   s             0.316763   0.034906
          p_y          -0.060072   0.001923
          p_z           0.188118   0.018303
          p_x          -0.217204   0.027330

   10 H   s            -0.042670   0.000240

   11 C   s            -0.015259   0.000055
          p_y          -0.003350   0.000005
          p_z           0.001294   0.000001
          p_x           0.007416   0.000026

   12 C   s             0.020256   0.000198
          p_y          -0.027316   0.000422
          p_z           0.024463   0.000325
          p_x           0.038071   0.000830

   13 H   s            -0.095303   0.002395

   14 H   s             0.139807   0.007761

   15 C   s            -0.192345   0.011168
          p_y           0.167364   0.012905
          p_z           0.007499   0.000007
          p_x          -0.260247   0.031767

   16 C   s            -0.235922   0.023622
          p_y          -0.082831   0.002881
          p_z           0.032466   0.000045
          p_x          -0.284563   0.050232

   17 C   s            -0.028861   0.000237
          p_y          -0.005581   0.000017
          p_z           0.039341   0.000934
          p_x          -0.026370   0.000435

   18 H   s            -0.005698   0.000022

   19 C   s            -0.021152   0.000099
          p_y          -0.024499   0.000337
          p_z           0.016082   0.000133
          p_x           0.030796   0.000550

   20 C   s             0.030977   0.000753
          p_y          -0.068851   0.004174
          p_z           0.014401  -0.000017
          p_x          -0.114508   0.012448

   21 C   s            -0.050850   0.000959
          p_y           0.137290   0.007504
          p_z           0.023223   0.000972
          p_x           0.139464   0.006961

   22 H   s            -0.063372  -0.002097

   23 C   s            -0.046546   0.000674
          p_y          -0.036206   0.000771
          p_z           0.061166   0.002206
          p_x           0.015454   0.000139

   24 H   s            -0.050298   0.000797

   25 H   s            -0.056432   0.001331

   26 H   s             0.054711  -0.000052

   27 C   s             0.213819   0.013208
          p_y          -0.005611   0.000045
          p_z           0.221458   0.019958
          p_x          -0.194152   0.015534

   28 C   s            -0.174195   0.007456
          p_y          -0.053254   0.001410
          p_z          -0.365335   0.061831
          p_x           0.325736   0.047861

   29 H   s            -0.080891   0.002007

   30 C   s            -0.551730   0.093602
          p_y          -0.194411   0.016520
          p_z           0.233022   0.026402
          p_x           0.157220   0.008880

   31 C   s             0.530039   0.125228
          p_y          -0.239902   0.041373
          p_z          -0.129742   0.005328
          p_x           0.375393   0.084508

   32 H   s             0.095416   0.002452

   33 C   s             0.132693   0.005129
          p_y           0.095353   0.004222
          p_z           0.112243   0.004003
          p_x          -0.204875   0.018449

   34 H   s            -0.458224   0.062284

   35 H   s             0.208163  -0.006838

   36 H   s             0.190230   0.009360

Eigenvector:  69    (down)

    1 C   s             0.092862   0.003180
          p_y          -0.051001   0.000908
          p_z           0.090401   0.002667
          p_x           0.060010   0.001611

    2 C   s            -0.364792   0.043993
          p_y           0.237449   0.030024
          p_z          -0.082320   0.003838
          p_x          -0.391757   0.080613

    3 C   s            -0.087544   0.001407
          p_y           0.031519   0.000547
          p_z          -0.084469   0.003822
          p_x           0.001360   0.000002

    4 C   s            -0.066658   0.001912
          p_y          -0.182900   0.018263
          p_z           0.088295   0.000091
          p_x           0.056779   0.004246

    5 C   s             0.001400   0.000010
          p_y          -0.023900   0.000350
          p_z           0.046309   0.001653
          p_x           0.002565  -0.000011

    6 H   s            -0.483450   0.063484

    7 C   s            -0.251036   0.020310
          p_y          -0.166752   0.015427
          p_z           0.074131   0.003130
          p_x           0.261801   0.037793

    8 C   s            -0.010445   0.000021
          p_y          -0.004946  -0.000024
          p_z          -0.072797   0.003965
          p_x           0.166560   0.015741

    9 C   s            -0.361940   0.046002
          p_y           0.094560   0.005020
          p_z          -0.231270   0.026288
          p_x           0.254542   0.033918

   10 H   s             0.051104   0.000539

   11 C   s             0.096657   0.002879
          p_y          -0.018837   0.000195
          p_z           0.049487   0.001529
          p_x          -0.005852   0.000038

   12 C   s            -0.031885   0.000182
          p_y           0.021438   0.000147
          p_z           0.019498   0.000438
          p_x          -0.062478   0.002247

   13 H   s            -0.328311   0.028024

   14 H   s            -0.125669   0.005611

   15 C   s             0.231241   0.014805
          p_y          -0.204348   0.018250
          p_z           0.017754   0.000207
          p_x           0.197404   0.019448

   16 C   s             0.222836   0.017362
          p_y           0.270664   0.038744
          p_z          -0.124184   0.004968
          p_x           0.100932   0.006094

   17 C   s             0.064911   0.001117
          p_y          -0.000460  -0.000000
          p_z          -0.078486   0.003685
          p_x           0.071668   0.002984

   18 H   s             0.089299   0.003586

   19 C   s             0.098063   0.002901
          p_y           0.001089  -0.000002
          p_z           0.038817   0.001009
          p_x          -0.038945   0.000804

   20 C   s            -0.020790   0.000388
          p_y           0.205365   0.038957
          p_z           0.114257   0.013420
          p_x           0.136146   0.017169

   21 C   s             0.004515   0.000037
          p_y          -0.161471   0.011541
          p_z          -0.079612   0.004258
          p_x          -0.128556   0.005162

   22 H   s             0.015845  -0.000106

   23 C   s             0.069702   0.001302
          p_y           0.053788   0.001656
          p_z          -0.094440   0.005243
          p_x          -0.015622   0.000122

   24 H   s             0.109776   0.003705

   25 H   s             0.104612   0.004901

   26 H   s            -0.019068  -0.000033

   27 C   s            -0.043293   0.000212
          p_y           0.007654   0.000117
          p_z           0.025227   0.000426
          p_x          -0.120376   0.005213

   28 C   s            -0.095592   0.002287
          p_y           0.080801   0.002731
          p_z          -0.162989   0.010872
          p_x           0.167559   0.013006

   29 H   s             0.116433   0.004090

   30 C   s            -0.201183   0.011225
          p_y          -0.151137   0.009921
          p_z           0.065918   0.001829
          p_x           0.230649   0.023817

   31 C   s             0.375460   0.066718
          p_y          -0.250806   0.043572
          p_z           0.067324   0.004932
          p_x           0.174243   0.018200

   32 H   s            -0.000869   0.000005

   33 C   s             0.031420   0.000283
          p_y           0.067273   0.001698
          p_z           0.072830   0.002108
          p_x          -0.104364   0.004541

   34 H   s            -0.287231   0.022429

   35 H   s             0.212568  -0.007830

   36 H   s             0.088935   0.001886

Eigenvector:  70    (down)

    1 C   s             0.063251   0.001667
          p_y          -0.070318   0.001777
          p_z           0.057651   0.000828
          p_x           0.054674   0.001321

    2 C   s            -0.365573   0.043400
          p_y           0.243221   0.031496
          p_z          -0.055935   0.001834
          p_x          -0.391345   0.080348

    3 C   s            -0.039516   0.000083
          p_y           0.063628   0.001960
          p_z          -0.050564   0.001812
          p_x          -0.039879   0.000476

    4 C   s            -0.038289   0.000535
          p_y           0.105540   0.005967
          p_z           0.001891   0.000064
          p_x          -0.113703   0.010935

    5 C   s            -0.034243   0.000117
          p_y          -0.059830   0.001956
          p_z           0.057807   0.002504
          p_x           0.047523   0.000808

    6 H   s            -0.477557   0.061689

    7 C   s            -0.431184   0.061560
          p_y          -0.274057   0.040972
          p_z           0.089509   0.004336
          p_x           0.437628   0.104648

    8 C   s             0.142294   0.007306
          p_y           0.009511  -0.000023
          p_z          -0.074601   0.002889
          p_x          -0.035911   0.000388

    9 C   s             0.265094   0.024333
          p_y          -0.058141   0.002182
          p_z           0.165892   0.016317
          p_x          -0.149202   0.013419

   10 H   s            -0.037065   0.000107

   11 C   s             0.128470   0.005104
          p_y          -0.038394   0.000796
          p_z           0.068950   0.002952
          p_x           0.022293   0.000160

   12 C   s            -0.000226  -0.000002
          p_y          -0.002552   0.000021
          p_z           0.062423   0.003108
          p_x          -0.040017   0.000973

   13 H   s            -0.556171   0.080214

   14 H   s             0.158933   0.010320

   15 C   s            -0.166337   0.007674
          p_y           0.181802   0.013130
          p_z          -0.004174   0.000016
          p_x          -0.129499   0.008372

   16 C   s            -0.164797   0.009386
          p_y          -0.218698   0.025410
          p_z           0.063894   0.000802
          p_x          -0.101335   0.005886

   17 C   s             0.078936   0.001675
          p_y          -0.008861   0.000034
          p_z          -0.090525   0.004881
          p_x           0.095755   0.005218

   18 H   s             0.145033   0.008982

   19 C   s             0.109780   0.003727
          p_y          -0.024666   0.000403
          p_z           0.062512   0.002446
          p_x          -0.016717   0.000137

   20 C   s             0.060809   0.002605
          p_y          -0.307971   0.088205
          p_z          -0.174929   0.029700
          p_x          -0.172236   0.027744

   21 C   s            -0.022427   0.000238
          p_y           0.139206   0.008463
          p_z           0.060159   0.002451
          p_x           0.117206   0.004741

   22 H   s            -0.012481  -0.000065

   23 C   s             0.057835   0.000806
          p_y           0.041186   0.000983
          p_z          -0.076473   0.003510
          p_x          -0.003069   0.000002

   24 H   s             0.134913   0.005555

   25 H   s             0.081635   0.003199

   26 H   s             0.023776  -0.000031

   27 C   s             0.042184   0.000292
          p_y           0.026002  -0.000215
          p_z           0.019955  -0.000030
          p_x           0.103010   0.003488

   28 C   s             0.059771   0.000950
          p_y          -0.057224   0.001361
          p_z           0.072379   0.001926
          p_x          -0.099702   0.004662

   29 H   s             0.091668   0.002557

   30 C   s             0.108321   0.003138
          p_y           0.083623   0.002942
          p_z          -0.042591   0.000758
          p_x          -0.148049   0.009967

   31 C   s            -0.226935   0.024777
          p_y           0.161170   0.017918
          p_z          -0.064889   0.003856
          p_x          -0.091622   0.005072

   32 H   s             0.004442   0.000022

   33 C   s            -0.006037   0.000013
          p_y          -0.037912   0.000516
          p_z          -0.032169   0.000432
          p_x           0.049915   0.001026

   34 H   s             0.168523   0.007640

   35 H   s            -0.137949  -0.003340

   36 H   s            -0.038204   0.000336

Eigenvector:  71    (down)

    1 C   s             0.002664   0.000003
          p_y          -0.000434  -0.000000
          p_z          -0.000233   0.000000
          p_x           0.003748   0.000008

    2 C   s            -0.029838   0.000280
          p_y           0.015918   0.000135
          p_z          -0.000701   0.000001
          p_x          -0.029825   0.000461

    3 C   s             0.017970   0.000098
          p_y          -0.002080  -0.000001
          p_z           0.001525  -0.000004
          p_x          -0.028722   0.000322

    4 C   s             0.008977   0.000020
          p_y           0.029503   0.000393
          p_z          -0.008364  -0.000040
          p_x          -0.010755   0.000122

    5 C   s            -0.011733   0.000036
          p_y          -0.011259   0.000067
          p_z           0.008425   0.000049
          p_x           0.016117   0.000116

    6 H   s            -0.035655   0.000347

    7 C   s            -0.085365   0.002475
          p_y          -0.039597   0.000830
          p_z           0.009342   0.000040
          p_x           0.079348   0.003387

    8 C   s             0.027913   0.000135
          p_y           0.068586   0.002676
          p_z           0.006628   0.000023
          p_x          -0.030816   0.000448

    9 C   s             0.081491   0.002054
          p_y          -0.003726   0.000009
          p_z           0.045536   0.001047
          p_x          -0.057804   0.001642

   10 H   s            -0.005401   0.000000

   11 C   s             0.017787   0.000098
          p_y          -0.009259   0.000046
          p_z           0.009836   0.000060
          p_x           0.008629   0.000033

   12 C   s             0.011165   0.000064
          p_y          -0.009203   0.000054
          p_z           0.016507   0.000185
          p_x          -0.000744   0.000001

   13 H   s            -0.100324   0.002605

   14 H   s             0.076280   0.002230

   15 C   s             0.024724  -0.000033
          p_y          -0.069306   0.001139
          p_z           0.009988   0.000066
          p_x          -0.160405   0.009739

   16 C   s            -0.028759   0.000434
          p_y           0.066914   0.002562
          p_z           0.111986   0.006799
          p_x           0.047296   0.001501

   17 C   s             0.009230   0.000023
          p_y          -0.002150   0.000002
          p_z          -0.008839   0.000046
          p_x           0.013099   0.000095

   18 H   s             0.025463   0.000262

   19 C   s             0.009818   0.000031
          p_y          -0.006720   0.000026
          p_z           0.010372   0.000062
          p_x           0.004971   0.000014

   20 C   s            -0.086145   0.004842
          p_y           0.462200   0.200712
          p_z           0.287141   0.074339
          p_x           0.128046   0.015135

   21 C   s             0.088359   0.001562
          p_y          -0.030403   0.000515
          p_z          -0.037176   0.000447
          p_x          -0.113043   0.005777

   22 H   s            -0.005969  -0.000019

   23 C   s             0.001228  -0.000000
          p_y          -0.001277   0.000001
          p_z          -0.000266   0.000000
          p_x           0.002349   0.000003

   24 H   s             0.015719   0.000075

   25 H   s             0.000014   0.000000

   26 H   s             0.026444  -0.000096

   27 C   s             0.166493   0.006295
          p_y          -0.088670   0.000389
          p_z           0.175857   0.013911
          p_x          -0.296733   0.033198

   28 C   s             0.011801  -0.000033
          p_y          -0.146694   0.008433
          p_z           0.053073   0.001114
          p_x           0.206503   0.018380

   29 H   s            -0.000225  -0.000000

   30 C   s            -0.366897   0.043212
          p_y           0.171401   0.014630
          p_z           0.076122   0.002812
          p_x          -0.284361   0.039274

   31 C   s            -0.456008   0.116190
          p_y           0.429411   0.128915
          p_z          -0.556011   0.211042
          p_x           0.079901   0.003180

   32 H   s             0.174562   0.010257

   33 C   s             0.297589   0.023677
          p_y          -0.030739  -0.000200
          p_z           0.004782  -0.000101
          p_x          -0.092721   0.003791

   34 H   s             0.038854  -0.000071

   35 H   s            -0.423938  -0.033699

   36 H   s             0.152034   0.006789

Eigenvector:  72    (down)

    1 C   s             0.003047   0.000000
          p_y           0.007250   0.000013
          p_z           0.008670   0.000043
          p_x           0.003964   0.000007

    2 C   s             0.027446   0.000226
          p_y          -0.019971   0.000214
          p_z          -0.007388   0.000025
          p_x           0.032059   0.000540

    3 C   s            -0.016996   0.000080
          p_y          -0.003596   0.000009
          p_z          -0.007048  -0.000000
          p_x           0.040388   0.000589

    4 C   s            -0.012676   0.000077
          p_y          -0.166204   0.014936
          p_z           0.027844  -0.000752
          p_x           0.084967   0.007364

    5 C   s             0.017843   0.000088
          p_y           0.018068   0.000167
          p_z          -0.009298   0.000061
          p_x          -0.023712   0.000253

    6 H   s             0.035015   0.000325

    7 C   s             0.102975   0.003582
          p_y           0.056241   0.001670
          p_z          -0.016912   0.000137
          p_x          -0.103401   0.005736

    8 C   s            -0.101219   0.003586
          p_y          -0.070887   0.002334
          p_z          -0.047363   0.001758
          p_x           0.078582   0.002865

    9 C   s            -0.342042   0.039735
          p_y           0.075704   0.003158
          p_z          -0.213604   0.023629
          p_x           0.218666   0.026880

   10 H   s             0.045963   0.000271

   11 C   s            -0.024988   0.000191
          p_y           0.013643   0.000099
          p_z          -0.013870   0.000117
          p_x          -0.015863   0.000118

   12 C   s            -0.014954   0.000113
          p_y           0.013594   0.000115
          p_z          -0.022890   0.000344
          p_x          -0.004866   0.000011

   13 H   s             0.130349   0.004367

   14 H   s            -0.163877   0.010258

   15 C   s             0.234426   0.014524
          p_y          -0.028660   0.000863
          p_z           0.091365   0.002546
          p_x           0.262814   0.029885

   16 C   s             0.232438   0.019516
          p_y           0.111622   0.004971
          p_z          -0.163517   0.011054
          p_x           0.112461   0.008710

   17 C   s            -0.013410   0.000050
          p_y           0.003962   0.000007
          p_z           0.013619   0.000109
          p_x          -0.020118   0.000220

   18 H   s            -0.038229   0.000580

   19 C   s            -0.011828   0.000047
          p_y           0.012245   0.000084
          p_z          -0.014680   0.000122
          p_x          -0.010550   0.000061

   20 C   s             0.107825   0.006882
          p_y          -0.543025   0.272942
          p_z          -0.249040   0.055720
          p_x          -0.308532   0.090016

   21 C   s            -0.004164  -0.000010
          p_y          -0.056317   0.001501
          p_z          -0.058098   0.002651
          p_x          -0.110194   0.002792

   22 H   s             0.035170  -0.000603

   23 C   s             0.001569   0.000002
          p_y           0.004156   0.000008
          p_z          -0.003472   0.000005
          p_x          -0.005557   0.000017

   24 H   s            -0.023750   0.000168

   25 H   s             0.006041   0.000007

   26 H   s             0.036597   0.000043

   27 C   s             0.073748   0.001277
          p_y           0.160537   0.005381
          p_z           0.255504   0.021940
          p_x          -0.090973   0.005185

   28 C   s            -0.005722   0.000012
          p_y          -0.052329   0.000949
          p_z          -0.109582   0.005658
          p_x           0.221581   0.021301

   29 H   s             0.005489   0.000008

   30 C   s            -0.323207   0.032460
          p_y           0.010653   0.000075
          p_z           0.006998   0.000002
          p_x          -0.101186   0.005523

   31 C   s            -0.173133   0.019948
          p_y           0.212291   0.031905
          p_z          -0.423836   0.115995
          p_x           0.157853   0.013593

   32 H   s             0.123735   0.004744

   33 C   s             0.268359   0.018808
          p_y           0.024807   0.000558
          p_z           0.082247   0.001236
          p_x          -0.151233   0.009678

   34 H   s            -0.092797   0.003021

   35 H   s            -0.235017  -0.010735

   36 H   s             0.198179   0.010649

Eigenvector:  73    (down)

    1 C   s            -0.015110   0.000056
          p_y          -0.018418   0.000140
          p_z           0.010083   0.000044
          p_x           0.019037   0.000148

    2 C   s            -0.004990   0.000007
          p_y           0.011361   0.000064
          p_z          -0.004084   0.000006
          p_x          -0.015040   0.000122

    3 C   s            -0.011639   0.000021
          p_y          -0.011645   0.000075
          p_z          -0.005504  -0.000002
          p_x           0.032104   0.000453

    4 C   s            -0.007632   0.000004
          p_y           0.031218   0.000660
          p_z           0.014011   0.000114
          p_x          -0.015551   0.000209

    5 C   s             0.009660   0.000032
          p_y           0.008374   0.000035
          p_z           0.000719  -0.000000
          p_x          -0.019389   0.000177

    6 H   s            -0.013801   0.000044

    7 C   s             0.036246   0.000445
          p_y           0.004585   0.000009
          p_z           0.011436   0.000072
          p_x          -0.019697   0.000194

    8 C   s            -0.011444  -0.000050
          p_y          -0.048461   0.001345
          p_z           0.030289   0.000659
          p_x           0.068165   0.002429

    9 C   s             0.004217   0.000025
          p_y          -0.016418   0.000145
          p_z           0.004067   0.000021
          p_x           0.006467  -0.000030

   10 H   s            -0.007468   0.000009

   11 C   s            -0.010119   0.000025
          p_y           0.014508   0.000108
          p_z          -0.004894   0.000013
          p_x          -0.023545   0.000280

   12 C   s            -0.017378   0.000117
          p_y           0.012709   0.000083
          p_z          -0.014984   0.000117
          p_x          -0.010753   0.000058

   13 H   s             0.027943   0.000203

   14 H   s            -0.077794   0.002110

   15 C   s            -0.126452   0.002409
          p_y           0.000613   0.000001
          p_z          -0.083342   0.002229
          p_x           0.063581   0.001251

   16 C   s            -0.074295   0.001294
          p_y          -0.078533   0.002586
          p_z          -0.097574   0.007248
          p_x          -0.110156   0.006028

   17 C   s            -0.010012   0.000032
          p_y           0.004108   0.000008
          p_z           0.009497   0.000048
          p_x          -0.017888   0.000162

   18 H   s            -0.030602   0.000338

   19 C   s             0.011784   0.000035
          p_y           0.011928   0.000069
          p_z          -0.002290   0.000002
          p_x          -0.021835   0.000240

   20 C   s            -0.105371   0.007513
          p_y           0.072916   0.004307
          p_z          -0.142549   0.017187
          p_x           0.250378   0.056804

   21 C   s            -0.486162   0.059326
          p_y           0.072161   0.002004
          p_z          -0.143102   0.007722
          p_x           0.403218   0.071721

   22 H   s            -0.006101  -0.000009

   23 C   s             0.014941   0.000069
          p_y           0.016079   0.000131
          p_z          -0.023736   0.000293
          p_x          -0.009410   0.000042

   24 H   s            -0.018490   0.000096

   25 H   s             0.029724   0.000333

   26 H   s            -0.125395  -0.001000

   27 C   s             0.011736   0.000023
          p_y          -0.211822   0.018637
          p_z          -0.285243   0.027309
          p_x           0.515099   0.112207

   28 C   s             0.150023   0.009123
          p_y           0.199108   0.020252
          p_z          -0.376690   0.071714
          p_x          -0.168550   0.013673

   29 H   s             0.028294   0.000221

   30 C   s             0.203903   0.011066
          p_y          -0.024454   0.000193
          p_z          -0.429740   0.085792
          p_x           0.471604   0.100950

   31 C   s            -0.179647   0.018999
          p_y           0.146358   0.015029
          p_z          -0.297518   0.056688
          p_x           0.150687   0.012313

   32 H   s            -0.103995   0.002863

   33 C   s             0.350014   0.027675
          p_y           0.015751   0.000156
          p_z           0.333157   0.041704
          p_x          -0.370758   0.053031

   34 H   s            -0.143077   0.003545

   35 H   s            -0.184903  -0.006323

   36 H   s             0.414059   0.041846

Eigenvector:  74    (down)

    1 C   s             0.118784   0.004362
          p_y           0.065976   0.002061
          p_z          -0.056035   0.001560
          p_x          -0.078932   0.002819

    2 C   s            -0.176585   0.010049
          p_y           0.040959   0.000817
          p_z           0.036603   0.000543
          p_x          -0.102682   0.004780

    3 C   s            -0.134457   0.005476
          p_y           0.029221   0.000390
          p_z           0.032322   0.000525
          p_x          -0.089075   0.003698

    4 C   s            -0.006983   0.000027
          p_y          -0.015978   0.000139
          p_z           0.007405   0.000019
          p_x           0.007101   0.000041

    5 C   s            -0.005711   0.000021
          p_y          -0.099144   0.004959
          p_z          -0.002345  -0.000028
          p_x           0.203274   0.018426

    6 H   s            -0.148599   0.006006

    7 C   s             0.226406   0.016936
          p_y           0.086564   0.003476
          p_z          -0.059140   0.001395
          p_x          -0.108427   0.005759

    8 C   s             0.024989   0.000229
          p_y           0.020156   0.000212
          p_z          -0.013930   0.000145
          p_x          -0.024264   0.000233

    9 C   s            -0.027091   0.000252
          p_y           0.004571   0.000010
          p_z          -0.013782   0.000079
          p_x           0.020969   0.000219

   10 H   s            -0.001158   0.000000

   11 C   s             0.172467   0.006265
          p_y          -0.240967   0.029579
          p_z           0.085208   0.003748
          p_x           0.400554   0.081479

   12 C   s             0.008780   0.000053
          p_y          -0.134259   0.008734
          p_z           0.083914   0.002510
          p_x           0.193175   0.020117

   13 H   s             0.199125   0.010188

   14 H   s             0.041418   0.000570

   15 C   s             0.019879   0.000092
          p_y          -0.012190   0.000069
          p_z          -0.005718   0.000012
          p_x           0.028746   0.000355

   16 C   s             0.010697   0.000045
          p_y           0.014142   0.000103
          p_z          -0.008710   0.000034
          p_x           0.007018   0.000032

   17 C   s             0.230572   0.016901
          p_y          -0.069770   0.002231
          p_z          -0.256794   0.034962
          p_x           0.387838   0.075751

   18 H   s             0.515599   0.095927

   19 C   s            -0.165460   0.005189
          p_y          -0.221916   0.024298
          p_z           0.047562   0.000923
          p_x           0.395547   0.078663

   20 C   s            -0.009608   0.000066
          p_y          -0.007204   0.000051
          p_z          -0.008021   0.000045
          p_x           0.006704   0.000038

   21 C   s            -0.024258   0.000136
          p_y          -0.011451   0.000057
          p_z          -0.014883   0.000109
          p_x           0.009508   0.000051

   22 H   s             0.001764  -0.000002

   23 C   s            -0.295898   0.027375
          p_y          -0.290904   0.042442
          p_z           0.420941   0.090916
          p_x           0.182208   0.015787

   24 H   s             0.429215   0.051054

   25 H   s            -0.519016   0.101597

   26 H   s            -0.010184  -0.000005

   27 C   s            -0.006441   0.000009
          p_y          -0.004338   0.000011
          p_z          -0.017350   0.000100
          p_x           0.030597   0.000368

   28 C   s             0.006778   0.000020
          p_y           0.015368   0.000114
          p_z          -0.020863   0.000211
          p_x          -0.004451   0.000010

   29 H   s            -0.516760   0.073174

   30 C   s             0.011567   0.000038
          p_y          -0.004719   0.000009
          p_z          -0.028271   0.000378
          p_x           0.033071   0.000495

   31 C   s            -0.005386   0.000020
          p_y           0.003321   0.000009
          p_z          -0.015649   0.000149
          p_x           0.010920   0.000066

   32 H   s            -0.005748   0.000009

   33 C   s             0.021888   0.000107
          p_y           0.002787   0.000003
          p_z           0.020068   0.000150
          p_x          -0.022543   0.000194

   34 H   s            -0.012009   0.000028

   35 H   s            -0.007195  -0.000010

   36 H   s             0.025198   0.000155

Eigenvector:  75    (down)

    1 C   s             0.308325   0.023012
          p_y           0.201992   0.017091
          p_z          -0.045642   0.000931
          p_x          -0.316411   0.042245

    2 C   s             0.142574   0.005125
          p_y          -0.093870   0.003871
          p_z          -0.047774   0.001549
          p_x           0.204895   0.020552

    3 C   s            -0.206131   0.013327
          p_y           0.198544   0.018347
          p_z          -0.176823   0.015993
          p_x          -0.252785   0.027055

    4 C   s            -0.032751   0.000572
          p_y          -0.123260   0.008967
          p_z           0.013029   0.000107
          p_x           0.038908   0.001065

    5 C   s            -0.128865   0.004936
          p_y          -0.018297   0.000144
          p_z          -0.049083   0.001273
          p_x           0.086197   0.003544

    6 H   s             0.184228   0.008023

    7 C   s            -0.257426   0.019602
          p_y          -0.025827   0.000316
          p_z          -0.056858   0.001367
          p_x           0.097340   0.004211

    8 C   s             0.515953   0.069704
          p_y           0.372662   0.064060
          p_z          -0.157332   0.013173
          p_x          -0.527994   0.122646

    9 C   s            -0.029808   0.000478
          p_y           0.059969   0.001927
          p_z          -0.009650   0.000020
          p_x           0.007292   0.000046

   10 H   s            -0.001664   0.000003

   11 C   s            -0.004334  -0.000011
          p_y           0.003075   0.000007
          p_z          -0.023752   0.000250
          p_x           0.014297   0.000066

   12 C   s             0.176938   0.010411
          p_y          -0.040638   0.000837
          p_z           0.038172   0.000824
          p_x           0.043642   0.000854

   13 H   s            -0.168609   0.007239

   14 H   s             0.820641   0.222752

   15 C   s             0.104622   0.000361
          p_y          -0.045729   0.001147
          p_z          -0.014102  -0.000005
          p_x           0.083248   0.003118

   16 C   s            -0.011496   0.000086
          p_y           0.289746   0.043869
          p_z           0.167751   0.015841
          p_x           0.134298   0.007836

   17 C   s            -0.069489   0.001462
          p_y          -0.003789   0.000010
          p_z           0.069165   0.002331
          p_x          -0.056821   0.001466

   18 H   s             0.003498  -0.000001

   19 C   s            -0.089915   0.002687
          p_y          -0.003445  -0.000006
          p_z          -0.026254   0.000427
          p_x           0.030554   0.000350

   20 C   s            -0.119918   0.008315
          p_y          -0.091182   0.007077
          p_z           0.035468   0.001285
          p_x          -0.091257   0.006743

   21 C   s             0.052764   0.000745
          p_y          -0.303511   0.037032
          p_z          -0.116941   0.005700
          p_x          -0.152826   0.010211

   22 H   s            -0.011827  -0.000074

   23 C   s             0.072439   0.001743
          p_y           0.037601   0.000640
          p_z          -0.070189   0.002190
          p_x          -0.007740   0.000030

   24 H   s            -0.089201   0.002091

   25 H   s            -0.069488   0.001735

   26 H   s            -0.054028  -0.000022

   27 C   s            -0.138631   0.004020
          p_y           0.082598   0.001947
          p_z          -0.150762   0.007145
          p_x           0.154642   0.007323

   28 C   s            -0.051610   0.000687
          p_y           0.064041   0.001718
          p_z           0.053394   0.001381
          p_x           0.037185   0.000581

   29 H   s             0.087479   0.001960

   30 C   s             0.089340   0.002411
          p_y          -0.030142   0.000317
          p_z          -0.194556   0.017705
          p_x           0.195730   0.016776

   31 C   s            -0.018263   0.000164
          p_y          -0.030418   0.000500
          p_z          -0.030044   0.000456
          p_x           0.045344   0.001224

   32 H   s            -0.020753   0.000140

   33 C   s             0.116238   0.002796
          p_y           0.026463   0.000238
          p_z           0.059836   0.001254
          p_x          -0.072446   0.001807

   34 H   s            -0.053009   0.000473

   35 H   s            -0.003748  -0.000002

   36 H   s             0.091317   0.002045

Eigenvector:  76    (down)

    1 C   s             0.152067   0.005946
          p_y           0.098015   0.004066
          p_z          -0.034300   0.000541
          p_x          -0.169982   0.011962

    2 C   s            -0.012787   0.000039
          p_y          -0.051152   0.001104
          p_z           0.046726   0.000710
          p_x           0.062089   0.001896

    3 C   s            -0.145294   0.005343
          p_y           0.078697   0.002814
          p_z          -0.015688   0.000150
          p_x          -0.139163   0.008532

    4 C   s            -0.024046   0.000241
          p_y          -0.012044  -0.000007
          p_z           0.077019   0.001569
          p_x           0.048737   0.002312

    5 C   s            -0.190255   0.010933
          p_y          -0.094369   0.004150
          p_z           0.128699   0.008068
          p_x           0.073016   0.002273

    6 H   s             0.037357   0.000215

    7 C   s            -0.069680   0.001407
          p_y           0.000867  -0.000002
          p_z           0.082805   0.003851
          p_x          -0.084557   0.003503

    8 C   s            -0.008697   0.000061
          p_y           0.054891   0.001597
          p_z          -0.051558   0.001776
          p_x          -0.057270   0.001372

    9 C   s            -0.208385   0.012707
          p_y           0.017304  -0.000028
          p_z          -0.157159   0.010186
          p_x           0.127043   0.007566

   10 H   s             0.000123  -0.000000

   11 C   s             0.428704   0.054220
          p_y          -0.209797   0.018448
          p_z           0.080735   0.002911
          p_x           0.340036   0.047699

   12 C   s             0.261178   0.020554
          p_y          -0.093303   0.004175
          p_z           0.071449   0.002536
          p_x           0.108784   0.005559

   13 H   s             0.007423  -0.000003

   14 H   s             0.063605   0.001229

   15 C   s             0.174795   0.006432
          p_y          -0.064247   0.001539
          p_z          -0.000263   0.000000
          p_x           0.096040   0.004210

   16 C   s             0.142494   0.007341
          p_y          -0.323971   0.056145
          p_z          -0.321415   0.052392
          p_x          -0.101566   0.002670

   17 C   s            -0.399046   0.051478
          p_y          -0.033152   0.000486
          p_z           0.339807   0.050475
          p_x          -0.248478   0.026748

   18 H   s             0.544858   0.098280

   19 C   s            -0.123328   0.005462
          p_y          -0.029991   0.000276
          p_z           0.047648   0.000977
          p_x           0.014281  -0.000017

   20 C   s            -0.048944   0.001844
          p_y           0.056031   0.002567
          p_z           0.065003   0.003094
          p_x           0.019710   0.000249

   21 C   s            -0.255558   0.015609
          p_y           0.366910   0.052479
          p_z           0.041105   0.000393
          p_x           0.259463   0.031960

   22 H   s             0.038651  -0.000757

   23 C   s             0.329321   0.033392
          p_y           0.082326   0.002758
          p_z          -0.225362   0.022179
          p_x           0.054546   0.001600

   24 H   s            -0.443865   0.050368

   25 H   s            -0.105805   0.003873

   26 H   s            -0.027223  -0.000027

   27 C   s             0.237378   0.011016
          p_y          -0.136147   0.006118
          p_z           0.157895   0.008657
          p_x          -0.069293   0.001277

   28 C   s             0.171856   0.008319
          p_y           0.021263   0.000239
          p_z          -0.195972   0.017789
          p_x          -0.108063   0.004760

   29 H   s             0.296775   0.023005

   30 C   s            -0.059803   0.001147
          p_y           0.022231   0.000137
          p_z           0.222346   0.022811
          p_x          -0.204223   0.017982

   31 C   s             0.033417   0.000494
          p_y           0.033836   0.000641
          p_z           0.048480   0.001167
          p_x          -0.069412   0.002888

   32 H   s            -0.000994  -0.000003

   33 C   s            -0.162414   0.005480
          p_y          -0.031305   0.000352
          p_z          -0.043705   0.000571
          p_x           0.063243   0.001318

   34 H   s             0.066369   0.000843

   35 H   s             0.008331  -0.000009

   36 H   s            -0.095714   0.002346

Eigenvector:  77    (down)

    1 C   s            -0.144564   0.004659
          p_y          -0.037967   0.000640
          p_z          -0.009999   0.000030
          p_x           0.078419   0.002673

    2 C   s            -0.090883   0.001835
          p_y          -0.022819   0.000251
          p_z           0.128796   0.008043
          p_x          -0.066710   0.002211

    3 C   s             0.094245   0.002655
          p_y          -0.088244   0.003453
          p_z           0.155345   0.010506
          p_x           0.034763   0.000550

    4 C   s             0.032020   0.000423
          p_y           0.029389   0.000269
          p_z          -0.092300   0.002342
          p_x          -0.052741   0.002894

    5 C   s            -0.062356   0.001386
          p_y          -0.065996   0.002138
          p_z           0.181560   0.016224
          p_x          -0.026680   0.000376

    6 H   s            -0.058189   0.000968

    7 C   s             0.055715   0.000802
          p_y           0.011787   0.000050
          p_z           0.139696   0.009369
          p_x          -0.151941   0.010690

    8 C   s            -0.233661   0.013943
          p_y          -0.155548   0.011327
          p_z           0.155207   0.012889
          p_x           0.128625   0.006464

    9 C   s             0.230351   0.015591
          p_y          -0.038098   0.000266
          p_z           0.185025   0.013871
          p_x          -0.133200   0.008188

   10 H   s            -0.008933  -0.000007

   11 C   s             0.449115   0.057239
          p_y          -0.231166   0.022785
          p_z           0.123838   0.006934
          p_x           0.340746   0.048407

   12 C   s             0.110464   0.003171
          p_y          -0.068036   0.002194
          p_z           0.090387   0.004021
          p_x           0.035780   0.000569

   13 H   s             0.088968   0.001723

   14 H   s            -0.289719   0.027470

   15 C   s            -0.182349   0.005959
          p_y           0.087498   0.003097
          p_z          -0.023903   0.000279
          p_x          -0.106854   0.005385

   16 C   s            -0.159004   0.009016
          p_y           0.334086   0.059691
          p_z           0.343969   0.059714
          p_x           0.101234   0.002469

   17 C   s            -0.302046   0.030238
          p_y          -0.018611   0.000119
          p_z           0.266820   0.030243
          p_x          -0.208389   0.018957

   18 H   s             0.564927   0.105998

   19 C   s             0.053874   0.000384
          p_y           0.025439   0.000290
          p_z           0.068536   0.002331
          p_x          -0.110988   0.005845

   20 C   s             0.066640   0.003237
          p_y          -0.054167   0.002374
          p_z          -0.080177   0.004790
          p_x          -0.012058   0.000082

   21 C   s             0.286824   0.019660
          p_y          -0.380625   0.056313
          p_z          -0.031583   0.000157
          p_x          -0.279467   0.037118

   22 H   s            -0.041296  -0.000864

   23 C   s             0.205669   0.012471
          p_y           0.018525   0.000104
          p_z          -0.095549   0.004107
          p_x           0.055660   0.001712

   24 H   s            -0.349926   0.030937

   25 H   s             0.096866   0.003266

   26 H   s             0.037908  -0.000028

   27 C   s            -0.258299   0.013051
          p_y           0.147839   0.007244
          p_z          -0.171159   0.010189
          p_x           0.064297   0.001067

   28 C   s            -0.190836   0.010260
          p_y          -0.032050   0.000513
          p_z           0.216112   0.021601
          p_x           0.119600   0.005820

   29 H   s             0.146245   0.005855

   30 C   s             0.060090   0.001165
          p_y          -0.022547   0.000136
          p_z          -0.238037   0.026093
          p_x           0.217855   0.020418

   31 C   s            -0.035708   0.000563
          p_y          -0.036277   0.000741
          p_z          -0.052065   0.001339
          p_x           0.076207   0.003472

   32 H   s             0.003386  -0.000009

   33 C   s             0.176361   0.006459
          p_y           0.033664   0.000408
          p_z           0.044224   0.000572
          p_x          -0.066468   0.001451

   34 H   s            -0.072176   0.001005

   35 H   s            -0.008618  -0.000010

   36 H   s             0.101722   0.002659

Eigenvector:  78    (down)

    1 C   s            -0.001012   0.000000
          p_y           0.053489   0.001022
          p_z          -0.020556   0.000140
          p_x          -0.090721   0.002997

    2 C   s            -0.005301   0.000019
          p_y          -0.144356   0.009539
          p_z           0.173874   0.014415
          p_x           0.123500   0.006630

    3 C   s             0.029364   0.000217
          p_y           0.015363   0.000153
          p_z           0.031662   0.000171
          p_x          -0.064372   0.001716

    4 C   s             0.008856   0.000017
          p_y          -0.023302   0.000260
          p_z           0.012417   0.000006
          p_x           0.041807   0.001259

    5 C   s             0.131801   0.003753
          p_y           0.040209   0.000477
          p_z           0.098317   0.005008
          p_x          -0.149621   0.009300

    6 H   s             0.108600   0.002302

    7 C   s            -0.210057   0.012149
          p_y          -0.005428   0.000011
          p_z           0.159198   0.011492
          p_x          -0.150431   0.010391

    8 C   s             0.001348  -0.000010
          p_y           0.066198   0.002049
          p_z           0.033913   0.000498
          p_x          -0.161100   0.012054

    9 C   s            -0.072109   0.001578
          p_y           0.018107   0.000127
          p_z          -0.056248   0.001486
          p_x           0.029089   0.000482

   10 H   s             0.008018   0.000000

   11 C   s             0.155479   0.005138
          p_y          -0.155292   0.011193
          p_z           0.156467   0.011835
          p_x           0.156115   0.010838

   12 C   s            -0.013245   0.000204
          p_y          -0.054899   0.001489
          p_z           0.281209   0.040331
          p_x          -0.178900   0.016384

   13 H   s            -0.038113   0.000608

   14 H   s             0.128537   0.004994

   15 C   s             0.077728   0.000952
          p_y          -0.028800   0.000316
          p_z           0.009947   0.000016
          p_x           0.037581   0.000660

   16 C   s             0.043282   0.000626
          p_y          -0.043145   0.001046
          p_z          -0.068364   0.002258
          p_x          -0.004101  -0.000017

   17 C   s             0.223922   0.014374
          p_y           0.058670   0.001856
          p_z          -0.076703   0.003017
          p_x          -0.042207   0.001067

   18 H   s             0.247183   0.019886

   19 C   s             0.603209   0.095373
          p_y           0.308422   0.039346
          p_z          -0.008514   0.000002
          p_x          -0.587220   0.144091

   20 C   s            -0.064382   0.002499
          p_y          -0.005152   0.000020
          p_z           0.044268   0.001470
          p_x          -0.026717   0.000557

   21 C   s            -0.085668   0.001745
          p_y           0.054576   0.001118
          p_z          -0.019603   0.000193
          p_x           0.059615   0.001741

   22 H   s             0.009694  -0.000047

   23 C   s            -0.379172   0.047127
          p_y          -0.208039   0.018551
          p_z           0.435589   0.078891
          p_x          -0.009867  -0.000001

   24 H   s             0.111105   0.003675

   25 H   s             0.841598   0.240774

   26 H   s            -0.025200  -0.000022

   27 C   s             0.062688   0.000734
          p_y          -0.029618   0.000322
          p_z           0.023423   0.000232
          p_x           0.013178   0.000059

   28 C   s             0.054101   0.000831
          p_y           0.026388   0.000308
          p_z          -0.058772   0.001584
          p_x          -0.033525   0.000450

   29 H   s            -0.477759   0.055553

   30 C   s            -0.001825   0.000002
          p_y           0.001432  -0.000000
          p_z           0.040466   0.000748
          p_x          -0.034358   0.000507

   31 C   s             0.007767   0.000027
          p_y           0.005238   0.000016
          p_z           0.013729   0.000093
          p_x          -0.018362   0.000198

   32 H   s            -0.005999   0.000003

   33 C   s            -0.036746   0.000282
          p_y          -0.005539   0.000012
          p_z          -0.005111   0.000005
          p_x           0.009574   0.000029

   34 H   s             0.014279   0.000043

   35 H   s             0.002783  -0.000001

   36 H   s            -0.017812   0.000085

Eigenvector:  79    (down)

    1 C   s            -0.267184   0.017489
          p_y          -0.175285   0.012864
          p_z           0.032133   0.000415
          p_x           0.337228   0.047390

    2 C   s            -0.155748   0.006219
          p_y           0.036201   0.000454
          p_z           0.029815   0.000642
          p_x          -0.091142   0.003766

    3 C   s             0.344216   0.025757
          p_y          -0.170505   0.011813
          p_z           0.032434   0.000375
          p_x           0.286237   0.034336

    4 C   s             0.058356   0.001105
          p_y          -0.082770   0.003942
          p_z          -0.072033   0.002416
          p_x           0.018786   0.000165

    5 C   s             0.164396   0.007051
          p_y           0.018556   0.000138
          p_z           0.060141   0.001707
          p_x          -0.090312   0.003602

    6 H   s            -0.111300   0.002951

    7 C   s             0.094876   0.001853
          p_y           0.089614   0.004020
          p_z          -0.139568   0.010340
          p_x          -0.036757   0.000566

    8 C   s             0.219651   0.011592
          p_y           0.064910   0.001447
          p_z           0.096684   0.005592
          p_x          -0.180586   0.014668

    9 C   s             0.063671   0.001052
          p_y           0.079189   0.003652
          p_z           0.028615   0.000167
          p_x          -0.075782   0.002417

   10 H   s             0.044661   0.000448

   11 C   s             0.055947   0.000650
          p_y          -0.036379   0.000515
          p_z          -0.012567   0.000133
          p_x           0.083659   0.003167

   12 C   s            -0.177034   0.009124
          p_y           0.060295   0.001803
          p_z          -0.104654   0.005199
          p_x          -0.017522   0.000190

   13 H   s             0.086741   0.001621

   14 H   s             0.227402   0.016249

   15 C   s            -0.092654   0.002922
          p_y          -0.034356   0.000521
          p_z           0.134445   0.006168
          p_x          -0.072813   0.001619

   16 C   s            -0.081660   0.002903
          p_y           0.425685   0.093222
          p_z           0.227946   0.019156
          p_x           0.037988   0.001194

   17 C   s            -0.074628   0.001701
          p_y          -0.010853   0.000051
          p_z           0.036760   0.000517
          p_x          -0.011336   0.000034

   18 H   s             0.091130   0.002613

   19 C   s            -0.030680   0.000165
          p_y          -0.019010   0.000182
          p_z           0.016331   0.000187
          p_x           0.020968   0.000162

   20 C   s            -0.171347   0.017460
          p_y          -0.067168   0.003061
          p_z           0.016079  -0.000070
          p_x          -0.066640   0.002980

   21 C   s            -0.524230   0.069276
          p_y          -0.381801   0.059507
          p_z          -0.522519   0.095700
          p_x           0.192287   0.014309

   22 H   s            -0.040953  -0.000777

   23 C   s             0.058783   0.001048
          p_y          -0.004556   0.000014
          p_z          -0.015371   0.000074
          p_x           0.025532   0.000297

   24 H   s            -0.051776   0.000694

   25 H   s            -0.036546   0.000457

   26 H   s            -0.075894  -0.000229

   27 C   s             0.476675   0.041810
          p_y          -0.089404   0.003649
          p_z           0.287250   0.027656
          p_x           0.092601   0.004021

   28 C   s             0.317483   0.027849
          p_y           0.337368   0.047701
          p_z          -0.249439   0.028933
          p_x          -0.198472   0.015303

   29 H   s             0.030109   0.000246

   30 C   s            -0.033087   0.000486
          p_y          -0.036862   0.000749
          p_z           0.339431   0.052336
          p_x          -0.266743   0.030085

   31 C   s             0.017238   0.000176
          p_y           0.041492   0.001163
          p_z           0.050533   0.001004
          p_x          -0.161160   0.014078

   32 H   s            -0.080079   0.000818

   33 C   s            -0.287398   0.016469
          p_y          -0.042847   0.000690
          p_z           0.008982   0.000076
          p_x           0.072103   0.001612

   34 H   s             0.076670   0.001194

   35 H   s            -0.007572  -0.000009

   36 H   s            -0.116566   0.003723

Eigenvector:  80    (down)

    1 C   s             0.306403   0.023315
          p_y           0.263285   0.028273
          p_z          -0.037656   0.000513
          p_x          -0.470744   0.092143

    2 C   s             0.262172   0.018479
          p_y          -0.040855   0.000521
          p_z          -0.024074   0.000521
          p_x           0.070578   0.002191

    3 C   s            -0.432872   0.039358
          p_y           0.207904   0.017177
          p_z           0.086294   0.003055
          p_x          -0.474060   0.090885

    4 C   s            -0.057212   0.001124
          p_y          -0.014310   0.000119
          p_z          -0.034053   0.000238
          p_x          -0.095262   0.006585

    5 C   s            -0.285156   0.020812
          p_y          -0.035874   0.000505
          p_z          -0.077857   0.002931
          p_x           0.145102   0.009119

    6 H   s             0.143736   0.005085

    7 C   s            -0.112730   0.002497
          p_y          -0.164208   0.013099
          p_z           0.274671   0.037973
          p_x           0.059926   0.001523

    8 C   s            -0.450594   0.049233
          p_y          -0.184904   0.013633
          p_z           0.022933  -0.000037
          p_x           0.293703   0.036774

    9 C   s             0.117751   0.003548
          p_y          -0.041465   0.000551
          p_z           0.162607   0.012133
          p_x           0.005649  -0.000017

   10 H   s            -0.060523   0.000663

   11 C   s            -0.078635   0.001120
          p_y           0.069694   0.001906
          p_z           0.034010   0.000812
          p_x          -0.171246   0.013213

   12 C   s             0.287904   0.024101
          p_y          -0.098595   0.004794
          p_z           0.176412   0.014342
          p_x           0.019613   0.000304

   13 H   s            -0.134845   0.003682

   14 H   s            -0.461188   0.065716

   15 C   s            -0.004992  -0.000070
          p_y           0.100835   0.004108
          p_z          -0.166657   0.010973
          p_x          -0.035487   0.000765

   16 C   s            -0.122961   0.005273
          p_y           0.308951   0.049372
          p_z           0.226003   0.019130
          p_x          -0.004460  -0.000027

   17 C   s             0.116652   0.004082
          p_y           0.012941   0.000072
          p_z          -0.065981   0.001677
          p_x           0.033941   0.000396

   18 H   s            -0.164049   0.008253

   19 C   s             0.017134   0.000017
          p_y          -0.005971  -0.000001
          p_z          -0.005791   0.000054
          p_x           0.020232   0.000191

   20 C   s             0.076373   0.002422
          p_y           0.008859   0.000103
          p_z          -0.141180   0.015761
          p_x           0.058618   0.002272

   21 C   s            -0.271696   0.018970
          p_y          -0.281024   0.031846
          p_z          -0.335686   0.037690
          p_x           0.086872   0.002397

   22 H   s            -0.036315  -0.000613

   23 C   s            -0.069366   0.001453
          p_y           0.024333   0.000293
          p_z          -0.006407   0.000031
          p_x          -0.045225   0.000934

   24 H   s             0.090413   0.002069

   25 H   s            -0.008953   0.000012

   26 H   s             0.024870   0.000008

   27 C   s             0.288615   0.014955
          p_y          -0.035815   0.000654
          p_z           0.195456   0.012086
          p_x           0.006866   0.000109

   28 C   s             0.170126   0.007940
          p_y           0.198822   0.016478
          p_z          -0.121901   0.007003
          p_x          -0.104189   0.004197

   29 H   s            -0.015378   0.000082

   30 C   s            -0.039566   0.000592
          p_y          -0.027129   0.000395
          p_z           0.226727   0.023534
          p_x          -0.173129   0.012716

   31 C   s             0.008047   0.000041
          p_y           0.028462   0.000537
          p_z           0.019914   0.000127
          p_x          -0.096235   0.004977

   32 H   s            -0.046108   0.000262

   33 C   s            -0.177828   0.006218
          p_y          -0.028640   0.000297
          p_z           0.008851   0.000052
          p_x           0.046987   0.000680

   34 H   s             0.037055   0.000263

   35 H   s            -0.008743  -0.000013

   36 H   s            -0.071443   0.001394

Eigenvector:  81    (down)

    1 C   s            -0.184260   0.008420
          p_y          -0.024291   0.000352
          p_z           0.032444   0.000444
          p_x           0.011045   0.000146

    2 C   s             0.032735   0.000517
          p_y          -0.005807   0.000014
          p_z           0.149839   0.009589
          p_x          -0.133238   0.007704

    3 C   s             0.411827   0.035537
          p_y          -0.099185   0.003573
          p_z           0.496501   0.084154
          p_x          -0.301448   0.029826

    4 C   s             0.035041   0.000316
          p_y          -0.049342   0.001222
          p_z           0.019242  -0.000023
          p_x           0.055884   0.002490

    5 C   s            -0.115785   0.003058
          p_y          -0.080073   0.002601
          p_z           0.147691   0.008414
          p_x           0.032984   0.000513

    6 H   s            -0.033405   0.000208

    7 C   s            -0.181896   0.010063
          p_y          -0.094005   0.003373
          p_z           0.295655   0.034756
          p_x          -0.089324   0.003496

    8 C   s            -0.416284   0.055853
          p_y          -0.072968   0.002042
          p_z           0.528285   0.125398
          p_x          -0.383357   0.070121

    9 C   s            -0.083986   0.002186
          p_y           0.066812   0.001651
          p_z          -0.104846   0.004624
          p_x           0.007080   0.000074

   10 H   s             0.020619   0.000033

   11 C   s            -0.022329   0.000017
          p_y           0.071798   0.001879
          p_z           0.114859   0.006506
          p_x          -0.254501   0.027207

   12 C   s             0.259732   0.018838
          p_y          -0.045998   0.000932
          p_z           0.239010   0.023311
          p_x          -0.157321   0.009657

   13 H   s            -0.082712   0.001457

   14 H   s            -0.063670   0.001525

   15 C   s             0.183938   0.002142
          p_y          -0.075045   0.001758
          p_z           0.290043   0.020216
          p_x          -0.151874   0.003940

   16 C   s             0.051588   0.000821
          p_y          -0.075694   0.003044
          p_z          -0.069780   0.001621
          p_x           0.049455   0.001243

   17 C   s             0.116521   0.003531
          p_y          -0.018754   0.000152
          p_z          -0.054125   0.001068
          p_x           0.086529   0.002935

   18 H   s            -0.169656   0.007842

   19 C   s            -0.125675   0.004113
          p_y          -0.126174   0.005915
          p_z           0.086726   0.002816
          p_x           0.175465   0.011435

   20 C   s            -0.490561   0.119220
          p_y          -0.118196   0.010065
          p_z           0.373163   0.094881
          p_x          -0.280925   0.051856

   21 C   s            -0.029531   0.000153
          p_y           0.053608   0.001061
          p_z           0.031431   0.000207
          p_x           0.014781   0.000169

   22 H   s             0.018150  -0.000157

   23 C   s             0.042332   0.000473
          p_y           0.060394   0.001554
          p_z          -0.042148   0.000656
          p_x          -0.080963   0.002974

   24 H   s             0.100726   0.002443

   25 H   s            -0.221554   0.014451

   26 H   s            -0.148719  -0.001114

   27 C   s            -0.037606   0.000265
          p_y           0.001743  -0.000004
          p_z          -0.138709   0.004234
          p_x           0.137549   0.003760

   28 C   s             0.012225   0.000045
          p_y           0.000462  -0.000000
          p_z          -0.018922   0.000146
          p_x          -0.015127   0.000076

   29 H   s             0.061697   0.000835

   30 C   s             0.045145   0.000629
          p_y           0.014751   0.000117
          p_z          -0.126205   0.007165
          p_x           0.085227   0.002951

   31 C   s            -0.001859   0.000000
          p_y          -0.022375   0.000279
          p_z           0.027651   0.000400
          p_x           0.013583   0.000107

   32 H   s            -0.003856   0.000005

   33 C   s             0.068513   0.000867
          p_y           0.023949   0.000177
          p_z          -0.022423   0.000166
          p_x          -0.020604   0.000126

   34 H   s             0.000336   0.000000

   35 H   s             0.013782  -0.000033

   36 H   s             0.021328   0.000128

Eigenvector:  82    (down)

    1 C   s            -0.017778   0.000263
          p_y           0.019880   0.000043
          p_z           0.115231   0.005180
          p_x          -0.141024   0.006345

    2 C   s             0.264187   0.015053
          p_y          -0.056303   0.001470
          p_z           0.002899   0.000038
          p_x           0.077350   0.002127

    3 C   s             0.404000   0.034945
          p_y           0.234736   0.019800
          p_z          -0.257418   0.023916
          p_x          -0.249832   0.022613

    4 C   s            -0.036278   0.000459
          p_y          -0.001459   0.000003
          p_z           0.016023   0.000147
          p_x          -0.001577   0.000002

    5 C   s             0.404392   0.032353
          p_y           0.360321   0.049087
          p_z          -0.226209   0.019138
          p_x          -0.504395   0.096969

    6 H   s             0.128567   0.003932

    7 C   s            -0.565758   0.084471
          p_y           0.048697   0.001604
          p_z          -0.260512   0.033937
          p_x           0.108152   0.004335

    8 C   s            -0.483548   0.068619
          p_y           0.023419   0.000459
          p_z          -0.065965   0.002038
          p_x          -0.028360   0.000849

    9 C   s             0.015940  -0.000008
          p_y          -0.022330   0.000272
          p_z           0.033431   0.000484
          p_x           0.004964   0.000031

   10 H   s            -0.009948   0.000024

   11 C   s             0.203417   0.008460
          p_y          -0.079319   0.002091
          p_z          -0.074171   0.003462
          p_x           0.228140   0.022045

   12 C   s            -0.276862   0.017906
          p_y           0.371012   0.058741
          p_z          -0.104817   0.004686
          p_x          -0.634189   0.172467

   13 H   s            -0.204026   0.009646

   14 H   s            -0.190062   0.011011

   15 C   s             0.223493   0.009999
          p_y           0.120838   0.005345
          p_z          -0.242198   0.021183
          p_x          -0.025811   0.000272

   16 C   s            -0.012470   0.000038
          p_y           0.003134   0.000000
          p_z           0.015491   0.000093
          p_x           0.008879   0.000068

   17 C   s            -0.216707   0.013228
          p_y           0.004530   0.000011
          p_z          -0.098864   0.004460
          p_x           0.089590   0.003591

   18 H   s             0.226349   0.014517

   19 C   s            -0.357809   0.029966
          p_y          -0.046664   0.000775
          p_z          -0.030516   0.000095
          p_x           0.119843   0.004255

   20 C   s            -0.009498   0.000079
          p_y           0.030528   0.000688
          p_z          -0.010466   0.000061
          p_x          -0.047847   0.001841

   21 C   s            -0.017879   0.000074
          p_y           0.000743  -0.000001
          p_z          -0.025279   0.000200
          p_x          -0.002822  -0.000000

   22 H   s             0.002067  -0.000002

   23 C   s             0.183916   0.010059
          p_y          -0.098222   0.003965
          p_z           0.185415   0.014805
          p_x           0.028070   0.000235

   24 H   s            -0.008406   0.000064

   25 H   s            -0.233349   0.017160

   26 H   s             0.030422  -0.000036

   27 C   s             0.018504   0.000008
          p_y           0.007165   0.000008
          p_z          -0.041449   0.000330
          p_x           0.022375   0.000118

   28 C   s             0.018257   0.000085
          p_y           0.014273   0.000078
          p_z          -0.016842   0.000117
          p_x          -0.007779   0.000020

   29 H   s            -0.045985   0.000207

   30 C   s             0.001061  -0.000000
          p_y           0.002654   0.000004
          p_z          -0.022585   0.000192
          p_x           0.015825   0.000083

   31 C   s             0.001758   0.000001
          p_y          -0.005525   0.000016
          p_z           0.009657   0.000046
          p_x          -0.001477   0.000001

   32 H   s            -0.002074   0.000000

   33 C   s             0.012319   0.000028
          p_y           0.007522   0.000017
          p_z          -0.009957   0.000031
          p_x          -0.003937   0.000005

   34 H   s            -0.004648   0.000004

   35 H   s             0.004193  -0.000003

   36 H   s             0.001951   0.000001

Eigenvector:  83    (down)

    1 C   s             0.119634   0.002605
          p_y          -0.055280   0.001399
          p_z          -0.218680   0.017220
          p_x           0.309820   0.038577

    2 C   s            -0.604353   0.093854
          p_y          -0.036364   0.000690
          p_z           0.058305   0.001086
          p_x           0.082563   0.003870

    3 C   s             0.486260   0.047927
          p_y           0.081894   0.002701
          p_z          -0.211704   0.015955
          p_x           0.014209  -0.000048

    4 C   s             0.038841   0.000293
          p_y           0.031450   0.000344
          p_z          -0.008928  -0.000085
          p_x           0.087476   0.003268

    5 C   s             0.145673   0.004792
          p_y          -0.304935   0.037340
          p_z           0.241261   0.023176
          p_x           0.396810   0.063708

    6 H   s            -0.148844   0.006021

    7 C   s            -0.552950   0.088144
          p_y           0.204131   0.018397
          p_z          -0.116805   0.006324
          p_x          -0.334653   0.048790

    8 C   s            -0.340559   0.034780
          p_y           0.098021   0.004467
          p_z          -0.131444   0.006739
          p_x          -0.109678   0.006584

    9 C   s             0.031348   0.000195
          p_y          -0.029722   0.000325
          p_z          -0.008170   0.000098
          p_x          -0.078601   0.001974

   10 H   s             0.037078   0.000300

   11 C   s            -0.376676   0.037965
          p_y          -0.008931   0.000095
          p_z          -0.004853  -0.000009
          p_x           0.018859   0.000338

   12 C   s             0.760508   0.140861
          p_y          -0.000522  -0.000002
          p_z          -0.019116   0.000123
          p_x          -0.006167   0.000068

   13 H   s             0.015029  -0.000141

   14 H   s            -0.045493   0.000861

   15 C   s             0.100830   0.002962
          p_y           0.134234   0.006424
          p_z          -0.330656   0.033804
          p_x           0.064742   0.000369

   16 C   s             0.002642  -0.000000
          p_y           0.023367   0.000211
          p_z           0.011594   0.000063
          p_x           0.007926   0.000033

   17 C   s             0.287663   0.022376
          p_y          -0.021040   0.000233
          p_z           0.160850   0.011405
          p_x          -0.114529   0.005372

   18 H   s            -0.145369   0.006625

   19 C   s            -0.379777   0.039911
          p_y           0.160805   0.012118
          p_z          -0.275314   0.035362
          p_x          -0.055994   0.001542

   20 C   s             0.189454   0.016352
          p_y           0.083544   0.004857
          p_z          -0.158784   0.016140
          p_x           0.046218   0.000943

   21 C   s            -0.004428   0.000006
          p_y          -0.006457   0.000018
          p_z          -0.023267   0.000178
          p_x          -0.016049   0.000077

   22 H   s            -0.001509  -0.000001

   23 C   s            -0.093488   0.001915
          p_y           0.040706   0.000841
          p_z           0.084842   0.003010
          p_x          -0.166953   0.012854

   24 H   s             0.000069   0.000001

   25 H   s            -0.056737   0.001411

   26 H   s             0.099021  -0.000516

   27 C   s             0.021405   0.000013
          p_y           0.008707   0.000025
          p_z          -0.003260   0.000003
          p_x          -0.025242   0.000106

   28 C   s             0.011058   0.000028
          p_y           0.009104   0.000032
          p_z          -0.010970   0.000045
          p_x           0.001533   0.000001

   29 H   s            -0.051347   0.000674

   30 C   s            -0.006938   0.000020
          p_y          -0.004713   0.000010
          p_z           0.015853   0.000132
          p_x          -0.004026   0.000011

   31 C   s             0.002863   0.000002
          p_y           0.001810   0.000002
          p_z          -0.002433   0.000003
          p_x          -0.002109   0.000003

   32 H   s             0.001173   0.000001

   33 C   s            -0.009574   0.000016
          p_y          -0.002062   0.000001
          p_z           0.003379   0.000004
          p_x           0.000487   0.000000

   34 H   s            -0.006884   0.000010

   35 H   s            -0.000744  -0.000000

   36 H   s            -0.001877   0.000001

Eigenvector:  84    (down)

    1 C   s            -0.180501   0.006175
          p_y          -0.017365   0.000132
          p_z           0.066951   0.001521
          p_x          -0.047479   0.000586

    2 C   s            -0.046500   0.000287
          p_y          -0.168322   0.010950
          p_z           0.326533   0.043776
          p_x           0.035204   0.000204

    3 C   s            -0.010716  -0.000019
          p_y          -0.114946   0.004239
          p_z           0.110586   0.003387
          p_x           0.133695   0.006360

    4 C   s            -0.015153  -0.000005
          p_y          -0.014837   0.000046
          p_z           0.006833   0.000019
          p_x           0.050692   0.000778

    5 C   s             0.097318   0.002519
          p_y          -0.009938   0.000038
          p_z           0.354319   0.046006
          p_x          -0.285173   0.029793

    6 H   s             0.065702   0.000580

    7 C   s            -0.128500   0.002902
          p_y          -0.019930   0.000193
          p_z           0.325404   0.041043
          p_x          -0.278295   0.028766

    8 C   s             0.168482   0.007838
          p_y           0.124362   0.005149
          p_z           0.021240   0.000440
          p_x          -0.264751   0.026728

    9 C   s            -0.038043   0.000130
          p_y          -0.019749   0.000035
          p_z           0.003136  -0.000010
          p_x           0.012421  -0.000025

   10 H   s             0.009484   0.000001

   11 C   s             0.139491   0.005314
          p_y           0.056612   0.001092
          p_z           0.232635   0.022806
          p_x          -0.340109   0.045588

   12 C   s            -0.134268   0.003715
          p_y          -0.055084   0.001033
          p_z           0.458884   0.080443
          p_x          -0.346577   0.047490

   13 H   s             0.048307   0.000110

   14 H   s             0.263214   0.017082

   15 C   s            -0.239949   0.004014
          p_y          -0.052274   0.000883
          p_z          -0.214904   0.008438
          p_x           0.357874   0.029860

   16 C   s             0.022678   0.000146
          p_y           0.014672   0.000115
          p_z          -0.021878   0.000221
          p_x          -0.035348   0.000655

   17 C   s             0.035990   0.000089
          p_y          -0.069916   0.001961
          p_z          -0.062029   0.001478
          p_x           0.199328   0.015774

   18 H   s            -0.124404   0.003322

   19 C   s             0.033626   0.000435
          p_y          -0.297015   0.034379
          p_z           0.411291   0.071141
          p_x           0.213908   0.015323

   20 C   s             0.490108   0.111825
          p_y           0.107810   0.007745
          p_z          -0.370819   0.087368
          p_x           0.297551   0.054850

   21 C   s             0.054672   0.000663
          p_y           0.009625   0.000043
          p_z           0.031022   0.000299
          p_x          -0.020728   0.000178

   22 H   s            -0.004578  -0.000011

   23 C   s             0.226706   0.011823
          p_y           0.062593   0.001407
          p_z          -0.052375   0.000924
          p_x          -0.069887   0.001819

   24 H   s             0.109600   0.002491

   25 H   s            -0.248475   0.015641

   26 H   s             0.134453  -0.000926

   27 C   s            -0.007328   0.000007
          p_y           0.003083   0.000012
          p_z           0.105708   0.001937
          p_x          -0.139117   0.003748

   28 C   s            -0.031707   0.000260
          p_y          -0.027593   0.000276
          p_z           0.022293   0.000216
          p_x           0.027481   0.000244

   29 H   s             0.129020   0.004055

   30 C   s            -0.010046   0.000043
          p_y          -0.026035   0.000301
          p_z           0.113047   0.005422
          p_x          -0.049133   0.000929

   31 C   s             0.001526  -0.000000
          p_y           0.022553   0.000264
          p_z          -0.039087   0.000723
          p_x           0.002653  -0.000001

   32 H   s             0.009121   0.000014

   33 C   s            -0.066978   0.000818
          p_y          -0.033141   0.000334
          p_z           0.049352   0.000764
          p_x           0.012215   0.000044

   34 H   s            -0.005883   0.000005

   35 H   s            -0.015656  -0.000042

   36 H   s            -0.008362   0.000028

Eigenvector:  85    (down)

    1 C   s             0.230095   0.012597
          p_y           0.115254   0.004528
          p_z          -0.227825   0.017631
          p_x          -0.025518   0.000185

    2 C   s            -0.489533   0.065277
          p_y          -0.162776   0.011145
          p_z           0.243236   0.024242
          p_x           0.143355   0.009015

    3 C   s            -0.197613   0.007506
          p_y           0.049816   0.000980
          p_z          -0.008026   0.000028
          p_x          -0.077049   0.002432

    4 C   s             0.038760   0.000275
          p_y           0.040440   0.000649
          p_z          -0.017121   0.000025
          p_x           0.013050   0.000086

    5 C   s             0.773774   0.134018
          p_y          -0.112393   0.004506
          p_z          -0.064814   0.001162
          p_x           0.315125   0.034111

    6 H   s            -0.046966   0.000817

    7 C   s             0.028157   0.000486
          p_y          -0.007678   0.000044
          p_z           0.033740   0.000489
          p_x          -0.019943   0.000055

    8 C   s            -0.080122   0.001498
          p_y          -0.015578   0.000015
          p_z          -0.123695   0.007532
          p_x           0.137061   0.007584

    9 C   s             0.025737   0.000080
          p_y          -0.023058   0.000263
          p_z          -0.005294   0.000025
          p_x          -0.030432   0.000152

   10 H   s             0.000939   0.000001

   11 C   s            -0.583269   0.087636
          p_y           0.095461   0.003457
          p_z          -0.399496   0.072401
          p_x           0.175997   0.016698

   12 C   s            -0.377053   0.037497
          p_y          -0.140935   0.006328
          p_z           0.369297   0.051216
          p_x          -0.066557   0.002712

   13 H   s             0.021666   0.000057

   14 H   s            -0.098370   0.002420

   15 C   s             0.136632   0.001961
          p_y           0.062421   0.001275
          p_z           0.016023  -0.000108
          p_x          -0.152062   0.005649

   16 C   s            -0.010533   0.000033
          p_y           0.005991   0.000008
          p_z           0.018745   0.000151
          p_x           0.021159   0.000228

   17 C   s            -0.355722   0.029377
          p_y          -0.231896   0.023546
          p_z           0.218166   0.019870
          p_x           0.272398   0.033510

   18 H   s            -0.216606   0.014548

   19 C   s             0.297388   0.019913
          p_y          -0.153848   0.010065
          p_z           0.407455   0.071686
          p_x          -0.074544   0.002529

   20 C   s            -0.161922   0.012012
          p_y          -0.023704   0.000356
          p_z           0.122460   0.009344
          p_x          -0.123294   0.009474

   21 C   s            -0.028593   0.000179
          p_y          -0.009880   0.000040
          p_z          -0.027084   0.000229
          p_x           0.002188   0.000003

   22 H   s             0.001838  -0.000002

   23 C   s             0.478556   0.052565
          p_y          -0.125882   0.006927
          p_z          -0.006838   0.000005
          p_x           0.274401   0.032112

   24 H   s            -0.100696   0.003023

   25 H   s             0.073540   0.002084

   26 H   s            -0.029947  -0.000039

   27 C   s             0.009921   0.000009
          p_y          -0.000354   0.000000
          p_z          -0.042005   0.000277
          p_x           0.054497   0.000561

   28 C   s             0.020571   0.000103
          p_y           0.017455   0.000109
          p_z          -0.014709   0.000090
          p_x          -0.012401   0.000048

   29 H   s             0.120160   0.004444

   30 C   s            -0.005344   0.000004
          p_y           0.014229   0.000085
          p_z          -0.049465   0.000993
          p_x           0.016274   0.000096

   31 C   s             0.001042   0.000001
          p_y          -0.010469   0.000055
          p_z           0.019436   0.000175
          p_x          -0.003405   0.000003

   32 H   s            -0.003662   0.000002

   33 C   s             0.031533   0.000182
          p_y           0.017756   0.000096
          p_z          -0.028273   0.000247
          p_x          -0.005236   0.000008

   34 H   s             0.001370  -0.000000

   35 H   s             0.007812  -0.000010

   36 H   s             0.002101   0.000003

Eigenvector:  86    (down)

    1 C   s             0.025252   0.000291
          p_y          -0.002916  -0.000005
          p_z           0.000076  -0.000000
          p_x          -0.006428   0.000029

    2 C   s            -0.129995   0.003319
          p_y          -0.135022   0.006259
          p_z           0.122389   0.005017
          p_x           0.173525   0.010518

    3 C   s            -0.243727   0.008851
          p_y           0.056239   0.001132
          p_z          -0.455488   0.064162
          p_x           0.350060   0.035706

    4 C   s             0.015727   0.000008
          p_y           0.070420   0.001947
          p_z          -0.017644   0.000097
          p_x          -0.052625   0.000976

    5 C   s            -0.194675   0.006599
          p_y          -0.053026   0.001026
          p_z           0.452022   0.070787
          p_x          -0.309560   0.032552

    6 H   s             0.077190   0.000610

    7 C   s            -0.113610   0.002279
          p_y           0.151858   0.008148
          p_z          -0.088404   0.002612
          p_x          -0.243299   0.021341

    8 C   s             0.091092   0.002088
          p_y           0.048629   0.001454
          p_z          -0.592289   0.153995
          p_x           0.479052   0.092363

    9 C   s             0.072106   0.000647
          p_y          -0.044325   0.001110
          p_z           0.037403   0.000583
          p_x          -0.019914  -0.000103

   10 H   s            -0.012133   0.000008

   11 C   s             0.290558   0.021408
          p_y          -0.018427   0.000190
          p_z           0.385959   0.063033
          p_x          -0.329646   0.044309

   12 C   s            -0.062336   0.000404
          p_y          -0.064098   0.001569
          p_z           0.152345   0.008598
          p_x          -0.019271   0.000113

   13 H   s             0.124528   0.001831

   14 H   s            -0.136731   0.003725

   15 C   s             0.370459   0.014034
          p_y           0.160406   0.007773
          p_z           0.001409  -0.000031
          p_x          -0.382867   0.034582

   16 C   s            -0.041496   0.000430
          p_y          -0.002193   0.000007
          p_z           0.054244   0.001101
          p_x           0.043631   0.001072

   17 C   s             0.250595   0.013423
          p_y           0.029119   0.000442
          p_z          -0.059186   0.001415
          p_x          -0.009366   0.000098

   18 H   s            -0.013548  -0.000064

   19 C   s             0.017856   0.000175
          p_y          -0.147491   0.008079
          p_z           0.188075   0.013729
          p_x           0.121112   0.005091

   20 C   s            -0.346662   0.053814
          p_y          -0.032727   0.000663
          p_z           0.276292   0.046827
          p_x          -0.301509   0.055769

   21 C   s            -0.074603   0.001188
          p_y          -0.008944   0.000046
          p_z          -0.073382   0.001586
          p_x           0.008811   0.000039

   22 H   s             0.005099  -0.000014

   23 C   s            -0.060760   0.001062
          p_y           0.128259   0.006317
          p_z          -0.072139   0.001889
          p_x          -0.191525   0.014388

   24 H   s             0.100513   0.002635

   25 H   s            -0.121059   0.003570

   26 H   s            -0.046352  -0.000052

   27 C   s             0.027354   0.000084
          p_y          -0.009665   0.000042
          p_z          -0.089655   0.001100
          p_x           0.129357   0.003008

   28 C   s             0.059943   0.000843
          p_y           0.044355   0.000689
          p_z          -0.040478   0.000670
          p_x          -0.034893   0.000367

   29 H   s             0.056938   0.000502

   30 C   s            -0.052102   0.000562
          p_y           0.057298   0.001290
          p_z          -0.149537   0.008731
          p_x           0.024686   0.000213

   31 C   s             0.006245   0.000016
          p_y          -0.031528   0.000500
          p_z           0.063204   0.001810
          p_x          -0.013922   0.000052

   32 H   s            -0.008349   0.000006

   33 C   s             0.107373   0.002104
          p_y           0.063080   0.001206
          p_z          -0.108203   0.003576
          p_x          -0.014072   0.000063

   34 H   s             0.004494  -0.000005

   35 H   s             0.025381  -0.000103

   36 H   s             0.001921   0.000006

Eigenvector:  87    (down)

    1 C   s             0.119441   0.003722
          p_y           0.066206   0.001660
          p_z          -0.073039   0.001703
          p_x          -0.050188   0.001221

    2 C   s            -0.112960   0.003804
          p_y          -0.066655   0.001819
          p_z           0.039699   0.000769
          p_x           0.100296   0.003894

    3 C   s            -0.392932   0.027382
          p_y           0.039621   0.000515
          p_z          -0.233532   0.017034
          p_x           0.167046   0.008553

    4 C   s             0.033531   0.000422
          p_y          -0.005549  -0.000000
          p_z          -0.048955   0.001277
          p_x          -0.097500   0.004246

    5 C   s             0.303769   0.016252
          p_y           0.055314   0.000695
          p_z          -0.051290   0.000706
          p_x          -0.047635   0.000351

    6 H   s             0.022176   0.000042

    7 C   s            -0.253954   0.013480
          p_y          -0.090887   0.003168
          p_z           0.408768   0.064521
          p_x          -0.227697   0.019979

    8 C   s             0.697778   0.135908
          p_y          -0.299206   0.036945
          p_z           0.278967   0.031178
          p_x           0.404860   0.069178

    9 C   s            -0.005506  -0.000037
          p_y           0.051804   0.001287
          p_z          -0.002925  -0.000008
          p_x           0.044896   0.000206

   10 H   s            -0.015887   0.000018

   11 C   s            -0.136617   0.005678
          p_y          -0.056269   0.001259
          p_z          -0.040070   0.000818
          p_x           0.147688   0.009306

   12 C   s             0.400361   0.034962
          p_y           0.250146   0.023983
          p_z          -0.047864   0.000916
          p_x          -0.483444   0.088961

   13 H   s            -0.043161   0.000618

   14 H   s            -0.031866  -0.000308

   15 C   s            -0.417630   0.031717
          p_y          -0.210456   0.015408
          p_z           0.522629   0.085310
          p_x          -0.057864   0.000213

   16 C   s            -0.006624   0.000027
          p_y           0.019413   0.000263
          p_z          -0.027777   0.000303
          p_x          -0.070935   0.002851

   17 C   s             0.097892   0.002168
          p_y           0.003448  -0.000002
          p_z           0.030617   0.000409
          p_x          -0.037301   0.000447

   18 H   s             0.031002   0.000136

   19 C   s            -0.499086   0.059943
          p_y           0.080255   0.003120
          p_z          -0.138427   0.008092
          p_x          -0.023647   0.000481

   20 C   s            -0.233890   0.023380
          p_y          -0.207630   0.027343
          p_z           0.127330   0.009233
          p_x           0.206395   0.029452

   21 C   s             0.081729   0.001313
          p_y          -0.046743   0.000575
          p_z           0.104212   0.003452
          p_x           0.036175   0.000214

   22 H   s            -0.016392  -0.000127

   23 C   s             0.088301   0.002258
          p_y          -0.005034  -0.000005
          p_z           0.190967   0.014101
          p_x          -0.169401   0.012072

   24 H   s             0.007884   0.000032

   25 H   s            -0.156860   0.008020

   26 H   s            -0.251319  -0.004196

   27 C   s            -0.035226   0.000001
          p_y           0.007520  -0.000001
          p_z           0.072911   0.000793
          p_x          -0.058793   0.000524

   28 C   s            -0.091034   0.001871
          p_y          -0.052312   0.000959
          p_z           0.077819   0.002289
          p_x           0.026592   0.000206

   29 H   s            -0.043644   0.000266

   30 C   s             0.075674   0.001335
          p_y          -0.056371   0.001211
          p_z           0.126862   0.005775
          p_x          -0.012704   0.000030

   31 C   s            -0.016868   0.000086
          p_y           0.027326   0.000369
          p_z          -0.058406   0.001542
          p_x           0.016002   0.000087

   32 H   s             0.000153  -0.000000

   33 C   s            -0.096278   0.001692
          p_y          -0.063800   0.001228
          p_z           0.109455   0.003613
          p_x           0.016993   0.000093

   34 H   s             0.008903   0.000039

   35 H   s            -0.024943  -0.000094

   36 H   s             0.000616  -0.000001

Eigenvector:  88    (down)

    1 C   s             0.018434   0.000049
          p_y           0.004204   0.000003
          p_z          -0.005825   0.000012
          p_x          -0.003503  -0.000002

    2 C   s            -0.025072   0.000127
          p_y          -0.014008   0.000061
          p_z           0.011078   0.000026
          p_x           0.021037   0.000161

    3 C   s             0.062112   0.000669
          p_y           0.039642   0.000490
          p_z          -0.054089   0.000872
          p_x          -0.033206   0.000368

    4 C   s             0.002709  -0.000003
          p_y           0.008911   0.000031
          p_z           0.005377   0.000007
          p_x           0.000179   0.000001

    5 C   s            -0.041346   0.000243
          p_y          -0.020065   0.000118
          p_z           0.062027   0.001251
          p_x          -0.018618   0.000135

    6 H   s             0.005580   0.000001

    7 C   s            -0.009319   0.000032
          p_y           0.048744   0.000891
          p_z          -0.125971   0.006011
          p_x           0.020026   0.000158

    8 C   s            -0.096776   0.002641
          p_y           0.012921   0.000108
          p_z          -0.053347   0.001306
          p_x           0.019987   0.000093

    9 C   s            -0.004321   0.000018
          p_y          -0.003178   0.000008
          p_z          -0.011291   0.000049
          p_x          -0.000101  -0.000000

   10 H   s             0.000207   0.000000

   11 C   s             0.033748   0.000309
          p_y           0.004417   0.000006
          p_z           0.040628   0.000683
          p_x          -0.047319   0.000886

   12 C   s            -0.080583   0.001320
          p_y          -0.046314   0.000779
          p_z           0.017928   0.000122
          p_x           0.081316   0.002369

   13 H   s             0.012139   0.000023

   14 H   s            -0.045280   0.000532

   15 C   s             0.113817   0.001358
          p_y           0.036614   0.000411
          p_z          -0.022090   0.000263
          p_x          -0.078435   0.001223

   16 C   s             0.005019   0.000000
          p_y           0.016708   0.000111
          p_z          -0.031576   0.000172
          p_x          -0.040667   0.001008

   17 C   s             0.010788   0.000023
          p_y          -0.003005   0.000002
          p_z           0.000193  -0.000000
          p_x           0.005522   0.000007

   18 H   s            -0.007920   0.000008

   19 C   s             0.081432   0.001602
          p_y          -0.025846   0.000280
          p_z           0.040707   0.000665
          p_x           0.012446   0.000074

   20 C   s             0.162712   0.012326
          p_y          -0.021161   0.000265
          p_z           0.262917   0.040612
          p_x          -0.164748   0.015747

   21 C   s             0.114066   0.003032
          p_y          -0.020213   0.000071
          p_z           0.100243   0.003197
          p_x          -0.023235   0.000307

   22 H   s            -0.008468  -0.000036

   23 C   s            -0.016094   0.000077
          p_y           0.011932   0.000047
          p_z          -0.036662   0.000496
          p_x           0.010472   0.000050

   24 H   s             0.005262   0.000007

   25 H   s             0.015688   0.000091

   26 H   s             0.091337  -0.000735

   27 C   s            -0.240967   0.006852
          p_y           0.005889   0.000052
          p_z          -0.062212   0.001900
          p_x           0.066039   0.000871

   28 C   s            -0.149213   0.004218
          p_y          -0.073275   0.001571
          p_z           0.019104   0.000212
          p_x           0.109699   0.003093

   29 H   s             0.012683   0.000024

   30 C   s             0.846512   0.165795
          p_y          -0.467562   0.076387
          p_z           0.686497   0.160527
          p_x           0.258302   0.024525

   31 C   s            -0.081272   0.002143
          p_y           0.151307   0.011755
          p_z          -0.366513   0.058577
          p_x           0.133241   0.005157

   32 H   s             0.016565   0.000007

   33 C   s            -0.694686   0.088911
          p_y          -0.452340   0.061737
          p_z           0.864760   0.223005
          p_x           0.043025   0.000779

   34 H   s            -0.001396  -0.000021

   35 H   s            -0.149950  -0.003376

   36 H   s             0.055280  -0.000423

Eigenvector:  89    (down)

    1 C   s            -0.071401   0.000720
          p_y          -0.046986   0.000500
          p_z           0.023020   0.000155
          p_x           0.064358   0.000810

    2 C   s             0.108006   0.002525
          p_y           0.074359   0.001848
          p_z          -0.108431   0.003714
          p_x          -0.056317   0.001176

    3 C   s            -0.286122   0.012860
          p_y          -0.192323   0.010966
          p_z           0.186351   0.010340
          p_x           0.237198   0.016617

    4 C   s            -0.002521  -0.000001
          p_y          -0.003797   0.000010
          p_z           0.025805   0.000300
          p_x           0.040120   0.000717

    5 C   s             0.040822   0.000040
          p_y           0.082495   0.002032
          p_z          -0.219673   0.015385
          p_x           0.037026   0.000551

    6 H   s            -0.015477  -0.000007

    7 C   s             0.089201   0.002431
          p_y          -0.161885   0.009987
          p_z           0.464620   0.081308
          p_x          -0.108720   0.004256

    8 C   s             0.153707   0.006366
          p_y           0.047099   0.000834
          p_z          -0.121693   0.006201
          p_x           0.042786   0.000927

    9 C   s             0.011408   0.000013
          p_y          -0.001196   0.000005
          p_z          -0.013917   0.000075
          p_x          -0.037516   0.000223

   10 H   s             0.007498   0.000001

   11 C   s            -0.051220   0.000701
          p_y           0.000618   0.000001
          p_z          -0.117849   0.005519
          p_x           0.111679   0.004734

   12 C   s             0.246245   0.012199
          p_y           0.116085   0.004680
          p_z           0.000539  -0.000001
          p_x          -0.251247   0.021509

   13 H   s            -0.002850  -0.000001

   14 H   s             0.059617   0.000693

   15 C   s             0.054771  -0.000053
          p_y          -0.040922   0.000066
          p_z           0.075567   0.000880
          p_x          -0.031976   0.000368

   16 C   s            -0.000107  -0.000001
          p_y          -0.080277   0.002948
          p_z           0.069857   0.001656
          p_x           0.152924   0.011547

   17 C   s            -0.061842   0.000821
          p_y           0.015950   0.000072
          p_z          -0.031608   0.000333
          p_x          -0.000914  -0.000001

   18 H   s             0.024800   0.000101

   19 C   s            -0.211993   0.010770
          p_y           0.060868   0.001557
          p_z          -0.090458   0.003284
          p_x          -0.033331   0.000529

   20 C   s             0.712558   0.229906
          p_y           0.411269   0.099969
          p_z           0.143497   0.012305
          p_x          -0.740055   0.323450

   21 C   s            -0.204079   0.006920
          p_y           0.107689   0.003327
          p_z          -0.221925   0.014980
          p_x          -0.053180   0.000616

   22 H   s             0.032979  -0.000511

   23 C   s             0.059696   0.000973
          p_y          -0.039178   0.000511
          p_z           0.108389   0.004196
          p_x          -0.022714   0.000225

   24 H   s            -0.008903   0.000029

   25 H   s            -0.044707   0.000700

   26 H   s             0.669337  -0.033860

   27 C   s            -0.168155   0.001893
          p_y          -0.148021   0.002781
          p_z          -0.006301   0.000020
          p_x           0.283801   0.012124

   28 C   s             0.176894   0.007121
          p_y           0.101427   0.003624
          p_z          -0.178393   0.011549
          p_x          -0.037425   0.000436

   29 H   s            -0.034531   0.000162

   30 C   s             0.081260   0.002099
          p_y           0.032795   0.000516
          p_z          -0.156898   0.010449
          p_x           0.084913   0.002663

   31 C   s             0.010370   0.000020
          p_y          -0.022503   0.000215
          p_z           0.037157   0.000613
          p_x           0.000860  -0.000001

   32 H   s             0.004424   0.000015

   33 C   s             0.054646   0.000447
          p_y           0.030822   0.000254
          p_z          -0.025220   0.000179
          p_x          -0.032506   0.000278

   34 H   s             0.013210  -0.000031

   35 H   s             0.015470  -0.000034

   36 H   s             0.018365   0.000080

Eigenvector:  90    (down)

    1 C   s             0.062779   0.000104
          p_y          -0.157422   0.007313
          p_z          -0.069578   0.001485
          p_x           0.401070   0.047634

    2 C   s             0.223988   0.011324
          p_y           0.299350   0.032087
          p_z          -0.725381   0.190788
          p_x           0.066080   0.001758

    3 C   s             0.164600   0.005499
          p_y          -0.093554   0.002143
          p_z          -0.100823   0.003368
          p_x           0.282370   0.021618

    4 C   s             0.010080   0.000003
          p_y           0.027241   0.000256
          p_z           0.021092   0.000258
          p_x           0.021486   0.000240

    5 C   s            -0.607311   0.073115
          p_y           0.170161   0.009057
          p_z          -0.482673   0.074070
          p_x           0.066894   0.001535

    6 H   s            -0.015618  -0.000041

    7 C   s            -0.341147   0.025913
          p_y           0.114164   0.004509
          p_z           0.189870   0.012240
          p_x          -0.438014   0.065993

    8 C   s             0.004959  -0.000015
          p_y           0.057610   0.001284
          p_z          -0.167187   0.010634
          p_x           0.041232   0.000597

    9 C   s             0.023678   0.000089
          p_y          -0.009417   0.000040
          p_z          -0.030512   0.000341
          p_x          -0.051414   0.000935

   10 H   s             0.017411   0.000069

   11 C   s             0.179094   0.010118
          p_y           0.133735   0.006810
          p_z          -0.135835   0.006597
          p_x          -0.131165   0.006963

   12 C   s             0.354783   0.029571
          p_y          -0.181090   0.012255
          p_z           0.506926   0.089148
          p_x          -0.131074   0.004728

   13 H   s             0.082951   0.000253

   14 H   s             0.018995   0.000106

   15 C   s             0.060198   0.000469
          p_y           0.075467   0.001421
          p_z          -0.080912   0.001782
          p_x          -0.064610   0.001007

   16 C   s             0.003031  -0.000006
          p_y           0.025996   0.000268
          p_z          -0.013470   0.000044
          p_x          -0.025669   0.000349

   17 C   s            -0.481544   0.050903
          p_y          -0.080567   0.002402
          p_z          -0.154234   0.008197
          p_x           0.319146   0.036505

   18 H   s            -0.036251   0.000202

   19 C   s             0.191472   0.006000
          p_y          -0.004406   0.000009
          p_z           0.032124   0.000403
          p_x          -0.018725   0.000127

   20 C   s            -0.200618   0.017841
          p_y          -0.089615   0.004621
          p_z          -0.015897   0.000154
          p_x           0.132968   0.010172

   21 C   s             0.044177   0.000303
          p_y          -0.029476   0.000257
          p_z           0.046205   0.000642
          p_x           0.007079   0.000011

   22 H   s            -0.007967  -0.000030

   23 C   s             0.243264   0.012776
          p_y          -0.214940   0.016608
          p_z           0.086274   0.002200
          p_x           0.358238   0.048023

   24 H   s             0.010878  -0.000116

   25 H   s             0.071039   0.001623

   26 H   s            -0.152349  -0.001719

   27 C   s             0.044910   0.000088
          p_y           0.041671   0.000234
          p_z          -0.022798   0.000080
          p_x          -0.055420   0.000444

   28 C   s            -0.039750   0.000349
          p_y          -0.020671   0.000148
          p_z           0.037008   0.000497
          p_x           0.009973   0.000029

   29 H   s            -0.033260  -0.000032

   30 C   s             0.008551  -0.000000
          p_y          -0.022210   0.000187
          p_z           0.051294   0.001036
          p_x          -0.005740   0.000015

   31 C   s            -0.004612   0.000005
          p_y           0.007951   0.000029
          p_z          -0.016774   0.000121
          p_x           0.003571   0.000004

   32 H   s            -0.000989   0.000001

   33 C   s            -0.030722   0.000158
          p_y          -0.019097   0.000104
          p_z           0.029688   0.000254
          p_x           0.008144   0.000019

   34 H   s            -0.004551  -0.000004

   35 H   s            -0.006863  -0.000007

   36 H   s            -0.002201   0.000002

Eigenvector:  91    (down)

    1 C   s             0.295525   0.013593
          p_y           0.078984   0.001489
          p_z          -0.136829   0.005576
          p_x           0.028954   0.000470

    2 C   s            -0.141980   0.004756
          p_y          -0.015759   0.000035
          p_z          -0.182680   0.013564
          p_x           0.207746   0.015855

    3 C   s             0.378371   0.020087
          p_y           0.344609   0.034564
          p_z          -0.442794   0.057397
          p_x          -0.324114   0.029966

    4 C   s             0.025318   0.000213
          p_y          -0.132564   0.007365
          p_z          -0.048520   0.000813
          p_x          -0.025261   0.000327

    5 C   s            -0.227911   0.008126
          p_y          -0.016778   0.000073
          p_z           0.112802   0.003909
          p_x          -0.081394   0.002142

    6 H   s             0.035193   0.000068

    7 C   s            -0.371321   0.033740
          p_y           0.270160   0.026951
          p_z          -0.556472   0.115740
          p_x          -0.043898   0.000607

    8 C   s             0.282917   0.021038
          p_y          -0.361244   0.048510
          p_z           0.634894   0.159174
          p_x           0.173023   0.008776

    9 C   s            -0.002581  -0.000021
          p_y           0.165275   0.010706
          p_z           0.002215   0.000008
          p_x          -0.006300   0.000075

   10 H   s             0.012222   0.000031

   11 C   s             0.114540   0.003692
          p_y           0.021867   0.000160
          p_z           0.136255   0.007202
          p_x          -0.172323   0.011114

   12 C   s            -0.151914   0.003527
          p_y          -0.168501   0.009692
          p_z           0.172417   0.010465
          p_x           0.191028   0.011965

   13 H   s             0.006891  -0.000042

   14 H   s            -0.152376   0.003971

   15 C   s            -0.473930   0.033405
          p_y          -0.244233   0.015992
          p_z           0.422270   0.051101
          p_x           0.082065   0.001445

   16 C   s             0.004662   0.000021
          p_y          -0.050965   0.000833
          p_z           0.000766  -0.000002
          p_x           0.028657   0.000333

   17 C   s            -0.059120   0.000838
          p_y          -0.062363   0.001306
          p_z           0.005080   0.000008
          p_x           0.122527   0.005056

   18 H   s            -0.031119   0.000137

   19 C   s             0.248762   0.013428
          p_y          -0.069487   0.001936
          p_z           0.119198   0.005562
          p_x           0.024501   0.000272

   20 C   s             0.447677   0.089471
          p_y           0.152986   0.013093
          p_z           0.060764   0.001939
          p_x          -0.235637   0.029799

   21 C   s            -0.086118   0.001167
          p_y           0.041729   0.000558
          p_z          -0.056783   0.000986
          p_x           0.020090   0.000106

   22 H   s             0.006189  -0.000019

   23 C   s             0.042942   0.000241
          p_y          -0.027575   0.000297
          p_z          -0.068159   0.001679
          p_x           0.122214   0.005576

   24 H   s             0.020987   0.000046

   25 H   s             0.055841   0.001075

   26 H   s             0.298601  -0.006741

   27 C   s            -0.109622   0.000193
          p_y          -0.114204   0.001901
          p_z           0.100744   0.001563
          p_x           0.122696   0.002275

   28 C   s             0.060043   0.000774
          p_y           0.029415   0.000293
          p_z          -0.049339   0.000889
          p_x          -0.022963   0.000150

   29 H   s             0.027126   0.000164

   30 C   s            -0.047281   0.000272
          p_y           0.067073   0.001614
          p_z          -0.126436   0.006169
          p_x          -0.010297   0.000010

   31 C   s             0.006863   0.000011
          p_y          -0.019600   0.000181
          p_z           0.043425   0.000786
          p_x          -0.010165   0.000026

   32 H   s            -0.000010  -0.000000

   33 C   s             0.088508   0.001313
          p_y           0.051781   0.000761
          p_z          -0.088347   0.002227
          p_x          -0.014938   0.000065

   34 H   s             0.016455  -0.000021

   35 H   s             0.016894  -0.000041

   36 H   s             0.002599   0.000006

Eigenvector:  92    (down)

    1 C   s            -0.436669   0.031460
          p_y           0.004267  -0.000009
          p_z           0.341154   0.034496
          p_x          -0.243435   0.017639

    2 C   s             0.336517   0.027423
          p_y          -0.041258   0.000547
          p_z           0.381402   0.050850
          p_x          -0.342185   0.041493

    3 C   s             0.036463   0.000497
          p_y           0.004373  -0.000015
          p_z          -0.154593   0.006145
          p_x           0.125254   0.005172

    4 C   s            -0.015199   0.000003
          p_y          -0.453709   0.082675
          p_z          -0.325691   0.045135
          p_x          -0.242928   0.024077

    5 C   s            -0.112947   0.002440
          p_y          -0.089261   0.002416
          p_z           0.128797   0.004073
          p_x           0.078655   0.002335

    6 H   s             0.001383   0.000008

    7 C   s            -0.059230   0.001011
          p_y           0.041568   0.000571
          p_z          -0.056745   0.000897
          p_x          -0.032271   0.000453

    8 C   s             0.032725   0.000189
          p_y           0.058407   0.001191
          p_z          -0.114519   0.004851
          p_x           0.052184   0.001025

    9 C   s             0.008693   0.000005
          p_y           0.433479   0.067366
          p_z           0.362864   0.046080
          p_x           0.248439   0.022121

   10 H   s            -0.003834   0.000011

   11 C   s            -0.243710   0.010363
          p_y          -0.062929   0.001468
          p_z           0.314036   0.033061
          p_x          -0.179079   0.009928

   12 C   s             0.282889   0.015395
          p_y           0.051506   0.000709
          p_z          -0.204580   0.012558
          p_x           0.082493   0.002299

   13 H   s             0.005892   0.000001

   14 H   s             0.014319   0.000051

   15 C   s             0.070212   0.000601
          p_y          -0.039696   0.000405
          p_z          -0.071932   0.001420
          p_x          -0.043855   0.000422

   16 C   s            -0.072606   0.001340
          p_y          -0.073842   0.001341
          p_z          -0.045251   0.000898
          p_x          -0.120687   0.005338

   17 C   s            -0.143922   0.004336
          p_y          -0.393977   0.053183
          p_z           0.306793   0.032807
          p_x           0.513494   0.089410

   18 H   s            -0.125512   0.004115

   19 C   s            -0.066622   0.001724
          p_y           0.209456   0.014406
          p_z          -0.305718   0.030628
          p_x          -0.136109   0.006100

   20 C   s             0.012374   0.000053
          p_y           0.030778   0.000500
          p_z           0.025981   0.000360
          p_x          -0.038351   0.000841

   21 C   s             0.027702   0.000070
          p_y           0.005588   0.000010
          p_z           0.098452   0.003109
          p_x           0.117819   0.003678

   22 H   s            -0.016625  -0.000111

   23 C   s             0.337808   0.022511
          p_y          -0.270560   0.023678
          p_z           0.065404   0.001389
          p_x           0.494538   0.079069

   24 H   s             0.025782   0.000015

   25 H   s             0.121076   0.003057

   26 H   s             0.024570  -0.000048

   27 C   s             0.027433   0.000119
          p_y          -0.036331   0.000287
          p_z          -0.003495   0.000002
          p_x           0.038868   0.000329

   28 C   s            -0.052391   0.000559
          p_y          -0.035344   0.000403
          p_z           0.051997   0.000885
          p_x          -0.011160   0.000035

   29 H   s            -0.017235  -0.000103

   30 C   s            -0.000845   0.000001
          p_y           0.011962   0.000049
          p_z          -0.013861   0.000067
          p_x          -0.005693   0.000012

   31 C   s            -0.016515   0.000063
          p_y          -0.004232   0.000009
          p_z           0.005884   0.000012
          p_x           0.007796   0.000032

   32 H   s            -0.006896   0.000012

   33 C   s             0.021686   0.000070
          p_y          -0.002703   0.000002
          p_z          -0.005980   0.000009
          p_x           0.009845   0.000026

   34 H   s             0.006195   0.000004

   35 H   s             0.000091  -0.000000

   36 H   s             0.000841   0.000001

Eigenvector:  93    (down)

    1 C   s            -0.042665   0.000101
          p_y           0.032715   0.000300
          p_z           0.017864   0.000074
          p_x          -0.108895   0.003112

    2 C   s            -0.206267   0.008868
          p_y          -0.149253   0.007607
          p_z           0.346720   0.041480
          p_x          -0.004398   0.000013

    3 C   s            -0.061089   0.000472
          p_y           0.024724   0.000169
          p_z          -0.060706   0.001030
          p_x           0.017027   0.000080

    4 C   s             0.002049   0.000003
          p_y           0.059630   0.001462
          p_z           0.021851   0.000171
          p_x           0.006931   0.000018

    5 C   s             0.243807   0.008714
          p_y          -0.176698   0.009427
          p_z           0.365626   0.041608
          p_x           0.033600   0.000232

    6 H   s            -0.013364   0.000088

    7 C   s            -0.114832   0.002861
          p_y          -0.011133   0.000044
          p_z           0.088371   0.002924
          p_x          -0.070128   0.001846

    8 C   s             0.065905   0.001079
          p_y          -0.021804   0.000166
          p_z          -0.002946   0.000007
          p_x           0.046830   0.000830

    9 C   s            -0.004788   0.000002
          p_y          -0.059993   0.001265
          p_z          -0.024074   0.000211
          p_x          -0.002671   0.000003

   10 H   s            -0.006273   0.000006

   11 C   s             0.472025   0.048145
          p_y           0.330118   0.038173
          p_z          -0.493149   0.087982
          p_x          -0.199219   0.012791

   12 C   s             0.207616   0.006067
          p_y           0.112196   0.003584
          p_z          -0.051650   0.000474
          p_x          -0.185352   0.010802

   13 H   s            -0.022764   0.000134

   14 H   s            -0.001804  -0.000002

   15 C   s            -0.014983   0.000042
          p_y          -0.011791   0.000044
          p_z           0.040705   0.000446
          p_x           0.002256   0.000004

   16 C   s             0.003072   0.000005
          p_y           0.005999   0.000008
          p_z           0.010982   0.000040
          p_x           0.014292   0.000080

   17 C   s            -0.597422   0.067529
          p_y           0.230553   0.019743
          p_z          -0.368176   0.048951
          p_x          -0.100489   0.004220

   18 H   s            -0.056842  -0.000061

   19 C   s             0.459742   0.045416
          p_y           0.058384   0.001179
          p_z          -0.653637   0.150280
          p_x           0.487100   0.083733

   20 C   s             0.011724   0.000063
          p_y          -0.007557   0.000033
          p_z           0.019580   0.000210
          p_x          -0.005471   0.000012

   21 C   s            -0.008294   0.000007
          p_y           0.001514   0.000001
          p_z          -0.018209   0.000099
          p_x          -0.013287   0.000052

   22 H   s             0.002616  -0.000003

   23 C   s            -0.582442   0.063184
          p_y          -0.141380   0.006945
          p_z          -0.334688   0.039010
          p_x           0.581521   0.118048

   24 H   s            -0.088202   0.002578

   25 H   s             0.010177   0.000139

   26 H   s             0.001814  -0.000001

   27 C   s            -0.016438   0.000012
          p_y          -0.004476   0.000002
          p_z           0.011606   0.000021
          p_x           0.004750   0.000002

   28 C   s             0.010482   0.000023
          p_y           0.006536   0.000014
          p_z          -0.009811   0.000033
          p_x           0.000074   0.000000

   29 H   s            -0.106752   0.003408

   30 C   s            -0.000886  -0.000000
          p_y           0.002202   0.000002
          p_z          -0.005604   0.000014
          p_x           0.000104   0.000000

   31 C   s             0.002366   0.000001
          p_y          -0.000414   0.000000
          p_z           0.001329   0.000001
          p_x          -0.001473   0.000001

   32 H   s             0.000825   0.000000

   33 C   s             0.001670   0.000000
          p_y           0.002898   0.000002
          p_z          -0.003319   0.000003
          p_x          -0.002182   0.000001

   34 H   s             0.001038  -0.000000

   35 H   s             0.000763  -0.000000

   36 H   s             0.000168   0.000000

Eigenvector:  94    (down)

    1 C   s            -0.041511   0.000355
          p_y          -0.068559   0.001014
          p_z           0.126638   0.004271
          p_x          -0.161484   0.007145

    2 C   s             0.107911   0.002792
          p_y          -0.006296   0.000007
          p_z           0.127756   0.005183
          p_x          -0.071396   0.001821

    3 C   s            -0.015135   0.000060
          p_y           0.051051   0.000636
          p_z          -0.054246   0.000767
          p_x          -0.028105   0.000165

    4 C   s            -0.053365   0.000583
          p_y           0.704620   0.200417
          p_z           0.461657   0.082731
          p_x           0.225600   0.021182

    5 C   s            -0.127580   0.002563
          p_y          -0.018904   0.000119
          p_z           0.148766   0.005795
          p_x          -0.107107   0.002712

    6 H   s             0.016688   0.000071

    7 C   s             0.020558   0.000024
          p_y          -0.007770   0.000014
          p_z          -0.060292   0.001128
          p_x           0.072256   0.001520

    8 C   s             0.096434   0.002149
          p_y          -0.074104   0.001932
          p_z           0.074549   0.002017
          p_x           0.009962   0.000044

    9 C   s            -0.037576   0.000230
          p_y          -0.713231   0.181182
          p_z          -0.443116   0.066418
          p_x          -0.211769   0.016595

   10 H   s            -0.041548   0.000214

   11 C   s            -0.141028   0.003097
          p_y          -0.088881   0.002797
          p_z           0.373569   0.047348
          p_x          -0.178318   0.010309

   12 C   s             0.114107   0.002508
          p_y           0.089330   0.002289
          p_z          -0.241042   0.017646
          p_x           0.053576   0.001037

   13 H   s            -0.022550   0.000045

   14 H   s             0.001579   0.000004

   15 C   s            -0.036808   0.000163
          p_y           0.011663   0.000006
          p_z           0.149890   0.006166
          p_x           0.090764   0.002312

   16 C   s             0.083181   0.002148
          p_y           0.080477   0.001283
          p_z           0.104226   0.004010
          p_x           0.196647   0.014938

   17 C   s            -0.055531   0.000738
          p_y          -0.335320   0.037838
          p_z           0.268652   0.024725
          p_x           0.427361   0.060813

   18 H   s            -0.074932   0.001477

   19 C   s            -0.082977   0.002067
          p_y           0.163726   0.008584
          p_z          -0.230253   0.016706
          p_x          -0.116762   0.004482

   20 C   s             0.007069   0.000030
          p_y          -0.061610   0.002059
          p_z           0.023327   0.000344
          p_x           0.041107   0.000986

   21 C   s            -0.056604   0.000240
          p_y           0.027613   0.000214
          p_z          -0.191318   0.011206
          p_x          -0.204178   0.011321

   22 H   s             0.033539  -0.000469

   23 C   s             0.284422   0.015638
          p_y          -0.204305   0.013242
          p_z           0.055967   0.001045
          p_x           0.369104   0.042893

   24 H   s             0.035508   0.000159

   25 H   s             0.087854   0.001499

   26 H   s            -0.033766  -0.000081

   27 C   s            -0.090190   0.000823
          p_y           0.040671   0.000415
          p_z           0.027751   0.000109
          p_x          -0.045628   0.000529

   28 C   s             0.107364   0.002354
          p_y           0.065563   0.001394
          p_z          -0.107049   0.003776
          p_x           0.015640   0.000069

   29 H   s            -0.006669  -0.000041

   30 C   s             0.004588   0.000014
          p_y          -0.013452   0.000059
          p_z           0.005459   0.000003
          p_x           0.013253   0.000074

   31 C   s             0.031246   0.000222
          p_y           0.006328   0.000021
          p_z          -0.006343   0.000011
          p_x          -0.014974   0.000115

   32 H   s             0.013131   0.000045

   33 C   s            -0.030129   0.000131
          p_y           0.010403   0.000029
          p_z           0.002907   0.000002
          p_x          -0.021450   0.000120

   34 H   s            -0.006649   0.000007

   35 H   s             0.001429   0.000000

   36 H   s            -0.000275   0.000000

Eigenvector:  95    (down)

    1 C   s            -0.583612   0.057051
          p_y          -0.115125   0.003677
          p_z           0.553019   0.084891
          p_x          -0.368523   0.037073

    2 C   s             0.586750   0.073616
          p_y           0.063508   0.001099
          p_z           0.420327   0.060900
          p_x          -0.573865   0.108062

    3 C   s             0.239381   0.011121
          p_y           0.115336   0.002929
          p_z          -0.409278   0.043763
          p_x           0.150760   0.007324

    4 C   s            -0.073822   0.000782
          p_y           0.214051   0.018217
          p_z           0.065065   0.000882
          p_x          -0.089070   0.002832

    5 C   s             0.023554  -0.000133
          p_y          -0.108608   0.002810
          p_z          -0.281049   0.022846
          p_x           0.488442   0.063072

    6 H   s            -0.043304  -0.000222

    7 C   s            -0.336772   0.023813
          p_y           0.211947   0.014312
          p_z          -0.221862   0.016576
          p_x          -0.245363   0.018303

    8 C   s             0.159478   0.004977
          p_y          -0.042632   0.000617
          p_z          -0.000067  -0.000000
          p_x           0.092189   0.002756

    9 C   s            -0.016349   0.000026
          p_y          -0.243983   0.020478
          p_z          -0.000073  -0.000000
          p_x           0.103068   0.003258

   10 H   s            -0.049948   0.000412

   11 C   s            -0.096918   0.002308
          p_y           0.090065   0.002635
          p_z          -0.402258   0.053087
          p_x           0.203343   0.013658

   12 C   s             0.120813   0.003263
          p_y          -0.246191   0.017395
          p_z           0.360283   0.038504
          p_x           0.145210   0.005496

   13 H   s             0.062150   0.000076

   14 H   s            -0.000279  -0.000001

   15 C   s             0.009052   0.000012
          p_y          -0.055305   0.000950
          p_z           0.097513   0.002724
          p_x           0.059113   0.001110

   16 C   s            -0.001803  -0.000016
          p_y          -0.044886   0.000872
          p_z           0.096627   0.002747
          p_x           0.112414   0.005233

   17 C   s             0.004106   0.000012
          p_y           0.210689   0.013610
          p_z          -0.172656   0.009240
          p_x          -0.265082   0.021406

   18 H   s            -0.002270   0.000004

   19 C   s             0.035948   0.000257
          p_y          -0.112004   0.003805
          p_z           0.298433   0.027463
          p_x          -0.048101   0.000772

   20 C   s             0.051749   0.001086
          p_y          -0.069725   0.002600
          p_z           0.090473   0.004460
          p_x           0.051793   0.001441

   21 C   s            -0.040088   0.000029
          p_y           0.095193   0.002531
          p_z          -0.145975   0.005952
          p_x          -0.144407   0.005920

   22 H   s             0.026993  -0.000316

   23 C   s            -0.052682   0.000515
          p_y           0.126247   0.004757
          p_z           0.050463   0.000765
          p_x          -0.305522   0.027879

   24 H   s            -0.027563   0.000122

   25 H   s            -0.019319   0.000053

   26 H   s            -0.032000  -0.000068

   27 C   s            -0.127179   0.001102
          p_y           0.001033   0.000003
          p_z           0.053815   0.000341
          p_x          -0.020008   0.000130

   28 C   s             0.092137   0.001682
          p_y           0.043035   0.000602
          p_z          -0.093468   0.002815
          p_x           0.008357   0.000018

   29 H   s             0.010849   0.000004

   30 C   s             0.003914   0.000015
          p_y          -0.000224   0.000000
          p_z          -0.016313   0.000128
          p_x           0.011293   0.000065

   31 C   s             0.029388   0.000187
          p_y           0.007113   0.000022
          p_z          -0.002739   0.000001
          p_x          -0.015825   0.000115

   32 H   s             0.012423   0.000037

   33 C   s            -0.016820   0.000036
          p_y           0.016069   0.000067
          p_z          -0.008546   0.000022
          p_x          -0.023757   0.000141

   34 H   s            -0.000211   0.000000

   35 H   s             0.002005   0.000000

   36 H   s             0.000573  -0.000000

Eigenvector:  96    (down)

    1 C   s             0.079084   0.001090
          p_y           0.037919   0.000326
          p_z          -0.127264   0.004134
          p_x           0.101491   0.002661

    2 C   s            -0.113388   0.002638
          p_y          -0.011326   0.000034
          p_z          -0.089815   0.002632
          p_x           0.106225   0.003586

    3 C   s            -0.015454   0.000053
          p_y          -0.023056   0.000125
          p_z           0.064470   0.001067
          p_x          -0.021223   0.000133

    4 C   s             0.015144   0.000092
          p_y          -0.158992   0.010714
          p_z          -0.231474   0.015274
          p_x          -0.134839   0.008186

    5 C   s             0.001146   0.000002
          p_y           0.020281   0.000095
          p_z           0.031329   0.000291
          p_x          -0.069743   0.001249

    6 H   s             0.006510  -0.000008

    7 C   s             0.040936   0.000341
          p_y          -0.026074   0.000208
          p_z           0.031476   0.000309
          p_x           0.027153   0.000220

    8 C   s            -0.022869   0.000105
          p_y           0.014205   0.000054
          p_z           0.012438   0.000052
          p_x          -0.027449   0.000211

    9 C   s             0.162247   0.006216
          p_y           0.155157   0.007147
          p_z           0.312120   0.031216
          p_x           0.062084   0.002036

   10 H   s            -0.007784   0.000016

   11 C   s             0.013698   0.000041
          p_y          -0.013282   0.000055
          p_z           0.048319   0.000751
          p_x          -0.019717   0.000129

   12 C   s            -0.024592   0.000124
          p_y           0.029593   0.000243
          p_z          -0.034087   0.000334
          p_x          -0.026605   0.000187

   13 H   s            -0.007068   0.000001

   14 H   s             0.009502   0.000018

   15 C   s            -0.038818   0.000061
          p_y          -0.002158   0.000007
          p_z          -0.041429   0.000148
          p_x          -0.010802   0.000056

   16 C   s            -0.004644  -0.000173
          p_y          -0.502186   0.090764
          p_z           0.404899   0.049273
          p_x           0.572155   0.130893

   17 C   s             0.008350   0.000012
          p_y          -0.019546   0.000110
          p_z           0.020848   0.000128
          p_x           0.019932   0.000113

   18 H   s             0.003838   0.000004

   19 C   s             0.006029   0.000009
          p_y           0.006338   0.000011
          p_z          -0.032260   0.000313
          p_x           0.016709   0.000087

   20 C   s            -0.084892   0.002423
          p_y          -0.168446   0.014606
          p_z           0.027429   0.000561
          p_x           0.280015   0.038899

   21 C   s            -0.104248  -0.000627
          p_y           0.675353   0.121079
          p_z          -0.612514   0.100921
          p_x          -0.787433   0.165364

   22 H   s             0.129289  -0.007132

   23 C   s            -0.008077   0.000013
          p_y          -0.008009   0.000018
          p_z          -0.015462   0.000071
          p_x           0.030711   0.000273

   24 H   s             0.001964   0.000001

   25 H   s            -0.001159   0.000000

   26 H   s            -0.183678  -0.002503

   27 C   s            -0.383540   0.017065
          p_y           0.202149   0.008875
          p_z          -0.066325   0.001242
          p_x          -0.289377   0.018174

   28 C   s             0.427318   0.034908
          p_y           0.159320   0.008317
          p_z          -0.452307   0.063587
          p_x           0.062802   0.000997

   29 H   s             0.000173  -0.000000

   30 C   s             0.058043   0.001105
          p_y          -0.077513   0.001892
          p_z           0.033560   0.000290
          p_x           0.112088   0.004166

   31 C   s             0.185483   0.007422
          p_y           0.079894   0.002567
          p_z          -0.064625   0.001370
          p_x          -0.105982   0.004956

   32 H   s             0.073806   0.001177

   33 C   s            -0.204171   0.005648
          p_y           0.056683   0.000791
          p_z           0.019107   0.000074
          p_x          -0.143985   0.004999

   34 H   s            -0.044728   0.000214

   35 H   s            -0.006710  -0.000022

   36 H   s            -0.002664   0.000015

Eigenvector:  97    (down)

    1 C   s             0.055608   0.000630
          p_y           0.038529   0.000369
          p_z          -0.055623   0.000875
          p_x          -0.024141   0.000095

    2 C   s            -0.198930   0.006852
          p_y          -0.080968   0.001847
          p_z           0.142950   0.005649
          p_x           0.048468   0.000697

    3 C   s            -0.042473   0.000386
          p_y           0.008501   0.000009
          p_z           0.050365   0.000726
          p_x          -0.065450   0.001026

    4 C   s             0.008420   0.000012
          p_y          -0.021078   0.000166
          p_z          -0.002754  -0.000001
          p_x           0.016266   0.000084

    5 C   s            -0.125811   0.002832
          p_y          -0.213814   0.011698
          p_z           0.403009   0.043769
          p_x           0.056604   0.000547

    6 H   s            -0.013261   0.000081

    7 C   s             0.174012   0.005038
          p_y          -0.020588   0.000126
          p_z          -0.085856   0.001964
          p_x           0.138422   0.005303

    8 C   s            -0.022757   0.000091
          p_y          -0.002714   0.000003
          p_z           0.016931   0.000096
          p_x          -0.012811   0.000053

    9 C   s             0.003839   0.000003
          p_y           0.022907   0.000167
          p_z          -0.001482   0.000002
          p_x          -0.017293   0.000082

   10 H   s             0.004628   0.000003

   11 C   s             0.610424   0.073876
          p_y           0.361855   0.039690
          p_z          -0.392728   0.047421
          p_x          -0.351974   0.036947

   12 C   s             0.129581   0.003692
          p_y          -0.012463   0.000008
          p_z          -0.309663   0.028264
          p_x           0.319916   0.028282

   13 H   s             0.000976   0.000004

   14 H   s            -0.005083   0.000007

   15 C   s            -0.007654   0.000007
          p_y           0.001566   0.000002
          p_z          -0.000850   0.000001
          p_x          -0.002639   0.000004

   16 C   s             0.002529   0.000001
          p_y          -0.010966   0.000044
          p_z           0.002034   0.000002
          p_x           0.010396   0.000043

   17 C   s            -0.611420   0.073417
          p_y           0.198493   0.011182
          p_z          -0.617096   0.110864
          p_x           0.192225   0.011393

   18 H   s            -0.073774  -0.000010

   19 C   s            -0.638273   0.079681
          p_y           0.165142   0.007809
          p_z           0.279138   0.024960
          p_x          -0.582872   0.102295

   20 C   s            -0.028826   0.000294
          p_y           0.021458   0.000225
          p_z          -0.037330   0.000683
          p_x          -0.013672   0.000090

   21 C   s             0.003928   0.000001
          p_y           0.011528   0.000029
          p_z          -0.001929   0.000001
          p_x          -0.013687   0.000036

   22 H   s             0.001914  -0.000001

   23 C   s             0.640206   0.079051
          p_y          -0.159307   0.007552
          p_z           0.642718   0.120282
          p_x          -0.270391   0.020632

   24 H   s             0.078437  -0.000102

   25 H   s             0.061935  -0.000130

   26 H   s             0.005449  -0.000002

   27 C   s             0.021806  -0.000010
          p_y           0.018772   0.000053
          p_z          -0.029646   0.000116
          p_x          -0.015534   0.000043

   28 C   s             0.002674   0.000001
          p_y          -0.000093  -0.000000
          p_z          -0.003767   0.000004
          p_x           0.001921   0.000001

   29 H   s            -0.084936  -0.000102

   30 C   s             0.002776  -0.000000
          p_y          -0.006543   0.000013
          p_z           0.008764   0.000031
          p_x           0.005415   0.000005

   31 C   s             0.004469   0.000004
          p_y           0.003514   0.000005
          p_z          -0.003831   0.000005
          p_x          -0.003021   0.000004

   32 H   s             0.001127   0.000000

   33 C   s            -0.010280   0.000014
          p_y          -0.000982   0.000000
          p_z           0.004298   0.000005
          p_x          -0.002991   0.000002

   34 H   s            -0.003942   0.000001

   35 H   s            -0.001079  -0.000000

   36 H   s            -0.000480   0.000000

Eigenvector:  98    (down)

    1 C   s            -0.032836   0.000182
          p_y          -0.001073  -0.000000
          p_z           0.108704   0.002778
          p_x          -0.101978   0.002597

    2 C   s             0.090679   0.001556
          p_y          -0.001117   0.000001
          p_z           0.068115   0.001428
          p_x          -0.072899   0.001607

    3 C   s            -0.031065   0.000129
          p_y           0.039768   0.000364
          p_z          -0.095586   0.002198
          p_x           0.013610   0.000056

    4 C   s            -0.001314  -0.000002
          p_y          -0.141585   0.007056
          p_z           0.146230   0.007395
          p_x           0.189001   0.012651

    5 C   s             0.009944   0.000005
          p_y          -0.004578   0.000003
          p_z          -0.028359   0.000230
          p_x           0.038115   0.000362

    6 H   s             0.000363   0.000001

    7 C   s            -0.048102   0.000413
          p_y           0.023110   0.000152
          p_z          -0.022150   0.000144
          p_x          -0.031112   0.000268

    8 C   s             0.156821   0.005755
          p_y          -0.095534   0.002922
          p_z           0.089483   0.003013
          p_x           0.123393   0.004245

    9 C   s             0.023371   0.000115
          p_y           0.157589   0.007397
          p_z          -0.137551   0.005875
          p_x          -0.232460   0.016171

   10 H   s             0.038490   0.000111

   11 C   s            -0.036703   0.000266
          p_y          -0.009190   0.000025
          p_z          -0.006333   0.000013
          p_x           0.024176   0.000180

   12 C   s             0.014181   0.000035
          p_y          -0.015207   0.000062
          p_z           0.034646   0.000343
          p_x          -0.003175   0.000005

   13 H   s             0.004332  -0.000002

   14 H   s            -0.029003   0.000096

   15 C   s            -0.148124   0.003729
          p_y          -0.050834   0.000060
          p_z           0.196454   0.005590
          p_x          -0.046559   0.000867

   16 C   s             0.040213   0.000005
          p_y          -0.114582   0.005534
          p_z           0.003271   0.000031
          p_x           0.136894   0.008018

   17 C   s             0.021735   0.000096
          p_y          -0.001242   0.000001
          p_z           0.019419   0.000110
          p_x          -0.016212   0.000075

   18 H   s            -0.000248   0.000000

   19 C   s             0.028887   0.000154
          p_y          -0.009921   0.000027
          p_z          -0.001774   0.000002
          p_x           0.021556   0.000137

   20 C   s            -0.695533   0.167988
          p_y           0.546977   0.143322
          p_z          -0.846752   0.346561
          p_x          -0.447635   0.093913

   21 C   s             0.104605   0.000314
          p_y           0.108604   0.001701
          p_z           0.047253   0.000779
          p_x          -0.168790   0.003568

   22 H   s             0.024191  -0.000228

   23 C   s            -0.026870   0.000137
          p_y           0.009308   0.000025
          p_z          -0.023913   0.000166
          p_x           0.003041   0.000003

   24 H   s            -0.004776   0.000001

   25 H   s            -0.002111  -0.000001

   26 H   s             0.172030  -0.002131

   27 C   s             0.589803  -0.001459
          p_y           0.398319   0.022586
          p_z          -0.682089   0.058431
          p_x          -0.292015   0.014561

   28 C   s            -0.013284   0.000042
          p_y          -0.023384   0.000152
          p_z          -0.004700   0.000001
          p_x           0.031370   0.000259

   29 H   s             0.003410  -0.000000

   30 C   s             0.051699  -0.000258
          p_y          -0.135607   0.005457
          p_z           0.190549   0.014610
          p_x           0.106864   0.001535

   31 C   s             0.075656   0.001299
          p_y           0.069271   0.001786
          p_z          -0.076871   0.002072
          p_x          -0.057800   0.001324

   32 H   s             0.010793   0.000011

   33 C   s            -0.202829   0.005579
          p_y          -0.026825   0.000193
          p_z           0.089425   0.002062
          p_x          -0.048876   0.000543

   34 H   s            -0.082313   0.000489

   35 H   s            -0.023492  -0.000091

   36 H   s            -0.011151   0.000067

Eigenvector:  99    (down)

    1 C   s            -0.000329   0.000000
          p_y          -0.002113   0.000001
          p_z           0.001450   0.000000
          p_x           0.000157   0.000000

    2 C   s             0.000751   0.000000
          p_y           0.000695   0.000000
          p_z           0.000053   0.000000
          p_x          -0.000842   0.000000

    3 C   s             0.000557   0.000000
          p_y          -0.002381   0.000001
          p_z           0.004589   0.000005
          p_x           0.000883   0.000000

    4 C   s             0.001202  -0.000001
          p_y           0.009648   0.000041
          p_z           0.014005   0.000034
          p_x           0.004895   0.000015

    5 C   s            -0.000220   0.000000
          p_y           0.000125   0.000000
          p_z          -0.000319   0.000000
          p_x          -0.000094   0.000000

    6 H   s            -0.000267   0.000000

    7 C   s             0.002456   0.000001
          p_y          -0.001213   0.000000
          p_z           0.001573   0.000001
          p_x           0.001148   0.000000

    8 C   s            -0.015358   0.000053
          p_y           0.007736   0.000020
          p_z          -0.012845   0.000058
          p_x          -0.005154   0.000008

    9 C   s            -0.022830   0.000120
          p_y          -0.008114   0.000013
          p_z          -0.026845   0.000217
          p_x           0.005034  -0.000001

   10 H   s             0.000771   0.000000

   11 C   s            -0.000029   0.000000
          p_y          -0.000063   0.000000
          p_z           0.000096   0.000000
          p_x           0.000061   0.000000

   12 C   s            -0.000299   0.000000
          p_y           0.000310   0.000000
          p_z          -0.000850   0.000000
          p_x           0.000212   0.000000

   13 H   s            -0.000010  -0.000000

   14 H   s            -0.000639   0.000000

   15 C   s             0.017886   0.000033
          p_y           0.009362   0.000016
          p_z          -0.016666   0.000057
          p_x          -0.005657   0.000001

   16 C   s            -0.004994   0.000031
          p_y           0.079553   0.002224
          p_z          -0.073964   0.001453
          p_x          -0.105988   0.004563

   17 C   s            -0.000008   0.000000
          p_y          -0.000072   0.000000
          p_z           0.000001   0.000000
          p_x           0.000139   0.000000

   18 H   s             0.000038   0.000000

   19 C   s            -0.000523   0.000000
          p_y           0.000212   0.000000
          p_z          -0.000014   0.000000
          p_x          -0.000417   0.000000

   20 C   s             0.077653   0.002163
          p_y          -0.021362   0.000229
          p_z           0.082261   0.003244
          p_x          -0.014252   0.000086

   21 C   s             0.090418   0.001127
          p_y          -0.127884   0.003677
          p_z           0.164749   0.006565
          p_x           0.121963   0.003127

   22 H   s            -0.023497  -0.000229

   23 C   s             0.000365   0.000000
          p_y          -0.000068   0.000000
          p_z           0.000306   0.000000
          p_x          -0.000139   0.000000

   24 H   s             0.000039   0.000000

   25 H   s             0.000049  -0.000000

   26 H   s             0.018665  -0.000025

   27 C   s            -0.090421   0.000206
          p_y          -0.057809   0.000549
          p_z          -0.005236   0.000009
          p_x           0.114279   0.002165

   28 C   s            -0.115808   0.002992
          p_y          -0.120492   0.003260
          p_z           0.155942   0.005288
          p_x           0.097149   0.002237

   29 H   s            -0.000020  -0.000000

   30 C   s            -0.064749  -0.000502
          p_y          -0.021618   0.000289
          p_z          -0.150469   0.004039
          p_x           0.203160   0.011364

   31 C   s             0.898458   0.173124
          p_y           0.598939   0.122820
          p_z          -0.383831   0.051297
          p_x          -0.873479   0.256397

   32 H   s             0.037539   0.000203

   33 C   s            -0.863200   0.087045
          p_y           0.535341   0.065838
          p_z          -0.350887   0.029044
          p_x          -0.821470   0.152277

   34 H   s            -0.082540   0.001163

   35 H   s            -0.096540  -0.002098

   36 H   s            -0.066603   0.002065

Eigenvector: 100    (down)

    1 C   s             0.013804   0.000066
          p_y           0.004760  -0.000002
          p_z          -0.223549   0.010048
          p_x           0.187716   0.007783

    2 C   s            -0.145738   0.003687
          p_y           0.005222   0.000008
          p_z          -0.115984   0.003779
          p_x           0.120878   0.004045

    3 C   s             0.084139   0.000821
          p_y          -0.014207   0.000058
          p_z           0.039109   0.000334
          p_x          -0.025421   0.000078

    4 C   s            -0.039268   0.000386
          p_y           0.571020   0.107791
          p_z          -0.504920   0.085647
          p_x          -0.690760   0.152947

    5 C   s            -0.008757  -0.000003
          p_y           0.010955   0.000019
          p_z           0.017832   0.000100
          p_x          -0.043412   0.000419

    6 H   s             0.002511  -0.000005

    7 C   s            -0.006349   0.000015
          p_y           0.003719   0.000007
          p_z          -0.011066   0.000053
          p_x           0.006586   0.000011

    8 C   s             0.037382   0.000020
          p_y           0.032744   0.000296
          p_z           0.096325   0.002390
          p_x          -0.144039   0.005544

    9 C   s            -0.187352   0.007012
          p_y          -0.654933   0.121801
          p_z           0.431222   0.050414
          p_x           0.970117   0.275754

   10 H   s            -0.148601   0.001867

   11 C   s             0.021952   0.000089
          p_y           0.000421   0.000000
          p_z           0.015135   0.000070
          p_x          -0.014721   0.000065

   12 C   s            -0.016046   0.000038
          p_y           0.007644   0.000014
          p_z          -0.006012   0.000009
          p_x          -0.008491   0.000016

   13 H   s            -0.003892   0.000001

   14 H   s             0.070660   0.000808

   15 C   s             0.369275   0.016791
          p_y          -0.307203   0.019651
          p_z           0.214108   0.007923
          p_x           0.349127   0.028471

   16 C   s            -0.136054   0.003242
          p_y           0.039020   0.000304
          p_z           0.057535   0.000461
          p_x          -0.078952   0.000620

   17 C   s            -0.003575   0.000003
          p_y          -0.001413   0.000000
          p_z          -0.003371   0.000003
          p_x           0.006077   0.000009

   18 H   s             0.002515   0.000002

   19 C   s             0.000595   0.000000
          p_y          -0.000540   0.000000
          p_z          -0.001475   0.000000
          p_x           0.002207   0.000001

   20 C   s            -0.180949   0.011057
          p_y           0.201355   0.017469
          p_z          -0.212217   0.019236
          p_x          -0.224886   0.022298

   21 C   s             0.058052   0.000230
          p_y          -0.052795   0.000925
          p_z           0.021284   0.000219
          p_x           0.056942   0.001001

   22 H   s             0.007037  -0.000024

   23 C   s             0.001716   0.000001
          p_y          -0.002055   0.000001
          p_z           0.000264   0.000000
          p_x           0.004027   0.000004

   24 H   s             0.001723   0.000000

   25 H   s            -0.000500   0.000000

   26 H   s             0.094311  -0.000621

   27 C   s             0.199472   0.000549
          p_y           0.081479   0.000749
          p_z          -0.177618   0.003140
          p_x          -0.037603   0.000212

   28 C   s            -0.036341   0.000214
          p_y          -0.011382   0.000037
          p_z           0.036236   0.000338
          p_x          -0.003172   0.000000

   29 H   s            -0.000297   0.000000

   30 C   s             0.007017  -0.000021
          p_y          -0.026110   0.000182
          p_z           0.040419   0.000650
          p_x           0.019645   0.000014

   31 C   s             0.003858   0.000004
          p_y           0.010260   0.000036
          p_z          -0.011881   0.000048
          p_x          -0.007984   0.000020

   32 H   s            -0.007348   0.000014

   33 C   s            -0.031458   0.000127
          p_y          -0.008766   0.000019
          p_z           0.016605   0.000070
          p_x          -0.001240   0.000000

   34 H   s            -0.016559   0.000019

   35 H   s            -0.004789  -0.000003

   36 H   s            -0.002779   0.000003

Eigenvector: 101    (down)

    1 C   s             0.013088  -0.000037
          p_y          -0.003621  -0.000004
          p_z           0.010287  -0.000045
          p_x           0.017525   0.000036

    2 C   s            -0.004486   0.000002
          p_y           0.001002   0.000000
          p_z          -0.005916   0.000006
          p_x           0.000459   0.000000

    3 C   s             0.004115  -0.000001
          p_y           0.002547   0.000002
          p_z          -0.007973   0.000011
          p_x          -0.000839   0.000001

    4 C   s             1.966636   0.338113
          p_y          -0.226256   0.010059
          p_z           0.759921   0.113626
          p_x          -0.637340   0.079908

    5 C   s            -0.001166   0.000000
          p_y           0.000620   0.000000
          p_z          -0.000551   0.000000
          p_x          -0.000472   0.000000

    6 H   s            -0.001523   0.000000

    7 C   s            -0.003989   0.000001
          p_y           0.001768   0.000000
          p_z          -0.003369   0.000002
          p_x          -0.000213   0.000000

    8 C   s            -0.008868   0.000006
          p_y           0.009222   0.000007
          p_z          -0.006786   0.000003
          p_x          -0.015112   0.000023

    9 C   s            -1.970208   0.274483
          p_y          -0.250690   0.011013
          p_z           0.771110   0.106577
          p_x          -0.594727   0.064848

   10 H   s             0.017009   0.000080

   11 C   s             0.000215   0.000000
          p_y          -0.000027   0.000000
          p_z           0.000094   0.000000
          p_x          -0.000060   0.000000

   12 C   s            -0.000187  -0.000000
          p_y          -0.000347   0.000000
          p_z           0.000469   0.000000
          p_x           0.000164   0.000000

   13 H   s            -0.000150   0.000000

   14 H   s             0.005535   0.000002

   15 C   s             0.054657   0.000655
          p_y          -0.018165   0.000162
          p_z          -0.000712  -0.000002
          p_x           0.036441   0.000505

   16 C   s             0.006594   0.000049
          p_y          -0.007183  -0.000016
          p_z           0.029998  -0.000169
          p_x           0.015129   0.000034

   17 C   s            -0.000043   0.000000
          p_y           0.000026   0.000000
          p_z          -0.000058   0.000000
          p_x           0.000004  -0.000000

   18 H   s             0.000090   0.000000

   19 C   s             0.000328   0.000000
          p_y          -0.000064   0.000000
          p_z           0.000069   0.000000
          p_x           0.000079   0.000000

   20 C   s            -0.003460   0.000000
          p_y           0.004060   0.000001
          p_z          -0.002221   0.000001
          p_x          -0.005425  -0.000000

   21 C   s            -0.019461   0.000005
          p_y           0.001097   0.000001
          p_z           0.000112  -0.000000
          p_x          -0.020792   0.000044

   22 H   s            -0.004839   0.000004

   23 C   s            -0.000106   0.000000
          p_y           0.000023   0.000000
          p_z          -0.000116   0.000000
          p_x           0.000058   0.000000

   24 H   s             0.000003  -0.000000

   25 H   s             0.000112   0.000000

   26 H   s             0.001741  -0.000000

   27 C   s            -0.000428  -0.000000
          p_y           0.003115   0.000000
          p_z          -0.002292   0.000001
          p_x          -0.002374  -0.000001

   28 C   s             0.003375   0.000001
          p_y           0.001541   0.000000
          p_z          -0.002757   0.000001
          p_x           0.000849   0.000000

   29 H   s             0.000016  -0.000000

   30 C   s             0.000007   0.000000
          p_y          -0.000332   0.000000
          p_z           0.000380   0.000000
          p_x           0.000123   0.000000

   31 C   s             0.000005  -0.000000
          p_y          -0.000247   0.000000
          p_z           0.000175   0.000000
          p_x           0.000269   0.000000

   32 H   s             0.000773   0.000000

   33 C   s            -0.000038   0.000000
          p_y          -0.000124   0.000000
          p_z           0.000244   0.000000
          p_x           0.000113   0.000000

   34 H   s            -0.000119   0.000000

   35 H   s             0.000063   0.000000

   36 H   s            -0.000020  -0.000000

Eigenvector: 102    (down)

    1 C   s            -0.002223   0.000000
          p_y           0.000671   0.000000
          p_z          -0.003163   0.000001
          p_x           0.002742   0.000001

    2 C   s            -0.001088   0.000000
          p_y          -0.000053   0.000000
          p_z          -0.000791   0.000000
          p_x           0.000786   0.000000

    3 C   s             0.000535   0.000000
          p_y          -0.000504   0.000000
          p_z           0.000162   0.000000
          p_x           0.000520   0.000000

    4 C   s            -0.012796   0.000024
          p_y           0.010694   0.000018
          p_z          -0.028623   0.000146
          p_x          -0.026866   0.000088

    5 C   s            -0.000050  -0.000000
          p_y           0.000067   0.000000
          p_z          -0.000014  -0.000000
          p_x          -0.000118   0.000000

    6 H   s             0.000125  -0.000000

    7 C   s             0.000063   0.000000
          p_y           0.000084   0.000000
          p_z          -0.000111   0.000000
          p_x          -0.000004   0.000000

    8 C   s            -0.006343   0.000003
          p_y           0.003344   0.000001
          p_z          -0.005080   0.000003
          p_x          -0.001491   0.000000

    9 C   s             0.060866   0.000020
          p_y          -0.023260   0.000024
          p_z           0.064731   0.000090
          p_x           0.046436   0.000263

   10 H   s            -0.004836   0.000001

   11 C   s             0.000028   0.000000
          p_y          -0.000006   0.000000
          p_z           0.000025   0.000000
          p_x          -0.000013   0.000000

   12 C   s            -0.000101   0.000000
          p_y           0.000032   0.000000
          p_z          -0.000094   0.000000
          p_x           0.000019   0.000000

   13 H   s             0.000139   0.000000

   14 H   s             0.000234  -0.000000

   15 C   s             0.005400  -0.000003
          p_y           0.002931   0.000003
          p_z          -0.014686   0.000030
          p_x           0.000058  -0.000000

   16 C   s             1.941530   0.312663
          p_y          -0.264231   0.011468
          p_z           0.977867   0.154377
          p_x          -0.729018   0.085397

   17 C   s             0.000000  -0.000000
          p_y          -0.000003   0.000000
          p_z          -0.000000   0.000000
          p_x           0.000006   0.000000

   18 H   s             0.000009   0.000000

   19 C   s            -0.000017   0.000000
          p_y           0.000009   0.000000
          p_z          -0.000009   0.000000
          p_x          -0.000008   0.000000

   20 C   s            -0.010784   0.000010
          p_y           0.012162   0.000017
          p_z          -0.009277   0.000009
          p_x          -0.019576   0.000050

   21 C   s            -1.953824   0.225263
          p_y          -0.272999   0.010383
          p_z           0.962318   0.129691
          p_x          -0.696635   0.068350

   22 H   s             0.019682  -0.000028

   23 C   s             0.000004   0.000000
          p_y          -0.000002   0.000000
          p_z           0.000003   0.000000
          p_x           0.000000  -0.000000

   24 H   s             0.000001   0.000000

   25 H   s            -0.000001   0.000000

   26 H   s             0.007541  -0.000002

   27 C   s             0.059942   0.000736
          p_y          -0.014350   0.000124
          p_z          -0.015029  -0.000032
          p_x           0.045776   0.000703

   28 C   s            -0.014392  -0.000138
          p_y          -0.024448  -0.000107
          p_z           0.000194  -0.000002
          p_x           0.072596   0.000338

   29 H   s            -0.000001  -0.000000

   30 C   s            -0.000724  -0.000000
          p_y           0.006489   0.000001
          p_z          -0.004299   0.000003
          p_x          -0.007357  -0.000004

   31 C   s             0.011606   0.000016
          p_y          -0.001945  -0.000000
          p_z          -0.005307   0.000008
          p_x           0.007114   0.000008

   32 H   s             0.021347  -0.000015

   33 C   s             0.000234   0.000000
          p_y           0.001943   0.000000
          p_z           0.002434  -0.000000
          p_x          -0.004992   0.000000

   34 H   s             0.003706   0.000001

   35 H   s             0.002030  -0.000000

   36 H   s             0.002039   0.000000

