 Fermi distribution function

Calculation with static geometry


********************************************************************************
 iSCC Total electronic   Diff electronic      SCC error    
   13   -0.86566218E+02   -0.41978865E-10    0.28740351E-05
********************************************************************************

 Total charge:    -0.00000000

 Atomic gross charges (e)
 Atom           Charge
    1       0.02720736
    2      -0.11794487
    3       0.04136742
    4      -0.12002202
    5       0.04708898
    6       0.10899811
    7      -0.14365006
    8      -0.15749341
    9       0.04569417
   10       0.09023457
   11      -0.07517085
   12       0.04236446
   13       0.09395370
   14       0.10189394
   15       0.04944689
   16      -0.13004427
   17      -0.10108880
   18       0.09267664
   19      -0.11430060
   20      -0.15925078
   21       0.04350258
   22       0.10950100
   23      -0.10313588
   24       0.07322284
   25       0.09215274
   26       0.10904309
   27       0.04384080
   28      -0.10131013
   29       0.06798288
   30      -0.10036853
   31      -0.09285431
   32       0.09252732
   33      -0.07336707
   34       0.10389517
   35       0.06456875
   36       0.04561964
   37       0.05825317
   38      -0.13695954
   39       0.05108735
   40      -0.14621877
   41       0.04252654
   42       0.10666446
   43      -0.15704541
   44      -0.14065426
   45       0.03710357
   46       0.11246132
   47      -0.09406227
   48       0.05261441
   49       0.10233091
   50       0.10312562
   51       0.04170174
   52      -0.12413968
   53      -0.10583832
   54       0.10422185
   55      -0.09930739
   56      -0.15024858
   57       0.05539367
   58       0.08401477
   59      -0.10640597
   60       0.07452501
   61       0.07200847
   62       0.11579239
   63       0.03294542
   64      -0.12667924
   65       0.08302682
   66      -0.09524765
   67      -0.11859614
   68       0.09810406
   69      -0.09976408
   70       0.10661105
   71       0.07955292
   72       0.09032034

Nr. of electrons (up):    204.00000000
Atom populations (up)
 Atom       Population
    1       3.97279264
    2       4.11794487
    3       3.95863258
    4       4.12002202
    5       3.95291102
    6       0.89100189
    7       4.14365006
    8       4.15749341
    9       3.95430583
   10       0.90976543
   11       4.07517085
   12       3.95763554
   13       0.90604630
   14       0.89810606
   15       3.95055311
   16       4.13004427
   17       4.10108880
   18       0.90732336
   19       4.11430060
   20       4.15925078
   21       3.95649742
   22       0.89049900
   23       4.10313588
   24       0.92677716
   25       0.90784726
   26       0.89095691
   27       3.95615920
   28       4.10131013
   29       0.93201712
   30       4.10036853
   31       4.09285431
   32       0.90747268
   33       4.07336707
   34       0.89610483
   35       0.93543125
   36       0.95438036
   37       3.94174683
   38       4.13695954
   39       3.94891265
   40       4.14621877
   41       3.95747346
   42       0.89333554
   43       4.15704541
   44       4.14065426
   45       3.96289643
   46       0.88753868
   47       4.09406227
   48       3.94738559
   49       0.89766909
   50       0.89687438
   51       3.95829826
   52       4.12413968
   53       4.10583832
   54       0.89577815
   55       4.09930739
   56       4.15024858
   57       3.94460633
   58       0.91598523
   59       4.10640597
   60       0.92547499
   61       0.92799153
   62       0.88420761
   63       3.96705458
   64       4.12667924
   65       0.91697318
   66       4.09524765
   67       4.11859614
   68       0.90189594
   69       4.09976408
   70       0.89338895
   71       0.92044708
   72       0.90967966

l-shell populations (up)
 Atom Sh.   l       Population
    1   1   0       1.18984810
    1   2   1       2.78294453
    2   1   0       1.23774594
    2   2   1       2.88019893
    3   1   0       1.17755245
    3   2   1       2.78108014
    4   1   0       1.24468699
    4   2   1       2.87533504
    5   1   0       1.17312007
    5   2   1       2.77979095
    6   1   0       0.89100189
    7   1   0       1.23598029
    7   2   1       2.90766977
    8   1   0       1.24609629
    8   2   1       2.91139711
    9   1   0       1.16947871
    9   2   1       2.78482712
   10   1   0       0.90976543
   11   1   0       1.22675328
   11   2   1       2.84841757
   12   1   0       1.17317970
   12   2   1       2.78445585
   13   1   0       0.90604630
   14   1   0       0.89810606
   15   1   0       1.17541602
   15   2   1       2.77513709
   16   1   0       1.23874923
   16   2   1       2.89129504
   17   1   0       1.22064488
   17   2   1       2.88044392
   18   1   0       0.90732336
   19   1   0       1.22175185
   19   2   1       2.89254874
   20   1   0       1.23630453
   20   2   1       2.92294625
   21   1   0       1.17924564
   21   2   1       2.77725179
   22   1   0       0.89049900
   23   1   0       1.22692156
   23   2   1       2.87621433
   24   1   0       0.92677716
   25   1   0       0.90784726
   26   1   0       0.89095691
   27   1   0       1.17730062
   27   2   1       2.77885858
   28   1   0       1.23434045
   28   2   1       2.86696968
   29   1   0       0.93201712
   30   1   0       1.22334258
   30   2   1       2.87702595
   31   1   0       1.21782113
   31   2   1       2.87503319
   32   1   0       0.90747268
   33   1   0       1.21328549
   33   2   1       2.86008158
   34   1   0       0.89610483
   35   1   0       0.93543125
   36   1   0       0.95438036
   37   1   0       1.16997197
   37   2   1       2.77177486
   38   1   0       1.24501721
   38   2   1       2.89194233
   39   1   0       1.17145946
   39   2   1       2.77745319
   40   1   0       1.26022423
   40   2   1       2.88599454
   41   1   0       1.17806404
   41   2   1       2.77940942
   42   1   0       0.89333554
   43   1   0       1.25592158
   43   2   1       2.90112383
   44   1   0       1.24345081
   44   2   1       2.89720345
   45   1   0       1.18735097
   45   2   1       2.77554546
   46   1   0       0.88753868
   47   1   0       1.22706397
   47   2   1       2.86699830
   48   1   0       1.17634963
   48   2   1       2.77103596
   49   1   0       0.89766909
   50   1   0       0.89687438
   51   1   0       1.17544690
   51   2   1       2.78285136
   52   1   0       1.24337000
   52   2   1       2.88076968
   53   1   0       1.23085106
   53   2   1       2.87498726
   54   1   0       0.89577815
   55   1   0       1.23177569
   55   2   1       2.86753170
   56   1   0       1.23885231
   56   2   1       2.91139627
   57   1   0       1.17507829
   57   2   1       2.76952804
   58   1   0       0.91598523
   59   1   0       1.23580443
   59   2   1       2.87060154
   60   1   0       0.92547499
   61   1   0       0.92799153
   62   1   0       0.88420761
   63   1   0       1.19745829
   63   2   1       2.76959629
   64   1   0       1.24451803
   64   2   1       2.88216121
   65   1   0       0.91697318
   66   1   0       1.25692231
   66   2   1       2.83832534
   67   1   0       1.23751796
   67   2   1       2.88107818
   68   1   0       0.90189594
   69   1   0       1.22621571
   69   2   1       2.87354837
   70   1   0       0.89338895
   71   1   0       0.92044708
   72   1   0       0.90967966

Orbital populations (up)
 Atom Sh.   l   m       Population  Label
    1   1   0   0       1.18984810  s
    1   2   1  -1       0.96159017  p_y
    1   2   1   0       0.91683196  p_z
    1   2   1   1       0.90452240  p_x
    2   1   0   0       1.23774594  s
    2   2   1  -1       1.00124853  p_y
    2   2   1   0       0.93249054  p_z
    2   2   1   1       0.94645986  p_x
    3   1   0   0       1.17755245  s
    3   2   1  -1       0.95845116  p_y
    3   2   1   0       0.91427189  p_z
    3   2   1   1       0.90835708  p_x
    4   1   0   0       1.24468699  s
    4   2   1  -1       0.99749755  p_y
    4   2   1   0       0.92435608  p_z
    4   2   1   1       0.95348140  p_x
    5   1   0   0       1.17312007  s
    5   2   1  -1       0.96065686  p_y
    5   2   1   0       0.91159965  p_z
    5   2   1   1       0.90753444  p_x
    6   1   0   0       0.89100189  s
    7   1   0   0       1.23598029  s
    7   2   1  -1       1.00468538  p_y
    7   2   1   0       0.94360964  p_z
    7   2   1   1       0.95937475  p_x
    8   1   0   0       1.24609629  s
    8   2   1  -1       1.01051946  p_y
    8   2   1   0       0.93614559  p_z
    8   2   1   1       0.96473206  p_x
    9   1   0   0       1.16947871  s
    9   2   1  -1       0.95851094  p_y
    9   2   1   0       0.91440640  p_z
    9   2   1   1       0.91190977  p_x
   10   1   0   0       0.90976543  s
   11   1   0   0       1.22675328  s
   11   2   1  -1       0.96884901  p_y
   11   2   1   0       0.92892169  p_z
   11   2   1   1       0.95064686  p_x
   12   1   0   0       1.17317970  s
   12   2   1  -1       0.95021487  p_y
   12   2   1   0       0.92387325  p_z
   12   2   1   1       0.91036773  p_x
   13   1   0   0       0.90604630  s
   14   1   0   0       0.89810606  s
   15   1   0   0       1.17541602  s
   15   2   1  -1       0.95166584  p_y
   15   2   1   0       0.90815522  p_z
   15   2   1   1       0.91531604  p_x
   16   1   0   0       1.23874923  s
   16   2   1  -1       0.99181348  p_y
   16   2   1   0       0.94126212  p_z
   16   2   1   1       0.95821944  p_x
   17   1   0   0       1.22064488  s
   17   2   1  -1       0.99838291  p_y
   17   2   1   0       0.94703305  p_z
   17   2   1   1       0.93502796  p_x
   18   1   0   0       0.90732336  s
   19   1   0   0       1.22175185  s
   19   2   1  -1       0.97942538  p_y
   19   2   1   0       0.94738505  p_z
   19   2   1   1       0.96573832  p_x
   20   1   0   0       1.23630453  s
   20   2   1  -1       1.01910452  p_y
   20   2   1   0       0.94328439  p_z
   20   2   1   1       0.96055734  p_x
   21   1   0   0       1.17924564  s
   21   2   1  -1       0.96670450  p_y
   21   2   1   0       0.90000286  p_z
   21   2   1   1       0.91054443  p_x
   22   1   0   0       0.89049900  s
   23   1   0   0       1.22692156  s
   23   2   1  -1       0.97642619  p_y
   23   2   1   0       0.96231078  p_z
   23   2   1   1       0.93747736  p_x
   24   1   0   0       0.92677716  s
   25   1   0   0       0.90784726  s
   26   1   0   0       0.89095691  s
   27   1   0   0       1.17730062  s
   27   2   1  -1       0.94467857  p_y
   27   2   1   0       0.92242491  p_z
   27   2   1   1       0.91175510  p_x
   28   1   0   0       1.23434045  s
   28   2   1  -1       0.98474973  p_y
   28   2   1   0       0.93218146  p_z
   28   2   1   1       0.95003849  p_x
   29   1   0   0       0.93201712  s
   30   1   0   0       1.22334258  s
   30   2   1  -1       0.98286259  p_y
   30   2   1   0       0.94175438  p_z
   30   2   1   1       0.95240898  p_x
   31   1   0   0       1.21782113  s
   31   2   1  -1       1.00397161  p_y
   31   2   1   0       0.93971154  p_z
   31   2   1   1       0.93135004  p_x
   32   1   0   0       0.90747268  s
   33   1   0   0       1.21328549  s
   33   2   1  -1       0.99187310  p_y
   33   2   1   0       0.93849485  p_z
   33   2   1   1       0.92971363  p_x
   34   1   0   0       0.89610483  s
   35   1   0   0       0.93543125  s
   36   1   0   0       0.95438036  s
   37   1   0   0       1.16997197  s
   37   2   1  -1       0.95486869  p_y
   37   2   1   0       0.90150571  p_z
   37   2   1   1       0.91540046  p_x
   38   1   0   0       1.24501721  s
   38   2   1  -1       1.01096654  p_y
   38   2   1   0       0.92454046  p_z
   38   2   1   1       0.95643533  p_x
   39   1   0   0       1.17145946  s
   39   2   1  -1       0.95223461  p_y
   39   2   1   0       0.91280647  p_z
   39   2   1   1       0.91241212  p_x
   40   1   0   0       1.26022423  s
   40   2   1  -1       1.00785378  p_y
   40   2   1   0       0.92042874  p_z
   40   2   1   1       0.95771202  p_x
   41   1   0   0       1.17806404  s
   41   2   1  -1       0.96193021  p_y
   41   2   1   0       0.89944002  p_z
   41   2   1   1       0.91803919  p_x
   42   1   0   0       0.89333554  s
   43   1   0   0       1.25592158  s
   43   2   1  -1       1.00868427  p_y
   43   2   1   0       0.93691485  p_z
   43   2   1   1       0.95552471  p_x
   44   1   0   0       1.24345081  s
   44   2   1  -1       1.00147062  p_y
   44   2   1   0       0.94075485  p_z
   44   2   1   1       0.95497798  p_x
   45   1   0   0       1.18735097  s
   45   2   1  -1       0.95576181  p_y
   45   2   1   0       0.90571346  p_z
   45   2   1   1       0.91407019  p_x
   46   1   0   0       0.88753868  s
   47   1   0   0       1.22706397  s
   47   2   1  -1       0.98263986  p_y
   47   2   1   0       0.93519869  p_z
   47   2   1   1       0.94915975  p_x
   48   1   0   0       1.17634963  s
   48   2   1  -1       0.96176240  p_y
   48   2   1   0       0.88912063  p_z
   48   2   1   1       0.92015292  p_x
   49   1   0   0       0.89766909  s
   50   1   0   0       0.89687438  s
   51   1   0   0       1.17544690  s
   51   2   1  -1       0.95071644  p_y
   51   2   1   0       0.90908750  p_z
   51   2   1   1       0.92304741  p_x
   52   1   0   0       1.24337000  s
   52   2   1  -1       0.99330563  p_y
   52   2   1   0       0.92703751  p_z
   52   2   1   1       0.96042655  p_x
   53   1   0   0       1.23085106  s
   53   2   1  -1       1.00122706  p_y
   53   2   1   0       0.93912266  p_z
   53   2   1   1       0.93463754  p_x
   54   1   0   0       0.89577815  s
   55   1   0   0       1.23177569  s
   55   2   1  -1       1.00926184  p_y
   55   2   1   0       0.92212282  p_z
   55   2   1   1       0.93614705  p_x
   56   1   0   0       1.23885231  s
   56   2   1  -1       1.00800642  p_y
   56   2   1   0       0.92833001  p_z
   56   2   1   1       0.97505983  p_x
   57   1   0   0       1.17507829  s
   57   2   1  -1       0.96171018  p_y
   57   2   1   0       0.89242844  p_z
   57   2   1   1       0.91538942  p_x
   58   1   0   0       0.91598523  s
   59   1   0   0       1.23580443  s
   59   2   1  -1       1.00187617  p_y
   59   2   1   0       0.93697023  p_z
   59   2   1   1       0.93175514  p_x
   60   1   0   0       0.92547499  s
   61   1   0   0       0.92799153  s
   62   1   0   0       0.88420761  s
   63   1   0   0       1.19745829  s
   63   2   1  -1       0.96331759  p_y
   63   2   1   0       0.89660322  p_z
   63   2   1   1       0.90967549  p_x
   64   1   0   0       1.24451803  s
   64   2   1  -1       1.00170493  p_y
   64   2   1   0       0.93000707  p_z
   64   2   1   1       0.95044921  p_x
   65   1   0   0       0.91697318  s
   66   1   0   0       1.25692231  s
   66   2   1  -1       0.96103657  p_y
   66   2   1   0       0.93222764  p_z
   66   2   1   1       0.94506113  p_x
   67   1   0   0       1.23751796  s
   67   2   1  -1       0.98643102  p_y
   67   2   1   0       0.94858800  p_z
   67   2   1   1       0.94605916  p_x
   68   1   0   0       0.90189594  s
   69   1   0   0       1.22621571  s
   69   2   1  -1       1.00056480  p_y
   69   2   1   0       0.93022370  p_z
   69   2   1   1       0.94275987  p_x
   70   1   0   0       0.89338895  s
   71   1   0   0       0.92044708  s
   72   1   0   0       0.90967966  s

Fermi level:                        -0.1423053950 H           -3.8723 eV
Band energy:                       -80.7196097627 H        -2196.4923 eV
TS:                                  0.0000000000 H            0.0000 eV
Band free energy (E-TS):           -80.7196097627 H        -2196.4923 eV
Extrapolated E(0K):                -80.7196097627 H        -2196.4923 eV
Input / Output electrons (q):    204.0000000000    204.0000000000

Energy H0:                         -86.5593656436 H        -2355.4002 eV
Energy SCC:                         -0.0059632968 H           -0.1623 eV
Energy 3rd:                         -0.0008888158 H           -0.0242 eV
Total Electronic energy:           -86.5662177562 H        -2355.5866 eV
Repulsive energy:                    0.8444835969 H           22.9796 eV
Total energy:                      -85.7217341593 H        -2332.6071 eV
Extrapolated to 0:                 -85.7217341593 H        -2332.6071 eV
Total Mermin free energy:          -85.7217341593 H        -2332.6071 eV
Force related energy:              -85.7217341593 H        -2332.6071 eV

Non-constrained calculation

SCC converged

Total Forces
    1      0.019608799346      0.004162209840     -0.023655113858
    2      0.008605547784      0.005868265550     -0.005575251914
    3     -0.028452583810      0.006004667271      0.003666638910
    4     -0.046310218619      0.005420131541      0.017088862613
    5      0.011740207839     -0.009381675882     -0.000815888454
    6     -0.000640639341      0.003693721188     -0.001643636300
    7      0.012555095956     -0.008662167790     -0.001796313159
    8     -0.001149597984      0.006953715554     -0.015054723476
    9      0.010834470718     -0.001058943088      0.012200492926
   10      0.019280137562     -0.004880504501     -0.001285717998
   11     -0.045739350840      0.044400983355     -0.015487371599
   12     -0.007681508005      0.000676201894     -0.002473957837
   13     -0.000527671102      0.000602945737      0.003150506961
   14     -0.001388726314      0.005432611463     -0.004762415709
   15      0.001766452133     -0.020318508707      0.035000729898
   16      0.001479012294     -0.002318366839     -0.005256552600
   17      0.013917515525     -0.030712643101      0.028976759084
   18      0.018979182667     -0.014112373286     -0.004867865933
   19      0.014458252461     -0.002144477866     -0.009519811260
   20     -0.008201005955      0.033847208808     -0.044658823750
   21     -0.016349232076      0.002435038299     -0.011685394269
   22     -0.002060659247      0.001042381379     -0.002580004490
   23     -0.019590689161     -0.011955659612      0.036564681671
   24     -0.001379709101      0.004368335218     -0.003116046835
   25      0.012568039609     -0.004939595141      0.005510015143
   26      0.026131548839     -0.017044657944      0.011032310129
   27     -0.020556622826     -0.017265730402      0.043086884185
   28     -0.004754281887      0.012413793790      0.007598924992
   29     -0.002809193428      0.011048048377     -0.012157055152
   30      0.015901560277     -0.008447623157      0.002997098426
   31     -0.017990030279      0.013163060921     -0.034871883758
   32      0.000911963717     -0.005623610189      0.009892015173
   33      0.061107683655     -0.004838972825     -0.048220668169
   34     -0.009189668729      0.006718658245      0.000937436145
   35      0.002329106860     -0.004439593602      0.018861336425
   36     -0.017207307967      0.001436534502      0.013449820927
   37     -0.003442913319     -0.007570739385      0.047021256482
   38      0.020098124312      0.010938925107     -0.046162588301
   39     -0.019043556679     -0.016383367231      0.005017870231
   40     -0.027241972481     -0.007799870553      0.007609069094
   41      0.015551743518     -0.002203846738      0.029292661984
   42     -0.013842223267      0.000889494082     -0.006598674433
   43      0.013547727829      0.015872095884     -0.034535159354
   44     -0.001450291482      0.004732757410      0.001418655207
   45      0.020295758871     -0.003491834368     -0.005476064622
   46     -0.007948999311     -0.003065338278     -0.011900856697
   47      0.012701917004      0.000294371145     -0.010149236476
   48     -0.045633122577     -0.023792666272      0.043990214592
   49      0.014110206669      0.006181878263     -0.001981941806
   50      0.008051918257     -0.000194447314     -0.003112932032
   51     -0.007077653632     -0.001909638792      0.015886853704
   52      0.055750110940      0.044920790838     -0.010831871016
   53     -0.005572768051      0.002422848482     -0.024629278375
   54     -0.000453437624      0.003900439294      0.006537528789
   55     -0.000957964170      0.002882903722     -0.034303595575
   56      0.014663618247      0.005469747950      0.036731971568
   57     -0.004563940145     -0.015276672690      0.037566657207
   58     -0.027681111481     -0.018727011771     -0.009575552882
   59      0.015027785300      0.012034954464      0.011034784689
   60     -0.007603011037     -0.004548338302     -0.005252290049
   61      0.018725224710      0.004831857830      0.016133477821
   62     -0.027167524396     -0.011563871467     -0.017410295381
   63     -0.026040829863     -0.015816242008      0.015252263805
   64     -0.065171573949     -0.028685894554     -0.020049426862
   65     -0.002167661056     -0.003915536520      0.002120948117
   66     -0.006402593216     -0.007011719271     -0.040614201459
   67      0.024240152640      0.014171521422     -0.036000241695
   68      0.023607296254      0.011574969124      0.012991875604
   69      0.033740039524      0.031353476799      0.011158766262
   70      0.021579910171      0.013862137946     -0.001786569498
   71      0.000516472062     -0.005072448866      0.021187576197
   72     -0.012811284776     -0.010484826612     -0.000907883584

Maximal derivative component:        0.651716E-01 au

Forces on external charges
     -0.000002443502     -0.000000200068     -0.000001320166
     -0.000008139761     -0.000000708046     -0.000002006228
     -0.000002021231     -0.000000468666     -0.000001760608
     -0.000004652831      0.000000299422     -0.000002526253
     -0.000004350020     -0.000001180111     -0.000000633248
      0.000009845314     -0.000000701930      0.000000325228
     -0.000007649617     -0.000003004340     -0.000005300161
     -0.000003667128     -0.000000592007     -0.000004828307
     -0.000001186582      0.000000106191     -0.000000989745
      0.000006236784     -0.000000946103      0.000001834093
     -0.000013729672     -0.000002885579      0.000002348778
     -0.000004113494     -0.000001902532     -0.000001047176
      0.000009816339      0.000003538965      0.000009170634
      0.000004018748      0.000000842724      0.000007404124
     -0.000001101137      0.000000003139     -0.000001463423
     -0.000002549834      0.000000482360     -0.000001961298
     -0.000014740683     -0.000006519424      0.000008269697
      0.000013840738     -0.000000320992     -0.000004369763
     -0.000014386329     -0.000007625154      0.000003493151
     -0.000001687499      0.000000157034     -0.000003251666
     -0.000000710930      0.000000155783     -0.000000753609
      0.000003639120     -0.000000856420      0.000001834646
     -0.000013820763     -0.000009186762      0.000012747386
      0.000012928295      0.000003804557     -0.000012088706
      0.000020460419      0.000005025748     -0.000003445051
      0.000001705102     -0.000000112397      0.000005002884
     -0.000000575172      0.000000107812     -0.000000962290
     -0.000001667122      0.000000469833     -0.000001585796
      0.000010901101      0.000006183902     -0.000025098439
     -0.000001008457      0.000000284352     -0.000002336927
     -0.000001282232      0.000000410676     -0.000001618845
      0.000002043355     -0.000000581616      0.000001319445
     -0.000000996912      0.000000343047     -0.000001947046
      0.000000781348     -0.000000269067      0.000002937866
      0.000001226736     -0.000000410126      0.000001340219
      0.000000717786     -0.000000315976      0.000001839948
     -0.000060691335      0.000039939895     -0.000001102338
     -0.000130703155      0.000014309832     -0.000020072569
     -0.000004240912      0.000066172402      0.000030984608
     -0.000158539142      0.000040982317     -0.000052369462
     -0.000053214734      0.000019576972      0.000004566636
      0.000100923125      0.000056044791      0.000040121747
      0.000048142089      0.000136754274      0.000101031080
      0.000085837035      0.000139024012      0.000074719141
     -0.000055721904      0.000041657053     -0.000008564272
      0.000133243360      0.000075258456      0.000090051505
     -0.000118559178     -0.000026582924     -0.000006041043
     -0.000014583298      0.000053717933      0.000034131450
     -0.000120455002     -0.000053013713     -0.000105190675
     -0.000124992054     -0.000051524764     -0.000057726157
      0.000006875414      0.000073195022      0.000025717538
     -0.000159249907      0.000045570944     -0.000047270308
     -0.000131483520     -0.000014195631     -0.000002775058
      0.000074426290      0.000076931852      0.000020952191
      0.000000604130      0.000083742613      0.000111384258
      0.000117560264      0.000138921586      0.000055482438
     -0.000045577517      0.000042624823     -0.000016924530
      0.000148951537      0.000081277119      0.000070655501
     -0.000074820369      0.000055100292      0.000060221371
      0.000108740842      0.000059141287      0.000041861979
     -0.000044434238     -0.000014865692     -0.000102301759
     -0.000142708052     -0.000040056615     -0.000027394187
      0.000031087878      0.000074680279     -0.000013469740
     -0.000096603028      0.000031354994     -0.000004759640
      0.000041102234     -0.000033830405     -0.000051953167
      0.000069440705      0.000053964230     -0.000044777800
     -0.000030233117      0.000051796288     -0.000012237765
      0.000102843783      0.000029666739     -0.000007314647
      0.000025414458      0.000045271571     -0.000029970599
     -0.000076606985     -0.000001268812      0.000038090457
      0.000028914853     -0.000029948306      0.000007108564
     -0.000022296793     -0.000014583103      0.000024821046
     -0.000000617140     -0.000001453797      0.000001963611
     -0.000001872662     -0.000002368241      0.000003434961
     -0.000000033547     -0.000001149164      0.000001453267
     -0.000002655292     -0.000005883926      0.000007987078
     -0.000000517644     -0.000000658051      0.000000994480
      0.000003750898      0.000003141929     -0.000004542453
     -0.000000147197     -0.000001992831      0.000002744248
      0.000001407854     -0.000004493640      0.000004754555
     -0.000000308828     -0.000003455964      0.000004190105
      0.000007006171      0.000007820266     -0.000011433171
     -0.000001530674     -0.000001280549      0.000002056017
     -0.000000240611     -0.000000595496      0.000000894452
     -0.000000388859      0.000002268640     -0.000003193051
     -0.000002806701      0.000004434434     -0.000004522024
      0.000001024513     -0.000003245417      0.000003067467
     -0.000002925980     -0.000017274211      0.000022371697
     -0.000001187780     -0.000001032425      0.000001784626
      0.000002253479      0.000001377586     -0.000002284274
     -0.000000505495     -0.000001197169      0.000001951615
      0.000007276505     -0.000011656363      0.000006718547
      0.000002161905     -0.000011626914      0.000013815364
      0.000015312856      0.000023484519     -0.000037114776
     -0.000000758730     -0.000001014874      0.000001766435
      0.000001262620      0.000000844469     -0.000001475893
      0.000000249961      0.000001211669     -0.000002031848
     -0.000009367552      0.000009642643     -0.000002611031
      0.000006206285     -0.000010011058      0.000006274231
     -0.000004348000     -0.000067358363      0.000088247801
      0.000000621352      0.000000846540     -0.000001560224
      0.000038037835     -0.000041747543      0.000009927631
      0.000074335105     -0.000072231015      0.000166910816
      0.000042581021      0.000122207246     -0.000121502709
      0.000116359550     -0.000067261341      0.000075954452
     -0.000026872820      0.000022941740      0.000017786742
     -0.000223128668      0.000150998418     -0.000277984667
     -0.000221453938      0.000079158971      0.000013294640
     -0.000010399569      0.000007789032     -0.000001146646
     -0.000027316795      0.000012037405     -0.000006154737
     -0.000005453707      0.000012367563      0.000001415685
     -0.000027036124      0.000013276762     -0.000003362796
     -0.000011606769      0.000008162700     -0.000002125970
      0.000033639109     -0.000002306570      0.000010510395
     -0.000008999817      0.000041013298      0.000006721509
     -0.000005700750      0.000038722422      0.000008261837
     -0.000008124090      0.000007852203     -0.000000166335
      0.000032634773     -0.000003599798      0.000006236270
     -0.000034380683      0.000013824757     -0.000009777169
     -0.000007589021      0.000015263828      0.000001143565
     -0.000012913727     -0.000062209329     -0.000017864816
     -0.000014469827     -0.000055041379     -0.000018429011
     -0.000004755936      0.000014458624      0.000002036811
     -0.000020520656      0.000016356642     -0.000001955937
     -0.000041108959      0.000028272432     -0.000006851804
      0.000032448689     -0.000000620377      0.000013836636
     -0.000013161836      0.000055953850      0.000010714979
     -0.000001265798      0.000042262688      0.000005580353
     -0.000005618591      0.000008838265     -0.000001121332
      0.000026456443     -0.000008563369      0.000003394063
     -0.000029465354      0.000054006289      0.000007742590
      0.000040780545     -0.000018964877      0.000009674746
     -0.000012375340     -0.000068416946     -0.000021694867
     -0.000020711657     -0.000058089096     -0.000013484585
     -0.000001807471      0.000014385780     -0.000000382404
     -0.000012837658      0.000016408155     -0.000004633748
      0.000022359129     -0.000063170218     -0.000019575685
      0.000005436554      0.000038557195     -0.000005529263
     -0.000007747916      0.000019510883     -0.000007130078
      0.000014867278     -0.000010640800      0.000003779239
     -0.000000696646      0.000029272315     -0.000010101347
     -0.000021727777     -0.000043197007      0.000003719388
      0.000006888872     -0.000014092354      0.000006653509
     -0.000004347885     -0.000024415339      0.000011037552
     -0.000000738673     -0.000000376880      0.000000835072
     -0.000002100164     -0.000001287870      0.000003542948
     -0.000000866237     -0.000000275895      0.000000461632
     -0.000001163248     -0.000000872268      0.000001640195
     -0.000001606004     -0.000000604307      0.000002286336
      0.000001540767      0.000001987766     -0.000004901189
     -0.000003782644     -0.000000371723      0.000000971395
     -0.000001903957     -0.000000774842      0.000000736497
     -0.000000381245     -0.000000259357      0.000000393880
      0.000001121108      0.000001234051     -0.000002391620
     -0.000004291761     -0.000003933960      0.000012246722
     -0.000002379274      0.000000032577      0.000001300641
      0.000005204988      0.000000247585      0.000001120200
      0.000002735416      0.000001077829     -0.000000366663
     -0.000000537512     -0.000000275660      0.000000312696
     -0.000000755686     -0.000000617503      0.000000924496
     -0.000010265618     -0.000009868259      0.000026391407
      0.000000948729      0.000004365780     -0.000012454928
     -0.000014418704      0.000003991115      0.000004171759
     -0.000001193779     -0.000000592751      0.000000543031
     -0.000000287459     -0.000000203517      0.000000269952
      0.000000762473      0.000000846129     -0.000001389030
     -0.000027405450     -0.000002379161      0.000024500484
      0.000001675570      0.000020420727     -0.000040902554
      0.000013537944     -0.000008251317      0.000006797354
      0.000001813479      0.000000786975     -0.000000457694
     -0.000000367606     -0.000000203584      0.000000218786
     -0.000000640691     -0.000000496761      0.000000678828
      0.000064156917      0.000007051875     -0.000047936138
     -0.000000944633     -0.000000470108      0.000000453102
     -0.000000671210     -0.000000453953      0.000000586629
      0.000000586231      0.000000565189     -0.000000829166
     -0.000000815548     -0.000000441048      0.000000491221
      0.000001214363      0.000000509513     -0.000000369437
      0.000000589420      0.000000431720     -0.000000587061
      0.000000803641      0.000000388136     -0.000000411496
      0.000001376157      0.000001984678      0.000004970939
      0.000007957585      0.000006311413      0.000014225085
      0.000000027471      0.000002441053      0.000004406292
      0.000002562894      0.000002390729      0.000009424384
      0.000004240614      0.000004461491      0.000006688768
     -0.000013928722     -0.000004791399     -0.000016953080
     -0.000000741345      0.000010692064      0.000013438909
     -0.000002085422      0.000004607589      0.000009257008
      0.000000138853      0.000000645299      0.000002769358
     -0.000005546218     -0.000001872801     -0.000011230291
      0.000020682414      0.000012791262      0.000017815528
      0.000001543267      0.000005655869      0.000006243350
      0.000005570057     -0.000014994870     -0.000015109436
      0.000004847773     -0.000006564120     -0.000010494695
     -0.000000561437      0.000001018017      0.000002963305
      0.000000254714      0.000000686799      0.000005884289
      0.000024925271      0.000020025454      0.000018789464
     -0.000027223936     -0.000006716944     -0.000015150766
      0.000003573195      0.000021503275      0.000016410623
     -0.000002102557      0.000001714941      0.000005494055
     -0.000000225505      0.000000200633      0.000001766221
     -0.000001588584     -0.000000315940     -0.000007555498
      0.000012873247      0.000026522388      0.000018461723
     -0.000032879257     -0.000015624718     -0.000015007536
      0.000002736089     -0.000023480235     -0.000014404113
      0.000004019060     -0.000002568059     -0.000006343224
     -0.000000601979      0.000000356048      0.000001744326
     -0.000000466534      0.000000147592      0.000003866444
     -0.000012236927     -0.000029357980     -0.000015992019
     -0.000001928895      0.000000685469      0.000003520750
     -0.000000875106      0.000000192731      0.000003192203
      0.000000002151      0.000000064772     -0.000004114819
     -0.000001508317      0.000000358456      0.000003108020
      0.000002865568     -0.000000939360     -0.000003613091
      0.000000733001     -0.000000057902     -0.000002820495
      0.000001661289     -0.000000278502     -0.000002538365
     -0.000001222418     -0.000000219924     -0.000000208210
     -0.000003347425     -0.000000151409      0.000000222248
     -0.000001079103     -0.000000363092     -0.000000394926
     -0.000002674187     -0.000000420927     -0.000000609292
     -0.000001527439     -0.000000002869      0.000000216485
      0.000004235686     -0.000000227109     -0.000000864675
     -0.000003425051     -0.000001213714     -0.000000999362
     -0.000002439454     -0.000001127414     -0.000001577552
     -0.000000805826     -0.000000192404     -0.000000374592
      0.000003539073      0.000000221854      0.000000281484
     -0.000004130482      0.000000894771      0.000001568946
     -0.000001542746     -0.000000259792     -0.000000071462
      0.000004338254      0.000002302441      0.000001988049
      0.000003015797      0.000001982610      0.000002672533
     -0.000000831810     -0.000000330523     -0.000000590553
     -0.000001877120     -0.000000342153     -0.000000953957
     -0.000004976024      0.000001442696      0.000001929718
      0.000004020842     -0.000001436125     -0.000002204465
     -0.000005033068     -0.000000774254     -0.000000065406
     -0.000001605291     -0.000000784400     -0.000001687185
     -0.000000595724     -0.000000132784     -0.000000441274
      0.000002581141      0.000000233175      0.000000867297
     -0.000005808401      0.000000373778      0.000000955961
      0.000004609302     -0.000002506086     -0.000002600752
      0.000005683754      0.000001918528      0.000000923881
      0.000001888687      0.000001298718      0.000002588881
     -0.000000554332     -0.000000211080     -0.000000589053
     -0.000001468501     -0.000000211830     -0.000001070397
      0.000006307594     -0.000000559428     -0.000000901824
     -0.000001143693     -0.000000505500     -0.000001708309
     -0.000001251738     -0.000000214161     -0.000001241529
      0.000001739383      0.000000114253      0.000000928252
     -0.000001085264     -0.000000332723     -0.000001544605
      0.000001063548      0.000000694903      0.000002202997
      0.000001205007      0.000000116339      0.000001123470
      0.000000894192      0.000000289091      0.000001584160
     -0.000001023077      0.000000564774     -0.000000920201
     -0.000001498848      0.000001122587     -0.000002261396
     -0.000001026661      0.000000404093     -0.000000415624
     -0.000003579482      0.000002112094     -0.000003494641
     -0.000000477419      0.000000342029     -0.000000642445
      0.000001227921     -0.000001519332      0.000003711397
     -0.000002053383      0.000000794654     -0.000000837529
     -0.000004041516      0.000001197653     -0.000000251545
     -0.000002185225      0.000001025971     -0.000000906697
      0.000003545680     -0.000003007271      0.000006694959
     -0.000000753734      0.000000786967     -0.000001624027
     -0.000000565473      0.000000282695     -0.000000408912
      0.000002844831     -0.000000834116      0.000000428805
      0.000004801215     -0.000001011737     -0.000000778464
     -0.000002342008      0.000000750265     -0.000000002521
     -0.000009638544      0.000005552637     -0.000003305721
     -0.000000733053      0.000000687413     -0.000001304931
      0.000000459151     -0.000000918365      0.000002130791
     -0.000001273442      0.000000623222     -0.000000855089
     -0.000007527351      0.000001823668      0.000003437154
     -0.000005619329      0.000003535214      0.000001679727
      0.000010646952     -0.000008354747      0.000011160894
     -0.000000961186      0.000000612339     -0.000000978969
      0.000000497055     -0.000000641033      0.000001261931
      0.000001558271     -0.000000606889      0.000000636882
      0.000008080907     -0.000000871215     -0.000005861034
     -0.000004498914      0.000001677438      0.000003070430
     -0.000021320189      0.000034153566      0.000017835623
      0.000000901671     -0.000000541520      0.000000805025
     -0.000011535875      0.000004233803      0.000019887939
     -0.000030824060      0.000058129306      0.000047163453
      0.000033896808     -0.000070370289     -0.000006764377
     -0.000014373954      0.000013490747      0.000049877024
      0.000008672965     -0.000000821738     -0.000018865834
      0.000097525212     -0.000189338496     -0.000039224350
     -0.000001040828     -0.000004392483     -0.000065113762
     -0.000000017834     -0.000000441520      0.000000817883
     -0.000000539672     -0.000001106868      0.000001681561
      0.000000240390     -0.000000308029      0.000000672026
     -0.000000366090     -0.000001079423      0.000002452121
     -0.000000140516     -0.000000369733      0.000000583504
      0.000001412245      0.000001545559     -0.000002005693
      0.000000508740     -0.000000750585      0.000001544323
      0.000001569952     -0.000000585063      0.000001832113
      0.000000260063     -0.000000088892      0.000000995561
      0.000002112529      0.000001605248     -0.000002858296
     -0.000000619193     -0.000000913829      0.000001319345
      0.000000033519     -0.000000302730      0.000000556119
     -0.000001009438      0.000000781197     -0.000001814813
     -0.000002581631      0.000000595353     -0.000001846029
      0.000000814277     -0.000000025277      0.000000825205
     -0.000000193598      0.000002456075      0.000003862845
     -0.000000506645     -0.000000810190      0.000001264491
      0.000001070178      0.000001061067     -0.000001318125
      0.000000097084     -0.000000712787      0.000001360421
      0.000003539578      0.000001559825      0.000001298038
      0.000000565952      0.000003179571      0.000001786733
      0.000004592671     -0.000003918879     -0.000006482018
     -0.000000181838     -0.000000731343      0.000001308655
      0.000000649513      0.000000748611     -0.000001114303
     -0.000000377111      0.000000702313     -0.000001473193
     -0.000005055379     -0.000002068070     -0.000000206488
      0.000001922134      0.000002176335      0.000000547336
     -0.000005468025      0.000034292188      0.000019791402
      0.000000153665      0.000000650611     -0.000001231915
      0.000007975314      0.000012174280     -0.000002670881
      0.000021147766      0.000060777775      0.000035984570
      0.000022451892     -0.000066268545     -0.000028998430
      0.000014318204      0.000034418051     -0.000003363481
     -0.000007449669     -0.000010097521      0.000005849172
     -0.000107642360     -0.000122449611     -0.000154148425
     -0.000010844758     -0.000047776789      0.000016383187
     -0.000001536258     -0.000000650061     -0.000001745646
     -0.000005343993     -0.000001904997     -0.000003369264
     -0.000001303261     -0.000000690614     -0.000002428057
     -0.000002703709     -0.000001020855     -0.000003356085
     -0.000003142983     -0.000001139845     -0.000001510344
      0.000006379143      0.000001778241      0.000002703952
     -0.000005999146     -0.000003521024     -0.000009931289
     -0.000001726093     -0.000001014571     -0.000006510789
     -0.000000635291     -0.000000244713     -0.000001228721
      0.000003737227      0.000001120197      0.000003303117
     -0.000009692961     -0.000002215496     -0.000001108481
     -0.000003752362     -0.000001849199     -0.000003143296
      0.000006950138      0.000005354412      0.000020305793
      0.000000956324      0.000000858621      0.000010882926
     -0.000000491750     -0.000000245035     -0.000001791738
     -0.000001315559     -0.000000396444     -0.000002565518
     -0.000014700528     -0.000002515062      0.000000110092
      0.000008885758      0.000001216620     -0.000000356189
     -0.000017470985     -0.000009573033     -0.000011748359
     -0.000000345800     -0.000000212693     -0.000003871895
     -0.000000323901     -0.000000079062     -0.000000949384
      0.000001921891      0.000000479024      0.000002753880
     -0.000021470915     -0.000007408324     -0.000004762170
      0.000014866297     -0.000000232013     -0.000003650106
      0.000023162087      0.000019765109      0.000025282245
     -0.000000420793     -0.000000071271      0.000005598862
     -0.000000148790     -0.000000048999     -0.000001166095
     -0.000000767683     -0.000000111815     -0.000002095999
      0.000032017916      0.000008819753      0.000003087815
      0.000000023552      0.000000053428     -0.000002736804
     -0.000000497814     -0.000000000198     -0.000002057998
      0.000001051231      0.000000147181      0.000002005768
     -0.000000142880      0.000000078188     -0.000002322525
     -0.000000567076     -0.000000214410      0.000003210823
      0.000000546356     -0.000000023016      0.000001790178
     -0.000000095961     -0.000000157345      0.000002110820
      0.000003587443     -0.000000843689      0.000002654787
      0.000011446213     -0.000002328789      0.000004394193
      0.000003761684     -0.000001101656      0.000004241286
      0.000005592214     -0.000001445101      0.000004761499
      0.000007269242     -0.000001546687      0.000001819812
     -0.000011929244      0.000002430761     -0.000002949922
      0.000019783416     -0.000004286030      0.000019038214
      0.000005871953     -0.000003187232      0.000011793435
      0.000001331883     -0.000000506063      0.000001783525
     -0.000006258345      0.000001376015     -0.000004127749
      0.000020286479     -0.000006271773     -0.000001471660
      0.000010758522     -0.000002021880      0.000004967849
     -0.000030102368      0.000008400565     -0.000044068943
     -0.000006385635      0.000006437964     -0.000021844832
      0.000001324233     -0.000000832410      0.000002862080
      0.000002313099     -0.000000898193      0.000003538796
      0.000032286440     -0.000013275085     -0.000007571341
     -0.000016659167      0.000005950020      0.000003327082
      0.000055474147     -0.000011024070      0.000015184063
      0.000001239760     -0.000001862798      0.000006197360
      0.000000506875     -0.000000313758      0.000001319004
     -0.000003217535      0.000000931120     -0.000003567041
      0.000058346745     -0.000018848041     -0.000004488150
     -0.000028341902      0.000017088607      0.000013734192
     -0.000098424989      0.000015185934     -0.000041323975
     -0.000000279984      0.000003316015     -0.000009728918
      0.000000321967     -0.000000486164      0.000001699090
      0.000000943127     -0.000000600338      0.000002783329
     -0.000087667439      0.000031366983      0.000012648962
      0.000000007742     -0.000001178778      0.000003834366
      0.000000399764     -0.000000598327      0.000002714179
     -0.000001293458      0.000000486294     -0.000002674962
     -0.000000042580     -0.000000834627      0.000003088019
      0.000000708874      0.000001765783     -0.000004871646
     -0.000000346588      0.000000467351     -0.000002338865
      0.000000417771      0.000000844496     -0.000002788318
     -0.000008779525     -0.000006837000     -0.000004398728
     -0.000021057919     -0.000009682089     -0.000006892523
     -0.000005074184     -0.000012897792     -0.000005062946
     -0.000020858591     -0.000009559154     -0.000008767524
     -0.000008578778     -0.000005990388     -0.000001686399
      0.000022697397      0.000002196127      0.000006108896
     -0.000009488420     -0.000044966284     -0.000007752911
     -0.000004062175     -0.000038119470     -0.000015537531
     -0.000006816921     -0.000005514759     -0.000003555551
      0.000024472490      0.000002692874      0.000006716505
     -0.000018358900     -0.000007471344     -0.000001513366
     -0.000006798707     -0.000012841368     -0.000000642927
     -0.000009703418      0.000063913634      0.000003224803
     -0.000017681911      0.000061354331      0.000019937560
     -0.000003929016     -0.000011348652     -0.000005289336
     -0.000018040394     -0.000011242251     -0.000006172887
     -0.000017398362     -0.000009069957      0.000002152743
      0.000017317529      0.000001341936      0.000002734922
     -0.000014890727     -0.000035042988      0.000008598533
     -0.000000627116     -0.000032110532     -0.000010730062
     -0.000005793026     -0.000006977044     -0.000002609130
      0.000023660549      0.000005067504      0.000004189058
     -0.000016867653     -0.000019253357      0.000007816334
      0.000013323954      0.000003808906     -0.000001116561
      0.000003955318      0.000049621689     -0.000016160807
     -0.000020691356      0.000042859977      0.000010283056
     -0.000002349035     -0.000011579414     -0.000003386784
     -0.000016310182     -0.000017401289     -0.000006363708
      0.000013618676      0.000017849676     -0.000011622709
      0.000004568961     -0.000037716058     -0.000008018974
     -0.000010825628     -0.000025615137     -0.000010181556
      0.000018222725      0.000011217358      0.000004207715
     -0.000000175006     -0.000037577187     -0.000012038994
     -0.000024526719      0.000046600148      0.000004287684
      0.000010979023      0.000021627176      0.000011126251
     -0.000009001546      0.000041786774      0.000016089353
      0.000037074247      0.000009884027      0.000016999000
      0.000069679498      0.000011608255      0.000025851548
      0.000043824556      0.000038522401      0.000031447171
      0.000076902521      0.000006571833      0.000026317464
      0.000032370938      0.000013081216      0.000008378551
     -0.000063513605      0.000002198763     -0.000020473704
      0.000147572958      0.000199849917      0.000111076493
      0.000115145811      0.000170853844      0.000097391749
      0.000035213870      0.000008265261      0.000011333526
     -0.000072223205      0.000012538131     -0.000018493856
      0.000056161393      0.000013656524      0.000006760946
      0.000050564516      0.000045397022      0.000011247241
     -0.000149224866     -0.000558843306     -0.000296175381
     -0.000026529718     -0.000411684793     -0.000158965049
      0.000051207190      0.000043440035      0.000025764188
      0.000080250345      0.000011988895      0.000018732721
      0.000053615691      0.000022461838     -0.000006886440
     -0.000043662704     -0.000000596545     -0.000007857618
      0.000140695068      0.000135516086     -0.000045286882
      0.000126091015      0.000201113584      0.000087032746
      0.000037299411      0.000016170764      0.000011526098
     -0.000073791458      0.000004334542     -0.000010827281
      0.000075073692      0.000051409808     -0.000031392074
     -0.000034801540     -0.000011627608      0.000006254468
     -0.000206883118     -0.000272783493      0.000187261799
     -0.000058264002     -0.000510527477     -0.000142604845
      0.000051375885      0.000051749125      0.000026307035
      0.000087095177      0.000035632835      0.000026032651
     -0.000054376192     -0.000040613463      0.000044643795
      0.000127030481      0.000254155453      0.000099264185
      0.000106062768      0.000076717856      0.000053122754
     -0.000071781639     -0.000014812144     -0.000015023850
      0.000134658995      0.000202259398      0.000095851587
      0.000003932542     -0.000485421143     -0.000129890507
     -0.000092752515     -0.000054341922     -0.000053736425
     -0.000142555690     -0.000303727640     -0.000160251030
      0.000000110833      0.000000384778     -0.000001797452
      0.000000618918      0.000000806634     -0.000003265406
     -0.000000348780      0.000000360111     -0.000001453024
      0.000001503548      0.000000884723     -0.000006482560
      0.000000062618      0.000000285426     -0.000000981473
     -0.000001936639     -0.000000959380      0.000004160710
     -0.000000930355      0.000000793440     -0.000002782964
     -0.000002047729      0.000001147092     -0.000005191754
      0.000000342857      0.000000305977     -0.000003498269
     -0.000004575020     -0.000000675255      0.000008153897
      0.000000368241      0.000000666039     -0.000002079165
     -0.000000169208      0.000000270200     -0.000000891960
      0.000001787649     -0.000000983685      0.000003260993
      0.000003898192     -0.000001495988      0.000005605945
     -0.000000823474      0.000000491617     -0.000003322601
      0.000004717336     -0.000000788291     -0.000017049662
      0.000000112422      0.000000619152     -0.000001788909
     -0.000000890191     -0.000000737814      0.000002299436
     -0.000000542826      0.000000628656     -0.000001892808
     -0.000004774916      0.000001026757     -0.000011338653
      0.000001701436     -0.000001403524     -0.000013183417
     -0.000013731280      0.000003831750      0.000022364837
     -0.000000287189      0.000000593334     -0.000001689339
     -0.000000233018     -0.000000577859      0.000001563830
      0.000000885097     -0.000000654102      0.000001896480
      0.000008223033     -0.000001632248      0.000010551469
     -0.000002540111     -0.000000525299     -0.000009251973
      0.000028437678     -0.000025003932     -0.000108880363
      0.000000324237     -0.000000536685      0.000001455671
     -0.000018360350     -0.000008977394     -0.000033427807
     -0.000023613061     -0.000084532765     -0.000206760822
     -0.000088639094      0.000054846245      0.000144681229
     -0.000042316446     -0.000047050186     -0.000081292325
      0.000021617478      0.000006273818      0.000020971964
      0.000092030163      0.000251327731      0.000444262741
      0.000058071195      0.000068589204      0.000057177884
      0.000001234912      0.000000960368      0.000001192334
      0.000003602132      0.000001982626      0.000002249604
      0.000001083975      0.000001317753      0.000001496402
      0.000002411689      0.000001727510      0.000002579122
      0.000001771557      0.000001067050      0.000000982033
     -0.000004296205     -0.000001681519     -0.000002121446
      0.000003757771      0.000005065686      0.000004667249
      0.000001965128      0.000003620997      0.000004691932
      0.000000666936      0.000000623324      0.000001063015
     -0.000002997928     -0.000001634426     -0.000002569403
      0.000004944611      0.000002136873      0.000001803050
      0.000001792432      0.000001767136      0.000001427196
     -0.000004870405     -0.000009797698     -0.000008393563
     -0.000001645242     -0.000006334486     -0.000007542684
      0.000000597746      0.000000983510      0.000001552034
      0.000001441757      0.000001188020      0.000002478160
      0.000006264482      0.000003086816      0.000002146921
     -0.000004883656     -0.000001439271     -0.000001346346
      0.000005727969      0.000006770912      0.000004348787
      0.000000770906      0.000002197730      0.000004059837
      0.000000363702      0.000000430199      0.000001003955
     -0.000002046559     -0.000001178100     -0.000002669721
      0.000007010793      0.000005679704      0.000003409415
     -0.000006321138     -0.000002157676     -0.000001529142
     -0.000006090523     -0.000011061335     -0.000006431444
     -0.000000199984     -0.000003675428     -0.000006613585
      0.000000221044      0.000000591896      0.000001307027
      0.000000765133      0.000000860731      0.000002330193
     -0.000008012060     -0.000007381405     -0.000003829460
     -0.000000018140      0.000001392696      0.000003562542
      0.000000395812      0.000000816837      0.000002512766
     -0.000001027215     -0.000000785335     -0.000002210058
      0.000000037041      0.000000993538      0.000003076232
      0.000000730467     -0.000001837104     -0.000004596970
     -0.000000335175     -0.000000660723     -0.000002260376
      0.000000307458     -0.000000856617     -0.000003036968
     -0.000000853762      0.000000840876     -0.000001446120
     -0.000004296973      0.000002391545     -0.000004355085
     -0.000000311469      0.000000917245     -0.000001500009
     -0.000001629446      0.000001445326     -0.000002438137
     -0.000002644982      0.000001538024     -0.000003020940
      0.000006429191     -0.000002302991      0.000003749558
     -0.000000693070      0.000004122276     -0.000006159907
     -0.000000051538      0.000001895232     -0.000003057752
     -0.000000284663      0.000000420262     -0.000000712335
      0.000002834238     -0.000001588248      0.000002467866
     -0.000015042608      0.000002699840     -0.000008898314
     -0.000001263517      0.000002368903     -0.000003700944
     -0.000001286028     -0.000005822030      0.000007742567
     -0.000000874981     -0.000002565619      0.000003955607
     -0.000000088959      0.000000518014     -0.000000863582
     -0.000000701228      0.000000852477     -0.000001402196
     -0.000028414392      0.000006460061     -0.000022499695
      0.000017330478     -0.000000238892      0.000002745888
     -0.000003302662      0.000013421630     -0.000017114188
      0.000000077023      0.000000991149     -0.000001610186
     -0.000000148604      0.000000277826     -0.000000452459
      0.000001298697     -0.000001023825      0.000001600664
     -0.000014966308      0.000023637961     -0.000032441166
      0.000050036983      0.000005018057      0.000022580602
     -0.000002184601     -0.000016427510      0.000016730744
     -0.000000488586     -0.000001292647      0.000002020753
     -0.000000030201      0.000000302895     -0.000000488492
     -0.000000442032      0.000000617625     -0.000000968477
      0.000010325800     -0.000049050370      0.000044216484
      0.000000069010      0.000000674048     -0.000001063210
     -0.000000262759      0.000000570528     -0.000000886857
      0.000000685806     -0.000000654757      0.000001002062
     -0.000000050962      0.000000594004     -0.000000920008
     -0.000000297934     -0.000000772535      0.000001191705
      0.000000289901     -0.000000511542      0.000000781773
     -0.000000031708     -0.000000524621      0.000000795522
     -0.000001283137      0.000000139829      0.000000407265
     -0.000002873365      0.000000761443      0.000001728831
     -0.000001536664     -0.000000015777      0.000000273021
     -0.000002676006      0.000000299796      0.000000571368
     -0.000001307117      0.000000443056      0.000001047524
      0.000003038542     -0.000001168162     -0.000002165374
     -0.000005273054     -0.000000072418      0.000001813159
     -0.000004370810     -0.000000341329     -0.000000351400
     -0.000000951730      0.000000041875     -0.000000007022
      0.000002921054     -0.000000578563     -0.000000969485
     -0.000002745439      0.000001929874      0.000003377699
     -0.000001770313      0.000000320823      0.000001258573
      0.000009149370      0.000000894916     -0.000002734546
      0.000007122295      0.000001126740      0.000001557443
     -0.000001309411     -0.000000047664     -0.000000226484
     -0.000002079669      0.000000160305     -0.000000116287
     -0.000002822723      0.000003131003      0.000005016997
      0.000002358258     -0.000002169987     -0.000003279483
     -0.000005402647      0.000001868979      0.000005860319
     -0.000002944920     -0.000000141292     -0.000001216295
     -0.000000770476      0.000000047812     -0.000000173909
      0.000002433078     -0.000000319671     -0.000000156532
     -0.000003877117      0.000003636302      0.000006974524
      0.000002027243     -0.000003661212     -0.000004692472
      0.000007930648     -0.000002019445     -0.000008800370
      0.000004349937      0.000000395553      0.000002593923
     -0.000000915535      0.000000010379     -0.000000388491
     -0.000001781609      0.000000183212     -0.000000395324
      0.000003350745     -0.000005680991     -0.000009204426
     -0.000002151067      0.000000067096     -0.000001392350
     -0.000001705080      0.000000192340     -0.000000634881
      0.000001844972     -0.000000259570      0.000000155433
     -0.000001869224      0.000000156743     -0.000001108392
      0.000002533879     -0.000000041265      0.000002235881
      0.000001520677     -0.000000214177      0.000000518269
      0.000001663247     -0.000000182832      0.000001260657
     -0.000002083357      0.000000826747      0.000000683634
     -0.000005218795      0.000002389347      0.000003237213
     -0.000002532114      0.000001100433      0.000000318483
     -0.000003762850      0.000001339244      0.000001106762
     -0.000002940064      0.000001581018      0.000002063485
      0.000005292823     -0.000002519114     -0.000004295428
     -0.000010752332      0.000005646379      0.000002117279
     -0.000006001859      0.000002539766     -0.000000751392
     -0.000001211209      0.000000410097      0.000000083253
      0.000004076904     -0.000001434128     -0.000001724070
     -0.000006527853      0.000004596067      0.000007687693
     -0.000004712469      0.000002584159      0.000001885525
      0.000018537813     -0.000011187490      0.000000068898
      0.000009202208     -0.000004506635      0.000002899692
     -0.000001595199      0.000000591908     -0.000000252484
     -0.000002451605      0.000000775163      0.000000111860
     -0.000009120096      0.000007904394      0.000012172294
      0.000004652138     -0.000004130226     -0.000008041546
     -0.000021619997      0.000014156541      0.000009695456
     -0.000003173458      0.000001235114     -0.000001263618
     -0.000000826952      0.000000268393     -0.000000128771
      0.000002900946     -0.000000898964     -0.000000643377
     -0.000018846474      0.000013672358      0.000014732328
      0.000006241344     -0.000007751903     -0.000013037403
      0.000038569992     -0.000029396003     -0.000010821689
      0.000004370856     -0.000001942025      0.000002616719
     -0.000000934910      0.000000343905     -0.000000355419
     -0.000001826223      0.000000577372     -0.000000315069
      0.000026997898     -0.000021090957     -0.000020543447
     -0.000002003085      0.000000829696     -0.000001244376
     -0.000001638994      0.000000565397     -0.000000580880
      0.000001922122     -0.000000572871      0.000000055791
     -0.000001663087      0.000000672616     -0.000001006479
      0.000002212105     -0.000001089007      0.000001994934
      0.000001458242     -0.000000495591      0.000000494898
      0.000001390404     -0.000000645430      0.000001136298
     -0.000001380157     -0.000000287044      0.000000899059
     -0.000003409278     -0.000001549613      0.000004098591
     -0.000001570009     -0.000000182899      0.000000493868
     -0.000002621891     -0.000000255849      0.000001457305
     -0.000001735291     -0.000001348868      0.000002584814
      0.000003435192      0.000001755095     -0.000005745310
     -0.000006120319     -0.000001503826      0.000002149956
     -0.000003491710      0.000000172383      0.000000143473
     -0.000000816329      0.000000018533      0.000000221946
      0.000002976308      0.000000395744     -0.000002282809
     -0.000002897965     -0.000005500035      0.000011055772
     -0.000002659188     -0.000001525752      0.000002085695
      0.000009466521      0.000001105731     -0.000000692772
      0.000004918043     -0.000000748832      0.000000861627
     -0.000001002054      0.000000101299      0.000000031952
     -0.000001710829      0.000000116420      0.000000410788
     -0.000001932271     -0.000012123350      0.000018232015
      0.000001344649      0.000004557156     -0.000012039399
     -0.000011159842     -0.000009287596      0.000008568480
     -0.000001948417      0.000000431437     -0.000000348435
     -0.000000568882      0.000000090306      0.000000018938
      0.000002147168     -0.000000054690     -0.000000894367
     -0.000008653330     -0.000018060921      0.000017375229
     -0.000004209306      0.000014087420     -0.000023691215
      0.000017836287      0.000008920089     -0.000005108994
      0.000002532266     -0.000000832457      0.000000952026
     -0.000000601122      0.000000149166     -0.000000111099
     -0.000001282520      0.000000234402      0.000000028665
      0.000012309799      0.000032062328     -0.000021908687
     -0.000001278670      0.000000469751     -0.000000493742
     -0.000001125878      0.000000295353     -0.000000164455
      0.000001434293     -0.000000186285     -0.000000256193
     -0.000001137800      0.000000408812     -0.000000396163
      0.000001366895     -0.000000673753      0.000000816096
      0.000001023454     -0.000000264952      0.000000119845
      0.000000964984     -0.000000450171      0.000000509964
     -0.000009678683     -0.000020178119     -0.000019892082
     -0.000018686173     -0.000027461624     -0.000033451781
     -0.000031087476     -0.000062671642     -0.000049248026
     -0.000011626914     -0.000019602783     -0.000022048518
     -0.000014458447     -0.000021338389     -0.000014257395
      0.000001991575      0.000004960697      0.000020245522
     -0.000145447020     -0.000318766873     -0.000185460014
     -0.000108089427     -0.000278116577     -0.000180896737
     -0.000006759145     -0.000016842398     -0.000007417400
      0.000001377364     -0.000002231048      0.000007440081
     -0.000021758513     -0.000022370967     -0.000017008955
     -0.000041638105     -0.000075177872     -0.000027783043
      0.000394024496      0.000734601111      0.000454536703
      0.000330976236      0.000550109443      0.000395440090
     -0.000021503929     -0.000072982577     -0.000034578531
     -0.000016168973     -0.000022055941      0.000004995843
     -0.000025239325     -0.000026858138     -0.000006968455
      0.000008696783      0.000004567747      0.000014727650
     -0.000136064618     -0.000219907604      0.000020439136
     -0.000080776567     -0.000308623221     -0.000096123484
     -0.000014681833     -0.000021204781      0.000002690094
      0.000008547859     -0.000000672933     -0.000014438169
     -0.000049096965     -0.000072032253      0.000016816654
      0.000012026625      0.000010038352      0.000007015435
      0.000269939645      0.000482020286     -0.000191934550
      0.000300373899      0.000673734687      0.000297800953
     -0.000028788742     -0.000081305621     -0.000010602098
     -0.000044506257     -0.000033994420      0.000013063415
      0.000028318206      0.000055900033     -0.000020976497
     -0.000168763418     -0.000358107381     -0.000049698233
     -0.000087115315     -0.000067799093     -0.000008700330
      0.000029912195      0.000008684172     -0.000018299786
     -0.000168357010     -0.000242221719     -0.000060138442
      0.000431978784      0.000616104914      0.000170937310
      0.000075807816      0.000035057571      0.000013183784
      0.000240290913      0.000376216286      0.000174864074
     -0.000002133696     -0.000000542523      0.000001870339
     -0.000004163400     -0.000001052589      0.000002578658
     -0.000001381769     -0.000000370449      0.000002116325
     -0.000008903727     -0.000001973308      0.000006087667
     -0.000001166546     -0.000000304369      0.000000865785
      0.000005988836      0.000001408924     -0.000002108988
     -0.000002412021     -0.000000743929      0.000004127321
     -0.000004076539     -0.000000825721      0.000009399575
     -0.000004515923     -0.000000703766      0.000004315263
      0.000012560659      0.000002425834     -0.000004150927
     -0.000002649600     -0.000000596648      0.000001358291
     -0.000000882447     -0.000000256385      0.000001073325
      0.000002168314      0.000000712997     -0.000005549455
      0.000002806196      0.000000300181     -0.000012561822
     -0.000003039356     -0.000000315473      0.000005724388
     -0.000024694725     -0.000002979747      0.000016801872
     -0.000002170647     -0.000000467004      0.000001340433
      0.000003269341      0.000000615841     -0.000000909885
     -0.000001764422     -0.000000537835      0.000002395659
     -0.000006201594      0.000001389663      0.000023751163
     -0.000013942729      0.000000169632      0.000017300620
      0.000037263321      0.000005158107     -0.000006942523
     -0.000001810648     -0.000000476142      0.000001758741
      0.000001994514      0.000000377281     -0.000000942178
      0.000001525397      0.000000513542     -0.000002858923
      0.000000884444     -0.000002850701     -0.000028187060
     -0.000004961262      0.000001973416      0.000017682179
     -0.000109189534      0.000005526658      0.000115728136
      0.000001517054      0.000000383120     -0.000001570598
      0.000001137444      0.000021277653      0.000069297191
     -0.000064929421      0.000120401300      0.000267285084
      0.000193767407      0.000044751801     -0.000022567536
      0.000017155751      0.000069667297      0.000139993964
     -0.000010973773     -0.000018638136     -0.000053105712
      0.000071496822     -0.000409907087     -0.000492130595
     -0.000056454056     -0.000089501061     -0.000122933705
      0.000001728696      0.000000109452      0.000001139491
      0.000003222857      0.000000534364      0.000003464019
      0.000001438321     -0.000000119699      0.000000544539
      0.000005660653      0.000000789807      0.000003534997
      0.000000975801      0.000000086395      0.000001134692
     -0.000004222999     -0.000001498909     -0.000005947845
      0.000003040393     -0.000000323079      0.000001352854
      0.000004571233     -0.000000798590      0.000000404280
      0.000002452662      0.000000026840      0.000000780633
     -0.000007181865     -0.000002545598     -0.000006518060
      0.000001814811      0.000000348606      0.000003243707
      0.000000952826     -0.000000048243      0.000000751413
     -0.000003778969      0.000000614668     -0.000000908049
     -0.000005197294      0.000001324007      0.000000598976
      0.000002279931     -0.000000388400      0.000000116089
      0.000008233098      0.000000466920      0.000002272312
      0.000001452399      0.000000166158      0.000002771181
     -0.000001736976     -0.000000796501     -0.000004436084
      0.000002048662     -0.000000175343      0.000001782972
      0.000005672808     -0.000001975689     -0.000001460190
      0.000003438771     -0.000000459022      0.000000077752
     -0.000011716504     -0.000003110278     -0.000005428288
      0.000001606657     -0.000000062859      0.000002121635
     -0.000000981138     -0.000000250598     -0.000002866283
     -0.000002256184      0.000000299720     -0.000001469204
     -0.000005862824      0.000002887245      0.000003193455
      0.000002775937     -0.000001064082     -0.000000756187
      0.000011745296     -0.000001327890      0.000000233317
     -0.000001365692      0.000000097868     -0.000001867412
      0.000006841656     -0.000004947595     -0.000004371156
      0.000011751917     -0.000004645821     -0.000002383001
     -0.000014295623     -0.000001507516     -0.000002543894
      0.000008608824     -0.000006886687     -0.000005027394
     -0.000005320019      0.000005921820      0.000006309065
     -0.000013351360      0.000005021769      0.000002005578
     -0.000006750262      0.000009372060      0.000006938030
     -0.000063774027     -0.000025846157     -0.000031446366
     -0.000155653093     -0.000000393332     -0.000036953080
     -0.000016368083     -0.000074041894     -0.000028099660
     -0.000159039326      0.000009548615     -0.000058567060
     -0.000072623914     -0.000018083018     -0.000011078650
      0.000134235471     -0.000091139737      0.000006667888
      0.000033686120     -0.000207363810     -0.000006971482
      0.000030921480     -0.000212325285     -0.000043111004
     -0.000062225178     -0.000020851753     -0.000029117677
      0.000135936619     -0.000087466345      0.000026750822
     -0.000164144410      0.000071793280     -0.000014408092
     -0.000028516586     -0.000073327996     -0.000001675010
     -0.000116055466      0.000162402289     -0.000047451253
     -0.000158580869      0.000190073427     -0.000022344212
     -0.000023801792     -0.000081774859     -0.000031729803
     -0.000170461771      0.000000572884     -0.000063755352
     -0.000157665456      0.000030366274     -0.000034893315
      0.000105243818     -0.000154540670     -0.000011376189
     -0.000026814176     -0.000176275350      0.000033932137
      0.000040013611     -0.000206333877     -0.000054727293
     -0.000065758819     -0.000035074979     -0.000039192719
      0.000160522012     -0.000107632839      0.000029861054
     -0.000114519920     -0.000104936663      0.000014833226
      0.000103283924     -0.000077909357      0.000054877555
     -0.000047978582      0.000126787245     -0.000076479425
     -0.000149627393      0.000180656859      0.000007340781
     -0.000003645964     -0.000081997566     -0.000037139627
     -0.000177939815     -0.000004942709     -0.000090051008
      0.000069550403      0.000071670758     -0.000034365302
      0.000100808652     -0.000170552314     -0.000089086716
     -0.000135699584     -0.000060373172     -0.000137087937
      0.000153944121     -0.000097257156      0.000025306663
      0.000035826537     -0.000134015919     -0.000159921908
     -0.000138569525      0.000095887150      0.000049243511
      0.000146705275      0.000005574294      0.000067871414
     -0.000044109641      0.000057505963      0.000115762394
      0.000001430602     -0.000000500773      0.000000355460
      0.000002564645     -0.000001374777      0.000001863546
      0.000001050604     -0.000000159944      0.000000016140
      0.000005659842     -0.000002136120      0.000000331688
      0.000000672143     -0.000000367396      0.000000632008
     -0.000003350160      0.000002675032     -0.000003905920
      0.000002050701     -0.000000311954      0.000000471625
      0.000003293615      0.000000138174     -0.000001344669
      0.000002323529     -0.000000549713     -0.000001066912
     -0.000009217373      0.000004756028     -0.000003164688
      0.000001156071     -0.000001019996      0.000001980709
      0.000000620253     -0.000000200770      0.000000379796
     -0.000002389342      0.000000074966     -0.000000335218
     -0.000003577741     -0.000000736012      0.000001803207
      0.000001727498      0.000000045465     -0.000001306597
      0.000009820285     -0.000003383007     -0.000007456132
      0.000000894587     -0.000000789498      0.000001709993
     -0.000001015029      0.000001437905     -0.000002802723
      0.000001290632     -0.000000428025      0.000000995730
      0.000003635718      0.000001160039     -0.000006176851
      0.000002877242     -0.000000932639     -0.000005885523
     -0.000020418118      0.000009608465      0.000005574788
      0.000001006852     -0.000000541834      0.000001274871
     -0.000000570866      0.000000785754     -0.000001773200
     -0.000001422196      0.000000292657     -0.000000817987
     -0.000003457382     -0.000002336929      0.000006533761
      0.000001328778      0.000000463897     -0.000004553052
      0.000008388043     -0.000008600294     -0.000030120344
     -0.000000842513      0.000000461543     -0.000001173955
     -0.000000474950      0.000003035818     -0.000016243063
     -0.000004187730     -0.000007411344     -0.000041056204
     -0.000024157653      0.000019836425      0.000035045452
     -0.000005978570      0.000001667170     -0.000027690942
      0.000000662391     -0.000004065672      0.000013507664
      0.000012576170      0.000018562589      0.000058666551
      0.000011162267     -0.000002480037      0.000027964535
      0.000006018784     -0.000000762532      0.000001381403
      0.000012596561     -0.000004475272      0.000002782692
      0.000005559441      0.000002030479      0.000001359833
      0.000015417942     -0.000006130372      0.000003105083
      0.000004722615     -0.000000459544      0.000000746499
     -0.000013391678      0.000011952988     -0.000003608412
      0.000012188146      0.000007138419      0.000001799516
      0.000015354311      0.000009554128      0.000005052172
      0.000006477120     -0.000000968084      0.000001389850
     -0.000015907210      0.000014500902     -0.000002066063
      0.000009963951     -0.000002896012      0.000001651929
      0.000004467078      0.000001647020      0.000000345663
     -0.000012733419     -0.000013983235     -0.000001565121
     -0.000015086022     -0.000019417693     -0.000006219823
      0.000006800885      0.000002374256      0.000002145962
      0.000018074036     -0.000006358661      0.000001999552
      0.000009608339     -0.000000746679      0.000000550504
     -0.000008836024      0.000006588874     -0.000002615791
      0.000010415369      0.000005760912     -0.000000714848
      0.000015822817      0.000010765648      0.000006098198
      0.000007754264     -0.000000259007      0.000001193924
     -0.000020619131      0.000016595907      0.000000831566
      0.000010219076      0.000003156899     -0.000000975473
     -0.000008212245      0.000001533821     -0.000000586405
     -0.000009472316     -0.000009262325      0.000001742715
     -0.000013898000     -0.000021035923     -0.000007871673
      0.000007268106      0.000003377754      0.000002260059
      0.000021983220     -0.000003055689      0.000001347667
     -0.000008875045     -0.000003766662      0.000001930249
      0.000016430488      0.000015147773      0.000006959833
      0.000022965510      0.000004381375      0.000004215715
     -0.000022510356      0.000011629572      0.000002707544
      0.000019872618      0.000013838990      0.000007405899
     -0.000011098525     -0.000021605426     -0.000007509032
     -0.000023328821     -0.000002199830     -0.000003295797
     -0.000015657884     -0.000017558093     -0.000008635065
      0.000000229083     -0.000000216654      0.000000794136
      0.000000170932     -0.000000599633      0.000001633681
      0.000000285435     -0.000000148621      0.000000594899
      0.000000799669     -0.000000546456      0.000002831952
      0.000000055882     -0.000000210958      0.000000508082
      0.000000063995      0.000000909188     -0.000002294395
      0.000000564625     -0.000000382205      0.000001230963
      0.000001291311     -0.000000269740      0.000001827061
      0.000000625980     -0.000000097559      0.000001217368
     -0.000000439977      0.000000833288     -0.000004155221
     -0.000000048468     -0.000000574759      0.000001195276
      0.000000121312     -0.000000169275      0.000000437550
     -0.000000861977      0.000000386050     -0.000001389588
     -0.000001723680      0.000000221865     -0.000001942760
      0.000000753198     -0.000000072871      0.000001014425
      0.000002846012      0.000000100798      0.000005322208
     -0.000000037452     -0.000000530574      0.000001063081
      0.000000256732      0.000000741540     -0.000001427556
      0.000000253079     -0.000000430227      0.000001004027
      0.000002759426      0.000000204389      0.000002638249
      0.000001984304      0.000000183253      0.000002471748
     -0.000002807446     -0.000000160033     -0.000009237044
      0.000000107095     -0.000000461152      0.000000973938
      0.000000150681      0.000000533122     -0.000001001906
     -0.000000368704      0.000000442888     -0.000001053887
     -0.000003265387     -0.000000331231     -0.000002566508
      0.000001745427      0.000000189824      0.000001588899
      0.000010737780      0.000001186704      0.000012281475
     -0.000000075890      0.000000433640     -0.000000884700
      0.000006130489      0.000001239286      0.000003885320
      0.000016148907      0.000002779136      0.000011544782
     -0.000013425223     -0.000001660629     -0.000022164433
      0.000010872529      0.000002543054      0.000006050011
     -0.000005743037     -0.000000987849     -0.000003230417
     -0.000028200949     -0.000001939945     -0.000018416036
     -0.000011486182     -0.000002921745     -0.000004927985
      0.000034874598     -0.000098553221     -0.000024058219
      0.000144864166     -0.000226690190     -0.000069803475
     -0.000025295898     -0.000093355318     -0.000041232441
      0.000100942882     -0.000235412145     -0.000040103875
      0.000050474356     -0.000082756506     -0.000045086047
     -0.000376351599      0.000316446997      0.000021920307
     -0.000127154003     -0.000185582741     -0.000167490597
     -0.000144575828     -0.000212681273     -0.000112176261
      0.000022289137     -0.000089630116     -0.000003985258
     -0.000286410328      0.000351344633      0.000030189765
      0.000190748216     -0.000158481735     -0.000102814133
     -0.000007718110     -0.000079026609     -0.000068256145
      0.000219646595      0.000075189558      0.000178783782
      0.000231665468      0.000120867941      0.000113764517
     -0.000030585925     -0.000106442714     -0.000023927165
      0.000087631718     -0.000222963320      0.000034189375
      0.000184170780     -0.000114846975     -0.000094534822
     -0.000353654599      0.000160515454      0.000043852827
     -0.000047358761     -0.000132598381     -0.000180670945
     -0.000138478711     -0.000206759201     -0.000032338447
      0.000025026838     -0.000075739565      0.000029488834
     -0.000276888904      0.000302697113     -0.000089457207
      0.000063544905     -0.000144452434     -0.000157344395
     -0.000216006241      0.000062213168      0.000013660745
      0.000091139279      0.000051209398      0.000152888029
      0.000208600856      0.000131399204      0.000027497983
     -0.000030087805     -0.000088048480      0.000020094667
      0.000127913215     -0.000108874997      0.000063815944
     -0.000030941903      0.000098311569      0.000138740890
     -0.000075625116     -0.000117815905      0.000072065656
      0.000064422359     -0.000086815072      0.000044555092
     -0.000245498294      0.000082308144     -0.000005069986
     -0.000010061278     -0.000085553841      0.000060348686
      0.000103968486      0.000072924776     -0.000057063679
     -0.000063651424      0.000051496171     -0.000019647845
      0.000012645229      0.000047021199     -0.000046580956
      0.000000645830      0.000000733265     -0.000002624549
      0.000001156364      0.000002674253     -0.000008137073
      0.000001016069      0.000000966097     -0.000002512545
      0.000000983728      0.000000805293     -0.000005144540
     -0.000000391464      0.000004068387     -0.000005747584
     -0.000000482177      0.000000314635      0.000011944109
      0.000004179760      0.000004446279     -0.000012721446
      0.000002806876      0.000001702365     -0.000004590941
      0.000000424348      0.000000272865     -0.000001350003
     -0.000000139526     -0.000000628119      0.000007194226
     -0.000004831762      0.000022634453     -0.000022622210
      0.000000637072      0.000003005445     -0.000008936757
     -0.000008252157     -0.000003618802      0.000015870249
     -0.000004581433     -0.000002343552      0.000005519523
      0.000000740810      0.000000397713     -0.000001354705
      0.000000619214      0.000000549511     -0.000002985279
     -0.000053517268      0.000019140740     -0.000111704149
     -0.000001753144     -0.000000111283      0.000015636117
      0.000006180585     -0.000002459404     -0.000052740820
      0.000001614996      0.000000741265     -0.000002413150
      0.000000277186      0.000000193819     -0.000000878770
     -0.000000180059     -0.000000721620      0.000004222830
     -0.000010598207     -0.000035053997     -0.000124379694
      0.000183111687     -0.000013925572      0.000113707428
     -0.000019164393      0.000007950813      0.000045656453
     -0.000002497574     -0.000001055201      0.000002818982
      0.000000443483      0.000000215654     -0.000000806831
      0.000000465740      0.000000483070     -0.000002042066
     -0.000014715728      0.000114267788      0.000145548972
      0.000001096259      0.000000492308     -0.000001680406
      0.000000567227      0.000000449927     -0.000001721916
     -0.000000215543     -0.000000588304      0.000002461044
      0.000000853367      0.000000447475     -0.000001568884
     -0.000001479729     -0.000000591315      0.000001684148
     -0.000000386994     -0.000000442056      0.000001619145
     -0.000000832358     -0.000000405287      0.000001297893
     -0.000000411785     -0.000001139616     -0.000001744269
     -0.000002309301     -0.000003776768     -0.000004748261
     -0.000000006194     -0.000001038929     -0.000001443085
     -0.000000935909     -0.000001925556     -0.000003829851
     -0.000001053248     -0.000002046835     -0.000001969476
      0.000004575487      0.000004575855      0.000006178456
      0.000000126559     -0.000003760931     -0.000004046948
      0.000000471700     -0.000001995295     -0.000003303688
     -0.000000096438     -0.000000485400     -0.000001139353
      0.000002013485      0.000002306869      0.000005067726
     -0.000005137503     -0.000006102453     -0.000004764632
     -0.000000324685     -0.000001934560     -0.000001728867
     -0.000001156718      0.000004591541      0.000004729214
     -0.000001147998      0.000002431123      0.000003831766
      0.000000113900     -0.000000552659     -0.000001175502
     -0.000000301366     -0.000000863321     -0.000002610942
     -0.000005615623     -0.000007712596     -0.000004728763
      0.000007713365      0.000005765486      0.000004493956
     -0.000000793295     -0.000006564430     -0.000004573188
      0.000000505008     -0.000000932978     -0.000002359586
     -0.000000005032     -0.000000234408     -0.000000845265
      0.000000860036      0.000001042266      0.000003605694
     -0.000002827083     -0.000008227106     -0.000004864755
      0.000007868426      0.000007506661      0.000003913340
     -0.000000531118      0.000006623573      0.000004411186
     -0.000001019250      0.000001244810      0.000002906326
      0.000000126527     -0.000000253384     -0.000000815493
     -0.000000081463     -0.000000416432     -0.000002072454
      0.000002550177      0.000008750466      0.000004416068
      0.000000468317     -0.000000475836     -0.000001824510
      0.000000114922     -0.000000303561     -0.000001860796
      0.000000357357      0.000000413903      0.000002410883
      0.000000354326     -0.000000334781     -0.000001761377
     -0.000000719715      0.000000543822      0.000001926887
     -0.000000042781      0.000000204306      0.000001729171
     -0.000000391706      0.000000257851      0.000001537990
     -0.000001228953      0.000000967183      0.000001077513
     -0.000002947969      0.000001630452      0.000001975576
     -0.000000723389      0.000000852618      0.000001049919
     -0.000004329162      0.000003344405      0.000002830540
     -0.000000911278      0.000000488190      0.000000723113
      0.000004690691     -0.000001930149     -0.000001954330
     -0.000001466401      0.000001670004      0.000002416376
     -0.000001643814      0.000003133842      0.000003419999
     -0.000001506473      0.000001671513      0.000001276700
      0.000007415820     -0.000004196599     -0.000002900115
     -0.000002355595      0.000000899335      0.000001458627
     -0.000000628592      0.000000485732      0.000000788926
      0.000001263642     -0.000002084389     -0.000003179236
      0.000001103210     -0.000003633614     -0.000004228051
     -0.000000930401      0.000001684134      0.000001459287
     -0.000005789008      0.000006166332      0.000003368644
     -0.000001932597      0.000000735265      0.000001441544
      0.000003037187     -0.000000867360     -0.000001154177
     -0.000001345675      0.000001007522      0.000001924426
     -0.000001634113      0.000005061451      0.000003835332
     -0.000001974753      0.000002929901      0.000001392046
      0.000010545073     -0.000007737981     -0.000003059913
     -0.000001509377      0.000000794416      0.000001658423
      0.000001888978     -0.000000554013     -0.000001138655
      0.000001121708     -0.000001151493     -0.000002266286
      0.000000696175     -0.000005840553     -0.000004776244
     -0.000000960380      0.000002685097      0.000001593462
     -0.000007690286      0.000009650592      0.000002692511
      0.000001283332     -0.000000660088     -0.000001514551
     -0.000001327962      0.000008225561      0.000004367074
     -0.000006506334      0.000011735978      0.000003162942
      0.000012234422     -0.000009868521     -0.000000782872
     -0.000002486237      0.000010942838      0.000004322611
     -0.000000200401     -0.000008194601     -0.000004898002
      0.000008875522     -0.000012791801     -0.000001806790
      0.000000790724     -0.000010930067     -0.000004175821
      0.000027228535     -0.000000977348      0.000006638654
      0.000052498770      0.000004817908      0.000019877412
      0.000034519605     -0.000018897021      0.000004687740
      0.000057758638      0.000003040185      0.000008129434
      0.000027122435     -0.000005783940      0.000009370577
     -0.000045449689     -0.000015014292     -0.000018357201
      0.000103983928     -0.000105684698      0.000029065219
      0.000109684176     -0.000099160711     -0.000019168522
      0.000029064457     -0.000004934538      0.000000773980
     -0.000050403888     -0.000010990449     -0.000008716816
      0.000056872255     -0.000005989849      0.000014717189
      0.000041700246     -0.000030611314      0.000012712612
     -0.000157490755      0.000299679335     -0.000041471865
     -0.000078792244      0.000274157819      0.000097092995
      0.000049177984     -0.000028452224     -0.000006634983
      0.000069954112     -0.000008548878      0.000005180742
      0.000079860411     -0.000015135705      0.000003427308
     -0.000039934766     -0.000002317687     -0.000011495782
      0.000187493014     -0.000182982589      0.000014311727
      0.000154944725     -0.000154717449     -0.000053256945
      0.000036216319     -0.000015466590      0.000003691703
     -0.000060328869     -0.000005872553     -0.000007443984
      0.000162349694     -0.000073372602     -0.000021034235
     -0.000056589490      0.000001091170      0.000000778770
     -0.000271438640      0.000526422187      0.000014209942
     -0.000181140213      0.000401163778      0.000173346651
      0.000064540838     -0.000055791903     -0.000007739445
      0.000070825901     -0.000030102843      0.000023939738
     -0.000184856953      0.000054503467      0.000079171308
      0.000195167956     -0.000337191081      0.000001573608
      0.000071719478     -0.000058414421      0.000052706196
     -0.000052423069      0.000010678816     -0.000016567960
      0.000095701799     -0.000181535967      0.000097282354
     -0.000236933118      0.000801332326      0.000185234567
     -0.000043611381      0.000032153984     -0.000047168708
     -0.000032986024      0.000179780563     -0.000170753498
      0.000000819504      0.000000571678     -0.000002178027
      0.000001131873      0.000002578455     -0.000008802845
      0.000001362059      0.000000200593     -0.000001540021
      0.000000981969      0.000001265652     -0.000003738969
      0.000001627090      0.000001323159     -0.000006058130
      0.000002111636     -0.000004079521      0.000010770579
      0.000006886564     -0.000000386739     -0.000005048436
      0.000003020524      0.000000324039     -0.000002359296
      0.000000393144      0.000000298570     -0.000000892384
     -0.000000026729     -0.000002014211      0.000004908897
     -0.000003295195      0.000007592003     -0.000030061427
      0.000004088974     -0.000000065522     -0.000004337917
     -0.000009917452      0.000001691796      0.000002412358
     -0.000004408942     -0.000000028359      0.000001713525
      0.000000712900      0.000000213403     -0.000000813420
      0.000000565254      0.000000741936     -0.000001872187
      0.000009465599      0.000010039362     -0.000067737760
      0.000016940910     -0.000006626919      0.000025438949
      0.000024584093     -0.000005037876     -0.000014381492
      0.000001466018      0.000000403159     -0.000001322197
      0.000000227877      0.000000216842     -0.000000534835
     -0.000000178516     -0.000001141656      0.000002573335
      0.000043632378     -0.000004132999     -0.000037738823
      0.000039845046     -0.000016204045      0.000157774946
     -0.000028147389      0.000011361350      0.000000139248
     -0.000002324765     -0.000000358896      0.000001224695
      0.000000382278      0.000000174345     -0.000000468819
      0.000000341840      0.000000557353     -0.000001230298
     -0.000065710203      0.000011075018      0.000030641745
      0.000000914765      0.000000383743     -0.000000921288
      0.000000423915      0.000000476621     -0.000001016794
     -0.000000107204     -0.000000694968      0.000001432553
      0.000000666917      0.000000411036     -0.000000901802
     -0.000001244401     -0.000000351967      0.000000796818
     -0.000000289899     -0.000000467206      0.000000937093
     -0.000000636931     -0.000000359261      0.000000740426
     -0.000002268828      0.000007589890      0.000001492851
     -0.000012382245      0.000022942364      0.000005703163
     -0.000000698397      0.000004423804      0.000001202873
     -0.000007806782      0.000020402445      0.000000549886
     -0.000004432022      0.000007450270      0.000003375431
      0.000034026447     -0.000037488676     -0.000002994927
     -0.000002304856      0.000010205111      0.000004640475
     -0.000000519089      0.000009687998      0.000001558391
     -0.000001247563      0.000005205129     -0.000000308003
      0.000024639869     -0.000031903571      0.000003028087
     -0.000021860363      0.000018492685      0.000010121367
     -0.000001918844      0.000004679199      0.000002740226
      0.000001770577     -0.000010239085     -0.000005221316
      0.000000133410     -0.000009851000     -0.000001884845
     -0.000000265095      0.000004056290     -0.000000006301
     -0.000004981613      0.000012512995     -0.000002842420
     -0.000020323259      0.000011951394      0.000010779335
      0.000040911282     -0.000023378101     -0.000008257726
     -0.000006135764      0.000009309157      0.000007874042
     -0.000000054504      0.000007439712     -0.000000892486
     -0.000001037215      0.000003187105     -0.000001057141
      0.000014533415     -0.000019266756      0.000005751959
     -0.000010910405      0.000009213206      0.000010076553
      0.000027383611     -0.000005966629     -0.000008097302
      0.000004892247     -0.000007670684     -0.000007150548
     -0.000000454319     -0.000008082649      0.000000712255
     -0.000000269199      0.000002679680     -0.000000751576
     -0.000004084305      0.000006627094     -0.000003125245
      0.000010991712     -0.000006101037     -0.000009161489
     -0.000000467349      0.000005272819     -0.000002084996
     -0.000002755673      0.000004804320     -0.000002767614
      0.000008057892     -0.000007586021      0.000003681559
     -0.000001395280      0.000004478348     -0.000002390753
     -0.000000133377     -0.000005345302      0.000001917815
      0.000003152581     -0.000003629555      0.000002470597
      0.000001214617     -0.000003562336      0.000002107207
     -0.000000822398     -0.000000478860      0.000000044020
     -0.000001712817     -0.000000769129      0.000000023648
     -0.000000674173     -0.000000532056      0.000000263850
     -0.000002531216     -0.000001462187     -0.000000553588
     -0.000000563266     -0.000000264317      0.000000105538
      0.000002220318      0.000000741884      0.000000342782
     -0.000001417938     -0.000001117977      0.000000883015
     -0.000002048564     -0.000002188039      0.000001060577
     -0.000001051105     -0.000000865634     -0.000000302049
      0.000003275482      0.000001434762      0.000001423498
     -0.000001334475     -0.000000494092      0.000000144887
     -0.000000490385     -0.000000306403      0.000000239435
      0.000001582141      0.000001565865     -0.000001579782
      0.000002067228      0.000002972891     -0.000002144718
     -0.000001067058     -0.000001191823      0.000000138358
     -0.000002990770     -0.000003189287     -0.000002909919
     -0.000001200264     -0.000000469089      0.000000288784
      0.000001539246      0.000000428812      0.000000088311
     -0.000001098381     -0.000000698774      0.000000714035
     -0.000002744748     -0.000004818062      0.000000162218
     -0.000000959237     -0.000002363999     -0.000002541052
      0.000003570065      0.000002961186      0.000004395396
     -0.000001076506     -0.000000550282      0.000000534812
      0.000001134547      0.000000364046     -0.000000174936
      0.000001071202      0.000000842802     -0.000001042123
      0.000002295806      0.000006179994     -0.000002107043
     -0.000001296276     -0.000003065832     -0.000001553916
      0.000005183070     -0.000012967738     -0.000018448336
      0.000000956064      0.000000504641     -0.000000575976
     -0.000001920408     -0.000016143227     -0.000010152569
      0.000035284427     -0.000042867127     -0.000074316993
     -0.000005004807      0.000010911198      0.000014637322
     -0.000003962510     -0.000047157033     -0.000052479167
     -0.000002008508      0.000016348830      0.000005515451
     -0.000152779061      0.000077573142      0.000122102140
     -0.000032466994      0.000104104493      0.000033011933
      0.000001290292     -0.000000335932     -0.000000499980
      0.000003145491     -0.000000758458     -0.000000198184
      0.000000868435     -0.000000220373     -0.000000433194
      0.000004288132     -0.000001433942     -0.000002609598
      0.000000948112     -0.000000208705      0.000000124129
     -0.000005222241      0.000001456044     -0.000000268471
      0.000001934105     -0.000000387590     -0.000000526324
      0.000002179043     -0.000000757015     -0.000001947564
      0.000001287597     -0.000000610842     -0.000001442630
     -0.000007792002      0.000002665564      0.000003563105
      0.000002288029     -0.000000593298      0.000001037687
      0.000000736775     -0.000000136082     -0.000000002205
     -0.000002163796      0.000000420902      0.000000741822
     -0.000002248418      0.000000831184      0.000002314884
      0.000000960470     -0.000000485964     -0.000001249359
      0.000003945834     -0.000002997300     -0.000006755715
      0.000001813894     -0.000000443199      0.000001053152
     -0.000002982702      0.000000962624     -0.000001816939
      0.000001629267     -0.000000264589      0.000000224997
      0.000001674849     -0.000001542755     -0.000003881164
      0.000000929331     -0.000001432616     -0.000003072072
     -0.000007748537      0.000005469936      0.000011612652
      0.000001571675     -0.000000286893      0.000000612312
     -0.000001616111      0.000000497232     -0.000001365761
     -0.000001623333      0.000000230203     -0.000000034095
     -0.000001662486      0.000001615223      0.000004117150
      0.000000539855     -0.000000999216     -0.000002249148
      0.000001720271     -0.000007101265     -0.000013129862
     -0.000001333463      0.000000231702     -0.000000639640
      0.000000394994     -0.000003308038     -0.000006404238
     -0.000001178125     -0.000008448882     -0.000013661913
     -0.000004523981      0.000011470016      0.000019549555
     -0.000000921017     -0.000005604933     -0.000009288596
     -0.000000076584      0.000003054235      0.000005857690
      0.000003717056      0.000012899728      0.000018450345
      0.000002060895      0.000005971372      0.000008698623
     -0.000032111708      0.000059287407     -0.000001703850
     -0.000025447075      0.000188715224      0.000005584690
     -0.000027695656      0.000023459448     -0.000007866628
     -0.000056754610      0.000204374713      0.000037947780
     -0.000016340216      0.000055356661     -0.000009182121
     -0.000138547507     -0.000295258199     -0.000074518902
     -0.000054932345      0.000043699933     -0.000028463695
     -0.000069591825      0.000040628254     -0.000011267955
     -0.000036025999      0.000050835561      0.000011691966
     -0.000115380123     -0.000291177104     -0.000120745421
      0.000013543509      0.000185310187      0.000001558573
     -0.000019897673      0.000023561247     -0.000014152411
      0.000051489097     -0.000031249390      0.000030192346
      0.000069268539     -0.000025655761      0.000015163559
     -0.000034108717      0.000022387480      0.000001563088
     -0.000087066695      0.000206365760      0.000086703992
     -0.000008265681      0.000132236268     -0.000017320869
     -0.000213491710     -0.000254221614     -0.000079421859
     -0.000036149217      0.000042273223     -0.000038666181
     -0.000068972977      0.000029478255      0.000012316156
     -0.000028229239      0.000040068908      0.000028674570
     -0.000158296651     -0.000462117006     -0.000270316986
     -0.000023194408      0.000059289417     -0.000035992146
     -0.000034248174     -0.000158429421     -0.000007169743
      0.000030510882     -0.000025492087      0.000035560422
      0.000065446040     -0.000016764542     -0.000007166501
     -0.000026145883      0.000014571592      0.000012716685
     -0.000012428379      0.000103638986      0.000080102465
      0.000012963000     -0.000037967496      0.000033707566
     -0.000040709913      0.000018045475      0.000027889975
     -0.000019211606      0.000045609357      0.000049533531
     -0.000123504252     -0.000191670906     -0.000077508754
     -0.000029752902      0.000019715093      0.000035438222
      0.000038228145     -0.000009735951     -0.000020142830
      0.000001604360     -0.000039096268     -0.000038468921
      0.000019710526     -0.000009901626     -0.000026115409
      0.000011526029     -0.000010722758      0.000001955333
      0.000025609029     -0.000034886088      0.000007071317
      0.000008494238     -0.000005171508      0.000002250948
      0.000031869463     -0.000032352650     -0.000001918843
      0.000009298615     -0.000011001434      0.000005115721
     -0.000026011062      0.000065434291     -0.000001226520
      0.000019578489     -0.000011205867      0.000009093127
      0.000021900569     -0.000009720942      0.000003127545
      0.000010670796     -0.000007481970     -0.000001552469
     -0.000041645310      0.000066332389      0.000011183737
      0.000019509524     -0.000036429516      0.000016907454
      0.000007524478     -0.000005737360      0.000004815268
     -0.000022101717      0.000009043426     -0.000011056318
     -0.000023173557      0.000008000855     -0.000004271750
      0.000009572051     -0.000004358436     -0.000000344870
      0.000028852366     -0.000022314039     -0.000011681768
      0.000014538146     -0.000026518554      0.000020479763
     -0.000014752917      0.000057936492     -0.000014879279
      0.000015913641     -0.000011659797      0.000014723809
      0.000019812817     -0.000006316704     -0.000003016368
      0.000008688343     -0.000004707227     -0.000004606678
     -0.000037761431      0.000046223534      0.000025184287
      0.000013704124     -0.000014799028      0.000018213728
     -0.000008941463      0.000030903706     -0.000023322887
     -0.000014750291      0.000008236771     -0.000014102111
     -0.000021477527      0.000004888175      0.000002177093
      0.000007393835     -0.000002387113     -0.000002701977
      0.000019146382     -0.000011644105     -0.000018089289
     -0.000009573322      0.000011535650     -0.000017321734
      0.000014418443     -0.000003101299     -0.000007070867
      0.000013642199     -0.000005962207     -0.000014811224
     -0.000019511326      0.000018572048      0.000028895761
      0.000012636857     -0.000003263355     -0.000010103118
     -0.000013970490      0.000001812264      0.000005678392
     -0.000009516846      0.000005028833      0.000015952746
     -0.000009462769      0.000001825939      0.000008641185
     -0.000000872117      0.000000029009     -0.000000446972
     -0.000001764930      0.000000010535     -0.000001053129
     -0.000000825054      0.000000123890     -0.000000197060
     -0.000002472413     -0.000000151663     -0.000001815759
     -0.000000638488      0.000000039254     -0.000000258507
      0.000002140258      0.000000141682      0.000001861220
     -0.000001906643      0.000000372364     -0.000000158913
     -0.000002781457      0.000000596324     -0.000000448154
     -0.000001125062     -0.000000022798     -0.000000693533
      0.000002835793      0.000000564924      0.000003134092
     -0.000001455076      0.000000049063     -0.000000726186
     -0.000000638768      0.000000091749     -0.000000098239
      0.000002447823     -0.000000682974     -0.000000231441
      0.000003637980     -0.000001205967     -0.000000133860
     -0.000001318249      0.000000205490     -0.000000399272
     -0.000003432285     -0.000000651629     -0.000003047415
     -0.000001393752      0.000000090349     -0.000000484481
      0.000001530716      0.000000025181      0.000001152199
     -0.000001549775      0.000000256989     -0.000000051413
     -0.000003973392      0.000000942534     -0.000000888049
     -0.000001703500     -0.000000238888     -0.000001275495
      0.000003629850      0.000001717533      0.000005159104
     -0.000001423772      0.000000173455     -0.000000172666
      0.000001252591     -0.000000061248      0.000000518444
      0.000001725488     -0.000000391056     -0.000000208997
      0.000005020319     -0.000001963538      0.000000124288
     -0.000001851133      0.000000223802     -0.000000748709
     -0.000004992183     -0.000002059302     -0.000005164874
      0.000001339966     -0.000000182561      0.000000024692
     -0.000005782735      0.000001195706     -0.000001918246
     -0.000006713601     -0.000002198129     -0.000005632340
      0.000004011159      0.000003735231      0.000006873464
     -0.000007589458      0.000000353730     -0.000003701211
      0.000006020581     -0.000002411002      0.000000917475
      0.000006779372      0.000004183312      0.000007028130
      0.000008448148     -0.000001123653      0.000003491626
      0.000000739842      0.000000237009      0.000000189436
      0.000001465243      0.000000156671      0.000000874662
      0.000000575191      0.000000204016      0.000000003841
      0.000002509560      0.000001254106      0.000000485355
      0.000000454233     -0.000000014612      0.000000312927
     -0.000001918785     -0.000000064359     -0.000001773839
      0.000001253383      0.000000259129      0.000000149470
      0.000001671085      0.000000952455     -0.000000558190
      0.000000975683      0.000000763125     -0.000000229125
     -0.000003737484     -0.000001748840     -0.000001805766
      0.000000912299     -0.000000243016      0.000001036618
      0.000000421586      0.000000018104      0.000000179166
     -0.000001547438     -0.000000356214      0.000000054220
     -0.000001878540     -0.000001183309      0.000001027291
      0.000000801327      0.000000656414     -0.000000433053
      0.000003574368      0.000003966388     -0.000001095058
      0.000000776822     -0.000000276965      0.000000960784
     -0.000000932746      0.000000415547     -0.000001490875
      0.000000957662     -0.000000040711      0.000000503675
      0.000001686715      0.000002212959     -0.000002055408
      0.000001161204      0.000002088767     -0.000001123643
     -0.000006608472     -0.000006485584     -0.000000610887
      0.000000825077     -0.000000171585      0.000000726275
     -0.000000586085      0.000000367852     -0.000001048204
     -0.000001045390     -0.000000001182     -0.000000395363
     -0.000001672725     -0.000002320808      0.000002777178
      0.000000663425      0.000001474319     -0.000001291193
      0.000003903887      0.000010458976     -0.000004696878
     -0.000000718320      0.000000184448     -0.000000697563
      0.000000451280      0.000004700350     -0.000004902735
      0.000000779326      0.000012428040     -0.000007878156
     -0.000008291097     -0.000015769285      0.000003273814
     -0.000000635492      0.000008055385     -0.000007077525
      0.000000038764     -0.000003966844      0.000005070143
      0.000000669314     -0.000018866135      0.000010368373
      0.000002507367     -0.000008202818      0.000007695009
      0.000001216057     -0.000000456136     -0.000002380525
      0.000002599149     -0.000002932562     -0.000008111364
      0.000001659445     -0.000000124196     -0.000001911310
      0.000001902724     -0.000000573606     -0.000004466608
      0.000001878193     -0.000002275164     -0.000004472463
     -0.000001125646      0.000004156477      0.000010068020
      0.000007365723     -0.000001021808     -0.000006807704
      0.000003779669      0.000000547417     -0.000003331376
      0.000000670811     -0.000000003028     -0.000001123009
     -0.000001354704      0.000001236629      0.000005943138
      0.000002925879     -0.000011507765     -0.000015406171
      0.000003415276     -0.000001764148     -0.000003992502
     -0.000011797622     -0.000000465814      0.000006905186
     -0.000005739535     -0.000001530170      0.000003183335
      0.000001005418      0.000000163815     -0.000001047674
      0.000001212672     -0.000000000136     -0.000002462904
      0.000006920710     -0.000020095216     -0.000018247148
      0.000001470665      0.000011529284      0.000015722872
      0.000015569769     -0.000008782198     -0.000012573647
      0.000002101243      0.000000561902     -0.000001690239
      0.000000456013      0.000000066875     -0.000000712965
     -0.000001074360      0.000000232426      0.000003474487
      0.000016401873     -0.000018443495     -0.000015766149
     -0.000002444309      0.000024163594      0.000017079992
     -0.000020441697      0.000005852731      0.000009440123
     -0.000002994748     -0.000001034200      0.000001547666
      0.000000597515      0.000000143344     -0.000000594632
      0.000000893188      0.000000143357     -0.000001728790
     -0.000021654750      0.000022219354      0.000012546884
      0.000001393202      0.000000394249     -0.000001122724
      0.000000908651      0.000000213840     -0.000001415310
     -0.000000736435     -0.000000071618      0.000002164753
      0.000001122242      0.000000304116     -0.000001160747
     -0.000001701306     -0.000000550918      0.000000939090
     -0.000000727097     -0.000000188396      0.000001329607
     -0.000001016415     -0.000000288534      0.000000957547
      0.000001624761      0.000000306409     -0.000000111428
      0.000005489623      0.000001199977     -0.000000598310
      0.000001435731      0.000000149564      0.000000588013
      0.000002742377      0.000000690043     -0.000001197721
      0.000003286592      0.000000818245      0.000001344862
     -0.000006321511     -0.000001693441      0.000003431640
      0.000004879737      0.000000119121      0.000005162103
      0.000002845715      0.000000244816      0.000001053708
      0.000000754040      0.000000176647     -0.000000270021
     -0.000003057769     -0.000001013208      0.000002722305
      0.000009601421      0.000005180890      0.000006080156
      0.000002897964      0.000000354460      0.000003554711
     -0.000004719295      0.000000680855     -0.000008717692
     -0.000003321870      0.000000082697     -0.000002312492
      0.000000867404      0.000000131196      0.000000005327
      0.000001452457      0.000000455722     -0.000000970541
      0.000014692354      0.000019688623      0.000025806768
     -0.000007282676     -0.000005390858     -0.000001690432
      0.000006515794     -0.000000402940      0.000028059364
      0.000001620049      0.000000251416      0.000000038416
      0.000000458668      0.000000145164     -0.000000261755
     -0.000001647705     -0.000000667560      0.000001877996
      0.000009753310      0.000013138669      0.000072470959
      0.000070537364     -0.000039324652     -0.000006511474
     -0.000000958501      0.000004502456     -0.000030787440
     -0.000002071096     -0.000000160268     -0.000000516720
      0.000000502544      0.000000117133     -0.000000108726
      0.000000947021      0.000000382695     -0.000000827310
      0.000070134969     -0.000016839452     -0.000186849666
      0.000001092145      0.000000263205     -0.000000215523
      0.000000846325      0.000000338579     -0.000000648704
     -0.000000886696     -0.000000445368      0.000001144127
      0.000000926752      0.000000293012     -0.000000398515
     -0.000001235307     -0.000000231345     -0.000000004533
     -0.000000710476     -0.000000333918      0.000000701432
     -0.000000817583     -0.000000261348      0.000000322503
      0.000005842264      0.000000159226      0.000000995422
      0.000013072004      0.000003696882      0.000003590870
      0.000005190969     -0.000002265221      0.000000291032
      0.000014565097      0.000002279607      0.000002320275
      0.000005464431      0.000000378705      0.000001304937
     -0.000014013854     -0.000010310429     -0.000005381102
      0.000013065942     -0.000008335398      0.000000198642
      0.000013118536     -0.000010312056     -0.000000719163
      0.000005586620     -0.000000839080      0.000000603680
     -0.000015857572     -0.000008114019     -0.000003227302
      0.000013064429      0.000003486157      0.000003996881
      0.000005298179     -0.000002083880      0.000000407280
     -0.000013830152      0.000016651877      0.000002164985
     -0.000011805820      0.000017465197      0.000002943131
      0.000005693210     -0.000003558138      0.000000068767
      0.000015113383     -0.000001365183      0.000002399760
      0.000014159631      0.000000557217      0.000002224677
     -0.000011629819     -0.000008197324     -0.000005626594
      0.000013642580     -0.000007928259     -0.000000832159
      0.000011814703     -0.000012811508      0.000000093711
      0.000005381570     -0.000002196466      0.000001237115
     -0.000018305134     -0.000004611429     -0.000003146941
      0.000014769860     -0.000004981742     -0.000000616892
     -0.000012323560     -0.000002364315     -0.000002339091
     -0.000011919840      0.000011791642      0.000003122352
     -0.000010613139      0.000019870938      0.000001687238
      0.000004764191     -0.000004542939      0.000000871448
      0.000012494602     -0.000004112137      0.000004469030
     -0.000013584346      0.000006073062      0.000002750903
      0.000009226534     -0.000014607210      0.000003539480
      0.000010876045     -0.000007298176      0.000005988465
     -0.000012799293      0.000000321351     -0.000004154673
      0.000009067275     -0.000012337326      0.000005933371
     -0.000006163010      0.000017818350     -0.000002590707
     -0.000009730393      0.000005614099     -0.000006598475
     -0.000005959411      0.000012840341     -0.000006856793
     -0.000000090997     -0.000000431440      0.000001064561
      0.000000302825     -0.000001249401      0.000003057483
     -0.000000199616     -0.000000506804      0.000001043234
     -0.000000367839     -0.000000731358      0.000002070286
      0.000000338409     -0.000000737410      0.000001553736
     -0.000000619503      0.000001320363     -0.000003794896
     -0.000000347895     -0.000002193486      0.000003728348
     -0.000001012987     -0.000001136582      0.000002358718
     -0.000000220192     -0.000000217821      0.000000607467
      0.000000281285      0.000000779304     -0.000002606629
      0.000001904148     -0.000002133022      0.000004614417
      0.000000224471     -0.000001005800      0.000001703007
      0.000001091484      0.000003623650     -0.000005157361
      0.000001849839      0.000001767270     -0.000003155965
     -0.000000365798     -0.000000286171      0.000000706580
     -0.000000588731     -0.000000407916      0.000001294897
      0.000003383237     -0.000003367125      0.000006048093
     -0.000002106275      0.000001854361     -0.000004648804
      0.000001590790     -0.000004484314      0.000006168324
     -0.000001074736     -0.000000510356      0.000001331843
     -0.000000273156     -0.000000122976      0.000000404652
      0.000000618162      0.000000477560     -0.000001696098
      0.000003517802     -0.000005001588      0.000007099729
     -0.000004561072      0.000003363054     -0.000006222056
     -0.000001097257      0.000006350484     -0.000007184019
      0.000001777779      0.000000741795     -0.000001764504
     -0.000000365764     -0.000000132714      0.000000405999
     -0.000000684976     -0.000000233944      0.000000912065
     -0.000005149926      0.000007136892     -0.000008122008
     -0.000001049936     -0.000000229452      0.000000811120
     -0.000000793085     -0.000000159732      0.000000753786
      0.000000651125      0.000000253771     -0.000001041967
     -0.000000951366     -0.000000150170      0.000000696645
      0.000001367969      0.000000263750     -0.000000848706
      0.000000749364      0.000000117865     -0.000000670225
      0.000000972881      0.000000074724     -0.000000526415
      0.000037031684      0.000040341669      0.000034591408
      0.000047552221      0.000153354962      0.000102540046
      0.000028038758      0.000009823530      0.000016716636
      0.000094997599      0.000189767889      0.000098185184
      0.000027487811      0.000039234393      0.000035717733
      0.000154060711     -0.000287204552     -0.000088083923
      0.000059255047      0.000009269357      0.000039016071
      0.000069559083      0.000017156777      0.000025105433
      0.000039560337      0.000042778746      0.000011717528
      0.000134709348     -0.000389988898     -0.000100528808
      0.000032310131      0.000179408739      0.000123536739
      0.000024033002      0.000008187456      0.000020922816
     -0.000057587632      0.000002814739     -0.000033988171
     -0.000064705027     -0.000005969807     -0.000020391327
      0.000033577574      0.000013824245      0.000006804342
      0.000053421018      0.000179075860     -0.000000840650
      0.000059474365      0.000093958562      0.000112662263
      0.000221052880     -0.000335802276     -0.000100394380
      0.000045834259      0.000008143205      0.000048883551
      0.000062715635      0.000021763263     -0.000002199672
      0.000020135115      0.000039612440     -0.000007134473
      0.000170204925     -0.000338002082      0.000080742398
      0.000043265218      0.000019339529      0.000066630478
     -0.000021577814     -0.000130540143     -0.000129607332
     -0.000036660288      0.000001582220     -0.000037998624
     -0.000058278834     -0.000011104374      0.000004554047
      0.000023073196      0.000014221369     -0.000005936567
     -0.000009628347      0.000100805641     -0.000024445592
     -0.000024234527     -0.000008530361     -0.000051900820
      0.000036524425      0.000019470241     -0.000020098272
      0.000011153655      0.000045705033     -0.000025289365
      0.000175164880     -0.000133390360      0.000002063969
      0.000023491894      0.000023148676     -0.000025056665
     -0.000033223967     -0.000009632292      0.000017393929
      0.000002747248     -0.000036405598      0.000018843331
     -0.000014347464     -0.000013016419      0.000021059924
     -0.000001077106      0.000000299937      0.000000393833
     -0.000002571492      0.000000581368      0.000000324330
     -0.000000770059      0.000000302258      0.000000538500
     -0.000003357448      0.000000811926      0.000001261534
     -0.000000845611      0.000000215416      0.000000111722
      0.000003847239     -0.000000617195      0.000000256028
     -0.000001742814      0.000000666798      0.000001205086
     -0.000001928114      0.000001063609      0.000002222809
     -0.000001142949      0.000000411365      0.000000810427
      0.000005146337     -0.000000716396     -0.000000949768
     -0.000002091572      0.000000482284     -0.000000155812
     -0.000000680847      0.000000214521      0.000000273206
      0.000001886948     -0.000000829700     -0.000001880383
      0.000001816398     -0.000001348687     -0.000003136516
     -0.000000895747      0.000000528479      0.000001082207
     -0.000003504507      0.000001265748      0.000002873272
     -0.000001839216      0.000000468269     -0.000000084388
      0.000002585594     -0.000000492254      0.000000660656
     -0.000001592613      0.000000500412      0.000000652976
     -0.000001620148      0.000001674453      0.000003518992
     -0.000001090653      0.000000732469      0.000001560029
      0.000005807802     -0.000001143977     -0.000003351531
     -0.000001625075      0.000000463758      0.000000303466
      0.000001741334     -0.000000433261      0.000000350537
      0.000001540955     -0.000000524526     -0.000000945480
      0.000001247007     -0.000002096854     -0.000004779125
     -0.000000675062      0.000000849983      0.000001685503
     -0.000003189138      0.000002456840      0.000005483615
      0.000001455329     -0.000000417277     -0.000000278056
     -0.000000567664      0.000002956391      0.000005411651
     -0.000001770632      0.000003814081      0.000007005801
      0.000004621071     -0.000002269847     -0.000006292764
     -0.000000309519      0.000004025623      0.000006643970
     -0.000000376993     -0.000003149938     -0.000005949852
      0.000001187929     -0.000004620984     -0.000008057405
     -0.000001166596     -0.000004730279     -0.000006917337
     -0.000003224297      0.000000845844      0.000001338196
     -0.000011353484      0.000004403502      0.000006984280
     -0.000002587934      0.000000508158      0.000000163408
     -0.000005992565      0.000001201613      0.000003397007
     -0.000006345386      0.000002816498      0.000002549442
      0.000013859736     -0.000006487467     -0.000015082042
     -0.000009076248      0.000001592737     -0.000001143731
     -0.000005026528      0.000000760518     -0.000000070098
     -0.000001557887      0.000000231137      0.000000629696
      0.000007586971     -0.000001526046     -0.000006916693
     -0.000024457541      0.000017462342      0.000015022885
     -0.000005305080      0.000001383866     -0.000000143846
      0.000009968864     -0.000000669982      0.000004002821
      0.000005711384     -0.000000572791      0.000001427572
     -0.000001613138      0.000000214751      0.000000183460
     -0.000003309716      0.000000290373      0.000001706236
     -0.000034341931      0.000023490211      0.000008773249
      0.000022723323     -0.000024836112     -0.000030387490
     -0.000018187235      0.000003493830     -0.000004635973
     -0.000002997443      0.000000285043     -0.000000017913
     -0.000001007788      0.000000066853      0.000000377036
      0.000004334970     -0.000000177883     -0.000003266357
     -0.000028621047      0.000009395511     -0.000004538655
      0.000042550229     -0.000041613973     -0.000014893523
      0.000015149753     -0.000000293545      0.000007804239
      0.000003581281     -0.000000283679      0.000000721892
     -0.000000984958      0.000000076283      0.000000107608
     -0.000002249889      0.000000051657      0.000001067679
      0.000031266447     -0.000004615580      0.000012259507
     -0.000002121767      0.000000122856      0.000000003711
     -0.000001930840      0.000000055052      0.000000672551
      0.000002462052      0.000000024239     -0.000001733899
     -0.000001941014      0.000000088330      0.000000223949
      0.000002233855     -0.000000116422      0.000000411471
      0.000001726153     -0.000000016676     -0.000000759333
      0.000001698212     -0.000000081299     -0.000000066509
     -0.000000539397      0.000000319021      0.000000426893
     -0.000001110159      0.000001068151      0.000001321205
     -0.000000579336      0.000000234796      0.000000316262
     -0.000001267825      0.000000664749      0.000000924357
     -0.000000442010      0.000000524208      0.000000579406
      0.000001157221     -0.000001518158     -0.000001875460
     -0.000001673928      0.000000818139      0.000001004680
     -0.000001731689      0.000000389404      0.000000553636
     -0.000000491393      0.000000164456      0.000000226529
      0.000001433172     -0.000000976229     -0.000001373395
     -0.000000818187      0.000001754406      0.000001702261
     -0.000000562073      0.000000467892      0.000000510228
      0.000002539679     -0.000000912340     -0.000001126591
      0.000002468312     -0.000000293299     -0.000000433942
     -0.000000621651      0.000000127525      0.000000169900
     -0.000001246182      0.000000400172      0.000000531935
     -0.000000808262      0.000002197371      0.000001805107
      0.000000643029     -0.000002015865     -0.000002011971
     -0.000001597601      0.000001631336      0.000001513796
     -0.000001541838      0.000000149526      0.000000115893
     -0.000000491614      0.000000107380      0.000000109857
      0.000001502571     -0.000000654976     -0.000000931268
     -0.000001279954      0.000002198689      0.000001767582
      0.000000442497     -0.000002449195     -0.000001807312
      0.000002192390     -0.000001622509     -0.000001488822
      0.000002192300     -0.000000023025      0.000000110971
     -0.000000555282      0.000000063562      0.000000027147
     -0.000001257854      0.000000298053      0.000000274392
      0.000001358271     -0.000002504075     -0.000001740782
     -0.000001422971      0.000000073498     -0.000000178471
     -0.000001288819      0.000000228948      0.000000066909
      0.000001316065     -0.000000421904     -0.000000507936
     -0.000001359556      0.000000127308     -0.000000159021
      0.000001642210      0.000000033149      0.000000397396
      0.000001224200     -0.000000250783     -0.000000090224
      0.000001276820     -0.000000074679      0.000000301109
     -0.000001262000     -0.000000290297     -0.000000112125
     -0.000002332988     -0.000000394161     -0.000000416253
     -0.000001141819     -0.000000438968      0.000000166994
     -0.000004188955     -0.000000626244     -0.000000926313
     -0.000000765975     -0.000000163783     -0.000000034728
      0.000002965924      0.000000239832      0.000001113527
     -0.000002314886     -0.000000980846      0.000000571240
     -0.000004194947     -0.000002168776      0.000001101061
     -0.000002193158     -0.000000421664     -0.000000286299
      0.000004915788      0.000000217126      0.000002191944
     -0.000001683189     -0.000000272057     -0.000000163067
     -0.000000732602     -0.000000243070      0.000000121972
      0.000002817089      0.000001563257     -0.000001202172
      0.000004947736      0.000003568700     -0.000002375059
     -0.000002412645     -0.000001020553      0.000000310639
     -0.000008125361     -0.000000254520     -0.000002950760
     -0.000001520188     -0.000000293035      0.000000044836
      0.000001843356      0.000000178299      0.000000465744
     -0.000001641738     -0.000000583141      0.000000455745
     -0.000008416598     -0.000004865503      0.000002004102
     -0.000005189249      0.000000027086     -0.000001596048
      0.000008891430     -0.000000894802      0.000006333699
     -0.000001480829     -0.000000415295      0.000000295833
      0.000001367883      0.000000208346      0.000000037981
      0.000001743871      0.000000771737     -0.000000749135
      0.000009172609      0.000009081965     -0.000004034229
     -0.000005598908     -0.000001932864      0.000000646203
     -0.000015835175      0.000008011260     -0.000017740308
      0.000001319974      0.000000389320     -0.000000343816
     -0.000024060710     -0.000011038003      0.000008151074
     -0.000019497008      0.000041333696     -0.000044554079
      0.000009852514     -0.000007692422      0.000023888722
     -0.000055702980      0.000018989868      0.000007320416
      0.000017268081      0.000024884798     -0.000010880190
     -0.000056692362     -0.000092561946      0.000081744202
      0.000078972001     -0.000013614947     -0.000102251922
      0.000005583508      0.000003324805      0.000001665539
      0.000014395685      0.000011545683      0.000010351649
      0.000003058916      0.000002282605      0.000000663019
      0.000016141292      0.000010625017      0.000001516044
      0.000003943387      0.000003088889      0.000004848483
     -0.000020000828     -0.000026575881     -0.000018376529
      0.000006393236      0.000006792529      0.000004499771
      0.000006369533      0.000006002639     -0.000001568982
      0.000004055596      0.000002207730     -0.000001132039
     -0.000023400950     -0.000025296345     -0.000005585178
      0.000007369066      0.000008779326      0.000018462817
      0.000002284334      0.000002391621      0.000003159018
     -0.000007032213     -0.000010208973     -0.000005586914
     -0.000006925070     -0.000009703245      0.000001519933
      0.000002581086      0.000001759875     -0.000001484029
      0.000009791051      0.000006724968     -0.000005029915
      0.000001243356      0.000003989859      0.000018086136
     -0.000006919077     -0.000017128596     -0.000025190594
      0.000002613254      0.000006281510      0.000010324275
      0.000003499497      0.000004117735     -0.000004533356
      0.000001952499      0.000001505868     -0.000002125391
     -0.000015381942     -0.000016838128      0.000007179526
     -0.000000546693      0.000004201200      0.000013682187
      0.000002681952     -0.000003485509     -0.000019585415
     -0.000002654534     -0.000008385123     -0.000010602896
     -0.000003834378     -0.000007114897      0.000005506976
      0.000001137100      0.000001296896     -0.000001922757
      0.000003401838      0.000004150651     -0.000006077987
      0.000003848958     -0.000003850022     -0.000012954851
      0.000001520234      0.000003498815     -0.000004575528
      0.000001151452      0.000002880116     -0.000005361307
     -0.000004207076     -0.000007176797      0.000007732958
      0.000000782485      0.000002998155     -0.000004735319
     -0.000001960661     -0.000004706412      0.000004683913
     -0.000000174962     -0.000002485967      0.000005270572
     -0.000000247182     -0.000002862700      0.000004361290
     -0.000004536839     -0.000011170222     -0.000002335951
     -0.000018368494     -0.000027155578     -0.000004384478
     -0.000001506958     -0.000007157849     -0.000000887437
     -0.000016908130     -0.000032273099     -0.000012174882
     -0.000005744308     -0.000008126726     -0.000000119848
      0.000044411736      0.000036618182      0.000011781173
     -0.000003441414     -0.000015833382      0.000000093364
     -0.000001359921     -0.000018247202     -0.000003537594
     -0.000003575073     -0.000010280163     -0.000004363268
      0.000044817137      0.000047540427      0.000025346263
     -0.000022061021     -0.000017662492      0.000000321443
     -0.000002567422     -0.000005992745      0.000000420936
      0.000001691456      0.000016832823     -0.000000670102
     -0.000000606546      0.000019231331      0.000002844406
     -0.000000898489     -0.000008512678     -0.000002817605
     -0.000014685811     -0.000030566559     -0.000018330027
     -0.000017074291     -0.000013488617      0.000002313913
      0.000041379711      0.000016779927      0.000003106799
     -0.000005933900     -0.000012514334      0.000002489177
     -0.000000093183     -0.000017090069     -0.000007389651
     -0.000003496305     -0.000009433741     -0.000006731216
      0.000042049179      0.000047390713      0.000035370475
     -0.000009333971     -0.000011747108      0.000003119870
      0.000020270884      0.000009535981     -0.000001315346
      0.000004016290      0.000011800337     -0.000002807475
     -0.000001152953      0.000017430642      0.000006881219
     -0.000000613281     -0.000007162610     -0.000004425492
     -0.000016466531     -0.000023298504     -0.000024102770
      0.000007643460      0.000009028521     -0.000003311839
     -0.000000532495     -0.000014376429     -0.000011234596
     -0.000010256201     -0.000017817306     -0.000021883205
      0.000037717038      0.000028072714      0.000036681497
     -0.000002381723     -0.000014771112     -0.000015540965
     -0.000001695415      0.000013314673      0.000009472027
      0.000013879807      0.000015378411      0.000024690961
      0.000001394650      0.000011433841      0.000014098137
     -0.000000674656     -0.000000033036     -0.000000282784
     -0.000002101207      0.000000068842     -0.000000930192
     -0.000000563466     -0.000000000219     -0.000000360623
     -0.000001439005     -0.000000193230     -0.000000299222
     -0.000000923191      0.000000187775     -0.000000787355
      0.000003162334      0.000000028564      0.000000627641
     -0.000001661090      0.000000140779     -0.000001627046
     -0.000001359957     -0.000000023110     -0.000000778793
     -0.000000425593     -0.000000059955     -0.000000088536
      0.000001925783      0.000000353097      0.000000090636
     -0.000003412997      0.000001688335     -0.000003290121
     -0.000000704573      0.000000146352     -0.000000916529
      0.000002124273     -0.000000259838      0.000002368370
      0.000001782084     -0.000000048521      0.000001241703
     -0.000000466898     -0.000000034239     -0.000000179508
     -0.000000985040     -0.000000183497     -0.000000075462
     -0.000002440164      0.000004197086     -0.000007181982
      0.000005342619     -0.000001817185      0.000002261756
     -0.000001561399      0.000000700182     -0.000004002602
     -0.000000994646     -0.000000050615     -0.000000383934
     -0.000000330797     -0.000000050966     -0.000000037842
      0.000001296646      0.000000317864     -0.000000071883
     -0.000000625343      0.000001806476     -0.000006795286
      0.000003732214     -0.000009541366      0.000009906798
      0.000001791301     -0.000000494027      0.000004402062
      0.000001330756     -0.000000008546      0.000000687487
     -0.000000340649     -0.000000026053     -0.000000093495
     -0.000000806989     -0.000000151314     -0.000000010937
     -0.000001330117     -0.000001209874      0.000008716147
     -0.000000806423     -0.000000026751     -0.000000253338
     -0.000000754754     -0.000000112294     -0.000000042144
      0.000000889951      0.000000223056     -0.000000097145
     -0.000000762657     -0.000000051435     -0.000000158613
      0.000000913888     -0.000000025501      0.000000400513
      0.000000707243      0.000000127314     -0.000000015656
      0.000000703199      0.000000018429      0.000000179521
     -0.000000613778     -0.000000041005      0.000001696683
     -0.000000609693     -0.000000360295      0.000005221524
     -0.000000941965      0.000000164441      0.000001668705
     -0.000001460211     -0.000000169311      0.000002955797
      0.000000007526     -0.000000093458      0.000003001456
      0.000000178093      0.000000767139     -0.000006044607
     -0.000002975590      0.000001117004      0.000006954454
     -0.000003105809      0.000000665102      0.000003074695
     -0.000000633164      0.000000019594      0.000000757479
      0.000001384297      0.000000469021     -0.000003599151
      0.000002018954     -0.000000685200      0.000009190072
     -0.000000470358      0.000000304676      0.000003636372
      0.000006490767     -0.000003467386     -0.000009906995
      0.000005394181     -0.000001684635     -0.000003619203
     -0.000000954093      0.000000147435      0.000000780251
     -0.000001433784      0.000000028954      0.000001436121
      0.000004680084      0.000000027748      0.000013404009
     -0.000002501308      0.000001453986     -0.000008626413
     -0.000000195998      0.000002735643      0.000015683889
     -0.000002289279      0.000000480049      0.000001022844
     -0.000000568811      0.000000060481      0.000000356665
      0.000001574681      0.000000147610     -0.000001995080
      0.000003942573      0.000002742430      0.000017853818
     -0.000007520657      0.000000890192     -0.000013878767
      0.000003476342     -0.000007377647     -0.000021312494
      0.000003624994     -0.000000998909     -0.000000890081
     -0.000000713386      0.000000137336      0.000000265107
     -0.000001319509      0.000000117791      0.000000744545
     -0.000006597393     -0.000006449530     -0.000024170192
     -0.000001769961      0.000000440231      0.000000189637
     -0.000001338848      0.000000213460      0.000000436510
      0.000001280921     -0.000000020686     -0.000000966796
     -0.000001508877      0.000000351126      0.000000177422
      0.000002196305     -0.000000673382      0.000000209950
      0.000001184766     -0.000000175668     -0.000000394457
      0.000001396805     -0.000000388563      0.000000047982

Dipole moment:   -0.25126606    0.11091477   -0.05498788 au
Dipole moment:   -0.63865466    0.28191726   -0.13976527 Debye


