400100,400.04999999745195,-16637.62447011089,6290.346250828329,290.0344096688923
400200,400.09999999745077,-16078.089614754512,6437.08498018528,296.8002185842604
400300,400.1499999974496,-14762.960414984937,6650.093065272413,306.62156573264866
400400,400.1999999974484,-14137.397949423741,6399.449628384217,295.0649330201525
400500,400.2499999974472,-15687.589922994795,6594.661920265646,304.0657542115911
400600,400.29999999744604,-13034.42170540219,6532.387788224279,301.1944271965031
400700,400.34999999744485,-13755.032563363478,6382.171552512143,294.2682779019845
400800,400.3999999974437,-15685.653686364329,6359.674458530708,293.2309850230255
400900,400.4499999974425,-14458.025961068754,6638.4261522495835,306.0836293303737
401000,400.4999999974413,-18593.98341288689,6677.98299143302,307.9075105673445
401100,400.5499999974401,-16552.758979936414,6442.2514825198095,297.03843495501275
401200,400.59999999743894,-16571.211830381606,6423.004785951244,296.1510109476928
401300,400.64999999743776,-17591.310894356866,6573.386872847766,303.08480728554395
401400,400.6999999974366,-15847.35393460244,6476.221106125334,298.604701633545
401500,400.7499999974354,-15828.83711717746,6550.8716917067995,302.04668044634985
401600,400.7999999974342,-15338.97362831552,6554.111568283196,302.1960642247248
401700,400.84999999743303,-15883.718939150584,6599.704184424541,304.29824222582835
401800,400.89999999743185,-14020.993304737625,6225.238462063795,287.03242880389905
401900,400.94999999743067,-14309.00124237775,6260.029637159404,288.6365754642221
402000,400.9999999974295,-14937.596966318772,6574.831791660172,303.15142940109445
402100,401.0499999974283,-15661.173600187034,6633.238330817529,305.844429981639
402200,401.0999999974271,-17182.629706356412,6379.287344037675,294.13529321896425
402300,401.14999999742594,-17016.86825716494,6499.806837712168,299.6921892637364
402400,401.19999999742475,-15402.523545209257,6565.34628842397,302.7140731377311
402500,401.2499999974236,-15787.36907171375,6335.731736648454,292.127037333966
402600,401.2999999974224,-16473.164291228844,6429.584535076261,296.4543891048161
402700,401.3499999974212,-16510.528973509237,6367.479823019764,293.5908736828168
402800,401.39999999742,-15105.742779527714,6387.640034810795,294.52041792290396
402900,401.44999999741884,-15890.926068560057,6367.720596700875,293.6019752422032
403000,401.49999999741766,-16208.037114484621,6411.081300490068,295.6012445391311
403100,401.5499999974165,-15368.873313337645,6518.754925182808,300.5658450443189
403200,401.5999999974153,-15463.86218604573,6329.222376518547,291.82690466283503
403300,401.6499999974141,-15693.864350828622,6417.600792385363,295.9018443642908
403400,401.69999999741293,-15296.592400069936,6383.343582438263,294.3223176947371
403500,401.74999999741175,-15942.120566168278,6524.993661536182,300.8534998320171
403600,401.79999999741057,-16312.821517408694,6616.5654639593195,305.07567975647106
403700,401.8499999974094,-17044.881723536684,6469.262820302001,298.28386995900695
403800,401.8999999974082,-13882.2608148523,6291.729272020932,290.0981778176016
403900,401.949999997407,-14306.897380812286,6490.098854931275,299.2445749444831
404000,401.99999999740584,-15902.916813940441,6526.841457602814,300.9386977559476
404100,402.04999999740465,-12977.219107150495,6349.346165836867,292.7547695406184
404200,402.0999999974035,-15052.629280119934,6350.203078610876,292.7942799555681
404300,402.1499999974023,-16567.46227157473,6356.48805083509,293.0840665803656
404400,402.1999999974011,-15894.503381404333,6518.951763191114,300.574920823817
404500,402.2499999973999,-16318.664816314782,6621.297881226759,305.2938813933504
404600,402.29999999739874,-17456.819413811303,6519.002334290489,300.57725254903033
404700,402.34999999739756,-17059.605602978114,6443.843028790493,297.11181774900723
404800,402.3999999973964,-16513.919365619244,6433.1543253670325,296.6189844988279
404900,402.4499999973952,-14986.416977005661,6630.744378793312,305.72943918872505
405000,402.499999997394,-15045.406419652507,6680.478739668586,308.0225841797214
405100,402.54999999739283,-13462.04917628337,6646.958971101811,306.4770593547211
405200,402.59999999739165,-14065.377325716128,6616.591160364553,305.076864562748
405300,402.64999999739047,-16302.492357939023,6518.37860809031,300.5484938681803
405400,402.6999999973893,-15392.212696621345,6614.530170518847,304.98183672971675
405500,402.7499999973881,-15808.549004838002,6591.642173587708,303.92652015194454
405600,402.7999999973869,-16155.003484222229,6624.3806518528345,305.4360213524283
405700,402.84999999738574,-15577.194615090371,6599.468061732527,304.2873551136
405800,402.89999999738455,-16046.151317394233,6534.378727529022,301.28622514893885
405900,402.9499999973834,-14111.791905180196,6567.953708792241,302.8342957132643
406000,402.9999999973822,-17457.685947784947,6518.383174106792,300.54870439743286
406100,403.049999997381,-16997.100344801063,6563.774161995162,302.6415857511036
406200,403.0999999973798,-14374.525968620179,6465.074627477572,298.0907613470203
406300,403.14999999737864,-17718.328881331036,6630.915133877947,305.7373123404078
406400,403.19999999737746,-16388.487128671673,6537.016212547605,301.40783394118534
406500,403.2499999973763,-15164.256201964683,6646.131112551004,306.43888856785213
406600,403.2999999973751,-15739.668002184919,6746.369286927258,311.0606563644462
406700,403.3499999973739,-14383.71605965237,6442.8489445198975,297.0659826497796
406800,403.39999999737273,-14969.255278335997,6525.413106970384,300.87283956373403
406900,403.44999999737155,-15031.256323650527,6652.169640963237,306.717312195658
407000,403.49999999737037,-16757.977321135466,6426.650902398822,296.3191255775223
407100,403.5499999973692,-14602.171517406265,6470.516500024447,298.3416744492074
407200,403.599999997368,-14953.621263308705,6559.792566011778,302.4580028775172
407300,403.6499999973668,-17619.31568541793,6429.908911868508,296.4693454248179
407400,403.69999999736564,-16915.457677763327,6451.371448784355,297.45893709054934
407500,403.74999999736445,-14928.906369667524,6459.37699899777,297.8280558858647
407600,403.7999999973633,-15055.503006193729,6497.215741578058,299.57271936372047
407700,403.8499999973621,-15549.682382328758,6357.278799519656,293.1205263106856
407800,403.8999999973609,-15043.001537209446,6523.357393320227,300.7780550047929
407900,403.9499999973597,-13846.971107356621,6366.682302616461,293.55410172303147
408000,403.99999999735854,-15387.69089696544,6277.250816315161,289.430607196511
408100,404.04999999735736,-16456.876905375255,6371.9330398827515,293.79620198629675
408200,404.0999999973562,-14876.037080639426,6415.320226937592,295.7966923699521
408300,404.149999997355,-16397.466886943253,6460.477448064979,297.87879523833465
408400,404.1999999973538,-17878.582916613075,6462.42357875567,297.96852716142854
408500,404.24999999735263,-16124.282356692407,6352.591086183461,292.90438587644775
408600,404.29999999735145,-17752.68764212499,6329.042601263257,291.81861561037874
408700,404.34999999735027,-16328.351787742024,6387.363386478336,294.5076622600849
408800,404.3999999973491,-14946.563232145309,6354.269128882472,292.98175683572407
408900,404.4499999973479,-14789.913058581447,6511.018481780864,300.2091341884222
409000,404.4999999973467,-14330.391235116344,6483.644973463524,298.9470002757873
409100,404.54999999734554,-15381.603978139034,6427.523629355476,296.35936515060496
409200,404.59999999734436,-14565.783621865634,6524.3929712097515,300.8258032860286
409300,404.6499999973432,-13888.241982129039,6372.867578611919,293.83929156798564
409400,404.699999997342,-16461.281170147893,6438.3732819677225,296.8596194235857
409500,404.7499999973408,-17610.14616430562,6563.414638301132,302.62500888264486
409600,404.7999999973396,-18050.47102561445,6532.0324090169925,301.17804142146247
409700,404.84999999733844,-17926.404405978297,6463.663947538711,298.025717912687
409800,404.89999999733726,-16975.210408637104,6447.556794777443,297.2830515543851
409900,404.9499999973361,-16131.165921106358,6398.551324529804,295.0235141510269
410000,404.9999999973349,-16513.454549375198,6626.198194630232,305.51982436190826
410100,405.0499999973337,-15973.792557166023,6448.383030832133,297.32114753142884
410200,405.09999999733253,-15649.77990697756,6405.702174782466,295.35322455947835
410300,405.14999999733135,-14496.12637296224,6425.128778548211,296.24894370281277
410400,405.19999999733017,-15100.91333307427,6390.465900804232,294.6507125589269
410500,405.249999997329,-14985.962394636283,6594.104208476447,304.04003931401695
410600,405.2999999973278,-15206.220716973054,6502.49844388355,299.81629346656547
410700,405.3499999973266,-16460.483175732857,6426.659207272268,296.3195084974716
410800,405.39999999732544,-15795.392879783578,6608.508980636729,304.7042125444448
410900,405.44999999732426,-16228.386204246994,6446.775413700931,297.2470237444338
411000,405.4999999973231,-15882.631782088542,6458.014380531317,297.7652284632138
411100,405.5499999973219,-15905.879629885681,6598.076344171204,304.2231859939318
411200,405.5999999973207,-16333.623691406723,6550.910095585796,302.048451167059
411300,405.6499999973195,-15217.62425010409,6458.20226860419,297.7738915803343
411400,405.69999999731834,-14126.323374647041,6557.340136669195,302.34492660663034
411500,405.74999999731716,-14571.107539120827,6469.756097206559,298.3066139018857
411600,405.799999997316,-15318.586511693524,6495.286344726053,299.4837590021324
411700,405.8499999973148,-15868.881615220665,6701.148283429218,308.9756126273924
411800,405.8999999973136,-15450.56446541375,6615.408160708345,305.022318979207
411900,405.94999999731243,-15835.617256032972,6713.187641826891,309.53072168918715
412000,405.99999999731125,-16572.984344967088,6598.462542688779,304.2409927814429
412100,406.04999999731007,-16655.338188069138,6420.961035372492,296.0567779803835
412200,406.0999999973089,-16781.578963221986,6546.6619157424175,301.8525766819495
412300,406.1499999973077,-16497.860084573174,6452.879506103404,297.52847038757886
412400,406.1999999973065,-15765.23907460094,6452.003102859183,297.48806130874055
412500,406.24999999730534,-14874.075655906601,6500.781457758236,299.7371269092079
412600,406.29999999730416,-16258.7198707435,6494.019512427013,299.4253480747604
412700,406.349999997303,-15324.970461988396,6539.204657235259,301.5087384443346
412800,406.3999999973018,-14077.145779874349,6535.402096298159,301.3334104937506
412900,406.4499999973006,-16541.638486033986,6732.66730409359,310.42888724650084
413000,406.4999999972994,-13419.043685841183,6529.975235901174,301.08318956968174
413100,406.54999999729824,-14886.945314618335,6623.368406909727,305.3893489034394
413200,406.59999999729706,-15460.995282639677,6787.7050104601585,312.96655815348083
413300,406.6499999972959,-16396.167472522335,6727.189918420417,310.17633671002784
413400,406.6999999972947,-16949.481435586487,6702.796651126671,309.05161533582606
413500,406.7499999972935,-14319.419438520297,6631.31058572463,305.75554577912993
413600,406.79999999729233,-15745.946691791303,6559.254320868858,302.433185545361
413700,406.84999999729115,-15527.526008472616,6600.16704102611,304.3195835536098
413800,406.89999999728997,-15532.184509053159,6629.318550379875,305.6636972906338
413900,406.9499999972888,-16638.119310756567,6727.195372119594,310.17658816843067
414000,406.9999999972876,-14518.555655430611,6606.246643978587,304.59990104060194
414100,407.0499999972864,-14535.971139163425,6581.630686946726,303.464911918941
414200,407.09999999728524,-15543.33307717021,6516.356750971167,300.4552703614602
414300,407.14999999728406,-14615.713112614429,6505.121090287944,299.9372180820536
414400,407.1999999972829,-17730.847543435113,6646.005293257017,306.433087309352
414500,407.2499999972817,-17975.452050340948,6583.680403766026,303.55941997683937
414600,407.2999999972805,-14426.845037893952,6375.346403486911,293.9535848804081
414700,407.3499999972793,-16522.75889074847,6438.204935454145,296.8518573259621
414800,407.39999999727814,-16208.551454392136,6544.458337086615,301.7509743839026
414900,407.44999999727696,-15269.830326281057,6461.35889759798,297.9194369907538
415000,407.4999999972758,-16211.616264513554,6451.9683340690035,297.4864581942009
415100,407.5499999972746,-14818.616975179722,6472.212605080786,298.4198782251421
415200,407.5999999972734,-14757.842374149555,6427.420785703757,296.3546232498216
415300,407.64999999727223,-16518.571581309512,6346.162293800165,292.60796801176696
415400,407.69999999727105,-16091.384357406876,6571.620488835731,303.0033630972988
415500,407.74999999726987,-16034.745375035394,6432.384407950547,296.58348525371804
415600,407.7999999972687,-15166.466574931743,6389.42116644759,294.6025420925794
415700,407.8499999972675,-15498.966928873928,6205.390258114358,286.11727057795804
415800,407.8999999972663,-14840.114950288134,6339.916830424268,292.32000305545023
415900,407.94999999726514,-15558.7627836894,6329.089482996072,291.8207772267921
416000,407.99999999726396,-15000.945734913177,6321.622883073323,291.4765082764869
416100,408.0499999972628,-13504.19620558951,6393.285979847924,294.7807403710762
416200,408.0999999972616,-17187.62957179017,6339.709849225184,292.3104595951231
416300,408.1499999972604,-15749.145745505113,6344.146500174781,292.5150240797735
416400,408.1999999972592,-15914.230914987282,6276.7063405694225,289.40550258458705
416500,408.24999999725804,-16249.46012636391,6240.2511939595515,287.72463375721617
416600,408.29999999725686,-14563.608609307314,6267.617701103726,288.98644486073295
416700,408.3499999972557,-14901.513807123261,6258.149538662478,288.5498881443304
416800,408.3999999972545,-15709.135669039944,6267.0328507280165,288.95947866098817
416900,408.4499999972533,-15567.644765181305,6323.753099161096,291.5747279834551
417000,408.49999999725213,-15059.052234537125,6386.8577880330895,294.4843501973225
417100,408.54999999725095,-15691.834518131178,6310.494792604881,290.9634158295757
417200,408.59999999724977,-14276.236122293883,6447.093014913825,297.2616676569656
417300,408.6499999972486,-14743.91431747137,6306.665127082291,290.7868381445353
417400,408.6999999972474,-15562.496406798758,6387.187226230776,294.4995398879021
417500,408.7499999972462,-16991.08739685946,6473.0388418444545,298.4579742348754
417600,408.79999999724504,-16904.884718234956,6417.7347477110125,295.9080207578067
417700,408.84999999724386,-17694.997298455244,6468.04605536533,298.22776753061254
417800,408.8999999972427,-16750.492300749083,6517.62834219151,300.5139007125134
417900,408.9499999972415,-15060.236402240915,6515.921350071226,300.4351949573492
418000,408.9999999972403,-16758.819758153655,6503.6319958036,299.86855912076817
418100,409.0499999972391,-14030.09211192959,6364.561864025119,293.4563328355083
418200,409.09999999723794,-14965.787172187695,6536.606344047725,301.38893578142364
418300,409.14999999723676,-13581.830153603383,6572.684146800014,303.0524060907143
418400,409.1999999972356,-14026.142949804347,6685.075392859399,308.2345260254464
418500,409.2499999972344,-16759.453271147682,6459.32382523082,297.825604157217
418600,409.2999999972332,-15785.246360606947,6536.072760956401,301.36433340649376
418700,409.34999999723203,-15906.349934641039,6433.016965818882,296.6126511438946
418800,409.39999999723085,-15382.55878888192,6409.5180171501215,295.5291648884144
418900,409.44999999722967,-16208.618085193797,6526.352025000131,300.9161310656047
419000,409.4999999972285,-17776.391179471404,6618.340176787395,305.1575079686072
419100,409.5499999972273,-15808.192418998246,6598.055609827483,304.22222997769654
419200,409.5999999972261,-16143.959868111593,6505.938785477598,299.9749202580808
419300,409.64999999722494,-15653.533325555807,6575.765315184488,303.19447217385937
419400,409.69999999722376,-15228.08746126094,6348.379248062321,292.71018703041045
419500,409.7499999972226,-15748.532034652773,6404.66017013764,295.30517995430347
419600,409.7999999972214,-15744.685545116436,6577.371729319069,303.2685404932536
419700,409.8499999972202,-15344.283567056034,6400.341471998508,295.1060540214255
419800,409.899999997219,-16213.755025867948,6410.182468205913,295.5598013052404
419900,409.94999999721784,-14877.529204218601,6311.0595565200465,290.98945588559263
420000,409.99999999721666,-16659.139999492654,6546.904191273444,301.8637474884228
420100,410.0499999972155,-17141.30388551661,6528.797728710006,301.0288972319545
420200,410.0999999972143,-16356.519710538854,6431.2465603842375,296.53102153645534
420300,410.1499999972131,-16141.669550993527,6359.6300721733105,293.22893846303464
420400,410.19999999721193,-15110.174386176925,6456.222502509297,297.68260880070363
420500,410.24999999721075,-14134.98205815337,6339.46550904144,292.2991935919295
420600,410.29999999720957,-15098.318630736429,6443.994064189695,297.118781668178
420700,410.3499999972084,-15224.715565151224,6562.644814849373,302.5895139700475
420800,410.3999999972072,-14830.48571285371,6318.812953525687,291.34694843588954
420900,410.449999997206,-15607.967422827136,6367.351191718171,293.5849427686612
421000,410.49999999720484,-16345.867523118586,6410.348138569485,295.56744001131193
421100,410.54999999720366,-17300.011055294173,6362.55705237337,293.3638952588271
421200,410.5999999972025,-18283.297942657322,6634.407385813093,305.89833260670747
421300,410.6499999972013,-16144.216697072105,6414.132950394483,295.74194958830486
421400,410.6999999972001,-14978.641691974459,6445.079621028865,297.16883437186965
421500,410.7499999971989,-16468.108769439485,6459.985092637096,297.85609378277417
421600,410.79999999719774,-15272.482947667877,6573.880293965078,303.1075578777643
421700,410.84999999719656,-13359.56253903533,6430.884822200153,296.5143425625973
421800,410.8999999971954,-15554.067151265222,6439.781726911948,296.9245598070973
421900,410.9499999971942,-14765.432986701422,6414.642661889994,295.7654512950166
422000,410.999999997193,-16511.179438276988,6374.365683249502,293.908365968163
422100,411.04999999719183,-15994.600436729223,6485.0793396456265,299.0131358321281
422200,411.09999999719065,-16152.211488151635,6648.094079565118,306.52939677780364
422300,411.14999999718947,-17648.756171437715,6725.235388936576,310.0862175365481
422400,411.1999999971883,-16339.603735104352,6587.82284308245,303.75041899244525
422500,411.2499999971871,-15606.046244842635,6423.396472754517,296.16907078831724
422600,411.2999999971859,-15854.99313866148,6538.626335276481,301.4820732559293
422700,411.34999999718474,-15375.758974875522,6502.515841104512,299.81709561520887
422800,411.39999999718356,-15576.150542523763,6489.727959663389,299.2274737570793
422900,411.4499999971824,-15335.568720832096,6623.716208102868,305.40538527245826
423000,411.4999999971812,-15060.8488576876,6705.96108792593,309.19752074745367
423100,411.54999999718,-15724.284324939928,6505.492236117916,299.9543308223392
423200,411.5999999971788,-16189.176614657426,6554.44930548093,302.2116365644438
423300,411.64999999717764,-17556.678167270133,6526.793603355408,300.9364912989668
423400,411.69999999717646,-16162.24039214669,6465.251475713662,298.0989154408826
423500,411.7499999971753,-15642.355582701912,6462.593089304404,297.97634293022315
423600,411.7999999971741,-16489.994963758632,6300.454785366375,290.50049257283
423700,411.8499999971729,-16435.340684067665,6326.7646662985535,291.7135849019873
423800,411.89999999717173,-15940.549526040384,6412.403275714261,295.66219798882315
423900,411.94999999717055,-14864.475197333193,6320.983826666272,291.4470427525915
424000,411.99999999716937,-15020.724524969866,6363.5992230608745,293.41194751987473
424100,412.0499999971682,-15436.300516701976,6440.693065048985,296.96657965911254
424200,412.099999997167,-14622.45116377556,6483.934865267968,298.9603665667699
424300,412.1499999971658,-16304.443018032354,6345.741461408271,292.58856433039784
424400,412.19999999716464,-14734.163447639308,6250.620374515197,288.202734491466
424500,412.24999999716346,-15785.797699224777,6433.225215961404,296.62225311248915
424600,412.2999999971623,-17450.82549432035,6294.305101481125,290.21694380394086
424700,412.3499999971611,-16658.94672715217,6185.594479739027,285.2045295830932
424800,412.3999999971599,-16060.480952672153,6312.999373350717,291.0788966901072
424900,412.4499999971587,-16905.39019841916,6300.284696752381,290.4926501506828
425000,412.49999999715754,-16653.960946314237,6335.577843792125,292.11994166355964
425100,412.54999999715636,-15437.84416924884,6209.307648070233,286.29789304896195
425200,412.5999999971552,-15118.117423812717,6259.095049623243,288.59348363214707
425300,412.649999997154,-15708.720424628083,6356.783729001412,293.0976996681165
425400,412.6999999971528,-17403.142377725908,6251.298630168904,288.2340074087719
425500,412.74999999715163,-16473.04061965278,6192.271317762102,285.5123843016188
425600,412.79999999715045,-15715.288958909792,6261.652941486984,288.711422554285
425700,412.84999999714927,-16525.753332668384,6324.756425557885,291.62098921735134
425800,412.8999999971481,-16797.605996303388,6138.59260357345,283.0373736168825
425900,412.9499999971469,-17551.916812930274,6319.141711368882,291.36210675677887
426000,412.9999999971457,-16007.663516120656,6338.540893004618,292.2565615243585
426100,413.04999999714454,-16817.266116428433,6201.394106893548,285.93301659350965
426200,413.09999999714336,-15736.981457041065,6323.191896795716,291.5488521428801
426300,413.1499999971422,-15521.865520713902,6397.818954517331,294.9897461363967
426400,413.199999997141,-15440.974128733022,6289.518816943808,289.9962584624773
426500,413.2499999971398,-14108.301354937035,6296.839320413734,290.3337912178641
426600,413.2999999971386,-15496.469333373803,6424.245125135659,296.20820033422194
426700,413.34999999713745,-14754.409035986306,6343.276646664227,292.4749169951438
426800,413.39999999713626,-16014.129573050548,6382.942157475507,294.30380884841026
426900,413.4499999971351,-16295.602187853114,6328.086788025471,291.7745451066066
427000,413.4999999971339,-14635.689305504768,6377.534697992413,294.0544824589796
427100,413.5499999971327,-17098.9365049694,6369.458770162476,293.6821187023142
427200,413.59999999713153,-17279.27120558593,6230.494714656617,287.2747833670726
427300,413.64999999713035,-15735.546927327554,6410.534096997898,295.5760141566542
427400,413.69999999712917,-17106.89878162946,6583.860902311725,303.5677423786692
427500,413.749999997128,-14687.882882418042,6362.678933688164,293.36951494553057
427600,413.7999999971268,-14256.71977133436,6488.786526104642,299.1840662695475
427700,413.8499999971256,-14922.07158356133,6647.71961836013,306.5121311726682
427800,413.89999999712444,-13965.25768042889,6329.6369985448555,291.84602199753186
427900,413.94999999712326,-14639.329573252788,6403.345967433149,295.24458487886824
428000,413.9999999971221,-14875.336130805823,6354.327831691121,292.98446349665716
428100,414.0499999971209,-14610.045051588584,6405.388023208188,295.33873970240387
428200,414.0999999971197,-17087.443074176816,6373.751268710468,293.8800366280894
428300,414.1499999971185,-16693.86161926978,6402.533403105444,295.20711927591
428400,414.19999999711735,-15866.776618111206,6268.013037699067,289.00467298546215
428500,414.24999999711616,-16778.451584825405,6338.79060473608,292.2680751981269
428600,414.299999997115,-15815.630031742889,6529.391527484163,301.05627602320976
428700,414.3499999971138,-16368.683143468043,6466.880694975717,298.17403525592124
428800,414.3999999971126,-15691.296908299315,6507.741211909091,300.0580262851871
428900,414.44999999711143,-15510.236234709955,6615.027181345828,305.00475283577106
429000,414.49999999711025,-16307.099834076163,6501.390431125885,299.7652053685084
429100,414.54999999710907,-16173.895160064078,6485.395778849655,299.0277261669168
429200,414.5999999971079,-16216.4869220918,6693.406312107355,308.6186468909333
429300,414.6499999971067,-15863.591193809767,6519.600743832402,300.60484393292376
429400,414.6999999971055,-16378.62318324007,6495.8748490646085,299.5108936782876
429500,414.74999999710434,-15673.10966435171,6526.553347229582,300.92541360294746
429600,414.79999999710316,-15213.617526426946,6540.738448234039,301.57945826628844
429700,414.849999997102,-16943.25578537223,6549.570352454564,301.98667847718144
429800,414.8999999971008,-15697.08803241788,6472.855066564978,298.44950074986053
429900,414.9499999970996,-14767.058201747053,6524.819279620939,300.84545945493335
430000,414.9999999970984,-15106.928912894986,6635.057607612068,305.92831294294007
430100,415.04999999709725,-14835.725948556534,6513.853475221157,300.33984967149473
430200,415.09999999709606,-16361.135044763922,6421.6417145618825,296.08816264173544
430300,415.1499999970949,-16582.76574325817,6463.660673710396,298.0255669634666
430400,415.1999999970937,-16945.78546746454,6430.2937742616095,296.48709060648775
430500,415.2499999970925,-15954.78965387366,6581.917042839549,303.47811517660256
430600,415.29999999709133,-15897.090640115837,6665.9550442972895,307.35292765442756
430700,415.34999999709015,-16546.685666598376,6294.151336419015,290.20985402585256
430800,415.39999999708897,-16511.31925946479,6388.4397292496005,294.5572901228157
430900,415.4499999970878,-15348.633252991493,6592.6644542262675,303.97365532538294
431000,415.4999999970866,-15200.77620209081,6423.731689976531,296.1845269373464
431100,415.5499999970854,-14209.78289104776,6376.967038400205,294.02830888948847
431200,415.59999999708424,-14222.725794843916,6574.0030564990875,303.1132181956007
431300,415.64999999708306,-14725.375213569918,6448.6723166081665,297.3344858797378
431400,415.6999999970819,-16258.02532438965,6450.874575979994,297.4360273484227
431500,415.7499999970807,-17033.409636479057,6483.97095389646,298.9620305362308
431600,415.7999999970795,-15327.15747950144,6548.992554440134,301.96003744672925
431700,415.8499999970783,-16970.819789247504,6507.618389308855,300.0523631978254
431800,415.89999999707715,-16582.557989575565,6504.809132817597,299.9228343904179
431900,415.94999999707596,-14943.578822029465,6730.026963774973,310.3071468024778
432000,415.9999999970748,-15556.914539317842,6691.682959813044,308.53918680314143
432100,416.0499999970736,-16600.395572271133,6600.579363584422,304.33859486475615
432200,416.0999999970724,-15092.217139435017,6507.715526811944,300.05684200030174
432300,416.14999999707123,-14411.907187513894,6375.7164759645875,293.9706481307154
432400,416.19999999707005,-14369.317948601665,6484.220350058431,298.97352965976506
432500,416.24999999706887,-15457.334420693061,6491.721472534836,299.3193903711705
432600,416.2999999970677,-17181.28374835899,6523.734161279336,300.7954269694265
432700,416.3499999970665,-15394.782440553585,6393.141898634515,294.7740970945364
432800,416.3999999970653,-16800.21053347364,6286.3642213164285,289.8508068062333
432900,416.44999999706414,-17080.53147469707,6476.067509473275,298.59761962048395
433000,416.49999999706296,-14674.774902556452,6356.898982881578,293.1030137779863
433100,416.5499999970618,-16636.606524188803,6353.813059210907,292.960728438767
433200,416.5999999970606,-14684.73670749899,6335.686016411184,292.12492927162765
433300,416.6499999970594,-14368.199831827811,6533.816137145313,301.2602853098079
433400,416.6999999970582,-15536.6718560937,6575.08353816147,303.16303689374723
433500,416.74999999705705,-13287.545291392677,6522.421280049454,300.7348928243587
433600,416.79999999705586,-14735.455493736508,6582.459543905592,303.50312874026986
433700,416.8499999970547,-15090.13292942804,6502.653851434066,299.8234589762807
433800,416.8999999970535,-15744.484483818374,6543.257502842353,301.6956064856571
433900,416.9499999970523,-17308.648530640174,6394.802395108997,294.8506590349336
434000,416.99999999705113,-17099.199946129247,6550.306529459664,302.0206220240979
434100,417.04999999704995,-16217.619643448714,6342.314930339071,292.43057431264066
434200,417.09999999704877,-16951.57923205562,6580.010547481764,303.3902107539233
434300,417.1499999970476,-16149.059010579589,6449.53047790694,297.3740538614936
434400,417.1999999970464,-15093.296913227516,6438.651825140026,296.87246245341663
434500,417.2499999970452,-14587.43927639922,6510.073229626846,300.1655506336309
434600,417.29999999704404,-13727.900158043214,6496.116207470156,299.52202219806696
434700,417.34999999704286,-14531.209715818708,6494.878904432343,299.4649728017629
434800,417.3999999970417,-15609.86122802381,6356.840510973018,293.1003177633625
434900,417.4499999970405,-16535.144922513966,6538.085991161018,301.4571591446392
435000,417.4999999970393,-17470.150278898607,6607.048968412149,304.63689450394594
435100,417.5499999970381,-16104.927767064557,6387.917055712982,294.53319076411617
435200,417.59999999703695,-16573.382968392103,6377.769276756659,294.06529838400115
435300,417.64999999703576,-17982.336905804525,6494.278889654063,299.43730740385445
435400,417.6999999970346,-15796.346198956215,6473.318564063701,298.47087162803876
435500,417.7499999970334,-14435.139645009063,6445.297963530113,297.1789016775361
435600,417.7999999970322,-14318.005228301146,6528.111098506492,300.99723818207144
435700,417.84999999703103,-13877.866788160889,6354.51684160576,292.99317833950175
435800,417.89999999702985,-15860.457782485333,6600.049423162507,304.31416044552054
435900,417.94999999702867,-15648.105973862163,6614.2949234540765,304.97098999078753
436000,417.9999999970275,-16899.930814089617,6706.130113913421,309.20531417416595
436100,418.0499999970263,-17984.11435333261,6620.776855606514,305.2698580165498
436200,418.0999999970251,-17184.409507804983,6545.670382815542,301.806859219723
436300,418.14999999702394,-16273.54189920222,6608.2155319590665,304.6906822536468
436400,418.19999999702276,-16102.291347547563,6592.445701942194,303.963569125507
436500,418.2499999970216,-14368.826491558639,6435.197289582367,296.71318120860224
436600,418.2999999970204,-13155.150389765242,6549.550999169312,301.9857861385979
436700,418.3499999970192,-15032.187694251566,6529.848353382812,301.0773392881801
436800,418.399999997018,-14159.44399019969,6483.912127135728,298.95931816013245
436900,418.44999999701685,-12907.758469410377,6689.492322356752,308.43818119612087
437000,418.49999999701566,-15712.945329333352,6549.466217472781,301.9818770359312
437100,418.5499999970145,-15205.765735011806,6628.925839835034,305.64559024747564
437200,418.5999999970133,-16880.513185671804,6530.196729732645,301.09340217644365
437300,418.6499999970121,-16580.178322894193,6532.114573975912,301.1818298719556
437400,418.69999999701093,-15256.933280272922,6614.994461640271,305.00324420014
437500,418.74999999700975,-17605.758807322894,6760.527582854481,311.7134651030158
437600,418.79999999700857,-16002.221689194092,6633.19412431723,305.84239171447433
437700,418.8499999970074,-14331.469718944598,6572.223587011125,303.0311706640524
437800,418.8999999970062,-15662.903747000975,6682.261982969484,308.1048057137115
437900,418.949999997005,-14189.896828817247,6703.553337552061,309.0865045282395
438000,418.99999999700384,-13881.446222330316,6575.892838958458,303.2003520222854
438100,419.04999999700266,-15478.400851807468,6389.720637091368,294.6163500433532
438200,419.0999999970015,-12913.187460479348,6594.283981786144,304.0483282767661
438300,419.1499999970003,-15374.765864300258,6535.582393536689,301.3417236137374
438400,419.1999999969991,-16542.860375707205,6540.8942839060055,301.58664351576783
438500,419.24999999699793,-15514.94801792721,6711.497242716526,309.4527810022155
438600,419.29999999699675,-16290.351531433136,6617.941628821138,305.1391317744346
438700,419.34999999699556,-15736.245777284077,6834.1499600461775,315.10803542645425
438800,419.3999999969944,-16865.6101352738,6828.019904946703,314.8253916988884
438900,419.4499999969932,-17822.903345874645,6709.662623330203,309.36819062682724
439000,419.499999996992,-15796.718865833265,6855.976069710499,316.11439065388333
439100,419.54999999699083,-15903.906695995913,6716.086559418418,309.6643845781301
439200,419.59999999698965,-15021.34984857049,6750.8981554749125,311.2694728052763
439300,419.64999999698847,-13026.235897683058,6708.348907774149,309.3076180127644
439400,419.6999999969873,-15408.578364442807,6642.012416672623,306.2489843113838
439500,419.7499999969861,-15869.635187025726,6791.328781887267,313.1336425022157
439600,419.7999999969849,-14639.403906440215,6728.6606839797305,310.2441505637884
439700,419.84999999698374,-15503.042982946976,6748.538257119453,311.16066294026854
439800,419.89999999698256,-15433.54335666955,6655.35182542946,306.8640359142446
439900,419.9499999969814,-16293.508429852836,6680.088017270372,308.0045688057512
440000,419.9999999969802,-16703.151145116615,6614.24213473752,304.96855601598975
440100,420.049999996979,-16380.47080052771,6498.380903857183,299.6264425039609
440200,420.09999999697783,-15719.809289404817,6575.203992914589,303.1685908047436
440300,420.14999999697665,-14754.045713739215,6714.413955274158,309.58726437897957
440400,420.19999999697546,-15290.794385113459,6822.112244569179,314.5530021162174
440500,420.2499999969743,-16140.638361110468,6780.581026103729,312.6380864740347
440600,420.2999999969731,-15066.21596542562,6747.869512421516,311.12982855278796
440700,420.3499999969719,-15474.514890701996,6608.540825048612,304.7056808221569
440800,420.39999999697073,-13676.602632981623,6640.715821782857,306.18920109461993
440900,420.44999999696955,-16905.85929318651,6642.674795381356,306.27952517671997
441000,420.49999999696837,-16785.19090058034,6634.919597359978,305.92194958544
441100,420.5499999969672,-15533.659713279014,6525.768305527092,300.88921700936294
441200,420.599999996966,-15951.261740841705,6432.067790823461,296.5688867152777
441300,420.6499999969648,-15789.993431620365,6635.274224775047,305.93830069694974
441400,420.69999999696364,-16651.02508047987,6534.181253327441,301.2771200359297
441500,420.74999999696246,-16132.312278038893,6555.351683781842,302.25324329758166
441600,420.7999999969613,-14628.826064788645,6436.284087161936,296.7632911201796
441700,420.8499999969601,-15121.335617468747,6503.193908379741,299.8483598467861
441800,420.8999999969589,-16220.47975660219,6572.974202869197,303.06577995559263
441900,420.94999999695773,-15218.156727042928,6402.701588168822,295.2148739294102
442000,420.99999999695655,-16148.720260673963,6448.59339052626,297.3308467669354
442100,421.04999999695536,-15969.857261669296,6316.907120241486,291.25907454000696
442200,421.0999999969542,-14667.663175774289,6217.51843826622,286.67647502083594
442300,421.149999996953,-16326.849992837788,6396.820813238866,294.9437239772147
442400,421.1999999969518,-15393.841135179136,6319.150984023368,291.36253429904167
442500,421.24999999695063,-15151.44227098133,6350.535387453568,292.8096020054481
442600,421.29999999694945,-18826.855275387796,6359.858132482451,293.2394538360353
442700,421.34999999694827,-16229.157517501602,6393.259173532375,294.7795043892088
442800,421.3999999969471,-14906.279632754145,6377.9523631514785,294.07374010601814
442900,421.4499999969459,-16320.77463884127,6435.36157986312,296.7207562820072
443000,421.4999999969447,-15233.616253774475,6489.4859784466325,299.2163165208073
443100,421.54999999694354,-15167.67882941538,6405.638128429079,295.350271519128
443200,421.59999999694236,-15258.36371806885,6511.44794594648,300.228935862413
443300,421.6499999969412,-15795.549599423173,6520.300401768424,300.6371036636846
443400,421.69999999694,-16754.63807311682,6487.901874916292,299.143276895649
443500,421.7499999969388,-16445.583435867502,6634.3580050462715,305.89605576518187
443600,421.79999999693763,-18031.437091395965,6451.604838218317,297.4696981780957
443700,421.84999999693645,-16063.239528001972,6532.470597557868,301.19824535773387
443800,421.89999999693526,-15516.147954439479,6376.830234525273,294.02200115545855
443900,421.9499999969341,-17257.699326477967,6475.599416417299,298.5760368509914
444000,421.9999999969329,-15943.33218591115,6392.792543095862,294.7579890579709
444100,422.0499999969317,-15374.417349092813,6192.410613162982,285.51880691458047
444200,422.09999999693053,-14331.95727565193,6191.516649727863,285.4775881729037
444300,422.14999999692935,-15415.787328642984,6356.769201162148,293.0970298205252
444400,422.19999999692817,-17398.696851457185,6463.584476067925,298.02205365316996
444500,422.249999996927,-14541.049478909643,6364.167754601958,293.4381612930632
444600,422.2999999969258,-16661.28453109237,6295.84236934629,290.28782393676624
444700,422.3499999969246,-16177.627639579667,6365.058405344552,293.47922729357396
444800,422.39999999692344,-14910.212095764544,6318.6139258340145,291.3377716947754
444900,422.44999999692226,-17950.699690132064,6533.1125712476105,301.22784539129367
445000,422.4999999969211,-14931.639159685816,6376.467448978639,294.00527388995386
445100,422.5499999969199,-15628.811737015885,6255.562199890528,288.43059148824614
445200,422.5999999969187,-16090.777413712232,6211.19145708652,286.3847514529641
445300,422.64999999691753,-14915.139945593404,6155.182134911275,283.80228141947225
445400,422.69999999691635,-18050.877635742014,6263.7856869727575,288.8097588863842
445500,422.74999999691516,-15305.234468890043,6213.60823657121,286.49618398516367
445600,422.799999996914,-15513.207133195905,6201.981206377937,285.96008649484446
445700,422.8499999969128,-16035.487704286837,6238.367583413365,287.6377845042458
445800,422.8999999969116,-15178.065011323379,6368.751753469706,293.6495196750211
445900,422.94999999691044,-17144.44077725569,6293.433050004883,290.17673537581504
446000,422.99999999690925,-14218.705813510864,6215.426973389655,286.5800420493222
446100,423.04999999690807,-13622.51022042942,6339.136871070515,292.2840407980941
446200,423.0999999969069,-16819.990414704196,6351.096562468399,292.83547658494774
446300,423.1499999969057,-14840.824263253966,6392.730686349585,294.7551369757206
446400,423.1999999969045,-16397.032179130452,6148.90632750065,283.51291736462446
446500,423.24999999690334,-18971.565971128177,6323.6955768083135,291.5720757508169
446600,423.29999999690216,-14851.90593684161,6319.486923458953,291.3780237477937
446700,423.349999996901,-16607.314414794153,6388.774491289717,294.5727252843812
446800,423.3999999968998,-16298.747253655836,6322.6467280611505,291.52371557872374
446900,423.4499999968986,-15918.494846920239,6356.327807088128,293.07667808397764
447000,423.49999999689743,-16260.005891321329,6388.361047956728,294.55366229671193
447100,423.54999999689625,-13159.482467131751,6289.690931896572,290.00419431477053
447200,423.59999999689506,-15636.629222832407,6338.248293060893,292.2430703668668
447300,423.6499999968939,-15568.056110568465,6216.679188107895,286.63777899131253
447400,423.6999999968927,-14772.40146092792,6215.816449322694,286.5979999514495
447500,423.7499999968915,-16097.988755219543,6113.950719899547,281.90118907321795
447600,423.79999999689034,-16036.676837825995,6205.097151079068,286.103756039559
447700,423.84999999688915,-17707.984608472405,6300.270965451634,290.49201702977854
447800,423.89999999688797,-16711.30183521386,6435.365605799563,296.72094190932444
447900,423.9499999968868,-17087.62723876604,6360.089849767945,293.2501378243928
448000,423.9999999968856,-16197.093045639453,6321.704881617313,291.48028905394364
448100,424.0499999968844,-15422.951320471733,6411.888114010712,295.6384449846776
448200,424.09999999688324,-15122.723931191733,6516.072028583135,300.44214242121024
448300,424.14999999688206,-15392.054700360255,6431.00918241938,296.5200765462814
448400,424.1999999968809,-15275.459350472602,6635.770057666899,305.96116249093507
448500,424.2499999968797,-16727.017071644314,6347.499601160132,292.669628393442
448600,424.2999999968785,-15973.535683346383,6249.035776414182,288.1296720627118
448700,424.34999999687733,-15311.176306796659,6397.033947668746,294.95355114985125
448800,424.39999999687615,-15666.535106779766,6500.9667077610775,299.7456683905625
448900,424.44999999687496,-15828.566237252191,6214.126584516277,286.52008390008984
449000,424.4999999968738,-14888.616695278914,6204.695591403234,286.0852409819003
449100,424.5499999968726,-15918.352169891596,6332.355805944948,291.9713803908294
449200,424.5999999968714,-14604.794019031318,6270.3598451643375,289.1128792575266
449300,424.64999999687024,-15631.695687589605,6256.314823384313,288.46529334757446
449400,424.69999999686905,-16894.450582562207,6447.100699344803,297.2620219696399
449500,424.74999999686787,-16291.495098429596,6311.594964896473,291.01414242051396
449600,424.7999999968667,-18129.640026873378,6421.994642247243,296.1044353823442
449700,424.8499999968655,-15854.782173824213,6405.473931147719,295.34270073372613
449800,424.8999999968643,-15415.75618370105,6366.874579754972,293.5629672105797
449900,424.94999999686314,-16647.106703234873,6420.630929858127,296.0415575212594
450000,424.99999999686196,-13898.977372517991,6363.204681309229,293.39375604368803
450100,425.0499999968608,-13034.413637931735,6432.4432467763045,296.58619818610896
450200,425.0999999968596,-14996.374024405062,6550.113043349337,302.0117007934454
450300,425.1499999968584,-15667.998180261704,6437.921482747663,296.8387879280124
450400,425.19999999685723,-16993.567432283584,6641.118082158439,306.2077484600452
450500,425.24999999685605,-16507.62259556843,6723.961062390416,310.0274610654727
450600,425.29999999685487,-16422.109319682924,6551.219482772388,302.06271634840897
450700,425.3499999968537,-16347.360961933608,6372.645632057369,293.829058087131
450800,425.3999999968525,-15637.084486058655,6545.050882219159,301.7782953724248
450900,425.4499999968513,-15782.595915605214,6554.96616453095,302.23546782960426
451000,425.49999999685014,-12799.32466675722,6559.896045935392,302.46277411543656
451100,425.54999999684895,-14822.177885581747,6590.959564528171,303.89504650840837
451200,425.59999999684777,-16153.92883957692,6441.769741135824,297.01622289031144
451300,425.6499999968466,-14718.64268825007,6462.647859712261,297.97886827656765
451400,425.6999999968454,-16718.12656012729,6553.397093969999,302.16312134250677
451500,425.7499999968442,-17419.90221113163,6535.086246812582,301.3188473496182
451600,425.79999999684304,-17917.095440540827,6429.489859037727,296.45002379520497
451700,425.84999999684186,-17818.070798443932,6494.376895192349,299.4418262295768
451800,425.8999999968407,-15443.472115452607,6304.3916456967045,290.68201278115015
451900,425.9499999968395,-14192.314038035667,6491.469109343082,299.3077544442399
452000,425.9999999968383,-14909.322680750098,6600.56837367436,304.3380881435122
452100,426.04999999683713,-15234.434144183442,6545.038892966255,301.7777425736201
452200,426.09999999683595,-15797.86149602567,6442.881193629877,297.06746958725523
452300,426.14999999683477,-14139.460174706717,6426.363109809241,296.3058560768465
452400,426.1999999968336,-15252.264937216087,6562.459229331688,302.58095701882127
452500,426.2499999968324,-16027.510533037012,6539.447132150217,301.5199184439745
452600,426.2999999968312,-17555.439249294654,6486.317031221626,299.0702031430969
452700,426.34999999683004,-16713.075580106033,6508.023650471322,300.0710489231148
452800,426.39999999682885,-14890.586754864356,6453.636491206975,297.5633733514043
452900,426.44999999682767,-15689.796646333529,6475.757972350357,298.5833475258907
453000,426.4999999968265,-15603.980197024452,6381.812875360491,294.2517400657839
453100,426.5499999968253,-14255.793641472928,6434.240556204935,296.6690682791593
453200,426.5999999968241,-14936.800387043324,6537.582650536944,301.4339511851813
453300,426.64999999682294,-15048.299734704024,6242.759648624786,287.84029323588425
453400,426.69999999682176,-16007.132778126434,6266.839628539555,288.9505695992083
453500,426.7499999968206,-16266.224788027315,6352.997192439359,292.92311056718745
453600,426.7999999968194,-17539.93589787848,6484.4872135714495,298.9858341654908
453700,426.8499999968182,-16910.84471425082,6699.394106698693,308.89473129078465
453800,426.89999999681703,-15229.632274584226,6493.566454777039,299.40445855567566
453900,426.94999999681585,-15316.938957221835,6435.00993187596,296.7045425455449
454000,426.99999999681467,-14766.509854185666,6501.611790393516,299.7754117708195
454100,427.0499999968135,-14554.596702808052,6508.605332227945,300.0978690246116
454200,427.0999999968123,-15013.971779251715,6543.527840263725,301.7080711658659
454300,427.1499999968111,-14034.60159674677,6643.420802927046,306.3139219888342
454400,427.19999999680994,-15222.828732742395,6552.193749991883,302.10763772580196
454500,427.24999999680875,-15325.153966702115,6600.1247802420185,304.31763499925717
454600,427.29999999680757,-17926.331775416962,6439.857163824234,296.92803804175236
454700,427.3499999968064,-17631.155520238346,6505.360122768401,299.9482393584026
454800,427.3999999968052,-14210.028596432798,6466.928827253611,298.176254532293
454900,427.449999996804,-16269.779553892535,6298.391301111268,290.4053497279171
455000,427.49999999680284,-16716.886491887057,6244.951346160203,287.9413477208855
455100,427.54999999680166,-14776.620191430231,6266.304814646865,288.9259104746603
455200,427.5999999968005,-15285.495684918225,6451.134880864992,297.44802944984036
455300,427.6499999967993,-15637.676611449888,6284.830794160112,289.7801037602772
455400,427.6999999967981,-15519.257065656571,6361.887406720476,293.3330193302407
455500,427.74999999679693,-13074.827593552622,6140.705447061885,283.13479231045767
455600,427.79999999679575,-14547.284902132273,6230.219454566675,287.2620917131464
455700,427.84999999679457,-15646.724436345818,6645.54270905761,306.4117585414516
455800,427.8999999967934,-15414.161943423347,6531.5391920452985,301.1553002419599
455900,427.9499999967922,-18046.873776761713,6583.297692191451,303.5417739648109
456000,427.999999996791,-17623.234504441425,6410.155133690837,295.55854096922275
456100,428.04999999678984,-17606.264811779216,6385.290064895119,294.4120658370163
456200,428.09999999678865,-18669.419370834934,6681.614558415241,308.07495435244977
456300,428.14999999678747,-16300.210606247421,6521.681988697887,300.7008056815887
456400,428.1999999967863,-15841.901824964829,6539.553818003874,301.52483750047026
456500,428.2499999967851,-13409.072519796515,6368.433317388855,293.63483726851376
456600,428.2999999967839,-12679.780555251717,6485.672217094796,299.04047214305905
456700,428.34999999678274,-15597.109411638376,6603.839492516077,304.48891243590936
456800,428.39999999678156,-14390.664913425928,6424.407700046282,296.21569631557963
456900,428.4499999967804,-15960.060811670415,6410.224879576146,295.56175680279785
457000,428.4999999967792,-16549.798681740762,6669.845981430902,307.5323304423834
457100,428.549999996778,-17206.434158403998,6480.637912244635,298.8083511155215
457200,428.59999999677683,-17884.470260345126,6437.681441905058,296.82772015824185
457300,428.64999999677565,-17267.0141364684,6455.392786884581,297.6443523881293
457400,428.69999999677447,-15043.093256669905,6547.684250155301,301.89971433480696
457500,428.7499999967733,-14438.453122753714,6527.166436269658,300.95368182709956
457600,428.7999999967721,-15095.44924833254,6426.188089249643,296.29778625323763
457700,428.8499999967709,-15814.079617484786,6594.844963566086,304.0741939466184
457800,428.89999999676974,-14138.076916881499,6405.266308656405,295.3331277047861
457900,428.94999999676855,-14634.582004680007,6370.703702939325,293.7395198895641
458000,428.9999999967674,-15170.740527733113,6633.975496101676,305.87841909598836
458100,429.0499999967662,-16157.955904908453,6596.201025938992,304.13671908182033
458200,429.099999996765,-16868.520358721464,6506.8704952365115,300.01787940200285
458300,429.1499999967638,-16763.82555082116,6693.311919720566,308.6142946598974
458400,429.19999999676264,-16241.455567707875,6632.441136909074,305.8076730758328
458500,429.24999999676146,-15949.196709732088,6708.484466608964,309.3138683406579
458600,429.2999999967603,-16435.847050200806,6558.932792254287,302.4183605487392
458700,429.3499999967591,-15252.156284123253,6534.471188692325,301.290488335391
458800,429.3999999967579,-15326.730608003134,6745.074360589578,311.0009500810497
458900,429.44999999675673,-13811.52322608787,6689.628352281479,308.44445324496246
459000,429.49999999675555,-14345.554610151701,6713.33796189992,309.5376526261983
459100,429.54999999675437,-16337.582281712332,6698.4917587614855,308.85312595765225
459200,429.5999999967532,-13720.989854817179,6715.675827253077,309.6454465966015
459300,429.649999996752,-15114.490551096736,6553.161270001347,302.15224800377365
459400,429.6999999967508,-17186.552584164212,6588.798889846718,303.795422420841
459500,429.74999999674964,-15967.765000455838,6651.399685231657,306.68181118392107
459600,429.79999999674845,-15568.829501707522,6580.171554846578,303.39763445909693
459700,429.8499999967473,-16226.463806710442,6630.47308173544,305.71693026173006
459800,429.8999999967461,-15852.198861260822,6343.761711103946,292.49728227883656
459900,429.9499999967449,-15639.491808377014,6404.1135282932355,295.2799754682036
460000,429.9999999967437,-14951.51566555469,6535.042204065058,301.3168166327436
460100,430.04999999674254,-15158.325311093462,6346.145632110011,292.60719977687575
460200,430.09999999674136,-15326.88784278489,6443.405848177768,297.0916602861468
460300,430.1499999967402,-15434.741106493453,6316.877092802454,291.2576900390262
460400,430.199999996739,-15110.801317711783,6408.422830139198,295.47866815810346
460500,430.2499999967378,-15640.630821354203,6552.1215891630745,302.104310544348
460600,430.29999999673663,-16812.899879758068,6532.645053072645,301.20628912833473
460700,430.34999999673545,-15974.445313948307,6412.143245990623,295.65020857450725
460800,430.39999999673427,-14278.064883890633,6341.322389342464,292.38481037047524
460900,430.4499999967331,-15533.795406658366,6542.2119070393555,301.64739629986093
461000,430.4999999967319,-16515.17223132842,6504.019947783154,299.8864467566602
461100,430.5499999967307,-16632.341778065853,6662.654005397694,307.20072381216494
461200,430.59999999672954,-16710.970399016558,6680.604515255102,308.02838342296354
461300,430.64999999672835,-15144.6868530105,6546.420182296159,301.8414308698451
461400,430.6999999967272,-15921.620152783906,6658.579900173496,307.01287553537514
461500,430.749999996726,-15376.842247149052,6640.4816077633,306.1784019871957
461600,430.7999999967248,-16381.156739242075,6516.945270870724,300.4824057551
461700,430.8499999967236,-16207.452584862522,6609.825569530871,304.7649176419804
461800,430.89999999672244,-12946.974952850622,6607.860297638713,304.67430315903266
461900,430.94999999672126,-15737.673077915537,6560.270863179223,302.48005613676156
462000,430.9999999967201,-16764.842014075173,6482.261753631634,298.8832229682453
462100,431.0499999967189,-14742.198758519415,6314.725920880403,291.1585041033671
462200,431.0999999967177,-16673.93355689086,6720.034086063791,309.8463965874201
462300,431.14999999671653,-13878.097285565487,6372.5231274698735,293.82340966265656
462400,431.19999999671535,-16464.61102454178,6301.3039098835225,290.539643887916
462500,431.24999999671417,-16533.20357314051,6581.062470721066,303.4387126842722
462600,431.299999996713,-13894.153794705579,6401.443822248134,295.1568810333498
462700,431.3499999967118,-15177.25264327364,6526.07127529061,300.9031862970628
462800,431.3999999967106,-15339.79350055352,6439.733084237061,296.92231699741194
462900,431.44999999670944,-15843.93917299872,6386.265347605653,294.45703403652885
463000,431.49999999670825,-17107.502731801873,6438.334371140407,296.857825328574
463100,431.5499999967071,-15843.608379016348,6369.987307427521,293.7064884249881
463200,431.5999999967059,-16363.581617036087,6722.276794657243,309.9498030831874
463300,431.6499999967047,-16107.515081265217,6468.19722718653,298.2347377399097
463400,431.6999999967035,-16581.589728827763,6651.8022995602505,306.7003748693625
463500,431.74999999670234,-14196.141133473933,6483.370496284748,298.9343447202201
463600,431.79999999670116,-13660.019335212128,6507.963787112322,300.06828875168765
463700,431.8499999967,-17198.69895270737,6583.859627389984,303.56768359475495
463800,431.8999999966988,-14502.262439727698,6614.338229811407,304.97298675428544
463900,431.9499999966976,-16669.21138946092,6572.350791415134,303.0370357870127
464000,431.99999999669643,-16787.085452342882,6561.592701591523,302.5410032783499
464100,432.04999999669525,-14612.3245406967,6439.047915383361,296.89072532724276
464200,432.09999999669407,-17747.16592279007,6582.593827183184,303.50932025494836
464300,432.1499999966929,-16650.62518930531,6308.045997537052,290.8505071273235
464400,432.1999999966917,-16218.414621889566,6375.602416668813,293.96538910057643
464500,432.2499999966905,-16301.635999596823,6501.146965969882,299.75397971097215
464600,432.29999999668934,-15093.683276779208,6557.527179887089,302.35355076929505
464700,432.34999999668815,-15303.123060815466,6563.860437321549,302.64556372184796
464800,432.399999996687,-14802.124610745792,6409.395210014399,295.52350251408836
464900,432.4499999966858,-13045.144635490065,6343.945588908999,292.5057604910864
465000,432.4999999966846,-14328.060562842265,6534.6021791128105,301.2965280234722
465100,432.5499999966834,-15086.57788121995,6547.107026654467,301.8730997939477
465200,432.59999999668224,-15832.163156690762,6605.084801179879,304.5463309545026
465300,432.64999999668106,-15971.77923378753,6442.894220063778,297.068070208257
465400,432.6999999966799,-16856.530981540527,6602.61197479829,304.4323142197794
465500,432.7499999966787,-16131.028208328602,6562.435632930197,302.5798690392246
465600,432.7999999966775,-16222.491433064573,6533.846230375221,301.26167284426526
465700,432.84999999667633,-17420.928210477512,6516.117734522876,300.44424982432014
465800,432.89999999667515,-15315.740547091607,6609.318859716966,304.7415543363865
465900,432.94999999667397,-14713.43105244245,6634.3949039994,305.89775709697847
466000,432.9999999966728,-14959.47773309876,6558.945856347185,302.41896290611675
466100,433.0499999966716,-14907.45193816144,6673.502047977868,307.700903850011
466200,433.0999999966704,-15621.376782428362,6519.722428099322,300.61045453417125
466300,433.14999999666924,-14248.525378727581,6402.821100251879,295.2203843759064
466400,433.19999999666805,-14182.529791149318,6555.747985084636,302.2715159029079
466500,433.2499999966669,-15785.5949924554,6546.510876344318,301.8456125783981
466600,433.2999999966657,-15186.367134557742,6535.949840163914,301.35866579169743
466700,433.3499999966645,-16292.168976408888,6713.493673499975,309.54483215498726
466800,433.3999999966633,-17086.56550686949,6597.654180743489,304.2037209413482
466900,433.44999999666214,-14904.933893259136,6789.294872083805,313.03986327200414
467000,433.49999999666096,-17921.90686792171,6739.303968549663,310.73488964778903
467100,433.5499999966598,-16068.234795320792,6697.270969150235,308.79683796012233
467200,433.5999999966586,-14869.892811875994,6732.7926001869455,310.4346643813391
467300,433.6499999966574,-15416.483071642788,6570.215038178366,302.9385607739492
467400,433.69999999665623,-14662.312373634755,6660.095742911802,307.08276780143245
467500,433.74999999665505,-14847.97321890005,6555.732633795288,302.2708080877947
467600,433.79999999665387,-13635.400187335734,6715.103342379117,309.61905054369083
467700,433.8499999966527,-15048.067898916906,6765.511394651144,311.9432580038685
467800,433.8999999966515,-17386.8798314648,6721.007566871636,309.8912817050542
467900,433.9499999966503,-15602.566450083428,6674.799747414188,307.7607379950536
468000,433.99999999664914,-17222.440741818566,6711.165667014424,309.4374927558797
468100,434.04999999664795,-18927.529995265624,6668.261307078598,307.45926449784537
468200,434.0999999966468,-15257.051545049979,6648.767018319713,306.5604245442651
468300,434.1499999966456,-15757.106808472434,6733.509375320047,310.46771334944117
468400,434.1999999966444,-15826.551832292025,6599.434709468532,304.28581731205253
468500,434.2499999966432,-14748.681523622914,6635.109298729634,305.9306963097963
468600,434.29999999664204,-13445.402372899192,6717.453098606329,309.7273927768605
468700,434.34999999664086,-14276.553926606,6710.361655887389,309.40042152270775
468800,434.3999999966397,-15591.096888749173,6550.878985496906,302.04701674740926
468900,434.4499999966385,-15930.76533137043,6626.495682694216,305.53354090016876
469000,434.4999999966373,-16604.858458946914,6750.563089632575,311.25402363604013
469100,434.54999999663613,-17539.380308113225,6313.419338326062,291.09826037675475
469200,434.59999999663495,-16869.749757091267,6538.882141842,301.4938679494583
469300,434.64999999663377,-16852.391563483183,6640.6003340364405,306.1838762016776
469400,434.6999999966326,-17482.99370784906,6502.283301549336,299.8063737137553
469500,434.7499999966314,-15046.603544955424,6539.000835257501,301.4993406489448
469600,434.7999999966302,-13984.976269748498,6432.968831692582,296.6104317822967
469700,434.84999999662904,-14545.654625517018,6606.2042432204835,304.59794603234707
469800,434.89999999662786,-14398.168310558784,6560.818858402971,302.50532302428786
469900,434.9499999966267,-15088.917278414481,6523.406214161645,300.7803060293559
470000,434.9999999966255,-14896.883578556432,6529.969923274256,301.08294461581903
470100,435.0499999966243,-15167.605013335478,6566.463005643119,302.765562579887
470200,435.0999999966231,-18032.02884286311,6594.07359650797,304.0386278616339
470300,435.14999999662194,-16226.589345975386,6545.442488935138,301.79635152039543
470400,435.19999999662076,-16918.892992581503,6591.167787983058,303.90464724649325
470500,435.2499999966196,-17069.097876996348,6810.445534424241,314.015075068208
470600,435.2999999966184,-16050.614494844605,6634.391121043288,305.8975826729644
470700,435.3499999966172,-15428.658320818902,6644.596017763755,306.368108631001
470800,435.39999999661603,-14538.727908248497,6601.356100157949,304.37440852661007
470900,435.44999999661485,-15943.46345778735,6612.4270327444465,304.8848655458538
471000,435.49999999661367,-14720.910579015364,6639.128295404977,306.11600364928347
471100,435.5499999966125,-15172.19892921858,6478.686283177378,298.7183656740459
471200,435.5999999966113,-16478.2517693623,6524.8312229554795,300.8460101365405
471300,435.6499999966101,-13888.361014341881,6377.0570356304925,294.03245846926
471400,435.69999999660894,-16177.343746981833,6554.048062092141,302.19313609010413
471500,435.74999999660776,-16638.440480031506,6324.1686176952735,291.593886654212
471600,435.7999999966066,-14158.972971283554,6360.0221283989695,293.247015336935
471700,435.8499999966054,-14121.647316861232,6532.615549798886,301.20492879549346
471800,435.8999999966042,-13808.70654888948,6568.497844587999,302.85938465082177
471900,435.949999996603,-16376.550716315982,6550.764963444018,302.0417594344602
472000,435.99999999660184,-16263.560213317114,6579.646913313558,303.3734443602932
472100,436.04999999660066,-15624.856524214298,6584.60657023009,303.6021235312939
472200,436.0999999965995,-16682.04569921385,6442.392548942371,297.0449392259957
472300,436.1499999965983,-14335.531714521352,6467.596904303897,298.2070581359686
472400,436.1999999965971,-15381.67977895743,6550.525166669441,302.03070291814424
472500,436.24999999659593,-15445.97335042459,6566.0679347881705,302.7473467078788
472600,436.29999999659475,-12886.341027524733,6485.443579702629,299.02993016199457
472700,436.34999999659357,-15607.717638881642,6644.0143427114335,306.34128883862513
472800,436.3999999965924,-14839.80316872462,6435.273214549397,296.71668194641757
472900,436.4499999965912,-14550.134035727839,6474.227400073842,298.5127761123352
473000,436.49999999659,-18171.384922166435,6666.083529925496,307.3588518518949
473100,436.54999999658884,-14645.082744164774,6580.526976038188,303.41402216994493
473200,436.59999999658766,-16114.395084897318,6510.9355805216055,300.20531178869555
473300,436.6499999965865,-17290.00191739359,6510.022010682785,300.16318903768496
473400,436.6999999965853,-15219.182092266916,6569.219540951797,302.89266052634406
473500,436.7499999965841,-17827.24807056024,6647.104784143167,306.483782482143
473600,436.7999999965829,-16064.261270885061,6662.281375950511,307.1835426654634
473700,436.84999999658174,-14251.85535528025,6555.817805949162,302.27473519361433
473800,436.89999999658056,-16353.530786546342,6499.182965649203,299.6634238574653
473900,436.9499999965794,-13787.643870955748,6574.241552485608,303.12421473536193
474000,436.9999999965782,-13382.419637915436,6506.0579972311125,299.9804168570242
474100,437.049999996577,-15716.129590413368,6548.8175697257175,301.95196927586505
474200,437.09999999657583,-15502.02931272119,6501.8907160139515,299.7882724345157
474300,437.14999999657465,-14555.490587331431,6471.42680027306,298.3836464464075
474400,437.19999999657347,-14461.831792377245,6471.653425431639,298.3940956476858
474500,437.2499999965723,-16833.261242085016,6494.150781249802,299.4314005993763
474600,437.2999999965711,-17009.945781437196,6579.628353160225,303.3725885913259
474700,437.3499999965699,-15626.757986833642,6673.906952687201,307.71957314000883
474800,437.39999999656874,-14393.051728141818,6474.956869761443,298.5464103991897
474900,437.44999999656756,-15525.413574989056,6482.159156584599,298.8784924378764
475000,437.4999999965664,-15343.241852335863,6502.3778879946285,299.81073489241373
475100,437.5499999965652,-15891.506468238693,6664.239406171026,307.27382325042265
475200,437.599999996564,-15527.73069868353,6523.37221649061,300.7787384694704
475300,437.6499999965628,-16166.177576294564,6372.962816881217,293.8436828008546
475400,437.69999999656164,-16697.095796407088,6538.077457262739,301.4567656648448
475500,437.74999999656046,-15815.670510721053,6562.3469072817625,302.5757780893722
475600,437.7999999965593,-17737.693623857474,6462.686587775495,297.9806539447184
475700,437.8499999965581,-16080.9620593845,6487.250979375369,299.1132654946163
475800,437.8999999965569,-13637.8788755251,6368.981451105909,293.6601105416701
475900,437.94999999655573,-16661.533540254393,6373.109578324274,293.8504496570501
476000,437.99999999655455,-15905.797490176956,6602.083538810458,304.4079491667812
476100,438.04999999655337,-14082.470474805566,6435.080775423608,296.70780898998237
476200,438.0999999965522,-14158.567254851328,6433.90881982115,296.65377262413494
476300,438.149999996551,-14893.306710273337,6489.469085262883,299.2155376122416
476400,438.1999999965498,-18394.890283764806,6553.259775935561,302.15678990168186
476500,438.24999999654864,-16480.70746458713,6426.457273708296,296.3101977728018
476600,438.29999999654746,-16087.590463006918,6531.0683238958745,301.1335895188447
476700,438.3499999965463,-17281.07853302504,6464.085243676916,298.04514297640657
476800,438.3999999965451,-16113.257957683476,6360.382398716645,293.26362663061303
476900,438.4499999965439,-15476.229952654816,6338.8027384560455,292.26863465799875
477000,438.4999999965427,-14875.278881362487,6377.1858396661455,294.03839734781354
477100,438.54999999654154,-14516.418596591906,6449.229283792604,297.36016644517923
477200,438.59999999654036,-15503.12488092791,6368.102847422197,293.619600005274
477300,438.6499999965392,-15359.814049060464,6524.344724347414,300.8235787264132
477400,438.699999996538,-14651.506853626157,6449.76046428542,297.3846580414314
477500,438.7499999965368,-14688.419281559169,6251.047918725634,288.2224476404306
477600,438.79999999653563,-14858.53045905672,6406.490403755327,295.3895681112816
477700,438.84999999653445,-17401.238212323835,6365.9755719305385,293.52151588290235
477800,438.89999999653327,-16091.435665440447,6518.216559490525,300.54102215388946
477900,438.9499999965321,-16558.32164281151,6334.055213161745,292.0497364223191
478000,438.9999999965309,-16564.78071082684,6472.855411815168,298.4495166686082
478100,439.0499999965297,-16141.70937131563,6534.868962292132,301.3088288251831
478200,439.09999999652854,-16746.778734754804,6508.613455568627,300.09824357447343
478300,439.14999999652736,-15084.911504274043,6587.619536032781,303.74104493928803
478400,439.1999999965262,-15866.365412538275,6526.577202591656,300.9265135226626
478500,439.249999996525,-14837.756784517114,6452.167553329546,297.4956437681457
478600,439.2999999965238,-14336.929594171783,6524.6731607707725,300.83872222732145
478700,439.3499999965226,-15473.328484144424,6480.807134567561,298.81615359484067
478800,439.39999999652144,-14548.954343880201,6420.8588269241345,296.0520653674683
478900,439.44999999652026,-14581.074413492923,6460.01843361183,297.85763106379795
479000,439.4999999965191,-16363.124405003073,6487.01590669752,299.10242679629505
479100,439.5499999965179,-18025.742452727718,6517.720658747342,300.5181572314244
479200,439.5999999965167,-17817.34249286361,6560.857843214452,302.5071205305511
479300,439.64999999651553,-17443.815631473233,6588.468767091752,303.78020116678965
479400,439.69999999651435,-15651.821123575186,6333.744462061903,292.03540835384666
479500,439.74999999651317,-17154.06887206603,6381.122870658269,294.21992542498396
479600,439.799999996512,-13762.839266629562,6379.8957712539295,294.16334649639225
479700,439.8499999965108,-13345.322078234392,6413.640537881621,295.7192455006781
479800,439.8999999965096,-14980.004172338624,6501.9910600932335,299.792899085361
479900,439.94999999650844,-15338.55500010183,6301.600674142285,290.5533270530661
480000,439.99999999650726,-15933.965902521219,6429.157928368263,296.43471918208354
480100,440.0499999965061,-14326.597965672992,6338.299750058365,292.2454429389463
480200,440.0999999965049,-15347.312204327915,6227.271605501654,287.12617269863205
480300,440.1499999965037,-17198.85806329869,6452.986017705735,297.5333814097187
480400,440.1999999965025,-16831.45497340563,6432.531629544572,296.5902733264903
480500,440.24999999650134,-16136.534428214965,6492.670993683753,299.3631707601845
480600,440.29999999650016,-14178.125520186073,6412.340288684326,295.65929379161116
480700,440.349999996499,-15660.887818395388,6365.303697713824,293.4905372000054
480800,440.3999999964978,-16236.37493217324,6318.0066934161405,291.30977350694485
480900,440.4499999964966,-14319.53122035098,6389.989913360691,294.62876579611094
481000,440.49999999649543,-17187.494852267748,6351.195680013154,292.8400466829097
481100,440.54999999649425,-15836.86123861425,6361.9126894327,293.334185062018
481200,440.59999999649307,-15398.129273498613,6276.368776422649,289.3899382238777
481300,440.6499999964919,-18149.114004453066,6338.836009431668,292.2701687115133
481400,440.6999999964907,-15285.233692883463,6328.155535681618,291.77771491397044
481500,440.7499999964895,-15253.582568270458,6431.522175279007,296.5437295496732
481600,440.79999999648834,-14889.465101216603,6452.375456148458,297.50522972239173
481700,440.84999999648716,-14782.835269750574,6366.245575715571,293.5339651798532
481800,440.899999996486,-15056.13581267966,6516.629523095161,300.46784730059875
481900,440.9499999964848,-13536.413816814878,6458.337627919615,297.7801327088155
482000,440.9999999964836,-16139.939670203004,6479.19221592162,298.74169315061994
482100,441.0499999964824,-16399.166020973,6493.115437061129,299.38366309358696
482200,441.09999999648124,-15095.968691864346,6559.837550307105,302.4600770071468
482300,441.14999999648006,-17350.90529087371,6583.264829523182,303.540258737475
482400,441.1999999964789,-15940.495533153662,6613.488974061226,304.933829388325
482500,441.2499999964777,-15942.474042783331,6586.580297631928,303.6931278797054
482600,441.2999999964765,-15026.891654277539,6684.776292308248,308.22073513885204
482700,441.34999999647533,-13753.182171771117,6536.863264107913,301.40078181580986
482800,441.39999999647415,-14774.774778517634,6522.412474299427,300.73448681006175
482900,441.44999999647297,-14721.069819053062,6665.39116409887,307.3269283446994
483000,441.4999999964718,-15198.002219188193,6482.989775663789,298.916790506804
483100,441.5499999964706,-15317.872752265099,6643.377976348348,306.31194734690257
483200,441.5999999964694,-16184.32547289611,6617.115313032447,305.10103212102655
483300,441.64999999646824,-18685.941320191476,6801.2385483234875,313.5905606341718
483400,441.69999999646706,-17608.569886665584,6662.394819784182,307.1887733179613
483500,441.7499999964659,-17565.165818164678,6523.876958886667,300.8020110616359
483600,441.7999999964647,-14831.379047355784,6465.350887984434,298.1034991280307
483700,441.8499999964635,-14411.14252934739,6555.640252612687,302.26654858908165
483800,441.8999999964623,-15506.513554662704,6450.349761138843,297.4118292587518
483900,441.94999999646114,-14158.914332416773,6553.662119393411,302.1753410978527
484000,441.99999999645996,-14040.372502821507,6523.939595973273,300.8048991237095
484100,442.0499999964588,-15583.462689228556,6524.845965021195,300.84668986165525
484200,442.0999999964576,-14639.365010414162,6300.60440410062,290.50739117260997
484300,442.1499999964564,-16638.900170005363,6454.155762930159,297.5873158597633
484400,442.19999999645523,-18659.197345510547,6368.525251611962,293.63907615888064
484500,442.24999999645405,-16459.99231497121,6427.075016882329,296.33868058911486
484600,442.29999999645287,-16496.73370499762,6499.993059282796,299.70077554200327
484700,442.3499999964517,-15481.96735170673,6303.328338209934,290.632985947503
484800,442.3999999964505,-16262.94797124677,6528.7572027170245,301.02702866510907
484900,442.4499999964493,-16243.891454093073,6433.4399332357825,296.63215326669956
485000,442.49999999644814,-13539.368982603206,6439.462541468776,296.9098428490963
485100,442.54999999644696,-16199.936013344184,6427.2876119202165,296.3484828915404
485200,442.5999999964458,-14204.892021960497,6449.063783433496,297.35253557764986
485300,442.6499999964446,-14806.504850991972,6312.114077406031,291.03807758787326
485400,442.6999999964434,-17292.128321996475,6502.454410974097,299.81426320330337
485500,442.7499999964422,-15411.089362955996,6679.177445573299,307.96258429264327
485600,442.79999999644104,-16096.043694629125,6557.949971501371,302.3730447862174
485700,442.84999999643986,-15958.772574994158,6483.798527766574,298.9540803362261
485800,442.8999999964387,-16278.901312603517,6439.05671262489,296.89113094923107
485900,442.9499999964375,-16049.558084562002,6481.185705855618,298.8336087071144
486000,442.9999999964363,-14544.337715824751,6494.680889693693,299.45584276574573
486100,443.04999999643513,-16542.36159356963,6684.130338690024,308.19095159930356
486200,443.09999999643395,-16349.485090364282,6574.2436222142815,303.1243101661236
486300,443.14999999643277,-15445.271165922877,6604.549281959711,304.5216393088134
486400,443.1999999964316,-15258.771750589716,6588.224724839307,303.76894890057093
486500,443.2499999964304,-14333.188684403243,6449.3362551005985,297.3650986633638
486600,443.2999999964292,-15430.882630029624,6578.345203242691,303.31342529347086
486700,443.34999999642804,-14485.53101731186,6453.715223082389,297.5670035097608
486800,443.39999999642686,-15237.545305190499,6393.93411170329,294.8106243444797
486900,443.4499999964257,-16681.657121923407,6526.916641631883,300.94216433069846
487000,443.4999999964245,-15115.760934568698,6500.3471796752665,299.7171032757855
487100,443.5499999964233,-18345.007822970663,6544.402320373256,301.7483915730774
487200,443.5999999964221,-17342.173190199235,6530.530683751043,301.10880008185626
487300,443.64999999642095,-15101.442825367174,6341.816946178169,292.4076133282413
487400,443.69999999641976,-16386.499651791088,6512.934138430882,300.297461018689
487500,443.7499999964186,-15465.907902363906,6472.568508095814,298.4362881518372
487600,443.7999999964174,-16519.31716556921,6380.984129550702,294.21352836930123
487700,443.8499999964162,-15347.51427323743,6500.123712150492,299.70679966624743
487800,443.89999999641503,-13139.876673881608,6551.782647174074,302.0886826542809
487900,443.94999999641385,-14318.106051761928,6503.622899209943,299.8681396962935
488000,443.99999999641267,-13239.317000362658,6509.918098389371,300.158397864119
488100,444.0499999964115,-15470.088902265701,6602.304216055022,304.4181241224676
488200,444.0999999964103,-15870.447506860615,6542.748701542425,301.6721467461167
488300,444.1499999964091,-16089.610396270517,6546.479372378119,301.8441599979082
488400,444.19999999640794,-18069.52464968519,6532.760351191578,301.21160527795945
488500,444.24999999640676,-17394.874755766818,6532.241762258295,301.18769425158223
488600,444.2999999964056,-16456.64239377597,6495.400340194491,299.4890150893293
488700,444.3499999964044,-16322.655875535333,6612.692143718035,304.89708924573546
488800,444.3999999964032,-14647.107662008006,6492.092811031837,299.33651199492067
488900,444.449999996402,-14839.243753211133,6471.798756304273,298.4007965433393
489000,444.49999999640085,-15337.090698475966,6563.201117425387,302.6151638918162
489100,444.54999999639966,-12801.514973209596,6551.379365174664,302.0700881839664
489200,444.5999999963985,-13413.618715775961,6517.772156748584,300.5205316941001
489300,444.6499999963973,-16515.622293438493,6451.249037079534,297.45329294869634
489400,444.6999999963961,-15537.935625093378,6450.516670116413,297.4195250746652
489500,444.74999999639493,-16900.93484505149,6524.037793991834,300.8094268242857
489600,444.79999999639375,-18274.065467940927,6478.7684291741625,298.7221532502355
489700,444.84999999639257,-16950.587394527178,6639.580005132513,306.13683101854804
489800,444.8999999963914,-17259.938102184748,6683.859884076166,308.17848151559997
489900,444.9499999963902,-15839.762024378178,6741.824826312574,310.851121006759
490000,444.999999996389,-14111.850236787537,6500.5479046002565,299.7263582726973
490100,445.04999999638784,-15334.2637585762,6563.566027513084,302.63198911536466
490200,445.09999999638666,-13014.774004836168,6746.641866816925,311.07322444007104
490300,445.1499999963855,-14090.170044458224,6587.843782556496,303.75138446680097
490400,445.1999999963843,-16029.221927598855,6678.064282514367,307.911258725212
490500,445.2499999963831,-15296.81757081341,6689.1378569250355,308.4218375533171
490600,445.2999999963819,-17617.80360293123,6596.612722686588,304.15570153817333
490700,445.34999999638075,-16811.985405470077,6766.224854231606,311.9761540989308
490800,445.39999999637956,-16550.370227630698,6631.606970466176,305.7692114455529
490900,445.4499999963784,-17698.755853234485,6584.703819663652,303.6066074946449
491000,445.4999999963772,-16363.325214645845,6500.886801709343,299.74198409344757
491100,445.549999996376,-15308.12678052938,6841.275797754443,315.43659255998904
491200,445.59999999637483,-13082.550377267711,6724.997761193872,310.075261029652
491300,445.64999999637365,-14383.392412925787,6424.531882131591,296.2214220858899
491400,445.69999999637247,-16283.767708152945,6677.656762640903,307.8924688555903
491500,445.7499999963713,-16206.187923346346,6489.135368529392,299.20015064752846
491600,445.7999999963701,-16458.235073150503,6677.952935283268,307.90612474257387
491700,445.8499999963689,-15880.205195320354,6531.647418000412,301.1602903092392
491800,445.89999999636774,-16522.973582295588,6416.784574938648,295.8642103238294
491900,445.94999999636656,-16332.36850205341,6465.440341267811,298.1076236275738
492000,445.9999999963654,-15114.437102732669,6497.556555257958,299.5884335534511
492100,446.0499999963642,-15045.569116167138,6443.1319680357465,297.07903225866727
492200,446.099999996363,-15012.926379365454,6369.320371072252,293.6757374163195
492300,446.1499999963618,-15221.220386550553,6466.2015970148805,298.1427235016354
492400,446.19999999636065,-15554.405954211754,6543.854691396483,301.72314157241567
492500,446.24999999635946,-15716.574044760711,6535.867005994473,301.3548464853388
492600,446.2999999963583,-16766.56095719912,6570.064631639222,302.93162585017046
492700,446.3499999963571,-15561.16288614806,6477.649349996686,298.67055490323366
492800,446.3999999963559,-14608.506537926714,6535.907012417021,301.356691095903
492900,446.44999999635473,-16423.350546786303,6625.467527404062,305.48613485911204
493000,446.49999999635355,-14519.145879591611,6655.37284723457,306.86500518470956
493100,446.54999999635237,-15132.632926983728,6677.378186505721,307.87962430591153
493200,446.5999999963512,-17256.51580241321,6725.3340865669825,310.09076827315766
493300,446.64999999635,-16019.178954722081,6370.6911992655605,293.73894337191405
493400,446.6999999963488,-16357.224629734203,6474.764531732243,298.53754210410204
493500,446.74999999634764,-14564.416544949152,6715.635511097909,309.64358770492885
493600,446.79999999634646,-15142.566414308903,6622.3377586811575,305.341827918325
493700,446.8499999963453,-16600.495433280692,6690.2708146141695,308.4740758088033
493800,446.8999999963441,-14971.507456017303,6547.16078467185,301.87557846113305
493900,446.9499999963429,-16043.880642542696,6550.936630577709,302.0496746387739
494000,446.9999999963417,-15350.051874382185,6561.980198767912,302.55886994424094
494100,447.04999999634055,-14818.832428479473,6613.668140469532,304.9420903681493
494200,447.09999999633936,-14504.842534267787,6810.334709804524,314.0099651820627
494300,447.1499999963382,-15880.227384196116,6503.162377170719,299.84690601018787
494400,447.199999996337,-13557.303090508723,6452.690373899513,297.5197499062385
494500,447.2499999963358,-14448.358765870618,6515.012470481873,300.3932884637085
494600,447.29999999633463,-15803.047655594344,6542.971735108009,301.68243034672486
494700,447.34999999633345,-16627.604945789866,6456.574017582744,297.6988164087989
494800,447.39999999633227,-16937.95744546715,6699.434152614878,308.896577722316
494900,447.4499999963311,-14505.861792669382,6760.3948323406685,311.7073442607964
495000,447.4999999963299,-14612.169338629672,6562.484106843914,302.58210406769336
495100,447.5499999963287,-15225.531518190237,6456.0725149767395,297.6756931964224
495200,447.59999999632754,-15783.328856786651,6584.261118896308,303.58619550926335
495300,447.64999999632636,-14848.734366628676,6604.458126063225,304.51743630542205
495400,447.6999999963252,-14534.547797368909,6683.5081727985125,308.1622648609484
495500,447.749999996324,-17303.08247236898,6682.695499589173,308.1247942376908
495600,447.7999999963228,-15902.206563475651,6526.78721500379,300.9361967457393
495700,447.8499999963216,-16286.769046051519,6507.92525131709,300.06651194860314
495800,447.89999999632045,-17864.2587504653,6570.085219404977,302.93257510800925
495900,447.94999999631926,-15534.289089572036,6552.484396236152,302.121038802391
496000,447.9999999963181,-16422.63509557351,6525.90372829907,300.89546106369005
496100,448.0499999963169,-14277.368648906913,6461.59288579681,297.93022568606744
496200,448.0999999963157,-13941.98081884671,6399.214687934255,295.0541004185763
496300,448.14999999631453,-15467.25082444209,6403.977112146122,295.273685611474
496400,448.19999999631335,-13971.491559995655,6419.342819540672,295.982165509975
496500,448.24999999631217,-15464.63561580064,6380.722955796141,294.2014862061667
496600,448.299999996311,-15142.44020925298,6531.406314248885,301.14917353101197
496700,448.3499999963098,-15943.58956438615,6595.743391439797,304.1156185340086
496800,448.3999999963086,-17776.4905678164,6325.862796996376,291.67200163769223
496900,448.44999999630744,-15563.0208643313,6366.429102193859,293.54242719317745
497000,448.49999999630626,-18094.842650841736,6580.501270882742,303.41283696021435
497100,448.5499999963051,-15836.497604097625,6532.807285950664,301.21376933930065
497200,448.5999999963039,-16524.804049510738,6550.366074765167,302.02336753075866
497300,448.6499999963027,-16631.411788947284,6469.781383756007,298.3077798105892
497400,448.69999999630153,-13314.058912378112,6379.866477470597,294.1619958227064
497500,448.74999999630035,-13554.691083133457,6478.466325519064,298.70822389694223
497600,448.79999999629916,-14699.970074208559,6436.420064811906,296.76956075874386
497700,448.849999996298,-14845.036431747745,6432.740113159617,296.59988606000354
497800,448.8999999962968,-16146.961342038585,6357.815829113019,293.1452875964519
497900,448.9499999962956,-17229.97601408909,6360.655374955449,293.27621298104873
498000,448.99999999629443,-15954.15375094811,6593.067071398891,303.9922191419565
498100,449.04999999629325,-16968.08764787002,6540.452780988552,301.56628676068243
498200,449.09999999629207,-17587.796111050575,6591.225382140883,303.9073027899084
498300,449.1499999962909,-15421.872396430466,6538.775703574928,301.4889603086504
498400,449.1999999962897,-15230.842301263085,6438.966600009748,296.88697604931076
498500,449.2499999962885,-14789.52822968937,6501.590736016593,299.77444099853795
498600,449.29999999628734,-14990.063968315833,6418.27254757977,295.9328175593237
498700,449.34999999628616,-13955.196082066605,6429.703288289007,296.4598645614256
498800,449.399999996285,-14170.437252145633,6540.41236370163,301.5644232060409
498900,449.4499999962838,-15918.573508043892,6632.329934654669,305.80254577775986
499000,449.4999999962826,-15543.085705484478,6662.616640463654,307.1990009949854
499100,449.54999999628143,-14809.075408131905,6516.380022266959,300.4563433511285
499200,449.59999999628025,-17286.16948626525,6400.045295538857,295.09239795843513
499300,449.64999999627906,-16939.67984033256,6462.8575309648895,297.9885357695093
499400,449.6999999962779,-17193.378310732664,6450.201302024546,297.404984126567
499500,449.7499999962767,-15765.720978116364,6313.671046353869,291.10986609547723
499600,449.7999999962755,-16600.81520165971,6414.438512490103,295.75603840289256
499700,449.84999999627433,-15066.79016109809,6470.793998445229,298.35446930778056
499800,449.89999999627315,-13892.84183606847,6459.046897550146,297.81283561424937
499900,449.94999999627197,-16288.353666005954,6347.925349305152,292.68925872967225
500000,449.9999999962708,-15086.58443549774,6347.687793726328,292.6783055500983
500100,450.0499999962696,-15036.892173096252,6354.216431073851,292.9793270524968
500200,450.0999999962684,-17205.508755987772,6444.861140854798,297.158760718404
500300,450.14999999626724,-14825.061980967506,6441.035005363678,296.98234579556345
500400,450.19999999626606,-17470.15261899276,6435.589316075204,296.7312567115858
500500,450.2499999962649,-16384.780737451892,6406.372673057869,295.38413980066474
500600,450.2999999962637,-15251.115124442878,6315.248472486478,291.1825978401101
500700,450.3499999962625,-17259.99579525486,6614.083924991774,304.9612613030469
500800,450.39999999626133,-14210.979065641266,6549.982836429509,302.0056972309035
500900,450.44999999626015,-15449.13917739618,6419.123180356433,295.97203841702964
501000,450.49999999625896,-14468.461902551426,6429.957234523346,296.4715734790634
501100,450.5499999962578,-13400.07937241696,6379.741281138012,294.1562232876239
501200,450.5999999962566,-16319.104422574763,6308.049201430877,290.85065485201415
501300,450.6499999962554,-16094.155696665852,6352.750945807776,292.9117566617622
501400,450.69999999625423,-16622.076125885116,6539.342358477865,301.5150875540684
501500,450.74999999625305,-17308.69479784811,6447.539274511802,297.2822437324147
501600,450.79999999625187,-16623.74790126135,6562.620752153901,302.5884044906329
501700,450.8499999962507,-18983.3752514381,6543.131233340426,301.6897844690319
501800,450.8999999962495,-16462.263422368418,6544.48251065645,301.7520889754969
501900,450.9499999962483,-15339.681828983124,6481.768835263542,298.860495556716
502000,450.99999999624714,-14321.342385676839,6434.112455184096,296.66316181511496
502100,451.04999999624596,-13335.28660446852,6570.772505898449,302.96426441801844
502200,451.0999999962448,-15952.930830937368,6549.535663841966,301.9850790594585
502300,451.1499999962436,-14112.615137955367,6636.404346485827,305.99040819154067
502400,451.1999999962424,-14470.783619501324,6381.359120944445,294.23081842030615
502500,451.24999999624123,-16556.24588180171,6496.699845815968,299.54893251370584
502600,451.29999999624005,-18014.438211924804,6660.05156034312,307.0807306377035
502700,451.34999999623886,-16845.72048507097,6538.728891018519,301.4868018818132
502800,451.3999999962377,-16574.47849287691,6453.649982851259,297.56399542226166
502900,451.4499999962365,-16545.53352170169,6486.9947775636565,299.10145257713083
503000,451.4999999962353,-16303.624297734445,6572.8374392588585,303.05947407807696
503100,451.54999999623413,-13797.018756808247,6406.467796170452,295.3885257239039
503200,451.59999999623295,-13762.482165548427,6408.827713675196,295.4973364718441
503300,451.64999999623177,-14652.94359185449,6603.580410011278,304.47696669582785
503400,451.6999999962306,-13867.750351933566,6455.57538157876,297.65277143888153
503500,451.7499999962294,-16261.711358391402,6471.819580596754,298.40175670691946
503600,451.7999999962282,-16617.8081316652,6498.495563917034,299.6317292340463
503700,451.84999999622704,-15729.494455439755,6390.4622342791545,294.65054350329876
503800,451.89999999622586,-15248.5086606175,6543.890897846873,301.72481097439237
503900,451.9499999962247,-16719.54135359115,6658.954806045424,307.0301616431521
504000,451.9999999962235,-14905.507558771105,6606.760602143196,304.6235985521415
504100,452.0499999962223,-14805.492195577031,6757.189730555645,311.5595638736634
504200,452.09999999622113,-15252.840785028664,6372.36707683759,293.8162145018167
504300,452.14999999621995,-14589.303185626122,6572.272386843821,303.0334207199481
504400,452.19999999621876,-15350.586120411182,6621.525515568471,305.30437712590407
504500,452.2499999962176,-16224.24584890188,6492.082518618773,299.33603743377125
504600,452.2999999962164,-16944.715346885638,6538.35987780217,301.4697874717798
504700,452.3499999962152,-16195.521800566998,6259.505631356425,288.61241467757065
504800,452.39999999621404,-14387.223758724564,6465.523943164061,298.1114783321733
504900,452.44999999621285,-16048.557822107483,6550.9831763576,302.05182076511653
505000,452.49999999621167,-15586.37114766193,6453.828552465569,297.5722288851914
505100,452.5499999962105,-13926.373029190117,6260.780804126006,288.6712101661978
505200,452.5999999962093,-15373.453252110168,6445.012904874967,297.1657582327288
505300,452.6499999962081,-14631.633951749895,6422.345821743331,296.1206275176853
505400,452.69999999620694,-15700.181271517167,6454.7721610634135,297.6157366591233
505500,452.74999999620576,-16985.826993736424,6294.863535485209,290.2426920012984
505600,452.7999999962046,-16361.10065539449,6491.894608217838,299.32737328715154
505700,452.8499999962034,-17301.958006948073,6402.200146438142,295.1917535238647
505800,452.8999999962022,-15268.459237854173,6264.5858159637155,288.84665112256613
505900,452.94999999620103,-16025.376244448471,6411.060343943999,295.60027827762093
506000,452.99999999619985,-16283.502212717698,6483.421099406081,298.9366779218975
506100,453.04999999619866,-15103.178578793362,6302.946852911946,290.6153964764648
506200,453.0999999961975,-17351.785753988937,6288.607276303057,289.954229273449
506300,453.1499999961963,-15704.627476171703,6308.739202582367,290.88246932909755
506400,453.1999999961951,-15233.595958929585,6243.582184701461,287.87821861485656
506500,453.24999999619394,-15847.875138655174,6268.907598351178,289.0459192635369
506600,453.29999999619275,-13401.088796192918,6219.254131773503,286.75650413555826
506700,453.34999999619157,-15118.042447129706,6142.037730816566,283.19622106443916
506800,453.3999999961904,-15150.398835943062,6259.890380465527,288.6301546359576
506900,453.4499999961892,-14649.172954486048,6254.830412059618,288.3968503167624
507000,453.499999996188,-15198.744226956798,6350.989338985908,292.8305327395366
507100,453.54999999618684,-15165.792324133648,6438.339103742597,296.8580435387373
507200,453.59999999618566,-16586.250342678275,6425.215223151882,296.25292947857065
507300,453.6499999961845,-17398.72845211294,6499.430944097154,299.6748576132387
507400,453.6999999961833,-16953.82244366953,6471.653628354263,298.39410500401385
507500,453.7499999961821,-16787.675171931707,6292.881291378317,290.1512949658353
507600,453.79999999618093,-15074.196485825401,6318.709297267013,291.3421690675378
507700,453.84999999617975,-15151.398411253052,6325.6666922737595,291.66295966842864
507800,453.89999999617856,-15606.39866948389,6481.821739528126,298.8629348591861
507900,453.9499999961774,-13693.358338815786,6424.196442838853,296.20595569765476
508000,453.9999999961762,-14110.882423340005,6419.631481767856,295.9954751077804
508100,454.049999996175,-14696.555006592474,6418.4380672518455,295.9404493173327
508200,454.09999999617384,-15705.488170976118,6567.456389323883,302.81136537641623
508300,454.14999999617265,-16060.89172598204,6539.572979140845,301.5257209795075
508400,454.19999999617147,-15776.774481890288,6472.801358164954,298.4470243704254
508500,454.2499999961703,-17689.938582598686,6452.85738438493,297.5274504024615
508600,454.2999999961691,-15737.54471338266,6394.053485846412,294.8161284308606
508700,454.3499999961679,-15129.605293575536,6245.488478406606,287.96611373976395
508800,454.39999999616674,-15749.120535257385,6386.778357432348,294.4806878222358
508900,454.44999999616556,-16230.819830101227,6403.788807759128,295.2650032989999
509000,454.4999999961644,-15828.297476785736,6171.92401983459,284.57421391998264
509100,454.5499999961632,-14387.753730360055,6453.908678369225,297.5759233192081
509200,454.599999996162,-15700.351158803212,6480.912311780072,298.8210030911203
509300,454.64999999616083,-16177.878699643821,6358.678467488457,293.1850620066356
509400,454.69999999615965,-15740.27382719306,6560.308565112121,302.4817944922376
509500,454.74999999615846,-16366.08442264177,6668.542401535906,307.4722251619703
509600,454.7999999961573,-14952.857987143181,6570.464827060377,302.95007800496427
509700,454.8499999961561,-13798.033770236525,6675.104641334667,307.7747960015149
509800,454.8999999961549,-15016.726462722756,6463.33086348248,298.010360119369
509900,454.94999999615374,-15355.69391594689,6540.123151550654,301.5510882524258
510000,454.99999999615255,-14959.287996086221,6521.787119710391,300.70565304768485
510100,455.04999999615137,-16202.629013441454,6465.582617967813,298.1141837018605
510200,455.0999999961502,-15906.703989476027,6490.842659162698,299.2788701664896
510300,455.149999996149,-17163.546170428493,6518.815286543534,300.56862817754035
510400,455.1999999961478,-17199.39205381352,6458.642710604003,297.79419941877677
510500,455.24999999614664,-16077.559942526743,6310.509795131331,290.96410756397773
510600,455.29999999614546,-13971.049167136794,6334.648195914705,292.07707758858254
510700,455.3499999961443,-15844.407279209994,6627.9224172362865,305.5993245779129
510800,455.3999999961431,-14519.128129133753,6534.6587597572025,301.299136835951
510900,455.4499999961419,-13266.318301384052,6431.130012990021,296.52564778541966
511000,455.49999999614073,-15301.0193898316,6490.230207442673,299.2506313278017
511100,455.54999999613955,-14357.581875956732,6392.811625688965,294.7588689155185
511200,455.59999999613837,-16443.114368993796,6546.3299927649805,301.8372724234909
511300,455.6499999961372,-15439.3800549774,6651.461490485381,306.68466089195994
511400,455.699999996136,-17393.783526937008,6717.07226969866,309.7098335705758
511500,455.7499999961348,-17715.92204738794,6561.674586300289,302.5447788071079
511600,455.79999999613364,-14319.32520559005,6470.140515148102,298.32433859084495
511700,455.84999999613245,-15001.620828694677,6503.979438764162,299.8845789724491
511800,455.89999999613127,-15087.447658709405,6445.968288294667,297.20980891850843
511900,455.9499999961301,-15961.554030923304,6477.521599358272,298.6646645945735
512000,455.9999999961289,-15257.66430023336,6634.553758363038,305.9050815318734
512100,456.0499999961277,-15052.464995916478,6571.453863451019,302.9956803572454
512200,456.09999999612654,-15077.657243664893,6443.264249625427,297.08513147979806
512300,456.14999999612536,-15881.172860668352,6523.974557952167,300.8065111457676
512400,456.1999999961242,-17039.419008665292,6474.084642219024,298.5061938530292
512500,456.249999996123,-16474.282577323633,6685.443530491969,308.25150006418477
512600,456.2999999961218,-15781.088171793284,6550.9366992277355,302.04967780407975
512700,456.34999999612063,-14581.69923977049,6392.374207326356,294.7387004905195
512800,456.39999999611945,-14966.142765353885,6521.948673383747,300.7131019419767
512900,456.44999999611827,-15714.330423046687,6316.03745637982,291.21897619968183
513000,456.4999999961171,-16119.464561636893,6384.249400472798,294.3640830266342
513100,456.5499999961159,-13723.327949540257,6497.8982305424415,299.604187469926
513200,456.5999999961147,-15490.985514456326,6331.807844589201,291.94611506488417
513300,456.64999999611354,-16531.872602005806,6379.042628663201,294.1240099165287
513400,456.69999999611235,-15064.690768199009,6305.56794414156,290.7362493861705
513500,456.74999999611117,-16647.881558427547,6189.244620271966,285.3728297548906
513600,456.79999999611,-17485.815739865247,6382.9926238621,294.30613574554116
513700,456.8499999961088,-16073.770866407058,6334.227809491661,292.0576944698831
513800,456.8999999961076,-16251.678434594603,6194.359903107227,285.6086845040976
513900,456.94999999610644,-14871.370454658558,6288.480028472924,289.94836214820305
514000,456.99999999610526,-16204.436614682189,6154.579331519376,283.77448744455506
514100,457.0499999961041,-16470.375857580824,6188.9986236477125,285.3614873767685
514200,457.0999999961029,-14728.109467193884,6308.268204907986,290.8607526338637
514300,457.1499999961017,-16527.47648995537,6301.255311198741,290.53740310652034
514400,457.19999999610053,-16288.856707916664,6334.502212916689,292.07034662482266
514500,457.24999999609935,-16005.306623653327,6314.392193929163,291.1431166675354
514600,457.29999999609817,-15973.518725089927,6371.962793322812,293.79757385377104
514700,457.349999996097,-14898.547445018738,6306.409461756267,290.7750499632573
514800,457.3999999960958,-14271.253984060988,6284.012594727183,289.74237833467123
514900,457.4499999960946,-15633.06764150857,6299.021977168362,290.43442885180275
515000,457.49999999609344,-15235.595361383366,6412.46194141626,295.66490293884794
515100,457.54999999609225,-15454.693946694992,6463.554813610547,298.0206859807126
515200,457.59999999609107,-15036.245047063765,6265.7339466206395,288.89958897113996
515300,457.6499999960899,-16289.44203152098,6530.125178057976,301.09010308178404
515400,457.6999999960887,-16170.212994734396,6380.4176783226685,294.1874105148974
515500,457.7499999960875,-15656.583428998925,6242.343952357193,287.8211263702197
515600,457.79999999608634,-15584.00645902851,6299.104578628013,290.43823742841084
515700,457.84999999608516,-14873.072201894078,6330.6147201367885,291.89110264864854
515800,457.899999996084,-15487.314314822654,6239.372863459353,287.68413581672746
515900,457.9499999960828,-15430.473058376116,6157.307354437732,283.90027074568644
516000,457.9999999960816,-14861.367870035552,6416.189482180371,295.8367718697344
516100,458.04999999608043,-15982.482707198733,6258.013788620384,288.5436290002783
516200,458.09999999607925,-15680.870306248886,6274.312166557318,289.295112342372
516300,458.14999999607807,-16181.100741753591,6407.931816126232,295.45602855231533
516400,458.1999999960769,-16354.15904853248,6409.183087301296,295.51372198954823
516500,458.2499999960757,-16721.52580664734,6200.722306057566,285.9020412940413
516600,458.2999999960745,-16254.951186628288,6307.096469309897,290.80672641194707
516700,458.34999999607334,-15083.710793921653,6353.551764889567,292.94868071655617
516800,458.39999999607215,-15405.71427795738,6436.850808861406,296.78942144544277
516900,458.44999999607097,-16297.380265986587,6245.497896272168,287.9665479773988
517000,458.4999999960698,-14689.107139333566,6461.61515089692,297.9312522822052
517100,458.5499999960686,-15134.977612365115,6389.548005059768,294.60839034966085
517200,458.5999999960674,-14580.273840162312,6472.755101692571,298.4448915834331
517300,458.64999999606624,-14464.675421052432,6455.508136958537,297.6496709332889
517400,458.69999999606506,-16639.735101133505,6425.95077136481,296.2868440332251
517500,458.7499999960639,-15808.499631236022,6210.91483288199,286.37199690263225
517600,458.7999999960627,-16291.045720313172,6197.164932119655,285.7380183914995
517700,458.8499999960615,-16312.375900137522,6355.34425704309,293.03132869535614
517800,458.89999999606033,-17175.493926851057,6256.01751416649,288.4515850555279
517900,458.94999999605915,-16879.711950455527,6396.079038001891,294.90952230780186
518000,458.99999999605797,-16034.168145740761,6362.120238025798,293.34375468366943
518100,459.0499999960568,-14650.601767223867,6298.373837407229,290.40454451388126
518200,459.0999999960556,-14594.359257669308,6271.352637576747,289.1586547919367
518300,459.1499999960544,-15684.543587419053,6289.911122783153,290.0143468455308
518400,459.19999999605324,-15312.048087689134,6243.764476722697,287.88662371000686
518500,459.24999999605205,-16645.353801396257,6333.294905745904,292.01468027378166
518600,459.2999999960509,-16807.77568456879,6248.321423345578,288.09673477082265
518700,459.3499999960497,-15573.651189501816,6214.39112665866,286.53228137238136
518800,459.3999999960485,-15847.71364078544,6424.024827568038,296.1980428846272
518900,459.4499999960473,-16389.43850540939,6221.740441791639,286.8711425719192
519000,459.49999999604614,-15748.057245390222,6313.511880304095,291.1025272894012
519100,459.54999999604496,-14247.4479783748,6351.224931265233,292.84139539557043
519200,459.5999999960438,-13650.138404549372,6422.048806466825,296.1069327786441
519300,459.6499999960426,-16596.41239905902,6331.594514204636,291.9362788571963
519400,459.6999999960414,-15663.362981893528,6404.064715411747,295.27772481065597
519500,459.74999999604023,-15843.55976087535,6491.8706062527945,299.326266607887
519600,459.79999999603905,-17077.427631824532,6453.014775252382,297.53470735867796
519700,459.84999999603787,-16066.571081558704,6361.937574243869,293.33533244742875
519800,459.8999999960367,-16370.313814446836,6375.529746898243,293.9620384529066
519900,459.9499999960355,-17119.65430839342,6434.507937349568,296.6813966517716
520000,459.9999999960343,-14683.944521734487,6383.72126086799,294.3397316392232
520100,460.04999999603314,-14890.598489522268,6408.055150908433,295.4617152552917
520200,460.09999999603195,-15347.640649814912,6489.2627575997385,299.2060242850586
520300,460.1499999960308,-14835.025739159853,6396.571525662225,294.9322298603178
520400,460.1999999960296,-14889.623965161009,6584.01684356642,303.57493249634234
520500,460.2499999960284,-15415.681635397721,6457.094005411616,297.72279193525935
520600,460.2999999960272,-15701.54810597391,6498.968334354776,299.6535276676065
520700,460.34999999602604,-16771.493987884227,6736.970184524561,310.62728385869184
520800,460.39999999602486,-15092.73738677025,6425.29342754119,296.25653531567116
520900,460.4499999960237,-16772.134140196646,6600.255630211571,304.3236682114463
521000,460.4999999960225,-16346.747505094892,6453.342133105891,297.5498011290377
521100,460.5499999960213,-16181.10629497069,6477.123454435865,298.6463069838906
521200,460.59999999602013,-16776.92448885578,6602.421744312571,304.42354309901333
521300,460.64999999601895,-14827.741529893014,6552.147676086492,302.10551335658306
521400,460.69999999601777,-15734.648709651436,6536.981252213094,301.40622199494624
521500,460.7499999960166,-16283.064939912929,6416.912088218274,295.87008968838376
521600,460.7999999960154,-16324.444093914168,6527.209747593306,300.95567881958385
521700,460.8499999960142,-16254.359553929027,6412.500523900515,295.66668189466344
521800,460.89999999601304,-14051.269911364434,6284.6042832909425,289.76965982863913
521900,460.94999999601185,-15968.90976518557,6473.019746463363,298.45709378770107
522000,460.9999999960107,-16075.46385780398,6369.689973851283,293.6927790098271
522100,461.0499999960095,-14496.024928287798,6369.231817562879,293.6716544034311
522200,461.0999999960083,-16324.715673586417,6405.568842419277,295.3470768894288
522300,461.1499999960071,-13963.555388913202,6268.150092493795,289.0109922888671
522400,461.19999999600594,-16223.831959621908,6384.860656510801,294.39226673498183
522500,461.24999999600476,-16355.525990027852,6357.207923461533,293.11725836725964
522600,461.2999999960036,-15064.84284315423,6370.044269029783,293.7091148026193
522700,461.3499999960024,-16460.179330240415,6518.661380580761,300.56153190282384
522800,461.3999999960012,-14828.343714924376,6439.929790095751,296.931386683774
522900,461.44999999600003,-16365.984435021292,6352.604330445144,292.90499654102257
523000,461.49999999599885,-17274.798876651985,6301.519733853081,290.54959506947375
523100,461.54999999599767,-14206.41652196775,6388.059873241945,294.5397757748694
523200,461.5999999959965,-15240.684636371188,6446.509942786882,297.2347834484675
523300,461.6499999959953,-16169.905332603665,6499.3156858817365,299.6695433034797
523400,461.6999999959941,-15519.347340756172,6498.816874828063,299.64654419282357
523500,461.74999999599294,-17256.34293484442,6513.597324529412,300.32803911104156
523600,461.79999999599175,-15750.106613855623,6373.943070004823,293.88888017548146
523700,461.8499999959906,-15145.755194564994,6469.399974785157,298.290193858832
523800,461.8999999959894,-16483.342690566307,6410.183898269721,295.5598672424235
523900,461.9499999959882,-16847.45882122134,6386.191889805953,294.45364705452147
524000,461.999999995987,-16576.86411822327,6636.943450292842,306.0152651148614
524100,462.04999999598584,-15903.921373381629,6326.404888232931,291.69699630499855
524200,462.09999999598466,-15440.877463783514,6466.636652872698,298.1627829965922
524300,462.1499999959835,-14335.701218352173,6577.620167137255,303.2799954296059
524400,462.1999999959823,-13323.832640160314,6449.211396597085,297.3593417048571
524500,462.2499999959811,-15523.436051027771,6506.726974150081,300.01126195171986
524600,462.29999999597993,-15636.431889883037,6474.282487195037,298.51531606165423
524700,462.34999999597875,-14994.881290886704,6473.188373203575,298.46486880597536
524800,462.39999999597757,-16336.023775431075,6514.5386036080545,300.3714394758262
524900,462.4499999959764,-16360.491914129829,6543.543817793066,301.70880785556557
525000,462.4999999959752,-15112.112897772728,6562.367770564686,302.5767400507183
525100,462.549999995974,-15702.268792398252,6490.26923898678,299.2524309888064
525200,462.59999999597284,-16557.547173827457,6418.921797973082,295.96275310611924
525300,462.64999999597165,-16247.861516276042,6448.709259849547,297.336189253571
525400,462.6999999959705,-14982.689173722682,6644.247808752116,306.35205345834356
525500,462.7499999959693,-14935.829834597724,6598.164353396287,304.22724391103594
525600,462.7999999959681,-16414.61064525478,6527.973345829365,300.99088670080187
525700,462.8499999959669,-16171.172758761417,6689.538831866313,308.4403256501162
525800,462.89999999596574,-15539.381822202116,6458.240052439783,297.7756337121684
525900,462.94999999596456,-16062.877263369837,6674.489771707719,307.74644567831103
526000,462.9999999959634,-16750.246965992756,6617.452773091024,305.1165916824519
526100,463.0499999959622,-14965.558531232864,6488.633520863061,299.17701152515843
526200,463.099999995961,-14613.351247366933,6527.735918807984,300.97993944873656
526300,463.14999999595983,-15968.985720691824,6490.738403066384,299.2740631409074
526400,463.19999999595865,-14973.0189025627,6529.0958397427385,301.04264249397136
526500,463.24999999595747,-15817.497760166043,6501.640676106458,299.7767436292526
526600,463.2999999959563,-16538.473899745448,6644.86333499682,306.3804340567876
526700,463.3499999959551,-15597.614449502888,6583.731267035637,303.5617651733973
526800,463.3999999959539,-15898.042654975932,6601.423439804077,304.37751341364384
526900,463.44999999595274,-15910.128018797657,6595.06338705313,304.0842649863667
527000,463.49999999595155,-15369.4066226246,6486.239527709036,299.0666296219225
527100,463.5499999959504,-15778.196494981874,6535.165353092401,301.32249477096093
527200,463.5999999959492,-14587.618213193253,6764.513819350673,311.8972619407211
527300,463.649999995948,-14874.904221294046,6433.319303678499,296.6265912958572
527400,463.6999999959468,-15373.577545996886,6617.059526087775,305.0984599043441
527500,463.74999999594564,-16067.251665883328,6711.269669445503,309.44228808550054
527600,463.79999999594446,-16300.775253949767,6312.281032697586,291.0457755392255
527700,463.8499999959433,-16712.22536017025,6373.556549474317,293.87105854064293
527800,463.8999999959421,-17197.562275650715,6378.094986454688,294.0803161614374
527900,463.9499999959409,-15081.458419595663,6312.694507316159,291.0648399694061
528000,463.99999999593973,-16439.29200580271,6477.436077046419,298.6607213437185
528100,464.04999999593855,-15407.514492501734,6334.448089813282,292.06785112430174
528200,464.09999999593737,-15116.786227867362,6479.290491711218,298.7462244370522
528300,464.1499999959362,-15456.382205437601,6690.942039858767,308.5050245689842
528400,464.199999995935,-15453.346352169376,6606.403941598947,304.60715369739444
528500,464.2499999959338,-14754.186060012751,6527.595622962899,300.97347070743274
528600,464.29999999593264,-16023.991586537468,6469.992268182268,298.31750324037193
528700,464.34999999593146,-16398.048256811053,6573.942835536759,303.1104415358491
528800,464.3999999959303,-16015.707010443268,6284.879368953357,289.7823434400852
528900,464.4499999959291,-16030.044497978171,6449.091775852145,297.3538262481939
529000,464.4999999959279,-15884.340029243336,6539.229487672739,301.5098833226909
529100,464.5499999959267,-14832.606953964676,6468.342817116781,298.2414505801558
529200,464.59999999592554,-14654.145127669117,6459.92598029889,297.8533682393093
529300,464.64999999592436,-15089.503049138215,6480.227985557343,298.78945027286267
529400,464.6999999959232,-13950.12423008363,6477.050117255931,298.6429255634026
529500,464.749999995922,-16039.786649888445,6504.957128696819,299.92965816382434
529600,464.7999999959208,-14542.320035196408,6520.406403992252,300.64199119947125
529700,464.84999999591963,-15753.311713107016,6687.116787822814,308.3286503803716
529800,464.89999999591845,-16640.600254772206,6605.067812191367,304.5455476285842
529900,464.94999999591727,-16961.054342935735,6612.859874616822,304.90482295867787
530000,464.9999999959161,-17616.703738872937,6566.711067309513,302.77700017268484
530100,465.0499999959149,-17068.919388479848,6625.542278967485,305.48958149379706
530200,465.0999999959137,-14303.750950231442,6361.615560507541,293.32048508288045
530300,465.14999999591254,-14372.403678762239,6424.649450739919,296.2268429229237
530400,465.19999999591136,-14385.177836758512,6406.616318830729,295.3953737860579
530500,465.2499999959102,-13950.80085501272,6489.479593030624,299.21602210293446
530600,465.299999995909,-16579.42760412783,6666.370849091583,307.3720995240261
530700,465.3499999959078,-15582.86981305202,6602.399921262172,304.42253688484203
530800,465.3999999959066,-16285.806531370985,6557.917714669794,302.3715574927154
530900,465.44999999590544,-16334.129990271831,6508.290571105622,300.08335606258066
531000,465.49999999590426,-16840.303398485656,6498.44731163762,299.62950442466115
531100,465.5499999959031,-15773.678877170623,6602.391616186136,304.4221539555518
531200,465.5999999959019,-16458.856620312083,6475.726865570274,298.58191325880296
531300,465.6499999959007,-16645.395053000946,6530.473219823271,301.1061505430703
531400,465.69999999589953,-15287.732154613055,6384.40727822598,294.3713624321102
531500,465.74999999589835,-16185.217777676791,6478.357444360015,298.703203619611
531600,465.79999999589717,-16132.397263312288,6482.196525353211,298.8802154318599
531700,465.849999995896,-17154.55404614644,6520.174132942699,300.6312816782376
531800,465.8999999958948,-16220.903171249058,6457.700236180761,297.75074393920966
531900,465.9499999958936,-14589.513147282234,6385.464797252989,294.42012237226
532000,465.99999999589244,-14935.113835249233,6516.537971622943,300.46362605805655
532100,466.04999999589126,-14935.899967291929,6421.114583930138,296.063857775914
532200,466.0999999958901,-14125.522272222388,6513.834170568993,300.33895957527886
532300,466.1499999958889,-16363.017246723766,6560.768381481246,302.5029956414045
532400,466.1999999958877,-17440.14735131374,6457.373186403739,297.7356643735978
532500,466.2499999958865,-17580.875673252118,6392.92520498264,294.76410581378735
532600,466.29999999588534,-15050.268224599888,6662.1665295622415,307.17824734417326
532700,466.34999999588416,-17003.7472324275,6650.158948530782,306.6246034687583
532800,466.399999995883,-15800.720057093988,6470.814503433659,298.355414748934
532900,466.4499999958818,-15449.76306374803,6560.63408515627,302.496803525139
533000,466.4999999958806,-14337.628710354013,6415.642006403056,295.81152893277203
533100,466.54999999587943,-14960.500051118792,6423.921632616243,296.1932847861488
533200,466.59999999587825,-14840.915526531202,6603.7724442059025,304.4858209817532
533300,466.64999999587707,-15256.771022420919,6562.3344977084635,302.57520591049325
533400,466.6999999958759,-15620.962438944833,6405.909949476572,295.36280460616354
533500,466.7499999958747,-15774.420037931159,6470.28753426331,298.33111732775205
533600,466.7999999958735,-14921.07060057298,6484.841077588394,299.002150078346
533700,466.84999999587234,-16809.78166096777,6487.701868442478,299.1340550249841
533800,466.89999999587116,-16097.214690404462,6476.064614700463,298.59748614870193
533900,466.94999999587,-14804.340207910453,6440.5336440741785,296.95922909898866
534000,466.9999999958688,-15838.241903832673,6557.968159269279,302.3738833852894
534100,467.0499999958676,-15764.994904202693,6712.676694130033,309.5071629838758
534200,467.0999999958664,-15483.11583841187,6518.829515997179,300.56928426720907
534300,467.14999999586524,-14870.630035965372,6570.190769947278,302.9374418177269
534400,467.19999999586406,-15220.034581904229,6673.5762404542465,307.7043247063884
534500,467.2499999958629,-15250.084360968955,6465.064046837551,298.0902734963425
534600,467.2999999958617,-15682.719490565029,6650.488629130254,306.63980433596566
534700,467.3499999958605,-15712.473558912952,6700.556159826659,308.9483110747161
534800,467.39999999585933,-14673.101419986291,6492.22739807489,299.34271751557475
534900,467.44999999585815,-15124.465376297892,6603.443437602964,304.4706511910842
535000,467.49999999585697,-16044.691798753709,6423.3455767091855,296.166724080541
535100,467.5499999958558,-15305.524707878712,6498.566168775701,299.6349846730455
535200,467.5999999958546,-15229.643031506499,6850.732339335733,315.87261346339756
535300,467.6499999958534,-15394.99480295375,6366.552480426717,293.54811589957075
535400,467.69999999585224,-15984.200052899725,6474.679188313982,298.53360710164793
535500,467.74999999585106,-15451.488469724383,6633.398834650057,305.85183047001607
535600,467.7999999958499,-14497.7711032775,6373.9114709570495,293.88742321098357
535700,467.8499999958487,-16992.054148366522,6517.076393457424,300.4884515370826
535800,467.8999999958475,-16762.047228517455,6645.119133022758,306.3922283565747
535900,467.9499999958463,-14760.880307789796,6477.123625525009,298.64631487244503
536000,467.99999999584514,-15737.461545011705,6536.674639846079,301.39208475459117
536100,468.04999999584396,-16568.684884771483,6470.705534595207,298.3503904288929
536200,468.0999999958428,-15715.196995315302,6567.936701076864,302.83351152389014
536300,468.1499999958416,-16300.101909194027,6546.736937722076,301.8560357849487
536400,468.1999999958404,-15033.344243583599,6653.080048957779,306.7592891607925
536500,468.24999999583923,-15321.978316276514,6782.317494174646,312.7181513022293
536600,468.29999999583805,-15723.742172126347,6625.782210821334,305.5006442383293
536700,468.34999999583687,-15960.448320206347,6508.85058562418,300.10917713407963
536800,468.3999999958357,-17311.937387464674,6546.777633831354,301.8579121954927
536900,468.4499999958345,-14903.107277994282,6700.774726838815,308.9583887321003
537000,468.4999999958333,-14519.794622584055,6444.572597718158,297.14545661160884
537100,468.54999999583214,-16374.849824628063,6633.398134693406,305.8517981965122
537200,468.59999999583096,-14345.779035222959,6664.455157228105,307.283771070142
537300,468.6499999958298,-16227.177116509652,6382.40345630639,294.27897048986165
537400,468.6999999958286,-17883.916702407067,6612.374403846298,304.882438939941
537500,468.7499999958274,-15589.378966694458,6507.742300134784,300.0580764609459
537600,468.7999999958262,-18043.519100857826,6446.89648416625,297.2526060446025
537700,468.84999999582504,-16944.561171714326,6608.446753952425,304.7013434051434
537800,468.89999999582386,-14465.923848546603,6599.557177316572,304.29146404254925
537900,468.9499999958227,-15858.543491374001,6557.694916115225,302.3612847279624
538000,468.9999999958215,-13668.311089098494,6609.490671186551,304.7494761957196
538100,469.0499999958203,-15544.97168145651,6571.9154696436035,303.0169640313434
538200,469.09999999581913,-16414.5942673421,6665.981434091372,307.35414443138114
538300,469.14999999581795,-13592.559526379497,6552.466528638865,302.1202149657015
538400,469.19999999581677,-18781.794408905047,6637.049158965445,306.02013911562904
538500,469.2499999958156,-15316.082354110365,6398.660348622615,295.02854101872816
538600,469.2999999958144,-14354.112683174566,6374.745409972364,293.92587435506397
538700,469.3499999958132,-17227.97131101175,6523.435991644075,300.78167900537244
538800,469.39999999581204,-15599.920266145224,6367.261120254064,293.58078976612705
538900,469.44999999581086,-16164.964099218256,6485.849168543207,299.0486309958207
539000,469.4999999958097,-16520.932624501267,6588.0527653866175,303.76102021805343
539100,469.5499999958085,-14808.583030063694,6376.241939159285,293.9948761145814
539200,469.5999999958073,-16441.5018084449,6336.94298851776,292.1828855666174
539300,469.6499999958061,-14205.35580894504,6333.045378481937,292.00317510541504
539400,469.69999999580494,-16555.651074909118,6326.817541400264,291.71602285981976
539500,469.74999999580376,-17014.48751654106,6371.124968226031,293.758943530787
539600,469.7999999958026,-15088.870793148768,6491.2317713434,299.29681129677476
539700,469.8499999958014,-16616.428580409658,6466.323390425178,298.1483391352506
539800,469.8999999958002,-15941.8449184599,6555.883839145765,302.27777984305516
539900,469.94999999579903,-15638.903239336702,6479.912722589641,298.77491417181477
540000,469.99999999579785,-16475.572351197963,6531.364538794029,301.1472473541523
540100,470.04999999579667,-13967.69690728236,6600.431552971974,304.33177963360436
540200,470.0999999957955,-15169.602471308315,6563.907473006809,302.6477324366792
540300,470.1499999957943,-17107.858055046287,6678.980528406101,307.9535048632979
540400,470.1999999957931,-15052.597247883028,6715.4910253316175,309.636925775321
540500,470.24999999579194,-14605.427673214801,6582.656580993567,303.51221369890567
540600,470.29999999579076,-14623.382489926256,6581.809548737342,303.4731588534952
540700,470.3499999957896,-15578.83952765521,6673.262471105781,307.68985747292845
540800,470.3999999957884,-16112.910137214929,6392.341886631765,294.7372102524305
540900,470.4499999957872,-15240.554824318035,6462.066179683877,297.9520482547562
541000,470.499999995786,-17142.84685618155,6682.550291051103,308.1180989826224
541100,470.54999999578484,-16165.454020550478,6483.509417315651,298.940750071783
541200,470.59999999578366,-16700.847988949496,6436.409172682538,296.7690585459586
541300,470.6499999957825,-19071.822494873166,6408.941228155851,295.5025703817233
541400,470.6999999957813,-15542.70492974706,6547.070759958573,301.8714276141797
541500,470.7499999957801,-15126.320638201634,6486.450350632784,299.076350215956
541600,470.79999999577893,-16964.041686657503,6665.083943277728,307.3127630498262
541700,470.84999999577775,-13447.544690313727,6488.672802616546,299.17882272278223
541800,470.89999999577657,-13378.715060970035,6486.117384741278,299.06099787096065
541900,470.9499999957754,-14256.986045054726,6454.481775575124,297.6023476054346
542000,470.9999999957742,-14840.028066505765,6502.036784876295,299.7950073572961
542100,471.049999995773,-15475.921955669859,6543.666353932571,301.71445773483566
542200,471.09999999577184,-15568.575719011464,6545.961261457471,301.820271011671
542300,471.14999999577066,-15752.117353092059,6553.834437367943,302.18328631104544
542400,471.1999999957695,-13939.654209955992,6587.153339449997,303.71954961211753
542500,471.2499999957683,-15848.71744751097,6576.678966362949,303.2365986752667
542600,471.2999999957671,-16730.65450887502,6588.62643638738,303.78747096073374
542700,471.3499999957659,-15713.195685363351,6467.757737638303,298.2144738169725
542800,471.39999999576474,-18249.153926142135,6513.466716115195,300.3220170364522
542900,471.44999999576356,-16565.408616379733,6334.403919348429,292.0658145186543
543000,471.4999999957624,-17304.876443478344,6292.325448153441,290.125666223765
543100,471.5499999957612,-17106.459704075027,6618.935648214926,305.18496388233154
543200,471.59999999576,-13795.424177186535,6331.6134657164175,291.9371526708646
543300,471.64999999575883,-14752.414645549072,6406.484534523268,295.3892974935465
543400,471.69999999575765,-14386.129990100899,6363.772008652393,293.41991429388634
543500,471.74999999575647,-14723.958318276123,6307.457286618281,290.8233629261964
543600,471.7999999957553,-16687.120381359025,6564.189999445815,302.660759126417
543700,471.8499999957541,-15116.58998428399,6442.727457223593,297.06038113042575
543800,471.8999999957529,-15792.502152332392,6306.233660970549,290.7669441650911
543900,471.94999999575174,-17335.069371296675,6472.894155826826,298.45130307210684
544000,471.99999999575056,-16625.86512971919,6557.714013776218,302.3621652802582
544100,472.0499999957494,-16957.7199757279,6369.989541804396,293.70659144732616
544200,472.0999999957482,-16244.306854067308,6479.851572709613,298.7720946816551
544300,472.149999995747,-14596.883489264841,6342.028396108753,292.4173628322187
544400,472.1999999957458,-15322.324507611047,6517.363278547045,300.50167919487654
544500,472.24999999574464,-15297.878402359805,6482.201971916951,298.880466561263
544600,472.29999999574346,-14849.40651915749,6483.060606132904,298.9200563482183
544700,472.3499999957423,-13002.938364941452,6592.50368622808,303.96624265689246
544800,472.3999999957411,-14809.19811651749,6470.023633548618,298.31894943031926
544900,472.4499999957399,-16699.67013857816,6474.966615978963,298.546859776431
545000,472.49999999573873,-16261.086353229346,6508.375787472723,300.0872852069776
545100,472.54999999573755,-16138.697288280002,6563.357203250947,302.6223606753427
545200,472.59999999573637,-16279.796897683134,6678.7883434183805,307.94464362462554
545300,472.6499999957352,-16565.91644508922,6557.697381898918,302.36139841997385
545400,472.699999995734,-17262.306040659038,6385.951130362384,294.44254615159764
545500,472.7499999957328,-14825.617211901772,6558.312030965256,302.3897385735998
545600,472.79999999573164,-14791.569432338783,6581.082437739535,303.43963332078147
545700,472.84999999573046,-14891.04308959988,6499.401603038311,299.67350475978014
545800,472.8999999957293,-15378.159401770217,6537.812650003188,301.4445559685678
545900,472.9499999957281,-15161.615224209863,6200.962669141743,285.91312392168146
546000,472.9999999957269,-15281.318165917293,6400.562750393508,295.1162566948726
546100,473.0499999957257,-15823.82960115238,6265.4738611677285,288.88759698726653
546200,473.09999999572454,-16573.584435706736,6269.663166945139,289.0807569151344
546300,473.14999999572336,-16779.84230910081,6548.535756992579,301.9389754935781
546400,473.1999999957222,-15367.77642398121,6268.58357430475,289.03097920789025
546500,473.249999995721,-15357.5441898679,6295.140927327944,290.25548194578585
546600,473.2999999957198,-16321.05213703973,6434.096947447451,296.6624467865516
546700,473.34999999571863,-14358.09835212269,6305.25301491724,290.72172867331614
546800,473.39999999571745,-15123.048855307286,6433.429480664449,296.63167132099494
546900,473.44999999571627,-16722.016453205593,6610.616060915203,304.801365508737
547000,473.4999999957151,-14683.832883096147,6318.691234487894,291.34133623143146
547100,473.5499999957139,-16206.97503974871,6465.487166192795,298.10978262469945
547200,473.5999999957127,-16206.399411747743,6651.070516173746,306.66663390280087
547300,473.64999999571154,-15520.866873103283,6475.085073531617,298.5523216007862
547400,473.69999999571036,-15938.619810040589,6559.764111992176,302.4566909235406
547500,473.7499999957092,-15292.083343747508,6555.770514759918,302.27255469804095
547600,473.799999995708,-16812.569445852263,6560.010067265403,302.46803139505533
547700,473.8499999957068,-15414.269526146569,6540.175041922773,301.55348080648326
547800,473.8999999957056,-14345.643249412964,6509.631124821077,300.1451661267628
547900,473.94999999570445,-16575.235971005797,6542.635549382756,301.66692954208315
548000,473.99999999570326,-16056.34075432799,6547.924769994533,301.91080419008733
548100,474.0499999957021,-15974.27039968663,6536.628395220512,301.3899525138302
548200,474.0999999957009,-17858.835644724317,6670.4349118878135,307.5594847659445
548300,474.1499999956997,-15797.366468616274,6444.533434228989,297.1436508668996
548400,474.19999999569853,-16680.0240611931,6544.442611284696,301.7502493008158
548500,474.24999999569735,-15719.448779844906,6542.316256211041,301.65220761694945
548600,474.29999999569617,-15573.747970868426,6459.164917598616,297.8182772662224
548700,474.349999995695,-15913.869693170785,6469.842940990646,298.31061808299864
548800,474.3999999956938,-13977.163100719144,6514.0201797842965,300.347536062296
548900,474.4499999956926,-14714.006983436771,6547.199918388036,301.8773828330738
549000,474.49999999569144,-15052.795771114357,6440.415065788069,296.95376170787216
549100,474.54999999569026,-15472.057722853173,6473.868982912977,298.49625026375367
549200,474.5999999956891,-14871.127725629432,6573.3186407864105,303.081661251153
549300,474.6499999956879,-16574.007528653252,6723.124757817626,309.9889008505973
549400,474.6999999956867,-16655.99070122252,6615.423894022835,305.02304440868227
549500,474.7499999956855,-16659.47266519914,6616.468546470804,305.0712110983961
549600,474.79999999568435,-17508.07405042729,6566.250451053203,302.7557621424309
549700,474.84999999568316,-17177.204652234297,6400.333908515007,295.1057052853807
549800,474.899999995682,-15173.217426226047,6505.747767790197,299.9661128411291
549900,474.9499999956808,-15541.388967566401,6413.477452423232,295.711725979055
550000,474.9999999956796,-15754.807645871537,6392.475358156938,294.7433643389414
550100,475.04999999567843,-14211.17945221841,6396.116245079961,294.9112378465804
550200,475.09999999567725,-14531.907449056103,6654.423459668757,306.82123095492665
550300,475.14999999567607,-14251.169903629414,6580.072200932412,303.39305346264706
550400,475.1999999956749,-16098.24267569491,6651.08781408791,306.66743147262025
550500,475.2499999956737,-16181.192611738397,6396.8209903432,294.9437321431167
550600,475.2999999956725,-14939.369986737198,6365.789715650897,293.5129464474214
550700,475.34999999567134,-16690.69158922659,6519.279107156266,300.5900139538143
550800,475.39999999567016,-16291.050652339049,6417.858759690267,295.9137386848907
550900,475.449999995669,-17176.86597160162,6477.591902652091,298.6679061290626
551000,475.4999999956678,-17941.449272677775,6478.578447917283,298.7133936208781
551100,475.5499999956666,-14891.806089443438,6534.060954112582,301.27157329646997
551200,475.5999999956654,-15456.870261400003,6500.7954884708815,299.7377738353543
551300,475.64999999566425,-14432.207530577665,6481.112609992726,298.8302384132391
551400,475.69999999566306,-14226.228821476065,6584.70249844223,303.60654657595137
551500,475.7499999956619,-15990.726508481157,6675.402118247795,307.7885120256333
551600,475.7999999956607,-13502.382286085875,6406.764762602138,295.40221821081497
551700,475.8499999956595,-13847.340737618139,6555.475136988264,302.2589354608456
551800,475.89999999565833,-15742.432045283056,6752.04125712795,311.3221787772387
551900,475.94999999565715,-16759.347877097825,6637.8817908875235,306.05852999243643
552000,475.99999999565597,-17810.852626018368,6701.111670215378,308.9739244704232
552100,476.0499999956548,-16410.42178407589,6762.7164566121455,311.81438938966545
552200,476.0999999956536,-16767.763235707655,6523.377512187197,300.77898264271175
552300,476.1499999956524,-17199.14547191452,6709.183500069007,309.3460992781672
552400,476.19999999565124,-14306.589362361228,6699.257478181366,308.8884316421188
552500,476.24999999565006,-13925.43631814359,6838.129665366338,315.29153112560385
552600,476.2999999956489,-15869.560423621531,6528.9521019651165,301.036015052521
552700,476.3499999956477,-13617.787925449684,6589.255689730248,303.81648448630983
552800,476.3999999956465,-14201.09486104759,6644.235992388178,306.35150863107924
552900,476.4499999956453,-15297.978099919856,6552.235477881774,302.1095617095429
553000,476.49999999564415,-14300.211296324895,6595.393273681718,304.09947535313586
553100,476.54999999564296,-16057.077179255339,6659.688183699552,307.0639761179835
553200,476.5999999956418,-15834.800037160454,6518.739656002827,300.565141015093
553300,476.6499999956406,-15289.020931855322,6473.498611621916,298.4791732358004
553400,476.6999999956394,-16837.495110499105,6592.244933896089,303.95431214037285
553500,476.74999999563823,-17227.175235447594,6501.020807115808,299.7481627960828
553600,476.79999999563705,-16353.752035596928,6413.51173659163,295.71330674872115
553700,476.84999999563587,-15622.818556693648,6531.519834811374,301.1544077213115
553800,476.8999999956347,-14906.736834602872,6562.5532267750405,302.5852910398601
553900,476.9499999956335,-14271.257369707722,6446.119145090076,297.21676460264035
554000,476.9999999956323,-14507.360707221265,6529.782422979248,301.0742993783063
554100,477.04999999563114,-13868.519060522898,6445.053887555661,297.1676478564678
554200,477.09999999562996,-14496.019540048408,6552.158052433399,302.1059917877424
554300,477.1499999956288,-15327.992993793441,6585.005533444118,303.6205188716529
554400,477.1999999956276,-14495.623893174583,6626.505065539421,305.53397352308986
554500,477.2499999956264,-16459.462666779396,6502.190406477037,299.8020905206875
554600,477.2999999956252,-16689.411154820704,6691.031740783361,308.50916048673406
554700,477.34999999562405,-18474.763575746783,6396.583065506921,294.93276193787136
554800,477.39999999562286,-16096.111357564107,6542.770005730906,301.6731290366748
554900,477.4499999956217,-14498.701396149181,6594.28407613634,304.0483326270518
555000,477.4999999956205,-16055.854904384489,6573.275483587722,303.07967136504095
555100,477.5499999956193,-14688.9557516679,6684.426338290176,308.2045995076808
555200,477.59999999561813,-14899.816565527068,6718.771573073718,309.788184814145
555300,477.64999999561695,-14806.110029346462,6564.705091726426,302.6845089296194
555400,477.69999999561577,-14414.647852169832,6484.795669360151,299.00005640207644
555500,477.7499999956146,-15756.541599707149,6520.663401849991,300.6538408209362
555600,477.7999999956134,-16979.179184315904,6654.47164206195,306.8234525420077
555700,477.8499999956122,-16425.653484080827,6696.088733314547,308.7423275947115
555800,477.89999999561104,-16525.134278590893,6641.739901473591,306.2364192185057
555900,477.94999999560986,-13824.358491760815,6343.676810303556,292.4933676845456
556000,477.9999999956087,-15847.326362102665,6574.5433316680965,303.1381291279173
556100,478.0499999956075,-15709.377981495938,6668.879757713511,307.4877799336662
556200,478.0999999956063,-14973.25545927294,6536.875083974553,301.40132680457623
556300,478.1499999956051,-17993.230857365794,6552.009414149391,302.0991383944256
556400,478.19999999560395,-15460.809357973363,6570.520838598444,302.9526605771678
556500,478.24999999560276,-16020.809373661183,6415.676919645904,295.81313870771527
556600,478.2999999956016,-17366.895190492793,6380.144794598212,294.17482843010026
556700,478.3499999956004,-14983.108775986546,6582.219469937499,303.4920594431539
556800,478.3999999955992,-15368.713834196527,6534.824383163942,301.30677337694345
556900,478.44999999559803,-15026.363703324858,6529.194646884901,301.04719827993375
557000,478.49999999559685,-16440.442089396245,6426.0088302843105,296.28952100580693
557100,478.54999999559567,-16019.175398113961,6323.97667247438,291.58503647067505
557200,478.5999999955945,-15412.744036596625,6489.514109083296,299.2176135642884
557300,478.6499999955933,-15896.321806270413,6344.66832185101,292.5390841610126
557400,478.6999999955921,-14940.55029179694,6547.980348431861,301.9133667929422
557500,478.74999999559094,-15405.822111162406,6616.041453454633,305.05151875303386
557600,478.79999999558976,-15974.4125096351,6438.049009259326,296.8446679026676
557700,478.8499999955886,-14868.984146296048,6377.665836829725,294.06052899024314
557800,478.8999999955874,-14831.527419396763,6385.775483216497,294.4344474374354
557900,478.9499999955862,-15792.381628184125,6496.698868684978,299.54888746028615
558000,478.99999999558503,-17026.61751677871,6496.514688055911,299.5403952854688
558100,479.04999999558385,-15655.131742165686,6401.199039644366,295.1455946311153
558200,479.09999999558266,-16198.857931532077,6585.395941521828,303.638519752977
558300,479.1499999955815,-14373.956450068732,6334.782669583222,292.0832778817793
558400,479.1999999955803,-15267.438459994893,6625.890422985906,305.5056336697563
558500,479.2499999955791,-16781.991180604113,6211.81776106807,286.41362898979895
558600,479.29999999557793,-15109.61641994778,6449.606183630967,297.3775444904831
558700,479.34999999557675,-15373.255481100363,6429.432281384096,296.447369012763
558800,479.39999999557557,-15594.120802791045,6392.510678776711,294.74499289716323
558900,479.4499999955744,-14803.960425371717,6548.329249328171,301.92945386692185
559000,479.4999999955732,-17329.604947864642,6520.835451864391,300.6617736790604
559100,479.549999995572,-17008.717922145806,6372.695556916613,293.83136001559427
559200,479.59999999557084,-16314.13498913915,6575.790459336645,303.19563151692836
559300,479.64999999556966,-15897.389824831405,6299.403723677398,290.4520303667237
559400,479.6999999955685,-14868.385889368108,6240.493120970624,287.73578849418
559500,479.7499999955673,-15762.297521658867,6554.680744678716,302.2223077307719
559600,479.7999999955661,-16012.951374875189,6506.512183448572,300.00135841194145
559700,479.84999999556493,-14308.223584976695,6262.543278416286,288.75247408553616
559800,479.89999999556375,-16304.114101666637,6243.849756949957,287.8905557988591
559900,479.94999999556256,-15948.789888818645,6375.7650455440535,293.9728875701272
560000,479.9999999955614,-15094.83866304879,6352.037619267766,292.8788667009105
560100,480.0499999955602,-16787.568125497583,6484.048359529817,298.9655995444032
560200,480.099999995559,-16099.898551341528,6447.100926448069,297.26203244088566
560300,480.14999999555783,-15038.083287608828,6391.964158097425,294.71979399772783
560400,480.19999999555665,-15770.00743154836,6385.682429891658,294.4301569476815
560500,480.24999999555547,-15850.61424620501,6346.556520932158,292.6261449815146
560600,480.2999999955543,-15308.494909159213,6476.213149772306,298.6043347831267
560700,480.3499999955531,-17076.199049074818,6452.777503193917,297.52376725162134
560800,480.3999999955519,-16145.725269072494,6534.615089235859,301.2971232816294
560900,480.44999999555074,-16428.640029709044,6580.101489039533,303.3944038746149
561000,480.49999999554956,-15520.212755992878,6326.279031769733,291.6911933327056
561100,480.5499999955484,-15789.332354401833,6383.273739431507,294.3190973830998
561200,480.5999999955472,-16813.63360758015,6429.291877049714,296.44089526924967
561300,480.649999995546,-15064.28868053908,6461.075372745297,297.9063642662971
561400,480.69999999554483,-16540.824009914122,6347.501436046417,292.66971299612356
561500,480.74999999554365,-15926.466712762334,6427.168270958054,296.3429803350626
561600,480.79999999554246,-15113.677399285056,6295.954063470058,290.2929739138833
561700,480.8499999955413,-16596.257241458956,6394.8415253592075,294.85246324706554
561800,480.8999999955401,-14377.93436954154,6312.919077971486,291.07519444193423
561900,480.9499999955389,-16184.910712005965,6460.792787337615,297.89333485763973
562000,480.99999999553773,-15346.36760173387,6391.641667452618,294.7049246439497
562100,481.04999999553655,-14899.206136446706,6307.326423592544,290.8173291120146
562200,481.09999999553537,-16386.10529224082,6470.864458746628,298.3577180815533
562300,481.1499999955342,-15425.268085900758,6413.19668426767,295.6987803600056
562400,481.199999995533,-15838.461881843874,6423.6629541733055,296.18135767649545
562500,481.2499999955318,-15073.634694483339,6508.601103205859,300.09767403344966
562600,481.29999999553064,-14597.773640910316,6497.4703535930985,299.5844589790822
562700,481.34999999552946,-16207.668240287454,6461.016892505092,297.9036678675189
562800,481.3999999955283,-15301.1995158281,6456.74324277746,297.7066190205302
562900,481.4499999955271,-14781.737056594915,6474.922479724849,298.5448247481676
563000,481.4999999955259,-15444.951288649609,6526.341127766781,300.9156286174857
563100,481.54999999552473,-15075.58902220885,6325.817145413275,291.6698967408508
563200,481.59999999552355,-16351.821196777779,6231.928410746967,287.34088802691616
563300,481.64999999552236,-16592.50950748344,6352.813797744396,292.91465463011036
563400,481.6999999955212,-15445.961841085644,6378.339648724612,294.09159701533565
563500,481.74999999552,-17332.435243492542,6365.934408540378,293.51961792703645
563600,481.7999999955188,-14872.833790608252,6253.215986400543,288.3224126031116
563700,481.84999999551763,-16050.313766079054,6285.742603263766,289.82214532755563
563800,481.89999999551645,-16474.377542846127,6305.161260593089,290.7174980777053
563900,481.94999999551527,-15735.08972048642,6425.35975734868,296.2595936412055
564000,481.9999999955141,-16297.098091378539,6383.893930087501,294.34769304757054
564100,482.0499999955129,-16149.443688669086,6475.367075592312,298.56532411256177
564200,482.0999999955117,-15469.439471202124,6414.425038255341,295.755417134751
564300,482.14999999551054,-15286.040844723775,6413.191396157875,295.69853653657503
564400,482.19999999550936,-14363.89954235114,6437.290641373864,296.80970118172706
564500,482.2499999955082,-14794.684115366772,6572.934803130193,303.0639633179089
564600,482.299999995507,-14988.730189174428,6579.586216234797,303.37064574783136
564700,482.3499999955058,-15329.418598197548,6440.841871331812,296.97344079849563
564800,482.39999999550463,-16339.338985216245,6434.505867365917,296.6813012092534
564900,482.44999999550345,-15098.881396243822,6607.893025343924,304.67581216351067
565000,482.49999999550226,-15376.295366097842,6490.804784072534,299.2771238271024
565100,482.5499999955011,-17177.882684890625,6437.068949746887,296.7994794550375
565200,482.5999999954999,-14734.095844629348,6443.529896099681,297.0973798704698
565300,482.6499999954987,-16144.863682028716,6386.812911790682,294.4822810497819
565400,482.69999999549754,-14743.549477980367,6434.417879945921,296.6772442975352
565500,482.74999999549635,-14817.094198162285,6177.8247649812565,284.84628465615157
565600,482.79999999549517,-16179.087120755983,6409.594010316283,295.5326687707457
565700,482.849999995494,-14885.159951302234,6388.619687473597,294.5655876115676
565800,482.8999999954928,-15561.464004477517,6349.039556439218,292.74063243717444
565900,482.9499999954916,-17853.674316807486,6555.254470347937,302.2487609940979
566000,482.99999999549044,-16904.25419933932,6402.902451966075,295.224135329425
566100,483.04999999548926,-18304.654998385522,6455.849411590829,297.66540637654833
566200,483.0999999954881,-17742.768086653174,6691.152303999468,308.51471939872664
566300,483.1499999954869,-16241.845597481739,6509.604668805246,300.1439462964661
566400,483.1999999954857,-14960.285610757017,6526.10634593703,300.90480332954803
566500,483.24999999548453,-14369.568434936104,6545.679778549389,301.80729243691184
566600,483.29999999548335,-14820.052965769439,6513.497888046631,300.3234543075295
566700,483.34999999548216,-13951.938935105212,6470.074392782891,298.3212898300303
566800,483.399999995481,-13654.075296753326,6549.538937224138,301.9852299881082
566900,483.4499999954798,-15735.765594729375,6692.49401341754,308.57658274988427
567000,483.4999999954786,-15329.66727054141,6587.025074924957,303.71363560924425
567100,483.54999999547744,-16207.578818494872,6496.229972393535,299.5272676553244
567200,483.59999999547625,-17233.76205507593,6625.7184798419885,305.49770573920136
567300,483.64999999547507,-15019.140645619294,6567.423880804253,302.80986647811653
567400,483.6999999954739,-16764.29759186118,6687.996582541376,308.36921583283686
567500,483.7499999954727,-16139.684570732687,6615.117173441869,305.0089021788135
567600,483.7999999954715,-14944.812515938458,6653.651382734489,306.78563213907137
567700,483.84999999547034,-14736.873656021293,6558.250362809238,302.3868951868429
567800,483.89999999546916,-13524.518315581423,6616.529631748224,305.07402760986776
567900,483.949999995468,-14448.703470100812,6781.925834301868,312.7000927033124
568000,483.9999999954668,-16104.924512969665,6721.7078600939685,309.9235707275078
568100,484.0499999954656,-16606.253542650455,6844.146075197286,315.5689349129416
568200,484.09999999546443,-16940.66677659753,6724.6694982751305,310.06012552867054
568300,484.14999999546325,-14899.70268692217,6520.8948883237435,300.664514167058
568400,484.19999999546206,-15837.42289015592,6690.9087831829265,308.50349117480204
568500,484.2499999954609,-17332.64487385693,6798.157288037888,313.4484903136625
568600,484.2999999954597,-15167.580598520659,6678.605885660782,307.9362308877261
568700,484.3499999954585,-14272.313858087216,6610.90256832622,304.8145757525784
568800,484.39999999545734,-15348.978548330138,6533.363060356522,301.2393949082733
568900,484.44999999545615,-15573.65945119295,6600.686817872842,304.34354935213497
569000,484.49999999545497,-14533.294104177214,6520.574729764138,300.6497523407399
569100,484.5499999954538,-15330.62081346825,6652.451074583762,306.73028849787335
569200,484.5999999954526,-16316.82788921606,6480.755784384608,298.8137859477501
569300,484.6499999954514,-15574.982869630785,6343.63084670147,292.49124840117616
569400,484.69999999545024,-15730.613023710117,6680.069451570554,308.00371278104734
569500,484.74999999544906,-15726.294442991488,6603.782188527771,304.48627027159006
569600,484.7999999954479,-15855.426220994568,6303.941228020711,290.66124498561834
569700,484.8499999954467,-14819.535823641854,6458.333513951578,297.7799430225497
569800,484.8999999954455,-15367.179461520442,6509.406821020174,300.1348239583213
569900,484.94999999544433,-15501.13240230205,6599.134636431943,304.27198158623486
570000,484.99999999544315,-14574.672090015087,6343.72756615583,292.49570792831986
570100,485.04999999544196,-17051.99116591097,6632.261772573694,305.79940297001457
570200,485.0999999954408,-18761.982023824068,6399.592427473382,295.0715171806861
570300,485.1499999954396,-16558.605638477406,6498.211644715084,299.6186383269885
570400,485.1999999954384,-16395.79567083449,6724.028659182678,310.03057780896467
570500,485.24999999543724,-14993.347406186169,6459.633795816104,297.8398962378327
570600,485.29999999543605,-15169.655526743329,6346.921249173067,292.6429618204966
570700,485.34999999543487,-14747.532140574835,6310.160953280126,290.9480232124416
570800,485.3999999954337,-15689.80055638202,6226.897509665073,287.10892393985216
570900,485.4499999954325,-15703.679041068623,6376.371026183617,294.0008280411376
571000,485.4999999954313,-16310.729481810682,6337.357849529564,292.20201392042424
571100,485.54999999543014,-16616.848535245128,6422.613463646018,296.1329679132936
571200,485.59999999542896,-15679.69449486223,6532.963181984291,301.22095737192717
571300,485.6499999954278,-15819.567139415707,6374.05143968418,293.89387686957826
571400,485.6999999954266,-15189.963667254175,6383.056566706701,294.3090840133227
571500,485.7499999954254,-16097.895636517691,6576.512118561381,303.2289056800479
571600,485.79999999542423,-16855.432626514124,6503.576130703204,299.86598330049236
571700,485.84999999542305,-15613.63709338772,6429.972946450945,296.4722979224349
571800,485.89999999542187,-17169.322386491807,6428.977247186074,296.42638835927585
571900,485.9499999954207,-15280.56053187794,6517.79857579476,300.5217498198051
572000,485.9999999954195,-16342.720433443179,6361.8780251236885,293.3325867648814
572100,486.0499999954183,-15498.428230894175,6586.403606633261,303.6849810357243
572200,486.09999999541714,-15099.218952266932,6447.433206791315,297.2773531767172
572300,486.14999999541595,-16353.831388466197,6542.762430001424,301.67277973599397
572400,486.19999999541477,-15616.665175027216,6791.951562688419,313.162357592739
572500,486.2499999954136,-15346.718255539474,6546.664356106624,301.8526892019227
572600,486.2999999954124,-14679.215634207874,6614.555317742457,304.9829962144039
572700,486.3499999954112,-15343.629867074646,6518.011698844876,300.531576467745
572800,486.39999999541004,-15643.914379044994,6451.347519882512,297.4578337800727
572900,486.44999999540886,-14737.553573497911,6581.006296482106,303.4361226102785
573000,486.4999999954077,-15886.267297198408,6515.871807056662,300.4329106349273
573100,486.5499999954065,-17759.399421009944,6350.188379046709,292.7936021901088
573200,486.5999999954053,-15230.08170264121,6606.026637148749,304.58975699630435
573300,486.64999999540413,-16307.334807514113,6390.20214340584,294.6385512695021
573400,486.69999999540295,-16480.634455290336,6322.816473606323,291.5315421827015
573500,486.74999999540177,-14855.120828097806,6527.039705638704,300.94783854880137
573600,486.7999999954006,-16328.726287001211,6343.776058920388,292.49794382596065
573700,486.8499999953994,-16023.855105611006,6329.701161869551,291.8489804311789
573800,486.8999999953982,-15374.483080752792,6393.531179088135,294.79204598352584
573900,486.94999999539704,-15473.136425596755,6506.814236419442,300.01528542829345
574000,486.99999999539585,-15313.211620401698,6354.69981489758,293.0016148465813
574100,487.04999999539467,-16143.678038095755,6513.146894942741,300.30727076633394
574200,487.0999999953935,-16164.700275847823,6551.643764876562,302.0822790886319
574300,487.1499999953923,-16155.581783483833,6479.312815939756,298.74725375947537
574400,487.1999999953911,-16216.30064949655,6521.297009363696,300.68305510801537
574500,487.24999999538994,-16046.727338696459,6381.495377522669,294.2371009196556
574600,487.29999999538876,-16211.367545874993,6438.867334921939,296.8823991484542
574700,487.3499999953876,-16014.473576591605,6428.917147350529,296.42361728442114
574800,487.3999999953864,-14038.591308490322,6383.894087538041,294.34770030727816
574900,487.4499999953852,-16309.937948448458,6580.440345377476,303.41002781549497
575000,487.49999999538403,-15033.488705759508,6498.1705806416385,299.61674495040387
575100,487.54999999538285,-15341.193447812562,6376.107410651316,293.98867329285486
575200,487.59999999538167,-16612.70503737793,6524.370728743799,300.82477773350337
575300,487.6499999953805,-15471.976387206507,6562.873658955917,302.60006548226977
575400,487.6999999953793,-17268.477001940853,6343.4313911632335,292.48205193297224
575500,487.7499999953781,-17049.47426921542,6436.866149892896,296.7901287875881
575600,487.79999999537694,-15587.279573999234,6640.197657083593,306.16530962876584
575700,487.84999999537575,-17899.67130671807,6429.787141720725,296.4637308637876
575800,487.89999999537457,-13514.380846714927,6599.941037831522,304.30916302976067
575900,487.9499999953734,-13943.110432218844,6490.358950301474,299.2565673856215
576000,487.9999999953722,-15559.10793849879,6514.802825671715,300.3836221899726
576100,488.049999995371,-14290.032054919244,6652.909466138504,306.751423951897
576200,488.09999999536984,-14592.848813710361,6618.884271262317,305.1825950009494
576300,488.14999999536866,-14542.729645546458,6540.762055846571,301.5805467628022
576400,488.1999999953675,-16859.59469266602,6540.8152427125015,301.5829990954159
576500,488.2499999953663,-17118.436289373476,6677.147782793687,307.8690008836164
576600,488.2999999953651,-16903.417958231807,6446.696874429328,297.243402466627
576700,488.34999999536393,-16720.902380205433,6318.720887391015,291.34270346336257
576800,488.39999999536275,-14554.957546449581,6636.2093863987175,305.9814189989717
576900,488.44999999536157,-14907.239979043008,6533.5896067053345,301.24984047580176
577000,488.4999999953604,-15366.34403118984,6440.52184280692,296.95868496779997
577100,488.5499999953592,-13180.096778372192,6452.028399688762,297.48922769143894
577200,488.599999995358,-13501.316131599206,6625.707964371094,305.49722089333255
577300,488.64999999535684,-15796.61388763403,6540.203223340764,301.5547801913827
577400,488.69999999535565,-16632.242164836065,6496.271730417554,299.5291930284855
577500,488.7499999953545,-17167.54974665938,6575.920472658191,303.2016261530676
577600,488.7999999953533,-17344.693342037368,6543.561907232036,301.70964192090054
577700,488.8499999953521,-17309.27184276431,6558.573612517659,302.4017995394205
577800,488.8999999953509,-17514.763372088204,6531.115934253255,301.13578473057805
577900,488.94999999534974,-15576.396314736056,6635.144951094358,305.9323401640682
578000,488.99999999534856,-16344.153057304307,6803.355300117833,313.68815953137215
578100,489.0499999953474,-14553.150288215325,6516.913432474253,300.4809377547456
578200,489.0999999953462,-15019.05292577778,6681.013542835146,308.04724280971044
578300,489.149999995345,-16148.959201112426,6700.261036905694,308.93470358814085
578400,489.19999999534383,-14040.049481915166,6605.261410403894,304.5544740280294
578500,489.24999999534265,-15525.48794578914,6528.050293110294,300.9944345753242
578600,489.29999999534147,-14722.237247475434,6468.116737820593,298.23102654742473
578700,489.3499999953403,-16528.699115389634,6512.688993990113,300.2861579329244
578800,489.3999999953391,-18341.16395514766,6437.733150827749,296.83010434605427
578900,489.4499999953379,-14305.358197863303,6401.559914884782,295.1622338164868
579000,489.49999999533674,-15739.964752028516,6501.811086166801,299.78460087260333
579100,489.54999999533555,-16913.583299025362,6408.077375026868,295.46273996185226
579200,489.5999999953344,-15150.676487606333,6356.967448946719,293.1061706017912
579300,489.6499999953332,-16476.72524200352,6462.149076947111,297.95587047023474
579400,489.699999995332,-14927.31019479958,6530.382468325539,301.1019661856404
579500,489.7499999953308,-14402.215665510015,6535.99114142943,301.3605701047011
579600,489.79999999532964,-17134.14805367108,6608.866790776505,304.7207104045824
579700,489.84999999532846,-16934.849221262673,6552.637527330335,302.1280993495743
579800,489.8999999953273,-15543.714561502573,6449.857422553412,297.3891285797607
579900,489.9499999953261,-14582.147175798133,6523.890272453798,300.80262492173665
580000,489.9999999953249,-15664.400227408963,6595.391580703215,304.0993972935186
580100,490.04999999532373,-16261.29092058934,6457.57828309721,297.74512094340236
580200,490.09999999532255,-15504.350972659897,6504.731396307169,299.91925012621164
580300,490.14999999532137,-15039.128283248354,6542.716854833358,301.67067836248634
580400,490.1999999953202,-15829.672729760843,6544.006630116937,301.73014714179703
580500,490.249999995319,-14439.303647631088,6570.286611603969,302.94186087149785
580600,490.2999999953178,-15343.129050595697,6631.445680945813,305.76177473079053
580700,490.34999999531664,-15939.378919137109,6566.159608967913,302.7515736082025
580800,490.39999999531545,-16098.733460757343,6553.785381290383,302.1810244402472
580900,490.4499999953143,-16825.783304208428,6646.8795102162285,306.4733955832652
581000,490.4999999953131,-16272.84875181305,6679.207216572804,307.963956969746
581100,490.5499999953119,-16145.828418679557,6890.179233775305,317.6914253834164
581200,490.5999999953107,-16262.113345039694,6661.818647334822,307.1622072388372
581300,490.64999999530954,-15503.415860654475,6532.138022205014,301.18291101964036
581400,490.69999999530836,-16102.97103489739,6634.694255911701,305.9115595732977
581500,490.7499999953072,-13859.305130690269,6667.12633564168,307.4069333927565
581600,490.799999995306,-15199.713878684834,6764.130364663997,311.87958166538334
581700,490.8499999953048,-16822.91338224006,6627.766545821849,305.59213768042457
581800,490.89999999530363,-16066.653954931777,6625.390722448303,305.48259354689884
581900,490.94999999530245,-15723.246274135832,6561.694059854635,302.5456766910421
582000,490.99999999530127,-14758.13626438241,6588.721958455867,303.7918752789762
582100,491.0499999953001,-15009.869784513856,6703.001794317433,309.06107404952127
582200,491.0999999952989,-15633.222189051468,6582.273845946681,303.49456660461914
582300,491.1499999952977,-16396.555964878207,6691.472859977512,308.5294995491588
582400,491.19999999529654,-15739.986372904808,6541.561765707776,301.6174196738078
582500,491.24999999529535,-15285.818463116702,6530.722056127516,301.11762385276234
582600,491.2999999952942,-16056.588292964334,6675.278531420343,307.7828137013895
582700,491.349999995293,-16570.992546845206,6641.245888072253,306.2136413173359
582800,491.3999999952918,-16027.973508733668,6437.523023589757,296.82041582860285
582900,491.4499999952906,-16178.397812934512,6580.319700472658,303.4044651370106
583000,491.49999999528944,-14540.257807663527,6620.844455333545,305.2729748953576
583100,491.54999999528826,-15097.838091324496,6449.381541091946,297.36718670355157
583200,491.5999999952871,-15029.144291609762,6555.862665840721,302.27680358725235
583300,491.6499999952859,-15265.554251982212,6407.478003215662,295.43510420978015
583400,491.6999999952847,-15898.909129067766,6428.990936132561,296.42701952731574
583500,491.74999999528353,-15739.409921966677,6624.595395664084,305.445922730197
583600,491.79999999528235,-16093.326022717167,6516.621868098173,300.46749434506273
583700,491.84999999528117,-16164.095639774625,6632.471962017689,305.80909435565167
583800,491.89999999528,-16217.973401055646,6379.610163308175,294.15017772497004
583900,491.9499999952788,-15463.351358262202,6527.428885450125,300.9657827973943
584000,491.9999999952776,-16811.767565659135,6553.133771439399,302.1509801039056
584100,492.04999999527644,-14535.201416231714,6555.198182309312,302.2461656730451
584200,492.09999999527525,-15555.718405695636,6644.777682667795,306.37648481111887
584300,492.1499999952741,-15362.491418090247,6531.801304594165,301.1673856908916
584400,492.1999999952729,-15796.71471565868,6551.0767594108775,302.05613567951553
584500,492.2499999952717,-16171.227884082771,6494.35548164353,299.4408388966474
584600,492.2999999952705,-14697.434017635318,6602.6748046568655,304.4352111701562
584700,492.34999999526934,-15672.542965794994,6499.871855450496,299.69518709256835
584800,492.39999999526816,-16409.24914923175,6728.021394029809,310.2146742717308
584900,492.449999995267,-15474.334207485457,6647.425651933495,306.49857700957256
585000,492.4999999952658,-17206.120184214553,6673.978614200686,307.7228772991013
585100,492.5499999952646,-14665.987232154868,6670.35577943452,307.55583613779885
585200,492.59999999526343,-15444.805977962906,6702.38406339665,309.0325917981794
585300,492.64999999526225,-14940.51024334242,6580.524457250277,303.41390603402243
585400,492.69999999526107,-15259.655473151606,6647.266008083863,306.49121617316723
585500,492.7499999952599,-16811.410649537924,6709.4221405965345,309.357102482405
585600,492.7999999952587,-16011.975745830561,6690.498843248296,308.4845897213368
585700,492.8499999952575,-16030.169260346647,6707.295856469175,309.2590640697205
585800,492.89999999525634,-16705.647413871004,6698.324931444044,308.84543390691266
585900,492.94999999525515,-16272.12479284891,6602.155036311065,304.41124576359067
586000,492.999999995254,-16430.25821470515,6660.280404974997,307.0912821741476
586100,493.0499999952528,-15552.33921488857,6804.30754389459,313.7320654549317
586200,493.0999999952516,-15228.598859928336,6574.3814280311435,303.13066409755265
586300,493.1499999952504,-14642.119414894214,6686.390472835524,308.29516155000005
586400,493.19999999524924,-14350.85791736809,6669.3003840882075,307.50717411602307
586500,493.24999999524806,-15975.012752624429,6604.396545113992,304.51459693958344
586600,493.2999999952469,-14595.978378257165,6551.440352938303,302.07290019928615
586700,493.3499999952457,-14739.835764323589,6663.481257948632,307.23886665767634
586800,493.3999999952445,-17743.704899537264,6690.195356222928,308.47059658379953
586900,493.44999999524333,-16530.3179909273,6634.505463879519,305.9028547765472
587000,493.49999999524215,-14408.2505975522,6480.176225751617,298.78706373894227
587100,493.54999999524097,-15169.97191376734,6446.082910771734,297.21509391573204
587200,493.5999999952398,-15779.7702452311,6481.21579183116,298.8349959070884
587300,493.6499999952386,-16975.57929642534,6498.839067681419,299.64756745781807
587400,493.6999999952374,-15711.727538566682,6640.628243055078,306.1851630268256
587500,493.74999999523624,-16084.568641323696,6541.705832402878,301.62406228093954
587600,493.79999999523505,-16162.084694911999,6617.020340539694,305.09665314254556
587700,493.8499999952339,-16794.022626850794,6619.714337509885,305.2208675799935
587800,493.8999999952327,-17777.833948834363,6400.675612351458,295.12146051832565
587900,493.9499999952315,-16545.027837362075,6453.8183849174775,297.5717600812987
588000,493.9999999952303,-15410.722334510394,6535.400895021997,301.3333551054764
588100,494.04999999522914,-16246.283510244695,6611.784931115117,304.8552596132733
588200,494.09999999522796,-14764.515394517863,6325.844244048661,291.6711462009605
588300,494.1499999952268,-15009.614490232589,6475.310677059015,298.56272369683603
588400,494.1999999952256,-15112.490282344792,6677.122476696183,307.86783407359394
588500,494.2499999952244,-13769.42345989613,6620.056023679766,305.23662199837077
588600,494.29999999522323,-15665.712988227888,6509.786114060398,300.1523123490436
588700,494.34999999522205,-15139.536373056799,6496.171866587916,299.524588520924
588800,494.39999999522087,-14761.339545929117,6575.090540854552,303.1633597729455
588900,494.4499999952197,-16483.218757633495,6796.737721557265,313.3830371398982
589000,494.4999999952185,-16196.259673016184,6439.767231355442,296.9238914479949
589100,494.5499999952173,-17926.940434263528,6534.887158268206,301.30966780271604
589200,494.59999999521614,-16295.127404278532,6562.883926384875,302.60053889145547
589300,494.64999999521496,-15048.20919907753,6465.806839195524,298.1245220630287
589400,494.6999999952138,-15674.432936815801,6589.786531760926,303.8409604767968
589500,494.7499999952126,-15674.33072528162,6631.898005298577,305.78263043910954
589600,494.7999999952114,-13458.926642952925,6469.533873872649,298.2963676593269
589700,494.8499999952102,-13411.296931119412,6843.912614759984,315.55817055158303
589800,494.89999999520904,-14326.218074655873,6742.2183537507935,310.8692657151234
589900,494.94999999520786,-16370.72045615067,6482.329059464369,298.8863262962158
590000,494.9999999952067,-16007.004658247592,6694.0915509363585,308.65024178751406
590100,495.0499999952055,-17028.699147344738,6538.489287058612,301.4757542557693
590200,495.0999999952043,-16905.12184337951,6515.318310923881,300.4073901122527
590300,495.14999999520313,-15183.07754996321,6629.415522930928,305.66816848752467
590400,495.19999999520195,-17352.262547344846,6712.212578106661,309.4857635868491
590500,495.24999999520077,-14551.024850194019,6968.0737975709035,321.2829770923382
590600,495.2999999951996,-13883.800324698352,6889.937366376439,317.6802733950439
590700,495.3499999951984,-14960.056290268772,6801.688465382794,313.61130534733906
590800,495.3999999951972,-14020.683895430215,6777.964644573073,312.5174507184731
590900,495.44999999519604,-16334.710316000775,6878.355702480704,317.1462676476591
591000,495.49999999519486,-17742.987736726285,6776.168200115724,312.4346205073983
591100,495.5499999951937,-16420.662624569464,6590.005048462902,303.8510358144862
591200,495.5999999951925,-18103.83860531126,6754.316821028846,311.42710016095003
591300,495.6499999951913,-16070.996800613011,6662.639880254311,307.20007253201925
591400,495.6999999951901,-15374.163321588288,6702.317298562868,309.02951341451325
591500,495.74999999518894,-15419.78911449862,6730.20287148973,310.3152575309132
591600,495.79999999518776,-12322.074654803919,6585.48970662449,303.6428430612837
591700,495.8499999951866,-14999.511851070074,6722.542369352256,309.96204816427195
591800,495.8999999951854,-13856.327805217396,6537.458637855664,301.4282332257285
591900,495.9499999951842,-13053.199376567854,6472.139220178984,298.4164946043009
592000,495.99999999518303,-16356.161963589768,6792.615672182388,313.19297826088
592100,496.04999999518185,-16056.016885980403,6665.534505177544,307.33353749520984
592200,496.09999999518067,-17246.7387369777,6624.894124003354,305.4596964548978
592300,496.1499999951795,-18930.331097368187,6658.631588957413,307.01525879463185
592400,496.1999999951783,-18239.7978442941,6542.683499573814,301.6691404228204
592500,496.2499999951771,-16364.645960637932,6567.647891497297,302.8201951319816
592600,496.29999999517594,-16293.489263728505,6603.720274259261,304.48341553711253
592700,496.34999999517476,-14439.598894903418,6536.629898337313,301.3900218193305
592800,496.3999999951736,-14220.40845522133,6475.367528765868,298.565345007425
592900,496.4499999951724,-13458.348562452808,6532.023589818286,301.1776347870757
593000,496.4999999951712,-14665.674685864646,6451.656360760262,297.4720737722906
593100,496.54999999517,-14890.966072457917,6447.889862877153,297.29840861198204
593200,496.59999999516884,-15441.420119475379,6633.6548592175905,305.8636352151516
593300,496.64999999516766,-17574.484919675484,6558.070519262701,302.3786029856233
593400,496.6999999951665,-16590.36641439557,6447.570496494304,297.2836833112396
593500,496.7499999951653,-17610.344063325705,6682.091625565527,308.096950898234
593600,496.7999999951641,-15360.59172910161,6608.683937966305,304.7122794526527
593700,496.84999999516293,-15065.567564037048,6622.429842780682,305.3460737191729
593800,496.89999999516175,-14792.454814493392,6593.5232578995365,304.01325292565264
593900,496.94999999516057,-13134.200846566531,6565.613986577662,302.72641612695287
594000,496.9999999951594,-14415.283128176061,6580.3423703018525,303.40551039434075
594100,497.0499999951582,-14090.238264802207,6584.783447383957,303.610278958493
594200,497.099999995157,-15735.422071243838,6562.910475339806,302.6017630069753
594300,497.14999999515584,-17449.599437373636,6464.8316785924135,298.0795594936283
594400,497.19999999515466,-17030.15950169145,6483.184677435679,298.92577701058286
594500,497.2499999951535,-17299.574726261017,6651.502824103669,306.68656669668064
594600,497.2999999951523,-17326.179108614713,6615.246560855489,305.0148679556772
594700,497.3499999951511,-16302.082034277899,6770.258359113422,312.1621303807833
594800,497.3999999951499,-15741.079226161668,6632.84885568871,305.8264721165926
594900,497.44999999514874,-13241.951761105463,6739.993265930002,310.7666716754901
595000,497.49999999514756,-13676.889520848987,6632.469455446716,305.808978783026
595100,497.5499999951464,-14445.470290319985,6537.839142213323,301.4457774677065
595200,497.5999999951452,-13511.452957991154,6767.6683446796715,312.0427103556571
595300,497.649999995144,-15107.70346642485,6497.551971485016,299.5882222054861
595400,497.69999999514283,-16310.244264671468,6707.437769335608,309.2656073684197
595500,497.74999999514165,-16029.147865945064,6794.822752238801,313.29474200101896
595600,497.79999999514047,-18398.7576586235,6724.86919950749,310.0693333253049
595700,497.8499999951393,-16369.257682731368,6817.819360039678,314.35506639366054
595800,497.8999999951381,-16850.375659532485,6802.787225923425,313.6619668454604
595900,497.9499999951369,-16177.485698822733,6735.223817942165,310.5467626313073
596000,497.99999999513574,-12640.011972042106,6619.720473183386,305.22115048277357
596100,498.04999999513456,-14722.45189870832,6850.283013109492,315.8518959922791
596200,498.0999999951334,-13328.774112116316,6801.925090165284,313.6222156098852
596300,498.1499999951322,-14468.675294980852,6796.35619332009,313.3654456890259
596400,498.199999995131,-16170.489589045646,6680.374131640443,308.01776092731535
596500,498.2499999951298,-13356.616274306482,6808.671581113581,313.9332818757951
596600,498.29999999512864,-16214.067665256593,6756.53132807324,311.5292063436175
596700,498.34999999512746,-18534.37922090637,6750.320053205331,311.2428177462699
596800,498.3999999951263,-17064.953769240477,6633.163440356688,305.84097694269116
596900,498.4499999951251,-15882.428266772169,6608.877244326314,304.7211923954025
597000,498.4999999951239,-16120.318214111272,6719.1214465043095,309.8043167295999
597100,498.54999999512273,-15207.032347631088,6700.206407482883,308.93218474231526
597200,498.59999999512155,-14243.362083229371,6511.026615761517,300.20950922887033
597300,498.64999999512037,-14196.841438239186,6490.349748811987,299.25614312462454
597400,498.6999999951192,-13782.229860234833,6395.420551650443,294.87916091073373
597500,498.749999995118,-14800.774741939587,6493.544548542711,299.40344850607136
597600,498.7999999951168,-17300.040048504306,6500.230490032729,299.71172296598417
597700,498.84999999511564,-16386.715207018,6468.04921985158,298.22791343830426
597800,498.89999999511446,-17046.607350427606,6510.680857970679,300.19356707676053
597900,498.9499999951133,-16020.833705110465,6472.514884359282,298.4338156760546
598000,498.9999999951121,-15703.996440133362,6521.584565363571,300.69631370004583
598100,499.0499999951109,-16195.995232061969,6601.243431200868,304.3692136020142
598200,499.0999999951097,-14696.94301911735,6474.723298526598,298.53564092919356
598300,499.14999999510854,-15713.831131169325,6532.465297871106,301.198001000514
598400,499.19999999510736,-15513.524475130958,6559.19382782338,302.43039634043737
598500,499.2499999951062,-15041.986924753783,6478.7309429980405,298.7204248428429
598600,499.299999995105,-15900.64675991348,6636.727331710355,306.0053003493317
598700,499.3499999951038,-16370.014985106365,6476.453756607797,298.6154286496185
598800,499.39999999510263,-15901.770767678148,6483.9330136367125,298.96028119201355
598900,499.44999999510145,-16357.838417254019,6483.514151966329,298.9409683763977
599000,499.49999999510027,-16423.90329774631,6526.5481975992525,300.92517616450874
599100,499.5499999950991,-15904.357759934795,6571.344016440853,302.9906155465853
599200,499.5999999950979,-15335.211153844526,6396.901304017144,294.9474352348197
599300,499.6499999950967,-16819.124453451543,6460.24798287265,297.86821508917546
599400,499.69999999509554,-14415.239325580795,6487.848834925363,299.1408313351274
599500,499.74999999509436,-14887.649621867233,6418.995534553999,295.9661529421321
599600,499.7999999950932,-16122.550366659843,6606.890031869747,304.6295662799639
599700,499.849999995092,-15968.48877629224,6493.52189131176,299.4024038296193
599800,499.8999999950908,-16120.459593916838,6399.0452185159675,295.0462865462185
599900,499.9499999950896,-15907.387681700702,6489.147732560133,299.2007207265375
600000,499.99999999508844,-14032.992184293418,6300.694046412986,290.51152438787534
