#      REAL   NALLORB   NKPOINT
          T       204         1
#   IKPOINT
          1
# MATRIX
   1.000000000000000E+00   0.000000000000000E+00   0.000000000000000E+00   0.000000000000000E+00   3.107156543526605E-01  -2.937993287871500E-03   2.638029567231584E-01  -2.470833577032983E-01   2.754377343881106E-01  -1.514259936698398E-01   4.238338047732011E-02   2.920891023520553E-01   2.967888073718521E-01   1.673947086046767E-01  -3.000104189968085E-01  -6.702215157760920E-02   3.574182286541980E-02  -1.598486164034799E-02   5.378948809722504E-02  -1.678810266070456E-02  -5.980457750924626E-02   3.327235201233211E-02  -3.004741520908738E-02   3.232346771198964E-02   3.263831223308481E-02   2.974597654064694E-02  -1.147617017778646E-02  -1.684373712890319E-02   4.518898847465389E-02   3.379568659685744E-02   1.499306627318327E-02  -5.103347704557262E-02   1.644024929445677E-02  -5.126451534939296E-02   6.839241239471090E-04  -2.290480596800477E-04   1.243147309632945E-03  -6.678869905306110E-04   1.060163729382326E-02  -8.984773237842702E-03   1.649973845025719E-02   3.549700817015146E-03  -1.339713513791991E-03  -1.354416813683318E-03   9.707345862440922E-03   1.181560827708826E-04  -1.270798333358164E-02   1.218622760218637E-02   6.502272269771384E-04   4.810885110867677E-04  -1.260588405663737E-03   2.013719644346647E-04  -1.784797893727088E-05  -5.760330957473366E-06   2.192722683934836E-05  -7.144767345448250E-06  -2.388097099354609E-04   6.634027078478498E-05  -1.007011047005186E-04   1.925612242197588E-04   3.631522122109628E-05   7.491571403224853E-05   5.834165431317883E-06  -1.700934114980411E-04   1.659931359871917E-04  -2.286151124305252E-05   1.143020112084056E-06  -3.654811954950726E-06   1.207019149029566E-06  -1.777381223477939E-04  -2.646754436558071E-05   6.944154311104062E-06  -1.782975383331421E-05   1.026885446686738E-06   2.978068109262286E-05   5.977630067989947E-05   5.000853776126100E-05  -2.681374410742119E-05  -3.819126853058402E-06   2.279863012955477E-05  -1.451713000783053E-05   4.570157695879072E-06  -9.689383513426742E-06   2.681694237808421E-05  -5.911710326998748E-06   3.084084414744982E-06   1.267895987503964E-05  -1.048724279184644E-06   8.720359740517843E-06  -5.791225016133011E-06   0.000000000000000E+00   0.000000000000000E+00   0.000000000000000E+00   0.000000000000000E+00  -1.146055996182643E-05   0.000000000000000E+00   0.000000000000000E+00   0.000000000000000E+00   0.000000000000000E+00   0.000000000000000E+00   0.000000000000000E+00   0.000000000000000E+00   6.986782253304326E-09   2.789605422142925E-09  -1.131832204514659E-09   3.475266618689176E-09   0.000000000000000E+00   0.000000000000000E+00   0.000000000000000E+00   0.000000000000000E+00   9.705916101815642E-06  -1.161221398978867E-05   6.882465013397589E-06  -1.258129940736995E-05   2.076583665251814E-06   7.758282132899990E-07  -7.451315805261389E-08   1.032747263945208E-06   0.000000000000000E+00   0.000000000000000E+00   0.000000000000000E+00   0.000000000000000E+00   0.000000000000000E+00   1.107306818644362E-05   3.512353403389062E-06  -3.134737430847638E-06   3.519765258661744E-06  -2.673335686259176E-05  -1.609567779203390E-05   6.828141675584557E-06  -1.569029596068564E-05   7.517917764470074E-07  -2.195756212275401E-05  -2.744489710642584E-06  -2.763604401713559E-05   0.000000000000000E+00   0.000000000000000E+00   0.000000000000000E+00   0.000000000000000E+00   0.000000000000000E+00   0.000000000000000E+00   0.000000000000000E+00   0.000000000000000E+00   0.000000000000000E+00  -4.747740347745230E-06  -8.124769019579964E-07  -2.196474222252543E-05   5.509477217574165E-06  -1.277955244224330E-07   5.810212748636403E-06   9.008523386708243E-06  -1.143506900889872E-05  -5.849969965445319E-06  -1.544504726035601E-05   0.000000000000000E+00   0.000000000000000E+00   0.000000000000000E+00   0.000000000000000E+00   0.000000000000000E+00   0.000000000000000E+00   0.000000000000000E+00   0.000000000000000E+00   0.000000000000000E+00   3.867629406857210E-04   5.922401406298980E-04   1.681103459044510E-04   5.873022585283215E-04  -1.239985876032266E-05  -2.637748001025506E-05  -2.353291285207237E-05  -3.331409394819480E-05   0.000000000000000E+00   0.000000000000000E+00   0.000000000000000E+00   0.000000000000000E+00   0.000000000000000E+00   0.000000000000000E+00   0.000000000000000E+00  -7.104403936555286E-03   4.517963702008679E-05   1.034584459896170E-04   8.821472172010433E-05   1.127431586763656E-04   1.387527671924296E-05  -3.023932329352598E-06  -4.252975029924102E-06  -4.200247148567845E-06   0.000000000000000E+00   1.603277421617764E-04   1.887001954861865E-04   3.043217356600938E-04   1.945311408887494E-04   9.881052109602550E-06  -6.621725541643790E-06  -1.415102344340222E-05  -9.000276843894396E-06   0.000000000000000E+00  -2.603574159700971E-05  -1.287724382103674E-05  -3.174788395753593E-05  -1.497022716117596E-05  -3.350886519558791E-03   0.000000000000000E+00   5.621570323805178E-05
   0.000000000000000E+00   1.000000000000000E+00   0.000000000000000E+00   0.000000000000000E+00   2.937993287871500E-03   1.877415805700055E-01   3.126943338409211E-03  -2.928760424064964E-03   1.514259936698398E-01   5.864853700662007E-02   2.867555224271189E-02   1.976202987986103E-01  -1.673947086046767E-01   5.959123188404468E-02   2.105537252870177E-01   4.703757869011512E-02   1.598486164034799E-02   7.484121161672864E-03   2.628449486866338E-02  -8.203587984371388E-03   2.210191398134703E-02   3.004741520908738E-02  -1.545974347037122E-02   3.184084964120319E-02   3.215099325406900E-02   1.147617017778646E-02   7.688466475196143E-03  -7.070869654331805E-03   1.896998539398283E-02  -1.499306627318327E-02   7.125177643905213E-03   2.470490814092933E-02  -7.958596437997720E-03   4.154545125249083E-02   2.290480596800477E-04   1.639268557539887E-04   4.082461588149252E-04  -2.193322515310669E-04   8.984773237842702E-03  -4.052419779503459E-03   1.495200119954724E-02   3.216725588351189E-03  -1.356672304347975E-03  -7.787134052039509E-04  -1.181560827708826E-04   3.718855768631880E-03   1.651894995883442E-04  -1.584072615326193E-04  -4.810885110867677E-04  -1.198249236293848E-04   9.109193280265733E-04  -1.455142802377534E-04   5.760330957473366E-06  -1.017617667068021E-05   3.957948257904464E-05  -1.289657815611397E-05  -2.926428156949894E-05   1.007011047005186E-04  -7.043287790548841E-05   2.011938582205855E-04   3.794325414792794E-05  -5.834165431317883E-06   3.745348624371473E-05   9.383603768232164E-06  -9.157402409840105E-06  -1.143020112084056E-06  -1.453836397196132E-05   3.655725364539821E-05  -1.207320806920187E-05   1.891011802718246E-04  -6.944154311104062E-06  -1.888635173494776E-05   3.119011318893200E-05  -1.796360937658152E-06   1.582649206566761E-05  -2.308115197057026E-06  -3.396700389257964E-06   3.819126853058402E-06  -9.308291325402995E-06   8.460308752086405E-06  -5.387139550161357E-06   9.689383513426742E-06   3.242295414280589E-06  -2.036964423946156E-05   4.490423796641582E-06   2.187462911656176E-05   1.048724279184644E-06  -2.249774732475933E-07  -4.810939865923872E-06   3.194963984478401E-06   0.000000000000000E+00   0.000000000000000E+00   0.000000000000000E+00   0.000000000000000E+00  -1.127656211301948E-05   0.000000000000000E+00   0.000000000000000E+00   0.000000000000000E+00   0.000000000000000E+00   0.000000000000000E+00   0.000000000000000E+00   0.000000000000000E+00  -2.789605422142925E-09   5.684992778419246E-09  -1.907100313948437E-09   5.855710796282444E-09   0.000000000000000E+00   0.000000000000000E+00   0.000000000000000E+00   0.000000000000000E+00   1.161221398978867E-05   2.300419593444715E-05  -1.490699266291900E-05   2.725031476230718E-05  -7.758282132899990E-07   1.696930557699415E-06  -1.357707246921442E-07   1.881772939360087E-06   0.000000000000000E+00   0.000000000000000E+00   0.000000000000000E+00   0.000000000000000E+00   0.000000000000000E+00  -3.512353403389062E-06   9.546922271997052E-06  -7.290467360140742E-06   8.185927625425418E-06   1.609567779203390E-05  -4.589822359259816E-05   1.634729727434728E-05  -3.756423703230499E-05   2.195756212275401E-05   1.968544816222490E-05   3.134704004677718E-06   3.156536441657172E-05   0.000000000000000E+00   0.000000000000000E+00   0.000000000000000E+00   0.000000000000000E+00   0.000000000000000E+00   0.000000000000000E+00   0.000000000000000E+00   0.000000000000000E+00   0.000000000000000E+00  -5.588975580052841E-06   1.145766730476218E-04  -5.509477217574165E-06  -7.279822263487189E-05   1.631875663304923E-06  -7.419308951526452E-05   1.143506900889872E-05   1.839931511174040E-05   1.065904571262945E-05   2.814193333543464E-05   0.000000000000000E+00   0.000000000000000E+00   0.000000000000000E+00   0.000000000000000E+00   0.000000000000000E+00   0.000000000000000E+00   0.000000000000000E+00   0.000000000000000E+00   0.000000000000000E+00  -5.922401406298980E-04  -7.020717953030954E-04  -2.391360247635602E-04  -8.354341708329390E-04   2.637748001025506E-05   3.533882738789350E-06   1.100455077947626E-05   1.557846412085226E-05   0.000000000000000E+00   0.000000000000000E+00   0.000000000000000E+00   0.000000000000000E+00   0.000000000000000E+00   0.000000000000000E+00   0.000000000000000E+00   9.881524736514068E-03  -1.034584459896170E-04  -1.196668106478994E-04  -1.252374790539788E-04  -1.600602336876481E-04   3.023932329352598E-06   1.098964921205876E-05   1.572196267961876E-05   1.552704364599508E-05   0.000000000000000E+00  -1.887001954861865E-04  -1.159885968918909E-04  -2.941831221961116E-04  -1.880502497361654E-04   6.621725541643790E-06   6.462798210544987E-06   1.824204600581351E-05   1.160223251046401E-05   0.000000000000000E+00   1.287724382103674E-05  -1.425275840328164E-05  -1.257883227106954E-05  -5.931355197471158E-06   2.716776222589111E-03   0.000000000000000E+00  -1.398373291719178E-05
   0.000000000000000E+00   0.000000000000000E+00   1.000000000000000E+00   0.000000000000000E+00  -2.638029567231584E-01   3.126943338409211E-03  -9.299241087932701E-02   2.629739361868484E-01  -4.238338047732011E-02   2.867555224271189E-02   1.530734938986578E-01  -5.531293611508546E-02   3.000104189968085E-01   2.105537252870177E-01  -2.002890415331784E-01  -8.430232836536945E-02  -5.378948809722504E-02   2.628449486866338E-02  -7.315282860682236E-02   2.760529356888928E-02   3.967901343954345E-02  -3.232346771198964E-02   3.184084964120319E-02  -2.011371531011083E-02  -3.458638904959774E-02   1.684373712890319E-02  -7.070869654331805E-03   2.128058026846163E-03   2.784251560976856E-02   5.103347704557262E-02   2.470490814092933E-02  -6.970749089164149E-02   2.708951199395315E-02  -5.399959850844003E-02  -1.243147309632945E-03   4.082461588149252E-04  -1.976590751052413E-03   1.190415228958754E-03  -1.649973845025719E-02   1.495200119954724E-02  -2.336847479130379E-02  -5.907230986142054E-03   1.188344278717266E-03  -4.699141065858122E-04   1.270798333358164E-02   1.651894995883442E-04  -1.404615372508141E-02   1.703709866023851E-02   1.260588405663737E-03   9.109193280265733E-04  -2.159050548809326E-03   3.812887032197952E-04  -2.192722683934836E-05   3.957948257904464E-05  -1.504414809313249E-04   4.909200474212571E-05   4.004941387260019E-04  -1.925612242197588E-04   2.011938582205855E-04  -3.499413210265528E-04  -7.255530603497758E-05   1.700934114980411E-04   9.383603768232164E-06  -2.358009213888162E-04   2.669814277100872E-04   3.654811954950726E-06   3.655725364539821E-05  -1.199972893522682E-04   3.860413716209540E-05  -3.980258685099229E-04   1.782975383331421E-05   3.119011318893200E-05  -8.682221781285739E-05   4.612321656362221E-06  -6.827943537989048E-05   3.707030523630636E-06  -2.481825153450753E-05  -2.279863012955477E-05   8.460308752086405E-06  -5.839565109300757E-05   3.215902660108543E-05  -2.681694237808421E-05  -2.036964423946156E-05   5.225872058620327E-05  -1.242797707829897E-05  -5.599143812815979E-05  -8.720359740517843E-06  -4.810939865923872E-06   3.920041337874727E-05  -2.656678772070701E-05   0.000000000000000E+00   0.000000000000000E+00   0.000000000000000E+00   0.000000000000000E+00   2.723839190376589E-05   0.000000000000000E+00   0.000000000000000E+00   0.000000000000000E+00   0.000000000000000E+00   0.000000000000000E+00   0.000000000000000E+00   0.000000000000000E+00   1.131832204514659E-09  -1.907100313948437E-09   1.758370350157182E-09  -2.375849289275250E-09   0.000000000000000E+00   0.000000000000000E+00   0.000000000000000E+00   0.000000000000000E+00  -6.882465013397589E-06  -1.490699266291900E-05   6.688113725416314E-06  -1.615104045796732E-05   7.451315805261389E-08  -1.357707246921442E-07   2.963307311560347E-07  -1.807318192967776E-07   0.000000000000000E+00   0.000000000000000E+00   0.000000000000000E+00   0.000000000000000E+00   0.000000000000000E+00   3.134737430847638E-06  -7.290467360140742E-06   7.884895700223478E-06  -7.305851885197770E-06  -6.828141675584557E-06   1.634729727434728E-05  -1.429834355988083E-05   1.593557821583399E-05   2.744489710642584E-06   3.134704004677718E-06  -5.002253465397761E-06   3.945375054373250E-06   0.000000000000000E+00   0.000000000000000E+00   0.000000000000000E+00   0.000000000000000E+00   0.000000000000000E+00   0.000000000000000E+00   0.000000000000000E+00   0.000000000000000E+00   0.000000000000000E+00   6.002564684398909E-06  -6.521489861712996E-05   1.277955244224330E-07   1.631875663304923E-06  -2.483205935567650E-06   1.720951808799473E-06   5.849969965445319E-06   1.065904571262945E-05   3.016807426301463E-06   1.439689298365783E-05   0.000000000000000E+00   0.000000000000000E+00   0.000000000000000E+00   0.000000000000000E+00   0.000000000000000E+00   0.000000000000000E+00   0.000000000000000E+00   0.000000000000000E+00   0.000000000000000E+00  -1.681103459044510E-04  -2.391360247635602E-04   7.250652043945554E-05  -2.371421958831567E-04   2.353291285207237E-05   1.100455077947626E-05   1.016956376187722E-06   1.389847090710041E-05   0.000000000000000E+00   0.000000000000000E+00   0.000000000000000E+00   0.000000000000000E+00   0.000000000000000E+00   0.000000000000000E+00   0.000000000000000E+00   1.541450815415796E-03  -8.821472172010433E-05  -1.252374790539788E-04  -7.957278141291376E-05  -1.364767162134620E-04   4.252975029924102E-06   1.572196267961876E-05   2.192306030777604E-05   2.183783290186809E-05   0.000000000000000E+00  -3.043217356600938E-04  -2.941831221961116E-04  -4.080118396745096E-04  -3.032735511671117E-04   1.415102344340222E-05   1.824204600581351E-05   3.691109288210731E-05   2.479466465634007E-05   0.000000000000000E+00   3.174788395753593E-05  -1.257883227106954E-05  -4.016283688741447E-05  -1.462331374145569E-05   5.213521491182317E-03   0.000000000000000E+00  -5.937503472330315E-05
   0.000000000000000E+00   0.000000000000000E+00   0.000000000000000E+00   1.000000000000000E+00   2.470833577032983E-01  -2.928760424064964E-03   2.629739361868484E-01  -5.853047418614329E-02  -2.920891023520553E-01   1.976202987986103E-01  -5.531293611508546E-02  -2.200947282279619E-01   6.702215157760920E-02   4.703757869011512E-02  -8.430232836536945E-02   1.582393260367853E-01   1.678810266070456E-02  -8.203587984371388E-03   2.760529356888928E-02   6.679382351496062E-03  -8.207069976698912E-02  -3.263831223308481E-02   3.215099325406900E-02  -3.458638904959774E-02  -2.078423824827911E-02  -4.518898847465389E-02   1.896998539398283E-02   2.784251560976856E-02  -6.219083670612754E-02  -1.644024929445677E-02  -7.958596437997720E-03   2.708951199395315E-02   5.656416161144133E-03  -4.514772010315651E-02   6.678869905306110E-04  -2.193322515310669E-04   1.190415228958754E-03  -4.004108126513922E-04  -3.549700817015146E-03   3.216725588351189E-03  -5.907230986142054E-03   2.818685354306179E-03   1.806895054816412E-03   2.415032492366709E-03  -1.218622760218637E-02  -1.584072615326193E-04   1.703709866023851E-02  -1.261720939300498E-02  -2.013719644346647E-04  -1.455142802377534E-04   3.812887032197952E-04   1.669078167578566E-04   7.144767345448250E-06  -1.289657815611397E-05   4.909200474212571E-05  -1.577469738297516E-05  -3.642719079699652E-04  -3.631522122109628E-05   3.794325414792794E-05  -7.255530603497758E-05   2.109947427894135E-05  -1.659931359871917E-04  -9.157402409840105E-06   2.669814277100872E-04  -2.227702258294543E-04  -1.207019149029566E-06  -1.207320806920187E-05   3.860413716209540E-05  -1.585450737043325E-05  -4.392633715019985E-05  -1.026885446686738E-06  -1.796360937658152E-06   4.612321656362221E-06  -7.004379893892331E-06   2.922281317128869E-05   1.540821261105159E-06   3.550054040214085E-05   1.451713000783053E-05  -5.387139550161357E-06   3.215902660108543E-05  -2.836846183931736E-05   5.911710326998748E-06   4.490423796641582E-06  -1.242797707829897E-05  -1.377869438367858E-06   3.042736503734522E-06   5.791225016133011E-06   3.194963984478401E-06  -2.656678772070701E-05   1.683955892562869E-05   0.000000000000000E+00   0.000000000000000E+00   0.000000000000000E+00   0.000000000000000E+00  -1.380484118099174E-06   0.000000000000000E+00   0.000000000000000E+00   0.000000000000000E+00   0.000000000000000E+00   0.000000000000000E+00   0.000000000000000E+00   0.000000000000000E+00  -3.475266618689176E-09   5.855710796282444E-09  -2.375849289275250E-09   8.279593230659345E-09   0.000000000000000E+00   0.000000000000000E+00   0.000000000000000E+00   0.000000000000000E+00   1.258129940736995E-05   2.725031476230718E-05  -1.615104045796732E-05   2.737732197833085E-05  -1.032747263945208E-06   1.881772939360087E-06  -1.807318192967776E-07   2.788221482104674E-06   0.000000000000000E+00   0.000000000000000E+00   0.000000000000000E+00   0.000000000000000E+00   0.000000000000000E+00  -3.519765258661744E-06   8.185927625425418E-06  -7.305851885197770E-06   9.581434191462993E-06   1.569029596068564E-05  -3.756423703230499E-05   1.593557821583399E-05  -4.398161263032234E-05   2.763604401713559E-05   3.156536441657172E-05   3.945375054373250E-06   3.433447402364734E-05   0.000000000000000E+00   0.000000000000000E+00   0.000000000000000E+00   0.000000000000000E+00   0.000000000000000E+00   0.000000000000000E+00   0.000000000000000E+00   0.000000000000000E+00   0.000000000000000E+00  -4.748272735238333E-06   8.635144447935568E-05  -5.810212748636403E-06  -7.419308951526452E-05   1.720951808799473E-06  -8.068828259542541E-05   1.544504726035601E-05   2.814193333543464E-05   1.439689298365783E-05   3.557440657980586E-05   0.000000000000000E+00   0.000000000000000E+00   0.000000000000000E+00   0.000000000000000E+00   0.000000000000000E+00   0.000000000000000E+00   0.000000000000000E+00   0.000000000000000E+00   0.000000000000000E+00  -5.873022585283215E-04  -8.354341708329390E-04  -2.371421958831567E-04  -6.880821405412234E-04   3.331409394819480E-05   1.557846412085226E-05   1.389847090710041E-05   1.087435301604665E-05   0.000000000000000E+00   0.000000000000000E+00   0.000000000000000E+00   0.000000000000000E+00   0.000000000000000E+00   0.000000000000000E+00   0.000000000000000E+00   8.396748089920275E-03  -1.127431586763656E-04  -1.600602336876481E-04  -1.364767162134620E-04  -1.472125656162337E-04   4.200247148567845E-06   1.552704364599508E-05   2.183783290186809E-05   2.137817579364717E-05   0.000000000000000E+00  -1.945311408887494E-04  -1.880502497361654E-04  -3.032735511671117E-04  -1.274361434669699E-04   9.000276843894396E-06   1.160223251046401E-05   2.479466465634007E-05   1.369655233436950E-05   0.000000000000000E+00   1.497022716117596E-05  -5.931355197471158E-06  -1.462331374145569E-05  -1.604606338374587E-05   2.282323801553802E-03   0.000000000000000E+00  -1.739728797468893E-05
   3.107156543526605E-01   2.937993287871500E-03  -2.638029567231584E-01   2.470833577032983E-01   1.000000000000000E+00   0.000000000000000E+00   0.000000000000000E+00   0.000000000000000E+00   3.081714253253372E-02  -1.358764460217413E-02  -1.710255159620739E-02   4.630194448752096E-02   3.466833286829182E-02   1.616533575161749E-02  -5.226952461912478E-02   1.589897604140278E-02   3.083878099885690E-01  -1.673232414795034E-01   3.113181358858986E-01   6.616445565025669E-02  -4.612182884518771E-01   1.334331451798862E-02  -1.131790642132452E-02   3.635290798081449E-03   2.049404927317622E-02   5.832854550296604E-04  -1.854039456801260E-04  -6.103721777853742E-04   1.056367125787848E-03   6.795350387687788E-04   2.556760121007175E-04  -1.243423608419989E-03   6.388915668252640E-04  -1.233454512616723E-02   3.547066369384215E-02  -1.402077592176764E-02   5.321076494517479E-02  -1.885970623011895E-02   3.166469765917164E-02  -2.835455453576744E-02   3.092688008088720E-02   3.151443908310562E-02  -3.254704189519495E-04   1.686584579342836E-05   8.085482266252280E-05   1.790901939863957E-06  -1.809055550291941E-04   1.721566661071627E-04  -2.116031979486209E-05   3.084651219702822E-06  -1.037257330637177E-05   3.489414539830995E-06   8.146146128739671E-04  -5.322827380548810E-04   1.579952981443645E-03  -2.301970840027038E-04  -1.785787836830855E-02   5.575898570816720E-04  -6.159424926167607E-04   8.663671682747796E-04   5.214516775989775E-04  -1.475360105995867E-05  -1.014638164585602E-06   3.553674329751182E-05  -3.433375750785814E-05   3.071665060810734E-06  -7.264351291452348E-06   2.825050899738419E-05  -1.248793009090710E-05   6.079774753853908E-05   1.145764492863847E-04  -1.383204271253189E-04   2.807562615756984E-04   5.114962891413920E-05   1.007831349900629E-05   2.970419217944329E-05  -9.691878045408309E-08   1.189555516911083E-05  -1.438100121299046E-06   1.044267779786186E-05  -7.246191132635148E-06   0.000000000000000E+00   0.000000000000000E+00   0.000000000000000E+00   0.000000000000000E+00   6.201104367161529E-05   0.000000000000000E+00   0.000000000000000E+00   0.000000000000000E+00   0.000000000000000E+00   0.000000000000000E+00   0.000000000000000E+00   0.000000000000000E+00   0.000000000000000E+00   0.000000000000000E+00   0.000000000000000E+00   0.000000000000000E+00   0.000000000000000E+00   0.000000000000000E+00   0.000000000000000E+00   0.000000000000000E+00   0.000000000000000E+00   0.000000000000000E+00   0.000000000000000E+00   0.000000000000000E+00   0.000000000000000E+00   0.000000000000000E+00   0.000000000000000E+00   0.000000000000000E+00   0.000000000000000E+00   0.000000000000000E+00   0.000000000000000E+00   0.000000000000000E+00   0.000000000000000E+00   0.000000000000000E+00   0.000000000000000E+00   0.000000000000000E+00   0.000000000000000E+00   0.000000000000000E+00   0.000000000000000E+00   0.000000000000000E+00   0.000000000000000E+00   0.000000000000000E+00   0.000000000000000E+00   0.000000000000000E+00   0.000000000000000E+00   0.000000000000000E+00   1.998157202303963E-06  -1.918306568391731E-05   1.363752477856707E-05  -2.381546955866959E-05   1.631045972380049E-05   2.862897262589346E-06  -4.074100540709195E-07   4.308312676165985E-06   0.000000000000000E+00   0.000000000000000E+00   0.000000000000000E+00   0.000000000000000E+00   0.000000000000000E+00   0.000000000000000E+00   0.000000000000000E+00   0.000000000000000E+00   0.000000000000000E+00   0.000000000000000E+00   4.835037356598835E-05  -1.250039496190965E-05  -2.866550433418450E-05   9.245587118245713E-06  -3.816832384474904E-05   1.504633034481794E-05   3.449554744014535E-06   8.002276650764193E-07   5.543050354228186E-06   0.000000000000000E+00   0.000000000000000E+00   0.000000000000000E+00   0.000000000000000E+00   0.000000000000000E+00   0.000000000000000E+00   0.000000000000000E+00   0.000000000000000E+00   0.000000000000000E+00   1.412675360857775E-05   6.515123971729551E-05  -5.958514257466253E-06   8.716893100040652E-05  -4.419660094821231E-07  -1.915332587237341E-05  -1.082541340168698E-05  -2.991074095409411E-05   0.000000000000000E+00   0.000000000000000E+00   0.000000000000000E+00   0.000000000000000E+00   0.000000000000000E+00   0.000000000000000E+00   0.000000000000000E+00  -6.982475918242601E-04  -8.296575412202671E-06   2.916646340190002E-05   1.330857002143023E-05   4.237089254815961E-05   1.523608751023631E-05  -6.937507536399450E-07  -7.379115904382304E-07  -1.179298240048423E-06   0.000000000000000E+00   2.055211697620557E-04   2.348552448746859E-04   2.523194375023214E-04   3.570211066059644E-04   5.409649566852263E-06  -1.044924075537615E-05  -1.775435339071629E-05  -1.832160110829214E-05   0.000000000000000E+00  -2.420056514123781E-05  -9.709631575541205E-07  -1.840035076807689E-06  -1.626639525643681E-06  -6.019217653408617E-03   0.000000000000000E+00   5.338184223635843E-05
  -2.937993287871500E-03   1.877415805700055E-01   3.126943338409211E-03  -2.928760424064964E-03   0.000000000000000E+00   1.000000000000000E+00   0.000000000000000E+00   0.000000000000000E+00   1.358764460217413E-02   6.476091422341595E-03  -8.211282824440207E-03   2.223050515999474E-02  -1.616533575161749E-02   6.561495541482728E-03   2.661073644091824E-02  -8.094266481303366E-03   1.673232414795034E-01   7.230694362713271E-02   2.114814708041708E-01   4.494616529825951E-02   2.358904586276492E-01   1.131790642132452E-02  -5.061021062217290E-03   3.308056471309326E-03   1.864925698853097E-02   1.854039456801260E-04   1.483712513209469E-04  -1.877711051344542E-04   3.249742204118601E-04  -2.556760121007175E-04   1.433855499636868E-04   4.585225248788725E-04  -2.355964390259438E-04   9.119469935070689E-03   1.402077592176764E-02   9.113427703104991E-03   2.297700669366364E-02  -8.143833240068250E-03   2.835455453576744E-02  -1.427296500065499E-02   3.017461034774054E-02   3.074787748305707E-02  -3.214814536172499E-04  -2.763500615913633E-05  -1.790901939863957E-06   3.979985421556915E-05   2.887663181439990E-06  -2.748011060671330E-06  -3.084651219702822E-06  -1.328264461311216E-05   3.832899503818979E-05  -1.289417279906914E-05   5.322827380548810E-04  -6.202349800491549E-05   1.025252444571018E-03  -1.493779409126742E-04  -2.448140927374036E-03   6.159424926167607E-04  -4.590516113385350E-04   9.225601124788691E-04   5.552732559060109E-04   1.014638164585602E-06  -9.212733263953735E-06  -5.036384568697378E-07   4.865893451471162E-07   7.264351291452348E-06  -1.160714396874037E-06  -1.351135826921186E-05   5.972596724354259E-06  -5.003609618871132E-07   1.383204271253189E-04  -7.794786496985456E-05   2.622700418214845E-04   4.778171371557354E-05  -3.608191982950349E-05  -5.115180589066438E-05   3.377918637399656E-06   1.438100121299046E-06  -4.206216376779702E-07  -5.504800946214096E-06   3.819790342621257E-06   0.000000000000000E+00   0.000000000000000E+00   0.000000000000000E+00   0.000000000000000E+00   1.896514278398482E-05   0.000000000000000E+00   0.000000000000000E+00   0.000000000000000E+00   0.000000000000000E+00   0.000000000000000E+00   0.000000000000000E+00   0.000000000000000E+00   0.000000000000000E+00   0.000000000000000E+00   0.000000000000000E+00   0.000000000000000E+00   0.000000000000000E+00   0.000000000000000E+00   0.000000000000000E+00   0.000000000000000E+00   0.000000000000000E+00   0.000000000000000E+00   0.000000000000000E+00   0.000000000000000E+00   0.000000000000000E+00   0.000000000000000E+00   0.000000000000000E+00   0.000000000000000E+00   0.000000000000000E+00   0.000000000000000E+00   0.000000000000000E+00   0.000000000000000E+00   0.000000000000000E+00   0.000000000000000E+00   0.000000000000000E+00   0.000000000000000E+00   0.000000000000000E+00   0.000000000000000E+00   0.000000000000000E+00   0.000000000000000E+00   0.000000000000000E+00   0.000000000000000E+00   0.000000000000000E+00   0.000000000000000E+00   0.000000000000000E+00   0.000000000000000E+00   1.918306568391731E-05   1.663758371115833E-05  -1.537707202982153E-05   2.685327409290786E-05  -2.862897262589346E-06   1.380987221459818E-05  -1.741224451796930E-06   1.841324067181961E-05   0.000000000000000E+00   0.000000000000000E+00   0.000000000000000E+00   0.000000000000000E+00   0.000000000000000E+00   0.000000000000000E+00   0.000000000000000E+00   0.000000000000000E+00   0.000000000000000E+00   0.000000000000000E+00  -4.304398754800122E-05   2.866550433418450E-05   5.613372000946518E-06  -4.655396368345932E-06   1.921875527645359E-05  -3.449554744014535E-06   1.096459519409613E-05   2.151894948677537E-06   1.490583564914589E-05   0.000000000000000E+00   0.000000000000000E+00   0.000000000000000E+00   0.000000000000000E+00   0.000000000000000E+00   0.000000000000000E+00   0.000000000000000E+00   0.000000000000000E+00   0.000000000000000E+00  -6.515123971729551E-05  -9.771363740498536E-05   1.033508138554866E-05  -1.511950726729597E-04   1.915332587237341E-05   1.133917503233369E-05   9.667749499041859E-06   2.671210235997560E-05   0.000000000000000E+00   0.000000000000000E+00   0.000000000000000E+00   0.000000000000000E+00   0.000000000000000E+00   0.000000000000000E+00   0.000000000000000E+00   8.212912008797745E-04  -2.916646340190002E-05  -6.284901454795086E-05  -3.112006592028725E-05  -9.907788493255647E-05   6.937507536399450E-07   1.046146418962364E-05   1.048353615936018E-05   1.675433195848734E-05   0.000000000000000E+00  -2.348552448746859E-04  -1.480807908940150E-04  -2.463511541883378E-04  -3.485762434817086E-04   1.044924075537615E-05   5.719964818329709E-06   1.620533822443447E-05   1.672309524537795E-05   0.000000000000000E+00   9.709631575541205E-07  -2.149584732413620E-05  -3.280098711872035E-05  -2.899693750404313E-05   5.146361160161945E-03   0.000000000000000E+00   7.926550608688629E-06
   2.638029567231584E-01   3.126943338409211E-03  -9.299241087932701E-02   2.629739361868484E-01   0.000000000000000E+00   0.000000000000000E+00   1.000000000000000E+00   0.000000000000000E+00   1.710255159620739E-02  -8.211282824440207E-03   2.664385162201114E-03   2.798118236384620E-02   5.226952461912478E-02   2.661073644091824E-02  -7.125265699116194E-02   2.617226561940785E-02  -3.113181358858986E-01   2.114814708041708E-01  -2.075067502556589E-01  -8.362589842360695E-02  -5.286809140889649E-02  -3.635290798081449E-03   3.308056471309326E-03   4.175551049620000E-03  -5.990107162728136E-03   6.103721777853742E-04  -1.877711051344542E-04  -4.127573831189141E-04   1.069854376125899E-03   1.243423608419989E-03   4.585225248788725E-04  -1.992254507854434E-03   1.145771055867140E-03  -1.996222268008301E-02  -5.321076494517479E-02   2.297700669366364E-02  -7.203313097421674E-02   3.090696254671621E-02  -3.092688008088720E-02   3.017461034774054E-02  -1.952016197273217E-02  -3.353732531614183E-02   1.036462232957704E-04  -4.422129997080036E-05   1.809055550291941E-04   2.887663181439990E-06  -2.518649782845383E-04   2.775866478735711E-04   1.037257330637177E-05   3.832899503818979E-05  -1.307707968232323E-04   4.335846844825934E-05  -1.579952981443645E-03   1.025252444571018E-03  -2.759832876243669E-03   4.433924045129532E-04   2.315106692697949E-02  -8.663671682747796E-04   9.225601124788691E-04  -1.100805605838127E-03  -7.810315477573809E-04  -3.553674329751182E-05  -5.036384568697378E-07   8.412348169035825E-06  -1.704233218633142E-05  -2.825050899738419E-05  -1.351135826921186E-05   4.790961099751560E-05  -2.322697385211167E-05   1.337215122719177E-06  -2.807562615756984E-04   2.622700418214845E-04  -4.810783872183787E-04  -9.698506282308286E-05   1.265836896906876E-04   6.154253443938924E-05   3.478922178769092E-05  -1.044267779786186E-05  -5.504800946214096E-06   3.879407367150749E-05  -2.773717852644799E-05   0.000000000000000E+00   0.000000000000000E+00   0.000000000000000E+00   0.000000000000000E+00  -4.014100612831257E-05   0.000000000000000E+00   0.000000000000000E+00   0.000000000000000E+00   0.000000000000000E+00   0.000000000000000E+00   0.000000000000000E+00   0.000000000000000E+00   0.000000000000000E+00   0.000000000000000E+00   0.000000000000000E+00   0.000000000000000E+00   0.000000000000000E+00   0.000000000000000E+00   0.000000000000000E+00   0.000000000000000E+00   0.000000000000000E+00   0.000000000000000E+00   0.000000000000000E+00   0.000000000000000E+00   0.000000000000000E+00   0.000000000000000E+00   0.000000000000000E+00   0.000000000000000E+00   0.000000000000000E+00   0.000000000000000E+00   0.000000000000000E+00   0.000000000000000E+00   0.000000000000000E+00   0.000000000000000E+00   0.000000000000000E+00   0.000000000000000E+00   0.000000000000000E+00   0.000000000000000E+00   0.000000000000000E+00   0.000000000000000E+00   0.000000000000000E+00   0.000000000000000E+00   0.000000000000000E+00   0.000000000000000E+00   0.000000000000000E+00   0.000000000000000E+00  -1.363752477856707E-05  -1.537707202982153E-05   5.939391775154792E-06  -1.909038924548483E-05   4.074100540709195E-07  -1.741224451796930E-06   1.821961663531291E-06  -2.620331325107327E-06   0.000000000000000E+00   0.000000000000000E+00   0.000000000000000E+00   0.000000000000000E+00   0.000000000000000E+00   0.000000000000000E+00   0.000000000000000E+00   0.000000000000000E+00   0.000000000000000E+00   0.000000000000000E+00   3.770276780208160E-05  -9.245587118245713E-06  -4.655396368345932E-06  -7.318942072991765E-06  -6.198693528681329E-06  -8.002276650764193E-07   2.151894948677537E-06   2.187582306695042E-06   3.457855561859322E-06   0.000000000000000E+00   0.000000000000000E+00   0.000000000000000E+00   0.000000000000000E+00   0.000000000000000E+00   0.000000000000000E+00   0.000000000000000E+00   0.000000000000000E+00   0.000000000000000E+00   5.958514257466253E-06   1.033508138554866E-05   1.434639587946818E-05   1.382779514387840E-05   1.082541340168698E-05   9.667749499041859E-06  -3.017158391065419E-07   1.509761556827109E-05   0.000000000000000E+00   0.000000000000000E+00   0.000000000000000E+00   0.000000000000000E+00   0.000000000000000E+00   0.000000000000000E+00   0.000000000000000E+00  -2.497509453574774E-04  -1.330857002143023E-05  -3.112006592028725E-05  -8.847670953389048E-06  -4.520894258006737E-05   7.379115904382304E-07   1.048353615936018E-05   1.175619026323671E-05   1.782083216104720E-05   0.000000000000000E+00  -2.523194375023214E-04  -2.463511541883378E-04  -1.834509369924346E-04  -3.744969022467718E-04   1.775435339071629E-05   1.620533822443447E-05   2.371695489114609E-05   2.841428862860566E-05   0.000000000000000E+00   1.840035076807689E-06  -3.280098711872035E-05  -6.634707660740001E-05  -5.495098522774361E-05   5.975163889241194E-03   0.000000000000000E+00   2.665982291736537E-05
  -2.470833577032983E-01  -2.928760424064964E-03   2.629739361868484E-01  -5.853047418614329E-02   0.000000000000000E+00   0.000000000000000E+00   0.000000000000000E+00   1.000000000000000E+00  -4.630194448752096E-02   2.223050515999474E-02   2.798118236384620E-02  -6.275399702961426E-02  -1.589897604140278E-02  -8.094266481303366E-03   2.617226561940785E-02   6.830471875885938E-03  -6.616445565025669E-02   4.494616529825951E-02  -8.362589842360695E-02   1.681982513255912E-01  -4.191953454604950E-01  -2.049404927317622E-02   1.864925698853097E-02  -5.990107162728136E-03  -2.853129689567995E-02  -1.056367125787848E-03   3.249742204118601E-04   1.069854376125899E-03  -1.646182184121157E-03  -6.388915668252640E-04  -2.355964390259438E-04   1.145771055867140E-03  -3.510479241343498E-04  -2.103994745580830E-03   1.885970623011895E-02  -8.143833240068250E-03   3.090696254671621E-02   4.213276912936973E-03  -3.151443908310562E-02   3.074787748305707E-02  -3.353732531614183E-02  -2.078258900601085E-02   5.991446234211565E-04   1.122767562304007E-04  -1.721566661071627E-04  -2.748011060671330E-06   2.775866478735711E-04  -2.243336618860922E-04  -3.489414539830995E-06  -1.289417279906914E-05   4.335846844825934E-05  -1.647029033582916E-05   2.301970840027038E-04  -1.493779409126742E-04   4.433924045129532E-04   2.187801366706643E-04  -2.072661441439154E-02  -5.214516775989775E-04   5.552732559060109E-04  -7.810315477573809E-04  -2.732484434348236E-04   3.433375750785814E-05   4.865893451471162E-07  -1.704233218633142E-05   7.238304045796291E-06   1.248793009090710E-05   5.972596724354259E-06  -2.322697385211167E-05   5.632280830717873E-06  -1.569476745020976E-07  -5.114962891413920E-05   4.778171371557354E-05  -9.698506282308286E-05   3.359569974905428E-05  -3.863733191771114E-05   5.396018491278999E-05  -4.514740229462983E-05   7.246191132635148E-06   3.819790342621257E-06  -2.773717852644799E-05   1.806816504247026E-05   0.000000000000000E+00   0.000000000000000E+00   0.000000000000000E+00   0.000000000000000E+00  -5.450095133459428E-06   0.000000000000000E+00   0.000000000000000E+00   0.000000000000000E+00   0.000000000000000E+00   0.000000000000000E+00   0.000000000000000E+00   0.000000000000000E+00   0.000000000000000E+00   0.000000000000000E+00   0.000000000000000E+00   0.000000000000000E+00   0.000000000000000E+00   0.000000000000000E+00   0.000000000000000E+00   0.000000000000000E+00   0.000000000000000E+00   0.000000000000000E+00   0.000000000000000E+00   0.000000000000000E+00   0.000000000000000E+00   0.000000000000000E+00   0.000000000000000E+00   0.000000000000000E+00   0.000000000000000E+00   0.000000000000000E+00   0.000000000000000E+00   0.000000000000000E+00   0.000000000000000E+00   0.000000000000000E+00   0.000000000000000E+00   0.000000000000000E+00   0.000000000000000E+00   0.000000000000000E+00   0.000000000000000E+00   0.000000000000000E+00   0.000000000000000E+00   0.000000000000000E+00   0.000000000000000E+00   0.000000000000000E+00   0.000000000000000E+00   0.000000000000000E+00   2.381546955866959E-05   2.685327409290786E-05  -1.909038924548483E-05   2.834551486121121E-05  -4.308312676165985E-06   1.841324067181961E-05  -2.620331325107327E-06   2.928386428749445E-05   0.000000000000000E+00   0.000000000000000E+00   0.000000000000000E+00   0.000000000000000E+00   0.000000000000000E+00   0.000000000000000E+00   0.000000000000000E+00   0.000000000000000E+00   0.000000000000000E+00   0.000000000000000E+00  -4.477388536706684E-05   3.816832384474904E-05   1.921875527645359E-05  -6.198693528681329E-06   1.676944634471011E-05  -5.543050354228186E-06   1.490583564914589E-05   3.457855561859322E-06   2.564040381798468E-05   0.000000000000000E+00   0.000000000000000E+00   0.000000000000000E+00   0.000000000000000E+00   0.000000000000000E+00   0.000000000000000E+00   0.000000000000000E+00   0.000000000000000E+00   0.000000000000000E+00  -8.716893100040652E-05  -1.511950726729597E-04   1.382779514387840E-05  -1.869994447302298E-04   2.991074095409411E-05   2.671210235997560E-05   1.509761556827109E-05   3.594897992328734E-05   0.000000000000000E+00   0.000000000000000E+00   0.000000000000000E+00   0.000000000000000E+00   0.000000000000000E+00   0.000000000000000E+00   0.000000000000000E+00   1.047620095123906E-03  -4.237089254815961E-05  -9.907788493255647E-05  -4.520894258006737E-05  -1.385807410162514E-04   1.179298240048423E-06   1.675433195848734E-05   1.782083216104720E-05   2.908580221390080E-05   0.000000000000000E+00  -3.570211066059644E-04  -3.485762434817086E-04  -3.744969022467718E-04  -4.486776793833794E-04   1.832160110829214E-05   1.672309524537795E-05   2.841428862860566E-05   2.550450856766457E-05   0.000000000000000E+00   1.626639525643681E-06  -2.899693750404313E-05  -5.495098522774361E-05  -5.276530258943846E-05   7.864729918888714E-03   0.000000000000000E+00   1.602599217697240E-05
   2.754377343881106E-01   1.514259936698398E-01  -4.238338047732011E-02  -2.920891023520553E-01   3.081714253253372E-02   1.358764460217413E-02   1.710255159620739E-02  -4.630194448752096E-02   1.000000000000000E+00   0.000000000000000E+00   0.000000000000000E+00   0.000000000000000E+00   2.940647352221405E-02   2.649470453188435E-02  -2.759834733456332E-02  -3.070743459657457E-02   1.118832339414163E-02   5.842481378174627E-05   1.439904153075469E-02  -1.403299595342342E-02  -1.344701077327410E-03   2.906468792529823E-01  -1.616227725963544E-01   3.020213062522204E-01   3.986017369000622E-02   2.928852005084044E-01   2.239140445733902E-02  -2.510378051762332E-01   2.381496089357310E-01   1.185057531743794E-02   9.969361946576445E-03  -1.823110300313084E-02  -4.276086078992486E-03  -1.177672440837727E-03   7.636654284198594E-05   4.114615120504644E-06   1.706641944142190E-04  -1.696487832978347E-04   2.921821986863639E-02  -1.319121255769090E-02   4.455249519337588E-02  -1.482032100218562E-02  -5.595056029161424E-02  -6.083425137220070E-02   3.064645331103967E-02   1.413830690658022E-02  -4.670760701632018E-02   1.459912294958869E-02   1.123296311150969E-04   1.475015731612867E-04  -2.701600580451298E-04  -5.494877001682623E-05  -2.655168239506173E-05   1.995045941425362E-06  -1.697453127507087E-05   1.090404939611243E-05   5.087590911706752E-05   4.096589066974638E-04  -3.028383414823773E-04   8.320972167303889E-04  -1.338755278849206E-04   5.818556864082426E-04   2.533084840121436E-04  -1.067106386283361E-03   5.595528199604159E-04  -2.670289703903625E-05  -9.235828083559013E-06   2.083759659545895E-05  -8.583901527754905E-07   4.992025244094023E-05  -2.350888576368055E-05  -2.193363253870112E-07   8.486957819150022E-07  -2.916424430310394E-07   2.094150668192492E-06  -8.849699466846519E-05  -2.346962642764871E-04  -2.265906472384594E-05   1.395301940275789E-06  -4.511788636553614E-06   1.459076694575393E-06   1.202034371590342E-05  -5.224579549253981E-06   1.128966908368132E-05   4.791468620482764E-08   1.660904453834437E-05   4.571255860438052E-06  -6.183297647046567E-06   2.630127415852729E-05  -1.085702727167975E-05   0.000000000000000E+00   0.000000000000000E+00   0.000000000000000E+00   0.000000000000000E+00   0.000000000000000E+00   0.000000000000000E+00   0.000000000000000E+00   0.000000000000000E+00   0.000000000000000E+00  -1.195160438631556E-05   0.000000000000000E+00   0.000000000000000E+00   1.543150936854225E-05   4.753676601497367E-06  -1.850554475019133E-06   3.950100082374858E-06   0.000000000000000E+00   0.000000000000000E+00   0.000000000000000E+00   0.000000000000000E+00   3.483754832719414E-06  -2.358957051922406E-05   1.293351664541486E-05  -1.546712740853453E-05   1.511677512384767E-05  -1.525581745160957E-06   1.840861924077495E-07  -1.364692947862234E-06   0.000000000000000E+00   0.000000000000000E+00   0.000000000000000E+00   0.000000000000000E+00   0.000000000000000E+00   1.590876812775931E-05   4.303302239438640E-06  -3.479335147993082E-06   2.583623706598165E-06  -2.453455470088389E-05  -3.765775418740723E-06   1.510572234025306E-06  -1.921515398146273E-06  -1.558904829029842E-05  -3.903624470877272E-05  -2.508673491330009E-06  -3.046935312990173E-05   0.000000000000000E+00   0.000000000000000E+00   0.000000000000000E+00   0.000000000000000E+00   0.000000000000000E+00   0.000000000000000E+00   0.000000000000000E+00   0.000000000000000E+00   0.000000000000000E+00  -3.349787450813278E-06   1.850966956525917E-05  -1.841321509959393E-06   6.127971057214687E-05  -4.021205313294722E-06   3.440845553339229E-05  -7.822710294824650E-06  -3.335940260329798E-05  -1.296662921699197E-05  -2.807111300474080E-05   0.000000000000000E+00   0.000000000000000E+00   0.000000000000000E+00   0.000000000000000E+00   0.000000000000000E+00   0.000000000000000E+00   0.000000000000000E+00   0.000000000000000E+00   0.000000000000000E+00   7.471829837250483E-04   1.417532076948112E-03   2.437737955696387E-04   5.840647854361412E-04  -2.553936765548745E-05  -2.838907101781690E-05  -1.945906395885250E-05  -1.987276048747492E-05  -4.737504722724667E-11   0.000000000000000E+00   0.000000000000000E+00   0.000000000000000E+00   0.000000000000000E+00   0.000000000000000E+00   0.000000000000000E+00  -6.607984040706986E-03   1.711224107308981E-04   3.388101771986400E-04   2.097317016318070E-04   1.582322041536408E-04   2.164941733015704E-06  -1.977790903005484E-05  -2.172900355996687E-05  -1.549434011959211E-05   0.000000000000000E+00   3.248915265763863E-04   4.785607911756192E-04   5.366594773485734E-04   1.256376705616276E-04  -1.770538474614326E-06  -1.953136904558398E-05  -3.131906542343371E-05  -1.237044214120848E-05   0.000000000000000E+00  -2.556089014883060E-05  -5.432972077293496E-06  -9.381221877756843E-06  -1.796632309521448E-06  -3.273613162101541E-03   0.000000000000000E+00   6.245535272752062E-05
  -1.514259936698398E-01   5.864853700662007E-02   2.867555224271189E-02   1.976202987986103E-01  -1.358764460217413E-02   6.476091422341595E-03  -8.211282824440207E-03   2.223050515999474E-02   0.000000000000000E+00   1.000000000000000E+00   0.000000000000000E+00   0.000000000000000E+00  -2.649470453188435E-02  -1.361773302565283E-02   2.704944407609657E-02   3.009669473215865E-02  -5.842481378174627E-05   4.332933209284199E-03  -8.046108033106003E-05   7.841563706043858E-05   8.724745099663098E-04   1.616227725963544E-01   6.094938451491791E-02   2.083104658626830E-01   2.749240261810705E-02  -2.239140445733902E-02   1.719872512165800E-01   2.383233873505817E-02  -2.260879450325641E-02  -9.969361946576445E-03  -4.372249620410575E-03   1.642550432730490E-02   3.852584804241273E-03   1.152034826107306E-03  -4.114615120504644E-06   3.812051568469926E-05  -6.542520876281912E-06   6.503594442710094E-06   1.319121255769090E-02   5.785955439755023E-03   2.187775995760980E-02  -7.277604182958263E-03  -4.749741386962286E-02  -1.650434588687311E-02  -1.413830690658022E-02   5.819319714862272E-03   2.346121030182911E-02  -7.333132986729160E-03  -1.475015731612867E-04  -9.879934088974101E-05   2.734748526786965E-04   5.562297733411381E-05  -1.995045941425362E-06  -7.771688752901357E-06   7.405558612172247E-06  -4.757160925646525E-06   3.809979417259731E-06   3.028383414823773E-04  -6.139427025647675E-05   5.750815948249669E-04  -9.252446773781251E-05  -2.533084840121436E-04   9.822489223827877E-05   4.495164444470645E-04  -2.357105133490819E-04   9.235828083559013E-06  -2.100172159456669E-05   3.098906073302845E-05  -1.276572586244914E-06   2.173849944450060E-05   2.193363253870112E-07  -1.122606655450740E-05   2.946633004801956E-05  -1.012569246305505E-05   5.198063606305175E-06  -1.295771472755844E-04   3.909097591127407E-05  -1.395301940275789E-06  -1.433537124844958E-05   3.680671202977853E-05  -1.190299902160752E-05   5.224579549253981E-06   9.413252289590103E-06  -2.276137220160839E-05  -9.660194630573969E-08   1.850295567957786E-05   6.183297647046567E-06  -1.119564114422171E-06  -1.275070215664167E-05   5.263422608856449E-06   0.000000000000000E+00   0.000000000000000E+00   0.000000000000000E+00   0.000000000000000E+00   0.000000000000000E+00   0.000000000000000E+00   0.000000000000000E+00   0.000000000000000E+00   0.000000000000000E+00  -5.087371072366868E-06   0.000000000000000E+00   0.000000000000000E+00  -4.753676601497367E-06   2.077050279360167E-05  -7.426685663939175E-06   1.585262798199713E-05   0.000000000000000E+00   0.000000000000000E+00   0.000000000000000E+00   0.000000000000000E+00   2.358957051922406E-05   3.386353661303155E-05  -2.103090713419333E-05   2.515075590651101E-05   1.525581745160957E-06   2.811091816307064E-05  -3.328118843825976E-06   2.467246595962253E-05   0.000000000000000E+00   0.000000000000000E+00   0.000000000000000E+00   0.000000000000000E+00   0.000000000000000E+00  -4.303302239438640E-06   2.016576668019608E-05  -1.495134824181200E-05   1.110231010238600E-05   3.765775418740723E-06  -9.195404154221476E-05   3.508739826603016E-05  -4.463273885910595E-05   3.903624470877272E-05   9.879283223600100E-06   1.236445733348769E-06   1.501737942604508E-05   0.000000000000000E+00   0.000000000000000E+00   0.000000000000000E+00   0.000000000000000E+00   0.000000000000000E+00   0.000000000000000E+00   0.000000000000000E+00   0.000000000000000E+00   0.000000000000000E+00  -4.456079294714128E-06   1.032993915063707E-04  -6.127971057214687E-05  -1.842604653037071E-04   1.264356747753803E-05  -1.081878679250683E-04   3.335940260329798E-05   2.093343900951959E-05   1.116621596178347E-05   2.417344591667738E-05   0.000000000000000E+00   0.000000000000000E+00   0.000000000000000E+00   0.000000000000000E+00   0.000000000000000E+00   0.000000000000000E+00   0.000000000000000E+00   0.000000000000000E+00   0.000000000000000E+00  -1.417532076948112E-03  -2.394120732617660E-03  -4.565165653898444E-04  -1.093781426298932E-03   2.838907101781690E-05  -2.722531800157481E-05  -1.221815547640492E-05  -1.247791147070382E-05  -5.504773081091136E-11   0.000000000000000E+00   0.000000000000000E+00   0.000000000000000E+00   0.000000000000000E+00   0.000000000000000E+00   0.000000000000000E+00   1.192552070632571E-02  -3.388101771986400E-04  -4.869352612593755E-04  -3.447373043882282E-04  -2.600872595936701E-04   1.977790903005484E-05   1.845070566924972E-05   2.569554320104084E-05   1.832276776133983E-05   0.000000000000000E+00  -4.785607911756192E-04  -5.213453510005970E-04  -7.193603745344366E-04  -1.684098866517238E-04   1.953136904558398E-05   9.691054530039910E-06   2.542610425913560E-05   1.004283325065730E-05   0.000000000000000E+00   5.432972077293496E-06  -3.258126056610982E-05  -4.675386834102082E-05  -8.954005304549430E-06   3.955638677348005E-03   0.000000000000000E+00  -1.471419758463024E-05
   4.238338047732011E-02   2.867555224271189E-02   1.530734938986578E-01  -5.531293611508546E-02  -1.710255159620739E-02  -8.211282824440207E-03   2.664385162201114E-03   2.798118236384620E-02   0.000000000000000E+00   0.000000000000000E+00   1.000000000000000E+00   0.000000000000000E+00   2.759834733456332E-02   2.704944407609657E-02  -1.582617608911350E-02  -3.135037923675843E-02  -1.439904153075469E-02  -8.046108033106003E-05  -1.549671258808422E-02   1.932586415956385E-02   5.314411926093573E-04  -3.020213062522204E-01   2.083104658626830E-01  -2.168416631641488E-01  -5.137451373557211E-02   2.510378051762332E-01   2.383233873505817E-02  -9.307963439740805E-02   2.534750404152393E-01   1.823110300313084E-02   1.642550432730490E-02  -2.542778322890547E-02  -7.045272382606111E-03  -1.056470942283350E-03  -1.706641944142190E-04  -6.542520876281912E-06  -2.330895483280503E-04   2.697532269374883E-04  -4.455249519337588E-02   2.187775995760980E-02  -6.162718910418780E-02   2.457965285317919E-02   5.795567479415113E-02  -3.649590172678486E-02   4.670760701632018E-02   2.346121030182911E-02  -6.458596106083977E-02   2.422589182748241E-02   2.701600580451298E-04   2.734748526786965E-04  -4.503774127328955E-04  -1.018776034937310E-04   1.697453127507087E-05   7.405558612172247E-06  -6.991031899438566E-05   4.047554757322517E-05   2.308079244364134E-05  -8.320972167303889E-04   5.750815948249669E-04  -1.432225192875431E-03   2.542259071530894E-04   1.067106386283361E-03   4.495164444470645E-04  -1.688736221286638E-03   9.929718504686025E-04  -2.083759659545895E-05   3.098906073302845E-05  -7.718305334595706E-05   2.880164543593659E-06  -3.471552459439967E-05  -8.486957819150022E-07   2.946633004801956E-05  -1.176272633284458E-04   3.918016072896355E-05  -4.835014789589853E-05   2.714052690880964E-04  -3.964569673437640E-04   4.511788636553614E-06   3.680671202977853E-05  -1.219692489041291E-04   3.848902819986244E-05  -1.128966908368132E-05  -2.276137220160839E-05   4.806435755087649E-05   2.087448370437923E-07  -6.535924489759192E-05  -2.630127415852729E-05  -1.275070215664167E-05   5.011919497988949E-05  -2.238849380214574E-05   0.000000000000000E+00   0.000000000000000E+00   0.000000000000000E+00   0.000000000000000E+00   0.000000000000000E+00   0.000000000000000E+00   0.000000000000000E+00   0.000000000000000E+00   0.000000000000000E+00   3.287820335460394E-05   0.000000000000000E+00   0.000000000000000E+00   1.850554475019133E-06  -7.426685663939175E-06   4.584071723613249E-06  -6.171255243500929E-06   0.000000000000000E+00   0.000000000000000E+00   0.000000000000000E+00   0.000000000000000E+00  -1.293351664541486E-05  -2.103090713419333E-05   7.035725955998645E-06  -1.378947191499466E-05  -1.840861924077495E-07  -3.328118843825976E-06   9.313137043507934E-07  -2.977133365827952E-06   0.000000000000000E+00   0.000000000000000E+00   0.000000000000000E+00   0.000000000000000E+00   0.000000000000000E+00   3.479335147993082E-06  -1.495134824181200E-05   1.376224467982661E-05  -8.976515153671693E-06  -1.510572234025306E-06   3.508739826603016E-05  -1.855771372492046E-05   1.790361042603369E-05   2.508673491330009E-06   1.236445733348769E-06  -9.280985336396686E-06   9.650954377508923E-07   0.000000000000000E+00   0.000000000000000E+00   0.000000000000000E+00   0.000000000000000E+00   0.000000000000000E+00   0.000000000000000E+00   0.000000000000000E+00   0.000000000000000E+00   0.000000000000000E+00   4.269052841711501E-06  -5.372981898844762E-05   4.021205313294722E-06   1.264356747753803E-05   7.586951831115682E-06   7.099342103160180E-06   1.296662921699197E-05   1.116621596178347E-05  -3.453767756047277E-06   9.396094822980317E-06   0.000000000000000E+00   0.000000000000000E+00   0.000000000000000E+00   0.000000000000000E+00   0.000000000000000E+00   0.000000000000000E+00   0.000000000000000E+00   0.000000000000000E+00   0.000000000000000E+00  -2.437737955696387E-04  -4.565165653898444E-04   1.819921905886094E-04  -1.880982124838530E-04   1.945906395885250E-05  -1.221815547640492E-05  -1.777493657983251E-05  -8.552885623800056E-06  -2.650762679254848E-11   0.000000000000000E+00   0.000000000000000E+00   0.000000000000000E+00   0.000000000000000E+00   0.000000000000000E+00   0.000000000000000E+00   6.476654767562250E-04  -2.097317016318070E-04  -3.447373043882282E-04  -1.434315994003735E-04  -1.610003099031847E-04   2.172900355996687E-05   2.569554320104084E-05   2.329283470708269E-05   2.013031232521023E-05   0.000000000000000E+00  -5.366594773485734E-04  -7.193603745344366E-04  -6.865556759838613E-04  -1.888553417191254E-04   3.131906542343371E-05   2.542610425913560E-05   3.460611538268424E-05   1.610394800691592E-05   0.000000000000000E+00   9.381221877756843E-06  -4.675386834102082E-05  -8.623541034692640E-05  -1.546106058738211E-05   4.718085973040975E-03   0.000000000000000E+00  -3.855106891129581E-05
   2.920891023520553E-01   1.976202987986103E-01  -5.531293611508546E-02  -2.200947282279619E-01   4.630194448752096E-02   2.223050515999474E-02   2.798118236384620E-02  -6.275399702961426E-02   0.000000000000000E+00   0.000000000000000E+00   0.000000000000000E+00   1.000000000000000E+00   3.070743459657457E-02   3.009669473215865E-02  -3.135037923675843E-02  -2.253213244458287E-02   1.403299595342342E-02   7.841563706043858E-05   1.932586415956385E-02  -1.450131155934806E-02  -2.349882401815673E-03  -3.986017369000622E-02   2.749240261810705E-02  -5.137451373557211E-02   1.656437135514908E-01  -2.381496089357310E-01  -2.260879450325641E-02   2.534750404152393E-01  -6.634873236993252E-02   4.276086078992486E-03   3.852584804241273E-03  -7.045272382606111E-03   2.957290814583419E-03  -1.616029464451377E-03   1.696487832978347E-04   6.503594442710094E-06   2.697532269374883E-04  -2.298700077069797E-04   1.482032100218562E-02  -7.277604182958263E-03   2.457965285317919E-02   4.087191696199615E-03   4.687998081585194E-02   8.640457222889641E-02  -1.459912294958869E-02  -7.333132986729160E-03   2.422589182748241E-02   5.348839998397850E-03   5.494877001682623E-05   5.562297733411381E-05  -1.018776034937310E-04   2.979080762182470E-05  -1.090404939611243E-05  -4.757160925646525E-06   4.047554757322517E-05  -3.290186369012730E-05  -3.324549250916186E-05   1.338755278849206E-04  -9.252446773781251E-05   2.542259071530894E-04   1.070020734090885E-04  -5.595528199604159E-04  -2.357105133490819E-04   9.929718504686025E-04  -3.157487055847046E-04   8.583901527754905E-07  -1.276572586244914E-06   2.880164543593659E-06  -7.385116089282104E-06  -1.531377306625646E-05   2.916424430310394E-07  -1.012569246305505E-05   3.918016072896355E-05  -1.707452408633400E-05   3.385816834190000E-05   2.630238822932129E-05   3.576803125500619E-04  -1.459076694575393E-06  -1.190299902160752E-05   3.848902819986244E-05  -1.539968691564363E-05  -4.791468620482764E-08  -9.660194630573969E-08   2.087448370437923E-07  -1.119261718813749E-06   1.890026273069894E-05   1.085702727167975E-05   5.263422608856449E-06  -2.238849380214574E-05   5.124661931376783E-06   0.000000000000000E+00   0.000000000000000E+00   0.000000000000000E+00   0.000000000000000E+00   0.000000000000000E+00   0.000000000000000E+00   0.000000000000000E+00   0.000000000000000E+00   0.000000000000000E+00  -1.967622470776430E-05   0.000000000000000E+00   0.000000000000000E+00  -3.950100082374858E-06   1.585262798199713E-05  -6.171255243500929E-06   1.486579360014692E-05   0.000000000000000E+00   0.000000000000000E+00   0.000000000000000E+00   0.000000000000000E+00   1.546712740853453E-05   2.515075590651101E-05  -1.378947191499466E-05   1.199581450205088E-05   1.364692947862234E-06   2.467246595962253E-05  -2.977133365827952E-06   2.260021455511427E-05   0.000000000000000E+00   0.000000000000000E+00   0.000000000000000E+00   0.000000000000000E+00   0.000000000000000E+00  -2.583623706598165E-06   1.110231010238600E-05  -8.976515153671693E-06   8.339302350742951E-06   1.921515398146273E-06  -4.463273885910595E-05   1.790361042603369E-05  -2.725723553690251E-05   3.046935312990173E-05   1.501737942604508E-05   9.650954377508923E-07   2.361220556452291E-06   0.000000000000000E+00   0.000000000000000E+00   0.000000000000000E+00   0.000000000000000E+00   0.000000000000000E+00   0.000000000000000E+00   0.000000000000000E+00   0.000000000000000E+00   0.000000000000000E+00  -1.977623271992861E-06   3.087231310499835E-05  -3.440845553339229E-05  -1.081878679250683E-04   7.099342103160180E-06  -5.233067878023789E-05   2.807111300474080E-05   2.417344591667738E-05   9.396094822980317E-06   1.254733862632439E-05   0.000000000000000E+00   0.000000000000000E+00   0.000000000000000E+00   0.000000000000000E+00   0.000000000000000E+00   0.000000000000000E+00   0.000000000000000E+00   0.000000000000000E+00   0.000000000000000E+00  -5.840647854361412E-04  -1.093781426298932E-03  -1.880982124838530E-04  -1.901704198798767E-04   1.987276048747492E-05  -1.247791147070382E-05  -8.552885623800056E-06  -1.813481722405062E-05  -5.334116966845255E-11   0.000000000000000E+00   0.000000000000000E+00   0.000000000000000E+00   0.000000000000000E+00   0.000000000000000E+00   0.000000000000000E+00   2.403410379578832E-03  -1.582322041536408E-04  -2.600872595936701E-04  -1.610003099031847E-04  -5.149763990405949E-05   1.549434011959211E-05   1.832276776133983E-05   2.013031232521023E-05   9.416779677849826E-06   0.000000000000000E+00  -1.256376705616276E-04  -1.684098866517238E-04  -1.888553417191254E-04   7.592412489591531E-05   1.237044214120848E-05   1.004283325065730E-05   1.610394800691592E-05   1.954433235327088E-07   0.000000000000000E+00   1.796632309521448E-06  -8.954005304549430E-06  -1.546106058738211E-05  -8.465572528939318E-06  -2.945795938905625E-04   0.000000000000000E+00  -1.532293506164632E-06
   2.967888073718521E-01  -1.673947086046767E-01   3.000104189968085E-01   6.702215157760920E-02   3.466833286829182E-02  -1.616533575161749E-02   5.226952461912478E-02  -1.589897604140278E-02   2.940647352221405E-02  -2.649470453188435E-02   2.759834733456332E-02   3.070743459657457E-02   1.000000000000000E+00   0.000000000000000E+00   0.000000000000000E+00   0.000000000000000E+00   6.874912610803390E-04  -5.179301854197807E-04   1.330008628631024E-03  -1.631812964527927E-04  -1.493080205994965E-02   5.921690993174552E-04  -6.721648423709754E-04   8.850010118091366E-04   5.751278562753877E-04   1.064379386731465E-02  -8.425481692662237E-03   2.484561539877356E-03   1.706245675513643E-02   2.940720292683084E-01  -5.153831629862482E-03  -2.493950269449526E-01   2.422936074944927E-01  -4.563717082275087E-01  -1.919954248686430E-05  -4.971916219850197E-06   1.735660275026989E-05  -5.714164728182558E-06   8.124409756532763E-05  -1.184168075459275E-04   2.157067816219141E-04   4.699480728247466E-05   2.535588763501083E-05  -2.806790195431718E-04   2.745496627237765E-02  -1.205165559934780E-02  -1.589883365469099E-02   4.153525007708358E-02   3.209504308198294E-02   1.374583102749748E-02  -4.814628523899193E-02   1.774883134315191E-02  -2.759260566259130E-07   1.121960809647129E-05  -3.441292460599317E-05   7.159288190042719E-06   5.374227640341229E-05  -1.279735616967507E-05   2.254309267922403E-05  -4.241540860905503E-05  -8.358788005888344E-06   5.015928274506745E-04  -1.619063772541188E-04  -5.247073993601813E-04   9.240742631544843E-04   5.421100753936260E-04   2.211878884158149E-04  -9.981183070312549E-04   5.350192611952981E-04  -1.477716401842866E-02   1.068062414826534E-05   6.260610682130982E-06  -1.476869831980817E-05   2.326124515971442E-09   0.000000000000000E+00  -1.139600591928475E-05   2.185546963492515E-05   6.675927226357744E-05   2.213020240154456E-06  -1.583501445889920E-04   1.543918312565243E-04  -2.428444017662666E-05  -8.678604353051432E-07   2.814003968844911E-06  -9.563785414557745E-07   0.000000000000000E+00  -1.284570787697229E-05   2.076923613455942E-07   3.590181946073314E-05  -3.301824762757243E-05   4.884628403897211E-06  -6.482988898482656E-06   2.543115224752164E-05  -1.123205030070763E-05   6.306633378555670E-05   1.238051225545985E-05  -1.014180123082549E-06   9.464200814722643E-06  -6.281612532431241E-06  -8.432878226982339E-06   0.000000000000000E+00   0.000000000000000E+00   1.518330857513081E-05   3.547026354145529E-06  -5.538699455848267E-07   5.469927350947319E-06   0.000000000000000E+00   0.000000000000000E+00   0.000000000000000E+00   0.000000000000000E+00  -8.409422059413362E-06  -2.638867134230918E-05   9.249719516875436E-06  -3.649614819351544E-05   8.460867468062758E-06   2.450845135287571E-06   5.384896593631733E-07   4.052458218977116E-06   0.000000000000000E+00   0.000000000000000E+00   0.000000000000000E+00   0.000000000000000E+00   0.000000000000000E+00   5.253382445258266E-06  -1.573706955266284E-05   1.132411621149429E-05  -2.001176531274785E-05  -3.622078878752520E-06   3.994570472879589E-05  -3.852185331330024E-06   5.210209163577662E-05   2.405211209907250E-06  -1.657925824132418E-05  -9.005964037296239E-06  -2.686666662379327E-05   0.000000000000000E+00   0.000000000000000E+00   0.000000000000000E+00   0.000000000000000E+00   0.000000000000000E+00   0.000000000000000E+00   0.000000000000000E+00   0.000000000000000E+00   0.000000000000000E+00   3.924647294825764E-05  -3.857686955411744E-04  -1.754012517649294E-05   1.389382215778749E-05   5.858655348167689E-06   1.973580763554906E-05   1.500973301285528E-05  -1.098928363973652E-06  -1.142750956560941E-06  -1.925558759959541E-06   0.000000000000000E+00   0.000000000000000E+00   0.000000000000000E+00   0.000000000000000E+00   0.000000000000000E+00   0.000000000000000E+00   0.000000000000000E+00   0.000000000000000E+00   0.000000000000000E+00   1.796925824251379E-04   2.203235035562865E-04   2.160646882906277E-04   3.214270084718895E-04   6.772604731641854E-06  -9.653182410020891E-06  -1.580762214603888E-05  -1.665031719121186E-05   0.000000000000000E+00   0.000000000000000E+00   0.000000000000000E+00   0.000000000000000E+00   0.000000000000000E+00   0.000000000000000E+00   0.000000000000000E+00  -4.514535087032513E-03  -2.408375517918531E-05  -7.687519102889754E-07  -1.383972422551141E-06  -1.248172013144118E-06   0.000000000000000E+00   0.000000000000000E+00   0.000000000000000E+00   0.000000000000000E+00   0.000000000000000E+00  -2.482527918287156E-05  -1.521646960468724E-06  -5.316157082025477E-06  -2.771782691819820E-06   0.000000000000000E+00   0.000000000000000E+00   0.000000000000000E+00   0.000000000000000E+00   0.000000000000000E+00   5.968002776353154E-06  -4.803460714334588E-06  -2.404134896788161E-05  -1.006215595942641E-05  -1.386691807254259E-04   0.000000000000000E+00  -9.411027686555202E-06
   1.673947086046767E-01   5.959123188404468E-02   2.105537252870177E-01   4.703757869011512E-02   1.616533575161749E-02   6.561495541482728E-03   2.661073644091824E-02  -8.094266481303366E-03   2.649470453188435E-02  -1.361773302565283E-02   2.704944407609657E-02   3.009669473215865E-02   0.000000000000000E+00   1.000000000000000E+00   0.000000000000000E+00   0.000000000000000E+00   5.179301854197807E-04  -1.424171153810951E-04   9.829110224654791E-04  -1.205952288510706E-04  -1.764828675723062E-03   6.721648423709754E-04  -5.310100414000261E-04   9.735047107422294E-04   6.326429799426241E-04   8.425481692662237E-03  -3.024883135224554E-03   2.103102713481185E-03   1.444282966005910E-02   5.153831629862482E-03   1.748986471057912E-01  -5.430971450973229E-03   5.276326802403928E-03   1.973308748382940E-01   4.971916219850197E-06  -1.222312747931665E-05   4.055726920109642E-05  -1.335232017894207E-05   1.184168075459275E-04  -8.455302563248627E-05   2.268161563406390E-04   4.941514344441494E-05  -5.729753102839071E-05  -2.670651975015627E-04   1.205165559934780E-02   5.710516759985679E-03  -7.581016185634891E-03   1.980518885521251E-02  -1.374583102749748E-02   7.175032150653553E-03   2.247422376529597E-02  -8.284984089602142E-03  -1.121960809647129E-05   2.421576892767656E-07  -1.827164099679825E-05   3.801244593384446E-06  -5.638526984346018E-06  -2.254309267922403E-05  -1.941161240439136E-07  -1.633836276200214E-05  -3.219794767265801E-06   1.619063772541188E-04   1.283557032734742E-04  -1.616675100713770E-04   2.847163684510542E-04  -2.211878884158149E-04   1.049148467334663E-04   3.915755039103533E-04  -2.098953954941671E-04   1.038051813495643E-02  -6.260610682130982E-06   7.739247900121307E-06  -2.233458109764079E-05   3.517778989059168E-09   0.000000000000000E+00   2.060998437141562E-05  -2.597769618485802E-05  -2.213020240154456E-06   3.487921983042696E-05   3.618658135324977E-06  -3.528201743384965E-06   8.678604353051432E-07  -1.424878304133608E-05   3.238742844266713E-05  -1.100731979003416E-05   0.000000000000000E+00  -2.076923613455942E-07  -8.886171736329907E-06   1.268323707162922E-07  -1.166454148119958E-07   6.482988898482656E-06  -5.784102214991700E-07  -1.344593677619659E-05   5.938599900643219E-06  -9.052251149637437E-06   1.014180123082549E-06  -4.826063324549991E-07  -4.349054660886951E-06   2.886569800965976E-06   3.787298242312381E-06   0.000000000000000E+00   0.000000000000000E+00  -3.547026354145529E-06   1.174618140259241E-05  -1.570071938534939E-06   1.550576901311904E-05   0.000000000000000E+00   0.000000000000000E+00   0.000000000000000E+00   0.000000000000000E+00   2.638867134230918E-05   9.244075164493768E-06  -6.021480159821876E-06   2.375864823319612E-05  -2.450845135287571E-06   5.574499718420547E-06   9.855638547225289E-07   7.416960147610632E-06   0.000000000000000E+00   0.000000000000000E+00   0.000000000000000E+00   0.000000000000000E+00   0.000000000000000E+00   1.573706955266284E-05   1.731363896888336E-05  -1.524626461823835E-05   2.694291225363332E-05  -3.994570472879589E-05  -8.345975624741372E-05   8.780745483703842E-06  -1.187625117881886E-04   1.657925824132418E-05   1.199180613975394E-05   9.153013224177414E-06   2.730534497792342E-05   0.000000000000000E+00   0.000000000000000E+00   0.000000000000000E+00   0.000000000000000E+00   0.000000000000000E+00   0.000000000000000E+00   0.000000000000000E+00   0.000000000000000E+00   0.000000000000000E+00  -4.344094283255517E-05   5.368737935088550E-04  -1.389382215778749E-05  -5.558373640510904E-05  -2.360884716247117E-05  -7.953013761789778E-05   1.098928363973652E-06   1.027398148202094E-05   1.020210537913371E-05   1.719075645488085E-05   0.000000000000000E+00   0.000000000000000E+00   0.000000000000000E+00   0.000000000000000E+00   0.000000000000000E+00   0.000000000000000E+00   0.000000000000000E+00   0.000000000000000E+00   0.000000000000000E+00  -2.203235035562865E-04  -1.532612305147154E-04  -2.216693117497315E-04  -3.297646844073851E-04   9.653182410020891E-06   6.593895675875131E-06   1.622448176902681E-05   1.708939935567878E-05   0.000000000000000E+00   0.000000000000000E+00   0.000000000000000E+00   0.000000000000000E+00   0.000000000000000E+00   0.000000000000000E+00   0.000000000000000E+00   4.197669712187906E-03   7.687519102889754E-07  -2.288719130634398E-05  -3.384627041073162E-05  -3.052515121515870E-05   0.000000000000000E+00   0.000000000000000E+00   0.000000000000000E+00   0.000000000000000E+00   0.000000000000000E+00   1.521646960468724E-06  -1.206638667197891E-05  -2.555231902094079E-05  -1.332268300302316E-05   0.000000000000000E+00   0.000000000000000E+00   0.000000000000000E+00   0.000000000000000E+00   0.000000000000000E+00   4.803460714334588E-06  -1.436924374398755E-06   1.089544849705261E-05   4.560131054696871E-06   6.248349522240574E-05   0.000000000000000E+00  -1.685898432174442E-06
  -3.000104189968085E-01   2.105537252870177E-01  -2.002890415331784E-01  -8.430232836536945E-02  -5.226952461912478E-02   2.661073644091824E-02  -7.125265699116194E-02   2.617226561940785E-02  -2.759834733456332E-02   2.704944407609657E-02  -1.582617608911350E-02  -3.135037923675843E-02   0.000000000000000E+00   0.000000000000000E+00   1.000000000000000E+00   0.000000000000000E+00  -1.330008628631024E-03   9.829110224654791E-04  -2.283700236551982E-03   3.096801450443734E-04   2.104238982371536E-02  -8.850010118091366E-04   9.735047107422294E-04  -1.073383967365536E-03  -8.329648355130127E-04  -2.484561539877356E-03   2.103102713481185E-03   3.486843691431170E-03  -4.258996744558154E-03   2.493950269449526E-01  -5.430971450973229E-03  -8.779500286549981E-02   2.553225948304824E-01  -1.047268295588455E-01  -1.735660275026989E-05   4.055726920109642E-05  -1.421877399611900E-04   4.661199161302293E-05  -2.157067816219141E-04   2.268161563406390E-04  -3.732033597226870E-04  -9.001409324133191E-05   6.441181681392096E-05   9.206131661099839E-05   1.589883365469099E-02  -7.581016185634891E-03   1.456030286547704E-03   2.612748103470561E-02   4.814628523899193E-02   2.247422376529597E-02  -6.512698682138290E-02   2.901906813640756E-02   3.441292460599317E-05  -1.827164099679825E-05   5.032808418026536E-05  -1.165922574802057E-05   2.621975375672974E-05   4.241540860905503E-05  -1.633836276200214E-05   2.186336225499441E-05   6.058126656984367E-06   5.247073993601813E-04  -1.616675100713770E-04  -3.456926264036922E-04   9.227109381290753E-04   9.981183070312549E-04   3.915755039103533E-04  -1.575308664616032E-03   9.471605263053570E-04  -2.393565840006793E-02   1.476869831980817E-05  -2.233458109764079E-05   5.095836109591581E-05  -8.298394403194369E-09   0.000000000000000E+00  -3.392459337519975E-05  -3.799063151836140E-05   1.583501445889920E-04   3.618658135324977E-06  -2.239991720484780E-04   2.524564602107523E-04  -2.814003968844911E-06   3.238742844266713E-05  -1.092752382005566E-04   3.569080962264451E-05   0.000000000000000E+00  -3.590181946073314E-05   1.268323707162922E-07   1.303741012461919E-05  -2.016339260804228E-05  -2.543115224752164E-05  -1.344593677619659E-05   4.873897364610984E-05  -2.329564967259501E-05   2.399331154463900E-05  -9.464200814722643E-06  -4.349054660886951E-06   3.963617943823758E-05  -2.693710480049739E-05   3.054156388667046E-05   0.000000000000000E+00   0.000000000000000E+00   5.538699455848267E-07  -1.570071938534939E-06   1.936485705021561E-06  -2.421233614323120E-06   0.000000000000000E+00   0.000000000000000E+00   0.000000000000000E+00   0.000000000000000E+00  -9.249719516875436E-06  -6.021480159821876E-06  -5.824060320256916E-06  -8.327847560283487E-06  -5.384896593631733E-07   9.855638547225289E-07   1.305415615623859E-06   1.629624118591422E-06   0.000000000000000E+00   0.000000000000000E+00   0.000000000000000E+00   0.000000000000000E+00   0.000000000000000E+00  -1.132411621149429E-05  -1.524626461823835E-05   7.096920420287411E-06  -1.938764192502478E-05   3.852185331330024E-06   8.780745483703842E-06   6.746477074725038E-06   1.145292613882894E-05   9.005964037296239E-06   9.153013224177414E-06   1.138201689362670E-07   1.483244613949055E-05   0.000000000000000E+00   0.000000000000000E+00   0.000000000000000E+00   0.000000000000000E+00   0.000000000000000E+00   0.000000000000000E+00   0.000000000000000E+00   0.000000000000000E+00   0.000000000000000E+00   4.010299073890796E-05  -1.339813049858798E-04  -5.858655348167689E-06  -2.360884716247117E-05  -9.550493793201622E-06  -3.353574421811998E-05   1.142750956560941E-06   1.020210537913371E-05   1.107205037164668E-05   1.787628204607183E-05   0.000000000000000E+00   0.000000000000000E+00   0.000000000000000E+00   0.000000000000000E+00   0.000000000000000E+00   0.000000000000000E+00   0.000000000000000E+00   0.000000000000000E+00   0.000000000000000E+00  -2.160646882906277E-04  -2.216693117497315E-04  -1.446071139392594E-04  -3.233903900204471E-04   1.580762214603888E-05   1.622448176902681E-05   2.325464082313617E-05   2.798484025712572E-05   0.000000000000000E+00   0.000000000000000E+00   0.000000000000000E+00   0.000000000000000E+00   0.000000000000000E+00   0.000000000000000E+00   0.000000000000000E+00   4.308237094929673E-03   1.383972422551141E-06  -3.384627041073162E-05  -6.501961106562376E-05  -5.495396747710552E-05   0.000000000000000E+00   0.000000000000000E+00   0.000000000000000E+00   0.000000000000000E+00   0.000000000000000E+00   5.316157082025477E-06  -2.555231902094079E-05  -9.402431638242881E-05  -4.654527458608738E-05   0.000000000000000E+00   0.000000000000000E+00   0.000000000000000E+00   0.000000000000000E+00   0.000000000000000E+00   2.404134896788161E-05   1.089544849705261E-05   5.091794883159375E-05   2.282348259830173E-05   3.522759633821476E-04   0.000000000000000E+00  -2.060151374292353E-05
  -6.702215157760920E-02   4.703757869011512E-02  -8.430232836536945E-02   1.582393260367853E-01   1.589897604140278E-02  -8.094266481303366E-03   2.617226561940785E-02   6.830471875885938E-03  -3.070743459657457E-02   3.009669473215865E-02  -3.135037923675843E-02  -2.253213244458287E-02   0.000000000000000E+00   0.000000000000000E+00   0.000000000000000E+00   1.000000000000000E+00   1.631812964527927E-04  -1.205952288510706E-04   3.096801450443734E-04   2.023515355070141E-04  -1.580420689622672E-02  -5.751278562753877E-04   6.326429799426241E-04  -8.329648355130127E-04  -3.329375444163993E-04  -1.706245675513643E-02   1.444282966005910E-02  -4.258996744558154E-03  -2.514117749224772E-02  -2.422936074944927E-01   5.276326802403928E-03   2.553225948304824E-01  -7.304151040799856E-02  -4.259396259841124E-01   5.714164728182558E-06  -1.335232017894207E-05   4.661199161302293E-05  -1.595088772955962E-05  -4.699480728247466E-05   4.941514344441494E-05  -9.001409324133191E-05   2.035165097975085E-05   6.185333074675912E-05   5.427665617064735E-04  -4.153525007708358E-02   1.980518885521251E-02   2.612748103470561E-02  -5.680021101312778E-02  -1.774883134315191E-02  -8.284984089602142E-03   2.901906813640756E-02   2.893753486818662E-03  -7.159288190042719E-06   3.801244593384446E-06  -1.165922574802057E-05  -3.289332163796740E-06  -1.515036266013211E-05   8.358788005888344E-06  -3.219794767265801E-06   6.058126656984367E-06  -7.683814796054916E-06  -9.240742631544843E-04   2.847163684510542E-04   9.227109381290753E-04  -1.446766794310228E-03  -5.350192611952981E-04  -2.098953954941671E-04   9.471605263053570E-04  -3.160145793599031E-04  -1.289347173068579E-03  -2.326124515971442E-09   3.517778989059168E-09  -8.298394403194369E-09  -1.728620876788486E-06   0.000000000000000E+00  -1.257699069093773E-05   1.037986787393999E-04  -1.543918312565243E-04  -3.528201743384965E-06   2.524564602107523E-04  -2.112159583074227E-04   9.563785414557745E-07  -1.100731979003416E-05   3.569080962264451E-05  -1.639027138688620E-05   0.000000000000000E+00   3.301824762757243E-05  -1.166454148119958E-07  -2.016339260804228E-05   9.656998443606689E-06   1.123205030070763E-05   5.938599900643219E-06  -2.329564967259501E-05   6.282783025357049E-06  -2.892975648484844E-06   6.281612532431241E-06   2.886569800965976E-06  -2.693710480049739E-05   1.693014024141159E-05  -3.636714887071677E-05   0.000000000000000E+00   0.000000000000000E+00  -5.469927350947319E-06   1.550576901311904E-05  -2.421233614323120E-06   2.560301816961980E-05   0.000000000000000E+00   0.000000000000000E+00   0.000000000000000E+00   0.000000000000000E+00   3.649614819351544E-05   2.375864823319612E-05  -8.327847560283487E-06   2.492406389244715E-05  -4.052458218977116E-06   7.416960147610632E-06   1.629624118591422E-06   1.335277215418205E-05   0.000000000000000E+00   0.000000000000000E+00   0.000000000000000E+00   0.000000000000000E+00   0.000000000000000E+00   2.001176531274785E-05   2.694291225363332E-05  -1.938764192502478E-05   3.038745512288865E-05  -5.210209163577662E-05  -1.187625117881886E-04   1.145292613882894E-05  -1.473113936003292E-04   2.686666662379327E-05   2.730534497792342E-05   1.483244613949055E-05   3.939011849069331E-05   0.000000000000000E+00   0.000000000000000E+00   0.000000000000000E+00   0.000000000000000E+00   0.000000000000000E+00   0.000000000000000E+00   0.000000000000000E+00   0.000000000000000E+00   0.000000000000000E+00  -4.831020977377659E-05   5.665330466269596E-04  -1.973580763554906E-05  -7.953013761789778E-05  -3.353574421811998E-05  -1.125657319550676E-04   1.925558759959541E-06   1.719075645488085E-05   1.787628204607183E-05   3.058501109235150E-05   0.000000000000000E+00   0.000000000000000E+00   0.000000000000000E+00   0.000000000000000E+00   0.000000000000000E+00   0.000000000000000E+00   0.000000000000000E+00   0.000000000000000E+00   0.000000000000000E+00  -3.214270084718895E-04  -3.297646844073851E-04  -3.233903900204471E-04  -4.083119131283110E-04   1.665031719121186E-05   1.708939935567878E-05   2.798484025712572E-05   2.616284677707404E-05   0.000000000000000E+00   0.000000000000000E+00   0.000000000000000E+00   0.000000000000000E+00   0.000000000000000E+00   0.000000000000000E+00   0.000000000000000E+00   5.911246603560553E-03   1.248172013144118E-06  -3.052515121515870E-05  -5.495396747710552E-05  -5.364836724312455E-05   0.000000000000000E+00   0.000000000000000E+00   0.000000000000000E+00   0.000000000000000E+00   0.000000000000000E+00   2.771782691819820E-06  -1.332268300302316E-05  -4.654527458608738E-05  -2.902069718648983E-05   0.000000000000000E+00   0.000000000000000E+00   0.000000000000000E+00   0.000000000000000E+00   0.000000000000000E+00   1.006215595942641E-05   4.560131054696871E-06   2.282348259830173E-05   5.938601136154281E-06   1.301600922833790E-04   0.000000000000000E+00  -5.758641459529019E-06
   3.574182286541980E-02   1.598486164034799E-02  -5.378948809722504E-02   1.678810266070456E-02   3.083878099885690E-01   1.673232414795034E-01  -3.113181358858986E-01  -6.616445565025669E-02   1.118832339414163E-02  -5.842481378174627E-05  -1.439904153075469E-02   1.403299595342342E-02   6.874912610803390E-04   5.179301854197807E-04  -1.330008628631024E-03   1.631812964527927E-04   1.000000000000000E+00   0.000000000000000E+00   0.000000000000000E+00   0.000000000000000E+00  -6.197123025862630E-02   3.906053220862454E-02  -1.807795210392839E-02  -2.078198213255000E-02   5.718091253390958E-02   8.600862688078893E-05   5.115094226920281E-06  -1.870550716993000E-04   1.806672411234674E-04  -1.969820189903536E-05   4.631303072662254E-06  -1.567405893563610E-05   4.970944087906067E-06  -1.490609567456031E-04   2.814272867042085E-01   1.511521045776147E-02   2.340886113391653E-01  -2.418932952763103E-01   2.944730650218734E-01  -1.671237367973654E-01   6.012312261874395E-02   2.993660205998528E-01  -1.534728887120692E-03   5.127395652748386E-05  -2.674321668553781E-05  -3.147939026779048E-06   1.994995183626542E-05  -1.247448190467424E-05   1.454548643242820E-06  -1.106529031498778E-05   3.174851122981398E-05  -6.967806554019469E-06   3.648340971907403E-02  -1.261290596024617E-02   5.522677851177479E-02  -1.875010789348169E-02  -5.650099323348904E-02   3.103538040578506E-02  -2.737926533598561E-02   3.237359280426517E-02   2.927789506597317E-02   1.151146844714582E-05  -1.631492645354874E-06   1.128255998214071E-05  -7.868079113428267E-06   0.000000000000000E+00   0.000000000000000E+00   0.000000000000000E+00   0.000000000000000E+00  -9.735369139856607E-06   1.233526340660242E-02  -9.279611406138187E-03   1.969645191180056E-02   3.301011073245998E-03  -1.444484641872207E-03  -1.239174499645579E-03  -4.858856692470140E-10   0.000000000000000E+00   0.000000000000000E+00   0.000000000000000E+00   0.000000000000000E+00   0.000000000000000E+00   0.000000000000000E+00   0.000000000000000E+00   0.000000000000000E+00  -3.533514898308465E-04   0.000000000000000E+00   0.000000000000000E+00   0.000000000000000E+00   0.000000000000000E+00   0.000000000000000E+00   0.000000000000000E+00   0.000000000000000E+00   0.000000000000000E+00   0.000000000000000E+00   0.000000000000000E+00   0.000000000000000E+00   0.000000000000000E+00   0.000000000000000E+00   0.000000000000000E+00   0.000000000000000E+00   0.000000000000000E+00   0.000000000000000E+00   0.000000000000000E+00   0.000000000000000E+00   0.000000000000000E+00   0.000000000000000E+00   0.000000000000000E+00   0.000000000000000E+00   0.000000000000000E+00   0.000000000000000E+00   0.000000000000000E+00   0.000000000000000E+00   0.000000000000000E+00   0.000000000000000E+00   0.000000000000000E+00   0.000000000000000E+00   0.000000000000000E+00   0.000000000000000E+00   0.000000000000000E+00   0.000000000000000E+00   0.000000000000000E+00   0.000000000000000E+00   0.000000000000000E+00   0.000000000000000E+00   0.000000000000000E+00   0.000000000000000E+00   1.564329438491842E-05   3.809624160173468E-06  -3.389874566203500E-06   3.759175073087218E-06   6.721094714640854E-07   2.633480028161025E-07  -1.034807366860010E-07   3.233096893095242E-07   0.000000000000000E+00   0.000000000000000E+00   0.000000000000000E+00   0.000000000000000E+00   0.000000000000000E+00   0.000000000000000E+00   0.000000000000000E+00   0.000000000000000E+00   0.000000000000000E+00   0.000000000000000E+00  -1.118351735941573E-05   6.645305318588358E-06  -1.612421779694771E-05   9.187540976395369E-06  -1.699292741549810E-05   9.375075005086429E-06   3.150284976322104E-06  -2.646850135251906E-07   4.109599468039901E-06   0.000000000000000E+00   0.000000000000000E+00   0.000000000000000E+00   0.000000000000000E+00   0.000000000000000E+00   0.000000000000000E+00   0.000000000000000E+00   0.000000000000000E+00   0.000000000000000E+00  -2.440923019681101E-05  -2.554940818503849E-06   1.106629774881397E-06  -2.563051690861643E-06  -2.705558846732645E-06  -2.524589807821293E-05  -3.760781374392757E-06  -3.094739844766608E-05   0.000000000000000E+00   0.000000000000000E+00   0.000000000000000E+00   0.000000000000000E+00   0.000000000000000E+00   0.000000000000000E+00   0.000000000000000E+00  -7.081359991385780E-05  -1.319813704150371E-05   2.638088395097501E-05  -2.336570621998822E-07   2.853557946660731E-05   9.070948465295164E-06  -1.140268900344903E-05  -6.207236456685675E-06  -1.514047456938560E-05   0.000000000000000E+00   5.221903136664802E-04   7.546076059312370E-04   2.508000702159442E-04   7.816811363975458E-04  -1.480697863256335E-05  -2.627078889599347E-05  -2.454258109750982E-05  -3.393297586342690E-05   0.000000000000000E+00   5.145814288710200E-05   1.075393057232535E-04   9.794543857290791E-05   1.217983859616163E-04  -1.122051922445238E-02  -1.036803800043209E-05  -1.981696758281113E-04
  -1.598486164034799E-02   7.484121161672864E-03   2.628449486866338E-02  -8.203587984371388E-03  -1.673232414795034E-01   7.230694362713271E-02   2.114814708041708E-01   4.494616529825951E-02   5.842481378174627E-05   4.332933209284199E-03  -8.046108033106003E-05   7.841563706043858E-05  -5.179301854197807E-04  -1.424171153810951E-04   9.829110224654791E-04  -1.205952288510706E-04   0.000000000000000E+00   1.000000000000000E+00   0.000000000000000E+00   0.000000000000000E+00   5.324534240402187E-02   1.807795210392839E-02   7.702860673920924E-03  -1.053209505794551E-02   2.897869907047735E-02  -5.115094226920281E-06   4.137660082740779E-05   8.125439056651512E-06  -7.847959662072032E-06  -4.631303072662254E-06  -1.306489359006169E-05   4.110132420303035E-05  -1.303506547928343E-05   1.714695264963576E-04  -1.511521045776147E-02   1.645257603492380E-01  -1.552014634062510E-02   1.603759926648023E-02   1.671237367973654E-01   5.743600633931108E-02   4.240709577451617E-02   2.111540943692748E-01  -1.003087217934364E-03  -3.047658314236801E-06   3.147939026779048E-06  -8.831058071817499E-06   9.080092184107498E-06  -5.677680155473834E-06   1.106529031498778E-05   1.646392545264857E-06  -1.955557731255840E-05   4.291838404004344E-06   1.261290596024617E-02   1.087764292078556E-02   2.087151049206631E-02  -7.086110835574828E-03   1.848357008461129E-02   2.737926533598561E-02  -1.320519181772776E-02   3.110434656798717E-02   2.813001943958509E-02   1.631492645354874E-06  -5.138392966550766E-07  -5.826515426772359E-06   4.063216540042451E-06   0.000000000000000E+00   0.000000000000000E+00   0.000000000000000E+00   0.000000000000000E+00  -1.721988488204753E-05   9.279611406138187E-03  -2.667667741053199E-03   1.587812796739943E-02   2.661082131822953E-03  -4.424854408074724E-04  -1.245465454225119E-03  -3.453840925582183E-11   0.000000000000000E+00   0.000000000000000E+00   0.000000000000000E+00   0.000000000000000E+00   0.000000000000000E+00   0.000000000000000E+00   0.000000000000000E+00   0.000000000000000E+00  -3.004336625782988E-04   0.000000000000000E+00   0.000000000000000E+00   0.000000000000000E+00   0.000000000000000E+00   0.000000000000000E+00   0.000000000000000E+00   0.000000000000000E+00   0.000000000000000E+00   0.000000000000000E+00   0.000000000000000E+00   0.000000000000000E+00   0.000000000000000E+00   0.000000000000000E+00   0.000000000000000E+00   0.000000000000000E+00   0.000000000000000E+00   0.000000000000000E+00   0.000000000000000E+00   0.000000000000000E+00   0.000000000000000E+00   0.000000000000000E+00   0.000000000000000E+00   0.000000000000000E+00   0.000000000000000E+00   0.000000000000000E+00   0.000000000000000E+00   0.000000000000000E+00   0.000000000000000E+00   0.000000000000000E+00   0.000000000000000E+00   0.000000000000000E+00   0.000000000000000E+00   0.000000000000000E+00   0.000000000000000E+00   0.000000000000000E+00   0.000000000000000E+00   0.000000000000000E+00   0.000000000000000E+00   0.000000000000000E+00   0.000000000000000E+00   0.000000000000000E+00  -3.809624160173468E-06   1.470960494860473E-05  -1.158579395913457E-05   1.284797623113249E-05  -2.633480028161025E-07   5.635232069100295E-07  -1.848534049949029E-07   5.775461100364855E-07   0.000000000000000E+00   0.000000000000000E+00   0.000000000000000E+00   0.000000000000000E+00   0.000000000000000E+00   0.000000000000000E+00   0.000000000000000E+00   0.000000000000000E+00   0.000000000000000E+00   0.000000000000000E+00  -1.702220030211947E-05   1.612421779694771E-05   2.374385468184851E-05  -1.544475283968965E-05   2.856602921602688E-05  -3.150284976322104E-06   8.200798650552553E-06  -5.887087013976784E-07   9.140513600948945E-06   0.000000000000000E+00   0.000000000000000E+00   0.000000000000000E+00   0.000000000000000E+00   0.000000000000000E+00   0.000000000000000E+00   0.000000000000000E+00   0.000000000000000E+00   0.000000000000000E+00   2.554940818503849E-06  -6.168563353704551E-05   2.482510938954750E-05  -5.749713232099170E-05   2.524589807821293E-05   1.808021392495626E-05   3.652294714956140E-06   3.005466378919810E-05   0.000000000000000E+00   0.000000000000000E+00   0.000000000000000E+00   0.000000000000000E+00   0.000000000000000E+00   0.000000000000000E+00   0.000000000000000E+00   1.833002759872062E-04  -2.638088395097501E-05  -9.060903008356877E-05   8.276850449000659E-07  -1.010817826334897E-04   1.140268900344903E-05   1.858519190383430E-05   1.142940553471403E-05   2.787820716176330E-05   0.000000000000000E+00  -7.546076059312370E-04  -8.598105705550459E-04  -3.472752256380171E-04  -1.082370083811012E-03   2.627078889599347E-05   3.452267576661678E-07   8.950869666854922E-06   1.237561946542312E-05   0.000000000000000E+00  -1.075393057232535E-04  -1.152406040575175E-04  -1.318198492299247E-04  -1.639223337793030E-04   1.477963546480606E-02  -2.000466246963706E-05   2.187138679103255E-04
   5.378948809722504E-02   2.628449486866338E-02  -7.315282860682236E-02   2.760529356888928E-02   3.113181358858986E-01   2.114814708041708E-01  -2.075067502556589E-01  -8.362589842360695E-02   1.439904153075469E-02  -8.046108033106003E-05  -1.549671258808422E-02   1.932586415956385E-02   1.330008628631024E-03   9.829110224654791E-04  -2.283700236551982E-03   3.096801450443734E-04   0.000000000000000E+00   0.000000000000000E+00   1.000000000000000E+00   0.000000000000000E+00  -6.062560363006769E-02   2.078198213255000E-02  -1.053209505794551E-02   4.757136063273227E-03   3.331322059296399E-02   1.870550716993000E-04   8.125439056651512E-06  -2.555422785152024E-04   2.869938640731469E-04   1.567405893563610E-05   4.110132420303035E-05  -1.400226806838137E-04   4.411552890118190E-05  -3.547330967737018E-04  -2.340886113391653E-01  -1.552014634062510E-02  -7.483193244920015E-02   2.483736069699664E-01  -6.012312261874395E-02   4.240709577451617E-02   1.600586091308308E-01  -7.596313815437541E-02  -5.355859907541328E-04  -2.310347059962944E-05  -1.994995183626542E-05   9.080092184107498E-06  -6.494305577382170E-05   3.598209643829079E-05  -3.174851122981398E-05  -1.955557731255840E-05   5.093952599432034E-05  -1.231413509155899E-05  -5.522677851177479E-02   2.087151049206631E-02  -7.574348491623263E-02   3.102719348416837E-02   2.965964258096265E-02  -3.237359280426517E-02   3.110434656798717E-02  -2.367754041140840E-02  -3.326129403904286E-02  -1.128255998214071E-05  -5.826515426772359E-06   3.893679832718556E-05  -2.809910572626794E-05   0.000000000000000E+00   0.000000000000000E+00   0.000000000000000E+00   0.000000000000000E+00   4.223003948728708E-05  -1.969645191180056E-02   1.587812796739943E-02  -2.888912984802226E-02  -5.648283527059365E-03   2.414099679213417E-03   1.207021877503219E-03   6.093641034046116E-10   0.000000000000000E+00   0.000000000000000E+00   0.000000000000000E+00   0.000000000000000E+00   0.000000000000000E+00   0.000000000000000E+00   0.000000000000000E+00   0.000000000000000E+00   6.675759613937008E-04   0.000000000000000E+00   0.000000000000000E+00   0.000000000000000E+00   0.000000000000000E+00   0.000000000000000E+00   0.000000000000000E+00   0.000000000000000E+00   0.000000000000000E+00   0.000000000000000E+00   0.000000000000000E+00   0.000000000000000E+00   0.000000000000000E+00   0.000000000000000E+00   0.000000000000000E+00   0.000000000000000E+00   0.000000000000000E+00   0.000000000000000E+00   0.000000000000000E+00   0.000000000000000E+00   0.000000000000000E+00   0.000000000000000E+00   0.000000000000000E+00   0.000000000000000E+00   0.000000000000000E+00   0.000000000000000E+00   0.000000000000000E+00   0.000000000000000E+00   0.000000000000000E+00   0.000000000000000E+00   0.000000000000000E+00   0.000000000000000E+00   0.000000000000000E+00   0.000000000000000E+00   0.000000000000000E+00   0.000000000000000E+00   0.000000000000000E+00   0.000000000000000E+00   0.000000000000000E+00   0.000000000000000E+00   0.000000000000000E+00   0.000000000000000E+00   3.389874566203500E-06  -1.158579395913457E-05   1.199846095793427E-05  -1.143236865946377E-05   1.034807366860010E-07  -1.848534049949029E-07   1.657268371795921E-07  -2.269426625515133E-07   0.000000000000000E+00   0.000000000000000E+00   0.000000000000000E+00   0.000000000000000E+00   0.000000000000000E+00   0.000000000000000E+00   0.000000000000000E+00   0.000000000000000E+00   0.000000000000000E+00   0.000000000000000E+00   1.767426086686122E-05  -9.187540976395369E-06  -1.544475283968965E-05   5.438556734949247E-06  -1.627685555108514E-05   2.646850135251906E-07  -5.887087013976784E-07   1.243441855724165E-06  -7.679803523422544E-07   0.000000000000000E+00   0.000000000000000E+00   0.000000000000000E+00   0.000000000000000E+00   0.000000000000000E+00   0.000000000000000E+00   0.000000000000000E+00   0.000000000000000E+00   0.000000000000000E+00  -1.106629774881397E-06   2.482510938954750E-05  -1.512303289917415E-05   2.490391876629259E-05   3.760781374392757E-06   3.652294714956140E-06  -5.893351897214008E-06   4.477124142776925E-06   0.000000000000000E+00   0.000000000000000E+00   0.000000000000000E+00   0.000000000000000E+00   0.000000000000000E+00   0.000000000000000E+00   0.000000000000000E+00  -1.205365419975076E-04   2.336570621998822E-07   8.276850449000659E-07   2.832828705874072E-06   8.952873761152102E-07   6.207236456685675E-06   1.142940553471403E-05   3.811162006965948E-06   1.517594874237038E-05   0.000000000000000E+00  -2.508000702159442E-04  -3.472752256380171E-04   6.965183001523027E-05  -3.597346367645488E-04   2.454258109750982E-05   8.950869666854922E-06  -8.738915224737741E-07   1.156149689925717E-05   0.000000000000000E+00  -9.794543857290791E-05  -1.318198492299247E-04  -9.056870090129535E-05  -1.492983869100497E-04   2.782657886119528E-03  -2.672491686653762E-05   3.353609958079913E-04
  -1.678810266070456E-02  -8.203587984371388E-03   2.760529356888928E-02   6.679382351496062E-03   6.616445565025669E-02   4.494616529825951E-02  -8.362589842360695E-02   1.681982513255912E-01  -1.403299595342342E-02   7.841563706043858E-05   1.932586415956385E-02  -1.450131155934806E-02  -1.631812964527927E-04  -1.205952288510706E-04   3.096801450443734E-04   2.023515355070141E-04   0.000000000000000E+00   0.000000000000000E+00   0.000000000000000E+00   1.000000000000000E+00  -5.351064050676804E-02  -5.718091253390958E-02   2.897869907047735E-02   3.331322059296399E-02  -7.479560516068412E-02  -1.806672411234674E-04  -7.847959662072032E-06   2.869938640731469E-04  -2.355943830886774E-04  -4.970944087906067E-06  -1.303506547928343E-05   4.411552890118190E-05  -1.491145666750379E-05  -4.989722489568784E-05   2.418932952763103E-01   1.603759926648023E-02   2.483736069699664E-01  -9.112665959974491E-02  -2.993660205998528E-01   2.111540943692748E-01  -7.596313815437541E-02  -2.029222283494371E-01   2.689396479871253E-03   3.169712739577457E-05   1.247448190467424E-05  -5.677680155473834E-06   3.598209643829079E-05  -2.989749661803069E-05   6.967806554019469E-06   4.291838404004344E-06  -1.231413509155899E-05  -2.466733519051899E-06   1.875010789348169E-02  -7.086110835574828E-03   3.102719348416837E-02   5.110280873632031E-03  -8.203101229306181E-02  -2.927789506597317E-02   2.813001943958509E-02  -3.326129403904286E-02  -1.698007462375669E-02   7.868079113428267E-06   4.063216540042451E-06  -2.809910572626794E-05   1.823900315567382E-05   0.000000000000000E+00   0.000000000000000E+00   0.000000000000000E+00   0.000000000000000E+00  -2.091214441753781E-06  -3.301011073245998E-03   2.661082131822953E-03  -5.648283527059365E-03   3.866392885857990E-03  -1.240705958571060E-03   1.606186210414261E-03  -5.677759906426563E-10   0.000000000000000E+00   0.000000000000000E+00   0.000000000000000E+00   0.000000000000000E+00   0.000000000000000E+00   0.000000000000000E+00   0.000000000000000E+00   0.000000000000000E+00   7.296125604552453E-05   0.000000000000000E+00   0.000000000000000E+00   0.000000000000000E+00   0.000000000000000E+00   0.000000000000000E+00   0.000000000000000E+00   0.000000000000000E+00   0.000000000000000E+00   0.000000000000000E+00   0.000000000000000E+00   0.000000000000000E+00   0.000000000000000E+00   0.000000000000000E+00   0.000000000000000E+00   0.000000000000000E+00   0.000000000000000E+00   0.000000000000000E+00   0.000000000000000E+00   0.000000000000000E+00   0.000000000000000E+00   0.000000000000000E+00   0.000000000000000E+00   0.000000000000000E+00   0.000000000000000E+00   0.000000000000000E+00   0.000000000000000E+00   0.000000000000000E+00   0.000000000000000E+00   0.000000000000000E+00   0.000000000000000E+00   0.000000000000000E+00   0.000000000000000E+00   0.000000000000000E+00   0.000000000000000E+00   0.000000000000000E+00   0.000000000000000E+00   0.000000000000000E+00   0.000000000000000E+00   0.000000000000000E+00   0.000000000000000E+00   0.000000000000000E+00  -3.759175073087218E-06   1.284797623113249E-05  -1.143236865946377E-05   1.436704204020434E-05  -3.233096893095242E-07   5.775461100364855E-07  -2.269426625515133E-07   8.021375373855342E-07   0.000000000000000E+00   0.000000000000000E+00   0.000000000000000E+00   0.000000000000000E+00   0.000000000000000E+00   0.000000000000000E+00   0.000000000000000E+00   0.000000000000000E+00   0.000000000000000E+00   0.000000000000000E+00  -1.367602653066477E-05   1.699292741549810E-05   2.856602921602688E-05  -1.627685555108514E-05   2.674322811547497E-05  -4.109599468039901E-06   9.140513600948945E-06  -7.679803523422544E-07   1.311793185984835E-05   0.000000000000000E+00   0.000000000000000E+00   0.000000000000000E+00   0.000000000000000E+00   0.000000000000000E+00   0.000000000000000E+00   0.000000000000000E+00   0.000000000000000E+00   0.000000000000000E+00   2.563051690861643E-06  -5.749713232099170E-05   2.490391876629259E-05  -6.205011478362360E-05   3.094739844766608E-05   3.005466378919810E-05   4.477124142776925E-06   3.040474970797248E-05   0.000000000000000E+00   0.000000000000000E+00   0.000000000000000E+00   0.000000000000000E+00   0.000000000000000E+00   0.000000000000000E+00   0.000000000000000E+00   1.642503337841712E-04  -2.853557946660731E-05  -1.010817826334897E-04   8.952873761152102E-07  -1.064976187449460E-04   1.514047456938560E-05   2.787820716176330E-05   1.517594874237038E-05   3.460602660015150E-05   0.000000000000000E+00  -7.816811363975458E-04  -1.082370083811012E-03  -3.597346367645488E-04  -9.361313348724389E-04   3.393297586342690E-05   1.237561946542312E-05   1.156149689925717E-05   6.749181873455857E-06   0.000000000000000E+00  -1.217983859616163E-04  -1.639223337793030E-04  -1.492983869100497E-04  -1.561663229474593E-04   1.343354617866539E-02  -2.933501870640544E-05   2.569920915690209E-04
  -5.980457750924626E-02   2.210191398134703E-02   3.967901343954345E-02  -8.207069976698912E-02  -4.612182884518771E-01   2.358904586276492E-01  -5.286809140889649E-02  -4.191953454604950E-01  -1.344701077327410E-03   8.724745099663098E-04   5.314411926093573E-04  -2.349882401815673E-03  -1.493080205994965E-02  -1.764828675723062E-03   2.104238982371536E-02  -1.580420689622672E-02  -6.197123025862630E-02   5.324534240402187E-02  -6.062560363006769E-02  -5.351064050676804E-02   1.000000000000000E+00  -3.845284329455076E-04   3.794686773163530E-04  -1.116303101651766E-04  -6.835695516057620E-04   2.086704207868171E-05   2.701057428034105E-05   4.375833032875241E-05  -1.035397178138286E-04  -1.741505517251716E-04  -1.680597490355150E-05   3.372720629641260E-04  -2.775263608283375E-04   1.727983449702714E-02  -1.836034932673763E-02   1.359711244597733E-02  -2.890887820128339E-02  -1.551962098823108E-03  -1.487156784445943E-03   1.534324713967193E-03  -1.304245137676683E-03  -1.988951736395468E-03  -9.057868276218983E-05  -7.631741163899460E-05   5.548429983990710E-05   2.380158697872704E-06   1.475060724118248E-05  -1.907643797251048E-05   6.163300530966560E-05   1.186037756882457E-06  -6.330677507058390E-06   3.512296892293139E-06  -2.618091155917854E-04   2.455813770943712E-04  -5.223228463454006E-04  -6.016614139973095E-05   3.032757018153528E-02   1.602188351258496E-05   6.776174613771900E-05  -7.873000451627795E-05  -7.041489493095787E-05  -6.332355689602944E-06  -3.161248289306031E-06  -3.174287668046114E-05   3.882968628675279E-05  -1.177087363019872E-05   5.628348061787534E-06  -3.359843844170051E-05   2.084683713497470E-05  -9.061236862551003E-05   4.315650977385521E-05   3.123447478768748E-05  -5.107296010542640E-05  -2.115640049420955E-05  -5.468542199881015E-05  -7.277934181460413E-05   0.000000000000000E+00   0.000000000000000E+00   0.000000000000000E+00   0.000000000000000E+00   0.000000000000000E+00   0.000000000000000E+00   0.000000000000000E+00   0.000000000000000E+00   0.000000000000000E+00  -5.087359702211335E-05   0.000000000000000E+00   0.000000000000000E+00   0.000000000000000E+00   0.000000000000000E+00   0.000000000000000E+00   0.000000000000000E+00   0.000000000000000E+00   0.000000000000000E+00   0.000000000000000E+00   0.000000000000000E+00   0.000000000000000E+00   0.000000000000000E+00   0.000000000000000E+00   0.000000000000000E+00   0.000000000000000E+00   0.000000000000000E+00   0.000000000000000E+00   0.000000000000000E+00   0.000000000000000E+00   0.000000000000000E+00   0.000000000000000E+00   0.000000000000000E+00   0.000000000000000E+00   0.000000000000000E+00   0.000000000000000E+00   0.000000000000000E+00   0.000000000000000E+00   0.000000000000000E+00   0.000000000000000E+00   0.000000000000000E+00   0.000000000000000E+00   0.000000000000000E+00   0.000000000000000E+00   0.000000000000000E+00   0.000000000000000E+00   0.000000000000000E+00   0.000000000000000E+00   0.000000000000000E+00   0.000000000000000E+00   0.000000000000000E+00   0.000000000000000E+00  -9.757924800438492E-06   1.040005879750507E-05  -8.255571943488557E-06   1.825679046672193E-05   0.000000000000000E+00   0.000000000000000E+00   0.000000000000000E+00   0.000000000000000E+00   0.000000000000000E+00   0.000000000000000E+00   0.000000000000000E+00   0.000000000000000E+00   0.000000000000000E+00   0.000000000000000E+00   0.000000000000000E+00   0.000000000000000E+00   0.000000000000000E+00   0.000000000000000E+00  -4.152044992479787E-05  -1.355490308092540E-06   2.582009557866915E-05  -8.780608328399707E-06   4.868117655253710E-05   0.000000000000000E+00   0.000000000000000E+00   0.000000000000000E+00   0.000000000000000E+00   0.000000000000000E+00   0.000000000000000E+00   0.000000000000000E+00   0.000000000000000E+00   0.000000000000000E+00   0.000000000000000E+00   0.000000000000000E+00   0.000000000000000E+00   0.000000000000000E+00   6.185281000135703E-05   3.975422780896043E-06  -2.406934568585134E-07   8.204307844620341E-06  -4.108835969335702E-06   3.190398364436717E-06   2.295497173765499E-06   7.064611757225599E-06   0.000000000000000E+00   0.000000000000000E+00   0.000000000000000E+00   0.000000000000000E+00   0.000000000000000E+00   0.000000000000000E+00   0.000000000000000E+00   1.276938255183964E-04   6.157661037785161E-05   1.862846637782082E-05   1.163566590107176E-05   4.194587268488341E-05   0.000000000000000E+00   0.000000000000000E+00   0.000000000000000E+00   0.000000000000000E+00   0.000000000000000E+00   2.242805478040187E-05  -3.417733201152924E-05  -5.289470955633873E-05  -9.303116449863510E-05  -7.281650877372251E-09   3.432871289160530E-09   7.652507519168950E-09   9.359588685657292E-09   0.000000000000000E+00   5.095663995563215E-05   1.683394905386950E-05   4.580160082302905E-05   5.084651495033998E-05   7.576688868495416E-04   0.000000000000000E+00  -8.710743847754437E-05
   3.327235201233211E-02   3.004741520908738E-02  -3.232346771198964E-02  -3.263831223308481E-02   1.334331451798862E-02   1.131790642132452E-02  -3.635290798081449E-03  -2.049404927317622E-02   2.906468792529823E-01   1.616227725963544E-01  -3.020213062522204E-01  -3.986017369000622E-02   5.921690993174552E-04   6.721648423709754E-04  -8.850010118091366E-04  -5.751278562753877E-04   3.906053220862454E-02   1.807795210392839E-02   2.078198213255000E-02  -5.718091253390958E-02  -3.845284329455076E-04   1.000000000000000E+00   0.000000000000000E+00   0.000000000000000E+00   0.000000000000000E+00   2.569138411093506E-02   1.300431325421351E-02  -3.897097647689997E-02   1.388058733107606E-02   9.261687031820715E-05   1.284562595854193E-04  -2.366347757457888E-04  -4.722918678687765E-05   2.434449898375035E-05   6.429170190323632E-04   2.691989942917020E-04   6.470756523458947E-04  -1.153839507339672E-03   3.148679662453143E-01  -1.123978287684189E-03   2.711337501907338E-01  -2.440359440736579E-01  -4.298818111884938E-01  -1.193496363487281E-02   4.783812563012234E-04   3.664464882303188E-04  -9.509607798158285E-04   1.469272788055997E-04  -1.654129818565724E-05  -2.339791702159305E-05   4.307445903638888E-05   7.971843819351731E-06   1.200262502661723E-04   1.327168963026706E-05   2.358302877490568E-04  -2.274972772551898E-04   5.114018612952608E-06   2.663412154053839E-02  -1.124585724406776E-02   4.134207526961852E-02  -1.315311211297640E-02  -2.462517485831539E-05  -1.451766102443972E-06   4.535578311744999E-06  -1.551436200879754E-06   1.214376960441760E-05  -5.076038819638192E-06   1.097126988765504E-05  -5.014330553537679E-08  -2.389431357540651E-06   6.024434484314029E-04  -1.707300938336171E-04   1.115515889962447E-03  -5.854098293322570E-04   6.116173260604235E-05  -9.685138935337300E-03   5.965795663435513E-05   4.982854507619097E-06  -9.367041147431962E-06   2.612699863222180E-05  -5.854523173729230E-06   0.000000000000000E+00   0.000000000000000E+00   0.000000000000000E+00   0.000000000000000E+00   3.708436278391033E-05   0.000000000000000E+00   0.000000000000000E+00   0.000000000000000E+00   0.000000000000000E+00   0.000000000000000E+00   0.000000000000000E+00   0.000000000000000E+00   0.000000000000000E+00   0.000000000000000E+00   0.000000000000000E+00   0.000000000000000E+00   0.000000000000000E+00   0.000000000000000E+00   0.000000000000000E+00   0.000000000000000E+00   0.000000000000000E+00   0.000000000000000E+00   0.000000000000000E+00   0.000000000000000E+00   0.000000000000000E+00   0.000000000000000E+00   0.000000000000000E+00   0.000000000000000E+00   0.000000000000000E+00   1.611473687178118E-06   7.533514395740590E-07  -5.371340934010687E-07   4.091564558226818E-07   3.131315890671702E-13   1.597342839803630E-13  -5.235998119370038E-14   1.212892823988899E-13   0.000000000000000E+00   0.000000000000000E+00   0.000000000000000E+00   0.000000000000000E+00   0.000000000000000E+00   0.000000000000000E+00   0.000000000000000E+00   0.000000000000000E+00   0.000000000000000E+00  -3.142479989663487E-06  -3.286775624339828E-05   1.985802277088764E-05  -1.332907653250357E-05   3.137548560015257E-06  -2.623068781862145E-05   4.948121988088917E-06  -1.694888711146557E-05   0.000000000000000E+00   0.000000000000000E+00   0.000000000000000E+00   0.000000000000000E+00   0.000000000000000E+00   0.000000000000000E+00   0.000000000000000E+00   0.000000000000000E+00   0.000000000000000E+00   0.000000000000000E+00   3.265027324396129E-05  -2.403049795958361E-05  -3.863062094563239E-05   1.244514270314724E-05  -1.724933182724320E-05  -4.245854026604691E-07  -3.040051715766711E-05  -2.564153841731975E-06  -2.112145581353894E-05   0.000000000000000E+00   0.000000000000000E+00   0.000000000000000E+00   0.000000000000000E+00   0.000000000000000E+00   0.000000000000000E+00   0.000000000000000E+00   0.000000000000000E+00   0.000000000000000E+00   8.287532154743498E-05   2.398813137338802E-04  -4.005965845753604E-05   7.259327511810045E-05  -2.590632852140942E-05  -3.216616432746676E-05  -9.691902071611955E-06  -1.793720088368703E-05   0.000000000000000E+00   0.000000000000000E+00   0.000000000000000E+00   0.000000000000000E+00   0.000000000000000E+00   0.000000000000000E+00   0.000000000000000E+00  -5.356563132849402E-04   1.122564299783215E-04   2.907068790261068E-04   5.590249222801351E-05   1.001800177685587E-04  -1.007855660096014E-05  -3.522042817269240E-05  -2.251369916170863E-05  -2.197531849408952E-05   0.000000000000000E+00   7.972555728705133E-04   1.458973315655027E-03   7.343814647060065E-04   2.294818152482316E-04  -2.229584976356045E-05  -3.180446270079030E-05  -3.096982123475068E-05  -1.506754247551729E-05  -1.826087081552258E-06   3.594831971893834E-05   1.119615336745823E-04   1.077281023887183E-04   2.328008321300866E-05  -6.146149343259563E-03   2.319122369086418E-06  -2.250417668439753E-05
  -3.004741520908738E-02  -1.545974347037122E-02   3.184084964120319E-02   3.215099325406900E-02  -1.131790642132452E-02  -5.061021062217290E-03   3.308056471309326E-03   1.864925698853097E-02  -1.616227725963544E-01   6.094938451491791E-02   2.083104658626830E-01   2.749240261810705E-02  -6.721648423709754E-04  -5.310100414000261E-04   9.735047107422294E-04   6.326429799426241E-04  -1.807795210392839E-02   7.702860673920924E-03  -1.053209505794551E-02   2.897869907047735E-02   3.794686773163530E-04   0.000000000000000E+00   1.000000000000000E+00   0.000000000000000E+00   0.000000000000000E+00  -1.300431325421351E-02   3.515561228943415E-03   2.139920609581104E-02  -7.621917023420412E-03  -1.284562595854193E-04  -8.832313650196109E-05   2.434913040153992E-04   4.859765958777660E-05   5.733249339724676E-05  -2.691989942917020E-04   1.153760097672948E-04  -2.643768561995308E-04   4.714262704884068E-04   1.123978287684189E-03   1.910074107573720E-01   1.216022540731113E-03  -1.094490112475518E-03  -2.047161857536846E-01   2.378398199507434E-03  -3.664464882303188E-04  -9.614525583992011E-05   6.921181075948215E-04  -1.069350411913757E-04   2.339791702159305E-05  -3.443247770570914E-06  -1.114901228534123E-05  -2.063361599125146E-06  -1.327168963026706E-05   5.194152775189040E-05  -2.035456849670208E-05   1.963534436947022E-05   3.640339301440655E-05   1.124585724406776E-02   5.928789136621432E-03   1.895025530809554E-02  -6.029083712207338E-03   1.451766102443972E-06  -1.492184456113897E-05   3.235433676482654E-05  -1.106709792275520E-05   5.076038819638192E-06   9.421071448830169E-06  -2.265751351971486E-05   1.035543409946889E-07  -2.698752573432070E-05   1.707300938336171E-04   1.648497777965447E-04   3.068124148327700E-04  -1.610116046041405E-04  -1.219334171831073E-06  -7.167849160711983E-03   1.019374726599301E-06   9.367041147431962E-06   3.275320421028115E-06  -2.021193134807790E-05   4.529078220152365E-06   0.000000000000000E+00   0.000000000000000E+00   0.000000000000000E+00   0.000000000000000E+00  -1.503642384673456E-05   0.000000000000000E+00   0.000000000000000E+00   0.000000000000000E+00   0.000000000000000E+00   0.000000000000000E+00   0.000000000000000E+00   0.000000000000000E+00   0.000000000000000E+00   0.000000000000000E+00   0.000000000000000E+00   0.000000000000000E+00   0.000000000000000E+00   0.000000000000000E+00   0.000000000000000E+00   0.000000000000000E+00   0.000000000000000E+00   0.000000000000000E+00   0.000000000000000E+00   0.000000000000000E+00   0.000000000000000E+00   0.000000000000000E+00   0.000000000000000E+00   0.000000000000000E+00   0.000000000000000E+00  -7.533514395740590E-07   1.904779559180291E-06  -1.200650389316593E-06   9.145832744749819E-07  -1.597342839803630E-13   3.827573420277161E-13  -1.109496797377898E-13   2.570093940255701E-13   0.000000000000000E+00   0.000000000000000E+00   0.000000000000000E+00   0.000000000000000E+00   0.000000000000000E+00   0.000000000000000E+00   0.000000000000000E+00   0.000000000000000E+00   0.000000000000000E+00   3.286775624339828E-05   3.354810478463824E-05  -2.423372269581169E-05   1.626612821461198E-05   2.623068781862145E-05   4.101641508948519E-05  -8.607424110925680E-06   2.948315743382289E-05   0.000000000000000E+00   0.000000000000000E+00   0.000000000000000E+00   0.000000000000000E+00   0.000000000000000E+00   0.000000000000000E+00   0.000000000000000E+00   0.000000000000000E+00   0.000000000000000E+00   0.000000000000000E+00  -6.116081858285981E-05   3.863062094563239E-05  -2.331958545702644E-05   4.362410264139165E-06  -6.046428233697837E-06   3.040051715766711E-05   3.739834309147270E-05   3.640270851307463E-06   2.998565011343857E-05   0.000000000000000E+00   0.000000000000000E+00   0.000000000000000E+00   0.000000000000000E+00   0.000000000000000E+00   0.000000000000000E+00   0.000000000000000E+00   0.000000000000000E+00   0.000000000000000E+00  -2.398813137338802E-04  -4.625696023796666E-04   8.401548426662950E-05  -1.522469086952621E-04   3.216616432746676E-05  -3.825689893906670E-05  -8.747004298527962E-06  -1.618843979993650E-05   0.000000000000000E+00   0.000000000000000E+00   0.000000000000000E+00   0.000000000000000E+00   0.000000000000000E+00   0.000000000000000E+00   0.000000000000000E+00   1.004242354402783E-03  -2.907068790261068E-04  -5.297947887490694E-04  -1.115874030208069E-04  -1.999701188951625E-04   3.522042817269240E-05   1.849997834867050E-05   1.714197327797519E-05   1.673204921567796E-05   0.000000000000000E+00  -1.458973315655027E-03  -2.370128944657150E-03  -1.332686960743987E-03  -4.164421865298711E-04   3.180446270079030E-05  -1.151658706192775E-05  -1.562105760296046E-06  -7.600009930990605E-07  -2.353988177572337E-06  -1.119615336745823E-04  -1.769090112856427E-04  -1.931168412561419E-04  -4.173262161487013E-05   1.037692714193821E-02  -3.419010213488244E-05   1.120847300853670E-04
   3.232346771198964E-02   3.184084964120319E-02  -2.011371531011083E-02  -3.458638904959774E-02   3.635290798081449E-03   3.308056471309326E-03   4.175551049620000E-03  -5.990107162728136E-03   3.020213062522204E-01   2.083104658626830E-01  -2.168416631641488E-01  -5.137451373557211E-02   8.850010118091366E-04   9.735047107422294E-04  -1.073383967365536E-03  -8.329648355130127E-04  -2.078198213255000E-02  -1.053209505794551E-02   4.757136063273227E-03   3.331322059296399E-02  -1.116303101651766E-04   0.000000000000000E+00   0.000000000000000E+00   1.000000000000000E+00   0.000000000000000E+00   3.897097647689997E-02   2.139920609581104E-02  -5.347225504195328E-02   2.284115610121578E-02   2.366347757457888E-04   2.434913040153992E-04  -4.046905938597854E-04  -8.952382947657475E-05  -6.750398361920222E-05  -6.470756523458947E-04  -2.643768561995308E-04  -4.101215184829393E-04   1.133170880938470E-03  -2.711337501907338E-01   1.216022540731113E-03  -1.023248443515646E-01   2.640204103529320E-01   6.667370334349298E-02  -1.617987006241101E-02   9.509607798158285E-04   6.921181075948215E-04  -1.625549288985317E-03   2.775058117000526E-04  -4.307445903638888E-05  -1.114901228534123E-05   1.102544669545577E-05   3.798551152940309E-06  -2.358302877490568E-04  -2.035456849670208E-05  -3.086019590209629E-04   3.489087706017132E-04   4.841163716826863E-05  -4.134207526961852E-02   1.895025530809554E-02  -5.858138988684557E-02   2.216414695895147E-02  -4.535578311744999E-06   3.235433676482654E-05  -1.056465035671513E-04   3.457560362368623E-05  -1.097126988765504E-05  -2.265751351971486E-05   4.790979019397031E-05  -2.238207120669682E-07   4.469907207065458E-05  -1.115515889962447E-03   3.068124148327700E-04  -1.792842718078624E-03   1.052017247640636E-03  -3.536422150672274E-05   1.596288868017202E-02  -4.453990685722802E-06  -2.612699863222180E-05  -2.021193134807790E-05   5.240503128184160E-05  -1.263272132583593E-05   0.000000000000000E+00   0.000000000000000E+00   0.000000000000000E+00   0.000000000000000E+00   7.185131112404043E-05   0.000000000000000E+00   0.000000000000000E+00   0.000000000000000E+00   0.000000000000000E+00   0.000000000000000E+00   0.000000000000000E+00   0.000000000000000E+00   0.000000000000000E+00   0.000000000000000E+00   0.000000000000000E+00   0.000000000000000E+00   0.000000000000000E+00   0.000000000000000E+00   0.000000000000000E+00   0.000000000000000E+00   0.000000000000000E+00   0.000000000000000E+00   0.000000000000000E+00   0.000000000000000E+00   0.000000000000000E+00   0.000000000000000E+00   0.000000000000000E+00   0.000000000000000E+00   0.000000000000000E+00   5.371340934010687E-07  -1.200650389316593E-06   1.076875718716713E-06  -6.520912182137100E-07   5.235998119370038E-14  -1.109496797377898E-13   8.065248032042188E-14  -8.424620377324587E-14   0.000000000000000E+00   0.000000000000000E+00   0.000000000000000E+00   0.000000000000000E+00   0.000000000000000E+00   0.000000000000000E+00   0.000000000000000E+00   0.000000000000000E+00   0.000000000000000E+00  -1.985802277088764E-05  -2.423372269581169E-05   8.079481092023924E-06  -9.827660339449610E-06  -4.948121988088917E-06  -8.607424110925680E-06  -2.989052885445732E-06  -5.561663521191389E-06   0.000000000000000E+00   0.000000000000000E+00   0.000000000000000E+00   0.000000000000000E+00   0.000000000000000E+00   0.000000000000000E+00   0.000000000000000E+00   0.000000000000000E+00   0.000000000000000E+00   0.000000000000000E+00   4.380566836142742E-05  -1.244514270314724E-05   4.362410264139165E-06  -1.118373222992680E-05   1.947901958878965E-06   2.564153841731975E-06   3.640270851307463E-06  -5.453537923357087E-06   2.529161577628391E-06   0.000000000000000E+00   0.000000000000000E+00   0.000000000000000E+00   0.000000000000000E+00   0.000000000000000E+00   0.000000000000000E+00   0.000000000000000E+00   0.000000000000000E+00   0.000000000000000E+00   4.005965845753604E-05   8.401548426662950E-05   2.649326847742638E-05   2.542490312652676E-05   9.691902071611955E-06  -8.747004298527962E-06  -1.186226438806502E-05  -4.877696067081133E-06   0.000000000000000E+00   0.000000000000000E+00   0.000000000000000E+00   0.000000000000000E+00   0.000000000000000E+00   0.000000000000000E+00   0.000000000000000E+00  -3.118356768975594E-04  -5.590249222801351E-05  -1.115874030208069E-04   2.902940318940817E-05  -3.845395077963686E-05   2.251369916170863E-05   1.714197327797519E-05   2.640616882284787E-06   1.069550661206172E-05   0.000000000000000E+00  -7.343814647060065E-04  -1.332686960743987E-03  -3.933349015323290E-04  -2.096182429298738E-04   3.096982123475068E-05  -1.562105760296046E-06  -1.143349387866484E-05  -7.400563598870676E-07  -1.607716281803840E-06  -1.077281023887183E-04  -1.931168412561419E-04  -1.620179934150983E-04  -4.015464942936028E-05   4.467821914753272E-03  -4.445397480146987E-05   1.603232283206479E-04
   3.263831223308481E-02   3.215099325406900E-02  -3.458638904959774E-02  -2.078423824827911E-02   2.049404927317622E-02   1.864925698853097E-02  -5.990107162728136E-03  -2.853129689567995E-02   3.986017369000622E-02   2.749240261810705E-02  -5.137451373557211E-02   1.656437135514908E-01   5.751278562753877E-04   6.326429799426241E-04  -8.329648355130127E-04  -3.329375444163993E-04   5.718091253390958E-02   2.897869907047735E-02   3.331322059296399E-02  -7.479560516068412E-02  -6.835695516057620E-04   0.000000000000000E+00   0.000000000000000E+00   0.000000000000000E+00   1.000000000000000E+00  -1.388058733107606E-02  -7.621917023420412E-03   2.284115610121578E-02   2.520803436121809E-03   4.722918678687765E-05   4.859765958777660E-05  -8.952382947657475E-05   2.598738445133978E-05  -6.228858155229692E-05   1.153839507339672E-03   4.714262704884068E-04   1.133170880938470E-03  -1.795262016418105E-03   2.440359440736579E-01  -1.094490112475518E-03   2.640204103529320E-01  -4.662107801223128E-02   4.111180754155088E-01   1.376247001465560E-02  -1.469272788055997E-04  -1.069350411913757E-04   2.775058117000526E-04   1.276821413784292E-04  -7.971843819351731E-06  -2.063361599125146E-06   3.798551152940309E-06  -8.796355225716972E-06   2.274972772551898E-04   1.963534436947022E-05   3.489087706017132E-04  -2.834931467411253E-04  -1.335334245739940E-04   1.315311211297640E-02  -6.029083712207338E-03   2.216414695895147E-02   4.032037621495634E-03   1.551436200879754E-06  -1.106709792275520E-05   3.457560362368623E-05  -1.639264129053277E-05   5.014330553537679E-08   1.035543409946889E-07  -2.238207120669682E-07  -1.060777621494626E-06   1.631379535358737E-05   5.854098293322570E-04  -1.610116046041405E-04   1.052017247640636E-03  -3.402789524102004E-04   3.453693757190580E-05   1.271526719296020E-03   2.643821883221398E-06   5.854523173729230E-06   4.529078220152365E-06  -1.263272132583593E-05  -1.140320061873208E-06   0.000000000000000E+00   0.000000000000000E+00   0.000000000000000E+00   0.000000000000000E+00  -2.964112925401786E-05   0.000000000000000E+00   0.000000000000000E+00   0.000000000000000E+00   0.000000000000000E+00   0.000000000000000E+00   0.000000000000000E+00   0.000000000000000E+00   0.000000000000000E+00   0.000000000000000E+00   0.000000000000000E+00   0.000000000000000E+00   0.000000000000000E+00   0.000000000000000E+00   0.000000000000000E+00   0.000000000000000E+00   0.000000000000000E+00   0.000000000000000E+00   0.000000000000000E+00   0.000000000000000E+00   0.000000000000000E+00   0.000000000000000E+00   0.000000000000000E+00   0.000000000000000E+00   0.000000000000000E+00  -4.091564558226818E-07   9.145832744749819E-07  -6.520912182137100E-07   7.175446110846952E-07  -1.212892823988899E-13   2.570093940255701E-13  -8.424620377324587E-14   2.394359374130472E-13   0.000000000000000E+00   0.000000000000000E+00   0.000000000000000E+00   0.000000000000000E+00   0.000000000000000E+00   0.000000000000000E+00   0.000000000000000E+00   0.000000000000000E+00   0.000000000000000E+00   1.332907653250357E-05   1.626612821461198E-05  -9.827660339449610E-06   3.447347730920311E-08   1.694888711146557E-05   2.948315743382289E-05  -5.561663521191389E-06   1.443771555052495E-05   0.000000000000000E+00   0.000000000000000E+00   0.000000000000000E+00   0.000000000000000E+00   0.000000000000000E+00   0.000000000000000E+00   0.000000000000000E+00   0.000000000000000E+00   0.000000000000000E+00   0.000000000000000E+00  -1.342722138632530E-05   1.724933182724320E-05  -6.046428233697837E-06   1.947901958878965E-06  -1.247819831619957E-05   2.112145581353894E-05   2.998565011343857E-05   2.529161577628391E-06   1.507263820011489E-05   0.000000000000000E+00   0.000000000000000E+00   0.000000000000000E+00   0.000000000000000E+00   0.000000000000000E+00   0.000000000000000E+00   0.000000000000000E+00   0.000000000000000E+00   0.000000000000000E+00  -7.259327511810045E-05  -1.522469086952621E-04   2.542490312652676E-05  -5.549536375881370E-06   1.793720088368703E-05  -1.618843979993650E-05  -4.877696067081133E-06  -1.825407988432769E-05   0.000000000000000E+00   0.000000000000000E+00   0.000000000000000E+00   0.000000000000000E+00   0.000000000000000E+00   0.000000000000000E+00   0.000000000000000E+00   1.170049276613737E-04  -1.001800177685587E-04  -1.999701188951625E-04  -3.845395077963686E-05  -1.842388095783233E-05   2.197531849408952E-05   1.673204921567796E-05   1.069550661206172E-05   2.122817417847335E-06   0.000000000000000E+00  -2.294818152482316E-04  -4.164421865298711E-04  -2.096182429298738E-04   2.119775355347271E-04   1.506754247551729E-05  -7.600009930990605E-07  -7.400563598870676E-07  -1.027243704055420E-05  -1.870871163145764E-06  -2.328008321300866E-05  -4.173262161487013E-05  -4.015464942936028E-05   1.511937951139239E-05  -1.217540518977955E-03  -1.978629026380359E-05   1.252656308500635E-06
   2.974597654064694E-02   1.147617017778646E-02   1.684373712890319E-02  -4.518898847465389E-02   5.832854550296604E-04   1.854039456801260E-04   6.103721777853742E-04  -1.056367125787848E-03   2.928852005084044E-01  -2.239140445733902E-02   2.510378051762332E-01  -2.381496089357310E-01   1.064379386731465E-02   8.425481692662237E-03  -2.484561539877356E-03  -1.706245675513643E-02   8.600862688078893E-05  -5.115094226920281E-06   1.870550716993000E-04  -1.806672411234674E-04   2.086704207868171E-05   2.569138411093506E-02  -1.300431325421351E-02   3.897097647689997E-02  -1.388058733107606E-02   1.000000000000000E+00   0.000000000000000E+00   0.000000000000000E+00   0.000000000000000E+00   3.566529968218150E-02   2.980051735652748E-02  -3.361348066170707E-02  -3.740900652680538E-02  -2.937464360475468E-04  -1.367360766017278E-05   1.613623894026365E-07  -3.502543456011866E-05   3.441411587396708E-05   4.755926209322708E-04  -2.057536607790947E-04   8.884662834893037E-04  -4.661759907476268E-04  -1.120324945421325E-02  -4.485502630593836E-01   3.050691820242050E-01   1.517070021897126E-01  -3.156355752417974E-01  -6.867701753465234E-02   8.641715603955958E-04   9.228559255853150E-04  -1.268612424772882E-03  -8.386679444660135E-04   1.154703416589792E-05   1.255640149487509E-06  -1.121027740755643E-05   7.870541594954955E-06  -2.653245373669952E-06  -2.632797940663553E-05   4.837922801885466E-06  -1.599127588250602E-05   5.388541168680668E-06   3.380723667661321E-02   1.555561448204821E-02  -5.081688318414775E-02   1.664570622646319E-02   1.057017398979037E-04   1.405325263082685E-04  -2.584944464151205E-04  -5.589339359074942E-05   3.541381604377168E-07   5.526682642895422E-06   5.534723287216329E-06  -2.437133997821326E-05   1.110531065203292E-05   0.000000000000000E+00   6.225397596344506E-05  -1.962191391509630E-02   6.540836796037461E-04   4.776431357818605E-04  -1.273991119543762E-03   1.743139020699827E-04  -1.596681335331027E-05  -2.326154507668384E-05   4.294138146702325E-05   8.827556436731229E-06   0.000000000000000E+00  -2.323703828975588E-05   5.595777387540562E-07  -2.088648399880801E-06   6.104211656959112E-07   1.155014062577129E-05  -5.647791303779372E-06   1.253110021169199E-05   1.830142100170237E-07  -6.542064459096757E-06   3.007796554330927E-06  -9.466451778635990E-06   2.989876144967784E-05  -5.482737761719790E-06   6.162261462409034E-05   0.000000000000000E+00   0.000000000000000E+00  -5.348718509899372E-07  -3.083320258281599E-05   5.883060952472917E-06  -2.007635824365770E-05   1.388504796303355E-06   6.740099427356046E-07  -2.169041526265244E-07   5.141545026509908E-07  -2.556984667686004E-05  -3.447350033063916E-05   1.156218864596874E-05  -1.573483270475240E-05  -2.053573320850427E-06  -3.193768006757077E-05  -2.807847330517195E-06  -2.271842251152468E-05   0.000000000000000E+00   0.000000000000000E+00   0.000000000000000E+00   0.000000000000000E+00   0.000000000000000E+00  -5.609796263346913E-06  -3.502106274913696E-05   2.130038789650673E-05  -1.425870600181328E-05   7.533707600262803E-05   2.270489031713507E-04  -3.573179214328278E-05   6.401418254379456E-05  -2.670247252083818E-05  -2.635599943492630E-05  -7.966942916227541E-06  -1.508897803211392E-05   0.000000000000000E+00   0.000000000000000E+00   0.000000000000000E+00   0.000000000000000E+00   0.000000000000000E+00   5.755242853465142E-06   2.505588023916233E-06  -1.805091336977616E-06   1.410319460231818E-06   3.778373206001660E-05  -2.289021576879052E-04   1.015187247150849E-04   2.721617712052420E-04   5.285315631416422E-05   8.890359531200710E-05  -1.555003926492192E-05  -3.689022268421806E-05  -2.369718340256858E-05  -2.314083302279665E-05   0.000000000000000E+00   0.000000000000000E+00   0.000000000000000E+00   0.000000000000000E+00   0.000000000000000E+00   0.000000000000000E+00   0.000000000000000E+00   0.000000000000000E+00   0.000000000000000E+00   7.855361898081002E-04   1.450535028314348E-03   7.138397375550616E-04   1.805787129850054E-04  -2.247464492784647E-05  -3.168282138806940E-05  -3.110808478213773E-05  -1.433513866037311E-05  -6.470064945631428E-06   0.000000000000000E+00   0.000000000000000E+00   0.000000000000000E+00   0.000000000000000E+00   0.000000000000000E+00   0.000000000000000E+00  -4.613482192402790E-03   4.071355444837401E-05   1.194352585164099E-04   1.152850361634457E-04   2.023536720919150E-05   1.092244033858541E-05  -8.505006605224882E-06  -1.204589461142967E-05  -4.500514587398526E-06   0.000000000000000E+00  -2.355972299361093E-06   3.687263144800013E-05   5.822429828452114E-05  -4.513699167562827E-06   1.408948004955410E-05  -2.631461923199613E-06  -5.277850700770854E-06  -8.406877732712029E-07   0.000000000000000E+00  -9.055603589777052E-06  -1.904936445352771E-05  -4.238581691652525E-05   1.261574650288091E-06  -1.471560389471611E-04   0.000000000000000E+00  -1.570434307401965E-06
  -1.147617017778646E-02   7.688466475196143E-03  -7.070869654331805E-03   1.896998539398283E-02  -1.854039456801260E-04   1.483712513209469E-04  -1.877711051344542E-04   3.249742204118601E-04   2.239140445733902E-02   1.719872512165800E-01   2.383233873505817E-02  -2.260879450325641E-02  -8.425481692662237E-03  -3.024883135224554E-03   2.103102713481185E-03   1.444282966005910E-02   5.115094226920281E-06   4.137660082740779E-05   8.125439056651512E-06  -7.847959662072032E-06   2.701057428034105E-05   1.300431325421351E-02   3.515561228943415E-03   2.139920609581104E-02  -7.621917023420412E-03   0.000000000000000E+00   1.000000000000000E+00   0.000000000000000E+00   0.000000000000000E+00  -2.980051735652748E-02  -1.194582793287942E-02   3.068592584653487E-02   3.415088166045911E-02   2.736052916435423E-04  -1.613623894026365E-07  -9.039891742532776E-06  -8.865981127243693E-08   8.711238152539173E-08   2.057536607790947E-04   8.511028555248262E-05   3.649909892996334E-04  -1.915098402862032E-04  -9.146602991865288E-03  -2.040961374324309E-01  -1.517070021897126E-01   8.912228637822914E-02   1.961691424986125E-01   4.268312159937693E-02  -9.228559255853150E-04  -6.822956223086455E-04   1.350698679674749E-03   8.929344086146579E-04  -1.255640149487509E-06  -8.345350253425178E-07  -4.513453044784058E-06   3.168817205353372E-06  -3.158440605259721E-06  -4.837922801885466E-06  -1.380924510016735E-05   2.415586579128054E-05  -8.139743084780165E-06  -1.555561448204821E-02   6.578311052324712E-03   2.551454613926948E-02  -8.357608985910949E-03  -1.405325263082685E-04  -9.406716805338953E-05   2.618409044013397E-04   5.661698706036802E-05   7.963953855201899E-05  -5.534723287216329E-06  -1.056760668993972E-06  -1.197019023977163E-05   5.454467472672059E-06   0.000000000000000E+00   1.566364666542540E-05   2.643571655163897E-03  -4.776431357818605E-04  -1.117099113924522E-04   9.090540293480264E-04  -1.243813654720314E-04   2.326154507668384E-05  -2.918040021356647E-06  -1.199777466864857E-05  -2.466409542133937E-06   0.000000000000000E+00  -5.595777387540562E-07  -1.193433035180316E-05   3.187312793465796E-05  -9.315130258093789E-06   5.647791303779372E-06   8.900815132422707E-06  -2.271893458576280E-05  -3.318054915690761E-07  -2.426774376010257E-05   9.466451778635990E-06   1.202274360393066E-06  -1.850461195060352E-05   3.393315635442097E-06  -1.083686100160303E-06   0.000000000000000E+00   0.000000000000000E+00   3.083320258281599E-05   3.816907530550912E-05  -8.388339378801532E-06   2.862579663863783E-05  -6.740099427356046E-07   1.739391373806128E-06  -4.983870067196557E-07   1.181387817912735E-06   3.447350033063916E-05  -3.617148716518032E-05   8.983142563111258E-06  -1.222504231002827E-05   3.193768006757077E-05   3.515609852651780E-05   3.640141831850089E-06   2.945255578500881E-05   0.000000000000000E+00   0.000000000000000E+00   0.000000000000000E+00   0.000000000000000E+00   0.000000000000000E+00   3.502106274913696E-05   3.028654079311202E-05  -2.282139575835090E-05   1.527688482718759E-05  -2.270489031713507E-04  -4.474384765241562E-04   7.638346371101622E-05  -1.368424222808959E-04   2.635599943492630E-05  -5.157957494206071E-05  -1.304276847279497E-05  -2.470232924138233E-05   0.000000000000000E+00   0.000000000000000E+00   0.000000000000000E+00   0.000000000000000E+00   0.000000000000000E+00  -2.505588023916233E-06   6.890922919611561E-06  -4.416541816371279E-06   3.450648032572790E-06  -6.024063519288680E-05   5.077715537870755E-04  -2.721617712052420E-04  -5.046189968828215E-04  -1.070985309076749E-04  -1.801490225811687E-04   3.689022268421806E-05   7.913935827672008E-06   1.109269843569523E-05   1.083226972218299E-05   0.000000000000000E+00   0.000000000000000E+00   0.000000000000000E+00   0.000000000000000E+00   0.000000000000000E+00   0.000000000000000E+00   0.000000000000000E+00   0.000000000000000E+00   0.000000000000000E+00  -1.450535028314348E-03  -2.379888114829521E-03  -1.305789599494123E-03  -3.303231704548617E-04   3.168282138806940E-05  -1.211064744689878E-05  -2.163307722789448E-06  -9.968892777690200E-07  -9.256700359478032E-06   0.000000000000000E+00   0.000000000000000E+00   0.000000000000000E+00   0.000000000000000E+00   0.000000000000000E+00   0.000000000000000E+00   7.846964960116633E-03  -1.194352585164099E-04  -1.846835836642887E-04  -2.029477137507030E-04  -3.562232921702903E-05   8.505006605224882E-06   1.717535845253111E-05   2.662307040801693E-05   9.946751204259261E-06   0.000000000000000E+00  -3.687263144800013E-05  -6.368025838928783E-05  -1.134723418794010E-04   8.796671324051308E-06   2.631461923199613E-06   1.049290530284653E-05   2.118983174176581E-05   3.375243725703482E-06   0.000000000000000E+00   1.904936445352771E-05   4.254549917585928E-07   1.893817385932619E-05  -5.636772345505886E-07   1.852496983036077E-04   0.000000000000000E+00  -1.580935142997773E-05
  -1.684373712890319E-02  -7.070869654331805E-03   2.128058026846163E-03   2.784251560976856E-02  -6.103721777853742E-04  -1.877711051344542E-04  -4.127573831189141E-04   1.069854376125899E-03  -2.510378051762332E-01   2.383233873505817E-02  -9.307963439740805E-02   2.534750404152393E-01   2.484561539877356E-03   2.103102713481185E-03   3.486843691431170E-03  -4.258996744558154E-03  -1.870550716993000E-04   8.125439056651512E-06  -2.555422785152024E-04   2.869938640731469E-04   4.375833032875241E-05  -3.897097647689997E-02   2.139920609581104E-02  -5.347225504195328E-02   2.284115610121578E-02   0.000000000000000E+00   0.000000000000000E+00   1.000000000000000E+00   0.000000000000000E+00   3.361348066170707E-02   3.068592584653487E-02  -1.935295341737579E-02  -3.852047219652203E-02  -9.727706744895794E-05   3.502543456011866E-05  -8.865981127243693E-08   1.020426124657667E-05  -1.890867524823504E-05  -8.884662834893037E-04   3.649909892996334E-04  -1.406434093024927E-03   8.269599452395305E-04   1.789937108784112E-02   9.813194859660089E-02   3.156355752417974E-01   1.961691424986125E-01  -2.247327690569291E-01  -8.880481088333375E-02   1.268612424772882E-03   1.350698679674749E-03  -1.556476223309084E-03  -1.227480535011267E-03   1.121027740755643E-05  -4.513453044784058E-06   3.895575132771062E-05  -2.829100354934326E-05  -3.302643034610502E-05   1.599127588250602E-05   2.415586579128054E-05  -8.634607500253790E-05   2.690511664028858E-05   5.081688318414775E-02   2.551454613926948E-02  -6.896199614953724E-02   2.730253054457923E-02   2.584944464151205E-04   2.618409044013397E-04  -4.333434563839801E-04  -1.041408498966177E-04  -9.663907484677240E-05   2.437133997821326E-05  -1.197019023977163E-05   4.893378527780665E-05  -2.401794530245693E-05   0.000000000000000E+00  -3.970759578539634E-05  -2.549862295294231E-02   1.273991119543762E-03   9.090540293480264E-04  -2.195558063262132E-03   3.317555370888111E-04  -4.294138146702325E-05  -1.199777466864857E-05   1.273089556133474E-05   4.553052372640511E-06   0.000000000000000E+00   2.088648399880801E-06   3.187312793465796E-05  -1.223629243374707E-04   3.476913136603542E-05  -1.253110021169199E-05  -2.271893458576280E-05   4.906923757668831E-05   7.361971507090661E-07   4.083284075497630E-05  -2.989876144967784E-05  -1.850461195060352E-05   5.378821264775023E-05  -1.071741948092022E-05   6.373148826839918E-06   0.000000000000000E+00   0.000000000000000E+00  -5.883060952472917E-06  -8.388339378801532E-06  -4.193807110181693E-06  -5.461881748607514E-06   2.169041526265244E-07  -4.983870067196557E-07   3.510857138793593E-07  -3.801841891643719E-07  -1.156218864596874E-05   8.983142563111258E-06  -1.240048676936670E-05   4.100199980791321E-06   2.807847330517195E-06   3.640141831850089E-06  -5.928433837740998E-06   2.589364035298758E-06   0.000000000000000E+00   0.000000000000000E+00   0.000000000000000E+00   0.000000000000000E+00   0.000000000000000E+00  -2.130038789650673E-05  -2.282139575835090E-05   6.645060074432043E-06  -9.291653283062435E-06   3.573179214328278E-05   7.638346371101622E-05   2.590065823946800E-05   2.153555873218276E-05   7.966942916227541E-06  -1.304276847279497E-05  -1.237447651511083E-05  -7.467068264660617E-06   0.000000000000000E+00   0.000000000000000E+00   0.000000000000000E+00   0.000000000000000E+00   0.000000000000000E+00   1.805091336977616E-06  -4.416541816371279E-06   3.942258794518700E-06  -2.485937357259750E-06   4.502357280817015E-05  -1.342183666797761E-04  -5.285315631416422E-05  -1.070985309076749E-04   2.607535205114718E-05  -3.498450354787749E-05   2.369718340256858E-05   1.109269843569523E-05  -2.228830379341408E-06   6.958328348136452E-06   0.000000000000000E+00   0.000000000000000E+00   0.000000000000000E+00   0.000000000000000E+00   0.000000000000000E+00   0.000000000000000E+00   0.000000000000000E+00   0.000000000000000E+00   0.000000000000000E+00  -7.138397375550616E-04  -1.305789599494123E-03  -3.691078245671299E-04  -1.625591941615313E-04   3.110808478213773E-05  -2.163307722789448E-06  -1.203143621138441E-05  -9.788053845141603E-07  -6.655877469903885E-06   0.000000000000000E+00   0.000000000000000E+00   0.000000000000000E+00   0.000000000000000E+00   0.000000000000000E+00   0.000000000000000E+00   3.363045768792869E-03  -1.152850361634457E-04  -2.029477137507030E-04  -1.703253612608494E-04  -3.438449887431785E-05   1.204589461142967E-05   2.662307040801693E-05   3.608518253897783E-05   1.408788050311574E-05   0.000000000000000E+00  -5.822429828452114E-05  -1.134723418794010E-04  -1.710000701721340E-04   1.389051974239381E-05   5.277850700770854E-06   2.118983174176581E-05   4.242781593837697E-05   6.769633376004296E-06   0.000000000000000E+00   4.238581691652525E-05   1.893817385932619E-05   3.405252529398748E-05  -1.254210875221615E-06   3.305540852584588E-04   0.000000000000000E+00  -5.281267716614779E-05
   4.518898847465389E-02   1.896998539398283E-02   2.784251560976856E-02  -6.219083670612754E-02   1.056367125787848E-03   3.249742204118601E-04   1.069854376125899E-03  -1.646182184121157E-03   2.381496089357310E-01  -2.260879450325641E-02   2.534750404152393E-01  -6.634873236993252E-02   1.706245675513643E-02   1.444282966005910E-02  -4.258996744558154E-03  -2.514117749224772E-02   1.806672411234674E-04  -7.847959662072032E-06   2.869938640731469E-04  -2.355943830886774E-04  -1.035397178138286E-04   1.388058733107606E-02  -7.621917023420412E-03   2.284115610121578E-02   2.520803436121809E-03   0.000000000000000E+00   0.000000000000000E+00   0.000000000000000E+00   1.000000000000000E+00   3.740900652680538E-02   3.415088166045911E-02  -3.852047219652203E-02  -2.761085635775185E-02  -5.634656227268979E-04  -3.441411587396708E-05   8.711238152539173E-08  -1.890867524823504E-05   9.538351263705571E-06   4.661759907476268E-04  -1.915098402862032E-04   8.269599452395305E-04  -2.642677891694659E-04   1.188410853230134E-03   4.188257526304961E-01   6.867701753465234E-02   4.268312159937693E-02  -8.880481088333375E-02   1.640865325924547E-01   8.386679444660135E-04   8.929344086146579E-04  -1.227480535011267E-03  -5.112018360507821E-04  -7.870541594954955E-06   3.168817205353372E-06  -2.829100354934326E-05   1.852254593288573E-05   4.313609438928250E-05  -5.388541168680668E-06  -8.139743084780165E-06   2.690511664028858E-05  -1.556739841826413E-05  -1.664570622646319E-02  -8.357608985910949E-03   2.730253054457923E-02   5.445312417824513E-03   5.589339359074942E-05   5.661698706036802E-05  -1.041408498966177E-04   2.576665702024397E-05  -9.212696811338962E-05  -1.110531065203292E-05   5.454467472672059E-06  -2.401794530245693E-05   7.169092046287993E-06   0.000000000000000E+00   5.022990329876514E-06   2.236540901427178E-02  -1.743139020699827E-04  -1.243813654720314E-04   3.317555370888111E-04   1.837190042380110E-04  -8.827556436731229E-06  -2.466409542133937E-06   4.553052372640511E-06  -8.481308862142441E-06   0.000000000000000E+00  -6.104211656959112E-07  -9.315130258093789E-06   3.476913136603542E-05  -1.355658560653553E-05  -1.830142100170237E-07  -3.318054915690761E-07   7.361971507090661E-07  -1.327900980234012E-06   1.562473561871986E-05   5.482737761719790E-06   3.393315635442097E-06  -1.071741948092022E-05  -2.691272080065966E-06  -3.292838485471289E-06   0.000000000000000E+00   0.000000000000000E+00   2.007635824365770E-05   2.862579663863783E-05  -5.461881748607514E-06   1.284472902828151E-05  -5.141545026509908E-07   1.181387817912735E-06  -3.801841891643719E-07   1.091896231536859E-06   1.573483270475240E-05  -1.222504231002827E-05   4.100199980791321E-06  -1.496750798159445E-05   2.271842251152468E-05   2.945255578500881E-05   2.589364035298758E-06   1.470220190188656E-05   0.000000000000000E+00   0.000000000000000E+00   0.000000000000000E+00   0.000000000000000E+00   0.000000000000000E+00   1.425870600181328E-05   1.527688482718759E-05  -9.291653283062435E-06  -1.015357730128983E-06  -6.401418254379456E-05  -1.368424222808959E-04   2.153555873218276E-05  -6.598653608909515E-07   1.508897803211392E-05  -2.470232924138233E-05  -7.467068264660617E-06  -2.257412430447516E-05   0.000000000000000E+00   0.000000000000000E+00   0.000000000000000E+00   0.000000000000000E+00   0.000000000000000E+00  -1.410319460231818E-06   3.450648032572790E-06  -2.485937357259750E-06   2.702731277728906E-06  -1.412223839337073E-05   2.616624640479063E-05  -8.890359531200710E-05  -1.801490225811687E-04  -3.498450354787749E-05  -1.197334361419655E-05   2.314083302279665E-05   1.083226972218299E-05   6.958328348136452E-06  -2.559486132372179E-06   0.000000000000000E+00   0.000000000000000E+00   0.000000000000000E+00   0.000000000000000E+00   0.000000000000000E+00   0.000000000000000E+00   0.000000000000000E+00   0.000000000000000E+00   0.000000000000000E+00  -1.805787129850054E-04  -3.303231704548617E-04  -1.625591941615313E-04   2.323772516182023E-04   1.433513866037311E-05  -9.968892777690200E-07  -9.788053845141603E-07  -1.035842188683031E-05  -7.152251183042438E-06   0.000000000000000E+00   0.000000000000000E+00   0.000000000000000E+00   0.000000000000000E+00   0.000000000000000E+00   0.000000000000000E+00  -1.138696267475704E-03  -2.023536720919150E-05  -3.562232921702903E-05  -3.438449887431785E-05   1.953485161229919E-05   4.500514587398526E-06   9.946751204259261E-06   1.408788050311574E-05   3.641562647355742E-06   0.000000000000000E+00   4.513699167562827E-06   8.796671324051308E-06   1.389051974239381E-05   7.103354907740359E-06   8.406877732712029E-07   3.375243725703482E-06   6.769633376004296E-06   1.006261928979409E-06   0.000000000000000E+00  -1.261574650288091E-06  -5.636772345505886E-07  -1.254210875221615E-06  -8.048556397278606E-06  -1.084269847331950E-04   0.000000000000000E+00   7.028133064867409E-06
   3.379568659685744E-02  -1.499306627318327E-02   5.103347704557262E-02  -1.644024929445677E-02   6.795350387687788E-04  -2.556760121007175E-04   1.243423608419989E-03  -6.388915668252640E-04   1.185057531743794E-02  -9.969361946576445E-03   1.823110300313084E-02   4.276086078992486E-03   2.940720292683084E-01   5.153831629862482E-03   2.493950269449526E-01  -2.422936074944927E-01  -1.969820189903536E-05  -4.631303072662254E-06   1.567405893563610E-05  -4.970944087906067E-06  -1.741505517251716E-04   9.261687031820715E-05  -1.284562595854193E-04   2.366347757457888E-04   4.722918678687765E-05   3.566529968218150E-02  -2.980051735652748E-02   3.361348066170707E-02   3.740900652680538E-02   1.000000000000000E+00   0.000000000000000E+00   0.000000000000000E+00   0.000000000000000E+00  -5.855158723550966E-02   1.240333981890081E-06   7.090535132727461E-06  -3.095280710226923E-05   1.390480919972017E-05  -2.670027403496582E-05   8.899285553550571E-06  -2.092487639268462E-05   8.446346465336003E-07   5.385004517274255E-05  -1.423976270455305E-03   2.879766393198947E-01  -1.520562627320788E-01   3.624560142686076E-02   3.048464133262932E-01   3.122869637859526E-01   1.720846103305025E-01  -3.161779846101290E-01  -4.454788051831827E-02   4.918491208031252E-07  -7.940228979405854E-08   2.907467571264903E-07  -9.437779878700815E-08  -3.664981811192810E-06   1.273312788145997E-05   4.152982188223185E-06  -9.488492432874462E-06   1.373689722981024E-08   2.982684243702963E-02  -1.102178119489510E-02  -1.668660716957103E-02   4.549419645422668E-02   2.973101930159527E-02   1.484857798402804E-02  -4.477960455047673E-02   1.514973052304996E-02  -6.361307463703184E-02   0.000000000000000E+00   0.000000000000000E+00   0.000000000000000E+00   0.000000000000000E+00   0.000000000000000E+00   0.000000000000000E+00  -1.364092444262160E-03   9.544177773167467E-03   3.850406337974138E-04  -1.239449018258357E-02   1.210592576534862E-02   4.884427931816016E-04   3.894514682270086E-04  -9.627726213860213E-04   1.496083540842806E-04   0.000000000000000E+00   6.868298246096641E-05  -1.730873626422942E-07  -1.670463620721746E-04   1.508656761709956E-04  -2.443737247734761E-05  -1.138456653119728E-06   3.591490708695676E-06  -1.157671918662371E-06  -1.075834627455313E-04  -2.681306430877057E-05  -3.226271203605163E-06   2.358913666878469E-05  -1.397475569947510E-05   5.602836790689781E-05   1.791964751759062E-05   2.152696231091778E-07   2.015569841919279E-06  -2.062890530778651E-05  -2.356667093864528E-06  -2.623336348362141E-05   8.601849405637702E-07   3.274466576280776E-07  -3.025504054306285E-08   4.378492848979616E-07  -2.455197652902293E-05  -3.114593463976235E-06   1.440580716165852E-07  -3.366605977593103E-06   1.125831182127537E-05  -8.210700705078098E-06  -4.081763993674188E-06  -1.127518239720368E-05   0.000000000000000E+00   0.000000000000000E+00   0.000000000000000E+00   0.000000000000000E+00   0.000000000000000E+00  -2.664128446660700E-05  -2.205256932191354E-05   9.431372356289523E-06  -2.171374352934861E-05   2.509641573982442E-04   4.175236730111819E-04   1.095486391594607E-04   3.952981440923881E-04  -1.080819213474772E-05  -2.579132682860964E-05  -2.232935460458894E-05  -3.333884628452093E-05   0.000000000000000E+00   0.000000000000000E+00   0.000000000000000E+00   0.000000000000000E+00   0.000000000000000E+00   1.169767718001748E-05  -8.261901256396328E-06   4.921660713303754E-06  -9.247681698222270E-06   1.920995228068655E-05  -3.122945889177854E-03   2.332924193134271E-05   7.863165456653762E-05   6.244111474242167E-05   8.212653008036947E-05   1.294495027798202E-05  -4.400627155660447E-06  -6.052328616677367E-06  -6.190539986606198E-06   0.000000000000000E+00   0.000000000000000E+00   0.000000000000000E+00   0.000000000000000E+00   0.000000000000000E+00   7.501747577962034E-06   2.509445165966431E-06  -2.311881499497181E-06   2.618112375572300E-06   1.550800010401989E-04   1.966200044251907E-04   2.891630416731516E-04   1.883451514222917E-04   1.056833695530075E-05  -6.232340877942718E-06  -1.270173470423059E-05  -8.147994018967825E-06   0.000000000000000E+00   0.000000000000000E+00   0.000000000000000E+00   0.000000000000000E+00   0.000000000000000E+00   0.000000000000000E+00  -1.449327505465093E-06  -2.692290936752027E-03  -2.622842457161649E-05  -1.318466199272660E-05  -3.050859225729570E-05  -1.433720881142979E-05   0.000000000000000E+00   0.000000000000000E+00   0.000000000000000E+00   0.000000000000000E+00   0.000000000000000E+00  -1.782484499622890E-05  -1.106536540734217E-05  -4.705379897839421E-05  -1.102520693047271E-05   0.000000000000000E+00   0.000000000000000E+00   0.000000000000000E+00   0.000000000000000E+00   0.000000000000000E+00   1.513070111874073E-05   1.092456889493300E-06   6.331369333710875E-06   1.310933518882023E-06   5.570016310427247E-05   0.000000000000000E+00   0.000000000000000E+00
   1.499306627318327E-02   7.125177643905213E-03   2.470490814092933E-02  -7.958596437997720E-03   2.556760121007175E-04   1.433855499636868E-04   4.585225248788725E-04  -2.355964390259438E-04   9.969361946576445E-03  -4.372249620410575E-03   1.642550432730490E-02   3.852584804241273E-03  -5.153831629862482E-03   1.748986471057912E-01  -5.430971450973229E-03   5.276326802403928E-03   4.631303072662254E-06  -1.306489359006169E-05   4.110132420303035E-05  -1.303506547928343E-05  -1.680597490355150E-05   1.284562595854193E-04  -8.832313650196109E-05   2.434913040153992E-04   4.859765958777660E-05   2.980051735652748E-02  -1.194582793287942E-02   3.068592584653487E-02   3.415088166045911E-02   0.000000000000000E+00   1.000000000000000E+00   0.000000000000000E+00   0.000000000000000E+00   1.963939015706331E-02  -7.090535132727461E-06  -2.497697140099776E-06  -1.196365676273946E-05   5.374387016570085E-06  -8.899285553550571E-06  -2.009274259014485E-05   3.017663752016929E-05  -1.218082873566293E-06  -1.547461810052070E-05  -1.343656428236169E-03   1.520562627320788E-01   7.097110107789723E-02   2.370481511587832E-02   1.993711673186128E-01  -1.720846103305025E-01   7.002475296643244E-02   2.185953461408553E-01   3.079897980167998E-02   7.940228979405854E-08   1.260547620992534E-07  -2.114611728264618E-07   6.864131596005421E-08   7.439649459238816E-06  -4.152982188223185E-06   8.562672031641692E-06  -2.133851725245405E-05   3.089268612555496E-08   1.102178119489510E-02   8.111402525913438E-03  -6.709705584524870E-03   1.829327321668132E-02  -1.484857798402804E-02   4.430172185506649E-03   2.433415479834178E-02  -8.232674035464127E-03   5.077060576603337E-02   0.000000000000000E+00   0.000000000000000E+00   0.000000000000000E+00   0.000000000000000E+00   0.000000000000000E+00   0.000000000000000E+00  -7.842779538829078E-04  -3.850406337974138E-04   3.636768307880601E-03   5.338804016256210E-04  -5.214507748560799E-04  -3.894514682270086E-04  -1.217553561673803E-04   7.308627754767880E-04  -1.135711324478041E-04   0.000000000000000E+00   1.730873626422942E-07   3.560356168264874E-05  -2.922052099332370E-07   2.639012070087378E-07   1.138456653119728E-06  -1.486011768439475E-05   3.301254368662459E-05  -1.064117879995841E-05   1.442734251776049E-04   3.226271203605163E-06  -8.910699562597843E-06   7.147931528862689E-06  -4.234601642060774E-06  -2.162678635552282E-06  -2.370546584459468E-05  -5.804321392237762E-06   2.062890530778651E-05   2.007112329765529E-05   2.862629449167462E-06   3.186551000539656E-05  -3.274466576280776E-07   6.934033043704017E-07  -5.308728242062429E-08   7.682762352264014E-07   3.114593463976235E-06  -6.168276474392241E-05   2.644904981288699E-06  -6.181085738723135E-05   8.210700705078098E-06   1.806108545384655E-05   9.710164394217113E-06   2.682268617717878E-05   0.000000000000000E+00   0.000000000000000E+00   0.000000000000000E+00   0.000000000000000E+00   0.000000000000000E+00   2.205256932191354E-05  -3.573023728385446E-05   1.162306033620257E-05  -2.675964235450227E-05  -4.175236730111819E-04  -5.149610844835304E-04  -1.603106726143813E-04  -5.784691790687080E-04   2.579132682860964E-05   5.068565754035337E-06   1.172583560078876E-05   1.750726062507511E-05   0.000000000000000E+00   0.000000000000000E+00   0.000000000000000E+00   0.000000000000000E+00   0.000000000000000E+00   8.261901256396328E-06   2.188114484900317E-05  -1.379169086946968E-05   2.591425428745568E-05   8.410078726058802E-05   4.861104632572891E-03  -7.863165456653762E-05  -1.096074172859351E-04  -1.021022399696226E-04  -1.342913674223924E-04   4.400627155660447E-06   1.114576251192587E-05   1.625299561067029E-05   1.662415007551678E-05   0.000000000000000E+00   0.000000000000000E+00   0.000000000000000E+00   0.000000000000000E+00   0.000000000000000E+00  -2.509445165966431E-06   6.048937464464213E-06  -4.674361262761806E-06   5.293525240196841E-06  -1.966200044251907E-04  -1.389118148028034E-04  -2.994436864026661E-04  -1.950414068534677E-04   6.232340877942718E-06   7.304129855071559E-06   1.850925471448482E-05   1.187344092920967E-05   0.000000000000000E+00   0.000000000000000E+00   0.000000000000000E+00   0.000000000000000E+00   0.000000000000000E+00   0.000000000000000E+00  -1.555621979840346E-06   2.435813903687474E-03   1.318466199272660E-05  -1.523449958273718E-05  -1.438885358801590E-05  -6.761898310766599E-06   0.000000000000000E+00   0.000000000000000E+00   0.000000000000000E+00   0.000000000000000E+00   0.000000000000000E+00   1.106536540734217E-05  -8.578392608802949E-06   4.607377383479926E-06   1.079557658733800E-06   0.000000000000000E+00   0.000000000000000E+00   0.000000000000000E+00   0.000000000000000E+00   0.000000000000000E+00  -1.092456889493300E-06   2.634702441357718E-06   5.473079454189312E-06   1.133221413857412E-06   3.326364536789712E-06   0.000000000000000E+00   0.000000000000000E+00
  -5.103347704557262E-02   2.470490814092933E-02  -6.970749089164149E-02   2.708951199395315E-02  -1.243423608419989E-03   4.585225248788725E-04  -1.992254507854434E-03   1.145771055867140E-03  -1.823110300313084E-02   1.642550432730490E-02  -2.542778322890547E-02  -7.045272382606111E-03  -2.493950269449526E-01  -5.430971450973229E-03  -8.779500286549981E-02   2.553225948304824E-01  -1.567405893563610E-05   4.110132420303035E-05  -1.400226806838137E-04   4.411552890118190E-05   3.372720629641260E-04  -2.366347757457888E-04   2.434913040153992E-04  -4.046905938597854E-04  -8.952382947657475E-05  -3.361348066170707E-02   3.068592584653487E-02  -1.935295341737579E-02  -3.852047219652203E-02   0.000000000000000E+00   0.000000000000000E+00   1.000000000000000E+00   0.000000000000000E+00   3.409868785036820E-02   3.095280710226923E-05  -1.196365676273946E-05   4.698750465567194E-05  -2.346118614503566E-05   2.092487639268462E-05   3.017663752016929E-05  -7.821299273865146E-05   2.864076381418242E-06   2.390966163967907E-05   1.279636793726802E-03  -3.624560142686076E-02   2.370481511587832E-02   1.647661924679107E-01  -4.752403969950980E-02   3.161779846101290E-01   2.185953461408553E-01  -2.126354838431362E-01  -5.658820590081068E-02  -2.907467571264903E-07  -2.114611728264618E-07   8.426109471410988E-07  -2.513433815579197E-07  -4.414867429231090E-05   9.488492432874462E-06  -2.133851725245405E-05   4.797610206119089E-05  -7.058181452468617E-08   1.668660716957103E-02  -6.709705584524870E-03   2.385005231586745E-03   2.769540227797106E-02   4.477960455047673E-02   2.433415479834178E-02  -6.088654257902265E-02   2.482768976918920E-02  -6.658408698691531E-02   0.000000000000000E+00   0.000000000000000E+00   0.000000000000000E+00   0.000000000000000E+00   0.000000000000000E+00   0.000000000000000E+00  -3.964140392011257E-04   1.239449018258357E-02   5.338804016256210E-04  -1.353230119636902E-02   1.678554402404915E-02   9.627726213860213E-04   7.308627754767880E-04  -1.632897786478474E-03   2.807620097013371E-04   0.000000000000000E+00   1.670463620721746E-04  -2.922052099332370E-07  -2.464029588781921E-04   2.546906712558203E-04  -3.591490708695676E-06   3.301254368662459E-05  -1.085402784695448E-04   3.356974082842027E-05  -2.969937712859477E-04  -2.358913666878469E-05   7.147931528862689E-06  -6.019574733046982E-05   3.096162429271599E-05  -1.361697989028404E-05   6.534522521632796E-05   4.798225257634037E-05   2.356667093864528E-06   2.862629449167462E-06  -4.659655125564978E-06   3.640348226843785E-06   3.025504054306285E-08  -5.308728242062429E-08   1.237511423226218E-07  -7.098630602437808E-08  -1.440580716165852E-07   2.644904981288699E-06  -4.621188737848505E-06   2.858913377672280E-06   4.081763993674188E-06   9.710164394217113E-06   3.355725263733175E-06   1.333429126017441E-05   0.000000000000000E+00   0.000000000000000E+00   0.000000000000000E+00   0.000000000000000E+00   0.000000000000000E+00  -9.431372356289523E-06   1.162306033620257E-05  -1.352394516817608E-05   1.144447830465078E-05  -1.095486391594607E-04  -1.603106726143813E-04   5.397051930680130E-05  -1.517770499230356E-04   2.232935460458894E-05   1.172583560078876E-05   1.676616913799881E-06   1.515725938607454E-05   0.000000000000000E+00   0.000000000000000E+00   0.000000000000000E+00   0.000000000000000E+00   0.000000000000000E+00  -4.921660713303754E-06  -1.379169086946968E-05   6.945074486538472E-06  -1.543726598552508E-05  -5.071352236514800E-05   6.939662644455970E-04  -6.244111474242167E-05  -1.021022399696226E-04  -6.210981037182487E-05  -1.066402930011185E-04   6.052328616677367E-06   1.625299561067029E-05   2.168155016843305E-05   2.286374547786226E-05   0.000000000000000E+00   0.000000000000000E+00   0.000000000000000E+00   0.000000000000000E+00   0.000000000000000E+00   2.311881499497181E-06  -4.674361262761806E-06   5.281482977658283E-06  -4.876776442819537E-06  -2.891630416731516E-04  -2.994436864026661E-04  -3.756840518359111E-04  -2.868414463870984E-04   1.270173470423059E-05   1.850925471448482E-05   3.594474829778948E-05   2.419849935405932E-05   0.000000000000000E+00   0.000000000000000E+00   0.000000000000000E+00   0.000000000000000E+00   0.000000000000000E+00   0.000000000000000E+00   1.706405835119122E-06   4.081655027674865E-03   3.050859225729570E-05  -1.438885358801590E-05  -4.231120643697030E-05  -1.564666569095811E-05   0.000000000000000E+00   0.000000000000000E+00   0.000000000000000E+00   0.000000000000000E+00   0.000000000000000E+00   4.705379897839421E-05   4.607377383479926E-06   9.930295573251260E-06   4.590656267522872E-06   0.000000000000000E+00   0.000000000000000E+00   0.000000000000000E+00   0.000000000000000E+00   0.000000000000000E+00  -6.331369333710875E-06   5.473079454189312E-06   3.340975011894761E-05   6.567621456741521E-06   2.305363715474908E-05   0.000000000000000E+00   0.000000000000000E+00
   1.644024929445677E-02  -7.958596437997720E-03   2.708951199395315E-02   5.656416161144133E-03   6.388915668252640E-04  -2.355964390259438E-04   1.145771055867140E-03  -3.510479241343498E-04  -4.276086078992486E-03   3.852584804241273E-03  -7.045272382606111E-03   2.957290814583419E-03   2.422936074944927E-01   5.276326802403928E-03   2.553225948304824E-01  -7.304151040799856E-02   4.970944087906067E-06  -1.303506547928343E-05   4.411552890118190E-05  -1.491145666750379E-05  -2.775263608283375E-04  -4.722918678687765E-05   4.859765958777660E-05  -8.952382947657475E-05   2.598738445133978E-05  -3.740900652680538E-02   3.415088166045911E-02  -3.852047219652203E-02  -2.761085635775185E-02   0.000000000000000E+00   0.000000000000000E+00   0.000000000000000E+00   1.000000000000000E+00  -8.321198895450314E-02  -1.390480919972017E-05   5.374387016570085E-06  -2.346118614503566E-05   5.301097571997428E-06  -8.446346465336003E-07  -1.218082873566293E-06   2.864076381418242E-06  -7.374320210887681E-06   1.066252812710012E-05   1.977211230412749E-03  -3.048464133262932E-01   1.993711673186128E-01  -4.752403969950980E-02  -2.292878827841114E-01   4.454788051831827E-02   3.079897980167998E-02  -5.658820590081068E-02   1.810255564182323E-01   9.437779878700815E-08   6.864131596005421E-08  -2.513433815579197E-07   1.498924613900697E-07   2.894158742867930E-05  -1.373689722981024E-08   3.089268612555496E-08  -7.058181452468617E-08  -7.768002948969602E-07  -4.549419645422668E-02   1.829327321668132E-02   2.769540227797106E-02  -6.296518921173119E-02  -1.514973052304996E-02  -8.232674035464127E-03   2.482768976918920E-02   4.099548133259286E-03  -5.299817872174346E-02   0.000000000000000E+00   0.000000000000000E+00   0.000000000000000E+00   0.000000000000000E+00   0.000000000000000E+00   0.000000000000000E+00   2.445740505955996E-03  -1.210592576534862E-02  -5.214507748560799E-04   1.678554402404915E-02  -1.274139499270965E-02  -1.496083540842806E-04  -1.135711324478041E-04   2.807620097013371E-04   1.302576668782841E-04   0.000000000000000E+00  -1.508656761709956E-04   2.639012070087378E-07   2.546906712558203E-04  -1.944165912843661E-04   1.157671918662371E-06  -1.064117879995841E-05   3.356974082842027E-05  -1.521634755693617E-05  -3.309411187599504E-05   1.397475569947510E-05  -4.234601642060774E-06   3.096162429271599E-05  -2.627547113708176E-05   1.722006487184387E-05  -1.569973308753921E-05  -3.098526811178650E-05   2.623336348362141E-05   3.186551000539656E-05   3.640348226843785E-06   3.553604258917406E-05  -4.378492848979616E-07   7.682762352264014E-07  -7.098630602437808E-08   1.146155966183357E-06   3.366605977593103E-06  -6.181085738723135E-05   2.858913377672280E-06  -7.131104230981991E-05   1.127518239720368E-05   2.682268617717878E-05   1.333429126017441E-05   3.536226028103563E-05   0.000000000000000E+00   0.000000000000000E+00   0.000000000000000E+00   0.000000000000000E+00   0.000000000000000E+00   2.171374352934861E-05  -2.675964235450227E-05   1.144447830465078E-05  -3.490152680914849E-05  -3.952981440923881E-04  -5.784691790687080E-04  -1.517770499230356E-04  -4.516438698136223E-04   3.333884628452093E-05   1.750726062507511E-05   1.515725938607454E-05   1.415528975665221E-05   0.000000000000000E+00   0.000000000000000E+00   0.000000000000000E+00   0.000000000000000E+00   0.000000000000000E+00   9.247681698222270E-06   2.591425428745568E-05  -1.543726598552508E-05   2.773553743741194E-05   6.725170521475544E-05   3.244993403668782E-03  -8.212653008036947E-05  -1.342913674223924E-04  -1.066402930011185E-04  -1.212908917111449E-04   6.190539986606198E-06   1.662415007551678E-05   2.286374547786226E-05   2.271412920408091E-05   0.000000000000000E+00   0.000000000000000E+00   0.000000000000000E+00   0.000000000000000E+00   0.000000000000000E+00  -2.618112375572300E-06   5.293525240196841E-06  -4.876776442819537E-06   6.497877206078422E-06  -1.883451514222917E-04  -1.950414068534677E-04  -2.868414463870984E-04  -1.221343481405733E-04   8.147994018967825E-06   1.187344092920967E-05   2.419849935405932E-05   1.374523771416459E-05   0.000000000000000E+00   0.000000000000000E+00   0.000000000000000E+00   0.000000000000000E+00   0.000000000000000E+00   0.000000000000000E+00  -1.360565697775463E-06   1.813196221986087E-03   1.433720881142979E-05  -6.761898310766599E-06  -1.564666569095811E-05  -1.636917475559121E-05   0.000000000000000E+00   0.000000000000000E+00   0.000000000000000E+00   0.000000000000000E+00   0.000000000000000E+00   1.102520693047271E-05   1.079557658733800E-06   4.590656267522872E-06  -8.586242751185451E-06   0.000000000000000E+00   0.000000000000000E+00   0.000000000000000E+00   0.000000000000000E+00   0.000000000000000E+00  -1.310933518882023E-06   1.133221413857412E-06   6.567621456741521E-06   3.050191036611739E-06   1.991301700141023E-06   0.000000000000000E+00   0.000000000000000E+00
  -5.126451534939296E-02   4.154545125249083E-02  -5.399959850844003E-02  -4.514772010315651E-02  -1.233454512616723E-02   9.119469935070689E-03  -1.996222268008301E-02  -2.103994745580830E-03  -1.177672440837727E-03   1.152034826107306E-03  -1.056470942283350E-03  -1.616029464451377E-03  -4.563717082275087E-01   1.973308748382940E-01  -1.047268295588455E-01  -4.259396259841124E-01  -1.490609567456031E-04   1.714695264963576E-04  -3.547330967737018E-04  -4.989722489568784E-05   1.727983449702714E-02   2.434449898375035E-05   5.733249339724676E-05  -6.750398361920222E-05  -6.228858155229692E-05  -2.937464360475468E-04   2.736052916435423E-04  -9.727706744895794E-05  -5.634656227268979E-04  -5.855158723550966E-02   1.963939015706331E-02   3.409868785036820E-02  -8.321198895450314E-02   1.000000000000000E+00   6.070546689542004E-05  -2.888150114975853E-07   7.907709454057097E-07  -8.893629265947298E-08   5.759500944502710E-05   7.659602556187147E-06  -1.220405450613334E-05  -5.426081036053691E-06  -6.971835842146888E-05  -9.369358384109447E-05  -1.281003757463919E-03   7.741740631727935E-04   4.523127807229439E-04  -2.272005063377959E-03  -1.410546360631586E-02  -1.893516500100280E-03   1.871874031784673E-02  -1.647471983122507E-02  -8.887403955783576E-06  -1.694835657931053E-05   4.380285012796510E-05  -1.794479723282978E-06  -7.845043336030035E-05  -1.052736598749538E-05  -2.139213388204096E-05   3.618375891843573E-05   1.331324612756733E-05   2.290147956784515E-05   2.426562937559350E-05   3.917616006713568E-05  -1.013599383824960E-04  -1.703736131020683E-04  -3.076333686383662E-05   3.219712495364915E-04  -2.849547941565543E-04   2.188383994897836E-02   0.000000000000000E+00   0.000000000000000E+00   0.000000000000000E+00   0.000000000000000E+00   0.000000000000000E+00   0.000000000000000E+00  -7.513176809219156E-05   5.494019630060415E-05   2.105249924787666E-06   1.539819582083259E-05  -2.126909595033691E-05   6.182705307178799E-05   1.693832412830012E-06  -7.572208066668837E-06   4.367536896137690E-06   0.000000000000000E+00  -5.490108712620768E-06  -3.746475798808245E-06  -3.259158490145247E-05   3.936147301501407E-05  -1.148147275063661E-05   6.349189328117898E-06  -3.443156858987020E-05   2.192680826201717E-05  -9.316720101379908E-05   0.000000000000000E+00   0.000000000000000E+00   0.000000000000000E+00   0.000000000000000E+00   0.000000000000000E+00   0.000000000000000E+00   0.000000000000000E+00   0.000000000000000E+00   0.000000000000000E+00   0.000000000000000E+00   0.000000000000000E+00   0.000000000000000E+00   0.000000000000000E+00   0.000000000000000E+00   0.000000000000000E+00  -1.101257464874168E-05   1.967412668832743E-05  -6.369774224460677E-06   3.755484238137699E-05   0.000000000000000E+00   0.000000000000000E+00   0.000000000000000E+00   0.000000000000000E+00   0.000000000000000E+00   0.000000000000000E+00   0.000000000000000E+00   0.000000000000000E+00   0.000000000000000E+00  -3.132269851164941E-06   2.802474073602523E-06  -2.090883755325828E-06   4.912650426483805E-06   6.256505024700535E-05   1.849858278278437E-05  -3.279093501492532E-07   3.573791396396998E-05   0.000000000000000E+00   0.000000000000000E+00   0.000000000000000E+00   0.000000000000000E+00   0.000000000000000E+00   0.000000000000000E+00   0.000000000000000E+00   0.000000000000000E+00   0.000000000000000E+00   0.000000000000000E+00   0.000000000000000E+00   0.000000000000000E+00   0.000000000000000E+00  -2.048284260672103E-05   5.612752823873970E-05   5.384027814064544E-05   2.787122860933205E-05   1.684745714916667E-05   5.873642448418555E-05   0.000000000000000E+00   0.000000000000000E+00   0.000000000000000E+00   0.000000000000000E+00   0.000000000000000E+00   0.000000000000000E+00   0.000000000000000E+00   0.000000000000000E+00   0.000000000000000E+00   0.000000000000000E+00   0.000000000000000E+00   0.000000000000000E+00   0.000000000000000E+00   4.081521591974942E-05  -2.331430165589159E-05  -3.251023778337381E-05  -5.710132848731552E-05   0.000000000000000E+00   0.000000000000000E+00   0.000000000000000E+00   0.000000000000000E+00   0.000000000000000E+00   0.000000000000000E+00   0.000000000000000E+00   0.000000000000000E+00   0.000000000000000E+00   0.000000000000000E+00   0.000000000000000E+00   4.733549604159166E-04   4.408387219390523E-05   1.951290517075654E-05   4.867118069326936E-05   5.365487142172993E-05   0.000000000000000E+00   0.000000000000000E+00   0.000000000000000E+00   0.000000000000000E+00   0.000000000000000E+00   4.604834243754188E-05   1.053665003358175E-05   6.002196736310147E-05   4.214776475338602E-05   0.000000000000000E+00   0.000000000000000E+00   0.000000000000000E+00   0.000000000000000E+00   0.000000000000000E+00   0.000000000000000E+00   0.000000000000000E+00   0.000000000000000E+00   0.000000000000000E+00  -5.978969147224529E-05   0.000000000000000E+00   0.000000000000000E+00
   6.839241239471090E-04   2.290480596800477E-04  -1.243147309632945E-03   6.678869905306110E-04   3.547066369384215E-02   1.402077592176764E-02  -5.321076494517479E-02   1.885970623011895E-02   7.636654284198594E-05  -4.114615120504644E-06  -1.706641944142190E-04   1.696487832978347E-04  -1.919954248686430E-05   4.971916219850197E-06  -1.735660275026989E-05   5.714164728182558E-06   2.814272867042085E-01  -1.511521045776147E-02  -2.340886113391653E-01   2.418932952763103E-01  -1.836034932673763E-02   6.429170190323632E-04  -2.691989942917020E-04  -6.470756523458947E-04   1.153839507339672E-03  -1.367360766017278E-05  -1.613623894026365E-07   3.502543456011866E-05  -3.441411587396708E-05   1.240333981890081E-06  -7.090535132727461E-06   3.095280710226923E-05  -1.390480919972017E-05   6.070546689542004E-05   1.000000000000000E+00   0.000000000000000E+00   0.000000000000000E+00   0.000000000000000E+00   2.852355538815613E-02  -1.425520429185063E-02  -1.451925885604425E-02   4.315593821863917E-02   2.594236616504793E-05  -6.240756624606953E-06   1.201282169072732E-05  -1.173503728851463E-06   1.015050464793790E-05  -7.132708783369524E-06   5.896395320680939E-08   1.006773160816383E-08  -3.518492852184258E-08   1.204698413490122E-08   3.149075670506337E-01  -1.518157219889599E-01   3.231197345414047E-01   7.507978342627575E-02  -4.606287080113920E-01   1.052378757702395E-02  -9.152518423752781E-03   3.621224628264893E-03   1.623837186428636E-02   0.000000000000000E+00   0.000000000000000E+00   0.000000000000000E+00   0.000000000000000E+00   0.000000000000000E+00   0.000000000000000E+00   0.000000000000000E+00   0.000000000000000E+00   0.000000000000000E+00   3.383432472421929E-02  -2.850298945409538E-02   3.431676735056382E-02   3.340452945761552E-02  -5.808975848237637E-02  -2.546355780965972E-04   0.000000000000000E+00   0.000000000000000E+00   0.000000000000000E+00   0.000000000000000E+00   0.000000000000000E+00   0.000000000000000E+00   0.000000000000000E+00   0.000000000000000E+00   0.000000000000000E+00  -2.027266601978127E-03   0.000000000000000E+00   0.000000000000000E+00   0.000000000000000E+00   0.000000000000000E+00   0.000000000000000E+00   0.000000000000000E+00   0.000000000000000E+00   0.000000000000000E+00   0.000000000000000E+00   0.000000000000000E+00   0.000000000000000E+00   0.000000000000000E+00   0.000000000000000E+00   0.000000000000000E+00   0.000000000000000E+00   0.000000000000000E+00   0.000000000000000E+00   0.000000000000000E+00   0.000000000000000E+00   0.000000000000000E+00   0.000000000000000E+00   0.000000000000000E+00   0.000000000000000E+00   0.000000000000000E+00   0.000000000000000E+00   0.000000000000000E+00   0.000000000000000E+00   0.000000000000000E+00   0.000000000000000E+00   0.000000000000000E+00   0.000000000000000E+00   0.000000000000000E+00   0.000000000000000E+00   0.000000000000000E+00   0.000000000000000E+00   0.000000000000000E+00   0.000000000000000E+00   0.000000000000000E+00   0.000000000000000E+00   0.000000000000000E+00   0.000000000000000E+00   0.000000000000000E+00   0.000000000000000E+00   0.000000000000000E+00   0.000000000000000E+00   0.000000000000000E+00   0.000000000000000E+00   0.000000000000000E+00   0.000000000000000E+00   0.000000000000000E+00   0.000000000000000E+00   0.000000000000000E+00   0.000000000000000E+00   0.000000000000000E+00   0.000000000000000E+00   0.000000000000000E+00   0.000000000000000E+00   0.000000000000000E+00   0.000000000000000E+00   0.000000000000000E+00   0.000000000000000E+00   0.000000000000000E+00   0.000000000000000E+00   0.000000000000000E+00   0.000000000000000E+00   0.000000000000000E+00   0.000000000000000E+00   0.000000000000000E+00   0.000000000000000E+00   0.000000000000000E+00   0.000000000000000E+00   0.000000000000000E+00   0.000000000000000E+00   0.000000000000000E+00   0.000000000000000E+00   0.000000000000000E+00   0.000000000000000E+00  -1.865533473576411E-06  -2.132790049371752E-05   1.594710902684842E-05  -2.856273627747270E-05   1.592003165295988E-05   8.788011439915192E-07  -1.051973610220044E-07   1.342489189771851E-06   0.000000000000000E+00   0.000000000000000E+00   0.000000000000000E+00   0.000000000000000E+00   0.000000000000000E+00   0.000000000000000E+00   0.000000000000000E+00   5.681529012112682E-05  -1.668457797671734E-05  -2.793712709198906E-05   9.146721452656281E-06  -4.003087301515079E-05   1.458171402626852E-05   3.417913806529715E-06   9.341524573455011E-07   5.612833045999890E-06   0.000000000000000E+00   2.653082110157782E-05   7.654514440891943E-05  -4.748959956872362E-06   1.132350367285355E-04  -1.710629507497639E-06  -1.901456344074662E-05  -1.166677859617943E-05  -3.180617421327548E-05   0.000000000000000E+00  -8.450552700933014E-06   2.699130744288248E-05   1.395906884766860E-05   4.306020197453508E-05  -9.943213360380481E-04  -7.638998167883116E-06  -1.459789150687449E-04
  -2.290480596800477E-04   1.639268557539887E-04   4.082461588149252E-04  -2.193322515310669E-04  -1.402077592176764E-02   9.113427703104991E-03   2.297700669366364E-02  -8.143833240068250E-03   4.114615120504644E-06   3.812051568469926E-05  -6.542520876281912E-06   6.503594442710094E-06  -4.971916219850197E-06  -1.222312747931665E-05   4.055726920109642E-05  -1.335232017894207E-05   1.511521045776147E-02   1.645257603492380E-01  -1.552014634062510E-02   1.603759926648023E-02   1.359711244597733E-02   2.691989942917020E-04   1.153760097672948E-04  -2.643768561995308E-04   4.714262704884068E-04   1.613623894026365E-07  -9.039891742532776E-06  -8.865981127243693E-08   8.711238152539173E-08   7.090535132727461E-06  -2.497697140099776E-06  -1.196365676273946E-05   5.374387016570085E-06  -2.888150114975853E-07   0.000000000000000E+00   1.000000000000000E+00   0.000000000000000E+00   0.000000000000000E+00   1.425520429185063E-02   4.200134324277280E-03  -7.888490603044584E-03   2.344714812778391E-02  -2.780051778389189E-05   3.529278601980910E-06   1.173503728851463E-06  -5.939477881258441E-07  -4.582131048914264E-06   3.219840541207043E-06  -1.006773160816383E-08   1.566742709888354E-08  -2.583796358460557E-08   8.846672437849761E-09   1.518157219889599E-01   9.908566168230498E-02   1.957199432402870E-01   4.547729333690931E-02   1.749212293404172E-01   9.152518423752781E-03  -4.453141894488473E-03   3.367184313839190E-03   1.509919892760461E-02   0.000000000000000E+00   0.000000000000000E+00   0.000000000000000E+00   0.000000000000000E+00   0.000000000000000E+00   0.000000000000000E+00   0.000000000000000E+00   0.000000000000000E+00   0.000000000000000E+00   2.850298945409538E-02  -1.180070428523790E-02   3.154638739775777E-02   3.070779413295865E-02  -2.624893781873576E-02  -2.712548760667536E-04   0.000000000000000E+00   0.000000000000000E+00   0.000000000000000E+00   0.000000000000000E+00   0.000000000000000E+00   0.000000000000000E+00   0.000000000000000E+00   0.000000000000000E+00   0.000000000000000E+00  -1.908001554341884E-03   0.000000000000000E+00   0.000000000000000E+00   0.000000000000000E+00   0.000000000000000E+00   0.000000000000000E+00   0.000000000000000E+00   0.000000000000000E+00   0.000000000000000E+00   0.000000000000000E+00   0.000000000000000E+00   0.000000000000000E+00   0.000000000000000E+00   0.000000000000000E+00   0.000000000000000E+00   0.000000000000000E+00   0.000000000000000E+00   0.000000000000000E+00   0.000000000000000E+00   0.000000000000000E+00   0.000000000000000E+00   0.000000000000000E+00   0.000000000000000E+00   0.000000000000000E+00   0.000000000000000E+00   0.000000000000000E+00   0.000000000000000E+00   0.000000000000000E+00   0.000000000000000E+00   0.000000000000000E+00   0.000000000000000E+00   0.000000000000000E+00   0.000000000000000E+00   0.000000000000000E+00   0.000000000000000E+00   0.000000000000000E+00   0.000000000000000E+00   0.000000000000000E+00   0.000000000000000E+00   0.000000000000000E+00   0.000000000000000E+00   0.000000000000000E+00   0.000000000000000E+00   0.000000000000000E+00   0.000000000000000E+00   0.000000000000000E+00   0.000000000000000E+00   0.000000000000000E+00   0.000000000000000E+00   0.000000000000000E+00   0.000000000000000E+00   0.000000000000000E+00   0.000000000000000E+00   0.000000000000000E+00   0.000000000000000E+00   0.000000000000000E+00   0.000000000000000E+00   0.000000000000000E+00   0.000000000000000E+00   0.000000000000000E+00   0.000000000000000E+00   0.000000000000000E+00   0.000000000000000E+00   0.000000000000000E+00   0.000000000000000E+00   0.000000000000000E+00   0.000000000000000E+00   0.000000000000000E+00   0.000000000000000E+00   0.000000000000000E+00   0.000000000000000E+00   0.000000000000000E+00   0.000000000000000E+00   0.000000000000000E+00   0.000000000000000E+00   0.000000000000000E+00   0.000000000000000E+00   0.000000000000000E+00   2.132790049371752E-05   1.256385506695229E-05  -1.402493126158296E-05   2.511993943603483E-05  -8.788011439915192E-07   1.472052245985119E-05  -1.633544531515816E-06   2.084668144966285E-05   0.000000000000000E+00   0.000000000000000E+00   0.000000000000000E+00   0.000000000000000E+00   0.000000000000000E+00   0.000000000000000E+00   0.000000000000000E+00  -3.223922637802285E-05   2.793712709198906E-05  -1.072446794068500E-06  -2.765423312378561E-06   1.210294967699219E-05  -3.417913806529715E-06   1.020683406044807E-05   2.332995467736791E-06   1.401774833916417E-05   0.000000000000000E+00  -7.654514440891943E-05  -9.301905164604767E-05   7.025164870881062E-06  -1.675092671663930E-04   1.901456344074662E-05   8.956798979500543E-06   9.267632634791936E-06   2.526558087108626E-05   0.000000000000000E+00  -2.699130744288248E-05  -5.390512201869350E-05  -3.060677040462732E-05  -9.441415683192887E-05   1.052403146090574E-03  -6.981119283574156E-06   1.704952936633718E-04
   1.243147309632945E-03   4.082461588149252E-04  -1.976590751052413E-03   1.190415228958754E-03   5.321076494517479E-02   2.297700669366364E-02  -7.203313097421674E-02   3.090696254671621E-02   1.706641944142190E-04  -6.542520876281912E-06  -2.330895483280503E-04   2.697532269374883E-04   1.735660275026989E-05   4.055726920109642E-05  -1.421877399611900E-04   4.661199161302293E-05   2.340886113391653E-01  -1.552014634062510E-02  -7.483193244920015E-02   2.483736069699664E-01  -2.890887820128339E-02   6.470756523458947E-04  -2.643768561995308E-04  -4.101215184829393E-04   1.133170880938470E-03  -3.502543456011866E-05  -8.865981127243693E-08   1.020426124657667E-05  -1.890867524823504E-05  -3.095280710226923E-05  -1.196365676273946E-05   4.698750465567194E-05  -2.346118614503566E-05   7.907709454057097E-07   0.000000000000000E+00   0.000000000000000E+00   1.000000000000000E+00   0.000000000000000E+00   1.451925885604425E-02  -7.888490603044584E-03   3.910548747666724E-03   2.388146855937565E-02  -3.683470883094027E-05   3.087749172198104E-05  -1.015050464793790E-05  -4.582131048914264E-06   3.851056228450395E-05  -2.785079039427395E-05   3.518492852184258E-08  -2.583796358460557E-08   9.857329376283927E-08  -3.091754423901142E-08  -3.231197345414047E-01   1.957199432402870E-01  -2.255206630833011E-01  -9.679241884942802E-02  -1.347851575243623E-01  -3.621224628264893E-03   3.367184313839190E-03   2.725060758343961E-03  -5.974048725410091E-03   0.000000000000000E+00   0.000000000000000E+00   0.000000000000000E+00   0.000000000000000E+00   0.000000000000000E+00   0.000000000000000E+00   0.000000000000000E+00   0.000000000000000E+00   0.000000000000000E+00  -3.431676735056382E-02   3.154638739775777E-02  -2.357968028506768E-02  -3.697128782954166E-02   8.492776570806326E-02   1.089765316482161E-04   0.000000000000000E+00   0.000000000000000E+00   0.000000000000000E+00   0.000000000000000E+00   0.000000000000000E+00   0.000000000000000E+00   0.000000000000000E+00   0.000000000000000E+00   0.000000000000000E+00   2.898339641978758E-03   0.000000000000000E+00   0.000000000000000E+00   0.000000000000000E+00   0.000000000000000E+00   0.000000000000000E+00   0.000000000000000E+00   0.000000000000000E+00   0.000000000000000E+00   0.000000000000000E+00   0.000000000000000E+00   0.000000000000000E+00   0.000000000000000E+00   0.000000000000000E+00   0.000000000000000E+00   0.000000000000000E+00   0.000000000000000E+00   0.000000000000000E+00   0.000000000000000E+00   0.000000000000000E+00   0.000000000000000E+00   0.000000000000000E+00   0.000000000000000E+00   0.000000000000000E+00   0.000000000000000E+00   0.000000000000000E+00   0.000000000000000E+00   0.000000000000000E+00   0.000000000000000E+00   0.000000000000000E+00   0.000000000000000E+00   0.000000000000000E+00   0.000000000000000E+00   0.000000000000000E+00   0.000000000000000E+00   0.000000000000000E+00   0.000000000000000E+00   0.000000000000000E+00   0.000000000000000E+00   0.000000000000000E+00   0.000000000000000E+00   0.000000000000000E+00   0.000000000000000E+00   0.000000000000000E+00   0.000000000000000E+00   0.000000000000000E+00   0.000000000000000E+00   0.000000000000000E+00   0.000000000000000E+00   0.000000000000000E+00   0.000000000000000E+00   0.000000000000000E+00   0.000000000000000E+00   0.000000000000000E+00   0.000000000000000E+00   0.000000000000000E+00   0.000000000000000E+00   0.000000000000000E+00   0.000000000000000E+00   0.000000000000000E+00   0.000000000000000E+00   0.000000000000000E+00   0.000000000000000E+00   0.000000000000000E+00   0.000000000000000E+00   0.000000000000000E+00   0.000000000000000E+00   0.000000000000000E+00   0.000000000000000E+00   0.000000000000000E+00   0.000000000000000E+00   0.000000000000000E+00   0.000000000000000E+00   0.000000000000000E+00   0.000000000000000E+00   0.000000000000000E+00   0.000000000000000E+00   0.000000000000000E+00  -1.594710902684842E-05  -1.402493126158296E-05   4.293301165349708E-06  -1.878245882909464E-05   1.051973610220044E-07  -1.633544531515816E-06   1.269709220062491E-06  -2.495463154053505E-06   0.000000000000000E+00   0.000000000000000E+00   0.000000000000000E+00   0.000000000000000E+00   0.000000000000000E+00   0.000000000000000E+00   0.000000000000000E+00   3.333653673967476E-05  -9.146721452656281E-06  -2.765423312378561E-06  -8.613558547632987E-06  -3.962551664186960E-06  -9.341524573455011E-07   2.332995467736791E-06   2.308411001364303E-06   3.831200784661211E-06   0.000000000000000E+00   4.748959956872362E-06   7.025164870881062E-06   1.977878801258665E-05   1.039249201658753E-05   1.166677859617943E-05   9.267632634791936E-06  -4.612789215474088E-07   1.550221960369421E-05   0.000000000000000E+00  -1.395906884766860E-05  -3.060677040462732E-05  -1.055263132168112E-05  -4.882807986239326E-05  -3.392504372539245E-04  -7.027408224439623E-06   1.747646577133249E-04
  -6.678869905306110E-04  -2.193322515310669E-04   1.190415228958754E-03  -4.004108126513922E-04  -1.885970623011895E-02  -8.143833240068250E-03   3.090696254671621E-02   4.213276912936973E-03  -1.696487832978347E-04   6.503594442710094E-06   2.697532269374883E-04  -2.298700077069797E-04  -5.714164728182558E-06  -1.335232017894207E-05   4.661199161302293E-05  -1.595088772955962E-05  -2.418932952763103E-01   1.603759926648023E-02   2.483736069699664E-01  -9.112665959974491E-02  -1.551962098823108E-03  -1.153839507339672E-03   4.714262704884068E-04   1.133170880938470E-03  -1.795262016418105E-03   3.441411587396708E-05   8.711238152539173E-08  -1.890867524823504E-05   9.538351263705571E-06   1.390480919972017E-05   5.374387016570085E-06  -2.346118614503566E-05   5.301097571997428E-06  -8.893629265947298E-08   0.000000000000000E+00   0.000000000000000E+00   0.000000000000000E+00   1.000000000000000E+00  -4.315593821863917E-02   2.344714812778391E-02   2.388146855937565E-02  -5.903829579957276E-02   9.412904940451948E-05  -3.962800395883271E-05   7.132708783369524E-06   3.219840541207043E-06  -2.785079039427395E-05   1.844692122288423E-05  -1.204698413490122E-08   8.846672437849761E-09  -3.091754423901142E-08   1.886008619996487E-08  -7.507978342627575E-02   4.547729333690931E-02  -9.679241884942802E-02   1.685528227580570E-01  -4.301821201960407E-01  -1.623837186428636E-02   1.509919892760461E-02  -5.974048725410091E-03  -2.273165677957739E-02   0.000000000000000E+00   0.000000000000000E+00   0.000000000000000E+00   0.000000000000000E+00   0.000000000000000E+00   0.000000000000000E+00   0.000000000000000E+00   0.000000000000000E+00   0.000000000000000E+00  -3.340452945761552E-02   3.070779413295865E-02  -3.697128782954166E-02  -2.158723582662714E-02  -2.126290339474269E-02   4.874273236593146E-04   0.000000000000000E+00   0.000000000000000E+00   0.000000000000000E+00   0.000000000000000E+00   0.000000000000000E+00   0.000000000000000E+00   0.000000000000000E+00   0.000000000000000E+00   0.000000000000000E+00   1.657095190766096E-03   0.000000000000000E+00   0.000000000000000E+00   0.000000000000000E+00   0.000000000000000E+00   0.000000000000000E+00   0.000000000000000E+00   0.000000000000000E+00   0.000000000000000E+00   0.000000000000000E+00   0.000000000000000E+00   0.000000000000000E+00   0.000000000000000E+00   0.000000000000000E+00   0.000000000000000E+00   0.000000000000000E+00   0.000000000000000E+00   0.000000000000000E+00   0.000000000000000E+00   0.000000000000000E+00   0.000000000000000E+00   0.000000000000000E+00   0.000000000000000E+00   0.000000000000000E+00   0.000000000000000E+00   0.000000000000000E+00   0.000000000000000E+00   0.000000000000000E+00   0.000000000000000E+00   0.000000000000000E+00   0.000000000000000E+00   0.000000000000000E+00   0.000000000000000E+00   0.000000000000000E+00   0.000000000000000E+00   0.000000000000000E+00   0.000000000000000E+00   0.000000000000000E+00   0.000000000000000E+00   0.000000000000000E+00   0.000000000000000E+00   0.000000000000000E+00   0.000000000000000E+00   0.000000000000000E+00   0.000000000000000E+00   0.000000000000000E+00   0.000000000000000E+00   0.000000000000000E+00   0.000000000000000E+00   0.000000000000000E+00   0.000000000000000E+00   0.000000000000000E+00   0.000000000000000E+00   0.000000000000000E+00   0.000000000000000E+00   0.000000000000000E+00   0.000000000000000E+00   0.000000000000000E+00   0.000000000000000E+00   0.000000000000000E+00   0.000000000000000E+00   0.000000000000000E+00   0.000000000000000E+00   0.000000000000000E+00   0.000000000000000E+00   0.000000000000000E+00   0.000000000000000E+00   0.000000000000000E+00   0.000000000000000E+00   0.000000000000000E+00   0.000000000000000E+00   0.000000000000000E+00   0.000000000000000E+00   0.000000000000000E+00   0.000000000000000E+00   0.000000000000000E+00   0.000000000000000E+00   0.000000000000000E+00   2.856273627747270E-05   2.511993943603483E-05  -1.878245882909464E-05   2.744781173897596E-05  -1.342489189771851E-06   2.084668144966285E-05  -2.495463154053505E-06   3.292032791251015E-05   0.000000000000000E+00   0.000000000000000E+00   0.000000000000000E+00   0.000000000000000E+00   0.000000000000000E+00   0.000000000000000E+00   0.000000000000000E+00  -4.159243383430814E-05   4.003087301515079E-05   1.210294967699219E-05  -3.962551664186960E-06   7.823245543905114E-06  -5.612833045999890E-06   1.401774833916417E-05   3.831200784661211E-06   2.469045805979512E-05   0.000000000000000E+00  -1.132350367285355E-04  -1.675092671663930E-04   1.039249201658753E-05  -2.275857697200655E-04   3.180617421327548E-05   2.526558087108626E-05   1.550221960369421E-05   3.611479346064434E-05   0.000000000000000E+00  -4.306020197453508E-05  -9.441415683192887E-05  -4.882807986239326E-05  -1.453460515683429E-04   1.550624958727857E-03  -1.307522483131611E-05   3.070232725204817E-04
   1.060163729382326E-02   8.984773237842702E-03  -1.649973845025719E-02  -3.549700817015146E-03   3.166469765917164E-02   2.835455453576744E-02  -3.092688008088720E-02  -3.151443908310562E-02   2.921821986863639E-02   1.319121255769090E-02  -4.455249519337588E-02   1.482032100218562E-02   8.124409756532763E-05   1.184168075459275E-04  -2.157067816219141E-04  -4.699480728247466E-05   2.944730650218734E-01   1.671237367973654E-01  -6.012312261874395E-02  -2.993660205998528E-01  -1.487156784445943E-03   3.148679662453143E-01   1.123978287684189E-03  -2.711337501907338E-01   2.440359440736579E-01   4.755926209322708E-04   2.057536607790947E-04  -8.884662834893037E-04   4.661759907476268E-04  -2.670027403496582E-05  -8.899285553550571E-06   2.092487639268462E-05  -8.446346465336003E-07   5.759500944502710E-05   2.852355538815613E-02   1.425520429185063E-02   1.451925885604425E-02  -4.315593821863917E-02   1.000000000000000E+00   0.000000000000000E+00   0.000000000000000E+00   0.000000000000000E+00  -5.719863780223815E-02  -1.502783763685710E-04  -2.433874622297825E-05  -9.300303174840936E-07   3.106474372751437E-06  -1.002222983590456E-06   1.117150770577520E-05  -6.054082868785087E-06   1.346513408138376E-05  -4.468978831839384E-08   1.220999738937024E-02   1.348588741198510E-03   1.540973968035698E-02  -1.537997246320582E-02  -1.375571245363662E-03   2.757968038250158E-01  -1.431203377488123E-01   2.967797430966523E-01   4.110955101358133E-02   4.820812955116385E-06  -6.660652159020249E-06   2.546698175332745E-05  -1.134442199432537E-05   0.000000000000000E+00   0.000000000000000E+00   0.000000000000000E+00   0.000000000000000E+00   0.000000000000000E+00   3.259220974333086E-02  -1.096277303800635E-02   4.970845078381080E-02  -1.763148160436037E-02  -3.064948251119702E-04  -4.874430441039850E-02  -8.304030518075931E-06   0.000000000000000E+00   0.000000000000000E+00   0.000000000000000E+00   0.000000000000000E+00   0.000000000000000E+00   0.000000000000000E+00   0.000000000000000E+00   0.000000000000000E+00  -1.175216771990403E-03   0.000000000000000E+00   0.000000000000000E+00   0.000000000000000E+00   0.000000000000000E+00   0.000000000000000E+00   0.000000000000000E+00   0.000000000000000E+00   0.000000000000000E+00   0.000000000000000E+00   0.000000000000000E+00   0.000000000000000E+00   0.000000000000000E+00   0.000000000000000E+00   0.000000000000000E+00   0.000000000000000E+00   0.000000000000000E+00   0.000000000000000E+00   0.000000000000000E+00   0.000000000000000E+00   0.000000000000000E+00   0.000000000000000E+00   0.000000000000000E+00   0.000000000000000E+00   0.000000000000000E+00   0.000000000000000E+00   0.000000000000000E+00   0.000000000000000E+00   0.000000000000000E+00   0.000000000000000E+00   0.000000000000000E+00   0.000000000000000E+00   0.000000000000000E+00   0.000000000000000E+00   0.000000000000000E+00   0.000000000000000E+00   0.000000000000000E+00   0.000000000000000E+00   0.000000000000000E+00   0.000000000000000E+00   0.000000000000000E+00   0.000000000000000E+00   1.624212772074119E-05   3.863790753820234E-06  -3.149674944579880E-06   2.301150416098471E-06   1.530708680914912E-05   4.803268181601145E-06  -1.866180096679482E-06   3.965864471143789E-06   0.000000000000000E+00   0.000000000000000E+00   0.000000000000000E+00   0.000000000000000E+00   0.000000000000000E+00   0.000000000000000E+00   0.000000000000000E+00   0.000000000000000E+00   0.000000000000000E+00   0.000000000000000E+00  -5.108606481600697E-06   2.429982524560604E-06  -2.512660097297788E-05   1.355285647874597E-05  -1.612860875017669E-05   1.429997091574131E-05  -3.893507559967485E-06   4.744462681947903E-07  -3.425147895285542E-06   0.000000000000000E+00   0.000000000000000E+00   0.000000000000000E+00   0.000000000000000E+00   0.000000000000000E+00   0.000000000000000E+00   0.000000000000000E+00   0.000000000000000E+00   0.000000000000000E+00  -2.089612426692114E-05   1.029725786712675E-05  -4.332363453428267E-06   5.466141539379667E-06  -1.674717666483862E-05  -3.940148537221545E-05  -2.801581202420519E-06  -3.010465239320745E-05   0.000000000000000E+00   0.000000000000000E+00   0.000000000000000E+00   0.000000000000000E+00   0.000000000000000E+00   0.000000000000000E+00   0.000000000000000E+00  -4.634819180733696E-05   1.410211856816307E-05   9.404811577892553E-05  -6.593076198844058E-06   5.456881152327614E-05  -6.070125971068664E-06  -3.215332869574903E-05  -1.292281866966714E-05  -2.689153494165659E-05   0.000000000000000E+00   9.950859627124529E-04   1.831952435461349E-03   3.422503036268250E-04   8.086017175088355E-04  -2.634936866369813E-05  -2.493472916430717E-05  -1.734014321610870E-05  -1.802088024381886E-05   0.000000000000000E+00   1.968152482888610E-04   3.725395129288237E-04   2.369167254756314E-04   1.863127869285708E-04  -1.058791263847958E-02   2.598931435497618E-05  -4.950998901408429E-04
  -8.984773237842702E-03  -4.052419779503459E-03   1.495200119954724E-02   3.216725588351189E-03  -2.835455453576744E-02  -1.427296500065499E-02   3.017461034774054E-02   3.074787748305707E-02  -1.319121255769090E-02   5.785955439755023E-03   2.187775995760980E-02  -7.277604182958263E-03  -1.184168075459275E-04  -8.455302563248627E-05   2.268161563406390E-04   4.941514344441494E-05  -1.671237367973654E-01   5.743600633931108E-02   4.240709577451617E-02   2.111540943692748E-01   1.534324713967193E-03  -1.123978287684189E-03   1.910074107573720E-01   1.216022540731113E-03  -1.094490112475518E-03  -2.057536607790947E-04   8.511028555248262E-05   3.649909892996334E-04  -1.915098402862032E-04   8.899285553550571E-06  -2.009274259014485E-05   3.017663752016929E-05  -1.218082873566293E-06   7.659602556187147E-06  -1.425520429185063E-02   4.200134324277280E-03  -7.888490603044584E-03   2.344714812778391E-02   0.000000000000000E+00   1.000000000000000E+00   0.000000000000000E+00   0.000000000000000E+00  -2.026661399101066E-02   2.993952987327179E-05   9.300303174840936E-07  -1.380891356348502E-05   3.173487319781641E-05  -1.023842964202855E-05   6.054082868785087E-06   8.805131663596632E-06  -2.294359455866572E-05   7.614810056049979E-08  -1.348588741198510E-03   4.600817708511350E-03  -1.823579834907831E-03   1.820057199349790E-03   8.632166519739584E-04   1.431203377488123E-01   6.994591418900668E-02   1.895679331856370E-01   2.625870801868090E-02   6.660652159020249E-06  -4.399210587373008E-07  -1.372206179395270E-05   6.112575927945195E-06   0.000000000000000E+00   0.000000000000000E+00   0.000000000000000E+00   0.000000000000000E+00   0.000000000000000E+00   1.096277303800635E-02   9.802033019644342E-03   1.822954957477590E-02  -6.465982401690858E-03   2.259368503699301E-05  -4.029250597304179E-02  -7.306656123790617E-06   0.000000000000000E+00   0.000000000000000E+00   0.000000000000000E+00   0.000000000000000E+00   0.000000000000000E+00   0.000000000000000E+00   0.000000000000000E+00   0.000000000000000E+00  -5.752698530148965E-04   0.000000000000000E+00   0.000000000000000E+00   0.000000000000000E+00   0.000000000000000E+00   0.000000000000000E+00   0.000000000000000E+00   0.000000000000000E+00   0.000000000000000E+00   0.000000000000000E+00   0.000000000000000E+00   0.000000000000000E+00   0.000000000000000E+00   0.000000000000000E+00   0.000000000000000E+00   0.000000000000000E+00   0.000000000000000E+00   0.000000000000000E+00   0.000000000000000E+00   0.000000000000000E+00   0.000000000000000E+00   0.000000000000000E+00   0.000000000000000E+00   0.000000000000000E+00   0.000000000000000E+00   0.000000000000000E+00   0.000000000000000E+00   0.000000000000000E+00   0.000000000000000E+00   0.000000000000000E+00   0.000000000000000E+00   0.000000000000000E+00   0.000000000000000E+00   0.000000000000000E+00   0.000000000000000E+00   0.000000000000000E+00   0.000000000000000E+00   0.000000000000000E+00   0.000000000000000E+00   0.000000000000000E+00   0.000000000000000E+00   0.000000000000000E+00  -3.863790753820234E-06   2.113287029193639E-05  -1.591429029488960E-05   1.162696988685027E-05  -4.803268181601145E-06   2.060840552565890E-05  -7.349148361756213E-06   1.561785297834486E-05   0.000000000000000E+00   0.000000000000000E+00   0.000000000000000E+00   0.000000000000000E+00   0.000000000000000E+00   0.000000000000000E+00   0.000000000000000E+00   0.000000000000000E+00   0.000000000000000E+00   0.000000000000000E+00  -7.171685718155878E-06   2.512660097297788E-05   3.395285343437135E-05  -2.092955911196534E-05   2.490727108045187E-05   3.893507559967485E-06   2.989914093017442E-05  -3.637862694480127E-06   2.626265308977135E-05   0.000000000000000E+00   0.000000000000000E+00   0.000000000000000E+00   0.000000000000000E+00   0.000000000000000E+00   0.000000000000000E+00   0.000000000000000E+00   0.000000000000000E+00   0.000000000000000E+00  -1.029725786712675E-05  -1.092102466404273E-04   4.523061505034313E-05  -5.706745208154897E-05   3.940148537221545E-05   7.110252418205696E-06   1.182996179506675E-06   1.271199590280348E-05   0.000000000000000E+00   0.000000000000000E+00   0.000000000000000E+00   0.000000000000000E+00   0.000000000000000E+00   0.000000000000000E+00   0.000000000000000E+00   1.917130020477697E-04  -9.404811577892553E-05  -2.203748531829320E-04   1.652027305648058E-05  -1.367330877944656E-04   3.215332869574903E-05   2.317379336072679E-05   1.226993691182076E-05   2.553293098282316E-05   0.000000000000000E+00  -1.831952435461349E-03  -3.046430712371496E-03  -6.336319038783959E-04  -1.497020865474863E-03   2.493472916430717E-05  -3.365703006086946E-05  -1.720701377878004E-05  -1.788252442881048E-05   0.000000000000000E+00  -3.725395129288237E-04  -5.201372517302507E-04  -3.806253091202007E-04  -2.993261112121336E-04   1.860136490010707E-02  -4.539514886532084E-05   6.660646744471083E-04
   1.649973845025719E-02   1.495200119954724E-02  -2.336847479130379E-02  -5.907230986142054E-03   3.092688008088720E-02   3.017461034774054E-02  -1.952016197273217E-02  -3.353732531614183E-02   4.455249519337588E-02   2.187775995760980E-02  -6.162718910418780E-02   2.457965285317919E-02   2.157067816219141E-04   2.268161563406390E-04  -3.732033597226870E-04  -9.001409324133191E-05   6.012312261874395E-02   4.240709577451617E-02   1.600586091308308E-01  -7.596313815437541E-02  -1.304245137676683E-03   2.711337501907338E-01   1.216022540731113E-03  -1.023248443515646E-01   2.640204103529320E-01   8.884662834893037E-04   3.649909892996334E-04  -1.406434093024927E-03   8.269599452395305E-04  -2.092487639268462E-05   3.017663752016929E-05  -7.821299273865146E-05   2.864076381418242E-06  -1.220405450613334E-05  -1.451925885604425E-02  -7.888490603044584E-03   3.910548747666724E-03   2.388146855937565E-02   0.000000000000000E+00   0.000000000000000E+00   1.000000000000000E+00   0.000000000000000E+00  -3.649438500651910E-02  -3.006773310440285E-04  -3.106474372751437E-06   3.173487319781641E-05  -1.103083674944366E-04   3.419826074726251E-05  -1.346513408138376E-05  -2.294359455866572E-05   4.951921126622716E-05  -1.693641144848727E-07  -1.540973968035698E-02  -1.823579834907831E-03  -1.607684832934543E-02   2.079700563154223E-02   3.587244757565287E-04  -2.967797430966523E-01   1.895679331856370E-01  -2.317312646354771E-01  -5.445104967200087E-02  -2.546698175332745E-05  -1.372206179395270E-05   4.843745974052869E-05  -2.337141407572123E-05   0.000000000000000E+00   0.000000000000000E+00   0.000000000000000E+00   0.000000000000000E+00   0.000000000000000E+00  -4.970845078381080E-02   1.822954957477590E-02  -6.883575779559635E-02   2.931867392211268E-02   4.620145170077883E-04   5.377234812273245E-02   3.955128190446462E-05   0.000000000000000E+00   0.000000000000000E+00   0.000000000000000E+00   0.000000000000000E+00   0.000000000000000E+00   0.000000000000000E+00   0.000000000000000E+00   0.000000000000000E+00   2.099565593779125E-03   0.000000000000000E+00   0.000000000000000E+00   0.000000000000000E+00   0.000000000000000E+00   0.000000000000000E+00   0.000000000000000E+00   0.000000000000000E+00   0.000000000000000E+00   0.000000000000000E+00   0.000000000000000E+00   0.000000000000000E+00   0.000000000000000E+00   0.000000000000000E+00   0.000000000000000E+00   0.000000000000000E+00   0.000000000000000E+00   0.000000000000000E+00   0.000000000000000E+00   0.000000000000000E+00   0.000000000000000E+00   0.000000000000000E+00   0.000000000000000E+00   0.000000000000000E+00   0.000000000000000E+00   0.000000000000000E+00   0.000000000000000E+00   0.000000000000000E+00   0.000000000000000E+00   0.000000000000000E+00   0.000000000000000E+00   0.000000000000000E+00   0.000000000000000E+00   0.000000000000000E+00   0.000000000000000E+00   0.000000000000000E+00   0.000000000000000E+00   0.000000000000000E+00   0.000000000000000E+00   0.000000000000000E+00   0.000000000000000E+00   0.000000000000000E+00   3.149674944579880E-06  -1.591429029488960E-05   1.458335340507824E-05  -9.478043213853833E-06   1.866180096679482E-06  -7.349148361756213E-06   4.548110955509601E-06  -6.067894874722146E-06   0.000000000000000E+00   0.000000000000000E+00   0.000000000000000E+00   0.000000000000000E+00   0.000000000000000E+00   0.000000000000000E+00   0.000000000000000E+00   0.000000000000000E+00   0.000000000000000E+00   0.000000000000000E+00   6.726224004928116E-06  -1.355285647874597E-05  -2.092955911196534E-05   6.439105013839306E-06  -1.343455370639326E-05  -4.744462681947903E-07  -3.637862694480127E-06   4.885892400319697E-07  -3.200255183642293E-06   0.000000000000000E+00   0.000000000000000E+00   0.000000000000000E+00   0.000000000000000E+00   0.000000000000000E+00   0.000000000000000E+00   0.000000000000000E+00   0.000000000000000E+00   0.000000000000000E+00   4.332363453428267E-06   4.523061505034313E-05  -2.073498278963780E-05   2.400997886705914E-05   2.801581202420519E-06   1.182996179506675E-06  -9.443310741341508E-06   9.038666545209590E-07   0.000000000000000E+00   0.000000000000000E+00   0.000000000000000E+00   0.000000000000000E+00   0.000000000000000E+00   0.000000000000000E+00   0.000000000000000E+00  -1.150470723890040E-04   6.593076198844058E-06   1.652027305648058E-05   1.412341499562532E-05   9.585430385987104E-06   1.292281866966714E-05   1.226993691182076E-05  -2.423658311540967E-06   1.026199931952219E-05   0.000000000000000E+00  -3.422503036268250E-04  -6.336319038783959E-04   2.268140257106635E-04  -2.796774827919783E-04   1.734014321610870E-05  -1.720701377878004E-05  -2.087986286983142E-05  -1.243588942225242E-05   0.000000000000000E+00  -2.369167254756314E-04  -3.806253091202007E-04  -1.636821853269917E-04  -1.903566189803932E-04   9.209561066487284E-04  -4.581010185681445E-05   6.814621124290792E-04
   3.549700817015146E-03   3.216725588351189E-03  -5.907230986142054E-03   2.818685354306179E-03   3.151443908310562E-02   3.074787748305707E-02  -3.353732531614183E-02  -2.078258900601085E-02  -1.482032100218562E-02  -7.277604182958263E-03   2.457965285317919E-02   4.087191696199615E-03   4.699480728247466E-05   4.941514344441494E-05  -9.001409324133191E-05   2.035165097975085E-05   2.993660205998528E-01   2.111540943692748E-01  -7.596313815437541E-02  -2.029222283494371E-01  -1.988951736395468E-03  -2.440359440736579E-01  -1.094490112475518E-03   2.640204103529320E-01  -4.662107801223128E-02  -4.661759907476268E-04  -1.915098402862032E-04   8.269599452395305E-04  -2.642677891694659E-04   8.446346465336003E-07  -1.218082873566293E-06   2.864076381418242E-06  -7.374320210887681E-06  -5.426081036053691E-06   4.315593821863917E-02   2.344714812778391E-02   2.388146855937565E-02  -5.903829579957276E-02   0.000000000000000E+00   0.000000000000000E+00   0.000000000000000E+00   1.000000000000000E+00   7.989976806590880E-02   2.606913153367014E-04   1.002222983590456E-06  -1.023842964202855E-05   3.419826074726251E-05  -1.534116142813656E-05   4.468978831839384E-08   7.614810056049979E-08  -1.693641144848727E-07  -1.510016561445772E-06   1.537997246320582E-02   1.820057199349790E-03   2.079700563154223E-02  -1.599642282117874E-02  -2.448015269611031E-03  -4.110955101358133E-02   2.625870801868090E-02  -5.445104967200087E-02   1.538214784708038E-01   1.134442199432537E-05   6.112575927945195E-06  -2.337141407572123E-05   6.382139955316593E-06   0.000000000000000E+00   0.000000000000000E+00   0.000000000000000E+00   0.000000000000000E+00   0.000000000000000E+00   1.763148160436037E-02  -6.465982401690858E-03   2.931867392211268E-02   3.423132845755083E-03  -4.644131679788703E-04   3.984155576221526E-02  -2.585733335185183E-05   0.000000000000000E+00   0.000000000000000E+00   0.000000000000000E+00   0.000000000000000E+00   0.000000000000000E+00   0.000000000000000E+00   0.000000000000000E+00   0.000000000000000E+00  -5.431707847325946E-04   0.000000000000000E+00   0.000000000000000E+00   0.000000000000000E+00   0.000000000000000E+00   0.000000000000000E+00   0.000000000000000E+00   0.000000000000000E+00   0.000000000000000E+00   0.000000000000000E+00   0.000000000000000E+00   0.000000000000000E+00   0.000000000000000E+00   0.000000000000000E+00   0.000000000000000E+00   0.000000000000000E+00   0.000000000000000E+00   0.000000000000000E+00   0.000000000000000E+00   0.000000000000000E+00   0.000000000000000E+00   0.000000000000000E+00   0.000000000000000E+00   0.000000000000000E+00   0.000000000000000E+00   0.000000000000000E+00   0.000000000000000E+00   0.000000000000000E+00   0.000000000000000E+00   0.000000000000000E+00   0.000000000000000E+00   0.000000000000000E+00   0.000000000000000E+00   0.000000000000000E+00   0.000000000000000E+00   0.000000000000000E+00   0.000000000000000E+00   0.000000000000000E+00   0.000000000000000E+00   0.000000000000000E+00   0.000000000000000E+00   0.000000000000000E+00  -2.301150416098471E-06   1.162696988685027E-05  -9.478043213853833E-06   8.535035496975004E-06  -3.965864471143789E-06   1.561785297834486E-05  -6.067894874722146E-06   1.458782808536513E-05   0.000000000000000E+00   0.000000000000000E+00   0.000000000000000E+00   0.000000000000000E+00   0.000000000000000E+00   0.000000000000000E+00   0.000000000000000E+00   0.000000000000000E+00   0.000000000000000E+00   0.000000000000000E+00  -3.008004694506321E-06   1.612860875017669E-05   2.490727108045187E-05  -1.343455370639326E-05   1.113788299858437E-05   3.425147895285542E-06   2.626265308977135E-05  -3.200255183642293E-06   2.314874829111144E-05   0.000000000000000E+00   0.000000000000000E+00   0.000000000000000E+00   0.000000000000000E+00   0.000000000000000E+00   0.000000000000000E+00   0.000000000000000E+00   0.000000000000000E+00   0.000000000000000E+00  -5.466141539379667E-06  -5.706745208154897E-05   2.400997886705914E-05  -3.199849665380864E-05   3.010465239320745E-05   1.271199590280348E-05   9.038666545209590E-07   1.851576890963327E-07   0.000000000000000E+00   0.000000000000000E+00   0.000000000000000E+00   0.000000000000000E+00   0.000000000000000E+00   0.000000000000000E+00   0.000000000000000E+00   7.234235051130343E-05  -5.456881152327614E-05  -1.367330877944656E-04   9.585430385987104E-06  -6.405404360490332E-05   2.689153494165659E-05   2.553293098282316E-05   1.026199931952219E-05   1.399944801391995E-05   0.000000000000000E+00  -8.086017175088355E-04  -1.497020865474863E-03  -2.796774827919783E-04  -3.155761107610196E-04   1.802088024381886E-05  -1.788252442881048E-05  -1.243588942225242E-05  -2.183783389032078E-05   0.000000000000000E+00  -1.863127869285708E-04  -2.993261112121336E-04  -1.903566189803932E-04  -7.132092243980374E-05   4.189089317604492E-03  -3.806769222958901E-05   2.501421376727658E-04
  -1.339713513791991E-03  -1.356672304347975E-03   1.188344278717266E-03   1.806895054816412E-03  -3.254704189519495E-04  -3.214814536172499E-04   1.036462232957704E-04   5.991446234211565E-04  -5.595056029161424E-02  -4.749741386962286E-02   5.795567479415113E-02   4.687998081585194E-02   2.535588763501083E-05  -5.729753102839071E-05   6.441181681392096E-05   6.185333074675912E-05  -1.534728887120692E-03  -1.003087217934364E-03  -5.355859907541328E-04   2.689396479871253E-03  -9.057868276218983E-05  -4.298818111884938E-01  -2.047161857536846E-01   6.667370334349298E-02   4.111180754155088E-01  -1.120324945421325E-02  -9.146602991865288E-03   1.789937108784112E-02   1.188410853230134E-03   5.385004517274255E-05  -1.547461810052070E-05   2.390966163967907E-05   1.066252812710012E-05  -6.971835842146888E-05   2.594236616504793E-05  -2.780051778389189E-05  -3.683470883094027E-05   9.412904940451948E-05  -5.719863780223815E-02  -2.026661399101066E-02  -3.649438500651910E-02   7.989976806590880E-02   1.000000000000000E+00   1.850526782935694E-02  -1.289018214827193E-04  -1.626902107547072E-04   3.248682519300655E-04   3.809121897879193E-05  -2.717998972260423E-06   2.738442074723338E-05  -4.398745503137546E-05  -1.640176334644337E-05   5.257499582095548E-05  -4.712300187006042E-06  -2.050296744271185E-05   2.789398822720243E-05  -7.625167588011801E-05  -1.034565923612541E-02   9.998010657147249E-04  -1.463272397803485E-02   1.156187656597998E-02   6.269990989765487E-05   6.829993829602489E-06  -1.652398474752257E-05   2.005841829071028E-06   0.000000000000000E+00   0.000000000000000E+00   0.000000000000000E+00   0.000000000000000E+00   0.000000000000000E+00  -1.312295336909366E-04   1.550002828103978E-06  -2.793306738463890E-04   2.410844299752490E-04  -2.843200930026423E-05   1.350166761706316E-02  -8.206279391254588E-05  -1.208623127582517E-05   1.400730243062454E-05  -3.248087601761776E-05   1.711943357792459E-06   0.000000000000000E+00   0.000000000000000E+00   0.000000000000000E+00   0.000000000000000E+00  -9.284129306334471E-05   0.000000000000000E+00   0.000000000000000E+00   0.000000000000000E+00   0.000000000000000E+00   0.000000000000000E+00   0.000000000000000E+00   0.000000000000000E+00   0.000000000000000E+00   0.000000000000000E+00   0.000000000000000E+00   0.000000000000000E+00   0.000000000000000E+00   0.000000000000000E+00   0.000000000000000E+00   0.000000000000000E+00   0.000000000000000E+00   0.000000000000000E+00   0.000000000000000E+00   0.000000000000000E+00   0.000000000000000E+00   0.000000000000000E+00   0.000000000000000E+00   0.000000000000000E+00   0.000000000000000E+00   0.000000000000000E+00   0.000000000000000E+00   0.000000000000000E+00   0.000000000000000E+00   0.000000000000000E+00   0.000000000000000E+00   0.000000000000000E+00   0.000000000000000E+00   0.000000000000000E+00   0.000000000000000E+00   0.000000000000000E+00   0.000000000000000E+00   0.000000000000000E+00   0.000000000000000E+00   0.000000000000000E+00   0.000000000000000E+00   0.000000000000000E+00  -3.396408563066315E-06   4.581028906707022E-05  -2.651459998446132E-05   8.497346862971449E-06   6.592676651546108E-07   5.252175108383824E-05  -1.053125864333841E-05   2.185840271702096E-05   0.000000000000000E+00   0.000000000000000E+00   0.000000000000000E+00   0.000000000000000E+00   0.000000000000000E+00   0.000000000000000E+00   0.000000000000000E+00   0.000000000000000E+00   0.000000000000000E+00   0.000000000000000E+00  -2.800119693873805E-06   4.605223168355193E-05   6.905963634413899E-05  -2.227087816950702E-05   1.498518528059815E-05   1.388874277125947E-05   6.258514707009471E-05   2.993794476511142E-06   2.841943043942045E-05   0.000000000000000E+00   0.000000000000000E+00   0.000000000000000E+00   0.000000000000000E+00   0.000000000000000E+00   0.000000000000000E+00   0.000000000000000E+00   0.000000000000000E+00   0.000000000000000E+00   2.033982964716132E-05  -1.146088743756860E-04   2.109424230062026E-05  -6.217160292924603E-06   6.032562181161646E-05   4.933345509354287E-05   1.182344030866679E-05   1.506523461883750E-05   0.000000000000000E+00   0.000000000000000E+00   0.000000000000000E+00   0.000000000000000E+00   0.000000000000000E+00   0.000000000000000E+00   0.000000000000000E+00   7.028306175160408E-05  -1.317555494049841E-05  -1.773782960027034E-04  -2.394728895222734E-05  -1.496606487227265E-05   3.399178355386882E-05   6.419004192829083E-05   3.478099278773356E-05   2.299918994849616E-05   0.000000000000000E+00  -1.905808875599297E-04  -4.281615236993708E-04  -1.692569117197863E-04   5.348995664766850E-05   5.265267441338261E-05   5.248622296717525E-05   4.318282267448134E-05   9.726666145551636E-06   0.000000000000000E+00   2.779612780494117E-05  -7.888090284823281E-05  -6.232907267612402E-05   6.948115061079701E-06   7.065701706737980E-04  -8.170497528842743E-06  -6.061772809475896E-05
  -1.354416813683318E-03  -7.787134052039509E-04  -4.699141065858122E-04   2.415032492366709E-03   1.686584579342836E-05  -2.763500615913633E-05  -4.422129997080036E-05   1.122767562304007E-04  -6.083425137220070E-02  -1.650434588687311E-02  -3.649590172678486E-02   8.640457222889641E-02  -2.806790195431718E-04  -2.670651975015627E-04   9.206131661099839E-05   5.427665617064735E-04   5.127395652748386E-05  -3.047658314236801E-06  -2.310347059962944E-05   3.169712739577457E-05  -7.631741163899460E-05  -1.193496363487281E-02   2.378398199507434E-03  -1.617987006241101E-02   1.376247001465560E-02  -4.485502630593836E-01  -2.040961374324309E-01   9.813194859660089E-02   4.188257526304961E-01  -1.423976270455305E-03  -1.343656428236169E-03   1.279636793726802E-03   1.977211230412749E-03  -9.369358384109447E-05  -6.240756624606953E-06   3.529278601980910E-06   3.087749172198104E-05  -3.962800395883271E-05  -1.502783763685710E-04   2.993952987327179E-05  -3.006773310440285E-04   2.606913153367014E-04   1.850526782935694E-02   1.000000000000000E+00  -5.355997720104336E-02  -4.130155674376900E-02   5.716278305359367E-02   4.745844778075246E-02   6.107821723470180E-06  -7.503477996159047E-05   9.004076953835693E-05   8.495429172046809E-05   0.000000000000000E+00   0.000000000000000E+00   0.000000000000000E+00   0.000000000000000E+00   0.000000000000000E+00   6.309861031719484E-05  -5.331703752055822E-06   2.499285493051866E-05  -1.419848123177438E-05  -1.264236734989197E-02  -9.504037327486557E-03   2.038818213256926E-02   1.775786161279948E-03   5.420579985090286E-05  -1.453318780601661E-05   2.301350016062215E-05   1.030861103856433E-05  -8.067224072343389E-05  -1.208218275187308E-05  -4.416680823187206E-06   2.930459152039442E-05  -1.906020245747607E-05   0.000000000000000E+00  -9.671574179245432E-05   2.675723793226642E-02  -1.485677824250930E-04  -1.695808025021371E-04   3.553885271121844E-04   4.526031024680374E-05  -6.419182866996016E-06   2.477853446275005E-05  -4.074153747235241E-05  -1.552936003189881E-05   0.000000000000000E+00   6.300376219150988E-05   7.805884663203078E-06  -2.223491528014693E-05   1.845074609966702E-06   0.000000000000000E+00   0.000000000000000E+00   0.000000000000000E+00   0.000000000000000E+00   0.000000000000000E+00  -1.206305368952672E-05   1.235564969328430E-05  -3.240500510487489E-05   6.515776432428669E-07  -9.368593762628259E-05   0.000000000000000E+00   0.000000000000000E+00   8.779547977402427E-06   5.877187973197222E-05  -1.264189830796653E-05   2.495682317823787E-05   0.000000000000000E+00   0.000000000000000E+00   0.000000000000000E+00   0.000000000000000E+00   5.130163850905275E-05   6.472461160965188E-05  -2.256028698632356E-05   1.484385483013108E-05   1.937264694658279E-05   6.505271188248766E-05   2.547367556418474E-06   3.086248281561311E-05   0.000000000000000E+00   0.000000000000000E+00   0.000000000000000E+00   0.000000000000000E+00   0.000000000000000E+00   2.537511569570463E-07   4.867194053906764E-05  -2.905989210226236E-05   9.331666438718485E-06   2.441599790692638E-05  -1.061128026755128E-04   2.016810020656480E-05  -4.886712987007054E-06   6.290523627756759E-05   3.335129554662507E-05   7.594466968850653E-06   1.075834649665386E-05   0.000000000000000E+00   0.000000000000000E+00   0.000000000000000E+00   0.000000000000000E+00   0.000000000000000E+00   0.000000000000000E+00   0.000000000000000E+00   0.000000000000000E+00   0.000000000000000E+00  -7.604936569808132E-06  -2.936621423712631E-05  -1.160136375670231E-05  -1.749857669382982E-04  -2.168287519202685E-05  -1.381849467547734E-05   4.752165186335981E-05   6.154721846734142E-05   3.273970876709927E-05   2.239486839948261E-05   0.000000000000000E+00   0.000000000000000E+00   0.000000000000000E+00   0.000000000000000E+00   0.000000000000000E+00   0.000000000000000E+00   0.000000000000000E+00   0.000000000000000E+00   0.000000000000000E+00  -2.035059119539023E-04  -4.499095689695167E-04  -1.675771262105868E-04   6.442259891857377E-05   5.529504938991127E-05   4.980729428936265E-05   4.085358910300587E-05   8.751229578040695E-06   0.000000000000000E+00   0.000000000000000E+00   0.000000000000000E+00   0.000000000000000E+00   0.000000000000000E+00   0.000000000000000E+00   0.000000000000000E+00   6.043292389687180E-04   1.816730619141584E-05  -9.510271157247736E-05  -7.428601840072071E-05   1.079011440805486E-05  -1.061093922123077E-05   2.779143837296093E-05   3.335119190322071E-05   6.528013092631173E-06   0.000000000000000E+00   5.448579302205326E-05  -1.688963944380833E-05  -2.123777090472748E-05   7.156266843542970E-06  -5.848957251158030E-06   6.156816196725226E-06   1.027734039231282E-05  -8.546010528407587E-09   0.000000000000000E+00   1.837525135574400E-05   3.428844447861677E-05   6.134643691644124E-05  -1.324071918883640E-05  -2.240721766556387E-05   0.000000000000000E+00   0.000000000000000E+00
   9.707345862440922E-03  -1.181560827708826E-04   1.270798333358164E-02  -1.218622760218637E-02   8.085482266252280E-05  -1.790901939863957E-06   1.809055550291941E-04  -1.721566661071627E-04   3.064645331103967E-02  -1.413830690658022E-02   4.670760701632018E-02  -1.459912294958869E-02   2.745496627237765E-02   1.205165559934780E-02   1.589883365469099E-02  -4.153525007708358E-02  -2.674321668553781E-05   3.147939026779048E-06  -1.994995183626542E-05   1.247448190467424E-05   5.548429983990710E-05   4.783812563012234E-04  -3.664464882303188E-04   9.509607798158285E-04  -1.469272788055997E-04   3.050691820242050E-01  -1.517070021897126E-01   3.156355752417974E-01   6.867701753465234E-02   2.879766393198947E-01   1.520562627320788E-01  -3.624560142686076E-02  -3.048464133262932E-01  -1.281003757463919E-03   1.201282169072732E-05   1.173503728851463E-06  -1.015050464793790E-05   7.132708783369524E-06  -2.433874622297825E-05   9.300303174840936E-07  -3.106474372751437E-06   1.002222983590456E-06  -1.289018214827193E-04  -5.355997720104336E-02   1.000000000000000E+00   0.000000000000000E+00   0.000000000000000E+00   0.000000000000000E+00   4.023592136469705E-02   3.559780574079392E-02  -3.738188132895996E-02  -3.981469915431949E-02   0.000000000000000E+00   0.000000000000000E+00   0.000000000000000E+00   0.000000000000000E+00   0.000000000000000E+00   7.312452054197094E-06   7.503650841889255E-06  -2.205665102835762E-05   4.845766930076879E-06   3.020795096462471E-01   2.165776589663044E-02  -2.486851355033640E-01   2.515910305004269E-01   1.188504156431671E-02   1.043916903251008E-02  -1.811808681161569E-02  -3.904931408593268E-03  -1.817060741273790E-03   0.000000000000000E+00   0.000000000000000E+00   0.000000000000000E+00   0.000000000000000E+00   0.000000000000000E+00  -7.412688479814747E-06  -6.360506656933682E-02   3.329354262856753E-02   1.576460618290032E-02  -4.989386618753407E-02   1.668764515095647E-02   9.161701093660396E-05   1.310220504759867E-04  -2.329522994713554E-04  -4.693836334987953E-05   0.000000000000000E+00   5.575688654027571E-04   1.990960526188850E-04  -1.051880866736076E-03   5.056675691418987E-04  -2.676411052717080E-05  -9.841068918665555E-06   2.222530818582531E-05  -8.681482870515806E-07   5.600111544216850E-05  -2.216148772422937E-05   1.808100323963272E-06  -6.646154212480266E-06   1.942783169184373E-06  -1.616839590398411E-04   1.434947997754165E-07   2.605129133792028E-05  -1.504290326458465E-05  -3.860316855878618E-05  -2.448999469976827E-06  -3.086838378344552E-05   1.531570666854549E-05  -8.950923980840969E-07   9.946503724105427E-08  -8.131401327441148E-07  -5.593743870562523E-06   5.199297337851796E-05  -3.990129016301727E-06   3.073688689815478E-05  -4.853190112170662E-06  -3.081147641472323E-05  -1.195788821519903E-05  -2.688217399906046E-05   9.531084092930516E-06   3.815667811236823E-06  -1.466514553979272E-06   3.299884784651793E-06   0.000000000000000E+00  -2.558727237673468E-05  -9.318407174838262E-06   3.716647456037712E-06  -4.933309674157596E-06   4.820835051002406E-04   9.484734520327997E-04   1.620545957121206E-04   3.863335814510600E-04  -2.510501976555773E-05  -2.920443205054350E-05  -1.982671274769764E-05  -2.145185606647801E-05   0.000000000000000E+00   0.000000000000000E+00   0.000000000000000E+00   0.000000000000000E+00   0.000000000000000E+00   4.535204258108825E-06  -2.188259165372227E-05   1.196717498446743E-05  -1.515259582353857E-05   2.228216599042302E-05  -2.088169541782913E-03   1.093917942980212E-04   2.445923538014858E-04   1.462386868538793E-04   1.137268583666987E-04   2.697104726753747E-07  -2.143724254851757E-05  -2.338306574486851E-05  -1.725987921781359E-05   0.000000000000000E+00   0.000000000000000E+00   0.000000000000000E+00   0.000000000000000E+00   0.000000000000000E+00   1.590492592508193E-05   4.222772025967107E-06  -3.505682950377340E-06   2.688800328256732E-06   2.770058959640831E-04   4.293895667255945E-04   4.568332587436078E-04   1.085383732929739E-04   2.095807938810236E-07  -1.843346542978775E-05  -2.893924442256773E-05  -1.154436967081424E-05   0.000000000000000E+00   0.000000000000000E+00   0.000000000000000E+00   0.000000000000000E+00   0.000000000000000E+00   0.000000000000000E+00  -2.465907767893857E-06  -2.309605514540251E-03  -2.594762106110909E-05  -7.072877513526637E-06  -1.185472203017080E-05  -2.225238374393809E-06   1.956767151759575E-07   5.176592515123801E-08   1.095702631635301E-07   3.757149369722454E-08   0.000000000000000E+00  -2.110452868765607E-05  -1.651159213317245E-05  -4.514779535747923E-05   2.997239957333032E-07   0.000000000000000E+00   0.000000000000000E+00   0.000000000000000E+00   0.000000000000000E+00   0.000000000000000E+00   1.595341209586014E-05   4.696216017914708E-07   1.715454456277402E-06   2.908413054622418E-08   5.818147432079644E-05   0.000000000000000E+00   0.000000000000000E+00
   1.181560827708826E-04   3.718855768631880E-03   1.651894995883442E-04  -1.584072615326193E-04   1.790901939863957E-06   3.979985421556915E-05   2.887663181439990E-06  -2.748011060671330E-06   1.413830690658022E-02   5.819319714862272E-03   2.346121030182911E-02  -7.333132986729160E-03  -1.205165559934780E-02   5.710516759985679E-03  -7.581016185634891E-03   1.980518885521251E-02  -3.147939026779048E-06  -8.831058071817499E-06   9.080092184107498E-06  -5.677680155473834E-06   2.380158697872704E-06   3.664464882303188E-04  -9.614525583992011E-05   6.921181075948215E-04  -1.069350411913757E-04   1.517070021897126E-01   8.912228637822914E-02   1.961691424986125E-01   4.268312159937693E-02  -1.520562627320788E-01   7.097110107789723E-02   2.370481511587832E-02   1.993711673186128E-01   7.741740631727935E-04  -1.173503728851463E-06  -5.939477881258441E-07  -4.582131048914264E-06   3.219840541207043E-06  -9.300303174840936E-07  -1.380891356348502E-05   3.173487319781641E-05  -1.023842964202855E-05  -1.626902107547072E-04  -4.130155674376900E-02   0.000000000000000E+00   1.000000000000000E+00   0.000000000000000E+00   0.000000000000000E+00  -3.559780574079392E-02  -1.708798670552278E-02   3.624224003777258E-02   3.860088985582081E-02   0.000000000000000E+00   0.000000000000000E+00   0.000000000000000E+00   0.000000000000000E+00   0.000000000000000E+00  -7.503650841889255E-06   3.420887601295744E-06  -1.919179244695148E-05   4.216367799842802E-06  -2.165776589663044E-02   1.791742805895788E-01   2.224788120528921E-02  -2.250784851921347E-02  -1.043916903251008E-02  -5.196173730580891E-03   1.704408092458852E-02   3.673454467077695E-03   1.771132916640439E-03   0.000000000000000E+00   0.000000000000000E+00   0.000000000000000E+00   0.000000000000000E+00   0.000000000000000E+00   6.016940476302618E-06  -1.873570438920913E-02  -1.576460618290032E-02   6.006454427829187E-03   2.577031270773625E-02  -8.619212475527369E-03  -1.310220504759867E-04  -9.518433582138868E-05   2.466016466696736E-04   4.968861745656673E-05   0.000000000000000E+00  -1.990960526188850E-04   1.283022946777269E-04   3.620733912290151E-04  -1.740584674401895E-04   9.841068918665555E-06  -2.058097078429992E-05   2.958664009528176E-05  -1.155691102394343E-06   1.109583120457939E-05  -1.808100323963272E-06  -1.197252164956053E-05   3.449998760486276E-05  -1.008492928586193E-05   1.597306641915536E-05  -2.424621041307963E-05  -1.618455985464664E-05   3.860316855878618E-05   1.085114642465281E-05   1.276774445400988E-06   1.609308783799224E-05   8.950923980840969E-07   2.737409755005007E-05  -2.968916150430245E-06   2.427129109514429E-05  -5.199297337851796E-05  -1.691924625284816E-04   1.349580266267179E-05  -1.039612900604493E-04   3.081147641472323E-05   2.375900523530884E-05   1.195086464498025E-05   2.686638451906883E-05  -3.815667811236823E-06   1.140821981075915E-05  -3.918990547646322E-06   8.818335450051791E-06   0.000000000000000E+00   9.318407174838262E-06  -8.220612885239682E-05   3.058065154838118E-05  -4.059137324972599E-05  -9.484734520327997E-04  -1.602573832376784E-03  -3.031635248559563E-04  -7.227332850898539E-04   2.920443205054350E-05  -2.412819034090932E-05  -9.896505402250246E-06  -1.070769583197029E-05   0.000000000000000E+00   0.000000000000000E+00   0.000000000000000E+00   0.000000000000000E+00   0.000000000000000E+00   2.188259165372227E-05   3.324643748215184E-05  -2.044041432701246E-05   2.588124074101776E-05   9.485247108840326E-05   3.910331939730994E-03  -2.445923538014858E-04  -3.699308075552064E-04  -2.507879224777343E-04  -1.950326767376010E-04   2.143724254851757E-05   1.730777346756566E-05   2.492786687661938E-05   1.840015232145541E-05   0.000000000000000E+00   0.000000000000000E+00   0.000000000000000E+00   0.000000000000000E+00   0.000000000000000E+00  -4.222772025967107E-06   1.944630087825808E-05  -1.475427672010610E-05   1.131628405927064E-05  -4.293895667255945E-04  -4.888933655433427E-04  -6.313372171235256E-04  -1.499985240443253E-04   1.843346542978775E-05   1.124004170936203E-05   2.638193768010610E-05   1.052421537910024E-05   0.000000000000000E+00   0.000000000000000E+00   0.000000000000000E+00   0.000000000000000E+00   0.000000000000000E+00   0.000000000000000E+00  -3.172039600241720E-06   2.917950199758425E-03   7.072877513526637E-06  -3.263982876962685E-05  -4.471095771500075E-05  -8.392650507545063E-06  -5.176592515123801E-08   8.745904033737049E-08   1.272678450646931E-07   4.363997037746473E-08   0.000000000000000E+00   1.651159213317245E-05  -9.386348344600150E-06   1.427751965744592E-06  -9.478458930290952E-09   0.000000000000000E+00   0.000000000000000E+00   0.000000000000000E+00   0.000000000000000E+00   0.000000000000000E+00  -4.696216017914708E-07   4.268430991329329E-06   1.157725291057112E-05   1.962828764037179E-07   3.431084737313085E-06   0.000000000000000E+00   0.000000000000000E+00
  -1.270798333358164E-02   1.651894995883442E-04  -1.404615372508141E-02   1.703709866023851E-02  -1.809055550291941E-04   2.887663181439990E-06  -2.518649782845383E-04   2.775866478735711E-04  -4.670760701632018E-02   2.346121030182911E-02  -6.458596106083977E-02   2.422589182748241E-02  -1.589883365469099E-02  -7.581016185634891E-03   1.456030286547704E-03   2.612748103470561E-02   1.994995183626542E-05   9.080092184107498E-06  -6.494305577382170E-05   3.598209643829079E-05   1.475060724118248E-05  -9.509607798158285E-04   6.921181075948215E-04  -1.625549288985317E-03   2.775058117000526E-04  -3.156355752417974E-01   1.961691424986125E-01  -2.247327690569291E-01  -8.880481088333375E-02   3.624560142686076E-02   2.370481511587832E-02   1.647661924679107E-01  -4.752403969950980E-02   4.523127807229439E-04   1.015050464793790E-05  -4.582131048914264E-06   3.851056228450395E-05  -2.785079039427395E-05   3.106474372751437E-06   3.173487319781641E-05  -1.103083674944366E-04   3.419826074726251E-05   3.248682519300655E-04   5.716278305359367E-02   0.000000000000000E+00   0.000000000000000E+00   1.000000000000000E+00   0.000000000000000E+00   3.738188132895996E-02   3.624224003777258E-02  -2.063404521207641E-02  -4.053547272799871E-02   0.000000000000000E+00   0.000000000000000E+00   0.000000000000000E+00   0.000000000000000E+00   0.000000000000000E+00   2.205665102835762E-05  -1.919179244695148E-05   5.330528709288021E-05  -1.239382736856152E-05   2.486851355033640E-01   2.224788120528921E-02  -7.434930148361975E-02   2.584462028819253E-01   1.811808681161569E-02   1.704408092458852E-02  -2.495730537694193E-02  -6.375600081362782E-03  -1.615472386207337E-03   0.000000000000000E+00   0.000000000000000E+00   0.000000000000000E+00   0.000000000000000E+00   0.000000000000000E+00  -1.460218201925269E-05  -3.185142098875113E-02   4.989386618753407E-02   2.577031270773625E-02  -6.741230646033677E-02   2.727919929660866E-02   2.329522994713554E-04   2.466016466696736E-04  -3.949338189525471E-04  -8.834450118899029E-05   0.000000000000000E+00   1.051880866736076E-03   3.620733912290151E-04  -1.716102148055539E-03   9.196002089715618E-04  -2.222530818582531E-05   2.958664009528176E-05  -7.429958659343042E-05   2.610040751733036E-06  -1.759960275645122E-05   6.646154212480266E-06   3.449998760486276E-05  -1.294006182867570E-04   3.706984306538863E-05  -3.251385341743499E-04   5.195974889636334E-05   6.820644100992013E-05   2.448999469976827E-06   1.276774445400988E-06  -9.193436312582435E-06   1.020951519187231E-06  -9.946503724105427E-08  -2.968916150430245E-06   9.865400840609262E-07  -2.697090130398112E-06   3.990129016301727E-06   1.349580266267179E-05   5.627515027436293E-06   7.978365788438453E-06   1.195788821519903E-05   1.195086464498025E-05  -2.396260977808952E-06   1.042680391232608E-05   1.466514553979272E-06  -3.918990547646322E-06   2.717774677352407E-06  -3.389240866641483E-06   0.000000000000000E+00  -3.716647456037712E-06   3.058065154838118E-05  -1.773117871343395E-05   1.618987250664863E-05  -1.620545957121206E-04  -3.031635248559563E-04   1.199842184018360E-04  -1.234850064299731E-04   1.982671274769764E-05  -9.896505402250246E-06  -1.626947334675988E-05  -7.269390107733439E-06   0.000000000000000E+00   0.000000000000000E+00   0.000000000000000E+00   0.000000000000000E+00   0.000000000000000E+00  -1.196717498446743E-05  -2.044041432701246E-05   7.048569747288103E-06  -1.415396044783398E-05  -5.152404326714489E-05   2.661581408710064E-04  -1.462386868538793E-04  -2.507879224777343E-04  -1.004169698429998E-04  -1.166075803123926E-04   2.338306574486851E-05   2.492786687661938E-05   2.164480879841543E-05   2.007030384035746E-05   0.000000000000000E+00   0.000000000000000E+00   0.000000000000000E+00   0.000000000000000E+00   0.000000000000000E+00   3.505682950377340E-06  -1.475427672010610E-05   1.392281256207848E-05  -9.394611843656506E-06  -4.568332587436078E-04  -6.313372171235256E-04  -5.671709937116973E-04  -1.595854204573434E-04   2.893924442256773E-05   2.638193768010610E-05   3.585329393298103E-05   1.652227804758658E-05   0.000000000000000E+00   0.000000000000000E+00   0.000000000000000E+00   0.000000000000000E+00   0.000000000000000E+00   0.000000000000000E+00   3.095957543462102E-06   3.253448162516256E-03   1.185472203017080E-05  -4.471095771500075E-05  -8.090317729124937E-05  -1.406676966666572E-05  -1.095702631635301E-07   1.272678450646931E-07   2.967132626544583E-07   9.237047391189359E-08   0.000000000000000E+00   4.514779535747923E-05   1.427751965744592E-06  -6.004595151134344E-06  -2.591703577932474E-08   0.000000000000000E+00   0.000000000000000E+00   0.000000000000000E+00   0.000000000000000E+00   0.000000000000000E+00  -1.715454456277402E-06   1.157725291057112E-05   4.338894937803406E-05   7.169907298412943E-07   1.203502595064413E-05   0.000000000000000E+00   0.000000000000000E+00
   1.218622760218637E-02  -1.584072615326193E-04   1.703709866023851E-02  -1.261720939300498E-02   1.721566661071627E-04  -2.748011060671330E-06   2.775866478735711E-04  -2.243336618860922E-04   1.459912294958869E-02  -7.333132986729160E-03   2.422589182748241E-02   5.348839998397850E-03   4.153525007708358E-02   1.980518885521251E-02   2.612748103470561E-02  -5.680021101312778E-02  -1.247448190467424E-05  -5.677680155473834E-06   3.598209643829079E-05  -2.989749661803069E-05  -1.907643797251048E-05   1.469272788055997E-04  -1.069350411913757E-04   2.775058117000526E-04   1.276821413784292E-04  -6.867701753465234E-02   4.268312159937693E-02  -8.880481088333375E-02   1.640865325924547E-01   3.048464133262932E-01   1.993711673186128E-01  -4.752403969950980E-02  -2.292878827841114E-01  -2.272005063377959E-03  -7.132708783369524E-06   3.219840541207043E-06  -2.785079039427395E-05   1.844692122288423E-05  -1.002222983590456E-06  -1.023842964202855E-05   3.419826074726251E-05  -1.534116142813656E-05   3.809121897879193E-05   4.745844778075246E-02   0.000000000000000E+00   0.000000000000000E+00   0.000000000000000E+00   1.000000000000000E+00   3.981469915431949E-02   3.860088985582081E-02  -4.053547272799871E-02  -2.574895880637627E-02   0.000000000000000E+00   0.000000000000000E+00   0.000000000000000E+00   0.000000000000000E+00   0.000000000000000E+00  -4.845766930076879E-06   4.216367799842802E-06  -1.239382736856152E-05  -3.852618746306337E-07  -2.515910305004269E-01  -2.250784851921347E-02   2.584462028819253E-01  -8.035432765839087E-02   3.904931408593268E-03   3.673454467077695E-03  -6.375600081362782E-03   3.250069096289114E-03  -2.482235189968772E-03   0.000000000000000E+00   0.000000000000000E+00   0.000000000000000E+00   0.000000000000000E+00   0.000000000000000E+00   8.218981841659889E-07   9.193566461425715E-02  -1.668764515095647E-02  -8.619212475527369E-03   2.727919929660866E-02   5.025035857612079E-03   4.693836334987953E-05   4.968861745656673E-05  -8.834450118899029E-05   2.571383588395573E-05   0.000000000000000E+00  -5.056675691418987E-04  -1.740584674401895E-04   9.196002089715618E-04  -2.452424970630181E-04   8.681482870515806E-07  -1.155691102394343E-06   2.610040751733036E-06  -7.582354098034084E-06  -7.658080841448013E-06  -1.942783169184373E-06  -1.008492928586193E-05   3.706984306538863E-05  -1.342286843937186E-05   2.609268296720160E-04  -3.019798828420851E-07  -2.640976514385766E-05   3.086838378344552E-05   1.609308783799224E-05   1.020951519187231E-06   3.594135540542640E-06   8.131401327441148E-07   2.427129109514429E-05  -2.697090130398112E-06   2.270570287565695E-05  -3.073688689815478E-05  -1.039612900604493E-04   7.978365788438453E-06  -5.479596561677134E-05   2.688217399906046E-05   2.686638451906883E-05   1.042680391232608E-05   1.640581497823959E-05  -3.299884784651793E-06   8.818335450051791E-06  -3.389240866641483E-06   8.837865696224784E-06   0.000000000000000E+00   4.933309674157596E-06  -4.059137324972599E-05   1.618987250664863E-05  -2.702378762547706E-05  -3.863335814510600E-04  -7.227332850898539E-04  -1.234850064299731E-04  -1.226025356230970E-04   2.145185606647801E-05  -1.070769583197029E-05  -7.269390107733439E-06  -1.741603835842141E-05   0.000000000000000E+00   0.000000000000000E+00   0.000000000000000E+00   0.000000000000000E+00   0.000000000000000E+00   1.515259582353857E-05   2.588124074101776E-05  -1.415396044783398E-05   1.379155374520361E-05   3.221888423921755E-05   5.623504266326711E-04  -1.137268583666987E-04  -1.950326767376010E-04  -1.166075803123926E-04  -4.115737880318774E-05   1.725987921781359E-05   1.840015232145541E-05   2.007030384035746E-05   9.268891382862623E-06   0.000000000000000E+00   0.000000000000000E+00   0.000000000000000E+00   0.000000000000000E+00   0.000000000000000E+00  -2.688800328256732E-06   1.131628405927064E-05  -9.394611843656506E-06   8.879540531608265E-06  -1.085383732929739E-04  -1.499985240443253E-04  -1.595854204573434E-04   6.660137421929475E-05   1.154436967081424E-05   1.052421537910024E-05   1.652227804758658E-05   1.026532113332758E-06   0.000000000000000E+00   0.000000000000000E+00   0.000000000000000E+00   0.000000000000000E+00   0.000000000000000E+00   0.000000000000000E+00  -1.487976900495084E-06  -1.779104568900396E-04   2.225238374393809E-06  -8.392650507545063E-06  -1.406676966666572E-05  -8.604409715558970E-06  -3.757149369722454E-08   4.363997037746473E-08   9.237047391189359E-08   5.900569019131016E-08   0.000000000000000E+00  -2.997239957333032E-07  -9.478458930290952E-09  -2.591703577932474E-08  -9.908338177804366E-06   0.000000000000000E+00   0.000000000000000E+00   0.000000000000000E+00   0.000000000000000E+00   0.000000000000000E+00  -2.908413054622418E-08   1.962828764037179E-07   7.169907298412943E-07   1.111206394429623E-06  -2.211086282635253E-06   0.000000000000000E+00   0.000000000000000E+00
   6.502272269771384E-04  -4.810885110867677E-04   1.260588405663737E-03  -2.013719644346647E-04  -2.116031979486209E-05  -3.084651219702822E-06   1.037257330637177E-05  -3.489414539830995E-06   1.123296311150969E-04  -1.475015731612867E-04   2.701600580451298E-04   5.494877001682623E-05   3.209504308198294E-02  -1.374583102749748E-02   4.814628523899193E-02  -1.774883134315191E-02   1.454548643242820E-06   1.106529031498778E-05  -3.174851122981398E-05   6.967806554019469E-06   6.163300530966560E-05  -1.654129818565724E-05   2.339791702159305E-05  -4.307445903638888E-05  -7.971843819351731E-06   8.641715603955958E-04  -9.228559255853150E-04   1.268612424772882E-03   8.386679444660135E-04   3.122869637859526E-01  -1.720846103305025E-01   3.161779846101290E-01   4.454788051831827E-02  -1.410546360631586E-02   5.896395320680939E-08  -1.006773160816383E-08   3.518492852184258E-08  -1.204698413490122E-08   1.117150770577520E-05   6.054082868785087E-06  -1.346513408138376E-05   4.468978831839384E-08  -2.717998972260423E-06   6.107821723470180E-06   4.023592136469705E-02  -3.559780574079392E-02   3.738188132895996E-02   3.981469915431949E-02   1.000000000000000E+00   0.000000000000000E+00   0.000000000000000E+00   0.000000000000000E+00   0.000000000000000E+00   0.000000000000000E+00   0.000000000000000E+00   0.000000000000000E+00   0.000000000000000E+00   0.000000000000000E+00   0.000000000000000E+00   0.000000000000000E+00   0.000000000000000E+00   1.428686900801236E-02  -1.107981356635136E-02   3.416544211206235E-03   2.242497686183203E-02   3.057155354154806E-01   2.253834416131626E-02  -2.658549992298067E-01   2.377978179428539E-01  -4.553495882348826E-01   0.000000000000000E+00   0.000000000000000E+00   0.000000000000000E+00   0.000000000000000E+00   0.000000000000000E+00   0.000000000000000E+00  -3.517946275717255E-04   3.479797572152047E-02  -1.396511647305609E-02  -2.028126266132792E-02   5.159349899931694E-02   2.784039040163114E-02   1.405086051674214E-02  -4.248526289572416E-02   1.324802650509166E-02   0.000000000000000E+00   6.909301436240637E-04  -2.570818444335819E-04  -7.746704582529377E-04   1.190304300250922E-03   5.324223305393610E-04   2.337536819687018E-04  -9.971255775320868E-04   4.891985076170703E-04  -9.619806675395795E-03   9.565587351061636E-05  -3.602670839706209E-06  -2.108810400029697E-04   1.833175402075702E-04   8.145024232984098E-06   3.368918818899490E-05   6.065335520796514E-05   1.001494670778918E-06  -1.793935023766916E-05  -9.402045682257362E-06  -2.857950648859748E-05   1.039687952700682E-05   2.927583551086482E-06   6.433627566824963E-07   4.750529439112431E-06  -1.689046470659220E-05   1.530966786844127E-05   5.914307180682707E-06   2.150218725392726E-05   1.520491952261915E-05  -7.535477854483920E-07  -7.593467086214011E-07  -1.303777075588216E-06   1.026800958252965E-05   3.027294923389116E-06  -4.832744468249447E-07   4.644437498768823E-06   0.000000000000000E+00  -5.815088460363809E-06   3.704482669961837E-05  -3.971825257193318E-06   4.694776930526373E-05   1.651657108153307E-04   2.227081179978813E-04   1.985907683674106E-04   2.913300998403229E-04   5.722990281832221E-06  -1.064646316111253E-05  -1.687103132012204E-05  -1.815499981362566E-05   0.000000000000000E+00   0.000000000000000E+00   0.000000000000000E+00   0.000000000000000E+00   0.000000000000000E+00  -6.992628743922850E-06  -2.561410032557668E-05   9.056404745323971E-06  -3.555443666745006E-05  -3.397926289579970E-04  -3.158190023601230E-03  -2.405759598013523E-05  -7.794063419309830E-07  -1.273491223971863E-06  -1.138247145177799E-06   8.202141694390288E-07   1.673355860099523E-07   3.824500936127764E-07   3.143618480946691E-07   0.000000000000000E+00   0.000000000000000E+00   0.000000000000000E+00   0.000000000000000E+00   0.000000000000000E+00   5.493828645339655E-06  -1.527149762258919E-05   1.143011463588750E-05  -1.968422168484573E-05  -2.239194157146682E-05   1.729429373685213E-06   5.261348544512359E-06   2.656382479952209E-06   2.313016871595917E-08   3.743927512710482E-09   1.291341754521591E-08   7.029914100259615E-09   0.000000000000000E+00   0.000000000000000E+00   0.000000000000000E+00   0.000000000000000E+00   0.000000000000000E+00   0.000000000000000E+00   3.687101456849928E-05  -1.490399456253264E-04   3.747830087096128E-06  -6.197531772062736E-06  -2.780604831875170E-05  -1.110617223312466E-05   0.000000000000000E+00   0.000000000000000E+00   0.000000000000000E+00   0.000000000000000E+00   0.000000000000000E+00   1.480522033299411E-05  -2.921615325175743E-07  -3.221275404900714E-06  -6.990042832796694E-07   0.000000000000000E+00   0.000000000000000E+00   0.000000000000000E+00   0.000000000000000E+00   0.000000000000000E+00   0.000000000000000E+00   0.000000000000000E+00   0.000000000000000E+00   0.000000000000000E+00   8.533865546572699E-06   0.000000000000000E+00   0.000000000000000E+00
   4.810885110867677E-04  -1.198249236293848E-04   9.109193280265733E-04  -1.455142802377534E-04   3.084651219702822E-06  -1.328264461311216E-05   3.832899503818979E-05  -1.289417279906914E-05   1.475015731612867E-04  -9.879934088974101E-05   2.734748526786965E-04   5.562297733411381E-05   1.374583102749748E-02   7.175032150653553E-03   2.247422376529597E-02  -8.284984089602142E-03  -1.106529031498778E-05   1.646392545264857E-06  -1.955557731255840E-05   4.291838404004344E-06   1.186037756882457E-06  -2.339791702159305E-05  -3.443247770570914E-06  -1.114901228534123E-05  -2.063361599125146E-06   9.228559255853150E-04  -6.822956223086455E-04   1.350698679674749E-03   8.929344086146579E-04   1.720846103305025E-01   7.002475296643244E-02   2.185953461408553E-01   3.079897980167998E-02  -1.893516500100280E-03   1.006773160816383E-08   1.566742709888354E-08  -2.583796358460557E-08   8.846672437849761E-09  -6.054082868785087E-06   8.805131663596632E-06  -2.294359455866572E-05   7.614810056049979E-08   2.738442074723338E-05  -7.503477996159047E-05   3.559780574079392E-02  -1.708798670552278E-02   3.624224003777258E-02   3.860088985582081E-02   0.000000000000000E+00   1.000000000000000E+00   0.000000000000000E+00   0.000000000000000E+00   0.000000000000000E+00   0.000000000000000E+00   0.000000000000000E+00   0.000000000000000E+00   0.000000000000000E+00   0.000000000000000E+00   0.000000000000000E+00   0.000000000000000E+00   0.000000000000000E+00   1.107981356635136E-02  -3.589221226450813E-03   2.845504694301771E-03   1.867687727284610E-02  -2.253834416131626E-02   1.818296239376985E-01   2.450398197242868E-02  -2.191793820253755E-02   1.895160390865181E-01   0.000000000000000E+00   0.000000000000000E+00   0.000000000000000E+00   0.000000000000000E+00   0.000000000000000E+00   0.000000000000000E+00  -3.216491034212049E-04   1.396511647305609E-02   8.732418476710115E-03  -8.887512032878249E-03   2.260893963219834E-02  -1.405086051674214E-02   3.927551287709987E-03   2.329843594835031E-02  -7.265067365323739E-03   0.000000000000000E+00   2.570818444335819E-04   1.476341006511010E-04  -2.828636063971731E-04   4.346283810000476E-04  -2.337536819687018E-04   8.995529899171568E-05   4.202338872528058E-04  -2.061704113568157E-04   7.229613878283176E-03   3.602670839706209E-06   4.478684605474521E-05  -5.931632871288197E-06   5.156330542393032E-06  -3.531821862072110E-05   2.462173785314703E-05   3.111448616546444E-07   1.793935023766916E-05   1.182829214619532E-05   8.984674954926508E-06   2.731081988431809E-05  -2.927583551086482E-06   7.092121392741020E-06   1.271369835204636E-06   9.387674010355812E-06  -1.530966786844127E-05  -5.775300952645946E-05  -2.261436603274612E-05  -8.221729413263736E-05   7.535477854483920E-07   1.049512385839300E-05   9.985954454929193E-06   1.714560469991581E-05  -3.027294923389116E-06   7.507711307072601E-06  -9.921259630996067E-07   9.534679635546804E-06   0.000000000000000E+00  -3.704482669961837E-05  -8.413092884176614E-05   9.723318861774063E-06  -1.149315745896295E-04  -2.227081179978813E-04  -1.798478657228596E-04  -2.210210026798162E-04  -3.242349647310480E-04   1.064646316111253E-05   6.629205055059605E-06   1.637412497619694E-05   1.762027645201410E-05   0.000000000000000E+00   0.000000000000000E+00   0.000000000000000E+00   0.000000000000000E+00   0.000000000000000E+00   2.561410032557668E-05   1.046172250899486E-05  -6.382415020649835E-06   2.505665073706452E-05   4.775611461021210E-04   3.683709014211890E-03   7.794063419309830E-07  -2.639465242624826E-05  -3.648599969649242E-05  -3.261120627432615E-05  -1.673355860099523E-07   2.703881520738741E-07   3.588451768976383E-07   2.949593551508325E-07   0.000000000000000E+00   0.000000000000000E+00   0.000000000000000E+00   0.000000000000000E+00   0.000000000000000E+00   1.527149762258919E-05   1.681709546205018E-05  -1.542143758955050E-05   2.655782604827349E-05  -1.729429373685213E-06  -1.425910307960491E-05  -3.499940017954182E-05  -1.767071553218835E-05  -3.743927512710482E-09   5.832993036227843E-09   8.897992038978256E-09   4.843963225055398E-09   0.000000000000000E+00   0.000000000000000E+00   0.000000000000000E+00   0.000000000000000E+00   0.000000000000000E+00   0.000000000000000E+00  -4.337656102543824E-05   8.528158030165150E-05   6.197531772062736E-06  -1.675456382125380E-06   1.224333944455388E-05   4.890181985626666E-06   0.000000000000000E+00   0.000000000000000E+00   0.000000000000000E+00   0.000000000000000E+00   0.000000000000000E+00   2.921615325175743E-07   7.396178831445009E-07   4.419997901572191E-06   9.591224210713953E-07   0.000000000000000E+00   0.000000000000000E+00   0.000000000000000E+00   0.000000000000000E+00   0.000000000000000E+00   0.000000000000000E+00   0.000000000000000E+00   0.000000000000000E+00   0.000000000000000E+00  -4.308485594030523E-07   0.000000000000000E+00   0.000000000000000E+00
  -1.260588405663737E-03   9.109193280265733E-04  -2.159050548809326E-03   3.812887032197952E-04  -1.037257330637177E-05   3.832899503818979E-05  -1.307707968232323E-04   4.335846844825934E-05  -2.701600580451298E-04   2.734748526786965E-04  -4.503774127328955E-04  -1.018776034937310E-04  -4.814628523899193E-02   2.247422376529597E-02  -6.512698682138290E-02   2.901906813640756E-02   3.174851122981398E-05  -1.955557731255840E-05   5.093952599432034E-05  -1.231413509155899E-05  -6.330677507058390E-06   4.307445903638888E-05  -1.114901228534123E-05   1.102544669545577E-05   3.798551152940309E-06  -1.268612424772882E-03   1.350698679674749E-03  -1.556476223309084E-03  -1.227480535011267E-03  -3.161779846101290E-01   2.185953461408553E-01  -2.126354838431362E-01  -5.658820590081068E-02   1.871874031784673E-02  -3.518492852184258E-08  -2.583796358460557E-08   9.857329376283927E-08  -3.091754423901142E-08   1.346513408138376E-05  -2.294359455866572E-05   4.951921126622716E-05  -1.693641144848727E-07  -4.398745503137546E-05   9.004076953835693E-05  -3.738188132895996E-02   3.624224003777258E-02  -2.063404521207641E-02  -4.053547272799871E-02   0.000000000000000E+00   0.000000000000000E+00   1.000000000000000E+00   0.000000000000000E+00   0.000000000000000E+00   0.000000000000000E+00   0.000000000000000E+00   0.000000000000000E+00   0.000000000000000E+00   0.000000000000000E+00   0.000000000000000E+00   0.000000000000000E+00   0.000000000000000E+00  -3.416544211206235E-03   2.845504694301771E-03   4.761284889216578E-03  -5.759156194084297E-03   2.658549992298067E-01   2.450398197242868E-02  -1.051340315936298E-01   2.585368917187689E-01  -9.186908874789863E-02   0.000000000000000E+00   0.000000000000000E+00   0.000000000000000E+00   0.000000000000000E+00   0.000000000000000E+00   0.000000000000000E+00   1.302208831475525E-04   2.028126266132792E-02  -8.887512032878249E-03   1.944955345523632E-03   3.283451620753837E-02   4.248526289572416E-02   2.329843594835031E-02  -5.881405974300133E-02   2.196721664151081E-02   0.000000000000000E+00   7.746704582529377E-04  -2.828636063971731E-04  -6.108541070853827E-04   1.309675398590917E-03   9.971255775320868E-04   4.202338872528058E-04  -1.604126491314185E-03   8.794633255091075E-04  -1.578765923566847E-02   2.108810400029697E-04  -5.931632871288197E-06  -3.023178121987092E-04   3.018239511072270E-04  -5.651763444415032E-05  -7.912789075825740E-05   3.867082642821619E-05   9.402045682257362E-06   8.984674954926508E-06  -6.058194934933997E-07   1.431364975711764E-05  -6.433627566824963E-07   1.271369835204636E-06   1.586224311201313E-06   2.063025606185587E-06  -5.914307180682707E-06  -2.261436603274612E-05  -7.950072571143036E-06  -3.176152070988506E-05   7.593467086214011E-07   9.985954454929193E-06   1.064823072395987E-05   1.727754861419649E-05   4.832744468249447E-07  -9.921259630996067E-07   1.451285354795531E-06  -1.522107076823341E-06   0.000000000000000E+00   3.971825257193318E-06   9.723318861774063E-06   5.515015143944276E-06   1.232258783407376E-05  -1.985907683674106E-04  -2.210210026798162E-04  -1.290718837294393E-04  -2.891231417892529E-04   1.687103132012204E-05   1.637412497619694E-05   2.224374627012436E-05   2.792215887967007E-05   0.000000000000000E+00   0.000000000000000E+00   0.000000000000000E+00   0.000000000000000E+00   0.000000000000000E+00  -9.056404745323971E-06  -6.382415020649835E-06  -5.332933550769196E-06  -8.859306700321028E-06  -1.384738681440427E-04   2.974712148582216E-03   1.273491223971863E-06  -3.648599969649242E-05  -6.367974312104781E-05  -5.328425335954996E-05  -3.824500936127764E-07   3.588451768976383E-07   9.335311024578435E-07   6.741377353092776E-07   0.000000000000000E+00   0.000000000000000E+00   0.000000000000000E+00   0.000000000000000E+00   0.000000000000000E+00  -1.143011463588750E-05  -1.542143758955050E-05   7.755227303385457E-06  -1.987748704899175E-05  -5.261348544512359E-06  -3.499940017954182E-05  -1.092314038279092E-04  -5.375865291778813E-05  -1.291341754521591E-08   8.897992038978256E-09   3.394386728646928E-08   1.670762040302574E-08   0.000000000000000E+00   0.000000000000000E+00   0.000000000000000E+00   0.000000000000000E+00   0.000000000000000E+00   0.000000000000000E+00   4.104829449578489E-05   3.663641189042436E-04   2.780604831875170E-05   1.224333944455388E-05   5.052706174759692E-05   2.194045009866353E-05   0.000000000000000E+00   0.000000000000000E+00   0.000000000000000E+00   0.000000000000000E+00   0.000000000000000E+00   3.221275404900714E-06   4.419997901572191E-06   4.907215476583767E-05   1.057496323579239E-05   0.000000000000000E+00   0.000000000000000E+00   0.000000000000000E+00   0.000000000000000E+00   0.000000000000000E+00   0.000000000000000E+00   0.000000000000000E+00   0.000000000000000E+00   0.000000000000000E+00  -6.458962196096205E-05   0.000000000000000E+00   0.000000000000000E+00
   2.013719644346647E-04  -1.455142802377534E-04   3.812887032197952E-04   1.669078167578566E-04   3.489414539830995E-06  -1.289417279906914E-05   4.335846844825934E-05  -1.647029033582916E-05  -5.494877001682623E-05   5.562297733411381E-05  -1.018776034937310E-04   2.979080762182470E-05   1.774883134315191E-02  -8.284984089602142E-03   2.901906813640756E-02   2.893753486818662E-03  -6.967806554019469E-06   4.291838404004344E-06  -1.231413509155899E-05  -2.466733519051899E-06   3.512296892293139E-06   7.971843819351731E-06  -2.063361599125146E-06   3.798551152940309E-06  -8.796355225716972E-06  -8.386679444660135E-04   8.929344086146579E-04  -1.227480535011267E-03  -5.112018360507821E-04  -4.454788051831827E-02   3.079897980167998E-02  -5.658820590081068E-02   1.810255564182323E-01  -1.647471983122507E-02   1.204698413490122E-08   8.846672437849761E-09  -3.091754423901142E-08   1.886008619996487E-08  -4.468978831839384E-08   7.614810056049979E-08  -1.693641144848727E-07  -1.510016561445772E-06  -1.640176334644337E-05   8.495429172046809E-05  -3.981469915431949E-02   3.860088985582081E-02  -4.053547272799871E-02  -2.574895880637627E-02   0.000000000000000E+00   0.000000000000000E+00   0.000000000000000E+00   1.000000000000000E+00   0.000000000000000E+00   0.000000000000000E+00   0.000000000000000E+00   0.000000000000000E+00   0.000000000000000E+00   0.000000000000000E+00   0.000000000000000E+00   0.000000000000000E+00   0.000000000000000E+00  -2.242497686183203E-02   1.867687727284610E-02  -5.759156194084297E-03  -3.216232809882168E-02  -2.377978179428539E-01  -2.191793820253755E-02   2.585368917187689E-01  -4.734503783636125E-02  -4.317110180621826E-01   0.000000000000000E+00   0.000000000000000E+00   0.000000000000000E+00   0.000000000000000E+00   0.000000000000000E+00   0.000000000000000E+00   6.456628703850739E-04  -5.159349899931694E-02   2.260893963219834E-02   3.283451620753837E-02  -6.867560412118184E-02  -1.324802650509166E-02  -7.265067365323739E-03   2.196721664151081E-02   4.782925668889877E-03   0.000000000000000E+00  -1.190304300250922E-03   4.346283810000476E-04   1.309675398590917E-03  -1.770850263102229E-03  -4.891985076170703E-04  -2.061704113568157E-04   8.794633255091075E-04  -2.430026908447792E-04  -1.537704588664392E-03  -1.833175402075702E-04   5.156330542393032E-06   3.018239511072270E-04  -2.174854500755788E-04   1.241308938299316E-04   2.758734830492687E-05  -3.424404185228810E-05   2.857950648859748E-05   2.731081988431809E-05   1.431364975711764E-05   3.819466215743907E-05  -4.750529439112431E-06   9.387674010355812E-06   2.063025606185587E-06   1.654001435172764E-05  -2.150218725392726E-05  -8.221729413263736E-05  -3.176152070988506E-05  -1.146867673563774E-04   1.303777075588216E-06   1.714560469991581E-05   1.727754861419649E-05   3.025049748434137E-05  -4.644437498768823E-06   9.534679635546804E-06  -1.522107076823341E-06   1.592088796062432E-05   0.000000000000000E+00  -4.694776930526373E-05  -1.149315745896295E-04   1.232258783407376E-05  -1.390979363411517E-04  -2.913300998403229E-04  -3.242349647310480E-04  -2.891231417892529E-04  -3.561254566027040E-04   1.815499981362566E-05   1.762027645201410E-05   2.792215887967007E-05   2.634348716330342E-05   0.000000000000000E+00   0.000000000000000E+00   0.000000000000000E+00   0.000000000000000E+00   0.000000000000000E+00   3.555443666745006E-05   2.505665073706452E-05  -8.859306700321028E-06   2.719108085772751E-05   5.100914688354772E-04   3.604747700032660E-03   1.138247145177799E-06  -3.261120627432615E-05  -5.328425335954996E-05  -5.168986381673672E-05  -3.143618480946691E-07   2.949593551508325E-07   6.741377353092776E-07   6.675003999608866E-07   0.000000000000000E+00   0.000000000000000E+00   0.000000000000000E+00   0.000000000000000E+00   0.000000000000000E+00   1.968422168484573E-05   2.655782604827349E-05  -1.987748704899175E-05   3.044464156165071E-05  -2.656382479952209E-06  -1.767071553218835E-05  -5.375865291778813E-05  -2.989664397405757E-05  -7.029914100259615E-09   4.843963225055398E-09   1.670762040302574E-08   1.234867323907065E-08   0.000000000000000E+00   0.000000000000000E+00   0.000000000000000E+00   0.000000000000000E+00   0.000000000000000E+00   0.000000000000000E+00  -4.793843740524198E-05   1.272990432065247E-04   1.110617223312466E-05   4.890181985626666E-06   2.194045009866353E-05   4.359055625505168E-06   0.000000000000000E+00   0.000000000000000E+00   0.000000000000000E+00   0.000000000000000E+00   0.000000000000000E+00   6.990042832796694E-07   9.591224210713953E-07   1.057496323579239E-05   2.633461305353897E-06   0.000000000000000E+00   0.000000000000000E+00   0.000000000000000E+00   0.000000000000000E+00   0.000000000000000E+00   0.000000000000000E+00   0.000000000000000E+00   0.000000000000000E+00   0.000000000000000E+00  -6.282835151442456E-06   0.000000000000000E+00   0.000000000000000E+00
  -1.784797893727088E-05   5.760330957473366E-06  -2.192722683934836E-05   7.144767345448250E-06   8.146146128739671E-04   5.322827380548810E-04  -1.579952981443645E-03   2.301970840027038E-04  -2.655168239506173E-05  -1.995045941425362E-06   1.697453127507087E-05  -1.090404939611243E-05  -2.759260566259130E-07  -1.121960809647129E-05   3.441292460599317E-05  -7.159288190042719E-06   3.648340971907403E-02   1.261290596024617E-02  -5.522677851177479E-02   1.875010789348169E-02  -2.618091155917854E-04   1.200262502661723E-04  -1.327168963026706E-05  -2.358302877490568E-04   2.274972772551898E-04   1.154703416589792E-05  -1.255640149487509E-06   1.121027740755643E-05  -7.870541594954955E-06   4.918491208031252E-07   7.940228979405854E-08  -2.907467571264903E-07   9.437779878700815E-08  -8.887403955783576E-06   3.149075670506337E-01   1.518157219889599E-01  -3.231197345414047E-01  -7.507978342627575E-02   1.220999738937024E-02  -1.348588741198510E-03  -1.540973968035698E-02   1.537997246320582E-02   5.257499582095548E-05   0.000000000000000E+00   0.000000000000000E+00   0.000000000000000E+00   0.000000000000000E+00   0.000000000000000E+00   0.000000000000000E+00   0.000000000000000E+00   0.000000000000000E+00   0.000000000000000E+00   1.000000000000000E+00   0.000000000000000E+00   0.000000000000000E+00   0.000000000000000E+00  -5.400769769138791E-02   3.703849022136912E-02  -2.023633827799538E-02  -1.703985830088508E-02   5.440064852696334E-02   0.000000000000000E+00   0.000000000000000E+00   0.000000000000000E+00   0.000000000000000E+00   0.000000000000000E+00   0.000000000000000E+00   0.000000000000000E+00   0.000000000000000E+00   0.000000000000000E+00   3.126809659740458E-01  -1.764013544518947E-01   7.318609429396687E-02   3.087424916675255E-01  -4.354028456832234E-01  -1.468773947867196E-03   0.000000000000000E+00   0.000000000000000E+00   0.000000000000000E+00   0.000000000000000E+00   0.000000000000000E+00   0.000000000000000E+00   0.000000000000000E+00   0.000000000000000E+00   0.000000000000000E+00  -7.861365676811956E-02   0.000000000000000E+00   0.000000000000000E+00   0.000000000000000E+00   0.000000000000000E+00   0.000000000000000E+00   0.000000000000000E+00   0.000000000000000E+00   0.000000000000000E+00   0.000000000000000E+00   0.000000000000000E+00   0.000000000000000E+00   0.000000000000000E+00   0.000000000000000E+00   0.000000000000000E+00   0.000000000000000E+00   0.000000000000000E+00   0.000000000000000E+00   0.000000000000000E+00   0.000000000000000E+00   0.000000000000000E+00   0.000000000000000E+00   0.000000000000000E+00   0.000000000000000E+00   0.000000000000000E+00   0.000000000000000E+00   0.000000000000000E+00   0.000000000000000E+00   0.000000000000000E+00   0.000000000000000E+00   0.000000000000000E+00   0.000000000000000E+00   0.000000000000000E+00   0.000000000000000E+00   0.000000000000000E+00   0.000000000000000E+00   0.000000000000000E+00   0.000000000000000E+00   0.000000000000000E+00   0.000000000000000E+00   0.000000000000000E+00   0.000000000000000E+00   0.000000000000000E+00   0.000000000000000E+00   0.000000000000000E+00   0.000000000000000E+00   0.000000000000000E+00   0.000000000000000E+00   0.000000000000000E+00   0.000000000000000E+00   0.000000000000000E+00   0.000000000000000E+00   0.000000000000000E+00   0.000000000000000E+00   0.000000000000000E+00   0.000000000000000E+00   0.000000000000000E+00   0.000000000000000E+00   0.000000000000000E+00   0.000000000000000E+00   0.000000000000000E+00   0.000000000000000E+00   0.000000000000000E+00   0.000000000000000E+00   0.000000000000000E+00   0.000000000000000E+00   0.000000000000000E+00   0.000000000000000E+00   0.000000000000000E+00   0.000000000000000E+00   0.000000000000000E+00   0.000000000000000E+00   0.000000000000000E+00   0.000000000000000E+00   0.000000000000000E+00   0.000000000000000E+00   0.000000000000000E+00   0.000000000000000E+00   1.545184134974998E-05  -3.528376249166955E-07   3.361784609223929E-07  -3.764225282707455E-07   8.219077166406115E-06   2.814844268828198E-06  -1.094206966715672E-06   3.537708899738235E-06   0.000000000000000E+00   0.000000000000000E+00   0.000000000000000E+00   0.000000000000000E+00   0.000000000000000E+00   0.000000000000000E+00   0.000000000000000E+00  -4.745935529023237E-06   4.502956441128778E-07  -2.199246675239403E-05   1.328436397794193E-05  -2.500162725498287E-05   1.376954883555270E-05   3.932260770127753E-06  -2.288957530739726E-07   5.297674487478625E-06   0.000000000000000E+00  -1.603596483874807E-05   1.915943828428821E-05  -8.585232193222648E-06   2.127741144941562E-05  -7.680529464341125E-06  -2.725691295096554E-05  -4.553865683310087E-06  -3.597387122440637E-05   0.000000000000000E+00  -2.033865751212967E-06   4.490084192076879E-05   3.540776446838758E-07   5.356760243580216E-05  -1.751150432004452E-04  -5.917843614767014E-07  -4.029390499883897E-04
  -5.760330957473366E-06  -1.017617667068021E-05   3.957948257904464E-05  -1.289657815611397E-05  -5.322827380548810E-04  -6.202349800491549E-05   1.025252444571018E-03  -1.493779409126742E-04   1.995045941425362E-06  -7.771688752901357E-06   7.405558612172247E-06  -4.757160925646525E-06   1.121960809647129E-05   2.421576892767656E-07  -1.827164099679825E-05   3.801244593384446E-06  -1.261290596024617E-02   1.087764292078556E-02   2.087151049206631E-02  -7.086110835574828E-03   2.455813770943712E-04   1.327168963026706E-05   5.194152775189040E-05  -2.035456849670208E-05   1.963534436947022E-05   1.255640149487509E-06  -8.345350253425178E-07  -4.513453044784058E-06   3.168817205353372E-06  -7.940228979405854E-08   1.260547620992534E-07  -2.114611728264618E-07   6.864131596005421E-08  -1.694835657931053E-05  -1.518157219889599E-01   9.908566168230498E-02   1.957199432402870E-01   4.547729333690931E-02   1.348588741198510E-03   4.600817708511350E-03  -1.823579834907831E-03   1.820057199349790E-03  -4.712300187006042E-06   0.000000000000000E+00   0.000000000000000E+00   0.000000000000000E+00   0.000000000000000E+00   0.000000000000000E+00   0.000000000000000E+00   0.000000000000000E+00   0.000000000000000E+00   0.000000000000000E+00   0.000000000000000E+00   1.000000000000000E+00   0.000000000000000E+00   0.000000000000000E+00   3.773252742725810E-02   2.023633827799538E-02   3.815505243141832E-03  -1.018095297429423E-02   3.250323063985542E-02   0.000000000000000E+00   0.000000000000000E+00   0.000000000000000E+00   0.000000000000000E+00   0.000000000000000E+00   0.000000000000000E+00   0.000000000000000E+00   0.000000000000000E+00   0.000000000000000E+00   1.764013544518947E-01   6.441880523147046E-02   5.181347220479119E-02   2.185800549240682E-01  -1.682428031576356E-02  -1.077938041421217E-03   0.000000000000000E+00   0.000000000000000E+00   0.000000000000000E+00   0.000000000000000E+00   0.000000000000000E+00   0.000000000000000E+00   0.000000000000000E+00   0.000000000000000E+00   0.000000000000000E+00  -6.330587394431665E-02   0.000000000000000E+00   0.000000000000000E+00   0.000000000000000E+00   0.000000000000000E+00   0.000000000000000E+00   0.000000000000000E+00   0.000000000000000E+00   0.000000000000000E+00   0.000000000000000E+00   0.000000000000000E+00   0.000000000000000E+00   0.000000000000000E+00   0.000000000000000E+00   0.000000000000000E+00   0.000000000000000E+00   0.000000000000000E+00   0.000000000000000E+00   0.000000000000000E+00   0.000000000000000E+00   0.000000000000000E+00   0.000000000000000E+00   0.000000000000000E+00   0.000000000000000E+00   0.000000000000000E+00   0.000000000000000E+00   0.000000000000000E+00   0.000000000000000E+00   0.000000000000000E+00   0.000000000000000E+00   0.000000000000000E+00   0.000000000000000E+00   0.000000000000000E+00   0.000000000000000E+00   0.000000000000000E+00   0.000000000000000E+00   0.000000000000000E+00   0.000000000000000E+00   0.000000000000000E+00   0.000000000000000E+00   0.000000000000000E+00   0.000000000000000E+00   0.000000000000000E+00   0.000000000000000E+00   0.000000000000000E+00   0.000000000000000E+00   0.000000000000000E+00   0.000000000000000E+00   0.000000000000000E+00   0.000000000000000E+00   0.000000000000000E+00   0.000000000000000E+00   0.000000000000000E+00   0.000000000000000E+00   0.000000000000000E+00   0.000000000000000E+00   0.000000000000000E+00   0.000000000000000E+00   0.000000000000000E+00   0.000000000000000E+00   0.000000000000000E+00   0.000000000000000E+00   0.000000000000000E+00   0.000000000000000E+00   0.000000000000000E+00   0.000000000000000E+00   0.000000000000000E+00   0.000000000000000E+00   0.000000000000000E+00   0.000000000000000E+00   0.000000000000000E+00   0.000000000000000E+00   0.000000000000000E+00   0.000000000000000E+00   0.000000000000000E+00   0.000000000000000E+00   0.000000000000000E+00   0.000000000000000E+00   3.528376249166955E-07   1.663623702745165E-05  -1.513991199358358E-05   1.695231733402735E-05  -2.814844268828198E-06   7.081553275456403E-06  -2.340544544344780E-06   7.567275219984863E-06   0.000000000000000E+00   0.000000000000000E+00   0.000000000000000E+00   0.000000000000000E+00   0.000000000000000E+00   0.000000000000000E+00   0.000000000000000E+00  -2.800047224388529E-05   2.199246675239403E-05   1.896892566374851E-05  -1.477369308602693E-05   2.780459556284957E-05  -3.932260770127753E-06   1.218608609847675E-05  -6.149663925480565E-07   1.423308088816198E-05   0.000000000000000E+00  -1.915943828428821E-05  -7.580686349108336E-05   3.454107728435014E-05  -8.560568855264760E-05   2.725691295096554E-05   1.163013960516965E-05   3.239455966826252E-06   2.559051581491432E-05   0.000000000000000E+00  -4.490084192076879E-05  -9.626050540790123E-05  -8.247631765179829E-07  -1.247765471972949E-04   2.725837330237291E-04  -3.077076612076879E-05   5.088022852458591E-04
   2.192722683934836E-05   3.957948257904464E-05  -1.504414809313249E-04   4.909200474212571E-05   1.579952981443645E-03   1.025252444571018E-03  -2.759832876243669E-03   4.433924045129532E-04  -1.697453127507087E-05   7.405558612172247E-06  -6.991031899438566E-05   4.047554757322517E-05  -3.441292460599317E-05  -1.827164099679825E-05   5.032808418026536E-05  -1.165922574802057E-05   5.522677851177479E-02   2.087151049206631E-02  -7.574348491623263E-02   3.102719348416837E-02  -5.223228463454006E-04   2.358302877490568E-04  -2.035456849670208E-05  -3.086019590209629E-04   3.489087706017132E-04  -1.121027740755643E-05  -4.513453044784058E-06   3.895575132771062E-05  -2.829100354934326E-05   2.907467571264903E-07  -2.114611728264618E-07   8.426109471410988E-07  -2.513433815579197E-07   4.380285012796510E-05   3.231197345414047E-01   1.957199432402870E-01  -2.255206630833011E-01  -9.679241884942802E-02   1.540973968035698E-02  -1.823579834907831E-03  -1.607684832934543E-02   2.079700563154223E-02  -2.050296744271185E-05   0.000000000000000E+00   0.000000000000000E+00   0.000000000000000E+00   0.000000000000000E+00   0.000000000000000E+00   0.000000000000000E+00   0.000000000000000E+00   0.000000000000000E+00   0.000000000000000E+00   0.000000000000000E+00   0.000000000000000E+00   1.000000000000000E+00   0.000000000000000E+00  -5.990059321117407E-02   1.703985830088508E-02  -1.018095297429423E-02   7.333491216630401E-03   2.736910387717570E-02   0.000000000000000E+00   0.000000000000000E+00   0.000000000000000E+00   0.000000000000000E+00   0.000000000000000E+00   0.000000000000000E+00   0.000000000000000E+00   0.000000000000000E+00   0.000000000000000E+00  -7.318609429396687E-02   5.181347220479119E-02   1.678088834506595E-01  -9.068536100620336E-02   3.266162659407587E-01  -3.813556998813549E-04   0.000000000000000E+00   0.000000000000000E+00   0.000000000000000E+00   0.000000000000000E+00   0.000000000000000E+00   0.000000000000000E+00   0.000000000000000E+00   0.000000000000000E+00   0.000000000000000E+00   7.535228503377513E-02   0.000000000000000E+00   0.000000000000000E+00   0.000000000000000E+00   0.000000000000000E+00   0.000000000000000E+00   0.000000000000000E+00   0.000000000000000E+00   0.000000000000000E+00   0.000000000000000E+00   0.000000000000000E+00   0.000000000000000E+00   0.000000000000000E+00   0.000000000000000E+00   0.000000000000000E+00   0.000000000000000E+00   0.000000000000000E+00   0.000000000000000E+00   0.000000000000000E+00   0.000000000000000E+00   0.000000000000000E+00   0.000000000000000E+00   0.000000000000000E+00   0.000000000000000E+00   0.000000000000000E+00   0.000000000000000E+00   0.000000000000000E+00   0.000000000000000E+00   0.000000000000000E+00   0.000000000000000E+00   0.000000000000000E+00   0.000000000000000E+00   0.000000000000000E+00   0.000000000000000E+00   0.000000000000000E+00   0.000000000000000E+00   0.000000000000000E+00   0.000000000000000E+00   0.000000000000000E+00   0.000000000000000E+00   0.000000000000000E+00   0.000000000000000E+00   0.000000000000000E+00   0.000000000000000E+00   0.000000000000000E+00   0.000000000000000E+00   0.000000000000000E+00   0.000000000000000E+00   0.000000000000000E+00   0.000000000000000E+00   0.000000000000000E+00   0.000000000000000E+00   0.000000000000000E+00   0.000000000000000E+00   0.000000000000000E+00   0.000000000000000E+00   0.000000000000000E+00   0.000000000000000E+00   0.000000000000000E+00   0.000000000000000E+00   0.000000000000000E+00   0.000000000000000E+00   0.000000000000000E+00   0.000000000000000E+00   0.000000000000000E+00   0.000000000000000E+00   0.000000000000000E+00   0.000000000000000E+00   0.000000000000000E+00   0.000000000000000E+00   0.000000000000000E+00   0.000000000000000E+00   0.000000000000000E+00   0.000000000000000E+00   0.000000000000000E+00   0.000000000000000E+00   0.000000000000000E+00   0.000000000000000E+00  -3.361784609223929E-07  -1.513991199358358E-05   1.517115769930425E-05  -1.615191676841959E-05   1.094206966715672E-06  -2.340544544344780E-06   1.970342869050447E-06  -2.941606879093628E-06   0.000000000000000E+00   0.000000000000000E+00   0.000000000000000E+00   0.000000000000000E+00   0.000000000000000E+00   0.000000000000000E+00   0.000000000000000E+00   3.418436045144625E-05  -1.328436397794193E-05  -1.477369308602693E-05   3.434776559419648E-06  -1.679513134542558E-05   2.288957530739726E-07  -6.149663925480565E-07   1.657212567962993E-06  -8.285034891907131E-07   0.000000000000000E+00   8.585232193222648E-06   3.454107728435014E-05  -1.420009878350586E-05   3.835940816113992E-05   4.553865683310087E-06   3.239455966826252E-06  -7.218223939147557E-06   4.275457459081562E-06   0.000000000000000E+00  -3.540776446838758E-07  -8.247631765179829E-07   8.321804953408118E-06  -9.839589649870014E-07  -1.999146424352090E-04  -1.453433515139755E-05   1.311219746377638E-04
  -7.144767345448250E-06  -1.289657815611397E-05   4.909200474212571E-05  -1.577469738297516E-05  -2.301970840027038E-04  -1.493779409126742E-04   4.433924045129532E-04   2.187801366706643E-04   1.090404939611243E-05  -4.757160925646525E-06   4.047554757322517E-05  -3.290186369012730E-05   7.159288190042719E-06   3.801244593384446E-06  -1.165922574802057E-05  -3.289332163796740E-06  -1.875010789348169E-02  -7.086110835574828E-03   3.102719348416837E-02   5.110280873632031E-03  -6.016614139973095E-05  -2.274972772551898E-04   1.963534436947022E-05   3.489087706017132E-04  -2.834931467411253E-04   7.870541594954955E-06   3.168817205353372E-06  -2.829100354934326E-05   1.852254593288573E-05  -9.437779878700815E-08   6.864131596005421E-08  -2.513433815579197E-07   1.498924613900697E-07  -1.794479723282978E-06   7.507978342627575E-02   4.547729333690931E-02  -9.679241884942802E-02   1.685528227580570E-01  -1.537997246320582E-02   1.820057199349790E-03   2.079700563154223E-02  -1.599642282117874E-02   2.789398822720243E-05   0.000000000000000E+00   0.000000000000000E+00   0.000000000000000E+00   0.000000000000000E+00   0.000000000000000E+00   0.000000000000000E+00   0.000000000000000E+00   0.000000000000000E+00   0.000000000000000E+00   0.000000000000000E+00   0.000000000000000E+00   0.000000000000000E+00   1.000000000000000E+00  -4.819067601065119E-02  -5.440064852696334E-02   3.250323063985542E-02   2.736910387717570E-02  -7.147102410982643E-02   0.000000000000000E+00   0.000000000000000E+00   0.000000000000000E+00   0.000000000000000E+00   0.000000000000000E+00   0.000000000000000E+00   0.000000000000000E+00   0.000000000000000E+00   0.000000000000000E+00  -3.087424916675255E-01   2.185800549240682E-01  -9.068536100620336E-02  -1.932593482616600E-01  -3.343624163983772E-01   2.551299449426498E-03   0.000000000000000E+00   0.000000000000000E+00   0.000000000000000E+00   0.000000000000000E+00   0.000000000000000E+00   0.000000000000000E+00   0.000000000000000E+00   0.000000000000000E+00   0.000000000000000E+00   6.775380112262984E-02   0.000000000000000E+00   0.000000000000000E+00   0.000000000000000E+00   0.000000000000000E+00   0.000000000000000E+00   0.000000000000000E+00   0.000000000000000E+00   0.000000000000000E+00   0.000000000000000E+00   0.000000000000000E+00   0.000000000000000E+00   0.000000000000000E+00   0.000000000000000E+00   0.000000000000000E+00   0.000000000000000E+00   0.000000000000000E+00   0.000000000000000E+00   0.000000000000000E+00   0.000000000000000E+00   0.000000000000000E+00   0.000000000000000E+00   0.000000000000000E+00   0.000000000000000E+00   0.000000000000000E+00   0.000000000000000E+00   0.000000000000000E+00   0.000000000000000E+00   0.000000000000000E+00   0.000000000000000E+00   0.000000000000000E+00   0.000000000000000E+00   0.000000000000000E+00   0.000000000000000E+00   0.000000000000000E+00   0.000000000000000E+00   0.000000000000000E+00   0.000000000000000E+00   0.000000000000000E+00   0.000000000000000E+00   0.000000000000000E+00   0.000000000000000E+00   0.000000000000000E+00   0.000000000000000E+00   0.000000000000000E+00   0.000000000000000E+00   0.000000000000000E+00   0.000000000000000E+00   0.000000000000000E+00   0.000000000000000E+00   0.000000000000000E+00   0.000000000000000E+00   0.000000000000000E+00   0.000000000000000E+00   0.000000000000000E+00   0.000000000000000E+00   0.000000000000000E+00   0.000000000000000E+00   0.000000000000000E+00   0.000000000000000E+00   0.000000000000000E+00   0.000000000000000E+00   0.000000000000000E+00   0.000000000000000E+00   0.000000000000000E+00   0.000000000000000E+00   0.000000000000000E+00   0.000000000000000E+00   0.000000000000000E+00   0.000000000000000E+00   0.000000000000000E+00   0.000000000000000E+00   0.000000000000000E+00   0.000000000000000E+00   0.000000000000000E+00   0.000000000000000E+00   0.000000000000000E+00   0.000000000000000E+00   3.764225282707455E-07   1.695231733402735E-05  -1.615191676841959E-05   1.883154351763663E-05  -3.537708899738235E-06   7.567275219984863E-06  -2.941606879093628E-06   1.057109461019633E-05   0.000000000000000E+00   0.000000000000000E+00   0.000000000000000E+00   0.000000000000000E+00   0.000000000000000E+00   0.000000000000000E+00   0.000000000000000E+00  -2.759333075148376E-05   2.500162725498287E-05   2.780459556284957E-05  -1.679513134542558E-05   2.611986339400226E-05  -5.297674487478625E-06   1.423308088816198E-05  -8.285034891907131E-07   2.079670272478002E-05   0.000000000000000E+00  -2.127741144941562E-05  -8.560568855264760E-05   3.835940816113992E-05  -9.379138253766162E-05   3.597387122440637E-05   2.559051581491432E-05   4.275457459081562E-06   2.601510203439599E-05   0.000000000000000E+00  -5.356760243580216E-05  -1.247765471972949E-04  -9.839589649870014E-07  -1.405326075132389E-04   2.795360850594504E-04  -4.521633381818309E-05   6.320556456214420E-04
  -2.388097099354609E-04  -2.926428156949894E-05   4.004941387260019E-04  -3.642719079699652E-04  -1.785787836830855E-02  -2.448140927374036E-03   2.315106692697949E-02  -2.072661441439154E-02   5.087590911706752E-05   3.809979417259731E-06   2.308079244364134E-05  -3.324549250916186E-05   5.374227640341229E-05  -5.638526984346018E-06   2.621975375672974E-05  -1.515036266013211E-05  -5.650099323348904E-02   1.848357008461129E-02   2.965964258096265E-02  -8.203101229306181E-02   3.032757018153528E-02   5.114018612952608E-06   3.640339301440655E-05   4.841163716826863E-05  -1.335334245739940E-04  -2.653245373669952E-06  -3.158440605259721E-06  -3.302643034610502E-05   4.313609438928250E-05  -3.664981811192810E-06   7.439649459238816E-06  -4.414867429231090E-05   2.894158742867930E-05  -7.845043336030035E-05  -4.606287080113920E-01   1.749212293404172E-01  -1.347851575243623E-01  -4.301821201960407E-01  -1.375571245363662E-03   8.632166519739584E-04   3.587244757565287E-04  -2.448015269611031E-03  -7.625167588011801E-05   0.000000000000000E+00   0.000000000000000E+00   0.000000000000000E+00   0.000000000000000E+00   0.000000000000000E+00   0.000000000000000E+00   0.000000000000000E+00   0.000000000000000E+00   0.000000000000000E+00  -5.400769769138791E-02   3.773252742725810E-02  -5.990059321117407E-02  -4.819067601065119E-02   1.000000000000000E+00  -3.023154168879144E-04   2.922386617647521E-04  -1.393132548658494E-04  -5.617772516604326E-04   0.000000000000000E+00   0.000000000000000E+00   0.000000000000000E+00   0.000000000000000E+00   0.000000000000000E+00   0.000000000000000E+00   0.000000000000000E+00   0.000000000000000E+00   0.000000000000000E+00  -1.452322046950485E-03   1.320349857729380E-03  -1.455953321476264E-03  -1.944539673625521E-03   1.652655797681251E-02  -9.441066369897665E-05   0.000000000000000E+00   0.000000000000000E+00   0.000000000000000E+00   0.000000000000000E+00   0.000000000000000E+00   0.000000000000000E+00   0.000000000000000E+00   0.000000000000000E+00   0.000000000000000E+00   1.074418854404108E-04   0.000000000000000E+00   0.000000000000000E+00   0.000000000000000E+00   0.000000000000000E+00   0.000000000000000E+00   0.000000000000000E+00   0.000000000000000E+00   0.000000000000000E+00   0.000000000000000E+00   0.000000000000000E+00   0.000000000000000E+00   0.000000000000000E+00   0.000000000000000E+00   0.000000000000000E+00   0.000000000000000E+00   0.000000000000000E+00   0.000000000000000E+00   0.000000000000000E+00   0.000000000000000E+00   0.000000000000000E+00   0.000000000000000E+00   0.000000000000000E+00   0.000000000000000E+00   0.000000000000000E+00   0.000000000000000E+00   0.000000000000000E+00   0.000000000000000E+00   0.000000000000000E+00   0.000000000000000E+00   0.000000000000000E+00   0.000000000000000E+00   0.000000000000000E+00   0.000000000000000E+00   0.000000000000000E+00   0.000000000000000E+00   0.000000000000000E+00   0.000000000000000E+00   0.000000000000000E+00   0.000000000000000E+00   0.000000000000000E+00   0.000000000000000E+00   0.000000000000000E+00   0.000000000000000E+00   0.000000000000000E+00   0.000000000000000E+00   0.000000000000000E+00   0.000000000000000E+00   0.000000000000000E+00   0.000000000000000E+00   0.000000000000000E+00   0.000000000000000E+00   0.000000000000000E+00   0.000000000000000E+00   0.000000000000000E+00   0.000000000000000E+00   0.000000000000000E+00   0.000000000000000E+00   0.000000000000000E+00   0.000000000000000E+00   0.000000000000000E+00   0.000000000000000E+00   0.000000000000000E+00   0.000000000000000E+00   0.000000000000000E+00   0.000000000000000E+00   0.000000000000000E+00   0.000000000000000E+00   0.000000000000000E+00   0.000000000000000E+00   0.000000000000000E+00   0.000000000000000E+00   0.000000000000000E+00   0.000000000000000E+00   0.000000000000000E+00   0.000000000000000E+00   0.000000000000000E+00   0.000000000000000E+00  -1.183833174871221E-05   1.442585554115360E-05  -1.074335855212277E-05   2.647417505204263E-05   0.000000000000000E+00   0.000000000000000E+00   0.000000000000000E+00   0.000000000000000E+00   0.000000000000000E+00   0.000000000000000E+00   0.000000000000000E+00   0.000000000000000E+00   0.000000000000000E+00   0.000000000000000E+00   0.000000000000000E+00  -5.086014564896928E-05   4.695809231459025E-07   2.597139471231851E-05  -6.931497467535567E-06   5.101804156436044E-05   0.000000000000000E+00   0.000000000000000E+00   0.000000000000000E+00   0.000000000000000E+00   0.000000000000000E+00   6.286289199279753E-05   8.553213828640301E-06   5.564913758738549E-07   1.869644459994427E-05  -3.412068087851727E-07   2.316557043661956E-07   1.895317694318136E-07   5.289842247613079E-07   0.000000000000000E+00   5.568032533825666E-05   2.412068970745455E-05   1.829557442509032E-05   5.680946712762659E-05   1.268725459145047E-04   0.000000000000000E+00  -8.574467034024590E-05
   6.634027078478498E-05   1.007011047005186E-04  -1.925612242197588E-04  -3.631522122109628E-05   5.575898570816720E-04   6.159424926167607E-04  -8.663671682747796E-04  -5.214516775989775E-04   4.096589066974638E-04   3.028383414823773E-04  -8.320972167303889E-04   1.338755278849206E-04  -1.279735616967507E-05  -2.254309267922403E-05   4.241540860905503E-05   8.358788005888344E-06   3.103538040578506E-02   2.737926533598561E-02  -3.237359280426517E-02  -2.927789506597317E-02   1.602188351258496E-05   2.663412154053839E-02   1.124585724406776E-02  -4.134207526961852E-02   1.315311211297640E-02  -2.632797940663553E-05  -4.837922801885466E-06   1.599127588250602E-05  -5.388541168680668E-06   1.273312788145997E-05  -4.152982188223185E-06   9.488492432874462E-06  -1.373689722981024E-08  -1.052736598749538E-05   1.052378757702395E-02   9.152518423752781E-03  -3.621224628264893E-03  -1.623837186428636E-02   2.757968038250158E-01   1.431203377488123E-01  -2.967797430966523E-01  -4.110955101358133E-02  -1.034565923612541E-02   6.309861031719484E-05   7.312452054197094E-06  -7.503650841889255E-06   2.205665102835762E-05  -4.845766930076879E-06   0.000000000000000E+00   0.000000000000000E+00   0.000000000000000E+00   0.000000000000000E+00   3.703849022136912E-02   2.023633827799538E-02   1.703985830088508E-02  -5.440064852696334E-02  -3.023154168879144E-04   1.000000000000000E+00   0.000000000000000E+00   0.000000000000000E+00   0.000000000000000E+00   0.000000000000000E+00   0.000000000000000E+00   0.000000000000000E+00   0.000000000000000E+00   0.000000000000000E+00   0.000000000000000E+00   0.000000000000000E+00   0.000000000000000E+00   0.000000000000000E+00   3.158458946109156E-01   3.480512524164368E-02   2.536175515609259E-01  -2.609669595249716E-01  -1.668523387806545E-03  -4.345619649128408E-01   0.000000000000000E+00   0.000000000000000E+00   0.000000000000000E+00   0.000000000000000E+00   0.000000000000000E+00   0.000000000000000E+00   0.000000000000000E+00   0.000000000000000E+00   0.000000000000000E+00  -4.828159170884095E-02   0.000000000000000E+00   0.000000000000000E+00   0.000000000000000E+00   0.000000000000000E+00   0.000000000000000E+00   0.000000000000000E+00   0.000000000000000E+00   0.000000000000000E+00   0.000000000000000E+00   0.000000000000000E+00   0.000000000000000E+00   0.000000000000000E+00   0.000000000000000E+00   0.000000000000000E+00   0.000000000000000E+00   0.000000000000000E+00   0.000000000000000E+00   0.000000000000000E+00   0.000000000000000E+00   0.000000000000000E+00   0.000000000000000E+00   0.000000000000000E+00   0.000000000000000E+00   0.000000000000000E+00   0.000000000000000E+00   0.000000000000000E+00   0.000000000000000E+00   0.000000000000000E+00   0.000000000000000E+00   0.000000000000000E+00   0.000000000000000E+00   0.000000000000000E+00   0.000000000000000E+00   0.000000000000000E+00   0.000000000000000E+00   0.000000000000000E+00   0.000000000000000E+00   0.000000000000000E+00   0.000000000000000E+00   0.000000000000000E+00   0.000000000000000E+00   0.000000000000000E+00   0.000000000000000E+00   0.000000000000000E+00   0.000000000000000E+00   0.000000000000000E+00   0.000000000000000E+00   0.000000000000000E+00   0.000000000000000E+00   0.000000000000000E+00   0.000000000000000E+00   0.000000000000000E+00   0.000000000000000E+00   0.000000000000000E+00   0.000000000000000E+00   0.000000000000000E+00   0.000000000000000E+00   0.000000000000000E+00   0.000000000000000E+00   0.000000000000000E+00   3.156537829621342E-06   1.441330251852590E-06  -1.038153955392028E-06   7.672880093035353E-07   5.168609607304467E-07   2.561335534751217E-07  -8.741409367511223E-08   1.917197196263815E-07   0.000000000000000E+00   0.000000000000000E+00   0.000000000000000E+00   0.000000000000000E+00   0.000000000000000E+00   0.000000000000000E+00   0.000000000000000E+00   0.000000000000000E+00   0.000000000000000E+00  -6.854605350890889E-06  -3.537051073798897E-05   2.277209433073051E-05  -1.487057316292049E-05   9.570510253555059E-07  -2.925021874416052E-05   5.686188159919870E-06  -1.854194593582654E-05   0.000000000000000E+00   0.000000000000000E+00   0.000000000000000E+00   0.000000000000000E+00   0.000000000000000E+00   0.000000000000000E+00   0.000000000000000E+00   4.971883009564961E-05  -2.631497151745174E-05  -3.082023474166903E-05   1.072885785296808E-05  -1.417283174458211E-05  -8.231628668430953E-07  -3.086371673890350E-05  -2.703211866235307E-06  -2.140978674041973E-05   0.000000000000000E+00   1.475742580815122E-04   3.586233728425061E-04  -6.477255564298806E-05   1.158174487120230E-04  -2.681355289938250E-05  -2.306106769849685E-05  -6.742555850999770E-06  -1.327672026901129E-05   0.000000000000000E+00   1.710554509646536E-04   3.961757879859083E-04   7.327963138899637E-05   1.462160697082611E-04  -9.133155763975090E-04   5.037813764172970E-05  -1.079620210048291E-03
  -1.007011047005186E-04  -7.043287790548841E-05   2.011938582205855E-04   3.794325414792794E-05  -6.159424926167607E-04  -4.590516113385350E-04   9.225601124788691E-04   5.552732559060109E-04  -3.028383414823773E-04  -6.139427025647675E-05   5.750815948249669E-04  -9.252446773781251E-05   2.254309267922403E-05  -1.941161240439136E-07  -1.633836276200214E-05  -3.219794767265801E-06  -2.737926533598561E-02  -1.320519181772776E-02   3.110434656798717E-02   2.813001943958509E-02   6.776174613771900E-05  -1.124585724406776E-02   5.928789136621432E-03   1.895025530809554E-02  -6.029083712207338E-03   4.837922801885466E-06  -1.380924510016735E-05   2.415586579128054E-05  -8.139743084780165E-06   4.152982188223185E-06   8.562672031641692E-06  -2.133851725245405E-05   3.089268612555496E-08  -2.139213388204096E-05  -9.152518423752781E-03  -4.453141894488473E-03   3.367184313839190E-03   1.509919892760461E-02  -1.431203377488123E-01   6.994591418900668E-02   1.895679331856370E-01   2.625870801868090E-02   9.998010657147249E-04  -5.331703752055822E-06   7.503650841889255E-06   3.420887601295744E-06  -1.919179244695148E-05   4.216367799842802E-06   0.000000000000000E+00   0.000000000000000E+00   0.000000000000000E+00   0.000000000000000E+00  -2.023633827799538E-02   3.815505243141832E-03  -1.018095297429423E-02   3.250323063985542E-02   2.922386617647521E-04   0.000000000000000E+00   1.000000000000000E+00   0.000000000000000E+00   0.000000000000000E+00   0.000000000000000E+00   0.000000000000000E+00   0.000000000000000E+00   0.000000000000000E+00   0.000000000000000E+00   0.000000000000000E+00   0.000000000000000E+00   0.000000000000000E+00   0.000000000000000E+00  -3.480512524164368E-02   1.869562327937864E-01  -3.513231882263947E-02   3.615039403928499E-02   7.209725092624592E-04  -2.171289980714196E-01   0.000000000000000E+00   0.000000000000000E+00   0.000000000000000E+00   0.000000000000000E+00   0.000000000000000E+00   0.000000000000000E+00   0.000000000000000E+00   0.000000000000000E+00   0.000000000000000E+00  -9.119853655008624E-03   0.000000000000000E+00   0.000000000000000E+00   0.000000000000000E+00   0.000000000000000E+00   0.000000000000000E+00   0.000000000000000E+00   0.000000000000000E+00   0.000000000000000E+00   0.000000000000000E+00   0.000000000000000E+00   0.000000000000000E+00   0.000000000000000E+00   0.000000000000000E+00   0.000000000000000E+00   0.000000000000000E+00   0.000000000000000E+00   0.000000000000000E+00   0.000000000000000E+00   0.000000000000000E+00   0.000000000000000E+00   0.000000000000000E+00   0.000000000000000E+00   0.000000000000000E+00   0.000000000000000E+00   0.000000000000000E+00   0.000000000000000E+00   0.000000000000000E+00   0.000000000000000E+00   0.000000000000000E+00   0.000000000000000E+00   0.000000000000000E+00   0.000000000000000E+00   0.000000000000000E+00   0.000000000000000E+00   0.000000000000000E+00   0.000000000000000E+00   0.000000000000000E+00   0.000000000000000E+00   0.000000000000000E+00   0.000000000000000E+00   0.000000000000000E+00   0.000000000000000E+00   0.000000000000000E+00   0.000000000000000E+00   0.000000000000000E+00   0.000000000000000E+00   0.000000000000000E+00   0.000000000000000E+00   0.000000000000000E+00   0.000000000000000E+00   0.000000000000000E+00   0.000000000000000E+00   0.000000000000000E+00   0.000000000000000E+00   0.000000000000000E+00   0.000000000000000E+00   0.000000000000000E+00   0.000000000000000E+00   0.000000000000000E+00   0.000000000000000E+00  -1.441330251852590E-06   3.775735801179004E-06  -2.412357356117086E-06   1.782946415500439E-06  -2.561335534751217E-07   6.445952854177264E-07  -1.955023718615552E-07   4.287828008478384E-07   0.000000000000000E+00   0.000000000000000E+00   0.000000000000000E+00   0.000000000000000E+00   0.000000000000000E+00   0.000000000000000E+00   0.000000000000000E+00   0.000000000000000E+00   0.000000000000000E+00   3.537051073798897E-05   2.723279200984895E-05  -2.239691227115732E-05   1.462557276088152E-05   2.925021874416052E-05   4.005313534281865E-05  -8.822177271151478E-06   2.876801284048145E-05   0.000000000000000E+00   0.000000000000000E+00   0.000000000000000E+00   0.000000000000000E+00   0.000000000000000E+00   0.000000000000000E+00   0.000000000000000E+00  -5.405894348359158E-05   3.082023474166903E-05  -4.557268613512671E-05   1.275061482446660E-05  -1.684357468648411E-05   3.086371673890350E-05   3.706451819324805E-05   3.761493246745630E-06   2.979151181017448E-05   0.000000000000000E+00  -3.586233728425061E-04  -6.436086842355984E-04   1.274837548252475E-04  -2.279490609799274E-04   2.306106769849685E-05  -5.872173174454570E-05  -1.485568002671677E-05  -2.925221718280781E-05   0.000000000000000E+00  -3.961757879859083E-04  -6.917563568352870E-04  -1.408903723686800E-04  -2.811209079113234E-04   1.641382349189145E-03  -5.379987826319986E-05   1.865625579123945E-03
   1.925612242197588E-04   2.011938582205855E-04  -3.499413210265528E-04  -7.255530603497758E-05   8.663671682747796E-04   9.225601124788691E-04  -1.100805605838127E-03  -7.810315477573809E-04   8.320972167303889E-04   5.750815948249669E-04  -1.432225192875431E-03   2.542259071530894E-04  -4.241540860905503E-05  -1.633836276200214E-05   2.186336225499441E-05   6.058126656984367E-06   3.237359280426517E-02   3.110434656798717E-02  -2.367754041140840E-02  -3.326129403904286E-02  -7.873000451627795E-05   4.134207526961852E-02   1.895025530809554E-02  -5.858138988684557E-02   2.216414695895147E-02  -1.599127588250602E-05   2.415586579128054E-05  -8.634607500253790E-05   2.690511664028858E-05  -9.488492432874462E-06  -2.133851725245405E-05   4.797610206119089E-05  -7.058181452468617E-08   3.618375891843573E-05   3.621224628264893E-03   3.367184313839190E-03   2.725060758343961E-03  -5.974048725410091E-03   2.967797430966523E-01   1.895679331856370E-01  -2.317312646354771E-01  -5.445104967200087E-02  -1.463272397803485E-02   2.499285493051866E-05  -2.205665102835762E-05  -1.919179244695148E-05   5.330528709288021E-05  -1.239382736856152E-05   0.000000000000000E+00   0.000000000000000E+00   0.000000000000000E+00   0.000000000000000E+00  -1.703985830088508E-02  -1.018095297429423E-02   7.333491216630401E-03   2.736910387717570E-02  -1.393132548658494E-04   0.000000000000000E+00   0.000000000000000E+00   1.000000000000000E+00   0.000000000000000E+00   0.000000000000000E+00   0.000000000000000E+00   0.000000000000000E+00   0.000000000000000E+00   0.000000000000000E+00   0.000000000000000E+00   0.000000000000000E+00   0.000000000000000E+00   0.000000000000000E+00  -2.536175515609259E-01  -3.513231882263947E-02  -6.422413609508247E-02   2.634202394202668E-01   1.357639748772514E-03   9.081959863407665E-02   0.000000000000000E+00   0.000000000000000E+00   0.000000000000000E+00   0.000000000000000E+00   0.000000000000000E+00   0.000000000000000E+00   0.000000000000000E+00   0.000000000000000E+00   0.000000000000000E+00   6.807500500522173E-02   0.000000000000000E+00   0.000000000000000E+00   0.000000000000000E+00   0.000000000000000E+00   0.000000000000000E+00   0.000000000000000E+00   0.000000000000000E+00   0.000000000000000E+00   0.000000000000000E+00   0.000000000000000E+00   0.000000000000000E+00   0.000000000000000E+00   0.000000000000000E+00   0.000000000000000E+00   0.000000000000000E+00   0.000000000000000E+00   0.000000000000000E+00   0.000000000000000E+00   0.000000000000000E+00   0.000000000000000E+00   0.000000000000000E+00   0.000000000000000E+00   0.000000000000000E+00   0.000000000000000E+00   0.000000000000000E+00   0.000000000000000E+00   0.000000000000000E+00   0.000000000000000E+00   0.000000000000000E+00   0.000000000000000E+00   0.000000000000000E+00   0.000000000000000E+00   0.000000000000000E+00   0.000000000000000E+00   0.000000000000000E+00   0.000000000000000E+00   0.000000000000000E+00   0.000000000000000E+00   0.000000000000000E+00   0.000000000000000E+00   0.000000000000000E+00   0.000000000000000E+00   0.000000000000000E+00   0.000000000000000E+00   0.000000000000000E+00   0.000000000000000E+00   0.000000000000000E+00   0.000000000000000E+00   0.000000000000000E+00   0.000000000000000E+00   0.000000000000000E+00   0.000000000000000E+00   0.000000000000000E+00   0.000000000000000E+00   0.000000000000000E+00   0.000000000000000E+00   0.000000000000000E+00   0.000000000000000E+00   0.000000000000000E+00   0.000000000000000E+00   1.038153955392028E-06  -2.412357356117086E-06   2.164078443188719E-06  -1.284211492213323E-06   8.741409367511223E-08  -1.955023718615552E-07   1.384720779689048E-07  -1.463363913515163E-07   0.000000000000000E+00   0.000000000000000E+00   0.000000000000000E+00   0.000000000000000E+00   0.000000000000000E+00   0.000000000000000E+00   0.000000000000000E+00   0.000000000000000E+00   0.000000000000000E+00  -2.277209433073051E-05  -2.239691227115732E-05   6.864515184541036E-06  -9.416175101877900E-06  -5.686188159919870E-06  -8.822177271151478E-06  -3.613853996892781E-06  -5.592448228464117E-06   0.000000000000000E+00   0.000000000000000E+00   0.000000000000000E+00   0.000000000000000E+00   0.000000000000000E+00   0.000000000000000E+00   0.000000000000000E+00   4.448740427722126E-05  -1.072885785296808E-05   1.275061482446660E-05  -1.338328202319601E-05   5.863430958973716E-06   2.703211866235307E-06   3.761493246745630E-06  -5.552594053291065E-06   2.609302337746056E-06   0.000000000000000E+00   6.477255564298806E-05   1.274837548252475E-04   3.919963382722999E-05   4.117088944610809E-05   6.742555850999770E-06  -1.485568002671677E-05  -1.225542086891378E-05  -8.552713634048819E-06   0.000000000000000E+00  -7.327963138899637E-05  -1.408903723686800E-04   4.388704335383934E-05  -5.199822183029146E-05  -5.789481069666287E-04  -2.924333755016845E-05   7.577891217238078E-04
   3.631522122109628E-05   3.794325414792794E-05  -7.255530603497758E-05   2.109947427894135E-05   5.214516775989775E-04   5.552732559060109E-04  -7.810315477573809E-04  -2.732484434348236E-04  -1.338755278849206E-04  -9.252446773781251E-05   2.542259071530894E-04   1.070020734090885E-04  -8.358788005888344E-06  -3.219794767265801E-06   6.058126656984367E-06  -7.683814796054916E-06   2.927789506597317E-02   2.813001943958509E-02  -3.326129403904286E-02  -1.698007462375669E-02  -7.041489493095787E-05  -1.315311211297640E-02  -6.029083712207338E-03   2.216414695895147E-02   4.032037621495634E-03   5.388541168680668E-06  -8.139743084780165E-06   2.690511664028858E-05  -1.556739841826413E-05   1.373689722981024E-08   3.089268612555496E-08  -7.058181452468617E-08  -7.768002948969602E-07   1.331324612756733E-05   1.623837186428636E-02   1.509919892760461E-02  -5.974048725410091E-03  -2.273165677957739E-02   4.110955101358133E-02   2.625870801868090E-02  -5.445104967200087E-02   1.538214784708038E-01   1.156187656597998E-02  -1.419848123177438E-05   4.845766930076879E-06   4.216367799842802E-06  -1.239382736856152E-05  -3.852618746306337E-07   0.000000000000000E+00   0.000000000000000E+00   0.000000000000000E+00   0.000000000000000E+00   5.440064852696334E-02   3.250323063985542E-02   2.736910387717570E-02  -7.147102410982643E-02  -5.617772516604326E-04   0.000000000000000E+00   0.000000000000000E+00   0.000000000000000E+00   1.000000000000000E+00   0.000000000000000E+00   0.000000000000000E+00   0.000000000000000E+00   0.000000000000000E+00   0.000000000000000E+00   0.000000000000000E+00   0.000000000000000E+00   0.000000000000000E+00   0.000000000000000E+00   2.609669595249716E-01   3.615039403928499E-02   2.634202394202668E-01  -7.927610714730526E-02  -2.774186458789379E-03   4.035495925733539E-01   0.000000000000000E+00   0.000000000000000E+00   0.000000000000000E+00   0.000000000000000E+00   0.000000000000000E+00   0.000000000000000E+00   0.000000000000000E+00   0.000000000000000E+00   0.000000000000000E+00  -3.579385574591469E-02   0.000000000000000E+00   0.000000000000000E+00   0.000000000000000E+00   0.000000000000000E+00   0.000000000000000E+00   0.000000000000000E+00   0.000000000000000E+00   0.000000000000000E+00   0.000000000000000E+00   0.000000000000000E+00   0.000000000000000E+00   0.000000000000000E+00   0.000000000000000E+00   0.000000000000000E+00   0.000000000000000E+00   0.000000000000000E+00   0.000000000000000E+00   0.000000000000000E+00   0.000000000000000E+00   0.000000000000000E+00   0.000000000000000E+00   0.000000000000000E+00   0.000000000000000E+00   0.000000000000000E+00   0.000000000000000E+00   0.000000000000000E+00   0.000000000000000E+00   0.000000000000000E+00   0.000000000000000E+00   0.000000000000000E+00   0.000000000000000E+00   0.000000000000000E+00   0.000000000000000E+00   0.000000000000000E+00   0.000000000000000E+00   0.000000000000000E+00   0.000000000000000E+00   0.000000000000000E+00   0.000000000000000E+00   0.000000000000000E+00   0.000000000000000E+00   0.000000000000000E+00   0.000000000000000E+00   0.000000000000000E+00   0.000000000000000E+00   0.000000000000000E+00   0.000000000000000E+00   0.000000000000000E+00   0.000000000000000E+00   0.000000000000000E+00   0.000000000000000E+00   0.000000000000000E+00   0.000000000000000E+00   0.000000000000000E+00   0.000000000000000E+00   0.000000000000000E+00   0.000000000000000E+00   0.000000000000000E+00   0.000000000000000E+00   0.000000000000000E+00  -7.672880093035353E-07   1.782946415500439E-06  -1.284211492213323E-06   1.375664459809689E-06  -1.917197196263815E-07   4.287828008478384E-07  -1.463363913515163E-07   3.927006037831704E-07   0.000000000000000E+00   0.000000000000000E+00   0.000000000000000E+00   0.000000000000000E+00   0.000000000000000E+00   0.000000000000000E+00   0.000000000000000E+00   0.000000000000000E+00   0.000000000000000E+00   1.487057316292049E-05   1.462557276088152E-05  -9.416175101877900E-06  -1.406045320863105E-06   1.854194593582654E-05   2.876801284048145E-05  -5.592448228464117E-06   1.290740292266139E-05   0.000000000000000E+00   0.000000000000000E+00   0.000000000000000E+00   0.000000000000000E+00   0.000000000000000E+00   0.000000000000000E+00   0.000000000000000E+00  -1.496580935082419E-05   1.417283174458211E-05  -1.684357468648411E-05   5.863430958973716E-06  -1.669025281279203E-05   2.140978674041973E-05   2.979151181017448E-05   2.609302337746056E-06   1.478396510648121E-05   0.000000000000000E+00  -1.158174487120230E-04  -2.279490609799274E-04   4.117088944610809E-05  -1.139112921254794E-05   1.327672026901129E-05  -2.925221718280781E-05  -8.552713634048819E-06  -2.475303183245867E-05   0.000000000000000E+00  -1.462160697082611E-04  -2.811209079113234E-04  -5.199822183029146E-05  -3.380574012153857E-05   2.102963408340577E-04  -3.596819159157372E-05   4.543023025101140E-04
   7.491571403224853E-05  -5.834165431317883E-06   1.700934114980411E-04  -1.659931359871917E-04  -1.475360105995867E-05   1.014638164585602E-06  -3.553674329751182E-05   3.433375750785814E-05   5.818556864082426E-04  -2.533084840121436E-04   1.067106386283361E-03  -5.595528199604159E-04   5.015928274506745E-04   1.619063772541188E-04   5.247073993601813E-04  -9.240742631544843E-04   1.151146844714582E-05   1.631492645354874E-06  -1.128255998214071E-05   7.868079113428267E-06  -6.332355689602944E-06  -2.462517485831539E-05   1.451766102443972E-06  -4.535578311744999E-06   1.551436200879754E-06   3.380723667661321E-02  -1.555561448204821E-02   5.081688318414775E-02  -1.664570622646319E-02   2.982684243702963E-02   1.102178119489510E-02   1.668660716957103E-02  -4.549419645422668E-02   2.290147956784515E-05   0.000000000000000E+00   0.000000000000000E+00   0.000000000000000E+00   0.000000000000000E+00   4.820812955116385E-06   6.660652159020249E-06  -2.546698175332745E-05   1.134442199432537E-05   6.269990989765487E-05  -1.264236734989197E-02   3.020795096462471E-01  -2.165776589663044E-02   2.486851355033640E-01  -2.515910305004269E-01   1.428686900801236E-02   1.107981356635136E-02  -3.416544211206235E-03  -2.242497686183203E-02   0.000000000000000E+00   0.000000000000000E+00   0.000000000000000E+00   0.000000000000000E+00   0.000000000000000E+00   0.000000000000000E+00   0.000000000000000E+00   0.000000000000000E+00   0.000000000000000E+00   1.000000000000000E+00   0.000000000000000E+00   0.000000000000000E+00   0.000000000000000E+00   3.327810431810185E-02   2.912417761103406E-02  -3.173670859680953E-02  -3.403560808869767E-02  -4.039989160004460E-04   0.000000000000000E+00   0.000000000000000E+00   0.000000000000000E+00   0.000000000000000E+00   0.000000000000000E+00   0.000000000000000E+00  -4.251527465501378E-01   3.039600851865203E-01   1.562765210318186E-01  -3.131751957925158E-01  -6.487484337611471E-02   6.334635002918671E-04   7.008649641718644E-04  -9.486602921897621E-04  -6.181237331715634E-04   0.000000000000000E+00   2.862344478026303E-02   1.048629959234381E-02  -4.520989128415457E-02   1.170991744445162E-02   8.053805522088801E-05   1.158076136448412E-04  -2.153645011179369E-04  -4.749839251477812E-05   2.284189428116097E-05   5.631639538362529E-04   3.659805530567371E-04  -1.132495098778616E-03   1.059262900575516E-04  -1.327444854961122E-02   5.839446464318629E-05   2.234495657703191E-05  -2.675342770819959E-05  -2.539221909907472E-05  -7.418737587098148E-06  -1.486327352485477E-05  -1.708357804895011E-06  -3.144399912102208E-05  -2.799309069517250E-06  -2.263863765424605E-05   1.041293359614186E-04   2.760689913122524E-04   4.766825696424725E-05   9.664553473793002E-05  -1.433916579767165E-05  -3.651479408033648E-05  -2.301154259464470E-05  -2.385680330863398E-05   3.387834981914693E-06  -2.544755730540815E-05   4.969196642911049E-06  -1.734649463321719E-05   0.000000000000000E+00   6.155180458186957E-05   1.992915798176164E-04  -3.318525989752076E-05   5.919078679697132E-05   5.485386636135054E-04   1.050889059413819E-03   4.889587154748405E-04   1.304328129573326E-04  -2.338469421000529E-05  -3.085061142658840E-05  -2.970611197615096E-05  -1.482088410465793E-05  -4.526462579829832E-06   0.000000000000000E+00   0.000000000000000E+00   0.000000000000000E+00   0.000000000000000E+00  -2.506283593989366E-05  -3.560986779099046E-05   1.216562022809784E-05  -1.735691909038849E-05  -2.357449980936353E-04  -1.350550596140484E-03   2.644075037886983E-05   9.992642172778482E-05   9.148932834773196E-05   1.715806246021502E-05   8.324654943109932E-06  -1.200525804050944E-05  -1.677133449786743E-05  -6.504601200319891E-06   0.000000000000000E+00   0.000000000000000E+00   0.000000000000000E+00   0.000000000000000E+00   0.000000000000000E+00  -5.668094094165946E-06  -3.443096424284127E-05   2.186726341736398E-05  -1.500011525421877E-05  -1.666733427407863E-06   3.956900401691603E-05   5.855739599858704E-05  -4.906086806658877E-06   1.422694357114685E-05  -2.478710463251274E-06  -4.814005306031467E-06  -7.754971367630304E-07   0.000000000000000E+00   3.998578793861575E-06   1.782868400956604E-06  -1.279343904338738E-06   1.023070784626259E-06   0.000000000000000E+00   3.552981877386708E-05  -1.192916371895838E-04  -9.783032777757402E-06  -1.993361020975769E-05  -4.255712371044630E-05   1.584830186351440E-06   0.000000000000000E+00   0.000000000000000E+00   0.000000000000000E+00   0.000000000000000E+00   0.000000000000000E+00   1.127986151517690E-05  -4.017951768047017E-06  -1.371420761407828E-05   2.305396277734450E-06   0.000000000000000E+00   0.000000000000000E+00   0.000000000000000E+00   0.000000000000000E+00   0.000000000000000E+00   0.000000000000000E+00   0.000000000000000E+00   0.000000000000000E+00   0.000000000000000E+00   6.685671254959526E-06   0.000000000000000E+00   0.000000000000000E+00
   5.834165431317883E-06   3.745348624371473E-05   9.383603768232164E-06  -9.157402409840105E-06  -1.014638164585602E-06  -9.212733263953735E-06  -5.036384568697378E-07   4.865893451471162E-07   2.533084840121436E-04   9.822489223827877E-05   4.495164444470645E-04  -2.357105133490819E-04  -1.619063772541188E-04   1.283557032734742E-04  -1.616675100713770E-04   2.847163684510542E-04  -1.631492645354874E-06  -5.138392966550766E-07  -5.826515426772359E-06   4.063216540042451E-06  -3.161248289306031E-06  -1.451766102443972E-06  -1.492184456113897E-05   3.235433676482654E-05  -1.106709792275520E-05   1.555561448204821E-02   6.578311052324712E-03   2.551454613926948E-02  -8.357608985910949E-03  -1.102178119489510E-02   8.111402525913438E-03  -6.709705584524870E-03   1.829327321668132E-02   2.426562937559350E-05   0.000000000000000E+00   0.000000000000000E+00   0.000000000000000E+00   0.000000000000000E+00  -6.660652159020249E-06  -4.399210587373008E-07  -1.372206179395270E-05   6.112575927945195E-06   6.829993829602489E-06  -9.504037327486557E-03   2.165776589663044E-02   1.791742805895788E-01   2.224788120528921E-02  -2.250784851921347E-02  -1.107981356635136E-02  -3.589221226450813E-03   2.845504694301771E-03   1.867687727284610E-02   0.000000000000000E+00   0.000000000000000E+00   0.000000000000000E+00   0.000000000000000E+00   0.000000000000000E+00   0.000000000000000E+00   0.000000000000000E+00   0.000000000000000E+00   0.000000000000000E+00   0.000000000000000E+00   1.000000000000000E+00   0.000000000000000E+00   0.000000000000000E+00  -2.912417761103406E-02  -1.366140362578993E-02   3.029715017655467E-02   3.249177294072947E-02   3.515837663279821E-04   0.000000000000000E+00   0.000000000000000E+00   0.000000000000000E+00   0.000000000000000E+00   0.000000000000000E+00   0.000000000000000E+00  -2.005475129866878E-01  -1.562765210318186E-01   8.219764960348867E-02   2.011153485034539E-01   4.166143075819576E-02  -7.008649641718644E-04  -5.335466259715360E-04   1.022935760975009E-03   6.665198033207934E-04   0.000000000000000E+00  -1.048629959234381E-02   7.814185127085161E-03   1.800716335577717E-02  -4.664076606147678E-03  -1.158076136448412E-04  -8.018235100612541E-05   2.229780822753770E-04   4.917755906442770E-05   5.719970666923851E-05  -3.659805530567371E-04  -3.077689471425613E-05   7.100896855855789E-04  -6.641721106195919E-05   6.176869050271579E-04  -2.777241716643265E-05   2.868783616032736E-05   2.539221909907472E-05  -5.324422923932812E-05  -1.313232342031554E-05  -2.631031394781478E-05   3.144399912102208E-05   3.516638450166867E-05   3.677929335328358E-06   2.974423597848013E-05  -2.760689913122524E-04  -5.082472069110590E-04  -9.600370273036965E-05  -1.946437687905580E-04   3.651479408033648E-05   1.034704705664977E-05   1.229158379472026E-05   1.274307864134572E-05   2.544755730540815E-05   3.963084444085054E-05  -8.622929373680183E-06   3.010096175536511E-05   0.000000000000000E+00  -1.992915798176164E-04  -4.028388805887701E-04   7.259002367220253E-05  -1.294749725642330E-04  -1.050889059413819E-03  -1.744076931213970E-03  -9.016704872622897E-04  -2.405262740843418E-04   3.085061142658840E-05  -1.536864128669475E-05  -5.310845253389670E-06  -2.649670951939220E-06  -6.156420379370656E-06   0.000000000000000E+00   0.000000000000000E+00   0.000000000000000E+00   0.000000000000000E+00   3.560986779099046E-05  -3.071415662370940E-05   7.225959629435775E-06  -1.030941244975395E-05   5.133654337356201E-04   2.375331141714266E-03  -9.992642172778482E-05  -1.731792803493554E-04  -1.770331914100755E-04  -3.320110236464074E-05   1.200525804050944E-05   1.729885609224938E-05   2.795525536688818E-05   1.084217762383975E-05   0.000000000000000E+00   0.000000000000000E+00   0.000000000000000E+00   0.000000000000000E+00   0.000000000000000E+00   3.443096424284127E-05   2.885504836486985E-05  -2.293084034400652E-05   1.572968878049264E-05  -3.956900401691603E-05  -7.104872027646356E-05  -1.177175210084315E-04   9.862671774987923E-06   2.478710463251274E-06   1.102384474384978E-05   2.140153171187003E-05   3.447612852462842E-06   0.000000000000000E+00  -1.782868400956604E-06   4.712864370751739E-06  -2.996908666416365E-06   2.396579754986673E-06   0.000000000000000E+00  -5.943610196325893E-05   1.759958386619508E-04   1.993361020975769E-05   5.457438775816020E-07   1.878107019911452E-05  -6.994083337506175E-07   0.000000000000000E+00   0.000000000000000E+00   0.000000000000000E+00   0.000000000000000E+00   0.000000000000000E+00   4.017951768047017E-06   3.249987705239929E-06   1.608217704591838E-05  -2.703458496680960E-06   0.000000000000000E+00   0.000000000000000E+00   0.000000000000000E+00   0.000000000000000E+00   0.000000000000000E+00   0.000000000000000E+00   0.000000000000000E+00   0.000000000000000E+00   0.000000000000000E+00  -1.298741066058616E-05   0.000000000000000E+00   0.000000000000000E+00
  -1.700934114980411E-04   9.383603768232164E-06  -2.358009213888162E-04   2.669814277100872E-04   3.553674329751182E-05  -5.036384568697378E-07   8.412348169035825E-06  -1.704233218633142E-05  -1.067106386283361E-03   4.495164444470645E-04  -1.688736221286638E-03   9.929718504686025E-04  -5.247073993601813E-04  -1.616675100713770E-04  -3.456926264036922E-04   9.227109381290753E-04   1.128255998214071E-05  -5.826515426772359E-06   3.893679832718556E-05  -2.809910572626794E-05  -3.174287668046114E-05   4.535578311744999E-06   3.235433676482654E-05  -1.056465035671513E-04   3.457560362368623E-05  -5.081688318414775E-02   2.551454613926948E-02  -6.896199614953724E-02   2.730253054457923E-02  -1.668660716957103E-02  -6.709705584524870E-03   2.385005231586745E-03   2.769540227797106E-02   3.917616006713568E-05   0.000000000000000E+00   0.000000000000000E+00   0.000000000000000E+00   0.000000000000000E+00   2.546698175332745E-05  -1.372206179395270E-05   4.843745974052869E-05  -2.337141407572123E-05  -1.652398474752257E-05   2.038818213256926E-02  -2.486851355033640E-01   2.224788120528921E-02  -7.434930148361975E-02   2.584462028819253E-01   3.416544211206235E-03   2.845504694301771E-03   4.761284889216578E-03  -5.759156194084297E-03   0.000000000000000E+00   0.000000000000000E+00   0.000000000000000E+00   0.000000000000000E+00   0.000000000000000E+00   0.000000000000000E+00   0.000000000000000E+00   0.000000000000000E+00   0.000000000000000E+00   0.000000000000000E+00   0.000000000000000E+00   1.000000000000000E+00   0.000000000000000E+00   3.173670859680953E-02   3.029715017655467E-02  -1.887318208433084E-02  -3.540638789481067E-02  -1.243521459432335E-04   0.000000000000000E+00   0.000000000000000E+00   0.000000000000000E+00   0.000000000000000E+00   0.000000000000000E+00   0.000000000000000E+00   1.296389840127448E-01   3.131751957925158E-01   2.011153485034539E-01  -2.204758029400095E-01  -8.348872017721592E-02   9.486602921897621E-04   1.022935760975009E-03  -1.162408653533118E-03  -9.021721782250701E-04   0.000000000000000E+00   4.520989128415457E-02   1.800716335577717E-02  -6.564391900146849E-02   2.010837039777679E-02   2.153645011179369E-04   2.229780822753770E-04  -3.749474196498766E-04  -9.145426747665428E-05  -7.019988067901024E-05   1.132495098778616E-03   7.100896855855789E-04  -1.998613139431779E-03   2.055223026851728E-04  -1.926946691798657E-02   5.070606697942691E-05  -1.056719241629406E-04   7.418737587098148E-06  -1.313232342031554E-05  -1.213285386424775E-05  -7.686973487879160E-06   2.799309069517250E-06   3.677929335328358E-06  -5.819526812413321E-06   2.647987274772392E-06  -4.766825696424725E-05  -9.600370273036965E-05   3.117801647450457E-05  -3.360873361073514E-05   2.301154259464470E-05   1.229158379472026E-05  -1.411150963714833E-06   8.030660019527409E-06  -4.969196642911049E-06  -8.622929373680183E-06  -2.843882633044625E-06  -5.877876462090361E-06   0.000000000000000E+00   3.318525989752076E-05   7.259002367220253E-05   2.100763248880921E-05   2.155966959919015E-05  -4.889587154748405E-04  -9.016704872622897E-04  -2.257018532928688E-04  -1.119123060238442E-04   2.970611197615096E-05  -5.310845253389670E-06  -1.496700585880294E-05  -2.551373161130416E-06  -4.222987096878773E-06   0.000000000000000E+00   0.000000000000000E+00   0.000000000000000E+00   0.000000000000000E+00  -1.216562022809784E-05   7.225959629435775E-06  -1.203177043318372E-05   3.522068584322646E-06  -1.518596124600438E-04   9.063439742048589E-04  -9.148932834773196E-05  -1.770331914100755E-04  -1.419059272362599E-04  -3.039783175685034E-05   1.677133449786743E-05   2.795525536688818E-05   3.634138906355038E-05   1.514651221999004E-05   0.000000000000000E+00   0.000000000000000E+00   0.000000000000000E+00   0.000000000000000E+00   0.000000000000000E+00  -2.186726341736398E-05  -2.293084034400652E-05   7.312917603787810E-06  -9.989997538558714E-06  -5.855739599858704E-05  -1.177175210084315E-04  -1.657112895489089E-04   1.459557527617212E-05   4.814005306031467E-06   2.140153171187003E-05   4.156908180368832E-05   6.695750395602351E-06   0.000000000000000E+00   1.279343904338738E-06  -2.996908666416365E-06   2.686941921020437E-06  -1.719728556049749E-06   0.000000000000000E+00   4.592316996629130E-05   2.874033830160322E-04   4.255712371044630E-05   1.878107019911452E-05   3.184527162429598E-05  -1.493197000961321E-06   0.000000000000000E+00   0.000000000000000E+00   0.000000000000000E+00   0.000000000000000E+00   0.000000000000000E+00   1.371420761407828E-05   1.608217704591838E-05   5.343050020160818E-05  -9.227535132296494E-06   0.000000000000000E+00   0.000000000000000E+00   0.000000000000000E+00   0.000000000000000E+00   0.000000000000000E+00   0.000000000000000E+00   0.000000000000000E+00   0.000000000000000E+00   0.000000000000000E+00  -5.895085302063093E-05   0.000000000000000E+00   0.000000000000000E+00
   1.659931359871917E-04  -9.157402409840105E-06   2.669814277100872E-04  -2.227702258294543E-04  -3.433375750785814E-05   4.865893451471162E-07  -1.704233218633142E-05   7.238304045796291E-06   5.595528199604159E-04  -2.357105133490819E-04   9.929718504686025E-04  -3.157487055847046E-04   9.240742631544843E-04   2.847163684510542E-04   9.227109381290753E-04  -1.446766794310228E-03  -7.868079113428267E-06   4.063216540042451E-06  -2.809910572626794E-05   1.823900315567382E-05   3.882968628675279E-05  -1.551436200879754E-06  -1.106709792275520E-05   3.457560362368623E-05  -1.639264129053277E-05   1.664570622646319E-02  -8.357608985910949E-03   2.730253054457923E-02   5.445312417824513E-03   4.549419645422668E-02   1.829327321668132E-02   2.769540227797106E-02  -6.296518921173119E-02  -1.013599383824960E-04   0.000000000000000E+00   0.000000000000000E+00   0.000000000000000E+00   0.000000000000000E+00  -1.134442199432537E-05   6.112575927945195E-06  -2.337141407572123E-05   6.382139955316593E-06   2.005841829071028E-06   1.775786161279948E-03   2.515910305004269E-01  -2.250784851921347E-02   2.584462028819253E-01  -8.035432765839087E-02   2.242497686183203E-02   1.867687727284610E-02  -5.759156194084297E-03  -3.216232809882168E-02   0.000000000000000E+00   0.000000000000000E+00   0.000000000000000E+00   0.000000000000000E+00   0.000000000000000E+00   0.000000000000000E+00   0.000000000000000E+00   0.000000000000000E+00   0.000000000000000E+00   0.000000000000000E+00   0.000000000000000E+00   0.000000000000000E+00   1.000000000000000E+00   3.403560808869767E-02   3.249177294072947E-02  -3.540638789481067E-02  -2.382938807161478E-02  -7.345394516651858E-04   0.000000000000000E+00   0.000000000000000E+00   0.000000000000000E+00   0.000000000000000E+00   0.000000000000000E+00   0.000000000000000E+00   3.942366416504005E-01   6.487484337611471E-02   4.166143075819576E-02  -8.348872017721592E-02   1.652607072611157E-01   6.181237331715634E-04   6.665198033207934E-04  -9.021721782250701E-04  -3.656405778221056E-04   0.000000000000000E+00  -1.170991744445162E-02  -4.664076606147678E-03   2.010837039777679E-02   6.782577967264069E-03   4.749839251477812E-05   4.917755906442770E-05  -9.145426747665428E-05   1.954916833974318E-05  -6.500495599957792E-05  -1.059262900575516E-04  -6.641721106195919E-05   2.055223026851728E-04   1.794746119454792E-04   1.365131251421917E-02   1.060087864554231E-05   2.589403307448229E-05   1.486327352485477E-05  -2.631031394781478E-05  -7.686973487879160E-06  -2.369671640896123E-05   2.263863765424605E-05   2.974423597848013E-05   2.647987274772392E-06   1.526790920746847E-05  -9.664553473793002E-05  -1.946437687905580E-04  -3.360873361073514E-05  -2.038562303181778E-05   2.385680330863398E-05   1.274307864134572E-05   8.030660019527409E-06  -8.316374493120474E-07   1.734649463321719E-05   3.010096175536511E-05  -5.877876462090361E-06   1.599081863498259E-05   0.000000000000000E+00  -5.919078679697132E-05  -1.294749725642330E-04   2.155966959919015E-05  -5.359797082841477E-06  -1.304328129573326E-04  -2.405262740843418E-04  -1.119123060238442E-04   1.639749837110265E-04   1.482088410465793E-05  -2.649670951939220E-06  -2.551373161130416E-06  -1.112610636891762E-05  -5.008580988827684E-06   0.000000000000000E+00   0.000000000000000E+00   0.000000000000000E+00   0.000000000000000E+00   1.735691909038849E-05  -1.030941244975395E-05   3.522068584322646E-06  -1.458812244377929E-05   4.345463383595787E-05  -3.980568915014457E-04  -1.715806246021502E-05  -3.320110236464074E-05  -3.039783175685034E-05   1.447894994680500E-05   6.504601200319891E-06   1.084217762383975E-05   1.514651221999004E-05   3.162352361364438E-06   0.000000000000000E+00   0.000000000000000E+00   0.000000000000000E+00   0.000000000000000E+00   0.000000000000000E+00   1.500011525421877E-05   1.572968878049264E-05  -9.989997538558714E-06  -3.978040504489070E-07   4.906086806658877E-06   9.862671774987923E-06   1.459557527617212E-05   7.273715756324937E-06   7.754971367630304E-07   3.447612852462842E-06   6.695750395602351E-06   1.082919821397300E-06   0.000000000000000E+00  -1.023070784626259E-06   2.396579754986673E-06  -1.719728556049749E-06   1.911670957025303E-06   0.000000000000000E+00  -1.505606785005745E-05  -9.524553923499654E-05  -1.584830186351440E-06  -6.994083337506175E-07  -1.493197000961321E-06  -8.195637977100387E-06   0.000000000000000E+00   0.000000000000000E+00   0.000000000000000E+00   0.000000000000000E+00   0.000000000000000E+00  -2.305396277734450E-06  -2.703458496680960E-06  -9.227535132296494E-06   8.944881238126623E-08   0.000000000000000E+00   0.000000000000000E+00   0.000000000000000E+00   0.000000000000000E+00   0.000000000000000E+00   0.000000000000000E+00   0.000000000000000E+00   0.000000000000000E+00   0.000000000000000E+00   1.932632551886119E-05   0.000000000000000E+00   0.000000000000000E+00
  -2.286151124305252E-05  -1.143020112084056E-06   3.654811954950726E-06  -1.207019149029566E-06   3.071665060810734E-06   7.264351291452348E-06  -2.825050899738419E-05   1.248793009090710E-05  -2.670289703903625E-05   9.235828083559013E-06  -2.083759659545895E-05   8.583901527754905E-07   5.421100753936260E-04  -2.211878884158149E-04   9.981183070312549E-04  -5.350192611952981E-04   0.000000000000000E+00   0.000000000000000E+00   0.000000000000000E+00   0.000000000000000E+00  -1.177087363019872E-05   1.214376960441760E-05   5.076038819638192E-06  -1.097126988765504E-05   5.014330553537679E-08   1.057017398979037E-04  -1.405325263082685E-04   2.584944464151205E-04   5.589339359074942E-05   2.973101930159527E-02  -1.484857798402804E-02   4.477960455047673E-02  -1.514973052304996E-02  -1.703736131020683E-04   0.000000000000000E+00   0.000000000000000E+00   0.000000000000000E+00   0.000000000000000E+00   0.000000000000000E+00   0.000000000000000E+00   0.000000000000000E+00   0.000000000000000E+00   0.000000000000000E+00   5.420579985090286E-05   1.188504156431671E-02  -1.043916903251008E-02   1.811808681161569E-02   3.904931408593268E-03   3.057155354154806E-01  -2.253834416131626E-02   2.658549992298067E-01  -2.377978179428539E-01   0.000000000000000E+00   0.000000000000000E+00   0.000000000000000E+00   0.000000000000000E+00   0.000000000000000E+00   0.000000000000000E+00   0.000000000000000E+00   0.000000000000000E+00   0.000000000000000E+00   3.327810431810185E-02  -2.912417761103406E-02   3.173670859680953E-02   3.403560808869767E-02   1.000000000000000E+00   0.000000000000000E+00   0.000000000000000E+00   0.000000000000000E+00  -6.539150500982095E-02   0.000000000000000E+00   0.000000000000000E+00   0.000000000000000E+00   0.000000000000000E+00   0.000000000000000E+00   0.000000000000000E+00  -1.097899011032483E-03   2.844789682879304E-01  -1.602484130508271E-01   4.219447321946582E-02   2.964144482637168E-01   2.903148394634083E-01   1.608938362713133E-01  -3.001727384780453E-01  -5.237319142236430E-02   0.000000000000000E+00   3.303277725848448E-02  -1.668295335897137E-02  -2.116514636392879E-02   4.740621309706214E-02   2.980166660477342E-02   1.380070354365100E-02  -4.560553488595236E-02   1.398297581565880E-02  -5.157638520542324E-02   1.095638816639700E-02  -9.897894336767879E-04  -1.495115918313966E-02   1.281547859524758E-02  -1.500728357357327E-03  -1.157655575005977E-03  -3.056408683341900E-04  -1.275618557850438E-05  -2.585042427879622E-05  -2.278551818901314E-05  -3.446638092588833E-05   1.052843758646586E-05  -9.134941283667329E-06  -4.707683846754548E-06  -1.281668406130428E-05   3.328813413587207E-05   8.989535484609055E-05   7.141410296725728E-05   9.871214466275500E-05   1.310010255977575E-05  -4.092244131105261E-06  -5.708251898871247E-06  -5.988718879253837E-06   4.705107636551950E-06  -1.737893042942133E-05  -1.985509563797980E-06  -2.297417275700907E-05   0.000000000000000E+00   2.630707530483227E-04   4.286183530108198E-04   1.117150937277843E-04   4.179694250868309E-04   1.430678756210202E-04   1.897615929547680E-04   2.701226050772775E-04   1.747191756610248E-04   9.537371159113379E-06  -7.014648025471203E-06  -1.459010368462350E-05  -9.665018132679011E-06   0.000000000000000E+00   8.698210963342517E-09   3.380803109258477E-09  -3.447344808751056E-10   4.602701151307545E-09  -2.471741483501724E-05  -3.652046528561922E-06   1.681298360337089E-07  -4.169944519037960E-06  -3.626430072040214E-03  -1.651467812349753E-03  -2.620284569266309E-05  -1.364374292629708E-05  -3.049283496862707E-05  -1.437484159323586E-05   0.000000000000000E+00   0.000000000000000E+00   0.000000000000000E+00   0.000000000000000E+00   0.000000000000000E+00   0.000000000000000E+00   0.000000000000000E+00   0.000000000000000E+00   0.000000000000000E+00  -2.680698702067720E-05  -1.862548281242506E-05   8.595437159382145E-06  -1.952615623158902E-05  -1.964961862970213E-05  -1.146413215766973E-05  -4.646188960748031E-05  -1.057015276679876E-05   0.000000000000000E+00   0.000000000000000E+00   0.000000000000000E+00   0.000000000000000E+00   0.000000000000000E+00   1.128564050090145E-05  -8.865483317643518E-06   5.285328642393646E-06  -1.012720003714749E-05   0.000000000000000E+00   1.468572160197698E-05   5.593029307391149E-05   1.610497095012239E-05   9.854841724479863E-07   5.633826339179128E-06   1.113872108027709E-06   0.000000000000000E+00   0.000000000000000E+00   0.000000000000000E+00   0.000000000000000E+00   0.000000000000000E+00   0.000000000000000E+00   0.000000000000000E+00   0.000000000000000E+00   0.000000000000000E+00   0.000000000000000E+00   0.000000000000000E+00   0.000000000000000E+00   0.000000000000000E+00   0.000000000000000E+00   0.000000000000000E+00   0.000000000000000E+00   0.000000000000000E+00   0.000000000000000E+00   0.000000000000000E+00   0.000000000000000E+00   0.000000000000000E+00
   1.143020112084056E-06  -1.453836397196132E-05   3.655725364539821E-05  -1.207320806920187E-05  -7.264351291452348E-06  -1.160714396874037E-06  -1.351135826921186E-05   5.972596724354259E-06  -9.235828083559013E-06  -2.100172159456669E-05   3.098906073302845E-05  -1.276572586244914E-06   2.211878884158149E-04   1.049148467334663E-04   3.915755039103533E-04  -2.098953954941671E-04   0.000000000000000E+00   0.000000000000000E+00   0.000000000000000E+00   0.000000000000000E+00   5.628348061787534E-06  -5.076038819638192E-06   9.421071448830169E-06  -2.265751351971486E-05   1.035543409946889E-07   1.405325263082685E-04  -9.406716805338953E-05   2.618409044013397E-04   5.661698706036802E-05   1.484857798402804E-02   4.430172185506649E-03   2.433415479834178E-02  -8.232674035464127E-03  -3.076333686383662E-05   0.000000000000000E+00   0.000000000000000E+00   0.000000000000000E+00   0.000000000000000E+00   0.000000000000000E+00   0.000000000000000E+00   0.000000000000000E+00   0.000000000000000E+00   0.000000000000000E+00  -1.453318780601661E-05   1.043916903251008E-02  -5.196173730580891E-03   1.704408092458852E-02   3.673454467077695E-03   2.253834416131626E-02   1.818296239376985E-01   2.450398197242868E-02  -2.191793820253755E-02   0.000000000000000E+00   0.000000000000000E+00   0.000000000000000E+00   0.000000000000000E+00   0.000000000000000E+00   0.000000000000000E+00   0.000000000000000E+00   0.000000000000000E+00   0.000000000000000E+00   2.912417761103406E-02  -1.366140362578993E-02   3.029715017655467E-02   3.249177294072947E-02   0.000000000000000E+00   1.000000000000000E+00   0.000000000000000E+00   0.000000000000000E+00   1.604827313679220E-02   0.000000000000000E+00   0.000000000000000E+00   0.000000000000000E+00   0.000000000000000E+00   0.000000000000000E+00   0.000000000000000E+00  -1.068441412460323E-03   1.602484130508271E-01   5.619405881724759E-02   2.938652170425062E-02   2.064391128205075E-01  -1.608938362713133E-01   6.159535124987871E-02   2.063017856987019E-01   3.599488403895795E-02   0.000000000000000E+00   1.668295335897137E-02   4.838332056919267E-03  -1.165790599195202E-02   2.611166330802581E-02  -1.380070354365100E-02   5.577527150970318E-03   2.298059534603381E-02  -7.046011186067938E-03   4.035633113189935E-02   9.897894336767879E-04   4.141116695416548E-03  -1.444910026510099E-03   1.238513568745930E-03  -1.031156570973578E-03   7.836588461225174E-04  -2.014916718719764E-05   2.585042427879622E-05   2.592841158085385E-06   1.010360952904948E-05   1.528316590678059E-05   9.134941283667329E-06   1.749538213036108E-05   9.941375423696572E-06   2.706542582042197E-05  -8.989535484609055E-05  -1.131631417057139E-04  -1.080078825893671E-04  -1.492938969739318E-04   4.092244131105261E-06   1.063945788345173E-05   1.566904960182827E-05   1.643892645820155E-05   1.737893042942133E-05   2.000883983021715E-05   2.750945619075257E-06   3.183097228546148E-05   0.000000000000000E+00  -4.286183530108198E-04  -5.182977548801711E-04  -1.611470035141795E-04  -6.029133411229967E-04  -1.897615929547680E-04  -1.420240742915239E-04  -2.886272682799725E-04  -1.866882572554172E-04   7.014648025471203E-06   6.601377120185796E-06   1.834330567328744E-05   1.215127635675688E-05   0.000000000000000E+00  -3.380803109258477E-09   6.778140537930220E-09  -5.662011857764409E-10   7.559600197315550E-09   3.652046528561922E-06  -5.763232708423983E-05   2.439105205456059E-06  -6.049451794391357E-05   5.468863998791481E-03   1.743146197099969E-03   1.364374292629708E-05  -1.555521321336646E-05  -1.457039762959417E-05  -6.868733526789744E-06   0.000000000000000E+00   0.000000000000000E+00   0.000000000000000E+00   0.000000000000000E+00   0.000000000000000E+00   0.000000000000000E+00   0.000000000000000E+00   0.000000000000000E+00   0.000000000000000E+00   1.862548281242506E-05  -3.817087936147191E-05   1.391008161185701E-05  -3.159937321521847E-05   1.146413215766973E-05  -9.135183204795980E-06   2.833495281215654E-06   6.446246211568389E-07   0.000000000000000E+00   0.000000000000000E+00   0.000000000000000E+00   0.000000000000000E+00   0.000000000000000E+00   8.865483317643518E-06   2.152499334052726E-05  -1.370241720980385E-05   2.625515449750545E-05   0.000000000000000E+00   8.806903234480575E-05   3.629723698857819E-06  -9.854841724479863E-07   2.744968196682558E-06   6.274734619019478E-06   1.240587028534506E-06   0.000000000000000E+00   0.000000000000000E+00   0.000000000000000E+00   0.000000000000000E+00   0.000000000000000E+00   0.000000000000000E+00   0.000000000000000E+00   0.000000000000000E+00   0.000000000000000E+00   0.000000000000000E+00   0.000000000000000E+00   0.000000000000000E+00   0.000000000000000E+00   0.000000000000000E+00   0.000000000000000E+00   0.000000000000000E+00   0.000000000000000E+00   0.000000000000000E+00   0.000000000000000E+00   0.000000000000000E+00   0.000000000000000E+00
  -3.654811954950726E-06   3.655725364539821E-05  -1.199972893522682E-04   3.860413716209540E-05   2.825050899738419E-05  -1.351135826921186E-05   4.790961099751560E-05  -2.322697385211167E-05   2.083759659545895E-05   3.098906073302845E-05  -7.718305334595706E-05   2.880164543593659E-06  -9.981183070312549E-04   3.915755039103533E-04  -1.575308664616032E-03   9.471605263053570E-04   0.000000000000000E+00   0.000000000000000E+00   0.000000000000000E+00   0.000000000000000E+00  -3.359843844170051E-05   1.097126988765504E-05  -2.265751351971486E-05   4.790979019397031E-05  -2.238207120669682E-07  -2.584944464151205E-04   2.618409044013397E-04  -4.333434563839801E-04  -1.041408498966177E-04  -4.477960455047673E-02   2.433415479834178E-02  -6.088654257902265E-02   2.482768976918920E-02   3.219712495364915E-04   0.000000000000000E+00   0.000000000000000E+00   0.000000000000000E+00   0.000000000000000E+00   0.000000000000000E+00   0.000000000000000E+00   0.000000000000000E+00   0.000000000000000E+00   0.000000000000000E+00   2.301350016062215E-05  -1.811808681161569E-02   1.704408092458852E-02  -2.495730537694193E-02  -6.375600081362782E-03  -2.658549992298067E-01   2.450398197242868E-02  -1.051340315936298E-01   2.585368917187689E-01   0.000000000000000E+00   0.000000000000000E+00   0.000000000000000E+00   0.000000000000000E+00   0.000000000000000E+00   0.000000000000000E+00   0.000000000000000E+00   0.000000000000000E+00   0.000000000000000E+00  -3.173670859680953E-02   3.029715017655467E-02  -1.887318208433084E-02  -3.540638789481067E-02   0.000000000000000E+00   0.000000000000000E+00   1.000000000000000E+00   0.000000000000000E+00   4.076387406643418E-02   0.000000000000000E+00   0.000000000000000E+00   0.000000000000000E+00   0.000000000000000E+00   0.000000000000000E+00   0.000000000000000E+00   1.035797970947730E-03  -4.219447321946582E-02   2.938652170425062E-02   1.600620861938726E-01  -5.435679175551265E-02   3.001727384780453E-01   2.063017856987019E-01  -2.127144382716354E-01  -6.715411331826218E-02   0.000000000000000E+00   2.116514636392879E-02  -1.165790599195202E-02  -7.626085834949673E-04   3.312705873044956E-02   4.560553488595236E-02   2.298059534603381E-02  -6.340953423535751E-02   2.328411069310032E-02  -5.623875659247780E-02   1.495115918313966E-02  -1.444910026510099E-03  -1.758916303569160E-02   1.870823519302744E-02  -6.566637501270808E-04  -2.037404020164685E-03  -4.901828418011218E-04   2.278551818901314E-05   1.010360952904948E-05   3.587796388360587E-08   1.347114658540803E-05   4.707683846754548E-06   9.941375423696572E-06   3.328096192274597E-06   1.394814306777695E-05  -7.141410296725728E-05  -1.080078825893671E-04  -6.300684842329336E-05  -1.186011195921446E-04   5.708251898871247E-06   1.566904960182827E-05   2.126300362344411E-05   2.293058042582848E-05   1.985509563797980E-06   2.750945619075257E-06  -3.755571604068685E-06   3.636627705855694E-06   0.000000000000000E+00  -1.117150937277843E-04  -1.611470035141795E-04   5.797511497315224E-05  -1.571433419501448E-04  -2.701226050772775E-04  -2.886272682799725E-04  -3.501192429121122E-04  -2.657477606608759E-04   1.459010368462350E-05   1.834330567328744E-05   3.593538341393924E-05   2.527402391422023E-05   0.000000000000000E+00   3.447344808751056E-10  -5.662011857764409E-10   1.283153085605229E-09  -7.708389886734685E-10  -1.681298360337089E-07   2.439105205456059E-06  -4.763385447249036E-06   2.784995564351008E-06   6.316084358665645E-04   2.444292716224377E-03   3.049283496862707E-05  -1.457039762959417E-05  -4.159966574835925E-05  -1.535115100066750E-05   0.000000000000000E+00   0.000000000000000E+00   0.000000000000000E+00   0.000000000000000E+00   0.000000000000000E+00   0.000000000000000E+00   0.000000000000000E+00   0.000000000000000E+00   0.000000000000000E+00  -8.595437159382145E-06   1.391008161185701E-05  -1.444841091826607E-05   1.458273213546349E-05   4.646188960748031E-05   2.833495281215654E-06   1.649275734781213E-06   2.612537745948384E-06   0.000000000000000E+00   0.000000000000000E+00   0.000000000000000E+00   0.000000000000000E+00   0.000000000000000E+00  -5.285328642393646E-06  -1.370241720980385E-05   6.709847776894714E-06  -1.565251606756401E-05   0.000000000000000E+00  -5.652444334427057E-05   2.209060952307265E-05  -5.633826339179128E-06   6.274734619019478E-06   3.751884384025130E-05   7.092201044731197E-06   0.000000000000000E+00   0.000000000000000E+00   0.000000000000000E+00   0.000000000000000E+00   0.000000000000000E+00   0.000000000000000E+00   0.000000000000000E+00   0.000000000000000E+00   0.000000000000000E+00   0.000000000000000E+00   0.000000000000000E+00   0.000000000000000E+00   0.000000000000000E+00   0.000000000000000E+00   0.000000000000000E+00   0.000000000000000E+00   0.000000000000000E+00   0.000000000000000E+00   0.000000000000000E+00   0.000000000000000E+00   0.000000000000000E+00
   1.207019149029566E-06  -1.207320806920187E-05   3.860413716209540E-05  -1.585450737043325E-05  -1.248793009090710E-05   5.972596724354259E-06  -2.322697385211167E-05   5.632280830717873E-06  -8.583901527754905E-07  -1.276572586244914E-06   2.880164543593659E-06  -7.385116089282104E-06   5.350192611952981E-04  -2.098953954941671E-04   9.471605263053570E-04  -3.160145793599031E-04   0.000000000000000E+00   0.000000000000000E+00   0.000000000000000E+00   0.000000000000000E+00   2.084683713497470E-05  -5.014330553537679E-08   1.035543409946889E-07  -2.238207120669682E-07  -1.060777621494626E-06  -5.589339359074942E-05   5.661698706036802E-05  -1.041408498966177E-04   2.576665702024397E-05   1.514973052304996E-02  -8.232674035464127E-03   2.482768976918920E-02   4.099548133259286E-03  -2.849547941565543E-04   0.000000000000000E+00   0.000000000000000E+00   0.000000000000000E+00   0.000000000000000E+00   0.000000000000000E+00   0.000000000000000E+00   0.000000000000000E+00   0.000000000000000E+00   0.000000000000000E+00   1.030861103856433E-05  -3.904931408593268E-03   3.673454467077695E-03  -6.375600081362782E-03   3.250069096289114E-03   2.377978179428539E-01  -2.191793820253755E-02   2.585368917187689E-01  -4.734503783636125E-02   0.000000000000000E+00   0.000000000000000E+00   0.000000000000000E+00   0.000000000000000E+00   0.000000000000000E+00   0.000000000000000E+00   0.000000000000000E+00   0.000000000000000E+00   0.000000000000000E+00  -3.403560808869767E-02   3.249177294072947E-02  -3.540638789481067E-02  -2.382938807161478E-02   0.000000000000000E+00   0.000000000000000E+00   0.000000000000000E+00   1.000000000000000E+00  -9.161501896832674E-02   0.000000000000000E+00   0.000000000000000E+00   0.000000000000000E+00   0.000000000000000E+00   0.000000000000000E+00   0.000000000000000E+00   1.479682263126143E-03  -2.964144482637168E-01   2.064391128205075E-01  -5.435679175551265E-02  -2.140544855856146E-01   5.237319142236430E-02   3.599488403895795E-02  -6.715411331826218E-02   1.604571288034739E-01   0.000000000000000E+00  -4.740621309706214E-02   2.611166330802581E-02   3.312705873044956E-02  -6.017138154811191E-02  -1.398297581565880E-02  -7.046011186067938E-03   2.328411069310032E-02   5.392620360498184E-03  -4.429350108991663E-02  -1.281547859524758E-02   1.238513568745930E-03   1.870823519302744E-02  -1.179910760926513E-02   2.581059129082376E-03   3.494155065391376E-04   4.325095167551676E-04   3.446638092588833E-05   1.528316590678059E-05   1.347114658540803E-05   1.150723471995210E-05   1.281668406130428E-05   2.706542582042197E-05   1.394814306777695E-05   3.617868054850844E-05  -9.871214466275500E-05  -1.492938969739318E-04  -1.186011195921446E-04  -1.411403039157398E-04   5.988718879253837E-06   1.643892645820155E-05   2.293058042582848E-05   2.346356321941349E-05   2.297417275700907E-05   3.183097228546148E-05   3.636627705855694E-06   3.800926717132687E-05   0.000000000000000E+00  -4.179694250868309E-04  -6.029133411229967E-04  -1.571433419501448E-04  -4.879576205737883E-04  -1.747191756610248E-04  -1.866882572554172E-04  -2.657477606608759E-04  -1.111523872656507E-04   9.665018132679011E-06   1.215127635675688E-05   2.527402391422023E-05   1.452469754297305E-05   0.000000000000000E+00  -4.602701151307545E-09   7.559600197315550E-09  -7.708389886734685E-10   1.151722775413815E-08   4.169944519037960E-06  -6.049451794391357E-05   2.784995564351008E-06  -7.372436258818784E-05   4.013900410497108E-03   9.184390885184998E-04   1.437484159323586E-05  -6.868733526789744E-06  -1.535115100066750E-05  -1.627261467304822E-05   0.000000000000000E+00   0.000000000000000E+00   0.000000000000000E+00   0.000000000000000E+00   0.000000000000000E+00   0.000000000000000E+00   0.000000000000000E+00   0.000000000000000E+00   0.000000000000000E+00   1.952615623158902E-05  -3.159937321521847E-05   1.458273213546349E-05  -4.115650062814471E-05   1.057015276679876E-05   6.446246211568389E-07   2.612537745948384E-06  -9.239971049832389E-06   0.000000000000000E+00   0.000000000000000E+00   0.000000000000000E+00   0.000000000000000E+00   0.000000000000000E+00   1.012720003714749E-05   2.625515449750545E-05  -1.565251606756401E-05   2.853262004114518E-05   0.000000000000000E+00   7.398344269232212E-05   1.760521593147406E-06  -1.113872108027709E-06   1.240587028534506E-06   7.092201044731197E-06   3.049584131142822E-06   0.000000000000000E+00   0.000000000000000E+00   0.000000000000000E+00   0.000000000000000E+00   0.000000000000000E+00   0.000000000000000E+00   0.000000000000000E+00   0.000000000000000E+00   0.000000000000000E+00   0.000000000000000E+00   0.000000000000000E+00   0.000000000000000E+00   0.000000000000000E+00   0.000000000000000E+00   0.000000000000000E+00   0.000000000000000E+00   0.000000000000000E+00   0.000000000000000E+00   0.000000000000000E+00   0.000000000000000E+00   0.000000000000000E+00
  -1.777381223477939E-04   1.891011802718246E-04  -3.980258685099229E-04  -4.392633715019985E-05   6.079774753853908E-05  -5.003609618871132E-07   1.337215122719177E-06  -1.569476745020976E-07   4.992025244094023E-05   2.173849944450060E-05  -3.471552459439967E-05  -1.531377306625646E-05  -1.477716401842866E-02   1.038051813495643E-02  -2.393565840006793E-02  -1.289347173068579E-03  -9.735369139856607E-06  -1.721988488204753E-05   4.223003948728708E-05  -2.091214441753781E-06  -9.061236862551003E-05  -2.389431357540651E-06  -2.698752573432070E-05   4.469907207065458E-05   1.631379535358737E-05   3.541381604377168E-07   7.963953855201899E-05  -9.663907484677240E-05  -9.212696811338962E-05  -6.361307463703184E-02   5.077060576603337E-02  -6.658408698691531E-02  -5.299817872174346E-02   2.188383994897836E-02   0.000000000000000E+00   0.000000000000000E+00   0.000000000000000E+00   0.000000000000000E+00   0.000000000000000E+00   0.000000000000000E+00   0.000000000000000E+00   0.000000000000000E+00   0.000000000000000E+00  -8.067224072343389E-05  -1.817060741273790E-03   1.771132916640439E-03  -1.615472386207337E-03  -2.482235189968772E-03  -4.553495882348826E-01   1.895160390865181E-01  -9.186908874789863E-02  -4.317110180621826E-01   0.000000000000000E+00   0.000000000000000E+00   0.000000000000000E+00   0.000000000000000E+00   0.000000000000000E+00   0.000000000000000E+00   0.000000000000000E+00   0.000000000000000E+00   0.000000000000000E+00  -4.039989160004460E-04   3.515837663279821E-04  -1.243521459432335E-04  -7.345394516651858E-04  -6.539150500982095E-02   1.604827313679220E-02   4.076387406643418E-02  -9.161501896832674E-02   1.000000000000000E+00   0.000000000000000E+00   0.000000000000000E+00   0.000000000000000E+00   0.000000000000000E+00   0.000000000000000E+00   0.000000000000000E+00  -8.950415736634461E-05  -1.653102232551824E-03   9.437456443344914E-04   6.146706076851284E-04  -2.933852679235488E-03  -1.329554867163436E-02  -2.976271284606171E-03   1.833616299295903E-02  -1.465080776962666E-02   0.000000000000000E+00   4.018075901940657E-06   3.546704655291297E-05   5.878601733713780E-05  -1.318806163334553E-04  -1.702269340661007E-04  -3.825755132363569E-05   3.306008249493837E-04  -2.735845848188969E-04   1.540776608149729E-02   4.821031732668301E-05   4.819218274090241E-06   3.054092864794944E-05  -3.805415079221439E-05  -8.258624091218641E-05  -7.867748437494092E-05  -3.902201306771489E-05  -4.721623680295491E-08   3.288482711852160E-08   2.235035997078773E-08   7.201755052049220E-08   0.000000000000000E+00   0.000000000000000E+00   0.000000000000000E+00   0.000000000000000E+00   5.394897300326791E-05   2.833540956635070E-05   1.542629392646429E-05   5.873582981089524E-05   0.000000000000000E+00   0.000000000000000E+00   0.000000000000000E+00   0.000000000000000E+00   0.000000000000000E+00   0.000000000000000E+00   0.000000000000000E+00   0.000000000000000E+00   0.000000000000000E+00   6.206009905060895E-05   2.096039215573736E-05  -9.095451202055110E-07   3.912583697432116E-05   3.983204045674843E-05  -2.709418179740514E-05  -3.294527633256837E-05  -5.833046947120244E-05   0.000000000000000E+00   0.000000000000000E+00   0.000000000000000E+00   0.000000000000000E+00   0.000000000000000E+00   0.000000000000000E+00   0.000000000000000E+00   0.000000000000000E+00   0.000000000000000E+00  -1.208867412030394E-05   1.631425807082873E-05  -5.465168452960923E-06   3.111528335433928E-05   3.226054184843920E-05   4.804193008509968E-04   4.602669776906679E-05   2.180983242114831E-05   4.740594192756445E-05   5.261962208562578E-05   0.000000000000000E+00   0.000000000000000E+00   0.000000000000000E+00   0.000000000000000E+00   0.000000000000000E+00   0.000000000000000E+00   0.000000000000000E+00   0.000000000000000E+00   0.000000000000000E+00  -1.611862867914729E-06   1.371000895953849E-06  -1.075439355700024E-06   2.433984161042204E-06   5.299609417861077E-05   1.205635908978496E-05   5.509389721135053E-05   3.843217328667286E-05   0.000000000000000E+00   0.000000000000000E+00   0.000000000000000E+00   0.000000000000000E+00   0.000000000000000E+00   0.000000000000000E+00   0.000000000000000E+00   0.000000000000000E+00   0.000000000000000E+00   0.000000000000000E+00  -1.326178136220140E-05  -4.565436974808772E-05  -1.122709990033178E-06   2.568292556373617E-07   1.789508968311548E-06   9.819201888000650E-07   0.000000000000000E+00   0.000000000000000E+00   0.000000000000000E+00   0.000000000000000E+00   0.000000000000000E+00   0.000000000000000E+00   0.000000000000000E+00   0.000000000000000E+00   0.000000000000000E+00   0.000000000000000E+00   0.000000000000000E+00   0.000000000000000E+00   0.000000000000000E+00   0.000000000000000E+00   0.000000000000000E+00   0.000000000000000E+00   0.000000000000000E+00   0.000000000000000E+00   0.000000000000000E+00   0.000000000000000E+00   0.000000000000000E+00
  -2.646754436558071E-05  -6.944154311104062E-06   1.782975383331421E-05  -1.026885446686738E-06   1.145764492863847E-04   1.383204271253189E-04  -2.807562615756984E-04  -5.114962891413920E-05  -2.350888576368055E-05   2.193363253870112E-07  -8.486957819150022E-07   2.916424430310394E-07   1.068062414826534E-05  -6.260610682130982E-06   1.476869831980817E-05  -2.326124515971442E-09   1.233526340660242E-02   9.279611406138187E-03  -1.969645191180056E-02  -3.301011073245998E-03   4.315650977385521E-05   6.024434484314029E-04   1.707300938336171E-04  -1.115515889962447E-03   5.854098293322570E-04   5.526682642895422E-06  -5.534723287216329E-06   2.437133997821326E-05  -1.110531065203292E-05   0.000000000000000E+00   0.000000000000000E+00   0.000000000000000E+00   0.000000000000000E+00   0.000000000000000E+00   3.383432472421929E-02   2.850298945409538E-02  -3.431676735056382E-02  -3.340452945761552E-02   3.259220974333086E-02   1.096277303800635E-02  -4.970845078381080E-02   1.763148160436037E-02  -1.312295336909366E-04  -1.208218275187308E-05   0.000000000000000E+00   0.000000000000000E+00   0.000000000000000E+00   0.000000000000000E+00   0.000000000000000E+00   0.000000000000000E+00   0.000000000000000E+00   0.000000000000000E+00   3.126809659740458E-01   1.764013544518947E-01  -7.318609429396687E-02  -3.087424916675255E-01  -1.452322046950485E-03   3.158458946109156E-01  -3.480512524164368E-02  -2.536175515609259E-01   2.609669595249716E-01   0.000000000000000E+00   0.000000000000000E+00   0.000000000000000E+00   0.000000000000000E+00   0.000000000000000E+00   0.000000000000000E+00   0.000000000000000E+00   0.000000000000000E+00   0.000000000000000E+00   1.000000000000000E+00   0.000000000000000E+00   0.000000000000000E+00   0.000000000000000E+00  -6.126377205947366E-02  -5.434748460287952E-02   0.000000000000000E+00   0.000000000000000E+00   0.000000000000000E+00   0.000000000000000E+00   0.000000000000000E+00   0.000000000000000E+00   0.000000000000000E+00   0.000000000000000E+00   0.000000000000000E+00  -4.531168128036818E-01   0.000000000000000E+00   0.000000000000000E+00   0.000000000000000E+00   0.000000000000000E+00   0.000000000000000E+00   0.000000000000000E+00   0.000000000000000E+00   0.000000000000000E+00   0.000000000000000E+00   0.000000000000000E+00   0.000000000000000E+00   0.000000000000000E+00   0.000000000000000E+00   0.000000000000000E+00   0.000000000000000E+00   0.000000000000000E+00   0.000000000000000E+00   0.000000000000000E+00   0.000000000000000E+00   0.000000000000000E+00   0.000000000000000E+00   0.000000000000000E+00   0.000000000000000E+00   0.000000000000000E+00   0.000000000000000E+00   0.000000000000000E+00   0.000000000000000E+00   0.000000000000000E+00   0.000000000000000E+00   0.000000000000000E+00   0.000000000000000E+00   0.000000000000000E+00   0.000000000000000E+00   0.000000000000000E+00   0.000000000000000E+00   0.000000000000000E+00   0.000000000000000E+00   0.000000000000000E+00   0.000000000000000E+00   0.000000000000000E+00   0.000000000000000E+00   0.000000000000000E+00   0.000000000000000E+00   0.000000000000000E+00   0.000000000000000E+00   0.000000000000000E+00   0.000000000000000E+00   0.000000000000000E+00   0.000000000000000E+00   0.000000000000000E+00   0.000000000000000E+00   0.000000000000000E+00   0.000000000000000E+00   0.000000000000000E+00   0.000000000000000E+00   0.000000000000000E+00   0.000000000000000E+00   0.000000000000000E+00   0.000000000000000E+00   0.000000000000000E+00   0.000000000000000E+00   0.000000000000000E+00   0.000000000000000E+00   0.000000000000000E+00   0.000000000000000E+00   0.000000000000000E+00   0.000000000000000E+00   0.000000000000000E+00   0.000000000000000E+00   0.000000000000000E+00   0.000000000000000E+00   0.000000000000000E+00   0.000000000000000E+00   0.000000000000000E+00   0.000000000000000E+00   0.000000000000000E+00   0.000000000000000E+00   1.499127074024739E-05  -1.738467551163338E-06   1.517787680632374E-06  -1.128811564592685E-06   1.589317378780140E-05   1.075039771910785E-06  -4.217108847523821E-07   9.127029550939993E-07   0.000000000000000E+00   0.000000000000000E+00   0.000000000000000E+00   0.000000000000000E+00   0.000000000000000E+00   0.000000000000000E+00   0.000000000000000E+00  -9.305637177361359E-06  -4.867851878454413E-06  -3.162555076258664E-05   1.819084165865307E-05  -2.202853796820956E-05   1.303174397272930E-05  -6.941291285336559E-06   7.486738050182894E-07  -6.358735109660183E-06   0.000000000000000E+00  -4.670568389555260E-06   5.057276709120635E-05  -2.235977377840380E-05   3.018415987649742E-05  -2.193827451177125E-05  -3.636322192066014E-05  -2.685091915099483E-06  -3.010796534454368E-05   0.000000000000000E+00   4.969851938180280E-05   1.556346470758396E-04  -1.088064016776017E-05   1.013819372465046E-04  -1.560865580036205E-04   3.841490367492206E-05  -1.019299176945336E-03
   6.944154311104062E-06  -1.888635173494776E-05   3.119011318893200E-05  -1.796360937658152E-06  -1.383204271253189E-04  -7.794786496985456E-05   2.622700418214845E-04   4.778171371557354E-05  -2.193363253870112E-07  -1.122606655450740E-05   2.946633004801956E-05  -1.012569246305505E-05   6.260610682130982E-06   7.739247900121307E-06  -2.233458109764079E-05   3.517778989059168E-09  -9.279611406138187E-03  -2.667667741053199E-03   1.587812796739943E-02   2.661082131822953E-03   3.123447478768748E-05  -1.707300938336171E-04   1.648497777965447E-04   3.068124148327700E-04  -1.610116046041405E-04   5.534723287216329E-06  -1.056760668993972E-06  -1.197019023977163E-05   5.454467472672059E-06   0.000000000000000E+00   0.000000000000000E+00   0.000000000000000E+00   0.000000000000000E+00   0.000000000000000E+00  -2.850298945409538E-02  -1.180070428523790E-02   3.154638739775777E-02   3.070779413295865E-02  -1.096277303800635E-02   9.802033019644342E-03   1.822954957477590E-02  -6.465982401690858E-03   1.550002828103978E-06  -4.416680823187206E-06   0.000000000000000E+00   0.000000000000000E+00   0.000000000000000E+00   0.000000000000000E+00   0.000000000000000E+00   0.000000000000000E+00   0.000000000000000E+00   0.000000000000000E+00  -1.764013544518947E-01   6.441880523147046E-02   5.181347220479119E-02   2.185800549240682E-01   1.320349857729380E-03   3.480512524164368E-02   1.869562327937864E-01  -3.513231882263947E-02   3.615039403928499E-02   0.000000000000000E+00   0.000000000000000E+00   0.000000000000000E+00   0.000000000000000E+00   0.000000000000000E+00   0.000000000000000E+00   0.000000000000000E+00   0.000000000000000E+00   0.000000000000000E+00   0.000000000000000E+00   1.000000000000000E+00   0.000000000000000E+00   0.000000000000000E+00   2.870999337573111E-02  -2.545886478786117E-02   0.000000000000000E+00   0.000000000000000E+00   0.000000000000000E+00   0.000000000000000E+00   0.000000000000000E+00   0.000000000000000E+00   0.000000000000000E+00   0.000000000000000E+00   0.000000000000000E+00  -1.764115948070674E-01   0.000000000000000E+00   0.000000000000000E+00   0.000000000000000E+00   0.000000000000000E+00   0.000000000000000E+00   0.000000000000000E+00   0.000000000000000E+00   0.000000000000000E+00   0.000000000000000E+00   0.000000000000000E+00   0.000000000000000E+00   0.000000000000000E+00   0.000000000000000E+00   0.000000000000000E+00   0.000000000000000E+00   0.000000000000000E+00   0.000000000000000E+00   0.000000000000000E+00   0.000000000000000E+00   0.000000000000000E+00   0.000000000000000E+00   0.000000000000000E+00   0.000000000000000E+00   0.000000000000000E+00   0.000000000000000E+00   0.000000000000000E+00   0.000000000000000E+00   0.000000000000000E+00   0.000000000000000E+00   0.000000000000000E+00   0.000000000000000E+00   0.000000000000000E+00   0.000000000000000E+00   0.000000000000000E+00   0.000000000000000E+00   0.000000000000000E+00   0.000000000000000E+00   0.000000000000000E+00   0.000000000000000E+00   0.000000000000000E+00   0.000000000000000E+00   0.000000000000000E+00   0.000000000000000E+00   0.000000000000000E+00   0.000000000000000E+00   0.000000000000000E+00   0.000000000000000E+00   0.000000000000000E+00   0.000000000000000E+00   0.000000000000000E+00   0.000000000000000E+00   0.000000000000000E+00   0.000000000000000E+00   0.000000000000000E+00   0.000000000000000E+00   0.000000000000000E+00   0.000000000000000E+00   0.000000000000000E+00   0.000000000000000E+00   0.000000000000000E+00   0.000000000000000E+00   0.000000000000000E+00   0.000000000000000E+00   0.000000000000000E+00   0.000000000000000E+00   0.000000000000000E+00   0.000000000000000E+00   0.000000000000000E+00   0.000000000000000E+00   0.000000000000000E+00   0.000000000000000E+00   0.000000000000000E+00   0.000000000000000E+00   0.000000000000000E+00   0.000000000000000E+00   0.000000000000000E+00   0.000000000000000E+00   1.738467551163338E-06   2.363297697983185E-05  -2.023863522986977E-05   1.505191127228776E-05  -1.075039771910785E-06   2.551713517211323E-05  -9.596146773049102E-06   2.076880591408113E-05   0.000000000000000E+00   0.000000000000000E+00   0.000000000000000E+00   0.000000000000000E+00   0.000000000000000E+00   0.000000000000000E+00   0.000000000000000E+00  -2.955681090759637E-05   3.162555076258664E-05   2.536681970784796E-05  -1.863925350138754E-05   2.257155062746012E-05   6.941291285336559E-06   3.034684717389747E-05  -3.340904474760174E-06   2.837541054499611E-05   0.000000000000000E+00  -5.057276709120635E-05  -1.490741191195183E-04   6.904991982773078E-05  -9.321265233696568E-05   3.636322192066014E-05  -1.050238426421667E-05  -4.317525884041185E-08  -4.841246549508385E-07   0.000000000000000E+00  -1.556346470758396E-04  -2.819288862900332E-04   2.172738448051053E-05  -2.024480449652850E-04   3.189513748222675E-04  -5.437720219428150E-05   1.681628403183212E-03
  -1.782975383331421E-05   3.119011318893200E-05  -8.682221781285739E-05   4.612321656362221E-06   2.807562615756984E-04   2.622700418214845E-04  -4.810783872183787E-04  -9.698506282308286E-05   8.486957819150022E-07   2.946633004801956E-05  -1.176272633284458E-04   3.918016072896355E-05  -1.476869831980817E-05  -2.233458109764079E-05   5.095836109591581E-05  -8.298394403194369E-09   1.969645191180056E-02   1.587812796739943E-02  -2.888912984802226E-02  -5.648283527059365E-03  -5.107296010542640E-05   1.115515889962447E-03   3.068124148327700E-04  -1.792842718078624E-03   1.052017247640636E-03  -2.437133997821326E-05  -1.197019023977163E-05   4.893378527780665E-05  -2.401794530245693E-05   0.000000000000000E+00   0.000000000000000E+00   0.000000000000000E+00   0.000000000000000E+00   0.000000000000000E+00   3.431676735056382E-02   3.154638739775777E-02  -2.357968028506768E-02  -3.697128782954166E-02   4.970845078381080E-02   1.822954957477590E-02  -6.883575779559635E-02   2.931867392211268E-02  -2.793306738463890E-04   2.930459152039442E-05   0.000000000000000E+00   0.000000000000000E+00   0.000000000000000E+00   0.000000000000000E+00   0.000000000000000E+00   0.000000000000000E+00   0.000000000000000E+00   0.000000000000000E+00   7.318609429396687E-02   5.181347220479119E-02   1.678088834506595E-01  -9.068536100620336E-02  -1.455953321476264E-03   2.536175515609259E-01  -3.513231882263947E-02  -6.422413609508247E-02   2.634202394202668E-01   0.000000000000000E+00   0.000000000000000E+00   0.000000000000000E+00   0.000000000000000E+00   0.000000000000000E+00   0.000000000000000E+00   0.000000000000000E+00   0.000000000000000E+00   0.000000000000000E+00   0.000000000000000E+00   0.000000000000000E+00   1.000000000000000E+00   0.000000000000000E+00   2.192838151548143E-02  -2.958922264510731E-02   0.000000000000000E+00   0.000000000000000E+00   0.000000000000000E+00   0.000000000000000E+00   0.000000000000000E+00   0.000000000000000E+00   0.000000000000000E+00   0.000000000000000E+00   0.000000000000000E+00   4.449655694434860E-01   0.000000000000000E+00   0.000000000000000E+00   0.000000000000000E+00   0.000000000000000E+00   0.000000000000000E+00   0.000000000000000E+00   0.000000000000000E+00   0.000000000000000E+00   0.000000000000000E+00   0.000000000000000E+00   0.000000000000000E+00   0.000000000000000E+00   0.000000000000000E+00   0.000000000000000E+00   0.000000000000000E+00   0.000000000000000E+00   0.000000000000000E+00   0.000000000000000E+00   0.000000000000000E+00   0.000000000000000E+00   0.000000000000000E+00   0.000000000000000E+00   0.000000000000000E+00   0.000000000000000E+00   0.000000000000000E+00   0.000000000000000E+00   0.000000000000000E+00   0.000000000000000E+00   0.000000000000000E+00   0.000000000000000E+00   0.000000000000000E+00   0.000000000000000E+00   0.000000000000000E+00   0.000000000000000E+00   0.000000000000000E+00   0.000000000000000E+00   0.000000000000000E+00   0.000000000000000E+00   0.000000000000000E+00   0.000000000000000E+00   0.000000000000000E+00   0.000000000000000E+00   0.000000000000000E+00   0.000000000000000E+00   0.000000000000000E+00   0.000000000000000E+00   0.000000000000000E+00   0.000000000000000E+00   0.000000000000000E+00   0.000000000000000E+00   0.000000000000000E+00   0.000000000000000E+00   0.000000000000000E+00   0.000000000000000E+00   0.000000000000000E+00   0.000000000000000E+00   0.000000000000000E+00   0.000000000000000E+00   0.000000000000000E+00   0.000000000000000E+00   0.000000000000000E+00   0.000000000000000E+00   0.000000000000000E+00   0.000000000000000E+00   0.000000000000000E+00   0.000000000000000E+00   0.000000000000000E+00   0.000000000000000E+00   0.000000000000000E+00   0.000000000000000E+00   0.000000000000000E+00   0.000000000000000E+00   0.000000000000000E+00   0.000000000000000E+00   0.000000000000000E+00   0.000000000000000E+00   0.000000000000000E+00  -1.517787680632374E-06  -2.023863522986977E-05   1.812128715214010E-05  -1.314123204874444E-05   4.217108847523821E-07  -9.596146773049102E-06   4.818635919631048E-06  -8.147076737180007E-06   0.000000000000000E+00   0.000000000000000E+00   0.000000000000000E+00   0.000000000000000E+00   0.000000000000000E+00   0.000000000000000E+00   0.000000000000000E+00   3.211441149466504E-05  -1.819084165865307E-05  -1.863925350138754E-05   3.682881304433724E-06  -1.298303092131876E-05  -7.486738050182894E-07  -3.340904474760174E-06  -2.678362677144243E-07  -3.060515069660887E-06   0.000000000000000E+00   2.235977377840380E-05   6.904991982773078E-05  -2.342785891078646E-05   4.121217681802428E-05   2.685091915099483E-06  -4.317525884041185E-08  -9.920865556411739E-06  -3.574818534356167E-08   0.000000000000000E+00   1.088064016776017E-05   2.172738448051053E-05   2.733657543511397E-05   1.415343158686514E-05  -2.125353451492933E-04  -1.765552639882959E-05   1.824707376800816E-04
   1.026885446686738E-06  -1.796360937658152E-06   4.612321656362221E-06  -7.004379893892331E-06   5.114962891413920E-05   4.778171371557354E-05  -9.698506282308286E-05   3.359569974905428E-05  -2.916424430310394E-07  -1.012569246305505E-05   3.918016072896355E-05  -1.707452408633400E-05   2.326124515971442E-09   3.517778989059168E-09  -8.298394403194369E-09  -1.728620876788486E-06   3.301011073245998E-03   2.661082131822953E-03  -5.648283527059365E-03   3.866392885857990E-03  -2.115640049420955E-05  -5.854098293322570E-04  -1.610116046041405E-04   1.052017247640636E-03  -3.402789524102004E-04   1.110531065203292E-05   5.454467472672059E-06  -2.401794530245693E-05   7.169092046287993E-06   0.000000000000000E+00   0.000000000000000E+00   0.000000000000000E+00   0.000000000000000E+00   0.000000000000000E+00   3.340452945761552E-02   3.070779413295865E-02  -3.697128782954166E-02  -2.158723582662714E-02  -1.763148160436037E-02  -6.465982401690858E-03   2.931867392211268E-02   3.423132845755083E-03   2.410844299752490E-04  -1.906020245747607E-05   0.000000000000000E+00   0.000000000000000E+00   0.000000000000000E+00   0.000000000000000E+00   0.000000000000000E+00   0.000000000000000E+00   0.000000000000000E+00   0.000000000000000E+00   3.087424916675255E-01   2.185800549240682E-01  -9.068536100620336E-02  -1.932593482616600E-01  -1.944539673625521E-03  -2.609669595249716E-01   3.615039403928499E-02   2.634202394202668E-01  -7.927610714730526E-02   0.000000000000000E+00   0.000000000000000E+00   0.000000000000000E+00   0.000000000000000E+00   0.000000000000000E+00   0.000000000000000E+00   0.000000000000000E+00   0.000000000000000E+00   0.000000000000000E+00   0.000000000000000E+00   0.000000000000000E+00   0.000000000000000E+00   1.000000000000000E+00  -8.876524317994677E-02   7.676752209968551E-02   0.000000000000000E+00   0.000000000000000E+00   0.000000000000000E+00   0.000000000000000E+00   0.000000000000000E+00   0.000000000000000E+00   0.000000000000000E+00   0.000000000000000E+00   0.000000000000000E+00  -1.725593933999166E-02   0.000000000000000E+00   0.000000000000000E+00   0.000000000000000E+00   0.000000000000000E+00   0.000000000000000E+00   0.000000000000000E+00   0.000000000000000E+00   0.000000000000000E+00   0.000000000000000E+00   0.000000000000000E+00   0.000000000000000E+00   0.000000000000000E+00   0.000000000000000E+00   0.000000000000000E+00   0.000000000000000E+00   0.000000000000000E+00   0.000000000000000E+00   0.000000000000000E+00   0.000000000000000E+00   0.000000000000000E+00   0.000000000000000E+00   0.000000000000000E+00   0.000000000000000E+00   0.000000000000000E+00   0.000000000000000E+00   0.000000000000000E+00   0.000000000000000E+00   0.000000000000000E+00   0.000000000000000E+00   0.000000000000000E+00   0.000000000000000E+00   0.000000000000000E+00   0.000000000000000E+00   0.000000000000000E+00   0.000000000000000E+00   0.000000000000000E+00   0.000000000000000E+00   0.000000000000000E+00   0.000000000000000E+00   0.000000000000000E+00   0.000000000000000E+00   0.000000000000000E+00   0.000000000000000E+00   0.000000000000000E+00   0.000000000000000E+00   0.000000000000000E+00   0.000000000000000E+00   0.000000000000000E+00   0.000000000000000E+00   0.000000000000000E+00   0.000000000000000E+00   0.000000000000000E+00   0.000000000000000E+00   0.000000000000000E+00   0.000000000000000E+00   0.000000000000000E+00   0.000000000000000E+00   0.000000000000000E+00   0.000000000000000E+00   0.000000000000000E+00   0.000000000000000E+00   0.000000000000000E+00   0.000000000000000E+00   0.000000000000000E+00   0.000000000000000E+00   0.000000000000000E+00   0.000000000000000E+00   0.000000000000000E+00   0.000000000000000E+00   0.000000000000000E+00   0.000000000000000E+00   0.000000000000000E+00   0.000000000000000E+00   0.000000000000000E+00   0.000000000000000E+00   0.000000000000000E+00   0.000000000000000E+00   1.128811564592685E-06   1.505191127228776E-05  -1.314123204874444E-05   1.022514914131478E-05  -9.127029550939993E-07   2.076880591408113E-05  -8.147076737180007E-06   1.868691444776404E-05   0.000000000000000E+00   0.000000000000000E+00   0.000000000000000E+00   0.000000000000000E+00   0.000000000000000E+00   0.000000000000000E+00   0.000000000000000E+00  -1.565166244856132E-05   2.202853796820956E-05   2.257155062746012E-05  -1.298303092131876E-05   8.683728629003725E-06   6.358735109660183E-06   2.837541054499611E-05  -3.060515069660887E-06   2.536579071953569E-05   0.000000000000000E+00  -3.018415987649742E-05  -9.321265233696568E-05   4.121217681802428E-05  -4.853237833715426E-05   3.010796534454368E-05  -4.841246549508385E-07  -3.574818534356167E-08  -1.031852225544694E-05   0.000000000000000E+00  -1.013819372465046E-04  -2.024480449652850E-04   1.415343158686514E-05  -1.030210764066561E-04   1.407234096575486E-04  -5.076782104928052E-05   9.727077362354715E-04
   2.978068109262286E-05   1.582649206566761E-05  -6.827943537989048E-05   2.922281317128869E-05   1.007831349900629E-05  -3.608191982950349E-05   1.265836896906876E-04  -3.863733191771114E-05   2.094150668192492E-06   5.198063606305175E-06  -4.835014789589853E-05   3.385816834190000E-05   0.000000000000000E+00   0.000000000000000E+00   0.000000000000000E+00   0.000000000000000E+00  -1.444484641872207E-03  -4.424854408074724E-04   2.414099679213417E-03  -1.240705958571060E-03  -5.468542199881015E-05   6.116173260604235E-05  -1.219334171831073E-06  -3.536422150672274E-05   3.453693757190580E-05   0.000000000000000E+00   0.000000000000000E+00   0.000000000000000E+00   0.000000000000000E+00   0.000000000000000E+00   0.000000000000000E+00   0.000000000000000E+00   0.000000000000000E+00   0.000000000000000E+00  -5.808975848237637E-02  -2.624893781873576E-02   8.492776570806326E-02  -2.126290339474269E-02  -3.064948251119702E-04   2.259368503699301E-05   4.620145170077883E-04  -4.644131679788703E-04  -2.843200930026423E-05   0.000000000000000E+00   0.000000000000000E+00   0.000000000000000E+00   0.000000000000000E+00   0.000000000000000E+00   0.000000000000000E+00   0.000000000000000E+00   0.000000000000000E+00   0.000000000000000E+00  -4.354028456832234E-01  -1.682428031576356E-02   3.266162659407587E-01  -3.343624163983772E-01   1.652655797681251E-02  -1.668523387806545E-03   7.209725092624592E-04   1.357639748772514E-03  -2.774186458789379E-03   0.000000000000000E+00   0.000000000000000E+00   0.000000000000000E+00   0.000000000000000E+00   0.000000000000000E+00   0.000000000000000E+00   0.000000000000000E+00   0.000000000000000E+00   0.000000000000000E+00  -6.126377205947366E-02   2.870999337573111E-02   2.192838151548143E-02  -8.876524317994677E-02   1.000000000000000E+00   6.093295115344572E-05   0.000000000000000E+00   0.000000000000000E+00   0.000000000000000E+00   0.000000000000000E+00   0.000000000000000E+00   0.000000000000000E+00   0.000000000000000E+00   0.000000000000000E+00   0.000000000000000E+00   3.652239319790718E-02   0.000000000000000E+00   0.000000000000000E+00   0.000000000000000E+00   0.000000000000000E+00   0.000000000000000E+00   0.000000000000000E+00   0.000000000000000E+00   0.000000000000000E+00   0.000000000000000E+00   0.000000000000000E+00   0.000000000000000E+00   0.000000000000000E+00   0.000000000000000E+00   0.000000000000000E+00   0.000000000000000E+00   0.000000000000000E+00   0.000000000000000E+00   0.000000000000000E+00   0.000000000000000E+00   0.000000000000000E+00   0.000000000000000E+00   0.000000000000000E+00   0.000000000000000E+00   0.000000000000000E+00   0.000000000000000E+00   0.000000000000000E+00   0.000000000000000E+00   0.000000000000000E+00   0.000000000000000E+00   0.000000000000000E+00   0.000000000000000E+00   0.000000000000000E+00   0.000000000000000E+00   0.000000000000000E+00   0.000000000000000E+00   0.000000000000000E+00   0.000000000000000E+00   0.000000000000000E+00   0.000000000000000E+00   0.000000000000000E+00   0.000000000000000E+00   0.000000000000000E+00   0.000000000000000E+00   0.000000000000000E+00   0.000000000000000E+00   0.000000000000000E+00   0.000000000000000E+00   0.000000000000000E+00   0.000000000000000E+00   0.000000000000000E+00   0.000000000000000E+00   0.000000000000000E+00   0.000000000000000E+00   0.000000000000000E+00   0.000000000000000E+00   0.000000000000000E+00   0.000000000000000E+00   0.000000000000000E+00   0.000000000000000E+00   0.000000000000000E+00   0.000000000000000E+00   0.000000000000000E+00   0.000000000000000E+00   0.000000000000000E+00   0.000000000000000E+00   0.000000000000000E+00   0.000000000000000E+00   0.000000000000000E+00   0.000000000000000E+00   0.000000000000000E+00   0.000000000000000E+00   0.000000000000000E+00   0.000000000000000E+00   0.000000000000000E+00   0.000000000000000E+00   0.000000000000000E+00   0.000000000000000E+00   0.000000000000000E+00   0.000000000000000E+00   0.000000000000000E+00   0.000000000000000E+00   0.000000000000000E+00   0.000000000000000E+00   0.000000000000000E+00   0.000000000000000E+00   0.000000000000000E+00   0.000000000000000E+00   0.000000000000000E+00   0.000000000000000E+00   0.000000000000000E+00   0.000000000000000E+00   0.000000000000000E+00   0.000000000000000E+00   0.000000000000000E+00   0.000000000000000E+00   0.000000000000000E+00   0.000000000000000E+00   0.000000000000000E+00   0.000000000000000E+00   0.000000000000000E+00   0.000000000000000E+00   0.000000000000000E+00   4.125969595149929E-05   4.188285871755725E-05  -2.879497244116766E-05   5.643347054370341E-05  -1.067300358274657E-05   1.418891464958290E-05  -6.913125300381243E-07   2.162800187323845E-05   0.000000000000000E+00   5.897728292872796E-05   3.239412740916337E-05  -7.924907240809409E-06   4.651530242709619E-05  -9.341577454811602E-05   0.000000000000000E+00   4.757427949716832E-06
   5.977630067989947E-05  -2.308115197057026E-06   3.707030523630636E-06   1.540821261105159E-06   2.970419217944329E-05  -5.115180589066438E-05   6.154253443938924E-05   5.396018491278999E-05  -8.849699466846519E-05  -1.295771472755844E-04   2.714052690880964E-04   2.630238822932129E-05  -1.139600591928475E-05   2.060998437141562E-05  -3.392459337519975E-05  -1.257699069093773E-05  -1.239174499645579E-03  -1.245465454225119E-03   1.207021877503219E-03   1.606186210414261E-03  -7.277934181460413E-05  -9.685138935337300E-03  -7.167849160711983E-03   1.596288868017202E-02   1.271526719296020E-03   6.225397596344506E-05   1.566364666542540E-05  -3.970759578539634E-05   5.022990329876514E-06   0.000000000000000E+00   0.000000000000000E+00   0.000000000000000E+00   0.000000000000000E+00   0.000000000000000E+00  -2.546355780965972E-04  -2.712548760667536E-04   1.089765316482161E-04   4.874273236593146E-04  -4.874430441039850E-02  -4.029250597304179E-02   5.377234812273245E-02   3.984155576221526E-02   1.350166761706316E-02  -9.671574179245432E-05  -7.412688479814747E-06   6.016940476302618E-06  -1.460218201925269E-05   8.218981841659889E-07   0.000000000000000E+00   0.000000000000000E+00   0.000000000000000E+00   0.000000000000000E+00  -1.468773947867196E-03  -1.077938041421217E-03  -3.813556998813549E-04   2.551299449426498E-03  -9.441066369897665E-05  -4.345619649128408E-01  -2.171289980714196E-01   9.081959863407665E-02   4.035495925733539E-01   0.000000000000000E+00   0.000000000000000E+00   0.000000000000000E+00   0.000000000000000E+00   0.000000000000000E+00   0.000000000000000E+00   0.000000000000000E+00   0.000000000000000E+00   0.000000000000000E+00  -5.434748460287952E-02  -2.545886478786117E-02  -2.958922264510731E-02   7.676752209968551E-02   6.093295115344572E-05   1.000000000000000E+00   0.000000000000000E+00   0.000000000000000E+00   0.000000000000000E+00   0.000000000000000E+00   0.000000000000000E+00   0.000000000000000E+00   0.000000000000000E+00   0.000000000000000E+00   0.000000000000000E+00   1.207635869638733E-02   0.000000000000000E+00   0.000000000000000E+00   0.000000000000000E+00   0.000000000000000E+00   0.000000000000000E+00   0.000000000000000E+00   0.000000000000000E+00   0.000000000000000E+00   0.000000000000000E+00   0.000000000000000E+00   0.000000000000000E+00   0.000000000000000E+00   0.000000000000000E+00   0.000000000000000E+00   0.000000000000000E+00   0.000000000000000E+00   0.000000000000000E+00   0.000000000000000E+00   0.000000000000000E+00   0.000000000000000E+00   0.000000000000000E+00   0.000000000000000E+00   0.000000000000000E+00   0.000000000000000E+00   0.000000000000000E+00   0.000000000000000E+00   0.000000000000000E+00   0.000000000000000E+00   0.000000000000000E+00   0.000000000000000E+00   0.000000000000000E+00   0.000000000000000E+00   0.000000000000000E+00   0.000000000000000E+00   0.000000000000000E+00   0.000000000000000E+00   0.000000000000000E+00   0.000000000000000E+00   0.000000000000000E+00   0.000000000000000E+00   0.000000000000000E+00   0.000000000000000E+00   0.000000000000000E+00   0.000000000000000E+00   0.000000000000000E+00   0.000000000000000E+00   0.000000000000000E+00   0.000000000000000E+00   0.000000000000000E+00   0.000000000000000E+00   0.000000000000000E+00   0.000000000000000E+00   0.000000000000000E+00   0.000000000000000E+00   0.000000000000000E+00   0.000000000000000E+00   0.000000000000000E+00   0.000000000000000E+00   0.000000000000000E+00   0.000000000000000E+00   0.000000000000000E+00   0.000000000000000E+00   0.000000000000000E+00   0.000000000000000E+00   0.000000000000000E+00   0.000000000000000E+00   0.000000000000000E+00   0.000000000000000E+00   0.000000000000000E+00   0.000000000000000E+00   0.000000000000000E+00   0.000000000000000E+00   0.000000000000000E+00   0.000000000000000E+00   0.000000000000000E+00   0.000000000000000E+00   0.000000000000000E+00   4.407416868770695E-07   4.828067523817435E-05  -3.001477384728130E-05   9.495625788198230E-06   1.585237639338875E-06   5.337240825053996E-05  -1.146030693779354E-05   2.175571685300826E-05   0.000000000000000E+00   0.000000000000000E+00   0.000000000000000E+00   0.000000000000000E+00   0.000000000000000E+00   0.000000000000000E+00   0.000000000000000E+00  -2.822049146671671E-05   5.206522090856130E-05   6.389110996508837E-05  -2.269242991700645E-05   1.447027095077576E-05   1.234694959571172E-05   6.158792740405221E-05   2.499796441374753E-06   2.811940133399672E-05   0.000000000000000E+00  -2.995248153131790E-06  -1.578026136857614E-04   3.284873734890195E-05  -1.105776884625723E-05   6.284101121045626E-05   3.441066533808955E-05   7.491544717959415E-06   1.100966227667818E-05   0.000000000000000E+00  -4.292818689541775E-05  -2.267452991440881E-04  -2.575048831484827E-05  -2.389846967959063E-05   1.374122166286434E-04  -8.277023958505683E-05   3.444399950596133E-04
   5.000853776126100E-05  -3.396700389257964E-06  -2.481825153450753E-05   3.550054040214085E-05  -9.691878045408309E-08   3.377918637399656E-06   3.478922178769092E-05  -4.514740229462983E-05  -2.346962642764871E-04   3.909097591127407E-05  -3.964569673437640E-04   3.576803125500619E-04   2.185546963492515E-05  -2.597769618485802E-05  -3.799063151836140E-05   1.037986787393999E-04  -4.858856692470140E-10  -3.453840925582183E-11   6.093641034046116E-10  -5.677759906426563E-10   0.000000000000000E+00   5.965795663435513E-05   1.019374726599301E-06  -4.453990685722802E-06   2.643821883221398E-06  -1.962191391509630E-02   2.643571655163897E-03  -2.549862295294231E-02   2.236540901427178E-02  -1.364092444262160E-03  -7.842779538829078E-04  -3.964140392011257E-04   2.445740505955996E-03  -7.513176809219156E-05   0.000000000000000E+00   0.000000000000000E+00   0.000000000000000E+00   0.000000000000000E+00  -8.304030518075931E-06  -7.306656123790617E-06   3.955128190446462E-05  -2.585733335185183E-05  -8.206279391254588E-05   2.675723793226642E-02  -6.360506656933682E-02  -1.873570438920913E-02  -3.185142098875113E-02   9.193566461425715E-02  -3.517946275717255E-04  -3.216491034212049E-04   1.302208831475525E-04   6.456628703850739E-04   0.000000000000000E+00   0.000000000000000E+00   0.000000000000000E+00   0.000000000000000E+00   0.000000000000000E+00   0.000000000000000E+00   0.000000000000000E+00   0.000000000000000E+00   0.000000000000000E+00  -4.251527465501378E-01  -2.005475129866878E-01   1.296389840127448E-01   3.942366416504005E-01  -1.097899011032483E-03  -1.068441412460323E-03   1.035797970947730E-03   1.479682263126143E-03  -8.950415736634461E-05   0.000000000000000E+00   0.000000000000000E+00   0.000000000000000E+00   0.000000000000000E+00   0.000000000000000E+00   0.000000000000000E+00   1.000000000000000E+00  -4.419718141680274E-02  -3.497059614927119E-02   4.921485842224448E-02   3.835105054483007E-02   3.439941366783229E-05  -4.468645277038958E-05   5.425321188475607E-05   4.896372299968760E-05   0.000000000000000E+00  -7.415945136317776E-03  -4.859055203341148E-03   1.260913805654039E-02   1.588461373400246E-03   6.156885966125900E-05   3.359704151208949E-06  -5.451449156763567E-06  -2.399278087297008E-06  -6.356763293225176E-05  -7.455999441265293E-05  -1.076076928755709E-04   2.552828035950213E-04   4.043672464747887E-05   1.189708822441913E-02  -8.394694125347706E-06  -9.111044153510514E-05   6.302938897661404E-05   3.089087179554242E-05   6.121580328573809E-06   1.018952497267231E-05   1.786893633113201E-05   6.424897745723006E-05   1.467799695156708E-06   3.072946366604210E-05  -1.337308320975606E-05  -1.785114756649875E-04  -1.482559430719541E-05  -1.726169134419704E-05   4.779243314320080E-05   6.181054468863128E-05   3.084101007776970E-05   2.374121942804600E-05  -7.446624857337876E-07   5.031686951373320E-05  -1.180835217661298E-05   2.266291989868642E-05   0.000000000000000E+00   3.503556583695136E-05  -8.209279899198926E-05   1.782054578429007E-05  -4.810851284494432E-06  -1.392102755505773E-04  -3.596840000465233E-04  -1.176522110282977E-04   4.879284329945132E-05   5.925231311371394E-05   4.406240150547112E-05   3.420334391386817E-05   8.666642145958951E-06   0.000000000000000E+00   0.000000000000000E+00   0.000000000000000E+00   0.000000000000000E+00   0.000000000000000E+00   4.788700231760073E-05   6.657545373535000E-05  -2.468007887215110E-05   1.687151286897615E-05  -3.400657103843260E-05   1.801954205130267E-04   2.416102440042869E-05  -8.810620975067137E-05  -6.295234205752933E-05   9.113360403683784E-06  -2.076122472433741E-07   3.691776887031592E-05   4.249413365464569E-05   8.859931900560352E-06   0.000000000000000E+00   0.000000000000000E+00   0.000000000000000E+00   0.000000000000000E+00   0.000000000000000E+00  -2.896031237424274E-06   4.498187526002529E-05  -2.861570003016954E-05   9.519552245949757E-06   5.153668553438815E-05  -2.440724844669484E-05  -2.797110640885233E-05   1.008464510335804E-05  -8.496675462063426E-06   9.999903973920176E-06   1.584682664497022E-05  -1.787134194123880E-08   0.000000000000000E+00   0.000000000000000E+00   0.000000000000000E+00   0.000000000000000E+00   0.000000000000000E+00   0.000000000000000E+00  -1.531450842578807E-06  -2.735372249086318E-05   2.380855955149762E-05   3.717959527201330E-05   6.243598679712236E-05  -1.444474483680539E-05   0.000000000000000E+00   0.000000000000000E+00   0.000000000000000E+00   0.000000000000000E+00   0.000000000000000E+00  -7.694246514930842E-06   5.751504117049355E-06   1.469202334338544E-05  -4.993680684125504E-06   0.000000000000000E+00   0.000000000000000E+00   0.000000000000000E+00   0.000000000000000E+00   0.000000000000000E+00   0.000000000000000E+00   0.000000000000000E+00   0.000000000000000E+00   0.000000000000000E+00  -1.102710505280190E-13   0.000000000000000E+00   0.000000000000000E+00
  -2.681374410742119E-05   3.819126853058402E-06  -2.279863012955477E-05   1.451713000783053E-05   1.189555516911083E-05   1.438100121299046E-06  -1.044267779786186E-05   7.246191132635148E-06  -2.265906472384594E-05  -1.395301940275789E-06   4.511788636553614E-06  -1.459076694575393E-06   6.675927226357744E-05  -2.213020240154456E-06   1.583501445889920E-04  -1.543918312565243E-04   0.000000000000000E+00   0.000000000000000E+00   0.000000000000000E+00   0.000000000000000E+00   0.000000000000000E+00   4.982854507619097E-06   9.367041147431962E-06  -2.612699863222180E-05   5.854523173729230E-06   6.540836796037461E-04  -4.776431357818605E-04   1.273991119543762E-03  -1.743139020699827E-04   9.544177773167467E-03  -3.850406337974138E-04   1.239449018258357E-02  -1.210592576534862E-02   5.494019630060415E-05   0.000000000000000E+00   0.000000000000000E+00   0.000000000000000E+00   0.000000000000000E+00   0.000000000000000E+00   0.000000000000000E+00   0.000000000000000E+00   0.000000000000000E+00  -1.208623127582517E-05  -1.485677824250930E-04   3.329354262856753E-02  -1.576460618290032E-02   4.989386618753407E-02  -1.668764515095647E-02   3.479797572152047E-02   1.396511647305609E-02   2.028126266132792E-02  -5.159349899931694E-02   0.000000000000000E+00   0.000000000000000E+00   0.000000000000000E+00   0.000000000000000E+00   0.000000000000000E+00   0.000000000000000E+00   0.000000000000000E+00   0.000000000000000E+00   0.000000000000000E+00   3.039600851865203E-01  -1.562765210318186E-01   3.131751957925158E-01   6.487484337611471E-02   2.844789682879304E-01   1.602484130508271E-01  -4.219447321946582E-02  -2.964144482637168E-01  -1.653102232551824E-03   0.000000000000000E+00   0.000000000000000E+00   0.000000000000000E+00   0.000000000000000E+00   0.000000000000000E+00   0.000000000000000E+00  -4.419718141680274E-02   1.000000000000000E+00   0.000000000000000E+00   0.000000000000000E+00   0.000000000000000E+00   3.221084256444573E-02   2.926955719599396E-02  -3.093139257519853E-02  -3.204856799876819E-02   0.000000000000000E+00   2.928230420707987E-01  -1.643340278384246E-02  -2.746108227019480E-01   2.109954504563415E-01   1.006128925181703E-02   8.691632384031785E-03  -1.560085613957475E-02  -3.545447249420453E-03  -1.315313103960486E-03   3.115574508711962E-02   1.127032200463844E-02  -4.893098014887802E-02   1.234394165965036E-02  -6.037948751223163E-02  -2.542947863734361E-04  -1.414676465644562E-03  -2.580220145305000E-05  -2.718770487860582E-05  -1.826896152067290E-05  -2.041334191995260E-05  -5.270694349649722E-06  -3.095458158042114E-05  -1.210454258442964E-05  -2.735638905265517E-05   1.333682964684677E-04   2.823299672535875E-04   1.629114231789590E-04   1.389713109999453E-04   4.058961724361196E-07  -2.120858897260427E-05  -2.292573283264807E-05  -1.773432730379704E-05  -1.130878484782468E-05  -3.682498472820016E-05  -2.068753108905974E-06  -3.071695823378661E-05   0.000000000000000E+00   4.652021078844137E-04   9.150196100949076E-04   1.447574171974243E-04   3.869203004712865E-04   2.299482245523306E-04   3.771760552901272E-04   3.813360773381227E-04   9.176650850006232E-05  -1.942213578444329E-06  -1.990998452564288E-05  -3.104053055424911E-05  -1.314755884264043E-05   0.000000000000000E+00   1.632272257779712E-05   2.932218930946782E-06  -3.633400188843788E-07   2.711284049656639E-06  -7.191837020851787E-06   4.747458750034555E-05  -3.958469512199391E-06   2.979671391512838E-05  -2.486297723171356E-03  -9.480765140410237E-04  -2.615597507211103E-05  -8.304717352800395E-06  -1.323202707635525E-05  -2.557319009768222E-06   4.326030714503308E-06   1.061569163407967E-06   2.246173566611542E-06   7.899043253094574E-07   1.096613567581449E-05   4.200327967834226E-06  -1.654267781721788E-06   3.702277417956020E-06   0.000000000000000E+00  -2.503023229159711E-05  -6.071032214135230E-06   2.600682736380314E-06  -3.424937426292129E-06  -2.245735339745228E-05  -1.695348067590499E-05  -4.348927492946411E-05   5.643610093599913E-07   0.000000000000000E+00   0.000000000000000E+00   0.000000000000000E+00   0.000000000000000E+00   0.000000000000000E+00   5.114793584251130E-06  -2.098288675460026E-05   1.148758404816875E-05  -1.478465506282175E-05   0.000000000000000E+00   2.329308422211429E-05   5.861142493677123E-05   1.551441916011306E-05  -9.159124535680935E-08  -3.217949382895435E-07  -2.955772979101184E-09   0.000000000000000E+00   0.000000000000000E+00   0.000000000000000E+00   0.000000000000000E+00  -1.804950842348650E-07   0.000000000000000E+00   0.000000000000000E+00   0.000000000000000E+00   0.000000000000000E+00   0.000000000000000E+00   0.000000000000000E+00   0.000000000000000E+00   0.000000000000000E+00   0.000000000000000E+00   0.000000000000000E+00   0.000000000000000E+00   0.000000000000000E+00   0.000000000000000E+00   0.000000000000000E+00   0.000000000000000E+00   0.000000000000000E+00
  -3.819126853058402E-06  -9.308291325402995E-06   8.460308752086405E-06  -5.387139550161357E-06  -1.438100121299046E-06  -4.206216376779702E-07  -5.504800946214096E-06   3.819790342621257E-06   1.395301940275789E-06  -1.433537124844958E-05   3.680671202977853E-05  -1.190299902160752E-05   2.213020240154456E-06   3.487921983042696E-05   3.618658135324977E-06  -3.528201743384965E-06   0.000000000000000E+00   0.000000000000000E+00   0.000000000000000E+00   0.000000000000000E+00   0.000000000000000E+00  -9.367041147431962E-06   3.275320421028115E-06  -2.021193134807790E-05   4.529078220152365E-06   4.776431357818605E-04  -1.117099113924522E-04   9.090540293480264E-04  -1.243813654720314E-04   3.850406337974138E-04   3.636768307880601E-03   5.338804016256210E-04  -5.214507748560799E-04   2.105249924787666E-06   0.000000000000000E+00   0.000000000000000E+00   0.000000000000000E+00   0.000000000000000E+00   0.000000000000000E+00   0.000000000000000E+00   0.000000000000000E+00   0.000000000000000E+00   1.400730243062454E-05  -1.695808025021371E-04   1.576460618290032E-02   6.006454427829187E-03   2.577031270773625E-02  -8.619212475527369E-03  -1.396511647305609E-02   8.732418476710115E-03  -8.887512032878249E-03   2.260893963219834E-02   0.000000000000000E+00   0.000000000000000E+00   0.000000000000000E+00   0.000000000000000E+00   0.000000000000000E+00   0.000000000000000E+00   0.000000000000000E+00   0.000000000000000E+00   0.000000000000000E+00   1.562765210318186E-01   8.219764960348867E-02   2.011153485034539E-01   4.166143075819576E-02  -1.602484130508271E-01   5.619405881724759E-02   2.938652170425062E-02   2.064391128205075E-01   9.437456443344914E-04   0.000000000000000E+00   0.000000000000000E+00   0.000000000000000E+00   0.000000000000000E+00   0.000000000000000E+00   0.000000000000000E+00  -3.497059614927119E-02   0.000000000000000E+00   1.000000000000000E+00   0.000000000000000E+00   0.000000000000000E+00  -2.926955719599396E-02  -1.534518881440796E-02   3.063638306327013E-02   3.174290337728906E-02   0.000000000000000E+00   1.643340278384246E-02   1.729208094511935E-01  -1.913680460146325E-02   1.470364010949116E-02  -8.691632384031785E-03  -4.156488511072126E-03   1.440006097684230E-02   3.272554796035958E-03   1.278966617983572E-03  -1.127032200463844E-02   8.715736396016244E-03   1.927900105821046E-02  -4.863562176658018E-03  -2.433074044367558E-02   2.749376650021472E-04   4.425422186307326E-04   2.718770487860582E-05  -2.860971149882310E-05  -1.298769307946896E-05  -1.451216694953314E-05   3.095458158042114E-05   2.294497461432150E-05   1.176677843573919E-05   2.659303864968326E-05  -2.823299672535875E-04  -4.180343158456117E-04  -2.744101800796950E-04  -2.340851349356554E-04   2.120858897260427E-05   1.714892316594806E-05   2.448601610916289E-05   1.894129305334768E-05   3.682498472820016E-05   1.788822966235656E-05   1.486968643132047E-06   2.207859096835000E-05   0.000000000000000E+00  -9.150196100949076E-04  -1.539037113618360E-03  -2.697714190438722E-04  -7.210686715463008E-04  -3.771760552901272E-04  -4.482724085474420E-04  -5.433852051288914E-04  -1.307627733345949E-04   1.990998452564288E-05   1.002552146248846E-05   2.532096975870559E-05   1.072497582711996E-05   0.000000000000000E+00  -2.932218930946782E-06   2.410619014388127E-05  -2.811331993323888E-06   2.097847524528813E-05  -4.747458750034555E-05  -1.592260427004105E-04   1.376780759067029E-05  -1.036348575512464E-04   4.625651056308108E-03   1.309234028079472E-03   8.304717352800395E-06  -3.380305772364783E-05  -4.391115612962323E-05  -8.486593449604502E-06  -1.061569163407967E-06   1.964380463495935E-06   2.931860069911948E-06   1.031037398378418E-06  -4.200327967834226E-06   1.307804560177741E-05  -4.612253012231177E-06   1.032229507323797E-05   0.000000000000000E+00   6.071032214135230E-06  -8.369779320331124E-05   3.373339508996854E-05  -4.442478343988094E-05   1.695348067590499E-05  -1.052152998007523E-05  -1.574017374518948E-06   2.042604839180341E-08   0.000000000000000E+00   0.000000000000000E+00   0.000000000000000E+00   0.000000000000000E+00   0.000000000000000E+00   2.098288675460026E-05   3.306481184885793E-05  -2.025031716023661E-05   2.606239509294952E-05   0.000000000000000E+00   9.145632653208490E-05   3.170892759487141E-06   9.159124535680935E-08   4.389997657521135E-06   1.265526054028293E-05   1.162419687123749E-07   0.000000000000000E+00   0.000000000000000E+00   0.000000000000000E+00   0.000000000000000E+00  -2.259149415074415E-07   0.000000000000000E+00   0.000000000000000E+00   0.000000000000000E+00   0.000000000000000E+00   0.000000000000000E+00   0.000000000000000E+00   0.000000000000000E+00   0.000000000000000E+00   0.000000000000000E+00   0.000000000000000E+00   0.000000000000000E+00   0.000000000000000E+00   0.000000000000000E+00   0.000000000000000E+00   0.000000000000000E+00   0.000000000000000E+00
   2.279863012955477E-05   8.460308752086405E-06  -5.839565109300757E-05   3.215902660108543E-05   1.044267779786186E-05  -5.504800946214096E-06   3.879407367150749E-05  -2.773717852644799E-05  -4.511788636553614E-06   3.680671202977853E-05  -1.219692489041291E-04   3.848902819986244E-05  -1.583501445889920E-04   3.618658135324977E-06  -2.239991720484780E-04   2.524564602107523E-04   0.000000000000000E+00   0.000000000000000E+00   0.000000000000000E+00   0.000000000000000E+00   0.000000000000000E+00   2.612699863222180E-05  -2.021193134807790E-05   5.240503128184160E-05  -1.263272132583593E-05  -1.273991119543762E-03   9.090540293480264E-04  -2.195558063262132E-03   3.317555370888111E-04  -1.239449018258357E-02   5.338804016256210E-04  -1.353230119636902E-02   1.678554402404915E-02   1.539819582083259E-05   0.000000000000000E+00   0.000000000000000E+00   0.000000000000000E+00   0.000000000000000E+00   0.000000000000000E+00   0.000000000000000E+00   0.000000000000000E+00   0.000000000000000E+00  -3.248087601761776E-05   3.553885271121844E-04  -4.989386618753407E-02   2.577031270773625E-02  -6.741230646033677E-02   2.727919929660866E-02  -2.028126266132792E-02  -8.887512032878249E-03   1.944955345523632E-03   3.283451620753837E-02   0.000000000000000E+00   0.000000000000000E+00   0.000000000000000E+00   0.000000000000000E+00   0.000000000000000E+00   0.000000000000000E+00   0.000000000000000E+00   0.000000000000000E+00   0.000000000000000E+00  -3.131751957925158E-01   2.011153485034539E-01  -2.204758029400095E-01  -8.348872017721592E-02   4.219447321946582E-02   2.938652170425062E-02   1.600620861938726E-01  -5.435679175551265E-02   6.146706076851284E-04   0.000000000000000E+00   0.000000000000000E+00   0.000000000000000E+00   0.000000000000000E+00   0.000000000000000E+00   0.000000000000000E+00   4.921485842224448E-02   0.000000000000000E+00   0.000000000000000E+00   1.000000000000000E+00   0.000000000000000E+00   3.093139257519853E-02   3.063638306327013E-02  -1.873061391135112E-02  -3.354516774083300E-02   0.000000000000000E+00   2.746108227019480E-01  -1.913680460146325E-02  -1.457200880571320E-01   2.457055766411765E-01   1.560085613957475E-02   1.440006097684230E-02  -2.198092519237922E-02  -5.874000915596667E-03  -1.220979034956926E-03   4.893098014887802E-02   1.927900105821046E-02  -7.054499542037279E-02   2.111553371952854E-02  -4.284923714435985E-02  -4.862146380593414E-04  -2.445717078421083E-03   1.826896152067290E-05  -1.298769307946896E-05  -1.800871089729264E-05  -9.751548384329722E-06   1.210454258442964E-05   1.176677843573919E-05  -2.544547909394192E-06   1.039899595955369E-05  -1.629114231789590E-04  -2.744101800796950E-04  -1.008154516691414E-04  -1.350729532836076E-04   2.292573283264807E-05   2.448601610916289E-05   2.096543195676304E-05   2.047486631981343E-05   2.068753108905974E-06   1.486968643132047E-06  -8.497125012791629E-06   1.240330553920363E-06   0.000000000000000E+00  -1.447574171974243E-04  -2.697714190438722E-04   1.235246641418941E-04  -1.140741000121231E-04  -3.813360773381227E-04  -5.433852051288914E-04  -4.601934435977571E-04  -1.322050070408426E-04   3.104053055424911E-05   2.532096975870559E-05   3.326066314710451E-05   1.672070309379364E-05   0.000000000000000E+00   3.633400188843788E-07  -2.811331993323888E-06   1.766598745101560E-06  -2.599505620587237E-06   3.958469512199391E-06   1.376780759067029E-05   4.745607505329404E-06   8.641158262086000E-06   1.594112809428889E-04   1.253491298835702E-03   1.323202707635525E-05  -4.391115612962323E-05  -7.620771441260462E-05  -1.352181290954104E-05  -2.246173566611542E-06   2.931860069911948E-06   6.782268445158654E-06   2.181571422996889E-06   1.654267781721788E-06  -4.612253012231177E-06   3.183640481385041E-06  -4.065358777659395E-06   0.000000000000000E+00  -2.600682736380314E-06   3.373339508996854E-05  -1.940114309270979E-05   1.903049815656256E-05   4.348927492946411E-05  -1.574017374518948E-06  -1.394561725999646E-05   5.239714789047341E-08   0.000000000000000E+00   0.000000000000000E+00   0.000000000000000E+00   0.000000000000000E+00   0.000000000000000E+00  -1.148758404816875E-05  -2.025031716023661E-05   7.162693044645293E-06  -1.426848257955734E-05   0.000000000000000E+00  -5.253216545768181E-05   9.994908042411192E-06   3.217949382895435E-07   1.265526054028293E-05   4.525073145707745E-05   4.084023205791336E-07   0.000000000000000E+00   0.000000000000000E+00   0.000000000000000E+00   0.000000000000000E+00   1.687310809588372E-07   0.000000000000000E+00   0.000000000000000E+00   0.000000000000000E+00   0.000000000000000E+00   0.000000000000000E+00   0.000000000000000E+00   0.000000000000000E+00   0.000000000000000E+00   0.000000000000000E+00   0.000000000000000E+00   0.000000000000000E+00   0.000000000000000E+00   0.000000000000000E+00   0.000000000000000E+00   0.000000000000000E+00   0.000000000000000E+00
  -1.451713000783053E-05  -5.387139550161357E-06   3.215902660108543E-05  -2.836846183931736E-05  -7.246191132635148E-06   3.819790342621257E-06  -2.773717852644799E-05   1.806816504247026E-05   1.459076694575393E-06  -1.190299902160752E-05   3.848902819986244E-05  -1.539968691564363E-05   1.543918312565243E-04  -3.528201743384965E-06   2.524564602107523E-04  -2.112159583074227E-04   0.000000000000000E+00   0.000000000000000E+00   0.000000000000000E+00   0.000000000000000E+00   0.000000000000000E+00  -5.854523173729230E-06   4.529078220152365E-06  -1.263272132583593E-05  -1.140320061873208E-06   1.743139020699827E-04  -1.243813654720314E-04   3.317555370888111E-04   1.837190042380110E-04   1.210592576534862E-02  -5.214507748560799E-04   1.678554402404915E-02  -1.274139499270965E-02  -2.126909595033691E-05   0.000000000000000E+00   0.000000000000000E+00   0.000000000000000E+00   0.000000000000000E+00   0.000000000000000E+00   0.000000000000000E+00   0.000000000000000E+00   0.000000000000000E+00   1.711943357792459E-06   4.526031024680374E-05   1.668764515095647E-02  -8.619212475527369E-03   2.727919929660866E-02   5.025035857612079E-03   5.159349899931694E-02   2.260893963219834E-02   3.283451620753837E-02  -6.867560412118184E-02   0.000000000000000E+00   0.000000000000000E+00   0.000000000000000E+00   0.000000000000000E+00   0.000000000000000E+00   0.000000000000000E+00   0.000000000000000E+00   0.000000000000000E+00   0.000000000000000E+00  -6.487484337611471E-02   4.166143075819576E-02  -8.348872017721592E-02   1.652607072611157E-01   2.964144482637168E-01   2.064391128205075E-01  -5.435679175551265E-02  -2.140544855856146E-01  -2.933852679235488E-03   0.000000000000000E+00   0.000000000000000E+00   0.000000000000000E+00   0.000000000000000E+00   0.000000000000000E+00   0.000000000000000E+00   3.835105054483007E-02   0.000000000000000E+00   0.000000000000000E+00   0.000000000000000E+00   1.000000000000000E+00   3.204856799876819E-02   3.174290337728906E-02  -3.354516774083300E-02  -2.111153840858756E-02   0.000000000000000E+00  -2.109954504563415E-01   1.470364010949116E-02   2.457055766411765E-01  -1.472028749477597E-02   3.545447249420453E-03   3.272554796035958E-03  -5.874000915596667E-03   2.531226252503893E-03  -1.777297729322591E-03  -1.234394165965036E-02  -4.863562176658018E-03   2.111553371952854E-02   7.829419253778537E-03   8.075696997120695E-02  -1.019896633911881E-04   1.039363333417056E-03   2.041334191995260E-05  -1.451216694953314E-05  -9.751548384329722E-06  -2.017771196201772E-05   2.735638905265517E-05   2.659303864968326E-05   1.039899595955369E-05   1.635598347773102E-05  -1.389713109999453E-04  -2.340851349356554E-04  -1.350729532836076E-04  -5.769769480333803E-05   1.773432730379704E-05   1.894129305334768E-05   2.047486631981343E-05   1.033536254570514E-05   3.071695823378661E-05   2.207859096835000E-05   1.240330553920363E-06   9.835835356784508E-06   0.000000000000000E+00  -3.869203004712865E-04  -7.210686715463008E-04  -1.140741000121231E-04  -1.387043531966126E-04  -9.176650850006232E-05  -1.307627733345949E-04  -1.322050070408426E-04   5.737053406928330E-05   1.314755884264043E-05   1.072497582711996E-05   1.672070309379364E-05   8.664097083496628E-07   0.000000000000000E+00  -2.711284049656639E-06   2.097847524528813E-05  -2.599505620587237E-06   2.081604123713475E-05  -2.979671391512838E-05  -1.036348575512464E-04   8.641158262086000E-06  -5.915128797522626E-05   8.385290926209070E-04  -1.411649357411267E-04   2.557319009768222E-06  -8.486593449604502E-06  -1.352181290954104E-05  -8.856755151386661E-06  -7.899043253094574E-07   1.031037398378418E-06   2.181571422996889E-06   1.345933358918669E-06  -3.702277417956020E-06   1.032229507323797E-05  -4.065358777659395E-06   1.046547623946636E-05   0.000000000000000E+00   3.424937426292129E-06  -4.442478343988094E-05   1.903049815656256E-05  -3.001255857131631E-05  -5.643610093599913E-07   2.042604839180341E-08   5.239714789047341E-08  -9.908608695956156E-06   0.000000000000000E+00   0.000000000000000E+00   0.000000000000000E+00   0.000000000000000E+00   0.000000000000000E+00   1.478465506282175E-05   2.606239509294952E-05  -1.426848257955734E-05   1.443987577768692E-05   0.000000000000000E+00   3.301009766271385E-05  -1.882967991996404E-06   2.955772979101184E-09   1.162419687123749E-07   4.084023205791336E-07   7.917312124045508E-07   0.000000000000000E+00   0.000000000000000E+00   0.000000000000000E+00   0.000000000000000E+00  -1.481576286678170E-07   0.000000000000000E+00   0.000000000000000E+00   0.000000000000000E+00   0.000000000000000E+00   0.000000000000000E+00   0.000000000000000E+00   0.000000000000000E+00   0.000000000000000E+00   0.000000000000000E+00   0.000000000000000E+00   0.000000000000000E+00   0.000000000000000E+00   0.000000000000000E+00   0.000000000000000E+00   0.000000000000000E+00   0.000000000000000E+00
   4.570157695879072E-06   9.689383513426742E-06  -2.681694237808421E-05   5.911710326998748E-06   0.000000000000000E+00   0.000000000000000E+00   0.000000000000000E+00   0.000000000000000E+00   1.202034371590342E-05   5.224579549253981E-06  -1.128966908368132E-05  -4.791468620482764E-08  -2.428444017662666E-05   8.678604353051432E-07  -2.814003968844911E-06   9.563785414557745E-07   0.000000000000000E+00   0.000000000000000E+00   0.000000000000000E+00   0.000000000000000E+00   0.000000000000000E+00   0.000000000000000E+00   0.000000000000000E+00   0.000000000000000E+00   0.000000000000000E+00  -1.596681335331027E-05   2.326154507668384E-05  -4.294138146702325E-05  -8.827556436731229E-06   4.884427931816016E-04  -3.894514682270086E-04   9.627726213860213E-04  -1.496083540842806E-04   6.182705307178799E-05   0.000000000000000E+00   0.000000000000000E+00   0.000000000000000E+00   0.000000000000000E+00   0.000000000000000E+00   0.000000000000000E+00   0.000000000000000E+00   0.000000000000000E+00   0.000000000000000E+00  -6.419182866996016E-06   9.161701093660396E-05  -1.310220504759867E-04   2.329522994713554E-04   4.693836334987953E-05   2.784039040163114E-02  -1.405086051674214E-02   4.248526289572416E-02  -1.324802650509166E-02   0.000000000000000E+00   0.000000000000000E+00   0.000000000000000E+00   0.000000000000000E+00   0.000000000000000E+00   0.000000000000000E+00   0.000000000000000E+00   0.000000000000000E+00   0.000000000000000E+00   6.334635002918671E-04  -7.008649641718644E-04   9.486602921897621E-04   6.181237331715634E-04   2.903148394634083E-01  -1.608938362713133E-01   3.001727384780453E-01   5.237319142236430E-02  -1.329554867163436E-02   0.000000000000000E+00   0.000000000000000E+00   0.000000000000000E+00   0.000000000000000E+00   0.000000000000000E+00   0.000000000000000E+00   3.439941366783229E-05   3.221084256444573E-02  -2.926955719599396E-02   3.093139257519853E-02   3.204856799876819E-02   1.000000000000000E+00   0.000000000000000E+00   0.000000000000000E+00   0.000000000000000E+00   0.000000000000000E+00   1.420147417503781E-02  -1.290725412511694E-02   2.702757988664505E-03   2.136249409957267E-02   3.124127800717313E-01   5.996124627848603E-03  -2.716805207766329E-01   2.404020623964440E-01  -4.482449220208742E-01   3.732659369224568E-02  -2.058461095512091E-02  -2.312621943924518E-02   5.246336415911242E-02  -3.894919065712784E-04  -5.236019623821715E-02  -1.728471407449413E-03   5.967552466034548E-06  -1.003091928320892E-05  -1.660079179260441E-05  -1.805955105757087E-05   1.553293324477793E-05  -1.082116920919285E-07  -1.147775265787936E-07  -1.946656606564579E-07  -2.425294138354695E-05  -1.156944047125993E-06  -1.965650230919508E-06  -1.830502550845142E-06   3.633681649339574E-08   7.319773312463746E-09   1.730241385454681E-08   1.460315993519364E-08   5.331330388375719E-06  -1.366137745233462E-05  -7.429923325338034E-06  -2.294341338578571E-05   0.000000000000000E+00   1.421343645432184E-04   1.914488783070881E-04   1.773238220357698E-04   2.646387826643969E-04  -2.435742983651238E-05  -1.010579183885145E-06  -2.984817816436734E-06  -1.516348361239577E-06   4.297441722853033E-09   6.625739390699154E-10   2.396775686475363E-09   1.352678299596322E-09   0.000000000000000E+00   3.695813854031958E-06   1.147670059291701E-06   2.526528130648757E-07   1.916054689887561E-06  -2.061924113195541E-05   7.260360696929329E-06   3.043097365483280E-06   1.101341292585339E-05  -3.243559024665804E-03  -8.845612644842124E-05   5.023876494062389E-06  -5.909419030109245E-06  -2.563478192667205E-05  -1.040570238939227E-05   0.000000000000000E+00   0.000000000000000E+00   0.000000000000000E+00   0.000000000000000E+00   1.147757507864494E-05   3.182592773502736E-06  -4.870768783365642E-07   5.089938317420051E-06   0.000000000000000E+00  -5.042101297232907E-06   3.621404936942457E-05  -4.254887366665077E-06   5.015391858695398E-05   1.459720397347061E-05  -3.858517537676591E-07  -3.997508794849655E-06  -8.687602398885164E-07   0.000000000000000E+00   0.000000000000000E+00   0.000000000000000E+00   0.000000000000000E+00   0.000000000000000E+00  -6.435126961958763E-06  -2.477474197352294E-05   8.414811509916300E-06  -3.564867959909011E-05   0.000000000000000E+00  -3.479658933898743E-04   6.078987300307820E-06   0.000000000000000E+00   0.000000000000000E+00   0.000000000000000E+00   0.000000000000000E+00   0.000000000000000E+00   0.000000000000000E+00   0.000000000000000E+00   0.000000000000000E+00   2.259422262694533E-06   0.000000000000000E+00   0.000000000000000E+00   0.000000000000000E+00   0.000000000000000E+00   0.000000000000000E+00   0.000000000000000E+00   0.000000000000000E+00   0.000000000000000E+00   0.000000000000000E+00   0.000000000000000E+00   0.000000000000000E+00   0.000000000000000E+00   0.000000000000000E+00   0.000000000000000E+00   0.000000000000000E+00   0.000000000000000E+00
  -9.689383513426742E-06   3.242295414280589E-06  -2.036964423946156E-05   4.490423796641582E-06   0.000000000000000E+00   0.000000000000000E+00   0.000000000000000E+00   0.000000000000000E+00  -5.224579549253981E-06   9.413252289590103E-06  -2.276137220160839E-05  -9.660194630573969E-08  -8.678604353051432E-07  -1.424878304133608E-05   3.238742844266713E-05  -1.100731979003416E-05   0.000000000000000E+00   0.000000000000000E+00   0.000000000000000E+00   0.000000000000000E+00   0.000000000000000E+00   0.000000000000000E+00   0.000000000000000E+00   0.000000000000000E+00   0.000000000000000E+00  -2.326154507668384E-05  -2.918040021356647E-06  -1.199777466864857E-05  -2.466409542133937E-06   3.894514682270086E-04  -1.217553561673803E-04   7.308627754767880E-04  -1.135711324478041E-04   1.693832412830012E-06   0.000000000000000E+00   0.000000000000000E+00   0.000000000000000E+00   0.000000000000000E+00   0.000000000000000E+00   0.000000000000000E+00   0.000000000000000E+00   0.000000000000000E+00   0.000000000000000E+00   2.477853446275005E-05   1.310220504759867E-04  -9.518433582138868E-05   2.466016466696736E-04   4.968861745656673E-05   1.405086051674214E-02   3.927551287709987E-03   2.329843594835031E-02  -7.265067365323739E-03   0.000000000000000E+00   0.000000000000000E+00   0.000000000000000E+00   0.000000000000000E+00   0.000000000000000E+00   0.000000000000000E+00   0.000000000000000E+00   0.000000000000000E+00   0.000000000000000E+00   7.008649641718644E-04  -5.335466259715360E-04   1.022935760975009E-03   6.665198033207934E-04   1.608938362713133E-01   6.159535124987871E-02   2.063017856987019E-01   3.599488403895795E-02  -2.976271284606171E-03   0.000000000000000E+00   0.000000000000000E+00   0.000000000000000E+00   0.000000000000000E+00   0.000000000000000E+00   0.000000000000000E+00  -4.468645277038958E-05   2.926955719599396E-02  -1.534518881440796E-02   3.063638306327013E-02   3.174290337728906E-02   0.000000000000000E+00   1.000000000000000E+00   0.000000000000000E+00   0.000000000000000E+00   0.000000000000000E+00   1.290725412511694E-02  -6.994778167493870E-03   2.637818988428050E-03   2.084921876556140E-02  -5.996124627848603E-03   1.889521362475040E-01   6.542609709011862E-03  -5.789361942494962E-03   1.798426925988845E-01   2.058461095512091E-02   3.626103892305258E-03  -1.394938607296373E-02   3.164510841318185E-02  -3.957097681502619E-04   2.159871722478744E-02  -7.722292476458564E-04   1.003091928320892E-05   5.878611626382335E-06   1.570991362584488E-05   1.709038886701582E-05   1.082116920919285E-07   9.747858691326545E-06   9.490268917162393E-06   1.609574211636824E-05   1.156944047125993E-06  -2.418258501003371E-05  -3.389486139356983E-05  -3.156443057137806E-05  -7.319773312463746E-09   1.141074955444721E-08   1.490398623653085E-08   1.257889774881272E-08   1.366137745233462E-05   1.228699865678933E-05   8.774102086500912E-06   2.709420305498464E-05   0.000000000000000E+00  -1.914488783070881E-04  -1.470735180706139E-04  -1.921926119267470E-04  -2.868290242871335E-04   1.010579183885145E-06  -1.487369949103221E-05  -3.115785755622998E-05  -1.582882746978769E-05  -6.625739390699154E-10   1.035959748139851E-09   1.555484871937157E-09   8.778754905987670E-10   0.000000000000000E+00  -1.147670059291701E-06   2.348215768776780E-06   4.075141845835317E-07   3.090483953434089E-06  -7.260360696929329E-06  -4.720554895727155E-05  -1.914859523909512E-05  -6.930155725881377E-05   3.553944829069676E-03   8.581645159362730E-05   5.909419030109245E-06  -1.057023362123686E-06   1.257731678553599E-05   5.105399987476544E-06   0.000000000000000E+00   0.000000000000000E+00   0.000000000000000E+00   0.000000000000000E+00  -3.182592773502736E-06   8.077990535687985E-06  -1.019049946598686E-06   1.064904043130009E-05   0.000000000000000E+00  -3.621404936942457E-05  -7.518679000954133E-05   9.647598294354359E-06  -1.137197809759959E-04   3.858517537676591E-07   6.766972581480532E-07   4.775774971860469E-06   1.037897256299374E-06   0.000000000000000E+00   0.000000000000000E+00   0.000000000000000E+00   0.000000000000000E+00   0.000000000000000E+00   2.477474197352294E-05   1.017590648212038E-05  -5.986272267384476E-06   2.536036627813075E-05   0.000000000000000E+00   4.659440466598827E-04  -1.284958272908917E-06   0.000000000000000E+00   0.000000000000000E+00   0.000000000000000E+00   0.000000000000000E+00   0.000000000000000E+00   0.000000000000000E+00   0.000000000000000E+00   0.000000000000000E+00  -3.326395842456771E-05   0.000000000000000E+00   0.000000000000000E+00   0.000000000000000E+00   0.000000000000000E+00   0.000000000000000E+00   0.000000000000000E+00   0.000000000000000E+00   0.000000000000000E+00   0.000000000000000E+00   0.000000000000000E+00   0.000000000000000E+00   0.000000000000000E+00   0.000000000000000E+00   0.000000000000000E+00   0.000000000000000E+00   0.000000000000000E+00
   2.681694237808421E-05  -2.036964423946156E-05   5.225872058620327E-05  -1.242797707829897E-05   0.000000000000000E+00   0.000000000000000E+00   0.000000000000000E+00   0.000000000000000E+00   1.128966908368132E-05  -2.276137220160839E-05   4.806435755087649E-05   2.087448370437923E-07   2.814003968844911E-06   3.238742844266713E-05  -1.092752382005566E-04   3.569080962264451E-05   0.000000000000000E+00   0.000000000000000E+00   0.000000000000000E+00   0.000000000000000E+00   0.000000000000000E+00   0.000000000000000E+00   0.000000000000000E+00   0.000000000000000E+00   0.000000000000000E+00   4.294138146702325E-05  -1.199777466864857E-05   1.273089556133474E-05   4.553052372640511E-06  -9.627726213860213E-04   7.308627754767880E-04  -1.632897786478474E-03   2.807620097013371E-04  -7.572208066668837E-06   0.000000000000000E+00   0.000000000000000E+00   0.000000000000000E+00   0.000000000000000E+00   0.000000000000000E+00   0.000000000000000E+00   0.000000000000000E+00   0.000000000000000E+00   0.000000000000000E+00  -4.074153747235241E-05  -2.329522994713554E-04   2.466016466696736E-04  -3.949338189525471E-04  -8.834450118899029E-05  -4.248526289572416E-02   2.329843594835031E-02  -5.881405974300133E-02   2.196721664151081E-02   0.000000000000000E+00   0.000000000000000E+00   0.000000000000000E+00   0.000000000000000E+00   0.000000000000000E+00   0.000000000000000E+00   0.000000000000000E+00   0.000000000000000E+00   0.000000000000000E+00  -9.486602921897621E-04   1.022935760975009E-03  -1.162408653533118E-03  -9.021721782250701E-04  -3.001727384780453E-01   2.063017856987019E-01  -2.127144382716354E-01  -6.715411331826218E-02   1.833616299295903E-02   0.000000000000000E+00   0.000000000000000E+00   0.000000000000000E+00   0.000000000000000E+00   0.000000000000000E+00   0.000000000000000E+00   5.425321188475607E-05  -3.093139257519853E-02   3.063638306327013E-02  -1.873061391135112E-02  -3.354516774083300E-02   0.000000000000000E+00   0.000000000000000E+00   1.000000000000000E+00   0.000000000000000E+00   0.000000000000000E+00  -2.702757988664505E-03   2.637818988428050E-03   5.049999155972239E-03  -4.365792447394341E-03   2.716805207766329E-01   6.542609709011862E-03  -1.073448707173609E-01   2.623122375069425E-01  -1.104708615820195E-01   2.312621943924518E-02  -1.394938607296373E-02   3.706953609605244E-04   3.555237079474104E-02   9.722719877674224E-05  -7.490879273922114E-02  -1.640746365362572E-03   1.660079179260441E-05   1.570991362584488E-05   2.238531212510309E-05   2.828394678749854E-05   1.147775265787936E-07   9.490268917162393E-06   1.086657833938492E-05   1.707236466644868E-05   1.965650230919508E-06  -3.389486139356983E-05  -6.182015605105228E-05  -5.362803015029069E-05  -1.730241385454681E-08   1.490398623653085E-08   4.033553692969578E-08   2.973388456079496E-08   7.429923325338034E-06   8.774102086500912E-06   9.259968784992209E-07   1.473554566236463E-05   0.000000000000000E+00  -1.773238220357698E-04  -1.921926119267470E-04  -1.175841321274628E-04  -2.656668417550195E-04   2.984817816436734E-06  -3.115785755622998E-05  -9.635144361121954E-05  -4.675157275997794E-05  -2.396775686475363E-09   1.555484871937157E-09   6.232721206672740E-09   3.175601253760953E-09   0.000000000000000E+00  -2.526528130648757E-07   4.075141845835317E-07   5.868030557301547E-07   6.803518644102934E-07  -3.043097365483280E-06  -1.914859523909512E-05  -9.545871029785517E-06  -2.904695718593961E-05   2.974315697484593E-03   2.763327397560127E-04   2.563478192667205E-05   1.257731678553599E-05   5.060341876131503E-05   2.214698511995280E-05   0.000000000000000E+00   0.000000000000000E+00   0.000000000000000E+00   0.000000000000000E+00   4.870768783365642E-07  -1.019049946598686E-06   1.575409820623842E-06  -1.629772245366110E-06   0.000000000000000E+00   4.254887366665077E-06   9.647598294354359E-06   5.791990428764806E-06   1.336124702539370E-05   3.997508794849655E-06   4.775774971860469E-06   4.969380101830012E-05   1.075284320906676E-05   0.000000000000000E+00   0.000000000000000E+00   0.000000000000000E+00   0.000000000000000E+00   0.000000000000000E+00  -8.414811509916300E-06  -5.986272267384476E-06  -5.415518025021743E-06  -8.613720469055694E-06   0.000000000000000E+00  -1.450816791698224E-04  -6.254780469924823E-05   0.000000000000000E+00   0.000000000000000E+00   0.000000000000000E+00   0.000000000000000E+00   0.000000000000000E+00   0.000000000000000E+00   0.000000000000000E+00   0.000000000000000E+00   2.080859383046067E-05   0.000000000000000E+00   0.000000000000000E+00   0.000000000000000E+00   0.000000000000000E+00   0.000000000000000E+00   0.000000000000000E+00   0.000000000000000E+00   0.000000000000000E+00   0.000000000000000E+00   0.000000000000000E+00   0.000000000000000E+00   0.000000000000000E+00   0.000000000000000E+00   0.000000000000000E+00   0.000000000000000E+00   0.000000000000000E+00
  -5.911710326998748E-06   4.490423796641582E-06  -1.242797707829897E-05  -1.377869438367858E-06   0.000000000000000E+00   0.000000000000000E+00   0.000000000000000E+00   0.000000000000000E+00   4.791468620482764E-08  -9.660194630573969E-08   2.087448370437923E-07  -1.119261718813749E-06  -9.563785414557745E-07  -1.100731979003416E-05   3.569080962264451E-05  -1.639027138688620E-05   0.000000000000000E+00   0.000000000000000E+00   0.000000000000000E+00   0.000000000000000E+00   0.000000000000000E+00   0.000000000000000E+00   0.000000000000000E+00   0.000000000000000E+00   0.000000000000000E+00   8.827556436731229E-06  -2.466409542133937E-06   4.553052372640511E-06  -8.481308862142441E-06   1.496083540842806E-04  -1.135711324478041E-04   2.807620097013371E-04   1.302576668782841E-04   4.367536896137690E-06   0.000000000000000E+00   0.000000000000000E+00   0.000000000000000E+00   0.000000000000000E+00   0.000000000000000E+00   0.000000000000000E+00   0.000000000000000E+00   0.000000000000000E+00   0.000000000000000E+00  -1.552936003189881E-05  -4.693836334987953E-05   4.968861745656673E-05  -8.834450118899029E-05   2.571383588395573E-05   1.324802650509166E-02  -7.265067365323739E-03   2.196721664151081E-02   4.782925668889877E-03   0.000000000000000E+00   0.000000000000000E+00   0.000000000000000E+00   0.000000000000000E+00   0.000000000000000E+00   0.000000000000000E+00   0.000000000000000E+00   0.000000000000000E+00   0.000000000000000E+00  -6.181237331715634E-04   6.665198033207934E-04  -9.021721782250701E-04  -3.656405778221056E-04  -5.237319142236430E-02   3.599488403895795E-02  -6.715411331826218E-02   1.604571288034739E-01  -1.465080776962666E-02   0.000000000000000E+00   0.000000000000000E+00   0.000000000000000E+00   0.000000000000000E+00   0.000000000000000E+00   0.000000000000000E+00   4.896372299968760E-05  -3.204856799876819E-02   3.174290337728906E-02  -3.354516774083300E-02  -2.111153840858756E-02   0.000000000000000E+00   0.000000000000000E+00   0.000000000000000E+00   1.000000000000000E+00   0.000000000000000E+00  -2.136249409957267E-02   2.084921876556140E-02  -4.365792447394341E-03  -2.890469967214972E-02  -2.404020623964440E-01  -5.789361942494962E-03   2.623122375069425E-01  -4.301581053474719E-02  -4.265801754094204E-01  -5.246336415911242E-02   3.164510841318185E-02   3.555237079474104E-02  -6.461048334994822E-02   6.866091553216635E-04   2.933544769658448E-02   2.738325832553727E-03   1.805955105757087E-05   1.709038886701582E-05   2.828394678749854E-05   2.715533806233267E-05   1.946656606564579E-07   1.609574211636824E-05   1.707236466644868E-05   2.975565252762374E-05   1.830502550845142E-06  -3.156443057137806E-05  -5.362803015029069E-05  -5.417357066055767E-05  -1.460315993519364E-08   1.257889774881272E-08   2.973388456079496E-08   3.020089489286501E-08   2.294341338578571E-05   2.709420305498464E-05   1.473554566236463E-05   4.165707229450339E-05   0.000000000000000E+00  -2.646387826643969E-04  -2.868290242871335E-04  -2.656668417550195E-04  -3.360537083199442E-04   1.516348361239577E-06  -1.582882746978769E-05  -4.675157275997794E-05  -2.807523837966745E-05  -1.352678299596322E-09   8.778754905987670E-10   3.175601253760953E-09   2.398182831340260E-09   0.000000000000000E+00  -1.916054689887561E-06   3.090483953434089E-06   6.803518644102934E-07   5.656706745203218E-06  -1.101341292585339E-05  -6.930155725881377E-05  -2.904695718593961E-05  -1.066451276919720E-04   3.979526641562701E-03   8.590626274437788E-05   1.040570238939227E-05   5.105399987476544E-06   2.214698511995280E-05   5.033541452001813E-06   0.000000000000000E+00   0.000000000000000E+00   0.000000000000000E+00   0.000000000000000E+00  -5.089938317420051E-06   1.064904043130009E-05  -1.629772245366110E-06   1.845051986150485E-05   0.000000000000000E+00  -5.015391858695398E-05  -1.137197809759959E-04   1.336124702539370E-05  -1.505684081262727E-04   8.687602398885164E-07   1.037897256299374E-06   1.075284320906676E-05   2.552590941474492E-06   0.000000000000000E+00   0.000000000000000E+00   0.000000000000000E+00   0.000000000000000E+00   0.000000000000000E+00   3.564867959909011E-05   2.536036627813075E-05  -8.613720469055694E-06   2.904256917120099E-05   0.000000000000000E+00   5.380624167434261E-04  -6.201806636107848E-06   0.000000000000000E+00   0.000000000000000E+00   0.000000000000000E+00   0.000000000000000E+00   0.000000000000000E+00   0.000000000000000E+00   0.000000000000000E+00   0.000000000000000E+00  -4.461357498116639E-05   0.000000000000000E+00   0.000000000000000E+00   0.000000000000000E+00   0.000000000000000E+00   0.000000000000000E+00   0.000000000000000E+00   0.000000000000000E+00   0.000000000000000E+00   0.000000000000000E+00   0.000000000000000E+00   0.000000000000000E+00   0.000000000000000E+00   0.000000000000000E+00   0.000000000000000E+00   0.000000000000000E+00   0.000000000000000E+00
   3.084084414744982E-06   2.187462911656176E-05  -5.599143812815979E-05   3.042736503734522E-06   6.201104367161529E-05   1.896514278398482E-05  -4.014100612831257E-05  -5.450095133459428E-06   1.660904453834437E-05   1.850295567957786E-05  -6.535924489759192E-05   1.890026273069894E-05   0.000000000000000E+00   0.000000000000000E+00   0.000000000000000E+00   0.000000000000000E+00  -3.533514898308465E-04  -3.004336625782988E-04   6.675759613937008E-04   7.296125604552453E-05  -5.087359702211335E-05   3.708436278391033E-05  -1.503642384673456E-05   7.185131112404043E-05  -2.964112925401786E-05   0.000000000000000E+00   0.000000000000000E+00   0.000000000000000E+00   0.000000000000000E+00   0.000000000000000E+00   0.000000000000000E+00   0.000000000000000E+00   0.000000000000000E+00   0.000000000000000E+00  -2.027266601978127E-03  -1.908001554341884E-03   2.898339641978758E-03   1.657095190766096E-03  -1.175216771990403E-03  -5.752698530148965E-04   2.099565593779125E-03  -5.431707847325946E-04  -9.284129306334471E-05   0.000000000000000E+00   0.000000000000000E+00   0.000000000000000E+00   0.000000000000000E+00   0.000000000000000E+00   0.000000000000000E+00   0.000000000000000E+00   0.000000000000000E+00   0.000000000000000E+00  -7.861365676811956E-02  -6.330587394431665E-02   7.535228503377513E-02   6.775380112262984E-02   1.074418854404108E-04  -4.828159170884095E-02  -9.119853655008624E-03   6.807500500522173E-02  -3.579385574591469E-02   0.000000000000000E+00   0.000000000000000E+00   0.000000000000000E+00   0.000000000000000E+00   0.000000000000000E+00   0.000000000000000E+00   0.000000000000000E+00   0.000000000000000E+00   0.000000000000000E+00  -4.531168128036818E-01  -1.764115948070674E-01   4.449655694434860E-01  -1.725593933999166E-02   3.652239319790718E-02   1.207635869638733E-02   0.000000000000000E+00   0.000000000000000E+00   0.000000000000000E+00   0.000000000000000E+00   0.000000000000000E+00   0.000000000000000E+00   0.000000000000000E+00   0.000000000000000E+00   0.000000000000000E+00   1.000000000000000E+00   0.000000000000000E+00   0.000000000000000E+00   0.000000000000000E+00   0.000000000000000E+00   0.000000000000000E+00   0.000000000000000E+00   0.000000000000000E+00   0.000000000000000E+00   0.000000000000000E+00   0.000000000000000E+00   0.000000000000000E+00   0.000000000000000E+00   0.000000000000000E+00   0.000000000000000E+00   0.000000000000000E+00   0.000000000000000E+00   0.000000000000000E+00   0.000000000000000E+00   0.000000000000000E+00   0.000000000000000E+00   0.000000000000000E+00   0.000000000000000E+00   0.000000000000000E+00   0.000000000000000E+00   0.000000000000000E+00   0.000000000000000E+00   0.000000000000000E+00   0.000000000000000E+00   0.000000000000000E+00   0.000000000000000E+00   0.000000000000000E+00   0.000000000000000E+00   0.000000000000000E+00   0.000000000000000E+00   0.000000000000000E+00   0.000000000000000E+00   0.000000000000000E+00   0.000000000000000E+00   0.000000000000000E+00   0.000000000000000E+00   0.000000000000000E+00   0.000000000000000E+00   0.000000000000000E+00   0.000000000000000E+00   0.000000000000000E+00   0.000000000000000E+00   0.000000000000000E+00   0.000000000000000E+00   0.000000000000000E+00   0.000000000000000E+00   0.000000000000000E+00   0.000000000000000E+00   0.000000000000000E+00   0.000000000000000E+00   0.000000000000000E+00   0.000000000000000E+00   0.000000000000000E+00   0.000000000000000E+00   0.000000000000000E+00   0.000000000000000E+00   0.000000000000000E+00   0.000000000000000E+00   0.000000000000000E+00   0.000000000000000E+00   0.000000000000000E+00   0.000000000000000E+00   0.000000000000000E+00   0.000000000000000E+00   0.000000000000000E+00   0.000000000000000E+00   0.000000000000000E+00   0.000000000000000E+00   0.000000000000000E+00   0.000000000000000E+00   0.000000000000000E+00   0.000000000000000E+00   0.000000000000000E+00   0.000000000000000E+00   0.000000000000000E+00   0.000000000000000E+00   0.000000000000000E+00   0.000000000000000E+00   0.000000000000000E+00   0.000000000000000E+00   0.000000000000000E+00   0.000000000000000E+00   0.000000000000000E+00   0.000000000000000E+00   0.000000000000000E+00   0.000000000000000E+00   0.000000000000000E+00   0.000000000000000E+00   0.000000000000000E+00  -8.458337124569439E-07   1.098182392080100E-06  -8.060189281074357E-07   7.113190550010928E-07   0.000000000000000E+00   0.000000000000000E+00   0.000000000000000E+00   0.000000000000000E+00   0.000000000000000E+00   5.578586808839070E-05   4.908353600561459E-05  -3.136409726000960E-05   2.697725203268210E-05   2.783874152120532E-05   5.950390950508115E-05  -8.783895489297142E-06   4.556175788506750E-05   0.000000000000000E+00   5.393526400980118E-05  -2.498122146736765E-05   7.674174948806615E-06  -1.493492263530217E-05  -9.311181446965078E-05  -3.831005498899721E-05   2.634705911560952E-04
   1.267895987503964E-05   1.048724279184644E-06  -8.720359740517843E-06   5.791225016133011E-06   0.000000000000000E+00   0.000000000000000E+00   0.000000000000000E+00   0.000000000000000E+00   4.571255860438052E-06   6.183297647046567E-06  -2.630127415852729E-05   1.085702727167975E-05  -1.284570787697229E-05  -2.076923613455942E-07  -3.590181946073314E-05   3.301824762757243E-05   0.000000000000000E+00   0.000000000000000E+00   0.000000000000000E+00   0.000000000000000E+00   0.000000000000000E+00   0.000000000000000E+00   0.000000000000000E+00   0.000000000000000E+00   0.000000000000000E+00  -2.323703828975588E-05  -5.595777387540562E-07   2.088648399880801E-06  -6.104211656959112E-07   6.868298246096641E-05   1.730873626422942E-07   1.670463620721746E-04  -1.508656761709956E-04  -5.490108712620768E-06   0.000000000000000E+00   0.000000000000000E+00   0.000000000000000E+00   0.000000000000000E+00   0.000000000000000E+00   0.000000000000000E+00   0.000000000000000E+00   0.000000000000000E+00   0.000000000000000E+00   6.300376219150988E-05   5.575688654027571E-04  -1.990960526188850E-04   1.051880866736076E-03  -5.056675691418987E-04   6.909301436240637E-04   2.570818444335819E-04   7.746704582529377E-04  -1.190304300250922E-03   0.000000000000000E+00   0.000000000000000E+00   0.000000000000000E+00   0.000000000000000E+00   0.000000000000000E+00   0.000000000000000E+00   0.000000000000000E+00   0.000000000000000E+00   0.000000000000000E+00   2.862344478026303E-02  -1.048629959234381E-02   4.520989128415457E-02  -1.170991744445162E-02   3.303277725848448E-02   1.668295335897137E-02   2.116514636392879E-02  -4.740621309706214E-02   4.018075901940657E-06   0.000000000000000E+00   0.000000000000000E+00   0.000000000000000E+00   0.000000000000000E+00   0.000000000000000E+00   0.000000000000000E+00  -7.415945136317776E-03   2.928230420707987E-01   1.643340278384246E-02   2.746108227019480E-01  -2.109954504563415E-01   1.420147417503781E-02   1.290725412511694E-02  -2.702757988664505E-03  -2.136249409957267E-02   0.000000000000000E+00   1.000000000000000E+00   0.000000000000000E+00   0.000000000000000E+00   0.000000000000000E+00   3.484285219122361E-02   3.395684971297921E-02  -3.145680342650405E-02  -3.366438585261208E-02  -4.016954204488372E-04   3.150626685213063E-01   1.602705247660225E-01  -3.195071538570889E-01  -7.355338491198560E-02  -4.489912541301547E-01  -1.523575667055146E-03  -6.077686892444117E-02  -1.786806865108039E-05  -3.360336909174148E-05  -3.218997462394787E-05  -1.708742754110752E-05  -5.789467137651254E-06  -3.191079585352333E-05  -2.059783107123724E-05  -2.137381060473956E-05   1.928041178319879E-06   5.860501909217122E-05   5.271020613903836E-05   1.323469610322265E-05   1.299967287947385E-05  -5.321620283855853E-06  -7.285891890979804E-06  -3.108157105144174E-06  -2.118515917511680E-05  -3.934000719928748E-05  -1.205718661082311E-05  -2.473011719034425E-05   0.000000000000000E+00   2.698696810391691E-04   5.559614107359908E-04   2.630551269327745E-04   9.479387185303741E-05  -2.058985618068633E-05   7.994566958301426E-06   1.105535531305656E-05  -5.320724572298927E-07   1.582581143822875E-05   5.243032276482784E-07   9.888288692025537E-07   1.934929995757661E-07   0.000000000000000E+00   7.871070615775847E-06  -1.810759315670331E-05  -1.814903328588911E-06  -1.342480836020575E-05   3.758440340470876E-05   1.465547284194100E-04   2.904486648623427E-05   5.889263976988017E-05  -1.109815859074430E-03   1.461746810474790E-05  -2.618608959260081E-06  -1.811611869254073E-05  -3.566930167751392E-05   3.393480421963080E-07   0.000000000000000E+00   0.000000000000000E+00   0.000000000000000E+00   0.000000000000000E+00   7.528122051639652E-06  -1.893817904530032E-05   3.193051875739600E-06  -1.327079678867461E-05   0.000000000000000E+00   3.485855845660939E-05   1.448607985063200E-04  -2.157181750702655E-05   5.006240706003166E-05   1.334963180690729E-05  -2.615957552504245E-06  -7.933933221240990E-06   1.194701854105949E-06   0.000000000000000E+00   0.000000000000000E+00   0.000000000000000E+00   0.000000000000000E+00   0.000000000000000E+00  -2.105538106210397E-05  -4.138932553597119E-05   1.244088452160953E-05  -2.114353989747633E-05   0.000000000000000E+00  -1.703188196917707E-04  -2.630851077352395E-06   0.000000000000000E+00   0.000000000000000E+00   0.000000000000000E+00   0.000000000000000E+00   0.000000000000000E+00   0.000000000000000E+00   0.000000000000000E+00   0.000000000000000E+00   2.134586940129268E-05   0.000000000000000E+00   0.000000000000000E+00   0.000000000000000E+00   0.000000000000000E+00   0.000000000000000E+00   0.000000000000000E+00   0.000000000000000E+00   0.000000000000000E+00   0.000000000000000E+00   0.000000000000000E+00   0.000000000000000E+00   0.000000000000000E+00   0.000000000000000E+00   0.000000000000000E+00   0.000000000000000E+00   0.000000000000000E+00
  -1.048724279184644E-06  -2.249774732475933E-07  -4.810939865923872E-06   3.194963984478401E-06   0.000000000000000E+00   0.000000000000000E+00   0.000000000000000E+00   0.000000000000000E+00  -6.183297647046567E-06  -1.119564114422171E-06  -1.275070215664167E-05   5.263422608856449E-06   2.076923613455942E-07  -8.886171736329907E-06   1.268323707162922E-07  -1.166454148119958E-07   0.000000000000000E+00   0.000000000000000E+00   0.000000000000000E+00   0.000000000000000E+00   0.000000000000000E+00   0.000000000000000E+00   0.000000000000000E+00   0.000000000000000E+00   0.000000000000000E+00   5.595777387540562E-07  -1.193433035180316E-05   3.187312793465796E-05  -9.315130258093789E-06  -1.730873626422942E-07   3.560356168264874E-05  -2.922052099332370E-07   2.639012070087378E-07  -3.746475798808245E-06   0.000000000000000E+00   0.000000000000000E+00   0.000000000000000E+00   0.000000000000000E+00   0.000000000000000E+00   0.000000000000000E+00   0.000000000000000E+00   0.000000000000000E+00   0.000000000000000E+00   7.805884663203078E-06   1.990960526188850E-04   1.283022946777269E-04   3.620733912290151E-04  -1.740584674401895E-04  -2.570818444335819E-04   1.476341006511010E-04  -2.828636063971731E-04   4.346283810000476E-04   0.000000000000000E+00   0.000000000000000E+00   0.000000000000000E+00   0.000000000000000E+00   0.000000000000000E+00   0.000000000000000E+00   0.000000000000000E+00   0.000000000000000E+00   0.000000000000000E+00   1.048629959234381E-02   7.814185127085161E-03   1.800716335577717E-02  -4.664076606147678E-03  -1.668295335897137E-02   4.838332056919267E-03  -1.165790599195202E-02   2.611166330802581E-02   3.546704655291297E-05   0.000000000000000E+00   0.000000000000000E+00   0.000000000000000E+00   0.000000000000000E+00   0.000000000000000E+00   0.000000000000000E+00  -4.859055203341148E-03  -1.643340278384246E-02   1.729208094511935E-01  -1.913680460146325E-02   1.470364010949116E-02  -1.290725412511694E-02  -6.994778167493870E-03   2.637818988428050E-03   2.084921876556140E-02   0.000000000000000E+00   0.000000000000000E+00   1.000000000000000E+00   0.000000000000000E+00   0.000000000000000E+00  -3.395684971297921E-02  -2.126358485573838E-02   3.347619386278297E-02   3.582549351228897E-02   3.916222886308640E-04  -1.602705247660225E-01   8.872107884870667E-02   2.042263831629151E-01   4.701472749083882E-02  -2.127186093369416E-01   1.693671195783420E-03   2.824772555105491E-02   3.360336909174148E-05   2.378381754570452E-07   9.488050831096718E-06   5.036548893769412E-06   3.191079585352333E-05   2.344308386675996E-05   1.983265105402909E-05   2.057980405571139E-05  -5.860501909217122E-05  -1.348106027908182E-04  -1.303476798805380E-04  -3.272823343601786E-05   5.321620283855853E-06   1.721051201663423E-05   2.444523736653191E-05   1.042832357995698E-05   3.934000719928748E-05  -7.274741481108768E-06   8.078514790178421E-07   1.656958824090085E-06   0.000000000000000E+00  -5.559614107359908E-04  -9.153532683058930E-04  -4.814550140215328E-04  -1.734958958386805E-04  -7.994566958301426E-06  -5.602984160469575E-05  -7.540643811727349E-05   3.629163214015127E-06  -5.243032276482784E-07   1.086647118627720E-05   1.859833449984094E-05   3.639302655463352E-06   0.000000000000000E+00   1.810759315670331E-05   3.897276160390190E-05   4.195986731340265E-06   3.103764088305797E-05  -1.465547284194100E-04  -3.095752464909904E-04  -6.619035221658275E-05  -1.342104488991265E-04   1.975058228687432E-03   7.344832014196808E-05   1.811611869254073E-05   6.302452971589722E-06   2.503466255722836E-05  -2.381729758167999E-07   0.000000000000000E+00   0.000000000000000E+00   0.000000000000000E+00   0.000000000000000E+00   1.893817904530032E-05   4.010300519822428E-05  -7.271537963981664E-06   3.022158938109376E-05   0.000000000000000E+00  -1.448607985063200E-04  -3.193817734598935E-04   5.104323396616042E-05  -1.184576661489932E-04   2.615957552504245E-06   4.958612634262541E-06   1.645291606982067E-05  -2.477501232483244E-06   0.000000000000000E+00   0.000000000000000E+00   0.000000000000000E+00   0.000000000000000E+00   0.000000000000000E+00   4.138932553597119E-05  -6.407151673455674E-06  -1.052029807128429E-06   1.787946360382784E-06   0.000000000000000E+00   4.123114322115559E-04  -1.347931259307624E-05   0.000000000000000E+00   0.000000000000000E+00   0.000000000000000E+00   0.000000000000000E+00   0.000000000000000E+00   0.000000000000000E+00   0.000000000000000E+00   0.000000000000000E+00  -6.015329748305299E-05   0.000000000000000E+00   0.000000000000000E+00   0.000000000000000E+00   0.000000000000000E+00   0.000000000000000E+00   0.000000000000000E+00   0.000000000000000E+00   0.000000000000000E+00   0.000000000000000E+00   0.000000000000000E+00   0.000000000000000E+00   0.000000000000000E+00   0.000000000000000E+00   0.000000000000000E+00   0.000000000000000E+00   0.000000000000000E+00
   8.720359740517843E-06  -4.810939865923872E-06   3.920041337874727E-05  -2.656678772070701E-05   0.000000000000000E+00   0.000000000000000E+00   0.000000000000000E+00   0.000000000000000E+00   2.630127415852729E-05  -1.275070215664167E-05   5.011919497988949E-05  -2.238849380214574E-05   3.590181946073314E-05   1.268323707162922E-07   1.303741012461919E-05  -2.016339260804228E-05   0.000000000000000E+00   0.000000000000000E+00   0.000000000000000E+00   0.000000000000000E+00   0.000000000000000E+00   0.000000000000000E+00   0.000000000000000E+00   0.000000000000000E+00   0.000000000000000E+00  -2.088648399880801E-06   3.187312793465796E-05  -1.223629243374707E-04   3.476913136603542E-05  -1.670463620721746E-04  -2.922052099332370E-07  -2.464029588781921E-04   2.546906712558203E-04  -3.259158490145247E-05   0.000000000000000E+00   0.000000000000000E+00   0.000000000000000E+00   0.000000000000000E+00   0.000000000000000E+00   0.000000000000000E+00   0.000000000000000E+00   0.000000000000000E+00   0.000000000000000E+00  -2.223491528014693E-05  -1.051880866736076E-03   3.620733912290151E-04  -1.716102148055539E-03   9.196002089715618E-04  -7.746704582529377E-04  -2.828636063971731E-04  -6.108541070853827E-04   1.309675398590917E-03   0.000000000000000E+00   0.000000000000000E+00   0.000000000000000E+00   0.000000000000000E+00   0.000000000000000E+00   0.000000000000000E+00   0.000000000000000E+00   0.000000000000000E+00   0.000000000000000E+00  -4.520989128415457E-02   1.800716335577717E-02  -6.564391900146849E-02   2.010837039777679E-02  -2.116514636392879E-02  -1.165790599195202E-02  -7.626085834949673E-04   3.312705873044956E-02   5.878601733713780E-05   0.000000000000000E+00   0.000000000000000E+00   0.000000000000000E+00   0.000000000000000E+00   0.000000000000000E+00   0.000000000000000E+00   1.260913805654039E-02  -2.746108227019480E-01  -1.913680460146325E-02  -1.457200880571320E-01   2.457055766411765E-01   2.702757988664505E-03   2.637818988428050E-03   5.049999155972239E-03  -4.365792447394341E-03   0.000000000000000E+00   0.000000000000000E+00   0.000000000000000E+00   1.000000000000000E+00   0.000000000000000E+00   3.145680342650405E-02   3.347619386278297E-02  -1.613838805517751E-02  -3.318786979944191E-02  -1.172365091278685E-04   3.195071538570889E-01   2.042263831629151E-01  -2.159706147103740E-01  -9.372616575564571E-02   7.516887048797651E-02  -1.928017570772489E-03  -8.858842055802926E-02   3.218997462394787E-05   9.488050831096718E-06  -5.778400928218506E-07   4.824706137056807E-06   2.059783107123724E-05   1.983265105402909E-05   5.519339548668079E-06   1.328388453125661E-05  -5.271020613903836E-05  -1.303476798805380E-04  -1.071221698217774E-04  -2.943624893741429E-05   7.285891890979804E-06   2.444523736653191E-05   3.282395164311449E-05   1.427753844787098E-05   1.205718661082311E-05   8.078514790178421E-07  -9.662991456005074E-06   5.078357420551261E-07   0.000000000000000E+00  -2.630551269327745E-04  -4.814550140215328E-04  -1.256105048542477E-04  -8.209020270263340E-05  -1.105535531305656E-05  -7.540643811727349E-05  -1.057768863076408E-04   5.018619398559149E-06  -9.888288692025537E-07   1.859833449984094E-05   3.608135209880754E-05   6.863676093754246E-06   0.000000000000000E+00   1.814903328588911E-06   4.195986731340265E-06  -2.470738778164889E-06   3.110867207073076E-06  -2.904486648623427E-05  -6.619035221658275E-05   1.129045652923550E-05  -2.659842238714437E-05   7.525116578373117E-04   1.001860150615292E-04   3.566930167751392E-05   2.503466255722836E-05   4.287897651026859E-05  -4.689450245950669E-07   0.000000000000000E+00   0.000000000000000E+00   0.000000000000000E+00   0.000000000000000E+00  -3.193051875739600E-06  -7.271537963981664E-06  -1.798905386733569E-06  -5.095479477214074E-06   0.000000000000000E+00   2.157181750702655E-05   5.104323396616042E-05   1.578678583191866E-05   1.764001843716795E-05   7.933933221240990E-06   1.645291606982067E-05   4.943381758510563E-05  -7.514009283234503E-06   0.000000000000000E+00   0.000000000000000E+00   0.000000000000000E+00   0.000000000000000E+00   0.000000000000000E+00  -1.244088452160953E-05  -1.052029807128429E-06  -9.590907049796524E-06  -5.374244183085920E-07   0.000000000000000E+00  -1.130735967353292E-04  -5.049889187222225E-05   0.000000000000000E+00   0.000000000000000E+00   0.000000000000000E+00   0.000000000000000E+00   0.000000000000000E+00   0.000000000000000E+00   0.000000000000000E+00   0.000000000000000E+00   3.033657429742250E-05   0.000000000000000E+00   0.000000000000000E+00   0.000000000000000E+00   0.000000000000000E+00   0.000000000000000E+00   0.000000000000000E+00   0.000000000000000E+00   0.000000000000000E+00   0.000000000000000E+00   0.000000000000000E+00   0.000000000000000E+00   0.000000000000000E+00   0.000000000000000E+00   0.000000000000000E+00   0.000000000000000E+00   0.000000000000000E+00
  -5.791225016133011E-06   3.194963984478401E-06  -2.656678772070701E-05   1.683955892562869E-05   0.000000000000000E+00   0.000000000000000E+00   0.000000000000000E+00   0.000000000000000E+00  -1.085702727167975E-05   5.263422608856449E-06  -2.238849380214574E-05   5.124661931376783E-06  -3.301824762757243E-05  -1.166454148119958E-07  -2.016339260804228E-05   9.656998443606689E-06   0.000000000000000E+00   0.000000000000000E+00   0.000000000000000E+00   0.000000000000000E+00   0.000000000000000E+00   0.000000000000000E+00   0.000000000000000E+00   0.000000000000000E+00   0.000000000000000E+00   6.104211656959112E-07  -9.315130258093789E-06   3.476913136603542E-05  -1.355658560653553E-05   1.508656761709956E-04   2.639012070087378E-07   2.546906712558203E-04  -1.944165912843661E-04   3.936147301501407E-05   0.000000000000000E+00   0.000000000000000E+00   0.000000000000000E+00   0.000000000000000E+00   0.000000000000000E+00   0.000000000000000E+00   0.000000000000000E+00   0.000000000000000E+00   0.000000000000000E+00   1.845074609966702E-06   5.056675691418987E-04  -1.740584674401895E-04   9.196002089715618E-04  -2.452424970630181E-04   1.190304300250922E-03   4.346283810000476E-04   1.309675398590917E-03  -1.770850263102229E-03   0.000000000000000E+00   0.000000000000000E+00   0.000000000000000E+00   0.000000000000000E+00   0.000000000000000E+00   0.000000000000000E+00   0.000000000000000E+00   0.000000000000000E+00   0.000000000000000E+00   1.170991744445162E-02  -4.664076606147678E-03   2.010837039777679E-02   6.782577967264069E-03   4.740621309706214E-02   2.611166330802581E-02   3.312705873044956E-02  -6.017138154811191E-02  -1.318806163334553E-04   0.000000000000000E+00   0.000000000000000E+00   0.000000000000000E+00   0.000000000000000E+00   0.000000000000000E+00   0.000000000000000E+00   1.588461373400246E-03   2.109954504563415E-01   1.470364010949116E-02   2.457055766411765E-01  -1.472028749477597E-02   2.136249409957267E-02   2.084921876556140E-02  -4.365792447394341E-03  -2.890469967214972E-02   0.000000000000000E+00   0.000000000000000E+00   0.000000000000000E+00   0.000000000000000E+00   1.000000000000000E+00   3.366438585261208E-02   3.582549351228897E-02  -3.318786979944191E-02  -2.064378795069151E-02  -7.105484022488270E-04   7.355338491198560E-02   4.701472749083882E-02  -9.372616575564571E-02   1.695881033973789E-01   4.195993533678880E-01  -1.348331618574777E-03   2.022443818101091E-02   1.708742754110752E-05   5.036548893769412E-06   4.824706137056807E-06  -7.105710872841684E-06   2.137381060473956E-05   2.057980405571139E-05   1.328388453125661E-05   6.502055185334893E-06  -1.323469610322265E-05  -3.272823343601786E-05  -2.943624893741429E-05   2.723453513024507E-06   3.108157105144174E-06   1.042832357995698E-05   1.427753844787098E-05   5.446483710257387E-06   2.473011719034425E-05   1.656958824090085E-06   5.078357420551261E-07  -8.868981182831027E-06   0.000000000000000E+00  -9.479387185303741E-05  -1.734958958386805E-04  -8.209020270263340E-05   7.260983918511081E-05   5.320724572298927E-07   3.629163214015127E-06   5.018619398559149E-06  -1.741984501500695E-06  -1.934929995757661E-07   3.639302655463352E-06   6.863676093754246E-06   2.348219146928071E-06   0.000000000000000E+00   1.342480836020575E-05   3.103764088305797E-05   3.110867207073076E-06   2.011973290863050E-05  -5.889263976988017E-05  -1.342104488991265E-04  -2.659842238714437E-05  -2.952376858702831E-05  -1.763822584737915E-04  -3.205607063966547E-05  -3.393480421963080E-07  -2.381729758167999E-07  -4.689450245950669E-07  -6.407966392304571E-06   0.000000000000000E+00   0.000000000000000E+00   0.000000000000000E+00   0.000000000000000E+00   1.327079678867461E-05   3.022158938109376E-05  -5.095479477214074E-06   1.815265238806867E-05   0.000000000000000E+00  -5.006240706003166E-05  -1.184576661489932E-04   1.764001843716795E-05  -1.754991135489872E-05  -1.194701854105949E-06  -2.477501232483244E-06  -7.514009283234503E-06   6.652655287031898E-07   0.000000000000000E+00   0.000000000000000E+00   0.000000000000000E+00   0.000000000000000E+00   0.000000000000000E+00   2.114353989747633E-05   1.787946360382784E-06  -5.374244183085920E-07  -8.993764343519635E-06   0.000000000000000E+00   5.430710953736158E-05   1.523972623389756E-05   0.000000000000000E+00   0.000000000000000E+00   0.000000000000000E+00   0.000000000000000E+00   0.000000000000000E+00   0.000000000000000E+00   0.000000000000000E+00   0.000000000000000E+00  -2.817010265570990E-05   0.000000000000000E+00   0.000000000000000E+00   0.000000000000000E+00   0.000000000000000E+00   0.000000000000000E+00   0.000000000000000E+00   0.000000000000000E+00   0.000000000000000E+00   0.000000000000000E+00   0.000000000000000E+00   0.000000000000000E+00   0.000000000000000E+00   0.000000000000000E+00   0.000000000000000E+00   0.000000000000000E+00   0.000000000000000E+00
   0.000000000000000E+00   0.000000000000000E+00   0.000000000000000E+00   0.000000000000000E+00   0.000000000000000E+00   0.000000000000000E+00   0.000000000000000E+00   0.000000000000000E+00   0.000000000000000E+00   0.000000000000000E+00   0.000000000000000E+00   0.000000000000000E+00   4.884628403897211E-06   6.482988898482656E-06  -2.543115224752164E-05   1.123205030070763E-05   0.000000000000000E+00   0.000000000000000E+00   0.000000000000000E+00   0.000000000000000E+00   0.000000000000000E+00   0.000000000000000E+00   0.000000000000000E+00   0.000000000000000E+00   0.000000000000000E+00   1.155014062577129E-05   5.647791303779372E-06  -1.253110021169199E-05  -1.830142100170237E-07  -2.443737247734761E-05   1.138456653119728E-06  -3.591490708695676E-06   1.157671918662371E-06  -1.148147275063661E-05   0.000000000000000E+00   0.000000000000000E+00   0.000000000000000E+00   0.000000000000000E+00   0.000000000000000E+00   0.000000000000000E+00   0.000000000000000E+00   0.000000000000000E+00   0.000000000000000E+00   0.000000000000000E+00  -2.676411052717080E-05   9.841068918665555E-06  -2.222530818582531E-05   8.681482870515806E-07   5.324223305393610E-04  -2.337536819687018E-04   9.971255775320868E-04  -4.891985076170703E-04   0.000000000000000E+00   0.000000000000000E+00   0.000000000000000E+00   0.000000000000000E+00   0.000000000000000E+00   0.000000000000000E+00   0.000000000000000E+00   0.000000000000000E+00   0.000000000000000E+00   8.053805522088801E-05  -1.158076136448412E-04   2.153645011179369E-04   4.749839251477812E-05   2.980166660477342E-02  -1.380070354365100E-02   4.560553488595236E-02  -1.398297581565880E-02  -1.702269340661007E-04   0.000000000000000E+00   0.000000000000000E+00   0.000000000000000E+00   0.000000000000000E+00   0.000000000000000E+00   0.000000000000000E+00   6.156885966125900E-05   1.006128925181703E-02  -8.691632384031785E-03   1.560085613957475E-02   3.545447249420453E-03   3.124127800717313E-01  -5.996124627848603E-03   2.716805207766329E-01  -2.404020623964440E-01   0.000000000000000E+00   3.484285219122361E-02  -3.395684971297921E-02   3.145680342650405E-02   3.366438585261208E-02   1.000000000000000E+00   0.000000000000000E+00   0.000000000000000E+00   0.000000000000000E+00  -6.777227763141770E-02   2.928771222931494E-01  -2.028348434840756E-01   3.063106521219692E-02   2.795561318517624E-01  -1.492580640694163E-03  -4.427418307792911E-01  -5.725417423539718E-02   1.025156398772542E-05  -6.252128508059160E-06  -1.320689963305920E-05  -8.924460088396056E-06   1.420171574995673E-05  -2.420670924634471E-06  -3.455171418217681E-06  -3.621595706520279E-06  -2.607035626118051E-05  -1.371805624552478E-05  -3.090769901267469E-05  -1.547781156247678E-05   0.000000000000000E+00   0.000000000000000E+00   0.000000000000000E+00   0.000000000000000E+00  -6.578481019229042E-06  -2.298533370328822E-05  -2.039375680106076E-05  -3.199015874297837E-05   0.000000000000000E+00   1.106699035472266E-04   1.553827151548907E-04   2.217897400628305E-04   1.495873168060010E-04  -1.742782711148589E-05  -1.251843355287266E-05  -4.675800748131695E-05  -1.096008554807683E-05   0.000000000000000E+00   0.000000000000000E+00   0.000000000000000E+00   0.000000000000000E+00   0.000000000000000E+00   1.344552114882097E-05  -4.478533291603064E-06  -2.269667520655321E-06  -6.393605788144043E-06   1.385758103554789E-05   6.194290322245065E-05   5.098764687892390E-05   7.285189069836754E-05  -1.764867561628690E-03   6.216015422372601E-05   1.511862396185191E-05   1.208584810040934E-06   6.315802014720704E-06   1.299694200849945E-06   0.000000000000000E+00   0.000000000000000E+00   0.000000000000000E+00   0.000000000000000E+00   5.454736968192147E-06  -1.623069704521552E-05  -2.059955433142538E-06  -2.208432868870290E-05   0.000000000000000E+00   2.459166940273603E-04   3.889995202792837E-04   1.030743023996241E-04   4.113041295654841E-04   0.000000000000000E+00   0.000000000000000E+00   0.000000000000000E+00   0.000000000000000E+00   0.000000000000000E+00   0.000000000000000E+00   0.000000000000000E+00   0.000000000000000E+00   0.000000000000000E+00  -2.613144674685867E-05  -1.013735298953721E-05   2.656719645760511E-07  -1.185551324461486E-05   0.000000000000000E+00  -3.412434851527484E-03   0.000000000000000E+00   0.000000000000000E+00   0.000000000000000E+00   0.000000000000000E+00   0.000000000000000E+00   0.000000000000000E+00   0.000000000000000E+00   0.000000000000000E+00   0.000000000000000E+00   6.301718911288212E-05   0.000000000000000E+00   0.000000000000000E+00   0.000000000000000E+00   0.000000000000000E+00   0.000000000000000E+00   0.000000000000000E+00   0.000000000000000E+00   0.000000000000000E+00   0.000000000000000E+00   0.000000000000000E+00   0.000000000000000E+00   0.000000000000000E+00   0.000000000000000E+00   0.000000000000000E+00   0.000000000000000E+00   0.000000000000000E+00
   0.000000000000000E+00   0.000000000000000E+00   0.000000000000000E+00   0.000000000000000E+00   0.000000000000000E+00   0.000000000000000E+00   0.000000000000000E+00   0.000000000000000E+00   0.000000000000000E+00   0.000000000000000E+00   0.000000000000000E+00   0.000000000000000E+00  -6.482988898482656E-06  -5.784102214991700E-07  -1.344593677619659E-05   5.938599900643219E-06   0.000000000000000E+00   0.000000000000000E+00   0.000000000000000E+00   0.000000000000000E+00   0.000000000000000E+00   0.000000000000000E+00   0.000000000000000E+00   0.000000000000000E+00   0.000000000000000E+00  -5.647791303779372E-06   8.900815132422707E-06  -2.271893458576280E-05  -3.318054915690761E-07  -1.138456653119728E-06  -1.486011768439475E-05   3.301254368662459E-05  -1.064117879995841E-05   6.349189328117898E-06   0.000000000000000E+00   0.000000000000000E+00   0.000000000000000E+00   0.000000000000000E+00   0.000000000000000E+00   0.000000000000000E+00   0.000000000000000E+00   0.000000000000000E+00   0.000000000000000E+00   0.000000000000000E+00  -9.841068918665555E-06  -2.058097078429992E-05   2.958664009528176E-05  -1.155691102394343E-06   2.337536819687018E-04   8.995529899171568E-05   4.202338872528058E-04  -2.061704113568157E-04   0.000000000000000E+00   0.000000000000000E+00   0.000000000000000E+00   0.000000000000000E+00   0.000000000000000E+00   0.000000000000000E+00   0.000000000000000E+00   0.000000000000000E+00   0.000000000000000E+00   1.158076136448412E-04  -8.018235100612541E-05   2.229780822753770E-04   4.917755906442770E-05   1.380070354365100E-02   5.577527150970318E-03   2.298059534603381E-02  -7.046011186067938E-03  -3.825755132363569E-05   0.000000000000000E+00   0.000000000000000E+00   0.000000000000000E+00   0.000000000000000E+00   0.000000000000000E+00   0.000000000000000E+00   3.359704151208949E-06   8.691632384031785E-03  -4.156488511072126E-03   1.440006097684230E-02   3.272554796035958E-03   5.996124627848603E-03   1.889521362475040E-01   6.542609709011862E-03  -5.789361942494962E-03   0.000000000000000E+00   3.395684971297921E-02  -2.126358485573838E-02   3.347619386278297E-02   3.582549351228897E-02   0.000000000000000E+00   1.000000000000000E+00   0.000000000000000E+00   0.000000000000000E+00   1.931868453749297E-02   2.028348434840756E-01  -3.312689818533582E-04   2.634274365428261E-02   2.404185250280307E-01  -1.602695545628767E-03   2.370642550400106E-01  -3.416204232819101E-02   6.252128508059160E-06   6.457325881488735E-06   1.768575548106085E-05   1.195101222157912E-05   2.420670924634471E-06   1.017885552494052E-05   1.454289383531388E-05   1.524337738980301E-05   1.371805624552478E-05  -1.506962046001257E-05  -1.338555932968261E-05  -6.703157193235900E-06   0.000000000000000E+00   0.000000000000000E+00   0.000000000000000E+00   0.000000000000000E+00   2.298533370328822E-05   7.519679232726616E-06   1.331312844325188E-05   2.088330739744509E-05   0.000000000000000E+00  -1.553827151548907E-04  -1.177446743743966E-04  -2.393709573901042E-04  -1.614450660662915E-04   1.251843355287266E-05  -8.118195345857948E-06   5.590299816710195E-06   1.310367304573951E-06   0.000000000000000E+00   0.000000000000000E+00   0.000000000000000E+00   0.000000000000000E+00   0.000000000000000E+00   4.478533291603064E-06   1.663393566185863E-05   8.640980256644857E-06   2.434146009551720E-05  -6.194290322245065E-05  -8.781184123509626E-05  -8.477790141737764E-05  -1.211318973468604E-04   1.815732057737788E-03  -2.767780668601868E-06  -1.208584810040934E-06   2.843339472910185E-06   6.026635422859222E-06   1.240188196442913E-06   0.000000000000000E+00   0.000000000000000E+00   0.000000000000000E+00   0.000000000000000E+00   1.623069704521552E-05   1.935000300535086E-05   2.938297742682178E-06   3.150084321760030E-05   0.000000000000000E+00  -3.889995202792837E-04  -4.453207052133601E-04  -1.430081411844060E-04  -5.706547380023260E-04   0.000000000000000E+00   0.000000000000000E+00   0.000000000000000E+00   0.000000000000000E+00   0.000000000000000E+00   0.000000000000000E+00   0.000000000000000E+00   0.000000000000000E+00   0.000000000000000E+00   1.013735298953721E-05  -4.870725318042962E-05   1.113763361234891E-06  -4.970127842265111E-05   0.000000000000000E+00   5.016185854670049E-03   0.000000000000000E+00   0.000000000000000E+00   0.000000000000000E+00   0.000000000000000E+00   0.000000000000000E+00   0.000000000000000E+00   0.000000000000000E+00   0.000000000000000E+00   0.000000000000000E+00  -2.216319127123236E-05   0.000000000000000E+00   0.000000000000000E+00   0.000000000000000E+00   0.000000000000000E+00   0.000000000000000E+00   0.000000000000000E+00   0.000000000000000E+00   0.000000000000000E+00   0.000000000000000E+00   0.000000000000000E+00   0.000000000000000E+00   0.000000000000000E+00   0.000000000000000E+00   0.000000000000000E+00   0.000000000000000E+00   0.000000000000000E+00
   0.000000000000000E+00   0.000000000000000E+00   0.000000000000000E+00   0.000000000000000E+00   0.000000000000000E+00   0.000000000000000E+00   0.000000000000000E+00   0.000000000000000E+00   0.000000000000000E+00   0.000000000000000E+00   0.000000000000000E+00   0.000000000000000E+00   2.543115224752164E-05  -1.344593677619659E-05   4.873897364610984E-05  -2.329564967259501E-05   0.000000000000000E+00   0.000000000000000E+00   0.000000000000000E+00   0.000000000000000E+00   0.000000000000000E+00   0.000000000000000E+00   0.000000000000000E+00   0.000000000000000E+00   0.000000000000000E+00   1.253110021169199E-05  -2.271893458576280E-05   4.906923757668831E-05   7.361971507090661E-07   3.591490708695676E-06   3.301254368662459E-05  -1.085402784695448E-04   3.356974082842027E-05  -3.443156858987020E-05   0.000000000000000E+00   0.000000000000000E+00   0.000000000000000E+00   0.000000000000000E+00   0.000000000000000E+00   0.000000000000000E+00   0.000000000000000E+00   0.000000000000000E+00   0.000000000000000E+00   0.000000000000000E+00   2.222530818582531E-05   2.958664009528176E-05  -7.429958659343042E-05   2.610040751733036E-06  -9.971255775320868E-04   4.202338872528058E-04  -1.604126491314185E-03   8.794633255091075E-04   0.000000000000000E+00   0.000000000000000E+00   0.000000000000000E+00   0.000000000000000E+00   0.000000000000000E+00   0.000000000000000E+00   0.000000000000000E+00   0.000000000000000E+00   0.000000000000000E+00  -2.153645011179369E-04   2.229780822753770E-04  -3.749474196498766E-04  -9.145426747665428E-05  -4.560553488595236E-02   2.298059534603381E-02  -6.340953423535751E-02   2.328411069310032E-02   3.306008249493837E-04   0.000000000000000E+00   0.000000000000000E+00   0.000000000000000E+00   0.000000000000000E+00   0.000000000000000E+00   0.000000000000000E+00  -5.451449156763567E-06  -1.560085613957475E-02   1.440006097684230E-02  -2.198092519237922E-02  -5.874000915596667E-03  -2.716805207766329E-01   6.542609709011862E-03  -1.073448707173609E-01   2.623122375069425E-01   0.000000000000000E+00  -3.145680342650405E-02   3.347619386278297E-02  -1.613838805517751E-02  -3.318786979944191E-02   0.000000000000000E+00   0.000000000000000E+00   1.000000000000000E+00   0.000000000000000E+00   3.988426540765770E-02  -3.063106521219692E-02   2.634274365428261E-02   1.701287345812861E-01  -3.630675771410038E-02   1.255888445688588E-03  -4.033496965828238E-01  -2.685776790480065E-02   1.320689963305920E-05   1.768575548106085E-05   3.544402958692551E-05   2.524513351259571E-05   3.455171418217681E-06   1.454289383531388E-05   2.074815779019652E-05   2.175780331740304E-05   3.090769901267469E-05  -1.338555932968261E-05  -3.928714232321273E-05  -1.510266186805935E-05   0.000000000000000E+00   0.000000000000000E+00   0.000000000000000E+00   0.000000000000000E+00   2.039375680106076E-05   1.331312844325188E-05   4.326843202738809E-06   1.852873218039735E-05   0.000000000000000E+00  -2.217897400628305E-04  -2.393709573901042E-04  -2.917174496691674E-04  -2.304430013439772E-04   4.675800748131695E-05   5.590299816710195E-06   1.126563447319795E-05   4.894395450657803E-06   0.000000000000000E+00   0.000000000000000E+00   0.000000000000000E+00   0.000000000000000E+00   0.000000000000000E+00   2.269667520655321E-06   8.640980256644857E-06   3.962603189021490E-06   1.233596309035086E-05  -5.098764687892390E-05  -8.477790141737764E-05  -5.460251047603144E-05  -9.970844255580930E-05   2.577986681020585E-03  -1.152161102003897E-05  -6.315802014720704E-06   6.026635422859222E-06   3.318397849940334E-05   6.480954455700708E-06   0.000000000000000E+00   0.000000000000000E+00   0.000000000000000E+00   0.000000000000000E+00   2.059955433142538E-06   2.938297742682178E-06  -3.428363835551609E-06   3.998000391104297E-06   0.000000000000000E+00  -1.030743023996241E-04  -1.430081411844060E-04   5.649472888698384E-05  -1.512079988900759E-04   0.000000000000000E+00   0.000000000000000E+00   0.000000000000000E+00   0.000000000000000E+00   0.000000000000000E+00   0.000000000000000E+00   0.000000000000000E+00   0.000000000000000E+00   0.000000000000000E+00  -2.656719645760511E-07   1.113763361234891E-06  -6.238121180344735E-06   1.302532948602574E-06   0.000000000000000E+00   5.453773964596523E-04   0.000000000000000E+00   0.000000000000000E+00   0.000000000000000E+00   0.000000000000000E+00   0.000000000000000E+00   0.000000000000000E+00   0.000000000000000E+00   0.000000000000000E+00   0.000000000000000E+00   7.243787801238310E-06   0.000000000000000E+00   0.000000000000000E+00   0.000000000000000E+00   0.000000000000000E+00   0.000000000000000E+00   0.000000000000000E+00   0.000000000000000E+00   0.000000000000000E+00   0.000000000000000E+00   0.000000000000000E+00   0.000000000000000E+00   0.000000000000000E+00   0.000000000000000E+00   0.000000000000000E+00   0.000000000000000E+00   0.000000000000000E+00
   0.000000000000000E+00   0.000000000000000E+00   0.000000000000000E+00   0.000000000000000E+00   0.000000000000000E+00   0.000000000000000E+00   0.000000000000000E+00   0.000000000000000E+00   0.000000000000000E+00   0.000000000000000E+00   0.000000000000000E+00   0.000000000000000E+00  -1.123205030070763E-05   5.938599900643219E-06  -2.329564967259501E-05   6.282783025357049E-06   0.000000000000000E+00   0.000000000000000E+00   0.000000000000000E+00   0.000000000000000E+00   0.000000000000000E+00   0.000000000000000E+00   0.000000000000000E+00   0.000000000000000E+00   0.000000000000000E+00   1.830142100170237E-07  -3.318054915690761E-07   7.361971507090661E-07  -1.327900980234012E-06  -1.157671918662371E-06  -1.064117879995841E-05   3.356974082842027E-05  -1.521634755693617E-05   2.192680826201717E-05   0.000000000000000E+00   0.000000000000000E+00   0.000000000000000E+00   0.000000000000000E+00   0.000000000000000E+00   0.000000000000000E+00   0.000000000000000E+00   0.000000000000000E+00   0.000000000000000E+00   0.000000000000000E+00  -8.681482870515806E-07  -1.155691102394343E-06   2.610040751733036E-06  -7.582354098034084E-06   4.891985076170703E-04  -2.061704113568157E-04   8.794633255091075E-04  -2.430026908447792E-04   0.000000000000000E+00   0.000000000000000E+00   0.000000000000000E+00   0.000000000000000E+00   0.000000000000000E+00   0.000000000000000E+00   0.000000000000000E+00   0.000000000000000E+00   0.000000000000000E+00  -4.749839251477812E-05   4.917755906442770E-05  -9.145426747665428E-05   1.954916833974318E-05   1.398297581565880E-02  -7.046011186067938E-03   2.328411069310032E-02   5.392620360498184E-03  -2.735845848188969E-04   0.000000000000000E+00   0.000000000000000E+00   0.000000000000000E+00   0.000000000000000E+00   0.000000000000000E+00   0.000000000000000E+00  -2.399278087297008E-06  -3.545447249420453E-03   3.272554796035958E-03  -5.874000915596667E-03   2.531226252503893E-03   2.404020623964440E-01  -5.789361942494962E-03   2.623122375069425E-01  -4.301581053474719E-02   0.000000000000000E+00  -3.366438585261208E-02   3.582549351228897E-02  -3.318786979944191E-02  -2.064378795069151E-02   0.000000000000000E+00   0.000000000000000E+00   0.000000000000000E+00   1.000000000000000E+00  -9.499193515063646E-02  -2.795561318517624E-01   2.404185250280307E-01  -3.630675771410038E-02  -1.572487782907229E-01   1.980688988277313E-03  -6.576035675283805E-02   7.907119104016135E-02   8.924460088396056E-06   1.195101222157912E-05   2.524513351259571E-05   1.514411639381366E-05   3.621595706520279E-06   1.524337738980301E-05   2.175780331740304E-05   2.279600284810202E-05   1.547781156247678E-05  -6.703157193235900E-06  -1.510266186805935E-05  -1.669162081347379E-05   0.000000000000000E+00   0.000000000000000E+00   0.000000000000000E+00   0.000000000000000E+00   3.199015874297837E-05   2.088330739744509E-05   1.852873218039735E-05   2.157939302902170E-05   0.000000000000000E+00  -1.495873168060010E-04  -1.614450660662915E-04  -2.304430013439772E-04  -1.054683669132782E-04   1.096008554807683E-05   1.310367304573951E-06   4.894395450657803E-06  -8.467628626506701E-06   0.000000000000000E+00   0.000000000000000E+00   0.000000000000000E+00   0.000000000000000E+00   0.000000000000000E+00   6.393605788144043E-06   2.434146009551720E-05   1.233596309035086E-05   3.433360616414030E-05  -7.285189069836754E-05  -1.211318973468604E-04  -9.970844255580930E-05  -1.272833473561818E-04   1.139292857436109E-03  -6.688608776610813E-07  -1.299694200849945E-06   1.240188196442913E-06   6.480954455700708E-06   3.023769272905255E-06   0.000000000000000E+00   0.000000000000000E+00   0.000000000000000E+00   0.000000000000000E+00   2.208432868870290E-05   3.150084321760030E-05   3.998000391104297E-06   3.906039750774760E-05   0.000000000000000E+00  -4.113041295654841E-04  -5.706547380023260E-04  -1.512079988900759E-04  -5.089871661767597E-04   0.000000000000000E+00   0.000000000000000E+00   0.000000000000000E+00   0.000000000000000E+00   0.000000000000000E+00   0.000000000000000E+00   0.000000000000000E+00   0.000000000000000E+00   0.000000000000000E+00   1.185551324461486E-05  -4.970127842265111E-05   1.302532948602574E-06  -6.433398402754204E-05   0.000000000000000E+00   3.969097240686763E-03   0.000000000000000E+00   0.000000000000000E+00   0.000000000000000E+00   0.000000000000000E+00   0.000000000000000E+00   0.000000000000000E+00   0.000000000000000E+00   0.000000000000000E+00   0.000000000000000E+00  -2.398356109348120E-05   0.000000000000000E+00   0.000000000000000E+00   0.000000000000000E+00   0.000000000000000E+00   0.000000000000000E+00   0.000000000000000E+00   0.000000000000000E+00   0.000000000000000E+00   0.000000000000000E+00   0.000000000000000E+00   0.000000000000000E+00   0.000000000000000E+00   0.000000000000000E+00   0.000000000000000E+00   0.000000000000000E+00   0.000000000000000E+00
  -1.146055996182643E-05  -1.127656211301948E-05   2.723839190376589E-05  -1.380484118099174E-06   0.000000000000000E+00   0.000000000000000E+00   0.000000000000000E+00   0.000000000000000E+00   0.000000000000000E+00   0.000000000000000E+00   0.000000000000000E+00   0.000000000000000E+00   6.306633378555670E-05  -9.052251149637437E-06   2.399331154463900E-05  -2.892975648484844E-06   0.000000000000000E+00   0.000000000000000E+00   0.000000000000000E+00   0.000000000000000E+00   0.000000000000000E+00   0.000000000000000E+00   0.000000000000000E+00   0.000000000000000E+00   0.000000000000000E+00  -6.542064459096757E-06  -2.426774376010257E-05   4.083284075497630E-05   1.562473561871986E-05  -1.075834627455313E-04   1.442734251776049E-04  -2.969937712859477E-04  -3.309411187599504E-05  -9.316720101379908E-05   0.000000000000000E+00   0.000000000000000E+00   0.000000000000000E+00   0.000000000000000E+00   0.000000000000000E+00   0.000000000000000E+00   0.000000000000000E+00   0.000000000000000E+00   0.000000000000000E+00   0.000000000000000E+00   5.600111544216850E-05   1.109583120457939E-05  -1.759960275645122E-05  -7.658080841448013E-06  -9.619806675395795E-03   7.229613878283176E-03  -1.578765923566847E-02  -1.537704588664392E-03   0.000000000000000E+00   0.000000000000000E+00   0.000000000000000E+00   0.000000000000000E+00   0.000000000000000E+00   0.000000000000000E+00   0.000000000000000E+00   0.000000000000000E+00   0.000000000000000E+00   2.284189428116097E-05   5.719970666923851E-05  -7.019988067901024E-05  -6.500495599957792E-05  -5.157638520542324E-02   4.035633113189935E-02  -5.623875659247780E-02  -4.429350108991663E-02   1.540776608149729E-02   0.000000000000000E+00   0.000000000000000E+00   0.000000000000000E+00   0.000000000000000E+00   0.000000000000000E+00   0.000000000000000E+00  -6.356763293225176E-05  -1.315313103960486E-03   1.278966617983572E-03  -1.220979034956926E-03  -1.777297729322591E-03  -4.482449220208742E-01   1.798426925988845E-01  -1.104708615820195E-01  -4.265801754094204E-01   0.000000000000000E+00  -4.016954204488372E-04   3.916222886308640E-04  -1.172365091278685E-04  -7.105484022488270E-04  -6.777227763141770E-02   1.931868453749297E-02   3.988426540765770E-02  -9.499193515063646E-02   1.000000000000000E+00  -1.863850159063848E-03   1.292478418334445E-03   7.042913420967443E-04  -3.218060775831652E-03  -8.697110213412153E-05   2.113641882384988E-02   9.668472258362213E-05   0.000000000000000E+00   0.000000000000000E+00   0.000000000000000E+00   0.000000000000000E+00   0.000000000000000E+00   0.000000000000000E+00   0.000000000000000E+00   0.000000000000000E+00   4.130541488220471E-05   2.098930647043194E-05   4.825895819599108E-05   5.474339112159708E-05   0.000000000000000E+00   0.000000000000000E+00   0.000000000000000E+00   0.000000000000000E+00   0.000000000000000E+00   0.000000000000000E+00   0.000000000000000E+00   0.000000000000000E+00   0.000000000000000E+00   4.930830043599022E-05  -1.638201851052865E-05  -2.107884386161027E-05  -3.703682589293962E-05   4.698033326595392E-05   1.364254803495978E-05   5.939438795070404E-05   4.120110921230881E-05   0.000000000000000E+00   0.000000000000000E+00   0.000000000000000E+00   0.000000000000000E+00   0.000000000000000E+00   0.000000000000000E+00   0.000000000000000E+00   0.000000000000000E+00   0.000000000000000E+00   4.696559006454784E-05   2.921573261229411E-05   1.777813647422186E-05   6.513860290835555E-05   3.921612647167873E-04  -6.609725071435902E-05  -8.311700577240358E-09   1.896066285894204E-09   1.245733876826509E-08   6.870744271226873E-09   0.000000000000000E+00   0.000000000000000E+00   0.000000000000000E+00   0.000000000000000E+00   0.000000000000000E+00   0.000000000000000E+00   0.000000000000000E+00   0.000000000000000E+00   0.000000000000000E+00   6.110716333723203E-05   2.187663417731517E-05  -6.763578614725579E-07   4.462111785412300E-05   0.000000000000000E+00   0.000000000000000E+00   0.000000000000000E+00   0.000000000000000E+00   0.000000000000000E+00   0.000000000000000E+00   0.000000000000000E+00   0.000000000000000E+00   0.000000000000000E+00  -1.160383818300266E-05   1.360944065451857E-05  -4.101181701826910E-06   2.681710595791342E-05   0.000000000000000E+00   2.118564275540613E-05   0.000000000000000E+00   0.000000000000000E+00   0.000000000000000E+00   0.000000000000000E+00   0.000000000000000E+00   0.000000000000000E+00   0.000000000000000E+00   0.000000000000000E+00   0.000000000000000E+00   0.000000000000000E+00   0.000000000000000E+00   0.000000000000000E+00   0.000000000000000E+00   0.000000000000000E+00   0.000000000000000E+00   0.000000000000000E+00   0.000000000000000E+00   0.000000000000000E+00   0.000000000000000E+00   0.000000000000000E+00   0.000000000000000E+00   0.000000000000000E+00   0.000000000000000E+00   0.000000000000000E+00   0.000000000000000E+00   0.000000000000000E+00
   0.000000000000000E+00   0.000000000000000E+00   0.000000000000000E+00   0.000000000000000E+00   0.000000000000000E+00   0.000000000000000E+00   0.000000000000000E+00   0.000000000000000E+00   0.000000000000000E+00   0.000000000000000E+00   0.000000000000000E+00   0.000000000000000E+00   1.238051225545985E-05   1.014180123082549E-06  -9.464200814722643E-06   6.281612532431241E-06   0.000000000000000E+00   0.000000000000000E+00   0.000000000000000E+00   0.000000000000000E+00   0.000000000000000E+00   0.000000000000000E+00   0.000000000000000E+00   0.000000000000000E+00   0.000000000000000E+00   3.007796554330927E-06   9.466451778635990E-06  -2.989876144967784E-05   5.482737761719790E-06  -2.681306430877057E-05   3.226271203605163E-06  -2.358913666878469E-05   1.397475569947510E-05   0.000000000000000E+00   0.000000000000000E+00   0.000000000000000E+00   0.000000000000000E+00   0.000000000000000E+00   0.000000000000000E+00   0.000000000000000E+00   0.000000000000000E+00   0.000000000000000E+00   0.000000000000000E+00  -1.206305368952672E-05  -2.216148772422937E-05  -1.808100323963272E-06   6.646154212480266E-06  -1.942783169184373E-06   9.565587351061636E-05   3.602670839706209E-06   2.108810400029697E-04  -1.833175402075702E-04   0.000000000000000E+00   0.000000000000000E+00   0.000000000000000E+00   0.000000000000000E+00   0.000000000000000E+00   0.000000000000000E+00   0.000000000000000E+00   0.000000000000000E+00   0.000000000000000E+00   5.631639538362529E-04  -3.659805530567371E-04   1.132495098778616E-03  -1.059262900575516E-04   1.095638816639700E-02   9.897894336767879E-04   1.495115918313966E-02  -1.281547859524758E-02   4.821031732668301E-05   0.000000000000000E+00   0.000000000000000E+00   0.000000000000000E+00   0.000000000000000E+00   0.000000000000000E+00   0.000000000000000E+00  -7.455999441265293E-05   3.115574508711962E-02  -1.127032200463844E-02   4.893098014887802E-02  -1.234394165965036E-02   3.732659369224568E-02   2.058461095512091E-02   2.312621943924518E-02  -5.246336415911242E-02   0.000000000000000E+00   3.150626685213063E-01  -1.602705247660225E-01   3.195071538570889E-01   7.355338491198560E-02   2.928771222931494E-01   2.028348434840756E-01  -3.063106521219692E-02  -2.795561318517624E-01  -1.863850159063848E-03   1.000000000000000E+00   0.000000000000000E+00   0.000000000000000E+00   0.000000000000000E+00  -5.825350479823330E-02  -5.434992059997639E-02  -4.579038545316799E-01   3.819917444371829E-06  -1.564425659613912E-05  -2.377271480234285E-05  -1.083517995754387E-05   7.636208405206293E-06  -1.361596284777518E-05  -1.462811088165575E-05  -1.161744501973758E-05  -2.676170848473382E-05  -1.614183048746786E-05  -2.471073924695916E-05  -6.057852764317971E-06   0.000000000000000E+00   0.000000000000000E+00   0.000000000000000E+00   0.000000000000000E+00  -1.724972503458463E-05  -3.443437653579454E-05  -2.288834029090785E-05  -2.747868498009907E-05   0.000000000000000E+00   1.040037814085493E-04   2.067373638090754E-04   2.027121485601116E-04   6.201570448862726E-05  -1.676347766748100E-05  -1.985013435688579E-05  -4.551893094513278E-05  -7.787206249081138E-07   0.000000000000000E+00   0.000000000000000E+00   0.000000000000000E+00   0.000000000000000E+00   0.000000000000000E+00   5.845872201290424E-06  -1.907430703996276E-05  -7.325632752293358E-06  -1.724517301675891E-05   4.184923206420077E-05   1.320370911618767E-04   7.736512618048735E-05   7.316601297885834E-05  -7.787898584744725E-04   6.162773128964096E-05   1.615973634558337E-05   1.751155452671407E-06   5.436745849347109E-06   1.881437544831865E-07   0.000000000000000E+00   0.000000000000000E+00   0.000000000000000E+00   0.000000000000000E+00  -4.030457190963349E-06  -3.161861683684149E-05  -2.393732491599780E-06  -2.706528223831067E-05   0.000000000000000E+00   2.709413725545552E-04   5.559425168585180E-04   9.280751118646823E-05   2.687124454954256E-04   0.000000000000000E+00   0.000000000000000E+00   0.000000000000000E+00   0.000000000000000E+00   0.000000000000000E+00   0.000000000000000E+00   0.000000000000000E+00   0.000000000000000E+00   0.000000000000000E+00  -2.280253448944720E-05   3.585375419018378E-06  -1.845841753202750E-07   2.343172699144165E-06  -3.273982667186662E-09  -1.571951713608974E-03   0.000000000000000E+00   0.000000000000000E+00   0.000000000000000E+00   0.000000000000000E+00   0.000000000000000E+00   0.000000000000000E+00   0.000000000000000E+00   0.000000000000000E+00   0.000000000000000E+00   6.304744141913349E-05   0.000000000000000E+00   0.000000000000000E+00   0.000000000000000E+00   0.000000000000000E+00   0.000000000000000E+00   0.000000000000000E+00   0.000000000000000E+00   0.000000000000000E+00   0.000000000000000E+00   0.000000000000000E+00   0.000000000000000E+00   0.000000000000000E+00   0.000000000000000E+00   0.000000000000000E+00   0.000000000000000E+00   0.000000000000000E+00
   0.000000000000000E+00   0.000000000000000E+00   0.000000000000000E+00   0.000000000000000E+00   0.000000000000000E+00   0.000000000000000E+00   0.000000000000000E+00   0.000000000000000E+00   0.000000000000000E+00   0.000000000000000E+00   0.000000000000000E+00   0.000000000000000E+00  -1.014180123082549E-06  -4.826063324549991E-07  -4.349054660886951E-06   2.886569800965976E-06   0.000000000000000E+00   0.000000000000000E+00   0.000000000000000E+00   0.000000000000000E+00   0.000000000000000E+00   0.000000000000000E+00   0.000000000000000E+00   0.000000000000000E+00   0.000000000000000E+00  -9.466451778635990E-06   1.202274360393066E-06  -1.850461195060352E-05   3.393315635442097E-06  -3.226271203605163E-06  -8.910699562597843E-06   7.147931528862689E-06  -4.234601642060774E-06   0.000000000000000E+00   0.000000000000000E+00   0.000000000000000E+00   0.000000000000000E+00   0.000000000000000E+00   0.000000000000000E+00   0.000000000000000E+00   0.000000000000000E+00   0.000000000000000E+00   0.000000000000000E+00   1.235564969328430E-05   1.808100323963272E-06  -1.197252164956053E-05   3.449998760486276E-05  -1.008492928586193E-05  -3.602670839706209E-06   4.478684605474521E-05  -5.931632871288197E-06   5.156330542393032E-06   0.000000000000000E+00   0.000000000000000E+00   0.000000000000000E+00   0.000000000000000E+00   0.000000000000000E+00   0.000000000000000E+00   0.000000000000000E+00   0.000000000000000E+00   0.000000000000000E+00   3.659805530567371E-04  -3.077689471425613E-05   7.100896855855789E-04  -6.641721106195919E-05  -9.897894336767879E-04   4.141116695416548E-03  -1.444910026510099E-03   1.238513568745930E-03   4.819218274090241E-06   0.000000000000000E+00   0.000000000000000E+00   0.000000000000000E+00   0.000000000000000E+00   0.000000000000000E+00   0.000000000000000E+00  -1.076076928755709E-04   1.127032200463844E-02   8.715736396016244E-03   1.927900105821046E-02  -4.863562176658018E-03  -2.058461095512091E-02   3.626103892305258E-03  -1.394938607296373E-02   3.164510841318185E-02   0.000000000000000E+00   1.602705247660225E-01   8.872107884870667E-02   2.042263831629151E-01   4.701472749083882E-02  -2.028348434840756E-01  -3.312689818533582E-04   2.634274365428261E-02   2.404185250280307E-01   1.292478418334445E-03   0.000000000000000E+00   1.000000000000000E+00   0.000000000000000E+00   0.000000000000000E+00  -4.650299941342927E-02   5.477181358631524E-02   1.039276440124109E-02   1.564425659613912E-05   1.315458763550832E-05   2.664437761726378E-05   1.214403271734683E-05   1.361596284777518E-05   1.972904678315269E-05   2.440032840940213E-05   1.937840614233054E-05   1.614183048746786E-05  -2.685818356399512E-05  -2.845821425844521E-05  -6.976548543940869E-06   0.000000000000000E+00   0.000000000000000E+00   0.000000000000000E+00   0.000000000000000E+00   3.443437653579454E-05   2.098249724192540E-06   7.770982745769652E-06   9.329483227825596E-06   0.000000000000000E+00  -2.067373638090754E-04  -2.643919135289288E-04  -3.060276201364895E-04  -9.362299492432536E-05   1.985013435688579E-05  -5.317700946595603E-06   9.658469411724561E-06   1.652334354033918E-07   0.000000000000000E+00   0.000000000000000E+00   0.000000000000000E+00   0.000000000000000E+00   0.000000000000000E+00   1.907430703996276E-05   3.008122014270215E-05   1.295807593883468E-05   3.050443136936493E-05  -1.320370911618767E-04  -2.262124658645743E-04  -1.477738729449548E-04  -1.397532149124017E-04   1.103539791536191E-03  -1.801550265498792E-05  -1.751155452671407E-06   5.273741110901868E-06   1.129527304249254E-05   3.908836530187405E-07   0.000000000000000E+00   0.000000000000000E+00   0.000000000000000E+00   0.000000000000000E+00   3.161861683684149E-05   2.777368719103483E-05   2.618231567166482E-06   2.960363222678070E-05   0.000000000000000E+00  -5.559425168585180E-04  -9.114528277745416E-04  -1.692733093206509E-04  -4.901095215587225E-04   0.000000000000000E+00   0.000000000000000E+00   0.000000000000000E+00   0.000000000000000E+00   0.000000000000000E+00   0.000000000000000E+00   0.000000000000000E+00   0.000000000000000E+00   0.000000000000000E+00  -3.585375419018378E-06  -1.020945927641389E-04   5.098520490456461E-06  -6.472230893323199E-05  -4.103344369468732E-09   2.904458576065054E-03   0.000000000000000E+00   0.000000000000000E+00   0.000000000000000E+00   0.000000000000000E+00   0.000000000000000E+00   0.000000000000000E+00   0.000000000000000E+00   0.000000000000000E+00   0.000000000000000E+00  -2.081267802706855E-05   0.000000000000000E+00   0.000000000000000E+00   0.000000000000000E+00   0.000000000000000E+00   0.000000000000000E+00   0.000000000000000E+00   0.000000000000000E+00   0.000000000000000E+00   0.000000000000000E+00   0.000000000000000E+00   0.000000000000000E+00   0.000000000000000E+00   0.000000000000000E+00   0.000000000000000E+00   0.000000000000000E+00   0.000000000000000E+00
   0.000000000000000E+00   0.000000000000000E+00   0.000000000000000E+00   0.000000000000000E+00   0.000000000000000E+00   0.000000000000000E+00   0.000000000000000E+00   0.000000000000000E+00   0.000000000000000E+00   0.000000000000000E+00   0.000000000000000E+00   0.000000000000000E+00   9.464200814722643E-06  -4.349054660886951E-06   3.963617943823758E-05  -2.693710480049739E-05   0.000000000000000E+00   0.000000000000000E+00   0.000000000000000E+00   0.000000000000000E+00   0.000000000000000E+00   0.000000000000000E+00   0.000000000000000E+00   0.000000000000000E+00   0.000000000000000E+00   2.989876144967784E-05  -1.850461195060352E-05   5.378821264775023E-05  -1.071741948092022E-05   2.358913666878469E-05   7.147931528862689E-06  -6.019574733046982E-05   3.096162429271599E-05   0.000000000000000E+00   0.000000000000000E+00   0.000000000000000E+00   0.000000000000000E+00   0.000000000000000E+00   0.000000000000000E+00   0.000000000000000E+00   0.000000000000000E+00   0.000000000000000E+00   0.000000000000000E+00  -3.240500510487489E-05  -6.646154212480266E-06   3.449998760486276E-05  -1.294006182867570E-04   3.706984306538863E-05  -2.108810400029697E-04  -5.931632871288197E-06  -3.023178121987092E-04   3.018239511072270E-04   0.000000000000000E+00   0.000000000000000E+00   0.000000000000000E+00   0.000000000000000E+00   0.000000000000000E+00   0.000000000000000E+00   0.000000000000000E+00   0.000000000000000E+00   0.000000000000000E+00  -1.132495098778616E-03   7.100896855855789E-04  -1.998613139431779E-03   2.055223026851728E-04  -1.495115918313966E-02  -1.444910026510099E-03  -1.758916303569160E-02   1.870823519302744E-02   3.054092864794944E-05   0.000000000000000E+00   0.000000000000000E+00   0.000000000000000E+00   0.000000000000000E+00   0.000000000000000E+00   0.000000000000000E+00   2.552828035950213E-04  -4.893098014887802E-02   1.927900105821046E-02  -7.054499542037279E-02   2.111553371952854E-02  -2.312621943924518E-02  -1.394938607296373E-02   3.706953609605244E-04   3.555237079474104E-02   0.000000000000000E+00  -3.195071538570889E-01   2.042263831629151E-01  -2.159706147103740E-01  -9.372616575564571E-02   3.063106521219692E-02   2.634274365428261E-02   1.701287345812861E-01  -3.630675771410038E-02   7.042913420967443E-04   0.000000000000000E+00   0.000000000000000E+00   1.000000000000000E+00   0.000000000000000E+00   5.907821224236087E-02  -4.172539753479865E-02  -3.486860957389541E-01   2.377271480234285E-05   2.664437761726378E-05   3.610884774105247E-05   1.845384116309208E-05   1.462811088165575E-05   2.440032840940213E-05   2.323116210219055E-05   2.081890769892109E-05   2.471073924695916E-05  -2.845821425844521E-05  -5.183367388614246E-05  -1.068005713769076E-05   0.000000000000000E+00   0.000000000000000E+00   0.000000000000000E+00   0.000000000000000E+00   2.288834029090785E-05   7.770982745769652E-06  -4.427480276678193E-06   6.201256080092478E-06   0.000000000000000E+00  -2.027121485601116E-04  -3.060276201364895E-04  -2.523567681263836E-04  -9.180013765324644E-05   4.551893094513278E-05   9.658469411724561E-06   1.261850524903032E-05   3.789016840253786E-07   0.000000000000000E+00   0.000000000000000E+00   0.000000000000000E+00   0.000000000000000E+00   0.000000000000000E+00   7.325632752293358E-06   1.295807593883468E-05   1.317940146055815E-06   1.171545897113445E-05  -7.736512618048735E-05  -1.477738729449548E-04  -6.059641339993730E-05  -8.188627158236355E-05   1.020488913758335E-03  -4.278712035620700E-05  -5.436745849347109E-06   1.129527304249254E-05   3.670358139365559E-05   1.213561637195234E-06   0.000000000000000E+00   0.000000000000000E+00   0.000000000000000E+00   0.000000000000000E+00   2.393732491599780E-06   2.618231567166482E-06  -6.612102630493693E-06   2.241185207318958E-06   0.000000000000000E+00  -9.280751118646823E-05  -1.692733093206509E-04   7.428283067879054E-05  -8.181753243425964E-05   0.000000000000000E+00   0.000000000000000E+00   0.000000000000000E+00   0.000000000000000E+00   0.000000000000000E+00   0.000000000000000E+00   0.000000000000000E+00   0.000000000000000E+00   0.000000000000000E+00   1.845841753202750E-07   5.098520490456461E-06  -3.323073017814535E-06   3.332067809662042E-06   2.143477463314599E-10   1.243137833920942E-04   0.000000000000000E+00   0.000000000000000E+00   0.000000000000000E+00   0.000000000000000E+00   0.000000000000000E+00   0.000000000000000E+00   0.000000000000000E+00   0.000000000000000E+00   0.000000000000000E+00   6.085675495646166E-06   0.000000000000000E+00   0.000000000000000E+00   0.000000000000000E+00   0.000000000000000E+00   0.000000000000000E+00   0.000000000000000E+00   0.000000000000000E+00   0.000000000000000E+00   0.000000000000000E+00   0.000000000000000E+00   0.000000000000000E+00   0.000000000000000E+00   0.000000000000000E+00   0.000000000000000E+00   0.000000000000000E+00   0.000000000000000E+00
   0.000000000000000E+00   0.000000000000000E+00   0.000000000000000E+00   0.000000000000000E+00   0.000000000000000E+00   0.000000000000000E+00   0.000000000000000E+00   0.000000000000000E+00   0.000000000000000E+00   0.000000000000000E+00   0.000000000000000E+00   0.000000000000000E+00  -6.281612532431241E-06   2.886569800965976E-06  -2.693710480049739E-05   1.693014024141159E-05   0.000000000000000E+00   0.000000000000000E+00   0.000000000000000E+00   0.000000000000000E+00   0.000000000000000E+00   0.000000000000000E+00   0.000000000000000E+00   0.000000000000000E+00   0.000000000000000E+00  -5.482737761719790E-06   3.393315635442097E-06  -1.071741948092022E-05  -2.691272080065966E-06  -1.397475569947510E-05  -4.234601642060774E-06   3.096162429271599E-05  -2.627547113708176E-05   0.000000000000000E+00   0.000000000000000E+00   0.000000000000000E+00   0.000000000000000E+00   0.000000000000000E+00   0.000000000000000E+00   0.000000000000000E+00   0.000000000000000E+00   0.000000000000000E+00   0.000000000000000E+00   6.515776432428669E-07   1.942783169184373E-06  -1.008492928586193E-05   3.706984306538863E-05  -1.342286843937186E-05   1.833175402075702E-04   5.156330542393032E-06   3.018239511072270E-04  -2.174854500755788E-04   0.000000000000000E+00   0.000000000000000E+00   0.000000000000000E+00   0.000000000000000E+00   0.000000000000000E+00   0.000000000000000E+00   0.000000000000000E+00   0.000000000000000E+00   0.000000000000000E+00   1.059262900575516E-04  -6.641721106195919E-05   2.055223026851728E-04   1.794746119454792E-04   1.281547859524758E-02   1.238513568745930E-03   1.870823519302744E-02  -1.179910760926513E-02  -3.805415079221439E-05   0.000000000000000E+00   0.000000000000000E+00   0.000000000000000E+00   0.000000000000000E+00   0.000000000000000E+00   0.000000000000000E+00   4.043672464747887E-05   1.234394165965036E-02  -4.863562176658018E-03   2.111553371952854E-02   7.829419253778537E-03   5.246336415911242E-02   3.164510841318185E-02   3.555237079474104E-02  -6.461048334994822E-02   0.000000000000000E+00  -7.355338491198560E-02   4.701472749083882E-02  -9.372616575564571E-02   1.695881033973789E-01   2.795561318517624E-01   2.404185250280307E-01  -3.630675771410038E-02  -1.572487782907229E-01  -3.218060775831652E-03   0.000000000000000E+00   0.000000000000000E+00   0.000000000000000E+00   1.000000000000000E+00   5.237487659668693E-02  -5.173550731661758E-02   3.324760725605582E-01   1.083517995754387E-05   1.214403271734683E-05   1.845384116309208E-05   4.031490329116843E-06   1.161744501973758E-05   1.937840614233054E-05   2.081890769892109E-05   1.355111647732933E-05   6.057852764317971E-06  -6.976548543940869E-06  -1.068005713769076E-05  -1.088660728143624E-05   0.000000000000000E+00   0.000000000000000E+00   0.000000000000000E+00   0.000000000000000E+00   2.747868498009907E-05   9.329483227825596E-06   6.201256080092478E-06  -2.147867835227698E-06   0.000000000000000E+00  -6.201570448862726E-05  -9.362299492432536E-05  -9.180013765324644E-05   1.962803120561724E-05   7.787206249081138E-07   1.652334354033918E-07   3.789016840253786E-07  -9.523134883064396E-06   0.000000000000000E+00   0.000000000000000E+00   0.000000000000000E+00   0.000000000000000E+00   0.000000000000000E+00   1.724517301675891E-05   3.050443136936493E-05   1.171545897113445E-05   2.392049605202157E-05  -7.316601297885834E-05  -1.397532149124017E-04  -8.188627158236355E-05  -5.145232532723387E-05  -5.149321530329167E-06   7.740764522601257E-06  -1.881437544831865E-07   3.908836530187405E-07   1.213561637195234E-06   1.677572469433658E-06   0.000000000000000E+00   0.000000000000000E+00   0.000000000000000E+00   0.000000000000000E+00   2.706528223831067E-05   2.960363222678070E-05   2.241185207318958E-06   1.853015199836257E-05   0.000000000000000E+00  -2.687124454954256E-04  -4.901095215587225E-04  -8.181753243425964E-05  -1.343514975710284E-04   0.000000000000000E+00   0.000000000000000E+00   0.000000000000000E+00   0.000000000000000E+00   0.000000000000000E+00   0.000000000000000E+00   0.000000000000000E+00   0.000000000000000E+00   0.000000000000000E+00  -2.343172699144165E-06  -6.472230893323199E-05   3.332067809662042E-06  -4.535896145459715E-05  -3.859274543545581E-09   6.989012194013150E-04   0.000000000000000E+00   0.000000000000000E+00   0.000000000000000E+00   0.000000000000000E+00   0.000000000000000E+00   0.000000000000000E+00   0.000000000000000E+00   0.000000000000000E+00   0.000000000000000E+00  -1.249285471730511E-05   0.000000000000000E+00   0.000000000000000E+00   0.000000000000000E+00   0.000000000000000E+00   0.000000000000000E+00   0.000000000000000E+00   0.000000000000000E+00   0.000000000000000E+00   0.000000000000000E+00   0.000000000000000E+00   0.000000000000000E+00   0.000000000000000E+00   0.000000000000000E+00   0.000000000000000E+00   0.000000000000000E+00   0.000000000000000E+00
   0.000000000000000E+00   0.000000000000000E+00   0.000000000000000E+00   0.000000000000000E+00   0.000000000000000E+00   0.000000000000000E+00   0.000000000000000E+00   0.000000000000000E+00  -1.195160438631556E-05  -5.087371072366868E-06   3.287820335460394E-05  -1.967622470776430E-05  -8.432878226982339E-06   3.787298242312381E-06   3.054156388667046E-05  -3.636714887071677E-05   0.000000000000000E+00   0.000000000000000E+00   0.000000000000000E+00   0.000000000000000E+00   0.000000000000000E+00   0.000000000000000E+00   0.000000000000000E+00   0.000000000000000E+00   0.000000000000000E+00   6.162261462409034E-05  -1.083686100160303E-06   6.373148826839918E-06  -3.292838485471289E-06   5.602836790689781E-05  -2.162678635552282E-06  -1.361697989028404E-05   1.722006487184387E-05   0.000000000000000E+00   0.000000000000000E+00   0.000000000000000E+00   0.000000000000000E+00   0.000000000000000E+00   0.000000000000000E+00   0.000000000000000E+00   0.000000000000000E+00   0.000000000000000E+00   0.000000000000000E+00  -9.368593762628259E-05  -1.616839590398411E-04   1.597306641915536E-05  -3.251385341743499E-04   2.609268296720160E-04   8.145024232984098E-06  -3.531821862072110E-05  -5.651763444415032E-05   1.241308938299316E-04   0.000000000000000E+00   0.000000000000000E+00   0.000000000000000E+00   0.000000000000000E+00   0.000000000000000E+00   0.000000000000000E+00   0.000000000000000E+00   0.000000000000000E+00   0.000000000000000E+00  -1.327444854961122E-02   6.176869050271579E-04  -1.926946691798657E-02   1.365131251421917E-02  -1.500728357357327E-03  -1.031156570973578E-03  -6.566637501270808E-04   2.581059129082376E-03  -8.258624091218641E-05   0.000000000000000E+00   0.000000000000000E+00   0.000000000000000E+00   0.000000000000000E+00   0.000000000000000E+00   0.000000000000000E+00   1.189708822441913E-02  -6.037948751223163E-02  -2.433074044367558E-02  -4.284923714435985E-02   8.075696997120695E-02  -3.894919065712784E-04  -3.957097681502619E-04   9.722719877674224E-05   6.866091553216635E-04   0.000000000000000E+00  -4.489912541301547E-01  -2.127186093369416E-01   7.516887048797651E-02   4.195993533678880E-01  -1.492580640694163E-03  -1.602695545628767E-03   1.255888445688588E-03   1.980688988277313E-03  -8.697110213412153E-05  -5.825350479823330E-02  -4.650299941342927E-02   5.907821224236087E-02   5.237487659668693E-02   1.000000000000000E+00   5.871282991325210E-05   1.983606491879879E-02   4.561642932552981E-05   5.681519622423456E-05   4.608484721802388E-05   1.310985841919007E-05   2.769788861729649E-05   6.232050758861628E-05   3.404632827443019E-05   2.539261926980470E-05   4.873146344085540E-05  -3.803011274591120E-05  -2.830710285366857E-05   1.761024041419934E-06  -1.110656481106809E-05   1.770322454583806E-05   2.072140710906663E-05   5.120697996504117E-06   5.353889773537627E-05   6.160886613016712E-05   1.497744237186759E-05   2.333585444005456E-05   0.000000000000000E+00  -5.298649732742253E-05  -2.293320885389498E-04  -8.603368321409276E-05   1.917383427688482E-05   6.304892269440971E-05   2.094990175352730E-05   2.375365202669757E-05  -7.121538293311622E-06  -5.038483932690622E-08   4.674370781784045E-08   7.430257635305995E-08   2.762623187376351E-09   0.000000000000000E+00  -3.360039850661260E-06   4.776110622489689E-05   2.923145446914527E-06   2.425776179400173E-05   2.004270629473091E-05  -1.149201147391448E-04  -1.605826022108847E-05  -1.726374935885255E-05   1.600660096397746E-04  -9.626723395143584E-05   1.064415322626036E-06   3.017510829883926E-05   4.894201281931734E-05  -9.374443743769013E-06   0.000000000000000E+00   0.000000000000000E+00   0.000000000000000E+00   0.000000000000000E+00  -6.834750380652961E-06   4.427462115069826E-05  -8.161625991128120E-06   2.094429151892942E-05   0.000000000000000E+00   3.736492540020736E-05  -7.694465411281707E-05   1.308428067010338E-05  -8.154170175984958E-06  -5.895911188354257E-09   3.770954438839508E-09   9.017536867527212E-09  -2.805219574020127E-09   0.000000000000000E+00   0.000000000000000E+00   0.000000000000000E+00   0.000000000000000E+00   0.000000000000000E+00   4.203447490549820E-05   6.992364769392023E-05  -2.135684230354029E-05   1.977008617448814E-05   0.000000000000000E+00  -3.415028122757496E-05   0.000000000000000E+00   0.000000000000000E+00   0.000000000000000E+00   0.000000000000000E+00   0.000000000000000E+00   0.000000000000000E+00   0.000000000000000E+00   0.000000000000000E+00   0.000000000000000E+00  -7.395759386499748E-06   0.000000000000000E+00   0.000000000000000E+00   0.000000000000000E+00   0.000000000000000E+00   0.000000000000000E+00   0.000000000000000E+00   0.000000000000000E+00   0.000000000000000E+00   0.000000000000000E+00   0.000000000000000E+00   0.000000000000000E+00   0.000000000000000E+00   0.000000000000000E+00   0.000000000000000E+00   0.000000000000000E+00   0.000000000000000E+00
   0.000000000000000E+00   0.000000000000000E+00   0.000000000000000E+00   0.000000000000000E+00   0.000000000000000E+00   0.000000000000000E+00   0.000000000000000E+00   0.000000000000000E+00   0.000000000000000E+00   0.000000000000000E+00   0.000000000000000E+00   0.000000000000000E+00   0.000000000000000E+00   0.000000000000000E+00   0.000000000000000E+00   0.000000000000000E+00   0.000000000000000E+00   0.000000000000000E+00   0.000000000000000E+00   0.000000000000000E+00   0.000000000000000E+00   0.000000000000000E+00   0.000000000000000E+00   0.000000000000000E+00   0.000000000000000E+00   0.000000000000000E+00   0.000000000000000E+00   0.000000000000000E+00   0.000000000000000E+00   1.791964751759062E-05  -2.370546584459468E-05   6.534522521632796E-05  -1.569973308753921E-05   0.000000000000000E+00   0.000000000000000E+00   0.000000000000000E+00   0.000000000000000E+00   0.000000000000000E+00   0.000000000000000E+00   0.000000000000000E+00   0.000000000000000E+00   0.000000000000000E+00   0.000000000000000E+00   0.000000000000000E+00   1.434947997754165E-07  -2.424621041307963E-05   5.195974889636334E-05  -3.019798828420851E-07   3.368918818899490E-05   2.462173785314703E-05  -7.912789075825740E-05   2.758734830492687E-05   0.000000000000000E+00   0.000000000000000E+00   0.000000000000000E+00   0.000000000000000E+00   0.000000000000000E+00   0.000000000000000E+00   0.000000000000000E+00   0.000000000000000E+00   0.000000000000000E+00   5.839446464318629E-05  -2.777241716643265E-05   5.070606697942691E-05   1.060087864554231E-05  -1.157655575005977E-03   7.836588461225174E-04  -2.037404020164685E-03   3.494155065391376E-04  -7.867748437494092E-05   0.000000000000000E+00   0.000000000000000E+00   0.000000000000000E+00   0.000000000000000E+00   0.000000000000000E+00   0.000000000000000E+00  -8.394694125347706E-06  -2.542947863734361E-04   2.749376650021472E-04  -4.862146380593414E-04  -1.019896633911881E-04  -5.236019623821715E-02   2.159871722478744E-02  -7.490879273922114E-02   2.933544769658448E-02   0.000000000000000E+00  -1.523575667055146E-03   1.693671195783420E-03  -1.928017570772489E-03  -1.348331618574777E-03  -4.427418307792911E-01   2.370642550400106E-01  -4.033496965828238E-01  -6.576035675283805E-02   2.113641882384988E-02  -5.434992059997639E-02   5.477181358631524E-02  -4.172539753479865E-02  -5.173550731661758E-02   5.871282991325210E-05   1.000000000000000E+00   2.010067944355692E-02   0.000000000000000E+00   0.000000000000000E+00   0.000000000000000E+00   0.000000000000000E+00   0.000000000000000E+00   0.000000000000000E+00   0.000000000000000E+00   0.000000000000000E+00   1.706539242765051E-05   1.662742313297965E-05   6.292339701252281E-05   2.781069935560707E-05   0.000000000000000E+00   0.000000000000000E+00   0.000000000000000E+00   0.000000000000000E+00  -3.453330029452646E-06   2.157893852022310E-05   3.118892208759902E-05   3.779798436558401E-05   0.000000000000000E+00   4.384486606488721E-05  -2.028663555292914E-05  -5.087691251520658E-05  -2.821802060086425E-05  -1.201721589088484E-05   5.155345502804567E-06   3.669111064770803E-05   8.210998720534097E-06   0.000000000000000E+00   0.000000000000000E+00   0.000000000000000E+00   0.000000000000000E+00   0.000000000000000E+00  -1.736176711888294E-07   1.400841677819499E-07   1.251964211167813E-07   2.418371289490113E-07   5.372139283439669E-05  -1.298008810419102E-05  -1.935471312124151E-05  -2.025792244715355E-05   2.520987405764258E-04  -3.547268699531292E-05   0.000000000000000E+00   0.000000000000000E+00   0.000000000000000E+00   0.000000000000000E+00   0.000000000000000E+00   0.000000000000000E+00   0.000000000000000E+00   0.000000000000000E+00  -1.819694852257290E-06   2.803327054095519E-05   1.237853576565084E-05   4.604604452295084E-05   0.000000000000000E+00  -1.800524105084690E-04  -2.382943155960815E-04  -1.806001974160592E-04  -3.316847764319048E-04   0.000000000000000E+00   0.000000000000000E+00   0.000000000000000E+00   0.000000000000000E+00   0.000000000000000E+00   0.000000000000000E+00   0.000000000000000E+00   0.000000000000000E+00   0.000000000000000E+00   5.643714779329045E-05  -1.137428687498484E-05  -3.469068488707261E-06  -1.655575805802642E-05   0.000000000000000E+00   3.177308629856474E-03   0.000000000000000E+00   0.000000000000000E+00   0.000000000000000E+00   0.000000000000000E+00   0.000000000000000E+00   0.000000000000000E+00   0.000000000000000E+00   0.000000000000000E+00   0.000000000000000E+00  -8.020088595771772E-05   0.000000000000000E+00   0.000000000000000E+00   0.000000000000000E+00   0.000000000000000E+00   0.000000000000000E+00   0.000000000000000E+00   0.000000000000000E+00   0.000000000000000E+00   0.000000000000000E+00   0.000000000000000E+00   0.000000000000000E+00   0.000000000000000E+00   0.000000000000000E+00   0.000000000000000E+00   0.000000000000000E+00   0.000000000000000E+00
   0.000000000000000E+00   0.000000000000000E+00   0.000000000000000E+00   0.000000000000000E+00   0.000000000000000E+00   0.000000000000000E+00   0.000000000000000E+00   0.000000000000000E+00   0.000000000000000E+00   0.000000000000000E+00   0.000000000000000E+00   0.000000000000000E+00   0.000000000000000E+00   0.000000000000000E+00   0.000000000000000E+00   0.000000000000000E+00   0.000000000000000E+00   0.000000000000000E+00   0.000000000000000E+00   0.000000000000000E+00   0.000000000000000E+00   0.000000000000000E+00   0.000000000000000E+00   0.000000000000000E+00   0.000000000000000E+00   0.000000000000000E+00   0.000000000000000E+00   0.000000000000000E+00   0.000000000000000E+00   2.152696231091778E-07  -5.804321392237762E-06   4.798225257634037E-05  -3.098526811178650E-05   0.000000000000000E+00   0.000000000000000E+00   0.000000000000000E+00   0.000000000000000E+00   0.000000000000000E+00   0.000000000000000E+00   0.000000000000000E+00   0.000000000000000E+00   0.000000000000000E+00   0.000000000000000E+00   0.000000000000000E+00   2.605129133792028E-05  -1.618455985464664E-05   6.820644100992013E-05  -2.640976514385766E-05   6.065335520796514E-05   3.111448616546444E-07   3.867082642821619E-05  -3.424404185228810E-05   0.000000000000000E+00   0.000000000000000E+00   0.000000000000000E+00   0.000000000000000E+00   0.000000000000000E+00   0.000000000000000E+00   0.000000000000000E+00   0.000000000000000E+00   0.000000000000000E+00   2.234495657703191E-05   2.868783616032736E-05  -1.056719241629406E-04   2.589403307448229E-05  -3.056408683341900E-04  -2.014916718719764E-05  -4.901828418011218E-04   4.325095167551676E-04  -3.902201306771489E-05   0.000000000000000E+00   0.000000000000000E+00   0.000000000000000E+00   0.000000000000000E+00   0.000000000000000E+00   0.000000000000000E+00  -9.111044153510514E-05  -1.414676465644562E-03   4.425422186307326E-04  -2.445717078421083E-03   1.039363333417056E-03  -1.728471407449413E-03  -7.722292476458564E-04  -1.640746365362572E-03   2.738325832553727E-03   0.000000000000000E+00  -6.077686892444117E-02   2.824772555105491E-02  -8.858842055802926E-02   2.022443818101091E-02  -5.725417423539718E-02  -3.416204232819101E-02  -2.685776790480065E-02   7.907119104016135E-02   9.668472258362213E-05  -4.579038545316799E-01   1.039276440124109E-02  -3.486860957389541E-01   3.324760725605582E-01   1.983606491879879E-02   2.010067944355692E-02   1.000000000000000E+00  -5.925884259240134E-06   5.824844159376797E-06   1.032214828690412E-05   2.721640524942404E-06  -1.003660275613005E-05   1.336883391254716E-05   1.720583727023439E-05   8.849720715595998E-06   3.508242029120424E-05   3.681597219484712E-05   6.703754951297903E-05   4.193761458797970E-06   0.000000000000000E+00   0.000000000000000E+00   0.000000000000000E+00   0.000000000000000E+00   4.150698032727541E-05   5.202474215873998E-05   4.505627634040909E-05   3.196548119361851E-05   0.000000000000000E+00   3.266660778301099E-05  -5.604224322263760E-05  -7.002108557022178E-05  -2.980709266125125E-06  -1.035681723685139E-05   1.556781270321428E-05   4.140830186921990E-05  -4.478623989506935E-06   0.000000000000000E+00   0.000000000000000E+00   0.000000000000000E+00   0.000000000000000E+00   0.000000000000000E+00   8.218370995935316E-06   4.732155719953807E-05   2.639379570805155E-05   3.525386553881774E-05   8.071073080422950E-06  -1.056681008069979E-04  -8.604857008998538E-05  -3.632885634920113E-05   8.678040480358490E-05  -7.173950454958947E-06   0.000000000000000E+00   0.000000000000000E+00   0.000000000000000E+00   0.000000000000000E+00   0.000000000000000E+00   0.000000000000000E+00   0.000000000000000E+00   0.000000000000000E+00   4.418816462221043E-05   6.025621589732441E-05   1.480337529067587E-05   4.209605886963899E-05   0.000000000000000E+00  -3.100586810653900E-04  -5.973440530942494E-04  -2.301136877017087E-04  -1.668756732381149E-04   0.000000000000000E+00   0.000000000000000E+00   0.000000000000000E+00   0.000000000000000E+00   0.000000000000000E+00   0.000000000000000E+00   0.000000000000000E+00   0.000000000000000E+00   0.000000000000000E+00   1.490571704712869E-05  -1.143323352521610E-04  -1.540206600498218E-05  -5.480591675579276E-05   0.000000000000000E+00   1.214953772819528E-03   0.000000000000000E+00   0.000000000000000E+00   0.000000000000000E+00   0.000000000000000E+00   0.000000000000000E+00   0.000000000000000E+00   0.000000000000000E+00   0.000000000000000E+00   0.000000000000000E+00  -5.130028331059831E-05   0.000000000000000E+00   0.000000000000000E+00   0.000000000000000E+00   0.000000000000000E+00   0.000000000000000E+00   0.000000000000000E+00   0.000000000000000E+00   0.000000000000000E+00   0.000000000000000E+00   0.000000000000000E+00   0.000000000000000E+00   0.000000000000000E+00   0.000000000000000E+00   0.000000000000000E+00   0.000000000000000E+00   0.000000000000000E+00
   6.986782253304326E-09  -2.789605422142925E-09   1.131832204514659E-09  -3.475266618689176E-09   0.000000000000000E+00   0.000000000000000E+00   0.000000000000000E+00   0.000000000000000E+00   1.543150936854225E-05  -4.753676601497367E-06   1.850554475019133E-06  -3.950100082374858E-06   1.518330857513081E-05  -3.547026354145529E-06   5.538699455848267E-07  -5.469927350947319E-06   0.000000000000000E+00   0.000000000000000E+00   0.000000000000000E+00   0.000000000000000E+00   0.000000000000000E+00   0.000000000000000E+00   0.000000000000000E+00   0.000000000000000E+00   0.000000000000000E+00  -5.348718509899372E-07   3.083320258281599E-05  -5.883060952472917E-06   2.007635824365770E-05   2.015569841919279E-06   2.062890530778651E-05   2.356667093864528E-06   2.623336348362141E-05   0.000000000000000E+00   0.000000000000000E+00   0.000000000000000E+00   0.000000000000000E+00   0.000000000000000E+00   0.000000000000000E+00   0.000000000000000E+00   0.000000000000000E+00   0.000000000000000E+00   0.000000000000000E+00   8.779547977402427E-06  -1.504290326458465E-05   3.860316855878618E-05   2.448999469976827E-06   3.086838378344552E-05   1.001494670778918E-06   1.793935023766916E-05   9.402045682257362E-06   2.857950648859748E-05   0.000000000000000E+00   0.000000000000000E+00   0.000000000000000E+00   0.000000000000000E+00   0.000000000000000E+00   0.000000000000000E+00   0.000000000000000E+00   0.000000000000000E+00   0.000000000000000E+00  -2.675342770819959E-05   2.539221909907472E-05   7.418737587098148E-06   1.486327352485477E-05  -1.275618557850438E-05   2.585042427879622E-05   2.278551818901314E-05   3.446638092588833E-05  -4.721623680295491E-08   0.000000000000000E+00   0.000000000000000E+00   0.000000000000000E+00   0.000000000000000E+00   0.000000000000000E+00   0.000000000000000E+00   6.302938897661404E-05  -2.580220145305000E-05   2.718770487860582E-05   1.826896152067290E-05   2.041334191995260E-05   5.967552466034548E-06   1.003091928320892E-05   1.660079179260441E-05   1.805955105757087E-05   0.000000000000000E+00  -1.786806865108039E-05   3.360336909174148E-05   3.218997462394787E-05   1.708742754110752E-05   1.025156398772542E-05   6.252128508059160E-06   1.320689963305920E-05   8.924460088396056E-06   0.000000000000000E+00   3.819917444371829E-06   1.564425659613912E-05   2.377271480234285E-05   1.083517995754387E-05   4.561642932552981E-05   0.000000000000000E+00  -5.925884259240134E-06   1.000000000000000E+00   0.000000000000000E+00   0.000000000000000E+00   0.000000000000000E+00   3.081763515173966E-01   1.403985274059411E-01  -2.147491007511635E-01   2.516774424837035E-01   3.216286643892524E-01  -1.105467464969104E-01  -1.595101013645391E-01  -3.151663566708932E-01   3.003734406095415E-01  -3.114711626892587E-02   3.475358750440333E-01   5.350917417126293E-02   2.683140250061473E-02   1.261723121429359E-02  -4.023305983243960E-02   1.606315112685484E-02  -5.838241840725416E-02   4.054385638338603E-02  -6.608222958939498E-03  -5.406105088913130E-02  -3.663885719108615E-02   4.388982568748206E-02  -2.826250966976963E-02   9.510505460702572E-03  -6.388226211859543E-02   2.941099407883771E-02  -1.296059724147982E-02   4.481658934349439E-02  -1.519063128947193E-02  -5.160237758736050E-02   4.331708138114304E-04   3.149441163748390E-04  -7.647835128315347E-04   4.497238156540078E-04   1.054858382458516E-02   1.602715829915174E-03  -1.885198046421586E-02  -2.047024771209421E-03  -2.007186670398762E-03  -2.132757782349790E-03   1.132921909738861E-02  -7.681012474137988E-03   1.237833015037757E-02  -1.419839030405981E-02   4.992885091822903E-04  -2.279276495474925E-04   1.030848149366269E-03  -1.766604672859307E-04  -2.461353422511852E-05  -1.331547435609712E-06   4.461213408053397E-06  -1.656048495204066E-06  -1.228368256257731E-04   7.497266072458086E-05   1.965010702802078E-05  -2.354477680930723E-04  -2.743312805012080E-05   1.024778641951743E-04  -1.211851787943714E-04   1.782684138768701E-04  -1.985477500527752E-04  -2.579398628512411E-05   3.352296195474180E-06  -1.160565908879114E-05   4.040616668330521E-06  -7.759305897678540E-05  -2.681147455309102E-05  -5.047025388722718E-06   2.729560034763767E-05  -2.626217222951746E-06   1.962746845485494E-05   5.602853938945369E-05   4.818959783499565E-05  -2.672461235279879E-05   1.118308045059460E-05  -2.383761964148214E-05   1.632513881620367E-05   7.775647461147804E-06   5.230134707429513E-06  -2.164757472913629E-05   4.972613962003031E-06   7.419567276382797E-08   1.267549139797559E-05   4.078396330879643E-06  -7.831896346112137E-06   5.738469669792880E-06   0.000000000000000E+00   0.000000000000000E+00   0.000000000000000E+00   0.000000000000000E+00  -1.024486115725810E-05   0.000000000000000E+00   0.000000000000000E+00   0.000000000000000E+00   0.000000000000000E+00   0.000000000000000E+00   0.000000000000000E+00   0.000000000000000E+00
   2.789605422142925E-09   5.684992778419246E-09  -1.907100313948437E-09   5.855710796282444E-09   0.000000000000000E+00   0.000000000000000E+00   0.000000000000000E+00   0.000000000000000E+00   4.753676601497367E-06   2.077050279360167E-05  -7.426685663939175E-06   1.585262798199713E-05   3.547026354145529E-06   1.174618140259241E-05  -1.570071938534939E-06   1.550576901311904E-05   0.000000000000000E+00   0.000000000000000E+00   0.000000000000000E+00   0.000000000000000E+00   0.000000000000000E+00   0.000000000000000E+00   0.000000000000000E+00   0.000000000000000E+00   0.000000000000000E+00  -3.083320258281599E-05   3.816907530550912E-05  -8.388339378801532E-06   2.862579663863783E-05  -2.062890530778651E-05   2.007112329765529E-05   2.862629449167462E-06   3.186551000539656E-05   0.000000000000000E+00   0.000000000000000E+00   0.000000000000000E+00   0.000000000000000E+00   0.000000000000000E+00   0.000000000000000E+00   0.000000000000000E+00   0.000000000000000E+00   0.000000000000000E+00   0.000000000000000E+00   5.877187973197222E-05  -3.860316855878618E-05   1.085114642465281E-05   1.276774445400988E-06   1.609308783799224E-05  -1.793935023766916E-05   1.182829214619532E-05   8.984674954926508E-06   2.731081988431809E-05   0.000000000000000E+00   0.000000000000000E+00   0.000000000000000E+00   0.000000000000000E+00   0.000000000000000E+00   0.000000000000000E+00   0.000000000000000E+00   0.000000000000000E+00   0.000000000000000E+00  -2.539221909907472E-05  -5.324422923932812E-05  -1.313232342031554E-05  -2.631031394781478E-05  -2.585042427879622E-05   2.592841158085385E-06   1.010360952904948E-05   1.528316590678059E-05   3.288482711852160E-08   0.000000000000000E+00   0.000000000000000E+00   0.000000000000000E+00   0.000000000000000E+00   0.000000000000000E+00   0.000000000000000E+00   3.089087179554242E-05  -2.718770487860582E-05  -2.860971149882310E-05  -1.298769307946896E-05  -1.451216694953314E-05  -1.003091928320892E-05   5.878611626382335E-06   1.570991362584488E-05   1.709038886701582E-05   0.000000000000000E+00  -3.360336909174148E-05   2.378381754570452E-07   9.488050831096718E-06   5.036548893769412E-06  -6.252128508059160E-06   6.457325881488735E-06   1.768575548106085E-05   1.195101222157912E-05   0.000000000000000E+00  -1.564425659613912E-05   1.315458763550832E-05   2.664437761726378E-05   1.214403271734683E-05   5.681519622423456E-05   0.000000000000000E+00   5.824844159376797E-06   0.000000000000000E+00   1.000000000000000E+00   0.000000000000000E+00   0.000000000000000E+00  -1.403985274059411E-01   1.057347503226098E-01   1.224768879628670E-01  -1.435380628744749E-01   1.105467464969104E-01   1.484109071860151E-01  -6.913745686732706E-02  -1.366045172309734E-01   3.114711626892587E-02   1.757791712517764E-01   4.492723513044523E-02   6.917326878336469E-03  -1.261723121429359E-02   4.731310372116772E-03   2.054173107740676E-02  -8.201338204894552E-03   3.754780958054898E-02   6.608222958939498E-03   1.639110624717570E-02  -9.657706865803499E-03  -6.545328602198627E-03   2.826250966976963E-02  -8.105763005675920E-04   6.726550879015983E-03  -4.518238154458971E-02   1.296059724147982E-02   6.139101886260082E-03   2.148397649221510E-02  -7.282017000972345E-03   7.516907493030736E-03  -3.149441163748390E-04  -5.972546904029144E-05   5.229738355907012E-04  -3.075298890247781E-04  -1.602715829915174E-03   3.807207000150144E-03   3.062503984762409E-03   3.325391478436887E-04  -6.197538591563937E-04  -1.441568518685288E-03   7.681012474137988E-03  -1.181620261934154E-03   8.982103355602990E-03  -1.030279590582471E-02   2.279276495474925E-04   7.820162599582101E-05   4.489936838868717E-04  -7.694579851809319E-05   1.331547435609712E-06  -1.351533224774078E-05   3.002049883428157E-05  -1.114391923731804E-05   1.303403972001220E-04  -1.965010702802078E-05   3.414605664883187E-05   4.372285920431012E-05   5.094356191964831E-06   1.211851787943714E-04  -6.132290282896149E-05   1.596380955460986E-04  -1.777980967244152E-04  -3.352296195474180E-06  -1.318381602255620E-05   2.565308605168621E-05  -8.931357219916172E-06  -3.261139883147404E-05   5.047025388722718E-06  -1.029179872450324E-05   1.255578007914822E-05  -1.208041056855057E-06  -2.153374899691030E-05   4.570730885049440E-07  -2.295169155056092E-05  -1.118308045059460E-05  -1.651006902588896E-05   1.733314218743063E-05  -1.187056243813811E-05  -5.230134707429513E-06   5.051950029452868E-07  -1.421265708259623E-05   3.264756349400952E-06  -9.938870912833758E-06  -4.078396330879643E-06   7.928825648606934E-06  -1.677237375718062E-05   1.228920223692564E-05   0.000000000000000E+00   0.000000000000000E+00   0.000000000000000E+00   0.000000000000000E+00   4.336244852640312E-06   0.000000000000000E+00   0.000000000000000E+00   0.000000000000000E+00   0.000000000000000E+00   0.000000000000000E+00   0.000000000000000E+00   0.000000000000000E+00
  -1.131832204514659E-09  -1.907100313948437E-09   1.758370350157182E-09  -2.375849289275250E-09   0.000000000000000E+00   0.000000000000000E+00   0.000000000000000E+00   0.000000000000000E+00  -1.850554475019133E-06  -7.426685663939175E-06   4.584071723613249E-06  -6.171255243500929E-06  -5.538699455848267E-07  -1.570071938534939E-06   1.936485705021561E-06  -2.421233614323120E-06   0.000000000000000E+00   0.000000000000000E+00   0.000000000000000E+00   0.000000000000000E+00   0.000000000000000E+00   0.000000000000000E+00   0.000000000000000E+00   0.000000000000000E+00   0.000000000000000E+00   5.883060952472917E-06  -8.388339378801532E-06  -4.193807110181693E-06  -5.461881748607514E-06  -2.356667093864528E-06   2.862629449167462E-06  -4.659655125564978E-06   3.640348226843785E-06   0.000000000000000E+00   0.000000000000000E+00   0.000000000000000E+00   0.000000000000000E+00   0.000000000000000E+00   0.000000000000000E+00   0.000000000000000E+00   0.000000000000000E+00   0.000000000000000E+00   0.000000000000000E+00  -1.264189830796653E-05  -2.448999469976827E-06   1.276774445400988E-06  -9.193436312582435E-06   1.020951519187231E-06  -9.402045682257362E-06   8.984674954926508E-06  -6.058194934933997E-07   1.431364975711764E-05   0.000000000000000E+00   0.000000000000000E+00   0.000000000000000E+00   0.000000000000000E+00   0.000000000000000E+00   0.000000000000000E+00   0.000000000000000E+00   0.000000000000000E+00   0.000000000000000E+00  -7.418737587098148E-06  -1.313232342031554E-05  -1.213285386424775E-05  -7.686973487879160E-06  -2.278551818901314E-05   1.010360952904948E-05   3.587796388360587E-08   1.347114658540803E-05   2.235035997078773E-08   0.000000000000000E+00   0.000000000000000E+00   0.000000000000000E+00   0.000000000000000E+00   0.000000000000000E+00   0.000000000000000E+00   6.121580328573809E-06  -1.826896152067290E-05  -1.298769307946896E-05  -1.800871089729264E-05  -9.751548384329722E-06  -1.660079179260441E-05   1.570991362584488E-05   2.238531212510309E-05   2.828394678749854E-05   0.000000000000000E+00  -3.218997462394787E-05   9.488050831096718E-06  -5.778400928218506E-07   4.824706137056807E-06  -1.320689963305920E-05   1.768575548106085E-05   3.544402958692551E-05   2.524513351259571E-05   0.000000000000000E+00  -2.377271480234285E-05   2.664437761726378E-05   3.610884774105247E-05   1.845384116309208E-05   4.608484721802388E-05   0.000000000000000E+00   1.032214828690412E-05   0.000000000000000E+00   0.000000000000000E+00   1.000000000000000E+00   0.000000000000000E+00   2.147491007511635E-01   1.224768879628670E-01  -1.529123317554767E-03   2.195512338725077E-01   1.595101013645391E-01  -6.913745686732706E-02   9.656605919458770E-02  -1.971093775335619E-01  -3.475358750440333E-01   4.492723513044523E-02  -3.214871542029224E-01  -7.718272307689242E-02   4.023305983243960E-02   2.054173107740676E-02  -5.432895264493445E-02   2.615192866797830E-02  -1.763917775302166E-02   5.406105088913130E-02  -9.657706865803499E-03  -6.143687117912484E-02  -5.354651997188860E-02  -9.510505460702572E-03   6.726550879015983E-03   1.691528932511417E-02   1.520414469303108E-02  -4.481658934349439E-02   2.148397649221510E-02  -6.193757949494653E-02   2.518056532768697E-02   6.944066156868778E-02   7.647835128315347E-04   5.229738355907012E-04  -1.114305753297500E-03   7.467794335587453E-04   1.885198046421586E-02   3.062503984762409E-03  -3.195520281711183E-02  -3.911499095300011E-03  -2.754832113764225E-03  -7.294953693987696E-05  -1.237833015037757E-02   8.982103355602990E-03  -1.008313969841338E-02   1.660346336158880E-02  -1.030848149366269E-03   4.489936838868717E-04  -1.853186046297899E-03   3.480026848930353E-04  -4.461213408053397E-06   3.002049883428157E-05  -1.051356618759680E-04   3.733656089917884E-05  -2.291306468656078E-04   2.354477680930723E-04   4.372285920431012E-05  -4.860926132052397E-04  -6.104062403114837E-05  -1.782684138768701E-04   1.596380955460986E-04  -1.876366839174947E-04   2.615483593680184E-04   1.160565908879114E-05   2.565308605168621E-05  -9.458497648484631E-05   3.092038443216938E-05   2.824452782333590E-04  -2.729560034763767E-05   1.255578007914822E-05  -7.587506382769011E-05   6.533394098855221E-06   6.208121118079711E-05  -2.111760250499377E-05   2.190000621558278E-05   2.383761964148214E-05   1.733314218743063E-05  -4.532543392183259E-05   2.530304182116081E-05   2.164757472913629E-05  -1.421265708259623E-05   5.589767996041481E-05  -1.351285597781743E-05   5.630694233259783E-05   7.831896346112137E-06  -1.677237375718062E-05   3.140336231063048E-05  -2.359941268269335E-05   0.000000000000000E+00   0.000000000000000E+00   0.000000000000000E+00   0.000000000000000E+00  -2.381375227702817E-05   0.000000000000000E+00   0.000000000000000E+00   0.000000000000000E+00   0.000000000000000E+00   0.000000000000000E+00   0.000000000000000E+00   0.000000000000000E+00
   3.475266618689176E-09   5.855710796282444E-09  -2.375849289275250E-09   8.279593230659345E-09   0.000000000000000E+00   0.000000000000000E+00   0.000000000000000E+00   0.000000000000000E+00   3.950100082374858E-06   1.585262798199713E-05  -6.171255243500929E-06   1.486579360014692E-05   5.469927350947319E-06   1.550576901311904E-05  -2.421233614323120E-06   2.560301816961980E-05   0.000000000000000E+00   0.000000000000000E+00   0.000000000000000E+00   0.000000000000000E+00   0.000000000000000E+00   0.000000000000000E+00   0.000000000000000E+00   0.000000000000000E+00   0.000000000000000E+00  -2.007635824365770E-05   2.862579663863783E-05  -5.461881748607514E-06   1.284472902828151E-05  -2.623336348362141E-05   3.186551000539656E-05   3.640348226843785E-06   3.553604258917406E-05   0.000000000000000E+00   0.000000000000000E+00   0.000000000000000E+00   0.000000000000000E+00   0.000000000000000E+00   0.000000000000000E+00   0.000000000000000E+00   0.000000000000000E+00   0.000000000000000E+00   0.000000000000000E+00   2.495682317823787E-05  -3.086838378344552E-05   1.609308783799224E-05   1.020951519187231E-06   3.594135540542640E-06  -2.857950648859748E-05   2.731081988431809E-05   1.431364975711764E-05   3.819466215743907E-05   0.000000000000000E+00   0.000000000000000E+00   0.000000000000000E+00   0.000000000000000E+00   0.000000000000000E+00   0.000000000000000E+00   0.000000000000000E+00   0.000000000000000E+00   0.000000000000000E+00  -1.486327352485477E-05  -2.631031394781478E-05  -7.686973487879160E-06  -2.369671640896123E-05  -3.446638092588833E-05   1.528316590678059E-05   1.347114658540803E-05   1.150723471995210E-05   7.201755052049220E-08   0.000000000000000E+00   0.000000000000000E+00   0.000000000000000E+00   0.000000000000000E+00   0.000000000000000E+00   0.000000000000000E+00   1.018952497267231E-05  -2.041334191995260E-05  -1.451216694953314E-05  -9.751548384329722E-06  -2.017771196201772E-05  -1.805955105757087E-05   1.709038886701582E-05   2.828394678749854E-05   2.715533806233267E-05   0.000000000000000E+00  -1.708742754110752E-05   5.036548893769412E-06   4.824706137056807E-06  -7.105710872841684E-06  -8.924460088396056E-06   1.195101222157912E-05   2.524513351259571E-05   1.514411639381366E-05   0.000000000000000E+00  -1.083517995754387E-05   1.214403271734683E-05   1.845384116309208E-05   4.031490329116843E-06   1.310985841919007E-05   0.000000000000000E+00   2.721640524942404E-06   0.000000000000000E+00   0.000000000000000E+00   0.000000000000000E+00   1.000000000000000E+00  -2.516774424837035E-01  -1.435380628744749E-01   2.195512338725077E-01  -7.149774187779823E-02   3.151663566708932E-01  -1.366045172309734E-01  -1.971093775335619E-01  -1.931306190190347E-01  -5.350917417126293E-02   6.917326878336469E-03  -7.718272307689242E-02   1.679220544705565E-01  -1.606315112685484E-02  -8.201338204894552E-03   2.615192866797830E-02   7.320467670840040E-04   8.190286109001170E-02   3.663885719108615E-02  -6.545328602198627E-03  -5.354651997188860E-02  -1.871851494722018E-02   6.388226211859543E-02  -4.518238154458971E-02   1.520414469303108E-02  -8.294774035926628E-02   1.519063128947193E-02  -7.282017000972345E-03   2.518056532768697E-02   3.817115349204709E-03   4.336979541965283E-02  -4.497238156540078E-04  -3.075298890247781E-04   7.467794335587453E-04  -2.834972435403542E-04   2.047024771209421E-03   3.325391478436887E-04  -3.911499095300011E-03   3.642841673601714E-03  -2.554495267966482E-03  -3.776606817409050E-03   1.419839030405981E-02  -1.030279590582471E-02   1.660346336158880E-02  -1.465280767274377E-02   1.766604672859307E-04  -7.694579851809319E-05   3.480026848930353E-04   1.178386551015739E-04   1.656048495204066E-06  -1.114391923731804E-05   3.733656089917884E-05  -1.841476996914882E-05   2.389351322975627E-04   2.743312805012080E-05   5.094356191964831E-06  -6.104062403114837E-05   3.068296842772082E-05   1.985477500527752E-04  -1.777980967244152E-04   2.615483593680184E-04  -2.441038364938205E-04  -4.040616668330521E-06  -8.931357219916172E-06   3.092038443216938E-05  -1.653913411837904E-05   1.566149364543333E-05   2.626217222951746E-06  -1.208041056855057E-06   6.533394098855221E-06  -8.598806881884380E-06  -2.986749052011576E-05  -6.359029118215015E-06  -3.746813965491727E-05  -1.632513881620367E-05  -1.187056243813811E-05   2.530304182116081E-05  -2.570720153980439E-05  -4.972613962003031E-06   3.264756349400952E-06  -1.351285597781743E-05   1.753707672058561E-07  -3.244314201674737E-06  -5.738469669792880E-06   1.228920223692564E-05  -2.359941268269335E-05   1.648615625556824E-05   0.000000000000000E+00   0.000000000000000E+00   0.000000000000000E+00   0.000000000000000E+00   1.535794334423796E-06   0.000000000000000E+00   0.000000000000000E+00   0.000000000000000E+00   0.000000000000000E+00   0.000000000000000E+00   0.000000000000000E+00   0.000000000000000E+00
   0.000000000000000E+00   0.000000000000000E+00   0.000000000000000E+00   0.000000000000000E+00   0.000000000000000E+00   0.000000000000000E+00   0.000000000000000E+00   0.000000000000000E+00   0.000000000000000E+00   0.000000000000000E+00   0.000000000000000E+00   0.000000000000000E+00   0.000000000000000E+00   0.000000000000000E+00   0.000000000000000E+00   0.000000000000000E+00   0.000000000000000E+00   0.000000000000000E+00   0.000000000000000E+00   0.000000000000000E+00   0.000000000000000E+00   0.000000000000000E+00   0.000000000000000E+00   0.000000000000000E+00   0.000000000000000E+00   1.388504796303355E-06  -6.740099427356046E-07   2.169041526265244E-07  -5.141545026509908E-07   8.601849405637702E-07  -3.274466576280776E-07   3.025504054306285E-08  -4.378492848979616E-07   0.000000000000000E+00   0.000000000000000E+00   0.000000000000000E+00   0.000000000000000E+00   0.000000000000000E+00   0.000000000000000E+00   0.000000000000000E+00   0.000000000000000E+00   0.000000000000000E+00   0.000000000000000E+00   0.000000000000000E+00   1.531570666854549E-05   8.950923980840969E-07  -9.946503724105427E-08   8.131401327441148E-07   1.039687952700682E-05  -2.927583551086482E-06  -6.433627566824963E-07  -4.750529439112431E-06   0.000000000000000E+00   0.000000000000000E+00   0.000000000000000E+00   0.000000000000000E+00   0.000000000000000E+00   0.000000000000000E+00   0.000000000000000E+00   0.000000000000000E+00   0.000000000000000E+00  -1.708357804895011E-06   3.144399912102208E-05   2.799309069517250E-06   2.263863765424605E-05   1.052843758646586E-05   9.134941283667329E-06   4.707683846754548E-06   1.281668406130428E-05   0.000000000000000E+00   0.000000000000000E+00   0.000000000000000E+00   0.000000000000000E+00   0.000000000000000E+00   0.000000000000000E+00   0.000000000000000E+00   1.786893633113201E-05  -5.270694349649722E-06   3.095458158042114E-05   1.210454258442964E-05   2.735638905265517E-05   1.553293324477793E-05   1.082116920919285E-07   1.147775265787936E-07   1.946656606564579E-07   0.000000000000000E+00  -5.789467137651254E-06   3.191079585352333E-05   2.059783107123724E-05   2.137381060473956E-05   1.420171574995673E-05   2.420670924634471E-06   3.455171418217681E-06   3.621595706520279E-06   0.000000000000000E+00   7.636208405206293E-06   1.361596284777518E-05   1.462811088165575E-05   1.161744501973758E-05   2.769788861729649E-05   0.000000000000000E+00  -1.003660275613005E-05   3.081763515173966E-01  -1.403985274059411E-01   2.147491007511635E-01  -2.516774424837035E-01   1.000000000000000E+00   0.000000000000000E+00   0.000000000000000E+00   0.000000000000000E+00   4.192300401443736E-02  -2.736752448782832E-02   7.007824094618543E-03  -6.146848869724635E-02   3.355678640054272E-02  -1.515449353032806E-02   5.031783994458075E-02  -1.727115625781483E-02   2.903431091273671E-01   3.899733981888137E-02  -3.418893675785065E-01  -1.846212762764282E-02  -4.481713619958506E-01   1.800067074998940E-02  -9.160320858629292E-03  -1.307468723953332E-02  -2.688600167073142E-02   9.447049589730262E-04  -7.922172562930547E-04   6.140278201097930E-04  -1.654452775473934E-03   5.713831082100526E-04  -3.869358806546143E-04   1.000199576900743E-03  -5.622121832416597E-04  -1.267839977712624E-02   2.482604592335034E-02   1.219050802250552E-02  -3.765080220955916E-02   1.414196073398943E-02   3.784011434928926E-02  -7.821374012090668E-03  -5.147936165667662E-02  -3.305291008034916E-02  -5.488303890820547E-04  -9.840804409049668E-06   1.001441854682870E-04  -1.101443655701989E-04   1.744581811361837E-04  -2.015257743185576E-04  -2.405589432732415E-05   5.100526545391809E-07  -1.692983915977816E-06   6.040007463295477E-07   4.822583141970649E-04   2.169549646285943E-04  -9.966015078403919E-04   1.885211730150693E-04  -1.077715410568657E-02   6.566994361816892E-04  -7.023895739498396E-05  -1.262836208026178E-03  -5.439316742453835E-04  -1.702341010441865E-05   2.025477414736908E-05  -3.007739179946000E-05   3.392753506168651E-05   6.328512278548785E-06   7.673757019326434E-06  -2.224665703781261E-05   1.056221178858630E-05   6.261221727494298E-05   8.519192314734152E-05   2.360413519351813E-05  -2.556668752432281E-04  -2.970591209722922E-05   3.198329948303114E-05   1.323922433384147E-05   2.376136959396044E-07   1.260760417470556E-05   3.962142128091810E-06  -7.908573798975556E-06   6.080836434055017E-06   0.000000000000000E+00   0.000000000000000E+00   0.000000000000000E+00   0.000000000000000E+00   5.992937182653496E-05   0.000000000000000E+00   0.000000000000000E+00   0.000000000000000E+00   0.000000000000000E+00   0.000000000000000E+00   0.000000000000000E+00   0.000000000000000E+00   0.000000000000000E+00   0.000000000000000E+00   0.000000000000000E+00   0.000000000000000E+00   0.000000000000000E+00   0.000000000000000E+00   0.000000000000000E+00   0.000000000000000E+00   0.000000000000000E+00
   0.000000000000000E+00   0.000000000000000E+00   0.000000000000000E+00   0.000000000000000E+00   0.000000000000000E+00   0.000000000000000E+00   0.000000000000000E+00   0.000000000000000E+00   0.000000000000000E+00   0.000000000000000E+00   0.000000000000000E+00   0.000000000000000E+00   0.000000000000000E+00   0.000000000000000E+00   0.000000000000000E+00   0.000000000000000E+00   0.000000000000000E+00   0.000000000000000E+00   0.000000000000000E+00   0.000000000000000E+00   0.000000000000000E+00   0.000000000000000E+00   0.000000000000000E+00   0.000000000000000E+00   0.000000000000000E+00   6.740099427356046E-07   1.739391373806128E-06  -4.983870067196557E-07   1.181387817912735E-06   3.274466576280776E-07   6.934033043704017E-07  -5.308728242062429E-08   7.682762352264014E-07   0.000000000000000E+00   0.000000000000000E+00   0.000000000000000E+00   0.000000000000000E+00   0.000000000000000E+00   0.000000000000000E+00   0.000000000000000E+00   0.000000000000000E+00   0.000000000000000E+00   0.000000000000000E+00   0.000000000000000E+00  -8.950923980840969E-07   2.737409755005007E-05  -2.968916150430245E-06   2.427129109514429E-05   2.927583551086482E-06   7.092121392741020E-06   1.271369835204636E-06   9.387674010355812E-06   0.000000000000000E+00   0.000000000000000E+00   0.000000000000000E+00   0.000000000000000E+00   0.000000000000000E+00   0.000000000000000E+00   0.000000000000000E+00   0.000000000000000E+00   0.000000000000000E+00  -3.144399912102208E-05   3.516638450166867E-05   3.677929335328358E-06   2.974423597848013E-05  -9.134941283667329E-06   1.749538213036108E-05   9.941375423696572E-06   2.706542582042197E-05   0.000000000000000E+00   0.000000000000000E+00   0.000000000000000E+00   0.000000000000000E+00   0.000000000000000E+00   0.000000000000000E+00   0.000000000000000E+00   6.424897745723006E-05  -3.095458158042114E-05   2.294497461432150E-05   1.176677843573919E-05   2.659303864968326E-05  -1.082116920919285E-07   9.747858691326545E-06   9.490268917162393E-06   1.609574211636824E-05   0.000000000000000E+00  -3.191079585352333E-05   2.344308386675996E-05   1.983265105402909E-05   2.057980405571139E-05  -2.420670924634471E-06   1.017885552494052E-05   1.454289383531388E-05   1.524337738980301E-05   0.000000000000000E+00  -1.361596284777518E-05   1.972904678315269E-05   2.440032840940213E-05   1.937840614233054E-05   6.232050758861628E-05   0.000000000000000E+00   1.336883391254716E-05   1.403985274059411E-01   1.057347503226098E-01   1.224768879628670E-01  -1.435380628744749E-01   0.000000000000000E+00   1.000000000000000E+00   0.000000000000000E+00   0.000000000000000E+00   2.736752448782832E-02  -1.366676192668561E-03   5.018516548192679E-03  -4.401945932923947E-02   1.515449353032806E-02   6.804956641417269E-03   2.479196466451866E-02  -8.509623945120113E-03  -3.899733981888137E-02   1.656995442961083E-01   5.694780787753553E-02   3.075198578405984E-03   1.458913748032836E-01   9.160320858629292E-03   2.214577455958200E-03  -7.171654030065960E-03  -1.474735867113127E-02   7.922172562930547E-04  -3.381879038535995E-04   5.162343358338260E-04  -1.390955428635952E-03   3.869358806546143E-04  -5.170368407913191E-05   6.543498668031435E-04  -3.678100608272823E-04  -2.882137100570556E-03  -1.219050802250552E-02   3.776251566355872E-03   2.004258621850693E-02  -7.528165422137001E-03   7.821374012090668E-03   1.451659250761132E-02  -1.164222784745318E-02  -7.475024899165565E-03  -3.152223086420908E-04  -6.683463342857048E-05   1.101443655701989E-04  -4.490742800533501E-05   1.446364905789543E-04  -1.670771790053763E-04  -5.100526545391809E-07  -1.371960334454829E-05   3.205278726697933E-05  -1.143537587598169E-05  -2.169549646285943E-04   7.903156430272932E-05   4.263238672666890E-04  -8.064514744273148E-05   6.863904943732575E-03   7.023895739498396E-05   2.226468996336252E-04  -1.320231943935090E-04  -5.686532957265068E-05  -2.025477414736908E-05  -5.359433424246982E-06  -6.243474151160364E-06   7.042688062268409E-06  -7.673757019326434E-06   2.373265425957517E-06  -1.697002781552478E-05   8.056987058375446E-06   7.874179487460657E-06  -2.360413519351813E-05   3.655181331094947E-05   5.163447251392664E-05   5.999404890548607E-06   2.389773274683548E-05  -1.270465277155348E-05   2.593281053167016E-05  -3.962142128091810E-06   7.118143183638594E-06  -1.588173924871907E-05   1.221133684967096E-05   0.000000000000000E+00   0.000000000000000E+00   0.000000000000000E+00   0.000000000000000E+00  -5.410900622291819E-06   0.000000000000000E+00   0.000000000000000E+00   0.000000000000000E+00   0.000000000000000E+00   0.000000000000000E+00   0.000000000000000E+00   0.000000000000000E+00   0.000000000000000E+00   0.000000000000000E+00   0.000000000000000E+00   0.000000000000000E+00   0.000000000000000E+00   0.000000000000000E+00   0.000000000000000E+00   0.000000000000000E+00   0.000000000000000E+00
   0.000000000000000E+00   0.000000000000000E+00   0.000000000000000E+00   0.000000000000000E+00   0.000000000000000E+00   0.000000000000000E+00   0.000000000000000E+00   0.000000000000000E+00   0.000000000000000E+00   0.000000000000000E+00   0.000000000000000E+00   0.000000000000000E+00   0.000000000000000E+00   0.000000000000000E+00   0.000000000000000E+00   0.000000000000000E+00   0.000000000000000E+00   0.000000000000000E+00   0.000000000000000E+00   0.000000000000000E+00   0.000000000000000E+00   0.000000000000000E+00   0.000000000000000E+00   0.000000000000000E+00   0.000000000000000E+00  -2.169041526265244E-07  -4.983870067196557E-07   3.510857138793593E-07  -3.801841891643719E-07  -3.025504054306285E-08  -5.308728242062429E-08   1.237511423226218E-07  -7.098630602437808E-08   0.000000000000000E+00   0.000000000000000E+00   0.000000000000000E+00   0.000000000000000E+00   0.000000000000000E+00   0.000000000000000E+00   0.000000000000000E+00   0.000000000000000E+00   0.000000000000000E+00   0.000000000000000E+00   0.000000000000000E+00   9.946503724105427E-08  -2.968916150430245E-06   9.865400840609262E-07  -2.697090130398112E-06   6.433627566824963E-07   1.271369835204636E-06   1.586224311201313E-06   2.063025606185587E-06   0.000000000000000E+00   0.000000000000000E+00   0.000000000000000E+00   0.000000000000000E+00   0.000000000000000E+00   0.000000000000000E+00   0.000000000000000E+00   0.000000000000000E+00   0.000000000000000E+00  -2.799309069517250E-06   3.677929335328358E-06  -5.819526812413321E-06   2.647987274772392E-06  -4.707683846754548E-06   9.941375423696572E-06   3.328096192274597E-06   1.394814306777695E-05   0.000000000000000E+00   0.000000000000000E+00   0.000000000000000E+00   0.000000000000000E+00   0.000000000000000E+00   0.000000000000000E+00   0.000000000000000E+00   1.467799695156708E-06  -1.210454258442964E-05   1.176677843573919E-05  -2.544547909394192E-06   1.039899595955369E-05  -1.147775265787936E-07   9.490268917162393E-06   1.086657833938492E-05   1.707236466644868E-05   0.000000000000000E+00  -2.059783107123724E-05   1.983265105402909E-05   5.519339548668079E-06   1.328388453125661E-05  -3.455171418217681E-06   1.454289383531388E-05   2.074815779019652E-05   2.175780331740304E-05   0.000000000000000E+00  -1.462811088165575E-05   2.440032840940213E-05   2.323116210219055E-05   2.081890769892109E-05   3.404632827443019E-05   0.000000000000000E+00   1.720583727023439E-05  -2.147491007511635E-01   1.224768879628670E-01  -1.529123317554767E-03   2.195512338725077E-01   0.000000000000000E+00   0.000000000000000E+00   1.000000000000000E+00   0.000000000000000E+00  -7.007824094618543E-03   5.018516548192679E-03   1.694698379657321E-02   1.127177680453787E-02  -5.031783994458075E-02   2.479196466451866E-02  -6.804568837031739E-02   2.825471499936406E-02   3.418893675785065E-01   5.694780787753553E-02  -3.270657271939246E-01  -2.696024144294319E-02   1.877573032675779E-01   1.307468723953332E-02  -7.171654030065960E-03  -2.997082844356173E-03  -2.104916467556065E-02  -6.140278201097930E-04   5.162343358338260E-04  -7.226391959310287E-05   1.078094831854149E-03  -1.000199576900743E-03   6.543498668031435E-04  -1.490006985977098E-03   9.507607994298766E-04   2.239209648076398E-02   3.765080220955916E-02   2.004258621850693E-02  -5.163661152263508E-02   2.325099715175503E-02   5.147936165667662E-02  -1.164222784745318E-02  -6.034234904570075E-02  -4.919973262779011E-02  -4.539229947561280E-04   3.012065512224543E-05  -1.744581811361837E-04   1.446364905789543E-04  -1.826814406813309E-04   2.646343333837217E-04   1.692983915977816E-06   3.205278726697933E-05  -1.104536091351522E-04   3.795668399900577E-05   9.966015078403919E-04   4.263238672666890E-04  -1.786515727078040E-03   3.704505019234030E-04  -1.294036094619125E-02   1.262836208026178E-03  -1.320231943935090E-04  -2.143673764685911E-03  -1.022389850718562E-03   3.007739179946000E-05  -6.243474151160364E-06  -2.926586562268351E-07  -1.045806221432200E-05   2.224665703781261E-05  -1.697002781552478E-05   4.571670132051451E-05  -2.335766266697694E-05  -3.855291290486292E-05   2.556668752432281E-04   5.163447251392664E-05  -5.179570086504530E-04  -6.498221981488691E-05  -8.328830092987953E-05  -1.109023021356425E-04  -2.765350890100854E-05   7.908573798975556E-06  -1.588173924871907E-05   3.086200408802338E-05  -2.437425401149937E-05   0.000000000000000E+00   0.000000000000000E+00   0.000000000000000E+00   0.000000000000000E+00   5.367067474092891E-05   0.000000000000000E+00   0.000000000000000E+00   0.000000000000000E+00   0.000000000000000E+00   0.000000000000000E+00   0.000000000000000E+00   0.000000000000000E+00   0.000000000000000E+00   0.000000000000000E+00   0.000000000000000E+00   0.000000000000000E+00   0.000000000000000E+00   0.000000000000000E+00   0.000000000000000E+00   0.000000000000000E+00   0.000000000000000E+00
   0.000000000000000E+00   0.000000000000000E+00   0.000000000000000E+00   0.000000000000000E+00   0.000000000000000E+00   0.000000000000000E+00   0.000000000000000E+00   0.000000000000000E+00   0.000000000000000E+00   0.000000000000000E+00   0.000000000000000E+00   0.000000000000000E+00   0.000000000000000E+00   0.000000000000000E+00   0.000000000000000E+00   0.000000000000000E+00   0.000000000000000E+00   0.000000000000000E+00   0.000000000000000E+00   0.000000000000000E+00   0.000000000000000E+00   0.000000000000000E+00   0.000000000000000E+00   0.000000000000000E+00   0.000000000000000E+00   5.141545026509908E-07   1.181387817912735E-06  -3.801841891643719E-07   1.091896231536859E-06   4.378492848979616E-07   7.682762352264014E-07  -7.098630602437808E-08   1.146155966183357E-06   0.000000000000000E+00   0.000000000000000E+00   0.000000000000000E+00   0.000000000000000E+00   0.000000000000000E+00   0.000000000000000E+00   0.000000000000000E+00   0.000000000000000E+00   0.000000000000000E+00   0.000000000000000E+00   0.000000000000000E+00  -8.131401327441148E-07   2.427129109514429E-05  -2.697090130398112E-06   2.270570287565695E-05   4.750529439112431E-06   9.387674010355812E-06   2.063025606185587E-06   1.654001435172764E-05   0.000000000000000E+00   0.000000000000000E+00   0.000000000000000E+00   0.000000000000000E+00   0.000000000000000E+00   0.000000000000000E+00   0.000000000000000E+00   0.000000000000000E+00   0.000000000000000E+00  -2.263863765424605E-05   2.974423597848013E-05   2.647987274772392E-06   1.526790920746847E-05  -1.281668406130428E-05   2.706542582042197E-05   1.394814306777695E-05   3.617868054850844E-05   0.000000000000000E+00   0.000000000000000E+00   0.000000000000000E+00   0.000000000000000E+00   0.000000000000000E+00   0.000000000000000E+00   0.000000000000000E+00   3.072946366604210E-05  -2.735638905265517E-05   2.659303864968326E-05   1.039899595955369E-05   1.635598347773102E-05  -1.946656606564579E-07   1.609574211636824E-05   1.707236466644868E-05   2.975565252762374E-05   0.000000000000000E+00  -2.137381060473956E-05   2.057980405571139E-05   1.328388453125661E-05   6.502055185334893E-06  -3.621595706520279E-06   1.524337738980301E-05   2.175780331740304E-05   2.279600284810202E-05   0.000000000000000E+00  -1.161744501973758E-05   1.937840614233054E-05   2.081890769892109E-05   1.355111647732933E-05   2.539261926980470E-05   0.000000000000000E+00   8.849720715595998E-06   2.516774424837035E-01  -1.435380628744749E-01   2.195512338725077E-01  -7.149774187779823E-02   0.000000000000000E+00   0.000000000000000E+00   0.000000000000000E+00   1.000000000000000E+00   6.146848869724635E-02  -4.401945932923947E-02   1.127177680453787E-02  -8.063731756178860E-02   1.727115625781483E-02  -8.509623945120113E-03   2.825471499936406E-02   4.573502950536728E-03   1.846212762764282E-02   3.075198578405984E-03  -2.696024144294319E-02   1.707393898155899E-01   4.122339455598585E-01   2.688600167073142E-02  -1.474735867113127E-02  -2.104916467556065E-02  -3.604509296427231E-02   1.654452775473934E-03  -1.390955428635952E-03   1.078094831854149E-03  -2.576990760377032E-03   5.622121832416597E-04  -3.678100608272823E-04   9.507607994298766E-04  -3.329854095644769E-04   1.475877252902409E-03  -1.414196073398943E-02  -7.528165422137001E-03   2.325099715175503E-02   1.532331763863527E-03   3.305291008034916E-02  -7.475024899165565E-03  -4.919973262779011E-02  -1.530382621538502E-02  -9.299941809276355E-04  -1.575544990972453E-04   2.015257743185576E-04  -1.670771790053763E-04   2.646343333837217E-04  -2.592839863859149E-04  -6.040007463295477E-07  -1.143537587598169E-05   3.795668399900577E-05  -1.760461144806179E-05  -1.885211730150693E-04  -8.064514744273148E-05   3.704505019234030E-04   1.017641371498672E-04   1.273792014677044E-02   5.439316742453835E-04  -5.686532957265068E-05  -1.022389850718562E-03  -2.103760436674611E-04  -3.392753506168651E-05   7.042688062268409E-06  -1.045806221432200E-05   2.232851011503806E-06  -1.056221178858630E-05   8.056987058375446E-06  -2.335766266697694E-05   7.609319980555495E-06   5.666572685746835E-06   2.970591209722922E-05   5.999404890548607E-06  -6.498221981488691E-05   3.376862507366940E-05   2.883346199241859E-05  -6.859517434958218E-05   4.314424041060087E-05  -6.080836434055017E-06   1.221133684967096E-05  -2.437425401149937E-05   1.790265956665144E-05   0.000000000000000E+00   0.000000000000000E+00   0.000000000000000E+00   0.000000000000000E+00   6.393189086748885E-06   0.000000000000000E+00   0.000000000000000E+00   0.000000000000000E+00   0.000000000000000E+00   0.000000000000000E+00   0.000000000000000E+00   0.000000000000000E+00   0.000000000000000E+00   0.000000000000000E+00   0.000000000000000E+00   0.000000000000000E+00   0.000000000000000E+00   0.000000000000000E+00   0.000000000000000E+00   0.000000000000000E+00   0.000000000000000E+00
   9.705916101815642E-06   1.161221398978867E-05  -6.882465013397589E-06   1.258129940736995E-05   0.000000000000000E+00   0.000000000000000E+00   0.000000000000000E+00   0.000000000000000E+00   3.483754832719414E-06   2.358957051922406E-05  -1.293351664541486E-05   1.546712740853453E-05  -8.409422059413362E-06   2.638867134230918E-05  -9.249719516875436E-06   3.649614819351544E-05   0.000000000000000E+00   0.000000000000000E+00   0.000000000000000E+00   0.000000000000000E+00   0.000000000000000E+00   1.611473687178118E-06  -7.533514395740590E-07   5.371340934010687E-07  -4.091564558226818E-07  -2.556984667686004E-05   3.447350033063916E-05  -1.156218864596874E-05   1.573483270475240E-05  -2.455197652902293E-05   3.114593463976235E-06  -1.440580716165852E-07   3.366605977593103E-06  -1.101257464874168E-05   0.000000000000000E+00   0.000000000000000E+00   0.000000000000000E+00   0.000000000000000E+00   0.000000000000000E+00   0.000000000000000E+00   0.000000000000000E+00   0.000000000000000E+00   0.000000000000000E+00   5.130163850905275E-05  -5.593743870562523E-06  -5.199297337851796E-05   3.990129016301727E-06  -3.073688689815478E-05  -1.689046470659220E-05  -1.530966786844127E-05  -5.914307180682707E-06  -2.150218725392726E-05   0.000000000000000E+00   0.000000000000000E+00   0.000000000000000E+00   0.000000000000000E+00   0.000000000000000E+00   0.000000000000000E+00   0.000000000000000E+00   0.000000000000000E+00   0.000000000000000E+00   1.041293359614186E-04  -2.760689913122524E-04  -4.766825696424725E-05  -9.664553473793002E-05   3.328813413587207E-05  -8.989535484609055E-05  -7.141410296725728E-05  -9.871214466275500E-05   5.394897300326791E-05   0.000000000000000E+00   0.000000000000000E+00   0.000000000000000E+00   0.000000000000000E+00   0.000000000000000E+00   0.000000000000000E+00  -1.337308320975606E-05   1.333682964684677E-04  -2.823299672535875E-04  -1.629114231789590E-04  -1.389713109999453E-04  -2.425294138354695E-05   1.156944047125993E-06   1.965650230919508E-06   1.830502550845142E-06   0.000000000000000E+00   1.928041178319879E-06  -5.860501909217122E-05  -5.271020613903836E-05  -1.323469610322265E-05  -2.607035626118051E-05   1.371805624552478E-05   3.090769901267469E-05   1.547781156247678E-05   4.130541488220471E-05  -2.676170848473382E-05   1.614183048746786E-05   2.471073924695916E-05   6.057852764317971E-06   4.873146344085540E-05   1.706539242765051E-05   3.508242029120424E-05   3.216286643892524E-01   1.105467464969104E-01   1.595101013645391E-01   3.151663566708932E-01   4.192300401443736E-02   2.736752448782832E-02  -7.007824094618543E-03   6.146848869724635E-02   1.000000000000000E+00   0.000000000000000E+00   0.000000000000000E+00   0.000000000000000E+00   3.492829150352549E-02   6.708316175906381E-03   4.674416617015013E-02   3.256452481919234E-02   1.005306347919935E-02   7.052902508724350E-03  -1.052805128301613E-02   1.305416438624024E-02  -1.862766721113062E-03   3.144590333928758E-01   4.479670999223439E-02  -3.592786560797486E-01  -4.174363866084365E-02   2.972733505296516E-01  -1.307711958651856E-01   2.236775669888576E-01  -2.359443525499836E-01   9.268746995100753E-03  -1.452865566178150E-03   1.664316953688035E-02   2.277660756339324E-03  -1.420111649266679E-03   8.071441069755255E-05   9.881771862052985E-05  -1.477849217727058E-04   1.749894689884520E-04   2.978808513781713E-02   1.295089578577501E-02  -4.476770766743310E-02   1.708588370033817E-02  -6.460424324426497E-02  -6.032217570341835E-02   2.582111258483026E-02  -1.135295705912757E-02   3.967203303440028E-02  -1.397036097219629E-02   7.076221008483614E-05  -2.139878464308334E-05   2.265218594950142E-04   2.856164216979814E-05  -2.678775466699262E-05  -8.574802685782331E-06   1.914388821459768E-05  -1.387854172946006E-05   5.315615973406793E-05   5.090114653299227E-04   2.188064811646119E-04  -1.049794764898310E-03   1.918234773957728E-04   4.595476361515378E-04  -3.472075001790395E-04   8.193647184468846E-04  -4.404369293451320E-04  -2.596781719715644E-05   6.563101361885508E-06  -3.705754870617976E-05   3.100796096239628E-06   6.082070506810696E-05  -2.347040656430631E-05   3.023261225969922E-07  -1.005151513294393E-06   3.715960469498797E-07   9.264537622607862E-07  -1.245778375053198E-04  -1.284011581944790E-04  -2.623694910318653E-05   4.810612011447982E-06  -1.504240621271653E-05   5.159026866320461E-06   1.469748918483621E-05   5.820325014127927E-07  -3.679105090057982E-06   1.210145519187108E-07   2.255995511317448E-05   7.893190605012705E-06   7.583538534040016E-06  -1.944871345101881E-05   8.572757435478286E-06   0.000000000000000E+00   0.000000000000000E+00   0.000000000000000E+00   0.000000000000000E+00   0.000000000000000E+00   0.000000000000000E+00   0.000000000000000E+00   0.000000000000000E+00   0.000000000000000E+00  -9.845923358825923E-06   0.000000000000000E+00   0.000000000000000E+00
  -1.161221398978867E-05   2.300419593444715E-05  -1.490699266291900E-05   2.725031476230718E-05   0.000000000000000E+00   0.000000000000000E+00   0.000000000000000E+00   0.000000000000000E+00  -2.358957051922406E-05   3.386353661303155E-05  -2.103090713419333E-05   2.515075590651101E-05  -2.638867134230918E-05   9.244075164493768E-06  -6.021480159821876E-06   2.375864823319612E-05   0.000000000000000E+00   0.000000000000000E+00   0.000000000000000E+00   0.000000000000000E+00   0.000000000000000E+00   7.533514395740590E-07   1.904779559180291E-06  -1.200650389316593E-06   9.145832744749819E-07  -3.447350033063916E-05  -3.617148716518032E-05   8.983142563111258E-06  -1.222504231002827E-05  -3.114593463976235E-06  -6.168276474392241E-05   2.644904981288699E-06  -6.181085738723135E-05   1.967412668832743E-05   0.000000000000000E+00   0.000000000000000E+00   0.000000000000000E+00   0.000000000000000E+00   0.000000000000000E+00   0.000000000000000E+00   0.000000000000000E+00   0.000000000000000E+00   0.000000000000000E+00   6.472461160965188E-05   5.199297337851796E-05  -1.691924625284816E-04   1.349580266267179E-05  -1.039612900604493E-04   1.530966786844127E-05  -5.775300952645946E-05  -2.261436603274612E-05  -8.221729413263736E-05   0.000000000000000E+00   0.000000000000000E+00   0.000000000000000E+00   0.000000000000000E+00   0.000000000000000E+00   0.000000000000000E+00   0.000000000000000E+00   0.000000000000000E+00   0.000000000000000E+00   2.760689913122524E-04  -5.082472069110590E-04  -9.600370273036965E-05  -1.946437687905580E-04   8.989535484609055E-05  -1.131631417057139E-04  -1.080078825893671E-04  -1.492938969739318E-04   2.833540956635070E-05   0.000000000000000E+00   0.000000000000000E+00   0.000000000000000E+00   0.000000000000000E+00   0.000000000000000E+00   0.000000000000000E+00  -1.785114756649875E-04   2.823299672535875E-04  -4.180343158456117E-04  -2.744101800796950E-04  -2.340851349356554E-04  -1.156944047125993E-06  -2.418258501003371E-05  -3.389486139356983E-05  -3.156443057137806E-05   0.000000000000000E+00   5.860501909217122E-05  -1.348106027908182E-04  -1.303476798805380E-04  -3.272823343601786E-05  -1.371805624552478E-05  -1.506962046001257E-05  -1.338555932968261E-05  -6.703157193235900E-06   2.098930647043194E-05  -1.614183048746786E-05  -2.685818356399512E-05  -2.845821425844521E-05  -6.976548543940869E-06  -3.803011274591120E-05   1.662742313297965E-05   3.681597219484712E-05  -1.105467464969104E-01   1.484109071860151E-01  -6.913745686732706E-02  -1.366045172309734E-01  -2.736752448782832E-02  -1.366676192668561E-03   5.018516548192679E-03  -4.401945932923947E-02   0.000000000000000E+00   1.000000000000000E+00   0.000000000000000E+00   0.000000000000000E+00  -6.708316175906381E-03   1.350624026072861E-02  -9.803844815567498E-03  -6.829890743113293E-03  -7.052902508724350E-03  -1.424135419544381E-03   7.891883139741407E-03  -9.785470934148773E-03   1.360882847531127E-03  -4.479670999223439E-02   1.826767871377411E-01   6.429032433343715E-02   7.469723076919284E-03   1.307711958651856E-01   1.058412789770584E-01   1.224677281039306E-01  -1.291840268326450E-01   1.452865566178150E-03   3.297368838458333E-03   2.784262036278996E-03   3.810334540752853E-04   4.814206843117768E-04  -9.881771862052985E-05  -4.737258759012262E-05   1.303394634317360E-04  -1.543326154019835E-04  -1.295089578577501E-02   6.398613298906293E-03   2.117877708359492E-02  -8.083016554116055E-03  -6.238444719286068E-03  -3.403706131088816E-02   1.135295705912757E-02   5.299458873706492E-03   1.892422986011581E-02  -6.664098157948867E-03   2.139878464308334E-05   3.180664440787630E-05   4.788649032580875E-05   6.037902057233261E-06   8.574802685782331E-06  -1.665376858105729E-05   2.022133924163253E-05  -1.465964998043441E-05   1.304230051012748E-05  -2.188064811646119E-04   9.079184794456351E-05   4.313610648596593E-04  -7.882033921414971E-05   3.472075001790395E-04  -8.390619835956238E-05   5.858193166291821E-04  -3.148981828950285E-04  -6.563101361885508E-06  -1.045357395031978E-05   7.124481881248568E-06  -5.961421188504436E-07   2.493336572883081E-08  -3.023261225969922E-07  -1.356668676413901E-05   3.320318504239851E-05  -1.227493780262260E-05  -2.048107418808989E-05   4.406039634744794E-05  -1.620013248378142E-04  -4.810612011447982E-06  -1.460777179636642E-05   2.578693314888623E-05  -8.844029275226483E-06  -5.820325014127927E-07   1.539841708613416E-06  -7.997663153844411E-06   2.630622391229416E-07  -1.851342032674452E-05  -7.583538534040016E-06   4.489373972508660E-06  -1.890619872980681E-05   8.333623514263408E-06   0.000000000000000E+00   0.000000000000000E+00   0.000000000000000E+00   0.000000000000000E+00   0.000000000000000E+00   0.000000000000000E+00   0.000000000000000E+00   0.000000000000000E+00   0.000000000000000E+00   9.398396202914580E-06   0.000000000000000E+00   0.000000000000000E+00
   6.882465013397589E-06  -1.490699266291900E-05   6.688113725416314E-06  -1.615104045796732E-05   0.000000000000000E+00   0.000000000000000E+00   0.000000000000000E+00   0.000000000000000E+00   1.293351664541486E-05  -2.103090713419333E-05   7.035725955998645E-06  -1.378947191499466E-05   9.249719516875436E-06  -6.021480159821876E-06  -5.824060320256916E-06  -8.327847560283487E-06   0.000000000000000E+00   0.000000000000000E+00   0.000000000000000E+00   0.000000000000000E+00   0.000000000000000E+00  -5.371340934010687E-07  -1.200650389316593E-06   1.076875718716713E-06  -6.520912182137100E-07   1.156218864596874E-05   8.983142563111258E-06  -1.240048676936670E-05   4.100199980791321E-06   1.440580716165852E-07   2.644904981288699E-06  -4.621188737848505E-06   2.858913377672280E-06  -6.369774224460677E-06   0.000000000000000E+00   0.000000000000000E+00   0.000000000000000E+00   0.000000000000000E+00   0.000000000000000E+00   0.000000000000000E+00   0.000000000000000E+00   0.000000000000000E+00   0.000000000000000E+00  -2.256028698632356E-05  -3.990129016301727E-06   1.349580266267179E-05   5.627515027436293E-06   7.978365788438453E-06   5.914307180682707E-06  -2.261436603274612E-05  -7.950072571143036E-06  -3.176152070988506E-05   0.000000000000000E+00   0.000000000000000E+00   0.000000000000000E+00   0.000000000000000E+00   0.000000000000000E+00   0.000000000000000E+00   0.000000000000000E+00   0.000000000000000E+00   0.000000000000000E+00   4.766825696424725E-05  -9.600370273036965E-05   3.117801647450457E-05  -3.360873361073514E-05   7.141410296725728E-05  -1.080078825893671E-04  -6.300684842329336E-05  -1.186011195921446E-04   1.542629392646429E-05   0.000000000000000E+00   0.000000000000000E+00   0.000000000000000E+00   0.000000000000000E+00   0.000000000000000E+00   0.000000000000000E+00  -1.482559430719541E-05   1.629114231789590E-04  -2.744101800796950E-04  -1.008154516691414E-04  -1.350729532836076E-04  -1.965650230919508E-06  -3.389486139356983E-05  -6.182015605105228E-05  -5.362803015029069E-05   0.000000000000000E+00   5.271020613903836E-05  -1.303476798805380E-04  -1.071221698217774E-04  -2.943624893741429E-05  -3.090769901267469E-05  -1.338555932968261E-05  -3.928714232321273E-05  -1.510266186805935E-05   4.825895819599108E-05  -2.471073924695916E-05  -2.845821425844521E-05  -5.183367388614246E-05  -1.068005713769076E-05  -2.830710285366857E-05   6.292339701252281E-05   6.703754951297903E-05  -1.595101013645391E-01  -6.913745686732706E-02   9.656605919458770E-02  -1.971093775335619E-01   7.007824094618543E-03   5.018516548192679E-03   1.694698379657321E-02   1.127177680453787E-02   0.000000000000000E+00   0.000000000000000E+00   1.000000000000000E+00   0.000000000000000E+00  -4.674416617015013E-02  -9.803844815567498E-03  -5.340089259202541E-02  -4.759130897358486E-02   1.052805128301613E-02   7.891883139741407E-03  -7.917661776102286E-03   1.460702734735738E-02   1.899383934809824E-04   3.592786560797486E-01   6.429032433343715E-02  -3.249285424528668E-01  -5.990868679482649E-02  -2.236775669888576E-01   1.224677281039306E-01  -3.203390275269938E-02   2.209627940203154E-01  -1.664316953688035E-02   2.784262036278996E-03  -2.835443986953207E-02  -4.364894125806875E-03   1.927845402445962E-03   1.477849217727058E-04   1.303394634317360E-04  -1.551465873953889E-04   2.308091485267376E-04   4.476770766743310E-02   2.117877708359492E-02  -6.068380158788125E-02   2.794077939868433E-02  -8.655846252541968E-02   2.360154470676614E-02  -3.967203303440028E-02   1.892422986011581E-02  -5.541425087408333E-02   2.328717715479053E-02  -2.265218594950142E-04   4.788649032580875E-05  -4.705833619051858E-04  -6.391562998860931E-05  -1.914388821459768E-05   2.022133924163253E-05  -5.274201321626660E-05   3.272876482113018E-05  -1.409560596634007E-05   1.049794764898310E-03   4.313610648596593E-04  -1.888894518823901E-03   3.781660352751282E-04  -8.193647184468846E-04   5.858193166291821E-04  -1.218121739219269E-03   7.431189154444330E-04   3.705754870617976E-05   7.124481881248568E-06  -4.941908593937155E-05   3.366025357066685E-06  -1.521449083854732E-06   1.005151513294393E-06   3.320318504239851E-05  -1.139714352398973E-04   4.081080457724036E-05   4.243081162182094E-05  -3.551366573882416E-04   2.407003006915916E-04   1.504240621271653E-05   2.578693314888623E-05  -8.699474013927210E-05   2.765458544537048E-05   3.679105090057982E-06  -7.997663153844411E-06   5.082891133890003E-05  -1.662851508481056E-06   6.864387857353561E-05   1.944871345101881E-05  -1.890619872980681E-05   4.560413924524166E-05  -2.137237847609863E-05   0.000000000000000E+00   0.000000000000000E+00   0.000000000000000E+00   0.000000000000000E+00   0.000000000000000E+00   0.000000000000000E+00   0.000000000000000E+00   0.000000000000000E+00   0.000000000000000E+00  -1.749447010488649E-05   0.000000000000000E+00   0.000000000000000E+00
  -1.258129940736995E-05   2.725031476230718E-05  -1.615104045796732E-05   2.737732197833085E-05   0.000000000000000E+00   0.000000000000000E+00   0.000000000000000E+00   0.000000000000000E+00  -1.546712740853453E-05   2.515075590651101E-05  -1.378947191499466E-05   1.199581450205088E-05  -3.649614819351544E-05   2.375864823319612E-05  -8.327847560283487E-06   2.492406389244715E-05   0.000000000000000E+00   0.000000000000000E+00   0.000000000000000E+00   0.000000000000000E+00   0.000000000000000E+00   4.091564558226818E-07   9.145832744749819E-07  -6.520912182137100E-07   7.175446110846952E-07  -1.573483270475240E-05  -1.222504231002827E-05   4.100199980791321E-06  -1.496750798159445E-05  -3.366605977593103E-06  -6.181085738723135E-05   2.858913377672280E-06  -7.131104230981991E-05   3.755484238137699E-05   0.000000000000000E+00   0.000000000000000E+00   0.000000000000000E+00   0.000000000000000E+00   0.000000000000000E+00   0.000000000000000E+00   0.000000000000000E+00   0.000000000000000E+00   0.000000000000000E+00   1.484385483013108E-05   3.073688689815478E-05  -1.039612900604493E-04   7.978365788438453E-06  -5.479596561677134E-05   2.150218725392726E-05  -8.221729413263736E-05  -3.176152070988506E-05  -1.146867673563774E-04   0.000000000000000E+00   0.000000000000000E+00   0.000000000000000E+00   0.000000000000000E+00   0.000000000000000E+00   0.000000000000000E+00   0.000000000000000E+00   0.000000000000000E+00   0.000000000000000E+00   9.664553473793002E-05  -1.946437687905580E-04  -3.360873361073514E-05  -2.038562303181778E-05   9.871214466275500E-05  -1.492938969739318E-04  -1.186011195921446E-04  -1.411403039157398E-04   5.873582981089524E-05   0.000000000000000E+00   0.000000000000000E+00   0.000000000000000E+00   0.000000000000000E+00   0.000000000000000E+00   0.000000000000000E+00  -1.726169134419704E-05   1.389713109999453E-04  -2.340851349356554E-04  -1.350729532836076E-04  -5.769769480333803E-05  -1.830502550845142E-06  -3.156443057137806E-05  -5.362803015029069E-05  -5.417357066055767E-05   0.000000000000000E+00   1.323469610322265E-05  -3.272823343601786E-05  -2.943624893741429E-05   2.723453513024507E-06  -1.547781156247678E-05  -6.703157193235900E-06  -1.510266186805935E-05  -1.669162081347379E-05   5.474339112159708E-05  -6.057852764317971E-06  -6.976548543940869E-06  -1.068005713769076E-05  -1.088660728143624E-05   1.761024041419934E-06   2.781069935560707E-05   4.193761458797970E-06  -3.151663566708932E-01  -1.366045172309734E-01  -1.971093775335619E-01  -1.931306190190347E-01  -6.146848869724635E-02  -4.401945932923947E-02   1.127177680453787E-02  -8.063731756178860E-02   0.000000000000000E+00   0.000000000000000E+00   0.000000000000000E+00   1.000000000000000E+00  -3.256452481919234E-02  -6.829890743113293E-03  -4.759130897358486E-02  -1.824148770352533E-02  -1.305416438624024E-02  -9.785470934148773E-03   1.460702734735738E-02  -1.424909705415247E-02   3.258829097287353E-03   4.174363866084365E-02   7.469723076919284E-03  -5.990868679482649E-02   1.837322031326691E-01   2.359443525499836E-01  -1.291840268326450E-01   2.209627940203154E-01  -5.563969830625842E-02  -2.277660756339324E-03   3.810334540752853E-04  -4.364894125806875E-03   2.943073966731349E-03   1.834259757598046E-03  -1.749894689884520E-04  -1.543326154019835E-04   2.308091485267376E-04  -2.335168950461426E-04  -1.708588370033817E-02  -8.083016554116055E-03   2.794077939868433E-02   1.861665060864584E-03  -5.061584772032940E-02  -8.496501629760064E-02   1.397036097219629E-02  -6.664098157948867E-03   2.328717715479053E-02   2.514517103741019E-03  -2.856164216979814E-05   6.037902057233261E-06  -6.391562998860931E-05   2.827134472076402E-05   1.387854172946006E-05  -1.465964998043441E-05   3.272876482113018E-05  -3.132338695410709E-05   2.671706650838103E-05  -1.918234773957728E-04  -7.882033921414971E-05   3.781660352751282E-04   1.115992224184018E-04   4.404369293451320E-04  -3.148981828950285E-04   7.431189154444330E-04  -2.351162150760083E-04  -3.100796096239628E-06  -5.961421188504436E-07   3.366025357066685E-06  -9.473440624759089E-06  -4.423961410527280E-07  -3.715960469498797E-07  -1.227493780262260E-05   4.081080457724036E-05  -1.866735407070672E-05  -3.403046627147629E-05  -2.170588218450659E-05  -2.206857999068465E-04  -5.159026866320461E-06  -8.844029275226483E-06   2.765458544537048E-05  -1.584559363696014E-05  -1.210145519187108E-07   2.630622391229416E-07  -1.662851508481056E-06   3.293107366338678E-07  -1.891444957725264E-05  -8.572757435478286E-06   8.333623514263408E-06  -2.137237847609863E-05   6.538061151507404E-06   0.000000000000000E+00   0.000000000000000E+00   0.000000000000000E+00   0.000000000000000E+00   0.000000000000000E+00   0.000000000000000E+00   0.000000000000000E+00   0.000000000000000E+00   0.000000000000000E+00   1.133810413100930E-05   0.000000000000000E+00   0.000000000000000E+00
   2.076583665251814E-06  -7.758282132899990E-07   7.451315805261389E-08  -1.032747263945208E-06   0.000000000000000E+00   0.000000000000000E+00   0.000000000000000E+00   0.000000000000000E+00   1.511677512384767E-05   1.525581745160957E-06  -1.840861924077495E-07   1.364692947862234E-06   8.460867468062758E-06  -2.450845135287571E-06  -5.384896593631733E-07  -4.052458218977116E-06   0.000000000000000E+00   0.000000000000000E+00   0.000000000000000E+00   0.000000000000000E+00   0.000000000000000E+00   3.131315890671702E-13  -1.597342839803630E-13   5.235998119370038E-14  -1.212892823988899E-13  -2.053573320850427E-06   3.193768006757077E-05   2.807847330517195E-06   2.271842251152468E-05   1.125831182127537E-05   8.210700705078098E-06   4.081763993674188E-06   1.127518239720368E-05   0.000000000000000E+00   0.000000000000000E+00   0.000000000000000E+00   0.000000000000000E+00   0.000000000000000E+00   0.000000000000000E+00   0.000000000000000E+00   0.000000000000000E+00   0.000000000000000E+00   0.000000000000000E+00   1.937264694658279E-05  -4.853190112170662E-06   3.081147641472323E-05   1.195788821519903E-05   2.688217399906046E-05   1.520491952261915E-05   7.535477854483920E-07   7.593467086214011E-07   1.303777075588216E-06   0.000000000000000E+00   0.000000000000000E+00   0.000000000000000E+00   0.000000000000000E+00   0.000000000000000E+00   0.000000000000000E+00   0.000000000000000E+00   0.000000000000000E+00   0.000000000000000E+00  -1.433916579767165E-05   3.651479408033648E-05   2.301154259464470E-05   2.385680330863398E-05   1.310010255977575E-05   4.092244131105261E-06   5.708251898871247E-06   5.988718879253837E-06   0.000000000000000E+00   0.000000000000000E+00   0.000000000000000E+00   0.000000000000000E+00   0.000000000000000E+00   0.000000000000000E+00   0.000000000000000E+00   4.779243314320080E-05   4.058961724361196E-07   2.120858897260427E-05   2.292573283264807E-05   1.773432730379704E-05   3.633681649339574E-08  -7.319773312463746E-09  -1.730241385454681E-08  -1.460315993519364E-08   0.000000000000000E+00   1.299967287947385E-05   5.321620283855853E-06   7.285891890979804E-06   3.108157105144174E-06   0.000000000000000E+00   0.000000000000000E+00   0.000000000000000E+00   0.000000000000000E+00   0.000000000000000E+00   0.000000000000000E+00   0.000000000000000E+00   0.000000000000000E+00   0.000000000000000E+00  -1.110656481106809E-05   0.000000000000000E+00   0.000000000000000E+00   3.003734406095415E-01   3.114711626892587E-02  -3.475358750440333E-01  -5.350917417126293E-02   3.355678640054272E-02   1.515449353032806E-02  -5.031783994458075E-02   1.727115625781483E-02   3.492829150352549E-02  -6.708316175906381E-03  -4.674416617015013E-02  -3.256452481919234E-02   1.000000000000000E+00   0.000000000000000E+00   0.000000000000000E+00   0.000000000000000E+00   5.095680437967680E-04   2.386240833845099E-04  -1.045651017084874E-03   1.969232677235021E-04  -1.440157983407654E-02   7.714774511158377E-04  -4.959215697119096E-05  -1.452450951067631E-03  -6.680494990526632E-04   1.705692451388652E-02  -8.978598404393920E-03  -1.185911242641853E-02  -2.576500057083405E-02   2.909752237286656E-01  -1.288650274145330E-01   2.143603937238480E-01  -2.378299043661697E-01  -4.348810175314967E-01  -2.502299408392322E-05  -2.087028342818468E-06   6.675331999418211E-06  -2.400915785330778E-06   8.379385836152602E-05   2.187477423297194E-05  -2.527964923681588E-04  -3.122343612225290E-05   2.130497387113144E-06  -5.099628812150619E-04   3.632076392804705E-02  -2.331408103527119E-02   8.296911758676145E-03  -5.403312050382263E-02   2.732081097234208E-02  -1.247687673767613E-02   4.140038055809427E-02  -1.531721209047116E-02   4.982340318370992E-06  -6.670018767375099E-06   2.676533079492421E-05  -6.619571619799898E-06   6.269374308236192E-05  -1.399398908748271E-05  -4.134461240443078E-06   4.865408943880804E-05   6.117708927733426E-06   7.853391640527764E-04  -7.184558537388815E-04   5.230004749950673E-04  -1.362085897724799E-03   4.005722379016790E-04  -2.725461491979500E-04   7.261369867510104E-04  -4.110938957853084E-04  -8.239388783525361E-03   1.222371064808409E-05  -1.921722184507944E-06   1.169201538327983E-05  -4.943312418524870E-07   0.000000000000000E+00  -7.637605697564668E-06  -2.897478852379662E-06   6.954606048830020E-05  -9.214125540134585E-05   1.372617273850435E-04  -1.553306203743223E-04  -2.629558239343586E-05   4.510447894037504E-06  -1.570244943043070E-05   5.416221004578389E-06   0.000000000000000E+00  -1.456117757917037E-05   2.096837112839301E-05  -3.028538894761824E-05   3.287983168236216E-05   7.621933437912669E-06   7.172399959672113E-06  -1.994246094963810E-05   9.305732052535979E-06   6.308258274176393E-05   1.326937358304321E-05   3.305693445152743E-06  -6.450546854367803E-06   4.804127043999840E-06  -4.565955421331122E-06   0.000000000000000E+00   0.000000000000000E+00
   7.758282132899990E-07   1.696930557699415E-06  -1.357707246921442E-07   1.881772939360087E-06   0.000000000000000E+00   0.000000000000000E+00   0.000000000000000E+00   0.000000000000000E+00  -1.525581745160957E-06   2.811091816307064E-05  -3.328118843825976E-06   2.467246595962253E-05   2.450845135287571E-06   5.574499718420547E-06   9.855638547225289E-07   7.416960147610632E-06   0.000000000000000E+00   0.000000000000000E+00   0.000000000000000E+00   0.000000000000000E+00   0.000000000000000E+00   1.597342839803630E-13   3.827573420277161E-13  -1.109496797377898E-13   2.570093940255701E-13  -3.193768006757077E-05   3.515609852651780E-05   3.640141831850089E-06   2.945255578500881E-05  -8.210700705078098E-06   1.806108545384655E-05   9.710164394217113E-06   2.682268617717878E-05   0.000000000000000E+00   0.000000000000000E+00   0.000000000000000E+00   0.000000000000000E+00   0.000000000000000E+00   0.000000000000000E+00   0.000000000000000E+00   0.000000000000000E+00   0.000000000000000E+00   0.000000000000000E+00   6.505271188248766E-05  -3.081147641472323E-05   2.375900523530884E-05   1.195086464498025E-05   2.686638451906883E-05  -7.535477854483920E-07   1.049512385839300E-05   9.985954454929193E-06   1.714560469991581E-05   0.000000000000000E+00   0.000000000000000E+00   0.000000000000000E+00   0.000000000000000E+00   0.000000000000000E+00   0.000000000000000E+00   0.000000000000000E+00   0.000000000000000E+00   0.000000000000000E+00  -3.651479408033648E-05   1.034704705664977E-05   1.229158379472026E-05   1.274307864134572E-05  -4.092244131105261E-06   1.063945788345173E-05   1.566904960182827E-05   1.643892645820155E-05   0.000000000000000E+00   0.000000000000000E+00   0.000000000000000E+00   0.000000000000000E+00   0.000000000000000E+00   0.000000000000000E+00   0.000000000000000E+00   6.181054468863128E-05  -2.120858897260427E-05   1.714892316594806E-05   2.448601610916289E-05   1.894129305334768E-05   7.319773312463746E-09   1.141074955444721E-08   1.490398623653085E-08   1.257889774881272E-08   0.000000000000000E+00  -5.321620283855853E-06   1.721051201663423E-05   2.444523736653191E-05   1.042832357995698E-05   0.000000000000000E+00   0.000000000000000E+00   0.000000000000000E+00   0.000000000000000E+00   0.000000000000000E+00   0.000000000000000E+00   0.000000000000000E+00   0.000000000000000E+00   0.000000000000000E+00   1.770322454583806E-05   0.000000000000000E+00   0.000000000000000E+00  -3.114711626892587E-02   1.757791712517764E-01   4.492723513044523E-02   6.917326878336469E-03  -1.515449353032806E-02   6.804956641417269E-03   2.479196466451866E-02  -8.509623945120113E-03   6.708316175906381E-03   1.350624026072861E-02  -9.803844815567498E-03  -6.829890743113293E-03   0.000000000000000E+00   1.000000000000000E+00   0.000000000000000E+00   0.000000000000000E+00  -2.386240833845099E-04   7.405840760963568E-05   4.681101115764240E-04  -8.815730231203930E-05   9.554006006874923E-03   4.959215697119096E-05   2.655757099639956E-04  -9.237416804767886E-05  -4.248716050913649E-05   8.978598404393920E-03   1.739287860020134E-03  -6.722683339761572E-03  -1.460564111869231E-02   1.288650274145330E-01   1.018727610096967E-01   1.177699478108600E-01  -1.306641350041035E-01   1.385611845343250E-01   2.087028342818468E-06  -1.437122829535506E-05   3.015461002027153E-05  -1.084570463378802E-05  -2.187477423297194E-05   3.669161440757628E-05   4.793191631508339E-05   5.920173627653087E-06  -1.394848109128930E-05  -2.835075141588946E-04   2.331408103527119E-02  -7.898797120946700E-04   5.821264826936718E-03  -3.791062422106850E-02   1.247687673767613E-02   5.207100059364049E-03   2.053569839906191E-02  -7.597747739613042E-03   6.670018767375099E-06  -2.972192489554687E-07  -1.474303139838190E-05   3.646230004863423E-06  -5.796351179392922E-06   4.134461240443078E-06  -8.837900160645932E-06  -3.053050984333344E-06  -3.838870992986567E-07   7.184558537388815E-04  -3.776644601826455E-04   4.739666390513901E-04  -1.234383726037739E-03   2.725461491979500E-04  -2.802157063967731E-05   4.607607208134852E-04  -2.608542509197544E-04  -1.912169241583699E-03   1.921722184507944E-06   5.328554600752477E-07  -9.470764642847650E-06   4.004181224296508E-07   0.000000000000000E+00  -1.745615482481418E-06  -7.632230052626627E-05   9.214125540134585E-05  -4.908398997499075E-05   1.266080890859592E-04  -1.432745558196464E-04  -4.510447894037504E-06  -1.311178800386715E-05   2.319117071243547E-05  -7.999293771966051E-06   0.000000000000000E+00  -2.096837112839301E-05  -2.918766653719474E-06  -9.064971439608131E-06   9.841535654544591E-06  -7.172399959672113E-06   3.298060818281324E-06  -1.747949695911104E-05   8.156441450499947E-06   6.244433587711915E-06  -3.305693445152743E-06   7.683945040551170E-06  -1.598428376496819E-05   1.190449920726562E-05   2.478509162186767E-05   0.000000000000000E+00   0.000000000000000E+00
  -7.451315805261389E-08  -1.357707246921442E-07   2.963307311560347E-07  -1.807318192967776E-07   0.000000000000000E+00   0.000000000000000E+00   0.000000000000000E+00   0.000000000000000E+00   1.840861924077495E-07  -3.328118843825976E-06   9.313137043507934E-07  -2.977133365827952E-06   5.384896593631733E-07   9.855638547225289E-07   1.305415615623859E-06   1.629624118591422E-06   0.000000000000000E+00   0.000000000000000E+00   0.000000000000000E+00   0.000000000000000E+00   0.000000000000000E+00  -5.235998119370038E-14  -1.109496797377898E-13   8.065248032042188E-14  -8.424620377324587E-14  -2.807847330517195E-06   3.640141831850089E-06  -5.928433837740998E-06   2.589364035298758E-06  -4.081763993674188E-06   9.710164394217113E-06   3.355725263733175E-06   1.333429126017441E-05   0.000000000000000E+00   0.000000000000000E+00   0.000000000000000E+00   0.000000000000000E+00   0.000000000000000E+00   0.000000000000000E+00   0.000000000000000E+00   0.000000000000000E+00   0.000000000000000E+00   0.000000000000000E+00   2.547367556418474E-06  -1.195788821519903E-05   1.195086464498025E-05  -2.396260977808952E-06   1.042680391232608E-05  -7.593467086214011E-07   9.985954454929193E-06   1.064823072395987E-05   1.727754861419649E-05   0.000000000000000E+00   0.000000000000000E+00   0.000000000000000E+00   0.000000000000000E+00   0.000000000000000E+00   0.000000000000000E+00   0.000000000000000E+00   0.000000000000000E+00   0.000000000000000E+00  -2.301154259464470E-05   1.229158379472026E-05  -1.411150963714833E-06   8.030660019527409E-06  -5.708251898871247E-06   1.566904960182827E-05   2.126300362344411E-05   2.293058042582848E-05   0.000000000000000E+00   0.000000000000000E+00   0.000000000000000E+00   0.000000000000000E+00   0.000000000000000E+00   0.000000000000000E+00   0.000000000000000E+00   3.084101007776970E-05  -2.292573283264807E-05   2.448601610916289E-05   2.096543195676304E-05   2.047486631981343E-05   1.730241385454681E-08   1.490398623653085E-08   4.033553692969578E-08   2.973388456079496E-08   0.000000000000000E+00  -7.285891890979804E-06   2.444523736653191E-05   3.282395164311449E-05   1.427753844787098E-05   0.000000000000000E+00   0.000000000000000E+00   0.000000000000000E+00   0.000000000000000E+00   0.000000000000000E+00   0.000000000000000E+00   0.000000000000000E+00   0.000000000000000E+00   0.000000000000000E+00   2.072140710906663E-05   0.000000000000000E+00   0.000000000000000E+00   3.475358750440333E-01   4.492723513044523E-02  -3.214871542029224E-01  -7.718272307689242E-02   5.031783994458075E-02   2.479196466451866E-02  -6.804568837031739E-02   2.825471499936406E-02   4.674416617015013E-02  -9.803844815567498E-03  -5.340089259202541E-02  -4.759130897358486E-02   0.000000000000000E+00   0.000000000000000E+00   1.000000000000000E+00   0.000000000000000E+00   1.045651017084874E-03   4.681101115764240E-04  -1.870375010974475E-03   3.863054035392744E-04  -1.722550995074470E-02   1.452450951067631E-03  -9.237416804767886E-05  -2.436717205326882E-03  -1.244360408148958E-03   1.185911242641853E-02  -6.722683339761572E-03  -2.050386754333188E-03  -1.929142303566317E-02  -2.143603937238480E-01   1.177699478108600E-01  -2.323287930365972E-02   2.173531173431997E-01   1.954635061373995E-01  -6.675331999418211E-06   3.015461002027153E-05  -1.013925669978027E-04   3.468983995703256E-05   2.527964923681588E-04   4.793191631508339E-05  -5.130874269054614E-04  -6.841666621753510E-05  -1.274556875146364E-04  -3.917516475049653E-04  -8.296911758676145E-03   5.821264826936718E-03   1.349605944820925E-02   1.349146481058704E-02  -4.140038055809427E-02   2.053569839906191E-02  -5.674494417452344E-02   2.521060794441788E-02  -2.676533079492421E-05  -1.474303139838190E-05   5.518933317841983E-05  -1.463152588294049E-05   1.430919046150186E-05  -4.865408943880804E-05  -3.053050984333344E-06   2.683078086224932E-05   4.517560131167125E-06  -5.230004749950673E-04   4.739666390513901E-04  -7.159170259277500E-05   8.985705547310526E-04  -7.261369867510104E-04   4.607607208134852E-04  -1.082672718553438E-03   6.949865932851242E-04   1.492249919387404E-02  -1.169201538327983E-05  -9.470764642847650E-06   5.659762400071590E-05  -2.436197534135377E-06   0.000000000000000E+00   4.699048068443718E-05   2.721157535407109E-05  -1.372617273850435E-04   1.266080890859592E-04  -1.527008824094761E-04   2.134343941426508E-04   1.570244943043070E-05   2.319117071243547E-05  -8.718683407759164E-05   2.784834430733627E-05   0.000000000000000E+00   3.028538894761824E-05  -9.064971439608131E-06   3.897887296872662E-06  -1.421449159377684E-05   1.994246094963810E-05  -1.747949695911104E-05   4.561225090130961E-05  -2.267853382817217E-05  -3.006184261697973E-05   6.450546854367803E-06  -1.598428376496819E-05   3.068336933664588E-05  -2.322977952684995E-05  -2.519422903184189E-05   0.000000000000000E+00   0.000000000000000E+00
   1.032747263945208E-06   1.881772939360087E-06  -1.807318192967776E-07   2.788221482104674E-06   0.000000000000000E+00   0.000000000000000E+00   0.000000000000000E+00   0.000000000000000E+00  -1.364692947862234E-06   2.467246595962253E-05  -2.977133365827952E-06   2.260021455511427E-05   4.052458218977116E-06   7.416960147610632E-06   1.629624118591422E-06   1.335277215418205E-05   0.000000000000000E+00   0.000000000000000E+00   0.000000000000000E+00   0.000000000000000E+00   0.000000000000000E+00   1.212892823988899E-13   2.570093940255701E-13  -8.424620377324587E-14   2.394359374130472E-13  -2.271842251152468E-05   2.945255578500881E-05   2.589364035298758E-06   1.470220190188656E-05  -1.127518239720368E-05   2.682268617717878E-05   1.333429126017441E-05   3.536226028103563E-05   0.000000000000000E+00   0.000000000000000E+00   0.000000000000000E+00   0.000000000000000E+00   0.000000000000000E+00   0.000000000000000E+00   0.000000000000000E+00   0.000000000000000E+00   0.000000000000000E+00   0.000000000000000E+00   3.086248281561311E-05  -2.688217399906046E-05   2.686638451906883E-05   1.042680391232608E-05   1.640581497823959E-05  -1.303777075588216E-06   1.714560469991581E-05   1.727754861419649E-05   3.025049748434137E-05   0.000000000000000E+00   0.000000000000000E+00   0.000000000000000E+00   0.000000000000000E+00   0.000000000000000E+00   0.000000000000000E+00   0.000000000000000E+00   0.000000000000000E+00   0.000000000000000E+00  -2.385680330863398E-05   1.274307864134572E-05   8.030660019527409E-06  -8.316374493120474E-07  -5.988718879253837E-06   1.643892645820155E-05   2.293058042582848E-05   2.346356321941349E-05   0.000000000000000E+00   0.000000000000000E+00   0.000000000000000E+00   0.000000000000000E+00   0.000000000000000E+00   0.000000000000000E+00   0.000000000000000E+00   2.374121942804600E-05  -1.773432730379704E-05   1.894129305334768E-05   2.047486631981343E-05   1.033536254570514E-05   1.460315993519364E-08   1.257889774881272E-08   2.973388456079496E-08   3.020089489286501E-08   0.000000000000000E+00  -3.108157105144174E-06   1.042832357995698E-05   1.427753844787098E-05   5.446483710257387E-06   0.000000000000000E+00   0.000000000000000E+00   0.000000000000000E+00   0.000000000000000E+00   0.000000000000000E+00   0.000000000000000E+00   0.000000000000000E+00   0.000000000000000E+00   0.000000000000000E+00   5.120697996504117E-06   0.000000000000000E+00   0.000000000000000E+00   5.350917417126293E-02   6.917326878336469E-03  -7.718272307689242E-02   1.679220544705565E-01  -1.727115625781483E-02  -8.509623945120113E-03   2.825471499936406E-02   4.573502950536728E-03   3.256452481919234E-02  -6.829890743113293E-03  -4.759130897358486E-02  -1.824148770352533E-02   0.000000000000000E+00   0.000000000000000E+00   0.000000000000000E+00   1.000000000000000E+00  -1.969232677235021E-04  -8.815730231203930E-05   3.863054035392744E-04   1.081327051635900E-04   1.619329671728934E-02   6.680494990526632E-04  -4.248716050913649E-05  -1.244360408148958E-03  -3.036093027590132E-04   2.576500057083405E-02  -1.460564111869231E-02  -1.929142303566317E-02  -3.508330357149669E-02   2.378299043661697E-01  -1.306641350041035E-01   2.173531173431997E-01  -6.847887402793254E-02   4.012921573715660E-01   2.400915785330778E-06  -1.084570463378802E-05   3.468983995703256E-05  -1.742034383991033E-05   3.122343612225290E-05   5.920173627653087E-06  -6.841666621753510E-05   3.238892986790909E-05  -8.199035319305902E-05  -8.887877262794945E-04   5.403312050382263E-02  -3.791062422106850E-02   1.349146481058704E-02  -7.229461800947022E-02   1.531721209047116E-02  -7.597747739613042E-03   2.521060794441788E-02   2.068605934054033E-03   6.619571619799898E-06   3.646230004863423E-06  -1.463152588294049E-05  -3.525842521934753E-07  -9.069369145372516E-06  -6.117708927733426E-06  -3.838870992986567E-07   4.517560131167125E-06  -8.529305402027056E-06   1.362085897724799E-03  -1.234383726037739E-03   8.985705547310526E-04  -2.066776070291286E-03   4.110938957853084E-04  -2.608542509197544E-04   6.949865932851242E-04  -2.485394466250538E-04   1.060399125461650E-04   4.943312418524870E-07   4.004181224296508E-07  -2.436197534135377E-06  -9.207767332480417E-07   0.000000000000000E+00   1.257286328402297E-05  -1.395718845456877E-04   1.553306203743223E-04  -1.432745558196464E-04   2.134343941426508E-04  -2.056248480014587E-04  -5.416221004578389E-06  -7.999293771966051E-06   2.784834430733627E-05  -1.605592869253986E-05   0.000000000000000E+00  -3.287983168236216E-05   9.841535654544591E-06  -1.421449159377684E-05   6.237213020814495E-06  -9.305732052535979E-06   8.156441450499947E-06  -2.267853382817217E-05   7.593940653827961E-06   3.759036715444154E-06  -4.804127043999840E-06   1.190449920726562E-05  -2.322977952684995E-05   1.679319907906567E-05   3.855251482192227E-05   0.000000000000000E+00   0.000000000000000E+00
   0.000000000000000E+00   0.000000000000000E+00   0.000000000000000E+00   0.000000000000000E+00   0.000000000000000E+00   0.000000000000000E+00   0.000000000000000E+00   0.000000000000000E+00   0.000000000000000E+00   0.000000000000000E+00   0.000000000000000E+00   0.000000000000000E+00   0.000000000000000E+00   0.000000000000000E+00   0.000000000000000E+00   0.000000000000000E+00   0.000000000000000E+00   0.000000000000000E+00   0.000000000000000E+00   0.000000000000000E+00   0.000000000000000E+00   0.000000000000000E+00   0.000000000000000E+00   0.000000000000000E+00   0.000000000000000E+00   0.000000000000000E+00   0.000000000000000E+00   0.000000000000000E+00   0.000000000000000E+00   0.000000000000000E+00   0.000000000000000E+00   0.000000000000000E+00   0.000000000000000E+00   0.000000000000000E+00   0.000000000000000E+00   0.000000000000000E+00   0.000000000000000E+00   0.000000000000000E+00   0.000000000000000E+00   0.000000000000000E+00   0.000000000000000E+00   0.000000000000000E+00   0.000000000000000E+00   0.000000000000000E+00   9.531084092930516E-06  -3.815667811236823E-06   1.466514553979272E-06  -3.299884784651793E-06   1.026800958252965E-05  -3.027294923389116E-06   4.832744468249447E-07  -4.644437498768823E-06   0.000000000000000E+00   0.000000000000000E+00   0.000000000000000E+00   0.000000000000000E+00   0.000000000000000E+00   0.000000000000000E+00   0.000000000000000E+00   0.000000000000000E+00   0.000000000000000E+00   3.387834981914693E-06   2.544755730540815E-05  -4.969196642911049E-06   1.734649463321719E-05   4.705107636551950E-06   1.737893042942133E-05   1.985509563797980E-06   2.297417275700907E-05   0.000000000000000E+00   0.000000000000000E+00   0.000000000000000E+00   0.000000000000000E+00   0.000000000000000E+00   0.000000000000000E+00   0.000000000000000E+00  -7.446624857337876E-07  -1.130878484782468E-05   3.682498472820016E-05   2.068753108905974E-06   3.071695823378661E-05   5.331330388375719E-06   1.366137745233462E-05   7.429923325338034E-06   2.294341338578571E-05   0.000000000000000E+00  -2.118515917511680E-05   3.934000719928748E-05   1.205718661082311E-05   2.473011719034425E-05  -6.578481019229042E-06   2.298533370328822E-05   2.039375680106076E-05   3.199015874297837E-05   0.000000000000000E+00  -1.724972503458463E-05   3.443437653579454E-05   2.288834029090785E-05   2.747868498009907E-05   5.353889773537627E-05  -3.453330029452646E-06   4.150698032727541E-05   2.683140250061473E-02  -1.261723121429359E-02   4.023305983243960E-02  -1.606315112685484E-02   2.903431091273671E-01  -3.899733981888137E-02   3.418893675785065E-01   1.846212762764282E-02   1.005306347919935E-02  -7.052902508724350E-03   1.052805128301613E-02  -1.305416438624024E-02   5.095680437967680E-04  -2.386240833845099E-04   1.045651017084874E-03  -1.969232677235021E-04   1.000000000000000E+00   0.000000000000000E+00   0.000000000000000E+00   0.000000000000000E+00  -6.264554246238818E-02   3.434673919630934E-02  -2.194324692162961E-02   7.023067442406609E-03  -5.158452156500271E-02   7.591973907154618E-05  -9.186176021722299E-05   1.435583414562778E-04  -1.686480181409719E-04  -2.547332694562273E-05   2.820180321257754E-06  -9.358968190192924E-06   3.452950283263187E-06  -1.304999028534938E-04   3.037130086251446E-01   1.468785909491353E-01  -2.204540380193704E-01   2.374704446311458E-01   2.968273756067497E-01  -1.150110735762399E-01  -1.430703454058033E-01  -2.980689306882989E-01  -1.693444081474184E-03   5.610156657661099E-05  -2.653446504435241E-05   1.144845791694723E-05  -2.562938342593827E-05   1.854324890487839E-05   6.644475662024808E-06   6.061805646055137E-06  -2.364800074486516E-05   6.105034337459598E-06   3.235820581872747E-02   1.385165911003500E-02  -4.889763962597862E-02   1.677451009779627E-02  -6.349462764950209E-02   3.201353936330471E-02  -7.582962283851717E-03  -4.299740499335992E-02  -3.004565481331651E-02   1.324363053163702E-05   3.267844520599829E-06  -6.423933602268456E-06   5.010166633825625E-06   0.000000000000000E+00   0.000000000000000E+00   0.000000000000000E+00   0.000000000000000E+00  -5.292371029571831E-06   1.122042859978586E-02   1.616046857631574E-03  -1.987940896370210E-02  -2.937093352337126E-03  -1.438468651683019E-03  -1.393069434940340E-03   0.000000000000000E+00   0.000000000000000E+00   0.000000000000000E+00   0.000000000000000E+00   0.000000000000000E+00   0.000000000000000E+00   0.000000000000000E+00   0.000000000000000E+00   0.000000000000000E+00  -3.162921070065956E-04   0.000000000000000E+00   0.000000000000000E+00   0.000000000000000E+00   0.000000000000000E+00   0.000000000000000E+00   0.000000000000000E+00   0.000000000000000E+00   0.000000000000000E+00   0.000000000000000E+00   0.000000000000000E+00   0.000000000000000E+00   0.000000000000000E+00   0.000000000000000E+00   0.000000000000000E+00   0.000000000000000E+00   0.000000000000000E+00
   0.000000000000000E+00   0.000000000000000E+00   0.000000000000000E+00   0.000000000000000E+00   0.000000000000000E+00   0.000000000000000E+00   0.000000000000000E+00   0.000000000000000E+00   0.000000000000000E+00   0.000000000000000E+00   0.000000000000000E+00   0.000000000000000E+00   0.000000000000000E+00   0.000000000000000E+00   0.000000000000000E+00   0.000000000000000E+00   0.000000000000000E+00   0.000000000000000E+00   0.000000000000000E+00   0.000000000000000E+00   0.000000000000000E+00   0.000000000000000E+00   0.000000000000000E+00   0.000000000000000E+00   0.000000000000000E+00   0.000000000000000E+00   0.000000000000000E+00   0.000000000000000E+00   0.000000000000000E+00   0.000000000000000E+00   0.000000000000000E+00   0.000000000000000E+00   0.000000000000000E+00   0.000000000000000E+00   0.000000000000000E+00   0.000000000000000E+00   0.000000000000000E+00   0.000000000000000E+00   0.000000000000000E+00   0.000000000000000E+00   0.000000000000000E+00   0.000000000000000E+00   0.000000000000000E+00   0.000000000000000E+00   3.815667811236823E-06   1.140821981075915E-05  -3.918990547646322E-06   8.818335450051791E-06   3.027294923389116E-06   7.507711307072601E-06  -9.921259630996067E-07   9.534679635546804E-06   0.000000000000000E+00   0.000000000000000E+00   0.000000000000000E+00   0.000000000000000E+00   0.000000000000000E+00   0.000000000000000E+00   0.000000000000000E+00   0.000000000000000E+00   0.000000000000000E+00  -2.544755730540815E-05   3.963084444085054E-05  -8.622929373680183E-06   3.010096175536511E-05  -1.737893042942133E-05   2.000883983021715E-05   2.750945619075257E-06   3.183097228546148E-05   0.000000000000000E+00   0.000000000000000E+00   0.000000000000000E+00   0.000000000000000E+00   0.000000000000000E+00   0.000000000000000E+00   0.000000000000000E+00   5.031686951373320E-05  -3.682498472820016E-05   1.788822966235656E-05   1.486968643132047E-06   2.207859096835000E-05  -1.366137745233462E-05   1.228699865678933E-05   8.774102086500912E-06   2.709420305498464E-05   0.000000000000000E+00  -3.934000719928748E-05  -7.274741481108768E-06   8.078514790178421E-07   1.656958824090085E-06  -2.298533370328822E-05   7.519679232726616E-06   1.331312844325188E-05   2.088330739744509E-05   0.000000000000000E+00  -3.443437653579454E-05   2.098249724192540E-06   7.770982745769652E-06   9.329483227825596E-06   6.160886613016712E-05   2.157893852022310E-05   5.202474215873998E-05   1.261723121429359E-02   4.731310372116772E-03   2.054173107740676E-02  -8.201338204894552E-03   3.899733981888137E-02   1.656995442961083E-01   5.694780787753553E-02   3.075198578405984E-03   7.052902508724350E-03  -1.424135419544381E-03   7.891883139741407E-03  -9.785470934148773E-03   2.386240833845099E-04   7.405840760963568E-05   4.681101115764240E-04  -8.815730231203930E-05   0.000000000000000E+00   1.000000000000000E+00   0.000000000000000E+00   0.000000000000000E+00   7.732040910923864E-03   2.194324692162961E-02  -6.622562025063589E-04   4.897834814107402E-03  -3.597466031218510E-02   9.186176021722299E-05  -4.085560175992862E-05   1.234257291343220E-04  -1.449968312182500E-04  -2.820180321257754E-06  -1.370440820531589E-05   2.753168852948936E-05  -1.015769578170288E-05  -4.504993027413429E-05  -1.468785909491353E-01   9.365470272658394E-02   1.331486320277914E-01  -1.434261088331266E-01   1.150110735762399E-01   1.216498286448835E-01  -6.898052990002008E-02  -1.437121908617215E-01  -1.192334208967319E-03  -8.327434157888174E-06  -1.144845791694723E-05  -1.504947465716940E-05   1.418574767140627E-05  -1.026360430139982E-05  -6.061805646055137E-06   4.683293497828879E-07  -1.494322287784654E-05   3.857784417626682E-06  -1.385165911003500E-02   7.249852360445834E-03   2.281779984672326E-02  -7.827727818072429E-03   3.837980597403962E-02   7.582962283851717E-03   1.159610440013093E-02  -1.109970946367225E-02  -7.756236431596300E-03  -3.267844520599829E-06   7.345564258370844E-06  -1.546343192816351E-05   1.206026953073744E-05   0.000000000000000E+00   0.000000000000000E+00   0.000000000000000E+00   0.000000000000000E+00   1.930629748550407E-06  -1.616046857631574E-03   4.097551711542124E-03   3.063978116304585E-03   4.526889996345609E-04   8.525598235445734E-04  -4.690863674101733E-04   0.000000000000000E+00   0.000000000000000E+00   0.000000000000000E+00   0.000000000000000E+00   0.000000000000000E+00   0.000000000000000E+00   0.000000000000000E+00   0.000000000000000E+00   0.000000000000000E+00   6.352568856234111E-05   0.000000000000000E+00   0.000000000000000E+00   0.000000000000000E+00   0.000000000000000E+00   0.000000000000000E+00   0.000000000000000E+00   0.000000000000000E+00   0.000000000000000E+00   0.000000000000000E+00   0.000000000000000E+00   0.000000000000000E+00   0.000000000000000E+00   0.000000000000000E+00   0.000000000000000E+00   0.000000000000000E+00   0.000000000000000E+00
   0.000000000000000E+00   0.000000000000000E+00   0.000000000000000E+00   0.000000000000000E+00   0.000000000000000E+00   0.000000000000000E+00   0.000000000000000E+00   0.000000000000000E+00   0.000000000000000E+00   0.000000000000000E+00   0.000000000000000E+00   0.000000000000000E+00   0.000000000000000E+00   0.000000000000000E+00   0.000000000000000E+00   0.000000000000000E+00   0.000000000000000E+00   0.000000000000000E+00   0.000000000000000E+00   0.000000000000000E+00   0.000000000000000E+00   0.000000000000000E+00   0.000000000000000E+00   0.000000000000000E+00   0.000000000000000E+00   0.000000000000000E+00   0.000000000000000E+00   0.000000000000000E+00   0.000000000000000E+00   0.000000000000000E+00   0.000000000000000E+00   0.000000000000000E+00   0.000000000000000E+00   0.000000000000000E+00   0.000000000000000E+00   0.000000000000000E+00   0.000000000000000E+00   0.000000000000000E+00   0.000000000000000E+00   0.000000000000000E+00   0.000000000000000E+00   0.000000000000000E+00   0.000000000000000E+00   0.000000000000000E+00  -1.466514553979272E-06  -3.918990547646322E-06   2.717774677352407E-06  -3.389240866641483E-06  -4.832744468249447E-07  -9.921259630996067E-07   1.451285354795531E-06  -1.522107076823341E-06   0.000000000000000E+00   0.000000000000000E+00   0.000000000000000E+00   0.000000000000000E+00   0.000000000000000E+00   0.000000000000000E+00   0.000000000000000E+00   0.000000000000000E+00   0.000000000000000E+00   4.969196642911049E-06  -8.622929373680183E-06  -2.843882633044625E-06  -5.877876462090361E-06  -1.985509563797980E-06   2.750945619075257E-06  -3.755571604068685E-06   3.636627705855694E-06   0.000000000000000E+00   0.000000000000000E+00   0.000000000000000E+00   0.000000000000000E+00   0.000000000000000E+00   0.000000000000000E+00   0.000000000000000E+00  -1.180835217661298E-05  -2.068753108905974E-06   1.486968643132047E-06  -8.497125012791629E-06   1.240330553920363E-06  -7.429923325338034E-06   8.774102086500912E-06   9.259968784992209E-07   1.473554566236463E-05   0.000000000000000E+00  -1.205718661082311E-05   8.078514790178421E-07  -9.662991456005074E-06   5.078357420551261E-07  -2.039375680106076E-05   1.331312844325188E-05   4.326843202738809E-06   1.852873218039735E-05   0.000000000000000E+00  -2.288834029090785E-05   7.770982745769652E-06  -4.427480276678193E-06   6.201256080092478E-06   1.497744237186759E-05   3.118892208759902E-05   4.505627634040909E-05  -4.023305983243960E-02   2.054173107740676E-02  -5.432895264493445E-02   2.615192866797830E-02  -3.418893675785065E-01   5.694780787753553E-02  -3.270657271939246E-01  -2.696024144294319E-02  -1.052805128301613E-02   7.891883139741407E-03  -7.917661776102286E-03   1.460702734735738E-02  -1.045651017084874E-03   4.681101115764240E-04  -1.870375010974475E-03   3.863054035392744E-04   0.000000000000000E+00   0.000000000000000E+00   1.000000000000000E+00   0.000000000000000E+00   8.555411073905807E-02  -7.023067442406609E-03   4.897834814107402E-03   1.307321908483704E-02   1.151390523437546E-02  -1.435583414562778E-04   1.234257291343220E-04  -1.547619352949620E-04   2.265959693879799E-04   9.358968190192924E-06   2.753168852948936E-05  -9.677401851558604E-05   3.370903306786299E-05   3.643717220396194E-04   2.204540380193704E-01   1.331486320277914E-01  -1.748073640842732E-02   2.152721145086299E-01   1.430703454058033E-01  -6.898052990002008E-02   9.129202291287108E-02  -1.787736793186400E-01  -1.332391629942402E-04   9.724022533042715E-06   2.562938342593827E-05   1.418574767140627E-05  -4.047009225745405E-05   2.297688054417276E-05   2.364800074486516E-05  -1.494322287784654E-05   5.493358471818246E-05  -1.504978782038885E-05   4.889763962597862E-02   2.281779984672326E-02  -6.683529816554463E-02   2.763260421714107E-02  -1.984499620365173E-02   4.299740499335992E-02  -1.109970946367225E-02  -4.938465948707625E-02  -4.397991531407178E-02   6.423933602268456E-06  -1.546343192816351E-05   2.987737912323946E-05  -2.370809571952887E-05   0.000000000000000E+00   0.000000000000000E+00   0.000000000000000E+00   0.000000000000000E+00  -1.046680644896046E-05   1.987940896370210E-02   3.063978116304585E-03  -3.334415445625325E-02  -5.568644074029851E-03  -2.284451932117413E-03  -1.896904451301358E-03   0.000000000000000E+00   0.000000000000000E+00   0.000000000000000E+00   0.000000000000000E+00   0.000000000000000E+00   0.000000000000000E+00   0.000000000000000E+00   0.000000000000000E+00   0.000000000000000E+00  -6.623652274071498E-04   0.000000000000000E+00   0.000000000000000E+00   0.000000000000000E+00   0.000000000000000E+00   0.000000000000000E+00   0.000000000000000E+00   0.000000000000000E+00   0.000000000000000E+00   0.000000000000000E+00   0.000000000000000E+00   0.000000000000000E+00   0.000000000000000E+00   0.000000000000000E+00   0.000000000000000E+00   0.000000000000000E+00   0.000000000000000E+00
   0.000000000000000E+00   0.000000000000000E+00   0.000000000000000E+00   0.000000000000000E+00   0.000000000000000E+00   0.000000000000000E+00   0.000000000000000E+00   0.000000000000000E+00   0.000000000000000E+00   0.000000000000000E+00   0.000000000000000E+00   0.000000000000000E+00   0.000000000000000E+00   0.000000000000000E+00   0.000000000000000E+00   0.000000000000000E+00   0.000000000000000E+00   0.000000000000000E+00   0.000000000000000E+00   0.000000000000000E+00   0.000000000000000E+00   0.000000000000000E+00   0.000000000000000E+00   0.000000000000000E+00   0.000000000000000E+00   0.000000000000000E+00   0.000000000000000E+00   0.000000000000000E+00   0.000000000000000E+00   0.000000000000000E+00   0.000000000000000E+00   0.000000000000000E+00   0.000000000000000E+00   0.000000000000000E+00   0.000000000000000E+00   0.000000000000000E+00   0.000000000000000E+00   0.000000000000000E+00   0.000000000000000E+00   0.000000000000000E+00   0.000000000000000E+00   0.000000000000000E+00   0.000000000000000E+00   0.000000000000000E+00   3.299884784651793E-06   8.818335450051791E-06  -3.389240866641483E-06   8.837865696224784E-06   4.644437498768823E-06   9.534679635546804E-06  -1.522107076823341E-06   1.592088796062432E-05   0.000000000000000E+00   0.000000000000000E+00   0.000000000000000E+00   0.000000000000000E+00   0.000000000000000E+00   0.000000000000000E+00   0.000000000000000E+00   0.000000000000000E+00   0.000000000000000E+00  -1.734649463321719E-05   3.010096175536511E-05  -5.877876462090361E-06   1.599081863498259E-05  -2.297417275700907E-05   3.183097228546148E-05   3.636627705855694E-06   3.800926717132687E-05   0.000000000000000E+00   0.000000000000000E+00   0.000000000000000E+00   0.000000000000000E+00   0.000000000000000E+00   0.000000000000000E+00   0.000000000000000E+00   2.266291989868642E-05  -3.071695823378661E-05   2.207859096835000E-05   1.240330553920363E-06   9.835835356784508E-06  -2.294341338578571E-05   2.709420305498464E-05   1.473554566236463E-05   4.165707229450339E-05   0.000000000000000E+00  -2.473011719034425E-05   1.656958824090085E-06   5.078357420551261E-07  -8.868981182831027E-06  -3.199015874297837E-05   2.088330739744509E-05   1.852873218039735E-05   2.157939302902170E-05   0.000000000000000E+00  -2.747868498009907E-05   9.329483227825596E-06   6.201256080092478E-06  -2.147867835227698E-06   2.333585444005456E-05   3.779798436558401E-05   3.196548119361851E-05   1.606315112685484E-02  -8.201338204894552E-03   2.615192866797830E-02   7.320467670840040E-04  -1.846212762764282E-02   3.075198578405984E-03  -2.696024144294319E-02   1.707393898155899E-01   1.305416438624024E-02  -9.785470934148773E-03   1.460702734735738E-02  -1.424909705415247E-02   1.969232677235021E-04  -8.815730231203930E-05   3.863054035392744E-04   1.081327051635900E-04   0.000000000000000E+00   0.000000000000000E+00   0.000000000000000E+00   1.000000000000000E+00   4.665579758803277E-02   5.158452156500271E-02  -3.597466031218510E-02   1.151390523437546E-02  -6.992898304829442E-02   1.686480181409719E-04  -1.449968312182500E-04   2.265959693879799E-04  -2.280746525583651E-04  -3.452950283263187E-06  -1.015769578170288E-05   3.370903306786299E-05  -1.784495963051988E-05   2.251240618608032E-05  -2.374704446311458E-01  -1.434261088331266E-01   2.152721145086299E-01  -4.952290278967759E-02   2.980689306882989E-01  -1.437121908617215E-01  -1.787736793186400E-01  -1.953505567349159E-01  -2.986493889442788E-03  -1.759841608345195E-05  -1.854324890487839E-05  -1.026360430139982E-05   2.297688054417276E-05  -2.533692774840871E-05  -6.105034337459598E-06   3.857784417626682E-06  -1.504978782038885E-05   5.231567585669505E-07  -1.677451009779627E-02  -7.827727818072429E-03   2.763260421714107E-02   4.234185050552227E-03   8.899780485993074E-02   3.004565481331651E-02  -7.756236431596300E-03  -4.397991531407178E-02  -1.717857807691206E-02  -5.010166633825625E-06   1.206026953073744E-05  -2.370809571952887E-05   1.796980526940953E-05   0.000000000000000E+00   0.000000000000000E+00   0.000000000000000E+00   0.000000000000000E+00   1.076762001541122E-06   2.937093352337126E-03   4.526889996345609E-04  -5.568644074029851E-03   3.523888012310348E-03   1.247118498436273E-03  -1.794979830736563E-03   0.000000000000000E+00   0.000000000000000E+00   0.000000000000000E+00   0.000000000000000E+00   0.000000000000000E+00   0.000000000000000E+00   0.000000000000000E+00   0.000000000000000E+00   0.000000000000000E+00  -9.488447873143603E-05   0.000000000000000E+00   0.000000000000000E+00   0.000000000000000E+00   0.000000000000000E+00   0.000000000000000E+00   0.000000000000000E+00   0.000000000000000E+00   0.000000000000000E+00   0.000000000000000E+00   0.000000000000000E+00   0.000000000000000E+00   0.000000000000000E+00   0.000000000000000E+00   0.000000000000000E+00   0.000000000000000E+00   0.000000000000000E+00
   0.000000000000000E+00   0.000000000000000E+00   0.000000000000000E+00   0.000000000000000E+00   0.000000000000000E+00   0.000000000000000E+00   0.000000000000000E+00   0.000000000000000E+00   0.000000000000000E+00   0.000000000000000E+00   0.000000000000000E+00   0.000000000000000E+00   0.000000000000000E+00   0.000000000000000E+00   0.000000000000000E+00   0.000000000000000E+00   0.000000000000000E+00   0.000000000000000E+00   0.000000000000000E+00   0.000000000000000E+00   0.000000000000000E+00   0.000000000000000E+00   0.000000000000000E+00   0.000000000000000E+00   0.000000000000000E+00   0.000000000000000E+00   0.000000000000000E+00   0.000000000000000E+00   0.000000000000000E+00   0.000000000000000E+00   0.000000000000000E+00   0.000000000000000E+00   0.000000000000000E+00   0.000000000000000E+00   0.000000000000000E+00   0.000000000000000E+00   0.000000000000000E+00   0.000000000000000E+00   0.000000000000000E+00   0.000000000000000E+00   0.000000000000000E+00   0.000000000000000E+00   0.000000000000000E+00   0.000000000000000E+00   0.000000000000000E+00   0.000000000000000E+00   0.000000000000000E+00   0.000000000000000E+00   0.000000000000000E+00   0.000000000000000E+00   0.000000000000000E+00   0.000000000000000E+00   0.000000000000000E+00   0.000000000000000E+00   0.000000000000000E+00   0.000000000000000E+00   0.000000000000000E+00   0.000000000000000E+00   0.000000000000000E+00   0.000000000000000E+00   0.000000000000000E+00   0.000000000000000E+00   0.000000000000000E+00   0.000000000000000E+00   0.000000000000000E+00   0.000000000000000E+00   0.000000000000000E+00   0.000000000000000E+00   0.000000000000000E+00   0.000000000000000E+00   0.000000000000000E+00   0.000000000000000E+00   0.000000000000000E+00   0.000000000000000E+00   0.000000000000000E+00   0.000000000000000E+00   0.000000000000000E+00   0.000000000000000E+00   0.000000000000000E+00   0.000000000000000E+00   0.000000000000000E+00   0.000000000000000E+00   0.000000000000000E+00   0.000000000000000E+00   0.000000000000000E+00   0.000000000000000E+00   0.000000000000000E+00   0.000000000000000E+00   0.000000000000000E+00   0.000000000000000E+00   0.000000000000000E+00   0.000000000000000E+00   0.000000000000000E+00   0.000000000000000E+00   0.000000000000000E+00   0.000000000000000E+00   0.000000000000000E+00   0.000000000000000E+00   0.000000000000000E+00   0.000000000000000E+00   0.000000000000000E+00   0.000000000000000E+00  -5.838241840725416E-02   3.754780958054898E-02  -1.763917775302166E-02   8.190286109001170E-02  -4.481713619958506E-01   1.458913748032836E-01   1.877573032675779E-01   4.122339455598585E-01  -1.862766721113062E-03   1.360882847531127E-03   1.899383934809824E-04   3.258829097287353E-03  -1.440157983407654E-02   9.554006006874923E-03  -1.722550995074470E-02   1.619329671728934E-02  -6.264554246238818E-02   7.732040910923864E-03   8.555411073905807E-02   4.665579758803277E-02   1.000000000000000E+00  -5.018470248403545E-04   2.960655548814813E-04   4.102980832212072E-04   8.593917418554636E-04  -8.245863528672782E-06   6.922568006579014E-05  -2.774531614558466E-05   1.538332095650525E-04  -1.575183577471352E-04   1.537464833704796E-04  -2.697210020724631E-04   2.686634264859926E-04   1.920554147218207E-02  -1.135042019833633E-02  -3.066197594189116E-03   2.014730609840179E-02   5.072820685492116E-04  -1.799720202643146E-03   6.469828481487659E-04   2.478465393206652E-03   2.263400422725982E-03  -7.622944482302513E-05  -8.637226424745724E-05   5.081030813918693E-05   1.641317423104214E-05  -1.803177756145825E-05   3.279367008824021E-05   6.267778437808918E-05  -5.855578053157485E-06   1.417084526721891E-05  -8.810394830141755E-06  -1.399302184205477E-04  -4.357062817600268E-05   3.795899036113907E-04   2.184757380617831E-05   1.694395809998558E-02   1.110012087330236E-05   1.538549564586288E-05   1.138996706672967E-04   7.120014117996561E-05  -7.567074893423338E-07  -2.383520211357863E-05   2.710819699096482E-05  -4.336427393521178E-05  -1.130797074682296E-05  -9.728307045654273E-06   2.211596309685022E-05  -1.549743189449554E-05  -9.699101385578549E-05   5.206248035152911E-05  -4.608657341169254E-07   3.509150929109462E-05   1.072414261675630E-05  -7.844860472227008E-05  -7.935412088688470E-05   0.000000000000000E+00   0.000000000000000E+00   0.000000000000000E+00   0.000000000000000E+00   0.000000000000000E+00   0.000000000000000E+00   0.000000000000000E+00   0.000000000000000E+00   0.000000000000000E+00  -3.446960445436988E-05   0.000000000000000E+00   0.000000000000000E+00   0.000000000000000E+00   0.000000000000000E+00   0.000000000000000E+00   0.000000000000000E+00   0.000000000000000E+00   0.000000000000000E+00   0.000000000000000E+00   0.000000000000000E+00   0.000000000000000E+00   0.000000000000000E+00   0.000000000000000E+00   0.000000000000000E+00   0.000000000000000E+00   0.000000000000000E+00
   1.107306818644362E-05  -3.512353403389062E-06   3.134737430847638E-06  -3.519765258661744E-06   0.000000000000000E+00   0.000000000000000E+00   0.000000000000000E+00   0.000000000000000E+00   1.590876812775931E-05  -4.303302239438640E-06   3.479335147993082E-06  -2.583623706598165E-06   5.253382445258266E-06   1.573706955266284E-05  -1.132411621149429E-05   2.001176531274785E-05   0.000000000000000E+00   0.000000000000000E+00   0.000000000000000E+00   0.000000000000000E+00   0.000000000000000E+00   0.000000000000000E+00   0.000000000000000E+00   0.000000000000000E+00   0.000000000000000E+00  -5.609796263346913E-06   3.502106274913696E-05  -2.130038789650673E-05   1.425870600181328E-05  -2.664128446660700E-05   2.205256932191354E-05  -9.431372356289523E-06   2.171374352934861E-05  -3.132269851164941E-06   0.000000000000000E+00   0.000000000000000E+00   0.000000000000000E+00   0.000000000000000E+00   0.000000000000000E+00   0.000000000000000E+00   0.000000000000000E+00   0.000000000000000E+00   0.000000000000000E+00   2.537511569570463E-07  -2.558727237673468E-05   9.318407174838262E-06  -3.716647456037712E-06   4.933309674157596E-06  -5.815088460363809E-06  -3.704482669961837E-05   3.971825257193318E-06  -4.694776930526373E-05   0.000000000000000E+00   0.000000000000000E+00   0.000000000000000E+00   0.000000000000000E+00   0.000000000000000E+00   0.000000000000000E+00   0.000000000000000E+00   0.000000000000000E+00   0.000000000000000E+00   6.155180458186957E-05  -1.992915798176164E-04   3.318525989752076E-05  -5.919078679697132E-05   2.630707530483227E-04  -4.286183530108198E-04  -1.117150937277843E-04  -4.179694250868309E-04   6.206009905060895E-05   0.000000000000000E+00   0.000000000000000E+00   0.000000000000000E+00   0.000000000000000E+00   0.000000000000000E+00   0.000000000000000E+00   3.503556583695136E-05   4.652021078844137E-04  -9.150196100949076E-04  -1.447574171974243E-04  -3.869203004712865E-04   1.421343645432184E-04  -1.914488783070881E-04  -1.773238220357698E-04  -2.646387826643969E-04   0.000000000000000E+00   2.698696810391691E-04  -5.559614107359908E-04  -2.630551269327745E-04  -9.479387185303741E-05   1.106699035472266E-04  -1.553827151548907E-04  -2.217897400628305E-04  -1.495873168060010E-04   4.930830043599022E-05   1.040037814085493E-04  -2.067373638090754E-04  -2.027121485601116E-04  -6.201570448862726E-05  -5.298649732742253E-05   4.384486606488721E-05   3.266660778301099E-05   4.054385638338603E-02   6.608222958939498E-03   5.406105088913130E-02   3.663885719108615E-02   1.800067074998940E-02   9.160320858629292E-03   1.307468723953332E-02   2.688600167073142E-02   3.144590333928758E-01  -4.479670999223439E-02   3.592786560797486E-01   4.174363866084365E-02   7.714774511158377E-04   4.959215697119096E-05   1.452450951067631E-03   6.680494990526632E-04   3.434673919630934E-02   2.194324692162961E-02  -7.023067442406609E-03   5.158452156500271E-02  -5.018470248403545E-04   1.000000000000000E+00   0.000000000000000E+00   0.000000000000000E+00   0.000000000000000E+00   2.873742093570146E-02  -1.341545539608328E-02   4.352181607827713E-02  -1.528278341838237E-02   7.817174226052893E-05  -2.395157672474413E-05   2.411101996743096E-04   3.139161372031994E-05   1.036449746055905E-05   7.192230457179295E-04   6.176467873644796E-04  -4.748875970865236E-04   1.279660993231189E-03   2.923792923345150E-01   1.163065916922372E-01  -2.140166857614846E-01   2.461917367562662E-01  -4.656587556162639E-01  -1.150835523949936E-02   4.623130649847959E-04  -2.171222015677416E-04   9.592328626865271E-04  -1.713737716550306E-04  -1.460843413203977E-05   4.964230268577279E-06  -4.876613045459205E-05  -6.031702028601327E-06   9.772229897468474E-05   1.058544991823680E-04  -1.705262940824209E-04   2.003244434944834E-04   5.529900862321730E-06   2.780612427836208E-02   1.099889932426007E-02  -4.262442826437836E-02   1.533705693566279E-02  -2.525801338188723E-05   2.681298079637957E-06  -8.036100306503930E-06   2.737075915000043E-06   1.393897516012810E-05   1.061471702841955E-06  -6.387204488126600E-06   2.685605886620022E-07  -1.080050494990789E-05   5.483442878673625E-04   3.620330681723563E-04  -9.575257819811813E-04   5.582603815553020E-04   6.015312507070688E-05  -1.050329091193862E-02   6.308821787769026E-05   7.501511681568767E-06   6.050291792907765E-06  -2.199154491816704E-05   5.229900242142403E-06   0.000000000000000E+00   0.000000000000000E+00   0.000000000000000E+00   0.000000000000000E+00   2.772933457693349E-05   0.000000000000000E+00   0.000000000000000E+00   0.000000000000000E+00   0.000000000000000E+00   0.000000000000000E+00   0.000000000000000E+00   0.000000000000000E+00   0.000000000000000E+00   0.000000000000000E+00   0.000000000000000E+00   0.000000000000000E+00   0.000000000000000E+00   0.000000000000000E+00   0.000000000000000E+00   0.000000000000000E+00   0.000000000000000E+00
   3.512353403389062E-06   9.546922271997052E-06  -7.290467360140742E-06   8.185927625425418E-06   0.000000000000000E+00   0.000000000000000E+00   0.000000000000000E+00   0.000000000000000E+00   4.303302239438640E-06   2.016576668019608E-05  -1.495134824181200E-05   1.110231010238600E-05  -1.573706955266284E-05   1.731363896888336E-05  -1.524626461823835E-05   2.694291225363332E-05   0.000000000000000E+00   0.000000000000000E+00   0.000000000000000E+00   0.000000000000000E+00   0.000000000000000E+00   0.000000000000000E+00   0.000000000000000E+00   0.000000000000000E+00   0.000000000000000E+00  -3.502106274913696E-05   3.028654079311202E-05  -2.282139575835090E-05   1.527688482718759E-05  -2.205256932191354E-05  -3.573023728385446E-05   1.162306033620257E-05  -2.675964235450227E-05   2.802474073602523E-06   0.000000000000000E+00   0.000000000000000E+00   0.000000000000000E+00   0.000000000000000E+00   0.000000000000000E+00   0.000000000000000E+00   0.000000000000000E+00   0.000000000000000E+00   0.000000000000000E+00   4.867194053906764E-05  -9.318407174838262E-06  -8.220612885239682E-05   3.058065154838118E-05  -4.059137324972599E-05   3.704482669961837E-05  -8.413092884176614E-05   9.723318861774063E-06  -1.149315745896295E-04   0.000000000000000E+00   0.000000000000000E+00   0.000000000000000E+00   0.000000000000000E+00   0.000000000000000E+00   0.000000000000000E+00   0.000000000000000E+00   0.000000000000000E+00   0.000000000000000E+00   1.992915798176164E-04  -4.028388805887701E-04   7.259002367220253E-05  -1.294749725642330E-04   4.286183530108198E-04  -5.182977548801711E-04  -1.611470035141795E-04  -6.029133411229967E-04   2.096039215573736E-05   0.000000000000000E+00   0.000000000000000E+00   0.000000000000000E+00   0.000000000000000E+00   0.000000000000000E+00   0.000000000000000E+00  -8.209279899198926E-05   9.150196100949076E-04  -1.539037113618360E-03  -2.697714190438722E-04  -7.210686715463008E-04   1.914488783070881E-04  -1.470735180706139E-04  -1.921926119267470E-04  -2.868290242871335E-04   0.000000000000000E+00   5.559614107359908E-04  -9.153532683058930E-04  -4.814550140215328E-04  -1.734958958386805E-04   1.553827151548907E-04  -1.177446743743966E-04  -2.393709573901042E-04  -1.614450660662915E-04  -1.638201851052865E-05   2.067373638090754E-04  -2.643919135289288E-04  -3.060276201364895E-04  -9.362299492432536E-05  -2.293320885389498E-04  -2.028663555292914E-05  -5.604224322263760E-05  -6.608222958939498E-03   1.639110624717570E-02  -9.657706865803499E-03  -6.545328602198627E-03  -9.160320858629292E-03   2.214577455958200E-03  -7.171654030065960E-03  -1.474735867113127E-02   4.479670999223439E-02   1.826767871377411E-01   6.429032433343715E-02   7.469723076919284E-03  -4.959215697119096E-05   2.655757099639956E-04  -9.237416804767886E-05  -4.248716050913649E-05  -2.194324692162961E-02  -6.622562025063589E-04   4.897834814107402E-03  -3.597466031218510E-02   2.960655548814813E-04   0.000000000000000E+00   1.000000000000000E+00   0.000000000000000E+00   0.000000000000000E+00   1.341545539608328E-02   5.233666942184051E-03   2.209084597328189E-02  -7.757250155446090E-03   2.395157672474413E-05   3.365363468885833E-05   5.284047711723808E-05   6.879625369239335E-06   1.315090307524570E-05  -6.176467873644796E-04  -2.710613570224542E-04   4.014318355182696E-04  -1.081722631851203E-03  -1.163065916922372E-01   1.162938464537964E-01   1.056900785613611E-01  -1.215794175409587E-01  -1.398117838925467E-01  -7.038125316709115E-03   2.171222015677416E-04   6.869609707130998E-05   4.265644803582379E-04  -7.620877755201434E-05  -4.964230268577279E-06  -8.852997304851782E-06  -3.437488383223587E-06  -4.251702044247558E-07  -1.058544991823680E-04  -4.041826214035480E-05   1.385534812980664E-04  -1.627646292591291E-04   5.665874054190063E-05  -1.099889932426007E-02   6.890001662180217E-03   1.831964917430831E-02  -6.591748297127150E-03  -2.681298079637957E-06  -1.562945359103048E-05   3.131764483235243E-05  -1.066671247443015E-05  -1.061471702841955E-06   1.311812746195647E-06  -8.822742969363030E-06   3.709668368799393E-07   1.695906503363636E-06  -3.620330681723563E-04  -3.630385534244453E-05   6.084956283003934E-04  -3.547674726072150E-04  -2.024105165271858E-05   2.325573082247264E-03   1.061128139037817E-05  -6.050291792907765E-06   1.346696618312779E-06  -1.592734034773191E-05   3.787746674972134E-06   0.000000000000000E+00   0.000000000000000E+00   0.000000000000000E+00   0.000000000000000E+00   2.849208483320778E-05   0.000000000000000E+00   0.000000000000000E+00   0.000000000000000E+00   0.000000000000000E+00   0.000000000000000E+00   0.000000000000000E+00   0.000000000000000E+00   0.000000000000000E+00   0.000000000000000E+00   0.000000000000000E+00   0.000000000000000E+00   0.000000000000000E+00   0.000000000000000E+00   0.000000000000000E+00   0.000000000000000E+00   0.000000000000000E+00
  -3.134737430847638E-06  -7.290467360140742E-06   7.884895700223478E-06  -7.305851885197770E-06   0.000000000000000E+00   0.000000000000000E+00   0.000000000000000E+00   0.000000000000000E+00  -3.479335147993082E-06  -1.495134824181200E-05   1.376224467982661E-05  -8.976515153671693E-06   1.132411621149429E-05  -1.524626461823835E-05   7.096920420287411E-06  -1.938764192502478E-05   0.000000000000000E+00   0.000000000000000E+00   0.000000000000000E+00   0.000000000000000E+00   0.000000000000000E+00   0.000000000000000E+00   0.000000000000000E+00   0.000000000000000E+00   0.000000000000000E+00   2.130038789650673E-05  -2.282139575835090E-05   6.645060074432043E-06  -9.291653283062435E-06   9.431372356289523E-06   1.162306033620257E-05  -1.352394516817608E-05   1.144447830465078E-05  -2.090883755325828E-06   0.000000000000000E+00   0.000000000000000E+00   0.000000000000000E+00   0.000000000000000E+00   0.000000000000000E+00   0.000000000000000E+00   0.000000000000000E+00   0.000000000000000E+00   0.000000000000000E+00  -2.905989210226236E-05   3.716647456037712E-06   3.058065154838118E-05  -1.773117871343395E-05   1.618987250664863E-05  -3.971825257193318E-06   9.723318861774063E-06   5.515015143944276E-06   1.232258783407376E-05   0.000000000000000E+00   0.000000000000000E+00   0.000000000000000E+00   0.000000000000000E+00   0.000000000000000E+00   0.000000000000000E+00   0.000000000000000E+00   0.000000000000000E+00   0.000000000000000E+00  -3.318525989752076E-05   7.259002367220253E-05   2.100763248880921E-05   2.155966959919015E-05   1.117150937277843E-04  -1.611470035141795E-04   5.797511497315224E-05  -1.571433419501448E-04  -9.095451202055110E-07   0.000000000000000E+00   0.000000000000000E+00   0.000000000000000E+00   0.000000000000000E+00   0.000000000000000E+00   0.000000000000000E+00   1.782054578429007E-05   1.447574171974243E-04  -2.697714190438722E-04   1.235246641418941E-04  -1.140741000121231E-04   1.773238220357698E-04  -1.921926119267470E-04  -1.175841321274628E-04  -2.656668417550195E-04   0.000000000000000E+00   2.630551269327745E-04  -4.814550140215328E-04  -1.256105048542477E-04  -8.209020270263340E-05   2.217897400628305E-04  -2.393709573901042E-04  -2.917174496691674E-04  -2.304430013439772E-04  -2.107884386161027E-05   2.027121485601116E-04  -3.060276201364895E-04  -2.523567681263836E-04  -9.180013765324644E-05  -8.603368321409276E-05  -5.087691251520658E-05  -7.002108557022178E-05  -5.406105088913130E-02  -9.657706865803499E-03  -6.143687117912484E-02  -5.354651997188860E-02  -1.307468723953332E-02  -7.171654030065960E-03  -2.997082844356173E-03  -2.104916467556065E-02  -3.592786560797486E-01   6.429032433343715E-02  -3.249285424528668E-01  -5.990868679482649E-02  -1.452450951067631E-03  -9.237416804767886E-05  -2.436717205326882E-03  -1.244360408148958E-03   7.023067442406609E-03   4.897834814107402E-03   1.307321908483704E-02   1.151390523437546E-02   4.102980832212072E-04   0.000000000000000E+00   0.000000000000000E+00   1.000000000000000E+00   0.000000000000000E+00  -4.352181607827713E-02   2.209084597328189E-02  -5.962303048023179E-02   2.516572151826306E-02  -2.411101996743096E-04   5.284047711723808E-05  -4.930195690723105E-04  -6.925422344943610E-05   1.139237697463783E-04   4.748875970865236E-04   4.014318355182696E-04  -5.759964541099505E-05   8.316997220140814E-04   2.140166857614846E-01   1.056900785613611E-01  -2.075041905166876E-02   2.237192546040741E-01  -2.059658277459055E-01   1.425677096564432E-02  -9.592328626865271E-04   4.265644803582379E-04  -1.719287389787614E-03   3.366858079239393E-04   4.876613045459205E-05  -3.437488383223587E-06   2.456525489539195E-05   4.176660737441060E-06   1.705262940824209E-04   1.385534812980664E-04  -1.776136589496283E-04   2.622056620138607E-04  -2.330198398564365E-05   4.262442826437836E-02   1.831964917430831E-02  -5.937754879583254E-02   2.554523813196518E-02   8.036100306503930E-06   3.131764483235243E-05  -9.904201514221386E-05   3.196913168144723E-05   6.387204488126600E-06  -8.822742969363030E-06   5.293476682002707E-05  -2.232222525689382E-06  -4.208871741587055E-05   9.575257819811813E-04   6.084956283003934E-04  -1.415620448819856E-03   9.383093189376483E-04   3.174815478835482E-05  -1.879109468889838E-02  -2.162150961541487E-05   2.199154491816704E-05  -1.592734034773191E-05   5.485733279855390E-05  -1.376766674938407E-05   0.000000000000000E+00   0.000000000000000E+00   0.000000000000000E+00   0.000000000000000E+00  -8.974975401704082E-05   0.000000000000000E+00   0.000000000000000E+00   0.000000000000000E+00   0.000000000000000E+00   0.000000000000000E+00   0.000000000000000E+00   0.000000000000000E+00   0.000000000000000E+00   0.000000000000000E+00   0.000000000000000E+00   0.000000000000000E+00   0.000000000000000E+00   0.000000000000000E+00   0.000000000000000E+00   0.000000000000000E+00   0.000000000000000E+00
   3.519765258661744E-06   8.185927625425418E-06  -7.305851885197770E-06   9.581434191462993E-06   0.000000000000000E+00   0.000000000000000E+00   0.000000000000000E+00   0.000000000000000E+00   2.583623706598165E-06   1.110231010238600E-05  -8.976515153671693E-06   8.339302350742951E-06  -2.001176531274785E-05   2.694291225363332E-05  -1.938764192502478E-05   3.038745512288865E-05   0.000000000000000E+00   0.000000000000000E+00   0.000000000000000E+00   0.000000000000000E+00   0.000000000000000E+00   0.000000000000000E+00   0.000000000000000E+00   0.000000000000000E+00   0.000000000000000E+00  -1.425870600181328E-05   1.527688482718759E-05  -9.291653283062435E-06  -1.015357730128983E-06  -2.171374352934861E-05  -2.675964235450227E-05   1.144447830465078E-05  -3.490152680914849E-05   4.912650426483805E-06   0.000000000000000E+00   0.000000000000000E+00   0.000000000000000E+00   0.000000000000000E+00   0.000000000000000E+00   0.000000000000000E+00   0.000000000000000E+00   0.000000000000000E+00   0.000000000000000E+00   9.331666438718485E-06  -4.933309674157596E-06  -4.059137324972599E-05   1.618987250664863E-05  -2.702378762547706E-05   4.694776930526373E-05  -1.149315745896295E-04   1.232258783407376E-05  -1.390979363411517E-04   0.000000000000000E+00   0.000000000000000E+00   0.000000000000000E+00   0.000000000000000E+00   0.000000000000000E+00   0.000000000000000E+00   0.000000000000000E+00   0.000000000000000E+00   0.000000000000000E+00   5.919078679697132E-05  -1.294749725642330E-04   2.155966959919015E-05  -5.359797082841477E-06   4.179694250868309E-04  -6.029133411229967E-04  -1.571433419501448E-04  -4.879576205737883E-04   3.912583697432116E-05   0.000000000000000E+00   0.000000000000000E+00   0.000000000000000E+00   0.000000000000000E+00   0.000000000000000E+00   0.000000000000000E+00  -4.810851284494432E-06   3.869203004712865E-04  -7.210686715463008E-04  -1.140741000121231E-04  -1.387043531966126E-04   2.646387826643969E-04  -2.868290242871335E-04  -2.656668417550195E-04  -3.360537083199442E-04   0.000000000000000E+00   9.479387185303741E-05  -1.734958958386805E-04  -8.209020270263340E-05   7.260983918511081E-05   1.495873168060010E-04  -1.614450660662915E-04  -2.304430013439772E-04  -1.054683669132782E-04  -3.703682589293962E-05   6.201570448862726E-05  -9.362299492432536E-05  -9.180013765324644E-05   1.962803120561724E-05   1.917383427688482E-05  -2.821802060086425E-05  -2.980709266125125E-06  -3.663885719108615E-02  -6.545328602198627E-03  -5.354651997188860E-02  -1.871851494722018E-02  -2.688600167073142E-02  -1.474735867113127E-02  -2.104916467556065E-02  -3.604509296427231E-02  -4.174363866084365E-02   7.469723076919284E-03  -5.990868679482649E-02   1.837322031326691E-01  -6.680494990526632E-04  -4.248716050913649E-05  -1.244360408148958E-03  -3.036093027590132E-04  -5.158452156500271E-02  -3.597466031218510E-02   1.151390523437546E-02  -6.992898304829442E-02   8.593917418554636E-04   0.000000000000000E+00   0.000000000000000E+00   0.000000000000000E+00   1.000000000000000E+00   1.528278341838237E-02  -7.757250155446090E-03   2.516572151826306E-02   3.206097307775462E-03  -3.139161372031994E-05   6.879625369239335E-06  -6.925422344943610E-05   2.988610809559568E-05   7.426455819279429E-05  -1.279660993231189E-03  -1.081722631851203E-03   8.316997220140814E-04  -1.990101007241451E-03  -2.461917367562662E-01  -1.215794175409587E-01   2.237192546040741E-01  -8.362224359967091E-02  -4.180467822779071E-01  -1.318180603193433E-02   1.713737716550306E-04  -7.620877755201434E-05   3.366858079239393E-04   1.050975837984643E-04   6.031702028601327E-06  -4.251702044247558E-07   4.176660737441060E-06  -8.686326521520100E-06  -2.003244434944834E-04  -1.627646292591291E-04   2.622056620138607E-04  -2.624350141900418E-04   1.323562665320940E-04  -1.533705693566279E-02  -6.591748297127150E-03   2.554523813196518E-02   2.425594689710341E-03  -2.737075915000043E-06  -1.066671247443015E-05   3.196913168144723E-05  -1.606872130377007E-05  -2.685605886620022E-07   3.709668368799393E-07  -2.232222525689382E-06  -6.055681300628573E-08  -1.061623059114782E-05  -5.582603815553020E-04  -3.547674726072150E-04   9.383093189376483E-04  -3.532931049644826E-04  -3.807224930241534E-05  -6.358645305730856E-04   1.239949525290587E-05  -5.229900242142403E-06   3.787746674972134E-06  -1.376766674938407E-05   2.389284731895840E-07   0.000000000000000E+00   0.000000000000000E+00   0.000000000000000E+00   0.000000000000000E+00   3.630870498109388E-05   0.000000000000000E+00   0.000000000000000E+00   0.000000000000000E+00   0.000000000000000E+00   0.000000000000000E+00   0.000000000000000E+00   0.000000000000000E+00   0.000000000000000E+00   0.000000000000000E+00   0.000000000000000E+00   0.000000000000000E+00   0.000000000000000E+00   0.000000000000000E+00   0.000000000000000E+00   0.000000000000000E+00   0.000000000000000E+00
  -2.673335686259176E-05   1.609567779203390E-05  -6.828141675584557E-06   1.569029596068564E-05   1.998157202303963E-06   1.918306568391731E-05  -1.363752477856707E-05   2.381546955866959E-05  -2.453455470088389E-05   3.765775418740723E-06  -1.510572234025306E-06   1.921515398146273E-06  -3.622078878752520E-06  -3.994570472879589E-05   3.852185331330024E-06  -5.210209163577662E-05   1.564329438491842E-05  -3.809624160173468E-06   3.389874566203500E-06  -3.759175073087218E-06  -9.757924800438492E-06  -3.142479989663487E-06   3.286775624339828E-05  -1.985802277088764E-05   1.332907653250357E-05   7.533707600262803E-05  -2.270489031713507E-04   3.573179214328278E-05  -6.401418254379456E-05   2.509641573982442E-04  -4.175236730111819E-04  -1.095486391594607E-04  -3.952981440923881E-04   6.256505024700535E-05   0.000000000000000E+00   0.000000000000000E+00   0.000000000000000E+00   0.000000000000000E+00   1.624212772074119E-05  -3.863790753820234E-06   3.149674944579880E-06  -2.301150416098471E-06  -3.396408563066315E-06   2.441599790692638E-05   4.820835051002406E-04  -9.484734520327997E-04  -1.620545957121206E-04  -3.863335814510600E-04   1.651657108153307E-04  -2.227081179978813E-04  -1.985907683674106E-04  -2.913300998403229E-04   0.000000000000000E+00   0.000000000000000E+00   0.000000000000000E+00   0.000000000000000E+00   0.000000000000000E+00   0.000000000000000E+00   0.000000000000000E+00   0.000000000000000E+00   0.000000000000000E+00   5.485386636135054E-04  -1.050889059413819E-03  -4.889587154748405E-04  -1.304328129573326E-04   1.430678756210202E-04  -1.897615929547680E-04  -2.701226050772775E-04  -1.747191756610248E-04   3.983204045674843E-05   0.000000000000000E+00   0.000000000000000E+00   0.000000000000000E+00   0.000000000000000E+00   0.000000000000000E+00   0.000000000000000E+00  -1.392102755505773E-04   2.299482245523306E-04  -3.771760552901272E-04  -3.813360773381227E-04  -9.176650850006232E-05  -2.435742983651238E-05   1.010579183885145E-06   2.984817816436734E-06   1.516348361239577E-06   0.000000000000000E+00  -2.058985618068633E-05  -7.994566958301426E-06  -1.105535531305656E-05   5.320724572298927E-07  -1.742782711148589E-05   1.251843355287266E-05   4.675800748131695E-05   1.096008554807683E-05   4.698033326595392E-05  -1.676347766748100E-05   1.985013435688579E-05   4.551893094513278E-05   7.787206249081138E-07   6.304892269440971E-05  -1.201721589088484E-05  -1.035681723685139E-05   4.388982568748206E-02   2.826250966976963E-02  -9.510505460702572E-03   6.388226211859543E-02   9.447049589730262E-04   7.922172562930547E-04  -6.140278201097930E-04   1.654452775473934E-03   2.972733505296516E-01   1.307711958651856E-01  -2.236775669888576E-01   2.359443525499836E-01   1.705692451388652E-02   8.978598404393920E-03   1.185911242641853E-02   2.576500057083405E-02   7.591973907154618E-05   9.186176021722299E-05  -1.435583414562778E-04   1.686480181409719E-04  -8.245863528672782E-06   2.873742093570146E-02   1.341545539608328E-02  -4.352181607827713E-02   1.528278341838237E-02   1.000000000000000E+00   0.000000000000000E+00   0.000000000000000E+00   0.000000000000000E+00   3.788847828801956E-02   7.180946182937006E-03   5.056433650159940E-02   3.470258947716000E-02  -4.402187590528931E-04  -1.436748875145638E-05  -1.926316134198580E-05   2.979331721357604E-05  -3.426492839615186E-05   4.756268767840678E-04   3.160082706752410E-04  -8.446278759264322E-04   4.857019078894466E-04  -1.155411018388045E-02  -4.609916777352889E-01   2.943442851374338E-01  -3.265639842513916E-02   3.447723706569880E-01   3.399137299003363E-02   8.001901057542443E-04   5.734619470836463E-05   1.511172781935231E-03   6.726256953109185E-04   1.225758160412349E-05  -4.102481829175696E-06   8.662220990022181E-06  -6.816719722804275E-06  -4.012240517921236E-06  -2.538717677422354E-05  -2.517029645923202E-06   8.895148056676032E-06  -3.162367986889709E-06   2.823209797897367E-02  -1.525994131328730E-02   4.248291907678887E-02  -1.401879559374795E-02   6.529513629346611E-05  -1.959167942876379E-05   2.157050539073792E-04   2.630100827607150E-05   1.536894729095469E-05   5.403537652730838E-06  -8.254204789284107E-06   2.367785298838931E-05  -1.148686009201089E-05   0.000000000000000E+00   6.301844494541733E-05  -1.163855146243627E-02   4.283636162182649E-04  -2.270798389207226E-04   8.914896361724462E-04  -1.497903292895671E-04  -1.158160388212363E-05   4.304615430073042E-06  -4.756363326062538E-05  -6.151925841515999E-06   0.000000000000000E+00  -2.603009808408354E-05   4.662080817827628E-06  -1.327024184151381E-05   4.233729948236074E-06   1.392626079674539E-05   1.130717729519797E-06  -6.421934962207176E-06   2.104423091060386E-07  -8.549132529634611E-06   7.717491227464566E-06   6.131639392526247E-06  -2.159358597187960E-05   4.743411603760693E-06   6.308681939820474E-05   0.000000000000000E+00   0.000000000000000E+00
  -1.609567779203390E-05  -4.589822359259816E-05   1.634729727434728E-05  -3.756423703230499E-05  -1.918306568391731E-05   1.663758371115833E-05  -1.537707202982153E-05   2.685327409290786E-05  -3.765775418740723E-06  -9.195404154221476E-05   3.508739826603016E-05  -4.463273885910595E-05   3.994570472879589E-05  -8.345975624741372E-05   8.780745483703842E-06  -1.187625117881886E-04   3.809624160173468E-06   1.470960494860473E-05  -1.158579395913457E-05   1.284797623113249E-05   1.040005879750507E-05  -3.286775624339828E-05   3.354810478463824E-05  -2.423372269581169E-05   1.626612821461198E-05   2.270489031713507E-04  -4.474384765241562E-04   7.638346371101622E-05  -1.368424222808959E-04   4.175236730111819E-04  -5.149610844835304E-04  -1.603106726143813E-04  -5.784691790687080E-04   1.849858278278437E-05   0.000000000000000E+00   0.000000000000000E+00   0.000000000000000E+00   0.000000000000000E+00   3.863790753820234E-06   2.113287029193639E-05  -1.591429029488960E-05   1.162696988685027E-05   4.581028906707022E-05  -1.061128026755128E-04   9.484734520327997E-04  -1.602573832376784E-03  -3.031635248559563E-04  -7.227332850898539E-04   2.227081179978813E-04  -1.798478657228596E-04  -2.210210026798162E-04  -3.242349647310480E-04   0.000000000000000E+00   0.000000000000000E+00   0.000000000000000E+00   0.000000000000000E+00   0.000000000000000E+00   0.000000000000000E+00   0.000000000000000E+00   0.000000000000000E+00   0.000000000000000E+00   1.050889059413819E-03  -1.744076931213970E-03  -9.016704872622897E-04  -2.405262740843418E-04   1.897615929547680E-04  -1.420240742915239E-04  -2.886272682799725E-04  -1.866882572554172E-04  -2.709418179740514E-05   0.000000000000000E+00   0.000000000000000E+00   0.000000000000000E+00   0.000000000000000E+00   0.000000000000000E+00   0.000000000000000E+00  -3.596840000465233E-04   3.771760552901272E-04  -4.482724085474420E-04  -5.433852051288914E-04  -1.307627733345949E-04  -1.010579183885145E-06  -1.487369949103221E-05  -3.115785755622998E-05  -1.582882746978769E-05   0.000000000000000E+00   7.994566958301426E-06  -5.602984160469575E-05  -7.540643811727349E-05   3.629163214015127E-06  -1.251843355287266E-05  -8.118195345857948E-06   5.590299816710195E-06   1.310367304573951E-06   1.364254803495978E-05  -1.985013435688579E-05  -5.317700946595603E-06   9.658469411724561E-06   1.652334354033918E-07   2.094990175352730E-05   5.155345502804567E-06   1.556781270321428E-05  -2.826250966976963E-02  -8.105763005675920E-04   6.726550879015983E-03  -4.518238154458971E-02  -7.922172562930547E-04  -3.381879038535995E-04   5.162343358338260E-04  -1.390955428635952E-03  -1.307711958651856E-01   1.058412789770584E-01   1.224677281039306E-01  -1.291840268326450E-01  -8.978598404393920E-03   1.739287860020134E-03  -6.722683339761572E-03  -1.460564111869231E-02  -9.186176021722299E-05  -4.085560175992862E-05   1.234257291343220E-04  -1.449968312182500E-04   6.922568006579014E-05  -1.341545539608328E-02   5.233666942184051E-03   2.209084597328189E-02  -7.757250155446090E-03   0.000000000000000E+00   1.000000000000000E+00   0.000000000000000E+00   0.000000000000000E+00  -7.180946182937006E-03   1.481916592970257E-02  -1.048587985520331E-02  -7.196518516769866E-03   2.665053689821620E-04   1.926316134198580E-05  -3.750747170408090E-06  -8.369496841604529E-06   9.625655576839222E-06  -3.160082706752410E-04  -2.972386232957648E-05   5.328798722057811E-04  -3.064317174262620E-04   3.018361455470555E-03  -1.083072082434083E-01   3.265639842513916E-02   1.707145606930853E-01   4.753574183247727E-02   4.686585319776784E-03  -5.734619470836463E-05   2.744004411376595E-04  -1.074217213888552E-04  -4.781359941392286E-05   4.102481829175696E-06   6.195786391523161E-06  -1.520967646570180E-05   1.196922840696956E-05  -2.081795461216059E-05   2.517029645923202E-06  -1.283937086399968E-05   2.658936184404725E-05  -9.452945150736818E-06   1.525994131328730E-02   2.846851744234996E-03   2.495805092507742E-02  -8.235823289463531E-03   1.959167942876379E-05   3.038493547951083E-05   4.437611524876260E-05   5.410798464271311E-06   1.246033839404937E-05   8.254204789284107E-06   2.126700681104192E-06  -1.705807979089868E-05   8.275403014474946E-06   0.000000000000000E+00  -6.714358187825290E-06  -1.000925127773682E-02   2.270798389207226E-04   4.097332246620943E-05   4.439523190156278E-04  -7.459398444577584E-05  -4.304615430073042E-06  -8.283680514124635E-06  -3.903586891469602E-06  -5.048936640446884E-07   0.000000000000000E+00  -4.662080817827628E-06  -1.641597078477437E-05   2.944570973939283E-05  -9.394341464127590E-06  -1.130717729519797E-06   1.481473471438373E-06  -9.330264616231757E-06   3.057462341124897E-07   1.712867768058656E-06  -6.131639392526247E-06   1.720246744971806E-06  -1.645173646768545E-05   3.613913768859735E-06   1.280646709958867E-05   0.000000000000000E+00   0.000000000000000E+00
   6.828141675584557E-06   1.634729727434728E-05  -1.429834355988083E-05   1.593557821583399E-05   1.363752477856707E-05  -1.537707202982153E-05   5.939391775154792E-06  -1.909038924548483E-05   1.510572234025306E-06   3.508739826603016E-05  -1.855771372492046E-05   1.790361042603369E-05  -3.852185331330024E-06   8.780745483703842E-06   6.746477074725038E-06   1.145292613882894E-05  -3.389874566203500E-06  -1.158579395913457E-05   1.199846095793427E-05  -1.143236865946377E-05  -8.255571943488557E-06   1.985802277088764E-05  -2.423372269581169E-05   8.079481092023924E-06  -9.827660339449610E-06  -3.573179214328278E-05   7.638346371101622E-05   2.590065823946800E-05   2.153555873218276E-05   1.095486391594607E-04  -1.603106726143813E-04   5.397051930680130E-05  -1.517770499230356E-04  -3.279093501492532E-07   0.000000000000000E+00   0.000000000000000E+00   0.000000000000000E+00   0.000000000000000E+00  -3.149674944579880E-06  -1.591429029488960E-05   1.458335340507824E-05  -9.478043213853833E-06  -2.651459998446132E-05   2.016810020656480E-05   1.620545957121206E-04  -3.031635248559563E-04   1.199842184018360E-04  -1.234850064299731E-04   1.985907683674106E-04  -2.210210026798162E-04  -1.290718837294393E-04  -2.891231417892529E-04   0.000000000000000E+00   0.000000000000000E+00   0.000000000000000E+00   0.000000000000000E+00   0.000000000000000E+00   0.000000000000000E+00   0.000000000000000E+00   0.000000000000000E+00   0.000000000000000E+00   4.889587154748405E-04  -9.016704872622897E-04  -2.257018532928688E-04  -1.119123060238442E-04   2.701226050772775E-04  -2.886272682799725E-04  -3.501192429121122E-04  -2.657477606608759E-04  -3.294527633256837E-05   0.000000000000000E+00   0.000000000000000E+00   0.000000000000000E+00   0.000000000000000E+00   0.000000000000000E+00   0.000000000000000E+00  -1.176522110282977E-04   3.813360773381227E-04  -5.433852051288914E-04  -4.601934435977571E-04  -1.322050070408426E-04  -2.984817816436734E-06  -3.115785755622998E-05  -9.635144361121954E-05  -4.675157275997794E-05   0.000000000000000E+00   1.105535531305656E-05  -7.540643811727349E-05  -1.057768863076408E-04   5.018619398559149E-06  -4.675800748131695E-05   5.590299816710195E-06   1.126563447319795E-05   4.894395450657803E-06   5.939438795070404E-05  -4.551893094513278E-05   9.658469411724561E-06   1.261850524903032E-05   3.789016840253786E-07   2.375365202669757E-05   3.669111064770803E-05   4.140830186921990E-05   9.510505460702572E-03   6.726550879015983E-03   1.691528932511417E-02   1.520414469303108E-02   6.140278201097930E-04   5.162343358338260E-04  -7.226391959310287E-05   1.078094831854149E-03   2.236775669888576E-01   1.224677281039306E-01  -3.203390275269938E-02   2.209627940203154E-01  -1.185911242641853E-02  -6.722683339761572E-03  -2.050386754333188E-03  -1.929142303566317E-02   1.435583414562778E-04   1.234257291343220E-04  -1.547619352949620E-04   2.265959693879799E-04  -2.774531614558466E-05   4.352181607827713E-02   2.209084597328189E-02  -5.962303048023179E-02   2.516572151826306E-02   0.000000000000000E+00   0.000000000000000E+00   1.000000000000000E+00   0.000000000000000E+00  -5.056433650159940E-02  -1.048587985520331E-02  -5.752756177649539E-02  -5.067398844829007E-02   3.588355811846310E-04  -2.979331721357604E-05  -8.369496841604529E-06   3.782532602585304E-06  -1.488749457568706E-05   8.446278759264322E-04   5.328798722057811E-04  -1.254635651686378E-03   8.190316350049592E-04  -2.049550126577481E-02  -1.724723759413705E-01  -3.447723706569880E-01   4.753574183247727E-02  -3.266450669550562E-01  -4.947897529758884E-02  -1.511172781935231E-03  -1.074217213888552E-04  -2.552273817329357E-03  -1.259972181382339E-03  -8.662220990022181E-06  -1.520967646570180E-05   3.110699270319808E-05  -2.527253156951915E-05   2.531854161195948E-05  -8.895148056676032E-06   2.658936184404725E-05  -9.928190808020394E-05   3.340657779841155E-05  -4.248291907678887E-02   2.495805092507742E-02  -5.767014605492154E-02   2.292812319221435E-02  -2.157050539073792E-04   4.437611524876260E-05  -4.541670802524152E-04  -5.957307430745628E-05   1.080792305655828E-04  -2.367785298838931E-05  -1.705807979089868E-05   4.511265761868389E-05  -2.373866180916574E-05   0.000000000000000E+00   3.241675296648260E-05   1.396553530072155E-02  -8.914896361724462E-04   4.439523190156278E-04  -1.588849684462170E-03   2.928475040773390E-04   4.756363326062538E-05  -3.903586891469602E-06   3.449552456890905E-05   5.578797330991185E-06   0.000000000000000E+00   1.327024184151381E-05   2.944570973939283E-05  -8.988601786184767E-05   2.674024497688219E-05   6.421934962207176E-06  -9.330264616231757E-06   5.283011544938273E-05  -1.736492122790050E-06  -4.568953532719788E-05   2.159358597187960E-05  -1.645173646768545E-05   5.498618996843987E-05  -1.272699724611179E-05  -2.431314126500656E-05   0.000000000000000E+00   0.000000000000000E+00
  -1.569029596068564E-05  -3.756423703230499E-05   1.593557821583399E-05  -4.398161263032234E-05  -2.381546955866959E-05   2.685327409290786E-05  -1.909038924548483E-05   2.834551486121121E-05  -1.921515398146273E-06  -4.463273885910595E-05   1.790361042603369E-05  -2.725723553690251E-05   5.210209163577662E-05  -1.187625117881886E-04   1.145292613882894E-05  -1.473113936003292E-04   3.759175073087218E-06   1.284797623113249E-05  -1.143236865946377E-05   1.436704204020434E-05   1.825679046672193E-05  -1.332907653250357E-05   1.626612821461198E-05  -9.827660339449610E-06   3.447347730920311E-08   6.401418254379456E-05  -1.368424222808959E-04   2.153555873218276E-05  -6.598653608909515E-07   3.952981440923881E-04  -5.784691790687080E-04  -1.517770499230356E-04  -4.516438698136223E-04   3.573791396396998E-05   0.000000000000000E+00   0.000000000000000E+00   0.000000000000000E+00   0.000000000000000E+00   2.301150416098471E-06   1.162696988685027E-05  -9.478043213853833E-06   8.535035496975004E-06   8.497346862971449E-06  -4.886712987007054E-06   3.863335814510600E-04  -7.227332850898539E-04  -1.234850064299731E-04  -1.226025356230970E-04   2.913300998403229E-04  -3.242349647310480E-04  -2.891231417892529E-04  -3.561254566027040E-04   0.000000000000000E+00   0.000000000000000E+00   0.000000000000000E+00   0.000000000000000E+00   0.000000000000000E+00   0.000000000000000E+00   0.000000000000000E+00   0.000000000000000E+00   0.000000000000000E+00   1.304328129573326E-04  -2.405262740843418E-04  -1.119123060238442E-04   1.639749837110265E-04   1.747191756610248E-04  -1.866882572554172E-04  -2.657477606608759E-04  -1.111523872656507E-04  -5.833046947120244E-05   0.000000000000000E+00   0.000000000000000E+00   0.000000000000000E+00   0.000000000000000E+00   0.000000000000000E+00   0.000000000000000E+00   4.879284329945132E-05   9.176650850006232E-05  -1.307627733345949E-04  -1.322050070408426E-04   5.737053406928330E-05  -1.516348361239577E-06  -1.582882746978769E-05  -4.675157275997794E-05  -2.807523837966745E-05   0.000000000000000E+00  -5.320724572298927E-07   3.629163214015127E-06   5.018619398559149E-06  -1.741984501500695E-06  -1.096008554807683E-05   1.310367304573951E-06   4.894395450657803E-06  -8.467628626506701E-06   4.120110921230881E-05  -7.787206249081138E-07   1.652334354033918E-07   3.789016840253786E-07  -9.523134883064396E-06  -7.121538293311622E-06   8.210998720534097E-06  -4.478623989506935E-06  -6.388226211859543E-02  -4.518238154458971E-02   1.520414469303108E-02  -8.294774035926628E-02  -1.654452775473934E-03  -1.390955428635952E-03   1.078094831854149E-03  -2.576990760377032E-03  -2.359443525499836E-01  -1.291840268326450E-01   2.209627940203154E-01  -5.563969830625842E-02  -2.576500057083405E-02  -1.460564111869231E-02  -1.929142303566317E-02  -3.508330357149669E-02  -1.686480181409719E-04  -1.449968312182500E-04   2.265959693879799E-04  -2.280746525583651E-04   1.538332095650525E-04  -1.528278341838237E-02  -7.757250155446090E-03   2.516572151826306E-02   3.206097307775462E-03   0.000000000000000E+00   0.000000000000000E+00   0.000000000000000E+00   1.000000000000000E+00  -3.470258947716000E-02  -7.196518516769866E-03  -5.067398844829007E-02  -1.846951529954993E-02   7.667814179316591E-04   3.426492839615186E-05   9.625655576839222E-06  -1.488749457568706E-05   7.959797349420159E-06  -4.857019078894466E-04  -3.064317174262620E-04   8.190316350049592E-04  -3.013355239725210E-04  -7.610925269126665E-04  -4.388110604523318E-01  -3.399137299003363E-02   4.686585319776784E-03  -4.947897529758884E-02   1.703389152214301E-01  -6.726256953109185E-04  -4.781359941392286E-05  -1.259972181382339E-03  -2.823389652898557E-04   6.816719722804275E-06   1.196922840696956E-05  -2.527253156951915E-05   1.888056356281888E-05  -4.155190331276827E-05   3.162367986889709E-06  -9.452945150736818E-06   3.340657779841155E-05  -1.719204491809059E-05   1.401879559374795E-02  -8.235823289463531E-03   2.292812319221435E-02   4.245854480449143E-03  -2.630100827607150E-05   5.410798464271311E-06  -5.957307430745628E-05   2.715168116529672E-05   6.512651596741812E-05   1.148686009201089E-05   8.275403014474946E-06  -2.373866180916574E-05   7.696538585414691E-06   0.000000000000000E+00  -4.542641950483349E-06  -1.185228725883579E-02   1.497903292895671E-04  -7.459398444577584E-05   2.928475040773390E-04   1.048516837084951E-04   6.151925841515999E-06  -5.048936640446884E-07   5.578797330991185E-06  -7.915396892823666E-06   0.000000000000000E+00  -4.233729948236074E-06  -9.394341464127590E-06   2.674024497688219E-05  -1.460234124817785E-05  -2.104423091060386E-07   3.057462341124897E-07  -1.736492122790050E-06  -1.044136903836074E-07  -1.280874250885793E-05  -4.743411603760693E-06   3.613913768859735E-06  -1.272699724611179E-05  -1.556218131840066E-07   1.356949113117704E-05   0.000000000000000E+00   0.000000000000000E+00
   7.517917764470074E-07   2.195756212275401E-05   2.744489710642584E-06   2.763604401713559E-05   1.631045972380049E-05  -2.862897262589346E-06   4.074100540709195E-07  -4.308312676165985E-06  -1.558904829029842E-05   3.903624470877272E-05   2.508673491330009E-06   3.046935312990173E-05   2.405211209907250E-06   1.657925824132418E-05   9.005964037296239E-06   2.686666662379327E-05   6.721094714640854E-07  -2.633480028161025E-07   1.034807366860010E-07  -3.233096893095242E-07   0.000000000000000E+00   3.137548560015257E-06   2.623068781862145E-05  -4.948121988088917E-06   1.694888711146557E-05  -2.670247252083818E-05   2.635599943492630E-05   7.966942916227541E-06   1.508897803211392E-05  -1.080819213474772E-05   2.579132682860964E-05   2.232935460458894E-05   3.333884628452093E-05   0.000000000000000E+00   0.000000000000000E+00   0.000000000000000E+00   0.000000000000000E+00   0.000000000000000E+00   1.530708680914912E-05  -4.803268181601145E-06   1.866180096679482E-06  -3.965864471143789E-06   6.592676651546108E-07   6.290523627756759E-05  -2.510501976555773E-05   2.920443205054350E-05   1.982671274769764E-05   2.145185606647801E-05   5.722990281832221E-06   1.064646316111253E-05   1.687103132012204E-05   1.815499981362566E-05   0.000000000000000E+00   0.000000000000000E+00   0.000000000000000E+00   0.000000000000000E+00   0.000000000000000E+00   0.000000000000000E+00   0.000000000000000E+00   0.000000000000000E+00   0.000000000000000E+00  -2.338469421000529E-05   3.085061142658840E-05   2.970611197615096E-05   1.482088410465793E-05   9.537371159113379E-06   7.014648025471203E-06   1.459010368462350E-05   9.665018132679011E-06   0.000000000000000E+00   0.000000000000000E+00   0.000000000000000E+00   0.000000000000000E+00   0.000000000000000E+00   0.000000000000000E+00   0.000000000000000E+00   5.925231311371394E-05  -1.942213578444329E-06   1.990998452564288E-05   3.104053055424911E-05   1.314755884264043E-05   4.297441722853033E-09  -6.625739390699154E-10  -2.396775686475363E-09  -1.352678299596322E-09   0.000000000000000E+00   1.582581143822875E-05  -5.243032276482784E-07  -9.888288692025537E-07  -1.934929995757661E-07   0.000000000000000E+00   0.000000000000000E+00   0.000000000000000E+00   0.000000000000000E+00   0.000000000000000E+00   0.000000000000000E+00   0.000000000000000E+00   0.000000000000000E+00   0.000000000000000E+00  -5.038483932690622E-08   0.000000000000000E+00   0.000000000000000E+00   2.941099407883771E-02   1.296059724147982E-02  -4.481658934349439E-02   1.519063128947193E-02   5.713831082100526E-04   3.869358806546143E-04  -1.000199576900743E-03   5.622121832416597E-04   9.268746995100753E-03   1.452865566178150E-03  -1.664316953688035E-02  -2.277660756339324E-03   2.909752237286656E-01   1.288650274145330E-01  -2.143603937238480E-01   2.378299043661697E-01  -2.547332694562273E-05  -2.820180321257754E-06   9.358968190192924E-06  -3.452950283263187E-06  -1.575183577471352E-04   7.817174226052893E-05   2.395157672474413E-05  -2.411101996743096E-04  -3.139161372031994E-05   3.788847828801956E-02  -7.180946182937006E-03  -5.056433650159940E-02  -3.470258947716000E-02   1.000000000000000E+00   0.000000000000000E+00   0.000000000000000E+00   0.000000000000000E+00  -5.618640852402489E-02   6.872770718985748E-06  -7.619511048682550E-06   2.115897400146202E-05  -1.022007021197993E-05  -2.663370528842526E-05  -5.603586932075487E-06   3.183943204936757E-05  -2.892113069213983E-06   5.473348598081869E-05  -1.937854708305763E-03   3.103779400488832E-01  -1.071056310857221E-01  -1.433500806121455E-01  -3.137405847536898E-01   3.044035374955871E-01  -3.850858213208260E-02   3.523454404199031E-01   3.658576346416959E-02   0.000000000000000E+00   0.000000000000000E+00   0.000000000000000E+00   0.000000000000000E+00  -1.155101515462615E-05   1.357616113731985E-05  -1.180437912868335E-06   7.604265634051370E-06  -3.223124188823750E-07   3.995239778022887E-02  -2.968779734247825E-02   7.983629760514824E-03  -5.701608174865310E-02   2.576455090591405E-02  -1.139957092509761E-02   3.951142668702268E-02  -1.411481293659630E-02  -5.065294356362104E-02   0.000000000000000E+00   0.000000000000000E+00   0.000000000000000E+00   0.000000000000000E+00   0.000000000000000E+00   0.000000000000000E+00  -1.986270067254667E-03   9.948159182842718E-03  -7.607630291126376E-03   1.075248093959558E-02  -1.229102608385403E-02   3.997948242181289E-04  -1.799497162375082E-04   8.464311895699908E-04  -1.380720445115297E-04   0.000000000000000E+00   8.743210520099979E-05  -1.161224966493507E-04   1.604970865992820E-04  -1.729401612831049E-04  -2.576587404353663E-05   3.552053017668595E-06  -1.135987883891163E-05   3.880527201781698E-06  -1.154037586526254E-04  -2.672982722400982E-05   1.172605671122188E-05  -2.379584288633374E-05   1.579557208934828E-05   5.232275305759393E-05   1.972893522061020E-05  -1.231911000904801E-06
  -2.195756212275401E-05   1.968544816222490E-05   3.134704004677718E-06   3.156536441657172E-05   2.862897262589346E-06   1.380987221459818E-05  -1.741224451796930E-06   1.841324067181961E-05  -3.903624470877272E-05   9.879283223600100E-06   1.236445733348769E-06   1.501737942604508E-05  -1.657925824132418E-05   1.199180613975394E-05   9.153013224177414E-06   2.730534497792342E-05   2.633480028161025E-07   5.635232069100295E-07  -1.848534049949029E-07   5.775461100364855E-07   0.000000000000000E+00  -2.623068781862145E-05   4.101641508948519E-05  -8.607424110925680E-06   2.948315743382289E-05  -2.635599943492630E-05  -5.157957494206071E-05  -1.304276847279497E-05  -2.470232924138233E-05  -2.579132682860964E-05   5.068565754035337E-06   1.172583560078876E-05   1.750726062507511E-05   0.000000000000000E+00   0.000000000000000E+00   0.000000000000000E+00   0.000000000000000E+00   0.000000000000000E+00   4.803268181601145E-06   2.060840552565890E-05  -7.349148361756213E-06   1.561785297834486E-05   5.252175108383824E-05   3.335129554662507E-05  -2.920443205054350E-05  -2.412819034090932E-05  -9.896505402250246E-06  -1.070769583197029E-05  -1.064646316111253E-05   6.629205055059605E-06   1.637412497619694E-05   1.762027645201410E-05   0.000000000000000E+00   0.000000000000000E+00   0.000000000000000E+00   0.000000000000000E+00   0.000000000000000E+00   0.000000000000000E+00   0.000000000000000E+00   0.000000000000000E+00   0.000000000000000E+00  -3.085061142658840E-05  -1.536864128669475E-05  -5.310845253389670E-06  -2.649670951939220E-06  -7.014648025471203E-06   6.601377120185796E-06   1.834330567328744E-05   1.215127635675688E-05   0.000000000000000E+00   0.000000000000000E+00   0.000000000000000E+00   0.000000000000000E+00   0.000000000000000E+00   0.000000000000000E+00   0.000000000000000E+00   4.406240150547112E-05  -1.990998452564288E-05   1.002552146248846E-05   2.532096975870559E-05   1.072497582711996E-05   6.625739390699154E-10   1.035959748139851E-09   1.555484871937157E-09   8.778754905987670E-10   0.000000000000000E+00   5.243032276482784E-07   1.086647118627720E-05   1.859833449984094E-05   3.639302655463352E-06   0.000000000000000E+00   0.000000000000000E+00   0.000000000000000E+00   0.000000000000000E+00   0.000000000000000E+00   0.000000000000000E+00   0.000000000000000E+00   0.000000000000000E+00   0.000000000000000E+00   4.674370781784045E-08   0.000000000000000E+00   0.000000000000000E+00  -1.296059724147982E-02   6.139101886260082E-03   2.148397649221510E-02  -7.282017000972345E-03  -3.869358806546143E-04  -5.170368407913191E-05   6.543498668031435E-04  -3.678100608272823E-04  -1.452865566178150E-03   3.297368838458333E-03   2.784262036278996E-03   3.810334540752853E-04  -1.288650274145330E-01   1.018727610096967E-01   1.177699478108600E-01  -1.306641350041035E-01   2.820180321257754E-06  -1.370440820531589E-05   2.753168852948936E-05  -1.015769578170288E-05   1.537464833704796E-04  -2.395157672474413E-05   3.365363468885833E-05   5.284047711723808E-05   6.879625369239335E-06   7.180946182937006E-03   1.481916592970257E-02  -1.048587985520331E-02  -7.196518516769866E-03   0.000000000000000E+00   1.000000000000000E+00   0.000000000000000E+00   0.000000000000000E+00   3.540155721674996E-02   7.619511048682550E-06   2.994385715027452E-06  -1.741240661185084E-05   8.410427562336572E-06   5.603586932075487E-06  -1.030062476017923E-05   9.855417644236330E-06  -8.952101321174202E-07   6.669281291053223E-07  -5.695294040883373E-04   1.071056310857221E-01   1.411899775301616E-01  -6.200019333202338E-02  -1.356956119436094E-01   3.850858213208260E-02   1.768103707367861E-01   5.568776361701236E-02   5.782334929927239E-03   0.000000000000000E+00   0.000000000000000E+00   0.000000000000000E+00   0.000000000000000E+00  -1.010769241842205E-05   1.180437912868335E-06   9.622782719524042E-07  -8.442279815399727E-06   3.578322692987811E-07   2.968779734247825E-02  -6.880833683761019E-03   6.499820450336593E-03  -4.641927359668299E-02   1.139957092509761E-02   5.217549645194251E-03   1.896572740818035E-02  -6.775196873892358E-03   6.319266925861599E-03   0.000000000000000E+00   0.000000000000000E+00   0.000000000000000E+00   0.000000000000000E+00   0.000000000000000E+00   0.000000000000000E+00  -1.810952518045021E-03   7.607630291126376E-03  -2.395691740206031E-03   8.784451299123072E-03  -1.004139608862473E-02   1.799497162375082E-04   6.914239522209790E-05   3.552303695495079E-04  -5.794609650573502E-05   0.000000000000000E+00   1.161224966493507E-04  -7.095848900344606E-05   1.562429593793574E-04  -1.683562185890579E-04  -3.552053017668595E-06  -1.439176257174821E-05   2.766830089462420E-05  -9.451473538687562E-06  -4.182614542774376E-05  -1.172605671122188E-05  -1.740966479622060E-05   1.835483996639583E-05  -1.218385914138659E-05  -1.792604107040627E-05   1.931684741047033E-05   2.337681839970643E-05
  -2.744489710642584E-06   3.134704004677718E-06  -5.002253465397761E-06   3.945375054373250E-06  -4.074100540709195E-07  -1.741224451796930E-06   1.821961663531291E-06  -2.620331325107327E-06  -2.508673491330009E-06   1.236445733348769E-06  -9.280985336396686E-06   9.650954377508923E-07  -9.005964037296239E-06   9.153013224177414E-06   1.138201689362670E-07   1.483244613949055E-05  -1.034807366860010E-07  -1.848534049949029E-07   1.657268371795921E-07  -2.269426625515133E-07   0.000000000000000E+00   4.948121988088917E-06  -8.607424110925680E-06  -2.989052885445732E-06  -5.561663521191389E-06  -7.966942916227541E-06  -1.304276847279497E-05  -1.237447651511083E-05  -7.467068264660617E-06  -2.232935460458894E-05   1.172583560078876E-05   1.676616913799881E-06   1.515725938607454E-05   0.000000000000000E+00   0.000000000000000E+00   0.000000000000000E+00   0.000000000000000E+00   0.000000000000000E+00  -1.866180096679482E-06  -7.349148361756213E-06   4.548110955509601E-06  -6.067894874722146E-06  -1.053125864333841E-05   7.594466968850653E-06  -1.982671274769764E-05  -9.896505402250246E-06  -1.626947334675988E-05  -7.269390107733439E-06  -1.687103132012204E-05   1.637412497619694E-05   2.224374627012436E-05   2.792215887967007E-05   0.000000000000000E+00   0.000000000000000E+00   0.000000000000000E+00   0.000000000000000E+00   0.000000000000000E+00   0.000000000000000E+00   0.000000000000000E+00   0.000000000000000E+00   0.000000000000000E+00  -2.970611197615096E-05  -5.310845253389670E-06  -1.496700585880294E-05  -2.551373161130416E-06  -1.459010368462350E-05   1.834330567328744E-05   3.593538341393924E-05   2.527402391422023E-05   0.000000000000000E+00   0.000000000000000E+00   0.000000000000000E+00   0.000000000000000E+00   0.000000000000000E+00   0.000000000000000E+00   0.000000000000000E+00   3.420334391386817E-05  -3.104053055424911E-05   2.532096975870559E-05   3.326066314710451E-05   1.672070309379364E-05   2.396775686475363E-09   1.555484871937157E-09   6.232721206672740E-09   3.175601253760953E-09   0.000000000000000E+00   9.888288692025537E-07   1.859833449984094E-05   3.608135209880754E-05   6.863676093754246E-06   0.000000000000000E+00   0.000000000000000E+00   0.000000000000000E+00   0.000000000000000E+00   0.000000000000000E+00   0.000000000000000E+00   0.000000000000000E+00   0.000000000000000E+00   0.000000000000000E+00   7.430257635305995E-08   0.000000000000000E+00   0.000000000000000E+00   4.481658934349439E-02   2.148397649221510E-02  -6.193757949494653E-02   2.518056532768697E-02   1.000199576900743E-03   6.543498668031435E-04  -1.490006985977098E-03   9.507607994298766E-04   1.664316953688035E-02   2.784262036278996E-03  -2.835443986953207E-02  -4.364894125806875E-03   2.143603937238480E-01   1.177699478108600E-01  -2.323287930365972E-02   2.173531173431997E-01  -9.358968190192924E-06   2.753168852948936E-05  -9.677401851558604E-05   3.370903306786299E-05  -2.697210020724631E-04   2.411101996743096E-04   5.284047711723808E-05  -4.930195690723105E-04  -6.925422344943610E-05   5.056433650159940E-02  -1.048587985520331E-02  -5.752756177649539E-02  -5.067398844829007E-02   0.000000000000000E+00   0.000000000000000E+00   1.000000000000000E+00   0.000000000000000E+00  -1.777069461682990E-02  -2.115897400146202E-05  -1.741240661185084E-05   4.507736308329582E-05  -2.335530679011596E-05  -3.183943204936757E-05   9.855417644236330E-06  -6.456433982335187E-05   5.086560183139853E-06  -2.590618480093948E-05  -2.589423732949028E-03   1.433500806121455E-01  -6.200019333202338E-02   1.045331187667923E-01  -1.816148853580110E-01  -3.523454404199031E-01   5.568776361701236E-02  -3.266347389043492E-01  -5.290715042565029E-02   0.000000000000000E+00   0.000000000000000E+00   0.000000000000000E+00   0.000000000000000E+00   2.295873109309746E-05  -7.604265634051370E-06  -8.442279815399727E-06   5.403609360475966E-05  -2.305120496826027E-06  -7.983629760514824E-03   6.499820450336593E-03   1.554136526568452E-02   1.248305119685320E-02  -3.951142668702268E-02   1.896572740818035E-02  -5.504665243636581E-02   2.348313777175355E-02   7.157798892799835E-02   0.000000000000000E+00   0.000000000000000E+00   0.000000000000000E+00   0.000000000000000E+00   0.000000000000000E+00   0.000000000000000E+00  -1.488447561462828E-04  -1.075248093959558E-02   8.784451299123072E-03  -8.596265703370484E-03   1.419231954210556E-02  -8.464311895699908E-04   3.552303695495079E-04  -1.526236744180592E-03   2.725616045515246E-04   0.000000000000000E+00  -1.604970865992820E-04   1.562429593793574E-04  -1.738629527674346E-04   2.326911957121339E-04   1.135987883891163E-05   2.766830089462420E-05  -9.422677148312730E-05   3.022691207439839E-05   3.402647887018442E-04   2.379584288633374E-05   1.835483996639583E-05  -4.561253300604509E-05   2.472486744842337E-05   1.567545894159869E-05  -6.787736844193954E-05  -4.131256538095391E-05
  -2.763604401713559E-05   3.156536441657172E-05   3.945375054373250E-06   3.433447402364734E-05   4.308312676165985E-06   1.841324067181961E-05  -2.620331325107327E-06   2.928386428749445E-05  -3.046935312990173E-05   1.501737942604508E-05   9.650954377508923E-07   2.361220556452291E-06  -2.686666662379327E-05   2.730534497792342E-05   1.483244613949055E-05   3.939011849069331E-05   3.233096893095242E-07   5.775461100364855E-07  -2.269426625515133E-07   8.021375373855342E-07   0.000000000000000E+00  -1.694888711146557E-05   2.948315743382289E-05  -5.561663521191389E-06   1.443771555052495E-05  -1.508897803211392E-05  -2.470232924138233E-05  -7.467068264660617E-06  -2.257412430447516E-05  -3.333884628452093E-05   1.750726062507511E-05   1.515725938607454E-05   1.415528975665221E-05   0.000000000000000E+00   0.000000000000000E+00   0.000000000000000E+00   0.000000000000000E+00   0.000000000000000E+00   3.965864471143789E-06   1.561785297834486E-05  -6.067894874722146E-06   1.458782808536513E-05   2.185840271702096E-05   1.075834649665386E-05  -2.145185606647801E-05  -1.070769583197029E-05  -7.269390107733439E-06  -1.741603835842141E-05  -1.815499981362566E-05   1.762027645201410E-05   2.792215887967007E-05   2.634348716330342E-05   0.000000000000000E+00   0.000000000000000E+00   0.000000000000000E+00   0.000000000000000E+00   0.000000000000000E+00   0.000000000000000E+00   0.000000000000000E+00   0.000000000000000E+00   0.000000000000000E+00  -1.482088410465793E-05  -2.649670951939220E-06  -2.551373161130416E-06  -1.112610636891762E-05  -9.665018132679011E-06   1.215127635675688E-05   2.527402391422023E-05   1.452469754297305E-05   0.000000000000000E+00   0.000000000000000E+00   0.000000000000000E+00   0.000000000000000E+00   0.000000000000000E+00   0.000000000000000E+00   0.000000000000000E+00   8.666642145958951E-06  -1.314755884264043E-05   1.072497582711996E-05   1.672070309379364E-05   8.664097083496628E-07   1.352678299596322E-09   8.778754905987670E-10   3.175601253760953E-09   2.398182831340260E-09   0.000000000000000E+00   1.934929995757661E-07   3.639302655463352E-06   6.863676093754246E-06   2.348219146928071E-06   0.000000000000000E+00   0.000000000000000E+00   0.000000000000000E+00   0.000000000000000E+00   0.000000000000000E+00   0.000000000000000E+00   0.000000000000000E+00   0.000000000000000E+00   0.000000000000000E+00   2.762623187376351E-09   0.000000000000000E+00   0.000000000000000E+00  -1.519063128947193E-02  -7.282017000972345E-03   2.518056532768697E-02   3.817115349204709E-03  -5.622121832416597E-04  -3.678100608272823E-04   9.507607994298766E-04  -3.329854095644769E-04   2.277660756339324E-03   3.810334540752853E-04  -4.364894125806875E-03   2.943073966731349E-03  -2.378299043661697E-01  -1.306641350041035E-01   2.173531173431997E-01  -6.847887402793254E-02   3.452950283263187E-06  -1.015769578170288E-05   3.370903306786299E-05  -1.784495963051988E-05   2.686634264859926E-04   3.139161372031994E-05   6.879625369239335E-06  -6.925422344943610E-05   2.988610809559568E-05   3.470258947716000E-02  -7.196518516769866E-03  -5.067398844829007E-02  -1.846951529954993E-02   0.000000000000000E+00   0.000000000000000E+00   0.000000000000000E+00   1.000000000000000E+00   7.938804816226647E-02   1.022007021197993E-05   8.410427562336572E-06  -2.335530679011596E-05   8.004971325031063E-06   2.892113069213983E-06  -8.952101321174202E-07   5.086560183139853E-06  -9.028152868231903E-06  -8.026872219935421E-06  -2.548635558524653E-03   3.137405847536898E-01  -1.356956119436094E-01  -1.816148853580110E-01  -2.099740419316348E-01  -3.658576346416959E-02   5.782334929927239E-03  -5.290715042565029E-02   1.774029946337005E-01   0.000000000000000E+00   0.000000000000000E+00   0.000000000000000E+00   0.000000000000000E+00  -1.651070463047169E-05   3.223124188823750E-07   3.578322692987811E-07  -2.305120496826027E-06  -2.505434054881307E-07   5.701608174865310E-02  -4.641927359668299E-02   1.248305119685320E-02  -7.185996357603479E-02   1.411481293659630E-02  -6.775196873892358E-03   2.348313777175355E-02   2.300445613745618E-03   3.707667057670960E-02   0.000000000000000E+00   0.000000000000000E+00   0.000000000000000E+00   0.000000000000000E+00   0.000000000000000E+00   0.000000000000000E+00  -3.301471835322937E-03   1.229102608385403E-02  -1.004139608862473E-02   1.419231954210556E-02  -1.240355062345320E-02   1.380720445115297E-04  -5.794609650573502E-05   2.725616045515246E-04   1.002027655482002E-04   0.000000000000000E+00   1.729401612831049E-04  -1.683562185890579E-04   2.326911957121339E-04  -2.086452897849112E-04  -3.880527201781698E-06  -9.451473538687562E-06   3.022691207439839E-05  -1.606581940930124E-05   2.964752245871649E-05  -1.579557208934828E-05  -1.218385914138659E-05   2.472486744842337E-05  -2.477706643217933E-05  -2.674155419678055E-05   1.539082421815435E-05   2.957800631590613E-05
   0.000000000000000E+00   0.000000000000000E+00   0.000000000000000E+00   0.000000000000000E+00   0.000000000000000E+00   0.000000000000000E+00   0.000000000000000E+00   0.000000000000000E+00   0.000000000000000E+00   0.000000000000000E+00   0.000000000000000E+00   0.000000000000000E+00   0.000000000000000E+00   0.000000000000000E+00   0.000000000000000E+00   0.000000000000000E+00   0.000000000000000E+00   0.000000000000000E+00   0.000000000000000E+00   0.000000000000000E+00   0.000000000000000E+00   0.000000000000000E+00   0.000000000000000E+00   0.000000000000000E+00   0.000000000000000E+00   0.000000000000000E+00   0.000000000000000E+00   0.000000000000000E+00   0.000000000000000E+00   0.000000000000000E+00   0.000000000000000E+00   0.000000000000000E+00   0.000000000000000E+00   0.000000000000000E+00   0.000000000000000E+00   0.000000000000000E+00   0.000000000000000E+00   0.000000000000000E+00   0.000000000000000E+00   0.000000000000000E+00   0.000000000000000E+00   0.000000000000000E+00   0.000000000000000E+00   0.000000000000000E+00   0.000000000000000E+00   0.000000000000000E+00   0.000000000000000E+00   0.000000000000000E+00   0.000000000000000E+00   0.000000000000000E+00   0.000000000000000E+00   0.000000000000000E+00   0.000000000000000E+00   0.000000000000000E+00   0.000000000000000E+00   0.000000000000000E+00   0.000000000000000E+00   0.000000000000000E+00   0.000000000000000E+00   0.000000000000000E+00   0.000000000000000E+00  -4.526462579829832E-06  -6.156420379370656E-06  -4.222987096878773E-06  -5.008580988827684E-06   0.000000000000000E+00   0.000000000000000E+00   0.000000000000000E+00   0.000000000000000E+00   0.000000000000000E+00   0.000000000000000E+00   0.000000000000000E+00   0.000000000000000E+00   0.000000000000000E+00   0.000000000000000E+00   0.000000000000000E+00   0.000000000000000E+00   0.000000000000000E+00   0.000000000000000E+00   0.000000000000000E+00   0.000000000000000E+00   0.000000000000000E+00   0.000000000000000E+00   0.000000000000000E+00   0.000000000000000E+00   0.000000000000000E+00   0.000000000000000E+00   0.000000000000000E+00   0.000000000000000E+00   0.000000000000000E+00   0.000000000000000E+00   0.000000000000000E+00   0.000000000000000E+00   0.000000000000000E+00   0.000000000000000E+00   0.000000000000000E+00   0.000000000000000E+00   0.000000000000000E+00   0.000000000000000E+00   0.000000000000000E+00   0.000000000000000E+00   0.000000000000000E+00  -5.160237758736050E-02   7.516907493030736E-03   6.944066156868778E-02   4.336979541965283E-02  -1.267839977712624E-02  -2.882137100570556E-03   2.239209648076398E-02   1.475877252902409E-03  -1.420111649266679E-03   4.814206843117768E-04   1.927845402445962E-03   1.834259757598046E-03  -4.348810175314967E-01   1.385611845343250E-01   1.954635061373995E-01   4.012921573715660E-01  -1.304999028534938E-04  -4.504993027413429E-05   3.643717220396194E-04   2.251240618608032E-05   1.920554147218207E-02   1.036449746055905E-05   1.315090307524570E-05   1.139237697463783E-04   7.426455819279429E-05  -4.402187590528931E-04   2.665053689821620E-04   3.588355811846310E-04   7.667814179316591E-04  -5.618640852402489E-02   3.540155721674996E-02  -1.777069461682990E-02   7.938804816226647E-02   1.000000000000000E+00   6.308604552016840E-05   5.698812829643412E-06  -2.606873249845002E-05   3.586035623351460E-06   5.554258231090789E-05  -2.007985579876153E-07   2.291056495791738E-05   7.151720199485898E-06  -8.046839900785947E-05  -8.173245652079532E-05  -1.581521997186180E-03   1.129925645234827E-03   1.073954245585844E-04   2.785592777016331E-03  -1.160569326458426E-02   7.679652913570285E-03  -1.382025974659568E-02   1.354269248997772E-02  -1.177591748792880E-05   5.568791465553028E-06  -3.091806369158342E-05   2.517889500342506E-06  -9.391115991660970E-05  -8.230473882484661E-06   1.174425360582545E-06  -4.623846039793551E-05  -1.250181938809692E-05   3.282246424036546E-06   6.462049386930347E-05  -2.401803882339465E-05   1.332790907936416E-04  -1.136312722045310E-04   1.247652092718734E-04  -2.242887121681444E-04   2.250111524137491E-04   1.200279543283035E-02   0.000000000000000E+00   0.000000000000000E+00   0.000000000000000E+00   0.000000000000000E+00   0.000000000000000E+00   0.000000000000000E+00  -8.430747377631919E-05   5.569279771189944E-05   9.900403488630784E-06  -1.025943799715959E-05   1.856332051304070E-05   6.309504635911668E-05  -9.591869396118770E-06   2.418432394769765E-05  -1.470920987043693E-05   0.000000000000000E+00  -3.812988177031480E-06  -2.330487249899133E-05   2.578385595824398E-05  -4.020743003630727E-05  -1.058719753559390E-05  -8.971903341106237E-06   1.961273261608199E-05  -1.367480429366029E-05  -9.469822052080734E-05   0.000000000000000E+00   0.000000000000000E+00   0.000000000000000E+00   0.000000000000000E+00   0.000000000000000E+00   0.000000000000000E+00   0.000000000000000E+00
   0.000000000000000E+00   0.000000000000000E+00   0.000000000000000E+00   0.000000000000000E+00   0.000000000000000E+00   0.000000000000000E+00   0.000000000000000E+00   0.000000000000000E+00   0.000000000000000E+00   0.000000000000000E+00   0.000000000000000E+00   0.000000000000000E+00   0.000000000000000E+00   0.000000000000000E+00   0.000000000000000E+00   0.000000000000000E+00   0.000000000000000E+00   0.000000000000000E+00   0.000000000000000E+00   0.000000000000000E+00   0.000000000000000E+00   0.000000000000000E+00   0.000000000000000E+00   0.000000000000000E+00   0.000000000000000E+00   0.000000000000000E+00   0.000000000000000E+00   0.000000000000000E+00   0.000000000000000E+00   0.000000000000000E+00   0.000000000000000E+00   0.000000000000000E+00   0.000000000000000E+00   0.000000000000000E+00   0.000000000000000E+00   0.000000000000000E+00   0.000000000000000E+00   0.000000000000000E+00   0.000000000000000E+00   0.000000000000000E+00   0.000000000000000E+00   0.000000000000000E+00   0.000000000000000E+00   0.000000000000000E+00   0.000000000000000E+00   0.000000000000000E+00   0.000000000000000E+00   0.000000000000000E+00   0.000000000000000E+00   0.000000000000000E+00   0.000000000000000E+00   0.000000000000000E+00   0.000000000000000E+00   0.000000000000000E+00   0.000000000000000E+00   0.000000000000000E+00   0.000000000000000E+00   0.000000000000000E+00   0.000000000000000E+00   0.000000000000000E+00   0.000000000000000E+00   0.000000000000000E+00   0.000000000000000E+00   0.000000000000000E+00   0.000000000000000E+00   8.698210963342517E-09  -3.380803109258477E-09   3.447344808751056E-10  -4.602701151307545E-09   0.000000000000000E+00   0.000000000000000E+00   0.000000000000000E+00   0.000000000000000E+00   0.000000000000000E+00   0.000000000000000E+00   0.000000000000000E+00   0.000000000000000E+00   1.632272257779712E-05  -2.932218930946782E-06   3.633400188843788E-07  -2.711284049656639E-06   3.695813854031958E-06  -1.147670059291701E-06  -2.526528130648757E-07  -1.916054689887561E-06   0.000000000000000E+00   7.871070615775847E-06   1.810759315670331E-05   1.814903328588911E-06   1.342480836020575E-05   1.344552114882097E-05   4.478533291603064E-06   2.269667520655321E-06   6.393605788144043E-06   0.000000000000000E+00   5.845872201290424E-06   1.907430703996276E-05   7.325632752293358E-06   1.724517301675891E-05  -3.360039850661260E-06  -1.736176711888294E-07   8.218370995935316E-06   4.331708138114304E-04  -3.149441163748390E-04   7.647835128315347E-04  -4.497238156540078E-04   2.482604592335034E-02  -1.219050802250552E-02   3.765080220955916E-02  -1.414196073398943E-02   8.071441069755255E-05  -9.881771862052985E-05   1.477849217727058E-04  -1.749894689884520E-04  -2.502299408392322E-05   2.087028342818468E-06  -6.675331999418211E-06   2.400915785330778E-06   3.037130086251446E-01  -1.468785909491353E-01   2.204540380193704E-01  -2.374704446311458E-01  -1.135042019833633E-02   7.192230457179295E-04  -6.176467873644796E-04   4.748875970865236E-04  -1.279660993231189E-03  -1.436748875145638E-05   1.926316134198580E-05  -2.979331721357604E-05   3.426492839615186E-05   6.872770718985748E-06   7.619511048682550E-06  -2.115897400146202E-05   1.022007021197993E-05   6.308604552016840E-05   1.000000000000000E+00   0.000000000000000E+00   0.000000000000000E+00   0.000000000000000E+00   3.715699945929000E-02  -2.639034843731614E-02   7.327309897939242E-03  -5.413286934403230E-02   1.692573198200840E-07  -6.350598621243306E-06   1.348193857821343E-05   2.858566040485722E-06  -5.880880454732884E-06   4.628001677162200E-06   0.000000000000000E+00   0.000000000000000E+00   0.000000000000000E+00   0.000000000000000E+00   3.123336906170781E-01   1.473686578510230E-02  -3.598142530688768E-01  -4.370221247437692E-02  -4.438806122139034E-01   1.441554742031123E-02  -8.616509706986795E-03  -1.041922341756758E-02  -2.156872252592523E-02   0.000000000000000E+00   0.000000000000000E+00   0.000000000000000E+00   0.000000000000000E+00   0.000000000000000E+00   0.000000000000000E+00   0.000000000000000E+00   0.000000000000000E+00   0.000000000000000E+00   3.928501702076392E-02  -9.428490417846293E-03  -5.169425841746235E-02  -3.618110235464534E-02  -5.975822481910784E-02  -4.172802846581622E-04   0.000000000000000E+00   0.000000000000000E+00   0.000000000000000E+00   0.000000000000000E+00   0.000000000000000E+00   0.000000000000000E+00   0.000000000000000E+00   0.000000000000000E+00   0.000000000000000E+00  -1.917589331685519E-03   0.000000000000000E+00   0.000000000000000E+00   0.000000000000000E+00   0.000000000000000E+00   0.000000000000000E+00   0.000000000000000E+00   0.000000000000000E+00   0.000000000000000E+00   0.000000000000000E+00   0.000000000000000E+00   0.000000000000000E+00   0.000000000000000E+00   0.000000000000000E+00   0.000000000000000E+00   0.000000000000000E+00   0.000000000000000E+00
   0.000000000000000E+00   0.000000000000000E+00   0.000000000000000E+00   0.000000000000000E+00   0.000000000000000E+00   0.000000000000000E+00   0.000000000000000E+00   0.000000000000000E+00   0.000000000000000E+00   0.000000000000000E+00   0.000000000000000E+00   0.000000000000000E+00   0.000000000000000E+00   0.000000000000000E+00   0.000000000000000E+00   0.000000000000000E+00   0.000000000000000E+00   0.000000000000000E+00   0.000000000000000E+00   0.000000000000000E+00   0.000000000000000E+00   0.000000000000000E+00   0.000000000000000E+00   0.000000000000000E+00   0.000000000000000E+00   0.000000000000000E+00   0.000000000000000E+00   0.000000000000000E+00   0.000000000000000E+00   0.000000000000000E+00   0.000000000000000E+00   0.000000000000000E+00   0.000000000000000E+00   0.000000000000000E+00   0.000000000000000E+00   0.000000000000000E+00   0.000000000000000E+00   0.000000000000000E+00   0.000000000000000E+00   0.000000000000000E+00   0.000000000000000E+00   0.000000000000000E+00   0.000000000000000E+00   0.000000000000000E+00   0.000000000000000E+00   0.000000000000000E+00   0.000000000000000E+00   0.000000000000000E+00   0.000000000000000E+00   0.000000000000000E+00   0.000000000000000E+00   0.000000000000000E+00   0.000000000000000E+00   0.000000000000000E+00   0.000000000000000E+00   0.000000000000000E+00   0.000000000000000E+00   0.000000000000000E+00   0.000000000000000E+00   0.000000000000000E+00   0.000000000000000E+00   0.000000000000000E+00   0.000000000000000E+00   0.000000000000000E+00   0.000000000000000E+00   3.380803109258477E-09   6.778140537930220E-09  -5.662011857764409E-10   7.559600197315550E-09   0.000000000000000E+00   0.000000000000000E+00   0.000000000000000E+00   0.000000000000000E+00   0.000000000000000E+00   0.000000000000000E+00   0.000000000000000E+00   0.000000000000000E+00   2.932218930946782E-06   2.410619014388127E-05  -2.811331993323888E-06   2.097847524528813E-05   1.147670059291701E-06   2.348215768776780E-06   4.075141845835317E-07   3.090483953434089E-06   0.000000000000000E+00  -1.810759315670331E-05   3.897276160390190E-05   4.195986731340265E-06   3.103764088305797E-05  -4.478533291603064E-06   1.663393566185863E-05   8.640980256644857E-06   2.434146009551720E-05   0.000000000000000E+00  -1.907430703996276E-05   3.008122014270215E-05   1.295807593883468E-05   3.050443136936493E-05   4.776110622489689E-05   1.400841677819499E-07   4.732155719953807E-05   3.149441163748390E-04  -5.972546904029144E-05   5.229738355907012E-04  -3.075298890247781E-04   1.219050802250552E-02   3.776251566355872E-03   2.004258621850693E-02  -7.528165422137001E-03   9.881771862052985E-05  -4.737258759012262E-05   1.303394634317360E-04  -1.543326154019835E-04  -2.087028342818468E-06  -1.437122829535506E-05   3.015461002027153E-05  -1.084570463378802E-05   1.468785909491353E-01   9.365470272658394E-02   1.331486320277914E-01  -1.434261088331266E-01  -3.066197594189116E-03   6.176467873644796E-04  -2.710613570224542E-04   4.014318355182696E-04  -1.081722631851203E-03  -1.926316134198580E-05  -3.750747170408090E-06  -8.369496841604529E-06   9.625655576839222E-06  -7.619511048682550E-06   2.994385715027452E-06  -1.741240661185084E-05   8.410427562336572E-06   5.698812829643412E-06   0.000000000000000E+00   1.000000000000000E+00   0.000000000000000E+00   0.000000000000000E+00   2.639034843731614E-02  -4.536474517484176E-03   5.691500122133790E-03  -4.204779609084947E-02  -6.307841198212548E-05   1.964459395639219E-05  -2.858566040485722E-06   6.742250681061627E-06  -1.468865522437998E-05   1.155934413850886E-05   0.000000000000000E+00   0.000000000000000E+00   0.000000000000000E+00   0.000000000000000E+00  -1.473686578510230E-02   1.881625217654788E-01   2.130084036326656E-02   2.587151130058388E-03   1.032371927592780E-01   8.616509706986795E-03   1.617364185303553E-04  -6.689160973462364E-03  -1.384716030991296E-02   0.000000000000000E+00   0.000000000000000E+00   0.000000000000000E+00   0.000000000000000E+00   0.000000000000000E+00   0.000000000000000E+00   0.000000000000000E+00   0.000000000000000E+00   0.000000000000000E+00   9.428490417846293E-03   1.449316240236632E-02  -1.358742496096474E-02  -9.509915187847301E-03   2.128222611540091E-02  -2.638244297139209E-04   0.000000000000000E+00   0.000000000000000E+00   0.000000000000000E+00   0.000000000000000E+00   0.000000000000000E+00   0.000000000000000E+00   0.000000000000000E+00   0.000000000000000E+00   0.000000000000000E+00  -2.321853484179900E-04   0.000000000000000E+00   0.000000000000000E+00   0.000000000000000E+00   0.000000000000000E+00   0.000000000000000E+00   0.000000000000000E+00   0.000000000000000E+00   0.000000000000000E+00   0.000000000000000E+00   0.000000000000000E+00   0.000000000000000E+00   0.000000000000000E+00   0.000000000000000E+00   0.000000000000000E+00   0.000000000000000E+00   0.000000000000000E+00
   0.000000000000000E+00   0.000000000000000E+00   0.000000000000000E+00   0.000000000000000E+00   0.000000000000000E+00   0.000000000000000E+00   0.000000000000000E+00   0.000000000000000E+00   0.000000000000000E+00   0.000000000000000E+00   0.000000000000000E+00   0.000000000000000E+00   0.000000000000000E+00   0.000000000000000E+00   0.000000000000000E+00   0.000000000000000E+00   0.000000000000000E+00   0.000000000000000E+00   0.000000000000000E+00   0.000000000000000E+00   0.000000000000000E+00   0.000000000000000E+00   0.000000000000000E+00   0.000000000000000E+00   0.000000000000000E+00   0.000000000000000E+00   0.000000000000000E+00   0.000000000000000E+00   0.000000000000000E+00   0.000000000000000E+00   0.000000000000000E+00   0.000000000000000E+00   0.000000000000000E+00   0.000000000000000E+00   0.000000000000000E+00   0.000000000000000E+00   0.000000000000000E+00   0.000000000000000E+00   0.000000000000000E+00   0.000000000000000E+00   0.000000000000000E+00   0.000000000000000E+00   0.000000000000000E+00   0.000000000000000E+00   0.000000000000000E+00   0.000000000000000E+00   0.000000000000000E+00   0.000000000000000E+00   0.000000000000000E+00   0.000000000000000E+00   0.000000000000000E+00   0.000000000000000E+00   0.000000000000000E+00   0.000000000000000E+00   0.000000000000000E+00   0.000000000000000E+00   0.000000000000000E+00   0.000000000000000E+00   0.000000000000000E+00   0.000000000000000E+00   0.000000000000000E+00   0.000000000000000E+00   0.000000000000000E+00   0.000000000000000E+00   0.000000000000000E+00  -3.447344808751056E-10  -5.662011857764409E-10   1.283153085605229E-09  -7.708389886734685E-10   0.000000000000000E+00   0.000000000000000E+00   0.000000000000000E+00   0.000000000000000E+00   0.000000000000000E+00   0.000000000000000E+00   0.000000000000000E+00   0.000000000000000E+00  -3.633400188843788E-07  -2.811331993323888E-06   1.766598745101560E-06  -2.599505620587237E-06   2.526528130648757E-07   4.075141845835317E-07   5.868030557301547E-07   6.803518644102934E-07   0.000000000000000E+00  -1.814903328588911E-06   4.195986731340265E-06  -2.470738778164889E-06   3.110867207073076E-06  -2.269667520655321E-06   8.640980256644857E-06   3.962603189021490E-06   1.233596309035086E-05   0.000000000000000E+00  -7.325632752293358E-06   1.295807593883468E-05   1.317940146055815E-06   1.171545897113445E-05   2.923145446914527E-06   1.251964211167813E-07   2.639379570805155E-05  -7.647835128315347E-04   5.229738355907012E-04  -1.114305753297500E-03   7.467794335587453E-04  -3.765080220955916E-02   2.004258621850693E-02  -5.163661152263508E-02   2.325099715175503E-02  -1.477849217727058E-04   1.303394634317360E-04  -1.551465873953889E-04   2.308091485267376E-04   6.675331999418211E-06   3.015461002027153E-05  -1.013925669978027E-04   3.468983995703256E-05  -2.204540380193704E-01   1.331486320277914E-01  -1.748073640842732E-02   2.152721145086299E-01   2.014730609840179E-02  -4.748875970865236E-04   4.014318355182696E-04  -5.759964541099505E-05   8.316997220140814E-04   2.979331721357604E-05  -8.369496841604529E-06   3.782532602585304E-06  -1.488749457568706E-05   2.115897400146202E-05  -1.741240661185084E-05   4.507736308329582E-05  -2.335530679011596E-05  -2.606873249845002E-05   0.000000000000000E+00   0.000000000000000E+00   1.000000000000000E+00   0.000000000000000E+00  -7.327309897939242E-03   5.691500122133790E-03   1.438202101890465E-02   1.167461783291048E-02   2.526063569579070E-05  -2.448205245665546E-05   5.880880454732884E-06  -1.468865522437998E-05   2.982114646806863E-05  -2.378084677803595E-05   0.000000000000000E+00   0.000000000000000E+00   0.000000000000000E+00   0.000000000000000E+00   3.598142530688768E-01   2.130084036326656E-02  -3.310448458417503E-01  -6.316769556110860E-02   1.966502038572168E-01   1.041922341756758E-02  -6.689160973462364E-03  -2.395090231397406E-03  -1.674421104068034E-02   0.000000000000000E+00   0.000000000000000E+00   0.000000000000000E+00   0.000000000000000E+00   0.000000000000000E+00   0.000000000000000E+00   0.000000000000000E+00   0.000000000000000E+00   0.000000000000000E+00   5.169425841746235E-02  -1.358742496096474E-02  -5.752537997053591E-02  -5.214069182466476E-02  -8.714229223490660E-02  -3.511905238317204E-04   0.000000000000000E+00   0.000000000000000E+00   0.000000000000000E+00   0.000000000000000E+00   0.000000000000000E+00   0.000000000000000E+00   0.000000000000000E+00   0.000000000000000E+00   0.000000000000000E+00  -3.246779920327763E-03   0.000000000000000E+00   0.000000000000000E+00   0.000000000000000E+00   0.000000000000000E+00   0.000000000000000E+00   0.000000000000000E+00   0.000000000000000E+00   0.000000000000000E+00   0.000000000000000E+00   0.000000000000000E+00   0.000000000000000E+00   0.000000000000000E+00   0.000000000000000E+00   0.000000000000000E+00   0.000000000000000E+00   0.000000000000000E+00
   0.000000000000000E+00   0.000000000000000E+00   0.000000000000000E+00   0.000000000000000E+00   0.000000000000000E+00   0.000000000000000E+00   0.000000000000000E+00   0.000000000000000E+00   0.000000000000000E+00   0.000000000000000E+00   0.000000000000000E+00   0.000000000000000E+00   0.000000000000000E+00   0.000000000000000E+00   0.000000000000000E+00   0.000000000000000E+00   0.000000000000000E+00   0.000000000000000E+00   0.000000000000000E+00   0.000000000000000E+00   0.000000000000000E+00   0.000000000000000E+00   0.000000000000000E+00   0.000000000000000E+00   0.000000000000000E+00   0.000000000000000E+00   0.000000000000000E+00   0.000000000000000E+00   0.000000000000000E+00   0.000000000000000E+00   0.000000000000000E+00   0.000000000000000E+00   0.000000000000000E+00   0.000000000000000E+00   0.000000000000000E+00   0.000000000000000E+00   0.000000000000000E+00   0.000000000000000E+00   0.000000000000000E+00   0.000000000000000E+00   0.000000000000000E+00   0.000000000000000E+00   0.000000000000000E+00   0.000000000000000E+00   0.000000000000000E+00   0.000000000000000E+00   0.000000000000000E+00   0.000000000000000E+00   0.000000000000000E+00   0.000000000000000E+00   0.000000000000000E+00   0.000000000000000E+00   0.000000000000000E+00   0.000000000000000E+00   0.000000000000000E+00   0.000000000000000E+00   0.000000000000000E+00   0.000000000000000E+00   0.000000000000000E+00   0.000000000000000E+00   0.000000000000000E+00   0.000000000000000E+00   0.000000000000000E+00   0.000000000000000E+00   0.000000000000000E+00   4.602701151307545E-09   7.559600197315550E-09  -7.708389886734685E-10   1.151722775413815E-08   0.000000000000000E+00   0.000000000000000E+00   0.000000000000000E+00   0.000000000000000E+00   0.000000000000000E+00   0.000000000000000E+00   0.000000000000000E+00   0.000000000000000E+00   2.711284049656639E-06   2.097847524528813E-05  -2.599505620587237E-06   2.081604123713475E-05   1.916054689887561E-06   3.090483953434089E-06   6.803518644102934E-07   5.656706745203218E-06   0.000000000000000E+00  -1.342480836020575E-05   3.103764088305797E-05   3.110867207073076E-06   2.011973290863050E-05  -6.393605788144043E-06   2.434146009551720E-05   1.233596309035086E-05   3.433360616414030E-05   0.000000000000000E+00  -1.724517301675891E-05   3.050443136936493E-05   1.171545897113445E-05   2.392049605202157E-05   2.425776179400173E-05   2.418371289490113E-07   3.525386553881774E-05   4.497238156540078E-04  -3.075298890247781E-04   7.467794335587453E-04  -2.834972435403542E-04   1.414196073398943E-02  -7.528165422137001E-03   2.325099715175503E-02   1.532331763863527E-03   1.749894689884520E-04  -1.543326154019835E-04   2.308091485267376E-04  -2.335168950461426E-04  -2.400915785330778E-06  -1.084570463378802E-05   3.468983995703256E-05  -1.742034383991033E-05   2.374704446311458E-01  -1.434261088331266E-01   2.152721145086299E-01  -4.952290278967759E-02   5.072820685492116E-04   1.279660993231189E-03  -1.081722631851203E-03   8.316997220140814E-04  -1.990101007241451E-03  -3.426492839615186E-05   9.625655576839222E-06  -1.488749457568706E-05   7.959797349420159E-06  -1.022007021197993E-05   8.410427562336572E-06  -2.335530679011596E-05   8.004971325031063E-06   3.586035623351460E-06   0.000000000000000E+00   0.000000000000000E+00   0.000000000000000E+00   1.000000000000000E+00   5.413286934403230E-02  -4.204779609084947E-02   1.167461783291048E-02  -7.028773891696208E-02  -1.402052629470602E-04   3.921600640697962E-05  -4.628001677162200E-06   1.155934413850886E-05  -2.378084677803595E-05   1.831693040669528E-05   0.000000000000000E+00   0.000000000000000E+00   0.000000000000000E+00   0.000000000000000E+00   4.370221247437692E-02   2.587151130058388E-03  -6.316769556110860E-02   1.813627343570667E-01   4.178180103600809E-01   2.156872252592523E-02  -1.384716030991296E-02  -1.674421104068034E-02  -2.896845968426027E-02   0.000000000000000E+00   0.000000000000000E+00   0.000000000000000E+00   0.000000000000000E+00   0.000000000000000E+00   0.000000000000000E+00   0.000000000000000E+00   0.000000000000000E+00   0.000000000000000E+00   3.618110235464534E-02  -9.509915187847301E-03  -5.214069182466476E-02  -1.952219743706541E-02   2.719671016335522E-02  -7.243182760697383E-04   0.000000000000000E+00   0.000000000000000E+00   0.000000000000000E+00   0.000000000000000E+00   0.000000000000000E+00   0.000000000000000E+00   0.000000000000000E+00   0.000000000000000E+00   0.000000000000000E+00  -1.628255843985191E-03   0.000000000000000E+00   0.000000000000000E+00   0.000000000000000E+00   0.000000000000000E+00   0.000000000000000E+00   0.000000000000000E+00   0.000000000000000E+00   0.000000000000000E+00   0.000000000000000E+00   0.000000000000000E+00   0.000000000000000E+00   0.000000000000000E+00   0.000000000000000E+00   0.000000000000000E+00   0.000000000000000E+00   0.000000000000000E+00
   0.000000000000000E+00   0.000000000000000E+00   0.000000000000000E+00   0.000000000000000E+00   0.000000000000000E+00   0.000000000000000E+00   0.000000000000000E+00   0.000000000000000E+00   0.000000000000000E+00   0.000000000000000E+00   0.000000000000000E+00   0.000000000000000E+00   0.000000000000000E+00   0.000000000000000E+00   0.000000000000000E+00   0.000000000000000E+00   0.000000000000000E+00   0.000000000000000E+00   0.000000000000000E+00   0.000000000000000E+00   0.000000000000000E+00   0.000000000000000E+00   0.000000000000000E+00   0.000000000000000E+00   0.000000000000000E+00   5.755242853465142E-06  -2.505588023916233E-06   1.805091336977616E-06  -1.410319460231818E-06   1.169767718001748E-05   8.261901256396328E-06  -4.921660713303754E-06   9.247681698222270E-06   0.000000000000000E+00   0.000000000000000E+00   0.000000000000000E+00   0.000000000000000E+00   0.000000000000000E+00   0.000000000000000E+00   0.000000000000000E+00   0.000000000000000E+00   0.000000000000000E+00   0.000000000000000E+00   0.000000000000000E+00   4.535204258108825E-06   2.188259165372227E-05  -1.196717498446743E-05   1.515259582353857E-05  -6.992628743922850E-06   2.561410032557668E-05  -9.056404745323971E-06   3.555443666745006E-05   0.000000000000000E+00   0.000000000000000E+00   0.000000000000000E+00   0.000000000000000E+00   0.000000000000000E+00   0.000000000000000E+00   0.000000000000000E+00   0.000000000000000E+00   0.000000000000000E+00  -2.506283593989366E-05   3.560986779099046E-05  -1.216562022809784E-05   1.735691909038849E-05  -2.471741483501724E-05   3.652046528561922E-06  -1.681298360337089E-07   4.169944519037960E-06  -1.208867412030394E-05   0.000000000000000E+00   0.000000000000000E+00   0.000000000000000E+00   0.000000000000000E+00   0.000000000000000E+00   0.000000000000000E+00   4.788700231760073E-05  -7.191837020851787E-06  -4.747458750034555E-05   3.958469512199391E-06  -2.979671391512838E-05  -2.061924113195541E-05  -7.260360696929329E-06  -3.043097365483280E-06  -1.101341292585339E-05   0.000000000000000E+00   3.758440340470876E-05  -1.465547284194100E-04  -2.904486648623427E-05  -5.889263976988017E-05   1.385758103554789E-05  -6.194290322245065E-05  -5.098764687892390E-05  -7.285189069836754E-05   4.696559006454784E-05   4.184923206420077E-05  -1.320370911618767E-04  -7.736512618048735E-05  -7.316601297885834E-05   2.004270629473091E-05   5.372139283439669E-05   8.071073080422950E-06   1.054858382458516E-02  -1.602715829915174E-03   1.885198046421586E-02   2.047024771209421E-03   3.784011434928926E-02   7.821374012090668E-03   5.147936165667662E-02   3.305291008034916E-02   2.978808513781713E-02  -1.295089578577501E-02   4.476770766743310E-02  -1.708588370033817E-02   8.379385836152602E-05  -2.187477423297194E-05   2.527964923681588E-04   3.122343612225290E-05   2.968273756067497E-01   1.150110735762399E-01   1.430703454058033E-01   2.980689306882989E-01  -1.799720202643146E-03   2.923792923345150E-01  -1.163065916922372E-01   2.140166857614846E-01  -2.461917367562662E-01   4.756268767840678E-04  -3.160082706752410E-04   8.446278759264322E-04  -4.857019078894466E-04  -2.663370528842526E-05   5.603586932075487E-06  -3.183943204936757E-05   2.892113069213983E-06   5.554258231090789E-05   3.715699945929000E-02   2.639034843731614E-02  -7.327309897939242E-03   5.413286934403230E-02   1.000000000000000E+00   0.000000000000000E+00   0.000000000000000E+00   0.000000000000000E+00  -6.203499603088527E-02  -1.181051264219515E-04  -2.568711861595426E-05   3.107814500261186E-06  -1.080203138288376E-05   3.960811809784125E-06   1.321538418355223E-05   1.414283749402095E-06  -8.743128228549272E-06   4.309324504339484E-07   1.220807000342351E-02   8.551119522278387E-03  -1.292279598739676E-02   1.534803140165956E-02  -1.723482026373188E-03   2.894510124950440E-01   2.730041831874931E-02  -3.397937452495877E-01  -4.498004362834181E-02   6.689241168973470E-06   7.913573161328370E-06  -2.150975040816045E-05   1.016967453474631E-05   0.000000000000000E+00   0.000000000000000E+00   0.000000000000000E+00   0.000000000000000E+00   0.000000000000000E+00   3.228951648015179E-02   1.507332887524263E-02  -4.825204090930287E-02   1.725475755713970E-02  -3.205420816924790E-04  -5.295798743998308E-02  -1.071405125194215E-05   0.000000000000000E+00   0.000000000000000E+00   0.000000000000000E+00   0.000000000000000E+00   0.000000000000000E+00   0.000000000000000E+00   0.000000000000000E+00   0.000000000000000E+00  -1.392377337137732E-03   0.000000000000000E+00   0.000000000000000E+00   0.000000000000000E+00   0.000000000000000E+00   0.000000000000000E+00   0.000000000000000E+00   0.000000000000000E+00   0.000000000000000E+00   0.000000000000000E+00   0.000000000000000E+00   0.000000000000000E+00   0.000000000000000E+00   0.000000000000000E+00   0.000000000000000E+00   0.000000000000000E+00   0.000000000000000E+00
   0.000000000000000E+00   0.000000000000000E+00   0.000000000000000E+00   0.000000000000000E+00   0.000000000000000E+00   0.000000000000000E+00   0.000000000000000E+00   0.000000000000000E+00   0.000000000000000E+00   0.000000000000000E+00   0.000000000000000E+00   0.000000000000000E+00   0.000000000000000E+00   0.000000000000000E+00   0.000000000000000E+00   0.000000000000000E+00   0.000000000000000E+00   0.000000000000000E+00   0.000000000000000E+00   0.000000000000000E+00   0.000000000000000E+00   0.000000000000000E+00   0.000000000000000E+00   0.000000000000000E+00   0.000000000000000E+00   2.505588023916233E-06   6.890922919611561E-06  -4.416541816371279E-06   3.450648032572790E-06  -8.261901256396328E-06   2.188114484900317E-05  -1.379169086946968E-05   2.591425428745568E-05   0.000000000000000E+00   0.000000000000000E+00   0.000000000000000E+00   0.000000000000000E+00   0.000000000000000E+00   0.000000000000000E+00   0.000000000000000E+00   0.000000000000000E+00   0.000000000000000E+00   0.000000000000000E+00   0.000000000000000E+00  -2.188259165372227E-05   3.324643748215184E-05  -2.044041432701246E-05   2.588124074101776E-05  -2.561410032557668E-05   1.046172250899486E-05  -6.382415020649835E-06   2.505665073706452E-05   0.000000000000000E+00   0.000000000000000E+00   0.000000000000000E+00   0.000000000000000E+00   0.000000000000000E+00   0.000000000000000E+00   0.000000000000000E+00   0.000000000000000E+00   0.000000000000000E+00  -3.560986779099046E-05  -3.071415662370940E-05   7.225959629435775E-06  -1.030941244975395E-05  -3.652046528561922E-06  -5.763232708423983E-05   2.439105205456059E-06  -6.049451794391357E-05   1.631425807082873E-05   0.000000000000000E+00   0.000000000000000E+00   0.000000000000000E+00   0.000000000000000E+00   0.000000000000000E+00   0.000000000000000E+00   6.657545373535000E-05   4.747458750034555E-05  -1.592260427004105E-04   1.376780759067029E-05  -1.036348575512464E-04   7.260360696929329E-06  -4.720554895727155E-05  -1.914859523909512E-05  -6.930155725881377E-05   0.000000000000000E+00   1.465547284194100E-04  -3.095752464909904E-04  -6.619035221658275E-05  -1.342104488991265E-04   6.194290322245065E-05  -8.781184123509626E-05  -8.477790141737764E-05  -1.211318973468604E-04   2.921573261229411E-05   1.320370911618767E-04  -2.262124658645743E-04  -1.477738729449548E-04  -1.397532149124017E-04  -1.149201147391448E-04  -1.298008810419102E-05  -1.056681008069979E-04   1.602715829915174E-03   3.807207000150144E-03   3.062503984762409E-03   3.325391478436887E-04  -7.821374012090668E-03   1.451659250761132E-02  -1.164222784745318E-02  -7.475024899165565E-03   1.295089578577501E-02   6.398613298906293E-03   2.117877708359492E-02  -8.083016554116055E-03   2.187477423297194E-05   3.669161440757628E-05   4.793191631508339E-05   5.920173627653087E-06  -1.150110735762399E-01   1.216498286448835E-01  -6.898052990002008E-02  -1.437121908617215E-01   6.469828481487659E-04   1.163065916922372E-01   1.162938464537964E-01   1.056900785613611E-01  -1.215794175409587E-01   3.160082706752410E-04  -2.972386232957648E-05   5.328798722057811E-04  -3.064317174262620E-04  -5.603586932075487E-06  -1.030062476017923E-05   9.855417644236330E-06  -8.952101321174202E-07  -2.007985579876153E-07  -2.639034843731614E-02  -4.536474517484176E-03   5.691500122133790E-03  -4.204779609084947E-02   0.000000000000000E+00   1.000000000000000E+00   0.000000000000000E+00   0.000000000000000E+00  -3.577989789348654E-02  -1.182589715722375E-04  -3.107814500261186E-06  -1.304447386052594E-05   2.570865923228145E-05  -9.426667771238395E-06  -1.414283749402095E-06   9.106644014043142E-07  -8.937696106306726E-06   4.405223375025113E-07  -8.551119522278387E-03  -1.657864453216534E-03   9.698330488402690E-03  -1.151842689653588E-02   1.250160076478065E-03  -2.730041831874931E-02   1.683322692883844E-01   3.972611681510948E-02   5.258726779139839E-03  -7.913573161328370E-06   3.227929877054425E-06  -1.786655899519159E-05   8.447196577790581E-06   0.000000000000000E+00   0.000000000000000E+00   0.000000000000000E+00   0.000000000000000E+00   0.000000000000000E+00  -1.507332887524263E-02   6.011580257535118E-03   2.455336784891688E-02  -8.780196681020567E-03   2.671894180107172E-04  -5.381992566015995E-03   9.968951939829686E-06   0.000000000000000E+00   0.000000000000000E+00   0.000000000000000E+00   0.000000000000000E+00   0.000000000000000E+00   0.000000000000000E+00   0.000000000000000E+00   0.000000000000000E+00   6.458819642413355E-04   0.000000000000000E+00   0.000000000000000E+00   0.000000000000000E+00   0.000000000000000E+00   0.000000000000000E+00   0.000000000000000E+00   0.000000000000000E+00   0.000000000000000E+00   0.000000000000000E+00   0.000000000000000E+00   0.000000000000000E+00   0.000000000000000E+00   0.000000000000000E+00   0.000000000000000E+00   0.000000000000000E+00   0.000000000000000E+00
   0.000000000000000E+00   0.000000000000000E+00   0.000000000000000E+00   0.000000000000000E+00   0.000000000000000E+00   0.000000000000000E+00   0.000000000000000E+00   0.000000000000000E+00   0.000000000000000E+00   0.000000000000000E+00   0.000000000000000E+00   0.000000000000000E+00   0.000000000000000E+00   0.000000000000000E+00   0.000000000000000E+00   0.000000000000000E+00   0.000000000000000E+00   0.000000000000000E+00   0.000000000000000E+00   0.000000000000000E+00   0.000000000000000E+00   0.000000000000000E+00   0.000000000000000E+00   0.000000000000000E+00   0.000000000000000E+00  -1.805091336977616E-06  -4.416541816371279E-06   3.942258794518700E-06  -2.485937357259750E-06   4.921660713303754E-06  -1.379169086946968E-05   6.945074486538472E-06  -1.543726598552508E-05   0.000000000000000E+00   0.000000000000000E+00   0.000000000000000E+00   0.000000000000000E+00   0.000000000000000E+00   0.000000000000000E+00   0.000000000000000E+00   0.000000000000000E+00   0.000000000000000E+00   0.000000000000000E+00   0.000000000000000E+00   1.196717498446743E-05  -2.044041432701246E-05   7.048569747288103E-06  -1.415396044783398E-05   9.056404745323971E-06  -6.382415020649835E-06  -5.332933550769196E-06  -8.859306700321028E-06   0.000000000000000E+00   0.000000000000000E+00   0.000000000000000E+00   0.000000000000000E+00   0.000000000000000E+00   0.000000000000000E+00   0.000000000000000E+00   0.000000000000000E+00   0.000000000000000E+00   1.216562022809784E-05   7.225959629435775E-06  -1.203177043318372E-05   3.522068584322646E-06   1.681298360337089E-07   2.439105205456059E-06  -4.763385447249036E-06   2.784995564351008E-06  -5.465168452960923E-06   0.000000000000000E+00   0.000000000000000E+00   0.000000000000000E+00   0.000000000000000E+00   0.000000000000000E+00   0.000000000000000E+00  -2.468007887215110E-05  -3.958469512199391E-06   1.376780759067029E-05   4.745607505329404E-06   8.641158262086000E-06   3.043097365483280E-06  -1.914859523909512E-05  -9.545871029785517E-06  -2.904695718593961E-05   0.000000000000000E+00   2.904486648623427E-05  -6.619035221658275E-05   1.129045652923550E-05  -2.659842238714437E-05   5.098764687892390E-05  -8.477790141737764E-05  -5.460251047603144E-05  -9.970844255580930E-05   1.777813647422186E-05   7.736512618048735E-05  -1.477738729449548E-04  -6.059641339993730E-05  -8.188627158236355E-05  -1.605826022108847E-05  -1.935471312124151E-05  -8.604857008998538E-05  -1.885198046421586E-02   3.062503984762409E-03  -3.195520281711183E-02  -3.911499095300011E-03  -5.147936165667662E-02  -1.164222784745318E-02  -6.034234904570075E-02  -4.919973262779011E-02  -4.476770766743310E-02   2.117877708359492E-02  -6.068380158788125E-02   2.794077939868433E-02  -2.527964923681588E-04   4.793191631508339E-05  -5.130874269054614E-04  -6.841666621753510E-05  -1.430703454058033E-01  -6.898052990002008E-02   9.129202291287108E-02  -1.787736793186400E-01   2.478465393206652E-03  -2.140166857614846E-01   1.056900785613611E-01  -2.075041905166876E-02   2.237192546040741E-01  -8.446278759264322E-04   5.328798722057811E-04  -1.254635651686378E-03   8.190316350049592E-04   3.183943204936757E-05   9.855417644236330E-06  -6.456433982335187E-05   5.086560183139853E-06   2.291056495791738E-05   7.327309897939242E-03   5.691500122133790E-03   1.438202101890465E-02   1.167461783291048E-02   0.000000000000000E+00   0.000000000000000E+00   1.000000000000000E+00   0.000000000000000E+00   2.022422293937115E-02   2.321087971461902E-04   1.080203138288376E-05   2.570865923228145E-05  -9.500517151421576E-05   3.276487740577126E-05   8.743128228549272E-06  -8.937696106306726E-06   5.471790966181708E-05  -2.723317216897246E-06   1.292279598739676E-02   9.698330488402690E-03  -9.896907427460872E-03   1.740711031951716E-02   1.543891182445695E-04   3.397937452495877E-01   3.972611681510948E-02  -3.229257589000519E-01  -6.545256730740411E-02   2.150975040816045E-05  -1.786655899519159E-05   4.521750404620096E-05  -2.296018326144380E-05   0.000000000000000E+00   0.000000000000000E+00   0.000000000000000E+00   0.000000000000000E+00   0.000000000000000E+00   4.825204090930287E-02   2.455336784891688E-02  -6.491735911531145E-02   2.810675816542284E-02  -3.963217464235755E-04  -7.222145861275307E-02  -1.993373141885864E-05   0.000000000000000E+00   0.000000000000000E+00   0.000000000000000E+00   0.000000000000000E+00   0.000000000000000E+00   0.000000000000000E+00   0.000000000000000E+00   0.000000000000000E+00  -2.521093397536957E-03   0.000000000000000E+00   0.000000000000000E+00   0.000000000000000E+00   0.000000000000000E+00   0.000000000000000E+00   0.000000000000000E+00   0.000000000000000E+00   0.000000000000000E+00   0.000000000000000E+00   0.000000000000000E+00   0.000000000000000E+00   0.000000000000000E+00   0.000000000000000E+00   0.000000000000000E+00   0.000000000000000E+00   0.000000000000000E+00
   0.000000000000000E+00   0.000000000000000E+00   0.000000000000000E+00   0.000000000000000E+00   0.000000000000000E+00   0.000000000000000E+00   0.000000000000000E+00   0.000000000000000E+00   0.000000000000000E+00   0.000000000000000E+00   0.000000000000000E+00   0.000000000000000E+00   0.000000000000000E+00   0.000000000000000E+00   0.000000000000000E+00   0.000000000000000E+00   0.000000000000000E+00   0.000000000000000E+00   0.000000000000000E+00   0.000000000000000E+00   0.000000000000000E+00   0.000000000000000E+00   0.000000000000000E+00   0.000000000000000E+00   0.000000000000000E+00   1.410319460231818E-06   3.450648032572790E-06  -2.485937357259750E-06   2.702731277728906E-06  -9.247681698222270E-06   2.591425428745568E-05  -1.543726598552508E-05   2.773553743741194E-05   0.000000000000000E+00   0.000000000000000E+00   0.000000000000000E+00   0.000000000000000E+00   0.000000000000000E+00   0.000000000000000E+00   0.000000000000000E+00   0.000000000000000E+00   0.000000000000000E+00   0.000000000000000E+00   0.000000000000000E+00  -1.515259582353857E-05   2.588124074101776E-05  -1.415396044783398E-05   1.379155374520361E-05  -3.555443666745006E-05   2.505665073706452E-05  -8.859306700321028E-06   2.719108085772751E-05   0.000000000000000E+00   0.000000000000000E+00   0.000000000000000E+00   0.000000000000000E+00   0.000000000000000E+00   0.000000000000000E+00   0.000000000000000E+00   0.000000000000000E+00   0.000000000000000E+00  -1.735691909038849E-05  -1.030941244975395E-05   3.522068584322646E-06  -1.458812244377929E-05  -4.169944519037960E-06  -6.049451794391357E-05   2.784995564351008E-06  -7.372436258818784E-05   3.111528335433928E-05   0.000000000000000E+00   0.000000000000000E+00   0.000000000000000E+00   0.000000000000000E+00   0.000000000000000E+00   0.000000000000000E+00   1.687151286897615E-05   2.979671391512838E-05  -1.036348575512464E-04   8.641158262086000E-06  -5.915128797522626E-05   1.101341292585339E-05  -6.930155725881377E-05  -2.904695718593961E-05  -1.066451276919720E-04   0.000000000000000E+00   5.889263976988017E-05  -1.342104488991265E-04  -2.659842238714437E-05  -2.952376858702831E-05   7.285189069836754E-05  -1.211318973468604E-04  -9.970844255580930E-05  -1.272833473561818E-04   6.513860290835555E-05   7.316601297885834E-05  -1.397532149124017E-04  -8.188627158236355E-05  -5.145232532723387E-05  -1.726374935885255E-05  -2.025792244715355E-05  -3.632885634920113E-05  -2.047024771209421E-03   3.325391478436887E-04  -3.911499095300011E-03   3.642841673601714E-03  -3.305291008034916E-02  -7.475024899165565E-03  -4.919973262779011E-02  -1.530382621538502E-02   1.708588370033817E-02  -8.083016554116055E-03   2.794077939868433E-02   1.861665060864584E-03  -3.122343612225290E-05   5.920173627653087E-06  -6.841666621753510E-05   3.238892986790909E-05  -2.980689306882989E-01  -1.437121908617215E-01  -1.787736793186400E-01  -1.953505567349159E-01   2.263400422725982E-03   2.461917367562662E-01  -1.215794175409587E-01   2.237192546040741E-01  -8.362224359967091E-02   4.857019078894466E-04  -3.064317174262620E-04   8.190316350049592E-04  -3.013355239725210E-04  -2.892113069213983E-06  -8.952101321174202E-07   5.086560183139853E-06  -9.028152868231903E-06   7.151720199485898E-06  -5.413286934403230E-02  -4.204779609084947E-02   1.167461783291048E-02  -7.028773891696208E-02   0.000000000000000E+00   0.000000000000000E+00   0.000000000000000E+00   1.000000000000000E+00  -8.776024314591790E-02  -2.312695029188391E-04  -3.960811809784125E-06  -9.426667771238395E-06   3.276487740577126E-05  -1.766191734523783E-05  -4.309324504339484E-07   4.405223375025113E-07  -2.723317216897246E-06  -4.008653278765838E-07  -1.534803140165956E-02  -1.151842689653588E-02   1.740711031951716E-02  -1.591432201881543E-02   3.023003986769564E-03   4.498004362834181E-02   5.258726779139839E-03  -6.545256730740411E-02   1.628597738353673E-01  -1.016967453474631E-05   8.447196577790581E-06  -2.296018326144380E-05   7.510139922710291E-06   0.000000000000000E+00   0.000000000000000E+00   0.000000000000000E+00   0.000000000000000E+00   0.000000000000000E+00  -1.725475755713970E-02  -8.780196681020567E-03   2.810675816542284E-02   3.630866258392200E-03   4.828028011363525E-04  -4.284899749381058E-02   1.346851927994194E-05   0.000000000000000E+00   0.000000000000000E+00   0.000000000000000E+00   0.000000000000000E+00   0.000000000000000E+00   0.000000000000000E+00   0.000000000000000E+00   0.000000000000000E+00   5.101534945777158E-04   0.000000000000000E+00   0.000000000000000E+00   0.000000000000000E+00   0.000000000000000E+00   0.000000000000000E+00   0.000000000000000E+00   0.000000000000000E+00   0.000000000000000E+00   0.000000000000000E+00   0.000000000000000E+00   0.000000000000000E+00   0.000000000000000E+00   0.000000000000000E+00   0.000000000000000E+00   0.000000000000000E+00   0.000000000000000E+00
  -4.747740347745230E-06  -5.588975580052841E-06   6.002564684398909E-06  -4.748272735238333E-06   0.000000000000000E+00   0.000000000000000E+00   0.000000000000000E+00   0.000000000000000E+00  -3.349787450813278E-06  -4.456079294714128E-06   4.269052841711501E-06  -1.977623271992861E-06   3.924647294825764E-05  -4.344094283255517E-05   4.010299073890796E-05  -4.831020977377659E-05   0.000000000000000E+00   0.000000000000000E+00   0.000000000000000E+00   0.000000000000000E+00   0.000000000000000E+00   0.000000000000000E+00   0.000000000000000E+00   0.000000000000000E+00   0.000000000000000E+00   3.778373206001660E-05  -6.024063519288680E-05   4.502357280817015E-05  -1.412223839337073E-05   1.920995228068655E-05   8.410078726058802E-05  -5.071352236514800E-05   6.725170521475544E-05  -2.048284260672103E-05   0.000000000000000E+00   0.000000000000000E+00   0.000000000000000E+00   0.000000000000000E+00   0.000000000000000E+00   0.000000000000000E+00   0.000000000000000E+00   0.000000000000000E+00   0.000000000000000E+00  -7.604936569808132E-06   2.228216599042302E-05   9.485247108840326E-05  -5.152404326714489E-05   3.221888423921755E-05  -3.397926289579970E-04   4.775611461021210E-04  -1.384738681440427E-04   5.100914688354772E-04   0.000000000000000E+00   0.000000000000000E+00   0.000000000000000E+00   0.000000000000000E+00   0.000000000000000E+00   0.000000000000000E+00   0.000000000000000E+00   0.000000000000000E+00   0.000000000000000E+00  -2.357449980936353E-04   5.133654337356201E-04  -1.518596124600438E-04   4.345463383595787E-05  -3.626430072040214E-03   5.468863998791481E-03   6.316084358665645E-04   4.013900410497108E-03   3.226054184843920E-05   0.000000000000000E+00   0.000000000000000E+00   0.000000000000000E+00   0.000000000000000E+00   0.000000000000000E+00   0.000000000000000E+00  -3.400657103843260E-05  -2.486297723171356E-03   4.625651056308108E-03   1.594112809428889E-04   8.385290926209070E-04  -3.243559024665804E-03   3.553944829069676E-03   2.974315697484593E-03   3.979526641562701E-03   0.000000000000000E+00  -1.109815859074430E-03   1.975058228687432E-03   7.525116578373117E-04  -1.763822584737915E-04  -1.764867561628690E-03   1.815732057737788E-03   2.577986681020585E-03   1.139292857436109E-03   3.921612647167873E-04  -7.787898584744725E-04   1.103539791536191E-03   1.020488913758335E-03  -5.149321530329167E-06   1.600660096397746E-04   2.520987405764258E-04   8.678040480358490E-05  -2.007186670398762E-03  -6.197538591563937E-04  -2.754832113764225E-03  -2.554495267966482E-03  -5.488303890820547E-04  -3.152223086420908E-04  -4.539229947561280E-04  -9.299941809276355E-04  -6.460424324426497E-02  -6.238444719286068E-03  -8.655846252541968E-02  -5.061584772032940E-02   2.130497387113144E-06  -1.394848109128930E-05  -1.274556875146364E-04  -8.199035319305902E-05  -1.693444081474184E-03  -1.192334208967319E-03  -1.332391629942402E-04  -2.986493889442788E-03  -7.622944482302513E-05  -4.656587556162639E-01  -1.398117838925467E-01  -2.059658277459055E-01  -4.180467822779071E-01  -1.155411018388045E-02   3.018361455470555E-03  -2.049550126577481E-02  -7.610925269126665E-04   5.473348598081869E-05   6.669281291053223E-07  -2.590618480093948E-05  -8.026872219935421E-06  -8.046839900785947E-05   1.692573198200840E-07  -6.307841198212548E-05   2.526063569579070E-05  -1.402052629470602E-04  -6.203499603088527E-02  -3.577989789348654E-02   2.022422293937115E-02  -8.776024314591790E-02   1.000000000000000E+00   1.477694007929079E-02  -1.198892913708551E-04   4.494557910903514E-05  -3.476724522943339E-04  -2.022679243183073E-05  -5.123531022319226E-06  -2.240052206313227E-06   4.992160482145660E-05   1.311342675288652E-05   4.757301152146906E-05  -1.994176372770288E-05   2.232180836379944E-05  -4.122776892981396E-05  -8.406442220861634E-05  -1.346579358270640E-02  -7.958610248073839E-03   1.655136655104225E-02  -1.536112236203879E-02   6.309679506256072E-05  -6.957937978877145E-06   2.856899409522118E-05  -3.703842855459626E-06   0.000000000000000E+00   0.000000000000000E+00   0.000000000000000E+00   0.000000000000000E+00   0.000000000000000E+00  -1.704240095562197E-04  -1.560081255055880E-04   2.818265858779764E-04  -2.865585222871556E-04  -3.667609980037288E-05   1.649143955501317E-02  -9.649379433082841E-05  -8.873843965090565E-06  -4.046464187152738E-06   1.934510183292607E-05  -1.568084609431868E-06   0.000000000000000E+00   0.000000000000000E+00   0.000000000000000E+00   0.000000000000000E+00  -7.508087682358548E-05   0.000000000000000E+00   0.000000000000000E+00   0.000000000000000E+00   0.000000000000000E+00   0.000000000000000E+00   0.000000000000000E+00   0.000000000000000E+00   0.000000000000000E+00   0.000000000000000E+00   0.000000000000000E+00   0.000000000000000E+00   0.000000000000000E+00   0.000000000000000E+00   0.000000000000000E+00   0.000000000000000E+00   0.000000000000000E+00
  -8.124769019579964E-07   1.145766730476218E-04  -6.521489861712996E-05   8.635144447935568E-05   4.835037356598835E-05  -4.304398754800122E-05   3.770276780208160E-05  -4.477388536706684E-05   1.850966956525917E-05   1.032993915063707E-04  -5.372981898844762E-05   3.087231310499835E-05  -3.857686955411744E-04   5.368737935088550E-04  -1.339813049858798E-04   5.665330466269596E-04  -1.118351735941573E-05  -1.702220030211947E-05   1.767426086686122E-05  -1.367602653066477E-05  -4.152044992479787E-05   3.265027324396129E-05  -6.116081858285981E-05   4.380566836142742E-05  -1.342722138632530E-05  -2.289021576879052E-04   5.077715537870755E-04  -1.342183666797761E-04   2.616624640479063E-05  -3.122945889177854E-03   4.861104632572891E-03   6.939662644455970E-04   3.244993403668782E-03   5.612752823873970E-05   0.000000000000000E+00   0.000000000000000E+00   0.000000000000000E+00   0.000000000000000E+00  -5.108606481600697E-06  -7.171685718155878E-06   6.726224004928116E-06  -3.008004694506321E-06  -2.800119693873805E-06  -2.936621423712631E-05  -2.088169541782913E-03   3.910331939730994E-03   2.661581408710064E-04   5.623504266326711E-04  -3.158190023601230E-03   3.683709014211890E-03   2.974712148582216E-03   3.604747700032660E-03   0.000000000000000E+00   0.000000000000000E+00   0.000000000000000E+00   0.000000000000000E+00   0.000000000000000E+00   0.000000000000000E+00   0.000000000000000E+00   0.000000000000000E+00   0.000000000000000E+00  -1.350550596140484E-03   2.375331141714266E-03   9.063439742048589E-04  -3.980568915014457E-04  -1.651467812349753E-03   1.743146197099969E-03   2.444292716224377E-03   9.184390885184998E-04   4.804193008509968E-04   0.000000000000000E+00   0.000000000000000E+00   0.000000000000000E+00   0.000000000000000E+00   0.000000000000000E+00   0.000000000000000E+00   1.801954205130267E-04  -9.480765140410237E-04   1.309234028079472E-03   1.253491298835702E-03  -1.411649357411267E-04  -8.845612644842124E-05   8.581645159362730E-05   2.763327397560127E-04   8.590626274437788E-05   0.000000000000000E+00   1.461746810474790E-05   7.344832014196808E-05   1.001860150615292E-04  -3.205607063966547E-05   6.216015422372601E-05  -2.767780668601868E-06  -1.152161102003897E-05  -6.688608776610813E-07  -6.609725071435902E-05   6.162773128964096E-05  -1.801550265498792E-05  -4.278712035620700E-05   7.740764522601257E-06  -9.626723395143584E-05  -3.547268699531292E-05  -7.173950454958947E-06  -2.132757782349790E-03  -1.441568518685288E-03  -7.294953693987696E-05  -3.776606817409050E-03  -9.840804409049668E-06  -6.683463342857048E-05   3.012065512224543E-05  -1.575544990972453E-04  -6.032217570341835E-02  -3.403706131088816E-02   2.360154470676614E-02  -8.496501629760064E-02  -5.099628812150619E-04  -2.835075141588946E-04  -3.917516475049653E-04  -8.887877262794945E-04   5.610156657661099E-05  -8.327434157888174E-06   9.724022533042715E-06  -1.759841608345195E-05  -8.637226424745724E-05  -1.150835523949936E-02  -7.038125316709115E-03   1.425677096564432E-02  -1.318180603193433E-02  -4.609916777352889E-01  -1.083072082434083E-01  -1.724723759413705E-01  -4.388110604523318E-01  -1.937854708305763E-03  -5.695294040883373E-04  -2.589423732949028E-03  -2.548635558524653E-03  -8.173245652079532E-05  -6.350598621243306E-06   1.964459395639219E-05  -2.448205245665546E-05   3.921600640697962E-05  -1.181051264219515E-04  -1.182589715722375E-04   2.321087971461902E-04  -2.312695029188391E-04   1.477694007929079E-02   1.000000000000000E+00  -6.435794832019551E-02  -4.861509419925783E-03  -8.530048417363868E-02  -5.220374802006420E-02  -9.005508929404464E-06  -1.397330860305341E-05  -1.435708104882781E-04  -9.423356949874947E-05   0.000000000000000E+00   0.000000000000000E+00   0.000000000000000E+00   0.000000000000000E+00   0.000000000000000E+00   6.309301228803145E-05   8.929527441605772E-06  -2.450388842300380E-05   1.506453174740654E-05  -1.297558048852948E-02   4.921539460326641E-03  -2.252208794172948E-02  -1.793168343346683E-03   5.381930445774584E-05   9.559184485629261E-07  -2.907970612713005E-05  -9.225033535176002E-06  -8.190385012428261E-05  -1.140888321448317E-05   9.498472683570439E-06  -2.251482072635683E-05   1.604009569067738E-05   0.000000000000000E+00  -9.686966109076556E-05   1.643244096343834E-02  -1.356397556784324E-04   6.393340787186217E-05  -3.692027498666413E-04  -3.048477051309484E-05  -7.778399216651838E-06  -2.155076337253303E-06   4.667550245410782E-05   1.299184718986278E-05   0.000000000000000E+00   6.309763625223405E-05  -7.832440010683255E-06   2.827657967964775E-05  -2.876469680492872E-06   0.000000000000000E+00   0.000000000000000E+00   0.000000000000000E+00   0.000000000000000E+00   0.000000000000000E+00  -1.039573904310717E-05  -5.553267730628688E-06   2.413948440838614E-05  -1.358630387022973E-06  -9.582946664043481E-05   0.000000000000000E+00   0.000000000000000E+00
  -2.196474222252543E-05  -5.509477217574165E-06   1.277955244224330E-07  -5.810212748636403E-06  -1.250039496190965E-05   2.866550433418450E-05  -9.245587118245713E-06   3.816832384474904E-05  -1.841321509959393E-06  -6.127971057214687E-05   4.021205313294722E-06  -3.440845553339229E-05  -1.754012517649294E-05  -1.389382215778749E-05  -5.858655348167689E-06  -1.973580763554906E-05   6.645305318588358E-06   1.612421779694771E-05  -9.187540976395369E-06   1.699292741549810E-05  -1.355490308092540E-06  -2.403049795958361E-05   3.863062094563239E-05  -1.244514270314724E-05   1.724933182724320E-05   1.015187247150849E-04  -2.721617712052420E-04  -5.285315631416422E-05  -8.890359531200710E-05   2.332924193134271E-05  -7.863165456653762E-05  -6.244111474242167E-05  -8.212653008036947E-05   5.384027814064544E-05   0.000000000000000E+00   0.000000000000000E+00   0.000000000000000E+00   0.000000000000000E+00   2.429982524560604E-06   2.512660097297788E-05  -1.355285647874597E-05   1.612860875017669E-05   4.605223168355193E-05  -1.160136375670231E-05   1.093917942980212E-04  -2.445923538014858E-04  -1.462386868538793E-04  -1.137268583666987E-04  -2.405759598013523E-05   7.794063419309830E-07   1.273491223971863E-06   1.138247145177799E-06   0.000000000000000E+00   0.000000000000000E+00   0.000000000000000E+00   0.000000000000000E+00   0.000000000000000E+00   3.156537829621342E-06  -1.441330251852590E-06   1.038153955392028E-06  -7.672880093035353E-07   2.644075037886983E-05  -9.992642172778482E-05  -9.148932834773196E-05  -1.715806246021502E-05  -2.620284569266309E-05   1.364374292629708E-05   3.049283496862707E-05   1.437484159323586E-05   4.602669776906679E-05   0.000000000000000E+00   0.000000000000000E+00   0.000000000000000E+00   0.000000000000000E+00   0.000000000000000E+00   0.000000000000000E+00   2.416102440042869E-05  -2.615597507211103E-05   8.304717352800395E-06   1.323202707635525E-05   2.557319009768222E-06   5.023876494062389E-06   5.909419030109245E-06   2.563478192667205E-05   1.040570238939227E-05   0.000000000000000E+00  -2.618608959260081E-06   1.811611869254073E-05   3.566930167751392E-05  -3.393480421963080E-07   1.511862396185191E-05  -1.208584810040934E-06  -6.315802014720704E-06  -1.299694200849945E-06  -8.311700577240358E-09   1.615973634558337E-05  -1.751155452671407E-06  -5.436745849347109E-06  -1.881437544831865E-07   1.064415322626036E-06   0.000000000000000E+00   0.000000000000000E+00   1.132921909738861E-02   7.681012474137988E-03  -1.237833015037757E-02   1.419839030405981E-02   1.001441854682870E-04   1.101443655701989E-04  -1.744581811361837E-04   2.015257743185576E-04   2.582111258483026E-02   1.135295705912757E-02  -3.967203303440028E-02   1.397036097219629E-02   3.632076392804705E-02   2.331408103527119E-02  -8.296911758676145E-03   5.403312050382263E-02  -2.653446504435241E-05  -1.144845791694723E-05   2.562938342593827E-05  -1.854324890487839E-05   5.081030813918693E-05   4.623130649847959E-04   2.171222015677416E-04  -9.592328626865271E-04   1.713737716550306E-04   2.943442851374338E-01   3.265639842513916E-02  -3.447723706569880E-01  -3.399137299003363E-02   3.103779400488832E-01   1.071056310857221E-01   1.433500806121455E-01   3.137405847536898E-01  -1.581521997186180E-03   1.348193857821343E-05  -2.858566040485722E-06   5.880880454732884E-06  -4.628001677162200E-06  -2.568711861595426E-05  -3.107814500261186E-06   1.080203138288376E-05  -3.960811809784125E-06  -1.198892913708551E-04  -6.435794832019551E-02   1.000000000000000E+00   0.000000000000000E+00   0.000000000000000E+00   0.000000000000000E+00   3.971997267034837E-02   7.064810939576614E-03   5.253864294204103E-02   3.663010420877799E-02   0.000000000000000E+00   0.000000000000000E+00   0.000000000000000E+00   0.000000000000000E+00   0.000000000000000E+00   7.276361021753378E-06  -5.384153867586981E-06   2.257106985490466E-05  -5.605571996654341E-06   3.072395781718329E-01  -1.736853595872163E-01   2.168593306563580E-01  -2.267805973015548E-01   9.406133356851577E-03  -1.500727104014949E-03   1.687944020724162E-02   2.252204740069775E-03  -1.570363288513310E-03   0.000000000000000E+00   0.000000000000000E+00   0.000000000000000E+00   0.000000000000000E+00   0.000000000000000E+00  -8.444734397631474E-06  -6.277327108893657E-02   2.701305977656276E-02  -1.445586946250134E-02   4.082538574059133E-02  -1.361960466337179E-02   5.755492600197846E-05  -1.778776736352362E-05   1.996034880586640E-04   2.783553779187673E-05   0.000000000000000E+00   4.636034284773078E-04  -3.843532124375551E-04   8.245822371988356E-04  -4.171422470493317E-04  -2.646579614460532E-05   6.666860009962314E-06  -3.358966409924313E-05   2.316077096895972E-06   5.725558297988562E-05  -2.563241147802689E-05   3.571765824427835E-06  -1.042667966781890E-05   3.318049100413059E-06  -1.314247395784870E-04  -2.884670778110259E-06   1.748684021045554E-05
   5.509477217574165E-06  -7.279822263487189E-05   1.631875663304923E-06  -7.419308951526452E-05  -2.866550433418450E-05   5.613372000946518E-06  -4.655396368345932E-06   1.921875527645359E-05   6.127971057214687E-05  -1.842604653037071E-04   1.264356747753803E-05  -1.081878679250683E-04   1.389382215778749E-05  -5.558373640510904E-05  -2.360884716247117E-05  -7.953013761789778E-05  -1.612421779694771E-05   2.374385468184851E-05  -1.544475283968965E-05   2.856602921602688E-05   2.582009557866915E-05  -3.863062094563239E-05  -2.331958545702644E-05   4.362410264139165E-06  -6.046428233697837E-06   2.721617712052420E-04  -5.046189968828215E-04  -1.070985309076749E-04  -1.801490225811687E-04   7.863165456653762E-05  -1.096074172859351E-04  -1.021022399696226E-04  -1.342913674223924E-04   2.787122860933205E-05   0.000000000000000E+00   0.000000000000000E+00   0.000000000000000E+00   0.000000000000000E+00  -2.512660097297788E-05   3.395285343437135E-05  -2.092955911196534E-05   2.490727108045187E-05   6.905963634413899E-05  -1.749857669382982E-04   2.445923538014858E-04  -3.699308075552064E-04  -2.507879224777343E-04  -1.950326767376010E-04  -7.794063419309830E-07  -2.639465242624826E-05  -3.648599969649242E-05  -3.261120627432615E-05   0.000000000000000E+00   0.000000000000000E+00   0.000000000000000E+00   0.000000000000000E+00   0.000000000000000E+00   1.441330251852590E-06   3.775735801179004E-06  -2.412357356117086E-06   1.782946415500439E-06   9.992642172778482E-05  -1.731792803493554E-04  -1.770331914100755E-04  -3.320110236464074E-05  -1.364374292629708E-05  -1.555521321336646E-05  -1.457039762959417E-05  -6.868733526789744E-06   2.180983242114831E-05   0.000000000000000E+00   0.000000000000000E+00   0.000000000000000E+00   0.000000000000000E+00   0.000000000000000E+00   0.000000000000000E+00  -8.810620975067137E-05  -8.304717352800395E-06  -3.380305772364783E-05  -4.391115612962323E-05  -8.486593449604502E-06  -5.909419030109245E-06  -1.057023362123686E-06   1.257731678553599E-05   5.105399987476544E-06   0.000000000000000E+00  -1.811611869254073E-05   6.302452971589722E-06   2.503466255722836E-05  -2.381729758167999E-07   1.208584810040934E-06   2.843339472910185E-06   6.026635422859222E-06   1.240188196442913E-06   1.896066285894204E-09   1.751155452671407E-06   5.273741110901868E-06   1.129527304249254E-05   3.908836530187405E-07   3.017510829883926E-05   0.000000000000000E+00   0.000000000000000E+00  -7.681012474137988E-03  -1.181620261934154E-03   8.982103355602990E-03  -1.030279590582471E-02  -1.101443655701989E-04  -4.490742800533501E-05   1.446364905789543E-04  -1.670771790053763E-04  -1.135295705912757E-02   5.299458873706492E-03   1.892422986011581E-02  -6.664098157948867E-03  -2.331408103527119E-02  -7.898797120946700E-04   5.821264826936718E-03  -3.791062422106850E-02   1.144845791694723E-05  -1.504947465716940E-05   1.418574767140627E-05  -1.026360430139982E-05   1.641317423104214E-05  -2.171222015677416E-04   6.869609707130998E-05   4.265644803582379E-04  -7.620877755201434E-05  -3.265639842513916E-02   1.707145606930853E-01   4.753574183247727E-02   4.686585319776784E-03  -1.071056310857221E-01   1.411899775301616E-01  -6.200019333202338E-02  -1.356956119436094E-01   1.129925645234827E-03   2.858566040485722E-06   6.742250681061627E-06  -1.468865522437998E-05   1.155934413850886E-05   3.107814500261186E-06  -1.304447386052594E-05   2.570865923228145E-05  -9.426667771238395E-06   4.494557910903514E-05  -4.861509419925783E-03   0.000000000000000E+00   1.000000000000000E+00   0.000000000000000E+00   0.000000000000000E+00  -7.064810939576614E-03   1.580193880234027E-02  -1.023697351957967E-02  -7.137249571108483E-03   0.000000000000000E+00   0.000000000000000E+00   0.000000000000000E+00   0.000000000000000E+00   0.000000000000000E+00   5.384153867586981E-06   2.194819769807994E-07  -1.400796362639959E-05   3.478906810313881E-06   1.736853595872163E-01   6.222885231761359E-02   1.533930153339172E-01  -1.604107120225145E-01   1.500727104014949E-03   3.341121814205099E-03   2.874799130872375E-03   3.835812177302824E-04   5.150362587848100E-04   0.000000000000000E+00   0.000000000000000E+00   0.000000000000000E+00   0.000000000000000E+00   0.000000000000000E+00  -3.324744883537141E-06  -5.482876428780804E-02   1.445586946250134E-02   2.855334481693692E-03   2.372429952122607E-02  -7.914575074627072E-03   1.778776736352362E-05   2.802602038511804E-05   4.095799157721263E-05   5.711762522365324E-06   0.000000000000000E+00   3.843532124375551E-04  -1.361322446283088E-04   6.474899937012829E-04  -3.275542677611443E-04  -6.666860009962314E-06  -1.078285007948198E-05   1.001267831035289E-05  -6.903949633041408E-07  -3.239526766303542E-07  -3.571765824427835E-06  -1.614372790308674E-05   3.082263584626272E-05  -9.808589349656776E-06  -1.803143265835674E-04   1.019382393950765E-05   2.603003619692092E-05
  -1.277955244224330E-07   1.631875663304923E-06  -2.483205935567650E-06   1.720951808799473E-06   9.245587118245713E-06  -4.655396368345932E-06  -7.318942072991765E-06  -6.198693528681329E-06  -4.021205313294722E-06   1.264356747753803E-05   7.586951831115682E-06   7.099342103160180E-06   5.858655348167689E-06  -2.360884716247117E-05  -9.550493793201622E-06  -3.353574421811998E-05   9.187540976395369E-06  -1.544475283968965E-05   5.438556734949247E-06  -1.627685555108514E-05  -8.780608328399707E-06   1.244514270314724E-05   4.362410264139165E-06  -1.118373222992680E-05   1.947901958878965E-06   5.285315631416422E-05  -1.070985309076749E-04   2.607535205114718E-05  -3.498450354787749E-05   6.244111474242167E-05  -1.021022399696226E-04  -6.210981037182487E-05  -1.066402930011185E-04   1.684745714916667E-05   0.000000000000000E+00   0.000000000000000E+00   0.000000000000000E+00   0.000000000000000E+00   1.355285647874597E-05  -2.092955911196534E-05   6.439105013839306E-06  -1.343455370639326E-05  -2.227087816950702E-05  -2.168287519202685E-05   1.462386868538793E-04  -2.507879224777343E-04  -1.004169698429998E-04  -1.166075803123926E-04  -1.273491223971863E-06  -3.648599969649242E-05  -6.367974312104781E-05  -5.328425335954996E-05   0.000000000000000E+00   0.000000000000000E+00   0.000000000000000E+00   0.000000000000000E+00   0.000000000000000E+00  -1.038153955392028E-06  -2.412357356117086E-06   2.164078443188719E-06  -1.284211492213323E-06   9.148932834773196E-05  -1.770331914100755E-04  -1.419059272362599E-04  -3.039783175685034E-05  -3.049283496862707E-05  -1.457039762959417E-05  -4.159966574835925E-05  -1.535115100066750E-05   4.740594192756445E-05   0.000000000000000E+00   0.000000000000000E+00   0.000000000000000E+00   0.000000000000000E+00   0.000000000000000E+00   0.000000000000000E+00  -6.295234205752933E-05  -1.323202707635525E-05  -4.391115612962323E-05  -7.620771441260462E-05  -1.352181290954104E-05  -2.563478192667205E-05   1.257731678553599E-05   5.060341876131503E-05   2.214698511995280E-05   0.000000000000000E+00  -3.566930167751392E-05   2.503466255722836E-05   4.287897651026859E-05  -4.689450245950669E-07   6.315802014720704E-06   6.026635422859222E-06   3.318397849940334E-05   6.480954455700708E-06   1.245733876826509E-08   5.436745849347109E-06   1.129527304249254E-05   3.670358139365559E-05   1.213561637195234E-06   4.894201281931734E-05   0.000000000000000E+00   0.000000000000000E+00   1.237833015037757E-02   8.982103355602990E-03  -1.008313969841338E-02   1.660346336158880E-02   1.744581811361837E-04   1.446364905789543E-04  -1.826814406813309E-04   2.646343333837217E-04   3.967203303440028E-02   1.892422986011581E-02  -5.541425087408333E-02   2.328717715479053E-02   8.296911758676145E-03   5.821264826936718E-03   1.349605944820925E-02   1.349146481058704E-02  -2.562938342593827E-05   1.418574767140627E-05  -4.047009225745405E-05   2.297688054417276E-05  -1.803177756145825E-05   9.592328626865271E-04   4.265644803582379E-04  -1.719287389787614E-03   3.366858079239393E-04   3.447723706569880E-01   4.753574183247727E-02  -3.266450669550562E-01  -4.947897529758884E-02  -1.433500806121455E-01  -6.200019333202338E-02   1.045331187667923E-01  -1.816148853580110E-01   1.073954245585844E-04  -5.880880454732884E-06  -1.468865522437998E-05   2.982114646806863E-05  -2.378084677803595E-05  -1.080203138288376E-05   2.570865923228145E-05  -9.500517151421576E-05   3.276487740577126E-05  -3.476724522943339E-04  -8.530048417363868E-02   0.000000000000000E+00   0.000000000000000E+00   1.000000000000000E+00   0.000000000000000E+00  -5.253864294204103E-02  -1.023697351957967E-02  -5.895046531039244E-02  -5.307734488747354E-02   0.000000000000000E+00   0.000000000000000E+00   0.000000000000000E+00   0.000000000000000E+00   0.000000000000000E+00  -2.257106985490466E-05  -1.400796362639959E-05   5.560118726329472E-05  -1.458402760497068E-05  -2.168593306563580E-01   1.533930153339172E-01  -6.439557976174848E-03   2.002849274227065E-01  -1.687944020724162E-02   2.874799130872375E-03  -2.873761028234777E-02  -4.314332840379442E-03   2.200430320277972E-03   0.000000000000000E+00   0.000000000000000E+00   0.000000000000000E+00   0.000000000000000E+00   0.000000000000000E+00   1.822194007188619E-05   1.957740270714110E-02  -4.082538574059133E-02   2.372429952122607E-02  -5.574484447580992E-02   2.235186069109744E-02  -1.996034880586640E-04   4.095799157721263E-05  -4.279296147561790E-04  -6.409391910334883E-05   0.000000000000000E+00  -8.245822371988356E-04   6.474899937012829E-04  -1.223434668097426E-03   7.027271326849975E-04   3.358966409924313E-05   1.001267831035289E-05  -5.924245075393622E-05   3.478419357619969E-06   1.601996983519081E-05   1.042667966781890E-05   3.082263584626272E-05  -9.556239206906587E-05   2.863318150439895E-05   2.390901890989605E-04  -5.319811218617776E-05  -6.126287163122824E-05
   5.810212748636403E-06  -7.419308951526452E-05   1.720951808799473E-06  -8.068828259542541E-05  -3.816832384474904E-05   1.921875527645359E-05  -6.198693528681329E-06   1.676944634471011E-05   3.440845553339229E-05  -1.081878679250683E-04   7.099342103160180E-06  -5.233067878023789E-05   1.973580763554906E-05  -7.953013761789778E-05  -3.353574421811998E-05  -1.125657319550676E-04  -1.699292741549810E-05   2.856602921602688E-05  -1.627685555108514E-05   2.674322811547497E-05   4.868117655253710E-05  -1.724933182724320E-05  -6.046428233697837E-06   1.947901958878965E-06  -1.247819831619957E-05   8.890359531200710E-05  -1.801490225811687E-04  -3.498450354787749E-05  -1.197334361419655E-05   8.212653008036947E-05  -1.342913674223924E-04  -1.066402930011185E-04  -1.212908917111449E-04   5.873642448418555E-05   0.000000000000000E+00   0.000000000000000E+00   0.000000000000000E+00   0.000000000000000E+00  -1.612860875017669E-05   2.490727108045187E-05  -1.343455370639326E-05   1.113788299858437E-05   1.498518528059815E-05  -1.381849467547734E-05   1.137268583666987E-04  -1.950326767376010E-04  -1.166075803123926E-04  -4.115737880318774E-05  -1.138247145177799E-06  -3.261120627432615E-05  -5.328425335954996E-05  -5.168986381673672E-05   0.000000000000000E+00   0.000000000000000E+00   0.000000000000000E+00   0.000000000000000E+00   0.000000000000000E+00   7.672880093035353E-07   1.782946415500439E-06  -1.284211492213323E-06   1.375664459809689E-06   1.715806246021502E-05  -3.320110236464074E-05  -3.039783175685034E-05   1.447894994680500E-05  -1.437484159323586E-05  -6.868733526789744E-06  -1.535115100066750E-05  -1.627261467304822E-05   5.261962208562578E-05   0.000000000000000E+00   0.000000000000000E+00   0.000000000000000E+00   0.000000000000000E+00   0.000000000000000E+00   0.000000000000000E+00   9.113360403683784E-06  -2.557319009768222E-06  -8.486593449604502E-06  -1.352181290954104E-05  -8.856755151386661E-06  -1.040570238939227E-05   5.105399987476544E-06   2.214698511995280E-05   5.033541452001813E-06   0.000000000000000E+00   3.393480421963080E-07  -2.381729758167999E-07  -4.689450245950669E-07  -6.407966392304571E-06   1.299694200849945E-06   1.240188196442913E-06   6.480954455700708E-06   3.023769272905255E-06   6.870744271226873E-09   1.881437544831865E-07   3.908836530187405E-07   1.213561637195234E-06   1.677572469433658E-06  -9.374443743769013E-06   0.000000000000000E+00   0.000000000000000E+00  -1.419839030405981E-02  -1.030279590582471E-02   1.660346336158880E-02  -1.465280767274377E-02  -2.015257743185576E-04  -1.670771790053763E-04   2.646343333837217E-04  -2.592839863859149E-04  -1.397036097219629E-02  -6.664098157948867E-03   2.328717715479053E-02   2.514517103741019E-03  -5.403312050382263E-02  -3.791062422106850E-02   1.349146481058704E-02  -7.229461800947022E-02   1.854324890487839E-05  -1.026360430139982E-05   2.297688054417276E-05  -2.533692774840871E-05   3.279367008824021E-05  -1.713737716550306E-04  -7.620877755201434E-05   3.366858079239393E-04   1.050975837984643E-04   3.399137299003363E-02   4.686585319776784E-03  -4.947897529758884E-02   1.703389152214301E-01  -3.137405847536898E-01  -1.356956119436094E-01  -1.816148853580110E-01  -2.099740419316348E-01   2.785592777016331E-03   4.628001677162200E-06   1.155934413850886E-05  -2.378084677803595E-05   1.831693040669528E-05   3.960811809784125E-06  -9.426667771238395E-06   3.276487740577126E-05  -1.766191734523783E-05  -2.022679243183073E-05  -5.220374802006420E-02   0.000000000000000E+00   0.000000000000000E+00   0.000000000000000E+00   1.000000000000000E+00  -3.663010420877799E-02  -7.137249571108483E-03  -5.307734488747354E-02  -1.982719600247666E-02   0.000000000000000E+00   0.000000000000000E+00   0.000000000000000E+00   0.000000000000000E+00   0.000000000000000E+00   5.605571996654341E-06   3.478906810313881E-06  -1.458402760497068E-05   4.999642600740267E-07   2.267805973015548E-01  -1.604107120225145E-01   2.002849274227065E-01  -2.436467533067707E-02  -2.252204740069775E-03   3.835812177302824E-04  -4.314332840379442E-03   3.021059547168264E-03   1.953145730207347E-03   0.000000000000000E+00   0.000000000000000E+00   0.000000000000000E+00   0.000000000000000E+00   0.000000000000000E+00  -1.598877855661414E-06  -7.874800413124720E-02   1.361960466337179E-02  -7.914575074627072E-03   2.235186069109744E-02   3.799155836118991E-03  -2.783553779187673E-05   5.711762522365324E-06  -6.409391910334883E-05   2.273784886144249E-05   0.000000000000000E+00   4.171422470493317E-04  -3.275542677611443E-04   7.027271326849975E-04  -1.898228458725094E-04  -2.316077096895972E-06  -6.903949633041408E-07   3.478419357619969E-06  -9.035382851500728E-06   5.369605190543663E-06  -3.318049100413059E-06  -9.808589349656776E-06   2.863318150439895E-05  -1.469696482198923E-05  -2.161003280617033E-04   4.845999331227158E-07   2.475803397052874E-05
   9.008523386708243E-06   1.143506900889872E-05   5.849969965445319E-06   1.544504726035601E-05   1.504633034481794E-05  -3.449554744014535E-06  -8.002276650764193E-07  -5.543050354228186E-06  -7.822710294824650E-06   3.335940260329798E-05   1.296662921699197E-05   2.807111300474080E-05   1.500973301285528E-05   1.098928363973652E-06   1.142750956560941E-06   1.925558759959541E-06   9.375075005086429E-06  -3.150284976322104E-06   2.646850135251906E-07  -4.109599468039901E-06   0.000000000000000E+00  -4.245854026604691E-07   3.040051715766711E-05   2.564153841731975E-06   2.112145581353894E-05  -1.555003926492192E-05   3.689022268421806E-05   2.369718340256858E-05   2.314083302279665E-05   1.294495027798202E-05   4.400627155660447E-06   6.052328616677367E-06   6.190539986606198E-06   0.000000000000000E+00   0.000000000000000E+00   0.000000000000000E+00   0.000000000000000E+00   0.000000000000000E+00   1.429997091574131E-05   3.893507559967485E-06  -4.744462681947903E-07   3.425147895285542E-06   1.388874277125947E-05   4.752165186335981E-05   2.697104726753747E-07   2.143724254851757E-05   2.338306574486851E-05   1.725987921781359E-05   8.202141694390288E-07  -1.673355860099523E-07  -3.824500936127764E-07  -3.143618480946691E-07   0.000000000000000E+00   0.000000000000000E+00   0.000000000000000E+00   0.000000000000000E+00   0.000000000000000E+00   5.168609607304467E-07  -2.561335534751217E-07   8.741409367511223E-08  -1.917197196263815E-07   8.324654943109932E-06   1.200525804050944E-05   1.677133449786743E-05   6.504601200319891E-06   0.000000000000000E+00   0.000000000000000E+00   0.000000000000000E+00   0.000000000000000E+00   0.000000000000000E+00   0.000000000000000E+00   0.000000000000000E+00   0.000000000000000E+00   0.000000000000000E+00   0.000000000000000E+00   0.000000000000000E+00  -2.076122472433741E-07   4.326030714503308E-06  -1.061569163407967E-06  -2.246173566611542E-06  -7.899043253094574E-07   0.000000000000000E+00   0.000000000000000E+00   0.000000000000000E+00   0.000000000000000E+00   0.000000000000000E+00   0.000000000000000E+00   0.000000000000000E+00   0.000000000000000E+00   0.000000000000000E+00   0.000000000000000E+00   0.000000000000000E+00   0.000000000000000E+00   0.000000000000000E+00   0.000000000000000E+00   0.000000000000000E+00   0.000000000000000E+00   0.000000000000000E+00   0.000000000000000E+00   0.000000000000000E+00   0.000000000000000E+00   0.000000000000000E+00   4.992885091822903E-04   2.279276495474925E-04  -1.030848149366269E-03   1.766604672859307E-04  -2.405589432732415E-05  -5.100526545391809E-07   1.692983915977816E-06  -6.040007463295477E-07   7.076221008483614E-05   2.139878464308334E-05  -2.265218594950142E-04  -2.856164216979814E-05   2.732081097234208E-02   1.247687673767613E-02  -4.140038055809427E-02   1.531721209047116E-02   6.644475662024808E-06  -6.061805646055137E-06   2.364800074486516E-05  -6.105034337459598E-06   6.267778437808918E-05  -1.460843413203977E-05  -4.964230268577279E-06   4.876613045459205E-05   6.031702028601327E-06   8.001901057542443E-04  -5.734619470836463E-05  -1.511172781935231E-03  -6.726256953109185E-04   3.044035374955871E-01   3.850858213208260E-02  -3.523454404199031E-01  -3.658576346416959E-02  -1.160569326458426E-02   0.000000000000000E+00   0.000000000000000E+00   0.000000000000000E+00   0.000000000000000E+00   1.321538418355223E-05  -1.414283749402095E-06   8.743128228549272E-06  -4.309324504339484E-07  -5.123531022319226E-06  -9.005508929404464E-06   3.971997267034837E-02  -7.064810939576614E-03  -5.253864294204103E-02  -3.663010420877799E-02   1.000000000000000E+00   0.000000000000000E+00   0.000000000000000E+00   0.000000000000000E+00   0.000000000000000E+00   0.000000000000000E+00   0.000000000000000E+00   0.000000000000000E+00   0.000000000000000E+00   0.000000000000000E+00   0.000000000000000E+00   0.000000000000000E+00   0.000000000000000E+00   1.878274504572032E-02  -1.146140681926664E-02  -1.338201393661159E-02  -2.733366518844876E-02   2.888331994710062E-01  -1.232440397107436E-01   2.210930994706509E-01  -2.319391868958406E-01  -4.464563866294662E-01   0.000000000000000E+00   0.000000000000000E+00   0.000000000000000E+00   0.000000000000000E+00   0.000000000000000E+00   0.000000000000000E+00  -5.908173855392328E-04   3.887727420608148E-02  -2.820454271019752E-02   8.803642305146979E-03  -5.586848620578921E-02   2.528432096571673E-02  -1.077314215612635E-02   3.938035087964675E-02  -1.262822629864034E-02   0.000000000000000E+00   9.225402195615277E-04  -9.025648518445474E-04   6.332756692097471E-04  -1.537062620859651E-03   4.594908172077257E-04  -3.311123646291947E-04   8.250281009047611E-04  -4.420061115063363E-04  -1.065799712381117E-02   9.491452660362081E-05  -1.192843273972514E-04   1.713620861220222E-04  -1.834911786145541E-04  -8.562782268106126E-06   2.630051142074354E-05   6.085968394073587E-05
  -1.143506900889872E-05   1.839931511174040E-05   1.065904571262945E-05   2.814193333543464E-05   3.449554744014535E-06   1.096459519409613E-05   2.151894948677537E-06   1.490583564914589E-05  -3.335940260329798E-05   2.093343900951959E-05   1.116621596178347E-05   2.417344591667738E-05  -1.098928363973652E-06   1.027398148202094E-05   1.020210537913371E-05   1.719075645488085E-05   3.150284976322104E-06   8.200798650552553E-06  -5.887087013976784E-07   9.140513600948945E-06   0.000000000000000E+00  -3.040051715766711E-05   3.739834309147270E-05   3.640270851307463E-06   2.998565011343857E-05  -3.689022268421806E-05   7.913935827672008E-06   1.109269843569523E-05   1.083226972218299E-05  -4.400627155660447E-06   1.114576251192587E-05   1.625299561067029E-05   1.662415007551678E-05   0.000000000000000E+00   0.000000000000000E+00   0.000000000000000E+00   0.000000000000000E+00   0.000000000000000E+00  -3.893507559967485E-06   2.989914093017442E-05  -3.637862694480127E-06   2.626265308977135E-05   6.258514707009471E-05   6.154721846734142E-05  -2.143724254851757E-05   1.730777346756566E-05   2.492786687661938E-05   1.840015232145541E-05   1.673355860099523E-07   2.703881520738741E-07   3.588451768976383E-07   2.949593551508325E-07   0.000000000000000E+00   0.000000000000000E+00   0.000000000000000E+00   0.000000000000000E+00   0.000000000000000E+00   2.561335534751217E-07   6.445952854177264E-07  -1.955023718615552E-07   4.287828008478384E-07  -1.200525804050944E-05   1.729885609224938E-05   2.795525536688818E-05   1.084217762383975E-05   0.000000000000000E+00   0.000000000000000E+00   0.000000000000000E+00   0.000000000000000E+00   0.000000000000000E+00   0.000000000000000E+00   0.000000000000000E+00   0.000000000000000E+00   0.000000000000000E+00   0.000000000000000E+00   0.000000000000000E+00   3.691776887031592E-05   1.061569163407967E-06   1.964380463495935E-06   2.931860069911948E-06   1.031037398378418E-06   0.000000000000000E+00   0.000000000000000E+00   0.000000000000000E+00   0.000000000000000E+00   0.000000000000000E+00   0.000000000000000E+00   0.000000000000000E+00   0.000000000000000E+00   0.000000000000000E+00   0.000000000000000E+00   0.000000000000000E+00   0.000000000000000E+00   0.000000000000000E+00   0.000000000000000E+00   0.000000000000000E+00   0.000000000000000E+00   0.000000000000000E+00   0.000000000000000E+00   0.000000000000000E+00   0.000000000000000E+00   0.000000000000000E+00  -2.279276495474925E-04   7.820162599582101E-05   4.489936838868717E-04  -7.694579851809319E-05   5.100526545391809E-07  -1.371960334454829E-05   3.205278726697933E-05  -1.143537587598169E-05  -2.139878464308334E-05   3.180664440787630E-05   4.788649032580875E-05   6.037902057233261E-06  -1.247687673767613E-02   5.207100059364049E-03   2.053569839906191E-02  -7.597747739613042E-03   6.061805646055137E-06   4.683293497828879E-07  -1.494322287784654E-05   3.857784417626682E-06  -5.855578053157485E-06   4.964230268577279E-06  -8.852997304851782E-06  -3.437488383223587E-06  -4.251702044247558E-07   5.734619470836463E-05   2.744004411376595E-04  -1.074217213888552E-04  -4.781359941392286E-05  -3.850858213208260E-02   1.768103707367861E-01   5.568776361701236E-02   5.782334929927239E-03   7.679652913570285E-03   0.000000000000000E+00   0.000000000000000E+00   0.000000000000000E+00   0.000000000000000E+00   1.414283749402095E-06   9.106644014043142E-07  -8.937696106306726E-06   4.405223375025113E-07  -2.240052206313227E-06  -1.397330860305341E-05   7.064810939576614E-03   1.580193880234027E-02  -1.023697351957967E-02  -7.137249571108483E-03   0.000000000000000E+00   1.000000000000000E+00   0.000000000000000E+00   0.000000000000000E+00   0.000000000000000E+00   0.000000000000000E+00   0.000000000000000E+00   0.000000000000000E+00   0.000000000000000E+00   0.000000000000000E+00   0.000000000000000E+00   0.000000000000000E+00   0.000000000000000E+00   1.146140681926664E-02   3.678798243704571E-05  -8.807963167498919E-03  -1.799085827835901E-02   1.232440397107436E-01   1.058950901288673E-01   1.169017917959383E-01  -1.226366024119900E-01   1.426781178660041E-01   0.000000000000000E+00   0.000000000000000E+00   0.000000000000000E+00   0.000000000000000E+00   0.000000000000000E+00   0.000000000000000E+00  -4.512348441375570E-04   2.820454271019752E-02  -5.625607566590642E-03   6.992796984748235E-03  -4.437674411804362E-02   1.077314215612635E-02   5.494349591591324E-03   1.819662029222274E-02  -5.835169920727756E-03   0.000000000000000E+00   9.025648518445474E-04  -5.637578267866628E-04   6.202548545203836E-04  -1.505458994626646E-03   3.311123646291947E-04  -6.146846546445383E-05   5.625870156016979E-04  -3.014041568733989E-04  -2.465675379011575E-03   1.192843273972514E-04  -6.714421711475328E-05   1.605824204182047E-04  -1.719485228858190E-04  -8.751485939071227E-05  -3.214378614995196E-05   2.347620599917703E-05
  -5.849969965445319E-06   1.065904571262945E-05   3.016807426301463E-06   1.439689298365783E-05   8.002276650764193E-07   2.151894948677537E-06   2.187582306695042E-06   3.457855561859322E-06  -1.296662921699197E-05   1.116621596178347E-05  -3.453767756047277E-06   9.396094822980317E-06  -1.142750956560941E-06   1.020210537913371E-05   1.107205037164668E-05   1.787628204607183E-05  -2.646850135251906E-07  -5.887087013976784E-07   1.243441855724165E-06  -7.679803523422544E-07   0.000000000000000E+00  -2.564153841731975E-06   3.640270851307463E-06  -5.453537923357087E-06   2.529161577628391E-06  -2.369718340256858E-05   1.109269843569523E-05  -2.228830379341408E-06   6.958328348136452E-06  -6.052328616677367E-06   1.625299561067029E-05   2.168155016843305E-05   2.286374547786226E-05   0.000000000000000E+00   0.000000000000000E+00   0.000000000000000E+00   0.000000000000000E+00   0.000000000000000E+00   4.744462681947903E-07  -3.637862694480127E-06   4.885892400319697E-07  -3.200255183642293E-06   2.993794476511142E-06   3.273970876709927E-05  -2.338306574486851E-05   2.492786687661938E-05   2.164480879841543E-05   2.007030384035746E-05   3.824500936127764E-07   3.588451768976383E-07   9.335311024578435E-07   6.741377353092776E-07   0.000000000000000E+00   0.000000000000000E+00   0.000000000000000E+00   0.000000000000000E+00   0.000000000000000E+00  -8.741409367511223E-08  -1.955023718615552E-07   1.384720779689048E-07  -1.463363913515163E-07  -1.677133449786743E-05   2.795525536688818E-05   3.634138906355038E-05   1.514651221999004E-05   0.000000000000000E+00   0.000000000000000E+00   0.000000000000000E+00   0.000000000000000E+00   0.000000000000000E+00   0.000000000000000E+00   0.000000000000000E+00   0.000000000000000E+00   0.000000000000000E+00   0.000000000000000E+00   0.000000000000000E+00   4.249413365464569E-05   2.246173566611542E-06   2.931860069911948E-06   6.782268445158654E-06   2.181571422996889E-06   0.000000000000000E+00   0.000000000000000E+00   0.000000000000000E+00   0.000000000000000E+00   0.000000000000000E+00   0.000000000000000E+00   0.000000000000000E+00   0.000000000000000E+00   0.000000000000000E+00   0.000000000000000E+00   0.000000000000000E+00   0.000000000000000E+00   0.000000000000000E+00   0.000000000000000E+00   0.000000000000000E+00   0.000000000000000E+00   0.000000000000000E+00   0.000000000000000E+00   0.000000000000000E+00   0.000000000000000E+00   0.000000000000000E+00   1.030848149366269E-03   4.489936838868717E-04  -1.853186046297899E-03   3.480026848930353E-04  -1.692983915977816E-06   3.205278726697933E-05  -1.104536091351522E-04   3.795668399900577E-05   2.265218594950142E-04   4.788649032580875E-05  -4.705833619051858E-04  -6.391562998860931E-05   4.140038055809427E-02   2.053569839906191E-02  -5.674494417452344E-02   2.521060794441788E-02  -2.364800074486516E-05  -1.494322287784654E-05   5.493358471818246E-05  -1.504978782038885E-05   1.417084526721891E-05  -4.876613045459205E-05  -3.437488383223587E-06   2.456525489539195E-05   4.176660737441060E-06   1.511172781935231E-03  -1.074217213888552E-04  -2.552273817329357E-03  -1.259972181382339E-03   3.523454404199031E-01   5.568776361701236E-02  -3.266347389043492E-01  -5.290715042565029E-02  -1.382025974659568E-02   0.000000000000000E+00   0.000000000000000E+00   0.000000000000000E+00   0.000000000000000E+00  -8.743128228549272E-06  -8.937696106306726E-06   5.471790966181708E-05  -2.723317216897246E-06   4.992160482145660E-05  -1.435708104882781E-04   5.253864294204103E-02  -1.023697351957967E-02  -5.895046531039244E-02  -5.307734488747354E-02   0.000000000000000E+00   0.000000000000000E+00   1.000000000000000E+00   0.000000000000000E+00   0.000000000000000E+00   0.000000000000000E+00   0.000000000000000E+00   0.000000000000000E+00   0.000000000000000E+00   0.000000000000000E+00   0.000000000000000E+00   0.000000000000000E+00   0.000000000000000E+00   1.338201393661159E-02  -8.807963167498919E-03  -2.703309494322593E-03  -2.100561650144871E-02  -2.210930994706509E-01   1.169017917959383E-01  -3.865573607724990E-02   2.200033900175146E-01   2.452358464429021E-01   0.000000000000000E+00   0.000000000000000E+00   0.000000000000000E+00   0.000000000000000E+00   0.000000000000000E+00   0.000000000000000E+00  -4.756715591964859E-04  -8.803642305146979E-03   6.992796984748235E-03   1.459476444000938E-02   1.385156234924666E-02  -3.938035087964675E-02   1.819662029222274E-02  -5.604394141133839E-02   2.132999227063430E-02   0.000000000000000E+00  -6.332756692097471E-04   6.202548545203836E-04  -1.149463206943886E-04   1.056290360013072E-03  -8.250281009047611E-04   5.625870156016979E-04  -1.237473090420907E-03   7.510045703927050E-04   1.899134567562143E-02  -1.713620861220222E-04   1.605824204182047E-04  -1.860538741549125E-04   2.470186840990912E-04   2.840651753236351E-05   9.380279371399216E-05  -3.074139824021399E-05
  -1.544504726035601E-05   2.814193333543464E-05   1.439689298365783E-05   3.557440657980586E-05   5.543050354228186E-06   1.490583564914589E-05   3.457855561859322E-06   2.564040381798468E-05  -2.807111300474080E-05   2.417344591667738E-05   9.396094822980317E-06   1.254733862632439E-05  -1.925558759959541E-06   1.719075645488085E-05   1.787628204607183E-05   3.058501109235150E-05   4.109599468039901E-06   9.140513600948945E-06  -7.679803523422544E-07   1.311793185984835E-05   0.000000000000000E+00  -2.112145581353894E-05   2.998565011343857E-05   2.529161577628391E-06   1.507263820011489E-05  -2.314083302279665E-05   1.083226972218299E-05   6.958328348136452E-06  -2.559486132372179E-06  -6.190539986606198E-06   1.662415007551678E-05   2.286374547786226E-05   2.271412920408091E-05   0.000000000000000E+00   0.000000000000000E+00   0.000000000000000E+00   0.000000000000000E+00   0.000000000000000E+00  -3.425147895285542E-06   2.626265308977135E-05  -3.200255183642293E-06   2.314874829111144E-05   2.841943043942045E-05   2.239486839948261E-05  -1.725987921781359E-05   1.840015232145541E-05   2.007030384035746E-05   9.268891382862623E-06   3.143618480946691E-07   2.949593551508325E-07   6.741377353092776E-07   6.675003999608866E-07   0.000000000000000E+00   0.000000000000000E+00   0.000000000000000E+00   0.000000000000000E+00   0.000000000000000E+00   1.917197196263815E-07   4.287828008478384E-07  -1.463363913515163E-07   3.927006037831704E-07  -6.504601200319891E-06   1.084217762383975E-05   1.514651221999004E-05   3.162352361364438E-06   0.000000000000000E+00   0.000000000000000E+00   0.000000000000000E+00   0.000000000000000E+00   0.000000000000000E+00   0.000000000000000E+00   0.000000000000000E+00   0.000000000000000E+00   0.000000000000000E+00   0.000000000000000E+00   0.000000000000000E+00   8.859931900560352E-06   7.899043253094574E-07   1.031037398378418E-06   2.181571422996889E-06   1.345933358918669E-06   0.000000000000000E+00   0.000000000000000E+00   0.000000000000000E+00   0.000000000000000E+00   0.000000000000000E+00   0.000000000000000E+00   0.000000000000000E+00   0.000000000000000E+00   0.000000000000000E+00   0.000000000000000E+00   0.000000000000000E+00   0.000000000000000E+00   0.000000000000000E+00   0.000000000000000E+00   0.000000000000000E+00   0.000000000000000E+00   0.000000000000000E+00   0.000000000000000E+00   0.000000000000000E+00   0.000000000000000E+00   0.000000000000000E+00  -1.766604672859307E-04  -7.694579851809319E-05   3.480026848930353E-04   1.178386551015739E-04   6.040007463295477E-07  -1.143537587598169E-05   3.795668399900577E-05  -1.760461144806179E-05   2.856164216979814E-05   6.037902057233261E-06  -6.391562998860931E-05   2.827134472076402E-05  -1.531721209047116E-02  -7.597747739613042E-03   2.521060794441788E-02   2.068605934054033E-03   6.105034337459598E-06   3.857784417626682E-06  -1.504978782038885E-05   5.231567585669505E-07  -8.810394830141755E-06  -6.031702028601327E-06  -4.251702044247558E-07   4.176660737441060E-06  -8.686326521520100E-06   6.726256953109185E-04  -4.781359941392286E-05  -1.259972181382339E-03  -2.823389652898557E-04   3.658576346416959E-02   5.782334929927239E-03  -5.290715042565029E-02   1.774029946337005E-01   1.354269248997772E-02   0.000000000000000E+00   0.000000000000000E+00   0.000000000000000E+00   0.000000000000000E+00   4.309324504339484E-07   4.405223375025113E-07  -2.723317216897246E-06  -4.008653278765838E-07   1.311342675288652E-05  -9.423356949874947E-05   3.663010420877799E-02  -7.137249571108483E-03  -5.307734488747354E-02  -1.982719600247666E-02   0.000000000000000E+00   0.000000000000000E+00   0.000000000000000E+00   1.000000000000000E+00   0.000000000000000E+00   0.000000000000000E+00   0.000000000000000E+00   0.000000000000000E+00   0.000000000000000E+00   0.000000000000000E+00   0.000000000000000E+00   0.000000000000000E+00   0.000000000000000E+00   2.733366518844876E-02  -1.799085827835901E-02  -2.100561650144871E-02  -3.532476833167569E-02   2.319391868958406E-01  -1.226366024119900E-01   2.200033900175146E-01  -5.973630412229633E-02   3.807235177501406E-01   0.000000000000000E+00   0.000000000000000E+00   0.000000000000000E+00   0.000000000000000E+00   0.000000000000000E+00   0.000000000000000E+00  -9.543703340032044E-04   5.586848620578921E-02  -4.437674411804362E-02   1.385156234924666E-02  -7.112544943094234E-02   1.262822629864034E-02  -5.835169920727756E-03   2.132999227063430E-02   3.632375522423061E-03   0.000000000000000E+00   1.537062620859651E-03  -1.505458994626646E-03   1.056290360013072E-03  -2.243538449973841E-03   4.420061115063363E-04  -3.014041568733989E-04   7.510045703927050E-04  -2.380310488206563E-04   1.493922993883132E-03   1.834911786145541E-04  -1.719485228858190E-04   2.470186840990912E-04  -2.198663510826764E-04  -1.447514286299609E-04  -3.154533824677036E-05   3.292863854705548E-05
   0.000000000000000E+00   0.000000000000000E+00   0.000000000000000E+00   0.000000000000000E+00   0.000000000000000E+00   0.000000000000000E+00   0.000000000000000E+00   0.000000000000000E+00   0.000000000000000E+00   0.000000000000000E+00   0.000000000000000E+00   0.000000000000000E+00   0.000000000000000E+00   0.000000000000000E+00   0.000000000000000E+00   0.000000000000000E+00   0.000000000000000E+00   0.000000000000000E+00   0.000000000000000E+00   0.000000000000000E+00   0.000000000000000E+00   0.000000000000000E+00   0.000000000000000E+00   0.000000000000000E+00   0.000000000000000E+00   0.000000000000000E+00   0.000000000000000E+00   0.000000000000000E+00   0.000000000000000E+00   0.000000000000000E+00   0.000000000000000E+00   0.000000000000000E+00   0.000000000000000E+00   0.000000000000000E+00   0.000000000000000E+00   0.000000000000000E+00   0.000000000000000E+00   0.000000000000000E+00   0.000000000000000E+00   0.000000000000000E+00   0.000000000000000E+00   0.000000000000000E+00   0.000000000000000E+00   0.000000000000000E+00   0.000000000000000E+00   0.000000000000000E+00   0.000000000000000E+00   0.000000000000000E+00   0.000000000000000E+00   0.000000000000000E+00   0.000000000000000E+00   0.000000000000000E+00   0.000000000000000E+00   0.000000000000000E+00   0.000000000000000E+00   0.000000000000000E+00   0.000000000000000E+00   0.000000000000000E+00   0.000000000000000E+00   0.000000000000000E+00   0.000000000000000E+00   0.000000000000000E+00   0.000000000000000E+00   0.000000000000000E+00   0.000000000000000E+00   0.000000000000000E+00   0.000000000000000E+00   0.000000000000000E+00   0.000000000000000E+00   0.000000000000000E+00   0.000000000000000E+00   0.000000000000000E+00   0.000000000000000E+00   0.000000000000000E+00   0.000000000000000E+00   0.000000000000000E+00   0.000000000000000E+00   1.096613567581449E-05  -4.200327967834226E-06   1.654267781721788E-06  -3.702277417956020E-06   1.147757507864494E-05  -3.182592773502736E-06   4.870768783365642E-07  -5.089938317420051E-06   0.000000000000000E+00   7.528122051639652E-06   1.893817904530032E-05  -3.193051875739600E-06   1.327079678867461E-05   5.454736968192147E-06   1.623069704521552E-05   2.059955433142538E-06   2.208432868870290E-05   0.000000000000000E+00  -4.030457190963349E-06   3.161861683684149E-05   2.393732491599780E-06   2.706528223831067E-05  -6.834750380652961E-06  -1.819694852257290E-06   4.418816462221043E-05  -2.461353422511852E-05   1.331547435609712E-06  -4.461213408053397E-06   1.656048495204066E-06   4.822583141970649E-04  -2.169549646285943E-04   9.966015078403919E-04  -1.885211730150693E-04  -2.678775466699262E-05   8.574802685782331E-06  -1.914388821459768E-05   1.387854172946006E-05   4.982340318370992E-06   6.670018767375099E-06  -2.676533079492421E-05   6.619571619799898E-06   3.235820581872747E-02  -1.385165911003500E-02   4.889763962597862E-02  -1.677451009779627E-02  -1.399302184205477E-04   9.772229897468474E-05  -1.058544991823680E-04   1.705262940824209E-04  -2.003244434944834E-04   1.225758160412349E-05   4.102481829175696E-06  -8.662220990022181E-06   6.816719722804275E-06   0.000000000000000E+00   0.000000000000000E+00   0.000000000000000E+00   0.000000000000000E+00  -1.177591748792880E-05   3.123336906170781E-01  -1.473686578510230E-02   3.598142530688768E-01   4.370221247437692E-02   1.220807000342351E-02  -8.551119522278387E-03   1.292279598739676E-02  -1.534803140165956E-02   4.757301152146906E-05   0.000000000000000E+00   0.000000000000000E+00   0.000000000000000E+00   0.000000000000000E+00   0.000000000000000E+00   0.000000000000000E+00   0.000000000000000E+00   0.000000000000000E+00   0.000000000000000E+00   1.000000000000000E+00   0.000000000000000E+00   0.000000000000000E+00   0.000000000000000E+00  -5.676832933836587E-02   3.818252048357346E-02  -2.567320260363195E-02   6.450454338244155E-03  -5.626296324208391E-02   0.000000000000000E+00   0.000000000000000E+00   0.000000000000000E+00   0.000000000000000E+00   0.000000000000000E+00   0.000000000000000E+00   0.000000000000000E+00   0.000000000000000E+00   0.000000000000000E+00   3.204437130076161E-01  -1.100582799947073E-01  -1.496037703707113E-01  -3.190812010162688E-01  -4.456357972159086E-01  -1.858982370611704E-03   0.000000000000000E+00   0.000000000000000E+00   0.000000000000000E+00   0.000000000000000E+00   0.000000000000000E+00   0.000000000000000E+00   0.000000000000000E+00   0.000000000000000E+00   0.000000000000000E+00  -6.636805813477797E-02   0.000000000000000E+00   0.000000000000000E+00   0.000000000000000E+00   0.000000000000000E+00   0.000000000000000E+00   0.000000000000000E+00   0.000000000000000E+00   0.000000000000000E+00   0.000000000000000E+00   0.000000000000000E+00   0.000000000000000E+00   0.000000000000000E+00   0.000000000000000E+00   0.000000000000000E+00   0.000000000000000E+00   0.000000000000000E+00
   0.000000000000000E+00   0.000000000000000E+00   0.000000000000000E+00   0.000000000000000E+00   0.000000000000000E+00   0.000000000000000E+00   0.000000000000000E+00   0.000000000000000E+00   0.000000000000000E+00   0.000000000000000E+00   0.000000000000000E+00   0.000000000000000E+00   0.000000000000000E+00   0.000000000000000E+00   0.000000000000000E+00   0.000000000000000E+00   0.000000000000000E+00   0.000000000000000E+00   0.000000000000000E+00   0.000000000000000E+00   0.000000000000000E+00   0.000000000000000E+00   0.000000000000000E+00   0.000000000000000E+00   0.000000000000000E+00   0.000000000000000E+00   0.000000000000000E+00   0.000000000000000E+00   0.000000000000000E+00   0.000000000000000E+00   0.000000000000000E+00   0.000000000000000E+00   0.000000000000000E+00   0.000000000000000E+00   0.000000000000000E+00   0.000000000000000E+00   0.000000000000000E+00   0.000000000000000E+00   0.000000000000000E+00   0.000000000000000E+00   0.000000000000000E+00   0.000000000000000E+00   0.000000000000000E+00   0.000000000000000E+00   0.000000000000000E+00   0.000000000000000E+00   0.000000000000000E+00   0.000000000000000E+00   0.000000000000000E+00   0.000000000000000E+00   0.000000000000000E+00   0.000000000000000E+00   0.000000000000000E+00   0.000000000000000E+00   0.000000000000000E+00   0.000000000000000E+00   0.000000000000000E+00   0.000000000000000E+00   0.000000000000000E+00   0.000000000000000E+00   0.000000000000000E+00   0.000000000000000E+00   0.000000000000000E+00   0.000000000000000E+00   0.000000000000000E+00   0.000000000000000E+00   0.000000000000000E+00   0.000000000000000E+00   0.000000000000000E+00   0.000000000000000E+00   0.000000000000000E+00   0.000000000000000E+00   0.000000000000000E+00   0.000000000000000E+00   0.000000000000000E+00   0.000000000000000E+00   0.000000000000000E+00   4.200327967834226E-06   1.307804560177741E-05  -4.612253012231177E-06   1.032229507323797E-05   3.182592773502736E-06   8.077990535687985E-06  -1.019049946598686E-06   1.064904043130009E-05   0.000000000000000E+00  -1.893817904530032E-05   4.010300519822428E-05  -7.271537963981664E-06   3.022158938109376E-05  -1.623069704521552E-05   1.935000300535086E-05   2.938297742682178E-06   3.150084321760030E-05   0.000000000000000E+00  -3.161861683684149E-05   2.777368719103483E-05   2.618231567166482E-06   2.960363222678070E-05   4.427462115069826E-05   2.803327054095519E-05   6.025621589732441E-05  -1.331547435609712E-06  -1.351533224774078E-05   3.002049883428157E-05  -1.114391923731804E-05   2.169549646285943E-04   7.903156430272932E-05   4.263238672666890E-04  -8.064514744273148E-05  -8.574802685782331E-06  -1.665376858105729E-05   2.022133924163253E-05  -1.465964998043441E-05  -6.670018767375099E-06  -2.972192489554687E-07  -1.474303139838190E-05   3.646230004863423E-06   1.385165911003500E-02   7.249852360445834E-03   2.281779984672326E-02  -7.827727818072429E-03  -4.357062817600268E-05   1.058544991823680E-04  -4.041826214035480E-05   1.385534812980664E-04  -1.627646292591291E-04  -4.102481829175696E-06   6.195786391523161E-06  -1.520967646570180E-05   1.196922840696956E-05   0.000000000000000E+00   0.000000000000000E+00   0.000000000000000E+00   0.000000000000000E+00   5.568791465553028E-06   1.473686578510230E-02   1.881625217654788E-01   2.130084036326656E-02   2.587151130058388E-03   8.551119522278387E-03  -1.657864453216534E-03   9.698330488402690E-03  -1.151842689653588E-02  -1.994176372770288E-05   0.000000000000000E+00   0.000000000000000E+00   0.000000000000000E+00   0.000000000000000E+00   0.000000000000000E+00   0.000000000000000E+00   0.000000000000000E+00   0.000000000000000E+00   0.000000000000000E+00   0.000000000000000E+00   1.000000000000000E+00   0.000000000000000E+00   0.000000000000000E+00   7.470042389402441E-03   2.567320260363195E-02  -2.443754875208001E-03   4.746518034830722E-03  -4.140067593971410E-02   0.000000000000000E+00   0.000000000000000E+00   0.000000000000000E+00   0.000000000000000E+00   0.000000000000000E+00   0.000000000000000E+00   0.000000000000000E+00   0.000000000000000E+00   0.000000000000000E+00   1.100582799947073E-01   1.477535266150342E-01  -6.475370377397169E-02  -1.381094174247872E-01   1.879164605859505E-01  -1.314630651083830E-03   0.000000000000000E+00   0.000000000000000E+00   0.000000000000000E+00   0.000000000000000E+00   0.000000000000000E+00   0.000000000000000E+00   0.000000000000000E+00   0.000000000000000E+00   0.000000000000000E+00  -1.325438693011994E-02   0.000000000000000E+00   0.000000000000000E+00   0.000000000000000E+00   0.000000000000000E+00   0.000000000000000E+00   0.000000000000000E+00   0.000000000000000E+00   0.000000000000000E+00   0.000000000000000E+00   0.000000000000000E+00   0.000000000000000E+00   0.000000000000000E+00   0.000000000000000E+00   0.000000000000000E+00   0.000000000000000E+00   0.000000000000000E+00
   0.000000000000000E+00   0.000000000000000E+00   0.000000000000000E+00   0.000000000000000E+00   0.000000000000000E+00   0.000000000000000E+00   0.000000000000000E+00   0.000000000000000E+00   0.000000000000000E+00   0.000000000000000E+00   0.000000000000000E+00   0.000000000000000E+00   0.000000000000000E+00   0.000000000000000E+00   0.000000000000000E+00   0.000000000000000E+00   0.000000000000000E+00   0.000000000000000E+00   0.000000000000000E+00   0.000000000000000E+00   0.000000000000000E+00   0.000000000000000E+00   0.000000000000000E+00   0.000000000000000E+00   0.000000000000000E+00   0.000000000000000E+00   0.000000000000000E+00   0.000000000000000E+00   0.000000000000000E+00   0.000000000000000E+00   0.000000000000000E+00   0.000000000000000E+00   0.000000000000000E+00   0.000000000000000E+00   0.000000000000000E+00   0.000000000000000E+00   0.000000000000000E+00   0.000000000000000E+00   0.000000000000000E+00   0.000000000000000E+00   0.000000000000000E+00   0.000000000000000E+00   0.000000000000000E+00   0.000000000000000E+00   0.000000000000000E+00   0.000000000000000E+00   0.000000000000000E+00   0.000000000000000E+00   0.000000000000000E+00   0.000000000000000E+00   0.000000000000000E+00   0.000000000000000E+00   0.000000000000000E+00   0.000000000000000E+00   0.000000000000000E+00   0.000000000000000E+00   0.000000000000000E+00   0.000000000000000E+00   0.000000000000000E+00   0.000000000000000E+00   0.000000000000000E+00   0.000000000000000E+00   0.000000000000000E+00   0.000000000000000E+00   0.000000000000000E+00   0.000000000000000E+00   0.000000000000000E+00   0.000000000000000E+00   0.000000000000000E+00   0.000000000000000E+00   0.000000000000000E+00   0.000000000000000E+00   0.000000000000000E+00   0.000000000000000E+00   0.000000000000000E+00   0.000000000000000E+00   0.000000000000000E+00  -1.654267781721788E-06  -4.612253012231177E-06   3.183640481385041E-06  -4.065358777659395E-06  -4.870768783365642E-07  -1.019049946598686E-06   1.575409820623842E-06  -1.629772245366110E-06   0.000000000000000E+00   3.193051875739600E-06  -7.271537963981664E-06  -1.798905386733569E-06  -5.095479477214074E-06  -2.059955433142538E-06   2.938297742682178E-06  -3.428363835551609E-06   3.998000391104297E-06   0.000000000000000E+00  -2.393732491599780E-06   2.618231567166482E-06  -6.612102630493693E-06   2.241185207318958E-06  -8.161625991128120E-06   1.237853576565084E-05   1.480337529067587E-05   4.461213408053397E-06   3.002049883428157E-05  -1.051356618759680E-04   3.733656089917884E-05  -9.966015078403919E-04   4.263238672666890E-04  -1.786515727078040E-03   3.704505019234030E-04   1.914388821459768E-05   2.022133924163253E-05  -5.274201321626660E-05   3.272876482113018E-05   2.676533079492421E-05  -1.474303139838190E-05   5.518933317841983E-05  -1.463152588294049E-05  -4.889763962597862E-02   2.281779984672326E-02  -6.683529816554463E-02   2.763260421714107E-02   3.795899036113907E-04  -1.705262940824209E-04   1.385534812980664E-04  -1.776136589496283E-04   2.622056620138607E-04   8.662220990022181E-06  -1.520967646570180E-05   3.110699270319808E-05  -2.527253156951915E-05   0.000000000000000E+00   0.000000000000000E+00   0.000000000000000E+00   0.000000000000000E+00  -3.091806369158342E-05  -3.598142530688768E-01   2.130084036326656E-02  -3.310448458417503E-01  -6.316769556110860E-02  -1.292279598739676E-02   9.698330488402690E-03  -9.896907427460872E-03   1.740711031951716E-02   2.232180836379944E-05   0.000000000000000E+00   0.000000000000000E+00   0.000000000000000E+00   0.000000000000000E+00   0.000000000000000E+00   0.000000000000000E+00   0.000000000000000E+00   0.000000000000000E+00   0.000000000000000E+00   0.000000000000000E+00   0.000000000000000E+00   1.000000000000000E+00   0.000000000000000E+00   7.603365243883713E-02  -6.450454338244155E-03   4.746518034830722E-03   1.525510292064557E-02   1.040202010807135E-02   0.000000000000000E+00   0.000000000000000E+00   0.000000000000000E+00   0.000000000000000E+00   0.000000000000000E+00   0.000000000000000E+00   0.000000000000000E+00   0.000000000000000E+00   0.000000000000000E+00   1.496037703707113E-01  -6.475370377397169E-02   1.073699480236178E-01  -1.877340766314375E-01  -2.651687674114712E-01  -2.141343678615105E-04   0.000000000000000E+00   0.000000000000000E+00   0.000000000000000E+00   0.000000000000000E+00   0.000000000000000E+00   0.000000000000000E+00   0.000000000000000E+00   0.000000000000000E+00   0.000000000000000E+00  -7.850068804757944E-02   0.000000000000000E+00   0.000000000000000E+00   0.000000000000000E+00   0.000000000000000E+00   0.000000000000000E+00   0.000000000000000E+00   0.000000000000000E+00   0.000000000000000E+00   0.000000000000000E+00   0.000000000000000E+00   0.000000000000000E+00   0.000000000000000E+00   0.000000000000000E+00   0.000000000000000E+00   0.000000000000000E+00   0.000000000000000E+00
   0.000000000000000E+00   0.000000000000000E+00   0.000000000000000E+00   0.000000000000000E+00   0.000000000000000E+00   0.000000000000000E+00   0.000000000000000E+00   0.000000000000000E+00   0.000000000000000E+00   0.000000000000000E+00   0.000000000000000E+00   0.000000000000000E+00   0.000000000000000E+00   0.000000000000000E+00   0.000000000000000E+00   0.000000000000000E+00   0.000000000000000E+00   0.000000000000000E+00   0.000000000000000E+00   0.000000000000000E+00   0.000000000000000E+00   0.000000000000000E+00   0.000000000000000E+00   0.000000000000000E+00   0.000000000000000E+00   0.000000000000000E+00   0.000000000000000E+00   0.000000000000000E+00   0.000000000000000E+00   0.000000000000000E+00   0.000000000000000E+00   0.000000000000000E+00   0.000000000000000E+00   0.000000000000000E+00   0.000000000000000E+00   0.000000000000000E+00   0.000000000000000E+00   0.000000000000000E+00   0.000000000000000E+00   0.000000000000000E+00   0.000000000000000E+00   0.000000000000000E+00   0.000000000000000E+00   0.000000000000000E+00   0.000000000000000E+00   0.000000000000000E+00   0.000000000000000E+00   0.000000000000000E+00   0.000000000000000E+00   0.000000000000000E+00   0.000000000000000E+00   0.000000000000000E+00   0.000000000000000E+00   0.000000000000000E+00   0.000000000000000E+00   0.000000000000000E+00   0.000000000000000E+00   0.000000000000000E+00   0.000000000000000E+00   0.000000000000000E+00   0.000000000000000E+00   0.000000000000000E+00   0.000000000000000E+00   0.000000000000000E+00   0.000000000000000E+00   0.000000000000000E+00   0.000000000000000E+00   0.000000000000000E+00   0.000000000000000E+00   0.000000000000000E+00   0.000000000000000E+00   0.000000000000000E+00   0.000000000000000E+00   0.000000000000000E+00   0.000000000000000E+00   0.000000000000000E+00   0.000000000000000E+00   3.702277417956020E-06   1.032229507323797E-05  -4.065358777659395E-06   1.046547623946636E-05   5.089938317420051E-06   1.064904043130009E-05  -1.629772245366110E-06   1.845051986150485E-05   0.000000000000000E+00  -1.327079678867461E-05   3.022158938109376E-05  -5.095479477214074E-06   1.815265238806867E-05  -2.208432868870290E-05   3.150084321760030E-05   3.998000391104297E-06   3.906039750774760E-05   0.000000000000000E+00  -2.706528223831067E-05   2.960363222678070E-05   2.241185207318958E-06   1.853015199836257E-05   2.094429151892942E-05   4.604604452295084E-05   4.209605886963899E-05  -1.656048495204066E-06  -1.114391923731804E-05   3.733656089917884E-05  -1.841476996914882E-05   1.885211730150693E-04  -8.064514744273148E-05   3.704505019234030E-04   1.017641371498672E-04  -1.387854172946006E-05  -1.465964998043441E-05   3.272876482113018E-05  -3.132338695410709E-05  -6.619571619799898E-06   3.646230004863423E-06  -1.463152588294049E-05  -3.525842521934753E-07   1.677451009779627E-02  -7.827727818072429E-03   2.763260421714107E-02   4.234185050552227E-03   2.184757380617831E-05   2.003244434944834E-04  -1.627646292591291E-04   2.622056620138607E-04  -2.624350141900418E-04  -6.816719722804275E-06   1.196922840696956E-05  -2.527253156951915E-05   1.888056356281888E-05   0.000000000000000E+00   0.000000000000000E+00   0.000000000000000E+00   0.000000000000000E+00   2.517889500342506E-06  -4.370221247437692E-02   2.587151130058388E-03  -6.316769556110860E-02   1.813627343570667E-01   1.534803140165956E-02  -1.151842689653588E-02   1.740711031951716E-02  -1.591432201881543E-02  -4.122776892981396E-05   0.000000000000000E+00   0.000000000000000E+00   0.000000000000000E+00   0.000000000000000E+00   0.000000000000000E+00   0.000000000000000E+00   0.000000000000000E+00   0.000000000000000E+00   0.000000000000000E+00   0.000000000000000E+00   0.000000000000000E+00   0.000000000000000E+00   1.000000000000000E+00   4.669911306255137E-02   5.626296324208391E-02  -4.140067593971410E-02   1.040202010807135E-02  -7.428212958727066E-02   0.000000000000000E+00   0.000000000000000E+00   0.000000000000000E+00   0.000000000000000E+00   0.000000000000000E+00   0.000000000000000E+00   0.000000000000000E+00   0.000000000000000E+00   0.000000000000000E+00   3.190812010162688E-01  -1.381094174247872E-01  -1.877340766314375E-01  -2.050165489774016E-01   3.454402436535369E-01  -3.268595741589413E-03   0.000000000000000E+00   0.000000000000000E+00   0.000000000000000E+00   0.000000000000000E+00   0.000000000000000E+00   0.000000000000000E+00   0.000000000000000E+00   0.000000000000000E+00   0.000000000000000E+00  -6.518607461272652E-02   0.000000000000000E+00   0.000000000000000E+00   0.000000000000000E+00   0.000000000000000E+00   0.000000000000000E+00   0.000000000000000E+00   0.000000000000000E+00   0.000000000000000E+00   0.000000000000000E+00   0.000000000000000E+00   0.000000000000000E+00   0.000000000000000E+00   0.000000000000000E+00   0.000000000000000E+00   0.000000000000000E+00   0.000000000000000E+00
   0.000000000000000E+00   0.000000000000000E+00   0.000000000000000E+00   0.000000000000000E+00   0.000000000000000E+00   0.000000000000000E+00   0.000000000000000E+00   0.000000000000000E+00   0.000000000000000E+00   0.000000000000000E+00   0.000000000000000E+00   0.000000000000000E+00   0.000000000000000E+00   0.000000000000000E+00   0.000000000000000E+00   0.000000000000000E+00   0.000000000000000E+00   0.000000000000000E+00   0.000000000000000E+00   0.000000000000000E+00   0.000000000000000E+00   0.000000000000000E+00   0.000000000000000E+00   0.000000000000000E+00   0.000000000000000E+00   0.000000000000000E+00   0.000000000000000E+00   0.000000000000000E+00   0.000000000000000E+00   0.000000000000000E+00   0.000000000000000E+00   0.000000000000000E+00   0.000000000000000E+00   0.000000000000000E+00   0.000000000000000E+00   0.000000000000000E+00   0.000000000000000E+00   0.000000000000000E+00   0.000000000000000E+00   0.000000000000000E+00   0.000000000000000E+00   0.000000000000000E+00   0.000000000000000E+00   0.000000000000000E+00   0.000000000000000E+00   0.000000000000000E+00   0.000000000000000E+00   0.000000000000000E+00   0.000000000000000E+00   0.000000000000000E+00   0.000000000000000E+00   0.000000000000000E+00   0.000000000000000E+00   0.000000000000000E+00   0.000000000000000E+00   0.000000000000000E+00   0.000000000000000E+00   0.000000000000000E+00   0.000000000000000E+00   0.000000000000000E+00   0.000000000000000E+00   0.000000000000000E+00   0.000000000000000E+00   0.000000000000000E+00   0.000000000000000E+00   0.000000000000000E+00   0.000000000000000E+00   0.000000000000000E+00   0.000000000000000E+00   0.000000000000000E+00   0.000000000000000E+00   0.000000000000000E+00   0.000000000000000E+00   0.000000000000000E+00   0.000000000000000E+00   0.000000000000000E+00   0.000000000000000E+00   0.000000000000000E+00   0.000000000000000E+00   0.000000000000000E+00   0.000000000000000E+00   0.000000000000000E+00   0.000000000000000E+00   0.000000000000000E+00   0.000000000000000E+00   0.000000000000000E+00   0.000000000000000E+00   0.000000000000000E+00   0.000000000000000E+00   0.000000000000000E+00   0.000000000000000E+00   0.000000000000000E+00   0.000000000000000E+00   0.000000000000000E+00   0.000000000000000E+00   0.000000000000000E+00   0.000000000000000E+00   0.000000000000000E+00   0.000000000000000E+00   0.000000000000000E+00   0.000000000000000E+00   0.000000000000000E+00  -1.228368256257731E-04   1.303403972001220E-04  -2.291306468656078E-04   2.389351322975627E-04  -1.077715410568657E-02   6.863904943732575E-03  -1.294036094619125E-02   1.273792014677044E-02   5.315615973406793E-05   1.304230051012748E-05  -1.409560596634007E-05   2.671706650838103E-05   6.269374308236192E-05  -5.796351179392922E-06   1.430919046150186E-05  -9.069369145372516E-06  -6.349462764950209E-02   3.837980597403962E-02  -1.984499620365173E-02   8.899780485993074E-02   1.694395809998558E-02   5.529900862321730E-06   5.665874054190063E-05  -2.330198398564365E-05   1.323562665320940E-04  -4.012240517921236E-06  -2.081795461216059E-05   2.531854161195948E-05  -4.155190331276827E-05  -1.155101515462615E-05  -1.010769241842205E-05   2.295873109309746E-05  -1.651070463047169E-05  -9.391115991660970E-05  -4.438806122139034E-01   1.032371927592780E-01   1.966502038572168E-01   4.178180103600809E-01  -1.723482026373188E-03   1.250160076478065E-03   1.543891182445695E-04   3.023003986769564E-03  -8.406442220861634E-05   0.000000000000000E+00   0.000000000000000E+00   0.000000000000000E+00   0.000000000000000E+00   0.000000000000000E+00   0.000000000000000E+00   0.000000000000000E+00   0.000000000000000E+00   0.000000000000000E+00  -5.676832933836587E-02   7.470042389402441E-03   7.603365243883713E-02   4.669911306255137E-02   1.000000000000000E+00  -3.893173517764061E-04   2.434955265364877E-04   3.286079624268188E-04   6.853553158653784E-04   0.000000000000000E+00   0.000000000000000E+00   0.000000000000000E+00   0.000000000000000E+00   0.000000000000000E+00   0.000000000000000E+00   0.000000000000000E+00   0.000000000000000E+00   0.000000000000000E+00  -1.685110513550341E-03   5.594880050195624E-04   2.265205745286732E-03   2.194026057121994E-03   1.984480921528854E-02  -8.634109985297538E-05   0.000000000000000E+00   0.000000000000000E+00   0.000000000000000E+00   0.000000000000000E+00   0.000000000000000E+00   0.000000000000000E+00   0.000000000000000E+00   0.000000000000000E+00   0.000000000000000E+00   8.511298831776921E-05   0.000000000000000E+00   0.000000000000000E+00   0.000000000000000E+00   0.000000000000000E+00   0.000000000000000E+00   0.000000000000000E+00   0.000000000000000E+00   0.000000000000000E+00   0.000000000000000E+00   0.000000000000000E+00   0.000000000000000E+00   0.000000000000000E+00   0.000000000000000E+00   0.000000000000000E+00   0.000000000000000E+00   0.000000000000000E+00
   0.000000000000000E+00   0.000000000000000E+00   0.000000000000000E+00   0.000000000000000E+00   0.000000000000000E+00   0.000000000000000E+00   0.000000000000000E+00   0.000000000000000E+00   0.000000000000000E+00   0.000000000000000E+00   0.000000000000000E+00   0.000000000000000E+00   0.000000000000000E+00   0.000000000000000E+00   0.000000000000000E+00   0.000000000000000E+00   0.000000000000000E+00   0.000000000000000E+00   0.000000000000000E+00   0.000000000000000E+00   0.000000000000000E+00   0.000000000000000E+00   0.000000000000000E+00   0.000000000000000E+00   0.000000000000000E+00   0.000000000000000E+00   0.000000000000000E+00   0.000000000000000E+00   0.000000000000000E+00   7.501747577962034E-06  -2.509445165966431E-06   2.311881499497181E-06  -2.618112375572300E-06   0.000000000000000E+00   0.000000000000000E+00   0.000000000000000E+00   0.000000000000000E+00   0.000000000000000E+00   0.000000000000000E+00   0.000000000000000E+00   0.000000000000000E+00   0.000000000000000E+00   0.000000000000000E+00   0.000000000000000E+00   1.590492592508193E-05  -4.222772025967107E-06   3.505682950377340E-06  -2.688800328256732E-06   5.493828645339655E-06   1.527149762258919E-05  -1.143011463588750E-05   1.968422168484573E-05   0.000000000000000E+00   0.000000000000000E+00   0.000000000000000E+00   0.000000000000000E+00   0.000000000000000E+00   0.000000000000000E+00   0.000000000000000E+00   0.000000000000000E+00   0.000000000000000E+00  -5.668094094165946E-06   3.443096424284127E-05  -2.186726341736398E-05   1.500011525421877E-05  -2.680698702067720E-05   1.862548281242506E-05  -8.595437159382145E-06   1.952615623158902E-05  -1.611862867914729E-06   0.000000000000000E+00   0.000000000000000E+00   0.000000000000000E+00   0.000000000000000E+00   0.000000000000000E+00   0.000000000000000E+00  -2.896031237424274E-06  -2.503023229159711E-05   6.071032214135230E-06  -2.600682736380314E-06   3.424937426292129E-06  -5.042101297232907E-06  -3.621404936942457E-05   4.254887366665077E-06  -5.015391858695398E-05   0.000000000000000E+00   3.485855845660939E-05  -1.448607985063200E-04   2.157181750702655E-05  -5.006240706003166E-05   2.459166940273603E-04  -3.889995202792837E-04  -1.030743023996241E-04  -4.113041295654841E-04   6.110716333723203E-05   2.709413725545552E-04  -5.559425168585180E-04  -9.280751118646823E-05  -2.687124454954256E-04   3.736492540020736E-05  -1.800524105084690E-04  -3.100586810653900E-04   7.497266072458086E-05  -1.965010702802078E-05   2.354477680930723E-04   2.743312805012080E-05   6.566994361816892E-04   7.023895739498396E-05   1.262836208026178E-03   5.439316742453835E-04   5.090114653299227E-04  -2.188064811646119E-04   1.049794764898310E-03  -1.918234773957728E-04  -1.399398908748271E-05   4.134461240443078E-06  -4.865408943880804E-05  -6.117708927733426E-06   3.201353936330471E-02   7.582962283851717E-03   4.299740499335992E-02   3.004565481331651E-02   1.110012087330236E-05   2.780612427836208E-02  -1.099889932426007E-02   4.262442826437836E-02  -1.533705693566279E-02  -2.538717677422354E-05   2.517029645923202E-06  -8.895148056676032E-06   3.162367986889709E-06   1.357616113731985E-05   1.180437912868335E-06  -7.604265634051370E-06   3.223124188823750E-07  -8.230473882484661E-06   1.441554742031123E-02   8.616509706986795E-03   1.041922341756758E-02   2.156872252592523E-02   2.894510124950440E-01  -2.730041831874931E-02   3.397937452495877E-01   4.498004362834181E-02  -1.346579358270640E-02   6.309301228803145E-05   7.276361021753378E-06   5.384153867586981E-06  -2.257106985490466E-05   5.605571996654341E-06   0.000000000000000E+00   0.000000000000000E+00   0.000000000000000E+00   0.000000000000000E+00   3.818252048357346E-02   2.567320260363195E-02  -6.450454338244155E-03   5.626296324208391E-02  -3.893173517764061E-04   1.000000000000000E+00   0.000000000000000E+00   0.000000000000000E+00   0.000000000000000E+00   0.000000000000000E+00   0.000000000000000E+00   0.000000000000000E+00   0.000000000000000E+00   0.000000000000000E+00   0.000000000000000E+00   0.000000000000000E+00   0.000000000000000E+00   0.000000000000000E+00   3.082487781990570E-01   1.494343213430520E-01  -2.070557408777089E-01   2.530019823541479E-01  -1.598605578683657E-03  -4.583628791910060E-01   0.000000000000000E+00   0.000000000000000E+00   0.000000000000000E+00   0.000000000000000E+00   0.000000000000000E+00   0.000000000000000E+00   0.000000000000000E+00   0.000000000000000E+00   0.000000000000000E+00  -5.685774225565613E-02   0.000000000000000E+00   0.000000000000000E+00   0.000000000000000E+00   0.000000000000000E+00   0.000000000000000E+00   0.000000000000000E+00   0.000000000000000E+00   0.000000000000000E+00   0.000000000000000E+00   0.000000000000000E+00   0.000000000000000E+00   0.000000000000000E+00   0.000000000000000E+00   0.000000000000000E+00   0.000000000000000E+00   0.000000000000000E+00
   0.000000000000000E+00   0.000000000000000E+00   0.000000000000000E+00   0.000000000000000E+00   0.000000000000000E+00   0.000000000000000E+00   0.000000000000000E+00   0.000000000000000E+00   0.000000000000000E+00   0.000000000000000E+00   0.000000000000000E+00   0.000000000000000E+00   0.000000000000000E+00   0.000000000000000E+00   0.000000000000000E+00   0.000000000000000E+00   0.000000000000000E+00   0.000000000000000E+00   0.000000000000000E+00   0.000000000000000E+00   0.000000000000000E+00   0.000000000000000E+00   0.000000000000000E+00   0.000000000000000E+00   0.000000000000000E+00   0.000000000000000E+00   0.000000000000000E+00   0.000000000000000E+00   0.000000000000000E+00   2.509445165966431E-06   6.048937464464213E-06  -4.674361262761806E-06   5.293525240196841E-06   0.000000000000000E+00   0.000000000000000E+00   0.000000000000000E+00   0.000000000000000E+00   0.000000000000000E+00   0.000000000000000E+00   0.000000000000000E+00   0.000000000000000E+00   0.000000000000000E+00   0.000000000000000E+00   0.000000000000000E+00   4.222772025967107E-06   1.944630087825808E-05  -1.475427672010610E-05   1.131628405927064E-05  -1.527149762258919E-05   1.681709546205018E-05  -1.542143758955050E-05   2.655782604827349E-05   0.000000000000000E+00   0.000000000000000E+00   0.000000000000000E+00   0.000000000000000E+00   0.000000000000000E+00   0.000000000000000E+00   0.000000000000000E+00   0.000000000000000E+00   0.000000000000000E+00  -3.443096424284127E-05   2.885504836486985E-05  -2.293084034400652E-05   1.572968878049264E-05  -1.862548281242506E-05  -3.817087936147191E-05   1.391008161185701E-05  -3.159937321521847E-05   1.371000895953849E-06   0.000000000000000E+00   0.000000000000000E+00   0.000000000000000E+00   0.000000000000000E+00   0.000000000000000E+00   0.000000000000000E+00   4.498187526002529E-05  -6.071032214135230E-06  -8.369779320331124E-05   3.373339508996854E-05  -4.442478343988094E-05   3.621404936942457E-05  -7.518679000954133E-05   9.647598294354359E-06  -1.137197809759959E-04   0.000000000000000E+00   1.448607985063200E-04  -3.193817734598935E-04   5.104323396616042E-05  -1.184576661489932E-04   3.889995202792837E-04  -4.453207052133601E-04  -1.430081411844060E-04  -5.706547380023260E-04   2.187663417731517E-05   5.559425168585180E-04  -9.114528277745416E-04  -1.692733093206509E-04  -4.901095215587225E-04  -7.694465411281707E-05  -2.382943155960815E-04  -5.973440530942494E-04   1.965010702802078E-05   3.414605664883187E-05   4.372285920431012E-05   5.094356191964831E-06  -7.023895739498396E-05   2.226468996336252E-04  -1.320231943935090E-04  -5.686532957265068E-05   2.188064811646119E-04   9.079184794456351E-05   4.313610648596593E-04  -7.882033921414971E-05  -4.134461240443078E-06  -8.837900160645932E-06  -3.053050984333344E-06  -3.838870992986567E-07  -7.582962283851717E-03   1.159610440013093E-02  -1.109970946367225E-02  -7.756236431596300E-03   1.538549564586288E-05   1.099889932426007E-02   6.890001662180217E-03   1.831964917430831E-02  -6.591748297127150E-03  -2.517029645923202E-06  -1.283937086399968E-05   2.658936184404725E-05  -9.452945150736818E-06  -1.180437912868335E-06   9.622782719524042E-07  -8.442279815399727E-06   3.578322692987811E-07   1.174425360582545E-06  -8.616509706986795E-03   1.617364185303553E-04  -6.689160973462364E-03  -1.384716030991296E-02   2.730041831874931E-02   1.683322692883844E-01   3.972611681510948E-02   5.258726779139839E-03  -7.958610248073839E-03   8.929527441605772E-06  -5.384153867586981E-06   2.194819769807994E-07  -1.400796362639959E-05   3.478906810313881E-06   0.000000000000000E+00   0.000000000000000E+00   0.000000000000000E+00   0.000000000000000E+00  -2.567320260363195E-02  -2.443754875208001E-03   4.746518034830722E-03  -4.140067593971410E-02   2.434955265364877E-04   0.000000000000000E+00   1.000000000000000E+00   0.000000000000000E+00   0.000000000000000E+00   0.000000000000000E+00   0.000000000000000E+00   0.000000000000000E+00   0.000000000000000E+00   0.000000000000000E+00   0.000000000000000E+00   0.000000000000000E+00   0.000000000000000E+00   0.000000000000000E+00  -1.494343213430520E-01   9.517023983226675E-02   1.256645248095866E-01  -1.535498303676361E-01   1.272420847988676E-03  -1.155884453887662E-01   0.000000000000000E+00   0.000000000000000E+00   0.000000000000000E+00   0.000000000000000E+00   0.000000000000000E+00   0.000000000000000E+00   0.000000000000000E+00   0.000000000000000E+00   0.000000000000000E+00   3.006542302900535E-02   0.000000000000000E+00   0.000000000000000E+00   0.000000000000000E+00   0.000000000000000E+00   0.000000000000000E+00   0.000000000000000E+00   0.000000000000000E+00   0.000000000000000E+00   0.000000000000000E+00   0.000000000000000E+00   0.000000000000000E+00   0.000000000000000E+00   0.000000000000000E+00   0.000000000000000E+00   0.000000000000000E+00   0.000000000000000E+00
   0.000000000000000E+00   0.000000000000000E+00   0.000000000000000E+00   0.000000000000000E+00   0.000000000000000E+00   0.000000000000000E+00   0.000000000000000E+00   0.000000000000000E+00   0.000000000000000E+00   0.000000000000000E+00   0.000000000000000E+00   0.000000000000000E+00   0.000000000000000E+00   0.000000000000000E+00   0.000000000000000E+00   0.000000000000000E+00   0.000000000000000E+00   0.000000000000000E+00   0.000000000000000E+00   0.000000000000000E+00   0.000000000000000E+00   0.000000000000000E+00   0.000000000000000E+00   0.000000000000000E+00   0.000000000000000E+00   0.000000000000000E+00   0.000000000000000E+00   0.000000000000000E+00   0.000000000000000E+00  -2.311881499497181E-06  -4.674361262761806E-06   5.281482977658283E-06  -4.876776442819537E-06   0.000000000000000E+00   0.000000000000000E+00   0.000000000000000E+00   0.000000000000000E+00   0.000000000000000E+00   0.000000000000000E+00   0.000000000000000E+00   0.000000000000000E+00   0.000000000000000E+00   0.000000000000000E+00   0.000000000000000E+00  -3.505682950377340E-06  -1.475427672010610E-05   1.392281256207848E-05  -9.394611843656506E-06   1.143011463588750E-05  -1.542143758955050E-05   7.755227303385457E-06  -1.987748704899175E-05   0.000000000000000E+00   0.000000000000000E+00   0.000000000000000E+00   0.000000000000000E+00   0.000000000000000E+00   0.000000000000000E+00   0.000000000000000E+00   0.000000000000000E+00   0.000000000000000E+00   2.186726341736398E-05  -2.293084034400652E-05   7.312917603787810E-06  -9.989997538558714E-06   8.595437159382145E-06   1.391008161185701E-05  -1.444841091826607E-05   1.458273213546349E-05  -1.075439355700024E-06   0.000000000000000E+00   0.000000000000000E+00   0.000000000000000E+00   0.000000000000000E+00   0.000000000000000E+00   0.000000000000000E+00  -2.861570003016954E-05   2.600682736380314E-06   3.373339508996854E-05  -1.940114309270979E-05   1.903049815656256E-05  -4.254887366665077E-06   9.647598294354359E-06   5.791990428764806E-06   1.336124702539370E-05   0.000000000000000E+00  -2.157181750702655E-05   5.104323396616042E-05   1.578678583191866E-05   1.764001843716795E-05   1.030743023996241E-04  -1.430081411844060E-04   5.649472888698384E-05  -1.512079988900759E-04  -6.763578614725579E-07   9.280751118646823E-05  -1.692733093206509E-04   7.428283067879054E-05  -8.181753243425964E-05   1.308428067010338E-05  -1.806001974160592E-04  -2.301136877017087E-04  -2.354477680930723E-04   4.372285920431012E-05  -4.860926132052397E-04  -6.104062403114837E-05  -1.262836208026178E-03  -1.320231943935090E-04  -2.143673764685911E-03  -1.022389850718562E-03  -1.049794764898310E-03   4.313610648596593E-04  -1.888894518823901E-03   3.781660352751282E-04   4.865408943880804E-05  -3.053050984333344E-06   2.683078086224932E-05   4.517560131167125E-06  -4.299740499335992E-02  -1.109970946367225E-02  -4.938465948707625E-02  -4.397991531407178E-02   1.138996706672967E-04  -4.262442826437836E-02   1.831964917430831E-02  -5.937754879583254E-02   2.554523813196518E-02   8.895148056676032E-06   2.658936184404725E-05  -9.928190808020394E-05   3.340657779841155E-05   7.604265634051370E-06  -8.442279815399727E-06   5.403609360475966E-05  -2.305120496826027E-06  -4.623846039793551E-05  -1.041922341756758E-02  -6.689160973462364E-03  -2.395090231397406E-03  -1.674421104068034E-02  -3.397937452495877E-01   3.972611681510948E-02  -3.229257589000519E-01  -6.545256730740411E-02   1.655136655104225E-02  -2.450388842300380E-05   2.257106985490466E-05  -1.400796362639959E-05   5.560118726329472E-05  -1.458402760497068E-05   0.000000000000000E+00   0.000000000000000E+00   0.000000000000000E+00   0.000000000000000E+00   6.450454338244155E-03   4.746518034830722E-03   1.525510292064557E-02   1.040202010807135E-02   3.286079624268188E-04   0.000000000000000E+00   0.000000000000000E+00   1.000000000000000E+00   0.000000000000000E+00   0.000000000000000E+00   0.000000000000000E+00   0.000000000000000E+00   0.000000000000000E+00   0.000000000000000E+00   0.000000000000000E+00   0.000000000000000E+00   0.000000000000000E+00   0.000000000000000E+00   2.070557408777089E-01   1.256645248095866E-01   1.174327529659212E-02   2.127581776573959E-01  -7.646240202196061E-04  -2.057712465838385E-01   0.000000000000000E+00   0.000000000000000E+00   0.000000000000000E+00   0.000000000000000E+00   0.000000000000000E+00   0.000000000000000E+00   0.000000000000000E+00   0.000000000000000E+00   0.000000000000000E+00  -7.673055797975363E-02   0.000000000000000E+00   0.000000000000000E+00   0.000000000000000E+00   0.000000000000000E+00   0.000000000000000E+00   0.000000000000000E+00   0.000000000000000E+00   0.000000000000000E+00   0.000000000000000E+00   0.000000000000000E+00   0.000000000000000E+00   0.000000000000000E+00   0.000000000000000E+00   0.000000000000000E+00   0.000000000000000E+00   0.000000000000000E+00
   0.000000000000000E+00   0.000000000000000E+00   0.000000000000000E+00   0.000000000000000E+00   0.000000000000000E+00   0.000000000000000E+00   0.000000000000000E+00   0.000000000000000E+00   0.000000000000000E+00   0.000000000000000E+00   0.000000000000000E+00   0.000000000000000E+00   0.000000000000000E+00   0.000000000000000E+00   0.000000000000000E+00   0.000000000000000E+00   0.000000000000000E+00   0.000000000000000E+00   0.000000000000000E+00   0.000000000000000E+00   0.000000000000000E+00   0.000000000000000E+00   0.000000000000000E+00   0.000000000000000E+00   0.000000000000000E+00   0.000000000000000E+00   0.000000000000000E+00   0.000000000000000E+00   0.000000000000000E+00   2.618112375572300E-06   5.293525240196841E-06  -4.876776442819537E-06   6.497877206078422E-06   0.000000000000000E+00   0.000000000000000E+00   0.000000000000000E+00   0.000000000000000E+00   0.000000000000000E+00   0.000000000000000E+00   0.000000000000000E+00   0.000000000000000E+00   0.000000000000000E+00   0.000000000000000E+00   0.000000000000000E+00   2.688800328256732E-06   1.131628405927064E-05  -9.394611843656506E-06   8.879540531608265E-06  -1.968422168484573E-05   2.655782604827349E-05  -1.987748704899175E-05   3.044464156165071E-05   0.000000000000000E+00   0.000000000000000E+00   0.000000000000000E+00   0.000000000000000E+00   0.000000000000000E+00   0.000000000000000E+00   0.000000000000000E+00   0.000000000000000E+00   0.000000000000000E+00  -1.500011525421877E-05   1.572968878049264E-05  -9.989997538558714E-06  -3.978040504489070E-07  -1.952615623158902E-05  -3.159937321521847E-05   1.458273213546349E-05  -4.115650062814471E-05   2.433984161042204E-06   0.000000000000000E+00   0.000000000000000E+00   0.000000000000000E+00   0.000000000000000E+00   0.000000000000000E+00   0.000000000000000E+00   9.519552245949757E-06  -3.424937426292129E-06  -4.442478343988094E-05   1.903049815656256E-05  -3.001255857131631E-05   5.015391858695398E-05  -1.137197809759959E-04   1.336124702539370E-05  -1.505684081262727E-04   0.000000000000000E+00   5.006240706003166E-05  -1.184576661489932E-04   1.764001843716795E-05  -1.754991135489872E-05   4.113041295654841E-04  -5.706547380023260E-04  -1.512079988900759E-04  -5.089871661767597E-04   4.462111785412300E-05   2.687124454954256E-04  -4.901095215587225E-04  -8.181753243425964E-05  -1.343514975710284E-04  -8.154170175984958E-06  -3.316847764319048E-04  -1.668756732381149E-04  -2.743312805012080E-05   5.094356191964831E-06  -6.104062403114837E-05   3.068296842772082E-05  -5.439316742453835E-04  -5.686532957265068E-05  -1.022389850718562E-03  -2.103760436674611E-04   1.918234773957728E-04  -7.882033921414971E-05   3.781660352751282E-04   1.115992224184018E-04   6.117708927733426E-06  -3.838870992986567E-07   4.517560131167125E-06  -8.529305402027056E-06  -3.004565481331651E-02  -7.756236431596300E-03  -4.397991531407178E-02  -1.717857807691206E-02   7.120014117996561E-05   1.533705693566279E-02  -6.591748297127150E-03   2.554523813196518E-02   2.425594689710341E-03  -3.162367986889709E-06  -9.452945150736818E-06   3.340657779841155E-05  -1.719204491809059E-05  -3.223124188823750E-07   3.578322692987811E-07  -2.305120496826027E-06  -2.505434054881307E-07  -1.250181938809692E-05  -2.156872252592523E-02  -1.384716030991296E-02  -1.674421104068034E-02  -2.896845968426027E-02  -4.498004362834181E-02   5.258726779139839E-03  -6.545256730740411E-02   1.628597738353673E-01  -1.536112236203879E-02   1.506453174740654E-05  -5.605571996654341E-06   3.478906810313881E-06  -1.458402760497068E-05   4.999642600740267E-07   0.000000000000000E+00   0.000000000000000E+00   0.000000000000000E+00   0.000000000000000E+00  -5.626296324208391E-02  -4.140067593971410E-02   1.040202010807135E-02  -7.428212958727066E-02   6.853553158653784E-04   0.000000000000000E+00   0.000000000000000E+00   0.000000000000000E+00   1.000000000000000E+00   0.000000000000000E+00   0.000000000000000E+00   0.000000000000000E+00   0.000000000000000E+00   0.000000000000000E+00   0.000000000000000E+00   0.000000000000000E+00   0.000000000000000E+00   0.000000000000000E+00  -2.530019823541479E-01  -1.535498303676361E-01   2.127581776573959E-01  -7.410614718788566E-02   2.653011733140084E-03  -4.204717464227707E-01   0.000000000000000E+00   0.000000000000000E+00   0.000000000000000E+00   0.000000000000000E+00   0.000000000000000E+00   0.000000000000000E+00   0.000000000000000E+00   0.000000000000000E+00   0.000000000000000E+00   3.533806581476933E-02   0.000000000000000E+00   0.000000000000000E+00   0.000000000000000E+00   0.000000000000000E+00   0.000000000000000E+00   0.000000000000000E+00   0.000000000000000E+00   0.000000000000000E+00   0.000000000000000E+00   0.000000000000000E+00   0.000000000000000E+00   0.000000000000000E+00   0.000000000000000E+00   0.000000000000000E+00   0.000000000000000E+00   0.000000000000000E+00
   3.867629406857210E-04  -5.922401406298980E-04  -1.681103459044510E-04  -5.873022585283215E-04   1.412675360857775E-05  -6.515123971729551E-05   5.958514257466253E-06  -8.716893100040652E-05   7.471829837250483E-04  -1.417532076948112E-03  -2.437737955696387E-04  -5.840647854361412E-04   1.796925824251379E-04  -2.203235035562865E-04  -2.160646882906277E-04  -3.214270084718895E-04  -2.440923019681101E-05   2.554940818503849E-06  -1.106629774881397E-06   2.563051690861643E-06   6.185281000135703E-05   8.287532154743498E-05  -2.398813137338802E-04   4.005965845753604E-05  -7.259327511810045E-05   7.855361898081002E-04  -1.450535028314348E-03  -7.138397375550616E-04  -1.805787129850054E-04   1.550800010401989E-04  -1.966200044251907E-04  -2.891630416731516E-04  -1.883451514222917E-04   4.081521591974942E-05  -1.865533473576411E-06   2.132790049371752E-05  -1.594710902684842E-05   2.856273627747270E-05  -2.089612426692114E-05  -1.029725786712675E-05   4.332363453428267E-06  -5.466141539379667E-06   2.033982964716132E-05  -2.035059119539023E-04   2.770058959640831E-04  -4.293895667255945E-04  -4.568332587436078E-04  -1.085383732929739E-04  -2.239194157146682E-05  -1.729429373685213E-06  -5.261348544512359E-06  -2.656382479952209E-06   1.545184134974998E-05   3.528376249166955E-07  -3.361784609223929E-07   3.764225282707455E-07  -1.183833174871221E-05  -6.854605350890889E-06   3.537051073798897E-05  -2.277209433073051E-05   1.487057316292049E-05  -1.666733427407863E-06  -3.956900401691603E-05  -5.855739599858704E-05   4.906086806658877E-06  -1.964961862970213E-05   1.146413215766973E-05   4.646188960748031E-05   1.057015276679876E-05   5.299609417861077E-05   1.499127074024739E-05   1.738467551163338E-06  -1.517787680632374E-06   1.128811564592685E-06   0.000000000000000E+00   4.407416868770695E-07   5.153668553438815E-05  -2.245735339745228E-05   1.695348067590499E-05   4.348927492946411E-05  -5.643610093599913E-07   1.459720397347061E-05   3.858517537676591E-07   3.997508794849655E-06   8.687602398885164E-07   0.000000000000000E+00   1.334963180690729E-05   2.615957552504245E-06   7.933933221240990E-06  -1.194701854105949E-06   0.000000000000000E+00   0.000000000000000E+00   0.000000000000000E+00   0.000000000000000E+00   0.000000000000000E+00   0.000000000000000E+00   0.000000000000000E+00   0.000000000000000E+00   0.000000000000000E+00  -5.895911188354257E-09   0.000000000000000E+00   0.000000000000000E+00   1.024778641951743E-04   1.211851787943714E-04  -1.782684138768701E-04   1.985477500527752E-04  -1.702341010441865E-05  -2.025477414736908E-05   3.007739179946000E-05  -3.392753506168651E-05   4.595476361515378E-04   3.472075001790395E-04  -8.193647184468846E-04   4.404369293451320E-04   7.853391640527764E-04   7.184558537388815E-04  -5.230004749950673E-04   1.362085897724799E-03   1.324363053163702E-05  -3.267844520599829E-06   6.423933602268456E-06  -5.010166633825625E-06  -7.567074893423338E-07  -2.525801338188723E-05  -2.681298079637957E-06   8.036100306503930E-06  -2.737075915000043E-06   2.823209797897367E-02   1.525994131328730E-02  -4.248291907678887E-02   1.401879559374795E-02   3.995239778022887E-02   2.968779734247825E-02  -7.983629760514824E-03   5.701608174865310E-02   3.282246424036546E-06   0.000000000000000E+00   0.000000000000000E+00   0.000000000000000E+00   0.000000000000000E+00   6.689241168973470E-06  -7.913573161328370E-06   2.150975040816045E-05  -1.016967453474631E-05   6.309679506256072E-05  -1.297558048852948E-02   3.072395781718329E-01   1.736853595872163E-01  -2.168593306563580E-01   2.267805973015548E-01   1.878274504572032E-02   1.146140681926664E-02   1.338201393661159E-02   2.733366518844876E-02   0.000000000000000E+00   0.000000000000000E+00   0.000000000000000E+00   0.000000000000000E+00   0.000000000000000E+00   0.000000000000000E+00   0.000000000000000E+00   0.000000000000000E+00   0.000000000000000E+00   1.000000000000000E+00   0.000000000000000E+00   0.000000000000000E+00   0.000000000000000E+00   3.570773157309930E-02   1.020484517648910E-02   4.882570373080555E-02   3.060476302627281E-02  -5.311688318658072E-04   0.000000000000000E+00   0.000000000000000E+00   0.000000000000000E+00   0.000000000000000E+00   0.000000000000000E+00   0.000000000000000E+00  -4.658456987250581E-01   2.876938823691921E-01  -3.041983307224523E-02   3.396789456418713E-01   2.989492103858161E-02   5.827067151516782E-04   9.645810132266246E-05   1.129128906777971E-03   4.856187333391435E-04   0.000000000000000E+00   2.583356404885365E-02  -1.359717617144529E-02   3.957079560652278E-02  -1.220141695109056E-02   6.540609650306909E-05  -1.717764064644313E-05   2.160798689183842E-04   2.678723535907059E-05   1.597841797844394E-05   4.186651506732840E-04  -2.093133456294464E-04   8.786519522909616E-04  -1.340942629470700E-04  -1.135818428647452E-02   5.805354493740334E-05   3.578075021161542E-05
   5.922401406298980E-04  -7.020717953030954E-04  -2.391360247635602E-04  -8.354341708329390E-04   6.515123971729551E-05  -9.771363740498536E-05   1.033508138554866E-05  -1.511950726729597E-04   1.417532076948112E-03  -2.394120732617660E-03  -4.565165653898444E-04  -1.093781426298932E-03   2.203235035562865E-04  -1.532612305147154E-04  -2.216693117497315E-04  -3.297646844073851E-04  -2.554940818503849E-06  -6.168563353704551E-05   2.482510938954750E-05  -5.749713232099170E-05   3.975422780896043E-06   2.398813137338802E-04  -4.625696023796666E-04   8.401548426662950E-05  -1.522469086952621E-04   1.450535028314348E-03  -2.379888114829521E-03  -1.305789599494123E-03  -3.303231704548617E-04   1.966200044251907E-04  -1.389118148028034E-04  -2.994436864026661E-04  -1.950414068534677E-04  -2.331430165589159E-05  -2.132790049371752E-05   1.256385506695229E-05  -1.402493126158296E-05   2.511993943603483E-05   1.029725786712675E-05  -1.092102466404273E-04   4.523061505034313E-05  -5.706745208154897E-05  -1.146088743756860E-04  -4.499095689695167E-04   4.293895667255945E-04  -4.888933655433427E-04  -6.313372171235256E-04  -1.499985240443253E-04   1.729429373685213E-06  -1.425910307960491E-05  -3.499940017954182E-05  -1.767071553218835E-05  -3.528376249166955E-07   1.663623702745165E-05  -1.513991199358358E-05   1.695231733402735E-05   1.442585554115360E-05  -3.537051073798897E-05   2.723279200984895E-05  -2.239691227115732E-05   1.462557276088152E-05   3.956900401691603E-05  -7.104872027646356E-05  -1.177175210084315E-04   9.862671774987923E-06  -1.146413215766973E-05  -9.135183204795980E-06   2.833495281215654E-06   6.446246211568389E-07   1.205635908978496E-05  -1.738467551163338E-06   2.363297697983185E-05  -2.023863522986977E-05   1.505191127228776E-05   0.000000000000000E+00   4.828067523817435E-05  -2.440724844669484E-05  -1.695348067590499E-05  -1.052152998007523E-05  -1.574017374518948E-06   2.042604839180341E-08  -3.858517537676591E-07   6.766972581480532E-07   4.775774971860469E-06   1.037897256299374E-06   0.000000000000000E+00  -2.615957552504245E-06   4.958612634262541E-06   1.645291606982067E-05  -2.477501232483244E-06   0.000000000000000E+00   0.000000000000000E+00   0.000000000000000E+00   0.000000000000000E+00   0.000000000000000E+00   0.000000000000000E+00   0.000000000000000E+00   0.000000000000000E+00   0.000000000000000E+00   3.770954438839508E-09   0.000000000000000E+00   0.000000000000000E+00  -1.211851787943714E-04  -6.132290282896149E-05   1.596380955460986E-04  -1.777980967244152E-04   2.025477414736908E-05  -5.359433424246982E-06  -6.243474151160364E-06   7.042688062268409E-06  -3.472075001790395E-04  -8.390619835956238E-05   5.858193166291821E-04  -3.148981828950285E-04  -7.184558537388815E-04  -3.776644601826455E-04   4.739666390513901E-04  -1.234383726037739E-03   3.267844520599829E-06   7.345564258370844E-06  -1.546343192816351E-05   1.206026953073744E-05  -2.383520211357863E-05   2.681298079637957E-06  -1.562945359103048E-05   3.131764483235243E-05  -1.066671247443015E-05  -1.525994131328730E-02   2.846851744234996E-03   2.495805092507742E-02  -8.235823289463531E-03  -2.968779734247825E-02  -6.880833683761019E-03   6.499820450336593E-03  -4.641927359668299E-02   6.462049386930347E-05   0.000000000000000E+00   0.000000000000000E+00   0.000000000000000E+00   0.000000000000000E+00   7.913573161328370E-06   3.227929877054425E-06  -1.786655899519159E-05   8.447196577790581E-06  -6.957937978877145E-06   4.921539460326641E-03  -1.736853595872163E-01   6.222885231761359E-02   1.533930153339172E-01  -1.604107120225145E-01  -1.146140681926664E-02   3.678798243704571E-05  -8.807963167498919E-03  -1.799085827835901E-02   0.000000000000000E+00   0.000000000000000E+00   0.000000000000000E+00   0.000000000000000E+00   0.000000000000000E+00   0.000000000000000E+00   0.000000000000000E+00   0.000000000000000E+00   0.000000000000000E+00   0.000000000000000E+00   1.000000000000000E+00   0.000000000000000E+00   0.000000000000000E+00  -1.020484517648910E-02   1.209269545289188E-02  -1.524589110944094E-02  -9.556378072937228E-03   3.548933587869987E-04   0.000000000000000E+00   0.000000000000000E+00   0.000000000000000E+00   0.000000000000000E+00   0.000000000000000E+00   0.000000000000000E+00  -2.344569727030040E-01   3.041983307224523E-02   1.662212255609403E-01   4.448006361223644E-02   3.914661201524242E-03  -9.645810132266246E-05   1.897625597606868E-04  -1.808801479216085E-04  -7.779341029408327E-05   0.000000000000000E+00   1.359717617144529E-02   2.956084633375093E-03   2.259659703543790E-02  -6.967524859664611E-03   1.717764064644313E-05   3.135998619824398E-05   3.892594706500031E-05   4.825616152140176E-06   1.594120706555347E-05   2.093133456294464E-04   5.279965127952713E-05   4.116587418742729E-04  -6.282473445079100E-05  -9.985898837118657E-03   5.520826460378867E-06  -2.637758213721429E-05
   1.681103459044510E-04  -2.391360247635602E-04   7.250652043945554E-05  -2.371421958831567E-04  -5.958514257466253E-06   1.033508138554866E-05   1.434639587946818E-05   1.382779514387840E-05   2.437737955696387E-04  -4.565165653898444E-04   1.819921905886094E-04  -1.880982124838530E-04   2.160646882906277E-04  -2.216693117497315E-04  -1.446071139392594E-04  -3.233903900204471E-04   1.106629774881397E-06   2.482510938954750E-05  -1.512303289917415E-05   2.490391876629259E-05  -2.406934568585134E-07  -4.005965845753604E-05   8.401548426662950E-05   2.649326847742638E-05   2.542490312652676E-05   7.138397375550616E-04  -1.305789599494123E-03  -3.691078245671299E-04  -1.625591941615313E-04   2.891630416731516E-04  -2.994436864026661E-04  -3.756840518359111E-04  -2.868414463870984E-04  -3.251023778337381E-05   1.594710902684842E-05  -1.402493126158296E-05   4.293301165349708E-06  -1.878245882909464E-05  -4.332363453428267E-06   4.523061505034313E-05  -2.073498278963780E-05   2.400997886705914E-05   2.109424230062026E-05  -1.675771262105868E-04   4.568332587436078E-04  -6.313372171235256E-04  -5.671709937116973E-04  -1.595854204573434E-04   5.261348544512359E-06  -3.499940017954182E-05  -1.092314038279092E-04  -5.375865291778813E-05   3.361784609223929E-07  -1.513991199358358E-05   1.517115769930425E-05  -1.615191676841959E-05  -1.074335855212277E-05   2.277209433073051E-05  -2.239691227115732E-05   6.864515184541036E-06  -9.416175101877900E-06   5.855739599858704E-05  -1.177175210084315E-04  -1.657112895489089E-04   1.459557527617212E-05  -4.646188960748031E-05   2.833495281215654E-06   1.649275734781213E-06   2.612537745948384E-06   5.509389721135053E-05   1.517787680632374E-06  -2.023863522986977E-05   1.812128715214010E-05  -1.314123204874444E-05   0.000000000000000E+00  -3.001477384728130E-05  -2.797110640885233E-05  -4.348927492946411E-05  -1.574017374518948E-06  -1.394561725999646E-05   5.239714789047341E-08  -3.997508794849655E-06   4.775774971860469E-06   4.969380101830012E-05   1.075284320906676E-05   0.000000000000000E+00  -7.933933221240990E-06   1.645291606982067E-05   4.943381758510563E-05  -7.514009283234503E-06   0.000000000000000E+00   0.000000000000000E+00   0.000000000000000E+00   0.000000000000000E+00   0.000000000000000E+00   0.000000000000000E+00   0.000000000000000E+00   0.000000000000000E+00   0.000000000000000E+00   9.017536867527212E-09   0.000000000000000E+00   0.000000000000000E+00   1.782684138768701E-04   1.596380955460986E-04  -1.876366839174947E-04   2.615483593680184E-04  -3.007739179946000E-05  -6.243474151160364E-06  -2.926586562268351E-07  -1.045806221432200E-05   8.193647184468846E-04   5.858193166291821E-04  -1.218121739219269E-03   7.431189154444330E-04   5.230004749950673E-04   4.739666390513901E-04  -7.159170259277500E-05   8.985705547310526E-04  -6.423933602268456E-06  -1.546343192816351E-05   2.987737912323946E-05  -2.370809571952887E-05   2.710819699096482E-05  -8.036100306503930E-06   3.131764483235243E-05  -9.904201514221386E-05   3.196913168144723E-05   4.248291907678887E-02   2.495805092507742E-02  -5.767014605492154E-02   2.292812319221435E-02   7.983629760514824E-03   6.499820450336593E-03   1.554136526568452E-02   1.248305119685320E-02  -2.401803882339465E-05   0.000000000000000E+00   0.000000000000000E+00   0.000000000000000E+00   0.000000000000000E+00  -2.150975040816045E-05  -1.786655899519159E-05   4.521750404620096E-05  -2.296018326144380E-05   2.856899409522118E-05  -2.252208794172948E-02   2.168593306563580E-01   1.533930153339172E-01  -6.439557976174848E-03   2.002849274227065E-01  -1.338201393661159E-02  -8.807963167498919E-03  -2.703309494322593E-03  -2.100561650144871E-02   0.000000000000000E+00   0.000000000000000E+00   0.000000000000000E+00   0.000000000000000E+00   0.000000000000000E+00   0.000000000000000E+00   0.000000000000000E+00   0.000000000000000E+00   0.000000000000000E+00   0.000000000000000E+00   0.000000000000000E+00   1.000000000000000E+00   0.000000000000000E+00  -4.882570373080555E-02  -1.524589110944094E-02  -5.766572327847209E-02  -4.572307334988190E-02   4.645132800957154E-04   0.000000000000000E+00   0.000000000000000E+00   0.000000000000000E+00   0.000000000000000E+00   0.000000000000000E+00   0.000000000000000E+00  -1.975765051596005E-01  -3.396789456418713E-01   4.448006361223644E-02  -3.264759829004433E-01  -4.371253406686596E-02  -1.129128906777971E-03  -1.808801479216085E-04  -1.912150349105605E-03  -9.106418964857960E-04   0.000000000000000E+00  -3.957079560652278E-02   2.259659703543790E-02  -5.504045745922833E-02   2.027704124950296E-02  -2.160798689183842E-04   3.892594706500031E-05  -4.552002905395259E-04  -6.070207935225354E-05   1.049317447599454E-04  -8.786519522909616E-04   4.116587418742729E-04  -1.577188558916746E-03   2.637245867498237E-04   1.362982959756134E-02  -5.863932166778633E-05   7.515967581520090E-05
   5.873022585283215E-04  -8.354341708329390E-04  -2.371421958831567E-04  -6.880821405412234E-04   8.716893100040652E-05  -1.511950726729597E-04   1.382779514387840E-05  -1.869994447302298E-04   5.840647854361412E-04  -1.093781426298932E-03  -1.880982124838530E-04  -1.901704198798767E-04   3.214270084718895E-04  -3.297646844073851E-04  -3.233903900204471E-04  -4.083119131283110E-04  -2.563051690861643E-06  -5.749713232099170E-05   2.490391876629259E-05  -6.205011478362360E-05   8.204307844620341E-06   7.259327511810045E-05  -1.522469086952621E-04   2.542490312652676E-05  -5.549536375881370E-06   1.805787129850054E-04  -3.303231704548617E-04  -1.625591941615313E-04   2.323772516182023E-04   1.883451514222917E-04  -1.950414068534677E-04  -2.868414463870984E-04  -1.221343481405733E-04  -5.710132848731552E-05  -2.856273627747270E-05   2.511993943603483E-05  -1.878245882909464E-05   2.744781173897596E-05   5.466141539379667E-06  -5.706745208154897E-05   2.400997886705914E-05  -3.199849665380864E-05  -6.217160292924603E-06   6.442259891857377E-05   1.085383732929739E-04  -1.499985240443253E-04  -1.595854204573434E-04   6.660137421929475E-05   2.656382479952209E-06  -1.767071553218835E-05  -5.375865291778813E-05  -2.989664397405757E-05  -3.764225282707455E-07   1.695231733402735E-05  -1.615191676841959E-05   1.883154351763663E-05   2.647417505204263E-05  -1.487057316292049E-05   1.462557276088152E-05  -9.416175101877900E-06  -1.406045320863105E-06  -4.906086806658877E-06   9.862671774987923E-06   1.459557527617212E-05   7.273715756324937E-06  -1.057015276679876E-05   6.446246211568389E-07   2.612537745948384E-06  -9.239971049832389E-06   3.843217328667286E-05  -1.128811564592685E-06   1.505191127228776E-05  -1.314123204874444E-05   1.022514914131478E-05   0.000000000000000E+00   9.495625788198230E-06   1.008464510335804E-05   5.643610093599913E-07   2.042604839180341E-08   5.239714789047341E-08  -9.908608695956156E-06  -8.687602398885164E-07   1.037897256299374E-06   1.075284320906676E-05   2.552590941474492E-06   0.000000000000000E+00   1.194701854105949E-06  -2.477501232483244E-06  -7.514009283234503E-06   6.652655287031898E-07   0.000000000000000E+00   0.000000000000000E+00   0.000000000000000E+00   0.000000000000000E+00   0.000000000000000E+00   0.000000000000000E+00   0.000000000000000E+00   0.000000000000000E+00   0.000000000000000E+00  -2.805219574020127E-09   0.000000000000000E+00   0.000000000000000E+00  -1.985477500527752E-04  -1.777980967244152E-04   2.615483593680184E-04  -2.441038364938205E-04   3.392753506168651E-05   7.042688062268409E-06  -1.045806221432200E-05   2.232851011503806E-06  -4.404369293451320E-04  -3.148981828950285E-04   7.431189154444330E-04  -2.351162150760083E-04  -1.362085897724799E-03  -1.234383726037739E-03   8.985705547310526E-04  -2.066776070291286E-03   5.010166633825625E-06   1.206026953073744E-05  -2.370809571952887E-05   1.796980526940953E-05  -4.336427393521178E-05   2.737075915000043E-06  -1.066671247443015E-05   3.196913168144723E-05  -1.606872130377007E-05  -1.401879559374795E-02  -8.235823289463531E-03   2.292812319221435E-02   4.245854480449143E-03  -5.701608174865310E-02  -4.641927359668299E-02   1.248305119685320E-02  -7.185996357603479E-02   1.332790907936416E-04   0.000000000000000E+00   0.000000000000000E+00   0.000000000000000E+00   0.000000000000000E+00   1.016967453474631E-05   8.447196577790581E-06  -2.296018326144380E-05   7.510139922710291E-06  -3.703842855459626E-06  -1.793168343346683E-03  -2.267805973015548E-01  -1.604107120225145E-01   2.002849274227065E-01  -2.436467533067707E-02  -2.733366518844876E-02  -1.799085827835901E-02  -2.100561650144871E-02  -3.532476833167569E-02   0.000000000000000E+00   0.000000000000000E+00   0.000000000000000E+00   0.000000000000000E+00   0.000000000000000E+00   0.000000000000000E+00   0.000000000000000E+00   0.000000000000000E+00   0.000000000000000E+00   0.000000000000000E+00   0.000000000000000E+00   0.000000000000000E+00   1.000000000000000E+00  -3.060476302627281E-02  -9.556378072937228E-03  -4.572307334988190E-02  -1.338081073995064E-02   8.721632622906045E-04   0.000000000000000E+00   0.000000000000000E+00   0.000000000000000E+00   0.000000000000000E+00   0.000000000000000E+00   0.000000000000000E+00  -3.779330224518215E-01  -2.989492103858161E-02   3.914661201524242E-03  -4.371253406686596E-02   1.663575111812172E-01  -4.856187333391435E-04  -7.779341029408327E-05  -9.106418964857960E-04  -1.864366555030795E-04   0.000000000000000E+00   1.220141695109056E-02  -6.967524859664611E-03   2.027704124950296E-02   4.468343232908904E-03  -2.678723535907059E-05   4.825616152140176E-06  -6.070207935225354E-05   2.692928675048389E-05   6.712233321548237E-05   1.340942629470700E-04  -6.282473445079100E-05   2.637245867498237E-04   1.106174417090779E-04  -1.142886932094254E-02  -9.190335417149085E-06  -2.089183626260205E-05
  -1.239985876032266E-05   2.637748001025506E-05   2.353291285207237E-05   3.331409394819480E-05  -4.419660094821231E-07   1.915332587237341E-05   1.082541340168698E-05   2.991074095409411E-05  -2.553936765548745E-05   2.838907101781690E-05   1.945906395885250E-05   1.987276048747492E-05   6.772604731641854E-06   9.653182410020891E-06   1.580762214603888E-05   1.665031719121186E-05  -2.705558846732645E-06   2.524589807821293E-05   3.760781374392757E-06   3.094739844766608E-05  -4.108835969335702E-06  -2.590632852140942E-05   3.216616432746676E-05   9.691902071611955E-06   1.793720088368703E-05  -2.247464492784647E-05   3.168282138806940E-05   3.110808478213773E-05   1.433513866037311E-05   1.056833695530075E-05   6.232340877942718E-06   1.270173470423059E-05   8.147994018967825E-06   0.000000000000000E+00   1.592003165295988E-05  -8.788011439915192E-07   1.051973610220044E-07  -1.342489189771851E-06  -1.674717666483862E-05   3.940148537221545E-05   2.801581202420519E-06   3.010465239320745E-05   6.032562181161646E-05   5.529504938991127E-05   2.095807938810236E-07   1.843346542978775E-05   2.893924442256773E-05   1.154436967081424E-05   2.313016871595917E-08  -3.743927512710482E-09  -1.291341754521591E-08  -7.029914100259615E-09   8.219077166406115E-06  -2.814844268828198E-06   1.094206966715672E-06  -3.537708899738235E-06   0.000000000000000E+00   9.570510253555059E-07   2.925021874416052E-05  -5.686188159919870E-06   1.854194593582654E-05   1.422694357114685E-05   2.478710463251274E-06   4.814005306031467E-06   7.754971367630304E-07   0.000000000000000E+00   0.000000000000000E+00   0.000000000000000E+00   0.000000000000000E+00   0.000000000000000E+00   1.589317378780140E-05  -1.075039771910785E-06   4.217108847523821E-07  -9.127029550939993E-07   0.000000000000000E+00   1.585237639338875E-06  -8.496675462063426E-06   0.000000000000000E+00   0.000000000000000E+00   0.000000000000000E+00   0.000000000000000E+00   0.000000000000000E+00   0.000000000000000E+00   0.000000000000000E+00   0.000000000000000E+00   0.000000000000000E+00   0.000000000000000E+00   0.000000000000000E+00   0.000000000000000E+00   0.000000000000000E+00   0.000000000000000E+00   0.000000000000000E+00   0.000000000000000E+00   0.000000000000000E+00   0.000000000000000E+00   0.000000000000000E+00   0.000000000000000E+00   0.000000000000000E+00   0.000000000000000E+00   0.000000000000000E+00   0.000000000000000E+00   0.000000000000000E+00  -2.579398628512411E-05  -3.352296195474180E-06   1.160565908879114E-05  -4.040616668330521E-06   6.328512278548785E-06  -7.673757019326434E-06   2.224665703781261E-05  -1.056221178858630E-05  -2.596781719715644E-05  -6.563101361885508E-06   3.705754870617976E-05  -3.100796096239628E-06   4.005722379016790E-04   2.725461491979500E-04  -7.261369867510104E-04   4.110938957853084E-04   0.000000000000000E+00   0.000000000000000E+00   0.000000000000000E+00   0.000000000000000E+00  -1.130797074682296E-05   1.393897516012810E-05  -1.061471702841955E-06   6.387204488126600E-06  -2.685605886620022E-07   6.529513629346611E-05   1.959167942876379E-05  -2.157050539073792E-04  -2.630100827607150E-05   2.576455090591405E-02   1.139957092509761E-02  -3.951142668702268E-02   1.411481293659630E-02  -1.136312722045310E-04   0.000000000000000E+00   0.000000000000000E+00   0.000000000000000E+00   0.000000000000000E+00   0.000000000000000E+00   0.000000000000000E+00   0.000000000000000E+00   0.000000000000000E+00   0.000000000000000E+00   5.381930445774584E-05   9.406133356851577E-03   1.500727104014949E-03  -1.687944020724162E-02  -2.252204740069775E-03   2.888331994710062E-01   1.232440397107436E-01  -2.210930994706509E-01   2.319391868958406E-01   0.000000000000000E+00   0.000000000000000E+00   0.000000000000000E+00   0.000000000000000E+00   0.000000000000000E+00   0.000000000000000E+00   0.000000000000000E+00   0.000000000000000E+00   0.000000000000000E+00   3.570773157309930E-02  -1.020484517648910E-02  -4.882570373080555E-02  -3.060476302627281E-02   1.000000000000000E+00   0.000000000000000E+00   0.000000000000000E+00   0.000000000000000E+00  -7.203716036530969E-02   0.000000000000000E+00   0.000000000000000E+00   0.000000000000000E+00   0.000000000000000E+00   0.000000000000000E+00   0.000000000000000E+00  -1.840133693026978E-03   3.071635068079208E-01  -1.410877303115140E-01  -1.519493028177765E-01  -2.925496416535070E-01   2.830845405165487E-01  -2.983752861240718E-02   3.332645497759844E-01   5.050750993724163E-02   0.000000000000000E+00   4.386617383939127E-02  -3.661179554860523E-02   8.729099718192026E-03  -5.957118319202450E-02   2.940994942949398E-02  -1.498897029732550E-02   4.442124310576684E-02  -1.446330277126363E-02  -5.364220785181340E-02   1.207969307156464E-02  -1.001948516635312E-02   1.298089832470809E-02  -1.405377911946236E-02  -1.942093003884591E-03  -1.424724909169252E-03  -3.414649112606404E-04
  -2.637748001025506E-05   3.533882738789350E-06   1.100455077947626E-05   1.557846412085226E-05  -1.915332587237341E-05   1.133917503233369E-05   9.667749499041859E-06   2.671210235997560E-05  -2.838907101781690E-05  -2.722531800157481E-05  -1.221815547640492E-05  -1.247791147070382E-05  -9.653182410020891E-06   6.593895675875131E-06   1.622448176902681E-05   1.708939935567878E-05  -2.524589807821293E-05   1.808021392495626E-05   3.652294714956140E-06   3.005466378919810E-05   3.190398364436717E-06  -3.216616432746676E-05  -3.825689893906670E-05  -8.747004298527962E-06  -1.618843979993650E-05  -3.168282138806940E-05  -1.211064744689878E-05  -2.163307722789448E-06  -9.968892777690200E-07  -6.232340877942718E-06   7.304129855071559E-06   1.850925471448482E-05   1.187344092920967E-05   0.000000000000000E+00   8.788011439915192E-07   1.472052245985119E-05  -1.633544531515816E-06   2.084668144966285E-05  -3.940148537221545E-05   7.110252418205696E-06   1.182996179506675E-06   1.271199590280348E-05   4.933345509354287E-05   4.980729428936265E-05  -1.843346542978775E-05   1.124004170936203E-05   2.638193768010610E-05   1.052421537910024E-05   3.743927512710482E-09   5.832993036227843E-09   8.897992038978256E-09   4.843963225055398E-09   2.814844268828198E-06   7.081553275456403E-06  -2.340544544344780E-06   7.567275219984863E-06   0.000000000000000E+00  -2.925021874416052E-05   4.005313534281865E-05  -8.822177271151478E-06   2.876801284048145E-05  -2.478710463251274E-06   1.102384474384978E-05   2.140153171187003E-05   3.447612852462842E-06   0.000000000000000E+00   0.000000000000000E+00   0.000000000000000E+00   0.000000000000000E+00   0.000000000000000E+00   1.075039771910785E-06   2.551713517211323E-05  -9.596146773049102E-06   2.076880591408113E-05   0.000000000000000E+00   5.337240825053996E-05   9.999903973920176E-06   0.000000000000000E+00   0.000000000000000E+00   0.000000000000000E+00   0.000000000000000E+00   0.000000000000000E+00   0.000000000000000E+00   0.000000000000000E+00   0.000000000000000E+00   0.000000000000000E+00   0.000000000000000E+00   0.000000000000000E+00   0.000000000000000E+00   0.000000000000000E+00   0.000000000000000E+00   0.000000000000000E+00   0.000000000000000E+00   0.000000000000000E+00   0.000000000000000E+00   0.000000000000000E+00   0.000000000000000E+00   0.000000000000000E+00   0.000000000000000E+00   0.000000000000000E+00   0.000000000000000E+00   0.000000000000000E+00   3.352296195474180E-06  -1.318381602255620E-05   2.565308605168621E-05  -8.931357219916172E-06   7.673757019326434E-06   2.373265425957517E-06  -1.697002781552478E-05   8.056987058375446E-06   6.563101361885508E-06  -1.045357395031978E-05   7.124481881248568E-06  -5.961421188504436E-07  -2.725461491979500E-04  -2.802157063967731E-05   4.607607208134852E-04  -2.608542509197544E-04   0.000000000000000E+00   0.000000000000000E+00   0.000000000000000E+00   0.000000000000000E+00  -9.728307045654273E-06   1.061471702841955E-06   1.311812746195647E-06  -8.822742969363030E-06   3.709668368799393E-07  -1.959167942876379E-05   3.038493547951083E-05   4.437611524876260E-05   5.410798464271311E-06  -1.139957092509761E-02   5.217549645194251E-03   1.896572740818035E-02  -6.775196873892358E-03   1.247652092718734E-04   0.000000000000000E+00   0.000000000000000E+00   0.000000000000000E+00   0.000000000000000E+00   0.000000000000000E+00   0.000000000000000E+00   0.000000000000000E+00   0.000000000000000E+00   0.000000000000000E+00   9.559184485629261E-07  -1.500727104014949E-03   3.341121814205099E-03   2.874799130872375E-03   3.835812177302824E-04  -1.232440397107436E-01   1.058950901288673E-01   1.169017917959383E-01  -1.226366024119900E-01   0.000000000000000E+00   0.000000000000000E+00   0.000000000000000E+00   0.000000000000000E+00   0.000000000000000E+00   0.000000000000000E+00   0.000000000000000E+00   0.000000000000000E+00   0.000000000000000E+00   1.020484517648910E-02   1.209269545289188E-02  -1.524589110944094E-02  -9.556378072937228E-03   0.000000000000000E+00   1.000000000000000E+00   0.000000000000000E+00   0.000000000000000E+00   4.528599922983509E-02   0.000000000000000E+00   0.000000000000000E+00   0.000000000000000E+00   0.000000000000000E+00   0.000000000000000E+00   0.000000000000000E+00  -9.684746343597155E-04   1.410877303115140E-01   1.039409454322832E-01  -8.732569776563018E-02  -1.681291135577939E-01   2.983752861240718E-02   1.628748450717223E-01   4.339833272619469E-02   6.577182370286276E-03   0.000000000000000E+00   3.661179554860523E-02  -1.439461093280837E-02   8.001959251246131E-03  -5.460885954340201E-02   1.498897029732550E-02   4.041452174747040E-03   2.462796090377539E-02  -8.018723256844299E-03   6.274716962208729E-03   1.001948516635312E-02  -4.197186261608357E-03   1.153432628647488E-02  -1.248764683823003E-02  -1.961347830975232E-03  -7.297713820622394E-04  -3.568384447507941E-04
  -2.353291285207237E-05   1.100455077947626E-05   1.016956376187722E-06   1.389847090710041E-05  -1.082541340168698E-05   9.667749499041859E-06  -3.017158391065419E-07   1.509761556827109E-05  -1.945906395885250E-05  -1.221815547640492E-05  -1.777493657983251E-05  -8.552885623800056E-06  -1.580762214603888E-05   1.622448176902681E-05   2.325464082313617E-05   2.798484025712572E-05  -3.760781374392757E-06   3.652294714956140E-06  -5.893351897214008E-06   4.477124142776925E-06   2.295497173765499E-06  -9.691902071611955E-06  -8.747004298527962E-06  -1.186226438806502E-05  -4.877696067081133E-06  -3.110808478213773E-05  -2.163307722789448E-06  -1.203143621138441E-05  -9.788053845141603E-07  -1.270173470423059E-05   1.850925471448482E-05   3.594474829778948E-05   2.419849935405932E-05   0.000000000000000E+00  -1.051973610220044E-07  -1.633544531515816E-06   1.269709220062491E-06  -2.495463154053505E-06  -2.801581202420519E-06   1.182996179506675E-06  -9.443310741341508E-06   9.038666545209590E-07   1.182344030866679E-05   4.085358910300587E-05  -2.893924442256773E-05   2.638193768010610E-05   3.585329393298103E-05   1.652227804758658E-05   1.291341754521591E-08   8.897992038978256E-09   3.394386728646928E-08   1.670762040302574E-08  -1.094206966715672E-06  -2.340544544344780E-06   1.970342869050447E-06  -2.941606879093628E-06   0.000000000000000E+00   5.686188159919870E-06  -8.822177271151478E-06  -3.613853996892781E-06  -5.592448228464117E-06  -4.814005306031467E-06   2.140153171187003E-05   4.156908180368832E-05   6.695750395602351E-06   0.000000000000000E+00   0.000000000000000E+00   0.000000000000000E+00   0.000000000000000E+00   0.000000000000000E+00  -4.217108847523821E-07  -9.596146773049102E-06   4.818635919631048E-06  -8.147076737180007E-06   0.000000000000000E+00  -1.146030693779354E-05   1.584682664497022E-05   0.000000000000000E+00   0.000000000000000E+00   0.000000000000000E+00   0.000000000000000E+00   0.000000000000000E+00   0.000000000000000E+00   0.000000000000000E+00   0.000000000000000E+00   0.000000000000000E+00   0.000000000000000E+00   0.000000000000000E+00   0.000000000000000E+00   0.000000000000000E+00   0.000000000000000E+00   0.000000000000000E+00   0.000000000000000E+00   0.000000000000000E+00   0.000000000000000E+00   0.000000000000000E+00   0.000000000000000E+00   0.000000000000000E+00   0.000000000000000E+00   0.000000000000000E+00   0.000000000000000E+00   0.000000000000000E+00  -1.160565908879114E-05   2.565308605168621E-05  -9.458497648484631E-05   3.092038443216938E-05  -2.224665703781261E-05  -1.697002781552478E-05   4.571670132051451E-05  -2.335766266697694E-05  -3.705754870617976E-05   7.124481881248568E-06  -4.941908593937155E-05   3.366025357066685E-06   7.261369867510104E-04   4.607607208134852E-04  -1.082672718553438E-03   6.949865932851242E-04   0.000000000000000E+00   0.000000000000000E+00   0.000000000000000E+00   0.000000000000000E+00   2.211596309685022E-05  -6.387204488126600E-06  -8.822742969363030E-06   5.293476682002707E-05  -2.232222525689382E-06   2.157050539073792E-04   4.437611524876260E-05  -4.541670802524152E-04  -5.957307430745628E-05   3.951142668702268E-02   1.896572740818035E-02  -5.504665243636581E-02   2.348313777175355E-02  -2.242887121681444E-04   0.000000000000000E+00   0.000000000000000E+00   0.000000000000000E+00   0.000000000000000E+00   0.000000000000000E+00   0.000000000000000E+00   0.000000000000000E+00   0.000000000000000E+00   0.000000000000000E+00  -2.907970612713005E-05   1.687944020724162E-02   2.874799130872375E-03  -2.873761028234777E-02  -4.314332840379442E-03   2.210930994706509E-01   1.169017917959383E-01  -3.865573607724990E-02   2.200033900175146E-01   0.000000000000000E+00   0.000000000000000E+00   0.000000000000000E+00   0.000000000000000E+00   0.000000000000000E+00   0.000000000000000E+00   0.000000000000000E+00   0.000000000000000E+00   0.000000000000000E+00   4.882570373080555E-02  -1.524589110944094E-02  -5.766572327847209E-02  -4.572307334988190E-02   0.000000000000000E+00   0.000000000000000E+00   1.000000000000000E+00   0.000000000000000E+00  -1.993789041361072E-02   0.000000000000000E+00   0.000000000000000E+00   0.000000000000000E+00   0.000000000000000E+00   0.000000000000000E+00   0.000000000000000E+00  -2.558190498983814E-03   1.519493028177765E-01  -8.732569776563018E-02   9.097604099305384E-02  -1.810724542245521E-01  -3.332645497759844E-01   4.339833272619469E-02  -3.179690050678550E-01  -7.346257627102981E-02   0.000000000000000E+00  -8.729099718192026E-03   8.001959251246131E-03   1.725954259824079E-02   1.302001645393921E-02  -4.442124310576684E-02   2.462796090377539E-02  -6.063569586734537E-02   2.376425118766861E-02   7.104471825207673E-02  -1.298089832470809E-02   1.153432628647488E-02  -1.023773171661198E-02   1.617856319267628E-02  -2.041816038545836E-04   2.589679467725877E-03   4.210993912403449E-04
  -3.331409394819480E-05   1.557846412085226E-05   1.389847090710041E-05   1.087435301604665E-05  -2.991074095409411E-05   2.671210235997560E-05   1.509761556827109E-05   3.594897992328734E-05  -1.987276048747492E-05  -1.247791147070382E-05  -8.552885623800056E-06  -1.813481722405062E-05  -1.665031719121186E-05   1.708939935567878E-05   2.798484025712572E-05   2.616284677707404E-05  -3.094739844766608E-05   3.005466378919810E-05   4.477124142776925E-06   3.040474970797248E-05   7.064611757225599E-06  -1.793720088368703E-05  -1.618843979993650E-05  -4.877696067081133E-06  -1.825407988432769E-05  -1.433513866037311E-05  -9.968892777690200E-07  -9.788053845141603E-07  -1.035842188683031E-05  -8.147994018967825E-06   1.187344092920967E-05   2.419849935405932E-05   1.374523771416459E-05   0.000000000000000E+00   1.342489189771851E-06   2.084668144966285E-05  -2.495463154053505E-06   3.292032791251015E-05  -3.010465239320745E-05   1.271199590280348E-05   9.038666545209590E-07   1.851576890963327E-07   1.506523461883750E-05   8.751229578040695E-06  -1.154436967081424E-05   1.052421537910024E-05   1.652227804758658E-05   1.026532113332758E-06   7.029914100259615E-09   4.843963225055398E-09   1.670762040302574E-08   1.234867323907065E-08   3.537708899738235E-06   7.567275219984863E-06  -2.941606879093628E-06   1.057109461019633E-05   0.000000000000000E+00  -1.854194593582654E-05   2.876801284048145E-05  -5.592448228464117E-06   1.290740292266139E-05  -7.754971367630304E-07   3.447612852462842E-06   6.695750395602351E-06   1.082919821397300E-06   0.000000000000000E+00   0.000000000000000E+00   0.000000000000000E+00   0.000000000000000E+00   0.000000000000000E+00   9.127029550939993E-07   2.076880591408113E-05  -8.147076737180007E-06   1.868691444776404E-05   0.000000000000000E+00   2.175571685300826E-05  -1.787134194123880E-08   0.000000000000000E+00   0.000000000000000E+00   0.000000000000000E+00   0.000000000000000E+00   0.000000000000000E+00   0.000000000000000E+00   0.000000000000000E+00   0.000000000000000E+00   0.000000000000000E+00   0.000000000000000E+00   0.000000000000000E+00   0.000000000000000E+00   0.000000000000000E+00   0.000000000000000E+00   0.000000000000000E+00   0.000000000000000E+00   0.000000000000000E+00   0.000000000000000E+00   0.000000000000000E+00   0.000000000000000E+00   0.000000000000000E+00   0.000000000000000E+00   0.000000000000000E+00   0.000000000000000E+00   0.000000000000000E+00   4.040616668330521E-06  -8.931357219916172E-06   3.092038443216938E-05  -1.653913411837904E-05   1.056221178858630E-05   8.056987058375446E-06  -2.335766266697694E-05   7.609319980555495E-06   3.100796096239628E-06  -5.961421188504436E-07   3.366025357066685E-06  -9.473440624759089E-06  -4.110938957853084E-04  -2.608542509197544E-04   6.949865932851242E-04  -2.485394466250538E-04   0.000000000000000E+00   0.000000000000000E+00   0.000000000000000E+00   0.000000000000000E+00  -1.549743189449554E-05   2.685605886620022E-07   3.709668368799393E-07  -2.232222525689382E-06  -6.055681300628573E-08   2.630100827607150E-05   5.410798464271311E-06  -5.957307430745628E-05   2.715168116529672E-05  -1.411481293659630E-02  -6.775196873892358E-03   2.348313777175355E-02   2.300445613745618E-03   2.250111524137491E-04   0.000000000000000E+00   0.000000000000000E+00   0.000000000000000E+00   0.000000000000000E+00   0.000000000000000E+00   0.000000000000000E+00   0.000000000000000E+00   0.000000000000000E+00   0.000000000000000E+00  -9.225033535176002E-06   2.252204740069775E-03   3.835812177302824E-04  -4.314332840379442E-03   3.021059547168264E-03  -2.319391868958406E-01  -1.226366024119900E-01   2.200033900175146E-01  -5.973630412229633E-02   0.000000000000000E+00   0.000000000000000E+00   0.000000000000000E+00   0.000000000000000E+00   0.000000000000000E+00   0.000000000000000E+00   0.000000000000000E+00   0.000000000000000E+00   0.000000000000000E+00   3.060476302627281E-02  -9.556378072937228E-03  -4.572307334988190E-02  -1.338081073995064E-02   0.000000000000000E+00   0.000000000000000E+00   0.000000000000000E+00   1.000000000000000E+00   9.895087528064676E-02   0.000000000000000E+00   0.000000000000000E+00   0.000000000000000E+00   0.000000000000000E+00   0.000000000000000E+00   0.000000000000000E+00  -2.174141625122394E-03   2.925496416535070E-01  -1.681291135577939E-01  -1.810724542245521E-01  -1.635962946025942E-01  -5.050750993724163E-02   6.577182370286276E-03  -7.346257627102981E-02   1.556268110152964E-01   0.000000000000000E+00   5.957118319202450E-02  -5.460885954340201E-02   1.302001645393921E-02  -6.968687529313113E-02   1.446330277126363E-02  -8.018723256844299E-03   2.376425118766861E-02   4.614110944115603E-03   4.646344968161162E-02   1.405377911946236E-02  -1.248764683823003E-02   1.617856319267628E-02  -1.280999098839049E-02  -3.113681502118239E-03  -3.476820706011510E-04  -4.548375238460467E-04
   0.000000000000000E+00   0.000000000000000E+00   0.000000000000000E+00   0.000000000000000E+00   0.000000000000000E+00   0.000000000000000E+00   0.000000000000000E+00   0.000000000000000E+00  -4.737504722724667E-11  -5.504773081091136E-11  -2.650762679254848E-11  -5.334116966845255E-11   0.000000000000000E+00   0.000000000000000E+00   0.000000000000000E+00   0.000000000000000E+00   0.000000000000000E+00   0.000000000000000E+00   0.000000000000000E+00   0.000000000000000E+00   0.000000000000000E+00   0.000000000000000E+00   0.000000000000000E+00   0.000000000000000E+00   0.000000000000000E+00  -6.470064945631428E-06  -9.256700359478032E-06  -6.655877469903885E-06  -7.152251183042438E-06   0.000000000000000E+00   0.000000000000000E+00   0.000000000000000E+00   0.000000000000000E+00   0.000000000000000E+00   0.000000000000000E+00   0.000000000000000E+00   0.000000000000000E+00   0.000000000000000E+00   0.000000000000000E+00   0.000000000000000E+00   0.000000000000000E+00   0.000000000000000E+00   0.000000000000000E+00   0.000000000000000E+00   0.000000000000000E+00   0.000000000000000E+00   0.000000000000000E+00   0.000000000000000E+00   0.000000000000000E+00   0.000000000000000E+00   0.000000000000000E+00   0.000000000000000E+00   0.000000000000000E+00   0.000000000000000E+00   0.000000000000000E+00   0.000000000000000E+00   0.000000000000000E+00   0.000000000000000E+00   0.000000000000000E+00   0.000000000000000E+00   0.000000000000000E+00   0.000000000000000E+00   0.000000000000000E+00   0.000000000000000E+00   0.000000000000000E+00   0.000000000000000E+00   0.000000000000000E+00   0.000000000000000E+00   0.000000000000000E+00   0.000000000000000E+00   0.000000000000000E+00   0.000000000000000E+00   0.000000000000000E+00   0.000000000000000E+00   0.000000000000000E+00   0.000000000000000E+00   0.000000000000000E+00   0.000000000000000E+00   0.000000000000000E+00   0.000000000000000E+00   0.000000000000000E+00   0.000000000000000E+00   0.000000000000000E+00   0.000000000000000E+00   0.000000000000000E+00   0.000000000000000E+00   0.000000000000000E+00   0.000000000000000E+00   0.000000000000000E+00   0.000000000000000E+00   0.000000000000000E+00   0.000000000000000E+00   0.000000000000000E+00   0.000000000000000E+00   0.000000000000000E+00   0.000000000000000E+00   0.000000000000000E+00   0.000000000000000E+00   0.000000000000000E+00   0.000000000000000E+00   0.000000000000000E+00   0.000000000000000E+00  -7.759305897678540E-05  -3.261139883147404E-05   2.824452782333590E-04   1.566149364543333E-05   6.261221727494298E-05   7.874179487460657E-06  -3.855291290486292E-05   5.666572685746835E-06   6.082070506810696E-05   2.493336572883081E-08  -1.521449083854732E-06  -4.423961410527280E-07  -8.239388783525361E-03  -1.912169241583699E-03   1.492249919387404E-02   1.060399125461650E-04  -5.292371029571831E-06   1.930629748550407E-06  -1.046680644896046E-05   1.076762001541122E-06  -9.699101385578549E-05  -1.080050494990789E-05   1.695906503363636E-06  -4.208871741587055E-05  -1.061623059114782E-05   1.536894729095469E-05   1.246033839404937E-05   1.080792305655828E-04   6.512651596741812E-05  -5.065294356362104E-02   6.319266925861599E-03   7.157798892799835E-02   3.707667057670960E-02   1.200279543283035E-02   0.000000000000000E+00   0.000000000000000E+00   0.000000000000000E+00   0.000000000000000E+00   0.000000000000000E+00   0.000000000000000E+00   0.000000000000000E+00   0.000000000000000E+00   0.000000000000000E+00  -8.190385012428261E-05  -1.570363288513310E-03   5.150362587848100E-04   2.200430320277972E-03   1.953145730207347E-03  -4.464563866294662E-01   1.426781178660041E-01   2.452358464429021E-01   3.807235177501406E-01   0.000000000000000E+00   0.000000000000000E+00   0.000000000000000E+00   0.000000000000000E+00   0.000000000000000E+00   0.000000000000000E+00   0.000000000000000E+00   0.000000000000000E+00   0.000000000000000E+00  -5.311688318658072E-04   3.548933587869987E-04   4.645132800957154E-04   8.721632622906045E-04  -7.203716036530969E-02   4.528599922983509E-02  -1.993789041361072E-02   9.895087528064676E-02   1.000000000000000E+00   0.000000000000000E+00   0.000000000000000E+00   0.000000000000000E+00   0.000000000000000E+00   0.000000000000000E+00   0.000000000000000E+00  -7.228175074083850E-05  -2.146034945842324E-03   1.717608198961326E-03   2.758082145827602E-04   3.677175715829569E-03  -1.722558974132915E-02   1.119418487264598E-02  -2.079967465059813E-02   1.872322269689040E-02   0.000000000000000E+00  -3.454906697172607E-05   1.012112324627061E-04  -3.247152014498504E-05   1.877350619617481E-04  -2.147643445058139E-04   2.007976743123347E-04  -3.296356821813735E-04   3.221059643859107E-04   2.527103565939484E-02   3.741670691945844E-05   3.560093771144069E-05  -3.421770341703966E-05   6.082603682773011E-05  -9.110799993383156E-05  -4.845748668127627E-05  -5.146550323835447E-05
   0.000000000000000E+00   0.000000000000000E+00   0.000000000000000E+00   0.000000000000000E+00   0.000000000000000E+00   0.000000000000000E+00   0.000000000000000E+00   0.000000000000000E+00   0.000000000000000E+00   0.000000000000000E+00   0.000000000000000E+00   0.000000000000000E+00   0.000000000000000E+00   0.000000000000000E+00   0.000000000000000E+00   0.000000000000000E+00   0.000000000000000E+00   0.000000000000000E+00   0.000000000000000E+00   0.000000000000000E+00   0.000000000000000E+00   0.000000000000000E+00   0.000000000000000E+00   0.000000000000000E+00   0.000000000000000E+00   0.000000000000000E+00   0.000000000000000E+00   0.000000000000000E+00   0.000000000000000E+00   0.000000000000000E+00   0.000000000000000E+00   0.000000000000000E+00   0.000000000000000E+00   0.000000000000000E+00   0.000000000000000E+00   0.000000000000000E+00   0.000000000000000E+00   0.000000000000000E+00   0.000000000000000E+00   0.000000000000000E+00   0.000000000000000E+00   0.000000000000000E+00   0.000000000000000E+00   0.000000000000000E+00   0.000000000000000E+00   0.000000000000000E+00   0.000000000000000E+00   0.000000000000000E+00   0.000000000000000E+00   0.000000000000000E+00   0.000000000000000E+00   0.000000000000000E+00   0.000000000000000E+00   0.000000000000000E+00   0.000000000000000E+00   0.000000000000000E+00   0.000000000000000E+00   0.000000000000000E+00   0.000000000000000E+00   0.000000000000000E+00   0.000000000000000E+00   3.998578793861575E-06  -1.782868400956604E-06   1.279343904338738E-06  -1.023070784626259E-06   1.128564050090145E-05   8.865483317643518E-06  -5.285328642393646E-06   1.012720003714749E-05   0.000000000000000E+00   0.000000000000000E+00   0.000000000000000E+00   0.000000000000000E+00   0.000000000000000E+00   0.000000000000000E+00   0.000000000000000E+00   0.000000000000000E+00   5.114793584251130E-06   2.098288675460026E-05  -1.148758404816875E-05   1.478465506282175E-05  -6.435126961958763E-06   2.477474197352294E-05  -8.414811509916300E-06   3.564867959909011E-05   0.000000000000000E+00  -2.105538106210397E-05   4.138932553597119E-05  -1.244088452160953E-05   2.114353989747633E-05  -2.613144674685867E-05   1.013735298953721E-05  -2.656719645760511E-07   1.185551324461486E-05  -1.160383818300266E-05  -2.280253448944720E-05  -3.585375419018378E-06   1.845841753202750E-07  -2.343172699144165E-06   4.203447490549820E-05   5.643714779329045E-05   1.490571704712869E-05  -2.681147455309102E-05   5.047025388722718E-06  -2.729560034763767E-05   2.626217222951746E-06   8.519192314734152E-05  -2.360413519351813E-05   2.556668752432281E-04   2.970591209722922E-05  -2.347040656430631E-05  -3.023261225969922E-07   1.005151513294393E-06  -3.715960469498797E-07   1.222371064808409E-05   1.921722184507944E-06  -1.169201538327983E-05   4.943312418524870E-07   1.122042859978586E-02  -1.616046857631574E-03   1.987940896370210E-02   2.937093352337126E-03   5.206248035152911E-05   5.483442878673625E-04  -3.620330681723563E-04   9.575257819811813E-04  -5.582603815553020E-04   5.403537652730838E-06   8.254204789284107E-06  -2.367785298838931E-05   1.148686009201089E-05   0.000000000000000E+00   0.000000000000000E+00   0.000000000000000E+00   0.000000000000000E+00   0.000000000000000E+00   3.928501702076392E-02   9.428490417846293E-03   5.169425841746235E-02   3.618110235464534E-02   3.228951648015179E-02  -1.507332887524263E-02   4.825204090930287E-02  -1.725475755713970E-02  -1.704240095562197E-04  -1.140888321448317E-05   0.000000000000000E+00   0.000000000000000E+00   0.000000000000000E+00   0.000000000000000E+00   0.000000000000000E+00   0.000000000000000E+00   0.000000000000000E+00   0.000000000000000E+00   3.204437130076161E-01   1.100582799947073E-01   1.496037703707113E-01   3.190812010162688E-01  -1.685110513550341E-03   3.082487781990570E-01  -1.494343213430520E-01   2.070557408777089E-01  -2.530019823541479E-01   0.000000000000000E+00   0.000000000000000E+00   0.000000000000000E+00   0.000000000000000E+00   0.000000000000000E+00   0.000000000000000E+00   0.000000000000000E+00   0.000000000000000E+00   0.000000000000000E+00   1.000000000000000E+00   0.000000000000000E+00   0.000000000000000E+00   0.000000000000000E+00  -5.808605153899384E-02  -6.274496629482898E-02   0.000000000000000E+00   0.000000000000000E+00   0.000000000000000E+00   0.000000000000000E+00   0.000000000000000E+00   0.000000000000000E+00   0.000000000000000E+00   0.000000000000000E+00   0.000000000000000E+00  -4.604927776325169E-01   0.000000000000000E+00   0.000000000000000E+00   0.000000000000000E+00   0.000000000000000E+00   0.000000000000000E+00   0.000000000000000E+00   0.000000000000000E+00   0.000000000000000E+00   0.000000000000000E+00   0.000000000000000E+00   0.000000000000000E+00   0.000000000000000E+00   0.000000000000000E+00   0.000000000000000E+00   0.000000000000000E+00   0.000000000000000E+00
   0.000000000000000E+00   0.000000000000000E+00   0.000000000000000E+00   0.000000000000000E+00   0.000000000000000E+00   0.000000000000000E+00   0.000000000000000E+00   0.000000000000000E+00   0.000000000000000E+00   0.000000000000000E+00   0.000000000000000E+00   0.000000000000000E+00   0.000000000000000E+00   0.000000000000000E+00   0.000000000000000E+00   0.000000000000000E+00   0.000000000000000E+00   0.000000000000000E+00   0.000000000000000E+00   0.000000000000000E+00   0.000000000000000E+00   0.000000000000000E+00   0.000000000000000E+00   0.000000000000000E+00   0.000000000000000E+00   0.000000000000000E+00   0.000000000000000E+00   0.000000000000000E+00   0.000000000000000E+00   0.000000000000000E+00   0.000000000000000E+00   0.000000000000000E+00   0.000000000000000E+00   0.000000000000000E+00   0.000000000000000E+00   0.000000000000000E+00   0.000000000000000E+00   0.000000000000000E+00   0.000000000000000E+00   0.000000000000000E+00   0.000000000000000E+00   0.000000000000000E+00   0.000000000000000E+00   0.000000000000000E+00   0.000000000000000E+00   0.000000000000000E+00   0.000000000000000E+00   0.000000000000000E+00   0.000000000000000E+00   0.000000000000000E+00   0.000000000000000E+00   0.000000000000000E+00   0.000000000000000E+00   0.000000000000000E+00   0.000000000000000E+00   0.000000000000000E+00   0.000000000000000E+00   0.000000000000000E+00   0.000000000000000E+00   0.000000000000000E+00   0.000000000000000E+00   1.782868400956604E-06   4.712864370751739E-06  -2.996908666416365E-06   2.396579754986673E-06  -8.865483317643518E-06   2.152499334052726E-05  -1.370241720980385E-05   2.625515449750545E-05   0.000000000000000E+00   0.000000000000000E+00   0.000000000000000E+00   0.000000000000000E+00   0.000000000000000E+00   0.000000000000000E+00   0.000000000000000E+00   0.000000000000000E+00  -2.098288675460026E-05   3.306481184885793E-05  -2.025031716023661E-05   2.606239509294952E-05  -2.477474197352294E-05   1.017590648212038E-05  -5.986272267384476E-06   2.536036627813075E-05   0.000000000000000E+00  -4.138932553597119E-05  -6.407151673455674E-06  -1.052029807128429E-06   1.787946360382784E-06  -1.013735298953721E-05  -4.870725318042962E-05   1.113763361234891E-06  -4.970127842265111E-05   1.360944065451857E-05   3.585375419018378E-06  -1.020945927641389E-04   5.098520490456461E-06  -6.472230893323199E-05   6.992364769392023E-05  -1.137428687498484E-05  -1.143323352521610E-04  -5.047025388722718E-06  -1.029179872450324E-05   1.255578007914822E-05  -1.208041056855057E-06   2.360413519351813E-05   3.655181331094947E-05   5.163447251392664E-05   5.999404890548607E-06   3.023261225969922E-07  -1.356668676413901E-05   3.320318504239851E-05  -1.227493780262260E-05  -1.921722184507944E-06   5.328554600752477E-07  -9.470764642847650E-06   4.004181224296508E-07   1.616046857631574E-03   4.097551711542124E-03   3.063978116304585E-03   4.526889996345609E-04  -4.608657341169254E-07   3.620330681723563E-04  -3.630385534244453E-05   6.084956283003934E-04  -3.547674726072150E-04  -8.254204789284107E-06   2.126700681104192E-06  -1.705807979089868E-05   8.275403014474946E-06   0.000000000000000E+00   0.000000000000000E+00   0.000000000000000E+00   0.000000000000000E+00   0.000000000000000E+00  -9.428490417846293E-03   1.449316240236632E-02  -1.358742496096474E-02  -9.509915187847301E-03   1.507332887524263E-02   6.011580257535118E-03   2.455336784891688E-02  -8.780196681020567E-03  -1.560081255055880E-04   9.498472683570439E-06   0.000000000000000E+00   0.000000000000000E+00   0.000000000000000E+00   0.000000000000000E+00   0.000000000000000E+00   0.000000000000000E+00   0.000000000000000E+00   0.000000000000000E+00  -1.100582799947073E-01   1.477535266150342E-01  -6.475370377397169E-02  -1.381094174247872E-01   5.594880050195624E-04   1.494343213430520E-01   9.517023983226675E-02   1.256645248095866E-01  -1.535498303676361E-01   0.000000000000000E+00   0.000000000000000E+00   0.000000000000000E+00   0.000000000000000E+00   0.000000000000000E+00   0.000000000000000E+00   0.000000000000000E+00   0.000000000000000E+00   0.000000000000000E+00   0.000000000000000E+00   1.000000000000000E+00   0.000000000000000E+00   0.000000000000000E+00   3.568449085782385E-02  -3.870871626380740E-02   0.000000000000000E+00   0.000000000000000E+00   0.000000000000000E+00   0.000000000000000E+00   0.000000000000000E+00   0.000000000000000E+00   0.000000000000000E+00   0.000000000000000E+00   0.000000000000000E+00   6.437242926043701E-02   0.000000000000000E+00   0.000000000000000E+00   0.000000000000000E+00   0.000000000000000E+00   0.000000000000000E+00   0.000000000000000E+00   0.000000000000000E+00   0.000000000000000E+00   0.000000000000000E+00   0.000000000000000E+00   0.000000000000000E+00   0.000000000000000E+00   0.000000000000000E+00   0.000000000000000E+00   0.000000000000000E+00   0.000000000000000E+00
   0.000000000000000E+00   0.000000000000000E+00   0.000000000000000E+00   0.000000000000000E+00   0.000000000000000E+00   0.000000000000000E+00   0.000000000000000E+00   0.000000000000000E+00   0.000000000000000E+00   0.000000000000000E+00   0.000000000000000E+00   0.000000000000000E+00   0.000000000000000E+00   0.000000000000000E+00   0.000000000000000E+00   0.000000000000000E+00   0.000000000000000E+00   0.000000000000000E+00   0.000000000000000E+00   0.000000000000000E+00   0.000000000000000E+00   0.000000000000000E+00   0.000000000000000E+00   0.000000000000000E+00   0.000000000000000E+00   0.000000000000000E+00   0.000000000000000E+00   0.000000000000000E+00   0.000000000000000E+00   0.000000000000000E+00   0.000000000000000E+00   0.000000000000000E+00   0.000000000000000E+00   0.000000000000000E+00   0.000000000000000E+00   0.000000000000000E+00   0.000000000000000E+00   0.000000000000000E+00   0.000000000000000E+00   0.000000000000000E+00   0.000000000000000E+00   0.000000000000000E+00   0.000000000000000E+00   0.000000000000000E+00   0.000000000000000E+00   0.000000000000000E+00   0.000000000000000E+00   0.000000000000000E+00   0.000000000000000E+00   0.000000000000000E+00   0.000000000000000E+00   0.000000000000000E+00   0.000000000000000E+00   0.000000000000000E+00   0.000000000000000E+00   0.000000000000000E+00   0.000000000000000E+00   0.000000000000000E+00   0.000000000000000E+00   0.000000000000000E+00   0.000000000000000E+00  -1.279343904338738E-06  -2.996908666416365E-06   2.686941921020437E-06  -1.719728556049749E-06   5.285328642393646E-06  -1.370241720980385E-05   6.709847776894714E-06  -1.565251606756401E-05   0.000000000000000E+00   0.000000000000000E+00   0.000000000000000E+00   0.000000000000000E+00   0.000000000000000E+00   0.000000000000000E+00   0.000000000000000E+00   0.000000000000000E+00   1.148758404816875E-05  -2.025031716023661E-05   7.162693044645293E-06  -1.426848257955734E-05   8.414811509916300E-06  -5.986272267384476E-06  -5.415518025021743E-06  -8.613720469055694E-06   0.000000000000000E+00   1.244088452160953E-05  -1.052029807128429E-06  -9.590907049796524E-06  -5.374244183085920E-07   2.656719645760511E-07   1.113763361234891E-06  -6.238121180344735E-06   1.302532948602574E-06  -4.101181701826910E-06  -1.845841753202750E-07   5.098520490456461E-06  -3.323073017814535E-06   3.332067809662042E-06  -2.135684230354029E-05  -3.469068488707261E-06  -1.540206600498218E-05   2.729560034763767E-05   1.255578007914822E-05  -7.587506382769011E-05   6.533394098855221E-06  -2.556668752432281E-04   5.163447251392664E-05  -5.179570086504530E-04  -6.498221981488691E-05  -1.005151513294393E-06   3.320318504239851E-05  -1.139714352398973E-04   4.081080457724036E-05   1.169201538327983E-05  -9.470764642847650E-06   5.659762400071590E-05  -2.436197534135377E-06  -1.987940896370210E-02   3.063978116304585E-03  -3.334415445625325E-02  -5.568644074029851E-03   3.509150929109462E-05  -9.575257819811813E-04   6.084956283003934E-04  -1.415620448819856E-03   9.383093189376483E-04   2.367785298838931E-05  -1.705807979089868E-05   4.511265761868389E-05  -2.373866180916574E-05   0.000000000000000E+00   0.000000000000000E+00   0.000000000000000E+00   0.000000000000000E+00   0.000000000000000E+00  -5.169425841746235E-02  -1.358742496096474E-02  -5.752537997053591E-02  -5.214069182466476E-02  -4.825204090930287E-02   2.455336784891688E-02  -6.491735911531145E-02   2.810675816542284E-02   2.818265858779764E-04  -2.251482072635683E-05   0.000000000000000E+00   0.000000000000000E+00   0.000000000000000E+00   0.000000000000000E+00   0.000000000000000E+00   0.000000000000000E+00   0.000000000000000E+00   0.000000000000000E+00  -1.496037703707113E-01  -6.475370377397169E-02   1.073699480236178E-01  -1.877340766314375E-01   2.265205745286732E-03  -2.070557408777089E-01   1.256645248095866E-01   1.174327529659212E-02   2.127581776573959E-01   0.000000000000000E+00   0.000000000000000E+00   0.000000000000000E+00   0.000000000000000E+00   0.000000000000000E+00   0.000000000000000E+00   0.000000000000000E+00   0.000000000000000E+00   0.000000000000000E+00   0.000000000000000E+00   0.000000000000000E+00   1.000000000000000E+00   0.000000000000000E+00  -1.997026762503402E-03   1.640308352609529E-02   0.000000000000000E+00   0.000000000000000E+00   0.000000000000000E+00   0.000000000000000E+00   0.000000000000000E+00   0.000000000000000E+00   0.000000000000000E+00   0.000000000000000E+00   0.000000000000000E+00  -4.751000213712452E-01   0.000000000000000E+00   0.000000000000000E+00   0.000000000000000E+00   0.000000000000000E+00   0.000000000000000E+00   0.000000000000000E+00   0.000000000000000E+00   0.000000000000000E+00   0.000000000000000E+00   0.000000000000000E+00   0.000000000000000E+00   0.000000000000000E+00   0.000000000000000E+00   0.000000000000000E+00   0.000000000000000E+00   0.000000000000000E+00
   0.000000000000000E+00   0.000000000000000E+00   0.000000000000000E+00   0.000000000000000E+00   0.000000000000000E+00   0.000000000000000E+00   0.000000000000000E+00   0.000000000000000E+00   0.000000000000000E+00   0.000000000000000E+00   0.000000000000000E+00   0.000000000000000E+00   0.000000000000000E+00   0.000000000000000E+00   0.000000000000000E+00   0.000000000000000E+00   0.000000000000000E+00   0.000000000000000E+00   0.000000000000000E+00   0.000000000000000E+00   0.000000000000000E+00   0.000000000000000E+00   0.000000000000000E+00   0.000000000000000E+00   0.000000000000000E+00   0.000000000000000E+00   0.000000000000000E+00   0.000000000000000E+00   0.000000000000000E+00   0.000000000000000E+00   0.000000000000000E+00   0.000000000000000E+00   0.000000000000000E+00   0.000000000000000E+00   0.000000000000000E+00   0.000000000000000E+00   0.000000000000000E+00   0.000000000000000E+00   0.000000000000000E+00   0.000000000000000E+00   0.000000000000000E+00   0.000000000000000E+00   0.000000000000000E+00   0.000000000000000E+00   0.000000000000000E+00   0.000000000000000E+00   0.000000000000000E+00   0.000000000000000E+00   0.000000000000000E+00   0.000000000000000E+00   0.000000000000000E+00   0.000000000000000E+00   0.000000000000000E+00   0.000000000000000E+00   0.000000000000000E+00   0.000000000000000E+00   0.000000000000000E+00   0.000000000000000E+00   0.000000000000000E+00   0.000000000000000E+00   0.000000000000000E+00   1.023070784626259E-06   2.396579754986673E-06  -1.719728556049749E-06   1.911670957025303E-06  -1.012720003714749E-05   2.625515449750545E-05  -1.565251606756401E-05   2.853262004114518E-05   0.000000000000000E+00   0.000000000000000E+00   0.000000000000000E+00   0.000000000000000E+00   0.000000000000000E+00   0.000000000000000E+00   0.000000000000000E+00   0.000000000000000E+00  -1.478465506282175E-05   2.606239509294952E-05  -1.426848257955734E-05   1.443987577768692E-05  -3.564867959909011E-05   2.536036627813075E-05  -8.613720469055694E-06   2.904256917120099E-05   0.000000000000000E+00  -2.114353989747633E-05   1.787946360382784E-06  -5.374244183085920E-07  -8.993764343519635E-06  -1.185551324461486E-05  -4.970127842265111E-05   1.302532948602574E-06  -6.433398402754204E-05   2.681710595791342E-05   2.343172699144165E-06  -6.472230893323199E-05   3.332067809662042E-06  -4.535896145459715E-05   1.977008617448814E-05  -1.655575805802642E-05  -5.480591675579276E-05  -2.626217222951746E-06  -1.208041056855057E-06   6.533394098855221E-06  -8.598806881884380E-06  -2.970591209722922E-05   5.999404890548607E-06  -6.498221981488691E-05   3.376862507366940E-05   3.715960469498797E-07  -1.227493780262260E-05   4.081080457724036E-05  -1.866735407070672E-05  -4.943312418524870E-07   4.004181224296508E-07  -2.436197534135377E-06  -9.207767332480417E-07  -2.937093352337126E-03   4.526889996345609E-04  -5.568644074029851E-03   3.523888012310348E-03   1.072414261675630E-05   5.582603815553020E-04  -3.547674726072150E-04   9.383093189376483E-04  -3.532931049644826E-04  -1.148686009201089E-05   8.275403014474946E-06  -2.373866180916574E-05   7.696538585414691E-06   0.000000000000000E+00   0.000000000000000E+00   0.000000000000000E+00   0.000000000000000E+00   0.000000000000000E+00  -3.618110235464534E-02  -9.509915187847301E-03  -5.214069182466476E-02  -1.952219743706541E-02   1.725475755713970E-02  -8.780196681020567E-03   2.810675816542284E-02   3.630866258392200E-03  -2.865585222871556E-04   1.604009569067738E-05   0.000000000000000E+00   0.000000000000000E+00   0.000000000000000E+00   0.000000000000000E+00   0.000000000000000E+00   0.000000000000000E+00   0.000000000000000E+00   0.000000000000000E+00  -3.190812010162688E-01  -1.381094174247872E-01  -1.877340766314375E-01  -2.050165489774016E-01   2.194026057121994E-03   2.530019823541479E-01  -1.535498303676361E-01   2.127581776573959E-01  -7.410614718788566E-02   0.000000000000000E+00   0.000000000000000E+00   0.000000000000000E+00   0.000000000000000E+00   0.000000000000000E+00   0.000000000000000E+00   0.000000000000000E+00   0.000000000000000E+00   0.000000000000000E+00   0.000000000000000E+00   0.000000000000000E+00   0.000000000000000E+00   1.000000000000000E+00   8.411611786294405E-02  -8.840590866976543E-02   0.000000000000000E+00   0.000000000000000E+00   0.000000000000000E+00   0.000000000000000E+00   0.000000000000000E+00   0.000000000000000E+00   0.000000000000000E+00   0.000000000000000E+00   0.000000000000000E+00  -6.227487066581750E-02   0.000000000000000E+00   0.000000000000000E+00   0.000000000000000E+00   0.000000000000000E+00   0.000000000000000E+00   0.000000000000000E+00   0.000000000000000E+00   0.000000000000000E+00   0.000000000000000E+00   0.000000000000000E+00   0.000000000000000E+00   0.000000000000000E+00   0.000000000000000E+00   0.000000000000000E+00   0.000000000000000E+00   0.000000000000000E+00
   0.000000000000000E+00   0.000000000000000E+00   0.000000000000000E+00   0.000000000000000E+00   0.000000000000000E+00   0.000000000000000E+00   0.000000000000000E+00   0.000000000000000E+00   0.000000000000000E+00   0.000000000000000E+00   0.000000000000000E+00   0.000000000000000E+00   0.000000000000000E+00   0.000000000000000E+00   0.000000000000000E+00   0.000000000000000E+00   0.000000000000000E+00   0.000000000000000E+00   0.000000000000000E+00   0.000000000000000E+00   0.000000000000000E+00   0.000000000000000E+00   0.000000000000000E+00   0.000000000000000E+00   0.000000000000000E+00   0.000000000000000E+00   0.000000000000000E+00   0.000000000000000E+00   0.000000000000000E+00   0.000000000000000E+00   0.000000000000000E+00   0.000000000000000E+00   0.000000000000000E+00   0.000000000000000E+00   0.000000000000000E+00   0.000000000000000E+00   0.000000000000000E+00   0.000000000000000E+00   0.000000000000000E+00   0.000000000000000E+00   0.000000000000000E+00   0.000000000000000E+00   0.000000000000000E+00   0.000000000000000E+00   0.000000000000000E+00   0.000000000000000E+00   0.000000000000000E+00   0.000000000000000E+00   0.000000000000000E+00   0.000000000000000E+00   0.000000000000000E+00   0.000000000000000E+00   0.000000000000000E+00   0.000000000000000E+00   0.000000000000000E+00   0.000000000000000E+00   0.000000000000000E+00   0.000000000000000E+00   0.000000000000000E+00   0.000000000000000E+00   0.000000000000000E+00   0.000000000000000E+00   0.000000000000000E+00   0.000000000000000E+00   0.000000000000000E+00   0.000000000000000E+00   0.000000000000000E+00   0.000000000000000E+00   0.000000000000000E+00   0.000000000000000E+00   0.000000000000000E+00   0.000000000000000E+00   0.000000000000000E+00   0.000000000000000E+00   0.000000000000000E+00   0.000000000000000E+00   0.000000000000000E+00   0.000000000000000E+00   0.000000000000000E+00   0.000000000000000E+00   0.000000000000000E+00   0.000000000000000E+00   0.000000000000000E+00   0.000000000000000E+00   0.000000000000000E+00   0.000000000000000E+00   0.000000000000000E+00   0.000000000000000E+00   0.000000000000000E+00   0.000000000000000E+00   0.000000000000000E+00   0.000000000000000E+00   0.000000000000000E+00   0.000000000000000E+00   0.000000000000000E+00  -3.273982667186662E-09  -4.103344369468732E-09   2.143477463314599E-10  -3.859274543545581E-09   0.000000000000000E+00   0.000000000000000E+00   0.000000000000000E+00   1.962746845485494E-05  -2.153374899691030E-05   6.208121118079711E-05  -2.986749052011576E-05   3.198329948303114E-05   2.389773274683548E-05  -8.328830092987953E-05   2.883346199241859E-05   9.264537622607862E-07  -2.048107418808989E-05   4.243081162182094E-05  -3.403046627147629E-05   0.000000000000000E+00   0.000000000000000E+00   0.000000000000000E+00   0.000000000000000E+00  -1.438468651683019E-03   8.525598235445734E-04  -2.284451932117413E-03   1.247118498436273E-03  -7.844860472227008E-05   6.015312507070688E-05  -2.024105165271858E-05   3.174815478835482E-05  -3.807224930241534E-05   0.000000000000000E+00   0.000000000000000E+00   0.000000000000000E+00   0.000000000000000E+00   0.000000000000000E+00   0.000000000000000E+00   0.000000000000000E+00   0.000000000000000E+00   0.000000000000000E+00  -5.975822481910784E-02   2.128222611540091E-02  -8.714229223490660E-02   2.719671016335522E-02  -3.205420816924790E-04   2.671894180107172E-04  -3.963217464235755E-04   4.828028011363525E-04  -3.667609980037288E-05   0.000000000000000E+00   0.000000000000000E+00   0.000000000000000E+00   0.000000000000000E+00   0.000000000000000E+00   0.000000000000000E+00   0.000000000000000E+00   0.000000000000000E+00   0.000000000000000E+00  -4.456357972159086E-01   1.879164605859505E-01  -2.651687674114712E-01   3.454402436535369E-01   1.984480921528854E-02  -1.598605578683657E-03   1.272420847988676E-03  -7.646240202196061E-04   2.653011733140084E-03   0.000000000000000E+00   0.000000000000000E+00   0.000000000000000E+00   0.000000000000000E+00   0.000000000000000E+00   0.000000000000000E+00   0.000000000000000E+00   0.000000000000000E+00   0.000000000000000E+00  -5.808605153899384E-02   3.568449085782385E-02  -1.997026762503402E-03   8.411611786294405E-02   1.000000000000000E+00   7.864248942776948E-05   0.000000000000000E+00   0.000000000000000E+00   0.000000000000000E+00   0.000000000000000E+00   0.000000000000000E+00   0.000000000000000E+00   0.000000000000000E+00   0.000000000000000E+00   0.000000000000000E+00   2.193435859085746E-02   0.000000000000000E+00   0.000000000000000E+00   0.000000000000000E+00   0.000000000000000E+00   0.000000000000000E+00   0.000000000000000E+00   0.000000000000000E+00   0.000000000000000E+00   0.000000000000000E+00   0.000000000000000E+00   0.000000000000000E+00   0.000000000000000E+00   0.000000000000000E+00   0.000000000000000E+00   0.000000000000000E+00   0.000000000000000E+00
   0.000000000000000E+00   0.000000000000000E+00   0.000000000000000E+00   0.000000000000000E+00   0.000000000000000E+00   0.000000000000000E+00   0.000000000000000E+00   0.000000000000000E+00   0.000000000000000E+00   0.000000000000000E+00   0.000000000000000E+00   0.000000000000000E+00   0.000000000000000E+00   0.000000000000000E+00   0.000000000000000E+00   0.000000000000000E+00   0.000000000000000E+00   0.000000000000000E+00   0.000000000000000E+00   0.000000000000000E+00   0.000000000000000E+00   0.000000000000000E+00   0.000000000000000E+00   0.000000000000000E+00   0.000000000000000E+00   0.000000000000000E+00   0.000000000000000E+00   0.000000000000000E+00   0.000000000000000E+00  -1.449327505465093E-06  -1.555621979840346E-06   1.706405835119122E-06  -1.360565697775463E-06   0.000000000000000E+00   0.000000000000000E+00   0.000000000000000E+00   0.000000000000000E+00   0.000000000000000E+00   0.000000000000000E+00   0.000000000000000E+00   0.000000000000000E+00   0.000000000000000E+00   0.000000000000000E+00   0.000000000000000E+00  -2.465907767893857E-06  -3.172039600241720E-06   3.095957543462102E-06  -1.487976900495084E-06   3.687101456849928E-05  -4.337656102543824E-05   4.104829449578489E-05  -4.793843740524198E-05   0.000000000000000E+00   0.000000000000000E+00   0.000000000000000E+00   0.000000000000000E+00   0.000000000000000E+00   0.000000000000000E+00   0.000000000000000E+00   0.000000000000000E+00   0.000000000000000E+00   3.552981877386708E-05  -5.943610196325893E-05   4.592316996629130E-05  -1.505606785005745E-05   1.468572160197698E-05   8.806903234480575E-05  -5.652444334427057E-05   7.398344269232212E-05  -1.326178136220140E-05   0.000000000000000E+00   0.000000000000000E+00   0.000000000000000E+00   0.000000000000000E+00   0.000000000000000E+00   0.000000000000000E+00  -1.531450842578807E-06   2.329308422211429E-05   9.145632653208490E-05  -5.253216545768181E-05   3.301009766271385E-05  -3.479658933898743E-04   4.659440466598827E-04  -1.450816791698224E-04   5.380624167434261E-04   0.000000000000000E+00  -1.703188196917707E-04   4.123114322115559E-04  -1.130735967353292E-04   5.430710953736158E-05  -3.412434851527484E-03   5.016185854670049E-03   5.453773964596523E-04   3.969097240686763E-03   2.118564275540613E-05  -1.571951713608974E-03   2.904458576065054E-03   1.243137833920942E-04   6.989012194013150E-04  -3.415028122757496E-05   3.177308629856474E-03   1.214953772819528E-03   5.602853938945369E-05   4.570730885049440E-07  -2.111760250499377E-05  -6.359029118215015E-06   1.323922433384147E-05  -1.270465277155348E-05  -1.109023021356425E-04  -6.859517434958218E-05  -1.245778375053198E-04   4.406039634744794E-05  -3.551366573882416E-04  -2.170588218450659E-05  -7.637605697564668E-06  -1.745615482481418E-06   4.699048068443718E-05   1.257286328402297E-05  -1.393069434940340E-03  -4.690863674101733E-04  -1.896904451301358E-03  -1.794979830736563E-03  -7.935412088688470E-05  -1.050329091193862E-02   2.325573082247264E-03  -1.879109468889838E-02  -6.358645305730856E-04   6.301844494541733E-05  -6.714358187825290E-06   3.241675296648260E-05  -4.542641950483349E-06   0.000000000000000E+00   0.000000000000000E+00   0.000000000000000E+00   0.000000000000000E+00   0.000000000000000E+00  -4.172802846581622E-04  -2.638244297139209E-04  -3.511905238317204E-04  -7.243182760697383E-04  -5.295798743998308E-02  -5.381992566015995E-03  -7.222145861275307E-02  -4.284899749381058E-02   1.649143955501317E-02  -9.686966109076556E-05  -8.444734397631474E-06  -3.324744883537141E-06   1.822194007188619E-05  -1.598877855661414E-06   0.000000000000000E+00   0.000000000000000E+00   0.000000000000000E+00   0.000000000000000E+00  -1.858982370611704E-03  -1.314630651083830E-03  -2.141343678615105E-04  -3.268595741589413E-03  -8.634109985297538E-05  -4.583628791910060E-01  -1.155884453887662E-01  -2.057712465838385E-01  -4.204717464227707E-01   0.000000000000000E+00   0.000000000000000E+00   0.000000000000000E+00   0.000000000000000E+00   0.000000000000000E+00   0.000000000000000E+00   0.000000000000000E+00   0.000000000000000E+00   0.000000000000000E+00  -6.274496629482898E-02  -3.870871626380740E-02   1.640308352609529E-02  -8.840590866976543E-02   7.864248942776948E-05   1.000000000000000E+00   0.000000000000000E+00   0.000000000000000E+00   0.000000000000000E+00   0.000000000000000E+00   0.000000000000000E+00   0.000000000000000E+00   0.000000000000000E+00   0.000000000000000E+00   0.000000000000000E+00   2.061105900184922E-02   0.000000000000000E+00   0.000000000000000E+00   0.000000000000000E+00   0.000000000000000E+00   0.000000000000000E+00   0.000000000000000E+00   0.000000000000000E+00   0.000000000000000E+00   0.000000000000000E+00   0.000000000000000E+00   0.000000000000000E+00   0.000000000000000E+00   0.000000000000000E+00   0.000000000000000E+00   0.000000000000000E+00   0.000000000000000E+00
  -7.104403936555286E-03   9.881524736514068E-03   1.541450815415796E-03   8.396748089920275E-03  -6.982475918242601E-04   8.212912008797745E-04  -2.497509453574774E-04   1.047620095123906E-03  -6.607984040706986E-03   1.192552070632571E-02   6.476654767562250E-04   2.403410379578832E-03  -4.514535087032513E-03   4.197669712187906E-03   4.308237094929673E-03   5.911246603560553E-03  -7.081359991385780E-05   1.833002759872062E-04  -1.205365419975076E-04   1.642503337841712E-04   1.276938255183964E-04  -5.356563132849402E-04   1.004242354402783E-03  -3.118356768975594E-04   1.170049276613737E-04  -4.613482192402790E-03   7.846964960116633E-03   3.363045768792869E-03  -1.138696267475704E-03  -2.692290936752027E-03   2.435813903687474E-03   4.081655027674865E-03   1.813196221986087E-03   4.733549604159166E-04   5.681529012112682E-05  -3.223922637802285E-05   3.333653673967476E-05  -4.159243383430814E-05  -4.634819180733696E-05   1.917130020477697E-04  -1.150470723890040E-04   7.234235051130343E-05   7.028306175160408E-05   6.043292389687180E-04  -2.309605514540251E-03   2.917950199758425E-03   3.253448162516256E-03  -1.779104568900396E-04  -1.490399456253264E-04   8.528158030165150E-05   3.663641189042436E-04   1.272990432065247E-04  -4.745935529023237E-06  -2.800047224388529E-05   3.418436045144625E-05  -2.759333075148376E-05  -5.086014564896928E-05   4.971883009564961E-05  -5.405894348359158E-05   4.448740427722126E-05  -1.496580935082419E-05  -1.192916371895838E-04   1.759958386619508E-04   2.874033830160322E-04  -9.524553923499654E-05   5.593029307391149E-05   3.629723698857819E-06   2.209060952307265E-05   1.760521593147406E-06  -4.565436974808772E-05  -9.305637177361359E-06  -2.955681090759637E-05   3.211441149466504E-05  -1.565166244856132E-05   0.000000000000000E+00  -2.822049146671671E-05  -2.735372249086318E-05   5.861142493677123E-05   3.170892759487141E-06   9.994908042411192E-06  -1.882967991996404E-06   6.078987300307820E-06  -1.284958272908917E-06  -6.254780469924823E-05  -6.201806636107848E-06   0.000000000000000E+00  -2.630851077352395E-06  -1.347931259307624E-05  -5.049889187222225E-05   1.523972623389756E-05   0.000000000000000E+00   0.000000000000000E+00   0.000000000000000E+00   0.000000000000000E+00   0.000000000000000E+00   0.000000000000000E+00   0.000000000000000E+00   0.000000000000000E+00   0.000000000000000E+00   0.000000000000000E+00   0.000000000000000E+00   0.000000000000000E+00   4.818959783499565E-05  -2.295169155056092E-05   2.190000621558278E-05  -3.746813965491727E-05   2.376136959396044E-07   2.593281053167016E-05  -2.765350890100854E-05   4.314424041060087E-05  -1.284011581944790E-04  -1.620013248378142E-04   2.407003006915916E-04  -2.206857999068465E-04  -2.897478852379662E-06  -7.632230052626627E-05   2.721157535407109E-05  -1.395718845456877E-04   0.000000000000000E+00   0.000000000000000E+00   0.000000000000000E+00   0.000000000000000E+00   0.000000000000000E+00   6.308821787769026E-05   1.061128139037817E-05  -2.162150961541487E-05   1.239949525290587E-05  -1.163855146243627E-02  -1.000925127773682E-02   1.396553530072155E-02  -1.185228725883579E-02  -1.986270067254667E-03  -1.810952518045021E-03  -1.488447561462828E-04  -3.301471835322937E-03  -8.430747377631919E-05   0.000000000000000E+00   0.000000000000000E+00   0.000000000000000E+00   0.000000000000000E+00  -1.071405125194215E-05   9.968951939829686E-06  -1.993373141885864E-05   1.346851927994194E-05  -9.649379433082841E-05   1.643244096343834E-02  -6.277327108893657E-02  -5.482876428780804E-02   1.957740270714110E-02  -7.874800413124720E-02  -5.908173855392328E-04  -4.512348441375570E-04  -4.756715591964859E-04  -9.543703340032044E-04   0.000000000000000E+00   0.000000000000000E+00   0.000000000000000E+00   0.000000000000000E+00   0.000000000000000E+00   0.000000000000000E+00   0.000000000000000E+00   0.000000000000000E+00   0.000000000000000E+00  -4.658456987250581E-01  -2.344569727030040E-01  -1.975765051596005E-01  -3.779330224518215E-01  -1.840133693026978E-03  -9.684746343597155E-04  -2.558190498983814E-03  -2.174141625122394E-03  -7.228175074083850E-05   0.000000000000000E+00   0.000000000000000E+00   0.000000000000000E+00   0.000000000000000E+00   0.000000000000000E+00   0.000000000000000E+00   1.000000000000000E+00  -6.263034157046103E-02  -1.738957500027837E-02  -8.582140070808636E-02  -4.340762506818250E-02   1.244874589658238E-05  -2.313784931650370E-05  -1.123056294581719E-04  -6.653691160160214E-05   0.000000000000000E+00  -1.125426852834030E-02   2.137033260335855E-03  -2.009629286635538E-02  -7.246924247976875E-04   5.460405808922518E-05  -9.188771839990653E-07  -2.654474445842108E-05  -7.570339698889148E-06  -8.045721100660968E-05  -1.209843028382900E-04   3.234694228124161E-05  -3.507725842134141E-04  -2.070577925505043E-05   1.691712210680080E-02  -2.857111594499380E-05  -8.230712132552649E-05
   4.517963702008679E-05  -1.034584459896170E-04  -8.821472172010433E-05  -1.127431586763656E-04  -8.296575412202671E-06  -2.916646340190002E-05  -1.330857002143023E-05  -4.237089254815961E-05   1.711224107308981E-04  -3.388101771986400E-04  -2.097317016318070E-04  -1.582322041536408E-04  -2.408375517918531E-05   7.687519102889754E-07   1.383972422551141E-06   1.248172013144118E-06  -1.319813704150371E-05  -2.638088395097501E-05   2.336570621998822E-07  -2.853557946660731E-05   6.157661037785161E-05   1.122564299783215E-04  -2.907068790261068E-04  -5.590249222801351E-05  -1.001800177685587E-04   4.071355444837401E-05  -1.194352585164099E-04  -1.152850361634457E-04  -2.023536720919150E-05  -2.622842457161649E-05   1.318466199272660E-05   3.050859225729570E-05   1.433720881142979E-05   4.408387219390523E-05  -1.668457797671734E-05   2.793712709198906E-05  -9.146721452656281E-06   4.003087301515079E-05   1.410211856816307E-05  -9.404811577892553E-05   6.593076198844058E-06  -5.456881152327614E-05  -1.317555494049841E-05   1.816730619141584E-05  -2.594762106110909E-05   7.072877513526637E-06   1.185472203017080E-05   2.225238374393809E-06   3.747830087096128E-06   6.197531772062736E-06   2.780604831875170E-05   1.110617223312466E-05   4.502956441128778E-07   2.199246675239403E-05  -1.328436397794193E-05   2.500162725498287E-05   4.695809231459025E-07  -2.631497151745174E-05   3.082023474166903E-05  -1.072885785296808E-05   1.417283174458211E-05  -9.783032777757402E-06   1.993361020975769E-05   4.255712371044630E-05  -1.584830186351440E-06   1.610497095012239E-05  -9.854841724479863E-07  -5.633826339179128E-06  -1.113872108027709E-06  -1.122709990033178E-06  -4.867851878454413E-06   3.162555076258664E-05  -1.819084165865307E-05   2.202853796820956E-05   0.000000000000000E+00   5.206522090856130E-05   2.380855955149762E-05   1.551441916011306E-05   9.159124535680935E-08   3.217949382895435E-07   2.955772979101184E-09   0.000000000000000E+00   0.000000000000000E+00   0.000000000000000E+00   0.000000000000000E+00  -8.458337124569439E-07   0.000000000000000E+00   0.000000000000000E+00   0.000000000000000E+00   0.000000000000000E+00   0.000000000000000E+00   0.000000000000000E+00   0.000000000000000E+00   0.000000000000000E+00   0.000000000000000E+00   0.000000000000000E+00   0.000000000000000E+00   0.000000000000000E+00   0.000000000000000E+00   0.000000000000000E+00   0.000000000000000E+00   0.000000000000000E+00  -2.672461235279879E-05  -1.118308045059460E-05   2.383761964148214E-05  -1.632513881620367E-05   1.260760417470556E-05  -3.962142128091810E-06   7.908573798975556E-06  -6.080836434055017E-06  -2.623694910318653E-05  -4.810612011447982E-06   1.504240621271653E-05  -5.159026866320461E-06   6.954606048830020E-05   9.214125540134585E-05  -1.372617273850435E-04   1.553306203743223E-04   0.000000000000000E+00   0.000000000000000E+00   0.000000000000000E+00   0.000000000000000E+00   0.000000000000000E+00   7.501511681568767E-06  -6.050291792907765E-06   2.199154491816704E-05  -5.229900242142403E-06   4.283636162182649E-04   2.270798389207226E-04  -8.914896361724462E-04   1.497903292895671E-04   9.948159182842718E-03   7.607630291126376E-03  -1.075248093959558E-02   1.229102608385403E-02   5.569279771189944E-05   0.000000000000000E+00   0.000000000000000E+00   0.000000000000000E+00   0.000000000000000E+00   0.000000000000000E+00   0.000000000000000E+00   0.000000000000000E+00   0.000000000000000E+00  -8.873843965090565E-06  -1.356397556784324E-04   2.701305977656276E-02   1.445586946250134E-02  -4.082538574059133E-02   1.361960466337179E-02   3.887727420608148E-02   2.820454271019752E-02  -8.803642305146979E-03   5.586848620578921E-02   0.000000000000000E+00   0.000000000000000E+00   0.000000000000000E+00   0.000000000000000E+00   0.000000000000000E+00   0.000000000000000E+00   0.000000000000000E+00   0.000000000000000E+00   0.000000000000000E+00   2.876938823691921E-01   3.041983307224523E-02  -3.396789456418713E-01  -2.989492103858161E-02   3.071635068079208E-01   1.410877303115140E-01   1.519493028177765E-01   2.925496416535070E-01  -2.146034945842324E-03   0.000000000000000E+00   0.000000000000000E+00   0.000000000000000E+00   0.000000000000000E+00   0.000000000000000E+00   0.000000000000000E+00  -6.263034157046103E-02   1.000000000000000E+00   0.000000000000000E+00   0.000000000000000E+00   0.000000000000000E+00   3.152637526185915E-02   8.939474182341109E-03   4.274317232282786E-02   2.872076004904421E-02   0.000000000000000E+00   3.124805125560789E-01  -1.742047685664678E-01   2.308235099588396E-01  -2.192077939875224E-01   9.791707904298239E-03  -1.305054969257797E-03   1.752652477433711E-02   2.488251784203921E-03  -1.414539858918901E-03   2.869035312711555E-02  -1.448929634434914E-02   4.376199871331669E-02  -1.325687515947688E-02  -6.350311494188872E-02  -2.745455341943856E-04  -1.296304508340320E-03
   1.034584459896170E-04  -1.196668106478994E-04  -1.252374790539788E-04  -1.600602336876481E-04   2.916646340190002E-05  -6.284901454795086E-05  -3.112006592028725E-05  -9.907788493255647E-05   3.388101771986400E-04  -4.869352612593755E-04  -3.447373043882282E-04  -2.600872595936701E-04  -7.687519102889754E-07  -2.288719130634398E-05  -3.384627041073162E-05  -3.052515121515870E-05   2.638088395097501E-05  -9.060903008356877E-05   8.276850449000659E-07  -1.010817826334897E-04   1.862846637782082E-05   2.907068790261068E-04  -5.297947887490694E-04  -1.115874030208069E-04  -1.999701188951625E-04   1.194352585164099E-04  -1.846835836642887E-04  -2.029477137507030E-04  -3.562232921702903E-05  -1.318466199272660E-05  -1.523449958273718E-05  -1.438885358801590E-05  -6.761898310766599E-06   1.951290517075654E-05  -2.793712709198906E-05  -1.072446794068500E-06  -2.765423312378561E-06   1.210294967699219E-05   9.404811577892553E-05  -2.203748531829320E-04   1.652027305648058E-05  -1.367330877944656E-04  -1.773782960027034E-04  -9.510271157247736E-05  -7.072877513526637E-06  -3.263982876962685E-05  -4.471095771500075E-05  -8.392650507545063E-06  -6.197531772062736E-06  -1.675456382125380E-06   1.224333944455388E-05   4.890181985626666E-06  -2.199246675239403E-05   1.896892566374851E-05  -1.477369308602693E-05   2.780459556284957E-05   2.597139471231851E-05  -3.082023474166903E-05  -4.557268613512671E-05   1.275061482446660E-05  -1.684357468648411E-05  -1.993361020975769E-05   5.457438775816020E-07   1.878107019911452E-05  -6.994083337506175E-07   9.854841724479863E-07   2.744968196682558E-06   6.274734619019478E-06   1.240587028534506E-06   2.568292556373617E-07  -3.162555076258664E-05   2.536681970784796E-05  -1.863925350138754E-05   2.257155062746012E-05   0.000000000000000E+00   6.389110996508837E-05   3.717959527201330E-05  -9.159124535680935E-08   4.389997657521135E-06   1.265526054028293E-05   1.162419687123749E-07   0.000000000000000E+00   0.000000000000000E+00   0.000000000000000E+00   0.000000000000000E+00   1.098182392080100E-06   0.000000000000000E+00   0.000000000000000E+00   0.000000000000000E+00   0.000000000000000E+00   0.000000000000000E+00   0.000000000000000E+00   0.000000000000000E+00   0.000000000000000E+00   0.000000000000000E+00   0.000000000000000E+00   0.000000000000000E+00   0.000000000000000E+00   0.000000000000000E+00   0.000000000000000E+00   0.000000000000000E+00   0.000000000000000E+00   1.118308045059460E-05  -1.651006902588896E-05   1.733314218743063E-05  -1.187056243813811E-05   3.962142128091810E-06   7.118143183638594E-06  -1.588173924871907E-05   1.221133684967096E-05   4.810612011447982E-06  -1.460777179636642E-05   2.578693314888623E-05  -8.844029275226483E-06  -9.214125540134585E-05  -4.908398997499075E-05   1.266080890859592E-04  -1.432745558196464E-04   0.000000000000000E+00   0.000000000000000E+00   0.000000000000000E+00   0.000000000000000E+00   0.000000000000000E+00   6.050291792907765E-06   1.346696618312779E-06  -1.592734034773191E-05   3.787746674972134E-06  -2.270798389207226E-04   4.097332246620943E-05   4.439523190156278E-04  -7.459398444577584E-05  -7.607630291126376E-03  -2.395691740206031E-03   8.784451299123072E-03  -1.004139608862473E-02   9.900403488630784E-06   0.000000000000000E+00   0.000000000000000E+00   0.000000000000000E+00   0.000000000000000E+00   0.000000000000000E+00   0.000000000000000E+00   0.000000000000000E+00   0.000000000000000E+00  -4.046464187152738E-06   6.393340787186217E-05  -1.445586946250134E-02   2.855334481693692E-03   2.372429952122607E-02  -7.914575074627072E-03  -2.820454271019752E-02  -5.625607566590642E-03   6.992796984748235E-03  -4.437674411804362E-02   0.000000000000000E+00   0.000000000000000E+00   0.000000000000000E+00   0.000000000000000E+00   0.000000000000000E+00   0.000000000000000E+00   0.000000000000000E+00   0.000000000000000E+00   0.000000000000000E+00  -3.041983307224523E-02   1.662212255609403E-01   4.448006361223644E-02   3.914661201524242E-03  -1.410877303115140E-01   1.039409454322832E-01  -8.732569776563018E-02  -1.681291135577939E-01   1.717608198961326E-03   0.000000000000000E+00   0.000000000000000E+00   0.000000000000000E+00   0.000000000000000E+00   0.000000000000000E+00   0.000000000000000E+00  -1.738957500027837E-02   0.000000000000000E+00   1.000000000000000E+00   0.000000000000000E+00   0.000000000000000E+00  -8.939474182341109E-03   1.056618139479340E-02  -1.320445753836796E-02  -8.872576271900093E-03   0.000000000000000E+00   1.742047685664678E-01   6.728858379683943E-02   1.614669728960607E-01  -1.533414812758896E-01   1.305054969257797E-03   3.569309837383416E-03   2.494991028147354E-03   3.542154509974858E-04   5.592195455693975E-04   1.448929634434914E-02   4.065596686823885E-03   2.402931026046057E-02  -7.279227998202180E-03  -5.728019736911399E-02  -5.647791508845433E-05  -9.894786825715412E-04
   8.821472172010433E-05  -1.252374790539788E-04  -7.957278141291376E-05  -1.364767162134620E-04   1.330857002143023E-05  -3.112006592028725E-05  -8.847670953389048E-06  -4.520894258006737E-05   2.097317016318070E-04  -3.447373043882282E-04  -1.434315994003735E-04  -1.610003099031847E-04  -1.383972422551141E-06  -3.384627041073162E-05  -6.501961106562376E-05  -5.495396747710552E-05  -2.336570621998822E-07   8.276850449000659E-07   2.832828705874072E-06   8.952873761152102E-07   1.163566590107176E-05   5.590249222801351E-05  -1.115874030208069E-04   2.902940318940817E-05  -3.845395077963686E-05   1.152850361634457E-04  -2.029477137507030E-04  -1.703253612608494E-04  -3.438449887431785E-05  -3.050859225729570E-05  -1.438885358801590E-05  -4.231120643697030E-05  -1.564666569095811E-05   4.867118069326936E-05   9.146721452656281E-06  -2.765423312378561E-06  -8.613558547632987E-06  -3.962551664186960E-06  -6.593076198844058E-06   1.652027305648058E-05   1.412341499562532E-05   9.585430385987104E-06  -2.394728895222734E-05  -7.428601840072071E-05  -1.185472203017080E-05  -4.471095771500075E-05  -8.090317729124937E-05  -1.406676966666572E-05  -2.780604831875170E-05   1.224333944455388E-05   5.052706174759692E-05   2.194045009866353E-05   1.328436397794193E-05  -1.477369308602693E-05   3.434776559419648E-06  -1.679513134542558E-05  -6.931497467535567E-06   1.072885785296808E-05   1.275061482446660E-05  -1.338328202319601E-05   5.863430958973716E-06  -4.255712371044630E-05   1.878107019911452E-05   3.184527162429598E-05  -1.493197000961321E-06   5.633826339179128E-06   6.274734619019478E-06   3.751884384025130E-05   7.092201044731197E-06   1.789508968311548E-06   1.819084165865307E-05  -1.863925350138754E-05   3.682881304433724E-06  -1.298303092131876E-05   0.000000000000000E+00  -2.269242991700645E-05   6.243598679712236E-05  -3.217949382895435E-07   1.265526054028293E-05   4.525073145707745E-05   4.084023205791336E-07   0.000000000000000E+00   0.000000000000000E+00   0.000000000000000E+00   0.000000000000000E+00  -8.060189281074357E-07   0.000000000000000E+00   0.000000000000000E+00   0.000000000000000E+00   0.000000000000000E+00   0.000000000000000E+00   0.000000000000000E+00   0.000000000000000E+00   0.000000000000000E+00   0.000000000000000E+00   0.000000000000000E+00   0.000000000000000E+00   0.000000000000000E+00   0.000000000000000E+00   0.000000000000000E+00   0.000000000000000E+00   0.000000000000000E+00  -2.383761964148214E-05   1.733314218743063E-05  -4.532543392183259E-05   2.530304182116081E-05  -7.908573798975556E-06  -1.588173924871907E-05   3.086200408802338E-05  -2.437425401149937E-05  -1.504240621271653E-05   2.578693314888623E-05  -8.699474013927210E-05   2.765458544537048E-05   1.372617273850435E-04   1.266080890859592E-04  -1.527008824094761E-04   2.134343941426508E-04   0.000000000000000E+00   0.000000000000000E+00   0.000000000000000E+00   0.000000000000000E+00   0.000000000000000E+00  -2.199154491816704E-05  -1.592734034773191E-05   5.485733279855390E-05  -1.376766674938407E-05   8.914896361724462E-04   4.439523190156278E-04  -1.588849684462170E-03   2.928475040773390E-04   1.075248093959558E-02   8.784451299123072E-03  -8.596265703370484E-03   1.419231954210556E-02  -1.025943799715959E-05   0.000000000000000E+00   0.000000000000000E+00   0.000000000000000E+00   0.000000000000000E+00   0.000000000000000E+00   0.000000000000000E+00   0.000000000000000E+00   0.000000000000000E+00   1.934510183292607E-05  -3.692027498666413E-04   4.082538574059133E-02   2.372429952122607E-02  -5.574484447580992E-02   2.235186069109744E-02   8.803642305146979E-03   6.992796984748235E-03   1.459476444000938E-02   1.385156234924666E-02   0.000000000000000E+00   0.000000000000000E+00   0.000000000000000E+00   0.000000000000000E+00   0.000000000000000E+00   0.000000000000000E+00   0.000000000000000E+00   0.000000000000000E+00   0.000000000000000E+00   3.396789456418713E-01   4.448006361223644E-02  -3.264759829004433E-01  -4.371253406686596E-02  -1.519493028177765E-01  -8.732569776563018E-02   9.097604099305384E-02  -1.810724542245521E-01   2.758082145827602E-04   0.000000000000000E+00   0.000000000000000E+00   0.000000000000000E+00   0.000000000000000E+00   0.000000000000000E+00   0.000000000000000E+00  -8.582140070808636E-02   0.000000000000000E+00   0.000000000000000E+00   1.000000000000000E+00   0.000000000000000E+00  -4.274317232282786E-02  -1.320445753836796E-02  -4.980793637860241E-02  -4.242330687485040E-02   0.000000000000000E+00  -2.308235099588396E-01   1.614669728960607E-01  -2.479647735862052E-02   2.031793918252223E-01  -1.752652477433711E-02   2.494991028147354E-03  -2.975194351280705E-02  -4.757014856539799E-03   1.894188871913279E-03  -4.376199871331669E-02   2.402931026046057E-02  -6.055415177531572E-02   2.198544075023348E-02   1.921719207575795E-02   5.892327788331606E-04   2.057370752776743E-03
   1.127431586763656E-04  -1.600602336876481E-04  -1.364767162134620E-04  -1.472125656162337E-04   4.237089254815961E-05  -9.907788493255647E-05  -4.520894258006737E-05  -1.385807410162514E-04   1.582322041536408E-04  -2.600872595936701E-04  -1.610003099031847E-04  -5.149763990405949E-05  -1.248172013144118E-06  -3.052515121515870E-05  -5.495396747710552E-05  -5.364836724312455E-05   2.853557946660731E-05  -1.010817826334897E-04   8.952873761152102E-07  -1.064976187449460E-04   4.194587268488341E-05   1.001800177685587E-04  -1.999701188951625E-04  -3.845395077963686E-05  -1.842388095783233E-05   2.023536720919150E-05  -3.562232921702903E-05  -3.438449887431785E-05   1.953485161229919E-05  -1.433720881142979E-05  -6.761898310766599E-06  -1.564666569095811E-05  -1.636917475559121E-05   5.365487142172993E-05  -4.003087301515079E-05   1.210294967699219E-05  -3.962551664186960E-06   7.823245543905114E-06   5.456881152327614E-05  -1.367330877944656E-04   9.585430385987104E-06  -6.405404360490332E-05  -1.496606487227265E-05   1.079011440805486E-05  -2.225238374393809E-06  -8.392650507545063E-06  -1.406676966666572E-05  -8.604409715558970E-06  -1.110617223312466E-05   4.890181985626666E-06   2.194045009866353E-05   4.359055625505168E-06  -2.500162725498287E-05   2.780459556284957E-05  -1.679513134542558E-05   2.611986339400226E-05   5.101804156436044E-05  -1.417283174458211E-05  -1.684357468648411E-05   5.863430958973716E-06  -1.669025281279203E-05   1.584830186351440E-06  -6.994083337506175E-07  -1.493197000961321E-06  -8.195637977100387E-06   1.113872108027709E-06   1.240587028534506E-06   7.092201044731197E-06   3.049584131142822E-06   9.819201888000650E-07  -2.202853796820956E-05   2.257155062746012E-05  -1.298303092131876E-05   8.683728629003725E-06   0.000000000000000E+00   1.447027095077576E-05  -1.444474483680539E-05  -2.955772979101184E-09   1.162419687123749E-07   4.084023205791336E-07   7.917312124045508E-07   0.000000000000000E+00   0.000000000000000E+00   0.000000000000000E+00   0.000000000000000E+00   7.113190550010928E-07   0.000000000000000E+00   0.000000000000000E+00   0.000000000000000E+00   0.000000000000000E+00   0.000000000000000E+00   0.000000000000000E+00   0.000000000000000E+00   0.000000000000000E+00   0.000000000000000E+00   0.000000000000000E+00   0.000000000000000E+00   0.000000000000000E+00   0.000000000000000E+00   0.000000000000000E+00   0.000000000000000E+00   0.000000000000000E+00   1.632513881620367E-05  -1.187056243813811E-05   2.530304182116081E-05  -2.570720153980439E-05   6.080836434055017E-06   1.221133684967096E-05  -2.437425401149937E-05   1.790265956665144E-05   5.159026866320461E-06  -8.844029275226483E-06   2.765458544537048E-05  -1.584559363696014E-05  -1.553306203743223E-04  -1.432745558196464E-04   2.134343941426508E-04  -2.056248480014587E-04   0.000000000000000E+00   0.000000000000000E+00   0.000000000000000E+00   0.000000000000000E+00   0.000000000000000E+00   5.229900242142403E-06   3.787746674972134E-06  -1.376766674938407E-05   2.389284731895840E-07  -1.497903292895671E-04  -7.459398444577584E-05   2.928475040773390E-04   1.048516837084951E-04  -1.229102608385403E-02  -1.004139608862473E-02   1.419231954210556E-02  -1.240355062345320E-02   1.856332051304070E-05   0.000000000000000E+00   0.000000000000000E+00   0.000000000000000E+00   0.000000000000000E+00   0.000000000000000E+00   0.000000000000000E+00   0.000000000000000E+00   0.000000000000000E+00  -1.568084609431868E-06  -3.048477051309484E-05  -1.361960466337179E-02  -7.914575074627072E-03   2.235186069109744E-02   3.799155836118991E-03  -5.586848620578921E-02  -4.437674411804362E-02   1.385156234924666E-02  -7.112544943094234E-02   0.000000000000000E+00   0.000000000000000E+00   0.000000000000000E+00   0.000000000000000E+00   0.000000000000000E+00   0.000000000000000E+00   0.000000000000000E+00   0.000000000000000E+00   0.000000000000000E+00   2.989492103858161E-02   3.914661201524242E-03  -4.371253406686596E-02   1.663575111812172E-01  -2.925496416535070E-01  -1.681291135577939E-01  -1.810724542245521E-01  -1.635962946025942E-01   3.677175715829569E-03   0.000000000000000E+00   0.000000000000000E+00   0.000000000000000E+00   0.000000000000000E+00   0.000000000000000E+00   0.000000000000000E+00  -4.340762506818250E-02   0.000000000000000E+00   0.000000000000000E+00   0.000000000000000E+00   1.000000000000000E+00  -2.872076004904421E-02  -8.872576271900093E-03  -4.242330687485040E-02  -1.517801703934581E-02   0.000000000000000E+00   2.192077939875224E-01  -1.533414812758896E-01   2.031793918252223E-01  -3.805515864730102E-03  -2.488251784203921E-03   3.542154509974858E-04  -4.757014856539799E-03   3.079734729071229E-03   1.831826641137822E-03   1.325687515947688E-02  -7.279227998202180E-03   2.198544075023348E-02   5.361459664511551E-03  -7.835461420577840E-02   1.073402346830522E-04  -9.463068872872405E-04
   1.387527671924296E-05   3.023932329352598E-06   4.252975029924102E-06   4.200247148567845E-06   1.523608751023631E-05   6.937507536399450E-07   7.379115904382304E-07   1.179298240048423E-06   2.164941733015704E-06   1.977790903005484E-05   2.172900355996687E-05   1.549434011959211E-05   0.000000000000000E+00   0.000000000000000E+00   0.000000000000000E+00   0.000000000000000E+00   9.070948465295164E-06   1.140268900344903E-05   6.207236456685675E-06   1.514047456938560E-05   0.000000000000000E+00  -1.007855660096014E-05   3.522042817269240E-05   2.251369916170863E-05   2.197531849408952E-05   1.092244033858541E-05   8.505006605224882E-06   1.204589461142967E-05   4.500514587398526E-06   0.000000000000000E+00   0.000000000000000E+00   0.000000000000000E+00   0.000000000000000E+00   0.000000000000000E+00   1.458171402626852E-05  -3.417913806529715E-06  -9.341524573455011E-07  -5.612833045999890E-06  -6.070125971068664E-06   3.215332869574903E-05   1.292281866966714E-05   2.689153494165659E-05   3.399178355386882E-05  -1.061093922123077E-05   1.956767151759575E-07  -5.176592515123801E-08  -1.095702631635301E-07  -3.757149369722454E-08   0.000000000000000E+00   0.000000000000000E+00   0.000000000000000E+00   0.000000000000000E+00   1.376954883555270E-05  -3.932260770127753E-06   2.288957530739726E-07  -5.297674487478625E-06   0.000000000000000E+00  -8.231628668430953E-07   3.086371673890350E-05   2.703211866235307E-06   2.140978674041973E-05   0.000000000000000E+00   0.000000000000000E+00   0.000000000000000E+00   0.000000000000000E+00   0.000000000000000E+00   0.000000000000000E+00   0.000000000000000E+00   0.000000000000000E+00   0.000000000000000E+00   1.303174397272930E-05   6.941291285336559E-06  -7.486738050182894E-07   6.358735109660183E-06   0.000000000000000E+00   1.234694959571172E-05   0.000000000000000E+00   0.000000000000000E+00   0.000000000000000E+00   0.000000000000000E+00   0.000000000000000E+00   0.000000000000000E+00   0.000000000000000E+00   0.000000000000000E+00   0.000000000000000E+00   0.000000000000000E+00   0.000000000000000E+00   0.000000000000000E+00   0.000000000000000E+00   0.000000000000000E+00   0.000000000000000E+00   0.000000000000000E+00   0.000000000000000E+00   0.000000000000000E+00   0.000000000000000E+00   0.000000000000000E+00   0.000000000000000E+00   0.000000000000000E+00   0.000000000000000E+00   0.000000000000000E+00   0.000000000000000E+00   0.000000000000000E+00   7.775647461147804E-06  -5.230134707429513E-06   2.164757472913629E-05  -4.972613962003031E-06   0.000000000000000E+00   0.000000000000000E+00   0.000000000000000E+00   0.000000000000000E+00   1.469748918483621E-05  -5.820325014127927E-07   3.679105090057982E-06  -1.210145519187108E-07  -2.629558239343586E-05  -4.510447894037504E-06   1.570244943043070E-05  -5.416221004578389E-06   0.000000000000000E+00   0.000000000000000E+00   0.000000000000000E+00   0.000000000000000E+00   0.000000000000000E+00   0.000000000000000E+00   0.000000000000000E+00   0.000000000000000E+00   0.000000000000000E+00  -1.158160388212363E-05  -4.304615430073042E-06   4.756363326062538E-05   6.151925841515999E-06   3.997948242181289E-04   1.799497162375082E-04  -8.464311895699908E-04   1.380720445115297E-04   6.309504635911668E-05   0.000000000000000E+00   0.000000000000000E+00   0.000000000000000E+00   0.000000000000000E+00   0.000000000000000E+00   0.000000000000000E+00   0.000000000000000E+00   0.000000000000000E+00   0.000000000000000E+00  -7.778399216651838E-06   5.755492600197846E-05   1.778776736352362E-05  -1.996034880586640E-04  -2.783553779187673E-05   2.528432096571673E-02   1.077314215612635E-02  -3.938035087964675E-02   1.262822629864034E-02   0.000000000000000E+00   0.000000000000000E+00   0.000000000000000E+00   0.000000000000000E+00   0.000000000000000E+00   0.000000000000000E+00   0.000000000000000E+00   0.000000000000000E+00   0.000000000000000E+00   5.827067151516782E-04  -9.645810132266246E-05  -1.129128906777971E-03  -4.856187333391435E-04   2.830845405165487E-01   2.983752861240718E-02  -3.332645497759844E-01  -5.050750993724163E-02  -1.722558974132915E-02   0.000000000000000E+00   0.000000000000000E+00   0.000000000000000E+00   0.000000000000000E+00   0.000000000000000E+00   0.000000000000000E+00   1.244874589658238E-05   3.152637526185915E-02  -8.939474182341109E-03  -4.274317232282786E-02  -2.872076004904421E-02   1.000000000000000E+00   0.000000000000000E+00   0.000000000000000E+00   0.000000000000000E+00   0.000000000000000E+00   1.681553783091304E-02  -1.183064507009952E-02  -1.236034516725570E-02  -2.386036942139588E-02   2.989705652782251E-01  -1.578109797819305E-01   2.070398949116122E-01  -2.366956394522546E-01  -4.423399265323273E-01   3.978126809001221E-02  -3.197734890367172E-02   7.217572876781662E-03  -5.557798878902685E-02  -4.314475473656636E-04  -6.325867237338217E-02  -1.839093875846595E-03
  -3.023932329352598E-06   1.098964921205876E-05   1.572196267961876E-05   1.552704364599508E-05  -6.937507536399450E-07   1.046146418962364E-05   1.048353615936018E-05   1.675433195848734E-05  -1.977790903005484E-05   1.845070566924972E-05   2.569554320104084E-05   1.832276776133983E-05   0.000000000000000E+00   0.000000000000000E+00   0.000000000000000E+00   0.000000000000000E+00  -1.140268900344903E-05   1.858519190383430E-05   1.142940553471403E-05   2.787820716176330E-05   0.000000000000000E+00  -3.522042817269240E-05   1.849997834867050E-05   1.714197327797519E-05   1.673204921567796E-05  -8.505006605224882E-06   1.717535845253111E-05   2.662307040801693E-05   9.946751204259261E-06   0.000000000000000E+00   0.000000000000000E+00   0.000000000000000E+00   0.000000000000000E+00   0.000000000000000E+00   3.417913806529715E-06   1.020683406044807E-05   2.332995467736791E-06   1.401774833916417E-05  -3.215332869574903E-05   2.317379336072679E-05   1.226993691182076E-05   2.553293098282316E-05   6.419004192829083E-05   2.779143837296093E-05   5.176592515123801E-08   8.745904033737049E-08   1.272678450646931E-07   4.363997037746473E-08   0.000000000000000E+00   0.000000000000000E+00   0.000000000000000E+00   0.000000000000000E+00   3.932260770127753E-06   1.218608609847675E-05  -6.149663925480565E-07   1.423308088816198E-05   0.000000000000000E+00  -3.086371673890350E-05   3.706451819324805E-05   3.761493246745630E-06   2.979151181017448E-05   0.000000000000000E+00   0.000000000000000E+00   0.000000000000000E+00   0.000000000000000E+00   0.000000000000000E+00   0.000000000000000E+00   0.000000000000000E+00   0.000000000000000E+00   0.000000000000000E+00  -6.941291285336559E-06   3.034684717389747E-05  -3.340904474760174E-06   2.837541054499611E-05   0.000000000000000E+00   6.158792740405221E-05   0.000000000000000E+00   0.000000000000000E+00   0.000000000000000E+00   0.000000000000000E+00   0.000000000000000E+00   0.000000000000000E+00   0.000000000000000E+00   0.000000000000000E+00   0.000000000000000E+00   0.000000000000000E+00   0.000000000000000E+00   0.000000000000000E+00   0.000000000000000E+00   0.000000000000000E+00   0.000000000000000E+00   0.000000000000000E+00   0.000000000000000E+00   0.000000000000000E+00   0.000000000000000E+00   0.000000000000000E+00   0.000000000000000E+00   0.000000000000000E+00   0.000000000000000E+00   0.000000000000000E+00   0.000000000000000E+00   0.000000000000000E+00   5.230134707429513E-06   5.051950029452868E-07  -1.421265708259623E-05   3.264756349400952E-06   0.000000000000000E+00   0.000000000000000E+00   0.000000000000000E+00   0.000000000000000E+00   5.820325014127927E-07   1.539841708613416E-06  -7.997663153844411E-06   2.630622391229416E-07   4.510447894037504E-06  -1.311178800386715E-05   2.319117071243547E-05  -7.999293771966051E-06   0.000000000000000E+00   0.000000000000000E+00   0.000000000000000E+00   0.000000000000000E+00   0.000000000000000E+00   0.000000000000000E+00   0.000000000000000E+00   0.000000000000000E+00   0.000000000000000E+00   4.304615430073042E-06  -8.283680514124635E-06  -3.903586891469602E-06  -5.048936640446884E-07  -1.799497162375082E-04   6.914239522209790E-05   3.552303695495079E-04  -5.794609650573502E-05  -9.591869396118770E-06   0.000000000000000E+00   0.000000000000000E+00   0.000000000000000E+00   0.000000000000000E+00   0.000000000000000E+00   0.000000000000000E+00   0.000000000000000E+00   0.000000000000000E+00   0.000000000000000E+00  -2.155076337253303E-06  -1.778776736352362E-05   2.802602038511804E-05   4.095799157721263E-05   5.711762522365324E-06  -1.077314215612635E-02   5.494349591591324E-03   1.819662029222274E-02  -5.835169920727756E-03   0.000000000000000E+00   0.000000000000000E+00   0.000000000000000E+00   0.000000000000000E+00   0.000000000000000E+00   0.000000000000000E+00   0.000000000000000E+00   0.000000000000000E+00   0.000000000000000E+00   9.645810132266246E-05   1.897625597606868E-04  -1.808801479216085E-04  -7.779341029408327E-05  -2.983752861240718E-02   1.628748450717223E-01   4.339833272619469E-02   6.577182370286276E-03   1.119418487264598E-02   0.000000000000000E+00   0.000000000000000E+00   0.000000000000000E+00   0.000000000000000E+00   0.000000000000000E+00   0.000000000000000E+00  -2.313784931650370E-05   8.939474182341109E-03   1.056618139479340E-02  -1.320445753836796E-02  -8.872576271900093E-03   0.000000000000000E+00   1.000000000000000E+00   0.000000000000000E+00   0.000000000000000E+00   0.000000000000000E+00   1.183064507009952E-02  -2.237127203306244E-03  -9.362910611710327E-03  -1.807413167123689E-02   1.578109797819305E-01   7.496279706149125E-02   1.361427478423682E-01  -1.556434076200308E-01   1.255568434928896E-01   3.197734890367172E-02  -1.095176579139589E-02   6.355843827516166E-03  -4.894235541796317E-02  -3.765954212784447E-04  -3.710548975053969E-02  -1.886178839792828E-03
  -4.252975029924102E-06   1.572196267961876E-05   2.192306030777604E-05   2.183783290186809E-05  -7.379115904382304E-07   1.048353615936018E-05   1.175619026323671E-05   1.782083216104720E-05  -2.172900355996687E-05   2.569554320104084E-05   2.329283470708269E-05   2.013031232521023E-05   0.000000000000000E+00   0.000000000000000E+00   0.000000000000000E+00   0.000000000000000E+00  -6.207236456685675E-06   1.142940553471403E-05   3.811162006965948E-06   1.517594874237038E-05   0.000000000000000E+00  -2.251369916170863E-05   1.714197327797519E-05   2.640616882284787E-06   1.069550661206172E-05  -1.204589461142967E-05   2.662307040801693E-05   3.608518253897783E-05   1.408788050311574E-05   0.000000000000000E+00   0.000000000000000E+00   0.000000000000000E+00   0.000000000000000E+00   0.000000000000000E+00   9.341524573455011E-07   2.332995467736791E-06   2.308411001364303E-06   3.831200784661211E-06  -1.292281866966714E-05   1.226993691182076E-05  -2.423658311540967E-06   1.026199931952219E-05   3.478099278773356E-05   3.335119190322071E-05   1.095702631635301E-07   1.272678450646931E-07   2.967132626544583E-07   9.237047391189359E-08   0.000000000000000E+00   0.000000000000000E+00   0.000000000000000E+00   0.000000000000000E+00  -2.288957530739726E-07  -6.149663925480565E-07   1.657212567962993E-06  -8.285034891907131E-07   0.000000000000000E+00  -2.703211866235307E-06   3.761493246745630E-06  -5.552594053291065E-06   2.609302337746056E-06   0.000000000000000E+00   0.000000000000000E+00   0.000000000000000E+00   0.000000000000000E+00   0.000000000000000E+00   0.000000000000000E+00   0.000000000000000E+00   0.000000000000000E+00   0.000000000000000E+00   7.486738050182894E-07  -3.340904474760174E-06  -2.678362677144243E-07  -3.060515069660887E-06   0.000000000000000E+00   2.499796441374753E-06   0.000000000000000E+00   0.000000000000000E+00   0.000000000000000E+00   0.000000000000000E+00   0.000000000000000E+00   0.000000000000000E+00   0.000000000000000E+00   0.000000000000000E+00   0.000000000000000E+00   0.000000000000000E+00   0.000000000000000E+00   0.000000000000000E+00   0.000000000000000E+00   0.000000000000000E+00   0.000000000000000E+00   0.000000000000000E+00   0.000000000000000E+00   0.000000000000000E+00   0.000000000000000E+00   0.000000000000000E+00   0.000000000000000E+00   0.000000000000000E+00   0.000000000000000E+00   0.000000000000000E+00   0.000000000000000E+00   0.000000000000000E+00  -2.164757472913629E-05  -1.421265708259623E-05   5.589767996041481E-05  -1.351285597781743E-05   0.000000000000000E+00   0.000000000000000E+00   0.000000000000000E+00   0.000000000000000E+00  -3.679105090057982E-06  -7.997663153844411E-06   5.082891133890003E-05  -1.662851508481056E-06  -1.570244943043070E-05   2.319117071243547E-05  -8.718683407759164E-05   2.784834430733627E-05   0.000000000000000E+00   0.000000000000000E+00   0.000000000000000E+00   0.000000000000000E+00   0.000000000000000E+00   0.000000000000000E+00   0.000000000000000E+00   0.000000000000000E+00   0.000000000000000E+00  -4.756363326062538E-05  -3.903586891469602E-06   3.449552456890905E-05   5.578797330991185E-06   8.464311895699908E-04   3.552303695495079E-04  -1.526236744180592E-03   2.725616045515246E-04   2.418432394769765E-05   0.000000000000000E+00   0.000000000000000E+00   0.000000000000000E+00   0.000000000000000E+00   0.000000000000000E+00   0.000000000000000E+00   0.000000000000000E+00   0.000000000000000E+00   0.000000000000000E+00   4.667550245410782E-05   1.996034880586640E-04   4.095799157721263E-05  -4.279296147561790E-04  -6.409391910334883E-05   3.938035087964675E-02   1.819662029222274E-02  -5.604394141133839E-02   2.132999227063430E-02   0.000000000000000E+00   0.000000000000000E+00   0.000000000000000E+00   0.000000000000000E+00   0.000000000000000E+00   0.000000000000000E+00   0.000000000000000E+00   0.000000000000000E+00   0.000000000000000E+00   1.129128906777971E-03  -1.808801479216085E-04  -1.912150349105605E-03  -9.106418964857960E-04   3.332645497759844E-01   4.339833272619469E-02  -3.179690050678550E-01  -7.346257627102981E-02  -2.079967465059813E-02   0.000000000000000E+00   0.000000000000000E+00   0.000000000000000E+00   0.000000000000000E+00   0.000000000000000E+00   0.000000000000000E+00  -1.123056294581719E-04   4.274317232282786E-02  -1.320445753836796E-02  -4.980793637860241E-02  -4.242330687485040E-02   0.000000000000000E+00   0.000000000000000E+00   1.000000000000000E+00   0.000000000000000E+00   0.000000000000000E+00   1.236034516725570E-02  -9.362910611710327E-03  -3.057583687891862E-03  -1.888337489048151E-02  -2.070398949116122E-01   1.361427478423682E-01   1.219121009640584E-04   2.041961516357439E-01   1.684986403992653E-01  -7.217572876781662E-03   6.355843827516166E-03   1.577313477710210E-02   1.104672617028419E-02  -3.699740114256700E-04   8.605770001250969E-02   8.909394302417311E-04
  -4.200247148567845E-06   1.552704364599508E-05   2.183783290186809E-05   2.137817579364717E-05  -1.179298240048423E-06   1.675433195848734E-05   1.782083216104720E-05   2.908580221390080E-05  -1.549434011959211E-05   1.832276776133983E-05   2.013031232521023E-05   9.416779677849826E-06   0.000000000000000E+00   0.000000000000000E+00   0.000000000000000E+00   0.000000000000000E+00  -1.514047456938560E-05   2.787820716176330E-05   1.517594874237038E-05   3.460602660015150E-05   0.000000000000000E+00  -2.197531849408952E-05   1.673204921567796E-05   1.069550661206172E-05   2.122817417847335E-06  -4.500514587398526E-06   9.946751204259261E-06   1.408788050311574E-05   3.641562647355742E-06   0.000000000000000E+00   0.000000000000000E+00   0.000000000000000E+00   0.000000000000000E+00   0.000000000000000E+00   5.612833045999890E-06   1.401774833916417E-05   3.831200784661211E-06   2.469045805979512E-05  -2.689153494165659E-05   2.553293098282316E-05   1.026199931952219E-05   1.399944801391995E-05   2.299918994849616E-05   6.528013092631173E-06   3.757149369722454E-08   4.363997037746473E-08   9.237047391189359E-08   5.900569019131016E-08   0.000000000000000E+00   0.000000000000000E+00   0.000000000000000E+00   0.000000000000000E+00   5.297674487478625E-06   1.423308088816198E-05  -8.285034891907131E-07   2.079670272478002E-05   0.000000000000000E+00  -2.140978674041973E-05   2.979151181017448E-05   2.609302337746056E-06   1.478396510648121E-05   0.000000000000000E+00   0.000000000000000E+00   0.000000000000000E+00   0.000000000000000E+00   0.000000000000000E+00   0.000000000000000E+00   0.000000000000000E+00   0.000000000000000E+00   0.000000000000000E+00  -6.358735109660183E-06   2.837541054499611E-05  -3.060515069660887E-06   2.536579071953569E-05   0.000000000000000E+00   2.811940133399672E-05   0.000000000000000E+00   0.000000000000000E+00   0.000000000000000E+00   0.000000000000000E+00   0.000000000000000E+00   0.000000000000000E+00   0.000000000000000E+00   0.000000000000000E+00   0.000000000000000E+00   0.000000000000000E+00   0.000000000000000E+00   0.000000000000000E+00   0.000000000000000E+00   0.000000000000000E+00   0.000000000000000E+00   0.000000000000000E+00   0.000000000000000E+00   0.000000000000000E+00   0.000000000000000E+00   0.000000000000000E+00   0.000000000000000E+00   0.000000000000000E+00   0.000000000000000E+00   0.000000000000000E+00   0.000000000000000E+00   0.000000000000000E+00   4.972613962003031E-06   3.264756349400952E-06  -1.351285597781743E-05   1.753707672058561E-07   0.000000000000000E+00   0.000000000000000E+00   0.000000000000000E+00   0.000000000000000E+00   1.210145519187108E-07   2.630622391229416E-07  -1.662851508481056E-06   3.293107366338678E-07   5.416221004578389E-06  -7.999293771966051E-06   2.784834430733627E-05  -1.605592869253986E-05   0.000000000000000E+00   0.000000000000000E+00   0.000000000000000E+00   0.000000000000000E+00   0.000000000000000E+00   0.000000000000000E+00   0.000000000000000E+00   0.000000000000000E+00   0.000000000000000E+00  -6.151925841515999E-06  -5.048936640446884E-07   5.578797330991185E-06  -7.915396892823666E-06  -1.380720445115297E-04  -5.794609650573502E-05   2.725616045515246E-04   1.002027655482002E-04  -1.470920987043693E-05   0.000000000000000E+00   0.000000000000000E+00   0.000000000000000E+00   0.000000000000000E+00   0.000000000000000E+00   0.000000000000000E+00   0.000000000000000E+00   0.000000000000000E+00   0.000000000000000E+00   1.299184718986278E-05   2.783553779187673E-05   5.711762522365324E-06  -6.409391910334883E-05   2.273784886144249E-05  -1.262822629864034E-02  -5.835169920727756E-03   2.132999227063430E-02   3.632375522423061E-03   0.000000000000000E+00   0.000000000000000E+00   0.000000000000000E+00   0.000000000000000E+00   0.000000000000000E+00   0.000000000000000E+00   0.000000000000000E+00   0.000000000000000E+00   0.000000000000000E+00   4.856187333391435E-04  -7.779341029408327E-05  -9.106418964857960E-04  -1.864366555030795E-04   5.050750993724163E-02   6.577182370286276E-03  -7.346257627102981E-02   1.556268110152964E-01   1.872322269689040E-02   0.000000000000000E+00   0.000000000000000E+00   0.000000000000000E+00   0.000000000000000E+00   0.000000000000000E+00   0.000000000000000E+00  -6.653691160160214E-05   2.872076004904421E-02  -8.872576271900093E-03  -4.242330687485040E-02  -1.517801703934581E-02   0.000000000000000E+00   0.000000000000000E+00   0.000000000000000E+00   1.000000000000000E+00   0.000000000000000E+00   2.386036942139588E-02  -1.807413167123689E-02  -1.888337489048151E-02  -2.972786665608071E-02   2.366956394522546E-01  -1.556434076200308E-01   2.041961516357439E-01  -5.471036698916205E-02   4.228664352573462E-01   5.557798878902685E-02  -4.894235541796317E-02   1.104672617028419E-02  -6.785618430014385E-02  -6.940986481836077E-04  -3.066215546067662E-02  -2.800729260691832E-03
   0.000000000000000E+00   0.000000000000000E+00   0.000000000000000E+00   0.000000000000000E+00   0.000000000000000E+00   0.000000000000000E+00   0.000000000000000E+00   0.000000000000000E+00   0.000000000000000E+00   0.000000000000000E+00   0.000000000000000E+00   0.000000000000000E+00   0.000000000000000E+00   0.000000000000000E+00   0.000000000000000E+00   0.000000000000000E+00   0.000000000000000E+00   0.000000000000000E+00   0.000000000000000E+00   0.000000000000000E+00   0.000000000000000E+00   0.000000000000000E+00   0.000000000000000E+00   0.000000000000000E+00   0.000000000000000E+00   0.000000000000000E+00   0.000000000000000E+00   0.000000000000000E+00   0.000000000000000E+00   0.000000000000000E+00   0.000000000000000E+00   0.000000000000000E+00   0.000000000000000E+00   0.000000000000000E+00   0.000000000000000E+00   0.000000000000000E+00   0.000000000000000E+00   0.000000000000000E+00   0.000000000000000E+00   0.000000000000000E+00   0.000000000000000E+00   0.000000000000000E+00   0.000000000000000E+00   0.000000000000000E+00   0.000000000000000E+00   0.000000000000000E+00   0.000000000000000E+00   0.000000000000000E+00   0.000000000000000E+00   0.000000000000000E+00   0.000000000000000E+00   0.000000000000000E+00   0.000000000000000E+00   0.000000000000000E+00   0.000000000000000E+00   0.000000000000000E+00   0.000000000000000E+00   0.000000000000000E+00   0.000000000000000E+00   0.000000000000000E+00   0.000000000000000E+00   0.000000000000000E+00   0.000000000000000E+00   0.000000000000000E+00   0.000000000000000E+00   0.000000000000000E+00   0.000000000000000E+00   0.000000000000000E+00   0.000000000000000E+00   0.000000000000000E+00   0.000000000000000E+00   0.000000000000000E+00   0.000000000000000E+00   0.000000000000000E+00   0.000000000000000E+00   0.000000000000000E+00   0.000000000000000E+00  -1.804950842348650E-07  -2.259149415074415E-07   1.687310809588372E-07  -1.481576286678170E-07   2.259422262694533E-06  -3.326395842456771E-05   2.080859383046067E-05  -4.461357498116639E-05   0.000000000000000E+00   2.134586940129268E-05  -6.015329748305299E-05   3.033657429742250E-05  -2.817010265570990E-05   6.301718911288212E-05  -2.216319127123236E-05   7.243787801238310E-06  -2.398356109348120E-05   0.000000000000000E+00   6.304744141913349E-05  -2.081267802706855E-05   6.085675495646166E-06  -1.249285471730511E-05  -7.395759386499748E-06  -8.020088595771772E-05  -5.130028331059831E-05   7.419567276382797E-08  -9.938870912833758E-06   5.630694233259783E-05  -3.244314201674737E-06   5.992937182653496E-05  -5.410900622291819E-06   5.367067474092891E-05   6.393189086748885E-06   2.255995511317448E-05  -1.851342032674452E-05   6.864387857353561E-05  -1.891444957725264E-05   0.000000000000000E+00   0.000000000000000E+00   0.000000000000000E+00   0.000000000000000E+00  -3.162921070065956E-04   6.352568856234111E-05  -6.623652274071498E-04  -9.488447873143603E-05  -3.446960445436988E-05   2.772933457693349E-05   2.849208483320778E-05  -8.974975401704082E-05   3.630870498109388E-05   0.000000000000000E+00   0.000000000000000E+00   0.000000000000000E+00   0.000000000000000E+00   0.000000000000000E+00   0.000000000000000E+00   0.000000000000000E+00   0.000000000000000E+00   0.000000000000000E+00  -1.917589331685519E-03  -2.321853484179900E-04  -3.246779920327763E-03  -1.628255843985191E-03  -1.392377337137732E-03   6.458819642413355E-04  -2.521093397536957E-03   5.101534945777158E-04  -7.508087682358548E-05   0.000000000000000E+00   0.000000000000000E+00   0.000000000000000E+00   0.000000000000000E+00   0.000000000000000E+00   0.000000000000000E+00   0.000000000000000E+00   0.000000000000000E+00   0.000000000000000E+00  -6.636805813477797E-02  -1.325438693011994E-02  -7.850068804757944E-02  -6.518607461272652E-02   8.511298831776921E-05  -5.685774225565613E-02   3.006542302900535E-02  -7.673055797975363E-02   3.533806581476933E-02   0.000000000000000E+00   0.000000000000000E+00   0.000000000000000E+00   0.000000000000000E+00   0.000000000000000E+00   0.000000000000000E+00   0.000000000000000E+00   0.000000000000000E+00   0.000000000000000E+00  -4.604927776325169E-01   6.437242926043701E-02  -4.751000213712452E-01  -6.227487066581750E-02   2.193435859085746E-02   2.061105900184922E-02   0.000000000000000E+00   0.000000000000000E+00   0.000000000000000E+00   0.000000000000000E+00   0.000000000000000E+00   0.000000000000000E+00   0.000000000000000E+00   0.000000000000000E+00   0.000000000000000E+00   1.000000000000000E+00   0.000000000000000E+00   0.000000000000000E+00   0.000000000000000E+00   0.000000000000000E+00   0.000000000000000E+00   0.000000000000000E+00   0.000000000000000E+00   0.000000000000000E+00   0.000000000000000E+00   0.000000000000000E+00   0.000000000000000E+00   0.000000000000000E+00   0.000000000000000E+00   0.000000000000000E+00   0.000000000000000E+00   0.000000000000000E+00
   1.603277421617764E-04  -1.887001954861865E-04  -3.043217356600938E-04  -1.945311408887494E-04   2.055211697620557E-04  -2.348552448746859E-04  -2.523194375023214E-04  -3.570211066059644E-04   3.248915265763863E-04  -4.785607911756192E-04  -5.366594773485734E-04  -1.256376705616276E-04  -2.482527918287156E-05   1.521646960468724E-06   5.316157082025477E-06   2.771782691819820E-06   5.221903136664802E-04  -7.546076059312370E-04  -2.508000702159442E-04  -7.816811363975458E-04   2.242805478040187E-05   7.972555728705133E-04  -1.458973315655027E-03  -7.343814647060065E-04  -2.294818152482316E-04  -2.355972299361093E-06  -3.687263144800013E-05  -5.822429828452114E-05   4.513699167562827E-06  -1.782484499622890E-05   1.106536540734217E-05   4.705379897839421E-05   1.102520693047271E-05   4.604834243754188E-05   2.653082110157782E-05  -7.654514440891943E-05   4.748959956872362E-06  -1.132350367285355E-04   9.950859627124529E-04  -1.831952435461349E-03  -3.422503036268250E-04  -8.086017175088355E-04  -1.905808875599297E-04   5.448579302205326E-05  -2.110452868765607E-05   1.651159213317245E-05   4.514779535747923E-05  -2.997239957333032E-07   1.480522033299411E-05   2.921615325175743E-07   3.221275404900714E-06   6.990042832796694E-07  -1.603596483874807E-05  -1.915943828428821E-05   8.585232193222648E-06  -2.127741144941562E-05   6.286289199279753E-05   1.475742580815122E-04  -3.586233728425061E-04   6.477255564298806E-05  -1.158174487120230E-04   1.127986151517690E-05   4.017951768047017E-06   1.371420761407828E-05  -2.305396277734450E-06   0.000000000000000E+00   0.000000000000000E+00   0.000000000000000E+00   0.000000000000000E+00   0.000000000000000E+00  -4.670568389555260E-06  -5.057276709120635E-05   2.235977377840380E-05  -3.018415987649742E-05   4.125969595149929E-05  -2.995248153131790E-06  -7.694246514930842E-06   0.000000000000000E+00   0.000000000000000E+00   0.000000000000000E+00   0.000000000000000E+00   0.000000000000000E+00   0.000000000000000E+00   0.000000000000000E+00   0.000000000000000E+00   5.578586808839070E-05   0.000000000000000E+00   0.000000000000000E+00   0.000000000000000E+00   0.000000000000000E+00   0.000000000000000E+00   0.000000000000000E+00   0.000000000000000E+00   0.000000000000000E+00   0.000000000000000E+00   0.000000000000000E+00   0.000000000000000E+00   0.000000000000000E+00   0.000000000000000E+00   0.000000000000000E+00   0.000000000000000E+00   0.000000000000000E+00   1.267549139797559E-05  -4.078396330879643E-06   7.831896346112137E-06  -5.738469669792880E-06   0.000000000000000E+00   0.000000000000000E+00   0.000000000000000E+00   0.000000000000000E+00   7.893190605012705E-06  -7.583538534040016E-06   1.944871345101881E-05  -8.572757435478286E-06  -1.456117757917037E-05  -2.096837112839301E-05   3.028538894761824E-05  -3.287983168236216E-05   0.000000000000000E+00   0.000000000000000E+00   0.000000000000000E+00   0.000000000000000E+00   0.000000000000000E+00   0.000000000000000E+00   0.000000000000000E+00   0.000000000000000E+00   0.000000000000000E+00  -2.603009808408354E-05  -4.662080817827628E-06   1.327024184151381E-05  -4.233729948236074E-06   8.743210520099979E-05   1.161224966493507E-04  -1.604970865992820E-04   1.729401612831049E-04  -3.812988177031480E-06   0.000000000000000E+00   0.000000000000000E+00   0.000000000000000E+00   0.000000000000000E+00   0.000000000000000E+00   0.000000000000000E+00   0.000000000000000E+00   0.000000000000000E+00   0.000000000000000E+00   6.309763625223405E-05   4.636034284773078E-04   3.843532124375551E-04  -8.245822371988356E-04   4.171422470493317E-04   9.225402195615277E-04   9.025648518445474E-04  -6.332756692097471E-04   1.537062620859651E-03   0.000000000000000E+00   0.000000000000000E+00   0.000000000000000E+00   0.000000000000000E+00   0.000000000000000E+00   0.000000000000000E+00   0.000000000000000E+00   0.000000000000000E+00   0.000000000000000E+00   2.583356404885365E-02   1.359717617144529E-02  -3.957079560652278E-02   1.220141695109056E-02   4.386617383939127E-02   3.661179554860523E-02  -8.729099718192026E-03   5.957118319202450E-02  -3.454906697172607E-05   0.000000000000000E+00   0.000000000000000E+00   0.000000000000000E+00   0.000000000000000E+00   0.000000000000000E+00   0.000000000000000E+00  -1.125426852834030E-02   3.124805125560789E-01   1.742047685664678E-01  -2.308235099588396E-01   2.192077939875224E-01   1.681553783091304E-02   1.183064507009952E-02   1.236034516725570E-02   2.386036942139588E-02   0.000000000000000E+00   1.000000000000000E+00   0.000000000000000E+00   0.000000000000000E+00   0.000000000000000E+00   4.042731310122418E-02   1.251469674600127E-02   5.434796296896451E-02   3.429342006834841E-02  -4.670175838019501E-04   2.997020532913380E-01  -2.263363966419723E-02   3.498451473964890E-01   3.630813548769346E-02  -4.310856816335146E-01  -1.706432865516061E-03  -5.428263460794633E-02
   1.887001954861865E-04  -1.159885968918909E-04  -2.941831221961116E-04  -1.880502497361654E-04   2.348552448746859E-04  -1.480807908940150E-04  -2.463511541883378E-04  -3.485762434817086E-04   4.785607911756192E-04  -5.213453510005970E-04  -7.193603745344366E-04  -1.684098866517238E-04  -1.521646960468724E-06  -1.206638667197891E-05  -2.555231902094079E-05  -1.332268300302316E-05   7.546076059312370E-04  -8.598105705550459E-04  -3.472752256380171E-04  -1.082370083811012E-03  -3.417733201152924E-05   1.458973315655027E-03  -2.370128944657150E-03  -1.332686960743987E-03  -4.164421865298711E-04   3.687263144800013E-05  -6.368025838928783E-05  -1.134723418794010E-04   8.796671324051308E-06  -1.106536540734217E-05  -8.578392608802949E-06   4.607377383479926E-06   1.079557658733800E-06   1.053665003358175E-05   7.654514440891943E-05  -9.301905164604767E-05   7.025164870881062E-06  -1.675092671663930E-04   1.831952435461349E-03  -3.046430712371496E-03  -6.336319038783959E-04  -1.497020865474863E-03  -4.281615236993708E-04  -1.688963944380833E-05  -1.651159213317245E-05  -9.386348344600150E-06   1.427751965744592E-06  -9.478458930290952E-09  -2.921615325175743E-07   7.396178831445009E-07   4.419997901572191E-06   9.591224210713953E-07   1.915943828428821E-05  -7.580686349108336E-05   3.454107728435014E-05  -8.560568855264760E-05   8.553213828640301E-06   3.586233728425061E-04  -6.436086842355984E-04   1.274837548252475E-04  -2.279490609799274E-04  -4.017951768047017E-06   3.249987705239929E-06   1.608217704591838E-05  -2.703458496680960E-06   0.000000000000000E+00   0.000000000000000E+00   0.000000000000000E+00   0.000000000000000E+00   0.000000000000000E+00   5.057276709120635E-05  -1.490741191195183E-04   6.904991982773078E-05  -9.321265233696568E-05   4.188285871755725E-05  -1.578026136857614E-04   5.751504117049355E-06   0.000000000000000E+00   0.000000000000000E+00   0.000000000000000E+00   0.000000000000000E+00   0.000000000000000E+00   0.000000000000000E+00   0.000000000000000E+00   0.000000000000000E+00   4.908353600561459E-05   0.000000000000000E+00   0.000000000000000E+00   0.000000000000000E+00   0.000000000000000E+00   0.000000000000000E+00   0.000000000000000E+00   0.000000000000000E+00   0.000000000000000E+00   0.000000000000000E+00   0.000000000000000E+00   0.000000000000000E+00   0.000000000000000E+00   0.000000000000000E+00   0.000000000000000E+00   0.000000000000000E+00   0.000000000000000E+00   4.078396330879643E-06   7.928825648606934E-06  -1.677237375718062E-05   1.228920223692564E-05   0.000000000000000E+00   0.000000000000000E+00   0.000000000000000E+00   0.000000000000000E+00   7.583538534040016E-06   4.489373972508660E-06  -1.890619872980681E-05   8.333623514263408E-06   2.096837112839301E-05  -2.918766653719474E-06  -9.064971439608131E-06   9.841535654544591E-06   0.000000000000000E+00   0.000000000000000E+00   0.000000000000000E+00   0.000000000000000E+00   0.000000000000000E+00   0.000000000000000E+00   0.000000000000000E+00   0.000000000000000E+00   0.000000000000000E+00   4.662080817827628E-06  -1.641597078477437E-05   2.944570973939283E-05  -9.394341464127590E-06  -1.161224966493507E-04  -7.095848900344606E-05   1.562429593793574E-04  -1.683562185890579E-04  -2.330487249899133E-05   0.000000000000000E+00   0.000000000000000E+00   0.000000000000000E+00   0.000000000000000E+00   0.000000000000000E+00   0.000000000000000E+00   0.000000000000000E+00   0.000000000000000E+00   0.000000000000000E+00  -7.832440010683255E-06  -3.843532124375551E-04  -1.361322446283088E-04   6.474899937012829E-04  -3.275542677611443E-04  -9.025648518445474E-04  -5.637578267866628E-04   6.202548545203836E-04  -1.505458994626646E-03   0.000000000000000E+00   0.000000000000000E+00   0.000000000000000E+00   0.000000000000000E+00   0.000000000000000E+00   0.000000000000000E+00   0.000000000000000E+00   0.000000000000000E+00   0.000000000000000E+00  -1.359717617144529E-02   2.956084633375093E-03   2.259659703543790E-02  -6.967524859664611E-03  -3.661179554860523E-02  -1.439461093280837E-02   8.001959251246131E-03  -5.460885954340201E-02   1.012112324627061E-04   0.000000000000000E+00   0.000000000000000E+00   0.000000000000000E+00   0.000000000000000E+00   0.000000000000000E+00   0.000000000000000E+00   2.137033260335855E-03  -1.742047685664678E-01   6.728858379683943E-02   1.614669728960607E-01  -1.533414812758896E-01  -1.183064507009952E-02  -2.237127203306244E-03  -9.362910611710327E-03  -1.807413167123689E-02   0.000000000000000E+00   0.000000000000000E+00   1.000000000000000E+00   0.000000000000000E+00   0.000000000000000E+00  -1.251469674600127E-02   1.327011576835016E-02  -1.843853322468015E-02  -1.163466541844894E-02   3.411491967452873E-04   2.263363966419723E-02   1.771624091588353E-01   3.292608135630157E-02   3.417182235798000E-03  -2.327530903247067E-01   2.858180349065639E-04  -2.837199871851905E-02
   3.043217356600938E-04  -2.941831221961116E-04  -4.080118396745096E-04  -3.032735511671117E-04   2.523194375023214E-04  -2.463511541883378E-04  -1.834509369924346E-04  -3.744969022467718E-04   5.366594773485734E-04  -7.193603745344366E-04  -6.865556759838613E-04  -1.888553417191254E-04  -5.316157082025477E-06  -2.555231902094079E-05  -9.402431638242881E-05  -4.654527458608738E-05   2.508000702159442E-04  -3.472752256380171E-04   6.965183001523027E-05  -3.597346367645488E-04  -5.289470955633873E-05   7.343814647060065E-04  -1.332686960743987E-03  -3.933349015323290E-04  -2.096182429298738E-04   5.822429828452114E-05  -1.134723418794010E-04  -1.710000701721340E-04   1.389051974239381E-05  -4.705379897839421E-05   4.607377383479926E-06   9.930295573251260E-06   4.590656267522872E-06   6.002196736310147E-05  -4.748959956872362E-06   7.025164870881062E-06   1.977878801258665E-05   1.039249201658753E-05   3.422503036268250E-04  -6.336319038783959E-04   2.268140257106635E-04  -2.796774827919783E-04  -1.692569117197863E-04  -2.123777090472748E-05  -4.514779535747923E-05   1.427751965744592E-06  -6.004595151134344E-06  -2.591703577932474E-08  -3.221275404900714E-06   4.419997901572191E-06   4.907215476583767E-05   1.057496323579239E-05  -8.585232193222648E-06   3.454107728435014E-05  -1.420009878350586E-05   3.835940816113992E-05   5.564913758738549E-07  -6.477255564298806E-05   1.274837548252475E-04   3.919963382722999E-05   4.117088944610809E-05  -1.371420761407828E-05   1.608217704591838E-05   5.343050020160818E-05  -9.227535132296494E-06   0.000000000000000E+00   0.000000000000000E+00   0.000000000000000E+00   0.000000000000000E+00   0.000000000000000E+00  -2.235977377840380E-05   6.904991982773078E-05  -2.342785891078646E-05   4.121217681802428E-05  -2.879497244116766E-05   3.284873734890195E-05   1.469202334338544E-05   0.000000000000000E+00   0.000000000000000E+00   0.000000000000000E+00   0.000000000000000E+00   0.000000000000000E+00   0.000000000000000E+00   0.000000000000000E+00   0.000000000000000E+00  -3.136409726000960E-05   0.000000000000000E+00   0.000000000000000E+00   0.000000000000000E+00   0.000000000000000E+00   0.000000000000000E+00   0.000000000000000E+00   0.000000000000000E+00   0.000000000000000E+00   0.000000000000000E+00   0.000000000000000E+00   0.000000000000000E+00   0.000000000000000E+00   0.000000000000000E+00   0.000000000000000E+00   0.000000000000000E+00   0.000000000000000E+00  -7.831896346112137E-06  -1.677237375718062E-05   3.140336231063048E-05  -2.359941268269335E-05   0.000000000000000E+00   0.000000000000000E+00   0.000000000000000E+00   0.000000000000000E+00  -1.944871345101881E-05  -1.890619872980681E-05   4.560413924524166E-05  -2.137237847609863E-05  -3.028538894761824E-05  -9.064971439608131E-06   3.897887296872662E-06  -1.421449159377684E-05   0.000000000000000E+00   0.000000000000000E+00   0.000000000000000E+00   0.000000000000000E+00   0.000000000000000E+00   0.000000000000000E+00   0.000000000000000E+00   0.000000000000000E+00   0.000000000000000E+00  -1.327024184151381E-05   2.944570973939283E-05  -8.988601786184767E-05   2.674024497688219E-05   1.604970865992820E-04   1.562429593793574E-04  -1.738629527674346E-04   2.326911957121339E-04   2.578385595824398E-05   0.000000000000000E+00   0.000000000000000E+00   0.000000000000000E+00   0.000000000000000E+00   0.000000000000000E+00   0.000000000000000E+00   0.000000000000000E+00   0.000000000000000E+00   0.000000000000000E+00   2.827657967964775E-05   8.245822371988356E-04   6.474899937012829E-04  -1.223434668097426E-03   7.027271326849975E-04   6.332756692097471E-04   6.202548545203836E-04  -1.149463206943886E-04   1.056290360013072E-03   0.000000000000000E+00   0.000000000000000E+00   0.000000000000000E+00   0.000000000000000E+00   0.000000000000000E+00   0.000000000000000E+00   0.000000000000000E+00   0.000000000000000E+00   0.000000000000000E+00   3.957079560652278E-02   2.259659703543790E-02  -5.504045745922833E-02   2.027704124950296E-02   8.729099718192026E-03   8.001959251246131E-03   1.725954259824079E-02   1.302001645393921E-02  -3.247152014498504E-05   0.000000000000000E+00   0.000000000000000E+00   0.000000000000000E+00   0.000000000000000E+00   0.000000000000000E+00   0.000000000000000E+00  -2.009629286635538E-02   2.308235099588396E-01   1.614669728960607E-01  -2.479647735862052E-02   2.031793918252223E-01  -1.236034516725570E-02  -9.362910611710327E-03  -3.057583687891862E-03  -1.888337489048151E-02   0.000000000000000E+00   0.000000000000000E+00   0.000000000000000E+00   1.000000000000000E+00   0.000000000000000E+00  -5.434796296896451E-02  -1.843853322468015E-02  -6.255763810552338E-02  -5.052622353955126E-02   3.776377210071875E-04  -3.498451473964890E-01   3.292608135630157E-02  -3.296414445299635E-01  -5.281892973026692E-02  -2.000207114957720E-01   2.868283688444076E-03   7.892573682169894E-02
   1.945311408887494E-04  -1.880502497361654E-04  -3.032735511671117E-04  -1.274361434669699E-04   3.570211066059644E-04  -3.485762434817086E-04  -3.744969022467718E-04  -4.486776793833794E-04   1.256376705616276E-04  -1.684098866517238E-04  -1.888553417191254E-04   7.592412489591531E-05  -2.771782691819820E-06  -1.332268300302316E-05  -4.654527458608738E-05  -2.902069718648983E-05   7.816811363975458E-04  -1.082370083811012E-03  -3.597346367645488E-04  -9.361313348724389E-04  -9.303116449863510E-05   2.294818152482316E-04  -4.164421865298711E-04  -2.096182429298738E-04   2.119775355347271E-04  -4.513699167562827E-06   8.796671324051308E-06   1.389051974239381E-05   7.103354907740359E-06  -1.102520693047271E-05   1.079557658733800E-06   4.590656267522872E-06  -8.586242751185451E-06   4.214776475338602E-05   1.132350367285355E-04  -1.675092671663930E-04   1.039249201658753E-05  -2.275857697200655E-04   8.086017175088355E-04  -1.497020865474863E-03  -2.796774827919783E-04  -3.155761107610196E-04   5.348995664766850E-05   7.156266843542970E-06   2.997239957333032E-07  -9.478458930290952E-09  -2.591703577932474E-08  -9.908338177804366E-06  -6.990042832796694E-07   9.591224210713953E-07   1.057496323579239E-05   2.633461305353897E-06   2.127741144941562E-05  -8.560568855264760E-05   3.835940816113992E-05  -9.379138253766162E-05   1.869644459994427E-05   1.158174487120230E-04  -2.279490609799274E-04   4.117088944610809E-05  -1.139112921254794E-05   2.305396277734450E-06  -2.703458496680960E-06  -9.227535132296494E-06   8.944881238126623E-08   0.000000000000000E+00   0.000000000000000E+00   0.000000000000000E+00   0.000000000000000E+00   0.000000000000000E+00   3.018415987649742E-05  -9.321265233696568E-05   4.121217681802428E-05  -4.853237833715426E-05   5.643347054370341E-05  -1.105776884625723E-05  -4.993680684125504E-06   0.000000000000000E+00   0.000000000000000E+00   0.000000000000000E+00   0.000000000000000E+00   0.000000000000000E+00   0.000000000000000E+00   0.000000000000000E+00   0.000000000000000E+00   2.697725203268210E-05   0.000000000000000E+00   0.000000000000000E+00   0.000000000000000E+00   0.000000000000000E+00   0.000000000000000E+00   0.000000000000000E+00   0.000000000000000E+00   0.000000000000000E+00   0.000000000000000E+00   0.000000000000000E+00   0.000000000000000E+00   0.000000000000000E+00   0.000000000000000E+00   0.000000000000000E+00   0.000000000000000E+00   0.000000000000000E+00   5.738469669792880E-06   1.228920223692564E-05  -2.359941268269335E-05   1.648615625556824E-05   0.000000000000000E+00   0.000000000000000E+00   0.000000000000000E+00   0.000000000000000E+00   8.572757435478286E-06   8.333623514263408E-06  -2.137237847609863E-05   6.538061151507404E-06   3.287983168236216E-05   9.841535654544591E-06  -1.421449159377684E-05   6.237213020814495E-06   0.000000000000000E+00   0.000000000000000E+00   0.000000000000000E+00   0.000000000000000E+00   0.000000000000000E+00   0.000000000000000E+00   0.000000000000000E+00   0.000000000000000E+00   0.000000000000000E+00   4.233729948236074E-06  -9.394341464127590E-06   2.674024497688219E-05  -1.460234124817785E-05  -1.729401612831049E-04  -1.683562185890579E-04   2.326911957121339E-04  -2.086452897849112E-04  -4.020743003630727E-05   0.000000000000000E+00   0.000000000000000E+00   0.000000000000000E+00   0.000000000000000E+00   0.000000000000000E+00   0.000000000000000E+00   0.000000000000000E+00   0.000000000000000E+00   0.000000000000000E+00  -2.876469680492872E-06  -4.171422470493317E-04  -3.275542677611443E-04   7.027271326849975E-04  -1.898228458725094E-04  -1.537062620859651E-03  -1.505458994626646E-03   1.056290360013072E-03  -2.243538449973841E-03   0.000000000000000E+00   0.000000000000000E+00   0.000000000000000E+00   0.000000000000000E+00   0.000000000000000E+00   0.000000000000000E+00   0.000000000000000E+00   0.000000000000000E+00   0.000000000000000E+00  -1.220141695109056E-02  -6.967524859664611E-03   2.027704124950296E-02   4.468343232908904E-03  -5.957118319202450E-02  -5.460885954340201E-02   1.302001645393921E-02  -6.968687529313113E-02   1.877350619617481E-04   0.000000000000000E+00   0.000000000000000E+00   0.000000000000000E+00   0.000000000000000E+00   0.000000000000000E+00   0.000000000000000E+00  -7.246924247976875E-04  -2.192077939875224E-01  -1.533414812758896E-01   2.031793918252223E-01  -3.805515864730102E-03  -2.386036942139588E-02  -1.807413167123689E-02  -1.888337489048151E-02  -2.972786665608071E-02   0.000000000000000E+00   0.000000000000000E+00   0.000000000000000E+00   0.000000000000000E+00   1.000000000000000E+00  -3.429342006834841E-02  -1.163466541844894E-02  -5.052622353955126E-02  -1.436595878735792E-02   7.844682014425253E-04  -3.630813548769346E-02   3.417182235798000E-03  -5.281892973026692E-02   1.738108697571465E-01  -3.491861662053081E-01   1.485806292977147E-03  -1.915360472789795E-02
   9.881052109602550E-06   6.621725541643790E-06   1.415102344340222E-05   9.000276843894396E-06   5.409649566852263E-06   1.044924075537615E-05   1.775435339071629E-05   1.832160110829214E-05  -1.770538474614326E-06   1.953136904558398E-05   3.131906542343371E-05   1.237044214120848E-05   0.000000000000000E+00   0.000000000000000E+00   0.000000000000000E+00   0.000000000000000E+00  -1.480697863256335E-05   2.627078889599347E-05   2.454258109750982E-05   3.393297586342690E-05  -7.281650877372251E-09  -2.229584976356045E-05   3.180446270079030E-05   3.096982123475068E-05   1.506754247551729E-05   1.408948004955410E-05   2.631461923199613E-06   5.277850700770854E-06   8.406877732712029E-07   0.000000000000000E+00   0.000000000000000E+00   0.000000000000000E+00   0.000000000000000E+00   0.000000000000000E+00  -1.710629507497639E-06   1.901456344074662E-05   1.166677859617943E-05   3.180617421327548E-05  -2.634936866369813E-05   2.493472916430717E-05   1.734014321610870E-05   1.802088024381886E-05   5.265267441338261E-05  -5.848957251158030E-06   0.000000000000000E+00   0.000000000000000E+00   0.000000000000000E+00   0.000000000000000E+00   0.000000000000000E+00   0.000000000000000E+00   0.000000000000000E+00   0.000000000000000E+00  -7.680529464341125E-06   2.725691295096554E-05   4.553865683310087E-06   3.597387122440637E-05  -3.412068087851727E-07  -2.681355289938250E-05   2.306106769849685E-05   6.742555850999770E-06   1.327672026901129E-05   0.000000000000000E+00   0.000000000000000E+00   0.000000000000000E+00   0.000000000000000E+00   0.000000000000000E+00   0.000000000000000E+00   0.000000000000000E+00   0.000000000000000E+00   0.000000000000000E+00  -2.193827451177125E-05   3.636322192066014E-05   2.685091915099483E-06   3.010796534454368E-05  -1.067300358274657E-05   6.284101121045626E-05   0.000000000000000E+00   0.000000000000000E+00   0.000000000000000E+00   0.000000000000000E+00   0.000000000000000E+00   0.000000000000000E+00   0.000000000000000E+00   0.000000000000000E+00   0.000000000000000E+00   2.783874152120532E-05   0.000000000000000E+00   0.000000000000000E+00   0.000000000000000E+00   0.000000000000000E+00   0.000000000000000E+00   0.000000000000000E+00   0.000000000000000E+00   0.000000000000000E+00   0.000000000000000E+00   0.000000000000000E+00   0.000000000000000E+00   0.000000000000000E+00   0.000000000000000E+00   0.000000000000000E+00   0.000000000000000E+00   0.000000000000000E+00   0.000000000000000E+00   0.000000000000000E+00   0.000000000000000E+00   0.000000000000000E+00   0.000000000000000E+00   0.000000000000000E+00   0.000000000000000E+00   0.000000000000000E+00   0.000000000000000E+00   0.000000000000000E+00   0.000000000000000E+00   0.000000000000000E+00   7.621933437912669E-06  -7.172399959672113E-06   1.994246094963810E-05  -9.305732052535979E-06   0.000000000000000E+00   0.000000000000000E+00   0.000000000000000E+00   0.000000000000000E+00   0.000000000000000E+00   0.000000000000000E+00   0.000000000000000E+00   0.000000000000000E+00   0.000000000000000E+00   1.392626079674539E-05  -1.130717729519797E-06   6.421934962207176E-06  -2.104423091060386E-07  -2.576587404353663E-05  -3.552053017668595E-06   1.135987883891163E-05  -3.880527201781698E-06  -1.058719753559390E-05   0.000000000000000E+00   0.000000000000000E+00   0.000000000000000E+00   0.000000000000000E+00   0.000000000000000E+00   0.000000000000000E+00   0.000000000000000E+00   0.000000000000000E+00   0.000000000000000E+00   0.000000000000000E+00  -2.646579614460532E-05  -6.666860009962314E-06   3.358966409924313E-05  -2.316077096895972E-06   4.594908172077257E-04   3.311123646291947E-04  -8.250281009047611E-04   4.420061115063363E-04   0.000000000000000E+00   0.000000000000000E+00   0.000000000000000E+00   0.000000000000000E+00   0.000000000000000E+00   0.000000000000000E+00   0.000000000000000E+00   0.000000000000000E+00   0.000000000000000E+00   6.540609650306909E-05   1.717764064644313E-05  -2.160798689183842E-04  -2.678723535907059E-05   2.940994942949398E-02   1.498897029732550E-02  -4.442124310576684E-02   1.446330277126363E-02  -2.147643445058139E-04   0.000000000000000E+00   0.000000000000000E+00   0.000000000000000E+00   0.000000000000000E+00   0.000000000000000E+00   0.000000000000000E+00   5.460405808922518E-05   9.791707904298239E-03   1.305054969257797E-03  -1.752652477433711E-02  -2.488251784203921E-03   2.989705652782251E-01   1.578109797819305E-01  -2.070398949116122E-01   2.366956394522546E-01   0.000000000000000E+00   4.042731310122418E-02  -1.251469674600127E-02  -5.434796296896451E-02  -3.429342006834841E-02   1.000000000000000E+00   0.000000000000000E+00   0.000000000000000E+00   0.000000000000000E+00  -5.294994390362173E-02   3.311677989069621E-01  -1.522626476312908E-01  -1.584847007160675E-01  -3.069245885405198E-01  -1.736071807403402E-03  -4.568166196267082E-01  -6.643325921957799E-02
  -6.621725541643790E-06   6.462798210544987E-06   1.824204600581351E-05   1.160223251046401E-05  -1.044924075537615E-05   5.719964818329709E-06   1.620533822443447E-05   1.672309524537795E-05  -1.953136904558398E-05   9.691054530039910E-06   2.542610425913560E-05   1.004283325065730E-05   0.000000000000000E+00   0.000000000000000E+00   0.000000000000000E+00   0.000000000000000E+00  -2.627078889599347E-05   3.452267576661678E-07   8.950869666854922E-06   1.237561946542312E-05   3.432871289160530E-09  -3.180446270079030E-05  -1.151658706192775E-05  -1.562105760296046E-06  -7.600009930990605E-07  -2.631461923199613E-06   1.049290530284653E-05   2.118983174176581E-05   3.375243725703482E-06   0.000000000000000E+00   0.000000000000000E+00   0.000000000000000E+00   0.000000000000000E+00   0.000000000000000E+00  -1.901456344074662E-05   8.956798979500543E-06   9.267632634791936E-06   2.526558087108626E-05  -2.493472916430717E-05  -3.365703006086946E-05  -1.720701377878004E-05  -1.788252442881048E-05   5.248622296717525E-05   6.156816196725226E-06   0.000000000000000E+00   0.000000000000000E+00   0.000000000000000E+00   0.000000000000000E+00   0.000000000000000E+00   0.000000000000000E+00   0.000000000000000E+00   0.000000000000000E+00  -2.725691295096554E-05   1.163013960516965E-05   3.239455966826252E-06   2.559051581491432E-05   2.316557043661956E-07  -2.306106769849685E-05  -5.872173174454570E-05  -1.485568002671677E-05  -2.925221718280781E-05   0.000000000000000E+00   0.000000000000000E+00   0.000000000000000E+00   0.000000000000000E+00   0.000000000000000E+00   0.000000000000000E+00   0.000000000000000E+00   0.000000000000000E+00   0.000000000000000E+00  -3.636322192066014E-05  -1.050238426421667E-05  -4.317525884041185E-08  -4.841246549508385E-07   1.418891464958290E-05   3.441066533808955E-05   0.000000000000000E+00   0.000000000000000E+00   0.000000000000000E+00   0.000000000000000E+00   0.000000000000000E+00   0.000000000000000E+00   0.000000000000000E+00   0.000000000000000E+00   0.000000000000000E+00   5.950390950508115E-05   0.000000000000000E+00   0.000000000000000E+00   0.000000000000000E+00   0.000000000000000E+00   0.000000000000000E+00   0.000000000000000E+00   0.000000000000000E+00   0.000000000000000E+00   0.000000000000000E+00   0.000000000000000E+00   0.000000000000000E+00   0.000000000000000E+00   0.000000000000000E+00   0.000000000000000E+00   0.000000000000000E+00   0.000000000000000E+00   0.000000000000000E+00   0.000000000000000E+00   0.000000000000000E+00   0.000000000000000E+00   0.000000000000000E+00   0.000000000000000E+00   0.000000000000000E+00   0.000000000000000E+00   0.000000000000000E+00   0.000000000000000E+00   0.000000000000000E+00   0.000000000000000E+00   7.172399959672113E-06   3.298060818281324E-06  -1.747949695911104E-05   8.156441450499947E-06   0.000000000000000E+00   0.000000000000000E+00   0.000000000000000E+00   0.000000000000000E+00   0.000000000000000E+00   0.000000000000000E+00   0.000000000000000E+00   0.000000000000000E+00   0.000000000000000E+00   1.130717729519797E-06   1.481473471438373E-06  -9.330264616231757E-06   3.057462341124897E-07   3.552053017668595E-06  -1.439176257174821E-05   2.766830089462420E-05  -9.451473538687562E-06  -8.971903341106237E-06   0.000000000000000E+00   0.000000000000000E+00   0.000000000000000E+00   0.000000000000000E+00   0.000000000000000E+00   0.000000000000000E+00   0.000000000000000E+00   0.000000000000000E+00   0.000000000000000E+00   0.000000000000000E+00   6.666860009962314E-06  -1.078285007948198E-05   1.001267831035289E-05  -6.903949633041408E-07  -3.311123646291947E-04  -6.146846546445383E-05   5.625870156016979E-04  -3.014041568733989E-04   0.000000000000000E+00   0.000000000000000E+00   0.000000000000000E+00   0.000000000000000E+00   0.000000000000000E+00   0.000000000000000E+00   0.000000000000000E+00   0.000000000000000E+00   0.000000000000000E+00  -1.717764064644313E-05   3.135998619824398E-05   3.892594706500031E-05   4.825616152140176E-06  -1.498897029732550E-02   4.041452174747040E-03   2.462796090377539E-02  -8.018723256844299E-03   2.007976743123347E-04   0.000000000000000E+00   0.000000000000000E+00   0.000000000000000E+00   0.000000000000000E+00   0.000000000000000E+00   0.000000000000000E+00  -9.188771839990653E-07  -1.305054969257797E-03   3.569309837383416E-03   2.494991028147354E-03   3.542154509974858E-04  -1.578109797819305E-01   7.496279706149125E-02   1.361427478423682E-01  -1.556434076200308E-01   0.000000000000000E+00   1.251469674600127E-02   1.327011576835016E-02  -1.843853322468015E-02  -1.163466541844894E-02   0.000000000000000E+00   1.000000000000000E+00   0.000000000000000E+00   0.000000000000000E+00   3.564320195305368E-02   1.522626476312908E-01   1.151669697277874E-01  -9.237789314351227E-02  -1.789008447831717E-01  -9.876624689168368E-04  -7.145764691940888E-02  -5.774172994723824E-02
  -1.415102344340222E-05   1.824204600581351E-05   3.691109288210731E-05   2.479466465634007E-05  -1.775435339071629E-05   1.620533822443447E-05   2.371695489114609E-05   2.841428862860566E-05  -3.131906542343371E-05   2.542610425913560E-05   3.460611538268424E-05   1.610394800691592E-05   0.000000000000000E+00   0.000000000000000E+00   0.000000000000000E+00   0.000000000000000E+00  -2.454258109750982E-05   8.950869666854922E-06  -8.738915224737741E-07   1.156149689925717E-05   7.652507519168950E-09  -3.096982123475068E-05  -1.562105760296046E-06  -1.143349387866484E-05  -7.400563598870676E-07  -5.277850700770854E-06   2.118983174176581E-05   4.242781593837697E-05   6.769633376004296E-06   0.000000000000000E+00   0.000000000000000E+00   0.000000000000000E+00   0.000000000000000E+00   0.000000000000000E+00  -1.166677859617943E-05   9.267632634791936E-06  -4.612789215474088E-07   1.550221960369421E-05  -1.734014321610870E-05  -1.720701377878004E-05  -2.087986286983142E-05  -1.243588942225242E-05   4.318282267448134E-05   1.027734039231282E-05   0.000000000000000E+00   0.000000000000000E+00   0.000000000000000E+00   0.000000000000000E+00   0.000000000000000E+00   0.000000000000000E+00   0.000000000000000E+00   0.000000000000000E+00  -4.553865683310087E-06   3.239455966826252E-06  -7.218223939147557E-06   4.275457459081562E-06   1.895317694318136E-07  -6.742555850999770E-06  -1.485568002671677E-05  -1.225542086891378E-05  -8.552713634048819E-06   0.000000000000000E+00   0.000000000000000E+00   0.000000000000000E+00   0.000000000000000E+00   0.000000000000000E+00   0.000000000000000E+00   0.000000000000000E+00   0.000000000000000E+00   0.000000000000000E+00  -2.685091915099483E-06  -4.317525884041185E-08  -9.920865556411739E-06  -3.574818534356167E-08  -6.913125300381243E-07   7.491544717959415E-06   0.000000000000000E+00   0.000000000000000E+00   0.000000000000000E+00   0.000000000000000E+00   0.000000000000000E+00   0.000000000000000E+00   0.000000000000000E+00   0.000000000000000E+00   0.000000000000000E+00  -8.783895489297142E-06   0.000000000000000E+00   0.000000000000000E+00   0.000000000000000E+00   0.000000000000000E+00   0.000000000000000E+00   0.000000000000000E+00   0.000000000000000E+00   0.000000000000000E+00   0.000000000000000E+00   0.000000000000000E+00   0.000000000000000E+00   0.000000000000000E+00   0.000000000000000E+00   0.000000000000000E+00   0.000000000000000E+00   0.000000000000000E+00   0.000000000000000E+00   0.000000000000000E+00   0.000000000000000E+00   0.000000000000000E+00   0.000000000000000E+00   0.000000000000000E+00   0.000000000000000E+00   0.000000000000000E+00   0.000000000000000E+00   0.000000000000000E+00   0.000000000000000E+00   0.000000000000000E+00  -1.994246094963810E-05  -1.747949695911104E-05   4.561225090130961E-05  -2.267853382817217E-05   0.000000000000000E+00   0.000000000000000E+00   0.000000000000000E+00   0.000000000000000E+00   0.000000000000000E+00   0.000000000000000E+00   0.000000000000000E+00   0.000000000000000E+00   0.000000000000000E+00  -6.421934962207176E-06  -9.330264616231757E-06   5.283011544938273E-05  -1.736492122790050E-06  -1.135987883891163E-05   2.766830089462420E-05  -9.422677148312730E-05   3.022691207439839E-05   1.961273261608199E-05   0.000000000000000E+00   0.000000000000000E+00   0.000000000000000E+00   0.000000000000000E+00   0.000000000000000E+00   0.000000000000000E+00   0.000000000000000E+00   0.000000000000000E+00   0.000000000000000E+00   0.000000000000000E+00  -3.358966409924313E-05   1.001267831035289E-05  -5.924245075393622E-05   3.478419357619969E-06   8.250281009047611E-04   5.625870156016979E-04  -1.237473090420907E-03   7.510045703927050E-04   0.000000000000000E+00   0.000000000000000E+00   0.000000000000000E+00   0.000000000000000E+00   0.000000000000000E+00   0.000000000000000E+00   0.000000000000000E+00   0.000000000000000E+00   0.000000000000000E+00   2.160798689183842E-04   3.892594706500031E-05  -4.552002905395259E-04  -6.070207935225354E-05   4.442124310576684E-02   2.462796090377539E-02  -6.063569586734537E-02   2.376425118766861E-02  -3.296356821813735E-04   0.000000000000000E+00   0.000000000000000E+00   0.000000000000000E+00   0.000000000000000E+00   0.000000000000000E+00   0.000000000000000E+00  -2.654474445842108E-05   1.752652477433711E-02   2.494991028147354E-03  -2.975194351280705E-02  -4.757014856539799E-03   2.070398949116122E-01   1.361427478423682E-01   1.219121009640584E-04   2.041961516357439E-01   0.000000000000000E+00   5.434796296896451E-02  -1.843853322468015E-02  -6.255763810552338E-02  -5.052622353955126E-02   0.000000000000000E+00   0.000000000000000E+00   1.000000000000000E+00   0.000000000000000E+00  -1.724306579023189E-02   1.584847007160675E-01  -9.237789314351227E-02   1.077653209143493E-01  -1.862114398008531E-01  -2.401355772420446E-03   4.562902360662746E-01   9.402604578447255E-04
  -9.000276843894396E-06   1.160223251046401E-05   2.479466465634007E-05   1.369655233436950E-05  -1.832160110829214E-05   1.672309524537795E-05   2.841428862860566E-05   2.550450856766457E-05  -1.237044214120848E-05   1.004283325065730E-05   1.610394800691592E-05   1.954433235327088E-07   0.000000000000000E+00   0.000000000000000E+00   0.000000000000000E+00   0.000000000000000E+00  -3.393297586342690E-05   1.237561946542312E-05   1.156149689925717E-05   6.749181873455857E-06   9.359588685657292E-09  -1.506754247551729E-05  -7.600009930990605E-07  -7.400563598870676E-07  -1.027243704055420E-05  -8.406877732712029E-07   3.375243725703482E-06   6.769633376004296E-06   1.006261928979409E-06   0.000000000000000E+00   0.000000000000000E+00   0.000000000000000E+00   0.000000000000000E+00   0.000000000000000E+00  -3.180617421327548E-05   2.526558087108626E-05   1.550221960369421E-05   3.611479346064434E-05  -1.802088024381886E-05  -1.788252442881048E-05  -1.243588942225242E-05  -2.183783389032078E-05   9.726666145551636E-06  -8.546010528407587E-09   0.000000000000000E+00   0.000000000000000E+00   0.000000000000000E+00   0.000000000000000E+00   0.000000000000000E+00   0.000000000000000E+00   0.000000000000000E+00   0.000000000000000E+00  -3.597387122440637E-05   2.559051581491432E-05   4.275457459081562E-06   2.601510203439599E-05   5.289842247613079E-07  -1.327672026901129E-05  -2.925221718280781E-05  -8.552713634048819E-06  -2.475303183245867E-05   0.000000000000000E+00   0.000000000000000E+00   0.000000000000000E+00   0.000000000000000E+00   0.000000000000000E+00   0.000000000000000E+00   0.000000000000000E+00   0.000000000000000E+00   0.000000000000000E+00  -3.010796534454368E-05  -4.841246549508385E-07  -3.574818534356167E-08  -1.031852225544694E-05   2.162800187323845E-05   1.100966227667818E-05   0.000000000000000E+00   0.000000000000000E+00   0.000000000000000E+00   0.000000000000000E+00   0.000000000000000E+00   0.000000000000000E+00   0.000000000000000E+00   0.000000000000000E+00   0.000000000000000E+00   4.556175788506750E-05   0.000000000000000E+00   0.000000000000000E+00   0.000000000000000E+00   0.000000000000000E+00   0.000000000000000E+00   0.000000000000000E+00   0.000000000000000E+00   0.000000000000000E+00   0.000000000000000E+00   0.000000000000000E+00   0.000000000000000E+00   0.000000000000000E+00   0.000000000000000E+00   0.000000000000000E+00   0.000000000000000E+00   0.000000000000000E+00   0.000000000000000E+00   0.000000000000000E+00   0.000000000000000E+00   0.000000000000000E+00   0.000000000000000E+00   0.000000000000000E+00   0.000000000000000E+00   0.000000000000000E+00   0.000000000000000E+00   0.000000000000000E+00   0.000000000000000E+00   0.000000000000000E+00   9.305732052535979E-06   8.156441450499947E-06  -2.267853382817217E-05   7.593940653827961E-06   0.000000000000000E+00   0.000000000000000E+00   0.000000000000000E+00   0.000000000000000E+00   0.000000000000000E+00   0.000000000000000E+00   0.000000000000000E+00   0.000000000000000E+00   0.000000000000000E+00   2.104423091060386E-07   3.057462341124897E-07  -1.736492122790050E-06  -1.044136903836074E-07   3.880527201781698E-06  -9.451473538687562E-06   3.022691207439839E-05  -1.606581940930124E-05  -1.367480429366029E-05   0.000000000000000E+00   0.000000000000000E+00   0.000000000000000E+00   0.000000000000000E+00   0.000000000000000E+00   0.000000000000000E+00   0.000000000000000E+00   0.000000000000000E+00   0.000000000000000E+00   0.000000000000000E+00   2.316077096895972E-06  -6.903949633041408E-07   3.478419357619969E-06  -9.035382851500728E-06  -4.420061115063363E-04  -3.014041568733989E-04   7.510045703927050E-04  -2.380310488206563E-04   0.000000000000000E+00   0.000000000000000E+00   0.000000000000000E+00   0.000000000000000E+00   0.000000000000000E+00   0.000000000000000E+00   0.000000000000000E+00   0.000000000000000E+00   0.000000000000000E+00   2.678723535907059E-05   4.825616152140176E-06  -6.070207935225354E-05   2.692928675048389E-05  -1.446330277126363E-02  -8.018723256844299E-03   2.376425118766861E-02   4.614110944115603E-03   3.221059643859107E-04   0.000000000000000E+00   0.000000000000000E+00   0.000000000000000E+00   0.000000000000000E+00   0.000000000000000E+00   0.000000000000000E+00  -7.570339698889148E-06   2.488251784203921E-03   3.542154509974858E-04  -4.757014856539799E-03   3.079734729071229E-03  -2.366956394522546E-01  -1.556434076200308E-01   2.041961516357439E-01  -5.471036698916205E-02   0.000000000000000E+00   3.429342006834841E-02  -1.163466541844894E-02  -5.052622353955126E-02  -1.436595878735792E-02   0.000000000000000E+00   0.000000000000000E+00   0.000000000000000E+00   1.000000000000000E+00   7.423782294386767E-02   3.069245885405198E-01  -1.789008447831717E-01  -1.862114398008531E-01  -1.567025972089959E-01  -2.034425116105492E-03   1.352257825597587E-01  -8.526849448241140E-02
   0.000000000000000E+00   0.000000000000000E+00   0.000000000000000E+00   0.000000000000000E+00   0.000000000000000E+00   0.000000000000000E+00   0.000000000000000E+00   0.000000000000000E+00   0.000000000000000E+00   0.000000000000000E+00   0.000000000000000E+00   0.000000000000000E+00   0.000000000000000E+00   0.000000000000000E+00   0.000000000000000E+00   0.000000000000000E+00   0.000000000000000E+00   0.000000000000000E+00   0.000000000000000E+00   0.000000000000000E+00   0.000000000000000E+00  -1.826087081552258E-06  -2.353988177572337E-06  -1.607716281803840E-06  -1.870871163145764E-06   0.000000000000000E+00   0.000000000000000E+00   0.000000000000000E+00   0.000000000000000E+00   0.000000000000000E+00   0.000000000000000E+00   0.000000000000000E+00   0.000000000000000E+00   0.000000000000000E+00   0.000000000000000E+00   0.000000000000000E+00   0.000000000000000E+00   0.000000000000000E+00   0.000000000000000E+00   0.000000000000000E+00   0.000000000000000E+00   0.000000000000000E+00   0.000000000000000E+00   0.000000000000000E+00   0.000000000000000E+00   0.000000000000000E+00   0.000000000000000E+00   0.000000000000000E+00   0.000000000000000E+00   0.000000000000000E+00   0.000000000000000E+00   0.000000000000000E+00   0.000000000000000E+00   0.000000000000000E+00   0.000000000000000E+00   0.000000000000000E+00   0.000000000000000E+00   0.000000000000000E+00   0.000000000000000E+00   0.000000000000000E+00   0.000000000000000E+00   0.000000000000000E+00   0.000000000000000E+00   0.000000000000000E+00   0.000000000000000E+00   0.000000000000000E+00   0.000000000000000E+00   0.000000000000000E+00   0.000000000000000E+00   0.000000000000000E+00   0.000000000000000E+00   0.000000000000000E+00   0.000000000000000E+00   0.000000000000000E+00   0.000000000000000E+00   0.000000000000000E+00   0.000000000000000E+00   0.000000000000000E+00   0.000000000000000E+00   0.000000000000000E+00   0.000000000000000E+00   0.000000000000000E+00   0.000000000000000E+00   0.000000000000000E+00   0.000000000000000E+00   0.000000000000000E+00   0.000000000000000E+00   0.000000000000000E+00   0.000000000000000E+00   0.000000000000000E+00   0.000000000000000E+00   0.000000000000000E+00   0.000000000000000E+00   0.000000000000000E+00   0.000000000000000E+00   0.000000000000000E+00   0.000000000000000E+00   0.000000000000000E+00   0.000000000000000E+00   0.000000000000000E+00   0.000000000000000E+00   0.000000000000000E+00  -1.024486115725810E-05   4.336244852640312E-06  -2.381375227702817E-05   1.535794334423796E-06   0.000000000000000E+00   0.000000000000000E+00   0.000000000000000E+00   0.000000000000000E+00   0.000000000000000E+00   0.000000000000000E+00   0.000000000000000E+00   0.000000000000000E+00   6.308258274176393E-05   6.244433587711915E-06  -3.006184261697973E-05   3.759036715444154E-06   0.000000000000000E+00   0.000000000000000E+00   0.000000000000000E+00   0.000000000000000E+00   0.000000000000000E+00   0.000000000000000E+00   0.000000000000000E+00   0.000000000000000E+00   0.000000000000000E+00  -8.549132529634611E-06   1.712867768058656E-06  -4.568953532719788E-05  -1.280874250885793E-05  -1.154037586526254E-04  -4.182614542774376E-05   3.402647887018442E-04   2.964752245871649E-05  -9.469822052080734E-05   0.000000000000000E+00   0.000000000000000E+00   0.000000000000000E+00   0.000000000000000E+00   0.000000000000000E+00   0.000000000000000E+00   0.000000000000000E+00   0.000000000000000E+00   0.000000000000000E+00   0.000000000000000E+00   5.725558297988562E-05  -3.239526766303542E-07   1.601996983519081E-05   5.369605190543663E-06  -1.065799712381117E-02  -2.465675379011575E-03   1.899134567562143E-02   1.493922993883132E-03   0.000000000000000E+00   0.000000000000000E+00   0.000000000000000E+00   0.000000000000000E+00   0.000000000000000E+00   0.000000000000000E+00   0.000000000000000E+00   0.000000000000000E+00   0.000000000000000E+00   1.597841797844394E-05   1.594120706555347E-05   1.049317447599454E-04   6.712233321548237E-05  -5.364220785181340E-02   6.274716962208729E-03   7.104471825207673E-02   4.646344968161162E-02   2.527103565939484E-02   0.000000000000000E+00   0.000000000000000E+00   0.000000000000000E+00   0.000000000000000E+00   0.000000000000000E+00   0.000000000000000E+00  -8.045721100660968E-05  -1.414539858918901E-03   5.592195455693975E-04   1.894188871913279E-03   1.831826641137822E-03  -4.423399265323273E-01   1.255568434928896E-01   1.684986403992653E-01   4.228664352573462E-01   0.000000000000000E+00  -4.670175838019501E-04   3.411491967452873E-04   3.776377210071875E-04   7.844682014425253E-04  -5.294994390362173E-02   3.564320195305368E-02  -1.724306579023189E-02   7.423782294386767E-02   1.000000000000000E+00  -1.725696543939158E-03   1.432243870779000E-03   1.174059833921491E-04   2.947451292882708E-03  -8.423454491285248E-05   2.173438123847794E-02   8.164571764904966E-05
  -2.603574159700971E-05   1.287724382103674E-05   3.174788395753593E-05   1.497022716117596E-05  -2.420056514123781E-05   9.709631575541205E-07   1.840035076807689E-06   1.626639525643681E-06  -2.556089014883060E-05   5.432972077293496E-06   9.381221877756843E-06   1.796632309521448E-06   5.968002776353154E-06   4.803460714334588E-06   2.404134896788161E-05   1.006215595942641E-05   5.145814288710200E-05  -1.075393057232535E-04  -9.794543857290791E-05  -1.217983859616163E-04   5.095663995563215E-05   3.594831971893834E-05  -1.119615336745823E-04  -1.077281023887183E-04  -2.328008321300866E-05  -9.055603589777052E-06   1.904936445352771E-05   4.238581691652525E-05  -1.261574650288091E-06   1.513070111874073E-05  -1.092456889493300E-06  -6.331369333710875E-06  -1.310933518882023E-06   0.000000000000000E+00  -8.450552700933014E-06  -2.699130744288248E-05  -1.395906884766860E-05  -4.306020197453508E-05   1.968152482888610E-04  -3.725395129288237E-04  -2.369167254756314E-04  -1.863127869285708E-04   2.779612780494117E-05   1.837525135574400E-05   1.595341209586014E-05  -4.696216017914708E-07  -1.715454456277402E-06  -2.908413054622418E-08   0.000000000000000E+00   0.000000000000000E+00   0.000000000000000E+00   0.000000000000000E+00  -2.033865751212967E-06  -4.490084192076879E-05  -3.540776446838758E-07  -5.356760243580216E-05   5.568032533825666E-05   1.710554509646536E-04  -3.961757879859083E-04  -7.327963138899637E-05  -1.462160697082611E-04   0.000000000000000E+00   0.000000000000000E+00   0.000000000000000E+00   0.000000000000000E+00   0.000000000000000E+00   0.000000000000000E+00   0.000000000000000E+00   0.000000000000000E+00   0.000000000000000E+00   4.969851938180280E-05  -1.556346470758396E-04   1.088064016776017E-05  -1.013819372465046E-04   5.897728292872796E-05  -4.292818689541775E-05   0.000000000000000E+00   0.000000000000000E+00   0.000000000000000E+00   0.000000000000000E+00   0.000000000000000E+00   0.000000000000000E+00   0.000000000000000E+00   0.000000000000000E+00   0.000000000000000E+00   5.393526400980118E-05   0.000000000000000E+00   0.000000000000000E+00   0.000000000000000E+00   0.000000000000000E+00   0.000000000000000E+00   0.000000000000000E+00   0.000000000000000E+00   0.000000000000000E+00   0.000000000000000E+00   0.000000000000000E+00   0.000000000000000E+00   0.000000000000000E+00   0.000000000000000E+00   0.000000000000000E+00   0.000000000000000E+00   0.000000000000000E+00   0.000000000000000E+00   0.000000000000000E+00   0.000000000000000E+00   0.000000000000000E+00   0.000000000000000E+00   0.000000000000000E+00   0.000000000000000E+00   0.000000000000000E+00   0.000000000000000E+00   0.000000000000000E+00   0.000000000000000E+00   0.000000000000000E+00   1.326937358304321E-05  -3.305693445152743E-06   6.450546854367803E-06  -4.804127043999840E-06   0.000000000000000E+00   0.000000000000000E+00   0.000000000000000E+00   0.000000000000000E+00   0.000000000000000E+00   0.000000000000000E+00   0.000000000000000E+00   0.000000000000000E+00   0.000000000000000E+00   7.717491227464566E-06  -6.131639392526247E-06   2.159358597187960E-05  -4.743411603760693E-06  -2.672982722400982E-05  -1.172605671122188E-05   2.379584288633374E-05  -1.579557208934828E-05   0.000000000000000E+00   0.000000000000000E+00   0.000000000000000E+00   0.000000000000000E+00   0.000000000000000E+00   0.000000000000000E+00   0.000000000000000E+00   0.000000000000000E+00   0.000000000000000E+00   0.000000000000000E+00  -1.039573904310717E-05  -2.563241147802689E-05  -3.571765824427835E-06   1.042667966781890E-05  -3.318049100413059E-06   9.491452660362081E-05   1.192843273972514E-04  -1.713620861220222E-04   1.834911786145541E-04   0.000000000000000E+00   0.000000000000000E+00   0.000000000000000E+00   0.000000000000000E+00   0.000000000000000E+00   0.000000000000000E+00   0.000000000000000E+00   0.000000000000000E+00   0.000000000000000E+00   4.186651506732840E-04   2.093133456294464E-04  -8.786519522909616E-04   1.340942629470700E-04   1.207969307156464E-02   1.001948516635312E-02  -1.298089832470809E-02   1.405377911946236E-02   3.741670691945844E-05   0.000000000000000E+00   0.000000000000000E+00   0.000000000000000E+00   0.000000000000000E+00   0.000000000000000E+00   0.000000000000000E+00  -1.209843028382900E-04   2.869035312711555E-02   1.448929634434914E-02  -4.376199871331669E-02   1.325687515947688E-02   3.978126809001221E-02   3.197734890367172E-02  -7.217572876781662E-03   5.557798878902685E-02   0.000000000000000E+00   2.997020532913380E-01   2.263363966419723E-02  -3.498451473964890E-01  -3.630813548769346E-02   3.311677989069621E-01   1.522626476312908E-01   1.584847007160675E-01   3.069245885405198E-01  -1.725696543939158E-03   1.000000000000000E+00   0.000000000000000E+00   0.000000000000000E+00   0.000000000000000E+00  -5.479972678570087E-02  -5.865429017323542E-02  -4.551413440763009E-01
  -1.287724382103674E-05  -1.425275840328164E-05  -1.257883227106954E-05  -5.931355197471158E-06  -9.709631575541205E-07  -2.149584732413620E-05  -3.280098711872035E-05  -2.899693750404313E-05  -5.432972077293496E-06  -3.258126056610982E-05  -4.675386834102082E-05  -8.954005304549430E-06  -4.803460714334588E-06  -1.436924374398755E-06   1.089544849705261E-05   4.560131054696871E-06   1.075393057232535E-04  -1.152406040575175E-04  -1.318198492299247E-04  -1.639223337793030E-04   1.683394905386950E-05   1.119615336745823E-04  -1.769090112856427E-04  -1.931168412561419E-04  -4.173262161487013E-05  -1.904936445352771E-05   4.254549917585928E-07   1.893817385932619E-05  -5.636772345505886E-07   1.092456889493300E-06   2.634702441357718E-06   5.473079454189312E-06   1.133221413857412E-06   0.000000000000000E+00   2.699130744288248E-05  -5.390512201869350E-05  -3.060677040462732E-05  -9.441415683192887E-05   3.725395129288237E-04  -5.201372517302507E-04  -3.806253091202007E-04  -2.993261112121336E-04  -7.888090284823281E-05   3.428844447861677E-05   4.696216017914708E-07   4.268430991329329E-06   1.157725291057112E-05   1.962828764037179E-07   0.000000000000000E+00   0.000000000000000E+00   0.000000000000000E+00   0.000000000000000E+00   4.490084192076879E-05  -9.626050540790123E-05  -8.247631765179829E-07  -1.247765471972949E-04   2.412068970745455E-05   3.961757879859083E-04  -6.917563568352870E-04  -1.408903723686800E-04  -2.811209079113234E-04   0.000000000000000E+00   0.000000000000000E+00   0.000000000000000E+00   0.000000000000000E+00   0.000000000000000E+00   0.000000000000000E+00   0.000000000000000E+00   0.000000000000000E+00   0.000000000000000E+00   1.556346470758396E-04  -2.819288862900332E-04   2.172738448051053E-05  -2.024480449652850E-04   3.239412740916337E-05  -2.267452991440881E-04   0.000000000000000E+00   0.000000000000000E+00   0.000000000000000E+00   0.000000000000000E+00   0.000000000000000E+00   0.000000000000000E+00   0.000000000000000E+00   0.000000000000000E+00   0.000000000000000E+00  -2.498122146736765E-05   0.000000000000000E+00   0.000000000000000E+00   0.000000000000000E+00   0.000000000000000E+00   0.000000000000000E+00   0.000000000000000E+00   0.000000000000000E+00   0.000000000000000E+00   0.000000000000000E+00   0.000000000000000E+00   0.000000000000000E+00   0.000000000000000E+00   0.000000000000000E+00   0.000000000000000E+00   0.000000000000000E+00   0.000000000000000E+00   0.000000000000000E+00   0.000000000000000E+00   0.000000000000000E+00   0.000000000000000E+00   0.000000000000000E+00   0.000000000000000E+00   0.000000000000000E+00   0.000000000000000E+00   0.000000000000000E+00   0.000000000000000E+00   0.000000000000000E+00   0.000000000000000E+00   3.305693445152743E-06   7.683945040551170E-06  -1.598428376496819E-05   1.190449920726562E-05   0.000000000000000E+00   0.000000000000000E+00   0.000000000000000E+00   0.000000000000000E+00   0.000000000000000E+00   0.000000000000000E+00   0.000000000000000E+00   0.000000000000000E+00   0.000000000000000E+00   6.131639392526247E-06   1.720246744971806E-06  -1.645173646768545E-05   3.613913768859735E-06   1.172605671122188E-05  -1.740966479622060E-05   1.835483996639583E-05  -1.218385914138659E-05   0.000000000000000E+00   0.000000000000000E+00   0.000000000000000E+00   0.000000000000000E+00   0.000000000000000E+00   0.000000000000000E+00   0.000000000000000E+00   0.000000000000000E+00   0.000000000000000E+00   0.000000000000000E+00  -5.553267730628688E-06   3.571765824427835E-06  -1.614372790308674E-05   3.082263584626272E-05  -9.808589349656776E-06  -1.192843273972514E-04  -6.714421711475328E-05   1.605824204182047E-04  -1.719485228858190E-04   0.000000000000000E+00   0.000000000000000E+00   0.000000000000000E+00   0.000000000000000E+00   0.000000000000000E+00   0.000000000000000E+00   0.000000000000000E+00   0.000000000000000E+00   0.000000000000000E+00  -2.093133456294464E-04   5.279965127952713E-05   4.116587418742729E-04  -6.282473445079100E-05  -1.001948516635312E-02  -4.197186261608357E-03   1.153432628647488E-02  -1.248764683823003E-02   3.560093771144069E-05   0.000000000000000E+00   0.000000000000000E+00   0.000000000000000E+00   0.000000000000000E+00   0.000000000000000E+00   0.000000000000000E+00   3.234694228124161E-05  -1.448929634434914E-02   4.065596686823885E-03   2.402931026046057E-02  -7.279227998202180E-03  -3.197734890367172E-02  -1.095176579139589E-02   6.355843827516166E-03  -4.894235541796317E-02   0.000000000000000E+00  -2.263363966419723E-02   1.771624091588353E-01   3.292608135630157E-02   3.417182235798000E-03  -1.522626476312908E-01   1.151669697277874E-01  -9.237789314351227E-02  -1.789008447831717E-01   1.432243870779000E-03   0.000000000000000E+00   1.000000000000000E+00   0.000000000000000E+00   0.000000000000000E+00  -1.847274149376784E-02   1.670814625225248E-02  -2.823036251243210E-01
  -3.174788395753593E-05  -1.257883227106954E-05  -4.016283688741447E-05  -1.462331374145569E-05  -1.840035076807689E-06  -3.280098711872035E-05  -6.634707660740001E-05  -5.495098522774361E-05  -9.381221877756843E-06  -4.675386834102082E-05  -8.623541034692640E-05  -1.546106058738211E-05  -2.404134896788161E-05   1.089544849705261E-05   5.091794883159375E-05   2.282348259830173E-05   9.794543857290791E-05  -1.318198492299247E-04  -9.056870090129535E-05  -1.492983869100497E-04   4.580160082302905E-05   1.077281023887183E-04  -1.931168412561419E-04  -1.620179934150983E-04  -4.015464942936028E-05  -4.238581691652525E-05   1.893817385932619E-05   3.405252529398748E-05  -1.254210875221615E-06   6.331369333710875E-06   5.473079454189312E-06   3.340975011894761E-05   6.567621456741521E-06   0.000000000000000E+00   1.395906884766860E-05  -3.060677040462732E-05  -1.055263132168112E-05  -4.882807986239326E-05   2.369167254756314E-04  -3.806253091202007E-04  -1.636821853269917E-04  -1.903566189803932E-04  -6.232907267612402E-05   6.134643691644124E-05   1.715454456277402E-06   1.157725291057112E-05   4.338894937803406E-05   7.169907298412943E-07   0.000000000000000E+00   0.000000000000000E+00   0.000000000000000E+00   0.000000000000000E+00   3.540776446838758E-07  -8.247631765179829E-07   8.321804953408118E-06  -9.839589649870014E-07   1.829557442509032E-05   7.327963138899637E-05  -1.408903723686800E-04   4.388704335383934E-05  -5.199822183029146E-05   0.000000000000000E+00   0.000000000000000E+00   0.000000000000000E+00   0.000000000000000E+00   0.000000000000000E+00   0.000000000000000E+00   0.000000000000000E+00   0.000000000000000E+00   0.000000000000000E+00  -1.088064016776017E-05   2.172738448051053E-05   2.733657543511397E-05   1.415343158686514E-05  -7.924907240809409E-06  -2.575048831484827E-05   0.000000000000000E+00   0.000000000000000E+00   0.000000000000000E+00   0.000000000000000E+00   0.000000000000000E+00   0.000000000000000E+00   0.000000000000000E+00   0.000000000000000E+00   0.000000000000000E+00   7.674174948806615E-06   0.000000000000000E+00   0.000000000000000E+00   0.000000000000000E+00   0.000000000000000E+00   0.000000000000000E+00   0.000000000000000E+00   0.000000000000000E+00   0.000000000000000E+00   0.000000000000000E+00   0.000000000000000E+00   0.000000000000000E+00   0.000000000000000E+00   0.000000000000000E+00   0.000000000000000E+00   0.000000000000000E+00   0.000000000000000E+00   0.000000000000000E+00   0.000000000000000E+00   0.000000000000000E+00   0.000000000000000E+00   0.000000000000000E+00   0.000000000000000E+00   0.000000000000000E+00   0.000000000000000E+00   0.000000000000000E+00   0.000000000000000E+00   0.000000000000000E+00   0.000000000000000E+00  -6.450546854367803E-06  -1.598428376496819E-05   3.068336933664588E-05  -2.322977952684995E-05   0.000000000000000E+00   0.000000000000000E+00   0.000000000000000E+00   0.000000000000000E+00   0.000000000000000E+00   0.000000000000000E+00   0.000000000000000E+00   0.000000000000000E+00   0.000000000000000E+00  -2.159358597187960E-05  -1.645173646768545E-05   5.498618996843987E-05  -1.272699724611179E-05  -2.379584288633374E-05   1.835483996639583E-05  -4.561253300604509E-05   2.472486744842337E-05   0.000000000000000E+00   0.000000000000000E+00   0.000000000000000E+00   0.000000000000000E+00   0.000000000000000E+00   0.000000000000000E+00   0.000000000000000E+00   0.000000000000000E+00   0.000000000000000E+00   0.000000000000000E+00   2.413948440838614E-05  -1.042667966781890E-05   3.082263584626272E-05  -9.556239206906587E-05   2.863318150439895E-05   1.713620861220222E-04   1.605824204182047E-04  -1.860538741549125E-04   2.470186840990912E-04   0.000000000000000E+00   0.000000000000000E+00   0.000000000000000E+00   0.000000000000000E+00   0.000000000000000E+00   0.000000000000000E+00   0.000000000000000E+00   0.000000000000000E+00   0.000000000000000E+00   8.786519522909616E-04   4.116587418742729E-04  -1.577188558916746E-03   2.637245867498237E-04   1.298089832470809E-02   1.153432628647488E-02  -1.023773171661198E-02   1.617856319267628E-02  -3.421770341703966E-05   0.000000000000000E+00   0.000000000000000E+00   0.000000000000000E+00   0.000000000000000E+00   0.000000000000000E+00   0.000000000000000E+00  -3.507725842134141E-04   4.376199871331669E-02   2.402931026046057E-02  -6.055415177531572E-02   2.198544075023348E-02   7.217572876781662E-03   6.355843827516166E-03   1.577313477710210E-02   1.104672617028419E-02   0.000000000000000E+00   3.498451473964890E-01   3.292608135630157E-02  -3.296414445299635E-01  -5.281892973026692E-02  -1.584847007160675E-01  -9.237789314351227E-02   1.077653209143493E-01  -1.862114398008531E-01   1.174059833921491E-04   0.000000000000000E+00   0.000000000000000E+00   1.000000000000000E+00   0.000000000000000E+00  -7.526239550423616E-02   6.779103083799244E-02   2.648821929871142E-01
  -1.497022716117596E-05  -5.931355197471158E-06  -1.462331374145569E-05  -1.604606338374587E-05  -1.626639525643681E-06  -2.899693750404313E-05  -5.495098522774361E-05  -5.276530258943846E-05  -1.796632309521448E-06  -8.954005304549430E-06  -1.546106058738211E-05  -8.465572528939318E-06  -1.006215595942641E-05   4.560131054696871E-06   2.282348259830173E-05   5.938601136154281E-06   1.217983859616163E-04  -1.639223337793030E-04  -1.492983869100497E-04  -1.561663229474593E-04   5.084651495033998E-05   2.328008321300866E-05  -4.173262161487013E-05  -4.015464942936028E-05   1.511937951139239E-05   1.261574650288091E-06  -5.636772345505886E-07  -1.254210875221615E-06  -8.048556397278606E-06   1.310933518882023E-06   1.133221413857412E-06   6.567621456741521E-06   3.050191036611739E-06   0.000000000000000E+00   4.306020197453508E-05  -9.441415683192887E-05  -4.882807986239326E-05  -1.453460515683429E-04   1.863127869285708E-04  -2.993261112121336E-04  -1.903566189803932E-04  -7.132092243980374E-05   6.948115061079701E-06  -1.324071918883640E-05   2.908413054622418E-08   1.962828764037179E-07   7.169907298412943E-07   1.111206394429623E-06   0.000000000000000E+00   0.000000000000000E+00   0.000000000000000E+00   0.000000000000000E+00   5.356760243580216E-05  -1.247765471972949E-04  -9.839589649870014E-07  -1.405326075132389E-04   5.680946712762659E-05   1.462160697082611E-04  -2.811209079113234E-04  -5.199822183029146E-05  -3.380574012153857E-05   0.000000000000000E+00   0.000000000000000E+00   0.000000000000000E+00   0.000000000000000E+00   0.000000000000000E+00   0.000000000000000E+00   0.000000000000000E+00   0.000000000000000E+00   0.000000000000000E+00   1.013819372465046E-04  -2.024480449652850E-04   1.415343158686514E-05  -1.030210764066561E-04   4.651530242709619E-05  -2.389846967959063E-05   0.000000000000000E+00   0.000000000000000E+00   0.000000000000000E+00   0.000000000000000E+00   0.000000000000000E+00   0.000000000000000E+00   0.000000000000000E+00   0.000000000000000E+00   0.000000000000000E+00  -1.493492263530217E-05   0.000000000000000E+00   0.000000000000000E+00   0.000000000000000E+00   0.000000000000000E+00   0.000000000000000E+00   0.000000000000000E+00   0.000000000000000E+00   0.000000000000000E+00   0.000000000000000E+00   0.000000000000000E+00   0.000000000000000E+00   0.000000000000000E+00   0.000000000000000E+00   0.000000000000000E+00   0.000000000000000E+00   0.000000000000000E+00   0.000000000000000E+00   0.000000000000000E+00   0.000000000000000E+00   0.000000000000000E+00   0.000000000000000E+00   0.000000000000000E+00   0.000000000000000E+00   0.000000000000000E+00   0.000000000000000E+00   0.000000000000000E+00   0.000000000000000E+00   0.000000000000000E+00   4.804127043999840E-06   1.190449920726562E-05  -2.322977952684995E-05   1.679319907906567E-05   0.000000000000000E+00   0.000000000000000E+00   0.000000000000000E+00   0.000000000000000E+00   0.000000000000000E+00   0.000000000000000E+00   0.000000000000000E+00   0.000000000000000E+00   0.000000000000000E+00   4.743411603760693E-06   3.613913768859735E-06  -1.272699724611179E-05  -1.556218131840066E-07   1.579557208934828E-05  -1.218385914138659E-05   2.472486744842337E-05  -2.477706643217933E-05   0.000000000000000E+00   0.000000000000000E+00   0.000000000000000E+00   0.000000000000000E+00   0.000000000000000E+00   0.000000000000000E+00   0.000000000000000E+00   0.000000000000000E+00   0.000000000000000E+00   0.000000000000000E+00  -1.358630387022973E-06   3.318049100413059E-06  -9.808589349656776E-06   2.863318150439895E-05  -1.469696482198923E-05  -1.834911786145541E-04  -1.719485228858190E-04   2.470186840990912E-04  -2.198663510826764E-04   0.000000000000000E+00   0.000000000000000E+00   0.000000000000000E+00   0.000000000000000E+00   0.000000000000000E+00   0.000000000000000E+00   0.000000000000000E+00   0.000000000000000E+00   0.000000000000000E+00  -1.340942629470700E-04  -6.282473445079100E-05   2.637245867498237E-04   1.106174417090779E-04  -1.405377911946236E-02  -1.248764683823003E-02   1.617856319267628E-02  -1.280999098839049E-02   6.082603682773011E-05   0.000000000000000E+00   0.000000000000000E+00   0.000000000000000E+00   0.000000000000000E+00   0.000000000000000E+00   0.000000000000000E+00  -2.070577925505043E-05  -1.325687515947688E-02  -7.279227998202180E-03   2.198544075023348E-02   5.361459664511551E-03  -5.557798878902685E-02  -4.894235541796317E-02   1.104672617028419E-02  -6.785618430014385E-02   0.000000000000000E+00   3.630813548769346E-02   3.417182235798000E-03  -5.281892973026692E-02   1.738108697571465E-01  -3.069245885405198E-01  -1.789008447831717E-01  -1.862114398008531E-01  -1.567025972089959E-01   2.947451292882708E-03   0.000000000000000E+00   0.000000000000000E+00   0.000000000000000E+00   1.000000000000000E+00  -3.901296631381674E-02   6.020293053653498E-02  -2.841656688976782E-01
  -3.350886519558791E-03   2.716776222589111E-03   5.213521491182317E-03   2.282323801553802E-03  -6.019217653408617E-03   5.146361160161945E-03   5.975163889241194E-03   7.864729918888714E-03  -3.273613162101541E-03   3.955638677348005E-03   4.718085973040975E-03  -2.945795938905625E-04  -1.386691807254259E-04   6.248349522240574E-05   3.522759633821476E-04   1.301600922833790E-04  -1.122051922445238E-02   1.477963546480606E-02   2.782657886119528E-03   1.343354617866539E-02   7.576688868495416E-04  -6.146149343259563E-03   1.037692714193821E-02   4.467821914753272E-03  -1.217540518977955E-03  -1.471560389471611E-04   1.852496983036077E-04   3.305540852584588E-04  -1.084269847331950E-04   5.570016310427247E-05   3.326364536789712E-06   2.305363715474908E-05   1.991301700141023E-06  -5.978969147224529E-05  -9.943213360380481E-04   1.052403146090574E-03  -3.392504372539245E-04   1.550624958727857E-03  -1.058791263847958E-02   1.860136490010707E-02   9.209561066487284E-04   4.189089317604492E-03   7.065701706737980E-04  -2.240721766556387E-05   5.818147432079644E-05   3.431084737313085E-06   1.203502595064413E-05  -2.211086282635253E-06   8.533865546572699E-06  -4.308485594030523E-07  -6.458962196096205E-05  -6.282835151442456E-06  -1.751150432004452E-04   2.725837330237291E-04  -1.999146424352090E-04   2.795360850594504E-04   1.268725459145047E-04  -9.133155763975090E-04   1.641382349189145E-03  -5.789481069666287E-04   2.102963408340577E-04   6.685671254959526E-06  -1.298741066058616E-05  -5.895085302063093E-05   1.932632551886119E-05   0.000000000000000E+00   0.000000000000000E+00   0.000000000000000E+00   0.000000000000000E+00   0.000000000000000E+00  -1.560865580036205E-04   3.189513748222675E-04  -2.125353451492933E-04   1.407234096575486E-04  -9.341577454811602E-05   1.374122166286434E-04  -1.102710505280190E-13   0.000000000000000E+00   0.000000000000000E+00   0.000000000000000E+00   0.000000000000000E+00   0.000000000000000E+00   0.000000000000000E+00   0.000000000000000E+00   0.000000000000000E+00  -9.311181446965078E-05   0.000000000000000E+00   0.000000000000000E+00   0.000000000000000E+00   0.000000000000000E+00   0.000000000000000E+00   0.000000000000000E+00   0.000000000000000E+00   0.000000000000000E+00   0.000000000000000E+00   0.000000000000000E+00   0.000000000000000E+00   0.000000000000000E+00   0.000000000000000E+00   0.000000000000000E+00   0.000000000000000E+00   0.000000000000000E+00   0.000000000000000E+00   0.000000000000000E+00   0.000000000000000E+00   0.000000000000000E+00   0.000000000000000E+00   0.000000000000000E+00   0.000000000000000E+00   0.000000000000000E+00  -9.845923358825923E-06   9.398396202914580E-06  -1.749447010488649E-05   1.133810413100930E-05  -4.565955421331122E-06   2.478509162186767E-05  -2.519422903184189E-05   3.855251482192227E-05   0.000000000000000E+00   0.000000000000000E+00   0.000000000000000E+00   0.000000000000000E+00   0.000000000000000E+00   0.000000000000000E+00   0.000000000000000E+00   0.000000000000000E+00   0.000000000000000E+00   6.308681939820474E-05   1.280646709958867E-05  -2.431314126500656E-05   1.356949113117704E-05   5.232275305759393E-05  -1.792604107040627E-05   1.567545894159869E-05  -2.674155419678055E-05   0.000000000000000E+00   0.000000000000000E+00   0.000000000000000E+00   0.000000000000000E+00   0.000000000000000E+00   0.000000000000000E+00   0.000000000000000E+00   0.000000000000000E+00   0.000000000000000E+00   0.000000000000000E+00  -9.582946664043481E-05  -1.314247395784870E-04  -1.803143265835674E-04   2.390901890989605E-04  -2.161003280617033E-04  -8.562782268106126E-06  -8.751485939071227E-05   2.840651753236351E-05  -1.447514286299609E-04   0.000000000000000E+00   0.000000000000000E+00   0.000000000000000E+00   0.000000000000000E+00   0.000000000000000E+00   0.000000000000000E+00   0.000000000000000E+00   0.000000000000000E+00   0.000000000000000E+00  -1.135818428647452E-02  -9.985898837118657E-03   1.362982959756134E-02  -1.142886932094254E-02  -1.942093003884591E-03  -1.961347830975232E-03  -2.041816038545836E-04  -3.113681502118239E-03  -9.110799993383156E-05   0.000000000000000E+00   0.000000000000000E+00   0.000000000000000E+00   0.000000000000000E+00   0.000000000000000E+00   0.000000000000000E+00   1.691712210680080E-02  -6.350311494188872E-02  -5.728019736911399E-02   1.921719207575795E-02  -7.835461420577840E-02  -4.314475473656636E-04  -3.765954212784447E-04  -3.699740114256700E-04  -6.940986481836077E-04   0.000000000000000E+00  -4.310856816335146E-01  -2.327530903247067E-01  -2.000207114957720E-01  -3.491861662053081E-01  -1.736071807403402E-03  -9.876624689168368E-04  -2.401355772420446E-03  -2.034425116105492E-03  -8.423454491285248E-05  -5.479972678570087E-02  -1.847274149376784E-02  -7.526239550423616E-02  -3.901296631381674E-02   1.000000000000000E+00   6.509886376693327E-05   1.829376897199695E-02
   0.000000000000000E+00   0.000000000000000E+00   0.000000000000000E+00   0.000000000000000E+00   0.000000000000000E+00   0.000000000000000E+00   0.000000000000000E+00   0.000000000000000E+00   0.000000000000000E+00   0.000000000000000E+00   0.000000000000000E+00   0.000000000000000E+00   0.000000000000000E+00   0.000000000000000E+00   0.000000000000000E+00   0.000000000000000E+00  -1.036803800043209E-05  -2.000466246963706E-05  -2.672491686653762E-05  -2.933501870640544E-05   0.000000000000000E+00   2.319122369086418E-06  -3.419010213488244E-05  -4.445397480146987E-05  -1.978629026380359E-05   0.000000000000000E+00   0.000000000000000E+00   0.000000000000000E+00   0.000000000000000E+00   0.000000000000000E+00   0.000000000000000E+00   0.000000000000000E+00   0.000000000000000E+00   0.000000000000000E+00  -7.638998167883116E-06  -6.981119283574156E-06  -7.027408224439623E-06  -1.307522483131611E-05   2.598931435497618E-05  -4.539514886532084E-05  -4.581010185681445E-05  -3.806769222958901E-05  -8.170497528842743E-06   0.000000000000000E+00   0.000000000000000E+00   0.000000000000000E+00   0.000000000000000E+00   0.000000000000000E+00   0.000000000000000E+00   0.000000000000000E+00   0.000000000000000E+00   0.000000000000000E+00  -5.917843614767014E-07  -3.077076612076879E-05  -1.453433515139755E-05  -4.521633381818309E-05   0.000000000000000E+00   5.037813764172970E-05  -5.379987826319986E-05  -2.924333755016845E-05  -3.596819159157372E-05   0.000000000000000E+00   0.000000000000000E+00   0.000000000000000E+00   0.000000000000000E+00   0.000000000000000E+00   0.000000000000000E+00   0.000000000000000E+00   0.000000000000000E+00   0.000000000000000E+00   3.841490367492206E-05  -5.437720219428150E-05  -1.765552639882959E-05  -5.076782104928052E-05   0.000000000000000E+00  -8.277023958505683E-05   0.000000000000000E+00   0.000000000000000E+00   0.000000000000000E+00   0.000000000000000E+00   0.000000000000000E+00   0.000000000000000E+00   0.000000000000000E+00   0.000000000000000E+00   0.000000000000000E+00  -3.831005498899721E-05   0.000000000000000E+00   0.000000000000000E+00   0.000000000000000E+00   0.000000000000000E+00   0.000000000000000E+00   0.000000000000000E+00   0.000000000000000E+00   0.000000000000000E+00   0.000000000000000E+00   0.000000000000000E+00   0.000000000000000E+00   0.000000000000000E+00   0.000000000000000E+00   0.000000000000000E+00   0.000000000000000E+00   0.000000000000000E+00   0.000000000000000E+00   0.000000000000000E+00   0.000000000000000E+00   0.000000000000000E+00   0.000000000000000E+00   0.000000000000000E+00   0.000000000000000E+00   0.000000000000000E+00   0.000000000000000E+00   0.000000000000000E+00   0.000000000000000E+00   0.000000000000000E+00   0.000000000000000E+00   0.000000000000000E+00   0.000000000000000E+00   0.000000000000000E+00   0.000000000000000E+00   0.000000000000000E+00   0.000000000000000E+00   0.000000000000000E+00   0.000000000000000E+00   0.000000000000000E+00   0.000000000000000E+00   0.000000000000000E+00   0.000000000000000E+00   0.000000000000000E+00   0.000000000000000E+00   0.000000000000000E+00   0.000000000000000E+00   1.972893522061020E-05   1.931684741047033E-05  -6.787736844193954E-05   1.539082421815435E-05   0.000000000000000E+00   0.000000000000000E+00   0.000000000000000E+00   0.000000000000000E+00   0.000000000000000E+00   0.000000000000000E+00   0.000000000000000E+00   0.000000000000000E+00   0.000000000000000E+00   0.000000000000000E+00   0.000000000000000E+00  -2.884670778110259E-06   1.019382393950765E-05  -5.319811218617776E-05   4.845999331227158E-07   2.630051142074354E-05  -3.214378614995196E-05   9.380279371399216E-05  -3.154533824677036E-05   0.000000000000000E+00   0.000000000000000E+00   0.000000000000000E+00   0.000000000000000E+00   0.000000000000000E+00   0.000000000000000E+00   0.000000000000000E+00   0.000000000000000E+00   0.000000000000000E+00   5.805354493740334E-05   5.520826460378867E-06  -5.863932166778633E-05  -9.190335417149085E-06  -1.424724909169252E-03  -7.297713820622394E-04   2.589679467725877E-03  -3.476820706011510E-04  -4.845748668127627E-05   0.000000000000000E+00   0.000000000000000E+00   0.000000000000000E+00   0.000000000000000E+00   0.000000000000000E+00   0.000000000000000E+00  -2.857111594499380E-05  -2.745455341943856E-04  -5.647791508845433E-05   5.892327788331606E-04   1.073402346830522E-04  -6.325867237338217E-02  -3.710548975053969E-02   8.605770001250969E-02  -3.066215546067662E-02   0.000000000000000E+00  -1.706432865516061E-03   2.858180349065639E-04   2.868283688444076E-03   1.485806292977147E-03  -4.568166196267082E-01  -7.145764691940888E-02   4.562902360662746E-01   1.352257825597587E-01   2.173438123847794E-02  -5.865429017323542E-02   1.670814625225248E-02   6.779103083799244E-02   6.020293053653498E-02   6.509886376693327E-05   1.000000000000000E+00   1.963514963379326E-02
   5.621570323805178E-05  -1.398373291719178E-05  -5.937503472330315E-05  -1.739728797468893E-05   5.338184223635843E-05   7.926550608688629E-06   2.665982291736537E-05   1.602599217697240E-05   6.245535272752062E-05  -1.471419758463024E-05  -3.855106891129581E-05  -1.532293506164632E-06  -9.411027686555202E-06  -1.685898432174442E-06  -2.060151374292353E-05  -5.758641459529019E-06  -1.981696758281113E-04   2.187138679103255E-04   3.353609958079913E-04   2.569920915690209E-04  -8.710743847754437E-05  -2.250417668439753E-05   1.120847300853670E-04   1.603232283206479E-04   1.252656308500635E-06  -1.570434307401965E-06  -1.580935142997773E-05  -5.281267716614779E-05   7.028133064867409E-06   0.000000000000000E+00   0.000000000000000E+00   0.000000000000000E+00   0.000000000000000E+00   0.000000000000000E+00  -1.459789150687449E-04   1.704952936633718E-04   1.747646577133249E-04   3.070232725204817E-04  -4.950998901408429E-04   6.660646744471083E-04   6.814621124290792E-04   2.501421376727658E-04  -6.061772809475896E-05   0.000000000000000E+00   0.000000000000000E+00   0.000000000000000E+00   0.000000000000000E+00   0.000000000000000E+00   0.000000000000000E+00   0.000000000000000E+00   0.000000000000000E+00   0.000000000000000E+00  -4.029390499883897E-04   5.088022852458591E-04   1.311219746377638E-04   6.320556456214420E-04  -8.574467034024590E-05  -1.079620210048291E-03   1.865625579123945E-03   7.577891217238078E-04   4.543023025101140E-04   0.000000000000000E+00   0.000000000000000E+00   0.000000000000000E+00   0.000000000000000E+00   0.000000000000000E+00   0.000000000000000E+00   0.000000000000000E+00   0.000000000000000E+00   0.000000000000000E+00  -1.019299176945336E-03   1.681628403183212E-03   1.824707376800816E-04   9.727077362354715E-04   4.757427949716832E-06   3.444399950596133E-04   0.000000000000000E+00   0.000000000000000E+00   0.000000000000000E+00   0.000000000000000E+00   0.000000000000000E+00   0.000000000000000E+00   0.000000000000000E+00   0.000000000000000E+00   0.000000000000000E+00   2.634705911560952E-04   0.000000000000000E+00   0.000000000000000E+00   0.000000000000000E+00   0.000000000000000E+00   0.000000000000000E+00   0.000000000000000E+00   0.000000000000000E+00   0.000000000000000E+00   0.000000000000000E+00   0.000000000000000E+00   0.000000000000000E+00   0.000000000000000E+00   0.000000000000000E+00   0.000000000000000E+00   0.000000000000000E+00   0.000000000000000E+00   0.000000000000000E+00   0.000000000000000E+00   0.000000000000000E+00   0.000000000000000E+00   0.000000000000000E+00   0.000000000000000E+00   0.000000000000000E+00   0.000000000000000E+00   0.000000000000000E+00   0.000000000000000E+00   0.000000000000000E+00   0.000000000000000E+00   0.000000000000000E+00   0.000000000000000E+00   0.000000000000000E+00   0.000000000000000E+00   0.000000000000000E+00   0.000000000000000E+00   0.000000000000000E+00   0.000000000000000E+00   0.000000000000000E+00   0.000000000000000E+00   0.000000000000000E+00   0.000000000000000E+00   0.000000000000000E+00   0.000000000000000E+00   0.000000000000000E+00   0.000000000000000E+00   0.000000000000000E+00  -1.231911000904801E-06   2.337681839970643E-05  -4.131256538095391E-05   2.957800631590613E-05   0.000000000000000E+00   0.000000000000000E+00   0.000000000000000E+00   0.000000000000000E+00   0.000000000000000E+00   0.000000000000000E+00   0.000000000000000E+00   0.000000000000000E+00   0.000000000000000E+00   0.000000000000000E+00   0.000000000000000E+00   1.748684021045554E-05   2.603003619692092E-05  -6.126287163122824E-05   2.475803397052874E-05   6.085968394073587E-05   2.347620599917703E-05  -3.074139824021399E-05   3.292863854705548E-05   0.000000000000000E+00   0.000000000000000E+00   0.000000000000000E+00   0.000000000000000E+00   0.000000000000000E+00   0.000000000000000E+00   0.000000000000000E+00   0.000000000000000E+00   0.000000000000000E+00   3.578075021161542E-05  -2.637758213721429E-05   7.515967581520090E-05  -2.089183626260205E-05  -3.414649112606404E-04  -3.568384447507941E-04   4.210993912403449E-04  -4.548375238460467E-04  -5.146550323835447E-05   0.000000000000000E+00   0.000000000000000E+00   0.000000000000000E+00   0.000000000000000E+00   0.000000000000000E+00   0.000000000000000E+00  -8.230712132552649E-05  -1.296304508340320E-03  -9.894786825715412E-04   2.057370752776743E-03  -9.463068872872405E-04  -1.839093875846595E-03  -1.886178839792828E-03   8.909394302417311E-04  -2.800729260691832E-03   0.000000000000000E+00  -5.428263460794633E-02  -2.837199871851905E-02   7.892573682169894E-02  -1.915360472789795E-02  -6.643325921957799E-02  -5.774172994723824E-02   9.402604578447255E-04  -8.526849448241140E-02   8.164571764904966E-05  -4.551413440763009E-01  -2.823036251243210E-01   2.648821929871142E-01  -2.841656688976782E-01   1.829376897199695E-02   1.963514963379326E-02   1.000000000000000E+00
