#"Step","Time (ps)","Potential Energy (kJ/mole)","Kinetic Energy (kJ/mole)","Temperature (K)"
50,0.05000000000000004,-61089.593336400125,1062.3340700268545,18.263210469447404
100,0.10000000000000007,-60248.63786009692,1828.0403807536595,31.426918482910843
150,0.1500000000000001,-59464.7945423782,2535.7446464356967,43.59347919008089
200,0.20000000000000015,-58772.2320970089,3297.9701697165974,56.69734693717468
250,0.25000000000000017,-58007.303962200276,3872.1685168919425,66.5687287948676
300,0.3000000000000002,-57507.577007612104,4675.976399680122,80.3874633667432
350,0.35000000000000026,-56792.35023048138,5243.826301495024,90.1497053624635
400,0.4000000000000003,-56200.14331512127,5830.742873887829,100.23973371799339
450,0.45000000000000034,-55666.08818828059,6445.934497355107,110.81585512407793
500,0.5000000000000003,-55058.03795223759,6938.410600296724,119.2823017654519
550,0.5500000000000004,-54589.40130701542,7523.135851086095,129.3346578211103
600,0.6000000000000004,-54098.982595484966,8058.901266450625,138.54531651984337
650,0.6500000000000005,-53675.127626688976,8567.614784256903,147.29091012027655
700,0.7000000000000005,-53240.28147727493,8934.522340473606,153.5986339437692
750,0.7500000000000006,-52869.93321898876,9452.206536892467,162.49844776190778
800,0.8000000000000006,-52398.845651441625,9836.864433815203,169.11132814336568
850,0.8500000000000006,-51941.738165354436,10195.525649745663,175.27728427579052
900,0.9000000000000007,-51543.92035060215,10443.811162177964,179.5457067033524
950,0.9500000000000007,-51403.52396662491,10894.729727796954,187.29771325273543
1000,1.0000000000000007,-51054.20646409552,11107.356225474556,190.9531005626514
1050,1.0499999999999952,-50826.37844181615,11492.014725235354,197.5659913078534
1100,1.0999999999999897,-50426.629374246775,11760.10746987002,202.1749315261323
1150,1.1499999999999841,-50272.841906762966,12102.538312263197,208.06186175110258
1200,1.1999999999999786,-50004.30240380298,12316.296817060122,211.73671006189988
1250,1.2499999999999731,-49875.780417477596,12697.284668126136,218.2864965242179
1300,1.2999999999999676,-49434.007500411244,12872.709815960467,221.30233352589792
1350,1.3499999999999621,-49230.84743640032,13106.968506451754,225.32961259888424
1400,1.3999999999999566,-48930.062525821966,13369.62514891639,229.84509758413824
1450,1.449999999999951,-48726.676243409514,13657.823529454035,234.79968562684297
1500,1.4999999999999456,-48267.36748634273,13611.939829412835,234.01087192443742
1550,1.54999999999994,-48305.456816811624,13780.176495932483,236.90312751146655
1600,1.5999999999999346,-48382.84840001488,14125.618220898528,242.8418195914677
1650,1.649999999999929,-48143.09991623733,14376.739110116896,247.15898665074678
1700,1.6999999999999236,-47955.778080037475,14547.135322290937,250.0883682585987
1750,1.749999999999918,-47518.53844282525,14399.114815549534,247.54366057700832
1800,1.7999999999999126,-47669.53157633212,14777.779944730351,254.05351575984636
1850,1.849999999999907,-47569.61229744792,14934.174854055946,256.7421927268679
1900,1.8999999999999015,-47415.96351943453,15095.84517508728,259.5215624025329
1950,1.949999999999896,-46882.567407731054,14777.66008371062,254.05145515848548
2000,1.9999999999998905,-47054.34514434705,15240.350150894352,262.0058325219881
2050,2.0499999999998852,-46975.92889872792,15232.155621930879,261.8649555498751
2100,2.0999999999998797,-46890.42158087621,15413.14460686671,264.9764437509936
2150,2.1499999999998742,-46644.7666297462,15426.80998729781,265.21137335176587
2200,2.1999999999998687,-46516.44509332077,15505.4948676529,266.56409145733505
2250,2.249999999999863,-46720.39624237249,15894.07213385572,273.24435202369835
2300,2.2999999999998577,-46411.020426864605,15717.383552452902,270.2067945916692
2350,2.349999999999852,-46467.2796708947,15764.723909166187,271.020650536562
2400,2.3999999999998467,-46343.75952237959,15901.5945224111,273.373673834319
2450,2.449999999999841,-46305.209445480556,15918.352004007942,273.6617615667714
2500,2.4999999999998357,-46192.68918973925,15808.404320594129,271.7715862071843
2550,2.54999999999983,-46190.83044825191,15955.55876454669,274.30140489345894
2600,2.5999999999998247,-46123.733610620926,15990.783145884816,274.906967972141
2650,2.649999999999819,-45963.01219597644,15968.596238006034,274.5255397757863
2700,2.6999999999998137,-45880.46167024726,16079.538809312895,276.4328188389041
2750,2.749999999999808,-45939.503860164914,16200.076672605033,278.5050562159715
2800,2.7999999999998026,-45774.773429087465,16120.57765935497,277.1383418724669
2850,2.849999999999797,-45727.809549492,16138.937339318543,277.45397394036996
2900,2.8999999999997916,-45775.42675664032,16317.297458518498,280.5202677628228
2950,2.949999999999786,-45565.75712686406,16293.484944398195,280.1108928124602
3000,2.9999999999997806,-45414.44768163504,16300.311476404677,280.2282517434485
3050,3.049999999999775,-45466.28301760355,16478.922391297252,283.2988571423143
3100,3.0999999999997696,-45367.97158264101,16538.996389785443,284.33162462015997
3150,3.149999999999764,-45357.92494032439,16616.304162159628,285.66066805162797
3200,3.1999999999997586,-45357.03839573814,16701.57008498586,287.1265247330462
3250,3.249999999999753,-45466.86143409691,16867.88962880238,289.98582193493945
3300,3.2999999999997476,-45412.077688604135,16829.529597968485,289.32635205959576
3350,3.349999999999742,-45166.92253348089,16765.864839475624,288.2318537123741
3400,3.3999999999997366,-45143.28096267996,16768.263392211695,288.2730886446585
3450,3.449999999999731,-44974.65295238479,16687.688804318863,286.8878834642028
3500,3.4999999999997256,-45316.24180779397,17141.089055802677,294.682554136433
3550,3.54999999999972,-44841.13121982145,16659.42577371636,286.40199706465916
3600,3.5999999999997145,-44972.709710041134,16776.293103554497,288.4111321400147
3650,3.649999999999709,-45343.144214894484,17240.558308700325,296.3925886276195
3700,3.6999999999997035,-44800.53048169064,16801.50708410233,288.844600524876
3750,3.749999999999698,-45184.44610597686,17243.8119189245,296.44852335661506
3800,3.7999999999996925,-44902.19571424361,17057.191224993487,293.24021713037274
3850,3.849999999999687,-44702.7735082312,16849.679388629673,289.672758974467
3900,3.8999999999996815,-45006.01711765655,17130.662166088667,294.503299336308
3950,3.949999999999676,-45071.57892101299,17277.199543861672,297.0225096745791
4000,3.9999999999996705,-44869.1855093469,17044.37448581131,293.0198770209661
4050,4.049999999999687,-44771.49843913775,16914.68715414599,290.79034574615264
4100,4.099999999999704,-44981.30232400566,17046.946660063753,293.0640967829618
4150,4.149999999999721,-44986.67655842478,17080.81416416422,293.6463329861611
4200,4.199999999999737,-44807.0267601636,17047.79847228436,293.0787407883687
4250,4.249999999999754,-44713.58729372418,16811.372482238963,289.0142023927043
4300,4.299999999999771,-44532.94581589345,16850.269885524907,289.6829105542605
4350,4.349999999999787,-44698.316110544176,17116.456321704674,294.25907830151186
4400,4.399999999999804,-44696.32668013805,17192.678354248623,295.56945614030604
4450,4.449999999999821,-44686.91803603681,17251.285222898765,296.57700132530215
4500,4.4999999999998375,-44455.699607221366,17153.45584680942,294.89515892183925
4550,4.549999999999854,-44578.018570950444,17208.41459820302,295.83998717517204
4600,4.599999999999871,-44422.04589800293,17122.641313579312,294.36540813837337
4650,4.649999999999888,-44591.09936694874,17246.18252093995,296.48927777160463
4700,4.699999999999904,-44591.13052823589,17103.944812543985,294.0439855811153
4750,4.749999999999921,-44560.222082255976,17016.42255900831,292.5393389900087
4800,4.799999999999938,-44557.253545355845,16978.567775461484,291.888555118252
4850,4.849999999999954,-44730.801292735625,17344.823431261804,298.1850717378664
4900,4.899999999999971,-44725.03670239518,17286.758979390284,297.186851559071
4950,4.949999999999988,-44672.931289753826,17318.26512798289,297.7284923094368
5000,5.000000000000004,-44506.224676256374,17080.851556519872,293.64697582016265
5050,5.050000000000021,-44630.03137078375,17160.12937134989,295.0098874113929
5100,5.100000000000038,-44473.7149169662,17111.68372736135,294.17702982219015
5150,5.1500000000000545,-44642.08712159088,17294.346931491524,297.3173005112105
5200,5.200000000000071,-44625.08490403199,17332.570069563153,297.97441698247945
5250,5.250000000000088,-44624.02439833166,17380.195873377117,298.793180216543
5300,5.300000000000105,-44711.9873513044,17460.044920167802,300.165912192734
5350,5.350000000000121,-44503.72859245288,17367.761640612414,298.57941600016784
5400,5.400000000000138,-44368.617958240575,17384.604080805704,298.868964305873
5450,5.450000000000155,-44416.086124359215,17431.20811490566,299.67016169519457
5500,5.500000000000171,-44413.42259789058,17401.61072053312,299.16133546244527
5550,5.550000000000188,-44521.87527977076,17768.033646567932,305.46072772314477
5600,5.600000000000205,-44448.3797426454,17604.936479229265,302.65682829252455
5650,5.6500000000002215,-44096.686786301645,17347.131577795262,298.2247524438931
5700,5.700000000000238,-44204.55062888118,17582.291727802527,302.2675290381719
5750,5.750000000000255,-44191.88605323916,17435.012122457236,299.7355586287034
5800,5.800000000000272,-44337.32807706857,17738.036142240402,304.9450229645861
5850,5.850000000000288,-44342.384399103525,17703.40314498747,304.3496267179025
5900,5.900000000000305,-44269.04228770394,17546.800953666665,301.65738624405964
5950,5.950000000000322,-44392.45802042793,17633.968379720478,303.1559327870134
6000,6.000000000000338,-44236.891023247474,17325.204362874923,297.8477887820868
6050,6.050000000000355,-44487.904916742555,17688.65939082485,304.09615815939634
6100,6.100000000000372,-44398.570362898645,17764.60970047733,305.40186464998067
6150,6.1500000000003885,-44296.01702063999,17599.130578670836,302.557015637678
6200,6.200000000000405,-44502.70218434463,17876.155327956123,307.31951120681214
6250,6.250000000000422,-44450.27951524884,17841.331409006343,306.72083271282884
6300,6.300000000000439,-44219.92689173795,17435.339989928085,299.7411951914337
6350,6.350000000000455,-44215.56496220767,17393.83325171879,299.0276284169091
6400,6.400000000000472,-44456.833741841154,17546.683751803303,301.6553713578215
6450,6.450000000000489,-44414.167007859134,17396.630689943853,299.075720824487
6500,6.500000000000505,-44293.401499974425,17310.06496736837,297.5875185202948
6550,6.550000000000522,-44187.8473270917,17431.692658000567,299.67849176082404
6600,6.600000000000539,-44098.09734926478,17255.71359302293,296.65313204340305
6650,6.6500000000005555,-44362.68191787314,17533.081859620026,301.4215332208975
6700,6.700000000000572,-44380.77550154095,17683.826453568934,304.013072289536
6750,6.750000000000589,-44155.6243180773,17426.97111962431,299.59732101469245
6800,6.800000000000606,-43951.065360483335,17216.379108921683,295.9769097682104
6850,6.850000000000622,-44399.51141179525,17585.899560386577,302.32955341231195
6900,6.900000000000639,-44301.905041585924,17517.362396446624,301.15129067431775
6950,6.950000000000656,-44444.21472632273,17732.195579778425,304.84461441654776
7000,7.000000000000672,-44512.16598589627,17763.831198433425,305.3884809629844
7050,7.050000000000689,-44632.01675894786,17685.0163305219,304.03352816479963
7100,7.100000000000706,-44609.89080907446,17590.753466700207,302.4129997735894
7150,7.1500000000007224,-44647.51657567223,17638.81852090948,303.2393144198166
7200,7.200000000000739,-44389.232509039684,17386.298367508254,298.89809178612364
7250,7.250000000000756,-44427.76413390188,17530.35222062362,301.3746063897777
7300,7.3000000000007725,-44599.846783218694,17745.48453692203,305.07307270295763
7350,7.350000000000789,-44763.9528948593,17860.506960962965,307.05049091652626
7400,7.400000000000806,-44419.530999321694,17460.323639940154,300.1707038284427
7450,7.450000000000823,-44505.710302006686,17414.128582061454,299.37653739013416
7500,7.500000000000839,-44494.428026621696,17399.785947692762,299.12996471817314
7550,7.550000000000856,-44477.192229969194,17360.822010850043,298.46011273906936
7600,7.600000000000873,-44383.48333198483,17437.539014558857,299.77899991858345
7650,7.650000000000889,-44577.43837768218,17606.998490591028,302.6922775438973
7700,7.700000000000906,-44137.26031358474,17198.729870245785,295.6734913147711
7750,7.750000000000923,-44324.983063065854,17475.090391400325,300.4245677470312
7800,7.8000000000009395,-44169.63854059142,17436.67357876914,299.7641217023789
7850,7.850000000000956,-44109.28819523203,17375.14256552756,298.7063058260596
7900,7.900000000000973,-43913.025574495565,17081.831077478302,293.66381534167266
7950,7.95000000000099,-44235.28885266874,17404.051335765085,299.20329351586173
8000,8.000000000001005,-44227.22206386616,17491.374768144902,300.7045220554179
8050,8.050000000000978,-44156.22466900548,17463.819640662354,300.2308056352023
8100,8.10000000000095,-44327.46787785463,17734.746325651624,304.88846579065944
8150,8.150000000000922,-44282.7346572997,17625.174475285414,303.0047515982733
8200,8.200000000000895,-44267.660526486994,17759.762958249623,305.3185414507223
8250,8.250000000000867,-44101.288179280506,17598.900565591004,302.55306134739754
8300,8.30000000000084,-44303.98192842776,17767.79038781414,305.4565457186846
8350,8.350000000000811,-44336.40810343913,17747.79724012269,305.112831745333
8400,8.400000000000784,-44391.28474241477,17831.60440511697,306.55361006198774
8450,8.450000000000756,-44142.9550724123,17745.344692580482,305.07066855654574
8500,8.500000000000728,-44037.2910688835,17596.612821897073,302.5137313985978
8550,8.5500000000007,-43943.41622227985,17432.852425282712,299.69843000300887
8600,8.600000000000673,-44125.00916545265,17533.717089544283,301.4324538325305
8650,8.650000000000645,-44163.19184687784,17589.309738730026,302.3881797960287
8700,8.700000000000617,-44011.647362297255,17451.570491397873,300.02022329825127
8750,8.75000000000059,-44110.90114732403,17564.72349453833,301.9655031964588
8800,8.800000000000562,-44100.56665109717,17659.37775045247,303.5927602395707
8850,8.850000000000534,-43975.098833542266,17601.39239428286,302.595899841556
8900,8.900000000000507,-44246.77936458666,17976.39521669539,309.04279415248
8950,8.950000000000479,-43740.34569124307,17429.86873923924,299.6471356995274
9000,9.000000000000451,-43850.70607462505,17384.44394015723,298.86621123369895
9050,9.050000000000423,-44155.39450905581,17830.341673846495,306.5319017052572
9100,9.100000000000396,-44127.89462171763,17718.114906572995,304.60254527317954
9150,9.150000000000368,-44206.58487150459,17802.930810087793,306.0606654076566
9200,9.20000000000034,-44339.356735490765,17811.80696502994,306.2132606132907
9250,9.250000000000313,-44189.29713900869,17718.857039687562,304.6153037204986
9300,9.300000000000285,-44236.360125979205,17614.971453527243,302.8293454439841
9350,9.350000000000257,-44442.49255489907,17703.639565189846,304.35369115679896
9400,9.40000000000023,-44356.40712400576,17545.94884546941,301.642737150344
9450,9.450000000000202,-44640.09615245174,17848.542922656554,306.84481008992054
9500,9.500000000000174,-44356.943287823415,17566.053382277285,301.98836607957867
9550,9.550000000000146,-44309.95026639607,17736.868905141357,304.9249563043809
9600,9.600000000000119,-44238.87867333597,17545.158676602245,301.62915289211986
9650,9.650000000000091,-44194.62750531977,17554.71414360742,301.7934265513888
9700,9.700000000000063,-44465.05495949602,17884.637191581507,307.4653279182724
9750,9.750000000000036,-44369.86685128613,17876.52498161387,307.32586614048387
9800,9.800000000000008,-44099.376840970916,17646.339384754672,303.36861001824667
9850,9.84999999999998,-44176.888869941286,17678.779093777513,303.926300155622
9900,9.899999999999952,-44340.80946974711,17765.41277277336,305.4156707386475
9950,9.949999999999925,-44363.9957244558,17843.95344671173,306.76590970680223
10000,9.999999999999897,-44321.65476056816,17690.911811322567,304.1348808463327
10050,10.04999999999987,-44323.54847396737,17656.27162086262,303.5393609369921
10100,10.099999999999842,-44619.97342549443,17829.744839756455,306.5216411790167
10150,10.149999999999814,-44509.94529364348,17702.932480446412,304.34153524666345
10200,10.199999999999786,-44607.801820466615,17681.018972530936,303.96480723004805
10250,10.249999999999758,-44482.75211239564,17723.20706391882,304.6900875482268
10300,10.29999999999973,-44345.35241861098,17400.15818222384,299.1363640211578
10350,10.349999999999703,-44310.72445109999,17433.910051402654,299.7166122763365
10400,10.399999999999675,-44554.01365737114,17596.745842425073,302.5160182328133
10450,10.449999999999648,-44437.91694009357,17533.18432812423,301.4232948172838
10500,10.49999999999962,-44338.03363165792,17186.263610849208,295.4591765097111
10550,10.549999999999592,-44379.93488131123,17211.73576234263,295.89708326330157
10600,10.599999999999564,-44563.54062458109,17418.82111563775,299.4572094976725
10650,10.649999999999537,-44434.9161920179,17468.166536192617,300.30553567558957
10700,10.699999999999509,-44214.64903262876,17258.527500197797,296.7015075783935
10750,10.749999999999481,-44261.54035034393,17430.19687557302,299.6527768844386
10800,10.799999999999454,-44453.07498259279,17590.48763418421,302.40842969029234
10850,10.849999999999426,-44405.814222040644,17595.896137148786,302.5014104491267
10900,10.899999999999398,-44263.23162549253,17322.570384420207,297.80250650766135
10950,10.94999999999937,-44105.22579439004,17010.470668792645,292.43701654101005
11000,10.999999999999343,-44607.16378961396,17580.29875533299,302.2332666750435
11050,11.049999999999315,-44655.35923191621,17548.457691941876,301.6858682071884
11100,11.099999999999287,-44309.31030644194,17206.45004496961,295.80621338386425
11150,11.14999999999926,-44373.529751155846,17391.437975162444,298.98644980735935
11200,11.199999999999232,-44265.61943963236,17336.272782932345,298.03807250805994
11250,11.249999999999204,-44492.09309224281,17690.003397082764,304.11926376228814
11300,11.299999999999176,-44392.67257670649,17597.491328888224,302.5288343295222
11350,11.349999999999149,-44266.95338446545,17357.690547844904,298.4062779148331
11400,11.399999999999121,-44231.582864354816,17300.89186751909,297.42981835992964
11450,11.449999999999093,-44400.186827397614,17449.400235585665,299.98291315279965
11500,11.499999999999066,-44375.09880846981,17465.099232443758,300.25280385090304
11550,11.549999999999038,-44426.52168071668,17582.996343749168,302.2796425057681
11600,11.59999999999901,-44188.530033104544,17349.06607550117,298.25800953293174
11650,11.649999999998983,-44465.03978074997,17617.034447497208,302.86481158795306
11700,11.699999999998955,-44299.48906534739,17660.130679727383,303.6057042900387
11750,11.749999999998927,-44240.81271496024,17437.871137691098,299.7847096428943
11800,11.7999999999989,-44387.20892005533,17738.122696638606,304.94651097220634
11850,11.849999999998872,-44451.24999363098,17715.26972257981,304.5536320399906
11900,11.899999999998844,-44265.07368123098,17531.37464693015,301.3921835223884
11950,11.949999999998816,-44377.68263711809,17682.98317604401,303.9985750091076
12000,11.999999999998789,-44218.032973201,17551.49678634444,301.7381150683939
12050,12.04999999999876,-44300.42730058517,17714.846788335046,304.5463611283773
12100,12.099999999998733,-43989.729035245924,17477.890692145673,300.4727093658807
12150,12.149999999998705,-44194.296944326445,17537.169049924913,301.4917985158485
12200,12.199999999998678,-44306.81975270431,17538.8452143219,301.52061444487424
12250,12.24999999999865,-44188.41364801156,17416.43594808365,299.4162046779322
12300,12.299999999998622,-44185.82925157174,17477.031570920815,300.4579397070784
12350,12.349999999998595,-44098.04784245859,17217.91858672426,296.00337583751457
12400,12.399999999998567,-44322.7502375702,17317.284547436233,297.7116345719217
12450,12.44999999999854,-44282.417233691245,17408.361516141893,299.2773923644292
12500,12.499999999998511,-44522.4189899368,17686.3754653616,304.05689385204823
12550,12.549999999998484,-44522.36225364785,17694.637865369063,304.19893763523896
12600,12.599999999998456,-44290.21168427971,17489.971882166443,300.6804042165835
12650,12.649999999998428,-44223.63327548954,17366.530512456462,298.5582509511862
12700,12.6999999999984,-44431.17578955314,17470.98159409432,300.35393099340246
12750,12.749999999998373,-44474.09665999912,17591.70404599354,302.42934174189475
12800,12.799999999998345,-44213.167626006885,17422.2762465041,299.5166086866772
12850,12.849999999998317,-44398.53903738785,17504.542209756044,300.9308912967643
12900,12.89999999999829,-44397.508010726655,17615.950042326036,302.84616894018893
12950,12.949999999998262,-44236.70286478043,17361.495932147016,298.4716985168711
13000,12.999999999998234,-44558.39460519739,17783.06963644532,305.7192202778835
13050,13.049999999998207,-44242.43257816649,17441.536675742245,299.84772606569453
13100,13.099999999998179,-44536.780015149794,17756.502715006114,305.2624926895861
13150,13.149999999998151,-44181.56280576163,17420.17012456367,299.48040110437546
13200,13.199999999998123,-44235.40578668106,17328.76502762485,297.9090022662193
13250,13.249999999998096,-44507.36586537137,17545.818231751775,301.6404916930225
13300,13.299999999998068,-44303.23247300435,17355.70836349873,298.3722010166851
13350,13.34999999999804,-44339.370349515724,17455.571723519373,300.0890108354619
13400,13.399999999998013,-44354.506596607775,17479.17309238605,300.4947558634532
13450,13.449999999997985,-44438.972853178355,17620.697815094714,302.9277906972068
13500,13.499999999997957,-44477.42466583906,17564.18908239113,301.95631580258987
13550,13.54999999999793,-44390.13659671311,17494.63303558121,300.7605368492892
13600,13.599999999997902,-44475.92815498107,17604.425635970856,302.6480460852994
13650,13.649999999997874,-44343.2199591044,17474.688642458557,300.41766104443514
13700,13.699999999997846,-44372.52161821656,17418.794207957373,299.4567469118967
13750,13.749999999997819,-44467.45679063423,17575.69688081876,302.15415314081855
13800,13.799999999997791,-44579.91709280063,17832.08756103346,306.56191627981633
13850,13.849999999997763,-44323.636154828004,17511.84122181216,301.0563729104685
13900,13.899999999997736,-44196.496866834634,17394.685086956695,299.0422728180199
13950,13.949999999997708,-44358.94218149714,17549.529143877062,301.70428816824614
14000,13.99999999999768,-44269.60406637521,17322.570897242436,297.8025153238902
14050,14.049999999997652,-44682.565388086514,17615.42217052884,302.8370939853277
14100,14.099999999997625,-44312.2151903675,17349.27287161313,298.26156468664806
14150,14.149999999997597,-44201.769288734315,17200.227165521468,295.69923219941955
14200,14.19999999999757,-44286.69155397325,17168.94407922004,295.1614262442341
14250,14.249999999997542,-44335.82076224517,17428.909896186626,299.6306516640708
14300,14.299999999997514,-44434.520453128884,17619.651462422273,302.9098022323526
14350,14.349999999997486,-44355.665089239505,17431.710548969942,299.6787993350123
14400,14.399999999997458,-44396.072733339184,17347.587161371193,298.2325846493814
14450,14.44999999999743,-44431.40807421668,17341.97970566242,298.1361835767839
14500,14.499999999997403,-44559.65851612811,17510.977625341635,301.04152631508305
14550,14.549999999997375,-44559.26543045102,17489.006883078113,300.6638143490924
14600,14.599999999997348,-44452.43689392331,17591.731955836316,302.4298215564344
14650,14.64999999999732,-44420.39871976822,17540.61908480486,301.5511100967505
14700,14.699999999997292,-44395.32522241679,17488.432264245468,300.6539357384214
14750,14.749999999997264,-44415.45861040528,17443.834253997233,299.88722508622374
14800,14.799999999997237,-44465.67390544228,17561.44068445675,301.9090664755226
14850,14.849999999997209,-44398.35898336761,17472.616061797995,300.3820300900237
14900,14.899999999997181,-44243.04403556425,17378.38685906114,298.7620803863416
14950,14.949999999997154,-44786.807967330606,17783.067011439034,305.71917514985483
15000,14.999999999997126,-44616.371970749904,17523.39952222869,301.2550784581225
15050,15.049999999997098,-44423.92491668177,17251.941303752337,296.58828039753735
15100,15.09999999999707,-44590.77802796416,17376.446325195648,298.7287195261297
15150,15.149999999997043,-44419.3942196397,17258.408862700882,296.6994680113337
15200,15.199999999997015,-44424.983640012266,17138.5898511168,294.6395888372186
15250,15.249999999996987,-44779.1243654503,17433.176163263015,299.70399557323583
15300,15.29999999999696,-44374.73873492265,17140.41176744905,294.67091047357803
15350,15.349999999996932,-44409.94578964348,17230.848084533303,296.2256544468647
15400,15.399999999996904,-44563.3992217784,17311.713695933253,297.6158627837775
15450,15.449999999996876,-44734.08375715861,17407.183714617222,299.257144084963
15500,15.499999999996849,-44569.744250738935,17229.14004286311,296.1962904968668
15550,15.549999999996821,-44486.80762485138,17328.15629958723,297.89853726412315
15600,15.599999999996793,-44406.12033225053,17217.84211325428,296.0020611370668
15650,15.649999999996766,-44444.02104628382,17148.754470880882,294.8143348002174
15700,15.699999999996738,-44681.65190564803,17291.248952508733,297.26404133051676
15750,15.74999999999671,-44837.75214509298,17483.50505428739,300.56922917103316
15800,15.799999999996682,-44464.242140211434,17209.42060981971,295.85728211318514
15850,15.849999999996655,-44632.17962483426,17441.367023068113,299.84480946668697
15900,15.899999999996627,-44519.082432496056,17343.9980197052,298.17088160181834
15950,15.9499999999966,-44637.14936042917,17386.684188283838,298.90472465823683
16000,15.999999999996572,-44640.045088138824,17411.14007997786,299.32516029127146
16050,16.049999999996633,-44480.22320131849,17408.123350365095,299.27329791633514
16100,16.099999999996694,-44280.42308309741,17347.644917253037,298.23357756475116
16150,16.149999999996755,-44344.26987725322,17197.149655065175,295.6463249052162
16200,16.199999999996816,-44468.938670171294,17494.716079076035,300.76196449890233
16250,16.249999999996877,-44339.67296640987,17357.171646600895,298.39735717803325
16300,16.29999999999694,-44463.58602427618,17449.312789959866,299.9814098235611
16350,16.349999999997,-44334.569302530144,17400.9582092213,299.150117756304
16400,16.39999999999706,-44391.37435878393,17488.949618774823,300.662829884739
16450,16.44999999999712,-44387.234537202705,17455.40487965992,300.0861425244412
16500,16.499999999997183,-44276.88310471285,17355.93499302714,298.3760971383409
16550,16.549999999997244,-44494.888569332914,17598.143353631083,302.54004367077005
16600,16.599999999997305,-44386.693753239706,17493.001465053727,300.73248755972963
16650,16.649999999997366,-44157.58909610007,17197.240481057936,295.64788634833343
16700,16.699999999997427,-44670.99983418272,17665.028958733732,303.689913488402
16750,16.74999999999749,-44533.75712405255,17598.821569599822,302.5517032808026
16800,16.79999999999755,-44299.50982367101,17372.21539077368,298.65598304142964
16850,16.84999999999761,-44619.30091998787,17600.9122734303,302.5876458012983
16900,16.89999999999767,-44393.623533049074,17350.343370736962,298.2799682673648
16950,16.949999999997733,-44333.97199383327,17323.00885552022,297.8100445225008
17000,16.999999999997794,-44367.70884790706,17468.317062533777,300.308123462546
17050,17.049999999997855,-44312.22308443244,17405.315942901692,299.2250341217113
17100,17.099999999997916,-44278.46826442586,17284.028925712108,297.13991759891275
17150,17.149999999997977,-44289.42052305734,17516.195196498433,301.13122465279474
17200,17.199999999998038,-44251.50899585113,17486.366194186376,300.61841671159317
17250,17.2499999999981,-44035.26157133076,17535.59482178831,301.46473503309204
17300,17.29999999999816,-44139.62102956022,17545.296739082158,301.63152640549924
17350,17.34999999999822,-44200.27440849127,17530.614126256638,301.3791089637174
17400,17.399999999998283,-44373.99863683741,17643.36785650522,303.31752472656035
17450,17.449999999998344,-44402.08293654385,17710.91583951141,304.4787818727211
17500,17.499999999998405,-44206.6824711503,17396.504396918444,299.07354964672953
17550,17.549999999998466,-44373.038820647555,17581.237745719234,302.2494094116238
17600,17.599999999998527,-44281.071709213385,17565.563619327775,301.9799462763554
17650,17.649999999998588,-44390.158753298616,17699.365363787063,304.2802108439573
17700,17.69999999999865,-44369.41312922953,17701.40378002092,304.31525445759416
17750,17.74999999999871,-44326.75714255868,17441.70622949347,299.85064096406023
17800,17.79999999999877,-44358.87141597223,17450.487000961934,300.0015963762392
17850,17.849999999998833,-44538.01264791913,17663.16389989001,303.65785016372683
17900,17.899999999998894,-44499.813301676186,17549.289418690045,301.7001669114129
17950,17.949999999998955,-44446.248609535905,17532.603794952203,301.4133145297223
18000,17.999999999999016,-44190.99219390392,17219.869939799075,296.03692269712406
18050,18.049999999999077,-44365.88133182097,17568.24279842873,302.0260056217032
18100,18.099999999999138,-44296.551741512565,17478.619657757972,300.4852414429156
18150,18.1499999999992,-44070.40279753228,17252.750619426704,296.6021938197971
18200,18.19999999999926,-44486.37328058379,17708.84502666182,304.443181309789
18250,18.24999999999932,-44225.116331405756,17451.270075088894,300.0150586646072
18300,18.299999999999383,-44329.15818365777,17523.517500458376,301.2571066913312
18350,18.349999999999444,-44501.08136226806,17552.171102900098,301.7497076413203
18400,18.399999999999505,-44170.35393165721,17263.499357902903,296.7869817114881
18450,18.449999999999566,-44680.633348220574,17752.18481985919,305.1882612118634
18500,18.499999999999627,-44592.713678277345,17636.088510793747,303.1923812085659
18550,18.549999999999688,-44591.77798752199,17676.015436667032,303.87878849907423
18600,18.59999999999975,-44304.01822343252,17397.954907655792,299.0984862308341
18650,18.64999999999981,-44435.728788970526,17403.395730219578,299.19202261492734
18700,18.69999999999987,-44561.6820690395,17505.44658716392,300.9464389812544
18750,18.749999999999932,-44556.03069200354,17436.047531114047,299.7533589485414
18800,18.799999999999994,-44597.45500090944,17415.026160060475,299.3919681819833
18850,18.850000000000055,-44689.90068439045,17495.72785541374,300.7793585416286
18900,18.900000000000116,-44370.98518493441,17291.17645479966,297.2627949797155
18950,18.950000000000177,-44547.19981728851,17514.997511621135,301.11063454690685
19000,19.000000000000238,-44489.24707954865,17491.03203574719,300.6986299409779
19050,19.0500000000003,-44391.910002573204,17349.031584084107,298.25741657067346
19100,19.10000000000036,-44424.892578286795,17278.27914827264,297.04106978964796
19150,19.15000000000042,-44264.894617316044,17170.254666426063,295.1839573205287
19200,19.200000000000482,-44648.922571362535,17583.672859906128,302.29127289333564
19250,19.250000000000544,-44466.82958681794,17460.37070193594,300.171512898921
19300,19.300000000000605,-44514.905187912664,17572.626597413946,302.1013700911122
19350,19.350000000000666,-44200.54508249531,17328.43564238942,297.9033396107045
19400,19.400000000000727,-44025.894462848606,17183.474837788508,295.4112330700756
19450,19.450000000000788,-44391.55498135056,17528.971405049375,301.35086797625655
19500,19.50000000000085,-44153.4022512935,17265.187500647484,296.8160035673399
19550,19.55000000000091,-44482.599821702766,17495.16006006142,300.7695972374253
19600,19.60000000000097,-44449.709379803506,17462.76205296901,300.2126240224889
19650,19.650000000001032,-44035.68199952567,17098.97330575966,293.9585174809063
19700,19.700000000001094,-44434.04998155682,17283.026257798865,297.1226801444743
19750,19.750000000001155,-44461.75957047223,17194.535367363147,295.60138114611357
19800,19.800000000001216,-44689.19983730213,17489.93180291889,300.6797151906413
19850,19.850000000001277,-44363.59256835507,17202.160144109213,295.73246317240347
19900,19.900000000001338,-44360.99854692577,17224.059808280857,296.1089531930679
19950,19.9500000000014,-44363.40069847332,17285.25826343279,297.1610518674675
20000,20.00000000000146,-44602.68639742462,17546.874114393173,301.65864399318394
20050,20.05000000000152,-44519.21137092299,17543.102299947543,301.5938005103137
20100,20.100000000001582,-44498.682253504754,17342.987238566955,298.15350466815204
20150,20.150000000001643,-44577.20937216667,17348.80726651244,298.2535601952272
20200,20.200000000001705,-44799.34771309157,17482.1028330621,300.5451227603619
20250,20.250000000001766,-44786.67214914545,17361.822001901455,298.4773041740001
20300,20.300000000001827,-44833.14506132182,17209.21397725144,295.8537297710447
20350,20.350000000001888,-44468.18448830988,16871.435351503183,290.04677854150805
20400,20.40000000000195,-44769.073858677075,17240.476981564767,296.39119048494905
20450,20.45000000000201,-44634.37365879431,17258.829999024045,296.70670801381806
20500,20.50000000000207,-44584.14802483696,17340.669928738127,298.1136664305196
20550,20.550000000002132,-44529.58521119139,17336.712986128005,298.04564030037545
20600,20.600000000002193,-44393.585630878995,17259.17095355504,296.7125695639046
20650,20.650000000002255,-44452.46496963653,17428.2480387213,299.61927328270184
20700,20.700000000002316,-44634.68093293242,17590.346361825283,302.40600099399296
20750,20.750000000002377,-44615.73601044978,17512.770285270653,301.07234498738916
20800,20.800000000002438,-44324.206727707235,17163.617349822747,295.06985130294083
20850,20.8500000000025,-44697.276249177645,17695.07225677204,304.2064055136047
20900,20.90000000000256,-44584.639558070965,17616.837041995303,302.8614178737431
20950,20.95000000000262,-44885.18257356188,17831.36651265685,306.54952031264156
21000,21.000000000002682,-44777.79719371344,17648.528568958856,303.4062455728292
21050,21.050000000002743,-44670.37073274178,17457.26888859001,300.118187799433
21100,21.100000000002805,-44920.774167768934,17617.23248572463,302.8682161797198
21150,21.150000000002866,-44548.66212200702,17317.40295555811,297.71367019566014
21200,21.200000000002927,-44579.03695930666,17358.17545610738,298.4146142582733
21250,21.250000000002988,-44654.14539042828,17424.82343219929,299.56039885567253
21300,21.30000000000305,-44560.49082561738,17346.014200081416,298.20554294573463
21350,21.35000000000311,-44865.56273913398,17507.254203039036,300.97751477003555
21400,21.40000000000317,-44497.721189398675,17305.82635184674,297.5146499852881
21450,21.450000000003232,-44168.215905703706,16961.956855047843,291.60298700539096
21500,21.500000000003293,-44536.25378726511,17306.798802757945,297.5313679614536
21550,21.550000000003354,-44671.50452138708,17477.67109472912,300.46893413740014
21600,21.600000000003416,-44484.68460396865,17429.36299427034,299.63844113999903
21650,21.650000000003477,-44747.216262931,17598.72627529707,302.5500650203375
21700,21.700000000003538,-44565.09987661464,17475.557971225742,300.4326061871074
21750,21.7500000000036,-44543.087179058,17533.17055777024,301.4230580830208
21800,21.80000000000366,-44321.26052920675,17398.54522244114,299.10863467986934
21850,21.85000000000372,-44491.343990855254,17627.4707237705,303.0442277579452
21900,21.900000000003782,-44496.44658874466,17621.708280670722,302.9451622058569
21950,21.950000000003843,-44396.05176339473,17580.919684391563,302.2439414320745
22000,22.000000000003904,-44446.54619584954,17662.118098134375,303.63987117000784
22050,22.050000000003966,-44284.93625083987,17554.54726466789,301.7905576372859
22100,22.100000000004027,-44692.213458203914,17914.30294321629,307.9753293209637
22150,22.150000000004088,-44488.84841273821,17456.716058618997,300.10868377391097
22200,22.20000000000415,-44243.00725046559,17279.009345356975,297.0536230376437
22250,22.25000000000421,-44598.42101819668,17836.706175093695,306.6413175934324
22300,22.30000000000427,-44118.20406745971,17406.58246093014,299.2468075788276
22350,22.350000000004332,-44271.93953377105,17516.95079703754,301.1442146265383
22400,22.400000000004393,-44522.10164416245,17720.97236915027,304.65166959473686
22450,22.450000000004454,-44342.37907342228,17463.50200747273,300.22534501602615
22500,22.500000000004515,-44431.38427686914,17643.10245429669,303.3129620409324
22550,22.550000000004577,-44642.608069872826,17795.142737170077,305.92677606073573
22600,22.600000000004638,-44133.26036645815,17483.741060344044,300.5732864901067
22650,22.6500000000047,-44019.1428374658,17364.148372532043,298.5172981812103
22700,22.70000000000476,-44312.43971459776,17622.74797031161,302.9630361226126
22750,22.75000000000482,-44481.37869646379,17870.885082400244,307.22890731249265
22800,22.800000000004882,-44125.0789443393,17621.051207632438,302.93386607639013
22850,22.850000000004943,-44117.22551906246,17544.119711986506,301.61129143969833
22900,22.900000000005004,-44294.90688729167,17662.68199382779,303.64956543287883
22950,22.950000000005065,-44048.454302412036,17477.641633060604,300.4684276445105
23000,23.000000000005127,-44070.1058189277,17473.4083783184,300.3956512698191
23050,23.050000000005188,-44253.39219205524,17630.60327367222,303.0980812676605
23100,23.10000000000525,-44309.51792613865,17726.784874053843,304.7515957887692
23150,23.15000000000531,-44223.985773557535,17557.3612517793,301.83893454651246
23200,23.20000000000537,-44286.92481646444,17370.89046490547,298.6332054607512
23250,23.250000000005432,-44473.50413027416,17463.439180517697,300.2242649208515
23300,23.300000000005493,-44362.796176630996,17411.18402236187,299.3259157306669
23350,23.350000000005554,-44047.62966117312,17135.437401770374,294.58539322443306
23400,23.400000000005615,-44221.94062868776,17267.550027757523,296.8566191618763
23450,23.450000000005677,-44300.987993786584,17417.02891981436,299.42639880407944
23500,23.500000000005738,-44440.323868163345,17757.21386980432,305.2747185704294
23550,23.5500000000058,-44287.72619714096,17562.810847559616,301.9326217561364
23600,23.60000000000586,-44341.85346413543,17449.818077433123,299.99009651801254
23650,23.65000000000592,-44285.35610375571,17380.25599042461,298.79421372410167
23700,23.700000000005982,-44449.803681218575,17397.956242608674,299.09850918079513
23750,23.750000000006043,-44593.413052991746,17581.266074578474,302.24989642972224
23800,23.800000000006104,-44607.68668983709,17480.686880038997,300.52078027826946
23850,23.850000000006165,-44648.56120809927,17622.286293960155,302.955099172633
23900,23.900000000006226,-44466.14159994421,17378.649870494242,298.76660197074165
23950,23.950000000006288,-44598.64752281593,17446.78965749772,299.9380331678568
24000,24.00000000000635,-44526.13046393705,17330.717817504745,297.94257382679086
24050,24.05000000000641,-44679.35862395787,17730.899334843674,304.8223299066829
24100,24.10000000000647,-44572.79496318309,17773.90808148019,305.5617185924189
24150,24.150000000006532,-44187.95474685485,17314.888891507086,297.6704494403507
24200,24.200000000006593,-44532.34864992776,17599.324429414228,302.5603482399414
24250,24.250000000006654,-44290.041723072776,17423.324823491297,299.5346353910359
24300,24.300000000006715,-44401.16113917121,17555.36235548137,301.80457034336234
24350,24.350000000006776,-44330.47793128793,17503.479326867793,300.91261865123766
24400,24.400000000006838,-44467.02359147867,17695.411829050452,304.2122433005732
24450,24.4500000000069,-44592.40784458328,17656.541613417805,303.5440025379721
24500,24.50000000000696,-44454.438925306975,17366.334757587032,298.554885613971
24550,24.55000000000702,-44413.80550599955,17261.129265942032,296.7462360651471
24600,24.600000000007082,-44618.5218017838,17429.495657183368,299.64072182624494
24650,24.650000000007143,-44464.55618476858,17203.394106404357,295.7536769447406
24700,24.700000000007204,-44629.042101245665,17370.0004899005,298.6179053764492
24750,24.750000000007265,-44570.78957753505,17371.7516097544,298.6480099088663
24800,24.800000000007326,-44542.31461558826,17467.917808291193,300.30125964779234
24850,24.850000000007388,-44286.16291396502,17280.230408020783,297.0746150448237
24900,24.90000000000745,-44249.87938378492,17253.202061818658,296.6099548317534
24950,24.95000000000751,-44535.56071431257,17643.297081549306,303.31630799262297
25000,25.00000000000757,-44219.0068988596,17390.141335802262,298.9641585166947
25050,25.050000000007632,-44280.008957239654,17583.17888859341,302.28278074166263
25100,25.100000000007693,-44399.27726404628,17595.933209160572,302.5020477759083
25150,25.150000000007754,-44328.52684301005,17561.580746425712,301.91147436329544
25200,25.200000000007815,-44080.79482223022,17342.54877416364,298.14596676843945
25250,25.250000000007876,-44184.72878348059,17564.67378616565,301.96464863055724
25300,25.300000000007937,-44228.67688865778,17574.76422301866,302.1381192714551
25350,25.350000000008,-43956.7162000168,17250.441058279575,296.5624887943138
25400,25.40000000000806,-44042.07615210879,17379.08729410166,298.77412197751914
25450,25.45000000000812,-44155.3496563119,17442.831700528845,299.86998959927416
25500,25.500000000008182,-44364.257900834324,17600.77768943266,302.58533208855573
25550,25.550000000008243,-44229.15139079658,17421.0901783676,299.49621829101994
25600,25.600000000008304,-44353.00262399323,17549.069288849365,301.69638252971566
25650,25.650000000008365,-44055.90283792383,17296.901535678604,297.3612182158677
25700,25.700000000008426,-44279.027699781625,17537.906698200983,301.50447986166836
25750,25.750000000008487,-44215.632377245354,17487.39506958598,300.6361047143599
25800,25.80000000000855,-44301.21119383361,17544.83830260574,301.62364515411906
25850,25.85000000000861,-44497.93638993644,17555.269287654584,301.8029703595564
25900,25.90000000000867,-44244.17338707931,17462.506958316084,300.2082385401181
25950,25.950000000008732,-44297.971777863866,17526.822358486945,301.3139224515053
26000,26.000000000008793,-44288.33359276547,17631.46404858819,303.1128793560404
26050,26.050000000008854,-44325.30509209756,17605.340396286345,302.6637722684675
26100,26.100000000008915,-44324.34103662657,17633.754226834913,303.1522511586706
26150,26.150000000008976,-44250.45435960389,17520.55924145712,301.20624951910315
26200,26.200000000009037,-44292.47915546157,17334.45614937456,298.0068416909867
26250,26.2500000000091,-44549.130379728485,17545.90679965763,301.6420143160383
26300,26.30000000000916,-44469.92952535427,17612.998723938814,302.79543108814323
26350,26.35000000000922,-44331.49174400889,17613.225112923257,302.79932307446603
26400,26.400000000009282,-44520.779293160915,17570.7406414816,302.0689475122829
26450,26.450000000009343,-44359.76388433361,17371.174071166657,298.6380811029664
26500,26.500000000009404,-44361.658745274806,17501.532284988767,300.8791459079333
26550,26.550000000009465,-44327.85632784385,17487.55356395112,300.63882948430796
26600,26.600000000009526,-44633.04900810014,17820.61235065572,306.36463918194016
26650,26.650000000009587,-44471.87055976498,17676.434973792304,303.88600100880615
26700,26.70000000000965,-44433.036171373664,17571.24458334455,302.07761107355526
26750,26.75000000000971,-44496.22297362888,17582.07533819891,302.2638089570921
26800,26.80000000000977,-44498.95424786153,17569.470674049233,302.0471147544329
26850,26.850000000009832,-44404.678924613494,17507.609220687926,300.98361808746176
26900,26.900000000009893,-44490.34875377745,17708.889099346772,304.4439389892647
26950,26.950000000009954,-44326.71265570134,17522.508169862453,301.239754694792
27000,27.000000000010015,-44648.06235416331,17979.026043733516,309.0880222490474
27050,27.050000000010076,-44385.12053679327,17633.338698192936,303.14510756113515
27100,27.100000000010137,-44499.76444973472,17784.354564708246,305.7413102361801
27150,27.1500000000102,-44394.95432619873,17750.84229379911,305.16518105592394
27200,27.20000000001026,-44151.37410669709,17409.190127261078,299.29163750604135
27250,27.25000000001032,-44443.60884973049,17548.90629045339,301.6935803283217
27300,27.30000000001038,-44445.618120527186,17518.0778890987,301.16359112976096
27350,27.350000000010443,-44291.49820421279,17390.62925460829,298.97254661616165
27400,27.400000000010504,-44579.33681477636,17723.038257072687,304.6871854903463
27450,27.450000000010565,-44362.37627347998,17543.00267162455,301.5920877411548
27500,27.500000000010626,-44420.81483504032,17452.30236137234,300.03280530588626
27550,27.550000000010687,-44974.11149749127,17944.348938072686,308.4918677087539
27600,27.60000000001075,-44355.54416229619,17471.61557459465,300.36483012545307
27650,27.65000000001081,-44310.022140749716,17249.55420123902,296.5472423127739
27700,27.70000000001087,-44511.952296922485,17497.62822308415,300.8120288811321
27750,27.75000000001093,-44144.527968431714,17145.500024635665,294.75838569869194
27800,27.800000000010993,-44589.527421212406,17699.14829345206,304.2764790600236
27850,27.850000000011054,-44409.771128874636,17595.8305539939,302.5002829704976
27900,27.900000000011115,-44201.88224670444,17369.877730458258,298.6157949466003
27950,27.950000000011176,-44260.541575264804,17576.751042126205,302.1722758485146
28000,28.000000000011237,-44088.751098248584,17397.04102513192,299.0827751382986
28050,28.0500000000113,-44464.85095700895,17779.825999100787,305.6634569985336
28100,28.10000000001136,-44124.020926404715,17601.87864696978,302.6042592977884
28150,28.15000000001142,-44298.22317131162,17815.184629526986,306.2713280323307
28200,28.20000000001148,-44333.09574814554,17752.463973533933,305.19306030704354
28250,28.250000000011543,-44150.97271415554,17446.064038240773,299.925558619987
28300,28.300000000011604,-44436.643583045865,17588.852050335638,302.380311405367
28350,28.350000000011665,-44358.84545719606,17450.207687568367,299.9967945352387
28400,28.400000000011726,-44173.02886961376,17138.896987053064,294.6448689919317
28450,28.450000000011787,-44337.64229494536,17265.019137183328,296.8131091319001
28500,28.50000000001185,-44612.638238463616,17424.842525377066,299.56072709773326
28550,28.55000000001191,-44481.24119024846,17370.755530121787,298.6308857174392
28600,28.60000000001197,-44353.58992612609,17380.45854961482,298.7976960384015
28650,28.65000000001203,-44323.31847145181,17378.43336539143,298.7628799040472
28700,28.700000000012093,-44358.54089991872,17319.757486524544,297.75414832378397
28750,28.750000000012154,-44444.07380506788,17439.515887899342,299.81298551210574
28800,28.800000000012215,-44307.71419280983,17362.427367527016,298.48771137089085
28850,28.850000000012276,-44307.0906334796,17142.802191387254,294.7120056589122
28900,28.900000000012337,-44452.50657525838,17382.470824188258,298.8322902353626
28950,28.9500000000124,-44535.662893347566,17463.61741818469,300.227329109526
29000,29.00000000001246,-44509.407935370924,17497.041725492938,300.8019460557288
29050,29.05000000001252,-44328.82790803271,17396.393211823244,299.07163819829543
29100,29.10000000001258,-44567.5926328665,17497.599977765825,300.8115432992348
29150,29.150000000012643,-44566.92297870916,17532.115001592167,301.4049113952825
29200,29.200000000012704,-44265.16358203393,17410.43504083671,299.31303954828917
29250,29.250000000012765,-44326.582621001085,17289.94286058166,297.24158753520925
29300,29.300000000012826,-44705.353476807875,17597.908976949922,302.53601436325
29350,29.350000000012887,-44520.08246146471,17384.42184932472,298.86583145719084
29400,29.400000000012948,-44510.959270947016,17315.197024896548,297.67574674286897
29450,29.45000000001301,-44633.49438043493,17400.11261842786,299.1355807071145
29500,29.50000000001307,-44546.90192289147,17310.366971699535,297.5927104545633
29550,29.55000000001313,-44334.006504223915,17169.613508973285,295.1729348052631
29600,29.600000000013193,-44566.25154493213,17427.86817401135,299.6127428048197
29650,29.650000000013254,-44730.376106163174,17723.46703406736,304.6945568481132
29700,29.700000000013315,-44200.59106676458,17202.43647297069,295.7372137045556
29750,29.750000000013376,-44138.40177661324,17105.62560567837,294.07288108549096
29800,29.800000000013437,-44606.88516065866,17495.437711947307,300.77437051446896
29850,29.850000000013498,-44490.37153183293,17580.728957577,302.2406625351109
29900,29.90000000001356,-44414.16185251212,17586.51663117169,302.3401618394922
29950,29.95000000001362,-44255.29719428861,17428.86306052876,299.629846484701
30000,30.00000000001368,-44201.46515345037,17378.90847059163,298.7710477172721
30050,30.050000000013743,-44212.00766468501,17445.830319242905,299.92154061908764
30100,30.100000000013804,-44175.585972141904,17358.803741148167,298.42541547632555
30150,30.150000000013865,-44258.40131452281,17551.663772641805,301.7409858281486
30200,30.200000000013926,-44037.478302040705,17375.774666066067,298.71717263857954
30250,30.250000000013987,-44267.17124548777,17688.746199747657,304.0976505426989
30300,30.300000000014048,-44528.36004495368,18032.263385649858,310.0032567385405
30350,30.35000000001411,-44246.20512488363,17646.75123708491,303.3756904141426
30400,30.40000000001417,-44080.093883460744,17479.57373397163,300.5016435288371
30450,30.45000000001423,-44041.44958675152,17346.25177423996,298.209627222971
30500,30.500000000014293,-44196.46225338496,17476.457591218063,300.4480720840657
30550,30.550000000014354,-44497.20972697324,17675.992985330067,303.8784025249218
30600,30.600000000014415,-44499.64782410981,17806.964048211325,306.1300031788923
30650,30.650000000014476,-44406.65299585678,17622.924812233556,302.9660763162122
30700,30.700000000014537,-44140.916707826735,17312.894588596435,297.6361642048258
30750,30.750000000014598,-44667.14141232936,17739.585676707946,304.97166192393877
30800,30.80000000001466,-44421.84230204128,17531.462136351074,301.3936876045347
30850,30.85000000001472,-44491.72179243358,17727.99956058902,304.77247818016787
30900,30.90000000001478,-44315.271617476,17492.988652821437,300.7322672971009
30950,30.950000000014843,-44413.359218076526,17574.93831043528,302.1411121107318
31000,31.000000000014904,-44551.41274772973,17587.1034289402,302.3502498254203
31050,31.050000000014965,-44361.07763699346,17429.46997056066,299.64028023239047
31100,31.100000000015026,-44394.42787195108,17693.327252014024,304.1764061094012
31150,31.150000000015087,-44305.171551435975,17498.893835139657,300.83378676313424
31200,31.200000000015148,-44172.7735088887,17302.320044970867,297.45437099937277
31250,31.25000000001521,-44366.83595812736,17406.621371285004,299.24747650964736
31300,31.30000000001527,-44498.49976246897,17477.4132207868,300.4645008746289
31350,31.35000000001533,-44312.40016545481,17352.67305453082,298.32001923311554
31400,31.400000000015392,-44272.17043363035,17224.832795781444,296.1222420763032
31450,31.450000000015454,-44156.47600308605,17191.387820468477,295.54726981426256
31500,31.500000000015515,-44269.53990891346,17408.91395951681,299.28688974375007
31550,31.550000000015576,-44458.35445781143,17440.345214298704,299.82724295052054
31600,31.600000000015637,-44517.79055410197,17386.359617409667,298.899144769241
31650,31.650000000015698,-44486.52724463676,17304.926135364454,297.4991738337197
31700,31.70000000001576,-44267.229876331185,17196.03068198387,295.6270879801565
31750,31.75000000001582,-44347.53019211977,17180.7033200911,295.36358627754987
31800,31.80000000001588,-44482.12610503515,17281.187034003375,297.0910609653242
31850,31.850000000015942,-44611.18485596848,17347.935401775434,298.2385714552046
31900,31.900000000016004,-44636.13183433322,17320.38876536519,297.76500101001227
31950,31.950000000016065,-44503.48006140206,17353.88226517764,298.3408074852933
32000,32.00000000001612,-44301.85367836555,17126.073218852245,294.4244080425271
32050,32.050000000016006,-44231.73526698374,17204.96354111928,295.78065802096273
32100,32.10000000001589,-44650.40134687925,17741.85388214087,305.01065597899003
32150,32.15000000001577,-44483.44577965751,17668.236964545205,303.7450642050882
32200,32.200000000015656,-44314.71442521347,17671.511028502387,303.8013505662504
32250,32.25000000001554,-44215.007702717456,17625.79426053784,303.0154066914594
32300,32.30000000001542,-44086.967947707264,17552.6664598901,301.75822361498734
32350,32.35000000001531,-44489.37192249269,18151.255158971882,312.0489143726385
32400,32.40000000001519,-44311.70305711931,17919.618653084894,308.06671481905124
32450,32.45000000001507,-44154.18549804317,17722.297124309407,304.6744442406552
32500,32.50000000001496,-43955.20445250728,17441.79901390808,299.85223607556054
32550,32.55000000001484,-44195.82197941005,17451.63917635532,300.0214041017945
32600,32.600000000014724,-44542.98155852682,17748.72049595688,305.12870397996494
32650,32.65000000001461,-44271.08811273837,17455.64795823183,300.09032143128854
32700,32.70000000001449,-44394.84433933161,17491.575554892886,300.7079738986199
32750,32.750000000014374,-44512.58529646828,17474.745739801514,300.4186426384751
32800,32.80000000001426,-44389.48079059992,17281.31253768087,297.0932185729369
32850,32.85000000001414,-44455.311415135264,17210.68567958782,295.87903067240524
32900,32.900000000014025,-44519.462434356254,17428.226382235913,299.6189009733108
32950,32.95000000001391,-44392.030644338854,17206.571980670284,295.80830965228677
33000,33.00000000001379,-44333.37231588617,17197.71332429352,295.6560152747928
33050,33.050000000013675,-44374.06908446188,17302.99796682256,297.466025553066
33100,33.10000000001356,-44489.520327782506,17515.574667378412,301.1205567713429
33150,33.15000000001344,-44480.017808479286,17417.00052588662,299.42591066735014
33200,33.200000000013326,-44408.29574626349,17344.665360602725,298.1823542520988
33250,33.25000000001321,-44627.12887609088,17539.109982933576,301.52516623796566
33300,33.30000000001309,-44448.99218643684,17341.364993312403,298.1256156948499
33350,33.350000000012976,-44413.71998457263,17381.600252132743,298.8173237185886
33400,33.40000000001286,-44492.07532955229,17557.160229481586,301.83547865383633
33450,33.45000000001274,-44313.67019574095,17365.535573801208,298.5411463749726
33500,33.500000000012626,-44481.182109638925,17428.00631452214,299.61511765967384
33550,33.55000000001251,-44682.222515867354,17555.20625823657,301.8018867837214
33600,33.60000000001239,-44377.26184186385,17208.694510813326,295.8447993176602
33650,33.65000000001228,-44571.327294227434,17295.88610838864,297.3437614074717
33700,33.70000000001216,-44508.80579839937,17243.31076094974,296.43990765480356
33750,33.750000000012044,-44301.9125077404,16991.719809167636,292.114659473232
33800,33.80000000001193,-44687.84220703432,17321.88701022911,297.79075821959117
33850,33.85000000001181,-44706.5767332502,17448.68247359803,299.9705736838727
33900,33.900000000011694,-44496.79096960762,16974.34411580404,291.8159436983121
33950,33.95000000001158,-44529.11152601913,17196.474065316794,295.634710444084
34000,34.00000000001146,-44379.466665264765,17116.67098604518,294.26276872257773
34050,34.050000000011345,-44550.879521678406,17305.590656566786,297.51059800895985
34100,34.10000000001123,-44733.79218333034,17646.747314240467,303.3756229742141
34150,34.15000000001111,-44512.45554696144,17440.710291955293,299.83351921546216
34200,34.200000000010995,-44443.219399903894,17376.59672153904,298.731305078218
34250,34.25000000001088,-44570.84820031903,17485.262943672682,300.59945008245023
34300,34.30000000001076,-44300.60413550241,17227.387852145308,296.1661675545978
34350,34.350000000010645,-44697.84799198405,17625.906802246736,303.01734146223833
34400,34.40000000001053,-44650.299456509485,17631.813024541327,303.11887880711777
34450,34.45000000001041,-44352.98142991973,17405.62691194307,299.23038017359124
34500,34.500000000010296,-44628.910864800906,17612.569343379408,302.78804935413956
34550,34.55000000001018,-44219.646355987825,17471.373025926878,300.36066032849976
34600,34.60000000001006,-44317.34886233598,17509.316127188373,301.0129625220882
34650,34.650000000009946,-44527.02409963665,17994.830226574235,309.35972126130855
34700,34.70000000000983,-44205.37329518702,17559.71180708417,301.87934432669755
34750,34.75000000000971,-44491.764279354706,17908.0384247586,307.86763229579003
34800,34.8000000000096,-44027.33043163131,17477.70010803928,300.4694329222973
34850,34.85000000000948,-44063.952020729565,17507.20646824193,300.9766941330336
34900,34.90000000000936,-44312.042278455134,17799.756618801297,306.0060960163783
34950,34.95000000000925,-44209.347817461865,17797.984390245136,305.97562859183233
35000,35.00000000000913,-44134.29976760929,17655.578004396688,303.52743656794496
35050,35.050000000009014,-44124.67454853996,17783.783872638294,305.7314991327985
35100,35.1000000000089,-44352.881322182206,18048.760753158564,310.2868726965561
35150,35.15000000000878,-44211.01335671594,17839.09393081425,306.682366907866
35200,35.200000000008664,-44007.32404265365,17552.36375920392,301.7530197092698
35250,35.25000000000855,-44313.41818794156,17835.393392975795,306.61874878311534
35300,35.30000000000843,-44252.74068615884,17811.612812368676,306.2099228205794
35350,35.350000000008315,-44246.23879397255,17676.36306316217,303.8847647508247
35400,35.4000000000082,-44174.50505534603,17543.809735695115,301.60596245476796
35450,35.45000000000808,-44303.387131674725,17653.798638214248,303.49684643626324
35500,35.500000000007965,-44221.76106326556,17585.645072708492,302.325178364803
35550,35.55000000000785,-44331.714142966535,17698.91749515242,304.272511270567
35600,35.60000000000773,-44193.66643974037,17560.568161852283,301.8940664257131
35650,35.650000000007616,-44324.18924826224,17742.06473116258,305.01428080866407
35700,35.7000000000075,-44211.63103146179,17572.42118699849,302.0978387597204
35750,35.75000000000738,-44284.39284514012,17526.115128684934,301.3017640475824
35800,35.800000000007266,-44590.76495160379,17746.651090828513,305.0931276179972
35850,35.85000000000715,-44464.7631239574,17437.23446614274,299.77376424745273
35900,35.90000000000703,-44404.476700721745,17324.579678735765,297.83704946925457
35950,35.950000000006916,-44495.49888051626,17313.270475998164,297.6426263064605
36000,36.0000000000068,-44608.42072910306,17483.39880306072,300.5674025436379
36050,36.05000000000668,-44741.524318020325,17584.304073481024,302.30212445754194
36100,36.10000000000657,-44553.03614180645,17334.09164248384,298.0005752384172
36150,36.15000000000645,-44593.08206712466,17249.718242642393,296.55006244512214
36200,36.200000000006334,-44495.91796487192,17318.698123125858,297.73593618387457
36250,36.25000000000622,-44673.245599355374,17382.793792293094,298.83784257020716
36300,36.3000000000061,-44708.20058574456,17495.36926964003,300.7731938824677
36350,36.350000000005984,-44358.58885588262,16952.677168240494,291.4434544458743
36400,36.40000000000587,-44322.08725892092,16987.846373232893,292.04806895551064
36450,36.45000000000575,-44649.62818449292,17318.73561832701,297.73658078595366
36500,36.500000000005635,-44603.119974571295,17359.0520391903,298.4296841141586
36550,36.55000000000552,-44295.69164841971,16964.79037912865,291.65169978616126
36600,36.6000000000054,-44512.30461216554,17274.62886700805,296.97831565524825
36650,36.650000000005285,-44424.429791669114,17206.12715731412,295.8006624320718
36700,36.70000000000517,-44434.311291455575,17270.547703209526,296.9081539655165
36750,36.75000000000505,-44690.02145286157,17523.031813862224,301.24875696709853
36800,36.800000000004935,-44360.31638034502,17233.178475468103,296.2657175694917
36850,36.85000000000482,-44486.17353960473,17424.109280835342,299.54812145910324
36900,36.9000000000047,-44450.7109593133,17365.738056978178,298.5446273824841
36950,36.950000000004586,-44360.4259348735,17224.19440644622,296.11126714937615
37000,37.00000000000447,-44434.79363026388,17305.430948818008,297.50785237901925
37050,37.05000000000435,-44577.30300889309,17358.758524213506,298.4246381253793
37100,37.100000000004236,-44464.43084052789,17152.31567602375,294.8755575745632
37150,37.15000000000412,-44585.75731399605,17376.484251840902,298.72937154541836
37200,37.200000000004,-44456.23539272355,17052.385423715623,293.15759777108804
37250,37.25000000000389,-44558.3061311869,17095.13261633106,293.89248992765226
37300,37.30000000000377,-44981.88238554634,17523.03884278862,301.24887780551063
37350,37.350000000003654,-44411.187602198006,17038.265036619756,292.91484588284686
37400,37.40000000000354,-44420.98491115829,17055.923887749388,293.2184295896379
37450,37.45000000000342,-44637.88680503001,17350.80628752166,298.2879265423626
37500,37.500000000003304,-44290.41972719282,17048.877189961117,293.0972856590676
37550,37.55000000000319,-44685.67672333538,17413.907819202137,299.3727421258409
37600,37.60000000000307,-44471.91010909423,17139.48239247242,294.6549330411656
37650,37.650000000002954,-44245.79721980064,17011.533919070967,292.45529550255577
37700,37.70000000000284,-44647.066551162905,17502.15406329285,300.8898352648439
37750,37.75000000000272,-44445.90582881676,17397.371634273153,299.08845883469866
37800,37.800000000002605,-44669.913613898316,17564.623582098495,301.96378554288
37850,37.85000000000249,-44424.42055892463,17286.277452019516,297.1785733385307
37900,37.90000000000237,-44403.392045590896,17149.64475064515,294.829640123816
37950,37.950000000002255,-44609.25801608634,17395.74660045967,299.0605219216381
38000,38.00000000000214,-44359.101775430565,17222.30719207269,296.0788229359435
38050,38.05000000000202,-44116.21406968544,17035.080779336356,292.8601034410893
38100,38.100000000001906,-44659.33292523277,17558.30767727331,301.85520510440796
38150,38.15000000000179,-44410.406082609385,17370.971941226755,298.63460616816127
38200,38.20000000000167,-44212.64056147669,17189.826999633162,295.52043682431645
38250,38.250000000001556,-44522.859345991834,17454.451840048765,300.0697582593636
38300,38.30000000000144,-44324.74399221313,17367.903388986007,298.5818528799157
38350,38.35000000000132,-44252.00620649477,17388.83921929975,298.94177306525137
38400,38.40000000000121,-44310.11288383096,17641.160264627117,303.27957271481756
38450,38.45000000000109,-44425.192808463966,17642.73278311603,303.3066068060139
38500,38.50000000000097,-44401.691679136165,17503.27906050177,300.9091757542283
38550,38.55000000000086,-44498.35829616619,17391.185998533514,298.9821179287748
38600,38.60000000000074,-44778.071206442626,17701.921894435123,304.32416166753956
38650,38.650000000000624,-44536.202091622996,17472.308247007295,300.3767382647244
38700,38.70000000000051,-44349.84169046931,17267.36537580694,296.8534447014761
38750,38.75000000000039,-44583.86926652454,17646.457901388356,303.3706475074755
38800,38.800000000000274,-44526.556743081484,17519.19640352256,301.18282016977054
38850,38.85000000000016,-44380.8025301639,17504.277553458447,300.92634143453034
38900,38.90000000000004,-44194.860737669864,17334.349398310133,298.0050064705861
38950,38.949999999999925,-44370.01041611821,17447.200855289175,299.94510231119114
39000,38.99999999999981,-44488.439998463975,17437.78408173242,299.7832130126527
39050,39.04999999999969,-44412.119149752616,17398.40173996549,299.1061679881521
39100,39.099999999999575,-44622.25464872672,17526.103523123475,301.30156452954236
39150,39.14999999999946,-44727.12291381702,17797.92902858594,305.97467683695373
39200,39.19999999999934,-44351.40178127756,17313.09393470814,297.6395912812013
39250,39.249999999999226,-44682.52982899448,17658.006769890697,303.5691909055395
39300,39.29999999999911,-44391.516485903456,17354.43962434712,298.3503893749328
39350,39.34999999999899,-44422.23176532029,17291.424430734947,297.26705808002015
39400,39.399999999998876,-44607.12328408309,17572.664235295382,302.10201714609207
39450,39.44999999999876,-44253.956732172366,17325.868351260822,297.859203797366
39500,39.49999999999864,-44440.537567770014,17716.482973736278,304.5744897549486
39550,39.549999999998526,-44454.50702652156,17619.850436680408,302.9132229159745
39600,39.59999999999841,-44301.46247599131,17422.5901458329,299.5220051148534
39650,39.64999999999829,-44383.72410136563,17513.046996918332,301.07710210024425
39700,39.69999999999818,-44232.72480003844,17388.054252910326,298.9282782458852
39750,39.74999999999806,-44192.410972312435,17359.358398517816,298.43495091773343
39800,39.799999999997944,-44407.26055996185,17530.712129574007,301.38079379644785
39850,39.84999999999783,-44464.90748625195,17886.433147706142,307.49620325741813
39900,39.89999999999771,-44379.46360674259,17670.269743726716,303.78001090883924
39950,39.949999999997594,-44228.19163913703,17396.278926997355,299.0696734605659
40000,39.99999999999748,-44325.48081548382,17672.248892830063,303.8140356263407
40050,40.04999999999736,-44270.18269228671,17910.209425846977,307.904955253723
40100,40.099999999997245,-44056.70867727559,17644.857092459995,303.343127058678
40150,40.14999999999713,-44221.782296091464,17761.50396116555,305.3484720569022
40200,40.19999999999701,-44276.118154115255,17807.59464918045,306.1408442114322
40250,40.249999999996895,-44587.684760974065,17914.90355490205,307.98565479007635
40300,40.29999999999678,-44428.844424769784,17698.605735907582,304.2671516338342
40350,40.34999999999666,-44570.532369795896,17882.040231174404,307.42068204289865
40400,40.399999999996545,-44495.247050756,17726.520696339627,304.74705415414394
40450,40.44999999999643,-44326.013373971866,17496.940720608014,300.8002096212833
40500,40.49999999999631,-44728.43621311917,17778.819169820643,305.64614800358663
40550,40.549999999996196,-44489.008295374166,17578.15503920818,302.19641278898376
40600,40.59999999999608,-44305.42928070914,17420.309002161488,299.4827886309267
40650,40.64999999999596,-44454.44177065748,17496.092628277795,300.78562956670226
40700,40.699999999995846,-44514.90414082376,17701.340287518007,304.3141629205941
40750,40.74999999999573,-44422.78639441458,17672.859895191486,303.8245397276765
40800,40.79999999999561,-44337.050482992556,17539.4644433938,301.5312599764335
40850,40.8499999999955,-44433.02764091807,17660.660303752695,303.61480936848517
40900,40.89999999999538,-44456.563708013186,17828.639137379818,306.5026323984543
40950,40.94999999999526,-43859.23628982177,17198.635709089627,295.67187253489624
41000,40.99999999999515,-44607.148569597404,17860.320775181775,307.047290087141
41050,41.04999999999503,-44461.95932496914,17764.121488558092,305.3934715114319
41100,41.099999999994914,-44448.94434307433,17826.648995657328,306.468418700365
41150,41.1499999999948,-44048.76225902461,17327.004477644976,297.87873561495434
41200,41.19999999999468,-44191.003033362766,17644.283224015042,303.33326134836364
41250,41.249999999994564,-44535.14302750334,17790.607670822854,305.8488110650446
41300,41.29999999999445,-44409.670094160574,17686.78866231046,304.0639973640745
41350,41.34999999999433,-44319.94064171298,17670.581572421823,303.7853717395326
41400,41.399999999994215,-44196.18831703779,17523.542325762883,301.2575334777574
41450,41.4499999999941,-44007.03690308535,17232.030058149554,296.2459744512136
41500,41.49999999999398,-44280.58892484182,17374.13657062758,298.6890111754332
41550,41.549999999993865,-44100.002229365426,17296.7278642754,297.3582325285225
41600,41.59999999999375,-44202.71471966228,17406.906069605135,299.25237092609086
41650,41.64999999999363,-44077.78110074984,17330.104128115767,297.9320235311824
41700,41.699999999993516,-44009.76043979675,17371.40256256957,298.642009233203
41750,41.7499999999934,-44159.941771151905,17395.01422667378,299.0479312526843
41800,41.79999999999328,-44443.12342905164,17824.921373749286,306.43871813497003
41850,41.849999999993166,-44135.39344239136,17505.752473299162,300.9516976499023
41900,41.89999999999305,-44140.162500624465,17514.633812488803,301.1043819809874
41950,41.94999999999293,-44362.158016003035,17586.82000160397,302.34537725920933
42000,41.999999999992816,-44316.657521014946,17733.10152889809,304.86018912126053
42050,42.0499999999927,-43823.34541877691,17363.70811185717,298.5097294007358
42100,42.09999999999258,-44185.00801066808,17655.785832905825,303.531009470209
42150,42.14999999999247,-44325.06943620986,17756.304744261965,305.259089257964
42200,42.19999999999235,-44412.56698272407,17611.879851844824,302.77619589921585
42250,42.249999999992234,-44361.74481764634,17474.786195637625,300.419338138573
42300,42.29999999999212,-44257.90786634003,17537.954240181025,301.5052971838386
42350,42.349999999992,-44198.90203945687,17528.892636934455,301.3495138272166
42400,42.399999999991884,-44323.713369876226,17460.573504859134,300.1749994033781
42450,42.44999999999177,-44442.339478530004,17754.073632657277,305.22073290475373
42500,42.49999999999165,-44399.198656654684,17723.528429117327,304.69561232656486
42550,42.549999999991535,-44273.01278868489,17667.412440460284,303.7308893260884
42600,42.59999999999142,-44356.373073390496,17687.947604798148,304.0839214267322
42650,42.6499999999913,-44633.90823273933,18048.613722674345,310.28434500893457
42700,42.699999999991185,-44371.555479571376,17656.007543515472,303.53482102783624
42750,42.74999999999107,-44350.672988076076,17682.996046156717,303.9987962667927
42800,42.79999999999095,-44129.78289753608,17564.421133060856,301.9603051222778
42850,42.849999999990835,-44205.83934228615,17654.995549232153,303.5174232382787
42900,42.89999999999072,-44079.69713686533,17435.884567601766,299.75055734685355
42950,42.9499999999906,-44531.17965419823,17859.179394062176,307.02766793230177
43000,42.999999999990486,-44280.54528276212,17624.363489616644,302.9908094661565
43050,43.04999999999037,-44224.79704084536,17607.11901694823,302.6943495834664
43100,43.09999999999025,-44284.04278943129,17672.13202494157,303.8120264816612
43150,43.149999999990136,-44414.64703837946,17785.980303185814,305.7692592635358
43200,43.19999999999002,-44335.90070895768,17776.720914560145,305.6100756620113
43250,43.2499999999899,-43931.43017646615,17449.346490818025,299.9819891948558
43300,43.29999999998979,-43996.02362947083,17479.237824911823,300.49586871841643
43350,43.34999999998967,-44243.12029559323,17694.665302417856,304.1994093216989
43400,43.399999999989554,-44039.32320119259,17590.15221012901,302.4026632178714
43450,43.44999999998944,-44133.78638864826,17717.047951130622,304.5842026139772
43500,43.49999999998932,-44359.14919578336,17965.80284727605,308.8606944933109
43550,43.549999999989204,-44264.651687270656,17679.326838473757,303.9357167571914
43600,43.59999999998909,-44418.81890755301,17770.92497263671,305.51043421192236
43650,43.64999999998897,-44243.610708486405,17600.075764223595,302.57326487901344
43700,43.699999999988854,-44462.16420318956,17889.297964306494,307.545454006316
43750,43.74999999998874,-44345.71502032667,17738.18115948217,304.9475160413713
43800,43.79999999998862,-44131.19968636064,17646.84857292799,303.3773637719295
43850,43.849999999988505,-44434.04602205742,17923.303884625162,308.1300698042179
43900,43.89999999998839,-44540.388349286026,17941.693264923175,308.44621246805696
43950,43.94999999998827,-44300.56674386962,17756.13089643673,305.2561005376438
44000,43.999999999988155,-44278.75377343433,17708.421361571767,304.4358978337841
44050,44.04999999998804,-44090.42134206754,17662.424671458448,303.6451416525235
44100,44.09999999998792,-44352.450841114565,17804.524375556284,306.0880613298707
44150,44.149999999987806,-44144.31549871411,17528.47964155329,301.34241378045925
44200,44.19999999998769,-44179.90756070509,17557.908767263736,301.84834720756663
44250,44.24999999998757,-44194.98680828574,17482.732678872424,300.5559508105222
44300,44.299999999987456,-44350.06406623895,17654.852526590592,303.51496445184
44350,44.34999999998734,-44184.12102249425,17643.44300282343,303.3188166111607
44400,44.39999999998722,-44158.0120371409,17550.105299701438,301.7141932022469
44450,44.44999999998711,-44319.08842899763,17673.53901554036,303.83621488544037
44500,44.49999999998699,-44231.21351178779,17564.79806071121,301.9667851074392
44550,44.54999999998687,-44116.6601515385,17472.587965453236,300.3815470692187
44600,44.59999999998676,-44159.260559003014,17628.460593918335,303.06124519846355
44650,44.64999999998664,-44334.76688428509,17613.419731416838,302.80266887557497
44700,44.699999999986524,-44383.78905889655,17723.212521904097,304.6901813796652
44750,44.74999999998641,-44299.56304883055,17576.778806999653,302.1727531708012
44800,44.79999999998629,-44353.13738053065,17633.49827750314,303.1478509830125
44850,44.849999999986174,-44460.32639610787,17721.043333980204,304.6528895929103
44900,44.89999999998606,-44242.960604844775,17648.7422309868,303.4099187625497
44950,44.94999999998594,-44272.38373380306,17633.215381458438,303.1429875505471
45000,44.999999999985825,-44456.12807061907,17841.16436754964,306.7179610047975
45050,45.04999999998571,-43960.24098246405,17300.660220216672,297.4258359747665
45100,45.09999999998559,-44123.2012028989,17514.339455299956,301.09932151324494
45150,45.149999999985475,-44369.17635264591,17547.139444459182,301.6632054385674
45200,45.19999999998536,-44573.16995039733,17839.58467881545,306.6908036456929
45250,45.24999999998524,-44336.64319990753,17519.931894311107,301.19546442495215
45300,45.299999999985125,-44316.37637584153,17461.26950122529,300.1869646866913
45350,45.34999999998501,-44067.93967809655,17199.560691861025,295.68777445832245
45400,45.39999999998489,-44496.58464456176,17467.58618703008,300.2955585514435
45450,45.449999999984776,-44468.137626301665,17452.936987790803,300.04371554229573
45500,45.49999999998466,-44685.953130422145,17568.625064704996,302.0325773863258
45550,45.54999999998454,-44302.93978163004,17271.15979685005,296.9186768276738
45600,45.599999999984426,-44490.3433612543,17543.33933574042,301.59787553218894
45650,45.64999999998431,-44464.02718925836,17348.01384470412,298.23992001377655
45700,45.69999999998419,-44504.831479347595,17452.023308442607,300.0280079426729
45750,45.74999999998408,-44445.09937871363,17450.717847769396,300.0055649996222
45800,45.79999999998396,-44363.4466028045,17417.51000200587,299.4346693712811
45850,45.849999999983844,-44482.9801055949,17715.391507465476,304.55572571566347
45900,45.89999999998373,-44369.38187793113,17340.779885077423,298.11555675468753
45950,45.94999999998361,-44459.40554950063,17544.61795709853,301.61985706477145
46000,45.999999999983494,-44456.755551508395,17668.58235401742,303.75100199886043
46050,46.04999999998338,-44068.195184862925,17327.148210122945,297.8812066046086
46100,46.09999999998326,-44132.16596820322,17317.420251994336,297.7139675488789
46150,46.149999999983145,-44097.51294957246,17415.234532312435,299.39555043205036
46200,46.19999999998303,-44226.347230222585,17524.799821948538,301.2791518350624
46250,46.24999999998291,-44162.78706886063,17306.679393410053,297.52931512504927
46300,46.299999999982795,-44216.44260852866,17419.024175734303,299.46070042334827
46350,46.34999999998268,-44499.40735894826,17773.245452848478,305.5503269534746
46400,46.39999999998256,-44352.81304509858,17688.045411065417,304.0856028718584
46450,46.449999999982445,-44083.08572023727,17352.770075382356,298.3216871756973
46500,46.49999999998233,-44280.32157485857,17516.756825469754,301.1408799471116
46550,46.54999999998221,-44458.205600286004,17638.693253045938,303.23716086622034
46600,46.599999999982096,-44485.82399469845,17757.61683350667,305.2816461566899
46650,46.64999999998198,-44243.972130097296,17494.683290123074,300.7614008047068
46700,46.69999999998186,-44352.40008101429,17507.35588252316,300.9792628019131
46750,46.749999999981746,-44402.15931387795,17501.362893577592,300.876233800451
46800,46.79999999998163,-44553.123913319316,17625.052524652394,303.00265507314003
46850,46.84999999998151,-44327.97703677486,17311.095756608414,297.60523942501936
46900,46.8999999999814,-44495.97268004749,17523.094848529952,301.2498406331844
46950,46.94999999998128,-44398.681971462356,17536.981810162568,301.4885795668526
47000,46.99999999998116,-44438.254336656275,17588.205478004078,302.3691957997321
47050,47.04999999998105,-44285.8108113883,17497.034715661026,300.8018255455812
47100,47.09999999998093,-44264.45564539027,17511.25037163619,301.04621525721785
47150,47.149999999980814,-44440.96203494407,17757.180997219275,305.27415343846553
47200,47.1999999999807,-44270.600932581845,17529.03568714722,301.35197308764805
47250,47.24999999998058,-44460.52172540227,17769.646414120143,305.48845375968574
47300,47.299999999980464,-44372.15698871389,17778.23714793231,305.6361421226266
47350,47.34999999998035,-44303.77892740772,17538.300567994822,301.51125110919344
47400,47.39999999998023,-44310.7715543447,17443.331644054164,299.87858442277025
47450,47.449999999980115,-44274.87809329197,17470.671586328128,300.34860146737026
47500,47.49999999998,-44113.958851729156,17493.823650912153,300.74662224090116
47550,47.54999999997988,-44283.67758072131,17704.59142686051,304.370055171208
47600,47.599999999979765,-44039.201062885535,17506.73569966622,300.96860087327366
47650,47.64999999997965,-44199.73630302033,17664.948133071674,303.68852396685776
47700,47.69999999997953,-44408.09473252908,17955.10561514119,308.6767920774593
47750,47.749999999979416,-44281.44831335473,17823.535832128957,306.41489847320804
47800,47.7999999999793,-44290.34509890993,17778.6563610027,305.6433490613403
47850,47.84999999997918,-44087.91226696144,17602.251717077197,302.6106729656579
47900,47.899999999979066,-44185.06987136749,17576.055959847392,302.16032627981514
47950,47.94999999997895,-44422.20428536819,17776.960176561843,305.6141889559531
48000,47.99999999997883,-44198.41633601388,17670.96025545336,303.79188190248533
48050,48.049999999978716,-43965.334396965176,17406.49604291592,299.2453219158647
48100,48.0999999999786,-44331.99899145044,17679.017400768298,303.9303970314089
48150,48.14999999997848,-44166.56865124979,17520.79187485994,301.21024885689883
48200,48.19999999997837,-44052.817308032914,17600.403837918686,302.5789049870661
48250,48.24999999997825,-44091.47551645006,17613.9031682469,302.8109799227542
48300,48.299999999978134,-44083.17091391625,17544.214803693347,301.61292621721793
48350,48.34999999997802,-44291.72432622835,17707.82764198782,304.42569085085154
48400,48.3999999999779,-44266.79721773405,17729.468502436706,304.7977316243419
48450,48.449999999977784,-44224.302580550175,17566.764969806743,302.0005993997598
48500,48.49999999997767,-44364.22525659297,17676.79663875036,303.8922186040379
48550,48.54999999997755,-44248.728178968646,17532.31583539095,301.40836404736257
48600,48.599999999977435,-44237.401630898195,17488.786529389406,300.6600261190919
48650,48.64999999997732,-44416.36383455203,17450.509203040183,300.0019780652383
48700,48.6999999999772,-44264.13366803856,17433.56671785743,299.7107098272157
48750,48.749999999977085,-44448.57283213926,17458.542636184848,300.14008554428165
48800,48.79999999997697,-44384.871509898105,17301.735614369933,297.4443237088162
48850,48.84999999997685,-44333.805674228,17189.749722801116,295.5191083127984
48900,48.899999999976735,-44618.28378140752,17430.928721446988,299.66535847774765
48950,48.94999999997662,-44373.32374528464,17321.765083145165,297.78866209930396
49000,48.9999999999765,-44264.84025649183,17317.950040871478,297.72307546139024
49050,49.049999999976386,-44283.48660165749,17388.096312734455,298.9290013210855
49100,49.09999999997627,-43964.15034151973,17018.4336215048,292.57391234944123
49150,49.14999999997615,-44396.101902202325,17551.348604385585,301.735567585094
49200,49.199999999976036,-44523.40810272857,17645.105476997156,303.34739718349795
49250,49.24999999997592,-44240.18665058189,17397.26554008593,299.0866349070609
49300,49.2999999999758,-44242.72345592312,17234.892631520037,296.2951866354261
49350,49.34999999997569,-44260.94075746761,17191.242211432764,295.54476656359924
49400,49.39999999997557,-44281.05700783683,17134.367365097856,294.5669975939891
49450,49.449999999975454,-44574.183098050475,17443.58779400671,299.8829880474182
49500,49.49999999997534,-44365.54560325188,17263.9563502339,296.7948381357142
49550,49.54999999997522,-44326.79712311238,17043.28646005094,293.0011721295214
49600,49.599999999975104,-44510.77081718048,17243.071924377527,296.4358016746706
49650,49.64999999997499,-44473.41552566817,17201.196392677728,295.7158947541158
49700,49.69999999997487,-44615.99857557104,17288.28719303446,297.2131239795961
49750,49.749999999974754,-44690.8480203877,17279.331095585225,297.0591544352548
49800,49.79999999997464,-44411.34613558866,16988.041494904282,292.0514234070455
49850,49.84999999997452,-44509.40036650565,16985.502436394218,292.00777295727465
49900,49.899999999974405,-44561.16593791464,17084.354435391077,293.7071958732314
49950,49.94999999997429,-44624.3660919572,17257.68884925317,296.6870898362309
50000,49.99999999997417,-44505.055878586834,17108.641648523233,294.1247316537959
50050,50.049999999974055,-44553.41939142759,17194.80911087002,295.60608723191245
50100,50.09999999997394,-44610.64207773536,17172.442951926296,295.2215774249625
50150,50.14999999997382,-44754.98194831019,17479.363863545223,300.4980355227711
50200,50.199999999973706,-44521.2915104368,17272.158065468342,296.93583865124253
50250,50.24999999997359,-44661.12320461539,17433.35140635965,299.70700828048814
50300,50.29999999997347,-44468.25044049809,17220.325515386077,296.04475476527
50350,50.349999999973356,-44574.00151536804,17194.688094113004,295.60400676159145
50400,50.39999999997324,-44678.09138690553,17292.201420837846,297.2804157743484
50450,50.44999999997312,-44573.09783996444,17322.467434505903,297.80073663507056
50500,50.49999999997301,-44460.731656026794,17090.6124358389,293.81478084345986
50550,50.54999999997289,-44448.219267540764,17031.20967979183,292.7935530896277
50600,50.59999999997277,-44871.85672910021,17510.729216227905,301.0372557677528
50650,50.64999999997266,-44620.89728196293,17303.290796785055,297.4710597653611
50700,50.69999999997254,-44338.35710294421,17093.832455781732,293.8701381021518
50750,50.749999999972424,-44640.07158957545,17231.194898344827,296.2316167272926
50800,50.79999999997231,-44376.644128323576,16999.05017899575,292.2406801768571
50850,50.84999999997219,-44553.1263272562,17386.926355379583,298.90888789536075
50900,50.899999999972074,-44423.72153869772,17379.783432136497,298.786089696342
50950,50.94999999997196,-44352.48920741398,17249.880634998877,296.5528542277344
51000,50.99999999997184,-44267.73448908815,17197.448315431757,295.65145935142067
51050,51.049999999971725,-44282.18015391838,17219.97377832846,296.03870784641987
51100,51.09999999997161,-44338.47646149276,17370.323541457845,298.6234591459749
51150,51.14999999997149,-44251.29179656587,17227.00526838773,296.15959033196697
51200,51.199999999971375,-44241.01355463549,17265.797492793143,296.82649030146166
51250,51.24999999997126,-44258.82282150288,17433.645639661263,299.7120666184123
51300,51.29999999997114,-44297.71703979588,17482.72987644118,300.5559026322767
51350,51.349999999971025,-44323.245775408155,17589.88980498921,302.39815205661654
51400,51.39999999997091,-44281.16332264258,17665.58651996332,303.69949885177584
51450,51.44999999997079,-44230.790421448444,17573.23065138726,302.11175473861704
51500,51.499999999970676,-44261.89513398985,17602.781585192704,302.6197822404026
51550,51.54999999997056,-44452.36290954784,17843.577825860575,306.75945218759534
51600,51.59999999997044,-44353.33995197492,17714.154664430414,304.53446241883023
51650,51.649999999970326,-44445.435519384184,17752.769761294014,305.19831728446604
51700,51.69999999997021,-44192.68598725162,17695.73017843954,304.21771623235594
51750,51.74999999997009,-44283.77105460384,17770.75739163681,305.5075532282862
51800,51.79999999996998,-44414.470550213315,17877.00077816157,307.33404583907065
51850,51.84999999996986,-44247.24949442488,17743.22822907375,305.0342831862889
51900,51.899999999969744,-44255.16177849874,17676.210252538564,303.8821376934237
51950,51.94999999996963,-44390.314950123975,17696.56332887852,304.2320394120874
52000,51.99999999996951,-44246.35694868497,17623.579099781407,302.97732455867293
52050,52.049999999969394,-44296.716840917834,17663.737714427563,303.6677149472873
52100,52.09999999996928,-44171.85645332272,17509.312233695877,301.0128955867663
52150,52.14999999996916,-44270.50636048281,17428.21586159796,299.6187201068295
52200,52.199999999969044,-44546.30526132197,17671.368456411685,303.79889952549684
52250,52.24999999996893,-44185.12726807493,17463.909880586445,300.232357002868
52300,52.29999999996881,-44256.35545835702,17417.255862797272,299.43030031451616
52350,52.349999999968695,-44465.46021409944,17614.50801902167,302.8213782685419
52400,52.39999999996858,-44319.264856094436,17479.67220407891,300.50333638642775
52450,52.44999999996846,-44317.19790157654,17498.121531488854,300.82050963636317
52500,52.499999999968345,-44390.47563074052,17497.455058840926,300.80905191267277
52550,52.54999999996823,-44282.02789108976,17376.468144392802,298.72909463279444
52600,52.59999999996811,-44482.43180681312,17598.803109591365,302.5513859239285
52650,52.649999999967996,-44461.29941076635,17498.55950828981,300.8280391534165
52700,52.69999999996788,-44243.932823061215,17434.11535515954,299.7201417740981
52750,52.74999999996776,-44258.95336920119,17502.965708273485,300.90378873157914
52800,52.799999999967646,-44233.555339160346,17402.069749812916,299.1692269050574
52850,52.84999999996753,-44441.84165862581,17526.695820709283,301.3117470660677
52900,52.89999999996741,-44391.34338546901,17278.37576395154,297.04273076666846
52950,52.9499999999673,-44375.594597902906,17316.621270891217,297.70023179431826
53000,52.99999999996718,-44584.74212881295,17526.277946277572,301.30456314067976
53050,53.04999999996706,-44356.216959346406,17372.254951231866,298.6566631485584
53100,53.09999999996695,-44177.68440161197,17283.89934281147,297.13768986297316
53150,53.14999999996683,-44294.55256566452,17468.492745151758,300.31114372586853
53200,53.199999999966714,-44704.085686241044,17851.576072800002,306.89695475986775
53250,53.2499999999666,-44254.456838544764,17422.792544812237,299.5254846748739
53300,53.29999999996648,-43994.4305430238,17137.170072430134,294.61518058589144
53350,53.349999999966364,-44452.91573560499,17601.343406826563,302.5950576693524
53400,53.39999999996625,-44281.26786825523,17292.271081159513,297.28161334595217
53450,53.44999999996613,-44466.702962823285,17482.839810628233,300.5577925756124
53500,53.499999999966015,-44586.79384112251,17490.08166946603,300.6822916346903
53550,53.5499999999659,-44467.373002291424,17437.99044989345,299.7867608092125
53600,53.59999999996578,-44513.23769879065,17382.616397189267,298.83479286653215
53650,53.649999999965665,-44296.64625561901,17353.524985344855,298.33466527733185
53700,53.69999999996555,-44517.4184156502,17446.784944818064,299.9379521494062
53750,53.74999999996543,-44409.008306528674,17555.254746261464,301.80272036990567
53800,53.799999999965316,-44352.174865403045,17438.58679293213,299.79701289350004
53850,53.8499999999652,-44482.478366694486,17468.078678178466,300.30402525674
53900,53.89999999996508,-44447.49569470257,17412.604183545915,299.3503305577317
53950,53.949999999964966,-44258.64251027481,17208.462195883185,295.8408054549159
54000,53.99999999996485,-44752.81412440639,17569.767267794607,302.05221367213545
54050,54.04999999996473,-44884.6965718014,17728.18384479021,304.7756463183716
54100,54.099999999964616,-44473.62751061446,17396.542123504023,299.0741982266745
54150,54.1499999999645,-44300.6209236556,17407.3921116228,299.2607267605841
54200,54.19999999996438,-44089.10744763363,17073.21762549463,293.51573641726964
54250,54.24999999996427,-44394.513327888526,17511.749647138706,301.0547985963406
54300,54.29999999996415,-44746.81099002465,17998.089869893607,309.4157597087957
54350,54.349999999964034,-44326.84394397038,17898.048951962362,307.6958973874368
54400,54.39999999996392,-44180.92589505136,17841.55964489498,306.7247564503691
54450,54.4499999999638,-44127.64800966269,17734.914884262904,304.8913635809884
54500,54.499999999963684,-44071.310645149155,17660.81971567823,303.61754991275416
54550,54.54999999996357,-44324.84080517377,18052.783915791068,310.3560372540934
54600,54.59999999996345,-44044.86276416105,17784.423134260087,305.74248905571756
54650,54.649999999963335,-44057.800191940296,17695.655762518283,304.21643690443966
54700,54.69999999996322,-43940.550910364924,17567.859798672638,302.01942124739696
54750,54.7499999999631,-44127.67356899401,17674.649878717017,303.85531238835443
54800,54.799999999962985,-44197.69573556243,17817.189675115693,306.3057979515591
54850,54.84999999996287,-44191.442918315784,17774.17871863971,305.5663712751716
54900,54.89999999996275,-44200.488779764404,17581.09964970384,302.2470353217162
54950,54.949999999962635,-44394.908632361316,17616.014873333777,302.84728348821363
55000,54.99999999996252,-44473.08164308185,17665.7422135443,303.70217547179436
55050,55.0499999999624,-44464.4978565693,17547.86249227241,301.67563577923426
55100,55.099999999962286,-44229.15123666097,17340.96031874845,298.11865869616025
55150,55.14999999996217,-44221.079445947755,17448.22380885242,299.9626885081824
55200,55.19999999996205,-44302.12840171368,17514.616339561187,301.10408159360117
55250,55.249999999961936,-44126.842533523115,17210.66223913083,295.87862769370804
55300,55.29999999996182,-44493.6901074468,17805.507184034635,306.10495736907126
55350,55.3499999999617,-43986.18085196974,17242.27993687074,296.422186151142
55400,55.39999999996159,-44534.13032988367,17751.225607966055,305.1717708354522
55450,55.44999999996147,-44340.73341121579,17487.36153192041,300.6355281486051
55500,55.499999999961354,-44188.14117156917,17490.710670905573,300.69310516877533
55550,55.54999999996124,-44409.27794296409,17719.55202411232,304.6272516069314
55600,55.59999999996112,-44428.4729805861,17693.733505308843,304.1833902489827
55650,55.649999999961004,-44624.05962983483,17808.28044334438,306.1526341026801
55700,55.69999999996089,-44327.77603349634,17458.743864319415,300.1435449756203
55750,55.74999999996077,-44341.84388195338,17360.685383653345,298.45776390048877
55800,55.799999999960654,-44506.48635542449,17471.45660720694,300.36209722349554
55850,55.84999999996054,-44435.57086629568,17343.596367482947,298.1639765619844
55900,55.89999999996042,-44378.244694246314,17320.43840141057,297.76585433249267
55950,55.949999999960305,-44674.804560183824,17661.93864288497,303.63678604915725
56000,55.99999999996019,-44153.382543957494,17211.022503559554,295.88482121161553
56050,56.04999999996007,-44267.5820017558,17276.033006738446,297.0024550480704
56100,56.099999999959955,-44576.15754724795,17684.60929522811,304.02653058141345
56150,56.14999999995984,-44299.48286470273,17461.001739147174,300.1823614311558
56200,56.19999999995972,-44461.69780508638,17611.87719282157,302.77615018638147
56250,56.249999999959606,-44351.0046697407,17432.929187818943,299.6997496729648
56300,56.29999999995949,-44359.268205898356,17511.498535834155,301.05048159405703
56350,56.34999999995937,-44383.651422157454,17460.801328610763,300.1789160556284
56400,56.399999999959256,-44326.548479750316,17434.304127362848,299.72338706818874
56450,56.44999999995914,-44217.65342537504,17305.255385347482,297.5048341640308
56500,56.49999999995902,-44516.347719639845,17538.224900876216,301.50995027120683
56550,56.54999999995891,-44456.77071865089,17316.075277016367,297.6908452921503
56600,56.59999999995879,-44389.24491534614,17179.823180650183,295.34845528222036
56650,56.64999999995867,-44560.33406507192,17217.11957832007,295.9896396136051
56700,56.69999999995856,-44310.746464932156,17044.308475657504,293.0187422015472
56750,56.74999999995844,-44648.72370106731,17291.75857919808,297.2728026229868
56800,56.799999999958324,-44646.98082134433,17349.620159007758,298.26753510872186
56850,56.84999999995821,-44558.223467251366,17278.365581086884,297.0425557070468
56900,56.89999999995809,-44810.55850511676,17288.103993248293,297.20997448420934
56950,56.949999999957974,-44628.05632581866,17364.699110388185,298.5267662399538
57000,56.99999999995786,-44569.72622850386,17090.40994745095,293.81129974636326
57050,57.04999999995774,-44592.13708500036,17240.248219528858,296.38725770210124
57100,57.099999999957625,-44457.718148990854,17092.47615630778,293.8468211593452
57150,57.14999999995751,-44255.040127118846,17034.489807362213,292.84994369393456
57200,57.19999999995739,-44599.12235716806,17299.421597415,297.4045420809177
57250,57.249999999957275,-44476.683671089195,17239.776664611963,296.379150923887
57300,57.29999999995716,-44322.38457326154,17034.69780013946,292.85351942022834
57350,57.34999999995704,-44524.40189501256,17296.89629219943,297.36112807213004
57400,57.399999999956925,-44575.89208521847,17300.02626139868,297.4149372154698
57450,57.44999999995681,-44546.464234856074,17195.802618747603,295.62316721078474
57500,57.49999999995669,-44289.77323425057,16989.671505468054,292.07944587835044
57550,57.549999999956576,-44375.93752008504,17129.135589669597,294.4770550622836
57600,57.59999999995646,-44593.53400655322,17364.255903728998,298.5191468133284
57650,57.64999999995634,-44463.149533409145,17440.513326657958,299.8301330690682
57700,57.699999999956226,-44251.91242023096,17152.763116867223,294.8832497935436
57750,57.74999999995611,-44569.6576815622,17446.447863972204,299.93215719412154
57800,57.79999999995599,-44351.98391773445,17172.064845980214,295.2150771830256
57850,57.84999999995588,-44197.19025829897,16864.639343687635,289.9299443698579
57900,57.89999999995576,-44598.48444575933,17350.532678715972,298.283222772291
57950,57.949999999955644,-44421.98392869446,17321.02600733825,297.77595621196076
58000,57.99999999995553,-44250.232551664354,17216.359874778333,295.97657910272756
58050,58.04999999995541,-44184.353079449655,17021.340600024014,292.6238879287101
58100,58.099999999955294,-44299.344901510114,17067.113659833754,293.41079954975487
58150,58.14999999995518,-44334.119729719605,17150.032304877077,294.8363027967977
58200,58.19999999995506,-44330.44954189933,17200.260932710764,295.6998127110519
58250,58.249999999954944,-44508.4080187598,17338.418364767364,298.07495846864236
58300,58.29999999995483,-44558.54041595619,17631.85156952842,303.119541456685
58350,58.34999999995471,-44158.51022501952,17191.358548784738,295.5467665875131
58400,58.399999999954595,-44571.403934963106,17709.518674121162,304.45476237988674
58450,58.44999999995448,-44369.0942252566,17681.96302215746,303.9810369430067
58500,58.49999999995436,-44067.5001742924,17464.667181547782,300.24537620957125
58550,58.549999999954245,-44280.0310398594,17523.79442403273,301.2618674475425
58600,58.59999999995413,-44412.59589782576,17777.47602213736,305.6230571609568
58650,58.64999999995401,-44503.1065755442,17817.226776565363,306.30643578442465
58700,58.699999999953896,-44134.06219942062,17646.015817290125,303.3630473794565
58750,58.74999999995378,-44204.06221784406,17655.105163764616,303.51930768624413
58800,58.79999999995366,-44341.362250961625,17769.612546826385,305.48787152709866
58850,58.849999999953546,-44292.88677433042,17619.115483119607,302.90058789659133
58900,58.89999999995343,-44283.587460425646,17659.119501203088,303.5883205246748
58950,58.94999999995331,-44644.98723975579,17848.447700641802,306.843173072201
59000,58.9999999999532,-44219.62652554079,17583.308286013707,302.2850052889004
59050,59.04999999995308,-44347.489100454055,17460.814456215663,300.17914174001345
59100,59.09999999995296,-44285.91794145033,17242.94880840504,296.4336851155004
59150,59.14999999995285,-44601.00100855162,17506.679763923523,300.9676392489876
59200,59.19999999995273,-44519.51366212906,17383.247130526506,298.84563617469024
59250,59.249999999952614,-44415.49906963462,17434.800646125117,299.7319230145668
59300,59.2999999999525,-44193.03742948455,17277.390862756645,297.02579875034564
59350,59.34999999995238,-44331.65985710663,17234.44388594988,296.2874719861211
59400,59.399999999952264,-44580.835560301726,17519.12114977375,301.1815264382675
59450,59.44999999995215,-44624.11986179719,17643.41020790435,303.31825281439814
59500,59.49999999995203,-44476.46762859913,17440.18357587444,299.8244641292009
59550,59.549999999951915,-44582.07618844908,17461.140988138883,300.184755342558
59600,59.5999999999518,-44576.55242282557,17293.260752653237,297.29862737129076
59650,59.64999999995168,-44483.17348575054,17134.640436657624,294.5716921279497
59700,59.699999999951565,-44659.12035102965,17384.25095200449,298.8628934607394
59750,59.74999999995145,-44624.06243191911,17275.856469647755,296.9994200950043
59800,59.79999999995133,-44646.72580651397,17304.100112827055,297.484973193941
59850,59.849999999951216,-44636.47974889621,17322.634588185814,297.8036102723972
59900,59.8999999999511,-44433.94998769789,17125.991580481503,294.4230045492293
59950,59.94999999995098,-44713.00889700536,17435.094780827723,299.73697965741735
60000,59.999999999950866,-44806.01616822832,17477.77167438095,300.47066326141316
60050,60.04999999995075,-44745.28406896303,17600.667995165604,302.583446269826
60100,60.09999999995063,-44635.47017587739,17513.776853781117,301.089649499291
60150,60.149999999950516,-44657.48152463161,17457.17657107056,300.1166007146022
60200,60.1999999999504,-44769.7329215642,17670.224243919947,303.77922869487213
60250,60.24999999995028,-44729.00477460502,17614.134524031397,302.81495729626107
60300,60.29999999995017,-44448.39626435544,17312.958564621098,297.63726405433295
60350,60.34999999995005,-44296.493570643164,16989.00085006871,292.06791624651777
60400,60.399999999949934,-44544.94885758324,17136.107298741033,294.5969098176716
60450,60.44999999994982,-44769.0139561406,17273.074694674928,296.9515969636177
60500,60.4999999999497,-44502.65324638967,17152.86112265463,294.8849346687379
60550,60.549999999949584,-44504.958510631,17198.02824810497,295.66142931545346
60600,60.59999999994947,-44439.50067967209,17225.940185914184,296.14127987207445
60650,60.64999999994935,-44286.91386299482,16968.56513731173,291.7165938765551
60700,60.699999999949235,-44515.95896042752,17250.465713539543,296.56291265740424
60750,60.74999999994912,-44537.02206142309,17270.09316586654,296.9003397464347
60800,60.799999999949,-44365.30701669843,17252.161072516337,296.5920585717528
60850,60.849999999948885,-44609.78269802276,17347.519816174045,298.23142687844626
60900,60.89999999994877,-44598.441533886245,17289.50205497295,297.23400938645625
60950,60.94999999994865,-44610.333173483865,17493.430511085196,300.73986354266657
61000,60.999999999948535,-44419.72312797984,17223.25946294739,296.0951939852201
61050,61.04999999994842,-44349.286360274695,17205.673032350216,295.7928553024417
61100,61.0999999999483,-44419.751213441516,17212.450448329637,295.90936985089064
61150,61.149999999948186,-44397.11284658546,17118.442418547394,294.2932224616915
61200,61.19999999994807,-44651.26550379589,17339.633271363065,298.095844643231
61250,61.24999999994795,-44386.8651742427,16966.320996036324,291.6780135226041
61300,61.299999999947836,-44562.54578526692,17187.314858362184,295.4772491246508
61350,61.34999999994772,-44251.27056422092,17041.616106012105,292.97245608978363
61400,61.3999999999476,-44474.71023842259,17108.631233352524,294.1245526004641
61450,61.44999999994749,-44293.95213360514,16944.844163692516,291.3087926528431
61500,61.49999999994737,-44471.70724426764,17059.85933708356,293.28608621622055
61550,61.549999999947254,-44547.50152697837,17303.01786200868,297.4663675829243
61600,61.59999999994714,-44402.21992033525,17257.012155641703,296.67545639793855
61650,61.64999999994702,-44399.314381924385,17109.516614236545,294.139773704528
61700,61.699999999946904,-44384.47348565919,17123.173843494686,294.37456317368674
61750,61.74999999994679,-44346.84616879336,17250.241696421705,296.55906144723673
61800,61.79999999994667,-44322.68066212622,17246.9895250232,296.50315145394046
61850,61.849999999946554,-44172.35169609729,17085.135427997302,293.7206223769509
61900,61.89999999994644,-44295.01182715812,17198.429650049715,295.6683300526195
61950,61.94999999994632,-44478.822001883935,17414.48868872405,299.3827281957913
62000,61.999999999946205,-44131.17900336509,17167.2593671675,295.1324633674291
62050,62.04999999994609,-44504.470477736424,17264.38236029659,296.80216192552433
62100,62.09999999994597,-44573.106462599404,17338.95501471274,298.08418433381735
62150,62.149999999945855,-44390.89757526871,17211.34760062529,295.8904101466804
62200,62.19999999994574,-44601.6199736717,17379.575302626195,298.7825116193897
62250,62.24999999994562,-44591.944238243785,17394.155821879915,299.03317391046903
62300,62.299999999945506,-44364.32812102438,17216.438336831477,295.97792799007937
62350,62.34999999994539,-44397.15979714151,17197.13486188712,295.64607058698243
62400,62.39999999994527,-44625.28116205768,17663.969227750258,303.6716950291261
62450,62.449999999945156,-44438.845305034716,17260.279541143587,296.7316279458436
62500,62.49999999994504,-44283.15997032348,17346.594568714256,298.2155204046061
62550,62.54999999994492,-44474.83776273059,17423.116768704444,299.5310585986985
62600,62.59999999994481,-44564.25682217989,17517.68680322837,301.15686774230403
62650,62.64999999994469,-44413.2326886916,17298.707007124238,297.392257138499
62700,62.69999999994457,-44438.31411765692,17138.720945377714,294.64184255584246
62750,62.74999999994446,-44826.93888071895,17447.4374687468,299.9491700724524
62800,62.79999999994434,-44540.81700945887,17203.94905175975,295.7632173370811
62850,62.849999999944224,-44221.26243125431,16980.560725487147,291.9228170955346
62900,62.89999999994411,-44355.372449854374,17179.6166953515,295.3449054718781
62950,62.94999999994399,-44440.24902599615,17242.141496639902,296.4198061436241
63000,62.999999999943874,-44640.09088623208,17474.814209860317,300.4198197475692
63050,63.04999999994376,-44577.01736590282,17422.113749203334,299.51381509990597
63100,63.09999999994364,-44872.070038151134,17556.00568069825,301.815630125937
63150,63.149999999943525,-44648.791454762206,17452.56896961046,300.03738872507904
63200,63.19999999994341,-44531.570023118715,17322.43931858338,297.8002532776926
63250,63.24999999994329,-44441.74306922473,17196.681716581916,295.63828029924184
63300,63.299999999943175,-44417.13535636764,17322.118730938233,297.7947418667322
63350,63.34999999994306,-44511.43252963244,17306.74942184396,297.53051902508724
63400,63.39999999994294,-44243.13873867697,17044.09793673557,293.015122702981
63450,63.449999999942825,-44442.59563519633,17200.979119526004,295.71215948344036
63500,63.49999999994271,-44220.85408513919,17061.70112132959,293.31774941358333
63550,63.54999999994259,-44348.4714486028,17077.214263537615,293.5844449749716
63600,63.599999999942476,-44608.24403752046,17260.987318036834,296.74379575513404
63650,63.64999999994236,-44272.917263206706,16793.683629091734,288.71010290356446
63700,63.69999999994224,-44791.83351493551,17370.400576705677,298.62478350427654
63750,63.749999999942126,-44531.50295483526,17252.561677439124,296.59894560684495
63800,63.79999999994201,-44368.32532800858,17089.46381620488,293.79503424705734
63850,63.84999999994189,-44693.79361300023,17350.061974843564,298.2751306248836
63900,63.89999999994178,-44533.875121544326,17243.403074329763,296.44149466847097
63950,63.94999999994166,-44717.27446409772,17322.49031536663,297.80112999341895
64000,63.999999999941544,-44609.017351034774,17308.291663175318,297.5570326038418
64050,64.04999999994178,-44416.818457943955,17126.0592247887,294.42416746234136
64100,64.09999999994201,-44636.54435040662,17303.508385452365,297.4748004602508
64150,64.14999999994225,-44609.34883779224,17343.46373441262,298.1616963887819
64200,64.19999999994249,-44264.46782914664,17114.37853393623,294.22335782864315
64250,64.24999999994273,-44378.78756125697,17166.062095767804,295.1118803698781
64300,64.29999999994297,-44504.729237720545,17256.420975237117,296.66529306753336
64350,64.34999999994321,-44458.197208793776,17097.833428246664,293.9389211754535
64400,64.39999999994345,-44615.07226781444,17160.955630944994,295.0240921265702
64450,64.44999999994369,-44229.447025183865,16682.854999439638,286.80478267851936
64500,64.49999999994392,-44685.60551882909,17236.352819329804,296.3202895837802
64550,64.54999999994416,-44573.82696065288,17210.29789333779,295.87236401066366
64600,64.5999999999444,-44246.79261843239,16923.537762143926,290.94250175922747
64650,64.64999999994464,-44737.382351011554,17512.193923410596,301.0624364113077
64700,64.69999999994488,-44629.22931525522,17520.48774679606,301.20502041229093
64750,64.74999999994512,-44331.89662987821,17132.923643595455,294.5421777276198
64800,64.79999999994536,-45073.919296854525,17772.84346382322,305.5434161234619
64850,64.8499999999456,-44513.687383874734,17178.485101528455,295.32545157621644
64900,64.89999999994583,-44552.15922937744,17161.458391372642,295.0327353770927
64950,64.94999999994607,-44823.023036931096,17355.372228167784,298.36642231630407
65000,64.99999999994631,-44541.82479779089,17184.39597609154,295.4270689009826
65050,65.04999999994655,-44472.1182329303,17160.48646674556,295.01602644858735
65100,65.09999999994679,-44666.15314868175,17253.176328096393,296.60951242818265
65150,65.14999999994703,-44313.6070853556,16875.551537637068,290.11754232082717
65200,65.19999999994727,-44662.611100552,17081.00439899392,293.6496034251232
65250,65.2499999999475,-44695.69440609808,17082.275696743305,293.67145905323633
65300,65.29999999994774,-44837.76196651709,17330.741819254956,297.94298645501027
65350,65.34999999994798,-44765.43285466512,17177.05943948082,295.3009421805669
65400,65.39999999994822,-44988.31211104848,17410.785898468825,299.3190713484177
65450,65.44999999994846,-44852.67498002613,17390.06756601479,298.9628902968447
65500,65.4999999999487,-44651.975529648735,17334.052307754577,297.99989901192725
65550,65.54999999994894,-44754.36572982089,17536.713672359198,301.4839698520031
65600,65.59999999994918,-44777.82856103364,17552.42820750239,301.7541276779141
65650,65.64999999994942,-44654.44018271538,17625.95023094447,303.0180880705506
65700,65.69999999994965,-44416.855832892594,17493.53087807915,300.7415890107528
65750,65.74999999994989,-44408.52554539501,17483.941912564853,300.5767394588906
65800,65.79999999995013,-44594.62250837376,17543.97428224396,301.60879127136934
65850,65.84999999995037,-44382.792199017946,17435.913578359494,299.7510560878703
65900,65.89999999995061,-44404.47986940485,17555.167498350507,301.8012204396994
65950,65.94999999995085,-44336.85309426924,17560.33636907537,301.89008153961225
66000,65.99999999995109,-44336.11884744349,17507.510599904643,300.9819226395113
66050,66.04999999995132,-44217.92140126762,17517.163578178577,301.14787267241326
66100,66.09999999995156,-44179.678181384,17522.863271137707,301.24585944988826
66150,66.1499999999518,-44326.66282297044,17687.647092116575,304.0787551362901
66200,66.19999999995204,-44248.297504096736,17629.17290707621,303.07349099335
66250,66.24999999995228,-44153.81341806004,17716.06412565982,304.5672890910606
66300,66.29999999995252,-44028.776096060225,17456.87646738691,300.11144145548417
66350,66.34999999995276,-44209.44835551745,17691.135717077446,304.1387301419941
66400,66.399999999953,-44374.61337803149,17846.935089682665,306.81716888662083
66450,66.44999999995323,-43967.773059189894,17474.42675645434,300.4131588079457
66500,66.49999999995347,-44410.815711109564,17934.381246045145,308.32050724641925
66550,66.54999999995371,-44145.04647310825,17617.22725710744,302.86812629148324
66600,66.59999999995395,-44254.80872327811,17789.23259781809,305.82517137541635
66650,66.64999999995419,-44531.599193455186,17918.65630293835,308.05017049107806
66700,66.69999999995443,-44185.0555131703,17465.614107618956,300.2616553731835
66750,66.74999999995467,-44458.08604186955,17782.32566076637,305.70643015395524
66800,66.7999999999549,-44126.48569017961,17496.460448198526,300.79195297552127
66850,66.84999999995514,-44267.17530994546,17533.763892045903,301.4332584418918
66900,66.89999999995538,-44554.453107331465,17769.39639310233,305.4841555011634
66950,66.94999999995562,-44237.24559153731,17406.66031852017,299.2481460744981
67000,66.99999999995586,-44180.554482002684,17257.508504245016,296.6839894190138
67050,67.0499999999561,-44277.66679463035,17292.51518519594,297.2858098821638
67100,67.09999999995634,-44499.68394592059,17425.681534405965,299.5751509959333
67150,67.14999999995658,-44498.193711258966,17427.650318051095,299.60899751473966
67200,67.19999999995682,-44481.46037946608,17426.323196789082,299.5861821917538
67250,67.24999999995705,-44394.10489315053,17211.074384049978,295.8857131196722
67300,67.2999999999573,-44436.32478568069,17295.048679246054,297.3293646700274
67350,67.34999999995753,-44569.64595522548,17573.90668955185,302.1233769087362
67400,67.39999999995777,-44662.71766578115,17756.0243659826,305.2542691098848
67450,67.44999999995801,-44658.585163501826,17867.07157299452,307.16334702701465
67500,67.49999999995825,-44347.25434349082,17614.902175431358,302.8281544434488
67550,67.54999999995849,-44126.39989918835,17247.474293815696,296.5114853996701
67600,67.59999999995873,-44338.530908201625,17472.526205695434,300.3804853208599
67650,67.64999999995896,-44332.80533044411,17453.413603539277,300.05190932424534
67700,67.6999999999592,-44694.32891066086,17584.82151280191,302.3110200615606
67750,67.74999999995944,-44264.47204238594,17317.651429008816,297.7179418490452
67800,67.79999999995968,-44267.19069182643,17212.642911439238,295.9126785975245
67850,67.84999999995992,-44549.44245173034,17570.659096108575,302.0675456177636
67900,67.89999999996016,-44464.18143620742,17510.640695946815,301.03573396348236
67950,67.9499999999604,-44447.00414919569,17476.391090989167,300.4469288394773
68000,67.99999999996064,-44482.76154733462,17496.168166453015,300.7869281879471
68050,68.04999999996087,-44607.539483307264,17569.560166542553,302.0486532725762
68100,68.09999999996111,-44498.694608523176,17815.775155713975,306.28148011569596
68150,68.14999999996135,-44408.20522657251,17703.47816467248,304.35091642547695
68200,68.19999999996159,-44229.248118051655,17507.383766459898,300.9797421710868
68250,68.24999999996183,-44027.18751267003,17271.517494271637,296.9248262146502
68300,68.29999999996207,-44354.84568809199,17626.357005937447,303.0250811789523
68350,68.34999999996231,-44298.42839923523,17678.45455629424,303.92072084066876
68400,68.39999999996255,-44054.93320403791,17479.212626299617,300.4954355142378
68450,68.44999999996278,-44269.391724525136,17726.10945838045,304.73998432026275
68500,68.49999999996302,-43993.50884520937,17498.489358028746,300.82683315897606
68550,68.54999999996326,-44242.447806577846,17594.76879502412,302.4820296469151
68600,68.5999999999635,-44427.43221863893,17738.672521849636,304.95596334113037
68650,68.64999999996374,-44184.673974205376,17537.21960883623,301.4926677038605
68700,68.69999999996398,-43975.97934100639,17424.466713037138,299.5542662865301
68750,68.74999999996422,-44046.088836136914,17424.514904778425,299.55509477912847
68800,68.79999999996446,-44470.619396211245,17842.220997351258,306.7361261498302
68850,68.8499999999647,-44402.57188441904,17731.2492764235,304.8283459584171
68900,68.89999999996493,-44234.93327335311,17385.514433816916,298.88461472047834
68950,68.94999999996517,-44449.919024843126,17439.128273923994,299.8063218120396
69000,68.99999999996541,-44403.32836532171,17395.735016310595,299.0603227717109
69050,69.04999999996565,-44531.64398674815,17627.453440759546,303.04393063552817
69100,69.09999999996589,-44388.884012440314,17623.660595216403,302.9787255946781
69150,69.14999999996613,-44356.877869334974,17673.068776507374,303.8281307293612
69200,69.19999999996637,-44315.137046508215,17555.73347213827,301.8109504283138
69250,69.2499999999666,-44419.77734424737,17539.58063376072,301.53325747344076
69300,69.29999999996684,-44437.039379365066,17578.939818099352,302.20990438495704
69350,69.34999999996708,-44686.77118969042,17722.90046822653,304.6848166811659
69400,69.39999999996732,-44304.976700655374,17294.067928279543,297.31250400272427
69450,69.44999999996756,-44690.22425259306,17673.821070417172,303.84106385689347
69500,69.4999999999678,-44491.21861456435,17420.62134392101,299.4881582820125
69550,69.54999999996804,-44298.300167908164,17366.16046507391,298.55188924875955
69600,69.59999999996828,-44502.50249532921,17589.417487097002,302.39003216164446
69650,69.64999999996851,-44555.50980947749,17601.463827429772,302.5971278908424
69700,69.69999999996875,-44526.61684472966,17594.949048008602,302.48512848209907
69750,69.74999999996899,-44509.11858870277,17755.134827744256,305.238976534295
69800,69.79999999996923,-44419.52958231751,17790.980172538282,305.8552149613528
69850,69.84999999996947,-44384.772498228725,17643.210462255982,303.3148188693525
69900,69.89999999996971,-44394.12037479848,17611.914133903043,302.776785262263
69950,69.94999999996995,-44329.634227643255,17586.43562900868,302.3387692836162
70000,69.99999999997019,-44369.91288050722,17667.63544654569,303.7347231550021
70050,70.04999999997042,-44259.18552144199,17492.365914588678,300.72156143749123
70100,70.09999999997066,-44106.639631937614,17271.491959391675,296.92438722949447
70150,70.1499999999709,-44194.77978769477,17384.127182522247,298.86076566669817
70200,70.19999999997114,-44359.52306079134,17691.52701828412,304.1454572314248
70250,70.24999999997138,-44244.925169553346,17634.76058757992,303.1695520987542
70300,70.29999999997162,-43934.97074118583,17392.689440221056,299.0079644800084
70350,70.34999999997186,-44089.14426159374,17573.410650720372,302.1148492131309
70400,70.3999999999721,-44073.70605290787,17567.27682183943,302.00939894941735
70450,70.44999999997233,-44057.85117454343,17400.786685992283,299.147168999486
70500,70.49999999997257,-44304.82777726493,17699.18541143407,304.27711717710633
70550,70.54999999997281,-44319.74747653697,17720.29284894914,304.6399875628774
70600,70.59999999997305,-43974.84766823522,17440.387553514203,299.82797082890227
70650,70.64999999997329,-44304.876870285174,17613.518995886505,302.804375389517
70700,70.69999999997353,-44355.04612284013,17681.12102203206,303.96656162310563
70750,70.74999999997377,-44266.074582944435,17668.23179393229,303.7449753140373
70800,70.799999999974,-44135.86255725331,17443.89626433868,299.8882911425135
70850,70.84999999997424,-44143.79578571235,17469.889398383657,300.3351544138872
70900,70.89999999997448,-44444.1030558904,17754.863400505936,305.23431026883253
70950,70.94999999997472,-44317.44389509492,17819.945416875606,306.3531735306549
71000,70.99999999997496,-44388.692718457445,17877.712626117132,307.34628363639024
71050,71.0499999999752,-44172.8396551682,17661.86162997341,303.63546207485166
71100,71.09999999997544,-44244.468229255675,17704.4630702145,304.36784851653374
71150,71.14999999997568,-44596.20809625453,17965.414775323956,308.8540229198969
71200,71.19999999997592,-44465.52797761524,17876.507123031763,307.32555912308425
71250,71.24999999997615,-44609.08535171045,18138.86396652994,311.8358900877929
71300,71.2999999999764,-44412.48856758623,17878.069934602743,307.3524263369393
71350,71.34999999997663,-44284.99909960777,17612.062979668302,302.7793441574496
71400,71.39999999997687,-44348.91643883365,17476.540551802645,300.4494983083201
71450,71.44999999997711,-44568.448744351736,17456.543040750836,300.1057093218715
71500,71.49999999997735,-44642.05420210671,17521.91980988852,301.22963985207076
71550,71.54999999997759,-44410.753388075726,17248.224915312265,296.5243897757619
71600,71.59999999997783,-44256.75600581603,17202.246982168672,295.73395605661136
71650,71.64999999997806,-44386.26094686184,17323.988798981445,297.82689130750504
71700,71.6999999999783,-44397.9390458245,17317.10757481959,297.7085921314726
71750,71.74999999997854,-44248.28659016747,17239.916328316256,296.38155196485747
71800,71.79999999997878,-44313.17874850856,17353.027270570197,298.32610876960064
71850,71.84999999997902,-44258.39711035389,17398.709742935785,299.11146304855765
71900,71.89999999997926,-44407.79092078796,17591.980111605782,302.4340877483742
71950,71.9499999999795,-44600.43676116326,17786.39614004632,305.7764081598375
72000,71.99999999997974,-44162.68574376387,17321.125745630492,297.77767087166575
72050,72.04999999997997,-44245.44432117304,17287.507879406374,297.1997263401783
72100,72.09999999998021,-44487.45547062628,17538.50191853303,301.51471264484513
72150,72.14999999998045,-44503.1601215817,17663.94887024506,303.6713450512684
72200,72.19999999998069,-44223.518755423545,17208.846187324758,295.84740687787104
72250,72.24999999998093,-44374.64414610849,17298.401691433417,297.3870082766971
72300,72.29999999998117,-44185.091199901624,17162.26603257903,295.0466200125876
72350,72.3499999999814,-44344.59271685465,17340.57845562984,298.11209386245827
72400,72.39999999998165,-44273.19637116599,17267.8759885837,296.8622229463555
72450,72.44999999998188,-44540.552362669696,17483.233777355366,300.56456548957476
72500,72.49999999998212,-44329.727999795374,17377.490688723137,298.74667379442184
72550,72.54999999998236,-44120.21343226066,17186.544098611586,295.46399853997724
72600,72.5999999999826,-44144.343004803624,17360.732803208306,298.4585791179774
72650,72.64999999998284,-44298.643731716,17648.804215219912,303.41098436999556
72700,72.69999999998308,-44397.13559867753,17733.806427618594,304.87230745018877
72750,72.74999999998332,-44267.51774712951,17624.00363441554,302.984622983522
72800,72.79999999998356,-44171.90463404434,17735.43069459786,304.90023118015085
72850,72.8499999999838,-43968.77575319238,17550.038792149193,301.7130498317585
72900,72.89999999998403,-44069.0911717305,17767.566818500396,305.45270220698086
72950,72.94999999998427,-44124.813763617465,17787.457621421105,305.794656711121
73000,72.99999999998451,-44195.59535335457,17868.06832342061,307.1804827504475
73050,73.04999999998475,-43973.67446881938,17516.972425001517,301.14458644560096
73100,73.09999999998499,-44106.21036229796,17522.308780345968,301.2363268722193
73150,73.14999999998523,-44356.5522655832,17736.506451174395,304.9187251448324
73200,73.19999999998547,-44370.070163271186,17864.92743829585,307.12648594500524
73250,73.2499999999857,-44169.163604050875,17501.303277912393,300.8752089124506
73300,73.29999999998594,-44319.763652190086,17561.672242794695,301.9130473312451
73350,73.34999999998618,-44319.346427954726,17565.109748755884,301.9721435201281
73400,73.39999999998642,-44271.919786094564,17615.67519169977,302.84144382124873
73450,73.44999999998666,-44046.218572292004,17339.821945812833,298.099088256783
73500,73.4999999999869,-44031.701733816364,17559.625549320393,301.8778614186944
73550,73.54999999998714,-44087.72214317538,17768.414683600273,305.4672783551113
73600,73.59999999998738,-44024.09326941404,17546.692024744018,301.6555135828162
73650,73.64999999998761,-44329.681295589115,17875.413258682936,307.30675385702784
73700,73.69999999998785,-44019.166705902855,17539.76386945402,301.5364075861281
73750,73.74999999998809,-44027.37697025929,17567.088068885867,302.0061539862604
73800,73.79999999998833,-44234.49600636499,17825.781578518217,306.45350642161645
73850,73.84999999998857,-43852.89119252193,17544.775473535727,301.62256502258447
73900,73.89999999998881,-44161.23467008922,17671.711742061467,303.8048011512189
73950,73.94999999998905,-44275.93152526948,17768.075179721687,305.4614417440445
74000,73.99999999998929,-44331.713463418324,17899.42211381815,307.7195042213777
74050,74.04999999998952,-44278.639514449824,17716.68000416275,304.5778770210159
74100,74.09999999998976,-44281.2912681084,17674.20969632477,303.8477449536827
74150,74.14999999999,-44080.6922899488,17401.456090634536,299.1586771288171
74200,74.19999999999024,-44346.90729488438,17649.870240294986,303.429311034706
74250,74.24999999999048,-44445.64310021272,17661.417146072537,303.6278206904124
74300,74.29999999999072,-44227.79108689785,17572.75897024635,302.10364579041135
74350,74.34999999999096,-44031.97951300235,17246.80899152019,296.50004779619724
74400,74.3999999999912,-44304.21744817937,17291.48359566656,297.2680752191941
74450,74.44999999999143,-44435.418962928554,17415.88436133605,299.40672202539594
74500,74.49999999999167,-44412.74733433586,17436.219259191155,299.7563112270235
74550,74.54999999999191,-44484.28119396385,17501.212892469317,300.87365504308235
74600,74.59999999999215,-44147.58187906393,17100.46057638502,293.98408602588887
74650,74.64999999999239,-44460.091670422335,17251.061477079962,296.573154779196
74700,74.69999999999263,-44633.65848277408,17395.476791606383,299.0558834787856
74750,74.74999999999287,-44602.878490585455,17447.025348437,299.94208506956204
74800,74.7999999999931,-44380.95364201568,17174.871020208822,295.2633197763839
74850,74.84999999999334,-44461.80066178892,17195.395526266962,295.61616864426577
74900,74.89999999999358,-44571.658942376234,17260.298777215903,296.7319586444885
74950,74.94999999999382,-44501.356910305054,17359.58331269057,298.4388175497002
75000,74.99999999999406,-44572.25281094533,17415.292746848823,299.39655123242045
75050,75.0499999999943,-44558.780553126926,17325.11257453827,297.846210794749
75100,75.09999999999454,-44517.55393044267,17248.132732267946,296.52280500277226
75150,75.14999999999478,-44610.90556419955,17189.39662311751,295.51303796824266
75200,75.19999999999501,-44865.34317464725,17414.862954592445,299.3891624206917
75250,75.24999999999525,-44541.888612557625,17213.604225676354,295.9292051165688
75300,75.29999999999549,-44743.13934837635,17332.49389717988,297.97310745819055
75350,75.34999999999573,-44652.82752436781,17240.188661446085,296.38623380403425
75400,75.39999999999597,-44654.53334591434,17287.918938241106,297.20679309462577
75450,75.44999999999621,-44441.19501690934,16973.552299642666,291.8023311204834
75500,75.49999999999645,-44417.909854662554,16899.352684868438,290.5267218563097
75550,75.54999999999669,-44636.12428928688,17070.246607968045,293.4646599057208
75600,75.59999999999692,-44715.03386125977,17278.151034383747,297.03886730835427
75650,75.64999999999716,-44819.76907683876,17464.51097211901,300.2426907213096
75700,75.6999999999974,-44522.34681169974,17330.666085339744,297.94168446868395
75750,75.74999999999764,-44553.5508457666,17373.56935287793,298.67925980113756
75800,75.79999999999788,-44217.49400460458,17124.619661321824,294.39941907920894
75850,75.84999999999812,-44478.972128446854,17393.76789971645,299.02650491215957
75900,75.89999999999836,-44594.91503453837,17422.544403903077,299.52121873840633
75950,75.9499999999986,-44423.149564051884,17021.751218044134,292.630947104854
76000,75.99999999999883,-44618.83450648653,17204.662287748622,295.77547899689847
76050,76.04999999999907,-44829.26620944831,17418.15462843678,299.44575152379224
76100,76.09999999999931,-44850.35349760746,17338.60904465934,298.07823655893213
76150,76.14999999999955,-44544.62005783634,17107.57669119174,294.10642334529416
76200,76.19999999999979,-44877.39638277068,17748.9158074849,305.1320616954369
76250,76.25000000000003,-44680.62944317774,17558.4386111567,301.8574560658874
76300,76.30000000000027,-44393.718867827156,17416.71570934914,299.4210142185626
76350,76.3500000000005,-44404.579036543255,17331.532386094626,297.956577555014
76400,76.40000000000074,-44595.58990189418,17593.409744176464,302.4586654036232
76450,76.45000000000098,-44547.367188097815,17641.876936357436,303.29189344048905
76500,76.50000000000122,-44261.127112712085,17309.50305392275,297.5778583354127
76550,76.55000000000146,-44021.07278664309,17114.73846964572,294.2295456953447
76600,76.6000000000017,-44417.14147882706,17514.351088714986,301.0995215101321
76650,76.65000000000194,-44399.04796713634,17575.39188563535,302.14890978904816
76700,76.70000000000218,-44295.26869428851,17521.841207448906,301.2282885512525
76750,76.75000000000242,-44286.78684436786,17460.5901598951,300.1752857299074
76800,76.80000000000265,-44322.93838350763,17675.97864625405,303.87815601342356
76850,76.8500000000029,-44162.34644518543,17623.94426757485,302.98360237321026
76900,76.90000000000313,-44095.17721308387,17700.1379321104,304.29349252086973
76950,76.95000000000337,-44183.43568209866,17769.84197152416,305.49181570215677
77000,77.00000000000361,-44190.19680411071,17717.9397445835,304.5995339602878
77050,77.05000000000385,-44235.87580855225,17685.40424531487,304.0401970363986
77100,77.10000000000409,-43981.788045297726,17379.16413784622,298.77544304357525
77150,77.15000000000433,-44302.69217924691,17516.05718008892,301.12885193143876
77200,77.20000000000456,-44437.15781089611,17660.848058139,303.6180371646845
77250,77.2500000000048,-44286.27879475733,17392.886185606993,299.0113468457761
77300,77.30000000000504,-44366.732982498506,17565.009775764313,301.9704248255688
77350,77.35000000000528,-44224.43465124269,17501.560271923136,300.8796270477999
77400,77.40000000000552,-44365.431636530295,17620.24766532997,302.9200519075659
77450,77.45000000000576,-44277.559380990555,17434.962639759895,299.73470794251944
77500,77.500000000006,-44574.61761535995,17861.29545029559,307.0640463008832
77550,77.55000000000624,-44428.69305892624,17879.082341244095,307.36983121558654
77600,77.60000000000647,-44240.4939785578,17694.32842423894,304.19361785058106
77650,77.65000000000671,-44438.3116240865,17783.808680522987,305.7319256197504
77700,77.70000000000695,-44460.892777257555,17787.701336063372,305.79884655302834
77750,77.75000000000719,-44467.97481091849,17805.475161476734,306.1044068504244
77800,77.80000000000743,-44186.743873490545,17582.135646371535,302.26484575039547
77850,77.85000000000767,-44276.663836561274,17713.69412968625,304.5265450948937
77900,77.9000000000079,-44170.17607427747,17669.608845563365,303.7686490193953
77950,77.95000000000815,-44164.90946228461,17676.205919110344,303.8820631949078
78000,78.00000000000838,-44047.16229863852,17720.532307341182,304.6441042330812
78050,78.05000000000862,-44375.80838401536,17973.028587301622,308.9849164443976
78100,78.10000000000886,-43964.438891531405,17464.956724358035,300.25035391049676
78150,78.1500000000091,-44083.709683726134,17722.138324511718,304.6717142198364
78200,78.20000000000934,-44007.58135183987,17613.74994174355,302.8083457157197
78250,78.25000000000958,-44002.753129574376,17701.296920878598,304.31341737916296
78300,78.30000000000982,-44182.917695909586,17785.92428895751,305.7682962899575
78350,78.35000000001006,-44123.09710880004,17604.339982437235,302.64657356497264
78400,78.4000000000103,-44543.87461330368,17950.791008735556,308.6026171384244
78450,78.45000000001053,-44241.0849496218,17439.141401465382,299.8065474953327
78500,78.50000000001077,-44302.84182787225,17507.551760733637,300.9826302595568
78550,78.55000000001101,-44314.81817548614,17661.708386058257,303.63282756848065
78600,78.60000000001125,-44438.089291311386,17813.607269021726,306.2442106991804
78650,78.65000000001149,-44370.90530460065,17581.972664294124,302.2620438295436
78700,78.70000000001173,-44416.95229307547,17609.96324103784,302.7432463143879
78750,78.75000000001197,-44395.814450087186,17583.438076822265,302.2872365991075
78800,78.8000000000122,-44243.639270056156,17453.684409639085,300.05656491134994
78850,78.85000000001244,-44460.30841757034,17640.119082754423,303.2616731442263
78900,78.90000000001268,-44189.36014841181,17389.506465672894,298.9532440905075
78950,78.95000000001292,-44349.261218434985,17604.452195343554,302.6485026831129
79000,79.00000000001316,-44462.0088840824,17550.59020762946,301.7225295399373
79050,79.0500000000134,-44254.66014390647,17305.9480430004,297.5167420495589
79100,79.10000000001364,-44156.76046907691,17323.783715221027,297.8233655918323
79150,79.15000000001388,-44406.310591191286,17467.49267651701,300.29395095715705
79200,79.20000000001411,-44557.89122434551,17686.583103442852,304.06046348055435
79250,79.25000000001435,-44415.54205329645,17641.649991832277,303.2879919035387
79300,79.30000000001459,-44370.010300559574,17525.241185276183,301.28673957188994
79350,79.35000000001483,-44480.60091563027,17594.590949342546,302.47897219709273
79400,79.40000000001507,-44228.448413230275,17413.123653462062,299.3592610709091
79450,79.45000000001531,-44240.97088983503,17505.543540833623,300.9481057688738
79500,79.50000000001555,-44327.4566734981,17759.86735124545,305.3203361321772
79550,79.55000000001579,-44121.10291120593,17683.399022770365,304.0057240750189
79600,79.60000000001602,-44104.99882403865,17797.20116210332,305.9621636557043
79650,79.65000000001626,-44086.05820541241,17626.541537161484,303.0282535638714
79700,79.7000000000165,-44086.53123023917,17581.663430009186,302.25672760088304
79750,79.75000000001674,-43954.93347938222,17574.513284113793,302.13380523299594
79800,79.80000000001698,-44267.67759209514,17771.28639778846,305.5166476845028
79850,79.85000000001722,-44352.29307284345,17963.489321636418,308.82092131190296
79900,79.90000000001746,-43918.95971931751,17455.83131318487,300.0934735942403
79950,79.9500000000177,-44230.672480359404,17657.085374571212,303.5533506561112
80000,80.00000000001793,-44464.626322341835,17938.482790606955,308.3910193138523
80050,80.05000000001817,-44179.12594255068,17527.370916971762,301.3233530433931
80100,80.10000000001841,-44261.48926915042,17580.98976529906,302.24514623421686
80150,80.15000000001865,-44568.117241707696,17677.786760053128,303.9092403623087
80200,80.20000000001889,-44332.11549809722,17610.560257725767,302.75350997977625
80250,80.25000000001913,-44348.03100909092,17510.815349079505,301.0387365283172
80300,80.30000000001937,-44413.56511150468,17490.49229076035,300.68935086712287
80350,80.3500000000196,-44445.91115006112,17418.573057477228,299.45294498378547
80400,80.40000000001984,-44696.200563903214,17582.635801254633,302.2734442074676
80450,80.45000000002008,-44719.726257577306,17831.030104718404,306.5437369257045
80500,80.50000000002032,-44491.47829297981,17557.17027605459,301.83565137038795
80550,80.55000000002056,-44269.566560551466,17076.15413727491,293.56621972021776
80600,80.6000000000208,-44740.62122328494,17358.732997825777,298.4241992862187
80650,80.65000000002104,-44744.74781648815,17434.849428857382,299.73276166723906
80700,80.70000000002128,-44725.58595373439,17480.64602061341,300.52007783982737
80750,80.75000000002152,-44444.90736851882,17155.494263360677,294.9302025409327
80800,80.80000000002175,-44419.23910495512,17159.64302581709,295.0015263589924
80850,80.85000000002199,-44372.14690498887,17202.65160358735,295.7409121416493
80900,80.90000000002223,-44293.65194052924,16949.72071622865,291.3926283386651
80950,80.95000000002247,-44545.136817636085,17323.05287844136,297.8108013464575
81000,81.00000000002271,-44431.052932820254,17423.004648355673,299.52913107176954
81050,81.05000000002295,-44281.30712496053,17341.810983296426,298.1332829712512
81100,81.10000000002319,-44392.95333488058,17547.154381300243,301.66346222659644
81150,81.15000000002343,-44193.00181617264,17209.317789381224,295.8555144664894
81200,81.20000000002366,-44354.22418841536,17328.12412917592,297.8979842036413
81250,81.2500000000239,-44321.7776466951,17295.17395807066,297.3315184120617
81300,81.30000000002414,-44299.4227191853,17295.326808314672,297.3341461506003
81350,81.35000000002438,-44487.421453039555,17486.698734088528,300.624133600841
81400,81.40000000002462,-44171.92981706162,17091.486028544365,293.8297992900056
81450,81.45000000002486,-44532.6496849681,17314.71527308871,297.6674646638989
81500,81.5000000000251,-44561.869383154655,17337.052300278137,298.0514736497087
81550,81.55000000002534,-44610.71390541803,17367.10582056649,298.56814141163045
81600,81.60000000002557,-44673.61627564941,17253.396353281154,296.61329501067837
81650,81.65000000002581,-44580.90601528916,17347.23177964319,298.2264750728568
81700,81.70000000002605,-44390.895927255246,17109.64125431884,294.1419164655672
81750,81.75000000002629,-44626.65376358978,17285.245066704152,297.16082499473566
81800,81.80000000002653,-44469.57192845986,17149.34788050658,294.8245364544752
81850,81.85000000002677,-44338.34948897768,16895.407406089504,290.45889624595486
81900,81.900000000027,-44585.58073385331,17242.159222963888,296.42011088729646
81950,81.95000000002725,-44368.64272334162,17096.33274169171,293.9131219893263
82000,82.00000000002748,-44363.146917751474,17166.19113669359,295.11409878840885
82050,82.05000000002772,-44683.98769673686,17428.912689497974,299.6306996855308
82100,82.10000000002796,-44633.837322389605,17237.140569488376,296.33383226056077
82150,82.1500000000282,-44714.76456425963,17324.66772479157,297.83856312083884
82200,82.20000000002844,-44714.300173210555,17360.377191566567,298.4524655888704
82250,82.25000000002868,-44464.1213381076,17204.248850218057,295.76837134889047
82300,82.30000000002892,-44746.151059864096,17464.68411473212,300.245667317913
82350,82.35000000002915,-44399.577922145014,17101.31160153949,293.99871650037846
82400,82.4000000000294,-44428.70826152113,17127.006761688317,294.44045712706503
82450,82.45000000002963,-44402.76559892991,17013.90586617952,292.49607304183286
82500,82.50000000002987,-44309.01945648271,17036.37111010336,292.8822862770143
82550,82.55000000003011,-44298.033140463536,16940.497639920308,291.23406900356747
82600,82.60000000003035,-44418.73501215392,17134.679713192883,294.5723673539922
82650,82.65000000003059,-44390.615778168656,17053.625723629826,293.17892049716585
82700,82.70000000003083,-44645.62389752788,17451.803367096043,300.02422680148896
82750,82.75000000003106,-44521.819758911246,17360.75297712029,298.45892593957615
82800,82.8000000000313,-44347.66057606404,17151.64082685689,294.863955845204
82850,82.85000000003154,-44570.70482146014,17286.04835129676,297.1746347331179
82900,82.90000000003178,-44646.841643717555,17405.060067216815,299.22063521216035
82950,82.95000000003202,-44579.072721763514,17363.712377190885,298.509802728599
83000,83.00000000003226,-44761.4775000079,17416.31367534485,299.4141026152888
83050,83.0500000000325,-44553.97241230372,17230.10915158385,296.21295101546826
83100,83.10000000003274,-44890.01712427757,17446.443922497227,299.9320894339046
83150,83.15000000003297,-44869.77676217648,17528.30827933135,301.33946779160874
83200,83.20000000003321,-44700.887904520685,17370.418801002717,298.6250968088969
83250,83.25000000003345,-44679.780039022,17549.394303891924,301.70197005467173
83300,83.30000000003369,-44410.7500356617,17348.915897543164,298.25542773523523
83350,83.35000000003393,-44499.91214768778,17577.74689741032,302.18939618303466
83400,83.40000000003417,-44324.22397029425,17581.071065113283,302.2465439071902
83450,83.45000000003441,-44291.72447820591,17332.5834700132,297.974647357506
83500,83.50000000003465,-44254.14173579455,17396.36559823422,299.07116347682836
83550,83.55000000003488,-44282.63683753232,17466.878820519887,300.28339779728987
83600,83.60000000003512,-44047.45213668891,17225.13577219311,296.1274507221799
83650,83.65000000003536,-44511.155286491325,17598.68000024855,302.5492694787329
83700,83.7000000000356,-44226.06169731371,17422.40448338279,299.5188132823609
83750,83.75000000003584,-44080.77637761018,17202.41893189156,295.73691214553656
83800,83.80000000003608,-44377.60896944982,17349.88352605371,298.2720628066717
83850,83.85000000003632,-44286.12311642468,17394.700833910985,299.0425435331825
83900,83.90000000003656,-44359.743729889946,17468.768018111896,300.31587610539907
83950,83.9500000000368,-44148.326724358514,17245.774797864113,296.48226836415233
84000,84.00000000003703,-44174.48420674683,17208.94618121906,295.8491259317815
84050,84.05000000003727,-44490.07093238066,17482.049212029786,300.5442009296249
84100,84.10000000003751,-44543.19591602591,17743.549887970672,305.0398130137694
84150,84.15000000003775,-44335.472890150064,17385.933083075062,298.8918119663637
84200,84.20000000003799,-44401.66834635983,17577.184751287,302.1797319980533
84250,84.25000000003823,-44322.91709112157,17542.600269718823,301.5851698130709
84300,84.30000000003847,-44291.65623706332,17473.852198957953,300.40328125174244
84350,84.3500000000387,-44331.55141045935,17386.712206174085,298.90520633028416
84400,84.40000000003894,-44291.89255643013,17338.095337913855,298.0694051238148
84450,84.45000000003918,-44418.24860443938,17363.41771957311,298.50473709600595
84500,84.50000000003942,-44381.64648768536,17431.03265965862,299.6671453407397
84550,84.55000000003966,-44487.53161950899,17366.598966934635,298.5594277924245
84600,84.6000000000399,-44602.76995508353,17710.39274644135,304.4697890717716
84650,84.65000000004014,-44273.392486951576,17566.12553179479,301.98960644441365
84700,84.70000000004038,-44473.11956955363,17644.73454527243,303.3410202778243
84750,84.75000000004061,-44511.37677481443,17845.80963606883,306.7978205509108
84800,84.80000000004085,-44359.63619934051,17806.04170135228,306.1141465709873
84850,84.85000000004109,-44465.944100974666,17974.725877997418,309.01409556806476
84900,84.90000000004133,-44185.85325233075,17794.487966956018,305.9155195204761
84950,84.95000000004157,-44219.951105839355,17743.980473871663,305.04721546950987
85000,85.00000000004181,-44396.73282891872,17757.378257913224,305.2775446631966
85050,85.05000000004205,-44250.38151192446,17817.07327841808,306.3037969073994
85100,85.10000000004229,-44320.29856888546,17918.930613073517,308.0548863181176
85150,85.15000000004252,-44277.18329701316,17839.39528445672,306.68754765576205
85200,85.20000000004276,-44206.533543872014,17814.509335380357,306.2597186530623
85250,85.250000000043,-44277.192568451675,17706.02262863028,304.39465980348234
85300,85.30000000004324,-44323.52166711152,17725.1249712088,304.72305942165724
85350,85.35000000004348,-44162.47829517863,17665.569585052297,303.6992077137496
85400,85.40000000004372,-44032.1046373829,17495.667380324478,300.77831887876306
85450,85.45000000004396,-43897.497742599415,17268.56977681064,296.87415026824726
85500,85.5000000000442,-44066.37828354191,17335.02838008896,298.01667924611087
85550,85.55000000004443,-44495.35747778266,17601.67092293812,302.6006881916582
85600,85.60000000004467,-44496.94861729651,17678.433325166498,303.92035584385144
85650,85.65000000004491,-44399.723563188236,17613.195657580138,302.79881669032005
85700,85.70000000004515,-44386.06220058327,17492.43757156428,300.7227933347483
85750,85.75000000004539,-44074.89512169598,17120.51326119948,294.3288235369759
85800,85.80000000004563,-44361.1222451174,17467.59659643139,300.29573750559024
85850,85.85000000004587,-44201.11237950294,17308.026747589538,297.55247828403196
85900,85.9000000000461,-44154.589864759546,17295.08653766261,297.33001551635635
85950,85.95000000004634,-44224.995346611446,17394.203391678388,299.0339917108823
86000,86.00000000004658,-44275.70315404858,17370.195030194474,298.62124983318256
86050,86.05000000004682,-44207.83006636501,17297.164160554792,297.3657331547402
86100,86.10000000004706,-44499.42466557198,17609.43559189548,302.73417518731696
86150,86.1500000000473,-44139.95406846896,17432.31735451805,299.68923128645935
86200,86.20000000004754,-44320.78446135267,17615.59158989918,302.8400065734724
86250,86.25000000004778,-44498.46228746613,17779.074717746982,305.6505412784476
86300,86.30000000004802,-44176.03770633704,17251.19949923795,296.57552759937744
86350,86.35000000004825,-44189.46940237668,17351.943656055468,298.307479714477
86400,86.4000000000485,-44168.16538726599,17234.016025082346,296.2801163780352
86450,86.45000000004873,-44439.56357444965,17637.374927517983,303.2144967558773
86500,86.50000000004897,-44404.33018841713,17534.175253619975,301.44033040090943
86550,86.55000000004921,-44237.871847423514,17362.36166441233,298.4865818299622
86600,86.60000000004945,-44296.46711032293,17363.2897261409,298.50253668555405
86650,86.65000000004969,-44432.97583791619,17487.046810350934,300.63011758480525
86700,86.70000000004993,-44397.01999831873,17514.761666380335,301.1065799925134
86750,86.75000000005016,-44369.38314499841,17315.435149017227,297.67984047482815
86800,86.8000000000504,-44589.02831611225,17584.86555822999,302.31177727244744
86850,86.85000000005064,-44765.60496697175,17699.640373019494,304.2849386895896
86900,86.90000000005088,-44307.50609054531,17148.318222069996,294.80683499005875
86950,86.95000000005112,-44701.93296097166,17517.65752965832,301.1563644831259
87000,87.00000000005136,-44454.352963474346,17225.976326023065,296.14190117796454
87050,87.0500000000516,-44591.74172491452,17223.501234406,296.0993504207131
87100,87.10000000005184,-44485.77178422802,17262.63103030838,296.7720537805645
87150,87.15000000005207,-44518.02275496026,17451.050132199794,300.01127749690465
87200,87.20000000005231,-44327.97813163672,17258.623349818572,296.7031553856577
87250,87.25000000005255,-44446.054374436775,17251.483574681853,296.580411307589
87300,87.30000000005279,-44356.13311868465,17209.340944975116,295.85591254793735
87350,87.35000000005303,-44466.65870898703,17323.866761798443,297.8247932944401
87400,87.40000000005327,-44396.23078430566,17269.787351338844,296.89508230883433
87450,87.4500000000535,-44394.968982577884,17133.35704981612,294.5496286691363
87500,87.50000000005375,-44154.37462518043,16939.406204251154,291.2153054903732
87550,87.55000000005398,-44453.170374929294,17268.72412879515,296.876803824091
87600,87.60000000005422,-44485.43486546916,17427.256459271837,299.6022264565728
87650,87.65000000005446,-44368.304904511824,17365.488137703003,298.54033087307937
87700,87.7000000000547,-44411.89045028624,17311.31986927256,297.6090922777798
87750,87.75000000005494,-44618.370413389595,17549.91634943303,301.7109448469343
87800,87.80000000005518,-44368.946131566096,17247.83209597054,296.5176365871776
87850,87.85000000005542,-44249.26425956024,17031.747875162473,292.8028055231183
87900,87.90000000005566,-44626.86168225782,17337.920755535124,298.06640377535297
87950,87.9500000000559,-44530.90389156837,17248.47323871496,296.5286588495832
88000,88.00000000005613,-44519.34804339468,17385.82272133449,298.88991467270375
88050,88.05000000005637,-44404.78013790477,17494.741764892235,300.76240607889173
88100,88.10000000005661,-44277.94890241307,17408.08373978872,299.27261694759505
88150,88.15000000005685,-44523.76274639923,17579.118024693125,302.21296803943346
88200,88.20000000005709,-44632.04466760236,17636.224224429538,303.19471434158305
88250,88.25000000005733,-44150.64310116925,17225.867784453232,296.14003517593136
88300,88.30000000005757,-44516.43259209412,17662.090524841864,303.63939714130197
88350,88.3500000000578,-44363.82530408572,17534.064282097752,301.4384226241341
88400,88.40000000005804,-44510.32370680518,17809.169194331273,306.1679131441667
88450,88.45000000005828,-44556.98606854916,17775.495195938176,305.58900361151336
88500,88.50000000005852,-44335.58160668223,17481.36137271763,300.5323758790297
88550,88.55000000005876,-44525.152266309364,17690.62280644466,304.1299123933188
88600,88.600000000059,-44595.55184014085,17642.230416337712,303.2979703229488
88650,88.65000000005924,-44413.04379210589,17303.743239744996,297.47883797867075
88700,88.70000000005948,-44569.38251265859,17567.208718742808,302.0082281489862
88750,88.75000000005971,-44481.522874838476,17539.018983591137,301.52360181469203
88800,88.80000000005995,-44455.384049294036,17498.644919263792,300.8295075037577
88850,88.85000000006019,-44593.45209375845,17515.0061460394,301.1107829862749
88900,88.90000000006043,-44430.171430320006,17432.727245498027,299.6962779636281
88950,88.95000000006067,-44807.15981944442,17679.19119918046,303.9333849022398
89000,89.00000000006091,-44537.010055096005,17464.479521138208,300.24215002898126
89050,89.05000000006115,-44668.38057197701,17718.106526923075,304.60240121368406
89100,89.10000000006139,-44671.67793473363,17533.346624740152,301.42608495396365
89150,89.15000000006162,-44544.67733181007,17436.119017939254,299.7545879206429
89200,89.20000000006186,-44750.89899557835,17603.960825611186,302.64005525673946
89250,89.2500000000621,-44740.4992242644,17500.61724300082,300.86341488236815
89300,89.30000000006234,-44582.3723053809,17383.3852672559,298.8480109645361
89350,89.35000000006258,-44573.811918779116,17327.84022705273,297.89310347508814
89400,89.40000000006282,-44631.89815571901,17386.481177815673,298.9012345857519
89450,89.45000000006306,-44420.17555853575,17280.884898853765,297.08586678207877
89500,89.5000000000633,-44477.39837928905,17324.618202990874,297.8377117624061
89550,89.55000000006353,-44469.98941811758,17224.240323994458,296.11205654498286
89600,89.60000000006377,-44466.61812775234,17349.88881952125,298.27215380978885
89650,89.65000000006401,-44505.34632831153,17287.353523540125,297.1970727176013
89700,89.70000000006425,-44454.845953850585,17123.92650394031,294.3875026025523
89750,89.75000000006449,-44494.1786805492,17192.185355004884,295.5609807000432
89800,89.80000000006473,-44355.94136487584,17202.973544743505,295.74644682161437
89850,89.85000000006497,-44595.46016766083,17472.140429771513,300.3738532198181
89900,89.9000000000652,-44775.670235636055,17645.247290072246,303.3498351755673
89950,89.95000000006544,-44658.94384913051,17492.584105123955,300.7253124794475
90000,90.00000000006568,-44292.68827205108,17142.56365058221,294.7079047634868
90050,90.05000000006592,-44519.59767442568,17297.831304810177,297.37720242442975
90100,90.10000000006616,-44428.69776511531,17244.70619388756,296.46389736402824
90150,90.1500000000664,-44665.08837148682,17498.288617797713,300.8233821154743
90200,90.20000000006664,-44495.41632882269,17374.75341904671,298.69961577978904
90250,90.25000000006688,-44333.756486497485,17311.726969691925,297.61609098077804
90300,90.30000000006712,-44503.90475564988,17314.899919489915,297.67063902889646
90350,90.35000000006735,-44298.362038112304,17108.9139608917,294.1294131360518
90400,90.40000000006759,-44581.25962792596,17372.76519107705,298.6654349821514
90450,90.45000000006783,-44687.701914043224,17629.00394547563,303.07058627499475
90500,90.50000000006807,-44206.57206385561,17200.41645946055,295.70248646297716
90550,90.55000000006831,-44329.874108668,17396.44989729066,299.07261271154044
90600,90.60000000006855,-44631.05160659828,17680.18805997533,303.9505225230873
90650,90.65000000006879,-44427.234927791316,17501.72185138055,300.88240485538563
90700,90.70000000006902,-44385.91321456614,17482.562092675314,300.5530181627715
90750,90.75000000006926,-44344.27169088845,17351.110613656005,298.2931583921165
90800,90.8000000000695,-44346.15653213705,17590.529330835172,302.4091465219688
90850,90.85000000006974,-44275.85561269829,17588.613109976875,302.3762036409784
90900,90.90000000006998,-44502.4132566311,17754.72470179327,305.2319258176013
90950,90.95000000007022,-44367.75688038291,17545.39007912429,301.63313106911943
91000,91.00000000007046,-44083.14391106029,17370.728940242287,298.6304285951653
91050,91.0500000000707,-44391.87939283179,17824.86524779344,306.4377532406177
91100,91.10000000007093,-43955.73097845148,17345.087749357004,298.1896157858639
91150,91.15000000007117,-44366.84105514421,17597.725681206735,302.5328632182096
91200,91.20000000007141,-44415.3682650361,17510.407406184593,301.03172334182574
91250,91.25000000007165,-44420.461735604906,17343.87179594045,298.1687116147616
91300,91.30000000007189,-44472.323874901864,17426.297158889796,299.5857345588968
91350,91.35000000007213,-44652.91032291435,17738.142496372235,304.94685136108467
91400,91.40000000007237,-44125.53805692685,17350.63741822848,298.28502341091814
91450,91.4500000000726,-44280.73223925954,17449.166219190316,299.97889003916515
91500,91.50000000007284,-44289.80820388945,17455.309615617414,300.08450478419775
91550,91.55000000007308,-44600.18923273568,17796.004308405933,305.94158783911956
91600,91.60000000007332,-44219.6884982405,17403.53389425759,299.19439787425176
91650,91.65000000007356,-44532.57641446047,17504.69249308078,300.93347490588235
91700,91.7000000000738,-44644.570561719804,17649.621497580643,303.4250347522512
91750,91.75000000007404,-44632.94045242003,17681.21896905042,303.9682454879666
91800,91.80000000007428,-44334.47392911548,17511.671087184277,301.0534480259102
91850,91.85000000007452,-44325.70357957697,17617.2500214092,302.86851764599777
91900,91.90000000007475,-44422.90378936813,17513.014439993178,301.0765423949753
91950,91.950000000075,-44341.20284775399,17307.489659035247,297.54324487847293
92000,92.00000000007523,-44311.68230257976,17321.44397962993,297.78314181971706
92050,92.05000000007547,-44565.8809308402,17448.121888726273,299.96093633928615
92100,92.10000000007571,-44291.99835524004,17158.062736933094,294.97435868235914
92150,92.15000000007595,-44397.0535484077,17429.761383122313,299.6452900773131
92200,92.20000000007619,-44230.0224316041,17407.684264031825,299.2657493246585
92250,92.25000000007643,-44334.59632490088,17460.0066853802,300.1652548759888
92300,92.30000000007666,-44340.74078434339,17356.200927497855,298.38066897440154
92350,92.3500000000769,-44343.23486633639,17338.463968731754,298.0757424732445
92400,92.40000000007714,-44546.41464074851,17431.437453250015,299.67410438570016
92450,92.45000000007738,-44371.82368130685,17303.901893541704,297.4815654895008
92500,92.50000000007762,-44302.84871636065,17118.23530783475,294.28966189948966
92550,92.55000000007786,-44610.59461576206,17593.09333642976,302.45322585175785
92600,92.6000000000781,-44528.522330139494,17468.961608082216,300.319204224559
92650,92.65000000007834,-44228.14768640427,17185.595124674608,295.4476841702982
92700,92.70000000007857,-44389.736987673146,17334.42119382416,298.00624074953896
92750,92.75000000007881,-44174.12558564762,17222.53075253663,296.0826662955051
92800,92.80000000007905,-44507.123000185165,17582.356781215123,302.2686474096894
92850,92.85000000007929,-44347.79929443626,17514.087569013067,301.09499118778365
92900,92.90000000007953,-44406.60137405305,17715.277376946593,304.55376363071656
92950,92.95000000007977,-44263.15359411353,17484.342421877922,300.5836248502999
93000,93.00000000008001,-44528.53503835597,17583.99440578348,302.29680077783013
93050,93.05000000008025,-44447.48211260977,17374.359345917743,298.6928410366101
93100,93.10000000008048,-44390.925509623674,17410.752882491626,299.31850375131484
93150,93.15000000008072,-44463.5142238257,17380.09653195762,298.791472379711
93200,93.20000000008096,-44402.69550757103,17237.892461451196,296.3467584779859
93250,93.2500000000812,-44475.52598481584,17361.355792993018,298.4692893021648
93300,93.30000000008144,-44283.28662806164,17252.137631561625,296.59165558449894
93350,93.35000000008168,-44624.12922964468,17558.843841845406,301.864422625245
93400,93.40000000008192,-44446.32444638804,17375.157569001596,298.7065637596153
93450,93.45000000008216,-44174.45212915755,17141.670808225255,294.69255538484856
93500,93.5000000000824,-44364.61502330157,17318.85192533045,297.738580288128
93550,93.55000000008263,-44363.296348475276,17345.003496685396,298.18816734858075
93600,93.60000000008287,-44493.87433780647,17426.299388119056,299.58577288288944
93650,93.65000000008311,-44477.416250804476,17484.48352659031,300.5860506644889
93700,93.70000000008335,-44663.62025397224,17748.35524297583,305.1224247009173
93750,93.75000000008359,-44577.08449358006,17594.250186530095,302.47311394295264
93800,93.80000000008383,-44316.36723829186,17407.913854013124,299.269696341203
93850,93.85000000008407,-44640.47152299377,17534.142856981405,301.4397734512216
93900,93.9000000000843,-44343.42016778949,17302.909147433842,297.46449860666024
93950,93.95000000008454,-44225.11789028978,17260.136032131555,296.72916079792384
94000,94.00000000008478,-44503.226090804106,17468.60181119931,300.31301874450696
94050,94.05000000008502,-44510.70358824396,17466.757002272316,300.2813035480728
94100,94.10000000008526,-44536.31438996174,17366.927985357026,298.5650841418404
94150,94.1500000000855,-44538.53863620609,17412.17206504659,299.3429017541909
94200,94.20000000008574,-44385.077094142376,17173.53519663741,295.24035484687346
94250,94.25000000008598,-44468.79087061572,17229.58627492738,296.2039619350123
94300,94.30000000008621,-44534.24933222984,17354.847637837807,298.3574037750778
94350,94.35000000008645,-44182.50709976465,17018.481787778608,292.57474040421323
94400,94.40000000008669,-44524.281572513864,17358.61910456682,298.4222412801469
94450,94.45000000008693,-44402.01039446728,17345.008453035716,298.1882525561172
94500,94.50000000008717,-44127.1028980836,17219.62754629876,296.0327555677459
94550,94.55000000008741,-44196.867581035534,17087.527370278734,293.76174366501755
94600,94.60000000008765,-44577.58118848124,17448.779854832308,299.9722478220064
94650,94.65000000008789,-44542.96354926953,17496.85175674733,300.79868019117487
94700,94.70000000008812,-44663.74925634405,17553.409981669516,301.77100593566144
94750,94.75000000008836,-44480.52726378599,17449.36864313275,299.98237002834094
94800,94.8000000000886,-44286.86814233615,17166.832505938786,295.1251249447227
94850,94.85000000008884,-44702.14573345272,17699.103409166542,304.2757074278447
94900,94.90000000008908,-44664.176442859694,17774.048477934644,305.56413223052886
94950,94.95000000008932,-44445.04451316106,17565.46760479237,301.97829563394663
95000,95.00000000008956,-44556.79031903955,17686.785645207117,304.06394549527454
95050,95.0500000000898,-44323.670461280424,17535.136931830704,301.45686317723846
95100,95.10000000009003,-44337.004755086484,17647.919429811645,303.395773503106
95150,95.15000000009027,-44098.35213562258,17568.92250838833,302.03769091581216
95200,95.20000000009051,-44056.248444277415,17501.30175759523,300.8751827757831
95250,95.25000000009075,-44253.74479681977,17683.000868581123,303.9988791719299
95300,95.30000000009099,-44025.68773381798,17413.30853771735,299.36243952499626
95350,95.35000000009123,-44268.0830115849,17553.661445065554,301.7753289909571
95400,95.40000000009147,-44375.23949228547,17788.837999855255,305.8183876095094
95450,95.4500000000917,-44287.38113773127,17790.338551044075,305.84418446847764
95500,95.50000000009194,-44020.058477697836,17584.79507864368,302.31056561638286
95550,95.55000000009218,-44016.12450839512,17597.09891329782,302.52208808206467
95600,95.60000000009242,-44151.12278599166,17748.47023874967,305.12440166097156
95650,95.65000000009266,-44086.347911855264,17742.985127158503,305.03010387813254
95700,95.7000000000929,-44092.643988354626,17805.362321272147,306.1024669480303
95750,95.75000000009314,-44332.25737633108,18122.862069985928,311.5607920628503
95800,95.80000000009338,-44188.527969527975,17913.671075775947,307.9644665157714
95850,95.85000000009362,-43827.43368409711,17466.40484323149,300.2752493746608
95900,95.90000000009385,-44014.47853257329,17583.835778445053,302.29407372186
95950,95.9500000000941,-44202.123857909624,17846.40890273209,306.8081228969498
96000,96.00000000009433,-44250.78140957509,17779.920272671177,305.66507771098776
96050,96.05000000009457,-44215.48587151477,17765.77322964697,305.4218675649883
96100,96.10000000009481,-44129.80789333878,17485.575022644356,300.6048152157954
96150,96.15000000009505,-43945.30801096198,17322.17705144292,297.79574448886564
96200,96.20000000009529,-44280.05168327122,17692.805792079176,304.1674413846407
96250,96.25000000009553,-44173.408874442364,17588.836759796264,302.380048536702
96300,96.30000000009576,-44346.25108523018,17593.494451264127,302.46012165304023
96350,96.350000000096,-44430.253879642354,17577.413596843828,302.1836662167583
96400,96.40000000009624,-44283.98502641999,17344.481634948705,298.17919571620814
96450,96.45000000009648,-44310.78828449584,17399.868879203306,299.13139044259856
96500,96.50000000009672,-44439.94443561569,17492.421447677854,300.7225161395236
96550,96.55000000009696,-44377.519727748775,17393.09985895702,299.01502023014103
96600,96.6000000000972,-44335.92325727943,17490.152511755306,300.6835095261951
96650,96.65000000009744,-44335.1237380506,17443.59986669226,299.8831955960635
96700,96.70000000009767,-44451.394185936,17447.54142344589,299.9509572188899
96750,96.75000000009791,-44572.6694771301,17539.725786051255,301.53575287192876
96800,96.80000000009815,-44504.129048125746,17493.484418739106,300.7407903008842
96850,96.85000000009839,-44378.081562889056,17269.554012565666,296.8910708446015
96900,96.90000000009863,-44688.59125348723,17572.279054555638,302.0953952772119
96950,96.95000000009887,-44681.914190951255,17545.262826409024,301.6309433927686
97000,97.0000000000991,-44455.43986748953,17358.42081877381,298.41883243233434
97050,97.05000000009935,-44583.691197567736,17516.68983294672,301.1397282392049
97100,97.10000000009958,-44637.14392665836,17504.378107972258,300.9280701263808
97150,97.15000000009982,-44602.91968061043,17314.895959357822,297.67057094793404
97200,97.20000000010006,-44670.295008114146,17216.894845452116,295.98577609855585
97250,97.2500000001003,-44752.82957379446,17357.735643687305,298.407053184011
97300,97.30000000010054,-44653.45096612089,17270.93103282329,296.91474401060003
97350,97.35000000010078,-44487.936690695846,17186.63813166551,295.4656151175712
97400,97.40000000010102,-44627.82703967565,17286.552877753664,297.1833083444892
97450,97.45000000010126,-44414.679922779214,17073.300343328337,293.5171584682508
97500,97.5000000001015,-44474.20405454807,17252.403969048555,296.5962343490486
97550,97.55000000010173,-44665.752526826975,17351.034422449768,298.2918485442309
97600,97.60000000010197,-44624.16504614892,17411.361018730015,299.32895857944203
97650,97.65000000010221,-44708.09626851835,17392.132608564334,298.9983916591513
97700,97.70000000010245,-44526.23969260168,17352.830953533437,298.3227337678359
97750,97.75000000010269,-44731.18802535347,17500.29747068759,300.8579174882588
97800,97.80000000010293,-44823.56770436069,17646.504876536637,303.3714550849072
97850,97.85000000010317,-44554.72413153827,17376.843040780273,298.73553969731967
97900,97.9000000001034,-44577.11393932498,17520.708585856984,301.2088169866109
97950,97.95000000010364,-44460.138803568945,17456.041051773293,300.0970793338019
98000,98.00000000010388,-44373.91822480666,17442.556463810964,299.86525784280565
98050,98.05000000010412,-44704.35826060931,17764.883240208947,305.40656723255915
98100,98.10000000010436,-44468.2045276839,17535.56039584219,301.46414319638325
98150,98.1500000001046,-44352.191787566175,17464.497483767092,300.24245883511026
98200,98.20000000010484,-44316.93358442876,17351.100419605067,298.2929831401849
98250,98.25000000010508,-44410.81336335318,17566.483363849038,301.99575814593936
98300,98.30000000010531,-44599.973708420366,17619.475378460134,302.9067750692863
98350,98.35000000010555,-44246.819198569065,17267.50725008976,296.8558837458035
98400,98.40000000010579,-44516.18220233676,17416.896879251748,299.424128817026
98450,98.45000000010603,-44558.53117234079,17443.43142965471,299.88029989578007
98500,98.50000000010627,-44500.7809114494,17412.35737959573,299.3460876057131
98550,98.55000000010651,-44334.996717938106,17368.054550261135,298.5844515823958
98600,98.60000000010675,-44312.57332731664,17220.181409902074,296.0422773630493
98650,98.65000000010698,-44309.3913065293,17208.546423402055,295.8422534597835
98700,98.70000000010722,-44532.25908945619,17450.907414462785,300.00882395225966
98750,98.75000000010746,-44527.256448171,17512.463851558492,301.0670769050241
98800,98.8000000001077,-44426.781993195735,17435.987369479168,299.7523246744547
98850,98.85000000010794,-44339.69365731893,17264.98791654299,296.81257239949014
98900,98.90000000010818,-44279.23838753146,17286.007156048032,297.1739265213425
98950,98.95000000010842,-44507.68043133829,17400.405034350362,299.14060780140426
99000,99.00000000010866,-44416.05997988924,17377.897751549765,298.75367185114123
99050,99.0500000001089,-44264.802971750425,17183.847503584755,295.4176397871937
99100,99.10000000010913,-44606.19082427209,17390.994270741696,298.97882182342187
99150,99.15000000010937,-44246.89950035716,17068.610891544515,293.43653934162126
99200,99.20000000010961,-44661.99030211482,17381.91032579235,298.82265437743325
99250,99.25000000010985,-44411.52225559432,17124.19769776896,294.39216485533166
99300,99.30000000011009,-44381.234480659405,17176.4283118002,295.2900920930196
99350,99.35000000011033,-44465.12760487652,17244.605567897535,296.46216744338807
99400,99.40000000011057,-44350.27342892162,17250.64247772137,296.5659515145277
99450,99.4500000001108,-44528.54928994808,17495.291715041596,300.77186059570414
99500,99.50000000011104,-44294.68979218188,17273.98851672971,296.9673070165935
99550,99.55000000011128,-44550.60602850952,17655.14452668864,303.51998439744676
99600,99.60000000011152,-44430.0083670055,17461.076780281695,300.1836515074814
99650,99.65000000011176,-44417.83582465676,17564.498410696717,301.96163364761475
99700,99.700000000112,-44361.541893437054,17486.24964782123,300.61641309441086
99750,99.75000000011224,-44450.443847618684,17521.594200213272,301.224042104434
99800,99.80000000011248,-44563.30589126157,17669.36994860234,303.7645420010827
99850,99.85000000011271,-44301.731529606914,17300.042402351603,297.41521470409475
99900,99.90000000011295,-44559.076349939176,17815.376834545736,306.2746323419728
99950,99.95000000011319,-44372.99366818112,17401.472089666735,299.1589521775994
100000,100.00000000011343,-44462.69792853094,17551.286858636242,301.7345060775629
100050,100.05000000011367,-44513.25715447599,17582.788001123932,302.2760607650316
100100,100.10000000011391,-44515.19341972538,17424.19637754462,299.5496187899125
100150,100.15000000011415,-44439.885728134745,17383.88816411617,298.8566565605522
100200,100.20000000011439,-44383.88846190631,17315.070842809648,297.6735774723207
100250,100.25000000011462,-44352.97218491017,17406.43500577591,299.2442725904539
100300,100.30000000011486,-44378.88580564863,17477.41057651705,300.46445541543085
100350,100.3500000001151,-44438.07407086812,17570.244977921047,302.060426268181
100400,100.40000000011534,-44441.4781462806,17503.904963536115,300.91993602180537
100450,100.45000000011558,-44448.56561544064,17501.11043300825,300.87189360216195
100500,100.50000000011582,-44375.96239598664,17325.237796415768,297.84836355777213
100550,100.55000000011606,-44559.70815308918,17357.866072597328,298.4092954641959
100600,100.6000000001163,-44229.70169567769,17121.031405992784,294.3377312691863
100650,100.65000000011653,-44096.13829920599,16966.059904042817,291.6735249364203
100700,100.70000000011677,-44392.66305181352,17159.86611423242,295.0053616032884
100750,100.75000000011701,-44713.57236026421,17512.697889143725,301.0711003829464
100800,100.80000000011725,-44404.33446717176,17282.13448810059,297.10734920654295
100850,100.85000000011749,-44528.07616230988,17421.825824022275,299.5088652085964
100900,100.90000000011773,-44467.28342600725,17339.44704672557,298.0926431458441
100950,100.95000000011797,-44542.758478523654,17306.80723150134,297.5315128649439
101000,101.0000000001182,-44648.34964529458,17643.39582738538,303.3180055904296
101050,101.05000000011844,-44524.94024492234,17599.455703249285,302.5626050457301
101100,101.10000000011868,-44431.90194765343,17494.29227886646,300.7546786999782
101150,101.15000000011892,-44290.265007253576,17410.176866406153,299.30860111964785
101200,101.20000000011916,-44142.33344427042,17290.791250910275,297.2561727128562
101250,101.2500000001194,-44350.31614798424,17421.17159442586,299.4976179624129
101300,101.30000000011964,-44504.36411248894,17741.572522129063,305.00581895337035
101350,101.35000000011988,-44439.60944225416,17714.205059361262,304.5353287877575
101400,101.40000000012012,-44417.52626916934,17841.72567345066,306.72761074502256
101450,101.45000000012035,-44194.879113590665,17633.930318065315,303.15527844668986
101500,101.5000000001206,-44383.61505005288,17702.983475507717,304.3424119327868
101550,101.55000000012083,-44364.85462590653,17733.84453596318,304.87296259317765
101600,101.60000000012107,-44133.839259163535,17571.888682812292,302.0886841667324
101650,101.65000000012131,-44255.266322345546,17516.061300397683,301.1289227660926
101700,101.70000000012155,-44328.23683019955,17542.411984096856,301.58193288408654
101750,101.75000000012179,-43971.32764502481,17068.726307832127,293.43852353097543
101800,101.80000000012203,-44443.486793303804,17407.677497326124,299.26563299423674
101850,101.85000000012226,-44686.96764165568,17682.724250067593,303.99412366019885
101900,101.9000000001225,-44286.37419398262,17261.618028985802,296.7546386784021
101950,101.95000000012274,-44438.24682566681,17288.31354497179,297.21357701126595
102000,102.00000000012298,-44312.48090046838,17172.984740530468,295.23089163184636
102050,102.05000000012322,-44594.74247362609,17517.512288868827,301.1538675632001
102100,102.10000000012346,-44574.68562108693,17574.986447611478,302.14193966526966
102150,102.1500000001237,-44379.86305459975,17379.999688471336,298.7898074863197
102200,102.20000000012394,-44531.919579428344,17399.716699711134,299.1287742353498
102250,102.25000000012417,-44652.82224926752,17360.477849663155,298.45419606147345
102300,102.30000000012441,-44736.05411689019,17313.78502321252,297.65147219057303
102350,102.35000000012465,-44557.3340343329,17181.630191962897,295.3795206776133
102400,102.40000000012489,-44396.15654293606,16993.19185207942,292.13996622962486
102450,102.45000000012513,-44728.86865607562,17263.471073572044,296.78649545890335
102500,102.50000000012537,-44942.99955260913,17490.483273345635,300.6891958434373
102550,102.5500000001256,-44572.07626243807,17310.372618547437,297.59280753285026
102600,102.60000000012585,-44686.24537082562,17369.235369238624,298.60475173666987
102650,102.65000000012608,-44283.54800787999,16955.279834895777,291.48819842072015
102700,102.70000000012632,-44388.407459224894,17030.73363934488,292.78536919802536
102750,102.75000000012656,-44565.8209211572,17171.71739783409,295.2091039973782
102800,102.8000000001268,-44659.37422366066,17384.51087033857,298.8673618698529
102850,102.85000000012704,-44549.54214436841,17331.2605070301,297.9519035219412
102900,102.90000000012728,-44357.81394067366,17036.934054364196,292.89196418324764
102950,102.95000000012752,-44490.96190534691,17160.293094747758,295.0127020767213
103000,103.00000000012776,-44386.068347009,17137.293505135236,294.6173025901984
103050,103.050000000128,-44609.55318291663,17317.08909803374,297.7082744861684
103100,103.10000000012823,-44402.49509210463,17145.358740121526,294.7559567934251
103150,103.15000000012847,-44304.43301030439,16858.107971944235,289.81765971273404
103200,103.20000000012871,-44497.483322717206,17063.67393305632,293.35166518151226
103250,103.25000000012895,-44587.10216545568,17280.350465283827,297.0766790199189
103300,103.30000000012919,-44617.585814603284,17275.32441772714,296.9902732771803
103350,103.35000000012943,-44652.23689086233,17402.604930322945,299.17842750830414
103400,103.40000000012967,-44400.07564259824,17220.59589899813,296.0494030891388
103450,103.4500000001299,-44560.02937050791,17414.59652799117,299.38458212412496
103500,103.50000000013014,-44518.69635322514,17340.869737597,298.1171014622542
103550,103.55000000013038,-44562.82530341709,17410.74780899346,299.3184165298207
103600,103.60000000013062,-44609.43717531319,17528.468074366727,301.3422149221446
103650,103.65000000013086,-44201.68290504476,17265.689566310462,296.82463487375395
103700,103.7000000001311,-44287.728343760944,17331.39131065004,297.954152243985
103750,103.75000000013134,-44455.52985615608,17491.614023654445,300.7086352377492
103800,103.80000000013158,-44362.88775210562,17283.77902651047,297.13562143460393
103850,103.85000000013181,-44507.752369225156,17594.469381648843,302.4768822552948
103900,103.90000000013205,-44132.27541431859,17316.435404540636,297.6970364564527
103950,103.95000000013229,-44231.53623231393,17271.66651673093,296.927388147488
104000,104.00000000013253,-44513.150148348905,17452.835573299377,300.0419720660637
104050,104.05000000013277,-44459.70597897704,17537.361614139736,301.4951090006417
104100,104.10000000013301,-44429.23110924337,17369.049690548996,298.60155962499425
104150,104.15000000013325,-44357.594464556176,17406.11045335999,299.2386930187847
104200,104.20000000013349,-44472.36358197144,17467.824750260777,300.2996598324016
104250,104.25000000013372,-44523.57641055659,17252.93270776666,296.60532420765765
104300,104.30000000013396,-44565.254287983174,17385.0570877692,298.8767522152999
104350,104.3500000001342,-44314.341155941795,17205.803967675725,295.7951062887135
104400,104.40000000013444,-44390.51844216895,17170.727486782027,295.19208585365107
104450,104.45000000013468,-44637.22132610943,17488.427706911993,300.6538573906184
104500,104.50000000013492,-44756.642693575006,17613.034847794712,302.79605211461865
104550,104.55000000013516,-44552.918351147506,17308.379851199043,297.55854869608015
104600,104.6000000001354,-44387.640009805895,17320.02022791364,297.75866526569837
104650,104.65000000013563,-44376.22550915634,17137.453809990566,294.62005848534926
104700,104.70000000013587,-44528.35372454108,17314.7465123229,297.6680017159666
104750,104.75000000013611,-44311.51912220255,17065.96006785974,293.390967470928
104800,104.80000000013635,-44392.20144534754,17157.87766224847,294.9711769544892
104850,104.85000000013659,-44363.99058140846,17128.07386454972,294.45880232063473
104900,104.90000000013683,-44451.648826532415,17216.307491767213,295.9756785555418
104950,104.95000000013707,-44442.95470437804,17250.64187200809,296.5659411013541
105000,105.0000000001373,-44395.80962952934,17336.750227995053,298.0462805472388
105050,105.05000000013754,-44350.06865430498,17250.740716839042,296.56764040103997
105100,105.10000000013778,-44468.98263649079,17173.427667554453,295.23850625109833
105150,105.15000000013802,-44673.04772603026,17316.21957841343,297.69332606242773
105200,105.20000000013826,-44642.75546289883,17360.25412752138,298.450349922413
105250,105.2500000001385,-44459.09558668068,17125.77935371797,294.41935603398446
105300,105.30000000013874,-44547.14241680009,17316.624625497,297.70028946532136
105350,105.35000000013898,-44584.27887380572,17375.86062694791,298.7186504427106
105400,105.40000000013922,-44662.59855387642,17563.594821572413,301.9460995149717
105450,105.45000000013945,-44546.148406281776,17468.541192268516,300.311976608777
105500,105.50000000013969,-44604.918915943446,17672.698536368727,303.821765713151
105550,105.55000000013993,-44702.53399568338,17890.31264441159,307.5628979694171
105600,105.60000000014017,-44068.77543277232,17169.564271069492,295.1720883274691
105650,105.65000000014041,-44365.69139780648,17458.442933615283,300.13837149870625
105700,105.70000000014065,-44477.14954606116,17472.992704675653,300.38850517949
105750,105.75000000014089,-44511.29411176979,17672.180662683335,303.8128626417164
105800,105.80000000014113,-44431.86004791311,17790.049543828136,305.8392159752693
105850,105.85000000014136,-44361.08764409481,17525.888379847944,301.29786587482255
105900,105.9000000001416,-44485.77888891307,17401.89520678837,299.1662262331566
105950,105.95000000014184,-44546.809512565065,17447.45280449957,299.9494337184075
106000,106.00000000014208,-44425.44431577181,17484.939559455794,300.5938905939785
106050,106.05000000014232,-44357.760520908334,17391.83573315957,298.9932878992763
106100,106.10000000014256,-44322.09730825521,17352.670696519268,298.3199786951506
106150,106.1500000001428,-44353.56910578034,17528.131095766046,301.336421724617
106200,106.20000000014304,-44498.200694051004,17692.725831015097,304.1660667269094
106250,106.25000000014327,-44318.34404424901,17581.286755928475,302.25025197498667
106300,106.30000000014351,-44262.4993299376,17521.40237617302,301.2207443444176
106350,106.35000000014375,-44197.31735502876,17507.820807559096,300.98725560194026
106400,106.40000000014399,-44222.39544971262,17766.151143655763,305.4283645072183
106450,106.45000000014423,-44329.69265820429,17764.978182377527,305.40819943927846
106500,106.50000000014447,-44363.39787384558,17707.591109496447,304.42162448152885
106550,106.5500000001447,-44305.72963502212,17552.70305378436,301.758852722169
106600,106.60000000014495,-44404.20206512362,17574.730871597792,302.1375459075426
106650,106.65000000014518,-44571.74674819736,17469.51150280156,300.3286577884414
106700,106.70000000014542,-44414.26580179431,17300.299638014112,297.4196369938219
106750,106.75000000014566,-44451.478935996725,17149.23076567434,294.82252306444036
106800,106.8000000001459,-44638.563628597614,17284.38328414287,297.146009583332
106850,106.85000000014614,-44586.22652042218,17234.90137469384,296.2953369444746
106900,106.90000000014638,-44670.3910548406,17426.536833608254,299.5898549480953
106950,106.95000000014662,-44602.48565351856,17389.237366676687,298.948617851226
107000,107.00000000014685,-44634.91078288998,17414.10469034989,299.37612665365396
107050,107.0500000001471,-44629.78701252413,17521.134806968952,301.2161444046934
107100,107.10000000014733,-44487.516732227225,17538.746442793105,301.5189164053689
107150,107.15000000014757,-44413.42006213438,17353.114695056265,298.3276117354136
107200,107.20000000014781,-44488.65723008549,17590.49994112937,302.40864126623256
107250,107.25000000014805,-44573.62435755797,17789.95338393621,305.83756283395104
107300,107.30000000014829,-44365.3179036771,17545.31013800495,301.6317567542698
107350,107.35000000014853,-44529.63520431954,17671.397890026812,303.79940553610413
107400,107.40000000014876,-44616.154831058724,17668.624130498567,303.7517202029446
107450,107.450000000149,-44327.81386639249,17364.035684559527,298.5153608959274
107500,107.50000000014924,-44845.3259556029,17705.026180355457,304.37752927450987
107550,107.55000000014948,-44685.091546989555,17720.447906201334,304.6426532433931
107600,107.60000000014972,-44467.248074478026,17485.263240074506,300.5994551780685
107650,107.65000000014996,-44569.97672516518,17673.23277340773,303.83095009663185
107700,107.7000000001502,-44333.00297539929,17354.28741123005,298.3477725896186
107750,107.75000000015044,-44912.19201176018,17746.555309090254,305.09148097774124
107800,107.80000000015067,-44518.485074373006,17376.077978386522,298.722387059262
107850,107.85000000015091,-44679.46659430679,17421.41844132325,299.5018616527623
107900,107.90000000015115,-44589.51318785704,17417.040307508814,299.42659457663956
107950,107.95000000015139,-44305.67507099144,17273.824479752217,296.9644869603332
108000,108.00000000015163,-44466.29616893211,17465.413329894764,300.2582036851148
108050,108.05000000015187,-44437.418805276735,17465.139628018613,300.25349831501416
108100,108.10000000015211,-44245.84657868686,17395.457313136314,299.05554861293825
108150,108.15000000015235,-44723.74375536165,17688.2899637555,304.0898071211391
108200,108.20000000015258,-44572.470646386806,17519.4486101405,301.18715600223146
108250,108.25000000015282,-44390.896534265055,17402.174766922868,299.1710323160257
108300,108.30000000015306,-44850.01399003064,17959.645098639867,308.75483301100184
108350,108.3500000001533,-44182.93015643235,17324.85067259756,297.841708284286
108400,108.40000000015354,-44658.08051999918,17735.70052089395,304.9048699228729
108450,108.45000000015378,-44392.048059182256,17506.856079599944,300.97067039559056
108500,108.50000000015402,-44402.83748022364,17479.315930841105,300.4972114834332
108550,108.55000000015426,-44262.69505765455,17284.835543355748,297.1537846377377
108600,108.6000000001545,-44497.47145676881,17298.315468278408,297.3855259636736
108650,108.65000000015473,-44487.6960963944,17234.03702030928,296.28047731934276
108700,108.70000000015497,-44500.41659608567,17358.83282407813,298.42591545809773
108750,108.75000000015521,-44186.65196234938,17150.097194822505,294.83741835805495
108800,108.80000000015545,-44263.92705271757,17125.140033602704,294.40836510546967
108850,108.85000000015569,-44395.151167125725,17052.127083145337,293.15315648624073
108900,108.90000000015593,-44487.715252562535,17156.833554601057,294.95322708518205
108950,108.95000000015617,-44749.024634399844,17261.59167035272,296.7541855316216
109000,109.0000000001564,-44662.046394500736,17152.872361184945,294.88512787692946
109050,109.05000000015664,-44468.93153358934,16970.64423976376,291.75233695092345
109100,109.10000000015688,-44673.512543473895,17159.15571763073,294.99314875704766
109150,109.15000000015712,-44670.81361174119,17256.21709375526,296.6617880209392
109200,109.20000000015736,-44461.58886520202,17237.490214977384,296.33984322202343
109250,109.2500000001576,-44603.06847202775,17220.929625442346,296.05514037692984
109300,109.30000000015784,-44721.91825040008,17493.116495037906,300.734465107914
109350,109.35000000015808,-44600.462621103536,17286.892884033816,297.1891535926371
109400,109.40000000015831,-44765.571087186785,17515.679428608786,301.12235778333456
109450,109.45000000015855,-44570.78774672642,17375.734901987173,298.7164890308873
109500,109.50000000015879,-44340.48394237621,17097.23653271506,293.9286595929348
109550,109.55000000015903,-44802.01374227433,17635.18058251254,303.17677247892175
109600,109.60000000015927,-44614.49321895321,17424.422100742857,299.55349933031266
109650,109.65000000015951,-44719.329808682,17526.54615469231,301.3091740694509
109700,109.70000000015975,-44690.65440802387,17535.803113753074,301.4683159028946
109750,109.75000000015999,-44572.410007389495,17349.401384401248,298.26377402565316
109800,109.80000000016022,-44837.09188341812,17585.462064724816,302.32203216680574
109850,109.85000000016046,-44655.028787486204,17454.675068527038,300.07359591156415
109900,109.9000000001607,-44545.992114843764,17302.92301776763,297.4647370597349
109950,109.95000000016094,-44831.686694300515,17611.142630085935,302.7635218859039
110000,110.00000000016118,-44404.53261974125,17264.868873841526,296.81052586632046
110050,110.05000000016142,-44649.906796882155,17465.354314717762,300.25718912046057
110100,110.10000000016166,-44624.59748082156,17506.67446813618,300.96754820598943
110150,110.1500000001619,-44401.40380788912,17220.99729192764,296.0563036713186
110200,110.20000000016213,-44535.98279359463,17292.266244072573,297.2815301887426
110250,110.25000000016237,-44740.63263221095,17380.464533103877,298.7977989040848
110300,110.30000000016261,-44651.617443045696,17322.189091851124,297.7959514826121
110350,110.35000000016285,-44656.97703022967,17454.30292554175,300.06719818239696
110400,110.40000000016309,-44558.081249937764,17380.800797199627,298.80357981813745
110450,110.45000000016333,-44607.9902250748,17501.311861724083,300.8753564818113
110500,110.50000000016357,-44548.97586337052,17578.31410158027,302.19914732387366
110550,110.5500000001638,-44536.16726655142,17479.89067386085,300.5070922290777
110600,110.60000000016404,-44278.04643199047,17206.729715775044,295.81102136934254
110650,110.65000000016428,-44363.988184516136,17229.44403145518,296.2015165437328
110700,110.70000000016452,-44659.31658205361,17362.085420814925,298.481832763635
110750,110.75000000016476,-44661.45452672043,17379.81061040353,298.7865569339323
110800,110.800000000165,-44254.980614413784,17066.338025661065,293.3974651660211
110850,110.85000000016524,-44490.20263321133,17349.338200744045,298.26268779820145
110900,110.90000000016548,-44639.707834139735,17684.02498153712,304.01648530072464
110950,110.95000000016572,-44411.95688487303,17585.874781055576,302.32912741624335
111000,111.00000000016595,-44595.088386722506,17658.41685850327,303.57624098032653
111050,111.0500000001662,-44274.33320166347,17366.764829429,298.5622792322202
111100,111.10000000016643,-44388.65749877537,17543.38096357958,301.59859118088116
111150,111.15000000016667,-44477.26374057614,17693.023011103047,304.17117572477235
111200,111.20000000016691,-44426.867871169525,17635.42510190839,303.1809761558217
111250,111.25000000016715,-44509.40040225181,17755.577209958592,305.2465817874035
111300,111.30000000016739,-44240.69276763468,17302.301421945624,297.4540508399811
111350,111.35000000016763,-44367.85822696996,17426.657720402527,299.5919331841503
111400,111.40000000016786,-44547.2579116195,17664.99815170976,303.68938386671465
111450,111.4500000001681,-44325.52145300149,17396.158199765963,299.0675979676504
111500,111.50000000016834,-44205.827739058775,17178.210659251185,295.3207334774442
111550,111.55000000016858,-44348.10443414004,17171.37734369142,295.20325792639744
111600,111.60000000016882,-44559.99329173482,17411.224164060983,299.3266058302506
111650,111.65000000016906,-44669.83655056531,17437.17862738682,299.7728042905234
111700,111.7000000001693,-44864.655424209945,17469.86088210835,300.33466417380885
111750,111.75000000016954,-44778.76814945397,17446.065551252632,299.9255846310647
111800,111.80000000016977,-44447.02116942519,17272.38170852951,296.9396834307816
111850,111.85000000017001,-44612.20064052702,17498.628065697718,300.82921776418044
111900,111.90000000017025,-44503.498375806834,17375.878950944734,298.71896546132865
111950,111.95000000017049,-44641.51131536252,17581.703122515075,302.25740997812153
112000,112.00000000017073,-44471.09434455704,17506.43907531817,300.9635014294625
112050,112.05000000017097,-44367.364389371054,17364.954006983844,298.5311483174055
112100,112.1000000001712,-44340.102735757995,17234.839227539924,296.29426853616127
112150,112.15000000017145,-44332.537415293686,17248.10042547829,296.52224959772997
112200,112.20000000017168,-44387.521098536745,17388.97516054837,298.94411011129466
112250,112.25000000017192,-44453.791563246414,17332.86016836658,297.979404241811
112300,112.30000000017216,-44619.204707746365,17413.092323723922,299.3587224629347
112350,112.3500000001724,-44583.700437080326,17280.493128294507,297.0791316237313
112400,112.40000000017264,-44666.281768352565,17373.728519061173,298.6819961207062
112450,112.45000000017288,-44672.72299415631,17466.708127219896,300.2804633082704
112500,112.50000000017312,-44661.04903316846,17413.381347306364,299.36369123750916
112550,112.55000000017336,-44581.6877027325,17381.819950184483,298.8211006771479
112600,112.6000000001736,-44367.83336741041,17224.48632924409,296.11628576607006
112650,112.65000000017383,-44609.27690731621,17512.4495613332,301.06683123334744
112700,112.70000000017407,-44615.53088548382,17482.504158896063,300.5520221890626
112750,112.75000000017431,-44438.04746726742,17359.92519300484,298.4446950154721
112800,112.80000000017455,-44376.94893276427,17218.519808991678,296.01371180349605
112850,112.85000000017479,-44486.099336000116,17414.271450639775,299.378993527981
112900,112.90000000017503,-44321.0098676101,17353.813699508144,298.33962873249953
112950,112.95000000017527,-44369.54494370215,17466.68877548594,300.2801306212183
113000,113.0000000001755,-44388.86164971111,17439.73699988773,299.81678677848237
113050,113.05000000017574,-44423.71286364047,17346.17374547853,298.20828578459214
113100,113.10000000017598,-44473.94640459293,17560.40212493587,301.89121198732533
113150,113.15000000017622,-44300.79191688246,17296.38754203013,297.3523818484322
113200,113.20000000017646,-44400.213626793484,17417.93839178707,299.4420340722331
113250,113.2500000001767,-44370.18584521416,17461.12587282269,300.18449548625784
113300,113.30000000017694,-44323.579335340415,17364.596624451864,298.52500434388173
113350,113.35000000017718,-44509.9654352732,17538.231808431254,301.51006902305244
113400,113.40000000017741,-44120.64492220614,17075.338003234145,293.5521890794068
113450,113.45000000017765,-44436.2470686746,17480.634893382918,300.5198865450566
113500,113.50000000017789,-44736.25774028145,17920.271042428194,308.07793042835993
113550,113.55000000017813,-44234.124969542776,17381.0699070289,298.80820624365657
113600,113.60000000017837,-44238.0367895767,17329.143540116926,297.91550949732783
113650,113.65000000017861,-44474.33350720881,17285.111984427116,297.1585370989561
113700,113.70000000017885,-44246.89639349163,17087.059459977103,293.75369954353016
113750,113.75000000017909,-44598.34007469857,17335.42961506997,298.02357711290495
113800,113.80000000017932,-44845.619502616944,17620.301579977502,302.920978786015
113850,113.85000000017956,-44409.70775455652,17216.6071055286,295.9808293921178
113900,113.9000000001798,-44837.31730300779,17627.487548407236,303.0445170001812
113950,113.95000000018004,-44380.50958777815,17177.87588312657,295.3149781439794
114000,114.00000000018028,-44468.04777933746,17208.50761652671,295.84158630794104
114050,114.05000000018052,-44595.59932032513,17277.16566646216,297.021927268258
114100,114.10000000018076,-44554.06596875737,17287.08014743089,297.1923729479515
114150,114.150000000181,-44609.5331642612,17388.602583805787,298.9377049251505
114200,114.20000000018123,-44552.89543371472,17255.932552132334,296.6568962983696
114250,114.25000000018147,-44187.69241010568,16841.959538875668,289.54004249212136
114300,114.30000000018171,-44463.33781418507,17043.24822554098,293.0005148175494
114350,114.35000000018195,-44636.60035175363,17267.972555832504,296.86388309078563
114400,114.40000000018219,-44521.60155204442,17328.187962472228,297.8990815994213
114450,114.45000000018243,-44398.88275732627,17236.398832497183,296.3210806232318
114500,114.50000000018267,-44503.36632030199,17264.771779067687,296.80885665289674
114550,114.5500000001829,-44703.44203741223,17433.46555230027,299.7089706305592
114600,114.60000000018314,-44732.69821531852,17578.522867427608,302.20273634047055
114650,114.65000000018338,-44333.57233349557,17288.623596608053,297.2189072914944
114700,114.70000000018362,-44468.31581881676,17207.82137986741,295.82978880949474
114750,114.75000000018386,-44467.35861929961,17103.991690772233,294.04479149233765
114800,114.8000000001841,-44476.935535991826,17158.749417780193,294.9861638170995
114850,114.85000000018434,-44434.99642737418,17262.066317826917,296.76234547580924
114900,114.90000000018458,-44207.54261598343,16908.794736105712,290.68904571833673
114950,114.95000000018482,-44509.22904706566,17296.049771020644,297.34657502813826
115000,115.00000000018505,-44573.03811219857,17263.69396953144,296.790327394576
115050,115.05000000018529,-44346.31946174796,17174.57525269201,295.2582350628631
115100,115.10000000018553,-44438.13244781868,17204.92917213489,295.78006716351655
115150,115.15000000018577,-44512.8847380134,17477.54475129184,300.46676209298244
115200,115.20000000018601,-44540.91548629177,17570.03207738755,302.05676616975995
115250,115.25000000018625,-44492.183858185745,17367.21824962962,298.57007424584975
115300,115.30000000018649,-44552.32586194807,17524.491032381167,301.2738432518034
115350,115.35000000018672,-44470.53761689848,17420.01372862962,299.4777124097918
115400,115.40000000018696,-44435.202485894944,17264.966966630338,296.8122122372071
115450,115.4500000001872,-44355.49003170484,17252.779805347625,296.60269557214747
115500,115.50000000018744,-44532.75774055715,17432.918959350896,299.69957382934837
115550,115.55000000018768,-44456.53497969769,17228.154289320344,296.1793438273299
115600,115.60000000018792,-44463.60639748712,17189.192195460968,295.5095235320379
115650,115.65000000018816,-44396.65963701342,17287.98201670471,297.20787751363235
115700,115.7000000001884,-44588.36298894943,17491.226899524787,300.70197995890874
115750,115.75000000018863,-44207.300962802576,17235.51411141908,296.30587086227996
115800,115.80000000018887,-44503.06461006563,17602.397751532415,302.6131835299584
115850,115.85000000018911,-44414.21692322951,17413.98831100511,299.37412590781696
115900,115.90000000018935,-44566.236528957124,17432.148954643362,299.6863362250646
115950,115.95000000018959,-44700.70343974176,17527.645474386194,301.32807312155614
116000,116.00000000018983,-44667.96092891603,17328.37827304761,297.902353340572
116050,116.05000000019007,-44781.68412205728,17480.26440146277,300.5135172003224
116100,116.1000000001903,-44628.962608604415,17263.161969799814,296.7811814739636
116150,116.15000000019054,-44600.3968463628,17274.845798917424,296.9820450594255
116200,116.20000000019078,-44587.337513582504,17219.879841252576,296.03709291884087
116250,116.25000000019102,-44837.1108966763,17327.12607072282,297.88082599314606
116300,116.30000000019126,-44441.78412243076,17227.26432576165,296.1640439398075
116350,116.3500000001915,-44563.28614833812,17411.10625771394,299.32457883281876
116400,116.40000000019174,-44518.837438900955,17525.96599454056,301.2992001947006
116450,116.45000000019198,-44304.34250387024,17274.935384477543,296.9835851775349
116500,116.50000000019222,-44537.54453454602,17456.998975839582,300.1135475704236
116550,116.55000000019245,-44734.33771854199,17602.276537571215,302.61109966938415
116600,116.6000000001927,-44553.10983871514,17453.784495245312,300.05828554193414
116650,116.65000000019293,-44626.65624340589,17551.07102887018,301.7307956209802
116700,116.70000000019317,-44503.28253468929,17436.276856779034,299.75730142106846
116750,116.75000000019341,-44497.00868392711,17517.491392864173,301.15350832768115
116800,116.80000000019365,-44501.73865959058,17502.793470524535,300.9008276910283
116850,116.85000000019389,-44651.393008506275,17708.84705768562,304.4432162263149
116900,116.90000000019413,-44551.697244073956,17690.640709853364,304.1302201813589
116950,116.95000000019436,-44155.63262950071,17308.468466482704,297.5600721335958
117000,117.0000000001946,-44351.37923598964,17670.241693474072,303.7795286804309
117050,117.05000000019484,-44250.70165634532,17787.656667526462,305.7980786299108
117100,117.10000000019508,-44409.685462992915,17819.934496197002,306.3529857868392
117150,117.15000000019532,-44436.350238249215,17752.95692405384,305.2015349096663
117200,117.20000000019556,-44194.67960024271,17375.897406354325,298.71928273914097
117250,117.2500000001958,-44232.42386918719,17576.23436490839,302.1633933462585
117300,117.30000000019604,-44208.827264749154,17510.536096889493,301.033935739503
117350,117.35000000019627,-44404.00904416269,17781.10344390155,305.6854183042261
117400,117.40000000019651,-44211.36811559062,17600.14370468948,302.5744328835638
117450,117.45000000019675,-44202.44678931535,17555.01329587872,301.79856945421693
117500,117.50000000019699,-44070.53368957556,17326.751303939698,297.8743831567255
117550,117.55000000019723,-44222.70723231918,17466.041825291737,300.2690085195241
117600,117.60000000019747,-44492.25997845967,17579.119421781423,302.21299205760096
117650,117.6500000001977,-44624.67609288683,17816.54543180149,306.29472238543275
117700,117.70000000019795,-44325.87835760058,17790.762659730968,305.8514755706169
117750,117.75000000019818,-44281.482018885945,17672.162497664372,303.81255035618034
117800,117.80000000019842,-44389.17139250731,17752.542589483393,305.1944118401175
117850,117.85000000019866,-44133.619955079645,17337.45600413296,298.0584139603662
117900,117.9000000001989,-43937.43754692965,17018.352180058715,292.57251224159126
117950,117.95000000019914,-44286.09145459827,17442.60575604771,299.8661052546694
118000,118.00000000019938,-44336.78421359895,17442.68411943325,299.86745244576827
118050,118.05000000019962,-44125.95473212646,17261.690461084116,296.7558839012502
118100,118.10000000019986,-44350.298114607605,17433.539455659535,299.7102411467205
118150,118.1500000002001,-44261.68745694282,17358.329801182077,298.41726769532636
118200,118.20000000020033,-44199.21822729529,17455.63692324633,300.0901317223557
118250,118.25000000020057,-44127.50510372007,17526.902977956775,301.31530842827755
118300,118.30000000020081,-44131.99180875928,17645.432531423965,303.35301976870943
118350,118.35000000020105,-44240.41479923256,17898.811363642377,307.70900445551393
118400,118.40000000020129,-44014.121829575095,17538.634986249064,301.51700029029786
118450,118.45000000020153,-44126.57135462501,17787.839083431663,305.8012146491383
118500,118.50000000020177,-44527.21786118497,18130.432604474423,311.69094157855403
118550,118.550000000202,-44172.148705489715,17668.713174056844,303.7532510031812
118600,118.60000000020224,-44438.113202669076,17880.399431266957,307.3924740856341
118650,118.65000000020248,-44051.18101145297,17515.0805673046,301.1120624060621
118700,118.70000000020272,-44242.34963424404,17569.729609928756,302.05156627359173
118750,118.75000000020296,-44593.88924050947,18059.798910471265,310.4766361578669
118800,118.8000000002032,-44272.69554188105,17812.47468496176,306.2247397797728
118850,118.85000000020344,-44385.56425962839,17744.206870912654,305.05110759433757
118900,118.90000000020368,-44521.79633566286,17816.28146186684,306.29018432286836
118950,118.95000000020391,-44402.032235610124,17794.829566357705,305.92139215691435
119000,119.00000000020415,-44403.468589556156,17897.27013425327,307.68250827365443
119050,119.05000000020439,-44078.96440758878,17532.04613249284,301.40372742604785
119100,119.10000000020463,-44162.96543459587,17566.67736965788,301.9990934140242
119150,119.15000000020487,-44173.67258795847,17440.03610519985,299.82192887400765
119200,119.20000000020511,-44057.28311971864,17470.05413424857,300.33798648513266
119250,119.25000000020535,-44313.71774173725,17645.092370386374,303.34717186003525
119300,119.30000000020559,-44110.988092073756,17434.727500474044,299.7306655246132
119350,119.35000000020582,-43992.054862770296,17251.819834415575,296.58619214665146
119400,119.40000000020606,-43971.280370087596,17070.0496266572,293.46127348402916
119450,119.4500000002063,-44440.770847082604,17747.96558895027,305.11572592914683
119500,119.50000000020654,-44164.0072297872,17464.361118631197,300.24011450177125
119550,119.55000000020678,-44259.08199704467,17563.510601763155,301.94465164264454
119600,119.60000000020702,-44372.860361900675,17819.034390564266,306.3375115409507
119650,119.65000000020726,-44235.84676351957,17694.736807371937,304.2006386054646
119700,119.7000000002075,-44300.671169191046,17810.595979540078,306.19244184874117
119750,119.75000000020773,-44360.43428587842,17868.05005816949,307.1801687417614
119800,119.80000000020797,-43987.10925612309,17452.464484754,300.0355924643939
119850,119.85000000020821,-44316.237708179266,17701.943860494946,304.3245392990069
119900,119.90000000020845,-44093.08008847221,17535.524618372114,301.4635281248305
119950,119.95000000020869,-43920.80906382465,17351.46966652791,298.2993310814374
120000,120.00000000020893,-44375.67281810934,17672.891544076407,303.82508382229105
120050,120.05000000020917,-44144.83342741545,17414.190872432104,299.3776082605708
120100,120.1000000002094,-44261.64732038006,17394.547997549205,299.0399160333015
120150,120.15000000020964,-44297.71461352172,17216.100647180494,295.9721225684674
120200,120.20000000020988,-44430.33278415345,17245.5398057555,296.47822847645654
120250,120.25000000021012,-44537.59913012004,17606.686370739564,302.6869117077636
120300,120.30000000021036,-44268.537131027675,17449.242502206973,299.9802014654177
120350,120.3500000002106,-44249.64781771475,17256.853339524005,296.6727260965528
120400,120.40000000021084,-44390.22950416914,17529.00505494543,301.35144647143176
120450,120.45000000021108,-44403.02146743361,17529.36660243585,301.35766204720824
120500,120.50000000021132,-44437.39446366954,17516.19658207664,301.1312484730855
120550,120.55000000021155,-44453.60194490068,17659.966453150406,303.602880974262
120600,120.60000000021179,-44082.45455858022,17342.60166039385,298.14687596676094
120650,120.65000000021203,-44268.998652166745,17507.41435791927,300.9802680868762
120700,120.70000000021227,-44110.816853071716,17350.667505006855,298.28554065043943
120750,120.75000000021251,-44004.97821366388,17152.434661091083,294.8776031169107
120800,120.80000000021275,-44258.53961000734,17401.650287536148,299.1620156820902
120850,120.85000000021299,-44124.35857101907,17300.307998694356,297.4197807271985
120900,120.90000000021323,-44372.51545440098,17439.93033093346,299.8201104463173
120950,120.95000000021346,-44412.82508347577,17473.616758135046,300.39923364993507
121000,121.0000000002137,-44432.81150194567,17529.150399429534,301.35394517403256
121050,121.05000000021394,-44349.159319089595,17403.382975138928,299.19180333482603
121100,121.10000000021418,-44260.622200098376,17393.49656940373,299.02184031300214
121150,121.15000000021442,-44412.928392506845,17480.234740440956,300.51300728023284
121200,121.20000000021466,-44410.82935715327,17556.35878095335,301.82170048031765
121250,121.2500000002149,-44253.72059276082,17259.278914621627,296.7144255861646
121300,121.30000000021514,-44386.602646866355,17406.112034963982,299.23872020907015
121350,121.35000000021537,-44183.80482413182,17232.261309794707,296.2499500343997
121400,121.40000000021561,-44161.34211651268,17098.0585073346,293.94279064257427
121450,121.45000000021585,-44412.919126504974,17360.074739275562,298.44726595346054
121500,121.50000000021609,-44324.60068652674,17381.358973201888,298.8131757504302
121550,121.55000000021633,-44646.97063234713,17572.04703983937,302.0914065756209
121600,121.60000000021657,-44604.824725516235,17686.78368329152,304.0639117668284
121650,121.6500000002168,-44237.664448983065,17306.084597527755,297.51908963883807
121700,121.70000000021705,-44253.1726294683,17217.413739311898,295.9946967084091
121750,121.75000000021728,-44451.96871653629,17494.902892533708,300.7651761190436
121800,121.80000000021752,-44370.55322662448,17593.199017863888,302.4550426835141
121850,121.85000000021776,-44563.47470061681,17490.709615040494,300.6930870167771
121900,121.900000000218,-44635.76594131252,17610.35532441307,302.74998685053885
121950,121.95000000021824,-44355.745711274445,17306.877688807366,297.53272413797504
122000,122.00000000021848,-44480.1349266066,17280.888684027366,297.08593185522676
122050,122.05000000021872,-44737.24377937839,17559.08093370697,301.86849861103
122100,122.10000000021896,-44460.49476120709,17354.625785041684,298.3535897730391
122150,122.1500000002192,-44434.36387775945,17327.60069909061,297.8889856088642
122200,122.20000000021943,-44348.889619799236,17223.383221898494,296.0973215982142
122250,122.25000000021967,-44541.27553712133,17311.655890770606,297.61486902119236
122300,122.30000000021991,-44767.74081590807,17526.09797403253,301.3014691318528
122350,122.35000000022015,-44444.7037470059,17077.451815911892,293.58852887770183
122400,122.40000000022039,-44659.871302602056,17438.26556049192,299.791490397488
122450,122.45000000022063,-44545.81113231612,17290.151789638843,297.24517935764266
122500,122.50000000022087,-44696.75386047633,17345.26329604781,298.19263371238236
122550,122.5500000002211,-44702.480513221846,17391.380843658688,298.9854676260409
122600,122.60000000022134,-44370.31905160284,17135.268825657466,294.5824951332233
122650,122.65000000022158,-44448.92250616275,17056.919049992404,293.2355380096804
122700,122.70000000022182,-44435.08410158697,17141.989388289127,294.6980322822973
122750,122.75000000022206,-44507.06651838836,17335.023215578403,298.01659045996917
122800,122.8000000002223,-44404.74070569223,17289.72310538515,297.2378095942405
122850,122.85000000022254,-44369.93480199114,17386.47629828578,298.90115069888054
122900,122.90000000022278,-44295.64487482148,17398.10458781162,299.1010594705203
122950,122.95000000022301,-44292.966185206744,17296.766261913035,297.3588926449185
123000,123.00000000022325,-44250.89466692848,17286.526179258504,297.1828493549396
123050,123.05000000022349,-44359.52777407247,17434.316065433224,299.72359230258536
123100,123.10000000022373,-44554.42926495588,17644.59597363012,303.3386380111344
123150,123.15000000022397,-44489.57266232966,17519.71905349605,301.191805353186
123200,123.20000000022421,-44814.63408949884,17710.581190242312,304.4730287201042
123250,123.25000000022445,-44691.32827580358,17787.81109674065,305.8007335134553
123300,123.30000000022468,-44439.93153560265,17598.497889448594,302.54613870474935
123350,123.35000000022492,-44661.22673081921,17566.969976455744,302.0041237897647
123400,123.40000000022516,-44571.90882978153,17450.281148265138,299.99805744132846
123450,123.4500000002254,-44537.489441409736,17485.424713494725,300.6022311627064
123500,123.50000000022564,-44265.44411180837,17226.76506796102,296.15546090500834
123550,123.55000000022588,-44511.67022499988,17517.99208881922,301.16211608663974
123600,123.60000000022612,-44609.74907881518,17751.162013223697,305.17067754079363
123650,123.65000000022636,-44308.36521537165,17432.133540083894,299.68607122429717
123700,123.7000000002266,-44580.324277685446,17773.463613351916,305.5540774791358
123750,123.75000000022683,-44221.68324464034,17449.559535238604,299.9856517669244
123800,123.80000000022707,-44374.5570745062,17674.805312916647,303.85798454919546
123850,123.85000000022731,-44209.606464614844,17445.628161900826,299.9180652131956
123900,123.90000000022755,-44565.56887528955,17771.221090756975,305.51552495287365
123950,123.95000000022779,-44447.0172900003,17564.364669790564,301.95933442895426
124000,124.00000000022803,-44393.218029091586,17690.40664526322,304.1261962391793
124050,124.05000000022827,-44340.356790303005,17948.138158198384,308.5570104229181
124100,124.1000000002285,-44077.21872289923,17782.746684821203,305.71366822636867
124150,124.15000000022874,-44109.613920350246,17634.724351027613,303.16892913484844
124200,124.20000000022898,-44269.46008613474,17746.742010830345,305.09469067727974
124250,124.25000000022922,-44160.606071710725,17511.931150031218,301.0579189194295
124300,124.30000000022946,-44044.207874741354,17362.203566320113,298.4838638725753
124350,124.3500000002297,-44541.556641016956,17663.844874136663,303.66955719293895
124400,124.40000000022994,-44453.65685015835,17535.450669921796,301.4622568334824
124450,124.45000000023018,-44326.913522243645,17490.617521079457,300.69150377527063
124500,124.50000000023041,-44145.29928825362,17323.321772834825,297.8154240682928
124550,124.55000000023065,-44410.628468881216,17410.2605400454,299.31003960244476
124600,124.60000000023089,-44462.51328936091,17496.80207141623,300.7978260213947
124650,124.65000000023113,-44385.08181319696,17477.970603047324,300.4740831612402
124700,124.70000000023137,-44364.16130430235,17435.172687375358,299.73831899474686
124750,124.75000000023161,-44507.70230364526,17567.766560211694,302.01781833011876
124800,124.80000000023185,-44480.99283372099,17795.344802482414,305.93024988449037
124850,124.85000000023209,-44391.94886465764,17625.405551649605,303.0087241681012
124900,124.90000000023232,-44404.02675718995,17702.292906809176,304.3305399597033
124950,124.95000000023256,-44455.5835027679,17777.142467108082,305.61732282006085
125000,125.0000000002328,-44348.37904277614,17661.79323717917,303.63428629405814
125050,125.05000000023304,-44382.713753489836,17558.346812055282,301.85587789348625
125100,125.10000000023328,-44274.87552438822,17472.13565698312,300.37377116800275
125150,125.15000000023352,-44219.669170554254,17373.123176568497,298.6715893215064
125200,125.20000000023376,-44345.09311843125,17596.43227812662,302.510627564341
125250,125.250000000234,-44521.96128488003,17721.597153623556,304.6624106324722
125300,125.30000000023423,-44264.774019441276,17520.505311128698,301.2053223710746
125350,125.35000000023447,-44288.819741833664,17536.77811581478,301.4850777373905
125400,125.40000000023471,-44543.99334820491,17647.95551024454,303.39639378307106
125450,125.45000000023495,-44476.69939067873,17603.408383225556,302.630557894426
125500,125.50000000023519,-44315.21511633303,17461.054663986673,300.1832712932322
125550,125.55000000023543,-44292.56860188929,17414.70831700771,299.38650395492647
125600,125.60000000023567,-44357.3977744051,17368.38131151196,298.59006912744627
125650,125.6500000002359,-44445.33331032467,17322.295633124795,297.7977830963763
125700,125.70000000023614,-44513.29305330028,17429.302958690085,299.6374090329916
125750,125.75000000023638,-44467.0186091797,17391.1241891597,298.981055327438
125800,125.80000000023662,-44229.62448043213,17194.373950272067,295.5986061298631
125850,125.85000000023686,-44232.50087673526,17185.555004403876,295.4469944391024
125900,125.9000000002371,-44232.11289397927,17106.809941886917,294.09324170655503
125950,125.95000000023734,-44381.8471509558,17505.342451524186,300.9446487241597
126000,126.00000000023758,-44439.925633098675,17589.19063617231,302.3861322338348
126050,126.05000000023782,-44453.64058910568,17641.056971494,303.2777969417501
126100,126.10000000023805,-44624.498917559045,17702.33116478359,304.3311976750666
126150,126.1500000002383,-44329.69115586825,17317.241229024767,297.7108898596055
126200,126.20000000023853,-44331.63967854099,17171.17182243981,295.19972468955604
126250,126.25000000023877,-44431.2386055751,17248.210561196585,296.52414300570797
126300,126.30000000023901,-44533.72336261922,17417.096942755965,299.42756822651853
126350,126.35000000023925,-44614.107741824795,17516.532669418983,301.13702634846624
126400,126.40000000023949,-44353.258360198786,17172.741711730956,295.2267135806656
126450,126.45000000023973,-44357.2999060432,17326.162192985852,297.8642554034665
126500,126.50000000023996,-44396.55531962297,17396.065738274385,299.06600840770994
126550,126.5500000002402,-44357.236004628176,17316.8421344203,297.7040287892848
126600,126.60000000024044,-44308.89351469166,17301.252629744806,297.4360204357583
126650,126.65000000024068,-44063.988650700645,17037.215112814658,292.8967960245487
126700,126.70000000024092,-44508.001130286575,17434.618979611358,299.7287998785688
126750,126.75000000024116,-44460.40901739431,17531.511370325286,301.39453401477294
126800,126.8000000002414,-44393.4772492627,17543.177198536214,301.5950881360497
126850,126.85000000024164,-44446.32382096106,17624.261072697496,302.98904875659935
126900,126.90000000024187,-44110.1225978829,17317.98160705285,297.7236181341995
126950,126.95000000024211,-44348.37557650292,17751.180087671888,305.1709882692742
127000,127.00000000024235,-44075.34610346146,17462.123589596726,300.2016478227472
127050,127.05000000024259,-44234.316937458054,17632.038427154515,303.1227538361516
127100,127.10000000024283,-44462.110594776925,17755.891283289704,305.251981206956
127150,127.15000000024307,-44136.97370743858,17283.047580357153,297.1230467131279
127200,127.2000000002433,-44301.06500434737,17480.35012918032,300.5149909959888
127250,127.25000000024355,-44466.94709760614,17576.357412242323,302.16550872542285
127300,127.30000000024378,-44309.84789542887,17296.42119410053,297.3529603809878
127350,127.35000000024402,-44394.6598717383,17216.074043125624,295.97166520249647
127400,127.40000000024426,-44657.488498615465,17471.25953855021,300.3587093001894
127450,127.4500000002445,-44656.141364309966,17532.295649684216,301.4080170229933
127500,127.50000000024474,-44581.992662188015,17548.299518942687,301.6831489620317
127550,127.55000000024498,-44351.232470562216,17280.938871177073,297.0867946520661
127600,127.60000000024522,-44409.80901021774,17198.602830804386,295.6713073049369
127650,127.65000000024546,-44527.18407015438,17354.060252455216,298.3438673693759
127700,127.7000000002457,-44080.64576017989,16859.419523637705,289.84020737010025
127750,127.75000000024593,-44472.8641938696,17314.5822719426,297.6651781628888
127800,127.80000000024617,-44521.6023757026,17533.18427314207,301.42329387205314
127850,127.85000000024641,-44171.79008285524,17196.768683306942,295.63977539541526
127900,127.90000000024665,-44504.32962595395,17482.97075807164,300.5600437702101
127950,127.95000000024689,-44534.99481257327,17531.098260513016,301.38743200076306
128000,128.00000000024713,-44301.50479451497,17183.072552863854,295.4043171530821
128050,128.05000000024737,-44413.267423060875,17341.74512361147,298.13215073863086
128100,128.1000000002476,-44212.369037952594,17116.782358406694,294.26468339041736
128150,128.15000000024784,-44343.22242937297,17216.35708498095,295.9765311416782
128200,128.20000000024808,-44461.14194593743,17333.838464858905,297.9962227128032
128250,128.25000000024832,-44441.10256282006,17401.716256239608,299.1631497889119
128300,128.30000000024856,-44628.018495847224,17582.394202022857,302.2692907328274
128350,128.3500000002488,-44468.96014446012,17388.504852048405,298.93602476096777
128400,128.40000000024904,-44377.568106876555,17286.994820811444,297.1909060477988
128450,128.45000000024928,-44499.99444167235,17457.34406774489,300.11948024854786
128500,128.5000000002495,-44455.09093077333,17481.195604798613,300.5295260651345
128550,128.55000000024975,-44360.15577677152,17334.33405263304,298.0047426540162
128600,128.60000000025,-44319.15584145454,17253.935554576037,296.6225647376048
128650,128.65000000025023,-44101.95854880596,17095.644854995462,293.90129612412335
128700,128.70000000025047,-44365.19007587425,17298.927603534252,297.39604954126435
128750,128.7500000002507,-44472.099787838044,17661.883774463877,303.6358427738253
128800,128.80000000025095,-44001.453949063034,17155.61226955376,294.9322312548766
128850,128.85000000025119,-44235.30421805426,17431.938850435665,299.6827241999268
128900,128.90000000025142,-44553.1458984801,17799.710301461142,306.00529974771337
128950,128.95000000025166,-44177.51283751095,17549.152199655655,301.69780789820203
129000,129.0000000002519,-44351.85752065177,17484.099545833094,300.5794494252149
129050,129.05000000025214,-44498.754183130266,17727.13038275957,304.7575356323549
129100,129.10000000025238,-44363.65075991281,17727.094977228546,304.75692695502534
129150,129.15000000025262,-44583.343304331625,17932.11712681535,308.2815834396918
129200,129.20000000025286,-44215.78277417492,17512.98319826906,301.0760053001018
129250,129.2500000002531,-44351.32842566862,17483.273432012444,300.5652472161321
129300,129.30000000025333,-44365.93322532993,17576.41428300824,302.16648642424354
129350,129.35000000025357,-44267.07045336194,17500.98160656204,300.8696788708759
129400,129.4000000002538,-44332.18330045461,17336.81726507067,298.0474330210752
129450,129.45000000025405,-44346.811521999414,17286.975937495023,297.19058141358823
129500,129.5000000002543,-44302.79831307313,17134.756302164933,294.5736840401041
129550,129.55000000025453,-44398.41700862505,17278.48040622698,297.0445297336359
129600,129.60000000025477,-44395.47107197138,17187.137706099682,295.474203595804
129650,129.650000000255,-44464.15032142524,17268.740480197255,296.8770849306718
129700,129.70000000025524,-44493.46315731217,17573.917754442522,302.1235671317864
129750,129.75000000025548,-44270.90511582991,17392.0693270456,298.9973037493044
129800,129.80000000025572,-44104.58621605838,17296.955531713913,297.362146493502
129850,129.85000000025596,-44339.511266895766,17435.21001352652,299.7389606905881
129900,129.9000000002562,-44213.010444221414,17314.707847178583,297.66733700070574
129950,129.95000000025644,-44446.89735676783,17547.700619709904,301.6728529327063
130000,130.00000000025668,-44289.08312788433,17372.526207387462,298.661326472837
130050,130.05000000025692,-44442.40139673255,17702.855055821536,304.3402041943519
130100,130.10000000025715,-44213.97697655694,17495.96517346519,300.783438415977
130150,130.1500000002574,-44163.53474440782,17382.73921409869,298.83690428433306
130200,130.20000000025763,-44194.43253248822,17468.04137797161,300.30338400692267
130250,130.25000000025787,-44307.774541546954,17524.524112435112,301.2744119504873
130300,130.3000000002581,-44434.553927193556,17738.314757388427,304.94981280163637
130350,130.35000000025835,-44226.92599727755,17519.887367067156,301.19469893088507
130400,130.4000000002586,-44179.84387428472,17504.27494604667,300.92629660897927
130450,130.45000000025883,-44065.7388951138,17415.697098846154,299.4035026856773
130500,130.50000000025906,-44041.57925630499,17372.023244227647,298.65267973702646
130550,130.5500000002593,-44409.521097195975,17776.418827902213,305.60488231241493
130600,130.60000000025954,-44433.76267979482,17733.069866138274,304.8596447881145
130650,130.65000000025978,-44360.93784856308,17734.209260540072,304.8792327881183
130700,130.70000000026002,-44244.11369122085,17600.671941318666,302.5835141104667
130750,130.75000000026026,-44353.39067114031,17542.292473822195,301.57987831259067
130800,130.8000000002605,-44416.10404150342,17633.065616073527,303.1404128456375
130850,130.85000000026074,-44518.80654863149,17648.999961750862,303.41434956385905
130900,130.90000000026097,-44706.707910402096,17731.683105536526,304.83580417012524
130950,130.9500000002612,-44376.22745076034,17525.807241001585,301.2964709691426
131000,131.00000000026145,-44418.13844257268,17640.93043384673,303.2756215585542
131050,131.0500000002617,-44447.32769740398,17620.975887646393,302.93257120616374
131100,131.10000000026193,-44523.58986010475,17525.328308078,301.28823735127133
131150,131.15000000026217,-44513.76276899242,17394.158907982513,299.0332269654758
131200,131.2000000002624,-44495.72030542502,17450.199361778057,299.99665140167554
131250,131.25000000026265,-44550.677633787935,17458.364221889795,300.1370183190902
131300,131.30000000026288,-44467.77665931601,17260.437735663105,296.734347560969
131350,131.35000000026312,-44518.57281574937,17402.463524661907,299.1759965203297
131400,131.40000000026336,-44344.28661378649,17389.056182314613,298.94550300418143
131450,131.4500000002636,-44492.87414220568,17453.1517623226,300.04740785772486
131500,131.50000000026384,-44289.84409084359,17288.12512720746,297.21033781054444
131550,131.55000000026408,-44067.54967482936,17110.105513460076,294.14989781780656
131600,131.60000000026432,-44316.7252844845,17485.36268697523,300.6011648282903
131650,131.65000000026455,-44288.57207337931,17628.2880215155,303.0582784046807
131700,131.7000000002648,-44091.86704728547,17379.668681945186,298.7841169582416
131750,131.75000000026503,-44159.584702330045,17350.4405295791,298.2816385822243
131800,131.80000000026527,-44336.24908321202,17536.924905276534,301.48760128145284
131850,131.8500000002655,-44380.84654430491,17318.220244041666,297.7277206831768
131900,131.90000000026575,-44527.86201506195,17635.826494953348,303.1878767399863
131950,131.950000000266,-44422.99102353372,17555.7424857907,301.81110538731974
132000,132.00000000026623,-44435.4498783521,17598.64697003269,302.54870163684484
132050,132.05000000026646,-44501.21845749466,17588.155870163886,302.36834296214363
132100,132.1000000002667,-44428.79480418377,17565.15798556383,301.9729727874939
132150,132.15000000026694,-44603.25386867157,17655.057074942113,303.5184809629832
132200,132.20000000026718,-44520.059565629235,17566.512642564514,301.9962614935756
132250,132.25000000026742,-44557.26248881305,17327.7986664179,297.89238898174506
132300,132.30000000026766,-44784.76726830382,17591.042600796878,302.4179704480791
132350,132.3500000002679,-44483.73402688505,17331.59726896735,297.95769299468014
132400,132.40000000026814,-44637.02681238508,17361.543010991623,298.47250787700733
132450,132.45000000026837,-44650.61190855506,17387.358253344966,298.9163129075727
132500,132.5000000002686,-44803.60866831506,17627.322124531507,303.0416731009367
132550,132.55000000026885,-44544.41982357377,17513.3049799859,301.0815372390518
132600,132.6000000002691,-44417.37780624092,17416.29616979239,299.41380166702976
132650,132.65000000026933,-44413.438523790304,17246.692019565333,296.4980368624516
132700,132.70000000026957,-44344.63454928622,17010.70619866391,292.44106567370017
132750,132.7500000002698,-44644.13549331834,17209.411557934574,295.8571264968983
132800,132.80000000027005,-44632.89656112695,17095.93061879512,293.90620885785273
132850,132.85000000027028,-44435.268011978456,17026.868743709078,292.71892550161135
132900,132.90000000027052,-44586.87926525323,17239.69552555089,296.3777560145158
132950,132.95000000027076,-44398.834856674155,17177.289628157432,295.304899489635
133000,133.000000000271,-44572.53015221374,17305.926248083553,297.51636736031116
133050,133.05000000027124,-44627.93088575938,17298.90185373702,297.39560686133945
133100,133.10000000027148,-44574.030765119955,17342.24631629343,298.14076703711424
133150,133.15000000027172,-44709.10931072963,17476.935093188808,300.4562811015841
133200,133.20000000027196,-44900.779762756916,17631.850914545856,303.1195301964941
133250,133.2500000002722,-44696.97030228736,17547.882502106615,301.67597978007524
133300,133.30000000027243,-44422.84396041792,17135.553999826167,294.58739773025974
133350,133.35000000027267,-44502.21397093307,17110.92186598268,294.1639322146674
133400,133.4000000002729,-44583.92686127182,17272.646306105387,296.9442322834959
133450,133.45000000027315,-44731.546806331695,17553.370379707263,301.7703251150118
133500,133.5000000002734,-44383.80744833752,17305.651234918143,297.5116394470648
133550,133.55000000027363,-44371.979562547414,17482.69026417122,300.55522163442123
133600,133.60000000027387,-44161.21063495706,17272.462704112153,296.9410758735307
133650,133.6500000002741,-44412.74631702802,17655.613769670712,303.5280514298283
133700,133.70000000027434,-44259.16476267074,17545.090840243847,301.62798667734256
133750,133.75000000027458,-44250.14108462306,17520.734263058224,301.2092584184954
133800,133.80000000027482,-43822.96538354324,16995.365182634003,292.1773292347829
133850,133.85000000027506,-44089.332333900406,17159.10681590838,294.99230805874686
133900,133.9000000002753,-44425.86643648822,17415.258100284456,299.39595560293355
133950,133.95000000027554,-44499.5656576693,17595.72250324238,302.49842540641106
134000,134.00000000027578,-44416.21296800713,17593.558539855927,302.4612234377554
134050,134.05000000027601,-44262.57562710415,17382.556252493127,298.83375888364935
134100,134.10000000027625,-44149.873823482616,17206.429941463226,295.80586777264966
134150,134.1500000002765,-44380.13524246185,17496.780131402353,300.7974488376985
134200,134.20000000027673,-44565.11456638295,17617.137453111212,302.8665824181101
134250,134.25000000027697,-44493.75863820857,17518.62830818571,301.17305370835663
134300,134.3000000002772,-44333.53474496357,17479.496886795736,300.5003224037909
134350,134.35000000027745,-44333.58317777015,17213.020788821388,295.9191749100844
134400,134.40000000027769,-44659.854090254754,17254.88786412461,296.63893645174664
134450,134.45000000027792,-44754.190321670496,17499.936570810987,300.85171304599265
134500,134.50000000027816,-44408.99938150278,17181.806718221484,295.38255544445826
134550,134.5500000002784,-44351.24751995472,17169.61961075434,295.1730397045737
134600,134.60000000027864,-44565.710738063404,17461.800046584063,300.1960856043237
134650,134.65000000027888,-44453.30657370194,17397.342680035512,299.087961065352
134700,134.70000000027912,-44412.14132240061,17249.939970235642,296.55387429472444
134750,134.75000000027936,-44543.76862954124,17412.59551505356,299.35018153257585
134800,134.8000000002796,-44416.84746359466,17384.610712786955,298.8690783201674
134850,134.85000000027983,-44270.22643358023,17393.164271041514,299.0161275762096
134900,134.90000000028007,-44277.87462410998,17460.32021440807,300.1706449381038
134950,134.9500000002803,-44480.0833487822,17617.6843101005,302.87598375858653
135000,135.00000000028055,-44193.30626128732,17152.81889582033,294.8842087223675
135050,135.0500000002808,-44484.10010778511,17349.25888772919,298.2613242814659
135100,135.10000000028103,-44334.990326237006,17350.82263265866,298.28820754123626
135150,135.15000000028127,-44250.13835876073,17336.59503393952,298.0436125148564
135200,135.2000000002815,-44363.56322893467,17441.22937663977,299.8424431058951
135250,135.25000000028174,-44334.49897267442,17474.121991524615,300.40791941460196
135300,135.30000000028198,-44359.037411195175,17383.38963833605,298.84808611034856
135350,135.35000000028222,-44472.03204231491,17412.449701337886,299.34767476313885
135400,135.40000000028246,-44341.94210541634,17423.894337347927,299.54442623905857
135450,135.4500000002827,-44522.237422942766,17486.048016132,300.6129467253264
135500,135.50000000028294,-44287.633900155095,17303.199580284047,297.4694916087866
135550,135.55000000028318,-44433.21423511286,17551.345158867032,301.73550835115594
135600,135.60000000028342,-44531.37642747824,17613.393073990483,302.8022105920634
135650,135.65000000028365,-44406.38544586451,17396.66246553131,299.07626709731954
135700,135.7000000002839,-44288.19058965462,17152.402729809135,294.87705416744245
135750,135.75000000028413,-44394.56059000712,17235.128321064905,296.2992385131591
135800,135.80000000028437,-44517.2025482102,17220.496951611272,296.047702026354
135850,135.8500000002846,-44455.13713111687,17170.3111818382,295.1849289102534
135900,135.90000000028485,-44462.71175807913,17052.95614545377,293.16740938451295
135950,135.9500000002851,-44413.493877261484,16910.3175899804,290.71522599590884
136000,136.00000000028533,-44426.6553629096,16840.60557737828,289.5167657428463
136050,136.05000000028556,-44675.05768953577,17137.648761591412,294.62341001310125
136100,136.1000000002858,-44563.55151617746,17211.062621925314,295.8855109100619
136150,136.15000000028604,-44303.66554423727,16961.04388466925,291.58729159408193
136200,136.20000000028628,-44666.07388183006,17146.786871303306,294.7805086374135
136250,136.25000000028652,-44700.13324847915,17331.824244604053,297.9615950664874
136300,136.30000000028676,-44548.8064082216,17287.959244886446,297.20748602989715
136350,136.350000000287,-44359.12596023177,17252.03284000231,296.5898540511045
136400,136.40000000028724,-44384.13640554545,17256.6093013298,296.6685306922737
136450,136.45000000028747,-44118.97297011971,16896.68995218789,290.4809452510583
136500,136.5000000002877,-44384.01324152433,17250.619418660168,296.5655550926301
136550,136.55000000028795,-44701.58740959992,17727.756421818394,304.7682982384089
136600,136.6000000002882,-44270.0722339479,17247.810300200614,296.5172618832641
136650,136.65000000028843,-44377.79109732022,17307.509014783896,297.5435776345441
136700,136.70000000028867,-44412.92984065498,17291.10708648033,297.26160242809584
136750,136.7500000002889,-44376.378506554465,17261.877334370856,296.75909654994814
136800,136.80000000028915,-44433.72027428134,17321.964173197113,297.7920847736055
136850,136.85000000028938,-44344.736384854295,17308.22233831191,297.55584079929844
136900,136.90000000028962,-44375.496127156744,17297.210191423623,297.36652449850794
136950,136.95000000028986,-44371.21788455421,17306.01549765091,297.5179017021712
137000,137.0000000002901,-44191.93012983758,17074.473803003388,293.53733210442374
137050,137.05000000029034,-44410.38443663427,17206.473505730457,295.806616711617
137100,137.10000000029058,-44520.069893073116,17325.163190839183,297.8470809693795
137150,137.15000000029082,-44447.37096212938,17324.094269310634,297.828704510032
137200,137.20000000029106,-44514.20371891877,17402.250485180484,299.17233403317306
137250,137.2500000002913,-44601.45642125027,17317.769685688174,297.7199748692462
137300,137.30000000029153,-44772.44304824398,17530.505518667316,301.3772418267044
137350,137.35000000029177,-44683.1944122436,17677.243890076064,303.8999075649068
137400,137.400000000292,-44258.264426748065,17376.78851739321,298.7346023536709
137450,137.45000000029225,-44346.912587583705,17340.151446499967,298.104752897096
137500,137.5000000002925,-44300.27435968045,17179.906906198587,295.3498946574182
137550,137.55000000029273,-44396.20865385464,17157.00164355089,294.95611680128457
137600,137.60000000029297,-44361.506304164075,17233.10431818512,296.2644426879783
137650,137.6500000002932,-44259.72017432675,17304.886355708783,297.4984899582379
137700,137.70000000029344,-44221.15150805903,17292.141102892776,297.2793788130412
137750,137.75000000029368,-44339.2497591223,17281.593866895935,297.09805506911164
137800,137.80000000029392,-44435.00439303336,17319.780061435064,297.7545364223621
137850,137.85000000029416,-44313.76293342875,17211.4857403116,295.89278498736036
137900,137.9000000002944,-44484.585004526496,17485.99422167369,300.61202191312094
137950,137.95000000029464,-44438.14924550631,17432.15603341609,299.6864579204144
138000,138.00000000029488,-44642.01604418242,17640.475306048756,303.26779718861314
138050,138.0500000002951,-44319.71981449143,17323.998911920364,297.82706516499223
138100,138.10000000029535,-44292.27391128226,17196.503928646056,295.6352238421601
138150,138.1500000002956,-44459.687362516444,17429.196782639403,299.63558369799097
138200,138.20000000029583,-44400.34506182432,17270.678248299962,296.91039824302726
138250,138.25000000029607,-44691.87637737942,17566.04682945875,301.98825342621717
138300,138.3000000002963,-44458.986296836025,17383.17346193965,298.8443696946396
138350,138.35000000029655,-44291.74706520294,17186.374795763306,295.4610879550318
138400,138.40000000029679,-44372.875983032325,17269.704344054637,296.8936552817392
138450,138.45000000029702,-44843.336612487656,17776.33039787485,305.60336205974954
138500,138.50000000029726,-44730.99415524551,17714.074655850134,304.5330869442199
138550,138.5500000002975,-44511.42612757105,17663.726134090568,303.66751586289587
138600,138.60000000029774,-44287.29674824251,17390.248120607634,298.9659943171556
138650,138.65000000029798,-44403.122853531415,17339.8343042763,298.0993007184048
138700,138.70000000029822,-44516.4077034558,17448.71254000568,299.97109057318886
138750,138.75000000029846,-44423.71692095495,17219.628953633262,296.03277976206186
138800,138.8000000002987,-44467.60783592418,17334.967528376976,298.01563310850236
138850,138.85000000029893,-44267.11719811452,17162.69891465649,295.05406194324956
138900,138.90000000029917,-44391.08291217723,17262.753898622723,296.7741660820977
138950,138.9500000002994,-44365.41250408247,17198.564001161783,295.67063976168913
139000,139.00000000029965,-44596.7930545614,17436.419246630976,299.7597493288483
139050,139.0500000002999,-44475.36099140486,17344.92837765322,298.18687593307067
139100,139.10000000030013,-44331.3769416046,17299.008753981954,297.39744464638983
139150,139.15000000030037,-44666.914559968194,17598.938188657427,302.55370814768384
139200,139.2000000003006,-44682.95832389894,17526.361372579668,301.3059973713581
139250,139.25000000030084,-44457.20126378021,17424.152612630107,299.54886640149954
139300,139.30000000030108,-44657.08936169206,17609.642245393366,302.7377278892708
139350,139.35000000030132,-44303.21066798075,17371.046554430428,298.6358888876757
139400,139.40000000030156,-44486.566227057396,17517.332879221954,301.15078322632957
139450,139.4500000003018,-44547.63082452076,17723.510148517857,304.6952980540163
139500,139.50000000030204,-44449.247337139066,17510.691280337327,301.0366035895223
139550,139.55000000030228,-44454.918739974004,17468.100687685863,300.3044036351402
139600,139.60000000030251,-44606.68965081317,17688.871775566793,304.09980939054105
139650,139.65000000030275,-44292.829575064185,17341.85708752302,298.1340755761555
139700,139.700000000303,-44213.467380637965,17259.66022039894,296.7209808382842
139750,139.75000000030323,-44416.37119996665,17482.093324130143,300.54495928671406
139800,139.80000000030347,-44211.79246704158,17355.50954724405,298.3687830493937
139850,139.8500000003037,-44328.147517449936,17370.8986136676,298.6333455509187
139900,139.90000000030395,-44247.9504455739,17344.396490633975,298.1777319501631
139950,139.9500000003042,-44009.406312351144,17016.662408220007,292.5434623790232
140000,140.00000000030442,-44148.11345413577,17222.833510925826,296.0878711932291
140050,140.05000000030466,-44237.31757767476,17483.169449039586,300.5634595836235
140100,140.1000000003049,-44192.748754524386,17567.865749703808,302.0195235550776
140150,140.15000000030514,-44022.64781572765,17265.992313199364,296.8298395737697
140200,140.20000000030538,-44098.28080726104,17310.736691042635,297.59906651747065
140250,140.25000000030562,-44157.69023385947,17237.10408250324,296.3332049913168
140300,140.30000000030586,-44317.71912088487,17437.109225033168,299.7716111537997
140350,140.3500000003061,-44022.62345583047,17188.399401084593,295.49589413713915
140400,140.40000000030633,-44229.40279298977,17359.380275910426,298.4353270248705
140450,140.45000000030657,-44164.15699379313,17505.341937549398,300.94463988811646
140500,140.5000000003068,-44213.34208044095,17527.702118018635,301.32904691559156
140550,140.55000000030705,-44149.34355594477,17358.151596493226,298.4142040735985
140600,140.6000000003073,-44288.529167994784,17597.724870835216,302.5328492866357
140650,140.65000000030753,-44252.84104281993,17494.678792657767,300.76132348613277
140700,140.70000000030777,-44375.95564085071,17555.216549528985,301.8020637073885
140750,140.750000000308,-44395.71963016532,17670.70543422126,303.78750112065296
140800,140.80000000030824,-44258.14399219332,17448.80103110423,299.9726118757651
140850,140.85000000030848,-44500.15264591212,17605.153071692082,302.6605518610762
140900,140.90000000030872,-44466.24517736114,17528.84783350712,301.34874358511826
140950,140.95000000030896,-44390.08325211005,17409.045678307113,299.2891541990264
141000,141.0000000003092,-44729.649795287725,17829.16899516872,306.5117414956683
141050,141.05000000030944,-44531.09103177076,17529.091962843595,301.35294055627793
141100,141.10000000030968,-44132.640362644874,17205.704617880554,295.79339830789036
141150,141.15000000030992,-44429.03452061968,17339.199833709372,298.0883931613307
141200,141.20000000031015,-44203.53174905126,17122.233712478857,294.35840082787166
141250,141.2500000003104,-44373.558937776936,17233.90049307748,296.2781301993176
141300,141.30000000031063,-44181.8813793265,17053.235290833232,293.1722083370841
141350,141.35000000031087,-44369.039929316874,17165.291364416848,295.0986302734395
141400,141.4000000003111,-44510.64347481667,17430.895191367097,299.66478204240275
141450,141.45000000031135,-44258.122808914864,17020.56505177541,292.61055502214793
141500,141.5000000003116,-44290.9867623872,17292.48616961855,297.2853110582893
141550,141.55000000031183,-44500.439115227025,17511.822357010427,301.05604859455485
141600,141.60000000031206,-44253.63491445861,17364.157495268282,298.51745501554024
141650,141.6500000003123,-44416.09969649857,17576.48025473881,302.1676205831061
141700,141.70000000031254,-44319.965224982625,17514.71068129299,301.10570347785824
141750,141.75000000031278,-44337.56533683073,17356.19132925578,298.38050396537085
141800,141.80000000031302,-44192.78758975759,17218.0049155341,296.0048599669124
141850,141.85000000031326,-44380.94259002352,17469.877084110693,300.33494271197037
141900,141.9000000003135,-44136.761580877406,17319.13213439948,297.74339752721266
141950,141.95000000031374,-44226.867544415945,17451.55803307042,300.02000911980895
142000,142.00000000031397,-44334.078546490004,17391.611001734913,298.9894244090397
142050,142.0500000003142,-44520.397614911155,17760.607597754322,305.33306214574696
142100,142.10000000031445,-44271.84488359537,17525.08065661481,301.2839798291576
142150,142.1500000003147,-44471.59482873973,17606.25889195581,302.679562668305
142200,142.20000000031493,-44229.060860021746,17256.116481038098,296.66005832848066
142250,142.25000000031517,-44290.196732068456,17517.756729814697,301.1580698914204
142300,142.3000000003154,-44469.666482775225,17844.44414518665,306.7743455931937
142350,142.35000000031565,-44206.8041761462,17557.498011456693,301.8412856626466
142400,142.40000000031588,-44278.11506215465,17487.463614788332,300.637283115291
142450,142.45000000031612,-44281.70577522805,17593.6432560024,302.46267984290785
142500,142.50000000031636,-44299.95462914265,17648.655267386643,303.4084237200977
142550,142.5500000003166,-44287.66682744564,17700.931071132203,304.30712784077093
142600,142.60000000031684,-44257.20506121921,17651.80075061391,303.4624995742273
142650,142.65000000031708,-44477.83777373575,17713.251396755742,304.51893381241706
142700,142.70000000031732,-44103.12666042223,17331.287479269973,297.9523672175973
142750,142.75000000031756,-44487.243134979086,17557.74136674783,301.8454693267371
142800,142.8000000003178,-44566.06318172137,17817.62864833677,306.31334459865735
142850,142.85000000031803,-44169.911454789144,17463.712291150387,300.2289601265377
142900,142.90000000031827,-44227.687275327444,17400.20078366328,299.1370964075857
142950,142.9500000003185,-44502.59328022644,17691.29900193141,304.1415372680559
143000,143.00000000031875,-44466.317785133884,17613.649665333684,302.8066218049179
143050,143.050000000319,-44110.43732836576,17182.71789032829,295.3982199406182
143100,143.10000000031923,-44450.027466968444,17465.88309664626,300.2662797219249
143150,143.15000000031947,-44442.62377658831,17356.091601066026,298.3787894793437
143200,143.2000000003197,-44389.37123147949,17194.09894894384,295.59387842011665
143250,143.25000000031994,-44538.188118907885,17425.796390307267,299.5771255513564
143300,143.30000000032018,-44564.76277825644,17509.89394719352,301.02289616600035
143350,143.35000000032042,-44342.69709572139,17338.211200556205,298.071396986716
143400,143.40000000032066,-44469.96408474302,17394.935365998354,299.04657551238216
143450,143.4500000003209,-44464.17845498743,17284.796864559856,297.15311968778457
143500,143.50000000032114,-44675.12730167928,17470.384584726933,300.34366745386586
143550,143.55000000032138,-44875.46096874571,17581.522593406404,302.25430639592406
143600,143.60000000032161,-44562.002787064455,17332.24011864035,297.9687446019
143650,143.65000000032185,-44825.78067196292,17491.75916401468,300.7111304311364
143700,143.7000000003221,-44708.27204724658,17489.35484407705,300.6697963514945
143750,143.75000000032233,-44802.92777528062,17636.87745069627,303.20594433893524
143800,143.80000000032257,-44497.8785942326,17313.809630347852,297.65189522632454
143850,143.8500000003228,-44446.019561228626,17310.35586279289,297.59251947480857
143900,143.90000000032305,-44526.972908059455,17517.081181819387,301.14645614808984
143950,143.95000000032329,-44549.48344681515,17504.880127424636,300.93670063836123
144000,144.00000000032352,-44435.037882774,17509.464133184938,301.01550698031684
144050,144.05000000032376,-44352.8316681931,17523.699004316863,301.26022703102666
144100,144.100000000324,-44168.86969389278,17252.509666849775,296.59805146218116
144150,144.15000000032424,-44302.07828277422,17346.63416557002,298.216201137467
144200,144.20000000032448,-44347.004837764325,17689.65882683349,304.1133400522599
144250,144.25000000032472,-44134.44961408519,17550.73963465443,301.7250984279019
144300,144.30000000032496,-44064.57453804444,17317.10259444599,297.70850651093775
144350,144.3500000003252,-44368.76071372139,17659.61664655148,303.59686724306385
144400,144.40000000032543,-44199.22680972454,17594.127696550666,302.4710081455977
144450,144.45000000032567,-44318.06706699069,17665.739141760296,303.7021226629469
144500,144.5000000003259,-44046.00638867624,17394.56656297115,299.040235202401
144550,144.55000000032615,-44252.32288166124,17580.45614520608,302.23597245701836
144600,144.6000000003264,-44533.98509209657,17674.8415520515,303.85860755749934
144650,144.65000000032663,-44589.953610061166,17698.421693374163,304.2639876502833
144700,144.70000000032687,-44406.74207782594,17594.985583935977,302.4857565927379
144750,144.7500000003271,-44128.17616919652,17149.435178961336,294.82603725360974
144800,144.80000000032734,-44244.829702343326,17142.299662975718,294.7033663971153
144850,144.85000000032758,-44576.85245841886,17481.84530089766,300.54069537329553
144900,144.90000000032782,-44664.630813204756,17576.47826029457,302.16758629544086
144950,144.95000000032806,-44374.30434906986,17150.323626174384,294.8413110727413
145000,145.0000000003283,-44588.79049051613,17327.274972152583,297.88338584529396
145050,145.05000000032854,-44750.55093801244,17453.19975735673,300.0482329686148
145100,145.10000000032878,-44746.22528125767,17421.854822136596,299.50936373225295
145150,145.15000000032902,-44419.76258201877,17171.810618358144,295.2107066062927
145200,145.20000000032925,-44776.78779861112,17429.749969870776,299.6450938653862
145250,145.2500000003295,-44568.26201106434,17363.004469816216,298.49763267612565
145300,145.30000000032973,-44407.70470233274,17226.793862370596,296.15595592665665
145350,145.35000000032997,-44633.66999867286,17511.59340868855,301.0521126091553
145400,145.4000000003302,-44501.55042737697,17599.467402251146,302.56280617015915
145450,145.45000000033045,-44398.53151363311,17614.881552830557,302.8277999081764
145500,145.5000000003307,-44416.28586710834,17632.740364127843,303.13482124794035
145550,145.55000000033093,-44439.23935275938,17619.118785238934,302.9006446652689
145600,145.60000000033116,-44505.14932617248,17579.257833477954,302.21537157456885
145650,145.6500000003314,-44302.5181127332,17477.68696073066,300.4692068991741
145700,145.70000000033164,-44363.84493134226,17431.978078243486,299.68339858826727
145750,145.75000000033188,-44179.74246600602,17241.998331064533,296.41734489992615
145800,145.80000000033212,-44392.872579187984,17572.23628318074,302.09465996932346
145850,145.85000000033236,-44169.52830766981,17473.644218599908,300.3997057389545
145900,145.9000000003326,-44196.999040372335,17347.03069932899,298.2230181827851
145950,145.95000000033284,-44181.705223180856,17429.76479460453,299.6453487261125
146000,146.00000000033307,-44631.431005020604,17865.5241399777,307.1367441949386
146050,146.0500000003333,-44159.55663210666,17302.57655033201,297.45878073405913
146100,146.10000000033355,-44133.927195959724,17462.952452251942,300.21589728866337
146150,146.1500000003338,-44231.99684256893,17482.214452517983,300.54704167614625
146200,146.20000000033403,-44572.30353900136,17871.72086604878,307.2432757612799
146250,146.25000000033427,-44213.473069417625,17663.632197408017,303.6659009420789
146300,146.3000000003345,-44145.192073038466,17642.901115457087,303.30950070639824
146350,146.35000000033475,-44282.96897199108,17828.911601192915,306.5073164842841
146400,146.40000000033498,-44155.49742633386,17785.52620433543,305.76145258283856
146450,146.45000000033522,-43957.779709188726,17460.92244532181,300.180998244318
146500,146.50000000033546,-44174.11951387439,17609.213323837834,302.730354046273
146550,146.5500000003357,-44141.360039321764,17587.11941202706,302.3505246000769
146600,146.60000000033594,-44200.850776368046,17478.983854344482,300.4915025608627
146650,146.65000000033618,-44470.257852811796,17776.305980060162,305.6029422787207
146700,146.70000000033642,-44190.07909624386,17496.897408028024,300.7994650092195
146750,146.75000000033666,-44275.92885451815,17423.272449113512,299.5337349922709
146800,146.8000000003369,-44206.9889629746,17253.873360382877,296.6214955206121
146850,146.85000000033713,-44411.56112179048,17462.760184746076,300.21259190476843
146900,146.90000000033737,-44425.447862166904,17383.21784087018,298.8451326389634
146950,146.9500000003376,-44248.31046881243,17346.556089544516,298.2148588865437
147000,147.00000000033785,-44587.34811979558,17667.306342538148,303.72906533424157
147050,147.0500000003381,-44376.414970580605,17488.940942898746,300.66268073264524
147100,147.10000000033833,-44211.80411102075,17313.408570165742,297.64500036460123
147150,147.15000000033857,-44390.17241576607,17377.078193434536,298.73958234505017
147200,147.2000000003388,-44524.43998191438,17399.627375785123,299.1272386151463
147250,147.25000000033904,-44459.42537306322,17253.15653959196,296.6091722323521
147300,147.30000000033928,-44486.579794403406,17248.19450374877,296.5238669526684
147350,147.35000000033952,-44311.416023384285,17263.83959796078,296.7928309786467
147400,147.40000000033976,-44327.20352529454,17112.633457746942,294.19335719642265
147450,147.45000000034,-44552.91043797224,17471.96676884215,300.3708677125349
147500,147.50000000034024,-44285.16782625762,17290.247188175093,297.2468194100473
147550,147.55000000034048,-44585.681945416145,17619.34456767722,302.90452622409964
147600,147.6000000003407,-44385.80120911138,17332.49130896421,297.97306296265106
147650,147.65000000034095,-44428.579830135335,17274.553371485807,296.97701776727575
147700,147.7000000003412,-44659.09127108456,17494.841561711568,300.76412174477036
147750,147.75000000034143,-44487.91935012715,17515.71529491235,301.12297438207617
147800,147.80000000034167,-44405.36473283868,17525.300669544886,301.28776220097586
147850,147.8500000003419,-44336.93471384199,17501.258182105146,300.8744336438771
147900,147.90000000034215,-44299.765685620776,17350.713515063722,298.28633163641643
147950,147.95000000034238,-44462.71918937583,17494.216704657254,300.75337945925185
148000,148.00000000034262,-44374.61438210296,17427.70412659268,299.60992256905894
148050,148.05000000034286,-44486.45268491004,17506.7924959635,300.9695772918602
148100,148.1000000003431,-44372.86162961209,17430.814546335463,299.6633956261824
148150,148.15000000034334,-44189.78512035296,17158.057848291755,294.97427463884765
148200,148.20000000034358,-44327.095743154954,17361.46871950293,298.4712306882845
148250,148.25000000034382,-44519.08389351238,17549.03890539012,301.69586018977884
148300,148.30000000034406,-44297.73302838957,17324.355295608824,297.83319196680895
148350,148.3500000003443,-44400.58975244916,17425.307255775315,299.5687165516294
148400,148.40000000034453,-44435.05557241874,17380.506771050314,298.79852504149045
148450,148.45000000034477,-44387.29136669138,17326.410407183892,297.86852259988626
148500,148.500000000345,-44793.252738061004,17772.385458286466,305.53554228061915
148550,148.55000000034525,-44455.576830127044,17394.891973081383,299.04582951919804
148600,148.6000000003455,-44557.52872285126,17295.323917719477,297.3340964566765
148650,148.65000000034573,-44664.2284652089,17337.23586358858,298.0546293946553
148700,148.70000000034597,-44374.739473942216,17135.108732132234,294.5797428711726
148750,148.7500000003462,-44452.567131038726,17135.62341498758,294.5885910871693
148800,148.80000000034644,-44543.13357423773,17411.119044348095,299.32479865537493
148850,148.85000000034668,-44409.66078450414,17292.307449456974,297.2822385747664
148900,148.90000000034692,-44313.30382848119,17347.9248019095,298.2383892266684
148950,148.95000000034716,-44405.493821149095,17444.771857935288,299.903343987557
149000,149.0000000003474,-44332.84121266017,17463.7282417031,300.22923434188067
149050,149.05000000034764,-44332.88864301455,17396.96424006375,299.08145508098283
149100,149.10000000034788,-44409.41954407051,17412.889034956093,299.3552276060364
149150,149.15000000034811,-44385.53597048072,17367.60753057672,298.5767666038087
149200,149.20000000034835,-44347.382099898874,17412.415947035566,299.3470944730541
149250,149.2500000003486,-44357.644209616694,17402.981703922378,299.18490484508544
149300,149.30000000034883,-44298.344901555756,17386.26796269714,298.8975690791143
149350,149.35000000034907,-44582.05163813656,17645.32172072358,303.351114756717
149400,149.4000000003493,-44453.80542319342,17684.63269268372,304.0269328208486
149450,149.45000000034955,-44300.12052356344,17344.58441125822,298.18096260425676
149500,149.5000000003498,-44623.03771593227,17602.40401201185,302.6132911575464
149550,149.55000000035002,-44611.265149011524,17619.46593089271,302.9066126505923
149600,149.60000000035026,-44525.20647913945,17558.10533777414,301.85172656694607
149650,149.6500000003505,-44356.115333189126,17382.06568505737,298.8253252500293
149700,149.70000000035074,-44480.928499416535,17353.742787629715,298.33840964464656
149750,149.75000000035098,-44698.79478439395,17595.578727221833,302.4959536681907
149800,149.80000000035122,-44605.325706102165,17636.699425367173,303.20288380068655
149850,149.85000000035146,-44519.134755359235,17432.07787253205,299.68511421063795
149900,149.9000000003517,-44503.067960712055,17425.168851174458,299.56633715664736
149950,149.95000000035193,-44369.64115966422,17257.291852025777,296.6802648231543
150000,150.00000000035217,-44307.254376954224,17167.344814718603,295.1339323465891
150050,150.0500000003524,-44477.97471805205,17510.967214256365,301.0413473319864
150100,150.10000000035265,-44274.69505491108,17434.0581636966,299.719158561986
150150,150.1500000003529,-44226.38395831327,17354.29655750085,298.347929828545
150200,150.20000000035313,-44457.47616341285,17535.963035411667,301.47106521028473
150250,150.25000000035337,-44326.494264523775,17473.79094443261,300.40222818913236
150300,150.3000000003536,-44176.53543492082,17272.998189507336,296.9502817182376
150350,150.35000000035384,-44458.15784309736,17402.985782380878,299.1849749602668
150400,150.40000000035408,-44552.15990344002,17480.902718546244,300.5244908851271
150450,150.45000000035432,-44466.98183548844,17397.1755276107,299.0850874496025
150500,150.50000000035456,-44591.81069260341,17574.570694888156,302.1347922154198
150550,150.5500000003548,-44691.48546680888,17718.053214775286,304.6014846931628
150600,150.60000000035504,-44382.15732061612,17522.500832525802,301.2396285543176
150650,150.65000000035528,-44644.03570994859,17634.558577982058,303.1660792328199
150700,150.70000000035552,-44526.06860187826,17572.642903221695,302.10165041385363
150750,150.75000000035575,-44694.00705277202,17697.879629896608,304.2546687178894
150800,150.800000000356,-44731.5704791997,17840.299197990782,306.7030873655243
150850,150.85000000035623,-44640.67434489874,17738.03947464772,304.9450802539623
150900,150.90000000035647,-44333.869665344275,17620.512060594043,302.9245972822188
150950,150.9500000003567,-44422.63762192035,17795.165708713605,305.9271709780655
151000,151.00000000035695,-44377.842562397636,17809.21798033415,306.1687518530659
151050,151.0500000003572,-44532.5098115487,17742.802216335378,305.02695935047956
151100,151.10000000035743,-44341.53324973056,17605.672604140804,302.66948344928784
151150,151.15000000035766,-44229.68451205505,17565.934936062677,301.9863298009656
151200,151.2000000003579,-44238.05375166343,17454.83460074737,300.0763385238918
151250,151.25000000035814,-44268.69278799001,17688.468447106912,304.0928755335191
151300,151.30000000035838,-44338.794036973784,17524.403157678207,301.2723325460467
151350,151.35000000035862,-44213.27836807858,17352.22484946043,298.31231387586024
151400,151.40000000035886,-44747.94440125989,17859.417899388296,307.0317682177881
151450,151.4500000003591,-44270.35080101532,17312.717527362915,297.63312024091175
151500,151.50000000035934,-44450.627743252,17441.36700944902,299.8448092325531
151550,151.55000000035957,-44562.85911175841,17462.692458652764,300.2114275856232
151600,151.6000000003598,-44478.38687418846,17378.450367427486,298.7631721960594
151650,151.65000000036005,-44576.247476506855,17506.732067811994,300.96853843592936
151700,151.7000000003603,-44354.23846159023,17293.2801427674,297.29896071815966
151750,151.75000000036053,-44413.89514493683,17403.203930463744,299.18872527239864
151800,151.80000000036077,-44353.681682134455,17473.959600967097,300.4051276629168
151850,151.850000000361,-44474.4676734081,17679.292355288708,303.9351239364545
151900,151.90000000036125,-44410.943810051074,17590.866881625818,302.414949556351
151950,151.95000000036148,-44567.382883390455,17743.81880658551,305.0444361520086
152000,152.00000000036172,-44801.24778271706,17903.17275513493,307.7839837045237
152050,152.05000000036196,-44272.856125438426,17439.05404072193,299.8050456253565
152100,152.1000000003622,-44456.282915453114,17540.11413209828,301.5424291574701
152150,152.15000000036244,-44440.22762747951,17274.890771517465,296.98281820987137
152200,152.20000000036268,-44445.85782135857,17387.51560050098,298.9190179551732
152250,152.25000000036292,-44469.9938738621,17410.67510455777,299.3171666250605
152300,152.30000000036316,-44396.86031349936,17299.97045313074,297.4139777826773
152350,152.3500000003634,-44572.87799763537,17507.507624334146,300.9818714847269
152400,152.40000000036363,-44518.54251816872,17308.97531755057,297.56878570872266
152450,152.45000000036387,-44601.6315117921,17340.639026773755,298.1131351766559
152500,152.5000000003641,-44369.5783783552,17161.247725807752,295.0291137013329
152550,152.55000000036435,-44440.95915795017,17356.514072685255,298.38605243768893
152600,152.6000000003646,-44514.84707291276,17424.109520820868,299.54812558483576
152650,152.65000000036483,-44344.363113304214,17392.501881328128,299.0047400446508
152700,152.70000000036507,-44323.279838426475,17203.911128012838,295.7625653676194
152750,152.7500000003653,-44473.0998997261,17419.48485466605,299.4686202260984
152800,152.80000000036554,-44186.239510949075,17206.792684625627,295.8121039039272
152850,152.85000000036578,-44475.63315602348,17300.048545282687,297.41532031083983
152900,152.90000000036602,-44551.48733085288,17349.2856663395,298.2617846483222
152950,152.95000000036626,-44500.43686863516,17235.684698576664,296.30880352654276
153000,153.0000000003665,-44826.5642854489,17528.81250564833,301.3481362430978
153050,153.05000000036674,-44458.66884751075,17092.09835680565,293.84032618566664
153100,153.10000000036698,-44369.485538655994,16863.933937987058,289.9178173251367
153150,153.1500000003672,-44845.502547897806,17374.846197046147,298.7012107810024
153200,153.20000000036745,-44572.76521114242,16970.302508349225,291.74646204497463
153250,153.2500000003677,-44729.19739827724,17047.491716435303,293.07346716795854
153300,153.30000000036793,-44840.6990625668,17232.409521084657,296.25249802194776
153350,153.35000000036817,-44722.92085635196,16877.480367676402,290.15070197367277
153400,153.4000000003684,-44880.37644488529,17107.413563207927,294.1036189160793
153450,153.45000000036865,-44495.42810878515,16762.775802113287,288.1787482523422
153500,153.50000000036889,-44752.6975781518,17055.01591974993,293.20282017717386
153550,153.55000000036912,-44611.71218850831,16977.580058103067,291.871574687604
153600,153.60000000036936,-44747.071007934894,17260.35765539118,296.7329708538654
153650,153.6500000003696,-44767.515372481175,17199.777662813958,295.69150453372055
153700,153.70000000036984,-44821.122466054134,17271.017652055467,296.9162331328193
153750,153.75000000037008,-44562.21380261895,17041.159269551816,292.9646023452227
153800,153.80000000037032,-44667.02359552297,17139.870964307775,294.66161320836704
153850,153.85000000037056,-44615.31285953675,17205.297854151788,295.78640539313847
153900,153.9000000003708,-44634.34759679512,17277.21460752545,297.0227686428922
153950,153.95000000037103,-44692.57410219416,17331.576122556864,297.95732945428705
154000,154.00000000037127,-44810.572224715135,17419.38719467901,299.4669412957618
154050,154.0500000003715,-44763.10303180795,17379.732755733974,298.7852184884694
154100,154.10000000037175,-44566.671980670886,17224.494581077768,296.1164276282013
154150,154.150000000372,-44721.66316144632,17355.037674221603,298.36067080243953
154200,154.20000000037223,-44596.77539219038,17283.425000850566,297.12953517104444
154250,154.25000000037247,-44767.954442593655,17505.0416776104,300.9394779427208
154300,154.3000000003727,-44525.64463291072,17347.97697073308,298.2392860916301
154350,154.35000000037294,-44569.48409035237,17407.80759275539,299.2678695413577
154400,154.40000000037318,-44572.53650593812,17546.224946540045,301.64748376640955
154450,154.45000000037342,-44176.07365174045,17115.879983063754,294.24917012460435
154500,154.50000000037366,-44389.854644571955,17415.23925618389,299.39563164290576
154550,154.5500000003739,-44411.506023240916,17633.006277592023,303.13939272286524
154600,154.60000000037414,-44576.90785936522,17871.616962156753,307.2414894882965
154650,154.65000000037438,-44419.66937039602,17509.270205228477,301.0121730506381
154700,154.70000000037462,-44397.86005821282,17467.523773476445,300.29448556329567
154750,154.75000000037485,-44415.44388417021,17698.335976215385,304.26251403613895
154800,154.8000000003751,-44426.99654150983,17626.370496075626,303.0253130958603
154850,154.85000000037533,-44366.11276599829,17587.842550756857,302.362956503744
154900,154.90000000037557,-44163.26278961248,17462.295023943498,300.20459505153815
154950,154.9500000003758,-44436.64439735982,17746.06396000698,305.08303390635854
155000,155.00000000037605,-44415.8331009351,17773.305753188604,305.5513636121248
155050,155.0500000003763,-44307.43402836833,17574.40439099509,302.1319331872792
155100,155.10000000037653,-44492.478649533696,17668.355677579657,303.7471050707583
155150,155.15000000037676,-44428.76574364153,17550.42732758343,301.71972937316696
155200,155.200000000377,-44555.96915178326,17652.242151478724,303.4700879563784
155250,155.25000000037724,-44539.70838278689,17531.122167466772,301.38784299928085
155300,155.30000000037748,-44621.55192050432,17670.503058796152,303.7840219655671
155350,155.35000000037772,-44445.82690255354,17535.99681347185,301.4716459088049
155400,155.40000000037796,-44335.18653023093,17472.74656641824,300.3842736717877
155450,155.4500000003782,-44577.45327495405,17639.541024774866,303.25173540915586
155500,155.50000000037844,-44375.47656212107,17418.823033251996,299.45724246450806
155550,155.55000000037867,-44431.325941644485,17640.249369660633,303.26391298314
155600,155.6000000003789,-44098.690115261095,17259.934511794203,296.72569634315505
155650,155.65000000037915,-43946.4364144476,17179.587184361993,295.3443981310823
155700,155.7000000003794,-44539.6412657352,17710.721683748205,304.4754440266825
155750,155.75000000037963,-44160.636359053875,17422.58638057908,299.52194038415814
155800,155.80000000037987,-44334.157234174454,17419.426532138743,299.46761756919284
155850,155.8500000003801,-44398.9508098226,17496.98450797611,300.80096239570895
155900,155.90000000038034,-44393.87386255706,17402.236174978396,299.17208801806356
155950,155.95000000038058,-44394.21977774959,17453.832169780148,300.05910514293186
156000,156.00000000038082,-44299.33190116624,17351.71813084251,298.3036025777583
156050,156.05000000038106,-44334.19367006675,17283.628008396,297.133025193283
156100,156.1000000003813,-44359.76278013678,17368.63409360558,298.5944148532485
156150,156.15000000038154,-44475.7757563874,17515.14868201605,301.1132334061706
156200,156.20000000038178,-44461.40941297838,17622.335529398024,302.95594560803386
156250,156.25000000038202,-44333.51709757408,17401.137343180122,299.153197353659
156300,156.30000000038225,-44370.82218181316,17622.116522677366,302.9521805345542
156350,156.3500000003825,-44328.16388425392,17672.21087748727,303.8133820822004
156400,156.40000000038273,-44109.98104155109,17355.58631410651,298.3701027937243
156450,156.45000000038297,-44319.610978087585,17458.720061333366,300.1431357644726
156500,156.5000000003832,-44448.11901637133,17813.51312284,306.24259217673983
156550,156.55000000038345,-44366.04720889097,17754.051704356,305.2203559224157
156600,156.6000000003837,-44142.49554626748,17489.719976852943,300.6760735640245
156650,156.65000000038393,-44354.79869060684,17630.330254997905,303.0933876428849
156700,156.70000000038416,-44205.82318974602,17364.829905801078,298.52901482090545
156750,156.7500000003844,-44147.92198828068,17346.96986972963,298.22197242532775
156800,156.80000000038464,-44342.29823946433,17449.970185178863,299.99271149182624
156850,156.85000000038488,-44453.59119114065,17635.36502943584,303.1799434145772
156900,156.90000000038512,-44249.44317952669,17487.71448241004,300.6415959282794
156950,156.95000000038536,-44122.640794939995,17305.2468203866,297.5046869187455
157000,157.0000000003856,-44343.06867420678,17570.669671750824,302.0677274298562
157050,157.05000000038584,-44278.14474951716,17596.81745162079,302.51724930865834
157100,157.10000000038607,-44271.71323686752,17705.545496261908,304.38645714001586
157150,157.1500000003863,-44085.35421714546,17567.489450153513,302.01305436795417
157200,157.20000000038655,-44290.52566063648,17820.19984825995,306.357547610385
157250,157.2500000003868,-44367.79972374641,17854.340129383203,306.94447328398627
157300,157.30000000038703,-44215.945804939765,17741.092731342007,304.99757058746314
157350,157.35000000038727,-44411.23074388319,17911.688655015365,307.93038555328417
157400,157.4000000003875,-44182.27886039674,17478.8324329098,300.4888993858265
157450,157.45000000038775,-44239.238993519335,17607.39717631662,302.69913158494063
157500,157.50000000038798,-44489.27910627765,17873.635814935133,307.2761967750518
157550,157.55000000038822,-44433.21664374594,17758.907797766988,305.3038398833715
157600,157.60000000038846,-44556.72375644294,17826.227227983334,306.4611678439568
157650,157.6500000003887,-44503.60893979186,17859.787868935357,307.038128582099
157700,157.70000000038894,-44202.105096387895,17514.418414095893,301.1006789403946
157750,157.75000000038918,-44389.3075567349,17656.45164550886,303.542455846679
157800,157.80000000038942,-44443.794984859356,17632.792555109016,303.1357184938262
157850,157.85000000038966,-44481.52030398669,17704.70496972648,304.3720071534676
157900,157.9000000003899,-44271.75013576907,17413.485451932636,299.3654809614332
157950,157.95000000039013,-44237.91104482745,17357.64346001753,298.4054684002688
158000,158.00000000039037,-44417.8158808596,17462.94835409973,300.2158268349159
158050,158.0500000003906,-44256.76187935326,17404.996283999215,299.21953867731287
158100,158.10000000039085,-44335.226759548386,17461.210554611767,300.1859513007521
158150,158.1500000003911,-44628.0482519187,17659.75309312156,303.59921297638584
158200,158.20000000039133,-44488.38895065238,17504.289955139044,300.92655463912325
158250,158.25000000039157,-44380.86984378552,17349.098951279884,298.2585747197999
158300,158.3000000003918,-44508.22568935695,17566.265230146877,301.9920080810347
158350,158.35000000039204,-44349.29825712758,17291.361753311387,297.265980555529
158400,158.40000000039228,-44596.1683008888,17387.011845488374,298.91035760615506
158450,158.45000000039252,-44797.08392422286,17579.67799906519,302.22259488856037
158500,158.50000000039276,-44572.99525728614,17304.77930019838,297.4966495039274
158550,158.550000000393,-44577.690875429624,17306.559499358154,297.5272539558129
158600,158.60000000039324,-44556.72475614965,17210.052431656768,295.86814413438447
158650,158.65000000039348,-44632.90979045269,17192.351311973765,295.56383376400595
158700,158.70000000039371,-44857.239030614335,17451.55323832725,300.0199266905561
158750,158.75000000039395,-44571.80888983342,17177.39155568401,295.3066517857564
158800,158.8000000003942,-44745.03282011848,17354.980338958678,298.35968511817725
158850,158.85000000039443,-44554.27796878185,17193.879342279055,295.59010303264427
158900,158.90000000039467,-44495.2842420988,17049.07413741299,293.1006714986697
158950,158.9500000003949,-44723.03954256624,17272.851044576586,296.94775206309845
159000,159.00000000039515,-44653.7498302081,17466.565085362912,300.2780041914881
159050,159.05000000039539,-44576.13054706922,17368.47336793416,298.5916517236005
159100,159.10000000039562,-44543.71480732562,17312.54658697048,297.6301815039806
159150,159.15000000039586,-44527.89731170038,17427.826908513965,299.61203338535825
159200,159.2000000003961,-44812.51303139678,17672.81497148024,303.8237674177066
159250,159.25000000039634,-44455.52165641164,17410.010740705635,299.30574515492026
159300,159.30000000039658,-44469.77404677442,17481.502352712767,300.53479954913104
159350,159.35000000039682,-44497.22266830983,17491.792982972893,300.7117118327587
159400,159.40000000039706,-44473.57005824063,17512.27432827821,301.06381869872695
159450,159.4500000003973,-44598.579213070436,17574.66137281946,302.13635111312544
159500,159.50000000039753,-44326.346432976046,17337.987233172375,298.06754663155505
159550,159.55000000039777,-44417.87172027431,17336.405544297933,298.0403548868618
159600,159.600000000398,-44618.914384910626,17728.126400088175,304.77465875267717
159650,159.65000000039825,-44574.403105649755,17747.465041325268,305.10712072021744
159700,159.7000000003985,-44563.183193127996,17765.352136405458,305.41462830314595
159750,159.75000000039873,-44783.13382602793,17942.571540315057,308.461311417422
159800,159.80000000039897,-44543.68852550973,17698.29629783626,304.2618319017619
159850,159.8500000003992,-44461.64305043991,17421.1321306779,299.4969395178866
159900,159.90000000039944,-44513.747108552576,17522.773436686402,301.244315052944
159950,159.95000000039968,-44574.235918374834,17634.324131631947,303.16204872758
160000,160.00000000039992,-44231.260905701936,17288.793668858394,297.22183110368366
160050,160.05000000040016,-44023.307618089384,17049.510399474177,293.1081715366221
160100,160.1000000004004,-44381.56129887598,17504.930043604694,300.93755877680184
160150,160.15000000040064,-44372.436959883766,17454.220641498378,300.0657835889609
160200,160.20000000040088,-44347.19329246634,17389.551639702484,298.95402070384733
160250,160.25000000040112,-44485.45404941881,17313.76317762202,297.6510966301647
160300,160.30000000040135,-44436.41646188768,17176.939643087546,295.29888269023746
160350,160.3500000004016,-44718.21005530088,17424.62332277793,299.5569586567913
160400,160.40000000040183,-44608.297336263844,17293.482457539292,297.3024388305203
160450,160.45000000040207,-44545.42678172649,17237.876852528578,296.3464901358071
160500,160.5000000004023,-44909.16750583421,17659.08876954893,303.5877921987143
160550,160.55000000040255,-44284.61716939894,17291.604665856754,297.27015660811634
160600,160.6000000004028,-44179.32305671073,17283.387075192175,297.1288831687215
160650,160.65000000040303,-44431.084405724454,17589.779266424473,302.3962517230683
160700,160.70000000040326,-44394.145957837674,17466.73853842211,300.28098612515294
160750,160.7500000004035,-44396.33858551307,17381.386953746576,298.81365678044807
160800,160.80000000040374,-44642.60794630243,17662.628836279502,303.64865157016857
160850,160.85000000040398,-44153.21524612511,17039.633284182317,292.9383682322795
160900,160.90000000040422,-44517.062499994914,17352.12031414112,298.31051674763864
160950,160.95000000040446,-44494.932394857984,17391.546722536877,298.9883193475005
161000,161.0000000004047,-44502.44358410289,17416.18914048047,299.4119616631127
161050,161.05000000040494,-44761.05862001719,17477.780560518397,300.47081602823386
161100,161.10000000040517,-44412.901575772994,17168.1204322436,295.1472664441225
161150,161.1500000004054,-44558.42449932819,17301.707033921724,297.44383236550374
161200,161.20000000040565,-44709.65310832148,17564.56845923463,301.96283789327254
161250,161.2500000004059,-44461.89655082529,17410.06425515955,299.3066651534052
161300,161.30000000040613,-44633.53489613465,17458.301174278542,300.13593443048455
161350,161.35000000040637,-44375.94510084546,17230.79352637997,296.22471650552853
161400,161.4000000004066,-44568.792765139755,17547.99142456116,301.67785233012177
161450,161.45000000040685,-44551.390764962736,17523.772248514902,301.26148621515927
161500,161.50000000040708,-44545.08748387118,17594.91426995317,302.4845305920718
161550,161.55000000040732,-44547.680514198306,17686.08816111715,304.05195463562546
161600,161.60000000040756,-44564.02729439204,17624.747182443134,302.997405755444
161650,161.6500000004078,-44497.466927520174,17524.46586913283,301.27341065558585
161700,161.70000000040804,-44650.06995391694,17800.442561494834,306.0178884610861
161750,161.75000000040828,-44550.168719389556,17701.416325856677,304.3154701404433
161800,161.80000000040852,-44437.22015605226,17687.229098933483,304.07156916937726
161850,161.85000000040876,-44235.41226881744,17537.86277189009,301.50372469859525
161900,161.900000000409,-44201.94819610733,17477.0212026569,300.45776146014884
161950,161.95000000040923,-44414.60781664909,17705.272205947414,304.381758845314
162000,162.00000000040947,-44164.45665275099,17616.74987444761,302.859919325109
162050,162.0500000004097,-44084.55938178692,17583.38523077954,302.28632809167266
162100,162.10000000040995,-44191.45436458824,17639.918805449455,303.2582300591591
162150,162.1500000004102,-44272.37279705129,17610.78669952589,302.7574028740845
162200,162.20000000041043,-44352.30142470309,17696.92070419554,304.23818326157453
162250,162.25000000041067,-44223.57358716393,17589.944021364245,302.3990841222408
162300,162.3000000004109,-44172.7128085648,17389.301706378075,298.9497239529139
162350,162.35000000041114,-44335.46911524395,17587.4535080362,302.3562682412761
162400,162.40000000041138,-44550.32619658418,17806.5050923081,306.12211299774
162450,162.45000000041162,-44297.55143086846,17454.162659867856,300.06478679261267
162500,162.50000000041186,-44450.33188910525,17529.958106619408,301.36783094388835
162550,162.5500000004121,-44338.87078534743,17540.48671219036,301.54883440119744
162600,162.60000000041234,-44322.95839689019,17532.51806836573,301.41184075350094
162650,162.65000000041258,-44314.28822617684,17578.559129228892,302.2033597384463
162700,162.7000000004128,-44247.094643845994,17589.94917739921,302.3991727626736
162750,162.75000000041305,-44500.08324255897,17855.2664212758,306.9603977132858
162800,162.8000000004133,-44375.70071025134,17760.64880938987,305.33377063923785
162850,162.85000000041353,-44367.94589952199,17461.37890935585,300.1888455862801
162900,162.90000000041377,-44463.94340587086,17543.952708984052,301.6084203927566
162950,162.950000000414,-44576.921797625066,17577.063714012802,302.1776511750092
163000,163.00000000041425,-44277.9151847936,17438.58023689136,299.7969001847432
163050,163.05000000041449,-44525.69755078452,17760.4530840274,305.3304058092942
163100,163.10000000041472,-44090.60758386364,17191.094844301697,295.54223308848356
163150,163.15000000041496,-44616.45194553012,17700.929820719226,304.30710634418523
163200,163.2000000004152,-44326.36303142026,17443.1848121802,299.8760601495746
163250,163.25000000041544,-44082.63536199508,17353.877208129863,298.34072054660754
163300,163.30000000041568,-44243.9657624502,17365.41538935965,298.5390802134766
163350,163.35000000041592,-44372.54550175633,17420.68040003249,299.4891735503954
163400,163.40000000041616,-44592.51489282611,17424.13520328717,299.548567107235
163450,163.4500000004164,-44639.12065916939,17370.83134003229,298.6321890102453
163500,163.50000000041663,-44517.545967067046,17441.596727703778,299.84875845432214
163550,163.55000000041687,-44676.63973952709,17630.49162528664,303.0961618545287
163600,163.6000000004171,-44529.719556055454,17437.96714351419,299.78636013552455
163650,163.65000000041735,-44495.983631835086,17432.73897354993,299.6964795874735
163700,163.7000000004176,-44447.579703955314,17257.228479988877,296.67917535715634
163750,163.75000000041783,-44387.61595986379,17124.902400617844,294.4042798169155
163800,163.80000000041807,-44740.765455533576,17515.4737517959,301.11882187214775
163850,163.8500000004183,-44902.36000356804,17636.50675359788,303.1995714668611
163900,163.90000000041854,-44842.7293558598,17534.519063815427,301.446241044405
163950,163.95000000041878,-44806.2460373638,17428.455048705808,299.622832113227
164000,164.00000000041902,-44549.745495241645,17272.544474590904,296.94248163797505
164050,164.05000000041926,-44696.26915561363,17368.702975519853,298.59559904279246
164100,164.1000000004195,-44529.35311903952,17252.161306225964,296.59206258959256
164150,164.15000000041974,-44557.44400481655,17282.01072865394,297.1052215850296
164200,164.20000000041998,-44204.575429751865,16933.74647208624,291.1180057024394
164250,164.25000000042021,-44559.18390027569,17278.478379126645,297.04449488456055
164300,164.30000000042045,-44627.41930770688,17221.661211208797,296.06771749857745
164350,164.3500000004207,-44329.21360203023,17123.477465006647,294.3797829098625
164400,164.40000000042093,-44617.73308360466,17224.187752907816,296.1111527644801
164450,164.45000000042117,-44582.20482904079,17126.98439123828,294.44007254348736
164500,164.5000000004214,-44777.76429063627,17281.4503672806,297.09558808273596
164550,164.55000000042165,-44431.68909335114,17012.482447986204,292.47160222160403
164600,164.6000000004219,-44665.01887836958,17219.914054338646,296.0376810961472
164650,164.65000000042212,-44605.46357345277,17258.228358324493,296.6963648543234
164700,164.70000000042236,-44776.51793162584,17696.302845055783,304.22756128132534
164750,164.7500000004226,-44723.93141366428,17698.39493233737,304.2635275855437
164800,164.80000000042284,-44416.757021433834,17417.71476777715,299.43818962021527
164850,164.85000000042308,-44247.67027093543,17294.96227434071,297.3278792324269
164900,164.90000000042332,-44473.01835140388,17565.92097363045,301.9860897645725
164950,164.95000000042356,-44363.640015846744,17545.839681521516,301.6408604486431
165000,165.0000000004238,-44429.61460381987,17646.04429480753,303.36353695322487
165050,165.05000000042403,-44378.17004373431,17493.051409894233,300.7333461908889
165100,165.10000000042427,-44334.54990324087,17353.197225612996,298.329030566806
165150,165.1500000004245,-44506.45168316834,17378.942552064967,298.77163363194643
165200,165.20000000042475,-44301.81763493882,17083.96926676708,293.7005742126401
165250,165.250000000425,-44562.31437311099,17209.015857169215,295.8503237720638
165300,165.30000000042523,-44601.91281409217,17177.610985800533,295.3104241380836
165350,165.35000000042547,-44540.302150806514,17186.118230382595,295.45667718851377
165400,165.4000000004257,-44655.09923281561,17276.41813418886,297.0090760008224
165450,165.45000000042594,-44774.97641774901,17298.582435576016,297.3901155556694
165500,165.50000000042618,-44613.35168482823,17267.439184547737,296.85471359099563
165550,165.55000000042642,-44567.40058622274,17250.599913679856,296.56521977102955
165600,165.60000000042666,-44657.67962375949,17478.43897079346,300.4821351469254
165650,165.6500000004269,-44641.05410717609,17445.822622733613,299.92140830386495
165700,165.70000000042714,-44585.28457736142,17417.536695502364,299.4351282748956
165750,165.75000000042738,-44531.99997184337,17413.97691620798,299.3739300131506
165800,165.80000000042762,-44579.37916287583,17386.93535756997,298.909042657316
165850,165.85000000042785,-44808.45837663615,17591.238248054113,302.4213339352697
165900,165.9000000004281,-44471.44838770657,17279.317011998228,297.05891231601873
165950,165.95000000042833,-44633.53377410722,17277.76265109053,297.0321903824917
166000,166.00000000042857,-44472.9888440732,17156.09122115884,294.9404651939124
166050,166.0500000004288,-44615.60202406081,17228.889671930185,296.19198622274774
166100,166.10000000042905,-44670.43804782841,17355.140731970663,298.36244252888105
166150,166.1500000004293,-44767.37368321813,17437.862658627266,299.7845638743158
166200,166.20000000042953,-44463.0284000204,17051.88519416044,293.14899803028413
166250,166.25000000042976,-44541.725125010584,17145.480429536627,294.7580488278074
166300,166.30000000043,-44401.476149205904,17000.209352883998,292.2606082176581
166350,166.35000000043024,-44598.324849402794,17184.507383795735,295.42898417641914
166400,166.40000000043048,-44652.17684794809,17549.837509036977,301.7095894552668
166450,166.45000000043072,-44447.73234775201,17406.67152450555,299.2483387231905
166500,166.50000000043096,-44716.129791577194,17685.096776006685,304.0349111504925
166550,166.5500000004312,-44706.551675634764,17500.092217152862,300.8543888538959
166600,166.60000000043144,-44470.778636952324,17282.666998766163,297.1165039109218
166650,166.65000000043167,-44714.267243686365,17562.484663186005,301.92701412852176
166700,166.7000000004319,-44298.491139634534,17294.13396917187,297.31363935058727
166750,166.75000000043215,-44492.73456792554,17484.88115575169,300.59288654151476
166800,166.8000000004324,-44186.435925662416,17299.1073275747,297.39913928306004
166850,166.85000000043263,-43985.1661902558,17059.797433591368,293.28502199683925
166900,166.90000000043287,-44292.6357058032,17380.900237803016,298.805289360098
166950,166.9500000004331,-44307.57433739417,17470.094628324154,300.33868264262776
167000,167.00000000043335,-44439.32072135678,17581.555014495712,302.25486376595893
167050,167.05000000043358,-44596.93123877926,17778.854315035875,305.6467522056742
167100,167.10000000043382,-44222.142251319936,17448.458478040775,299.9667228443658
167150,167.15000000043406,-44389.44850353848,17599.098752637005,302.55646849759216
167200,167.2000000004343,-44565.442883807606,17891.216735190977,307.5784407263081
167250,167.25000000043454,-43979.44176225098,17300.57275364329,297.42433228540574
167300,167.30000000043478,-44474.8837532058,17673.235351448526,303.83099441724903
167350,167.35000000043502,-44693.23569949165,17918.7499831188,308.0517810022164
167400,167.40000000043526,-44397.12563439561,17585.053622278134,302.31501039222576
167450,167.4500000004355,-44289.05096852184,17460.32778080142,300.1707750164268
167500,167.50000000043573,-44320.272059206705,17432.813439846646,299.697759781424
167550,167.55000000043597,-44526.205805689846,17502.52409346315,300.89619667136463
167600,167.6000000004362,-44459.883537010086,17317.736588181917,297.7194058705293
167650,167.65000000043645,-44501.014907680685,17520.33388650887,301.20237530950527
167700,167.7000000004367,-44596.93748568257,17677.500239327677,303.90431461582233
167750,167.75000000043693,-44216.85706661787,17378.59866570668,298.7657216790907
167800,167.80000000043717,-44315.828798085364,17493.487159501274,300.7408374189403
167850,167.8500000004374,-44529.359004339894,17736.054055084755,304.91094773729765
167900,167.90000000043764,-44518.98620743515,17761.391720798147,305.3465424666623
167950,167.95000000043788,-44223.57539775563,17370.199189438266,298.62132133719143
168000,168.00000000043812,-44575.75216754929,17758.069635011663,305.28943053395875
168050,168.05000000043836,-44581.089837428255,17832.697762509404,306.57240661265826
168100,168.1000000004386,-44539.02405168594,17657.198378884623,303.55529337979675
168150,168.15000000043884,-44761.16316587519,17864.430548468605,307.11794361943066
168200,168.20000000043908,-44496.11829887847,17606.54498493039,302.6844810610743
168250,168.25000000043931,-44289.48931606108,17383.956227777944,298.8578266830357
168300,168.30000000043955,-44389.7276708692,17676.698832600883,303.8905371609369
168350,168.3500000004398,-44390.89987988978,17670.12777893581,303.77757030853405
168400,168.40000000044003,-44203.830418009486,17356.100988918533,298.37895087144346
168450,168.45000000044027,-44360.074581264475,17654.38925057392,303.50700000107383
168500,168.5000000004405,-44365.309394698714,17481.490365135905,300.5345934636393
168550,168.55000000044075,-44360.27169809026,17547.73278608641,301.67340592382345
168600,168.60000000044099,-44265.17609244515,17467.33487592149,300.29123811421107
168650,168.65000000044122,-44344.36544242923,17203.265949581008,295.7514737253354
168700,168.70000000044146,-44377.30267244523,17238.43115163054,296.3560194180241
168750,168.7500000004417,-44556.03486632139,17448.020918638875,299.95920050306546
168800,168.80000000044194,-44615.069768196074,17671.589689753568,303.80270287813295
168850,168.85000000044218,-44507.87097846711,17644.799433077173,303.3421358022797
168900,168.90000000044242,-44343.71032806838,17344.41322760573,298.1780196852988
168950,168.95000000044266,-44264.405967489314,17312.863226518915,297.63562504088605
169000,169.0000000004429,-44645.30129599981,17514.288080224822,301.0984382940801
169050,169.05000000044313,-44434.411278925254,17306.036919718546,297.5182699815486
169100,169.10000000044337,-44505.74328649989,17468.510993730877,300.3114574479364
169150,169.1500000004436,-44360.71214946818,17235.003645397093,296.2970951403483
169200,169.20000000044385,-44232.72316083004,17082.106622117404,293.6685523917962
169250,169.2500000004441,-44673.03505788154,17508.825843641665,301.00453376897195
169300,169.30000000044433,-44545.26941787236,17487.55014269942,300.6387706675556
169350,169.35000000044457,-44572.009918733485,17441.914882488993,299.85422804055514
169400,169.4000000004448,-44607.14126978797,17434.90489873505,299.7337152825651
169450,169.45000000044504,-44481.448831382695,17236.770049133098,296.32746242698147
169500,169.50000000044528,-44639.86141142133,17492.091407209522,300.71684221951415
169550,169.55000000044552,-44574.237343904075,17344.524917539107,298.1799398127033
169600,169.60000000044576,-44430.308424200884,17214.70849417704,295.94818924652554
169650,169.650000000446,-44567.111498822575,17094.21045671033,293.8766365386714
169700,169.70000000044624,-44560.35638155874,17173.27842956598,295.2359406129715
169750,169.75000000044648,-44483.50857358803,17129.804633870706,294.48855699505884
169800,169.80000000044672,-44664.25804087032,17336.523717697506,298.04238647535095
169850,169.85000000044695,-44492.91115383063,17241.279351402063,296.4049844972342
169900,169.9000000004472,-44713.298972612654,17467.729030536862,300.29801425827077
169950,169.95000000044743,-44575.13338397492,17446.7147849915,299.9367459905197
170000,170.00000000044767,-44529.04809012187,17356.32925249794,298.382875085032
170050,170.0500000004479,-44427.75698141355,17102.353153856788,294.016622439501
170100,170.10000000044815,-45027.340786058456,17666.290262322516,303.71159730101596
170150,170.1500000004484,-44744.04398097626,17497.236334229652,300.80529168910164
170200,170.20000000044863,-44556.21031664499,17399.936734743336,299.1325569871386
170250,170.25000000044886,-44505.037937973706,17424.490379719395,299.554673154399
170300,170.3000000004491,-44557.26479578994,17546.92582005966,301.65953289573935
170350,170.35000000044934,-44686.44336853882,17673.07101101287,303.8281691440608
170400,170.40000000044958,-44545.46811430289,17488.860334655776,300.6612949488805
170450,170.45000000044982,-44439.06383561784,17413.567493001054,299.3668913777438
170500,170.50000000045006,-44334.092777409685,17508.17258375687,300.9933031936719
170550,170.5500000004503,-44228.97610692518,17240.31934422771,296.3884804486754
170600,170.60000000045054,-44588.12188265906,17556.009711093095,301.8156994148278
170650,170.65000000045077,-44885.98773186563,17921.45254585244,308.0982423493612
170700,170.700000000451,-44438.43768031897,17414.172599536232,299.37729412045934
170750,170.75000000045125,-44340.49625825577,17285.980939990313,297.173475825659
170800,170.8000000004515,-44317.682742726975,17174.606715048747,295.25877595076184
170850,170.85000000045173,-44199.53047115205,16974.811898478383,291.82398562568363
170900,170.90000000045197,-44621.80278183258,17507.675322500607,300.9847544826424
170950,170.9500000004522,-44390.55823302627,17312.499430778305,297.6293708141168
171000,171.00000000045245,-44533.878338199174,17560.692323002124,301.8962009531425
171050,171.05000000045268,-44234.888930387126,17104.8633360103,294.0597764588248
171100,171.10000000045292,-44486.498429826475,17419.449401903912,299.4680107367909
171150,171.15000000045316,-44365.9928543519,17526.178660401743,301.3028562587317
171200,171.2000000004534,-44017.32873230149,17242.89531943723,296.432765555162
171250,171.25000000045364,-44169.00330350945,17459.560588593136,300.1575857634735
171300,171.30000000045388,-44116.860886977265,17607.875859054486,302.70736090172187
171350,171.35000000045412,-44246.416393242354,17617.865839063033,302.87910452986046
171400,171.40000000045436,-44401.835273327204,17771.213100332487,305.51538758478176
171450,171.4500000004546,-44143.7438486703,17517.728252696772,301.1575803245196
171500,171.50000000045483,-44176.84488868095,17622.03070264083,302.95070515177775
171550,171.55000000045507,-44148.22942313466,17526.849098493865,301.31438215470797
171600,171.6000000004553,-44241.92078208215,17593.26777450693,302.45622471944654
171650,171.65000000045555,-44070.55261787948,17439.727575507713,299.81662475841676
171700,171.7000000004558,-44160.35448286892,17404.887130624542,299.21766215738256
171750,171.75000000045603,-44358.80991562018,17511.669248806535,301.05341642127604
171800,171.80000000045627,-44248.85682429712,17418.06496208471,299.44421001674084
171850,171.8500000004565,-44132.21392759851,17203.763471032653,295.7600269095369
171900,171.90000000045674,-44291.35204866813,17390.34981151111,298.96774254534995
171950,171.95000000045698,-44198.32120669529,17279.111723113612,297.05538307393516
172000,172.00000000045722,-44349.735262798305,17374.23571535779,298.69071563086385
172050,172.05000000045746,-44290.49407695217,17131.53595924652,294.5183212289488
172100,172.1000000004577,-44375.89248576961,17259.588851604833,296.71975389532486
172150,172.15000000045794,-44412.21687727582,17409.540285088988,299.2976572754238
172200,172.20000000045818,-44314.850454315325,17392.90198624794,299.01161848389756
172250,172.2500000004584,-44282.912566453146,17439.47836356069,299.8123404091067
172300,172.30000000045865,-44268.32309642615,17337.45471128679,298.0583917342865
172350,172.3500000004589,-44511.40839872468,17491.148952567513,300.7006399268733
172400,172.40000000045913,-44531.47753079989,17491.95061207084,300.7144217273889
172450,172.45000000045937,-44723.55843112381,17572.928151713644,302.10655428862475
172500,172.5000000004596,-44459.93174164949,17487.468943459353,300.63737472361186
172550,172.55000000045985,-44396.752040022286,17475.850550444946,300.437636088727
172600,172.60000000046008,-44455.702445106566,17590.86458086842,302.4149100026759
172650,172.65000000046032,-44480.42087218221,17788.62617428018,305.8147459913315
172700,172.70000000046056,-44177.80049930622,17394.03145544349,299.0310358538371
172750,172.7500000004608,-44344.89540682774,17519.8763725917,301.19450991838426
172800,172.80000000046104,-44576.106540383094,17688.47465732688,304.09298229706695
172850,172.85000000046128,-44593.88199265913,17616.41005607983,302.85407730747323
172900,172.90000000046152,-44485.78145017499,17488.9002608138,300.6619813429705
172950,172.95000000046176,-44549.589316661375,17414.738951070605,299.38703060313816
173000,173.000000000462,-44490.28430975077,17502.55522784734,300.8967319208943
173050,173.05000000046223,-44399.65839189131,17295.16912877367,297.3314353887738
173100,173.10000000046247,-44623.417819474045,17596.530435965517,302.51231505354195
173150,173.1500000004627,-44345.49531762922,17361.406366581443,298.4701587424997
173200,173.20000000046295,-44356.672376198476,17271.437706847708,296.92345454206884
173250,173.2500000004632,-44418.39734964369,17409.6988337121,299.3003829781525
173300,173.30000000046343,-44499.775060888875,17487.34650922156,300.6352698845442
173350,173.35000000046367,-44544.94383462917,17502.869995466415,300.9021432763598
173400,173.4000000004639,-44406.63185669189,17210.257306010288,295.87166625001987
173450,173.45000000046414,-44484.83005458408,17281.762321329294,297.1009510684566
173500,173.50000000046438,-44547.32492857005,17421.065696855527,299.49579741493187
173550,173.55000000046462,-44481.14353018359,17565.059721944803,301.97128347976445
173600,173.60000000046486,-44183.38099793369,17148.704136519722,294.8134694725793
173650,173.6500000004651,-44427.890302848486,17447.47744683101,299.9498573592359
173700,173.70000000046534,-44438.91530933945,17649.732439667245,303.42694202298145
173750,173.75000000046558,-44108.36581738278,17327.42123333102,297.88590030732684
173800,173.80000000046581,-44390.25100650746,17607.213235588843,302.69596935159035
173850,173.85000000046605,-44559.25303876134,17615.407933591163,302.8368492297498
173900,173.9000000004663,-44308.8973687465,17466.218048752973,300.2720380808015
173950,173.95000000046653,-44405.96924062681,17413.800649017638,299.37089970010044
174000,174.00000000046677,-44130.155959319614,17168.18962578045,295.1484559909537
174050,174.050000000467,-44251.771613364464,17367.305039298015,298.57156629813835
174100,174.10000000046725,-44217.66629224426,17324.37437109253,297.83351990468043
174150,174.1500000004675,-44170.4464232984,17312.7505199115,297.63368743523955
174200,174.20000000046772,-44304.32882239454,17567.89026630446,302.0199450343941
174250,174.25000000046796,-44360.60523292839,17766.171227287323,305.4287097767531
174300,174.3000000004682,-44250.52066537161,17694.708365372102,304.2001496422996
174350,174.35000000046844,-44396.455192786976,17770.276411479168,305.499284415209
174400,174.40000000046868,-44144.41068798317,17422.988013919086,299.5288450993763
174450,174.45000000046892,-44089.430904027846,17354.711125272308,298.35505690718963
174500,174.50000000046916,-44356.70922966107,17635.174448313323,303.1766670222913
174550,174.5500000004694,-44286.38975346592,17488.344503926364,300.652426999105
174600,174.60000000046963,-44311.39979706633,17471.958538624163,300.3707262220118
174650,174.65000000046987,-44328.8039352813,17520.542250085637,301.20595741043195
174700,174.7000000004701,-44420.242483401045,17573.22575257355,302.11167052022626
174750,174.75000000047035,-44528.012862843476,17678.998802689854,303.9300773008923
174800,174.8000000004706,-44178.035362485396,17361.39778933416,298.4700112859916
174850,174.85000000047083,-44319.88357899999,17664.38147353395,303.678782189112
174900,174.90000000047107,-44191.33451409143,17484.997188064634,300.59488132132304
174950,174.9500000004713,-44342.395414632534,17611.81826754813,302.7751371673123
175000,175.00000000047154,-44375.93682093024,17721.955056852283,304.66856355760035
175050,175.05000000047178,-44157.942670929566,17446.769001580014,299.93767805981395
175100,175.10000000047202,-44219.936034331455,17476.90546881253,300.45577181148957
175150,175.15000000047226,-44196.76391443394,17560.56460442551,301.89400526789495
175200,175.2000000004725,-44058.69425190658,17606.312393517637,302.6804824451545
175250,175.25000000047274,-44230.26645963645,17720.83475196175,304.649303736624
175300,175.30000000047298,-44205.48319566119,17602.476017107103,302.6145290395334
175350,175.35000000047322,-44331.8212744098,17755.05555248566,305.23761366664945
175400,175.40000000047345,-44142.38617486342,17483.263827647683,300.56508210184273
175450,175.4500000004737,-44342.5015432364,17633.46266219246,303.14723869923745
175500,175.50000000047393,-44232.65593595483,17670.228740189512,303.7793059928895
175550,175.55000000047417,-44195.1849443266,17587.453232814012,302.3562635097694
175600,175.6000000004744,-44252.280289349095,17635.259447568755,303.17812829453663
175650,175.65000000047465,-44337.048830838685,17691.494441740597,304.144897188885
175700,175.7000000004749,-44050.12869629159,17339.886960446784,298.100205961634
175750,175.75000000047513,-44236.25728536838,17455.844104219992,300.0936934924561
175800,175.80000000047536,-44411.34321074772,17795.41220773527,305.93140868787845
175850,175.8500000004756,-44126.32153959336,17594.240357826915,302.4729449719294
175900,175.90000000047584,-44372.970652284945,17514.632575219126,301.1043607103559
175950,175.95000000047608,-44395.821115449435,17758.56193194552,305.2978939003989
176000,176.00000000047632,-44190.44542228729,17468.18787154328,300.30590246416443
176050,176.05000000047656,-44419.36435138639,17639.968950578343,303.25909213359375
176100,176.1000000004768,-44366.69473529249,17466.563920984816,300.27798417397867
176150,176.15000000047704,-44248.300912420826,17247.907840499953,296.5189387559789
176200,176.20000000047727,-44431.209350544435,17578.671593866646,302.20529318424985
176250,176.2500000004775,-44240.69995402873,17315.76446350398,297.6855019140608
176300,176.30000000047775,-44378.285695378225,17576.620009260252,302.1700231853676
176350,176.350000000478,-44347.059781447686,17392.846217351744,299.01065972796795
176400,176.40000000047823,-44305.765884085864,17374.025639126852,298.68710408669097
176450,176.45000000047847,-44337.934794309505,17422.005256415,299.5119499365043
176500,176.5000000004787,-44412.58852157019,17483.796820914,300.574245102895
176550,176.55000000047895,-44513.02215627186,17555.904169349506,301.8138849845738
176600,176.60000000047918,-44440.058651682506,17460.62752199945,300.175928043841
176650,176.65000000047942,-44255.8449361557,17317.464385831216,297.71472627965346
176700,176.70000000047966,-44101.61621120867,17136.56041574159,294.6046996188104
176750,176.7500000004799,-44569.744962509074,17691.3539952589,304.1424826907274
176800,176.80000000048014,-44528.36227660725,17724.70903100848,304.71590874877995
176850,176.85000000048038,-44138.592040162985,17489.75781139341,300.6767239998856
176900,176.90000000048062,-44290.893390001336,17397.052176248475,299.08296684370873
176950,176.95000000048086,-44367.255605346414,17335.409027843565,298.02322318577467
177000,177.0000000004811,-44403.319052936495,17511.81198724331,301.0558703217829
177050,177.05000000048133,-44325.352996100046,17447.329302215392,299.94731051792553
177100,177.10000000048157,-44233.22718138973,17383.68662384428,298.85319176307706
177150,177.1500000004818,-43974.870297611866,17198.56747038877,295.67069940321284
177200,177.20000000048205,-44271.16783840687,17587.776094735502,302.36181401915354
177250,177.2500000004823,-44620.86103698478,17862.45358851439,307.08395653688086
177300,177.30000000048253,-44449.02691174952,17707.055286180916,304.41241282743425
177350,177.35000000048277,-44504.65404060819,17702.26861187478,304.33012229118197
177400,177.400000000483,-44376.4675618855,17498.833624884617,300.83275165318975
177450,177.45000000048324,-44787.473550974624,17809.88607549837,306.18023747038916
177500,177.50000000048348,-44479.932358851045,17461.041759571403,300.18304944583156
177550,177.55000000048372,-44482.27605433816,17490.153125632085,300.6835200797122
177600,177.60000000048396,-44557.39675345338,17420.615417396566,299.48805639564137
177650,177.6500000004842,-44548.88224899483,17551.35794446957,301.7357281559769
177700,177.70000000048444,-44533.453144942294,17436.534483950425,299.7617304414553
177750,177.75000000048468,-44382.45565415331,17223.41072674882,296.0977944502902
177800,177.8000000004849,-44478.02713038934,17453.72776507742,300.0573102602168
177850,177.85000000048515,-44630.16416317792,17528.81502972539,301.34817963599266
177900,177.9000000004854,-44526.90912712007,17510.095244629218,301.0263567887356
177950,177.95000000048563,-44632.132905816215,17701.082872300285,304.3097375440276
178000,178.00000000048587,-44202.24952560605,17408.465006075272,299.27917152080573
178050,178.0500000004861,-44615.07102650954,17804.688862355877,306.0908891192876
178100,178.10000000048635,-44481.7241729903,17630.150048273837,303.09028960299094
178150,178.15000000048659,-44386.99837160246,17678.9592691438,303.9293976564259
178200,178.20000000048682,-44808.419611314515,18088.785192660478,310.9749564012674
178250,178.25000000048706,-44158.98253174952,17252.435347078175,296.59677378723023
178300,178.3000000004873,-44423.761904859166,17411.980051129172,299.33960072988435
178350,178.35000000048754,-44492.477614455136,17425.813257092097,299.5774155181851
178400,178.40000000048778,-44464.51858549504,17677.054148491163,303.8966456056064
178450,178.45000000048802,-44379.087761050454,17640.357702386835,303.2657753948194
178500,178.50000000048826,-44131.56520322815,17248.798496214236,296.53425054275556
178550,178.5500000004885,-44150.87616984844,17207.914585663657,295.8313911652149
178600,178.60000000048873,-44520.63092054302,17489.049676800994,300.66455004117813
178650,178.65000000048897,-44588.958836835634,17508.140447890655,300.9927507270751
178700,178.7000000004892,-44231.879371695,17147.766052584255,294.797342319328
178750,178.75000000048945,-44506.955596621825,17551.769323324337,301.7428004120772
178800,178.8000000004897,-44310.98178246936,17383.433069977436,298.84883276926695
178850,178.85000000048993,-44178.36465838316,17232.307456055845,296.2507433619445
178900,178.90000000049017,-44445.51959860472,17373.74453520252,298.68227146362193
178950,178.9500000004904,-44631.488062278564,17549.713907540503,301.70746454916787
179000,179.00000000049064,-44570.40725321013,17621.552642359842,302.9424865360192
179050,179.05000000049088,-44368.62666599024,17314.65361465589,297.6664046574776
179100,179.10000000049112,-44533.68611598636,17627.869490773097,303.05108319626936
179150,179.15000000049136,-44418.777115768426,17624.656713308144,302.99585044727877
179200,179.2000000004916,-44357.62208919639,17529.802668176344,301.365158710096
179250,179.25000000049184,-44451.17334651991,17681.729640134472,303.97702473524095
179300,179.30000000049208,-44371.73152795906,17650.693465413875,303.443463582416
179350,179.35000000049232,-44223.4838926888,17353.645333606575,298.33673425515667
179400,179.40000000049255,-44294.46671130982,17407.68158747981,299.2657033104769
179450,179.4500000004928,-44334.30422916529,17266.064015796357,296.831072255331
179500,179.50000000049303,-44497.812274816984,17577.022674476048,302.17694564017
179550,179.55000000049327,-44588.526585168016,17621.58128350341,302.9429789227813
179600,179.6000000004935,-44267.38387663892,17274.930736616432,296.9835052734181
179650,179.65000000049375,-44483.874679005196,17482.810420021386,300.55728730438574
179700,179.700000000494,-44369.34268667201,17371.640517038173,298.6461000485735
179750,179.75000000049423,-44529.07829645891,17594.50159702789,302.4774360888435
179800,179.80000000049446,-44213.00589059769,17329.312935889055,297.91842167978183
179850,179.8500000004947,-44486.508950453295,17517.293063128596,301.1500987244261
179900,179.90000000049494,-44563.74978045134,17431.06199718009,299.6676496993444
179950,179.95000000049518,-44461.2437398062,17456.297721755782,300.10149189859084
180000,180.00000000049542,-44344.21255914743,17345.154666126415,298.19076619144545
180050,180.05000000049566,-44389.56813322035,17318.11033529831,297.72583117725867
180100,180.1000000004959,-44440.6773776742,17414.724696546917,299.38678554522875
180150,180.15000000049614,-44261.63676131084,17248.559589287124,296.5301433531101
180200,180.20000000049637,-44462.97335684345,17464.24336544717,300.23809013745495
180250,180.2500000004966,-44450.9412438709,17544.823340666015,301.623387934604
180300,180.30000000049685,-44281.13180749434,17314.967067156067,297.6717934039599
180350,180.3500000004971,-44671.57160468996,17528.34029033757,301.3400181116638
180400,180.40000000049733,-44516.9475895457,17425.12711413657,299.5656196306555
180450,180.45000000049757,-44449.327819170736,17357.317753333366,298.39986898489457
180500,180.5000000004978,-44811.98451869318,17759.031968391395,305.3059745736838
180550,180.55000000049804,-44556.7294068004,17399.83030665677,299.13072731924075
180600,180.60000000049828,-44533.08025871699,17426.489290924,299.58903761381856
180650,180.65000000049852,-44579.13923846183,17617.303703047208,302.86944051864293
180700,180.70000000049876,-44213.20009364545,17303.512476538264,297.47487079251715
180750,180.750000000499,-44630.85153901479,17813.64524872576,306.24486363063386
180800,180.80000000049924,-44221.41921161901,17377.387680444986,298.7449029184638
180850,180.85000000049948,-44427.33098686318,17463.543619227978,300.22606038821044
180900,180.90000000049972,-44375.04777396767,17375.759083263954,298.71690474545375
180950,180.95000000049995,-44307.5139800995,17289.884762511658,297.2405887370814
181000,181.0000000005002,-44540.92738857446,17443.409695955666,299.8799262589636
181050,181.05000000050043,-44542.70804185897,17333.56123796454,297.991456742039
181100,181.10000000050067,-44470.93660265999,17344.997993035373,298.1880727320928
181150,181.1500000005009,-44463.13927229858,17333.947044062763,297.99808936182507
181200,181.20000000050115,-44378.546094327605,17261.809459717526,296.7579296768201
181250,181.2500000005014,-44557.89725490396,17435.258554345117,299.73979518438
181300,181.30000000050163,-44052.00561826175,16951.867530805244,291.4295354920337
181350,181.35000000050186,-44570.21907360532,17395.995730574476,299.0648048641223
181400,181.4000000005021,-44486.55053181253,17206.77469847288,295.8117946933856
181450,181.45000000050234,-44623.38192183198,17373.0567655927,298.6704476113206
181500,181.50000000050258,-44697.426286615206,17314.71881252235,297.66752551238653
181550,181.55000000050282,-44583.32040980394,17156.367879429134,294.94522138912544
181600,181.60000000050306,-44912.92231749049,17516.621975576527,301.1385616632015
181650,181.6500000005033,-44838.71566710195,17481.226605332056,300.5300590135571
181700,181.70000000050354,-44710.38621076269,17331.15728875965,297.9501290358819
181750,181.75000000050377,-44512.94530849345,17192.58009870703,295.5677669714405
181800,181.800000000504,-44774.5521438472,17406.49321020216,299.2452732170146
181850,181.85000000050425,-45036.991139403224,17507.87092054717,300.9881171238233
181900,181.9000000005045,-44936.674765568634,17534.387247159957,301.443974906671
181950,181.95000000050473,-44520.15511844264,17098.226434834152,293.94567758308995
182000,182.00000000050497,-44602.3940522028,17175.778227578536,295.2789161124142
182050,182.0500000005052,-44544.08927821024,17111.1494063526,294.1678439951359
182100,182.10000000050545,-44385.99941360481,17099.762200934238,293.9720798423312
182150,182.15000000050568,-44696.13232038845,17383.090284424623,298.84293974100626
182200,182.20000000050592,-44729.35775030094,17300.671483537048,297.4260296091386
182250,182.25000000050616,-44594.57200738726,17262.689592882736,296.7730605642602
182300,182.3000000005064,-44504.68800044697,17219.739786631806,296.03468515739513
182350,182.35000000050664,-44688.11227701046,17244.88562949844,296.4669821472614
182400,182.40000000050688,-44611.941599840735,17191.810238441754,295.55453185034867
182450,182.45000000050712,-44527.02960292883,17230.480462302807,296.2193344366549
182500,182.50000000050736,-44696.63644148284,17348.731670739162,298.2522605837802
182550,182.5500000005076,-44575.93228783832,17257.142214207237,296.67769231131336
182600,182.60000000050783,-44649.113665410914,17274.660894710483,296.9788662623377
182650,182.65000000050807,-44349.840020147036,17119.604731148298,294.31320446194974
182700,182.7000000005083,-44561.29772260932,17372.29864648329,298.6574143393521
182750,182.75000000050855,-44371.83331409418,17302.973190619203,297.46559961076656
182800,182.8000000005088,-44206.5041022341,17219.50214511048,296.0305997220856
182850,182.85000000050903,-44291.43073159453,17443.598630599055,299.88317434565744
182900,182.90000000050927,-44322.88656629384,17335.282256456754,298.0210437842247
182950,182.9500000005095,-44548.21502937233,17655.539646027293,303.5267771266324
183000,183.00000000050974,-44292.182482808195,17414.18189577836,299.3774539376311
183050,183.05000000050998,-44534.09395566862,17746.09540191784,305.08357444276027
183100,183.10000000051022,-43930.04710989277,17248.760751063473,296.5336016436455
183150,183.15000000051046,-43947.45149616377,17529.736379916718,301.36401910959614
183200,183.2000000005107,-44379.56758741255,18005.104844930847,309.53635827487557
183250,183.25000000051094,-44027.11484200823,17841.25859437411,306.719580913615
183300,183.30000000051118,-43871.81283214862,17690.494108190964,304.12769986586574
183350,183.35000000051141,-43888.52529750488,17710.660544753115,304.47439295022104
183400,183.40000000051165,-43756.61513753361,17562.876650309274,301.9337530099486
183450,183.4500000005119,-43745.16774818825,17612.71389952915,302.7905345040203
183500,183.50000000051213,-44105.672813731086,17998.5130950298,309.42303562129473
183550,183.55000000051237,-44030.83021281452,18043.467022806773,310.1958650612829
183600,183.6000000005126,-43981.054640888826,17960.738307712276,308.77362701181556
183650,183.65000000051285,-43876.82132351356,17805.94722074589,306.1125222992554
183700,183.70000000051309,-43988.51711631855,17828.024754465252,306.4920701800391
183750,183.75000000051332,-44025.734391448146,17888.008964451496,307.52329405088284
183800,183.80000000051356,-44121.81170478849,17980.603379190085,309.1151391515709
183850,183.8500000005138,-44344.35785665168,18105.68725273479,311.2655296674497
183900,183.90000000051404,-44024.53004304883,17806.283027810656,306.1182953562193
183950,183.95000000051428,-44047.799872941585,17675.879426974087,303.8764502763642
184000,184.00000000051452,-44366.035400000124,17952.960966822346,308.6399221655031
184050,184.05000000051476,-44269.62370981621,17888.112410645248,307.5250724553058
184100,184.100000000515,-44098.29919321207,17415.763842465956,299.40465011454205
184150,184.15000000051523,-44297.187242171196,17547.45139925311,301.6685684370998
184200,184.20000000051547,-44514.38744395752,18018.51403417472,309.76688354211035
184250,184.2500000005157,-44408.85156376258,17789.83906167291,305.83559745261294
184300,184.30000000051595,-44281.53265956613,17606.352747604124,302.68117619601463
184350,184.3500000005162,-44440.16669016881,17576.480567797575,302.16762596508363
184400,184.40000000051643,-44262.81549746206,17400.707201664485,299.14580253760874
184450,184.45000000051667,-44311.515371095426,17551.99430414911,301.7466681898981
184500,184.5000000005169,-44463.70486810179,17588.313656495993,302.371055559879
184550,184.55000000051714,-44501.639969436175,17554.239592331705,301.7852682610059
184600,184.60000000051738,-44257.93146387196,17251.51522165105,296.58095536926925
184650,184.65000000051762,-44412.79250648663,17421.29893248064,299.4998071058856
184700,184.70000000051786,-44485.13271470982,17523.26713969809,301.252802592096
184750,184.7500000005181,-44344.5995725182,17426.133538492617,299.58292166431386
184800,184.80000000051834,-44404.45435580595,17533.350006571418,301.4261430930161
184850,184.85000000051858,-44178.03611334218,17161.046302857594,295.0256509208047
184900,184.90000000051882,-44723.043238327045,17540.038333603683,301.54112606092156
184950,184.95000000051905,-44403.941114730835,17276.103952523717,297.00367471883584
185000,185.0000000005193,-44563.991472806796,17342.0551329143,298.1374802910804
185050,185.05000000051953,-44640.32748478199,17475.20403023498,300.4265213791451
185100,185.10000000051977,-44520.18349159405,17270.703752324855,296.91083669773525
185150,185.15000000052,-44475.87401750093,17190.129105631862,295.5256305064114
185200,185.20000000052025,-44824.686298260975,17705.1860567654,304.38027780400387
185250,185.2500000005205,-44531.92204342437,17503.371134469362,300.91075865201566
185300,185.30000000052073,-44355.57906911682,17452.779491825353,300.04100793642465
185350,185.35000000052096,-44343.215974606916,17448.945671632016,299.9750984762384
185400,185.4000000005212,-44672.21710719164,17692.25860849429,304.158034429467
185450,185.45000000052144,-44843.368678762505,17886.086000643536,307.4902352478747
185500,185.50000000052168,-44287.983472472515,17390.245027824923,298.96594114730715
185550,185.55000000052192,-44627.589707229796,17564.06961561608,301.9542619789214
185600,185.60000000052216,-44596.422538761624,17594.71769352855,302.48115113101767
185650,185.6500000005224,-44726.99709505995,17746.164108822584,305.0847556236123
185700,185.70000000052264,-44504.55312803315,17449.44098985121,299.9836137833736
185750,185.75000000052287,-44484.03438379504,17344.51666631124,298.17979796098695
185800,185.8000000005231,-44534.57681308766,17447.00780293992,299.94178343459146
185850,185.85000000052335,-44392.48062587495,17303.649623635614,297.47722856901595
185900,185.9000000005236,-44567.729406241815,17380.032303718242,298.79036819423214
185950,185.95000000052383,-44312.77044411179,17086.84495872031,293.75001192613246
186000,186.00000000052407,-44378.26556803433,17126.751467228427,294.436068209695
186050,186.0500000005243,-44429.36039526785,17228.34068517842,296.1825482682706
186100,186.10000000052455,-44327.35489791311,17063.524063550736,293.34908868660284
186150,186.15000000052478,-44514.47782957791,17125.96122163804,294.42248263247694
186200,186.20000000052502,-44256.2587877158,16831.89306679573,289.3669838437471
186250,186.25000000052526,-44322.87942323624,17036.89644126373,292.891317554292
186300,186.3000000005255,-44453.10745800649,17161.6258439635,295.03561415317336
186350,186.35000000052574,-44291.852937675154,17125.25559700405,294.4103518239426
186400,186.40000000052598,-44442.80182739244,17468.239535454715,300.3067906488841
186450,186.45000000052622,-44406.22780879066,17381.208714473865,298.81059256416876
186500,186.50000000052646,-44500.625107531916,17495.171960913176,300.7698018319747
186550,186.5500000005267,-44352.08476888416,17220.756532230433,296.0521646296115
186600,186.60000000052693,-44515.628848995424,17278.478788604836,297.04450192414123
186650,186.65000000052717,-44548.0778200066,17351.408429842857,298.29827832553025
186700,186.7000000005274,-44486.642365048334,17411.067328948742,299.32390958549615
186750,186.75000000052765,-44515.080237488655,17436.261486208772,299.7570371765454
186800,186.8000000005279,-44355.94571796781,17258.111453980895,296.6943550829227
186850,186.85000000052813,-44241.77281183258,17211.2125089464,295.88808770609046
186900,186.90000000052837,-44218.03977353076,17118.714022523112,294.29789176555073
186950,186.9500000005286,-44431.08940655505,17419.852291730567,299.4749370530108
187000,187.00000000052884,-44406.476449811904,17416.025544452255,299.4091491874711
187050,187.05000000052908,-44476.97555210588,17435.841861782985,299.7498231659789
187100,187.10000000052932,-44644.41409455775,17597.014951977097,302.520644653566
187150,187.15000000052956,-44417.257015118696,17325.050060519032,297.84513607943785
187200,187.2000000005298,-44596.095945344,17414.098863561037,299.3760264818961
187250,187.25000000053004,-44440.084086473784,17112.814560055755,294.1964706328413
187300,187.30000000053028,-44441.9013406045,17173.692865922345,295.24306543238185
187350,187.3500000005305,-44644.035220028134,17376.60796920017,298.7314984433827
187400,187.40000000053075,-44478.703935339094,17141.550655159066,294.690489762745
187450,187.450000000531,-44861.49953287307,17480.821391468675,300.5230927434535
187500,187.50000000053123,-44760.24653782023,17561.50921686293,301.91024465646717
187550,187.55000000053147,-44616.978160200946,17677.328529694547,303.9013626544215
187600,187.6000000005317,-44446.07698423593,17672.26545971733,303.81432043745383
187650,187.65000000053195,-44233.24600131087,17722.79252074297,304.6829608924197
187700,187.70000000053219,-44387.91718088346,17836.95610341326,306.6456142583246
187750,187.75000000053242,-44382.29055304824,17851.547641486104,306.89646598041105
187800,187.80000000053266,-44394.81746519992,17765.15584895049,305.4112538099392
187850,187.8500000005329,-44195.147156497,17780.72676167665,305.67894253831827
187900,187.90000000053314,-44311.23757308568,17893.03863612639,307.60976209797144
187950,187.95000000053338,-44099.81800609717,17715.562151784874,304.55865936262865
188000,188.00000000053362,-44046.2549350152,17770.743355788574,305.50731192975536
188050,188.05000000053386,-44203.19723565705,17771.072603515116,305.51297222127386
188100,188.1000000005341,-44203.542632676676,17810.442764260028,306.1898078346531
188150,188.15000000053433,-44238.36395720683,17905.961187415352,307.8319212856049
188200,188.20000000053457,-44037.257955406094,17667.337120577093,303.72959445763024
188250,188.2500000005348,-44184.6028718233,17835.74383086931,306.62477336727045
188300,188.30000000053505,-44082.04267067285,17664.170276500685,303.6751513765664
188350,188.3500000005353,-44081.192901824266,17661.906964782436,303.63624145224543
188400,188.40000000053553,-44460.488855206655,18099.400246743167,311.1574460458401
188450,188.45000000053577,-44298.600188562676,17852.19899291743,306.9076637463639
188500,188.500000000536,-44322.045824448,17964.929639323094,308.8456826612721
188550,188.55000000053624,-44220.0292332763,17782.533942531838,305.7100108484157
188600,188.60000000053648,-44245.80803455593,17622.771811604856,302.96344599232185
188650,188.65000000053672,-44355.29282975582,17853.056102661936,306.92239882462314
188700,188.70000000053696,-44150.67963290896,17642.91880527269,303.30980482243353
188750,188.7500000005372,-44493.91228395961,18002.12921861847,309.48520253097666
188800,188.80000000053744,-44118.50903314272,17652.301518293145,303.4711085662386
188850,188.85000000053768,-44057.54378429111,17447.355943120307,299.9477685174073
188900,188.90000000053791,-44561.96920748434,17857.14107491849,306.9926259877992
188950,188.95000000053815,-44345.59731625786,17733.647789635877,304.86958021122643
189000,189.0000000005384,-43921.923549198524,17463.92322072525,300.23258634104843
189050,189.05000000053863,-44148.69331101797,17647.668268896632,303.3914556479397
189100,189.10000000053887,-44439.78168734722,17861.551576950813,307.0684495250131
189150,189.1500000005391,-44260.48821551946,17459.650966137615,300.1591394970523
189200,189.20000000053935,-44390.21151454597,17730.992633516278,304.8239338590952
189250,189.2500000005396,-44351.21538313295,17696.860399102952,304.237146521222
189300,189.30000000053982,-44268.18955664765,17713.413665677977,304.5217234729984
189350,189.35000000054006,-44040.25008698305,17419.72301359452,299.4727145564588
189400,189.4000000005403,-44300.72931434994,17582.778756178242,302.2759018297271
189450,189.45000000054054,-44293.949634712575,17539.521616184327,301.5322428675371
189500,189.50000000054078,-44160.8657379139,17275.654049202018,296.9959401659424
189550,189.55000000054102,-44255.55680502858,17339.88217234696,298.10012364659076
189600,189.60000000054126,-44342.37055662685,17571.962993573845,302.08996168678624
189650,189.6500000005415,-44300.964506465214,17471.88598727129,300.36947894898833
189700,189.70000000054173,-44496.80784216878,17389.367037716333,298.9508471024151
189750,189.75000000054197,-44324.326264648735,17315.888911764265,297.6876413773749
189800,189.8000000005422,-44437.15490023026,17545.441346399854,301.63401243503836
189850,189.85000000054245,-44505.3833426214,17622.74405794306,302.96296886278134
189900,189.9000000005427,-44442.69892441591,17482.365993950993,300.5496469141444
189950,189.95000000054293,-44577.51954044505,17696.881144971547,304.2375031756635
190000,190.00000000054317,-44439.95441638145,17640.13085435475,303.2618755167382
190050,190.0500000005434,-44290.17334318235,17375.89652558689,298.7192675973494
190100,190.10000000054364,-44581.65887849417,17417.87993423762,299.4410290940824
190150,190.15000000054388,-44386.039749536125,17249.20842186619,296.5412978159907
190200,190.20000000054412,-44450.35925109602,17250.854453595715,296.5695957165889
190250,190.25000000054436,-44595.28428483129,17358.995408927596,298.42871054997016
190300,190.3000000005446,-44511.20501968755,17346.599273810014,298.2156012926775
190350,190.35000000054484,-44499.36091053187,17199.75559452492,295.6911251447705
190400,190.40000000054508,-44496.631534154585,17111.503203971646,294.17392633831076
190450,190.45000000054532,-44787.14217301378,17396.487164605704,299.0732533958953
190500,190.50000000054555,-44610.012042390816,17209.552531203626,295.85955005136753
190550,190.5500000005458,-44628.74975527765,17245.778974846802,296.48234017312103
190600,190.60000000054603,-44854.41846165939,17421.43266246271,299.5021061367437
190650,190.65000000054627,-44837.19244262653,17429.35285514024,299.63826683224386
190700,190.7000000005465,-44581.06898569988,17228.240007157627,296.1808174531388
190750,190.75000000054675,-44667.9577573329,17343.48544510964,298.16206963015696
190800,190.800000000547,-44609.83013425325,17291.611184693513,297.2702686772771
190850,190.85000000054723,-44474.65911757919,17117.613824699216,294.2789776169954
190900,190.90000000054746,-44744.55579685618,17273.445986500974,296.9579800600052
190950,190.9500000005477,-44773.70902194821,17332.060226252594,297.9656519659467
191000,191.00000000054794,-44733.208924817474,17255.67946108223,296.65254526111454
191050,191.05000000054818,-44544.1381688354,17047.187064606143,293.0682297189933
191100,191.10000000054842,-44449.19769486099,17061.26134975354,293.3101890414947
191150,191.15000000054866,-44425.93017559123,17066.63568793094,293.40258245335747
191200,191.2000000005489,-44691.3533511231,17272.860961992177,296.9479225592289
191250,191.25000000054914,-44657.348196536215,17248.104773929983,296.5223243545233
191300,191.30000000054937,-44557.379369573784,17063.34498320796,293.34601001099287
191350,191.3500000005496,-44691.374560414915,17312.115959350827,297.6227783310301
191400,191.40000000054985,-44505.974452983064,17311.5141766093,297.6124327296082
191450,191.4500000005501,-44580.99533817744,17393.109498556616,299.01518595017325
191500,191.50000000055033,-44760.33908584664,17560.938932133737,301.9004405559204
191550,191.55000000055057,-44484.31073525029,17405.452052021104,299.22737405372027
191600,191.6000000005508,-44368.51967445937,17412.45855106193,299.34782690395537
191650,191.65000000055105,-44175.072659335994,17328.59189296976,297.90602580642695
191700,191.70000000055128,-44184.6921419721,17469.78255746288,300.3333176487133
191750,191.75000000055152,-44507.447197260524,17686.193396557894,304.05376380004685
191800,191.80000000055176,-44478.02530957649,17730.139813202302,304.80927252296163
191850,191.850000000552,-44410.28790696866,17618.150322104106,302.88399524531496
191900,191.90000000055224,-44534.27147326847,17621.777536933136,302.9463528310401
191950,191.95000000055248,-44596.53012200332,17725.723166641234,304.7333433515364
192000,192.00000000055272,-44638.10851699733,17800.55403799381,306.01980491921415
192050,192.05000000055296,-44490.145426113784,17721.444008773015,304.6597778291793
192100,192.1000000005532,-44319.13941407775,17554.664945265275,301.7925807537224
192150,192.15000000055343,-44508.96828942884,17705.492461786394,304.3855453931222
192200,192.20000000055367,-44500.99490088858,17678.375091120415,303.91935470807874
192250,192.2500000005539,-44390.499899635164,17658.94841050082,303.5853792036788
192300,192.30000000055415,-44258.95559171613,17498.77147711055,300.83168323421495
192350,192.3500000005544,-44358.03150227672,17573.43568656576,302.1152796190894
192400,192.40000000055463,-44502.560424086696,17774.795373353652,305.5769725494275
192450,192.45000000055487,-44437.89550794485,17732.711704360037,304.8534874181095
192500,192.5000000005551,-44342.005426130374,17538.47566462344,301.5142612984278
192550,192.55000000055534,-44181.76786289241,17331.400634850997,297.9543125418134
192600,192.60000000055558,-44209.315514301896,17207.62727352006,295.82645181299324
192650,192.65000000055582,-44293.05997251357,17302.72345485874,297.46130625627126
192700,192.70000000055606,-44233.75342437289,17013.206799725962,292.4840549788396
192750,192.7500000005563,-44484.99021533169,17323.68490238416,297.8216668421756
192800,192.80000000055654,-44541.923153764124,17293.20666978668,297.2976976008893
192850,192.85000000055678,-44266.58339970598,16997.029174169376,292.20593589297766
192900,192.90000000055701,-44481.0250139842,17226.141959495835,296.1447486805151
192950,192.95000000055725,-44580.27225488582,17555.042886650393,301.79907816659494
193000,193.0000000005575,-44592.089564315494,17374.550470554088,298.69612677276217
193050,193.05000000055773,-44471.66385090167,17310.289292926733,297.59137503304504
193100,193.10000000055797,-44500.29617505531,17196.193523250215,295.62988748024236
193150,193.1500000005582,-44769.57748154407,17452.791392516152,300.0412125282069
193200,193.20000000055845,-44567.18442376952,17338.19727639049,298.07115760818505
193250,193.25000000055869,-44644.38148409069,17404.198506406912,299.20582361301524
193300,193.30000000055892,-44557.64936690141,17192.478261771423,295.56601623272184
193350,193.35000000055916,-44786.852768993595,17310.62995367104,297.59723153247165
193400,193.4000000005594,-44793.230822242884,17326.604813400263,297.8718647516127
193450,193.45000000055964,-44560.465851366964,17111.804273261023,294.17910219772534
193500,193.50000000055988,-44924.82249210834,17361.76199194824,298.4762725075622
193550,193.55000000056012,-44733.58719690928,16829.388184519168,289.3239209377284
193600,193.60000000056036,-44935.39428281338,17225.70556740109,296.13724640707926
193650,193.6500000005606,-44642.61303153808,16955.1985325075,291.4868007034948
193700,193.70000000056083,-44859.00181876316,17136.27285660618,294.599756020407
193750,193.75000000056107,-44898.660648784564,17239.26653308404,296.37038095243975
193800,193.8000000005613,-44928.165273010105,17134.55730161901,294.57026290455343
193850,193.85000000056155,-44621.40961137222,16801.850501848057,288.8505044215372
193900,193.9000000005618,-45015.84361401103,17271.06693871916,296.9170804488734
193950,193.95000000056203,-44710.85502775587,17034.35748147,292.84766880161186
194000,194.00000000056227,-44922.01364304335,17254.22677822827,296.62757133487446
194050,194.0500000005625,-44900.03018076583,17323.70315843408,297.8219806926784
194100,194.10000000056274,-44647.14114034955,17024.42692629865,292.6769467808371
194150,194.15000000056298,-44531.007176661224,16832.542232496806,289.37814403352434
194200,194.20000000056322,-44875.05386997713,17287.581722664123,297.20099582309905
194250,194.25000000056346,-44647.762028274155,17059.949788214188,293.28764121486216
194300,194.3000000005637,-44646.72309001652,17171.925710570224,295.2126852242735
194350,194.35000000056394,-44420.017007427756,16886.849015148528,290.3117639083551
194400,194.40000000056418,-44591.59651477134,16980.87286594753,291.9281832859683
194450,194.45000000056442,-44637.31271898059,17032.286428698048,292.81206411403315
194500,194.50000000056465,-44377.7653740542,16787.653391488177,288.60643353849196
194550,194.5500000005649,-44439.48127850836,16928.420523445253,291.02644418358744
194600,194.60000000056513,-44713.95399256106,17138.06453435441,294.6305578074649
194650,194.65000000056537,-44705.71690921727,17343.200552219954,298.15717186875366
194700,194.7000000005656,-44542.24332792971,17100.689952297693,293.9880293622536
194750,194.75000000056585,-44604.85610096767,17361.621532127127,298.4738577800788
194800,194.8000000005661,-44451.83088697941,17338.520042859953,298.07670647659717
194850,194.85000000056633,-44255.606709394415,17152.638383538368,294.88110542944787
194900,194.90000000056656,-44716.900165005085,17515.137301060753,301.1130377494673
194950,194.9500000005668,-44611.590881393175,17618.055005082053,302.8823565942689
195000,195.00000000056704,-44335.1480904839,17325.04147255214,297.8449884386427
195050,195.05000000056728,-44607.92484730112,17561.779905101026,301.9148982173417
195100,195.10000000056752,-44418.51300763622,17347.401070077438,298.2293854443853
195150,195.15000000056776,-44417.06166454392,17391.897691584847,298.9943530630446
195200,195.200000000568,-44443.21740592653,17463.857867069466,300.2314628078735
195250,195.25000000056824,-44208.275431474234,17129.98923848853,294.49173064173374
195300,195.30000000056847,-44259.170367749706,17228.853280582152,296.1913605976575
195350,195.3500000005687,-44456.1819484705,17381.10079561352,298.80873726750104
195400,195.40000000056895,-44431.34231189909,17400.966224088068,299.1502555445975
195450,195.4500000005692,-44506.93053073779,17464.09240461709,300.2354948809437
195500,195.50000000056943,-44385.85341394777,17415.162810087255,299.3943174130493
195550,195.55000000056967,-44545.770128898344,17467.02253688988,300.2858685100224
195600,195.6000000005699,-44608.08517600421,17381.67803471961,298.81866092483557
195650,195.65000000057015,-44513.27844054471,17328.13040759816,297.89809213969454
195700,195.70000000057038,-44433.51241915971,17140.567471826984,294.6735872792133
195750,195.75000000057062,-44517.68892127593,17254.130385306467,296.6259141874024
195800,195.80000000057086,-44629.401284200445,17332.124794287214,297.96676199304557
195850,195.8500000005711,-44379.81232308536,17096.02288679625,293.9077950913849
195900,195.90000000057134,-44506.36714983969,17155.905942260673,294.9372799552872
195950,195.95000000057158,-44682.496073328046,17343.063840652092,298.15482157969876
196000,196.00000000057182,-44710.731217808854,17323.358772342894,297.8160601486203
196050,196.05000000057206,-44971.0447437125,17660.786069372374,303.6169714793002
196100,196.1000000005723,-44699.154282549025,17216.669628949116,295.9819042690518
196150,196.15000000057253,-44854.86897036813,17591.363897977342,302.4234940570789
196200,196.20000000057277,-44538.77174423463,17439.564761017624,299.81382571865714
196250,196.250000000573,-44422.44612536035,17424.570978204763,299.556058770415
196300,196.30000000057325,-44501.78972880269,17602.185278780584,302.6095307857839
196350,196.3500000005735,-44399.62852973983,17528.992336123716,301.35122781467913
196400,196.40000000057373,-44352.423632185455,17411.825474155386,299.3369433061175
196450,196.45000000057397,-44453.591932488955,17549.427061366918,301.702533207711
196500,196.5000000005742,-44381.16448113075,17387.811569784662,298.9241061373872
196550,196.55000000057444,-44458.73120028654,17434.00516921018,299.7182475025683
196600,196.60000000057468,-44408.2695139229,17235.387824604673,296.30369979129944
196650,196.65000000057492,-44442.91499948151,17316.773603798247,297.7028506390122
196700,196.70000000057516,-44462.01191936636,17393.698062279993,299.02530429567116
196750,196.7500000005754,-44516.79912848445,17565.813681122785,301.98424523590256
196800,196.80000000057564,-44311.01587299875,17352.364726810683,298.3147185897442
196850,196.85000000057587,-44345.30798385076,17342.587881489108,298.1466390854969
196900,196.9000000005761,-44624.57747556575,17536.19059540927,301.47497732818425
196950,196.95000000057635,-44582.69823979845,17486.896387293687,300.6275315734634
197000,197.0000000005766,-44224.167829542195,17292.447227857414,297.2846415875458
197050,197.05000000057683,-44409.00853286171,17533.06953950806,301.42132141859895
197100,197.10000000057707,-44285.56329783498,17537.159157900478,301.4916284562322
197150,197.1500000005773,-44281.918468355834,17573.889013723932,302.1230730331714
197200,197.20000000057755,-44296.49422702788,17552.61904943466,301.75740855393394
197250,197.25000000057778,-44374.10564085161,17722.339003923815,304.67516421776395
197300,197.30000000057802,-43939.35383625699,17353.438885624717,298.33318508634994
197350,197.35000000057826,-44339.20315119782,17649.588912820538,303.42447456845525
197400,197.4000000005785,-44371.03627703393,17477.05499787006,300.458342453556
197450,197.45000000057874,-44532.057661874875,17698.511781002286,304.26553639973935
197500,197.50000000057898,-44262.01991129516,17554.337570313004,301.786952658169
197550,197.55000000057922,-44394.90410708553,17700.66832968593,304.3026108978735
197600,197.60000000057946,-44488.42138947389,17854.15799976789,306.94134218653676
197650,197.6500000005797,-44164.1168467818,17532.20110988123,301.40639173357783
197700,197.70000000057993,-44123.19785442732,17419.47298101262,299.4684160991314
197750,197.75000000058017,-44464.81096001878,17973.65934220722,308.99576012334995
197800,197.8000000005804,-44281.979602899606,17792.99263455778,305.8898123808094
197850,197.85000000058065,-44323.01012691639,17986.34380061076,309.213826116008
197900,197.9000000005809,-43991.07618634243,17658.21747307293,303.57281322800117
197950,197.95000000058113,-44304.708080598946,17933.68878818399,308.308602795629
198000,198.00000000058137,-44076.57487685277,17771.34520269808,305.5176586343267
198050,198.0500000005816,-44103.20488664385,17764.91508017417,305.4071146121478
198100,198.10000000058184,-44264.021376475,17868.091855775037,307.1808873090076
198150,198.15000000058208,-44192.69417420365,17765.27344297302,305.41327543801646
198200,198.20000000058232,-44115.05928364539,17676.839037547867,303.89294750672906
198250,198.25000000058256,-44214.68326254085,17715.786739988638,304.5625203906706
198300,198.3000000005828,-44024.433475875034,17610.470545512635,302.75196768430027
198350,198.35000000058304,-44084.8337703514,17382.278924667404,298.8289911777147
198400,198.40000000058328,-44044.07987848916,17491.017042451494,300.698372182404
198450,198.45000000058351,-44121.77588213219,17626.678371329046,303.03060596060993
198500,198.50000000058375,-44087.80725616844,17611.03477891358,302.76166775290034
198550,198.550000000584,-44038.98695917414,17645.780086456667,303.358994791907
198600,198.60000000058423,-44220.61430827287,17699.74684616244,304.2867691320783
198650,198.65000000058447,-44182.944288025225,17413.231451713407,299.3611142941164
198700,198.7000000005847,-44325.18318932958,17495.263314008156,300.7713723368166
198750,198.75000000058495,-44481.34513091344,17579.598901766272,302.22123508032445
198800,198.8000000005852,-44271.98038375255,17233.40403181739,296.2695952414934
198850,198.85000000058542,-44339.11182435542,17477.804069823327,300.47122019053654
198900,198.90000000058566,-44640.7767895659,17822.998889660936,306.4056675791041
198950,198.9500000005859,-44413.34804776403,17517.952844641684,301.16144141687784
199000,199.00000000058614,-44616.41073953515,17640.573023603094,303.269477108623
199050,199.05000000058638,-44510.799300460625,17539.729195143333,301.53581147963786
199100,199.10000000058662,-44488.70150874656,17637.046147159774,303.2088444991629
199150,199.15000000058686,-44465.070080627665,17715.349527633865,304.5550040156617
199200,199.2000000005871,-44362.9078583197,17692.47536686502,304.1617608502393
199250,199.25000000058733,-44353.51346911649,17700.42580051878,304.2984414361668
199300,199.30000000058757,-44333.77567558429,17619.383776193805,302.9052002807931
199350,199.3500000005878,-44189.32281004767,17458.55073908185,300.1402248459548
199400,199.40000000058805,-44699.26267427963,17885.997004433353,307.48870526162705
199450,199.4500000005883,-44377.98109846188,17535.527352086563,301.4635751217251
199500,199.50000000058853,-44287.193885574554,17418.695544288745,299.455050726679
199550,199.55000000058877,-44319.58370169013,17406.63413372666,299.24769591629604
199600,199.600000000589,-44574.80504831077,17690.40290143531,304.1261318768294
199650,199.65000000058924,-44232.56060763353,17440.9815418178,299.8381824315526
199700,199.70000000058948,-44153.16887736716,17527.203700501686,301.32047832660385
199750,199.75000000058972,-44182.342310272354,17583.57445545328,302.289581164449
199800,199.80000000058996,-44508.59687817273,17836.357441864748,306.6353223151695
199850,199.8500000005902,-44275.950005335515,17540.02610991604,301.5409159163103
199900,199.90000000059044,-44333.32558533014,17386.555601801676,298.902514052314
199950,199.95000000059068,-44398.98246925513,17694.151000217422,304.190567649765
200000,200.00000000059092,-44185.40145649324,17473.466989609733,300.3966588910371
