Coefficients and Mulliken populations of the atomic orbitals

Eigenvector:   1    (up)

    1 C   s            -0.232966   0.106662
          p_y          -0.003496   0.000066
          p_z          -0.004406   0.000085
          p_x           0.011151   0.000627

    2 C   s            -0.153285   0.045491
          p_y          -0.008225   0.000328
          p_z          -0.005954   0.000151
          p_x           0.022042   0.002283

    3 C   s            -0.232977   0.106672
          p_y           0.007062   0.000250
          p_z          -0.007736   0.000282
          p_x          -0.006794   0.000246

    4 C   s            -0.201765   0.077836
          p_y          -0.014492   0.000974
          p_z           0.004573   0.000097
          p_x           0.024630   0.002814

    5 C   s            -0.134564   0.036271
          p_y           0.000214  -0.000000
          p_z          -0.009916   0.000459
          p_x           0.008928   0.000408

    6 H   s             0.015797   0.001546

    7 C   s            -0.153301   0.045501
          p_y           0.013753   0.000886
          p_z          -0.012882   0.000751
          p_x          -0.015293   0.001126

    8 C   s            -0.201765   0.077836
          p_y           0.014491   0.000974
          p_z          -0.004573   0.000097
          p_x          -0.024630   0.002814

    9 C   s            -0.232976   0.106671
          p_y          -0.007062   0.000250
          p_z           0.007736   0.000282
          p_x           0.006794   0.000246

   10 H   s             0.021117   0.002704

   11 C   s            -0.064844   0.008462
          p_y          -0.002232   0.000028
          p_z          -0.006726   0.000210
          p_x           0.010787   0.000583

   12 C   s            -0.134572   0.036275
          p_y           0.006153   0.000192
          p_z          -0.011786   0.000665
          p_x          -0.001152   0.000010

   13 H   s             0.015800   0.001547

   14 H   s             0.021117   0.002704

   15 C   s            -0.232965   0.106661
          p_y           0.003496   0.000066
          p_z           0.004407   0.000085
          p_x          -0.011151   0.000627

   16 C   s            -0.153299   0.045501
          p_y          -0.013753   0.000886
          p_z           0.012882   0.000751
          p_x           0.015293   0.001126

   17 C   s            -0.040877   0.003427
          p_y           0.001132   0.000006
          p_z          -0.006853   0.000241
          p_x           0.004187   0.000096

   18 H   s             0.006364   0.000268

   19 C   s            -0.064849   0.008463
          p_y           0.007028   0.000246
          p_z          -0.009639   0.000445
          p_x          -0.004929   0.000130

   20 C   s            -0.153282   0.045490
          p_y           0.008225   0.000328
          p_z           0.005954   0.000151
          p_x          -0.022041   0.002283

   21 C   s            -0.134570   0.036274
          p_y          -0.006153   0.000192
          p_z           0.011786   0.000665
          p_x           0.001152   0.000010

   22 H   s             0.015800   0.001547

   23 C   s            -0.040879   0.003427
          p_y           0.003052   0.000050
          p_z          -0.007457   0.000289
          p_x           0.000930   0.000003

   24 H   s             0.003277   0.000077

   25 H   s             0.006365   0.000268

   26 H   s             0.015797   0.001546

   27 C   s            -0.134562   0.036270
          p_y          -0.000214  -0.000000
          p_z           0.009916   0.000459
          p_x          -0.008928   0.000408

   28 C   s            -0.064848   0.008463
          p_y          -0.007028   0.000246
          p_z           0.009639   0.000445
          p_x           0.004929   0.000130

   29 H   s             0.003277   0.000077

   30 C   s            -0.064843   0.008461
          p_y           0.002232   0.000028
          p_z           0.006726   0.000210
          p_x          -0.010786   0.000583

   31 C   s            -0.040878   0.003427
          p_y          -0.003052   0.000050
          p_z           0.007456   0.000289
          p_x          -0.000930   0.000003

   32 H   s             0.006365   0.000268

   33 C   s            -0.040877   0.003427
          p_y          -0.001132   0.000006
          p_z           0.006853   0.000241
          p_x          -0.004187   0.000096

   34 H   s             0.006364   0.000268

   35 H   s             0.003277   0.000077

   36 H   s             0.003278   0.000077

Eigenvector:   2    (up)

    1 C   s             0.131702   0.032680
          p_y           0.010206   0.000461
          p_z          -0.024005   0.002494
          p_x           0.002275   0.000018

    2 C   s             0.168407   0.052795
          p_y           0.015035   0.000990
          p_z          -0.013098   0.000719
          p_x          -0.017663   0.001406

    3 C   s             0.131710   0.032684
          p_y           0.003233   0.000041
          p_z          -0.021806   0.002043
          p_x           0.014132   0.000889

    4 C   s            -0.000006   0.000000
          p_y           0.008190   0.000272
          p_z          -0.027913   0.003162
          p_x           0.010003   0.000406

    5 C   s             0.220336   0.093201
          p_y           0.004382   0.000096
          p_z           0.002607   0.000029
          p_x          -0.011214   0.000605

    6 H   s            -0.018301   0.001920

    7 C   s             0.168423   0.052806
          p_y          -0.009638   0.000422
          p_z          -0.005321   0.000108
          p_x           0.024258   0.002585

    8 C   s             0.000004   0.000000
          p_y           0.008190   0.000272
          p_z          -0.027913   0.003162
          p_x           0.010002   0.000406

    9 C   s            -0.131713   0.032686
          p_y           0.003233   0.000041
          p_z          -0.021805   0.002043
          p_x           0.014132   0.000889

   10 H   s             0.000002   0.000000

   11 C   s             0.134847   0.035162
          p_y           0.006623   0.000216
          p_z           0.008148   0.000290
          p_x          -0.020886   0.002057

   12 C   s             0.220347   0.093211
          p_y          -0.006968   0.000233
          p_z           0.006181   0.000175
          p_x           0.008057   0.000321

   13 H   s            -0.018304   0.001921

   14 H   s            -0.000002   0.000000

   15 C   s            -0.131705   0.032681
          p_y           0.010206   0.000461
          p_z          -0.024005   0.002494
          p_x           0.002275   0.000018

   16 C   s            -0.168425   0.052807
          p_y          -0.009638   0.000422
          p_z          -0.005321   0.000108
          p_x           0.024258   0.002585

   17 C   s             0.099895   0.019614
          p_y          -0.001815   0.000014
          p_z           0.014748   0.001053
          p_x          -0.010246   0.000534

   18 H   s            -0.013900   0.001184

   19 C   s             0.134856   0.035167
          p_y          -0.013232   0.000823
          p_z           0.014394   0.000941
          p_x           0.012815   0.000798

   20 C   s            -0.168408   0.052796
          p_y           0.015035   0.000990
          p_z          -0.013098   0.000719
          p_x          -0.017663   0.001406

   21 C   s            -0.220348   0.093212
          p_y          -0.006968   0.000233
          p_z           0.006181   0.000175
          p_x           0.008057   0.000321

   22 H   s             0.018304   0.001921

   23 C   s             0.099897   0.019615
          p_y          -0.007313   0.000270
          p_z           0.016477   0.001328
          p_x          -0.000919   0.000002

   24 H   s            -0.008995   0.000526

   25 H   s            -0.013902   0.001184

   26 H   s             0.018301   0.001920

   27 C   s            -0.220336   0.093202
          p_y           0.004382   0.000096
          p_z           0.002607   0.000029
          p_x          -0.011214   0.000605

   28 C   s            -0.134856   0.035168
          p_y          -0.013232   0.000823
          p_z           0.014394   0.000941
          p_x           0.012815   0.000798

   29 H   s            -0.008995   0.000526

   30 C   s            -0.134848   0.035163
          p_y           0.006623   0.000216
          p_z           0.008148   0.000290
          p_x          -0.020886   0.002057

   31 C   s            -0.099898   0.019615
          p_y          -0.007314   0.000270
          p_z           0.016477   0.001328
          p_x          -0.000919   0.000002

   32 H   s             0.013902   0.001184

   33 C   s            -0.099897   0.019615
          p_y          -0.001815   0.000014
          p_z           0.014748   0.001053
          p_x          -0.010247   0.000534

   34 H   s             0.013900   0.001184

   35 H   s             0.008995   0.000526

   36 H   s             0.008996   0.000526

Eigenvector:   3    (up)

    1 C   s             0.133814   0.032089
          p_y          -0.004186   0.000069
          p_z           0.027032   0.002941
          p_x          -0.017161   0.001199

    2 C   s            -0.029425   0.001538
          p_y          -0.012812   0.000638
          p_z           0.036852   0.005220
          p_x          -0.009187   0.000314

    3 C   s             0.133818   0.032092
          p_y          -0.012439   0.000629
          p_z           0.029633   0.003543
          p_x          -0.003142   0.000038

    4 C   s             0.162128   0.046174
          p_y           0.012031   0.000584
          p_z          -0.003797   0.000058
          p_x          -0.020446   0.001686

    5 C   s            -0.185657   0.062930
          p_y          -0.011934   0.000602
          p_z           0.022660   0.002145
          p_x           0.002468   0.000029

    6 H   s             0.003443   0.000061

    7 C   s            -0.029424   0.001538
          p_y          -0.008392   0.000265
          p_z           0.035458   0.004818
          p_x          -0.016710   0.001091

    8 C   s             0.162127   0.046174
          p_y          -0.012031   0.000584
          p_z           0.003797   0.000058
          p_x           0.020446   0.001686

    9 C   s             0.133820   0.032093
          p_y           0.012439   0.000629
          p_z          -0.029633   0.003543
          p_x           0.003141   0.000038

   10 H   s            -0.019137   0.001878

   11 C   s            -0.174408   0.056127
          p_y          -0.012587   0.000695
          p_z           0.001941   0.000015
          p_x           0.023289   0.002400

   12 C   s            -0.185663   0.062934
          p_y          -0.000259   0.000000
          p_z           0.018982   0.001497
          p_x          -0.017367   0.001279

   13 H   s             0.003442   0.000061

   14 H   s            -0.019137   0.001878

   15 C   s             0.133815   0.032090
          p_y           0.004186   0.000069
          p_z          -0.027032   0.002941
          p_x           0.017162   0.001199

   16 C   s            -0.029423   0.001538
          p_y           0.008393   0.000265
          p_z          -0.035458   0.004818
          p_x           0.016710   0.001091

   17 C   s            -0.162075   0.049101
          p_y           0.000785   0.000002
          p_z          -0.019498   0.001718
          p_x           0.016762   0.001297

   18 H   s             0.019134   0.002043

   19 C   s            -0.174415   0.056132
          p_y           0.013907   0.000857
          p_z          -0.006394   0.000187
          p_x          -0.021687   0.002066

   20 C   s            -0.029424   0.001538
          p_y           0.012812   0.000638
          p_z          -0.036852   0.005220
          p_x           0.009187   0.000314

   21 C   s            -0.185662   0.062933
          p_y           0.000259   0.000000
          p_z          -0.018983   0.001497
          p_x           0.017367   0.001279

   22 H   s             0.003442   0.000061

   23 C   s            -0.162078   0.049102
          p_y           0.011609   0.000620
          p_z          -0.022901   0.002383
          p_x          -0.001602   0.000014

   24 H   s             0.016717   0.001628

   25 H   s             0.019135   0.002044

   26 H   s             0.003443   0.000061

   27 C   s            -0.185656   0.062929
          p_y           0.011934   0.000602
          p_z          -0.022661   0.002145
          p_x          -0.002468   0.000029

   28 C   s            -0.174416   0.056132
          p_y          -0.013907   0.000857
          p_z           0.006394   0.000187
          p_x           0.021687   0.002066

   29 H   s             0.016717   0.001628

   30 C   s            -0.174410   0.056128
          p_y           0.012588   0.000695
          p_z          -0.001942   0.000015
          p_x          -0.023289   0.002400

   31 C   s            -0.162081   0.049104
          p_y          -0.011609   0.000620
          p_z           0.022901   0.002383
          p_x           0.001602   0.000014

   32 H   s             0.019135   0.002044

   33 C   s            -0.162080   0.049104
          p_y          -0.000785   0.000002
          p_z           0.019498   0.001718
          p_x          -0.016763   0.001297

   34 H   s             0.019134   0.002044

   35 H   s             0.016717   0.001629

   36 H   s             0.016720   0.001629

Eigenvector:   4    (up)

    1 C   s             0.198391   0.066274
          p_y           0.014037   0.000717
          p_z          -0.023835   0.002098
          p_x          -0.005534   0.000105

    2 C   s             0.129834   0.028318
          p_y           0.001216   0.000008
          p_z           0.025891   0.002335
          p_x          -0.026850   0.002642

    3 C   s             0.198401   0.066280
          p_y          -0.001486   0.000007
          p_z          -0.018939   0.001334
          p_x           0.020854   0.001578

    4 C   s            -0.000004   0.000000
          p_y           0.015115   0.000789
          p_z          -0.051508   0.009168
          p_x           0.018458   0.001177

    5 C   s            -0.029879   0.001535
          p_y          -0.014861   0.000840
          p_z           0.046091   0.008108
          p_x          -0.013774   0.000729

    6 H   s            -0.016487   0.001271

    7 C   s             0.129847   0.028324
          p_y          -0.018195   0.001207
          p_z           0.032008   0.003623
          p_x           0.006115   0.000156

    8 C   s             0.000007   0.000000
          p_y           0.015114   0.000789
          p_z          -0.051508   0.009168
          p_x           0.018458   0.001177

    9 C   s            -0.198399   0.066279
          p_y          -0.001486   0.000007
          p_z          -0.018940   0.001335
          p_x           0.020854   0.001578

   10 H   s             0.000003   0.000000

   11 C   s            -0.154491   0.041557
          p_y          -0.018247   0.001292
          p_z           0.024687   0.002236
          p_x           0.013168   0.000738

   12 C   s            -0.029877   0.001535
          p_y          -0.011865   0.000540
          p_z           0.045143   0.007784
          p_x          -0.018883   0.001355

   13 H   s            -0.016489   0.001272

   14 H   s            -0.000003   0.000000

   15 C   s            -0.198388   0.066272
          p_y           0.014037   0.000717
          p_z          -0.023836   0.002098
          p_x          -0.005534   0.000105

   16 C   s            -0.129851   0.028326
          p_y          -0.018195   0.001207
          p_z           0.032007   0.003623
          p_x           0.006116   0.000156

   17 C   s            -0.207397   0.075543
          p_y          -0.003213   0.000039
          p_z          -0.016488   0.001132
          p_x           0.021896   0.001943

   18 H   s             0.018400   0.001679

   19 C   s            -0.154492   0.041557
          p_y           0.006051   0.000163
          p_z           0.017041   0.001020
          p_x          -0.028087   0.003085

   20 C   s            -0.129835   0.028319
          p_y           0.001216   0.000008
          p_z           0.025890   0.002335
          p_x          -0.026850   0.002642

   21 C   s             0.029869   0.001534
          p_y          -0.011865   0.000540
          p_z           0.045143   0.007784
          p_x          -0.018883   0.001355

   22 H   s             0.016490   0.001272

   23 C   s            -0.207398   0.075544
          p_y           0.014476   0.000851
          p_z          -0.022050   0.002006
          p_x          -0.008119   0.000257

   24 H   s             0.025313   0.003284

   25 H   s             0.018400   0.001679

   26 H   s             0.016487   0.001271

   27 C   s             0.029874   0.001534
          p_y          -0.014861   0.000840
          p_z           0.046091   0.008108
          p_x          -0.013775   0.000729

   28 C   s             0.154488   0.041555
          p_y           0.006050   0.000163
          p_z           0.017042   0.001020
          p_x          -0.028087   0.003085

   29 H   s             0.025313   0.003284

   30 C   s             0.154491   0.041557
          p_y          -0.018247   0.001292
          p_z           0.024687   0.002236
          p_x           0.013168   0.000738

   31 C   s             0.207399   0.075545
          p_y           0.014476   0.000851
          p_z          -0.022049   0.002006
          p_x          -0.008120   0.000257

   32 H   s            -0.018399   0.001679

   33 C   s             0.207401   0.075547
          p_y          -0.003214   0.000039
          p_z          -0.016488   0.001132
          p_x           0.021896   0.001943

   34 H   s            -0.018400   0.001679

   35 H   s            -0.025313   0.003284

   36 H   s            -0.025318   0.003286

Eigenvector:   5    (up)

    1 C   s             0.186830   0.057278
          p_y          -0.035957   0.004392
          p_z           0.018513   0.001158
          p_x           0.054313   0.010037

    2 C   s             0.203757   0.067814
          p_y           0.000239  -0.000000
          p_z           0.012287   0.000535
          p_x          -0.012077   0.000459

    3 C   s            -0.186797   0.057258
          p_y          -0.031316   0.003338
          p_z           0.002703   0.000026
          p_x           0.059992   0.012229

    4 C   s             0.275339   0.122396
          p_y           0.005687   0.000093
          p_z          -0.001800   0.000009
          p_x          -0.009668   0.000268

    5 C   s             0.103124   0.017719
          p_y          -0.022466   0.001749
          p_z           0.019243   0.001276
          p_x           0.026679   0.002475

    6 H   s            -0.033947   0.005113

    7 C   s            -0.203746   0.067807
          p_y           0.008232   0.000217
          p_z          -0.014956   0.000768
          p_x          -0.002311   0.000009

    8 C   s            -0.275340   0.122397
          p_y           0.005687   0.000093
          p_z          -0.001800   0.000009
          p_x          -0.009669   0.000268

    9 C   s             0.186795   0.057257
          p_y          -0.031316   0.003338
          p_z           0.002703   0.000026
          p_x           0.059992   0.012229

   10 H   s            -0.046419   0.009385

   11 C   s             0.079167   0.010609
          p_y          -0.001596   0.000011
          p_z           0.010693   0.000423
          p_x          -0.006889   0.000164

   12 C   s            -0.103108   0.017714
          p_y          -0.014602   0.000742
          p_z          -0.007562   0.000195
          p_x           0.036285   0.004564

   13 H   s             0.033948   0.005113

   14 H   s             0.046419   0.009385

   15 C   s            -0.186829   0.057278
          p_y          -0.035957   0.004392
          p_z           0.018513   0.001158
          p_x           0.054312   0.010037

   16 C   s             0.203744   0.067806
          p_y           0.008232   0.000217
          p_z          -0.014956   0.000768
          p_x          -0.002311   0.000009

   17 C   s             0.027338   0.001271
          p_y          -0.007337   0.000191
          p_z           0.009539   0.000327
          p_x           0.005660   0.000112

   18 H   s            -0.012745   0.000761

   19 C   s            -0.079167   0.010609
          p_y           0.004983   0.000087
          p_z          -0.011755   0.000504
          p_x           0.001147   0.000007

   20 C   s            -0.203754   0.067812
          p_y           0.000239  -0.000000
          p_z           0.012287   0.000535
          p_x          -0.012077   0.000459

   21 C   s             0.103108   0.017714
          p_y          -0.014601   0.000742
          p_z          -0.007562   0.000195
          p_x           0.036285   0.004563

   22 H   s            -0.033948   0.005113

   23 C   s            -0.027340   0.001271
          p_y          -0.002682   0.000025
          p_z          -0.006385   0.000147
          p_x           0.011353   0.000458

   24 H   s            -0.003684   0.000066

   25 H   s             0.012746   0.000761

   26 H   s             0.033946   0.005113

   27 C   s            -0.103122   0.017719
          p_y          -0.022466   0.001749
          p_z           0.019243   0.001276
          p_x           0.026678   0.002475

   28 C   s             0.079166   0.010609
          p_y           0.004983   0.000087
          p_z          -0.011755   0.000504
          p_x           0.001147   0.000007

   29 H   s             0.003684   0.000066

   30 C   s            -0.079167   0.010609
          p_y          -0.001595   0.000011
          p_z           0.010693   0.000423
          p_x          -0.006889   0.000164

   31 C   s             0.027339   0.001271
          p_y          -0.002682   0.000025
          p_z          -0.006385   0.000147
          p_x           0.011353   0.000458

   32 H   s            -0.012746   0.000761

   33 C   s            -0.027339   0.001271
          p_y          -0.007337   0.000191
          p_z           0.009539   0.000327
          p_x           0.005660   0.000112

   34 H   s             0.012745   0.000761

   35 H   s            -0.003684   0.000066

   36 H   s             0.003685   0.000066

Eigenvector:   6    (up)

    1 C   s            -0.107283   0.018189
          p_y           0.011701   0.000446
          p_z           0.021279   0.001432
          p_x          -0.043439   0.006067

    2 C   s            -0.236078   0.087466
          p_y          -0.008320   0.000203
          p_z           0.013078   0.000541
          p_x           0.004284   0.000041

    3 C   s             0.107272   0.018186
          p_y           0.027839   0.002490
          p_z          -0.033736   0.003627
          p_x          -0.023735   0.001829

    4 C   s             0.000008   0.000000
          p_y          -0.011400   0.000418
          p_z           0.038855   0.004856
          p_x          -0.013924   0.000624

    5 C   s            -0.171729   0.047313
          p_y           0.034021   0.003798
          p_z          -0.018228   0.001071
          p_x          -0.050676   0.008477

    6 H   s             0.041419   0.007067

    7 C   s             0.236053   0.087448
          p_y          -0.001569   0.000004
          p_z          -0.009955   0.000327
          p_x           0.012524   0.000453

    8 C   s             0.000005   0.000000
          p_y           0.011400   0.000418
          p_z          -0.038856   0.004857
          p_x           0.013924   0.000624

    9 C   s             0.107270   0.018185
          p_y          -0.027839   0.002490
          p_z           0.033736   0.003627
          p_x           0.023736   0.001829

   10 H   s            -0.000004   0.000000

   11 C   s            -0.172347   0.048296
          p_y           0.001016   0.000006
          p_z          -0.015202   0.000821
          p_x           0.012297   0.000483

   12 C   s             0.171692   0.047293
          p_y           0.029156   0.002809
          p_z          -0.001676   0.000011
          p_x          -0.056620   0.010529

   13 H   s            -0.041417   0.007067

   14 H   s            -0.000004   0.000000

   15 C   s            -0.107287   0.018191
          p_y          -0.011701   0.000446
          p_z          -0.021279   0.001432
          p_x           0.043439   0.006068

   16 C   s             0.236052   0.087448
          p_y           0.001569   0.000004
          p_z           0.009956   0.000327
          p_x          -0.012524   0.000453

   17 C   s            -0.067961   0.007561
          p_y           0.018290   0.001122
          p_z          -0.022993   0.001773
          p_x          -0.014844   0.000738

   18 H   s             0.029109   0.003690

   19 C   s             0.172353   0.048299
          p_y          -0.008594   0.000240
          p_z           0.017576   0.001071
          p_x           0.000561  -0.000001

   20 C   s            -0.236080   0.087468
          p_y           0.008320   0.000203
          p_z          -0.013077   0.000541
          p_x          -0.004285   0.000041

   21 C   s             0.171694   0.047294
          p_y          -0.029155   0.002809
          p_z           0.001676   0.000011
          p_x           0.056620   0.010529

   22 H   s            -0.041417   0.007067

   23 C   s             0.067985   0.007566
          p_y           0.007190   0.000173
          p_z           0.014975   0.000753
          p_x          -0.028416   0.002707

   24 H   s             0.010103   0.000461

   25 H   s            -0.029111   0.003691

   26 H   s             0.041419   0.007068

   27 C   s            -0.171728   0.047313
          p_y          -0.034021   0.003798
          p_z           0.018228   0.001071
          p_x           0.050676   0.008477

   28 C   s             0.172355   0.048301
          p_y           0.008595   0.000240
          p_z          -0.017576   0.001071
          p_x          -0.000561  -0.000001

   29 H   s            -0.010107   0.000461

   30 C   s            -0.172347   0.048296
          p_y          -0.001016   0.000006
          p_z           0.015202   0.000821
          p_x          -0.012296   0.000483

   31 C   s             0.067987   0.007567
          p_y          -0.007190   0.000173
          p_z          -0.014976   0.000753
          p_x           0.028417   0.002707

   32 H   s            -0.029112   0.003691

   33 C   s            -0.067962   0.007561
          p_y          -0.018290   0.001122
          p_z           0.022993   0.001773
          p_x           0.014845   0.000738

   34 H   s             0.029109   0.003690

   35 H   s            -0.010107   0.000461

   36 H   s             0.010106   0.000461

Eigenvector:   7    (up)

    1 C   s            -0.053669   0.004478
          p_y           0.013320   0.000598
          p_z          -0.053683   0.009579
          p_x           0.024077   0.001897

    2 C   s             0.136513   0.029151
          p_y           0.019293   0.001215
          p_z          -0.034924   0.003859
          p_x          -0.005563   0.000119

    3 C   s            -0.053656   0.004476
          p_y           0.018677   0.001145
          p_z          -0.055370   0.010166
          p_x           0.014988   0.000763

    4 C   s            -0.148932   0.034298
          p_y          -0.010777   0.000385
          p_z           0.003403   0.000038
          p_x           0.018311   0.001112

    5 C   s             0.161929   0.041487
          p_y          -0.004303   0.000071
          p_z           0.038594   0.005112
          p_x          -0.027767   0.002547

    6 H   s            -0.019758   0.001574

    7 C   s             0.136540   0.029162
          p_y          -0.000651   0.000003
          p_z          -0.028637   0.002556
          p_x           0.028331   0.002636

    8 C   s            -0.148925   0.034295
          p_y           0.010778   0.000385
          p_z          -0.003405   0.000038
          p_x          -0.018310   0.001112

    9 C   s            -0.053666   0.004477
          p_y          -0.018677   0.001145
          p_z           0.055371   0.010166
          p_x          -0.014988   0.000763

   10 H   s             0.021894   0.001899

   11 C   s            -0.083076   0.011160
          p_y          -0.023037   0.001789
          p_z           0.056998   0.010654
          p_x          -0.007685   0.000161

   12 C   s             0.161949   0.041497
          p_y          -0.019722   0.001292
          p_z           0.043445   0.006424
          p_x          -0.001602   0.000014

   13 H   s            -0.019762   0.001575

   14 H   s             0.021893   0.001898

   15 C   s            -0.053673   0.004479
          p_y          -0.013319   0.000598
          p_z           0.053681   0.009578
          p_x          -0.024078   0.001897

   16 C   s             0.136538   0.029161
          p_y           0.000650   0.000003
          p_z           0.028640   0.002557
          p_x          -0.028332   0.002636

   17 C   s            -0.243391   0.096219
          p_y          -0.011902   0.000469
          p_z          -0.003419   0.000047
          p_x           0.026920   0.002464

   18 H   s             0.010930   0.000508

   19 C   s            -0.083057   0.011155
          p_y          -0.009016   0.000244
          p_z           0.052584   0.008991
          p_x          -0.031505   0.003371

   20 C   s             0.136512   0.029150
          p_y          -0.019293   0.001215
          p_z           0.034924   0.003859
          p_x           0.005562   0.000119

   21 C   s             0.161958   0.041502
          p_y           0.019721   0.001292
          p_z          -0.043443   0.006423
          p_x           0.001602   0.000014

   22 H   s            -0.019761   0.001575

   23 C   s            -0.243385   0.096214
          p_y           0.016505   0.000929
          p_z          -0.012350   0.000542
          p_x          -0.021289   0.001510

   24 H   s             0.036827   0.005968

   25 H   s             0.010926   0.000507

   26 H   s            -0.019758   0.001574

   27 C   s             0.161932   0.041489
          p_y           0.004302   0.000071
          p_z          -0.038593   0.005112
          p_x           0.027768   0.002547

   28 C   s            -0.083046   0.011152
          p_y           0.009017   0.000244
          p_z          -0.052585   0.008991
          p_x           0.031505   0.003371

   29 H   s             0.036826   0.005968

   30 C   s            -0.083077   0.011161
          p_y           0.023037   0.001789
          p_z          -0.056998   0.010654
          p_x           0.007686   0.000161

   31 C   s            -0.243380   0.096210
          p_y          -0.016506   0.000929
          p_z           0.012348   0.000542
          p_x           0.021291   0.001510

   32 H   s             0.010924   0.000507

   33 C   s            -0.243395   0.096223
          p_y           0.011901   0.000469
          p_z           0.003418   0.000047
          p_x          -0.026920   0.002464

   34 H   s             0.010931   0.000508

   35 H   s             0.036825   0.005967

   36 H   s             0.036834   0.005971

Eigenvector:   8    (up)

    1 C   s            -0.095508   0.013803
          p_y           0.029072   0.002543
          p_z          -0.043075   0.005505
          p_x          -0.017396   0.000940

    2 C   s             0.059279   0.005260
          p_y           0.015247   0.000701
          p_z          -0.048187   0.007094
          p_x           0.015007   0.000706

    3 C   s             0.095469   0.013792
          p_y           0.007155   0.000162
          p_z           0.031638   0.002943
          p_x          -0.044177   0.005884

    4 C   s            -0.225949   0.075625
          p_y          -0.004620   0.000053
          p_z           0.001465   0.000005
          p_x           0.007847   0.000152

    5 C   s             0.149763   0.034435
          p_y          -0.022083   0.001511
          p_z          -0.012241   0.000463
          p_x           0.055557   0.009559

    6 H   s            -0.011138   0.000467

    7 C   s            -0.059271   0.005258
          p_y          -0.012779   0.000508
          p_z           0.047393   0.006882
          p_x          -0.019223   0.001108

    8 C   s             0.225954   0.075628
          p_y          -0.004621   0.000053
          p_z           0.001465   0.000005
          p_x           0.007847   0.000152

    9 C   s            -0.095469   0.013792
          p_y           0.007156   0.000162
          p_z           0.031636   0.002943
          p_x          -0.044176   0.005884

   10 H   s             0.042797   0.006797

   11 C   s             0.238067   0.087917
          p_y           0.003586   0.000029
          p_z           0.004319   0.000072
          p_x          -0.011237   0.000359

   12 C   s            -0.149722   0.034417
          p_y          -0.034458   0.003677
          p_z           0.030037   0.002792
          p_x           0.040441   0.005067

   13 H   s             0.011135   0.000466

   14 H   s            -0.042798   0.006797

   15 C   s             0.095510   0.013804
          p_y           0.029073   0.002543
          p_z          -0.043076   0.005505
          p_x          -0.017396   0.000940

   16 C   s             0.059264   0.005257
          p_y          -0.012780   0.000508
          p_z           0.047392   0.006882
          p_x          -0.019222   0.001108

   17 C   s             0.111784   0.019581
          p_y          -0.030055   0.002833
          p_z           0.036045   0.004028
          p_x           0.026028   0.002156

   18 H   s            -0.042697   0.007280

   19 C   s            -0.238064   0.087915
          p_y           0.007117   0.000147
          p_z          -0.007676   0.000197
          p_x          -0.006933   0.000117

   20 C   s            -0.059282   0.005260
          p_y           0.015248   0.000701
          p_z          -0.048188   0.007094
          p_x           0.015007   0.000706

   21 C   s             0.149718   0.034415
          p_y          -0.034459   0.003677
          p_z           0.030040   0.002793
          p_x           0.040441   0.005067

   22 H   s            -0.011134   0.000466

   23 C   s            -0.111807   0.019590
          p_y          -0.012937   0.000535
          p_z          -0.022516   0.001555
          p_x           0.046961   0.006925

   24 H   s            -0.018713   0.001450

   25 H   s             0.042697   0.007281

   26 H   s             0.011138   0.000467

   27 C   s            -0.149766   0.034437
          p_y          -0.022083   0.001511
          p_z          -0.012239   0.000463
          p_x           0.055556   0.009558

   28 C   s             0.238070   0.087919
          p_y           0.007117   0.000147
          p_z          -0.007673   0.000197
          p_x          -0.006935   0.000117

   29 H   s             0.018717   0.001451

   30 C   s            -0.238065   0.087916
          p_y           0.003585   0.000029
          p_z           0.004320   0.000072
          p_x          -0.011237   0.000359

   31 C   s             0.111817   0.019593
          p_y          -0.012936   0.000535
          p_z          -0.022517   0.001555
          p_x           0.046961   0.006925

   32 H   s            -0.042698   0.007281

   33 C   s            -0.111778   0.019580
          p_y          -0.030056   0.002833
          p_z           0.036046   0.004028
          p_x           0.026030   0.002156

   34 H   s             0.042697   0.007280

   35 H   s            -0.018718   0.001451

   36 H   s             0.018717   0.001451

Eigenvector:   9    (up)

    1 C   s             0.204023   0.060836
          p_y           0.012568   0.000433
          p_z          -0.001286   0.000004
          p_x          -0.023878   0.001579

    2 C   s            -0.013451   0.000268
          p_y          -0.021127   0.001290
          p_z           0.069428   0.013890
          p_x          -0.023325   0.001559

    3 C   s             0.204038   0.060845
          p_y          -0.014291   0.000566
          p_z           0.007186   0.000148
          p_x           0.021761   0.001300

    4 C   s            -0.000014   0.000000
          p_y           0.020436   0.001185
          p_z          -0.069640   0.013766
          p_x           0.024957   0.001768

    5 C   s            -0.210619   0.065931
          p_y          -0.011751   0.000388
          p_z          -0.000620   0.000002
          p_x           0.024004   0.001645

    6 H   s             0.002336   0.000019

    7 C   s            -0.013453   0.000268
          p_y          -0.019441   0.001084
          p_z           0.068900   0.013670
          p_x          -0.026219   0.001990

    8 C   s             0.000018   0.000000
          p_y           0.020435   0.001185
          p_z          -0.069638   0.013765
          p_x           0.024956   0.001768

    9 C   s            -0.204043   0.060848
          p_y          -0.014289   0.000566
          p_z           0.007183   0.000148
          p_x           0.021761   0.001300

   10 H   s             0.000005   0.000000

   11 C   s             0.006497   0.000062
          p_y           0.020186   0.001233
          p_z          -0.064906   0.012645
          p_x           0.020810   0.001279

   12 C   s            -0.210642   0.065945
          p_y           0.014515   0.000603
          p_z          -0.008887   0.000234
          p_x          -0.020603   0.001195

   13 H   s             0.002335   0.000019

   14 H   s            -0.000006   0.000000

   15 C   s            -0.204017   0.060832
          p_y           0.012569   0.000433
          p_z          -0.001287   0.000004
          p_x          -0.023880   0.001579

   16 C   s             0.013442   0.000267
          p_y          -0.019442   0.001085
          p_z           0.068900   0.013670
          p_x          -0.026218   0.001990

   17 C   s             0.213348   0.069529
          p_y           0.017920   0.000975
          p_z          -0.011281   0.000414
          p_x          -0.025097   0.001854

   18 H   s            -0.000524   0.000001

   19 C   s             0.006455   0.000061
          p_y           0.017542   0.000913
          p_z          -0.064069   0.012299
          p_x           0.025316   0.001946

   20 C   s             0.013455   0.000268
          p_y          -0.021127   0.001290
          p_z           0.069427   0.013889
          p_x          -0.023324   0.001558

   21 C   s             0.210639   0.065943
          p_y           0.014514   0.000603
          p_z          -0.008883   0.000234
          p_x          -0.020604   0.001196

   22 H   s            -0.002333   0.000019

   23 C   s             0.213328   0.069516
          p_y          -0.014280   0.000596
          p_z          -0.001158   0.000008
          p_x           0.029556   0.002641

   24 H   s            -0.038468   0.005804

   25 H   s            -0.000515   0.000001

   26 H   s            -0.002337   0.000019

   27 C   s             0.210618   0.065930
          p_y          -0.011751   0.000388
          p_z          -0.000620   0.000002
          p_x           0.024004   0.001644

   28 C   s            -0.006443   0.000061
          p_y           0.017542   0.000913
          p_z          -0.064067   0.012298
          p_x           0.025314   0.001946

   29 H   s            -0.038464   0.005803

   30 C   s            -0.006497   0.000062
          p_y           0.020186   0.001233
          p_z          -0.064905   0.012645
          p_x           0.020810   0.001279

   31 C   s            -0.213315   0.069508
          p_y          -0.014280   0.000596
          p_z          -0.001160   0.000008
          p_x           0.029558   0.002641

   32 H   s             0.000513   0.000001

   33 C   s            -0.213346   0.069529
          p_y           0.017919   0.000975
          p_z          -0.011281   0.000414
          p_x          -0.025095   0.001854

   34 H   s             0.000524   0.000001

   35 H   s             0.038462   0.005802

   36 H   s             0.038475   0.005806

Eigenvector:  10    (up)

    1 C   s            -0.136968   0.026911
          p_y           0.019241   0.001061
          p_z           0.017451   0.000816
          p_x          -0.054886   0.008465

    2 C   s            -0.174735   0.043226
          p_y           0.007689   0.000182
          p_z          -0.037000   0.003893
          p_x           0.019544   0.001017

    3 C   s             0.136954   0.026906
          p_y           0.034445   0.003328
          p_z          -0.034374   0.003252
          p_x          -0.036325   0.003763

    4 C   s             0.000000   0.000000
          p_y          -0.018088   0.000914
          p_z           0.061645   0.010611
          p_x          -0.022090   0.001363

    5 C   s             0.035660   0.001852
          p_y           0.010263   0.000290
          p_z          -0.056266   0.008867
          p_x           0.032505   0.002988

    6 H   s             0.035509   0.004287

    7 C   s             0.174720   0.043219
          p_y          -0.014650   0.000579
          p_z           0.039187   0.004318
          p_x          -0.007742   0.000194

    8 C   s             0.000005   0.000000
          p_y           0.018089   0.000914
          p_z          -0.061647   0.010612
          p_x           0.022091   0.001363

    9 C   s             0.136946   0.026903
          p_y          -0.034445   0.003328
          p_z           0.034376   0.003253
          p_x           0.036325   0.003763

   10 H   s            -0.000004   0.000000

   11 C   s             0.237975   0.082944
          p_y           0.012090   0.000391
          p_z          -0.024499   0.001707
          p_x          -0.001078  -0.000001

   12 C   s            -0.035655   0.001851
          p_y          -0.023960   0.001621
          p_z           0.060550   0.010288
          p_x          -0.009304   0.000235

   13 H   s            -0.035507   0.004286

   14 H   s            -0.000005   0.000000

   15 C   s            -0.136974   0.026914
          p_y          -0.019240   0.001061
          p_z          -0.017452   0.000817
          p_x           0.054885   0.008464

   16 C   s             0.174726   0.043222
          p_y           0.014649   0.000579
          p_z          -0.039183   0.004317
          p_x           0.007740   0.000194

   17 C   s             0.143820   0.030747
          p_y          -0.038372   0.004263
          p_z           0.042744   0.005140
          p_x           0.036313   0.003938

   18 H   s            -0.046187   0.007655

   19 C   s            -0.237966   0.082938
          p_y          -0.001231   0.000007
          p_z           0.021080   0.001293
          p_x          -0.017372   0.000798

   20 C   s            -0.174737   0.043227
          p_y          -0.007689   0.000182
          p_z           0.037002   0.003893
          p_x          -0.019544   0.001017

   21 C   s            -0.035643   0.001850
          p_y           0.023960   0.001621
          p_z          -0.060551   0.010288
          p_x           0.009305   0.000235

   22 H   s            -0.035508   0.004287

   23 C   s            -0.143822   0.030748
          p_y          -0.018631   0.001047
          p_z          -0.024807   0.001677
          p_x           0.060460   0.010616

   24 H   s            -0.028005   0.002925

   25 H   s             0.046184   0.007655

   26 H   s             0.035509   0.004287

   27 C   s             0.035663   0.001852
          p_y          -0.010265   0.000290
          p_z           0.056266   0.008867
          p_x          -0.032502   0.002988

   28 C   s            -0.237966   0.082938
          p_y           0.001232   0.000007
          p_z          -0.021084   0.001293
          p_x           0.017374   0.000798

   29 H   s             0.028006   0.002925

   30 C   s             0.237970   0.082941
          p_y          -0.012089   0.000391
          p_z           0.024497   0.001707
          p_x           0.001079  -0.000001

   31 C   s            -0.143834   0.030753
          p_y           0.018630   0.001047
          p_z           0.024807   0.001677
          p_x          -0.060459   0.010616

   32 H   s             0.046184   0.007655

   33 C   s             0.143812   0.030744
          p_y           0.038373   0.004264
          p_z          -0.042744   0.005139
          p_x          -0.036315   0.003939

   34 H   s            -0.046186   0.007655

   35 H   s             0.028008   0.002926

   36 H   s            -0.028011   0.002926

Eigenvector:  11    (up)

    1 C   s             0.022170   0.000664
          p_y          -0.028065   0.001973
          p_z           0.081590   0.016556
          p_x          -0.020957   0.001071

    2 C   s            -0.221337   0.065172
          p_y          -0.011225   0.000301
          p_z           0.026065   0.001751
          p_x          -0.002188   0.000021

    3 C   s            -0.022166   0.000664
          p_y           0.018952   0.000882
          p_z          -0.078683   0.015369
          p_x           0.036477   0.003342

    4 C   s             0.234781   0.072513
          p_y           0.004027   0.000032
          p_z          -0.001271   0.000003
          p_x          -0.006833   0.000091

    5 C   s            -0.076175   0.007955
          p_y           0.034526   0.003098
          p_z          -0.069439   0.012320
          p_x          -0.003483   0.000042

    6 H   s             0.049927   0.007529

    7 C   s             0.221295   0.065147
          p_y           0.003339   0.000037
          p_z          -0.023582   0.001467
          p_x           0.015601   0.000571

    8 C   s            -0.234775   0.072509
          p_y           0.004027   0.000032
          p_z          -0.001272   0.000003
          p_x          -0.006832   0.000091

    9 C   s             0.022168   0.000664
          p_y           0.018952   0.000882
          p_z          -0.078685   0.015370
          p_x           0.036479   0.003342

   10 H   s            -0.053770   0.008578

   11 C   s             0.162619   0.036368
          p_y           0.018707   0.000903
          p_z          -0.052371   0.007321
          p_x           0.011957   0.000421

   12 C   s             0.076192   0.007959
          p_y          -0.003274   0.000021
          p_z           0.059558   0.009001
          p_x          -0.049654   0.006431

   13 H   s            -0.049914   0.007525

   14 H   s             0.053769   0.008578

   15 C   s            -0.022174   0.000664
          p_y          -0.028065   0.001973
          p_z           0.081586   0.016555
          p_x          -0.020955   0.001071

   16 C   s            -0.221299   0.065149
          p_y           0.003339   0.000037
          p_z          -0.023583   0.001467
          p_x           0.015602   0.000571

   17 C   s             0.139954   0.027498
          p_y          -0.036657   0.003573
          p_z           0.036475   0.003348
          p_x           0.038786   0.004189

   18 H   s            -0.034651   0.003831

   19 C   s            -0.162599   0.036359
          p_y          -0.011246   0.000360
          p_z           0.050022   0.006736
          p_x          -0.024663   0.001552

   20 C   s             0.221330   0.065167
          p_y          -0.011226   0.000301
          p_z           0.026067   0.001751
          p_x          -0.002189   0.000021

   21 C   s            -0.076193   0.007959
          p_y          -0.003274   0.000021
          p_z           0.059558   0.009001
          p_x          -0.049657   0.006432

   22 H   s             0.049914   0.007525

   23 C   s            -0.139980   0.027508
          p_y          -0.020604   0.001198
          p_z          -0.018455   0.000790
          p_x           0.058414   0.009119

   24 H   s            -0.032454   0.003506

   25 H   s             0.034645   0.003830

   26 H   s            -0.049925   0.007528

   27 C   s             0.076180   0.007956
          p_y           0.034525   0.003098
          p_z          -0.069435   0.012319
          p_x          -0.003485   0.000042

   28 C   s             0.162598   0.036359
          p_y          -0.011246   0.000360
          p_z           0.050022   0.006736
          p_x          -0.024664   0.001552

   29 H   s             0.032461   0.003508

   30 C   s            -0.162607   0.036363
          p_y           0.018707   0.000903
          p_z          -0.052372   0.007321
          p_x           0.011958   0.000421

   31 C   s             0.139979   0.027508
          p_y          -0.020604   0.001197
          p_z          -0.018455   0.000791
          p_x           0.058414   0.009119

   32 H   s            -0.034645   0.003830

   33 C   s            -0.139954   0.027499
          p_y          -0.036656   0.003572
          p_z           0.036472   0.003348
          p_x           0.038787   0.004189

   34 H   s             0.034649   0.003831

   35 H   s            -0.032461   0.003508

   36 H   s             0.032463   0.003509

Eigenvector:  12    (up)

    1 C   s             0.051184   0.003331
          p_y           0.041126   0.004154
          p_z          -0.118360   0.034814
          p_x           0.029607   0.002249

    2 C   s             0.183087   0.043566
          p_y          -0.003914   0.000031
          p_z           0.037154   0.003240
          p_x          -0.027224   0.001802

    3 C   s             0.051196   0.003332
          p_y           0.027027   0.001854
          p_z          -0.113904   0.032336
          p_x           0.053604   0.007029

    4 C   s            -0.221620   0.063148
          p_y          -0.007786   0.000148
          p_z           0.002461   0.000015
          p_x           0.013218   0.000427

    5 C   s            -0.126038   0.020463
          p_y          -0.038749   0.003701
          p_z           0.084201   0.018055
          p_x          -0.002058   0.000024

    6 H   s            -0.041097   0.004756

    7 C   s             0.183103   0.043574
          p_y          -0.019291   0.000900
          p_z           0.041997   0.004173
          p_x          -0.001115   0.000001

    8 C   s            -0.221627   0.063152
          p_y           0.007786   0.000148
          p_z          -0.002462   0.000015
          p_x          -0.013218   0.000427

    9 C   s             0.051193   0.003332
          p_y          -0.027026   0.001854
          p_z           0.113902   0.032335
          p_x          -0.053602   0.007028

   10 H   s             0.051958   0.007462

   11 C   s            -0.106835   0.015387
          p_y           0.012018   0.000347
          p_z          -0.054443   0.007276
          p_x           0.027241   0.001855

   12 C   s            -0.126033   0.020462
          p_y          -0.007755   0.000183
          p_z           0.074430   0.014272
          p_x          -0.054743   0.007329

   13 H   s            -0.041098   0.004756

   14 H   s             0.051959   0.007462

   15 C   s             0.051182   0.003330
          p_y          -0.041127   0.004154
          p_z           0.118363   0.034815
          p_x          -0.029609   0.002249

   16 C   s             0.183098   0.043571
          p_y           0.019291   0.000900
          p_z          -0.041996   0.004173
          p_x           0.001114   0.000001

   17 C   s             0.155211   0.032076
          p_y           0.034187   0.002943
          p_z          -0.045586   0.005639
          p_x          -0.025279   0.001397

   18 H   s             0.023018   0.001586

   19 C   s            -0.106854   0.015392
          p_y           0.020609   0.001058
          p_z          -0.057137   0.008039
          p_x           0.012657   0.000380

   20 C   s             0.183096   0.043571
          p_y           0.003914   0.000031
          p_z          -0.037153   0.003239
          p_x           0.027224   0.001802

   21 C   s            -0.126031   0.020461
          p_y           0.007755   0.000183
          p_z          -0.074429   0.014271
          p_x           0.054742   0.007328

   22 H   s            -0.041097   0.004756

   23 C   s             0.155193   0.032068
          p_y          -0.011762   0.000281
          p_z          -0.031135   0.002775
          p_x           0.052717   0.006925

   24 H   s            -0.043230   0.005701

   25 H   s             0.023023   0.001587

   26 H   s            -0.041099   0.004756

   27 C   s            -0.126035   0.020462
          p_y           0.038750   0.003701
          p_z          -0.084205   0.018057
          p_x           0.002060   0.000024

   28 C   s            -0.106851   0.015391
          p_y          -0.020609   0.001058
          p_z           0.057137   0.008039
          p_x          -0.012657   0.000380

   29 H   s            -0.043225   0.005700

   30 C   s            -0.106847   0.015390
          p_y          -0.012017   0.000347
          p_z           0.054441   0.007276
          p_x          -0.027241   0.001855

   31 C   s             0.155193   0.032068
          p_y           0.011761   0.000281
          p_z           0.031135   0.002775
          p_x          -0.052716   0.006925

   32 H   s             0.023022   0.001587

   33 C   s             0.155206   0.032074
          p_y          -0.034189   0.002943
          p_z           0.045591   0.005640
          p_x           0.025278   0.001397

   34 H   s             0.023020   0.001586

   35 H   s            -0.043225   0.005700

   36 H   s            -0.043235   0.005703

Eigenvector:  13    (up)

    1 C   s            -0.181777   0.039611
          p_y           0.042176   0.003932
          p_z          -0.021130   0.000960
          p_x          -0.064288   0.009212

    2 C   s             0.032240   0.001225
          p_y           0.036675   0.002905
          p_z          -0.124967   0.033884
          p_x           0.044665   0.004361

    3 C   s             0.181139   0.039338
          p_y           0.037341   0.003112
          p_z          -0.004171   0.000045
          p_x          -0.070641   0.011043

    4 C   s             0.000016   0.000000
          p_y          -0.038962   0.003251
          p_z           0.132765   0.037745
          p_x          -0.047573   0.004846

    5 C   s             0.169724   0.035016
          p_y          -0.042806   0.004104
          p_z           0.030863   0.002046
          p_x           0.056335   0.007257

    6 H   s            -0.009717   0.000224

    7 C   s            -0.031471   0.001167
          p_y          -0.036541   0.002913
          p_z           0.124769   0.033810
          p_x          -0.044834   0.004334

    8 C   s             0.000022   0.000000
          p_y           0.038871   0.003236
          p_z          -0.132453   0.037571
          p_x           0.047462   0.004824

    9 C   s             0.181739   0.039595
          p_y          -0.037135   0.003078
          p_z           0.003890   0.000039
          p_x           0.070496   0.010999

   10 H   s            -0.000015   0.000000

   11 C   s            -0.040528   0.001985
          p_y          -0.032427   0.002343
          p_z           0.106714   0.025605
          p_x          -0.035719   0.002915

   12 C   s            -0.169757   0.035030
          p_y          -0.031709   0.002310
          p_z          -0.006968   0.000085
          p_x           0.069839   0.010954

   13 H   s             0.009454   0.000212

   14 H   s            -0.000017   0.000000

   15 C   s            -0.181180   0.039356
          p_y          -0.042241   0.003944
          p_z           0.020928   0.000942
          p_x           0.064608   0.009302

   16 C   s            -0.032210   0.001223
          p_y           0.036607   0.002923
          p_z          -0.124923   0.033892
          p_x           0.044848   0.004336

   17 C   s            -0.156513   0.030688
          p_y           0.037578   0.003177
          p_z          -0.022875   0.000971
          p_x          -0.053405   0.006868

   18 H   s             0.010403   0.000273

   19 C   s             0.039793   0.001912
          p_y           0.029791   0.002018
          p_z          -0.105982   0.025301
          p_x           0.040362   0.003618

   20 C   s             0.031488   0.001168
          p_y          -0.036656   0.002903
          p_z           0.124832   0.033813
          p_x          -0.044576   0.004343

   21 C   s            -0.169721   0.035015
          p_y           0.031597   0.002293
          p_z           0.007414   0.000098
          p_x          -0.070036   0.011016

   22 H   s             0.009698   0.000224

   23 C   s             0.157107   0.030919
          p_y           0.030402   0.002256
          p_z           0.001229  -0.000010
          p_x          -0.061733   0.008658

   24 H   s             0.053782   0.007671

   25 H   s            -0.010185   0.000261

   26 H   s            -0.009469   0.000213

   27 C   s             0.169770   0.035035
          p_y           0.042652   0.004074
          p_z          -0.030398   0.001984
          p_x          -0.056467   0.007291

   28 C   s             0.040505   0.001982
          p_y          -0.029760   0.002014
          p_z           0.105860   0.025245
          p_x          -0.040311   0.003609

   29 H   s            -0.054005   0.007734

   30 C   s            -0.039799   0.001913
          p_y           0.032470   0.002350
          p_z          -0.106843   0.025667
          p_x           0.035757   0.002920

   31 C   s             0.156536   0.030696
          p_y          -0.030472   0.002266
          p_z          -0.001464  -0.000011
          p_x           0.062093   0.008758

   32 H   s            -0.010393   0.000272

   33 C   s            -0.157094   0.030915
          p_y          -0.037343   0.003137
          p_z           0.022539   0.000938
          p_x           0.053253   0.006833

   34 H   s             0.010190   0.000262

   35 H   s            -0.053791   0.007673

   36 H   s             0.054015   0.007738

Eigenvector:  14    (up)

    1 C   s             0.148096   0.025433
          p_y           0.016401   0.000539
          p_z           0.049299   0.005335
          p_x          -0.079268   0.013292

    2 C   s            -0.185200   0.041152
          p_y          -0.004702   0.000031
          p_z           0.033562   0.002311
          p_x          -0.022300   0.001155

    3 C   s             0.148853   0.025698
          p_y          -0.051451   0.005615
          p_z           0.070723   0.010823
          p_x           0.035977   0.002642

    4 C   s            -0.000011   0.000000
          p_y           0.022602   0.001046
          p_z          -0.077004   0.012135
          p_x           0.027599   0.001559

    5 C   s             0.011082   0.000153
          p_y           0.037966   0.003214
          p_z          -0.114499   0.029320
          p_x           0.032136   0.002325

    6 H   s             0.061196   0.009094

    7 C   s            -0.185336   0.041211
          p_y          -0.016196   0.000597
          p_z           0.037663   0.002991
          p_x          -0.003220   0.000004

    8 C   s             0.000015   0.000000
          p_y           0.022759   0.001060
          p_z          -0.077539   0.012308
          p_x           0.027791   0.001581

    9 C   s            -0.148123   0.025442
          p_y          -0.051601   0.005648
          p_z           0.070736   0.010828
          p_x           0.036264   0.002687

   10 H   s             0.000003   0.000000

   11 C   s             0.177938   0.039265
          p_y          -0.010531   0.000261
          p_z           0.032073   0.002244
          p_x          -0.009146   0.000149

   12 C   s             0.010361   0.000134
          p_y           0.028102   0.001774
          p_z          -0.111437   0.027790
          p_x           0.049035   0.005357

   13 H   s             0.061236   0.009105

   14 H   s            -0.000005   0.000000

   15 C   s            -0.148831   0.025691
          p_y           0.016231   0.000527
          p_z           0.049382   0.005352
          p_x          -0.079008   0.013203

   16 C   s             0.185203   0.041153
          p_y          -0.016048   0.000587
          p_z           0.037160   0.002911
          p_x          -0.003040   0.000003

   17 C   s            -0.144495   0.025708
          p_y          -0.058476   0.007686
          p_z           0.082289   0.016103
          p_x           0.039206   0.003059

   18 H   s            -0.052213   0.006988

   19 C   s             0.178112   0.039341
          p_y          -0.007839   0.000117
          p_z           0.030813   0.002031
          p_x          -0.013315   0.000429

   20 C   s             0.185329   0.041208
          p_y          -0.004851   0.000034
          p_z           0.034067   0.002383
          p_x          -0.022480   0.001173

   21 C   s            -0.011040   0.000152
          p_y           0.028230   0.001790
          p_z          -0.111407   0.027776
          p_x           0.048751   0.005295

   22 H   s            -0.061195   0.009093

   23 C   s            -0.143817   0.025465
          p_y           0.017485   0.000567
          p_z           0.058439   0.008428
          p_x          -0.089781   0.017971

   24 H   s             0.054079   0.007658

   25 H   s            -0.052257   0.006999

   26 H   s            -0.061235   0.009105

   27 C   s            -0.010393   0.000135
          p_y           0.038138   0.003244
          p_z          -0.114624   0.029383
          p_x           0.031910   0.002292

   28 C   s            -0.177949   0.039269
          p_y          -0.007958   0.000121
          p_z           0.031238   0.002088
          p_x          -0.013476   0.000439

   29 H   s             0.053845   0.007592

   30 C   s            -0.178108   0.039339
          p_y          -0.010399   0.000255
          p_z           0.031640   0.002183
          p_x          -0.009001   0.000144

   31 C   s             0.144445   0.025690
          p_y           0.017361   0.000558
          p_z           0.058434   0.008429
          p_x          -0.089530   0.017870

   32 H   s             0.052215   0.006988

   33 C   s             0.143860   0.025481
          p_y          -0.058629   0.007726
          p_z           0.082385   0.016137
          p_x           0.039418   0.003096

   34 H   s             0.052256   0.006999

   35 H   s            -0.054061   0.007653

   36 H   s            -0.053867   0.007598

Eigenvector:  15    (up)

    1 C   s            -0.144479   0.024609
          p_y          -0.097330   0.019883
          p_z           0.045439   0.004213
          p_x           0.151448   0.048523

    2 C   s             0.140423   0.023150
          p_y          -0.040398   0.003869
          p_z           0.001954   0.000021
          p_x           0.078794   0.014268

    3 C   s            -0.144528   0.024625
          p_y           0.087771   0.016321
          p_z          -0.012942   0.000393
          p_x          -0.163087   0.055894

    4 C   s             0.229038   0.060843
          p_y          -0.066503   0.010141
          p_z           0.020977   0.001009
          p_x           0.113010   0.029284

    5 C   s            -0.037809   0.001818
          p_y          -0.042568   0.003890
          p_z           0.035237   0.002534
          p_x           0.051723   0.005925

    6 H   s            -0.092899   0.019732

    7 C   s             0.140409   0.023146
          p_y           0.047363   0.005133
          p_z          -0.025728   0.001381
          p_x          -0.070297   0.011651

    8 C   s             0.229036   0.060842
          p_y           0.066503   0.010141
          p_z          -0.020977   0.001009
          p_x          -0.113010   0.029284

    9 C   s            -0.144527   0.024625
          p_y          -0.087770   0.016321
          p_z           0.012940   0.000393
          p_x           0.163086   0.055894

   10 H   s            -0.146630   0.048508

   11 C   s             0.003357   0.000016
          p_y          -0.011354   0.000316
          p_z           0.002870   0.000024
          p_x           0.019933   0.000950

   12 C   s            -0.037789   0.001816
          p_y           0.028472   0.001809
          p_z           0.012847   0.000297
          p_x          -0.068952   0.010246

   13 H   s            -0.092907   0.019735

   14 H   s            -0.146630   0.048508

   15 C   s            -0.144477   0.024609
          p_y           0.097328   0.019883
          p_z          -0.045438   0.004212
          p_x          -0.151447   0.048523

   16 C   s             0.140405   0.023145
          p_y          -0.047363   0.005132
          p_z           0.025729   0.001381
          p_x           0.070295   0.011650

   17 C   s             0.015587   0.000270
          p_y           0.003257   0.000021
          p_z          -0.011497   0.000316
          p_x           0.004319   0.000055

   18 H   s            -0.014205   0.000473

   19 C   s             0.003355   0.000016
          p_y           0.011790   0.000331
          p_z          -0.004396   0.000040
          p_x          -0.019397   0.000919

   20 C   s             0.140422   0.023150
          p_y           0.040397   0.003869
          p_z          -0.001955   0.000021
          p_x          -0.078792   0.014268

   21 C   s            -0.037786   0.001816
          p_y          -0.028471   0.001809
          p_z          -0.012846   0.000297
          p_x           0.068950   0.010246

   22 H   s            -0.092905   0.019734

   23 C   s             0.015552   0.000268
          p_y           0.003478   0.000034
          p_z          -0.011569   0.000330
          p_x           0.003942   0.000029

   24 H   s            -0.009642   0.000227

   25 H   s            -0.014208   0.000473

   26 H   s            -0.092897   0.019731

   27 C   s            -0.037808   0.001818
          p_y           0.042566   0.003890
          p_z          -0.035237   0.002534
          p_x          -0.051720   0.005924

   28 C   s             0.003354   0.000016
          p_y          -0.011789   0.000331
          p_z           0.004395   0.000040
          p_x           0.019397   0.000919

   29 H   s            -0.009628   0.000227

   30 C   s             0.003354   0.000016
          p_y           0.011353   0.000316
          p_z          -0.002869   0.000024
          p_x          -0.019933   0.000950

   31 C   s             0.015550   0.000268
          p_y          -0.003478   0.000034
          p_z           0.011569   0.000330
          p_x          -0.003943   0.000029

   32 H   s            -0.014207   0.000473

   33 C   s             0.015588   0.000270
          p_y          -0.003257   0.000021
          p_z           0.011499   0.000316
          p_x          -0.004320   0.000055

   34 H   s            -0.014204   0.000473

   35 H   s            -0.009627   0.000227

   36 H   s            -0.009645   0.000227

Eigenvector:  16    (up)

    1 C   s             0.063476   0.004330
          p_y           0.028745   0.001585
          p_z          -0.055003   0.005902
          p_x          -0.005485   0.000049

    2 C   s             0.055702   0.003569
          p_y          -0.032267   0.002200
          p_z           0.050827   0.004986
          p_x           0.016419   0.000713

    3 C   s             0.063489   0.004332
          p_y           0.000962   0.000003
          p_z          -0.046222   0.004197
          p_x           0.041750   0.003333

    4 C   s            -0.122644   0.016923
          p_y           0.009755   0.000217
          p_z          -0.003075   0.000022
          p_x          -0.016594   0.000627

    5 C   s            -0.137074   0.021421
          p_y          -0.049369   0.005039
          p_z          -0.029679   0.001794
          p_x           0.126393   0.032922

    6 H   s            -0.039372   0.003445

    7 C   s             0.055691   0.003567
          p_y           0.005972   0.000111
          p_z           0.038785   0.002744
          p_x          -0.048523   0.005044

    8 C   s            -0.122637   0.016921
          p_y          -0.009755   0.000217
          p_z           0.003074   0.000022
          p_x           0.016594   0.000627

    9 C   s             0.063493   0.004333
          p_y          -0.000962   0.000003
          p_z           0.046225   0.004198
          p_x          -0.041753   0.003333

   10 H   s             0.050109   0.005508

   11 C   s             0.221761   0.058032
          p_y          -0.030945   0.002350
          p_z           0.001123   0.000009
          p_x           0.060672   0.008755

   12 C   s            -0.137086   0.021424
          p_y           0.078521   0.012702
          p_z          -0.069940   0.010037
          p_x          -0.090751   0.017016

   13 H   s            -0.039369   0.003445

   14 H   s             0.050107   0.005507

   15 C   s             0.063475   0.004330
          p_y          -0.028746   0.001585
          p_z           0.055000   0.005901
          p_x           0.005491   0.000049

   16 C   s             0.055690   0.003567
          p_y          -0.005968   0.000111
          p_z          -0.038790   0.002745
          p_x           0.048520   0.005043

   17 C   s            -0.102959   0.012759
          p_y          -0.076193   0.012197
          p_z           0.089402   0.017098
          p_x           0.067859   0.009455

   18 H   s            -0.105569   0.025943

   19 C   s             0.221759   0.058031
          p_y           0.036525   0.003159
          p_z          -0.020107   0.000875
          p_x          -0.053867   0.007080

   20 C   s             0.055689   0.003567
          p_y           0.032263   0.002199
          p_z          -0.050821   0.004985
          p_x          -0.016416   0.000713

   21 C   s            -0.137086   0.021424
          p_y          -0.078514   0.012700
          p_z           0.069933   0.010035
          p_x           0.090743   0.017013

   22 H   s            -0.039366   0.003444

   23 C   s            -0.102956   0.012758
          p_y           0.034098   0.002367
          p_z           0.054703   0.006512
          p_x          -0.119366   0.029872

   24 H   s             0.040055   0.003814

   25 H   s            -0.105570   0.025943

   26 H   s            -0.039365   0.003444

   27 C   s            -0.137061   0.021416
          p_y           0.049366   0.005039
          p_z           0.029681   0.001794
          p_x          -0.126389   0.032920

   28 C   s             0.221744   0.058023
          p_y          -0.036525   0.003159
          p_z           0.020113   0.000875
          p_x           0.053861   0.007078

   29 H   s             0.040052   0.003813

   30 C   s             0.221754   0.058028
          p_y           0.030944   0.002350
          p_z          -0.001128   0.000009
          p_x          -0.060666   0.008753

   31 C   s            -0.102940   0.012754
          p_y          -0.034097   0.002367
          p_z          -0.054699   0.006511
          p_x           0.119363   0.029870

   32 H   s            -0.105563   0.025940

   33 C   s            -0.102961   0.012760
          p_y           0.076189   0.012195
          p_z          -0.089400   0.017097
          p_x          -0.067850   0.009453

   34 H   s            -0.105564   0.025941

   35 H   s             0.040046   0.003812

   36 H   s             0.040056   0.003814

Eigenvector:  17    (up)

    1 C   s            -0.060796   0.004248
          p_y          -0.037246   0.002903
          p_z          -0.008243   0.000091
          p_x           0.082128   0.013639

    2 C   s             0.156002   0.027903
          p_y          -0.049717   0.005527
          p_z           0.024049   0.001211
          p_x           0.076519   0.013340

    3 C   s            -0.060853   0.004256
          p_y           0.050128   0.005060
          p_z          -0.035749   0.002410
          p_x          -0.066354   0.009152

    4 C   s            -0.000029   0.000000
          p_y          -0.000493  -0.000000
          p_z           0.001665  -0.000001
          p_x          -0.000605  -0.000000

    5 C   s            -0.132015   0.020210
          p_y          -0.077741   0.012525
          p_z           0.018255   0.000666
          p_x           0.137844   0.039558

    6 H   s            -0.102773   0.023405

    7 C   s             0.155939   0.027882
          p_y           0.044299   0.004486
          p_z          -0.005633   0.000094
          p_x          -0.083130   0.015497

    8 C   s             0.000033   0.000000
          p_y          -0.000493  -0.000000
          p_z           0.001665  -0.000001
          p_x          -0.000603  -0.000000

    9 C   s             0.060852   0.004256
          p_y           0.050129   0.005060
          p_z          -0.035753   0.002410
          p_x          -0.066354   0.009152

   10 H   s             0.000018   0.000000

   11 C   s             0.161052   0.030620
          p_y          -0.034074   0.002818
          p_z           0.002533   0.000029
          p_x           0.065570   0.010101

   12 C   s            -0.131935   0.020185
          p_y           0.081745   0.013922
          p_z          -0.031989   0.002173
          p_x          -0.132986   0.036682

   13 H   s            -0.102758   0.023398

   14 H   s            -0.000018   0.000000

   15 C   s             0.060793   0.004248
          p_y          -0.037246   0.002903
          p_z          -0.008245   0.000091
          p_x           0.082130   0.013640

   16 C   s            -0.155945   0.027884
          p_y           0.044300   0.004486
          p_z          -0.005632   0.000094
          p_x          -0.083135   0.015499

   17 C   s            -0.057468   0.004068
          p_y          -0.051499   0.005573
          p_z           0.051446   0.005509
          p_x           0.054313   0.006251

   18 H   s            -0.090769   0.019052

   19 C   s             0.161061   0.030624
          p_y           0.039339   0.003619
          p_z          -0.020500   0.000887
          p_x          -0.059144   0.008440

   20 C   s            -0.156008   0.027905
          p_y          -0.049719   0.005528
          p_z           0.024053   0.001211
          p_x           0.076520   0.013340

   21 C   s             0.131944   0.020188
          p_y           0.081750   0.013923
          p_z          -0.031993   0.002174
          p_x          -0.132993   0.036685

   22 H   s             0.102762   0.023400

   23 C   s            -0.057574   0.004083
          p_y           0.028807   0.001763
          p_z           0.026180   0.001408
          p_x          -0.082013   0.014147

   24 H   s             0.017810   0.000751

   25 H   s            -0.090777   0.019055

   26 H   s             0.102777   0.023406

   27 C   s             0.132025   0.020213
          p_y          -0.077744   0.012526
          p_z           0.018253   0.000666
          p_x           0.137852   0.039562

   28 C   s            -0.161073   0.030629
          p_y           0.039341   0.003620
          p_z          -0.020501   0.000887
          p_x          -0.059147   0.008441

   29 H   s             0.017853   0.000755

   30 C   s            -0.161065   0.030625
          p_y          -0.034075   0.002818
          p_z           0.002533   0.000029
          p_x           0.065574   0.010103

   31 C   s             0.057579   0.004083
          p_y           0.028808   0.001763
          p_z           0.026183   0.001408
          p_x          -0.082020   0.014149

   32 H   s             0.090783   0.019057

   33 C   s             0.057473   0.004069
          p_y          -0.051504   0.005574
          p_z           0.051452   0.005510
          p_x           0.054317   0.006252

   34 H   s             0.090776   0.019054

   35 H   s            -0.017855   0.000755

   36 H   s            -0.017809   0.000751

Eigenvector:  18    (up)

    1 C   s             0.065446   0.004763
          p_y           0.012263   0.000253
          p_z          -0.087355   0.014130
          p_x           0.057948   0.006457

    2 C   s             0.119484   0.015528
          p_y          -0.031002   0.001915
          p_z           0.101730   0.020129
          p_x          -0.034050   0.002156

    3 C   s            -0.065383   0.004754
          p_y          -0.041750   0.003332
          p_z           0.096642   0.017433
          p_x          -0.007924   0.000088

    4 C   s            -0.159223   0.027337
          p_y           0.002825   0.000022
          p_z          -0.000908   0.000002
          p_x          -0.004816   0.000063

    5 C   s            -0.158037   0.028163
          p_y           0.021929   0.001023
          p_z           0.036209   0.002470
          p_x          -0.077853   0.012251

    6 H   s            -0.042125   0.003697

    7 C   s            -0.119598   0.015558
          p_y           0.028379   0.001517
          p_z          -0.100873   0.019689
          p_x           0.038560   0.002990

    8 C   s             0.159229   0.027339
          p_y           0.002823   0.000022
          p_z          -0.000897   0.000002
          p_x          -0.004824   0.000063

    9 C   s             0.065366   0.004752
          p_y          -0.041750   0.003331
          p_z           0.096645   0.017434
          p_x          -0.007926   0.000088

   10 H   s             0.058652   0.007045

   11 C   s            -0.041640   0.001957
          p_y           0.042315   0.003617
          p_z          -0.140338   0.039669
          p_x           0.047615   0.004542

   12 C   s             0.158106   0.028188
          p_y           0.049728   0.004979
          p_z          -0.058766   0.006725
          p_x          -0.043755   0.004015

   13 H   s             0.042197   0.003710

   14 H   s            -0.058656   0.007046

   15 C   s            -0.065437   0.004762
          p_y           0.012269   0.000253
          p_z          -0.087359   0.014132
          p_x           0.057941   0.006455

   16 C   s             0.119608   0.015561
          p_y           0.028377   0.001516
          p_z          -0.100865   0.019686
          p_x           0.038557   0.002990

   17 C   s             0.183296   0.039328
          p_y          -0.038512   0.003024
          p_z           0.005582  -0.000005
          p_x           0.071512   0.011248

   18 H   s             0.014790   0.000479

   19 C   s             0.041568   0.001950
          p_y          -0.039539   0.003137
          p_z           0.139452   0.039145
          p_x          -0.052393   0.005552

   20 C   s            -0.119491   0.015530
          p_y          -0.031000   0.001914
          p_z           0.101721   0.020125
          p_x          -0.034046   0.002156

   21 C   s            -0.158097   0.028185
          p_y           0.049732   0.004980
          p_z          -0.058775   0.006727
          p_x          -0.043754   0.004015

   22 H   s            -0.042200   0.003711

   23 C   s            -0.183283   0.039323
          p_y          -0.042746   0.004062
          p_z           0.019966   0.001106
          p_x           0.066401   0.009114

   24 H   s            -0.083088   0.015943

   25 H   s            -0.014741   0.000476

   26 H   s             0.042128   0.003698

   27 C   s             0.158033   0.028162
          p_y           0.021923   0.001023
          p_z           0.036215   0.002471
          p_x          -0.077848   0.012249

   28 C   s            -0.041592   0.001953
          p_y          -0.039536   0.003136
          p_z           0.139451   0.039144
          p_x          -0.052399   0.005553

   29 H   s             0.083092   0.015944

   30 C   s             0.041644   0.001958
          p_y           0.042311   0.003617
          p_z          -0.140332   0.039666
          p_x           0.047619   0.004543

   31 C   s             0.183296   0.039328
          p_y          -0.042741   0.004061
          p_z           0.019970   0.001107
          p_x           0.066388   0.009110

   32 H   s             0.014753   0.000477

   33 C   s            -0.183284   0.039325
          p_y          -0.038515   0.003025
          p_z           0.005577  -0.000005
          p_x           0.071526   0.011253

   34 H   s            -0.014788   0.000479

   35 H   s            -0.083096   0.015945

   36 H   s             0.083108   0.015951

Eigenvector:  19    (up)

    1 C   s            -0.132285   0.017773
          p_y           0.050675   0.004419
          p_z          -0.078502   0.010221
          p_x          -0.027122   0.001391

    2 C   s             0.145980   0.021525
          p_y           0.004212   0.000016
          p_z          -0.049717   0.004184
          p_x           0.038543   0.002773

    3 C   s             0.132274   0.017770
          p_y           0.010237   0.000213
          p_z           0.059311   0.005705
          p_x          -0.076477   0.010122

    4 C   s            -0.000013   0.000000
          p_y          -0.049419   0.004126
          p_z           0.168454   0.047942
          p_x          -0.060410   0.006166

    5 C   s            -0.045358   0.002134
          p_y          -0.022787   0.000842
          p_z           0.108462   0.019780
          p_x          -0.056652   0.005552

    6 H   s            -0.074967   0.010097

    7 C   s            -0.145973   0.021523
          p_y          -0.027058   0.001348
          p_z           0.056898   0.005613
          p_x           0.000323   0.000002

    8 C   s             0.000003   0.000000
          p_y           0.049422   0.004127
          p_z          -0.168460   0.047945
          p_x           0.060409   0.006166

    9 C   s             0.132287   0.017774
          p_y          -0.010238   0.000213
          p_z          -0.059302   0.005703
          p_x           0.076468   0.010119

   10 H   s             0.000024   0.000000

   11 C   s            -0.116245   0.014026
          p_y           0.041102   0.003091
          p_z          -0.119655   0.025489
          p_x           0.030547   0.001537

   12 C   s             0.045364   0.002134
          p_y           0.042611   0.003124
          p_z          -0.114626   0.022201
          p_x           0.023197   0.000849

   13 H   s             0.074948   0.010092

   14 H   s             0.000015   0.000000

   15 C   s            -0.132293   0.017775
          p_y          -0.050680   0.004420
          p_z           0.078494   0.010219
          p_x           0.027139   0.001392

   16 C   s            -0.145974   0.021523
          p_y           0.027064   0.001349
          p_z          -0.056910   0.005615
          p_x          -0.000325   0.000002

   17 C   s             0.170300   0.031572
          p_y          -0.025919   0.001237
          p_z          -0.028214   0.001800
          p_x           0.078158   0.012116

   18 H   s             0.053276   0.005342

   19 C   s             0.116235   0.014024
          p_y          -0.027600   0.001289
          p_z           0.115416   0.023553
          p_x          -0.053480   0.005282

   20 C   s             0.145968   0.021521
          p_y          -0.004223   0.000016
          p_z           0.049740   0.004188
          p_x          -0.038544   0.002773

   21 C   s             0.045350   0.002133
          p_y          -0.042608   0.003123
          p_z           0.114622   0.022199
          p_x          -0.023202   0.000849

   22 H   s             0.074952   0.010093

   23 C   s            -0.170298   0.031571
          p_y          -0.049332   0.004856
          p_z           0.051872   0.005692
          p_x           0.049544   0.004609

   24 H   s            -0.110088   0.023965

   25 H   s            -0.053273   0.005341

   26 H   s            -0.074957   0.010095

   27 C   s            -0.045337   0.002132
          p_y           0.022793   0.000842
          p_z          -0.108472   0.019784
          p_x           0.056647   0.005551

   28 C   s             0.116252   0.014028
          p_y           0.027589   0.001288
          p_z          -0.115402   0.023546
          p_x           0.053488   0.005283

   29 H   s             0.110092   0.023966

   30 C   s            -0.116254   0.014028
          p_y          -0.041094   0.003090
          p_z           0.119640   0.025483
          p_x          -0.030553   0.001538

   31 C   s            -0.170301   0.031572
          p_y           0.049319   0.004854
          p_z          -0.051869   0.005691
          p_x          -0.049525   0.004605

   32 H   s            -0.053287   0.005344

   33 C   s             0.170286   0.031568
          p_y           0.025918   0.001237
          p_z           0.028232   0.001802
          p_x          -0.078181   0.012124

   34 H   s             0.053274   0.005341

   35 H   s             0.110087   0.023964

   36 H   s            -0.110118   0.023978

Eigenvector:  20    (up)

    1 C   s            -0.032675   0.000931
          p_y           0.002756   0.000018
          p_z           0.121510   0.025645
          p_x          -0.120250   0.025507

    2 C   s             0.029227   0.000873
          p_y           0.018978   0.000492
          p_z          -0.150827   0.037482
          p_x           0.104356   0.019053

    3 C   s            -0.032696   0.000933
          p_y          -0.081911   0.011814
          p_z           0.148201   0.038317
          p_x           0.023628   0.001037

    4 C   s            -0.005602   0.000048
          p_y           0.083317   0.012702
          p_z          -0.026356   0.001271
          p_x          -0.141527   0.036652

    5 C   s             0.020338   0.000322
          p_y          -0.089344   0.014106
          p_z           0.094918   0.015635
          p_x           0.088831   0.014197

    6 H   s            -0.046526   0.003896

    7 C   s             0.029266   0.000875
          p_y           0.074620   0.009653
          p_z          -0.168346   0.047318
          p_x           0.009957   0.000071

    8 C   s            -0.005593   0.000048
          p_y          -0.083291   0.012695
          p_z           0.026272   0.001263
          p_x           0.141554   0.036666

    9 C   s            -0.032689   0.000932
          p_y           0.081939   0.011823
          p_z          -0.148168   0.038300
          p_x          -0.023716   0.001044

   10 H   s             0.107585   0.020751

   11 C   s            -0.019148   0.000348
          p_y          -0.056111   0.005939
          p_z           0.057889   0.006028
          p_x           0.057408   0.006491

   12 C   s             0.020322   0.000322
          p_y           0.046238   0.003868
          p_z           0.052243   0.004633
          p_x          -0.141497   0.035447

   13 H   s            -0.046534   0.003898

   14 H   s             0.107579   0.020749

   15 C   s            -0.032682   0.000932
          p_y          -0.002811   0.000018
          p_z          -0.121459   0.025624
          p_x           0.120314   0.025534

   16 C   s             0.029257   0.000874
          p_y          -0.074594   0.009646
          p_z           0.168357   0.047324
          p_x          -0.010020   0.000072

   17 C   s             0.033815   0.001178
          p_y           0.037010   0.002351
          p_z          -0.103182   0.019921
          p_x           0.023202   0.001273

   18 H   s            -0.046239   0.004013

   19 C   s            -0.019187   0.000350
          p_y           0.030173   0.001816
          p_z           0.030695   0.001590
          p_x          -0.089104   0.015046

   20 C   s             0.029215   0.000872
          p_y          -0.019024   0.000495
          p_z           0.150879   0.037509
          p_x          -0.104316   0.019038

   21 C   s             0.020300   0.000321
          p_y          -0.046229   0.003867
          p_z          -0.052293   0.004643
          p_x           0.141527   0.035462

   22 H   s            -0.046490   0.003890

   23 C   s             0.033862   0.001181
          p_y           0.021909   0.001049
          p_z          -0.098446   0.018525
          p_x           0.048852   0.003976

   24 H   s            -0.067154   0.008540

   25 H   s            -0.046225   0.004010

   26 H   s            -0.046480   0.003889

   27 C   s             0.020333   0.000322
          p_y           0.089371   0.014115
          p_z          -0.094981   0.015656
          p_x          -0.088828   0.014196

   28 C   s            -0.019150   0.000348
          p_y          -0.030213   0.001821
          p_z          -0.030651   0.001586
          p_x           0.089144   0.015060

   29 H   s            -0.067188   0.008548

   30 C   s            -0.019127   0.000348
          p_y           0.056132   0.005943
          p_z          -0.057873   0.006025
          p_x          -0.057468   0.006504

   31 C   s             0.033859   0.001181
          p_y          -0.021943   0.001052
          p_z           0.098465   0.018533
          p_x          -0.048806   0.003969

   32 H   s            -0.046277   0.004019

   33 C   s             0.033815   0.001178
          p_y          -0.036990   0.002348
          p_z           0.103197   0.019926
          p_x          -0.023263   0.001279

   34 H   s            -0.046282   0.004020

   35 H   s            -0.067209   0.008554

   36 H   s            -0.067189   0.008548

Eigenvector:  21    (up)

    1 C   s             0.001706  -0.000001
          p_y          -0.112051   0.021665
          p_z           0.113986   0.022440
          p_x           0.116120   0.023249

    2 C   s             0.015903   0.000284
          p_y          -0.081717   0.012153
          p_z           0.080612   0.011365
          p_x           0.087060   0.014263

    3 C   s             0.001649  -0.000001
          p_y           0.061158   0.006448
          p_z           0.059339   0.006088
          p_x          -0.178218   0.054804

    4 C   s             0.000004  -0.000000
          p_y           0.050032   0.004144
          p_z          -0.170576   0.048175
          p_x           0.061151   0.006192

    5 C   s             0.032166   0.000969
          p_y           0.050365   0.004415
          p_z          -0.115393   0.023886
          p_x           0.008286   0.000168

    6 H   s            -0.086319   0.013476

    7 C   s             0.015922   0.000284
          p_y           0.046243   0.004063
          p_z           0.040238   0.002670
          p_x          -0.130395   0.031059

    8 C   s             0.000000   0.000000
          p_y           0.050073   0.004152
          p_z          -0.170574   0.048174
          p_x           0.061069   0.006174

    9 C   s            -0.001643  -0.000001
          p_y           0.061115   0.006438
          p_z           0.059424   0.006106
          p_x          -0.178213   0.054801

   10 H   s            -0.000000  -0.000000

   11 C   s            -0.057432   0.003427
          p_y           0.036116   0.002688
          p_z           0.045687   0.003357
          p_x          -0.114986   0.025008

   12 C   s             0.032160   0.000968
          p_y           0.013885   0.000391
          p_z          -0.103902   0.019559
          p_x           0.070214   0.008514

   13 H   s            -0.086352   0.013487

   14 H   s            -0.000059   0.000000

   15 C   s            -0.001678  -0.000001
          p_y          -0.112045   0.021663
          p_z           0.114043   0.022463
          p_x           0.116055   0.023223

   16 C   s            -0.015927   0.000285
          p_y           0.046281   0.004069
          p_z           0.040152   0.002658
          p_x          -0.130392   0.031058

   17 C   s            -0.002724   0.000004
          p_y           0.044318   0.003451
          p_z           0.005457   0.000113
          p_x          -0.093498   0.016343

   18 H   s             0.088431   0.014631

   19 C   s            -0.057448   0.003429
          p_y          -0.072892   0.009977
          p_z           0.079954   0.011185
          p_x           0.070038   0.009886

   20 C   s            -0.015934   0.000285
          p_y          -0.081710   0.012151
          p_z           0.080532   0.011343
          p_x           0.087122   0.014283

   21 C   s            -0.032176   0.000969
          p_y           0.013917   0.000392
          p_z          -0.103887   0.019554
          p_x           0.070138   0.008496

   22 H   s             0.086372   0.013493

   23 C   s            -0.002706   0.000004
          p_y          -0.056833   0.006085
          p_z           0.037268   0.002941
          p_x           0.078197   0.010878

   24 H   s             0.042230   0.003414

   25 H   s             0.088434   0.014632

   26 H   s             0.086355   0.013488

   27 C   s            -0.032166   0.000969
          p_y           0.050316   0.004406
          p_z          -0.115336   0.023863
          p_x           0.008330   0.000169

   28 C   s             0.057454   0.003430
          p_y          -0.072884   0.009975
          p_z           0.079987   0.011194
          p_x           0.069989   0.009873

   29 H   s             0.042216   0.003412

   30 C   s             0.057449   0.003429
          p_y           0.036093   0.002684
          p_z           0.045703   0.003359
          p_x          -0.114958   0.024996

   31 C   s             0.002700   0.000004
          p_y          -0.056833   0.006084
          p_z           0.037224   0.002935
          p_x           0.078237   0.010889

   32 H   s            -0.088411   0.014624

   33 C   s             0.002688   0.000004
          p_y           0.044337   0.003454
          p_z           0.005409   0.000112
          p_x          -0.093494   0.016341

   34 H   s            -0.088413   0.014625

   35 H   s            -0.042194   0.003409

   36 H   s            -0.042203   0.003410

Eigenvector:  22    (up)

    1 C   s            -0.025312   0.000542
          p_y           0.006830   0.000104
          p_z          -0.028355   0.001557
          p_x           0.013217   0.000286

    2 C   s            -0.049496   0.002427
          p_y           0.079005   0.010655
          p_z          -0.054249   0.004636
          p_x          -0.106413   0.020049

    3 C   s            -0.025773   0.000563
          p_y           0.010028   0.000171
          p_z          -0.029211   0.001614
          p_x           0.007572   0.000137

    4 C   s             0.076799   0.005637
          p_y          -0.050785   0.004429
          p_z           0.016061   0.000443
          p_x           0.086313   0.012792

    5 C   s             0.018350   0.000280
          p_y          -0.006772   0.000093
          p_z           0.115147   0.022603
          p_x          -0.094896   0.014924

    6 H   s             0.114755   0.022025

    7 C   s            -0.049416   0.002419
          p_y          -0.059722   0.006367
          p_z          -0.010949   0.000109
          p_x           0.129673   0.028844

    8 C   s             0.077208   0.005699
          p_y           0.050977   0.004462
          p_z          -0.016070   0.000444
          p_x          -0.086694   0.012904

    9 C   s            -0.025304   0.000542
          p_y          -0.010149   0.000175
          p_z           0.029370   0.001630
          p_x          -0.007488   0.000135

   10 H   s            -0.102666   0.017290

   11 C   s             0.037014   0.001396
          p_y          -0.040101   0.003105
          p_z          -0.068431   0.007477
          p_x           0.144363   0.037134

   12 C   s             0.018524   0.000286
          p_y          -0.066103   0.007269
          p_z           0.134071   0.030425
          p_x           0.005660   0.000032

   13 H   s             0.114580   0.021959

   14 H   s            -0.103204   0.017469

   15 C   s            -0.025747   0.000562
          p_y          -0.006837   0.000104
          p_z           0.028123   0.001534
          p_x          -0.012990   0.000276

   16 C   s            -0.049518   0.002429
          p_y           0.059906   0.006403
          p_z           0.010476   0.000097
          p_x          -0.129600   0.028815

   17 C   s             0.003758   0.000023
          p_y          -0.061094   0.006176
          p_z          -0.031819   0.002221
          p_x           0.151743   0.040548

   18 H   s            -0.101816   0.018065

   19 C   s             0.036658   0.001370
          p_y           0.092367   0.015111
          p_z          -0.110186   0.020408
          p_x          -0.080322   0.012179

   20 C   s            -0.049439   0.002421
          p_y          -0.079082   0.010674
          p_z           0.054748   0.004720
          p_x           0.106094   0.019935

   21 C   s             0.018352   0.000280
          p_y           0.066056   0.007259
          p_z          -0.133806   0.030312
          p_x          -0.005823   0.000035

   22 H   s             0.114720   0.022011

   23 C   s             0.004132   0.000027
          p_y           0.094144   0.015708
          p_z          -0.080807   0.012475
          p_x          -0.111576   0.020893

   24 H   s            -0.086187   0.013217

   25 H   s            -0.101555   0.017975

   26 H   s             0.114600   0.021967

   27 C   s             0.018578   0.000287
          p_y           0.006911   0.000097
          p_z          -0.115432   0.022708
          p_x           0.094881   0.014918

   28 C   s             0.037033   0.001397
          p_y          -0.092410   0.015126
          p_z           0.110049   0.020359
          p_x           0.080530   0.012239

   29 H   s            -0.086532   0.013321

   30 C   s             0.036616   0.001367
          p_y           0.040019   0.003093
          p_z           0.068523   0.007498
          p_x          -0.144294   0.037097

   31 C   s             0.003742   0.000023
          p_y          -0.094029   0.015669
          p_z           0.080648   0.012427
          p_x           0.111489   0.020859

   32 H   s            -0.101854   0.018078

   33 C   s             0.004150   0.000027
          p_y           0.061089   0.006175
          p_z           0.032062   0.002252
          p_x          -0.151974   0.040674

   34 H   s            -0.101549   0.017973

   35 H   s            -0.086209   0.013224

   36 H   s            -0.086614   0.013346

Eigenvector:  23    (up)

    1 C   s             0.150669   0.020892
          p_y          -0.007854   0.000094
          p_z          -0.054153   0.004283
          p_x           0.066422   0.006509

    2 C   s            -0.027839   0.000852
          p_y          -0.023271   0.000740
          p_z           0.151139   0.034634
          p_x          -0.096393   0.014757

    3 C   s            -0.150653   0.020887
          p_y          -0.044342   0.002899
          p_z           0.070277   0.007237
          p_x           0.021785   0.000712

    4 C   s            -0.133110   0.017835
          p_y           0.072420   0.008825
          p_z          -0.022879   0.000881
          p_x          -0.123399   0.025617

    5 C   s            -0.060920   0.003528
          p_y           0.041327   0.002645
          p_z          -0.093387   0.013168
          p_x           0.005239   0.000024

    6 H   s             0.052593   0.004412

    7 C   s             0.028045   0.000864
          p_y           0.069793   0.007680
          p_z          -0.165681   0.042021
          p_x           0.016766   0.000323

    8 C   s             0.132871   0.017772
          p_y           0.072261   0.008786
          p_z          -0.022810   0.000876
          p_x          -0.123147   0.025511

    9 C   s             0.150721   0.020905
          p_y          -0.044316   0.002895
          p_z           0.070205   0.007220
          p_x           0.021802   0.000713

   10 H   s             0.181860   0.052317

   11 C   s             0.123560   0.014982
          p_y          -0.036044   0.002255
          p_z           0.050195   0.004071
          p_x           0.024652   0.001194

   12 C   s             0.060793   0.003514
          p_y          -0.010405   0.000143
          p_z           0.083109   0.010329
          p_x          -0.057958   0.005234

   13 H   s            -0.052915   0.004467

   14 H   s            -0.181547   0.052134

   15 C   s            -0.150574   0.020866
          p_y          -0.007826   0.000093
          p_z          -0.054244   0.004299
          p_x           0.066454   0.006516

   16 C   s            -0.027881   0.000854
          p_y           0.069606   0.007636
          p_z          -0.165730   0.042042
          p_x           0.017182   0.000343

   17 C   s            -0.129002   0.017045
          p_y           0.007613   0.000101
          p_z           0.054722   0.005466
          p_x          -0.066606   0.008011

   18 H   s            -0.090810   0.013705

   19 C   s            -0.123641   0.015002
          p_y          -0.011402   0.000270
          p_z          -0.035231   0.001899
          p_x           0.055591   0.005417

   20 C   s             0.027971   0.000860
          p_y          -0.023032   0.000723
          p_z           0.150963   0.034552
          p_x          -0.096707   0.014858

   21 C   s            -0.060865   0.003522
          p_y          -0.010602   0.000149
          p_z           0.083520   0.010438
          p_x          -0.057959   0.005235

   22 H   s             0.052545   0.004403

   23 C   s             0.128962   0.017033
          p_y           0.044053   0.003508
          p_z          -0.070661   0.009081
          p_x          -0.021445   0.000816

   24 H   s             0.118606   0.024179

   25 H   s             0.091177   0.013819

   26 H   s            -0.052927   0.004469

   27 C   s             0.060885   0.003524
          p_y           0.041297   0.002641
          p_z          -0.093015   0.013057
          p_x           0.004944   0.000021

   28 C   s             0.123532   0.014975
          p_y          -0.011124   0.000258
          p_z          -0.035552   0.001936
          p_x           0.055336   0.005365

   29 H   s            -0.118236   0.024027

   30 C   s            -0.123677   0.015010
          p_y          -0.036167   0.002271
          p_z           0.049961   0.004034
          p_x           0.025108   0.001236

   31 C   s            -0.128973   0.017036
          p_y           0.044331   0.003552
          p_z          -0.070913   0.009147
          p_x          -0.021769   0.000840

   32 H   s            -0.090866   0.013722

   33 C   s             0.128969   0.017036
          p_y           0.007420   0.000096
          p_z           0.054634   0.005446
          p_x          -0.066156   0.007905

   34 H   s             0.091132   0.013805

   35 H   s             0.118500   0.024135

   36 H   s            -0.118358   0.024077

Eigenvector:  24    (up)

    1 C   s            -0.050037   0.002102
          p_y           0.006387   0.000076
          p_z          -0.132806   0.027683
          p_x           0.112395   0.019396

    2 C   s             0.051484   0.002423
          p_y          -0.009559   0.000102
          p_z           0.112028   0.019408
          p_x          -0.086692   0.012338

    3 C   s            -0.049807   0.002082
          p_y           0.078045   0.009379
          p_z          -0.155457   0.037721
          p_x          -0.009279   0.000104

    4 C   s             0.000083   0.000000
          p_y          -0.030974   0.001396
          p_z           0.105060   0.016051
          p_x          -0.037570   0.002052

    5 C   s            -0.053641   0.002453
          p_y           0.061551   0.006432
          p_z          -0.016579   0.000497
          p_x          -0.107373   0.019386

    6 H   s             0.013112   0.000302

    7 C   s             0.051453   0.002419
          p_y          -0.061119   0.006081
          p_z           0.128401   0.025864
          p_x           0.000642   0.000005

    8 C   s            -0.000112   0.000000
          p_y          -0.030995   0.001398
          p_z           0.105076   0.016056
          p_x          -0.037544   0.002049

    9 C   s             0.049811   0.002082
          p_y           0.078045   0.009379
          p_z          -0.155460   0.037723
          p_x          -0.009279   0.000104

   10 H   s            -0.000163   0.000000

   11 C   s             0.021361   0.000408
          p_y           0.080872   0.011067
          p_z          -0.139735   0.031490
          p_x          -0.029878   0.001822

   12 C   s            -0.053664   0.002455
          p_y          -0.063532   0.006777
          p_z           0.022730   0.000827
          p_x           0.105099   0.018723

   13 H   s             0.013241   0.000308

   14 H   s             0.000201   0.000000

   15 C   s             0.050054   0.002103
          p_y           0.006393   0.000076
          p_z          -0.132820   0.027689
          p_x           0.112396   0.019396

   16 C   s            -0.051428   0.002417
          p_y          -0.061144   0.006086
          p_z           0.128389   0.025860
          p_x           0.000700   0.000006

   17 C   s            -0.021260   0.000524
          p_y          -0.078006   0.009829
          p_z           0.173852   0.051831
          p_x          -0.007919   0.000230

   18 H   s             0.050555   0.004373

   19 C   s             0.021483   0.000413
          p_y          -0.007291   0.000142
          p_z          -0.111932   0.019708
          p_x           0.119834   0.024503

   20 C   s            -0.051476   0.002422
          p_y          -0.009534   0.000101
          p_z           0.112004   0.019400
          p_x          -0.086725   0.012348

   21 C   s             0.053649   0.002454
          p_y          -0.063553   0.006781
          p_z           0.022779   0.000831
          p_x           0.105091   0.018720

   22 H   s            -0.013294   0.000310

   23 C   s            -0.021383   0.000530
          p_y          -0.018134   0.000733
          p_z           0.155075   0.042074
          p_x          -0.109622   0.019120

   24 H   s             0.095899   0.015983

   25 H   s             0.050488   0.004362

   26 H   s            -0.013145   0.000303

   27 C   s             0.053646   0.002454
          p_y           0.061543   0.006431
          p_z          -0.016529   0.000494
          p_x          -0.107410   0.019399

   28 C   s            -0.021494   0.000413
          p_y          -0.007260   0.000141
          p_z          -0.111964   0.019719
          p_x           0.119801   0.024489

   29 H   s             0.096016   0.016021

   30 C   s            -0.021377   0.000408
          p_y           0.080857   0.011063
          p_z          -0.139773   0.031507
          p_x          -0.029819   0.001816

   31 C   s             0.021382   0.000530
          p_y          -0.018107   0.000731
          p_z           0.155043   0.042056
          p_x          -0.109654   0.019132

   32 H   s            -0.050452   0.004356

   33 C   s             0.021250   0.000524
          p_y          -0.078034   0.009836
          p_z           0.173847   0.051826
          p_x          -0.007874   0.000228

   34 H   s            -0.050512   0.004366

   35 H   s            -0.095985   0.016011

   36 H   s            -0.095868   0.015972

Eigenvector:  25    (up)

    1 C   s             0.000294   0.000000
          p_y           0.220504   0.073168
          p_z           0.104305   0.016371
          p_x           0.110603   0.018405

    2 C   s            -0.000041   0.000000
          p_y           0.149272   0.033312
          p_z           0.070449   0.007418
          p_x           0.074325   0.008254

    3 C   s            -0.000342   0.000000
          p_y           0.220656   0.073269
          p_z           0.104227   0.016346
          p_x           0.110404   0.018338

    4 C   s            -0.000094   0.000000
          p_y           0.194376   0.055768
          p_z           0.091666   0.012400
          p_x           0.096711   0.013798

    5 C   s             0.000212   0.000000
          p_y           0.130094   0.025960
          p_z           0.061488   0.005799
          p_x           0.065104   0.006500

    6 H   s             0.000388   0.000000

    7 C   s             0.000108   0.000000
          p_y           0.149268   0.033309
          p_z           0.070526   0.007435
          p_x           0.074312   0.008252

    8 C   s             0.000096   0.000000
          p_y           0.194376   0.055769
          p_z           0.091666   0.012400
          p_x           0.096711   0.013798

    9 C   s             0.000342   0.000000
          p_y           0.220655   0.073269
          p_z           0.104225   0.016346
          p_x           0.110403   0.018338

   10 H   s             0.000513   0.000000

   11 C   s            -0.000028   0.000000
          p_y           0.065295   0.006630
          p_z           0.030676   0.001463
          p_x           0.032606   0.001653

   12 C   s            -0.000183   0.000000
          p_y           0.130007   0.025924
          p_z           0.061460   0.005793
          p_x           0.065332   0.006546

   13 H   s            -0.000367   0.000000

   14 H   s            -0.000514   0.000000

   15 C   s            -0.000295   0.000000
          p_y           0.220503   0.073167
          p_z           0.104305   0.016371
          p_x           0.110602   0.018405

   16 C   s            -0.000109   0.000000
          p_y           0.149268   0.033309
          p_z           0.070526   0.007435
          p_x           0.074309   0.008251

   17 C   s             0.000066   0.000000
          p_y           0.041866   0.002756
          p_z           0.019809   0.000617
          p_x           0.021089   0.000699

   18 H   s             0.000127   0.000000

   19 C   s             0.000063   0.000000
          p_y           0.065311   0.006633
          p_z           0.030667   0.001462
          p_x           0.032601   0.001652

   20 C   s             0.000042   0.000000
          p_y           0.149269   0.033310
          p_z           0.070450   0.007419
          p_x           0.074324   0.008254

   21 C   s             0.000183   0.000000
          p_y           0.130005   0.025923
          p_z           0.061457   0.005793
          p_x           0.065331   0.006545

   22 H   s             0.000368   0.000000

   23 C   s            -0.000070   0.000000
          p_y           0.041933   0.002765
          p_z           0.019788   0.000616
          p_x           0.020980   0.000692

   24 H   s            -0.000038   0.000000

   25 H   s            -0.000183   0.000000

   26 H   s            -0.000388   0.000000

   27 C   s            -0.000212   0.000000
          p_y           0.130092   0.025959
          p_z           0.061484   0.005798
          p_x           0.065104   0.006500

   28 C   s            -0.000062   0.000000
          p_y           0.065309   0.006633
          p_z           0.030668   0.001462
          p_x           0.032602   0.001652

   29 H   s             0.000034   0.000000

   30 C   s             0.000028   0.000000
          p_y           0.065294   0.006630
          p_z           0.030678   0.001463
          p_x           0.032603   0.001653

   31 C   s             0.000069   0.000000
          p_y           0.041932   0.002765
          p_z           0.019789   0.000616
          p_x           0.020981   0.000692

   32 H   s             0.000182   0.000000

   33 C   s            -0.000064   0.000000
          p_y           0.041867   0.002756
          p_z           0.019809   0.000617
          p_x           0.021087   0.000699

   34 H   s            -0.000128   0.000000

   35 H   s            -0.000034   0.000000

   36 H   s             0.000040   0.000000

Eigenvector:  26    (up)

    1 C   s             0.102893   0.009021
          p_y          -0.012685   0.000146
          p_z           0.036593   0.001843
          p_x          -0.010546   0.000280

    2 C   s            -0.031873   0.001457
          p_y           0.105138   0.017745
          p_z          -0.081211   0.010148
          p_x          -0.134142   0.029554

    3 C   s            -0.102942   0.009029
          p_y           0.008655   0.000166
          p_z          -0.036090   0.001946
          p_x           0.015471   0.000166

    4 C   s            -0.001642   0.000035
          p_y           0.106948   0.018324
          p_z          -0.034040   0.001855
          p_x          -0.182649   0.053423

    5 C   s             0.119560   0.012729
          p_y          -0.028307   0.001081
          p_z           0.052181   0.003931
          p_x           0.006513   0.000026

    6 H   s             0.170312   0.044938

    7 C   s             0.031879   0.001458
          p_y           0.074166   0.009087
          p_z           0.024245   0.000787
          p_x          -0.171884   0.047553

    8 C   s             0.001651   0.000036
          p_y           0.106956   0.018326
          p_z          -0.034056   0.001857
          p_x          -0.182650   0.053424

    9 C   s             0.102948   0.009031
          p_y           0.008656   0.000166
          p_z          -0.036096   0.001947
          p_x           0.015474   0.000166

   10 H   s             0.186436   0.053425

   11 C   s            -0.065635   0.004622
          p_y           0.046041   0.003606
          p_z          -0.012937   0.000298
          p_x          -0.080141   0.010844

   12 C   s            -0.119571   0.012731
          p_y          -0.000291  -0.000001
          p_z          -0.043527   0.002818
          p_x           0.040897   0.002221

   13 H   s            -0.170298   0.044930

   14 H   s            -0.186446   0.053431

   15 C   s            -0.102908   0.009024
          p_y          -0.012689   0.000146
          p_z           0.036600   0.001844
          p_x          -0.010544   0.000280

   16 C   s            -0.031892   0.001459
          p_y           0.074177   0.009089
          p_z           0.024256   0.000788
          p_x          -0.171916   0.047571

   17 C   s             0.075950   0.005657
          p_y          -0.004305   0.000025
          p_z          -0.022303   0.000933
          p_x           0.029224   0.001467

   18 H   s             0.110041   0.019318

   19 C   s             0.065645   0.004624
          p_y           0.047252   0.003766
          p_z          -0.016727   0.000455
          p_x          -0.078722   0.010527

   20 C   s             0.031881   0.001458
          p_y           0.105139   0.017745
          p_z          -0.081208   0.010147
          p_x          -0.134145   0.029555

   21 C   s             0.119589   0.012735
          p_y          -0.000288  -0.000001
          p_z          -0.043542   0.002820
          p_x           0.040910   0.002222

   22 H   s             0.170329   0.044946

   23 C   s            -0.075956   0.005658
          p_y          -0.019424   0.000653
          p_z           0.029683   0.001604
          p_x           0.010572   0.000167

   24 H   s            -0.064518   0.006778

   25 H   s            -0.110048   0.019320

   26 H   s            -0.170319   0.044942

   27 C   s            -0.119579   0.012733
          p_y          -0.028302   0.001080
          p_z           0.052164   0.003928
          p_x           0.006525   0.000026

   28 C   s            -0.065649   0.004624
          p_y           0.047251   0.003766
          p_z          -0.016726   0.000455
          p_x          -0.078718   0.010525

   29 H   s             0.064537   0.006782

   30 C   s             0.065647   0.004624
          p_y           0.046048   0.003607
          p_z          -0.012918   0.000297
          p_x          -0.080166   0.010851

   31 C   s             0.075962   0.005659
          p_y          -0.019426   0.000653
          p_z           0.029693   0.001605
          p_x           0.010573   0.000167

   32 H   s             0.110049   0.019320

   33 C   s            -0.075947   0.005657
          p_y          -0.004296   0.000024
          p_z          -0.022311   0.000933
          p_x           0.029224   0.001467

   34 H   s            -0.110063   0.019325

   35 H   s            -0.064548   0.006784

   36 H   s             0.064526   0.006780

Eigenvector:  27    (up)

    1 C   s             0.073683   0.004688
          p_y          -0.007903   0.000062
          p_z           0.009079   0.000090
          p_x           0.007309   0.000047

    2 C   s            -0.051971   0.003278
          p_y           0.116036   0.021400
          p_z          -0.083018   0.010386
          p_x          -0.153211   0.038296

    3 C   s            -0.073646   0.004683
          p_y          -0.003722   0.000012
          p_z          -0.005405   0.000035
          p_x           0.012607   0.000157

    4 C   s            -0.000018   0.000000
          p_y           0.018181   0.000462
          p_z          -0.061928   0.005365
          p_x           0.022209   0.000690

    5 C   s             0.147536   0.019213
          p_y          -0.027362   0.000979
          p_z           0.040570   0.002340
          p_x           0.016411   0.000280

    6 H   s             0.196237   0.058983

    7 C   s             0.051968   0.003278
          p_y           0.086000   0.012134
          p_z           0.019362   0.000436
          p_x          -0.189924   0.057531

    8 C   s            -0.000027   0.000000
          p_y          -0.018198   0.000463
          p_z           0.061997   0.005378
          p_x          -0.022236   0.000692

    9 C   s            -0.073658   0.004685
          p_y           0.003689   0.000011
          p_z           0.005392   0.000034
          p_x          -0.012525   0.000154

   10 H   s            -0.000007   0.000000

   11 C   s            -0.070883   0.005521
          p_y           0.062346   0.006544
          p_z          -0.006365   0.000088
          p_x          -0.118435   0.023262

   12 C   s            -0.147558   0.019219
          p_y          -0.006642   0.000038
          p_z          -0.029867   0.001333
          p_x           0.041555   0.002228

   13 H   s            -0.196268   0.059001

   14 H   s            -0.000007   0.000000

   15 C   s             0.073674   0.004687
          p_y           0.007955   0.000063
          p_z          -0.009110   0.000090
          p_x          -0.007380   0.000048

   16 C   s             0.051957   0.003277
          p_y          -0.085982   0.012129
          p_z          -0.019375   0.000437
          p_x           0.189906   0.057521

   17 C   s             0.085729   0.007085
          p_y          -0.004368   0.000022
          p_z          -0.021161   0.000848
          p_x           0.028538   0.001363

   18 H   s             0.147051   0.034025

   19 C   s             0.070876   0.005520
          p_y           0.070977   0.008336
          p_z          -0.035468   0.001984
          p_x          -0.107911   0.019551

   20 C   s            -0.051984   0.003279
          p_y          -0.116020   0.021394
          p_z           0.082976   0.010376
          p_x           0.153220   0.038301

   21 C   s            -0.147519   0.019209
          p_y           0.006688   0.000038
          p_z           0.029823   0.001329
          p_x          -0.041609   0.002234

   22 H   s            -0.196242   0.058985

   23 C   s            -0.085726   0.007085
          p_y          -0.018894   0.000604
          p_z           0.028479   0.001474
          p_x           0.010942   0.000166

   24 H   s            -0.070761   0.007949

   25 H   s            -0.147027   0.034013

   26 H   s             0.196237   0.058983

   27 C   s             0.147546   0.019216
          p_y           0.027321   0.000976
          p_z          -0.040564   0.002339
          p_x          -0.016340   0.000277

   28 C   s             0.070863   0.005518
          p_y          -0.070999   0.008342
          p_z           0.035518   0.001989
          p_x           0.107904   0.019549

   29 H   s             0.070809   0.007960

   30 C   s            -0.070870   0.005519
          p_y          -0.062331   0.006541
          p_z           0.006383   0.000089
          p_x           0.118380   0.023240

   31 C   s            -0.085710   0.007082
          p_y           0.018836   0.000601
          p_z          -0.028435   0.001470
          p_x          -0.010875   0.000164

   32 H   s            -0.147028   0.034014

   33 C   s             0.085700   0.007081
          p_y           0.004394   0.000023
          p_z           0.021177   0.000850
          p_x          -0.028616   0.001371

   34 H   s             0.147007   0.034004

   35 H   s             0.070748   0.007946

   36 H   s            -0.070800   0.007958

Eigenvector:  28    (up)

    1 C   s             0.020424   0.000302
          p_y           0.111797   0.018603
          p_z          -0.092496   0.012576
          p_x          -0.135558   0.027571

    2 C   s             0.030351   0.000855
          p_y          -0.002178   0.000006
          p_z          -0.033599   0.001924
          p_x           0.036161   0.002169

    3 C   s             0.020447   0.000303
          p_y          -0.074427   0.008328
          p_z          -0.033782   0.001629
          p_x           0.180974   0.048797

    4 C   s            -0.000008   0.000000
          p_y          -0.047812   0.003402
          p_z           0.163506   0.039780
          p_x          -0.058569   0.005105

    5 C   s            -0.054400   0.002351
          p_y          -0.063429   0.005915
          p_z          -0.029549   0.001480
          p_x           0.154387   0.036009

    6 H   s            -0.034881   0.001859

    7 C   s             0.030342   0.000854
          p_y           0.024428   0.000992
          p_z          -0.041939   0.002974
          p_x          -0.008951   0.000124

    8 C   s            -0.000007   0.000000
          p_y          -0.047814   0.003402
          p_z           0.163497   0.039776
          p_x          -0.058559   0.005103

    9 C   s            -0.020410   0.000302
          p_y          -0.074439   0.008330
          p_z          -0.033768   0.001628
          p_x           0.180973   0.048796

   10 H   s             0.000041   0.000000

   11 C   s            -0.001462   0.000005
          p_y           0.021223   0.000818
          p_z           0.066580   0.007036
          p_x          -0.104905   0.018481

   12 C   s            -0.054366   0.002348
          p_y           0.095390   0.013786
          p_z          -0.079562   0.009942
          p_x          -0.115335   0.019675

   13 H   s            -0.034805   0.001851

   14 H   s            -0.000028   0.000000

   15 C   s            -0.020444   0.000303
          p_y           0.111796   0.018603
          p_z          -0.092505   0.012579
          p_x          -0.135562   0.027573

   16 C   s            -0.030354   0.000855
          p_y           0.024460   0.000995
          p_z          -0.041956   0.002976
          p_x          -0.009018   0.000126

   17 C   s             0.003607  -0.000014
          p_y           0.063982   0.006354
          p_z           0.048567   0.004531
          p_x          -0.173178   0.049462

   18 H   s             0.065329   0.006895

   19 C   s            -0.001480   0.000005
          p_y          -0.068468   0.007840
          p_z           0.094755   0.014569
          p_x           0.047243   0.003942

   20 C   s            -0.030338   0.000854
          p_y          -0.002111   0.000006
          p_z          -0.033663   0.001930
          p_x           0.036069   0.002158

   21 C   s             0.054430   0.002354
          p_y           0.095375   0.013782
          p_z          -0.079554   0.009940
          p_x          -0.115340   0.019677

   22 H   s             0.034877   0.001858

   23 C   s             0.003628  -0.000014
          p_y          -0.108225   0.019426
          p_z           0.102724   0.018590
          p_x           0.119070   0.022330

   24 H   s             0.111792   0.020672

   25 H   s             0.065380   0.006906

   26 H   s             0.034773   0.001847

   27 C   s             0.054344   0.002346
          p_y          -0.063463   0.005921
          p_z          -0.029493   0.001474
          p_x           0.154375   0.036003

   28 C   s             0.001446   0.000004
          p_y          -0.068429   0.007831
          p_z           0.094729   0.014561
          p_x           0.047169   0.003930

   29 H   s             0.111784   0.020669

   30 C   s             0.001485   0.000005
          p_y           0.021251   0.000820
          p_z           0.066533   0.007027
          p_x          -0.104943   0.018494

   31 C   s            -0.003588  -0.000014
          p_y          -0.108243   0.019433
          p_z           0.102732   0.018593
          p_x           0.119078   0.022332

   32 H   s            -0.065292   0.006887

   33 C   s            -0.003667  -0.000014
          p_y           0.063960   0.006349
          p_z           0.048581   0.004533
          p_x          -0.173178   0.049463

   34 H   s            -0.065387   0.006907

   35 H   s            -0.111818   0.020681

   36 H   s            -0.111785   0.020669

Eigenvector:  29    (up)

    1 C   s             0.000098   0.000000
          p_y           0.124503   0.022306
          p_z           0.058794   0.004974
          p_x           0.062383   0.005601

    2 C   s            -0.000077   0.000000
          p_y           0.162731   0.037790
          p_z           0.077087   0.008480
          p_x           0.081610   0.009506

    3 C   s             0.000100   0.000000
          p_y           0.124558   0.022327
          p_z           0.058693   0.004957
          p_x           0.062401   0.005603

    4 C   s            -0.000063   0.000000
          p_y          -0.000053   0.000000
          p_z          -0.000054   0.000000
          p_x           0.000136   0.000000

    5 C   s             0.000045   0.000000
          p_y           0.212801   0.066383
          p_z           0.100246   0.014732
          p_x           0.106786   0.016718

    6 H   s            -0.000022   0.000000

    7 C   s            -0.000037   0.000000
          p_y           0.162762   0.037806
          p_z           0.077190   0.008503
          p_x           0.081509   0.009481

    8 C   s            -0.000064   0.000000
          p_y           0.000052   0.000000
          p_z           0.000043   0.000000
          p_x          -0.000130   0.000000

    9 C   s             0.000099   0.000000
          p_y          -0.124559   0.022328
          p_z          -0.058688   0.004956
          p_x          -0.062412   0.005605

   10 H   s            -0.000074   0.000000

   11 C   s             0.000050   0.000000
          p_y           0.135338   0.027153
          p_z           0.064226   0.006115
          p_x           0.067933   0.006843

   12 C   s             0.000067   0.000000
          p_y           0.212850   0.066416
          p_z           0.100309   0.014750
          p_x           0.106668   0.016679

   13 H   s             0.000067   0.000000

   14 H   s            -0.000070   0.000000

   15 C   s             0.000100   0.000000
          p_y          -0.124510   0.022309
          p_z          -0.058788   0.004973
          p_x          -0.062379   0.005601

   16 C   s            -0.000035   0.000000
          p_y          -0.162763   0.037806
          p_z          -0.077191   0.008503
          p_x          -0.081510   0.009482

   17 C   s            -0.000026   0.000000
          p_y           0.102975   0.015916
          p_z           0.048169   0.003481
          p_x           0.051486   0.003979

   18 H   s            -0.000133   0.000000

   19 C   s             0.000014   0.000000
          p_y           0.135435   0.027195
          p_z           0.064259   0.006121
          p_x           0.067741   0.006802

   20 C   s            -0.000076   0.000000
          p_y          -0.162728   0.037789
          p_z          -0.077092   0.008481
          p_x          -0.081612   0.009506

   21 C   s             0.000066   0.000000
          p_y          -0.212854   0.066419
          p_z          -0.100306   0.014749
          p_x          -0.106663   0.016677

   22 H   s             0.000068   0.000000

   23 C   s             0.000007   0.000000
          p_y           0.102777   0.015856
          p_z           0.048195   0.003485
          p_x           0.051866   0.004038

   24 H   s            -0.000093   0.000000

   25 H   s            -0.000129   0.000000

   26 H   s            -0.000027   0.000000

   27 C   s             0.000040   0.000000
          p_y          -0.212800   0.066382
          p_z          -0.100239   0.014730
          p_x          -0.106793   0.016720

   28 C   s             0.000013   0.000000
          p_y          -0.135429   0.027192
          p_z          -0.064263   0.006122
          p_x          -0.067750   0.006804

   29 H   s            -0.000164   0.000000

   30 C   s             0.000052   0.000000
          p_y          -0.135337   0.027153
          p_z          -0.064234   0.006117
          p_x          -0.067929   0.006842

   31 C   s             0.000009   0.000000
          p_y          -0.102774   0.015855
          p_z          -0.048203   0.003486
          p_x          -0.051869   0.004038

   32 H   s            -0.000119   0.000000

   33 C   s            -0.000031   0.000000
          p_y          -0.102980   0.015917
          p_z          -0.048172   0.003482
          p_x          -0.051478   0.003978

   34 H   s            -0.000133   0.000000

   35 H   s            -0.000159   0.000000

   36 H   s            -0.000092   0.000000

Eigenvector:  30    (up)

    1 C   s             0.052434   0.002199
          p_y           0.032315   0.001424
          p_z          -0.089168   0.011677
          p_x           0.019033   0.000661

    2 C   s            -0.057274   0.002942
          p_y          -0.008991   0.000086
          p_z           0.072084   0.007067
          p_x          -0.050945   0.003806

    3 C   s             0.052452   0.002200
          p_y           0.018234   0.000563
          p_z          -0.084692   0.010735
          p_x           0.042976   0.002458

    4 C   s            -0.020405   0.000296
          p_y          -0.060243   0.005673
          p_z           0.019029   0.000566
          p_x           0.102357   0.016377

    5 C   s             0.018609   0.000293
          p_y           0.002870   0.000001
          p_z          -0.117476   0.019691
          p_x           0.103919   0.016161

    6 H   s             0.049741   0.003640

    7 C   s            -0.057301   0.002944
          p_y          -0.036483   0.001930
          p_z           0.080763   0.009023
          p_x          -0.004148   0.000004

    8 C   s            -0.020406   0.000296
          p_y           0.060245   0.005673
          p_z          -0.019035   0.000566
          p_x          -0.102342   0.016372

    9 C   s             0.052453   0.002200
          p_y          -0.018225   0.000562
          p_z           0.084699   0.010736
          p_x          -0.042987   0.002459

   10 H   s            -0.085815   0.010914

   11 C   s             0.017659   0.000318
          p_y          -0.089564   0.012170
          p_z           0.201117   0.059420
          p_x          -0.011240   0.000089

   12 C   s             0.018641   0.000295
          p_y           0.071547   0.007616
          p_z          -0.139048   0.027937
          p_x          -0.012540   0.000304

   13 H   s             0.049775   0.003645

   14 H   s            -0.085806   0.010912

   15 C   s             0.052437   0.002199
          p_y          -0.032316   0.001425
          p_z           0.089171   0.011678
          p_x          -0.019019   0.000660

   16 C   s            -0.057299   0.002944
          p_y           0.036483   0.001930
          p_z          -0.080760   0.009022
          p_x           0.004147   0.000004

   17 C   s            -0.011357   0.000043
          p_y           0.102723   0.015823
          p_z          -0.192363   0.057810
          p_x          -0.024549   0.000625

   18 H   s            -0.060525   0.005582

   19 C   s             0.017650   0.000318
          p_y          -0.022402   0.000621
          p_z           0.179984   0.047051
          p_x          -0.125290   0.024002

   20 C   s            -0.057272   0.002941
          p_y           0.008996   0.000086
          p_z          -0.072083   0.007066
          p_x           0.050937   0.003804

   21 C   s             0.018642   0.000295
          p_y          -0.071555   0.007618
          p_z           0.139053   0.027939
          p_x           0.012544   0.000304

   22 H   s             0.049775   0.003645

   23 C   s            -0.011338   0.000043
          p_y          -0.000223  -0.000002
          p_z          -0.159964   0.040692
          p_x           0.150228   0.033566

   24 H   s            -0.085483   0.011565

   25 H   s            -0.060487   0.005575

   26 H   s             0.049732   0.003639

   27 C   s             0.018603   0.000293
          p_y          -0.002870   0.000001
          p_z           0.117478   0.019692
          p_x          -0.103930   0.016165

   28 C   s             0.017647   0.000318
          p_y           0.022410   0.000622
          p_z          -0.179990   0.047055
          p_x           0.125272   0.023995

   29 H   s            -0.085487   0.011566

   30 C   s             0.017658   0.000318
          p_y           0.089562   0.012170
          p_z          -0.201128   0.059426
          p_x           0.011239   0.000089

   31 C   s            -0.011333   0.000043
          p_y           0.000223  -0.000002
          p_z           0.159950   0.040685
          p_x          -0.150233   0.033569

   32 H   s            -0.060470   0.005572

   33 C   s            -0.011363   0.000043
          p_y          -0.102736   0.015827
          p_z           0.192361   0.057807
          p_x           0.024551   0.000625

   34 H   s            -0.060526   0.005582

   35 H   s            -0.085480   0.011564

   36 H   s            -0.085463   0.011559

Eigenvector:  31    (up)

    1 C   s             0.005559   0.000016
          p_y          -0.035904   0.001689
          p_z           0.148503   0.030443
          p_x          -0.068600   0.006841

    2 C   s             0.013632   0.000282
          p_y          -0.050154   0.004062
          p_z          -0.058297   0.004562
          p_x           0.155070   0.036507

    3 C   s            -0.005583   0.000016
          p_y           0.052789   0.004007
          p_z          -0.153793   0.032919
          p_x           0.039751   0.002007

    4 C   s             0.026597   0.000119
          p_y           0.145859   0.032364
          p_z          -0.046085   0.003231
          p_x          -0.247941   0.093512

    5 C   s            -0.047900   0.001870
          p_y          -0.013819   0.000314
          p_z           0.033751   0.001554
          p_x          -0.004092  -0.000009

    6 H   s            -0.129194   0.024606

    7 C   s            -0.013633   0.000282
          p_y          -0.097979   0.014496
          p_z           0.104902   0.015767
          p_x           0.096608   0.014834

    8 C   s            -0.026592   0.000119
          p_y           0.145869   0.032368
          p_z          -0.046096   0.003232
          p_x          -0.247951   0.093520

    9 C   s             0.005583   0.000016
          p_y           0.052789   0.004007
          p_z          -0.153797   0.032921
          p_x           0.039745   0.002006

   10 H   s             0.228473   0.076564

   11 C   s            -0.023172   0.000259
          p_y          -0.049170   0.003811
          p_z           0.007634   0.000103
          p_x           0.090966   0.012913

   12 C   s             0.047910   0.001871
          p_y           0.005071   0.000011
          p_z          -0.030868   0.001215
          p_x           0.019052   0.000625

   13 H   s             0.129157   0.024592

   14 H   s            -0.228488   0.076574

   15 C   s            -0.005558   0.000016
          p_y          -0.035915   0.001690
          p_z           0.148515   0.030449
          p_x          -0.068599   0.006841

   16 C   s             0.013626   0.000282
          p_y          -0.097983   0.014497
          p_z           0.104910   0.015769
          p_x           0.096600   0.014831

   17 C   s             0.000355   0.000002
          p_y           0.010208   0.000125
          p_z          -0.050001   0.003767
          p_x           0.026699   0.001239

   18 H   s            -0.078530   0.009297

   19 C   s             0.023161   0.000258
          p_y          -0.054256   0.004587
          p_z           0.024854   0.000928
          p_x           0.084799   0.011315

   20 C   s            -0.013632   0.000282
          p_y          -0.050170   0.004064
          p_z          -0.058291   0.004561
          p_x           0.155087   0.036515

   21 C   s            -0.047913   0.001871
          p_y           0.005060   0.000011
          p_z          -0.030870   0.001216
          p_x           0.019066   0.000626

   22 H   s            -0.129151   0.024589

   23 C   s            -0.000351   0.000002
          p_y          -0.019910   0.000672
          p_z           0.053125   0.004366
          p_x          -0.010248   0.000103

   24 H   s            -0.042948   0.002875

   25 H   s             0.078553   0.009302

   26 H   s             0.129213   0.024613

   27 C   s             0.047898   0.001870
          p_y          -0.013814   0.000314
          p_z           0.033738   0.001552
          p_x          -0.004102  -0.000009

   28 C   s            -0.023160   0.000258
          p_y          -0.054261   0.004588
          p_z           0.024841   0.000928
          p_x           0.084816   0.011319

   29 H   s             0.042965   0.002877

   30 C   s             0.023177   0.000259
          p_y          -0.049172   0.003812
          p_z           0.007635   0.000103
          p_x           0.090966   0.012914

   31 C   s             0.000351   0.000002
          p_y          -0.019903   0.000671
          p_z           0.053130   0.004367
          p_x          -0.010268   0.000103

   32 H   s            -0.078566   0.009306

   33 C   s            -0.000348   0.000002
          p_y           0.010203   0.000125
          p_z          -0.050007   0.003767
          p_x           0.026717   0.001241

   34 H   s             0.078529   0.009297

   35 H   s            -0.042963   0.002877

   36 H   s             0.042962   0.002877

Eigenvector:  32    (up)

    1 C   s            -0.022293   0.000374
          p_y          -0.043866   0.002730
          p_z           0.125173   0.021132
          p_x          -0.030645   0.001079

    2 C   s            -0.032908   0.000522
          p_y          -0.085269   0.011154
          p_z          -0.005393   0.000007
          p_x           0.175032   0.045847

    3 C   s             0.022301   0.000375
          p_y           0.028229   0.000971
          p_z          -0.120227   0.019239
          p_x           0.057256   0.004728

    4 C   s            -0.000004   0.000000
          p_y           0.035328   0.001687
          p_z          -0.120455   0.019615
          p_x           0.043135   0.002515

    5 C   s             0.040777   0.001459
          p_y           0.017925   0.000438
          p_z          -0.096605   0.013090
          p_x           0.054971   0.004314

    6 H   s            -0.142114   0.029528

    7 C   s             0.032906   0.000522
          p_y          -0.105938   0.016738
          p_z           0.065674   0.006063
          p_x           0.149626   0.034187

    8 C   s            -0.000004   0.000000
          p_y          -0.035313   0.001686
          p_z           0.120450   0.019614
          p_x          -0.043137   0.002516

    9 C   s             0.022301   0.000375
          p_y          -0.028217   0.000970
          p_z           0.120228   0.019239
          p_x          -0.057256   0.004728

   10 H   s             0.000039   0.000000

   11 C   s            -0.036895   0.001630
          p_y           0.078765   0.009916
          p_z           0.014906   0.000257
          p_x          -0.171421   0.045897

   12 C   s            -0.040760   0.001458
          p_y          -0.040678   0.002354
          p_z           0.103622   0.015110
          p_x          -0.016573   0.000365

   13 H   s             0.142076   0.029512

   14 H   s             0.000031   0.000000

   15 C   s            -0.022292   0.000374
          p_y           0.043869   0.002730
          p_z          -0.125158   0.021127
          p_x           0.030649   0.001079

   16 C   s             0.032908   0.000522
          p_y           0.105930   0.016736
          p_z          -0.065674   0.006063
          p_x          -0.149616   0.034183

   17 C   s             0.061394   0.003350
          p_y          -0.004473   0.000019
          p_z           0.006639   0.000048
          p_x           0.002452   0.000004

   18 H   s             0.171138   0.043609

   19 C   s             0.036895   0.001630
          p_y           0.104594   0.017038
          p_z          -0.072637   0.007856
          p_x          -0.140000   0.031183

   20 C   s            -0.032908   0.000522
          p_y           0.085265   0.011153
          p_z           0.005390   0.000007
          p_x          -0.175025   0.045843

   21 C   s            -0.040760   0.001458
          p_y           0.040665   0.002353
          p_z          -0.103615   0.015108
          p_x           0.016567   0.000365

   22 H   s             0.142064   0.029507

   23 C   s            -0.061401   0.003351
          p_y          -0.000947   0.000000
          p_z          -0.005052   0.000030
          p_x           0.006619   0.000041

   24 H   s            -0.035272   0.001725

   25 H   s            -0.171147   0.043614

   26 H   s            -0.142108   0.029526

   27 C   s             0.040775   0.001459
          p_y          -0.017934   0.000439
          p_z           0.096601   0.013089
          p_x          -0.054978   0.004315

   28 C   s             0.036894   0.001630
          p_y          -0.104593   0.017038
          p_z           0.072628   0.007854
          p_x           0.139978   0.031173

   29 H   s             0.035203   0.001718

   30 C   s            -0.036895   0.001630
          p_y          -0.078767   0.009917
          p_z          -0.014919   0.000257
          p_x           0.171409   0.045890

   31 C   s            -0.061397   0.003350
          p_y           0.000938   0.000000
          p_z           0.005042   0.000029
          p_x          -0.006622   0.000041

   32 H   s            -0.171129   0.043604

   33 C   s             0.061386   0.003349
          p_y           0.004459   0.000019
          p_z          -0.006637   0.000048
          p_x          -0.002459   0.000004

   34 H   s             0.171129   0.043604

   35 H   s             0.035205   0.001718

   36 H   s            -0.035273   0.001725

Eigenvector:  33    (up)

    1 C   s             0.008581   0.000065
          p_y          -0.054084   0.004184
          p_z           0.042542   0.002769
          p_x           0.067776   0.006299

    2 C   s             0.008660   0.000097
          p_y          -0.090200   0.012016
          p_z           0.127147   0.022996
          p_x           0.059912   0.005694

    3 C   s             0.008577   0.000065
          p_y           0.037574   0.001917
          p_z           0.013738   0.000340
          p_x          -0.087946   0.011006

    4 C   s            -0.050323   0.002421
          p_y           0.068963   0.007103
          p_z          -0.021718   0.000705
          p_x          -0.117145   0.020497

    5 C   s             0.042353   0.001323
          p_y           0.116312   0.018808
          p_z          -0.110939   0.017401
          p_x          -0.127801   0.022391

    6 H   s            -0.104050   0.015317

    7 C   s             0.008631   0.000096
          p_y           0.026245   0.001135
          p_z           0.090345   0.011303
          p_x          -0.137906   0.028237

    8 C   s            -0.050316   0.002420
          p_y          -0.068755   0.007062
          p_z           0.021702   0.000704
          p_x           0.117184   0.020509

    9 C   s             0.008572   0.000065
          p_y          -0.037453   0.001904
          p_z          -0.013643   0.000336
          p_x           0.087991   0.011017

   10 H   s             0.150219   0.031257

   11 C   s            -0.016299   0.000214
          p_y          -0.003531   0.000012
          p_z          -0.014668   0.000426
          p_x           0.020461   0.000688

   12 C   s             0.042373   0.001324
          p_y          -0.068589   0.006424
          p_z          -0.052637   0.004018
          p_x           0.186205   0.048126

   13 H   s            -0.104036   0.015313

   14 H   s             0.150156   0.031230

   15 C   s             0.008587   0.000065
          p_y           0.054171   0.004197
          p_z          -0.042364   0.002747
          p_x          -0.067745   0.006294

   16 C   s             0.008639   0.000096
          p_y          -0.026296   0.001139
          p_z          -0.090413   0.011319
          p_x           0.138021   0.028284

   17 C   s            -0.018949   0.000079
          p_y          -0.049270   0.003456
          p_z          -0.079513   0.010522
          p_x           0.172561   0.045493

   18 H   s            -0.008748   0.000104

   19 C   s            -0.016330   0.000215
          p_y           0.013493   0.000305
          p_z          -0.019963   0.000742
          p_x          -0.008337   0.000086

   20 C   s             0.008658   0.000097
          p_y           0.090146   0.012002
          p_z          -0.127196   0.023013
          p_x          -0.059816   0.005676

   21 C   s             0.042380   0.001325
          p_y           0.068386   0.006386
          p_z           0.052709   0.004029
          p_x          -0.186338   0.048196

   22 H   s            -0.104132   0.015342

   23 C   s            -0.018944   0.000078
          p_y           0.110176   0.018638
          p_z          -0.129727   0.026944
          p_x          -0.097917   0.013935

   24 H   s            -0.137521   0.028621

   25 H   s            -0.008846   0.000107

   26 H   s            -0.103968   0.015292

   27 C   s             0.042337   0.001322
          p_y          -0.116472   0.018860
          p_z           0.110867   0.017378
          p_x           0.127717   0.022361

   28 C   s            -0.016327   0.000215
          p_y          -0.013548   0.000307
          p_z           0.019806   0.000731
          p_x           0.008125   0.000082

   29 H   s            -0.137607   0.028657

   30 C   s            -0.016293   0.000214
          p_y           0.003465   0.000012
          p_z           0.014498   0.000418
          p_x          -0.020651   0.000701

   31 C   s            -0.018918   0.000078
          p_y          -0.110325   0.018686
          p_z           0.129633   0.026907
          p_x           0.097838   0.013912

   32 H   s            -0.008700   0.000103

   33 C   s            -0.019006   0.000079
          p_y           0.049069   0.003428
          p_z           0.079549   0.010531
          p_x          -0.172674   0.045553

   34 H   s            -0.008882   0.000107

   35 H   s            -0.137606   0.028656

   36 H   s            -0.137583   0.028647

Eigenvector:  34    (up)

    1 C   s            -0.000072   0.000000
          p_y          -0.137179   0.025660
          p_z          -0.066359   0.006005
          p_x          -0.067763   0.006260

    2 C   s            -0.000064   0.000000
          p_y           0.022131   0.000666
          p_z           0.012571   0.000215
          p_x           0.010924   0.000163

    3 C   s            -0.000045   0.000000
          p_y          -0.136606   0.025445
          p_z          -0.066712   0.006070
          p_x          -0.068578   0.006412

    4 C   s            -0.000094   0.000000
          p_y          -0.162730   0.035322
          p_z          -0.075688   0.007645
          p_x          -0.081987   0.008969

    5 C   s             0.000052   0.000000
          p_y           0.176510   0.043331
          p_z           0.081199   0.009171
          p_x           0.088505   0.010894

    6 H   s            -0.000111   0.000000

    7 C   s            -0.000033   0.000000
          p_y           0.021982   0.000657
          p_z           0.012335   0.000207
          p_x           0.011449   0.000179

    8 C   s             0.000047   0.000000
          p_y          -0.162790   0.035349
          p_z          -0.075679   0.007643
          p_x          -0.081875   0.008944

    9 C   s             0.000058   0.000000
          p_y          -0.136642   0.025458
          p_z          -0.066730   0.006074
          p_x          -0.068493   0.006396

   10 H   s             0.000248   0.000000

   11 C   s             0.000299   0.000000
          p_y           0.174046   0.042490
          p_z           0.083502   0.009777
          p_x           0.086651   0.010528

   12 C   s            -0.000059   0.000000
          p_y           0.175955   0.043061
          p_z           0.082181   0.009393
          p_x           0.088709   0.010943

   13 H   s             0.000580   0.000000

   14 H   s            -0.000109   0.000000

   15 C   s             0.000077   0.000000
          p_y          -0.137133   0.025643
          p_z          -0.066390   0.006011
          p_x          -0.067830   0.006272

   16 C   s             0.000035   0.000000
          p_y           0.021958   0.000655
          p_z           0.012254   0.000205
          p_x           0.011569   0.000183

   17 C   s            -0.000112   0.000000
          p_y           0.168180   0.040209
          p_z           0.077942   0.008627
          p_x           0.083965   0.010024

   18 H   s             0.000071   0.000000

   19 C   s             0.000197   0.000000
          p_y           0.174526   0.042738
          p_z           0.083333   0.009734
          p_x           0.085880   0.010331

   20 C   s             0.000075   0.000000
          p_y           0.022219   0.000672
          p_z           0.012441   0.000211
          p_x           0.010868   0.000161

   21 C   s             0.000099   0.000000
          p_y           0.176019   0.043092
          p_z           0.082223   0.009403
          p_x           0.088539   0.010901

   22 H   s            -0.000669   0.000001

   23 C   s            -0.000305   0.000000
          p_y           0.167827   0.040051
          p_z           0.077476   0.008519
          p_x           0.085119   0.010296

   24 H   s            -0.000494   0.000000

   25 H   s            -0.001232   0.000002

   26 H   s             0.000010   0.000000

   27 C   s            -0.000010   0.000000
          p_y           0.176396   0.043275
          p_z           0.081314   0.009197
          p_x           0.088622   0.010922

   28 C   s            -0.000215   0.000000
          p_y           0.174500   0.042723
          p_z           0.083348   0.009739
          p_x           0.085922   0.010342

   29 H   s            -0.000946   0.000001

   30 C   s            -0.000310   0.000000
          p_y           0.174038   0.042486
          p_z           0.083522   0.009782
          p_x           0.086652   0.010528

   31 C   s             0.000284   0.000000
          p_y           0.167721   0.039998
          p_z           0.077624   0.008554
          p_x           0.085198   0.010316

   32 H   s             0.001195   0.000002

   33 C   s             0.000102   0.000000
          p_y           0.168231   0.040233
          p_z           0.078008   0.008643
          p_x           0.083813   0.009987

   34 H   s            -0.000061   0.000000

   35 H   s             0.000800   0.000001

   36 H   s             0.000385   0.000000

Eigenvector:  35    (up)

    1 C   s             0.000648  -0.000000
          p_y           0.013607   0.000284
          p_z          -0.031445   0.001458
          p_x           0.001227   0.000000

    2 C   s             0.002326  -0.000012
          p_y           0.086140   0.010997
          p_z          -0.072010   0.007272
          p_x          -0.103637   0.016482

    3 C   s            -0.000625  -0.000000
          p_y          -0.003925   0.000019
          p_z           0.028084   0.001148
          p_x          -0.020078   0.000621

    4 C   s             0.025453   0.000581
          p_y          -0.032971   0.001651
          p_z           0.009842   0.000148
          p_x           0.054991   0.004602

    5 C   s            -0.018558   0.000279
          p_y          -0.039012   0.002154
          p_z           0.131798   0.024017
          p_x          -0.044465   0.002620

    6 H   s             0.115209   0.019201

    7 C   s            -0.002300  -0.000012
          p_y           0.057132   0.005049
          p_z           0.026629   0.000868
          p_x          -0.139170   0.028834

    8 C   s            -0.025488   0.000582
          p_y          -0.033016   0.001655
          p_z           0.009843   0.000148
          p_x           0.055079   0.004617

    9 C   s             0.000636  -0.000000
          p_y          -0.003954   0.000019
          p_z           0.028064   0.001146
          p_x          -0.020011   0.000617

   10 H   s            -0.063817   0.005807

   11 C   s            -0.007661  -0.000072
          p_y          -0.110449   0.018957
          p_z           0.013658   0.000317
          p_x           0.209269   0.067599

   12 C   s             0.018595   0.000280
          p_y           0.037584   0.001895
          p_z          -0.130112   0.023292
          p_x           0.049254   0.003464

   13 H   s            -0.115332   0.019242

   14 H   s             0.063925   0.005826

   15 C   s            -0.000646  -0.000000
          p_y           0.013641   0.000286
          p_z          -0.031466   0.001460
          p_x           0.001174   0.000000

   16 C   s             0.002299  -0.000012
          p_y           0.057111   0.005045
          p_z           0.026571   0.000864
          p_x          -0.139084   0.028798

   17 C   s            -0.035269   0.000883
          p_y           0.019676   0.000466
          p_z          -0.078923   0.009096
          p_x           0.036633   0.002325

   18 H   s            -0.194376   0.055844

   19 C   s             0.007587  -0.000072
          p_y          -0.124502   0.023920
          p_z           0.060823   0.005595
          p_x           0.192368   0.057401

   20 C   s            -0.002315  -0.000012
          p_y           0.086206   0.011014
          p_z          -0.072113   0.007293
          p_x          -0.103679   0.016495

   21 C   s            -0.018565   0.000279
          p_y           0.037634   0.001900
          p_z          -0.130087   0.023282
          p_x           0.049126   0.003446

   22 H   s             0.115268   0.019220

   23 C   s             0.035310   0.000885
          p_y          -0.027472   0.001268
          p_z           0.082475   0.010219
          p_x          -0.021299   0.000476

   24 H   s            -0.046216   0.003322

   25 H   s             0.194499   0.055913

   26 H   s            -0.115287   0.019227

   27 C   s             0.018588   0.000279
          p_y          -0.039101   0.002164
          p_z           0.131885   0.024050
          p_x          -0.044373   0.002609

   28 C   s            -0.007602  -0.000072
          p_y          -0.124530   0.023931
          p_z           0.060833   0.005598
          p_x           0.192414   0.057427

   29 H   s             0.046338   0.003339

   30 C   s             0.007656  -0.000072
          p_y          -0.110461   0.018961
          p_z           0.013682   0.000318
          p_x           0.209276   0.067604

   31 C   s            -0.035327   0.000886
          p_y          -0.027555   0.001276
          p_z           0.082596   0.010249
          p_x          -0.021241   0.000473

   32 H   s            -0.194540   0.055936

   33 C   s             0.035263   0.000883
          p_y           0.019719   0.000468
          p_z          -0.078884   0.009086
          p_x           0.036524   0.002312

   34 H   s             0.194391   0.055852

   35 H   s            -0.046455   0.003356

   36 H   s             0.046136   0.003311

Eigenvector:  36    (up)

    1 C   s            -0.006859   0.000031
          p_y           0.024143   0.000805
          p_z          -0.165056   0.037469
          p_x           0.111241   0.016986

    2 C   s            -0.007017   0.000052
          p_y          -0.033643   0.001442
          p_z           0.166546   0.037378
          p_x          -0.090668   0.011524

    3 C   s            -0.006869   0.000031
          p_y           0.080806   0.008965
          p_z          -0.182895   0.045986
          p_x           0.015059   0.000315

    4 C   s             0.000041   0.000000
          p_y          -0.035397   0.001635
          p_z           0.126363   0.020848
          p_x          -0.044318   0.002563

    5 C   s            -0.002346   0.000005
          p_y           0.053075   0.003881
          p_z          -0.150981   0.031500
          p_x           0.031559   0.001389

    6 H   s             0.033140   0.001547

    7 C   s            -0.007026   0.000052
          p_y          -0.067597   0.006357
          p_z           0.177418   0.042719
          p_x          -0.033083   0.001334

    8 C   s            -0.000058   0.000000
          p_y          -0.035419   0.001637
          p_z           0.126356   0.020847
          p_x          -0.044266   0.002557

    9 C   s             0.006873   0.000031
          p_y           0.080789   0.008961
          p_z          -0.182915   0.045996
          p_x           0.015096   0.000317

   10 H   s            -0.000005   0.000000

   11 C   s             0.026335   0.000669
          p_y          -0.067487   0.006529
          p_z           0.148875   0.030762
          p_x          -0.010222   0.000083

   12 C   s            -0.002292   0.000005
          p_y           0.029650   0.001221
          p_z          -0.143840   0.028610
          p_x           0.071845   0.007108

   13 H   s             0.032904   0.001524

   14 H   s             0.000063   0.000000

   15 C   s             0.006858   0.000031
          p_y           0.024156   0.000806
          p_z          -0.165063   0.037473
          p_x           0.111210   0.016976

   16 C   s             0.007024   0.000052
          p_y          -0.067616   0.006360
          p_z           0.177392   0.042707
          p_x          -0.033038   0.001329

   17 C   s            -0.023297   0.000299
          p_y           0.065394   0.006157
          p_z          -0.151568   0.034560
          p_x           0.007428   0.000149

   18 H   s            -0.056086   0.004496

   19 C   s             0.026385   0.000671
          p_y          -0.019070   0.000436
          p_z           0.133707   0.024532
          p_x          -0.092389   0.012334

   20 C   s             0.007026   0.000052
          p_y          -0.033615   0.001440
          p_z           0.166489   0.037352
          p_x          -0.090686   0.011529

   21 C   s             0.002309   0.000005
          p_y           0.029675   0.001223
          p_z          -0.143832   0.028606
          p_x           0.071778   0.007094

   22 H   s            -0.032941   0.001528

   23 C   s            -0.023222   0.000297
          p_y           0.014850   0.000412
          p_z          -0.135412   0.027996
          p_x           0.093068   0.012330

   24 H   s            -0.080828   0.009848

   25 H   s            -0.055579   0.004413

   26 H   s            -0.033178   0.001550

   27 C   s             0.002360   0.000005
          p_y           0.053025   0.003874
          p_z          -0.150941   0.031483
          p_x           0.031611   0.001393

   28 C   s            -0.026395   0.000671
          p_y          -0.019087   0.000437
          p_z           0.133714   0.024535
          p_x          -0.092365   0.012327

   29 H   s            -0.080652   0.009804

   30 C   s            -0.026334   0.000669
          p_y          -0.067495   0.006531
          p_z           0.148896   0.030771
          p_x          -0.010221   0.000083

   31 C   s             0.023213   0.000296
          p_y           0.014808   0.000410
          p_z          -0.135348   0.027969
          p_x           0.093101   0.012339

   32 H   s             0.055558   0.004410

   33 C   s             0.023293   0.000299
          p_y           0.065424   0.006163
          p_z          -0.151554   0.034552
          p_x           0.007375   0.000147

   34 H   s             0.056091   0.004497

   35 H   s             0.080589   0.009789

   36 H   s             0.080779   0.009835

Eigenvector:  37    (up)

    1 C   s             0.021257   0.000390
          p_y          -0.052977   0.003652
          p_z           0.155805   0.031019
          p_x          -0.040996   0.002045

    2 C   s            -0.055257   0.002303
          p_y           0.018877   0.000445
          p_z          -0.117940   0.018248
          p_x           0.073767   0.007316

    3 C   s            -0.021256   0.000390
          p_y           0.036888   0.001684
          p_z          -0.150611   0.028853
          p_x           0.068684   0.006177

    4 C   s            -0.000004   0.000000
          p_y           0.054903   0.003903
          p_z          -0.186928   0.045245
          p_x           0.067003   0.005813

    5 C   s             0.026290   0.000649
          p_y          -0.039265   0.002238
          p_z           0.070651   0.006798
          p_x           0.011897   0.000276

    6 H   s            -0.002643   0.000014

    7 C   s             0.055258   0.002303
          p_y          -0.053604   0.003847
          p_z           0.128958   0.021925
          p_x          -0.014723   0.000254

    8 C   s            -0.000017   0.000000
          p_y          -0.054914   0.003905
          p_z           0.186896   0.045228
          p_x          -0.067012   0.005814

    9 C   s            -0.021257   0.000390
          p_y          -0.036872   0.001682
          p_z           0.150576   0.028840
          p_x          -0.068730   0.006186

   10 H   s             0.000031   0.000000

   11 C   s            -0.065022   0.002841
          p_y          -0.096196   0.013647
          p_z           0.076209   0.008063
          p_x           0.120048   0.022000

   12 C   s            -0.026271   0.000649
          p_y          -0.001769   0.000012
          p_z          -0.057750   0.004401
          p_x           0.057835   0.004911

   13 H   s             0.002629   0.000014

   14 H   s             0.000030   0.000000

   15 C   s             0.021268   0.000391
          p_y           0.052940   0.003647
          p_z          -0.155805   0.031019
          p_x           0.041021   0.002048

   16 C   s             0.055272   0.002304
          p_y           0.053590   0.003845
          p_z          -0.128911   0.021908
          p_x           0.014724   0.000254

   17 C   s             0.022642   0.000730
          p_y           0.036890   0.001708
          p_z          -0.158184   0.036506
          p_x           0.074886   0.009303

   18 H   s            -0.104720   0.016069

   19 C   s             0.065024   0.002841
          p_y          -0.066650   0.006834
          p_z          -0.025038   0.000726
          p_x           0.156196   0.036140

   20 C   s            -0.055258   0.002303
          p_y          -0.018842   0.000443
          p_z           0.117919   0.018242
          p_x          -0.073804   0.007324

   21 C   s            -0.026277   0.000649
          p_y           0.001802   0.000012
          p_z           0.057733   0.004399
          p_x          -0.057811   0.004907

   22 H   s             0.002607   0.000013

   23 C   s            -0.022655   0.000731
          p_y          -0.057392   0.005324
          p_z           0.164437   0.040305
          p_x          -0.040491   0.001861

   24 H   s            -0.158403   0.036297

   25 H   s             0.104706   0.016065

   26 H   s            -0.002690   0.000014

   27 C   s             0.026294   0.000650
          p_y           0.039274   0.002239
          p_z          -0.070589   0.006786
          p_x          -0.011907   0.000277

   28 C   s             0.065010   0.002840
          p_y           0.066664   0.006837
          p_z           0.025088   0.000729
          p_x          -0.156207   0.036145

   29 H   s             0.158360   0.036277

   30 C   s            -0.065027   0.002841
          p_y           0.096187   0.013644
          p_z          -0.076213   0.008063
          p_x          -0.119979   0.021975

   31 C   s            -0.022652   0.000730
          p_y           0.057392   0.005324
          p_z          -0.164441   0.040307
          p_x           0.040542   0.001866

   32 H   s             0.104721   0.016069

   33 C   s             0.022627   0.000729
          p_y          -0.036866   0.001706
          p_z           0.158177   0.036502
          p_x          -0.074903   0.009307

   34 H   s            -0.104661   0.016051

   35 H   s             0.158356   0.036275

   36 H   s            -0.158406   0.036298

Eigenvector:  38    (up)

    1 C   s            -0.018278   0.000230
          p_y          -0.089704   0.010238
          p_z           0.025367   0.000754
          p_x           0.155210   0.031021

    2 C   s            -0.008074   0.000130
          p_y           0.088487   0.011073
          p_z          -0.037154   0.001856
          p_x          -0.141677   0.028727

    3 C   s            -0.018301   0.000231
          p_y           0.091604   0.010826
          p_z          -0.031826   0.001386
          p_x          -0.152893   0.029801

    4 C   s             0.000000  -0.000000
          p_y           0.034724   0.001593
          p_z          -0.118145   0.018444
          p_x           0.042342   0.002369

    5 C   s            -0.016719   0.000210
          p_y          -0.075975   0.007609
          p_z           0.098016   0.013073
          p_x           0.058951   0.004350

    6 H   s             0.178643   0.041683

    7 C   s            -0.008082   0.000131
          p_y          -0.082554   0.009774
          p_z           0.016759   0.000449
          p_x           0.148995   0.031451

    8 C   s             0.000002   0.000000
          p_y           0.034746   0.001595
          p_z          -0.118201   0.018461
          p_x           0.042331   0.002367

    9 C   s             0.018306   0.000231
          p_y           0.091665   0.010841
          p_z          -0.031848   0.001388
          p_x          -0.152882   0.029797

   10 H   s             0.000024   0.000000

   11 C   s             0.026834   0.000670
          p_y          -0.044600   0.002960
          p_z           0.046471   0.003206
          p_x           0.045203   0.003048

   12 C   s            -0.016725   0.000211
          p_y           0.027955   0.000955
          p_z           0.065345   0.005956
          p_x          -0.117521   0.018131

   13 H   s             0.178678   0.041699

   14 H   s            -0.000056   0.000000

   15 C   s             0.018276   0.000230
          p_y          -0.089705   0.010238
          p_z           0.025432   0.000758
          p_x           0.155233   0.031030

   16 C   s             0.008073   0.000130
          p_y          -0.082538   0.009770
          p_z           0.016831   0.000453
          p_x           0.148990   0.031449

   17 C   s             0.014554   0.000016
          p_y           0.078565   0.008261
          p_z           0.017156   0.000630
          p_x          -0.172682   0.042141

   18 H   s            -0.075289   0.007786

   19 C   s             0.026828   0.000670
          p_y           0.023722   0.000840
          p_z           0.024957   0.000922
          p_x          -0.070793   0.007460

   20 C   s             0.008083   0.000131
          p_y           0.088504   0.011077
          p_z          -0.037165   0.001857
          p_x          -0.141652   0.028717

   21 C   s             0.016726   0.000211
          p_y           0.027946   0.000954
          p_z           0.065330   0.005954
          p_x          -0.117471   0.018116

   22 H   s            -0.178672   0.041696

   23 C   s             0.014550   0.000016
          p_y          -0.105506   0.015832
          p_z           0.075026   0.008776
          p_x           0.139723   0.026419

   24 H   s             0.116434   0.019091

   25 H   s            -0.075326   0.007793

   26 H   s            -0.178638   0.041681

   27 C   s             0.016709   0.000210
          p_y          -0.075971   0.007608
          p_z           0.098037   0.013078
          p_x           0.058915   0.004344

   28 C   s            -0.026844   0.000671
          p_y           0.023705   0.000839
          p_z           0.024951   0.000922
          p_x          -0.070807   0.007463

   29 H   s             0.116424   0.019088

   30 C   s            -0.026822   0.000670
          p_y          -0.044650   0.002967
          p_z           0.046452   0.003204
          p_x           0.045237   0.003052

   31 C   s            -0.014537   0.000015
          p_y          -0.105549   0.015845
          p_z           0.075016   0.008773
          p_x           0.139715   0.026417

   32 H   s             0.075342   0.007797

   33 C   s            -0.014573   0.000016
          p_y           0.078531   0.008253
          p_z           0.017101   0.000627
          p_x          -0.172688   0.042144

   34 H   s             0.075330   0.007794

   35 H   s            -0.116442   0.019094

   36 H   s            -0.116401   0.019080

Eigenvector:  39    (up)

    1 C   s            -0.000017   0.000000
          p_y          -0.204893   0.053697
          p_z          -0.096707   0.011963
          p_x          -0.102521   0.013444

    2 C   s            -0.000035   0.000000
          p_y          -0.136255   0.023439
          p_z          -0.064417   0.005239
          p_x          -0.068262   0.005883

    3 C   s            -0.000030   0.000000
          p_y          -0.204841   0.053671
          p_z          -0.096977   0.012029
          p_x          -0.102637   0.013474

    4 C   s             0.000015   0.000000
          p_y           0.000141   0.000000
          p_z          -0.000077   0.000000
          p_x          -0.000028   0.000000

    5 C   s             0.000009   0.000000
          p_y           0.014945   0.000296
          p_z           0.007113   0.000067
          p_x           0.007382   0.000072

    6 H   s            -0.000001   0.000000

    7 C   s             0.000028   0.000000
          p_y          -0.136411   0.023493
          p_z          -0.064364   0.005230
          p_x          -0.068300   0.005890

    8 C   s             0.000007   0.000000
          p_y          -0.000147   0.000000
          p_z           0.000097   0.000000
          p_x           0.000015   0.000000

    9 C   s            -0.000037   0.000000
          p_y           0.204829   0.053665
          p_z           0.096972   0.012027
          p_x           0.102661   0.013480

   10 H   s             0.000109   0.000000

   11 C   s            -0.000022   0.000000
          p_y           0.151333   0.030042
          p_z           0.071457   0.006699
          p_x           0.076079   0.007594

   12 C   s            -0.000012   0.000000
          p_y           0.014806   0.000291
          p_z           0.007060   0.000066
          p_x           0.007562   0.000076

   13 H   s            -0.000011   0.000000

   14 H   s             0.000109   0.000000

   15 C   s            -0.000015   0.000000
          p_y           0.204906   0.053704
          p_z           0.096707   0.011963
          p_x           0.102487   0.013435

   16 C   s             0.000034   0.000000
          p_y           0.136427   0.023499
          p_z           0.064381   0.005233
          p_x           0.068261   0.005883

   17 C   s             0.000016   0.000000
          p_y           0.216158   0.062146
          p_z           0.101799   0.013785
          p_x           0.108260   0.015589

   18 H   s            -0.000176   0.000000

   19 C   s             0.000042   0.000000
          p_y           0.151395   0.030069
          p_z           0.071438   0.006695
          p_x           0.075876   0.007551

   20 C   s            -0.000040   0.000000
          p_y           0.136246   0.023436
          p_z           0.064411   0.005238
          p_x           0.068287   0.005888

   21 C   s            -0.000019   0.000000
          p_y          -0.014802   0.000291
          p_z          -0.007090   0.000067
          p_x          -0.007526   0.000075

   22 H   s             0.000024   0.000000

   23 C   s            -0.000007   0.000000
          p_y           0.215901   0.061998
          p_z           0.101988   0.013837
          p_x           0.108559   0.015675

   24 H   s             0.000055   0.000000

   25 H   s            -0.000140   0.000000

   26 H   s             0.000030   0.000000

   27 C   s             0.000008   0.000000
          p_y          -0.014928   0.000296
          p_z          -0.007111   0.000067
          p_x          -0.007405   0.000073

   28 C   s             0.000047   0.000000
          p_y          -0.151399   0.030071
          p_z          -0.071417   0.006691
          p_x          -0.075878   0.007552

   29 H   s             0.000153   0.000000

   30 C   s            -0.000018   0.000000
          p_y          -0.151323   0.030038
          p_z          -0.071486   0.006704
          p_x          -0.076071   0.007593

   31 C   s            -0.000005   0.000000
          p_y          -0.215878   0.061984
          p_z          -0.102029   0.013848
          p_x          -0.108568   0.015678

   32 H   s            -0.000145   0.000000

   33 C   s             0.000014   0.000000
          p_y          -0.216178   0.062158
          p_z          -0.101792   0.013783
          p_x          -0.108236   0.015582

   34 H   s            -0.000180   0.000000

   35 H   s             0.000197   0.000000

   36 H   s             0.000046   0.000000

Eigenvector:  40    (up)

    1 C   s             0.000021   0.000000
          p_y           0.188549   0.045343
          p_z           0.089073   0.010120
          p_x           0.094294   0.011341

    2 C   s             0.000019   0.000000
          p_y           0.204084   0.052695
          p_z           0.096476   0.011776
          p_x           0.102379   0.013263

    3 C   s             0.000032   0.000000
          p_y          -0.188421   0.045282
          p_z          -0.089076   0.010120
          p_x          -0.094206   0.011320

    4 C   s            -0.000028   0.000000
          p_y           0.272125   0.092631
          p_z           0.128723   0.020727
          p_x           0.136324   0.023248

    5 C   s             0.000022   0.000000
          p_y           0.107629   0.015051
          p_z           0.050742   0.003345
          p_x           0.053963   0.003783

    6 H   s            -0.000095   0.000000

    7 C   s            -0.000042   0.000000
          p_y          -0.204047   0.052677
          p_z          -0.096510   0.011785
          p_x          -0.102204   0.013216

    8 C   s            -0.000029   0.000000
          p_y          -0.272127   0.092632
          p_z          -0.128719   0.020726
          p_x          -0.136325   0.023249

    9 C   s             0.000031   0.000000
          p_y           0.188418   0.045280
          p_z           0.089074   0.010120
          p_x           0.094210   0.011321

   10 H   s            -0.000097   0.000000

   11 C   s             0.000008  -0.000000
          p_y           0.082525   0.008925
          p_z           0.038871   0.001980
          p_x           0.041251   0.002229

   12 C   s            -0.000022   0.000000
          p_y          -0.107586   0.015039
          p_z          -0.050858   0.003361
          p_x          -0.053908   0.003776

   13 H   s            -0.000044   0.000000

   14 H   s            -0.000097   0.000000

   15 C   s             0.000021   0.000000
          p_y          -0.188546   0.045342
          p_z          -0.089074   0.010120
          p_x          -0.094299   0.011342

   16 C   s            -0.000041   0.000000
          p_y           0.204048   0.052678
          p_z           0.096511   0.011785
          p_x           0.102194   0.013214

   17 C   s             0.000011   0.000000
          p_y           0.031086   0.001287
          p_z           0.014699   0.000288
          p_x           0.015677   0.000327

   18 H   s             0.000103   0.000000

   19 C   s            -0.000014   0.000000
          p_y          -0.082476   0.008913
          p_z          -0.038949   0.001988
          p_x          -0.041455   0.002252

   20 C   s             0.000018   0.000000
          p_y          -0.204083   0.052695
          p_z          -0.096476   0.011776
          p_x          -0.102372   0.013261

   21 C   s            -0.000023   0.000000
          p_y           0.107585   0.015038
          p_z           0.050851   0.003360
          p_x           0.053913   0.003777

   22 H   s            -0.000037   0.000000

   23 C   s            -0.000033   0.000000
          p_y          -0.031159   0.001293
          p_z          -0.014809   0.000292
          p_x          -0.015701   0.000328

   24 H   s            -0.000032   0.000000

   25 H   s            -0.000036   0.000000

   26 H   s            -0.000090   0.000000

   27 C   s             0.000022   0.000000
          p_y          -0.107624   0.015050
          p_z          -0.050742   0.003345
          p_x          -0.053966   0.003784

   28 C   s            -0.000013   0.000000
          p_y           0.082473   0.008913
          p_z           0.038952   0.001988
          p_x           0.041455   0.002252

   29 H   s            -0.000077   0.000000

   30 C   s             0.000009  -0.000000
          p_y          -0.082522   0.008924
          p_z          -0.038877   0.001980
          p_x          -0.041250   0.002229

   31 C   s            -0.000033   0.000000
          p_y           0.031163   0.001293
          p_z           0.014801   0.000292
          p_x           0.015698   0.000328

   32 H   s            -0.000038   0.000000

   33 C   s             0.000011   0.000000
          p_y          -0.031091   0.001287
          p_z          -0.014697   0.000288
          p_x          -0.015672   0.000327

   34 H   s             0.000101   0.000000

   35 H   s            -0.000068   0.000000

   36 H   s            -0.000033   0.000000

Eigenvector:  41    (up)

    1 C   s             0.016991   0.000241
          p_y           0.124140   0.018694
          p_z          -0.057851   0.004090
          p_x          -0.193914   0.045523

    2 C   s            -0.016755   0.000100
          p_y          -0.024451   0.000841
          p_z          -0.053301   0.003597
          p_x           0.098504   0.012961

    3 C   s             0.017132   0.000245
          p_y          -0.112283   0.015256
          p_z           0.016667   0.000327
          p_x           0.208399   0.052666

    4 C   s            -0.030452   0.000220
          p_y          -0.098938   0.013073
          p_z           0.031138   0.001295
          p_x           0.167892   0.037649

    5 C   s             0.005362   0.000026
          p_y          -0.006143   0.000047
          p_z          -0.042116   0.002336
          p_x           0.051944   0.003503

    6 H   s            -0.094798   0.011026

    7 C   s            -0.016951   0.000104
          p_y           0.063545   0.005376
          p_z          -0.080439   0.008386
          p_x          -0.050841   0.003578

    8 C   s            -0.030644   0.000226
          p_y           0.098997   0.013088
          p_z          -0.031149   0.001296
          p_x          -0.168022   0.037707

    9 C   s             0.016997   0.000242
          p_y           0.112383   0.015284
          p_z          -0.016869   0.000335
          p_x          -0.208411   0.052675

   10 H   s            -0.223091   0.060318

   11 C   s            -0.016143   0.000323
          p_y           0.061388   0.005309
          p_z          -0.035361   0.001743
          p_x          -0.088923   0.011188

   12 C   s             0.005505   0.000028
          p_y           0.034902   0.001583
          p_z          -0.055500   0.004035
          p_x          -0.017031   0.000368

   13 H   s            -0.094810   0.011030

   14 H   s            -0.223102   0.060327

   15 C   s             0.017123   0.000245
          p_y          -0.124132   0.018691
          p_z           0.058019   0.004113
          p_x           0.193720   0.045429

   16 C   s            -0.016764   0.000101
          p_y          -0.063571   0.005379
          p_z           0.080851   0.008470
          p_x           0.050540   0.003538

   17 C   s            -0.007066  -0.000017
          p_y          -0.081369   0.008414
          p_z           0.012648   0.000069
          p_x           0.150812   0.030412

   18 H   s             0.127438   0.020909

   19 C   s            -0.016252   0.000326
          p_y          -0.050990   0.003681
          p_z           0.000806   0.000001
          p_x           0.101338   0.014483

   20 C   s            -0.016935   0.000104
          p_y           0.024631   0.000853
          p_z           0.052859   0.003539
          p_x          -0.098455   0.012950

   21 C   s             0.005375   0.000026
          p_y          -0.034690   0.001564
          p_z           0.054927   0.003955
          p_x           0.017197   0.000375

   22 H   s            -0.094754   0.011016

   23 C   s            -0.006970  -0.000018
          p_y           0.090444   0.011020
          p_z          -0.042131   0.002798
          p_x          -0.139977   0.025132

   24 H   s            -0.096211   0.012270

   25 H   s             0.127425   0.020904

   26 H   s            -0.094787   0.011025

   27 C   s             0.005486   0.000027
          p_y           0.006051   0.000045
          p_z           0.042661   0.002394
          p_x          -0.052264   0.003545

   28 C   s            -0.016151   0.000323
          p_y           0.050827   0.003659
          p_z          -0.000052   0.000000
          p_x          -0.101698   0.014581

   29 H   s            -0.097127   0.012503

   30 C   s            -0.016239   0.000326
          p_y          -0.061129   0.005267
          p_z           0.034557   0.001669
          p_x           0.089142   0.011240

   31 C   s            -0.007055  -0.000017
          p_y          -0.090219   0.010962
          p_z           0.041320   0.002698
          p_x           0.140281   0.025237

   32 H   s             0.127457   0.020915

   33 C   s            -0.006985  -0.000018
          p_y           0.081110   0.008362
          p_z          -0.011860   0.000052
          p_x          -0.151079   0.030529

   34 H   s             0.127445   0.020911

   35 H   s            -0.096263   0.012283

   36 H   s            -0.097059   0.012485

Eigenvector:  42    (up)

    1 C   s             0.033593   0.000928
          p_y          -0.000473   0.000001
          p_z          -0.042982   0.002150
          p_x           0.041502   0.002216

    2 C   s            -0.046174   0.001548
          p_y          -0.049909   0.003121
          p_z           0.112826   0.015499
          p_x          -0.006693   0.000031

    3 C   s            -0.033517   0.000923
          p_y          -0.028853   0.001058
          p_z           0.052140   0.003256
          p_x           0.008264   0.000117

    4 C   s            -0.048137   0.001660
          p_y          -0.017910   0.000417
          p_z           0.005608   0.000041
          p_x           0.030423   0.001203

    5 C   s             0.032217   0.000858
          p_y           0.029388   0.000972
          p_z          -0.138709   0.023108
          p_x           0.072335   0.006606

    6 H   s            -0.005623   0.000054

    7 C   s             0.046109   0.001545
          p_y           0.013047   0.000180
          p_z          -0.101425   0.012402
          p_x           0.069684   0.006126

    8 C   s             0.048010   0.001654
          p_y          -0.017543   0.000400
          p_z           0.005530   0.000040
          p_x           0.029733   0.001149

    9 C   s             0.033583   0.000927
          p_y          -0.028377   0.001025
          p_z           0.052130   0.003255
          p_x           0.007434   0.000098

   10 H   s            -0.003199   0.000021

   11 C   s            -0.025585   0.000498
          p_y          -0.068511   0.005902
          p_z           0.199297   0.049518
          p_x          -0.050545   0.003110

   12 C   s            -0.032191   0.000857
          p_y          -0.054178   0.003670
          p_z           0.146404   0.025966
          p_x          -0.029937   0.000960

   13 H   s             0.005231   0.000048

   14 H   s             0.002312   0.000013

   15 C   s            -0.033526   0.000924
          p_y          -0.000931   0.000003
          p_z          -0.042788   0.002130
          p_x           0.042308   0.002301

   16 C   s            -0.046178   0.001548
          p_y           0.012823   0.000173
          p_z          -0.101149   0.012332
          p_x           0.069931   0.006171

   17 C   s             0.023215   0.000789
          p_y           0.061913   0.004719
          p_z          -0.204607   0.056760
          p_x           0.069024   0.007520

   18 H   s            -0.003186   0.000016

   19 C   s             0.025518   0.000495
          p_y           0.045690   0.002560
          p_z          -0.192045   0.045881
          p_x           0.089788   0.010173

   20 C   s             0.046102   0.001544
          p_y          -0.049805   0.003108
          p_z           0.113082   0.015570
          p_x          -0.007109   0.000037

   21 C   s             0.032215   0.000858
          p_y          -0.054319   0.003689
          p_z           0.146649   0.026056
          p_x          -0.029926   0.000959

   22 H   s            -0.005629   0.000054

   23 C   s            -0.023243   0.000789
          p_y          -0.056870   0.004913
          p_z           0.203053   0.056978
          p_x          -0.077336   0.007064

   24 H   s            -0.218986   0.062469

   25 H   s             0.003716   0.000022

   26 H   s             0.005227   0.000048

   27 C   s            -0.032192   0.000857
          p_y           0.029396   0.000972
          p_z          -0.138587   0.023065
          p_x           0.072171   0.006575

   28 C   s            -0.025575   0.000498
          p_y           0.045866   0.002582
          p_z          -0.192087   0.045901
          p_x           0.089395   0.010079

   29 H   s             0.218598   0.062246

   30 C   s             0.025516   0.000495
          p_y          -0.068769   0.005949
          p_z           0.199476   0.049610
          p_x          -0.050248   0.003071

   31 C   s             0.023206   0.000788
          p_y          -0.057258   0.004977
          p_z           0.203232   0.057085
          p_x          -0.076815   0.006965

   32 H   s            -0.003233   0.000017

   33 C   s            -0.023228   0.000789
          p_y           0.062229   0.004768
          p_z          -0.204676   0.056787
          p_x           0.068423   0.007400

   34 H   s             0.003659   0.000021

   35 H   s            -0.219000   0.062477

   36 H   s             0.218595   0.062243

Eigenvector:  43    (up)

    1 C   s            -0.000001  -0.000000
          p_y          -0.106717   0.013844
          p_z          -0.050468   0.003096
          p_x          -0.053446   0.003472

    2 C   s            -0.000033   0.000000
          p_y          -0.238390   0.068632
          p_z          -0.112616   0.015316
          p_x          -0.119458   0.017234

    3 C   s            -0.000019   0.000000
          p_y           0.106682   0.013835
          p_z           0.050548   0.003106
          p_x           0.053411   0.003468

    4 C   s            -0.000010   0.000000
          p_y          -0.000015   0.000000
          p_z           0.000021   0.000000
          p_x           0.000008   0.000000

    5 C   s            -0.000034   0.000000
          p_y          -0.176845   0.038697
          p_z          -0.083527   0.008632
          p_x          -0.088685   0.009731

    6 H   s            -0.000017   0.000000

    7 C   s             0.000043   0.000000
          p_y           0.238423   0.068652
          p_z           0.112630   0.015320
          p_x           0.119343   0.017200

    8 C   s             0.000013   0.000000
          p_y          -0.000005   0.000000
          p_z          -0.000038   0.000000
          p_x           0.000034   0.000000

    9 C   s             0.000017   0.000000
          p_y           0.106692   0.013837
          p_z           0.050497   0.003100
          p_x           0.053439   0.003472

   10 H   s            -0.000007   0.000000

   11 C   s            -0.000026   0.000000
          p_y          -0.181015   0.040942
          p_z          -0.085303   0.009092
          p_x          -0.090670   0.010272

   12 C   s             0.000043   0.000000
          p_y           0.176802   0.038676
          p_z           0.083614   0.008650
          p_x           0.088628   0.009720

   13 H   s            -0.000049   0.000000

   14 H   s             0.000017   0.000000

   15 C   s             0.000001  -0.000000
          p_y          -0.106730   0.013848
          p_z          -0.050420   0.003090
          p_x          -0.053477   0.003476

   16 C   s            -0.000039   0.000000
          p_y           0.238410   0.068645
          p_z           0.112689   0.015336
          p_x           0.119311   0.017191

   17 C   s            -0.000021   0.000000
          p_y          -0.076949   0.007496
          p_z          -0.036345   0.001672
          p_x          -0.038612   0.001887

   18 H   s            -0.000071   0.000000

   19 C   s            -0.000004   0.000000
          p_y           0.180876   0.040877
          p_z           0.085340   0.009100
          p_x           0.090895   0.010324

   20 C   s             0.000032   0.000000
          p_y          -0.238376   0.068624
          p_z          -0.112680   0.015334
          p_x          -0.119432   0.017226

   21 C   s            -0.000047   0.000000
          p_y           0.176819   0.038684
          p_z           0.083555   0.008638
          p_x           0.088651   0.009725

   22 H   s             0.000057   0.000000

   23 C   s             0.000044   0.000000
          p_y           0.076932   0.007492
          p_z           0.036406   0.001678
          p_x           0.038583   0.001885

   24 H   s            -0.000036   0.000000

   25 H   s             0.000077   0.000000

   26 H   s             0.000023   0.000000

   27 C   s             0.000036   0.000000
          p_y          -0.176858   0.038702
          p_z          -0.083471   0.008621
          p_x          -0.088708   0.009736

   28 C   s             0.000004   0.000000
          p_y           0.180857   0.040869
          p_z           0.085406   0.009114
          p_x           0.090873   0.010319

   29 H   s             0.000068   0.000000

   30 C   s             0.000027   0.000000
          p_y          -0.180996   0.040933
          p_z          -0.085370   0.009106
          p_x          -0.090646   0.010266

   31 C   s            -0.000047   0.000000
          p_y           0.076951   0.007496
          p_z           0.036347   0.001672
          p_x           0.038605   0.001887

   32 H   s            -0.000080   0.000000

   33 C   s             0.000022   0.000000
          p_y          -0.076970   0.007500
          p_z          -0.036289   0.001667
          p_x          -0.038623   0.001888

   34 H   s             0.000071   0.000000

   35 H   s            -0.000003   0.000000

   36 H   s            -0.000026   0.000000

Eigenvector:  44    (up)

    1 C   s             0.004013   0.000013
          p_y           0.038955   0.001745
          p_z          -0.137570   0.021909
          p_x           0.052147   0.003180

    2 C   s            -0.008518   0.000054
          p_y          -0.051966   0.003224
          p_z           0.165449   0.032424
          p_x          -0.052036   0.003158

    3 C   s            -0.004012   0.000013
          p_y          -0.042126   0.002070
          p_z           0.138586   0.022263
          p_x          -0.046749   0.002505

    4 C   s            -0.000000  -0.000000
          p_y          -0.045187   0.002388
          p_z           0.153797   0.027661
          p_x          -0.055137   0.003555

    5 C   s             0.010685   0.000092
          p_y           0.043285   0.002182
          p_z          -0.155960   0.028684
          p_x           0.060925   0.004456

    6 H   s            -0.001715   0.000004

    7 C   s             0.008516   0.000054
          p_y           0.044235   0.002292
          p_z          -0.162926   0.031388
          p_x           0.065474   0.005132

    8 C   s             0.000007   0.000000
          p_y           0.045158   0.002385
          p_z          -0.153788   0.027658
          p_x           0.055124   0.003553

    9 C   s            -0.004007   0.000013
          p_y           0.042047   0.002062
          p_z          -0.138586   0.022263
          p_x           0.046752   0.002505

   10 H   s            -0.000027   0.000000

   11 C   s            -0.001908   0.000004
          p_y          -0.053283   0.003429
          p_z           0.181099   0.039879
          p_x          -0.063739   0.004995

   12 C   s            -0.010685   0.000092
          p_y          -0.048805   0.002847
          p_z           0.157746   0.029415
          p_x          -0.051448   0.003063

   13 H   s             0.001677   0.000004

   14 H   s            -0.000027   0.000000

   15 C   s             0.004007   0.000013
          p_y          -0.038909   0.001740
          p_z           0.137582   0.021913
          p_x          -0.052161   0.003182

   16 C   s             0.008516   0.000054
          p_y          -0.044285   0.002298
          p_z           0.162878   0.031370
          p_x          -0.065544   0.005143

   17 C   s             0.010482   0.000213
          p_y           0.053965   0.003531
          p_z          -0.166699   0.036810
          p_x           0.049182   0.003796

   18 H   s             0.002280   0.000007

   19 C   s             0.001903   0.000004
          p_y           0.052379   0.003363
          p_z          -0.180737   0.039773
          p_x           0.065557   0.005176

   20 C   s            -0.008502   0.000054
          p_y           0.052042   0.003233
          p_z          -0.165362   0.032390
          p_x           0.052126   0.003169

   21 C   s            -0.010680   0.000092
          p_y           0.048713   0.002836
          p_z          -0.157714   0.029403
          p_x           0.051500   0.003070

   22 H   s             0.001734   0.000004

   23 C   s            -0.010482   0.000213
          p_y          -0.042432   0.002693
          p_z           0.163091   0.035916
          p_x          -0.068739   0.005534

   24 H   s            -0.176551   0.039442

   25 H   s            -0.002273   0.000007

   26 H   s            -0.001658   0.000004

   27 C   s             0.010677   0.000092
          p_y          -0.043142   0.002167
          p_z           0.155979   0.028691
          p_x          -0.060944   0.004459

   28 C   s             0.001901   0.000004
          p_y          -0.052407   0.003366
          p_z           0.180642   0.039731
          p_x          -0.065615   0.005186

   29 H   s             0.176555   0.039444

   30 C   s            -0.001898   0.000004
          p_y           0.053305   0.003432
          p_z          -0.181047   0.039855
          p_x           0.063820   0.005008

   31 C   s            -0.010472   0.000212
          p_y           0.042339   0.002682
          p_z          -0.163067   0.035904
          p_x           0.068737   0.005534

   32 H   s            -0.002208   0.000007

   33 C   s             0.010466   0.000212
          p_y          -0.053941   0.003528
          p_z           0.166642   0.036785
          p_x          -0.049211   0.003800

   34 H   s             0.002351   0.000008

   35 H   s             0.176477   0.039409

   36 H   s            -0.176504   0.039420

Eigenvector:  45    (up)

    1 C   s            -0.000669  -0.000001
          p_y           0.032103   0.001193
          p_z           0.013044   0.000204
          p_x          -0.076149   0.006751

    2 C   s            -0.023061   0.000155
          p_y          -0.059738   0.004589
          p_z           0.043063   0.002346
          p_x           0.078397   0.007971

    3 C   s            -0.000655  -0.000001
          p_y          -0.046877   0.002560
          p_z           0.037903   0.001688
          p_x           0.057999   0.003898

    4 C   s             0.000014   0.000000
          p_y          -0.010751   0.000139
          p_z           0.037225   0.001670
          p_x          -0.013271   0.000212

    5 C   s             0.000519   0.000002
          p_y           0.101083   0.012050
          p_z          -0.000695  -0.000002
          p_x          -0.201494   0.048533

    6 H   s            -0.127100   0.018831

    7 C   s            -0.023065   0.000155
          p_y           0.043772   0.002490
          p_z           0.010388   0.000127
          p_x          -0.097706   0.012290

    8 C   s             0.000014   0.000000
          p_y          -0.010800   0.000141
          p_z           0.037287   0.001675
          p_x          -0.013213   0.000210

    9 C   s             0.000656  -0.000001
          p_y          -0.046969   0.002570
          p_z           0.037963   0.001693
          p_x           0.058085   0.003910

   10 H   s             0.000039   0.000000

   11 C   s            -0.014895  -0.000042
          p_y          -0.074095   0.007492
          p_z          -0.007443   0.000044
          p_x           0.154745   0.032055

   12 C   s             0.000532   0.000002
          p_y          -0.121617   0.017713
          p_z           0.069382   0.005963
          p_x           0.176663   0.036900

   13 H   s            -0.127099   0.018830

   14 H   s             0.000063   0.000000

   15 C   s             0.000666  -0.000001
          p_y           0.032168   0.001198
          p_z           0.012985   0.000202
          p_x          -0.076247   0.006768

   16 C   s             0.023085   0.000156
          p_y           0.043827   0.002497
          p_z           0.010318   0.000126
          p_x          -0.097764   0.012304

   17 C   s             0.007066  -0.000015
          p_y           0.089663   0.009681
          p_z          -0.016130   0.000098
          p_x          -0.163386   0.034196

   18 H   s            -0.195876   0.046750

   19 C   s            -0.014897  -0.000042
          p_y           0.093936   0.011783
          p_z          -0.060259   0.004645
          p_x          -0.130497   0.023153

   20 C   s             0.023090   0.000156
          p_y          -0.059802   0.004599
          p_z           0.043124   0.002352
          p_x           0.078460   0.007984

   21 C   s            -0.000529   0.000002
          p_y          -0.121693   0.017736
          p_z           0.069469   0.005978
          p_x           0.176767   0.036943

   22 H   s             0.127208   0.018863

   23 C   s             0.007076  -0.000015
          p_y          -0.097310   0.012239
          p_z           0.042642   0.002875
          p_x           0.153967   0.028859

   24 H   s             0.112775   0.015985

   25 H   s            -0.195868   0.046745

   26 H   s             0.127211   0.018864

   27 C   s            -0.000527   0.000002
          p_y           0.101166   0.012070
          p_z          -0.000755  -0.000002
          p_x          -0.201590   0.048580

   28 C   s             0.014905  -0.000042
          p_y           0.094017   0.011803
          p_z          -0.060357   0.004660
          p_x          -0.130523   0.023163

   29 H   s             0.112738   0.015975

   30 C   s             0.014911  -0.000042
          p_y          -0.074148   0.007502
          p_z          -0.007398   0.000043
          p_x           0.154806   0.032081

   31 C   s            -0.007068  -0.000016
          p_y          -0.097355   0.012250
          p_z           0.042720   0.002885
          p_x           0.154003   0.028872

   32 H   s             0.195961   0.046790

   33 C   s            -0.007085  -0.000015
          p_y           0.089710   0.009691
          p_z          -0.016211   0.000100
          p_x          -0.163421   0.034209

   34 H   s             0.195971   0.046795

   35 H   s            -0.112851   0.016007

   36 H   s            -0.112734   0.015973

Eigenvector:  46    (up)

    1 C   s            -0.000312  -0.000001
          p_y           0.077995   0.006964
          p_z          -0.015360   0.000257
          p_x          -0.141064   0.022891

    2 C   s            -0.035359   0.000460
          p_y          -0.062419   0.005006
          p_z           0.021442   0.000606
          p_x           0.104256   0.013894

    3 C   s            -0.000304  -0.000001
          p_y          -0.083815   0.008087
          p_z           0.035682   0.001493
          p_x           0.133869   0.020533

    4 C   s            -0.036762   0.000565
          p_y          -0.050716   0.003248
          p_z           0.016061   0.000326
          p_x           0.086272   0.009397

    5 C   s             0.000721   0.000003
          p_y           0.097631   0.011135
          p_z          -0.007804   0.000046
          p_x          -0.187688   0.041722

    6 H   s            -0.151816   0.026611

    7 C   s            -0.035368   0.000461
          p_y           0.061224   0.004787
          p_z          -0.017507   0.000379
          p_x          -0.105667   0.014334

    8 C   s            -0.036766   0.000565
          p_y           0.050745   0.003251
          p_z          -0.016026   0.000324
          p_x          -0.086264   0.009395

    9 C   s            -0.000306  -0.000001
          p_y           0.083811   0.008086
          p_z          -0.035655   0.001491
          p_x          -0.133829   0.020521

   10 H   s            -0.126285   0.018130

   11 C   s            -0.018597   0.000026
          p_y          -0.061321   0.005109
          p_z          -0.014585   0.000221
          p_x           0.135604   0.024401

   12 C   s             0.000737   0.000003
          p_y          -0.112578   0.015040
          p_z           0.058486   0.004223
          p_x           0.169485   0.033640

   13 H   s            -0.151804   0.026606

   14 H   s            -0.126285   0.018130

   15 C   s            -0.000308  -0.000001
          p_y          -0.077965   0.006959
          p_z           0.015378   0.000258
          p_x           0.141025   0.022878

   16 C   s            -0.035349   0.000460
          p_y          -0.061222   0.004787
          p_z           0.017512   0.000379
          p_x           0.105595   0.014315

   17 C   s             0.006115  -0.000009
          p_y           0.073213   0.006393
          p_z          -0.012633   0.000046
          p_x          -0.134494   0.023025

   18 H   s            -0.168722   0.034389

   19 C   s            -0.018601   0.000027
          p_y           0.083003   0.009115
          p_z          -0.059877   0.004538
          p_x          -0.109023   0.016077

   20 C   s            -0.035349   0.000460
          p_y           0.062352   0.004995
          p_z          -0.021445   0.000606
          p_x          -0.104231   0.013887

   21 C   s             0.000735   0.000003
          p_y           0.112468   0.015010
          p_z          -0.058474   0.004221
          p_x          -0.169400   0.033607

   22 H   s            -0.151731   0.026581

   23 C   s             0.006123  -0.000009
          p_y          -0.080240   0.008272
          p_z           0.035693   0.002011
          p_x           0.126076   0.019180

   24 H   s             0.094456   0.011124

   25 H   s            -0.168715   0.034386

   26 H   s            -0.151744   0.026586

   27 C   s             0.000726   0.000003
          p_y          -0.097622   0.011133
          p_z           0.007796   0.000046
          p_x           0.187535   0.041654

   28 C   s            -0.018587   0.000027
          p_y          -0.082934   0.009100
          p_z           0.059868   0.004537
          p_x           0.108935   0.016051

   29 H   s             0.094469   0.011127

   30 C   s            -0.018591   0.000027
          p_y           0.061292   0.005104
          p_z           0.014571   0.000221
          p_x          -0.135498   0.024363

   31 C   s             0.006110  -0.000009
          p_y           0.080232   0.008270
          p_z          -0.035657   0.002007
          p_x          -0.125934   0.019136

   32 H   s            -0.168589   0.034334

   33 C   s             0.006122  -0.000009
          p_y          -0.073099   0.006373
          p_z           0.012680   0.000047
          p_x           0.134395   0.022990

   34 H   s            -0.168598   0.034339

   35 H   s             0.094417   0.011115

   36 H   s             0.094338   0.011096

Eigenvector:  47    (up)

    1 C   s            -0.000004   0.000000
          p_y           0.066073   0.005156
          p_z           0.031237   0.001152
          p_x           0.033146   0.001298

    2 C   s             0.000019   0.000000
          p_y          -0.132976   0.020657
          p_z          -0.062892   0.004621
          p_x          -0.066696   0.005197

    3 C   s            -0.000003   0.000000
          p_y           0.066121   0.005164
          p_z           0.031228   0.001152
          p_x           0.033037   0.001289

    4 C   s             0.000007   0.000000
          p_y           0.148806   0.025553
          p_z           0.070348   0.005711
          p_x           0.074478   0.006401

    5 C   s            -0.000001  -0.000000
          p_y          -0.190804   0.043735
          p_z          -0.090093   0.009751
          p_x          -0.095500   0.010956

    6 H   s             0.000058   0.000000

    7 C   s            -0.000009   0.000000
          p_y          -0.133054   0.020682
          p_z          -0.062893   0.004621
          p_x          -0.066560   0.005175

    8 C   s            -0.000000   0.000000
          p_y           0.148797   0.025550
          p_z           0.070331   0.005708
          p_x           0.074495   0.006404

    9 C   s             0.000003   0.000000
          p_y           0.066118   0.005163
          p_z           0.031222   0.001151
          p_x           0.033067   0.001291

   10 H   s             0.000012   0.000000

   11 C   s            -0.000015   0.000000
          p_y           0.074859   0.006803
          p_z           0.035318   0.001514
          p_x           0.037415   0.001699

   12 C   s             0.000006   0.000000
          p_y          -0.190661   0.043670
          p_z          -0.090219   0.009778
          p_x          -0.095673   0.010996

   13 H   s             0.000077   0.000000

   14 H   s             0.000009   0.000000

   15 C   s             0.000006   0.000000
          p_y           0.066083   0.005158
          p_z           0.031253   0.001154
          p_x           0.033116   0.001295

   16 C   s             0.000019   0.000000
          p_y          -0.133047   0.020680
          p_z          -0.062875   0.004618
          p_x          -0.066587   0.005180

   17 C   s            -0.000016   0.000000
          p_y           0.255980   0.080444
          p_z           0.120660   0.017872
          p_x           0.128615   0.020309

   18 H   s             0.000139   0.000000

   19 C   s             0.000033   0.000000
          p_y           0.074726   0.006778
          p_z           0.035383   0.001520
          p_x           0.037625   0.001719

   20 C   s            -0.000015   0.000000
          p_y          -0.132980   0.020658
          p_z          -0.062907   0.004623
          p_x          -0.066670   0.005193

   21 C   s            -0.000007   0.000000
          p_y          -0.190686   0.043682
          p_z          -0.090227   0.009780
          p_x          -0.095633   0.010987

   22 H   s            -0.000048   0.000000

   23 C   s            -0.000036   0.000000
          p_y           0.256084   0.080510
          p_z           0.120704   0.017885
          p_x           0.128373   0.020232

   24 H   s            -0.000138   0.000000

   25 H   s             0.000118   0.000000

   26 H   s            -0.000029   0.000000

   27 C   s             0.000005   0.000000
          p_y          -0.190790   0.043728
          p_z          -0.090070   0.009746
          p_x          -0.095552   0.010968

   28 C   s            -0.000026   0.000000
          p_y           0.074731   0.006779
          p_z           0.035392   0.001521
          p_x           0.037581   0.001715

   29 H   s            -0.000088   0.000000

   30 C   s             0.000015   0.000000
          p_y           0.074855   0.006802
          p_z           0.035288   0.001512
          p_x           0.037455   0.001703

   31 C   s             0.000030   0.000000
          p_y           0.256062   0.080496
          p_z           0.120690   0.017881
          p_x           0.128417   0.020246

   32 H   s            -0.000075   0.000000

   33 C   s             0.000025   0.000000
          p_y           0.255994   0.080453
          p_z           0.120697   0.017883
          p_x           0.128560   0.020291

   34 H   s            -0.000096   0.000000

   35 H   s             0.000090   0.000000

   36 H   s             0.000086   0.000000

Eigenvector:  48    (up)

    1 C   s            -0.000003   0.000000
          p_y          -0.103061   0.012178
          p_z          -0.048704   0.002720
          p_x          -0.051671   0.003061

    2 C   s            -0.000008   0.000000
          p_y           0.051972   0.003096
          p_z           0.024525   0.000690
          p_x           0.026077   0.000779

    3 C   s             0.000015   0.000000
          p_y           0.103025   0.012170
          p_z           0.048688   0.002718
          p_x           0.051650   0.003059

    4 C   s            -0.000012   0.000000
          p_y          -0.246033   0.068479
          p_z          -0.116371   0.015320
          p_x          -0.123107   0.017144

    5 C   s             0.000058   0.000000
          p_y           0.147945   0.025630
          p_z           0.069863   0.005715
          p_x           0.074099   0.006429

    6 H   s            -0.000022   0.000000

    7 C   s            -0.000035   0.000000
          p_y          -0.051976   0.003097
          p_z          -0.024524   0.000689
          p_x          -0.026047   0.000778

    8 C   s            -0.000011   0.000000
          p_y           0.246036   0.068480
          p_z           0.116373   0.015320
          p_x           0.123108   0.017145

    9 C   s             0.000015   0.000000
          p_y          -0.103024   0.012169
          p_z          -0.048687   0.002718
          p_x          -0.051649   0.003058

   10 H   s            -0.000048   0.000000

   11 C   s             0.000004  -0.000000
          p_y           0.253112   0.075757
          p_z           0.119331   0.016838
          p_x           0.126889   0.019039

   12 C   s            -0.000039   0.000000
          p_y          -0.147899   0.025613
          p_z          -0.069889   0.005719
          p_x          -0.074051   0.006422

   13 H   s            -0.000012   0.000000

   14 H   s            -0.000048   0.000000

   15 C   s            -0.000005   0.000000
          p_y           0.103062   0.012178
          p_z           0.048704   0.002720
          p_x           0.051673   0.003061

   16 C   s            -0.000037   0.000000
          p_y           0.051973   0.003096
          p_z           0.024520   0.000689
          p_x           0.026049   0.000778

   17 C   s             0.000027   0.000000
          p_y           0.125229   0.018731
          p_z           0.059052   0.004165
          p_x           0.062809   0.004712

   18 H   s             0.000011   0.000000

   19 C   s            -0.000003  -0.000000
          p_y          -0.252958   0.075663
          p_z          -0.119450   0.016872
          p_x          -0.127073   0.019095

   20 C   s            -0.000008   0.000000
          p_y          -0.051975   0.003096
          p_z          -0.024524   0.000690
          p_x          -0.026080   0.000780

   21 C   s            -0.000039   0.000000
          p_y           0.147897   0.025613
          p_z           0.069888   0.005719
          p_x           0.074044   0.006420

   22 H   s            -0.000014   0.000000

   23 C   s            -0.000044   0.000000
          p_y          -0.125240   0.018734
          p_z          -0.059108   0.004173
          p_x          -0.062805   0.004712

   24 H   s             0.000013   0.000000

   25 H   s            -0.000104   0.000000

   26 H   s            -0.000025   0.000000

   27 C   s             0.000056   0.000000
          p_y          -0.147951   0.025632
          p_z          -0.069870   0.005716
          p_x          -0.074093   0.006428

   28 C   s            -0.000004  -0.000000
          p_y           0.252959   0.075663
          p_z           0.119449   0.016872
          p_x           0.127081   0.019098

   29 H   s             0.000019   0.000000

   30 C   s             0.000005  -0.000000
          p_y          -0.253112   0.075757
          p_z          -0.119324   0.016836
          p_x          -0.126894   0.019040

   31 C   s            -0.000042   0.000000
          p_y           0.125249   0.018737
          p_z           0.059115   0.004174
          p_x           0.062800   0.004711

   32 H   s            -0.000110   0.000000

   33 C   s             0.000022   0.000000
          p_y          -0.125226   0.018731
          p_z          -0.059061   0.004166
          p_x          -0.062793   0.004709

   34 H   s             0.000005   0.000000

   35 H   s             0.000017   0.000000

   36 H   s             0.000023   0.000000

Eigenvector:  49    (up)

    1 C   s             0.000001  -0.000000
          p_y           0.225201   0.056905
          p_z           0.106465   0.012718
          p_x           0.112776   0.014270

    2 C   s             0.000010   0.000000
          p_y          -0.010125   0.000116
          p_z          -0.004789   0.000026
          p_x          -0.005062   0.000029

    3 C   s             0.000004   0.000000
          p_y           0.225219   0.056914
          p_z           0.106521   0.012731
          p_x           0.112743   0.014262

    4 C   s            -0.000002   0.000000
          p_y          -0.000017   0.000000
          p_z           0.000005   0.000000
          p_x          -0.000021   0.000000

    5 C   s             0.000002   0.000000
          p_y          -0.229211   0.059895
          p_z          -0.108262   0.013362
          p_x          -0.114962   0.015067

    6 H   s            -0.000031   0.000000

    7 C   s            -0.000029   0.000000
          p_y          -0.010113   0.000116
          p_z          -0.004773   0.000026
          p_x          -0.005091   0.000029

    8 C   s            -0.000000   0.000000
          p_y           0.000018   0.000000
          p_z          -0.000005   0.000000
          p_x           0.000022   0.000000

    9 C   s             0.000005   0.000000
          p_y          -0.225221   0.056915
          p_z          -0.106521   0.012731
          p_x          -0.112744   0.014262

   10 H   s             0.000012   0.000000

   11 C   s            -0.000024   0.000000
          p_y           0.003447   0.000015
          p_z           0.001649   0.000003
          p_x           0.001760   0.000004

   12 C   s             0.000003   0.000000
          p_y          -0.229257   0.059920
          p_z          -0.108368   0.013388
          p_x          -0.114832   0.015033

   13 H   s            -0.000005   0.000000

   14 H   s             0.000012   0.000000

   15 C   s             0.000000  -0.000000
          p_y          -0.225199   0.056904
          p_z          -0.106467   0.012719
          p_x          -0.112771   0.014269

   16 C   s            -0.000031   0.000000
          p_y           0.010108   0.000116
          p_z           0.004768   0.000026
          p_x           0.005092   0.000029

   17 C   s            -0.000015   0.000000
          p_y           0.212761   0.052643
          p_z           0.100254   0.011688
          p_x           0.106754   0.013254

   18 H   s            -0.000021   0.000000

   19 C   s             0.000016   0.000000
          p_y           0.003414   0.000015
          p_z           0.001645   0.000003
          p_x           0.001689   0.000004

   20 C   s             0.000011   0.000000
          p_y           0.010126   0.000116
          p_z           0.004793   0.000026
          p_x           0.005062   0.000029

   21 C   s             0.000003   0.000000
          p_y           0.229257   0.059920
          p_z           0.108369   0.013388
          p_x           0.114827   0.015032

   22 H   s            -0.000007   0.000000

   23 C   s            -0.000028   0.000000
          p_y           0.212696   0.052611
          p_z           0.100298   0.011699
          p_x           0.106769   0.013257

   24 H   s            -0.000024   0.000000

   25 H   s            -0.000042   0.000000

   26 H   s            -0.000033   0.000000

   27 C   s            -0.000001  -0.000000
          p_y           0.229210   0.059895
          p_z           0.108256   0.013361
          p_x           0.114968   0.015069

   28 C   s             0.000013   0.000000
          p_y          -0.003411   0.000015
          p_z          -0.001648   0.000003
          p_x          -0.001679   0.000004

   29 H   s            -0.000006   0.000000

   30 C   s            -0.000021   0.000000
          p_y          -0.003447   0.000015
          p_z          -0.001640   0.000003
          p_x          -0.001765   0.000004

   31 C   s            -0.000026   0.000000
          p_y          -0.212687   0.052607
          p_z          -0.100293   0.011697
          p_x          -0.106776   0.013259

   32 H   s            -0.000049   0.000000

   33 C   s            -0.000023   0.000000
          p_y          -0.212761   0.052643
          p_z          -0.100270   0.011692
          p_x          -0.106736   0.013249

   34 H   s            -0.000027   0.000000

   35 H   s            -0.000010   0.000000

   36 H   s            -0.000015   0.000000

Eigenvector:  50    (up)

    1 C   s            -0.000016   0.000000
          p_y          -0.139003   0.020770
          p_z          -0.065706   0.004641
          p_x          -0.069613   0.005209

    2 C   s            -0.000010   0.000000
          p_y          -0.209934   0.047244
          p_z          -0.099219   0.010552
          p_x          -0.105200   0.011863

    3 C   s             0.000005   0.000000
          p_y           0.138998   0.020768
          p_z           0.065729   0.004644
          p_x           0.069579   0.005204

    4 C   s             0.000006   0.000000
          p_y           0.000000   0.000000
          p_z           0.000001  -0.000000
          p_x          -0.000002   0.000000

    5 C   s             0.000049   0.000000
          p_y           0.022585   0.000573
          p_z           0.010655   0.000128
          p_x           0.011254   0.000142

    6 H   s            -0.000017   0.000000

    7 C   s            -0.000006   0.000000
          p_y           0.209935   0.047244
          p_z           0.099288   0.010568
          p_x           0.105093   0.011840

    8 C   s            -0.000006   0.000000
          p_y           0.000002   0.000000
          p_z          -0.000000   0.000000
          p_x          -0.000001   0.000000

    9 C   s            -0.000005   0.000000
          p_y           0.138996   0.020768
          p_z           0.065727   0.004644
          p_x           0.069578   0.005204

   10 H   s            -0.000004   0.000000

   11 C   s            -0.000001   0.000000
          p_y           0.257803   0.073620
          p_z           0.121560   0.016368
          p_x           0.129237   0.018501

   12 C   s            -0.000013   0.000000
          p_y          -0.022576   0.000572
          p_z          -0.010661   0.000128
          p_x          -0.011262   0.000143

   13 H   s             0.000007   0.000000

   14 H   s             0.000004   0.000000

   15 C   s             0.000017   0.000000
          p_y          -0.139005   0.020771
          p_z          -0.065706   0.004641
          p_x          -0.069615   0.005209

   16 C   s             0.000007   0.000000
          p_y           0.209937   0.047245
          p_z           0.099291   0.010568
          p_x           0.105090   0.011839

   17 C   s             0.000016   0.000000
          p_y           0.156735   0.027408
          p_z           0.073884   0.006090
          p_x           0.078645   0.006901

   18 H   s             0.000021   0.000000

   19 C   s            -0.000005  -0.000000
          p_y          -0.257667   0.073541
          p_z          -0.121681   0.016401
          p_x          -0.129373   0.018540

   20 C   s             0.000009   0.000000
          p_y          -0.209934   0.047244
          p_z          -0.099221   0.010553
          p_x          -0.105198   0.011863

   21 C   s             0.000013   0.000000
          p_y          -0.022574   0.000572
          p_z          -0.010660   0.000128
          p_x          -0.011258   0.000142

   22 H   s            -0.000005   0.000000

   23 C   s            -0.000027   0.000000
          p_y          -0.156714   0.027400
          p_z          -0.073922   0.006096
          p_x          -0.078644   0.006901

   24 H   s            -0.000022   0.000000

   25 H   s            -0.000044   0.000000

   26 H   s             0.000019   0.000000

   27 C   s            -0.000047   0.000000
          p_y           0.022587   0.000573
          p_z           0.010659   0.000128
          p_x           0.011250   0.000142

   28 C   s             0.000006  -0.000000
          p_y          -0.257665   0.073540
          p_z          -0.121680   0.016401
          p_x          -0.129376   0.018541

   29 H   s             0.000037   0.000000

   30 C   s            -0.000001  -0.000000
          p_y           0.257802   0.073620
          p_z           0.121555   0.016366
          p_x           0.129238   0.018501

   31 C   s             0.000025   0.000000
          p_y          -0.156718   0.027402
          p_z          -0.073927   0.006097
          p_x          -0.078641   0.006900

   32 H   s             0.000047   0.000000

   33 C   s            -0.000010   0.000000
          p_y           0.156733   0.027407
          p_z           0.073894   0.006092
          p_x           0.078633   0.006899

   34 H   s            -0.000017   0.000000

   35 H   s            -0.000035   0.000000

   36 H   s             0.000018   0.000000

Eigenvector:  51    (up)

    1 C   s             0.000005   0.000000
          p_y          -0.023125   0.000534
          p_z          -0.010941   0.000120
          p_x          -0.011597   0.000134

    2 C   s             0.000012   0.000000
          p_y           0.264135   0.070285
          p_z           0.124827   0.015697
          p_x           0.132357   0.017648

    3 C   s             0.000012   0.000000
          p_y           0.023123   0.000534
          p_z           0.010943   0.000120
          p_x           0.011611   0.000135

    4 C   s            -0.000003   0.000000
          p_y          -0.289254   0.083422
          p_z          -0.136774   0.018652
          p_x          -0.144784   0.020901

    5 C   s            -0.000023   0.000000
          p_y           0.079035   0.006349
          p_z           0.037333   0.001417
          p_x           0.039674   0.001600

    6 H   s             0.000033   0.000000

    7 C   s            -0.000010   0.000000
          p_y          -0.264122   0.070277
          p_z          -0.124904   0.015717
          p_x          -0.132223   0.017612

    8 C   s            -0.000003   0.000000
          p_y           0.289253   0.083422
          p_z           0.136775   0.018652
          p_x           0.144783   0.020900

    9 C   s             0.000012   0.000000
          p_y          -0.023123   0.000534
          p_z          -0.010942   0.000120
          p_x          -0.011610   0.000135

   10 H   s            -0.000017   0.000000

   11 C   s             0.000001   0.000000
          p_y          -0.174586   0.031686
          p_z          -0.082325   0.007045
          p_x          -0.087519   0.007962

   12 C   s            -0.000004   0.000000
          p_y          -0.079052   0.006352
          p_z          -0.037360   0.001419
          p_x          -0.039655   0.001598

   13 H   s            -0.000004   0.000000

   14 H   s            -0.000016   0.000000

   15 C   s             0.000005   0.000000
          p_y           0.023126   0.000534
          p_z           0.010941   0.000120
          p_x           0.011596   0.000134

   16 C   s            -0.000009   0.000000
          p_y           0.264124   0.070278
          p_z           0.124905   0.015717
          p_x           0.132221   0.017612

   17 C   s            -0.000004   0.000000
          p_y          -0.134947   0.019028
          p_z          -0.063608   0.004227
          p_x          -0.067717   0.004791

   18 H   s            -0.000016   0.000000

   19 C   s             0.000003   0.000000
          p_y           0.174494   0.031652
          p_z           0.082402   0.007059
          p_x           0.087592   0.007976

   20 C   s             0.000011   0.000000
          p_y          -0.264134   0.070284
          p_z          -0.124828   0.015697
          p_x          -0.132355   0.017647

   21 C   s            -0.000004   0.000000
          p_y           0.079052   0.006352
          p_z           0.037360   0.001419
          p_x           0.039656   0.001598

   22 H   s            -0.000003   0.000000

   23 C   s             0.000008   0.000000
          p_y           0.134945   0.019027
          p_z           0.063643   0.004232
          p_x           0.067733   0.004794

   24 H   s             0.000022   0.000000

   25 H   s             0.000006   0.000000

   26 H   s             0.000034   0.000000

   27 C   s            -0.000022   0.000000
          p_y          -0.079035   0.006350
          p_z          -0.037331   0.001417
          p_x          -0.039677   0.001600

   28 C   s             0.000004   0.000000
          p_y          -0.174493   0.031652
          p_z          -0.082401   0.007058
          p_x          -0.087593   0.007976

   29 H   s            -0.000032   0.000000

   30 C   s             0.000000   0.000000
          p_y           0.174585   0.031685
          p_z           0.082322   0.007045
          p_x           0.087518   0.007962

   31 C   s             0.000007   0.000000
          p_y          -0.134946   0.019028
          p_z          -0.063645   0.004232
          p_x          -0.067731   0.004793

   32 H   s             0.000008   0.000000

   33 C   s             0.000001  -0.000000
          p_y           0.134947   0.019028
          p_z           0.063616   0.004228
          p_x           0.067709   0.004790

   34 H   s            -0.000014   0.000000

   35 H   s            -0.000031   0.000000

   36 H   s             0.000022   0.000000

Eigenvector:  52    (up)

    1 C   s             0.000006   0.000000
          p_y          -0.057251   0.003070
          p_z          -0.027085   0.000687
          p_x          -0.028658   0.000769

    2 C   s            -0.000012   0.000000
          p_y          -0.263464   0.063864
          p_z          -0.124513   0.014264
          p_x          -0.132035   0.016039

    3 C   s            -0.000013   0.000000
          p_y          -0.057256   0.003071
          p_z          -0.027088   0.000687
          p_x          -0.028688   0.000771

    4 C   s            -0.000004   0.000000
          p_y           0.322402   0.094755
          p_z           0.152449   0.021186
          p_x           0.161395   0.023746

    5 C   s            -0.000019   0.000000
          p_y           0.136418   0.017669
          p_z           0.064461   0.003945
          p_x           0.068444   0.004448

    6 H   s            -0.000001   0.000000

    7 C   s            -0.000009   0.000000
          p_y          -0.263488   0.063876
          p_z          -0.124593   0.014282
          p_x          -0.131910   0.016009

    8 C   s             0.000004   0.000000
          p_y           0.322403   0.094755
          p_z           0.152451   0.021187
          p_x           0.161394   0.023746

    9 C   s             0.000013   0.000000
          p_y          -0.057257   0.003071
          p_z          -0.027087   0.000687
          p_x          -0.028688   0.000771

   10 H   s            -0.000007   0.000000

   11 C   s             0.000015   0.000000
          p_y           0.136373   0.017608
          p_z           0.064296   0.003914
          p_x           0.068351   0.004423

   12 C   s             0.000013   0.000000
          p_y           0.136442   0.017675
          p_z           0.064514   0.003952
          p_x           0.068334   0.004433

   13 H   s            -0.000014   0.000000

   14 H   s             0.000007   0.000000

   15 C   s            -0.000006   0.000000
          p_y          -0.057251   0.003070
          p_z          -0.027085   0.000687
          p_x          -0.028657   0.000769

   16 C   s             0.000008   0.000000
          p_y          -0.263488   0.063876
          p_z          -0.124594   0.014282
          p_x          -0.131907   0.016009

   17 C   s             0.000011   0.000000
          p_y          -0.144060   0.019987
          p_z          -0.067885   0.004438
          p_x          -0.072271   0.005030

   18 H   s             0.000024   0.000000

   19 C   s            -0.000003   0.000000
          p_y           0.136320   0.017594
          p_z           0.064342   0.003920
          p_x           0.068436   0.004434

   20 C   s             0.000013   0.000000
          p_y          -0.263465   0.063865
          p_z          -0.124513   0.014264
          p_x          -0.132034   0.016039

   21 C   s            -0.000013   0.000000
          p_y           0.136442   0.017675
          p_z           0.064514   0.003952
          p_x           0.068332   0.004433

   22 H   s             0.000014   0.000000

   23 C   s             0.000008   0.000000
          p_y          -0.144010   0.019973
          p_z          -0.067927   0.004444
          p_x          -0.072298   0.005034

   24 H   s            -0.000005   0.000000

   25 H   s             0.000029   0.000000

   26 H   s             0.000000   0.000000

   27 C   s             0.000018   0.000000
          p_y           0.136418   0.017669
          p_z           0.064459   0.003945
          p_x           0.068445   0.004448

   28 C   s             0.000002   0.000000
          p_y           0.136320   0.017594
          p_z           0.064341   0.003920
          p_x           0.068438   0.004435

   29 H   s            -0.000019   0.000000

   30 C   s            -0.000014   0.000000
          p_y           0.136375   0.017609
          p_z           0.064299   0.003915
          p_x           0.068351   0.004423

   31 C   s            -0.000007   0.000000
          p_y          -0.144009   0.019973
          p_z          -0.067927   0.004444
          p_x          -0.072299   0.005034

   32 H   s            -0.000031   0.000000

   33 C   s            -0.000017   0.000000
          p_y          -0.144060   0.019987
          p_z          -0.067893   0.004439
          p_x          -0.072263   0.005029

   34 H   s            -0.000026   0.000000

   35 H   s             0.000018   0.000000

   36 H   s             0.000002  -0.000000

Eigenvector:  53    (up)

    1 C   s             0.000020   0.000000
          p_y           0.181550   0.028111
          p_z           0.085812   0.006280
          p_x           0.090936   0.007053

    2 C   s            -0.000012   0.000000
          p_y          -0.277643   0.064919
          p_z          -0.131250   0.014508
          p_x          -0.139141   0.016304

    3 C   s            -0.000011   0.000000
          p_y           0.181561   0.028115
          p_z           0.085871   0.006289
          p_x           0.090870   0.007042

    4 C   s             0.000006   0.000000
          p_y          -0.000020   0.000000
          p_z           0.000013   0.000000
          p_x          -0.000018   0.000000

    5 C   s            -0.000035   0.000000
          p_y           0.031108   0.000850
          p_z           0.014751   0.000191
          p_x           0.015640   0.000215

    6 H   s            -0.000017   0.000000

    7 C   s            -0.000013   0.000000
          p_y          -0.277683   0.064937
          p_z          -0.131322   0.014523
          p_x          -0.139015   0.016275

    8 C   s             0.000006   0.000000
          p_y           0.000020   0.000000
          p_z          -0.000012   0.000000
          p_x           0.000017   0.000000

    9 C   s            -0.000011   0.000000
          p_y          -0.181562   0.028115
          p_z          -0.085872   0.006289
          p_x          -0.090871   0.007043

   10 H   s             0.000017   0.000000

   11 C   s             0.000019   0.000000
          p_y           0.241353   0.050420
          p_z           0.113806   0.011211
          p_x           0.120981   0.012668

   12 C   s             0.000006   0.000000
          p_y           0.031114   0.000850
          p_z           0.014746   0.000191
          p_x           0.015568   0.000213

   13 H   s            -0.000020   0.000000

   14 H   s             0.000017   0.000000

   15 C   s             0.000020   0.000000
          p_y          -0.181549   0.028111
          p_z          -0.085812   0.006280
          p_x          -0.090935   0.007052

   16 C   s            -0.000012   0.000000
          p_y           0.277684   0.064937
          p_z           0.131322   0.014523
          p_x           0.139013   0.016275

   17 C   s             0.000000   0.000000
          p_y          -0.169712   0.025289
          p_z          -0.079990   0.005618
          p_x          -0.085143   0.006365

   18 H   s             0.000017   0.000000

   19 C   s             0.000008   0.000000
          p_y           0.241252   0.050378
          p_z           0.113902   0.011229
          p_x           0.121112   0.012696

   20 C   s            -0.000012   0.000000
          p_y           0.277644   0.064919
          p_z           0.131250   0.014508
          p_x           0.139139   0.016304

   21 C   s             0.000006   0.000000
          p_y          -0.031112   0.000850
          p_z          -0.014745   0.000191
          p_x          -0.015567   0.000213

   22 H   s            -0.000020   0.000000

   23 C   s            -0.000014   0.000000
          p_y          -0.169645   0.025269
          p_z          -0.080037   0.005625
          p_x          -0.085152   0.006366

   24 H   s            -0.000021   0.000000

   25 H   s             0.000010   0.000000

   26 H   s            -0.000017   0.000000

   27 C   s            -0.000034   0.000000
          p_y          -0.031108   0.000850
          p_z          -0.014749   0.000191
          p_x          -0.015642   0.000215

   28 C   s             0.000010   0.000000
          p_y          -0.241253   0.050378
          p_z          -0.113902   0.011229
          p_x          -0.121113   0.012696

   29 H   s            -0.000046   0.000000

   30 C   s             0.000018   0.000000
          p_y          -0.241354   0.050420
          p_z          -0.113809   0.011211
          p_x          -0.120982   0.012669

   31 C   s            -0.000015   0.000000
          p_y           0.169642   0.025268
          p_z           0.080038   0.005625
          p_x           0.085153   0.006367

   32 H   s             0.000011   0.000000

   33 C   s             0.000008   0.000000
          p_y           0.169714   0.025289
          p_z           0.080000   0.005619
          p_x           0.085134   0.006364

   34 H   s             0.000019   0.000000

   35 H   s            -0.000044   0.000000

   36 H   s            -0.000015   0.000000

Eigenvector:  54    (up)

    1 C   s             0.000016   0.000000
          p_y           0.293925   0.069118
          p_z           0.138945   0.015445
          p_x           0.147184   0.017332

    2 C   s            -0.000024   0.000000
          p_y          -0.022404   0.000405
          p_z          -0.010606   0.000091
          p_x          -0.011210   0.000101

    3 C   s            -0.000016   0.000000
          p_y          -0.293866   0.069090
          p_z          -0.138985   0.015455
          p_x          -0.147133   0.017320

    4 C   s            -0.000003   0.000000
          p_y          -0.000035   0.000000
          p_z          -0.000024   0.000000
          p_x          -0.000012   0.000000

    5 C   s            -0.000030   0.000000
          p_y          -0.267946   0.058152
          p_z          -0.126543   0.012970
          p_x          -0.134327   0.014615

    6 H   s            -0.000046   0.000000

    7 C   s            -0.000024   0.000000
          p_y           0.022398   0.000405
          p_z           0.010611   0.000091
          p_x           0.011189   0.000101

    8 C   s             0.000003   0.000000
          p_y          -0.000035   0.000000
          p_z          -0.000024   0.000000
          p_x          -0.000012   0.000000

    9 C   s             0.000016   0.000000
          p_y          -0.293866   0.069089
          p_z          -0.138984   0.015454
          p_x          -0.147132   0.017319

   10 H   s             0.000001   0.000000

   11 C   s             0.000029   0.000000
          p_y           0.022578   0.000420
          p_z           0.010670   0.000094
          p_x           0.011289   0.000105

   12 C   s             0.000034   0.000000
          p_y           0.267900   0.058131
          p_z           0.126627   0.012988
          p_x           0.134258   0.014600

   13 H   s            -0.000038   0.000000

   14 H   s            -0.000000   0.000000

   15 C   s            -0.000015   0.000000
          p_y           0.293926   0.069119
          p_z           0.138947   0.015446
          p_x           0.147183   0.017331

   16 C   s             0.000025   0.000000
          p_y           0.022396   0.000405
          p_z           0.010611   0.000091
          p_x           0.011188   0.000101

   17 C   s            -0.000014   0.000000
          p_y           0.224346   0.041500
          p_z           0.105742   0.009219
          p_x           0.112572   0.010449

   18 H   s             0.000032   0.000000

   19 C   s             0.000009  -0.000000
          p_y          -0.022502   0.000418
          p_z          -0.010642   0.000093
          p_x          -0.011285   0.000105

   20 C   s             0.000023   0.000000
          p_y          -0.022405   0.000405
          p_z          -0.010608   0.000091
          p_x          -0.011211   0.000101

   21 C   s            -0.000033   0.000000
          p_y           0.267901   0.058131
          p_z           0.126629   0.012988
          p_x           0.134257   0.014600

   22 H   s             0.000038   0.000000

   23 C   s             0.000023   0.000000
          p_y          -0.224350   0.041501
          p_z          -0.105808   0.009231
          p_x          -0.112609   0.010455

   24 H   s            -0.000013   0.000000

   25 H   s             0.000041   0.000000

   26 H   s             0.000047   0.000000

   27 C   s             0.000032   0.000000
          p_y          -0.267946   0.058152
          p_z          -0.126541   0.012969
          p_x          -0.134328   0.014615

   28 C   s            -0.000007  -0.000000
          p_y          -0.022500   0.000418
          p_z          -0.010640   0.000093
          p_x          -0.011286   0.000105

   29 H   s             0.000038   0.000000

   30 C   s            -0.000030   0.000000
          p_y           0.022577   0.000420
          p_z           0.010668   0.000094
          p_x           0.011287   0.000105

   31 C   s            -0.000024   0.000000
          p_y          -0.224354   0.041503
          p_z          -0.105810   0.009231
          p_x          -0.112608   0.010455

   32 H   s            -0.000040   0.000000

   33 C   s             0.000025   0.000000
          p_y           0.224347   0.041500
          p_z           0.105755   0.009221
          p_x           0.112561   0.010447

   34 H   s            -0.000029   0.000000

   35 H   s            -0.000035   0.000000

   36 H   s             0.000022   0.000000

Eigenvector:  55    (up)

    1 C   s            -0.000003   0.000000
          p_y          -0.181238   0.026017
          p_z          -0.085700   0.005817
          p_x          -0.090769   0.006526

    2 C   s            -0.000017   0.000000
          p_y           0.043948   0.001515
          p_z           0.020842   0.000341
          p_x           0.022034   0.000381

    3 C   s             0.000017   0.000000
          p_y          -0.181292   0.026033
          p_z          -0.085757   0.005825
          p_x          -0.090775   0.006527

    4 C   s             0.000007   0.000000
          p_y           0.306677   0.072955
          p_z           0.145024   0.016315
          p_x           0.153503   0.018278

    5 C   s             0.000055   0.000000
          p_y           0.129181   0.013336
          p_z           0.060951   0.002969
          p_x           0.064755   0.003351

    6 H   s             0.000010   0.000000

    7 C   s            -0.000029   0.000000
          p_y           0.043979   0.001518
          p_z           0.020829   0.000340
          p_x           0.021991   0.000379

    8 C   s            -0.000006   0.000000
          p_y           0.306676   0.072955
          p_z           0.145024   0.016315
          p_x           0.153502   0.018278

    9 C   s            -0.000017   0.000000
          p_y          -0.181293   0.026033
          p_z          -0.085757   0.005825
          p_x          -0.090775   0.006527

   10 H   s            -0.000013   0.000000

   11 C   s            -0.000030   0.000000
          p_y          -0.296542   0.070679
          p_z          -0.139847   0.015719
          p_x          -0.148640   0.017758

   12 C   s             0.000033   0.000000
          p_y           0.129224   0.013345
          p_z           0.061046   0.002978
          p_x           0.064744   0.003350

   13 H   s             0.000007   0.000000

   14 H   s             0.000014   0.000000

   15 C   s             0.000004   0.000000
          p_y          -0.181237   0.026017
          p_z          -0.085699   0.005817
          p_x          -0.090768   0.006526

   16 C   s             0.000029   0.000000
          p_y           0.043978   0.001518
          p_z           0.020828   0.000340
          p_x           0.021990   0.000379

   17 C   s             0.000023   0.000000
          p_y           0.162909   0.021580
          p_z           0.076806   0.004797
          p_x           0.081735   0.005432

   18 H   s             0.000004   0.000000

   19 C   s            -0.000025   0.000000
          p_y          -0.296393   0.070608
          p_z          -0.139972   0.015747
          p_x          -0.148809   0.017798

   20 C   s             0.000016   0.000000
          p_y           0.043949   0.001515
          p_z           0.020842   0.000341
          p_x           0.022034   0.000381

   21 C   s            -0.000032   0.000000
          p_y           0.129227   0.013346
          p_z           0.061048   0.002978
          p_x           0.064745   0.003350

   22 H   s            -0.000007   0.000000

   23 C   s             0.000045   0.000000
          p_y           0.162817   0.021556
          p_z           0.076835   0.004801
          p_x           0.081706   0.005428

   24 H   s             0.000042   0.000000

   25 H   s             0.000026   0.000000

   26 H   s            -0.000009   0.000000

   27 C   s            -0.000054   0.000000
          p_y           0.129180   0.013336
          p_z           0.060952   0.002969
          p_x           0.064752   0.003351

   28 C   s             0.000026   0.000000
          p_y          -0.296392   0.070607
          p_z          -0.139971   0.015747
          p_x          -0.148809   0.017798

   29 H   s             0.000073   0.000000

   30 C   s             0.000029   0.000000
          p_y          -0.296542   0.070679
          p_z          -0.139850   0.015720
          p_x          -0.148640   0.017758

   31 C   s            -0.000045   0.000000
          p_y           0.162812   0.021554
          p_z           0.076835   0.004801
          p_x           0.081705   0.005428

   32 H   s            -0.000025   0.000000

   33 C   s            -0.000015   0.000000
          p_y           0.162912   0.021581
          p_z           0.076817   0.004799
          p_x           0.081727   0.005431

   34 H   s            -0.000002  -0.000000

   35 H   s            -0.000071   0.000000

   36 H   s            -0.000035   0.000000

Eigenvector:  56    (up)

    1 C   s            -0.000002   0.000000
          p_y          -0.113214   0.009702
          p_z          -0.053534   0.002169
          p_x          -0.056681   0.002432

    2 C   s             0.000003   0.000000
          p_y          -0.129607   0.012656
          p_z          -0.061251   0.002826
          p_x          -0.064961   0.003179

    3 C   s            -0.000004   0.000000
          p_y           0.113249   0.009708
          p_z           0.053555   0.002171
          p_x           0.056693   0.002433

    4 C   s             0.000001   0.000000
          p_y           0.169423   0.021470
          p_z           0.080119   0.004801
          p_x           0.084811   0.005380

    5 C   s             0.000041   0.000000
          p_y           0.278063   0.059211
          p_z           0.131325   0.013207
          p_x           0.139372   0.014875

    6 H   s             0.000011   0.000000

    7 C   s             0.000040   0.000000
          p_y           0.129537   0.012642
          p_z           0.061224   0.002824
          p_x           0.064873   0.003171

    8 C   s             0.000001   0.000000
          p_y          -0.169427   0.021471
          p_z          -0.080121   0.004801
          p_x          -0.084813   0.005380

    9 C   s            -0.000004   0.000000
          p_y          -0.113244   0.009707
          p_z          -0.053552   0.002171
          p_x          -0.056691   0.002433

   10 H   s            -0.000005   0.000000

   11 C   s            -0.000042   0.000000
          p_y           0.054096   0.002264
          p_z           0.025482   0.000502
          p_x           0.027153   0.000570

   12 C   s            -0.000040   0.000000
          p_y          -0.277936   0.059156
          p_z          -0.131393   0.013221
          p_x          -0.139276   0.014855

   13 H   s             0.000053   0.000000

   14 H   s            -0.000005   0.000000

   15 C   s            -0.000002   0.000000
          p_y           0.113214   0.009702
          p_z           0.053535   0.002169
          p_x           0.056680   0.002432

   16 C   s             0.000040   0.000000
          p_y          -0.129540   0.012643
          p_z          -0.061225   0.002824
          p_x          -0.064874   0.003171

   17 C   s             0.000017   0.000000
          p_y          -0.310473   0.075026
          p_z          -0.146344   0.016669
          p_x          -0.155795   0.018892

   18 H   s            -0.000046   0.000000

   19 C   s            -0.000017   0.000000
          p_y          -0.054211   0.002273
          p_z          -0.025571   0.000506
          p_x          -0.027223   0.000573

   20 C   s             0.000003  -0.000000
          p_y           0.129607   0.012656
          p_z           0.061249   0.002826
          p_x           0.064959   0.003179

   21 C   s            -0.000040   0.000000
          p_y           0.277935   0.059155
          p_z           0.131394   0.013221
          p_x           0.139274   0.014854

   22 H   s             0.000053   0.000000

   23 C   s            -0.000029   0.000000
          p_y           0.310502   0.075040
          p_z           0.146449   0.016693
          p_x           0.155832   0.018900

   24 H   s            -0.000001   0.000000

   25 H   s            -0.000044   0.000000

   26 H   s             0.000012   0.000000

   27 C   s             0.000043   0.000000
          p_y          -0.278062   0.059210
          p_z          -0.131322   0.013206
          p_x          -0.139373   0.014875

   28 C   s            -0.000015   0.000000
          p_y           0.054215   0.002274
          p_z           0.025577   0.000506
          p_x           0.027223   0.000573

   29 H   s            -0.000040   0.000000

   30 C   s            -0.000043   0.000000
          p_y          -0.054096   0.002264
          p_z          -0.025485   0.000502
          p_x          -0.027155   0.000571

   31 C   s            -0.000030   0.000000
          p_y          -0.310506   0.075043
          p_z          -0.146452   0.016694
          p_x          -0.155831   0.018900

   32 H   s            -0.000043   0.000000

   33 C   s             0.000033   0.000000
          p_y           0.310473   0.075026
          p_z           0.146362   0.016673
          p_x           0.155777   0.018887

   34 H   s            -0.000042   0.000000

   35 H   s            -0.000037   0.000000

   36 H   s             0.000015   0.000000

Eigenvector:  57    (up)

    1 C   s            -0.000057   0.000000
          p_y          -0.107140   0.008572
          p_z          -0.050620   0.001913
          p_x          -0.053688   0.002153

    2 C   s             0.000085   0.000000
          p_y           0.241771   0.043222
          p_z           0.114201   0.009643
          p_x           0.121122   0.010847

    3 C   s            -0.000031   0.000000
          p_y          -0.107110   0.008567
          p_z          -0.050624   0.001914
          p_x          -0.053592   0.002145

    4 C   s             0.000020   0.000000
          p_y           0.000059   0.000000
          p_z           0.000006   0.000000
          p_x           0.000010   0.000000

    5 C   s            -0.000078   0.000000
          p_y          -0.236131   0.042125
          p_z          -0.111502   0.009394
          p_x          -0.118420   0.010595

    6 H   s             0.000012   0.000000

    7 C   s             0.000087   0.000000
          p_y           0.241807   0.043234
          p_z           0.114292   0.009659
          p_x           0.121107   0.010846

    8 C   s             0.000020   0.000000
          p_y          -0.000056   0.000000
          p_z          -0.000005   0.000000
          p_x          -0.000008   0.000000

    9 C   s            -0.000031   0.000000
          p_y           0.107110   0.008568
          p_z           0.050624   0.001914
          p_x           0.053592   0.002145

   10 H   s            -0.000024   0.000000

   11 C   s             0.000044   0.000000
          p_y           0.285585   0.061922
          p_z           0.134699   0.013775
          p_x           0.143128   0.015553

   12 C   s            -0.000077   0.000000
          p_y          -0.236245   0.042167
          p_z          -0.111650   0.009418
          p_x          -0.118348   0.010581

   13 H   s             0.000025   0.000000

   14 H   s            -0.000024   0.000000

   15 C   s            -0.000056   0.000000
          p_y           0.107135   0.008571
          p_z           0.050618   0.001913
          p_x           0.053686   0.002152

   16 C   s             0.000087   0.000000
          p_y          -0.241807   0.043234
          p_z          -0.114292   0.009659
          p_x          -0.121104   0.010845

   17 C   s            -0.000047   0.000000
          p_y          -0.134009   0.013761
          p_z          -0.063205   0.003062
          p_x          -0.067244   0.003465

   18 H   s            -0.000028   0.000000

   19 C   s             0.000035   0.000000
          p_y           0.285389   0.061837
          p_z           0.134803   0.013797
          p_x           0.143305   0.015592

   20 C   s             0.000085   0.000000
          p_y          -0.241769   0.043221
          p_z          -0.114201   0.009643
          p_x          -0.121120   0.010847

   21 C   s            -0.000076   0.000000
          p_y           0.236243   0.042166
          p_z           0.111650   0.009418
          p_x           0.118346   0.010581

   22 H   s             0.000025   0.000000

   23 C   s            -0.000066   0.000000
          p_y          -0.133856   0.013730
          p_z          -0.063182   0.003059
          p_x          -0.067157   0.003456

   24 H   s            -0.000060   0.000000

   25 H   s            -0.000055   0.000000

   26 H   s             0.000012   0.000000

   27 C   s            -0.000077   0.000000
          p_y           0.236131   0.042125
          p_z           0.111503   0.009394
          p_x           0.118418   0.010595

   28 C   s             0.000036   0.000000
          p_y          -0.285385   0.061836
          p_z          -0.134802   0.013796
          p_x          -0.143304   0.015592

   29 H   s            -0.000085   0.000000

   30 C   s             0.000043   0.000000
          p_y          -0.285583   0.061922
          p_z          -0.134700   0.013776
          p_x          -0.143127   0.015553

   31 C   s            -0.000066   0.000000
          p_y           0.133853   0.013729
          p_z           0.063182   0.003059
          p_x           0.067157   0.003456

   32 H   s            -0.000054   0.000000

   33 C   s            -0.000039   0.000000
          p_y           0.134008   0.013761
          p_z           0.063212   0.003062
          p_x           0.067236   0.003464

   34 H   s            -0.000026   0.000000

   35 H   s            -0.000084   0.000000

   36 H   s            -0.000052   0.000000

Eigenvector:  58    (up)

    1 C   s            -0.000046   0.000000
          p_y          -0.223859   0.036379
          p_z          -0.105788   0.008124
          p_x          -0.112152   0.009131

    2 C   s             0.000087   0.000000
          p_y           0.262589   0.049589
          p_z           0.124069   0.011070
          p_x           0.131558   0.012446

    3 C   s            -0.000004   0.000000
          p_y          -0.223811   0.036364
          p_z          -0.105799   0.008125
          p_x          -0.112053   0.009115

    4 C   s             0.000011   0.000000
          p_y           0.277904   0.055086
          p_z           0.131380   0.012311
          p_x           0.139095   0.013800

    5 C   s            -0.000060   0.000000
          p_y          -0.187791   0.025890
          p_z          -0.088694   0.005776
          p_x          -0.094192   0.006514

    6 H   s             0.000020   0.000000

    7 C   s             0.000073   0.000000
          p_y           0.262542   0.049570
          p_z           0.124091   0.011074
          p_x           0.131470   0.012431

    8 C   s            -0.000011   0.000000
          p_y           0.277903   0.055085
          p_z           0.131380   0.012311
          p_x           0.139094   0.013800

    9 C   s             0.000003   0.000000
          p_y          -0.223814   0.036365
          p_z          -0.105799   0.008125
          p_x          -0.112053   0.009115

   10 H   s            -0.000018   0.000000

   11 C   s             0.000035   0.000000
          p_y           0.185273   0.025333
          p_z           0.087393   0.005636
          p_x           0.092844   0.006362

   12 C   s            -0.000063   0.000000
          p_y          -0.187775   0.025886
          p_z          -0.088747   0.005782
          p_x          -0.094069   0.006496

   13 H   s             0.000038   0.000000

   14 H   s             0.000018   0.000000

   15 C   s             0.000046   0.000000
          p_y          -0.223860   0.036379
          p_z          -0.105789   0.008124
          p_x          -0.112151   0.009131

   16 C   s            -0.000073   0.000000
          p_y           0.262545   0.049571
          p_z           0.124091   0.011074
          p_x           0.131469   0.012431

   17 C   s            -0.000039   0.000000
          p_y          -0.080910   0.004870
          p_z          -0.038170   0.001084
          p_x          -0.040604   0.001226

   18 H   s            -0.000028   0.000000

   19 C   s             0.000023   0.000000
          p_y           0.185183   0.025308
          p_z           0.087476   0.005647
          p_x           0.092994   0.006382

   20 C   s            -0.000087   0.000000
          p_y           0.262593   0.049590
          p_z           0.124071   0.011070
          p_x           0.131559   0.012446

   21 C   s             0.000062   0.000000
          p_y          -0.187775   0.025886
          p_z          -0.088749   0.005783
          p_x          -0.094069   0.006496

   22 H   s            -0.000038   0.000000

   23 C   s            -0.000050   0.000000
          p_y          -0.080961   0.004876
          p_z          -0.038217   0.001087
          p_x          -0.040614   0.001227

   24 H   s            -0.000047   0.000000

   25 H   s            -0.000045   0.000000

   26 H   s            -0.000020   0.000000

   27 C   s             0.000059   0.000000
          p_y          -0.187795   0.025891
          p_z          -0.088697   0.005776
          p_x          -0.094192   0.006514

   28 C   s            -0.000024   0.000000
          p_y           0.185185   0.025309
          p_z           0.087477   0.005647
          p_x           0.092996   0.006383

   29 H   s            -0.000060   0.000000

   30 C   s            -0.000034   0.000000
          p_y           0.185274   0.025333
          p_z           0.087394   0.005637
          p_x           0.092845   0.006362

   31 C   s             0.000050   0.000000
          p_y          -0.080962   0.004876
          p_z          -0.038219   0.001087
          p_x          -0.040616   0.001227

   32 H   s             0.000045   0.000000

   33 C   s             0.000035   0.000000
          p_y          -0.080909   0.004870
          p_z          -0.038175   0.001084
          p_x          -0.040599   0.001226

   34 H   s             0.000027   0.000000

   35 H   s             0.000059   0.000000

   36 H   s             0.000042   0.000000

Eigenvector:  59    (up)

    1 C   s             0.000033   0.000000
          p_y           0.273549   0.052386
          p_z           0.129292   0.011702
          p_x           0.136997   0.013139

    2 C   s            -0.000043   0.000000
          p_y          -0.201490   0.028308
          p_z          -0.095276   0.006329
          p_x          -0.100971   0.007108

    3 C   s            -0.000023   0.000000
          p_y          -0.273579   0.052397
          p_z          -0.129406   0.011723
          p_x          -0.136989   0.013138

    4 C   s            -0.000011   0.000000
          p_y           0.000032   0.000000
          p_z           0.000002   0.000000
          p_x           0.000027   0.000000

    5 C   s             0.000015   0.000000
          p_y           0.068600   0.003353
          p_z           0.032419   0.000749
          p_x           0.034329   0.000840

    6 H   s            -0.000059   0.000000

    7 C   s             0.000011   0.000000
          p_y           0.201600   0.028338
          p_z           0.095318   0.006335
          p_x           0.100918   0.007101

    8 C   s             0.000012   0.000000
          p_y           0.000030   0.000000
          p_z           0.000001   0.000000
          p_x           0.000026   0.000000

    9 C   s             0.000022   0.000000
          p_y          -0.273581   0.052398
          p_z          -0.129406   0.011723
          p_x          -0.136989   0.013138

   10 H   s             0.000001   0.000000

   11 C   s            -0.000023   0.000000
          p_y           0.164097   0.019253
          p_z           0.077380   0.004281
          p_x           0.082267   0.004839

   12 C   s            -0.000009   0.000000
          p_y          -0.068606   0.003353
          p_z          -0.032475   0.000751
          p_x          -0.034380   0.000842

   13 H   s             0.000034   0.000000

   14 H   s             0.000000   0.000000

   15 C   s            -0.000034   0.000000
          p_y           0.273551   0.052387
          p_z           0.129294   0.011703
          p_x           0.136997   0.013139

   16 C   s            -0.000012   0.000000
          p_y           0.201599   0.028338
          p_z           0.095317   0.006335
          p_x           0.100916   0.007101

   17 C   s             0.000008   0.000000
          p_y          -0.303482   0.066269
          p_z          -0.143065   0.014727
          p_x          -0.152308   0.016691

   18 H   s            -0.000049   0.000000

   19 C   s            -0.000023   0.000000
          p_y          -0.164003   0.019231
          p_z          -0.077419   0.004286
          p_x          -0.082347   0.004848

   20 C   s             0.000044   0.000000
          p_y          -0.201491   0.028308
          p_z          -0.095274   0.006329
          p_x          -0.100969   0.007108

   21 C   s             0.000008   0.000000
          p_y          -0.068601   0.003353
          p_z          -0.032473   0.000751
          p_x          -0.034377   0.000842

   22 H   s            -0.000034   0.000000

   23 C   s            -0.000013   0.000000
          p_y           0.303460   0.066259
          p_z           0.143146   0.014744
          p_x           0.152255   0.016679

   24 H   s            -0.000038   0.000000

   25 H   s            -0.000001   0.000000

   26 H   s             0.000058   0.000000

   27 C   s            -0.000018   0.000000
          p_y           0.068597   0.003352
          p_z           0.032415   0.000749
          p_x           0.034330   0.000840

   28 C   s             0.000021   0.000000
          p_y          -0.164006   0.019232
          p_z          -0.077425   0.004286
          p_x          -0.082346   0.004848

   29 H   s            -0.000014   0.000000

   30 C   s             0.000024   0.000000
          p_y           0.164096   0.019253
          p_z           0.077383   0.004282
          p_x           0.082269   0.004839

   31 C   s             0.000014   0.000000
          p_y           0.303462   0.066260
          p_z           0.143147   0.014744
          p_x           0.152253   0.016679

   32 H   s            -0.000001  -0.000000

   33 C   s            -0.000026   0.000000
          p_y          -0.303480   0.066268
          p_z          -0.143084   0.014731
          p_x          -0.152288   0.016687

   34 H   s             0.000044   0.000000

   35 H   s             0.000010   0.000000

   36 H   s             0.000017   0.000000

Eigenvector:  60    (up)

    1 C   s            -0.000031   0.000000
          p_y          -0.262651   0.044873
          p_z          -0.124175   0.010030
          p_x          -0.131511   0.011250

    2 C   s             0.000030   0.000000
          p_y           0.037245   0.000899
          p_z           0.017674   0.000203
          p_x           0.018677   0.000226

    3 C   s            -0.000008   0.000000
          p_y           0.262623   0.044863
          p_z           0.124227   0.010039
          p_x           0.131517   0.011251

    4 C   s            -0.000012   0.000000
          p_y           0.248152   0.039440
          p_z           0.117346   0.008819
          p_x           0.124210   0.009881

    5 C   s             0.000045   0.000000
          p_y           0.182424   0.021818
          p_z           0.086115   0.004862
          p_x           0.091548   0.005495

    6 H   s             0.000075   0.000000

    7 C   s             0.000069   0.000000
          p_y          -0.037280   0.000901
          p_z          -0.017670   0.000202
          p_x          -0.018604   0.000224

    8 C   s            -0.000012   0.000000
          p_y          -0.248153   0.039440
          p_z          -0.117346   0.008819
          p_x          -0.124209   0.009881

    9 C   s            -0.000008   0.000000
          p_y          -0.262622   0.044863
          p_z          -0.124225   0.010038
          p_x          -0.131515   0.011251

   10 H   s            -0.000035   0.000000

   11 C   s            -0.000029   0.000000
          p_y          -0.233095   0.035949
          p_z          -0.109968   0.008001
          p_x          -0.116794   0.009025

   12 C   s            -0.000057   0.000000
          p_y          -0.182472   0.021829
          p_z          -0.086201   0.004872
          p_x          -0.091395   0.005476

   13 H   s             0.000009   0.000000

   14 H   s            -0.000036   0.000000

   15 C   s            -0.000032   0.000000
          p_y           0.262649   0.044873
          p_z           0.124175   0.010030
          p_x           0.131510   0.011250

   16 C   s             0.000068   0.000000
          p_y           0.037278   0.000901
          p_z           0.017670   0.000202
          p_x           0.018603   0.000224

   17 C   s             0.000009   0.000000
          p_y           0.263495   0.046321
          p_z           0.124237   0.010298
          p_x           0.132282   0.011674

   18 H   s             0.000054   0.000000

   19 C   s             0.000024   0.000000
          p_y           0.232984   0.035915
          p_z           0.110014   0.008008
          p_x           0.117015   0.009059

   20 C   s             0.000030   0.000000
          p_y          -0.037244   0.000899
          p_z          -0.017672   0.000202
          p_x          -0.018676   0.000226

   21 C   s            -0.000058   0.000000
          p_y           0.182474   0.021829
          p_z           0.086202   0.004872
          p_x           0.091395   0.005476

   22 H   s             0.000009   0.000000

   23 C   s            -0.000015   0.000000
          p_y          -0.263527   0.046332
          p_z          -0.124324   0.010312
          p_x          -0.132157   0.011652

   24 H   s             0.000084   0.000000

   25 H   s            -0.000074   0.000000

   26 H   s             0.000073   0.000000

   27 C   s             0.000042   0.000000
          p_y          -0.182427   0.021819
          p_z          -0.086119   0.004862
          p_x          -0.091545   0.005494

   28 C   s             0.000021   0.000000
          p_y          -0.232984   0.035915
          p_z          -0.110018   0.008009
          p_x          -0.117013   0.009059

   29 H   s            -0.000025   0.000000

   30 C   s            -0.000029   0.000000
          p_y           0.233093   0.035948
          p_z           0.109969   0.008002
          p_x           0.116796   0.009026

   31 C   s            -0.000014   0.000000
          p_y           0.263527   0.046332
          p_z           0.124322   0.010312
          p_x           0.132154   0.011652

   32 H   s            -0.000077   0.000000

   33 C   s            -0.000009   0.000000
          p_y          -0.263492   0.046320
          p_z          -0.124255   0.010301
          p_x          -0.132261   0.011670

   34 H   s             0.000048   0.000000

   35 H   s            -0.000031   0.000000

   36 H   s             0.000060   0.000000

Eigenvector:  61    (up)

    1 C   s            -0.000067   0.000000
          p_y          -0.148202   0.013458
          p_z          -0.070030   0.003005
          p_x          -0.074308   0.003384

    2 C   s             0.000076   0.000000
          p_y           0.202878   0.024969
          p_z           0.095863   0.005575
          p_x           0.101595   0.006261

    3 C   s             0.000044   0.000000
          p_y           0.148257   0.013468
          p_z           0.070091   0.003010
          p_x           0.074178   0.003371

    4 C   s             0.000041   0.000000
          p_y           0.000020   0.000000
          p_z           0.000003   0.000000
          p_x          -0.000052   0.000000

    5 C   s            -0.000116   0.000000
          p_y          -0.333443   0.068781
          p_z          -0.157445   0.015335
          p_x          -0.167291   0.017313

    6 H   s            -0.000036   0.000000

    7 C   s            -0.000147   0.000000
          p_y          -0.202891   0.024972
          p_z          -0.095831   0.005571
          p_x          -0.101668   0.006271

    8 C   s            -0.000041   0.000000
          p_y           0.000019   0.000000
          p_z           0.000003   0.000000
          p_x          -0.000053   0.000000

    9 C   s            -0.000044   0.000000
          p_y           0.148255   0.013468
          p_z           0.070091   0.003010
          p_x           0.074177   0.003371

   10 H   s            -0.000040   0.000000

   11 C   s             0.000088   0.000000
          p_y           0.238770   0.035439
          p_z           0.112692   0.007894
          p_x           0.119569   0.008887

   12 C   s             0.000116   0.000000
          p_y           0.333522   0.068813
          p_z           0.157617   0.015370
          p_x           0.167025   0.017257

   13 H   s            -0.000049   0.000000

   14 H   s             0.000039   0.000000

   15 C   s             0.000066   0.000000
          p_y          -0.148201   0.013457
          p_z          -0.070030   0.003005
          p_x          -0.074306   0.003383

   16 C   s             0.000148   0.000000
          p_y          -0.202891   0.024972
          p_z          -0.095831   0.005571
          p_x          -0.101665   0.006271

   17 C   s            -0.000028   0.000000
          p_y          -0.206970   0.026910
          p_z          -0.097609   0.005986
          p_x          -0.103960   0.006789

   18 H   s            -0.000066   0.000000

   19 C   s            -0.000015   0.000000
          p_y          -0.238624   0.035396
          p_z          -0.112706   0.007896
          p_x          -0.119899   0.008936

   20 C   s            -0.000075   0.000000
          p_y           0.202877   0.024969
          p_z           0.095864   0.005575
          p_x           0.101594   0.006261

   21 C   s            -0.000117   0.000000
          p_y           0.333521   0.068812
          p_z           0.157618   0.015370
          p_x           0.167024   0.017257

   22 H   s             0.000050   0.000000

   23 C   s             0.000037   0.000000
          p_y           0.207045   0.026929
          p_z           0.097680   0.005994
          p_x           0.103766   0.006764

   24 H   s            -0.000123   0.000000

   25 H   s             0.000148   0.000000

   26 H   s             0.000035   0.000000

   27 C   s             0.000113   0.000000
          p_y          -0.333443   0.068781
          p_z          -0.157447   0.015335
          p_x          -0.167286   0.017312

   28 C   s             0.000012   0.000000
          p_y          -0.238622   0.035396
          p_z          -0.112709   0.007896
          p_x          -0.119896   0.008936

   29 H   s             0.000061   0.000000

   30 C   s            -0.000089   0.000000
          p_y           0.238766   0.035438
          p_z           0.112692   0.007895
          p_x           0.119571   0.008887

   31 C   s            -0.000037   0.000000
          p_y           0.207044   0.026929
          p_z           0.097677   0.005994
          p_x           0.103763   0.006764

   32 H   s            -0.000151   0.000000

   33 C   s             0.000011   0.000000
          p_y          -0.206968   0.026909
          p_z          -0.097625   0.005988
          p_x          -0.103942   0.006787

   34 H   s             0.000059   0.000000

   35 H   s            -0.000067   0.000000

   36 H   s             0.000099   0.000000

Eigenvector:  62    (up)

    1 C   s            -0.000100   0.000000
          p_y          -0.309572   0.057000
          p_z          -0.146287   0.012727
          p_x          -0.155087   0.014306

    2 C   s             0.000104   0.000000
          p_y           0.225640   0.029934
          p_z           0.106655   0.006688
          p_x           0.113013   0.007508

    3 C   s             0.000012   0.000000
          p_y           0.309580   0.057003
          p_z           0.146379   0.012744
          p_x           0.155013   0.014292

    4 C   s            -0.000033   0.000000
          p_y           0.240337   0.033710
          p_z           0.113577   0.007528
          p_x           0.120282   0.008444

    5 C   s            -0.000105   0.000000
          p_y          -0.263050   0.041535
          p_z          -0.124206   0.009260
          p_x          -0.131966   0.010454

    6 H   s             0.000014   0.000000

    7 C   s            -0.000112   0.000000
          p_y          -0.225690   0.029947
          p_z          -0.106586   0.006679
          p_x          -0.113035   0.007513

    8 C   s            -0.000034   0.000000
          p_y          -0.240337   0.033710
          p_z          -0.113576   0.007528
          p_x          -0.120282   0.008444

    9 C   s             0.000011   0.000000
          p_y          -0.309581   0.057004
          p_z          -0.146378   0.012744
          p_x          -0.155014   0.014292

   10 H   s            -0.000071   0.000000

   11 C   s             0.000080   0.000000
          p_y           0.158234   0.015072
          p_z           0.074698   0.003359
          p_x           0.079213   0.003777

   12 C   s             0.000091   0.000000
          p_y           0.263106   0.041552
          p_z           0.124348   0.009282
          p_x           0.131762   0.010421

   13 H   s            -0.000067   0.000000

   14 H   s            -0.000071   0.000000

   15 C   s            -0.000099   0.000000
          p_y           0.309574   0.057001
          p_z           0.146288   0.012728
          p_x           0.155086   0.014306

   16 C   s            -0.000113   0.000000
          p_y           0.225693   0.029947
          p_z           0.106587   0.006679
          p_x           0.113033   0.007512

   17 C   s            -0.000026   0.000000
          p_y          -0.122686   0.009169
          p_z          -0.057867   0.002040
          p_x          -0.061649   0.002315

   18 H   s            -0.000049   0.000000

   19 C   s            -0.000000   0.000000
          p_y          -0.158126   0.015052
          p_z          -0.074687   0.003358
          p_x          -0.079472   0.003802

   20 C   s             0.000103   0.000000
          p_y          -0.225642   0.029935
          p_z          -0.106657   0.006688
          p_x          -0.113013   0.007508

   21 C   s             0.000091   0.000000
          p_y          -0.263108   0.041553
          p_z          -0.124350   0.009283
          p_x          -0.131763   0.010421

   22 H   s            -0.000069   0.000000

   23 C   s             0.000030   0.000000
          p_y           0.122750   0.009178
          p_z           0.057909   0.002043
          p_x           0.061494   0.002304

   24 H   s            -0.000097   0.000000

   25 H   s             0.000125   0.000000

   26 H   s             0.000014   0.000000

   27 C   s            -0.000103   0.000000
          p_y           0.263053   0.041536
          p_z           0.124209   0.009261
          p_x           0.131964   0.010454

   28 C   s             0.000002  -0.000000
          p_y           0.158127   0.015052
          p_z           0.074690   0.003358
          p_x           0.079471   0.003802

   29 H   s             0.000050   0.000000

   30 C   s             0.000081   0.000000
          p_y          -0.158234   0.015072
          p_z          -0.074699   0.003359
          p_x          -0.079216   0.003777

   31 C   s             0.000030   0.000000
          p_y          -0.122751   0.009179
          p_z          -0.057908   0.002043
          p_x          -0.061494   0.002304

   32 H   s             0.000127   0.000000

   33 C   s            -0.000015   0.000000
          p_y           0.122686   0.009169
          p_z           0.057878   0.002041
          p_x           0.061637   0.002314

   34 H   s            -0.000044   0.000000

   35 H   s             0.000054   0.000000

   36 H   s            -0.000081   0.000000

Eigenvector:  63    (up)

    1 C   s            -0.053674   0.001177
          p_y          -0.153793   0.012137
          p_z           0.055272   0.001532
          p_x           0.254836   0.033482

    2 C   s             0.057379   0.000331
          p_y          -0.137305   0.008631
          p_z           0.022844   0.000226
          p_x           0.252563   0.029336

    3 C   s             0.053702   0.001178
          p_y          -0.149346   0.011508
          p_z           0.040284   0.000864
          p_x           0.260239   0.034778

    4 C   s             0.079134   0.000805
          p_y          -0.173962   0.013764
          p_z           0.054937   0.001373
          p_x           0.295701   0.039769

    5 C   s            -0.018449   0.000163
          p_y          -0.106813   0.005874
          p_z           0.043256   0.000914
          p_x           0.172027   0.015419

    6 H   s             0.327931   0.045246

    7 C   s            -0.057456   0.000332
          p_y          -0.150503   0.010424
          p_z           0.067877   0.002154
          p_x           0.236449   0.025617

    8 C   s            -0.079143   0.000805
          p_y          -0.173950   0.013762
          p_z           0.054924   0.001372
          p_x           0.295688   0.039765

    9 C   s            -0.053681   0.001178
          p_y          -0.149338   0.011507
          p_z           0.040277   0.000864
          p_x           0.260229   0.034776

   10 H   s             0.401558   0.067681

   11 C   s             0.015554  -0.000045
          p_y          -0.068386   0.002211
          p_z          -0.013711   0.000095
          p_x           0.149552   0.010636

   12 C   s             0.018484   0.000164
          p_y          -0.100342   0.005257
          p_z           0.021984   0.000279
          p_x           0.179754   0.016665

   13 H   s            -0.327976   0.045259

   14 H   s            -0.401547   0.067678

   15 C   s             0.053689   0.001178
          p_y          -0.153783   0.012136
          p_z           0.055279   0.001532
          p_x           0.254814   0.033476

   16 C   s             0.057448   0.000332
          p_y          -0.150500   0.010424
          p_z           0.067882   0.002154
          p_x           0.236447   0.025616

   17 C   s             0.023635   0.000091
          p_y          -0.044132   0.000984
          p_z          -0.000513  -0.000001
          p_x           0.088228   0.003745

   18 H   s             0.174164   0.012873

   19 C   s            -0.015577  -0.000045
          p_y          -0.091380   0.003974
          p_z           0.063943   0.001967
          p_x           0.121610   0.006999

   20 C   s            -0.057373   0.000331
          p_y          -0.137265   0.008626
          p_z           0.022821   0.000226
          p_x           0.252506   0.029322

   21 C   s            -0.018437   0.000163
          p_y          -0.100334   0.005256
          p_z           0.021996   0.000279
          p_x           0.179723   0.016660

   22 H   s             0.327965   0.045256

   23 C   s            -0.023622   0.000090
          p_y          -0.053217   0.001353
          p_z           0.031135   0.000405
          p_x           0.076998   0.002969

   24 H   s             0.086319   0.003281

   25 H   s            -0.174169   0.012874

   26 H   s            -0.327858   0.045226

   27 C   s             0.018495   0.000164
          p_y          -0.106790   0.005871
          p_z           0.043285   0.000915
          p_x           0.171960   0.015407

   28 C   s             0.015613  -0.000045
          p_y          -0.091399   0.003976
          p_z           0.063991   0.001970
          p_x           0.121609   0.006999

   29 H   s            -0.086310   0.003280

   30 C   s            -0.015508  -0.000045
          p_y          -0.068333   0.002207
          p_z          -0.013695   0.000095
          p_x           0.149423   0.010617

   31 C   s             0.023691   0.000091
          p_y          -0.053252   0.001355
          p_z           0.031226   0.000407
          p_x           0.076974   0.002967

   32 H   s             0.174211   0.012880

   33 C   s            -0.023470   0.000089
          p_y          -0.044114   0.000983
          p_z          -0.000336  -0.000001
          p_x           0.088050   0.003730

   34 H   s            -0.173993   0.012847

   35 H   s             0.086458   0.003291

   36 H   s            -0.085982   0.003255

Eigenvector:  64    (up)

    1 C   s             0.049629   0.000934
          p_y           0.061228   0.001921
          p_z           0.013381   0.000029
          p_x          -0.134891   0.008730

    2 C   s            -0.115478   0.002588
          p_y           0.154903   0.010446
          p_z          -0.076491   0.002640
          p_x          -0.237041   0.024194

    3 C   s            -0.049468   0.000929
          p_y           0.082380   0.003229
          p_z          -0.058723   0.001438
          p_x          -0.109087   0.006020

    4 C   s             0.000069   0.000000
          p_y           0.016852   0.000130
          p_z          -0.057975   0.001539
          p_x           0.021086   0.000204

    5 C   s             0.064934   0.001722
          p_y           0.129588   0.008297
          p_z          -0.023461   0.000274
          p_x          -0.236126   0.027528

    6 H   s            -0.355599   0.051772

    7 C   s             0.115380   0.002581
          p_y           0.137088   0.008077
          p_z          -0.015689   0.000085
          p_x          -0.258955   0.029148

    8 C   s            -0.000006   0.000000
          p_y          -0.016882   0.000130
          p_z           0.057812   0.001530
          p_x          -0.020873   0.000200

    9 C   s            -0.049385   0.000927
          p_y          -0.082456   0.003235
          p_z           0.058755   0.001439
          p_x           0.109208   0.006033

   10 H   s             0.000344   0.000000

   11 C   s            -0.084314   0.001009
          p_y           0.132657   0.007891
          p_z          -0.013452   0.000091
          p_x          -0.252205   0.028353

   12 C   s            -0.064882   0.001720
          p_y           0.140548   0.009752
          p_z          -0.061648   0.001871
          p_x          -0.222596   0.024479

   13 H   s             0.355640   0.051781

   14 H   s             0.000133   0.000000

   15 C   s             0.049801   0.000940
          p_y          -0.061281   0.001924
          p_z          -0.013336   0.000029
          p_x           0.134957   0.008738

   16 C   s             0.115511   0.002584
          p_y          -0.137319   0.008105
          p_z           0.015679   0.000084
          p_x           0.259433   0.029262

   17 C   s            -0.030194   0.000045
          p_y           0.072424   0.002480
          p_z           0.021384   0.000171
          p_x          -0.164195   0.012421

   18 H   s            -0.332738   0.045722

   19 C   s             0.084364   0.001010
          p_y           0.151338   0.010201
          p_z          -0.075930   0.002520
          p_x          -0.229751   0.023645

   20 C   s            -0.115416   0.002588
          p_y          -0.154674   0.010413
          p_z           0.076286   0.002624
          p_x           0.236779   0.024138

   21 C   s            -0.064383   0.001699
          p_y          -0.140707   0.009774
          p_z           0.061927   0.001887
          p_x           0.222649   0.024494

   22 H   s             0.356179   0.051938

   23 C   s             0.030292   0.000045
          p_y           0.100714   0.004659
          p_z          -0.075961   0.002535
          p_x          -0.129544   0.007894

   24 H   s            -0.152572   0.009745

   25 H   s             0.332875   0.045760

   26 H   s            -0.355248   0.051670

   27 C   s             0.065454   0.001743
          p_y          -0.129583   0.008295
          p_z           0.023742   0.000280
          p_x           0.235860   0.027466

   28 C   s             0.084955   0.001024
          p_y          -0.151950   0.010286
          p_z           0.076602   0.002566
          p_x           0.230341   0.023770

   29 H   s             0.152800   0.009775

   30 C   s            -0.083689   0.000995
          p_y          -0.132264   0.007843
          p_z           0.013759   0.000095
          p_x           0.251120   0.028103

   31 C   s             0.031307   0.000052
          p_y          -0.101358   0.004719
          p_z           0.077325   0.002629
          p_x           0.129532   0.007893

   32 H   s             0.334148   0.046118

   33 C   s            -0.028988   0.000037
          p_y          -0.072483   0.002484
          p_z          -0.019988   0.000147
          p_x           0.163039   0.012248

   34 H   s            -0.331283   0.045315

   35 H   s             0.154986   0.010062

   36 H   s            -0.150027   0.009417

Eigenvector:  65    (up)

    1 C   s             0.062354   0.001033
          p_y          -0.006192   0.000031
          p_z          -0.000769  -0.000001
          p_x           0.013043   0.000106

    2 C   s             0.009490  -0.000065
          p_y          -0.068681   0.002295
          p_z           0.028942   0.000467
          p_x           0.109854   0.005661

    3 C   s             0.062535   0.001040
          p_y           0.007611   0.000035
          p_z          -0.004909   0.000005
          p_x          -0.010569   0.000087

    4 C   s            -0.027986   0.000373
          p_y          -0.042046   0.000862
          p_z           0.014775   0.000107
          p_x           0.070055   0.002389

    5 C   s             0.123232   0.003451
          p_y          -0.003692   0.000017
          p_z          -0.052046   0.001058
          p_x           0.056204   0.001600

    6 H   s             0.121156   0.005883

    7 C   s             0.008889  -0.000062
          p_y           0.063335   0.001871
          p_z          -0.012885   0.000049
          p_x          -0.114269   0.006326

    8 C   s            -0.027747   0.000368
          p_y           0.041419   0.000834
          p_z          -0.011868   0.000068
          p_x          -0.071549   0.002493

    9 C   s             0.060757   0.000987
          p_y          -0.007200   0.000032
          p_z           0.004655   0.000005
          p_x           0.009985   0.000078

   10 H   s             0.054331   0.001108

   11 C   s             0.128993   0.001970
          p_y          -0.080607   0.003064
          p_z          -0.082066   0.003129
          p_x           0.238236   0.026637

   12 C   s             0.123608   0.003480
          p_y           0.037107   0.000681
          p_z          -0.064745   0.001782
          p_x          -0.013122   0.000141

   13 H   s             0.119368   0.005709

   14 H   s             0.054958   0.001135

   15 C   s             0.060302   0.000969
          p_y           0.006207   0.000031
          p_z           0.000584  -0.000001
          p_x          -0.012900   0.000104

   16 C   s             0.007153  -0.000050
          p_y          -0.060324   0.001701
          p_z           0.013540   0.000059
          p_x           0.107640   0.005615

   17 C   s             0.233433   0.008854
          p_y           0.019783   0.000168
          p_z          -0.269525   0.032902
          p_x           0.213585   0.020870

   18 H   s             0.305100   0.039644

   19 C   s             0.128462   0.001952
          p_y           0.149220   0.010450
          p_z          -0.154230   0.011115
          p_x          -0.152066   0.010896

   20 C   s             0.007942  -0.000054
          p_y           0.064772   0.002041
          p_z          -0.025956   0.000376
          p_x          -0.104863   0.005165

   21 C   s             0.116198   0.003083
          p_y          -0.034764   0.000598
          p_z           0.060521   0.001558
          p_x           0.012427   0.000126

   22 H   s             0.112206   0.005040

   23 C   s             0.233282   0.008849
          p_y           0.148938   0.010134
          p_z          -0.309762   0.043566
          p_x          -0.005588   0.000019

   24 H   s             0.497337   0.106484

   25 H   s             0.303121   0.039140

   26 H   s             0.114466   0.005247

   27 C   s             0.115784   0.003054
          p_y           0.003569   0.000016
          p_z           0.048439   0.000916
          p_x          -0.052588   0.001403

   28 C   s             0.119441   0.001672
          p_y          -0.139775   0.009172
          p_z           0.144526   0.009764
          p_x           0.142372   0.009553

   29 H   s             0.496427   0.106102

   30 C   s             0.119818   0.001687
          p_y           0.075188   0.002666
          p_z           0.077170   0.002770
          p_x          -0.222770   0.023299

   31 C   s             0.218083   0.007742
          p_y          -0.139169   0.008847
          p_z           0.289284   0.037989
          p_x           0.005404   0.000018

   32 H   s             0.283299   0.034182

   33 C   s             0.217698   0.007700
          p_y          -0.018526   0.000147
          p_z           0.251091   0.028553
          p_x          -0.198900   0.018101

   34 H   s             0.284589   0.034487

   35 H   s             0.463847   0.092632

   36 H   s             0.463665   0.092560

Eigenvector:  66    (up)

    1 C   s             0.026656   0.000164
          p_y          -0.002203   0.000005
          p_z          -0.000936  -0.000002
          p_x           0.005278   0.000012

    2 C   s             0.024782  -0.000007
          p_y          -0.057321   0.001600
          p_z           0.043082   0.001011
          p_x           0.073812   0.002479

    3 C   s             0.026482   0.000161
          p_y           0.003533   0.000005
          p_z          -0.002942  -0.000003
          p_x          -0.004305   0.000016

    4 C   s             0.001054   0.000001
          p_y          -0.011899   0.000075
          p_z           0.044689   0.001057
          p_x          -0.018433   0.000178

    5 C   s             0.106574   0.002473
          p_y          -0.001183   0.000004
          p_z          -0.050299   0.000990
          p_x           0.049594   0.001211

    6 H   s             0.099822   0.004047

    7 C   s             0.025397  -0.000004
          p_y           0.041815   0.000782
          p_z           0.012018   0.000107
          p_x          -0.094805   0.004332

    8 C   s             0.000846   0.000000
          p_y          -0.014892   0.000116
          p_z           0.045909   0.001113
          p_x          -0.013605   0.000100

    9 C   s            -0.031037   0.000228
          p_y           0.003602   0.000005
          p_z          -0.002966  -0.000003
          p_x          -0.004421   0.000017

   10 H   s            -0.001617   0.000001

   11 C   s             0.131690   0.002305
          p_y          -0.075799   0.002695
          p_z          -0.071829   0.002371
          p_x           0.218984   0.022357

   12 C   s             0.106177   0.002447
          p_y           0.034517   0.000573
          p_z          -0.061650   0.001596
          p_x          -0.010868   0.000095

   13 H   s             0.101550   0.004188

   14 H   s            -0.002210   0.000002

   15 C   s            -0.030589   0.000219
          p_y          -0.002966   0.000008
          p_z          -0.001017  -0.000002
          p_x           0.006878   0.000022

   16 C   s            -0.025299  -0.000020
          p_y           0.045359   0.000925
          p_z           0.011201   0.000096
          p_x          -0.101107   0.004936

   17 C   s             0.219706   0.007741
          p_y           0.020093   0.000178
          p_z          -0.258337   0.030280
          p_x           0.202475   0.018712

   18 H   s             0.289892   0.035828

   19 C   s             0.132254   0.002327
          p_y           0.138549   0.008942
          p_z          -0.139384   0.008997
          p_x          -0.144784   0.009815

   20 C   s            -0.026107  -0.000016
          p_y          -0.062749   0.001913
          p_z           0.045331   0.001119
          p_x           0.082527   0.003104

   21 C   s            -0.114747   0.002876
          p_y           0.036267   0.000633
          p_z          -0.065622   0.001808
          p_x          -0.010632   0.000095

   22 H   s            -0.107649   0.004701

   23 C   s             0.219882   0.007749
          p_y           0.142562   0.009269
          p_z          -0.297032   0.040085
          p_x          -0.004849   0.000013

   24 H   s             0.470962   0.095310

   25 H   s             0.291827   0.036299

   26 H   s            -0.109915   0.004901

   27 C   s            -0.114322   0.002847
          p_y          -0.002074   0.000007
          p_z          -0.053520   0.001120
          p_x           0.054409   0.001460

   28 C   s            -0.140271   0.002597
          p_y           0.147733   0.010173
          p_z          -0.149173   0.010312
          p_x          -0.153850   0.011090

   29 H   s             0.471830   0.095656

   30 C   s            -0.140642   0.002615
          p_y          -0.081725   0.003132
          p_z          -0.077265   0.002746
          p_x           0.235896   0.025945

   31 C   s            -0.235182   0.008881
          p_y           0.151923   0.010525
          p_z          -0.317128   0.045687
          p_x          -0.004644   0.000012

   32 H   s            -0.310303   0.041042

   33 C   s            -0.234741   0.008830
          p_y           0.021126   0.000196
          p_z          -0.275692   0.034480
          p_x           0.216831   0.021463

   34 H   s            -0.311532   0.041360

   35 H   s            -0.503861   0.109091

   36 H   s            -0.503574   0.108968

Eigenvector:  67    (up)

    1 C   s            -0.098756   0.003505
          p_y          -0.085173   0.003227
          p_z           0.041876   0.000553
          p_x           0.130568   0.008251

    2 C   s             0.001729   0.000003
          p_y           0.021666   0.000206
          p_z          -0.053597   0.001229
          p_x           0.007216   0.000019

    3 C   s             0.098821   0.003509
          p_y          -0.075453   0.002796
          p_z           0.008672   0.000090
          p_x           0.142455   0.009145

    4 C   s             0.219434   0.010773
          p_y          -0.167424   0.011279
          p_z           0.052766   0.001120
          p_x           0.284645   0.032604

    5 C   s             0.060980   0.001407
          p_y           0.073728   0.002699
          p_z           0.009370  -0.000011
          p_x          -0.155702   0.011189

    6 H   s            -0.011848   0.000055

    7 C   s            -0.001921   0.000003
          p_y          -0.008477   0.000028
          p_z           0.049314   0.001032
          p_x          -0.029552   0.000386

    8 C   s            -0.219453   0.010779
          p_y          -0.167270   0.011257
          p_z           0.052686   0.001116
          p_x           0.284414   0.032548

    9 C   s            -0.098588   0.003495
          p_y          -0.075399   0.002792
          p_z           0.008646   0.000090
          p_x           0.142374   0.009135

   10 H   s             0.445208   0.078877

   11 C   s            -0.159831   0.004887
          p_y           0.163264   0.011368
          p_z          -0.053680   0.001353
          p_x          -0.275335   0.031732

   12 C   s            -0.060982   0.001407
          p_y           0.094569   0.004087
          p_z          -0.062393   0.001497
          p_x          -0.130130   0.008294

   13 H   s             0.011686   0.000054

   14 H   s            -0.444979   0.078797

   15 C   s             0.098840   0.003509
          p_y          -0.085098   0.003220
          p_z           0.041865   0.000552
          p_x           0.130430   0.008233

   16 C   s             0.001817   0.000003
          p_y          -0.008527   0.000029
          p_z           0.049345   0.001034
          p_x          -0.029484   0.000384

   17 C   s            -0.022029  -0.000087
          p_y           0.077108   0.002614
          p_z           0.050655   0.001150
          p_x          -0.201086   0.017854

   18 H   s            -0.407043   0.066616

   19 C   s             0.159854   0.004888
          p_y           0.162119   0.010968
          p_z          -0.048675   0.000875
          p_x          -0.276948   0.032613

   20 C   s            -0.001516   0.000002
          p_y           0.021957   0.000211
          p_z          -0.053672   0.001233
          p_x           0.006707   0.000016

   21 C   s             0.061263   0.001418
          p_y           0.094579   0.004088
          p_z          -0.062312   0.001493
          p_x          -0.130225   0.008305

   22 H   s            -0.011694   0.000054

   23 C   s             0.022045  -0.000087
          p_y           0.125183   0.006922
          p_z          -0.114313   0.005803
          p_x          -0.142198   0.008897

   24 H   s            -0.179989   0.012894

   25 H   s             0.407071   0.066626

   26 H   s             0.012502   0.000061

   27 C   s            -0.060856   0.001403
          p_y           0.073798   0.002705
          p_z           0.009397  -0.000011
          p_x          -0.155873   0.011214

   28 C   s            -0.159712   0.004883
          p_y           0.161898   0.010936
          p_z          -0.048471   0.000867
          p_x          -0.276705   0.032553

   29 H   s             0.180048   0.012903

   30 C   s             0.160036   0.004898
          p_y           0.163404   0.011387
          p_z          -0.053508   0.001344
          p_x          -0.275764   0.031835

   31 C   s            -0.021670  -0.000087
          p_y           0.124972   0.006900
          p_z          -0.113849   0.005756
          p_x          -0.142201   0.008898

   32 H   s            -0.406664   0.066492

   33 C   s             0.022131  -0.000088
          p_y           0.077069   0.002611
          p_z           0.050791   0.001156
          p_x          -0.201179   0.017872

   34 H   s             0.407537   0.066779

   35 H   s            -0.179328   0.012798

   36 H   s             0.180308   0.012942

Eigenvector:  68    (up)

    1 C   s            -0.175023   0.006097
          p_y          -0.006543   0.000030
          p_z           0.057014   0.002048
          p_x          -0.040554   0.001002

    2 C   s            -0.035999  -0.000178
          p_y           0.086984   0.003051
          p_z           0.115435   0.007032
          p_x          -0.282581   0.036030

    3 C   s            -0.174959   0.006090
          p_y          -0.028977   0.000514
          p_z           0.063928   0.002557
          p_x          -0.002641   0.000006

    4 C   s            -0.274170   0.012067
          p_y           0.270044   0.030594
          p_z          -0.085294   0.003052
          p_x          -0.458995   0.088387

    5 C   s            -0.055313   0.000915
          p_y          -0.014943   0.000120
          p_z           0.062206   0.002387
          p_x          -0.028581   0.000572

    6 H   s            -0.244065   0.022601

    7 C   s            -0.036191  -0.000177
          p_y          -0.179363   0.014638
          p_z           0.199464   0.019494
          p_x           0.169987   0.012027

    8 C   s            -0.274272   0.012078
          p_y          -0.270089   0.030603
          p_z           0.085240   0.003048
          p_x           0.459138   0.088442

    9 C   s            -0.174964   0.006092
          p_y           0.028960   0.000513
          p_z          -0.063949   0.002559
          p_x           0.002696   0.000007

   10 H   s            -0.624112   0.151909

   11 C   s             0.168143   0.007108
          p_y          -0.042918   0.000750
          p_z           0.082049   0.003342
          p_x           0.008326  -0.000029

   12 C   s            -0.055303   0.000915
          p_y          -0.022050   0.000331
          p_z           0.064315   0.002606
          p_x          -0.016804   0.000139

   13 H   s            -0.244315   0.022649

   14 H   s            -0.624298   0.151999

   15 C   s            -0.174959   0.006092
          p_y           0.006529   0.000030
          p_z          -0.057033   0.002050
          p_x           0.040601   0.001004

   16 C   s            -0.036129  -0.000177
          p_y           0.179317   0.014631
          p_z          -0.199458   0.019494
          p_x          -0.169904   0.012015

   17 C   s             0.033934   0.000032
          p_y           0.006856   0.000035
          p_z          -0.056376   0.001615
          p_x           0.039323   0.000654

   18 H   s             0.145555   0.009049

   19 C   s             0.168317   0.007121
          p_y          -0.001092   0.000006
          p_z           0.068919   0.002541
          p_x          -0.062622   0.001527

   20 C   s            -0.035875  -0.000178
          p_y          -0.086878   0.003043
          p_z          -0.115502   0.007040
          p_x           0.282438   0.035995

   21 C   s            -0.055196   0.000912
          p_y           0.022080   0.000332
          p_z          -0.064305   0.002606
          p_x           0.016738   0.000138

   22 H   s            -0.244199   0.022627

   23 C   s             0.033962   0.000032
          p_y           0.028186   0.000346
          p_z          -0.063178   0.001954
          p_x           0.003225   0.000015

   24 H   s             0.079792   0.002620

   25 H   s             0.145976   0.009099

   26 H   s            -0.243828   0.022557

   27 C   s            -0.055305   0.000915
          p_y           0.014979   0.000121
          p_z          -0.062193   0.002386
          p_x           0.028494   0.000569

   28 C   s             0.168279   0.007117
          p_y           0.001084   0.000006
          p_z          -0.068875   0.002538
          p_x           0.062595   0.001526

   29 H   s             0.079998   0.002633

   30 C   s             0.168265   0.007117
          p_y           0.043014   0.000754
          p_z          -0.082017   0.003339
          p_x          -0.008542  -0.000029

   31 C   s             0.034061   0.000033
          p_y          -0.028199   0.000347
          p_z           0.063260   0.001959
          p_x          -0.003274   0.000015

   32 H   s             0.145935   0.009094

   33 C   s             0.033921   0.000032
          p_y          -0.006845   0.000035
          p_z           0.056391   0.001616
          p_x          -0.039377   0.000656

   34 H   s             0.145831   0.009082

   35 H   s             0.080128   0.002642

   36 H   s             0.079862   0.002625

Eigenvector:  69    (up)

    1 C   s             0.073280   0.000655
          p_y          -0.031002   0.000547
          p_z           0.090834   0.005084
          p_x          -0.023747   0.000417

    2 C   s             0.353901   0.026281
          p_y          -0.188468   0.014081
          p_z           0.062224   0.001492
          p_x           0.317329   0.040126

    3 C   s             0.073555   0.000664
          p_y          -0.021520   0.000323
          p_z           0.087744   0.004832
          p_x          -0.039892   0.000880

    4 C   s            -0.000223   0.000000
          p_y          -0.058639   0.001717
          p_z           0.200097   0.019985
          p_x          -0.071902   0.002579

    5 C   s             0.063132   0.000649
          p_y           0.021615   0.000337
          p_z          -0.080414   0.004487
          p_x           0.032484   0.000695

    6 H   s             0.539283   0.115270

    7 C   s             0.353302   0.026190
          p_y           0.186070   0.013809
          p_z          -0.055845   0.001283
          p_x          -0.319068   0.040393

    8 C   s            -0.000001   0.000000
          p_y          -0.058718   0.001721
          p_z           0.200093   0.019985
          p_x          -0.071739   0.002569

    9 C   s            -0.073410   0.000659
          p_y          -0.021402   0.000320
          p_z           0.087661   0.004824
          p_x          -0.040045   0.000886

   10 H   s            -0.000281   0.000000

   11 C   s            -0.175329   0.007704
          p_y           0.048705   0.000977
          p_z          -0.096927   0.004754
          p_x          -0.005892  -0.000036

   12 C   s             0.063166   0.000650
          p_y           0.025897   0.000447
          p_z          -0.081682   0.004595
          p_x           0.025553   0.000478

   13 H   s             0.538264   0.114837

   14 H   s            -0.000013   0.000000

   15 C   s            -0.073452   0.000661
          p_y          -0.030885   0.000543
          p_z           0.090743   0.005074
          p_x          -0.023900   0.000421

   16 C   s            -0.353501   0.026221
          p_y           0.186232   0.013833
          p_z          -0.055979   0.001290
          p_x          -0.319275   0.040444

   17 C   s            -0.037648   0.000077
          p_y          -0.002113   0.000006
          p_z           0.045246   0.001058
          p_x          -0.038318   0.000621

   18 H   s            -0.160589   0.010922

   19 C   s            -0.174864   0.007668
          p_y           0.004196   0.000032
          p_z          -0.082891   0.003739
          p_x           0.069541   0.001894

   20 C   s            -0.353508   0.026221
          p_y          -0.188222   0.014044
          p_z           0.062104   0.001486
          p_x           0.316958   0.040035

   21 C   s            -0.063067   0.000647
          p_y           0.025902   0.000447
          p_z          -0.081664   0.004594
          p_x           0.025532   0.000478

   22 H   s            -0.538635   0.114994

   23 C   s            -0.037628   0.000077
          p_y          -0.026282   0.000301
          p_z           0.052633   0.001367
          p_x           0.002907  -0.000005

   24 H   s            -0.072752   0.002184

   25 H   s            -0.159655   0.010800

   26 H   s            -0.538631   0.114993

   27 C   s            -0.063146   0.000650
          p_y           0.021638   0.000337
          p_z          -0.080443   0.004488
          p_x           0.032463   0.000694

   28 C   s             0.175103   0.007686
          p_y           0.004000   0.000030
          p_z          -0.082839   0.003735
          p_x           0.069880   0.001914

   29 H   s            -0.072338   0.002160

   30 C   s             0.175231   0.007697
          p_y           0.048596   0.000973
          p_z          -0.096829   0.004744
          p_x          -0.005759  -0.000036

   31 C   s             0.037736   0.000078
          p_y          -0.026459   0.000305
          p_z           0.052876   0.001379
          p_x           0.003035  -0.000005

   32 H   s             0.160159   0.010866

   33 C   s             0.037602   0.000076
          p_y          -0.002195   0.000006
          p_z           0.045152   0.001054
          p_x          -0.038084   0.000613

   34 H   s             0.160350   0.010891

   35 H   s             0.072685   0.002181

   36 H   s             0.072549   0.002173

Eigenvector:  70    (up)

    1 C   s             0.132485   0.005932
          p_y           0.083777   0.003349
          p_z          -0.032081   0.000682
          p_x          -0.137155   0.008206

    2 C   s            -0.245782   0.013625
          p_y           0.143701   0.007966
          p_z          -0.030646   0.000383
          p_x          -0.257671   0.025448

    3 C   s            -0.133210   0.005998
          p_y           0.081139   0.002844
          p_z          -0.022992   0.000105
          p_x          -0.140227   0.009207

    4 C   s             0.006873   0.000011
          p_y           0.004846   0.000006
          p_z          -0.022458   0.000142
          p_x           0.011597   0.000041

    5 C   s             0.025452   0.000227
          p_y           0.001633  -0.000005
          p_z          -0.009572  -0.000077
          p_x           0.005581  -0.000006

    6 H   s            -0.414744   0.066969

    7 C   s             0.235120   0.012490
          p_y           0.148370   0.008435
          p_z          -0.062810   0.001484
          p_x          -0.237217   0.021662

    8 C   s             0.006646   0.000010
          p_y          -0.005035   0.000007
          p_z           0.022668   0.000146
          p_x          -0.011420   0.000040

    9 C   s            -0.133329   0.006006
          p_y          -0.081194   0.002849
          p_z           0.023088   0.000107
          p_x           0.140246   0.009209

   10 H   s             0.007807   0.000025

   11 C   s             0.181922   0.006547
          p_y          -0.147701   0.008912
          p_z           0.069760   0.002149
          p_x           0.229103   0.020945

   12 C   s            -0.027291   0.000251
          p_y          -0.004659  -0.000004
          p_z           0.012116  -0.000075
          p_x          -0.001851  -0.000008

   13 H   s             0.399278   0.062020

   14 H   s             0.007420   0.000022

   15 C   s             0.132477   0.005933
          p_y          -0.083836   0.003353
          p_z           0.032165   0.000685
          p_x           0.137194   0.008210

   16 C   s             0.234581   0.012433
          p_y          -0.148107   0.008404
          p_z           0.062682   0.001477
          p_x           0.236816   0.021590

   17 C   s             0.012517  -0.000087
          p_y          -0.063516   0.001652
          p_z          -0.070678   0.002272
          p_x           0.192874   0.015810

   18 H   s             0.367740   0.053078

   19 C   s            -0.177737   0.006209
          p_y          -0.133104   0.007060
          p_z           0.020531   0.000121
          p_x           0.245706   0.024584

   20 C   s            -0.246070   0.013657
          p_y          -0.143764   0.007972
          p_z           0.030588   0.000381
          p_x           0.257854   0.025485

   21 C   s            -0.027155   0.000248
          p_y           0.004763  -0.000004
          p_z          -0.012251  -0.000074
          p_x           0.001773  -0.000007

   22 H   s             0.398512   0.061780

   23 C   s            -0.011525  -0.000081
          p_y          -0.121044   0.006246
          p_z           0.127522   0.007137
          p_x           0.121466   0.006107

   24 H   s             0.171419   0.011176

   25 H   s            -0.363952   0.051948

   26 H   s            -0.415076   0.067078

   27 C   s             0.025341   0.000225
          p_y          -0.001519  -0.000005
          p_z           0.009423  -0.000077
          p_x          -0.005671  -0.000006

   28 C   s            -0.177444   0.006189
          p_y           0.133032   0.007053
          p_z          -0.020585   0.000122
          p_x          -0.245514   0.024544

   29 H   s            -0.169485   0.010916

   30 C   s             0.182484   0.006591
          p_y           0.147962   0.008943
          p_z          -0.069862   0.002156
          p_x          -0.229517   0.021019

   31 C   s            -0.011222  -0.000080
          p_y           0.120932   0.006235
          p_z          -0.127215   0.007103
          p_x          -0.121519   0.006114

   32 H   s            -0.363595   0.051843

   33 C   s             0.012468  -0.000088
          p_y           0.063512   0.001651
          p_z           0.070684   0.002274
          p_x          -0.192910   0.015817

   34 H   s             0.368534   0.053309

   35 H   s            -0.169020   0.010854

   36 H   s             0.171497   0.011187

Eigenvector:  71    (up)

    1 C   s            -0.022856   0.000180
          p_y           0.030768   0.000688
          p_z          -0.103193   0.007450
          p_x           0.035830   0.000840

    2 C   s            -0.323670   0.022759
          p_y           0.164410   0.010742
          p_z          -0.095685   0.004118
          p_x          -0.237731   0.021333

    3 C   s            -0.018359   0.000117
          p_y           0.026880   0.000499
          p_z          -0.101992   0.007262
          p_x           0.042699   0.001289

    4 C   s             0.408224   0.039124
          p_y          -0.117346   0.004883
          p_z           0.037443   0.000496
          p_x           0.199116   0.014065

    5 C   s            -0.055974   0.000461
          p_y          -0.012003   0.000123
          p_z           0.052084   0.002028
          p_x          -0.025028   0.000403

    6 H   s            -0.466219   0.086248

    7 C   s            -0.331786   0.023937
          p_y          -0.140978   0.007430
          p_z           0.001116  -0.000006
          p_x           0.280643   0.031052

    8 C   s             0.408158   0.039111
          p_y           0.117292   0.004878
          p_z          -0.037387   0.000495
          p_x          -0.199064   0.014057

    9 C   s            -0.018391   0.000117
          p_y          -0.026894   0.000500
          p_z           0.102018   0.007266
          p_x          -0.042693   0.001289

   10 H   s             0.465934   0.087441

   11 C   s             0.124521   0.003924
          p_y          -0.031147   0.000398
          p_z           0.069107   0.002450
          p_x          -0.002936   0.000023

   12 C   s            -0.055041   0.000436
          p_y          -0.019062   0.000244
          p_z           0.053911   0.002152
          p_x          -0.012948   0.000157

   13 H   s            -0.479993   0.091366

   14 H   s             0.465822   0.087399

   15 C   s            -0.022857   0.000180
          p_y          -0.030786   0.000688
          p_z           0.103215   0.007453
          p_x          -0.035818   0.000840

   16 C   s            -0.331935   0.023959
          p_y           0.141047   0.007438
          p_z          -0.001153  -0.000006
          p_x          -0.280755   0.031076

   17 C   s             0.029714   0.000060
          p_y           0.002699   0.000007
          p_z          -0.035746   0.000642
          p_x           0.028221   0.000335

   18 H   s             0.109110   0.005054

   19 C   s             0.130548   0.004269
          p_y          -0.002614   0.000015
          p_z           0.060902   0.002047
          p_x          -0.052025   0.001051

   20 C   s            -0.323744   0.022770
          p_y          -0.164422   0.010743
          p_z           0.095668   0.004117
          p_x           0.237776   0.021342

   21 C   s            -0.055000   0.000435
          p_y           0.019092   0.000245
          p_z          -0.053947   0.002155
          p_x           0.012926   0.000157

   22 H   s            -0.480204   0.091446

   23 C   s             0.030123   0.000054
          p_y           0.023838   0.000245
          p_z          -0.045429   0.000988
          p_x          -0.004806   0.000000

   24 H   s             0.055901   0.001280

   25 H   s             0.121347   0.006203

   26 H   s            -0.466301   0.086278

   27 C   s            -0.056006   0.000462
          p_y           0.012034   0.000124
          p_z          -0.052126   0.002031
          p_x           0.025002   0.000403

   28 C   s             0.130629   0.004273
          p_y           0.002593   0.000015
          p_z          -0.060916   0.002048
          p_x           0.052079   0.001054

   29 H   s             0.061625   0.001545

   30 C   s             0.124678   0.003933
          p_y           0.031220   0.000400
          p_z          -0.069133   0.002451
          p_x           0.002820   0.000022

   31 C   s             0.030208   0.000055
          p_y          -0.023870   0.000245
          p_z           0.045515   0.000991
          p_x           0.004792   0.000000

   32 H   s             0.121446   0.006213

   33 C   s             0.029698   0.000060
          p_y          -0.002701   0.000007
          p_z           0.035745   0.000642
          p_x          -0.028228   0.000335

   34 H   s             0.109331   0.005074

   35 H   s             0.061756   0.001552

   36 H   s             0.055917   0.001281

Eigenvector:  72    (up)

    1 C   s            -0.019955   0.000130
          p_y           0.001586   0.000008
          p_z          -0.035463   0.001105
          p_x           0.030204   0.000571

    2 C   s            -0.276529   0.016671
          p_y           0.153084   0.008737
          p_z          -0.049086   0.000841
          p_x          -0.259043   0.025302

    3 C   s             0.020024   0.000131
          p_y          -0.020949   0.000289
          p_z           0.041553   0.001408
          p_x           0.002658  -0.000012

    4 C   s             0.303834   0.019882
          p_y          -0.166727   0.010393
          p_z           0.052725   0.001040
          p_x           0.283282   0.030002

    5 C   s             0.085972   0.002463
          p_y           0.031448   0.000328
          p_z           0.003630   0.000047
          p_x          -0.066286   0.002190

    6 H   s            -0.431832   0.071335

    7 C   s             0.277025   0.016730
          p_y           0.152599   0.008797
          p_z          -0.047362   0.000904
          p_x          -0.260235   0.025294

    8 C   s            -0.303808   0.019878
          p_y          -0.166758   0.010398
          p_z           0.052731   0.001040
          p_x           0.283338   0.030015

    9 C   s            -0.019987   0.000130
          p_y          -0.020917   0.000289
          p_z           0.041562   0.001408
          p_x           0.002587  -0.000011

   10 H   s             0.472505   0.085247

   11 C   s             0.118343   0.002646
          p_y          -0.089067   0.003155
          p_z           0.045322   0.000846
          p_x           0.135092   0.007176

   12 C   s            -0.085898   0.002460
          p_y           0.040384   0.000847
          p_z          -0.026420   0.000605
          p_x          -0.055454   0.001120

   13 H   s             0.432573   0.071580

   14 H   s            -0.472547   0.085262

   15 C   s             0.019860   0.000129
          p_y           0.001616   0.000008
          p_z          -0.035462   0.001105
          p_x           0.030143   0.000569

   16 C   s            -0.277036   0.016729
          p_y           0.152656   0.008804
          p_z          -0.047324   0.000902
          p_x          -0.260390   0.025327

   17 C   s             0.007506  -0.000037
          p_y          -0.037863   0.000561
          p_z          -0.058063   0.001502
          p_x           0.129951   0.006992

   18 H   s             0.220217   0.018707

   19 C   s            -0.118680   0.002664
          p_y          -0.078075   0.002391
          p_z           0.007086   0.000014
          p_x           0.148793   0.008789

   20 C   s             0.276710   0.016695
          p_y           0.153094   0.008737
          p_z          -0.049025   0.000838
          p_x          -0.259124   0.025317

   21 C   s             0.085796   0.002455
          p_y           0.040342   0.000846
          p_z          -0.026352   0.000602
          p_x          -0.055436   0.001119

   22 H   s            -0.432707   0.071623

   23 C   s            -0.007519  -0.000037
          p_y          -0.082844   0.002853
          p_z           0.096020   0.003972
          p_x           0.074895   0.002230

   24 H   s             0.117548   0.005098

   25 H   s            -0.220539   0.018763

   26 H   s             0.432007   0.071394

   27 C   s            -0.085974   0.002462
          p_y           0.031396   0.000327
          p_z           0.003738   0.000048
          p_x          -0.066282   0.002190

   28 C   s             0.118651   0.002663
          p_y          -0.078056   0.002390
          p_z           0.007102   0.000014
          p_x           0.148743   0.008783

   29 H   s            -0.117553   0.005098

   30 C   s            -0.118754   0.002666
          p_y          -0.089307   0.003171
          p_z           0.045407   0.000849
          p_x           0.135484   0.007217

   31 C   s             0.007346  -0.000036
          p_y          -0.082860   0.002855
          p_z           0.095961   0.003968
          p_x           0.074975   0.002235

   32 H   s             0.220488   0.018754

   33 C   s            -0.007360  -0.000036
          p_y          -0.037889   0.000562
          p_z          -0.057965   0.001498
          p_x           0.129935   0.006991

   34 H   s            -0.220866   0.018817

   35 H   s             0.117418   0.005086

   36 H   s            -0.117445   0.005089

Eigenvector:  73    (up)

    1 C   s             0.009088   0.000019
          p_y          -0.045744   0.000980
          p_z           0.165422   0.012613
          p_x          -0.064713   0.001888

    2 C   s             0.002319  -0.000007
          p_y          -0.115080   0.005722
          p_z           0.241775   0.026205
          p_x           0.001538  -0.000005

    3 C   s             0.009174   0.000020
          p_y          -0.051885   0.001220
          p_z           0.167268   0.012859
          p_x          -0.054450   0.001398

    4 C   s            -0.000242   0.000000
          p_y          -0.060440   0.001620
          p_z           0.205382   0.018710
          p_x          -0.073272   0.002382

    5 C   s             0.023888  -0.000025
          p_y          -0.051192   0.001285
          p_z           0.217175   0.023192
          p_x          -0.102302   0.005160

    6 H   s             0.070975   0.001711

    7 C   s             0.002340  -0.000007
          p_y          -0.017719   0.000181
          p_z           0.211072   0.020245
          p_x          -0.163783   0.011491

    8 C   s            -0.000286   0.000000
          p_y          -0.060058   0.001600
          p_z           0.205262   0.018688
          p_x          -0.073922   0.002424

    9 C   s            -0.008889   0.000018
          p_y          -0.051845   0.001219
          p_z           0.166962   0.012812
          p_x          -0.054237   0.001386

   10 H   s             0.000183   0.000000

   11 C   s             0.289108   0.018589
          p_y          -0.189261   0.013827
          p_z           0.200932   0.016909
          p_x           0.188367   0.012528

   12 C   s             0.023828  -0.000026
          p_y          -0.078552   0.003040
          p_z           0.225591   0.025036
          p_x          -0.056279   0.001551

   13 H   s             0.071031   0.001714

   14 H   s             0.000144   0.000000

   15 C   s            -0.008657   0.000017
          p_y          -0.045670   0.000976
          p_z           0.165108   0.012565
          p_x          -0.064566   0.001881

   16 C   s            -0.002727  -0.000007
          p_y          -0.017985   0.000185
          p_z           0.210543   0.020142
          p_x          -0.162757   0.011347

   17 C   s            -0.074369   0.001270
          p_y          -0.010628  -0.000002
          p_z           0.172221   0.010399
          p_x          -0.140584   0.008032

   18 H   s             0.399336   0.060111

   19 C   s             0.289097   0.018588
          p_y           0.098286   0.003311
          p_z           0.110496   0.005589
          p_x          -0.299643   0.034355

   20 C   s            -0.002841  -0.000008
          p_y          -0.114513   0.005665
          p_z           0.241002   0.026038
          p_x           0.001137  -0.000004

   21 C   s            -0.023352  -0.000027
          p_y          -0.078198   0.003013
          p_z           0.224645   0.024825
          p_x          -0.056094   0.001540

   22 H   s            -0.070536   0.001691

   23 C   s            -0.074430   0.001272
          p_y          -0.098058   0.003835
          p_z           0.199675   0.014523
          p_x           0.007629   0.000073

   24 H   s            -0.232088   0.019395

   25 H   s             0.399316   0.060104

   26 H   s            -0.070716   0.001700

   27 C   s            -0.023730  -0.000025
          p_y          -0.050886   0.001270
          p_z           0.216124   0.022964
          p_x          -0.101927   0.005122

   28 C   s            -0.288054   0.018462
          p_y           0.097721   0.003272
          p_z           0.110136   0.005552
          p_x          -0.298183   0.034016

   29 H   s            -0.232134   0.019403

   30 C   s            -0.287354   0.018365
          p_y          -0.188073   0.013655
          p_z           0.200062   0.016766
          p_x           0.186829   0.012319

   31 C   s             0.074507   0.001276
          p_y          -0.097655   0.003803
          p_z           0.198942   0.014415
          p_x           0.007524   0.000071

   32 H   s            -0.397528   0.059570

   33 C   s             0.073588   0.001242
          p_y          -0.010551  -0.000002
          p_z           0.171049   0.010258
          p_x          -0.139687   0.007932

   34 H   s            -0.396644   0.059306

   35 H   s             0.231466   0.019294

   36 H   s             0.230486   0.019126

Eigenvector:  74    (up)

    1 C   s             0.074053   0.001625
          p_y          -0.024406   0.000340
          p_z           0.071906   0.002450
          p_x          -0.019140   0.000083

    2 C   s            -0.087598   0.002501
          p_y          -0.128212   0.007102
          p_z           0.165144   0.012174
          p_x           0.100099   0.004105

    3 C   s             0.074229   0.001633
          p_y          -0.017214   0.000091
          p_z           0.069661   0.002185
          p_x          -0.031468   0.000600

    4 C   s            -0.113918   0.003940
          p_y          -0.080952   0.002800
          p_z           0.025026   0.000267
          p_x           0.138065   0.008145

    5 C   s             0.056439   0.000526
          p_y          -0.051718   0.001383
          p_z           0.208011   0.021488
          p_x          -0.092695   0.004072

    6 H   s             0.084664   0.002163

    7 C   s            -0.087483   0.002496
          p_y           0.047661   0.000908
          p_z           0.109699   0.005511
          p_x          -0.198623   0.016971

    8 C   s            -0.114072   0.003949
          p_y           0.081211   0.002818
          p_z          -0.026124   0.000292
          p_x          -0.137546   0.008084

    9 C   s             0.074270   0.001634
          p_y           0.017513   0.000095
          p_z          -0.070577   0.002242
          p_x           0.031735   0.000608

   10 H   s             0.067637   0.001299

   11 C   s             0.258740   0.014269
          p_y          -0.203384   0.015960
          p_z           0.186828   0.014332
          p_x           0.229840   0.019381

   12 C   s             0.056332   0.000523
          p_y          -0.072040   0.002485
          p_z           0.214225   0.022635
          p_x          -0.058562   0.001811

   13 H   s             0.084811   0.002171

   14 H   s             0.067432   0.001290

   15 C   s             0.074075   0.001626
          p_y           0.024690   0.000347
          p_z          -0.072874   0.002515
          p_x           0.019487   0.000088

   16 C   s            -0.087538   0.002499
          p_y          -0.047457   0.000900
          p_z          -0.110836   0.005625
          p_x           0.199290   0.017085

   17 C   s            -0.082830   0.001408
          p_y          -0.014922   0.000030
          p_z           0.205818   0.015301
          p_x          -0.163605   0.010779

   18 H   s             0.413476   0.063442

   19 C   s             0.258745   0.014270
          p_y           0.124398   0.005599
          p_z           0.083740   0.003172
          p_x          -0.326474   0.040891

   20 C   s            -0.087399   0.002493
          p_y           0.128868   0.007174
          p_z          -0.166443   0.012366
          p_x          -0.100184   0.004110

   21 C   s             0.056208   0.000518
          p_y           0.072454   0.002514
          p_z          -0.215510   0.022906
          p_x           0.058951   0.001834

   22 H   s             0.084957   0.002179

   23 C   s            -0.082919   0.001411
          p_y          -0.114541   0.005208
          p_z           0.237117   0.020868
          p_x           0.005262   0.000041

   24 H   s            -0.267898   0.025736

   25 H   s             0.413460   0.063436

   26 H   s             0.085239   0.002195

   27 C   s             0.056667   0.000530
          p_y           0.051925   0.001394
          p_z          -0.209058   0.021700
          p_x           0.093273   0.004123

   28 C   s             0.260510   0.014475
          p_y          -0.124923   0.005645
          p_z          -0.084371   0.003219
          p_x           0.328118   0.041297

   29 H   s            -0.267980   0.025752

   30 C   s             0.259582   0.014361
          p_y           0.204071   0.016070
          p_z          -0.187885   0.014498
          p_x          -0.230231   0.019443

   31 C   s            -0.083890   0.001447
          p_y           0.115207   0.005267
          p_z          -0.238600   0.021126
          p_x          -0.005203   0.000041

   32 H   s             0.415746   0.064144

   33 C   s            -0.082690   0.001400
          p_y           0.014964   0.000030
          p_z          -0.206421   0.015391
          p_x           0.164144   0.010854

   34 H   s             0.414618   0.063795

   35 H   s            -0.269898   0.026126

   36 H   s            -0.268611   0.025871

Eigenvector:  75    (up)

    1 C   s             0.021654   0.000092
          p_y           0.030252   0.000426
          p_z          -0.005560   0.000021
          p_x          -0.055132   0.001357

    2 C   s             0.052722   0.000904
          p_y           0.023482   0.000290
          p_z          -0.042097   0.000934
          p_x          -0.007243   0.000027

    3 C   s            -0.021663   0.000092
          p_y           0.032799   0.000477
          p_z          -0.014377   0.000077
          p_x          -0.051964   0.001249

    4 C   s             0.045469   0.000467
          p_y          -0.009881   0.000035
          p_z           0.004775   0.000016
          p_x           0.015216   0.000059

    5 C   s            -0.282779   0.023703
          p_y          -0.054239   0.001285
          p_z           0.116618   0.006190
          p_x          -0.001445   0.000004

    6 H   s             0.003531   0.000006

    7 C   s            -0.052650   0.000902
          p_y           0.001202   0.000001
          p_z           0.034260   0.000619
          p_x          -0.034657   0.000632

    8 C   s            -0.045474   0.000467
          p_y          -0.008745   0.000018
          p_z           0.001014  -0.000002
          p_x           0.016517   0.000093

    9 C   s            -0.043501   0.000547
          p_y          -0.013462   0.000081
          p_z           0.016563   0.000131
          p_x           0.011248   0.000051

   10 H   s             0.037263   0.000511

   11 C   s             0.394025   0.041575
          p_y          -0.084447   0.001715
          p_z           0.037009   0.000171
          p_x           0.133409   0.004810

   12 C   s             0.282730   0.023695
          p_y           0.009799   0.000056
          p_z          -0.102590   0.004862
          p_x           0.076979   0.002562

   13 H   s            -0.003401   0.000006

   14 H   s            -0.037221   0.000510

   15 C   s             0.043513   0.000547
          p_y          -0.005470   0.000012
          p_z          -0.010687   0.000057
          p_x           0.021016   0.000196

   16 C   s            -0.003125   0.000001
          p_y           0.005442   0.000014
          p_z          -0.011245   0.000065
          p_x          -0.000262  -0.000000

   17 C   s            -0.573977   0.081232
          p_y          -0.010789   0.000081
          p_z           0.396138   0.053531
          p_x          -0.350668   0.039243

   18 H   s             0.347332   0.043687

   19 C   s            -0.393908   0.041552
          p_y          -0.077582   0.001658
          p_z           0.013954   0.000118
          p_x           0.141605   0.004909

   20 C   s             0.003128   0.000001
          p_y          -0.000649   0.000000
          p_z           0.009625   0.000050
          p_x          -0.007780   0.000027

   21 C   s             0.033324   0.000321
          p_y           0.004014   0.000007
          p_z           0.006683   0.000019
          p_x          -0.014291   0.000089

   22 H   s            -0.005264   0.000010

   23 C   s             0.573922   0.081217
          p_y           0.241882   0.018831
          p_z          -0.468738   0.073695
          p_x          -0.041478   0.000306

   24 H   s            -0.735042   0.192294

   25 H   s            -0.347194   0.043653

   26 H   s             0.005305   0.000010

   27 C   s            -0.033343   0.000321
          p_y           0.009164   0.000037
          p_z          -0.010972   0.000052
          p_x          -0.007961   0.000028

   28 C   s            -0.031882   0.000284
          p_y           0.005688   0.000008
          p_z          -0.001544   0.000001
          p_x          -0.009892   0.000021

   29 H   s             0.734963   0.192253

   30 C   s             0.031938   0.000285
          p_y           0.005896   0.000007
          p_z          -0.002229   0.000000
          p_x          -0.009648   0.000022

   31 C   s             0.052667   0.000671
          p_y          -0.025076   0.000207
          p_z           0.047663   0.000777
          p_x           0.005170   0.000006

   32 H   s            -0.027185   0.000267

   33 C   s            -0.052697   0.000672
          p_y           0.000556   0.000000
          p_z          -0.040064   0.000559
          p_x           0.036547   0.000436

   34 H   s             0.027218   0.000267

   35 H   s             0.071768   0.001827

   36 H   s            -0.071917   0.001834

Eigenvector:  76    (up)

    1 C   s            -0.040419   0.000488
          p_y           0.000070   0.000000
          p_z          -0.011369   0.000068
          p_x           0.010604   0.000049

    2 C   s             0.007310   0.000022
          p_y           0.003906   0.000007
          p_z           0.002105   0.000002
          p_x          -0.009795   0.000044

    3 C   s             0.040107   0.000480
          p_y          -0.007612   0.000026
          p_z           0.014735   0.000107
          p_x           0.001283  -0.000000

    4 C   s             0.055289   0.000691
          p_y          -0.010871   0.000030
          p_z           0.002617  -0.000002
          p_x           0.019248   0.000121

    5 C   s            -0.020430   0.000129
          p_y          -0.001091   0.000001
          p_z           0.011325   0.000061
          p_x          -0.008469   0.000035

    6 H   s            -0.004812   0.000008

    7 C   s            -0.006674   0.000019
          p_y           0.005446   0.000014
          p_z          -0.004422   0.000010
          p_x          -0.006693   0.000020

    8 C   s            -0.054899   0.000680
          p_y          -0.012064   0.000050
          p_z           0.005837   0.000020
          p_x           0.018576   0.000092

    9 C   s             0.013661   0.000026
          p_y           0.030627   0.000416
          p_z          -0.010636   0.000038
          p_x          -0.051158   0.001217

   10 H   s             0.044961   0.000744

   11 C   s             0.043018   0.000480
          p_y          -0.009972   0.000026
          p_z           0.004914   0.000004
          p_x           0.015247   0.000067

   12 C   s             0.020125   0.000125
          p_y           0.005942   0.000017
          p_z          -0.012724   0.000077
          p_x           0.000124   0.000000

   13 H   s             0.004510   0.000007

   14 H   s            -0.045168   0.000750

   15 C   s            -0.013728   0.000026
          p_y           0.029547   0.000409
          p_z          -0.006815   0.000030
          p_x          -0.052539   0.001233

   16 C   s             0.053221   0.000926
          p_y           0.001947   0.000002
          p_z           0.033643   0.000595
          p_x          -0.035565   0.000661

   17 C   s            -0.056260   0.000795
          p_y          -0.001496   0.000001
          p_z           0.034915   0.000406
          p_x          -0.029820   0.000276

   18 H   s             0.038455   0.000537

   19 C   s            -0.043048   0.000479
          p_y          -0.009347   0.000026
          p_z           0.001309   0.000001
          p_x           0.017408   0.000081

   20 C   s            -0.053493   0.000935
          p_y           0.023520   0.000291
          p_z          -0.040266   0.000857
          p_x          -0.009044   0.000042

   21 C   s            -0.281681   0.023531
          p_y           0.010548   0.000063
          p_z          -0.102401   0.004848
          p_x           0.075314   0.002452

   22 H   s             0.002656   0.000004

   23 C   s             0.056479   0.000800
          p_y           0.020980   0.000138
          p_z          -0.041568   0.000566
          p_x          -0.002741   0.000001

   24 H   s            -0.067410   0.001624

   25 H   s            -0.039222   0.000558

   26 H   s            -0.002881   0.000004

   27 C   s             0.281986   0.023579
          p_y          -0.053649   0.001256
          p_z           0.117489   0.006283
          p_x          -0.003451   0.000012

   28 C   s             0.394766   0.041703
          p_y          -0.078074   0.001683
          p_z           0.014524   0.000127
          p_x           0.142041   0.004943

   29 H   s             0.068073   0.001655

   30 C   s            -0.395224   0.041805
          p_y          -0.084777   0.001731
          p_z           0.038093   0.000192
          p_x           0.133084   0.004777

   31 C   s            -0.574168   0.081309
          p_y           0.241518   0.018766
          p_z          -0.467768   0.073344
          p_x          -0.041624   0.000311

   32 H   s             0.348118   0.043880

   33 C   s             0.574320   0.081328
          p_y          -0.010961   0.000083
          p_z           0.396097   0.053501
          p_x          -0.350434   0.039176

   34 H   s            -0.347928   0.043840

   35 H   s            -0.734198   0.191840

   36 H   s             0.735311   0.192415

Eigenvector:  77    (up)

    1 C   s            -0.037898   0.000412
          p_y          -0.110431   0.005043
          p_z           0.376259   0.060241
          p_x          -0.134518   0.008057

    2 C   s             0.135462   0.005142
          p_y           0.030409   0.000327
          p_z           0.217696   0.019634
          p_x          -0.266145   0.028365

    3 C   s            -0.037673   0.000408
          p_y          -0.110292   0.005353
          p_z           0.376007   0.060507
          p_x          -0.134936   0.007434

    4 C   s            -0.000049   0.000000
          p_y          -0.102109   0.004281
          p_z           0.347958   0.049716
          p_x          -0.124733   0.006389

    5 C   s            -0.068325   0.001193
          p_y          -0.042532   0.000633
          p_z           0.125847   0.006264
          p_x          -0.033531   0.000575

    6 H   s            -0.084538   0.001866

    7 C   s             0.135357   0.005134
          p_y          -0.177264   0.012624
          p_z           0.283032   0.032822
          p_x           0.086767   0.002839

    8 C   s            -0.000071   0.000000
          p_y          -0.102031   0.004274
          p_z           0.347900   0.049696
          p_x          -0.124836   0.006399

    9 C   s             0.037545   0.000405
          p_y          -0.110382   0.005362
          p_z           0.376001   0.060506
          p_x          -0.134748   0.007412

   10 H   s            -0.000011   0.000000

   11 C   s             0.010972   0.000100
          p_y           0.122822   0.005377
          p_z           0.045682   0.001107
          p_x          -0.288021   0.031728

   12 C   s            -0.068532   0.001201
          p_y          -0.029857   0.000422
          p_z           0.121786   0.006031
          p_x          -0.055250   0.001020

   13 H   s            -0.084561   0.001867

   14 H   s             0.000053   0.000000

   15 C   s             0.038134   0.000417
          p_y          -0.110487   0.005048
          p_z           0.376157   0.060208
          p_x          -0.134314   0.008033

   16 C   s            -0.135572   0.005150
          p_y          -0.177243   0.012621
          p_z           0.282821   0.032770
          p_x           0.086924   0.002851

   17 C   s             0.077483   0.000859
          p_y          -0.001857   0.000003
          p_z          -0.143001   0.007450
          p_x           0.138096   0.007225

   18 H   s            -0.223623   0.015922

   19 C   s             0.010946   0.000100
          p_y          -0.177348   0.012122
          p_z           0.140122   0.008341
          p_x           0.221490   0.017757

   20 C   s            -0.135380   0.005135
          p_y           0.030450   0.000328
          p_z           0.217683   0.019634
          p_x          -0.266219   0.028380

   21 C   s             0.069112   0.001222
          p_y          -0.029810   0.000421
          p_z           0.121757   0.006028
          p_x          -0.055319   0.001023

   22 H   s             0.084525   0.001865

   23 C   s             0.077522   0.000861
          p_y           0.094220   0.003348
          p_z          -0.173097   0.011036
          p_x          -0.024984   0.000271

   24 H   s             0.190766   0.012367

   25 H   s            -0.223644   0.015926

   26 H   s             0.084639   0.001871

   27 C   s             0.067763   0.001173
          p_y          -0.042386   0.000628
          p_z           0.125478   0.006226
          p_x          -0.033473   0.000573

   28 C   s            -0.011533   0.000107
          p_y          -0.177226   0.012108
          p_z           0.139991   0.008326
          p_x           0.221371   0.017744

   29 H   s             0.190672   0.012356

   30 C   s            -0.010380   0.000093
          p_y           0.122953   0.005387
          p_z           0.045421   0.001097
          p_x          -0.288047   0.031726

   31 C   s            -0.076685   0.000836
          p_y           0.093845   0.003323
          p_z          -0.172494   0.010964
          p_x          -0.024810   0.000268

   32 H   s             0.223183   0.015856

   33 C   s            -0.078322   0.000884
          p_y          -0.001815   0.000003
          p_z          -0.143741   0.007525
          p_x           0.138746   0.007288

   34 H   s             0.224045   0.015986

   35 H   s            -0.189664   0.012224

   36 H   s            -0.192056   0.012537

Eigenvector:  78    (up)

    1 C   s             0.573493   0.084016
          p_y           0.178309   0.013883
          p_z          -0.013409   0.000070
          p_x          -0.343512   0.051743

    2 C   s             0.066758   0.000572
          p_y           0.007485   0.000069
          p_z          -0.143281   0.010818
          p_x           0.120242   0.006339

    3 C   s            -0.573648   0.084067
          p_y           0.206183   0.018651
          p_z          -0.108410   0.005218
          p_x          -0.309401   0.041831

    4 C   s             0.000337   0.000000
          p_y          -0.064710   0.002109
          p_z           0.221009   0.024589
          p_x          -0.079480   0.003178

    5 C   s            -0.318398   0.026474
          p_y          -0.079442   0.002729
          p_z          -0.050902   0.001219
          p_x           0.206498   0.018814

    6 H   s             0.084116   0.002466

    7 C   s            -0.066665   0.000570
          p_y          -0.083358   0.003130
          p_z           0.166813   0.014055
          p_x           0.009065  -0.000041

    8 C   s             0.000278   0.000000
          p_y           0.064725   0.002110
          p_z          -0.221081   0.024603
          p_x           0.079517   0.003180

    9 C   s            -0.573676   0.084076
          p_y          -0.206141   0.018643
          p_z           0.108328   0.005211
          p_x           0.309399   0.041830

   10 H   s            -0.000032  -0.000000

   11 C   s            -0.070242   0.000816
          p_y           0.020376   0.000083
          p_z           0.039464   0.001006
          p_x          -0.077799   0.002500

   12 C   s             0.318393   0.026472
          p_y          -0.128431   0.007293
          p_z           0.115940   0.006084
          p_x           0.146809   0.009362

   13 H   s            -0.083963   0.002458

   14 H   s            -0.000069   0.000000

   15 C   s             0.573498   0.084018
          p_y          -0.178261   0.013876
          p_z           0.013311   0.000068
          p_x           0.343513   0.051744

   16 C   s            -0.066574   0.000567
          p_y           0.083402   0.003133
          p_z          -0.166850   0.014060
          p_x          -0.009119  -0.000041

   17 C   s             0.151665   0.006061
          p_y           0.028366   0.000343
          p_z          -0.010485  -0.000001
          p_x          -0.046646   0.001130

   18 H   s            -0.084362   0.002477

   19 C   s             0.070282   0.000816
          p_y           0.050345   0.001082
          p_z          -0.061947   0.002083
          p_x          -0.042045   0.000470

   20 C   s             0.066751   0.000572
          p_y          -0.007501   0.000070
          p_z           0.143235   0.010812
          p_x          -0.120169   0.006332

   21 C   s             0.318266   0.026450
          p_y           0.128434   0.007293
          p_z          -0.115964   0.006086
          p_x          -0.146794   0.009360

   22 H   s            -0.083972   0.002458

   23 C   s            -0.151874   0.006075
          p_y           0.027163   0.000396
          p_z          -0.006769   0.000057
          p_x          -0.047777   0.001007

   24 H   s             0.059983   0.001423

   25 H   s             0.084817   0.002503

   26 H   s             0.084067   0.002463

   27 C   s            -0.318301   0.026458
          p_y           0.079434   0.002728
          p_z           0.050932   0.001220
          p_x          -0.206514   0.018817

   28 C   s             0.070394   0.000820
          p_y          -0.050316   0.001080
          p_z           0.061930   0.002082
          p_x           0.042001   0.000468

   29 H   s            -0.060328   0.001438

   30 C   s            -0.070333   0.000818
          p_y          -0.020430   0.000084
          p_z          -0.039407   0.001004
          p_x           0.077856   0.002503

   31 C   s            -0.151970   0.006083
          p_y          -0.027130   0.000395
          p_z           0.006741   0.000057
          p_x           0.047740   0.001006

   32 H   s             0.084834   0.002504

   33 C   s             0.151798   0.006071
          p_y          -0.028372   0.000343
          p_z           0.010639  -0.000001
          p_x           0.046503   0.001125

   34 H   s            -0.084473   0.002484

   35 H   s            -0.060414   0.001442

   36 H   s             0.060233   0.001434

Eigenvector:  79    (up)

    1 C   s             0.230253   0.014836
          p_y          -0.115977   0.006247
          p_z           0.216413   0.019779
          p_x           0.027233   0.000579

    2 C   s            -0.282845   0.019478
          p_y          -0.084816   0.003232
          p_z           0.194403   0.015094
          p_x          -0.014011  -0.000040

    3 C   s             0.228632   0.014644
          p_y           0.000155   0.000001
          p_z           0.180358   0.013125
          p_x          -0.170707   0.013767

    4 C   s            -0.444438   0.048767
          p_y          -0.136213   0.007683
          p_z           0.043160   0.000772
          p_x           0.231349   0.022161

    5 C   s             0.136666   0.005300
          p_y          -0.141420   0.008618
          p_z           0.303966   0.038216
          p_x          -0.004221  -0.000013

    6 H   s            -0.086979   0.003019

    7 C   s            -0.282914   0.019490
          p_y          -0.023725   0.000105
          p_z           0.175963   0.011862
          p_x          -0.118606   0.006498

    8 C   s            -0.445546   0.048981
          p_y           0.136013   0.007664
          p_z          -0.043192   0.000773
          p_x          -0.230919   0.022089

    9 C   s             0.229167   0.014702
          p_y           0.000255  -0.000001
          p_z          -0.180137   0.013091
          p_x           0.169677   0.013609

   10 H   s            -0.014702   0.000273

   11 C   s            -0.127037   0.003623
          p_y           0.079897   0.001728
          p_z           0.110664   0.005502
          p_x          -0.263413   0.023676

   12 C   s             0.138899   0.005465
          p_y          -0.026878   0.000220
          p_z           0.268025   0.029260
          p_x          -0.199319   0.017280

   13 H   s            -0.086989   0.003019

   14 H   s            -0.015512   0.000292

   15 C   s             0.229667   0.014772
          p_y           0.116698   0.006322
          p_z          -0.217243   0.019932
          p_x          -0.027889   0.000601

   16 C   s            -0.282381   0.019412
          p_y           0.023679   0.000104
          p_z          -0.175412   0.011779
          p_x           0.118182   0.006452

   17 C   s             0.163310   0.005447
          p_y          -0.061698   0.001737
          p_z          -0.016248  -0.000053
          p_x           0.138255   0.007335

   18 H   s            -0.240173   0.018256

   19 C   s            -0.126843   0.003615
          p_y          -0.167085   0.009674
          p_z           0.187890   0.013995
          p_x           0.156312   0.007088

   20 C   s            -0.283160   0.019525
          p_y           0.084976   0.003245
          p_z          -0.195033   0.015202
          p_x           0.014288  -0.000039

   21 C   s             0.136826   0.005310
          p_y           0.026442   0.000211
          p_z          -0.267774   0.029204
          p_x           0.199957   0.017390

   22 H   s            -0.086909   0.003013

   23 C   s             0.162211   0.005365
          p_y           0.084977   0.002712
          p_z          -0.062486   0.000981
          p_x          -0.110629   0.005403

   24 H   s             0.157131   0.008468

   25 H   s            -0.239846   0.018205

   26 H   s            -0.087174   0.003031

   27 C   s             0.138671   0.005450
          p_y           0.141014   0.008568
          p_z          -0.303808   0.038176
          p_x           0.004882  -0.000014

   28 C   s            -0.126484   0.003592
          p_y           0.167383   0.009714
          p_z          -0.188442   0.014088
          p_x          -0.156384   0.007094

   29 H   s             0.156863   0.008435

   30 C   s            -0.127288   0.003640
          p_y          -0.080035   0.001736
          p_z          -0.109964   0.005431
          p_x           0.263038   0.023596

   31 C   s             0.162989   0.005422
          p_y          -0.084644   0.002688
          p_z           0.062406   0.000977
          p_x           0.110046   0.005347

   32 H   s            -0.239869   0.018206

   33 C   s             0.162518   0.005387
          p_y           0.061939   0.001750
          p_z           0.016439  -0.000052
          p_x          -0.138943   0.007412

   34 H   s            -0.240213   0.018263

   35 H   s             0.157023   0.008456

   36 H   s             0.157273   0.008479

Eigenvector:  80    (up)

    1 C   s            -0.231621   0.012107
          p_y          -0.179942   0.013857
          p_z           0.201652   0.017438
          p_x           0.169001   0.012195

    2 C   s            -0.040503   0.000570
          p_y          -0.070165   0.002338
          p_z           0.195645   0.018108
          p_x          -0.044487   0.000925

    3 C   s             0.232585   0.012219
          p_y          -0.086089   0.003160
          p_z          -0.117407   0.005925
          p_x           0.282857   0.034224

    4 C   s            -0.239966   0.009729
          p_y           0.068206   0.001570
          p_z          -0.021611   0.000158
          p_x          -0.115832   0.004529

    5 C   s             0.532686   0.071750
          p_y           0.129897   0.007320
          p_z          -0.011104   0.000057
          p_x          -0.248836   0.026786

    6 H   s            -0.001283   0.000001

    7 C   s             0.039139   0.000538
          p_y           0.041997   0.000829
          p_z          -0.186349   0.016419
          p_x           0.091951   0.004021

    8 C   s             0.238365   0.009570
          p_y           0.068677   0.001595
          p_z          -0.021793   0.000161
          p_x          -0.116603   0.004596

    9 C   s            -0.231803   0.012128
          p_y          -0.086119   0.003164
          p_z          -0.118012   0.005985
          p_x           0.283491   0.034385

   10 H   s            -0.198018   0.013675

   11 C   s            -0.003094   0.000018
          p_y           0.008574   0.000071
          p_z          -0.142163   0.010217
          p_x           0.116741   0.005971

   12 C   s            -0.532028   0.071563
          p_y           0.149233   0.009632
          p_z          -0.075906   0.002472
          p_x          -0.225992   0.022146

   13 H   s             0.000908   0.000001

   14 H   s             0.197924   0.013653

   15 C   s             0.232527   0.012213
          p_y          -0.179531   0.013791
          p_z           0.200911   0.017311
          p_x           0.168882   0.012173

   16 C   s            -0.040139   0.000562
          p_y           0.042087   0.000831
          p_z          -0.186927   0.016512
          p_x           0.092320   0.004053

   17 C   s            -0.291138   0.021090
          p_y          -0.074875   0.002458
          p_z           0.019250   0.000072
          p_x           0.131051   0.008112

   18 H   s             0.045857   0.000655

   19 C   s             0.002505   0.000014
          p_y          -0.081851   0.002991
          p_z           0.165622   0.013403
          p_x           0.007266  -0.000024

   20 C   s             0.039436   0.000545
          p_y          -0.069883   0.002320
          p_z           0.195000   0.017998
          p_x          -0.044443   0.000925

   21 C   s             0.532468   0.071688
          p_y           0.149322   0.009642
          p_z          -0.076838   0.002532
          p_x          -0.225291   0.022009

   22 H   s            -0.001242   0.000001

   23 C   s             0.291712   0.021167
          p_y          -0.077349   0.002859
          p_z           0.028611   0.000522
          p_x           0.127282   0.007194

   24 H   s            -0.087018   0.003139

   25 H   s            -0.046639   0.000678

   26 H   s             0.000936   0.000001

   27 C   s            -0.532084   0.071579
          p_y           0.130388   0.007375
          p_z          -0.012080   0.000067
          p_x          -0.248898   0.026803

   28 C   s            -0.002876   0.000017
          p_y          -0.081291   0.002955
          p_z           0.165003   0.013313
          p_x           0.006729  -0.000023

   29 H   s             0.087467   0.003168

   30 C   s             0.002525   0.000015
          p_y           0.008272   0.000068
          p_z          -0.142449   0.010256
          p_x           0.117617   0.006050

   31 C   s            -0.291231   0.021105
          p_y          -0.077595   0.002876
          p_z           0.028773   0.000526
          p_x           0.127623   0.007233

   32 H   s             0.045858   0.000656

   33 C   s             0.291801   0.021177
          p_y          -0.074662   0.002444
          p_z           0.019401   0.000073
          p_x           0.130469   0.008047

   34 H   s            -0.046749   0.000681

   35 H   s            -0.087021   0.003139

   36 H   s             0.087742   0.003186

Eigenvector:  81    (up)

    1 C   s            -0.405637   0.047404
          p_y           0.117416   0.005694
          p_z          -0.010146   0.000047
          p_x          -0.224661   0.020749

    2 C   s             0.447207   0.045636
          p_y          -0.044132   0.000457
          p_z           0.127925   0.006600
          p_x          -0.032843   0.000923

    3 C   s             0.404800   0.047221
          p_y           0.134391   0.007418
          p_z          -0.069299   0.001945
          p_x          -0.203057   0.017011

    4 C   s             0.488587   0.057079
          p_y           0.019081   0.000313
          p_z          -0.006377   0.000034
          p_x          -0.032151   0.000893

    5 C   s            -0.063694   0.001764
          p_y           0.156296   0.010329
          p_z          -0.071365   0.002278
          p_x          -0.244299   0.024835

    6 H   s             0.216135   0.016814

    7 C   s            -0.446019   0.045386
          p_y           0.029709   0.000621
          p_z          -0.123628   0.006801
          p_x           0.057587   0.000590

    8 C   s            -0.488133   0.056973
          p_y           0.019043   0.000312
          p_z          -0.006305   0.000033
          p_x          -0.032142   0.000892

    9 C   s            -0.405030   0.047272
          p_y           0.134508   0.007432
          p_z          -0.069318   0.001946
          p_x          -0.203272   0.017049

   10 H   s             0.201460   0.014835

   11 C   s             0.206965   0.009038
          p_y          -0.036858   0.000406
          p_z           0.080212   0.002386
          p_x          -0.002094   0.000013

   12 C   s             0.062860   0.001727
          p_y           0.141619   0.008320
          p_z          -0.022818   0.000172
          p_x          -0.261288   0.028794

   13 H   s            -0.215747   0.016751

   14 H   s            -0.201277   0.014808

   15 C   s             0.405215   0.047310
          p_y           0.117308   0.005682
          p_z          -0.010085   0.000047
          p_x          -0.224505   0.020718

   16 C   s             0.446353   0.045454
          p_y           0.029706   0.000622
          p_z          -0.123667   0.006806
          p_x           0.057628   0.000590

   17 C   s             0.051693   0.000298
          p_y           0.052514   0.001279
          p_z          -0.145752   0.008328
          p_x           0.032369   0.000168

   18 H   s             0.111307   0.004468

   19 C   s            -0.206164   0.008963
          p_y           0.007542   0.000045
          p_z          -0.071047   0.002002
          p_x           0.051995   0.000764

   20 C   s            -0.446769   0.045543
          p_y          -0.044142   0.000457
          p_z           0.127911   0.006599
          p_x          -0.032810   0.000921

   21 C   s            -0.062938   0.001731
          p_y           0.141667   0.008326
          p_z          -0.022742   0.000171
          p_x          -0.261455   0.028832

   22 H   s             0.215920   0.016778

   23 C   s            -0.052121   0.000306
          p_y          -0.030797   0.000232
          p_z           0.138681   0.007175
          p_x          -0.069070   0.002322

   24 H   s             0.111783   0.004018

   25 H   s            -0.110865   0.004433

   26 H   s            -0.215951   0.016785

   27 C   s             0.063282   0.001746
          p_y           0.156217   0.010318
          p_z          -0.071390   0.002279
          p_x          -0.244118   0.024797

   28 C   s             0.206249   0.008971
          p_y           0.007540   0.000045
          p_z          -0.071050   0.002002
          p_x           0.052004   0.000764

   29 H   s            -0.111927   0.004029

   30 C   s            -0.206593   0.009003
          p_y          -0.036805   0.000405
          p_z           0.080045   0.002376
          p_x          -0.002046   0.000012

   31 C   s             0.052064   0.000304
          p_y          -0.030855   0.000233
          p_z           0.138776   0.007185
          p_x          -0.069051   0.002322

   32 H   s             0.110908   0.004437

   33 C   s            -0.051831   0.000300
          p_y           0.052450   0.001276
          p_z          -0.145794   0.008331
          p_x           0.032559   0.000171

   34 H   s            -0.111121   0.004454

   35 H   s             0.111980   0.004033

   36 H   s            -0.112010   0.004034

Eigenvector:  82    (up)

    1 C   s             0.297748   0.022594
          p_y          -0.072179   0.002426
          p_z          -0.112393   0.004873
          p_x           0.250042   0.027002

    2 C   s            -0.360574   0.031145
          p_y           0.062455   0.000967
          p_z          -0.193789   0.014114
          p_x           0.058382   0.002212

    3 C   s             0.298013   0.022632
          p_y           0.159089   0.010868
          p_z          -0.184888   0.013927
          p_x          -0.143082   0.009342

    4 C   s            -0.291793   0.019973
          p_y           0.093309   0.002225
          p_z          -0.029364   0.000220
          p_x          -0.158582   0.006425

    5 C   s             0.250097   0.016200
          p_y          -0.025607   0.000419
          p_z          -0.146484   0.007919
          p_x           0.188798   0.015753

    6 H   s            -0.176522   0.011012

    7 C   s            -0.359983   0.031050
          p_y           0.050272   0.001433
          p_z          -0.189968   0.014617
          p_x           0.079095   0.001249

    8 C   s            -0.292148   0.020021
          p_y          -0.093317   0.002225
          p_z           0.029401   0.000221
          p_x           0.158565   0.006422

    9 C   s             0.297818   0.022600
          p_y          -0.159007   0.010858
          p_z           0.184935   0.013934
          p_x           0.142874   0.009316

   10 H   s            -0.264176   0.022502

   11 C   s            -0.276226   0.019078
          p_y          -0.064616   0.001605
          p_z          -0.133701   0.007364
          p_x           0.254839   0.025851

   12 C   s             0.249843   0.016163
          p_y           0.124955   0.006798
          p_z          -0.193831   0.014794
          p_x          -0.066668   0.002443

   13 H   s            -0.176203   0.010971

   14 H   s            -0.264336   0.022531

   15 C   s             0.297984   0.022633
          p_y           0.072271   0.002432
          p_z           0.112413   0.004875
          p_x          -0.250247   0.027045

   16 C   s            -0.359787   0.031018
          p_y          -0.050302   0.001434
          p_z           0.189913   0.014608
          p_x          -0.078984   0.001244

   17 C   s             0.013924   0.000166
          p_y          -0.030512   0.000465
          p_z           0.144776   0.008444
          p_x          -0.075280   0.001841

   18 H   s             0.033651   0.000042

   19 C   s            -0.275878   0.019033
          p_y           0.164041   0.010734
          p_z          -0.205449   0.017135
          p_x          -0.133416   0.006918

   20 C   s            -0.360940   0.031207
          p_y          -0.062429   0.000966
          p_z           0.193824   0.014119
          p_x          -0.058468   0.002217

   21 C   s             0.249823   0.016160
          p_y          -0.124886   0.006791
          p_z           0.193799   0.014790
          p_x           0.066558   0.002436

   22 H   s            -0.176043   0.010952

   23 C   s             0.014098   0.000168
          p_y          -0.056499   0.001086
          p_z           0.152687   0.009082
          p_x          -0.031032   0.000547

   24 H   s            -0.100169   0.003037

   25 H   s             0.033803   0.000044

   26 H   s            -0.176633   0.011026

   27 C   s             0.250190   0.016214
          p_y           0.025723   0.000422
          p_z           0.146333   0.007902
          p_x          -0.188887   0.015767

   28 C   s            -0.275869   0.019033
          p_y          -0.164015   0.010730
          p_z           0.205325   0.017114
          p_x           0.133480   0.006925

   29 H   s            -0.099935   0.003022

   30 C   s            -0.276350   0.019094
          p_y           0.064627   0.001606
          p_z           0.133668   0.007360
          p_x          -0.254836   0.025851

   31 C   s             0.014304   0.000171
          p_y           0.056450   0.001085
          p_z          -0.152592   0.009072
          p_x           0.031037   0.000547

   32 H   s             0.033816   0.000044

   33 C   s             0.013800   0.000164
          p_y           0.030596   0.000467
          p_z          -0.145019   0.008471
          p_x           0.075359   0.001844

   34 H   s             0.033605   0.000041

   35 H   s            -0.099762   0.003011

   36 H   s            -0.100422   0.003053

Eigenvector:  83    (up)

    1 C   s             0.236396   0.013119
          p_y           0.035410   0.000551
          p_z           0.128179   0.006579
          p_x          -0.191746   0.015252

    2 C   s             0.071797   0.000094
          p_y          -0.079117   0.002451
          p_z           0.079802   0.002681
          p_x           0.082671   0.002494

    3 C   s            -0.236452   0.013126
          p_y           0.125568   0.006523
          p_z          -0.179090   0.013016
          p_x          -0.081617   0.002864

    4 C   s             0.000195   0.000000
          p_y          -0.062095   0.001637
          p_z           0.211782   0.019042
          p_x          -0.076001   0.002452

    5 C   s             0.448115   0.049155
          p_y           0.153600   0.009975
          p_z          -0.200707   0.016613
          p_x          -0.117494   0.006067

    6 H   s             0.105355   0.003713

    7 C   s            -0.071853   0.000095
          p_y          -0.043614   0.000679
          p_z          -0.041145   0.000779
          p_x           0.125895   0.006162

    8 C   s             0.000061   0.000000
          p_y           0.062086   0.001637
          p_z          -0.211757   0.019038
          p_x           0.075994   0.002451

    9 C   s            -0.236491   0.013131
          p_y          -0.125547   0.006521
          p_z           0.179149   0.013025
          p_x           0.081521   0.002858

   10 H   s             0.000032   0.000000

   11 C   s            -0.112318   0.002827
          p_y           0.051840   0.001245
          p_z          -0.233580   0.024830
          p_x           0.116479   0.006077

   12 C   s            -0.448101   0.049152
          p_y           0.055385   0.001371
          p_z           0.134859   0.007351
          p_x          -0.237540   0.023933

   13 H   s            -0.105318   0.003711

   14 H   s            -0.000031   0.000000

   15 C   s             0.236484   0.013130
          p_y          -0.035375   0.000550
          p_z          -0.128147   0.006576
          p_x           0.191649   0.015236

   16 C   s            -0.071850   0.000095
          p_y           0.043579   0.000678
          p_z           0.041121   0.000778
          p_x          -0.125804   0.006153

   17 C   s            -0.403425   0.038801
          p_y          -0.129736   0.007303
          p_z           0.023168   0.000192
          p_x           0.236677   0.024702

   18 H   s            -0.029326   0.000370

   19 C   s             0.112364   0.002829
          p_y          -0.088201   0.003496
          p_z           0.244988   0.027244
          p_x          -0.054748   0.001404

   20 C   s             0.071612   0.000091
          p_y           0.079158   0.002454
          p_z          -0.079817   0.002682
          p_x          -0.082739   0.002498

   21 C   s            -0.448067   0.049144
          p_y          -0.055363   0.001370
          p_z          -0.134897   0.007355
          p_x           0.237535   0.023932

   22 H   s            -0.105254   0.003707

   23 C   s             0.403369   0.038792
          p_y          -0.141060   0.008795
          p_z           0.062016   0.001801
          p_x           0.222861   0.021611

   24 H   s            -0.085967   0.003335

   25 H   s             0.029388   0.000371

   26 H   s             0.105327   0.003711

   27 C   s             0.448172   0.049169
          p_y          -0.153538   0.009967
          p_z           0.200592   0.016594
          p_x           0.117480   0.006066

   28 C   s             0.112300   0.002825
          p_y           0.088223   0.003498
          p_z          -0.245072   0.027262
          p_x           0.054785   0.001406

   29 H   s             0.085898   0.003330

   30 C   s            -0.112383   0.002830
          p_y          -0.051822   0.001244
          p_z           0.233516   0.024818
          p_x          -0.116460   0.006075

   31 C   s             0.403521   0.038820
          p_y           0.141027   0.008792
          p_z          -0.061988   0.001800
          p_x          -0.222824   0.021605

   32 H   s             0.029360   0.000371

   33 C   s            -0.403476   0.038809
          p_y           0.129796   0.007310
          p_z          -0.023320   0.000194
          p_x          -0.236637   0.024696

   34 H   s            -0.029352   0.000371

   35 H   s             0.086001   0.003337

   36 H   s            -0.086110   0.003345

Eigenvector:  84    (up)

    1 C   s             0.145237   0.005488
          p_y           0.007514   0.000005
          p_z          -0.131282   0.007127
          p_x           0.108837   0.005436

    2 C   s            -0.420360   0.041893
          p_y          -0.172151   0.011663
          p_z           0.191621   0.014156
          p_x           0.162992   0.010690

    3 C   s             0.144476   0.005448
          p_y           0.077469   0.002711
          p_z          -0.153022   0.009946
          p_x          -0.010234   0.000087

    4 C   s             0.001455   0.000000
          p_y          -0.016646   0.000111
          p_z           0.056266   0.001269
          p_x          -0.019852   0.000159

    5 C   s             0.292418   0.021855
          p_y          -0.161574   0.011219
          p_z           0.274737   0.030271
          p_x           0.063376   0.002197

    6 H   s            -0.016555   0.000294

    7 C   s            -0.422802   0.042332
          p_y           0.082999   0.002797
          p_z           0.111529   0.004689
          p_x          -0.270864   0.028958

    8 C   s            -0.001358   0.000000
          p_y          -0.016689   0.000111
          p_z           0.056188   0.001265
          p_x          -0.019693   0.000156

    9 C   s            -0.144267   0.005430
          p_y           0.076912   0.002675
          p_z          -0.152031   0.009822
          p_x          -0.010057   0.000085

   10 H   s             0.000833   0.000000

   11 C   s            -0.308830   0.022939
          p_y          -0.022285   0.000406
          p_z           0.154649   0.009842
          p_x          -0.100873   0.002365

   12 C   s             0.291649   0.021757
          p_y           0.017070   0.000212
          p_z           0.220285   0.018750
          p_x          -0.242105   0.025471

   13 H   s            -0.018061   0.000330

   14 H   s            -0.000887   0.000000

   15 C   s            -0.145459   0.005507
          p_y           0.007424   0.000004
          p_z          -0.131853   0.007187
          p_x           0.109557   0.005504

   16 C   s             0.421642   0.042113
          p_y           0.082945   0.002791
          p_z           0.111825   0.004715
          p_x          -0.271040   0.028988

   17 C   s             0.254195   0.014225
          p_y          -0.126234   0.006902
          p_z           0.143429   0.009512
          p_x           0.116823   0.005450

   18 H   s            -0.178499   0.010657

   19 C   s            -0.308642   0.022920
          p_y          -0.073043   0.001400
          p_z           0.171711   0.011060
          p_x          -0.015714   0.000351

   20 C   s             0.421477   0.042103
          p_y          -0.172040   0.011651
          p_z           0.191448   0.014131
          p_x           0.162934   0.010689

   21 C   s            -0.291494   0.021723
          p_y           0.016350   0.000199
          p_z           0.220798   0.018837
          p_x          -0.241157   0.025279

   22 H   s             0.017496   0.000316

   23 C   s             0.256476   0.014494
          p_y           0.058433   0.001323
          p_z           0.085902   0.003626
          p_x          -0.197300   0.016736

   24 H   s             0.102690   0.003910

   25 H   s            -0.178426   0.010647

   26 H   s             0.017138   0.000307

   27 C   s            -0.292549   0.021885
          p_y          -0.162159   0.011298
          p_z           0.274761   0.030279
          p_x           0.064520   0.002266

   28 C   s             0.307554   0.022769
          p_y          -0.073146   0.001405
          p_z           0.172027   0.011102
          p_x          -0.015808   0.000353

   29 H   s             0.102761   0.003922

   30 C   s             0.309772   0.023068
          p_y          -0.022054   0.000401
          p_z           0.154259   0.009795
          p_x          -0.100973   0.002368

   31 C   s            -0.256647   0.014507
          p_y           0.058375   0.001319
          p_z           0.085439   0.003591
          p_x          -0.196754   0.016644

   32 H   s             0.177966   0.010589

   33 C   s            -0.254055   0.014213
          p_y          -0.126537   0.006934
          p_z           0.143751   0.009553
          p_x           0.117141   0.005480

   34 H   s             0.179090   0.010728

   35 H   s            -0.103033   0.003942

   36 H   s            -0.102707   0.003911

Eigenvector:  85    (up)

    1 C   s            -0.211253   0.009098
          p_y          -0.200281   0.016064
          p_z           0.194853   0.014933
          p_x           0.216031   0.018974

    2 C   s            -0.082139   0.000773
          p_y           0.004490  -0.000002
          p_z           0.104785   0.004566
          p_x          -0.107836   0.004345

    3 C   s             0.212491   0.009218
          p_y          -0.114499   0.005350
          p_z          -0.096470   0.003568
          p_x           0.319795   0.041014

    4 C   s            -0.244770   0.010001
          p_y           0.056551   0.001004
          p_z          -0.017534   0.000096
          p_x          -0.096392   0.002919

    5 C   s            -0.141916   0.005055
          p_y          -0.088578   0.003164
          p_z           0.313567   0.038624
          p_x          -0.118608   0.005306

    6 H   s            -0.081343   0.002194

    7 C   s             0.078930   0.000682
          p_y           0.073675   0.002056
          p_z          -0.128512   0.006669
          p_x          -0.025809   0.000174

    8 C   s             0.244812   0.010005
          p_y           0.056535   0.001003
          p_z          -0.017547   0.000096
          p_x          -0.096348   0.002916

    9 C   s            -0.212439   0.009212
          p_y          -0.114641   0.005363
          p_z          -0.096209   0.003548
          p_x           0.319834   0.041024

   10 H   s            -0.174907   0.010354

   11 C   s             0.197241   0.007259
          p_y          -0.076122   0.002296
          p_z           0.230647   0.022362
          p_x          -0.065278   0.002029

   12 C   s             0.144219   0.005222
          p_y           0.096012   0.003518
          p_z          -0.314413   0.038633
          p_x           0.104861   0.004482

   13 H   s             0.081025   0.002170

   14 H   s             0.174896   0.010353

   15 C   s             0.211175   0.009090
          p_y          -0.200309   0.016068
          p_z           0.194710   0.014911
          p_x           0.216223   0.019007

   16 C   s            -0.079231   0.000690
          p_y           0.073660   0.002054
          p_z          -0.128438   0.006661
          p_x          -0.025849   0.000174

   17 C   s             0.383163   0.033501
          p_y           0.156388   0.010396
          p_z          -0.047300   0.000971
          p_x          -0.267125   0.030225

   18 H   s             0.099321   0.003580

   19 C   s            -0.199781   0.007474
          p_y           0.056737   0.001483
          p_z          -0.223588   0.021309
          p_x           0.097330   0.003660

   20 C   s             0.082443   0.000781
          p_y           0.004518  -0.000002
          p_z           0.104738   0.004562
          p_x          -0.107848   0.004345

   21 C   s            -0.144162   0.005216
          p_y           0.095826   0.003504
          p_z          -0.314271   0.038598
          p_x           0.105103   0.004502

   22 H   s            -0.081168   0.002178

   23 C   s            -0.381243   0.033170
          p_y           0.157951   0.010560
          p_z          -0.050697   0.001064
          p_x          -0.267167   0.030326

   24 H   s             0.069801   0.002298

   25 H   s            -0.100606   0.003670

   26 H   s             0.081499   0.002202

   27 C   s             0.141861   0.005050
          p_y          -0.088730   0.003175
          p_z           0.313568   0.038625
          p_x          -0.118307   0.005278

   28 C   s             0.199487   0.007451
          p_y           0.056706   0.001481
          p_z          -0.223499   0.021293
          p_x           0.097311   0.003659

   29 H   s            -0.069086   0.002256

   30 C   s            -0.196997   0.007240
          p_y          -0.076055   0.002293
          p_z           0.230521   0.022339
          p_x          -0.065298   0.002030

   31 C   s             0.381197   0.033164
          p_y           0.157932   0.010557
          p_z          -0.050819   0.001069
          p_x          -0.267018   0.030292

   32 H   s             0.100487   0.003662

   33 C   s            -0.383110   0.033493
          p_y           0.156315   0.010386
          p_z          -0.047223   0.000968
          p_x          -0.267039   0.030205

   34 H   s            -0.099167   0.003569

   35 H   s             0.069015   0.002252

   36 H   s            -0.069796   0.002298

Eigenvector:  86    (up)

    1 C   s             0.083992   0.002278
          p_y          -0.018565   0.000140
          p_z          -0.235018   0.021557
          p_x           0.258795   0.026281

    2 C   s            -0.384662   0.031035
          p_y           0.039007   0.000366
          p_z          -0.088010   0.002972
          p_x           0.005389   0.000071

    3 C   s            -0.084298   0.002293
          p_y          -0.174305   0.011916
          p_z           0.295638   0.034164
          p_x           0.068994   0.001892

    4 C   s             0.000355   0.000000
          p_y           0.008449   0.000032
          p_z          -0.028739   0.000365
          p_x           0.010334   0.000047

    5 C   s             0.060764   0.001692
          p_y          -0.183683   0.013565
          p_z          -0.026101   0.000191
          p_x           0.390734   0.060219

    6 H   s            -0.189518   0.012583

    7 C   s             0.384354   0.030981
          p_y          -0.010019   0.000106
          p_z           0.079503   0.002734
          p_x          -0.055211   0.000629

    8 C   s             0.000462   0.000000
          p_y          -0.008477   0.000032
          p_z           0.028965   0.000370
          p_x          -0.010492   0.000048

    9 C   s            -0.084928   0.002323
          p_y           0.174460   0.011939
          p_z          -0.296101   0.034276
          p_x          -0.068867   0.001885

   10 H   s             0.000167   0.000000

   11 C   s            -0.336858   0.022752
          p_y           0.059817   0.001099
          p_z          -0.139195   0.007294
          p_x           0.011846   0.000151

   12 C   s            -0.060417   0.001677
          p_y          -0.237726   0.022235
          p_z           0.159420   0.009609
          p_x           0.324258   0.042116

   13 H   s             0.189763   0.012610

   14 H   s             0.000264   0.000000

   15 C   s             0.083740   0.002266
          p_y           0.018436   0.000138
          p_z           0.234822   0.021518
          p_x          -0.258355   0.026186

   16 C   s             0.385556   0.031190
          p_y           0.010282   0.000110
          p_z          -0.079269   0.002720
          p_x           0.054466   0.000605

   17 C   s            -0.149742   0.003975
          p_y          -0.133087   0.007582
          p_z           0.195539   0.014976
          p_x           0.081390   0.003380

   18 H   s            -0.173780   0.010657

   19 C   s             0.336569   0.022709
          p_y          -0.018214   0.000215
          p_z           0.126538   0.006391
          p_x          -0.082980   0.001995

   20 C   s            -0.383419   0.030824
          p_y          -0.039479   0.000378
          p_z           0.088663   0.003017
          p_x          -0.005063   0.000066

   21 C   s            -0.061400   0.001719
          p_y           0.237879   0.022267
          p_z          -0.159053   0.009564
          p_x          -0.324912   0.042294

   22 H   s             0.189817   0.012624

   23 C   s             0.150204   0.004001
          p_y          -0.033944   0.000649
          p_z          -0.142902   0.007517
          p_x           0.202082   0.017701

   24 H   s            -0.120611   0.004898

   25 H   s             0.173414   0.010615

   26 H   s            -0.189381   0.012559

   27 C   s             0.059963   0.001657
          p_y           0.183155   0.013485
          p_z           0.027054   0.000208
          p_x          -0.390582   0.060161

   28 C   s             0.337602   0.022859
          p_y           0.018072   0.000213
          p_z          -0.126295   0.006368
          p_x           0.083039   0.001995

   29 H   s             0.120879   0.004920

   30 C   s            -0.336068   0.022632
          p_y          -0.059921   0.001106
          p_z           0.139729   0.007353
          p_x          -0.012147   0.000155

   31 C   s             0.149879   0.003982
          p_y           0.034207   0.000658
          p_z           0.143150   0.007546
          p_x          -0.202847   0.017835

   32 H   s             0.173997   0.010685

   33 C   s            -0.150876   0.004042
          p_y           0.132883   0.007558
          p_z          -0.195282   0.014930
          p_x          -0.081201   0.003367

   34 H   s            -0.173324   0.010603

   35 H   s             0.120724   0.004907

   36 H   s            -0.121131   0.004942

Eigenvector:  87    (up)

    1 C   s             0.140174   0.004196
          p_y          -0.116818   0.005205
          p_z           0.195097   0.014240
          p_x           0.049080   0.000985

    2 C   s            -0.082160   0.001600
          p_y           0.112329   0.003540
          p_z           0.001258   0.000006
          p_x          -0.225224   0.015130

    3 C   s             0.140597   0.004226
          p_y           0.014611   0.000095
          p_z           0.153744   0.008753
          p_x          -0.174441   0.011645

    4 C   s             0.000338   0.000000
          p_y          -0.100181   0.003781
          p_z           0.341448   0.043927
          p_x          -0.122389   0.005645

    5 C   s             0.281927   0.017897
          p_y          -0.018407   0.000184
          p_z          -0.253608   0.024491
          p_x           0.275397   0.030514

    6 H   s            -0.206475   0.012074

    7 C   s            -0.082515   0.001613
          p_y          -0.135810   0.005544
          p_z           0.079312   0.002167
          p_x           0.196410   0.010950

    8 C   s            -0.000447   0.000000
          p_y          -0.100127   0.003777
          p_z           0.341411   0.043918
          p_x          -0.122465   0.005652

    9 C   s            -0.140554   0.004223
          p_y           0.014603   0.000095
          p_z           0.153714   0.008749
          p_x          -0.174394   0.011638

   10 H   s             0.000150   0.000000

   11 C   s            -0.325572   0.025057
          p_y          -0.063472   0.001424
          p_z          -0.201444   0.016005
          p_x           0.316276   0.037816

   12 C   s             0.281911   0.017897
          p_y           0.185618   0.013784
          p_z          -0.317557   0.039055
          p_x          -0.071015   0.002290

   13 H   s            -0.206610   0.012092

   14 H   s            -0.000134   0.000000

   15 C   s            -0.140142   0.004194
          p_y          -0.116782   0.005201
          p_z           0.194970   0.014221
          p_x           0.049127   0.000986

   16 C   s             0.082490   0.001612
          p_y          -0.135792   0.005543
          p_z           0.079318   0.002168
          p_x           0.196370   0.010946

   17 C   s            -0.004325  -0.000037
          p_y          -0.019033   0.000200
          p_z           0.135423   0.007086
          p_x          -0.089379   0.002523

   18 H   s             0.035061  -0.000016

   19 C   s            -0.325491   0.025046
          p_y           0.206325   0.016145
          p_z          -0.286189   0.031788
          p_x          -0.141744   0.007282

   20 C   s             0.082200   0.001601
          p_y           0.112325   0.003540
          p_z           0.001217   0.000006
          p_x          -0.225179   0.015124

   21 C   s            -0.281935   0.017900
          p_y           0.185590   0.013780
          p_z          -0.317542   0.039051
          p_x          -0.070971   0.002287

   22 H   s             0.206571   0.012087

   23 C   s            -0.004121  -0.000036
          p_y          -0.064410   0.001358
          p_z           0.149672   0.008328
          p_x          -0.012424   0.000128

   24 H   s            -0.104466   0.003198

   25 H   s             0.035085  -0.000015

   26 H   s             0.206470   0.012074

   27 C   s            -0.281914   0.017896
          p_y          -0.018415   0.000184
          p_z          -0.253634   0.024496
          p_x           0.275437   0.030523

   28 C   s             0.325539   0.025055
          p_y           0.206345   0.016148
          p_z          -0.286118   0.031772
          p_x          -0.141847   0.007293

   29 H   s            -0.104425   0.003195

   30 C   s             0.325661   0.025069
          p_y          -0.063508   0.001426
          p_z          -0.201396   0.015998
          p_x           0.316310   0.037824

   31 C   s             0.003936  -0.000034
          p_y          -0.064424   0.001359
          p_z           0.149689   0.008331
          p_x          -0.012412   0.000128

   32 H   s            -0.035118  -0.000015

   33 C   s             0.004433  -0.000038
          p_y          -0.019119   0.000202
          p_z           0.135598   0.007104
          p_x          -0.089391   0.002523

   34 H   s            -0.035061  -0.000016

   35 H   s             0.104357   0.003190

   36 H   s             0.104638   0.003209

Eigenvector:  88    (up)

    1 C   s            -0.172867   0.006630
          p_y           0.116201   0.005621
          p_z          -0.236477   0.022685
          p_x          -0.008787   0.000053

    2 C   s            -0.165831   0.006050
          p_y          -0.166537   0.009538
          p_z           0.227013   0.018753
          p_x           0.118311   0.004307

    3 C   s            -0.250247   0.014496
          p_y           0.018780   0.000100
          p_z          -0.325701   0.040180
          p_x           0.270133   0.028604

    4 C   s             0.475633   0.050588
          p_y           0.135188   0.006672
          p_z           0.056452   0.001126
          p_x          -0.323373   0.037975

    5 C   s             0.186506   0.008710
          p_y          -0.094689   0.003542
          p_z           0.187004   0.012730
          p_x           0.012616   0.000132

    6 H   s             0.071258   0.000957

    7 C   s            -0.048109   0.000483
          p_y           0.080093   0.001870
          p_z           0.026119   0.000338
          p_x          -0.184592   0.010858

    8 C   s             0.475701   0.050603
          p_y          -0.135207   0.006674
          p_z          -0.056422   0.001125
          p_x           0.323383   0.037977

    9 C   s            -0.250171   0.014487
          p_y          -0.018804   0.000100
          p_z           0.325745   0.040191
          p_x          -0.270125   0.028602

   10 H   s            -0.007306  -0.000093

   11 C   s            -0.295682   0.020782
          p_y          -0.119006   0.005896
          p_z           0.264442   0.026787
          p_x          -0.011280  -0.000040

   12 C   s             0.066045   0.001116
          p_y           0.001882   0.000009
          p_z           0.028948   0.000245
          p_x          -0.031192   0.000538

   13 H   s             0.107104   0.002823

   14 H   s            -0.007290  -0.000093

   15 C   s            -0.172920   0.006634
          p_y          -0.116232   0.005624
          p_z           0.236532   0.022695
          p_x           0.008796   0.000053

   16 C   s            -0.048193   0.000485
          p_y          -0.080147   0.001872
          p_z          -0.026080   0.000337
          p_x           0.184664   0.010867

   17 C   s             0.343966   0.025010
          p_y          -0.136386   0.007564
          p_z           0.218092   0.019422
          p_x           0.066914   0.001797

   18 H   s            -0.073143   0.002022

   19 C   s            -0.266149   0.016147
          p_y          -0.031914   0.000255
          p_z           0.211287   0.016560
          p_x          -0.135014   0.007797

   20 C   s            -0.165905   0.006056
          p_y           0.166602   0.009545
          p_z          -0.227114   0.018769
          p_x          -0.118344   0.004310

   21 C   s             0.066035   0.001115
          p_y          -0.001836   0.000008
          p_z          -0.029061   0.000247
          p_x           0.031209   0.000538

   22 H   s             0.107129   0.002825

   23 C   s             0.245784   0.012118
          p_y           0.081882   0.002503
          p_z           0.095192   0.004125
          p_x          -0.252741   0.025697

   24 H   s             0.077229   0.002461

   25 H   s            -0.075186   0.002095

   26 H   s             0.071277   0.000957

   27 C   s             0.186556   0.008715
          p_y           0.094749   0.003547
          p_z          -0.187117   0.012746
          p_x          -0.012629   0.000132

   28 C   s            -0.266034   0.016132
          p_y           0.031978   0.000256
          p_z          -0.211300   0.016562
          p_x           0.134901   0.007785

   29 H   s             0.096879   0.003326

   30 C   s            -0.295684   0.020783
          p_y           0.118964   0.005893
          p_z          -0.264442   0.026788
          p_x           0.011369  -0.000040

   31 C   s             0.245653   0.012104
          p_y          -0.081906   0.002504
          p_z          -0.095138   0.004120
          p_x           0.252745   0.025698

   32 H   s            -0.075219   0.002097

   33 C   s             0.344138   0.025033
          p_y           0.136353   0.007560
          p_z          -0.217954   0.019400
          p_x          -0.066991   0.001800

   34 H   s            -0.073210   0.002025

   35 H   s             0.096859   0.003325

   36 H   s             0.077466   0.002474

Eigenvector:  89    (up)

    1 C   s             0.213425   0.011244
          p_y          -0.187087   0.012534
          p_z           0.372886   0.048993
          p_x           0.021514   0.000209

    2 C   s            -0.221459   0.011064
          p_y          -0.078364   0.002546
          p_z           0.256014   0.023790
          p_x          -0.084956   0.001933

    3 C   s            -0.112773   0.003359
          p_y           0.008341   0.000018
          p_z          -0.192791   0.012100
          p_x           0.165500   0.009106

    4 C   s            -0.113130   0.002862
          p_y          -0.174609   0.010964
          p_z           0.471939   0.079852
          p_x          -0.096956   0.003334

    5 C   s             0.222655   0.012236
          p_y          -0.140600   0.006956
          p_z           0.289850   0.030432
          p_x           0.007231  -0.000002

    6 H   s            -0.096300   0.003065

    7 C   s             0.272495   0.016637
          p_y           0.039197   0.000457
          p_z          -0.297417   0.031688
          p_x           0.202385   0.015637

    8 C   s            -0.113170   0.002864
          p_y           0.174619   0.010965
          p_z          -0.471952   0.079857
          p_x           0.096950   0.003333

    9 C   s            -0.112820   0.003362
          p_y          -0.008323   0.000018
          p_z           0.192763   0.012096
          p_x          -0.165508   0.009107

   10 H   s             0.001809  -0.000005

   11 C   s             0.005339  -0.000024
          p_y          -0.018987   0.000142
          p_z           0.008934   0.000033
          p_x           0.029511   0.000337

   12 C   s            -0.282982   0.019849
          p_y           0.019167   0.000132
          p_z          -0.295842   0.031735
          p_x           0.241006   0.021079

   13 H   s             0.053922   0.001207

   14 H   s             0.001798  -0.000005

   15 C   s             0.213448   0.011247
          p_y           0.187106   0.012536
          p_z          -0.372920   0.049003
          p_x          -0.021518   0.000209

   16 C   s             0.272555   0.016645
          p_y          -0.039166   0.000456
          p_z           0.297397   0.031684
          p_x          -0.202431   0.015644

   17 C   s             0.135553   0.004679
          p_y           0.084349   0.002836
          p_z           0.051629   0.000703
          p_x          -0.216636   0.017287

   18 H   s             0.022030   0.000157

   19 C   s             0.128844   0.004609
          p_y          -0.003230   0.000011
          p_z          -0.103967   0.004034
          p_x           0.104064   0.004500

   20 C   s            -0.221406   0.011058
          p_y           0.078323   0.002544
          p_z          -0.255952   0.023778
          p_x           0.084980   0.001934

   21 C   s            -0.282982   0.019849
          p_y          -0.019194   0.000133
          p_z           0.295913   0.031750
          p_x          -0.241024   0.021083

   22 H   s             0.053911   0.001206

   23 C   s            -0.276205   0.017573
          p_y           0.109561   0.004348
          p_z          -0.183327   0.012174
          p_x          -0.045944   0.000765

   24 H   s            -0.061833   0.000806

   25 H   s             0.013282   0.000081

   26 H   s            -0.096310   0.003065

   27 C   s             0.222616   0.012232
          p_y           0.140563   0.006952
          p_z          -0.289779   0.030417
          p_x          -0.007221  -0.000002

   28 C   s             0.128779   0.004605
          p_y           0.003191   0.000011
          p_z           0.103974   0.004034
          p_x          -0.103993   0.004494

   29 H   s             0.020394  -0.000056

   30 C   s             0.005339  -0.000024
          p_y           0.019016   0.000142
          p_z          -0.008942   0.000033
          p_x          -0.029564   0.000338

   31 C   s            -0.276122   0.017562
          p_y          -0.109546   0.004347
          p_z           0.183296   0.012169
          p_x           0.045938   0.000764

   32 H   s             0.013305   0.000081

   33 C   s             0.135448   0.004673
          p_y          -0.084325   0.002834
          p_z          -0.051718   0.000706
          p_x           0.216682   0.017293

   34 H   s             0.022071   0.000157

   35 H   s             0.020409  -0.000056

   36 H   s            -0.061977   0.000810

Eigenvector:  90    (up)

    1 C   s            -0.217716   0.009815
          p_y          -0.003633   0.000000
          p_z           0.261498   0.025038
          p_x          -0.239489   0.021609

    2 C   s             0.189215   0.007733
          p_y           0.042150   0.000404
          p_z           0.261250   0.025673
          p_x          -0.330516   0.036963

    3 C   s            -0.217732   0.009816
          p_y          -0.164309   0.010138
          p_z           0.311779   0.035870
          p_x           0.033628   0.000489

    4 C   s             0.013327   0.000071
          p_y          -0.134576   0.005122
          p_z           0.042434   0.000509
          p_x           0.228688   0.014792

    5 C   s             0.240486   0.011549
          p_y          -0.030537   0.000340
          p_z          -0.185921   0.013288
          p_x           0.235944   0.021113

    6 H   s            -0.086918   0.001419

    7 C   s             0.189012   0.007718
          p_y          -0.219372   0.016451
          p_z           0.343264   0.042835
          p_x           0.114000   0.003641

    8 C   s             0.013405   0.000071
          p_y           0.134549   0.005120
          p_z          -0.042419   0.000509
          p_x          -0.228649   0.014786

    9 C   s            -0.217633   0.009807
          p_y           0.164312   0.010138
          p_z          -0.311790   0.035873
          p_x          -0.033627   0.000489

   10 H   s             0.182398   0.008487

   11 C   s            -0.331883   0.024846
          p_y          -0.077115   0.002176
          p_z          -0.076638   0.002247
          p_x           0.226039   0.018970

   12 C   s             0.240370   0.011537
          p_y           0.156571   0.009309
          p_z          -0.244834   0.022938
          p_x          -0.081647   0.002476

   13 H   s            -0.086978   0.001422

   14 H   s             0.182403   0.008488

   15 C   s            -0.217836   0.009827
          p_y           0.003630   0.000000
          p_z          -0.261497   0.025038
          p_x           0.239499   0.021610

   16 C   s             0.189037   0.007720
          p_y           0.219337   0.016446
          p_z          -0.343179   0.042814
          p_x          -0.114012   0.003642

   17 C   s             0.090786   0.002249
          p_y          -0.057222   0.001417
          p_z           0.146858   0.008388
          p_x          -0.023984   0.000104

   18 H   s            -0.005344   0.000061

   19 C   s            -0.331730   0.024824
          p_y           0.142306   0.007528
          p_z          -0.145662   0.007988
          p_x          -0.146390   0.007871

   20 C   s             0.189231   0.007735
          p_y          -0.042149   0.000404
          p_z          -0.261315   0.025686
          p_x           0.330580   0.036978

   21 C   s             0.240376   0.011537
          p_y          -0.156525   0.009304
          p_z           0.244850   0.022941
          p_x           0.081539   0.002470

   22 H   s            -0.086957   0.001421

   23 C   s             0.090751   0.002247
          p_y          -0.025723   0.000180
          p_z           0.136796   0.007042
          p_x          -0.077409   0.002668

   24 H   s            -0.036613   0.000279

   25 H   s            -0.005306   0.000060

   26 H   s            -0.086937   0.001420

   27 C   s             0.240456   0.011546
          p_y           0.030586   0.000341
          p_z           0.185898   0.013285
          p_x          -0.236023   0.021127

   28 C   s            -0.331668   0.024816
          p_y          -0.142326   0.007530
          p_z           0.145684   0.007990
          p_x           0.146409   0.007873

   29 H   s            -0.036553   0.000278

   30 C   s            -0.331966   0.024858
          p_y           0.077126   0.002177
          p_z           0.076594   0.002245
          p_x          -0.226023   0.018968

   31 C   s             0.090775   0.002248
          p_y           0.025742   0.000180
          p_z          -0.136757   0.007038
          p_x           0.077337   0.002664

   32 H   s            -0.005262   0.000060

   33 C   s             0.090783   0.002249
          p_y           0.057284   0.001419
          p_z          -0.146943   0.008397
          p_x           0.023947   0.000104

   34 H   s            -0.005378   0.000061

   35 H   s            -0.036534   0.000278

   36 H   s            -0.036635   0.000280

Eigenvector:  91    (up)

    1 C   s            -0.428768   0.042374
          p_y           0.024614   0.000187
          p_z          -0.032128   0.000466
          p_x          -0.018720   0.000026

    2 C   s            -0.025229  -0.000115
          p_y          -0.031228   0.000378
          p_z           0.293848   0.030630
          p_x          -0.214793   0.015933

    3 C   s             0.428108   0.042252
          p_y           0.008593  -0.000003
          p_z           0.021585   0.000263
          p_x          -0.037560   0.000406

    4 C   s             0.326460   0.025713
          p_y           0.097937   0.003684
          p_z          -0.031283   0.000376
          p_x          -0.166114   0.010600

    5 C   s            -0.039838   0.000086
          p_y          -0.231780   0.019037
          p_z           0.132612   0.005873
          p_x           0.337315   0.041177

    6 H   s            -0.079538   0.001831

    7 C   s             0.025530  -0.000115
          p_y           0.152166   0.008027
          p_z          -0.331616   0.038773
          p_x           0.009211   0.000046

    8 C   s            -0.326401   0.025704
          p_y           0.097950   0.003685
          p_z          -0.031277   0.000376
          p_x          -0.166144   0.010604

    9 C   s            -0.428193   0.042268
          p_y           0.008638  -0.000003
          p_z           0.021520   0.000262
          p_x          -0.037588   0.000407

   10 H   s             0.027407   0.000419

   11 C   s            -0.293914   0.016304
          p_y          -0.001592   0.000008
          p_z           0.078868   0.002398
          p_x          -0.070875   0.001276

   12 C   s             0.039878   0.000086
          p_y          -0.193146   0.013556
          p_z           0.001222   0.000004
          p_x           0.384394   0.052519

   13 H   s             0.079663   0.001837

   14 H   s            -0.027360   0.000418

   15 C   s             0.428691   0.042360
          p_y           0.024592   0.000186
          p_z          -0.032144   0.000466
          p_x          -0.018660   0.000026

   16 C   s            -0.025501  -0.000115
          p_y           0.152221   0.008033
          p_z          -0.331738   0.038802
          p_x           0.009215   0.000047

   17 C   s            -0.016671  -0.000053
          p_y          -0.187465   0.013096
          p_z           0.251609   0.023124
          p_x           0.137135   0.007248

   18 H   s            -0.152351   0.007577

   19 C   s             0.293748   0.016283
          p_y           0.048773   0.000643
          p_z          -0.093579   0.003073
          p_x          -0.009340  -0.000043

   20 C   s             0.025254  -0.000115
          p_y          -0.031221   0.000377
          p_z           0.293763   0.030612
          p_x          -0.214730   0.015924

   21 C   s            -0.039800   0.000085
          p_y          -0.193185   0.013562
          p_z           0.001253   0.000005
          p_x           0.384446   0.052534

   22 H   s            -0.079678   0.001838

   23 C   s             0.016840  -0.000053
          p_y          -0.063429   0.001575
          p_z          -0.172572   0.010712
          p_x           0.288685   0.031137

   24 H   s            -0.055298   0.000890

   25 H   s             0.152323   0.007574

   26 H   s             0.079525   0.001831

   27 C   s             0.039937   0.000087
          p_y          -0.231765   0.019034
          p_z           0.132657   0.005877
          p_x           0.337245   0.041159

   28 C   s            -0.293864   0.016297
          p_y           0.048750   0.000642
          p_z          -0.093576   0.003073
          p_x          -0.009297  -0.000043

   29 H   s             0.055333   0.000892

   30 C   s             0.293807   0.016290
          p_y          -0.001572   0.000008
          p_z           0.078897   0.002400
          p_x          -0.070940   0.001278

   31 C   s            -0.016801  -0.000053
          p_y          -0.063432   0.001575
          p_z          -0.172628   0.010719
          p_x           0.288747   0.031151

   32 H   s            -0.152343   0.007576

   33 C   s             0.016732  -0.000053
          p_y          -0.187458   0.013095
          p_z           0.251583   0.023118
          p_x           0.137133   0.007247

   34 H   s             0.152343   0.007576

   35 H   s            -0.055340   0.000892

   36 H   s             0.055312   0.000891

Eigenvector:  92    (up)

    1 C   s             0.294098   0.017583
          p_y          -0.083495   0.002601
          p_z          -0.026725   0.000300
          p_x           0.191875   0.013966

    2 C   s            -0.307014   0.020405
          p_y          -0.050882   0.001017
          p_z          -0.042831   0.000656
          p_x           0.142020   0.007721

    3 C   s             0.294668   0.017655
          p_y           0.117490   0.005248
          p_z          -0.089865   0.003151
          p_x          -0.149797   0.008403

    4 C   s             0.000258   0.000000
          p_y          -0.082327   0.002440
          p_z           0.280999   0.028425
          p_x          -0.100934   0.003667

    5 C   s             0.100930   0.001926
          p_y          -0.089444   0.002975
          p_z           0.174131   0.011698
          p_x           0.014387   0.000044

    6 H   s            -0.047089   0.000973

    7 C   s            -0.307240   0.020440
          p_y           0.089009   0.003025
          p_z          -0.086681   0.002795
          p_x          -0.095838   0.003584

    8 C   s            -0.000112   0.000000
          p_y          -0.082381   0.002443
          p_z           0.281036   0.028432
          p_x          -0.100863   0.003662

    9 C   s            -0.294842   0.017676
          p_y           0.117555   0.005253
          p_z          -0.089942   0.003156
          p_x          -0.149853   0.008410

   10 H   s            -0.000035   0.000000

   11 C   s             0.312354   0.021370
          p_y           0.204692   0.014925
          p_z          -0.335078   0.040777
          p_x          -0.093107   0.002884

   12 C   s             0.101520   0.001951
          p_y          -0.004800   0.000016
          p_z           0.147567   0.008528
          p_x          -0.129538   0.006190

   13 H   s            -0.047047   0.000972

   14 H   s             0.000041   0.000000

   15 C   s            -0.294065   0.017578
          p_y          -0.083568   0.002606
          p_z          -0.026494   0.000296
          p_x           0.191802   0.013957

   16 C   s             0.307220   0.020438
          p_y           0.089072   0.003029
          p_z          -0.086920   0.002810
          p_x          -0.095739   0.003577

   17 C   s            -0.356314   0.025041
          p_y           0.179824   0.012439
          p_z          -0.258599   0.026016
          p_x          -0.115441   0.005004

   18 H   s            -0.013823  -0.000077

   19 C   s             0.312191   0.021344
          p_y          -0.030314   0.000282
          p_z          -0.261226   0.025041
          p_x           0.306057   0.033260

   20 C   s             0.306835   0.020381
          p_y          -0.050806   0.001014
          p_z          -0.042835   0.000656
          p_x           0.141873   0.007706

   21 C   s            -0.101558   0.001953
          p_y          -0.004837   0.000016
          p_z           0.147397   0.008510
          p_x          -0.129306   0.006168

   22 H   s             0.047051   0.000972

   23 C   s            -0.356044   0.025000
          p_y          -0.050055   0.000927
          p_z          -0.186088   0.013576
          p_x           0.274760   0.028990

   24 H   s            -0.079791   0.002497

   25 H   s            -0.013760  -0.000077

   26 H   s             0.047111   0.000973

   27 C   s            -0.100649   0.001915
          p_y          -0.089457   0.002975
          p_z           0.174158   0.011700
          p_x           0.014386   0.000044

   28 C   s            -0.312238   0.021348
          p_y          -0.030185   0.000279
          p_z          -0.261362   0.025065
          p_x           0.305932   0.033234

   29 H   s            -0.079899   0.002502

   30 C   s            -0.312275   0.021362
          p_y           0.204629   0.014917
          p_z          -0.334821   0.040717
          p_x          -0.093219   0.002891

   31 C   s             0.355833   0.024970
          p_y          -0.050189   0.000932
          p_z          -0.186114   0.013579
          p_x           0.275058   0.029050

   32 H   s             0.013624  -0.000077

   33 C   s             0.356496   0.025066
          p_y           0.179581   0.012407
          p_z          -0.258297   0.025960
          p_x          -0.115254   0.004987

   34 H   s             0.013863  -0.000077

   35 H   s             0.079862   0.002500

   36 H   s             0.079986   0.002508

Eigenvector:  93    (up)

    1 C   s             0.221468   0.011150
          p_y          -0.017989   0.000086
          p_z          -0.188900   0.012058
          p_x           0.214153   0.014933

    2 C   s            -0.190271   0.008435
          p_y           0.002618  -0.000003
          p_z          -0.209048   0.014286
          p_x           0.192012   0.012813

    3 C   s            -0.221928   0.011195
          p_y          -0.143972   0.006777
          p_z           0.240188   0.019277
          p_x           0.060745   0.001107

    4 C   s             0.000066   0.000000
          p_y          -0.023002   0.000202
          p_z           0.078265   0.002337
          p_x          -0.027937   0.000298

    5 C   s             0.225487   0.010773
          p_y           0.106864   0.003867
          p_z          -0.136086   0.005561
          p_x          -0.085032   0.002866

    6 H   s            -0.006298   0.000040

    7 C   s             0.190866   0.008485
          p_y          -0.132201   0.006030
          p_z           0.250007   0.020779
          p_x           0.027878   0.000351

    8 C   s             0.000043   0.000000
          p_y           0.023052   0.000203
          p_z          -0.078474   0.002350
          p_x           0.028036   0.000300

    9 C   s            -0.221678   0.011171
          p_y           0.143917   0.006772
          p_z          -0.240137   0.019268
          p_x          -0.060684   0.001105

   10 H   s             0.000101   0.000000

   11 C   s             0.152180   0.003282
          p_y           0.017604   0.000161
          p_z          -0.263642   0.023959
          p_x           0.212845   0.014301

   12 C   s            -0.225630   0.010786
          p_y           0.040819   0.000702
          p_z           0.089248   0.002136
          p_x          -0.165576   0.009414

   13 H   s             0.006352   0.000040

   14 H   s             0.000076   0.000000

   15 C   s             0.221649   0.011168
          p_y           0.018087   0.000087
          p_z           0.188892   0.012057
          p_x          -0.214344   0.014962

   16 C   s             0.190653   0.008467
          p_y           0.132133   0.006023
          p_z          -0.249954   0.020769
          p_x          -0.027793   0.000349

   17 C   s             0.118741   0.002660
          p_y           0.302885   0.032038
          p_z          -0.246558   0.021651
          p_x          -0.371961   0.047720

   18 H   s             0.139920   0.005760

   19 C   s            -0.152667   0.003309
          p_y          -0.148595   0.007057
          p_z           0.305161   0.031447
          p_x           0.009068  -0.000021

   20 C   s            -0.190440   0.008449
          p_y          -0.002630  -0.000003
          p_z           0.209149   0.014300
          p_x          -0.192087   0.012824

   21 C   s            -0.225494   0.010774
          p_y          -0.040811   0.000701
          p_z          -0.089329   0.002140
          p_x           0.165639   0.009422

   22 H   s             0.006328   0.000040

   23 C   s            -0.118218   0.002636
          p_y           0.205623   0.014540
          p_z           0.086896   0.002817
          p_x          -0.491445   0.084224

   24 H   s            -0.007103  -0.000015

   25 H   s            -0.139877   0.005758

   26 H   s            -0.006345   0.000040

   27 C   s             0.225444   0.010768
          p_y          -0.106819   0.003863
          p_z           0.135995   0.005552
          p_x           0.085028   0.002866

   28 C   s            -0.152487   0.003299
          p_y           0.148574   0.007055
          p_z          -0.304957   0.031403
          p_x          -0.009215  -0.000021

   29 H   s             0.007227  -0.000015

   30 C   s             0.152398   0.003295
          p_y          -0.017737   0.000163
          p_z           0.263820   0.023993
          p_x          -0.212751   0.014287

   31 C   s            -0.118357   0.002642
          p_y          -0.205536   0.014527
          p_z          -0.086801   0.002810
          p_x           0.491184   0.084131

   32 H   s            -0.139853   0.005756

   33 C   s             0.118393   0.002644
          p_y          -0.302945   0.032052
          p_z           0.246661   0.021671
          p_x           0.371984   0.047726

   34 H   s             0.139907   0.005759

   35 H   s             0.007178  -0.000015

   36 H   s            -0.007245  -0.000015

Eigenvector:  94    (up)

    1 C   s             0.121494   0.002935
          p_y           0.174597   0.010331
          p_z          -0.080621   0.002429
          p_x          -0.272576   0.024457

    2 C   s            -0.153762   0.006024
          p_y          -0.164195   0.009169
          p_z           0.289869   0.028574
          p_x           0.054412   0.001007

    3 C   s            -0.121980   0.002957
          p_y           0.157926   0.008166
          p_z          -0.024369   0.000119
          p_x          -0.292366   0.028841

    4 C   s             0.156040   0.003663
          p_y          -0.052792   0.000766
          p_z           0.016436   0.000074
          p_x           0.089917   0.002225

    5 C   s             0.436081   0.041774
          p_y          -0.082171   0.002055
          p_z           0.082890   0.002363
          p_x           0.085592   0.001963

    6 H   s             0.035592   0.000200

    7 C   s             0.153392   0.005998
          p_y          -0.010472   0.000037
          p_z          -0.234068   0.018627
          p_x           0.241813   0.019885

    8 C   s            -0.155862   0.003653
          p_y          -0.052866   0.000769
          p_z           0.016529   0.000075
          p_x           0.089978   0.002228

    9 C   s             0.121962   0.002956
          p_y           0.157878   0.008161
          p_z          -0.024237   0.000117
          p_x          -0.292397   0.028848

   10 H   s             0.127015   0.004733

   11 C   s            -0.098104   0.003049
          p_y          -0.035956   0.000438
          p_z          -0.166972   0.009482
          p_x           0.228868   0.017793

   12 C   s            -0.435288   0.041636
          p_y          -0.044940   0.000519
          p_z          -0.042529   0.000718
          p_x           0.130028   0.005075

   13 H   s            -0.035601   0.000200

   14 H   s            -0.127001   0.004732

   15 C   s            -0.121665   0.002943
          p_y           0.174500   0.010320
          p_z          -0.080541   0.002424
          p_x          -0.272460   0.024436

   16 C   s            -0.153598   0.006013
          p_y          -0.010510   0.000038
          p_z          -0.234143   0.018640
          p_x           0.241964   0.019910

   17 C   s             0.242848   0.013196
          p_y           0.200781   0.013819
          p_z          -0.007463   0.000043
          p_x          -0.393179   0.051825

   18 H   s             0.066281   0.001019

   19 C   s             0.098698   0.003080
          p_y          -0.150911   0.007736
          p_z           0.224680   0.017156
          p_x           0.089215   0.002700

   20 C   s             0.153690   0.006019
          p_y          -0.164089   0.009157
          p_z           0.289622   0.028524
          p_x           0.054434   0.001008

   21 C   s             0.435511   0.041676
          p_y          -0.044963   0.000519
          p_z          -0.042621   0.000721
          p_x           0.130162   0.005086

   22 H   s             0.035596   0.000200

   23 C   s            -0.243896   0.013301
          p_y           0.236509   0.018693
          p_z          -0.130599   0.005354
          p_x          -0.348486   0.041453

   24 H   s            -0.066180   0.000663

   25 H   s            -0.066375   0.001021

   26 H   s            -0.035576   0.000200

   27 C   s            -0.435907   0.041743
          p_y          -0.082048   0.002048
          p_z           0.082762   0.002356
          p_x           0.085468   0.001957

   28 C   s            -0.098582   0.003074
          p_y          -0.150926   0.007738
          p_z           0.224895   0.017190
          p_x           0.089041   0.002690

   29 H   s             0.065913   0.000653

   30 C   s             0.098099   0.003049
          p_y          -0.036052   0.000440
          p_z          -0.166820   0.009464
          p_x           0.228919   0.017800

   31 C   s             0.243714   0.013283
          p_y           0.236562   0.018702
          p_z          -0.130512   0.005346
          p_x          -0.348671   0.041498

   32 H   s             0.066356   0.001020

   33 C   s            -0.242905   0.013202
          p_y           0.200750   0.013814
          p_z          -0.007352   0.000042
          p_x          -0.393233   0.051837

   34 H   s            -0.066356   0.001021

   35 H   s            -0.065970   0.000655

   36 H   s             0.066277   0.000665

Eigenvector:  95    (up)

    1 C   s            -0.141195   0.003708
          p_y           0.090826   0.002987
          p_z          -0.143260   0.007691
          p_x          -0.046107   0.000691

    2 C   s            -0.219766   0.010053
          p_y          -0.153522   0.008176
          p_z           0.291523   0.029953
          p_x           0.031494   0.000296

    3 C   s            -0.140767   0.003684
          p_y          -0.016581   0.000080
          p_z          -0.109137   0.004551
          p_x           0.136172   0.006681

    4 C   s             0.255240   0.013640
          p_y           0.071740   0.001825
          p_z          -0.023133   0.000190
          p_x          -0.121464   0.005234

    5 C   s             0.334238   0.020852
          p_y          -0.170864   0.010426
          p_z           0.188994   0.013101
          p_x           0.162753   0.009179

    6 H   s            -0.002551   0.000018

    7 C   s            -0.219913   0.010067
          p_y          -0.003511   0.000008
          p_z           0.244084   0.021142
          p_x          -0.223372   0.017254

    8 C   s             0.255302   0.013645
          p_y          -0.071611   0.001819
          p_z           0.022845   0.000185
          p_x           0.121479   0.005236

    9 C   s            -0.140618   0.003676
          p_y           0.016370   0.000078
          p_z           0.109215   0.004557
          p_x          -0.135825   0.006648

   10 H   s             0.023058   0.000301

   11 C   s             0.136085   0.003872
          p_y           0.192378   0.012567
          p_z          -0.394716   0.055555
          p_x          -0.012362  -0.000026

   12 C   s             0.334176   0.020845
          p_y           0.083355   0.002384
          p_z           0.109107   0.004490
          p_x          -0.269291   0.025824

   13 H   s            -0.002572   0.000018

   14 H   s             0.023142   0.000302

   15 C   s            -0.140828   0.003688
          p_y          -0.090841   0.002988
          p_z           0.143265   0.007692
          p_x           0.046132   0.000692

   16 C   s            -0.219901   0.010065
          p_y           0.003457   0.000008
          p_z          -0.243735   0.021082
          p_x           0.223155   0.017221

   17 C   s            -0.315241   0.018219
          p_y           0.154815   0.008837
          p_z          -0.197275   0.014849
          p_x          -0.123242   0.005305

   18 H   s            -0.049637   0.000402

   19 C   s             0.135981   0.003867
          p_y           0.022701   0.000273
          p_z          -0.340910   0.042219
          p_x           0.275491   0.025488

   20 C   s            -0.219964   0.010072
          p_y           0.153591   0.008183
          p_z          -0.291532   0.029954
          p_x          -0.031621   0.000299

   21 C   s             0.333839   0.020801
          p_y          -0.083308   0.002381
          p_z          -0.109041   0.004485
          p_x           0.269137   0.025796

   22 H   s            -0.002629   0.000019

   23 C   s            -0.315336   0.018230
          p_y          -0.059010   0.001188
          p_z          -0.129782   0.006607
          p_x           0.239632   0.021082

   24 H   s            -0.089727   0.002879

   25 H   s            -0.049741   0.000404

   26 H   s            -0.002552   0.000018

   27 C   s             0.334387   0.020874
          p_y           0.170896   0.010430
          p_z          -0.189101   0.013116
          p_x          -0.162715   0.009174

   28 C   s             0.136130   0.003876
          p_y          -0.022627   0.000272
          p_z           0.340819   0.042197
          p_x          -0.275557   0.025501

   29 H   s            -0.089726   0.002879

   30 C   s             0.136157   0.003876
          p_y          -0.192375   0.012567
          p_z           0.394791   0.055576
          p_x           0.012280  -0.000026

   31 C   s            -0.315475   0.018247
          p_y           0.058899   0.001183
          p_z           0.129915   0.006619
          p_x          -0.239541   0.021068

   32 H   s            -0.049740   0.000404

   33 C   s            -0.315308   0.018225
          p_y          -0.154922   0.008848
          p_z           0.197214   0.014843
          p_x           0.123526   0.005328

   34 H   s            -0.049571   0.000401

   35 H   s            -0.089673   0.002876

   36 H   s            -0.089966   0.002892

Eigenvector:  96    (up)

    1 C   s            -0.401517   0.029030
          p_y           0.157600   0.008540
          p_z          -0.057954   0.001155
          p_x          -0.259919   0.023228

    2 C   s             0.025860   0.000156
          p_y          -0.124136   0.005216
          p_z           0.393288   0.054100
          p_x          -0.123196   0.005653

    3 C   s            -0.402901   0.029254
          p_y          -0.151625   0.007906
          p_z           0.038617   0.000513
          p_x           0.266349   0.024395

    4 C   s            -0.000869   0.000000
          p_y           0.126637   0.005613
          p_z          -0.432702   0.065524
          p_x           0.155728   0.008485

    5 C   s             0.306731   0.016831
          p_y          -0.132343   0.006020
          p_z           0.081258   0.002287
          p_x           0.187411   0.012033

    6 H   s             0.024034   0.000152

    7 C   s             0.025714   0.000155
          p_y          -0.104916   0.004027
          p_z           0.387125   0.052802
          p_x          -0.155977   0.008131

    8 C   s             0.000789   0.000000
          p_y           0.126604   0.005610
          p_z          -0.432520   0.065470
          p_x           0.155625   0.008474

    9 C   s             0.403053   0.029278
          p_y          -0.151733   0.007917
          p_z           0.038616   0.000513
          p_x           0.266566   0.024433

   10 H   s             0.000046  -0.000000

   11 C   s            -0.015112   0.000057
          p_y           0.103587   0.003556
          p_z          -0.274002   0.026565
          p_x           0.051202   0.001165

   12 C   s             0.307269   0.016897
          p_y           0.107595   0.003961
          p_z           0.004608   0.000009
          p_x          -0.219127   0.016493

   13 H   s             0.023757   0.000148

   14 H   s            -0.000055  -0.000000

   15 C   s             0.401458   0.029020
          p_y           0.157527   0.008533
          p_z          -0.057964   0.001156
          p_x          -0.259765   0.023202

   16 C   s            -0.025694   0.000155
          p_y          -0.104964   0.004030
          p_z           0.387346   0.052861
          p_x          -0.156090   0.008143

   17 C   s            -0.171507   0.005005
          p_y           0.080898   0.002326
          p_z          -0.085398   0.002774
          p_x          -0.081033   0.002171

   18 H   s            -0.041149   0.000423

   19 C   s            -0.015369   0.000059
          p_y           0.052694   0.001129
          p_z          -0.259410   0.024217
          p_x           0.139090   0.006281

   20 C   s            -0.025725   0.000155
          p_y          -0.124155   0.005217
          p_z           0.393261   0.054093
          p_x          -0.123136   0.005648

   21 C   s            -0.307476   0.016921
          p_y           0.107690   0.003968
          p_z           0.004579   0.000009
          p_x          -0.219291   0.016518

   22 H   s            -0.023770   0.000149

   23 C   s            -0.171167   0.004982
          p_y          -0.043163   0.000602
          p_z          -0.046728   0.000896
          p_x           0.129944   0.005952

   24 H   s            -0.062415   0.001296

   25 H   s            -0.040951   0.000419

   26 H   s            -0.024010   0.000152

   27 C   s            -0.306778   0.016836
          p_y          -0.132370   0.006023
          p_z           0.081348   0.002292
          p_x           0.187382   0.012030

   28 C   s             0.015394   0.000059
          p_y           0.052758   0.001131
          p_z          -0.259618   0.024255
          p_x           0.139161   0.006287

   29 H   s            -0.062591   0.001302

   30 C   s             0.014954   0.000056
          p_y           0.103679   0.003562
          p_z          -0.274136   0.026592
          p_x           0.051147   0.001163

   31 C   s             0.171222   0.004985
          p_y          -0.043240   0.000604
          p_z          -0.046734   0.000896
          p_x           0.130106   0.005967

   32 H   s             0.040962   0.000419

   33 C   s             0.171789   0.005023
          p_y           0.080938   0.002328
          p_z          -0.085464   0.002779
          p_x          -0.081062   0.002172

   34 H   s             0.041151   0.000422

   35 H   s             0.062640   0.001304

   36 H   s             0.062548   0.001301

Eigenvector:  97    (up)

    1 C   s            -0.327346   0.022770
          p_y          -0.083736   0.002293
          p_z          -0.137478   0.006144
          p_x           0.297053   0.028784

    2 C   s             0.037166   0.000546
          p_y           0.127264   0.004925
          p_z          -0.157124   0.007418
          p_x          -0.105808   0.003460

    3 C   s             0.325634   0.022551
          p_y          -0.190348   0.011819
          p_z           0.223792   0.016307
          p_x           0.168787   0.009314

    4 C   s             0.191320   0.009232
          p_y           0.160357   0.008058
          p_z          -0.051595   0.000836
          p_x          -0.271588   0.023107

    5 C   s            -0.064901   0.000930
          p_y          -0.006130   0.000013
          p_z          -0.284171   0.025417
          p_x           0.279980   0.024767

    6 H   s            -0.090080   0.001965

    7 C   s            -0.036999   0.000542
          p_y           0.051236   0.000815
          p_z           0.102226   0.003116
          p_x          -0.198813   0.012039

    8 C   s            -0.191344   0.009234
          p_y           0.160308   0.008053
          p_z          -0.051407   0.000830
          p_x          -0.271666   0.023121

    9 C   s            -0.325526   0.022536
          p_y          -0.190447   0.011831
          p_z           0.223800   0.016308
          p_x           0.168978   0.009334

   10 H   s            -0.108908   0.002436

   11 C   s             0.037108   0.000277
          p_y           0.083764   0.002402
          p_z          -0.344864   0.038629
          p_x           0.157315   0.007576

   12 C   s             0.066033   0.000960
          p_y          -0.190453   0.011454
          p_z           0.346180   0.037761
          p_x           0.053522   0.000916

   13 H   s             0.090232   0.001972

   14 H   s             0.108905   0.002436

   15 C   s             0.327269   0.022759
          p_y          -0.083831   0.002298
          p_z          -0.137443   0.006141
          p_x           0.297213   0.028814

   16 C   s             0.036981   0.000542
          p_y           0.051197   0.000814
          p_z           0.102380   0.003126
          p_x          -0.198884   0.012047

   17 C   s            -0.028311   0.000192
          p_y           0.220649   0.015845
          p_z          -0.232362   0.017759
          p_x          -0.221431   0.015790

   18 H   s             0.038491   0.000392

   19 C   s            -0.037165   0.000278
          p_y          -0.121236   0.004557
          p_z           0.355747   0.040731
          p_x          -0.093064   0.003053

   20 C   s            -0.037100   0.000545
          p_y           0.127286   0.004926
          p_z          -0.157217   0.007427
          p_x          -0.105766   0.003457

   21 C   s            -0.066175   0.000964
          p_y          -0.190383   0.011445
          p_z           0.346130   0.037750
          p_x           0.053428   0.000913

   22 H   s            -0.090248   0.001973

   23 C   s             0.027722   0.000186
          p_y           0.115669   0.004295
          p_z           0.126348   0.005316
          p_x          -0.349253   0.039652

   24 H   s            -0.006722   0.000015

   25 H   s            -0.038635   0.000395

   26 H   s             0.090101   0.001967

   27 C   s             0.064957   0.000932
          p_y          -0.006115   0.000013
          p_z          -0.284125   0.025408
          p_x           0.279912   0.024755

   28 C   s             0.037225   0.000279
          p_y          -0.121176   0.004552
          p_z           0.355618   0.040700
          p_x          -0.093068   0.003053

   29 H   s             0.006517   0.000014

   30 C   s            -0.037210   0.000278
          p_y           0.083803   0.002405
          p_z          -0.344868   0.038631
          p_x           0.157243   0.007568

   31 C   s            -0.027763   0.000186
          p_y           0.115591   0.004289
          p_z           0.126383   0.005319
          p_x          -0.349133   0.039624

   32 H   s             0.038628   0.000395

   33 C   s             0.028476   0.000195
          p_y           0.220626   0.015842
          p_z          -0.232379   0.017762
          p_x          -0.221370   0.015781

   34 H   s            -0.038486   0.000392

   35 H   s            -0.006486   0.000014

   36 H   s             0.006782   0.000015

Eigenvector:  98    (up)

    1 C   s             0.212819   0.009812
          p_y          -0.247384   0.018891
          p_z           0.111188   0.003751
          p_x           0.388979   0.046920

    2 C   s            -0.077008   0.001034
          p_y           0.096379   0.002986
          p_z          -0.310815   0.032071
          p_x           0.100769   0.003574

    3 C   s            -0.213524   0.009873
          p_y          -0.226108   0.015869
          p_z           0.038035   0.000473
          p_x           0.415699   0.053390

    4 C   s             0.000438   0.000000
          p_y          -0.128954   0.005431
          p_z           0.439720   0.063157
          p_x          -0.157723   0.008127

    5 C   s            -0.236213   0.011808
          p_y           0.099290   0.002909
          p_z           0.043368   0.000686
          p_x          -0.238784   0.017500

    6 H   s            -0.038498   0.000451

    7 C   s             0.076842   0.001029
          p_y          -0.085015   0.002503
          p_z           0.307952   0.031703
          p_x          -0.120982   0.004646

    8 C   s             0.000342   0.000000
          p_y           0.129058   0.005440
          p_z          -0.439881   0.063204
          p_x           0.157670   0.008122

    9 C   s            -0.213516   0.009873
          p_y           0.225995   0.015853
          p_z          -0.037934   0.000471
          p_x          -0.415571   0.053356

   10 H   s             0.000114   0.000000

   11 C   s             0.167973   0.006431
          p_y           0.019689   0.000141
          p_z           0.158769   0.008178
          p_x          -0.188703   0.011844

   12 C   s             0.237043   0.011886
          p_y           0.147599   0.006716
          p_z          -0.120969   0.004755
          p_x          -0.180602   0.009713

   13 H   s             0.038525   0.000452

   14 H   s             0.000147   0.000000

   15 C   s             0.213073   0.009834
          p_y           0.247420   0.018897
          p_z          -0.111277   0.003757
          p_x          -0.388968   0.046918

   16 C   s             0.076846   0.001030
          p_y           0.085001   0.002502
          p_z          -0.307797   0.031671
          p_x           0.120865   0.004637

   17 C   s            -0.157308   0.005688
          p_y          -0.115381   0.004276
          p_z          -0.030884   0.000289
          p_x           0.259017   0.021408

   18 H   s            -0.014865  -0.000007

   19 C   s            -0.168080   0.006439
          p_y           0.126231   0.005289
          p_z          -0.205219   0.013778
          p_x          -0.058356   0.001184

   20 C   s            -0.076988   0.001034
          p_y          -0.096396   0.002988
          p_z           0.310931   0.032096
          p_x          -0.100847   0.003580

   21 C   s             0.236926   0.011875
          p_y          -0.147641   0.006720
          p_z           0.121107   0.004766
          p_x           0.180558   0.009707

   22 H   s             0.038486   0.000451

   23 C   s             0.156922   0.005664
          p_y          -0.158779   0.008038
          p_z           0.116991   0.004315
          p_x           0.206380   0.013663

   24 H   s             0.057839   0.000588

   25 H   s             0.014741  -0.000008

   26 H   s            -0.038466   0.000451

   27 C   s            -0.236357   0.011821
          p_y          -0.099367   0.002914
          p_z          -0.043426   0.000687
          p_x           0.238995   0.017531

   28 C   s            -0.168091   0.006440
          p_y          -0.126269   0.005292
          p_z           0.205257   0.013783
          p_x           0.058394   0.001185

   29 H   s            -0.057999   0.000593

   30 C   s             0.167926   0.006427
          p_y          -0.019593   0.000140
          p_z          -0.159089   0.008212
          p_x           0.188814   0.011858

   31 C   s             0.157017   0.005670
          p_y           0.158826   0.008043
          p_z          -0.116988   0.004315
          p_x          -0.206474   0.013674

   32 H   s             0.014772  -0.000008

   33 C   s            -0.157136   0.005678
          p_y           0.115545   0.004288
          p_z           0.030763   0.000286
          p_x          -0.259240   0.021445

   34 H   s            -0.014881  -0.000007

   35 H   s            -0.057983   0.000592

   36 H   s             0.057980   0.000592

Eigenvector:  99    (up)

    1 C   s            -0.173863   0.006369
          p_y          -0.184949   0.010500
          p_z           0.353982   0.038706
          p_x           0.035220   0.000358

    2 C   s             0.206011   0.009399
          p_y           0.142714   0.006020
          p_z           0.012019   0.000046
          p_x          -0.296208   0.026008

    3 C   s             0.173898   0.006371
          p_y           0.006214   0.000015
          p_z          -0.297591   0.027430
          p_x           0.268628   0.022123

    4 C   s             0.000000  -0.000000
          p_y          -0.067537   0.001333
          p_z           0.230135   0.015477
          p_x          -0.082495   0.001989

    5 C   s            -0.227976   0.011124
          p_y          -0.099984   0.002980
          p_z          -0.175488   0.009667
          p_x           0.364897   0.040648

    6 H   s            -0.107575   0.002162

    7 C   s            -0.206021   0.009400
          p_y           0.179569   0.009562
          p_z          -0.113633   0.003854
          p_x          -0.251230   0.018665

    8 C   s            -0.000003   0.000000
          p_y           0.067540   0.001333
          p_z          -0.230136   0.015478
          p_x           0.082491   0.001989

    9 C   s             0.173896   0.006371
          p_y          -0.006218   0.000015
          p_z           0.297596   0.027431
          p_x          -0.268626   0.022122

   10 H   s             0.000002   0.000000

   11 C   s             0.094830   0.002240
          p_y           0.144671   0.006616
          p_z          -0.319250   0.031755
          p_x           0.011720   0.000027

   12 C   s             0.227917   0.011119
          p_y          -0.233708   0.016702
          p_z           0.280547   0.024400
          p_x           0.201646   0.012208

   13 H   s             0.107590   0.002163

   14 H   s             0.000004   0.000000

   15 C   s            -0.173860   0.006369
          p_y           0.184948   0.010500
          p_z          -0.353987   0.038707
          p_x          -0.035213   0.000358

   16 C   s            -0.206018   0.009400
          p_y          -0.179569   0.009562
          p_z           0.113641   0.003854
          p_x           0.251227   0.018664

   17 C   s            -0.173911   0.006425
          p_y           0.147155   0.006637
          p_z          -0.267548   0.022221
          p_x          -0.041887   0.000497

   18 H   s            -0.026877   0.000125

   19 C   s            -0.094816   0.002239
          p_y          -0.031605   0.000286
          p_z           0.283703   0.024948
          p_x          -0.203869   0.013184

   20 C   s             0.206010   0.009399
          p_y          -0.142711   0.006019
          p_z          -0.012024   0.000046
          p_x           0.296211   0.026009

   21 C   s             0.227919   0.011119
          p_y           0.233709   0.016702
          p_z          -0.280537   0.024398
          p_x          -0.201656   0.012209

   22 H   s             0.107590   0.002163

   23 C   s             0.173961   0.006428
          p_y           0.004788   0.000004
          p_z           0.219748   0.015078
          p_x          -0.216107   0.014281

   24 H   s             0.025210   0.000042

   25 H   s             0.026896   0.000125

   26 H   s            -0.107575   0.002162

   27 C   s            -0.227980   0.011125
          p_y           0.099987   0.002981
          p_z           0.175479   0.009666
          p_x          -0.364901   0.040649

   28 C   s            -0.094824   0.002240
          p_y           0.031602   0.000286
          p_z          -0.283703   0.024948
          p_x           0.203880   0.013186

   29 H   s            -0.025191   0.000041

   30 C   s             0.094831   0.002240
          p_y          -0.144673   0.006617
          p_z           0.319247   0.031755
          p_x          -0.011715   0.000027

   31 C   s             0.173975   0.006429
          p_y          -0.004782   0.000004
          p_z          -0.219755   0.015079
          p_x           0.216104   0.014280

   32 H   s             0.026900   0.000125

   33 C   s            -0.173921   0.006426
          p_y          -0.147151   0.006637
          p_z           0.267541   0.022220
          p_x           0.041879   0.000496

   34 H   s            -0.026879   0.000125

   35 H   s            -0.025191   0.000041

   36 H   s             0.025198   0.000042

Eigenvector: 100    (up)

    1 C   s            -0.072852   0.001198
          p_y           0.050499   0.000864
          p_z          -0.388528   0.046365
          p_x           0.265937   0.020872

    2 C   s            -0.121127   0.002872
          p_y          -0.012866   0.000043
          p_z          -0.191630   0.010660
          p_x           0.206437   0.012219

    3 C   s             0.072628   0.001192
          p_y          -0.190491   0.010779
          p_z           0.432591   0.056997
          p_x          -0.028105   0.000321

    4 C   s             0.303041   0.017267
          p_y           0.168144   0.008053
          p_z          -0.053205   0.000807
          p_x          -0.285615   0.023234

    5 C   s             0.161252   0.005588
          p_y           0.174101   0.008782
          p_z          -0.109577   0.003539
          p_x          -0.244176   0.017149

    6 H   s             0.041630   0.000257

    7 C   s             0.121156   0.002873
          p_y          -0.139365   0.005577
          p_z           0.239707   0.016620
          p_x           0.051927   0.000749

    8 C   s            -0.303043   0.017267
          p_y           0.168145   0.008053
          p_z          -0.053206   0.000807
          p_x          -0.285615   0.023234

    9 C   s            -0.072629   0.001192
          p_y          -0.190490   0.010779
          p_z           0.432588   0.056996
          p_x          -0.028104   0.000321

   10 H   s            -0.079286   0.000757

   11 C   s            -0.214549   0.009730
          p_y          -0.185460   0.010411
          p_z           0.256484   0.020198
          p_x           0.128684   0.004878

   12 C   s            -0.161130   0.005581
          p_y           0.138885   0.005540
          p_z           0.011011   0.000042
          p_x          -0.287384   0.023906

   13 H   s            -0.041604   0.000257

   14 H   s             0.079286   0.000757

   15 C   s             0.072855   0.001198
          p_y           0.050501   0.000864
          p_z          -0.388527   0.046365
          p_x           0.265935   0.020872

   16 C   s            -0.121152   0.002873
          p_y          -0.139363   0.005577
          p_z           0.239707   0.016620
          p_x           0.051924   0.000749

   17 C   s             0.263732   0.014623
          p_y          -0.108416   0.003532
          p_z           0.307939   0.028709
          p_x          -0.073288   0.001661

   18 H   s             0.057063   0.000454

   19 C   s             0.214545   0.009730
          p_y          -0.057946   0.000975
          p_z          -0.179982   0.010047
          p_x           0.284727   0.024491

   20 C   s             0.121130   0.002872
          p_y          -0.012866   0.000043
          p_z          -0.191623   0.010659
          p_x           0.206435   0.012219

   21 C   s             0.161127   0.005581
          p_y           0.138881   0.005540
          p_z           0.011016   0.000042
          p_x          -0.287383   0.023906

   22 H   s             0.041603   0.000257

   23 C   s            -0.263810   0.014630
          p_y           0.067805   0.001412
          p_z          -0.295167   0.026427
          p_x           0.142360   0.006076

   24 H   s            -0.052608   0.000303

   25 H   s            -0.057094   0.000455

   26 H   s            -0.041628   0.000257

   27 C   s            -0.161259   0.005589
          p_y           0.174095   0.008782
          p_z          -0.109577   0.003539
          p_x          -0.244165   0.017148

   28 C   s            -0.214548   0.009730
          p_y          -0.057946   0.000975
          p_z          -0.179982   0.010047
          p_x           0.284731   0.024491

   29 H   s             0.052588   0.000302

   30 C   s             0.214535   0.009729
          p_y          -0.185450   0.010410
          p_z           0.256458   0.020193
          p_x           0.128691   0.004879

   31 C   s             0.263820   0.014631
          p_y           0.067811   0.001412
          p_z          -0.295170   0.026427
          p_x           0.142356   0.006076

   32 H   s             0.057095   0.000455

   33 C   s            -0.263700   0.014620
          p_y          -0.108402   0.003531
          p_z           0.307931   0.028708
          p_x          -0.073319   0.001663

   34 H   s            -0.057067   0.000454

   35 H   s            -0.052588   0.000302

   36 H   s             0.052633   0.000303

Eigenvector: 101    (up)

    1 C   s            -0.061179   0.000874
          p_y          -0.125282   0.004462
          p_z           0.169289   0.008643
          p_x           0.090386   0.002073

    2 C   s             0.229713   0.009346
          p_y           0.140689   0.005642
          p_z          -0.177166   0.009016
          p_x          -0.113709   0.003644

    3 C   s             0.061145   0.000873
          p_y          -0.041376   0.000408
          p_z          -0.116743   0.004286
          p_x           0.192887   0.010491

    4 C   s             0.000019   0.000000
          p_y          -0.042767   0.000524
          p_z           0.145731   0.006086
          p_x          -0.052232   0.000782

    5 C   s             0.023476   0.000117
          p_y           0.197802   0.011543
          p_z          -0.422421   0.054002
          p_x           0.003329   0.000013

    6 H   s            -0.025050  -0.000021

    7 C   s            -0.229763   0.009350
          p_y           0.054842   0.000844
          p_z           0.115556   0.003860
          p_x          -0.218608   0.013610

    8 C   s             0.000063   0.000000
          p_y           0.042749   0.000524
          p_z          -0.145723   0.006086
          p_x           0.052263   0.000783

    9 C   s             0.061146   0.000873
          p_y           0.041390   0.000409
          p_z           0.116691   0.004283
          p_x          -0.192869   0.010489

   10 H   s             0.000015   0.000000

   11 C   s            -0.362116   0.025228
          p_y          -0.211201   0.013178
          p_z           0.170217   0.009049
          p_x           0.261182   0.019449

   12 C   s            -0.023399   0.000116
          p_y          -0.034599   0.000425
          p_z           0.370989   0.042040
          p_x          -0.280710   0.023109

   13 H   s             0.025064  -0.000021

   14 H   s             0.000011   0.000000

   15 C   s            -0.061183   0.000874
          p_y           0.125265   0.004461
          p_z          -0.169236   0.008638
          p_x          -0.090402   0.002074

   16 C   s            -0.229723   0.009347
          p_y          -0.054825   0.000843
          p_z          -0.115561   0.003861
          p_x           0.218581   0.013607

   17 C   s             0.330642   0.023006
          p_y          -0.079821   0.001968
          p_z           0.345918   0.035911
          p_x          -0.165986   0.008036

   18 H   s             0.065196   0.000343

   19 C   s             0.362160   0.025234
          p_y          -0.144551   0.005906
          p_z          -0.058371   0.001208
          p_x           0.342882   0.034584

   20 C   s             0.229666   0.009342
          p_y          -0.140668   0.005640
          p_z           0.177151   0.009014
          p_x           0.113681   0.003643

   21 C   s            -0.023402   0.000116
          p_y           0.034590   0.000425
          p_z          -0.370945   0.042030
          p_x           0.280692   0.023106

   22 H   s             0.025061  -0.000021

   23 C   s            -0.330729   0.023017
          p_y           0.126659   0.004708
          p_z          -0.360661   0.038862
          p_x           0.086664   0.002360

   24 H   s            -0.077706   0.000762

   25 H   s            -0.065222   0.000343

   26 H   s            -0.025048  -0.000021

   27 C   s             0.023494   0.000117
          p_y          -0.197781   0.011540
          p_z           0.422372   0.053989
          p_x          -0.003327   0.000013

   28 C   s             0.362131   0.025230
          p_y           0.144537   0.005905
          p_z           0.058376   0.001208
          p_x          -0.342860   0.034580

   29 H   s             0.077694   0.000761

   30 C   s            -0.362062   0.025221
          p_y           0.211173   0.013175
          p_z          -0.170176   0.009044
          p_x          -0.261167   0.019447

   31 C   s            -0.330713   0.023014
          p_y          -0.126654   0.004707
          p_z           0.360639   0.038857
          p_x          -0.086660   0.002360

   32 H   s            -0.065217   0.000343

   33 C   s             0.330561   0.022996
          p_y           0.079799   0.001967
          p_z          -0.345892   0.035905
          p_x           0.166018   0.008039

   34 H   s             0.065198   0.000343

   35 H   s             0.077688   0.000761

   36 H   s            -0.077753   0.000763

Eigenvector: 102    (up)

    1 C   s            -0.001247   0.000000
          p_y           0.118234   0.004252
          p_z          -0.377068   0.043498
          p_x           0.119847   0.004445

    2 C   s            -0.324458   0.018434
          p_y          -0.142551   0.005747
          p_z           0.072539   0.001508
          p_x           0.216115   0.013155

    3 C   s             0.001156   0.000000
          p_y          -0.101489   0.003177
          p_z           0.371732   0.042330
          p_x          -0.148380   0.006681

    4 C   s             0.310865   0.016774
          p_y           0.127759   0.004580
          p_z          -0.040373   0.000457
          p_x          -0.217066   0.013220

    5 C   s             0.027608   0.000174
          p_y          -0.138050   0.005757
          p_z           0.397605   0.048057
          p_x          -0.099179   0.003043

    6 H   s             0.029458  -0.000075

    7 C   s             0.324521   0.018441
          p_y          -0.124710   0.004378
          p_z           0.011715   0.000035
          p_x           0.237938   0.016003

    8 C   s            -0.310863   0.016774
          p_y           0.127763   0.004580
          p_z          -0.040389   0.000458
          p_x          -0.217059   0.013219

    9 C   s            -0.001148   0.000000
          p_y          -0.101485   0.003177
          p_z           0.371748   0.042334
          p_x          -0.148402   0.006683

   10 H   s            -0.027707  -0.000073

   11 C   s             0.310584   0.018082
          p_y           0.157327   0.007266
          p_z          -0.090950   0.002653
          p_x          -0.228280   0.014767

   12 C   s            -0.027635   0.000174
          p_y           0.090519   0.002520
          p_z          -0.382595   0.044568
          p_x           0.180111   0.009778

   13 H   s            -0.029454  -0.000075

   14 H   s             0.027707  -0.000073

   15 C   s             0.001237   0.000000
          p_y           0.118248   0.004253
          p_z          -0.377087   0.043502
          p_x           0.119839   0.004444

   16 C   s            -0.324552   0.018445
          p_y          -0.124717   0.004378
          p_z           0.011702   0.000035
          p_x           0.237968   0.016007

   17 C   s            -0.256328   0.013859
          p_y           0.048761   0.000757
          p_z          -0.259882   0.020248
          p_x           0.147042   0.006215

   18 H   s            -0.045908   0.000095

   19 C   s            -0.310635   0.018088
          p_y           0.130790   0.004813
          p_z           0.000358   0.000001
          p_x          -0.260898   0.019884

   20 C   s             0.324482   0.018436
          p_y          -0.142565   0.005748
          p_z           0.072554   0.001508
          p_x           0.216131   0.013157

   21 C   s             0.027634   0.000174
          p_y           0.090526   0.002520
          p_z          -0.382644   0.044579
          p_x           0.180146   0.009782

   22 H   s             0.029457  -0.000075

   23 C   s             0.256391   0.013865
          p_y          -0.108641   0.003420
          p_z           0.278726   0.023115
          p_x          -0.045546   0.000694

   24 H   s             0.063670   0.000532

   25 H   s             0.045922   0.000095

   26 H   s            -0.029463  -0.000075

   27 C   s            -0.027595   0.000174
          p_y          -0.138070   0.005758
          p_z           0.397656   0.048070
          p_x          -0.099190   0.003043

   28 C   s             0.310686   0.018094
          p_y           0.130809   0.004815
          p_z           0.000368   0.000001
          p_x          -0.260947   0.019891

   29 H   s            -0.063665   0.000531

   30 C   s            -0.310615   0.018086
          p_y           0.157345   0.007268
          p_z          -0.090946   0.002653
          p_x          -0.228323   0.014773

   31 C   s            -0.256442   0.013870
          p_y          -0.108663   0.003421
          p_z           0.278778   0.023124
          p_x          -0.045557   0.000695

   32 H   s            -0.045930   0.000095

   33 C   s             0.256325   0.013859
          p_y           0.048758   0.000757
          p_z          -0.259929   0.020255
          p_x           0.147105   0.006220

   34 H   s             0.045921   0.000095

   35 H   s             0.063676   0.000532

   36 H   s            -0.063727   0.000533

Eigenvector:   1    (down)

    1 C   s             0.235004   0.107623
          p_y           0.004012   0.000084
          p_z           0.004028   0.000071
          p_x          -0.011826   0.000689

    2 C   s             0.150821   0.044572
          p_y           0.008259   0.000335
          p_z           0.005707   0.000140
          p_x          -0.021876   0.002278

    3 C   s             0.235015   0.107634
          p_y          -0.007439   0.000271
          p_z           0.007640   0.000272
          p_x           0.007638   0.000300

    4 C   s             0.195994   0.074619
          p_y           0.014285   0.000963
          p_z          -0.004508   0.000096
          p_x          -0.024279   0.002783

    5 C   s             0.136858   0.037295
          p_y           0.000051   0.000000
          p_z           0.009665   0.000433
          p_x          -0.009220   0.000429

    6 H   s            -0.015968   0.001551

    7 C   s             0.150838   0.044582
          p_y          -0.013634   0.000882
          p_z           0.012608   0.000728
          p_x           0.015315   0.001143

    8 C   s             0.195994   0.074619
          p_y          -0.014285   0.000963
          p_z           0.004508   0.000096
          p_x           0.024279   0.002783

    9 C   s             0.235014   0.107632
          p_y           0.007439   0.000271
          p_z          -0.007640   0.000272
          p_x          -0.007638   0.000300

   10 H   s            -0.021153   0.002659

   11 C   s             0.065901   0.008753
          p_y           0.002324   0.000030
          p_z           0.006749   0.000211
          p_x          -0.010992   0.000605

   12 C   s             0.136867   0.037300
          p_y          -0.006309   0.000199
          p_z           0.011667   0.000647
          p_x           0.001576   0.000017

   13 H   s            -0.015971   0.001551

   14 H   s            -0.021153   0.002659

   15 C   s             0.235002   0.107622
          p_y          -0.004012   0.000084
          p_z          -0.004029   0.000071
          p_x           0.011826   0.000689

   16 C   s             0.150837   0.044581
          p_y           0.013634   0.000882
          p_z          -0.012608   0.000728
          p_x          -0.015315   0.001143

   17 C   s             0.041977   0.003607
          p_y          -0.001136   0.000006
          p_z           0.007007   0.000251
          p_x          -0.004324   0.000102

   18 H   s            -0.006571   0.000282

   19 C   s             0.065907   0.008755
          p_y          -0.007153   0.000255
          p_z           0.009730   0.000453
          p_x           0.005094   0.000138

   20 C   s             0.150819   0.044570
          p_y          -0.008259   0.000335
          p_z          -0.005707   0.000140
          p_x           0.021876   0.002278

   21 C   s             0.136864   0.037298
          p_y           0.006309   0.000199
          p_z          -0.011667   0.000647
          p_x          -0.001576   0.000017

   22 H   s            -0.015971   0.001551

   23 C   s             0.041978   0.003607
          p_y          -0.003146   0.000053
          p_z           0.007639   0.000302
          p_x          -0.000914   0.000003

   24 H   s            -0.003425   0.000083

   25 H   s            -0.006572   0.000282

   26 H   s            -0.015968   0.001550

   27 C   s             0.136856   0.037294
          p_y          -0.000051   0.000000
          p_z          -0.009665   0.000433
          p_x           0.009220   0.000429

   28 C   s             0.065906   0.008755
          p_y           0.007153   0.000255
          p_z          -0.009730   0.000453
          p_x          -0.005093   0.000138

   29 H   s            -0.003425   0.000083

   30 C   s             0.065901   0.008753
          p_y          -0.002324   0.000030
          p_z          -0.006749   0.000211
          p_x           0.010992   0.000605

   31 C   s             0.041978   0.003607
          p_y           0.003146   0.000053
          p_z          -0.007639   0.000302
          p_x           0.000914   0.000003

   32 H   s            -0.006572   0.000282

   33 C   s             0.041977   0.003607
          p_y           0.001136   0.000006
          p_z          -0.007007   0.000251
          p_x           0.004324   0.000102

   34 H   s            -0.006571   0.000282

   35 H   s            -0.003425   0.000083

   36 H   s            -0.003426   0.000083

Eigenvector:   2    (down)

    1 C   s            -0.132256   0.032710
          p_y          -0.010413   0.000474
          p_z           0.024013   0.002474
          p_x          -0.001868   0.000012

    2 C   s            -0.164300   0.050897
          p_y          -0.014855   0.000980
          p_z           0.012976   0.000717
          p_x           0.017418   0.001386

    3 C   s            -0.132264   0.032714
          p_y          -0.002988   0.000035
          p_z           0.021671   0.002002
          p_x          -0.014494   0.000923

    4 C   s             0.000006   0.000000
          p_y          -0.007977   0.000263
          p_z           0.027188   0.003055
          p_x          -0.009743   0.000392

    5 C   s            -0.222153   0.094272
          p_y          -0.004807   0.000113
          p_z          -0.002034   0.000017
          p_x           0.011524   0.000631

    6 H   s             0.018298   0.001890

    7 C   s            -0.164318   0.050908
          p_y           0.009499   0.000415
          p_z           0.005299   0.000110
          p_x          -0.023962   0.002558

    8 C   s            -0.000003   0.000000
          p_y          -0.007978   0.000263
          p_z           0.027188   0.003055
          p_x          -0.009742   0.000392

    9 C   s             0.132267   0.032715
          p_y          -0.002988   0.000035
          p_z           0.021670   0.002002
          p_x          -0.014494   0.000923

   10 H   s            -0.000002   0.000000

   11 C   s            -0.135382   0.035530
          p_y          -0.006723   0.000222
          p_z          -0.008105   0.000287
          p_x           0.021045   0.002090

   12 C   s            -0.222164   0.094282
          p_y           0.007110   0.000240
          p_z          -0.005787   0.000153
          p_x          -0.008712   0.000368

   13 H   s             0.018300   0.001890

   14 H   s             0.000002   0.000000

   15 C   s             0.132258   0.032711
          p_y          -0.010414   0.000474
          p_z           0.024013   0.002474
          p_x          -0.001867   0.000012

   16 C   s             0.164319   0.050908
          p_y           0.009499   0.000415
          p_z           0.005299   0.000110
          p_x          -0.023962   0.002558

   17 C   s            -0.101021   0.020039
          p_y           0.001788   0.000013
          p_z          -0.014869   0.001067
          p_x           0.010415   0.000549

   18 H   s             0.014158   0.001213

   19 C   s            -0.135391   0.035534
          p_y           0.013325   0.000835
          p_z          -0.014412   0.000944
          p_x          -0.012983   0.000820

   20 C   s             0.164301   0.050897
          p_y          -0.014854   0.000980
          p_z           0.012976   0.000717
          p_x           0.017418   0.001386

   21 C   s             0.222165   0.094282
          p_y           0.007110   0.000240
          p_z          -0.005787   0.000153
          p_x          -0.008712   0.000368

   22 H   s            -0.018300   0.001890

   23 C   s            -0.101023   0.020040
          p_y           0.007424   0.000277
          p_z          -0.016641   0.001351
          p_x           0.000853   0.000002

   24 H   s             0.009227   0.000546

   25 H   s             0.014159   0.001213

   26 H   s            -0.018298   0.001890

   27 C   s             0.222153   0.094272
          p_y          -0.004807   0.000113
          p_z          -0.002033   0.000017
          p_x           0.011524   0.000631

   28 C   s             0.135392   0.035535
          p_y           0.013325   0.000835
          p_z          -0.014412   0.000944
          p_x          -0.012983   0.000820

   29 H   s             0.009227   0.000546

   30 C   s             0.135383   0.035530
          p_y          -0.006723   0.000222
          p_z          -0.008105   0.000287
          p_x           0.021045   0.002090

   31 C   s             0.101024   0.020040
          p_y           0.007424   0.000277
          p_z          -0.016641   0.001351
          p_x           0.000853   0.000002

   32 H   s            -0.014159   0.001213

   33 C   s             0.101023   0.020040
          p_y           0.001788   0.000013
          p_z          -0.014870   0.001067
          p_x           0.010415   0.000549

   34 H   s            -0.014158   0.001213

   35 H   s            -0.009228   0.000546

   36 H   s            -0.009229   0.000546

Eigenvector:   3    (down)

    1 C   s             0.137244   0.033524
          p_y          -0.003717   0.000054
          p_z           0.026561   0.002821
          p_x          -0.017655   0.001255

    2 C   s            -0.026718   0.001285
          p_y          -0.012486   0.000614
          p_z           0.036354   0.005149
          p_x          -0.009368   0.000332

    3 C   s             0.137249   0.033526
          p_y          -0.012700   0.000649
          p_z           0.029393   0.003460
          p_x          -0.002393   0.000022

    4 C   s             0.158598   0.044922
          p_y           0.011974   0.000589
          p_z          -0.003779   0.000059
          p_x          -0.020348   0.001700

    5 C   s            -0.185762   0.062705
          p_y          -0.012262   0.000631
          p_z           0.023243   0.002242
          p_x           0.002574   0.000030

    6 H   s             0.003216   0.000053

    7 C   s            -0.026718   0.001285
          p_y          -0.008463   0.000273
          p_z           0.035085   0.004783
          p_x          -0.016217   0.001040

    8 C   s             0.158598   0.044922
          p_y          -0.011974   0.000589
          p_z           0.003779   0.000059
          p_x           0.020348   0.001700

    9 C   s             0.137250   0.033527
          p_y           0.012700   0.000649
          p_z          -0.029393   0.003460
          p_x           0.002393   0.000022

   10 H   s            -0.019180   0.001860

   11 C   s            -0.173534   0.055724
          p_y          -0.012589   0.000696
          p_z           0.001963   0.000015
          p_x           0.023271   0.002400

   12 C   s            -0.185768   0.062709
          p_y          -0.000240   0.000000
          p_z           0.019455   0.001564
          p_x          -0.017850   0.001340

   13 H   s             0.003216   0.000053

   14 H   s            -0.019180   0.001860

   15 C   s             0.137245   0.033525
          p_y           0.003716   0.000054
          p_z          -0.026561   0.002821
          p_x           0.017655   0.001255

   16 C   s            -0.026716   0.001285
          p_y           0.008463   0.000273
          p_z          -0.035085   0.004783
          p_x           0.016217   0.001040

   17 C   s            -0.162236   0.049169
          p_y           0.000717   0.000002
          p_z          -0.019451   0.001707
          p_x           0.016852   0.001306

   18 H   s             0.019298   0.002056

   19 C   s            -0.173541   0.055728
          p_y           0.013894   0.000856
          p_z          -0.006369   0.000185
          p_x          -0.021686   0.002070

   20 C   s            -0.026717   0.001285
          p_y           0.012486   0.000614
          p_z          -0.036354   0.005149
          p_x           0.009368   0.000332

   21 C   s            -0.185767   0.062708
          p_y           0.000240   0.000000
          p_z          -0.019455   0.001564
          p_x           0.017850   0.001340

   22 H   s             0.003215   0.000053

   23 C   s            -0.162238   0.049171
          p_y           0.011660   0.000624
          p_z          -0.022891   0.002376
          p_x          -0.001713   0.000015

   24 H   s             0.016946   0.001655

   25 H   s             0.019299   0.002056

   26 H   s             0.003216   0.000053

   27 C   s            -0.185761   0.062704
          p_y           0.012262   0.000631
          p_z          -0.023243   0.002242
          p_x          -0.002573   0.000030

   28 C   s            -0.173542   0.055729
          p_y          -0.013894   0.000856
          p_z           0.006369   0.000185
          p_x           0.021686   0.002070

   29 H   s             0.016947   0.001655

   30 C   s            -0.173536   0.055725
          p_y           0.012589   0.000697
          p_z          -0.001963   0.000015
          p_x          -0.023271   0.002400

   31 C   s            -0.162241   0.049172
          p_y          -0.011660   0.000624
          p_z           0.022891   0.002376
          p_x           0.001713   0.000015

   32 H   s             0.019300   0.002056

   33 C   s            -0.162241   0.049172
          p_y          -0.000717   0.000002
          p_z           0.019451   0.001707
          p_x          -0.016853   0.001306

   34 H   s             0.019299   0.002056

   35 H   s             0.016947   0.001655

   36 H   s             0.016949   0.001656

Eigenvector:   4    (down)

    1 C   s             0.202884   0.068838
          p_y           0.014630   0.000771
          p_z          -0.024155   0.002139
          p_x          -0.006416   0.000139

    2 C   s             0.128114   0.027923
          p_y           0.001284   0.000009
          p_z           0.025779   0.002344
          p_x          -0.026881   0.002682

    3 C   s             0.202894   0.068845
          p_y          -0.001993   0.000012
          p_z          -0.018912   0.001324
          p_x           0.021840   0.001713

    4 C   s            -0.000004   0.000000
          p_y           0.015014   0.000792
          p_z          -0.051167   0.009200
          p_x           0.018336   0.001181

    5 C   s            -0.029542   0.001491
          p_y          -0.014802   0.000830
          p_z           0.046031   0.008051
          p_x          -0.013836   0.000732

    6 H   s            -0.016565   0.001269

    7 C   s             0.128130   0.027930
          p_y          -0.018205   0.001224
          p_z           0.031921   0.003650
          p_x           0.006217   0.000163

    8 C   s             0.000008   0.000000
          p_y           0.015014   0.000792
          p_z          -0.051167   0.009200
          p_x           0.018336   0.001181

    9 C   s            -0.202893   0.068844
          p_y          -0.001992   0.000012
          p_z          -0.018914   0.001324
          p_x           0.021840   0.001713

   10 H   s             0.000003   0.000000

   11 C   s            -0.152445   0.040585
          p_y          -0.018044   0.001266
          p_z           0.024387   0.002188
          p_x           0.013046   0.000726

   12 C   s            -0.029538   0.001491
          p_y          -0.011898   0.000540
          p_z           0.045112   0.007738
          p_x          -0.018789   0.001336

   13 H   s            -0.016568   0.001269

   14 H   s            -0.000003   0.000000

   15 C   s            -0.202881   0.068836
          p_y           0.014630   0.000771
          p_z          -0.024156   0.002139
          p_x          -0.006415   0.000139

   16 C   s            -0.128134   0.027932
          p_y          -0.018205   0.001224
          p_z           0.031920   0.003649
          p_x           0.006218   0.000163

   17 C   s            -0.205892   0.074416
          p_y          -0.003279   0.000040
          p_z          -0.016260   0.001099
          p_x           0.021812   0.001922

   18 H   s             0.018402   0.001663

   19 C   s            -0.152445   0.040585
          p_y           0.006000   0.000160
          p_z           0.016822   0.000996
          p_x          -0.027779   0.003024

   20 C   s            -0.128116   0.027924
          p_y           0.001284   0.000009
          p_z           0.025778   0.002344
          p_x          -0.026880   0.002682

   21 C   s             0.029530   0.001490
          p_y          -0.011898   0.000540
          p_z           0.045112   0.007738
          p_x          -0.018788   0.001336

   22 H   s             0.016568   0.001269

   23 C   s            -0.205892   0.074416
          p_y           0.014408   0.000841
          p_z          -0.021821   0.001960
          p_x          -0.008198   0.000261

   24 H   s             0.025425   0.003282

   25 H   s             0.018401   0.001663

   26 H   s             0.016565   0.001269

   27 C   s             0.029536   0.001491
          p_y          -0.014801   0.000830
          p_z           0.046031   0.008051
          p_x          -0.013837   0.000732

   28 C   s             0.152441   0.040583
          p_y           0.005999   0.000160
          p_z           0.016823   0.000996
          p_x          -0.027779   0.003024

   29 H   s             0.025425   0.003282

   30 C   s             0.152444   0.040585
          p_y          -0.018044   0.001267
          p_z           0.024388   0.002188
          p_x           0.013046   0.000726

   31 C   s             0.205892   0.074416
          p_y           0.014408   0.000841
          p_z          -0.021820   0.001960
          p_x          -0.008199   0.000261

   32 H   s            -0.018400   0.001662

   33 C   s             0.205895   0.074419
          p_y          -0.003279   0.000040
          p_z          -0.016260   0.001099
          p_x           0.021812   0.001922

   34 H   s            -0.018402   0.001663

   35 H   s            -0.025425   0.003282

   36 H   s            -0.025430   0.003283

Eigenvector:   5    (down)

    1 C   s            -0.187903   0.057370
          p_y           0.036112   0.004370
          p_z          -0.018068   0.001090
          p_x          -0.055042   0.010161

    2 C   s            -0.202573   0.067568
          p_y          -0.000522  -0.000000
          p_z          -0.011719   0.000491
          p_x           0.012107   0.000458

    3 C   s             0.187867   0.057348
          p_y           0.031790   0.003390
          p_z          -0.003347   0.000038
          p_x          -0.060332   0.012199

    4 C   s            -0.268157   0.117451
          p_y          -0.005790   0.000095
          p_z           0.001833   0.000010
          p_x           0.009842   0.000275

    5 C   s            -0.106221   0.018654
          p_y           0.022993   0.001812
          p_z          -0.019114   0.001247
          p_x          -0.027850   0.002665

    6 H   s             0.034781   0.005258

    7 C   s             0.202562   0.067561
          p_y          -0.008206   0.000214
          p_z           0.014470   0.000721
          p_x           0.002718   0.000013

    8 C   s             0.268158   0.117452
          p_y          -0.005790   0.000095
          p_z           0.001832   0.000010
          p_x           0.009842   0.000275

    9 C   s            -0.187865   0.057347
          p_y           0.031790   0.003390
          p_z          -0.003347   0.000038
          p_x          -0.060332   0.012199

   10 H   s             0.046773   0.009326

   11 C   s            -0.082873   0.011606
          p_y           0.001555   0.000010
          p_z          -0.010884   0.000437
          p_x           0.007151   0.000175

   12 C   s             0.106204   0.018648
          p_y           0.015319   0.000807
          p_z           0.007041   0.000168
          p_x          -0.037225   0.004752

   13 H   s            -0.034782   0.005258

   14 H   s            -0.046773   0.009326

   15 C   s             0.187903   0.057370
          p_y           0.036111   0.004370
          p_z          -0.018068   0.001090
          p_x          -0.055041   0.010161

   16 C   s            -0.202561   0.067560
          p_y          -0.008206   0.000214
          p_z           0.014469   0.000721
          p_x           0.002719   0.000013

   17 C   s            -0.029066   0.001430
          p_y           0.007806   0.000215
          p_z          -0.010113   0.000364
          p_x          -0.006055   0.000128

   18 H   s             0.013593   0.000850

   19 C   s             0.082873   0.011606
          p_y          -0.005155   0.000092
          p_z           0.012013   0.000524
          p_x          -0.001046   0.000006

   20 C   s             0.202570   0.067566
          p_y          -0.000522  -0.000000
          p_z          -0.011720   0.000491
          p_x           0.012107   0.000458

   21 C   s            -0.106204   0.018648
          p_y           0.015318   0.000807
          p_z           0.007041   0.000168
          p_x          -0.037224   0.004751

   22 H   s             0.034782   0.005258

   23 C   s             0.029070   0.001430
          p_y           0.002876   0.000029
          p_z           0.006751   0.000163
          p_x          -0.012083   0.000515

   24 H   s             0.004003   0.000077

   25 H   s            -0.013594   0.000851

   26 H   s            -0.034780   0.005257

   27 C   s             0.106219   0.018653
          p_y           0.022992   0.001812
          p_z          -0.019113   0.001247
          p_x          -0.027850   0.002665

   28 C   s            -0.082872   0.011606
          p_y          -0.005155   0.000092
          p_z           0.012013   0.000524
          p_x          -0.001046   0.000006

   29 H   s            -0.004004   0.000077

   30 C   s             0.082872   0.011606
          p_y           0.001555   0.000010
          p_z          -0.010884   0.000437
          p_x           0.007151   0.000175

   31 C   s            -0.029069   0.001430
          p_y           0.002876   0.000029
          p_z           0.006751   0.000163
          p_x          -0.012083   0.000515

   32 H   s             0.013594   0.000851

   33 C   s             0.029067   0.001430
          p_y           0.007806   0.000215
          p_z          -0.010113   0.000364
          p_x          -0.006054   0.000128

   34 H   s            -0.013593   0.000850

   35 H   s             0.004004   0.000077

   36 H   s            -0.004004   0.000077

Eigenvector:   6    (down)

    1 C   s            -0.106600   0.017810
          p_y           0.011692   0.000440
          p_z           0.021083   0.001395
          p_x          -0.043235   0.005945

    2 C   s            -0.230421   0.084128
          p_y          -0.008447   0.000209
          p_z           0.013361   0.000571
          p_x           0.004270   0.000039

    3 C   s             0.106587   0.017806
          p_y           0.027701   0.002438
          p_z          -0.033495   0.003542
          p_x          -0.023688   0.001798

    4 C   s             0.000005   0.000000
          p_y          -0.011073   0.000399
          p_z           0.037738   0.004640
          p_x          -0.013523   0.000596

    5 C   s            -0.173630   0.048068
          p_y           0.034133   0.003792
          p_z          -0.017284   0.000958
          p_x          -0.051788   0.008769

    6 H   s             0.041527   0.006988

    7 C   s             0.230401   0.084114
          p_y          -0.001539   0.000003
          p_z          -0.010208   0.000349
          p_x           0.012703   0.000466

    8 C   s             0.000003   0.000000
          p_y           0.011073   0.000399
          p_z          -0.037739   0.004640
          p_x           0.013523   0.000596

    9 C   s             0.106585   0.017806
          p_y          -0.027701   0.002439
          p_z           0.033495   0.003542
          p_x           0.023689   0.001799

   10 H   s            -0.000004   0.000000

   11 C   s            -0.176121   0.050436
          p_y           0.000865   0.000005
          p_z          -0.015090   0.000808
          p_x           0.012493   0.000495

   12 C   s             0.173595   0.048049
          p_y           0.029899   0.002925
          p_z          -0.002888   0.000030
          p_x          -0.056961   0.010568

   13 H   s            -0.041526   0.006988

   14 H   s            -0.000003   0.000000

   15 C   s            -0.106604   0.017812
          p_y          -0.011692   0.000440
          p_z          -0.021082   0.001395
          p_x           0.043235   0.005945

   16 C   s             0.230401   0.084114
          p_y           0.001539   0.000003
          p_z           0.010209   0.000349
          p_x          -0.012703   0.000466

   17 C   s            -0.070229   0.008052
          p_y           0.018901   0.001192
          p_z          -0.023698   0.001874
          p_x          -0.015401   0.000792

   18 H   s             0.030240   0.003926

   19 C   s             0.176123   0.050438
          p_y          -0.008704   0.000244
          p_z           0.017547   0.001064
          p_x           0.000807  -0.000001

   20 C   s            -0.230423   0.084130
          p_y           0.008446   0.000209
          p_z          -0.013360   0.000571
          p_x          -0.004271   0.000039

   21 C   s             0.173597   0.048050
          p_y          -0.029899   0.002925
          p_z           0.002888   0.000030
          p_x           0.056961   0.010568

   22 H   s            -0.041526   0.006988

   23 C   s             0.070246   0.008056
          p_y           0.007472   0.000186
          p_z           0.015399   0.000791
          p_x          -0.029377   0.002880

   24 H   s             0.010626   0.000503

   25 H   s            -0.030241   0.003927

   26 H   s             0.041528   0.006989

   27 C   s            -0.173629   0.048067
          p_y          -0.034134   0.003792
          p_z           0.017284   0.000958
          p_x           0.051788   0.008769

   28 C   s             0.176126   0.050439
          p_y           0.008704   0.000244
          p_z          -0.017547   0.001064
          p_x          -0.000807  -0.000001

   29 H   s            -0.010629   0.000503

   30 C   s            -0.176121   0.050436
          p_y          -0.000865   0.000005
          p_z           0.015090   0.000808
          p_x          -0.012492   0.000495

   31 C   s             0.070247   0.008056
          p_y          -0.007472   0.000186
          p_z          -0.015399   0.000791
          p_x           0.029377   0.002880

   32 H   s            -0.030242   0.003927

   33 C   s            -0.070230   0.008052
          p_y          -0.018902   0.001192
          p_z           0.023698   0.001874
          p_x           0.015401   0.000792

   34 H   s             0.030240   0.003926

   35 H   s            -0.010629   0.000503

   36 H   s             0.010629   0.000503

Eigenvector:   7    (down)

    1 C   s            -0.055472   0.004748
          p_y           0.012872   0.000556
          p_z          -0.052959   0.009260
          p_x           0.024288   0.001913

    2 C   s             0.132573   0.027808
          p_y           0.019195   0.001215
          p_z          -0.034992   0.003914
          p_x          -0.005303   0.000110

    3 C   s            -0.055461   0.004746
          p_y           0.018748   0.001144
          p_z          -0.054809   0.009891
          p_x           0.014317   0.000695

    4 C   s            -0.144102   0.032591
          p_y          -0.010685   0.000384
          p_z           0.003373   0.000038
          p_x           0.018156   0.001109

    5 C   s             0.165390   0.043051
          p_y          -0.003634   0.000052
          p_z           0.037827   0.004887
          p_x          -0.028377   0.002637

    6 H   s            -0.019564   0.001525

    7 C   s             0.132594   0.027816
          p_y          -0.000489   0.000002
          p_z          -0.028787   0.002610
          p_x           0.028149   0.002628

    8 C   s            -0.144095   0.032588
          p_y           0.010686   0.000384
          p_z          -0.003376   0.000038
          p_x          -0.018155   0.001109

    9 C   s            -0.055473   0.004748
          p_y          -0.018748   0.001144
          p_z           0.054810   0.009891
          p_x          -0.014317   0.000695

   10 H   s             0.021609   0.001827

   11 C   s            -0.081281   0.010705
          p_y          -0.023032   0.001787
          p_z           0.057455   0.010827
          p_x          -0.008124   0.000183

   12 C   s             0.165404   0.043059
          p_y          -0.020031   0.001322
          p_z           0.042986   0.006251
          p_x          -0.000551   0.000003

   13 H   s            -0.019567   0.001526

   14 H   s             0.021608   0.001827

   15 C   s            -0.055476   0.004749
          p_y          -0.012870   0.000556
          p_z           0.052957   0.009259
          p_x          -0.024290   0.001913

   16 C   s             0.132592   0.027816
          p_y           0.000488   0.000002
          p_z           0.028790   0.002611
          p_x          -0.028150   0.002628

   17 C   s            -0.244796   0.097170
          p_y          -0.012241   0.000495
          p_z          -0.002955   0.000036
          p_x           0.027161   0.002494

   18 H   s             0.010872   0.000496

   19 C   s            -0.081269   0.010702
          p_y          -0.009316   0.000261
          p_z           0.053137   0.009185
          p_x          -0.031428   0.003353

   20 C   s             0.132572   0.027807
          p_y          -0.019196   0.001215
          p_z           0.034993   0.003914
          p_x           0.005303   0.000110

   21 C   s             0.165414   0.043064
          p_y           0.020031   0.001322
          p_z          -0.042984   0.006251
          p_x           0.000551   0.000003

   22 H   s            -0.019566   0.001526

   23 C   s            -0.244792   0.097167
          p_y           0.016615   0.000936
          p_z          -0.012028   0.000510
          p_x          -0.021809   0.001578

   24 H   s             0.037582   0.006148

   25 H   s             0.010868   0.000496

   26 H   s            -0.019564   0.001525

   27 C   s             0.165394   0.043054
          p_y           0.003634   0.000052
          p_z          -0.037826   0.004887
          p_x           0.028378   0.002637

   28 C   s            -0.081258   0.010699
          p_y           0.009317   0.000262
          p_z          -0.053138   0.009185
          p_x           0.031427   0.003353

   29 H   s             0.037581   0.006147

   30 C   s            -0.081282   0.010705
          p_y           0.023032   0.001788
          p_z          -0.057456   0.010828
          p_x           0.008125   0.000183

   31 C   s            -0.244787   0.097163
          p_y          -0.016615   0.000936
          p_z           0.012027   0.000510
          p_x           0.021811   0.001578

   32 H   s             0.010866   0.000496

   33 C   s            -0.244800   0.097175
          p_y           0.012241   0.000495
          p_z           0.002955   0.000036
          p_x          -0.027160   0.002493

   34 H   s             0.010872   0.000496

   35 H   s             0.037580   0.006147

   36 H   s             0.037589   0.006150

Eigenvector:   8    (down)

    1 C   s            -0.099623   0.014907
          p_y           0.029600   0.002614
          p_z          -0.042368   0.005290
          p_x          -0.019117   0.001118

    2 C   s             0.051458   0.004005
          p_y           0.015022   0.000687
          p_z          -0.047841   0.007060
          p_x           0.015130   0.000724

    3 C   s             0.099579   0.014894
          p_y           0.008248   0.000211
          p_z           0.030420   0.002705
          p_x          -0.045209   0.006108

    4 C   s            -0.223168   0.074782
          p_y          -0.004782   0.000056
          p_z           0.001516   0.000006
          p_x           0.008121   0.000162

    5 C   s             0.148292   0.033573
          p_y          -0.021442   0.001414
          p_z          -0.013758   0.000579
          p_x           0.055709   0.009533

    6 H   s            -0.009924   0.000365

    7 C   s            -0.051449   0.004004
          p_y          -0.012826   0.000516
          p_z           0.047132   0.006871
          p_x          -0.018883   0.001081

    8 C   s             0.223173   0.074785
          p_y          -0.004782   0.000056
          p_z           0.001517   0.000006
          p_x           0.008121   0.000162

    9 C   s            -0.099579   0.014894
          p_y           0.008249   0.000211
          p_z           0.030417   0.002704
          p_x          -0.045209   0.006108

   10 H   s             0.043451   0.006906

   11 C   s             0.238791   0.088520
          p_y           0.003805   0.000033
          p_z           0.003779   0.000056
          p_x          -0.011166   0.000351

   12 C   s            -0.148246   0.033552
          p_y          -0.034667   0.003691
          p_z           0.031419   0.003027
          p_x           0.039556   0.004811

   13 H   s             0.009921   0.000365

   14 H   s            -0.043452   0.006906

   15 C   s             0.099625   0.014908
          p_y           0.029600   0.002614
          p_z          -0.042369   0.005291
          p_x          -0.019117   0.001118

   16 C   s             0.051442   0.004003
          p_y          -0.012827   0.000516
          p_z           0.047131   0.006871
          p_x          -0.018882   0.001080

   17 C   s             0.113211   0.020043
          p_y          -0.030434   0.002894
          p_z           0.036399   0.004091
          p_x           0.026451   0.002220

   18 H   s            -0.043483   0.007459

   19 C   s            -0.238789   0.088519
          p_y           0.007032   0.000142
          p_z          -0.007177   0.000172
          p_x          -0.007234   0.000127

   20 C   s            -0.051459   0.004005
          p_y           0.015022   0.000687
          p_z          -0.047841   0.007060
          p_x           0.015130   0.000724

   21 C   s             0.148241   0.033550
          p_y          -0.034668   0.003691
          p_z           0.031421   0.003028
          p_x           0.039555   0.004811

   22 H   s            -0.009920   0.000365

   23 C   s            -0.113240   0.020054
          p_y          -0.013164   0.000553
          p_z          -0.022679   0.001570
          p_x           0.047567   0.007081

   24 H   s            -0.019253   0.001517

   25 H   s             0.043483   0.007460

   26 H   s             0.009925   0.000365

   27 C   s            -0.148295   0.033575
          p_y          -0.021442   0.001414
          p_z          -0.013757   0.000579
          p_x           0.055708   0.009532

   28 C   s             0.238795   0.088523
          p_y           0.007032   0.000142
          p_z          -0.007175   0.000171
          p_x          -0.007236   0.000127

   29 H   s             0.019258   0.001518

   30 C   s            -0.238789   0.088519
          p_y           0.003805   0.000033
          p_z           0.003780   0.000056
          p_x          -0.011166   0.000351

   31 C   s             0.113251   0.020057
          p_y          -0.013164   0.000553
          p_z          -0.022680   0.001570
          p_x           0.047568   0.007081

   32 H   s            -0.043484   0.007460

   33 C   s            -0.113206   0.020041
          p_y          -0.030435   0.002895
          p_z           0.036400   0.004091
          p_x           0.026453   0.002221

   34 H   s             0.043483   0.007459

   35 H   s            -0.019260   0.001518

   36 H   s             0.019257   0.001518

Eigenvector:   9    (down)

    1 C   s             0.203485   0.060213
          p_y           0.012889   0.000453
          p_z          -0.001262   0.000003
          p_x          -0.024543   0.001660

    2 C   s            -0.014293   0.000307
          p_y          -0.020687   0.001254
          p_z           0.067783   0.013421
          p_x          -0.022652   0.001489

    3 C   s             0.203504   0.060225
          p_y          -0.014693   0.000596
          p_z           0.007439   0.000158
          p_x           0.022326   0.001361

    4 C   s            -0.000017   0.000000
          p_y           0.019770   0.001128
          p_z          -0.067370   0.013104
          p_x           0.024143   0.001683

    5 C   s            -0.211151   0.066093
          p_y          -0.011927   0.000398
          p_z          -0.000826   0.000003
          p_x           0.024548   0.001716

    6 H   s             0.002533   0.000022

    7 C   s            -0.014295   0.000307
          p_y          -0.018908   0.001040
          p_z           0.067227   0.013192
          p_x          -0.025703   0.001939

    8 C   s             0.000021   0.000000
          p_y           0.019769   0.001128
          p_z          -0.067368   0.013103
          p_x           0.024143   0.001683

    9 C   s            -0.203508   0.060227
          p_y          -0.014691   0.000596
          p_z           0.007436   0.000158
          p_x           0.022325   0.001361

   10 H   s             0.000006   0.000000

   11 C   s             0.007809   0.000091
          p_y           0.020176   0.001237
          p_z          -0.064743   0.012634
          p_x           0.020677   0.001267

   12 C   s            -0.211178   0.066109
          p_y           0.014858   0.000630
          p_z          -0.009255   0.000254
          p_x          -0.020940   0.001231

   13 H   s             0.002533   0.000022

   14 H   s            -0.000007   0.000000

   15 C   s            -0.203479   0.060210
          p_y           0.012890   0.000453
          p_z          -0.001263   0.000003
          p_x          -0.024545   0.001661

   16 C   s             0.014283   0.000306
          p_y          -0.018909   0.001040
          p_z           0.067227   0.013192
          p_x          -0.025703   0.001939

   17 C   s             0.214831   0.070583
          p_y           0.017937   0.000978
          p_z          -0.011155   0.000406
          p_x          -0.025248   0.001878

   18 H   s            -0.000778   0.000002

   19 C   s             0.007761   0.000090
          p_y           0.017450   0.000907
          p_z          -0.063881   0.012277
          p_x           0.025323   0.001956

   20 C   s             0.014297   0.000307
          p_y          -0.020686   0.001254
          p_z           0.067781   0.013420
          p_x          -0.022652   0.001489

   21 C   s             0.211174   0.066107
          p_y           0.014857   0.000630
          p_z          -0.009252   0.000254
          p_x          -0.020941   0.001231

   22 H   s            -0.002531   0.000022

   23 C   s             0.214807   0.070568
          p_y          -0.014381   0.000605
          p_z          -0.000996   0.000006
          p_x           0.029606   0.002653

   24 H   s            -0.038972   0.005928

   25 H   s            -0.000767   0.000002

   26 H   s            -0.002534   0.000022

   27 C   s             0.211150   0.066092
          p_y          -0.011926   0.000398
          p_z          -0.000825   0.000003
          p_x           0.024547   0.001716

   28 C   s            -0.007750   0.000090
          p_y           0.017450   0.000907
          p_z          -0.063879   0.012276
          p_x           0.025321   0.001955

   29 H   s            -0.038968   0.005927

   30 C   s            -0.007808   0.000091
          p_y           0.020175   0.001237
          p_z          -0.064743   0.012634
          p_x           0.020678   0.001267

   31 C   s            -0.214795   0.070559
          p_y          -0.014381   0.000605
          p_z          -0.000998   0.000006
          p_x           0.029607   0.002653

   32 H   s             0.000766   0.000002

   33 C   s            -0.214828   0.070582
          p_y           0.017936   0.000978
          p_z          -0.011156   0.000406
          p_x          -0.025246   0.001878

   34 H   s             0.000778   0.000002

   35 H   s             0.038965   0.005926

   36 H   s             0.038978   0.005930

Eigenvector:  10    (down)

    1 C   s            -0.140639   0.028167
          p_y           0.019809   0.001112
          p_z           0.017887   0.000853
          p_x          -0.056431   0.008864

    2 C   s            -0.176932   0.044766
          p_y           0.007359   0.000170
          p_z          -0.036468   0.003819
          p_x           0.019700   0.001036

    3 C   s             0.140624   0.028162
          p_y           0.035410   0.003485
          p_z          -0.035293   0.003403
          p_x          -0.037385   0.003943

    4 C   s             0.000000   0.000000
          p_y          -0.018147   0.000931
          p_z           0.061845   0.010816
          p_x          -0.022162   0.001389

    5 C   s             0.032593   0.001537
          p_y           0.010943   0.000330
          p_z          -0.056827   0.008996
          p_x           0.031678   0.002818

    6 H   s             0.036764   0.004539

    7 C   s             0.176918   0.044760
          p_y          -0.014703   0.000585
          p_z           0.038775   0.004263
          p_x          -0.007248   0.000176

    8 C   s             0.000005   0.000000
          p_y           0.018147   0.000931
          p_z          -0.061847   0.010817
          p_x           0.022163   0.001389

    9 C   s             0.140616   0.028159
          p_y          -0.035411   0.003485
          p_z           0.035295   0.003404
          p_x           0.037385   0.003943

   10 H   s            -0.000004   0.000000

   11 C   s             0.234093   0.080341
          p_y           0.012151   0.000395
          p_z          -0.024876   0.001761
          p_x          -0.000843  -0.000001

   12 C   s            -0.032590   0.001537
          p_y          -0.023504   0.001549
          p_z           0.060754   0.010297
          p_x          -0.010406   0.000295

   13 H   s            -0.036762   0.004539

   14 H   s            -0.000005   0.000000

   15 C   s            -0.140644   0.028169
          p_y          -0.019808   0.001112
          p_z          -0.017888   0.000854
          p_x           0.056430   0.008864

   16 C   s             0.176924   0.044762
          p_y           0.014702   0.000585
          p_z          -0.038772   0.004263
          p_x           0.007246   0.000176

   17 C   s             0.142970   0.030329
          p_y          -0.038122   0.004195
          p_z           0.042311   0.005017
          p_x           0.036220   0.003908

   18 H   s            -0.046104   0.007544

   19 C   s            -0.234085   0.080336
          p_y          -0.001401   0.000009
          p_z           0.021491   0.001345
          p_x          -0.017419   0.000800

   20 C   s            -0.176934   0.044767
          p_y          -0.007359   0.000170
          p_z           0.036469   0.003819
          p_x          -0.019701   0.001036

   21 C   s            -0.032578   0.001536
          p_y           0.023504   0.001549
          p_z          -0.060755   0.010297
          p_x           0.010407   0.000295

   22 H   s            -0.036763   0.004539

   23 C   s            -0.142969   0.030329
          p_y          -0.018608   0.001042
          p_z          -0.024460   0.001622
          p_x           0.060089   0.010455

   24 H   s            -0.028265   0.002947

   25 H   s             0.046102   0.007543

   26 H   s             0.036764   0.004539

   27 C   s             0.032596   0.001537
          p_y          -0.010944   0.000330
          p_z           0.056827   0.008996
          p_x          -0.031675   0.002817

   28 C   s            -0.234085   0.080336
          p_y           0.001402   0.000009
          p_z          -0.021495   0.001346
          p_x           0.017421   0.000800

   29 H   s             0.028265   0.002947

   30 C   s             0.234088   0.080338
          p_y          -0.012150   0.000395
          p_z           0.024874   0.001761
          p_x           0.000843  -0.000001

   31 C   s            -0.142980   0.030333
          p_y           0.018608   0.001042
          p_z           0.024460   0.001622
          p_x          -0.060088   0.010455

   32 H   s             0.046102   0.007543

   33 C   s             0.142962   0.030326
          p_y           0.038123   0.004195
          p_z          -0.042311   0.005016
          p_x          -0.036222   0.003909

   34 H   s            -0.046103   0.007543

   35 H   s             0.028267   0.002947

   36 H   s            -0.028271   0.002948

Eigenvector:  11    (down)

    1 C   s             0.024816   0.000825
          p_y          -0.028875   0.002071
          p_z           0.082678   0.016854
          p_x          -0.020366   0.001001

    2 C   s            -0.219476   0.064575
          p_y          -0.011792   0.000333
          p_z           0.027647   0.001979
          p_x          -0.002548   0.000028

    3 C   s            -0.024814   0.000825
          p_y           0.018680   0.000848
          p_z          -0.079429   0.015526
          p_x           0.037725   0.003544

    4 C   s             0.234769   0.073308
          p_y           0.004257   0.000035
          p_z          -0.001343   0.000003
          p_x          -0.007225   0.000101

    5 C   s            -0.081025   0.008940
          p_y           0.035471   0.003244
          p_z          -0.069535   0.012256
          p_x          -0.005279   0.000087

    6 H   s             0.050763   0.007666

    7 C   s             0.219435   0.064550
          p_y           0.003679   0.000045
          p_z          -0.025093   0.001670
          p_x           0.016348   0.000628

    8 C   s            -0.234763   0.073304
          p_y           0.004257   0.000035
          p_z          -0.001345   0.000004
          p_x          -0.007224   0.000101

    9 C   s             0.024816   0.000825
          p_y           0.018680   0.000848
          p_z          -0.079431   0.015527
          p_x           0.037727   0.003544

   10 H   s            -0.055249   0.008920

   11 C   s             0.157894   0.034244
          p_y           0.019001   0.000929
          p_z          -0.053698   0.007670
          p_x           0.012620   0.000466

   12 C   s             0.081041   0.008943
          p_y          -0.002198   0.000008
          p_z           0.059017   0.008765
          p_x          -0.051291   0.006806

   13 H   s            -0.050749   0.007662

   14 H   s             0.055248   0.008919

   15 C   s            -0.024820   0.000825
          p_y          -0.028875   0.002071
          p_z           0.082674   0.016853
          p_x          -0.020364   0.001001

   16 C   s            -0.219439   0.064553
          p_y           0.003679   0.000045
          p_z          -0.025094   0.001670
          p_x           0.016349   0.000628

   17 C   s             0.139918   0.027377
          p_y          -0.036567   0.003534
          p_z           0.035993   0.003232
          p_x           0.039061   0.004227

   18 H   s            -0.034264   0.003691

   19 C   s            -0.157875   0.034235
          p_y          -0.011748   0.000391
          p_z           0.051414   0.007090
          p_x          -0.024973   0.001586

   20 C   s             0.219468   0.064570
          p_y          -0.011792   0.000333
          p_z           0.027649   0.001980
          p_x          -0.002550   0.000028

   21 C   s            -0.081042   0.008944
          p_y          -0.002198   0.000008
          p_z           0.059018   0.008766
          p_x          -0.051293   0.006807

   22 H   s             0.050750   0.007662

   23 C   s            -0.139943   0.027387
          p_y          -0.020807   0.001215
          p_z          -0.017937   0.000736
          p_x           0.058331   0.009039

   24 H   s            -0.033166   0.003609

   25 H   s             0.034258   0.003690

   26 H   s            -0.050761   0.007665

   27 C   s             0.081031   0.008941
          p_y           0.035471   0.003244
          p_z          -0.069530   0.012254
          p_x          -0.005281   0.000087

   28 C   s             0.157874   0.034235
          p_y          -0.011748   0.000391
          p_z           0.051414   0.007090
          p_x          -0.024973   0.001586

   29 H   s             0.033173   0.003610

   30 C   s            -0.157882   0.034239
          p_y           0.019001   0.000929
          p_z          -0.053699   0.007670
          p_x           0.012621   0.000466

   31 C   s             0.139943   0.027387
          p_y          -0.020806   0.001215
          p_z          -0.017938   0.000736
          p_x           0.058331   0.009039

   32 H   s            -0.034257   0.003690

   33 C   s            -0.139918   0.027378
          p_y          -0.036566   0.003533
          p_z           0.035989   0.003232
          p_x           0.039061   0.004227

   34 H   s             0.034261   0.003691

   35 H   s            -0.033173   0.003610

   36 H   s             0.033175   0.003611

Eigenvector:  12    (down)

    1 C   s             0.048903   0.003010
          p_y           0.041633   0.004229
          p_z          -0.120517   0.035855
          p_x           0.030630   0.002389

    2 C   s             0.183423   0.044154
          p_y          -0.003055   0.000018
          p_z           0.035268   0.002939
          p_x          -0.027160   0.001807

    3 C   s             0.048912   0.003011
          p_y           0.027810   0.001949
          p_z          -0.116148   0.033399
          p_x           0.054158   0.007127

    4 C   s            -0.221234   0.063759
          p_y          -0.008366   0.000172
          p_z           0.002643   0.000017
          p_x           0.014205   0.000497

    5 C   s            -0.121907   0.019004
          p_y          -0.039010   0.003730
          p_z           0.085753   0.018619
          p_x          -0.002999   0.000042

    6 H   s            -0.041872   0.004884

    7 C   s             0.183438   0.044161
          p_y          -0.019107   0.000890
          p_z           0.040324   0.003875
          p_x           0.000097   0.000000

    8 C   s            -0.221241   0.063763
          p_y           0.008366   0.000172
          p_z          -0.002644   0.000017
          p_x          -0.014205   0.000497

    9 C   s             0.048910   0.003011
          p_y          -0.027810   0.001949
          p_z           0.116146   0.033398
          p_x          -0.054157   0.007127

   10 H   s             0.052746   0.007607

   11 C   s            -0.107668   0.015637
          p_y           0.011671   0.000327
          p_z          -0.053326   0.006972
          p_x           0.026881   0.001803

   12 C   s            -0.121901   0.019003
          p_y          -0.008442   0.000213
          p_z           0.076116   0.014836
          p_x          -0.054961   0.007345

   13 H   s            -0.041873   0.004885

   14 H   s             0.052748   0.007607

   15 C   s             0.048901   0.003010
          p_y          -0.041634   0.004229
          p_z           0.120520   0.035857
          p_x          -0.030632   0.002390

   16 C   s             0.183432   0.044158
          p_y           0.019107   0.000890
          p_z          -0.040323   0.003875
          p_x          -0.000097   0.000000

   17 C   s             0.153064   0.031116
          p_y           0.034380   0.002965
          p_z          -0.046136   0.005757
          p_x          -0.025147   0.001373

   18 H   s             0.023561   0.001644

   19 C   s            -0.107686   0.015642
          p_y           0.020306   0.001025
          p_z          -0.056034   0.007721
          p_x           0.012223   0.000354

   20 C   s             0.183432   0.044158
          p_y           0.003054   0.000018
          p_z          -0.035267   0.002939
          p_x           0.027160   0.001807

   21 C   s            -0.121900   0.019002
          p_y           0.008442   0.000213
          p_z          -0.076114   0.014835
          p_x           0.054960   0.007344

   22 H   s            -0.041872   0.004884

   23 C   s             0.153046   0.031108
          p_y          -0.011641   0.000272
          p_z          -0.031662   0.002859
          p_x           0.052970   0.006967

   24 H   s            -0.043416   0.005691

   25 H   s             0.023566   0.001645

   26 H   s            -0.041874   0.004885

   27 C   s            -0.121904   0.019003
          p_y           0.039011   0.003730
          p_z          -0.085757   0.018621
          p_x           0.003001   0.000042

   28 C   s            -0.107682   0.015641
          p_y          -0.020306   0.001025
          p_z           0.056034   0.007721
          p_x          -0.012223   0.000354

   29 H   s            -0.043410   0.005689

   30 C   s            -0.107680   0.015640
          p_y          -0.011671   0.000327
          p_z           0.053324   0.006972
          p_x          -0.026881   0.001803

   31 C   s             0.153046   0.031108
          p_y           0.011640   0.000272
          p_z           0.031662   0.002859
          p_x          -0.052969   0.006966

   32 H   s             0.023565   0.001645

   33 C   s             0.153059   0.031114
          p_y          -0.034382   0.002966
          p_z           0.046141   0.005758
          p_x           0.025147   0.001373

   34 H   s             0.023564   0.001645

   35 H   s            -0.043410   0.005689

   36 H   s            -0.043421   0.005692

Eigenvector:  13    (down)

    1 C   s            -0.182380   0.039631
          p_y           0.042107   0.003892
          p_z          -0.020892   0.000935
          p_x          -0.064374   0.009164

    2 C   s             0.031710   0.001199
          p_y           0.036172   0.002851
          p_z          -0.123304   0.033284
          p_x           0.044098   0.004290

    3 C   s             0.181079   0.039077
          p_y           0.037651   0.003138
          p_z          -0.004738   0.000056
          p_x          -0.070726   0.010988

    4 C   s             0.000015   0.000000
          p_y          -0.038113   0.003148
          p_z           0.129871   0.036554
          p_x          -0.046536   0.004693

    5 C   s             0.170999   0.035398
          p_y          -0.042989   0.004120
          p_z           0.030519   0.001997
          p_x           0.057023   0.007390

    6 H   s            -0.009774   0.000226

    7 C   s            -0.030105   0.001080
          p_y          -0.036006   0.002854
          p_z           0.122955   0.033130
          p_x          -0.044188   0.004248

    8 C   s             0.000021   0.000000
          p_y           0.037925   0.003118
          p_z          -0.129229   0.036202
          p_x           0.046306   0.004648

    9 C   s             0.182343   0.039616
          p_y          -0.037205   0.003065
          p_z           0.004129   0.000043
          p_x           0.070410   0.010894

   10 H   s            -0.000015   0.000000

   11 C   s            -0.040139   0.001953
          p_y          -0.032561   0.002364
          p_z           0.107337   0.025918
          p_x          -0.036039   0.002968

   12 C   s            -0.171057   0.035423
          p_y          -0.032292   0.002379
          p_z          -0.005905   0.000059
          p_x           0.069998   0.010952

   13 H   s             0.009232   0.000201

   14 H   s            -0.000017   0.000000

   15 C   s            -0.181118   0.039094
          p_y          -0.042249   0.003917
          p_z           0.020462   0.000896
          p_x           0.065064   0.009357

   16 C   s            -0.031680   0.001197
          p_y           0.036137   0.002875
          p_z          -0.123270   0.033298
          p_x           0.044226   0.004253

   17 C   s            -0.157598   0.031088
          p_y           0.037956   0.003236
          p_z          -0.022889   0.000968
          p_x          -0.054145   0.007049

   18 H   s             0.010483   0.000275

   19 C   s             0.038574   0.001802
          p_y           0.030064   0.002056
          p_z          -0.106776   0.025693
          p_x           0.040564   0.003657

   20 C   s             0.030121   0.001081
          p_y          -0.036127   0.002845
          p_z           0.123018   0.033134
          p_x          -0.043921   0.004254

   21 C   s            -0.170995   0.035397
          p_y           0.032039   0.002343
          p_z           0.006873   0.000084
          p_x          -0.070408   0.011080

   22 H   s             0.009756   0.000225

   23 C   s             0.158850   0.031580
          p_y           0.030767   0.002309
          p_z           0.000711  -0.000007
          p_x          -0.061972   0.008712

   24 H   s             0.054859   0.007920

   25 H   s            -0.010014   0.000251

   26 H   s            -0.009246   0.000202

   27 C   s             0.171070   0.035428
          p_y           0.042666   0.004059
          p_z          -0.029522   0.001866
          p_x          -0.057321   0.007466

   28 C   s             0.040115   0.001951
          p_y          -0.030001   0.002048
          p_z           0.106518   0.025572
          p_x          -0.040449   0.003635

   29 H   s            -0.055334   0.008057

   30 C   s            -0.038580   0.001802
          p_y           0.032652   0.002378
          p_z          -0.107608   0.026048
          p_x           0.036113   0.002979

   31 C   s             0.157621   0.031097
          p_y          -0.030917   0.002329
          p_z          -0.001219  -0.000010
          p_x           0.062750   0.008931

   32 H   s            -0.010473   0.000274

   33 C   s            -0.158837   0.031576
          p_y          -0.037448   0.003149
          p_z           0.022168   0.000899
          p_x           0.053810   0.006970

   34 H   s             0.010019   0.000251

   35 H   s            -0.054868   0.007922

   36 H   s             0.055344   0.008060

Eigenvector:  14    (down)

    1 C   s             0.145654   0.024408
          p_y           0.016787   0.000559
          p_z           0.049452   0.005351
          p_x          -0.080182   0.013516

    2 C   s            -0.183431   0.040814
          p_y          -0.005191   0.000040
          p_z           0.032713   0.002210
          p_x          -0.020521   0.000992

    3 C   s             0.147247   0.024954
          p_y          -0.051841   0.005665
          p_z           0.071152   0.010906
          p_x           0.036351   0.002672

    4 C   s            -0.000010   0.000000
          p_y           0.021677   0.000972
          p_z          -0.073850   0.011280
          p_x           0.026469   0.001449

    5 C   s             0.008696   0.000094
          p_y           0.037158   0.003070
          p_z          -0.115109   0.029538
          p_x           0.034322   0.002640

    6 H   s             0.061115   0.009000

    7 C   s            -0.183703   0.040934
          p_y          -0.015221   0.000534
          p_z           0.036859   0.002887
          p_x          -0.004407   0.000017

    8 C   s             0.000015   0.000000
          p_y           0.022005   0.001002
          p_z          -0.074968   0.011632
          p_x           0.026869   0.001494

    9 C   s            -0.145681   0.024417
          p_y          -0.052163   0.005737
          p_z           0.071188   0.010918
          p_x           0.036961   0.002766

   10 H   s             0.000003   0.000000

   11 C   s             0.179323   0.039967
          p_y          -0.010702   0.000272
          p_z           0.031880   0.002223
          p_x          -0.008622   0.000128

   12 C   s             0.007186   0.000064
          p_y           0.029318   0.001923
          p_z          -0.112757   0.028356
          p_x           0.047853   0.005088

   13 H   s             0.061197   0.009024

   14 H   s            -0.000005   0.000000

   15 C   s            -0.147224   0.024946
          p_y           0.016424   0.000533
          p_z           0.049628   0.005389
          p_x          -0.079624   0.013323

   16 C   s             0.183432   0.040815
          p_y          -0.014910   0.000512
          p_z           0.035798   0.002721
          p_x          -0.004026   0.000013

   17 C   s            -0.144475   0.025682
          p_y          -0.058913   0.007791
          p_z           0.083037   0.016378
          p_x           0.039373   0.003079

   18 H   s            -0.053513   0.007287

   19 C   s             0.179673   0.040121
          p_y          -0.007369   0.000101
          p_z           0.029970   0.001921
          p_x          -0.013457   0.000443

   20 C   s             0.183697   0.040932
          p_y          -0.005504   0.000046
          p_z           0.033777   0.002361
          p_x          -0.020901   0.001027

   21 C   s            -0.008656   0.000093
          p_y           0.029596   0.001960
          p_z          -0.112700   0.028330
          p_x           0.047246   0.004959

   22 H   s            -0.061114   0.009000

   23 C   s            -0.143066   0.025179
          p_y           0.017672   0.000579
          p_z           0.059039   0.008588
          p_x          -0.090716   0.018324

   24 H   s             0.054762   0.007799

   25 H   s            -0.053604   0.007312

   26 H   s            -0.061197   0.009024

   27 C   s            -0.007217   0.000065
          p_y           0.037527   0.003132
          p_z          -0.115369   0.029669
          p_x           0.033831   0.002564

   28 C   s            -0.179332   0.039971
          p_y          -0.007628   0.000109
          p_z           0.030888   0.002044
          p_x          -0.013806   0.000465

   29 H   s             0.054270   0.007658

   30 C   s            -0.179670   0.040120
          p_y          -0.010420   0.000258
          p_z           0.030950   0.002094
          p_x          -0.008311   0.000118

   31 C   s             0.144426   0.025664
          p_y           0.017405   0.000559
          p_z           0.059030   0.008591
          p_x          -0.090177   0.018105

   32 H   s             0.053515   0.007288

   33 C   s             0.143108   0.025194
          p_y          -0.059239   0.007877
          p_z           0.083236   0.016447
          p_x           0.039836   0.003159

   34 H   s             0.053603   0.007312

   35 H   s            -0.054744   0.007793

   36 H   s            -0.054292   0.007664

Eigenvector:  15    (down)

    1 C   s            -0.141297   0.023345
          p_y          -0.098368   0.020167
          p_z           0.045947   0.004290
          p_x           0.153041   0.049159

    2 C   s             0.140880   0.023551
          p_y          -0.040026   0.003846
          p_z           0.002920   0.000038
          p_x           0.077141   0.013859

    3 C   s            -0.141346   0.023361
          p_y           0.088692   0.016532
          p_z          -0.013051   0.000392
          p_x          -0.164824   0.056682

    4 C   s             0.227756   0.061010
          p_y          -0.064214   0.009620
          p_z           0.020255   0.000957
          p_x           0.109121   0.027779

    5 C   s            -0.038759   0.001894
          p_y          -0.043478   0.004038
          p_z           0.035247   0.002530
          p_x           0.053528   0.006299

    6 H   s            -0.094355   0.020173

    7 C   s             0.140866   0.023547
          p_y           0.046292   0.004969
          p_z          -0.024307   0.001247
          p_x          -0.069499   0.011532

    8 C   s             0.227754   0.061009
          p_y           0.064214   0.009620
          p_z          -0.020255   0.000957
          p_x          -0.109121   0.027779

    9 C   s            -0.141345   0.023361
          p_y          -0.088691   0.016531
          p_z           0.013049   0.000392
          p_x           0.164823   0.056681

   10 H   s            -0.147556   0.048663

   11 C   s             0.006360   0.000053
          p_y          -0.011831   0.000344
          p_z           0.003156   0.000029
          p_x           0.020617   0.001019

   12 C   s            -0.038742   0.001892
          p_y           0.029560   0.001934
          p_z           0.012228   0.000268
          p_x          -0.070538   0.010668

   13 H   s            -0.094364   0.020177

   14 H   s            -0.147555   0.048663

   15 C   s            -0.141295   0.023345
          p_y           0.098367   0.020166
          p_z          -0.045946   0.004290
          p_x          -0.153040   0.049159

   16 C   s             0.140861   0.023545
          p_y          -0.046291   0.004969
          p_z           0.024308   0.001247
          p_x           0.069498   0.011532

   17 C   s             0.013969   0.000214
          p_y           0.002291   0.000010
          p_z          -0.010452   0.000263
          p_x           0.005262   0.000077

   18 H   s            -0.015761   0.000579

   19 C   s             0.006358   0.000053
          p_y           0.012181   0.000354
          p_z          -0.004385   0.000040
          p_x          -0.020187   0.000997

   20 C   s             0.140879   0.023550
          p_y           0.040025   0.003846
          p_z          -0.002920   0.000038
          p_x          -0.077139   0.013859

   21 C   s            -0.038738   0.001892
          p_y          -0.029558   0.001934
          p_z          -0.012227   0.000268
          p_x           0.070536   0.010668

   22 H   s            -0.094361   0.020176

   23 C   s             0.013935   0.000213
          p_y           0.003967   0.000043
          p_z          -0.010981   0.000298
          p_x           0.002415   0.000010

   24 H   s            -0.009203   0.000205

   25 H   s            -0.015764   0.000579

   26 H   s            -0.094354   0.020173

   27 C   s            -0.038758   0.001893
          p_y           0.043476   0.004038
          p_z          -0.035247   0.002530
          p_x          -0.053525   0.006298

   28 C   s             0.006357   0.000053
          p_y          -0.012180   0.000354
          p_z           0.004384   0.000040
          p_x           0.020187   0.000997

   29 H   s            -0.009189   0.000205

   30 C   s             0.006356   0.000053
          p_y           0.011830   0.000344
          p_z          -0.003155   0.000029
          p_x          -0.020617   0.001019

   31 C   s             0.013934   0.000213
          p_y          -0.003967   0.000043
          p_z           0.010981   0.000298
          p_x          -0.002416   0.000010

   32 H   s            -0.015763   0.000579

   33 C   s             0.013971   0.000214
          p_y          -0.002292   0.000010
          p_z           0.010454   0.000263
          p_x          -0.005263   0.000077

   34 H   s            -0.015759   0.000579

   35 H   s            -0.009189   0.000205

   36 H   s            -0.009206   0.000206

Eigenvector:  16    (down)

    1 C   s             0.064567   0.004458
          p_y           0.030709   0.001810
          p_z          -0.057059   0.006348
          p_x          -0.007466   0.000095

    2 C   s             0.054623   0.003472
          p_y          -0.030706   0.002013
          p_z           0.049216   0.004712
          p_x           0.014824   0.000600

    3 C   s             0.064580   0.004460
          p_y          -0.000073  -0.000000
          p_z          -0.047331   0.004399
          p_x           0.044865   0.003852

    4 C   s            -0.126175   0.018187
          p_y           0.009941   0.000230
          p_z          -0.003133   0.000023
          p_x          -0.016909   0.000666

    5 C   s            -0.136225   0.021061
          p_y          -0.049748   0.005096
          p_z          -0.029189   0.001728
          p_x           0.126687   0.032938

    6 H   s            -0.038490   0.003270

    7 C   s             0.054612   0.003471
          p_y           0.005135   0.000087
          p_z           0.037931   0.002645
          p_x          -0.046045   0.004593

    8 C   s            -0.126167   0.018185
          p_y          -0.009941   0.000230
          p_z           0.003133   0.000023
          p_x           0.016909   0.000666

    9 C   s             0.064584   0.004460
          p_y           0.000073  -0.000000
          p_z           0.047335   0.004399
          p_x          -0.044868   0.003853

   10 H   s             0.052713   0.006057

   11 C   s             0.221033   0.057830
          p_y          -0.030761   0.002332
          p_z           0.001172   0.000009
          p_x           0.060258   0.008669

   12 C   s            -0.136237   0.021065
          p_y           0.078660   0.012694
          p_z          -0.069612   0.009902
          p_x          -0.091337   0.017164

   13 H   s            -0.038487   0.003270

   14 H   s             0.052710   0.006057

   15 C   s             0.064566   0.004458
          p_y          -0.030710   0.001811
          p_z           0.057055   0.006347
          p_x           0.007472   0.000095

   16 C   s             0.054612   0.003471
          p_y          -0.005131   0.000087
          p_z          -0.037935   0.002646
          p_x           0.046043   0.004593

   17 C   s            -0.102173   0.012562
          p_y          -0.075938   0.012113
          p_z           0.089219   0.017031
          p_x           0.067522   0.009356

   18 H   s            -0.106200   0.026113

   19 C   s             0.221030   0.057829
          p_y           0.036272   0.003127
          p_z          -0.019921   0.000860
          p_x          -0.053537   0.007023

   20 C   s             0.054611   0.003470
          p_y           0.030703   0.002013
          p_z          -0.049212   0.004711
          p_x          -0.014822   0.000600

   21 C   s            -0.136238   0.021065
          p_y          -0.078653   0.012692
          p_z           0.069606   0.009900
          p_x           0.091329   0.017161

   22 H   s            -0.038485   0.003269

   23 C   s            -0.102169   0.012561
          p_y           0.033910   0.002339
          p_z           0.054659   0.006505
          p_x          -0.118949   0.029657

   24 H   s             0.040155   0.003814

   25 H   s            -0.106201   0.026114

   26 H   s            -0.038484   0.003269

   27 C   s            -0.136213   0.021057
          p_y           0.049745   0.005095
          p_z           0.029191   0.001728
          p_x          -0.126682   0.032936

   28 C   s             0.221016   0.057821
          p_y          -0.036272   0.003127
          p_z           0.019927   0.000861
          p_x           0.053531   0.007022

   29 H   s             0.040151   0.003813

   30 C   s             0.221027   0.057827
          p_y           0.030760   0.002332
          p_z          -0.001176   0.000009
          p_x          -0.060252   0.008667

   31 C   s            -0.102154   0.012558
          p_y          -0.033909   0.002339
          p_z          -0.054656   0.006504
          p_x           0.118946   0.029655

   32 H   s            -0.106194   0.026110

   33 C   s            -0.102175   0.012563
          p_y           0.075935   0.012112
          p_z          -0.089218   0.017031
          p_x          -0.067514   0.009353

   34 H   s            -0.106196   0.026111

   35 H   s             0.040145   0.003812

   36 H   s             0.040156   0.003814

Eigenvector:  17    (down)

    1 C   s            -0.061143   0.004260
          p_y          -0.037583   0.002933
          p_z          -0.009355   0.000127
          p_x           0.083850   0.014134

    2 C   s             0.157605   0.028809
          p_y          -0.048221   0.005275
          p_z           0.023004   0.001123
          p_x           0.074518   0.012835

    3 C   s            -0.061199   0.004267
          p_y           0.051253   0.005260
          p_z          -0.037324   0.002629
          p_x          -0.067114   0.009293

    4 C   s            -0.000027   0.000000
          p_y          -0.000586   0.000000
          p_z           0.001981   0.000000
          p_x          -0.000718   0.000000

    5 C   s            -0.130969   0.019797
          p_y          -0.078906   0.012855
          p_z           0.020257   0.000823
          p_x           0.138280   0.039633

    6 H   s            -0.104015   0.023803

    7 C   s             0.157544   0.028787
          p_y           0.043173   0.004322
          p_z          -0.005847   0.000101
          p_x          -0.080680   0.014809

    8 C   s             0.000031   0.000000
          p_y          -0.000586   0.000000
          p_z           0.001980   0.000000
          p_x          -0.000716   0.000000

    9 C   s             0.061198   0.004267
          p_y           0.051255   0.005260
          p_z          -0.037328   0.002629
          p_x          -0.067114   0.009293

   10 H   s             0.000018   0.000000

   11 C   s             0.159344   0.030063
          p_y          -0.034039   0.002822
          p_z           0.002555   0.000030
          p_x           0.065479   0.010104

   12 C   s            -0.130895   0.019774
          p_y           0.081852   0.013895
          p_z          -0.030387   0.001949
          p_x          -0.134710   0.037492

   13 H   s            -0.104000   0.023796

   14 H   s            -0.000018   0.000000

   15 C   s             0.061141   0.004259
          p_y          -0.037583   0.002933
          p_z          -0.009358   0.000127
          p_x           0.083853   0.014135

   16 C   s            -0.157550   0.028789
          p_y           0.043173   0.004322
          p_z          -0.005846   0.000101
          p_x          -0.080684   0.014811

   17 C   s            -0.055984   0.003863
          p_y          -0.050867   0.005435
          p_z           0.050502   0.005302
          p_x           0.053940   0.006167

   18 H   s            -0.091164   0.019104

   19 C   s             0.159353   0.030066
          p_y           0.039284   0.003620
          p_z          -0.020454   0.000884
          p_x          -0.059078   0.008449

   20 C   s            -0.157610   0.028811
          p_y          -0.048223   0.005276
          p_z           0.023008   0.001123
          p_x           0.074519   0.012836

   21 C   s             0.130903   0.019777
          p_y           0.081856   0.013897
          p_z          -0.030390   0.001950
          p_x          -0.134716   0.037495

   22 H   s             0.104004   0.023798

   23 C   s            -0.056084   0.003877
          p_y           0.028655   0.001745
          p_z           0.025483   0.001331
          p_x          -0.081056   0.013814

   24 H   s             0.017287   0.000704

   25 H   s            -0.091171   0.019107

   26 H   s             0.104018   0.023804

   27 C   s             0.130978   0.019800
          p_y          -0.078908   0.012856
          p_z           0.020256   0.000823
          p_x           0.138287   0.039637

   28 C   s            -0.159364   0.030070
          p_y           0.039286   0.003620
          p_z          -0.020456   0.000885
          p_x          -0.059081   0.008450

   29 H   s             0.017328   0.000707

   30 C   s            -0.159357   0.030067
          p_y          -0.034040   0.002822
          p_z           0.002554   0.000030
          p_x           0.065483   0.010105

   31 C   s             0.056089   0.003877
          p_y           0.028656   0.001745
          p_z           0.025486   0.001331
          p_x          -0.081062   0.013816

   32 H   s             0.091177   0.019110

   33 C   s             0.055989   0.003864
          p_y          -0.050872   0.005436
          p_z           0.050508   0.005303
          p_x           0.053943   0.006168

   34 H   s             0.091170   0.019107

   35 H   s            -0.017330   0.000707

   36 H   s            -0.017286   0.000703

Eigenvector:  18    (down)

    1 C   s             0.064266   0.004563
          p_y           0.012879   0.000282
          p_z          -0.088711   0.014528
          p_x           0.057996   0.006429

    2 C   s             0.121199   0.016139
          p_y          -0.030022   0.001815
          p_z           0.098850   0.019169
          p_x          -0.033289   0.002070

    3 C   s            -0.064204   0.004554
          p_y          -0.041883   0.003334
          p_z           0.097845   0.017803
          p_x          -0.008795   0.000114

    4 C   s            -0.160408   0.028120
          p_y           0.002524   0.000018
          p_z          -0.000813   0.000002
          p_x          -0.004304   0.000054

    5 C   s            -0.156584   0.027523
          p_y           0.021140   0.000947
          p_z           0.038017   0.002717
          p_x          -0.077982   0.012220

    6 H   s            -0.043390   0.003896

    7 C   s            -0.121308   0.016169
          p_y           0.027700   0.001453
          p_z          -0.098088   0.018768
          p_x           0.037287   0.002830

    8 C   s             0.160413   0.028122
          p_y           0.002522   0.000018
          p_z          -0.000801   0.000002
          p_x          -0.004311   0.000054

    9 C   s             0.064188   0.004552
          p_y          -0.041883   0.003334
          p_z           0.097848   0.017804
          p_x          -0.008797   0.000114

   10 H   s             0.060045   0.007334

   11 C   s            -0.043104   0.002098
          p_y           0.042092   0.003582
          p_z          -0.139725   0.039336
          p_x           0.047483   0.004514

   12 C   s             0.156648   0.027546
          p_y           0.049949   0.004994
          p_z          -0.060395   0.007069
          p_x          -0.042658   0.003798

   13 H   s             0.043459   0.003908

   14 H   s            -0.060049   0.007335

   15 C   s            -0.064256   0.004562
          p_y           0.012886   0.000282
          p_z          -0.088715   0.014530
          p_x           0.057988   0.006427

   16 C   s             0.121318   0.016172
          p_y           0.027698   0.001453
          p_z          -0.098080   0.018765
          p_x           0.037284   0.002830

   17 C   s             0.183276   0.039283
          p_y          -0.038295   0.002985
          p_z           0.004818  -0.000012
          p_x           0.071797   0.011322

   18 H   s             0.015395   0.000516

   19 C   s             0.043039   0.002092
          p_y          -0.039410   0.003115
          p_z           0.138870   0.038827
          p_x          -0.052099   0.005496

   20 C   s            -0.121206   0.016141
          p_y          -0.030020   0.001815
          p_z           0.098840   0.019166
          p_x          -0.033286   0.002070

   21 C   s            -0.156639   0.027543
          p_y           0.049953   0.004995
          p_z          -0.060404   0.007071
          p_x          -0.042657   0.003798

   22 H   s            -0.043462   0.003909

   23 C   s            -0.183266   0.039278
          p_y          -0.042975   0.004099
          p_z           0.020735   0.001182
          p_x           0.066134   0.009026

   24 H   s            -0.084299   0.016288

   25 H   s            -0.015349   0.000513

   26 H   s             0.043392   0.003896

   27 C   s             0.156579   0.027521
          p_y           0.021135   0.000947
          p_z           0.038023   0.002718
          p_x          -0.077977   0.012218

   28 C   s            -0.043063   0.002094
          p_y          -0.039407   0.003115
          p_z           0.138868   0.038826
          p_x          -0.052105   0.005497

   29 H   s             0.084304   0.016289

   30 C   s             0.043110   0.002099
          p_y           0.042088   0.003582
          p_z          -0.139719   0.039333
          p_x           0.047487   0.004515

   31 C   s             0.183279   0.039284
          p_y          -0.042970   0.004098
          p_z           0.020739   0.001182
          p_x           0.066121   0.009023

   32 H   s             0.015361   0.000513

   33 C   s            -0.183264   0.039279
          p_y          -0.038297   0.002985
          p_z           0.004812  -0.000012
          p_x           0.071811   0.011326

   34 H   s            -0.015394   0.000516

   35 H   s            -0.084308   0.016291

   36 H   s             0.084320   0.016296

Eigenvector:  19    (down)

    1 C   s            -0.133658   0.018036
          p_y           0.050930   0.004440
          p_z          -0.078331   0.010140
          p_x          -0.027794   0.001444

    2 C   s             0.145874   0.021715
          p_y           0.004923   0.000024
          p_z          -0.051276   0.004483
          p_x           0.038592   0.002807

    3 C   s             0.133647   0.018033
          p_y           0.010657   0.000226
          p_z           0.058926   0.005616
          p_x          -0.076951   0.010191

    4 C   s            -0.000013   0.000000
          p_y          -0.048644   0.004040
          p_z           0.165809   0.046938
          p_x          -0.059460   0.006036

    5 C   s            -0.042316   0.001846
          p_y          -0.023729   0.000915
          p_z           0.109674   0.020166
          p_x          -0.055913   0.005376

    6 H   s            -0.076031   0.010317

    7 C   s            -0.145868   0.021712
          p_y          -0.027209   0.001376
          p_z           0.058281   0.005932
          p_x          -0.000680  -0.000003

    8 C   s             0.000003   0.000000
          p_y           0.048647   0.004040
          p_z          -0.165815   0.046942
          p_x           0.059460   0.006036

    9 C   s             0.133659   0.018037
          p_y          -0.010657   0.000226
          p_z          -0.058916   0.005614
          p_x           0.076941   0.010188

   10 H   s             0.000023   0.000000

   11 C   s            -0.117029   0.014240
          p_y           0.040684   0.003034
          p_z          -0.117800   0.024716
          p_x           0.029636   0.001440

   12 C   s             0.042323   0.001847
          p_y           0.042260   0.003056
          p_z          -0.115430   0.022435
          p_x           0.024659   0.000967

   13 H   s             0.076012   0.010312

   14 H   s             0.000014   0.000000

   15 C   s            -0.133666   0.018038
          p_y          -0.050936   0.004441
          p_z           0.078323   0.010139
          p_x           0.027812   0.001445

   16 C   s            -0.145868   0.021713
          p_y           0.027215   0.001377
          p_z          -0.058294   0.005935
          p_x           0.000678  -0.000003

   17 C   s             0.169485   0.031245
          p_y          -0.025398   0.001186
          p_z          -0.029324   0.001928
          p_x           0.078163   0.012100

   18 H   s             0.054428   0.005538

   19 C   s             0.117019   0.014237
          p_y          -0.026907   0.001221
          p_z           0.113476   0.022769
          p_x          -0.053034   0.005205

   20 C   s             0.145862   0.021711
          p_y          -0.004935   0.000024
          p_z           0.051300   0.004487
          p_x          -0.038593   0.002807

   21 C   s             0.042308   0.001846
          p_y          -0.042256   0.003055
          p_z           0.115425   0.022433
          p_x          -0.024664   0.000968

   22 H   s             0.076016   0.010313

   23 C   s            -0.169483   0.031245
          p_y          -0.049419   0.004866
          p_z           0.052846   0.005886
          p_x           0.048803   0.004466

   24 H   s            -0.111371   0.024353

   25 H   s            -0.054424   0.005538

   26 H   s            -0.076021   0.010315

   27 C   s            -0.042295   0.001845
          p_y           0.023736   0.000916
          p_z          -0.109685   0.020170
          p_x           0.055907   0.005375

   28 C   s             0.117037   0.014242
          p_y           0.026896   0.001220
          p_z          -0.113461   0.022763
          p_x           0.053041   0.005207

   29 H   s             0.111375   0.024355

   30 C   s            -0.117038   0.014242
          p_y          -0.040676   0.003033
          p_z           0.117784   0.024710
          p_x          -0.029642   0.001440

   31 C   s            -0.169486   0.031245
          p_y           0.049406   0.004864
          p_z          -0.052842   0.005885
          p_x          -0.048783   0.004463

   32 H   s            -0.054439   0.005541

   33 C   s             0.169470   0.031241
          p_y           0.025397   0.001186
          p_z           0.029343   0.001930
          p_x          -0.078186   0.012108

   34 H   s             0.054425   0.005538

   35 H   s             0.111370   0.024352

   36 H   s            -0.111401   0.024367

Eigenvector:  20    (down)

    1 C   s            -0.033024   0.000946
          p_y           0.003443   0.000026
          p_z           0.121281   0.025381
          p_x          -0.121407   0.025818

    2 C   s             0.027698   0.000794
          p_y           0.020000   0.000560
          p_z          -0.150083   0.037398
          p_x           0.101615   0.018200

    3 C   s            -0.033044   0.000948
          p_y          -0.082591   0.011928
          p_z           0.148405   0.038167
          p_x           0.024793   0.001129

    4 C   s            -0.004670   0.000036
          p_y           0.080647   0.012061
          p_z          -0.025526   0.001208
          p_x          -0.136976   0.034795

    5 C   s             0.022272   0.000395
          p_y          -0.089710   0.014166
          p_z           0.095966   0.015934
          p_x           0.088576   0.014049

    6 H   s            -0.045197   0.003646

    7 C   s             0.027737   0.000796
          p_y           0.072911   0.009283
          p_z          -0.166741   0.046763
          p_x           0.011856   0.000126

    8 C   s            -0.004661   0.000036
          p_y          -0.080612   0.012051
          p_z           0.025411   0.001198
          p_x           0.137015   0.034813

    9 C   s            -0.033038   0.000947
          p_y           0.082632   0.011940
          p_z          -0.148362   0.038145
          p_x          -0.024917   0.001140

   10 H   s             0.106371   0.020111

   11 C   s            -0.018975   0.000342
          p_y          -0.057142   0.006161
          p_z           0.058926   0.006239
          p_x           0.058488   0.006746

   12 C   s             0.022257   0.000394
          p_y           0.046005   0.003811
          p_z           0.053248   0.004806
          p_x          -0.141976   0.035542

   13 H   s            -0.045206   0.003648

   14 H   s             0.106365   0.020109

   15 C   s            -0.033032   0.000947
          p_y          -0.003521   0.000027
          p_z          -0.121210   0.025352
          p_x           0.121495   0.025856

   16 C   s             0.027724   0.000795
          p_y          -0.072877   0.009274
          p_z           0.166762   0.046775
          p_x          -0.011944   0.000128

   17 C   s             0.033351   0.001148
          p_y           0.037193   0.002369
          p_z          -0.105402   0.020752
          p_x           0.024923   0.001447

   18 H   s            -0.047842   0.004264

   19 C   s            -0.019014   0.000343
          p_y           0.030744   0.001889
          p_z           0.031229   0.001641
          p_x          -0.090745   0.015611

   20 C   s             0.027682   0.000793
          p_y          -0.020061   0.000564
          p_z           0.150151   0.037433
          p_x          -0.101560   0.018179

   21 C   s             0.022230   0.000393
          p_y          -0.045993   0.003809
          p_z          -0.053319   0.004820
          p_x           0.142020   0.035564

   22 H   s            -0.045145   0.003638

   23 C   s             0.033397   0.001152
          p_y           0.023117   0.001159
          p_z          -0.100988   0.019454
          p_x           0.048834   0.003962

   24 H   s            -0.069352   0.009048

   25 H   s            -0.047829   0.004262

   26 H   s            -0.045135   0.003636

   27 C   s             0.022263   0.000395
          p_y           0.089748   0.014177
          p_z          -0.096051   0.015963
          p_x          -0.088572   0.014048

   28 C   s            -0.018966   0.000341
          p_y          -0.030799   0.001895
          p_z          -0.031170   0.001635
          p_x           0.090799   0.015630

   29 H   s            -0.069386   0.009056

   30 C   s            -0.018944   0.000341
          p_y           0.057170   0.006167
          p_z          -0.058903   0.006234
          p_x          -0.058570   0.006765

   31 C   s             0.033394   0.001152
          p_y          -0.023163   0.001163
          p_z           0.101016   0.019466
          p_x          -0.048774   0.003952

   32 H   s            -0.047899   0.004274

   33 C   s             0.033351   0.001149
          p_y          -0.037165   0.002365
          p_z           0.105420   0.020759
          p_x          -0.025003   0.001456

   34 H   s            -0.047903   0.004275

   35 H   s            -0.069417   0.009065

   36 H   s            -0.069397   0.009059

Eigenvector:  21    (down)

    1 C   s            -0.003305   0.000005
          p_y           0.112635   0.021767
          p_z          -0.112578   0.021786
          p_x          -0.118614   0.024100

    2 C   s            -0.016611   0.000311
          p_y           0.080900   0.012022
          p_z          -0.082097   0.011869
          p_x          -0.084028   0.013461

    3 C   s            -0.003246   0.000004
          p_y          -0.062770   0.006746
          p_z          -0.057239   0.005646
          p_x           0.179455   0.055246

    4 C   s            -0.000005  -0.000000
          p_y          -0.049172   0.004049
          p_z           0.167668   0.047083
          p_x          -0.060122   0.006054

    5 C   s            -0.029789   0.000825
          p_y          -0.050803   0.004480
          p_z           0.116442   0.024222
          p_x          -0.008398   0.000169

    6 H   s             0.086564   0.013452

    7 C   s            -0.016631   0.000312
          p_y          -0.044301   0.003783
          p_z          -0.042593   0.003014
          p_x           0.128740   0.030566

    8 C   s            -0.000001   0.000000
          p_y          -0.049228   0.004059
          p_z           0.167671   0.047085
          p_x          -0.060015   0.006032

    9 C   s             0.003234   0.000004
          p_y          -0.062710   0.006733
          p_z          -0.057354   0.005669
          p_x           0.179445   0.055240

   10 H   s             0.000010   0.000000

   11 C   s             0.055996   0.003271
          p_y          -0.036958   0.002810
          p_z          -0.044043   0.003115
          p_x           0.115119   0.025112

   12 C   s            -0.029783   0.000825
          p_y          -0.014033   0.000395
          p_z           0.104859   0.019829
          p_x          -0.070819   0.008642

   13 H   s             0.086599   0.013463

   14 H   s             0.000070   0.000000

   15 C   s             0.003270   0.000004
          p_y           0.112627   0.021764
          p_z          -0.112658   0.021817
          p_x          -0.118525   0.024063

   16 C   s             0.016640   0.000313
          p_y          -0.044353   0.003791
          p_z          -0.042474   0.002997
          p_x           0.128733   0.030563

   17 C   s             0.003269   0.000007
          p_y          -0.043328   0.003296
          p_z          -0.008208   0.000212
          p_x           0.094109   0.016554

   18 H   s            -0.089419   0.014863

   19 C   s             0.056013   0.003273
          p_y           0.072846   0.009984
          p_z          -0.078560   0.010819
          p_x          -0.071258   0.010230

   20 C   s             0.016647   0.000313
          p_y           0.080889   0.012019
          p_z          -0.081988   0.011839
          p_x          -0.084109   0.013486

   21 C   s             0.029805   0.000826
          p_y          -0.014074   0.000397
          p_z           0.104834   0.019820
          p_x          -0.070715   0.008616

   22 H   s            -0.086627   0.013472

   23 C   s             0.003249   0.000007
          p_y           0.057412   0.006207
          p_z          -0.039888   0.003339
          p_x          -0.076887   0.010511

   24 H   s            -0.044322   0.003736

   25 H   s            -0.089423   0.014864

   26 H   s            -0.086610   0.013466

   27 C   s             0.029794   0.000826
          p_y          -0.050736   0.004468
          p_z           0.116365   0.024191
          p_x          -0.008460   0.000171

   28 C   s            -0.056022   0.003274
          p_y           0.072832   0.009980
          p_z          -0.078600   0.010830
          p_x          -0.071191   0.010211

   29 H   s            -0.044307   0.003734

   30 C   s            -0.056017   0.003273
          p_y          -0.036924   0.002805
          p_z          -0.044071   0.003119
          p_x           0.115079   0.025094

   31 C   s            -0.003238   0.000007
          p_y           0.057407   0.006206
          p_z          -0.039823   0.003329
          p_x          -0.076937   0.010524

   32 H   s             0.089389   0.014853

   33 C   s            -0.003225   0.000007
          p_y          -0.043354   0.003299
          p_z          -0.008137   0.000209
          p_x           0.094099   0.016550

   34 H   s             0.089392   0.014854

   35 H   s             0.044271   0.003728

   36 H   s             0.044280   0.003729

Eigenvector:  22    (down)

    1 C   s            -0.025056   0.000527
          p_y           0.005861   0.000079
          p_z          -0.028709   0.001580
          p_x           0.015487   0.000389

    2 C   s            -0.049653   0.002471
          p_y           0.076653   0.010143
          p_z          -0.050354   0.004026
          p_x          -0.105394   0.019868

    3 C   s            -0.025386   0.000541
          p_y           0.011460   0.000220
          p_z          -0.030365   0.001721
          p_x           0.005804   0.000088

    4 C   s             0.076421   0.005666
          p_y          -0.050009   0.004356
          p_z           0.015816   0.000436
          p_x           0.084992   0.012583

    5 C   s             0.019051   0.000301
          p_y          -0.003732   0.000033
          p_z           0.113159   0.021759
          p_x          -0.099082   0.016182

    6 H   s             0.115215   0.022057

    7 C   s            -0.049600   0.002465
          p_y          -0.059474   0.006375
          p_z          -0.007754   0.000038
          p_x           0.126160   0.027608

    8 C   s             0.076719   0.005711
          p_y           0.050132   0.004378
          p_z          -0.015802   0.000435
          p_x          -0.085256   0.012660

    9 C   s            -0.025047   0.000526
          p_y          -0.011545   0.000224
          p_z           0.030468   0.001731
          p_x          -0.005739   0.000086

   10 H   s            -0.103696   0.017527

   11 C   s             0.036608   0.001372
          p_y          -0.039003   0.002949
          p_z          -0.069894   0.007822
          p_x           0.143551   0.036761

   12 C   s             0.019184   0.000306
          p_y          -0.068463   0.007756
          p_z           0.133718   0.030143
          p_x           0.010708   0.000148

   13 H   s             0.115093   0.022011

   14 H   s            -0.104078   0.017654

   15 C   s            -0.025360   0.000540
          p_y          -0.005860   0.000079
          p_z           0.028516   0.001561
          p_x          -0.015313   0.000380

   16 C   s            -0.049674   0.002473
          p_y           0.059594   0.006399
          p_z           0.007421   0.000033
          p_x          -0.126094   0.027582

   17 C   s             0.002997   0.000017
          p_y          -0.062426   0.006438
          p_z          -0.030791   0.002095
          p_x           0.153433   0.041367

   18 H   s            -0.101891   0.017981

   19 C   s             0.036354   0.001353
          p_y           0.091996   0.015007
          p_z          -0.111149   0.020794
          p_x          -0.078672   0.011715

   20 C   s            -0.049623   0.002468
          p_y          -0.076714   0.010157
          p_z           0.050726   0.004085
          p_x           0.105161   0.019784

   21 C   s             0.019055   0.000301
          p_y           0.068426   0.007748
          p_z          -0.133522   0.030060
          p_x          -0.010824   0.000151

   22 H   s             0.115181   0.022043

   23 C   s             0.003265   0.000019
          p_y           0.095050   0.015977
          p_z          -0.080439   0.012351
          p_x          -0.113725   0.021665

   24 H   s            -0.086994   0.013391

   25 H   s            -0.101699   0.017914

   26 H   s             0.115110   0.022017

   27 C   s             0.019239   0.000308
          p_y           0.003838   0.000035
          p_z          -0.113364   0.021833
          p_x           0.099059   0.016174

   28 C   s             0.036626   0.001373
          p_y          -0.092033   0.015020
          p_z           0.111046   0.020757
          p_x           0.078837   0.011763

   29 H   s            -0.087245   0.013467

   30 C   s             0.036312   0.001350
          p_y           0.038951   0.002941
          p_z           0.069937   0.007832
          p_x          -0.143496   0.036732

   31 C   s             0.002982   0.000016
          p_y          -0.094971   0.015950
          p_z           0.080338   0.012321
          p_x           0.113656   0.021638

   32 H   s            -0.101928   0.017994

   33 C   s             0.003281   0.000019
          p_y           0.062412   0.006435
          p_z           0.030995   0.002120
          p_x          -0.153609   0.041464

   34 H   s            -0.101693   0.017913

   35 H   s            -0.087018   0.013398

   36 H   s            -0.087327   0.013492

Eigenvector:  23    (down)

    1 C   s             0.148454   0.020173
          p_y          -0.007239   0.000079
          p_z          -0.056437   0.004644
          p_x           0.067347   0.006666

    2 C   s            -0.026169   0.000760
          p_y          -0.025154   0.000884
          p_z           0.151543   0.035081
          p_x          -0.093011   0.013826

    3 C   s            -0.148469   0.020177
          p_y          -0.045056   0.002982
          p_z           0.072540   0.007692
          p_x           0.021069   0.000662

    4 C   s            -0.133490   0.018117
          p_y           0.068365   0.007976
          p_z          -0.021588   0.000795
          p_x          -0.116511   0.023159

    5 C   s            -0.065734   0.004088
          p_y           0.042101   0.002734
          p_z          -0.093542   0.013168
          p_x           0.003838   0.000010

    6 H   s             0.049560   0.003889

    7 C   s             0.026345   0.000770
          p_y           0.067723   0.007275
          p_z          -0.164851   0.041890
          p_x           0.020119   0.000502

    8 C   s             0.133317   0.018071
          p_y           0.068250   0.007949
          p_z          -0.021533   0.000791
          p_x          -0.116334   0.023088

    9 C   s             0.148515   0.020189
          p_y          -0.045036   0.002979
          p_z           0.072491   0.007679
          p_x           0.021076   0.000662

   10 H   s             0.179844   0.050761

   11 C   s             0.124722   0.015322
          p_y          -0.036717   0.002348
          p_z           0.048104   0.003750
          p_x           0.027963   0.001515

   12 C   s             0.065607   0.004073
          p_y          -0.009640   0.000121
          p_z           0.082880   0.010240
          p_x          -0.059273   0.005451

   13 H   s            -0.049781   0.003924

   14 H   s            -0.179614   0.050629

   15 C   s            -0.148380   0.020154
          p_y          -0.007219   0.000079
          p_z          -0.056505   0.004657
          p_x           0.067372   0.006671

   16 C   s            -0.026221   0.000763
          p_y           0.067587   0.007244
          p_z          -0.164883   0.041904
          p_x           0.020418   0.000520

   17 C   s            -0.129567   0.017179
          p_y           0.007089   0.000087
          p_z           0.056170   0.005742
          p_x          -0.066922   0.008074

   18 H   s            -0.094731   0.014821

   19 C   s            -0.124765   0.015333
          p_y          -0.013482   0.000367
          p_z          -0.032369   0.001597
          p_x           0.057040   0.005719

   20 C   s             0.026260   0.000765
          p_y          -0.024987   0.000871
          p_z           0.151421   0.035024
          p_x          -0.093233   0.013896

   21 C   s            -0.065666   0.004080
          p_y          -0.009787   0.000126
          p_z           0.083179   0.010319
          p_x          -0.059268   0.005450

   22 H   s             0.049506   0.003880

   23 C   s             0.129529   0.017168
          p_y           0.044428   0.003562
          p_z          -0.072073   0.009424
          p_x          -0.020868   0.000772

   24 H   s             0.121034   0.025006

   25 H   s             0.095022   0.014914

   26 H   s            -0.049799   0.003928

   27 C   s             0.065712   0.004085
          p_y           0.042082   0.002732
          p_z          -0.093270   0.013087
          p_x           0.003613   0.000008

   28 C   s             0.124688   0.015314
          p_y          -0.013283   0.000357
          p_z          -0.032600   0.001622
          p_x           0.056856   0.005681

   29 H   s            -0.120713   0.024872

   30 C   s            -0.124808   0.015343
          p_y          -0.036805   0.002360
          p_z           0.047924   0.003722
          p_x           0.028297   0.001550

   31 C   s            -0.129534   0.017170
          p_y           0.044629   0.003594
          p_z          -0.072257   0.009473
          p_x          -0.021102   0.000789

   32 H   s            -0.094795   0.014842

   33 C   s             0.129539   0.017172
          p_y           0.006944   0.000084
          p_z           0.056111   0.005728
          p_x          -0.066595   0.007997

   34 H   s             0.094968   0.014897

   35 H   s             0.120906   0.024953

   36 H   s            -0.120856   0.024931

Eigenvector:  24    (down)

    1 C   s             0.049552   0.002042
          p_y          -0.006639   0.000083
          p_z           0.133078   0.027709
          p_x          -0.112156   0.019209

    2 C   s            -0.050692   0.002369
          p_y           0.007756   0.000060
          p_z          -0.108744   0.018442
          p_x           0.087188   0.012619

    3 C   s             0.049295   0.002020
          p_y          -0.077935   0.009305
          p_z           0.155633   0.037667
          p_x           0.008887   0.000091

    4 C   s            -0.000098   0.000000
          p_y           0.030303   0.001350
          p_z          -0.102785   0.015526
          p_x           0.036748   0.001984

    5 C   s             0.054208   0.002500
          p_y          -0.061006   0.006298
          p_z           0.012947   0.000310
          p_x           0.109708   0.020157

    6 H   s            -0.015079   0.000392

    7 C   s            -0.050657   0.002365
          p_y           0.061172   0.006159
          p_z          -0.125739   0.025039
          p_x          -0.003270   0.000042

    8 C   s             0.000128   0.000000
          p_y           0.030324   0.001352
          p_z          -0.102801   0.015531
          p_x           0.036721   0.001980

    9 C   s            -0.049299   0.002020
          p_y          -0.077936   0.009305
          p_z           0.155637   0.037669
          p_x           0.008888   0.000091

   10 H   s             0.000178   0.000000

   11 C   s            -0.022315   0.000448
          p_y          -0.080239   0.010893
          p_z           0.142168   0.032619
          p_x           0.026327   0.001448

   12 C   s             0.054256   0.002505
          p_y           0.065218   0.007112
          p_z          -0.026700   0.001142
          p_x          -0.104722   0.018525

   13 H   s            -0.015211   0.000399

   14 H   s            -0.000217   0.000000

   15 C   s            -0.049570   0.002043
          p_y          -0.006644   0.000083
          p_z           0.133091   0.027715
          p_x          -0.112158   0.019210

   16 C   s             0.050632   0.002363
          p_y           0.061197   0.006164
          p_z          -0.125729   0.025036
          p_x          -0.003327   0.000043

   17 C   s             0.020339   0.000485
          p_y           0.079621   0.010236
          p_z          -0.174614   0.052195
          p_x           0.005415   0.000134

   18 H   s            -0.048681   0.004032

   19 C   s            -0.022471   0.000455
          p_y           0.004955   0.000077
          p_z           0.115292   0.020951
          p_x          -0.118340   0.023895

   20 C   s             0.050683   0.002368
          p_y           0.007730   0.000059
          p_z          -0.108721   0.018434
          p_x           0.087222   0.012629

   21 C   s            -0.054240   0.002504
          p_y           0.065241   0.007117
          p_z          -0.026751   0.001146
          p_x          -0.104716   0.018523

   22 H   s             0.015264   0.000402

   23 C   s             0.020496   0.000492
          p_y           0.016693   0.000632
          p_z          -0.154892   0.041901
          p_x           0.112319   0.020079

   24 H   s            -0.095511   0.015771

   25 H   s            -0.048586   0.004017

   26 H   s             0.015113   0.000394

   27 C   s            -0.054212   0.002501
          p_y          -0.060999   0.006297
          p_z           0.012897   0.000308
          p_x           0.109748   0.020171

   28 C   s             0.022482   0.000455
          p_y           0.004923   0.000076
          p_z           0.115325   0.020964
          p_x          -0.118307   0.023881

   29 H   s            -0.095661   0.015820

   30 C   s             0.022332   0.000449
          p_y          -0.080224   0.010889
          p_z           0.142206   0.032636
          p_x           0.026268   0.001442

   31 C   s            -0.020495   0.000492
          p_y           0.016665   0.000631
          p_z          -0.154859   0.041883
          p_x           0.112353   0.020091

   32 H   s             0.048549   0.004010

   33 C   s            -0.020329   0.000484
          p_y           0.079649   0.010243
          p_z          -0.174609   0.052190
          p_x           0.005368   0.000132

   34 H   s             0.048638   0.004025

   35 H   s             0.095629   0.015810

   36 H   s             0.095478   0.015760

Eigenvector:  25    (down)

    1 C   s            -0.000172   0.000000
          p_y          -0.222646   0.074115
          p_z          -0.105273   0.016570
          p_x          -0.111694   0.018651

    2 C   s             0.000006   0.000000
          p_y          -0.146799   0.032495
          p_z          -0.069446   0.007272
          p_x          -0.073314   0.008103

    3 C   s             0.000218   0.000000
          p_y          -0.222780   0.074206
          p_z          -0.105287   0.016573
          p_x          -0.111442   0.018566

    4 C   s             0.000095   0.000000
          p_y          -0.188931   0.053305
          p_z          -0.089185   0.011876
          p_x          -0.094284   0.013271

    5 C   s            -0.000067   0.000000
          p_y          -0.132158   0.026661
          p_z          -0.062380   0.005940
          p_x          -0.066102   0.006669

    6 H   s            -0.000185   0.000000

    7 C   s            -0.000066   0.000000
          p_y          -0.146836   0.032511
          p_z          -0.069385   0.007260
          p_x          -0.073354   0.008112

    8 C   s            -0.000097   0.000000
          p_y          -0.188932   0.053305
          p_z          -0.089184   0.011876
          p_x          -0.094284   0.013271

    9 C   s            -0.000218   0.000000
          p_y          -0.222779   0.074205
          p_z          -0.105286   0.016573
          p_x          -0.111441   0.018566

   10 H   s            -0.000289   0.000000

   11 C   s            -0.000055   0.000000
          p_y          -0.066169   0.006811
          p_z          -0.031130   0.001507
          p_x          -0.033180   0.001713

   12 C   s             0.000031   0.000000
          p_y          -0.132026   0.026608
          p_z          -0.062477   0.005958
          p_x          -0.066301   0.006710

   13 H   s             0.000159   0.000000

   14 H   s             0.000290   0.000000

   15 C   s             0.000173   0.000000
          p_y          -0.222644   0.074114
          p_z          -0.105272   0.016569
          p_x          -0.111692   0.018650

   16 C   s             0.000067   0.000000
          p_y          -0.146835   0.032511
          p_z          -0.069386   0.007260
          p_x          -0.073350   0.008111

   17 C   s             0.000030   0.000000
          p_y          -0.042838   0.002879
          p_z          -0.020290   0.000646
          p_x          -0.021549   0.000728

   18 H   s             0.000015   0.000000

   19 C   s             0.000021   0.000000
          p_y          -0.066191   0.006816
          p_z          -0.031124   0.001507
          p_x          -0.033160   0.001710

   20 C   s            -0.000007   0.000000
          p_y          -0.146796   0.032494
          p_z          -0.069447   0.007272
          p_x          -0.073313   0.008103

   21 C   s            -0.000031   0.000000
          p_y          -0.132025   0.026607
          p_z          -0.062475   0.005958
          p_x          -0.066299   0.006710

   22 H   s            -0.000161   0.000000

   23 C   s            -0.000026   0.000000
          p_y          -0.042935   0.002892
          p_z          -0.020197   0.000640
          p_x          -0.021448   0.000722

   24 H   s            -0.000036   0.000000

   25 H   s             0.000054   0.000000

   26 H   s             0.000184   0.000000

   27 C   s             0.000067   0.000000
          p_y          -0.132156   0.026661
          p_z          -0.062375   0.005939
          p_x          -0.066102   0.006669

   28 C   s            -0.000021   0.000000
          p_y          -0.066189   0.006816
          p_z          -0.031124   0.001507
          p_x          -0.033160   0.001710

   29 H   s             0.000057   0.000000

   30 C   s             0.000056   0.000000
          p_y          -0.066168   0.006811
          p_z          -0.031133   0.001508
          p_x          -0.033176   0.001712

   31 C   s             0.000027   0.000000
          p_y          -0.042934   0.002892
          p_z          -0.020197   0.000640
          p_x          -0.021449   0.000722

   32 H   s            -0.000052   0.000000

   33 C   s            -0.000031   0.000000
          p_y          -0.042839   0.002879
          p_z          -0.020289   0.000646
          p_x          -0.021547   0.000728

   34 H   s            -0.000014   0.000000

   35 H   s            -0.000057   0.000000

   36 H   s             0.000034   0.000000

Eigenvector:  26    (down)

    1 C   s            -0.106967   0.009715
          p_y           0.012461   0.000138
          p_z          -0.033833   0.001563
          p_x           0.007600   0.000170

    2 C   s             0.032943   0.001563
          p_y          -0.103278   0.017292
          p_z           0.074808   0.008707
          p_x           0.135930   0.030573

    3 C   s             0.107013   0.009723
          p_y          -0.007003   0.000117
          p_z           0.032450   0.001574
          p_x          -0.016118   0.000186

    4 C   s             0.005201   0.000132
          p_y          -0.105589   0.018069
          p_z           0.033427   0.001811
          p_x           0.179803   0.052386

    5 C   s            -0.119766   0.012711
          p_y           0.026626   0.000943
          p_z          -0.047638   0.003257
          p_x          -0.007897   0.000045

    6 H   s            -0.174486   0.046773

    7 C   s            -0.032944   0.001563
          p_y          -0.075974   0.009596
          p_z          -0.018146   0.000428
          p_x           0.169195   0.046529

    8 C   s            -0.005209   0.000132
          p_y          -0.105597   0.018072
          p_z           0.033443   0.001812
          p_x           0.179804   0.052387

    9 C   s            -0.107019   0.009724
          p_y          -0.007005   0.000117
          p_z           0.032457   0.001574
          p_x          -0.016121   0.000186

   10 H   s            -0.190795   0.055421

   11 C   s             0.062059   0.004184
          p_y          -0.046293   0.003652
          p_z           0.010475   0.000203
          p_x           0.082726   0.011541

   12 C   s             0.119772   0.012712
          p_y           0.001284  -0.000002
          p_z           0.038954   0.002254
          p_x          -0.039025   0.001993

   13 H   s             0.174470   0.046764

   14 H   s             0.190804   0.055426

   15 C   s             0.106981   0.009718
          p_y           0.012465   0.000138
          p_z          -0.033840   0.001564
          p_x           0.007598   0.000170

   16 C   s             0.032957   0.001564
          p_y          -0.075985   0.009598
          p_z          -0.018156   0.000428
          p_x           0.169226   0.046546

   17 C   s            -0.072733   0.005171
          p_y           0.003988   0.000020
          p_z           0.020583   0.000798
          p_x          -0.027122   0.001257

   18 H   s            -0.111318   0.019641

   19 C   s            -0.062068   0.004185
          p_y          -0.049104   0.004060
          p_z           0.019726   0.000626
          p_x           0.079364   0.010714

   20 C   s            -0.032951   0.001564
          p_y          -0.103279   0.017292
          p_z           0.074805   0.008706
          p_x           0.135933   0.030574

   21 C   s            -0.119789   0.012715
          p_y           0.001281  -0.000002
          p_z           0.038967   0.002256
          p_x          -0.039037   0.001995

   22 H   s            -0.174500   0.046780

   23 C   s             0.072738   0.005171
          p_y           0.017952   0.000555
          p_z          -0.027468   0.001375
          p_x          -0.009870   0.000143

   24 H   s             0.061738   0.006154

   25 H   s             0.111332   0.019646

   26 H   s             0.174494   0.046777

   27 C   s             0.119785   0.012714
          p_y           0.026622   0.000942
          p_z          -0.047622   0.003255
          p_x          -0.007909   0.000045

   28 C   s             0.062072   0.004186
          p_y          -0.049104   0.004060
          p_z           0.019726   0.000626
          p_x           0.079361   0.010713

   29 H   s            -0.061746   0.006155

   30 C   s            -0.062070   0.004185
          p_y          -0.046300   0.003653
          p_z           0.010457   0.000202
          p_x           0.082751   0.011548

   31 C   s            -0.072744   0.005172
          p_y           0.017954   0.000556
          p_z          -0.027477   0.001376
          p_x          -0.009871   0.000143

   32 H   s            -0.111334   0.019646

   33 C   s             0.072730   0.005171
          p_y           0.003979   0.000020
          p_z           0.020590   0.000798
          p_x          -0.027123   0.001257

   34 H   s             0.111340   0.019649

   35 H   s             0.061756   0.006157

   36 H   s            -0.061746   0.006156

Eigenvector:  27    (down)

    1 C   s             0.073914   0.004696
          p_y          -0.008664   0.000077
          p_z           0.010743   0.000133
          p_x           0.007261   0.000046

    2 C   s            -0.052631   0.003382
          p_y           0.112722   0.020383
          p_z          -0.080840   0.009929
          p_x          -0.148654   0.036410

    3 C   s            -0.073876   0.004691
          p_y          -0.003573   0.000010
          p_z          -0.006886   0.000059
          p_x           0.013712   0.000193

    4 C   s            -0.000018   0.000000
          p_y           0.018392   0.000478
          p_z          -0.062649   0.005549
          p_x           0.022468   0.000714

    5 C   s             0.148876   0.019496
          p_y          -0.026711   0.000925
          p_z           0.037274   0.001962
          p_x           0.018218   0.000356

    6 H   s             0.196054   0.058431

    7 C   s             0.052632   0.003382
          p_y           0.083423   0.011533
          p_z           0.019036   0.000424
          p_x          -0.184471   0.054785

    8 C   s            -0.000026   0.000000
          p_y          -0.018416   0.000479
          p_z           0.062745   0.005566
          p_x          -0.022505   0.000716

    9 C   s            -0.073889   0.004693
          p_y           0.003529   0.000010
          p_z           0.006866   0.000059
          p_x          -0.013601   0.000189

   10 H   s            -0.000008   0.000000

   11 C   s            -0.070653   0.005523
          p_y           0.063482   0.006802
          p_z          -0.004793   0.000056
          p_x          -0.122181   0.024783

   12 C   s            -0.148906   0.019504
          p_y          -0.007973   0.000060
          p_z          -0.026365   0.001039
          p_x           0.040909   0.002142

   13 H   s            -0.196089   0.058451

   14 H   s            -0.000008   0.000000

   15 C   s             0.073904   0.004695
          p_y           0.008734   0.000079
          p_z          -0.010790   0.000134
          p_x          -0.007352   0.000048

   16 C   s             0.052616   0.003380
          p_y          -0.083402   0.011527
          p_z          -0.019056   0.000425
          p_x           0.184453   0.054774

   17 C   s             0.085971   0.007115
          p_y          -0.004188   0.000020
          p_z          -0.021188   0.000850
          p_x           0.028202   0.001327

   18 H   s             0.151404   0.035878

   19 C   s             0.070647   0.005522
          p_y           0.073349   0.008911
          p_z          -0.038133   0.002290
          p_x          -0.110129   0.020410

   20 C   s            -0.052649   0.003384
          p_y          -0.112706   0.020378
          p_z           0.080793   0.009918
          p_x           0.148668   0.036417

   21 C   s            -0.148858   0.019492
          p_y           0.008033   0.000061
          p_z           0.026310   0.001034
          p_x          -0.040981   0.002150

   22 H   s            -0.196056   0.058432

   23 C   s            -0.085967   0.007115
          p_y          -0.018709   0.000591
          p_z           0.028402   0.001464
          p_x           0.010648   0.000155

   24 H   s            -0.071477   0.008058

   25 H   s            -0.151370   0.035861

   26 H   s             0.196058   0.058433

   27 C   s             0.148894   0.019501
          p_y           0.026661   0.000921
          p_z          -0.037272   0.001962
          p_x          -0.018123   0.000352

   28 C   s             0.070634   0.005520
          p_y          -0.073382   0.008919
          p_z           0.038196   0.002298
          p_x           0.110130   0.020411

   29 H   s             0.071542   0.008073

   30 C   s            -0.070640   0.005521
          p_y          -0.063463   0.006798
          p_z           0.004821   0.000057
          p_x           0.122109   0.024754

   31 C   s            -0.085952   0.007112
          p_y           0.018634   0.000586
          p_z          -0.028340   0.001458
          p_x          -0.010563   0.000152

   32 H   s            -0.151381   0.035867

   33 C   s             0.085941   0.007111
          p_y           0.004223   0.000020
          p_z           0.021213   0.000852
          p_x          -0.028309   0.001337

   34 H   s             0.151347   0.035851

   35 H   s             0.071462   0.008054

   36 H   s            -0.071535   0.008071

Eigenvector:  28    (down)

    1 C   s             0.017252   0.000205
          p_y           0.111912   0.018585
          p_z          -0.093652   0.012867
          p_x          -0.134651   0.027108

    2 C   s             0.031428   0.000926
          p_y          -0.001164   0.000002
          p_z          -0.034447   0.002031
          p_x           0.034965   0.002050

    3 C   s             0.017279   0.000206
          p_y          -0.073780   0.008154
          p_z          -0.035102   0.001761
          p_x           0.180973   0.048646

    4 C   s            -0.000008   0.000000
          p_y          -0.047478   0.003394
          p_z           0.162405   0.039710
          p_x          -0.058170   0.005095

    5 C   s            -0.054249   0.002325
          p_y          -0.064034   0.006011
          p_z          -0.027245   0.001266
          p_x           0.153448   0.035460

    6 H   s            -0.034711   0.001833

    7 C   s             0.031413   0.000925
          p_y           0.023773   0.000950
          p_z          -0.042269   0.003041
          p_x          -0.007310   0.000084

    8 C   s            -0.000006   0.000000
          p_y          -0.047477   0.003394
          p_z           0.162385   0.039701
          p_x          -0.058156   0.005093

    9 C   s            -0.017231   0.000204
          p_y          -0.073792   0.008157
          p_z          -0.035090   0.001760
          p_x           0.180975   0.048647

   10 H   s             0.000044   0.000000

   11 C   s            -0.001626   0.000005
          p_y           0.022380   0.000905
          p_z           0.063640   0.006460
          p_x          -0.104435   0.018388

   12 C   s            -0.054198   0.002320
          p_y           0.094652   0.013532
          p_z          -0.077215   0.009346
          p_x          -0.116053   0.019860

   13 H   s            -0.034618   0.001823

   14 H   s            -0.000031   0.000000

   15 C   s            -0.017283   0.000206
          p_y           0.111909   0.018585
          p_z          -0.093657   0.012869
          p_x          -0.134654   0.027110

   16 C   s            -0.031433   0.000926
          p_y           0.023817   0.000953
          p_z          -0.042282   0.003043
          p_x          -0.007403   0.000086

   17 C   s             0.004158  -0.000015
          p_y           0.062872   0.006137
          p_z           0.051414   0.005037
          p_x          -0.173629   0.049765

   18 H   s             0.066566   0.007128

   19 C   s            -0.001653   0.000006
          p_y          -0.067964   0.007757
          p_z           0.092024   0.013811
          p_x           0.048821   0.004208

   20 C   s            -0.031405   0.000924
          p_y          -0.001081   0.000001
          p_z          -0.034522   0.002040
          p_x           0.034852   0.002037

   21 C   s             0.054287   0.002328
          p_y           0.094635   0.013527
          p_z          -0.077209   0.009344
          p_x          -0.116051   0.019860

   22 H   s             0.034721   0.001834

   23 C   s             0.004190  -0.000015
          p_y          -0.108710   0.019617
          p_z           0.105371   0.019537
          p_x           0.117560   0.021782

   24 H   s             0.114014   0.021424

   25 H   s             0.066636   0.007143

   26 H   s             0.034572   0.001818

   27 C   s             0.054167   0.002317
          p_y          -0.064071   0.006018
          p_z          -0.027184   0.001260
          p_x           0.153439   0.035455

   28 C   s             0.001607   0.000005
          p_y          -0.067911   0.007745
          p_z           0.091990   0.013801
          p_x           0.048727   0.004192

   29 H   s             0.113998   0.021418

   30 C   s             0.001661   0.000006
          p_y           0.022419   0.000908
          p_z           0.063593   0.006451
          p_x          -0.104492   0.018409

   31 C   s            -0.004135  -0.000015
          p_y          -0.108730   0.019624
          p_z           0.105382   0.019541
          p_x           0.117569   0.021784

   32 H   s            -0.066520   0.007118

   33 C   s            -0.004233  -0.000015
          p_y           0.062849   0.006133
          p_z           0.051423   0.005038
          p_x          -0.173623   0.049762

   34 H   s            -0.066650   0.007146

   35 H   s            -0.114042   0.021435

   36 H   s            -0.113994   0.021417

Eigenvector:  29    (down)

    1 C   s             0.000102   0.000000
          p_y           0.125391   0.022502
          p_z           0.059202   0.005016
          p_x           0.062831   0.005651

    2 C   s            -0.000080   0.000000
          p_y           0.158837   0.036348
          p_z           0.075253   0.008159
          p_x           0.079651   0.009142

    3 C   s             0.000103   0.000000
          p_y           0.125446   0.022523
          p_z           0.059107   0.005000
          p_x           0.062845   0.005652

    4 C   s            -0.000064   0.000000
          p_y          -0.000057   0.000000
          p_z          -0.000048   0.000000
          p_x           0.000141   0.000000

    5 C   s             0.000044   0.000000
          p_y           0.214537   0.067215
          p_z           0.101056   0.014914
          p_x           0.107660   0.016928

    6 H   s            -0.000018   0.000000

    7 C   s            -0.000042   0.000000
          p_y           0.158868   0.036363
          p_z           0.075353   0.008180
          p_x           0.079557   0.009119

    8 C   s            -0.000065   0.000000
          p_y           0.000056   0.000000
          p_z           0.000037   0.000000
          p_x          -0.000135   0.000000

    9 C   s             0.000102   0.000000
          p_y          -0.125447   0.022523
          p_z          -0.059102   0.004999
          p_x          -0.062855   0.005654

   10 H   s            -0.000080   0.000000

   11 C   s             0.000052   0.000000
          p_y           0.135666   0.027325
          p_z           0.064392   0.006156
          p_x           0.068100   0.006887

   12 C   s             0.000068   0.000000
          p_y           0.214589   0.067250
          p_z           0.101117   0.014932
          p_x           0.107538   0.016888

   13 H   s             0.000069   0.000000

   14 H   s            -0.000077   0.000000

   15 C   s             0.000104   0.000000
          p_y          -0.125399   0.022504
          p_z          -0.059196   0.005015
          p_x          -0.062828   0.005650

   16 C   s            -0.000039   0.000000
          p_y          -0.158869   0.036363
          p_z          -0.075354   0.008181
          p_x          -0.079559   0.009120

   17 C   s            -0.000029   0.000000
          p_y           0.103822   0.016162
          p_z           0.048558   0.003534
          p_x           0.051905   0.004040

   18 H   s            -0.000137   0.000000

   19 C   s             0.000013   0.000000
          p_y           0.135764   0.027367
          p_z           0.064426   0.006162
          p_x           0.067905   0.006845

   20 C   s            -0.000079   0.000000
          p_y          -0.158835   0.036347
          p_z          -0.075258   0.008160
          p_x          -0.079653   0.009142

   21 C   s             0.000067   0.000000
          p_y          -0.214593   0.067253
          p_z          -0.101114   0.014931
          p_x          -0.107533   0.016886

   22 H   s             0.000070   0.000000

   23 C   s             0.000007   0.000000
          p_y           0.103619   0.016100
          p_z           0.048584   0.003537
          p_x           0.052297   0.004101

   24 H   s            -0.000095   0.000000

   25 H   s            -0.000129   0.000000

   26 H   s            -0.000022   0.000000

   27 C   s             0.000038   0.000000
          p_y          -0.214536   0.067215
          p_z          -0.101050   0.014913
          p_x          -0.107667   0.016930

   28 C   s             0.000011   0.000000
          p_y          -0.135758   0.027365
          p_z          -0.064431   0.006163
          p_x          -0.067913   0.006847

   29 H   s            -0.000171   0.000000

   30 C   s             0.000054   0.000000
          p_y          -0.135665   0.027325
          p_z          -0.064399   0.006157
          p_x          -0.068096   0.006886

   31 C   s             0.000009   0.000000
          p_y          -0.103616   0.016099
          p_z          -0.048591   0.003539
          p_x          -0.052299   0.004101

   32 H   s            -0.000119   0.000000

   33 C   s            -0.000035   0.000000
          p_y          -0.103827   0.016163
          p_z          -0.048561   0.003535
          p_x          -0.051899   0.004039

   34 H   s            -0.000138   0.000000

   35 H   s            -0.000166   0.000000

   36 H   s            -0.000094   0.000000

Eigenvector:  30    (down)

    1 C   s             0.052139   0.002156
          p_y           0.031959   0.001385
          p_z          -0.090706   0.012037
          p_x           0.021173   0.000800

    2 C   s            -0.057496   0.003001
          p_y          -0.009037   0.000087
          p_z           0.073028   0.007318
          p_x          -0.051743   0.003966

    3 C   s             0.052157   0.002157
          p_y           0.019638   0.000645
          p_z          -0.086788   0.011225
          p_x           0.042127   0.002345

    4 C   s            -0.019892   0.000282
          p_y          -0.060162   0.005735
          p_z           0.019003   0.000572
          p_x           0.102222   0.016556

    5 C   s             0.018604   0.000291
          p_y           0.004068   0.000010
          p_z          -0.119070   0.020189
          p_x           0.102988   0.015808

    6 H   s             0.051234   0.003843

    7 C   s            -0.057524   0.003004
          p_y          -0.037041   0.002009
          p_z           0.081867   0.009358
          p_x          -0.004084   0.000003

    8 C   s            -0.019893   0.000282
          p_y           0.060165   0.005735
          p_z          -0.019009   0.000572
          p_x          -0.102209   0.016552

    9 C   s             0.052157   0.002157
          p_y          -0.019628   0.000645
          p_z           0.086794   0.011227
          p_x          -0.042137   0.002346

   10 H   s            -0.087783   0.011349

   11 C   s             0.017262   0.000305
          p_y          -0.088648   0.011936
          p_z           0.199814   0.058710
          p_x          -0.011867   0.000106

   12 C   s             0.018637   0.000292
          p_y           0.071098   0.007491
          p_z          -0.140124   0.028293
          p_x          -0.010673   0.000226

   13 H   s             0.051270   0.003848

   14 H   s            -0.087775   0.011347

   15 C   s             0.052142   0.002156
          p_y          -0.031960   0.001386
          p_z           0.090709   0.012037
          p_x          -0.021160   0.000800

   16 C   s            -0.057522   0.003003
          p_y           0.037041   0.002009
          p_z          -0.081864   0.009357
          p_x           0.004084   0.000003

   17 C   s            -0.012227   0.000055
          p_y           0.101736   0.015513
          p_z          -0.191900   0.057506
          p_x          -0.023040   0.000534

   18 H   s            -0.059973   0.005455

   19 C   s             0.017254   0.000305
          p_y          -0.022688   0.000640
          p_z           0.179060   0.046615
          p_x          -0.123876   0.023491

   20 C   s            -0.057495   0.003001
          p_y           0.009042   0.000087
          p_z          -0.073026   0.007318
          p_x           0.051736   0.003965

   21 C   s             0.018638   0.000292
          p_y          -0.071106   0.007493
          p_z           0.140129   0.028295
          p_x           0.010677   0.000226

   22 H   s             0.051269   0.003848

   23 C   s            -0.012208   0.000054
          p_y           0.000646   0.000006
          p_z          -0.160083   0.040729
          p_x           0.148586   0.032816

   24 H   s            -0.086370   0.011751

   25 H   s            -0.059934   0.005448

   26 H   s             0.051226   0.003842

   27 C   s             0.018598   0.000291
          p_y          -0.004068   0.000010
          p_z           0.119072   0.020190
          p_x          -0.102999   0.015811

   28 C   s             0.017251   0.000305
          p_y           0.022696   0.000640
          p_z          -0.179065   0.046618
          p_x           0.123858   0.023484

   29 H   s            -0.086374   0.011752

   30 C   s             0.017261   0.000305
          p_y           0.088646   0.011935
          p_z          -0.199824   0.058716
          p_x           0.011866   0.000106

   31 C   s            -0.012203   0.000054
          p_y          -0.000646   0.000006
          p_z           0.160070   0.040722
          p_x          -0.148591   0.032819

   32 H   s            -0.059917   0.005444

   33 C   s            -0.012233   0.000055
          p_y          -0.101749   0.015516
          p_z           0.191897   0.057503
          p_x           0.023043   0.000535

   34 H   s            -0.059975   0.005455

   35 H   s            -0.086367   0.011750

   36 H   s            -0.086350   0.011745

Eigenvector:  31    (down)

    1 C   s             0.007591   0.000034
          p_y          -0.035850   0.001666
          p_z           0.148618   0.030279
          p_x          -0.068818   0.006860

    2 C   s             0.012441   0.000241
          p_y          -0.044379   0.003228
          p_z          -0.061794   0.005179
          p_x           0.146845   0.032925

    3 C   s            -0.007616   0.000034
          p_y           0.052921   0.004010
          p_z          -0.153963   0.032781
          p_x           0.039642   0.001969

    4 C   s             0.028291   0.000155
          p_y           0.144165   0.031928
          p_z          -0.045550   0.003187
          p_x          -0.245060   0.092255

    5 C   s            -0.046334   0.001736
          p_y          -0.015913   0.000409
          p_z           0.039636   0.002146
          p_x          -0.005450  -0.000002

    6 H   s            -0.122674   0.021989

    7 C   s            -0.012441   0.000241
          p_y          -0.093290   0.013212
          p_z           0.105092   0.015896
          p_x           0.087060   0.012189

    8 C   s            -0.028285   0.000154
          p_y           0.144176   0.031933
          p_z          -0.045562   0.003189
          p_x          -0.245072   0.092264

    9 C   s             0.007615   0.000034
          p_y           0.052922   0.004010
          p_z          -0.153969   0.032784
          p_x           0.039635   0.001968

   10 H   s             0.231640   0.077904

   11 C   s            -0.024445   0.000285
          p_y          -0.053684   0.004541
          p_z           0.009499   0.000155
          p_x           0.098219   0.015072

   12 C   s             0.046343   0.001736
          p_y           0.006347   0.000025
          p_z          -0.036488   0.001718
          p_x           0.021803   0.000799

   13 H   s             0.122635   0.021975

   14 H   s            -0.231659   0.077916

   15 C   s            -0.007591   0.000034
          p_y          -0.035863   0.001667
          p_z           0.148632   0.030284
          p_x          -0.068816   0.006860

   16 C   s             0.012434   0.000241
          p_y          -0.093294   0.013213
          p_z           0.105102   0.015898
          p_x           0.087049   0.012186

   17 C   s            -0.000715  -0.000003
          p_y           0.011455   0.000159
          p_z          -0.054779   0.004509
          p_x           0.028704   0.001430

   18 H   s            -0.086019   0.011084

   19 C   s             0.024433   0.000284
          p_y          -0.058491   0.005339
          p_z           0.025739   0.001001
          p_x           0.092400   0.013433

   20 C   s            -0.012441   0.000241
          p_y          -0.044396   0.003231
          p_z          -0.061785   0.005178
          p_x           0.146863   0.032933

   21 C   s            -0.046347   0.001737
          p_y           0.006335   0.000025
          p_z          -0.036492   0.001719
          p_x           0.021820   0.000800

   22 H   s            -0.122627   0.021972

   23 C   s             0.000720  -0.000003
          p_y          -0.021491   0.000781
          p_z           0.058012   0.005192
          p_x          -0.011696   0.000137

   24 H   s            -0.046806   0.003388

   25 H   s             0.086045   0.011090

   26 H   s             0.122696   0.021997

   27 C   s             0.046331   0.001735
          p_y          -0.015906   0.000408
          p_z           0.039621   0.002144
          p_x          -0.005461  -0.000002

   28 C   s            -0.024432   0.000284
          p_y          -0.058497   0.005340
          p_z           0.025727   0.001000
          p_x           0.092418   0.013438

   29 H   s             0.046828   0.003391

   30 C   s             0.024450   0.000285
          p_y          -0.053687   0.004542
          p_z           0.009502   0.000155
          p_x           0.098219   0.015072

   31 C   s            -0.000720  -0.000003
          p_y          -0.021483   0.000780
          p_z           0.058015   0.005192
          p_x          -0.011717   0.000137

   32 H   s            -0.086059   0.011094

   33 C   s             0.000722  -0.000003
          p_y           0.011451   0.000159
          p_z          -0.054788   0.004510
          p_x           0.028726   0.001432

   34 H   s             0.086019   0.011084

   35 H   s            -0.046825   0.003390

   36 H   s             0.046822   0.003390

Eigenvector:  32    (down)

    1 C   s             0.023809   0.000427
          p_y           0.041917   0.002495
          p_z          -0.119244   0.019139
          p_x           0.028937   0.000948

    2 C   s             0.030648   0.000422
          p_y           0.087824   0.011907
          p_z          -0.002282   0.000021
          p_x          -0.172907   0.045210

    3 C   s            -0.023818   0.000428
          p_y          -0.026746   0.000863
          p_z           0.114443   0.017381
          p_x          -0.054755   0.004332

    4 C   s             0.000007   0.000000
          p_y          -0.032490   0.001444
          p_z           0.110764   0.016776
          p_x          -0.039654   0.002150

    5 C   s            -0.036544   0.001168
          p_y          -0.020596   0.000579
          p_z           0.101954   0.014512
          p_x          -0.054690   0.004246

    6 H   s             0.147294   0.031452

    7 C   s            -0.030648   0.000422
          p_y           0.104057   0.016326
          p_z          -0.058230   0.004828
          p_x          -0.152902   0.035957

    8 C   s             0.000007   0.000000
          p_y           0.032476   0.001442
          p_z          -0.110762   0.016776
          p_x           0.039656   0.002150

    9 C   s            -0.023818   0.000428
          p_y           0.026735   0.000862
          p_z          -0.114443   0.017381
          p_x           0.054754   0.004332

   10 H   s            -0.000050   0.000000

   11 C   s             0.032082   0.001294
          p_y          -0.080478   0.010349
          p_z          -0.013387   0.000202
          p_x           0.173393   0.046996

   12 C   s             0.036524   0.001166
          p_y           0.040924   0.002370
          p_z          -0.108200   0.016392
          p_x           0.020390   0.000558

   13 H   s            -0.147243   0.031430

   14 H   s            -0.000042   0.000000

   15 C   s             0.023808   0.000427
          p_y          -0.041921   0.002495
          p_z           0.119233   0.019135
          p_x          -0.028942   0.000948

   16 C   s            -0.030649   0.000422
          p_y          -0.104050   0.016324
          p_z           0.058229   0.004827
          p_x           0.152894   0.035953

   17 C   s            -0.058248   0.002983
          p_y           0.005493   0.000031
          p_z          -0.012473   0.000200
          p_x           0.000985   0.000004

   18 H   s            -0.172730   0.044197

   19 C   s            -0.032080   0.001293
          p_y          -0.105670   0.017407
          p_z           0.071991   0.007731
          p_x           0.142748   0.032416

   20 C   s             0.030648   0.000422
          p_y          -0.087820   0.011906
          p_z           0.002283   0.000021
          p_x           0.172901   0.045208

   21 C   s             0.036524   0.001166
          p_y          -0.040912   0.002368
          p_z           0.108196   0.016391
          p_x          -0.020384   0.000557

   22 H   s            -0.147232   0.031426

   23 C   s             0.058258   0.002983
          p_y          -0.001590   0.000006
          p_z           0.011367   0.000178
          p_x          -0.007511   0.000054

   24 H   s             0.028284   0.001082

   25 H   s             0.172739   0.044201

   26 H   s             0.147288   0.031450

   27 C   s            -0.036543   0.001168
          p_y           0.020604   0.000579
          p_z          -0.101948   0.014510
          p_x           0.054696   0.004246

   28 C   s            -0.032079   0.001293
          p_y           0.105670   0.017407
          p_z          -0.071983   0.007730
          p_x          -0.142729   0.032407

   29 H   s            -0.028200   0.001075

   30 C   s             0.032082   0.001293
          p_y           0.080481   0.010349
          p_z           0.013397   0.000202
          p_x          -0.173381   0.046990

   31 C   s             0.058254   0.002983
          p_y           0.001598   0.000006
          p_z          -0.011358   0.000178
          p_x           0.007512   0.000054

   32 H   s             0.172723   0.044193

   33 C   s            -0.058242   0.002982
          p_y          -0.005481   0.000031
          p_z           0.012474   0.000200
          p_x          -0.000978   0.000004

   34 H   s            -0.172722   0.044193

   35 H   s            -0.028202   0.001075

   36 H   s             0.028284   0.001082

Eigenvector:  33    (down)

    1 C   s            -0.009961   0.000086
          p_y           0.053794   0.004123
          p_z          -0.042944   0.002811
          p_x          -0.066830   0.006093

    2 C   s            -0.009386   0.000113
          p_y           0.090435   0.012199
          p_z          -0.126429   0.022929
          p_x          -0.061069   0.005980

    3 C   s            -0.009953   0.000086
          p_y          -0.036976   0.001846
          p_z          -0.014419   0.000370
          p_x           0.087386   0.010821

    4 C   s             0.051698   0.002592
          p_y          -0.069015   0.007213
          p_z           0.021726   0.000715
          p_x           0.117233   0.020813

    5 C   s            -0.040267   0.001180
          p_y          -0.116128   0.018699
          p_z           0.112732   0.017945
          p_x           0.125746   0.021585

    6 H   s             0.107157   0.016160

    7 C   s            -0.009355   0.000112
          p_y          -0.027010   0.001215
          p_z          -0.089323   0.011125
          p_x           0.138461   0.028752

    8 C   s             0.051694   0.002592
          p_y           0.068807   0.007171
          p_z          -0.021722   0.000715
          p_x          -0.117262   0.020821

    9 C   s            -0.009949   0.000086
          p_y           0.036839   0.001832
          p_z           0.014344   0.000367
          p_x          -0.087437   0.010834

   10 H   s            -0.154234   0.032779

   11 C   s             0.016302   0.000215
          p_y           0.002403   0.000004
          p_z           0.014609   0.000424
          p_x          -0.018156   0.000546

   12 C   s            -0.040295   0.001182
          p_y           0.067204   0.006138
          p_z           0.054953   0.004377
          p_x          -0.185619   0.047690

   13 H   s             0.107164   0.016163

   14 H   s            -0.154165   0.032749

   15 C   s            -0.009968   0.000086
          p_y          -0.053889   0.004137
          p_z           0.042774   0.002790
          p_x           0.066789   0.006085

   16 C   s            -0.009364   0.000113
          p_y           0.027064   0.001219
          p_z           0.089366   0.011135
          p_x          -0.138565   0.028796

   17 C   s             0.019498   0.000090
          p_y           0.049505   0.003484
          p_z           0.077875   0.010100
          p_x          -0.171485   0.044866

   18 H   s             0.006816   0.000061

   19 C   s             0.016332   0.000216
          p_y          -0.012065   0.000246
          p_z           0.019095   0.000684
          p_x           0.006313   0.000045

   20 C   s            -0.009384   0.000113
          p_y          -0.090384   0.012185
          p_z           0.126468   0.022943
          p_x           0.060983   0.005964

   21 C   s            -0.040297   0.001182
          p_y          -0.067004   0.006101
          p_z          -0.054997   0.004384
          p_x           0.185742   0.047754

   22 H   s             0.107260   0.016192

   23 C   s             0.019484   0.000090
          p_y          -0.109393   0.018350
          p_z           0.127900   0.026176
          p_x           0.098080   0.013961

   24 H   s             0.136870   0.028221

   25 H   s             0.006867   0.000062

   26 H   s             0.107079   0.016137

   27 C   s            -0.040256   0.001179
          p_y           0.116290   0.018751
          p_z          -0.112654   0.017920
          p_x          -0.125659   0.021554

   28 C   s             0.016332   0.000216
          p_y           0.012138   0.000248
          p_z          -0.018957   0.000676
          p_x          -0.006111   0.000042

   29 H   s             0.136947   0.028253

   30 C   s             0.016297   0.000215
          p_y          -0.002315   0.000004
          p_z          -0.014456   0.000416
          p_x           0.018326   0.000556

   31 C   s             0.019460   0.000089
          p_y           0.109547   0.018399
          p_z          -0.127800   0.026137
          p_x          -0.098007   0.013939

   32 H   s             0.006735   0.000060

   33 C   s             0.019549   0.000091
          p_y          -0.049309   0.003457
          p_z          -0.077884   0.010102
          p_x           0.171595   0.044924

   34 H   s             0.006924   0.000063

   35 H   s             0.136942   0.028250

   36 H   s             0.136918   0.028241

Eigenvector:  34    (down)

    1 C   s            -0.000050   0.000000
          p_y          -0.140613   0.026829
          p_z          -0.067469   0.006177
          p_x          -0.069789   0.006608

    2 C   s            -0.000037   0.000000
          p_y           0.020049   0.000553
          p_z           0.010942   0.000165
          p_x           0.010024   0.000139

    3 C   s            -0.000023   0.000000
          p_y          -0.140212   0.026675
          p_z          -0.067763   0.006232
          p_x          -0.070314   0.006708

    4 C   s            -0.000076   0.000000
          p_y          -0.158725   0.034031
          p_z          -0.074229   0.007446
          p_x          -0.079888   0.008624

    5 C   s             0.000025   0.000000
          p_y           0.176980   0.043410
          p_z           0.082058   0.009333
          p_x           0.088718   0.010908

    6 H   s            -0.000150   0.000000

    7 C   s            -0.000013   0.000000
          p_y           0.019971   0.000548
          p_z           0.010755   0.000159
          p_x           0.010362   0.000148

    8 C   s             0.000027   0.000000
          p_y          -0.158786   0.034058
          p_z          -0.074221   0.007444
          p_x          -0.079774   0.008598

    9 C   s             0.000037   0.000000
          p_y          -0.140248   0.026689
          p_z          -0.067783   0.006236
          p_x          -0.070227   0.006691

   10 H   s             0.000238   0.000000

   11 C   s             0.000214   0.000000
          p_y           0.173140   0.042128
          p_z           0.082552   0.009574
          p_x           0.086298   0.010462

   12 C   s            -0.000041   0.000000
          p_y           0.176556   0.043203
          p_z           0.082843   0.009511
          p_x           0.088845   0.010939

   13 H   s             0.000439   0.000000

   14 H   s            -0.000092   0.000000

   15 C   s             0.000057   0.000000
          p_y          -0.140565   0.026811
          p_z          -0.067500   0.006183
          p_x          -0.069856   0.006621

   16 C   s             0.000015   0.000000
          p_y           0.019945   0.000547
          p_z           0.010674   0.000157
          p_x           0.010487   0.000152

   17 C   s            -0.000068   0.000000
          p_y           0.167746   0.039976
          p_z           0.078255   0.008694
          p_x           0.083832   0.009985

   18 H   s             0.000116   0.000000

   19 C   s             0.000119   0.000000
          p_y           0.173448   0.042286
          p_z           0.082474   0.009554
          p_x           0.085786   0.010331

   20 C   s             0.000048   0.000000
          p_y           0.020138   0.000558
          p_z           0.010810   0.000161
          p_x           0.009967   0.000137

   21 C   s             0.000079   0.000000
          p_y           0.176620   0.043234
          p_z           0.082889   0.009522
          p_x           0.088671   0.010896

   22 H   s            -0.000534   0.000000

   23 C   s            -0.000212   0.000000
          p_y           0.167510   0.039870
          p_z           0.077847   0.008600
          p_x           0.084698   0.010189

   24 H   s            -0.000262   0.000000

   25 H   s            -0.000922   0.000001

   26 H   s             0.000044   0.000000

   27 C   s             0.000015   0.000000
          p_y           0.176864   0.043353
          p_z           0.082176   0.009360
          p_x           0.088836   0.010937

   28 C   s            -0.000137   0.000000
          p_y           0.173423   0.042273
          p_z           0.082487   0.009558
          p_x           0.085826   0.010341

   29 H   s            -0.000659   0.000001

   30 C   s            -0.000226   0.000000
          p_y           0.173132   0.042123
          p_z           0.082573   0.009580
          p_x           0.086299   0.010462

   31 C   s             0.000191   0.000000
          p_y           0.167403   0.039817
          p_z           0.077996   0.008635
          p_x           0.084779   0.010209

   32 H   s             0.000887   0.000001

   33 C   s             0.000056   0.000000
          p_y           0.167799   0.040000
          p_z           0.078322   0.008710
          p_x           0.083678   0.009947

   34 H   s            -0.000105   0.000000

   35 H   s             0.000511   0.000000

   36 H   s             0.000151   0.000000

Eigenvector:  35    (down)

    1 C   s            -0.000751  -0.000000
          p_y          -0.015270   0.000351
          p_z           0.037872   0.002075
          p_x          -0.004206   0.000019

    2 C   s            -0.001629  -0.000011
          p_y          -0.088302   0.011681
          p_z           0.069738   0.006896
          p_x           0.110161   0.018763

    3 C   s             0.000740  -0.000000
          p_y           0.005978   0.000045
          p_z          -0.034470   0.001699
          p_x           0.021776   0.000718

    4 C   s            -0.024470   0.000565
          p_y           0.038311   0.002250
          p_z          -0.011722   0.000211
          p_x          -0.064219   0.006333

    5 C   s             0.014299   0.000163
          p_y           0.039019   0.002143
          p_z          -0.130748   0.023580
          p_x           0.043790   0.002548

    6 H   s            -0.123689   0.021967

    7 C   s             0.001616  -0.000010
          p_y          -0.061094   0.005812
          p_z          -0.022672   0.000618
          p_x           0.143399   0.030932

    8 C   s             0.024502   0.000566
          p_y           0.038350   0.002255
          p_z          -0.011720   0.000211
          p_x          -0.064299   0.006348

    9 C   s            -0.000750  -0.000000
          p_y           0.006003   0.000046
          p_z          -0.034449   0.001697
          p_x           0.021716   0.000714

   10 H   s             0.074217   0.007803

   11 C   s             0.008246  -0.000070
          p_y           0.107782   0.018079
          p_z          -0.014293   0.000343
          p_x          -0.203012   0.063755

   12 C   s            -0.014330   0.000164
          p_y          -0.037019   0.001841
          p_z           0.129293   0.022959
          p_x          -0.049286   0.003446

   13 H   s             0.123746   0.021987

   14 H   s            -0.074315   0.007823

   15 C   s             0.000749  -0.000000
          p_y          -0.015299   0.000352
          p_z           0.037889   0.002077
          p_x          -0.004158   0.000018

   16 C   s            -0.001615  -0.000010
          p_y          -0.061074   0.005809
          p_z          -0.022621   0.000615
          p_x           0.143322   0.030898

   17 C   s             0.034351   0.000834
          p_y          -0.019540   0.000461
          p_z           0.078318   0.008956
          p_x          -0.036016   0.002247

   18 H   s             0.190202   0.053224

   19 C   s            -0.008221  -0.000070
          p_y           0.120854   0.022586
          p_z          -0.058259   0.005151
          p_x          -0.187180   0.054441

   20 C   s             0.001618  -0.000010
          p_y          -0.088361   0.011696
          p_z           0.069830   0.006915
          p_x           0.110198   0.018776

   21 C   s             0.014303   0.000164
          p_y          -0.037062   0.001845
          p_z           0.129270   0.022951
          p_x          -0.049174   0.003430

   22 H   s            -0.123686   0.021966

   23 C   s            -0.034351   0.000834
          p_y           0.027168   0.001239
          p_z          -0.081418   0.009955
          p_x           0.021226   0.000475

   24 H   s             0.046572   0.003351

   25 H   s            -0.190224   0.053236

   26 H   s             0.123760   0.021992

   27 C   s            -0.014324   0.000164
          p_y           0.039099   0.002152
          p_z          -0.130826   0.023609
          p_x           0.043709   0.002539

   28 C   s             0.008235  -0.000070
          p_y           0.120878   0.022595
          p_z          -0.058266   0.005153
          p_x          -0.187222   0.054465

   29 H   s            -0.046556   0.003348

   30 C   s            -0.008243  -0.000070
          p_y           0.107794   0.018083
          p_z          -0.014317   0.000344
          p_x          -0.203020   0.063760

   31 C   s             0.034367   0.000835
          p_y           0.027242   0.001246
          p_z          -0.081528   0.009983
          p_x           0.021176   0.000473

   32 H   s             0.190261   0.053256

   33 C   s            -0.034345   0.000834
          p_y          -0.019579   0.000463
          p_z           0.078287   0.008948
          p_x          -0.035921   0.002236

   34 H   s            -0.190216   0.053232

   35 H   s             0.046663   0.003364

   36 H   s            -0.046503   0.003341

Eigenvector:  36    (down)

    1 C   s             0.006782   0.000030
          p_y          -0.024626   0.000837
          p_z           0.168672   0.038967
          p_x          -0.112509   0.017274

    2 C   s             0.006695   0.000049
          p_y           0.032386   0.001337
          p_z          -0.165378   0.037104
          p_x           0.091825   0.011928

    3 C   s             0.006794   0.000030
          p_y          -0.081561   0.009083
          p_z           0.186647   0.047677
          p_x          -0.015911   0.000354

    4 C   s            -0.000020   0.000000
          p_y           0.035932   0.001701
          p_z          -0.126239   0.021014
          p_x           0.044672   0.002631

    5 C   s             0.004046   0.000014
          p_y          -0.052948   0.003859
          p_z           0.151221   0.031508
          p_x          -0.033612   0.001561

    6 H   s            -0.035410   0.001753

    7 C   s             0.006698   0.000049
          p_y           0.068246   0.006538
          p_z          -0.176768   0.042718
          p_x           0.030929   0.001154

    8 C   s             0.000032   0.000000
          p_y           0.035948   0.001703
          p_z          -0.126231   0.021011
          p_x           0.044632   0.002626

    9 C   s            -0.006798   0.000030
          p_y          -0.081548   0.009080
          p_z           0.186666   0.047688
          p_x          -0.015940   0.000355

   10 H   s            -0.000048   0.000000

   11 C   s            -0.026379   0.000671
          p_y           0.065698   0.006188
          p_z          -0.148258   0.030531
          p_x           0.011615   0.000120

   12 C   s             0.004027   0.000014
          p_y          -0.031232   0.001346
          p_z           0.144402   0.028736
          p_x          -0.070792   0.006896

   13 H   s            -0.035379   0.001750

   14 H   s             0.000004   0.000000

   15 C   s            -0.006782   0.000030
          p_y          -0.024634   0.000838
          p_z           0.168675   0.038969
          p_x          -0.112484   0.017267

   16 C   s            -0.006695   0.000049
          p_y           0.068263   0.006541
          p_z          -0.176751   0.042709
          p_x           0.030895   0.001151

   17 C   s             0.023740   0.000316
          p_y          -0.065806   0.006227
          p_z           0.149057   0.033356
          p_x          -0.005764   0.000099

   18 H   s             0.054871   0.004277

   19 C   s            -0.026416   0.000672
          p_y           0.019238   0.000447
          p_z          -0.133664   0.024546
          p_x           0.090423   0.011816

   20 C   s            -0.006703   0.000049
          p_y           0.032368   0.001335
          p_z          -0.165336   0.037085
          p_x           0.091836   0.011931

   21 C   s            -0.004040   0.000014
          p_y          -0.031249   0.001348
          p_z           0.144396   0.028734
          p_x          -0.070743   0.006887

   22 H   s             0.035409   0.001753

   23 C   s             0.023728   0.000316
          p_y          -0.014083   0.000371
          p_z           0.132662   0.026815
          p_x          -0.093528   0.012442

   24 H   s             0.078947   0.009343

   25 H   s             0.054717   0.004253

   26 H   s             0.035437   0.001755

   27 C   s            -0.004054   0.000014
          p_y          -0.052910   0.003853
          p_z           0.151193   0.031496
          p_x          -0.033652   0.001565

   28 C   s             0.026424   0.000672
          p_y           0.019251   0.000448
          p_z          -0.133668   0.024548
          p_x           0.090405   0.011811

   29 H   s             0.078854   0.009321

   30 C   s             0.026377   0.000671
          p_y           0.065705   0.006189
          p_z          -0.148277   0.030539
          p_x           0.011614   0.000120

   31 C   s            -0.023722   0.000316
          p_y          -0.014053   0.000370
          p_z           0.132613   0.026794
          p_x          -0.093552   0.012449

   32 H   s            -0.054701   0.004251

   33 C   s            -0.023736   0.000316
          p_y          -0.065831   0.006232
          p_z           0.149050   0.033352
          p_x          -0.005728   0.000098

   34 H   s            -0.054875   0.004278

   35 H   s            -0.078805   0.009309

   36 H   s            -0.078911   0.009334

Eigenvector:  37    (down)

    1 C   s            -0.021588   0.000402
          p_y           0.054616   0.003877
          p_z          -0.159591   0.032466
          p_x           0.041283   0.002059

    2 C   s             0.057488   0.002500
          p_y          -0.014591   0.000256
          p_z           0.113775   0.017080
          p_x          -0.078386   0.008379

    3 C   s             0.021587   0.000402
          p_y          -0.037367   0.001718
          p_z           0.154016   0.030089
          p_x          -0.070980   0.006593

    4 C   s             0.000002   0.000000
          p_y          -0.055145   0.003977
          p_z           0.187779   0.046115
          p_x          -0.067305   0.005924

    5 C   s            -0.029004   0.000781
          p_y           0.037733   0.002068
          p_z          -0.063296   0.005451
          p_x          -0.015764   0.000448

    6 H   s             0.007350   0.000087

    7 C   s            -0.057489   0.002501
          p_y           0.056059   0.004264
          p_z          -0.126918   0.021407
          p_x           0.007867   0.000058

    8 C   s             0.000016   0.000000
          p_y           0.055153   0.003978
          p_z          -0.187744   0.046098
          p_x           0.067314   0.005926

    9 C   s             0.021588   0.000402
          p_y           0.037350   0.001716
          p_z          -0.153982   0.030075
          p_x           0.071028   0.006602

   10 H   s            -0.000029   0.000000

   11 C   s             0.066329   0.003008
          p_y           0.093969   0.012992
          p_z          -0.081200   0.009129
          p_x          -0.110896   0.018830

   12 C   s             0.028989   0.000780
          p_y           0.004665   0.000049
          p_z           0.049961   0.003275
          p_x          -0.056274   0.004650

   13 H   s            -0.007342   0.000087

   14 H   s            -0.000028   0.000000

   15 C   s            -0.021598   0.000403
          p_y          -0.054579   0.003872
          p_z           0.159588   0.032465
          p_x          -0.041307   0.002061

   16 C   s            -0.057503   0.002502
          p_y          -0.056045   0.004262
          p_z           0.126872   0.021391
          p_x          -0.007869   0.000058

   17 C   s            -0.023926   0.000802
          p_y          -0.038091   0.001826
          p_z           0.161173   0.037846
          p_x          -0.075282   0.009391

   18 H   s             0.098142   0.014044

   19 C   s            -0.066332   0.003008
          p_y           0.060745   0.005705
          p_z           0.032591   0.001287
          p_x          -0.151537   0.033951

   20 C   s             0.057489   0.002500
          p_y           0.014555   0.000254
          p_z          -0.113751   0.017073
          p_x           0.078424   0.008388

   21 C   s             0.028993   0.000780
          p_y          -0.004697   0.000050
          p_z          -0.049947   0.003273
          p_x           0.056252   0.004647

   22 H   s            -0.007318   0.000086

   23 C   s             0.023938   0.000803
          p_y           0.057869   0.005405
          p_z          -0.167198   0.041604
          p_x           0.042140   0.002031

   24 H   s             0.163279   0.038305

   25 H   s            -0.098129   0.014041

   26 H   s             0.007399   0.000088

   27 C   s            -0.029009   0.000781
          p_y          -0.037741   0.002069
          p_z           0.063231   0.005439
          p_x           0.015774   0.000448

   28 C   s            -0.066318   0.003007
          p_y          -0.060759   0.005707
          p_z          -0.032639   0.001291
          p_x           0.151548   0.033956

   29 H   s            -0.163244   0.038288

   30 C   s             0.066334   0.003009
          p_y          -0.093959   0.012989
          p_z           0.081205   0.009130
          p_x           0.110826   0.018807

   31 C   s             0.023935   0.000802
          p_y          -0.057868   0.005404
          p_z           0.167199   0.041605
          p_x          -0.042192   0.002037

   32 H   s            -0.098146   0.014046

   33 C   s            -0.023910   0.000801
          p_y           0.038068   0.001824
          p_z          -0.161166   0.037843
          p_x           0.075301   0.009395

   34 H   s             0.098083   0.014028

   35 H   s            -0.163238   0.038285

   36 H   s             0.163283   0.038306

Eigenvector:  38    (down)

    1 C   s             0.016090   0.000171
          p_y           0.089842   0.010226
          p_z          -0.027463   0.000889
          p_x          -0.153507   0.030203

    2 C   s             0.008823   0.000151
          p_y          -0.087995   0.011062
          p_z           0.038239   0.001983
          p_x           0.139668   0.028230

    3 C   s             0.016113   0.000172
          p_y          -0.090415   0.010498
          p_z           0.029398   0.001180
          p_x           0.152810   0.029640

    4 C   s            -0.000000  -0.000000
          p_y          -0.034790   0.001615
          p_z           0.118375   0.018702
          p_x          -0.042423   0.002402

    5 C   s             0.015265   0.000173
          p_y           0.075747   0.007546
          p_z          -0.099775   0.013519
          p_x          -0.056836   0.004020

    6 H   s            -0.180524   0.042368

    7 C   s             0.008832   0.000151
          p_y           0.081258   0.009577
          p_z          -0.015111   0.000377
          p_x          -0.147964   0.031339

    8 C   s            -0.000002   0.000000
          p_y          -0.034814   0.001618
          p_z           0.118432   0.018719
          p_x          -0.042414   0.002401

    9 C   s            -0.016118   0.000172
          p_y          -0.090475   0.010512
          p_z           0.029421   0.001182
          p_x           0.152799   0.029635

   10 H   s            -0.000026   0.000000

   11 C   s            -0.026164   0.000643
          p_y           0.044795   0.002995
          p_z          -0.045365   0.003069
          p_x          -0.046628   0.003247

   12 C   s             0.015270   0.000173
          p_y          -0.026544   0.000854
          p_z          -0.067618   0.006361
          p_x           0.116852   0.017882

   13 H   s            -0.180558   0.042383

   14 H   s             0.000058   0.000000

   15 C   s            -0.016088   0.000171
          p_y           0.089841   0.010225
          p_z          -0.027530   0.000894
          p_x          -0.153530   0.030213

   16 C   s            -0.008822   0.000151
          p_y           0.081245   0.009574
          p_z          -0.015182   0.000380
          p_x          -0.147959   0.031336

   17 C   s            -0.015051   0.000022
          p_y          -0.078553   0.008252
          p_z          -0.016958   0.000618
          p_x           0.172475   0.042014

   18 H   s             0.076719   0.008052

   19 C   s            -0.026156   0.000642
          p_y          -0.024666   0.000909
          p_z          -0.023495   0.000823
          p_x           0.071301   0.007588

   20 C   s            -0.008833   0.000151
          p_y          -0.088012   0.011066
          p_z           0.038249   0.001984
          p_x           0.139641   0.028220

   21 C   s            -0.015273   0.000173
          p_y          -0.026533   0.000853
          p_z          -0.067604   0.006358
          p_x           0.116802   0.017867

   22 H   s             0.180551   0.042380

   23 C   s            -0.015047   0.000022
          p_y           0.105366   0.015781
          p_z          -0.074778   0.008716
          p_x          -0.139673   0.026383

   24 H   s            -0.116855   0.019153

   25 H   s             0.076756   0.008060

   26 H   s             0.180518   0.042365

   27 C   s            -0.015254   0.000173
          p_y           0.075742   0.007545
          p_z          -0.099796   0.013525
          p_x          -0.056802   0.004015

   28 C   s             0.026174   0.000643
          p_y          -0.024649   0.000908
          p_z          -0.023487   0.000822
          p_x           0.071313   0.007591

   29 H   s            -0.116843   0.019149

   30 C   s             0.026150   0.000642
          p_y           0.044845   0.003001
          p_z          -0.045349   0.003068
          p_x          -0.046663   0.003252

   31 C   s             0.015034   0.000022
          p_y           0.105409   0.015793
          p_z          -0.074772   0.008714
          p_x          -0.139665   0.026380

   32 H   s            -0.076772   0.008063

   33 C   s             0.015070   0.000022
          p_y          -0.078520   0.008246
          p_z          -0.016901   0.000614
          p_x           0.172479   0.042016

   34 H   s            -0.076761   0.008061

   35 H   s             0.116866   0.019156

   36 H   s             0.116819   0.019142

Eigenvector:  39    (down)

    1 C   s            -0.000015   0.000000
          p_y          -0.210494   0.056402
          p_z          -0.099349   0.012565
          p_x          -0.105322   0.014121

    2 C   s            -0.000037   0.000000
          p_y          -0.133501   0.022719
          p_z          -0.063111   0.005077
          p_x          -0.066881   0.005702

    3 C   s            -0.000030   0.000000
          p_y          -0.210390   0.056348
          p_z          -0.099605   0.012629
          p_x          -0.105417   0.014146

    4 C   s             0.000014   0.000000
          p_y           0.000107   0.000000
          p_z          -0.000097   0.000000
          p_x          -0.000047   0.000000

    5 C   s             0.000010   0.000000
          p_y           0.016004   0.000337
          p_z           0.007609   0.000076
          p_x           0.007913   0.000083

    6 H   s            -0.000000   0.000000

    7 C   s             0.000030   0.000000
          p_y          -0.133607   0.022755
          p_z          -0.063036   0.005065
          p_x          -0.066893   0.005704

    8 C   s             0.000006  -0.000000
          p_y          -0.000113   0.000000
          p_z           0.000116   0.000000
          p_x           0.000034   0.000000

    9 C   s            -0.000037   0.000000
          p_y           0.210378   0.056342
          p_z           0.099599   0.012627
          p_x           0.105440   0.014152

   10 H   s             0.000115   0.000000

   11 C   s            -0.000024   0.000000
          p_y           0.149237   0.029279
          p_z           0.070479   0.006531
          p_x           0.075031   0.007403

   12 C   s            -0.000014   0.000000
          p_y           0.015887   0.000332
          p_z           0.007576   0.000076
          p_x           0.008107   0.000087

   13 H   s            -0.000009   0.000000

   14 H   s             0.000114   0.000000

   15 C   s            -0.000013   0.000000
          p_y           0.210507   0.056409
          p_z           0.099349   0.012565
          p_x           0.105289   0.014112

   16 C   s             0.000036   0.000000
          p_y           0.133622   0.022761
          p_z           0.063053   0.005068
          p_x           0.066855   0.005697

   17 C   s             0.000017   0.000000
          p_y           0.214018   0.060901
          p_z           0.100779   0.013505
          p_x           0.107184   0.015275

   18 H   s            -0.000181   0.000000

   19 C   s             0.000043   0.000000
          p_y           0.149326   0.029317
          p_z           0.070455   0.006526
          p_x           0.074837   0.007362

   20 C   s            -0.000043   0.000000
          p_y           0.133492   0.022716
          p_z           0.063106   0.005076
          p_x           0.066905   0.005706

   21 C   s            -0.000020   0.000000
          p_y          -0.015882   0.000332
          p_z          -0.007606   0.000076
          p_x          -0.008071   0.000086

   22 H   s             0.000026   0.000000

   23 C   s            -0.000008   0.000000
          p_y           0.213761   0.060753
          p_z           0.100987   0.013562
          p_x           0.107488   0.015362

   24 H   s             0.000049   0.000000

   25 H   s            -0.000143   0.000000

   26 H   s             0.000030   0.000000

   27 C   s             0.000009   0.000000
          p_y          -0.015988   0.000337
          p_z          -0.007607   0.000076
          p_x          -0.007936   0.000083

   28 C   s             0.000048   0.000000
          p_y          -0.149331   0.029319
          p_z          -0.070434   0.006522
          p_x          -0.074839   0.007362

   29 H   s             0.000163   0.000000

   30 C   s            -0.000020   0.000000
          p_y          -0.149228   0.029275
          p_z          -0.070507   0.006536
          p_x          -0.075023   0.007401

   31 C   s            -0.000006   0.000000
          p_y          -0.213738   0.060740
          p_z          -0.101027   0.013573
          p_x          -0.107497   0.015365

   32 H   s            -0.000149   0.000000

   33 C   s             0.000015   0.000000
          p_y          -0.214038   0.060912
          p_z          -0.100773   0.013504
          p_x          -0.107159   0.015268

   34 H   s            -0.000185   0.000000

   35 H   s             0.000206   0.000000

   36 H   s             0.000041   0.000000

Eigenvector:  40    (down)

    1 C   s            -0.000021   0.000000
          p_y          -0.190302   0.045789
          p_z          -0.089886   0.010216
          p_x          -0.095134   0.011444

    2 C   s            -0.000017   0.000000
          p_y          -0.203071   0.052401
          p_z          -0.095986   0.011708
          p_x          -0.101884   0.013192

    3 C   s            -0.000032   0.000000
          p_y           0.190220   0.045749
          p_z           0.089918   0.010223
          p_x           0.095069   0.011428

    4 C   s             0.000031   0.000000
          p_y          -0.264976   0.088462
          p_z          -0.125352   0.019798
          p_x          -0.132777   0.022214

    5 C   s            -0.000023   0.000000
          p_y          -0.111113   0.015920
          p_z          -0.052387   0.003539
          p_x          -0.055718   0.004003

    6 H   s             0.000109   0.000000

    7 C   s             0.000044   0.000000
          p_y           0.203063   0.052397
          p_z           0.096058   0.011726
          p_x           0.101722   0.013149

    8 C   s             0.000033   0.000000
          p_y           0.264978   0.088463
          p_z           0.125349   0.019797
          p_x           0.132779   0.022215

    9 C   s            -0.000031   0.000000
          p_y          -0.190218   0.045748
          p_z          -0.089916   0.010223
          p_x          -0.095071   0.011429

   10 H   s             0.000132   0.000000

   11 C   s            -0.000005  -0.000000
          p_y          -0.086683   0.009814
          p_z          -0.040824   0.002176
          p_x          -0.043324   0.002451

   12 C   s             0.000022   0.000000
          p_y           0.111062   0.015905
          p_z           0.052512   0.003556
          p_x           0.055655   0.003994

   13 H   s             0.000058   0.000000

   14 H   s             0.000132   0.000000

   15 C   s            -0.000022   0.000000
          p_y           0.190299   0.045787
          p_z           0.089886   0.010216
          p_x           0.095138   0.011445

   16 C   s             0.000043   0.000000
          p_y          -0.203063   0.052397
          p_z          -0.096061   0.011726
          p_x          -0.101713   0.013147

   17 C   s            -0.000011   0.000000
          p_y          -0.033132   0.001453
          p_z          -0.015670   0.000325
          p_x          -0.016730   0.000371

   18 H   s            -0.000118   0.000000

   19 C   s             0.000016   0.000000
          p_y           0.086596   0.009793
          p_z           0.040890   0.002184
          p_x           0.043500   0.002471

   20 C   s            -0.000015   0.000000
          p_y           0.203069   0.052400
          p_z           0.095988   0.011708
          p_x           0.101878   0.013191

   21 C   s             0.000023   0.000000
          p_y          -0.111062   0.015905
          p_z          -0.052505   0.003555
          p_x          -0.055659   0.003995

   22 H   s             0.000052   0.000000

   23 C   s             0.000035   0.000000
          p_y           0.033150   0.001454
          p_z           0.015754   0.000329
          p_x           0.016726   0.000370

   24 H   s             0.000046   0.000000

   25 H   s             0.000015   0.000000

   26 H   s             0.000104   0.000000

   27 C   s            -0.000023   0.000000
          p_y           0.111109   0.015919
          p_z           0.052384   0.003538
          p_x           0.055721   0.004003

   28 C   s             0.000015   0.000000
          p_y          -0.086592   0.009792
          p_z          -0.040895   0.002184
          p_x          -0.043498   0.002471

   29 H   s             0.000086   0.000000

   30 C   s            -0.000006  -0.000000
          p_y           0.086680   0.009813
          p_z           0.040830   0.002177
          p_x           0.043322   0.002450

   31 C   s             0.000035   0.000000
          p_y          -0.033153   0.001455
          p_z          -0.015746   0.000328
          p_x          -0.016724   0.000370

   32 H   s             0.000016   0.000000

   33 C   s            -0.000010   0.000000
          p_y           0.033136   0.001454
          p_z           0.015667   0.000325
          p_x           0.016727   0.000370

   34 H   s            -0.000117   0.000000

   35 H   s             0.000078   0.000000

   36 H   s             0.000050   0.000000

Eigenvector:  41    (down)

    1 C   s             0.014437   0.000172
          p_y           0.123541   0.018442
          p_z          -0.058155   0.004125
          p_x          -0.192539   0.044677

    2 C   s            -0.016210   0.000091
          p_y          -0.023631   0.000796
          p_z          -0.053191   0.003611
          p_x           0.096681   0.012615

    3 C   s             0.014532   0.000174
          p_y          -0.111440   0.014958
          p_z           0.016008   0.000297
          p_x           0.207393   0.051951

    4 C   s            -0.029437   0.000188
          p_y          -0.098164   0.013050
          p_z           0.030866   0.001291
          p_x           0.166497   0.037548

    5 C   s             0.005218   0.000025
          p_y          -0.007076   0.000062
          p_z          -0.041703   0.002288
          p_x           0.053374   0.003687

    6 H   s            -0.094639   0.010943

    7 C   s            -0.016342   0.000094
          p_y           0.062489   0.005251
          p_z          -0.079827   0.008331
          p_x          -0.049231   0.003398

    8 C   s            -0.029566   0.000192
          p_y           0.098200   0.013059
          p_z          -0.030870   0.001291
          p_x          -0.166588   0.037588

    9 C   s             0.014443   0.000172
          p_y           0.111500   0.014975
          p_z          -0.016143   0.000302
          p_x          -0.207394   0.051953

   10 H   s            -0.226334   0.061821

   11 C   s            -0.015659   0.000309
          p_y           0.061625   0.005366
          p_z          -0.035332   0.001745
          p_x          -0.089457   0.011354

   12 C   s             0.005312   0.000026
          p_y           0.035681   0.001650
          p_z          -0.055425   0.004017
          p_x          -0.018599   0.000437

   13 H   s            -0.094645   0.010944

   14 H   s            -0.226344   0.061829

   15 C   s             0.014524   0.000174
          p_y          -0.123534   0.018439
          p_z           0.058268   0.004141
          p_x           0.192400   0.044611

   16 C   s            -0.016218   0.000092
          p_y          -0.062499   0.005252
          p_z           0.080103   0.008387
          p_x           0.049023   0.003371

   17 C   s            -0.007159  -0.000017
          p_y          -0.081802   0.008506
          p_z           0.013430   0.000087
          p_x           0.150934   0.030458

   18 H   s             0.129019   0.021359

   19 C   s            -0.015730   0.000312
          p_y          -0.051232   0.003727
          p_z           0.000759   0.000001
          p_x           0.101912   0.014688

   20 C   s            -0.016327   0.000094
          p_y           0.023745   0.000804
          p_z           0.052901   0.003573
          p_x          -0.096641   0.012605

   21 C   s             0.005230   0.000025
          p_y          -0.035543   0.001637
          p_z           0.055046   0.003964
          p_x           0.018728   0.000443

   22 H   s            -0.094593   0.010932

   23 C   s            -0.007101  -0.000018
          p_y           0.090385   0.011004
          p_z          -0.041197   0.002683
          p_x          -0.140712   0.025399

   24 H   s            -0.096396   0.012276

   25 H   s             0.129010   0.021356

   26 H   s            -0.094622   0.010940

   27 C   s             0.005294   0.000026
          p_y           0.007023   0.000061
          p_z           0.042064   0.002326
          p_x          -0.053595   0.003717

   28 C   s            -0.015666   0.000310
          p_y           0.051130   0.003713
          p_z          -0.000268   0.000000
          p_x          -0.102148   0.014752

   29 H   s            -0.097004   0.012430

   30 C   s            -0.015718   0.000311
          p_y          -0.061461   0.005339
          p_z           0.034804   0.001696
          p_x           0.089609   0.011391

   31 C   s            -0.007149  -0.000017
          p_y          -0.090241   0.010966
          p_z           0.040669   0.002619
          p_x           0.140911   0.025468

   32 H   s             0.129037   0.021365

   33 C   s            -0.007115  -0.000018
          p_y           0.081629   0.008471
          p_z          -0.012926   0.000075
          p_x          -0.151103   0.030532

   34 H   s             0.129031   0.021363

   35 H   s            -0.096444   0.012288

   36 H   s            -0.096940   0.012414

Eigenvector:  42    (down)

    1 C   s            -0.033735   0.000931
          p_y           0.000333   0.000001
          p_z           0.044454   0.002297
          p_x          -0.042614   0.002329

    2 C   s             0.046366   0.001574
          p_y           0.050622   0.003240
          p_z          -0.114297   0.016042
          p_x           0.006660   0.000030

    3 C   s             0.033688   0.000929
          p_y           0.029482   0.001102
          p_z          -0.053791   0.003459
          p_x          -0.007958   0.000110

    4 C   s             0.049158   0.001751
          p_y           0.018495   0.000450
          p_z          -0.005796   0.000044
          p_x          -0.031420   0.001300

    5 C   s            -0.030815   0.000782
          p_y          -0.030416   0.001046
          p_z           0.141165   0.023912
          p_x          -0.072597   0.006633

    6 H   s             0.006399   0.000067

    7 C   s            -0.046325   0.001572
          p_y          -0.013050   0.000180
          p_z           0.102589   0.012793
          p_x          -0.070776   0.006378

    8 C   s            -0.049076   0.001747
          p_y           0.018267   0.000439
          p_z          -0.005757   0.000044
          p_x          -0.030965   0.001262

    9 C   s            -0.033724   0.000931
          p_y           0.029159   0.001078
          p_z          -0.053804   0.003461
          p_x          -0.007419   0.000097

   10 H   s             0.003959   0.000030

   11 C   s             0.024601   0.000462
          p_y           0.068120   0.005842
          p_z          -0.199262   0.049583
          p_x           0.051288   0.003213

   12 C   s             0.030798   0.000781
          p_y           0.054571   0.003713
          p_z          -0.148719   0.026757
          p_x           0.031339   0.001062

   13 H   s            -0.006138   0.000062

   14 H   s            -0.003370   0.000023

   15 C   s             0.033697   0.000929
          p_y           0.000621   0.000002
          p_z           0.044337   0.002285
          p_x          -0.043149   0.002386

   16 C   s             0.046369   0.001574
          p_y          -0.012916   0.000176
          p_z           0.102421   0.012750
          p_x          -0.070947   0.006410

   17 C   s            -0.021387   0.000691
          p_y          -0.062035   0.004740
          p_z           0.203407   0.056068
          p_x          -0.067659   0.007234

   18 H   s             0.003186   0.000016

   19 C   s            -0.024557   0.000460
          p_y          -0.046204   0.002626
          p_z           0.192273   0.046071
          p_x          -0.088976   0.009999

   20 C   s            -0.046318   0.001572
          p_y           0.050555   0.003231
          p_z          -0.114474   0.016092
          p_x           0.006936   0.000034

   21 C   s            -0.030812   0.000781
          p_y           0.054664   0.003726
          p_z          -0.148885   0.026818
          p_x           0.031345   0.001062

   22 H   s             0.006406   0.000067

   23 C   s             0.021406   0.000692
          p_y           0.056076   0.004777
          p_z          -0.201588   0.056131
          p_x           0.077539   0.007110

   24 H   s             0.217728   0.061510

   25 H   s            -0.003547   0.000019

   26 H   s            -0.006133   0.000062

   27 C   s             0.030798   0.000781
          p_y          -0.030416   0.001045
          p_z           0.141099   0.023888
          p_x          -0.072499   0.006614

   28 C   s             0.024590   0.000461
          p_y          -0.046311   0.002639
          p_z           0.192308   0.046088
          p_x          -0.088720   0.009938

   29 H   s            -0.217472   0.061364

   30 C   s            -0.024554   0.000460
          p_y           0.068293   0.005873
          p_z          -0.199387   0.049647
          p_x           0.051110   0.003189

   31 C   s            -0.021377   0.000691
          p_y           0.056336   0.004819
          p_z          -0.201702   0.056199
          p_x           0.077206   0.007047

   32 H   s             0.003235   0.000016

   33 C   s             0.021390   0.000691
          p_y          -0.062240   0.004772
          p_z           0.203456   0.056087
          p_x          -0.067264   0.007157

   34 H   s            -0.003488   0.000019

   35 H   s             0.217734   0.061514

   36 H   s            -0.217463   0.061358

Eigenvector:  43    (down)

    1 C   s            -0.000000   0.000000
          p_y           0.106409   0.013669
          p_z           0.050391   0.003065
          p_x           0.053285   0.003428

    2 C   s             0.000037   0.000000
          p_y           0.232281   0.065559
          p_z           0.109644   0.014608
          p_x           0.116401   0.016463

    3 C   s             0.000020   0.000000
          p_y          -0.106370   0.013659
          p_z          -0.050473   0.003075
          p_x          -0.053250   0.003423

    4 C   s             0.000010   0.000000
          p_y           0.000037   0.000000
          p_z          -0.000088   0.000000
          p_x           0.000018   0.000000

    5 C   s             0.000032   0.000000
          p_y           0.179172   0.039495
          p_z           0.084704   0.008826
          p_x           0.089853   0.009932

    6 H   s             0.000027   0.000000

    7 C   s            -0.000044   0.000000
          p_y          -0.232313   0.065577
          p_z          -0.109664   0.014613
          p_x          -0.116293   0.016432

    8 C   s            -0.000013   0.000000
          p_y          -0.000011   0.000000
          p_z           0.000100   0.000000
          p_x          -0.000055   0.000000

    9 C   s            -0.000016   0.000000
          p_y          -0.106415   0.013670
          p_z          -0.050303   0.003055
          p_x          -0.053319   0.003432

   10 H   s             0.000008   0.000000

   11 C   s             0.000026   0.000000
          p_y           0.185432   0.042903
          p_z           0.087300   0.009509
          p_x           0.092888   0.010765

   12 C   s            -0.000040   0.000000
          p_y          -0.179128   0.039475
          p_z          -0.084797   0.008846
          p_x          -0.089797   0.009921

   13 H   s             0.000058   0.000000

   14 H   s            -0.000017   0.000000

   15 C   s            -0.000003  -0.000000
          p_y           0.106456   0.013681
          p_z           0.050224   0.003045
          p_x           0.053360   0.003437

   16 C   s             0.000035   0.000000
          p_y          -0.232264   0.065550
          p_z          -0.109859   0.014665
          p_x          -0.116208   0.016408

   17 C   s             0.000017   0.000000
          p_y           0.079601   0.007991
          p_z           0.037676   0.001790
          p_x           0.039952   0.002012

   18 H   s             0.000084   0.000000

   19 C   s             0.000005   0.000000
          p_y          -0.185293   0.042837
          p_z          -0.087335   0.009517
          p_x          -0.093111   0.010817

   20 C   s            -0.000031   0.000000
          p_y           0.232225   0.065527
          p_z           0.109845   0.014661
          p_x           0.116330   0.016443

   21 C   s             0.000050   0.000000
          p_y          -0.179184   0.039499
          p_z          -0.084609   0.008807
          p_x          -0.089866   0.009936

   22 H   s            -0.000069   0.000000

   23 C   s            -0.000042   0.000000
          p_y          -0.079585   0.007986
          p_z          -0.037734   0.001796
          p_x          -0.039911   0.002009

   24 H   s             0.000096   0.000000

   25 H   s            -0.000061   0.000000

   26 H   s            -0.000033   0.000000

   27 C   s            -0.000041   0.000000
          p_y           0.179221   0.039516
          p_z           0.084519   0.008788
          p_x           0.089927   0.009948

   28 C   s            -0.000005   0.000000
          p_y          -0.185232   0.042809
          p_z          -0.087546   0.009563
          p_x          -0.093037   0.010801

   29 H   s            -0.000145   0.000000

   30 C   s            -0.000028   0.000000
          p_y           0.185372   0.042875
          p_z           0.087512   0.009555
          p_x           0.092810   0.010747

   31 C   s             0.000051   0.000000
          p_y          -0.079635   0.007997
          p_z          -0.037547   0.001778
          p_x          -0.039990   0.002017

   32 H   s             0.000063   0.000000

   33 C   s            -0.000024   0.000000
          p_y           0.079664   0.008003
          p_z           0.037489   0.001772
          p_x           0.040002   0.002018

   34 H   s            -0.000088   0.000000

   35 H   s            -0.000058   0.000000

   36 H   s             0.000106   0.000000

Eigenvector:  44    (down)

    1 C   s             0.003133   0.000008
          p_y           0.040834   0.001914
          p_z          -0.142897   0.023568
          p_x           0.053553   0.003337

    2 C   s            -0.007086   0.000038
          p_y          -0.052031   0.003252
          p_z           0.167507   0.033463
          p_x          -0.053576   0.003376

    3 C   s            -0.003133   0.000008
          p_y          -0.043412   0.002189
          p_z           0.143731   0.023869
          p_x          -0.049154   0.002767

    4 C   s             0.000001   0.000000
          p_y          -0.046312   0.002532
          p_z           0.157632   0.029330
          p_x          -0.056516   0.003770

    5 C   s             0.008341   0.000056
          p_y           0.044598   0.002318
          p_z          -0.157796   0.029292
          p_x           0.060250   0.004331

    6 H   s            -0.001856   0.000005

    7 C   s             0.007084   0.000038
          p_y           0.045257   0.002418
          p_z          -0.165280   0.032527
          p_x           0.065389   0.005150

    8 C   s             0.000007   0.000000
          p_y           0.046282   0.002529
          p_z          -0.157619   0.029326
          p_x           0.056502   0.003768

    9 C   s            -0.003129   0.000008
          p_y           0.043243   0.002171
          p_z          -0.143770   0.023883
          p_x           0.049119   0.002763

   10 H   s            -0.000023   0.000000

   11 C   s            -0.000127   0.000000
          p_y          -0.051996   0.003262
          p_z           0.179145   0.039029
          p_x          -0.064246   0.005083

   12 C   s            -0.008342   0.000056
          p_y          -0.048599   0.002808
          p_z           0.159106   0.029835
          p_x          -0.053352   0.003302

   13 H   s             0.001815   0.000005

   14 H   s            -0.000023   0.000000

   15 C   s             0.003128   0.000008
          p_y          -0.040700   0.001901
          p_z           0.142952   0.023587
          p_x          -0.053531   0.003335

   16 C   s             0.007087   0.000038
          p_y          -0.045491   0.002444
          p_z           0.165147   0.032474
          p_x          -0.065561   0.005177

   17 C   s             0.008433   0.000155
          p_y           0.053391   0.003455
          p_z          -0.163178   0.035205
          p_x           0.047110   0.003486

   18 H   s             0.002370   0.000008

   19 C   s             0.000121   0.000000
          p_y           0.052482   0.003381
          p_z          -0.179225   0.039126
          p_x           0.063696   0.004878

   20 C   s            -0.007070   0.000038
          p_y           0.052288   0.003284
          p_z          -0.167332   0.033392
          p_x           0.053766   0.003400

   21 C   s            -0.008338   0.000055
          p_y           0.048354   0.002779
          p_z          -0.159142   0.029849
          p_x           0.053346   0.003301

   22 H   s             0.001882   0.000005

   23 C   s            -0.008431   0.000155
          p_y          -0.040947   0.002506
          p_z           0.159281   0.034192
          p_x          -0.068222   0.005453

   24 H   s            -0.172793   0.037569

   25 H   s            -0.002377   0.000008

   26 H   s            -0.001788   0.000005

   27 C   s             0.008335   0.000055
          p_y          -0.044300   0.002287
          p_z           0.157886   0.029327
          p_x          -0.060213   0.004325

   28 C   s             0.000121   0.000000
          p_y          -0.052656   0.003403
          p_z           0.179059   0.039052
          p_x          -0.063844   0.004902

   29 H   s             0.172806   0.037575

   30 C   s            -0.000116   0.000000
          p_y           0.052166   0.003283
          p_z          -0.179027   0.038977
          p_x           0.064416   0.005111

   31 C   s            -0.008423   0.000154
          p_y           0.040781   0.002487
          p_z          -0.159290   0.034195
          p_x           0.068202   0.005450

   32 H   s            -0.002295   0.000007

   33 C   s             0.008418   0.000154
          p_y          -0.053295   0.003442
          p_z           0.163157   0.035195
          p_x          -0.047122   0.003488

   34 H   s             0.002456   0.000008

   35 H   s             0.172724   0.037539

   36 H   s            -0.172762   0.037555

Eigenvector:  45    (down)

    1 C   s            -0.001264  -0.000001
          p_y           0.032560   0.001222
          p_z           0.012303   0.000182
          p_x          -0.076352   0.006763

    2 C   s            -0.022998   0.000153
          p_y          -0.059967   0.004675
          p_z           0.043797   0.002449
          p_x           0.078262   0.008040

    3 C   s            -0.001249  -0.000001
          p_y          -0.046952   0.002559
          p_z           0.037305   0.001631
          p_x           0.058676   0.003975

    4 C   s             0.000013   0.000000
          p_y          -0.010961   0.000146
          p_z           0.037858   0.001746
          p_x          -0.013511   0.000222

    5 C   s            -0.000504  -0.000001
          p_y           0.101692   0.012179
          p_z          -0.002303  -0.000001
          p_x          -0.201102   0.048241

    6 H   s            -0.129306   0.019429

    7 C   s            -0.023002   0.000153
          p_y           0.043622   0.002504
          p_z           0.011084   0.000146
          p_x          -0.098060   0.012516

    8 C   s             0.000014   0.000000
          p_y          -0.011014   0.000148
          p_z           0.037933   0.001753
          p_x          -0.013459   0.000221

    9 C   s             0.001251  -0.000001
          p_y          -0.047048   0.002570
          p_z           0.037378   0.001637
          p_x           0.058756   0.003986

   10 H   s             0.000039   0.000000

   11 C   s            -0.015063  -0.000041
          p_y          -0.073940   0.007485
          p_z          -0.006521   0.000031
          p_x           0.153588   0.031689

   12 C   s            -0.000491  -0.000001
          p_y          -0.121259   0.017570
          p_z           0.067819   0.005679
          p_x           0.177429   0.037164

   13 H   s            -0.129304   0.019428

   14 H   s             0.000064   0.000000

   15 C   s             0.001261  -0.000001
          p_y           0.032629   0.001228
          p_z           0.012229   0.000180
          p_x          -0.076445   0.006780

   16 C   s             0.023021   0.000154
          p_y           0.043681   0.002511
          p_z           0.010999   0.000144
          p_x          -0.098111   0.012530

   17 C   s             0.006970  -0.000015
          p_y           0.089794   0.009720
          p_z          -0.017321   0.000134
          p_x          -0.162586   0.033876

   18 H   s            -0.196449   0.046902

   19 C   s            -0.015064  -0.000041
          p_y           0.093137   0.011625
          p_z          -0.059052   0.004476
          p_x          -0.130114   0.023094

   20 C   s             0.023027   0.000154
          p_y          -0.060035   0.004686
          p_z           0.043873   0.002457
          p_x           0.078319   0.008052

   21 C   s             0.000494  -0.000001
          p_y          -0.121338   0.017593
          p_z           0.067919   0.005696
          p_x           0.177526   0.037205

   22 H   s             0.129414   0.019461

   23 C   s             0.006980  -0.000015
          p_y          -0.096763   0.012106
          p_z           0.041300   0.002709
          p_x           0.154038   0.028912

   24 H   s             0.111941   0.015711

   25 H   s            -0.196440   0.046897

   26 H   s             0.129417   0.019463

   27 C   s             0.000496  -0.000001
          p_y           0.101779   0.012200
          p_z          -0.002378  -0.000001
          p_x          -0.201191   0.048283

   28 C   s             0.015072  -0.000041
          p_y           0.093219   0.011645
          p_z          -0.059163   0.004492
          p_x          -0.130134   0.023101

   29 H   s             0.111893   0.015698

   30 C   s             0.015078  -0.000041
          p_y          -0.073995   0.007496
          p_z          -0.006461   0.000030
          p_x           0.153642   0.031711

   31 C   s            -0.006971  -0.000015
          p_y          -0.096810   0.012118
          p_z           0.041389   0.002720
          p_x           0.154066   0.028923

   32 H   s             0.196532   0.046941

   33 C   s            -0.006988  -0.000015
          p_y           0.089845   0.009731
          p_z          -0.017415   0.000137
          p_x          -0.162616   0.033887

   34 H   s             0.196542   0.046947

   35 H   s            -0.112018   0.015733

   36 H   s            -0.111885   0.015696

Eigenvector:  46    (down)

    1 C   s             0.001518  -0.000005
          p_y          -0.078506   0.007030
          p_z           0.015907   0.000276
          p_x           0.141573   0.022965

    2 C   s             0.035345   0.000461
          p_y           0.062431   0.005065
          p_z          -0.021790   0.000632
          p_x          -0.103964   0.013977

    3 C   s             0.001510  -0.000005
          p_y           0.084075   0.008105
          p_z          -0.035386   0.001462
          p_x          -0.134682   0.020705

    4 C   s             0.036857   0.000572
          p_y           0.050793   0.003305
          p_z          -0.016078   0.000331
          p_x          -0.086377   0.009556

    5 C   s             0.000220  -0.000001
          p_y          -0.097872   0.011173
          p_z           0.009102   0.000069
          p_x           0.186935   0.041294

    6 H   s             0.154080   0.027321

    7 C   s             0.035353   0.000461
          p_y          -0.061024   0.004811
          p_z           0.017105   0.000366
          p_x           0.105638   0.014490

    8 C   s             0.036861   0.000572
          p_y          -0.050814   0.003307
          p_z           0.016047   0.000330
          p_x           0.086373   0.009556

    9 C   s             0.001511  -0.000005
          p_y          -0.084069   0.008103
          p_z           0.035361   0.001460
          p_x           0.134643   0.020693

   10 H   s             0.128941   0.018832

   11 C   s             0.018721   0.000029
          p_y           0.060985   0.005070
          p_z           0.013856   0.000198
          p_x          -0.134257   0.024001

   12 C   s             0.000203  -0.000001
          p_y           0.112026   0.014857
          p_z          -0.057092   0.004009
          p_x          -0.169698   0.033671

   13 H   s             0.154066   0.027316

   14 H   s             0.128941   0.018832

   15 C   s             0.001514  -0.000005
          p_y           0.078480   0.007025
          p_z          -0.015922   0.000277
          p_x          -0.141532   0.022952

   16 C   s             0.035334   0.000461
          p_y           0.061013   0.004809
          p_z          -0.017115   0.000366
          p_x          -0.105571   0.014472

   17 C   s            -0.006035  -0.000008
          p_y          -0.073094   0.006380
          p_z           0.013506   0.000066
          p_x           0.133446   0.022677

   18 H   s             0.168728   0.034303

   19 C   s             0.018725   0.000029
          p_y          -0.082129   0.008955
          p_z           0.058780   0.004387
          p_x           0.108331   0.015927

   20 C   s             0.035335   0.000461
          p_y          -0.062371   0.005055
          p_z           0.021790   0.000632
          p_x           0.103937   0.013969

   21 C   s             0.000205  -0.000001
          p_y          -0.111927   0.014831
          p_z           0.057076   0.004007
          p_x           0.169609   0.033635

   22 H   s             0.153993   0.027290

   23 C   s            -0.006042  -0.000008
          p_y           0.079548   0.008133
          p_z          -0.034566   0.001894
          p_x          -0.125735   0.019094

   24 H   s            -0.093528   0.010880

   25 H   s             0.168721   0.034299

   26 H   s             0.154008   0.027296

   27 C   s             0.000215  -0.000001
          p_y           0.097857   0.011170
          p_z          -0.009097   0.000069
          p_x          -0.186787   0.041228

   28 C   s             0.018711   0.000029
          p_y           0.082063   0.008941
          p_z          -0.058771   0.004385
          p_x          -0.108244   0.015901

   29 H   s            -0.093546   0.010885

   30 C   s             0.018715   0.000029
          p_y          -0.060951   0.005065
          p_z          -0.013841   0.000198
          p_x           0.134155   0.023965

   31 C   s            -0.006029  -0.000008
          p_y          -0.079530   0.008129
          p_z           0.034537   0.001891
          p_x           0.125599   0.019053

   32 H   s             0.168595   0.034248

   33 C   s            -0.006041  -0.000008
          p_y           0.072994   0.006362
          p_z          -0.013546   0.000067
          p_x          -0.133341   0.022641

   34 H   s             0.168605   0.034252

   35 H   s            -0.093495   0.010873

   36 H   s            -0.093410   0.010853

Eigenvector:  47    (down)

    1 C   s            -0.000004   0.000000
          p_y           0.067700   0.005384
          p_z           0.032006   0.001203
          p_x           0.033947   0.001354

    2 C   s             0.000016   0.000000
          p_y          -0.127905   0.019275
          p_z          -0.060488   0.004311
          p_x          -0.064140   0.004847

    3 C   s            -0.000002   0.000000
          p_y           0.067737   0.005390
          p_z           0.032001   0.001203
          p_x           0.033858   0.001347

    4 C   s             0.000006   0.000000
          p_y           0.141786   0.023459
          p_z           0.067034   0.005243
          p_x           0.070966   0.005877

    5 C   s             0.000000   0.000000
          p_y          -0.194075   0.045070
          p_z          -0.091643   0.010050
          p_x          -0.097173   0.011299

    6 H   s             0.000043   0.000000

    7 C   s            -0.000013   0.000000
          p_y          -0.127966   0.019294
          p_z          -0.060489   0.004311
          p_x          -0.064029   0.004830

    8 C   s            -0.000001   0.000000
          p_y           0.141780   0.023457
          p_z           0.067015   0.005241
          p_x           0.070979   0.005879

    9 C   s             0.000002   0.000000
          p_y           0.067739   0.005390
          p_z           0.031993   0.001202
          p_x           0.033883   0.001349

   10 H   s             0.000010   0.000000

   11 C   s            -0.000017   0.000000
          p_y           0.073451   0.006560
          p_z           0.034657   0.001460
          p_x           0.036735   0.001640

   12 C   s             0.000006   0.000000
          p_y          -0.193956   0.045016
          p_z          -0.091761   0.010075
          p_x          -0.097293   0.011327

   13 H   s             0.000061   0.000000

   14 H   s             0.000006   0.000000

   15 C   s             0.000006   0.000000
          p_y           0.067707   0.005385
          p_z           0.032023   0.001205
          p_x           0.033923   0.001352

   16 C   s             0.000021   0.000000
          p_y          -0.127963   0.019293
          p_z          -0.060470   0.004308
          p_x          -0.064051   0.004834

   17 C   s            -0.000016   0.000000
          p_y           0.257925   0.081556
          p_z           0.121571   0.018117
          p_x           0.129563   0.020580

   18 H   s             0.000113   0.000000

   19 C   s             0.000031   0.000000
          p_y           0.073344   0.006540
          p_z           0.034718   0.001466
          p_x           0.036908   0.001657

   20 C   s            -0.000013   0.000000
          p_y          -0.127906   0.019276
          p_z          -0.060505   0.004313
          p_x          -0.064119   0.004844

   21 C   s            -0.000007   0.000000
          p_y          -0.193975   0.045025
          p_z          -0.091773   0.010078
          p_x          -0.097261   0.011320

   22 H   s            -0.000039   0.000000

   23 C   s            -0.000035   0.000000
          p_y           0.258006   0.081607
          p_z           0.121622   0.018132
          p_x           0.129365   0.020517

   24 H   s            -0.000122   0.000000

   25 H   s             0.000093   0.000000

   26 H   s            -0.000020   0.000000

   27 C   s             0.000005   0.000000
          p_y          -0.194066   0.045066
          p_z          -0.091620   0.010045
          p_x          -0.097216   0.011309

   28 C   s            -0.000025   0.000000
          p_y           0.073345   0.006541
          p_z           0.034731   0.001467
          p_x           0.036870   0.001653

   29 H   s            -0.000074   0.000000

   30 C   s             0.000016   0.000000
          p_y           0.073450   0.006560
          p_z           0.034628   0.001458
          p_x           0.036768   0.001644

   31 C   s             0.000030   0.000000
          p_y           0.257989   0.081596
          p_z           0.121606   0.018128
          p_x           0.129402   0.020529

   32 H   s            -0.000058   0.000000

   33 C   s             0.000025   0.000000
          p_y           0.257936   0.081562
          p_z           0.121608   0.018129
          p_x           0.129515   0.020565

   34 H   s            -0.000079   0.000000

   35 H   s             0.000081   0.000000

   36 H   s             0.000075   0.000000

Eigenvector:  48    (down)

    1 C   s             0.000004   0.000000
          p_y           0.108230   0.013353
          p_z           0.051146   0.002982
          p_x           0.054255   0.003355

    2 C   s             0.000008   0.000000
          p_y          -0.042898   0.002124
          p_z          -0.020235   0.000473
          p_x          -0.021526   0.000535

    3 C   s            -0.000014   0.000000
          p_y          -0.108185   0.013342
          p_z          -0.051125   0.002980
          p_x          -0.054228   0.003352

    4 C   s             0.000011   0.000000
          p_y           0.241974   0.066856
          p_z           0.114453   0.014957
          p_x           0.121078   0.016739

    5 C   s            -0.000058   0.000000
          p_y          -0.146641   0.025045
          p_z          -0.069249   0.005585
          p_x          -0.073449   0.006283

    6 H   s             0.000019   0.000000

    7 C   s             0.000034   0.000000
          p_y           0.042900   0.002124
          p_z           0.020231   0.000473
          p_x           0.021500   0.000534

    8 C   s             0.000010   0.000000
          p_y          -0.241976   0.066857
          p_z          -0.114455   0.014958
          p_x          -0.121080   0.016739

    9 C   s            -0.000014   0.000000
          p_y           0.108184   0.013342
          p_z           0.051124   0.002979
          p_x           0.054228   0.003352

   10 H   s             0.000046   0.000000

   11 C   s            -0.000004  -0.000000
          p_y          -0.254392   0.076462
          p_z          -0.119934   0.016995
          p_x          -0.127529   0.019216

   12 C   s             0.000039   0.000000
          p_y           0.146583   0.025024
          p_z           0.069270   0.005588
          p_x           0.073395   0.006275

   13 H   s             0.000008   0.000000

   14 H   s             0.000046   0.000000

   15 C   s             0.000005   0.000000
          p_y          -0.108231   0.013353
          p_z          -0.051145   0.002982
          p_x          -0.054257   0.003356

   16 C   s             0.000035   0.000000
          p_y          -0.042896   0.002124
          p_z          -0.020227   0.000472
          p_x          -0.021501   0.000534

   17 C   s            -0.000027   0.000000
          p_y          -0.127054   0.019221
          p_z          -0.059913   0.004274
          p_x          -0.063729   0.004836

   18 H   s            -0.000015   0.000000

   19 C   s             0.000002  -0.000000
          p_y           0.254241   0.076369
          p_z           0.120053   0.017029
          p_x           0.127712   0.019272

   20 C   s             0.000007   0.000000
          p_y           0.042900   0.002124
          p_z           0.020234   0.000473
          p_x           0.021528   0.000535

   21 C   s             0.000039   0.000000
          p_y          -0.146581   0.025024
          p_z          -0.069270   0.005588
          p_x          -0.073389   0.006273

   22 H   s             0.000010   0.000000

   23 C   s             0.000043   0.000000
          p_y           0.127075   0.019227
          p_z           0.059975   0.004283
          p_x           0.063730   0.004836

   24 H   s            -0.000011   0.000000

   25 H   s             0.000099   0.000000

   26 H   s             0.000021   0.000000

   27 C   s            -0.000057   0.000000
          p_y           0.146646   0.025046
          p_z           0.069256   0.005586
          p_x           0.073443   0.006282

   28 C   s             0.000004  -0.000000
          p_y          -0.254242   0.076370
          p_z          -0.120052   0.017029
          p_x          -0.127720   0.019274

   29 H   s            -0.000017   0.000000

   30 C   s            -0.000005  -0.000000
          p_y           0.254392   0.076462
          p_z           0.119927   0.016993
          p_x           0.127533   0.019217

   31 C   s             0.000042   0.000000
          p_y          -0.127084   0.019230
          p_z          -0.059982   0.004284
          p_x          -0.063725   0.004835

   32 H   s             0.000105   0.000000

   33 C   s            -0.000022   0.000000
          p_y           0.127052   0.019220
          p_z           0.059923   0.004275
          p_x           0.063714   0.004833

   34 H   s            -0.000009   0.000000

   35 H   s            -0.000015   0.000000

   36 H   s            -0.000020   0.000000

Eigenvector:  49    (down)

    1 C   s             0.000001  -0.000000
          p_y           0.222751   0.055558
          p_z           0.105307   0.012417
          p_x           0.111549   0.013933

    2 C   s             0.000010   0.000000
          p_y          -0.012423   0.000177
          p_z          -0.005876   0.000039
          p_x          -0.006215   0.000044

    3 C   s             0.000004   0.000000
          p_y           0.222775   0.055570
          p_z           0.105365   0.012431
          p_x           0.111520   0.013925

    4 C   s            -0.000002   0.000000
          p_y          -0.000022   0.000000
          p_z           0.000002   0.000000
          p_x          -0.000023   0.000000

    5 C   s             0.000002   0.000000
          p_y          -0.229157   0.059849
          p_z          -0.108236   0.013352
          p_x          -0.114933   0.015055

    6 H   s            -0.000031   0.000000

    7 C   s            -0.000029   0.000000
          p_y          -0.012413   0.000176
          p_z          -0.005860   0.000039
          p_x          -0.006243   0.000045

    8 C   s             0.000000  -0.000000
          p_y           0.000023   0.000000
          p_z          -0.000002   0.000000
          p_x           0.000024   0.000000

    9 C   s             0.000005   0.000000
          p_y          -0.222777   0.055571
          p_z          -0.105365   0.012431
          p_x          -0.111520   0.013925

   10 H   s             0.000012   0.000000

   11 C   s            -0.000024   0.000000
          p_y           0.006236   0.000048
          p_z           0.002964   0.000011
          p_x           0.003158   0.000012

   12 C   s             0.000003   0.000000
          p_y          -0.229207   0.059875
          p_z          -0.108345   0.013378
          p_x          -0.114808   0.015022

   13 H   s            -0.000005   0.000000

   14 H   s             0.000012   0.000000

   15 C   s            -0.000000   0.000000
          p_y          -0.222750   0.055557
          p_z          -0.105309   0.012418
          p_x          -0.111545   0.013932

   16 C   s            -0.000031   0.000000
          p_y           0.012408   0.000176
          p_z           0.005855   0.000039
          p_x           0.006244   0.000045

   17 C   s            -0.000015   0.000000
          p_y           0.215100   0.053942
          p_z           0.101356   0.011977
          p_x           0.107929   0.013581

   18 H   s            -0.000020   0.000000

   19 C   s             0.000016   0.000000
          p_y           0.006191   0.000047
          p_z           0.002957   0.000011
          p_x           0.003083   0.000012

   20 C   s             0.000011   0.000000
          p_y           0.012424   0.000177
          p_z           0.005880   0.000040
          p_x           0.006214   0.000044

   21 C   s             0.000003   0.000000
          p_y           0.229206   0.059875
          p_z           0.108347   0.013379
          p_x           0.114802   0.015021

   22 H   s            -0.000007   0.000000

   23 C   s            -0.000029   0.000000
          p_y           0.215030   0.053907
          p_z           0.101398   0.011987
          p_x           0.107939   0.013584

   24 H   s            -0.000025   0.000000

   25 H   s            -0.000041   0.000000

   26 H   s            -0.000033   0.000000

   27 C   s            -0.000001  -0.000000
          p_y           0.229155   0.059848
          p_z           0.108229   0.013350
          p_x           0.114940   0.015057

   28 C   s             0.000014   0.000000
          p_y          -0.006188   0.000047
          p_z          -0.002961   0.000011
          p_x          -0.003074   0.000012

   29 H   s            -0.000007   0.000000

   30 C   s            -0.000022   0.000000
          p_y          -0.006236   0.000048
          p_z          -0.002955   0.000011
          p_x          -0.003162   0.000012

   31 C   s            -0.000026   0.000000
          p_y          -0.215021   0.053903
          p_z          -0.101393   0.011985
          p_x          -0.107946   0.013585

   32 H   s            -0.000048   0.000000

   33 C   s            -0.000023   0.000000
          p_y          -0.215100   0.053942
          p_z          -0.101373   0.011981
          p_x          -0.107911   0.013576

   34 H   s            -0.000026   0.000000

   35 H   s            -0.000011   0.000000

   36 H   s            -0.000016   0.000000

Eigenvector:  50    (down)

    1 C   s             0.000017   0.000000
          p_y           0.144671   0.022354
          p_z           0.068385   0.004995
          p_x           0.072451   0.005606

    2 C   s             0.000010   0.000000
          p_y           0.212300   0.048617
          p_z           0.100337   0.010859
          p_x           0.106387   0.012209

    3 C   s            -0.000005   0.000000
          p_y          -0.144665   0.022352
          p_z          -0.068410   0.004998
          p_x          -0.072416   0.005601

    4 C   s            -0.000006   0.000000
          p_y           0.000000  -0.000000
          p_z          -0.000000  -0.000000
          p_x           0.000002   0.000000

    5 C   s            -0.000048   0.000000
          p_y          -0.019118   0.000408
          p_z          -0.009018   0.000091
          p_x          -0.009518   0.000101

    6 H   s             0.000016   0.000000

    7 C   s             0.000005   0.000000
          p_y          -0.212304   0.048618
          p_z          -0.100407   0.010875
          p_x          -0.106279   0.012184

    8 C   s             0.000006   0.000000
          p_y          -0.000001   0.000000
          p_z           0.000001   0.000000
          p_x           0.000001   0.000000

    9 C   s             0.000005   0.000000
          p_y          -0.144663   0.022351
          p_z          -0.068408   0.004998
          p_x          -0.072415   0.005601

   10 H   s             0.000004   0.000000

   11 C   s             0.000000   0.000000
          p_y          -0.253618   0.071181
          p_z          -0.119587   0.015826
          p_x          -0.127138   0.017888

   12 C   s             0.000013   0.000000
          p_y           0.019112   0.000408
          p_z           0.009025   0.000091
          p_x           0.009528   0.000101

   13 H   s            -0.000007   0.000000

   14 H   s            -0.000004   0.000000

   15 C   s            -0.000017   0.000000
          p_y           0.144673   0.022354
          p_z           0.068385   0.004995
          p_x           0.072453   0.005607

   16 C   s            -0.000006   0.000000
          p_y          -0.212306   0.048619
          p_z          -0.100410   0.010875
          p_x          -0.106277   0.012183

   17 C   s            -0.000015   0.000000
          p_y          -0.155968   0.027053
          p_z          -0.073523   0.006011
          p_x          -0.078261   0.006811

   18 H   s            -0.000021   0.000000

   19 C   s             0.000005  -0.000000
          p_y           0.253486   0.071106
          p_z           0.119706   0.015858
          p_x           0.127272   0.017926

   20 C   s            -0.000009   0.000000
          p_y           0.212300   0.048617
          p_z           0.100339   0.010860
          p_x           0.106385   0.012208

   21 C   s            -0.000013   0.000000
          p_y           0.019110   0.000408
          p_z           0.009024   0.000091
          p_x           0.009524   0.000101

   22 H   s             0.000005   0.000000

   23 C   s             0.000026   0.000000
          p_y           0.155944   0.027045
          p_z           0.073559   0.006017
          p_x           0.078259   0.006811

   24 H   s             0.000022   0.000000

   25 H   s             0.000042   0.000000

   26 H   s            -0.000018   0.000000

   27 C   s             0.000046   0.000000
          p_y          -0.019119   0.000408
          p_z          -0.009022   0.000091
          p_x          -0.009514   0.000101

   28 C   s            -0.000006  -0.000000
          p_y           0.253484   0.071105
          p_z           0.119705   0.015857
          p_x           0.127275   0.017927

   29 H   s            -0.000037   0.000000

   30 C   s             0.000001  -0.000000
          p_y          -0.253617   0.071181
          p_z          -0.119582   0.015824
          p_x          -0.127139   0.017888

   31 C   s            -0.000024   0.000000
          p_y           0.155948   0.027046
          p_z           0.073563   0.006018
          p_x           0.078255   0.006810

   32 H   s            -0.000045   0.000000

   33 C   s             0.000009   0.000000
          p_y          -0.155967   0.027052
          p_z          -0.073533   0.006013
          p_x          -0.078249   0.006809

   34 H   s             0.000017   0.000000

   35 H   s             0.000034   0.000000

   36 H   s            -0.000018   0.000000

Eigenvector:  51    (down)

    1 C   s            -0.000004   0.000000
          p_y           0.027164   0.000732
          p_z           0.012850   0.000164
          p_x           0.013620   0.000184

    2 C   s            -0.000012   0.000000
          p_y          -0.263490   0.070090
          p_z          -0.124522   0.015653
          p_x          -0.132034   0.017599

    3 C   s            -0.000012   0.000000
          p_y          -0.027164   0.000732
          p_z          -0.012853   0.000164
          p_x          -0.013634   0.000184

    4 C   s             0.000003   0.000000
          p_y           0.291642   0.085208
          p_z           0.137904   0.019052
          p_x           0.145979   0.021348

    5 C   s             0.000022   0.000000
          p_y          -0.086075   0.007476
          p_z          -0.040657   0.001668
          p_x          -0.043202   0.001883

    6 H   s            -0.000033   0.000000

    7 C   s             0.000010   0.000000
          p_y           0.263480   0.070083
          p_z           0.124600   0.015673
          p_x           0.131901   0.017564

    8 C   s             0.000003   0.000000
          p_y          -0.291641   0.085207
          p_z          -0.137904   0.019052
          p_x          -0.145978   0.021348

    9 C   s            -0.000012   0.000000
          p_y           0.027165   0.000732
          p_z           0.012853   0.000164
          p_x           0.013634   0.000184

   10 H   s             0.000017   0.000000

   11 C   s            -0.000001   0.000000
          p_y           0.169537   0.029731
          p_z           0.079945   0.006611
          p_x           0.084987   0.007471

   12 C   s             0.000005   0.000000
          p_y           0.086091   0.007478
          p_z           0.040686   0.001670
          p_x           0.043181   0.001881

   13 H   s             0.000003   0.000000

   14 H   s             0.000016   0.000000

   15 C   s            -0.000005   0.000000
          p_y          -0.027165   0.000732
          p_z          -0.012850   0.000164
          p_x          -0.013618   0.000184

   16 C   s             0.000010   0.000000
          p_y          -0.263481   0.070084
          p_z          -0.124601   0.015674
          p_x          -0.131899   0.017563

   17 C   s             0.000003   0.000000
          p_y           0.135199   0.018959
          p_z           0.063726   0.004212
          p_x           0.067843   0.004774

   18 H   s             0.000017   0.000000

   19 C   s            -0.000003   0.000000
          p_y          -0.169449   0.029700
          p_z          -0.080020   0.006623
          p_x          -0.085058   0.007484

   20 C   s            -0.000012   0.000000
          p_y           0.263489   0.070090
          p_z           0.124523   0.015654
          p_x           0.132032   0.017598

   21 C   s             0.000005   0.000000
          p_y          -0.086091   0.007478
          p_z          -0.040686   0.001670
          p_x          -0.043182   0.001881

   22 H   s             0.000003   0.000000

   23 C   s            -0.000007   0.000000
          p_y          -0.135195   0.018958
          p_z          -0.063761   0.004217
          p_x          -0.067860   0.004776

   24 H   s            -0.000022   0.000000

   25 H   s            -0.000004   0.000000

   26 H   s            -0.000034   0.000000

   27 C   s             0.000021   0.000000
          p_y           0.086076   0.007476
          p_z           0.040656   0.001668
          p_x           0.043205   0.001883

   28 C   s            -0.000004   0.000000
          p_y           0.169448   0.029700
          p_z           0.080019   0.006623
          p_x           0.085059   0.007484

   29 H   s             0.000032   0.000000

   30 C   s             0.000001  -0.000000
          p_y          -0.169536   0.029731
          p_z          -0.079942   0.006610
          p_x          -0.084986   0.007471

   31 C   s            -0.000006   0.000000
          p_y           0.135196   0.018958
          p_z           0.063762   0.004217
          p_x           0.067857   0.004776

   32 H   s            -0.000006   0.000000

   33 C   s            -0.000002  -0.000000
          p_y          -0.135199   0.018959
          p_z          -0.063734   0.004213
          p_x          -0.067835   0.004773

   34 H   s             0.000015   0.000000

   35 H   s             0.000031   0.000000

   36 H   s            -0.000022   0.000000

Eigenvector:  52    (down)

    1 C   s             0.000007   0.000000
          p_y          -0.053451   0.002643
          p_z          -0.025288   0.000592
          p_x          -0.026756   0.000662

    2 C   s            -0.000013   0.000000
          p_y          -0.266207   0.065373
          p_z          -0.125810   0.014602
          p_x          -0.133409   0.016418

    3 C   s            -0.000013   0.000000
          p_y          -0.053453   0.002644
          p_z          -0.025289   0.000592
          p_x          -0.026785   0.000664

    4 C   s            -0.000004   0.000000
          p_y           0.324018   0.096216
          p_z           0.153213   0.021513
          p_x           0.162204   0.024112

    5 C   s            -0.000019   0.000000
          p_y           0.130251   0.015943
          p_z           0.061549   0.003560
          p_x           0.065351   0.004013

    6 H   s            -0.000002   0.000000

    7 C   s            -0.000010   0.000000
          p_y          -0.266229   0.065384
          p_z          -0.125889   0.014620
          p_x          -0.133282   0.016388

    8 C   s             0.000004   0.000000
          p_y           0.324019   0.096216
          p_z           0.153215   0.021513
          p_x           0.162203   0.024112

    9 C   s             0.000013   0.000000
          p_y          -0.053454   0.002644
          p_z          -0.025288   0.000592
          p_x          -0.026785   0.000664

   10 H   s            -0.000007   0.000000

   11 C   s             0.000014   0.000000
          p_y           0.139181   0.018258
          p_z           0.065620   0.004059
          p_x           0.069759   0.004587

   12 C   s             0.000013   0.000000
          p_y           0.130275   0.015949
          p_z           0.061599   0.003566
          p_x           0.065244   0.004001

   13 H   s            -0.000015   0.000000

   14 H   s             0.000007   0.000000

   15 C   s            -0.000006   0.000000
          p_y          -0.053451   0.002643
          p_z          -0.025289   0.000592
          p_x          -0.026755   0.000662

   16 C   s             0.000009   0.000000
          p_y          -0.266229   0.065384
          p_z          -0.125889   0.014620
          p_x          -0.133280   0.016387

   17 C   s             0.000011   0.000000
          p_y          -0.141872   0.019251
          p_z          -0.066855   0.004275
          p_x          -0.071173   0.004845

   18 H   s             0.000023   0.000000

   19 C   s            -0.000002   0.000000
          p_y           0.139125   0.018243
          p_z           0.065667   0.004064
          p_x           0.069844   0.004598

   20 C   s             0.000013   0.000000
          p_y          -0.266208   0.065374
          p_z          -0.125810   0.014601
          p_x          -0.133408   0.016418

   21 C   s            -0.000013   0.000000
          p_y           0.130274   0.015949
          p_z           0.061599   0.003566
          p_x           0.065243   0.004000

   22 H   s             0.000015   0.000000

   23 C   s             0.000007   0.000000
          p_y          -0.141825   0.019238
          p_z          -0.066897   0.004280
          p_x          -0.071200   0.004848

   24 H   s            -0.000005   0.000000

   25 H   s             0.000028   0.000000

   26 H   s             0.000001   0.000000

   27 C   s             0.000018   0.000000
          p_y           0.130250   0.015943
          p_z           0.061547   0.003560
          p_x           0.065352   0.004014

   28 C   s             0.000001   0.000000
          p_y           0.139125   0.018243
          p_z           0.065667   0.004064
          p_x           0.069845   0.004598

   29 H   s            -0.000020   0.000000

   30 C   s            -0.000014   0.000000
          p_y           0.139183   0.018259
          p_z           0.065624   0.004059
          p_x           0.069760   0.004587

   31 C   s            -0.000006   0.000000
          p_y          -0.141823   0.019237
          p_z          -0.066897   0.004280
          p_x          -0.071201   0.004849

   32 H   s            -0.000029   0.000000

   33 C   s            -0.000017   0.000000
          p_y          -0.141872   0.019250
          p_z          -0.066863   0.004276
          p_x          -0.071166   0.004844

   34 H   s            -0.000025   0.000000

   35 H   s             0.000018   0.000000

   36 H   s             0.000002   0.000000

Eigenvector:  53    (down)

    1 C   s             0.000019   0.000000
          p_y           0.177075   0.026516
          p_z           0.083697   0.005924
          p_x           0.088694   0.006652

    2 C   s            -0.000011   0.000000
          p_y          -0.277082   0.065042
          p_z          -0.130986   0.014536
          p_x          -0.138860   0.016335

    3 C   s            -0.000011   0.000000
          p_y           0.177086   0.026519
          p_z           0.083756   0.005932
          p_x           0.088631   0.006643

    4 C   s             0.000006   0.000000
          p_y          -0.000018   0.000000
          p_z           0.000013   0.000000
          p_x          -0.000017   0.000000

    5 C   s            -0.000036   0.000000
          p_y           0.027806   0.000673
          p_z           0.013192   0.000151
          p_x           0.013984   0.000170

    6 H   s            -0.000017   0.000000

    7 C   s            -0.000012   0.000000
          p_y          -0.277120   0.065060
          p_z          -0.131056   0.014551
          p_x          -0.138733   0.016306

    8 C   s             0.000006   0.000000
          p_y           0.000019   0.000000
          p_z          -0.000012   0.000000
          p_x           0.000017   0.000000

    9 C   s            -0.000011   0.000000
          p_y          -0.177088   0.026520
          p_z          -0.083756   0.005932
          p_x          -0.088631   0.006643

   10 H   s             0.000017   0.000000

   11 C   s             0.000020   0.000000
          p_y           0.245170   0.051971
          p_z           0.115607   0.011556
          p_x           0.122894   0.013058

   12 C   s             0.000005   0.000000
          p_y           0.027813   0.000673
          p_z           0.013186   0.000151
          p_x           0.013914   0.000169

   13 H   s            -0.000020   0.000000

   14 H   s             0.000017   0.000000

   15 C   s             0.000020   0.000000
          p_y          -0.177074   0.026515
          p_z          -0.083697   0.005924
          p_x          -0.088693   0.006652

   16 C   s            -0.000012   0.000000
          p_y           0.277120   0.065060
          p_z           0.131056   0.014551
          p_x           0.138730   0.016305

   17 C   s            -0.000000  -0.000000
          p_y          -0.170354   0.025387
          p_z          -0.080292   0.005640
          p_x          -0.085465   0.006390

   18 H   s             0.000017   0.000000

   19 C   s             0.000009   0.000000
          p_y           0.245066   0.051927
          p_z           0.115703   0.011575
          p_x           0.123026   0.013087

   20 C   s            -0.000012   0.000000
          p_y           0.277083   0.065043
          p_z           0.130986   0.014536
          p_x           0.138858   0.016335

   21 C   s             0.000006   0.000000
          p_y          -0.027810   0.000673
          p_z          -0.013185   0.000151
          p_x          -0.013913   0.000169

   22 H   s            -0.000020   0.000000

   23 C   s            -0.000015   0.000000
          p_y          -0.170287   0.025368
          p_z          -0.080341   0.005647
          p_x          -0.085474   0.006391

   24 H   s            -0.000022   0.000000

   25 H   s             0.000009   0.000000

   26 H   s            -0.000017   0.000000

   27 C   s            -0.000035   0.000000
          p_y          -0.027805   0.000673
          p_z          -0.013190   0.000151
          p_x          -0.013986   0.000170

   28 C   s             0.000010   0.000000
          p_y          -0.245066   0.051927
          p_z          -0.115703   0.011575
          p_x          -0.123028   0.013087

   29 H   s            -0.000047   0.000000

   30 C   s             0.000019   0.000000
          p_y          -0.245171   0.051972
          p_z          -0.115610   0.011556
          p_x          -0.122895   0.013058

   31 C   s            -0.000016   0.000000
          p_y           0.170284   0.025367
          p_z           0.080341   0.005647
          p_x           0.085475   0.006391

   32 H   s             0.000010   0.000000

   33 C   s             0.000007   0.000000
          p_y           0.170355   0.025388
          p_z           0.080303   0.005642
          p_x           0.085456   0.006389

   34 H   s             0.000019   0.000000

   35 H   s            -0.000045   0.000000

   36 H   s            -0.000016   0.000000

Eigenvector:  54    (down)

    1 C   s             0.000016   0.000000
          p_y           0.294683   0.069374
          p_z           0.139303   0.015503
          p_x           0.147563   0.017396

    2 C   s            -0.000024   0.000000
          p_y          -0.024526   0.000491
          p_z          -0.011609   0.000110
          p_x          -0.012273   0.000123

    3 C   s            -0.000016   0.000000
          p_y          -0.294634   0.069351
          p_z          -0.139348   0.015513
          p_x          -0.147517   0.017385

    4 C   s            -0.000003   0.000000
          p_y          -0.000027   0.000000
          p_z          -0.000021   0.000000
          p_x          -0.000009   0.000000

    5 C   s            -0.000029   0.000000
          p_y          -0.267873   0.058122
          p_z          -0.126508   0.012963
          p_x          -0.134291   0.014607

    6 H   s            -0.000047   0.000000

    7 C   s            -0.000024   0.000000
          p_y           0.024523   0.000491
          p_z           0.011616   0.000110
          p_x           0.012253   0.000123

    8 C   s             0.000003   0.000000
          p_y          -0.000027   0.000000
          p_z          -0.000021   0.000000
          p_x          -0.000008   0.000000

    9 C   s             0.000016   0.000000
          p_y          -0.294633   0.069350
          p_z          -0.139347   0.015513
          p_x          -0.147516   0.017385

   10 H   s             0.000001   0.000000

   11 C   s             0.000028   0.000000
          p_y           0.024784   0.000510
          p_z           0.011711   0.000114
          p_x           0.012395   0.000127

   12 C   s             0.000033   0.000000
          p_y           0.267833   0.058103
          p_z           0.126595   0.012981
          p_x           0.134225   0.014593

   13 H   s            -0.000038   0.000000

   14 H   s            -0.000000   0.000000

   15 C   s            -0.000015   0.000000
          p_y           0.294684   0.069375
          p_z           0.139305   0.015503
          p_x           0.147562   0.017396

   16 C   s             0.000025   0.000000
          p_y           0.024520   0.000491
          p_z           0.011615   0.000110
          p_x           0.012251   0.000123

   17 C   s            -0.000014   0.000000
          p_y           0.223006   0.041096
          p_z           0.105110   0.009129
          p_x           0.111900   0.010347

   18 H   s             0.000032   0.000000

   19 C   s             0.000009  -0.000000
          p_y          -0.024720   0.000507
          p_z          -0.011690   0.000113
          p_x          -0.012399   0.000128

   20 C   s             0.000023   0.000000
          p_y          -0.024527   0.000491
          p_z          -0.011611   0.000110
          p_x          -0.012274   0.000123

   21 C   s            -0.000033   0.000000
          p_y           0.267834   0.058104
          p_z           0.126597   0.012982
          p_x           0.134224   0.014593

   22 H   s             0.000038   0.000000

   23 C   s             0.000023   0.000000
          p_y          -0.223003   0.041095
          p_z          -0.105172   0.009140
          p_x          -0.111933   0.010353

   24 H   s            -0.000013   0.000000

   25 H   s             0.000041   0.000000

   26 H   s             0.000047   0.000000

   27 C   s             0.000031   0.000000
          p_y          -0.267873   0.058122
          p_z          -0.126506   0.012963
          p_x          -0.134292   0.014607

   28 C   s            -0.000007  -0.000000
          p_y          -0.024718   0.000507
          p_z          -0.011687   0.000113
          p_x          -0.012399   0.000128

   29 H   s             0.000038   0.000000

   30 C   s            -0.000030   0.000000
          p_y           0.024783   0.000510
          p_z           0.011708   0.000114
          p_x           0.012393   0.000127

   31 C   s            -0.000024   0.000000
          p_y          -0.223007   0.041096
          p_z          -0.105175   0.009141
          p_x          -0.111932   0.010353

   32 H   s            -0.000040   0.000000

   33 C   s             0.000025   0.000000
          p_y           0.223007   0.041096
          p_z           0.105124   0.009132
          p_x           0.111888   0.010345

   34 H   s            -0.000029   0.000000

   35 H   s            -0.000035   0.000000

   36 H   s             0.000023   0.000000

Eigenvector:  55    (down)

    1 C   s             0.000002   0.000000
          p_y           0.175662   0.024240
          p_z           0.083064   0.005420
          p_x           0.087976   0.006080

    2 C   s             0.000018   0.000000
          p_y          -0.037475   0.001111
          p_z          -0.017784   0.000250
          p_x          -0.018791   0.000279

    3 C   s            -0.000017   0.000000
          p_y           0.175703   0.024251
          p_z           0.083115   0.005427
          p_x           0.087977   0.006080

    4 C   s            -0.000006   0.000000
          p_y          -0.307501   0.074028
          p_z          -0.145414   0.016554
          p_x          -0.153916   0.018547

    5 C   s            -0.000055   0.000000
          p_y          -0.132135   0.013881
          p_z          -0.062346   0.003091
          p_x          -0.066236   0.003488

    6 H   s            -0.000009   0.000000

    7 C   s             0.000030   0.000000
          p_y          -0.037506   0.001113
          p_z          -0.017769   0.000250
          p_x          -0.018750   0.000278

    8 C   s             0.000006   0.000000
          p_y          -0.307499   0.074027
          p_z          -0.145414   0.016554
          p_x          -0.153914   0.018546

    9 C   s             0.000017   0.000000
          p_y           0.175704   0.024251
          p_z           0.083115   0.005427
          p_x           0.087977   0.006080

   10 H   s             0.000013   0.000000

   11 C   s             0.000030   0.000000
          p_y           0.298914   0.071804
          p_z           0.140966   0.015970
          p_x           0.149828   0.018040

   12 C   s            -0.000034   0.000000
          p_y          -0.132166   0.013888
          p_z          -0.062436   0.003099
          p_x          -0.066218   0.003486

   13 H   s            -0.000006   0.000000

   14 H   s            -0.000013   0.000000

   15 C   s            -0.000003   0.000000
          p_y           0.175661   0.024240
          p_z           0.083064   0.005420
          p_x           0.087975   0.006080

   16 C   s            -0.000030   0.000000
          p_y          -0.037504   0.001113
          p_z          -0.017768   0.000250
          p_x          -0.018748   0.000278

   17 C   s            -0.000024   0.000000
          p_y          -0.163063   0.021558
          p_z          -0.076879   0.004792
          p_x          -0.081813   0.005427

   18 H   s            -0.000004   0.000000

   19 C   s             0.000026   0.000000
          p_y           0.298762   0.071731
          p_z           0.141091   0.015998
          p_x           0.149999   0.018082

   20 C   s            -0.000018   0.000000
          p_y          -0.037476   0.001111
          p_z          -0.017783   0.000250
          p_x          -0.018791   0.000279

   21 C   s             0.000033   0.000000
          p_y          -0.132169   0.013889
          p_z          -0.062438   0.003100
          p_x          -0.066218   0.003486

   22 H   s             0.000006   0.000000

   23 C   s            -0.000045   0.000000
          p_y          -0.162982   0.021537
          p_z          -0.076913   0.004797
          p_x          -0.081789   0.005424

   24 H   s            -0.000043   0.000000

   25 H   s            -0.000026   0.000000

   26 H   s             0.000009   0.000000

   27 C   s             0.000054   0.000000
          p_y          -0.132134   0.013881
          p_z          -0.062347   0.003091
          p_x          -0.066233   0.003488

   28 C   s            -0.000027   0.000000
          p_y           0.298760   0.071730
          p_z           0.141091   0.015997
          p_x           0.149999   0.018082

   29 H   s            -0.000074   0.000000

   30 C   s            -0.000030   0.000000
          p_y           0.298914   0.071804
          p_z           0.140969   0.015970
          p_x           0.149829   0.018040

   31 C   s             0.000046   0.000000
          p_y          -0.162977   0.021535
          p_z          -0.076913   0.004797
          p_x          -0.081788   0.005424

   32 H   s             0.000025   0.000000

   33 C   s             0.000016   0.000000
          p_y          -0.163065   0.021559
          p_z          -0.076889   0.004794
          p_x          -0.081805   0.005426

   34 H   s             0.000002  -0.000000

   35 H   s             0.000072   0.000000

   36 H   s             0.000035   0.000000

Eigenvector:  56    (down)

    1 C   s             0.000002   0.000000
          p_y           0.112491   0.009537
          p_z           0.053192   0.002132
          p_x           0.056318   0.002390

    2 C   s            -0.000003   0.000000
          p_y           0.132932   0.013426
          p_z           0.062822   0.002998
          p_x           0.066627   0.003373

    3 C   s             0.000004   0.000000
          p_y          -0.112521   0.009542
          p_z          -0.053211   0.002134
          p_x          -0.056328   0.002391

    4 C   s            -0.000001   0.000000
          p_y          -0.174642   0.023065
          p_z          -0.082586   0.005158
          p_x          -0.087423   0.005780

    5 C   s            -0.000041   0.000000
          p_y          -0.276678   0.058460
          p_z          -0.130671   0.013039
          p_x          -0.138677   0.014686

    6 H   s            -0.000011   0.000000

    7 C   s            -0.000040   0.000000
          p_y          -0.132872   0.013413
          p_z          -0.062800   0.002996
          p_x          -0.066543   0.003364

    8 C   s            -0.000001   0.000000
          p_y           0.174646   0.023066
          p_z           0.082589   0.005158
          p_x           0.087425   0.005780

    9 C   s             0.000004   0.000000
          p_y           0.112516   0.009541
          p_z           0.053208   0.002134
          p_x           0.056326   0.002391

   10 H   s             0.000005   0.000000

   11 C   s             0.000042   0.000000
          p_y          -0.054397   0.002291
          p_z          -0.025624   0.000508
          p_x          -0.027304   0.000577

   12 C   s             0.000040   0.000000
          p_y           0.276562   0.058410
          p_z           0.130744   0.013055
          p_x           0.138588   0.014668

   13 H   s            -0.000053   0.000000

   14 H   s             0.000005   0.000000

   15 C   s             0.000002   0.000000
          p_y          -0.112491   0.009537
          p_z          -0.053193   0.002132
          p_x          -0.056318   0.002390

   16 C   s            -0.000041   0.000000
          p_y           0.132875   0.013414
          p_z           0.062802   0.002996
          p_x           0.066543   0.003365

   17 C   s            -0.000017   0.000000
          p_y           0.309124   0.074347
          p_z           0.145708   0.016518
          p_x           0.155118   0.018721

   18 H   s             0.000046   0.000000

   19 C   s             0.000017   0.000000
          p_y           0.054497   0.002299
          p_z           0.025706   0.000512
          p_x           0.027367   0.000580

   20 C   s            -0.000002  -0.000000
          p_y          -0.132932   0.013426
          p_z          -0.062821   0.002998
          p_x          -0.066625   0.003373

   21 C   s             0.000040   0.000000
          p_y          -0.276561   0.058410
          p_z          -0.130745   0.013055
          p_x          -0.138585   0.014667

   22 H   s            -0.000053   0.000000

   23 C   s             0.000029   0.000000
          p_y          -0.309146   0.074358
          p_z          -0.145810   0.016541
          p_x          -0.155151   0.018728

   24 H   s             0.000001   0.000000

   25 H   s             0.000044   0.000000

   26 H   s            -0.000012   0.000000

   27 C   s            -0.000043   0.000000
          p_y           0.276676   0.058460
          p_z           0.130668   0.013039
          p_x           0.138678   0.014687

   28 C   s             0.000015   0.000000
          p_y          -0.054502   0.002300
          p_z          -0.025712   0.000512
          p_x          -0.027367   0.000580

   29 H   s             0.000040   0.000000

   30 C   s             0.000043   0.000000
          p_y           0.054396   0.002291
          p_z           0.025626   0.000509
          p_x           0.027306   0.000577

   31 C   s             0.000030   0.000000
          p_y           0.309150   0.074360
          p_z           0.145813   0.016542
          p_x           0.155150   0.018728

   32 H   s             0.000043   0.000000

   33 C   s            -0.000033   0.000000
          p_y          -0.309124   0.074347
          p_z          -0.145726   0.016522
          p_x          -0.155100   0.018716

   34 H   s             0.000042   0.000000

   35 H   s             0.000036   0.000000

   36 H   s            -0.000015   0.000000

Eigenvector:  57    (down)

    1 C   s            -0.000057   0.000000
          p_y          -0.107903   0.008627
          p_z          -0.050980   0.001926
          p_x          -0.054070   0.002166

    2 C   s             0.000086   0.000000
          p_y           0.246410   0.045213
          p_z           0.116394   0.010088
          p_x           0.123447   0.011347

    3 C   s            -0.000031   0.000000
          p_y          -0.107879   0.008624
          p_z          -0.050987   0.001926
          p_x          -0.053977   0.002159

    4 C   s             0.000020   0.000000
          p_y           0.000056   0.000000
          p_z           0.000004   0.000000
          p_x           0.000008   0.000000

    5 C   s            -0.000077   0.000000
          p_y          -0.234959   0.041477
          p_z          -0.110948   0.009249
          p_x          -0.117833   0.010433

    6 H   s             0.000013   0.000000

    7 C   s             0.000088   0.000000
          p_y           0.246440   0.045222
          p_z           0.116483   0.010103
          p_x           0.123426   0.011344

    8 C   s             0.000020   0.000000
          p_y          -0.000053   0.000000
          p_z          -0.000003   0.000000
          p_x          -0.000007   0.000000

    9 C   s            -0.000031   0.000000
          p_y           0.107880   0.008624
          p_z           0.050988   0.001926
          p_x           0.053977   0.002159

   10 H   s            -0.000024   0.000000

   11 C   s             0.000044   0.000000
          p_y           0.283215   0.060922
          p_z           0.133582   0.013553
          p_x           0.141939   0.015302

   12 C   s            -0.000077   0.000000
          p_y          -0.235060   0.041515
          p_z          -0.111090   0.009272
          p_x          -0.117754   0.010417

   13 H   s             0.000025   0.000000

   14 H   s            -0.000024   0.000000

   15 C   s            -0.000057   0.000000
          p_y           0.107899   0.008626
          p_z           0.050979   0.001926
          p_x           0.054068   0.002166

   16 C   s             0.000088   0.000000
          p_y          -0.246440   0.045222
          p_z          -0.116483   0.010103
          p_x          -0.123424   0.011344

   17 C   s            -0.000047   0.000000
          p_y          -0.132230   0.013364
          p_z          -0.062366   0.002973
          p_x          -0.066352   0.003365

   18 H   s            -0.000028   0.000000

   19 C   s             0.000035   0.000000
          p_y           0.283021   0.060838
          p_z           0.133686   0.013574
          p_x           0.142117   0.015340

   20 C   s             0.000086   0.000000
          p_y          -0.246407   0.045212
          p_z          -0.116394   0.010088
          p_x          -0.123444   0.011346

   21 C   s            -0.000076   0.000000
          p_y           0.235058   0.041514
          p_z           0.111090   0.009273
          p_x           0.117752   0.010417

   22 H   s             0.000026   0.000000

   23 C   s            -0.000066   0.000000
          p_y          -0.132093   0.013336
          p_z          -0.062349   0.002972
          p_x          -0.066272   0.003357

   24 H   s            -0.000060   0.000000

   25 H   s            -0.000055   0.000000

   26 H   s             0.000013   0.000000

   27 C   s            -0.000076   0.000000
          p_y           0.234959   0.041477
          p_z           0.110950   0.009249
          p_x           0.117830   0.010432

   28 C   s             0.000035   0.000000
          p_y          -0.283018   0.060837
          p_z          -0.133684   0.013574
          p_x          -0.142116   0.015340

   29 H   s            -0.000085   0.000000

   30 C   s             0.000043   0.000000
          p_y          -0.283213   0.060921
          p_z          -0.133583   0.013553
          p_x          -0.141939   0.015302

   31 C   s            -0.000066   0.000000
          p_y           0.132089   0.013336
          p_z           0.062349   0.002972
          p_x           0.066272   0.003357

   32 H   s            -0.000054   0.000000

   33 C   s            -0.000040   0.000000
          p_y           0.132229   0.013364
          p_z           0.062373   0.002974
          p_x           0.066343   0.003364

   34 H   s            -0.000026   0.000000

   35 H   s            -0.000083   0.000000

   36 H   s            -0.000052   0.000000

Eigenvector:  58    (down)

    1 C   s            -0.000046   0.000000
          p_y          -0.224560   0.036269
          p_z          -0.106119   0.008099
          p_x          -0.112503   0.009104

    2 C   s             0.000088   0.000000
          p_y           0.264848   0.050751
          p_z           0.125138   0.011330
          p_x           0.132690   0.012738

    3 C   s            -0.000004   0.000000
          p_y          -0.224512   0.036254
          p_z          -0.106131   0.008101
          p_x          -0.112403   0.009087

    4 C   s             0.000011   0.000000
          p_y           0.284617   0.058276
          p_z           0.134554   0.013024
          p_x           0.142455   0.014599

    5 C   s            -0.000059   0.000000
          p_y          -0.184698   0.024871
          p_z          -0.087234   0.005549
          p_x          -0.092641   0.006258

    6 H   s             0.000020   0.000000

    7 C   s             0.000073   0.000000
          p_y           0.264798   0.050731
          p_z           0.125158   0.011333
          p_x           0.132600   0.012722

    8 C   s            -0.000011   0.000000
          p_y           0.284616   0.058275
          p_z           0.134554   0.013024
          p_x           0.142454   0.014599

    9 C   s             0.000003   0.000000
          p_y          -0.224514   0.036255
          p_z          -0.106131   0.008101
          p_x          -0.112404   0.009087

   10 H   s            -0.000018   0.000000

   11 C   s             0.000034   0.000000
          p_y           0.180520   0.024034
          p_z           0.085151   0.005348
          p_x           0.090462   0.006035

   12 C   s            -0.000062   0.000000
          p_y          -0.184682   0.024868
          p_z          -0.087286   0.005555
          p_x          -0.092520   0.006241

   13 H   s             0.000038   0.000000

   14 H   s             0.000018   0.000000

   15 C   s             0.000046   0.000000
          p_y          -0.224560   0.036269
          p_z          -0.106120   0.008099
          p_x          -0.112502   0.009104

   16 C   s            -0.000073   0.000000
          p_y           0.264801   0.050732
          p_z           0.125159   0.011333
          p_x           0.132598   0.012722

   17 C   s            -0.000039   0.000000
          p_y          -0.078260   0.004539
          p_z          -0.036920   0.001010
          p_x          -0.039274   0.001143

   18 H   s            -0.000028   0.000000

   19 C   s             0.000023   0.000000
          p_y           0.180433   0.024011
          p_z           0.085233   0.005358
          p_x           0.090610   0.006055

   20 C   s            -0.000088   0.000000
          p_y           0.264851   0.050752
          p_z           0.125140   0.011330
          p_x           0.132690   0.012738

   21 C   s             0.000061   0.000000
          p_y          -0.184683   0.024868
          p_z          -0.087287   0.005555
          p_x          -0.092520   0.006241

   22 H   s            -0.000039   0.000000

   23 C   s            -0.000049   0.000000
          p_y          -0.078313   0.004545
          p_z          -0.036968   0.001013
          p_x          -0.039286   0.001144

   24 H   s            -0.000046   0.000000

   25 H   s            -0.000045   0.000000

   26 H   s            -0.000020   0.000000

   27 C   s             0.000058   0.000000
          p_y          -0.184702   0.024873
          p_z          -0.087237   0.005549
          p_x          -0.092641   0.006258

   28 C   s            -0.000023   0.000000
          p_y           0.180435   0.024011
          p_z           0.085234   0.005358
          p_x           0.090611   0.006056

   29 H   s            -0.000059   0.000000

   30 C   s            -0.000034   0.000000
          p_y           0.180521   0.024034
          p_z           0.085153   0.005348
          p_x           0.090463   0.006035

   31 C   s             0.000049   0.000000
          p_y          -0.078315   0.004545
          p_z          -0.036969   0.001013
          p_x          -0.039287   0.001144

   32 H   s             0.000044   0.000000

   33 C   s             0.000035   0.000000
          p_y          -0.078259   0.004539
          p_z          -0.036925   0.001011
          p_x          -0.039269   0.001143

   34 H   s             0.000027   0.000000

   35 H   s             0.000058   0.000000

   36 H   s             0.000041   0.000000

Eigenvector:  59    (down)

    1 C   s            -0.000033   0.000000
          p_y          -0.270025   0.050825
          p_z          -0.127627   0.011354
          p_x          -0.135232   0.012748

    2 C   s             0.000043   0.000000
          p_y           0.203799   0.029206
          p_z           0.096367   0.006530
          p_x           0.102128   0.007334

    3 C   s             0.000023   0.000000
          p_y           0.270057   0.050836
          p_z           0.127740   0.011374
          p_x           0.135226   0.012746

    4 C   s             0.000010   0.000000
          p_y          -0.000034   0.000000
          p_z          -0.000003   0.000000
          p_x          -0.000027   0.000000

    5 C   s            -0.000016   0.000000
          p_y          -0.068967   0.003374
          p_z          -0.032592   0.000753
          p_x          -0.034512   0.000845

    6 H   s             0.000059   0.000000

    7 C   s            -0.000012   0.000000
          p_y          -0.203911   0.029237
          p_z          -0.096410   0.006536
          p_x          -0.102075   0.007327

    8 C   s            -0.000012   0.000000
          p_y          -0.000031   0.000000
          p_z          -0.000002   0.000000
          p_x          -0.000027   0.000000

    9 C   s            -0.000022   0.000000
          p_y           0.270059   0.050837
          p_z           0.127740   0.011374
          p_x           0.135226   0.012747

   10 H   s            -0.000000   0.000000

   11 C   s             0.000023   0.000000
          p_y          -0.165221   0.019549
          p_z          -0.077910   0.004347
          p_x          -0.082830   0.004913

   12 C   s             0.000009   0.000000
          p_y           0.068973   0.003374
          p_z           0.032649   0.000756
          p_x           0.034565   0.000848

   13 H   s            -0.000034   0.000000

   14 H   s            -0.000000   0.000000

   15 C   s             0.000033   0.000000
          p_y          -0.270027   0.050826
          p_z          -0.127628   0.011354
          p_x          -0.135232   0.012748

   16 C   s             0.000012   0.000000
          p_y          -0.203910   0.029237
          p_z          -0.096409   0.006536
          p_x          -0.102072   0.007326

   17 C   s            -0.000008   0.000000
          p_y           0.304355   0.066614
          p_z           0.143476   0.014804
          p_x           0.152746   0.016778

   18 H   s             0.000049   0.000000

   19 C   s             0.000023   0.000000
          p_y           0.165126   0.019526
          p_z           0.077949   0.004351
          p_x           0.082911   0.004923

   20 C   s            -0.000044   0.000000
          p_y           0.203800   0.029206
          p_z           0.096366   0.006530
          p_x           0.102127   0.007334

   21 C   s            -0.000008   0.000000
          p_y           0.068968   0.003374
          p_z           0.032647   0.000756
          p_x           0.034562   0.000847

   22 H   s             0.000035   0.000000

   23 C   s             0.000013   0.000000
          p_y          -0.304333   0.066605
          p_z          -0.143558   0.014820
          p_x          -0.152693   0.016766

   24 H   s             0.000038   0.000000

   25 H   s             0.000001   0.000000

   26 H   s            -0.000057   0.000000

   27 C   s             0.000019   0.000000
          p_y          -0.068963   0.003374
          p_z          -0.032588   0.000753
          p_x          -0.034513   0.000845

   28 C   s            -0.000021   0.000000
          p_y           0.165129   0.019527
          p_z           0.077955   0.004352
          p_x           0.082910   0.004923

   29 H   s             0.000014   0.000000

   30 C   s            -0.000024   0.000000
          p_y          -0.165220   0.019548
          p_z          -0.077913   0.004347
          p_x          -0.082832   0.004914

   31 C   s            -0.000014   0.000000
          p_y          -0.304335   0.066606
          p_z          -0.143559   0.014821
          p_x          -0.152691   0.016766

   32 H   s             0.000001  -0.000000

   33 C   s             0.000026   0.000000
          p_y           0.304353   0.066613
          p_z           0.143495   0.014807
          p_x           0.152726   0.016774

   34 H   s            -0.000044   0.000000

   35 H   s            -0.000010   0.000000

   36 H   s            -0.000017   0.000000

Eigenvector:  60    (down)

    1 C   s             0.000030   0.000000
          p_y           0.259807   0.043701
          p_z           0.122831   0.009768
          p_x           0.130086   0.010956

    2 C   s            -0.000030   0.000000
          p_y          -0.036458   0.000870
          p_z          -0.017302   0.000196
          p_x          -0.018284   0.000219

    3 C   s             0.000008   0.000000
          p_y          -0.259779   0.043691
          p_z          -0.122882   0.009776
          p_x          -0.130093   0.010957

    4 C   s             0.000012   0.000000
          p_y          -0.250411   0.040598
          p_z          -0.118415   0.009078
          p_x          -0.125340   0.010172

    5 C   s            -0.000045   0.000000
          p_y          -0.182440   0.021768
          p_z          -0.086122   0.004851
          p_x          -0.091556   0.005482

    6 H   s            -0.000074   0.000000

    7 C   s            -0.000069   0.000000
          p_y           0.036493   0.000872
          p_z           0.017298   0.000196
          p_x           0.018210   0.000217

    8 C   s             0.000012   0.000000
          p_y           0.250412   0.040598
          p_z           0.118414   0.009078
          p_x           0.125340   0.010171

    9 C   s             0.000008   0.000000
          p_y           0.259778   0.043690
          p_z           0.122880   0.009776
          p_x           0.130091   0.010957

   10 H   s             0.000034   0.000000

   11 C   s             0.000029   0.000000
          p_y           0.234312   0.036391
          p_z           0.110542   0.008100
          p_x           0.117404   0.009136

   12 C   s             0.000056   0.000000
          p_y           0.182487   0.021779
          p_z           0.086208   0.004861
          p_x           0.091402   0.005463

   13 H   s            -0.000010   0.000000

   14 H   s             0.000035   0.000000

   15 C   s             0.000031   0.000000
          p_y          -0.259806   0.043700
          p_z          -0.122831   0.009768
          p_x          -0.130086   0.010956

   16 C   s            -0.000068   0.000000
          p_y          -0.036491   0.000872
          p_z          -0.017298   0.000196
          p_x          -0.018209   0.000217

   17 C   s            -0.000009   0.000000
          p_y          -0.264231   0.046552
          p_z          -0.124584   0.010349
          p_x          -0.132652   0.011732

   18 H   s            -0.000054   0.000000

   19 C   s            -0.000024   0.000000
          p_y          -0.234200   0.036357
          p_z          -0.110588   0.008106
          p_x          -0.117626   0.009171

   20 C   s            -0.000030   0.000000
          p_y           0.036457   0.000870
          p_z           0.017300   0.000196
          p_x           0.018282   0.000219

   21 C   s             0.000057   0.000000
          p_y          -0.182490   0.021779
          p_z          -0.086209   0.004861
          p_x          -0.091403   0.005463

   22 H   s            -0.000009   0.000000

   23 C   s             0.000015   0.000000
          p_y           0.264264   0.046563
          p_z           0.124671   0.010364
          p_x           0.132527   0.011710

   24 H   s            -0.000084   0.000000

   25 H   s             0.000075   0.000000

   26 H   s            -0.000073   0.000000

   27 C   s            -0.000042   0.000000
          p_y           0.182442   0.021768
          p_z           0.086126   0.004851
          p_x           0.091553   0.005482

   28 C   s            -0.000021   0.000000
          p_y           0.234200   0.036357
          p_z           0.110593   0.008107
          p_x           0.117624   0.009170

   29 H   s             0.000026   0.000000

   30 C   s             0.000029   0.000000
          p_y          -0.234309   0.036390
          p_z          -0.110543   0.008100
          p_x          -0.117406   0.009137

   31 C   s             0.000014   0.000000
          p_y          -0.264264   0.046563
          p_z          -0.124670   0.010363
          p_x          -0.132524   0.011710

   32 H   s             0.000077   0.000000

   33 C   s             0.000009   0.000000
          p_y           0.264228   0.046551
          p_z           0.124602   0.010352
          p_x           0.132631   0.011729

   34 H   s            -0.000048   0.000000

   35 H   s             0.000031   0.000000

   36 H   s            -0.000060   0.000000

Eigenvector:  61    (down)

    1 C   s            -0.000066   0.000000
          p_y          -0.147935   0.013347
          p_z          -0.069904   0.002980
          p_x          -0.074174   0.003356

    2 C   s             0.000077   0.000000
          p_y           0.204964   0.025698
          p_z           0.096848   0.005738
          p_x           0.102640   0.006444

    3 C   s             0.000044   0.000000
          p_y           0.147989   0.013358
          p_z           0.069964   0.002985
          p_x           0.074044   0.003344

    4 C   s             0.000041   0.000000
          p_y           0.000020   0.000000
          p_z           0.000003   0.000000
          p_x          -0.000052   0.000000

    5 C   s            -0.000115   0.000000
          p_y          -0.332382   0.068143
          p_z          -0.156944   0.015192
          p_x          -0.166759   0.017153

    6 H   s            -0.000035   0.000000

    7 C   s            -0.000148   0.000000
          p_y          -0.204976   0.025700
          p_z          -0.096817   0.005734
          p_x          -0.102711   0.006454

    8 C   s            -0.000041   0.000000
          p_y           0.000019   0.000000
          p_z           0.000003   0.000000
          p_x          -0.000053   0.000000

    9 C   s            -0.000044   0.000000
          p_y           0.147987   0.013357
          p_z           0.069963   0.002985
          p_x           0.074044   0.003344

   10 H   s            -0.000040   0.000000

   11 C   s             0.000088   0.000000
          p_y           0.238890   0.035545
          p_z           0.112748   0.007918
          p_x           0.119628   0.008913

   12 C   s             0.000115   0.000000
          p_y           0.332461   0.068175
          p_z           0.157115   0.015227
          p_x           0.166494   0.017097

   13 H   s            -0.000049   0.000000

   14 H   s             0.000039   0.000000

   15 C   s             0.000066   0.000000
          p_y          -0.147933   0.013347
          p_z          -0.069904   0.002980
          p_x          -0.074172   0.003356

   16 C   s             0.000148   0.000000
          p_y          -0.204976   0.025700
          p_z          -0.096817   0.005734
          p_x          -0.102709   0.006454

   17 C   s            -0.000028   0.000000
          p_y          -0.206706   0.026824
          p_z          -0.097485   0.005967
          p_x          -0.103828   0.006767

   18 H   s            -0.000066   0.000000

   19 C   s            -0.000015   0.000000
          p_y          -0.238742   0.035502
          p_z          -0.112762   0.007920
          p_x          -0.119959   0.008963

   20 C   s            -0.000076   0.000000
          p_y           0.204962   0.025698
          p_z           0.096850   0.005738
          p_x           0.102640   0.006444

   21 C   s            -0.000116   0.000000
          p_y           0.332460   0.068174
          p_z           0.157116   0.015227
          p_x           0.166493   0.017097

   22 H   s             0.000050   0.000000

   23 C   s             0.000037   0.000000
          p_y           0.206781   0.026843
          p_z           0.097555   0.005975
          p_x           0.103633   0.006742

   24 H   s            -0.000123   0.000000

   25 H   s             0.000148   0.000000

   26 H   s             0.000035   0.000000

   27 C   s             0.000113   0.000000
          p_y          -0.332382   0.068143
          p_z          -0.156946   0.015193
          p_x          -0.166754   0.017152

   28 C   s             0.000012   0.000000
          p_y          -0.238740   0.035501
          p_z          -0.112765   0.007920
          p_x          -0.119956   0.008962

   29 H   s             0.000061   0.000000

   30 C   s            -0.000089   0.000000
          p_y           0.238886   0.035544
          p_z           0.112748   0.007918
          p_x           0.119630   0.008914

   31 C   s            -0.000037   0.000000
          p_y           0.206781   0.026843
          p_z           0.097552   0.005975
          p_x           0.103631   0.006742

   32 H   s            -0.000151   0.000000

   33 C   s             0.000012   0.000000
          p_y          -0.206704   0.026823
          p_z          -0.097501   0.005969
          p_x          -0.103810   0.006765

   34 H   s             0.000059   0.000000

   35 H   s            -0.000067   0.000000

   36 H   s             0.000100   0.000000

Eigenvector:  62    (down)

    1 C   s            -0.000099   0.000000
          p_y          -0.309071   0.056519
          p_z          -0.146050   0.012620
          p_x          -0.154835   0.014185

    2 C   s             0.000105   0.000000
          p_y           0.227383   0.030645
          p_z           0.107479   0.006847
          p_x           0.113886   0.007687

    3 C   s             0.000012   0.000000
          p_y           0.309079   0.056522
          p_z           0.146141   0.012636
          p_x           0.154762   0.014171

    4 C   s            -0.000034   0.000000
          p_y           0.243447   0.034953
          p_z           0.115047   0.007806
          p_x           0.121838   0.008755

    5 C   s            -0.000104   0.000000
          p_y          -0.261564   0.040925
          p_z          -0.123505   0.009124
          p_x          -0.131221   0.010300

    6 H   s             0.000015   0.000000

    7 C   s            -0.000113   0.000000
          p_y          -0.227432   0.030657
          p_z          -0.107410   0.006838
          p_x          -0.113907   0.007691

    8 C   s            -0.000035   0.000000
          p_y          -0.243447   0.034953
          p_z          -0.115047   0.007806
          p_x          -0.121839   0.008755

    9 C   s             0.000012   0.000000
          p_y          -0.309080   0.056522
          p_z          -0.146141   0.012636
          p_x          -0.154763   0.014171

   10 H   s            -0.000071   0.000000

   11 C   s             0.000080   0.000000
          p_y           0.157564   0.014970
          p_z           0.074381   0.003336
          p_x           0.078877   0.003751

   12 C   s             0.000090   0.000000
          p_y           0.261619   0.040942
          p_z           0.123645   0.009146
          p_x           0.131018   0.010268

   13 H   s            -0.000067   0.000000

   14 H   s            -0.000071   0.000000

   15 C   s            -0.000099   0.000000
          p_y           0.309073   0.056520
          p_z           0.146051   0.012620
          p_x           0.154834   0.014185

   16 C   s            -0.000113   0.000000
          p_y           0.227435   0.030658
          p_z           0.107411   0.006838
          p_x           0.113905   0.007691

   17 C   s            -0.000026   0.000000
          p_y          -0.121822   0.009031
          p_z          -0.057460   0.002009
          p_x          -0.061215   0.002280

   18 H   s            -0.000049   0.000000

   19 C   s             0.000000  -0.000000
          p_y          -0.157456   0.014950
          p_z          -0.074371   0.003335
          p_x          -0.079135   0.003776

   20 C   s             0.000104   0.000000
          p_y          -0.227384   0.030645
          p_z          -0.107481   0.006847
          p_x          -0.113887   0.007687

   21 C   s             0.000090   0.000000
          p_y          -0.261622   0.040943
          p_z          -0.123647   0.009146
          p_x          -0.131019   0.010268

   22 H   s            -0.000069   0.000000

   23 C   s             0.000029   0.000000
          p_y           0.121886   0.009040
          p_z           0.057501   0.002012
          p_x           0.061061   0.002269

   24 H   s            -0.000097   0.000000

   25 H   s             0.000125   0.000000

   26 H   s             0.000015   0.000000

   27 C   s            -0.000102   0.000000
          p_y           0.261567   0.040926
          p_z           0.123508   0.009125
          p_x           0.131218   0.010300

   28 C   s             0.000003  -0.000000
          p_y           0.157456   0.014950
          p_z           0.074373   0.003335
          p_x           0.079135   0.003776

   29 H   s             0.000050   0.000000

   30 C   s             0.000081   0.000000
          p_y          -0.157563   0.014970
          p_z          -0.074383   0.003336
          p_x          -0.078880   0.003752

   31 C   s             0.000030   0.000000
          p_y          -0.121888   0.009041
          p_z          -0.057500   0.002012
          p_x          -0.061061   0.002269

   32 H   s             0.000127   0.000000

   33 C   s            -0.000015   0.000000
          p_y           0.121823   0.009031
          p_z           0.057471   0.002010
          p_x           0.061204   0.002279

   34 H   s            -0.000044   0.000000

   35 H   s             0.000054   0.000000

   36 H   s            -0.000081   0.000000

Eigenvector:  63    (down)

    1 C   s            -0.055999   0.001277
          p_y          -0.154265   0.012200
          p_z           0.055354   0.001535
          p_x           0.255703   0.033676

    2 C   s             0.057686   0.000359
          p_y          -0.137470   0.008734
          p_z           0.023243   0.000238
          p_x           0.252514   0.029588

    3 C   s             0.056027   0.001278
          p_y          -0.149862   0.011576
          p_z           0.040515   0.000873
          p_x           0.261052   0.034962

    4 C   s             0.078912   0.000847
          p_y          -0.173478   0.013847
          p_z           0.054784   0.001381
          p_x           0.294879   0.040011

    5 C   s            -0.019491   0.000181
          p_y          -0.107247   0.005917
          p_z           0.043205   0.000911
          p_x           0.172941   0.015574

    6 H   s             0.326510   0.044520

    7 C   s            -0.057762   0.000361
          p_y          -0.150443   0.010508
          p_z           0.067511   0.002146
          p_x           0.236675   0.025907

    8 C   s            -0.078921   0.000847
          p_y          -0.173466   0.013845
          p_z           0.054772   0.001380
          p_x           0.294866   0.040007

    9 C   s            -0.056006   0.001277
          p_y          -0.149854   0.011575
          p_z           0.040508   0.000873
          p_x           0.261041   0.034959

   10 H   s             0.397995   0.065895

   11 C   s             0.016253  -0.000043
          p_y          -0.069034   0.002259
          p_z          -0.013407   0.000091
          p_x           0.150557   0.010805

   12 C   s             0.019526   0.000181
          p_y          -0.100898   0.005312
          p_z           0.022346   0.000288
          p_x           0.180520   0.016796

   13 H   s            -0.326556   0.044533

   14 H   s            -0.397984   0.065891

   15 C   s             0.056014   0.001277
          p_y          -0.154255   0.012198
          p_z           0.055361   0.001535
          p_x           0.255680   0.033670

   16 C   s             0.057754   0.000361
          p_y          -0.150440   0.010508
          p_z           0.067516   0.002146
          p_x           0.236672   0.025907

   17 C   s             0.023855   0.000093
          p_y          -0.044346   0.000994
          p_z          -0.000824  -0.000002
          p_x           0.088947   0.003808

   18 H   s             0.175382   0.013006

   19 C   s            -0.016276  -0.000043
          p_y          -0.091964   0.004034
          p_z           0.064026   0.001975
          p_x           0.122694   0.007144

   20 C   s            -0.057680   0.000359
          p_y          -0.137429   0.008729
          p_z           0.023220   0.000238
          p_x           0.252457   0.029574

   21 C   s            -0.019478   0.000181
          p_y          -0.100889   0.005311
          p_z           0.022359   0.000288
          p_x           0.180488   0.016791

   22 H   s             0.326544   0.044530

   23 C   s            -0.023842   0.000093
          p_y          -0.053675   0.001377
          p_z           0.031658   0.000420
          p_x           0.077420   0.003001

   24 H   s             0.086986   0.003323

   25 H   s            -0.175387   0.013007

   26 H   s            -0.326436   0.044500

   27 C   s             0.019538   0.000181
          p_y          -0.107223   0.005914
          p_z           0.043234   0.000912
          p_x           0.172872   0.015562

   28 C   s             0.016314  -0.000043
          p_y          -0.091984   0.004036
          p_z           0.064075   0.001978
          p_x           0.122693   0.007144

   29 H   s            -0.086978   0.003322

   30 C   s            -0.016205  -0.000043
          p_y          -0.068979   0.002256
          p_z          -0.013391   0.000090
          p_x           0.150425   0.010786

   31 C   s             0.023913   0.000093
          p_y          -0.053711   0.001379
          p_z           0.031752   0.000423
          p_x           0.077395   0.003000

   32 H   s             0.175431   0.013014

   33 C   s            -0.023687   0.000091
          p_y          -0.044328   0.000993
          p_z          -0.000643  -0.000001
          p_x           0.088765   0.003793

   34 H   s            -0.175207   0.012979

   35 H   s             0.087130   0.003334

   36 H   s            -0.086643   0.003296

Eigenvector:  64    (down)

    1 C   s             0.050681   0.000970
          p_y           0.061247   0.001921
          p_z           0.013684   0.000032
          p_x          -0.135214   0.008770

    2 C   s            -0.114787   0.002619
          p_y           0.154293   0.010463
          p_z          -0.076264   0.002645
          p_x          -0.236040   0.024229

    3 C   s            -0.050511   0.000965
          p_y           0.082598   0.003246
          p_z          -0.059098   0.001459
          p_x          -0.109170   0.006025

    4 C   s             0.000062  -0.000000
          p_y           0.016650   0.000128
          p_z          -0.057297   0.001512
          p_x           0.020849   0.000200

    5 C   s             0.066274   0.001787
          p_y           0.129857   0.008331
          p_z          -0.023276   0.000271
          p_x          -0.236837   0.027686

    6 H   s            -0.352283   0.050438

    7 C   s             0.114689   0.002612
          p_y           0.136509   0.008089
          p_z          -0.015542   0.000085
          p_x          -0.257937   0.029196

    8 C   s            -0.000014   0.000000
          p_y          -0.016678   0.000128
          p_z           0.057125   0.001502
          p_x          -0.020632   0.000196

    9 C   s            -0.050424   0.000962
          p_y          -0.082677   0.003253
          p_z           0.059134   0.001461
          p_x           0.109292   0.006039

   10 H   s             0.000344   0.000000

   11 C   s            -0.085340   0.001058
          p_y           0.133429   0.008009
          p_z          -0.013932   0.000098
          p_x          -0.253296   0.028682

   12 C   s            -0.066211   0.001785
          p_y           0.140994   0.009811
          p_z          -0.062062   0.001893
          p_x          -0.223096   0.024588

   13 H   s             0.352336   0.050451

   14 H   s             0.000131   0.000000

   15 C   s             0.050860   0.000976
          p_y          -0.061302   0.001924
          p_z          -0.013635   0.000032
          p_x           0.135280   0.008779

   16 C   s             0.114822   0.002615
          p_y          -0.136751   0.008119
          p_z           0.015529   0.000084
          p_x           0.258440   0.029316

   17 C   s            -0.030479   0.000048
          p_y           0.072591   0.002493
          p_z           0.021913   0.000181
          p_x          -0.165025   0.012558

   18 H   s            -0.333935   0.045893

   19 C   s             0.085400   0.001059
          p_y           0.151973   0.010317
          p_z          -0.075902   0.002522
          p_x          -0.231040   0.023987

   20 C   s            -0.114723   0.002619
          p_y          -0.154051   0.010427
          p_z           0.076049   0.002628
          p_x           0.235762   0.024169

   21 C   s            -0.065679   0.001763
          p_y          -0.141165   0.009834
          p_z           0.062362   0.001910
          p_x           0.223152   0.024604

   22 H   s             0.352896   0.050611

   23 C   s             0.030596   0.000049
          p_y           0.101267   0.004714
          p_z          -0.076737   0.002593
          p_x          -0.129917   0.007942

   24 H   s            -0.153360   0.009822

   25 H   s             0.334097   0.045938

   26 H   s            -0.351915   0.050333

   27 C   s             0.066826   0.001811
          p_y          -0.129853   0.008329
          p_z           0.023575   0.000277
          p_x           0.236556   0.027620

   28 C   s             0.086037   0.001074
          p_y          -0.152630   0.010409
          p_z           0.076620   0.002572
          p_x           0.231679   0.024124

   29 H   s             0.153628   0.009857

   30 C   s            -0.084668   0.001042
          p_y          -0.133011   0.007957
          p_z           0.014262   0.000102
          p_x           0.252137   0.028413

   31 C   s             0.031689   0.000056
          p_y          -0.101962   0.004780
          p_z           0.078207   0.002695
          p_x           0.129908   0.007942

   32 H   s             0.335467   0.046324

   33 C   s            -0.029194   0.000039
          p_y          -0.072656   0.002497
          p_z          -0.020423   0.000155
          p_x           0.163795   0.012372

   34 H   s            -0.332383   0.045459

   35 H   s             0.155978   0.010167

   36 H   s            -0.150649   0.009473

Eigenvector:  65    (down)

    1 C   s             0.060276   0.000957
          p_y          -0.005905   0.000029
          p_z          -0.000967  -0.000002
          p_x           0.012658   0.000101

    2 C   s             0.008813  -0.000060
          p_y          -0.067295   0.002228
          p_z           0.029153   0.000478
          p_x           0.106891   0.005414

    3 C   s             0.060480   0.000964
          p_y           0.007363   0.000033
          p_z          -0.004925   0.000005
          p_x          -0.010059   0.000080

    4 C   s            -0.028286   0.000376
          p_y          -0.040139   0.000796
          p_z           0.014213   0.000101
          p_x           0.066776   0.002201

    5 C   s             0.122172   0.003366
          p_y          -0.003478   0.000016
          p_z          -0.052281   0.001064
          p_x           0.056002   0.001588

    6 H   s             0.117243   0.005467

    7 C   s             0.008173  -0.000057
          p_y           0.061485   0.001781
          p_z          -0.011665   0.000038
          p_x          -0.111725   0.006115

    8 C   s            -0.028049   0.000371
          p_y           0.039492   0.000769
          p_z          -0.011236   0.000062
          p_x          -0.068295   0.002303

    9 C   s             0.058648   0.000911
          p_y          -0.006931   0.000030
          p_z           0.004617   0.000005
          p_x           0.009486   0.000072

   10 H   s             0.050480   0.000944

   11 C   s             0.130484   0.002068
          p_y          -0.080898   0.003098
          p_z          -0.081644   0.003101
          p_x           0.238421   0.026765

   12 C   s             0.122581   0.003398
          p_y           0.036948   0.000674
          p_z          -0.064855   0.001783
          p_x          -0.012700   0.000134

   13 H   s             0.115340   0.005290

   14 H   s             0.051103   0.000969

   15 C   s             0.058166   0.000893
          p_y           0.005935   0.000028
          p_z           0.000730  -0.000001
          p_x          -0.012496   0.000098

   16 C   s             0.006439  -0.000044
          p_y          -0.058377   0.001609
          p_z           0.012355   0.000047
          p_x           0.104870   0.005389

   17 C   s             0.234724   0.009001
          p_y           0.019848   0.000168
          p_z          -0.271304   0.033393
          p_x           0.215126   0.021216

   18 H   s             0.305830   0.039724

   19 C   s             0.129914   0.002047
          p_y           0.149239   0.010486
          p_z          -0.153897   0.011093
          p_x          -0.152416   0.010989

   20 C   s             0.007270  -0.000049
          p_y           0.063254   0.001968
          p_z          -0.026059   0.000383
          p_x          -0.101735   0.004910

   21 C   s             0.114826   0.002989
          p_y          -0.034480   0.000588
          p_z           0.060389   0.001546
          p_x           0.011987   0.000119

   22 H   s             0.108025   0.004636

   23 C   s             0.234560   0.008994
          p_y           0.149963   0.010295
          p_z          -0.311821   0.044224
          p_x          -0.005695   0.000020

   24 H   s             0.499679   0.107280

   25 H   s             0.303718   0.039187

   26 H   s             0.110409   0.004845

   27 C   s             0.114377   0.002958
          p_y           0.003369   0.000015
          p_z           0.048467   0.000914
          p_x          -0.052216   0.001383

   28 C   s             0.120351   0.001742
          p_y          -0.139274   0.009135
          p_z           0.143681   0.009673
          p_x           0.142169   0.009563

   29 H   s             0.498706   0.106870

   30 C   s             0.120771   0.001758
          p_y           0.075190   0.002677
          p_z           0.076492   0.002725
          p_x          -0.222137   0.023242

   31 C   s             0.218472   0.007812
          p_y          -0.139607   0.008921
          p_z           0.290133   0.038280
          p_x           0.005479   0.000018

   32 H   s             0.282805   0.033969

   33 C   s             0.218100   0.007770
          p_y          -0.018514   0.000146
          p_z           0.251819   0.028766
          p_x          -0.199607   0.018269

   34 H   s             0.284244   0.034309

   35 H   s             0.464257   0.092616

   36 H   s             0.464143   0.092570

Eigenvector:  66    (down)

    1 C   s            -0.025915   0.000154
          p_y           0.001878   0.000004
          p_z           0.001618  -0.000003
          p_x          -0.005273   0.000013

    2 C   s            -0.023335  -0.000011
          p_y           0.055979   0.001542
          p_z          -0.042213   0.000980
          p_x          -0.071956   0.002383

    3 C   s            -0.025721   0.000151
          p_y          -0.003611   0.000005
          p_z           0.003560  -0.000002
          p_x           0.003877   0.000013

    4 C   s            -0.001118   0.000001
          p_y           0.011472   0.000071
          p_z          -0.043245   0.000999
          p_x           0.017923   0.000170

    5 C   s            -0.105503   0.002410
          p_y           0.000933   0.000003
          p_z           0.050406   0.000991
          p_x          -0.049199   0.001192

    6 H   s            -0.096234   0.003732

    7 C   s            -0.023986  -0.000008
          p_y          -0.040807   0.000754
          p_z          -0.011899   0.000105
          p_x           0.092678   0.004186

    8 C   s            -0.000910   0.000000
          p_y           0.014481   0.000111
          p_z          -0.044485   0.001054
          p_x           0.013082   0.000093

    9 C   s             0.030372   0.000216
          p_y          -0.003659   0.000006
          p_z           0.003579  -0.000002
          p_x           0.003956   0.000014

   10 H   s             0.001573   0.000001

   11 C   s            -0.131914   0.002349
          p_y           0.075616   0.002694
          p_z           0.071418   0.002348
          p_x          -0.218233   0.022285

   12 C   s            -0.105076   0.002382
          p_y          -0.034337   0.000567
          p_z           0.061630   0.001592
          p_x           0.010528   0.000091

   13 H   s            -0.098064   0.003875

   14 H   s             0.002168   0.000002

   15 C   s             0.029897   0.000208
          p_y           0.002665   0.000007
          p_z           0.001720  -0.000003
          p_x          -0.006939   0.000023

   16 C   s             0.023830  -0.000023
          p_y          -0.044397   0.000896
          p_z          -0.011127   0.000095
          p_x           0.099114   0.004796

   17 C   s            -0.219902   0.007803
          p_y          -0.020051   0.000176
          p_z           0.258650   0.030399
          p_x          -0.202852   0.018823

   18 H   s            -0.288853   0.035472

   19 C   s            -0.132513   0.002373
          p_y          -0.138119   0.008917
          p_z           0.138789   0.008945
          p_x           0.144488   0.009815

   20 C   s             0.024676  -0.000020
          p_y           0.061595   0.001864
          p_z          -0.044600   0.001093
          p_x          -0.080915   0.003018

   21 C   s             0.114031   0.002824
          p_y          -0.036155   0.000629
          p_z           0.065810   0.001815
          p_x           0.010231   0.000090

   22 H   s             0.104190   0.004369

   23 C   s            -0.220090   0.007812
          p_y          -0.142851   0.009326
          p_z           0.297467   0.040270
          p_x           0.005016   0.000014

   24 H   s            -0.470834   0.095081

   25 H   s            -0.290909   0.035970

   26 H   s             0.106568   0.004571

   27 C   s             0.113576   0.002793
          p_y           0.001869   0.000007
          p_z           0.053815   0.001129
          p_x          -0.054277   0.001453

   28 C   s             0.141044   0.002668
          p_y          -0.147767   0.010214
          p_z           0.149063   0.010326
          p_x           0.154022   0.011161

   29 H   s            -0.471759   0.095449

   30 C   s             0.141454   0.002688
          p_y           0.081891   0.003159
          p_z           0.077101   0.002740
          p_x          -0.236075   0.026078

   31 C   s             0.236278   0.009020
          p_y          -0.152764   0.010664
          p_z           0.318752   0.046233
          p_x           0.004792   0.000013

   32 H   s             0.310361   0.040943

   33 C   s             0.235848   0.008969
          p_y          -0.021132   0.000195
          p_z           0.277072   0.034878
          p_x          -0.218115   0.021765

   34 H   s             0.311724   0.041295

   35 H   s             0.505616   0.109648

   36 H   s             0.505389   0.109550

Eigenvector:  67    (down)

    1 C   s            -0.100486   0.003609
          p_y          -0.086511   0.003340
          p_z           0.042646   0.000586
          p_x           0.132515   0.008498

    2 C   s             0.003307   0.000006
          p_y           0.020162   0.000180
          p_z          -0.052746   0.001194
          p_x           0.009413   0.000033

    3 C   s             0.100545   0.003613
          p_y          -0.076569   0.002878
          p_z           0.008683   0.000089
          p_x           0.144674   0.009458

    4 C   s             0.217983   0.010867
          p_y          -0.167004   0.011363
          p_z           0.052639   0.001128
          p_x           0.283926   0.032848

    5 C   s             0.061844   0.001443
          p_y           0.073340   0.002671
          p_z           0.009769  -0.000010
          p_x          -0.155303   0.011121

    6 H   s            -0.008154   0.000026

    7 C   s            -0.003488   0.000007
          p_y          -0.009738   0.000037
          p_z           0.049343   0.001035
          p_x          -0.027060   0.000327

    8 C   s            -0.218009   0.010873
          p_y          -0.166863   0.011343
          p_z           0.052563   0.001125
          p_x           0.283718   0.032796

    9 C   s            -0.100321   0.003599
          p_y          -0.076513   0.002874
          p_z           0.008655   0.000088
          p_x           0.144591   0.009448

   10 H   s             0.441186   0.076764

   11 C   s            -0.160832   0.005000
          p_y           0.163722   0.011468
          p_z          -0.054189   0.001383
          p_x          -0.275769   0.031932

   12 C   s            -0.061847   0.001443
          p_y           0.094359   0.004065
          p_z          -0.062603   0.001505
          p_x          -0.129513   0.008214

   13 H   s             0.007999   0.000025

   14 H   s            -0.440985   0.076696

   15 C   s             0.100557   0.003612
          p_y          -0.086437   0.003334
          p_z           0.042635   0.000585
          p_x           0.132377   0.008480

   16 C   s             0.003381   0.000007
          p_y          -0.009777   0.000038
          p_z           0.049365   0.001036
          p_x          -0.027005   0.000326

   17 C   s            -0.022242  -0.000086
          p_y           0.077028   0.002609
          p_z           0.051321   0.001183
          p_x          -0.201553   0.017952

   18 H   s            -0.407303   0.066476

   19 C   s             0.160858   0.005002
          p_y           0.162341   0.011032
          p_z          -0.048379   0.000866
          p_x          -0.277670   0.032887

   20 C   s            -0.003098   0.000006
          p_y           0.020447   0.000185
          p_z          -0.052826   0.001198
          p_x           0.008921   0.000029

   21 C   s             0.062125   0.001454
          p_y           0.094371   0.004066
          p_z          -0.062524   0.001501
          p_x          -0.129610   0.008225

   22 H   s            -0.008026   0.000025

   23 C   s             0.022258  -0.000086
          p_y           0.125516   0.006965
          p_z          -0.115058   0.005887
          p_x          -0.142160   0.008896

   24 H   s            -0.180486   0.012935

   25 H   s             0.407334   0.066487

   26 H   s             0.008789   0.000030

   27 C   s            -0.061726   0.001440
          p_y           0.073411   0.002676
          p_z           0.009795  -0.000010
          p_x          -0.155475   0.011147

   28 C   s            -0.160709   0.004996
          p_y           0.162123   0.011001
          p_z          -0.048179   0.000858
          p_x          -0.277427   0.032827

   29 H   s             0.180544   0.012943

   30 C   s             0.161047   0.005012
          p_y           0.163865   0.011487
          p_z          -0.054021   0.001374
          p_x          -0.276199   0.032036

   31 C   s            -0.021880  -0.000086
          p_y           0.125303   0.006942
          p_z          -0.114589   0.005839
          p_x          -0.142164   0.008897

   32 H   s            -0.406925   0.066352

   33 C   s             0.022346  -0.000087
          p_y           0.076989   0.002606
          p_z           0.051460   0.001189
          p_x          -0.201649   0.017970

   34 H   s             0.407807   0.066641

   35 H   s            -0.179820   0.012837

   36 H   s             0.180810   0.012983

Eigenvector:  68    (down)

    1 C   s            -0.174018   0.005923
          p_y          -0.006933   0.000031
          p_z           0.056933   0.002013
          p_x          -0.039700   0.000969

    2 C   s            -0.040233  -0.000154
          p_y           0.088899   0.003217
          p_z           0.115139   0.007028
          p_x          -0.286125   0.037154

    3 C   s            -0.173951   0.005916
          p_y          -0.028456   0.000498
          p_z           0.063560   0.002505
          p_x          -0.003333   0.000008

    4 C   s            -0.272606   0.012227
          p_y           0.269300   0.030759
          p_z          -0.085057   0.003068
          p_x          -0.457733   0.088865

    5 C   s            -0.056903   0.000956
          p_y          -0.015305   0.000125
          p_z           0.064528   0.002550
          p_x          -0.030042   0.000626

    6 H   s            -0.248778   0.023299

    7 C   s            -0.040437  -0.000153
          p_y          -0.181483   0.015070
          p_z           0.200440   0.019774
          p_x           0.173302   0.012605

    8 C   s            -0.272698   0.012237
          p_y          -0.269340   0.030767
          p_z           0.085005   0.003064
          p_x           0.457862   0.088915

    9 C   s            -0.173955   0.005918
          p_y           0.028441   0.000498
          p_z          -0.063581   0.002506
          p_x           0.003382   0.000008

   10 H   s            -0.617258   0.147014

   11 C   s             0.170347   0.007342
          p_y          -0.043571   0.000773
          p_z           0.084689   0.003555
          p_x           0.007141  -0.000029

   12 C   s            -0.056889   0.000955
          p_y          -0.023116   0.000361
          p_z           0.066858   0.002796
          p_x          -0.017076   0.000142

   13 H   s            -0.249047   0.023351

   14 H   s            -0.617424   0.147094

   15 C   s            -0.173959   0.005919
          p_y           0.006921   0.000031
          p_z          -0.056951   0.002015
          p_x           0.039742   0.000971

   16 C   s            -0.040377  -0.000153
          p_y           0.181440   0.015063
          p_z          -0.200435   0.019774
          p_x          -0.173223   0.012594

   17 C   s             0.032020   0.000020
          p_y           0.006689   0.000034
          p_z          -0.053907   0.001490
          p_x           0.037337   0.000588

   18 H   s             0.146134   0.009082

   19 C   s             0.170521   0.007355
          p_y          -0.002012   0.000011
          p_z           0.071645   0.002735
          p_x          -0.063354   0.001563

   20 C   s            -0.040115  -0.000154
          p_y          -0.088800   0.003210
          p_z          -0.115201   0.007035
          p_x           0.285990   0.037121

   21 C   s            -0.056790   0.000952
          p_y           0.023143   0.000362
          p_z          -0.066847   0.002795
          p_x           0.017016   0.000141

   22 H   s            -0.248938   0.023330

   23 C   s             0.032048   0.000020
          p_y           0.026798   0.000313
          p_z          -0.060326   0.001794
          p_x           0.003310   0.000015

   24 H   s             0.075348   0.002331

   25 H   s             0.146552   0.009132

   26 H   s            -0.248556   0.023257

   27 C   s            -0.056896   0.000956
          p_y           0.015338   0.000125
          p_z          -0.064516   0.002549
          p_x           0.029964   0.000623

   28 C   s             0.170486   0.007351
          p_y           0.002002   0.000011
          p_z          -0.071603   0.002732
          p_x           0.063333   0.001562

   29 H   s             0.075553   0.002343

   30 C   s             0.170458   0.007350
          p_y           0.043658   0.000776
          p_z          -0.084658   0.003552
          p_x          -0.007337  -0.000030

   31 C   s             0.032141   0.000021
          p_y          -0.026811   0.000313
          p_z           0.060404   0.001798
          p_x          -0.003353   0.000016

   32 H   s             0.146518   0.009128

   33 C   s             0.032005   0.000020
          p_y          -0.006681   0.000034
          p_z           0.053917   0.001490
          p_x          -0.037380   0.000590

   34 H   s             0.146384   0.009112

   35 H   s             0.075676   0.002351

   36 H   s             0.075405   0.002335

Eigenvector:  69    (down)

    1 C   s             0.072422   0.000618
          p_y          -0.030256   0.000521
          p_z           0.089362   0.004908
          p_x          -0.023848   0.000415

    2 C   s             0.355649   0.026985
          p_y          -0.188495   0.014209
          p_z           0.061119   0.001446
          p_x           0.318426   0.040787

    3 C   s             0.072712   0.000627
          p_y          -0.021475   0.000318
          p_z           0.086494   0.004679
          p_x          -0.038800   0.000834

    4 C   s            -0.000223   0.000000
          p_y          -0.058283   0.001709
          p_z           0.198892   0.019895
          p_x          -0.071475   0.002568

    5 C   s             0.063450   0.000657
          p_y           0.022153   0.000347
          p_z          -0.082681   0.004683
          p_x           0.033545   0.000739

    6 H   s             0.538080   0.113830

    7 C   s             0.355017   0.026886
          p_y           0.186796   0.014050
          p_z          -0.057189   0.001363
          p_x          -0.319250   0.040801

    8 C   s             0.000014   0.000000
          p_y          -0.058358   0.001713
          p_z           0.198885   0.019894
          p_x          -0.071318   0.002558

    9 C   s            -0.072547   0.000621
          p_y          -0.021346   0.000315
          p_z           0.086411   0.004671
          p_x          -0.038975   0.000841

   10 H   s            -0.000284   0.000000

   11 C   s            -0.176915   0.007886
          p_y           0.049518   0.001011
          p_z          -0.098974   0.004947
          p_x          -0.005586  -0.000035

   12 C   s             0.063492   0.000658
          p_y           0.026707   0.000473
          p_z          -0.084032   0.004807
          p_x           0.026155   0.000490

   13 H   s             0.537010   0.113380

   14 H   s             0.000008   0.000000

   15 C   s            -0.072614   0.000624
          p_y          -0.030128   0.000517
          p_z           0.089272   0.004898
          p_x          -0.024022   0.000420

   16 C   s            -0.355255   0.026923
          p_y           0.186981   0.014078
          p_z          -0.057329   0.001370
          p_x          -0.319498   0.040862

   17 C   s            -0.035959   0.000064
          p_y          -0.001935   0.000005
          p_z           0.042769   0.000957
          p_x          -0.036348   0.000558

   18 H   s            -0.161339   0.010979

   19 C   s            -0.176433   0.007847
          p_y           0.004546   0.000035
          p_z          -0.084790   0.003900
          p_x           0.070628   0.001957

   20 C   s            -0.355235   0.026920
          p_y          -0.188237   0.014170
          p_z           0.060999   0.001439
          p_x           0.318031   0.040689

   21 C   s            -0.063394   0.000656
          p_y           0.026713   0.000473
          p_z          -0.084015   0.004807
          p_x           0.026133   0.000490

   22 H   s            -0.537446   0.113562

   23 C   s            -0.035938   0.000064
          p_y          -0.024894   0.000270
          p_z           0.049767   0.001234
          p_x           0.002835  -0.000005

   24 H   s            -0.068626   0.001942

   25 H   s            -0.160381   0.010853

   26 H   s            -0.537396   0.113542

   27 C   s            -0.063470   0.000658
          p_y           0.022175   0.000348
          p_z          -0.082712   0.004685
          p_x           0.033525   0.000738

   28 C   s             0.176695   0.007867
          p_y           0.004337   0.000033
          p_z          -0.084739   0.003896
          p_x           0.070995   0.001978

   29 H   s            -0.068199   0.001919

   30 C   s             0.176791   0.007876
          p_y           0.049388   0.001005
          p_z          -0.098870   0.004937
          p_x          -0.005418  -0.000035

   31 C   s             0.036043   0.000065
          p_y          -0.025084   0.000274
          p_z           0.050022   0.001245
          p_x           0.002978  -0.000005

   32 H   s             0.160924   0.010924

   33 C   s             0.035912   0.000063
          p_y          -0.002024   0.000006
          p_z           0.042666   0.000953
          p_x          -0.036090   0.000551

   34 H   s             0.161048   0.010941

   35 H   s             0.068559   0.001939

   36 H   s             0.068401   0.001930

Eigenvector:  70    (down)

    1 C   s             0.135345   0.006158
          p_y           0.084776   0.003423
          p_z          -0.031330   0.000647
          p_x          -0.139860   0.008561

    2 C   s            -0.243955   0.013651
          p_y           0.143284   0.008002
          p_z          -0.030640   0.000388
          p_x          -0.256843   0.025533

    3 C   s            -0.135719   0.006193
          p_y           0.082404   0.002937
          p_z          -0.023043   0.000103
          p_x          -0.142705   0.009549

    4 C   s             0.003822   0.000004
          p_y           0.005604   0.000008
          p_z          -0.022377   0.000138
          p_x           0.010007   0.000029

    5 C   s             0.025929   0.000231
          p_y           0.002512  -0.000007
          p_z          -0.010257  -0.000077
          p_x           0.004473  -0.000007

    6 H   s            -0.411013   0.065261

    7 C   s             0.238262   0.013033
          p_y           0.150009   0.008703
          p_z          -0.062560   0.001477
          p_x          -0.240726   0.022547

    8 C   s             0.003599   0.000003
          p_y          -0.005797   0.000009
          p_z           0.022611   0.000142
          p_x          -0.009843   0.000028

    9 C   s            -0.135847   0.006202
          p_y          -0.082462   0.002942
          p_z           0.023150   0.000105
          p_x           0.142721   0.009550

   10 H   s             0.004321   0.000007

   11 C   s             0.180882   0.006513
          p_y          -0.146972   0.008849
          p_z           0.069273   0.002119
          p_x           0.228105   0.020843

   12 C   s            -0.026914   0.000244
          p_y          -0.003757  -0.000005
          p_z           0.011518  -0.000075
          p_x          -0.003087  -0.000011

   13 H   s             0.402816   0.062658

   14 H   s             0.003944   0.000006

   15 C   s             0.135329   0.006159
          p_y          -0.084840   0.003428
          p_z           0.031426   0.000650
          p_x           0.139897   0.008565

   16 C   s             0.237681   0.012970
          p_y          -0.149724   0.008670
          p_z           0.062426   0.001470
          p_x           0.240289   0.022466

   17 C   s             0.012397  -0.000085
          p_y          -0.063048   0.001628
          p_z          -0.070797   0.002281
          p_x           0.192054   0.015686

   18 H   s             0.364876   0.052069

   19 C   s            -0.178656   0.006332
          p_y          -0.132468   0.007011
          p_z           0.019683   0.000109
          p_x           0.245236   0.024561

   20 C   s            -0.244293   0.013688
          p_y          -0.143373   0.008011
          p_z           0.030591   0.000387
          p_x           0.257071   0.025579

   21 C   s            -0.026787   0.000242
          p_y           0.003865  -0.000005
          p_z          -0.011664  -0.000074
          p_x           0.003012  -0.000011

   22 H   s             0.401993   0.062400

   23 C   s            -0.011885  -0.000082
          p_y          -0.120910   0.006236
          p_z           0.128041   0.007203
          p_x           0.120710   0.006031

   24 H   s             0.170574   0.011036

   25 H   s            -0.362864   0.051474

   26 H   s            -0.411419   0.065393

   27 C   s             0.025808   0.000229
          p_y          -0.002396  -0.000007
          p_z           0.010097  -0.000077
          p_x          -0.004558  -0.000007

   28 C   s            -0.178344   0.006310
          p_y           0.132399   0.007005
          p_z          -0.019750   0.000111
          p_x          -0.245039   0.024520

   29 H   s            -0.169593   0.010905

   30 C   s             0.181468   0.006559
          p_y           0.147240   0.008881
          p_z          -0.069390   0.002127
          p_x          -0.228520   0.020917

   31 C   s            -0.011579  -0.000081
          p_y           0.120798   0.006225
          p_z          -0.127733   0.007168
          p_x          -0.120764   0.006038

   32 H   s            -0.362494   0.051366

   33 C   s             0.012349  -0.000086
          p_y           0.063044   0.001628
          p_z           0.070806   0.002282
          p_x          -0.192093   0.015694

   34 H   s             0.365690   0.052304

   35 H   s            -0.169128   0.010843

   36 H   s             0.170656   0.011048

Eigenvector:  71    (down)

    1 C   s            -0.019770   0.000138
          p_y           0.031382   0.000705
          p_z          -0.103957   0.007499
          p_x           0.035324   0.000818

    2 C   s            -0.326927   0.023641
          p_y           0.164658   0.010866
          p_z          -0.096893   0.004257
          p_x          -0.237082   0.021385

    3 C   s            -0.017231   0.000105
          p_y           0.027828   0.000526
          p_z          -0.102791   0.007308
          p_x           0.041564   0.001223

    4 C   s             0.412352   0.040517
          p_y          -0.120645   0.005254
          p_z           0.038321   0.000530
          p_x           0.204880   0.015154

    5 C   s            -0.055196   0.000441
          p_y          -0.012221   0.000126
          p_z           0.052745   0.002062
          p_x          -0.025217   0.000410

    6 H   s            -0.465691   0.085404

    7 C   s            -0.331421   0.024307
          p_y          -0.138226   0.007196
          p_z          -0.001122   0.000007
          p_x           0.277261   0.030575

    8 C   s             0.412289   0.040505
          p_y           0.120594   0.005249
          p_z          -0.038269   0.000528
          p_x          -0.204829   0.015147

    9 C   s            -0.017262   0.000105
          p_y          -0.027841   0.000526
          p_z           0.102816   0.007311
          p_x          -0.041557   0.001223

   10 H   s             0.471173   0.088534

   11 C   s             0.124972   0.003962
          p_y          -0.032334   0.000429
          p_z           0.069941   0.002504
          p_x          -0.001352   0.000010

   12 C   s            -0.054660   0.000426
          p_y          -0.019307   0.000249
          p_z           0.054729   0.002189
          p_x          -0.013227   0.000159

   13 H   s            -0.473313   0.088193

   14 H   s             0.471067   0.088495

   15 C   s            -0.019771   0.000137
          p_y          -0.031398   0.000706
          p_z           0.103977   0.007501
          p_x          -0.035313   0.000818

   16 C   s            -0.331562   0.024328
          p_y           0.138292   0.007203
          p_z           0.001086   0.000007
          p_x          -0.277365   0.030597

   17 C   s             0.028480   0.000052
          p_y           0.002020   0.000004
          p_z          -0.034155   0.000590
          p_x           0.028079   0.000331

   18 H   s             0.110833   0.005184

   19 C   s             0.128280   0.004151
          p_y          -0.003743   0.000023
          p_z           0.061384   0.002073
          p_x          -0.050231   0.000981

   20 C   s            -0.326995   0.023651
          p_y          -0.164668   0.010867
          p_z           0.096876   0.004256
          p_x           0.237124   0.021392

   21 C   s            -0.054620   0.000425
          p_y           0.019337   0.000250
          p_z          -0.054764   0.002191
          p_x           0.013205   0.000159

   22 H   s            -0.473511   0.088266

   23 C   s             0.028710   0.000049
          p_y           0.021789   0.000205
          p_z          -0.042052   0.000853
          p_x          -0.003898  -0.000001

   24 H   s             0.053885   0.001186

   25 H   s             0.117505   0.005802

   26 H   s            -0.465766   0.085432

   27 C   s            -0.055227   0.000441
          p_y           0.012252   0.000126
          p_z          -0.052785   0.002065
          p_x           0.025192   0.000409

   28 C   s             0.128356   0.004156
          p_y           0.003723   0.000023
          p_z          -0.061397   0.002074
          p_x           0.050283   0.000983

   29 H   s             0.057028   0.001323

   30 C   s             0.125123   0.003971
          p_y           0.032404   0.000431
          p_z          -0.069966   0.002506
          p_x           0.001240   0.000009

   31 C   s             0.028791   0.000049
          p_y          -0.021820   0.000205
          p_z           0.042134   0.000856
          p_x           0.003884  -0.000001

   32 H   s             0.117600   0.005811

   33 C   s             0.028463   0.000052
          p_y          -0.002022   0.000004
          p_z           0.034152   0.000590
          p_x          -0.028083   0.000332

   34 H   s             0.111045   0.005203

   35 H   s             0.057152   0.001329

   36 H   s             0.053897   0.001187

Eigenvector:  72    (down)

    1 C   s             0.021253   0.000146
          p_y          -0.000810   0.000004
          p_z           0.035315   0.001091
          p_x          -0.031614   0.000617

    2 C   s             0.277385   0.017034
          p_y          -0.153491   0.008863
          p_z           0.049360   0.000855
          p_x           0.259597   0.025656

    3 C   s            -0.021321   0.000146
          p_y           0.021787   0.000309
          p_z          -0.041911   0.001418
          p_x          -0.003994  -0.000015

    4 C   s            -0.306217   0.020596
          p_y           0.168047   0.010683
          p_z          -0.053140   0.001069
          p_x          -0.285526   0.030839

    5 C   s            -0.087717   0.002549
          p_y          -0.032483   0.000358
          p_z          -0.003720   0.000048
          p_x           0.068434   0.002331

    6 H   s             0.430772   0.070422

    7 C   s            -0.277881   0.017094
          p_y          -0.152910   0.008919
          p_z           0.047317   0.000914
          p_x           0.260900   0.025656

    8 C   s             0.306191   0.020591
          p_y           0.168078   0.010687
          p_z          -0.053147   0.001069
          p_x          -0.285583   0.030852

    9 C   s             0.021285   0.000146
          p_y           0.021755   0.000308
          p_z          -0.041920   0.001419
          p_x          -0.003923  -0.000014

   10 H   s            -0.473467   0.084788

   11 C   s            -0.117462   0.002620
          p_y           0.088096   0.003093
          p_z          -0.044965   0.000831
          p_x          -0.133489   0.007031

   12 C   s             0.087644   0.002546
          p_y          -0.041687   0.000900
          p_z           0.027249   0.000631
          p_x           0.057274   0.001212

   13 H   s            -0.431506   0.070663

   14 H   s             0.473509   0.084802

   15 C   s            -0.021158   0.000145
          p_y          -0.000839   0.000004
          p_z           0.035312   0.001091
          p_x          -0.031554   0.000615

   16 C   s             0.277893   0.017094
          p_y          -0.152967   0.008926
          p_z           0.047279   0.000912
          p_x           0.261056   0.025689

   17 C   s            -0.007688  -0.000037
          p_y           0.037295   0.000544
          p_z           0.058466   0.001523
          p_x          -0.129198   0.006911

   18 H   s            -0.217261   0.018141

   19 C   s             0.117803   0.002637
          p_y           0.077136   0.002343
          p_z          -0.006839   0.000014
          p_x          -0.147157   0.008617

   20 C   s            -0.277561   0.017057
          p_y          -0.153498   0.008863
          p_z           0.049299   0.000852
          p_x           0.259671   0.025670

   21 C   s            -0.087540   0.002540
          p_y          -0.041646   0.000898
          p_z           0.027182   0.000628
          p_x           0.057256   0.001211

   22 H   s             0.431641   0.070706

   23 C   s             0.007700  -0.000037
          p_y           0.082418   0.002824
          p_z          -0.096106   0.003979
          p_x          -0.073965   0.002173

   24 H   s            -0.117141   0.005046

   25 H   s             0.217589   0.018197

   26 H   s            -0.430936   0.070477

   27 C   s             0.087717   0.002548
          p_y          -0.032431   0.000356
          p_z          -0.003828   0.000049
          p_x           0.068431   0.002331

   28 C   s            -0.117774   0.002637
          p_y           0.077115   0.002341
          p_z          -0.006855   0.000014
          p_x          -0.147102   0.008610

   29 H   s             0.117139   0.005047

   30 C   s             0.117872   0.002640
          p_y           0.088335   0.003109
          p_z          -0.045050   0.000834
          p_x          -0.133879   0.007072

   31 C   s            -0.007526  -0.000036
          p_y           0.082433   0.002825
          p_z          -0.096046   0.003975
          p_x          -0.074043   0.002179

   32 H   s            -0.217533   0.018188

   33 C   s             0.007539  -0.000036
          p_y           0.037319   0.000544
          p_z           0.058364   0.001518
          p_x          -0.129176   0.006909

   34 H   s             0.217904   0.018248

   35 H   s            -0.117003   0.005034

   36 H   s             0.117029   0.005037

Eigenvector:  73    (down)

    1 C   s             0.009288   0.000019
          p_y          -0.044824   0.000937
          p_z           0.162794   0.012166
          p_x          -0.064070   0.001843

    2 C   s             0.005361  -0.000012
          p_y          -0.116537   0.005894
          p_z           0.240450   0.026070
          p_x           0.005696  -0.000008

    3 C   s             0.009371   0.000019
          p_y          -0.051292   0.001188
          p_z           0.164744   0.012422
          p_x          -0.053247   0.001332

    4 C   s            -0.000250   0.000000
          p_y          -0.060116   0.001616
          p_z           0.204256   0.018661
          p_x          -0.072856   0.002375

    5 C   s             0.023426  -0.000033
          p_y          -0.049862   0.001215
          p_z           0.214443   0.022526
          p_x          -0.102384   0.005148

    6 H   s             0.075609   0.001936

    7 C   s             0.005383  -0.000012
          p_y          -0.015110   0.000139
          p_z           0.208465   0.019879
          p_x          -0.166533   0.011932

    8 C   s            -0.000290   0.000000
          p_y          -0.059718   0.001595
          p_z           0.204131   0.018638
          p_x          -0.073531   0.002418

    9 C   s            -0.009076   0.000018
          p_y          -0.051252   0.001186
          p_z           0.164433   0.012376
          p_x          -0.053031   0.001320

   10 H   s             0.000189   0.000000

   11 C   s             0.289801   0.018767
          p_y          -0.190211   0.013994
          p_z           0.199918   0.016749
          p_x           0.191216   0.012981

   12 C   s             0.023368  -0.000033
          p_y          -0.078389   0.003016
          p_z           0.223229   0.024421
          p_x          -0.054374   0.001442

   13 H   s             0.075665   0.001939

   14 H   s             0.000154   0.000000

   15 C   s            -0.008843   0.000017
          p_y          -0.044750   0.000933
          p_z           0.162475   0.012118
          p_x          -0.063919   0.001836

   16 C   s            -0.005767  -0.000012
          p_y          -0.015393   0.000143
          p_z           0.207931   0.019776
          p_x          -0.165467   0.011779

   17 C   s            -0.075443   0.001311
          p_y          -0.010161  -0.000004
          p_z           0.172433   0.010427
          p_x          -0.141717   0.008165

   18 H   s             0.400782   0.060281

   19 C   s             0.289789   0.018766
          p_y           0.100082   0.003458
          p_z           0.108618   0.005406
          p_x          -0.301457   0.034852

   20 C   s            -0.005880  -0.000012
          p_y          -0.115947   0.005834
          p_z           0.239659   0.025898
          p_x           0.005264  -0.000008

   21 C   s            -0.022882  -0.000035
          p_y          -0.078026   0.002988
          p_z           0.222266   0.024210
          p_x          -0.054191   0.001431

   22 H   s            -0.075138   0.001913

   23 C   s            -0.075505   0.001313
          p_y          -0.098758   0.003892
          p_z           0.200256   0.014614
          p_x           0.008478   0.000084

   24 H   s            -0.232940   0.019490

   25 H   s             0.400761   0.060274

   26 H   s            -0.075317   0.001922

   27 C   s            -0.023268  -0.000033
          p_y          -0.049554   0.001199
          p_z           0.213374   0.022298
          p_x          -0.101996   0.005109

   28 C   s            -0.288713   0.018635
          p_y           0.099492   0.003416
          p_z           0.108256   0.005370
          p_x          -0.299945   0.034498

   29 H   s            -0.232986   0.019498

   30 C   s            -0.288001   0.018535
          p_y          -0.188989   0.013817
          p_z           0.199027   0.016603
          p_x           0.189630   0.012762

   31 C   s             0.075575   0.001317
          p_y          -0.098340   0.003858
          p_z           0.199496   0.014502
          p_x           0.008369   0.000082

   32 H   s            -0.398913   0.059722

   33 C   s             0.074636   0.001281
          p_y          -0.010083  -0.000004
          p_z           0.171226   0.010281
          p_x          -0.140786   0.008060

   34 H   s            -0.398022   0.059457

   35 H   s             0.232290   0.019384

   36 H   s             0.231285   0.019212

Eigenvector:  74    (down)

    1 C   s             0.074136   0.001596
          p_y          -0.023897   0.000327
          p_z           0.070714   0.002359
          p_x          -0.019030   0.000079

    2 C   s            -0.084630   0.002382
          p_y          -0.129110   0.007243
          p_z           0.163832   0.012052
          p_x           0.103128   0.004390

    3 C   s             0.074315   0.001604
          p_y          -0.017057   0.000088
          p_z           0.068581   0.002104
          p_x          -0.030761   0.000576

    4 C   s            -0.112529   0.003907
          p_y          -0.081518   0.002867
          p_z           0.025194   0.000274
          p_x           0.139037   0.008341

    5 C   s             0.055826   0.000495
          p_y          -0.050434   0.001312
          p_z           0.205182   0.020824
          p_x          -0.092594   0.004043

    6 H   s             0.088165   0.002349

    7 C   s            -0.084511   0.002377
          p_y           0.049591   0.000992
          p_z           0.107495   0.005328
          p_x          -0.200397   0.017374

    8 C   s            -0.112689   0.003917
          p_y           0.081782   0.002886
          p_z          -0.026314   0.000299
          p_x          -0.138506   0.008277

    9 C   s             0.074358   0.001605
          p_y           0.017360   0.000092
          p_z          -0.069506   0.002162
          p_x           0.031029   0.000585

   10 H   s             0.068792   0.001340

   11 C   s             0.259140   0.014391
          p_y          -0.203851   0.016068
          p_z           0.185532   0.014144
          p_x           0.231993   0.019828

   12 C   s             0.055717   0.000492
          p_y          -0.071758   0.002454
          p_z           0.211713   0.022014
          p_x          -0.056753   0.001699

   13 H   s             0.088317   0.002358

   14 H   s             0.068582   0.001330

   15 C   s             0.074161   0.001597
          p_y           0.024183   0.000334
          p_z          -0.071691   0.002424
          p_x           0.019383   0.000084

   16 C   s            -0.084555   0.002380
          p_y          -0.049396   0.000984
          p_z          -0.108649   0.005441
          p_x           0.201100   0.017496

   17 C   s            -0.083612   0.001443
          p_y          -0.014403   0.000025
          p_z           0.205360   0.015233
          p_x          -0.164209   0.010863

   18 H   s             0.414078   0.063362

   19 C   s             0.259144   0.014393
          p_y           0.125795   0.005754
          p_z           0.081857   0.003034
          p_x          -0.327487   0.041242

   20 C   s            -0.084414   0.002374
          p_y           0.129793   0.007319
          p_z          -0.165161   0.012248
          p_x          -0.103238   0.004397

   21 C   s             0.055592   0.000486
          p_y           0.072184   0.002484
          p_z          -0.213023   0.022286
          p_x           0.057141   0.001721

   22 H   s             0.088493   0.002367

   23 C   s            -0.083701   0.001447
          p_y          -0.114872   0.005241
          p_z           0.236928   0.020839
          p_x           0.006099   0.000050

   24 H   s            -0.267839   0.025663

   25 H   s             0.414059   0.063356

   26 H   s             0.088777   0.002384

   27 C   s             0.056058   0.000499
          p_y           0.050641   0.001323
          p_z          -0.206245   0.021036
          p_x           0.093186   0.004095

   28 C   s             0.260965   0.014606
          p_y          -0.126347   0.005802
          p_z          -0.082495   0.003081
          p_x           0.329191   0.041665

   29 H   s            -0.267923   0.025680

   30 C   s             0.260024   0.014489
          p_y           0.204571   0.016184
          p_z          -0.186614   0.014314
          p_x          -0.232425   0.019898

   31 C   s            -0.084698   0.001484
          p_y           0.115560   0.005302
          p_z          -0.238452   0.021105
          p_x          -0.006046   0.000050

   32 H   s             0.416421   0.064085

   33 C   s            -0.083479   0.001436
          p_y           0.014444   0.000025
          p_z          -0.205984   0.015326
          p_x           0.164771   0.010941

   34 H   s             0.415285   0.063734

   35 H   s            -0.269892   0.026063

   36 H   s            -0.268581   0.025803

Eigenvector:  75    (down)

    1 C   s            -0.026504   0.000152
          p_y          -0.030282   0.000425
          p_z           0.004541   0.000015
          p_x           0.056155   0.001404

    2 C   s            -0.050705   0.000847
          p_y          -0.023082   0.000283
          p_z           0.042029   0.000939
          p_x           0.006506   0.000022

    3 C   s             0.026485   0.000152
          p_y          -0.033523   0.000497
          p_z           0.015714   0.000094
          p_x           0.052147   0.001252

    4 C   s            -0.040139   0.000369
          p_y           0.009169   0.000032
          p_z          -0.004958   0.000018
          p_x          -0.013621   0.000046

    5 C   s             0.279502   0.023086
          p_y           0.054637   0.001307
          p_z          -0.115644   0.006081
          p_x          -0.000264  -0.000000

    6 H   s            -0.003224   0.000005

    7 C   s             0.050689   0.000846
          p_y          -0.000815   0.000000
          p_z          -0.034389   0.000630
          p_x           0.034006   0.000612

    8 C   s             0.040179   0.000370
          p_y           0.007711   0.000013
          p_z          -0.000180  -0.000000
          p_x          -0.015242   0.000083

    9 C   s             0.045118   0.000576
          p_y           0.016684   0.000124
          p_z          -0.017669   0.000146
          p_x          -0.016641   0.000118

   10 H   s            -0.033181   0.000401

   11 C   s            -0.388179   0.040536
          p_y           0.083351   0.001684
          p_z          -0.036514   0.000172
          p_x          -0.131691   0.004709

   12 C   s            -0.279481   0.023082
          p_y          -0.008698   0.000044
          p_z           0.101154   0.004717
          p_x          -0.077826   0.002628

   13 H   s             0.003069   0.000005

   14 H   s             0.033120   0.000399

   15 C   s            -0.045136   0.000577
          p_y           0.008597   0.000031
          p_z           0.009918   0.000048
          p_x          -0.026532   0.000313

   16 C   s             0.008458   0.000018
          p_y          -0.005424   0.000014
          p_z           0.014289   0.000107
          p_x          -0.002642   0.000005

   17 C   s             0.566394   0.079179
          p_y           0.010871   0.000083
          p_z          -0.392072   0.052578
          p_x           0.346684   0.038435

   18 H   s            -0.341953   0.042202

   19 C   s             0.388063   0.040515
          p_y           0.076540   0.001620
          p_z          -0.013763   0.000114
          p_x          -0.139706   0.004813

   20 C   s            -0.008484   0.000018
          p_y           0.002584   0.000005
          p_z          -0.013164   0.000094
          p_x           0.007248   0.000023

   21 C   s            -0.059264   0.001024
          p_y          -0.003311   0.000004
          p_z          -0.015784   0.000112
          p_x           0.021451   0.000201

   22 H   s             0.006017   0.000013

   23 C   s            -0.566322   0.079160
          p_y          -0.239142   0.018446
          p_z           0.463741   0.072314
          p_x           0.040713   0.000292

   24 H   s             0.725552   0.187028

   25 H   s             0.341754   0.042154

   26 H   s            -0.006084   0.000013

   27 C   s             0.059309   0.001025
          p_y          -0.014212   0.000088
          p_z           0.021575   0.000207
          p_x           0.008062   0.000027

   28 C   s             0.067520   0.001252
          p_y          -0.012697   0.000042
          p_z           0.002772   0.000004
          p_x           0.022716   0.000120

   29 H   s            -0.725419   0.186960

   30 C   s            -0.067623   0.001256
          p_y          -0.013565   0.000042
          p_z           0.005743   0.000004
          p_x           0.021622   0.000120

   31 C   s            -0.104502   0.002671
          p_y           0.047015   0.000721
          p_z          -0.090152   0.002761
          p_x          -0.008953   0.000016

   32 H   s             0.058501   0.001234

   33 C   s             0.104552   0.002672
          p_y          -0.001549   0.000002
          p_z           0.076049   0.001999
          p_x          -0.068388   0.001513

   34 H   s            -0.058533   0.001235

   35 H   s            -0.138144   0.006768

   36 H   s             0.138405   0.006793

Eigenvector:  76    (down)

    1 C   s             0.038378   0.000444
          p_y          -0.002404   0.000004
          p_z           0.011775   0.000073
          p_x          -0.006330   0.000018

    2 C   s            -0.011082   0.000048
          p_y          -0.006257   0.000018
          p_z           0.001813   0.000002
          p_x           0.010798   0.000054

    3 C   s            -0.038075   0.000437
          p_y           0.005045   0.000012
          p_z          -0.013521   0.000093
          p_x           0.002700   0.000005

    4 C   s            -0.059028   0.000800
          p_y           0.011944   0.000038
          p_z          -0.002851  -0.000002
          p_x          -0.021170   0.000147

    5 C   s             0.045501   0.000623
          p_y           0.006082   0.000016
          p_z          -0.022140   0.000228
          p_x           0.008682   0.000038

    6 H   s             0.005320   0.000009

    7 C   s             0.010470   0.000043
          p_y          -0.005792   0.000016
          p_z           0.001397   0.000001
          p_x           0.010232   0.000049

    8 C   s             0.058645   0.000788
          p_y           0.013179   0.000059
          p_z          -0.006223   0.000022
          p_x          -0.020439   0.000117

    9 C   s            -0.010784   0.000012
          p_y          -0.029276   0.000379
          p_z           0.009113   0.000026
          p_x           0.049897   0.001157

   10 H   s            -0.048400   0.000853

   11 C   s            -0.078749   0.001638
          p_y           0.017721   0.000079
          p_z          -0.008242   0.000010
          p_x          -0.027552   0.000214

   12 C   s            -0.045207   0.000616
          p_y          -0.006900   0.000023
          p_z           0.022278   0.000234
          p_x          -0.007202   0.000022

   13 H   s            -0.005052   0.000008

   14 H   s             0.048605   0.000859

   15 C   s             0.010856   0.000013
          p_y          -0.028936   0.000393
          p_z           0.007809   0.000039
          p_x           0.050379   0.001130

   16 C   s            -0.051311   0.000879
          p_y          -0.002651   0.000003
          p_z          -0.032296   0.000554
          p_x           0.035700   0.000666

   17 C   s             0.108449   0.002932
          p_y           0.002577   0.000004
          p_z          -0.071026   0.001704
          p_x           0.061593   0.001195

   18 H   s            -0.070021   0.001772

   19 C   s             0.078764   0.001636
          p_y           0.016475   0.000079
          p_z          -0.002651   0.000005
          p_x          -0.030363   0.000240

   20 C   s             0.051564   0.000887
          p_y          -0.023486   0.000290
          p_z           0.039185   0.000817
          p_x           0.009994   0.000050

   21 C   s             0.277047   0.022705
          p_y          -0.010416   0.000061
          p_z           0.101610   0.004768
          p_x          -0.074835   0.002429

   22 H   s            -0.001156   0.000001

   23 C   s            -0.108648   0.002940
          p_y          -0.042892   0.000586
          p_z           0.084190   0.002356
          p_x           0.006351   0.000006

   24 H   s             0.134074   0.006399

   25 H   s             0.070723   0.001806

   26 H   s             0.001415   0.000001

   27 C   s            -0.277339   0.022750
          p_y           0.053283   0.001243
          p_z          -0.116588   0.006187
          p_x           0.003334   0.000011

   28 C   s            -0.389952   0.040851
          p_y           0.077370   0.001663
          p_z          -0.014328   0.000123
          p_x          -0.140819   0.004902

   29 H   s            -0.134686   0.006457

   30 C   s             0.390433   0.040956
          p_y           0.084096   0.001720
          p_z          -0.037825   0.000196
          p_x          -0.131981   0.004729

   31 C   s             0.566968   0.079388
          p_y          -0.238377   0.018311
          p_z           0.462198   0.071759
          p_x           0.040599   0.000290

   32 H   s            -0.343779   0.042651

   33 C   s            -0.567148   0.079415
          p_y           0.011147   0.000086
          p_z          -0.391607   0.052414
          p_x           0.345844   0.038216

   34 H   s             0.343681   0.042634

   35 H   s             0.724318   0.186392

   36 H   s            -0.725481   0.186983

Eigenvector:  77    (down)

    1 C   s             0.038460   0.000420
          p_y           0.109912   0.004955
          p_z          -0.375553   0.059609
          p_x           0.134888   0.008060

    2 C   s            -0.136027   0.005226
          p_y          -0.028856   0.000297
          p_z          -0.220297   0.020212
          p_x           0.265501   0.028452

    3 C   s             0.038232   0.000415
          p_y           0.110459   0.005340
          p_z          -0.375516   0.059956
          p_x           0.134139   0.007282

    4 C   s             0.000044   0.000000
          p_y           0.102410   0.004338
          p_z          -0.348983   0.050379
          p_x           0.125103   0.006474

    5 C   s             0.069139   0.001217
          p_y           0.042882   0.000640
          p_z          -0.128539   0.006537
          p_x           0.035367   0.000639

    6 H   s             0.082631   0.001757

    7 C   s            -0.135915   0.005218
          p_y           0.177078   0.012695
          p_z          -0.285084   0.033508
          p_x          -0.084457   0.002719

    8 C   s             0.000073   0.000000
          p_y           0.102331   0.004331
          p_z          -0.348921   0.050358
          p_x           0.125202   0.006484

    9 C   s            -0.038096   0.000412
          p_y           0.110549   0.005349
          p_z          -0.375511   0.059955
          p_x           0.133951   0.007260

   10 H   s             0.000010   0.000000

   11 C   s            -0.013947   0.000137
          p_y          -0.121692   0.005291
          p_z          -0.048437   0.001229
          p_x           0.288359   0.031894

   12 C   s             0.069347   0.001224
          p_y           0.031170   0.000461
          p_z          -0.124779   0.006337
          p_x           0.055455   0.001019

   13 H   s             0.082658   0.001759

   14 H   s            -0.000052   0.000000

   15 C   s            -0.038700   0.000425
          p_y           0.109970   0.004960
          p_z          -0.375454   0.059577
          p_x           0.134684   0.008036

   16 C   s             0.136124   0.005233
          p_y           0.177055   0.012692
          p_z          -0.284876   0.033456
          p_x          -0.084610   0.002730

   17 C   s            -0.077232   0.000855
          p_y           0.002097   0.000004
          p_z           0.141868   0.007336
          p_x          -0.137511   0.007157

   18 H   s             0.220927   0.015439

   19 C   s            -0.013915   0.000136
          p_y           0.177764   0.012214
          p_z          -0.142652   0.008654
          p_x          -0.219939   0.017553

   20 C   s             0.135948   0.005220
          p_y          -0.028900   0.000298
          p_z          -0.220283   0.020212
          p_x           0.265578   0.028468

   21 C   s            -0.069901   0.001245
          p_y           0.031119   0.000460
          p_z          -0.124741   0.006333
          p_x           0.055523   0.001022

   22 H   s            -0.082623   0.001757

   23 C   s            -0.077275   0.000857
          p_y          -0.093781   0.003314
          p_z           0.171904   0.010886
          p_x           0.025232   0.000274

   24 H   s            -0.189166   0.012126

   25 H   s             0.220952   0.015443

   26 H   s            -0.082733   0.001762

   27 C   s            -0.068599   0.001197
          p_y           0.042740   0.000635
          p_z          -0.128184   0.006500
          p_x           0.035314   0.000637

   28 C   s             0.014460   0.000144
          p_y           0.177651   0.012201
          p_z          -0.142525   0.008639
          p_x          -0.219835   0.017542

   29 H   s            -0.189076   0.012115

   30 C   s             0.013395   0.000129
          p_y          -0.121814   0.005300
          p_z          -0.048180   0.001217
          p_x           0.288372   0.031890

   31 C   s             0.076500   0.000834
          p_y          -0.093430   0.003291
          p_z           0.171345   0.010820
          p_x           0.025063   0.000271

   32 H   s            -0.220528   0.015380

   33 C   s             0.078009   0.000878
          p_y           0.002057   0.000004
          p_z           0.142567   0.007407
          p_x          -0.138126   0.007216

   34 H   s            -0.221315   0.015497

   35 H   s             0.188143   0.011994

   36 H   s             0.190378   0.012283

Eigenvector:  78    (down)

    1 C   s             0.571143   0.083039
          p_y           0.179556   0.014083
          p_z          -0.014073   0.000078
          p_x          -0.345376   0.052307

    2 C   s             0.068709   0.000628
          p_y           0.006239   0.000055
          p_z          -0.141663   0.010678
          p_x           0.121203   0.006477

    3 C   s            -0.571288   0.083086
          p_y           0.207252   0.018844
          p_z          -0.108463   0.005219
          p_x          -0.311488   0.042409

    4 C   s             0.000323   0.000000
          p_y          -0.064136   0.002093
          p_z           0.219032   0.024402
          p_x          -0.078760   0.003153

    5 C   s            -0.317409   0.026262
          p_y          -0.079972   0.002768
          p_z          -0.050782   0.001211
          p_x           0.207443   0.018992

    6 H   s             0.086136   0.002566

    7 C   s            -0.068630   0.000626
          p_y          -0.083814   0.003182
          p_z           0.165744   0.013988
          p_x           0.010986  -0.000042

    8 C   s             0.000264   0.000000
          p_y           0.064153   0.002094
          p_z          -0.219110   0.024417
          p_x           0.078800   0.003156

    9 C   s            -0.571316   0.083095
          p_y          -0.207209   0.018836
          p_z           0.108374   0.005211
          p_x           0.311488   0.042408

   10 H   s            -0.000029  -0.000000

   11 C   s            -0.071810   0.000863
          p_y           0.021039   0.000091
          p_z           0.038752   0.000979
          p_x          -0.078450   0.002544

   12 C   s             0.317412   0.026261
          p_y          -0.128993   0.007358
          p_z           0.116182   0.006105
          p_x           0.147703   0.009484

   13 H   s            -0.085988   0.002558

   14 H   s            -0.000067   0.000000

   15 C   s             0.571147   0.083041
          p_y          -0.179508   0.014075
          p_z           0.013969   0.000077
          p_x           0.345380   0.052308

   16 C   s            -0.068537   0.000623
          p_y           0.083861   0.003186
          p_z          -0.165787   0.013995
          p_x          -0.011040  -0.000042

   17 C   s             0.151932   0.006090
          p_y           0.028305   0.000342
          p_z          -0.010663  -0.000001
          p_x          -0.046358   0.001119

   18 H   s            -0.085841   0.002558

   19 C   s             0.071842   0.000863
          p_y           0.050672   0.001097
          p_z          -0.061538   0.002064
          p_x          -0.043080   0.000499

   20 C   s             0.068705   0.000628
          p_y          -0.006255   0.000055
          p_z           0.141612   0.010671
          p_x          -0.121125   0.006469

   21 C   s             0.317284   0.026239
          p_y           0.128997   0.007358
          p_z          -0.116209   0.006108
          p_x          -0.147685   0.009482

   22 H   s            -0.085999   0.002558

   23 C   s            -0.152131   0.006103
          p_y           0.026982   0.000391
          p_z          -0.006519   0.000055
          p_x          -0.047650   0.001002

   24 H   s             0.060351   0.001437

   25 H   s             0.086278   0.002583

   26 H   s             0.086087   0.002563

   27 C   s            -0.317313   0.026246
          p_y           0.079964   0.002768
          p_z           0.050811   0.001213
          p_x          -0.207457   0.018994

   28 C   s             0.071954   0.000867
          p_y          -0.050639   0.001095
          p_z           0.061518   0.002063
          p_x           0.043032   0.000497

   29 H   s            -0.060685   0.001451

   30 C   s            -0.071901   0.000866
          p_y          -0.021095   0.000092
          p_z          -0.038696   0.000977
          p_x           0.078513   0.002548

   31 C   s            -0.152228   0.006111
          p_y          -0.026950   0.000391
          p_z           0.006492   0.000054
          p_x           0.047614   0.001001

   32 H   s             0.086292   0.002584

   33 C   s             0.152069   0.006100
          p_y          -0.028311   0.000342
          p_z           0.010821  -0.000000
          p_x           0.046211   0.001113

   34 H   s            -0.085958   0.002565

   35 H   s            -0.060769   0.001455

   36 H   s             0.060608   0.001448

Eigenvector:  79    (down)

    1 C   s             0.229284   0.014514
          p_y          -0.114492   0.006059
          p_z           0.215334   0.019423
          p_x           0.025287   0.000518

    2 C   s            -0.281528   0.019515
          p_y          -0.086390   0.003351
          p_z           0.196013   0.015406
          p_x          -0.012391  -0.000041

    3 C   s             0.226269   0.014165
          p_y          -0.000435  -0.000003
          p_z           0.180815   0.013074
          p_x          -0.169962   0.013578

    4 C   s            -0.442381   0.049018
          p_y          -0.137575   0.007888
          p_z           0.043579   0.000792
          p_x           0.233672   0.022752

    5 C   s             0.133235   0.004996
          p_y          -0.141607   0.008593
          p_z           0.305960   0.038517
          p_x          -0.005724  -0.000014

    6 H   s            -0.084311   0.002824

    7 C   s            -0.281781   0.019560
          p_y          -0.023121   0.000100
          p_z           0.177927   0.012208
          p_x          -0.121666   0.006828

    8 C   s            -0.444916   0.049501
          p_y           0.136946   0.007823
          p_z          -0.043476   0.000789
          p_x          -0.232514   0.022549

    9 C   s             0.228246   0.014387
          p_y           0.001358  -0.000007
          p_z          -0.179877   0.012933
          p_x           0.167230   0.013164

   10 H   s            -0.011800   0.000204

   11 C   s            -0.124142   0.003472
          p_y           0.079048   0.001693
          p_z           0.113903   0.005812
          p_x          -0.264768   0.024013

   12 C   s             0.138644   0.005388
          p_y          -0.028855   0.000260
          p_z           0.270747   0.029711
          p_x          -0.197943   0.016947

   13 H   s            -0.084297   0.002823

   14 H   s            -0.013813   0.000249

   15 C   s             0.227257   0.014284
          p_y           0.116293   0.006243
          p_z          -0.217380   0.019798
          p_x          -0.026951   0.000571

   16 C   s            -0.281064   0.019449
          p_y           0.022820   0.000095
          p_z          -0.176245   0.011951
          p_x           0.120683   0.006716

   17 C   s             0.164363   0.005516
          p_y          -0.061670   0.001729
          p_z          -0.015946  -0.000052
          p_x           0.137915   0.007286

   18 H   s            -0.238295   0.017864

   19 C   s            -0.123933   0.003467
          p_y          -0.167660   0.009769
          p_z           0.190213   0.014348
          p_x           0.155270   0.007017

   20 C   s            -0.282030   0.019596
          p_y           0.086975   0.003400
          p_z          -0.197828   0.015720
          p_x           0.012936  -0.000040

   21 C   s             0.133376   0.005004
          p_y           0.027496   0.000231
          p_z          -0.270037   0.029551
          p_x           0.199989   0.017300

   22 H   s            -0.084237   0.002819

   23 C   s             0.161522   0.005305
          p_y           0.085218   0.002726
          p_z          -0.062293   0.000980
          p_x          -0.111291   0.005452

   24 H   s             0.156889   0.008425

   25 H   s            -0.237670   0.017769

   26 H   s            -0.084485   0.002835

   27 C   s             0.138436   0.005374
          p_y           0.140389   0.008445
          p_z          -0.305718   0.038454
          p_x           0.007927  -0.000012

   28 C   s            -0.123594   0.003441
          p_y           0.168452   0.009876
          p_z          -0.191754   0.014609
          p_x          -0.155400   0.007024

   29 H   s             0.156113   0.008332

   30 C   s            -0.124374   0.003492
          p_y          -0.079227   0.001705
          p_z          -0.112358   0.005648
          p_x           0.263679   0.023785

   31 C   s             0.164057   0.005491
          p_y          -0.084414   0.002669
          p_z           0.062024   0.000965
          p_x           0.109948   0.005321

   32 H   s            -0.237997   0.017816

   33 C   s             0.161814   0.005326
          p_y           0.062356   0.001767
          p_z           0.016035  -0.000051
          p_x          -0.139396   0.007456

   34 H   s            -0.238030   0.017825

   35 H   s             0.156788   0.008413

   36 H   s             0.156512   0.008374

Eigenvector:  80    (down)

    1 C   s            -0.234912   0.012491
          p_y          -0.179540   0.013769
          p_z           0.202258   0.017491
          p_x           0.167629   0.011990

    2 C   s            -0.035334   0.000459
          p_y          -0.070596   0.002372
          p_z           0.196545   0.018376
          p_x          -0.044481   0.000940

    3 C   s             0.237240   0.012767
          p_y          -0.085225   0.003093
          p_z          -0.117327   0.005897
          p_x           0.281056   0.033718

    4 C   s            -0.239185   0.009815
          p_y           0.069329   0.001646
          p_z          -0.021972   0.000165
          p_x          -0.117735   0.004746

    5 C   s             0.530503   0.070915
          p_y           0.132222   0.007588
          p_z          -0.011809   0.000065
          p_x          -0.252805   0.027639

    6 H   s             0.001441   0.000000

    7 C   s             0.032284   0.000396
          p_y           0.041929   0.000838
          p_z          -0.186068   0.016492
          p_x           0.091825   0.004016

    8 C   s             0.234909   0.009389
          p_y           0.070635   0.001715
          p_z          -0.022417   0.000173
          p_x          -0.119925   0.004944

    9 C   s            -0.235090   0.012512
          p_y          -0.085245   0.003100
          p_z          -0.119026   0.006063
          p_x           0.282701   0.034134

   10 H   s            -0.198579   0.013606

   11 C   s             0.000241  -0.000001
          p_y           0.007772   0.000062
          p_z          -0.139986   0.009959
          p_x           0.116292   0.005934

   12 C   s            -0.529040   0.070503
          p_y           0.151396   0.009913
          p_z          -0.075034   0.002412
          p_x          -0.231135   0.023173

   13 H   s            -0.002312   0.000001

   14 H   s             0.198419   0.013559

   15 C   s             0.237187   0.012761
          p_y          -0.178436   0.013594
          p_z           0.200210   0.017142
          p_x           0.167359   0.011936

   16 C   s            -0.034979   0.000452
          p_y           0.042155   0.000844
          p_z          -0.187725   0.016759
          p_x           0.092937   0.004113

   17 C   s            -0.289218   0.020864
          p_y          -0.074210   0.002413
          p_z           0.017034   0.000049
          p_x           0.131810   0.008180

   18 H   s             0.047558   0.000708

   19 C   s            -0.001561  -0.000008
          p_y          -0.082427   0.003031
          p_z           0.164721   0.013295
          p_x           0.009266  -0.000025

   20 C   s             0.032572   0.000401
          p_y          -0.069782   0.002319
          p_z           0.194699   0.018059
          p_x          -0.044365   0.000939

   21 C   s             0.530296   0.070857
          p_y           0.151661   0.009942
          p_z          -0.077611   0.002576
          p_x          -0.229234   0.022793

   22 H   s             0.001480   0.000000

   23 C   s             0.290772   0.021070
          p_y          -0.077466   0.002862
          p_z           0.030440   0.000577
          p_x           0.125794   0.007021

   24 H   s            -0.084518   0.002973

   25 H   s            -0.049764   0.000775

   26 H   s            -0.002287   0.000001

   27 C   s            -0.529092   0.070518
          p_y           0.133564   0.007742
          p_z          -0.014645   0.000098
          p_x          -0.252815   0.027653

   28 C   s             0.000451  -0.000002
          p_y          -0.080846   0.002928
          p_z           0.162935   0.013035
          p_x           0.007792  -0.000024

   29 H   s             0.085908   0.003063

   30 C   s            -0.001546  -0.000008
          p_y           0.006994   0.000054
          p_z          -0.140970   0.010092
          p_x           0.118773   0.006161

   31 C   s            -0.289304   0.020878
          p_y          -0.078227   0.002912
          p_z           0.030979   0.000591
          p_x           0.126807   0.007135

   32 H   s             0.047549   0.000708

   33 C   s             0.290867   0.021080
          p_y          -0.073622   0.002374
          p_z           0.017279   0.000050
          p_x           0.130391   0.008022

   34 H   s            -0.049882   0.000779

   35 H   s            -0.084514   0.002973

   36 H   s             0.086185   0.003080

Eigenvector:  81    (down)

    1 C   s            -0.399830   0.045750
          p_y           0.119138   0.005810
          p_z          -0.011833   0.000061
          p_x          -0.226507   0.020931

    2 C   s             0.448691   0.046485
          p_y          -0.043572   0.000445
          p_z           0.124808   0.006315
          p_x          -0.031021   0.000852

    3 C   s             0.398997   0.045572
          p_y           0.135377   0.007471
          p_z          -0.068470   0.001891
          p_x          -0.205809   0.017324

    4 C   s             0.490237   0.058174
          p_y           0.017672   0.000281
          p_z          -0.005932   0.000031
          p_x          -0.029758   0.000801

    5 C   s            -0.069963   0.002030
          p_y           0.155677   0.010202
          p_z          -0.070752   0.002223
          p_x          -0.243638   0.024614

    6 H   s             0.216543   0.016707

    7 C   s            -0.447506   0.046231
          p_y           0.028371   0.000580
          p_z          -0.120269   0.006485
          p_x           0.057090   0.000579

    8 C   s            -0.489779   0.058065
          p_y           0.017632   0.000280
          p_z          -0.005858   0.000030
          p_x          -0.029746   0.000801

    9 C   s            -0.399227   0.045622
          p_y           0.135493   0.007485
          p_z          -0.068487   0.001892
          p_x          -0.206025   0.017363

   10 H   s             0.203112   0.014880

   11 C   s             0.209178   0.009285
          p_y          -0.037272   0.000419
          p_z           0.082390   0.002542
          p_x          -0.003318   0.000022

   12 C   s             0.069132   0.001991
          p_y           0.141269   0.008251
          p_z          -0.023125   0.000180
          p_x          -0.260301   0.028453

   13 H   s            -0.216157   0.016645

   14 H   s            -0.202931   0.014853

   15 C   s             0.399407   0.045658
          p_y           0.119030   0.005799
          p_z          -0.011768   0.000061
          p_x          -0.226355   0.020900

   16 C   s             0.447844   0.046301
          p_y           0.028367   0.000580
          p_z          -0.120305   0.006489
          p_x           0.057130   0.000580

   17 C   s             0.055009   0.000363
          p_y           0.054255   0.001359
          p_z          -0.146260   0.008383
          p_x           0.029379   0.000116

   18 H   s             0.111776   0.004488

   19 C   s            -0.208380   0.009208
          p_y           0.008448   0.000054
          p_z          -0.073381   0.002154
          p_x           0.052387   0.000782

   20 C   s            -0.448253   0.046390
          p_y          -0.043585   0.000445
          p_z           0.124799   0.006314
          p_x          -0.030987   0.000850

   21 C   s            -0.069207   0.001994
          p_y           0.141316   0.008257
          p_z          -0.023044   0.000178
          p_x          -0.260474   0.028493

   22 H   s             0.216331   0.016671

   23 C   s            -0.055437   0.000371
          p_y          -0.029032   0.000198
          p_z           0.138086   0.007106
          p_x          -0.072030   0.002509

   24 H   s             0.111885   0.004025

   25 H   s            -0.111339   0.004453

   26 H   s            -0.216361   0.016679

   27 C   s             0.069546   0.002010
          p_y           0.155598   0.010191
          p_z          -0.070776   0.002224
          p_x          -0.243460   0.024577

   28 C   s             0.208466   0.009217
          p_y           0.008442   0.000054
          p_z          -0.073377   0.002153
          p_x           0.052397   0.000782

   29 H   s            -0.112027   0.004037

   30 C   s            -0.208806   0.009249
          p_y          -0.037219   0.000418
          p_z           0.082222   0.002531
          p_x          -0.003272   0.000022

   31 C   s             0.055370   0.000370
          p_y          -0.029089   0.000199
          p_z           0.138181   0.007116
          p_x          -0.072010   0.002508

   32 H   s             0.111384   0.004457

   33 C   s            -0.055142   0.000365
          p_y           0.054188   0.001356
          p_z          -0.146301   0.008385
          p_x           0.029572   0.000119

   34 H   s            -0.111589   0.004473

   35 H   s             0.112076   0.004040

   36 H   s            -0.112110   0.004042

Eigenvector:  82    (down)

    1 C   s             0.297898   0.022406
          p_y          -0.072737   0.002449
          p_z          -0.109907   0.004625
          p_x           0.248810   0.026593

    2 C   s            -0.362716   0.031884
          p_y           0.061977   0.000956
          p_z          -0.191514   0.013875
          p_x           0.057191   0.002153

    3 C   s             0.298170   0.022445
          p_y           0.158137   0.010681
          p_z          -0.182254   0.013452
          p_x          -0.143669   0.009364

    4 C   s            -0.295306   0.020779
          p_y           0.092290   0.002195
          p_z          -0.029052   0.000217
          p_x          -0.156841   0.006340

    5 C   s             0.252116   0.016361
          p_y          -0.026845   0.000451
          p_z          -0.144735   0.007715
          p_x           0.189620   0.015858

    6 H   s            -0.177153   0.010980

    7 C   s            -0.362099   0.031784
          p_y           0.049382   0.001399
          p_z          -0.187548   0.014352
          p_x           0.078589   0.001236

    8 C   s            -0.295659   0.020828
          p_y          -0.092298   0.002195
          p_z           0.029089   0.000218
          p_x           0.156825   0.006337

    9 C   s             0.297977   0.022414
          p_y          -0.158055   0.010670
          p_z           0.182298   0.013458
          p_x           0.143464   0.009339

   10 H   s            -0.263265   0.022117

   11 C   s            -0.278369   0.019427
          p_y          -0.064322   0.001598
          p_z          -0.133547   0.007359
          p_x           0.254109   0.025780

   12 C   s             0.251928   0.016333
          p_y           0.125294   0.006823
          p_z          -0.192593   0.014585
          p_x          -0.068515   0.002555

   13 H   s            -0.176813   0.010937

   14 H   s            -0.263424   0.022145

   15 C   s             0.298132   0.022445
          p_y           0.072828   0.002455
          p_z           0.109927   0.004626
          p_x          -0.249014   0.026636

   16 C   s            -0.361901   0.031750
          p_y          -0.049412   0.001400
          p_z           0.187493   0.014343
          p_x          -0.078479   0.001231

   17 C   s             0.015335   0.000186
          p_y          -0.031046   0.000480
          p_z           0.145017   0.008473
          p_x          -0.074442   0.001794

   18 H   s             0.032022   0.000023

   19 C   s            -0.278020   0.019382
          p_y           0.163601   0.010707
          p_z          -0.205089   0.017113
          p_x          -0.132877   0.006889

   20 C   s            -0.363079   0.031947
          p_y          -0.061953   0.000954
          p_z           0.191550   0.013880
          p_x          -0.057274   0.002159

   21 C   s             0.251908   0.016329
          p_y          -0.125224   0.006816
          p_z           0.192562   0.014581
          p_x           0.068402   0.002548

   22 H   s            -0.176653   0.010918

   23 C   s             0.015459   0.000188
          p_y          -0.055995   0.001064
          p_z           0.152593   0.009070
          p_x          -0.031948   0.000576

   24 H   s            -0.099014   0.002954

   25 H   s             0.032180   0.000025

   26 H   s            -0.177265   0.010995

   27 C   s             0.252207   0.016375
          p_y           0.026960   0.000454
          p_z           0.144588   0.007698
          p_x          -0.189711   0.015873

   28 C   s            -0.278007   0.019381
          p_y          -0.163576   0.010704
          p_z           0.204967   0.017093
          p_x           0.132941   0.006896

   29 H   s            -0.098789   0.002940

   30 C   s            -0.278494   0.019443
          p_y           0.064332   0.001598
          p_z           0.133516   0.007356
          p_x          -0.254106   0.025780

   31 C   s             0.015660   0.000191
          p_y           0.055948   0.001063
          p_z          -0.152499   0.009060
          p_x           0.031952   0.000576

   32 H   s             0.032195   0.000025

   33 C   s             0.015214   0.000184
          p_y           0.031129   0.000483
          p_z          -0.145257   0.008500
          p_x           0.074520   0.001797

   34 H   s             0.031975   0.000022

   35 H   s            -0.098620   0.002930

   36 H   s            -0.099262   0.002970

Eigenvector:  83    (down)

    1 C   s            -0.233475   0.012717
          p_y          -0.036654   0.000590
          p_z          -0.127923   0.006531
          p_x           0.193987   0.015588

    2 C   s            -0.077367   0.000208
          p_y           0.079764   0.002501
          p_z          -0.079924   0.002705
          p_x          -0.083844   0.002571

    3 C   s             0.233481   0.012718
          p_y          -0.126923   0.006654
          p_z           0.179669   0.013068
          p_x           0.083777   0.003016

    4 C   s            -0.000171   0.000000
          p_y           0.061319   0.001611
          p_z          -0.209153   0.018741
          p_x           0.075067   0.002414

    5 C   s            -0.446575   0.048654
          p_y          -0.155949   0.010273
          p_z           0.202098   0.016824
          p_x           0.120866   0.006412

    6 H   s            -0.108536   0.003913

    7 C   s             0.077484   0.000211
          p_y           0.044304   0.000702
          p_z           0.040869   0.000776
          p_x          -0.127013   0.006294

    8 C   s            -0.000032   0.000000
          p_y          -0.061310   0.001611
          p_z           0.209127   0.018736
          p_x          -0.075061   0.002413

    9 C   s             0.233525   0.012724
          p_y           0.126900   0.006652
          p_z          -0.179725   0.013076
          p_x          -0.083680   0.003009

   10 H   s            -0.000014   0.000000

   11 C   s             0.109694   0.002716
          p_y          -0.051151   0.001219
          p_z           0.232574   0.024682
          p_x          -0.116905   0.006123

   12 C   s             0.446519   0.048641
          p_y          -0.057330   0.001467
          p_z          -0.134880   0.007341
          p_x           0.241443   0.024703

   13 H   s             0.108527   0.003913

   14 H   s             0.000051   0.000000

   15 C   s            -0.233565   0.012728
          p_y           0.036618   0.000589
          p_z           0.127893   0.006528
          p_x          -0.193889   0.015572

   16 C   s             0.077470   0.000211
          p_y          -0.044271   0.000701
          p_z          -0.040845   0.000775
          p_x           0.126926   0.006286

   17 C   s             0.402711   0.038709
          p_y           0.129084   0.007229
          p_z          -0.021658   0.000167
          p_x          -0.236796   0.024706

   18 H   s             0.027524   0.000329

   19 C   s            -0.109692   0.002716
          p_y           0.088358   0.003511
          p_z          -0.244229   0.027136
          p_x           0.053719   0.001362

   20 C   s            -0.077183   0.000205
          p_y          -0.079802   0.002503
          p_z           0.079935   0.002706
          p_x           0.083909   0.002576

   21 C   s             0.446488   0.048635
          p_y           0.057306   0.001466
          p_z           0.134914   0.007345
          p_x          -0.241431   0.024701

   22 H   s             0.108461   0.003908

   23 C   s            -0.402663   0.038701
          p_y           0.141254   0.008811
          p_z          -0.063402   0.001874
          p_x          -0.221944   0.021428

   24 H   s             0.084742   0.003249

   25 H   s            -0.027586   0.000330

   26 H   s            -0.108505   0.003910

   27 C   s            -0.446629   0.048667
          p_y           0.155888   0.010265
          p_z          -0.201987   0.016806
          p_x          -0.120850   0.006410

   28 C   s            -0.109636   0.002712
          p_y          -0.088378   0.003513
          p_z           0.244309   0.027153
          p_x          -0.053757   0.001364

   29 H   s            -0.084661   0.003244

   30 C   s             0.109758   0.002719
          p_y           0.051134   0.001218
          p_z          -0.232514   0.024670
          p_x           0.116888   0.006121

   31 C   s            -0.402809   0.038729
          p_y          -0.141222   0.008808
          p_z           0.063372   0.001872
          p_x           0.221911   0.021422

   32 H   s            -0.027563   0.000330

   33 C   s             0.402764   0.038717
          p_y          -0.129142   0.007235
          p_z           0.021808   0.000169
          p_x           0.236755   0.024700

   34 H   s             0.027548   0.000330

   35 H   s            -0.084762   0.003250

   36 H   s             0.084885   0.003258

Eigenvector:  84    (down)

    1 C   s            -0.212672   0.009242
          p_y          -0.200239   0.016006
          p_z           0.196054   0.015072
          p_x           0.214815   0.018703

    2 C   s            -0.075534   0.000603
          p_y           0.008291   0.000009
          p_z           0.100099   0.004200
          p_x          -0.111004   0.004643

    3 C   s             0.209058   0.008888
          p_y          -0.116234   0.005510
          p_z          -0.092839   0.003277
          p_x           0.319831   0.040942

    4 C   s            -0.246384   0.010347
          p_y           0.057759   0.001061
          p_z          -0.018780   0.000113
          p_x          -0.097629   0.003027

    5 C   s            -0.148823   0.005552
          p_y          -0.085852   0.002962
          p_z           0.308070   0.037205
          p_x          -0.118866   0.005338

    6 H   s            -0.081708   0.002176

    7 C   s             0.086456   0.000916
          p_y           0.072428   0.001996
          p_z          -0.129251   0.006777
          p_x          -0.022625   0.000125

    8 C   s             0.246425   0.010351
          p_y           0.057743   0.001061
          p_z          -0.018789   0.000113
          p_x          -0.097589   0.003025

    9 C   s            -0.209015   0.008884
          p_y          -0.116352   0.005520
          p_z          -0.092619   0.003262
          p_x           0.319861   0.040950

   10 H   s            -0.176327   0.010403

   11 C   s             0.202846   0.007786
          p_y          -0.075560   0.002255
          p_z           0.228289   0.021958
          p_x          -0.064185   0.001990

   12 C   s             0.141346   0.005006
          p_y           0.095174   0.003440
          p_z          -0.317025   0.039198
          p_x           0.109001   0.004847

   13 H   s             0.081959   0.002216

   14 H   s             0.176318   0.010402

   15 C   s             0.212604   0.009234
          p_y          -0.200263   0.016010
          p_z           0.195940   0.015054
          p_x           0.214973   0.018730

   16 C   s            -0.086706   0.000923
          p_y           0.072415   0.001995
          p_z          -0.129187   0.006770
          p_x          -0.022659   0.000126

   17 C   s             0.378905   0.032788
          p_y           0.158592   0.010694
          p_z          -0.050247   0.001097
          p_x          -0.268749   0.030593

   18 H   s             0.102007   0.003757

   19 C   s            -0.195029   0.007118
          p_y           0.058318   0.001554
          p_z          -0.226893   0.021954
          p_x           0.097284   0.003690

   20 C   s             0.075789   0.000609
          p_y           0.008313   0.000009
          p_z           0.100062   0.004197
          p_x          -0.111016   0.004643

   21 C   s            -0.141295   0.005001
          p_y           0.095018   0.003428
          p_z          -0.316902   0.039168
          p_x           0.109200   0.004864

   22 H   s            -0.082078   0.002222

   23 C   s            -0.385558   0.033926
          p_y           0.156736   0.010408
          p_z          -0.051577   0.001110
          p_x          -0.263917   0.029592

   24 H   s             0.068423   0.002213

   25 H   s            -0.097357   0.003436

   26 H   s             0.081839   0.002183

   27 C   s             0.148774   0.005548
          p_y          -0.085979   0.002971
          p_z           0.308072   0.037206
          p_x          -0.118615   0.005315

   28 C   s             0.194778   0.007098
          p_y           0.058289   0.001553
          p_z          -0.226817   0.021940
          p_x           0.097273   0.003690

   29 H   s            -0.071131   0.002372

   30 C   s            -0.202643   0.007770
          p_y          -0.075501   0.002252
          p_z           0.228180   0.021939
          p_x          -0.064203   0.001990

   31 C   s             0.385523   0.033922
          p_y           0.156720   0.010406
          p_z          -0.051679   0.001114
          p_x          -0.263791   0.029564

   32 H   s             0.097259   0.003429

   33 C   s            -0.378865   0.032782
          p_y           0.158534   0.010686
          p_z          -0.050191   0.001094
          p_x          -0.268671   0.030575

   34 H   s            -0.101875   0.003748

   35 H   s             0.071074   0.002368

   36 H   s            -0.068429   0.002213

Eigenvector:  85    (down)

    1 C   s             0.141407   0.005164
          p_y           0.004123  -0.000003
          p_z          -0.127278   0.006649
          p_x           0.111830   0.005692

    2 C   s            -0.421425   0.042483
          p_y          -0.172584   0.011794
          p_z           0.193954   0.014591
          p_x           0.161655   0.010586

    3 C   s             0.147850   0.005607
          p_y           0.075366   0.002558
          p_z          -0.154202   0.010012
          p_x          -0.004920   0.000032

    4 C   s            -0.002674   0.000001
          p_y          -0.015833   0.000102
          p_z           0.056465   0.001291
          p_x          -0.021663   0.000188

    5 C   s             0.289473   0.021223
          p_y          -0.162381   0.011274
          p_z           0.279340   0.031086
          p_x           0.060651   0.002039

    6 H   s            -0.017206   0.000305

    7 C   s            -0.421755   0.042636
          p_y           0.084489   0.002913
          p_z           0.109626   0.004546
          p_x          -0.272043   0.029364

    8 C   s             0.002772   0.000001
          p_y          -0.015864   0.000103
          p_z           0.056346   0.001285
          p_x          -0.021491   0.000185

    9 C   s            -0.147500   0.005577
          p_y           0.074541   0.002506
          p_z          -0.152754   0.009832
          p_x          -0.004640   0.000030

   10 H   s            -0.002118   0.000001

   11 C   s            -0.305376   0.022563
          p_y          -0.024876   0.000476
          p_z           0.160014   0.010526
          p_x          -0.100755   0.002382

   12 C   s             0.293660   0.021859
          p_y           0.018647   0.000244
          p_z           0.214464   0.017637
          p_x          -0.239764   0.024883

   13 H   s            -0.016269   0.000284

   14 H   s             0.002065   0.000001

   15 C   s            -0.141772   0.005194
          p_y           0.004006  -0.000003
          p_z          -0.128216   0.006745
          p_x           0.112948   0.005799

   16 C   s             0.419986   0.042299
          p_y           0.084420   0.002906
          p_z           0.110046   0.004583
          p_x          -0.272307   0.029408

   17 C   s             0.261334   0.015030
          p_y          -0.123933   0.006641
          p_z           0.143661   0.009510
          p_x           0.112021   0.004997

   18 H   s            -0.175008   0.010198

   19 C   s            -0.312393   0.023502
          p_y          -0.071435   0.001324
          p_z           0.168635   0.010634
          p_x          -0.016023   0.000357

   20 C   s             0.423153   0.042812
          p_y          -0.172410   0.011775
          p_z           0.193641   0.014544
          p_x           0.161606   0.010588

   21 C   s            -0.293390   0.021803
          p_y           0.017550   0.000222
          p_z           0.215243   0.017765
          p_x          -0.238312   0.024593

   22 H   s             0.015406   0.000264

   23 C   s             0.250546   0.013803
          p_y           0.060865   0.001441
          p_z           0.086296   0.003641
          p_x          -0.202517   0.017597

   24 H   s             0.103271   0.003964

   25 H   s            -0.178556   0.010632

   26 H   s             0.018088   0.000326

   27 C   s            -0.289719   0.021275
          p_y          -0.163249   0.011391
          p_z           0.279306   0.031082
          p_x           0.062415   0.002142

   28 C   s             0.310761   0.023274
          p_y          -0.071570   0.001332
          p_z           0.169166   0.010703
          p_x          -0.016255   0.000363

   29 H   s             0.100816   0.003762

   30 C   s             0.306862   0.022766
          p_y          -0.024546   0.000467
          p_z           0.159388   0.010448
          p_x          -0.100829   0.002382

   31 C   s            -0.250982   0.013842
          p_y           0.060742   0.001434
          p_z           0.085612   0.003590
          p_x          -0.201634   0.017444

   32 H   s             0.177816   0.010540

   33 C   s            -0.260930   0.014989
          p_y          -0.124456   0.006697
          p_z           0.144295   0.009590
          p_x           0.112485   0.005041

   34 H   s             0.175876   0.010301

   35 H   s            -0.101283   0.003795

   36 H   s            -0.103092   0.003950

Eigenvector:  86    (down)

    1 C   s            -0.085215   0.002307
          p_y           0.017869   0.000129
          p_z           0.233600   0.021206
          p_x          -0.256066   0.025615

    2 C   s             0.384173   0.031386
          p_y          -0.039074   0.000371
          p_z           0.087840   0.002981
          p_x          -0.005097   0.000067

    3 C   s             0.085305   0.002311
          p_y           0.172433   0.011608
          p_z          -0.293206   0.033457
          p_x          -0.067552   0.001804

    4 C   s            -0.000371   0.000000
          p_y          -0.008288   0.000030
          p_z           0.028191   0.000350
          p_x          -0.010140   0.000045

    5 C   s            -0.063680   0.001798
          p_y           0.182227   0.013312
          p_z           0.028739   0.000244
          p_x          -0.390314   0.059960

    6 H   s             0.189003   0.012397

    7 C   s            -0.383214   0.031218
          p_y           0.009697   0.000102
          p_z          -0.079432   0.002746
          p_x           0.055788   0.000657

    8 C   s            -0.000465   0.000000
          p_y           0.008344   0.000031
          p_z          -0.028507   0.000357
          p_x           0.010325   0.000047

    9 C   s             0.086150   0.002352
          p_y          -0.172715   0.011649
          p_z           0.293903   0.033623
          p_x           0.067457   0.001800

   10 H   s            -0.000175   0.000000

   11 C   s             0.338542   0.023089
          p_y          -0.060544   0.001136
          p_z           0.141430   0.007572
          p_x          -0.012500   0.000163

   12 C   s             0.062887   0.001763
          p_y           0.237656   0.022174
          p_z          -0.161934   0.009919
          p_x          -0.321748   0.041347

   13 H   s            -0.189230   0.012419

   14 H   s            -0.000263   0.000000

   15 C   s            -0.084725   0.002283
          p_y          -0.017763   0.000127
          p_z          -0.233186   0.021129
          p_x           0.255467   0.025486

   16 C   s            -0.385087   0.031546
          p_y          -0.010089   0.000107
          p_z           0.079013   0.002719
          p_x          -0.054610   0.000617

   17 C   s             0.153583   0.004226
          p_y           0.134749   0.007766
          p_z          -0.195421   0.014961
          p_x          -0.084811   0.003637

   18 H   s             0.174369   0.010688

   19 C   s            -0.337777   0.022974
          p_y           0.018899   0.000229
          p_z          -0.129005   0.006672
          p_x           0.083936   0.002062

   20 C   s             0.382269   0.031058
          p_y           0.039820   0.000390
          p_z          -0.088793   0.003046
          p_x           0.004505   0.000058

   21 C   s             0.064321   0.001827
          p_y          -0.237829   0.022212
          p_z           0.161202   0.009829
          p_x           0.322786   0.041625

   22 H   s            -0.189313   0.012439

   23 C   s            -0.154450   0.004278
          p_y           0.035923   0.000715
          p_z           0.141476   0.007362
          p_x          -0.204687   0.018141

   24 H   s             0.120526   0.004896

   25 H   s            -0.173728   0.010613

   26 H   s             0.188847   0.012368

   27 C   s            -0.062415   0.001743
          p_y          -0.181450   0.013195
          p_z          -0.030109   0.000272
          p_x           0.390059   0.059864

   28 C   s            -0.339288   0.023198
          p_y          -0.018640   0.000225
          p_z           0.128474   0.006621
          p_x          -0.083956   0.002057

   29 H   s            -0.120956   0.004932

   30 C   s             0.337254   0.022893
          p_y           0.060685   0.001144
          p_z          -0.142205   0.007660
          p_x           0.012954   0.000170

   31 C   s            -0.153695   0.004232
          p_y          -0.036271   0.000727
          p_z          -0.141866   0.007409
          p_x           0.205753   0.018329

   32 H   s            -0.174581   0.010715

   33 C   s             0.155103   0.004320
          p_y          -0.134335   0.007718
          p_z           0.194931   0.014877
          p_x           0.084424   0.003609

   34 H   s             0.173632   0.010600

   35 H   s            -0.120638   0.004905

   36 H   s             0.121202   0.004954

Eigenvector:  87    (down)

    1 C   s             0.138205   0.004036
          p_y          -0.116532   0.005140
          p_z           0.196321   0.014319
          p_x           0.047355   0.000910

    2 C   s            -0.081055   0.001578
          p_y           0.112399   0.003580
          p_z           0.003449   0.000019
          p_x          -0.227431   0.015597

    3 C   s             0.138630   0.004065
          p_y           0.013473   0.000081
          p_z           0.155415   0.008886
          p_x          -0.173746   0.011464

    4 C   s             0.000338   0.000000
          p_y          -0.100429   0.003830
          p_z           0.342296   0.044497
          p_x          -0.122694   0.005718

    5 C   s             0.281957   0.017818
          p_y          -0.018745   0.000189
          p_z          -0.252813   0.024253
          p_x           0.275323   0.030388

    6 H   s            -0.206341   0.011935

    7 C   s            -0.081407   0.001592
          p_y          -0.137309   0.005730
          p_z           0.081995   0.002337
          p_x           0.196870   0.011113

    8 C   s            -0.000445   0.000000
          p_y          -0.100376   0.003826
          p_z           0.342259   0.044488
          p_x          -0.122769   0.005725

    9 C   s            -0.138589   0.004062
          p_y           0.013465   0.000081
          p_z           0.155384   0.008883
          p_x          -0.173700   0.011458

   10 H   s             0.000148   0.000000

   11 C   s            -0.325593   0.025142
          p_y          -0.063273   0.001418
          p_z          -0.201397   0.016029
          p_x           0.315835   0.037786

   12 C   s             0.281943   0.017817
          p_y           0.185513   0.013720
          p_z          -0.316842   0.038744
          p_x          -0.071481   0.002308

   13 H   s            -0.206473   0.011952

   14 H   s            -0.000132   0.000000

   15 C   s            -0.138172   0.004034
          p_y          -0.116497   0.005137
          p_z           0.196198   0.014301
          p_x           0.047399   0.000912

   16 C   s             0.081383   0.001591
          p_y          -0.137291   0.005728
          p_z           0.082000   0.002337
          p_x           0.196831   0.011109

   17 C   s            -0.004065  -0.000035
          p_y          -0.019029   0.000200
          p_z           0.135047   0.007039
          p_x          -0.089032   0.002499

   18 H   s             0.034652  -0.000019

   19 C   s            -0.325515   0.025131
          p_y           0.206057   0.016136
          p_z          -0.285999   0.031809
          p_x          -0.141387   0.007260

   20 C   s             0.081092   0.001580
          p_y           0.112396   0.003580
          p_z           0.003409   0.000018
          p_x          -0.227388   0.015591

   21 C   s            -0.281967   0.017820
          p_y           0.185488   0.013716
          p_z          -0.316829   0.038741
          p_x          -0.071439   0.002306

   22 H   s             0.206435   0.011948

   23 C   s            -0.003867  -0.000033
          p_y          -0.064169   0.001346
          p_z           0.149220   0.008268
          p_x          -0.012480   0.000129

   24 H   s            -0.103838   0.003151

   25 H   s             0.034674  -0.000018

   26 H   s             0.206335   0.011934

   27 C   s            -0.281943   0.017816
          p_y          -0.018752   0.000189
          p_z          -0.252839   0.024258
          p_x           0.275361   0.030397

   28 C   s             0.325563   0.025140
          p_y           0.206076   0.016138
          p_z          -0.285931   0.031794
          p_x          -0.141489   0.007270

   29 H   s            -0.103798   0.003148

   30 C   s             0.325679   0.025154
          p_y          -0.063309   0.001420
          p_z          -0.201350   0.016022
          p_x           0.315869   0.037794

   31 C   s             0.003686  -0.000032
          p_y          -0.064182   0.001347
          p_z           0.149238   0.008271
          p_x          -0.012468   0.000129

   32 H   s            -0.034706  -0.000018

   33 C   s             0.004171  -0.000036
          p_y          -0.019114   0.000201
          p_z           0.135219   0.007056
          p_x          -0.089045   0.002499

   34 H   s            -0.034653  -0.000019

   35 H   s             0.103733   0.003143

   36 H   s             0.104008   0.003161

Eigenvector:  88    (down)

    1 C   s             0.199693   0.008861
          p_y          -0.138820   0.007774
          p_z           0.279985   0.030812
          p_x           0.012872   0.000102

    2 C   s             0.133422   0.003929
          p_y           0.154308   0.008134
          p_z          -0.192670   0.013604
          p_x          -0.126278   0.004877

    3 C   s             0.234855   0.012488
          p_y          -0.016659   0.000075
          p_z           0.295648   0.033184
          p_x          -0.245976   0.023870

    4 C   s            -0.486742   0.053710
          p_y          -0.156156   0.008965
          p_z           0.004297   0.000008
          p_x           0.307880   0.034765

    5 C   s            -0.155943   0.006049
          p_y           0.074832   0.002260
          p_z          -0.145501   0.007658
          p_x          -0.012127   0.000129

    6 H   s            -0.082592   0.001421

    7 C   s             0.079949   0.001383
          p_y          -0.073173   0.001564
          p_z          -0.064921   0.001754
          p_x           0.207390   0.014140

    8 C   s            -0.486814   0.053726
          p_y           0.156175   0.008967
          p_z          -0.004327   0.000008
          p_x          -0.307891   0.034768

    9 C   s             0.234774   0.012479
          p_y           0.016686   0.000075
          p_z          -0.295696   0.033195
          p_x           0.245966   0.023868

   10 H   s             0.006895  -0.000089

   11 C   s             0.296134   0.020666
          p_y           0.117210   0.005713
          p_z          -0.262373   0.026355
          p_x           0.012924  -0.000036

   12 C   s            -0.100950   0.002552
          p_y           0.000215  -0.000001
          p_z          -0.064498   0.001361
          p_x           0.060565   0.001679

   13 H   s            -0.098768   0.002270

   14 H   s             0.006877  -0.000089

   15 C   s             0.199747   0.008866
          p_y           0.138852   0.007778
          p_z          -0.280043   0.030825
          p_x          -0.012881   0.000102

   16 C   s             0.080040   0.001386
          p_y           0.073230   0.001567
          p_z           0.064879   0.001752
          p_x          -0.207467   0.014150

   17 C   s            -0.324993   0.022053
          p_y           0.147028   0.008762
          p_z          -0.211497   0.018421
          p_x          -0.094322   0.003485

   18 H   s             0.074352   0.002081

   19 C   s             0.282286   0.018439
          p_y           0.030229   0.000217
          p_z          -0.223595   0.018564
          p_x           0.149930   0.009558

   20 C   s             0.133503   0.003934
          p_y          -0.154376   0.008141
          p_z           0.192779   0.013619
          p_x           0.126314   0.004880

   21 C   s            -0.100940   0.002551
          p_y          -0.000263  -0.000001
          p_z           0.064618   0.001366
          p_x          -0.060585   0.001680

   22 H   s            -0.098793   0.002271

   23 C   s            -0.280834   0.016101
          p_y          -0.066912   0.001682
          p_z          -0.119493   0.006207
          p_x           0.245760   0.024321

   24 H   s            -0.084101   0.002785

   25 H   s             0.075134   0.002106

   26 H   s            -0.082611   0.001422

   27 C   s            -0.155999   0.006054
          p_y          -0.074896   0.002264
          p_z           0.145621   0.007671
          p_x           0.012142   0.000129

   28 C   s             0.282165   0.018423
          p_y          -0.030296   0.000218
          p_z           0.223608   0.018565
          p_x          -0.149809   0.009544

   29 H   s            -0.093084   0.003189

   30 C   s             0.296136   0.020667
          p_y          -0.117164   0.005709
          p_z           0.262371   0.026356
          p_x          -0.013017  -0.000036

   31 C   s            -0.280694   0.016083
          p_y           0.066938   0.001684
          p_z           0.119436   0.006201
          p_x          -0.245764   0.024322

   32 H   s             0.075170   0.002108

   33 C   s            -0.325176   0.022077
          p_y          -0.146993   0.008758
          p_z           0.211349   0.018398
          p_x           0.094404   0.003489

   34 H   s             0.074424   0.002084

   35 H   s            -0.093062   0.003188

   36 H   s            -0.084353   0.002800

Eigenvector:  89    (down)

    1 C   s            -0.190926   0.008998
          p_y           0.169705   0.010097
          p_z          -0.338531   0.039614
          p_x          -0.019239   0.000160

    2 C   s             0.241773   0.013314
          p_y           0.099816   0.003991
          p_z          -0.284057   0.029426
          p_x           0.068586   0.001225

    3 C   s             0.145192   0.005353
          p_y          -0.011403   0.000036
          p_z           0.233086   0.018143
          p_x          -0.197445   0.013265

    4 C   s             0.051205   0.000594
          p_y           0.156350   0.008846
          p_z          -0.477196   0.082267
          p_x           0.138397   0.006894

    5 C   s            -0.246804   0.014950
          p_y           0.151334   0.008087
          p_z          -0.309856   0.034630
          p_x          -0.009782   0.000012

    6 H   s             0.085868   0.002523

    7 C   s            -0.264358   0.015866
          p_y          -0.049203   0.000721
          p_z           0.292539   0.030672
          p_x          -0.177800   0.012387

    8 C   s             0.051236   0.000595
          p_y          -0.156357   0.008847
          p_z           0.477204   0.082270
          p_x          -0.138392   0.006894

    9 C   s             0.145228   0.005355
          p_y           0.011388   0.000036
          p_z          -0.233064   0.018139
          p_x           0.197453   0.013267

   10 H   s            -0.000792  -0.000001

   11 C   s             0.034374   0.000477
          p_y           0.033718   0.000459
          p_z          -0.041284   0.000662
          p_x          -0.028478   0.000344

   12 C   s             0.274085   0.018467
          p_y          -0.018428   0.000133
          p_z           0.287427   0.029896
          p_x          -0.234525   0.019655

   13 H   s            -0.066835   0.001683

   14 H   s            -0.000783  -0.000001

   15 C   s            -0.190941   0.009000
          p_y          -0.169720   0.010098
          p_z           0.338558   0.039620
          p_x           0.019242   0.000160

   16 C   s            -0.264407   0.015872
          p_y           0.049179   0.000721
          p_z          -0.292525   0.030669
          p_x           0.177837   0.012392

   17 C   s            -0.176701   0.007619
          p_y          -0.065206   0.001684
          p_z          -0.079566   0.001994
          p_x           0.204733   0.015360

   18 H   s            -0.011771   0.000039

   19 C   s            -0.095774   0.002701
          p_y           0.008042   0.000038
          p_z           0.074550   0.002071
          p_x          -0.086001   0.003053

   20 C   s             0.241729   0.013309
          p_y          -0.099783   0.003989
          p_z           0.284008   0.029416
          p_x          -0.068606   0.001225

   21 C   s             0.274086   0.018467
          p_y           0.018448   0.000133
          p_z          -0.287482   0.029908
          p_x           0.234542   0.019658

   22 H   s            -0.066827   0.001682

   23 C   s             0.240810   0.013574
          p_y          -0.118302   0.005075
          p_z           0.169723   0.010229
          p_x           0.076163   0.002194

   24 H   s             0.051595   0.000460

   25 H   s            -0.003986   0.000011

   26 H   s             0.085875   0.002524

   27 C   s            -0.246771   0.014947
          p_y          -0.151305   0.008084
          p_z           0.309801   0.034617
          p_x           0.009774   0.000012

   28 C   s            -0.095725   0.002699
          p_y          -0.008012   0.000038
          p_z          -0.074555   0.002071
          p_x           0.085945   0.003049

   29 H   s            -0.032929   0.000059

   30 C   s             0.034375   0.000477
          p_y          -0.033742   0.000460
          p_z           0.041293   0.000662
          p_x           0.028518   0.000345

   31 C   s             0.240746   0.013566
          p_y           0.118291   0.005074
          p_z          -0.169700   0.010226
          p_x          -0.076157   0.002194

   32 H   s            -0.004005   0.000011

   33 C   s            -0.176620   0.007612
          p_y           0.065186   0.001683
          p_z           0.079637   0.001998
          p_x          -0.204768   0.015364

   34 H   s            -0.011803   0.000039

   35 H   s            -0.032941   0.000060

   36 H   s             0.051707   0.000462

Eigenvector:  90    (down)

    1 C   s            -0.216926   0.009641
          p_y          -0.004466   0.000001
          p_z           0.263618   0.025248
          p_x          -0.239828   0.021524

    2 C   s             0.190655   0.007940
          p_y           0.042754   0.000424
          p_z           0.261899   0.025955
          p_x          -0.332335   0.037635

    3 C   s            -0.216955   0.009644
          p_y          -0.164680   0.010113
          p_z           0.313749   0.036052
          p_x           0.032509   0.000459

    4 C   s             0.010888   0.000053
          p_y          -0.136374   0.005328
          p_z           0.043006   0.000530
          p_x           0.231739   0.015386

    5 C   s             0.238852   0.011332
          p_y          -0.030349   0.000334
          p_z          -0.185203   0.013123
          p_x           0.234894   0.020826

    6 H   s            -0.087152   0.001414

    7 C   s             0.190458   0.007925
          p_y          -0.220522   0.016739
          p_z           0.344466   0.043405
          p_x           0.115160   0.003756

    8 C   s             0.010975   0.000054
          p_y           0.136344   0.005326
          p_z          -0.042990   0.000529
          p_x          -0.231695   0.015380

    9 C   s            -0.216844   0.009633
          p_y           0.164683   0.010114
          p_z          -0.313759   0.036055
          p_x          -0.032507   0.000459

   10 H   s             0.182980   0.008426

   11 C   s            -0.329157   0.024512
          p_y          -0.076253   0.002128
          p_z          -0.077338   0.002296
          p_x           0.224977   0.018817

   12 C   s             0.238728   0.011320
          p_y           0.155889   0.009185
          p_z          -0.243849   0.022646
          p_x          -0.081215   0.002438

   13 H   s            -0.087213   0.001417

   14 H   s             0.182986   0.008427

   15 C   s            -0.217057   0.009654
          p_y           0.004462   0.000001
          p_z          -0.263617   0.025248
          p_x           0.239838   0.021525

   16 C   s             0.190483   0.007927
          p_y           0.220483   0.016733
          p_z          -0.344373   0.043382
          p_x          -0.115172   0.003757

   17 C   s             0.089153   0.002169
          p_y          -0.056282   0.001369
          p_z           0.145150   0.008177
          p_x          -0.024253   0.000108

   18 H   s            -0.005072   0.000057

   19 C   s            -0.329010   0.024491
          p_y           0.141717   0.007476
          p_z          -0.145907   0.008034
          p_x          -0.144989   0.007723

   20 C   s             0.190671   0.007942
          p_y          -0.042753   0.000423
          p_z          -0.261971   0.025969
          p_x           0.332405   0.037651

   21 C   s             0.238736   0.011320
          p_y          -0.155839   0.009179
          p_z           0.243865   0.022649
          p_x           0.081097   0.002431

   22 H   s            -0.087189   0.001416

   23 C   s             0.089111   0.002166
          p_y          -0.025750   0.000180
          p_z           0.135395   0.006882
          p_x          -0.076038   0.002574

   24 H   s            -0.036601   0.000280

   25 H   s            -0.005039   0.000056

   26 H   s            -0.087173   0.001414

   27 C   s             0.238820   0.011329
          p_y           0.030403   0.000335
          p_z           0.185178   0.013120
          p_x          -0.234981   0.020841

   28 C   s            -0.328941   0.024481
          p_y          -0.141739   0.007478
          p_z           0.145931   0.008037
          p_x           0.145009   0.007725

   29 H   s            -0.036542   0.000279

   30 C   s            -0.329247   0.024524
          p_y           0.076264   0.002128
          p_z           0.077292   0.002294
          p_x          -0.224959   0.018814

   31 C   s             0.089137   0.002167
          p_y           0.025771   0.000181
          p_z          -0.135353   0.006878
          p_x           0.075957   0.002569

   32 H   s            -0.004991   0.000056

   33 C   s             0.089148   0.002169
          p_y           0.056349   0.001373
          p_z          -0.145242   0.008187
          p_x           0.024211   0.000107

   34 H   s            -0.005111   0.000057

   35 H   s            -0.036522   0.000278

   36 H   s            -0.036624   0.000280

Eigenvector:  91    (down)

    1 C   s            -0.432006   0.042706
          p_y           0.023101   0.000157
          p_z          -0.030580   0.000418
          p_x          -0.017158   0.000010

    2 C   s            -0.022015  -0.000117
          p_y          -0.029860   0.000349
          p_z           0.293091   0.030693
          p_x          -0.216812   0.016360

    3 C   s             0.431353   0.042586
          p_y           0.007772  -0.000006
          p_z           0.020778   0.000244
          p_x          -0.035160   0.000336

    4 C   s             0.327149   0.026197
          p_y           0.099100   0.003795
          p_z          -0.031647   0.000387
          p_x          -0.168093   0.010921

    5 C   s            -0.042482   0.000128
          p_y          -0.229868   0.018668
          p_z           0.131048   0.005710
          p_x           0.334976   0.040503

    6 H   s            -0.079476   0.001805

    7 C   s             0.022314  -0.000117
          p_y           0.153322   0.008212
          p_z          -0.331654   0.039066
          p_x           0.006940   0.000029

    8 C   s            -0.327092   0.026188
          p_y           0.099118   0.003796
          p_z          -0.031643   0.000387
          p_x          -0.168131   0.010925

    9 C   s            -0.431443   0.042603
          p_y           0.007822  -0.000006
          p_z           0.020704   0.000243
          p_x          -0.035188   0.000337

   10 H   s             0.026203   0.000386

   11 C   s            -0.292021   0.016129
          p_y          -0.001338   0.000007
          p_z           0.079860   0.002450
          p_x          -0.072314   0.001344

   12 C   s             0.042526   0.000128
          p_y          -0.191855   0.013342
          p_z           0.001774   0.000007
          p_x           0.381295   0.051525

   13 H   s             0.079596   0.001811

   14 H   s            -0.026151   0.000385

   15 C   s             0.431924   0.042691
          p_y           0.023079   0.000156
          p_z          -0.030605   0.000419
          p_x          -0.017092   0.000010

   16 C   s            -0.022279  -0.000117
          p_y           0.153384   0.008219
          p_z          -0.331785   0.039097
          p_x           0.006940   0.000030

   17 C   s            -0.018834  -0.000049
          p_y          -0.188523   0.013225
          p_z           0.250313   0.022874
          p_x           0.140460   0.007574

   18 H   s            -0.151992   0.007501

   19 C   s             0.291851   0.016108
          p_y           0.049720   0.000674
          p_z          -0.094949   0.003160
          p_x          -0.009937  -0.000042

   20 C   s             0.022046  -0.000117
          p_y          -0.029855   0.000349
          p_z           0.293000   0.030674
          p_x          -0.216739   0.016349

   21 C   s            -0.042442   0.000127
          p_y          -0.191898   0.013348
          p_z           0.001813   0.000007
          p_x           0.381348   0.051540

   22 H   s            -0.079614   0.001812

   23 C   s             0.019004  -0.000049
          p_y          -0.065535   0.001673
          p_z          -0.170279   0.010428
          p_x           0.290727   0.031530

   24 H   s            -0.054087   0.000854

   25 H   s             0.151964   0.007498

   26 H   s             0.079460   0.001805

   27 C   s             0.042586   0.000129
          p_y          -0.229853   0.018666
          p_z           0.131098   0.005715
          p_x           0.334900   0.040484

   28 C   s            -0.291975   0.016123
          p_y           0.049693   0.000673
          p_z          -0.094942   0.003159
          p_x          -0.009889  -0.000042

   29 H   s             0.054122   0.000855

   30 C   s             0.291906   0.016115
          p_y          -0.001316   0.000007
          p_z           0.079890   0.002452
          p_x          -0.072386   0.001347

   31 C   s            -0.018962  -0.000049
          p_y          -0.065538   0.001673
          p_z          -0.170338   0.010436
          p_x           0.290791   0.031544

   32 H   s            -0.151983   0.007500

   33 C   s             0.018896  -0.000049
          p_y          -0.188513   0.013224
          p_z           0.250281   0.022868
          p_x           0.140460   0.007574

   34 H   s             0.151984   0.007500

   35 H   s            -0.054129   0.000855

   36 H   s             0.054098   0.000854

Eigenvector:  92    (down)

    1 C   s             0.291785   0.017116
          p_y          -0.082563   0.002534
          p_z          -0.026843   0.000299
          p_x           0.190125   0.013647

    2 C   s            -0.308038   0.020771
          p_y          -0.052104   0.001069
          p_z          -0.039832   0.000574
          p_x           0.141631   0.007727

    3 C   s             0.292327   0.017183
          p_y           0.116432   0.005129
          p_z          -0.089343   0.003094
          p_x          -0.148177   0.008190

    4 C   s             0.000252   0.000000
          p_y          -0.081984   0.002440
          p_z           0.279827   0.028424
          p_x          -0.100513   0.003667

    5 C   s             0.103826   0.002018
          p_y          -0.090530   0.003032
          p_z           0.174688   0.011700
          p_x           0.016028   0.000059

    6 H   s            -0.046895   0.000956

    7 C   s            -0.308256   0.020805
          p_y           0.088529   0.003013
          p_z          -0.083887   0.002642
          p_x          -0.097516   0.003724

    8 C   s            -0.000105   0.000000
          p_y          -0.082037   0.002443
          p_z           0.279861   0.028430
          p_x          -0.100440   0.003662

    9 C   s            -0.292516   0.017206
          p_y           0.116506   0.005135
          p_z          -0.089438   0.003100
          p_x          -0.148236   0.008196

   10 H   s            -0.000037   0.000000

   11 C   s             0.311270   0.021254
          p_y           0.205219   0.015012
          p_z          -0.336820   0.041241
          p_x          -0.092519   0.002844

   12 C   s             0.104408   0.002043
          p_y          -0.003845   0.000011
          p_z           0.147492   0.008465
          p_x          -0.131375   0.006337

   13 H   s            -0.046854   0.000955

   14 H   s             0.000042   0.000000

   15 C   s            -0.291735   0.017109
          p_y          -0.082635   0.002538
          p_z          -0.026597   0.000294
          p_x           0.190037   0.013636

   16 C   s             0.308250   0.020805
          p_y           0.088601   0.003017
          p_z          -0.084144   0.002658
          p_x          -0.097420   0.003717

   17 C   s            -0.356678   0.025040
          p_y           0.179979   0.012442
          p_z          -0.258628   0.025973
          p_x          -0.115724   0.005025

   18 H   s            -0.014323  -0.000078

   19 C   s             0.311084   0.021226
          p_y          -0.029833   0.000272
          p_z          -0.262934   0.025396
          p_x           0.306708   0.033421

   20 C   s             0.307845   0.020744
          p_y          -0.052028   0.001066
          p_z          -0.039821   0.000573
          p_x           0.141469   0.007710

   21 C   s            -0.104465   0.002045
          p_y          -0.003883   0.000012
          p_z           0.147314   0.008446
          p_x          -0.131133   0.006314

   22 H   s             0.046859   0.000955

   23 C   s            -0.356410   0.024999
          p_y          -0.050212   0.000932
          p_z          -0.186000   0.013535
          p_x           0.274990   0.028995

   24 H   s            -0.079881   0.002498

   25 H   s            -0.014273  -0.000078

   26 H   s             0.046917   0.000957

   27 C   s            -0.103528   0.002006
          p_y          -0.090551   0.003033
          p_z           0.174726   0.011704
          p_x           0.016033   0.000060

   28 C   s            -0.311142   0.021231
          p_y          -0.029692   0.000269
          p_z          -0.263096   0.025425
          p_x           0.306583   0.033396

   29 H   s            -0.079991   0.002503

   30 C   s            -0.311181   0.021246
          p_y           0.205156   0.015003
          p_z          -0.336545   0.041175
          p_x          -0.092648   0.002853

   31 C   s             0.356191   0.024967
          p_y          -0.050363   0.000938
          p_z          -0.186032   0.013539
          p_x           0.275327   0.029064

   32 H   s             0.014127  -0.000077

   33 C   s             0.356871   0.025066
          p_y           0.179714   0.012406
          p_z          -0.258309   0.025914
          p_x          -0.115508   0.005006

   34 H   s             0.014374  -0.000078

   35 H   s             0.079957   0.002501

   36 H   s             0.080075   0.002509

Eigenvector:  93    (down)

    1 C   s             0.220996   0.011006
          p_y          -0.016315   0.000067
          p_z          -0.189450   0.012074
          p_x           0.211331   0.014446

    2 C   s            -0.190421   0.008540
          p_y           0.002056  -0.000003
          p_z          -0.207859   0.014225
          p_x           0.192013   0.012897

    3 C   s            -0.221476   0.011052
          p_y          -0.142321   0.006581
          p_z           0.239692   0.019101
          p_x           0.057916   0.000990

    4 C   s             0.000068   0.000000
          p_y          -0.022412   0.000195
          p_z           0.076256   0.002253
          p_x          -0.027217   0.000287

    5 C   s             0.226583   0.010861
          p_y           0.105831   0.003790
          p_z          -0.136595   0.005604
          p_x          -0.082492   0.002706

    6 H   s            -0.006055   0.000037

    7 C   s             0.191037   0.008593
          p_y          -0.132116   0.006062
          p_z           0.248974   0.020752
          p_x           0.028683   0.000370

    8 C   s             0.000043   0.000000
          p_y           0.022468   0.000195
          p_z          -0.076485   0.002267
          p_x           0.027323   0.000290

    9 C   s            -0.221206   0.011027
          p_y           0.142259   0.006575
          p_z          -0.239635   0.019091
          p_x          -0.057846   0.000988

   10 H   s             0.000101   0.000000

   11 C   s             0.150199   0.003189
          p_y           0.017411   0.000158
          p_z          -0.264813   0.024196
          p_x           0.214333   0.014543

   12 C   s            -0.226731   0.010875
          p_y           0.039248   0.000653
          p_z           0.090569   0.002209
          p_x          -0.163686   0.009196

   13 H   s             0.006111   0.000038

   14 H   s             0.000076   0.000000

   15 C   s             0.221198   0.011025
          p_y           0.016420   0.000068
          p_z           0.189444   0.012073
          p_x          -0.211537   0.014476

   16 C   s             0.190799   0.008572
          p_y           0.132042   0.006055
          p_z          -0.248919   0.020742
          p_x          -0.028589   0.000368

   17 C   s             0.119839   0.002723
          p_y           0.303276   0.032095
          p_z          -0.245564   0.021465
          p_x          -0.373675   0.048119

   18 H   s             0.139588   0.005702

   19 C   s            -0.150703   0.003216
          p_y          -0.149581   0.007170
          p_z           0.306717   0.031811
          p_x           0.009568  -0.000020

   20 C   s            -0.190614   0.008556
          p_y          -0.002063  -0.000003
          p_z           0.207962   0.014239
          p_x          -0.192099   0.012909

   21 C   s            -0.226582   0.010861
          p_y          -0.039241   0.000653
          p_z          -0.090661   0.002214
          p_x           0.163762   0.009204

   22 H   s             0.006084   0.000038

   23 C   s            -0.119298   0.002698
          p_y           0.206736   0.014685
          p_z           0.085439   0.002725
          p_x          -0.492293   0.084445

   24 H   s            -0.007806  -0.000015

   25 H   s            -0.139544   0.005701

   26 H   s            -0.006105   0.000038

   27 C   s             0.226547   0.010857
          p_y          -0.105778   0.003786
          p_z           0.136491   0.005594
          p_x           0.082486   0.002706

   28 C   s            -0.150501   0.003206
          p_y           0.149561   0.007168
          p_z          -0.306490   0.031763
          p_x          -0.009739  -0.000019

   29 H   s             0.007934  -0.000015

   30 C   s             0.150442   0.003203
          p_y          -0.017560   0.000160
          p_z           0.265019   0.024235
          p_x          -0.214232   0.014529

   31 C   s            -0.119463   0.002706
          p_y          -0.206644   0.014671
          p_z          -0.085331   0.002718
          p_x           0.492009   0.084344

   32 H   s            -0.139521   0.005699

   33 C   s             0.119461   0.002706
          p_y          -0.303349   0.032111
          p_z           0.245687   0.021489
          p_x           0.373706   0.048126

   34 H   s             0.139573   0.005702

   35 H   s             0.007878  -0.000015

   36 H   s            -0.007955  -0.000015

Eigenvector:  94    (down)

    1 C   s            -0.116838   0.002715
          p_y          -0.173348   0.010143
          p_z           0.079527   0.002353
          p_x           0.271114   0.024105

    2 C   s             0.154074   0.006082
          p_y           0.164673   0.009286
          p_z          -0.292988   0.029399
          p_x          -0.052426   0.000941

    3 C   s             0.117305   0.002736
          p_y          -0.157136   0.008055
          p_z           0.024820   0.000126
          p_x           0.290363   0.028333

    4 C   s            -0.157628   0.003849
          p_y           0.052138   0.000753
          p_z          -0.016236   0.000073
          p_x          -0.088801   0.002185

    5 C   s            -0.436363   0.041649
          p_y           0.083556   0.002110
          p_z          -0.083546   0.002379
          p_x          -0.087738   0.002059

    6 H   s            -0.034853   0.000187

    7 C   s            -0.153702   0.006055
          p_y           0.009027   0.000028
          p_z           0.237507   0.019316
          p_x          -0.242173   0.020082

    8 C   s             0.157453   0.003839
          p_y           0.052212   0.000755
          p_z          -0.016328   0.000074
          p_x          -0.088860   0.002189

    9 C   s            -0.117291   0.002735
          p_y          -0.157088   0.008050
          p_z           0.024689   0.000124
          p_x           0.290393   0.028340

   10 H   s            -0.126616   0.004652

   11 C   s             0.100645   0.003188
          p_y           0.036402   0.000450
          p_z           0.166271   0.009426
          p_x          -0.229099   0.017874

   12 C   s             0.435588   0.041515
          p_y           0.046191   0.000548
          p_z           0.042354   0.000706
          p_x          -0.132359   0.005225

   13 H   s             0.034863   0.000187

   14 H   s             0.126603   0.004650

   15 C   s             0.117008   0.002723
          p_y          -0.173253   0.010131
          p_z           0.079451   0.002349
          p_x           0.270999   0.024085

   16 C   s             0.153905   0.006070
          p_y           0.009066   0.000028
          p_z           0.237576   0.019328
          p_x          -0.242321   0.020107

   17 C   s            -0.243458   0.013269
          p_y          -0.199472   0.013632
          p_z           0.005294   0.000026
          p_x           0.392609   0.051646

   18 H   s            -0.065468   0.000985

   19 C   s            -0.101240   0.003220
          p_y           0.151001   0.007764
          p_z          -0.224164   0.017120
          p_x          -0.089879   0.002747

   20 C   s            -0.154007   0.006077
          p_y           0.164570   0.009275
          p_z          -0.292746   0.029350
          p_x          -0.052448   0.000942

   21 C   s            -0.435805   0.041554
          p_y           0.046212   0.000549
          p_z           0.042444   0.000709
          p_x          -0.132487   0.005236

   22 H   s            -0.034859   0.000187

   23 C   s             0.244494   0.013373
          p_y          -0.236334   0.018656
          p_z           0.132297   0.005498
          p_x           0.346541   0.040968

   24 H   s             0.066528   0.000669

   25 H   s             0.065560   0.000987

   26 H   s             0.034838   0.000187

   27 C   s             0.436199   0.041620
          p_y           0.083438   0.002104
          p_z          -0.083421   0.002372
          p_x          -0.087619   0.002053

   28 C   s             0.101128   0.003214
          p_y           0.151016   0.007766
          p_z          -0.224371   0.017153
          p_x          -0.089712   0.002737

   29 H   s            -0.066266   0.000660

   30 C   s            -0.100636   0.003188
          p_y           0.036493   0.000452
          p_z           0.166131   0.009410
          p_x          -0.229151   0.017881

   31 C   s            -0.244322   0.013356
          p_y          -0.236388   0.018664
          p_z           0.132214   0.005490
          p_x           0.346723   0.041012

   32 H   s            -0.065543   0.000987

   33 C   s             0.243507   0.013274
          p_y          -0.199447   0.013628
          p_z           0.005190   0.000026
          p_x           0.392669   0.051660

   34 H   s             0.065543   0.000987

   35 H   s             0.066321   0.000662

   36 H   s            -0.066627   0.000672

Eigenvector:  95    (down)

    1 C   s            -0.142037   0.003708
          p_y           0.091321   0.002998
          p_z          -0.144197   0.007716
          p_x          -0.046212   0.000695

    2 C   s            -0.220541   0.010222
          p_y          -0.154545   0.008332
          p_z           0.293045   0.030447
          p_x           0.032098   0.000309

    3 C   s            -0.141599   0.003683
          p_y          -0.016562   0.000081
          p_z          -0.109927   0.004566
          p_x           0.136882   0.006704

    4 C   s             0.257588   0.014086
          p_y           0.072609   0.001883
          p_z          -0.023409   0.000196
          p_x          -0.122938   0.005401

    5 C   s             0.334431   0.020711
          p_y          -0.170995   0.010397
          p_z           0.189664   0.013108
          p_x           0.162382   0.009119

    6 H   s            -0.002073   0.000014

    7 C   s            -0.220693   0.010237
          p_y          -0.003258   0.000007
          p_z           0.245190   0.021464
          p_x          -0.224921   0.017590

    8 C   s             0.257647   0.014091
          p_y          -0.072483   0.001877
          p_z           0.023128   0.000191
          p_x           0.122951   0.005402

    9 C   s            -0.141454   0.003676
          p_y           0.016358   0.000079
          p_z           0.110005   0.004572
          p_x          -0.136547   0.006672

   10 H   s             0.022896   0.000295

   11 C   s             0.135235   0.003818
          p_y           0.191869   0.012512
          p_z          -0.393364   0.055249
          p_x          -0.012618  -0.000026

   12 C   s             0.334364   0.020704
          p_y           0.083074   0.002365
          p_z           0.109823   0.004509
          p_x          -0.269407   0.025740

   13 H   s            -0.002095   0.000015

   14 H   s             0.022977   0.000296

   15 C   s            -0.141682   0.003689
          p_y          -0.091334   0.002999
          p_z           0.144200   0.007716
          p_x           0.046235   0.000695

   16 C   s            -0.220685   0.010235
          p_y           0.003206   0.000007
          p_z          -0.244853   0.021406
          p_x           0.224711   0.017558

   17 C   s            -0.313694   0.018014
          p_y           0.154073   0.008740
          p_z          -0.196443   0.014696
          p_x          -0.122543   0.005242

   18 H   s            -0.049765   0.000403

   19 C   s             0.135140   0.003813
          p_y           0.022441   0.000269
          p_z          -0.339636   0.041968
          p_x           0.274811   0.025382

   20 C   s            -0.220736   0.010241
          p_y           0.154612   0.008339
          p_z          -0.293057   0.030448
          p_x          -0.032222   0.000311

   21 C   s             0.334043   0.020662
          p_y          -0.083030   0.002362
          p_z          -0.109758   0.004504
          p_x           0.269261   0.025714

   22 H   s            -0.002150   0.000015

   23 C   s            -0.313792   0.018026
          p_y          -0.058651   0.001173
          p_z          -0.129303   0.006542
          p_x           0.238465   0.020850

   24 H   s            -0.089029   0.002830

   25 H   s            -0.049867   0.000405

   26 H   s            -0.002075   0.000014

   27 C   s             0.334577   0.020732
          p_y           0.171027   0.010400
          p_z          -0.189772   0.013123
          p_x          -0.162345   0.009114

   28 C   s             0.135287   0.003823
          p_y          -0.022372   0.000268
          p_z           0.339557   0.041949
          p_x          -0.274878   0.025395

   29 H   s            -0.089026   0.002830

   30 C   s             0.135307   0.003822
          p_y          -0.191868   0.012512
          p_z           0.393439   0.055271
          p_x           0.012541  -0.000026

   31 C   s            -0.313928   0.018042
          p_y           0.058547   0.001169
          p_z           0.129434   0.006554
          p_x          -0.238386   0.020838

   32 H   s            -0.049865   0.000405

   33 C   s            -0.313768   0.018021
          p_y          -0.154175   0.008751
          p_z           0.196383   0.014689
          p_x           0.122818   0.005265

   34 H   s            -0.049703   0.000401

   35 H   s            -0.088975   0.002828

   36 H   s            -0.089265   0.002844

Eigenvector:  96    (down)

    1 C   s            -0.402750   0.028869
          p_y           0.158136   0.008546
          p_z          -0.058192   0.001155
          p_x          -0.260764   0.023247

    2 C   s             0.027295   0.000177
          p_y          -0.124418   0.005269
          p_z           0.394359   0.054729
          p_x          -0.123643   0.005735

    3 C   s            -0.404535   0.029154
          p_y          -0.151878   0.007888
          p_z           0.038433   0.000507
          p_x           0.267028   0.024372

    4 C   s            -0.000984   0.000000
          p_y           0.127511   0.005737
          p_z          -0.435990   0.067058
          p_x           0.157088   0.008702

    5 C   s             0.305433   0.016564
          p_y          -0.131737   0.005938
          p_z           0.081190   0.002267
          p_x           0.186267   0.011846

    6 H   s             0.024543   0.000157

    7 C   s             0.027208   0.000177
          p_y          -0.105332   0.004086
          p_z           0.388078   0.053397
          p_x          -0.156045   0.008183

    8 C   s             0.000906   0.000000
          p_y           0.127475   0.005734
          p_z          -0.435802   0.067002
          p_x           0.156983   0.008691

    9 C   s             0.404690   0.029178
          p_y          -0.151988   0.007899
          p_z           0.038434   0.000507
          p_x           0.267247   0.024411

   10 H   s             0.000116   0.000000

   11 C   s            -0.016277   0.000067
          p_y           0.102315   0.003472
          p_z          -0.271039   0.026033
          p_x           0.050951   0.001157

   12 C   s             0.305864   0.016616
          p_y           0.107139   0.003914
          p_z           0.004519   0.000008
          p_x          -0.218133   0.016271

   13 H   s             0.024154   0.000152

   14 H   s            -0.000124   0.000000

   15 C   s             0.402685   0.028858
          p_y           0.158059   0.008538
          p_z          -0.058200   0.001156
          p_x          -0.260605   0.023220

   16 C   s            -0.027192   0.000177
          p_y          -0.105382   0.004090
          p_z           0.388300   0.053457
          p_x          -0.156157   0.008194

   17 C   s            -0.169010   0.004850
          p_y           0.079579   0.002247
          p_z          -0.083848   0.002670
          p_x          -0.079861   0.002106

   18 H   s            -0.041014   0.000418

   19 C   s            -0.016480   0.000068
          p_y           0.052456   0.001121
          p_z          -0.257152   0.023833
          p_x           0.137440   0.006136

   20 C   s            -0.027161   0.000176
          p_y          -0.124434   0.005270
          p_z           0.394325   0.054720
          p_x          -0.123581   0.005729

   21 C   s            -0.306068   0.016639
          p_y           0.107234   0.003921
          p_z           0.004488   0.000008
          p_x          -0.218295   0.016295

   22 H   s            -0.024168   0.000152

   23 C   s            -0.168718   0.004831
          p_y          -0.042703   0.000588
          p_z          -0.045941   0.000864
          p_x           0.128287   0.005790

   24 H   s            -0.061506   0.001256

   25 H   s            -0.040771   0.000413

   26 H   s            -0.024519   0.000156

   27 C   s            -0.305472   0.016567
          p_y          -0.131761   0.005940
          p_z           0.081278   0.002272
          p_x           0.186233   0.011842

   28 C   s             0.016510   0.000069
          p_y           0.052521   0.001123
          p_z          -0.257356   0.023870
          p_x           0.137506   0.006142

   29 H   s            -0.061686   0.001261

   30 C   s             0.016119   0.000065
          p_y           0.102404   0.003478
          p_z          -0.271163   0.026058
          p_x           0.050894   0.001154

   31 C   s             0.168766   0.004833
          p_y          -0.042781   0.000590
          p_z          -0.045943   0.000865
          p_x           0.128447   0.005805

   32 H   s             0.040781   0.000414

   33 C   s             0.169287   0.004867
          p_y           0.079615   0.002249
          p_z          -0.083912   0.002674
          p_x          -0.079884   0.002107

   34 H   s             0.041016   0.000418

   35 H   s             0.061735   0.001263

   36 H   s             0.061635   0.001261

Eigenvector:  97    (down)

    1 C   s            -0.326792   0.022596
          p_y          -0.083110   0.002263
          p_z          -0.137017   0.006059
          p_x           0.295369   0.028397

    2 C   s             0.038525   0.000578
          p_y           0.127871   0.005008
          p_z          -0.157763   0.007530
          p_x          -0.106417   0.003529

    3 C   s             0.324582   0.022315
          p_y          -0.189485   0.011684
          p_z           0.222850   0.016092
          p_x           0.167952   0.009228

    4 C   s             0.191747   0.009361
          p_y           0.160674   0.008163
          p_z          -0.051934   0.000855
          p_x          -0.271901   0.023367

    5 C   s            -0.065423   0.000943
          p_y          -0.005614   0.000011
          p_z          -0.284879   0.025472
          p_x           0.279618   0.024663

    6 H   s            -0.089885   0.001935

    7 C   s            -0.038319   0.000573
          p_y           0.051423   0.000828
          p_z           0.103051   0.003189
          p_x          -0.199966   0.012270

    8 C   s            -0.191773   0.009363
          p_y           0.160631   0.008159
          p_z          -0.051767   0.000849
          p_x          -0.271973   0.023380

    9 C   s            -0.324482   0.022302
          p_y          -0.189572   0.011694
          p_z           0.222857   0.016093
          p_x           0.168123   0.009246

   10 H   s            -0.108745   0.002402

   11 C   s             0.037594   0.000284
          p_y           0.083985   0.002418
          p_z          -0.345410   0.038814
          p_x           0.157387   0.007597

   12 C   s             0.066923   0.000982
          p_y          -0.190162   0.011398
          p_z           0.346681   0.037777
          p_x           0.052468   0.000883

   13 H   s             0.090068   0.001944

   14 H   s             0.108742   0.002402

   15 C   s             0.326724   0.022586
          p_y          -0.083193   0.002267
          p_z          -0.136988   0.006057
          p_x           0.295510   0.028423

   16 C   s             0.038305   0.000573
          p_y           0.051388   0.000827
          p_z           0.103192   0.003198
          p_x          -0.200031   0.012279

   17 C   s            -0.028982   0.000200
          p_y           0.220726   0.015848
          p_z          -0.232823   0.017820
          p_x          -0.221151   0.015741

   18 H   s             0.038550   0.000392

   19 C   s            -0.037676   0.000286
          p_y          -0.121259   0.004566
          p_z           0.355947   0.040841
          p_x          -0.093206   0.003066

   20 C   s            -0.038461   0.000577
          p_y           0.127888   0.005010
          p_z          -0.157841   0.007538
          p_x          -0.106378   0.003526

   21 C   s            -0.067054   0.000986
          p_y          -0.190099   0.011390
          p_z           0.346637   0.037767
          p_x           0.052382   0.000880

   22 H   s            -0.090082   0.001944

   23 C   s             0.028197   0.000191
          p_y           0.115415   0.004273
          p_z           0.126797   0.005350
          p_x          -0.349169   0.039610

   24 H   s            -0.006672   0.000015

   25 H   s            -0.038743   0.000396

   26 H   s             0.089904   0.001936

   27 C   s             0.065467   0.000944
          p_y          -0.005604   0.000011
          p_z          -0.284835   0.025464
          p_x           0.279562   0.024654

   28 C   s             0.037728   0.000286
          p_y          -0.121205   0.004562
          p_z           0.355828   0.040812
          p_x          -0.093207   0.003066

   29 H   s             0.006394   0.000014

   30 C   s            -0.037689   0.000286
          p_y           0.084024   0.002420
          p_z          -0.345423   0.038818
          p_x           0.157324   0.007591

   31 C   s            -0.028230   0.000191
          p_y           0.115346   0.004268
          p_z           0.126826   0.005353
          p_x          -0.349060   0.039584

   32 H   s             0.038738   0.000396

   33 C   s             0.029141   0.000202
          p_y           0.220710   0.015845
          p_z          -0.232839   0.017823
          p_x          -0.221104   0.015734

   34 H   s            -0.038546   0.000392

   35 H   s            -0.006366   0.000013

   36 H   s             0.006734   0.000015

Eigenvector:  98    (down)

    1 C   s             0.216807   0.010038
          p_y          -0.246063   0.018575
          p_z           0.109212   0.003593
          p_x           0.388205   0.046455

    2 C   s            -0.079198   0.001123
          p_y           0.095865   0.002977
          p_z          -0.312359   0.032632
          p_x           0.103253   0.003773

    3 C   s            -0.217522   0.010100
          p_y          -0.225798   0.015732
          p_z           0.039496   0.000507
          p_x           0.413701   0.052553

    4 C   s             0.000437   0.000000
          p_y          -0.129586   0.005537
          p_z           0.441866   0.064390
          p_x          -0.158486   0.008285

    5 C   s            -0.234458   0.011567
          p_y           0.099390   0.002901
          p_z           0.043559   0.000693
          p_x          -0.239166   0.017497

    6 H   s            -0.038069   0.000439

    7 C   s             0.079032   0.001118
          p_y          -0.086634   0.002616
          p_z           0.310178   0.032398
          p_x          -0.119851   0.004594

    8 C   s             0.000350   0.000000
          p_y           0.129685   0.005546
          p_z          -0.442031   0.064439
          p_x           0.158448   0.008282

    9 C   s            -0.217492   0.010099
          p_y           0.225692   0.015716
          p_z          -0.039406   0.000505
          p_x          -0.413576   0.052520

   10 H   s             0.000117   0.000000

   11 C   s             0.168860   0.006508
          p_y           0.019945   0.000144
          p_z           0.157433   0.008060
          p_x          -0.187957   0.011773

   12 C   s             0.235294   0.011644
          p_y           0.147845   0.006717
          p_z          -0.121267   0.004772
          p_x          -0.180812   0.009692

   13 H   s             0.038097   0.000439

   14 H   s             0.000145   0.000000

   15 C   s             0.217052   0.010059
          p_y           0.246105   0.018581
          p_z          -0.109295   0.003598
          p_x          -0.388213   0.046457

   16 C   s             0.079035   0.001118
          p_y           0.086617   0.002614
          p_z          -0.310022   0.032365
          p_x           0.119740   0.004585

   17 C   s            -0.156746   0.005646
          p_y          -0.113758   0.004152
          p_z          -0.032115   0.000313
          p_x           0.256940   0.021049

   18 H   s            -0.014335  -0.000009

   19 C   s            -0.168968   0.006516
          p_y           0.125678   0.005253
          p_z          -0.203793   0.013617
          p_x          -0.058597   0.001194

   20 C   s            -0.079178   0.001123
          p_y          -0.095889   0.002979
          p_z           0.312487   0.032660
          p_x          -0.103328   0.003778

   21 C   s             0.235176   0.011633
          p_y          -0.147877   0.006720
          p_z           0.121389   0.004781
          p_x           0.180762   0.009686

   22 H   s             0.038061   0.000438

   23 C   s             0.156358   0.005622
          p_y          -0.157620   0.007915
          p_z           0.117346   0.004340
          p_x           0.203737   0.013302

   24 H   s             0.057630   0.000583

   25 H   s             0.014210  -0.000010

   26 H   s            -0.038042   0.000438

   27 C   s            -0.234608   0.011580
          p_y          -0.099468   0.002906
          p_z          -0.043603   0.000694
          p_x           0.239365   0.017527

   28 C   s            -0.168980   0.006517
          p_y          -0.125710   0.005255
          p_z           0.203812   0.013619
          p_x           0.058640   0.001196

   29 H   s            -0.057790   0.000587

   30 C   s             0.168816   0.006505
          p_y          -0.019852   0.000143
          p_z          -0.157739   0.008092
          p_x           0.188061   0.011786

   31 C   s             0.156455   0.005628
          p_y           0.157661   0.007919
          p_z          -0.117349   0.004340
          p_x          -0.203812   0.013311

   32 H   s             0.014240  -0.000009

   33 C   s            -0.156574   0.005636
          p_y           0.113911   0.004163
          p_z           0.032005   0.000311
          p_x          -0.257152   0.021083

   34 H   s            -0.014348  -0.000009

   35 H   s            -0.057773   0.000587

   36 H   s             0.057770   0.000586

Eigenvector:  99    (down)

    1 C   s            -0.172735   0.006269
          p_y          -0.184850   0.010449
          p_z           0.353975   0.038519
          p_x           0.035029   0.000356

    2 C   s             0.206344   0.009503
          p_y           0.143005   0.006087
          p_z           0.011788   0.000044
          p_x          -0.296571   0.026250

    3 C   s             0.172770   0.006272
          p_y           0.006328   0.000015
          p_z          -0.297650   0.027297
          p_x           0.268456   0.022016

    4 C   s             0.000000  -0.000000
          p_y          -0.067997   0.001363
          p_z           0.231702   0.015829
          p_x          -0.083057   0.002034

    5 C   s            -0.228014   0.011099
          p_y          -0.099546   0.002956
          p_z          -0.174868   0.009554
          p_x           0.363441   0.040252

    6 H   s            -0.107503   0.002139

    7 C   s            -0.206353   0.009504
          p_y           0.179770   0.009649
          p_z          -0.113557   0.003873
          p_x          -0.251703   0.018867

    8 C   s            -0.000003   0.000000
          p_y           0.068000   0.001363
          p_z          -0.231703   0.015829
          p_x           0.083052   0.002034

    9 C   s             0.172767   0.006271
          p_y          -0.006332   0.000015
          p_z           0.297655   0.027298
          p_x          -0.268454   0.022015

   10 H   s             0.000002   0.000000

   11 C   s             0.096095   0.002294
          p_y           0.145044   0.006661
          p_z          -0.319311   0.031819
          p_x           0.011033   0.000023

   12 C   s             0.227955   0.011094
          p_y          -0.232782   0.016537
          p_z           0.279497   0.024135
          p_x           0.200787   0.012104

   13 H   s             0.107518   0.002140

   14 H   s             0.000004   0.000000

   15 C   s            -0.172732   0.006269
          p_y           0.184849   0.010449
          p_z          -0.353979   0.038519
          p_x          -0.035022   0.000356

   16 C   s            -0.206350   0.009504
          p_y          -0.179770   0.009649
          p_z           0.113564   0.003873
          p_x           0.251699   0.018866

   17 C   s            -0.174891   0.006490
          p_y           0.147101   0.006627
          p_z          -0.268247   0.022325
          p_x          -0.041120   0.000477

   18 H   s            -0.026812   0.000122

   19 C   s            -0.096082   0.002294
          p_y          -0.031195   0.000279
          p_z           0.283518   0.024957
          p_x          -0.204511   0.013288

   20 C   s             0.206343   0.009503
          p_y          -0.143002   0.006087
          p_z          -0.011793   0.000044
          p_x           0.296574   0.026251

   21 C   s             0.227957   0.011094
          p_y           0.232782   0.016537
          p_z          -0.279487   0.024134
          p_x          -0.200797   0.012105

   22 H   s             0.107518   0.002140

   23 C   s             0.174942   0.006494
          p_y           0.004272   0.000003
          p_z           0.220627   0.015192
          p_x          -0.215905   0.014242

   24 H   s             0.025403   0.000042

   25 H   s             0.026831   0.000122

   26 H   s            -0.107503   0.002139

   27 C   s            -0.228018   0.011099
          p_y           0.099550   0.002957
          p_z           0.174860   0.009553
          p_x          -0.363444   0.040253

   28 C   s            -0.096090   0.002294
          p_y           0.031192   0.000279
          p_z          -0.283518   0.024957
          p_x           0.204523   0.013290

   29 H   s            -0.025385   0.000042

   30 C   s             0.096096   0.002295
          p_y          -0.145046   0.006661
          p_z           0.319309   0.031819
          p_x          -0.011028   0.000023

   31 C   s             0.174956   0.006495
          p_y          -0.004266   0.000003
          p_z          -0.220634   0.015193
          p_x           0.215902   0.014241

   32 H   s             0.026835   0.000123

   33 C   s            -0.174901   0.006491
          p_y          -0.147096   0.006627
          p_z           0.268241   0.022324
          p_x           0.041112   0.000476

   34 H   s            -0.026814   0.000122

   35 H   s            -0.025385   0.000042

   36 H   s             0.025392   0.000042

Eigenvector: 100    (down)

    1 C   s            -0.073043   0.001198
          p_y           0.050034   0.000840
          p_z          -0.386691   0.045655
          p_x           0.265132   0.020657

    2 C   s            -0.119608   0.002828
          p_y          -0.012053   0.000038
          p_z          -0.192543   0.010835
          p_x           0.205677   0.012210

    3 C   s             0.072819   0.001192
          p_y          -0.189864   0.010659
          p_z           0.430703   0.056184
          p_x          -0.027575   0.000305

    4 C   s             0.302657   0.017438
          p_y           0.168229   0.008130
          p_z          -0.053233   0.000814
          p_x          -0.285759   0.023456

    5 C   s             0.160209   0.005515
          p_y           0.174312   0.008789
          p_z          -0.111603   0.003670
          p_x          -0.242687   0.016898

    6 H   s             0.041436   0.000254

    7 C   s             0.119636   0.002830
          p_y          -0.138978   0.005583
          p_z           0.240243   0.016808
          p_x           0.050648   0.000717

    8 C   s            -0.302659   0.017438
          p_y           0.168230   0.008130
          p_z          -0.053233   0.000814
          p_x          -0.285759   0.023456

    9 C   s            -0.072820   0.001192
          p_y          -0.189862   0.010659
          p_z           0.430700   0.056183
          p_x          -0.027574   0.000305

   10 H   s            -0.079326   0.000752

   11 C   s            -0.216287   0.009891
          p_y          -0.186166   0.010507
          p_z           0.256848   0.020291
          p_x           0.129751   0.004966

   12 C   s            -0.160087   0.005508
          p_y           0.137831   0.005442
          p_z           0.013303   0.000061
          p_x          -0.287441   0.023873

   13 H   s            -0.041410   0.000254

   14 H   s             0.079326   0.000752

   15 C   s             0.073046   0.001198
          p_y           0.050036   0.000840
          p_z          -0.386690   0.045655
          p_x           0.265130   0.020657

   16 C   s            -0.119632   0.002830
          p_y          -0.138976   0.005583
          p_z           0.240243   0.016808
          p_x           0.050644   0.000716

   17 C   s             0.264988   0.014745
          p_y          -0.108604   0.003540
          p_z           0.309057   0.028897
          p_x          -0.073965   0.001693

   18 H   s             0.057104   0.000450

   19 C   s             0.216284   0.009891
          p_y          -0.058561   0.000997
          p_z          -0.179931   0.010060
          p_x           0.285905   0.024732

   20 C   s             0.119611   0.002829
          p_y          -0.012054   0.000038
          p_z          -0.192536   0.010834
          p_x           0.205675   0.012210

   21 C   s             0.160083   0.005508
          p_y           0.137826   0.005441
          p_z           0.013308   0.000061
          p_x          -0.287441   0.023873

   22 H   s             0.041410   0.000254

   23 C   s            -0.265067   0.014753
          p_y           0.068299   0.001432
          p_z          -0.296382   0.026628
          p_x           0.142518   0.006081

   24 H   s            -0.052801   0.000303

   25 H   s            -0.057135   0.000450

   26 H   s            -0.041434   0.000254

   27 C   s            -0.160216   0.005516
          p_y           0.174305   0.008788
          p_z          -0.111603   0.003670
          p_x          -0.242676   0.016897

   28 C   s            -0.216287   0.009891
          p_y          -0.058562   0.000997
          p_z          -0.179930   0.010060
          p_x           0.285909   0.024732

   29 H   s             0.052781   0.000302

   30 C   s             0.216273   0.009890
          p_y          -0.186157   0.010506
          p_z           0.256822   0.020286
          p_x           0.129758   0.004966

   31 C   s             0.265076   0.014754
          p_y           0.068305   0.001432
          p_z          -0.296385   0.026629
          p_x           0.142514   0.006081

   32 H   s             0.057136   0.000451

   33 C   s            -0.264956   0.014742
          p_y          -0.108590   0.003540
          p_z           0.309049   0.028895
          p_x          -0.073996   0.001694

   34 H   s            -0.057107   0.000450

   35 H   s            -0.052781   0.000302

   36 H   s             0.052826   0.000303

Eigenvector: 101    (down)

    1 C   s            -0.060782   0.000864
          p_y          -0.125516   0.004460
          p_z           0.169731   0.008641
          p_x           0.090436   0.002071

    2 C   s             0.230517   0.009509
          p_y           0.141383   0.005736
          p_z          -0.178041   0.009171
          p_x          -0.114268   0.003702

    3 C   s             0.060748   0.000863
          p_y          -0.041372   0.000408
          p_z          -0.117112   0.004286
          p_x           0.193229   0.010485

    4 C   s             0.000020   0.000000
          p_y          -0.043110   0.000537
          p_z           0.146899   0.006241
          p_x          -0.052651   0.000802

    5 C   s             0.022058   0.000107
          p_y           0.197588   0.011475
          p_z          -0.422263   0.053777
          p_x           0.003608   0.000015

    6 H   s            -0.025240  -0.000020

    7 C   s            -0.230566   0.009513
          p_y           0.055112   0.000857
          p_z           0.116128   0.003929
          p_x          -0.219686   0.013836

    8 C   s             0.000063   0.000000
          p_y           0.043092   0.000537
          p_z          -0.146891   0.006240
          p_x           0.052681   0.000803

    9 C   s             0.060749   0.000863
          p_y           0.041386   0.000408
          p_z           0.117062   0.004283
          p_x          -0.193211   0.010483

   10 H   s             0.000016   0.000000

   11 C   s            -0.361832   0.025233
          p_y          -0.211077   0.013183
          p_z           0.170394   0.009082
          p_x           0.260768   0.019415

   12 C   s            -0.021981   0.000106
          p_y          -0.034755   0.000428
          p_z           0.370948   0.041890
          p_x          -0.280360   0.022965

   13 H   s             0.025254  -0.000020

   14 H   s             0.000012   0.000000

   15 C   s            -0.060786   0.000864
          p_y           0.125500   0.004459
          p_z          -0.169679   0.008636
          p_x          -0.090452   0.002072

   16 C   s            -0.230528   0.009510
          p_y          -0.055095   0.000856
          p_z          -0.116133   0.003929
          p_x           0.219660   0.013833

   17 C   s             0.330281   0.022925
          p_y          -0.079918   0.001969
          p_z           0.345535   0.035800
          p_x          -0.165431   0.007985

   18 H   s             0.065031   0.000338

   19 C   s             0.361877   0.025239
          p_y          -0.144288   0.005893
          p_z          -0.058670   0.001222
          p_x           0.342639   0.034587

   20 C   s             0.230470   0.009505
          p_y          -0.141362   0.005735
          p_z           0.178027   0.009169
          p_x           0.114242   0.003701

   21 C   s            -0.021984   0.000106
          p_y           0.034746   0.000428
          p_z          -0.370906   0.041881
          p_x           0.280343   0.022962

   22 H   s             0.025250  -0.000020

   23 C   s            -0.330367   0.022936
          p_y           0.126295   0.004681
          p_z          -0.360133   0.038721
          p_x           0.086893   0.002366

   24 H   s            -0.077413   0.000751

   25 H   s            -0.065056   0.000339

   26 H   s            -0.025237  -0.000020

   27 C   s             0.022076   0.000107
          p_y          -0.197567   0.011473
          p_z           0.422216   0.053765
          p_x          -0.003606   0.000015

   28 C   s             0.361849   0.025236
          p_y           0.144274   0.005891
          p_z           0.058676   0.001222
          p_x          -0.342618   0.034583

   29 H   s             0.077401   0.000751

   30 C   s            -0.361780   0.025226
          p_y           0.211050   0.013179
          p_z          -0.170354   0.009077
          p_x          -0.260753   0.019413

   31 C   s            -0.330353   0.022934
          p_y          -0.126290   0.004680
          p_z           0.360111   0.038717
          p_x          -0.086888   0.002366

   32 H   s            -0.065052   0.000339

   33 C   s             0.330201   0.022915
          p_y           0.079897   0.001968
          p_z          -0.345510   0.035794
          p_x           0.165464   0.007988

   34 H   s             0.065032   0.000338

   35 H   s             0.077395   0.000750

   36 H   s            -0.077460   0.000753

Eigenvector: 102    (down)

    1 C   s            -0.001927   0.000001
          p_y           0.118470   0.004242
          p_z          -0.378567   0.043574
          p_x           0.120792   0.004487

    2 C   s            -0.325611   0.018761
          p_y          -0.143069   0.005826
          p_z           0.072281   0.001508
          p_x           0.217394   0.013393

    3 C   s             0.001835   0.000001
          p_y          -0.102174   0.003200
          p_z           0.373373   0.042441
          p_x          -0.148560   0.006655

    4 C   s             0.313204   0.017262
          p_y           0.128978   0.004705
          p_z          -0.040759   0.000470
          p_x          -0.219136   0.013583

    5 C   s             0.029135   0.000188
          p_y          -0.137310   0.005670
          p_z           0.396673   0.047654
          p_x          -0.099778   0.003072

    6 H   s             0.029700  -0.000073

    7 C   s             0.325674   0.018769
          p_y          -0.125502   0.004460
          p_z           0.012387   0.000039
          p_x           0.238884   0.016233

    8 C   s            -0.313202   0.017261
          p_y           0.128982   0.004706
          p_z          -0.040774   0.000470
          p_x          -0.219130   0.013582

    9 C   s            -0.001827   0.000001
          p_y          -0.102170   0.003200
          p_z           0.373388   0.042445
          p_x          -0.148582   0.006657

   10 H   s            -0.028136  -0.000071

   11 C   s             0.309376   0.017973
          p_y           0.156566   0.007206
          p_z          -0.090379   0.002625
          p_x          -0.227300   0.014660

   12 C   s            -0.029162   0.000188
          p_y           0.090808   0.002529
          p_z          -0.381987   0.044268
          p_x           0.178961   0.009610

   13 H   s            -0.029695  -0.000074

   14 H   s             0.028136  -0.000071

   15 C   s             0.001918   0.000001
          p_y           0.118484   0.004243
          p_z          -0.378586   0.043578
          p_x           0.120784   0.004487

   16 C   s            -0.325704   0.018772
          p_y          -0.125508   0.004461
          p_z           0.012373   0.000039
          p_x           0.238913   0.016237

   17 C   s            -0.255007   0.013698
          p_y           0.048546   0.000749
          p_z          -0.258473   0.020010
          p_x           0.146147   0.006140

   18 H   s            -0.045585   0.000092

   19 C   s            -0.309427   0.017979
          p_y           0.130242   0.004779
          p_z           0.000198   0.000001
          p_x          -0.259657   0.019721

   20 C   s             0.325634   0.018764
          p_y          -0.143083   0.005827
          p_z           0.072295   0.001508
          p_x           0.217410   0.013395

   21 C   s             0.029161   0.000188
          p_y           0.090816   0.002530
          p_z          -0.382035   0.044279
          p_x           0.178995   0.009613

   22 H   s             0.029698  -0.000074

   23 C   s             0.255070   0.013704
          p_y          -0.107992   0.003378
          p_z           0.277181   0.022841
          p_x          -0.045386   0.000687

   24 H   s             0.063206   0.000521

   25 H   s             0.045599   0.000092

   26 H   s            -0.029705  -0.000073

   27 C   s            -0.029122   0.000188
          p_y          -0.137329   0.005672
          p_z           0.396722   0.047666
          p_x          -0.099789   0.003073

   28 C   s             0.309477   0.017985
          p_y           0.130261   0.004781
          p_z           0.000208   0.000001
          p_x          -0.259704   0.019728

   29 H   s            -0.063200   0.000521

   30 C   s            -0.309406   0.017976
          p_y           0.156583   0.007207
          p_z          -0.090374   0.002624
          p_x          -0.227341   0.014665

   31 C   s            -0.255120   0.013709
          p_y          -0.108014   0.003379
          p_z           0.277232   0.022850
          p_x          -0.045396   0.000687

   32 H   s            -0.045607   0.000092

   33 C   s             0.255003   0.013698
          p_y           0.048543   0.000749
          p_z          -0.258519   0.020016
          p_x           0.146208   0.006145

   34 H   s             0.045599   0.000092

   35 H   s             0.063211   0.000521

   36 H   s            -0.063262   0.000522

