 Fermi distribution function

Calculation with static geometry


********************************************************************************
 iSCC Total electronic   Diff electronic      SCC error    
   12   -0.86447707E+02   -0.46782134E-09    0.62376382E-05
********************************************************************************

 Total charge:    -0.00000000

 Atomic gross charges (e)
 Atom           Charge
    1       0.03468519
    2      -0.14128832
    3       0.04898286
    4      -0.13230787
    5       0.03470651
    6       0.11800942
    7      -0.14125019
    8      -0.15715034
    9       0.03285639
   10       0.10419000
   11      -0.06073094
   12       0.03118535
   13       0.10193277
   14       0.11044035
   15       0.04399614
   16      -0.13619301
   17      -0.09585216
   18       0.07580157
   19      -0.11649644
   20      -0.13214544
   21       0.03678481
   22       0.12478646
   23      -0.11011208
   24       0.07303785
   25       0.10313289
   26       0.09426592
   27       0.04144476
   28      -0.09452261
   29       0.07465545
   30      -0.11328540
   31      -0.13279235
   32       0.09014059
   33      -0.09487509
   34       0.11145944
   35       0.09663677
   36       0.07062930
   37       0.04122417
   38      -0.15091061
   39       0.05151029
   40      -0.15813161
   41       0.06735039
   42       0.12482011
   43      -0.14158375
   44      -0.14207582
   45       0.02646220
   46       0.12691278
   47      -0.10826191
   48       0.04149210
   49       0.10410904
   50       0.10723720
   51       0.02891036
   52      -0.15411124
   53      -0.11796946
   54       0.10875088
   55      -0.14725876
   56      -0.13445114
   57       0.07265316
   58       0.11507761
   59      -0.09894983
   60       0.09755091
   61       0.09897146
   62       0.11322860
   63       0.05661729
   64      -0.12200428
   65       0.08488089
   66      -0.12275857
   67      -0.12359170
   68       0.06546833
   69      -0.12248136
   70       0.13315702
   71       0.09650353
   72       0.08689317

Nr. of electrons (up):    204.00000000
Atom populations (up)
 Atom       Population
    1       3.96531481
    2       4.14128832
    3       3.95101714
    4       4.13230787
    5       3.96529349
    6       0.88199058
    7       4.14125019
    8       4.15715034
    9       3.96714361
   10       0.89581000
   11       4.06073094
   12       3.96881465
   13       0.89806723
   14       0.88955965
   15       3.95600386
   16       4.13619301
   17       4.09585216
   18       0.92419843
   19       4.11649644
   20       4.13214544
   21       3.96321519
   22       0.87521354
   23       4.11011208
   24       0.92696215
   25       0.89686711
   26       0.90573408
   27       3.95855524
   28       4.09452261
   29       0.92534455
   30       4.11328540
   31       4.13279235
   32       0.90985941
   33       4.09487509
   34       0.88854056
   35       0.90336323
   36       0.92937070
   37       3.95877583
   38       4.15091061
   39       3.94848971
   40       4.15813161
   41       3.93264961
   42       0.87517989
   43       4.14158375
   44       4.14207582
   45       3.97353780
   46       0.87308722
   47       4.10826191
   48       3.95850790
   49       0.89589096
   50       0.89276280
   51       3.97108964
   52       4.15411124
   53       4.11796946
   54       0.89124912
   55       4.14725876
   56       4.13445114
   57       3.92734684
   58       0.88492239
   59       4.09894983
   60       0.90244909
   61       0.90102854
   62       0.88677140
   63       3.94338271
   64       4.12200428
   65       0.91511911
   66       4.12275857
   67       4.12359170
   68       0.93453167
   69       4.12248136
   70       0.86684298
   71       0.90349647
   72       0.91310683

l-shell populations (up)
 Atom Sh.   l       Population
    1   1   0       1.18529633
    1   2   1       2.78001848
    2   1   0       1.23840129
    2   2   1       2.90288703
    3   1   0       1.18588699
    3   2   1       2.76513014
    4   1   0       1.26477762
    4   2   1       2.86753024
    5   1   0       1.19166376
    5   2   1       2.77362973
    6   1   0       0.88199058
    7   1   0       1.24758585
    7   2   1       2.89366434
    8   1   0       1.27311759
    8   2   1       2.88403275
    9   1   0       1.19469879
    9   2   1       2.77244481
   10   1   0       0.89581000
   11   1   0       1.23949373
   11   2   1       2.82123721
   12   1   0       1.20645546
   12   2   1       2.76235920
   13   1   0       0.89806723
   14   1   0       0.88955965
   15   1   0       1.20045280
   15   2   1       2.75555106
   16   1   0       1.23439447
   16   2   1       2.90179853
   17   1   0       1.22082819
   17   2   1       2.87502397
   18   1   0       0.92419843
   19   1   0       1.23080071
   19   2   1       2.88569573
   20   1   0       1.25422148
   20   2   1       2.87792396
   21   1   0       1.19700724
   21   2   1       2.76620796
   22   1   0       0.87521354
   23   1   0       1.22615831
   23   2   1       2.88395377
   24   1   0       0.92696215
   25   1   0       0.89686711
   26   1   0       0.90573408
   27   1   0       1.19159850
   27   2   1       2.76695674
   28   1   0       1.23782219
   28   2   1       2.85670042
   29   1   0       0.92534455
   30   1   0       1.23611475
   30   2   1       2.87717065
   31   1   0       1.21341117
   31   2   1       2.91938118
   32   1   0       0.90985941
   33   1   0       1.21610754
   33   2   1       2.87876755
   34   1   0       0.88854056
   35   1   0       0.90336323
   36   1   0       0.92937070
   37   1   0       1.18817886
   37   2   1       2.77059696
   38   1   0       1.24105177
   38   2   1       2.90985884
   39   1   0       1.17256608
   39   2   1       2.77592363
   40   1   0       1.23975879
   40   2   1       2.91837282
   41   1   0       1.17297449
   41   2   1       2.75967512
   42   1   0       0.87517989
   43   1   0       1.25257989
   43   2   1       2.88900387
   44   1   0       1.24844934
   44   2   1       2.89362648
   45   1   0       1.19626747
   45   2   1       2.77727032
   46   1   0       0.87308722
   47   1   0       1.25246551
   47   2   1       2.85579639
   48   1   0       1.18700778
   48   2   1       2.77150011
   49   1   0       0.89589096
   50   1   0       0.89276280
   51   1   0       1.18355690
   51   2   1       2.78753274
   52   1   0       1.23095715
   52   2   1       2.92315409
   53   1   0       1.23077939
   53   2   1       2.88719007
   54   1   0       0.89124912
   55   1   0       1.24492473
   55   2   1       2.90233402
   56   1   0       1.24554848
   56   2   1       2.88890266
   57   1   0       1.16157060
   57   2   1       2.76577624
   58   1   0       0.88492239
   59   1   0       1.22672765
   59   2   1       2.87222218
   60   1   0       0.90244909
   61   1   0       0.90102854
   62   1   0       0.88677140
   63   1   0       1.16987417
   63   2   1       2.77350854
   64   1   0       1.25696233
   64   2   1       2.86504195
   65   1   0       0.91511911
   66   1   0       1.26826462
   66   2   1       2.85449395
   67   1   0       1.24008888
   67   2   1       2.88350282
   68   1   0       0.93453167
   69   1   0       1.25637470
   69   2   1       2.86610666
   70   1   0       0.86684298
   71   1   0       0.90349647
   72   1   0       0.91310683

Orbital populations (up)
 Atom Sh.   l   m       Population  Label
    1   1   0   0       1.18529633  s
    1   2   1  -1       0.95013045  p_y
    1   2   1   0       0.92307992  p_z
    1   2   1   1       0.90680812  p_x
    2   1   0   0       1.23840129  s
    2   2   1  -1       1.00620780  p_y
    2   2   1   0       0.92902147  p_z
    2   2   1   1       0.96765776  p_x
    3   1   0   0       1.18588699  s
    3   2   1  -1       0.95050979  p_y
    3   2   1   0       0.91390479  p_z
    3   2   1   1       0.90071555  p_x
    4   1   0   0       1.26477762  s
    4   2   1  -1       0.99375334  p_y
    4   2   1   0       0.93161403  p_z
    4   2   1   1       0.94216287  p_x
    5   1   0   0       1.19166376  s
    5   2   1  -1       0.95426027  p_y
    5   2   1   0       0.92507379  p_z
    5   2   1   1       0.89429567  p_x
    6   1   0   0       0.88199058  s
    7   1   0   0       1.24758585  s
    7   2   1  -1       1.00732270  p_y
    7   2   1   0       0.93046163  p_z
    7   2   1   1       0.95588001  p_x
    8   1   0   0       1.27311759  s
    8   2   1  -1       1.00239765  p_y
    8   2   1   0       0.92632232  p_z
    8   2   1   1       0.95531277  p_x
    9   1   0   0       1.19469879  s
    9   2   1  -1       0.95261285  p_y
    9   2   1   0       0.91366622  p_z
    9   2   1   1       0.90616574  p_x
   10   1   0   0       0.89581000  s
   11   1   0   0       1.23949373  s
   11   2   1  -1       0.95626118  p_y
   11   2   1   0       0.93856520  p_z
   11   2   1   1       0.92641084  p_x
   12   1   0   0       1.20645546  s
   12   2   1  -1       0.94145213  p_y
   12   2   1   0       0.90830938  p_z
   12   2   1   1       0.91259768  p_x
   13   1   0   0       0.89806723  s
   14   1   0   0       0.88955965  s
   15   1   0   0       1.20045280  s
   15   2   1  -1       0.96053380  p_y
   15   2   1   0       0.89694835  p_z
   15   2   1   1       0.89806892  p_x
   16   1   0   0       1.23439447  s
   16   2   1  -1       0.99677944  p_y
   16   2   1   0       0.94357503  p_z
   16   2   1   1       0.96144406  p_x
   17   1   0   0       1.22082819  s
   17   2   1  -1       0.99366395  p_y
   17   2   1   0       0.94322801  p_z
   17   2   1   1       0.93813201  p_x
   18   1   0   0       0.92419843  s
   19   1   0   0       1.23080071  s
   19   2   1  -1       0.97840831  p_y
   19   2   1   0       0.94071695  p_z
   19   2   1   1       0.96657047  p_x
   20   1   0   0       1.25422148  s
   20   2   1  -1       1.00040659  p_y
   20   2   1   0       0.94074724  p_z
   20   2   1   1       0.93677013  p_x
   21   1   0   0       1.19700724  s
   21   2   1  -1       0.95613889  p_y
   21   2   1   0       0.89937732  p_z
   21   2   1   1       0.91069175  p_x
   22   1   0   0       0.87521354  s
   23   1   0   0       1.22615831  s
   23   2   1  -1       0.99399743  p_y
   23   2   1   0       0.96397386  p_z
   23   2   1   1       0.92598247  p_x
   24   1   0   0       0.92696215  s
   25   1   0   0       0.89686711  s
   26   1   0   0       0.90573408  s
   27   1   0   0       1.19159850  s
   27   2   1  -1       0.94923054  p_y
   27   2   1   0       0.91115332  p_z
   27   2   1   1       0.90657288  p_x
   28   1   0   0       1.23782219  s
   28   2   1  -1       0.97413920  p_y
   28   2   1   0       0.92378186  p_z
   28   2   1   1       0.95877936  p_x
   29   1   0   0       0.92534455  s
   30   1   0   0       1.23611475  s
   30   2   1  -1       0.99206226  p_y
   30   2   1   0       0.93108972  p_z
   30   2   1   1       0.95401867  p_x
   31   1   0   0       1.21341117  s
   31   2   1  -1       0.99880789  p_y
   31   2   1   0       0.97155912  p_z
   31   2   1   1       0.94901417  p_x
   32   1   0   0       0.90985941  s
   33   1   0   0       1.21610754  s
   33   2   1  -1       0.98385113  p_y
   33   2   1   0       0.95191371  p_z
   33   2   1   1       0.94300272  p_x
   34   1   0   0       0.88854056  s
   35   1   0   0       0.90336323  s
   36   1   0   0       0.92937070  s
   37   1   0   0       1.18817886  s
   37   2   1  -1       0.95513378  p_y
   37   2   1   0       0.89792285  p_z
   37   2   1   1       0.91754033  p_x
   38   1   0   0       1.24105177  s
   38   2   1  -1       1.00655330  p_y
   38   2   1   0       0.93179081  p_z
   38   2   1   1       0.97151473  p_x
   39   1   0   0       1.17256608  s
   39   2   1  -1       0.94759499  p_y
   39   2   1   0       0.91108281  p_z
   39   2   1   1       0.91724583  p_x
   40   1   0   0       1.23975879  s
   40   2   1  -1       1.01188988  p_y
   40   2   1   0       0.92502605  p_z
   40   2   1   1       0.98145689  p_x
   41   1   0   0       1.17297449  s
   41   2   1  -1       0.95419716  p_y
   41   2   1   0       0.90027830  p_z
   41   2   1   1       0.90519967  p_x
   42   1   0   0       0.87517989  s
   43   1   0   0       1.25257989  s
   43   2   1  -1       1.00082889  p_y
   43   2   1   0       0.93404361  p_z
   43   2   1   1       0.95413137  p_x
   44   1   0   0       1.24844934  s
   44   2   1  -1       0.99831893  p_y
   44   2   1   0       0.93831339  p_z
   44   2   1   1       0.95699416  p_x
   45   1   0   0       1.19626747  s
   45   2   1  -1       0.95617902  p_y
   45   2   1   0       0.90038690  p_z
   45   2   1   1       0.92070441  p_x
   46   1   0   0       0.87308722  s
   47   1   0   0       1.25246551  s
   47   2   1  -1       0.97414048  p_y
   47   2   1   0       0.93430354  p_z
   47   2   1   1       0.94735237  p_x
   48   1   0   0       1.18700778  s
   48   2   1  -1       0.95128804  p_y
   48   2   1   0       0.89993130  p_z
   48   2   1   1       0.92028077  p_x
   49   1   0   0       0.89589096  s
   50   1   0   0       0.89276280  s
   51   1   0   0       1.18355690  s
   51   2   1  -1       0.95453441  p_y
   51   2   1   0       0.91229885  p_z
   51   2   1   1       0.92069947  p_x
   52   1   0   0       1.23095715  s
   52   2   1  -1       1.01142371  p_y
   52   2   1   0       0.93336156  p_z
   52   2   1   1       0.97836881  p_x
   53   1   0   0       1.23077939  s
   53   2   1  -1       1.00216053  p_y
   53   2   1   0       0.94875545  p_z
   53   2   1   1       0.93627409  p_x
   54   1   0   0       0.89124912  s
   55   1   0   0       1.24492473  s
   55   2   1  -1       1.01536178  p_y
   55   2   1   0       0.93582303  p_z
   55   2   1   1       0.95114921  p_x
   56   1   0   0       1.24554848  s
   56   2   1  -1       0.99242558  p_y
   56   2   1   0       0.93781349  p_z
   56   2   1   1       0.95866359  p_x
   57   1   0   0       1.16157060  s
   57   2   1  -1       0.95896502  p_y
   57   2   1   0       0.88483175  p_z
   57   2   1   1       0.92197947  p_x
   58   1   0   0       0.88492239  s
   59   1   0   0       1.22672765  s
   59   2   1  -1       0.98990996  p_y
   59   2   1   0       0.95584795  p_z
   59   2   1   1       0.92646428  p_x
   60   1   0   0       0.90244909  s
   61   1   0   0       0.90102854  s
   62   1   0   0       0.88677140  s
   63   1   0   0       1.16987417  s
   63   2   1  -1       0.96033288  p_y
   63   2   1   0       0.90914850  p_z
   63   2   1   1       0.90402717  p_x
   64   1   0   0       1.25696233  s
   64   2   1  -1       1.01108241  p_y
   64   2   1   0       0.90526226  p_z
   64   2   1   1       0.94869729  p_x
   65   1   0   0       0.91511911  s
   66   1   0   0       1.26826462  s
   66   2   1  -1       0.97552158  p_y
   66   2   1   0       0.92272213  p_z
   66   2   1   1       0.95625023  p_x
   67   1   0   0       1.24008888  s
   67   2   1  -1       0.99142274  p_y
   67   2   1   0       0.94945816  p_z
   67   2   1   1       0.94262192  p_x
   68   1   0   0       0.93453167  s
   69   1   0   0       1.25637470  s
   69   2   1  -1       1.00593922  p_y
   69   2   1   0       0.92258648  p_z
   69   2   1   1       0.93758096  p_x
   70   1   0   0       0.86684298  s
   71   1   0   0       0.90349647  s
   72   1   0   0       0.91310683  s

Fermi level:                        -0.1403109868 H           -3.8181 eV
Band energy:                       -80.1914243079 H        -2182.1197 eV
TS:                                  0.0000000000 H            0.0000 eV
Band free energy (E-TS):           -80.1914243079 H        -2182.1197 eV
Extrapolated E(0K):                -80.1914243079 H        -2182.1197 eV
Input / Output electrons (q):    204.0000000000    204.0000000000

Energy H0:                         -86.4396325018 H        -2352.1421 eV
Energy SCC:                         -0.0069987674 H           -0.1904 eV
Energy 3rd:                         -0.0010754309 H           -0.0293 eV
Total Electronic energy:           -86.4477067001 H        -2352.3618 eV
Repulsive energy:                    0.7870204500 H           21.4159 eV
Total energy:                      -85.6606862501 H        -2330.9459 eV
Extrapolated to 0:                 -85.6606862501 H        -2330.9459 eV
Total Mermin free energy:          -85.6606862501 H        -2330.9459 eV
Force related energy:              -85.6606862501 H        -2330.9459 eV

Non-constrained calculation

SCC converged

Total Forces
    1     -0.012907800467     -0.002748900676      0.040274282743
    2      0.058549906681     -0.015916171067     -0.013664842779
    3      0.024473494147      0.007287780326     -0.032391302140
    4     -0.006989076588      0.005311270995     -0.042101129725
    5      0.012440110017     -0.034837564301      0.024932483155
    6     -0.043222532836      0.021288628234     -0.009642843819
    7     -0.029091255514     -0.008527134992      0.040143848484
    8     -0.035826108343      0.003912389004     -0.008311519706
    9     -0.005034555500     -0.005148019979      0.048524438825
   10      0.043441855824     -0.014020129802     -0.002322348324
   11     -0.045756249848      0.048283481713     -0.046967469376
   12      0.004900601983     -0.000453291775     -0.019880746167
   13     -0.002046637574      0.000966352886     -0.002552372858
   14     -0.015363825188      0.014356544849     -0.008338928013
   15      0.026044375249     -0.009923591851      0.022496201472
   16      0.056921611783     -0.022623552446     -0.014570589446
   17      0.023971753425     -0.017697478113      0.036313800160
   18      0.044208901755     -0.018718044952      0.013226286528
   19     -0.016854448714      0.031585749857     -0.023413870060
   20      0.017657648558     -0.017959748682      0.024632278330
   21     -0.006610835105     -0.005799946798     -0.000636603543
   22     -0.036351284704      0.024467757636     -0.013818275310
   23     -0.027740827840     -0.001611495083      0.002417447828
   24     -0.004206694943      0.006306305953     -0.015564977649
   25      0.024322665126     -0.007409308808     -0.002571344146
   26     -0.045624626304      0.015539415924      0.001831559077
   27     -0.006615560692      0.021001486725     -0.039878814726
   28     -0.028604091916      0.007119022118      0.019823407465
   29      0.010483030145     -0.011960375447      0.014270088199
   30     -0.041126890500      0.009291760754      0.025244185874
   31      0.027947624136     -0.037848238843      0.053016194457
   32      0.011152699524     -0.010632487244      0.014965561959
   33      0.001370750702      0.011535672587     -0.016395848476
   34      0.015200727471     -0.009025826370      0.003443707276
   35     -0.009672977169      0.030193112110     -0.058168669597
   36      0.016261216763     -0.003853268636     -0.013870944270
   37      0.017799581249      0.010446502011     -0.006566946421
   38     -0.069878384634     -0.035764718435      0.001006602630
   39     -0.018353035891     -0.014929898283      0.029034684895
   40     -0.083464970526     -0.044510216063     -0.018540067612
   41      0.028018371784      0.005585689967     -0.004158647221
   42      0.044746717031      0.020148342072      0.019810652671
   43      0.004481754121      0.016290075963     -0.058293137669
   44     -0.002876989348      0.005858465537     -0.004286759204
   45      0.015794287364      0.007772084746     -0.001428758440
   46      0.060174726408      0.029527971455      0.031979826073
   47     -0.000704480001      0.007774448517     -0.047260964017
   48     -0.028474285110     -0.015973291128     -0.003708900227
   49      0.027162956005      0.008394099802      0.014475850169
   50      0.012428775329      0.002499461351     -0.003040871756
   51     -0.017048417176     -0.012880929515      0.016496487605
   52     -0.003211175426      0.008298860935     -0.063839565487
   53     -0.032356179141     -0.022459976421      0.065716289219
   54     -0.005545966561     -0.002948443615      0.019603503027
   55      0.054763172040      0.028156032025      0.017012318497
   56      0.012210168033      0.015588479242     -0.053030554455
   57      0.002477064326     -0.013315791551      0.054472299606
   58      0.034894762224      0.015714640558      0.026448676163
   59     -0.032490492693     -0.017387972960      0.025250342017
   60      0.014401294993      0.008821553103     -0.023911023306
   61     -0.012619666310     -0.005748251600     -0.015917845602
   62      0.006320905350      0.000511222424      0.006108682436
   63     -0.062398669800     -0.027157535736      0.038270359741
   64     -0.004599880429     -0.015753413861      0.049425193194
   65      0.001744411046      0.003762907653     -0.031879044342
   66      0.041770552267      0.001813027516      0.089545004487
   67      0.007499289870      0.017007783988     -0.080925297993
   68     -0.012973220734      0.004964004760     -0.029102486760
   69      0.020725195158      0.021529141656     -0.058274346642
   70     -0.020372091235     -0.006172931177     -0.026244526236
   71      0.001240502046     -0.004177305106      0.031596051715
   72     -0.000858849070     -0.002766937959     -0.006123839611

Maximal derivative component:        0.895450E-01 au

Forces on external charges
     -0.000001889433     -0.000000843538     -0.000001846958
     -0.000007145929     -0.000003187112     -0.000003977728
     -0.000001323529     -0.000001086543     -0.000001948697
     -0.000003492345     -0.000000517286     -0.000003477858
     -0.000003620607     -0.000002867399     -0.000001139686
      0.000009595492      0.000002090457      0.000003359335
     -0.000005026293     -0.000005467366     -0.000004819952
     -0.000001808118     -0.000001421676     -0.000004855718
     -0.000000749383     -0.000000051724     -0.000001151515
      0.000004946413     -0.000000087483      0.000003431069
     -0.000011812491     -0.000008930167      0.000001093755
     -0.000002989325     -0.000003472044     -0.000000900592
      0.000006278670      0.000006083268      0.000006700325
      0.000001643313      0.000001693501      0.000006548795
     -0.000000542123     -0.000000169170     -0.000001493063
     -0.000001602606      0.000000293949     -0.000002149368
     -0.000011612126     -0.000015480180      0.000008895638
      0.000013376790      0.000005605194     -0.000001766783
     -0.000009495570     -0.000012236879      0.000006740748
     -0.000000560363     -0.000000009319     -0.000002888579
     -0.000000366341      0.000000128863     -0.000000720280
      0.000002590404     -0.000000599392      0.000002291899
     -0.000007510668     -0.000015817621      0.000016818037
      0.000010901388      0.000013660182     -0.000012635540
      0.000014405121      0.000009035168     -0.000007921002
      0.000000109294     -0.000000061363      0.000003971527
     -0.000000209047      0.000000098902     -0.000000855630
     -0.000000884787      0.000000421787     -0.000001407479
      0.000001507371      0.000012677790     -0.000032247208
     -0.000000145817      0.000000347855     -0.000001822213
     -0.000000542158      0.000000418621     -0.000001275641
      0.000001220828     -0.000000491745      0.000001226234
     -0.000000209906      0.000000404430     -0.000001451000
     -0.000000228277     -0.000000421002      0.000002074787
      0.000000567050     -0.000000424171      0.000001037149
      0.000000031252     -0.000000395631      0.000001220806
     -0.000062826777      0.000073343799      0.000009630348
     -0.000180444841      0.000074953152     -0.000010318627
      0.000021250821      0.000073033010      0.000043156202
     -0.000188255764      0.000102007381     -0.000049533006
     -0.000060998574      0.000056268912      0.000016148583
      0.000184913903      0.000056469004      0.000062477794
      0.000101471257      0.000110711380      0.000120368480
      0.000157588414      0.000144637043      0.000107787878
     -0.000058212722      0.000067010820     -0.000015831635
      0.000176058158      0.000027750610      0.000094342724
     -0.000193179604      0.000028129685      0.000008475339
      0.000011400027      0.000064953817      0.000046873463
     -0.000146241177     -0.000013329718     -0.000108322751
     -0.000190383394     -0.000026681050     -0.000076426811
      0.000027165736      0.000093984040      0.000027810854
     -0.000209940089      0.000062151511     -0.000108281625
     -0.000209883872      0.000073009296      0.000037654473
      0.000140748940      0.000083539961      0.000029302148
      0.000093333718      0.000090259917      0.000161137415
      0.000151645842      0.000167132586      0.000062823797
     -0.000062436119      0.000058426404     -0.000041009934
      0.000188364177      0.000122459856      0.000156666876
     -0.000000926563      0.000124718633      0.000156094562
      0.000218020527      0.000046499089      0.000053252199
     -0.000100279947      0.000029992845     -0.000114184296
     -0.000174123087     -0.000059020616     -0.000030348405
      0.000025154994      0.000084376871     -0.000017400004
     -0.000164509359     -0.000016032869     -0.000049268292
     -0.000037273921     -0.000026689406     -0.000143471533
      0.000050565220      0.000076325187     -0.000053211364
     -0.000070935398      0.000035826623     -0.000025457102
      0.000144667032      0.000135027729      0.000021080523
     -0.000001088546      0.000051772640     -0.000042412396
     -0.000060565335     -0.000028953979      0.000038509781
      0.000060629106     -0.000006011612      0.000005144420
     -0.000004796404     -0.000023698779      0.000029557823
     -0.000000671844     -0.000001374986      0.000002231999
     -0.000002033732     -0.000002314350      0.000004166352
     -0.000000073524     -0.000001097177      0.000001724037
     -0.000002966454     -0.000005532838      0.000008793805
     -0.000000559005     -0.000000654654      0.000001244697
      0.000003775797      0.000002850428     -0.000005294041
     -0.000000195029     -0.000001940818      0.000003500613
      0.000001348240     -0.000004012325      0.000005370657
     -0.000000313882     -0.000003170516      0.000004306972
      0.000007013434      0.000006980599     -0.000012362938
     -0.000001654502     -0.000001334865      0.000002699131
     -0.000000273329     -0.000000602853      0.000001162586
     -0.000000430683      0.000002183117     -0.000004241376
     -0.000002670953      0.000004020864     -0.000005624854
      0.000000997876     -0.000002922574      0.000003168707
     -0.000003024261     -0.000015273297      0.000022255620
     -0.000001279497     -0.000001102010      0.000002413246
      0.000002405798      0.000001457006     -0.000002980650
     -0.000000550980     -0.000001262875      0.000002655319
      0.000006669701     -0.000010456687      0.000006380147
      0.000002439338     -0.000010489248      0.000012883269
      0.000014444363      0.000020298487     -0.000034312121
     -0.000000796802     -0.000001085310      0.000002414392
      0.000001334631      0.000000929091     -0.000002121728
      0.000000194405      0.000001300254     -0.000002866323
     -0.000008218205      0.000008339832     -0.000003209435
      0.000005747313     -0.000009656453      0.000005692150
     -0.000000015943     -0.000059475284      0.000086282109
      0.000000634175      0.000000926556     -0.000002183417
      0.000030717636     -0.000041897890      0.000007292960
      0.000083694695     -0.000070476279      0.000145577958
      0.000041308926      0.000100091839     -0.000120435165
      0.000098130129     -0.000062271175      0.000061142197
     -0.000020036846      0.000022270357      0.000011362008
     -0.000282133458      0.000177675242     -0.000243916598
     -0.000160974576      0.000063404923     -0.000000731908
     -0.000012903547      0.000007897382     -0.000001663245
     -0.000032340826      0.000009520631     -0.000009482688
     -0.000007924660      0.000015055632      0.000001714134
     -0.000030123815      0.000011868448     -0.000004284098
     -0.000012782365      0.000008802899     -0.000003283771
      0.000035715272      0.000003143366      0.000015005897
     -0.000011828164      0.000048100059      0.000007955965
     -0.000008385291      0.000049843124      0.000010856922
     -0.000009233883      0.000008431738     -0.000000499397
      0.000034692945     -0.000001160407      0.000007484410
     -0.000033242629      0.000016748483     -0.000012414512
     -0.000008463719      0.000016162795      0.000000600428
     -0.000013380343     -0.000067457521     -0.000020241425
     -0.000017444708     -0.000069942229     -0.000023231983
     -0.000005671194      0.000016943569      0.000002012624
     -0.000022652475      0.000016600510     -0.000003767805
     -0.000032862213      0.000031135507     -0.000006350824
      0.000033637787     -0.000002462756      0.000018753303
     -0.000011689517      0.000055866556      0.000009730597
      0.000000254917      0.000046565377      0.000003884968
     -0.000006507267      0.000009679953     -0.000002286857
      0.000027991112     -0.000008218276      0.000005398525
     -0.000022457580      0.000052497249      0.000007396057
      0.000030969426     -0.000023542035      0.000007137281
     -0.000012490965     -0.000064367215     -0.000020470401
     -0.000023851014     -0.000061766605     -0.000009902532
     -0.000002373573      0.000016187911     -0.000001847170
     -0.000015497057      0.000016896547     -0.000008284129
      0.000014365816     -0.000059744152     -0.000018578876
      0.000005173852      0.000044110854     -0.000012113464
     -0.000010368413      0.000019626275     -0.000012181702
      0.000016751692     -0.000009220413      0.000006413697
     -0.000001036435      0.000030013502     -0.000015987204
     -0.000025386353     -0.000051785659      0.000010752764
      0.000009336596     -0.000012049898      0.000010132626
     -0.000004925086     -0.000023927313      0.000016313590
     -0.000000856739     -0.000000775225      0.000001550290
     -0.000002075104     -0.000002779433      0.000006001409
     -0.000001140258     -0.000000609287      0.000001146280
     -0.000001293776     -0.000001617088      0.000002869680
     -0.000001619300     -0.000001543800      0.000004052102
      0.000001138077      0.000003757178     -0.000007643505
     -0.000005340858     -0.000001633498      0.000003980929
     -0.000002619169     -0.000001438566      0.000001934525
     -0.000000458380     -0.000000470320      0.000000722459
      0.000001069852      0.000002215065     -0.000003880373
     -0.000002525489     -0.000008327202      0.000018682962
     -0.000002861642     -0.000001004525      0.000003441770
      0.000007938987      0.000001715063     -0.000002762176
      0.000003952056      0.000001818129     -0.000001718942
     -0.000000692660     -0.000000499045      0.000000675277
     -0.000000871563     -0.000001096755      0.000001607329
     -0.000006368640     -0.000021265439      0.000038946083
     -0.000001398416      0.000009257781     -0.000017474422
     -0.000018438488     -0.000003422111      0.000016306501
     -0.000001529974     -0.000001045300      0.000001214803
     -0.000000344545     -0.000000358947      0.000000482657
      0.000000801639      0.000001486373     -0.000002266003
     -0.000027368258     -0.000020915042      0.000045348878
     -0.000005257716      0.000037695981     -0.000049248363
      0.000024533547     -0.000001527107     -0.000006758856
      0.000002357819      0.000001364226     -0.000001311260
     -0.000000456007     -0.000000361014      0.000000438176
     -0.000000729071     -0.000000878980      0.000001178277
      0.000063010752      0.000057765145     -0.000078096056
     -0.000001172176     -0.000000840173      0.000000941055
     -0.000000794187     -0.000000805939      0.000001012848
      0.000000608066      0.000000988591     -0.000001389503
     -0.000000999571     -0.000000789186      0.000000917885
      0.000001521995      0.000000935872     -0.000000939718
      0.000000684750      0.000000763006     -0.000000963349
      0.000000986379      0.000000707790     -0.000000786924
      0.000001581769      0.000001989445      0.000005047000
      0.000008488449      0.000006282195      0.000014646219
      0.000000241741      0.000002377241      0.000004414959
      0.000003304724      0.000002381963      0.000009963895
      0.000004248953      0.000004557540      0.000006811990
     -0.000015085162     -0.000005051050     -0.000017196409
      0.000000071353      0.000010307420      0.000013315852
     -0.000001421381      0.000004631588      0.000009528106
      0.000000381784      0.000000642268      0.000002931925
     -0.000006234999     -0.000001798697     -0.000011816933
      0.000020382525      0.000012782429      0.000017846595
      0.000001777021      0.000005498460      0.000006313394
      0.000003701772     -0.000014454545     -0.000015136149
      0.000003840942     -0.000006523767     -0.000011056802
     -0.000000283745      0.000001046936      0.000003211572
      0.000000873756      0.000000783769      0.000006170566
      0.000024980959      0.000021546982      0.000020399017
     -0.000026726735     -0.000007144612     -0.000015224552
      0.000003819991      0.000021938141      0.000017323214
     -0.000001553608      0.000001794941      0.000006059114
     -0.000000032330      0.000000252111      0.000001944955
     -0.000002152610     -0.000000409422     -0.000007773404
      0.000012608443      0.000027810340      0.000019851775
     -0.000032913712     -0.000016921356     -0.000016174109
      0.000002631213     -0.000023340749     -0.000015200424
      0.000003129045     -0.000002715564     -0.000007202086
     -0.000000384527      0.000000398719      0.000001972035
      0.000000034636      0.000000304635      0.000004297957
     -0.000010384309     -0.000033541708     -0.000018031465
     -0.000001366857      0.000000842995      0.000004151457
     -0.000000483093      0.000000270077      0.000003824686
     -0.000000646386     -0.000000104341     -0.000004694083
     -0.000001062036      0.000000490184      0.000003698982
      0.000002127365     -0.000001152588     -0.000004321663
      0.000000362481     -0.000000096917     -0.000003471559
      0.000001232268     -0.000000407894     -0.000003139523
     -0.000000971467     -0.000000100497      0.000000212836
     -0.000002561602      0.000000155070      0.000001432131
     -0.000000926493     -0.000000174545     -0.000000009961
     -0.000002108596     -0.000000352350      0.000000205407
     -0.000001152633      0.000000274101      0.000000772159
      0.000003184328     -0.000000279143     -0.000002401037
     -0.000003029316     -0.000000335953      0.000000230802
     -0.000002156062     -0.000000717345     -0.000000711667
     -0.000000644356     -0.000000160867     -0.000000130393
      0.000002705753      0.000000349781     -0.000000606872
     -0.000002678486      0.000001688403      0.000003116183
     -0.000001286231      0.000000146044      0.000000465578
      0.000003972391      0.000000826661      0.000000358853
      0.000002746308      0.000001208356      0.000001445724
     -0.000000692455     -0.000000232512     -0.000000294608
     -0.000001460825     -0.000000344735     -0.000000452738
     -0.000003079696      0.000002961133      0.000003652124
      0.000002406080     -0.000001945615     -0.000003998112
     -0.000004159696      0.000000956666      0.000001499124
     -0.000001280245     -0.000000539841     -0.000001014578
     -0.000000447654     -0.000000120116     -0.000000274385
      0.000001994872      0.000000361242      0.000000331912
     -0.000004199860      0.000002542060      0.000002693211
      0.000002339975     -0.000004039731     -0.000004272515
      0.000005036225     -0.000000342879     -0.000000767399
      0.000001503014      0.000000809279      0.000001607883
     -0.000000415329     -0.000000151795     -0.000000370400
     -0.000001071847     -0.000000211914     -0.000000714000
      0.000004646277     -0.000003133334     -0.000002406002
     -0.000000798704     -0.000000326102     -0.000001114390
     -0.000000856039     -0.000000161894     -0.000000869034
      0.000001296931      0.000000180584      0.000000647590
     -0.000000700610     -0.000000200889     -0.000001035607
      0.000000744962      0.000000407453      0.000001400794
      0.000000791970      0.000000083526      0.000000808113
      0.000000513377      0.000000135383      0.000001039714
     -0.000000474088      0.000000559070     -0.000000530875
     -0.000000452931      0.000000937391     -0.000001283132
     -0.000000600966      0.000000393630     -0.000000185625
     -0.000001472964      0.000002540529     -0.000002207558
     -0.000000187618      0.000000250570     -0.000000338130
     -0.000000107157     -0.000001191896      0.000001976268
     -0.000001236320      0.000000665712     -0.000000348465
     -0.000002550393      0.000001370045      0.000000303569
     -0.000001155179      0.000001447462     -0.000000452239
      0.000000436191     -0.000003532021      0.000004245439
     -0.000000161511      0.000000500424     -0.000000805227
     -0.000000303579      0.000000212542     -0.000000208811
      0.000001783277     -0.000000661007      0.000000002909
      0.000003247065     -0.000001116215     -0.000001212274
     -0.000001417820      0.000001090251      0.000000250075
     -0.000004654460      0.000009333351     -0.000001871921
     -0.000000241886      0.000000387516     -0.000000593193
     -0.000000158083     -0.000000561438      0.000001013075
     -0.000000700011      0.000000400262     -0.000000384512
     -0.000004625286      0.000003422759      0.000003291371
     -0.000002769164      0.000006417125      0.000001808101
      0.000003303681     -0.000014975005      0.000009491656
     -0.000000463276      0.000000356955     -0.000000451963
      0.000000105278     -0.000000317171      0.000000524291
      0.000000892007     -0.000000355883      0.000000218410
      0.000005279445     -0.000002619990     -0.000005343912
     -0.000002575455      0.000003319572      0.000002825733
     -0.000006536427      0.000061028792      0.000011314318
      0.000000438672     -0.000000275983      0.000000346857
     -0.000006811736      0.000009755947      0.000016834434
     -0.000017405251      0.000093446103      0.000024105417
      0.000012856519     -0.000123976905      0.000020642455
     -0.000007939356      0.000028662837      0.000040143479
      0.000005321649     -0.000003909423     -0.000016271661
      0.000116464991     -0.000254899441      0.000047094252
     -0.000004149100     -0.000026633407     -0.000065660481
      0.000000043799     -0.000000470676      0.000001281825
     -0.000000479135     -0.000001263459      0.000002681490
      0.000000337820     -0.000000327996      0.000001016179
     -0.000000233264     -0.000001020525      0.000004098888
     -0.000000107647     -0.000000435094      0.000000898824
      0.000001490206      0.000001874192     -0.000003449012
      0.000000743313     -0.000000840294      0.000002304696
      0.000001930071     -0.000000572952      0.000002832090
      0.000000346382      0.000000031251      0.000001572235
      0.000001856069      0.000001557273     -0.000005793613
     -0.000000610364     -0.000001122896      0.000002068408
      0.000000091283     -0.000000351596      0.000000827111
     -0.000001377034      0.000000918517     -0.000002747394
     -0.000003107565      0.000000517725     -0.000003025288
      0.000000905725     -0.000000000089      0.000001332744
      0.000000295677      0.000003789256      0.000005429328
     -0.000000433561     -0.000000998386      0.000001920002
      0.000001180860      0.000001408940     -0.000002306738
      0.000000260004     -0.000000828511      0.000001965155
      0.000003746996      0.000001519180      0.000002736723
      0.000000084434      0.000003978462      0.000002178959
      0.000002314670     -0.000006335588     -0.000010426245
     -0.000000062387     -0.000000870124      0.000001881877
      0.000000609462      0.000000961190     -0.000001735144
     -0.000000607574      0.000000806184     -0.000002098197
     -0.000005789106     -0.000001875339     -0.000002072342
      0.000001633134      0.000002275247      0.000001372094
     -0.000014662573      0.000045367413      0.000020317638
      0.000000023619      0.000000782692     -0.000001744851
      0.000007854838      0.000011871482      0.000001600980
      0.000006073627      0.000063217372      0.000058045710
      0.000019557736     -0.000092190575     -0.000046477114
      0.000013813455      0.000034189518      0.000007733861
     -0.000009067049     -0.000009183373      0.000002469852
     -0.000103892457     -0.000108985960     -0.000220672963
     -0.000018864745     -0.000045974749      0.000003839741
     -0.000001126368     -0.000000603444     -0.000001122218
     -0.000004004652     -0.000001738820     -0.000001564851
     -0.000000957234     -0.000000594543     -0.000001728727
     -0.000001833201     -0.000000948322     -0.000002284336
     -0.000002563144     -0.000000889627     -0.000000371833
      0.000004748146      0.000001773242      0.000000857547
     -0.000005263453     -0.000002768546     -0.000006879117
     -0.000000796274     -0.000000709917     -0.000005080385
     -0.000000361667     -0.000000208815     -0.000000910967
      0.000002454716      0.000001054507      0.000002123121
     -0.000007603466     -0.000001243101      0.000002045986
     -0.000003324104     -0.000001295952     -0.000001527227
      0.000007121051      0.000003882232      0.000016080764
     -0.000000262287      0.000000098899      0.000008603153
     -0.000000165208     -0.000000159831     -0.000001351113
     -0.000000701316     -0.000000298497     -0.000001888646
     -0.000012005158      0.000000429897      0.000005518851
      0.000006558449      0.000000780192     -0.000002475547
     -0.000018112084     -0.000005131308     -0.000004525345
      0.000000392507      0.000000110298     -0.000002851993
     -0.000000086576     -0.000000018063     -0.000000690786
      0.000001155137      0.000000382599      0.000002018694
     -0.000020330524     -0.000000832386      0.000004373495
      0.000010423405     -0.000002874538     -0.000007644902
      0.000025969069      0.000010862987      0.000017335854
     -0.000001419424     -0.000000665746      0.000004002322
      0.000000098120      0.000000052130     -0.000000822096
     -0.000000223753      0.000000040870     -0.000001456749
      0.000030769863     -0.000002747513     -0.000008753689
      0.000000619482      0.000000372509     -0.000001761993
      0.000000063184      0.000000184433     -0.000001327312
      0.000000504368      0.000000012138      0.000001426117
      0.000000429904      0.000000326852     -0.000001419708
     -0.000001248957     -0.000000711815      0.000002023418
      0.000000003715     -0.000000182347      0.000001116502
     -0.000000574590     -0.000000403618      0.000001161287
      0.000003821166     -0.000000724350      0.000002533100
      0.000011811365     -0.000002040974      0.000003919469
      0.000004158305     -0.000001044988      0.000004277357
      0.000006121894     -0.000001159813      0.000004606622
      0.000007470365     -0.000001461314      0.000001538160
     -0.000012578596      0.000002198739     -0.000002510170
      0.000021239280     -0.000004702838      0.000017613726
      0.000006836887     -0.000002951946      0.000012368954
      0.000001565376     -0.000000421478      0.000001921666
     -0.000007249125      0.000001101029     -0.000004082576
      0.000020096412     -0.000005745101     -0.000001966842
      0.000010758714     -0.000001867259      0.000004364209
     -0.000034663368      0.000010675734     -0.000039415743
     -0.000007648877      0.000005768093     -0.000022214901
      0.000001641782     -0.000000739355      0.000003180485
      0.000002817531     -0.000000735601      0.000003919199
      0.000031399924     -0.000011343220     -0.000006277549
     -0.000016073030      0.000005098567      0.000003351411
      0.000053486871     -0.000009938279      0.000012313993
      0.000001938042     -0.000001861330      0.000007291712
      0.000000679386     -0.000000289365      0.000001560923
     -0.000003701803      0.000000671826     -0.000004097679
      0.000053888489     -0.000016490041     -0.000004299936
     -0.000027040089      0.000014812846      0.000011466556
     -0.000094391291      0.000011925609     -0.000038383704
     -0.000001143169      0.000003411132     -0.000011626429
      0.000000502898     -0.000000464700      0.000002063441
      0.000001327963     -0.000000556488      0.000003444881
     -0.000077107238      0.000029682223      0.000013066969
      0.000000231398     -0.000001212997      0.000004940604
      0.000000670727     -0.000000575587      0.000003513082
     -0.000001806463      0.000000502137     -0.000003269199
      0.000000145501     -0.000000850297      0.000004081242
      0.000000642618      0.000001849710     -0.000006415041
     -0.000000578062      0.000000448383     -0.000003054874
      0.000000370392      0.000000821201     -0.000003767869
     -0.000010885655     -0.000002756306     -0.000006599282
     -0.000022953412     -0.000003639449     -0.000012919477
     -0.000008062876     -0.000010658702     -0.000008043618
     -0.000025534084      0.000003622617     -0.000010512783
     -0.000009243096     -0.000005730009     -0.000004837735
      0.000022994713     -0.000004928478      0.000011738117
     -0.000013635473     -0.000046163579     -0.000019087867
     -0.000015739764     -0.000034035944     -0.000022187158
     -0.000009903789     -0.000001038982     -0.000003849544
      0.000026522859     -0.000014068493      0.000007475820
     -0.000021456412     -0.000008709377     -0.000008600248
     -0.000007364189     -0.000013318455     -0.000004301621
     -0.000006890748      0.000082590364      0.000022040447
     -0.000002497553      0.000061020581      0.000028848639
     -0.000009026231     -0.000008531853     -0.000006705221
     -0.000025855055      0.000001700808     -0.000004503838
     -0.000020581261     -0.000014598148     -0.000003270957
      0.000019217597      0.000000268430      0.000009137561
     -0.000013941084     -0.000041780810      0.000000704315
     -0.000013672397     -0.000028747867     -0.000013900855
     -0.000009977222     -0.000003323712     -0.000002238088
      0.000027754077     -0.000011368188      0.000000211873
     -0.000017327263     -0.000027069395      0.000003130849
      0.000016835084      0.000008631871      0.000002335644
      0.000000327698      0.000057110103     -0.000009549343
     -0.000002384652      0.000046909420      0.000016682305
     -0.000007790062     -0.000009773938     -0.000004188660
     -0.000025347201     -0.000006719831     -0.000002981935
      0.000012476732      0.000024352379     -0.000008429741
     -0.000008242372     -0.000037521246     -0.000011445548
     -0.000026982579     -0.000019764075     -0.000008777121
      0.000024308584     -0.000001486712     -0.000001565351
     -0.000015112671     -0.000039384124     -0.000015586828
     -0.000011123265      0.000046595585      0.000010033497
      0.000024416733      0.000015543174      0.000008283684
      0.000003198043      0.000046420618      0.000021504747
      0.000041744867      0.000015084941      0.000017027233
      0.000086061027      0.000020133384      0.000023849288
      0.000045984590      0.000050868810      0.000033441282
      0.000087403004      0.000009876269      0.000028623018
      0.000041679115      0.000019631024      0.000006074148
     -0.000080213036      0.000002442847     -0.000017433008
      0.000147239622      0.000252793073      0.000129045925
      0.000098004941      0.000205827684      0.000103164014
      0.000038943642      0.000011105837      0.000014388713
     -0.000082771097      0.000008259756     -0.000019861049
      0.000074653989      0.000018870853     -0.000003146772
      0.000061414724      0.000063891076      0.000010959202
     -0.000100434674     -0.000665588915     -0.000355281857
      0.000002281346     -0.000450523662     -0.000173502247
      0.000047166495      0.000051785282      0.000029501402
      0.000089043003      0.000006203028      0.000022310868
      0.000071486724      0.000024087573     -0.000023893758
     -0.000057814272      0.000001066000     -0.000001206333
      0.000150313655      0.000208920032     -0.000085415197
      0.000102887149      0.000200014575      0.000090490299
      0.000042389202      0.000011872630      0.000012525217
     -0.000083199973      0.000013520079     -0.000011722902
      0.000089585679      0.000065245928     -0.000070269974
     -0.000045018516     -0.000005705563      0.000015480027
     -0.000104583303     -0.000467314327      0.000252750511
      0.000005970003     -0.000459924385     -0.000146674425
      0.000055048883      0.000050293112      0.000027969254
      0.000093361364      0.000023251212      0.000024741464
     -0.000049382873     -0.000037886659      0.000077169484
      0.000146757942      0.000239201943      0.000103730842
      0.000109440891      0.000058060420      0.000051169774
     -0.000073739346     -0.000003436823     -0.000011595093
      0.000155085916      0.000167508854      0.000104312512
     -0.000067336051     -0.000501799100     -0.000153845915
     -0.000091871528     -0.000036755315     -0.000046038209
     -0.000167364176     -0.000254853757     -0.000177502596
      0.000000843358      0.000000491029     -0.000001084169
      0.000001770690      0.000000731108     -0.000001424005
      0.000000288503      0.000000453508     -0.000001136019
      0.000004384118      0.000001657606     -0.000003870276
      0.000000403816      0.000000242979     -0.000000461540
     -0.000003034247     -0.000000614809      0.000001051795
      0.000000209722      0.000000894453     -0.000002055966
      0.000000165016      0.000001578600     -0.000005152132
      0.000001962185      0.000000970577     -0.000003027509
     -0.000007643503     -0.000001283200      0.000002820625
      0.000001012579      0.000000425861     -0.000000698998
      0.000000180646      0.000000261267     -0.000000537168
      0.000000365912     -0.000001090134      0.000002649379
      0.000001141770     -0.000001625625      0.000006436112
      0.000000637192      0.000000854068     -0.000003614560
      0.000012858818      0.000004411931     -0.000015166186
      0.000000666463      0.000000401804     -0.000000649817
     -0.000001505898     -0.000000313483      0.000000430770
      0.000000191614      0.000000570110     -0.000001112686
     -0.000000307462      0.000001203915     -0.000015504407
      0.000007439579      0.000000515438     -0.000015652692
     -0.000022949387     -0.000005406101      0.000012359955
      0.000000333552      0.000000461320     -0.000000830244
     -0.000000632219     -0.000000304457      0.000000433393
      0.000000121465     -0.000000626380      0.000001251266
      0.000004597222     -0.000000354770      0.000016603526
      0.000001187202     -0.000000878262     -0.000013962759
      0.000074837822     -0.000013667869     -0.000118027193
     -0.000000192623     -0.000000402913      0.000000702488
     -0.000010677977     -0.000019801758     -0.000053037676
      0.000047373041     -0.000130136610     -0.000280139305
     -0.000114139980     -0.000025173442      0.000087116330
     -0.000025743143     -0.000086148193     -0.000127803644
      0.000016930830      0.000015927855      0.000033823432
      0.000001277810      0.000347114823      0.000556654423
      0.000053339235      0.000126347362      0.000091239145
      0.000001331286      0.000001096008      0.000001232066
      0.000003779651      0.000002436408      0.000002408075
      0.000001329646      0.000001491703      0.000001646875
      0.000002627870      0.000002038186      0.000002653848
      0.000001911456      0.000001284633      0.000001061884
     -0.000004533477     -0.000002373793     -0.000002360447
      0.000004714140      0.000005804840      0.000005287160
      0.000002745246      0.000004144373      0.000005303902
      0.000000747200      0.000000733582      0.000001086742
     -0.000003321895     -0.000002057969     -0.000002722102
      0.000005391202      0.000002680434      0.000001914191
      0.000002096363      0.000001987225      0.000001550479
     -0.000006073342     -0.000011041832     -0.000009330564
     -0.000003178195     -0.000007171603     -0.000008897383
      0.000000821594      0.000001115456      0.000001680869
      0.000001598068      0.000001481033      0.000002493272
      0.000006887200      0.000003617295      0.000002139168
     -0.000005255478     -0.000001970958     -0.000001436838
      0.000007361583      0.000007540699      0.000004790520
      0.000001325334      0.000002484456      0.000004448832
      0.000000468995      0.000000534121      0.000001045873
     -0.000002100967     -0.000001613962     -0.000002652425
      0.000008055810      0.000006303824      0.000003497793
     -0.000006814866     -0.000002673560     -0.000001417254
     -0.000008329596     -0.000012590439     -0.000007241851
     -0.000001085616     -0.000003971615     -0.000007276374
      0.000000411565      0.000000684916      0.000001397210
      0.000001088678      0.000001105659      0.000002459522
     -0.000009389360     -0.000007854944     -0.000003807292
      0.000000559967      0.000001571977      0.000003868946
      0.000000795988      0.000001032760      0.000002703805
     -0.000001333270     -0.000001086604     -0.000002311217
      0.000000525471      0.000001198629      0.000003339682
     -0.000000257753     -0.000002041097     -0.000005410120
     -0.000000706439     -0.000000878337     -0.000002435414
     -0.000000159580     -0.000001013766     -0.000003291037
     -0.000000562514      0.000000266933     -0.000000846304
     -0.000003062661      0.000000574231     -0.000001913770
     -0.000000191946      0.000000294394     -0.000001070773
     -0.000000980356      0.000000545148     -0.000001322279
     -0.000002209204      0.000000042367     -0.000001546014
      0.000004310436     -0.000000801524      0.000000839647
     -0.000000641370      0.000001541530     -0.000005111497
      0.000000254924      0.000000539821     -0.000002190982
     -0.000000130107      0.000000143244     -0.000000418243
      0.000001673067     -0.000000751634      0.000001250185
     -0.000010846642     -0.000003368795     -0.000000604666
     -0.000001389472      0.000000681741     -0.000002931300
     -0.000001039597     -0.000002672526      0.000007310949
     -0.000001153390     -0.000000670371      0.000003062849
      0.000000032960      0.000000140123     -0.000000552006
     -0.000000298809      0.000000299038     -0.000000763755
     -0.000024333287     -0.000012782393     -0.000007967926
      0.000009325762      0.000002105265     -0.000004185273
     -0.000005722439      0.000006038725     -0.000017332746
      0.000000298234      0.000000194596     -0.000000988670
     -0.000000029847      0.000000078324     -0.000000242368
      0.000000664363     -0.000000429838      0.000000847724
     -0.000021781452      0.000005223908     -0.000030888965
      0.000032823972      0.000034793699     -0.000001387358
     -0.000001619413     -0.000011979970      0.000022461672
     -0.000000713293     -0.000000180799      0.000001346204
      0.000000058501      0.000000060873     -0.000000272824
     -0.000000123196      0.000000176125     -0.000000481335
      0.000027589339     -0.000028306943      0.000057506220
      0.000000227805      0.000000085810     -0.000000552992
     -0.000000022512      0.000000121471     -0.000000410203
      0.000000292832     -0.000000226803      0.000000490936
      0.000000124964      0.000000081770     -0.000000435679
     -0.000000436120     -0.000000028415      0.000000615923
      0.000000079779     -0.000000110558      0.000000339019
     -0.000000158434     -0.000000041508      0.000000350192
     -0.000000934324     -0.000000117993      0.000000552088
     -0.000001943935      0.000000104593      0.000002086321
     -0.000001144141     -0.000000340050      0.000000454547
     -0.000001949458     -0.000000174366      0.000000780813
     -0.000000803317      0.000000121696      0.000001290252
      0.000001981818     -0.000000464332     -0.000002536217
     -0.000003727210     -0.000001231892      0.000002803782
     -0.000003226222     -0.000001195287      0.000000000221
     -0.000000706500     -0.000000108095      0.000000059708
      0.000002123047     -0.000000024185     -0.000001135267
     -0.000001292477      0.000001112439      0.000003955847
     -0.000001102127     -0.000000092385      0.000001591585
      0.000006333368      0.000002790665     -0.000004434831
      0.000005025005      0.000002425394      0.000000900502
     -0.000000973519     -0.000000270637     -0.000000140909
     -0.000001517383     -0.000000128766     -0.000000005019
     -0.000000614686      0.000002118459      0.000005800550
      0.000001097931     -0.000001342497     -0.000003637698
     -0.000002658899      0.000000518347      0.000007473330
     -0.000002164983     -0.000000600371     -0.000001061576
     -0.000000557131     -0.000000050579     -0.000000141598
      0.000001723338      0.000000017822     -0.000000252586
     -0.000000888901      0.000002177466      0.000008271636
     -0.000000268864     -0.000002891788     -0.000005496197
      0.000003683959     -0.000000498273     -0.000011680353
      0.000003069604      0.000001098788      0.000002343447
     -0.000000653801     -0.000000104382     -0.000000339820
     -0.000001234464     -0.000000021741     -0.000000343158
     -0.000000641058     -0.000004015044     -0.000010894602
     -0.000001444105     -0.000000143524     -0.000001268557
     -0.000001146519      0.000000025457     -0.000000566727
      0.000001237947     -0.000000033791      0.000000152713
     -0.000001209589      0.000000009386     -0.000000981973
      0.000001564216      0.000000200629      0.000002084960
      0.000001008430     -0.000000078348      0.000000443120
      0.000001015013     -0.000000100462      0.000001060100
     -0.000002128130      0.000000766928     -0.000000061884
     -0.000005790106      0.000001815336      0.000001324084
     -0.000002624594      0.000001241402     -0.000000882817
     -0.000003509164      0.000001247097      0.000000081582
     -0.000003676099      0.000001053690      0.000000828741
      0.000005568089     -0.000001708459     -0.000002762952
     -0.000012933531      0.000005952744     -0.000004738250
     -0.000005295303      0.000003431980     -0.000003055538
     -0.000001034747      0.000000434362     -0.000000207261
      0.000003816987     -0.000001204991     -0.000000787965
     -0.000008500625      0.000002374383      0.000005237042
     -0.000005999741      0.000001841018     -0.000000514051
      0.000022621539     -0.000013912875      0.000015356608
      0.000007285003     -0.000006575712      0.000006197803
     -0.000001318677      0.000000747874     -0.000000635986
     -0.000001967979      0.000000773326     -0.000000284905
     -0.000012897715      0.000002846149      0.000008513823
      0.000005912772     -0.000002000842     -0.000005833532
     -0.000031443598      0.000007332934     -0.000001934361
     -0.000002302231      0.000001594445     -0.000001706025
     -0.000000613237      0.000000285843     -0.000000202016
      0.000002335856     -0.000000807219     -0.000000125110
     -0.000026555985      0.000004659662      0.000007805040
      0.000008882160     -0.000002654190     -0.000010657486
      0.000067585437     -0.000016469292      0.000016883282
      0.000002736331     -0.000002610093      0.000003209309
     -0.000000653594      0.000000397661     -0.000000393311
     -0.000001293938      0.000000567190     -0.000000318144
      0.000037874382     -0.000005032312     -0.000013738861
     -0.000001248812      0.000000929270     -0.000001034660
     -0.000001072065      0.000000544269     -0.000000445080
      0.000001375553     -0.000000520507      0.000000040497
     -0.000001008292      0.000000672925     -0.000000727309
      0.000001280607     -0.000001274402      0.000001512646
      0.000000938098     -0.000000444879      0.000000308499
      0.000000807473     -0.000000623812      0.000000725770
     -0.000000888070     -0.000000247434      0.000000819810
     -0.000002142079     -0.000000993592      0.000003436020
     -0.000001029996     -0.000000278567      0.000000560416
     -0.000001677558     -0.000000257275      0.000001357025
     -0.000001038046     -0.000000905241      0.000002204968
      0.000002171972      0.000001059337     -0.000004447988
     -0.000004172643     -0.000001866551      0.000002401736
     -0.000002354223     -0.000000250755      0.000000454400
     -0.000000526554     -0.000000034592      0.000000248210
      0.000001949609      0.000000226814     -0.000001938043
     -0.000001566580     -0.000003213438      0.000008779140
     -0.000001623803     -0.000001341343      0.000001992631
      0.000007036186      0.000002571538     -0.000001602077
      0.000003326902      0.000000149165      0.000000241417
     -0.000000655976     -0.000000022783      0.000000128245
     -0.000001102423     -0.000000019524      0.000000487859
      0.000000051391     -0.000007343336      0.000014579945
      0.000001172288      0.000002010125     -0.000008980834
     -0.000006552256     -0.000008559198      0.000008588825
     -0.000001239323      0.000000082461     -0.000000090641
     -0.000000353101      0.000000013888      0.000000075455
      0.000001368954      0.000000039153     -0.000000831279
     -0.000003225275     -0.000013245545      0.000015058596
     -0.000003674516      0.000007961841     -0.000017516751
      0.000012644739      0.000011626076     -0.000006579024
      0.000001604191     -0.000000214989      0.000000538802
     -0.000000368463      0.000000032430     -0.000000012889
     -0.000000787450      0.000000044297      0.000000179734
      0.000003255590      0.000024106160     -0.000019306998
     -0.000000742364      0.000000122062     -0.000000195839
     -0.000000673953      0.000000071014      0.000000034209
      0.000000868873     -0.000000024090     -0.000000335454
     -0.000000645093      0.000000099060     -0.000000117348
      0.000000750366     -0.000000182734      0.000000413467
      0.000000608344     -0.000000057534     -0.000000066817
      0.000000527264     -0.000000101781      0.000000175917
     -0.000004594207     -0.000026828984     -0.000018115487
     -0.000002583667     -0.000040701680     -0.000031819088
     -0.000031723657     -0.000072307098     -0.000051863219
      0.000003071564     -0.000033173431     -0.000013586527
     -0.000009660873     -0.000028047026     -0.000017298170
     -0.000011707337      0.000018085414      0.000020218474
     -0.000213039198     -0.000345241181     -0.000237597352
     -0.000140143193     -0.000286342773     -0.000190852042
     -0.000003948839     -0.000024238139     -0.000005473517
     -0.000014640860      0.000015066505      0.000000928580
     -0.000010451385     -0.000030487824     -0.000023533260
     -0.000046851647     -0.000085688382     -0.000037738317
      0.000562334826      0.000698610331      0.000646050568
      0.000356575417      0.000496724841      0.000411333078
     -0.000026588307     -0.000079875948     -0.000033965479
     -0.000012317184     -0.000042403112      0.000008415709
     -0.000019428697     -0.000030886970     -0.000014433300
     -0.000003788336      0.000011014790      0.000018568954
     -0.000197168792     -0.000252630691      0.000004132330
     -0.000129229307     -0.000298679333     -0.000102351342
     -0.000017569233     -0.000032336897      0.000002721400
      0.000001038794      0.000024420091     -0.000019941095
     -0.000060471162     -0.000076397597      0.000009428958
      0.000005975922      0.000012590032      0.000013299498
      0.000417443071      0.000462004524     -0.000225412252
      0.000355080279      0.000549740071      0.000264831149
     -0.000039745444     -0.000088055361     -0.000013873584
     -0.000054479032     -0.000068443717      0.000012397451
      0.000042995011      0.000042385878     -0.000018773743
     -0.000246154817     -0.000390047016     -0.000070076913
     -0.000126969371     -0.000119489214     -0.000022693778
      0.000030384701      0.000035888378     -0.000018765110
     -0.000298089026     -0.000300190104     -0.000085962228
      0.000439527926      0.000588986421      0.000146169304
      0.000106055387      0.000078827753      0.000036518229
      0.000456902068      0.000452651508      0.000250502322
     -0.000002100291     -0.000000489191      0.000002217093
     -0.000004246425     -0.000001047844      0.000003419364
     -0.000001304861     -0.000000279389      0.000002365862
     -0.000008540169     -0.000001845919      0.000006802720
     -0.000001184809     -0.000000317154      0.000001172028
      0.000006157077      0.000001416354     -0.000003117195
     -0.000002283074     -0.000000563362      0.000004756891
     -0.000003523339     -0.000000417597      0.000009978921
     -0.000003961586     -0.000000649508      0.000004543352
      0.000012519816      0.000003014242     -0.000005674595
     -0.000002780389     -0.000000762356      0.000002159904
     -0.000000873389     -0.000000236347      0.000001319122
      0.000001968520      0.000000474314     -0.000006510557
      0.000002396414     -0.000000014773     -0.000013096480
     -0.000002558200     -0.000000142084      0.000005898911
     -0.000020601709     -0.000003230075      0.000018348465
     -0.000002236984     -0.000000651080      0.000002069437
      0.000003502696      0.000000898412     -0.000001827732
     -0.000001774876     -0.000000499886      0.000003027989
     -0.000004510195      0.000001748300      0.000023221009
     -0.000010669031      0.000000777117      0.000016080205
      0.000031235662      0.000006342596     -0.000012568812
     -0.000001821897     -0.000000541039      0.000002415419
      0.000002122875      0.000000597961     -0.000001603948
      0.000001516178      0.000000406266     -0.000003676778
     -0.000000571331     -0.000002807725     -0.000027673332
     -0.000003944566      0.000002360495      0.000016055447
     -0.000073744020      0.000012650555      0.000089979035
      0.000001507793      0.000000445502     -0.000002240671
      0.000002402189      0.000019454854      0.000062277742
     -0.000059869378      0.000094384414      0.000178784801
      0.000120915072      0.000020718584     -0.000057383384
      0.000006637543      0.000062492499      0.000118721187
     -0.000013361557     -0.000015170270     -0.000050680672
      0.000119201904     -0.000271249309     -0.000297860670
     -0.000043234779     -0.000073976714     -0.000108161917
      0.000001780662      0.000000243098      0.000001274233
      0.000003351949      0.000000784583      0.000003696192
      0.000001514615     -0.000000009514      0.000000656205
      0.000005616680      0.000001143272      0.000003715390
      0.000001065481      0.000000160217      0.000001229134
     -0.000004103256     -0.000001803958     -0.000005990955
      0.000003226806     -0.000000083868      0.000001574023
      0.000004783083     -0.000000472577      0.000000679597
      0.000002431276      0.000000179779      0.000000890134
     -0.000007200574     -0.000002761759     -0.000006559458
      0.000002017887      0.000000527105      0.000003502954
      0.000001033526      0.000000035761      0.000000841383
     -0.000004056797      0.000000308859     -0.000001258621
     -0.000005678598      0.000000915096      0.000000164043
      0.000002355828     -0.000000215847      0.000000256879
      0.000008139902      0.000000982407      0.000002615026
      0.000001713276      0.000000306902      0.000003015833
     -0.000001941128     -0.000000996968     -0.000004643461
      0.000002318873      0.000000001958      0.000002041046
      0.000005966364     -0.000001436081     -0.000001040207
      0.000003506962     -0.000000206500      0.000000250454
     -0.000010950015     -0.000003386986     -0.000005451425
      0.000001894121      0.000000082628      0.000002411706
     -0.000001226226     -0.000000354699     -0.000003039436
     -0.000002539963      0.000000084625     -0.000001696076
     -0.000006527860      0.000002245928      0.000002583585
      0.000002894715     -0.000000759739     -0.000000530181
      0.000011745028     -0.000000315928      0.000000827311
     -0.000001667260     -0.000000006074     -0.000002228920
      0.000007115387     -0.000003842331     -0.000003654579
      0.000012099203     -0.000003363768     -0.000001774537
     -0.000013889935     -0.000002748537     -0.000003345181
      0.000009209312     -0.000005502314     -0.000004305855
     -0.000005896153      0.000004391219      0.000005018011
     -0.000013456253      0.000002653132      0.000000951592
     -0.000007563868      0.000007314259      0.000005886868
     -0.000072592366     -0.000051395641     -0.000031428140
     -0.000197571022     -0.000024273984     -0.000033311684
      0.000000672488     -0.000087895635     -0.000014937668
     -0.000197805248     -0.000025645525     -0.000074795607
     -0.000071646921     -0.000030746714     -0.000012193339
      0.000175811154     -0.000098530932      0.000000285436
      0.000060008268     -0.000195439403      0.000024870687
      0.000098838960     -0.000221582220     -0.000028339743
     -0.000063613467     -0.000040910553     -0.000043608167
      0.000186012509     -0.000094229659      0.000034811211
     -0.000175121146      0.000038981388     -0.000030656361
     -0.000015532577     -0.000070403859      0.000000216220
     -0.000127648108      0.000134577529     -0.000071918189
     -0.000171145640      0.000155173086     -0.000018829748
      0.000005736243     -0.000090509583     -0.000040139593
     -0.000165575908     -0.000008287868     -0.000096248134
     -0.000152406528     -0.000017946596     -0.000042887807
      0.000122703685     -0.000134002517      0.000006374393
      0.000027787037     -0.000151208885      0.000039274199
      0.000088834477     -0.000178104187     -0.000085431555
     -0.000055684115     -0.000017447851     -0.000050923873
      0.000155200577     -0.000098012835      0.000049936112
     -0.000058113373     -0.000135677867      0.000032943606
      0.000102849475     -0.000035560403      0.000061890078
     -0.000058498294      0.000082331135     -0.000067528045
     -0.000155920688      0.000126403969      0.000048141046
     -0.000002436692     -0.000065037327     -0.000059849360
     -0.000141543493      0.000057618191     -0.000064913878
      0.000025630496      0.000078480916     -0.000051286764
      0.000040753508     -0.000122929091     -0.000138101794
     -0.000128652895      0.000030318533     -0.000058852773
      0.000113138820     -0.000112859726      0.000011794877
     -0.000059535517     -0.000047262959     -0.000124110452
     -0.000109773664      0.000072502235      0.000090075783
      0.000114075728     -0.000046880601      0.000004185681
      0.000030845937      0.000025498636      0.000084240906
      0.000001530200     -0.000000459022      0.000000735417
      0.000002770187     -0.000001285743      0.000002691461
      0.000001184031     -0.000000129759      0.000000318220
      0.000005924402     -0.000002066085      0.000001764706
      0.000000774198     -0.000000345321      0.000000898588
     -0.000003800323      0.000002492833     -0.000004974450
      0.000002424012     -0.000000299003      0.000001143759
      0.000003850676      0.000000222237     -0.000000382760
      0.000002465576     -0.000000504235     -0.000000405949
     -0.000009138854      0.000004425301     -0.000004955161
      0.000001398873     -0.000000955906      0.000002682372
      0.000000736082     -0.000000202816      0.000000627301
     -0.000003048433      0.000000076866     -0.000001121670
     -0.000004472814     -0.000000836724      0.000000742001
      0.000002017124      0.000000088546     -0.000000754757
      0.000010451503     -0.000003094141     -0.000004150142
      0.000001088607     -0.000000782656      0.000002375492
     -0.000001394135      0.000001330108     -0.000003741613
      0.000001556425     -0.000000480109      0.000001629956
      0.000004796574      0.000001486361     -0.000004543808
      0.000003597893     -0.000000586999     -0.000004439606
     -0.000019888161      0.000008327713      0.000001261898
      0.000001220964     -0.000000600544      0.000001921534
     -0.000000725550      0.000000800902     -0.000002451634
     -0.000001704498      0.000000388532     -0.000001520976
     -0.000005036695     -0.000002784851      0.000005539065
      0.000002206794      0.000000712059     -0.000003845170
      0.000013752785     -0.000006598044     -0.000026106668
     -0.000001011366      0.000000558287     -0.000001797353
      0.000002829880      0.000004699284     -0.000015308336
      0.000002221893     -0.000003431929     -0.000041837326
     -0.000029706475      0.000017132687      0.000028692117
     -0.000002008262      0.000005877515     -0.000029705024
     -0.000002402952     -0.000005967960      0.000012863291
      0.000000539395      0.000016288432      0.000060987309
      0.000008810113     -0.000009158124      0.000032070330
      0.000007675859     -0.000000871590      0.000000802664
      0.000016516548     -0.000005500820      0.000000928127
      0.000006814979      0.000002643110      0.000000927310
      0.000019166161     -0.000007493987      0.000001690831
      0.000006242280     -0.000000560568     -0.000000110893
     -0.000017023200      0.000014109542     -0.000000918833
      0.000015707387      0.000010057046      0.000000230972
      0.000017891108      0.000012146924      0.000004387568
      0.000007754828     -0.000000935142      0.000001105437
     -0.000020982273      0.000018455118     -0.000000035988
      0.000013181908     -0.000004543281     -0.000000586239
      0.000005891095      0.000002130703     -0.000000488529
     -0.000016314362     -0.000019686547      0.000000728091
     -0.000017150981     -0.000022148030     -0.000005224466
      0.000007990028      0.000003274024      0.000002060539
      0.000021432379     -0.000006682744      0.000001349510
      0.000012254060     -0.000001964408     -0.000001969872
     -0.000011983361      0.000009967978     -0.000000561417
      0.000012385242      0.000006950503     -0.000003345559
      0.000017714376      0.000013174172      0.000006244630
      0.000008787132     -0.000000021776      0.000001204630
     -0.000023744404      0.000017882951      0.000002381599
      0.000011503824      0.000003047715     -0.000003560702
     -0.000009743791      0.000003925060      0.000001195449
     -0.000010392705     -0.000011147978      0.000004544346
     -0.000016228081     -0.000025166751     -0.000008429765
      0.000007960281      0.000003855811      0.000002320168
      0.000024694224     -0.000003262046      0.000001225151
     -0.000008951599     -0.000003577987      0.000004105690
      0.000018869543      0.000017121787      0.000007878608
      0.000027059096      0.000004357729      0.000004758197
     -0.000025957080      0.000012496224      0.000003558769
      0.000023112676      0.000015104226      0.000008592464
     -0.000013634372     -0.000026528725     -0.000009160234
     -0.000028815834     -0.000001827830     -0.000003885057
     -0.000019062235     -0.000019673562     -0.000010569191
      0.000000406790     -0.000000383766      0.000001119883
      0.000000483181     -0.000000970698      0.000002395810
      0.000000445635     -0.000000300301      0.000000817493
      0.000001437005     -0.000000957202      0.000003961868
      0.000000165265     -0.000000339754      0.000000743997
     -0.000000255754      0.000001413672     -0.000003472231
      0.000000896858     -0.000000754892      0.000001716354
      0.000001873156     -0.000000716892      0.000002397842
      0.000000919066     -0.000000291124      0.000001650126
     -0.000001311576      0.000001300376     -0.000005990248
      0.000000190994     -0.000000881096      0.000001810499
      0.000000227231     -0.000000292732      0.000000624101
     -0.000001264309      0.000000909044     -0.000001974863
     -0.000002511612      0.000000756038     -0.000002561987
      0.000001042717     -0.000000274222      0.000001305857
      0.000004034163     -0.000000395804      0.000007065260
      0.000000173265     -0.000000822904      0.000001587279
     -0.000000023307      0.000001102868     -0.000002288128
      0.000000513999     -0.000000723006      0.000001428046
      0.000003627734     -0.000000454621      0.000003303777
      0.000002599056     -0.000000038913      0.000003036945
     -0.000004917690     -0.000000608093     -0.000011803119
      0.000000320811     -0.000000748435      0.000001409702
     -0.000000015159      0.000000811754     -0.000001524766
     -0.000000704486      0.000000741647     -0.000001458981
     -0.000004464929      0.000000465707     -0.000003310332
      0.000002286338     -0.000000091545      0.000001956518
      0.000013367908      0.000001046951      0.000014400559
     -0.000000286471      0.000000709374     -0.000001276414
      0.000008068834      0.000000152501      0.000004829929
      0.000019981147      0.000001631623      0.000013381551
     -0.000016156246     -0.000003926862     -0.000025094762
      0.000013930741      0.000000865927      0.000007250943
     -0.000007381198     -0.000000087531     -0.000003689281
     -0.000033755533     -0.000003353377     -0.000019763206
     -0.000014804439     -0.000002000324     -0.000005139572
      0.000032483713     -0.000118548460     -0.000024328319
      0.000124364262     -0.000289485610     -0.000071176428
     -0.000036613022     -0.000094862075     -0.000049578300
      0.000158542601     -0.000281726756     -0.000028660951
      0.000027432050     -0.000101602179     -0.000053033639
     -0.000381912766      0.000344189102     -0.000005195149
     -0.000169588059     -0.000173776467     -0.000164194922
     -0.000189701326     -0.000208584902     -0.000123763927
      0.000030161520     -0.000099002266     -0.000003860184
     -0.000441477720      0.000342508906     -0.000017944508
      0.000173239808     -0.000224714379     -0.000136747731
     -0.000031660673     -0.000080526045     -0.000074220262
      0.000220805381      0.000061430727      0.000159964108
      0.000265178066      0.000095384943      0.000119882035
     -0.000035975892     -0.000110725990     -0.000027741947
      0.000127860503     -0.000227099060      0.000016255732
      0.000170601223     -0.000158537588     -0.000168454218
     -0.000376518500      0.000194632200      0.000037512041
     -0.000111784150     -0.000115236311     -0.000218472603
     -0.000176631404     -0.000225921572     -0.000065944196
      0.000028013599     -0.000085479828      0.000015151244
     -0.000358931897      0.000259414371     -0.000063749036
      0.000024745820     -0.000119345943     -0.000220652420
     -0.000230511314      0.000125272338      0.000072613812
      0.000122476659      0.000008605756      0.000167339523
      0.000240900713      0.000123223853      0.000048730342
     -0.000032320450     -0.000099014305      0.000010661058
      0.000112014909     -0.000146878663      0.000029415106
     -0.000021767107      0.000057037889      0.000159290859
     -0.000096810667     -0.000136691640      0.000054792170
      0.000045404843     -0.000120135988      0.000038902343
     -0.000264762768      0.000133548863      0.000021317348
     -0.000034102696     -0.000112892823      0.000058135473
      0.000125214109      0.000074949545     -0.000047409103
     -0.000052505866      0.000077636411     -0.000019191293
      0.000029297598      0.000062890470     -0.000049523655
      0.000001551121      0.000000797749     -0.000001613743
      0.000004475408      0.000001324746     -0.000006162929
      0.000001483789      0.000001188618     -0.000001322512
      0.000002903652      0.000001143299     -0.000003195888
      0.000001409522      0.000002721572     -0.000003131726
     -0.000005289516      0.000001589569      0.000011000798
      0.000005304126      0.000005650005     -0.000007551297
      0.000003421790      0.000002507981     -0.000001868061
      0.000000824010      0.000000403916     -0.000000626623
     -0.000003296633     -0.000001045309      0.000005508714
      0.000005585435      0.000010462849     -0.000005392096
      0.000001468462      0.000003858680     -0.000005832135
     -0.000008932226     -0.000007317892      0.000010399650
     -0.000004817190     -0.000003811509      0.000001895214
      0.000000983026      0.000000596632     -0.000000466223
      0.000001500340      0.000000755075     -0.000001399168
     -0.000028177314      0.000061220089     -0.000053106505
     -0.000009202277      0.000012156580      0.000012141893
      0.000006731369      0.000010584081     -0.000049552128
      0.000001862107      0.000001148451     -0.000000570678
      0.000000475030      0.000000251765     -0.000000315530
     -0.000001555283     -0.000000904143      0.000002279237
     -0.000022866464      0.000007987727     -0.000127587581
      0.000090950648     -0.000042337568      0.000038979098
     -0.000024453703     -0.000002750021      0.000051481964
     -0.000002516674     -0.000001720134      0.000000457404
      0.000000535858      0.000000301656     -0.000000207205
      0.000000912020      0.000000528990     -0.000000765656
      0.000009528267      0.000091729294      0.000197737148
      0.000001132742      0.000000665078     -0.000000317871
      0.000000813221      0.000000471505     -0.000000496789
     -0.000000800958     -0.000000566077      0.000001062025
      0.000000894773      0.000000519966     -0.000000340056
     -0.000001303617     -0.000000821959      0.000000195243
     -0.000000627034     -0.000000403688      0.000000483369
     -0.000000789735     -0.000000469004      0.000000192640
     -0.000000519191     -0.000000744349     -0.000001270730
     -0.000002665785     -0.000002524317     -0.000003400537
     -0.000000140435     -0.000000699634     -0.000001155938
     -0.000001000245     -0.000001239745     -0.000002766934
     -0.000001290802     -0.000001348113     -0.000001405088
      0.000004650298      0.000002898545      0.000003700482
     -0.000000395978     -0.000002657078     -0.000003385825
      0.000000292422     -0.000001284478     -0.000002751599
     -0.000000094935     -0.000000282494     -0.000000855286
      0.000001921461      0.000001555928      0.000003363616
     -0.000005863190     -0.000003675446     -0.000002922506
     -0.000000649415     -0.000001387796     -0.000001426844
     -0.000000418744      0.000003386016      0.000004231389
     -0.000000900486      0.000001680686      0.000003476530
      0.000000092233     -0.000000308067     -0.000000930902
     -0.000000149919     -0.000000433920     -0.000001950297
     -0.000006771803     -0.000004478036     -0.000003008637
      0.000008205902      0.000002964656      0.000001806896
     -0.000001939380     -0.000004734661     -0.000003895328
      0.000000508815     -0.000000401319     -0.000001849256
      0.000000061792     -0.000000079345     -0.000000622363
      0.000000551636      0.000000566941      0.000002503736
     -0.000004130166     -0.000005436763     -0.000003795645
      0.000008788387      0.000003163407      0.000001722773
      0.000000739395      0.000005153195      0.000004150916
     -0.000000917724      0.000000520944      0.000002301339
      0.000000164352     -0.000000069645     -0.000000613716
      0.000000147533     -0.000000067814     -0.000001446594
      0.000003947925      0.000005802654      0.000003706094
      0.000000539101     -0.000000011421     -0.000001283148
      0.000000299089      0.000000053385     -0.000001210315
      0.000000046129      0.000000098077      0.000001656336
      0.000000464873      0.000000085646     -0.000001120495
     -0.000000754903     -0.000000034151      0.000001314744
     -0.000000239682     -0.000000097589      0.000001094208
     -0.000000486594     -0.000000151378      0.000000912887
     -0.000001131149      0.000001132220      0.000001387161
     -0.000002834953      0.000001996037      0.000002813455
     -0.000000617293      0.000000974609      0.000001285033
     -0.000003913753      0.000003853853      0.000003685741
     -0.000000845767      0.000000597519      0.000001010171
      0.000004692925     -0.000002508958     -0.000003297167
     -0.000001215951      0.000001936264      0.000003016878
     -0.000001186508      0.000003449593      0.000004004512
     -0.000001264290      0.000001820370      0.000001530371
      0.000006616878     -0.000004956159     -0.000004137665
     -0.000002291456      0.000001139587      0.000002199949
     -0.000000562133      0.000000577493      0.000001013437
      0.000000937088     -0.000002459917     -0.000003967045
      0.000000570483     -0.000004205848     -0.000005033583
     -0.000000731518      0.000001882860      0.000001787082
     -0.000004875300      0.000006687720      0.000004024413
     -0.000001902457      0.000000934123      0.000002200688
      0.000003111148     -0.000001214641     -0.000002195205
     -0.000001198738      0.000001222534      0.000002468577
     -0.000001026454      0.000005631288      0.000004631163
     -0.000001621278      0.000003229902      0.000001699189
      0.000009131421     -0.000009052848     -0.000004120010
     -0.000001420706      0.000000983015      0.000002323497
      0.000001951153     -0.000000709513     -0.000001933280
      0.000000931361     -0.000001350977     -0.000002755489
      0.000000022535     -0.000006604553     -0.000005694383
     -0.000000728594      0.000003018331      0.000001910911
     -0.000006785400      0.000011338041      0.000003668961
      0.000001201676     -0.000000833083     -0.000002208332
     -0.000000648600      0.000009143449      0.000005020177
     -0.000005834188      0.000013485356      0.000003701284
      0.000010907999     -0.000012076235     -0.000002027097
     -0.000001868395      0.000011859710      0.000004667203
     -0.000001079670     -0.000008792608     -0.000005490378
      0.000008371051     -0.000014411912     -0.000001853187
      0.000000543501     -0.000011648905     -0.000004106244
      0.000027368580     -0.000005314470      0.000004799302
      0.000053777818     -0.000001621568      0.000015443972
      0.000038956511     -0.000024937982      0.000003035130
      0.000055158856     -0.000003624026      0.000005368139
      0.000030669277     -0.000008329271      0.000008784859
     -0.000047344201     -0.000013042094     -0.000014740480
      0.000106688077     -0.000124561717      0.000020263003
      0.000133776403     -0.000138337424     -0.000020720744
      0.000026412782     -0.000007720669     -0.000000047037
     -0.000048579443     -0.000003755819     -0.000005205045
      0.000067440841     -0.000005581401      0.000013784013
      0.000044511324     -0.000036382134      0.000012343583
     -0.000091862175      0.000322590077      0.000009814847
     -0.000194448681      0.000406812652      0.000095838115
      0.000046484543     -0.000032893181     -0.000005038775
      0.000058920630     -0.000019300017      0.000000038400
      0.000094781345     -0.000015286033     -0.000001831076
     -0.000046006275     -0.000009578634     -0.000012328572
      0.000175591952     -0.000225115122     -0.000001978949
      0.000123228802     -0.000157978103     -0.000048060479
      0.000031702266     -0.000019043345      0.000000713880
     -0.000053109198      0.000008287139     -0.000002153118
      0.000172346678     -0.000105026413     -0.000046935952
     -0.000063811951     -0.000007520524      0.000003471329
     -0.000155957364      0.000549811965      0.000059829667
     -0.000100584275      0.000389654903      0.000144688690
      0.000054392977     -0.000050052597     -0.000009473811
      0.000063044247     -0.000044868335      0.000016021053
     -0.000175190983      0.000100332783      0.000126768074
      0.000198992137     -0.000300653354     -0.000024509567
      0.000069627421     -0.000074956335      0.000043885910
     -0.000047334355      0.000022995968     -0.000012671234
      0.000114691243     -0.000196445593      0.000089109161
     -0.000303112190      0.000750834860      0.000274252288
     -0.000043034004      0.000044404827     -0.000040944696
     -0.000062497076      0.000214073840     -0.000176533345
      0.000001143422     -0.000000024484     -0.000000939864
      0.000002484959      0.000000598667     -0.000004433440
      0.000001526334     -0.000000416411     -0.000000175700
      0.000001473264      0.000000254376     -0.000001766291
      0.000002280016     -0.000000296051     -0.000002761052
      0.000000317971     -0.000001963646      0.000005687840
      0.000007191893     -0.000003051626      0.000000965179
      0.000002985554     -0.000000898622      0.000000405661
      0.000000504574      0.000000008486     -0.000000327412
     -0.000000848988     -0.000000736003      0.000002597826
     -0.000001685163      0.000000714095     -0.000012830787
      0.000004270855     -0.000001818312     -0.000000793313
     -0.000009432209      0.000005132622     -0.000006397310
     -0.000003914947      0.000001564412     -0.000002074121
      0.000000755854     -0.000000136732     -0.000000070436
      0.000000808083      0.000000123875     -0.000000733431
      0.000005437242     -0.000023526247     -0.000026211954
      0.000013614968     -0.000000753569      0.000007632632
      0.000022566716     -0.000014648030      0.000003048141
      0.000001414207     -0.000000291538      0.000000181269
      0.000000287147      0.000000006317     -0.000000147204
     -0.000000598122     -0.000000343946      0.000001172030
      0.000019984820     -0.000031541001     -0.000000875850
      0.000057534566      0.000041060530      0.000127200706
     -0.000026576705      0.000024430166     -0.000021414282
     -0.000001944193      0.000000607560     -0.000000951208
      0.000000379829     -0.000000046721     -0.000000025759
      0.000000518964      0.000000062761     -0.000000368011
     -0.000006841272      0.000040721357     -0.000003277540
      0.000000833906     -0.000000143242      0.000000126429
      0.000000502863      0.000000010191     -0.000000200392
     -0.000000387541     -0.000000153128      0.000000553026
      0.000000636872     -0.000000073819      0.000000000401
     -0.000001010517      0.000000248521     -0.000000474082
     -0.000000377880     -0.000000036813      0.000000215322
     -0.000000566788      0.000000089299     -0.000000099601
     -0.000000392421      0.000010889721      0.000001437170
     -0.000006169906      0.000034239240      0.000008852913
      0.000000877552      0.000006130036      0.000001271936
     -0.000004121742      0.000031922999     -0.000002208168
     -0.000001063608      0.000010859228      0.000005493931
      0.000027148456     -0.000060592280     -0.000009200323
      0.000001931032      0.000013718666      0.000005692686
      0.000002670998      0.000012883931      0.000000784852
     -0.000000439213      0.000007529166     -0.000001609283
      0.000022775031     -0.000055919633      0.000009458532
     -0.000011424737      0.000033014779      0.000020632061
      0.000000264946      0.000006375564      0.000003781211
     -0.000002841110     -0.000013209986     -0.000006130468
     -0.000003238626     -0.000012789612     -0.000001002172
      0.000000674243      0.000005439829     -0.000000779252
     -0.000005504194      0.000018575687     -0.000008598228
     -0.000008470820      0.000022556785      0.000022517822
      0.000032425845     -0.000050836327     -0.000025353868
      0.000000109238      0.000012383143      0.000011073552
      0.000001065408      0.000009426469     -0.000002966455
     -0.000001465252      0.000004170090     -0.000002638717
      0.000019869656     -0.000030098896      0.000018167542
     -0.000002507699      0.000013408278      0.000015989948
      0.000015777294     -0.000023578012     -0.000027692063
     -0.000000506013     -0.000009807012     -0.000009567686
     -0.000001970715     -0.000009859904      0.000002685862
     -0.000000328626      0.000003288226     -0.000001765272
     -0.000007350025      0.000007857432     -0.000007547558
      0.000003244472     -0.000008538939     -0.000014241196
     -0.000001121469      0.000005805498     -0.000004084060
     -0.000005279819      0.000004896874     -0.000005621559
      0.000014947515     -0.000008283973      0.000010063515
     -0.000002753931      0.000004625879     -0.000004488379
      0.000000447015     -0.000005586700      0.000003589565
      0.000006375985     -0.000002991647      0.000004785670
      0.000002408639     -0.000003342268      0.000003567492
     -0.000001032633     -0.000000550751      0.000000298997
     -0.000002110781     -0.000000998254      0.000000486144
     -0.000000805615     -0.000000564227      0.000000545177
     -0.000003377372     -0.000001617863      0.000000173733
     -0.000000675679     -0.000000351461      0.000000281862
      0.000002847614      0.000001112426     -0.000000085119
     -0.000001644644     -0.000001239492      0.000001503361
     -0.000002480469     -0.000002164321      0.000002212390
     -0.000001502271     -0.000000840567      0.000000145790
      0.000004355215      0.000001658851      0.000000678678
     -0.000001598192     -0.000000745299      0.000000524471
     -0.000000579360     -0.000000373371      0.000000427518
      0.000001783567      0.000001689223     -0.000002461725
      0.000002498421      0.000002992798     -0.000003721968
     -0.000001405498     -0.000001107958      0.000000756873
     -0.000005273630     -0.000002745659     -0.000001470357
     -0.000001421972     -0.000000712082      0.000000678797
      0.000001899589      0.000000750794     -0.000000270130
     -0.000001291325     -0.000000885758      0.000001198621
     -0.000003584093     -0.000004092565      0.000002642507
     -0.000002658862     -0.000001748012     -0.000001252991
      0.000006483120      0.000002638144      0.000003827324
     -0.000001280771     -0.000000770628      0.000000977530
      0.000001337237      0.000000609495     -0.000000519837
      0.000001246089      0.000001028600     -0.000001624560
      0.000002583437      0.000005912652     -0.000004933273
     -0.000002145433     -0.000002146824      0.000000324269
     -0.000005892529     -0.000005841001     -0.000016304664
      0.000001143319      0.000000709163     -0.000001005819
      0.000000043540     -0.000010040535      0.000000339725
     -0.000002594030     -0.000021597941     -0.000060788757
      0.000003211973      0.000003626045      0.000017128235
     -0.000010052587     -0.000039533976     -0.000003820288
     -0.000009697840      0.000012627610      0.000004293451
     -0.000118541604     -0.000006483706      0.000180688739
     -0.000084084798      0.000121086450     -0.000127180165
      0.000001494404     -0.000000251595     -0.000000247885
      0.000003473905     -0.000000552696      0.000000407506
      0.000001033936     -0.000000157980     -0.000000258883
      0.000004911553     -0.000001087236     -0.000001851549
      0.000001073439     -0.000000147940      0.000000303128
     -0.000005362150      0.000001038466     -0.000001158476
      0.000002291345     -0.000000253105     -0.000000141612
      0.000002737488     -0.000000588451     -0.000001507479
      0.000001620649     -0.000000493739     -0.000001165098
     -0.000007962656      0.000001830566      0.000002735463
      0.000002587764     -0.000000453089      0.000001497064
      0.000000862111     -0.000000089119      0.000000149693
     -0.000002633482      0.000000263802      0.000000282311
     -0.000003008988      0.000000649577      0.000001824906
      0.000001253895     -0.000000388939     -0.000001052330
      0.000005234962     -0.000002469646     -0.000006016380
      0.000002131190     -0.000000343404      0.000001509531
     -0.000003234644      0.000000763440     -0.000002257180
      0.000001947327     -0.000000163287      0.000000613976
      0.000002478351     -0.000001293983     -0.000003599450
      0.000001469590     -0.000001230556     -0.000002883334
     -0.000009068825      0.000004188642      0.000010763459
      0.000001903318     -0.000000202919      0.000001066515
     -0.000001840437      0.000000389289     -0.000001786376
     -0.000001960611      0.000000124069     -0.000000470025
     -0.000002651060      0.000001437194      0.000003966619
      0.000001028723     -0.000000914013     -0.000002159603
      0.000003576524     -0.000006339683     -0.000013037422
     -0.000001650441      0.000000159251     -0.000001072106
      0.000001622177     -0.000003138448     -0.000006426222
      0.000001088218     -0.000008001651     -0.000013809889
     -0.000005799628      0.000010381126      0.000021074818
      0.000000912679     -0.000005549605     -0.000009431338
     -0.000001452009      0.000002701445      0.000005675313
      0.000001167692      0.000012512884      0.000019103217
      0.000000225611      0.000006005534      0.000008976825
     -0.000027436421      0.000066735272     -0.000000053724
     -0.000010288822      0.000210544133      0.000013374633
     -0.000026090052      0.000026060287     -0.000007956143
     -0.000030093794      0.000231221889      0.000052655900
     -0.000010511101      0.000056537913     -0.000009334495
     -0.000191147102     -0.000324218480     -0.000096464788
     -0.000049561082      0.000049663582     -0.000028086726
     -0.000070633513      0.000047475079     -0.000014476234
     -0.000027332184      0.000057592787      0.000013281729
     -0.000177631743     -0.000331958432     -0.000155554655
      0.000043866753      0.000175436756     -0.000008791154
     -0.000014891424      0.000026651577     -0.000012576139
      0.000051512453     -0.000037734356      0.000032168278
      0.000074548077     -0.000031829846      0.000020350675
     -0.000032723619      0.000027095443      0.000000416045
     -0.000037339301      0.000202953972      0.000074050716
      0.000031408390      0.000112278619     -0.000017915627
     -0.000232875158     -0.000217355620     -0.000054125911
     -0.000023953070      0.000048126721     -0.000035214509
     -0.000070331026      0.000035213720      0.000004643616
     -0.000031886436      0.000043586024      0.000020778919
     -0.000228098029     -0.000301652370     -0.000197857560
     -0.000006521840      0.000061344536     -0.000034643643
     -0.000080451397     -0.000106691494     -0.000020281482
      0.000024272106     -0.000030689391      0.000034338022
      0.000069594212     -0.000020505000     -0.000000056422
     -0.000029801045      0.000017348571      0.000008737517
     -0.000054445492      0.000124848577      0.000072118287
      0.000002353027     -0.000039786595      0.000030704600
     -0.000057992784      0.000016782571      0.000021280281
     -0.000059696119      0.000048283011      0.000055102474
     -0.000065125019     -0.000265773246     -0.000073412678
     -0.000052291117      0.000016086166      0.000032851911
      0.000050390910     -0.000007263084     -0.000013184236
      0.000037731889     -0.000042649635     -0.000054029919
      0.000038390617     -0.000003238309     -0.000027188288
      0.000011324680     -0.000008765599      0.000000855081
      0.000028094624     -0.000030143084      0.000006580718
      0.000007957533     -0.000004005212      0.000001422871
      0.000029792735     -0.000027566856     -0.000006330041
      0.000008721463     -0.000008654784      0.000004657414
     -0.000036363205      0.000061226979     -0.000003599255
      0.000017244417     -0.000008462519      0.000006886517
      0.000020455466     -0.000007242285      0.000001072887
      0.000009241323     -0.000006284899     -0.000003072257
     -0.000036183319      0.000053932282      0.000017754282
      0.000018462501     -0.000029355393      0.000015573951
      0.000006715653     -0.000004469816      0.000004015704
     -0.000018128699      0.000007185651     -0.000007715215
     -0.000021938571      0.000005647753     -0.000002212752
      0.000008607579     -0.000003505843     -0.000001437622
      0.000021142518     -0.000017551154     -0.000015460731
      0.000013293519     -0.000020112737      0.000017851798
     -0.000015107233      0.000046749646     -0.000014149998
      0.000013498192     -0.000008667661      0.000012075016
      0.000016832176     -0.000004905192     -0.000005033688
      0.000006675172     -0.000003776320     -0.000005539942
     -0.000022481462      0.000032893473      0.000029912698
      0.000011573128     -0.000011011723      0.000014976132
     -0.000008357815      0.000022530295     -0.000018538016
     -0.000011845868      0.000006255616     -0.000010960650
     -0.000018467934      0.000003896311      0.000004285374
      0.000006309114     -0.000001979147     -0.000003526957
      0.000011316169     -0.000008900382     -0.000019031288
     -0.000007963105      0.000008041429     -0.000013500584
      0.000012115975     -0.000002374494     -0.000008566961
      0.000007874743     -0.000004405903     -0.000015024599
     -0.000007026679      0.000013977939      0.000028187379
      0.000009198061     -0.000002383108     -0.000010985984
     -0.000012435128      0.000001057009      0.000006978851
     -0.000003463311      0.000003646593      0.000015258048
     -0.000006787862      0.000001083267      0.000009283898
     -0.000001032772      0.000000233476     -0.000000146772
     -0.000002169232      0.000000375350     -0.000000375477
     -0.000000947757      0.000000328317      0.000000085271
     -0.000002936742      0.000000484825     -0.000001004741
     -0.000000768603      0.000000158086     -0.000000013938
      0.000002647311     -0.000000275150      0.000000953276
     -0.000002212769      0.000000823909      0.000000554117
     -0.000003043355      0.000001351114      0.000000395600
     -0.000001274146      0.000000287236     -0.000000380549
      0.000003517683     -0.000000247850      0.000001937132
     -0.000001773921      0.000000273480     -0.000000152257
     -0.000000738372      0.000000216882      0.000000135759
      0.000002838316     -0.000001308081     -0.000001199652
      0.000003825922     -0.000002166241     -0.000001126881
     -0.000001442088      0.000000558215     -0.000000075106
     -0.000003888954      0.000000467671     -0.000002090089
     -0.000001697619      0.000000294235      0.000000081023
      0.000001947068     -0.000000191979      0.000000504474
     -0.000001772041      0.000000543386      0.000000556027
     -0.000004293903      0.000002094625     -0.000000081350
     -0.000001851865      0.000000324089     -0.000000927727
      0.000004541977      0.000000195641      0.000003802361
     -0.000001652687      0.000000400583      0.000000380675
      0.000001574802     -0.000000216422      0.000000001510
      0.000001945948     -0.000000741912     -0.000000936006
      0.000005410054     -0.000003488306     -0.000000841013
     -0.000002032590      0.000000784257     -0.000000475215
     -0.000005442917     -0.000000159633     -0.000004358570
      0.000001512876     -0.000000393218     -0.000000476843
     -0.000006227497      0.000003062702     -0.000001311543
     -0.000007208693      0.000000120618     -0.000005271815
      0.000005041812      0.000001483723      0.000006033266
     -0.000007662841      0.000002440595     -0.000003297623
      0.000006301047     -0.000004312825      0.000000258923
      0.000007486779      0.000001886649      0.000007473070
      0.000008240200     -0.000003121862      0.000003352183
      0.000001018299      0.000000209223      0.000000438968
      0.000002043351      0.000000046398      0.000001550714
      0.000000789480      0.000000192306      0.000000157837
      0.000003502569      0.000001237859      0.000001351603
      0.000000631963     -0.000000055827      0.000000519684
     -0.000002669096      0.000000162314     -0.000002820281
      0.000001732337      0.000000221109      0.000000519055
      0.000002341653      0.000000953579     -0.000000225193
      0.000001376384      0.000000752850      0.000000088055
     -0.000004935690     -0.000001572539     -0.000003168936
      0.000001313225     -0.000000389535      0.000001599956
      0.000000591595     -0.000000005182      0.000000336680
     -0.000002121553     -0.000000328870     -0.000000355387
     -0.000002654681     -0.000001092050      0.000000578406
      0.000001157007      0.000000668902     -0.000000246322
      0.000005215694      0.000003915505      0.000000056922
      0.000001138067     -0.000000415026      0.000001448607
     -0.000001356032      0.000000639317     -0.000002245112
      0.000001356369     -0.000000109653      0.000000868485
      0.000002644868      0.000002340628     -0.000001827956
      0.000001886600      0.000002143887     -0.000000860514
     -0.000009310510     -0.000006538660     -0.000002610551
      0.000001200147     -0.000000269075      0.000001126604
     -0.000000901736      0.000000510393     -0.000001505530
     -0.000001492760      0.000000037941     -0.000000725477
     -0.000002706791     -0.000002552121      0.000002607104
      0.000001221422      0.000001588181     -0.000001197727
      0.000007029669      0.000010634072     -0.000003862463
     -0.000001078230      0.000000268616     -0.000001041483
      0.000001872036      0.000005013188     -0.000005110303
      0.000003734554      0.000013144649     -0.000008095416
     -0.000013610160     -0.000015898015      0.000001127739
      0.000001120855      0.000008717719     -0.000007923224
     -0.000001197927     -0.000004197609      0.000005389212
     -0.000003435550     -0.000020043487      0.000010956838
      0.000001384295     -0.000008798977      0.000009371644
      0.000001093655      0.000000099142     -0.000001861618
      0.000002145920     -0.000001240213     -0.000006911340
      0.000001510426      0.000000452546     -0.000001452410
      0.000001786987      0.000000406159     -0.000003199818
      0.000001507979     -0.000001367455     -0.000004109115
     -0.000000689799      0.000002210167      0.000008404274
      0.000006806644      0.000001096354     -0.000006047592
      0.000003359006      0.000001833339     -0.000001912241
      0.000000636788      0.000000283753     -0.000000698708
     -0.000001476428     -0.000000036369      0.000004396187
      0.000000980633     -0.000008151764     -0.000013622835
      0.000003054663     -0.000000892145     -0.000004031683
     -0.000010600606     -0.000003885996      0.000005667020
     -0.000004734226     -0.000003285340      0.000001284236
      0.000000908336      0.000000527864     -0.000000552230
      0.000001200449      0.000000576034     -0.000001372422
      0.000002299827     -0.000017548772     -0.000020013064
      0.000002263263      0.000007490670      0.000011876987
      0.000015187517     -0.000007281830     -0.000015636508
      0.000001775781      0.000001254826     -0.000000483903
      0.000000431153      0.000000250636     -0.000000309554
     -0.000001188846     -0.000000477975      0.000002005909
      0.000014857135     -0.000020281167     -0.000022498465
      0.000004458248      0.000020899471      0.000018470598
     -0.000021559227      0.000002731011      0.000012713030
     -0.000002356234     -0.000001987076     -0.000000097149
      0.000000519851      0.000000354123     -0.000000161558
      0.000000876342      0.000000515753     -0.000000705028
     -0.000022114329      0.000028883460      0.000021956948
      0.000001149774      0.000000867194     -0.000000026383
      0.000000833056      0.000000541063     -0.000000398967
     -0.000000793483     -0.000000440187      0.000000982840
      0.000000959182      0.000000685260     -0.000000098797
     -0.000001299775     -0.000001127743     -0.000000379210
     -0.000000686734     -0.000000450177      0.000000406015
     -0.000000827767     -0.000000617289     -0.000000086690
      0.000001646939      0.000000370417      0.000001510901
      0.000006704851      0.000002299645      0.000004484053
      0.000001057857      0.000000046049      0.000002151867
      0.000002969962      0.000000682587      0.000001437415
      0.000003940644      0.000001623465      0.000005170783
     -0.000009397413     -0.000003017052     -0.000001591048
      0.000002367736     -0.000000123754      0.000011729927
      0.000001761553     -0.000000213384      0.000004120683
      0.000000711511      0.000000124977      0.000000487641
     -0.000003825275     -0.000001124456     -0.000000344242
      0.000018700637      0.000010009613      0.000018630451
      0.000002003413      0.000000635005      0.000007930649
      0.000000061287      0.000002340002     -0.000017137628
     -0.000001361026      0.000000795503     -0.000006034715
      0.000000647911      0.000000003025      0.000000885067
      0.000001443423      0.000000314489      0.000000558009
      0.000042903191      0.000035111304      0.000066390523
     -0.000018446560     -0.000006669005     -0.000008362548
     -0.000003639723     -0.000000613881      0.000051953995
      0.000001116305     -0.000000102939      0.000001623046
      0.000000402763      0.000000069310      0.000000219625
     -0.000001889748     -0.000000580832     -0.000000110279
     -0.000004520896      0.000005232521      0.000143214502
     -0.000004085972     -0.000034671482     -0.000023067261
      0.000015558845      0.000006359330     -0.000048984107
     -0.000001137477      0.000000381647     -0.000002552660
      0.000000380900      0.000000006990      0.000000382815
      0.000000862785      0.000000210132      0.000000267759
      0.000157715604      0.000084258309     -0.000302235840
      0.000000754150     -0.000000044184      0.000000868032
      0.000000712005      0.000000145447      0.000000344036
     -0.000000929988     -0.000000309301     -0.000000008844
      0.000000676908      0.000000037194      0.000000585741
     -0.000000731622      0.000000195885     -0.000001226601
     -0.000000600312     -0.000000168020     -0.000000196704
     -0.000000553797     -0.000000005502     -0.000000556118
      0.000005639402     -0.000000011707      0.000000385192
      0.000012702276      0.000003205711      0.000001908530
      0.000004913602     -0.000002431070     -0.000000275063
      0.000013263969      0.000001551615      0.000000705911
      0.000005584580      0.000000308497      0.000000645837
     -0.000013716461     -0.000009068149     -0.000003072783
      0.000012768963     -0.000009253229     -0.000001423928
      0.000012318089     -0.000010800936     -0.000002448947
      0.000005266963     -0.000001013539      0.000000006100
     -0.000014453627     -0.000005839714     -0.000001072540
      0.000013903233      0.000004459869      0.000002511732
      0.000005603275     -0.000002264331     -0.000000154542
     -0.000012019497      0.000017423568      0.000004418495
     -0.000011097648      0.000018660398      0.000005557951
      0.000005467191     -0.000003668537     -0.000000662054
      0.000014043300     -0.000002312569      0.000000576355
      0.000016416211      0.000002656902      0.000001108691
     -0.000011771912     -0.000009124180     -0.000003731345
      0.000014796454     -0.000008978687     -0.000002803958
      0.000012002798     -0.000014284542     -0.000002694860
      0.000005617213     -0.000002839211      0.000000406072
     -0.000016679906     -0.000001879400     -0.000001022398
      0.000017358778     -0.000004740391     -0.000002533627
     -0.000015009598     -0.000005854147     -0.000001817354
     -0.000012526417      0.000014724595      0.000005763481
     -0.000010061859      0.000023557954      0.000006458682
      0.000005332068     -0.000005431178     -0.000000187793
      0.000014387239     -0.000006513868      0.000002883014
     -0.000016351376      0.000006237147      0.000005223793
      0.000010896701     -0.000019008881      0.000000340488
      0.000013258246     -0.000010915650      0.000004711398
     -0.000013999129      0.000002967925     -0.000002882782
      0.000011613742     -0.000017751083      0.000004070921
     -0.000006580754      0.000025309236      0.000002585491
     -0.000012124052      0.000009012800     -0.000005956641
     -0.000008052746      0.000019772923     -0.000005393039
      0.000000003573     -0.000000361577      0.000000858569
      0.000000414319     -0.000000993375      0.000002374139
     -0.000000077865     -0.000000428104      0.000000890232
     -0.000000142506     -0.000000631708      0.000001689396
      0.000000356317     -0.000000572128      0.000001210893
     -0.000000611307      0.000001061742     -0.000002817694
      0.000000110548     -0.000001848313      0.000003226714
     -0.000000620871     -0.000000982343      0.000002074960
     -0.000000131040     -0.000000194636      0.000000514866
      0.000000069388      0.000000698358     -0.000002055270
      0.000001648092     -0.000001593997      0.000003437158
      0.000000316970     -0.000000768752      0.000001407177
      0.000000291783      0.000003155319     -0.000004769274
      0.000001184775      0.000001543491     -0.000002925174
     -0.000000232197     -0.000000251352      0.000000613710
     -0.000000359254     -0.000000384291      0.000001096073
      0.000002950074     -0.000002348338      0.000004704655
     -0.000001694772      0.000001353708     -0.000003361297
      0.000001945887     -0.000003310744      0.000005225508
     -0.000000733482     -0.000000487162      0.000001195494
     -0.000000179070     -0.000000122401      0.000000348452
      0.000000340117      0.000000475799     -0.000001423101
      0.000003484286     -0.000003564743      0.000005782642
     -0.000003647858      0.000002123731     -0.000004659633
     -0.000002345464      0.000005181082     -0.000007165599
      0.000001244988      0.000000688677     -0.000001574614
     -0.000000246164     -0.000000135580      0.000000361495
     -0.000000439592     -0.000000261568      0.000000785682
     -0.000005339260      0.000004851956     -0.000007091027
     -0.000000715094     -0.000000289729      0.000000742040
     -0.000000506998     -0.000000225413      0.000000665736
      0.000000395673      0.000000283371     -0.000000886982
     -0.000000623953     -0.000000232277      0.000000632597
      0.000000978442      0.000000322073     -0.000000779379
      0.000000459600      0.000000194488     -0.000000608722
      0.000000632437      0.000000197398     -0.000000511728
      0.000037686441      0.000043873338      0.000026000683
      0.000049082095      0.000172517123      0.000097565819
      0.000027868630      0.000010024984      0.000012054511
      0.000079034298      0.000177940298      0.000060680780
      0.000022331264      0.000038903703      0.000036967536
      0.000152089271     -0.000314794387     -0.000086768615
      0.000057542270      0.000013034526      0.000034327943
      0.000061687533      0.000014329440      0.000012855136
      0.000033004732      0.000034062873      0.000008230075
      0.000085920483     -0.000431906174     -0.000081111257
     -0.000021082413      0.000155753601      0.000129977822
      0.000020807832      0.000011250373      0.000021303517
     -0.000056653531     -0.000001123690     -0.000029283778
     -0.000058694837     -0.000005132200     -0.000009476091
      0.000027201686      0.000010702101      0.000001944172
      0.000073119271      0.000146851209      0.000009907070
     -0.000019411379      0.000103709996      0.000096343082
      0.000237260820     -0.000262312002     -0.000149816852
      0.000036496177      0.000015927407      0.000050403831
      0.000047101702      0.000014292087     -0.000008491650
      0.000018951637      0.000025423047     -0.000009916061
      0.000073403705     -0.000392396066     -0.000005792408
      0.000019348499      0.000033203659      0.000063141459
      0.000092308129     -0.000145796730     -0.000077739178
     -0.000033414024     -0.000002899888     -0.000038584566
     -0.000045105250     -0.000006358480      0.000010308231
      0.000016549575      0.000008742949     -0.000007833958
      0.000004625625      0.000060871942     -0.000028261734
     -0.000011453695     -0.000019090019     -0.000048332524
      0.000023688638      0.000010207045     -0.000021920883
      0.000005880662      0.000022232580     -0.000023175045
      0.000079947548     -0.000097422572     -0.000008623854
      0.000012300655      0.000010714168     -0.000023200029
     -0.000022234477     -0.000003659831      0.000019872749
      0.000001589072     -0.000015662827      0.000017327962
     -0.000006434645     -0.000005106468      0.000018705927
     -0.000000967119      0.000000061531      0.000000200094
     -0.000002168177      0.000000105139     -0.000000085262
     -0.000000684194      0.000000132153      0.000000363824
     -0.000003008273     -0.000000130448      0.000000794018
     -0.000000684359      0.000000098669     -0.000000001850
      0.000003085298      0.000000120751      0.000000711945
     -0.000001473901      0.000000365191      0.000000844224
     -0.000001739505      0.000000488896      0.000001651116
     -0.000001070661      0.000000020717      0.000000634500
      0.000004371514      0.000000713781     -0.000000592871
     -0.000001583504      0.000000250952     -0.000000314794
     -0.000000564424      0.000000124457      0.000000165998
      0.000001636636     -0.000000519873     -0.000001433583
      0.000001670652     -0.000000712998     -0.000002438516
     -0.000000856580      0.000000193792      0.000000843307
     -0.000003324899     -0.000000247259      0.000002636264
     -0.000001353328      0.000000311053     -0.000000161710
      0.000001862014     -0.000000197166      0.000000804516
     -0.000001263001      0.000000334820      0.000000463651
     -0.000001612790      0.000000751944      0.000002929563
     -0.000001043283      0.000000113427      0.000001513710
      0.000005249145      0.000001287576     -0.000003502620
     -0.000001230060      0.000000322013      0.000000199615
      0.000001218172     -0.000000312197      0.000000302347
      0.000001234176     -0.000000366204     -0.000000791682
      0.000001276781     -0.000001118598     -0.000003903537
     -0.000000681446      0.000000347823      0.000001520704
     -0.000002501489      0.000000321747      0.000006027293
      0.000001082532     -0.000000309483     -0.000000265011
     -0.000000665655      0.000001544010      0.000005061821
     -0.000000711716      0.000001569125      0.000007250256
      0.000003404376      0.000000692498     -0.000007796741
      0.000000183458      0.000002147153      0.000006395204
     -0.000000073097     -0.000001919506     -0.000005677232
     -0.000000535614     -0.000001990388     -0.000008550963
     -0.000001607378     -0.000002828081     -0.000006737804
     -0.000003312376      0.000001210410      0.000002121078
     -0.000011141821      0.000005989122      0.000009493875
     -0.000002714482      0.000000845596      0.000000800731
     -0.000006179559      0.000001726316      0.000005149499
     -0.000006120678      0.000003676936      0.000003387399
      0.000013750643     -0.000008804730     -0.000018782276
     -0.000008940918      0.000003050398      0.000000911825
     -0.000005515428      0.000001273198      0.000001058532
     -0.000001689058      0.000000342124      0.000001099691
      0.000007437689     -0.000002111131     -0.000008981145
     -0.000022212901      0.000020552385      0.000016994738
     -0.000005142389      0.000002258355      0.000000798132
      0.000010048153     -0.000002685590      0.000001173752
      0.000006498028     -0.000001337014     -0.000000058183
     -0.000001776697      0.000000354203      0.000000634247
     -0.000003507882      0.000000520760      0.000002849389
     -0.000030970607      0.000027074333      0.000009373270
      0.000020644926     -0.000028417417     -0.000032496068
     -0.000016692834      0.000006401221     -0.000002270640
     -0.000003308491      0.000000551737      0.000000959657
     -0.000001077134      0.000000137071      0.000000727947
      0.000004381469     -0.000000542044     -0.000004847275
     -0.000025975540      0.000013313179     -0.000003172094
      0.000037363050     -0.000044397950     -0.000013151083
      0.000014830247     -0.000003367889      0.000005812832
      0.000004071344     -0.000000642939     -0.000000486763
     -0.000001093710      0.000000152245      0.000000466779
     -0.000002406474      0.000000197659      0.000001975025
      0.000028542961     -0.000010062864      0.000011328422
     -0.000002427878      0.000000257152      0.000000781328
     -0.000002157326      0.000000146667      0.000001462543
      0.000002576756     -0.000000165889     -0.000002821008
     -0.000002210532      0.000000182263      0.000000983008
      0.000002639829     -0.000000286722     -0.000000454695
      0.000001961852     -0.000000070459     -0.000001544256
      0.000001930862     -0.000000158252     -0.000000702323
     -0.000000266894      0.000000296717      0.000000568933
     -0.000000363133      0.000000985139      0.000001621459
     -0.000000328597      0.000000263304      0.000000495168
     -0.000000712459      0.000000551849      0.000001227521
     -0.000000099613      0.000000529073      0.000000719130
      0.000000234156     -0.000001337424     -0.000002188761
     -0.000000879503      0.000001045708      0.000001580456
     -0.000001108104      0.000000483160      0.000001062525
     -0.000000315804      0.000000133921      0.000000345260
      0.000000763499     -0.000000763483     -0.000001665936
      0.000000146692      0.000001723837      0.000001978049
     -0.000000204375      0.000000541677      0.000000695814
      0.000001524113     -0.000001428475     -0.000002017104
      0.000001681488     -0.000000598540     -0.000001278196
     -0.000000413325      0.000000127868      0.000000341348
     -0.000000835937      0.000000281961      0.000000778126
      0.000000329323      0.000002314155      0.000002076496
     -0.000000375535     -0.000001848785     -0.000002192517
     -0.000000499320      0.000002032195      0.000002048456
     -0.000001106861      0.000000162001      0.000000556844
     -0.000000355415      0.000000068838      0.000000209831
      0.000001003704     -0.000000431580     -0.000001146551
     -0.000000038580      0.000002506546      0.000002093049
     -0.000000662208     -0.000002481546     -0.000001891013
      0.000000977878     -0.000002440939     -0.000002272582
      0.000001608998     -0.000000142100     -0.000000587248
     -0.000000409738      0.000000044985      0.000000166540
     -0.000000924030      0.000000172073      0.000000467475
      0.000000003191     -0.000003000393     -0.000002059978
     -0.000001116874      0.000000030219      0.000000177613
     -0.000000981164      0.000000116994      0.000000261712
      0.000000924410     -0.000000250429     -0.000000635624
     -0.000001068327      0.000000047848      0.000000107860
      0.000001363398      0.000000044759     -0.000000044888
      0.000000933234     -0.000000128640     -0.000000214245
      0.000001054898     -0.000000005945      0.000000080760
     -0.000001389031     -0.000000441215      0.000000150293
     -0.000002653219     -0.000000703236      0.000000155375
     -0.000001209736     -0.000000517883      0.000000369912
     -0.000004565811     -0.000001250512     -0.000000199475
     -0.000000860322     -0.000000252376      0.000000159128
      0.000003399981      0.000000712745      0.000000232920
     -0.000002489884     -0.000001139216      0.000001081996
     -0.000004418526     -0.000002318819      0.000001687481
     -0.000002248645     -0.000000716546     -0.000000075346
      0.000005634240      0.000001165172      0.000001248844
     -0.000001932472     -0.000000476149      0.000000267850
     -0.000000809278     -0.000000307258      0.000000288822
      0.000003159529      0.000001749813     -0.000001851338
      0.000005376795      0.000003580634     -0.000003140465
     -0.000002498766     -0.000001163430      0.000000539680
     -0.000008283022     -0.000002091571     -0.000002295789
     -0.000001736506     -0.000000469562      0.000000405478
      0.000002212532      0.000000436717     -0.000000015068
     -0.000001841927     -0.000000741519      0.000000845543
     -0.000008944294     -0.000005018249      0.000002285584
     -0.000004904482     -0.000001311600     -0.000001773419
      0.000009618139      0.000001749489      0.000004884572
     -0.000001685572     -0.000000579195      0.000000654217
      0.000001559979      0.000000370156     -0.000000283213
      0.000001948079      0.000000942557     -0.000001215650
      0.000010518765      0.000008380496     -0.000005481017
     -0.000005737231     -0.000002317523     -0.000000110190
     -0.000013484565     -0.000002564760     -0.000017351501
      0.000001514799      0.000000551065     -0.000000706714
     -0.000026044798     -0.000009431441      0.000000196585
     -0.000004608946      0.000001221332     -0.000067595913
      0.000010230708      0.000001250217      0.000018571932
     -0.000048977499      0.000012698581     -0.000045597201
      0.000024447573      0.000018604666     -0.000011722100
     -0.000082302827      0.000021276742      0.000107085010
      0.000108413930     -0.000040763833      0.000069701513
      0.000009271711      0.000003438426      0.000002576900
      0.000026866072      0.000012059693      0.000015212370
      0.000005139168      0.000001404153      0.000000986263
      0.000024715775      0.000014769941      0.000002744645
      0.000007704238      0.000002002024      0.000006414681
     -0.000038582292     -0.000034351941     -0.000028463414
      0.000010636280      0.000003339582      0.000005243270
      0.000010785257      0.000003961498     -0.000001057303
      0.000006435061      0.000003276858     -0.000001153841
     -0.000036515337     -0.000036004542     -0.000005882190
      0.000019706772      0.000006562881      0.000025820561
      0.000004506348      0.000000800577      0.000003927616
     -0.000010731484     -0.000005770175     -0.000005535930
     -0.000010779822     -0.000005648339      0.000001598343
      0.000004659197      0.000001722174     -0.000001336187
      0.000014508601      0.000011009945     -0.000006815925
      0.000010113611     -0.000001833950      0.000024028677
     -0.000025324657     -0.000021976538     -0.000039098409
      0.000006424095      0.000001038035      0.000012369423
      0.000007360531      0.000003485827     -0.000004628505
      0.000003208436      0.000002286587     -0.000002900666
     -0.000018814471     -0.000024293247      0.000011076596
      0.000003921071     -0.000002166965      0.000016573631
     -0.000006464789      0.000003601404     -0.000026949942
     -0.000005304621     -0.000003649149     -0.000011642859
     -0.000007576330     -0.000004707265      0.000005056129
      0.000002492513      0.000001426003     -0.000002359012
      0.000004722554      0.000006029057     -0.000008576582
      0.000001282691      0.000002290777     -0.000014799503
      0.000003693696      0.000003029646     -0.000005799365
      0.000002061818      0.000003828366     -0.000007139480
     -0.000004492273     -0.000010080320      0.000011510416
      0.000002259587      0.000002942667     -0.000006248682
     -0.000003618337     -0.000003348044      0.000005760629
     -0.000000370351     -0.000003515447      0.000006965065
     -0.000001211738     -0.000002489205      0.000005486964
     -0.000002881728     -0.000011711049     -0.000002211217
     -0.000014138363     -0.000029771131     -0.000003166829
     -0.000000415331     -0.000007122353     -0.000000923764
     -0.000011765412     -0.000035583528     -0.000013111039
     -0.000004182793     -0.000008700447      0.000000173531
      0.000039545795      0.000049248378      0.000008973127
     -0.000001387289     -0.000015117405     -0.000000077185
      0.000001308336     -0.000017238464     -0.000004069041
     -0.000001791739     -0.000010602781     -0.000005181157
      0.000036471248      0.000055093823      0.000026362645
     -0.000017753359     -0.000020256721      0.000000646732
     -0.000001638679     -0.000006072294      0.000000459994
     -0.000000029222      0.000015544743     -0.000000329629
     -0.000002704247      0.000017319801      0.000003824221
      0.000000253092     -0.000007951774     -0.000003347564
     -0.000009353986     -0.000030959759     -0.000023219864
     -0.000012825955     -0.000013745992      0.000001714045
      0.000035870148      0.000025567470      0.000002575543
     -0.000003927060     -0.000012010960      0.000002139780
      0.000000929061     -0.000014687000     -0.000008716744
     -0.000002417404     -0.000007746306     -0.000007715330
      0.000031946416      0.000055189403      0.000047728051
     -0.000006645999     -0.000011218035      0.000002500680
      0.000015521330      0.000010234142     -0.000000336798
      0.000002292740      0.000010863197     -0.000002213032
     -0.000002321450      0.000014958745      0.000008506955
     -0.000000423582     -0.000005804068     -0.000005046701
     -0.000014170705     -0.000016503354     -0.000026649725
      0.000005454793      0.000008172258     -0.000002169675
     -0.000001097043     -0.000010595957     -0.000011847622
     -0.000010249429     -0.000010602547     -0.000021292377
      0.000032461981      0.000020662312      0.000043891047
     -0.000004008708     -0.000009090713     -0.000014762681
     -0.000000712928      0.000010116669      0.000010178588
      0.000014509452      0.000007239206      0.000022191961
      0.000002919527      0.000006679775      0.000012167377
     -0.000000980409     -0.000000220039     -0.000000207652
     -0.000003272546     -0.000000602408     -0.000000630531
     -0.000000799415     -0.000000135053     -0.000000352428
     -0.000002012194     -0.000000630111     -0.000000046779
     -0.000001563849     -0.000000065172     -0.000000770347
      0.000004543282      0.000001210664     -0.000000146758
     -0.000002443846     -0.000000227937     -0.000001780444
     -0.000001801671     -0.000000327084     -0.000000755096
     -0.000000575967     -0.000000179321     -0.000000032445
      0.000002706252      0.000001035121     -0.000000363660
     -0.000006282757      0.000000539599     -0.000002986406
     -0.000001189567     -0.000000009815     -0.000001015531
      0.000002802244      0.000000081988      0.000002712913
      0.000002280430      0.000000322066      0.000001266314
     -0.000000613854     -0.000000147986     -0.000000144521
     -0.000001310527     -0.000000502721      0.000000119183
     -0.000006740059      0.000003076522     -0.000007168631
      0.000008496291      0.000000510793      0.000001130622
     -0.000002923667      0.000000550569     -0.000004831190
     -0.000001283856     -0.000000308952     -0.000000288625
     -0.000000434227     -0.000000159191      0.000000027783
      0.000001721372      0.000000785171     -0.000000388300
     -0.000003282846      0.000002265361     -0.000008064529
      0.000010484895     -0.000006378171      0.000009577363
      0.000002529660     -0.000000500180      0.000005321941
      0.000001646513      0.000000309089      0.000000581754
     -0.000000448641     -0.000000132757     -0.000000035671
     -0.000001038490     -0.000000440470      0.000000189958
      0.000000921932     -0.000002799401      0.000010878308
     -0.000001069186     -0.000000301115     -0.000000092173
     -0.000000975988     -0.000000394467      0.000000166382
      0.000001139240      0.000000570307     -0.000000351256
     -0.000001010108     -0.000000334767      0.000000039605
      0.000001199050      0.000000281040      0.000000221127
      0.000000907072      0.000000405119     -0.000000227437
      0.000000933840      0.000000295103     -0.000000028168
     -0.000000469741      0.000000073934      0.000001343971
     -0.000000498079     -0.000000082367      0.000004188657
     -0.000000754425      0.000000343276      0.000001229820
     -0.000001002457     -0.000000018535      0.000002413141
     -0.000000085867      0.000000104788      0.000002395073
      0.000000157954      0.000000525936     -0.000004857736
     -0.000002739089      0.000001852275      0.000005091372
     -0.000002328237      0.000001059108      0.000002172692
     -0.000000430849      0.000000055282      0.000000618427
      0.000000890408      0.000000320940     -0.000003086971
      0.000001390742     -0.000000197670      0.000007368254
     -0.000000587149      0.000000591442      0.000002745707
      0.000005923005     -0.000004605059     -0.000006800190
      0.000003833828     -0.000002131503     -0.000002063204
     -0.000000668208      0.000000216681      0.000000613587
     -0.000000940326      0.000000027156      0.000001254427
      0.000003449008      0.000000313615      0.000011092275
     -0.000001912065      0.000000816343     -0.000006908646
     -0.000001652410      0.000003654660      0.000012032285
     -0.000001564401      0.000000568597      0.000000852667
     -0.000000373374      0.000000046029      0.000000331587
      0.000001012517      0.000000183104     -0.000001756026
      0.000002397838      0.000002800685      0.000015041551
     -0.000005502244      0.000000160651     -0.000010873117
      0.000006331888     -0.000008350030     -0.000014974744
      0.000002406065     -0.000001120845     -0.000000664644
     -0.000000468085      0.000000126869      0.000000265096
     -0.000000839890      0.000000051018      0.000000719000
     -0.000004787169     -0.000005229883     -0.000020352462
     -0.000001140786      0.000000370526      0.000000334892
     -0.000000843526      0.000000119766      0.000000484426
      0.000000814482      0.000000054940     -0.000000897324
     -0.000000951135      0.000000247563      0.000000306142
      0.000001426426     -0.000000614421     -0.000000084604
      0.000000737928     -0.000000074056     -0.000000432179
      0.000000847846     -0.000000260543     -0.000000138693

Dipole moment:   -0.12852311    0.07639733   -0.24295670 au
Dipole moment:   -0.32667318    0.19418265   -0.61753437 Debye


